=== RUN   TestAgreementRejectsWrongLoweredOutput
=== PAUSE TestAgreementRejectsWrongLoweredOutput
=== RUN   TestAgreementRejectsEmptyAnswer
=== PAUSE TestAgreementRejectsEmptyAnswer
=== RUN   TestAgreementAcceptsComputedAnswer
=== PAUSE TestAgreementAcceptsComputedAnswer
=== RUN   TestAgreementAcceptsExpectedPanic
=== PAUSE TestAgreementAcceptsExpectedPanic
=== RUN   TestAgreementEnumConstantWitness
=== PAUSE TestAgreementEnumConstantWitness
=== RUN   TestAgreementInheritedFieldWitness
=== PAUSE TestAgreementInheritedFieldWitness
=== RUN   TestAgreementParameterPropertyWitness
=== PAUSE TestAgreementParameterPropertyWitness
=== RUN   TestAgreementStaticInitializerWitness
=== PAUSE TestAgreementStaticInitializerWitness
=== RUN   TestAgreementParseIntRadixWitness
=== PAUSE TestAgreementParseIntRadixWitness
=== RUN   TestNativeAgreementRejectsWrongOutput
=== PAUSE TestNativeAgreementRejectsWrongOutput
=== RUN   TestNativeAgreementRejectsWrongExit
=== PAUSE TestNativeAgreementRejectsWrongExit
=== RUN   TestArgumentsLengthRefusals
=== PAUSE TestArgumentsLengthRefusals
=== RUN   TestArgumentsLengthReadNeighbors
=== PAUSE TestArgumentsLengthReadNeighbors
=== RUN   TestArgumentsLengthRefusalFixtures
=== PAUSE TestArgumentsLengthRefusalFixtures
=== RUN   TestArgumentsLengthReadKeepsReaderFact
=== PAUSE TestArgumentsLengthReadKeepsReaderFact
=== RUN   TestArrayPredicatePreservesDeclaredElementContract
=== PAUSE TestArrayPredicatePreservesDeclaredElementContract
=== RUN   TestArrayPredicateCannotInventAnElementContract
=== PAUSE TestArrayPredicateCannotInventAnElementContract
=== RUN   TestArrayPredicateDoesNotMisclassifyNativeTuples
=== PAUSE TestArrayPredicateDoesNotMisclassifyNativeTuples
=== RUN   TestUnknownArrayPredicateRefusesUnrepresentedObservations
=== PAUSE TestUnknownArrayPredicateRefusesUnrepresentedObservations
=== RUN   TestArrayPredicateCoexistsWithUnknownReflection
=== PAUSE TestArrayPredicateCoexistsWithUnknownReflection
=== RUN   TestStep18DetachedCallableOrigins
=== PAUSE TestStep18DetachedCallableOrigins
=== RUN   TestStep18UnknownDetachedCallable
=== PAUSE TestStep18UnknownDetachedCallable
=== RUN   TestUncheckableCastsStayRefused
=== PAUSE TestUncheckableCastsStayRefused
=== RUN   TestCheckedCastProofAndElision
=== PAUSE TestCheckedCastProofAndElision
=== RUN   TestCensusMarkerResultIsAssignable
=== PAUSE TestCensusMarkerResultIsAssignable
=== RUN   TestCensusMarkerZeroCallIsNotAssumedSafe
=== PAUSE TestCensusMarkerZeroCallIsNotAssumedSafe
=== RUN   TestOptionalFunctionValueRelation
=== PAUSE TestOptionalFunctionValueRelation
=== RUN   TestOverloadedShorthandFunctionValueStaysNotYet
=== PAUSE TestOverloadedShorthandFunctionValueStaysNotYet
=== RUN   TestCensusOverloadBinderGuards
=== PAUSE TestCensusOverloadBinderGuards
=== RUN   TestCensusOverloadReturnProof
=== PAUSE TestCensusOverloadReturnProof
=== RUN   TestCensusPredicateInteractionBoundary
=== PAUSE TestCensusPredicateInteractionBoundary
=== RUN   TestCensusPredicateInteractionEscapes
=== PAUSE TestCensusPredicateInteractionEscapes
=== RUN   TestCensusPredicateMarkerKeepsProofBoundaries
=== PAUSE TestCensusPredicateMarkerKeepsProofBoundaries
=== RUN   TestCensusPredicateMarkerCallStaysNotYet
=== PAUSE TestCensusPredicateMarkerCallStaysNotYet
=== RUN   TestCensusOverloadRelation
=== PAUSE TestCensusOverloadRelation
=== RUN   TestCensusSmallFiniteKeyRead
=== PAUSE TestCensusSmallFiniteKeyRead
=== RUN   TestCensusRestMutableElements
=== PAUSE TestCensusRestMutableElements
=== RUN   TestCensusBooleanDeadBranch
=== PAUSE TestCensusBooleanDeadBranch
=== RUN   TestCheckPragmasAreRefused
=== PAUSE TestCheckPragmasAreRefused
=== RUN   TestCheckPragmaNeighborsCompile
=== PAUSE TestCheckPragmaNeighborsCompile
=== RUN   TestTsgoHonorsNoCheckInAdamicFiles
=== PAUSE TestTsgoHonorsNoCheckInAdamicFiles
=== RUN   TestClassFeaturesReadonlyChecker
=== PAUSE TestClassFeaturesReadonlyChecker
=== RUN   TestClassFeaturesPrivateChecker
=== PAUSE TestClassFeaturesPrivateChecker
=== RUN   TestClassFeaturesPrivateStorage
=== PAUSE TestClassFeaturesPrivateStorage
=== RUN   TestClassFeaturesAccessorRefusals
=== PAUSE TestClassFeaturesAccessorRefusals
=== RUN   TestClassFeaturesStaticDeclarationsExecute
=== PAUSE TestClassFeaturesStaticDeclarationsExecute
=== RUN   TestClassFeaturesStaticSoundness
=== PAUSE TestClassFeaturesStaticSoundness
=== RUN   TestClassFeaturesAccessorCaptureCycle
=== PAUSE TestClassFeaturesAccessorCaptureCycle
=== RUN   TestClassFeaturesNarrowedAccessor
=== PAUSE TestClassFeaturesNarrowedAccessor
=== RUN   TestClassFeaturesStaticParentCycle
=== PAUSE TestClassFeaturesStaticParentCycle
=== RUN   TestClassFeaturesStaticInterfaceCycle
=== PAUSE TestClassFeaturesStaticInterfaceCycle
=== RUN   TestInheritanceRefusesUnsoundOverrides
=== PAUSE TestInheritanceRefusesUnsoundOverrides
=== RUN   TestInheritanceKeepsCheckerConstructorRules
=== PAUSE TestInheritanceKeepsCheckerConstructorRules
=== RUN   TestInheritanceAllowsSoundOverrides
=== PAUSE TestInheritanceAllowsSoundOverrides
=== RUN   TestInheritanceHasClassIdentity
=== PAUSE TestInheritanceHasClassIdentity
=== RUN   TestInheritanceCycleFinderIncludesInheritedFields
=== PAUSE TestInheritanceCycleFinderIncludesInheritedFields
=== RUN   TestInheritanceRejectsUnsupportedConstructorShapes
=== PAUSE TestInheritanceRejectsUnsupportedConstructorShapes
=== RUN   TestInheritanceRefusesFalseNominalViews
=== PAUSE TestInheritanceRefusesFalseNominalViews
=== RUN   TestInheritanceRefusesThisBeforeSuperReturns
=== PAUSE TestInheritanceRefusesThisBeforeSuperReturns
=== RUN   TestInheritanceKeepsNominalTupleDestructuring
=== PAUSE TestInheritanceKeepsNominalTupleDestructuring
=== RUN   TestInheritanceGenericMonomorphizations
=== PAUSE TestInheritanceGenericMonomorphizations
=== RUN   TestInheritanceRefusesGrowingGenericClasses
=== PAUSE TestInheritanceRefusesGrowingGenericClasses
=== RUN   TestInheritanceGenericSoundness
=== PAUSE TestInheritanceGenericSoundness
=== RUN   TestInheritanceConditionalThisRules
=== PAUSE TestInheritanceConditionalThisRules
=== RUN   TestInheritanceGenericViewsKeepNominalArguments
=== PAUSE TestInheritanceGenericViewsKeepNominalArguments
=== RUN   TestInheritanceGenericNominalConstraints
=== PAUSE TestInheritanceGenericNominalConstraints
=== RUN   TestInheritanceGenericFactoryLayouts
=== PAUSE TestInheritanceGenericFactoryLayouts
=== RUN   TestInheritanceNativeSignatureNeighbors
=== PAUSE TestInheritanceNativeSignatureNeighbors
=== RUN   TestInheritanceNativeSignatureLimits
=== PAUSE TestInheritanceNativeSignatureLimits
=== RUN   TestClassArgumentsUseCheckerIdentity
=== PAUSE TestClassArgumentsUseCheckerIdentity
=== RUN   TestClassStaticInitializerCallIsEmitted
=== PAUSE TestClassStaticInitializerCallIsEmitted
=== RUN   TestClassStaticSideEffectMatchesNode
=== PAUSE TestClassStaticSideEffectMatchesNode
=== RUN   TestClassWrongOutputIteratorReceiver
=== PAUSE TestClassWrongOutputIteratorReceiver
=== RUN   TestClassWrongOutputKeysRepair
=== PAUSE TestClassWrongOutputKeysRepair
=== RUN   TestClassWrongOutputPrivateRepair
=== PAUSE TestClassWrongOutputPrivateRepair
=== RUN   TestClockGenericReturnsT01Shapes
=== PAUSE TestClockGenericReturnsT01Shapes
=== RUN   TestClockGenericReturnsT01DeclinesBrandedPrimitives
=== PAUSE TestClockGenericReturnsT01DeclinesBrandedPrimitives
=== RUN   TestClockGenericReturnsT01RejectsNullBeforeBody
=== PAUSE TestClockGenericReturnsT01RejectsNullBeforeBody
=== RUN   TestClockGenericReturnsT01RejectsIndexBeforeBody
=== PAUSE TestClockGenericReturnsT01RejectsIndexBeforeBody
=== RUN   TestConstructorCacheOneArgumentRemainsNotYet
=== PAUSE TestConstructorCacheOneArgumentRemainsNotYet
=== RUN   TestDefiniteAssignmentUsesReadiness
=== PAUSE TestDefiniteAssignmentUsesReadiness
=== RUN   TestDefiniteAssignmentSoundNeighbors
=== PAUSE TestDefiniteAssignmentSoundNeighbors
=== RUN   TestNestedEmptyArrayElementKinds
=== PAUSE TestNestedEmptyArrayElementKinds
=== RUN   TestEmptyLiteralGenericReturnUsesSamePath
=== PAUSE TestEmptyLiteralGenericReturnUsesSamePath
=== RUN   TestEntriesAllocationProof
=== PAUSE TestEntriesAllocationProof
=== RUN   TestEntriesRecordBoundaries
=== PAUSE TestEntriesRecordBoundaries
=== RUN   TestFlagEnumsOpen
=== PAUSE TestFlagEnumsOpen
=== RUN   TestFlagEnumsDomain
=== PAUSE TestFlagEnumsDomain
=== RUN   TestEnumNeverDefault
=== PAUSE TestEnumNeverDefault
=== RUN   TestFlagEnumLiteralSpellings
=== PAUSE TestFlagEnumLiteralSpellings
=== RUN   TestFlagEnumMemberAliases
=== PAUSE TestFlagEnumMemberAliases
=== RUN   TestEnumNameEnumeration
=== PAUSE TestEnumNameEnumeration
=== RUN   TestFlagEnumInlineIteration
=== PAUSE TestFlagEnumInlineIteration
=== RUN   TestFlagEnumAliasBoundaries
=== PAUSE TestFlagEnumAliasBoundaries
=== RUN   TestEnumMemberValuesAndReverseNameMatchNode
=== PAUSE TestEnumMemberValuesAndReverseNameMatchNode
=== RUN   TestEnumFlagProofsWithoutObservableLoweringEffect
=== PAUSE TestEnumFlagProofsWithoutObservableLoweringEffect
=== RUN   TestEnumReverseMappingUsesSingleSlot
=== PAUSE TestEnumReverseMappingUsesSingleSlot
=== RUN   TestEnumInitializationReach
=== PAUSE TestEnumInitializationReach
=== RUN   TestEnumInitializationGraphMemo
=== PAUSE TestEnumInitializationGraphMemo
=== RUN   TestEnumNamespaceSharedCycle
=== PAUSE TestEnumNamespaceSharedCycle
=== RUN   TestNumericEnumsAreOpen
=== PAUSE TestNumericEnumsAreOpen
=== RUN   TestStringEnumsStayClosed
=== PAUSE TestStringEnumsStayClosed
=== RUN   TestNumericEnumNeverProof
=== PAUSE TestNumericEnumNeverProof
=== RUN   TestNumericEnumLiteralPromises
=== PAUSE TestNumericEnumLiteralPromises
=== RUN   TestEnumSlotViews
=== PAUSE TestEnumSlotViews
=== RUN   TestEnumSwitchExhaustiveness
=== PAUSE TestEnumSwitchExhaustiveness
=== RUN   TestEnumLimitsStayLoud
=== PAUSE TestEnumLimitsStayLoud
=== RUN   TestConstEnumErasesRuntimeObject
=== PAUSE TestConstEnumErasesRuntimeObject
=== RUN   TestEnumIdentityAcrossModules
=== PAUSE TestEnumIdentityAcrossModules
=== RUN   TestParserFactoryCompletionBeforeReturn
=== PAUSE TestParserFactoryCompletionBeforeReturn
=== RUN   TestParserFactoryCompletionAlias
=== PAUSE TestParserFactoryCompletionAlias
=== RUN   TestParserFactoryCompletionBothBranches
=== PAUSE TestParserFactoryCompletionBothBranches
=== RUN   TestParserFactoryCompletionOneBranch
=== PAUSE TestParserFactoryCompletionOneBranch
=== RUN   TestParserFactoryCompletionBeforeEscape
=== PAUSE TestParserFactoryCompletionBeforeEscape
=== RUN   TestParserFactoryCompletionWrongPayloadAssertion
=== PAUSE TestParserFactoryCompletionWrongPayloadAssertion
=== RUN   TestParserFactoryCompletionEarlyReturn
=== PAUSE TestParserFactoryCompletionEarlyReturn
=== RUN   TestParserFactoryCompletionLoopMayNotRun
=== PAUSE TestParserFactoryCompletionLoopMayNotRun
=== RUN   TestParserFactoryCompletionCaptured
=== PAUSE TestParserFactoryCompletionCaptured
=== RUN   TestParserFactoryCompletionShortCircuit
=== PAUSE TestParserFactoryCompletionShortCircuit
=== RUN   TestParserFactoryReadBeforeCompletion
=== PAUSE TestParserFactoryReadBeforeCompletion
=== RUN   TestReadonlyFieldsAreJudgedByTheirConstructorsWrites
=== PAUSE TestReadonlyFieldsAreJudgedByTheirConstructorsWrites
=== RUN   TestParseIntMapUsesIndexRadix
=== PAUSE TestParseIntMapUsesIndexRadix
=== RUN   TestFSOpenStringFlagsLower
=== PAUSE TestFSOpenStringFlagsLower
=== RUN   TestFSRemoveDefaultRetryDelayLowers
=== PAUSE TestFSRemoveDefaultRetryDelayLowers
=== RUN   TestFSExistsOperation
=== PAUSE TestFSExistsOperation
=== RUN   TestFSStatThrowsByDefault
=== PAUSE TestFSStatThrowsByDefault
=== RUN   TestFunctionValueUnionViewsStayNotYet
=== PAUSE TestFunctionValueUnionViewsStayNotYet
=== RUN   TestGeneratorNextPromiseNeedsResumeProof
=== PAUSE TestGeneratorNextPromiseNeedsResumeProof
=== RUN   TestGeneratorPrimitiveThrowRemainsExplicit
=== PAUSE TestGeneratorPrimitiveThrowRemainsExplicit
=== RUN   TestGeneratorOpaqueReceiverRemainsExplicit
=== PAUSE TestGeneratorOpaqueReceiverRemainsExplicit
=== RUN   TestGeneratorNestedFrameCaptureRemainsExplicit
=== PAUSE TestGeneratorNestedFrameCaptureRemainsExplicit
=== RUN   TestGeneratorEmptyBodyUsesOwnedFrame
=== PAUSE TestGeneratorEmptyBodyUsesOwnedFrame
=== RUN   TestGeneratorProtocolReplacementRemainsExplicit
=== PAUSE TestGeneratorProtocolReplacementRemainsExplicit
=== RUN   TestGeneratorDestructuredParameterCycle
=== PAUSE TestGeneratorDestructuredParameterCycle
=== RUN   TestGenericBodyRelationsCensus
=== PAUSE TestGenericBodyRelationsCensus
=== RUN   TestGenericBodyRelationsRefuse
=== PAUSE TestGenericBodyRelationsRefuse
=== RUN   TestGenericBodyRelationsWitness
=== PAUSE TestGenericBodyRelationsWitness
=== RUN   TestGenericBodyRelationsReadonlyBound
=== PAUSE TestGenericBodyRelationsReadonlyBound
=== RUN   TestGenericBodyRelationsIndexedReturnMapper
=== PAUSE TestGenericBodyRelationsIndexedReturnMapper
=== RUN   TestGenericBodyRelationsThisRead
=== PAUSE TestGenericBodyRelationsThisRead
=== RUN   TestGenericFunctionPolymorphicRecursionIsRefused
=== PAUSE TestGenericFunctionPolymorphicRecursionIsRefused
=== RUN   TestGenericUnionFixtureHasSeparateInstances
=== PAUSE TestGenericUnionFixtureHasSeparateInstances
=== RUN   TestGenericJSONUnionArrayIsNotYet
=== PAUSE TestGenericJSONUnionArrayIsNotYet
=== RUN   TestOriginalCycleLedger
    import_cycle_ledger_test.go:31: set ADAMIC_CYCLE_LEDGER_ROOT to pristine TypeScript 6.0.3 with generated diagnostics
--- SKIP: TestOriginalCycleLedger (0.00s)
=== RUN   TestUndecidedCycleReadsUseReadyChecks
=== RUN   TestUndecidedCycleReadsUseReadyChecks/early_value
    import_cycle_ready_test.go:121: [node --disable-warning=ExperimentalWarning ../../oracle/node.mjs /tmp/adamic-gate/TestUndecidedCycleReadsUseReadyChecksearly_value1295840191/001/a.a]: stdout "3\n", exit result exit status 1
    import_cycle_ready_test.go:121: [node --disable-warning=ExperimentalWarning ../../oracle/node.mjs /tmp/adamic-gate/TestUndecidedCycleReadsUseReadyChecksearly_value1295840191/001/generated.mjs]: stdout "3\n", exit result exit status 1
    import_cycle_ready_test.go:130: [/tmp/adamic-gate/TestUndecidedCycleReadsUseReadyChecksearly_value1295840191/001/native]: stdout "3\n", exit result exit status 1
=== RUN   TestUndecidedCycleReadsUseReadyChecks/initialized_value
    import_cycle_ready_test.go:121: [node --disable-warning=ExperimentalWarning ../../oracle/node.mjs /tmp/adamic-gate/TestUndecidedCycleReadsUseReadyChecksinitialized_value539668790/001/b.a]: stdout "3\n1\n", exit result <nil>
    import_cycle_ready_test.go:121: [node --disable-warning=ExperimentalWarning ../../oracle/node.mjs /tmp/adamic-gate/TestUndecidedCycleReadsUseReadyChecksinitialized_value539668790/001/generated.mjs]: stdout "3\n1\n", exit result <nil>
    import_cycle_ready_test.go:130: [/tmp/adamic-gate/TestUndecidedCycleReadsUseReadyChecksinitialized_value539668790/001/native]: stdout "3\n1\n", exit result <nil>
=== RUN   TestUndecidedCycleReadsUseReadyChecks/indirect_value
    import_cycle_ready_test.go:121: [node --disable-warning=ExperimentalWarning ../../oracle/node.mjs /tmp/adamic-gate/TestUndecidedCycleReadsUseReadyChecksindirect_value1068258754/001/b.a]: stdout "3\n", exit result exit status 1
    import_cycle_ready_test.go:121: [node --disable-warning=ExperimentalWarning ../../oracle/node.mjs /tmp/adamic-gate/TestUndecidedCycleReadsUseReadyChecksindirect_value1068258754/001/generated.mjs]: stdout "3\n", exit result exit status 1
    import_cycle_ready_test.go:130: [/tmp/adamic-gate/TestUndecidedCycleReadsUseReadyChecksindirect_value1068258754/001/native]: stdout "3\n", exit result exit status 1
=== RUN   TestUndecidedCycleReadsUseReadyChecks/early_plain_class
    import_cycle_ready_test.go:121: [node --disable-warning=ExperimentalWarning ../../oracle/node.mjs /tmp/adamic-gate/TestUndecidedCycleReadsUseReadyChecksearly_plain_class4059745420/001/a.a]: stdout "3\n", exit result exit status 1
    import_cycle_ready_test.go:121: [node --disable-warning=ExperimentalWarning ../../oracle/node.mjs /tmp/adamic-gate/TestUndecidedCycleReadsUseReadyChecksearly_plain_class4059745420/001/generated.mjs]: stdout "3\n", exit result exit status 1
    import_cycle_ready_test.go:130: [/tmp/adamic-gate/TestUndecidedCycleReadsUseReadyChecksearly_plain_class4059745420/001/native]: stdout "3\n", exit result exit status 1
=== RUN   TestUndecidedCycleReadsUseReadyChecks/initialized_plain_class
    import_cycle_ready_test.go:121: [node --disable-warning=ExperimentalWarning ../../oracle/node.mjs /tmp/adamic-gate/TestUndecidedCycleReadsUseReadyChecksinitialized_plain_class2321685967/001/b.a]: stdout "3\n7\n", exit result <nil>
    import_cycle_ready_test.go:121: [node --disable-warning=ExperimentalWarning ../../oracle/node.mjs /tmp/adamic-gate/TestUndecidedCycleReadsUseReadyChecksinitialized_plain_class2321685967/001/generated.mjs]: stdout "3\n7\n", exit result <nil>
    import_cycle_ready_test.go:130: [/tmp/adamic-gate/TestUndecidedCycleReadsUseReadyChecksinitialized_plain_class2321685967/001/native]: stdout "3\n7\n", exit result <nil>
=== RUN   TestUndecidedCycleReadsUseReadyChecks/early_extends
    import_cycle_ready_test.go:121: [node --disable-warning=ExperimentalWarning ../../oracle/node.mjs /tmp/adamic-gate/TestUndecidedCycleReadsUseReadyChecksearly_extends1586739924/001/a.a]: stdout "3\n", exit result exit status 1
    import_cycle_ready_test.go:121: [node --disable-warning=ExperimentalWarning ../../oracle/node.mjs /tmp/adamic-gate/TestUndecidedCycleReadsUseReadyChecksearly_extends1586739924/001/generated.mjs]: stdout "3\n", exit result exit status 1
    import_cycle_ready_test.go:130: [/tmp/adamic-gate/TestUndecidedCycleReadsUseReadyChecksearly_extends1586739924/001/native]: stdout "3\n", exit result exit status 1
=== RUN   TestUndecidedCycleReadsUseReadyChecks/initialized_extends
    import_cycle_ready_test.go:121: [node --disable-warning=ExperimentalWarning ../../oracle/node.mjs /tmp/adamic-gate/TestUndecidedCycleReadsUseReadyChecksinitialized_extends3465035674/001/b.a]: stdout "3\nchild\n", exit result <nil>
    import_cycle_ready_test.go:121: [node --disable-warning=ExperimentalWarning ../../oracle/node.mjs /tmp/adamic-gate/TestUndecidedCycleReadsUseReadyChecksinitialized_extends3465035674/001/generated.mjs]: stdout "3\nchild\n", exit result <nil>
    import_cycle_ready_test.go:130: [/tmp/adamic-gate/TestUndecidedCycleReadsUseReadyChecksinitialized_extends3465035674/001/native]: stdout "3\nchild\n", exit result <nil>
--- PASS: TestUndecidedCycleReadsUseReadyChecks (6.37s)
    --- PASS: TestUndecidedCycleReadsUseReadyChecks/early_value (0.78s)
    --- PASS: TestUndecidedCycleReadsUseReadyChecks/initialized_value (1.00s)
    --- PASS: TestUndecidedCycleReadsUseReadyChecks/indirect_value (1.21s)
    --- PASS: TestUndecidedCycleReadsUseReadyChecks/early_plain_class (1.07s)
    --- PASS: TestUndecidedCycleReadsUseReadyChecks/initialized_plain_class (0.94s)
    --- PASS: TestUndecidedCycleReadsUseReadyChecks/early_extends (0.70s)
    --- PASS: TestUndecidedCycleReadsUseReadyChecks/initialized_extends (0.66s)
=== RUN   TestInheritanceDerivedFieldOrder
=== PAUSE TestInheritanceDerivedFieldOrder
=== RUN   TestInheritanceVoidBooleanOverrideReason
=== PAUSE TestInheritanceVoidBooleanOverrideReason
=== RUN   TestInputSpreadArgumentsAreNotYet
=== PAUSE TestInputSpreadArgumentsAreNotYet
=== RUN   TestInputSpreadCoverage
=== PAUSE TestInputSpreadCoverage
=== RUN   TestDefaultTaggedInterfaceAdmission
=== PAUSE TestDefaultTaggedInterfaceAdmission
=== RUN   TestDefaultTaggedInterfaceNeedsNoFlag
=== PAUSE TestDefaultTaggedInterfaceNeedsNoFlag
=== RUN   TestIteratorGapsAreExplicit
=== PAUSE TestIteratorGapsAreExplicit
=== RUN   TestIteratorViewsDispatchHiddenReturn
=== PAUSE TestIteratorViewsDispatchHiddenReturn
=== RUN   TestIteratorViewsDispatchReceivers
=== PAUSE TestIteratorViewsDispatchReceivers
=== RUN   TestIteratorDestructuringDoesNotLieAboutExhaustion
=== PAUSE TestIteratorDestructuringDoesNotLieAboutExhaustion
=== RUN   TestAsyncGeneratorsAreRefusedEvenWithoutYield
=== PAUSE TestAsyncGeneratorsAreRefusedEvenWithoutYield
=== RUN   TestLiteralMethodCapturesCannotMakeCycles
=== PAUSE TestLiteralMethodCapturesCannotMakeCycles
=== RUN   TestLiteralMethodViewsDoNotLoseThis
=== PAUSE TestLiteralMethodViewsDoNotLoseThis
=== RUN   TestLiteralMethodSignatureViewsDoNotLoseThis
=== PAUSE TestLiteralMethodSignatureViewsDoNotLoseThis
=== RUN   TestIteratorDescriptorReasons
=== PAUSE TestIteratorDescriptorReasons
=== RUN   TestRepresentedMethodReplacementIsNotYet
=== PAUSE TestRepresentedMethodReplacementIsNotYet
=== RUN   TestDestructuredMethodsCannotLoadOwnSlots
=== PAUSE TestDestructuredMethodsCannotLoadOwnSlots
=== RUN   TestGenericIteratorViewsPreserveNativeArguments
=== PAUSE TestGenericIteratorViewsPreserveNativeArguments
=== RUN   TestIteratorMapperIndexHasNumberRepresentation
=== PAUSE TestIteratorMapperIndexHasNumberRepresentation
=== RUN   TestIteratorSymbolKeysAreNotStringKeys
=== PAUSE TestIteratorSymbolKeysAreNotStringKeys
=== RUN   TestIteratorBuiltInStorageViewsArePending
=== PAUSE TestIteratorBuiltInStorageViewsArePending
=== RUN   TestIteratorOptionalCloseResultMustBeObject
=== PAUSE TestIteratorOptionalCloseResultMustBeObject
=== RUN   TestIteratorDeclaredNextHasNoRuntimeMethod
=== PAUSE TestIteratorDeclaredNextHasNoRuntimeMethod
=== RUN   TestLibraryLanguageBoundaries
=== PAUSE TestLibraryLanguageBoundaries
=== RUN   TestLibraryMapSetGapsStayRefused
=== PAUSE TestLibraryMapSetGapsStayRefused
=== RUN   TestLibraryMapSetIteratorCopyTypesRefused
=== PAUSE TestLibraryMapSetIteratorCopyTypesRefused
=== RUN   TestLibraryMethodValues
=== PAUSE TestLibraryMethodValues
=== RUN   TestLibraryMethodValueBoundaries
=== PAUSE TestLibraryMethodValueBoundaries
=== RUN   TestLibraryMethodValueSafety
=== PAUSE TestLibraryMethodValueSafety
=== RUN   TestNodeBufferRefusals
=== PAUSE TestNodeBufferRefusals
=== RUN   TestNodeFSFileOptionsBorrow
=== PAUSE TestNodeFSFileOptionsBorrow
=== RUN   TestNodeFSFileDoesNotAuthorizeMutableWidening
=== PAUSE TestNodeFSFileDoesNotAuthorizeMutableWidening
=== RUN   TestNodeFSFileRefusesOptionEffects
=== PAUSE TestNodeFSFileRefusesOptionEffects
=== RUN   TestNodeFSFileRefusesVoidValues
=== PAUSE TestNodeFSFileRefusesVoidValues
=== RUN   TestNodeFSFileRefusesPinnedUnsupportedOverloads
=== PAUSE TestNodeFSFileRefusesPinnedUnsupportedOverloads
=== RUN   TestNodeFSFileNamespaceImport
=== PAUSE TestNodeFSFileNamespaceImport
=== RUN   TestNodeFSFileQualifiedErrorType
=== PAUSE TestNodeFSFileQualifiedErrorType
=== RUN   TestNodeFSFileKeepsDetachedMethodRefusal
=== PAUSE TestNodeFSFileKeepsDetachedMethodRefusal
=== RUN   TestNodeFSFileBufferBorrow
=== PAUSE TestNodeFSFileBufferBorrow
=== RUN   TestNodeFSFileScratchOptionsBorrow
=== PAUSE TestNodeFSFileScratchOptionsBorrow
=== RUN   TestNodeFSFileScratchOverloadsAreNamed
=== PAUSE TestNodeFSFileScratchOverloadsAreNamed
=== RUN   TestNodeLibraryNamesUnimplementedMembers
=== PAUSE TestNodeLibraryNamesUnimplementedMembers
=== RUN   TestNodeLibraryDoesNotRefuseTypeOnlyOrUserNames
=== PAUSE TestNodeLibraryDoesNotRefuseTypeOnlyOrUserNames
=== RUN   TestNodeLibraryDistinguishesReceiverOwners
=== PAUSE TestNodeLibraryDistinguishesReceiverOwners
=== RUN   TestNodeLibraryQualifiedTypeAssertion
=== PAUSE TestNodeLibraryQualifiedTypeAssertion
=== RUN   TestObjectRefusalsExplainSoundness
=== PAUSE TestObjectRefusalsExplainSoundness
=== RUN   TestObjectUnprovenShapesStayNotYet
=== PAUSE TestObjectUnprovenShapesStayNotYet
=== RUN   TestLibraryRegexOffsetRequiresNoCaptures
=== PAUSE TestLibraryRegexOffsetRequiresNoCaptures
=== RUN   TestLibraryStringRefusals
=== PAUSE TestLibraryStringRefusals
=== RUN   TestConsoleLowersToWriteLine
=== PAUSE TestConsoleLowersToWriteLine
=== RUN   TestWhatStageZeroCannotLowerIsRefusedWithWhereAndWhat
=== PAUSE TestWhatStageZeroCannotLowerIsRefusedWithWhereAndWhat
=== RUN   TestWhatZeroOneRefusesIsRefusedWithAFix
=== PAUSE TestWhatZeroOneRefusesIsRefusedWithAFix
=== RUN   TestAMutableLocationSeenWiderIsRefused
=== PAUSE TestAMutableLocationSeenWiderIsRefused
=== RUN   TestAViewThatCantWriteIsNotRefused
=== PAUSE TestAViewThatCantWriteIsNotRefused
=== RUN   TestATupleSeenAsAnArrayIsNotYet
=== PAUSE TestATupleSeenAsAnArrayIsNotYet
=== RUN   TestAMethodReadAsAValueIsRefused
=== PAUSE TestAMethodReadAsAValueIsRefused
=== RUN   TestModuleNamespaceLimitsStayLoud
=== PAUSE TestModuleNamespaceLimitsStayLoud
=== RUN   TestModuleNamespaceInitializedReadProof
--- PASS: TestModuleNamespaceInitializedReadProof (0.11s)
=== RUN   TestCallableNamespaceLimitsStayLoud
=== PAUSE TestCallableNamespaceLimitsStayLoud
=== RUN   TestCallableNamespaceReceiverStaysLoud
=== PAUSE TestCallableNamespaceReceiverStaysLoud
=== RUN   TestNamespaceClassEarlyConstructionStaysLoud
=== PAUSE TestNamespaceClassEarlyConstructionStaysLoud
=== RUN   TestNamespaceReceiverArrowInheritsScope
=== PAUSE TestNamespaceReceiverArrowInheritsScope
=== RUN   TestNamespaceAmbientHostInitialization
=== PAUSE TestNamespaceAmbientHostInitialization
=== RUN   TestNamespaceAmbientContextsDoNotExecute
=== PAUSE TestNamespaceAmbientContextsDoNotExecute
=== RUN   TestNamespaceCallGraphLinearWork
=== PAUSE TestNamespaceCallGraphLinearWork
=== RUN   TestNamespaceCallGraphCycleUnion
=== PAUSE TestNamespaceCallGraphCycleUnion
=== RUN   TestNamespaceEnumInitializationIndependentOfModuleAnalysis
=== PAUSE TestNamespaceEnumInitializationIndependentOfModuleAnalysis
=== RUN   TestParserFactoryBindingHoisting
=== PAUSE TestParserFactoryBindingHoisting
=== RUN   TestMissingBindingSymbolHasStructuredLocation
=== PAUSE TestMissingBindingSymbolHasStructuredLocation
=== RUN   TestTscNamespaceDeclarationShapes
=== PAUSE TestTscNamespaceDeclarationShapes
=== RUN   TestNamespaceLimitsStayLoud
=== PAUSE TestNamespaceLimitsStayLoud
=== RUN   TestNamespaceReceiverRefusal
=== PAUSE TestNamespaceReceiverRefusal
=== RUN   TestNamespaceTypesErase
=== PAUSE TestNamespaceTypesErase
=== RUN   TestTracingNamespaceEscapeLowers
=== PAUSE TestTracingNamespaceEscapeLowers
=== RUN   TestDebugNamespaceMergedCapabilities
=== PAUSE TestDebugNamespaceMergedCapabilities
=== RUN   TestNamespaceReturnedAssignmentLimits
=== PAUSE TestNamespaceReturnedAssignmentLimits
=== RUN   TestNamespaceInitializationReachability
=== PAUSE TestNamespaceInitializationReachability
=== RUN   TestNamespaceClosedCallGraphEdges
=== PAUSE TestNamespaceClosedCallGraphEdges
=== RUN   TestEmptyNeverMapCannotGainWritableInhabitants
=== PAUSE TestEmptyNeverMapCannotGainWritableInhabitants
=== RUN   TestNestedFunctionGapsAreLoud
=== PAUSE TestNestedFunctionGapsAreLoud
=== RUN   TestNestedFunctionCycleIsRefused
=== PAUSE TestNestedFunctionCycleIsRefused
=== RUN   TestNestedEnvironmentHasOneAllocationSite
=== PAUSE TestNestedEnvironmentHasOneAllocationSite
=== RUN   TestNestedEnvironmentCycleIncludesDisjointSlots
=== PAUSE TestNestedEnvironmentCycleIncludesDisjointSlots
=== RUN   TestNestedCapturedParametersAreOwned
=== PAUSE TestNestedCapturedParametersAreOwned
=== RUN   TestClosedFrameInputRejectsMutation
=== PAUSE TestClosedFrameInputRejectsMutation
=== RUN   TestNestedRebindingNotYet
=== PAUSE TestNestedRebindingNotYet
=== RUN   TestNestedCallbackCycleIsRefused
=== PAUSE TestNestedCallbackCycleIsRefused
=== RUN   TestNestedBodylessDeclarationsAreLoud
=== PAUSE TestNestedBodylessDeclarationsAreLoud
=== RUN   TestNestedRestIsSupported
=== PAUSE TestNestedRestIsSupported
=== RUN   TestParserNodeArrayLayout
=== PAUSE TestParserNodeArrayLayout
=== RUN   TestParserNodeArrayPresence
=== PAUSE TestParserNodeArrayPresence
=== RUN   TestParserNodeArraySchemaFailsClosed
=== PAUSE TestParserNodeArraySchemaFailsClosed
=== RUN   TestAdamicNullishAssertionsAreRefused
=== PAUSE TestAdamicNullishAssertionsAreRefused
=== RUN   TestNonNullAssertionLowersToNullishPanic
=== PAUSE TestNonNullAssertionLowersToNullishPanic
=== RUN   TestNonNullAssertionOnPresentTypeIsErased
=== PAUSE TestNonNullAssertionOnPresentTypeIsErased
=== RUN   TestStep18OptionalCallableBoundaries
=== PAUSE TestStep18OptionalCallableBoundaries
=== RUN   TestStep18CallableReceiverContract
=== PAUSE TestStep18CallableReceiverContract
=== RUN   TestOptionalIndexingMapShapeRefused
=== PAUSE TestOptionalIndexingMapShapeRefused
=== RUN   TestOptionalIndexingKeepsIndexSignaturesRefused
=== PAUSE TestOptionalIndexingKeepsIndexSignaturesRefused
=== RUN   TestOptionalIndexingKeepsUnsupportedStorageNotYet
=== PAUSE TestOptionalIndexingKeepsUnsupportedStorageNotYet
=== RUN   TestOptionalWideningCensus
    optional_widening_census_test.go:29: set OPTIONAL_WIDENING_CONFIG and OPTIONAL_WIDENING_OUTPUT to inventory a project
--- SKIP: TestOptionalWideningCensus (0.00s)
=== RUN   TestOptionalWideningRefused
=== PAUSE TestOptionalWideningRefused
=== RUN   TestOptionalWideningAllowed
=== PAUSE TestOptionalWideningAllowed
=== RUN   TestOptionalWideningSpreadOverwrite
=== PAUSE TestOptionalWideningSpreadOverwrite
=== RUN   TestOverloadInferenceWitnesses
=== PAUSE TestOverloadInferenceWitnesses
=== RUN   TestAbfe962OverrideDefaultAddedRefusesNativeSignature
=== PAUSE TestAbfe962OverrideDefaultAddedRefusesNativeSignature
=== RUN   TestOverrideOptionalNumberRefusesNativeSignature
=== PAUSE TestOverrideOptionalNumberRefusesNativeSignature
=== RUN   TestOverrideOptionalRefusesNativeSignature
=== PAUSE TestOverrideOptionalRefusesNativeSignature
=== RUN   TestParameterPropertiesSoundness
=== PAUSE TestParameterPropertiesSoundness
=== RUN   TestParameterPropertyCheckerContracts
=== PAUSE TestParameterPropertyCheckerContracts
=== RUN   TestParameterPropertyCallbackReceiver
=== PAUSE TestParameterPropertyCallbackReceiver
=== RUN   TestParameterPropertyValueMatchesNode
=== PAUSE TestParameterPropertyValueMatchesNode
=== RUN   TestPlaceholderTypedBoundaryAssignmentResult
=== PAUSE TestPlaceholderTypedBoundaryAssignmentResult
=== RUN   TestPlaceholderTypedBoundaryReturnAssignment
=== PAUSE TestPlaceholderTypedBoundaryReturnAssignment
=== RUN   TestPlaceholderTypedBoundaryAliasReset
=== PAUSE TestPlaceholderTypedBoundaryAliasReset
=== RUN   TestPlaceholderTypedBoundaryArgument
=== PAUSE TestPlaceholderTypedBoundaryArgument
=== RUN   TestPlaceholderTypedBoundarySavedCopy
=== PAUSE TestPlaceholderTypedBoundarySavedCopy
=== RUN   TestPlaceholderTypedBoundaryProperty
=== PAUSE TestPlaceholderTypedBoundaryProperty
=== RUN   TestPlaceholderTypedBoundaryCall
=== PAUSE TestPlaceholderTypedBoundaryCall
=== RUN   TestPlaceholderTypedBoundaryReturn
=== PAUSE TestPlaceholderTypedBoundaryReturn
=== RUN   TestPlaceholderTypedBoundaryTypedLocal
=== PAUSE TestPlaceholderTypedBoundaryTypedLocal
=== RUN   TestPlaceholderTypedBoundaryOrdinaryField
=== PAUSE TestPlaceholderTypedBoundaryOrdinaryField
=== RUN   TestPlaceholderTypedBoundaryArrayElement
=== PAUSE TestPlaceholderTypedBoundaryArrayElement
=== RUN   TestPlaceholderTypedBoundaryOptionalArrayElement
=== PAUSE TestPlaceholderTypedBoundaryOptionalArrayElement
=== RUN   TestPlaceholderTypedBoundaryElementWrite
=== PAUSE TestPlaceholderTypedBoundaryElementWrite
=== RUN   TestPlaceholderTypedBoundaryOptionalReceiver
=== PAUSE TestPlaceholderTypedBoundaryOptionalReceiver
=== RUN   TestPlaceholderTypedBoundaryOptionalParameterLaterTUse
=== PAUSE TestPlaceholderTypedBoundaryOptionalParameterLaterTUse
=== RUN   TestPlaceholderTypedBoundaryPresence
=== PAUSE TestPlaceholderTypedBoundaryPresence
=== RUN   TestPlaceholderTypedBoundaryDominatingWrite
=== PAUSE TestPlaceholderTypedBoundaryDominatingWrite
=== RUN   TestPlaceholderTypedBoundarySavedAfterWrite
=== PAUSE TestPlaceholderTypedBoundarySavedAfterWrite
=== RUN   TestPlaceholderTypedBoundaryPlaceholderFieldCopy
=== PAUSE TestPlaceholderTypedBoundaryPlaceholderFieldCopy
=== RUN   TestPlaceholderWeakSlotStaysNotYet
=== PAUSE TestPlaceholderWeakSlotStaysNotYet
=== RUN   TestPredicateSummaryParameterIndex
=== PAUSE TestPredicateSummaryParameterIndex
=== RUN   TestPredicateOverloadRuntime
=== PAUSE TestPredicateOverloadRuntime
=== RUN   TestIndirectPredicateOverloadIsPending
=== PAUSE TestIndirectPredicateOverloadIsPending
=== RUN   TestPredicateBodyProof
=== PAUSE TestPredicateBodyProof
=== RUN   TestConditionAssertionAdmission
=== PAUSE TestConditionAssertionAdmission
=== RUN   TestPredicateCallbackContracts
=== PAUSE TestPredicateCallbackContracts
=== RUN   TestEveryNeedsCallbackEffects
=== PAUSE TestEveryNeedsCallbackEffects
=== RUN   TestPredicateOverloadCallback
=== PAUSE TestPredicateOverloadCallback
=== RUN   TestPredicateUseRegions
=== PAUSE TestPredicateUseRegions
=== RUN   TestPredicateUsesBelongToEachCall
=== PAUSE TestPredicateUsesBelongToEachCall
=== RUN   TestUnprovenPredicateReturnsAreRefused
=== PAUSE TestUnprovenPredicateReturnsAreRefused
=== RUN   TestPredicateBodiesAreProven
=== PAUSE TestPredicateBodiesAreProven
=== RUN   TestPrimitiveAdmittingSlotsUseBoxes
=== PAUSE TestPrimitiveAdmittingSlotsUseBoxes
=== RUN   TestInheritedLibraryReadsNeverLoadOwnFields
=== PAUSE TestInheritedLibraryReadsNeverLoadOwnFields
=== RUN   TestPrototypeMethodsAreRefusedWithReasons
=== PAUSE TestPrototypeMethodsAreRefusedWithReasons
=== RUN   TestNullishPrototypeReadsAreRejectedByChecker
=== PAUSE TestNullishPrototypeReadsAreRejectedByChecker
=== RUN   TestPrototypeHazardsBehindObjectViewsAreNotYet
=== PAUSE TestPrototypeHazardsBehindObjectViewsAreNotYet
=== RUN   TestUnrepresentedPrototypeCallsAreNotYet
=== PAUSE TestUnrepresentedPrototypeCallsAreNotYet
=== RUN   TestIsPrototypeOfReadsExplainThePrototypeRefusal
=== PAUSE TestIsPrototypeOfReadsExplainThePrototypeRefusal
=== RUN   TestProvenRelationsRefuse
=== PAUSE TestProvenRelationsRefuse
=== RUN   TestProvenRelationsErase
=== PAUSE TestProvenRelationsErase
=== RUN   TestReadinessElisionRequiresDominatingAssignment
=== PAUSE TestReadinessElisionRequiresDominatingAssignment
=== RUN   TestRegExpNativeRefusals
=== PAUSE TestRegExpNativeRefusals
=== RUN   TestRegExpSourceNode
=== PAUSE TestRegExpSourceNode
=== RUN   TestRegExpUnicodeClassSourceAgreesWithNode
=== PAUSE TestRegExpUnicodeClassSourceAgreesWithNode
=== RUN   TestRegExpSlashClassSourceAgreesWithNode
=== PAUSE TestRegExpSlashClassSourceAgreesWithNode
=== RUN   TestRegExpEscapedSlashSourceAgreesWithNode
=== PAUSE TestRegExpEscapedSlashSourceAgreesWithNode
=== RUN   TestRepresentationClockSourceCheckedTypes
=== PAUSE TestRepresentationClockSourceCheckedTypes
=== RUN   TestPrivateAndPublicStaticsAgreeWithNode
=== PAUSE TestPrivateAndPublicStaticsAgreeWithNode
=== RUN   TestNamespaceFactoryBindingsAgreeWithNode
=== PAUSE TestNamespaceFactoryBindingsAgreeWithNode
=== RUN   TestReadinessErrorIncludesReceiverExpression
=== PAUSE TestReadinessErrorIncludesReceiverExpression
=== RUN   TestStep21LibraryAdmission
=== PAUSE TestStep21LibraryAdmission
=== RUN   TestSuppressionDirectivesAreRefused
=== PAUSE TestSuppressionDirectivesAreRefused
=== RUN   TestSuppressionDirectiveSoundNeighbors
=== PAUSE TestSuppressionDirectiveSoundNeighbors
=== RUN   TestSwitchConditionalBreakFallsThrough
=== PAUSE TestSwitchConditionalBreakFallsThrough
=== RUN   TestSwitchEmptyElseFallsThrough
=== PAUSE TestSwitchEmptyElseFallsThrough
=== RUN   TestSwitchEmptyCaseFallsThrough
=== PAUSE TestSwitchEmptyCaseFallsThrough
=== RUN   TestSwitchEmptyBlockFallsThrough
=== PAUSE TestSwitchEmptyBlockFallsThrough
=== RUN   TestTasteRepresentationLimitsStayExplicit
=== PAUSE TestTasteRepresentationLimitsStayExplicit
=== RUN   TestTypedArraysLower
=== PAUSE TestTypedArraysLower
=== RUN   TestTypedArrayGaps
=== PAUSE TestTypedArrayGaps
=== RUN   TestTypedArrayViewsCannotChangeRepresentation
=== PAUSE TestTypedArrayViewsCannotChangeRepresentation
=== RUN   TestTypedArrayFromArray
=== PAUSE TestTypedArrayFromArray
=== RUN   TestTypedArrayFromEmptyArray
=== PAUSE TestTypedArrayFromEmptyArray
=== RUN   TestUnknownReflectionRefusals
=== PAUSE TestUnknownReflectionRefusals
=== RUN   TestViewObjectContractsAreAvailableToEraser
=== PAUSE TestViewObjectContractsAreAvailableToEraser
=== RUN   TestViewObjectWritesNeedSourceCertificate
=== PAUSE TestViewObjectWritesNeedSourceCertificate
=== RUN   TestMixedUnionContractGraph
=== PAUSE TestMixedUnionContractGraph
=== RUN   TestMixedUnionContractFailureDoesNotCertifyRetry
=== PAUSE TestMixedUnionContractFailureDoesNotCertifyRetry
=== RUN   TestMixedUnionContractUnknownMemberFails
=== PAUSE TestMixedUnionContractUnknownMemberFails
=== RUN   TestMixedUnionContractRecursiveMember
=== PAUSE TestMixedUnionContractRecursiveMember
=== RUN   TestMixedUnionContractPhantomBrandUsesPrimitiveBase
=== PAUSE TestMixedUnionContractPhantomBrandUsesPrimitiveBase
=== RUN   TestMixedUnionContractPhantomVoidIsUndefined
=== PAUSE TestMixedUnionContractPhantomVoidIsUndefined
=== RUN   TestUntaggedViewMemberTags
=== PAUSE TestUntaggedViewMemberTags
=== RUN   TestUntaggedViewStructuralFallback
=== PAUSE TestUntaggedViewStructuralFallback
=== CONT  TestAgreementRejectsWrongLoweredOutput
=== CONT  TestUntaggedViewStructuralFallback
--- PASS: TestUntaggedViewStructuralFallback (0.00s)
=== CONT  TestPrivateAndPublicStaticsAgreeWithNode
=== CONT  TestRepresentationClockSourceCheckedTypes
=== CONT  TestModuleNamespaceLimitsStayLoud
=== RUN   TestModuleNamespaceLimitsStayLoud/const_escaped_=_performance;
=== PAUSE TestModuleNamespaceLimitsStayLoud/const_escaped_=_performance;
=== RUN   TestModuleNamespaceLimitsStayLoud/console.log(Object.keys(performance).join(','));
=== PAUSE TestModuleNamespaceLimitsStayLoud/console.log(Object.keys(performance).join(','));
=== RUN   TestModuleNamespaceLimitsStayLoud/console.log(`${performance['value']}`);
=== PAUSE TestModuleNamespaceLimitsStayLoud/console.log(`${performance['value']}`);
=== RUN   TestModuleNamespaceLimitsStayLoud/performance.value_=_2;
=== PAUSE TestModuleNamespaceLimitsStayLoud/performance.value_=_2;
=== RUN   TestModuleNamespaceLimitsStayLoud/console.log(`${performance.read()}`);
=== PAUSE TestModuleNamespaceLimitsStayLoud/console.log(`${performance.read()}`);
=== CONT  TestEveryNeedsCallbackEffects
=== CONT  TestPredicateCallbackContracts
=== RUN   TestPredicateCallbackContracts/inferred_arrow
=== PAUSE TestPredicateCallbackContracts/inferred_arrow
=== RUN   TestPredicateCallbackContracts/inferred_opaque
=== PAUSE TestPredicateCallbackContracts/inferred_opaque
=== RUN   TestPredicateCallbackContracts/inferred_named
=== PAUSE TestPredicateCallbackContracts/inferred_named
=== RUN   TestPredicateCallbackContracts/arrow
=== PAUSE TestPredicateCallbackContracts/arrow
=== RUN   TestPredicateCallbackContracts/named
=== PAUSE TestPredicateCallbackContracts/named
=== RUN   TestPredicateCallbackContracts/unproven
=== PAUSE TestPredicateCallbackContracts/unproven
=== RUN   TestPredicateCallbackContracts/lying
=== PAUSE TestPredicateCallbackContracts/lying
=== RUN   TestPredicateCallbackContracts/reassigned
=== PAUSE TestPredicateCallbackContracts/reassigned
=== CONT  TestConditionAssertionAdmission
=== NAME  TestRepresentationClockSourceCheckedTypes
    representation_clock_source_test.go:78: CompilerType admits Object and Closure; length-only admits Array and String; neither unresolved parameter has one ABI
--- PASS: TestRepresentationClockSourceCheckedTypes (0.28s)
=== CONT  TestPredicateBodyProof
=== RUN   TestPredicateBodyProof/condition_assertion
=== PAUSE TestPredicateBodyProof/condition_assertion
=== RUN   TestPredicateBodyProof/returning_fail
=== PAUSE TestPredicateBodyProof/returning_fail
=== RUN   TestPredicateBodyProof/empty_condition_assertion
=== PAUSE TestPredicateBodyProof/empty_condition_assertion
=== RUN   TestPredicateBodyProof/condition_mutation
=== PAUSE TestPredicateBodyProof/condition_mutation
=== RUN   TestPredicateBodyProof/diagnostic_work_on_failure
=== PAUSE TestPredicateBodyProof/diagnostic_work_on_failure
=== RUN   TestPredicateBodyProof/typeof
=== PAUSE TestPredicateBodyProof/typeof
=== RUN   TestPredicateBodyProof/kind
=== PAUSE TestPredicateBodyProof/kind
=== RUN   TestPredicateBodyProof/kind_helpers_fixed_point
=== PAUSE TestPredicateBodyProof/kind_helpers_fixed_point
=== RUN   TestPredicateBodyProof/helper
=== PAUSE TestPredicateBodyProof/helper
=== RUN   TestPredicateBodyProof/false_branch_lies
=== PAUSE TestPredicateBodyProof/false_branch_lies
=== RUN   TestPredicateBodyProof/true_branch_lies
=== PAUSE TestPredicateBodyProof/true_branch_lies
=== RUN   TestPredicateBodyProof/mutation
=== PAUSE TestPredicateBodyProof/mutation
=== RUN   TestPredicateBodyProof/alias_mutation
=== PAUSE TestPredicateBodyProof/alias_mutation
=== RUN   TestPredicateBodyProof/recursive
=== PAUSE TestPredicateBodyProof/recursive
=== RUN   TestPredicateBodyProof/default_changes_input
=== PAUSE TestPredicateBodyProof/default_changes_input
=== RUN   TestPredicateBodyProof/empty_assertion
=== PAUSE TestPredicateBodyProof/empty_assertion
=== RUN   TestPredicateBodyProof/assertion
=== PAUSE TestPredicateBodyProof/assertion
=== RUN   TestPredicateBodyProof/disabled_assertion
=== PAUSE TestPredicateBodyProof/disabled_assertion
=== CONT  TestIndirectPredicateOverloadIsPending
--- PASS: TestEveryNeedsCallbackEffects (0.31s)
=== CONT  TestPredicateOverloadRuntime
=== RUN   TestPredicateOverloadRuntime/parser_every_result
--- PASS: TestIndirectPredicateOverloadIsPending (0.19s)
=== CONT  TestPredicateSummaryParameterIndex
=== RUN   TestPredicateSummaryParameterIndex/p05_helper_second_parameter
--- PASS: TestAgreementRejectsWrongLoweredOutput (0.52s)
=== CONT  TestPlaceholderWeakSlotStaysNotYet
--- PASS: TestPrivateAndPublicStaticsAgreeWithNode (0.58s)
=== CONT  TestPlaceholderTypedBoundaryPlaceholderFieldCopy
--- PASS: TestConditionAssertionAdmission (0.66s)
=== CONT  TestPlaceholderTypedBoundarySavedAfterWrite
--- PASS: TestPlaceholderWeakSlotStaysNotYet (0.17s)
=== CONT  TestPlaceholderTypedBoundaryDominatingWrite
--- PASS: TestPlaceholderTypedBoundaryPlaceholderFieldCopy (0.16s)
=== CONT  TestPlaceholderTypedBoundaryPresence
--- PASS: TestPlaceholderTypedBoundaryDominatingWrite (0.09s)
=== CONT  TestPlaceholderTypedBoundaryOptionalParameterLaterTUse
=== RUN   TestPredicateSummaryParameterIndex/p06_helper_second_parameter_undefined
--- PASS: TestPlaceholderTypedBoundaryPresence (0.14s)
=== CONT  TestPlaceholderTypedBoundaryOptionalReceiver
--- PASS: TestPlaceholderTypedBoundaryOptionalReceiver (0.05s)
=== CONT  TestPlaceholderTypedBoundaryElementWrite
=== RUN   TestPredicateSummaryParameterIndex/p13_filter_wrong_parameter_helper
--- PASS: TestPlaceholderTypedBoundarySavedAfterWrite (0.33s)
=== CONT  TestPlaceholderTypedBoundaryOptionalArrayElement
--- PASS: TestPlaceholderTypedBoundaryOptionalParameterLaterTUse (0.23s)
=== CONT  TestPlaceholderTypedBoundaryArrayElement
--- PASS: TestPredicateSummaryParameterIndex (0.60s)
    --- PASS: TestPredicateSummaryParameterIndex/p05_helper_second_parameter (0.31s)
    --- PASS: TestPredicateSummaryParameterIndex/p06_helper_second_parameter_undefined (0.20s)
    --- PASS: TestPredicateSummaryParameterIndex/p13_filter_wrong_parameter_helper (0.09s)
=== CONT  TestPlaceholderTypedBoundaryOrdinaryField
--- PASS: TestPlaceholderTypedBoundaryElementWrite (0.16s)
=== CONT  TestPlaceholderTypedBoundaryTypedLocal
--- PASS: TestPlaceholderTypedBoundaryArrayElement (0.18s)
=== CONT  TestPlaceholderTypedBoundaryReturn
--- PASS: TestPlaceholderTypedBoundaryOptionalArrayElement (0.23s)
=== CONT  TestPlaceholderTypedBoundaryCall
--- PASS: TestPlaceholderTypedBoundaryTypedLocal (0.14s)
=== CONT  TestPlaceholderTypedBoundaryProperty
=== CONT  TestPlaceholderTypedBoundarySavedCopy
--- PASS: TestPlaceholderTypedBoundaryOrdinaryField (0.18s)
=== CONT  TestPlaceholderTypedBoundaryArgument
--- PASS: TestPlaceholderTypedBoundaryReturn (0.05s)
--- PASS: TestPlaceholderTypedBoundarySavedCopy (0.09s)
=== CONT  TestPlaceholderTypedBoundaryAliasReset
--- PASS: TestPlaceholderTypedBoundaryCall (0.16s)
=== CONT  TestPlaceholderTypedBoundaryReturnAssignment
--- PASS: TestPlaceholderTypedBoundaryProperty (0.18s)
=== CONT  TestPlaceholderTypedBoundaryAssignmentResult
--- PASS: TestPlaceholderTypedBoundaryArgument (0.22s)
=== CONT  TestParameterPropertyValueMatchesNode
--- PASS: TestPlaceholderTypedBoundaryAliasReset (0.17s)
=== CONT  TestParameterPropertyCallbackReceiver
--- PASS: TestPlaceholderTypedBoundaryAssignmentResult (0.18s)
=== CONT  TestParameterPropertyCheckerContracts
--- PASS: TestParameterPropertyCallbackReceiver (0.10s)
=== CONT  TestParameterPropertiesSoundness
=== RUN   TestParameterPropertiesSoundness/readonly_view
--- PASS: TestPlaceholderTypedBoundaryReturnAssignment (0.24s)
=== CONT  TestOverrideOptionalRefusesNativeSignature
=== RUN   TestParameterPropertiesSoundness/mutable_override
=== RUN   TestPredicateOverloadRuntime/parser_some_result
--- PASS: TestOverrideOptionalRefusesNativeSignature (0.17s)
=== CONT  TestOverrideOptionalNumberRefusesNativeSignature
=== RUN   TestParameterPropertiesSoundness/readonly_override
--- PASS: TestOverrideOptionalNumberRefusesNativeSignature (0.14s)
=== CONT  TestAbfe962OverrideDefaultAddedRefusesNativeSignature
=== RUN   TestParameterPropertiesSoundness/inherited_initializer
=== RUN   TestParameterPropertiesSoundness/early_default
--- PASS: TestAbfe962OverrideDefaultAddedRefusesNativeSignature (0.15s)
=== CONT  TestOverloadInferenceWitnesses
=== RUN   TestOverloadInferenceWitnesses/one_compatible_binder
=== RUN   TestOverloadInferenceWitnesses/incompatible_known_member
=== RUN   TestOverloadInferenceWitnesses/multiple_unknown_binders
=== RUN   TestOverloadInferenceWitnesses/optional_rigid_binder
--- PASS: TestOverloadInferenceWitnesses (0.11s)
    --- PASS: TestOverloadInferenceWitnesses/one_compatible_binder (0.00s)
    --- PASS: TestOverloadInferenceWitnesses/incompatible_known_member (0.00s)
    --- PASS: TestOverloadInferenceWitnesses/multiple_unknown_binders (0.00s)
    --- PASS: TestOverloadInferenceWitnesses/optional_rigid_binder (0.00s)
=== CONT  TestStep18OptionalCallableBoundaries
=== RUN   TestStep18OptionalCallableBoundaries/observed_void
=== PAUSE TestStep18OptionalCallableBoundaries/observed_void
=== RUN   TestStep18OptionalCallableBoundaries/scalar_without_optional_representation
=== PAUSE TestStep18OptionalCallableBoundaries/scalar_without_optional_representation
=== RUN   TestStep18OptionalCallableBoundaries/reference_narrowed_to_present
=== PAUSE TestStep18OptionalCallableBoundaries/reference_narrowed_to_present
=== RUN   TestStep18OptionalCallableBoundaries/overloaded_callable
=== PAUSE TestStep18OptionalCallableBoundaries/overloaded_callable
=== RUN   TestStep18OptionalCallableBoundaries/chain_weak_callable_storage
=== PAUSE TestStep18OptionalCallableBoundaries/chain_weak_callable_storage
=== RUN   TestStep18OptionalCallableBoundaries/erased_marker
=== PAUSE TestStep18OptionalCallableBoundaries/erased_marker
=== CONT  TestOptionalWideningSpreadOverwrite
=== RUN   TestParameterPropertiesSoundness/field_initializer
--- PASS: TestOptionalWideningSpreadOverwrite (0.17s)
=== CONT  TestOptionalWideningAllowed
=== RUN   TestOptionalWideningAllowed/class
=== PAUSE TestOptionalWideningAllowed/class
=== RUN   TestOptionalWideningAllowed/fresh
=== PAUSE TestOptionalWideningAllowed/fresh
=== RUN   TestOptionalWideningAllowed/declared
=== PAUSE TestOptionalWideningAllowed/declared
=== CONT  TestOptionalWideningRefused
=== RUN   TestOptionalWideningRefused/argument
=== PAUSE TestOptionalWideningRefused/argument
=== RUN   TestOptionalWideningRefused/array_element
=== PAUSE TestOptionalWideningRefused/array_element
=== RUN   TestOptionalWideningRefused/arrow
=== PAUSE TestOptionalWideningRefused/arrow
=== RUN   TestOptionalWideningRefused/assignment
=== PAUSE TestOptionalWideningRefused/assignment
=== RUN   TestOptionalWideningRefused/cast
=== PAUSE TestOptionalWideningRefused/cast
=== RUN   TestOptionalWideningRefused/class_field
=== PAUSE TestOptionalWideningRefused/class_field
=== RUN   TestOptionalWideningRefused/field
=== PAUSE TestOptionalWideningRefused/field
=== RUN   TestOptionalWideningRefused/field_access_paths
=== PAUSE TestOptionalWideningRefused/field_access_paths
=== RUN   TestOptionalWideningRefused/generic
=== PAUSE TestOptionalWideningRefused/generic
=== RUN   TestOptionalWideningRefused/incompatible
=== PAUSE TestOptionalWideningRefused/incompatible
=== RUN   TestOptionalWideningRefused/initializer
=== PAUSE TestOptionalWideningRefused/initializer
=== RUN   TestOptionalWideningRefused/nested
=== PAUSE TestOptionalWideningRefused/nested
=== RUN   TestOptionalWideningRefused/parameter_default
=== PAUSE TestOptionalWideningRefused/parameter_default
=== RUN   TestOptionalWideningRefused/property_write
=== PAUSE TestOptionalWideningRefused/property_write
=== RUN   TestOptionalWideningRefused/readonly
=== PAUSE TestOptionalWideningRefused/readonly
=== RUN   TestOptionalWideningRefused/return
=== PAUSE TestOptionalWideningRefused/return
=== RUN   TestOptionalWideningRefused/shorthand
=== PAUSE TestOptionalWideningRefused/shorthand
=== RUN   TestOptionalWideningRefused/spread
=== PAUSE TestOptionalWideningRefused/spread
=== RUN   TestOptionalWideningRefused/spread_other_missing
=== PAUSE TestOptionalWideningRefused/spread_other_missing
=== RUN   TestOptionalWideningRefused/tuple_element
=== PAUSE TestOptionalWideningRefused/tuple_element
=== CONT  TestOptionalIndexingKeepsUnsupportedStorageNotYet
=== RUN   TestOptionalIndexingKeepsUnsupportedStorageNotYet/typed_ordinary_property_continuation
--- PASS: TestParameterPropertiesSoundness (0.82s)
    --- PASS: TestParameterPropertiesSoundness/readonly_view (0.11s)
    --- PASS: TestParameterPropertiesSoundness/mutable_override (0.12s)
    --- PASS: TestParameterPropertiesSoundness/readonly_override (0.15s)
    --- PASS: TestParameterPropertiesSoundness/inherited_initializer (0.11s)
    --- PASS: TestParameterPropertiesSoundness/early_default (0.15s)
    --- PASS: TestParameterPropertiesSoundness/field_initializer (0.18s)
=== CONT  TestOptionalIndexingKeepsIndexSignaturesRefused
=== RUN   TestOptionalIndexingKeepsUnsupportedStorageNotYet/string_numeric_key
--- PASS: TestParameterPropertyCheckerContracts (1.01s)
=== CONT  TestOptionalIndexingMapShapeRefused
--- PASS: TestOptionalIndexingKeepsIndexSignaturesRefused (0.19s)
=== CONT  TestStep18CallableReceiverContract
--- PASS: TestParameterPropertyValueMatchesNode (1.13s)
=== CONT  TestNonNullAssertionOnPresentTypeIsErased
=== RUN   TestOptionalIndexingKeepsUnsupportedStorageNotYet/sparse_literal
--- PASS: TestNonNullAssertionOnPresentTypeIsErased (0.11s)
=== CONT  TestNonNullAssertionLowersToNullishPanic
--- PASS: TestOptionalIndexingMapShapeRefused (0.13s)
=== CONT  TestAdamicNullishAssertionsAreRefused
=== RUN   TestAdamicNullishAssertionsAreRefused/a/undefined/function_f():_number_{_return_undefined!;_}
=== PAUSE TestAdamicNullishAssertionsAreRefused/a/undefined/function_f():_number_{_return_undefined!;_}
=== RUN   TestAdamicNullishAssertionsAreRefused/a/undefined/console.log(`${undefined!_+_1}`);
=== PAUSE TestAdamicNullishAssertionsAreRefused/a/undefined/console.log(`${undefined!_+_1}`);
=== RUN   TestAdamicNullishAssertionsAreRefused/a/undefined/console.log(`${undefined!_===_undefined}`);
=== PAUSE TestAdamicNullishAssertionsAreRefused/a/undefined/console.log(`${undefined!_===_undefined}`);
=== RUN   TestAdamicNullishAssertionsAreRefused/a/undefined/let_value=1;_console.log(`${value=undefined!}`);
=== PAUSE TestAdamicNullishAssertionsAreRefused/a/undefined/let_value=1;_console.log(`${value=undefined!}`);
=== RUN   TestAdamicNullishAssertionsAreRefused/a/undefined/let_value=1;_const_assigned=(value=undefined!);
=== PAUSE TestAdamicNullishAssertionsAreRefused/a/undefined/let_value=1;_const_assigned=(value=undefined!);
=== RUN   TestAdamicNullishAssertionsAreRefused/a/undefined/let_value=1;_function_f():_number_{_return_value=undefined!;_}
=== PAUSE TestAdamicNullishAssertionsAreRefused/a/undefined/let_value=1;_function_f():_number_{_return_value=undefined!;_}
=== RUN   TestAdamicNullishAssertionsAreRefused/a/undefined/let_value=1;_value_+=_undefined!;
=== PAUSE TestAdamicNullishAssertionsAreRefused/a/undefined/let_value=1;_value_+=_undefined!;
=== RUN   TestAdamicNullishAssertionsAreRefused/a/undefined/let_value=1;_value=(undefined!_+_1);
=== PAUSE TestAdamicNullishAssertionsAreRefused/a/undefined/let_value=1;_value=(undefined!_+_1);
=== RUN   TestAdamicNullishAssertionsAreRefused/a/undefined/let_value=1;_const_absent=undefined;_value=absent!;
=== PAUSE TestAdamicNullishAssertionsAreRefused/a/undefined/let_value=1;_const_absent=undefined;_value=absent!;
=== RUN   TestAdamicNullishAssertionsAreRefused/a/undefined/let_value=1;_let_other=2;_value=other=undefined!;
=== PAUSE TestAdamicNullishAssertionsAreRefused/a/undefined/let_value=1;_let_other=2;_value=other=undefined!;
=== RUN   TestAdamicNullishAssertionsAreRefused/a/undefined/let_value=1;_const_clear=():_number_=>_value=undefined!;
=== PAUSE TestAdamicNullishAssertionsAreRefused/a/undefined/let_value=1;_const_clear=():_number_=>_value=undefined!;
=== RUN   TestAdamicNullishAssertionsAreRefused/a/undefined/const_values=[1];_values[0]=undefined!;
=== PAUSE TestAdamicNullishAssertionsAreRefused/a/undefined/const_values=[1];_values[0]=undefined!;
=== RUN   TestAdamicNullishAssertionsAreRefused/a/undefined/class_Box_{_value=1;_}_const_box=new_Box();_console.log(`${box.value=undefined!}`);
=== PAUSE TestAdamicNullishAssertionsAreRefused/a/undefined/class_Box_{_value=1;_}_const_box=new_Box();_console.log(`${box.value=undefined!}`);
=== RUN   TestAdamicNullishAssertionsAreRefused/a/undefined/const_value:_number_=_true_?_undefined!_:_1;
=== PAUSE TestAdamicNullishAssertionsAreRefused/a/undefined/const_value:_number_=_true_?_undefined!_:_1;
=== RUN   TestAdamicNullishAssertionsAreRefused/a/undefined/const_value:_number_=_1_||_undefined!;
=== PAUSE TestAdamicNullishAssertionsAreRefused/a/undefined/const_value:_number_=_1_||_undefined!;
=== RUN   TestAdamicNullishAssertionsAreRefused/a/undefined/const_values_=_[undefined!];
=== PAUSE TestAdamicNullishAssertionsAreRefused/a/undefined/const_values_=_[undefined!];
=== RUN   TestAdamicNullishAssertionsAreRefused/a/undefined/const_values_=_[...undefined!];
=== PAUSE TestAdamicNullishAssertionsAreRefused/a/undefined/const_values_=_[...undefined!];
=== RUN   TestAdamicNullishAssertionsAreRefused/a/undefined/const_box:_{value:_number;_other:_number}_=_{value:_undefined!,_get_other():_number_{_return_1;_}};
=== PAUSE TestAdamicNullishAssertionsAreRefused/a/undefined/const_box:_{value:_number;_other:_number}_=_{value:_undefined!,_get_other():_number_{_return_1;_}};
=== RUN   TestAdamicNullishAssertionsAreRefused/a/undefined/console.log(undefined!);
=== PAUSE TestAdamicNullishAssertionsAreRefused/a/undefined/console.log(undefined!);
=== RUN   TestAdamicNullishAssertionsAreRefused/a/undefined/const_absent_=_undefined;_console.log(absent!);
=== PAUSE TestAdamicNullishAssertionsAreRefused/a/undefined/const_absent_=_undefined;_console.log(absent!);
=== RUN   TestAdamicNullishAssertionsAreRefused/a/undefined/function_f(value:_undefined):_void_{_console.log(value!);_}
=== PAUSE TestAdamicNullishAssertionsAreRefused/a/undefined/function_f(value:_undefined):_void_{_console.log(value!);_}
=== RUN   TestAdamicNullishAssertionsAreRefused/a/null/function_f():_number_{_return_null!;_}
=== PAUSE TestAdamicNullishAssertionsAreRefused/a/null/function_f():_number_{_return_null!;_}
=== RUN   TestAdamicNullishAssertionsAreRefused/a/null/console.log(`${null!_+_1}`);
=== PAUSE TestAdamicNullishAssertionsAreRefused/a/null/console.log(`${null!_+_1}`);
=== RUN   TestAdamicNullishAssertionsAreRefused/a/null/console.log(`${null!_===_undefined}`);
=== PAUSE TestAdamicNullishAssertionsAreRefused/a/null/console.log(`${null!_===_undefined}`);
=== RUN   TestAdamicNullishAssertionsAreRefused/a/null/let_value=1;_console.log(`${value=null!}`);
=== PAUSE TestAdamicNullishAssertionsAreRefused/a/null/let_value=1;_console.log(`${value=null!}`);
=== RUN   TestAdamicNullishAssertionsAreRefused/a/null/let_value=1;_const_assigned=(value=null!);
=== PAUSE TestAdamicNullishAssertionsAreRefused/a/null/let_value=1;_const_assigned=(value=null!);
=== RUN   TestAdamicNullishAssertionsAreRefused/a/null/let_value=1;_function_f():_number_{_return_value=null!;_}
=== PAUSE TestAdamicNullishAssertionsAreRefused/a/null/let_value=1;_function_f():_number_{_return_value=null!;_}
=== RUN   TestAdamicNullishAssertionsAreRefused/a/null/let_value=1;_value_+=_null!;
=== PAUSE TestAdamicNullishAssertionsAreRefused/a/null/let_value=1;_value_+=_null!;
=== RUN   TestAdamicNullishAssertionsAreRefused/a/null/let_value=1;_value=(null!_+_1);
=== PAUSE TestAdamicNullishAssertionsAreRefused/a/null/let_value=1;_value=(null!_+_1);
=== RUN   TestAdamicNullishAssertionsAreRefused/a/null/let_value=1;_const_absent=null;_value=absent!;
=== PAUSE TestAdamicNullishAssertionsAreRefused/a/null/let_value=1;_const_absent=null;_value=absent!;
=== RUN   TestAdamicNullishAssertionsAreRefused/a/null/let_value=1;_let_other=2;_value=other=null!;
=== PAUSE TestAdamicNullishAssertionsAreRefused/a/null/let_value=1;_let_other=2;_value=other=null!;
=== RUN   TestAdamicNullishAssertionsAreRefused/a/null/let_value=1;_const_clear=():_number_=>_value=null!;
=== PAUSE TestAdamicNullishAssertionsAreRefused/a/null/let_value=1;_const_clear=():_number_=>_value=null!;
=== RUN   TestAdamicNullishAssertionsAreRefused/a/null/const_values=[1];_values[0]=null!;
=== PAUSE TestAdamicNullishAssertionsAreRefused/a/null/const_values=[1];_values[0]=null!;
=== RUN   TestAdamicNullishAssertionsAreRefused/a/null/class_Box_{_value=1;_}_const_box=new_Box();_console.log(`${box.value=null!}`);
=== PAUSE TestAdamicNullishAssertionsAreRefused/a/null/class_Box_{_value=1;_}_const_box=new_Box();_console.log(`${box.value=null!}`);
=== RUN   TestAdamicNullishAssertionsAreRefused/a/null/const_value:_number_=_true_?_null!_:_1;
=== PAUSE TestAdamicNullishAssertionsAreRefused/a/null/const_value:_number_=_true_?_null!_:_1;
=== RUN   TestAdamicNullishAssertionsAreRefused/a/null/const_value:_number_=_1_||_null!;
=== PAUSE TestAdamicNullishAssertionsAreRefused/a/null/const_value:_number_=_1_||_null!;
=== RUN   TestAdamicNullishAssertionsAreRefused/a/null/const_values_=_[null!];
=== PAUSE TestAdamicNullishAssertionsAreRefused/a/null/const_values_=_[null!];
=== RUN   TestAdamicNullishAssertionsAreRefused/a/null/const_values_=_[...null!];
=== PAUSE TestAdamicNullishAssertionsAreRefused/a/null/const_values_=_[...null!];
=== RUN   TestAdamicNullishAssertionsAreRefused/a/null/const_box:_{value:_number;_other:_number}_=_{value:_null!,_get_other():_number_{_return_1;_}};
=== PAUSE TestAdamicNullishAssertionsAreRefused/a/null/const_box:_{value:_number;_other:_number}_=_{value:_null!,_get_other():_number_{_return_1;_}};
=== RUN   TestAdamicNullishAssertionsAreRefused/a/null/console.log(null!);
=== PAUSE TestAdamicNullishAssertionsAreRefused/a/null/console.log(null!);
=== RUN   TestAdamicNullishAssertionsAreRefused/a/null/const_absent_=_null;_console.log(absent!);
=== PAUSE TestAdamicNullishAssertionsAreRefused/a/null/const_absent_=_null;_console.log(absent!);
=== RUN   TestAdamicNullishAssertionsAreRefused/a/null/function_f(value:_null):_void_{_console.log(value!);_}
=== PAUSE TestAdamicNullishAssertionsAreRefused/a/null/function_f(value:_null):_void_{_console.log(value!);_}
=== CONT  TestParserNodeArraySchemaFailsClosed
--- PASS: TestParserNodeArraySchemaFailsClosed (0.00s)
=== CONT  TestParserNodeArrayPresence
--- PASS: TestParserNodeArrayPresence (0.00s)
=== CONT  TestParserNodeArrayLayout
--- PASS: TestParserNodeArrayLayout (0.00s)
=== CONT  TestNestedRestIsSupported
=== RUN   TestOptionalIndexingKeepsUnsupportedStorageNotYet/open_record
--- PASS: TestStep18CallableReceiverContract (0.27s)
=== CONT  TestNestedBodylessDeclarationsAreLoud
=== RUN   TestNestedBodylessDeclarationsAreLoud/missing_implementation
=== PAUSE TestNestedBodylessDeclarationsAreLoud/missing_implementation
=== RUN   TestNestedBodylessDeclarationsAreLoud/body_lowering
=== PAUSE TestNestedBodylessDeclarationsAreLoud/body_lowering
=== CONT  TestNestedCallbackCycleIsRefused
--- PASS: TestNonNullAssertionLowersToNullishPanic (0.16s)
=== CONT  TestNestedRebindingNotYet
=== RUN   TestOptionalIndexingKeepsUnsupportedStorageNotYet/index_after_ordinary_continuation
--- PASS: TestNestedCallbackCycleIsRefused (0.19s)
=== CONT  TestClosedFrameInputRejectsMutation
--- PASS: TestNestedRebindingNotYet (0.23s)
=== CONT  TestNestedCapturedParametersAreOwned
--- PASS: TestOptionalIndexingKeepsUnsupportedStorageNotYet (0.75s)
    --- PASS: TestOptionalIndexingKeepsUnsupportedStorageNotYet/typed_ordinary_property_continuation (0.12s)
    --- PASS: TestOptionalIndexingKeepsUnsupportedStorageNotYet/string_numeric_key (0.14s)
    --- PASS: TestOptionalIndexingKeepsUnsupportedStorageNotYet/sparse_literal (0.18s)
    --- PASS: TestOptionalIndexingKeepsUnsupportedStorageNotYet/open_record (0.13s)
    --- PASS: TestOptionalIndexingKeepsUnsupportedStorageNotYet/index_after_ordinary_continuation (0.18s)
=== CONT  TestNestedEnvironmentCycleIncludesDisjointSlots
--- PASS: TestNestedRestIsSupported (0.47s)
=== CONT  TestNestedEnvironmentHasOneAllocationSite
--- PASS: TestNestedEnvironmentCycleIncludesDisjointSlots (0.18s)
=== CONT  TestNestedFunctionCycleIsRefused
--- PASS: TestNestedFunctionCycleIsRefused (0.20s)
=== CONT  TestNestedFunctionGapsAreLoud
=== RUN   TestNestedFunctionGapsAreLoud/block
=== RUN   TestNestedFunctionGapsAreLoud/generic
=== RUN   TestPredicateOverloadRuntime/overload_some
--- PASS: TestNestedEnvironmentHasOneAllocationSite (0.53s)
=== CONT  TestEmptyNeverMapCannotGainWritableInhabitants
--- PASS: TestNestedCapturedParametersAreOwned (0.67s)
=== CONT  TestNamespaceClosedCallGraphEdges
=== RUN   TestNestedFunctionGapsAreLoud/dynamic_this
--- PASS: TestClosedFrameInputRejectsMutation (0.82s)
=== CONT  TestNamespaceInitializationReachability
=== RUN   TestNamespaceInitializationReachability/direct
--- PASS: TestEmptyNeverMapCannotGainWritableInhabitants (0.19s)
=== CONT  TestNamespaceReturnedAssignmentLimits
--- PASS: TestNestedFunctionGapsAreLoud (0.48s)
    --- PASS: TestNestedFunctionGapsAreLoud/block (0.17s)
    --- PASS: TestNestedFunctionGapsAreLoud/generic (0.15s)
    --- PASS: TestNestedFunctionGapsAreLoud/dynamic_this (0.16s)
=== CONT  TestDebugNamespaceMergedCapabilities
=== RUN   TestDebugNamespaceMergedCapabilities/debug_log.a
=== PAUSE TestDebugNamespaceMergedCapabilities/debug_log.a
=== RUN   TestDebugNamespaceMergedCapabilities/class_merge.a
=== PAUSE TestDebugNamespaceMergedCapabilities/class_merge.a
=== RUN   TestDebugNamespaceMergedCapabilities/debug_class.a
=== PAUSE TestDebugNamespaceMergedCapabilities/debug_class.a
=== CONT  TestTracingNamespaceEscapeLowers
=== RUN   TestNamespaceInitializationReachability/helper
--- PASS: TestTracingNamespaceEscapeLowers (0.13s)
=== CONT  TestNamespaceTypesErase
=== RUN   TestNamespaceInitializationReachability/cycle
--- PASS: TestNamespaceReturnedAssignmentLimits (0.36s)
=== CONT  TestNamespaceReceiverRefusal
--- PASS: TestNamespaceInitializationReachability (0.40s)
    --- PASS: TestNamespaceInitializationReachability/direct (0.12s)
    --- PASS: TestNamespaceInitializationReachability/helper (0.16s)
    --- PASS: TestNamespaceInitializationReachability/cycle (0.12s)
=== CONT  TestNamespaceLimitsStayLoud
=== RUN   TestNamespaceLimitsStayLoud/computed_enum
=== RUN   TestNamespaceLimitsStayLoud/reopened_enum
--- PASS: TestNamespaceReceiverRefusal (0.16s)
=== CONT  TestTscNamespaceDeclarationShapes
--- PASS: TestNamespaceClosedCallGraphEdges (0.83s)
=== CONT  TestMissingBindingSymbolHasStructuredLocation
=== RUN   TestTscNamespaceDeclarationShapes/BuilderState
=== PAUSE TestTscNamespaceDeclarationShapes/BuilderState
=== RUN   TestTscNamespaceDeclarationShapes/JsxNames
=== PAUSE TestTscNamespaceDeclarationShapes/JsxNames
=== RUN   TestTscNamespaceDeclarationShapes/ReactNames
=== PAUSE TestTscNamespaceDeclarationShapes/ReactNames
=== RUN   TestTscNamespaceDeclarationShapes/BinaryExpressionState
=== PAUSE TestTscNamespaceDeclarationShapes/BinaryExpressionState
=== RUN   TestTscNamespaceDeclarationShapes/Parser.JSDocParser
=== PAUSE TestTscNamespaceDeclarationShapes/Parser.JSDocParser
=== RUN   TestTscNamespaceDeclarationShapes/Debug
=== PAUSE TestTscNamespaceDeclarationShapes/Debug
=== RUN   TestTscNamespaceDeclarationShapes/Debug.log
=== PAUSE TestTscNamespaceDeclarationShapes/Debug.log
=== RUN   TestTscNamespaceDeclarationShapes/Parser
=== PAUSE TestTscNamespaceDeclarationShapes/Parser
=== RUN   TestTscNamespaceDeclarationShapes/IncrementalParser
=== PAUSE TestTscNamespaceDeclarationShapes/IncrementalParser
=== RUN   TestTscNamespaceDeclarationShapes/tracingEnabled
=== PAUSE TestTscNamespaceDeclarationShapes/tracingEnabled
=== RUN   TestNamespaceLimitsStayLoud/early_enum
=== CONT  TestParserFactoryBindingHoisting
--- PASS: TestNamespaceTypesErase (0.61s)
=== CONT  TestNamespaceEnumInitializationIndependentOfModuleAnalysis
--- PASS: TestParserFactoryBindingHoisting (0.10s)
=== CONT  TestNamespaceCallGraphCycleUnion
=== CONT  TestNamespaceCallGraphLinearWork
=== RUN   TestNamespaceCallGraphLinearWork/12
--- PASS: TestMissingBindingSymbolHasStructuredLocation (0.13s)
=== RUN   TestNamespaceLimitsStayLoud/function_merge_escape
--- PASS: TestNamespaceCallGraphCycleUnion (0.18s)
=== CONT  TestNamespaceAmbientContextsDoNotExecute
--- PASS: TestNamespaceEnumInitializationIndependentOfModuleAnalysis (0.22s)
=== CONT  TestNamespaceAmbientHostInitialization
=== RUN   TestNamespaceCallGraphLinearWork/24
--- PASS: TestNamespaceAmbientContextsDoNotExecute (0.08s)
=== CONT  TestNamespaceReceiverArrowInheritsScope
=== RUN   TestNamespaceLimitsStayLoud/class_merge
--- PASS: TestNamespaceReceiverArrowInheritsScope (0.10s)
=== CONT  TestNamespaceClassEarlyConstructionStaysLoud
--- PASS: TestNamespaceCallGraphLinearWork (0.36s)
    --- PASS: TestNamespaceCallGraphLinearWork/12 (0.21s)
    --- PASS: TestNamespaceCallGraphLinearWork/24 (0.15s)
=== CONT  TestCallableNamespaceReceiverStaysLoud
=== RUN   TestNamespaceAmbientHostInitialization/realpath
=== RUN   TestNamespaceLimitsStayLoud/destructured_state
--- PASS: TestNamespaceClassEarlyConstructionStaysLoud (0.13s)
=== CONT  TestCallableNamespaceLimitsStayLoud
=== RUN   TestCallableNamespaceLimitsStayLoud/escape
=== PAUSE TestCallableNamespaceLimitsStayLoud/escape
=== RUN   TestCallableNamespaceLimitsStayLoud/reflection
=== PAUSE TestCallableNamespaceLimitsStayLoud/reflection
=== RUN   TestCallableNamespaceLimitsStayLoud/replacement
=== PAUSE TestCallableNamespaceLimitsStayLoud/replacement
=== RUN   TestCallableNamespaceLimitsStayLoud/intrinsic
=== PAUSE TestCallableNamespaceLimitsStayLoud/intrinsic
=== RUN   TestCallableNamespaceLimitsStayLoud/intrinsic_method
=== PAUSE TestCallableNamespaceLimitsStayLoud/intrinsic_method
=== RUN   TestCallableNamespaceLimitsStayLoud/early
=== PAUSE TestCallableNamespaceLimitsStayLoud/early
=== CONT  TestClassStaticSideEffectMatchesNode
--- PASS: TestCallableNamespaceReceiverStaysLoud (0.14s)
=== CONT  TestAMethodReadAsAValueIsRefused
=== RUN   TestAMethodReadAsAValueIsRefused/held_in_a_variable
=== PAUSE TestAMethodReadAsAValueIsRefused/held_in_a_variable
=== RUN   TestAMethodReadAsAValueIsRefused/passed_as_a_callback
=== PAUSE TestAMethodReadAsAValueIsRefused/passed_as_a_callback
=== RUN   TestAMethodReadAsAValueIsRefused/in_parentheses
=== PAUSE TestAMethodReadAsAValueIsRefused/in_parentheses
=== RUN   TestAMethodReadAsAValueIsRefused/read_through_this
=== PAUSE TestAMethodReadAsAValueIsRefused/read_through_this
=== RUN   TestAMethodReadAsAValueIsRefused/an_interface's_method
=== PAUSE TestAMethodReadAsAValueIsRefused/an_interface's_method
=== RUN   TestAMethodReadAsAValueIsRefused/an_array's_method
=== PAUSE TestAMethodReadAsAValueIsRefused/an_array's_method
=== RUN   TestAMethodReadAsAValueIsRefused/not_called_on_its_object
=== PAUSE TestAMethodReadAsAValueIsRefused/not_called_on_its_object
=== RUN   TestAMethodReadAsAValueIsRefused/not_called_through_parentheses
=== PAUSE TestAMethodReadAsAValueIsRefused/not_called_through_parentheses
=== RUN   TestAMethodReadAsAValueIsRefused/not_called_in_an_arrow
=== PAUSE TestAMethodReadAsAValueIsRefused/not_called_in_an_arrow
=== RUN   TestAMethodReadAsAValueIsRefused/not_a_field_holding_a_function
=== PAUSE TestAMethodReadAsAValueIsRefused/not_a_field_holding_a_function
=== CONT  TestATupleSeenAsAnArrayIsNotYet
=== RUN   TestATupleSeenAsAnArrayIsNotYet/an_initializer
=== PAUSE TestATupleSeenAsAnArrayIsNotYet/an_initializer
=== RUN   TestATupleSeenAsAnArrayIsNotYet/a_cast_literal
=== PAUSE TestATupleSeenAsAnArrayIsNotYet/a_cast_literal
=== RUN   TestATupleSeenAsAnArrayIsNotYet/an_assignment
=== PAUSE TestATupleSeenAsAnArrayIsNotYet/an_assignment
=== RUN   TestATupleSeenAsAnArrayIsNotYet/an_argument
=== PAUSE TestATupleSeenAsAnArrayIsNotYet/an_argument
=== RUN   TestATupleSeenAsAnArrayIsNotYet/a_return
=== PAUSE TestATupleSeenAsAnArrayIsNotYet/a_return
=== RUN   TestATupleSeenAsAnArrayIsNotYet/a_field
=== PAUSE TestATupleSeenAsAnArrayIsNotYet/a_field
=== RUN   TestATupleSeenAsAnArrayIsNotYet/an_element
=== PAUSE TestATupleSeenAsAnArrayIsNotYet/an_element
=== RUN   TestATupleSeenAsAnArrayIsNotYet/an_arrow's_body
=== PAUSE TestATupleSeenAsAnArrayIsNotYet/an_arrow's_body
=== RUN   TestATupleSeenAsAnArrayIsNotYet/a_map's_value
=== PAUSE TestATupleSeenAsAnArrayIsNotYet/a_map's_value
=== RUN   TestATupleSeenAsAnArrayIsNotYet/a_slot_that_may_be_undefined
=== PAUSE TestATupleSeenAsAnArrayIsNotYet/a_slot_that_may_be_undefined
=== RUN   TestATupleSeenAsAnArrayIsNotYet/an_array_of_tuples_seen_as_an_array_of_arrays
=== PAUSE TestATupleSeenAsAnArrayIsNotYet/an_array_of_tuples_seen_as_an_array_of_arrays
=== RUN   TestATupleSeenAsAnArrayIsNotYet/a_tuple_field_seen_as_an_array_field
=== PAUSE TestATupleSeenAsAnArrayIsNotYet/a_tuple_field_seen_as_an_array_field
=== RUN   TestATupleSeenAsAnArrayIsNotYet/a_function_returning_a_tuple_seen_as_returning_an_array
=== PAUSE TestATupleSeenAsAnArrayIsNotYet/a_function_returning_a_tuple_seen_as_returning_an_array
=== RUN   TestATupleSeenAsAnArrayIsNotYet/an_array_method_called_on_a_tuple
=== PAUSE TestATupleSeenAsAnArrayIsNotYet/an_array_method_called_on_a_tuple
=== CONT  TestAViewThatCantWriteIsNotRefused
=== RUN   TestAViewThatCantWriteIsNotRefused/a_destructuring_declaration_of_a_readonly_field
=== PAUSE TestAViewThatCantWriteIsNotRefused/a_destructuring_declaration_of_a_readonly_field
=== RUN   TestAViewThatCantWriteIsNotRefused/a_destructuring_assignment's_elements_going_into_wider_names
=== PAUSE TestAViewThatCantWriteIsNotRefused/a_destructuring_assignment's_elements_going_into_wider_names
=== RUN   TestAViewThatCantWriteIsNotRefused/an_array_seen_as_a_readonly_wider_array
=== PAUSE TestAViewThatCantWriteIsNotRefused/an_array_seen_as_a_readonly_wider_array
=== RUN   TestAViewThatCantWriteIsNotRefused/a_readonly_field_seen_wider
=== PAUSE TestAViewThatCantWriteIsNotRefused/a_readonly_field_seen_wider
=== RUN   TestAViewThatCantWriteIsNotRefused/a_type_parameter_as_itself
=== PAUSE TestAViewThatCantWriteIsNotRefused/a_type_parameter_as_itself
=== RUN   TestAViewThatCantWriteIsNotRefused/a_type_parameter_narrowed_from_undefined,_as_itself
=== PAUSE TestAViewThatCantWriteIsNotRefused/a_type_parameter_narrowed_from_undefined,_as_itself
=== RUN   TestAViewThatCantWriteIsNotRefused/an_intersection's_array_seen_as_a_readonly_array_with_the_same_tag
=== PAUSE TestAViewThatCantWriteIsNotRefused/an_intersection's_array_seen_as_a_readonly_array_with_the_same_tag
=== RUN   TestAViewThatCantWriteIsNotRefused/a_readonly_field_seen_as_a_readonly_field
=== PAUSE TestAViewThatCantWriteIsNotRefused/a_readonly_field_seen_as_a_readonly_field
=== RUN   TestAViewThatCantWriteIsNotRefused/a_writable_field_seen_as_a_readonly_one
=== PAUSE TestAViewThatCantWriteIsNotRefused/a_writable_field_seen_as_a_readonly_one
=== RUN   TestAViewThatCantWriteIsNotRefused/a_readonly_field_seen_as_its_own_type
=== PAUSE TestAViewThatCantWriteIsNotRefused/a_readonly_field_seen_as_its_own_type
=== RUN   TestAViewThatCantWriteIsNotRefused/a_readonly_field_copied_into_a_writable_one
=== PAUSE TestAViewThatCantWriteIsNotRefused/a_readonly_field_copied_into_a_writable_one
=== RUN   TestAViewThatCantWriteIsNotRefused/a_copy_made_by_slice
=== PAUSE TestAViewThatCantWriteIsNotRefused/a_copy_made_by_slice
=== RUN   TestAViewThatCantWriteIsNotRefused/a_copy_made_by_map
=== PAUSE TestAViewThatCantWriteIsNotRefused/a_copy_made_by_map
=== RUN   TestAViewThatCantWriteIsNotRefused/a_copy_made_by_filter
=== PAUSE TestAViewThatCantWriteIsNotRefused/a_copy_made_by_filter
=== RUN   TestAViewThatCantWriteIsNotRefused/a_conditional_of_fresh_arrays
=== PAUSE TestAViewThatCantWriteIsNotRefused/a_conditional_of_fresh_arrays
=== RUN   TestAViewThatCantWriteIsNotRefused/a_Map_made_from_pairs
=== PAUSE TestAViewThatCantWriteIsNotRefused/a_Map_made_from_pairs
=== RUN   TestAViewThatCantWriteIsNotRefused/a_conditional_of_fresh_copies
=== PAUSE TestAViewThatCantWriteIsNotRefused/a_conditional_of_fresh_copies
=== RUN   TestAViewThatCantWriteIsNotRefused/a_new_Map_passed
=== PAUSE TestAViewThatCantWriteIsNotRefused/a_new_Map_passed
=== RUN   TestAViewThatCantWriteIsNotRefused/a_new_Map
=== PAUSE TestAViewThatCantWriteIsNotRefused/a_new_Map
=== RUN   TestAViewThatCantWriteIsNotRefused/a_union_target_that_can't_write
=== PAUSE TestAViewThatCantWriteIsNotRefused/a_union_target_that_can't_write
=== RUN   TestAViewThatCantWriteIsNotRefused/a_shorthand_property_that_can't_write
=== PAUSE TestAViewThatCantWriteIsNotRefused/a_shorthand_property_that_can't_write
=== RUN   TestAViewThatCantWriteIsNotRefused/a_destructuring_with_no_type
=== PAUSE TestAViewThatCantWriteIsNotRefused/a_destructuring_with_no_type
=== RUN   TestAViewThatCantWriteIsNotRefused/a_method_returning_the_same_type
=== PAUSE TestAViewThatCantWriteIsNotRefused/a_method_returning_the_same_type
=== RUN   TestAViewThatCantWriteIsNotRefused/a_class_seen_as_itself
=== PAUSE TestAViewThatCantWriteIsNotRefused/a_class_seen_as_itself
=== RUN   TestAViewThatCantWriteIsNotRefused/an_intersection_seen_as_itself
=== PAUSE TestAViewThatCantWriteIsNotRefused/an_intersection_seen_as_itself
=== CONT  TestAMutableLocationSeenWiderIsRefused
=== RUN   TestAMutableLocationSeenWiderIsRefused/an_array_seen_as_a_wider_array
=== PAUSE TestAMutableLocationSeenWiderIsRefused/an_array_seen_as_a_wider_array
=== RUN   TestAMutableLocationSeenWiderIsRefused/a_mutable_field_seen_as_a_wider_field
=== PAUSE TestAMutableLocationSeenWiderIsRefused/a_mutable_field_seen_as_a_wider_field
=== RUN   TestAMutableLocationSeenWiderIsRefused/a_map's_values_seen_wider,_passed
=== PAUSE TestAMutableLocationSeenWiderIsRefused/a_map's_values_seen_wider,_passed
=== RUN   TestAMutableLocationSeenWiderIsRefused/a_function_seen_as_taking_a_narrower_array
=== PAUSE TestAMutableLocationSeenWiderIsRefused/a_function_seen_as_taking_a_narrower_array
=== RUN   TestAMutableLocationSeenWiderIsRefused/an_array_of_arrays_seen_wider_behind_readonly
=== PAUSE TestAMutableLocationSeenWiderIsRefused/an_array_of_arrays_seen_wider_behind_readonly
=== RUN   TestAMutableLocationSeenWiderIsRefused/a_type_parameter's_constraint:_a_Narrow_into_a_Pack_slot
=== PAUSE TestAMutableLocationSeenWiderIsRefused/a_type_parameter's_constraint:_a_Narrow_into_a_Pack_slot
=== RUN   TestAMutableLocationSeenWiderIsRefused/an_explicit_type_argument_widens_a_mutable_parameter
=== PAUSE TestAMutableLocationSeenWiderIsRefused/an_explicit_type_argument_widens_a_mutable_parameter
=== RUN   TestAMutableLocationSeenWiderIsRefused/an_inferred_type_argument_makes_a_generic_write_unsafe
=== PAUSE TestAMutableLocationSeenWiderIsRefused/an_inferred_type_argument_makes_a_generic_write_unsafe
=== RUN   TestAMutableLocationSeenWiderIsRefused/a_type_parameter's_constraint_behind_a_readonly_property
=== PAUSE TestAMutableLocationSeenWiderIsRefused/a_type_parameter's_constraint_behind_a_readonly_property
=== RUN   TestAMutableLocationSeenWiderIsRefused/a_type_parameter_whose_constraint_is_narrower,_seen_as_the_wider_array
=== PAUSE TestAMutableLocationSeenWiderIsRefused/a_type_parameter_whose_constraint_is_narrower,_seen_as_the_wider_array
=== RUN   TestAMutableLocationSeenWiderIsRefused/an_intersection's_array_seen_as_an_intersection's
=== PAUSE TestAMutableLocationSeenWiderIsRefused/an_intersection's_array_seen_as_an_intersection's
=== RUN   TestAMutableLocationSeenWiderIsRefused/an_array_of_targets_seen_as_an_array_of_Weak
=== PAUSE TestAMutableLocationSeenWiderIsRefused/an_array_of_targets_seen_as_an_array_of_Weak
=== RUN   TestAMutableLocationSeenWiderIsRefused/an_object_seen_with_a_mutable_field_weak_in_one_view_only
=== PAUSE TestAMutableLocationSeenWiderIsRefused/an_object_seen_with_a_mutable_field_weak_in_one_view_only
=== RUN   TestAMutableLocationSeenWiderIsRefused/a_readonly_field_turned_back_into_a_writable_one
=== PAUSE TestAMutableLocationSeenWiderIsRefused/a_readonly_field_turned_back_into_a_writable_one
=== RUN   TestAMutableLocationSeenWiderIsRefused/a_readonly_field_made_writable_by_a_mapped_type
=== PAUSE TestAMutableLocationSeenWiderIsRefused/a_readonly_field_made_writable_by_a_mapped_type
=== RUN   TestAMutableLocationSeenWiderIsRefused/a_readonly_array_field_turned_writable
=== PAUSE TestAMutableLocationSeenWiderIsRefused/a_readonly_array_field_turned_writable
=== RUN   TestAMutableLocationSeenWiderIsRefused/a_readonly_field_turned_writable_inside_a_readonly_array
=== PAUSE TestAMutableLocationSeenWiderIsRefused/a_readonly_field_turned_writable_inside_a_readonly_array
=== RUN   TestAMutableLocationSeenWiderIsRefused/a_readonly_field_of_a_primitive_turned_writable
=== PAUSE TestAMutableLocationSeenWiderIsRefused/a_readonly_field_of_a_primitive_turned_writable
=== RUN   TestAMutableLocationSeenWiderIsRefused/a_shorthand_property
=== PAUSE TestAMutableLocationSeenWiderIsRefused/a_shorthand_property
=== RUN   TestAMutableLocationSeenWiderIsRefused/a_parameter's_default
=== PAUSE TestAMutableLocationSeenWiderIsRefused/a_parameter's_default
=== RUN   TestAMutableLocationSeenWiderIsRefused/a_class_field's_initializer
=== PAUSE TestAMutableLocationSeenWiderIsRefused/a_class_field's_initializer
=== RUN   TestAMutableLocationSeenWiderIsRefused/an_object_spread
=== PAUSE TestAMutableLocationSeenWiderIsRefused/an_object_spread
=== RUN   TestAMutableLocationSeenWiderIsRefused/an_as
=== PAUSE TestAMutableLocationSeenWiderIsRefused/an_as
=== RUN   TestAMutableLocationSeenWiderIsRefused/a_union_target
=== PAUSE TestAMutableLocationSeenWiderIsRefused/a_union_target
=== RUN   TestAMutableLocationSeenWiderIsRefused/a_union_source
=== PAUSE TestAMutableLocationSeenWiderIsRefused/a_union_source
=== RUN   TestAMutableLocationSeenWiderIsRefused/a_conditional_tsc_reduced_to_the_wider_branch
=== PAUSE TestAMutableLocationSeenWiderIsRefused/a_conditional_tsc_reduced_to_the_wider_branch
=== RUN   TestAMutableLocationSeenWiderIsRefused/a_literal's_element_tsc_reduced_to_the_wider
=== PAUSE TestAMutableLocationSeenWiderIsRefused/a_literal's_element_tsc_reduced_to_the_wider
=== RUN   TestAMutableLocationSeenWiderIsRefused/a_return_tsc_reduced_to_the_wider
=== PAUSE TestAMutableLocationSeenWiderIsRefused/a_return_tsc_reduced_to_the_wider
=== RUN   TestAMutableLocationSeenWiderIsRefused/a_method's_return
=== PAUSE TestAMutableLocationSeenWiderIsRefused/a_method's_return
=== RUN   TestAMutableLocationSeenWiderIsRefused/a_method's_parameter,_bivariant_in_tsc
=== PAUSE TestAMutableLocationSeenWiderIsRefused/a_method's_parameter,_bivariant_in_tsc
=== RUN   TestAMutableLocationSeenWiderIsRefused/a_tuple's_later_element
=== PAUSE TestAMutableLocationSeenWiderIsRefused/a_tuple's_later_element
=== RUN   TestAMutableLocationSeenWiderIsRefused/a_class_target
=== PAUSE TestAMutableLocationSeenWiderIsRefused/a_class_target
=== RUN   TestAMutableLocationSeenWiderIsRefused/a_plain_object_seen_as_a_class
=== PAUSE TestAMutableLocationSeenWiderIsRefused/a_plain_object_seen_as_a_class
=== RUN   TestAMutableLocationSeenWiderIsRefused/a_fresh_copy's_elements_seen_wider
=== PAUSE TestAMutableLocationSeenWiderIsRefused/a_fresh_copy's_elements_seen_wider
=== RUN   TestAMutableLocationSeenWiderIsRefused/an_annotated_destructuring
=== PAUSE TestAMutableLocationSeenWiderIsRefused/an_annotated_destructuring
=== RUN   TestAMutableLocationSeenWiderIsRefused/an_intersection's_array_seen_as_a_plain_array
=== PAUSE TestAMutableLocationSeenWiderIsRefused/an_intersection's_array_seen_as_a_plain_array
=== RUN   TestAMutableLocationSeenWiderIsRefused/a_destructuring_assignment's_element_seen_wider
=== PAUSE TestAMutableLocationSeenWiderIsRefused/a_destructuring_assignment's_element_seen_wider
=== RUN   TestAMutableLocationSeenWiderIsRefused/a_destructuring_assignment's_element_seen_wider_inside_a_readonly_array
=== PAUSE TestAMutableLocationSeenWiderIsRefused/a_destructuring_assignment's_element_seen_wider_inside_a_readonly_array
=== CONT  TestWhatZeroOneRefusesIsRefusedWithAFix
=== RUN   TestWhatZeroOneRefusesIsRefusedWithAFix/var
=== PAUSE TestWhatZeroOneRefusesIsRefusedWithAFix/var
=== RUN   TestWhatZeroOneRefusesIsRefusedWithAFix/async
=== PAUSE TestWhatZeroOneRefusesIsRefusedWithAFix/async
=== RUN   TestWhatZeroOneRefusesIsRefusedWithAFix/!
=== PAUSE TestWhatZeroOneRefusesIsRefusedWithAFix/!
=== RUN   TestWhatZeroOneRefusesIsRefusedWithAFix/==
=== PAUSE TestWhatZeroOneRefusesIsRefusedWithAFix/==
=== RUN   TestWhatZeroOneRefusesIsRefusedWithAFix/delete
=== PAUSE TestWhatZeroOneRefusesIsRefusedWithAFix/delete
=== RUN   TestWhatZeroOneRefusesIsRefusedWithAFix/a_constructor_calling_a_method_before_its_fields_are_set_(R2's,_and_R's_half_built)
=== PAUSE TestWhatZeroOneRefusesIsRefusedWithAFix/a_constructor_calling_a_method_before_its_fields_are_set_(R2's,_and_R's_half_built)
=== RUN   TestWhatZeroOneRefusesIsRefusedWithAFix/a_constructor_handing_this_out_before_its_fields_are_set_(R's_early_this)
=== PAUSE TestWhatZeroOneRefusesIsRefusedWithAFix/a_constructor_handing_this_out_before_its_fields_are_set_(R's_early_this)
=== RUN   TestWhatZeroOneRefusesIsRefusedWithAFix/a_constructor_storing_this_before_its_fields_are_set
=== PAUSE TestWhatZeroOneRefusesIsRefusedWithAFix/a_constructor_storing_this_before_its_fields_are_set
=== RUN   TestWhatZeroOneRefusesIsRefusedWithAFix/a_constructor_storing_this,_a_field_set_only_in_a_branch
=== PAUSE TestWhatZeroOneRefusesIsRefusedWithAFix/a_constructor_storing_this,_a_field_set_only_in_a_branch
=== RUN   TestWhatZeroOneRefusesIsRefusedWithAFix/a_filter_that_decides_by_truthiness
=== PAUSE TestWhatZeroOneRefusesIsRefusedWithAFix/a_filter_that_decides_by_truthiness
=== RUN   TestWhatZeroOneRefusesIsRefusedWithAFix/Array.from's_undefined_typed_as_a_number
=== PAUSE TestWhatZeroOneRefusesIsRefusedWithAFix/Array.from's_undefined_typed_as_a_number
=== RUN   TestWhatZeroOneRefusesIsRefusedWithAFix/a_parent_pointer_not_declared_weak
=== PAUSE TestWhatZeroOneRefusesIsRefusedWithAFix/a_parent_pointer_not_declared_weak
=== RUN   TestWhatZeroOneRefusesIsRefusedWithAFix/a_doubly_linked_list_with_a_strong_next
=== PAUSE TestWhatZeroOneRefusesIsRefusedWithAFix/a_doubly_linked_list_with_a_strong_next
=== RUN   TestWhatZeroOneRefusesIsRefusedWithAFix/a_closure_in_a_cell_it_captures
=== PAUSE TestWhatZeroOneRefusesIsRefusedWithAFix/a_closure_in_a_cell_it_captures
=== RUN   TestWhatZeroOneRefusesIsRefusedWithAFix/a_mutable_array_of_children
=== PAUSE TestWhatZeroOneRefusesIsRefusedWithAFix/a_mutable_array_of_children
=== RUN   TestWhatZeroOneRefusesIsRefusedWithAFix/a_callback_that_captures_what_holds_it
=== PAUSE TestWhatZeroOneRefusesIsRefusedWithAFix/a_callback_that_captures_what_holds_it
=== RUN   TestWhatZeroOneRefusesIsRefusedWithAFix/a_map_whose_values_reach_back
=== PAUSE TestWhatZeroOneRefusesIsRefusedWithAFix/a_map_whose_values_reach_back
=== RUN   TestWhatZeroOneRefusesIsRefusedWithAFix/a_map_whose_keys_reach_back
=== PAUSE TestWhatZeroOneRefusesIsRefusedWithAFix/a_map_whose_keys_reach_back
=== RUN   TestWhatZeroOneRefusesIsRefusedWithAFix/a_set_whose_elements_reach_back
=== PAUSE TestWhatZeroOneRefusesIsRefusedWithAFix/a_set_whose_elements_reach_back
=== RUN   TestWhatZeroOneRefusesIsRefusedWithAFix/a_map_of_sets_that_reach_back
=== PAUSE TestWhatZeroOneRefusesIsRefusedWithAFix/a_map_of_sets_that_reach_back
=== RUN   TestWhatZeroOneRefusesIsRefusedWithAFix/a_cycle_through_a_subtype
=== PAUSE TestWhatZeroOneRefusesIsRefusedWithAFix/a_cycle_through_a_subtype
=== RUN   TestWhatZeroOneRefusesIsRefusedWithAFix/a_cycle_only_a_later_instantiation_closes
=== PAUSE TestWhatZeroOneRefusesIsRefusedWithAFix/a_cycle_only_a_later_instantiation_closes
=== RUN   TestWhatZeroOneRefusesIsRefusedWithAFix/a_cycle_a_generic_class_makes_but_never_names
=== PAUSE TestWhatZeroOneRefusesIsRefusedWithAFix/a_cycle_a_generic_class_makes_but_never_names
=== RUN   TestWhatZeroOneRefusesIsRefusedWithAFix/a_generic_cell_holding_a_function_that_captures_it
=== PAUSE TestWhatZeroOneRefusesIsRefusedWithAFix/a_generic_cell_holding_a_function_that_captures_it
=== RUN   TestWhatZeroOneRefusesIsRefusedWithAFix/reduce_without_an_initial_value
=== PAUSE TestWhatZeroOneRefusesIsRefusedWithAFix/reduce_without_an_initial_value
=== RUN   TestWhatZeroOneRefusesIsRefusedWithAFix/Math.random
=== PAUSE TestWhatZeroOneRefusesIsRefusedWithAFix/Math.random
=== RUN   TestWhatZeroOneRefusesIsRefusedWithAFix/Math.random,_not_called
=== PAUSE TestWhatZeroOneRefusesIsRefusedWithAFix/Math.random,_not_called
=== RUN   TestWhatZeroOneRefusesIsRefusedWithAFix/a_method_read_off_its_object
=== PAUSE TestWhatZeroOneRefusesIsRefusedWithAFix/a_method_read_off_its_object
=== RUN   TestWhatZeroOneRefusesIsRefusedWithAFix/this.method_read_as_a_value
=== PAUSE TestWhatZeroOneRefusesIsRefusedWithAFix/this.method_read_as_a_value
=== RUN   TestWhatZeroOneRefusesIsRefusedWithAFix/an_unchecked_cast
=== PAUSE TestWhatZeroOneRefusesIsRefusedWithAFix/an_unchecked_cast
=== CONT  TestWhatStageZeroCannotLowerIsRefusedWithWhereAndWhat
=== RUN   TestWhatStageZeroCannotLowerIsRefusedWithWhereAndWhat/a_class_inside_a_function
=== PAUSE TestWhatStageZeroCannotLowerIsRefusedWithWhereAndWhat/a_class_inside_a_function
=== RUN   TestWhatStageZeroCannotLowerIsRefusedWithWhereAndWhat/join_on_an_array_of_functions
=== PAUSE TestWhatStageZeroCannotLowerIsRefusedWithWhereAndWhat/join_on_an_array_of_functions
=== RUN   TestWhatStageZeroCannotLowerIsRefusedWithWhereAndWhat/concat_on_an_array_of_arrays
=== PAUSE TestWhatStageZeroCannotLowerIsRefusedWithWhereAndWhat/concat_on_an_array_of_arrays
=== RUN   TestWhatStageZeroCannotLowerIsRefusedWithWhereAndWhat/an_arrow_returning_never
=== PAUSE TestWhatStageZeroCannotLowerIsRefusedWithWhereAndWhat/an_arrow_returning_never
=== RUN   TestWhatStageZeroCannotLowerIsRefusedWithWhereAndWhat/Array.from_of_an_array
=== PAUSE TestWhatStageZeroCannotLowerIsRefusedWithWhereAndWhat/Array.from_of_an_array
=== RUN   TestWhatStageZeroCannotLowerIsRefusedWithWhereAndWhat/Array.from_without_a_callback
=== PAUSE TestWhatStageZeroCannotLowerIsRefusedWithWhereAndWhat/Array.from_without_a_callback
=== RUN   TestWhatStageZeroCannotLowerIsRefusedWithWhereAndWhat/Array.from_with_a_named_callback
=== PAUSE TestWhatStageZeroCannotLowerIsRefusedWithWhereAndWhat/Array.from_with_a_named_callback
=== RUN   TestWhatStageZeroCannotLowerIsRefusedWithWhereAndWhat/assigning_Array.from's_undefined
=== PAUSE TestWhatStageZeroCannotLowerIsRefusedWithWhereAndWhat/assigning_Array.from's_undefined
=== RUN   TestWhatStageZeroCannotLowerIsRefusedWithWhereAndWhat/an_array_of_boolean_|_undefined
=== PAUSE TestWhatStageZeroCannotLowerIsRefusedWithWhereAndWhat/an_array_of_boolean_|_undefined
=== RUN   TestWhatStageZeroCannotLowerIsRefusedWithWhereAndWhat/a_captured_boolean_|_undefined
=== PAUSE TestWhatStageZeroCannotLowerIsRefusedWithWhereAndWhat/a_captured_boolean_|_undefined
=== RUN   TestWhatStageZeroCannotLowerIsRefusedWithWhereAndWhat/a_class_field_of_a_union
=== PAUSE TestWhatStageZeroCannotLowerIsRefusedWithWhereAndWhat/a_class_field_of_a_union
=== RUN   TestWhatStageZeroCannotLowerIsRefusedWithWhereAndWhat/a_template_of_a_union_with_an_object
=== PAUSE TestWhatStageZeroCannotLowerIsRefusedWithWhereAndWhat/a_template_of_a_union_with_an_object
=== RUN   TestWhatStageZeroCannotLowerIsRefusedWithWhereAndWhat/an_array_of_targets_seen_as_an_array_of_Weak
=== PAUSE TestWhatStageZeroCannotLowerIsRefusedWithWhereAndWhat/an_array_of_targets_seen_as_an_array_of_Weak
=== RUN   TestWhatStageZeroCannotLowerIsRefusedWithWhereAndWhat/a_function_value_capturing_what_it_initializes
=== PAUSE TestWhatStageZeroCannotLowerIsRefusedWithWhereAndWhat/a_function_value_capturing_what_it_initializes
=== RUN   TestWhatStageZeroCannotLowerIsRefusedWithWhereAndWhat/a_tuple_passed_where_an_array_goes
=== PAUSE TestWhatStageZeroCannotLowerIsRefusedWithWhereAndWhat/a_tuple_passed_where_an_array_goes
=== RUN   TestWhatStageZeroCannotLowerIsRefusedWithWhereAndWhat/a_tuple_given_to_a_function_value_taking_an_array
=== PAUSE TestWhatStageZeroCannotLowerIsRefusedWithWhereAndWhat/a_tuple_given_to_a_function_value_taking_an_array
=== RUN   TestWhatStageZeroCannotLowerIsRefusedWithWhereAndWhat/tuples_where_arrays_of_arrays_go
=== PAUSE TestWhatStageZeroCannotLowerIsRefusedWithWhereAndWhat/tuples_where_arrays_of_arrays_go
=== RUN   TestWhatStageZeroCannotLowerIsRefusedWithWhereAndWhat/a_callback_taking_arrays_given_tuples
=== PAUSE TestWhatStageZeroCannotLowerIsRefusedWithWhereAndWhat/a_callback_taking_arrays_given_tuples
=== RUN   TestWhatStageZeroCannotLowerIsRefusedWithWhereAndWhat/a_generic_function_as_a_value
=== PAUSE TestWhatStageZeroCannotLowerIsRefusedWithWhereAndWhat/a_generic_function_as_a_value
=== RUN   TestWhatStageZeroCannotLowerIsRefusedWithWhereAndWhat/an_object_seen_with_a_field_weak_in_one_view_only
=== PAUSE TestWhatStageZeroCannotLowerIsRefusedWithWhereAndWhat/an_object_seen_with_a_field_weak_in_one_view_only
=== RUN   TestWhatStageZeroCannotLowerIsRefusedWithWhereAndWhat/a_function_seen_with_a_parameter_weak_in_one_view_only
=== PAUSE TestWhatStageZeroCannotLowerIsRefusedWithWhereAndWhat/a_function_seen_with_a_parameter_weak_in_one_view_only
=== RUN   TestWhatStageZeroCannotLowerIsRefusedWithWhereAndWhat/a_function_seen_with_a_result_weak_in_one_view_only
=== PAUSE TestWhatStageZeroCannotLowerIsRefusedWithWhereAndWhat/a_function_seen_with_a_result_weak_in_one_view_only
=== RUN   TestWhatStageZeroCannotLowerIsRefusedWithWhereAndWhat/a_spread_seen_with_a_field_weak_in_one_view_only
=== PAUSE TestWhatStageZeroCannotLowerIsRefusedWithWhereAndWhat/a_spread_seen_with_a_field_weak_in_one_view_only
=== RUN   TestWhatStageZeroCannotLowerIsRefusedWithWhereAndWhat/a_template_interpolating_an_object
=== PAUSE TestWhatStageZeroCannotLowerIsRefusedWithWhereAndWhat/a_template_interpolating_an_object
=== CONT  TestConsoleLowersToWriteLine
=== RUN   TestNamespaceLimitsStayLoud/nested_object_var
--- PASS: TestConsoleLowersToWriteLine (0.10s)
=== CONT  TestLibraryStringRefusals
=== RUN   TestLibraryStringRefusals/detached
=== PAUSE TestLibraryStringRefusals/detached
=== RUN   TestLibraryStringRefusals/null_receiver
=== PAUSE TestLibraryStringRefusals/null_receiver
=== RUN   TestLibraryStringRefusals/undefined_receiver
=== PAUSE TestLibraryStringRefusals/undefined_receiver
=== RUN   TestLibraryStringRefusals/String_internal_slot
=== PAUSE TestLibraryStringRefusals/String_internal_slot
=== RUN   TestLibraryStringRefusals/object_conversion
=== PAUSE TestLibraryStringRefusals/object_conversion
=== RUN   TestLibraryStringRefusals/collation
=== PAUSE TestLibraryStringRefusals/collation
=== RUN   TestLibraryStringRefusals/loose_inequality
=== PAUSE TestLibraryStringRefusals/loose_inequality
=== RUN   TestLibraryStringRefusals/first_class_constructor
=== PAUSE TestLibraryStringRefusals/first_class_constructor
=== RUN   TestLibraryStringRefusals/raw_wider_view
=== PAUSE TestLibraryStringRefusals/raw_wider_view
=== CONT  TestLibraryRegexOffsetRequiresNoCaptures
=== RUN   TestPredicateOverloadRuntime/overload_some_empty
=== RUN   TestNamespaceLimitsStayLoud/rest_object_var
=== RUN   TestNamespaceLimitsStayLoud/default_object_var
--- PASS: TestLibraryRegexOffsetRequiresNoCaptures (0.32s)
=== CONT  TestObjectUnprovenShapesStayNotYet
=== RUN   TestObjectUnprovenShapesStayNotYet/Object.assign({value:1},_{extra:2});
=== PAUSE TestObjectUnprovenShapesStayNotYet/Object.assign({value:1},_{extra:2});
=== RUN   TestObjectUnprovenShapesStayNotYet/function_keys(source:{value:number}|undefined):string[]_{_return_Object.keys({...source});_}
=== PAUSE TestObjectUnprovenShapesStayNotYet/function_keys(source:{value:number}|undefined):string[]_{_return_Object.keys({...source});_}
=== RUN   TestObjectUnprovenShapesStayNotYet/function_own(object:{value?:number}):boolean_{_return_Object.hasOwn(object,'value');_}
=== PAUSE TestObjectUnprovenShapesStayNotYet/function_own(object:{value?:number}):boolean_{_return_Object.hasOwn(object,'value');_}
=== RUN   TestObjectUnprovenShapesStayNotYet/Object.groupBy([1,2],_(value:number):string_=>_value===1_?_'one'_:_'other');
=== PAUSE TestObjectUnprovenShapesStayNotYet/Object.groupBy([1,2],_(value:number):string_=>_value===1_?_'one'_:_'other');
=== CONT  TestObjectRefusalsExplainSoundness
=== RUN   TestObjectRefusalsExplainSoundness/property_descriptorsObject.defineProperty({value:1},_'value',_{value:'wrong'});
=== PAUSE TestObjectRefusalsExplainSoundness/property_descriptorsObject.defineProperty({value:1},_'value',_{value:'wrong'});
=== RUN   TestObjectRefusalsExplainSoundness/property_descriptorsObject.defineProperties({value:1},_{value:{value:'wrong'}});
=== PAUSE TestObjectRefusalsExplainSoundness/property_descriptorsObject.defineProperties({value:1},_{value:{value:'wrong'}});
=== RUN   TestObjectRefusalsExplainSoundness/property_descriptorsObject.getOwnPropertyDescriptor({value:1},_'value');
=== PAUSE TestObjectRefusalsExplainSoundness/property_descriptorsObject.getOwnPropertyDescriptor({value:1},_'value');
=== RUN   TestObjectRefusalsExplainSoundness/property_descriptorsObject.getOwnPropertyDescriptors({value:1});
=== PAUSE TestObjectRefusalsExplainSoundness/property_descriptorsObject.getOwnPropertyDescriptors({value:1});
=== RUN   TestObjectRefusalsExplainSoundness/prototypesObject.getPrototypeOf({value:1});
=== PAUSE TestObjectRefusalsExplainSoundness/prototypesObject.getPrototypeOf({value:1});
=== RUN   TestObjectRefusalsExplainSoundness/prototypesObject.setPrototypeOf({value:1},_{});
=== PAUSE TestObjectRefusalsExplainSoundness/prototypesObject.setPrototypeOf({value:1},_{});
=== RUN   TestObjectRefusalsExplainSoundness/index-signatureObject.fromEntries([['key',_1]]);
=== PAUSE TestObjectRefusalsExplainSoundness/index-signatureObject.fromEntries([['key',_1]]);
=== RUN   TestObjectRefusalsExplainSoundness/intersection_resultObject.assign({value:1},_{value:'wrong'});
=== PAUSE TestObjectRefusalsExplainSoundness/intersection_resultObject.assign({value:1},_{value:'wrong'});
=== RUN   TestObjectRefusalsExplainSoundness/result_is_anyObject.assign({value:1},_{value:2},_{value:3},_{value:4},_{value:5});
=== PAUSE TestObjectRefusalsExplainSoundness/result_is_anyObject.assign({value:1},_{value:2},_{value:3},_{value:4},_{value:5});
=== RUN   TestObjectRefusalsExplainSoundness/result_is_anyObject.assign({value:1});
=== PAUSE TestObjectRefusalsExplainSoundness/result_is_anyObject.assign({value:1});
=== RUN   TestObjectRefusalsExplainSoundness/widened_sourceconst_source={value:1,_hidden:'wrong'};_const_view:{readonly_value:number}=source;_Object.assign({value:1},view);
=== PAUSE TestObjectRefusalsExplainSoundness/widened_sourceconst_source={value:1,_hidden:'wrong'};_const_view:{readonly_value:number}=source;_Object.assign({value:1},view);
=== RUN   TestObjectRefusalsExplainSoundness/homogeneousObject.values({number:1,_text:'wrong'});
=== PAUSE TestObjectRefusalsExplainSoundness/homogeneousObject.values({number:1,_text:'wrong'});
=== RUN   TestObjectRefusalsExplainSoundness/homogeneousObject.entries({number:1,_text:'wrong'});
=== PAUSE TestObjectRefusalsExplainSoundness/homogeneousObject.entries({number:1,_text:'wrong'});
=== RUN   TestObjectRefusalsExplainSoundness/declared_public_fieldObject.hasOwn({value:1},_'notDeclared');
=== PAUSE TestObjectRefusalsExplainSoundness/declared_public_fieldObject.hasOwn({value:1},_'notDeclared');
=== CONT  TestNodeLibraryQualifiedTypeAssertion
=== RUN   TestNamespaceLimitsStayLoud/early_call
=== RUN   TestNamespaceLimitsStayLoud/early_read
=== RUN   TestNamespaceLimitsStayLoud/block_var
=== RUN   TestNamespaceLimitsStayLoud/nested_early_read
--- PASS: TestClassStaticSideEffectMatchesNode (0.85s)
=== CONT  TestNodeLibraryDistinguishesReceiverOwners
=== RUN   TestNamespaceLimitsStayLoud/explicit_receiver
=== RUN   TestNamespaceLimitsStayLoud/ambient
--- PASS: TestNodeLibraryQualifiedTypeAssertion (0.70s)
=== CONT  TestNodeLibraryDoesNotRefuseTypeOnlyOrUserNames
--- PASS: TestNamespaceLimitsStayLoud (2.16s)
    --- PASS: TestNamespaceLimitsStayLoud/computed_enum (0.14s)
    --- PASS: TestNamespaceLimitsStayLoud/reopened_enum (0.18s)
    --- PASS: TestNamespaceLimitsStayLoud/early_enum (0.16s)
    --- PASS: TestNamespaceLimitsStayLoud/function_merge_escape (0.23s)
    --- PASS: TestNamespaceLimitsStayLoud/class_merge (0.12s)
    --- PASS: TestNamespaceLimitsStayLoud/destructured_state (0.15s)
    --- PASS: TestNamespaceLimitsStayLoud/nested_object_var (0.20s)
    --- PASS: TestNamespaceLimitsStayLoud/rest_object_var (0.15s)
    --- PASS: TestNamespaceLimitsStayLoud/default_object_var (0.10s)
    --- PASS: TestNamespaceLimitsStayLoud/early_call (0.09s)
    --- PASS: TestNamespaceLimitsStayLoud/early_read (0.08s)
    --- PASS: TestNamespaceLimitsStayLoud/block_var (0.09s)
    --- PASS: TestNamespaceLimitsStayLoud/nested_early_read (0.27s)
    --- PASS: TestNamespaceLimitsStayLoud/explicit_receiver (0.08s)
    --- PASS: TestNamespaceLimitsStayLoud/ambient (0.12s)
=== RUN   TestPredicateOverloadRuntime/overload_some_false_valid
=== CONT  TestNodeLibraryNamesUnimplementedMembers
=== RUN   TestNodeLibraryNamesUnimplementedMembers/node:fs.copyFileSync
=== PAUSE TestNodeLibraryNamesUnimplementedMembers/node:fs.copyFileSync
=== RUN   TestNodeLibraryNamesUnimplementedMembers/node:fs.readFile
=== PAUSE TestNodeLibraryNamesUnimplementedMembers/node:fs.readFile
=== RUN   TestNodeLibraryNamesUnimplementedMembers/node:path.toNamespacedPath
=== PAUSE TestNodeLibraryNamesUnimplementedMembers/node:path.toNamespacedPath
=== RUN   TestNodeLibraryNamesUnimplementedMembers/node:os.userInfo
=== PAUSE TestNodeLibraryNamesUnimplementedMembers/node:os.userInfo
=== RUN   TestNodeLibraryNamesUnimplementedMembers/node:crypto.randomUUID
=== PAUSE TestNodeLibraryNamesUnimplementedMembers/node:crypto.randomUUID
=== RUN   TestNodeLibraryNamesUnimplementedMembers/node:buffer.BufferConstructor.byteLength
=== PAUSE TestNodeLibraryNamesUnimplementedMembers/node:buffer.BufferConstructor.byteLength
=== RUN   TestNodeLibraryNamesUnimplementedMembers/node:path.sep
=== PAUSE TestNodeLibraryNamesUnimplementedMembers/node:path.sep
=== RUN   TestNodeLibraryNamesUnimplementedMembers/node:fs.readFile#01
=== PAUSE TestNodeLibraryNamesUnimplementedMembers/node:fs.readFile#01
=== CONT  TestNodeFSFileScratchOverloadsAreNamed
--- PASS: TestNodeLibraryDistinguishesReceiverOwners (0.94s)
=== CONT  TestNodeFSFileScratchOptionsBorrow
=== NAME  TestNamespaceAmbientHostInitialization/realpath
    namespaces_ambient_test.go:44: independent lowering stop: /tmp/adamic-gate/TestNamespaceAmbientHostInitializationrealpath4097363401/002/main.a:3:22: stage 0 can't lower node:fs.native yet
=== RUN   TestNamespaceAmbientHostInitialization/cwd
=== RUN   TestPredicateOverloadRuntime/overload_some_false_read
--- PASS: TestNodeLibraryDoesNotRefuseTypeOnlyOrUserNames (1.90s)
=== CONT  TestNodeFSFileBufferBorrow
=== RUN   TestPredicateOverloadRuntime/overload_some_objects
--- PASS: TestNodeFSFileScratchOverloadsAreNamed (2.29s)
=== CONT  TestNodeFSFileKeepsDetachedMethodRefusal
=== NAME  TestNamespaceAmbientHostInitialization/cwd
    namespaces_ambient_test.go:38: independent ownership refusal: /tmp/adamic-gate/TestNamespaceAmbientHostInitializationcwd2598466454/002/main.a:4:18: Adamic 0.1 refuses 'callback', a variable a function value captures and can be reached from what it holds, so the function holds the variable and the variable holds the function: a cycle reference counting can't free; remove the captured strong back-reference, use a module function declaration that captures nothing, or declare the variable Weak<...> and keep the function somewhere strong (adamic/cycle-capable)
--- PASS: TestNamespaceAmbientHostInitialization (3.92s)
    --- PASS: TestNamespaceAmbientHostInitialization/realpath (1.95s)
    --- PASS: TestNamespaceAmbientHostInitialization/cwd (1.79s)
=== CONT  TestNodeFSFileQualifiedErrorType
--- PASS: TestNodeFSFileScratchOptionsBorrow (2.52s)
=== CONT  TestNodeFSFileNamespaceImport
--- PASS: TestNodeFSFileKeepsDetachedMethodRefusal (0.85s)
=== CONT  TestNodeFSFileRefusesPinnedUnsupportedOverloads
=== RUN   TestNodeFSFileRefusesPinnedUnsupportedOverloads/readFileSync
=== PAUSE TestNodeFSFileRefusesPinnedUnsupportedOverloads/readFileSync
=== RUN   TestNodeFSFileRefusesPinnedUnsupportedOverloads/openSync
=== PAUSE TestNodeFSFileRefusesPinnedUnsupportedOverloads/openSync
=== RUN   TestNodeFSFileRefusesPinnedUnsupportedOverloads/statSync
=== PAUSE TestNodeFSFileRefusesPinnedUnsupportedOverloads/statSync
=== RUN   TestNodeFSFileRefusesPinnedUnsupportedOverloads/readSync
=== PAUSE TestNodeFSFileRefusesPinnedUnsupportedOverloads/readSync
=== RUN   TestNodeFSFileRefusesPinnedUnsupportedOverloads/writeFileSync
=== PAUSE TestNodeFSFileRefusesPinnedUnsupportedOverloads/writeFileSync
=== CONT  TestNodeFSFileRefusesVoidValues
--- PASS: TestNodeFSFileBufferBorrow (1.38s)
=== CONT  TestNodeFSFileRefusesOptionEffects
--- PASS: TestNodeFSFileQualifiedErrorType (0.84s)
=== CONT  TestNodeFSFileDoesNotAuthorizeMutableWidening
=== RUN   TestPredicateOverloadRuntime/overload_some_true_only
--- PASS: TestNodeFSFileRefusesVoidValues (0.96s)
=== CONT  TestNodeFSFileOptionsBorrow
--- PASS: TestNodeFSFileDoesNotAuthorizeMutableWidening (0.89s)
=== CONT  TestNodeBufferRefusals
=== RUN   TestNodeBufferRefusals/buffer_alloc
=== PAUSE TestNodeBufferRefusals/buffer_alloc
=== RUN   TestNodeBufferRefusals/buffer_read
=== PAUSE TestNodeBufferRefusals/buffer_read
=== RUN   TestNodeBufferRefusals/hash_inherited_read
=== PAUSE TestNodeBufferRefusals/hash_inherited_read
=== RUN   TestNodeBufferRefusals/hash_copy
=== PAUSE TestNodeBufferRefusals/hash_copy
=== RUN   TestNodeBufferRefusals/crypto_random
=== PAUSE TestNodeBufferRefusals/crypto_random
=== RUN   TestNodeBufferRefusals/crypto_constructor
=== PAUSE TestNodeBufferRefusals/crypto_constructor
=== RUN   TestNodeBufferRefusals/buffer_isUtf8
=== PAUSE TestNodeBufferRefusals/buffer_isUtf8
=== RUN   TestNodeBufferRefusals/encoding
=== PAUSE TestNodeBufferRefusals/encoding
=== RUN   TestNodeBufferRefusals/algorithm
=== PAUSE TestNodeBufferRefusals/algorithm
=== RUN   TestNodeBufferRefusals/digest
=== PAUSE TestNodeBufferRefusals/digest
=== RUN   TestNodeBufferRefusals/detached
=== PAUSE TestNodeBufferRefusals/detached
=== RUN   TestNodeBufferRefusals/typed_array_view
=== PAUSE TestNodeBufferRefusals/typed_array_view
=== RUN   TestNodeBufferRefusals/structural_hash_view
=== PAUSE TestNodeBufferRefusals/structural_hash_view
=== CONT  TestLibraryMethodValueSafety
=== RUN   TestLibraryMethodValueSafety/bind_absent_receiver
=== PAUSE TestLibraryMethodValueSafety/bind_absent_receiver
=== RUN   TestLibraryMethodValueSafety/opaque_identity
=== PAUSE TestLibraryMethodValueSafety/opaque_identity
=== RUN   TestLibraryMethodValueSafety/opaque_shorthand
=== PAUSE TestLibraryMethodValueSafety/opaque_shorthand
=== RUN   TestLibraryMethodValueSafety/absent_array
=== PAUSE TestLibraryMethodValueSafety/absent_array
=== RUN   TestLibraryMethodValueSafety/array_element_erasure
=== PAUSE TestLibraryMethodValueSafety/array_element_erasure
=== RUN   TestLibraryMethodValueSafety/call_spread
=== PAUSE TestLibraryMethodValueSafety/call_spread
=== RUN   TestLibraryMethodValueSafety/string_receiver
=== PAUSE TestLibraryMethodValueSafety/string_receiver
=== RUN   TestLibraryMethodValueSafety/unsupported_callback
=== PAUSE TestLibraryMethodValueSafety/unsupported_callback
=== RUN   TestLibraryMethodValueSafety/mutable_alias
=== PAUSE TestLibraryMethodValueSafety/mutable_alias
=== RUN   TestLibraryMethodValueSafety/opaque_field
=== PAUSE TestLibraryMethodValueSafety/opaque_field
=== RUN   TestLibraryMethodValueSafety/opaque_return
=== PAUSE TestLibraryMethodValueSafety/opaque_return
=== RUN   TestLibraryMethodValueSafety/apply_spread
=== PAUSE TestLibraryMethodValueSafety/apply_spread
=== RUN   TestLibraryMethodValueSafety/number_receiver
=== PAUSE TestLibraryMethodValueSafety/number_receiver
=== RUN   TestLibraryMethodValueSafety/bind_arity
=== PAUSE TestLibraryMethodValueSafety/bind_arity
=== CONT  TestLibraryMethodValueBoundaries
=== RUN   TestLibraryMethodValueBoundaries/unbound_Array
=== PAUSE TestLibraryMethodValueBoundaries/unbound_Array
=== RUN   TestLibraryMethodValueBoundaries/different_element_type
=== PAUSE TestLibraryMethodValueBoundaries/different_element_type
=== RUN   TestLibraryMethodValueBoundaries/primitive_string
=== PAUSE TestLibraryMethodValueBoundaries/primitive_string
=== RUN   TestLibraryMethodValueBoundaries/dense_array
=== PAUSE TestLibraryMethodValueBoundaries/dense_array
=== RUN   TestLibraryMethodValueBoundaries/dense_argument_literal
=== PAUSE TestLibraryMethodValueBoundaries/dense_argument_literal
=== RUN   TestLibraryMethodValueBoundaries/holes_or_spread
=== PAUSE TestLibraryMethodValueBoundaries/holes_or_spread
=== RUN   TestLibraryMethodValueBoundaries/outside_a_const_alias
=== PAUSE TestLibraryMethodValueBoundaries/outside_a_const_alias
=== RUN   TestLibraryMethodValueBoundaries/outside_a_const_alias#01
=== PAUSE TestLibraryMethodValueBoundaries/outside_a_const_alias#01
=== RUN   TestLibraryMethodValueBoundaries/captured_receiver
=== PAUSE TestLibraryMethodValueBoundaries/captured_receiver
=== RUN   TestLibraryMethodValueBoundaries/primitive_adapter
=== PAUSE TestLibraryMethodValueBoundaries/primitive_adapter
=== RUN   TestLibraryMethodValueBoundaries/primitive_adapter#01
=== PAUSE TestLibraryMethodValueBoundaries/primitive_adapter#01
=== CONT  TestLibraryMethodValues
=== RUN   TestLibraryMethodValues/const_f_=_Array.prototype.indexOf;_console.log(`${f.call([4,_5],_5)}`);
=== PAUSE TestLibraryMethodValues/const_f_=_Array.prototype.indexOf;_console.log(`${f.call([4,_5],_5)}`);
=== RUN   TestLibraryMethodValues/const_f_=_Array.prototype.indexOf;_const_g_=_f;_console.log(`${g.apply([4,_5],_[5])}`);
=== PAUSE TestLibraryMethodValues/const_f_=_Array.prototype.indexOf;_const_g_=_f;_console.log(`${g.apply([4,_5],_[5])}`);
=== RUN   TestLibraryMethodValues/const_f_=_String.prototype.trim;_console.log(f.call('_x_'));
=== PAUSE TestLibraryMethodValues/const_f_=_String.prototype.trim;_console.log(f.call('_x_'));
=== RUN   TestLibraryMethodValues/const_f_=_String.prototype.substring;_console.log(f.apply('abcdef',_[4,_1]));
=== PAUSE TestLibraryMethodValues/const_f_=_String.prototype.substring;_console.log(f.apply('abcdef',_[4,_1]));
=== RUN   TestLibraryMethodValues/const_f_=_Number.parseInt;_console.log(`${f('12',_10)}`);
=== PAUSE TestLibraryMethodValues/const_f_=_Number.parseInt;_console.log(`${f('12',_10)}`);
=== RUN   TestLibraryMethodValues/const_f_=_Object.prototype.toString;_console.log(f.call([4]));
=== PAUSE TestLibraryMethodValues/const_f_=_Object.prototype.toString;_console.log(f.call([4]));
=== RUN   TestLibraryMethodValues/const_f_=_Object.prototype.hasOwnProperty;_console.log(`${f.call({x:_1},_'x')}`);
=== PAUSE TestLibraryMethodValues/const_f_=_Object.prototype.hasOwnProperty;_console.log(`${f.call({x:_1},_'x')}`);
=== RUN   TestLibraryMethodValues/console.log([1,_2].map(String).join(','));
=== PAUSE TestLibraryMethodValues/console.log([1,_2].map(String).join(','));
=== RUN   TestLibraryMethodValues/function_show(value:_string_|_number):_void_{_console.log(`${value}`);_}_const_f_=_Object.prototype.toString;_show(f.call([1]));
=== PAUSE TestLibraryMethodValues/function_show(value:_string_|_number):_void_{_console.log(`${value}`);_}_const_f_=_Object.prototype.toString;_show(f.call([1]));
=== RUN   TestLibraryMethodValues/console.log([].map(String).join(','));
=== PAUSE TestLibraryMethodValues/console.log([].map(String).join(','));
=== RUN   TestLibraryMethodValues/const_f_=_String.prototype.trim.bind('_x_');_console.log(f());
=== PAUSE TestLibraryMethodValues/const_f_=_String.prototype.trim.bind('_x_');_console.log(f());
=== RUN   TestLibraryMethodValues/console.log(['10',_'10',_'10'].map(Number.parseInt).join(','));
=== PAUSE TestLibraryMethodValues/console.log(['10',_'10',_'10'].map(Number.parseInt).join(','));
=== RUN   TestLibraryMethodValues/const_f_=_Number.parseInt;_console.log(['10',_'10'].map(f).join(','));
=== PAUSE TestLibraryMethodValues/const_f_=_Number.parseInt;_console.log(['10',_'10'].map(f).join(','));
=== CONT  TestLibraryMapSetIteratorCopyTypesRefused
--- PASS: TestNodeFSFileRefusesOptionEffects (0.91s)
=== CONT  TestLibraryMapSetGapsStayRefused
=== RUN   TestLibraryMapSetGapsStayRefused/set-like_object
=== PAUSE TestLibraryMapSetGapsStayRefused/set-like_object
=== RUN   TestLibraryMapSetGapsStayRefused/different_representations
=== PAUSE TestLibraryMapSetGapsStayRefused/different_representations
=== RUN   TestLibraryMapSetGapsStayRefused/dynamic_thisArg
=== PAUSE TestLibraryMapSetGapsStayRefused/dynamic_thisArg
=== RUN   TestLibraryMapSetGapsStayRefused/groupBy_optional_widening
=== PAUSE TestLibraryMapSetGapsStayRefused/groupBy_optional_widening
=== CONT  TestLibraryLanguageBoundaries
=== RUN   TestLibraryLanguageBoundaries/array
=== PAUSE TestLibraryLanguageBoundaries/array
=== RUN   TestLibraryLanguageBoundaries/hidden_array
=== PAUSE TestLibraryLanguageBoundaries/hidden_array
=== RUN   TestLibraryLanguageBoundaries/parameter
=== PAUSE TestLibraryLanguageBoundaries/parameter
=== RUN   TestLibraryLanguageBoundaries/prototype
=== PAUSE TestLibraryLanguageBoundaries/prototype
=== RUN   TestLibraryLanguageBoundaries/optional_object
=== PAUSE TestLibraryLanguageBoundaries/optional_object
=== RUN   TestLibraryLanguageBoundaries/optional_spread
=== PAUSE TestLibraryLanguageBoundaries/optional_spread
=== RUN   TestLibraryLanguageBoundaries/destructured_write
=== PAUSE TestLibraryLanguageBoundaries/destructured_write
=== RUN   TestLibraryLanguageBoundaries/dynamic_receiver
=== PAUSE TestLibraryLanguageBoundaries/dynamic_receiver
=== RUN   TestLibraryLanguageBoundaries/constructor_alias
=== PAUSE TestLibraryLanguageBoundaries/constructor_alias
=== RUN   TestLibraryLanguageBoundaries/constructor_passed
=== PAUSE TestLibraryLanguageBoundaries/constructor_passed
=== RUN   TestLibraryLanguageBoundaries/inherited_field
=== PAUSE TestLibraryLanguageBoundaries/inherited_field
=== CONT  TestIteratorDeclaredNextHasNoRuntimeMethod
--- PASS: TestIteratorDeclaredNextHasNoRuntimeMethod (0.09s)
=== CONT  TestIteratorOptionalCloseResultMustBeObject
--- PASS: TestIteratorOptionalCloseResultMustBeObject (0.12s)
=== CONT  TestIteratorBuiltInStorageViewsArePending
=== RUN   TestIteratorBuiltInStorageViewsArePending/const_storage:number[]=[1,2];
--- PASS: TestNodeFSFileNamespaceImport (1.29s)
=== CONT  TestIteratorSymbolKeysAreNotStringKeys
=== RUN   TestIteratorBuiltInStorageViewsArePending/const_storage:readonly_[number,number]=[1,2];
--- PASS: TestLibraryMapSetIteratorCopyTypesRefused (0.33s)
=== CONT  TestIteratorMapperIndexHasNumberRepresentation
=== RUN   TestPredicateOverloadRuntime/overload_callback
--- PASS: TestIteratorSymbolKeysAreNotStringKeys (0.14s)
=== CONT  TestGenericIteratorViewsPreserveNativeArguments
=== RUN   TestIteratorBuiltInStorageViewsArePending/const_storage=new_Set([1,2]).values();
--- PASS: TestIteratorMapperIndexHasNumberRepresentation (0.07s)
=== CONT  TestDestructuredMethodsCannotLoadOwnSlots
--- PASS: TestIteratorBuiltInStorageViewsArePending (0.26s)
    --- PASS: TestIteratorBuiltInStorageViewsArePending/const_storage:number[]=[1,2]; (0.09s)
    --- PASS: TestIteratorBuiltInStorageViewsArePending/const_storage:readonly_[number,number]=[1,2]; (0.08s)
    --- PASS: TestIteratorBuiltInStorageViewsArePending/const_storage=new_Set([1,2]).values(); (0.10s)
=== CONT  TestRepresentedMethodReplacementIsNotYet
--- PASS: TestGenericIteratorViewsPreserveNativeArguments (0.14s)
=== CONT  TestIteratorDescriptorReasons
=== RUN   TestIteratorDescriptorReasons/declare_or_abstract_class_field
=== PAUSE TestIteratorDescriptorReasons/declare_or_abstract_class_field
=== CONT  TestLiteralMethodSignatureViewsDoNotLoseThis
--- PASS: TestRepresentedMethodReplacementIsNotYet (0.10s)
=== CONT  TestLiteralMethodViewsDoNotLoseThis
--- PASS: TestLiteralMethodSignatureViewsDoNotLoseThis (0.31s)
=== CONT  TestLiteralMethodCapturesCannotMakeCycles
--- PASS: TestDestructuredMethodsCannotLoadOwnSlots (0.46s)
=== CONT  TestAsyncGeneratorsAreRefusedEvenWithoutYield
--- PASS: TestLiteralMethodCapturesCannotMakeCycles (0.10s)
=== CONT  TestIteratorDestructuringDoesNotLieAboutExhaustion
--- PASS: TestLiteralMethodViewsDoNotLoseThis (0.34s)
=== CONT  TestIteratorViewsDispatchReceivers
--- PASS: TestIteratorDestructuringDoesNotLieAboutExhaustion (0.07s)
=== CONT  TestIteratorViewsDispatchHiddenReturn
--- PASS: TestIteratorViewsDispatchReceivers (0.14s)
=== CONT  TestIteratorGapsAreExplicit
=== RUN   TestIteratorGapsAreExplicit/interface_Step_{value:number;done?:boolean}_const_source={_[Symbol.iterator](){return{next():Step{return{value:1};}}}};for(const_value_of_source){console.log(`${value}`);break;}
=== PAUSE TestIteratorGapsAreExplicit/interface_Step_{value:number;done?:boolean}_const_source={_[Symbol.iterator](){return{next():Step{return{value:1};}}}};for(const_value_of_source){console.log(`${value}`);break;}
=== RUN   TestIteratorGapsAreExplicit/interface_Step_{value:number;done:boolean}_function_closing():{return():Step}|undefined{return_undefined;}_const_source={[Symbol.iterator](){return{...closing(),next():Step{return{value:1,done:false};}}}};for(const_value_of_source){break;}
=== PAUSE TestIteratorGapsAreExplicit/interface_Step_{value:number;done:boolean}_function_closing():{return():Step}|undefined{return_undefined;}_const_source={[Symbol.iterator](){return{...closing(),next():Step{return{value:1,done:false};}}}};for(const_value_of_source){break;}
=== RUN   TestIteratorGapsAreExplicit/interface_Source_{[Symbol.iterator]():{next():{value:number;done:boolean}}}_function_consume(source:Source):void_{for(const_value_of_source){break;}}_consume({[Symbol.iterator](){return{next(){return{value:1,done:false};}}}});
=== PAUSE TestIteratorGapsAreExplicit/interface_Source_{[Symbol.iterator]():{next():{value:number;done:boolean}}}_function_consume(source:Source):void_{for(const_value_of_source){break;}}_consume({[Symbol.iterator](){return{next(){return{value:1,done:false};}}}});
=== RUN   TestIteratorGapsAreExplicit/const_source={[Symbol.iterator](){return{next:()=>({value:1,done:false}),return:()=>({value:0,done:true})};}};const_iterator=source[Symbol.iterator]();iterator.next=():{value:number;done:boolean}=>({value:2,done:true});for(const_value_of_source){break;}
=== PAUSE TestIteratorGapsAreExplicit/const_source={[Symbol.iterator](){return{next:()=>({value:1,done:false}),return:()=>({value:0,done:true})};}};const_iterator=source[Symbol.iterator]();iterator.next=():{value:number;done:boolean}=>({value:2,done:true});for(const_value_of_source){break;}
=== RUN   TestIteratorGapsAreExplicit/class_Result_{declare_value:number;declare_done:boolean;}_const_source={[Symbol.iterator](){return{next(){return_new_Result();}}}};for(const_value_of_source){break;}
=== PAUSE TestIteratorGapsAreExplicit/class_Result_{declare_value:number;declare_done:boolean;}_const_source={[Symbol.iterator](){return{next(){return_new_Result();}}}};for(const_value_of_source){break;}
=== RUN   TestIteratorGapsAreExplicit/const_source={[Symbol.iterator](){return{next(){return{value:1,done:false};}}}};const_copy={...source};for(const_value_of_copy){break;}
=== PAUSE TestIteratorGapsAreExplicit/const_source={[Symbol.iterator](){return{next(){return{value:1,done:false};}}}};const_copy={...source};for(const_value_of_copy){break;}
=== RUN   TestIteratorGapsAreExplicit/const_source={[Symbol.iterator](){return{next(){return{value:1,done:false};}}}};const_kept:(number|undefined)[]=[...source];
=== PAUSE TestIteratorGapsAreExplicit/const_source={[Symbol.iterator](){return{next(){return{value:1,done:false};}}}};const_kept:(number|undefined)[]=[...source];
=== CONT  TestDefaultTaggedInterfaceNeedsNoFlag
--- PASS: TestAsyncGeneratorsAreRefusedEvenWithoutYield (0.23s)
=== CONT  TestDefaultTaggedInterfaceAdmission
=== RUN   TestDefaultTaggedInterfaceAdmission/complete
=== PAUSE TestDefaultTaggedInterfaceAdmission/complete
=== RUN   TestDefaultTaggedInterfaceAdmission/missing_payload
=== PAUSE TestDefaultTaggedInterfaceAdmission/missing_payload
=== RUN   TestDefaultTaggedInterfaceAdmission/wrong_payload
=== PAUSE TestDefaultTaggedInterfaceAdmission/wrong_payload
=== RUN   TestDefaultTaggedInterfaceAdmission/broad_tag
=== PAUSE TestDefaultTaggedInterfaceAdmission/broad_tag
=== RUN   TestDefaultTaggedInterfaceAdmission/alias_write
=== PAUSE TestDefaultTaggedInterfaceAdmission/alias_write
=== RUN   TestDefaultTaggedInterfaceAdmission/unused_bad_factory
=== PAUSE TestDefaultTaggedInterfaceAdmission/unused_bad_factory
=== RUN   TestDefaultTaggedInterfaceAdmission/different_tag
=== PAUSE TestDefaultTaggedInterfaceAdmission/different_tag
=== RUN   TestDefaultTaggedInterfaceAdmission/dynamic_complete
=== PAUSE TestDefaultTaggedInterfaceAdmission/dynamic_complete
=== RUN   TestDefaultTaggedInterfaceAdmission/optional_target
=== PAUSE TestDefaultTaggedInterfaceAdmission/optional_target
=== RUN   TestDefaultTaggedInterfaceAdmission/optional_target_read
=== PAUSE TestDefaultTaggedInterfaceAdmission/optional_target_read
=== RUN   TestDefaultTaggedInterfaceAdmission/spread
=== PAUSE TestDefaultTaggedInterfaceAdmission/spread
=== RUN   TestDefaultTaggedInterfaceAdmission/reflection_alias
=== PAUSE TestDefaultTaggedInterfaceAdmission/reflection_alias
=== RUN   TestDefaultTaggedInterfaceAdmission/generic
=== PAUSE TestDefaultTaggedInterfaceAdmission/generic
=== RUN   TestDefaultTaggedInterfaceAdmission/staged_class
=== PAUSE TestDefaultTaggedInterfaceAdmission/staged_class
=== RUN   TestDefaultTaggedInterfaceAdmission/forged_payload
=== PAUSE TestDefaultTaggedInterfaceAdmission/forged_payload
=== CONT  TestInputSpreadCoverage
=== RUN   TestInputSpreadCoverage/fileStatus_alias.a
=== PAUSE TestInputSpreadCoverage/fileStatus_alias.a
=== RUN   TestInputSpreadCoverage/fileStatus_array.a
=== PAUSE TestInputSpreadCoverage/fileStatus_array.a
=== RUN   TestInputSpreadCoverage/fileStatus_local.a
=== PAUSE TestInputSpreadCoverage/fileStatus_local.a
=== RUN   TestInputSpreadCoverage/fileStatus_nested.a
=== PAUSE TestInputSpreadCoverage/fileStatus_nested.a
=== RUN   TestInputSpreadCoverage/fileStatus_parentheses.a
=== PAUSE TestInputSpreadCoverage/fileStatus_parentheses.a
=== RUN   TestInputSpreadCoverage/fileStatus_tuple.a
=== PAUSE TestInputSpreadCoverage/fileStatus_tuple.a
=== RUN   TestInputSpreadCoverage/programArguments_alias.a
=== PAUSE TestInputSpreadCoverage/programArguments_alias.a
=== RUN   TestInputSpreadCoverage/programArguments_array.a
=== PAUSE TestInputSpreadCoverage/programArguments_array.a
=== RUN   TestInputSpreadCoverage/programArguments_local.a
=== PAUSE TestInputSpreadCoverage/programArguments_local.a
=== RUN   TestInputSpreadCoverage/programArguments_nested.a
=== PAUSE TestInputSpreadCoverage/programArguments_nested.a
=== RUN   TestInputSpreadCoverage/programArguments_parentheses.a
=== PAUSE TestInputSpreadCoverage/programArguments_parentheses.a
=== RUN   TestInputSpreadCoverage/programArguments_tuple.a
=== PAUSE TestInputSpreadCoverage/programArguments_tuple.a
=== RUN   TestInputSpreadCoverage/readDirectory_alias.a
=== PAUSE TestInputSpreadCoverage/readDirectory_alias.a
=== RUN   TestInputSpreadCoverage/readDirectory_array.a
=== PAUSE TestInputSpreadCoverage/readDirectory_array.a
=== RUN   TestInputSpreadCoverage/readDirectory_local.a
=== PAUSE TestInputSpreadCoverage/readDirectory_local.a
=== RUN   TestInputSpreadCoverage/readDirectory_nested.a
=== PAUSE TestInputSpreadCoverage/readDirectory_nested.a
=== RUN   TestInputSpreadCoverage/readDirectory_parentheses.a
=== PAUSE TestInputSpreadCoverage/readDirectory_parentheses.a
=== RUN   TestInputSpreadCoverage/readDirectory_tuple.a
=== PAUSE TestInputSpreadCoverage/readDirectory_tuple.a
=== RUN   TestInputSpreadCoverage/readTextFile_alias.a
=== PAUSE TestInputSpreadCoverage/readTextFile_alias.a
=== RUN   TestInputSpreadCoverage/readTextFile_array.a
=== PAUSE TestInputSpreadCoverage/readTextFile_array.a
=== RUN   TestInputSpreadCoverage/readTextFile_local.a
=== PAUSE TestInputSpreadCoverage/readTextFile_local.a
=== RUN   TestInputSpreadCoverage/readTextFile_nested.a
=== PAUSE TestInputSpreadCoverage/readTextFile_nested.a
=== RUN   TestInputSpreadCoverage/readTextFile_parentheses.a
=== PAUSE TestInputSpreadCoverage/readTextFile_parentheses.a
=== RUN   TestInputSpreadCoverage/readTextFile_tuple.a
=== PAUSE TestInputSpreadCoverage/readTextFile_tuple.a
=== RUN   TestInputSpreadCoverage/utf8At_alias.a
=== PAUSE TestInputSpreadCoverage/utf8At_alias.a
=== RUN   TestInputSpreadCoverage/utf8At_array.a
=== PAUSE TestInputSpreadCoverage/utf8At_array.a
=== RUN   TestInputSpreadCoverage/utf8At_later.a
=== PAUSE TestInputSpreadCoverage/utf8At_later.a
=== RUN   TestInputSpreadCoverage/utf8At_local.a
=== PAUSE TestInputSpreadCoverage/utf8At_local.a
=== RUN   TestInputSpreadCoverage/utf8At_multiple.a
=== PAUSE TestInputSpreadCoverage/utf8At_multiple.a
=== RUN   TestInputSpreadCoverage/utf8At_nested.a
=== PAUSE TestInputSpreadCoverage/utf8At_nested.a
=== RUN   TestInputSpreadCoverage/utf8At_parentheses.a
=== PAUSE TestInputSpreadCoverage/utf8At_parentheses.a
=== RUN   TestInputSpreadCoverage/utf8At_tuple.a
=== PAUSE TestInputSpreadCoverage/utf8At_tuple.a
=== RUN   TestInputSpreadCoverage/utf8Length_alias.a
=== PAUSE TestInputSpreadCoverage/utf8Length_alias.a
=== RUN   TestInputSpreadCoverage/utf8Length_array.a
=== PAUSE TestInputSpreadCoverage/utf8Length_array.a
=== RUN   TestInputSpreadCoverage/utf8Length_empty.a
=== PAUSE TestInputSpreadCoverage/utf8Length_empty.a
=== RUN   TestInputSpreadCoverage/utf8Length_local.a
=== PAUSE TestInputSpreadCoverage/utf8Length_local.a
=== RUN   TestInputSpreadCoverage/utf8Length_nested.a
=== PAUSE TestInputSpreadCoverage/utf8Length_nested.a
=== RUN   TestInputSpreadCoverage/utf8Length_parentheses.a
=== PAUSE TestInputSpreadCoverage/utf8Length_parentheses.a
=== RUN   TestInputSpreadCoverage/utf8Length_tuple.a
=== PAUSE TestInputSpreadCoverage/utf8Length_tuple.a
=== RUN   TestInputSpreadCoverage/writeTextFile_alias.a
=== PAUSE TestInputSpreadCoverage/writeTextFile_alias.a
=== RUN   TestInputSpreadCoverage/writeTextFile_array.a
=== PAUSE TestInputSpreadCoverage/writeTextFile_array.a
=== RUN   TestInputSpreadCoverage/writeTextFile_later.a
=== PAUSE TestInputSpreadCoverage/writeTextFile_later.a
=== RUN   TestInputSpreadCoverage/writeTextFile_local.a
=== PAUSE TestInputSpreadCoverage/writeTextFile_local.a
=== RUN   TestInputSpreadCoverage/writeTextFile_multiple.a
=== PAUSE TestInputSpreadCoverage/writeTextFile_multiple.a
=== RUN   TestInputSpreadCoverage/writeTextFile_nested.a
=== PAUSE TestInputSpreadCoverage/writeTextFile_nested.a
=== RUN   TestInputSpreadCoverage/writeTextFile_parentheses.a
=== PAUSE TestInputSpreadCoverage/writeTextFile_parentheses.a
=== RUN   TestInputSpreadCoverage/writeTextFile_tuple.a
=== PAUSE TestInputSpreadCoverage/writeTextFile_tuple.a
=== CONT  TestInputSpreadArgumentsAreNotYet
=== RUN   TestInputSpreadArgumentsAreNotYet/programArguments
=== PAUSE TestInputSpreadArgumentsAreNotYet/programArguments
=== RUN   TestInputSpreadArgumentsAreNotYet/readTextFile
=== PAUSE TestInputSpreadArgumentsAreNotYet/readTextFile
=== RUN   TestInputSpreadArgumentsAreNotYet/writeTextFile
=== PAUSE TestInputSpreadArgumentsAreNotYet/writeTextFile
=== RUN   TestInputSpreadArgumentsAreNotYet/utf8Length
=== PAUSE TestInputSpreadArgumentsAreNotYet/utf8Length
=== RUN   TestInputSpreadArgumentsAreNotYet/utf8At
=== PAUSE TestInputSpreadArgumentsAreNotYet/utf8At
=== RUN   TestInputSpreadArgumentsAreNotYet/readDirectory
=== PAUSE TestInputSpreadArgumentsAreNotYet/readDirectory
=== RUN   TestInputSpreadArgumentsAreNotYet/fileStatus
=== PAUSE TestInputSpreadArgumentsAreNotYet/fileStatus
=== CONT  TestInheritanceVoidBooleanOverrideReason
--- PASS: TestIteratorViewsDispatchHiddenReturn (0.12s)
=== CONT  TestInheritanceDerivedFieldOrder
--- PASS: TestInheritanceDerivedFieldOrder (0.08s)
=== CONT  TestGenericJSONUnionArrayIsNotYet
--- PASS: TestInheritanceVoidBooleanOverrideReason (0.13s)
=== CONT  TestGenericUnionFixtureHasSeparateInstances
--- PASS: TestGenericJSONUnionArrayIsNotYet (0.10s)
=== CONT  TestGenericFunctionPolymorphicRecursionIsRefused
--- PASS: TestGenericUnionFixtureHasSeparateInstances (0.14s)
=== CONT  TestGenericBodyRelationsThisRead
--- PASS: TestGenericFunctionPolymorphicRecursionIsRefused (0.11s)
=== CONT  TestGenericBodyRelationsIndexedReturnMapper
=== RUN   TestPredicateOverloadRuntime/overload_erased
--- PASS: TestDefaultTaggedInterfaceNeedsNoFlag (0.35s)
=== CONT  TestGenericBodyRelationsReadonlyBound
--- PASS: TestGenericBodyRelationsIndexedReturnMapper (0.07s)
=== CONT  TestGenericBodyRelationsWitness
--- PASS: TestGenericBodyRelationsReadonlyBound (0.07s)
=== CONT  TestGenericBodyRelationsRefuse
=== RUN   TestGenericBodyRelationsRefuse/initializer
--- PASS: TestGenericBodyRelationsThisRead (0.15s)
=== CONT  TestModuleNamespaceLimitsStayLoud/const_escaped_=_performance;
=== NAME  TestGenericBodyRelationsWitness
    generic_body_relations_test.go:96: internal compiler error: generic body initializer witness at /tmp/adamic-gate/TestGenericBodyRelationsWitness1197417766/001/witness.a:1:78: resolved source 2 is not assignable to slot 1
--- PASS: TestGenericBodyRelationsWitness (0.13s)
=== CONT  TestGenericBodyRelationsCensus
    generic_body_relations_census_test.go:28: set GENERIC_BODY_CONFIG and GENERIC_BODY_OUTPUT for the relation inventory
--- SKIP: TestGenericBodyRelationsCensus (0.00s)
=== CONT  TestGeneratorDestructuredParameterCycle
=== RUN   TestGenericBodyRelationsRefuse/assignment
=== CONT  TestGeneratorProtocolReplacementRemainsExplicit
=== RUN   TestGenericBodyRelationsRefuse/return
--- PASS: TestGeneratorDestructuredParameterCycle (0.08s)
=== CONT  TestGeneratorEmptyBodyUsesOwnedFrame
--- PASS: TestGeneratorProtocolReplacementRemainsExplicit (0.08s)
=== CONT  TestGeneratorNestedFrameCaptureRemainsExplicit
=== RUN   TestGenericBodyRelationsRefuse/field_initializer
--- PASS: TestGeneratorEmptyBodyUsesOwnedFrame (0.12s)
=== CONT  TestGeneratorOpaqueReceiverRemainsExplicit
--- PASS: TestGeneratorNestedFrameCaptureRemainsExplicit (0.10s)
=== CONT  TestGeneratorPrimitiveThrowRemainsExplicit
=== RUN   TestGenericBodyRelationsRefuse/different_binder
--- PASS: TestGeneratorOpaqueReceiverRemainsExplicit (0.08s)
=== CONT  TestGeneratorNextPromiseNeedsResumeProof
--- PASS: TestGeneratorPrimitiveThrowRemainsExplicit (0.11s)
=== CONT  TestFunctionValueUnionViewsStayNotYet
=== RUN   TestGenericBodyRelationsRefuse/nested
--- PASS: TestGeneratorNextPromiseNeedsResumeProof (0.12s)
=== CONT  TestFSStatThrowsByDefault
=== RUN   TestGenericBodyRelationsRefuse/key_parameter
=== RUN   TestGenericBodyRelationsRefuse/array_initializer
=== RUN   TestGenericBodyRelationsRefuse/destructuring_initializer
--- PASS: TestFunctionValueUnionViewsStayNotYet (0.38s)
=== CONT  TestFSExistsOperation
=== RUN   TestGenericBodyRelationsRefuse/destructuring_assignment
--- PASS: TestNodeFSFileOptionsBorrow (2.48s)
=== CONT  TestFSRemoveDefaultRetryDelayLowers
=== RUN   TestGenericBodyRelationsRefuse/object_initializer
=== RUN   TestPredicateOverloadRuntime/overload_checked
=== RUN   TestGenericBodyRelationsRefuse/index_signature
=== RUN   TestGenericBodyRelationsRefuse/mapped_keys
=== RUN   TestGenericBodyRelationsRefuse/element_assignment
=== RUN   TestGenericBodyRelationsRefuse/increment
=== RUN   TestGenericBodyRelationsRefuse/compound_assignment
=== RUN   TestGenericBodyRelationsRefuse/alias
--- PASS: TestFSStatThrowsByDefault (1.07s)
=== CONT  TestFSOpenStringFlagsLower
--- PASS: TestGenericBodyRelationsRefuse (1.62s)
    --- PASS: TestGenericBodyRelationsRefuse/initializer (0.13s)
    --- PASS: TestGenericBodyRelationsRefuse/assignment (0.06s)
    --- PASS: TestGenericBodyRelationsRefuse/return (0.11s)
    --- PASS: TestGenericBodyRelationsRefuse/field_initializer (0.05s)
    --- PASS: TestGenericBodyRelationsRefuse/different_binder (0.12s)
    --- PASS: TestGenericBodyRelationsRefuse/nested (0.07s)
    --- PASS: TestGenericBodyRelationsRefuse/key_parameter (0.08s)
    --- PASS: TestGenericBodyRelationsRefuse/array_initializer (0.17s)
    --- PASS: TestGenericBodyRelationsRefuse/destructuring_initializer (0.06s)
    --- PASS: TestGenericBodyRelationsRefuse/destructuring_assignment (0.13s)
    --- PASS: TestGenericBodyRelationsRefuse/object_initializer (0.19s)
    --- PASS: TestGenericBodyRelationsRefuse/index_signature (0.05s)
    --- PASS: TestGenericBodyRelationsRefuse/mapped_keys (0.05s)
    --- PASS: TestGenericBodyRelationsRefuse/element_assignment (0.10s)
    --- PASS: TestGenericBodyRelationsRefuse/increment (0.10s)
    --- PASS: TestGenericBodyRelationsRefuse/compound_assignment (0.05s)
    --- PASS: TestGenericBodyRelationsRefuse/alias (0.09s)
=== CONT  TestParseIntMapUsesIndexRadix
--- PASS: TestFSRemoveDefaultRetryDelayLowers (0.81s)
=== CONT  TestReadonlyFieldsAreJudgedByTheirConstructorsWrites
=== RUN   TestPredicateOverloadRuntime/overload_false
--- PASS: TestParseIntMapUsesIndexRadix (0.27s)
=== CONT  TestParserFactoryReadBeforeCompletion
--- PASS: TestFSExistsOperation (1.06s)
=== CONT  TestParserFactoryCompletionShortCircuit
--- PASS: TestParserFactoryCompletionShortCircuit (0.04s)
=== CONT  TestParserFactoryCompletionCaptured
--- PASS: TestParserFactoryReadBeforeCompletion (0.08s)
=== CONT  TestParserFactoryCompletionLoopMayNotRun
--- PASS: TestParserFactoryCompletionCaptured (0.08s)
=== CONT  TestParserFactoryCompletionEarlyReturn
--- PASS: TestParserFactoryCompletionLoopMayNotRun (0.07s)
=== CONT  TestParserFactoryCompletionWrongPayloadAssertion
--- PASS: TestParserFactoryCompletionEarlyReturn (0.05s)
=== CONT  TestParserFactoryCompletionBeforeEscape
--- PASS: TestReadonlyFieldsAreJudgedByTheirConstructorsWrites (0.32s)
=== CONT  TestParserFactoryCompletionOneBranch
--- PASS: TestParserFactoryCompletionWrongPayloadAssertion (0.07s)
=== CONT  TestParserFactoryCompletionBothBranches
--- PASS: TestParserFactoryCompletionBeforeEscape (0.06s)
=== CONT  TestParserFactoryCompletionAlias
--- PASS: TestParserFactoryCompletionOneBranch (0.12s)
=== CONT  TestParserFactoryCompletionBeforeReturn
--- PASS: TestParserFactoryCompletionBothBranches (0.12s)
=== CONT  TestEnumIdentityAcrossModules
--- PASS: TestParserFactoryCompletionAlias (0.09s)
=== CONT  TestConstEnumErasesRuntimeObject
--- PASS: TestEnumIdentityAcrossModules (0.06s)
=== CONT  TestEnumLimitsStayLoud
--- PASS: TestParserFactoryCompletionBeforeReturn (0.08s)
=== CONT  TestEnumSwitchExhaustiveness
--- PASS: TestConstEnumErasesRuntimeObject (0.36s)
=== CONT  TestEnumSlotViews
=== RUN   TestEnumSlotViews/variable
=== PAUSE TestEnumSlotViews/variable
=== RUN   TestEnumSlotViews/initializer
=== PAUSE TestEnumSlotViews/initializer
=== RUN   TestEnumSlotViews/member_initializer
=== PAUSE TestEnumSlotViews/member_initializer
=== RUN   TestEnumSlotViews/argument
=== PAUSE TestEnumSlotViews/argument
=== RUN   TestEnumSlotViews/assignment
=== PAUSE TestEnumSlotViews/assignment
=== RUN   TestEnumSlotViews/literal_property
=== PAUSE TestEnumSlotViews/literal_property
=== RUN   TestEnumSlotViews/array_literal
=== PAUSE TestEnumSlotViews/array_literal
=== RUN   TestEnumSlotViews/increment
=== PAUSE TestEnumSlotViews/increment
=== RUN   TestEnumSlotViews/compound
=== PAUSE TestEnumSlotViews/compound
=== RUN   TestEnumSlotViews/array_alias
=== PAUSE TestEnumSlotViews/array_alias
=== RUN   TestEnumSlotViews/readonly_into_enum_array
=== PAUSE TestEnumSlotViews/readonly_into_enum_array
=== RUN   TestEnumSlotViews/function_view
=== PAUSE TestEnumSlotViews/function_view
=== RUN   TestEnumSlotViews/object_assign
=== PAUSE TestEnumSlotViews/object_assign
=== RUN   TestEnumSlotViews/override
=== PAUSE TestEnumSlotViews/override
=== RUN   TestEnumSlotViews/class_field
=== PAUSE TestEnumSlotViews/class_field
=== RUN   TestEnumSlotViews/optional_union
=== PAUSE TestEnumSlotViews/optional_union
=== RUN   TestEnumSlotViews/map_alias
=== PAUSE TestEnumSlotViews/map_alias
=== RUN   TestEnumSlotViews/mutable_field_alias
=== PAUSE TestEnumSlotViews/mutable_field_alias
=== RUN   TestEnumSlotViews/generic_class_invariant
=== PAUSE TestEnumSlotViews/generic_class_invariant
=== RUN   TestEnumSlotViews/structural_numeric_enum_object
=== PAUSE TestEnumSlotViews/structural_numeric_enum_object
=== RUN   TestEnumSlotViews/structural_string_enum_object
=== PAUSE TestEnumSlotViews/structural_string_enum_object
=== RUN   TestEnumSlotViews/structural_enum_object_array
=== PAUSE TestEnumSlotViews/structural_enum_object_array
=== RUN   TestEnumSlotViews/enum_object_writable_view
=== PAUSE TestEnumSlotViews/enum_object_writable_view
=== CONT  TestNumericEnumLiteralPromises
=== RUN   TestNumericEnumLiteralPromises/member_tag
=== RUN   TestNumericEnumLiteralPromises/narrowed_member
--- PASS: TestFSOpenStringFlagsLower (1.12s)
=== CONT  TestNumericEnumNeverProof
=== RUN   TestNumericEnumNeverProof/member
=== RUN   TestPredicateOverloadRuntime/overload_once
=== RUN   TestNumericEnumLiteralPromises/plain_literal
=== RUN   TestNumericEnumNeverProof/parameter
=== RUN   TestNumericEnumLiteralPromises/indexed_subset
=== RUN   TestNumericEnumNeverProof/combination
=== RUN   TestNumericEnumNeverProof/array_read
=== RUN   TestNumericEnumLiteralPromises/subset_member
=== RUN   TestNumericEnumNeverProof/closed_return
=== RUN   TestNumericEnumLiteralPromises/open_tag
--- PASS: TestNumericEnumNeverProof (0.40s)
    --- PASS: TestNumericEnumNeverProof/member (0.09s)
    --- PASS: TestNumericEnumNeverProof/parameter (0.08s)
    --- PASS: TestNumericEnumNeverProof/combination (0.03s)
    --- PASS: TestNumericEnumNeverProof/array_read (0.10s)
    --- PASS: TestNumericEnumNeverProof/closed_return (0.09s)
=== CONT  TestStringEnumsStayClosed
--- PASS: TestNumericEnumLiteralPromises (0.54s)
    --- PASS: TestNumericEnumLiteralPromises/member_tag (0.08s)
    --- PASS: TestNumericEnumLiteralPromises/narrowed_member (0.07s)
    --- PASS: TestNumericEnumLiteralPromises/plain_literal (0.09s)
    --- PASS: TestNumericEnumLiteralPromises/indexed_subset (0.11s)
    --- PASS: TestNumericEnumLiteralPromises/subset_member (0.13s)
    --- PASS: TestNumericEnumLiteralPromises/open_tag (0.05s)
=== CONT  TestNumericEnumsAreOpen
    enums_open_test.go:23: singleton
--- PASS: TestStringEnumsStayClosed (0.18s)
=== CONT  TestEnumNamespaceSharedCycle
--- PASS: TestEnumNamespaceSharedCycle (0.04s)
=== CONT  TestEnumInitializationGraphMemo
=== RUN   TestEnumInitializationGraphMemo/12
=== PAUSE TestEnumInitializationGraphMemo/12
=== RUN   TestEnumInitializationGraphMemo/24
=== PAUSE TestEnumInitializationGraphMemo/24
=== CONT  TestEnumInitializationReach
=== RUN   TestEnumInitializationReach/native-enum-map
=== PAUSE TestEnumInitializationReach/native-enum-map
=== RUN   TestEnumInitializationReach/native-call-before-enum
=== PAUSE TestEnumInitializationReach/native-call-before-enum
=== RUN   TestEnumInitializationReach/safe-helper
=== PAUSE TestEnumInitializationReach/safe-helper
=== RUN   TestEnumInitializationReach/safe-constructor
=== PAUSE TestEnumInitializationReach/safe-constructor
=== RUN   TestEnumInitializationReach/callable-selection
=== PAUSE TestEnumInitializationReach/callable-selection
=== RUN   TestEnumInitializationReach/call-graph-24
=== PAUSE TestEnumInitializationReach/call-graph-24
=== RUN   TestEnumInitializationReach/unknown-after
=== PAUSE TestEnumInitializationReach/unknown-after
=== RUN   TestEnumInitializationReach/unknown-before
=== PAUSE TestEnumInitializationReach/unknown-before
=== RUN   TestEnumInitializationReach/unknown-callback
=== PAUSE TestEnumInitializationReach/unknown-callback
=== RUN   TestEnumInitializationReach/unknown-property
=== PAUSE TestEnumInitializationReach/unknown-property
=== RUN   TestEnumInitializationReach/reaching-direct
=== PAUSE TestEnumInitializationReach/reaching-direct
=== RUN   TestEnumInitializationReach/reaching-helper
=== PAUSE TestEnumInitializationReach/reaching-helper
=== RUN   TestEnumInitializationReach/reaching-cycle
=== PAUSE TestEnumInitializationReach/reaching-cycle
=== RUN   TestEnumInitializationReach/reaching-constructor
=== PAUSE TestEnumInitializationReach/reaching-constructor
=== RUN   TestEnumInitializationReach/reaching-derived
=== PAUSE TestEnumInitializationReach/reaching-derived
=== CONT  TestEnumReverseMappingUsesSingleSlot
=== RUN   TestPredicateOverloadRuntime/overload_every
=== NAME  TestNumericEnumsAreOpen
    enums_open_test.go:23: member_tags
--- PASS: TestEnumLimitsStayLoud (1.23s)
=== CONT  TestEnumFlagProofsWithoutObservableLoweringEffect
--- PASS: TestEnumSwitchExhaustiveness (1.35s)
=== CONT  TestEnumMemberValuesAndReverseNameMatchNode
--- PASS: TestEnumReverseMappingUsesSingleSlot (0.38s)
=== CONT  TestFlagEnumAliasBoundaries
--- PASS: TestEnumFlagProofsWithoutObservableLoweringEffect (0.19s)
=== CONT  TestFlagEnumInlineIteration
=== NAME  TestNumericEnumsAreOpen
    enums_open_test.go:23: coalesce
--- PASS: TestFlagEnumInlineIteration (0.36s)
=== CONT  TestEnumNameEnumeration
=== NAME  TestNumericEnumsAreOpen
    enums_open_test.go:23: arithmetic
--- PASS: TestEnumMemberValuesAndReverseNameMatchNode (0.76s)
=== CONT  TestFlagEnumMemberAliases
=== RUN   TestPredicateOverloadRuntime/overload_array_alias
--- PASS: TestEnumNameEnumeration (0.44s)
=== CONT  TestFlagEnumLiteralSpellings
=== NAME  TestNumericEnumsAreOpen
    enums_open_test.go:23: signed_flags
--- PASS: TestFlagEnumMemberAliases (0.27s)
=== CONT  TestEnumNeverDefault
--- PASS: TestFlagEnumLiteralSpellings (0.36s)
=== CONT  TestFlagEnumsDomain
    enum_flags_test.go:96: bitwise_updates
--- PASS: TestEnumNeverDefault (0.24s)
=== CONT  TestFlagEnumsOpen
=== RUN   TestFlagEnumsOpen/complement
=== PAUSE TestFlagEnumsOpen/complement
=== RUN   TestFlagEnumsOpen/arithmetic
=== PAUSE TestFlagEnumsOpen/arithmetic
=== RUN   TestFlagEnumsOpen/increment
=== PAUSE TestFlagEnumsOpen/increment
=== RUN   TestFlagEnumsOpen/shift_update
=== PAUSE TestFlagEnumsOpen/shift_update
=== RUN   TestFlagEnumsOpen/shift_result
=== PAUSE TestFlagEnumsOpen/shift_result
=== RUN   TestFlagEnumsOpen/sign_bit
=== PAUSE TestFlagEnumsOpen/sign_bit
=== RUN   TestFlagEnumsOpen/implicit
=== PAUSE TestFlagEnumsOpen/implicit
=== RUN   TestFlagEnumsOpen/numeric_shape
=== PAUSE TestFlagEnumsOpen/numeric_shape
=== RUN   TestFlagEnumsOpen/arithmetic_shape
=== PAUSE TestFlagEnumsOpen/arithmetic_shape
=== RUN   TestFlagEnumsOpen/switch_default
=== PAUSE TestFlagEnumsOpen/switch_default
=== RUN   TestFlagEnumsOpen/cross_enum_left
=== PAUSE TestFlagEnumsOpen/cross_enum_left
=== RUN   TestFlagEnumsOpen/cross_enum_right
=== PAUSE TestFlagEnumsOpen/cross_enum_right
=== RUN   TestFlagEnumsOpen/or_number
=== PAUSE TestFlagEnumsOpen/or_number
=== RUN   TestFlagEnumsOpen/xor_number
=== PAUSE TestFlagEnumsOpen/xor_number
=== RUN   TestFlagEnumsOpen/and_numbers
=== PAUSE TestFlagEnumsOpen/and_numbers
=== RUN   TestFlagEnumsOpen/narrowed_member
=== PAUSE TestFlagEnumsOpen/narrowed_member
=== RUN   TestFlagEnumsOpen/compound_or_number
=== PAUSE TestFlagEnumsOpen/compound_or_number
=== RUN   TestFlagEnumsOpen/compound_xor_number
=== PAUSE TestFlagEnumsOpen/compound_xor_number
=== RUN   TestFlagEnumsOpen/mutable_alias
=== PAUSE TestFlagEnumsOpen/mutable_alias
=== RUN   TestFlagEnumsOpen/bare_number
=== PAUSE TestFlagEnumsOpen/bare_number
=== RUN   TestFlagEnumsOpen/member_slot
=== PAUSE TestFlagEnumsOpen/member_slot
=== RUN   TestFlagEnumsOpen/array_view
=== PAUSE TestFlagEnumsOpen/array_view
=== CONT  TestEntriesRecordBoundaries
=== RUN   TestEntriesRecordBoundaries/spread_into_record_storage
=== PAUSE TestEntriesRecordBoundaries/spread_into_record_storage
=== RUN   TestEntriesRecordBoundaries/closed_const_literal_origin
=== PAUSE TestEntriesRecordBoundaries/closed_const_literal_origin
=== RUN   TestEntriesRecordBoundaries/indexed_record_field_read
=== PAUSE TestEntriesRecordBoundaries/indexed_record_field_read
=== CONT  TestEntriesAllocationProof
=== RUN   TestEntriesAllocationProof/const_source={value:1,_hidden:2};_const_view:{readonly_value:number}=source;_Object.entries(view);
=== PAUSE TestEntriesAllocationProof/const_source={value:1,_hidden:2};_const_view:{readonly_value:number}=source;_Object.entries(view);
=== RUN   TestEntriesAllocationProof/let_source={value:1,_hidden:2};_const_view:{readonly_value:number}=source;_Object.entries(view);
=== PAUSE TestEntriesAllocationProof/let_source={value:1,_hidden:2};_const_view:{readonly_value:number}=source;_Object.entries(view);
=== RUN   TestEntriesAllocationProof/let_source:{readonly_value:number}={value:1};_const_other={value:2,_hidden:'bad'};_source=other;_Object.entries(source);
=== PAUSE TestEntriesAllocationProof/let_source:{readonly_value:number}={value:1};_const_other={value:2,_hidden:'bad'};_source=other;_Object.entries(source);
=== RUN   TestEntriesAllocationProof/let_source:{readonly_value:number}={value:1};_const_other={value:2,_hidden:'bad'};_[source]=[other];_Object.entries(source);
=== PAUSE TestEntriesAllocationProof/let_source:{readonly_value:number}={value:1};_const_other={value:2,_hidden:'bad'};_[source]=[other];_Object.entries(source);
=== RUN   TestEntriesAllocationProof/function_entries(source:{readonly_value:number}):void_{Object.entries(source);}_entries({value:1});
=== PAUSE TestEntriesAllocationProof/function_entries(source:{readonly_value:number}):void_{Object.entries(source);}_entries({value:1});
=== RUN   TestEntriesAllocationProof/const_source={value:1,_hidden:'bad'};_const_view:{readonly_value:number}=source;_Object.entries(view);
=== PAUSE TestEntriesAllocationProof/const_source={value:1,_hidden:'bad'};_const_view:{readonly_value:number}=source;_Object.entries(view);
=== CONT  TestEmptyLiteralGenericReturnUsesSamePath
--- PASS: TestEmptyLiteralGenericReturnUsesSamePath (0.11s)
=== CONT  TestNestedEmptyArrayElementKinds
=== RUN   TestNestedEmptyArrayElementKinds/first
=== PAUSE TestNestedEmptyArrayElementKinds/first
=== RUN   TestNestedEmptyArrayElementKinds/last
=== PAUSE TestNestedEmptyArrayElementKinds/last
=== RUN   TestNestedEmptyArrayElementKinds/typed
=== PAUSE TestNestedEmptyArrayElementKinds/typed
=== RUN   TestNestedEmptyArrayElementKinds/strings
=== PAUSE TestNestedEmptyArrayElementKinds/strings
=== RUN   TestNestedEmptyArrayElementKinds/objects
=== PAUSE TestNestedEmptyArrayElementKinds/objects
=== RUN   TestNestedEmptyArrayElementKinds/union
=== PAUSE TestNestedEmptyArrayElementKinds/union
=== CONT  TestDefiniteAssignmentSoundNeighbors
--- PASS: TestFlagEnumAliasBoundaries (1.36s)
=== CONT  TestDefiniteAssignmentUsesReadiness
=== NAME  TestNumericEnumsAreOpen
    enums_open_test.go:23: cast
=== NAME  TestFlagEnumsDomain
    enum_flags_test.go:96: alias
=== NAME  TestNumericEnumsAreOpen
    enums_open_test.go:23: containers
=== RUN   TestPredicateOverloadRuntime/overload_assertion
=== NAME  TestFlagEnumsDomain
    enum_flags_test.go:96: or
=== NAME  TestNumericEnumsAreOpen
    enums_open_test.go:23: optional_object
=== NAME  TestFlagEnumsDomain
    enum_flags_test.go:96: xor
--- PASS: TestNumericEnumsAreOpen (3.07s)
=== CONT  TestConstructorCacheOneArgumentRemainsNotYet
--- PASS: TestDefiniteAssignmentUsesReadiness (1.15s)
=== CONT  TestClockGenericReturnsT01RejectsIndexBeforeBody
--- PASS: TestConstructorCacheOneArgumentRemainsNotYet (0.11s)
=== CONT  TestClockGenericReturnsT01RejectsNullBeforeBody
--- PASS: TestClockGenericReturnsT01RejectsIndexBeforeBody (0.16s)
=== CONT  TestClockGenericReturnsT01DeclinesBrandedPrimitives
--- PASS: TestClockGenericReturnsT01RejectsNullBeforeBody (0.14s)
=== CONT  TestClockGenericReturnsT01Shapes
=== RUN   TestClockGenericReturnsT01Shapes/nested_readonly_fields
=== PAUSE TestClockGenericReturnsT01Shapes/nested_readonly_fields
=== RUN   TestClockGenericReturnsT01Shapes/callable
=== PAUSE TestClockGenericReturnsT01Shapes/callable
=== RUN   TestClockGenericReturnsT01Shapes/constructable
=== PAUSE TestClockGenericReturnsT01Shapes/constructable
=== RUN   TestClockGenericReturnsT01Shapes/indexed
=== PAUSE TestClockGenericReturnsT01Shapes/indexed
=== RUN   TestClockGenericReturnsT01Shapes/container_intersection
=== PAUSE TestClockGenericReturnsT01Shapes/container_intersection
=== RUN   TestClockGenericReturnsT01Shapes/nested_callable
=== PAUSE TestClockGenericReturnsT01Shapes/nested_callable
=== RUN   TestClockGenericReturnsT01Shapes/null_remains_distinct
=== PAUSE TestClockGenericReturnsT01Shapes/null_remains_distinct
=== CONT  TestClassWrongOutputPrivateRepair
=== RUN   TestPredicateOverloadRuntime/overload_nominal
=== NAME  TestFlagEnumsDomain
    enum_flags_test.go:96: and_left
--- PASS: TestClockGenericReturnsT01DeclinesBrandedPrimitives (0.26s)
=== CONT  TestClassWrongOutputKeysRepair
--- PASS: TestDefiniteAssignmentSoundNeighbors (1.77s)
=== CONT  TestClassWrongOutputIteratorReceiver
--- PASS: TestClassWrongOutputPrivateRepair (0.53s)
=== CONT  TestClassStaticInitializerCallIsEmitted
--- PASS: TestClassWrongOutputKeysRepair (0.38s)
=== CONT  TestClassArgumentsUseCheckerIdentity
=== RUN   TestClassArgumentsUseCheckerIdentity/separate_literals
=== PAUSE TestClassArgumentsUseCheckerIdentity/separate_literals
=== RUN   TestClassArgumentsUseCheckerIdentity/property_order
=== PAUSE TestClassArgumentsUseCheckerIdentity/property_order
=== RUN   TestClassArgumentsUseCheckerIdentity/nested_arrays
=== PAUSE TestClassArgumentsUseCheckerIdentity/nested_arrays
=== RUN   TestClassArgumentsUseCheckerIdentity/tuples
=== PAUSE TestClassArgumentsUseCheckerIdentity/tuples
=== RUN   TestClassArgumentsUseCheckerIdentity/unions
=== PAUSE TestClassArgumentsUseCheckerIdentity/unions
=== RUN   TestClassArgumentsUseCheckerIdentity/functions
=== PAUSE TestClassArgumentsUseCheckerIdentity/functions
=== RUN   TestClassArgumentsUseCheckerIdentity/recursive_interfaces
=== PAUSE TestClassArgumentsUseCheckerIdentity/recursive_interfaces
=== RUN   TestClassArgumentsUseCheckerIdentity/different_fields
=== PAUSE TestClassArgumentsUseCheckerIdentity/different_fields
=== RUN   TestClassArgumentsUseCheckerIdentity/optional_field
=== PAUSE TestClassArgumentsUseCheckerIdentity/optional_field
=== RUN   TestClassArgumentsUseCheckerIdentity/same_representation
=== PAUSE TestClassArgumentsUseCheckerIdentity/same_representation
=== CONT  TestInheritanceNativeSignatureLimits
=== RUN   TestInheritanceNativeSignatureLimits/optional_added
=== PAUSE TestInheritanceNativeSignatureLimits/optional_added
=== RUN   TestInheritanceNativeSignatureLimits/boolean_default_added
=== PAUSE TestInheritanceNativeSignatureLimits/boolean_default_added
=== RUN   TestInheritanceNativeSignatureLimits/generic_default_added
=== PAUSE TestInheritanceNativeSignatureLimits/generic_default_added
=== RUN   TestInheritanceNativeSignatureLimits/parameter_count
=== PAUSE TestInheritanceNativeSignatureLimits/parameter_count
=== RUN   TestInheritanceNativeSignatureLimits/void_to_number_result
=== PAUSE TestInheritanceNativeSignatureLimits/void_to_number_result
=== RUN   TestInheritanceNativeSignatureLimits/number_to_optional_result
=== PAUSE TestInheritanceNativeSignatureLimits/number_to_optional_result
=== CONT  TestInheritanceNativeSignatureNeighbors
=== RUN   TestInheritanceNativeSignatureNeighbors/identical_default
=== PAUSE TestInheritanceNativeSignatureNeighbors/identical_default
=== RUN   TestInheritanceNativeSignatureNeighbors/wider_same_representation
=== PAUSE TestInheritanceNativeSignatureNeighbors/wider_same_representation
=== RUN   TestInheritanceNativeSignatureNeighbors/identical_optional
=== PAUSE TestInheritanceNativeSignatureNeighbors/identical_optional
=== RUN   TestInheritanceNativeSignatureNeighbors/void_result
=== PAUSE TestInheritanceNativeSignatureNeighbors/void_result
=== CONT  TestInheritanceGenericFactoryLayouts
--- PASS: TestClassStaticInitializerCallIsEmitted (0.13s)
=== CONT  TestInheritanceGenericNominalConstraints
=== NAME  TestFlagEnumsDomain
    enum_flags_test.go:96: and_right
--- PASS: TestInheritanceGenericNominalConstraints (0.27s)
=== CONT  TestInheritanceGenericViewsKeepNominalArguments
--- PASS: TestInheritanceGenericFactoryLayouts (0.47s)
=== CONT  TestInheritanceConditionalThisRules
--- PASS: TestInheritanceGenericViewsKeepNominalArguments (0.11s)
=== CONT  TestInheritanceGenericSoundness
=== RUN   TestInheritanceGenericSoundness/generic_narrowing
=== RUN   TestInheritanceGenericSoundness/generic_inherited_cycle
=== NAME  TestFlagEnumsDomain
    enum_flags_test.go:96: and_complement
--- PASS: TestInheritanceGenericSoundness (0.21s)
    --- PASS: TestInheritanceGenericSoundness/generic_narrowing (0.11s)
    --- PASS: TestInheritanceGenericSoundness/generic_inherited_cycle (0.10s)
=== CONT  TestInheritanceRefusesGrowingGenericClasses
--- PASS: TestPredicateOverloadRuntime (19.57s)
    --- PASS: TestPredicateOverloadRuntime/parser_every_result (1.48s)
    --- PASS: TestPredicateOverloadRuntime/parser_some_result (1.92s)
    --- PASS: TestPredicateOverloadRuntime/overload_some (1.72s)
    --- PASS: TestPredicateOverloadRuntime/overload_some_empty (1.03s)
    --- PASS: TestPredicateOverloadRuntime/overload_some_false_valid (1.05s)
    --- PASS: TestPredicateOverloadRuntime/overload_some_false_read (0.91s)
    --- PASS: TestPredicateOverloadRuntime/overload_some_objects (1.48s)
    --- PASS: TestPredicateOverloadRuntime/overload_some_true_only (1.05s)
    --- PASS: TestPredicateOverloadRuntime/overload_callback (1.05s)
    --- PASS: TestPredicateOverloadRuntime/overload_erased (1.10s)
    --- PASS: TestPredicateOverloadRuntime/overload_checked (0.83s)
    --- PASS: TestPredicateOverloadRuntime/overload_false (0.86s)
    --- PASS: TestPredicateOverloadRuntime/overload_once (0.69s)
    --- PASS: TestPredicateOverloadRuntime/overload_every (1.10s)
    --- PASS: TestPredicateOverloadRuntime/overload_array_alias (0.96s)
    --- PASS: TestPredicateOverloadRuntime/overload_assertion (1.02s)
    --- PASS: TestPredicateOverloadRuntime/overload_nominal (1.31s)
=== CONT  TestInheritanceGenericMonomorphizations
--- PASS: TestInheritanceConditionalThisRules (0.30s)
=== CONT  TestInheritanceKeepsNominalTupleDestructuring
--- PASS: TestInheritanceRefusesGrowingGenericClasses (0.18s)
=== CONT  TestInheritanceRefusesThisBeforeSuperReturns
--- PASS: TestInheritanceRefusesThisBeforeSuperReturns (0.04s)
=== CONT  TestInheritanceRefusesFalseNominalViews
=== RUN   TestInheritanceRefusesFalseNominalViews/weak_structural
=== PAUSE TestInheritanceRefusesFalseNominalViews/weak_structural
=== RUN   TestInheritanceRefusesFalseNominalViews/source_union
=== PAUSE TestInheritanceRefusesFalseNominalViews/source_union
=== RUN   TestInheritanceRefusesFalseNominalViews/target_union
=== PAUSE TestInheritanceRefusesFalseNominalViews/target_union
=== RUN   TestInheritanceRefusesFalseNominalViews/nested_array
=== PAUSE TestInheritanceRefusesFalseNominalViews/nested_array
=== RUN   TestInheritanceRefusesFalseNominalViews/unrelated_override
=== PAUSE TestInheritanceRefusesFalseNominalViews/unrelated_override
=== RUN   TestInheritanceRefusesFalseNominalViews/structural_object
=== PAUSE TestInheritanceRefusesFalseNominalViews/structural_object
=== RUN   TestInheritanceRefusesFalseNominalViews/unrelated_class
=== PAUSE TestInheritanceRefusesFalseNominalViews/unrelated_class
=== CONT  TestInheritanceRejectsUnsupportedConstructorShapes
=== RUN   TestInheritanceRejectsUnsupportedConstructorShapes/replacement_object
=== PAUSE TestInheritanceRejectsUnsupportedConstructorShapes/replacement_object
=== RUN   TestInheritanceRejectsUnsupportedConstructorShapes/union_dispatch
=== PAUSE TestInheritanceRejectsUnsupportedConstructorShapes/union_dispatch
=== RUN   TestInheritanceRejectsUnsupportedConstructorShapes/computed_base
=== PAUSE TestInheritanceRejectsUnsupportedConstructorShapes/computed_base
=== RUN   TestInheritanceRejectsUnsupportedConstructorShapes/declare_field
=== PAUSE TestInheritanceRejectsUnsupportedConstructorShapes/declare_field
=== CONT  TestInheritanceCycleFinderIncludesInheritedFields
--- PASS: TestInheritanceCycleFinderIncludesInheritedFields (0.12s)
=== CONT  TestInheritanceHasClassIdentity
--- PASS: TestInheritanceKeepsNominalTupleDestructuring (0.40s)
=== CONT  TestInheritanceAllowsSoundOverrides
=== NAME  TestFlagEnumsDomain
    enum_flags_test.go:96: nested
--- PASS: TestInheritanceGenericMonomorphizations (0.61s)
=== CONT  TestInheritanceKeepsCheckerConstructorRules
=== RUN   TestInheritanceKeepsCheckerConstructorRules/abstract_construction
=== PAUSE TestInheritanceKeepsCheckerConstructorRules/abstract_construction
=== RUN   TestInheritanceKeepsCheckerConstructorRules/this_before_super
=== PAUSE TestInheritanceKeepsCheckerConstructorRules/this_before_super
=== RUN   TestInheritanceKeepsCheckerConstructorRules/abstract_method_missing
=== PAUSE TestInheritanceKeepsCheckerConstructorRules/abstract_method_missing
=== CONT  TestInheritanceRefusesUnsoundOverrides
=== RUN   TestInheritanceRefusesUnsoundOverrides/parameter_bivariance
=== PAUSE TestInheritanceRefusesUnsoundOverrides/parameter_bivariance
=== RUN   TestInheritanceRefusesUnsoundOverrides/mutable_field_narrowing
=== PAUSE TestInheritanceRefusesUnsoundOverrides/mutable_field_narrowing
=== RUN   TestInheritanceRefusesUnsoundOverrides/mutable_parameter_contents
=== PAUSE TestInheritanceRefusesUnsoundOverrides/mutable_parameter_contents
=== RUN   TestInheritanceRefusesUnsoundOverrides/readonly_mutable_contents
=== PAUSE TestInheritanceRefusesUnsoundOverrides/readonly_mutable_contents
=== RUN   TestInheritanceRefusesUnsoundOverrides/inherited_private_cycle
=== PAUSE TestInheritanceRefusesUnsoundOverrides/inherited_private_cycle
=== RUN   TestInheritanceRefusesUnsoundOverrides/inherited_cycle
=== PAUSE TestInheritanceRefusesUnsoundOverrides/inherited_cycle
=== CONT  TestClassFeaturesStaticInterfaceCycle
--- PASS: TestClassWrongOutputIteratorReceiver (1.61s)
=== CONT  TestClassFeaturesStaticParentCycle
--- PASS: TestInheritanceHasClassIdentity (0.40s)
=== CONT  TestClassFeaturesNarrowedAccessor
--- PASS: TestClassFeaturesStaticInterfaceCycle (0.11s)
=== CONT  TestClassFeaturesAccessorCaptureCycle
--- PASS: TestInheritanceAllowsSoundOverrides (0.36s)
=== CONT  TestClassFeaturesStaticSoundness
--- PASS: TestClassFeaturesStaticParentCycle (0.18s)
=== CONT  TestClassFeaturesStaticDeclarationsExecute
--- PASS: TestClassFeaturesNarrowedAccessor (0.14s)
=== CONT  TestClassFeaturesAccessorRefusals
--- PASS: TestClassFeaturesAccessorCaptureCycle (0.16s)
=== CONT  TestClassFeaturesPrivateStorage
=== NAME  TestFlagEnumsDomain
    enum_flags_test.go:96: field
--- PASS: TestClassFeaturesAccessorRefusals (0.43s)
=== CONT  TestClassFeaturesPrivateChecker
--- PASS: TestClassFeaturesPrivateChecker (0.10s)
=== CONT  TestClassFeaturesReadonlyChecker
=== NAME  TestFlagEnumsDomain
    enum_flags_test.go:96: array
--- PASS: TestClassFeaturesPrivateStorage (0.53s)
=== CONT  TestTsgoHonorsNoCheckInAdamicFiles
--- PASS: TestClassFeaturesStaticDeclarationsExecute (0.89s)
=== CONT  TestCheckPragmaNeighborsCompile
--- PASS: TestTsgoHonorsNoCheckInAdamicFiles (0.42s)
=== CONT  TestCheckPragmasAreRefused
=== RUN   TestCheckPragmasAreRefused/ts-nocheck///_@ts-nocheck_
=== PAUSE TestCheckPragmasAreRefused/ts-nocheck///_@ts-nocheck_
=== RUN   TestCheckPragmasAreRefused/ts-nocheck////_@ts-nocheck_reason_
=== PAUSE TestCheckPragmasAreRefused/ts-nocheck////_@ts-nocheck_reason_
=== RUN   TestCheckPragmasAreRefused/ts-nocheck///_license___//_@ts-nocheck_
=== PAUSE TestCheckPragmasAreRefused/ts-nocheck///_license___//_@ts-nocheck_
=== RUN   TestCheckPragmasAreRefused/ts-nocheck/#!/usr/bin/env_node_//_@ts-nocheck_
=== PAUSE TestCheckPragmasAreRefused/ts-nocheck/#!/usr/bin/env_node_//_@ts-nocheck_
=== RUN   TestCheckPragmasAreRefused/ts-nocheck///_@ts-nocheck_//_@ts-check_//_@ts-nocheck_
=== PAUSE TestCheckPragmasAreRefused/ts-nocheck///_@ts-nocheck_//_@ts-check_//_@ts-nocheck_
=== RUN   TestCheckPragmasAreRefused/ts-check///_@ts-check_
=== PAUSE TestCheckPragmasAreRefused/ts-check///_@ts-check_
=== RUN   TestCheckPragmasAreRefused/ts-check////_@ts-check_reason_
=== PAUSE TestCheckPragmasAreRefused/ts-check////_@ts-check_reason_
=== RUN   TestCheckPragmasAreRefused/ts-check///_license___//_@ts-check_
=== PAUSE TestCheckPragmasAreRefused/ts-check///_license___//_@ts-check_
=== RUN   TestCheckPragmasAreRefused/ts-check/#!/usr/bin/env_node_//_@ts-check_
=== PAUSE TestCheckPragmasAreRefused/ts-check/#!/usr/bin/env_node_//_@ts-check_
=== RUN   TestCheckPragmasAreRefused/ts-check///_@ts-check_//_@ts-check_//_@ts-nocheck_
=== PAUSE TestCheckPragmasAreRefused/ts-check///_@ts-check_//_@ts-check_//_@ts-nocheck_
=== CONT  TestCensusBooleanDeadBranch
=== NAME  TestFlagEnumsDomain
    enum_flags_test.go:96: map
--- PASS: TestClassFeaturesStaticSoundness (1.24s)
=== CONT  TestCensusRestMutableElements
    census_small_test.go:74: rest element relation: /tmp/adamic-gate/TestCensusRestMutableElements3791078469/001/main.a:8:9: Adamic 0.1 refuses a value of type DogHouse seen as House, which can write Animal where Dog is read; make the wider type readonly (readonly T[], ReadonlyMap, readonly fields), which can't write; or copy the value ([...items], { ...item }) (adamic/invariant-mutable)
--- PASS: TestCensusRestMutableElements (0.09s)
=== CONT  TestCensusSmallFiniteKeyRead
--- PASS: TestClassFeaturesReadonlyChecker (0.81s)
=== CONT  TestCensusOverloadRelation
=== RUN   TestCensusOverloadRelation/parameter_contravariance
=== PAUSE TestCensusOverloadRelation/parameter_contravariance
=== RUN   TestCensusOverloadRelation/generic_parameter_constraints
=== PAUSE TestCensusOverloadRelation/generic_parameter_constraints
=== RUN   TestCensusOverloadRelation/mutable_parameters
=== PAUSE TestCensusOverloadRelation/mutable_parameters
=== RUN   TestCensusOverloadRelation/result_covariance
=== PAUSE TestCensusOverloadRelation/result_covariance
=== CONT  TestCensusPredicateMarkerCallStaysNotYet
--- PASS: TestCensusPredicateMarkerCallStaysNotYet (0.09s)
=== CONT  TestCensusPredicateMarkerKeepsProofBoundaries
--- PASS: TestCheckPragmaNeighborsCompile (0.57s)
=== CONT  TestCensusPredicateInteractionEscapes
=== RUN   TestCensusPredicateInteractionEscapes/function_alias
=== PAUSE TestCensusPredicateInteractionEscapes/function_alias
=== RUN   TestCensusPredicateInteractionEscapes/callback_escape
=== PAUSE TestCensusPredicateInteractionEscapes/callback_escape
=== RUN   TestCensusPredicateInteractionEscapes/exported_function
=== PAUSE TestCensusPredicateInteractionEscapes/exported_function
=== CONT  TestCensusPredicateInteractionBoundary
--- PASS: TestCensusBooleanDeadBranch (0.49s)
=== CONT  TestCensusOverloadReturnProof
=== RUN   TestCensusOverloadReturnProof/parameter_return
=== PAUSE TestCensusOverloadReturnProof/parameter_return
=== RUN   TestCensusOverloadReturnProof/lying_return
=== PAUSE TestCensusOverloadReturnProof/lying_return
=== RUN   TestCensusOverloadReturnProof/rebound_parameter
=== PAUSE TestCensusOverloadReturnProof/rebound_parameter
=== RUN   TestCensusOverloadReturnProof/captured_write
=== PAUSE TestCensusOverloadReturnProof/captured_write
=== RUN   TestCensusOverloadReturnProof/empty_return
=== PAUSE TestCensusOverloadReturnProof/empty_return
=== CONT  TestCensusOverloadBinderGuards
=== RUN   TestCensusOverloadBinderGuards/constraint
=== PAUSE TestCensusOverloadBinderGuards/constraint
=== RUN   TestCensusOverloadBinderGuards/parameter
=== PAUSE TestCensusOverloadBinderGuards/parameter
=== RUN   TestCensusOverloadBinderGuards/result
=== PAUSE TestCensusOverloadBinderGuards/result
=== CONT  TestOverloadedShorthandFunctionValueStaysNotYet
--- PASS: TestOverloadedShorthandFunctionValueStaysNotYet (0.10s)
=== CONT  TestOptionalFunctionValueRelation
=== RUN   TestOptionalFunctionValueRelation/const_narrow_=_{_run(x:_number):_number_{_return_x_+_1;_}_};_const_wider:_{_run(x?:_number):_number_}_=_narrow;_console.log(String(wider.run()));
=== PAUSE TestOptionalFunctionValueRelation/const_narrow_=_{_run(x:_number):_number_{_return_x_+_1;_}_};_const_wider:_{_run(x?:_number):_number_}_=_narrow;_console.log(String(wider.run()));
=== RUN   TestOptionalFunctionValueRelation/const_narrow_=_{_run:_(x:_number):_number_=>_x_+_1_};_const_wider:_{_run(x?:_number):_number_}_=_narrow;_console.log(String(wider.run()));
=== PAUSE TestOptionalFunctionValueRelation/const_narrow_=_{_run:_(x:_number):_number_=>_x_+_1_};_const_wider:_{_run(x?:_number):_number_}_=_narrow;_console.log(String(wider.run()));
=== CONT  TestCensusMarkerZeroCallIsNotAssumedSafe
=== NAME  TestFlagEnumsDomain
    enum_flags_test.go:96: parameter
--- PASS: TestCensusMarkerZeroCallIsNotAssumedSafe (0.08s)
=== CONT  TestCensusMarkerResultIsAssignable
--- PASS: TestCensusSmallFiniteKeyRead (0.46s)
=== CONT  TestCheckedCastProofAndElision
=== RUN   TestCheckedCastProofAndElision/enum_member
=== PAUSE TestCheckedCastProofAndElision/enum_member
=== RUN   TestCheckedCastProofAndElision/invariant_mutable_payload
--- PASS: TestCensusPredicateInteractionBoundary (0.30s)
=== CONT  TestUncheckableCastsStayRefused
=== RUN   TestUncheckableCastsStayRefused/unknown_interface
=== PAUSE TestUncheckableCastsStayRefused/unknown_interface
=== RUN   TestUncheckableCastsStayRefused/callback_signature
=== PAUSE TestUncheckableCastsStayRefused/callback_signature
=== RUN   TestUncheckableCastsStayRefused/mutable_widening
=== PAUSE TestUncheckableCastsStayRefused/mutable_widening
=== RUN   TestUncheckableCastsStayRefused/mutable_union_tag
=== PAUSE TestUncheckableCastsStayRefused/mutable_union_tag
=== RUN   TestUncheckableCastsStayRefused/mutable_union_payload
=== PAUSE TestUncheckableCastsStayRefused/mutable_union_payload
=== RUN   TestUncheckableCastsStayRefused/hidden_optional_field
=== PAUSE TestUncheckableCastsStayRefused/hidden_optional_field
=== RUN   TestUncheckableCastsStayRefused/double_assertion
=== PAUSE TestUncheckableCastsStayRefused/double_assertion
=== PAUSE TestCheckedCastProofAndElision/invariant_mutable_payload
=== RUN   TestUncheckableCastsStayRefused/related_double_assertion
=== PAUSE TestUncheckableCastsStayRefused/related_double_assertion
=== RUN   TestCheckedCastProofAndElision/sub-union
=== PAUSE TestCheckedCastProofAndElision/sub-union
=== RUN   TestCheckedCastProofAndElision/class_downcast
=== PAUSE TestCheckedCastProofAndElision/class_downcast
=== RUN   TestCheckedCastProofAndElision/empty_subclass
=== PAUSE TestCheckedCastProofAndElision/empty_subclass
=== RUN   TestCheckedCastProofAndElision/generic_ancestry
=== PAUSE TestCheckedCastProofAndElision/generic_ancestry
=== RUN   TestCheckedCastProofAndElision/class_upcast
=== PAUSE TestCheckedCastProofAndElision/class_upcast
=== RUN   TestCheckedCastProofAndElision/flow_narrowing
=== PAUSE TestCheckedCastProofAndElision/flow_narrowing
=== RUN   TestUncheckableCastsStayRefused/primitive_union
=== PAUSE TestUncheckableCastsStayRefused/primitive_union
=== RUN   TestUncheckableCastsStayRefused/tuple_length
=== PAUSE TestUncheckableCastsStayRefused/tuple_length
=== RUN   TestUncheckableCastsStayRefused/unrelated_class
=== PAUSE TestUncheckableCastsStayRefused/unrelated_class
=== RUN   TestUncheckableCastsStayRefused/structural_class
=== PAUSE TestUncheckableCastsStayRefused/structural_class
=== RUN   TestUncheckableCastsStayRefused/payload_refinement
=== PAUSE TestUncheckableCastsStayRefused/payload_refinement
=== RUN   TestUncheckableCastsStayRefused/duplicate_literal_tags
=== PAUSE TestUncheckableCastsStayRefused/duplicate_literal_tags
=== RUN   TestUncheckableCastsStayRefused/duplicate_enum_values
=== PAUSE TestUncheckableCastsStayRefused/duplicate_enum_values
=== RUN   TestUncheckableCastsStayRefused/different_enums_same_value
=== PAUSE TestUncheckableCastsStayRefused/different_enums_same_value
=== RUN   TestUncheckableCastsStayRefused/mixed_tag_representations
=== PAUSE TestUncheckableCastsStayRefused/mixed_tag_representations
=== RUN   TestUncheckableCastsStayRefused/erased_generic_argument
=== PAUSE TestUncheckableCastsStayRefused/erased_generic_argument
=== RUN   TestUncheckableCastsStayRefused/incompatible_generic_arguments
=== PAUSE TestUncheckableCastsStayRefused/incompatible_generic_arguments
=== CONT  TestStep18UnknownDetachedCallable
=== CONT  TestStep18DetachedCallableOrigins
--- PASS: TestCensusMarkerResultIsAssignable (0.14s)
=== CONT  TestArrayPredicateCoexistsWithUnknownReflection
--- PASS: TestCensusPredicateMarkerKeepsProofBoundaries (0.45s)
=== CONT  TestUnknownArrayPredicateRefusesUnrepresentedObservations
--- PASS: TestStep18UnknownDetachedCallable (0.24s)
=== CONT  TestArrayPredicateDoesNotMisclassifyNativeTuples
--- PASS: TestStep18DetachedCallableOrigins (0.31s)
=== CONT  TestArrayPredicateCannotInventAnElementContract
--- PASS: TestUnknownArrayPredicateRefusesUnrepresentedObservations (0.26s)
=== CONT  TestArrayPredicatePreservesDeclaredElementContract
=== NAME  TestFlagEnumsDomain
    enum_flags_test.go:96: optional
--- PASS: TestArrayPredicateDoesNotMisclassifyNativeTuples (0.22s)
=== CONT  TestArgumentsLengthReadKeepsReaderFact
=== NAME  TestFlagEnumsDomain
    enum_flags_test.go:96: switch
--- PASS: TestArgumentsLengthReadKeepsReaderFact (0.42s)
=== CONT  TestArgumentsLengthRefusalFixtures
=== RUN   TestArgumentsLengthRefusalFixtures/indexing
=== PAUSE TestArgumentsLengthRefusalFixtures/indexing
=== RUN   TestArgumentsLengthRefusalFixtures/aliasing
=== PAUSE TestArgumentsLengthRefusalFixtures/aliasing
=== RUN   TestArgumentsLengthRefusalFixtures/passing
=== PAUSE TestArgumentsLengthRefusalFixtures/passing
=== RUN   TestArgumentsLengthRefusalFixtures/returning
=== PAUSE TestArgumentsLengthRefusalFixtures/returning
=== RUN   TestArgumentsLengthRefusalFixtures/spreading
=== PAUSE TestArgumentsLengthRefusalFixtures/spreading
=== RUN   TestArgumentsLengthRefusalFixtures/writing
=== PAUSE TestArgumentsLengthRefusalFixtures/writing
=== RUN   TestArgumentsLengthRefusalFixtures/arrow
=== PAUSE TestArgumentsLengthRefusalFixtures/arrow
=== CONT  TestArgumentsLengthReadNeighbors
--- PASS: TestArrayPredicateCannotInventAnElementContract (0.65s)
=== CONT  TestArgumentsLengthRefusals
=== RUN   TestArgumentsLengthRefusals/indexing
=== PAUSE TestArgumentsLengthRefusals/indexing
=== RUN   TestArgumentsLengthRefusals/aliasing
=== PAUSE TestArgumentsLengthRefusals/aliasing
=== RUN   TestArgumentsLengthRefusals/passing
=== PAUSE TestArgumentsLengthRefusals/passing
=== RUN   TestArgumentsLengthRefusals/returning
=== PAUSE TestArgumentsLengthRefusals/returning
=== RUN   TestArgumentsLengthRefusals/spreading
=== PAUSE TestArgumentsLengthRefusals/spreading
=== RUN   TestArgumentsLengthRefusals/writing_object
=== PAUSE TestArgumentsLengthRefusals/writing_object
=== RUN   TestArgumentsLengthRefusals/writing_length
=== PAUSE TestArgumentsLengthRefusals/writing_length
=== RUN   TestArgumentsLengthRefusals/incrementing_length
=== PAUSE TestArgumentsLengthRefusals/incrementing_length
=== RUN   TestArgumentsLengthRefusals/compound_length
=== PAUSE TestArgumentsLengthRefusals/compound_length
=== RUN   TestArgumentsLengthRefusals/arrow
=== PAUSE TestArgumentsLengthRefusals/arrow
=== RUN   TestArgumentsLengthRefusals/parenthesized_write
=== PAUSE TestArgumentsLengthRefusals/parenthesized_write
=== CONT  TestNativeAgreementRejectsWrongExit
--- PASS: TestFlagEnumsDomain (6.56s)
=== CONT  TestNativeAgreementRejectsWrongOutput
--- PASS: TestNativeAgreementRejectsWrongExit (0.73s)
=== CONT  TestAgreementParseIntRadixWitness
--- PASS: TestNativeAgreementRejectsWrongOutput (0.78s)
=== CONT  TestAgreementStaticInitializerWitness
--- PASS: TestArrayPredicateCoexistsWithUnknownReflection (2.09s)
=== CONT  TestAgreementParameterPropertyWitness
--- PASS: TestAgreementParseIntRadixWitness (0.52s)
=== CONT  TestAgreementInheritedFieldWitness
--- PASS: TestAgreementStaticInitializerWitness (0.45s)
=== CONT  TestAgreementEnumConstantWitness
--- PASS: TestArrayPredicatePreservesDeclaredElementContract (1.98s)
=== CONT  TestAgreementAcceptsExpectedPanic
--- PASS: TestAgreementParameterPropertyWitness (0.36s)
=== CONT  TestAgreementAcceptsComputedAnswer
--- PASS: TestAgreementEnumConstantWitness (0.27s)
=== CONT  TestAgreementRejectsEmptyAnswer
--- PASS: TestAgreementInheritedFieldWitness (0.35s)
=== CONT  TestPredicateCallbackContracts/inferred_arrow
--- PASS: TestAgreementAcceptsExpectedPanic (0.31s)
=== CONT  TestModuleNamespaceLimitsStayLoud/console.log(`${performance.read()}`);
=== CONT  TestModuleNamespaceLimitsStayLoud/performance.value_=_2;
=== CONT  TestModuleNamespaceLimitsStayLoud/console.log(`${performance['value']}`);
--- PASS: TestAgreementRejectsEmptyAnswer (0.26s)
=== CONT  TestModuleNamespaceLimitsStayLoud/console.log(Object.keys(performance).join(','));
=== CONT  TestPredicateCallbackContracts/reassigned
--- PASS: TestAgreementAcceptsComputedAnswer (0.42s)
=== CONT  TestPredicateCallbackContracts/lying
--- PASS: TestModuleNamespaceLimitsStayLoud (0.00s)
    --- PASS: TestModuleNamespaceLimitsStayLoud/const_escaped_=_performance; (0.11s)
    --- PASS: TestModuleNamespaceLimitsStayLoud/console.log(`${performance.read()}`); (0.09s)
    --- PASS: TestModuleNamespaceLimitsStayLoud/performance.value_=_2; (0.10s)
    --- PASS: TestModuleNamespaceLimitsStayLoud/console.log(`${performance['value']}`); (0.08s)
    --- PASS: TestModuleNamespaceLimitsStayLoud/console.log(Object.keys(performance).join(',')); (0.12s)
=== CONT  TestPredicateCallbackContracts/unproven
=== CONT  TestPredicateCallbackContracts/named
=== CONT  TestPredicateCallbackContracts/arrow
=== CONT  TestPredicateCallbackContracts/inferred_named
--- PASS: TestArgumentsLengthReadNeighbors (2.20s)
=== CONT  TestPredicateCallbackContracts/inferred_opaque
=== CONT  TestTypedArrayViewsCannotChangeRepresentation
=== CONT  TestUntaggedViewMemberTags
--- PASS: TestUntaggedViewMemberTags (0.00s)
=== CONT  TestMixedUnionContractPhantomVoidIsUndefined
=== CONT  TestMixedUnionContractPhantomBrandUsesPrimitiveBase
--- PASS: TestTypedArrayViewsCannotChangeRepresentation (0.22s)
--- PASS: TestMixedUnionContractPhantomVoidIsUndefined (0.07s)
=== CONT  TestMixedUnionContractRecursiveMember
--- PASS: TestMixedUnionContractPhantomBrandUsesPrimitiveBase (0.08s)
=== CONT  TestMixedUnionContractUnknownMemberFails
--- PASS: TestMixedUnionContractRecursiveMember (0.09s)
=== CONT  TestMixedUnionContractFailureDoesNotCertifyRetry
=== CONT  TestMixedUnionContractGraph
=== RUN   TestMixedUnionContractGraph/interface_Identifier_{readonly_text:string}_type_Target=string|Identifier;
=== PAUSE TestMixedUnionContractGraph/interface_Identifier_{readonly_text:string}_type_Target=string|Identifier;
=== RUN   TestMixedUnionContractGraph/interface_Node_{readonly_ready:boolean}_type_Target=number|Node;
=== PAUSE TestMixedUnionContractGraph/interface_Node_{readonly_ready:boolean}_type_Target=number|Node;
=== RUN   TestMixedUnionContractGraph/interface_Node_{readonly_ready:boolean}_type_Target=Node|readonly_Node[];
=== PAUSE TestMixedUnionContractGraph/interface_Node_{readonly_ready:boolean}_type_Target=Node|readonly_Node[];
=== RUN   TestMixedUnionContractGraph/interface_Expression_{readonly_value:number}_type_Target=boolean|Expression;
=== PAUSE TestMixedUnionContractGraph/interface_Expression_{readonly_value:number}_type_Target=boolean|Expression;
=== RUN   TestMixedUnionContractGraph/interface_Left_{readonly_left:string}_interface_Right_{readonly_right:number}_type_Target=Left|Right;
=== PAUSE TestMixedUnionContractGraph/interface_Left_{readonly_left:string}_interface_Right_{readonly_right:number}_type_Target=Left|Right;
=== CONT  TestViewObjectWritesNeedSourceCertificate
=== CONT  TestViewObjectContractsAreAvailableToEraser
--- PASS: TestMixedUnionContractUnknownMemberFails (0.10s)
=== CONT  TestUnknownReflectionRefusals
=== RUN   TestUnknownReflectionRefusals/nullable_referencefunction_reflect(value:_unknown):_string_{_return_typeof_value;_}_function_test(value:_{code:string}|null):_string_{_return_reflect(value);_}
=== PAUSE TestUnknownReflectionRefusals/nullable_referencefunction_reflect(value:_unknown):_string_{_return_typeof_value;_}_function_test(value:_{code:string}|null):_string_{_return_reflect(value);_}
=== RUN   TestUnknownReflectionRefusals/dynamic_key_coercionfunction_has(key:_string,_value:_object):_boolean_{_return_key_in_value;_}
=== PAUSE TestUnknownReflectionRefusals/dynamic_key_coercionfunction_has(key:_string,_value:_object):_boolean_{_return_key_in_value;_}
=== RUN   TestUnknownReflectionRefusals/NUL_keyconsole.log(String('a\0b'_in_{}));
=== PAUSE TestUnknownReflectionRefusals/NUL_keyconsole.log(String('a\0b'_in_{}));
=== RUN   TestUnknownReflectionRefusals/tuplefunction_has(pair:_readonly_[number]):_boolean_{_return_'length'_in_pair;_}
=== PAUSE TestUnknownReflectionRefusals/tuplefunction_has(pair:_readonly_[number]):_boolean_{_return_'length'_in_pair;_}
=== RUN   TestUnknownReflectionRefusals/dynamic_prototypefunction_read(value:_unknown):_unknown_{_return_typeof_value_===_'object'_&&_value_!==_null_&&_'__proto__'_in_value_?_value.__proto___:_undefined;_}
=== PAUSE TestUnknownReflectionRefusals/dynamic_prototypefunction_read(value:_unknown):_unknown_{_return_typeof_value_===_'object'_&&_value_!==_null_&&_'__proto__'_in_value_?_value.__proto___:_undefined;_}
=== RUN   TestUnknownReflectionRefusals/descriptor_metadatafunction_has(value:_unknown):_boolean_{_return_typeof_value_===_'object'_&&_value_!==_null_&&_'stack'_in_value;_}
=== PAUSE TestUnknownReflectionRefusals/descriptor_metadatafunction_has(value:_unknown):_boolean_{_return_typeof_value_===_'object'_&&_value_!==_null_&&_'stack'_in_value;_}
=== RUN   TestUnknownReflectionRefusals/descriptor_metadatafunction_has(value:_unknown):_boolean_{_return_typeof_value_===_'object'_&&_value_!==_null_&&_'errno'_in_value;_}
=== PAUSE TestUnknownReflectionRefusals/descriptor_metadatafunction_has(value:_unknown):_boolean_{_return_typeof_value_===_'object'_&&_value_!==_null_&&_'errno'_in_value;_}
=== RUN   TestUnknownReflectionRefusals/opaque_hostfunction_box(value:_unknown):_unknown_{_return_value;_}_box(new_Map<string,_number>());
=== PAUSE TestUnknownReflectionRefusals/opaque_hostfunction_box(value:_unknown):_unknown_{_return_value;_}_box(new_Map<string,_number>());
=== RUN   TestUnknownReflectionRefusals/nullable_fieldfunction_box(value:_unknown):_unknown_{_return_value;_}_box({code:null});
=== PAUSE TestUnknownReflectionRefusals/nullable_fieldfunction_box(value:_unknown):_unknown_{_return_value;_}_box({code:null});
=== RUN   TestUnknownReflectionRefusals/dynamic_getterclass_Code_{_get_code():_string_{_return_'x';_}_}_function_read(value:_unknown):_unknown_{_return_typeof_value_===_'object'_&&_value_!==_null_&&_'code'_in_value_?_value.code_:_undefined;_}_read(new_Code());
=== PAUSE TestUnknownReflectionRefusals/dynamic_getterclass_Code_{_get_code():_string_{_return_'x';_}_}_function_read(value:_unknown):_unknown_{_return_typeof_value_===_'object'_&&_value_!==_null_&&_'code'_in_value_?_value.code_:_undefined;_}_read(new_Code());
=== RUN   TestUnknownReflectionRefusals/dynamic_getter_or_methodclass_Code_{_code():_string_{_return_'x';_}_}_function_read(value:_unknown):_unknown_{_return_typeof_value_===_'object'_&&_value_!==_null_&&_'code'_in_value_?_value.code_:_undefined;_}_read(new_Code());
=== PAUSE TestUnknownReflectionRefusals/dynamic_getter_or_methodclass_Code_{_code():_string_{_return_'x';_}_}_function_read(value:_unknown):_unknown_{_return_typeof_value_===_'object'_&&_value_!==_null_&&_'code'_in_value_?_value.code_:_undefined;_}_read(new_Code());
=== RUN   TestUnknownReflectionRefusals/ToPrimitivefunction_text(value:_unknown):_string_{_return_String(value);_}
=== PAUSE TestUnknownReflectionRefusals/ToPrimitivefunction_text(value:_unknown):_string_{_return_String(value);_}
=== RUN   TestUnknownReflectionRefusals/nullable_fieldfunction_read(value:_unknown):_unknown_{_return_typeof_value_===_'object'_&&_value_!==_null_&&_'code'_in_value_?_value.code_:_undefined;_}_const_nested_=_{child:{code:null}};_read(nested);
=== PAUSE TestUnknownReflectionRefusals/nullable_fieldfunction_read(value:_unknown):_unknown_{_return_typeof_value_===_'object'_&&_value_!==_null_&&_'code'_in_value_?_value.code_:_undefined;_}_const_nested_=_{child:{code:null}};_read(nested);
=== RUN   TestUnknownReflectionRefusals/function_descriptorsfunction_box(value:_unknown):_unknown_{_return_value;_}_box(()_=>_1);
=== PAUSE TestUnknownReflectionRefusals/function_descriptorsfunction_box(value:_unknown):_unknown_{_return_value;_}_box(()_=>_1);
=== RUN   TestUnknownReflectionRefusals/JSON_as_a_valuefunction_box(value:_unknown):_unknown_{_return_value;_}_box(JSON);
=== PAUSE TestUnknownReflectionRefusals/JSON_as_a_valuefunction_box(value:_unknown):_unknown_{_return_value;_}_box(JSON);
=== RUN   TestUnknownReflectionRefusals/class_constructorclass_Code_{_static_code_=_'x';_}_console.log(String('code'_in_Code));
=== PAUSE TestUnknownReflectionRefusals/class_constructorclass_Code_{_static_code_=_'x';_}_console.log(String('code'_in_Code));
=== RUN   TestUnknownReflectionRefusals/dispatch_tableclass_Code_{_inspect(value:_unknown):_void_{}_}_console.log(String('inspect'_in_new_Code()));
=== PAUSE TestUnknownReflectionRefusals/dispatch_tableclass_Code_{_inspect(value:_unknown):_void_{}_}_console.log(String('inspect'_in_new_Code()));
=== RUN   TestUnknownReflectionRefusals/presence_descriptorsfunction_has(value:_{code:number}|undefined):_boolean_{_return_'code'_in_{...value};_}
=== PAUSE TestUnknownReflectionRefusals/presence_descriptorsfunction_has(value:_{code:number}|undefined):_boolean_{_return_'code'_in_{...value};_}
=== RUN   TestUnknownReflectionRefusals/ambient_class_fieldclass_Code_{_declare_code:_string;_}_function_has(value:_unknown):_boolean_{_return_typeof_value_===_'object'_&&_value_!==_null_&&_'code'_in_value;_}_has(new_Code());
=== PAUSE TestUnknownReflectionRefusals/ambient_class_fieldclass_Code_{_declare_code:_string;_}_function_has(value:_unknown):_boolean_{_return_typeof_value_===_'object'_&&_value_!==_null_&&_'code'_in_value;_}_has(new_Code());
=== CONT  TestTypedArrayFromEmptyArray
--- PASS: TestMixedUnionContractFailureDoesNotCertifyRetry (0.07s)
=== CONT  TestTypedArrayFromArray
--- PASS: TestPredicateCallbackContracts (0.00s)
    --- PASS: TestPredicateCallbackContracts/reassigned (0.07s)
    --- PASS: TestPredicateCallbackContracts/inferred_arrow (0.42s)
    --- PASS: TestPredicateCallbackContracts/unproven (0.11s)
    --- PASS: TestPredicateCallbackContracts/lying (0.13s)
    --- PASS: TestPredicateCallbackContracts/inferred_opaque (0.18s)
    --- PASS: TestPredicateCallbackContracts/arrow (0.41s)
    --- PASS: TestPredicateCallbackContracts/named (0.46s)
    --- PASS: TestPredicateCallbackContracts/inferred_named (0.46s)
=== CONT  TestUnrepresentedPrototypeCallsAreNotYet
--- PASS: TestViewObjectContractsAreAvailableToEraser (0.12s)
=== CONT  TestRegExpEscapedSlashSourceAgreesWithNode
--- PASS: TestViewObjectWritesNeedSourceCertificate (0.30s)
=== CONT  TestRegExpSlashClassSourceAgreesWithNode
--- PASS: TestUnrepresentedPrototypeCallsAreNotYet (0.74s)
=== CONT  TestRegExpUnicodeClassSourceAgreesWithNode
--- PASS: TestTypedArrayFromArray (0.87s)
=== CONT  TestRegExpSourceNode
--- PASS: TestTypedArrayFromEmptyArray (0.99s)
=== CONT  TestRegExpNativeRefusals
--- PASS: TestRegExpSourceNode (0.13s)
=== CONT  TestReadinessElisionRequiresDominatingAssignment
=== RUN   TestReadinessElisionRequiresDominatingAssignment/branch-join
=== PAUSE TestReadinessElisionRequiresDominatingAssignment/branch-join
=== RUN   TestReadinessElisionRequiresDominatingAssignment/zero-iteration
=== PAUSE TestReadinessElisionRequiresDominatingAssignment/zero-iteration
=== RUN   TestReadinessElisionRequiresDominatingAssignment/loop-body
=== PAUSE TestReadinessElisionRequiresDominatingAssignment/loop-body
=== RUN   TestReadinessElisionRequiresDominatingAssignment/do-loop
=== PAUSE TestReadinessElisionRequiresDominatingAssignment/do-loop
=== RUN   TestReadinessElisionRequiresDominatingAssignment/captured-write
=== PAUSE TestReadinessElisionRequiresDominatingAssignment/captured-write
=== RUN   TestReadinessElisionRequiresDominatingAssignment/captured-read
=== PAUSE TestReadinessElisionRequiresDominatingAssignment/captured-read
=== RUN   TestReadinessElisionRequiresDominatingAssignment/throw-before-write
=== PAUSE TestReadinessElisionRequiresDominatingAssignment/throw-before-write
=== RUN   TestReadinessElisionRequiresDominatingAssignment/catch-write
=== PAUSE TestReadinessElisionRequiresDominatingAssignment/catch-write
=== RUN   TestReadinessElisionRequiresDominatingAssignment/finally-write
=== PAUSE TestReadinessElisionRequiresDominatingAssignment/finally-write
=== RUN   TestReadinessElisionRequiresDominatingAssignment/field-write
=== PAUSE TestReadinessElisionRequiresDominatingAssignment/field-write
=== RUN   TestReadinessElisionRequiresDominatingAssignment/field-join
=== PAUSE TestReadinessElisionRequiresDominatingAssignment/field-join
=== RUN   TestReadinessElisionRequiresDominatingAssignment/field-missing-join
=== PAUSE TestReadinessElisionRequiresDominatingAssignment/field-missing-join
=== CONT  TestProvenRelationsErase
--- PASS: TestRegExpSlashClassSourceAgreesWithNode (0.83s)
=== CONT  TestProvenRelationsRefuse
=== RUN   TestProvenRelationsRefuse/satisfies_mutable_array
=== PAUSE TestProvenRelationsRefuse/satisfies_mutable_array
=== RUN   TestProvenRelationsRefuse/upcast_mutable_array
=== PAUSE TestProvenRelationsRefuse/upcast_mutable_array
=== RUN   TestProvenRelationsRefuse/satisfies_mutable_field
=== PAUSE TestProvenRelationsRefuse/satisfies_mutable_field
=== RUN   TestProvenRelationsRefuse/satisfies_nested_mutable_literal
=== PAUSE TestProvenRelationsRefuse/satisfies_nested_mutable_literal
=== RUN   TestProvenRelationsRefuse/satisfies_readonly_to_writable
=== PAUSE TestProvenRelationsRefuse/satisfies_readonly_to_writable
=== RUN   TestProvenRelationsRefuse/satisfies_function_parameter
=== PAUSE TestProvenRelationsRefuse/satisfies_function_parameter
=== RUN   TestProvenRelationsRefuse/upcast_function_parameter
=== PAUSE TestProvenRelationsRefuse/upcast_function_parameter
=== RUN   TestProvenRelationsRefuse/upcast_nominal_identity
=== PAUSE TestProvenRelationsRefuse/upcast_nominal_identity
=== RUN   TestProvenRelationsRefuse/satisfies_nominal_identity
=== PAUSE TestProvenRelationsRefuse/satisfies_nominal_identity
=== RUN   TestProvenRelationsRefuse/satisfies_hidden_optional
=== PAUSE TestProvenRelationsRefuse/satisfies_hidden_optional
=== RUN   TestProvenRelationsRefuse/upcast_hidden_optional
=== PAUSE TestProvenRelationsRefuse/upcast_hidden_optional
=== RUN   TestProvenRelationsRefuse/upcast_mutable_optional_elements
=== PAUSE TestProvenRelationsRefuse/upcast_mutable_optional_elements
=== RUN   TestProvenRelationsRefuse/satisfies_mutable_optional_field
=== PAUSE TestProvenRelationsRefuse/satisfies_mutable_optional_field
=== RUN   TestProvenRelationsRefuse/upcast_invariant_optional_class_argument
=== PAUSE TestProvenRelationsRefuse/upcast_invariant_optional_class_argument
=== RUN   TestProvenRelationsRefuse/satisfies_nested_optional
=== PAUSE TestProvenRelationsRefuse/satisfies_nested_optional
=== CONT  TestIsPrototypeOfReadsExplainThePrototypeRefusal
--- PASS: TestRegExpEscapedSlashSourceAgreesWithNode (0.99s)
=== CONT  TestPrimitiveAdmittingSlotsUseBoxes
--- PASS: TestPrimitiveAdmittingSlotsUseBoxes (0.18s)
=== CONT  TestPrototypeHazardsBehindObjectViewsAreNotYet
--- PASS: TestIsPrototypeOfReadsExplainThePrototypeRefusal (0.27s)
=== CONT  TestNullishPrototypeReadsAreRejectedByChecker
--- PASS: TestRegExpNativeRefusals (0.41s)
=== CONT  TestPrototypeMethodsAreRefusedWithReasons
--- PASS: TestRegExpUnicodeClassSourceAgreesWithNode (0.95s)
=== CONT  TestInheritedLibraryReadsNeverLoadOwnFields
=== RUN   TestInheritedLibraryReadsNeverLoadOwnFields/object/constructor/bracket=false
=== PAUSE TestInheritedLibraryReadsNeverLoadOwnFields/object/constructor/bracket=false
=== RUN   TestInheritedLibraryReadsNeverLoadOwnFields/object/constructor/bracket=true
=== PAUSE TestInheritedLibraryReadsNeverLoadOwnFields/object/constructor/bracket=true
=== RUN   TestInheritedLibraryReadsNeverLoadOwnFields/object/__defineGetter__/bracket=false
=== PAUSE TestInheritedLibraryReadsNeverLoadOwnFields/object/__defineGetter__/bracket=false
=== RUN   TestInheritedLibraryReadsNeverLoadOwnFields/object/__defineGetter__/bracket=true
=== PAUSE TestInheritedLibraryReadsNeverLoadOwnFields/object/__defineGetter__/bracket=true
=== RUN   TestInheritedLibraryReadsNeverLoadOwnFields/object/__defineSetter__/bracket=false
=== PAUSE TestInheritedLibraryReadsNeverLoadOwnFields/object/__defineSetter__/bracket=false
=== RUN   TestInheritedLibraryReadsNeverLoadOwnFields/object/__defineSetter__/bracket=true
=== PAUSE TestInheritedLibraryReadsNeverLoadOwnFields/object/__defineSetter__/bracket=true
=== RUN   TestInheritedLibraryReadsNeverLoadOwnFields/object/hasOwnProperty/bracket=false
=== PAUSE TestInheritedLibraryReadsNeverLoadOwnFields/object/hasOwnProperty/bracket=false
=== RUN   TestInheritedLibraryReadsNeverLoadOwnFields/object/hasOwnProperty/bracket=true
=== PAUSE TestInheritedLibraryReadsNeverLoadOwnFields/object/hasOwnProperty/bracket=true
=== RUN   TestInheritedLibraryReadsNeverLoadOwnFields/object/__lookupGetter__/bracket=false
=== PAUSE TestInheritedLibraryReadsNeverLoadOwnFields/object/__lookupGetter__/bracket=false
=== RUN   TestInheritedLibraryReadsNeverLoadOwnFields/object/__lookupGetter__/bracket=true
=== PAUSE TestInheritedLibraryReadsNeverLoadOwnFields/object/__lookupGetter__/bracket=true
=== RUN   TestInheritedLibraryReadsNeverLoadOwnFields/object/__lookupSetter__/bracket=false
=== PAUSE TestInheritedLibraryReadsNeverLoadOwnFields/object/__lookupSetter__/bracket=false
=== RUN   TestInheritedLibraryReadsNeverLoadOwnFields/object/__lookupSetter__/bracket=true
=== PAUSE TestInheritedLibraryReadsNeverLoadOwnFields/object/__lookupSetter__/bracket=true
=== RUN   TestInheritedLibraryReadsNeverLoadOwnFields/object/isPrototypeOf/bracket=false
=== PAUSE TestInheritedLibraryReadsNeverLoadOwnFields/object/isPrototypeOf/bracket=false
=== RUN   TestInheritedLibraryReadsNeverLoadOwnFields/object/isPrototypeOf/bracket=true
=== PAUSE TestInheritedLibraryReadsNeverLoadOwnFields/object/isPrototypeOf/bracket=true
=== RUN   TestInheritedLibraryReadsNeverLoadOwnFields/object/propertyIsEnumerable/bracket=false
=== PAUSE TestInheritedLibraryReadsNeverLoadOwnFields/object/propertyIsEnumerable/bracket=false
=== RUN   TestInheritedLibraryReadsNeverLoadOwnFields/object/propertyIsEnumerable/bracket=true
=== PAUSE TestInheritedLibraryReadsNeverLoadOwnFields/object/propertyIsEnumerable/bracket=true
=== RUN   TestInheritedLibraryReadsNeverLoadOwnFields/object/toString/bracket=false
=== PAUSE TestInheritedLibraryReadsNeverLoadOwnFields/object/toString/bracket=false
=== RUN   TestInheritedLibraryReadsNeverLoadOwnFields/object/toString/bracket=true
=== PAUSE TestInheritedLibraryReadsNeverLoadOwnFields/object/toString/bracket=true
=== RUN   TestInheritedLibraryReadsNeverLoadOwnFields/object/valueOf/bracket=false
=== PAUSE TestInheritedLibraryReadsNeverLoadOwnFields/object/valueOf/bracket=false
=== RUN   TestInheritedLibraryReadsNeverLoadOwnFields/object/valueOf/bracket=true
=== PAUSE TestInheritedLibraryReadsNeverLoadOwnFields/object/valueOf/bracket=true
=== RUN   TestInheritedLibraryReadsNeverLoadOwnFields/object/__proto__/bracket=false
=== PAUSE TestInheritedLibraryReadsNeverLoadOwnFields/object/__proto__/bracket=false
=== RUN   TestInheritedLibraryReadsNeverLoadOwnFields/object/__proto__/bracket=true
=== PAUSE TestInheritedLibraryReadsNeverLoadOwnFields/object/__proto__/bracket=true
=== RUN   TestInheritedLibraryReadsNeverLoadOwnFields/object/toLocaleString/bracket=false
=== PAUSE TestInheritedLibraryReadsNeverLoadOwnFields/object/toLocaleString/bracket=false
=== RUN   TestInheritedLibraryReadsNeverLoadOwnFields/object/toLocaleString/bracket=true
=== PAUSE TestInheritedLibraryReadsNeverLoadOwnFields/object/toLocaleString/bracket=true
=== RUN   TestInheritedLibraryReadsNeverLoadOwnFields/array/constructor/bracket=false
=== PAUSE TestInheritedLibraryReadsNeverLoadOwnFields/array/constructor/bracket=false
=== RUN   TestInheritedLibraryReadsNeverLoadOwnFields/array/constructor/bracket=true
=== PAUSE TestInheritedLibraryReadsNeverLoadOwnFields/array/constructor/bracket=true
=== RUN   TestInheritedLibraryReadsNeverLoadOwnFields/array/__defineGetter__/bracket=false
=== PAUSE TestInheritedLibraryReadsNeverLoadOwnFields/array/__defineGetter__/bracket=false
=== RUN   TestInheritedLibraryReadsNeverLoadOwnFields/array/__defineGetter__/bracket=true
=== PAUSE TestInheritedLibraryReadsNeverLoadOwnFields/array/__defineGetter__/bracket=true
=== RUN   TestInheritedLibraryReadsNeverLoadOwnFields/array/__defineSetter__/bracket=false
=== PAUSE TestInheritedLibraryReadsNeverLoadOwnFields/array/__defineSetter__/bracket=false
=== RUN   TestInheritedLibraryReadsNeverLoadOwnFields/array/__defineSetter__/bracket=true
=== PAUSE TestInheritedLibraryReadsNeverLoadOwnFields/array/__defineSetter__/bracket=true
=== RUN   TestInheritedLibraryReadsNeverLoadOwnFields/array/hasOwnProperty/bracket=false
=== PAUSE TestInheritedLibraryReadsNeverLoadOwnFields/array/hasOwnProperty/bracket=false
=== RUN   TestInheritedLibraryReadsNeverLoadOwnFields/array/hasOwnProperty/bracket=true
=== PAUSE TestInheritedLibraryReadsNeverLoadOwnFields/array/hasOwnProperty/bracket=true
=== RUN   TestInheritedLibraryReadsNeverLoadOwnFields/array/__lookupGetter__/bracket=false
=== PAUSE TestInheritedLibraryReadsNeverLoadOwnFields/array/__lookupGetter__/bracket=false
=== RUN   TestInheritedLibraryReadsNeverLoadOwnFields/array/__lookupGetter__/bracket=true
=== PAUSE TestInheritedLibraryReadsNeverLoadOwnFields/array/__lookupGetter__/bracket=true
=== RUN   TestInheritedLibraryReadsNeverLoadOwnFields/array/__lookupSetter__/bracket=false
=== PAUSE TestInheritedLibraryReadsNeverLoadOwnFields/array/__lookupSetter__/bracket=false
=== RUN   TestInheritedLibraryReadsNeverLoadOwnFields/array/__lookupSetter__/bracket=true
=== PAUSE TestInheritedLibraryReadsNeverLoadOwnFields/array/__lookupSetter__/bracket=true
=== RUN   TestInheritedLibraryReadsNeverLoadOwnFields/array/isPrototypeOf/bracket=false
=== PAUSE TestInheritedLibraryReadsNeverLoadOwnFields/array/isPrototypeOf/bracket=false
=== RUN   TestInheritedLibraryReadsNeverLoadOwnFields/array/isPrototypeOf/bracket=true
=== PAUSE TestInheritedLibraryReadsNeverLoadOwnFields/array/isPrototypeOf/bracket=true
=== RUN   TestInheritedLibraryReadsNeverLoadOwnFields/array/propertyIsEnumerable/bracket=false
=== PAUSE TestInheritedLibraryReadsNeverLoadOwnFields/array/propertyIsEnumerable/bracket=false
=== RUN   TestInheritedLibraryReadsNeverLoadOwnFields/array/propertyIsEnumerable/bracket=true
=== PAUSE TestInheritedLibraryReadsNeverLoadOwnFields/array/propertyIsEnumerable/bracket=true
=== RUN   TestInheritedLibraryReadsNeverLoadOwnFields/array/toString/bracket=false
=== PAUSE TestInheritedLibraryReadsNeverLoadOwnFields/array/toString/bracket=false
=== RUN   TestInheritedLibraryReadsNeverLoadOwnFields/array/toString/bracket=true
=== PAUSE TestInheritedLibraryReadsNeverLoadOwnFields/array/toString/bracket=true
=== RUN   TestInheritedLibraryReadsNeverLoadOwnFields/array/valueOf/bracket=false
=== PAUSE TestInheritedLibraryReadsNeverLoadOwnFields/array/valueOf/bracket=false
=== RUN   TestInheritedLibraryReadsNeverLoadOwnFields/array/valueOf/bracket=true
=== PAUSE TestInheritedLibraryReadsNeverLoadOwnFields/array/valueOf/bracket=true
=== RUN   TestInheritedLibraryReadsNeverLoadOwnFields/array/__proto__/bracket=false
=== PAUSE TestInheritedLibraryReadsNeverLoadOwnFields/array/__proto__/bracket=false
=== RUN   TestInheritedLibraryReadsNeverLoadOwnFields/array/__proto__/bracket=true
=== PAUSE TestInheritedLibraryReadsNeverLoadOwnFields/array/__proto__/bracket=true
=== RUN   TestInheritedLibraryReadsNeverLoadOwnFields/array/toLocaleString/bracket=false
=== PAUSE TestInheritedLibraryReadsNeverLoadOwnFields/array/toLocaleString/bracket=false
=== RUN   TestInheritedLibraryReadsNeverLoadOwnFields/array/toLocaleString/bracket=true
=== PAUSE TestInheritedLibraryReadsNeverLoadOwnFields/array/toLocaleString/bracket=true
=== RUN   TestInheritedLibraryReadsNeverLoadOwnFields/tuple/constructor/bracket=false
=== PAUSE TestInheritedLibraryReadsNeverLoadOwnFields/tuple/constructor/bracket=false
=== RUN   TestInheritedLibraryReadsNeverLoadOwnFields/tuple/constructor/bracket=true
=== PAUSE TestInheritedLibraryReadsNeverLoadOwnFields/tuple/constructor/bracket=true
=== RUN   TestInheritedLibraryReadsNeverLoadOwnFields/tuple/__defineGetter__/bracket=false
=== PAUSE TestInheritedLibraryReadsNeverLoadOwnFields/tuple/__defineGetter__/bracket=false
=== RUN   TestInheritedLibraryReadsNeverLoadOwnFields/tuple/__defineGetter__/bracket=true
=== PAUSE TestInheritedLibraryReadsNeverLoadOwnFields/tuple/__defineGetter__/bracket=true
=== RUN   TestInheritedLibraryReadsNeverLoadOwnFields/tuple/__defineSetter__/bracket=false
=== PAUSE TestInheritedLibraryReadsNeverLoadOwnFields/tuple/__defineSetter__/bracket=false
=== RUN   TestInheritedLibraryReadsNeverLoadOwnFields/tuple/__defineSetter__/bracket=true
=== PAUSE TestInheritedLibraryReadsNeverLoadOwnFields/tuple/__defineSetter__/bracket=true
=== RUN   TestInheritedLibraryReadsNeverLoadOwnFields/tuple/hasOwnProperty/bracket=false
=== PAUSE TestInheritedLibraryReadsNeverLoadOwnFields/tuple/hasOwnProperty/bracket=false
=== RUN   TestInheritedLibraryReadsNeverLoadOwnFields/tuple/hasOwnProperty/bracket=true
=== PAUSE TestInheritedLibraryReadsNeverLoadOwnFields/tuple/hasOwnProperty/bracket=true
=== RUN   TestInheritedLibraryReadsNeverLoadOwnFields/tuple/__lookupGetter__/bracket=false
=== PAUSE TestInheritedLibraryReadsNeverLoadOwnFields/tuple/__lookupGetter__/bracket=false
=== RUN   TestInheritedLibraryReadsNeverLoadOwnFields/tuple/__lookupGetter__/bracket=true
=== PAUSE TestInheritedLibraryReadsNeverLoadOwnFields/tuple/__lookupGetter__/bracket=true
=== RUN   TestInheritedLibraryReadsNeverLoadOwnFields/tuple/__lookupSetter__/bracket=false
=== PAUSE TestInheritedLibraryReadsNeverLoadOwnFields/tuple/__lookupSetter__/bracket=false
=== RUN   TestInheritedLibraryReadsNeverLoadOwnFields/tuple/__lookupSetter__/bracket=true
=== PAUSE TestInheritedLibraryReadsNeverLoadOwnFields/tuple/__lookupSetter__/bracket=true
=== RUN   TestInheritedLibraryReadsNeverLoadOwnFields/tuple/isPrototypeOf/bracket=false
=== PAUSE TestInheritedLibraryReadsNeverLoadOwnFields/tuple/isPrototypeOf/bracket=false
=== RUN   TestInheritedLibraryReadsNeverLoadOwnFields/tuple/isPrototypeOf/bracket=true
=== PAUSE TestInheritedLibraryReadsNeverLoadOwnFields/tuple/isPrototypeOf/bracket=true
=== RUN   TestInheritedLibraryReadsNeverLoadOwnFields/tuple/propertyIsEnumerable/bracket=false
=== PAUSE TestInheritedLibraryReadsNeverLoadOwnFields/tuple/propertyIsEnumerable/bracket=false
=== RUN   TestInheritedLibraryReadsNeverLoadOwnFields/tuple/propertyIsEnumerable/bracket=true
=== PAUSE TestInheritedLibraryReadsNeverLoadOwnFields/tuple/propertyIsEnumerable/bracket=true
=== RUN   TestInheritedLibraryReadsNeverLoadOwnFields/tuple/toString/bracket=false
=== PAUSE TestInheritedLibraryReadsNeverLoadOwnFields/tuple/toString/bracket=false
=== RUN   TestInheritedLibraryReadsNeverLoadOwnFields/tuple/toString/bracket=true
=== PAUSE TestInheritedLibraryReadsNeverLoadOwnFields/tuple/toString/bracket=true
=== RUN   TestInheritedLibraryReadsNeverLoadOwnFields/tuple/valueOf/bracket=false
=== PAUSE TestInheritedLibraryReadsNeverLoadOwnFields/tuple/valueOf/bracket=false
=== RUN   TestInheritedLibraryReadsNeverLoadOwnFields/tuple/valueOf/bracket=true
=== PAUSE TestInheritedLibraryReadsNeverLoadOwnFields/tuple/valueOf/bracket=true
=== RUN   TestInheritedLibraryReadsNeverLoadOwnFields/tuple/__proto__/bracket=false
=== PAUSE TestInheritedLibraryReadsNeverLoadOwnFields/tuple/__proto__/bracket=false
=== RUN   TestInheritedLibraryReadsNeverLoadOwnFields/tuple/__proto__/bracket=true
=== PAUSE TestInheritedLibraryReadsNeverLoadOwnFields/tuple/__proto__/bracket=true
=== RUN   TestInheritedLibraryReadsNeverLoadOwnFields/tuple/toLocaleString/bracket=false
=== PAUSE TestInheritedLibraryReadsNeverLoadOwnFields/tuple/toLocaleString/bracket=false
=== RUN   TestInheritedLibraryReadsNeverLoadOwnFields/tuple/toLocaleString/bracket=true
=== PAUSE TestInheritedLibraryReadsNeverLoadOwnFields/tuple/toLocaleString/bracket=true
=== RUN   TestInheritedLibraryReadsNeverLoadOwnFields/number/constructor/bracket=false
=== PAUSE TestInheritedLibraryReadsNeverLoadOwnFields/number/constructor/bracket=false
=== RUN   TestInheritedLibraryReadsNeverLoadOwnFields/number/constructor/bracket=true
=== PAUSE TestInheritedLibraryReadsNeverLoadOwnFields/number/constructor/bracket=true
=== RUN   TestInheritedLibraryReadsNeverLoadOwnFields/number/__defineGetter__/bracket=false
=== PAUSE TestInheritedLibraryReadsNeverLoadOwnFields/number/__defineGetter__/bracket=false
=== RUN   TestInheritedLibraryReadsNeverLoadOwnFields/number/__defineGetter__/bracket=true
=== PAUSE TestInheritedLibraryReadsNeverLoadOwnFields/number/__defineGetter__/bracket=true
=== RUN   TestInheritedLibraryReadsNeverLoadOwnFields/number/__defineSetter__/bracket=false
=== PAUSE TestInheritedLibraryReadsNeverLoadOwnFields/number/__defineSetter__/bracket=false
=== RUN   TestInheritedLibraryReadsNeverLoadOwnFields/number/__defineSetter__/bracket=true
=== PAUSE TestInheritedLibraryReadsNeverLoadOwnFields/number/__defineSetter__/bracket=true
=== RUN   TestInheritedLibraryReadsNeverLoadOwnFields/number/hasOwnProperty/bracket=false
=== PAUSE TestInheritedLibraryReadsNeverLoadOwnFields/number/hasOwnProperty/bracket=false
=== RUN   TestInheritedLibraryReadsNeverLoadOwnFields/number/hasOwnProperty/bracket=true
=== PAUSE TestInheritedLibraryReadsNeverLoadOwnFields/number/hasOwnProperty/bracket=true
=== RUN   TestInheritedLibraryReadsNeverLoadOwnFields/number/__lookupGetter__/bracket=false
=== PAUSE TestInheritedLibraryReadsNeverLoadOwnFields/number/__lookupGetter__/bracket=false
=== RUN   TestInheritedLibraryReadsNeverLoadOwnFields/number/__lookupGetter__/bracket=true
=== PAUSE TestInheritedLibraryReadsNeverLoadOwnFields/number/__lookupGetter__/bracket=true
=== RUN   TestInheritedLibraryReadsNeverLoadOwnFields/number/__lookupSetter__/bracket=false
=== PAUSE TestInheritedLibraryReadsNeverLoadOwnFields/number/__lookupSetter__/bracket=false
=== RUN   TestInheritedLibraryReadsNeverLoadOwnFields/number/__lookupSetter__/bracket=true
=== PAUSE TestInheritedLibraryReadsNeverLoadOwnFields/number/__lookupSetter__/bracket=true
=== RUN   TestInheritedLibraryReadsNeverLoadOwnFields/number/isPrototypeOf/bracket=false
=== PAUSE TestInheritedLibraryReadsNeverLoadOwnFields/number/isPrototypeOf/bracket=false
=== RUN   TestInheritedLibraryReadsNeverLoadOwnFields/number/isPrototypeOf/bracket=true
=== PAUSE TestInheritedLibraryReadsNeverLoadOwnFields/number/isPrototypeOf/bracket=true
=== RUN   TestInheritedLibraryReadsNeverLoadOwnFields/number/propertyIsEnumerable/bracket=false
=== PAUSE TestInheritedLibraryReadsNeverLoadOwnFields/number/propertyIsEnumerable/bracket=false
=== RUN   TestInheritedLibraryReadsNeverLoadOwnFields/number/propertyIsEnumerable/bracket=true
=== PAUSE TestInheritedLibraryReadsNeverLoadOwnFields/number/propertyIsEnumerable/bracket=true
=== RUN   TestInheritedLibraryReadsNeverLoadOwnFields/number/toString/bracket=false
=== PAUSE TestInheritedLibraryReadsNeverLoadOwnFields/number/toString/bracket=false
=== RUN   TestInheritedLibraryReadsNeverLoadOwnFields/number/toString/bracket=true
=== PAUSE TestInheritedLibraryReadsNeverLoadOwnFields/number/toString/bracket=true
=== RUN   TestInheritedLibraryReadsNeverLoadOwnFields/number/valueOf/bracket=false
=== PAUSE TestInheritedLibraryReadsNeverLoadOwnFields/number/valueOf/bracket=false
=== RUN   TestInheritedLibraryReadsNeverLoadOwnFields/number/valueOf/bracket=true
=== PAUSE TestInheritedLibraryReadsNeverLoadOwnFields/number/valueOf/bracket=true
=== RUN   TestInheritedLibraryReadsNeverLoadOwnFields/number/__proto__/bracket=false
=== PAUSE TestInheritedLibraryReadsNeverLoadOwnFields/number/__proto__/bracket=false
=== RUN   TestInheritedLibraryReadsNeverLoadOwnFields/number/__proto__/bracket=true
=== PAUSE TestInheritedLibraryReadsNeverLoadOwnFields/number/__proto__/bracket=true
=== RUN   TestInheritedLibraryReadsNeverLoadOwnFields/number/toLocaleString/bracket=false
=== PAUSE TestInheritedLibraryReadsNeverLoadOwnFields/number/toLocaleString/bracket=false
=== RUN   TestInheritedLibraryReadsNeverLoadOwnFields/number/toLocaleString/bracket=true
=== PAUSE TestInheritedLibraryReadsNeverLoadOwnFields/number/toLocaleString/bracket=true
=== RUN   TestInheritedLibraryReadsNeverLoadOwnFields/string/constructor/bracket=false
=== PAUSE TestInheritedLibraryReadsNeverLoadOwnFields/string/constructor/bracket=false
=== RUN   TestInheritedLibraryReadsNeverLoadOwnFields/string/constructor/bracket=true
=== PAUSE TestInheritedLibraryReadsNeverLoadOwnFields/string/constructor/bracket=true
=== RUN   TestInheritedLibraryReadsNeverLoadOwnFields/string/__defineGetter__/bracket=false
=== PAUSE TestInheritedLibraryReadsNeverLoadOwnFields/string/__defineGetter__/bracket=false
=== RUN   TestInheritedLibraryReadsNeverLoadOwnFields/string/__defineGetter__/bracket=true
=== PAUSE TestInheritedLibraryReadsNeverLoadOwnFields/string/__defineGetter__/bracket=true
=== RUN   TestInheritedLibraryReadsNeverLoadOwnFields/string/__defineSetter__/bracket=false
=== PAUSE TestInheritedLibraryReadsNeverLoadOwnFields/string/__defineSetter__/bracket=false
=== RUN   TestInheritedLibraryReadsNeverLoadOwnFields/string/__defineSetter__/bracket=true
=== PAUSE TestInheritedLibraryReadsNeverLoadOwnFields/string/__defineSetter__/bracket=true
=== RUN   TestInheritedLibraryReadsNeverLoadOwnFields/string/hasOwnProperty/bracket=false
=== PAUSE TestInheritedLibraryReadsNeverLoadOwnFields/string/hasOwnProperty/bracket=false
=== RUN   TestInheritedLibraryReadsNeverLoadOwnFields/string/hasOwnProperty/bracket=true
=== PAUSE TestInheritedLibraryReadsNeverLoadOwnFields/string/hasOwnProperty/bracket=true
=== RUN   TestInheritedLibraryReadsNeverLoadOwnFields/string/__lookupGetter__/bracket=false
=== PAUSE TestInheritedLibraryReadsNeverLoadOwnFields/string/__lookupGetter__/bracket=false
=== RUN   TestInheritedLibraryReadsNeverLoadOwnFields/string/__lookupGetter__/bracket=true
=== PAUSE TestInheritedLibraryReadsNeverLoadOwnFields/string/__lookupGetter__/bracket=true
=== RUN   TestInheritedLibraryReadsNeverLoadOwnFields/string/__lookupSetter__/bracket=false
=== PAUSE TestInheritedLibraryReadsNeverLoadOwnFields/string/__lookupSetter__/bracket=false
=== RUN   TestInheritedLibraryReadsNeverLoadOwnFields/string/__lookupSetter__/bracket=true
=== PAUSE TestInheritedLibraryReadsNeverLoadOwnFields/string/__lookupSetter__/bracket=true
=== RUN   TestInheritedLibraryReadsNeverLoadOwnFields/string/isPrototypeOf/bracket=false
=== PAUSE TestInheritedLibraryReadsNeverLoadOwnFields/string/isPrototypeOf/bracket=false
=== RUN   TestInheritedLibraryReadsNeverLoadOwnFields/string/isPrototypeOf/bracket=true
=== PAUSE TestInheritedLibraryReadsNeverLoadOwnFields/string/isPrototypeOf/bracket=true
=== RUN   TestInheritedLibraryReadsNeverLoadOwnFields/string/propertyIsEnumerable/bracket=false
=== PAUSE TestInheritedLibraryReadsNeverLoadOwnFields/string/propertyIsEnumerable/bracket=false
=== RUN   TestInheritedLibraryReadsNeverLoadOwnFields/string/propertyIsEnumerable/bracket=true
=== PAUSE TestInheritedLibraryReadsNeverLoadOwnFields/string/propertyIsEnumerable/bracket=true
=== RUN   TestInheritedLibraryReadsNeverLoadOwnFields/string/toString/bracket=false
=== PAUSE TestInheritedLibraryReadsNeverLoadOwnFields/string/toString/bracket=false
=== RUN   TestInheritedLibraryReadsNeverLoadOwnFields/string/toString/bracket=true
=== PAUSE TestInheritedLibraryReadsNeverLoadOwnFields/string/toString/bracket=true
=== RUN   TestInheritedLibraryReadsNeverLoadOwnFields/string/valueOf/bracket=false
=== PAUSE TestInheritedLibraryReadsNeverLoadOwnFields/string/valueOf/bracket=false
=== RUN   TestInheritedLibraryReadsNeverLoadOwnFields/string/valueOf/bracket=true
=== PAUSE TestInheritedLibraryReadsNeverLoadOwnFields/string/valueOf/bracket=true
=== RUN   TestInheritedLibraryReadsNeverLoadOwnFields/string/__proto__/bracket=false
=== PAUSE TestInheritedLibraryReadsNeverLoadOwnFields/string/__proto__/bracket=false
=== RUN   TestInheritedLibraryReadsNeverLoadOwnFields/string/__proto__/bracket=true
=== PAUSE TestInheritedLibraryReadsNeverLoadOwnFields/string/__proto__/bracket=true
=== RUN   TestInheritedLibraryReadsNeverLoadOwnFields/string/toLocaleString/bracket=false
=== PAUSE TestInheritedLibraryReadsNeverLoadOwnFields/string/toLocaleString/bracket=false
=== RUN   TestInheritedLibraryReadsNeverLoadOwnFields/string/toLocaleString/bracket=true
=== PAUSE TestInheritedLibraryReadsNeverLoadOwnFields/string/toLocaleString/bracket=true
=== RUN   TestInheritedLibraryReadsNeverLoadOwnFields/boolean/constructor/bracket=false
=== PAUSE TestInheritedLibraryReadsNeverLoadOwnFields/boolean/constructor/bracket=false
=== RUN   TestInheritedLibraryReadsNeverLoadOwnFields/boolean/constructor/bracket=true
=== PAUSE TestInheritedLibraryReadsNeverLoadOwnFields/boolean/constructor/bracket=true
=== RUN   TestInheritedLibraryReadsNeverLoadOwnFields/boolean/__defineGetter__/bracket=false
=== PAUSE TestInheritedLibraryReadsNeverLoadOwnFields/boolean/__defineGetter__/bracket=false
=== RUN   TestInheritedLibraryReadsNeverLoadOwnFields/boolean/__defineGetter__/bracket=true
=== PAUSE TestInheritedLibraryReadsNeverLoadOwnFields/boolean/__defineGetter__/bracket=true
=== RUN   TestInheritedLibraryReadsNeverLoadOwnFields/boolean/__defineSetter__/bracket=false
=== PAUSE TestInheritedLibraryReadsNeverLoadOwnFields/boolean/__defineSetter__/bracket=false
=== RUN   TestInheritedLibraryReadsNeverLoadOwnFields/boolean/__defineSetter__/bracket=true
=== PAUSE TestInheritedLibraryReadsNeverLoadOwnFields/boolean/__defineSetter__/bracket=true
=== RUN   TestInheritedLibraryReadsNeverLoadOwnFields/boolean/hasOwnProperty/bracket=false
=== PAUSE TestInheritedLibraryReadsNeverLoadOwnFields/boolean/hasOwnProperty/bracket=false
=== RUN   TestInheritedLibraryReadsNeverLoadOwnFields/boolean/hasOwnProperty/bracket=true
=== PAUSE TestInheritedLibraryReadsNeverLoadOwnFields/boolean/hasOwnProperty/bracket=true
=== RUN   TestInheritedLibraryReadsNeverLoadOwnFields/boolean/__lookupGetter__/bracket=false
=== PAUSE TestInheritedLibraryReadsNeverLoadOwnFields/boolean/__lookupGetter__/bracket=false
=== RUN   TestInheritedLibraryReadsNeverLoadOwnFields/boolean/__lookupGetter__/bracket=true
=== PAUSE TestInheritedLibraryReadsNeverLoadOwnFields/boolean/__lookupGetter__/bracket=true
=== RUN   TestInheritedLibraryReadsNeverLoadOwnFields/boolean/__lookupSetter__/bracket=false
=== PAUSE TestInheritedLibraryReadsNeverLoadOwnFields/boolean/__lookupSetter__/bracket=false
=== RUN   TestInheritedLibraryReadsNeverLoadOwnFields/boolean/__lookupSetter__/bracket=true
=== PAUSE TestInheritedLibraryReadsNeverLoadOwnFields/boolean/__lookupSetter__/bracket=true
=== RUN   TestInheritedLibraryReadsNeverLoadOwnFields/boolean/isPrototypeOf/bracket=false
=== PAUSE TestInheritedLibraryReadsNeverLoadOwnFields/boolean/isPrototypeOf/bracket=false
=== RUN   TestInheritedLibraryReadsNeverLoadOwnFields/boolean/isPrototypeOf/bracket=true
=== PAUSE TestInheritedLibraryReadsNeverLoadOwnFields/boolean/isPrototypeOf/bracket=true
=== RUN   TestInheritedLibraryReadsNeverLoadOwnFields/boolean/propertyIsEnumerable/bracket=false
=== PAUSE TestInheritedLibraryReadsNeverLoadOwnFields/boolean/propertyIsEnumerable/bracket=false
=== RUN   TestInheritedLibraryReadsNeverLoadOwnFields/boolean/propertyIsEnumerable/bracket=true
=== PAUSE TestInheritedLibraryReadsNeverLoadOwnFields/boolean/propertyIsEnumerable/bracket=true
=== RUN   TestInheritedLibraryReadsNeverLoadOwnFields/boolean/toString/bracket=false
=== PAUSE TestInheritedLibraryReadsNeverLoadOwnFields/boolean/toString/bracket=false
=== RUN   TestInheritedLibraryReadsNeverLoadOwnFields/boolean/toString/bracket=true
=== PAUSE TestInheritedLibraryReadsNeverLoadOwnFields/boolean/toString/bracket=true
=== RUN   TestInheritedLibraryReadsNeverLoadOwnFields/boolean/valueOf/bracket=false
=== PAUSE TestInheritedLibraryReadsNeverLoadOwnFields/boolean/valueOf/bracket=false
=== RUN   TestInheritedLibraryReadsNeverLoadOwnFields/boolean/valueOf/bracket=true
=== PAUSE TestInheritedLibraryReadsNeverLoadOwnFields/boolean/valueOf/bracket=true
=== RUN   TestInheritedLibraryReadsNeverLoadOwnFields/boolean/__proto__/bracket=false
=== PAUSE TestInheritedLibraryReadsNeverLoadOwnFields/boolean/__proto__/bracket=false
=== RUN   TestInheritedLibraryReadsNeverLoadOwnFields/boolean/__proto__/bracket=true
=== PAUSE TestInheritedLibraryReadsNeverLoadOwnFields/boolean/__proto__/bracket=true
=== RUN   TestInheritedLibraryReadsNeverLoadOwnFields/boolean/toLocaleString/bracket=false
=== PAUSE TestInheritedLibraryReadsNeverLoadOwnFields/boolean/toLocaleString/bracket=false
=== RUN   TestInheritedLibraryReadsNeverLoadOwnFields/boolean/toLocaleString/bracket=true
=== PAUSE TestInheritedLibraryReadsNeverLoadOwnFields/boolean/toLocaleString/bracket=true
=== RUN   TestInheritedLibraryReadsNeverLoadOwnFields/class/constructor/bracket=false
=== PAUSE TestInheritedLibraryReadsNeverLoadOwnFields/class/constructor/bracket=false
=== RUN   TestInheritedLibraryReadsNeverLoadOwnFields/class/constructor/bracket=true
=== PAUSE TestInheritedLibraryReadsNeverLoadOwnFields/class/constructor/bracket=true
=== RUN   TestInheritedLibraryReadsNeverLoadOwnFields/class/__defineGetter__/bracket=false
=== PAUSE TestInheritedLibraryReadsNeverLoadOwnFields/class/__defineGetter__/bracket=false
=== RUN   TestInheritedLibraryReadsNeverLoadOwnFields/class/__defineGetter__/bracket=true
=== PAUSE TestInheritedLibraryReadsNeverLoadOwnFields/class/__defineGetter__/bracket=true
=== RUN   TestInheritedLibraryReadsNeverLoadOwnFields/class/__defineSetter__/bracket=false
=== PAUSE TestInheritedLibraryReadsNeverLoadOwnFields/class/__defineSetter__/bracket=false
=== RUN   TestInheritedLibraryReadsNeverLoadOwnFields/class/__defineSetter__/bracket=true
=== PAUSE TestInheritedLibraryReadsNeverLoadOwnFields/class/__defineSetter__/bracket=true
=== RUN   TestInheritedLibraryReadsNeverLoadOwnFields/class/hasOwnProperty/bracket=false
=== PAUSE TestInheritedLibraryReadsNeverLoadOwnFields/class/hasOwnProperty/bracket=false
=== RUN   TestInheritedLibraryReadsNeverLoadOwnFields/class/hasOwnProperty/bracket=true
=== PAUSE TestInheritedLibraryReadsNeverLoadOwnFields/class/hasOwnProperty/bracket=true
=== RUN   TestInheritedLibraryReadsNeverLoadOwnFields/class/__lookupGetter__/bracket=false
=== PAUSE TestInheritedLibraryReadsNeverLoadOwnFields/class/__lookupGetter__/bracket=false
=== RUN   TestInheritedLibraryReadsNeverLoadOwnFields/class/__lookupGetter__/bracket=true
=== PAUSE TestInheritedLibraryReadsNeverLoadOwnFields/class/__lookupGetter__/bracket=true
=== RUN   TestInheritedLibraryReadsNeverLoadOwnFields/class/__lookupSetter__/bracket=false
=== PAUSE TestInheritedLibraryReadsNeverLoadOwnFields/class/__lookupSetter__/bracket=false
=== RUN   TestInheritedLibraryReadsNeverLoadOwnFields/class/__lookupSetter__/bracket=true
=== PAUSE TestInheritedLibraryReadsNeverLoadOwnFields/class/__lookupSetter__/bracket=true
=== RUN   TestInheritedLibraryReadsNeverLoadOwnFields/class/isPrototypeOf/bracket=false
=== PAUSE TestInheritedLibraryReadsNeverLoadOwnFields/class/isPrototypeOf/bracket=false
=== RUN   TestInheritedLibraryReadsNeverLoadOwnFields/class/isPrototypeOf/bracket=true
=== PAUSE TestInheritedLibraryReadsNeverLoadOwnFields/class/isPrototypeOf/bracket=true
=== RUN   TestInheritedLibraryReadsNeverLoadOwnFields/class/propertyIsEnumerable/bracket=false
=== PAUSE TestInheritedLibraryReadsNeverLoadOwnFields/class/propertyIsEnumerable/bracket=false
=== RUN   TestInheritedLibraryReadsNeverLoadOwnFields/class/propertyIsEnumerable/bracket=true
=== PAUSE TestInheritedLibraryReadsNeverLoadOwnFields/class/propertyIsEnumerable/bracket=true
=== RUN   TestInheritedLibraryReadsNeverLoadOwnFields/class/toString/bracket=false
=== PAUSE TestInheritedLibraryReadsNeverLoadOwnFields/class/toString/bracket=false
=== RUN   TestInheritedLibraryReadsNeverLoadOwnFields/class/toString/bracket=true
=== PAUSE TestInheritedLibraryReadsNeverLoadOwnFields/class/toString/bracket=true
=== RUN   TestInheritedLibraryReadsNeverLoadOwnFields/class/valueOf/bracket=false
=== PAUSE TestInheritedLibraryReadsNeverLoadOwnFields/class/valueOf/bracket=false
=== RUN   TestInheritedLibraryReadsNeverLoadOwnFields/class/valueOf/bracket=true
=== PAUSE TestInheritedLibraryReadsNeverLoadOwnFields/class/valueOf/bracket=true
=== RUN   TestInheritedLibraryReadsNeverLoadOwnFields/class/__proto__/bracket=false
=== PAUSE TestInheritedLibraryReadsNeverLoadOwnFields/class/__proto__/bracket=false
=== RUN   TestInheritedLibraryReadsNeverLoadOwnFields/class/__proto__/bracket=true
=== PAUSE TestInheritedLibraryReadsNeverLoadOwnFields/class/__proto__/bracket=true
=== RUN   TestInheritedLibraryReadsNeverLoadOwnFields/class/toLocaleString/bracket=false
=== PAUSE TestInheritedLibraryReadsNeverLoadOwnFields/class/toLocaleString/bracket=false
=== RUN   TestInheritedLibraryReadsNeverLoadOwnFields/class/toLocaleString/bracket=true
=== PAUSE TestInheritedLibraryReadsNeverLoadOwnFields/class/toLocaleString/bracket=true
=== RUN   TestInheritedLibraryReadsNeverLoadOwnFields/map/constructor/bracket=false
=== PAUSE TestInheritedLibraryReadsNeverLoadOwnFields/map/constructor/bracket=false
=== RUN   TestInheritedLibraryReadsNeverLoadOwnFields/map/constructor/bracket=true
=== PAUSE TestInheritedLibraryReadsNeverLoadOwnFields/map/constructor/bracket=true
=== RUN   TestInheritedLibraryReadsNeverLoadOwnFields/map/__defineGetter__/bracket=false
=== PAUSE TestInheritedLibraryReadsNeverLoadOwnFields/map/__defineGetter__/bracket=false
=== RUN   TestInheritedLibraryReadsNeverLoadOwnFields/map/__defineGetter__/bracket=true
=== PAUSE TestInheritedLibraryReadsNeverLoadOwnFields/map/__defineGetter__/bracket=true
=== RUN   TestInheritedLibraryReadsNeverLoadOwnFields/map/__defineSetter__/bracket=false
=== PAUSE TestInheritedLibraryReadsNeverLoadOwnFields/map/__defineSetter__/bracket=false
=== RUN   TestInheritedLibraryReadsNeverLoadOwnFields/map/__defineSetter__/bracket=true
=== PAUSE TestInheritedLibraryReadsNeverLoadOwnFields/map/__defineSetter__/bracket=true
=== RUN   TestInheritedLibraryReadsNeverLoadOwnFields/map/hasOwnProperty/bracket=false
=== PAUSE TestInheritedLibraryReadsNeverLoadOwnFields/map/hasOwnProperty/bracket=false
=== RUN   TestInheritedLibraryReadsNeverLoadOwnFields/map/hasOwnProperty/bracket=true
=== PAUSE TestInheritedLibraryReadsNeverLoadOwnFields/map/hasOwnProperty/bracket=true
=== RUN   TestInheritedLibraryReadsNeverLoadOwnFields/map/__lookupGetter__/bracket=false
=== PAUSE TestInheritedLibraryReadsNeverLoadOwnFields/map/__lookupGetter__/bracket=false
=== RUN   TestInheritedLibraryReadsNeverLoadOwnFields/map/__lookupGetter__/bracket=true
=== PAUSE TestInheritedLibraryReadsNeverLoadOwnFields/map/__lookupGetter__/bracket=true
=== RUN   TestInheritedLibraryReadsNeverLoadOwnFields/map/__lookupSetter__/bracket=false
=== PAUSE TestInheritedLibraryReadsNeverLoadOwnFields/map/__lookupSetter__/bracket=false
=== RUN   TestInheritedLibraryReadsNeverLoadOwnFields/map/__lookupSetter__/bracket=true
=== PAUSE TestInheritedLibraryReadsNeverLoadOwnFields/map/__lookupSetter__/bracket=true
=== RUN   TestInheritedLibraryReadsNeverLoadOwnFields/map/isPrototypeOf/bracket=false
=== PAUSE TestInheritedLibraryReadsNeverLoadOwnFields/map/isPrototypeOf/bracket=false
=== RUN   TestInheritedLibraryReadsNeverLoadOwnFields/map/isPrototypeOf/bracket=true
=== PAUSE TestInheritedLibraryReadsNeverLoadOwnFields/map/isPrototypeOf/bracket=true
=== RUN   TestInheritedLibraryReadsNeverLoadOwnFields/map/propertyIsEnumerable/bracket=false
=== PAUSE TestInheritedLibraryReadsNeverLoadOwnFields/map/propertyIsEnumerable/bracket=false
=== RUN   TestInheritedLibraryReadsNeverLoadOwnFields/map/propertyIsEnumerable/bracket=true
=== PAUSE TestInheritedLibraryReadsNeverLoadOwnFields/map/propertyIsEnumerable/bracket=true
=== RUN   TestInheritedLibraryReadsNeverLoadOwnFields/map/toString/bracket=false
=== PAUSE TestInheritedLibraryReadsNeverLoadOwnFields/map/toString/bracket=false
=== RUN   TestInheritedLibraryReadsNeverLoadOwnFields/map/toString/bracket=true
=== PAUSE TestInheritedLibraryReadsNeverLoadOwnFields/map/toString/bracket=true
=== RUN   TestInheritedLibraryReadsNeverLoadOwnFields/map/valueOf/bracket=false
=== PAUSE TestInheritedLibraryReadsNeverLoadOwnFields/map/valueOf/bracket=false
=== RUN   TestInheritedLibraryReadsNeverLoadOwnFields/map/valueOf/bracket=true
=== PAUSE TestInheritedLibraryReadsNeverLoadOwnFields/map/valueOf/bracket=true
=== RUN   TestInheritedLibraryReadsNeverLoadOwnFields/map/__proto__/bracket=false
=== PAUSE TestInheritedLibraryReadsNeverLoadOwnFields/map/__proto__/bracket=false
=== RUN   TestInheritedLibraryReadsNeverLoadOwnFields/map/__proto__/bracket=true
=== PAUSE TestInheritedLibraryReadsNeverLoadOwnFields/map/__proto__/bracket=true
=== RUN   TestInheritedLibraryReadsNeverLoadOwnFields/map/toLocaleString/bracket=false
=== PAUSE TestInheritedLibraryReadsNeverLoadOwnFields/map/toLocaleString/bracket=false
=== RUN   TestInheritedLibraryReadsNeverLoadOwnFields/map/toLocaleString/bracket=true
=== PAUSE TestInheritedLibraryReadsNeverLoadOwnFields/map/toLocaleString/bracket=true
=== RUN   TestInheritedLibraryReadsNeverLoadOwnFields/set/constructor/bracket=false
=== PAUSE TestInheritedLibraryReadsNeverLoadOwnFields/set/constructor/bracket=false
=== RUN   TestInheritedLibraryReadsNeverLoadOwnFields/set/constructor/bracket=true
=== PAUSE TestInheritedLibraryReadsNeverLoadOwnFields/set/constructor/bracket=true
=== RUN   TestInheritedLibraryReadsNeverLoadOwnFields/set/__defineGetter__/bracket=false
=== PAUSE TestInheritedLibraryReadsNeverLoadOwnFields/set/__defineGetter__/bracket=false
=== RUN   TestInheritedLibraryReadsNeverLoadOwnFields/set/__defineGetter__/bracket=true
=== PAUSE TestInheritedLibraryReadsNeverLoadOwnFields/set/__defineGetter__/bracket=true
=== RUN   TestInheritedLibraryReadsNeverLoadOwnFields/set/__defineSetter__/bracket=false
=== PAUSE TestInheritedLibraryReadsNeverLoadOwnFields/set/__defineSetter__/bracket=false
=== RUN   TestInheritedLibraryReadsNeverLoadOwnFields/set/__defineSetter__/bracket=true
=== PAUSE TestInheritedLibraryReadsNeverLoadOwnFields/set/__defineSetter__/bracket=true
=== RUN   TestInheritedLibraryReadsNeverLoadOwnFields/set/hasOwnProperty/bracket=false
=== PAUSE TestInheritedLibraryReadsNeverLoadOwnFields/set/hasOwnProperty/bracket=false
=== RUN   TestInheritedLibraryReadsNeverLoadOwnFields/set/hasOwnProperty/bracket=true
=== PAUSE TestInheritedLibraryReadsNeverLoadOwnFields/set/hasOwnProperty/bracket=true
=== RUN   TestInheritedLibraryReadsNeverLoadOwnFields/set/__lookupGetter__/bracket=false
=== PAUSE TestInheritedLibraryReadsNeverLoadOwnFields/set/__lookupGetter__/bracket=false
=== RUN   TestInheritedLibraryReadsNeverLoadOwnFields/set/__lookupGetter__/bracket=true
=== PAUSE TestInheritedLibraryReadsNeverLoadOwnFields/set/__lookupGetter__/bracket=true
=== RUN   TestInheritedLibraryReadsNeverLoadOwnFields/set/__lookupSetter__/bracket=false
=== PAUSE TestInheritedLibraryReadsNeverLoadOwnFields/set/__lookupSetter__/bracket=false
=== RUN   TestInheritedLibraryReadsNeverLoadOwnFields/set/__lookupSetter__/bracket=true
=== PAUSE TestInheritedLibraryReadsNeverLoadOwnFields/set/__lookupSetter__/bracket=true
=== RUN   TestInheritedLibraryReadsNeverLoadOwnFields/set/isPrototypeOf/bracket=false
=== PAUSE TestInheritedLibraryReadsNeverLoadOwnFields/set/isPrototypeOf/bracket=false
=== RUN   TestInheritedLibraryReadsNeverLoadOwnFields/set/isPrototypeOf/bracket=true
=== PAUSE TestInheritedLibraryReadsNeverLoadOwnFields/set/isPrototypeOf/bracket=true
=== RUN   TestInheritedLibraryReadsNeverLoadOwnFields/set/propertyIsEnumerable/bracket=false
=== PAUSE TestInheritedLibraryReadsNeverLoadOwnFields/set/propertyIsEnumerable/bracket=false
=== RUN   TestInheritedLibraryReadsNeverLoadOwnFields/set/propertyIsEnumerable/bracket=true
=== PAUSE TestInheritedLibraryReadsNeverLoadOwnFields/set/propertyIsEnumerable/bracket=true
=== RUN   TestInheritedLibraryReadsNeverLoadOwnFields/set/toString/bracket=false
=== PAUSE TestInheritedLibraryReadsNeverLoadOwnFields/set/toString/bracket=false
=== RUN   TestInheritedLibraryReadsNeverLoadOwnFields/set/toString/bracket=true
=== PAUSE TestInheritedLibraryReadsNeverLoadOwnFields/set/toString/bracket=true
=== RUN   TestInheritedLibraryReadsNeverLoadOwnFields/set/valueOf/bracket=false
=== PAUSE TestInheritedLibraryReadsNeverLoadOwnFields/set/valueOf/bracket=false
=== RUN   TestInheritedLibraryReadsNeverLoadOwnFields/set/valueOf/bracket=true
=== PAUSE TestInheritedLibraryReadsNeverLoadOwnFields/set/valueOf/bracket=true
=== RUN   TestInheritedLibraryReadsNeverLoadOwnFields/set/__proto__/bracket=false
=== PAUSE TestInheritedLibraryReadsNeverLoadOwnFields/set/__proto__/bracket=false
=== RUN   TestInheritedLibraryReadsNeverLoadOwnFields/set/__proto__/bracket=true
=== PAUSE TestInheritedLibraryReadsNeverLoadOwnFields/set/__proto__/bracket=true
=== RUN   TestInheritedLibraryReadsNeverLoadOwnFields/set/toLocaleString/bracket=false
=== PAUSE TestInheritedLibraryReadsNeverLoadOwnFields/set/toLocaleString/bracket=false
=== RUN   TestInheritedLibraryReadsNeverLoadOwnFields/set/toLocaleString/bracket=true
=== PAUSE TestInheritedLibraryReadsNeverLoadOwnFields/set/toLocaleString/bracket=true
=== RUN   TestInheritedLibraryReadsNeverLoadOwnFields/function/constructor/bracket=false
=== PAUSE TestInheritedLibraryReadsNeverLoadOwnFields/function/constructor/bracket=false
=== RUN   TestInheritedLibraryReadsNeverLoadOwnFields/function/constructor/bracket=true
=== PAUSE TestInheritedLibraryReadsNeverLoadOwnFields/function/constructor/bracket=true
=== RUN   TestInheritedLibraryReadsNeverLoadOwnFields/function/__defineGetter__/bracket=false
=== PAUSE TestInheritedLibraryReadsNeverLoadOwnFields/function/__defineGetter__/bracket=false
=== RUN   TestInheritedLibraryReadsNeverLoadOwnFields/function/__defineGetter__/bracket=true
=== PAUSE TestInheritedLibraryReadsNeverLoadOwnFields/function/__defineGetter__/bracket=true
=== RUN   TestInheritedLibraryReadsNeverLoadOwnFields/function/__defineSetter__/bracket=false
=== PAUSE TestInheritedLibraryReadsNeverLoadOwnFields/function/__defineSetter__/bracket=false
=== RUN   TestInheritedLibraryReadsNeverLoadOwnFields/function/__defineSetter__/bracket=true
=== PAUSE TestInheritedLibraryReadsNeverLoadOwnFields/function/__defineSetter__/bracket=true
=== RUN   TestInheritedLibraryReadsNeverLoadOwnFields/function/hasOwnProperty/bracket=false
=== PAUSE TestInheritedLibraryReadsNeverLoadOwnFields/function/hasOwnProperty/bracket=false
=== RUN   TestInheritedLibraryReadsNeverLoadOwnFields/function/hasOwnProperty/bracket=true
=== PAUSE TestInheritedLibraryReadsNeverLoadOwnFields/function/hasOwnProperty/bracket=true
=== RUN   TestInheritedLibraryReadsNeverLoadOwnFields/function/__lookupGetter__/bracket=false
=== PAUSE TestInheritedLibraryReadsNeverLoadOwnFields/function/__lookupGetter__/bracket=false
=== RUN   TestInheritedLibraryReadsNeverLoadOwnFields/function/__lookupGetter__/bracket=true
=== PAUSE TestInheritedLibraryReadsNeverLoadOwnFields/function/__lookupGetter__/bracket=true
=== RUN   TestInheritedLibraryReadsNeverLoadOwnFields/function/__lookupSetter__/bracket=false
=== PAUSE TestInheritedLibraryReadsNeverLoadOwnFields/function/__lookupSetter__/bracket=false
=== RUN   TestInheritedLibraryReadsNeverLoadOwnFields/function/__lookupSetter__/bracket=true
=== PAUSE TestInheritedLibraryReadsNeverLoadOwnFields/function/__lookupSetter__/bracket=true
=== RUN   TestInheritedLibraryReadsNeverLoadOwnFields/function/isPrototypeOf/bracket=false
=== PAUSE TestInheritedLibraryReadsNeverLoadOwnFields/function/isPrototypeOf/bracket=false
=== RUN   TestInheritedLibraryReadsNeverLoadOwnFields/function/isPrototypeOf/bracket=true
=== PAUSE TestInheritedLibraryReadsNeverLoadOwnFields/function/isPrototypeOf/bracket=true
=== RUN   TestInheritedLibraryReadsNeverLoadOwnFields/function/propertyIsEnumerable/bracket=false
=== PAUSE TestInheritedLibraryReadsNeverLoadOwnFields/function/propertyIsEnumerable/bracket=false
=== RUN   TestInheritedLibraryReadsNeverLoadOwnFields/function/propertyIsEnumerable/bracket=true
=== PAUSE TestInheritedLibraryReadsNeverLoadOwnFields/function/propertyIsEnumerable/bracket=true
=== RUN   TestInheritedLibraryReadsNeverLoadOwnFields/function/toString/bracket=false
=== PAUSE TestInheritedLibraryReadsNeverLoadOwnFields/function/toString/bracket=false
=== RUN   TestInheritedLibraryReadsNeverLoadOwnFields/function/toString/bracket=true
=== PAUSE TestInheritedLibraryReadsNeverLoadOwnFields/function/toString/bracket=true
=== RUN   TestInheritedLibraryReadsNeverLoadOwnFields/function/valueOf/bracket=false
=== PAUSE TestInheritedLibraryReadsNeverLoadOwnFields/function/valueOf/bracket=false
=== RUN   TestInheritedLibraryReadsNeverLoadOwnFields/function/valueOf/bracket=true
=== PAUSE TestInheritedLibraryReadsNeverLoadOwnFields/function/valueOf/bracket=true
=== RUN   TestInheritedLibraryReadsNeverLoadOwnFields/function/__proto__/bracket=false
=== PAUSE TestInheritedLibraryReadsNeverLoadOwnFields/function/__proto__/bracket=false
=== RUN   TestInheritedLibraryReadsNeverLoadOwnFields/function/__proto__/bracket=true
=== PAUSE TestInheritedLibraryReadsNeverLoadOwnFields/function/__proto__/bracket=true
=== RUN   TestInheritedLibraryReadsNeverLoadOwnFields/function/toLocaleString/bracket=false
=== PAUSE TestInheritedLibraryReadsNeverLoadOwnFields/function/toLocaleString/bracket=false
=== RUN   TestInheritedLibraryReadsNeverLoadOwnFields/function/toLocaleString/bracket=true
=== PAUSE TestInheritedLibraryReadsNeverLoadOwnFields/function/toLocaleString/bracket=true
=== RUN   TestInheritedLibraryReadsNeverLoadOwnFields/error/constructor/bracket=false
=== PAUSE TestInheritedLibraryReadsNeverLoadOwnFields/error/constructor/bracket=false
=== RUN   TestInheritedLibraryReadsNeverLoadOwnFields/error/constructor/bracket=true
=== PAUSE TestInheritedLibraryReadsNeverLoadOwnFields/error/constructor/bracket=true
=== RUN   TestInheritedLibraryReadsNeverLoadOwnFields/error/__defineGetter__/bracket=false
=== PAUSE TestInheritedLibraryReadsNeverLoadOwnFields/error/__defineGetter__/bracket=false
=== RUN   TestInheritedLibraryReadsNeverLoadOwnFields/error/__defineGetter__/bracket=true
=== PAUSE TestInheritedLibraryReadsNeverLoadOwnFields/error/__defineGetter__/bracket=true
=== RUN   TestInheritedLibraryReadsNeverLoadOwnFields/error/__defineSetter__/bracket=false
=== PAUSE TestInheritedLibraryReadsNeverLoadOwnFields/error/__defineSetter__/bracket=false
=== RUN   TestInheritedLibraryReadsNeverLoadOwnFields/error/__defineSetter__/bracket=true
=== PAUSE TestInheritedLibraryReadsNeverLoadOwnFields/error/__defineSetter__/bracket=true
=== RUN   TestInheritedLibraryReadsNeverLoadOwnFields/error/hasOwnProperty/bracket=false
=== PAUSE TestInheritedLibraryReadsNeverLoadOwnFields/error/hasOwnProperty/bracket=false
=== RUN   TestInheritedLibraryReadsNeverLoadOwnFields/error/hasOwnProperty/bracket=true
=== PAUSE TestInheritedLibraryReadsNeverLoadOwnFields/error/hasOwnProperty/bracket=true
=== RUN   TestInheritedLibraryReadsNeverLoadOwnFields/error/__lookupGetter__/bracket=false
=== PAUSE TestInheritedLibraryReadsNeverLoadOwnFields/error/__lookupGetter__/bracket=false
=== RUN   TestInheritedLibraryReadsNeverLoadOwnFields/error/__lookupGetter__/bracket=true
=== PAUSE TestInheritedLibraryReadsNeverLoadOwnFields/error/__lookupGetter__/bracket=true
=== RUN   TestInheritedLibraryReadsNeverLoadOwnFields/error/__lookupSetter__/bracket=false
=== PAUSE TestInheritedLibraryReadsNeverLoadOwnFields/error/__lookupSetter__/bracket=false
=== RUN   TestInheritedLibraryReadsNeverLoadOwnFields/error/__lookupSetter__/bracket=true
=== PAUSE TestInheritedLibraryReadsNeverLoadOwnFields/error/__lookupSetter__/bracket=true
=== RUN   TestInheritedLibraryReadsNeverLoadOwnFields/error/isPrototypeOf/bracket=false
=== PAUSE TestInheritedLibraryReadsNeverLoadOwnFields/error/isPrototypeOf/bracket=false
=== RUN   TestInheritedLibraryReadsNeverLoadOwnFields/error/isPrototypeOf/bracket=true
=== PAUSE TestInheritedLibraryReadsNeverLoadOwnFields/error/isPrototypeOf/bracket=true
=== RUN   TestInheritedLibraryReadsNeverLoadOwnFields/error/propertyIsEnumerable/bracket=false
=== PAUSE TestInheritedLibraryReadsNeverLoadOwnFields/error/propertyIsEnumerable/bracket=false
=== RUN   TestInheritedLibraryReadsNeverLoadOwnFields/error/propertyIsEnumerable/bracket=true
=== PAUSE TestInheritedLibraryReadsNeverLoadOwnFields/error/propertyIsEnumerable/bracket=true
=== RUN   TestInheritedLibraryReadsNeverLoadOwnFields/error/toString/bracket=false
=== PAUSE TestInheritedLibraryReadsNeverLoadOwnFields/error/toString/bracket=false
=== RUN   TestInheritedLibraryReadsNeverLoadOwnFields/error/toString/bracket=true
=== PAUSE TestInheritedLibraryReadsNeverLoadOwnFields/error/toString/bracket=true
=== RUN   TestInheritedLibraryReadsNeverLoadOwnFields/error/valueOf/bracket=false
=== PAUSE TestInheritedLibraryReadsNeverLoadOwnFields/error/valueOf/bracket=false
=== RUN   TestInheritedLibraryReadsNeverLoadOwnFields/error/valueOf/bracket=true
=== PAUSE TestInheritedLibraryReadsNeverLoadOwnFields/error/valueOf/bracket=true
=== RUN   TestInheritedLibraryReadsNeverLoadOwnFields/error/__proto__/bracket=false
=== PAUSE TestInheritedLibraryReadsNeverLoadOwnFields/error/__proto__/bracket=false
=== RUN   TestInheritedLibraryReadsNeverLoadOwnFields/error/__proto__/bracket=true
=== PAUSE TestInheritedLibraryReadsNeverLoadOwnFields/error/__proto__/bracket=true
=== RUN   TestInheritedLibraryReadsNeverLoadOwnFields/error/toLocaleString/bracket=false
=== PAUSE TestInheritedLibraryReadsNeverLoadOwnFields/error/toLocaleString/bracket=false
=== RUN   TestInheritedLibraryReadsNeverLoadOwnFields/error/toLocaleString/bracket=true
=== PAUSE TestInheritedLibraryReadsNeverLoadOwnFields/error/toLocaleString/bracket=true
=== RUN   TestInheritedLibraryReadsNeverLoadOwnFields/union/constructor/bracket=false
=== PAUSE TestInheritedLibraryReadsNeverLoadOwnFields/union/constructor/bracket=false
=== RUN   TestInheritedLibraryReadsNeverLoadOwnFields/union/constructor/bracket=true
=== PAUSE TestInheritedLibraryReadsNeverLoadOwnFields/union/constructor/bracket=true
=== RUN   TestInheritedLibraryReadsNeverLoadOwnFields/union/__defineGetter__/bracket=false
=== PAUSE TestInheritedLibraryReadsNeverLoadOwnFields/union/__defineGetter__/bracket=false
=== RUN   TestInheritedLibraryReadsNeverLoadOwnFields/union/__defineGetter__/bracket=true
=== PAUSE TestInheritedLibraryReadsNeverLoadOwnFields/union/__defineGetter__/bracket=true
=== RUN   TestInheritedLibraryReadsNeverLoadOwnFields/union/__defineSetter__/bracket=false
=== PAUSE TestInheritedLibraryReadsNeverLoadOwnFields/union/__defineSetter__/bracket=false
=== RUN   TestInheritedLibraryReadsNeverLoadOwnFields/union/__defineSetter__/bracket=true
=== PAUSE TestInheritedLibraryReadsNeverLoadOwnFields/union/__defineSetter__/bracket=true
=== RUN   TestInheritedLibraryReadsNeverLoadOwnFields/union/hasOwnProperty/bracket=false
=== PAUSE TestInheritedLibraryReadsNeverLoadOwnFields/union/hasOwnProperty/bracket=false
=== RUN   TestInheritedLibraryReadsNeverLoadOwnFields/union/hasOwnProperty/bracket=true
=== PAUSE TestInheritedLibraryReadsNeverLoadOwnFields/union/hasOwnProperty/bracket=true
=== RUN   TestInheritedLibraryReadsNeverLoadOwnFields/union/__lookupGetter__/bracket=false
=== PAUSE TestInheritedLibraryReadsNeverLoadOwnFields/union/__lookupGetter__/bracket=false
=== RUN   TestInheritedLibraryReadsNeverLoadOwnFields/union/__lookupGetter__/bracket=true
=== PAUSE TestInheritedLibraryReadsNeverLoadOwnFields/union/__lookupGetter__/bracket=true
=== RUN   TestInheritedLibraryReadsNeverLoadOwnFields/union/__lookupSetter__/bracket=false
=== PAUSE TestInheritedLibraryReadsNeverLoadOwnFields/union/__lookupSetter__/bracket=false
=== RUN   TestInheritedLibraryReadsNeverLoadOwnFields/union/__lookupSetter__/bracket=true
=== PAUSE TestInheritedLibraryReadsNeverLoadOwnFields/union/__lookupSetter__/bracket=true
=== RUN   TestInheritedLibraryReadsNeverLoadOwnFields/union/isPrototypeOf/bracket=false
=== PAUSE TestInheritedLibraryReadsNeverLoadOwnFields/union/isPrototypeOf/bracket=false
=== RUN   TestInheritedLibraryReadsNeverLoadOwnFields/union/isPrototypeOf/bracket=true
=== PAUSE TestInheritedLibraryReadsNeverLoadOwnFields/union/isPrototypeOf/bracket=true
=== RUN   TestInheritedLibraryReadsNeverLoadOwnFields/union/propertyIsEnumerable/bracket=false
=== PAUSE TestInheritedLibraryReadsNeverLoadOwnFields/union/propertyIsEnumerable/bracket=false
=== RUN   TestInheritedLibraryReadsNeverLoadOwnFields/union/propertyIsEnumerable/bracket=true
=== PAUSE TestInheritedLibraryReadsNeverLoadOwnFields/union/propertyIsEnumerable/bracket=true
=== RUN   TestInheritedLibraryReadsNeverLoadOwnFields/union/toString/bracket=false
=== PAUSE TestInheritedLibraryReadsNeverLoadOwnFields/union/toString/bracket=false
=== RUN   TestInheritedLibraryReadsNeverLoadOwnFields/union/toString/bracket=true
=== PAUSE TestInheritedLibraryReadsNeverLoadOwnFields/union/toString/bracket=true
=== RUN   TestInheritedLibraryReadsNeverLoadOwnFields/union/valueOf/bracket=false
=== PAUSE TestInheritedLibraryReadsNeverLoadOwnFields/union/valueOf/bracket=false
=== RUN   TestInheritedLibraryReadsNeverLoadOwnFields/union/valueOf/bracket=true
=== PAUSE TestInheritedLibraryReadsNeverLoadOwnFields/union/valueOf/bracket=true
=== RUN   TestInheritedLibraryReadsNeverLoadOwnFields/union/__proto__/bracket=false
=== PAUSE TestInheritedLibraryReadsNeverLoadOwnFields/union/__proto__/bracket=false
=== RUN   TestInheritedLibraryReadsNeverLoadOwnFields/union/__proto__/bracket=true
=== PAUSE TestInheritedLibraryReadsNeverLoadOwnFields/union/__proto__/bracket=true
=== RUN   TestInheritedLibraryReadsNeverLoadOwnFields/union/toLocaleString/bracket=false
=== PAUSE TestInheritedLibraryReadsNeverLoadOwnFields/union/toLocaleString/bracket=false
=== RUN   TestInheritedLibraryReadsNeverLoadOwnFields/union/toLocaleString/bracket=true
=== PAUSE TestInheritedLibraryReadsNeverLoadOwnFields/union/toLocaleString/bracket=true
=== CONT  TestSwitchEmptyElseFallsThrough
--- PASS: TestProvenRelationsErase (1.18s)
=== CONT  TestTypedArrayGaps
--- PASS: TestPrototypeHazardsBehindObjectViewsAreNotYet (0.98s)
=== CONT  TestTypedArraysLower
=== RUN   TestTypedArraysLower/Uint8Array
--- PASS: TestSwitchEmptyElseFallsThrough (0.37s)
=== CONT  TestTasteRepresentationLimitsStayExplicit
=== RUN   TestTasteRepresentationLimitsStayExplicit/union_scalar_field
=== RUN   TestTasteRepresentationLimitsStayExplicit/evolving_different_objects
--- PASS: TestPrototypeMethodsAreRefusedWithReasons (1.07s)
=== CONT  TestSwitchEmptyBlockFallsThrough
=== RUN   TestTasteRepresentationLimitsStayExplicit/explicit_any
=== RUN   TestTypedArraysLower/Int32Array
=== RUN   TestTasteRepresentationLimitsStayExplicit/computed_enum
=== RUN   TestTasteRepresentationLimitsStayExplicit/enum_prototype
=== RUN   TestTasteRepresentationLimitsStayExplicit/merged_enum
--- PASS: TestSwitchEmptyBlockFallsThrough (0.40s)
=== CONT  TestSwitchEmptyCaseFallsThrough
--- PASS: TestTasteRepresentationLimitsStayExplicit (0.74s)
    --- PASS: TestTasteRepresentationLimitsStayExplicit/union_scalar_field (0.13s)
    --- PASS: TestTasteRepresentationLimitsStayExplicit/evolving_different_objects (0.14s)
    --- PASS: TestTasteRepresentationLimitsStayExplicit/explicit_any (0.09s)
    --- PASS: TestTasteRepresentationLimitsStayExplicit/computed_enum (0.08s)
    --- PASS: TestTasteRepresentationLimitsStayExplicit/enum_prototype (0.13s)
    --- PASS: TestTasteRepresentationLimitsStayExplicit/merged_enum (0.18s)
=== CONT  TestSuppressionDirectivesAreRefused
=== RUN   TestSuppressionDirectivesAreRefused/@ts-ignore/number.a///_@ts-ignore_
=== PAUSE TestSuppressionDirectivesAreRefused/@ts-ignore/number.a///_@ts-ignore_
=== RUN   TestSuppressionDirectivesAreRefused/@ts-ignore/number.a//*_@ts-ignore_*/_
=== PAUSE TestSuppressionDirectivesAreRefused/@ts-ignore/number.a//*_@ts-ignore_*/_
=== RUN   TestSuppressionDirectivesAreRefused/@ts-ignore/number.a//**_@ts-ignore_*/_
=== PAUSE TestSuppressionDirectivesAreRefused/@ts-ignore/number.a//**_@ts-ignore_*/_
=== RUN   TestSuppressionDirectivesAreRefused/@ts-ignore/number.a//**_prose__*_@ts-ignore_*/_
=== PAUSE TestSuppressionDirectivesAreRefused/@ts-ignore/number.a//**_prose__*_@ts-ignore_*/_
=== RUN   TestSuppressionDirectivesAreRefused/@ts-ignore/boolean.a///_@ts-ignore_
=== PAUSE TestSuppressionDirectivesAreRefused/@ts-ignore/boolean.a///_@ts-ignore_
=== RUN   TestSuppressionDirectivesAreRefused/@ts-ignore/boolean.a//*_@ts-ignore_*/_
=== PAUSE TestSuppressionDirectivesAreRefused/@ts-ignore/boolean.a//*_@ts-ignore_*/_
=== RUN   TestSuppressionDirectivesAreRefused/@ts-ignore/boolean.a//**_@ts-ignore_*/_
=== PAUSE TestSuppressionDirectivesAreRefused/@ts-ignore/boolean.a//**_@ts-ignore_*/_
=== RUN   TestSuppressionDirectivesAreRefused/@ts-ignore/boolean.a//**_prose__*_@ts-ignore_*/_
=== PAUSE TestSuppressionDirectivesAreRefused/@ts-ignore/boolean.a//**_prose__*_@ts-ignore_*/_
=== RUN   TestSuppressionDirectivesAreRefused/@ts-ignore/call.a///_@ts-ignore_
=== PAUSE TestSuppressionDirectivesAreRefused/@ts-ignore/call.a///_@ts-ignore_
=== RUN   TestSuppressionDirectivesAreRefused/@ts-ignore/call.a//*_@ts-ignore_*/_
=== PAUSE TestSuppressionDirectivesAreRefused/@ts-ignore/call.a//*_@ts-ignore_*/_
=== RUN   TestSuppressionDirectivesAreRefused/@ts-ignore/call.a//**_@ts-ignore_*/_
=== PAUSE TestSuppressionDirectivesAreRefused/@ts-ignore/call.a//**_@ts-ignore_*/_
=== RUN   TestSuppressionDirectivesAreRefused/@ts-ignore/call.a//**_prose__*_@ts-ignore_*/_
=== PAUSE TestSuppressionDirectivesAreRefused/@ts-ignore/call.a//**_prose__*_@ts-ignore_*/_
=== RUN   TestSuppressionDirectivesAreRefused/@ts-expect-error/number.a///_@ts-expect-error_
=== PAUSE TestSuppressionDirectivesAreRefused/@ts-expect-error/number.a///_@ts-expect-error_
=== RUN   TestSuppressionDirectivesAreRefused/@ts-expect-error/number.a//*_@ts-expect-error_*/_
=== PAUSE TestSuppressionDirectivesAreRefused/@ts-expect-error/number.a//*_@ts-expect-error_*/_
=== RUN   TestSuppressionDirectivesAreRefused/@ts-expect-error/number.a//**_@ts-expect-error_*/_
=== PAUSE TestSuppressionDirectivesAreRefused/@ts-expect-error/number.a//**_@ts-expect-error_*/_
=== RUN   TestSuppressionDirectivesAreRefused/@ts-expect-error/number.a//**_prose__*_@ts-expect-error_*/_
=== PAUSE TestSuppressionDirectivesAreRefused/@ts-expect-error/number.a//**_prose__*_@ts-expect-error_*/_
=== RUN   TestSuppressionDirectivesAreRefused/@ts-expect-error/boolean.a///_@ts-expect-error_
=== PAUSE TestSuppressionDirectivesAreRefused/@ts-expect-error/boolean.a///_@ts-expect-error_
=== RUN   TestSuppressionDirectivesAreRefused/@ts-expect-error/boolean.a//*_@ts-expect-error_*/_
=== PAUSE TestSuppressionDirectivesAreRefused/@ts-expect-error/boolean.a//*_@ts-expect-error_*/_
=== RUN   TestSuppressionDirectivesAreRefused/@ts-expect-error/boolean.a//**_@ts-expect-error_*/_
=== PAUSE TestSuppressionDirectivesAreRefused/@ts-expect-error/boolean.a//**_@ts-expect-error_*/_
=== RUN   TestSuppressionDirectivesAreRefused/@ts-expect-error/boolean.a//**_prose__*_@ts-expect-error_*/_
=== PAUSE TestSuppressionDirectivesAreRefused/@ts-expect-error/boolean.a//**_prose__*_@ts-expect-error_*/_
=== RUN   TestSuppressionDirectivesAreRefused/@ts-expect-error/call.a///_@ts-expect-error_
=== PAUSE TestSuppressionDirectivesAreRefused/@ts-expect-error/call.a///_@ts-expect-error_
=== RUN   TestSuppressionDirectivesAreRefused/@ts-expect-error/call.a//*_@ts-expect-error_*/_
=== PAUSE TestSuppressionDirectivesAreRefused/@ts-expect-error/call.a//*_@ts-expect-error_*/_
=== RUN   TestSuppressionDirectivesAreRefused/@ts-expect-error/call.a//**_@ts-expect-error_*/_
=== PAUSE TestSuppressionDirectivesAreRefused/@ts-expect-error/call.a//**_@ts-expect-error_*/_
=== RUN   TestSuppressionDirectivesAreRefused/@ts-expect-error/call.a//**_prose__*_@ts-expect-error_*/_
=== PAUSE TestSuppressionDirectivesAreRefused/@ts-expect-error/call.a//**_prose__*_@ts-expect-error_*/_
=== CONT  TestSwitchConditionalBreakFallsThrough
=== RUN   TestTypedArraysLower/Float64Array
--- PASS: TestTypedArrayGaps (1.07s)
=== CONT  TestSuppressionDirectiveSoundNeighbors
--- PASS: TestSwitchEmptyCaseFallsThrough (0.43s)
=== CONT  TestReadinessErrorIncludesReceiverExpression
--- PASS: TestSwitchConditionalBreakFallsThrough (0.45s)
=== CONT  TestStep21LibraryAdmission
--- PASS: TestTypedArraysLower (1.26s)
    --- PASS: TestTypedArraysLower/Uint8Array (0.34s)
    --- PASS: TestTypedArraysLower/Int32Array (0.44s)
    --- PASS: TestTypedArraysLower/Float64Array (0.48s)
=== CONT  TestPredicateUsesBelongToEachCall
--- PASS: TestReadinessErrorIncludesReceiverExpression (0.23s)
=== CONT  TestPredicateBodiesAreProven
--- PASS: TestPredicateUsesBelongToEachCall (0.18s)
=== CONT  TestUnprovenPredicateReturnsAreRefused
=== RUN   TestUnprovenPredicateReturnsAreRefused/unconditional_true
=== PAUSE TestUnprovenPredicateReturnsAreRefused/unconditional_true
=== RUN   TestUnprovenPredicateReturnsAreRefused/different_variable
=== PAUSE TestUnprovenPredicateReturnsAreRefused/different_variable
=== RUN   TestUnprovenPredicateReturnsAreRefused/wider_narrowing
=== PAUSE TestUnprovenPredicateReturnsAreRefused/wider_narrowing
=== RUN   TestUnprovenPredicateReturnsAreRefused/partial_true_set
=== PAUSE TestUnprovenPredicateReturnsAreRefused/partial_true_set
=== RUN   TestUnprovenPredicateReturnsAreRefused/narrower_narrowing
=== PAUSE TestUnprovenPredicateReturnsAreRefused/narrower_narrowing
=== RUN   TestUnprovenPredicateReturnsAreRefused/false_branch_lie
=== PAUSE TestUnprovenPredicateReturnsAreRefused/false_branch_lie
=== RUN   TestUnprovenPredicateReturnsAreRefused/positive_number
=== PAUSE TestUnprovenPredicateReturnsAreRefused/positive_number
=== RUN   TestUnprovenPredicateReturnsAreRefused/opaque_call
=== PAUSE TestUnprovenPredicateReturnsAreRefused/opaque_call
=== RUN   TestUnprovenPredicateReturnsAreRefused/modified_parameter
=== PAUSE TestUnprovenPredicateReturnsAreRefused/modified_parameter
=== RUN   TestUnprovenPredicateReturnsAreRefused/captured_write
=== PAUSE TestUnprovenPredicateReturnsAreRefused/captured_write
=== RUN   TestUnprovenPredicateReturnsAreRefused/aliased_discriminant_call
=== PAUSE TestUnprovenPredicateReturnsAreRefused/aliased_discriminant_call
=== RUN   TestUnprovenPredicateReturnsAreRefused/aliased_discriminant_write
=== PAUSE TestUnprovenPredicateReturnsAreRefused/aliased_discriminant_write
=== RUN   TestUnprovenPredicateReturnsAreRefused/aliased_discriminant_getter
=== PAUSE TestUnprovenPredicateReturnsAreRefused/aliased_discriminant_getter
=== RUN   TestUnprovenPredicateReturnsAreRefused/assertion_wider_shape
=== PAUSE TestUnprovenPredicateReturnsAreRefused/assertion_wider_shape
=== RUN   TestUnprovenPredicateReturnsAreRefused/nominal_guard_mismatch
=== PAUSE TestUnprovenPredicateReturnsAreRefused/nominal_guard_mismatch
=== RUN   TestUnprovenPredicateReturnsAreRefused/nominal_assertion_mismatch
=== PAUSE TestUnprovenPredicateReturnsAreRefused/nominal_assertion_mismatch
=== RUN   TestUnprovenPredicateReturnsAreRefused/assertion_empty
=== PAUSE TestUnprovenPredicateReturnsAreRefused/assertion_empty
=== RUN   TestUnprovenPredicateReturnsAreRefused/assertion_early_return
=== PAUSE TestUnprovenPredicateReturnsAreRefused/assertion_early_return
=== RUN   TestUnprovenPredicateReturnsAreRefused/assertion_wrong_branch
=== PAUSE TestUnprovenPredicateReturnsAreRefused/assertion_wrong_branch
=== RUN   TestUnprovenPredicateReturnsAreRefused/assertion_call_invalidation
=== PAUSE TestUnprovenPredicateReturnsAreRefused/assertion_call_invalidation
=== RUN   TestUnprovenPredicateReturnsAreRefused/assert_cond_empty
=== PAUSE TestUnprovenPredicateReturnsAreRefused/assert_cond_empty
=== RUN   TestUnprovenPredicateReturnsAreRefused/assert_cond_false
=== PAUSE TestUnprovenPredicateReturnsAreRefused/assert_cond_false
=== RUN   TestUnprovenPredicateReturnsAreRefused/assert_cond_nonboolean
=== PAUSE TestUnprovenPredicateReturnsAreRefused/assert_cond_nonboolean
=== RUN   TestUnprovenPredicateReturnsAreRefused/bodyless_signature
=== PAUSE TestUnprovenPredicateReturnsAreRefused/bodyless_signature
=== RUN   TestUnprovenPredicateReturnsAreRefused/default_argument
=== PAUSE TestUnprovenPredicateReturnsAreRefused/default_argument
=== RUN   TestUnprovenPredicateReturnsAreRefused/unknown_control_flow
=== PAUSE TestUnprovenPredicateReturnsAreRefused/unknown_control_flow
=== CONT  TestNamespaceFactoryBindingsAgreeWithNode
--- PASS: TestSuppressionDirectiveSoundNeighbors (0.54s)
=== CONT  TestPredicateUseRegions
=== RUN   TestPredicateUseRegions/unused
=== PAUSE TestPredicateUseRegions/unused
=== RUN   TestPredicateUseRegions/true
=== PAUSE TestPredicateUseRegions/true
=== RUN   TestPredicateUseRegions/false
=== PAUSE TestPredicateUseRegions/false
=== RUN   TestPredicateUseRegions/both
=== PAUSE TestPredicateUseRegions/both
=== RUN   TestPredicateUseRegions/return_continuation
=== PAUSE TestPredicateUseRegions/return_continuation
=== RUN   TestPredicateUseRegions/throw_continuation
=== PAUSE TestPredicateUseRegions/throw_continuation
=== RUN   TestPredicateUseRegions/false_continuation
=== PAUSE TestPredicateUseRegions/false_continuation
=== RUN   TestPredicateUseRegions/const_result_alias
=== PAUSE TestPredicateUseRegions/const_result_alias
=== RUN   TestPredicateUseRegions/compound_result_alias
=== PAUSE TestPredicateUseRegions/compound_result_alias
=== RUN   TestPredicateUseRegions/short_circuit
=== PAUSE TestPredicateUseRegions/short_circuit
=== RUN   TestPredicateUseRegions/closure_read
=== PAUSE TestPredicateUseRegions/closure_read
=== RUN   TestPredicateUseRegions/indexed_spelling
=== PAUSE TestPredicateUseRegions/indexed_spelling
=== RUN   TestPredicateUseRegions/indexed_argument
=== PAUSE TestPredicateUseRegions/indexed_argument
=== RUN   TestPredicateUseRegions/computed_index
=== PAUSE TestPredicateUseRegions/computed_index
=== RUN   TestPredicateUseRegions/loop_read
=== PAUSE TestPredicateUseRegions/loop_read
=== RUN   TestPredicateUseRegions/later_read
=== PAUSE TestPredicateUseRegions/later_read
=== RUN   TestPredicateUseRegions/replacement
=== PAUSE TestPredicateUseRegions/replacement
=== CONT  TestPredicateOverloadCallback
--- PASS: TestNullishPrototypeReadsAreRejectedByChecker (2.63s)
=== CONT  TestPredicateBodyProof/condition_assertion
=== CONT  TestPredicateBodyProof/false_branch_lies
--- PASS: TestNamespaceFactoryBindingsAgreeWithNode (0.40s)
=== CONT  TestPredicateBodyProof/disabled_assertion
=== CONT  TestPredicateBodyProof/assertion
=== CONT  TestPredicateBodyProof/empty_assertion
=== CONT  TestPredicateBodyProof/default_changes_input
--- PASS: TestPredicateOverloadCallback (0.48s)
=== CONT  TestPredicateBodyProof/recursive
=== CONT  TestPredicateBodyProof/alias_mutation
=== CONT  TestPredicateBodyProof/mutation
=== CONT  TestPredicateBodyProof/true_branch_lies
=== CONT  TestPredicateBodyProof/typeof
=== CONT  TestPredicateBodyProof/helper
=== CONT  TestPredicateBodyProof/kind_helpers_fixed_point
=== CONT  TestPredicateBodyProof/kind
=== CONT  TestPredicateBodyProof/condition_mutation
=== CONT  TestPredicateBodyProof/diagnostic_work_on_failure
=== CONT  TestPredicateBodyProof/empty_condition_assertion
=== CONT  TestPredicateBodyProof/returning_fail
=== CONT  TestStep18OptionalCallableBoundaries/observed_void
=== CONT  TestStep18OptionalCallableBoundaries/overloaded_callable
=== CONT  TestStep18OptionalCallableBoundaries/erased_marker
--- PASS: TestPredicateBodyProof (0.00s)
    --- PASS: TestPredicateBodyProof/condition_assertion (0.03s)
    --- PASS: TestPredicateBodyProof/false_branch_lies (0.08s)
    --- PASS: TestPredicateBodyProof/disabled_assertion (0.08s)
    --- PASS: TestPredicateBodyProof/assertion (0.15s)
    --- PASS: TestPredicateBodyProof/empty_assertion (0.14s)
    --- PASS: TestPredicateBodyProof/default_changes_input (0.11s)
    --- PASS: TestPredicateBodyProof/recursive (0.10s)
    --- PASS: TestPredicateBodyProof/mutation (0.05s)
    --- PASS: TestPredicateBodyProof/alias_mutation (0.09s)
    --- PASS: TestPredicateBodyProof/true_branch_lies (0.13s)
    --- PASS: TestPredicateBodyProof/helper (0.18s)
    --- PASS: TestPredicateBodyProof/typeof (0.21s)
    --- PASS: TestPredicateBodyProof/kind_helpers_fixed_point (0.10s)
    --- PASS: TestPredicateBodyProof/condition_mutation (0.06s)
    --- PASS: TestPredicateBodyProof/kind (0.12s)
    --- PASS: TestPredicateBodyProof/diagnostic_work_on_failure (0.13s)
    --- PASS: TestPredicateBodyProof/empty_condition_assertion (0.14s)
    --- PASS: TestPredicateBodyProof/returning_fail (0.17s)
=== CONT  TestStep18OptionalCallableBoundaries/chain_weak_callable_storage
--- PASS: TestPredicateBodiesAreProven (1.33s)
=== CONT  TestStep18OptionalCallableBoundaries/reference_narrowed_to_present
--- PASS: TestStep21LibraryAdmission (1.45s)
=== CONT  TestStep18OptionalCallableBoundaries/scalar_without_optional_representation
=== CONT  TestOptionalWideningAllowed/class
=== CONT  TestOptionalWideningRefused/argument
=== CONT  TestOptionalWideningAllowed/declared
=== CONT  TestOptionalWideningAllowed/fresh
--- PASS: TestStep18OptionalCallableBoundaries (0.00s)
    --- PASS: TestStep18OptionalCallableBoundaries/observed_void (0.12s)
    --- PASS: TestStep18OptionalCallableBoundaries/erased_marker (0.03s)
    --- PASS: TestStep18OptionalCallableBoundaries/chain_weak_callable_storage (0.03s)
    --- PASS: TestStep18OptionalCallableBoundaries/overloaded_callable (0.10s)
    --- PASS: TestStep18OptionalCallableBoundaries/reference_narrowed_to_present (0.09s)
    --- PASS: TestStep18OptionalCallableBoundaries/scalar_without_optional_representation (0.08s)
=== CONT  TestOptionalWideningRefused/initializer
=== CONT  TestOptionalWideningRefused/tuple_element
=== CONT  TestOptionalWideningRefused/spread
=== CONT  TestOptionalWideningRefused/spread_other_missing
--- PASS: TestOptionalWideningAllowed (0.00s)
    --- PASS: TestOptionalWideningAllowed/class (0.10s)
    --- PASS: TestOptionalWideningAllowed/declared (0.14s)
    --- PASS: TestOptionalWideningAllowed/fresh (0.10s)
=== CONT  TestOptionalWideningRefused/shorthand
=== CONT  TestOptionalWideningRefused/return
=== CONT  TestOptionalWideningRefused/readonly
=== CONT  TestOptionalWideningRefused/property_write
=== CONT  TestOptionalWideningRefused/parameter_default
=== CONT  TestOptionalWideningRefused/nested
=== CONT  TestOptionalWideningRefused/class_field
=== CONT  TestOptionalWideningRefused/incompatible
=== CONT  TestOptionalWideningRefused/generic
=== CONT  TestOptionalWideningRefused/field_access_paths
=== CONT  TestOptionalWideningRefused/field
=== CONT  TestOptionalWideningRefused/assignment
=== CONT  TestOptionalWideningRefused/cast
=== CONT  TestOptionalWideningRefused/arrow
=== CONT  TestOptionalWideningRefused/array_element
=== CONT  TestAdamicNullishAssertionsAreRefused/a/undefined/function_f():_number_{_return_undefined!;_}
=== CONT  TestAdamicNullishAssertionsAreRefused/a/null/function_f():_number_{_return_null!;_}
=== CONT  TestAdamicNullishAssertionsAreRefused/a/null/function_f(value:_null):_void_{_console.log(value!);_}
=== CONT  TestAdamicNullishAssertionsAreRefused/a/null/const_absent_=_null;_console.log(absent!);
=== CONT  TestAdamicNullishAssertionsAreRefused/a/null/console.log(null!);
=== CONT  TestAdamicNullishAssertionsAreRefused/a/null/const_box:_{value:_number;_other:_number}_=_{value:_null!,_get_other():_number_{_return_1;_}};
--- PASS: TestOptionalWideningRefused (0.00s)
    --- PASS: TestOptionalWideningRefused/argument (0.15s)
    --- PASS: TestOptionalWideningRefused/initializer (0.10s)
    --- PASS: TestOptionalWideningRefused/shorthand (0.04s)
    --- PASS: TestOptionalWideningRefused/tuple_element (0.11s)
    --- PASS: TestOptionalWideningRefused/spread (0.12s)
    --- PASS: TestOptionalWideningRefused/spread_other_missing (0.13s)
    --- PASS: TestOptionalWideningRefused/return (0.12s)
    --- PASS: TestOptionalWideningRefused/readonly (0.10s)
    --- PASS: TestOptionalWideningRefused/property_write (0.15s)
    --- PASS: TestOptionalWideningRefused/parameter_default (0.10s)
    --- PASS: TestOptionalWideningRefused/nested (0.12s)
    --- PASS: TestOptionalWideningRefused/class_field (0.12s)
    --- PASS: TestOptionalWideningRefused/incompatible (0.13s)
    --- PASS: TestOptionalWideningRefused/field_access_paths (0.08s)
    --- PASS: TestOptionalWideningRefused/generic (0.09s)
    --- PASS: TestOptionalWideningRefused/field (0.10s)
    --- PASS: TestOptionalWideningRefused/cast (0.07s)
    --- PASS: TestOptionalWideningRefused/assignment (0.10s)
    --- PASS: TestOptionalWideningRefused/arrow (0.13s)
    --- PASS: TestOptionalWideningRefused/array_element (0.15s)
=== CONT  TestAdamicNullishAssertionsAreRefused/a/null/const_values_=_[...null!];
=== CONT  TestAdamicNullishAssertionsAreRefused/a/null/const_values_=_[null!];
=== CONT  TestAdamicNullishAssertionsAreRefused/a/null/const_value:_number_=_1_||_null!;
=== CONT  TestAdamicNullishAssertionsAreRefused/a/null/const_value:_number_=_true_?_null!_:_1;
=== CONT  TestAdamicNullishAssertionsAreRefused/a/null/class_Box_{_value=1;_}_const_box=new_Box();_console.log(`${box.value=null!}`);
=== CONT  TestAdamicNullishAssertionsAreRefused/a/null/const_values=[1];_values[0]=null!;
=== CONT  TestAdamicNullishAssertionsAreRefused/a/null/let_value=1;_const_clear=():_number_=>_value=null!;
=== CONT  TestAdamicNullishAssertionsAreRefused/a/null/let_value=1;_let_other=2;_value=other=null!;
=== CONT  TestAdamicNullishAssertionsAreRefused/a/null/let_value=1;_const_absent=null;_value=absent!;
=== CONT  TestAdamicNullishAssertionsAreRefused/a/null/let_value=1;_value=(null!_+_1);
=== CONT  TestAdamicNullishAssertionsAreRefused/a/null/let_value=1;_value_+=_null!;
=== CONT  TestAdamicNullishAssertionsAreRefused/a/null/let_value=1;_function_f():_number_{_return_value=null!;_}
=== CONT  TestAdamicNullishAssertionsAreRefused/a/null/let_value=1;_const_assigned=(value=null!);
=== CONT  TestAdamicNullishAssertionsAreRefused/a/null/let_value=1;_console.log(`${value=null!}`);
=== CONT  TestAdamicNullishAssertionsAreRefused/a/null/console.log(`${null!_===_undefined}`);
=== CONT  TestAdamicNullishAssertionsAreRefused/a/null/console.log(`${null!_+_1}`);
=== CONT  TestAdamicNullishAssertionsAreRefused/a/undefined/const_values=[1];_values[0]=undefined!;
=== CONT  TestAdamicNullishAssertionsAreRefused/a/undefined/function_f(value:_undefined):_void_{_console.log(value!);_}
=== CONT  TestAdamicNullishAssertionsAreRefused/a/undefined/const_absent_=_undefined;_console.log(absent!);
=== CONT  TestAdamicNullishAssertionsAreRefused/a/undefined/console.log(undefined!);
=== CONT  TestAdamicNullishAssertionsAreRefused/a/undefined/const_box:_{value:_number;_other:_number}_=_{value:_undefined!,_get_other():_number_{_return_1;_}};
=== CONT  TestAdamicNullishAssertionsAreRefused/a/undefined/const_values_=_[...undefined!];
=== CONT  TestAdamicNullishAssertionsAreRefused/a/undefined/const_values_=_[undefined!];
=== CONT  TestAdamicNullishAssertionsAreRefused/a/undefined/const_value:_number_=_1_||_undefined!;
=== CONT  TestAdamicNullishAssertionsAreRefused/a/undefined/const_value:_number_=_true_?_undefined!_:_1;
=== CONT  TestAdamicNullishAssertionsAreRefused/a/undefined/class_Box_{_value=1;_}_const_box=new_Box();_console.log(`${box.value=undefined!}`);
=== CONT  TestAdamicNullishAssertionsAreRefused/a/undefined/let_value=1;_value_+=_undefined!;
=== CONT  TestAdamicNullishAssertionsAreRefused/a/undefined/let_value=1;_const_clear=():_number_=>_value=undefined!;
=== CONT  TestAdamicNullishAssertionsAreRefused/a/undefined/let_value=1;_let_other=2;_value=other=undefined!;
=== CONT  TestAdamicNullishAssertionsAreRefused/a/undefined/let_value=1;_const_absent=undefined;_value=absent!;
=== CONT  TestAdamicNullishAssertionsAreRefused/a/undefined/let_value=1;_value=(undefined!_+_1);
=== CONT  TestAdamicNullishAssertionsAreRefused/a/undefined/let_value=1;_console.log(`${value=undefined!}`);
=== CONT  TestAdamicNullishAssertionsAreRefused/a/undefined/let_value=1;_function_f():_number_{_return_value=undefined!;_}
=== CONT  TestAdamicNullishAssertionsAreRefused/a/undefined/let_value=1;_const_assigned=(value=undefined!);
=== CONT  TestAdamicNullishAssertionsAreRefused/a/undefined/console.log(`${undefined!_===_undefined}`);
=== CONT  TestAdamicNullishAssertionsAreRefused/a/undefined/console.log(`${undefined!_+_1}`);
=== CONT  TestNestedBodylessDeclarationsAreLoud/missing_implementation
=== CONT  TestNestedBodylessDeclarationsAreLoud/body_lowering
=== CONT  TestDebugNamespaceMergedCapabilities/debug_log.a
=== CONT  TestDebugNamespaceMergedCapabilities/debug_class.a
=== CONT  TestDebugNamespaceMergedCapabilities/class_merge.a
--- PASS: TestAdamicNullishAssertionsAreRefused (0.00s)
    --- PASS: TestAdamicNullishAssertionsAreRefused/a/null/function_f(value:_null):_void_{_console.log(value!);_} (0.06s)
    --- PASS: TestAdamicNullishAssertionsAreRefused/a/null/function_f():_number_{_return_null!;_} (0.09s)
    --- PASS: TestAdamicNullishAssertionsAreRefused/a/undefined/function_f():_number_{_return_undefined!;_} (0.14s)
    --- PASS: TestAdamicNullishAssertionsAreRefused/a/null/const_absent_=_null;_console.log(absent!); (0.09s)
    --- PASS: TestAdamicNullishAssertionsAreRefused/a/null/console.log(null!); (0.09s)
    --- PASS: TestAdamicNullishAssertionsAreRefused/a/null/const_box:_{value:_number;_other:_number}_=_{value:_null!,_get_other():_number_{_return_1;_}}; (0.09s)
    --- PASS: TestAdamicNullishAssertionsAreRefused/a/null/const_values_=_[null!]; (0.06s)
    --- PASS: TestAdamicNullishAssertionsAreRefused/a/null/const_values_=_[...null!]; (0.10s)
    --- PASS: TestAdamicNullishAssertionsAreRefused/a/null/const_value:_number_=_1_||_null!; (0.10s)
    --- PASS: TestAdamicNullishAssertionsAreRefused/a/null/const_value:_number_=_true_?_null!_:_1; (0.09s)
    --- PASS: TestAdamicNullishAssertionsAreRefused/a/null/class_Box_{_value=1;_}_const_box=new_Box();_console.log(`${box.value=null!}`); (0.09s)
    --- PASS: TestAdamicNullishAssertionsAreRefused/a/null/let_value=1;_const_clear=():_number_=>_value=null!; (0.10s)
    --- PASS: TestAdamicNullishAssertionsAreRefused/a/null/const_values=[1];_values[0]=null!; (0.11s)
    --- PASS: TestAdamicNullishAssertionsAreRefused/a/null/let_value=1;_const_absent=null;_value=absent!; (0.08s)
    --- PASS: TestAdamicNullishAssertionsAreRefused/a/null/let_value=1;_value=(null!_+_1); (0.08s)
    --- PASS: TestAdamicNullishAssertionsAreRefused/a/null/let_value=1;_let_other=2;_value=other=null!; (0.10s)
    --- PASS: TestAdamicNullishAssertionsAreRefused/a/null/let_value=1;_value_+=_null!; (0.10s)
    --- PASS: TestAdamicNullishAssertionsAreRefused/a/null/let_value=1;_console.log(`${value=null!}`); (0.06s)
    --- PASS: TestAdamicNullishAssertionsAreRefused/a/null/let_value=1;_const_assigned=(value=null!); (0.09s)
    --- PASS: TestAdamicNullishAssertionsAreRefused/a/null/let_value=1;_function_f():_number_{_return_value=null!;_} (0.13s)
    --- PASS: TestAdamicNullishAssertionsAreRefused/a/null/console.log(`${null!_===_undefined}`); (0.12s)
    --- PASS: TestAdamicNullishAssertionsAreRefused/a/undefined/const_values=[1];_values[0]=undefined!; (0.08s)
    --- PASS: TestAdamicNullishAssertionsAreRefused/a/null/console.log(`${null!_+_1}`); (0.14s)
    --- PASS: TestAdamicNullishAssertionsAreRefused/a/undefined/function_f(value:_undefined):_void_{_console.log(value!);_} (0.12s)
    --- PASS: TestAdamicNullishAssertionsAreRefused/a/undefined/const_absent_=_undefined;_console.log(absent!); (0.14s)
    --- PASS: TestAdamicNullishAssertionsAreRefused/a/undefined/const_box:_{value:_number;_other:_number}_=_{value:_undefined!,_get_other():_number_{_return_1;_}}; (0.10s)
    --- PASS: TestAdamicNullishAssertionsAreRefused/a/undefined/const_values_=_[...undefined!]; (0.05s)
    --- PASS: TestAdamicNullishAssertionsAreRefused/a/undefined/console.log(undefined!); (0.16s)
    --- PASS: TestAdamicNullishAssertionsAreRefused/a/undefined/const_values_=_[undefined!]; (0.08s)
    --- PASS: TestAdamicNullishAssertionsAreRefused/a/undefined/const_value:_number_=_1_||_undefined!; (0.10s)
    --- PASS: TestAdamicNullishAssertionsAreRefused/a/undefined/let_value=1;_value_+=_undefined!; (0.06s)
    --- PASS: TestAdamicNullishAssertionsAreRefused/a/undefined/const_value:_number_=_true_?_undefined!_:_1; (0.11s)
    --- PASS: TestAdamicNullishAssertionsAreRefused/a/undefined/let_value=1;_const_clear=():_number_=>_value=undefined!; (0.06s)
    --- PASS: TestAdamicNullishAssertionsAreRefused/a/undefined/class_Box_{_value=1;_}_const_box=new_Box();_console.log(`${box.value=undefined!}`); (0.16s)
    --- PASS: TestAdamicNullishAssertionsAreRefused/a/undefined/let_value=1;_let_other=2;_value=other=undefined!; (0.08s)
    --- PASS: TestAdamicNullishAssertionsAreRefused/a/undefined/let_value=1;_value=(undefined!_+_1); (0.09s)
    --- PASS: TestAdamicNullishAssertionsAreRefused/a/undefined/let_value=1;_const_absent=undefined;_value=absent!; (0.14s)
    --- PASS: TestAdamicNullishAssertionsAreRefused/a/undefined/let_value=1;_console.log(`${value=undefined!}`); (0.14s)
    --- PASS: TestAdamicNullishAssertionsAreRefused/a/undefined/let_value=1;_const_assigned=(value=undefined!); (0.10s)
    --- PASS: TestAdamicNullishAssertionsAreRefused/a/undefined/let_value=1;_function_f():_number_{_return_value=undefined!;_} (0.14s)
    --- PASS: TestAdamicNullishAssertionsAreRefused/a/undefined/console.log(`${undefined!_===_undefined}`); (0.14s)
    --- PASS: TestAdamicNullishAssertionsAreRefused/a/undefined/console.log(`${undefined!_+_1}`); (0.10s)
=== CONT  TestTscNamespaceDeclarationShapes/BuilderState
--- PASS: TestNestedBodylessDeclarationsAreLoud (0.00s)
    --- PASS: TestNestedBodylessDeclarationsAreLoud/missing_implementation (0.09s)
    --- PASS: TestNestedBodylessDeclarationsAreLoud/body_lowering (0.09s)
=== CONT  TestTscNamespaceDeclarationShapes/Debug.log
    namespaces_shapes_test.go:46: declaration shape lowers
=== CONT  TestTscNamespaceDeclarationShapes/IncrementalParser
=== CONT  TestTscNamespaceDeclarationShapes/tracingEnabled
=== NAME  TestTscNamespaceDeclarationShapes/BuilderState
    namespaces_shapes_test.go:46: declaration shape lowers
=== CONT  TestTscNamespaceDeclarationShapes/BinaryExpressionState
    namespaces_shapes_test.go:46: declaration shape lowers
=== CONT  TestTscNamespaceDeclarationShapes/Debug
=== NAME  TestTscNamespaceDeclarationShapes/tracingEnabled
    namespaces_shapes_test.go:46: declaration shape lowers
=== CONT  TestTscNamespaceDeclarationShapes/Parser.JSDocParser
=== NAME  TestTscNamespaceDeclarationShapes/IncrementalParser
    namespaces_shapes_test.go:46: declaration shape lowers
=== CONT  TestTscNamespaceDeclarationShapes/Parser
=== NAME  TestTscNamespaceDeclarationShapes/Parser.JSDocParser
    namespaces_shapes_test.go:46: declaration shape lowers
=== CONT  TestTscNamespaceDeclarationShapes/ReactNames
=== NAME  TestTscNamespaceDeclarationShapes/Debug
    namespaces_shapes_test.go:46: declaration shape lowers
=== CONT  TestTscNamespaceDeclarationShapes/JsxNames
=== NAME  TestTscNamespaceDeclarationShapes/Parser
    namespaces_shapes_test.go:46: declaration shape lowers
=== CONT  TestCallableNamespaceLimitsStayLoud/escape
=== CONT  TestCallableNamespaceLimitsStayLoud/intrinsic
=== NAME  TestTscNamespaceDeclarationShapes/JsxNames
    namespaces_shapes_test.go:46: declaration shape lowers
=== NAME  TestTscNamespaceDeclarationShapes/ReactNames
    namespaces_shapes_test.go:46: declaration shape lowers
--- PASS: TestTscNamespaceDeclarationShapes (0.18s)
    --- PASS: TestTscNamespaceDeclarationShapes/Debug.log (0.07s)
    --- PASS: TestTscNamespaceDeclarationShapes/BuilderState (0.11s)
    --- PASS: TestTscNamespaceDeclarationShapes/BinaryExpressionState (0.06s)
    --- PASS: TestTscNamespaceDeclarationShapes/tracingEnabled (0.08s)
    --- PASS: TestTscNamespaceDeclarationShapes/IncrementalParser (0.13s)
    --- PASS: TestTscNamespaceDeclarationShapes/Parser.JSDocParser (0.09s)
    --- PASS: TestTscNamespaceDeclarationShapes/Debug (0.10s)
    --- PASS: TestTscNamespaceDeclarationShapes/Parser (0.14s)
    --- PASS: TestTscNamespaceDeclarationShapes/JsxNames (0.12s)
    --- PASS: TestTscNamespaceDeclarationShapes/ReactNames (0.13s)
=== CONT  TestCallableNamespaceLimitsStayLoud/early
=== CONT  TestCallableNamespaceLimitsStayLoud/intrinsic_method
=== CONT  TestCallableNamespaceLimitsStayLoud/replacement
=== CONT  TestCallableNamespaceLimitsStayLoud/reflection
=== CONT  TestAMethodReadAsAValueIsRefused/held_in_a_variable
=== CONT  TestAMethodReadAsAValueIsRefused/an_array's_method
--- PASS: TestDebugNamespaceMergedCapabilities (0.00s)
    --- PASS: TestDebugNamespaceMergedCapabilities/class_merge.a (0.09s)
    --- PASS: TestDebugNamespaceMergedCapabilities/debug_log.a (0.41s)
    --- PASS: TestDebugNamespaceMergedCapabilities/debug_class.a (0.51s)
=== CONT  TestAMethodReadAsAValueIsRefused/not_a_field_holding_a_function
=== CONT  TestAMethodReadAsAValueIsRefused/not_called_in_an_arrow
--- PASS: TestCallableNamespaceLimitsStayLoud (0.00s)
    --- PASS: TestCallableNamespaceLimitsStayLoud/intrinsic_method (0.05s)
    --- PASS: TestCallableNamespaceLimitsStayLoud/intrinsic (0.08s)
    --- PASS: TestCallableNamespaceLimitsStayLoud/escape (0.11s)
    --- PASS: TestCallableNamespaceLimitsStayLoud/early (0.10s)
    --- PASS: TestCallableNamespaceLimitsStayLoud/replacement (0.09s)
    --- PASS: TestCallableNamespaceLimitsStayLoud/reflection (0.09s)
=== CONT  TestAMethodReadAsAValueIsRefused/not_called_through_parentheses
=== CONT  TestAMethodReadAsAValueIsRefused/not_called_on_its_object
=== CONT  TestAMethodReadAsAValueIsRefused/read_through_this
=== CONT  TestAMethodReadAsAValueIsRefused/an_interface's_method
=== CONT  TestAMethodReadAsAValueIsRefused/in_parentheses
=== CONT  TestAMethodReadAsAValueIsRefused/passed_as_a_callback
=== CONT  TestATupleSeenAsAnArrayIsNotYet/an_initializer
=== CONT  TestATupleSeenAsAnArrayIsNotYet/an_arrow's_body
=== CONT  TestATupleSeenAsAnArrayIsNotYet/an_array_method_called_on_a_tuple
=== CONT  TestATupleSeenAsAnArrayIsNotYet/a_function_returning_a_tuple_seen_as_returning_an_array
=== CONT  TestATupleSeenAsAnArrayIsNotYet/a_tuple_field_seen_as_an_array_field
--- PASS: TestAMethodReadAsAValueIsRefused (0.01s)
    --- PASS: TestAMethodReadAsAValueIsRefused/held_in_a_variable (0.10s)
    --- PASS: TestAMethodReadAsAValueIsRefused/an_array's_method (0.08s)
    --- PASS: TestAMethodReadAsAValueIsRefused/read_through_this (0.13s)
    --- PASS: TestAMethodReadAsAValueIsRefused/an_interface's_method (0.06s)
    --- PASS: TestAMethodReadAsAValueIsRefused/not_a_field_holding_a_function (0.30s)
    --- PASS: TestAMethodReadAsAValueIsRefused/in_parentheses (0.15s)
    --- PASS: TestAMethodReadAsAValueIsRefused/passed_as_a_callback (0.10s)
    --- PASS: TestAMethodReadAsAValueIsRefused/not_called_in_an_arrow (0.41s)
    --- PASS: TestAMethodReadAsAValueIsRefused/not_called_on_its_object (0.48s)
    --- PASS: TestAMethodReadAsAValueIsRefused/not_called_through_parentheses (0.51s)
=== CONT  TestATupleSeenAsAnArrayIsNotYet/an_array_of_tuples_seen_as_an_array_of_arrays
=== CONT  TestATupleSeenAsAnArrayIsNotYet/a_slot_that_may_be_undefined
=== CONT  TestATupleSeenAsAnArrayIsNotYet/a_map's_value
=== CONT  TestATupleSeenAsAnArrayIsNotYet/a_return
=== CONT  TestATupleSeenAsAnArrayIsNotYet/an_element
=== CONT  TestATupleSeenAsAnArrayIsNotYet/a_field
=== CONT  TestATupleSeenAsAnArrayIsNotYet/an_assignment
=== CONT  TestATupleSeenAsAnArrayIsNotYet/an_argument
=== CONT  TestATupleSeenAsAnArrayIsNotYet/a_cast_literal
=== CONT  TestAViewThatCantWriteIsNotRefused/a_destructuring_declaration_of_a_readonly_field
=== CONT  TestAViewThatCantWriteIsNotRefused/a_copy_made_by_filter
=== CONT  TestAViewThatCantWriteIsNotRefused/an_intersection_seen_as_itself
--- PASS: TestATupleSeenAsAnArrayIsNotYet (0.00s)
    --- PASS: TestATupleSeenAsAnArrayIsNotYet/an_initializer (0.12s)
    --- PASS: TestATupleSeenAsAnArrayIsNotYet/an_arrow's_body (0.14s)
    --- PASS: TestATupleSeenAsAnArrayIsNotYet/a_tuple_field_seen_as_an_array_field (0.15s)
    --- PASS: TestATupleSeenAsAnArrayIsNotYet/a_slot_that_may_be_undefined (0.15s)
    --- PASS: TestATupleSeenAsAnArrayIsNotYet/an_array_method_called_on_a_tuple (0.26s)
    --- PASS: TestATupleSeenAsAnArrayIsNotYet/a_function_returning_a_tuple_seen_as_returning_an_array (0.21s)
    --- PASS: TestATupleSeenAsAnArrayIsNotYet/a_return (0.15s)
    --- PASS: TestATupleSeenAsAnArrayIsNotYet/an_element (0.15s)
    --- PASS: TestATupleSeenAsAnArrayIsNotYet/a_map's_value (0.16s)
    --- PASS: TestATupleSeenAsAnArrayIsNotYet/an_array_of_tuples_seen_as_an_array_of_arrays (0.31s)
    --- PASS: TestATupleSeenAsAnArrayIsNotYet/a_field (0.13s)
    --- PASS: TestATupleSeenAsAnArrayIsNotYet/an_assignment (0.17s)
    --- PASS: TestATupleSeenAsAnArrayIsNotYet/a_cast_literal (0.17s)
    --- PASS: TestATupleSeenAsAnArrayIsNotYet/an_argument (0.18s)
=== CONT  TestAViewThatCantWriteIsNotRefused/a_method_returning_the_same_type
=== CONT  TestAViewThatCantWriteIsNotRefused/a_class_seen_as_itself
=== CONT  TestAViewThatCantWriteIsNotRefused/a_destructuring_with_no_type
=== CONT  TestAViewThatCantWriteIsNotRefused/a_shorthand_property_that_can't_write
=== CONT  TestAViewThatCantWriteIsNotRefused/a_union_target_that_can't_write
=== CONT  TestAViewThatCantWriteIsNotRefused/a_new_Map
=== CONT  TestAViewThatCantWriteIsNotRefused/a_new_Map_passed
=== CONT  TestAViewThatCantWriteIsNotRefused/a_conditional_of_fresh_copies
=== CONT  TestAViewThatCantWriteIsNotRefused/a_Map_made_from_pairs
=== CONT  TestAViewThatCantWriteIsNotRefused/a_conditional_of_fresh_arrays
=== CONT  TestAViewThatCantWriteIsNotRefused/a_readonly_field_seen_as_a_readonly_field
=== CONT  TestAViewThatCantWriteIsNotRefused/a_copy_made_by_map
=== CONT  TestAViewThatCantWriteIsNotRefused/a_copy_made_by_slice
=== CONT  TestAViewThatCantWriteIsNotRefused/a_readonly_field_copied_into_a_writable_one
=== CONT  TestAViewThatCantWriteIsNotRefused/a_readonly_field_seen_as_its_own_type
=== CONT  TestAViewThatCantWriteIsNotRefused/a_writable_field_seen_as_a_readonly_one
=== CONT  TestAViewThatCantWriteIsNotRefused/a_type_parameter_as_itself
=== CONT  TestAViewThatCantWriteIsNotRefused/an_intersection's_array_seen_as_a_readonly_array_with_the_same_tag
=== CONT  TestAViewThatCantWriteIsNotRefused/a_type_parameter_narrowed_from_undefined,_as_itself
=== CONT  TestAViewThatCantWriteIsNotRefused/an_array_seen_as_a_readonly_wider_array
=== CONT  TestAViewThatCantWriteIsNotRefused/a_readonly_field_seen_wider
=== CONT  TestAViewThatCantWriteIsNotRefused/a_destructuring_assignment's_elements_going_into_wider_names
=== CONT  TestAMutableLocationSeenWiderIsRefused/an_array_seen_as_a_wider_array
=== CONT  TestWhatZeroOneRefusesIsRefusedWithAFix/var
=== CONT  TestAMutableLocationSeenWiderIsRefused/a_destructuring_assignment's_element_seen_wider_inside_a_readonly_array
=== CONT  TestAMutableLocationSeenWiderIsRefused/a_destructuring_assignment's_element_seen_wider
=== CONT  TestAMutableLocationSeenWiderIsRefused/an_intersection's_array_seen_as_a_plain_array
=== CONT  TestAMutableLocationSeenWiderIsRefused/an_annotated_destructuring
=== CONT  TestAMutableLocationSeenWiderIsRefused/a_fresh_copy's_elements_seen_wider
=== CONT  TestAMutableLocationSeenWiderIsRefused/a_plain_object_seen_as_a_class
=== CONT  TestAMutableLocationSeenWiderIsRefused/a_class_target
=== CONT  TestAMutableLocationSeenWiderIsRefused/a_tuple's_later_element
--- PASS: TestAViewThatCantWriteIsNotRefused (0.00s)
    --- PASS: TestAViewThatCantWriteIsNotRefused/an_intersection_seen_as_itself (0.09s)
    --- PASS: TestAViewThatCantWriteIsNotRefused/a_destructuring_declaration_of_a_readonly_field (0.55s)
    --- PASS: TestAViewThatCantWriteIsNotRefused/a_copy_made_by_filter (0.61s)
    --- PASS: TestAViewThatCantWriteIsNotRefused/a_method_returning_the_same_type (0.48s)
    --- PASS: TestAViewThatCantWriteIsNotRefused/a_class_seen_as_itself (0.61s)
    --- PASS: TestAViewThatCantWriteIsNotRefused/a_destructuring_with_no_type (0.55s)
    --- PASS: TestAViewThatCantWriteIsNotRefused/a_shorthand_property_that_can't_write (0.42s)
    --- PASS: TestAViewThatCantWriteIsNotRefused/a_new_Map (0.42s)
    --- PASS: TestAViewThatCantWriteIsNotRefused/a_union_target_that_can't_write (0.47s)
    --- PASS: TestAViewThatCantWriteIsNotRefused/a_conditional_of_fresh_copies (0.47s)
    --- PASS: TestAViewThatCantWriteIsNotRefused/a_new_Map_passed (0.56s)
    --- PASS: TestAViewThatCantWriteIsNotRefused/a_Map_made_from_pairs (0.49s)
    --- PASS: TestAViewThatCantWriteIsNotRefused/a_conditional_of_fresh_arrays (0.40s)
    --- PASS: TestAViewThatCantWriteIsNotRefused/a_readonly_field_seen_as_a_readonly_field (0.49s)
    --- PASS: TestAViewThatCantWriteIsNotRefused/a_copy_made_by_map (0.46s)
    --- PASS: TestAViewThatCantWriteIsNotRefused/a_type_parameter_as_itself (0.11s)
    --- PASS: TestAViewThatCantWriteIsNotRefused/an_intersection's_array_seen_as_a_readonly_array_with_the_same_tag (0.04s)
    --- PASS: TestAViewThatCantWriteIsNotRefused/a_copy_made_by_slice (0.54s)
    --- PASS: TestAViewThatCantWriteIsNotRefused/a_readonly_field_copied_into_a_writable_one (0.54s)
    --- PASS: TestAViewThatCantWriteIsNotRefused/a_type_parameter_narrowed_from_undefined,_as_itself (0.15s)
    --- PASS: TestAViewThatCantWriteIsNotRefused/a_readonly_field_seen_as_its_own_type (0.58s)
    --- PASS: TestAViewThatCantWriteIsNotRefused/a_writable_field_seen_as_a_readonly_one (0.51s)
    --- PASS: TestAViewThatCantWriteIsNotRefused/an_array_seen_as_a_readonly_wider_array (0.58s)
    --- PASS: TestAViewThatCantWriteIsNotRefused/a_readonly_field_seen_wider (0.54s)
    --- PASS: TestAViewThatCantWriteIsNotRefused/a_destructuring_assignment's_elements_going_into_wider_names (0.51s)
=== CONT  TestAMutableLocationSeenWiderIsRefused/a_method's_parameter,_bivariant_in_tsc
=== CONT  TestAMutableLocationSeenWiderIsRefused/a_method's_return
=== CONT  TestAMutableLocationSeenWiderIsRefused/a_return_tsc_reduced_to_the_wider
=== CONT  TestAMutableLocationSeenWiderIsRefused/a_literal's_element_tsc_reduced_to_the_wider
=== CONT  TestAMutableLocationSeenWiderIsRefused/a_conditional_tsc_reduced_to_the_wider_branch
=== CONT  TestAMutableLocationSeenWiderIsRefused/a_union_source
=== CONT  TestAMutableLocationSeenWiderIsRefused/a_union_target
=== CONT  TestAMutableLocationSeenWiderIsRefused/an_as
=== CONT  TestAMutableLocationSeenWiderIsRefused/an_object_spread
=== CONT  TestAMutableLocationSeenWiderIsRefused/a_class_field's_initializer
=== CONT  TestAMutableLocationSeenWiderIsRefused/a_parameter's_default
=== CONT  TestAMutableLocationSeenWiderIsRefused/a_shorthand_property
=== CONT  TestAMutableLocationSeenWiderIsRefused/a_readonly_field_of_a_primitive_turned_writable
=== CONT  TestAMutableLocationSeenWiderIsRefused/a_readonly_field_turned_writable_inside_a_readonly_array
=== CONT  TestAMutableLocationSeenWiderIsRefused/a_readonly_array_field_turned_writable
=== CONT  TestAMutableLocationSeenWiderIsRefused/a_readonly_field_made_writable_by_a_mapped_type
=== CONT  TestAMutableLocationSeenWiderIsRefused/a_readonly_field_turned_back_into_a_writable_one
=== CONT  TestAMutableLocationSeenWiderIsRefused/an_object_seen_with_a_mutable_field_weak_in_one_view_only
=== CONT  TestAMutableLocationSeenWiderIsRefused/an_array_of_targets_seen_as_an_array_of_Weak
=== CONT  TestAMutableLocationSeenWiderIsRefused/an_intersection's_array_seen_as_an_intersection's
=== CONT  TestAMutableLocationSeenWiderIsRefused/a_type_parameter_whose_constraint_is_narrower,_seen_as_the_wider_array
=== CONT  TestAMutableLocationSeenWiderIsRefused/a_type_parameter's_constraint_behind_a_readonly_property
=== CONT  TestAMutableLocationSeenWiderIsRefused/an_inferred_type_argument_makes_a_generic_write_unsafe
=== CONT  TestAMutableLocationSeenWiderIsRefused/an_explicit_type_argument_widens_a_mutable_parameter
=== CONT  TestAMutableLocationSeenWiderIsRefused/a_type_parameter's_constraint:_a_Narrow_into_a_Pack_slot
=== CONT  TestAMutableLocationSeenWiderIsRefused/an_array_of_arrays_seen_wider_behind_readonly
=== CONT  TestAMutableLocationSeenWiderIsRefused/a_function_seen_as_taking_a_narrower_array
=== CONT  TestAMutableLocationSeenWiderIsRefused/a_map's_values_seen_wider,_passed
=== CONT  TestAMutableLocationSeenWiderIsRefused/a_mutable_field_seen_as_a_wider_field
=== CONT  TestWhatStageZeroCannotLowerIsRefusedWithWhereAndWhat/a_class_inside_a_function
=== CONT  TestWhatZeroOneRefusesIsRefusedWithAFix/an_unchecked_cast
=== CONT  TestWhatZeroOneRefusesIsRefusedWithAFix/this.method_read_as_a_value
=== CONT  TestWhatZeroOneRefusesIsRefusedWithAFix/a_method_read_off_its_object
=== CONT  TestWhatZeroOneRefusesIsRefusedWithAFix/Math.random,_not_called
--- PASS: TestAMutableLocationSeenWiderIsRefused (0.00s)
    --- PASS: TestAMutableLocationSeenWiderIsRefused/an_array_seen_as_a_wider_array (0.12s)
    --- PASS: TestAMutableLocationSeenWiderIsRefused/a_destructuring_assignment's_element_seen_wider_inside_a_readonly_array (0.09s)
    --- PASS: TestAMutableLocationSeenWiderIsRefused/a_destructuring_assignment's_element_seen_wider (0.04s)
    --- PASS: TestAMutableLocationSeenWiderIsRefused/an_intersection's_array_seen_as_a_plain_array (0.17s)
    --- PASS: TestAMutableLocationSeenWiderIsRefused/an_annotated_destructuring (0.14s)
    --- PASS: TestAMutableLocationSeenWiderIsRefused/a_fresh_copy's_elements_seen_wider (0.11s)
    --- PASS: TestAMutableLocationSeenWiderIsRefused/a_plain_object_seen_as_a_class (0.11s)
    --- PASS: TestAMutableLocationSeenWiderIsRefused/a_class_target (0.09s)
    --- PASS: TestAMutableLocationSeenWiderIsRefused/a_return_tsc_reduced_to_the_wider (0.11s)
    --- PASS: TestAMutableLocationSeenWiderIsRefused/a_method's_return (0.16s)
    --- PASS: TestAMutableLocationSeenWiderIsRefused/a_tuple's_later_element (0.20s)
    --- PASS: TestAMutableLocationSeenWiderIsRefused/a_method's_parameter,_bivariant_in_tsc (0.22s)
    --- PASS: TestAMutableLocationSeenWiderIsRefused/a_literal's_element_tsc_reduced_to_the_wider (0.22s)
    --- PASS: TestAMutableLocationSeenWiderIsRefused/a_union_source (0.10s)
    --- PASS: TestAMutableLocationSeenWiderIsRefused/a_conditional_tsc_reduced_to_the_wider_branch (0.19s)
    --- PASS: TestAMutableLocationSeenWiderIsRefused/a_union_target (0.11s)
    --- PASS: TestAMutableLocationSeenWiderIsRefused/an_as (0.18s)
    --- PASS: TestAMutableLocationSeenWiderIsRefused/an_object_spread (0.16s)
    --- PASS: TestAMutableLocationSeenWiderIsRefused/a_class_field's_initializer (0.16s)
    --- PASS: TestAMutableLocationSeenWiderIsRefused/a_shorthand_property (0.13s)
    --- PASS: TestAMutableLocationSeenWiderIsRefused/a_readonly_field_turned_writable_inside_a_readonly_array (0.12s)
    --- PASS: TestAMutableLocationSeenWiderIsRefused/a_parameter's_default (0.24s)
    --- PASS: TestAMutableLocationSeenWiderIsRefused/a_readonly_array_field_turned_writable (0.13s)
    --- PASS: TestAMutableLocationSeenWiderIsRefused/a_readonly_field_of_a_primitive_turned_writable (0.15s)
    --- PASS: TestAMutableLocationSeenWiderIsRefused/a_readonly_field_turned_back_into_a_writable_one (0.10s)
    --- PASS: TestAMutableLocationSeenWiderIsRefused/a_readonly_field_made_writable_by_a_mapped_type (0.22s)
    --- PASS: TestAMutableLocationSeenWiderIsRefused/an_object_seen_with_a_mutable_field_weak_in_one_view_only (0.16s)
    --- PASS: TestAMutableLocationSeenWiderIsRefused/an_array_of_targets_seen_as_an_array_of_Weak (0.16s)
    --- PASS: TestAMutableLocationSeenWiderIsRefused/a_type_parameter_whose_constraint_is_narrower,_seen_as_the_wider_array (0.08s)
    --- PASS: TestAMutableLocationSeenWiderIsRefused/a_type_parameter's_constraint_behind_a_readonly_property (0.09s)
    --- PASS: TestAMutableLocationSeenWiderIsRefused/an_intersection's_array_seen_as_an_intersection's (0.21s)
    --- PASS: TestAMutableLocationSeenWiderIsRefused/a_function_seen_as_taking_a_narrower_array (0.07s)
    --- PASS: TestAMutableLocationSeenWiderIsRefused/a_type_parameter's_constraint:_a_Narrow_into_a_Pack_slot (0.12s)
    --- PASS: TestAMutableLocationSeenWiderIsRefused/an_explicit_type_argument_widens_a_mutable_parameter (0.13s)
    --- PASS: TestAMutableLocationSeenWiderIsRefused/an_array_of_arrays_seen_wider_behind_readonly (0.15s)
    --- PASS: TestAMutableLocationSeenWiderIsRefused/an_inferred_type_argument_makes_a_generic_write_unsafe (0.21s)
    --- PASS: TestAMutableLocationSeenWiderIsRefused/a_map's_values_seen_wider,_passed (0.15s)
    --- PASS: TestAMutableLocationSeenWiderIsRefused/a_mutable_field_seen_as_a_wider_field (0.18s)
=== CONT  TestWhatZeroOneRefusesIsRefusedWithAFix/Math.random
=== CONT  TestWhatZeroOneRefusesIsRefusedWithAFix/reduce_without_an_initial_value
=== CONT  TestWhatZeroOneRefusesIsRefusedWithAFix/a_generic_cell_holding_a_function_that_captures_it
=== CONT  TestWhatZeroOneRefusesIsRefusedWithAFix/a_cycle_a_generic_class_makes_but_never_names
=== CONT  TestWhatZeroOneRefusesIsRefusedWithAFix/a_cycle_only_a_later_instantiation_closes
=== CONT  TestWhatZeroOneRefusesIsRefusedWithAFix/a_cycle_through_a_subtype
=== CONT  TestWhatZeroOneRefusesIsRefusedWithAFix/a_map_of_sets_that_reach_back
=== CONT  TestWhatZeroOneRefusesIsRefusedWithAFix/a_set_whose_elements_reach_back
=== CONT  TestWhatZeroOneRefusesIsRefusedWithAFix/a_map_whose_keys_reach_back
=== CONT  TestWhatZeroOneRefusesIsRefusedWithAFix/a_map_whose_values_reach_back
=== CONT  TestWhatZeroOneRefusesIsRefusedWithAFix/a_callback_that_captures_what_holds_it
=== CONT  TestWhatZeroOneRefusesIsRefusedWithAFix/a_mutable_array_of_children
=== CONT  TestWhatZeroOneRefusesIsRefusedWithAFix/a_closure_in_a_cell_it_captures
=== CONT  TestWhatZeroOneRefusesIsRefusedWithAFix/a_doubly_linked_list_with_a_strong_next
=== CONT  TestWhatZeroOneRefusesIsRefusedWithAFix/a_parent_pointer_not_declared_weak
=== CONT  TestWhatZeroOneRefusesIsRefusedWithAFix/Array.from's_undefined_typed_as_a_number
=== CONT  TestWhatZeroOneRefusesIsRefusedWithAFix/a_filter_that_decides_by_truthiness
=== CONT  TestWhatZeroOneRefusesIsRefusedWithAFix/a_constructor_storing_this,_a_field_set_only_in_a_branch
=== CONT  TestWhatZeroOneRefusesIsRefusedWithAFix/a_constructor_storing_this_before_its_fields_are_set
=== CONT  TestWhatZeroOneRefusesIsRefusedWithAFix/a_constructor_handing_this_out_before_its_fields_are_set_(R's_early_this)
=== CONT  TestWhatZeroOneRefusesIsRefusedWithAFix/a_constructor_calling_a_method_before_its_fields_are_set_(R2's,_and_R's_half_built)
=== CONT  TestWhatZeroOneRefusesIsRefusedWithAFix/delete
=== CONT  TestWhatZeroOneRefusesIsRefusedWithAFix/==
=== CONT  TestWhatZeroOneRefusesIsRefusedWithAFix/!
=== CONT  TestWhatZeroOneRefusesIsRefusedWithAFix/async
=== CONT  TestWhatStageZeroCannotLowerIsRefusedWithWhereAndWhat/a_template_interpolating_an_object
=== CONT  TestWhatStageZeroCannotLowerIsRefusedWithWhereAndWhat/a_spread_seen_with_a_field_weak_in_one_view_only
=== CONT  TestWhatStageZeroCannotLowerIsRefusedWithWhereAndWhat/a_function_seen_with_a_result_weak_in_one_view_only
=== CONT  TestWhatStageZeroCannotLowerIsRefusedWithWhereAndWhat/a_function_seen_with_a_parameter_weak_in_one_view_only
=== CONT  TestWhatStageZeroCannotLowerIsRefusedWithWhereAndWhat/an_object_seen_with_a_field_weak_in_one_view_only
--- PASS: TestWhatZeroOneRefusesIsRefusedWithAFix (0.00s)
    --- PASS: TestWhatZeroOneRefusesIsRefusedWithAFix/var (0.16s)
    --- PASS: TestWhatZeroOneRefusesIsRefusedWithAFix/an_unchecked_cast (0.06s)
    --- PASS: TestWhatZeroOneRefusesIsRefusedWithAFix/this.method_read_as_a_value (0.13s)
    --- PASS: TestWhatZeroOneRefusesIsRefusedWithAFix/a_method_read_off_its_object (0.19s)
    --- PASS: TestWhatZeroOneRefusesIsRefusedWithAFix/reduce_without_an_initial_value (0.12s)
    --- PASS: TestWhatZeroOneRefusesIsRefusedWithAFix/Math.random (0.13s)
    --- PASS: TestWhatZeroOneRefusesIsRefusedWithAFix/Math.random,_not_called (0.18s)
    --- PASS: TestWhatZeroOneRefusesIsRefusedWithAFix/a_generic_cell_holding_a_function_that_captures_it (0.18s)
    --- PASS: TestWhatZeroOneRefusesIsRefusedWithAFix/a_cycle_only_a_later_instantiation_closes (0.20s)
    --- PASS: TestWhatZeroOneRefusesIsRefusedWithAFix/a_cycle_a_generic_class_makes_but_never_names (0.21s)
    --- PASS: TestWhatZeroOneRefusesIsRefusedWithAFix/a_cycle_through_a_subtype (0.21s)
    --- PASS: TestWhatZeroOneRefusesIsRefusedWithAFix/a_map_of_sets_that_reach_back (0.27s)
    --- PASS: TestWhatZeroOneRefusesIsRefusedWithAFix/a_set_whose_elements_reach_back (0.24s)
    --- PASS: TestWhatZeroOneRefusesIsRefusedWithAFix/a_map_whose_keys_reach_back (0.13s)
    --- PASS: TestWhatZeroOneRefusesIsRefusedWithAFix/a_map_whose_values_reach_back (0.15s)
    --- PASS: TestWhatZeroOneRefusesIsRefusedWithAFix/a_callback_that_captures_what_holds_it (0.19s)
    --- PASS: TestWhatZeroOneRefusesIsRefusedWithAFix/a_closure_in_a_cell_it_captures (0.14s)
    --- PASS: TestWhatZeroOneRefusesIsRefusedWithAFix/a_mutable_array_of_children (0.17s)
    --- PASS: TestWhatZeroOneRefusesIsRefusedWithAFix/a_parent_pointer_not_declared_weak (0.13s)
    --- PASS: TestWhatZeroOneRefusesIsRefusedWithAFix/a_filter_that_decides_by_truthiness (0.13s)
    --- PASS: TestWhatZeroOneRefusesIsRefusedWithAFix/a_doubly_linked_list_with_a_strong_next (0.26s)
    --- PASS: TestWhatZeroOneRefusesIsRefusedWithAFix/Array.from's_undefined_typed_as_a_number (0.19s)
    --- PASS: TestWhatZeroOneRefusesIsRefusedWithAFix/a_constructor_storing_this,_a_field_set_only_in_a_branch (0.14s)
    --- PASS: TestWhatZeroOneRefusesIsRefusedWithAFix/delete (0.09s)
    --- PASS: TestWhatZeroOneRefusesIsRefusedWithAFix/a_constructor_handing_this_out_before_its_fields_are_set_(R's_early_this) (0.12s)
    --- PASS: TestWhatZeroOneRefusesIsRefusedWithAFix/a_constructor_calling_a_method_before_its_fields_are_set_(R2's,_and_R's_half_built) (0.13s)
    --- PASS: TestWhatZeroOneRefusesIsRefusedWithAFix/a_constructor_storing_this_before_its_fields_are_set (0.28s)
    --- PASS: TestWhatZeroOneRefusesIsRefusedWithAFix/== (0.24s)
    --- PASS: TestWhatZeroOneRefusesIsRefusedWithAFix/! (0.18s)
    --- PASS: TestWhatZeroOneRefusesIsRefusedWithAFix/async (0.20s)
=== CONT  TestWhatStageZeroCannotLowerIsRefusedWithWhereAndWhat/a_generic_function_as_a_value
=== CONT  TestWhatStageZeroCannotLowerIsRefusedWithWhereAndWhat/a_callback_taking_arrays_given_tuples
=== CONT  TestWhatStageZeroCannotLowerIsRefusedWithWhereAndWhat/tuples_where_arrays_of_arrays_go
=== CONT  TestWhatStageZeroCannotLowerIsRefusedWithWhereAndWhat/a_tuple_given_to_a_function_value_taking_an_array
=== CONT  TestWhatStageZeroCannotLowerIsRefusedWithWhereAndWhat/a_tuple_passed_where_an_array_goes
=== CONT  TestWhatStageZeroCannotLowerIsRefusedWithWhereAndWhat/a_function_value_capturing_what_it_initializes
=== CONT  TestWhatStageZeroCannotLowerIsRefusedWithWhereAndWhat/an_array_of_targets_seen_as_an_array_of_Weak
=== CONT  TestWhatStageZeroCannotLowerIsRefusedWithWhereAndWhat/a_template_of_a_union_with_an_object
=== CONT  TestWhatStageZeroCannotLowerIsRefusedWithWhereAndWhat/a_class_field_of_a_union
=== CONT  TestWhatStageZeroCannotLowerIsRefusedWithWhereAndWhat/a_captured_boolean_|_undefined
=== CONT  TestWhatStageZeroCannotLowerIsRefusedWithWhereAndWhat/an_array_of_boolean_|_undefined
=== CONT  TestWhatStageZeroCannotLowerIsRefusedWithWhereAndWhat/assigning_Array.from's_undefined
=== CONT  TestWhatStageZeroCannotLowerIsRefusedWithWhereAndWhat/Array.from_with_a_named_callback
=== CONT  TestWhatStageZeroCannotLowerIsRefusedWithWhereAndWhat/Array.from_without_a_callback
=== CONT  TestWhatStageZeroCannotLowerIsRefusedWithWhereAndWhat/Array.from_of_an_array
=== CONT  TestWhatStageZeroCannotLowerIsRefusedWithWhereAndWhat/an_arrow_returning_never
=== CONT  TestWhatStageZeroCannotLowerIsRefusedWithWhereAndWhat/concat_on_an_array_of_arrays
=== CONT  TestWhatStageZeroCannotLowerIsRefusedWithWhereAndWhat/join_on_an_array_of_functions
=== CONT  TestLibraryStringRefusals/detached
=== CONT  TestLibraryStringRefusals/collation
=== CONT  TestLibraryStringRefusals/raw_wider_view
=== CONT  TestLibraryStringRefusals/first_class_constructor
--- PASS: TestWhatStageZeroCannotLowerIsRefusedWithWhereAndWhat (0.00s)
    --- PASS: TestWhatStageZeroCannotLowerIsRefusedWithWhereAndWhat/a_class_inside_a_function (0.18s)
    --- PASS: TestWhatStageZeroCannotLowerIsRefusedWithWhereAndWhat/a_template_interpolating_an_object (0.15s)
    --- PASS: TestWhatStageZeroCannotLowerIsRefusedWithWhereAndWhat/a_spread_seen_with_a_field_weak_in_one_view_only (0.25s)
    --- PASS: TestWhatStageZeroCannotLowerIsRefusedWithWhereAndWhat/a_generic_function_as_a_value (0.20s)
    --- PASS: TestWhatStageZeroCannotLowerIsRefusedWithWhereAndWhat/a_function_seen_with_a_parameter_weak_in_one_view_only (0.25s)
    --- PASS: TestWhatStageZeroCannotLowerIsRefusedWithWhereAndWhat/an_object_seen_with_a_field_weak_in_one_view_only (0.28s)
    --- PASS: TestWhatStageZeroCannotLowerIsRefusedWithWhereAndWhat/a_function_seen_with_a_result_weak_in_one_view_only (0.31s)
    --- PASS: TestWhatStageZeroCannotLowerIsRefusedWithWhereAndWhat/a_callback_taking_arrays_given_tuples (0.24s)
    --- PASS: TestWhatStageZeroCannotLowerIsRefusedWithWhereAndWhat/tuples_where_arrays_of_arrays_go (0.20s)
    --- PASS: TestWhatStageZeroCannotLowerIsRefusedWithWhereAndWhat/a_tuple_passed_where_an_array_goes (0.22s)
    --- PASS: TestWhatStageZeroCannotLowerIsRefusedWithWhereAndWhat/a_function_value_capturing_what_it_initializes (0.23s)
    --- PASS: TestWhatStageZeroCannotLowerIsRefusedWithWhereAndWhat/an_array_of_targets_seen_as_an_array_of_Weak (0.18s)
    --- PASS: TestWhatStageZeroCannotLowerIsRefusedWithWhereAndWhat/a_tuple_given_to_a_function_value_taking_an_array (0.36s)
    --- PASS: TestWhatStageZeroCannotLowerIsRefusedWithWhereAndWhat/a_template_of_a_union_with_an_object (0.16s)
    --- PASS: TestWhatStageZeroCannotLowerIsRefusedWithWhereAndWhat/a_class_field_of_a_union (0.15s)
    --- PASS: TestWhatStageZeroCannotLowerIsRefusedWithWhereAndWhat/a_captured_boolean_|_undefined (0.16s)
    --- PASS: TestWhatStageZeroCannotLowerIsRefusedWithWhereAndWhat/assigning_Array.from's_undefined (0.11s)
    --- PASS: TestWhatStageZeroCannotLowerIsRefusedWithWhereAndWhat/Array.from_with_a_named_callback (0.10s)
    --- PASS: TestWhatStageZeroCannotLowerIsRefusedWithWhereAndWhat/an_array_of_boolean_|_undefined (0.15s)
    --- PASS: TestWhatStageZeroCannotLowerIsRefusedWithWhereAndWhat/Array.from_without_a_callback (0.17s)
    --- PASS: TestWhatStageZeroCannotLowerIsRefusedWithWhereAndWhat/an_arrow_returning_never (0.13s)
    --- PASS: TestWhatStageZeroCannotLowerIsRefusedWithWhereAndWhat/concat_on_an_array_of_arrays (0.13s)
    --- PASS: TestWhatStageZeroCannotLowerIsRefusedWithWhereAndWhat/Array.from_of_an_array (0.18s)
    --- PASS: TestWhatStageZeroCannotLowerIsRefusedWithWhereAndWhat/join_on_an_array_of_functions (0.20s)
=== CONT  TestLibraryStringRefusals/loose_inequality
=== CONT  TestLibraryStringRefusals/String_internal_slot
=== CONT  TestLibraryStringRefusals/object_conversion
=== CONT  TestLibraryStringRefusals/undefined_receiver
=== CONT  TestLibraryStringRefusals/null_receiver
=== CONT  TestObjectUnprovenShapesStayNotYet/Object.assign({value:1},_{extra:2});
=== CONT  TestObjectUnprovenShapesStayNotYet/function_own(object:{value?:number}):boolean_{_return_Object.hasOwn(object,'value');_}
=== CONT  TestObjectUnprovenShapesStayNotYet/Object.groupBy([1,2],_(value:number):string_=>_value===1_?_'one'_:_'other');
=== CONT  TestObjectUnprovenShapesStayNotYet/function_keys(source:{value:number}|undefined):string[]_{_return_Object.keys({...source});_}
=== CONT  TestObjectRefusalsExplainSoundness/property_descriptorsObject.defineProperty({value:1},_'value',_{value:'wrong'});
--- PASS: TestLibraryStringRefusals (0.00s)
    --- PASS: TestLibraryStringRefusals/detached (0.12s)
    --- PASS: TestLibraryStringRefusals/collation (0.16s)
    --- PASS: TestLibraryStringRefusals/first_class_constructor (0.16s)
    --- PASS: TestLibraryStringRefusals/loose_inequality (0.13s)
    --- PASS: TestLibraryStringRefusals/raw_wider_view (0.26s)
    --- PASS: TestLibraryStringRefusals/undefined_receiver (0.07s)
    --- PASS: TestLibraryStringRefusals/String_internal_slot (0.17s)
    --- PASS: TestLibraryStringRefusals/object_conversion (0.19s)
    --- PASS: TestLibraryStringRefusals/null_receiver (0.17s)
=== CONT  TestObjectRefusalsExplainSoundness/intersection_resultObject.assign({value:1},_{value:'wrong'});
=== CONT  TestObjectRefusalsExplainSoundness/declared_public_fieldObject.hasOwn({value:1},_'notDeclared');
=== CONT  TestObjectRefusalsExplainSoundness/homogeneousObject.entries({number:1,_text:'wrong'});
--- PASS: TestObjectUnprovenShapesStayNotYet (0.00s)
    --- PASS: TestObjectUnprovenShapesStayNotYet/function_own(object:{value?:number}):boolean_{_return_Object.hasOwn(object,'value');_} (0.12s)
    --- PASS: TestObjectUnprovenShapesStayNotYet/Object.groupBy([1,2],_(value:number):string_=>_value===1_?_'one'_:_'other'); (0.14s)
    --- PASS: TestObjectUnprovenShapesStayNotYet/Object.assign({value:1},_{extra:2}); (0.20s)
    --- PASS: TestObjectUnprovenShapesStayNotYet/function_keys(source:{value:number}|undefined):string[]_{_return_Object.keys({...source});_} (0.14s)
=== CONT  TestObjectRefusalsExplainSoundness/homogeneousObject.values({number:1,_text:'wrong'});
=== CONT  TestObjectRefusalsExplainSoundness/widened_sourceconst_source={value:1,_hidden:'wrong'};_const_view:{readonly_value:number}=source;_Object.assign({value:1},view);
=== CONT  TestObjectRefusalsExplainSoundness/result_is_anyObject.assign({value:1});
=== CONT  TestObjectRefusalsExplainSoundness/result_is_anyObject.assign({value:1},_{value:2},_{value:3},_{value:4},_{value:5});
=== CONT  TestObjectRefusalsExplainSoundness/prototypesObject.getPrototypeOf({value:1});
=== CONT  TestObjectRefusalsExplainSoundness/index-signatureObject.fromEntries([['key',_1]]);
=== CONT  TestObjectRefusalsExplainSoundness/prototypesObject.setPrototypeOf({value:1},_{});
=== CONT  TestObjectRefusalsExplainSoundness/property_descriptorsObject.getOwnPropertyDescriptor({value:1},_'value');
=== CONT  TestObjectRefusalsExplainSoundness/property_descriptorsObject.getOwnPropertyDescriptors({value:1});
=== CONT  TestObjectRefusalsExplainSoundness/property_descriptorsObject.defineProperties({value:1},_{value:{value:'wrong'}});
=== CONT  TestNodeLibraryNamesUnimplementedMembers/node:fs.copyFileSync
=== CONT  TestNodeLibraryNamesUnimplementedMembers/node:fs.readFile#01
=== CONT  TestNodeLibraryNamesUnimplementedMembers/node:path.sep
=== CONT  TestNodeLibraryNamesUnimplementedMembers/node:buffer.BufferConstructor.byteLength
--- PASS: TestObjectRefusalsExplainSoundness (0.00s)
    --- PASS: TestObjectRefusalsExplainSoundness/property_descriptorsObject.defineProperty({value:1},_'value',_{value:'wrong'}); (0.17s)
    --- PASS: TestObjectRefusalsExplainSoundness/homogeneousObject.entries({number:1,_text:'wrong'}); (0.12s)
    --- PASS: TestObjectRefusalsExplainSoundness/intersection_resultObject.assign({value:1},_{value:'wrong'}); (0.24s)
    --- PASS: TestObjectRefusalsExplainSoundness/declared_public_fieldObject.hasOwn({value:1},_'notDeclared'); (0.23s)
    --- PASS: TestObjectRefusalsExplainSoundness/result_is_anyObject.assign({value:1}); (0.09s)
    --- PASS: TestObjectRefusalsExplainSoundness/widened_sourceconst_source={value:1,_hidden:'wrong'};_const_view:{readonly_value:number}=source;_Object.assign({value:1},view); (0.12s)
    --- PASS: TestObjectRefusalsExplainSoundness/homogeneousObject.values({number:1,_text:'wrong'}); (0.26s)
    --- PASS: TestObjectRefusalsExplainSoundness/property_descriptorsObject.getOwnPropertyDescriptor({value:1},_'value'); (0.04s)
    --- PASS: TestObjectRefusalsExplainSoundness/prototypesObject.getPrototypeOf({value:1}); (0.15s)
    --- PASS: TestObjectRefusalsExplainSoundness/index-signatureObject.fromEntries([['key',_1]]); (0.13s)
    --- PASS: TestObjectRefusalsExplainSoundness/prototypesObject.setPrototypeOf({value:1},_{}); (0.20s)
    --- PASS: TestObjectRefusalsExplainSoundness/result_is_anyObject.assign({value:1},_{value:2},_{value:3},_{value:4},_{value:5}); (0.25s)
    --- PASS: TestObjectRefusalsExplainSoundness/property_descriptorsObject.defineProperties({value:1},_{value:{value:'wrong'}}); (0.18s)
    --- PASS: TestObjectRefusalsExplainSoundness/property_descriptorsObject.getOwnPropertyDescriptors({value:1}); (0.20s)
=== CONT  TestNodeLibraryNamesUnimplementedMembers/node:crypto.randomUUID
=== CONT  TestNodeLibraryNamesUnimplementedMembers/node:os.userInfo
=== CONT  TestNodeLibraryNamesUnimplementedMembers/node:path.toNamespacedPath
=== CONT  TestNodeLibraryNamesUnimplementedMembers/node:fs.readFile
=== CONT  TestNodeFSFileRefusesPinnedUnsupportedOverloads/readFileSync
=== CONT  TestNodeFSFileRefusesPinnedUnsupportedOverloads/readSync
=== CONT  TestNodeFSFileRefusesPinnedUnsupportedOverloads/writeFileSync
=== CONT  TestNodeFSFileRefusesPinnedUnsupportedOverloads/statSync
=== CONT  TestNodeFSFileRefusesPinnedUnsupportedOverloads/openSync
--- PASS: TestNodeLibraryNamesUnimplementedMembers (0.00s)
    --- PASS: TestNodeLibraryNamesUnimplementedMembers/node:fs.copyFileSync (1.48s)
    --- PASS: TestNodeLibraryNamesUnimplementedMembers/node:fs.readFile#01 (1.54s)
    --- PASS: TestNodeLibraryNamesUnimplementedMembers/node:crypto.randomUUID (1.56s)
    --- PASS: TestNodeLibraryNamesUnimplementedMembers/node:path.sep (1.75s)
    --- PASS: TestNodeLibraryNamesUnimplementedMembers/node:buffer.BufferConstructor.byteLength (1.79s)
    --- PASS: TestNodeLibraryNamesUnimplementedMembers/node:path.toNamespacedPath (1.36s)
    --- PASS: TestNodeLibraryNamesUnimplementedMembers/node:fs.readFile (1.25s)
    --- PASS: TestNodeLibraryNamesUnimplementedMembers/node:os.userInfo (1.77s)
=== CONT  TestNodeBufferRefusals/buffer_alloc
=== CONT  TestNodeBufferRefusals/encoding
=== CONT  TestNodeBufferRefusals/structural_hash_view
=== CONT  TestNodeBufferRefusals/typed_array_view
=== CONT  TestNodeBufferRefusals/detached
=== CONT  TestNodeBufferRefusals/digest
--- PASS: TestNodeFSFileRefusesPinnedUnsupportedOverloads (0.00s)
    --- PASS: TestNodeFSFileRefusesPinnedUnsupportedOverloads/readSync (1.25s)
    --- PASS: TestNodeFSFileRefusesPinnedUnsupportedOverloads/readFileSync (1.44s)
    --- PASS: TestNodeFSFileRefusesPinnedUnsupportedOverloads/openSync (1.18s)
    --- PASS: TestNodeFSFileRefusesPinnedUnsupportedOverloads/statSync (1.40s)
    --- PASS: TestNodeFSFileRefusesPinnedUnsupportedOverloads/writeFileSync (1.57s)
=== CONT  TestNodeBufferRefusals/algorithm
=== CONT  TestNodeBufferRefusals/crypto_random
=== CONT  TestNodeBufferRefusals/buffer_isUtf8
=== CONT  TestNodeBufferRefusals/crypto_constructor
=== CONT  TestNodeBufferRefusals/hash_inherited_read
=== CONT  TestNodeBufferRefusals/hash_copy
=== CONT  TestNodeBufferRefusals/buffer_read
=== CONT  TestLibraryMethodValueSafety/bind_absent_receiver
=== CONT  TestLibraryMethodValueSafety/unsupported_callback
=== CONT  TestLibraryMethodValueSafety/bind_arity
=== CONT  TestLibraryMethodValueSafety/apply_spread
=== CONT  TestLibraryMethodValueSafety/number_receiver
=== CONT  TestLibraryMethodValueSafety/opaque_return
=== CONT  TestLibraryMethodValueSafety/opaque_field
=== CONT  TestLibraryMethodValueSafety/mutable_alias
=== CONT  TestLibraryMethodValueSafety/array_element_erasure
=== CONT  TestLibraryMethodValueSafety/string_receiver
=== CONT  TestLibraryMethodValueSafety/call_spread
=== CONT  TestLibraryMethodValueSafety/opaque_shorthand
=== CONT  TestLibraryMethodValueSafety/absent_array
=== CONT  TestLibraryMethodValueSafety/opaque_identity
=== CONT  TestLibraryMethodValueBoundaries/unbound_Array
=== CONT  TestLibraryMethodValueBoundaries/outside_a_const_alias
=== CONT  TestLibraryMethodValueBoundaries/primitive_adapter#01
--- PASS: TestLibraryMethodValueSafety (0.00s)
    --- PASS: TestLibraryMethodValueSafety/bind_absent_receiver (0.09s)
    --- PASS: TestLibraryMethodValueSafety/unsupported_callback (0.06s)
    --- PASS: TestLibraryMethodValueSafety/bind_arity (0.07s)
    --- PASS: TestLibraryMethodValueSafety/opaque_return (0.05s)
    --- PASS: TestLibraryMethodValueSafety/apply_spread (0.08s)
    --- PASS: TestLibraryMethodValueSafety/number_receiver (0.07s)
    --- PASS: TestLibraryMethodValueSafety/opaque_field (0.03s)
    --- PASS: TestLibraryMethodValueSafety/mutable_alias (0.09s)
    --- PASS: TestLibraryMethodValueSafety/array_element_erasure (0.09s)
    --- PASS: TestLibraryMethodValueSafety/string_receiver (0.10s)
    --- PASS: TestLibraryMethodValueSafety/call_spread (0.16s)
    --- PASS: TestLibraryMethodValueSafety/opaque_shorthand (0.15s)
    --- PASS: TestLibraryMethodValueSafety/opaque_identity (0.14s)
    --- PASS: TestLibraryMethodValueSafety/absent_array (0.17s)
=== CONT  TestLibraryMethodValueBoundaries/primitive_adapter
=== CONT  TestLibraryMethodValueBoundaries/captured_receiver
=== CONT  TestLibraryMethodValueBoundaries/outside_a_const_alias#01
=== CONT  TestLibraryMethodValueBoundaries/dense_array
=== CONT  TestLibraryMethodValueBoundaries/holes_or_spread
=== CONT  TestLibraryMethodValueBoundaries/dense_argument_literal
=== CONT  TestLibraryMethodValueBoundaries/primitive_string
=== CONT  TestLibraryMethodValueBoundaries/different_element_type
--- PASS: TestNodeBufferRefusals (0.00s)
    --- PASS: TestNodeBufferRefusals/buffer_alloc (1.13s)
    --- PASS: TestNodeBufferRefusals/encoding (1.21s)
    --- PASS: TestNodeBufferRefusals/structural_hash_view (0.92s)
    --- PASS: TestNodeBufferRefusals/typed_array_view (0.96s)
    --- PASS: TestNodeBufferRefusals/detached (1.04s)
    --- PASS: TestNodeBufferRefusals/algorithm (0.94s)
    --- PASS: TestNodeBufferRefusals/digest (1.01s)
    --- PASS: TestNodeBufferRefusals/crypto_random (0.81s)
    --- PASS: TestNodeBufferRefusals/hash_inherited_read (0.83s)
    --- PASS: TestNodeBufferRefusals/crypto_constructor (0.88s)
    --- PASS: TestNodeBufferRefusals/hash_copy (0.84s)
    --- PASS: TestNodeBufferRefusals/buffer_isUtf8 (1.12s)
    --- PASS: TestNodeBufferRefusals/buffer_read (0.83s)
=== CONT  TestLibraryMethodValues/const_f_=_Array.prototype.indexOf;_console.log(`${f.call([4,_5],_5)}`);
=== CONT  TestLibraryMethodValues/console.log([1,_2].map(String).join(','));
=== CONT  TestLibraryMethodValues/const_f_=_Number.parseInt;_console.log(['10',_'10'].map(f).join(','));
=== CONT  TestLibraryMethodValues/console.log(['10',_'10',_'10'].map(Number.parseInt).join(','));
--- PASS: TestLibraryMethodValueBoundaries (0.00s)
    --- PASS: TestLibraryMethodValueBoundaries/outside_a_const_alias (0.09s)
    --- PASS: TestLibraryMethodValueBoundaries/unbound_Array (0.15s)
    --- PASS: TestLibraryMethodValueBoundaries/primitive_adapter (0.07s)
    --- PASS: TestLibraryMethodValueBoundaries/primitive_adapter#01 (0.14s)
    --- PASS: TestLibraryMethodValueBoundaries/dense_array (0.08s)
    --- PASS: TestLibraryMethodValueBoundaries/captured_receiver (0.10s)
    --- PASS: TestLibraryMethodValueBoundaries/outside_a_const_alias#01 (0.15s)
    --- PASS: TestLibraryMethodValueBoundaries/holes_or_spread (0.14s)
    --- PASS: TestLibraryMethodValueBoundaries/dense_argument_literal (0.16s)
    --- PASS: TestLibraryMethodValueBoundaries/different_element_type (0.13s)
    --- PASS: TestLibraryMethodValueBoundaries/primitive_string (0.22s)
=== CONT  TestLibraryMethodValues/const_f_=_String.prototype.trim.bind('_x_');_console.log(f());
=== CONT  TestLibraryMethodValues/console.log([].map(String).join(','));
=== CONT  TestLibraryMethodValues/function_show(value:_string_|_number):_void_{_console.log(`${value}`);_}_const_f_=_Object.prototype.toString;_show(f.call([1]));
=== CONT  TestLibraryMethodValues/const_f_=_Number.parseInt;_console.log(`${f('12',_10)}`);
=== CONT  TestLibraryMethodValues/const_f_=_Object.prototype.hasOwnProperty;_console.log(`${f.call({x:_1},_'x')}`);
=== CONT  TestLibraryMethodValues/const_f_=_Object.prototype.toString;_console.log(f.call([4]));
=== CONT  TestLibraryMethodValues/const_f_=_String.prototype.trim;_console.log(f.call('_x_'));
=== CONT  TestLibraryMethodValues/const_f_=_String.prototype.substring;_console.log(f.apply('abcdef',_[4,_1]));
=== CONT  TestLibraryMethodValues/const_f_=_Array.prototype.indexOf;_const_g_=_f;_console.log(`${g.apply([4,_5],_[5])}`);
=== CONT  TestLibraryMapSetGapsStayRefused/set-like_object
=== CONT  TestLibraryMapSetGapsStayRefused/dynamic_thisArg
=== CONT  TestLibraryMapSetGapsStayRefused/groupBy_optional_widening
=== CONT  TestLibraryMapSetGapsStayRefused/different_representations
=== CONT  TestLibraryLanguageBoundaries/array
=== CONT  TestLibraryLanguageBoundaries/destructured_write
=== CONT  TestLibraryLanguageBoundaries/inherited_field
--- PASS: TestLibraryMapSetGapsStayRefused (0.00s)
    --- PASS: TestLibraryMapSetGapsStayRefused/set-like_object (0.11s)
    --- PASS: TestLibraryMapSetGapsStayRefused/dynamic_thisArg (0.15s)
    --- PASS: TestLibraryMapSetGapsStayRefused/groupBy_optional_widening (0.13s)
    --- PASS: TestLibraryMapSetGapsStayRefused/different_representations (0.18s)
=== CONT  TestLibraryLanguageBoundaries/constructor_passed
=== CONT  TestLibraryLanguageBoundaries/constructor_alias
=== CONT  TestLibraryLanguageBoundaries/dynamic_receiver
--- PASS: TestLibraryMethodValues (0.00s)
    --- PASS: TestLibraryMethodValues/const_f_=_String.prototype.trim.bind('_x_');_console.log(f()); (0.20s)
    --- PASS: TestLibraryMethodValues/console.log([1,_2].map(String).join(',')); (0.45s)
    --- PASS: TestLibraryMethodValues/const_f_=_Number.parseInt;_console.log(['10',_'10'].map(f).join(',')); (0.40s)
    --- PASS: TestLibraryMethodValues/console.log(['10',_'10',_'10'].map(Number.parseInt).join(',')); (0.43s)
    --- PASS: TestLibraryMethodValues/const_f_=_Array.prototype.indexOf;_console.log(`${f.call([4,_5],_5)}`); (0.53s)
    --- PASS: TestLibraryMethodValues/console.log([].map(String).join(',')); (0.48s)
    --- PASS: TestLibraryMethodValues/const_f_=_Object.prototype.hasOwnProperty;_console.log(`${f.call({x:_1},_'x')}`); (0.35s)
    --- PASS: TestLibraryMethodValues/const_f_=_Number.parseInt;_console.log(`${f('12',_10)}`); (0.45s)
    --- PASS: TestLibraryMethodValues/function_show(value:_string_|_number):_void_{_console.log(`${value}`);_}_const_f_=_Object.prototype.toString;_show(f.call([1])); (0.55s)
    --- PASS: TestLibraryMethodValues/const_f_=_String.prototype.trim;_console.log(f.call('_x_')); (0.38s)
    --- PASS: TestLibraryMethodValues/const_f_=_Object.prototype.toString;_console.log(f.call([4])); (0.67s)
    --- PASS: TestLibraryMethodValues/const_f_=_String.prototype.substring;_console.log(f.apply('abcdef',_[4,_1])); (0.46s)
    --- PASS: TestLibraryMethodValues/const_f_=_Array.prototype.indexOf;_const_g_=_f;_console.log(`${g.apply([4,_5],_[5])}`); (0.49s)
=== CONT  TestLibraryLanguageBoundaries/prototype
=== CONT  TestLibraryLanguageBoundaries/optional_spread
=== CONT  TestLibraryLanguageBoundaries/optional_object
=== CONT  TestLibraryLanguageBoundaries/parameter
=== CONT  TestLibraryLanguageBoundaries/hidden_array
=== CONT  TestIteratorDescriptorReasons/declare_or_abstract_class_field
=== CONT  TestIteratorGapsAreExplicit/interface_Step_{value:number;done?:boolean}_const_source={_[Symbol.iterator](){return{next():Step{return{value:1};}}}};for(const_value_of_source){console.log(`${value}`);break;}
=== CONT  TestIteratorGapsAreExplicit/class_Result_{declare_value:number;declare_done:boolean;}_const_source={[Symbol.iterator](){return{next(){return_new_Result();}}}};for(const_value_of_source){break;}
=== CONT  TestIteratorGapsAreExplicit/const_source={[Symbol.iterator](){return{next(){return{value:1,done:false};}}}};const_kept:(number|undefined)[]=[...source];
--- PASS: TestLibraryLanguageBoundaries (0.00s)
    --- PASS: TestLibraryLanguageBoundaries/array (0.13s)
    --- PASS: TestLibraryLanguageBoundaries/destructured_write (0.10s)
    --- PASS: TestLibraryLanguageBoundaries/inherited_field (0.17s)
    --- PASS: TestLibraryLanguageBoundaries/constructor_passed (0.13s)
    --- PASS: TestLibraryLanguageBoundaries/prototype (0.11s)
    --- PASS: TestLibraryLanguageBoundaries/constructor_alias (0.14s)
    --- PASS: TestLibraryLanguageBoundaries/dynamic_receiver (0.14s)
    --- PASS: TestLibraryLanguageBoundaries/optional_object (0.12s)
    --- PASS: TestLibraryLanguageBoundaries/optional_spread (0.14s)
    --- PASS: TestLibraryLanguageBoundaries/parameter (0.15s)
    --- PASS: TestLibraryLanguageBoundaries/hidden_array (0.16s)
=== CONT  TestIteratorGapsAreExplicit/const_source={[Symbol.iterator](){return{next(){return{value:1,done:false};}}}};const_copy={...source};for(const_value_of_copy){break;}
--- PASS: TestIteratorDescriptorReasons (0.00s)
    --- PASS: TestIteratorDescriptorReasons/declare_or_abstract_class_field (0.14s)
=== CONT  TestIteratorGapsAreExplicit/interface_Source_{[Symbol.iterator]():{next():{value:number;done:boolean}}}_function_consume(source:Source):void_{for(const_value_of_source){break;}}_consume({[Symbol.iterator](){return{next(){return{value:1,done:false};}}}});
=== CONT  TestIteratorGapsAreExplicit/const_source={[Symbol.iterator](){return{next:()=>({value:1,done:false}),return:()=>({value:0,done:true})};}};const_iterator=source[Symbol.iterator]();iterator.next=():{value:number;done:boolean}=>({value:2,done:true});for(const_value_of_source){break;}
=== CONT  TestIteratorGapsAreExplicit/interface_Step_{value:number;done:boolean}_function_closing():{return():Step}|undefined{return_undefined;}_const_source={[Symbol.iterator](){return{...closing(),next():Step{return{value:1,done:false};}}}};for(const_value_of_source){break;}
=== CONT  TestDefaultTaggedInterfaceAdmission/complete
=== CONT  TestDefaultTaggedInterfaceAdmission/optional_target
=== CONT  TestDefaultTaggedInterfaceAdmission/forged_payload
=== CONT  TestDefaultTaggedInterfaceAdmission/staged_class
--- PASS: TestIteratorGapsAreExplicit (0.00s)
    --- PASS: TestIteratorGapsAreExplicit/class_Result_{declare_value:number;declare_done:boolean;}_const_source={[Symbol.iterator](){return{next(){return_new_Result();}}}};for(const_value_of_source){break;} (0.11s)
    --- PASS: TestIteratorGapsAreExplicit/interface_Step_{value:number;done?:boolean}_const_source={_[Symbol.iterator](){return{next():Step{return{value:1};}}}};for(const_value_of_source){console.log(`${value}`);break;} (0.16s)
    --- PASS: TestIteratorGapsAreExplicit/const_source={[Symbol.iterator](){return{next(){return{value:1,done:false};}}}};const_kept:(number|undefined)[]=[...source]; (0.11s)
    --- PASS: TestIteratorGapsAreExplicit/const_source={[Symbol.iterator](){return{next(){return{value:1,done:false};}}}};const_copy={...source};for(const_value_of_copy){break;} (0.15s)
    --- PASS: TestIteratorGapsAreExplicit/interface_Source_{[Symbol.iterator]():{next():{value:number;done:boolean}}}_function_consume(source:Source):void_{for(const_value_of_source){break;}}_consume({[Symbol.iterator](){return{next(){return{value:1,done:false};}}}}); (0.15s)
    --- PASS: TestIteratorGapsAreExplicit/const_source={[Symbol.iterator](){return{next:()=>({value:1,done:false}),return:()=>({value:0,done:true})};}};const_iterator=source[Symbol.iterator]();iterator.next=():{value:number;done:boolean}=>({value:2,done:true});for(const_value_of_source){break;} (0.12s)
    --- PASS: TestIteratorGapsAreExplicit/interface_Step_{value:number;done:boolean}_function_closing():{return():Step}|undefined{return_undefined;}_const_source={[Symbol.iterator](){return{...closing(),next():Step{return{value:1,done:false};}}}};for(const_value_of_source){break;} (0.17s)
=== CONT  TestDefaultTaggedInterfaceAdmission/generic
=== CONT  TestDefaultTaggedInterfaceAdmission/reflection_alias
=== CONT  TestDefaultTaggedInterfaceAdmission/spread
=== CONT  TestDefaultTaggedInterfaceAdmission/optional_target_read
=== CONT  TestDefaultTaggedInterfaceAdmission/alias_write
=== CONT  TestDefaultTaggedInterfaceAdmission/dynamic_complete
=== CONT  TestDefaultTaggedInterfaceAdmission/different_tag
=== CONT  TestDefaultTaggedInterfaceAdmission/unused_bad_factory
=== CONT  TestDefaultTaggedInterfaceAdmission/wrong_payload
=== CONT  TestDefaultTaggedInterfaceAdmission/broad_tag
=== CONT  TestDefaultTaggedInterfaceAdmission/missing_payload
=== CONT  TestInputSpreadCoverage/fileStatus_alias.a
=== CONT  TestInputSpreadCoverage/utf8At_alias.a
=== CONT  TestInputSpreadCoverage/writeTextFile_tuple.a
=== CONT  TestInputSpreadCoverage/writeTextFile_parentheses.a
=== CONT  TestInputSpreadCoverage/writeTextFile_nested.a
=== CONT  TestInputSpreadCoverage/writeTextFile_multiple.a
=== CONT  TestInputSpreadCoverage/writeTextFile_local.a
--- PASS: TestDefaultTaggedInterfaceAdmission (0.00s)
    --- PASS: TestDefaultTaggedInterfaceAdmission/forged_payload (0.11s)
    --- PASS: TestDefaultTaggedInterfaceAdmission/staged_class (0.16s)
    --- PASS: TestDefaultTaggedInterfaceAdmission/reflection_alias (0.12s)
    --- PASS: TestDefaultTaggedInterfaceAdmission/complete (0.39s)
    --- PASS: TestDefaultTaggedInterfaceAdmission/optional_target_read (0.11s)
    --- PASS: TestDefaultTaggedInterfaceAdmission/optional_target (0.46s)
    --- PASS: TestDefaultTaggedInterfaceAdmission/generic (0.46s)
    --- PASS: TestDefaultTaggedInterfaceAdmission/different_tag (0.14s)
    --- PASS: TestDefaultTaggedInterfaceAdmission/wrong_payload (0.11s)
    --- PASS: TestDefaultTaggedInterfaceAdmission/alias_write (0.43s)
    --- PASS: TestDefaultTaggedInterfaceAdmission/spread (0.57s)
    --- PASS: TestDefaultTaggedInterfaceAdmission/dynamic_complete (0.42s)
    --- PASS: TestDefaultTaggedInterfaceAdmission/missing_payload (0.09s)
    --- PASS: TestDefaultTaggedInterfaceAdmission/broad_tag (0.13s)
    --- PASS: TestDefaultTaggedInterfaceAdmission/unused_bad_factory (0.43s)
=== CONT  TestInputSpreadCoverage/writeTextFile_later.a
=== CONT  TestInputSpreadCoverage/writeTextFile_array.a
=== CONT  TestInputSpreadCoverage/writeTextFile_alias.a
=== CONT  TestInputSpreadCoverage/utf8Length_tuple.a
=== CONT  TestInputSpreadCoverage/utf8Length_parentheses.a
=== CONT  TestInputSpreadCoverage/utf8Length_nested.a
=== CONT  TestInputSpreadCoverage/utf8Length_local.a
=== CONT  TestInputSpreadCoverage/utf8Length_empty.a
=== CONT  TestInputSpreadCoverage/utf8Length_array.a
=== CONT  TestInputSpreadCoverage/utf8Length_alias.a
=== CONT  TestInputSpreadCoverage/utf8At_tuple.a
=== CONT  TestInputSpreadCoverage/utf8At_parentheses.a
=== CONT  TestInputSpreadCoverage/utf8At_nested.a
=== CONT  TestInputSpreadCoverage/utf8At_multiple.a
=== CONT  TestInputSpreadCoverage/utf8At_local.a
=== CONT  TestInputSpreadCoverage/utf8At_later.a
=== CONT  TestInputSpreadCoverage/utf8At_array.a
=== CONT  TestInputSpreadCoverage/readDirectory_alias.a
=== CONT  TestInputSpreadCoverage/readTextFile_tuple.a
=== CONT  TestInputSpreadCoverage/readTextFile_parentheses.a
=== CONT  TestInputSpreadCoverage/readTextFile_nested.a
=== CONT  TestInputSpreadCoverage/readTextFile_local.a
=== CONT  TestInputSpreadCoverage/readTextFile_array.a
=== CONT  TestInputSpreadCoverage/readTextFile_alias.a
=== CONT  TestInputSpreadCoverage/readDirectory_tuple.a
=== CONT  TestInputSpreadCoverage/readDirectory_parentheses.a
=== CONT  TestInputSpreadCoverage/readDirectory_nested.a
=== CONT  TestInputSpreadCoverage/readDirectory_local.a
=== CONT  TestInputSpreadCoverage/readDirectory_array.a
=== CONT  TestInputSpreadCoverage/programArguments_alias.a
=== CONT  TestInputSpreadCoverage/programArguments_tuple.a
=== CONT  TestInputSpreadCoverage/programArguments_parentheses.a
=== CONT  TestInputSpreadCoverage/programArguments_nested.a
=== CONT  TestInputSpreadCoverage/programArguments_local.a
=== CONT  TestInputSpreadCoverage/programArguments_array.a
=== CONT  TestInputSpreadCoverage/fileStatus_nested.a
=== CONT  TestInputSpreadCoverage/fileStatus_tuple.a
=== CONT  TestInputSpreadCoverage/fileStatus_parentheses.a
=== CONT  TestInputSpreadCoverage/fileStatus_local.a
=== CONT  TestInputSpreadCoverage/fileStatus_array.a
=== CONT  TestInputSpreadArgumentsAreNotYet/programArguments
=== CONT  TestInputSpreadArgumentsAreNotYet/utf8At
=== CONT  TestInputSpreadArgumentsAreNotYet/fileStatus
=== CONT  TestInputSpreadArgumentsAreNotYet/readDirectory
--- PASS: TestInputSpreadCoverage (0.00s)
    --- PASS: TestInputSpreadCoverage/fileStatus_alias.a (0.13s)
    --- PASS: TestInputSpreadCoverage/utf8At_alias.a (0.14s)
    --- PASS: TestInputSpreadCoverage/writeTextFile_parentheses.a (0.19s)
    --- PASS: TestInputSpreadCoverage/writeTextFile_tuple.a (0.20s)
    --- PASS: TestInputSpreadCoverage/writeTextFile_nested.a (0.14s)
    --- PASS: TestInputSpreadCoverage/writeTextFile_multiple.a (0.20s)
    --- PASS: TestInputSpreadCoverage/writeTextFile_alias.a (0.08s)
    --- PASS: TestInputSpreadCoverage/writeTextFile_array.a (0.11s)
    --- PASS: TestInputSpreadCoverage/writeTextFile_later.a (0.11s)
    --- PASS: TestInputSpreadCoverage/writeTextFile_local.a (0.16s)
    --- PASS: TestInputSpreadCoverage/utf8Length_parentheses.a (0.08s)
    --- PASS: TestInputSpreadCoverage/utf8Length_nested.a (0.11s)
    --- PASS: TestInputSpreadCoverage/utf8Length_tuple.a (0.14s)
    --- PASS: TestInputSpreadCoverage/utf8Length_empty.a (0.11s)
    --- PASS: TestInputSpreadCoverage/utf8Length_array.a (0.14s)
    --- PASS: TestInputSpreadCoverage/utf8Length_alias.a (0.09s)
    --- PASS: TestInputSpreadCoverage/utf8Length_local.a (0.23s)
    --- PASS: TestInputSpreadCoverage/utf8At_parentheses.a (0.11s)
    --- PASS: TestInputSpreadCoverage/utf8At_tuple.a (0.14s)
    --- PASS: TestInputSpreadCoverage/utf8At_nested.a (0.07s)
    --- PASS: TestInputSpreadCoverage/utf8At_multiple.a (0.15s)
    --- PASS: TestInputSpreadCoverage/utf8At_array.a (0.12s)
    --- PASS: TestInputSpreadCoverage/utf8At_local.a (0.15s)
    --- PASS: TestInputSpreadCoverage/utf8At_later.a (0.15s)
    --- PASS: TestInputSpreadCoverage/readDirectory_alias.a (0.13s)
    --- PASS: TestInputSpreadCoverage/readTextFile_tuple.a (0.11s)
    --- PASS: TestInputSpreadCoverage/readTextFile_parentheses.a (0.11s)
    --- PASS: TestInputSpreadCoverage/readTextFile_local.a (0.13s)
    --- PASS: TestInputSpreadCoverage/readTextFile_nested.a (0.14s)
    --- PASS: TestInputSpreadCoverage/readTextFile_array.a (0.19s)
    --- PASS: TestInputSpreadCoverage/readTextFile_alias.a (0.14s)
    --- PASS: TestInputSpreadCoverage/readDirectory_tuple.a (0.14s)
    --- PASS: TestInputSpreadCoverage/readDirectory_parentheses.a (0.15s)
    --- PASS: TestInputSpreadCoverage/readDirectory_nested.a (0.16s)
    --- PASS: TestInputSpreadCoverage/readDirectory_array.a (0.10s)
    --- PASS: TestInputSpreadCoverage/programArguments_alias.a (0.09s)
    --- PASS: TestInputSpreadCoverage/readDirectory_local.a (0.13s)
    --- PASS: TestInputSpreadCoverage/programArguments_parentheses.a (0.10s)
    --- PASS: TestInputSpreadCoverage/programArguments_tuple.a (0.12s)
    --- PASS: TestInputSpreadCoverage/programArguments_nested.a (0.08s)
    --- PASS: TestInputSpreadCoverage/programArguments_local.a (0.08s)
    --- PASS: TestInputSpreadCoverage/programArguments_array.a (0.07s)
    --- PASS: TestInputSpreadCoverage/fileStatus_tuple.a (0.07s)
    --- PASS: TestInputSpreadCoverage/fileStatus_parentheses.a (0.07s)
    --- PASS: TestInputSpreadCoverage/fileStatus_local.a (0.07s)
    --- PASS: TestInputSpreadCoverage/fileStatus_nested.a (0.09s)
    --- PASS: TestInputSpreadCoverage/fileStatus_array.a (0.06s)
=== CONT  TestInputSpreadArgumentsAreNotYet/writeTextFile
=== CONT  TestInputSpreadArgumentsAreNotYet/utf8Length
=== CONT  TestInputSpreadArgumentsAreNotYet/readTextFile
=== CONT  TestEnumSlotViews/variable
=== CONT  TestEnumSlotViews/object_assign
=== CONT  TestEnumSlotViews/enum_object_writable_view
=== CONT  TestEnumSlotViews/structural_enum_object_array
=== CONT  TestEnumSlotViews/structural_string_enum_object
--- PASS: TestInputSpreadArgumentsAreNotYet (0.00s)
    --- PASS: TestInputSpreadArgumentsAreNotYet/programArguments (0.04s)
    --- PASS: TestInputSpreadArgumentsAreNotYet/utf8At (0.05s)
    --- PASS: TestInputSpreadArgumentsAreNotYet/fileStatus (0.05s)
    --- PASS: TestInputSpreadArgumentsAreNotYet/writeTextFile (0.03s)
    --- PASS: TestInputSpreadArgumentsAreNotYet/readDirectory (0.05s)
    --- PASS: TestInputSpreadArgumentsAreNotYet/utf8Length (0.03s)
    --- PASS: TestInputSpreadArgumentsAreNotYet/readTextFile (0.08s)
=== CONT  TestEnumSlotViews/structural_numeric_enum_object
=== CONT  TestEnumSlotViews/generic_class_invariant
=== CONT  TestEnumSlotViews/mutable_field_alias
=== CONT  TestEnumSlotViews/map_alias
=== CONT  TestEnumSlotViews/optional_union
=== CONT  TestEnumSlotViews/class_field
=== CONT  TestEnumSlotViews/override
=== CONT  TestEnumSlotViews/array_literal
=== CONT  TestEnumSlotViews/function_view
=== CONT  TestEnumSlotViews/readonly_into_enum_array
=== CONT  TestEnumSlotViews/array_alias
=== CONT  TestEnumSlotViews/compound
=== CONT  TestEnumSlotViews/increment
=== CONT  TestEnumSlotViews/argument
=== CONT  TestEnumSlotViews/literal_property
=== CONT  TestEnumSlotViews/assignment
=== CONT  TestEnumSlotViews/member_initializer
=== CONT  TestEnumSlotViews/initializer
=== CONT  TestEnumInitializationGraphMemo/12
=== CONT  TestEnumInitializationGraphMemo/24
=== NAME  TestEnumInitializationGraphMemo/12
    enum_initialization_reach_test.go:53: depth 12: 13 function body expansions
=== CONT  TestEnumInitializationReach/native-enum-map
=== NAME  TestEnumInitializationGraphMemo/24
    enum_initialization_reach_test.go:53: depth 24: 25 function body expansions
--- PASS: TestEnumInitializationGraphMemo (0.00s)
    --- PASS: TestEnumInitializationGraphMemo/12 (0.07s)
    --- PASS: TestEnumInitializationGraphMemo/24 (0.07s)
=== CONT  TestEnumInitializationReach/unknown-callback
=== CONT  TestEnumInitializationReach/reaching-derived
=== CONT  TestEnumInitializationReach/reaching-constructor
=== CONT  TestEnumInitializationReach/reaching-cycle
=== CONT  TestEnumInitializationReach/reaching-helper
=== CONT  TestEnumInitializationReach/reaching-direct
=== CONT  TestEnumInitializationReach/unknown-property
=== CONT  TestEnumInitializationReach/callable-selection
=== CONT  TestEnumInitializationReach/unknown-before
=== CONT  TestEnumInitializationReach/unknown-after
=== CONT  TestEnumInitializationReach/call-graph-24
=== CONT  TestEnumInitializationReach/safe-helper
--- PASS: TestEnumSlotViews (0.00s)
    --- PASS: TestEnumSlotViews/object_assign (0.06s)
    --- PASS: TestEnumSlotViews/structural_string_enum_object (0.03s)
    --- PASS: TestEnumSlotViews/structural_enum_object_array (0.08s)
    --- PASS: TestEnumSlotViews/enum_object_writable_view (0.10s)
    --- PASS: TestEnumSlotViews/structural_numeric_enum_object (0.06s)
    --- PASS: TestEnumSlotViews/generic_class_invariant (0.05s)
    --- PASS: TestEnumSlotViews/variable (0.28s)
    --- PASS: TestEnumSlotViews/mutable_field_alias (0.22s)
    --- PASS: TestEnumSlotViews/optional_union (0.22s)
    --- PASS: TestEnumSlotViews/map_alias (0.24s)
    --- PASS: TestEnumSlotViews/class_field (0.24s)
    --- PASS: TestEnumSlotViews/override (0.21s)
    --- PASS: TestEnumSlotViews/array_literal (0.23s)
    --- PASS: TestEnumSlotViews/function_view (0.22s)
    --- PASS: TestEnumSlotViews/readonly_into_enum_array (0.23s)
    --- PASS: TestEnumSlotViews/array_alias (0.23s)
    --- PASS: TestEnumSlotViews/compound (0.25s)
    --- PASS: TestEnumSlotViews/literal_property (0.20s)
    --- PASS: TestEnumSlotViews/argument (0.22s)
    --- PASS: TestEnumSlotViews/increment (0.26s)
    --- PASS: TestEnumSlotViews/assignment (0.27s)
    --- PASS: TestEnumSlotViews/member_initializer (0.21s)
    --- PASS: TestEnumSlotViews/initializer (0.27s)
=== CONT  TestEnumInitializationReach/safe-constructor
=== CONT  TestEnumInitializationReach/native-call-before-enum
=== CONT  TestFlagEnumsOpen/complement
=== CONT  TestEntriesRecordBoundaries/spread_into_record_storage
=== CONT  TestFlagEnumsOpen/array_view
=== CONT  TestFlagEnumsOpen/member_slot
--- PASS: TestEnumInitializationReach (0.00s)
    --- PASS: TestEnumInitializationReach/native-enum-map (0.04s)
    --- PASS: TestEnumInitializationReach/reaching-derived (0.06s)
    --- PASS: TestEnumInitializationReach/unknown-callback (0.07s)
    --- PASS: TestEnumInitializationReach/reaching-constructor (0.08s)
    --- PASS: TestEnumInitializationReach/reaching-cycle (0.05s)
    --- PASS: TestEnumInitializationReach/reaching-helper (0.05s)
    --- PASS: TestEnumInitializationReach/reaching-direct (0.06s)
    --- PASS: TestEnumInitializationReach/unknown-property (0.05s)
    --- PASS: TestEnumInitializationReach/unknown-before (0.06s)
    --- PASS: TestEnumInitializationReach/callable-selection (0.08s)
    --- PASS: TestEnumInitializationReach/unknown-after (0.06s)
    --- PASS: TestEnumInitializationReach/call-graph-24 (0.06s)
    --- PASS: TestEnumInitializationReach/safe-constructor (0.04s)
    --- PASS: TestEnumInitializationReach/safe-helper (0.06s)
    --- PASS: TestEnumInitializationReach/native-call-before-enum (0.07s)
=== CONT  TestFlagEnumsOpen/bare_number
=== CONT  TestFlagEnumsOpen/mutable_alias
=== CONT  TestFlagEnumsOpen/compound_xor_number
=== CONT  TestFlagEnumsOpen/compound_or_number
=== CONT  TestFlagEnumsOpen/narrowed_member
=== CONT  TestFlagEnumsOpen/and_numbers
=== CONT  TestFlagEnumsOpen/xor_number
=== CONT  TestFlagEnumsOpen/or_number
=== CONT  TestFlagEnumsOpen/cross_enum_right
=== CONT  TestFlagEnumsOpen/cross_enum_left
=== CONT  TestFlagEnumsOpen/switch_default
=== CONT  TestFlagEnumsOpen/arithmetic_shape
=== CONT  TestFlagEnumsOpen/numeric_shape
=== CONT  TestFlagEnumsOpen/implicit
=== CONT  TestFlagEnumsOpen/sign_bit
=== CONT  TestFlagEnumsOpen/shift_result
=== CONT  TestFlagEnumsOpen/shift_update
=== CONT  TestFlagEnumsOpen/increment
=== CONT  TestFlagEnumsOpen/arithmetic
=== CONT  TestEntriesAllocationProof/const_source={value:1,_hidden:2};_const_view:{readonly_value:number}=source;_Object.entries(view);
=== CONT  TestEntriesRecordBoundaries/indexed_record_field_read
=== CONT  TestEntriesRecordBoundaries/closed_const_literal_origin
=== CONT  TestEntriesAllocationProof/const_source={value:1,_hidden:'bad'};_const_view:{readonly_value:number}=source;_Object.entries(view);
=== CONT  TestEntriesAllocationProof/function_entries(source:{readonly_value:number}):void_{Object.entries(source);}_entries({value:1});
=== CONT  TestEntriesAllocationProof/let_source:{readonly_value:number}={value:1};_const_other={value:2,_hidden:'bad'};_source=other;_Object.entries(source);
--- PASS: TestFlagEnumsOpen (0.01s)
    --- PASS: TestFlagEnumsOpen/member_slot (0.07s)
    --- PASS: TestFlagEnumsOpen/complement (0.28s)
    --- PASS: TestFlagEnumsOpen/bare_number (0.23s)
    --- PASS: TestFlagEnumsOpen/array_view (0.29s)
    --- PASS: TestFlagEnumsOpen/mutable_alias (0.24s)
    --- PASS: TestFlagEnumsOpen/compound_xor_number (0.23s)
    --- PASS: TestFlagEnumsOpen/narrowed_member (0.07s)
    --- PASS: TestFlagEnumsOpen/compound_or_number (0.20s)
    --- PASS: TestFlagEnumsOpen/xor_number (0.22s)
    --- PASS: TestFlagEnumsOpen/and_numbers (0.25s)
    --- PASS: TestFlagEnumsOpen/or_number (0.24s)
    --- PASS: TestFlagEnumsOpen/cross_enum_right (0.24s)
    --- PASS: TestFlagEnumsOpen/cross_enum_left (0.21s)
    --- PASS: TestFlagEnumsOpen/switch_default (0.25s)
    --- PASS: TestFlagEnumsOpen/implicit (0.18s)
    --- PASS: TestFlagEnumsOpen/numeric_shape (0.24s)
    --- PASS: TestFlagEnumsOpen/arithmetic_shape (0.25s)
    --- PASS: TestFlagEnumsOpen/sign_bit (0.24s)
    --- PASS: TestFlagEnumsOpen/shift_update (0.23s)
    --- PASS: TestFlagEnumsOpen/arithmetic (0.23s)
    --- PASS: TestFlagEnumsOpen/shift_result (0.25s)
    --- PASS: TestFlagEnumsOpen/increment (0.24s)
=== CONT  TestEntriesAllocationProof/let_source={value:1,_hidden:2};_const_view:{readonly_value:number}=source;_Object.entries(view);
--- PASS: TestEntriesRecordBoundaries (0.00s)
    --- PASS: TestEntriesRecordBoundaries/spread_into_record_storage (0.08s)
    --- PASS: TestEntriesRecordBoundaries/indexed_record_field_read (0.04s)
    --- PASS: TestEntriesRecordBoundaries/closed_const_literal_origin (0.05s)
=== CONT  TestEntriesAllocationProof/let_source:{readonly_value:number}={value:1};_const_other={value:2,_hidden:'bad'};_[source]=[other];_Object.entries(source);
=== CONT  TestNestedEmptyArrayElementKinds/first
=== CONT  TestNestedEmptyArrayElementKinds/strings
=== CONT  TestNestedEmptyArrayElementKinds/union
=== CONT  TestNestedEmptyArrayElementKinds/objects
=== CONT  TestNestedEmptyArrayElementKinds/typed
--- PASS: TestEntriesAllocationProof (0.00s)
    --- PASS: TestEntriesAllocationProof/const_source={value:1,_hidden:2};_const_view:{readonly_value:number}=source;_Object.entries(view); (0.05s)
    --- PASS: TestEntriesAllocationProof/const_source={value:1,_hidden:'bad'};_const_view:{readonly_value:number}=source;_Object.entries(view); (0.07s)
    --- PASS: TestEntriesAllocationProof/let_source:{readonly_value:number}={value:1};_const_other={value:2,_hidden:'bad'};_source=other;_Object.entries(source); (0.06s)
    --- PASS: TestEntriesAllocationProof/function_entries(source:{readonly_value:number}):void_{Object.entries(source);}_entries({value:1}); (0.07s)
    --- PASS: TestEntriesAllocationProof/let_source={value:1,_hidden:2};_const_view:{readonly_value:number}=source;_Object.entries(view); (0.06s)
    --- PASS: TestEntriesAllocationProof/let_source:{readonly_value:number}={value:1};_const_other={value:2,_hidden:'bad'};_[source]=[other];_Object.entries(source); (0.10s)
=== CONT  TestNestedEmptyArrayElementKinds/last
=== CONT  TestClockGenericReturnsT01Shapes/nested_readonly_fields
=== CONT  TestClockGenericReturnsT01Shapes/container_intersection
=== CONT  TestClockGenericReturnsT01Shapes/null_remains_distinct
=== CONT  TestClockGenericReturnsT01Shapes/nested_callable
--- PASS: TestNestedEmptyArrayElementKinds (0.00s)
    --- PASS: TestNestedEmptyArrayElementKinds/first (0.05s)
    --- PASS: TestNestedEmptyArrayElementKinds/strings (0.08s)
    --- PASS: TestNestedEmptyArrayElementKinds/objects (0.08s)
    --- PASS: TestNestedEmptyArrayElementKinds/union (0.09s)
    --- PASS: TestNestedEmptyArrayElementKinds/typed (0.07s)
    --- PASS: TestNestedEmptyArrayElementKinds/last (0.09s)
=== CONT  TestClockGenericReturnsT01Shapes/constructable
=== CONT  TestClockGenericReturnsT01Shapes/indexed
=== CONT  TestClockGenericReturnsT01Shapes/callable
=== CONT  TestClassArgumentsUseCheckerIdentity/separate_literals
=== CONT  TestInheritanceNativeSignatureLimits/optional_added
=== CONT  TestClassArgumentsUseCheckerIdentity/same_representation
=== CONT  TestClassArgumentsUseCheckerIdentity/optional_field
--- PASS: TestClockGenericReturnsT01Shapes (0.00s)
    --- PASS: TestClockGenericReturnsT01Shapes/nested_readonly_fields (0.07s)
    --- PASS: TestClockGenericReturnsT01Shapes/null_remains_distinct (0.07s)
    --- PASS: TestClockGenericReturnsT01Shapes/container_intersection (0.08s)
    --- PASS: TestClockGenericReturnsT01Shapes/constructable (0.04s)
    --- PASS: TestClockGenericReturnsT01Shapes/indexed (0.04s)
    --- PASS: TestClockGenericReturnsT01Shapes/nested_callable (0.10s)
    --- PASS: TestClockGenericReturnsT01Shapes/callable (0.06s)
=== CONT  TestClassArgumentsUseCheckerIdentity/different_fields
=== CONT  TestClassArgumentsUseCheckerIdentity/recursive_interfaces
=== CONT  TestClassArgumentsUseCheckerIdentity/functions
=== CONT  TestClassArgumentsUseCheckerIdentity/unions
=== CONT  TestClassArgumentsUseCheckerIdentity/tuples
=== CONT  TestClassArgumentsUseCheckerIdentity/nested_arrays
=== CONT  TestClassArgumentsUseCheckerIdentity/property_order
=== CONT  TestInheritanceNativeSignatureNeighbors/identical_default
=== CONT  TestInheritanceNativeSignatureLimits/number_to_optional_result
=== CONT  TestInheritanceNativeSignatureLimits/void_to_number_result
=== CONT  TestInheritanceNativeSignatureLimits/parameter_count
=== CONT  TestInheritanceNativeSignatureLimits/generic_default_added
=== CONT  TestInheritanceNativeSignatureLimits/boolean_default_added
=== CONT  TestInheritanceNativeSignatureNeighbors/identical_optional
=== CONT  TestInheritanceNativeSignatureNeighbors/void_result
--- PASS: TestClassArgumentsUseCheckerIdentity (0.00s)
    --- PASS: TestClassArgumentsUseCheckerIdentity/optional_field (0.20s)
    --- PASS: TestClassArgumentsUseCheckerIdentity/same_representation (0.22s)
    --- PASS: TestClassArgumentsUseCheckerIdentity/separate_literals (0.29s)
    --- PASS: TestClassArgumentsUseCheckerIdentity/recursive_interfaces (0.22s)
    --- PASS: TestClassArgumentsUseCheckerIdentity/different_fields (0.26s)
    --- PASS: TestClassArgumentsUseCheckerIdentity/functions (0.19s)
    --- PASS: TestClassArgumentsUseCheckerIdentity/unions (0.18s)
    --- PASS: TestClassArgumentsUseCheckerIdentity/tuples (0.23s)
    --- PASS: TestClassArgumentsUseCheckerIdentity/nested_arrays (0.24s)
    --- PASS: TestClassArgumentsUseCheckerIdentity/property_order (0.28s)
=== CONT  TestInheritanceNativeSignatureNeighbors/wider_same_representation
--- PASS: TestInheritanceNativeSignatureLimits (0.00s)
    --- PASS: TestInheritanceNativeSignatureLimits/optional_added (0.04s)
    --- PASS: TestInheritanceNativeSignatureLimits/number_to_optional_result (0.07s)
    --- PASS: TestInheritanceNativeSignatureLimits/void_to_number_result (0.04s)
    --- PASS: TestInheritanceNativeSignatureLimits/parameter_count (0.04s)
    --- PASS: TestInheritanceNativeSignatureLimits/boolean_default_added (0.06s)
    --- PASS: TestInheritanceNativeSignatureLimits/generic_default_added (0.08s)
=== CONT  TestInheritanceRefusesFalseNominalViews/weak_structural
=== CONT  TestInheritanceRefusesFalseNominalViews/unrelated_override
=== CONT  TestInheritanceRefusesFalseNominalViews/unrelated_class
=== CONT  TestInheritanceRefusesFalseNominalViews/structural_object
=== CONT  TestInheritanceRefusesFalseNominalViews/target_union
=== CONT  TestInheritanceRefusesFalseNominalViews/nested_array
=== CONT  TestInheritanceRefusesFalseNominalViews/source_union
=== CONT  TestInheritanceRejectsUnsupportedConstructorShapes/replacement_object
=== CONT  TestInheritanceRejectsUnsupportedConstructorShapes/computed_base
--- PASS: TestInheritanceNativeSignatureNeighbors (0.00s)
    --- PASS: TestInheritanceNativeSignatureNeighbors/identical_default (0.23s)
    --- PASS: TestInheritanceNativeSignatureNeighbors/identical_optional (0.23s)
    --- PASS: TestInheritanceNativeSignatureNeighbors/wider_same_representation (0.20s)
    --- PASS: TestInheritanceNativeSignatureNeighbors/void_result (0.25s)
=== CONT  TestInheritanceRejectsUnsupportedConstructorShapes/declare_field
=== CONT  TestInheritanceRejectsUnsupportedConstructorShapes/union_dispatch
=== CONT  TestInheritanceKeepsCheckerConstructorRules/abstract_construction
=== CONT  TestInheritanceRefusesUnsoundOverrides/parameter_bivariance
=== CONT  TestInheritanceKeepsCheckerConstructorRules/abstract_method_missing
--- PASS: TestInheritanceRefusesFalseNominalViews (0.00s)
    --- PASS: TestInheritanceRefusesFalseNominalViews/weak_structural (0.05s)
    --- PASS: TestInheritanceRefusesFalseNominalViews/unrelated_override (0.06s)
    --- PASS: TestInheritanceRefusesFalseNominalViews/unrelated_class (0.07s)
    --- PASS: TestInheritanceRefusesFalseNominalViews/structural_object (0.07s)
    --- PASS: TestInheritanceRefusesFalseNominalViews/target_union (0.07s)
    --- PASS: TestInheritanceRefusesFalseNominalViews/nested_array (0.06s)
    --- PASS: TestInheritanceRefusesFalseNominalViews/source_union (0.09s)
=== CONT  TestInheritanceKeepsCheckerConstructorRules/this_before_super
=== CONT  TestInheritanceRefusesUnsoundOverrides/readonly_mutable_contents
--- PASS: TestInheritanceRejectsUnsupportedConstructorShapes (0.00s)
    --- PASS: TestInheritanceRejectsUnsupportedConstructorShapes/computed_base (0.04s)
    --- PASS: TestInheritanceRejectsUnsupportedConstructorShapes/replacement_object (0.08s)
    --- PASS: TestInheritanceRejectsUnsupportedConstructorShapes/declare_field (0.03s)
    --- PASS: TestInheritanceRejectsUnsupportedConstructorShapes/union_dispatch (0.06s)
=== CONT  TestInheritanceRefusesUnsoundOverrides/inherited_cycle
=== CONT  TestInheritanceRefusesUnsoundOverrides/inherited_private_cycle
=== CONT  TestInheritanceRefusesUnsoundOverrides/mutable_parameter_contents
--- PASS: TestInheritanceKeepsCheckerConstructorRules (0.00s)
    --- PASS: TestInheritanceKeepsCheckerConstructorRules/abstract_construction (0.05s)
    --- PASS: TestInheritanceKeepsCheckerConstructorRules/this_before_super (0.06s)
    --- PASS: TestInheritanceKeepsCheckerConstructorRules/abstract_method_missing (0.06s)
=== CONT  TestInheritanceRefusesUnsoundOverrides/mutable_field_narrowing
=== CONT  TestCheckPragmasAreRefused/ts-nocheck///_@ts-nocheck_
=== CONT  TestCheckPragmasAreRefused/ts-check///_@ts-check_
=== CONT  TestCheckPragmasAreRefused/ts-check///_@ts-check_//_@ts-check_//_@ts-nocheck_
=== CONT  TestCheckPragmasAreRefused/ts-check/#!/usr/bin/env_node_//_@ts-check_
--- PASS: TestInheritanceRefusesUnsoundOverrides (0.00s)
    --- PASS: TestInheritanceRefusesUnsoundOverrides/parameter_bivariance (0.05s)
    --- PASS: TestInheritanceRefusesUnsoundOverrides/readonly_mutable_contents (0.05s)
    --- PASS: TestInheritanceRefusesUnsoundOverrides/inherited_cycle (0.09s)
    --- PASS: TestInheritanceRefusesUnsoundOverrides/inherited_private_cycle (0.09s)
    --- PASS: TestInheritanceRefusesUnsoundOverrides/mutable_parameter_contents (0.08s)
    --- PASS: TestInheritanceRefusesUnsoundOverrides/mutable_field_narrowing (0.08s)
=== CONT  TestCheckPragmasAreRefused/ts-check///_license___//_@ts-check_
=== CONT  TestCheckPragmasAreRefused/ts-check////_@ts-check_reason_
=== CONT  TestCheckPragmasAreRefused/ts-nocheck/#!/usr/bin/env_node_//_@ts-nocheck_
=== CONT  TestCheckPragmasAreRefused/ts-nocheck///_@ts-nocheck_//_@ts-check_//_@ts-nocheck_
=== CONT  TestCheckPragmasAreRefused/ts-nocheck///_license___//_@ts-nocheck_
=== CONT  TestCheckPragmasAreRefused/ts-nocheck////_@ts-nocheck_reason_
=== CONT  TestCensusOverloadRelation/parameter_contravariance
=== CONT  TestCensusOverloadRelation/mutable_parameters
=== CONT  TestCensusOverloadRelation/result_covariance
=== CONT  TestCensusOverloadRelation/generic_parameter_constraints
--- PASS: TestCheckPragmasAreRefused (0.00s)
    --- PASS: TestCheckPragmasAreRefused/ts-check///_@ts-check_ (0.03s)
    --- PASS: TestCheckPragmasAreRefused/ts-nocheck///_@ts-nocheck_ (0.08s)
    --- PASS: TestCheckPragmasAreRefused/ts-check/#!/usr/bin/env_node_//_@ts-check_ (0.04s)
    --- PASS: TestCheckPragmasAreRefused/ts-check///_@ts-check_//_@ts-check_//_@ts-nocheck_ (0.07s)
    --- PASS: TestCheckPragmasAreRefused/ts-check///_license___//_@ts-check_ (0.06s)
    --- PASS: TestCheckPragmasAreRefused/ts-nocheck/#!/usr/bin/env_node_//_@ts-nocheck_ (0.07s)
    --- PASS: TestCheckPragmasAreRefused/ts-check////_@ts-check_reason_ (0.08s)
    --- PASS: TestCheckPragmasAreRefused/ts-nocheck////_@ts-nocheck_reason_ (0.04s)
    --- PASS: TestCheckPragmasAreRefused/ts-nocheck///_@ts-nocheck_//_@ts-check_//_@ts-nocheck_ (0.07s)
    --- PASS: TestCheckPragmasAreRefused/ts-nocheck///_license___//_@ts-nocheck_ (0.06s)
=== CONT  TestCensusPredicateInteractionEscapes/function_alias
=== CONT  TestCensusPredicateInteractionEscapes/exported_function
=== CONT  TestCensusPredicateInteractionEscapes/callback_escape
=== CONT  TestCensusOverloadReturnProof/parameter_return
=== CONT  TestCensusOverloadReturnProof/captured_write
=== CONT  TestCensusOverloadReturnProof/empty_return
--- PASS: TestCensusPredicateInteractionEscapes (0.00s)
    --- PASS: TestCensusPredicateInteractionEscapes/function_alias (0.06s)
    --- PASS: TestCensusPredicateInteractionEscapes/callback_escape (0.04s)
    --- PASS: TestCensusPredicateInteractionEscapes/exported_function (0.07s)
=== CONT  TestCensusOverloadReturnProof/rebound_parameter
=== CONT  TestCensusOverloadReturnProof/lying_return
--- PASS: TestCensusOverloadRelation (0.00s)
    --- PASS: TestCensusOverloadRelation/parameter_contravariance (0.04s)
    --- PASS: TestCensusOverloadRelation/mutable_parameters (0.05s)
    --- PASS: TestCensusOverloadRelation/result_covariance (0.06s)
    --- PASS: TestCensusOverloadRelation/generic_parameter_constraints (0.09s)
=== CONT  TestCensusOverloadBinderGuards/constraint
=== CONT  TestCensusOverloadBinderGuards/result
=== CONT  TestCensusOverloadBinderGuards/parameter
=== CONT  TestOptionalFunctionValueRelation/const_narrow_=_{_run(x:_number):_number_{_return_x_+_1;_}_};_const_wider:_{_run(x?:_number):_number_}_=_narrow;_console.log(String(wider.run()));
=== CONT  TestOptionalFunctionValueRelation/const_narrow_=_{_run:_(x:_number):_number_=>_x_+_1_};_const_wider:_{_run(x?:_number):_number_}_=_narrow;_console.log(String(wider.run()));
--- PASS: TestCensusOverloadReturnProof (0.00s)
    --- PASS: TestCensusOverloadReturnProof/parameter_return (0.04s)
    --- PASS: TestCensusOverloadReturnProof/empty_return (0.05s)
    --- PASS: TestCensusOverloadReturnProof/rebound_parameter (0.04s)
    --- PASS: TestCensusOverloadReturnProof/captured_write (0.06s)
    --- PASS: TestCensusOverloadReturnProof/lying_return (0.06s)
=== CONT  TestCheckedCastProofAndElision/enum_member
=== CONT  TestUncheckableCastsStayRefused/unknown_interface
--- PASS: TestOptionalFunctionValueRelation (0.00s)
    --- PASS: TestOptionalFunctionValueRelation/const_narrow_=_{_run(x:_number):_number_{_return_x_+_1;_}_};_const_wider:_{_run(x?:_number):_number_}_=_narrow;_console.log(String(wider.run())); (0.06s)
    --- PASS: TestOptionalFunctionValueRelation/const_narrow_=_{_run:_(x:_number):_number_=>_x_+_1_};_const_wider:_{_run(x?:_number):_number_}_=_narrow;_console.log(String(wider.run())); (0.07s)
=== CONT  TestUncheckableCastsStayRefused/duplicate_enum_values
=== CONT  TestCheckedCastProofAndElision/flow_narrowing
=== CONT  TestCheckedCastProofAndElision/class_upcast
--- PASS: TestCensusOverloadBinderGuards (0.00s)
    --- PASS: TestCensusOverloadBinderGuards/constraint (0.03s)
    --- PASS: TestCensusOverloadBinderGuards/parameter (0.08s)
    --- PASS: TestCensusOverloadBinderGuards/result (0.09s)
=== CONT  TestCheckedCastProofAndElision/generic_ancestry
=== CONT  TestCheckedCastProofAndElision/empty_subclass
=== CONT  TestCheckedCastProofAndElision/class_downcast
=== CONT  TestCheckedCastProofAndElision/sub-union
=== CONT  TestCheckedCastProofAndElision/invariant_mutable_payload
=== CONT  TestUncheckableCastsStayRefused/incompatible_generic_arguments
=== CONT  TestUncheckableCastsStayRefused/erased_generic_argument
=== CONT  TestUncheckableCastsStayRefused/mixed_tag_representations
=== CONT  TestUncheckableCastsStayRefused/different_enums_same_value
--- PASS: TestCheckedCastProofAndElision (0.01s)
    --- PASS: TestCheckedCastProofAndElision/enum_member (0.05s)
    --- PASS: TestCheckedCastProofAndElision/class_upcast (0.05s)
    --- PASS: TestCheckedCastProofAndElision/flow_narrowing (0.06s)
    --- PASS: TestCheckedCastProofAndElision/generic_ancestry (0.06s)
    --- PASS: TestCheckedCastProofAndElision/empty_subclass (0.07s)
    --- PASS: TestCheckedCastProofAndElision/class_downcast (0.04s)
    --- PASS: TestCheckedCastProofAndElision/sub-union (0.04s)
    --- PASS: TestCheckedCastProofAndElision/invariant_mutable_payload (0.04s)
=== CONT  TestUncheckableCastsStayRefused/related_double_assertion
=== CONT  TestUncheckableCastsStayRefused/duplicate_literal_tags
=== CONT  TestUncheckableCastsStayRefused/payload_refinement
=== CONT  TestUncheckableCastsStayRefused/structural_class
=== CONT  TestUncheckableCastsStayRefused/unrelated_class
=== CONT  TestUncheckableCastsStayRefused/tuple_length
=== CONT  TestUncheckableCastsStayRefused/primitive_union
=== CONT  TestUncheckableCastsStayRefused/mutable_union_payload
=== CONT  TestUncheckableCastsStayRefused/double_assertion
=== CONT  TestUncheckableCastsStayRefused/hidden_optional_field
=== CONT  TestUncheckableCastsStayRefused/mutable_widening
=== CONT  TestUncheckableCastsStayRefused/mutable_union_tag
=== CONT  TestUncheckableCastsStayRefused/callback_signature
=== CONT  TestArgumentsLengthRefusalFixtures/indexing
=== CONT  TestArgumentsLengthRefusalFixtures/spreading
=== CONT  TestArgumentsLengthRefusalFixtures/arrow
=== CONT  TestArgumentsLengthRefusalFixtures/writing
--- PASS: TestUncheckableCastsStayRefused (0.00s)
    --- PASS: TestUncheckableCastsStayRefused/unknown_interface (0.04s)
    --- PASS: TestUncheckableCastsStayRefused/duplicate_enum_values (0.08s)
    --- PASS: TestUncheckableCastsStayRefused/erased_generic_argument (0.07s)
    --- PASS: TestUncheckableCastsStayRefused/incompatible_generic_arguments (0.08s)
    --- PASS: TestUncheckableCastsStayRefused/different_enums_same_value (0.07s)
    --- PASS: TestUncheckableCastsStayRefused/related_double_assertion (0.06s)
    --- PASS: TestUncheckableCastsStayRefused/mixed_tag_representations (0.09s)
    --- PASS: TestUncheckableCastsStayRefused/payload_refinement (0.04s)
    --- PASS: TestUncheckableCastsStayRefused/duplicate_literal_tags (0.05s)
    --- PASS: TestUncheckableCastsStayRefused/unrelated_class (0.03s)
    --- PASS: TestUncheckableCastsStayRefused/structural_class (0.05s)
    --- PASS: TestUncheckableCastsStayRefused/primitive_union (0.06s)
    --- PASS: TestUncheckableCastsStayRefused/tuple_length (0.08s)
    --- PASS: TestUncheckableCastsStayRefused/mutable_union_payload (0.06s)
    --- PASS: TestUncheckableCastsStayRefused/double_assertion (0.06s)
    --- PASS: TestUncheckableCastsStayRefused/hidden_optional_field (0.06s)
    --- PASS: TestUncheckableCastsStayRefused/mutable_widening (0.03s)
    --- PASS: TestUncheckableCastsStayRefused/callback_signature (0.04s)
    --- PASS: TestUncheckableCastsStayRefused/mutable_union_tag (0.05s)
=== CONT  TestArgumentsLengthRefusalFixtures/passing
=== CONT  TestArgumentsLengthRefusalFixtures/returning
=== CONT  TestArgumentsLengthRefusalFixtures/aliasing
=== CONT  TestArgumentsLengthRefusals/indexing
=== CONT  TestArgumentsLengthRefusals/writing_length
=== CONT  TestArgumentsLengthRefusals/parenthesized_write
=== CONT  TestArgumentsLengthRefusals/arrow
=== CONT  TestArgumentsLengthRefusals/compound_length
=== CONT  TestArgumentsLengthRefusals/incrementing_length
--- PASS: TestArgumentsLengthRefusalFixtures (0.00s)
    --- PASS: TestArgumentsLengthRefusalFixtures/indexing (0.10s)
    --- PASS: TestArgumentsLengthRefusalFixtures/spreading (0.11s)
    --- PASS: TestArgumentsLengthRefusalFixtures/arrow (0.10s)
    --- PASS: TestArgumentsLengthRefusalFixtures/passing (0.10s)
    --- PASS: TestArgumentsLengthRefusalFixtures/aliasing (0.10s)
    --- PASS: TestArgumentsLengthRefusalFixtures/writing (0.18s)
    --- PASS: TestArgumentsLengthRefusalFixtures/returning (0.11s)
=== CONT  TestArgumentsLengthRefusals/returning
=== CONT  TestArgumentsLengthRefusals/writing_object
=== CONT  TestArgumentsLengthRefusals/spreading
=== CONT  TestArgumentsLengthRefusals/passing
=== CONT  TestArgumentsLengthRefusals/aliasing
=== CONT  TestMixedUnionContractGraph/interface_Identifier_{readonly_text:string}_type_Target=string|Identifier;
=== CONT  TestMixedUnionContractGraph/interface_Expression_{readonly_value:number}_type_Target=boolean|Expression;
=== CONT  TestMixedUnionContractGraph/interface_Left_{readonly_left:string}_interface_Right_{readonly_right:number}_type_Target=Left|Right;
=== CONT  TestMixedUnionContractGraph/interface_Node_{readonly_ready:boolean}_type_Target=Node|readonly_Node[];
    view_unions_mixed_test.go:45: awaits compiler/views-v3: array element kind and holes (b065fa576)
=== CONT  TestMixedUnionContractGraph/interface_Node_{readonly_ready:boolean}_type_Target=number|Node;
--- PASS: TestArgumentsLengthRefusals (0.00s)
    --- PASS: TestArgumentsLengthRefusals/indexing (0.06s)
    --- PASS: TestArgumentsLengthRefusals/writing_length (0.06s)
    --- PASS: TestArgumentsLengthRefusals/parenthesized_write (0.05s)
    --- PASS: TestArgumentsLengthRefusals/incrementing_length (0.03s)
    --- PASS: TestArgumentsLengthRefusals/arrow (0.05s)
    --- PASS: TestArgumentsLengthRefusals/returning (0.07s)
    --- PASS: TestArgumentsLengthRefusals/compound_length (0.08s)
    --- PASS: TestArgumentsLengthRefusals/writing_object (0.07s)
    --- PASS: TestArgumentsLengthRefusals/spreading (0.07s)
    --- PASS: TestArgumentsLengthRefusals/passing (0.08s)
    --- PASS: TestArgumentsLengthRefusals/aliasing (0.06s)
=== CONT  TestUnknownReflectionRefusals/nullable_referencefunction_reflect(value:_unknown):_string_{_return_typeof_value;_}_function_test(value:_{code:string}|null):_string_{_return_reflect(value);_}
=== CONT  TestUnknownReflectionRefusals/dynamic_getter_or_methodclass_Code_{_code():_string_{_return_'x';_}_}_function_read(value:_unknown):_unknown_{_return_typeof_value_===_'object'_&&_value_!==_null_&&_'code'_in_value_?_value.code_:_undefined;_}_read(new_Code());
=== CONT  TestUnknownReflectionRefusals/ambient_class_fieldclass_Code_{_declare_code:_string;_}_function_has(value:_unknown):_boolean_{_return_typeof_value_===_'object'_&&_value_!==_null_&&_'code'_in_value;_}_has(new_Code());
=== CONT  TestUnknownReflectionRefusals/presence_descriptorsfunction_has(value:_{code:number}|undefined):_boolean_{_return_'code'_in_{...value};_}
--- PASS: TestMixedUnionContractGraph (0.00s)
    --- SKIP: TestMixedUnionContractGraph/interface_Node_{readonly_ready:boolean}_type_Target=Node|readonly_Node[]; (0.00s)
    --- PASS: TestMixedUnionContractGraph/interface_Identifier_{readonly_text:string}_type_Target=string|Identifier; (0.06s)
    --- PASS: TestMixedUnionContractGraph/interface_Expression_{readonly_value:number}_type_Target=boolean|Expression; (0.09s)
    --- PASS: TestMixedUnionContractGraph/interface_Left_{readonly_left:string}_interface_Right_{readonly_right:number}_type_Target=Left|Right; (0.08s)
    --- PASS: TestMixedUnionContractGraph/interface_Node_{readonly_ready:boolean}_type_Target=number|Node; (0.07s)
=== CONT  TestUnknownReflectionRefusals/dispatch_tableclass_Code_{_inspect(value:_unknown):_void_{}_}_console.log(String('inspect'_in_new_Code()));
=== CONT  TestUnknownReflectionRefusals/class_constructorclass_Code_{_static_code_=_'x';_}_console.log(String('code'_in_Code));
=== CONT  TestUnknownReflectionRefusals/JSON_as_a_valuefunction_box(value:_unknown):_unknown_{_return_value;_}_box(JSON);
=== CONT  TestUnknownReflectionRefusals/function_descriptorsfunction_box(value:_unknown):_unknown_{_return_value;_}_box(()_=>_1);
=== CONT  TestUnknownReflectionRefusals/nullable_fieldfunction_read(value:_unknown):_unknown_{_return_typeof_value_===_'object'_&&_value_!==_null_&&_'code'_in_value_?_value.code_:_undefined;_}_const_nested_=_{child:{code:null}};_read(nested);
=== CONT  TestUnknownReflectionRefusals/ToPrimitivefunction_text(value:_unknown):_string_{_return_String(value);_}
=== CONT  TestUnknownReflectionRefusals/descriptor_metadatafunction_has(value:_unknown):_boolean_{_return_typeof_value_===_'object'_&&_value_!==_null_&&_'stack'_in_value;_}
=== CONT  TestUnknownReflectionRefusals/dynamic_getterclass_Code_{_get_code():_string_{_return_'x';_}_}_function_read(value:_unknown):_unknown_{_return_typeof_value_===_'object'_&&_value_!==_null_&&_'code'_in_value_?_value.code_:_undefined;_}_read(new_Code());
=== CONT  TestUnknownReflectionRefusals/nullable_fieldfunction_box(value:_unknown):_unknown_{_return_value;_}_box({code:null});
=== CONT  TestUnknownReflectionRefusals/opaque_hostfunction_box(value:_unknown):_unknown_{_return_value;_}_box(new_Map<string,_number>());
=== CONT  TestUnknownReflectionRefusals/descriptor_metadatafunction_has(value:_unknown):_boolean_{_return_typeof_value_===_'object'_&&_value_!==_null_&&_'errno'_in_value;_}
=== CONT  TestUnknownReflectionRefusals/tuplefunction_has(pair:_readonly_[number]):_boolean_{_return_'length'_in_pair;_}
=== CONT  TestUnknownReflectionRefusals/dynamic_prototypefunction_read(value:_unknown):_unknown_{_return_typeof_value_===_'object'_&&_value_!==_null_&&_'__proto__'_in_value_?_value.__proto___:_undefined;_}
=== CONT  TestUnknownReflectionRefusals/NUL_keyconsole.log(String('a\0b'_in_{}));
=== CONT  TestUnknownReflectionRefusals/dynamic_key_coercionfunction_has(key:_string,_value:_object):_boolean_{_return_key_in_value;_}
=== CONT  TestReadinessElisionRequiresDominatingAssignment/branch-join
=== CONT  TestReadinessElisionRequiresDominatingAssignment/throw-before-write
=== CONT  TestReadinessElisionRequiresDominatingAssignment/field-missing-join
=== CONT  TestReadinessElisionRequiresDominatingAssignment/field-join
=== CONT  TestReadinessElisionRequiresDominatingAssignment/field-write
--- PASS: TestUnknownReflectionRefusals (0.00s)
    --- PASS: TestUnknownReflectionRefusals/dynamic_getter_or_methodclass_Code_{_code():_string_{_return_'x';_}_}_function_read(value:_unknown):_unknown_{_return_typeof_value_===_'object'_&&_value_!==_null_&&_'code'_in_value_?_value.code_:_undefined;_}_read(new_Code()); (0.06s)
    --- PASS: TestUnknownReflectionRefusals/nullable_referencefunction_reflect(value:_unknown):_string_{_return_typeof_value;_}_function_test(value:_{code:string}|null):_string_{_return_reflect(value);_} (0.06s)
    --- PASS: TestUnknownReflectionRefusals/ambient_class_fieldclass_Code_{_declare_code:_string;_}_function_has(value:_unknown):_boolean_{_return_typeof_value_===_'object'_&&_value_!==_null_&&_'code'_in_value;_}_has(new_Code()); (0.04s)
    --- PASS: TestUnknownReflectionRefusals/dispatch_tableclass_Code_{_inspect(value:_unknown):_void_{}_}_console.log(String('inspect'_in_new_Code())); (0.04s)
    --- PASS: TestUnknownReflectionRefusals/presence_descriptorsfunction_has(value:_{code:number}|undefined):_boolean_{_return_'code'_in_{...value};_} (0.06s)
    --- PASS: TestUnknownReflectionRefusals/JSON_as_a_valuefunction_box(value:_unknown):_unknown_{_return_value;_}_box(JSON); (0.04s)
    --- PASS: TestUnknownReflectionRefusals/class_constructorclass_Code_{_static_code_=_'x';_}_console.log(String('code'_in_Code)); (0.05s)
    --- PASS: TestUnknownReflectionRefusals/function_descriptorsfunction_box(value:_unknown):_unknown_{_return_value;_}_box(()_=>_1); (0.06s)
    --- PASS: TestUnknownReflectionRefusals/ToPrimitivefunction_text(value:_unknown):_string_{_return_String(value);_} (0.06s)
    --- PASS: TestUnknownReflectionRefusals/nullable_fieldfunction_read(value:_unknown):_unknown_{_return_typeof_value_===_'object'_&&_value_!==_null_&&_'code'_in_value_?_value.code_:_undefined;_}_const_nested_=_{child:{code:null}};_read(nested); (0.07s)
    --- PASS: TestUnknownReflectionRefusals/dynamic_getterclass_Code_{_get_code():_string_{_return_'x';_}_}_function_read(value:_unknown):_unknown_{_return_typeof_value_===_'object'_&&_value_!==_null_&&_'code'_in_value_?_value.code_:_undefined;_}_read(new_Code()); (0.06s)
    --- PASS: TestUnknownReflectionRefusals/descriptor_metadatafunction_has(value:_unknown):_boolean_{_return_typeof_value_===_'object'_&&_value_!==_null_&&_'stack'_in_value;_} (0.06s)
    --- PASS: TestUnknownReflectionRefusals/nullable_fieldfunction_box(value:_unknown):_unknown_{_return_value;_}_box({code:null}); (0.04s)
    --- PASS: TestUnknownReflectionRefusals/dynamic_prototypefunction_read(value:_unknown):_unknown_{_return_typeof_value_===_'object'_&&_value_!==_null_&&_'__proto__'_in_value_?_value.__proto___:_undefined;_} (0.04s)
    --- PASS: TestUnknownReflectionRefusals/opaque_hostfunction_box(value:_unknown):_unknown_{_return_value;_}_box(new_Map<string,_number>()); (0.04s)
    --- PASS: TestUnknownReflectionRefusals/tuplefunction_has(pair:_readonly_[number]):_boolean_{_return_'length'_in_pair;_} (0.06s)
    --- PASS: TestUnknownReflectionRefusals/NUL_keyconsole.log(String('a\0b'_in_{})); (0.06s)
    --- PASS: TestUnknownReflectionRefusals/descriptor_metadatafunction_has(value:_unknown):_boolean_{_return_typeof_value_===_'object'_&&_value_!==_null_&&_'errno'_in_value;_} (0.12s)
    --- PASS: TestUnknownReflectionRefusals/dynamic_key_coercionfunction_has(key:_string,_value:_object):_boolean_{_return_key_in_value;_} (0.06s)
=== CONT  TestReadinessElisionRequiresDominatingAssignment/finally-write
=== CONT  TestReadinessElisionRequiresDominatingAssignment/catch-write
=== CONT  TestReadinessElisionRequiresDominatingAssignment/do-loop
=== CONT  TestReadinessElisionRequiresDominatingAssignment/captured-read
=== CONT  TestReadinessElisionRequiresDominatingAssignment/captured-write
=== CONT  TestReadinessElisionRequiresDominatingAssignment/loop-body
=== CONT  TestReadinessElisionRequiresDominatingAssignment/zero-iteration
=== CONT  TestProvenRelationsRefuse/satisfies_mutable_array
=== CONT  TestProvenRelationsRefuse/satisfies_nested_optional
=== CONT  TestProvenRelationsRefuse/upcast_invariant_optional_class_argument
=== CONT  TestProvenRelationsRefuse/satisfies_mutable_optional_field
--- PASS: TestReadinessElisionRequiresDominatingAssignment (0.00s)
    --- PASS: TestReadinessElisionRequiresDominatingAssignment/branch-join (0.06s)
    --- PASS: TestReadinessElisionRequiresDominatingAssignment/throw-before-write (0.07s)
    --- PASS: TestReadinessElisionRequiresDominatingAssignment/field-join (0.06s)
    --- PASS: TestReadinessElisionRequiresDominatingAssignment/field-missing-join (0.10s)
    --- PASS: TestReadinessElisionRequiresDominatingAssignment/finally-write (0.06s)
    --- PASS: TestReadinessElisionRequiresDominatingAssignment/field-write (0.07s)
    --- PASS: TestReadinessElisionRequiresDominatingAssignment/catch-write (0.07s)
    --- PASS: TestReadinessElisionRequiresDominatingAssignment/loop-body (0.03s)
    --- PASS: TestReadinessElisionRequiresDominatingAssignment/do-loop (0.05s)
    --- PASS: TestReadinessElisionRequiresDominatingAssignment/captured-write (0.04s)
    --- PASS: TestReadinessElisionRequiresDominatingAssignment/captured-read (0.06s)
    --- PASS: TestReadinessElisionRequiresDominatingAssignment/zero-iteration (0.08s)
=== CONT  TestProvenRelationsRefuse/upcast_mutable_optional_elements
=== CONT  TestProvenRelationsRefuse/upcast_hidden_optional
=== CONT  TestProvenRelationsRefuse/satisfies_hidden_optional
=== CONT  TestProvenRelationsRefuse/satisfies_nominal_identity
=== CONT  TestProvenRelationsRefuse/upcast_nominal_identity
=== CONT  TestProvenRelationsRefuse/upcast_function_parameter
=== CONT  TestProvenRelationsRefuse/satisfies_function_parameter
=== CONT  TestProvenRelationsRefuse/satisfies_readonly_to_writable
=== CONT  TestProvenRelationsRefuse/satisfies_nested_mutable_literal
=== CONT  TestProvenRelationsRefuse/satisfies_mutable_field
=== CONT  TestProvenRelationsRefuse/upcast_mutable_array
=== CONT  TestInheritedLibraryReadsNeverLoadOwnFields/object/constructor/bracket=false
=== CONT  TestInheritedLibraryReadsNeverLoadOwnFields/class/toString/bracket=false
=== CONT  TestInheritedLibraryReadsNeverLoadOwnFields/class/propertyIsEnumerable/bracket=true
=== CONT  TestInheritedLibraryReadsNeverLoadOwnFields/class/propertyIsEnumerable/bracket=false
--- PASS: TestProvenRelationsRefuse (0.00s)
    --- PASS: TestProvenRelationsRefuse/satisfies_nested_optional (0.06s)
    --- PASS: TestProvenRelationsRefuse/satisfies_mutable_array (0.08s)
    --- PASS: TestProvenRelationsRefuse/upcast_invariant_optional_class_argument (0.07s)
    --- PASS: TestProvenRelationsRefuse/upcast_hidden_optional (0.03s)
    --- PASS: TestProvenRelationsRefuse/satisfies_mutable_optional_field (0.09s)
    --- PASS: TestProvenRelationsRefuse/satisfies_nominal_identity (0.04s)
    --- PASS: TestProvenRelationsRefuse/upcast_mutable_optional_elements (0.06s)
    --- PASS: TestProvenRelationsRefuse/upcast_nominal_identity (0.05s)
    --- PASS: TestProvenRelationsRefuse/satisfies_hidden_optional (0.08s)
    --- PASS: TestProvenRelationsRefuse/upcast_function_parameter (0.04s)
    --- PASS: TestProvenRelationsRefuse/satisfies_readonly_to_writable (0.04s)
    --- PASS: TestProvenRelationsRefuse/satisfies_function_parameter (0.05s)
    --- PASS: TestProvenRelationsRefuse/satisfies_nested_mutable_literal (0.05s)
    --- PASS: TestProvenRelationsRefuse/satisfies_mutable_field (0.05s)
    --- PASS: TestProvenRelationsRefuse/upcast_mutable_array (0.05s)
=== CONT  TestInheritedLibraryReadsNeverLoadOwnFields/class/isPrototypeOf/bracket=true
=== CONT  TestInheritedLibraryReadsNeverLoadOwnFields/class/isPrototypeOf/bracket=false
=== CONT  TestInheritedLibraryReadsNeverLoadOwnFields/class/__lookupSetter__/bracket=true
=== CONT  TestInheritedLibraryReadsNeverLoadOwnFields/class/__lookupSetter__/bracket=false
=== CONT  TestInheritedLibraryReadsNeverLoadOwnFields/class/__lookupGetter__/bracket=true
=== CONT  TestInheritedLibraryReadsNeverLoadOwnFields/class/__lookupGetter__/bracket=false
=== CONT  TestInheritedLibraryReadsNeverLoadOwnFields/class/hasOwnProperty/bracket=true
=== CONT  TestInheritedLibraryReadsNeverLoadOwnFields/class/hasOwnProperty/bracket=false
=== CONT  TestInheritedLibraryReadsNeverLoadOwnFields/class/__defineSetter__/bracket=true
=== CONT  TestInheritedLibraryReadsNeverLoadOwnFields/class/__defineSetter__/bracket=false
=== CONT  TestInheritedLibraryReadsNeverLoadOwnFields/class/__defineGetter__/bracket=true
=== CONT  TestInheritedLibraryReadsNeverLoadOwnFields/class/__defineGetter__/bracket=false
=== CONT  TestInheritedLibraryReadsNeverLoadOwnFields/class/constructor/bracket=true
=== CONT  TestInheritedLibraryReadsNeverLoadOwnFields/class/constructor/bracket=false
=== CONT  TestInheritedLibraryReadsNeverLoadOwnFields/boolean/toLocaleString/bracket=true
=== CONT  TestInheritedLibraryReadsNeverLoadOwnFields/boolean/toLocaleString/bracket=false
=== CONT  TestInheritedLibraryReadsNeverLoadOwnFields/boolean/__proto__/bracket=true
=== CONT  TestInheritedLibraryReadsNeverLoadOwnFields/boolean/__proto__/bracket=false
=== CONT  TestInheritedLibraryReadsNeverLoadOwnFields/boolean/valueOf/bracket=true
=== CONT  TestInheritedLibraryReadsNeverLoadOwnFields/boolean/valueOf/bracket=false
=== CONT  TestInheritedLibraryReadsNeverLoadOwnFields/boolean/toString/bracket=true
=== CONT  TestInheritedLibraryReadsNeverLoadOwnFields/union/toLocaleString/bracket=true
=== CONT  TestInheritedLibraryReadsNeverLoadOwnFields/union/toLocaleString/bracket=false
=== CONT  TestInheritedLibraryReadsNeverLoadOwnFields/union/__proto__/bracket=true
=== CONT  TestInheritedLibraryReadsNeverLoadOwnFields/union/__proto__/bracket=false
=== CONT  TestInheritedLibraryReadsNeverLoadOwnFields/union/valueOf/bracket=true
=== CONT  TestInheritedLibraryReadsNeverLoadOwnFields/union/valueOf/bracket=false
=== CONT  TestInheritedLibraryReadsNeverLoadOwnFields/union/toString/bracket=true
=== CONT  TestInheritedLibraryReadsNeverLoadOwnFields/union/toString/bracket=false
=== CONT  TestInheritedLibraryReadsNeverLoadOwnFields/union/propertyIsEnumerable/bracket=true
=== CONT  TestInheritedLibraryReadsNeverLoadOwnFields/union/propertyIsEnumerable/bracket=false
=== CONT  TestInheritedLibraryReadsNeverLoadOwnFields/union/isPrototypeOf/bracket=true
=== CONT  TestInheritedLibraryReadsNeverLoadOwnFields/union/isPrototypeOf/bracket=false
=== CONT  TestInheritedLibraryReadsNeverLoadOwnFields/union/__lookupSetter__/bracket=true
=== CONT  TestInheritedLibraryReadsNeverLoadOwnFields/union/__lookupSetter__/bracket=false
=== CONT  TestInheritedLibraryReadsNeverLoadOwnFields/union/__lookupGetter__/bracket=true
=== CONT  TestInheritedLibraryReadsNeverLoadOwnFields/union/__lookupGetter__/bracket=false
=== CONT  TestInheritedLibraryReadsNeverLoadOwnFields/union/hasOwnProperty/bracket=true
=== CONT  TestInheritedLibraryReadsNeverLoadOwnFields/union/hasOwnProperty/bracket=false
=== CONT  TestInheritedLibraryReadsNeverLoadOwnFields/union/__defineSetter__/bracket=true
=== CONT  TestInheritedLibraryReadsNeverLoadOwnFields/union/__defineSetter__/bracket=false
=== CONT  TestInheritedLibraryReadsNeverLoadOwnFields/union/__defineGetter__/bracket=true
=== CONT  TestInheritedLibraryReadsNeverLoadOwnFields/union/__defineGetter__/bracket=false
=== CONT  TestInheritedLibraryReadsNeverLoadOwnFields/union/constructor/bracket=true
=== CONT  TestInheritedLibraryReadsNeverLoadOwnFields/error/__proto__/bracket=true
=== CONT  TestInheritedLibraryReadsNeverLoadOwnFields/union/constructor/bracket=false
=== CONT  TestInheritedLibraryReadsNeverLoadOwnFields/error/toLocaleString/bracket=true
=== CONT  TestInheritedLibraryReadsNeverLoadOwnFields/error/toLocaleString/bracket=false
=== CONT  TestInheritedLibraryReadsNeverLoadOwnFields/error/__proto__/bracket=false
=== CONT  TestInheritedLibraryReadsNeverLoadOwnFields/error/valueOf/bracket=true
=== CONT  TestInheritedLibraryReadsNeverLoadOwnFields/error/valueOf/bracket=false
=== CONT  TestInheritedLibraryReadsNeverLoadOwnFields/error/toString/bracket=true
=== CONT  TestInheritedLibraryReadsNeverLoadOwnFields/error/toString/bracket=false
=== CONT  TestInheritedLibraryReadsNeverLoadOwnFields/error/propertyIsEnumerable/bracket=true
=== CONT  TestInheritedLibraryReadsNeverLoadOwnFields/error/propertyIsEnumerable/bracket=false
=== CONT  TestInheritedLibraryReadsNeverLoadOwnFields/error/isPrototypeOf/bracket=true
=== CONT  TestInheritedLibraryReadsNeverLoadOwnFields/error/isPrototypeOf/bracket=false
=== CONT  TestInheritedLibraryReadsNeverLoadOwnFields/error/__lookupSetter__/bracket=true
=== CONT  TestInheritedLibraryReadsNeverLoadOwnFields/error/__lookupSetter__/bracket=false
=== CONT  TestInheritedLibraryReadsNeverLoadOwnFields/error/__lookupGetter__/bracket=true
=== CONT  TestInheritedLibraryReadsNeverLoadOwnFields/error/__lookupGetter__/bracket=false
=== CONT  TestInheritedLibraryReadsNeverLoadOwnFields/error/hasOwnProperty/bracket=true
=== CONT  TestInheritedLibraryReadsNeverLoadOwnFields/error/hasOwnProperty/bracket=false
=== CONT  TestInheritedLibraryReadsNeverLoadOwnFields/error/__defineSetter__/bracket=true
=== CONT  TestInheritedLibraryReadsNeverLoadOwnFields/error/__defineSetter__/bracket=false
=== CONT  TestInheritedLibraryReadsNeverLoadOwnFields/error/__defineGetter__/bracket=true
=== CONT  TestInheritedLibraryReadsNeverLoadOwnFields/error/__defineGetter__/bracket=false
=== CONT  TestInheritedLibraryReadsNeverLoadOwnFields/error/constructor/bracket=true
=== CONT  TestInheritedLibraryReadsNeverLoadOwnFields/error/constructor/bracket=false
=== CONT  TestInheritedLibraryReadsNeverLoadOwnFields/function/toLocaleString/bracket=true
=== CONT  TestInheritedLibraryReadsNeverLoadOwnFields/function/toLocaleString/bracket=false
=== CONT  TestInheritedLibraryReadsNeverLoadOwnFields/function/__proto__/bracket=true
=== CONT  TestInheritedLibraryReadsNeverLoadOwnFields/function/__proto__/bracket=false
=== CONT  TestInheritedLibraryReadsNeverLoadOwnFields/function/valueOf/bracket=true
=== CONT  TestInheritedLibraryReadsNeverLoadOwnFields/function/valueOf/bracket=false
=== CONT  TestInheritedLibraryReadsNeverLoadOwnFields/function/toString/bracket=true
=== CONT  TestInheritedLibraryReadsNeverLoadOwnFields/function/toString/bracket=false
=== CONT  TestInheritedLibraryReadsNeverLoadOwnFields/function/propertyIsEnumerable/bracket=true
=== CONT  TestInheritedLibraryReadsNeverLoadOwnFields/function/propertyIsEnumerable/bracket=false
=== CONT  TestInheritedLibraryReadsNeverLoadOwnFields/function/isPrototypeOf/bracket=true
=== CONT  TestInheritedLibraryReadsNeverLoadOwnFields/function/isPrototypeOf/bracket=false
=== CONT  TestInheritedLibraryReadsNeverLoadOwnFields/function/__lookupSetter__/bracket=true
=== CONT  TestInheritedLibraryReadsNeverLoadOwnFields/function/__lookupSetter__/bracket=false
=== CONT  TestInheritedLibraryReadsNeverLoadOwnFields/function/__lookupGetter__/bracket=true
=== CONT  TestInheritedLibraryReadsNeverLoadOwnFields/function/__lookupGetter__/bracket=false
=== CONT  TestInheritedLibraryReadsNeverLoadOwnFields/function/hasOwnProperty/bracket=true
=== CONT  TestInheritedLibraryReadsNeverLoadOwnFields/function/hasOwnProperty/bracket=false
=== CONT  TestInheritedLibraryReadsNeverLoadOwnFields/function/__defineSetter__/bracket=true
=== CONT  TestInheritedLibraryReadsNeverLoadOwnFields/function/__defineSetter__/bracket=false
=== CONT  TestInheritedLibraryReadsNeverLoadOwnFields/function/__defineGetter__/bracket=true
=== CONT  TestInheritedLibraryReadsNeverLoadOwnFields/function/__defineGetter__/bracket=false
=== CONT  TestInheritedLibraryReadsNeverLoadOwnFields/function/constructor/bracket=true
=== CONT  TestInheritedLibraryReadsNeverLoadOwnFields/function/constructor/bracket=false
=== CONT  TestInheritedLibraryReadsNeverLoadOwnFields/set/toLocaleString/bracket=true
=== CONT  TestInheritedLibraryReadsNeverLoadOwnFields/set/toLocaleString/bracket=false
=== CONT  TestInheritedLibraryReadsNeverLoadOwnFields/set/__proto__/bracket=true
=== CONT  TestInheritedLibraryReadsNeverLoadOwnFields/set/__proto__/bracket=false
=== CONT  TestInheritedLibraryReadsNeverLoadOwnFields/set/valueOf/bracket=true
=== CONT  TestInheritedLibraryReadsNeverLoadOwnFields/set/valueOf/bracket=false
=== CONT  TestInheritedLibraryReadsNeverLoadOwnFields/set/toString/bracket=true
=== CONT  TestInheritedLibraryReadsNeverLoadOwnFields/set/toString/bracket=false
=== CONT  TestInheritedLibraryReadsNeverLoadOwnFields/set/propertyIsEnumerable/bracket=true
=== CONT  TestInheritedLibraryReadsNeverLoadOwnFields/set/propertyIsEnumerable/bracket=false
=== CONT  TestInheritedLibraryReadsNeverLoadOwnFields/set/isPrototypeOf/bracket=true
=== CONT  TestInheritedLibraryReadsNeverLoadOwnFields/set/isPrototypeOf/bracket=false
=== CONT  TestInheritedLibraryReadsNeverLoadOwnFields/set/hasOwnProperty/bracket=false
=== CONT  TestInheritedLibraryReadsNeverLoadOwnFields/set/__lookupSetter__/bracket=true
=== CONT  TestInheritedLibraryReadsNeverLoadOwnFields/set/__lookupSetter__/bracket=false
=== CONT  TestInheritedLibraryReadsNeverLoadOwnFields/set/__lookupGetter__/bracket=true
=== CONT  TestInheritedLibraryReadsNeverLoadOwnFields/set/__lookupGetter__/bracket=false
=== CONT  TestInheritedLibraryReadsNeverLoadOwnFields/set/hasOwnProperty/bracket=true
=== CONT  TestInheritedLibraryReadsNeverLoadOwnFields/set/__defineSetter__/bracket=true
=== CONT  TestInheritedLibraryReadsNeverLoadOwnFields/set/__defineSetter__/bracket=false
=== CONT  TestInheritedLibraryReadsNeverLoadOwnFields/set/__defineGetter__/bracket=true
=== CONT  TestInheritedLibraryReadsNeverLoadOwnFields/set/__defineGetter__/bracket=false
=== CONT  TestInheritedLibraryReadsNeverLoadOwnFields/set/constructor/bracket=true
=== CONT  TestInheritedLibraryReadsNeverLoadOwnFields/set/constructor/bracket=false
=== CONT  TestInheritedLibraryReadsNeverLoadOwnFields/map/toLocaleString/bracket=true
=== CONT  TestInheritedLibraryReadsNeverLoadOwnFields/map/toLocaleString/bracket=false
=== CONT  TestInheritedLibraryReadsNeverLoadOwnFields/map/__proto__/bracket=true
=== CONT  TestInheritedLibraryReadsNeverLoadOwnFields/map/__proto__/bracket=false
=== CONT  TestInheritedLibraryReadsNeverLoadOwnFields/map/valueOf/bracket=true
=== CONT  TestInheritedLibraryReadsNeverLoadOwnFields/map/valueOf/bracket=false
=== CONT  TestInheritedLibraryReadsNeverLoadOwnFields/map/toString/bracket=true
=== CONT  TestInheritedLibraryReadsNeverLoadOwnFields/map/toString/bracket=false
=== CONT  TestInheritedLibraryReadsNeverLoadOwnFields/map/propertyIsEnumerable/bracket=true
=== CONT  TestInheritedLibraryReadsNeverLoadOwnFields/map/propertyIsEnumerable/bracket=false
=== CONT  TestInheritedLibraryReadsNeverLoadOwnFields/map/isPrototypeOf/bracket=true
=== CONT  TestInheritedLibraryReadsNeverLoadOwnFields/map/isPrototypeOf/bracket=false
=== CONT  TestInheritedLibraryReadsNeverLoadOwnFields/map/__lookupSetter__/bracket=true
=== CONT  TestInheritedLibraryReadsNeverLoadOwnFields/map/__lookupSetter__/bracket=false
=== CONT  TestInheritedLibraryReadsNeverLoadOwnFields/map/__lookupGetter__/bracket=true
=== CONT  TestInheritedLibraryReadsNeverLoadOwnFields/map/__lookupGetter__/bracket=false
=== CONT  TestInheritedLibraryReadsNeverLoadOwnFields/map/hasOwnProperty/bracket=true
=== CONT  TestInheritedLibraryReadsNeverLoadOwnFields/map/hasOwnProperty/bracket=false
=== CONT  TestInheritedLibraryReadsNeverLoadOwnFields/map/__defineSetter__/bracket=true
=== CONT  TestInheritedLibraryReadsNeverLoadOwnFields/map/__defineSetter__/bracket=false
=== CONT  TestInheritedLibraryReadsNeverLoadOwnFields/map/__defineGetter__/bracket=true
=== CONT  TestInheritedLibraryReadsNeverLoadOwnFields/map/__defineGetter__/bracket=false
=== CONT  TestInheritedLibraryReadsNeverLoadOwnFields/map/constructor/bracket=true
=== CONT  TestInheritedLibraryReadsNeverLoadOwnFields/map/constructor/bracket=false
=== CONT  TestInheritedLibraryReadsNeverLoadOwnFields/class/toLocaleString/bracket=true
=== CONT  TestInheritedLibraryReadsNeverLoadOwnFields/class/toLocaleString/bracket=false
=== CONT  TestInheritedLibraryReadsNeverLoadOwnFields/class/__proto__/bracket=true
=== CONT  TestInheritedLibraryReadsNeverLoadOwnFields/class/__proto__/bracket=false
=== CONT  TestInheritedLibraryReadsNeverLoadOwnFields/class/valueOf/bracket=true
=== CONT  TestInheritedLibraryReadsNeverLoadOwnFields/class/valueOf/bracket=false
=== CONT  TestInheritedLibraryReadsNeverLoadOwnFields/class/toString/bracket=true
=== CONT  TestInheritedLibraryReadsNeverLoadOwnFields/array/__lookupGetter__/bracket=false
=== CONT  TestInheritedLibraryReadsNeverLoadOwnFields/boolean/toString/bracket=false
=== CONT  TestInheritedLibraryReadsNeverLoadOwnFields/boolean/propertyIsEnumerable/bracket=true
=== CONT  TestInheritedLibraryReadsNeverLoadOwnFields/boolean/propertyIsEnumerable/bracket=false
=== CONT  TestInheritedLibraryReadsNeverLoadOwnFields/boolean/isPrototypeOf/bracket=true
=== CONT  TestInheritedLibraryReadsNeverLoadOwnFields/boolean/isPrototypeOf/bracket=false
=== CONT  TestInheritedLibraryReadsNeverLoadOwnFields/boolean/__lookupSetter__/bracket=true
=== CONT  TestInheritedLibraryReadsNeverLoadOwnFields/boolean/__lookupSetter__/bracket=false
=== CONT  TestInheritedLibraryReadsNeverLoadOwnFields/boolean/__lookupGetter__/bracket=true
=== CONT  TestInheritedLibraryReadsNeverLoadOwnFields/boolean/__lookupGetter__/bracket=false
=== CONT  TestInheritedLibraryReadsNeverLoadOwnFields/boolean/hasOwnProperty/bracket=true
=== CONT  TestInheritedLibraryReadsNeverLoadOwnFields/boolean/hasOwnProperty/bracket=false
=== CONT  TestInheritedLibraryReadsNeverLoadOwnFields/boolean/__defineSetter__/bracket=true
=== CONT  TestInheritedLibraryReadsNeverLoadOwnFields/boolean/__defineSetter__/bracket=false
=== CONT  TestInheritedLibraryReadsNeverLoadOwnFields/boolean/__defineGetter__/bracket=true
=== CONT  TestInheritedLibraryReadsNeverLoadOwnFields/boolean/__defineGetter__/bracket=false
=== CONT  TestInheritedLibraryReadsNeverLoadOwnFields/boolean/constructor/bracket=true
=== CONT  TestInheritedLibraryReadsNeverLoadOwnFields/boolean/constructor/bracket=false
=== CONT  TestInheritedLibraryReadsNeverLoadOwnFields/string/toLocaleString/bracket=true
=== CONT  TestInheritedLibraryReadsNeverLoadOwnFields/string/toLocaleString/bracket=false
=== CONT  TestInheritedLibraryReadsNeverLoadOwnFields/string/__proto__/bracket=true
=== CONT  TestInheritedLibraryReadsNeverLoadOwnFields/string/__proto__/bracket=false
=== CONT  TestInheritedLibraryReadsNeverLoadOwnFields/string/valueOf/bracket=true
=== CONT  TestInheritedLibraryReadsNeverLoadOwnFields/string/valueOf/bracket=false
=== CONT  TestInheritedLibraryReadsNeverLoadOwnFields/string/toString/bracket=true
=== CONT  TestInheritedLibraryReadsNeverLoadOwnFields/string/toString/bracket=false
=== CONT  TestInheritedLibraryReadsNeverLoadOwnFields/string/propertyIsEnumerable/bracket=true
=== CONT  TestInheritedLibraryReadsNeverLoadOwnFields/string/propertyIsEnumerable/bracket=false
=== CONT  TestInheritedLibraryReadsNeverLoadOwnFields/string/isPrototypeOf/bracket=true
=== CONT  TestInheritedLibraryReadsNeverLoadOwnFields/string/isPrototypeOf/bracket=false
=== CONT  TestInheritedLibraryReadsNeverLoadOwnFields/string/__lookupSetter__/bracket=true
=== CONT  TestInheritedLibraryReadsNeverLoadOwnFields/string/__lookupSetter__/bracket=false
=== CONT  TestInheritedLibraryReadsNeverLoadOwnFields/string/__lookupGetter__/bracket=true
=== CONT  TestInheritedLibraryReadsNeverLoadOwnFields/string/__lookupGetter__/bracket=false
=== CONT  TestInheritedLibraryReadsNeverLoadOwnFields/string/hasOwnProperty/bracket=true
=== CONT  TestInheritedLibraryReadsNeverLoadOwnFields/string/hasOwnProperty/bracket=false
=== CONT  TestInheritedLibraryReadsNeverLoadOwnFields/string/__defineSetter__/bracket=true
=== CONT  TestInheritedLibraryReadsNeverLoadOwnFields/string/__defineSetter__/bracket=false
=== CONT  TestInheritedLibraryReadsNeverLoadOwnFields/string/__defineGetter__/bracket=true
=== CONT  TestInheritedLibraryReadsNeverLoadOwnFields/string/__defineGetter__/bracket=false
=== CONT  TestInheritedLibraryReadsNeverLoadOwnFields/string/constructor/bracket=true
=== CONT  TestInheritedLibraryReadsNeverLoadOwnFields/string/constructor/bracket=false
=== CONT  TestInheritedLibraryReadsNeverLoadOwnFields/number/toLocaleString/bracket=true
=== CONT  TestInheritedLibraryReadsNeverLoadOwnFields/number/toLocaleString/bracket=false
=== CONT  TestInheritedLibraryReadsNeverLoadOwnFields/number/__proto__/bracket=true
=== CONT  TestInheritedLibraryReadsNeverLoadOwnFields/number/__proto__/bracket=false
=== CONT  TestInheritedLibraryReadsNeverLoadOwnFields/number/valueOf/bracket=true
=== CONT  TestInheritedLibraryReadsNeverLoadOwnFields/number/valueOf/bracket=false
=== CONT  TestInheritedLibraryReadsNeverLoadOwnFields/number/toString/bracket=true
=== CONT  TestInheritedLibraryReadsNeverLoadOwnFields/number/toString/bracket=false
=== CONT  TestInheritedLibraryReadsNeverLoadOwnFields/number/propertyIsEnumerable/bracket=true
=== CONT  TestInheritedLibraryReadsNeverLoadOwnFields/number/propertyIsEnumerable/bracket=false
=== CONT  TestInheritedLibraryReadsNeverLoadOwnFields/number/isPrototypeOf/bracket=true
=== CONT  TestInheritedLibraryReadsNeverLoadOwnFields/number/isPrototypeOf/bracket=false
=== CONT  TestInheritedLibraryReadsNeverLoadOwnFields/number/__lookupSetter__/bracket=true
=== CONT  TestInheritedLibraryReadsNeverLoadOwnFields/number/__lookupSetter__/bracket=false
=== CONT  TestInheritedLibraryReadsNeverLoadOwnFields/number/__lookupGetter__/bracket=true
=== CONT  TestInheritedLibraryReadsNeverLoadOwnFields/number/__lookupGetter__/bracket=false
=== CONT  TestInheritedLibraryReadsNeverLoadOwnFields/number/hasOwnProperty/bracket=true
=== CONT  TestInheritedLibraryReadsNeverLoadOwnFields/number/hasOwnProperty/bracket=false
=== CONT  TestInheritedLibraryReadsNeverLoadOwnFields/number/__defineSetter__/bracket=true
=== CONT  TestInheritedLibraryReadsNeverLoadOwnFields/number/__defineSetter__/bracket=false
=== CONT  TestInheritedLibraryReadsNeverLoadOwnFields/number/__defineGetter__/bracket=true
=== CONT  TestInheritedLibraryReadsNeverLoadOwnFields/number/__defineGetter__/bracket=false
=== CONT  TestInheritedLibraryReadsNeverLoadOwnFields/number/constructor/bracket=true
=== CONT  TestInheritedLibraryReadsNeverLoadOwnFields/number/constructor/bracket=false
=== CONT  TestInheritedLibraryReadsNeverLoadOwnFields/tuple/toLocaleString/bracket=true
=== CONT  TestInheritedLibraryReadsNeverLoadOwnFields/tuple/toLocaleString/bracket=false
=== CONT  TestInheritedLibraryReadsNeverLoadOwnFields/tuple/__proto__/bracket=true
=== CONT  TestInheritedLibraryReadsNeverLoadOwnFields/tuple/__proto__/bracket=false
=== CONT  TestInheritedLibraryReadsNeverLoadOwnFields/tuple/valueOf/bracket=true
=== CONT  TestInheritedLibraryReadsNeverLoadOwnFields/tuple/valueOf/bracket=false
=== CONT  TestInheritedLibraryReadsNeverLoadOwnFields/tuple/toString/bracket=true
=== CONT  TestInheritedLibraryReadsNeverLoadOwnFields/tuple/toString/bracket=false
=== CONT  TestInheritedLibraryReadsNeverLoadOwnFields/tuple/propertyIsEnumerable/bracket=true
=== CONT  TestInheritedLibraryReadsNeverLoadOwnFields/tuple/propertyIsEnumerable/bracket=false
=== CONT  TestInheritedLibraryReadsNeverLoadOwnFields/tuple/isPrototypeOf/bracket=true
=== CONT  TestInheritedLibraryReadsNeverLoadOwnFields/tuple/__lookupSetter__/bracket=true
=== CONT  TestInheritedLibraryReadsNeverLoadOwnFields/tuple/__lookupSetter__/bracket=false
=== CONT  TestInheritedLibraryReadsNeverLoadOwnFields/tuple/__lookupGetter__/bracket=true
=== CONT  TestInheritedLibraryReadsNeverLoadOwnFields/tuple/__lookupGetter__/bracket=false
=== CONT  TestInheritedLibraryReadsNeverLoadOwnFields/tuple/isPrototypeOf/bracket=false
=== CONT  TestInheritedLibraryReadsNeverLoadOwnFields/tuple/hasOwnProperty/bracket=true
=== CONT  TestInheritedLibraryReadsNeverLoadOwnFields/tuple/hasOwnProperty/bracket=false
=== CONT  TestInheritedLibraryReadsNeverLoadOwnFields/tuple/__defineSetter__/bracket=true
=== CONT  TestInheritedLibraryReadsNeverLoadOwnFields/tuple/__defineSetter__/bracket=false
=== CONT  TestInheritedLibraryReadsNeverLoadOwnFields/tuple/__defineGetter__/bracket=true
=== CONT  TestInheritedLibraryReadsNeverLoadOwnFields/tuple/__defineGetter__/bracket=false
=== CONT  TestInheritedLibraryReadsNeverLoadOwnFields/tuple/constructor/bracket=true
=== CONT  TestInheritedLibraryReadsNeverLoadOwnFields/tuple/constructor/bracket=false
=== CONT  TestInheritedLibraryReadsNeverLoadOwnFields/array/toLocaleString/bracket=true
=== CONT  TestInheritedLibraryReadsNeverLoadOwnFields/array/toLocaleString/bracket=false
=== CONT  TestInheritedLibraryReadsNeverLoadOwnFields/array/__proto__/bracket=true
=== CONT  TestInheritedLibraryReadsNeverLoadOwnFields/array/__proto__/bracket=false
=== CONT  TestInheritedLibraryReadsNeverLoadOwnFields/array/valueOf/bracket=true
=== CONT  TestInheritedLibraryReadsNeverLoadOwnFields/array/valueOf/bracket=false
=== CONT  TestInheritedLibraryReadsNeverLoadOwnFields/array/toString/bracket=true
=== CONT  TestInheritedLibraryReadsNeverLoadOwnFields/array/toString/bracket=false
=== CONT  TestInheritedLibraryReadsNeverLoadOwnFields/array/propertyIsEnumerable/bracket=true
=== CONT  TestInheritedLibraryReadsNeverLoadOwnFields/array/propertyIsEnumerable/bracket=false
=== CONT  TestInheritedLibraryReadsNeverLoadOwnFields/array/isPrototypeOf/bracket=true
=== CONT  TestInheritedLibraryReadsNeverLoadOwnFields/array/isPrototypeOf/bracket=false
=== CONT  TestInheritedLibraryReadsNeverLoadOwnFields/array/__lookupSetter__/bracket=true
=== CONT  TestInheritedLibraryReadsNeverLoadOwnFields/array/__lookupSetter__/bracket=false
=== CONT  TestInheritedLibraryReadsNeverLoadOwnFields/array/__lookupGetter__/bracket=true
=== CONT  TestInheritedLibraryReadsNeverLoadOwnFields/array/hasOwnProperty/bracket=true
=== CONT  TestInheritedLibraryReadsNeverLoadOwnFields/array/hasOwnProperty/bracket=false
=== CONT  TestInheritedLibraryReadsNeverLoadOwnFields/array/__defineSetter__/bracket=true
=== CONT  TestInheritedLibraryReadsNeverLoadOwnFields/array/__defineSetter__/bracket=false
=== CONT  TestInheritedLibraryReadsNeverLoadOwnFields/array/__defineGetter__/bracket=true
=== CONT  TestInheritedLibraryReadsNeverLoadOwnFields/array/__defineGetter__/bracket=false
=== CONT  TestInheritedLibraryReadsNeverLoadOwnFields/array/constructor/bracket=true
=== CONT  TestInheritedLibraryReadsNeverLoadOwnFields/array/constructor/bracket=false
=== CONT  TestInheritedLibraryReadsNeverLoadOwnFields/object/toLocaleString/bracket=true
=== CONT  TestInheritedLibraryReadsNeverLoadOwnFields/object/toLocaleString/bracket=false
=== CONT  TestInheritedLibraryReadsNeverLoadOwnFields/object/__proto__/bracket=true
=== CONT  TestInheritedLibraryReadsNeverLoadOwnFields/object/__proto__/bracket=false
=== CONT  TestInheritedLibraryReadsNeverLoadOwnFields/object/valueOf/bracket=true
=== CONT  TestInheritedLibraryReadsNeverLoadOwnFields/object/valueOf/bracket=false
=== CONT  TestInheritedLibraryReadsNeverLoadOwnFields/object/toString/bracket=true
=== CONT  TestInheritedLibraryReadsNeverLoadOwnFields/object/toString/bracket=false
=== CONT  TestInheritedLibraryReadsNeverLoadOwnFields/object/propertyIsEnumerable/bracket=true
=== CONT  TestInheritedLibraryReadsNeverLoadOwnFields/object/propertyIsEnumerable/bracket=false
=== CONT  TestInheritedLibraryReadsNeverLoadOwnFields/object/isPrototypeOf/bracket=true
=== CONT  TestInheritedLibraryReadsNeverLoadOwnFields/object/isPrototypeOf/bracket=false
=== CONT  TestInheritedLibraryReadsNeverLoadOwnFields/object/__lookupSetter__/bracket=true
=== CONT  TestInheritedLibraryReadsNeverLoadOwnFields/object/__lookupSetter__/bracket=false
=== CONT  TestInheritedLibraryReadsNeverLoadOwnFields/object/__lookupGetter__/bracket=true
=== CONT  TestInheritedLibraryReadsNeverLoadOwnFields/object/__lookupGetter__/bracket=false
=== CONT  TestInheritedLibraryReadsNeverLoadOwnFields/object/hasOwnProperty/bracket=true
=== CONT  TestInheritedLibraryReadsNeverLoadOwnFields/object/hasOwnProperty/bracket=false
=== CONT  TestInheritedLibraryReadsNeverLoadOwnFields/object/__defineSetter__/bracket=true
=== CONT  TestInheritedLibraryReadsNeverLoadOwnFields/object/__defineSetter__/bracket=false
=== CONT  TestInheritedLibraryReadsNeverLoadOwnFields/object/__defineGetter__/bracket=true
=== CONT  TestInheritedLibraryReadsNeverLoadOwnFields/object/__defineGetter__/bracket=false
=== CONT  TestInheritedLibraryReadsNeverLoadOwnFields/object/constructor/bracket=true
=== CONT  TestSuppressionDirectivesAreRefused/@ts-ignore/number.a///_@ts-ignore_
=== CONT  TestSuppressionDirectivesAreRefused/@ts-expect-error/number.a///_@ts-expect-error_
=== CONT  TestSuppressionDirectivesAreRefused/@ts-expect-error/call.a//**_prose__*_@ts-expect-error_*/_
=== CONT  TestSuppressionDirectivesAreRefused/@ts-expect-error/call.a//**_@ts-expect-error_*/_
--- PASS: TestInheritedLibraryReadsNeverLoadOwnFields (0.12s)
    --- PASS: TestInheritedLibraryReadsNeverLoadOwnFields/object/constructor/bracket=false (0.05s)
    --- PASS: TestInheritedLibraryReadsNeverLoadOwnFields/class/toString/bracket=false (0.06s)
    --- PASS: TestInheritedLibraryReadsNeverLoadOwnFields/class/propertyIsEnumerable/bracket=true (0.06s)
    --- PASS: TestInheritedLibraryReadsNeverLoadOwnFields/class/propertyIsEnumerable/bracket=false (0.06s)
    --- PASS: TestInheritedLibraryReadsNeverLoadOwnFields/class/isPrototypeOf/bracket=false (0.06s)
    --- PASS: TestInheritedLibraryReadsNeverLoadOwnFields/class/__lookupSetter__/bracket=true (0.06s)
    --- PASS: TestInheritedLibraryReadsNeverLoadOwnFields/class/isPrototypeOf/bracket=true (0.08s)
    --- PASS: TestInheritedLibraryReadsNeverLoadOwnFields/class/__lookupSetter__/bracket=false (0.04s)
    --- PASS: TestInheritedLibraryReadsNeverLoadOwnFields/class/__lookupGetter__/bracket=false (0.04s)
    --- PASS: TestInheritedLibraryReadsNeverLoadOwnFields/class/__lookupGetter__/bracket=true (0.06s)
    --- PASS: TestInheritedLibraryReadsNeverLoadOwnFields/class/hasOwnProperty/bracket=true (0.06s)
    --- PASS: TestInheritedLibraryReadsNeverLoadOwnFields/class/hasOwnProperty/bracket=false (0.06s)
    --- PASS: TestInheritedLibraryReadsNeverLoadOwnFields/class/__defineSetter__/bracket=true (0.06s)
    --- PASS: TestInheritedLibraryReadsNeverLoadOwnFields/class/__defineGetter__/bracket=true (0.05s)
    --- PASS: TestInheritedLibraryReadsNeverLoadOwnFields/class/__defineGetter__/bracket=false (0.03s)
    --- PASS: TestInheritedLibraryReadsNeverLoadOwnFields/class/constructor/bracket=true (0.03s)
    --- PASS: TestInheritedLibraryReadsNeverLoadOwnFields/class/__defineSetter__/bracket=false (0.09s)
    --- PASS: TestInheritedLibraryReadsNeverLoadOwnFields/class/constructor/bracket=false (0.05s)
    --- PASS: TestInheritedLibraryReadsNeverLoadOwnFields/boolean/__proto__/bracket=true (0.04s)
    --- PASS: TestInheritedLibraryReadsNeverLoadOwnFields/boolean/toLocaleString/bracket=true (0.05s)
    --- PASS: TestInheritedLibraryReadsNeverLoadOwnFields/boolean/toLocaleString/bracket=false (0.05s)
    --- PASS: TestInheritedLibraryReadsNeverLoadOwnFields/boolean/__proto__/bracket=false (0.06s)
    --- PASS: TestInheritedLibraryReadsNeverLoadOwnFields/boolean/valueOf/bracket=true (0.06s)
    --- PASS: TestInheritedLibraryReadsNeverLoadOwnFields/boolean/valueOf/bracket=false (0.06s)
    --- PASS: TestInheritedLibraryReadsNeverLoadOwnFields/boolean/toString/bracket=true (0.08s)
    --- PASS: TestInheritedLibraryReadsNeverLoadOwnFields/union/toLocaleString/bracket=true (0.09s)
    --- PASS: TestInheritedLibraryReadsNeverLoadOwnFields/union/toLocaleString/bracket=false (0.06s)
    --- PASS: TestInheritedLibraryReadsNeverLoadOwnFields/union/__proto__/bracket=true (0.05s)
    --- PASS: TestInheritedLibraryReadsNeverLoadOwnFields/union/__proto__/bracket=false (0.04s)
    --- PASS: TestInheritedLibraryReadsNeverLoadOwnFields/union/valueOf/bracket=true (0.05s)
    --- PASS: TestInheritedLibraryReadsNeverLoadOwnFields/union/toString/bracket=true (0.05s)
    --- PASS: TestInheritedLibraryReadsNeverLoadOwnFields/union/toString/bracket=false (0.05s)
    --- PASS: TestInheritedLibraryReadsNeverLoadOwnFields/union/valueOf/bracket=false (0.06s)
    --- PASS: TestInheritedLibraryReadsNeverLoadOwnFields/union/propertyIsEnumerable/bracket=true (0.06s)
    --- PASS: TestInheritedLibraryReadsNeverLoadOwnFields/union/propertyIsEnumerable/bracket=false (0.04s)
    --- PASS: TestInheritedLibraryReadsNeverLoadOwnFields/union/isPrototypeOf/bracket=false (0.04s)
    --- PASS: TestInheritedLibraryReadsNeverLoadOwnFields/union/isPrototypeOf/bracket=true (0.04s)
    --- PASS: TestInheritedLibraryReadsNeverLoadOwnFields/union/__lookupSetter__/bracket=true (0.04s)
    --- PASS: TestInheritedLibraryReadsNeverLoadOwnFields/union/__lookupSetter__/bracket=false (0.06s)
    --- PASS: TestInheritedLibraryReadsNeverLoadOwnFields/union/__lookupGetter__/bracket=true (0.07s)
    --- PASS: TestInheritedLibraryReadsNeverLoadOwnFields/union/__lookupGetter__/bracket=false (0.07s)
    --- PASS: TestInheritedLibraryReadsNeverLoadOwnFields/union/hasOwnProperty/bracket=true (0.07s)
    --- PASS: TestInheritedLibraryReadsNeverLoadOwnFields/union/hasOwnProperty/bracket=false (0.07s)
    --- PASS: TestInheritedLibraryReadsNeverLoadOwnFields/union/__defineSetter__/bracket=true (0.04s)
    --- PASS: TestInheritedLibraryReadsNeverLoadOwnFields/union/__defineSetter__/bracket=false (0.06s)
    --- PASS: TestInheritedLibraryReadsNeverLoadOwnFields/union/constructor/bracket=true (0.06s)
    --- PASS: TestInheritedLibraryReadsNeverLoadOwnFields/union/__defineGetter__/bracket=true (0.06s)
    --- PASS: TestInheritedLibraryReadsNeverLoadOwnFields/union/__defineGetter__/bracket=false (0.07s)
    --- PASS: TestInheritedLibraryReadsNeverLoadOwnFields/error/__proto__/bracket=true (0.09s)
    --- PASS: TestInheritedLibraryReadsNeverLoadOwnFields/union/constructor/bracket=false (0.05s)
    --- PASS: TestInheritedLibraryReadsNeverLoadOwnFields/error/__proto__/bracket=false (0.03s)
    --- PASS: TestInheritedLibraryReadsNeverLoadOwnFields/error/toLocaleString/bracket=false (0.04s)
    --- PASS: TestInheritedLibraryReadsNeverLoadOwnFields/error/toLocaleString/bracket=true (0.09s)
    --- PASS: TestInheritedLibraryReadsNeverLoadOwnFields/error/toString/bracket=false (0.04s)
    --- PASS: TestInheritedLibraryReadsNeverLoadOwnFields/error/toString/bracket=true (0.05s)
    --- PASS: TestInheritedLibraryReadsNeverLoadOwnFields/error/valueOf/bracket=false (0.07s)
    --- PASS: TestInheritedLibraryReadsNeverLoadOwnFields/error/valueOf/bracket=true (0.08s)
    --- PASS: TestInheritedLibraryReadsNeverLoadOwnFields/error/propertyIsEnumerable/bracket=true (0.04s)
    --- PASS: TestInheritedLibraryReadsNeverLoadOwnFields/error/propertyIsEnumerable/bracket=false (0.04s)
    --- PASS: TestInheritedLibraryReadsNeverLoadOwnFields/error/__lookupSetter__/bracket=true (0.04s)
    --- PASS: TestInheritedLibraryReadsNeverLoadOwnFields/error/isPrototypeOf/bracket=true (0.07s)
    --- PASS: TestInheritedLibraryReadsNeverLoadOwnFields/error/isPrototypeOf/bracket=false (0.05s)
    --- PASS: TestInheritedLibraryReadsNeverLoadOwnFields/error/__lookupSetter__/bracket=false (0.04s)
    --- PASS: TestInheritedLibraryReadsNeverLoadOwnFields/error/__lookupGetter__/bracket=true (0.08s)
    --- PASS: TestInheritedLibraryReadsNeverLoadOwnFields/error/hasOwnProperty/bracket=false (0.06s)
    --- PASS: TestInheritedLibraryReadsNeverLoadOwnFields/error/hasOwnProperty/bracket=true (0.07s)
    --- PASS: TestInheritedLibraryReadsNeverLoadOwnFields/error/__lookupGetter__/bracket=false (0.07s)
    --- PASS: TestInheritedLibraryReadsNeverLoadOwnFields/error/__defineSetter__/bracket=true (0.07s)
    --- PASS: TestInheritedLibraryReadsNeverLoadOwnFields/error/__defineGetter__/bracket=true (0.04s)
    --- PASS: TestInheritedLibraryReadsNeverLoadOwnFields/error/constructor/bracket=false (0.03s)
    --- PASS: TestInheritedLibraryReadsNeverLoadOwnFields/error/__defineGetter__/bracket=false (0.05s)
    --- PASS: TestInheritedLibraryReadsNeverLoadOwnFields/error/constructor/bracket=true (0.04s)
    --- PASS: TestInheritedLibraryReadsNeverLoadOwnFields/error/__defineSetter__/bracket=false (0.08s)
    --- PASS: TestInheritedLibraryReadsNeverLoadOwnFields/function/toLocaleString/bracket=true (0.06s)
    --- PASS: TestInheritedLibraryReadsNeverLoadOwnFields/function/valueOf/bracket=true (0.04s)
    --- PASS: TestInheritedLibraryReadsNeverLoadOwnFields/function/toLocaleString/bracket=false (0.07s)
    --- PASS: TestInheritedLibraryReadsNeverLoadOwnFields/function/__proto__/bracket=false (0.06s)
    --- PASS: TestInheritedLibraryReadsNeverLoadOwnFields/function/__proto__/bracket=true (0.08s)
    --- PASS: TestInheritedLibraryReadsNeverLoadOwnFields/function/valueOf/bracket=false (0.04s)
    --- PASS: TestInheritedLibraryReadsNeverLoadOwnFields/function/toString/bracket=false (0.04s)
    --- PASS: TestInheritedLibraryReadsNeverLoadOwnFields/function/propertyIsEnumerable/bracket=true (0.04s)
    --- PASS: TestInheritedLibraryReadsNeverLoadOwnFields/function/toString/bracket=true (0.05s)
    --- PASS: TestInheritedLibraryReadsNeverLoadOwnFields/function/propertyIsEnumerable/bracket=false (0.07s)
    --- PASS: TestInheritedLibraryReadsNeverLoadOwnFields/function/isPrototypeOf/bracket=true (0.06s)
    --- PASS: TestInheritedLibraryReadsNeverLoadOwnFields/function/__lookupSetter__/bracket=false (0.06s)
    --- PASS: TestInheritedLibraryReadsNeverLoadOwnFields/function/__lookupSetter__/bracket=true (0.08s)
    --- PASS: TestInheritedLibraryReadsNeverLoadOwnFields/function/isPrototypeOf/bracket=false (0.09s)
    --- PASS: TestInheritedLibraryReadsNeverLoadOwnFields/function/hasOwnProperty/bracket=true (0.05s)
    --- PASS: TestInheritedLibraryReadsNeverLoadOwnFields/function/__lookupGetter__/bracket=true (0.06s)
    --- PASS: TestInheritedLibraryReadsNeverLoadOwnFields/function/__lookupGetter__/bracket=false (0.06s)
    --- PASS: TestInheritedLibraryReadsNeverLoadOwnFields/function/__defineSetter__/bracket=true (0.03s)
    --- PASS: TestInheritedLibraryReadsNeverLoadOwnFields/function/hasOwnProperty/bracket=false (0.05s)
    --- PASS: TestInheritedLibraryReadsNeverLoadOwnFields/function/__defineGetter__/bracket=true (0.04s)
    --- PASS: TestInheritedLibraryReadsNeverLoadOwnFields/function/__defineSetter__/bracket=false (0.06s)
    --- PASS: TestInheritedLibraryReadsNeverLoadOwnFields/function/constructor/bracket=false (0.04s)
    --- PASS: TestInheritedLibraryReadsNeverLoadOwnFields/function/__defineGetter__/bracket=false (0.07s)
    --- PASS: TestInheritedLibraryReadsNeverLoadOwnFields/function/constructor/bracket=true (0.08s)
    --- PASS: TestInheritedLibraryReadsNeverLoadOwnFields/set/toLocaleString/bracket=true (0.05s)
    --- PASS: TestInheritedLibraryReadsNeverLoadOwnFields/set/toLocaleString/bracket=false (0.04s)
    --- PASS: TestInheritedLibraryReadsNeverLoadOwnFields/set/valueOf/bracket=true (0.03s)
    --- PASS: TestInheritedLibraryReadsNeverLoadOwnFields/set/__proto__/bracket=false (0.06s)
    --- PASS: TestInheritedLibraryReadsNeverLoadOwnFields/set/valueOf/bracket=false (0.05s)
    --- PASS: TestInheritedLibraryReadsNeverLoadOwnFields/set/__proto__/bracket=true (0.08s)
    --- PASS: TestInheritedLibraryReadsNeverLoadOwnFields/set/toString/bracket=true (0.06s)
    --- PASS: TestInheritedLibraryReadsNeverLoadOwnFields/set/toString/bracket=false (0.05s)
    --- PASS: TestInheritedLibraryReadsNeverLoadOwnFields/set/propertyIsEnumerable/bracket=false (0.04s)
    --- PASS: TestInheritedLibraryReadsNeverLoadOwnFields/set/propertyIsEnumerable/bracket=true (0.05s)
    --- PASS: TestInheritedLibraryReadsNeverLoadOwnFields/set/isPrototypeOf/bracket=true (0.04s)
    --- PASS: TestInheritedLibraryReadsNeverLoadOwnFields/set/isPrototypeOf/bracket=false (0.04s)
    --- PASS: TestInheritedLibraryReadsNeverLoadOwnFields/set/hasOwnProperty/bracket=false (0.06s)
    --- PASS: TestInheritedLibraryReadsNeverLoadOwnFields/set/__lookupSetter__/bracket=false (0.05s)
    --- PASS: TestInheritedLibraryReadsNeverLoadOwnFields/set/__lookupSetter__/bracket=true (0.06s)
    --- PASS: TestInheritedLibraryReadsNeverLoadOwnFields/set/__lookupGetter__/bracket=true (0.05s)
    --- PASS: TestInheritedLibraryReadsNeverLoadOwnFields/set/__lookupGetter__/bracket=false (0.06s)
    --- PASS: TestInheritedLibraryReadsNeverLoadOwnFields/set/hasOwnProperty/bracket=true (0.03s)
    --- PASS: TestInheritedLibraryReadsNeverLoadOwnFields/set/__defineSetter__/bracket=false (0.04s)
    --- PASS: TestInheritedLibraryReadsNeverLoadOwnFields/set/__defineGetter__/bracket=true (0.04s)
    --- PASS: TestInheritedLibraryReadsNeverLoadOwnFields/set/__defineGetter__/bracket=false (0.04s)
    --- PASS: TestInheritedLibraryReadsNeverLoadOwnFields/set/__defineSetter__/bracket=true (0.07s)
    --- PASS: TestInheritedLibraryReadsNeverLoadOwnFields/set/constructor/bracket=true (0.04s)
    --- PASS: TestInheritedLibraryReadsNeverLoadOwnFields/set/constructor/bracket=false (0.06s)
    --- PASS: TestInheritedLibraryReadsNeverLoadOwnFields/map/toLocaleString/bracket=true (0.06s)
    --- PASS: TestInheritedLibraryReadsNeverLoadOwnFields/map/toLocaleString/bracket=false (0.06s)
    --- PASS: TestInheritedLibraryReadsNeverLoadOwnFields/map/__proto__/bracket=true (0.06s)
    --- PASS: TestInheritedLibraryReadsNeverLoadOwnFields/map/__proto__/bracket=false (0.06s)
    --- PASS: TestInheritedLibraryReadsNeverLoadOwnFields/map/valueOf/bracket=true (0.05s)
    --- PASS: TestInheritedLibraryReadsNeverLoadOwnFields/map/toString/bracket=true (0.03s)
    --- PASS: TestInheritedLibraryReadsNeverLoadOwnFields/map/toString/bracket=false (0.03s)
    --- PASS: TestInheritedLibraryReadsNeverLoadOwnFields/map/valueOf/bracket=false (0.06s)
    --- PASS: TestInheritedLibraryReadsNeverLoadOwnFields/map/propertyIsEnumerable/bracket=true (0.04s)
    --- PASS: TestInheritedLibraryReadsNeverLoadOwnFields/map/propertyIsEnumerable/bracket=false (0.06s)
    --- PASS: TestInheritedLibraryReadsNeverLoadOwnFields/map/isPrototypeOf/bracket=true (0.06s)
    --- PASS: TestInheritedLibraryReadsNeverLoadOwnFields/map/__lookupSetter__/bracket=true (0.05s)
    --- PASS: TestInheritedLibraryReadsNeverLoadOwnFields/map/__lookupSetter__/bracket=false (0.05s)
    --- PASS: TestInheritedLibraryReadsNeverLoadOwnFields/map/isPrototypeOf/bracket=false (0.08s)
    --- PASS: TestInheritedLibraryReadsNeverLoadOwnFields/map/__lookupGetter__/bracket=true (0.04s)
    --- PASS: TestInheritedLibraryReadsNeverLoadOwnFields/map/__lookupGetter__/bracket=false (0.04s)
    --- PASS: TestInheritedLibraryReadsNeverLoadOwnFields/map/hasOwnProperty/bracket=false (0.05s)
    --- PASS: TestInheritedLibraryReadsNeverLoadOwnFields/map/__defineSetter__/bracket=false (0.03s)
    --- PASS: TestInheritedLibraryReadsNeverLoadOwnFields/map/__defineSetter__/bracket=true (0.06s)
    --- PASS: TestInheritedLibraryReadsNeverLoadOwnFields/map/__defineGetter__/bracket=true (0.05s)
    --- PASS: TestInheritedLibraryReadsNeverLoadOwnFields/map/hasOwnProperty/bracket=true (0.10s)
    --- PASS: TestInheritedLibraryReadsNeverLoadOwnFields/map/constructor/bracket=true (0.05s)
    --- PASS: TestInheritedLibraryReadsNeverLoadOwnFields/map/__defineGetter__/bracket=false (0.06s)
    --- PASS: TestInheritedLibraryReadsNeverLoadOwnFields/map/constructor/bracket=false (0.03s)
    --- PASS: TestInheritedLibraryReadsNeverLoadOwnFields/class/toLocaleString/bracket=false (0.04s)
    --- PASS: TestInheritedLibraryReadsNeverLoadOwnFields/class/toLocaleString/bracket=true (0.04s)
    --- PASS: TestInheritedLibraryReadsNeverLoadOwnFields/class/__proto__/bracket=true (0.04s)
    --- PASS: TestInheritedLibraryReadsNeverLoadOwnFields/class/__proto__/bracket=false (0.05s)
    --- PASS: TestInheritedLibraryReadsNeverLoadOwnFields/class/valueOf/bracket=true (0.07s)
    --- PASS: TestInheritedLibraryReadsNeverLoadOwnFields/array/__lookupGetter__/bracket=false (0.06s)
    --- PASS: TestInheritedLibraryReadsNeverLoadOwnFields/class/valueOf/bracket=false (0.07s)
    --- PASS: TestInheritedLibraryReadsNeverLoadOwnFields/class/toString/bracket=true (0.07s)
    --- PASS: TestInheritedLibraryReadsNeverLoadOwnFields/boolean/propertyIsEnumerable/bracket=false (0.03s)
    --- PASS: TestInheritedLibraryReadsNeverLoadOwnFields/boolean/toString/bracket=false (0.07s)
    --- PASS: TestInheritedLibraryReadsNeverLoadOwnFields/boolean/isPrototypeOf/bracket=false (0.03s)
    --- PASS: TestInheritedLibraryReadsNeverLoadOwnFields/boolean/isPrototypeOf/bracket=true (0.04s)
    --- PASS: TestInheritedLibraryReadsNeverLoadOwnFields/boolean/propertyIsEnumerable/bracket=true (0.07s)
    --- PASS: TestInheritedLibraryReadsNeverLoadOwnFields/boolean/__lookupGetter__/bracket=true (0.05s)
    --- PASS: TestInheritedLibraryReadsNeverLoadOwnFields/boolean/__lookupSetter__/bracket=true (0.06s)
    --- PASS: TestInheritedLibraryReadsNeverLoadOwnFields/boolean/__lookupSetter__/bracket=false (0.07s)
    --- PASS: TestInheritedLibraryReadsNeverLoadOwnFields/boolean/hasOwnProperty/bracket=true (0.05s)
    --- PASS: TestInheritedLibraryReadsNeverLoadOwnFields/boolean/hasOwnProperty/bracket=false (0.05s)
    --- PASS: TestInheritedLibraryReadsNeverLoadOwnFields/boolean/__lookupGetter__/bracket=false (0.09s)
    --- PASS: TestInheritedLibraryReadsNeverLoadOwnFields/boolean/__defineSetter__/bracket=true (0.05s)
    --- PASS: TestInheritedLibraryReadsNeverLoadOwnFields/boolean/__defineGetter__/bracket=true (0.05s)
    --- PASS: TestInheritedLibraryReadsNeverLoadOwnFields/boolean/__defineSetter__/bracket=false (0.06s)
    --- PASS: TestInheritedLibraryReadsNeverLoadOwnFields/boolean/constructor/bracket=false (0.05s)
    --- PASS: TestInheritedLibraryReadsNeverLoadOwnFields/boolean/constructor/bracket=true (0.05s)
    --- PASS: TestInheritedLibraryReadsNeverLoadOwnFields/boolean/__defineGetter__/bracket=false (0.09s)
    --- PASS: TestInheritedLibraryReadsNeverLoadOwnFields/string/toLocaleString/bracket=true (0.07s)
    --- PASS: TestInheritedLibraryReadsNeverLoadOwnFields/string/toLocaleString/bracket=false (0.06s)
    --- PASS: TestInheritedLibraryReadsNeverLoadOwnFields/string/__proto__/bracket=true (0.04s)
    --- PASS: TestInheritedLibraryReadsNeverLoadOwnFields/string/__proto__/bracket=false (0.04s)
    --- PASS: TestInheritedLibraryReadsNeverLoadOwnFields/string/toString/bracket=true (0.05s)
    --- PASS: TestInheritedLibraryReadsNeverLoadOwnFields/string/toString/bracket=false (0.06s)
    --- PASS: TestInheritedLibraryReadsNeverLoadOwnFields/string/valueOf/bracket=true (0.06s)
    --- PASS: TestInheritedLibraryReadsNeverLoadOwnFields/string/propertyIsEnumerable/bracket=true (0.06s)
    --- PASS: TestInheritedLibraryReadsNeverLoadOwnFields/string/valueOf/bracket=false (0.07s)
    --- PASS: TestInheritedLibraryReadsNeverLoadOwnFields/string/__lookupSetter__/bracket=true (0.04s)
    --- PASS: TestInheritedLibraryReadsNeverLoadOwnFields/string/isPrototypeOf/bracket=true (0.05s)
    --- PASS: TestInheritedLibraryReadsNeverLoadOwnFields/string/propertyIsEnumerable/bracket=false (0.05s)
    --- PASS: TestInheritedLibraryReadsNeverLoadOwnFields/string/__lookupSetter__/bracket=false (0.07s)
    --- PASS: TestInheritedLibraryReadsNeverLoadOwnFields/string/isPrototypeOf/bracket=false (0.08s)
    --- PASS: TestInheritedLibraryReadsNeverLoadOwnFields/string/hasOwnProperty/bracket=true (0.04s)
    --- PASS: TestInheritedLibraryReadsNeverLoadOwnFields/string/__lookupGetter__/bracket=true (0.04s)
    --- PASS: TestInheritedLibraryReadsNeverLoadOwnFields/string/__lookupGetter__/bracket=false (0.04s)
    --- PASS: TestInheritedLibraryReadsNeverLoadOwnFields/string/__defineSetter__/bracket=true (0.05s)
    --- PASS: TestInheritedLibraryReadsNeverLoadOwnFields/string/hasOwnProperty/bracket=false (0.05s)
    --- PASS: TestInheritedLibraryReadsNeverLoadOwnFields/string/__defineGetter__/bracket=false (0.04s)
    --- PASS: TestInheritedLibraryReadsNeverLoadOwnFields/string/__defineGetter__/bracket=true (0.06s)
    --- PASS: TestInheritedLibraryReadsNeverLoadOwnFields/string/constructor/bracket=true (0.04s)
    --- PASS: TestInheritedLibraryReadsNeverLoadOwnFields/string/constructor/bracket=false (0.05s)
    --- PASS: TestInheritedLibraryReadsNeverLoadOwnFields/number/toLocaleString/bracket=true (0.04s)
    --- PASS: TestInheritedLibraryReadsNeverLoadOwnFields/string/__defineSetter__/bracket=false (0.09s)
    --- PASS: TestInheritedLibraryReadsNeverLoadOwnFields/number/__proto__/bracket=false (0.04s)
    --- PASS: TestInheritedLibraryReadsNeverLoadOwnFields/number/valueOf/bracket=true (0.05s)
    --- PASS: TestInheritedLibraryReadsNeverLoadOwnFields/number/toLocaleString/bracket=false (0.06s)
    --- PASS: TestInheritedLibraryReadsNeverLoadOwnFields/number/__proto__/bracket=true (0.07s)
    --- PASS: TestInheritedLibraryReadsNeverLoadOwnFields/number/valueOf/bracket=false (0.07s)
    --- PASS: TestInheritedLibraryReadsNeverLoadOwnFields/number/toString/bracket=true (0.04s)
    --- PASS: TestInheritedLibraryReadsNeverLoadOwnFields/number/propertyIsEnumerable/bracket=false (0.04s)
    --- PASS: TestInheritedLibraryReadsNeverLoadOwnFields/number/propertyIsEnumerable/bracket=true (0.07s)
    --- PASS: TestInheritedLibraryReadsNeverLoadOwnFields/number/toString/bracket=false (0.09s)
    --- PASS: TestInheritedLibraryReadsNeverLoadOwnFields/number/isPrototypeOf/bracket=true (0.06s)
    --- PASS: TestInheritedLibraryReadsNeverLoadOwnFields/number/isPrototypeOf/bracket=false (0.06s)
    --- PASS: TestInheritedLibraryReadsNeverLoadOwnFields/number/__lookupSetter__/bracket=false (0.04s)
    --- PASS: TestInheritedLibraryReadsNeverLoadOwnFields/number/__lookupGetter__/bracket=true (0.04s)
    --- PASS: TestInheritedLibraryReadsNeverLoadOwnFields/number/__lookupGetter__/bracket=false (0.05s)
    --- PASS: TestInheritedLibraryReadsNeverLoadOwnFields/number/__lookupSetter__/bracket=true (0.10s)
    --- PASS: TestInheritedLibraryReadsNeverLoadOwnFields/number/hasOwnProperty/bracket=true (0.07s)
    --- PASS: TestInheritedLibraryReadsNeverLoadOwnFields/number/hasOwnProperty/bracket=false (0.06s)
    --- PASS: TestInheritedLibraryReadsNeverLoadOwnFields/number/__defineSetter__/bracket=true (0.06s)
    --- PASS: TestInheritedLibraryReadsNeverLoadOwnFields/number/__defineGetter__/bracket=true (0.06s)
    --- PASS: TestInheritedLibraryReadsNeverLoadOwnFields/number/__defineGetter__/bracket=false (0.04s)
    --- PASS: TestInheritedLibraryReadsNeverLoadOwnFields/number/__defineSetter__/bracket=false (0.07s)
    --- PASS: TestInheritedLibraryReadsNeverLoadOwnFields/number/constructor/bracket=true (0.05s)
    --- PASS: TestInheritedLibraryReadsNeverLoadOwnFields/tuple/toLocaleString/bracket=true (0.05s)
    --- PASS: TestInheritedLibraryReadsNeverLoadOwnFields/tuple/__proto__/bracket=true (0.04s)
    --- PASS: TestInheritedLibraryReadsNeverLoadOwnFields/tuple/toLocaleString/bracket=false (0.05s)
    --- PASS: TestInheritedLibraryReadsNeverLoadOwnFields/number/constructor/bracket=false (0.08s)
    --- PASS: TestInheritedLibraryReadsNeverLoadOwnFields/tuple/valueOf/bracket=false (0.06s)
    --- PASS: TestInheritedLibraryReadsNeverLoadOwnFields/tuple/toString/bracket=true (0.06s)
    --- PASS: TestInheritedLibraryReadsNeverLoadOwnFields/tuple/valueOf/bracket=true (0.07s)
    --- PASS: TestInheritedLibraryReadsNeverLoadOwnFields/tuple/__proto__/bracket=false (0.13s)
    --- PASS: TestInheritedLibraryReadsNeverLoadOwnFields/tuple/toString/bracket=false (0.09s)
    --- PASS: TestInheritedLibraryReadsNeverLoadOwnFields/tuple/propertyIsEnumerable/bracket=false (0.04s)
    --- PASS: TestInheritedLibraryReadsNeverLoadOwnFields/tuple/isPrototypeOf/bracket=true (0.04s)
    --- PASS: TestInheritedLibraryReadsNeverLoadOwnFields/tuple/propertyIsEnumerable/bracket=true (0.06s)
    --- PASS: TestInheritedLibraryReadsNeverLoadOwnFields/tuple/__lookupGetter__/bracket=true (0.03s)
    --- PASS: TestInheritedLibraryReadsNeverLoadOwnFields/tuple/__lookupSetter__/bracket=true (0.03s)
    --- PASS: TestInheritedLibraryReadsNeverLoadOwnFields/tuple/__lookupGetter__/bracket=false (0.03s)
    --- PASS: TestInheritedLibraryReadsNeverLoadOwnFields/tuple/isPrototypeOf/bracket=false (0.03s)
    --- PASS: TestInheritedLibraryReadsNeverLoadOwnFields/tuple/__lookupSetter__/bracket=false (0.05s)
    --- PASS: TestInheritedLibraryReadsNeverLoadOwnFields/tuple/hasOwnProperty/bracket=true (0.05s)
    --- PASS: TestInheritedLibraryReadsNeverLoadOwnFields/tuple/hasOwnProperty/bracket=false (0.06s)
    --- PASS: TestInheritedLibraryReadsNeverLoadOwnFields/tuple/__defineGetter__/bracket=true (0.04s)
    --- PASS: TestInheritedLibraryReadsNeverLoadOwnFields/tuple/__defineSetter__/bracket=false (0.07s)
    --- PASS: TestInheritedLibraryReadsNeverLoadOwnFields/tuple/__defineSetter__/bracket=true (0.09s)
    --- PASS: TestInheritedLibraryReadsNeverLoadOwnFields/tuple/constructor/bracket=true (0.05s)
    --- PASS: TestInheritedLibraryReadsNeverLoadOwnFields/tuple/__defineGetter__/bracket=false (0.06s)
    --- PASS: TestInheritedLibraryReadsNeverLoadOwnFields/array/toLocaleString/bracket=true (0.04s)
    --- PASS: TestInheritedLibraryReadsNeverLoadOwnFields/array/toLocaleString/bracket=false (0.04s)
    --- PASS: TestInheritedLibraryReadsNeverLoadOwnFields/tuple/constructor/bracket=false (0.06s)
    --- PASS: TestInheritedLibraryReadsNeverLoadOwnFields/array/__proto__/bracket=true (0.04s)
    --- PASS: TestInheritedLibraryReadsNeverLoadOwnFields/array/__proto__/bracket=false (0.04s)
    --- PASS: TestInheritedLibraryReadsNeverLoadOwnFields/array/valueOf/bracket=false (0.05s)
    --- PASS: TestInheritedLibraryReadsNeverLoadOwnFields/array/toString/bracket=true (0.06s)
    --- PASS: TestInheritedLibraryReadsNeverLoadOwnFields/array/valueOf/bracket=true (0.09s)
    --- PASS: TestInheritedLibraryReadsNeverLoadOwnFields/array/toString/bracket=false (0.07s)
    --- PASS: TestInheritedLibraryReadsNeverLoadOwnFields/array/propertyIsEnumerable/bracket=true (0.07s)
    --- PASS: TestInheritedLibraryReadsNeverLoadOwnFields/array/propertyIsEnumerable/bracket=false (0.04s)
    --- PASS: TestInheritedLibraryReadsNeverLoadOwnFields/array/__lookupSetter__/bracket=true (0.04s)
    --- PASS: TestInheritedLibraryReadsNeverLoadOwnFields/array/isPrototypeOf/bracket=false (0.05s)
    --- PASS: TestInheritedLibraryReadsNeverLoadOwnFields/array/__lookupSetter__/bracket=false (0.05s)
    --- PASS: TestInheritedLibraryReadsNeverLoadOwnFields/array/isPrototypeOf/bracket=true (0.08s)
    --- PASS: TestInheritedLibraryReadsNeverLoadOwnFields/array/hasOwnProperty/bracket=true (0.04s)
    --- PASS: TestInheritedLibraryReadsNeverLoadOwnFields/array/hasOwnProperty/bracket=false (0.04s)
    --- PASS: TestInheritedLibraryReadsNeverLoadOwnFields/array/__lookupGetter__/bracket=true (0.08s)
    --- PASS: TestInheritedLibraryReadsNeverLoadOwnFields/array/__defineSetter__/bracket=true (0.05s)
    --- PASS: TestInheritedLibraryReadsNeverLoadOwnFields/array/__defineSetter__/bracket=false (0.05s)
    --- PASS: TestInheritedLibraryReadsNeverLoadOwnFields/array/constructor/bracket=true (0.03s)
    --- PASS: TestInheritedLibraryReadsNeverLoadOwnFields/array/constructor/bracket=false (0.04s)
    --- PASS: TestInheritedLibraryReadsNeverLoadOwnFields/object/toLocaleString/bracket=true (0.06s)
    --- PASS: TestInheritedLibraryReadsNeverLoadOwnFields/array/__defineGetter__/bracket=false (0.10s)
    --- PASS: TestInheritedLibraryReadsNeverLoadOwnFields/array/__defineGetter__/bracket=true (0.11s)
    --- PASS: TestInheritedLibraryReadsNeverLoadOwnFields/object/toLocaleString/bracket=false (0.06s)
    --- PASS: TestInheritedLibraryReadsNeverLoadOwnFields/object/__proto__/bracket=true (0.07s)
    --- PASS: TestInheritedLibraryReadsNeverLoadOwnFields/object/__proto__/bracket=false (0.05s)
    --- PASS: TestInheritedLibraryReadsNeverLoadOwnFields/object/toString/bracket=true (0.05s)
    --- PASS: TestInheritedLibraryReadsNeverLoadOwnFields/object/valueOf/bracket=true (0.06s)
    --- PASS: TestInheritedLibraryReadsNeverLoadOwnFields/object/valueOf/bracket=false (0.07s)
    --- PASS: TestInheritedLibraryReadsNeverLoadOwnFields/object/propertyIsEnumerable/bracket=true (0.05s)
    --- PASS: TestInheritedLibraryReadsNeverLoadOwnFields/object/propertyIsEnumerable/bracket=false (0.04s)
    --- PASS: TestInheritedLibraryReadsNeverLoadOwnFields/object/isPrototypeOf/bracket=true (0.05s)
    --- PASS: TestInheritedLibraryReadsNeverLoadOwnFields/object/isPrototypeOf/bracket=false (0.04s)
    --- PASS: TestInheritedLibraryReadsNeverLoadOwnFields/object/toString/bracket=false (0.10s)
    --- PASS: TestInheritedLibraryReadsNeverLoadOwnFields/object/__lookupSetter__/bracket=false (0.04s)
    --- PASS: TestInheritedLibraryReadsNeverLoadOwnFields/object/__lookupSetter__/bracket=true (0.05s)
    --- PASS: TestInheritedLibraryReadsNeverLoadOwnFields/object/hasOwnProperty/bracket=true (0.05s)
    --- PASS: TestInheritedLibraryReadsNeverLoadOwnFields/object/__lookupGetter__/bracket=true (0.07s)
    --- PASS: TestInheritedLibraryReadsNeverLoadOwnFields/object/__lookupGetter__/bracket=false (0.09s)
    --- PASS: TestInheritedLibraryReadsNeverLoadOwnFields/object/__defineSetter__/bracket=true (0.07s)
    --- PASS: TestInheritedLibraryReadsNeverLoadOwnFields/object/hasOwnProperty/bracket=false (0.08s)
    --- PASS: TestInheritedLibraryReadsNeverLoadOwnFields/object/__defineGetter__/bracket=true (0.04s)
    --- PASS: TestInheritedLibraryReadsNeverLoadOwnFields/object/__defineSetter__/bracket=false (0.06s)
    --- PASS: TestInheritedLibraryReadsNeverLoadOwnFields/object/constructor/bracket=true (0.05s)
    --- PASS: TestInheritedLibraryReadsNeverLoadOwnFields/object/__defineGetter__/bracket=false (0.06s)
=== CONT  TestSuppressionDirectivesAreRefused/@ts-expect-error/call.a//*_@ts-expect-error_*/_
=== CONT  TestSuppressionDirectivesAreRefused/@ts-expect-error/call.a///_@ts-expect-error_
=== CONT  TestSuppressionDirectivesAreRefused/@ts-expect-error/boolean.a//**_prose__*_@ts-expect-error_*/_
=== CONT  TestSuppressionDirectivesAreRefused/@ts-expect-error/boolean.a//**_@ts-expect-error_*/_
=== CONT  TestSuppressionDirectivesAreRefused/@ts-expect-error/boolean.a//*_@ts-expect-error_*/_
=== CONT  TestSuppressionDirectivesAreRefused/@ts-expect-error/boolean.a///_@ts-expect-error_
=== CONT  TestSuppressionDirectivesAreRefused/@ts-expect-error/number.a//**_prose__*_@ts-expect-error_*/_
=== CONT  TestSuppressionDirectivesAreRefused/@ts-expect-error/number.a//**_@ts-expect-error_*/_
=== CONT  TestSuppressionDirectivesAreRefused/@ts-expect-error/number.a//*_@ts-expect-error_*/_
=== CONT  TestSuppressionDirectivesAreRefused/@ts-ignore/boolean.a//**_@ts-ignore_*/_
=== CONT  TestSuppressionDirectivesAreRefused/@ts-ignore/call.a//**_prose__*_@ts-ignore_*/_
=== CONT  TestSuppressionDirectivesAreRefused/@ts-ignore/call.a//**_@ts-ignore_*/_
=== CONT  TestSuppressionDirectivesAreRefused/@ts-ignore/call.a//*_@ts-ignore_*/_
=== CONT  TestSuppressionDirectivesAreRefused/@ts-ignore/call.a///_@ts-ignore_
=== CONT  TestSuppressionDirectivesAreRefused/@ts-ignore/boolean.a//**_prose__*_@ts-ignore_*/_
=== CONT  TestSuppressionDirectivesAreRefused/@ts-ignore/number.a//**_prose__*_@ts-ignore_*/_
=== CONT  TestSuppressionDirectivesAreRefused/@ts-ignore/boolean.a//*_@ts-ignore_*/_
=== CONT  TestSuppressionDirectivesAreRefused/@ts-ignore/boolean.a///_@ts-ignore_
=== CONT  TestSuppressionDirectivesAreRefused/@ts-ignore/number.a//**_@ts-ignore_*/_
=== CONT  TestSuppressionDirectivesAreRefused/@ts-ignore/number.a//*_@ts-ignore_*/_
=== CONT  TestUnprovenPredicateReturnsAreRefused/unconditional_true
=== CONT  TestUnprovenPredicateReturnsAreRefused/assertion_wider_shape
=== CONT  TestUnprovenPredicateReturnsAreRefused/unknown_control_flow
=== CONT  TestUnprovenPredicateReturnsAreRefused/default_argument
--- PASS: TestSuppressionDirectivesAreRefused (0.00s)
    --- PASS: TestSuppressionDirectivesAreRefused/@ts-expect-error/call.a//**_prose__*_@ts-expect-error_*/_ (0.05s)
    --- PASS: TestSuppressionDirectivesAreRefused/@ts-expect-error/number.a///_@ts-expect-error_ (0.07s)
    --- PASS: TestSuppressionDirectivesAreRefused/@ts-ignore/number.a///_@ts-ignore_ (0.10s)
    --- PASS: TestSuppressionDirectivesAreRefused/@ts-expect-error/boolean.a//**_prose__*_@ts-expect-error_*/_ (0.03s)
    --- PASS: TestSuppressionDirectivesAreRefused/@ts-expect-error/call.a//**_@ts-expect-error_*/_ (0.07s)
    --- PASS: TestSuppressionDirectivesAreRefused/@ts-expect-error/call.a///_@ts-expect-error_ (0.06s)
    --- PASS: TestSuppressionDirectivesAreRefused/@ts-expect-error/call.a//*_@ts-expect-error_*/_ (0.09s)
    --- PASS: TestSuppressionDirectivesAreRefused/@ts-expect-error/boolean.a//**_@ts-expect-error_*/_ (0.06s)
    --- PASS: TestSuppressionDirectivesAreRefused/@ts-expect-error/boolean.a//*_@ts-expect-error_*/_ (0.06s)
    --- PASS: TestSuppressionDirectivesAreRefused/@ts-expect-error/boolean.a///_@ts-expect-error_ (0.09s)
    --- PASS: TestSuppressionDirectivesAreRefused/@ts-expect-error/number.a//**_prose__*_@ts-expect-error_*/_ (0.07s)
    --- PASS: TestSuppressionDirectivesAreRefused/@ts-expect-error/number.a//**_@ts-expect-error_*/_ (0.07s)
    --- PASS: TestSuppressionDirectivesAreRefused/@ts-expect-error/number.a//*_@ts-expect-error_*/_ (0.06s)
    --- PASS: TestSuppressionDirectivesAreRefused/@ts-ignore/boolean.a//**_@ts-ignore_*/_ (0.06s)
    --- PASS: TestSuppressionDirectivesAreRefused/@ts-ignore/call.a//*_@ts-ignore_*/_ (0.05s)
    --- PASS: TestSuppressionDirectivesAreRefused/@ts-ignore/call.a///_@ts-ignore_ (0.05s)
    --- PASS: TestSuppressionDirectivesAreRefused/@ts-ignore/call.a//**_prose__*_@ts-ignore_*/_ (0.08s)
    --- PASS: TestSuppressionDirectivesAreRefused/@ts-ignore/call.a//**_@ts-ignore_*/_ (0.09s)
    --- PASS: TestSuppressionDirectivesAreRefused/@ts-ignore/number.a//**_prose__*_@ts-ignore_*/_ (0.04s)
    --- PASS: TestSuppressionDirectivesAreRefused/@ts-ignore/boolean.a//**_prose__*_@ts-ignore_*/_ (0.06s)
    --- PASS: TestSuppressionDirectivesAreRefused/@ts-ignore/boolean.a///_@ts-ignore_ (0.04s)
    --- PASS: TestSuppressionDirectivesAreRefused/@ts-ignore/boolean.a//*_@ts-ignore_*/_ (0.07s)
    --- PASS: TestSuppressionDirectivesAreRefused/@ts-ignore/number.a//**_@ts-ignore_*/_ (0.07s)
    --- PASS: TestSuppressionDirectivesAreRefused/@ts-ignore/number.a//*_@ts-ignore_*/_ (0.08s)
=== CONT  TestUnprovenPredicateReturnsAreRefused/bodyless_signature
=== CONT  TestUnprovenPredicateReturnsAreRefused/assert_cond_nonboolean
=== CONT  TestUnprovenPredicateReturnsAreRefused/assert_cond_false
=== CONT  TestUnprovenPredicateReturnsAreRefused/assert_cond_empty
=== CONT  TestUnprovenPredicateReturnsAreRefused/assertion_call_invalidation
=== CONT  TestUnprovenPredicateReturnsAreRefused/assertion_wrong_branch
=== CONT  TestUnprovenPredicateReturnsAreRefused/assertion_early_return
=== CONT  TestUnprovenPredicateReturnsAreRefused/assertion_empty
=== CONT  TestUnprovenPredicateReturnsAreRefused/nominal_assertion_mismatch
=== CONT  TestUnprovenPredicateReturnsAreRefused/nominal_guard_mismatch
=== CONT  TestUnprovenPredicateReturnsAreRefused/opaque_call
=== CONT  TestUnprovenPredicateReturnsAreRefused/aliased_discriminant_getter
=== CONT  TestUnprovenPredicateReturnsAreRefused/aliased_discriminant_write
=== CONT  TestUnprovenPredicateReturnsAreRefused/aliased_discriminant_call
=== CONT  TestUnprovenPredicateReturnsAreRefused/captured_write
=== CONT  TestUnprovenPredicateReturnsAreRefused/modified_parameter
=== CONT  TestUnprovenPredicateReturnsAreRefused/narrower_narrowing
=== CONT  TestUnprovenPredicateReturnsAreRefused/positive_number
=== CONT  TestUnprovenPredicateReturnsAreRefused/false_branch_lie
=== CONT  TestUnprovenPredicateReturnsAreRefused/wider_narrowing
=== CONT  TestUnprovenPredicateReturnsAreRefused/partial_true_set
=== CONT  TestUnprovenPredicateReturnsAreRefused/different_variable
=== CONT  TestPredicateUseRegions/unused
=== CONT  TestPredicateUseRegions/short_circuit
=== CONT  TestPredicateUseRegions/replacement
=== CONT  TestPredicateUseRegions/later_read
=== CONT  TestPredicateUseRegions/loop_read
--- PASS: TestUnprovenPredicateReturnsAreRefused (0.00s)
    --- PASS: TestUnprovenPredicateReturnsAreRefused/unconditional_true (0.09s)
    --- PASS: TestUnprovenPredicateReturnsAreRefused/unknown_control_flow (0.07s)
    --- PASS: TestUnprovenPredicateReturnsAreRefused/assertion_wider_shape (0.09s)
    --- PASS: TestUnprovenPredicateReturnsAreRefused/default_argument (0.06s)
    --- PASS: TestUnprovenPredicateReturnsAreRefused/bodyless_signature (0.05s)
    --- PASS: TestUnprovenPredicateReturnsAreRefused/assert_cond_nonboolean (0.07s)
    --- PASS: TestUnprovenPredicateReturnsAreRefused/assert_cond_empty (0.05s)
    --- PASS: TestUnprovenPredicateReturnsAreRefused/assertion_call_invalidation (0.06s)
    --- PASS: TestUnprovenPredicateReturnsAreRefused/assert_cond_false (0.09s)
    --- PASS: TestUnprovenPredicateReturnsAreRefused/assertion_early_return (0.05s)
    --- PASS: TestUnprovenPredicateReturnsAreRefused/assertion_wrong_branch (0.08s)
    --- PASS: TestUnprovenPredicateReturnsAreRefused/nominal_assertion_mismatch (0.04s)
    --- PASS: TestUnprovenPredicateReturnsAreRefused/assertion_empty (0.07s)
    --- PASS: TestUnprovenPredicateReturnsAreRefused/nominal_guard_mismatch (0.05s)
    --- PASS: TestUnprovenPredicateReturnsAreRefused/aliased_discriminant_write (0.07s)
    --- PASS: TestUnprovenPredicateReturnsAreRefused/captured_write (0.06s)
    --- PASS: TestUnprovenPredicateReturnsAreRefused/opaque_call (0.09s)
    --- PASS: TestUnprovenPredicateReturnsAreRefused/aliased_discriminant_call (0.07s)
    --- PASS: TestUnprovenPredicateReturnsAreRefused/aliased_discriminant_getter (0.09s)
    --- PASS: TestUnprovenPredicateReturnsAreRefused/narrower_narrowing (0.05s)
    --- PASS: TestUnprovenPredicateReturnsAreRefused/false_branch_lie (0.06s)
    --- PASS: TestUnprovenPredicateReturnsAreRefused/modified_parameter (0.07s)
    --- PASS: TestUnprovenPredicateReturnsAreRefused/wider_narrowing (0.07s)
    --- PASS: TestUnprovenPredicateReturnsAreRefused/positive_number (0.08s)
    --- PASS: TestUnprovenPredicateReturnsAreRefused/different_variable (0.05s)
    --- PASS: TestUnprovenPredicateReturnsAreRefused/partial_true_set (0.07s)
=== CONT  TestPredicateUseRegions/computed_index
=== CONT  TestPredicateUseRegions/indexed_argument
=== CONT  TestPredicateUseRegions/indexed_spelling
=== CONT  TestPredicateUseRegions/closure_read
=== CONT  TestPredicateUseRegions/throw_continuation
=== CONT  TestPredicateUseRegions/compound_result_alias
=== CONT  TestPredicateUseRegions/const_result_alias
=== CONT  TestPredicateUseRegions/false_continuation
=== CONT  TestPredicateUseRegions/both
=== CONT  TestPredicateUseRegions/return_continuation
=== CONT  TestPredicateUseRegions/false
=== CONT  TestPredicateUseRegions/true
--- PASS: TestPredicateUseRegions (0.00s)
    --- PASS: TestPredicateUseRegions/unused (0.03s)
    --- PASS: TestPredicateUseRegions/short_circuit (0.05s)
    --- PASS: TestPredicateUseRegions/replacement (0.08s)
    --- PASS: TestPredicateUseRegions/loop_read (0.06s)
    --- PASS: TestPredicateUseRegions/later_read (0.08s)
    --- PASS: TestPredicateUseRegions/computed_index (0.07s)
    --- PASS: TestPredicateUseRegions/indexed_argument (0.06s)
    --- PASS: TestPredicateUseRegions/indexed_spelling (0.05s)
    --- PASS: TestPredicateUseRegions/closure_read (0.04s)
    --- PASS: TestPredicateUseRegions/compound_result_alias (0.03s)
    --- PASS: TestPredicateUseRegions/const_result_alias (0.04s)
    --- PASS: TestPredicateUseRegions/throw_continuation (0.10s)
    --- PASS: TestPredicateUseRegions/both (0.07s)
    --- PASS: TestPredicateUseRegions/return_continuation (0.05s)
    --- PASS: TestPredicateUseRegions/false_continuation (0.07s)
    --- PASS: TestPredicateUseRegions/false (0.05s)
    --- PASS: TestPredicateUseRegions/true (0.03s)
PASS
ok  	github.com/system-inc/adamic/internal/lower	66.212s
