=== RUN   TestEveryWriteIsRecordedAndKnown
=== PAUSE TestEveryWriteIsRecordedAndKnown
=== CONT  TestEveryWriteIsRecordedAndKnown
    fresh_test.go:61: ../load/testdata/0.1/compile/09_tree.ts: a write lowering didn't record, in function 5
    fresh_test.go:61: ../load/testdata/0.1/compile/09_tree.ts: a write lowering didn't record, in function 5
    fresh_test.go:61: ../load/testdata/0.1/compile/09_tree.ts: a write lowering didn't record, in function 5
    fresh_test.go:61: ../load/testdata/0.1/compile/09_tree.ts: a write lowering didn't record, in function 8
    fresh_test.go:61: ../load/testdata/0.1/compile/09_tree.ts: a write lowering didn't record, in function 8
    fresh_test.go:61: ../load/testdata/0.1/compile/09_tree.ts: a write lowering didn't record, in function 8
    fresh_test.go:61: ../oracle/testdata/047cb0d_n_arrayindex.a: a write lowering didn't record, in function 3
    fresh_test.go:61: ../oracle/testdata/047cb0d_n_arrayindex.a: a write lowering didn't record, in function 3
    fresh_test.go:61: ../oracle/testdata/047cb0d_n_arrayindex.a: a write lowering didn't record, in function 3
    fresh_test.go:61: ../oracle/testdata/047cb0d_n_arrayindex.a: a write lowering didn't record, in function 6
    fresh_test.go:61: ../oracle/testdata/047cb0d_n_arrayindex.a: a write lowering didn't record, in function 6
    fresh_test.go:61: ../oracle/testdata/047cb0d_n_arrayindex.a: a write lowering didn't record, in function 6
    fresh_test.go:61: ../oracle/testdata/047cb0d_n_element.a: a write lowering didn't record, in function 3
    fresh_test.go:61: ../oracle/testdata/047cb0d_n_element.a: a write lowering didn't record, in function 3
    fresh_test.go:61: ../oracle/testdata/047cb0d_n_element.a: a write lowering didn't record, in function 3
    fresh_test.go:61: ../oracle/testdata/047cb0d_n_element.a: a write lowering didn't record, in function 6
    fresh_test.go:61: ../oracle/testdata/047cb0d_n_element.a: a write lowering didn't record, in function 6
    fresh_test.go:61: ../oracle/testdata/047cb0d_n_element.a: a write lowering didn't record, in function 6
    fresh_test.go:61: ../oracle/testdata/047cb0d_n_element_method.a: a write lowering didn't record, in function 6
    fresh_test.go:61: ../oracle/testdata/047cb0d_n_element_method.a: a write lowering didn't record, in function 6
    fresh_test.go:61: ../oracle/testdata/047cb0d_n_element_method.a: a write lowering didn't record, in function 6
    fresh_test.go:61: ../oracle/testdata/047cb0d_n_element_method.a: a write lowering didn't record, in function 9
    fresh_test.go:61: ../oracle/testdata/047cb0d_n_element_method.a: a write lowering didn't record, in function 9
    fresh_test.go:61: ../oracle/testdata/047cb0d_n_element_method.a: a write lowering didn't record, in function 9
    fresh_test.go:61: ../oracle/testdata/047cb0d_n_element_plain.a: a write lowering didn't record, in function 3
    fresh_test.go:61: ../oracle/testdata/047cb0d_n_element_plain.a: a write lowering didn't record, in function 3
    fresh_test.go:61: ../oracle/testdata/047cb0d_n_element_plain.a: a write lowering didn't record, in function 3
    fresh_test.go:61: ../oracle/testdata/047cb0d_n_element_plain.a: a write lowering didn't record, in function 6
    fresh_test.go:61: ../oracle/testdata/047cb0d_n_element_plain.a: a write lowering didn't record, in function 6
    fresh_test.go:61: ../oracle/testdata/047cb0d_n_element_plain.a: a write lowering didn't record, in function 6
    fresh_test.go:61: ../oracle/testdata/047cb0d_n_param.a: a write lowering didn't record, in function 4
    fresh_test.go:61: ../oracle/testdata/047cb0d_n_param.a: a write lowering didn't record, in function 4
    fresh_test.go:61: ../oracle/testdata/047cb0d_n_param.a: a write lowering didn't record, in function 4
    fresh_test.go:61: ../oracle/testdata/047cb0d_n_param.a: a write lowering didn't record, in function 7
    fresh_test.go:61: ../oracle/testdata/047cb0d_n_param.a: a write lowering didn't record, in function 7
    fresh_test.go:61: ../oracle/testdata/047cb0d_n_param.a: a write lowering didn't record, in function 7
    fresh_test.go:61: ../oracle/testdata/047cb0d_narrowed_in_try.a: a write lowering didn't record, in function 3
    fresh_test.go:61: ../oracle/testdata/047cb0d_narrowed_in_try.a: a write lowering didn't record, in function 3
    fresh_test.go:61: ../oracle/testdata/047cb0d_narrowed_in_try.a: a write lowering didn't record, in function 3
    fresh_test.go:61: ../oracle/testdata/047cb0d_narrowed_in_try.a: a write lowering didn't record, in function 6
    fresh_test.go:61: ../oracle/testdata/047cb0d_narrowed_in_try.a: a write lowering didn't record, in function 6
    fresh_test.go:61: ../oracle/testdata/047cb0d_narrowed_in_try.a: a write lowering didn't record, in function 6
    fresh_test.go:61: ../oracle/testdata/047cb0d_narrowed_in_try.a: a write lowering didn't record, in function 9
    fresh_test.go:61: ../oracle/testdata/047cb0d_narrowed_in_try.a: a write lowering didn't record, in function 9
    fresh_test.go:61: ../oracle/testdata/047cb0d_narrowed_in_try.a: a write lowering didn't record, in function 9
    fresh_test.go:61: ../oracle/testdata/4ddd17f_opt_3.a: a write lowering didn't record, in function 2
    fresh_test.go:61: ../oracle/testdata/4ddd17f_opt_3.a: a write lowering didn't record, in function 2
    fresh_test.go:61: ../oracle/testdata/4ddd17f_opt_3.a: a write lowering didn't record, in function 2
    fresh_test.go:61: ../oracle/testdata/57f2d04_with_frozen.a: a write lowering didn't record, in function 1
    fresh_test.go:61: ../oracle/testdata/57f2d04_with_frozen.a: a write lowering didn't record, in function 1
    fresh_test.go:61: ../oracle/testdata/57f2d04_with_frozen.a: a write lowering didn't record, in function 1
    fresh_test.go:61: ../oracle/testdata/57f2d04_with_frozen.a: a write lowering didn't record, in function 4
    fresh_test.go:61: ../oracle/testdata/57f2d04_with_frozen.a: a write lowering didn't record, in function 4
    fresh_test.go:61: ../oracle/testdata/57f2d04_with_frozen.a: a write lowering didn't record, in function 4
    fresh_test.go:61: ../oracle/testdata/9984394_defined_in_try.a: a write lowering didn't record, in function 4
    fresh_test.go:61: ../oracle/testdata/9984394_defined_in_try.a: a write lowering didn't record, in function 4
    fresh_test.go:61: ../oracle/testdata/9984394_defined_in_try.a: a write lowering didn't record, in function 4
    fresh_test.go:61: ../oracle/testdata/9984394_defined_in_try.a: a write lowering didn't record, in function 7
    fresh_test.go:61: ../oracle/testdata/9984394_defined_in_try.a: a write lowering didn't record, in function 7
    fresh_test.go:61: ../oracle/testdata/9984394_defined_in_try.a: a write lowering didn't record, in function 7
    fresh_test.go:61: ../oracle/testdata/9984394_defined_in_try.a: a write lowering didn't record, in function 10
    fresh_test.go:61: ../oracle/testdata/9984394_defined_in_try.a: a write lowering didn't record, in function 10
    fresh_test.go:61: ../oracle/testdata/9984394_defined_in_try.a: a write lowering didn't record, in function 10
    fresh_test.go:61: ../oracle/testdata/9984394_lib_dispatch.a: a write lowering didn't record, in function 6
    fresh_test.go:61: ../oracle/testdata/9984394_lib_dispatch.a: a write lowering didn't record, in function 6
    fresh_test.go:61: ../oracle/testdata/9984394_lib_dispatch.a: a write lowering didn't record, in function 6
    fresh_test.go:61: ../oracle/testdata/9984394_lib_dispatch.a: a write lowering didn't record, in function 9
    fresh_test.go:61: ../oracle/testdata/9984394_lib_dispatch.a: a write lowering didn't record, in function 9
    fresh_test.go:61: ../oracle/testdata/9984394_lib_dispatch.a: a write lowering didn't record, in function 9
    fresh_test.go:61: ../oracle/testdata/adversarial_exits.a: a write lowering didn't record, in function 4
    fresh_test.go:61: ../oracle/testdata/adversarial_exits.a: a write lowering didn't record, in function 4
    fresh_test.go:61: ../oracle/testdata/adversarial_exits.a: a write lowering didn't record, in function 4
    fresh_test.go:61: ../oracle/testdata/adversarial_exits.a: a write lowering didn't record, in function 7
    fresh_test.go:61: ../oracle/testdata/adversarial_exits.a: a write lowering didn't record, in function 7
    fresh_test.go:61: ../oracle/testdata/adversarial_exits.a: a write lowering didn't record, in function 7
    fresh_test.go:61: ../oracle/testdata/adversarial_exits.a: a write lowering didn't record, in function 16
    fresh_test.go:61: ../oracle/testdata/adversarial_exits.a: a write lowering didn't record, in function 16
    fresh_test.go:61: ../oracle/testdata/adversarial_exits.a: a write lowering didn't record, in function 16
    fresh_test.go:61: ../oracle/testdata/adversarial_order.a: a write lowering didn't record, in function 5
    fresh_test.go:61: ../oracle/testdata/adversarial_order.a: a write lowering didn't record, in function 5
    fresh_test.go:61: ../oracle/testdata/adversarial_order.a: a write lowering didn't record, in function 5
    fresh_test.go:61: ../oracle/testdata/adversarial_order.a: a write lowering didn't record, in function 8
    fresh_test.go:61: ../oracle/testdata/adversarial_order.a: a write lowering didn't record, in function 8
    fresh_test.go:61: ../oracle/testdata/adversarial_order.a: a write lowering didn't record, in function 8
    fresh_test.go:61: ../oracle/testdata/adversarial_order.a: a write lowering didn't record, in function 23
    fresh_test.go:61: ../oracle/testdata/adversarial_order.a: a write lowering didn't record, in function 23
    fresh_test.go:61: ../oracle/testdata/adversarial_order.a: a write lowering didn't record, in function 23
    fresh_test.go:61: ../oracle/testdata/array_from.a: a write lowering didn't record, in function 7
    fresh_test.go:61: ../oracle/testdata/array_from.a: a write lowering didn't record, in function 7
    fresh_test.go:61: ../oracle/testdata/array_from.a: a write lowering didn't record, in function 7
    fresh_test.go:61: ../oracle/testdata/array_from.a: a write lowering didn't record, in function 10
    fresh_test.go:61: ../oracle/testdata/array_from.a: a write lowering didn't record, in function 10
    fresh_test.go:61: ../oracle/testdata/array_from.a: a write lowering didn't record, in function 10
    fresh_test.go:61: ../oracle/testdata/array_from.a: a write lowering didn't record, in function 20
    fresh_test.go:61: ../oracle/testdata/array_from.a: a write lowering didn't record, in function 20
    fresh_test.go:61: ../oracle/testdata/array_from.a: a write lowering didn't record, in function 20
    fresh_test.go:61: ../oracle/testdata/borrow_chain_coverage_exclusions.a: a write lowering didn't record, in function 4
    fresh_test.go:61: ../oracle/testdata/borrow_chain_coverage_exclusions.a: a write lowering didn't record, in function 4
    fresh_test.go:61: ../oracle/testdata/borrow_chain_coverage_exclusions.a: a write lowering didn't record, in function 4
    fresh_test.go:61: ../oracle/testdata/borrow_chain_coverage_exclusions.a: a write lowering didn't record, in function 7
    fresh_test.go:61: ../oracle/testdata/borrow_chain_coverage_exclusions.a: a write lowering didn't record, in function 7
    fresh_test.go:61: ../oracle/testdata/borrow_chain_coverage_exclusions.a: a write lowering didn't record, in function 7
    fresh_test.go:61: ../oracle/testdata/borrow_chain_coverage_finally.a: a write lowering didn't record, in function 3
    fresh_test.go:61: ../oracle/testdata/borrow_chain_coverage_finally.a: a write lowering didn't record, in function 3
    fresh_test.go:61: ../oracle/testdata/borrow_chain_coverage_finally.a: a write lowering didn't record, in function 3
    fresh_test.go:61: ../oracle/testdata/borrow_chain_coverage_finally.a: a write lowering didn't record, in function 6
    fresh_test.go:61: ../oracle/testdata/borrow_chain_coverage_finally.a: a write lowering didn't record, in function 6
    fresh_test.go:61: ../oracle/testdata/borrow_chain_coverage_finally.a: a write lowering didn't record, in function 6
    fresh_test.go:61: ../oracle/testdata/borrow_chain_coverage_parents.a: a write lowering didn't record, in function 4
    fresh_test.go:61: ../oracle/testdata/borrow_chain_coverage_parents.a: a write lowering didn't record, in function 4
    fresh_test.go:61: ../oracle/testdata/borrow_chain_coverage_parents.a: a write lowering didn't record, in function 4
    fresh_test.go:61: ../oracle/testdata/borrow_chain_coverage_parents.a: a write lowering didn't record, in function 7
    fresh_test.go:61: ../oracle/testdata/borrow_chain_coverage_parents.a: a write lowering didn't record, in function 7
    fresh_test.go:61: ../oracle/testdata/borrow_chain_coverage_parents.a: a write lowering didn't record, in function 7
    fresh_test.go:61: ../oracle/testdata/borrow_chain_coverage_scope.a: a write lowering didn't record, in function 2
    fresh_test.go:61: ../oracle/testdata/borrow_chain_coverage_scope.a: a write lowering didn't record, in function 2
    fresh_test.go:61: ../oracle/testdata/borrow_chain_coverage_scope.a: a write lowering didn't record, in function 2
    fresh_test.go:61: ../oracle/testdata/borrow_chain_coverage_scope.a: a write lowering didn't record, in function 5
    fresh_test.go:61: ../oracle/testdata/borrow_chain_coverage_scope.a: a write lowering didn't record, in function 5
    fresh_test.go:61: ../oracle/testdata/borrow_chain_coverage_scope.a: a write lowering didn't record, in function 5
    fresh_test.go:61: ../oracle/testdata/borrow_element_throw.a: a write lowering didn't record, in function 7
    fresh_test.go:61: ../oracle/testdata/borrow_element_throw.a: a write lowering didn't record, in function 7
    fresh_test.go:61: ../oracle/testdata/borrow_element_throw.a: a write lowering didn't record, in function 7
    fresh_test.go:61: ../oracle/testdata/borrow_element_throw.a: a write lowering didn't record, in function 10
    fresh_test.go:61: ../oracle/testdata/borrow_element_throw.a: a write lowering didn't record, in function 10
    fresh_test.go:61: ../oracle/testdata/borrow_element_throw.a: a write lowering didn't record, in function 10
    fresh_test.go:61: ../oracle/testdata/borrow_loop.a: a write lowering didn't record, in function 24
    fresh_test.go:61: ../oracle/testdata/borrow_loop.a: a write lowering didn't record, in function 24
    fresh_test.go:61: ../oracle/testdata/borrow_loop.a: a write lowering didn't record, in function 24
    fresh_test.go:61: ../oracle/testdata/borrow_loop.a: a write lowering didn't record, in function 35
    fresh_test.go:61: ../oracle/testdata/borrow_loop.a: a write lowering didn't record, in function 35
    fresh_test.go:61: ../oracle/testdata/borrow_loop.a: a write lowering didn't record, in function 35
    fresh_test.go:61: ../oracle/testdata/borrow_loop_calls.a: a write lowering didn't record, in function 43
    fresh_test.go:61: ../oracle/testdata/borrow_loop_calls.a: a write lowering didn't record, in function 43
    fresh_test.go:61: ../oracle/testdata/borrow_loop_calls.a: a write lowering didn't record, in function 43
    fresh_test.go:61: ../oracle/testdata/borrow_loop_calls.a: a write lowering didn't record, in function 54
    fresh_test.go:61: ../oracle/testdata/borrow_loop_calls.a: a write lowering didn't record, in function 54
    fresh_test.go:61: ../oracle/testdata/borrow_loop_calls.a: a write lowering didn't record, in function 54
    fresh_test.go:61: ../oracle/testdata/case_mapping.a: a write lowering didn't record, in function 4
    fresh_test.go:61: ../oracle/testdata/case_mapping.a: a write lowering didn't record, in function 4
    fresh_test.go:61: ../oracle/testdata/case_mapping.a: a write lowering didn't record, in function 4
    fresh_test.go:61: ../oracle/testdata/case_mapping.a: a write lowering didn't record, in function 7
    fresh_test.go:61: ../oracle/testdata/case_mapping.a: a write lowering didn't record, in function 7
    fresh_test.go:61: ../oracle/testdata/case_mapping.a: a write lowering didn't record, in function 7
    fresh_test.go:61: ../oracle/testdata/cast_class_fails.a: a write lowering didn't record, in function 9
    fresh_test.go:61: ../oracle/testdata/cast_class_fails.a: a write lowering didn't record, in function 9
    fresh_test.go:61: ../oracle/testdata/cast_class_fails.a: a write lowering didn't record, in function 9
    fresh_test.go:61: ../oracle/testdata/cast_class_fails.a: a write lowering didn't record, in function 12
    fresh_test.go:61: ../oracle/testdata/cast_class_fails.a: a write lowering didn't record, in function 12
    fresh_test.go:61: ../oracle/testdata/cast_class_fails.a: a write lowering didn't record, in function 12
    fresh_test.go:61: ../oracle/testdata/cast_enum_numeric_fails.a: a write lowering didn't record, in function 2
    fresh_test.go:61: ../oracle/testdata/cast_enum_numeric_fails.a: a write lowering didn't record, in function 2
    fresh_test.go:61: ../oracle/testdata/cast_enum_numeric_fails.a: a write lowering didn't record, in function 2
    fresh_test.go:61: ../oracle/testdata/cast_enum_numeric_fails.a: a write lowering didn't record, in function 5
    fresh_test.go:61: ../oracle/testdata/cast_enum_numeric_fails.a: a write lowering didn't record, in function 5
    fresh_test.go:61: ../oracle/testdata/cast_enum_numeric_fails.a: a write lowering didn't record, in function 5
    fresh_test.go:61: ../oracle/testdata/census_append_overload.a: a write lowering didn't record, in function 3
    fresh_test.go:61: ../oracle/testdata/census_append_overload.a: a write lowering didn't record, in function 3
    fresh_test.go:61: ../oracle/testdata/census_append_overload.a: a write lowering didn't record, in function 3
    fresh_test.go:61: ../oracle/testdata/census_append_overload.a: a write lowering didn't record, in function 6
    fresh_test.go:61: ../oracle/testdata/census_append_overload.a: a write lowering didn't record, in function 6
    fresh_test.go:61: ../oracle/testdata/census_append_overload.a: a write lowering didn't record, in function 6
    fresh_test.go:61: ../oracle/testdata/census_never_rest_marker.a: a write lowering didn't record, in function 7
    fresh_test.go:61: ../oracle/testdata/census_never_rest_marker.a: a write lowering didn't record, in function 7
    fresh_test.go:61: ../oracle/testdata/census_never_rest_marker.a: a write lowering didn't record, in function 7
    fresh_test.go:61: ../oracle/testdata/census_never_rest_marker.a: a write lowering didn't record, in function 15
    fresh_test.go:61: ../oracle/testdata/census_never_rest_marker.a: a write lowering didn't record, in function 15
    fresh_test.go:61: ../oracle/testdata/census_never_rest_marker.a: a write lowering didn't record, in function 15
    fresh_test.go:61: ../oracle/testdata/class_as_interface.a: a write lowering didn't record, in function 28
    fresh_test.go:61: ../oracle/testdata/class_as_interface.a: a write lowering didn't record, in function 28
    fresh_test.go:61: ../oracle/testdata/class_as_interface.a: a write lowering didn't record, in function 28
    fresh_test.go:61: ../oracle/testdata/class_as_interface.a: a write lowering didn't record, in function 31
    fresh_test.go:61: ../oracle/testdata/class_as_interface.a: a write lowering didn't record, in function 31
    fresh_test.go:61: ../oracle/testdata/class_as_interface.a: a write lowering didn't record, in function 31
    fresh_test.go:61: ../oracle/testdata/class_as_interface.a: a write lowering didn't record, in function 40
    fresh_test.go:61: ../oracle/testdata/class_as_interface.a: a write lowering didn't record, in function 40
    fresh_test.go:61: ../oracle/testdata/class_as_interface.a: a write lowering didn't record, in function 40
    fresh_test.go:61: ../oracle/testdata/class_features_accessors.a: a write lowering didn't record, in function 16
    fresh_test.go:61: ../oracle/testdata/class_features_accessors.a: a write lowering didn't record, in function 16
    fresh_test.go:61: ../oracle/testdata/class_features_accessors.a: a write lowering didn't record, in function 16
    fresh_test.go:61: ../oracle/testdata/class_features_accessors.a: a write lowering didn't record, in function 35
    fresh_test.go:61: ../oracle/testdata/class_features_accessors.a: a write lowering didn't record, in function 35
    fresh_test.go:61: ../oracle/testdata/class_features_accessors.a: a write lowering didn't record, in function 35
    fresh_test.go:61: ../oracle/testdata/class_features_accessors.a: a write lowering didn't record, in function 38
    fresh_test.go:61: ../oracle/testdata/class_features_accessors.a: a write lowering didn't record, in function 38
    fresh_test.go:61: ../oracle/testdata/class_features_accessors.a: a write lowering didn't record, in function 38
    fresh_test.go:61: ../oracle/testdata/class_features_private.a: a write lowering didn't record, in function 14
    fresh_test.go:61: ../oracle/testdata/class_features_private.a: a write lowering didn't record, in function 14
    fresh_test.go:61: ../oracle/testdata/class_features_private.a: a write lowering didn't record, in function 14
    fresh_test.go:61: ../oracle/testdata/class_features_private.a: a write lowering didn't record, in function 17
    fresh_test.go:61: ../oracle/testdata/class_features_private.a: a write lowering didn't record, in function 17
    fresh_test.go:61: ../oracle/testdata/class_features_private.a: a write lowering didn't record, in function 17
    fresh_test.go:61: ../oracle/testdata/class_features_static.a: a write lowering didn't record, in function 15
    fresh_test.go:61: ../oracle/testdata/class_features_static.a: a write lowering didn't record, in function 15
    fresh_test.go:61: ../oracle/testdata/class_features_static.a: a write lowering didn't record, in function 15
    fresh_test.go:61: ../oracle/testdata/class_features_static.a: a write lowering didn't record, in function 49
    fresh_test.go:61: ../oracle/testdata/class_features_static.a: a write lowering didn't record, in function 49
    fresh_test.go:61: ../oracle/testdata/class_features_static.a: a write lowering didn't record, in function 49
    fresh_test.go:61: ../oracle/testdata/class_features_static.a: a write lowering didn't record, in function 52
    fresh_test.go:61: ../oracle/testdata/class_features_static.a: a write lowering didn't record, in function 52
    fresh_test.go:61: ../oracle/testdata/class_features_static.a: a write lowering didn't record, in function 52
    fresh_test.go:61: ../oracle/testdata/class_features_static_private.a: a write lowering didn't record, in function 11
    fresh_test.go:61: ../oracle/testdata/class_features_static_private.a: a write lowering didn't record, in function 11
    fresh_test.go:61: ../oracle/testdata/class_features_static_private.a: a write lowering didn't record, in function 11
    fresh_test.go:61: ../oracle/testdata/class_features_static_private.a: a write lowering didn't record, in function 14
    fresh_test.go:61: ../oracle/testdata/class_features_static_private.a: a write lowering didn't record, in function 14
    fresh_test.go:61: ../oracle/testdata/class_features_static_private.a: a write lowering didn't record, in function 14
    fresh_test.go:61: ../oracle/testdata/class_features_static_private.a: a write lowering didn't record, in function 44
    fresh_test.go:61: ../oracle/testdata/class_features_static_private.a: a write lowering didn't record, in function 44
    fresh_test.go:61: ../oracle/testdata/class_features_static_private.a: a write lowering didn't record, in function 44
    fresh_test.go:61: ../oracle/testdata/class_features_static_private.a: a write lowering didn't record, in function 47
    fresh_test.go:61: ../oracle/testdata/class_features_static_private.a: a write lowering didn't record, in function 47
    fresh_test.go:61: ../oracle/testdata/class_features_static_private.a: a write lowering didn't record, in function 47
    fresh_test.go:61: ../oracle/testdata/class_inheritance_conditional.a: a write lowering didn't record, in function 10
    fresh_test.go:61: ../oracle/testdata/class_inheritance_conditional.a: a write lowering didn't record, in function 10
    fresh_test.go:61: ../oracle/testdata/class_inheritance_conditional.a: a write lowering didn't record, in function 10
    fresh_test.go:61: ../oracle/testdata/class_inheritance_conditional.a: a write lowering didn't record, in function 13
    fresh_test.go:61: ../oracle/testdata/class_inheritance_conditional.a: a write lowering didn't record, in function 13
    fresh_test.go:61: ../oracle/testdata/class_inheritance_conditional.a: a write lowering didn't record, in function 13
    fresh_test.go:61: ../oracle/testdata/class_inheritance_conditional.a: a write lowering didn't record, in function 40
    fresh_test.go:61: ../oracle/testdata/class_inheritance_conditional.a: a write lowering didn't record, in function 40
    fresh_test.go:61: ../oracle/testdata/class_inheritance_conditional.a: a write lowering didn't record, in function 40
    fresh_test.go:61: ../oracle/testdata/class_inheritance_exceptions.a: a write lowering didn't record, in function 6
    fresh_test.go:61: ../oracle/testdata/class_inheritance_exceptions.a: a write lowering didn't record, in function 6
    fresh_test.go:61: ../oracle/testdata/class_inheritance_exceptions.a: a write lowering didn't record, in function 6
    fresh_test.go:61: ../oracle/testdata/class_inheritance_exceptions.a: a write lowering didn't record, in function 14
    fresh_test.go:61: ../oracle/testdata/class_inheritance_exceptions.a: a write lowering didn't record, in function 14
    fresh_test.go:61: ../oracle/testdata/class_inheritance_exceptions.a: a write lowering didn't record, in function 14
    fresh_test.go:61: ../oracle/testdata/class_instance_key_throw.a: a write lowering didn't record, in function 8
    fresh_test.go:61: ../oracle/testdata/class_instance_key_throw.a: a write lowering didn't record, in function 8
    fresh_test.go:61: ../oracle/testdata/class_instance_key_throw.a: a write lowering didn't record, in function 8
    fresh_test.go:61: ../oracle/testdata/class_instance_key_throw.a: a write lowering didn't record, in function 11
    fresh_test.go:61: ../oracle/testdata/class_instance_key_throw.a: a write lowering didn't record, in function 11
    fresh_test.go:61: ../oracle/testdata/class_instance_key_throw.a: a write lowering didn't record, in function 11
    fresh_test.go:61: ../oracle/testdata/class_oct6_release.a: a write lowering didn't record, in function 16
    fresh_test.go:61: ../oracle/testdata/class_oct6_release.a: a write lowering didn't record, in function 16
    fresh_test.go:61: ../oracle/testdata/class_oct6_release.a: a write lowering didn't record, in function 16
    fresh_test.go:61: ../oracle/testdata/class_oct6_release.a: a write lowering didn't record, in function 19
    fresh_test.go:61: ../oracle/testdata/class_oct6_release.a: a write lowering didn't record, in function 19
    fresh_test.go:61: ../oracle/testdata/class_oct6_release.a: a write lowering didn't record, in function 19
    fresh_test.go:61: ../oracle/testdata/class_oct6_subclass_holder.a: a write lowering didn't record, in function 9
    fresh_test.go:61: ../oracle/testdata/class_oct6_subclass_holder.a: a write lowering didn't record, in function 9
    fresh_test.go:61: ../oracle/testdata/class_oct6_subclass_holder.a: a write lowering didn't record, in function 9
    fresh_test.go:61: ../oracle/testdata/class_oct6_subclass_holder.a: a write lowering didn't record, in function 12
    fresh_test.go:61: ../oracle/testdata/class_oct6_subclass_holder.a: a write lowering didn't record, in function 12
    fresh_test.go:61: ../oracle/testdata/class_oct6_subclass_holder.a: a write lowering didn't record, in function 12
    fresh_test.go:61: ../oracle/testdata/closures.a: a write lowering didn't record, in function 14
    fresh_test.go:61: ../oracle/testdata/closures.a: a write lowering didn't record, in function 14
    fresh_test.go:61: ../oracle/testdata/closures.a: a write lowering didn't record, in function 14
    fresh_test.go:61: ../oracle/testdata/closures.a: a write lowering didn't record, in function 17
    fresh_test.go:61: ../oracle/testdata/closures.a: a write lowering didn't record, in function 17
    fresh_test.go:61: ../oracle/testdata/closures.a: a write lowering didn't record, in function 17
    fresh_test.go:61: ../oracle/testdata/closures_throw.a: a write lowering didn't record, in function 7
    fresh_test.go:61: ../oracle/testdata/closures_throw.a: a write lowering didn't record, in function 7
    fresh_test.go:61: ../oracle/testdata/closures_throw.a: a write lowering didn't record, in function 7
    fresh_test.go:61: ../oracle/testdata/closures_throw.a: a write lowering didn't record, in function 46
    fresh_test.go:61: ../oracle/testdata/closures_throw.a: a write lowering didn't record, in function 46
    fresh_test.go:61: ../oracle/testdata/closures_throw.a: a write lowering didn't record, in function 46
    fresh_test.go:61: ../oracle/testdata/closures_throw.a: a write lowering didn't record, in function 49
    fresh_test.go:61: ../oracle/testdata/closures_throw.a: a write lowering didn't record, in function 49
    fresh_test.go:61: ../oracle/testdata/closures_throw.a: a write lowering didn't record, in function 49
    fresh_test.go:61: ../oracle/testdata/closures_throw_uncaught.a: a write lowering didn't record, in function 4
    fresh_test.go:61: ../oracle/testdata/closures_throw_uncaught.a: a write lowering didn't record, in function 4
    fresh_test.go:61: ../oracle/testdata/closures_throw_uncaught.a: a write lowering didn't record, in function 4
    fresh_test.go:61: ../oracle/testdata/closures_throw_uncaught.a: a write lowering didn't record, in function 7
    fresh_test.go:61: ../oracle/testdata/closures_throw_uncaught.a: a write lowering didn't record, in function 7
    fresh_test.go:61: ../oracle/testdata/closures_throw_uncaught.a: a write lowering didn't record, in function 7
    fresh_test.go:61: ../oracle/testdata/collections.a: a write lowering didn't record, in function 21
    fresh_test.go:61: ../oracle/testdata/collections.a: a write lowering didn't record, in function 21
    fresh_test.go:61: ../oracle/testdata/collections.a: a write lowering didn't record, in function 21
    fresh_test.go:61: ../oracle/testdata/collections.a: a write lowering didn't record, in function 24
    fresh_test.go:61: ../oracle/testdata/collections.a: a write lowering didn't record, in function 24
    fresh_test.go:61: ../oracle/testdata/collections.a: a write lowering didn't record, in function 24
    fresh_test.go:61: ../oracle/testdata/concat_too_long.a: a write lowering didn't record, in function 2
    fresh_test.go:61: ../oracle/testdata/concat_too_long.a: a write lowering didn't record, in function 2
    fresh_test.go:61: ../oracle/testdata/concat_too_long.a: a write lowering didn't record, in function 2
    fresh_test.go:61: ../oracle/testdata/concat_too_long.a: a write lowering didn't record, in function 5
    fresh_test.go:61: ../oracle/testdata/concat_too_long.a: a write lowering didn't record, in function 5
    fresh_test.go:61: ../oracle/testdata/concat_too_long.a: a write lowering didn't record, in function 5
    fresh_test.go:61: ../oracle/testdata/coverage_error_argument_order.a: a write lowering didn't record, in function 4
    fresh_test.go:61: ../oracle/testdata/coverage_error_argument_order.a: a write lowering didn't record, in function 4
    fresh_test.go:61: ../oracle/testdata/coverage_error_argument_order.a: a write lowering didn't record, in function 4
    fresh_test.go:61: ../oracle/testdata/coverage_error_argument_order.a: a write lowering didn't record, in function 7
    fresh_test.go:61: ../oracle/testdata/coverage_error_argument_order.a: a write lowering didn't record, in function 7
    fresh_test.go:61: ../oracle/testdata/coverage_error_argument_order.a: a write lowering didn't record, in function 7
    fresh_test.go:61: ../oracle/testdata/coverage_error_argument_order.a: a write lowering didn't record, in function 10
    fresh_test.go:61: ../oracle/testdata/coverage_error_argument_order.a: a write lowering didn't record, in function 10
    fresh_test.go:61: ../oracle/testdata/coverage_error_argument_order.a: a write lowering didn't record, in function 10
    fresh_test.go:61: ../oracle/testdata/coverage_error_argument_order.a: a write lowering didn't record, in function 13
    fresh_test.go:61: ../oracle/testdata/coverage_error_argument_order.a: a write lowering didn't record, in function 13
    fresh_test.go:61: ../oracle/testdata/coverage_error_argument_order.a: a write lowering didn't record, in function 13
    fresh_test.go:61: ../oracle/testdata/coverage_error_argument_order.a: a write lowering didn't record, in function 16
    fresh_test.go:61: ../oracle/testdata/coverage_error_argument_order.a: a write lowering didn't record, in function 16
    fresh_test.go:61: ../oracle/testdata/coverage_error_argument_order.a: a write lowering didn't record, in function 16
    fresh_test.go:61: ../oracle/testdata/coverage_error_argument_order.a: a write lowering didn't record, in function 19
    fresh_test.go:61: ../oracle/testdata/coverage_error_argument_order.a: a write lowering didn't record, in function 19
    fresh_test.go:61: ../oracle/testdata/coverage_error_argument_order.a: a write lowering didn't record, in function 19
    fresh_test.go:61: ../oracle/testdata/coverage_error_array_with.a: a write lowering didn't record, in function 2
    fresh_test.go:61: ../oracle/testdata/coverage_error_array_with.a: a write lowering didn't record, in function 2
    fresh_test.go:61: ../oracle/testdata/coverage_error_array_with.a: a write lowering didn't record, in function 2
    fresh_test.go:61: ../oracle/testdata/coverage_error_array_with.a: a write lowering didn't record, in function 5
    fresh_test.go:61: ../oracle/testdata/coverage_error_array_with.a: a write lowering didn't record, in function 5
    fresh_test.go:61: ../oracle/testdata/coverage_error_array_with.a: a write lowering didn't record, in function 5
    fresh_test.go:61: ../oracle/testdata/coverage_error_bounds_mutation.a: a write lowering didn't record, in function 3
    fresh_test.go:61: ../oracle/testdata/coverage_error_bounds_mutation.a: a write lowering didn't record, in function 3
    fresh_test.go:61: ../oracle/testdata/coverage_error_bounds_mutation.a: a write lowering didn't record, in function 3
    fresh_test.go:61: ../oracle/testdata/coverage_error_bounds_mutation.a: a write lowering didn't record, in function 6
    fresh_test.go:61: ../oracle/testdata/coverage_error_bounds_mutation.a: a write lowering didn't record, in function 6
    fresh_test.go:61: ../oracle/testdata/coverage_error_bounds_mutation.a: a write lowering didn't record, in function 6
    fresh_test.go:61: ../oracle/testdata/coverage_error_callback_library.a: a write lowering didn't record, in function 2
    fresh_test.go:61: ../oracle/testdata/coverage_error_callback_library.a: a write lowering didn't record, in function 2
    fresh_test.go:61: ../oracle/testdata/coverage_error_callback_library.a: a write lowering didn't record, in function 2
    fresh_test.go:61: ../oracle/testdata/coverage_error_callback_library.a: a write lowering didn't record, in function 5
    fresh_test.go:61: ../oracle/testdata/coverage_error_callback_library.a: a write lowering didn't record, in function 5
    fresh_test.go:61: ../oracle/testdata/coverage_error_callback_library.a: a write lowering didn't record, in function 5
    fresh_test.go:61: ../oracle/testdata/coverage_error_catch_finally.a: a write lowering didn't record, in function 3
    fresh_test.go:61: ../oracle/testdata/coverage_error_catch_finally.a: a write lowering didn't record, in function 3
    fresh_test.go:61: ../oracle/testdata/coverage_error_catch_finally.a: a write lowering didn't record, in function 3
    fresh_test.go:61: ../oracle/testdata/coverage_error_catch_finally.a: a write lowering didn't record, in function 6
    fresh_test.go:61: ../oracle/testdata/coverage_error_catch_finally.a: a write lowering didn't record, in function 6
    fresh_test.go:61: ../oracle/testdata/coverage_error_catch_finally.a: a write lowering didn't record, in function 6
    fresh_test.go:61: ../oracle/testdata/coverage_error_catch_finally.a: a write lowering didn't record, in function 9
    fresh_test.go:61: ../oracle/testdata/coverage_error_catch_finally.a: a write lowering didn't record, in function 9
    fresh_test.go:61: ../oracle/testdata/coverage_error_catch_finally.a: a write lowering didn't record, in function 9
    fresh_test.go:61: ../oracle/testdata/coverage_error_cause_null.a: a write lowering didn't record, in function 1
    fresh_test.go:61: ../oracle/testdata/coverage_error_cause_null.a: a write lowering didn't record, in function 1
    fresh_test.go:61: ../oracle/testdata/coverage_error_cause_null.a: a write lowering didn't record, in function 1
    fresh_test.go:61: ../oracle/testdata/coverage_error_cause_null.a: a write lowering didn't record, in function 4
    fresh_test.go:61: ../oracle/testdata/coverage_error_cause_null.a: a write lowering didn't record, in function 4
    fresh_test.go:61: ../oracle/testdata/coverage_error_cause_null.a: a write lowering didn't record, in function 4
    fresh_test.go:61: ../oracle/testdata/coverage_error_causes.a: a write lowering didn't record, in function 2
    fresh_test.go:61: ../oracle/testdata/coverage_error_causes.a: a write lowering didn't record, in function 2
    fresh_test.go:61: ../oracle/testdata/coverage_error_causes.a: a write lowering didn't record, in function 2
    fresh_test.go:61: ../oracle/testdata/coverage_error_causes.a: a write lowering didn't record, in function 5
    fresh_test.go:61: ../oracle/testdata/coverage_error_causes.a: a write lowering didn't record, in function 5
    fresh_test.go:61: ../oracle/testdata/coverage_error_causes.a: a write lowering didn't record, in function 5
    fresh_test.go:61: ../oracle/testdata/coverage_error_causes.a: a write lowering didn't record, in function 17
    fresh_test.go:61: ../oracle/testdata/coverage_error_causes.a: a write lowering didn't record, in function 17
    fresh_test.go:61: ../oracle/testdata/coverage_error_causes.a: a write lowering didn't record, in function 17
    fresh_test.go:61: ../oracle/testdata/coverage_error_interface_throw.a: a write lowering didn't record, in function 2
    fresh_test.go:61: ../oracle/testdata/coverage_error_interface_throw.a: a write lowering didn't record, in function 2
    fresh_test.go:61: ../oracle/testdata/coverage_error_interface_throw.a: a write lowering didn't record, in function 2
    fresh_test.go:61: ../oracle/testdata/coverage_error_interface_throw.a: a write lowering didn't record, in function 5
    fresh_test.go:61: ../oracle/testdata/coverage_error_interface_throw.a: a write lowering didn't record, in function 5
    fresh_test.go:61: ../oracle/testdata/coverage_error_interface_throw.a: a write lowering didn't record, in function 5
    fresh_test.go:61: ../oracle/testdata/coverage_error_interface_throw.a: a write lowering didn't record, in function 8
    fresh_test.go:61: ../oracle/testdata/coverage_error_interface_throw.a: a write lowering didn't record, in function 8
    fresh_test.go:61: ../oracle/testdata/coverage_error_interface_throw.a: a write lowering didn't record, in function 8
    fresh_test.go:61: ../oracle/testdata/coverage_error_interface_throw.a: a write lowering didn't record, in function 17
    fresh_test.go:61: ../oracle/testdata/coverage_error_interface_throw.a: a write lowering didn't record, in function 17
    fresh_test.go:61: ../oracle/testdata/coverage_error_interface_throw.a: a write lowering didn't record, in function 17
    fresh_test.go:61: ../oracle/testdata/coverage_error_kinds.a: a write lowering didn't record, in function 1
    fresh_test.go:61: ../oracle/testdata/coverage_error_kinds.a: a write lowering didn't record, in function 1
    fresh_test.go:61: ../oracle/testdata/coverage_error_kinds.a: a write lowering didn't record, in function 1
    fresh_test.go:61: ../oracle/testdata/coverage_error_kinds.a: a write lowering didn't record, in function 4
    fresh_test.go:61: ../oracle/testdata/coverage_error_kinds.a: a write lowering didn't record, in function 4
    fresh_test.go:61: ../oracle/testdata/coverage_error_kinds.a: a write lowering didn't record, in function 4
    fresh_test.go:61: ../oracle/testdata/coverage_error_kinds.a: a write lowering didn't record, in function 7
    fresh_test.go:61: ../oracle/testdata/coverage_error_kinds.a: a write lowering didn't record, in function 7
    fresh_test.go:61: ../oracle/testdata/coverage_error_kinds.a: a write lowering didn't record, in function 7
    fresh_test.go:61: ../oracle/testdata/coverage_error_kinds.a: a write lowering didn't record, in function 10
    fresh_test.go:61: ../oracle/testdata/coverage_error_kinds.a: a write lowering didn't record, in function 10
    fresh_test.go:61: ../oracle/testdata/coverage_error_kinds.a: a write lowering didn't record, in function 10
    fresh_test.go:61: ../oracle/testdata/coverage_error_kinds.a: a write lowering didn't record, in function 13
    fresh_test.go:61: ../oracle/testdata/coverage_error_kinds.a: a write lowering didn't record, in function 13
    fresh_test.go:61: ../oracle/testdata/coverage_error_kinds.a: a write lowering didn't record, in function 13
    fresh_test.go:61: ../oracle/testdata/coverage_error_kinds.a: a write lowering didn't record, in function 16
    fresh_test.go:61: ../oracle/testdata/coverage_error_kinds.a: a write lowering didn't record, in function 16
    fresh_test.go:61: ../oracle/testdata/coverage_error_kinds.a: a write lowering didn't record, in function 16
    fresh_test.go:61: ../oracle/testdata/coverage_error_kinds.a: a write lowering didn't record, in function 19
    fresh_test.go:61: ../oracle/testdata/coverage_error_kinds.a: a write lowering didn't record, in function 19
    fresh_test.go:61: ../oracle/testdata/coverage_error_kinds.a: a write lowering didn't record, in function 19
    fresh_test.go:61: ../oracle/testdata/coverage_error_nested_rethrow.a: a write lowering didn't record, in function 3
    fresh_test.go:61: ../oracle/testdata/coverage_error_nested_rethrow.a: a write lowering didn't record, in function 3
    fresh_test.go:61: ../oracle/testdata/coverage_error_nested_rethrow.a: a write lowering didn't record, in function 3
    fresh_test.go:61: ../oracle/testdata/coverage_error_nested_rethrow.a: a write lowering didn't record, in function 6
    fresh_test.go:61: ../oracle/testdata/coverage_error_nested_rethrow.a: a write lowering didn't record, in function 6
    fresh_test.go:61: ../oracle/testdata/coverage_error_nested_rethrow.a: a write lowering didn't record, in function 6
    fresh_test.go:61: ../oracle/testdata/coverage_error_nested_rethrow.a: a write lowering didn't record, in function 9
    fresh_test.go:61: ../oracle/testdata/coverage_error_nested_rethrow.a: a write lowering didn't record, in function 9
    fresh_test.go:61: ../oracle/testdata/coverage_error_nested_rethrow.a: a write lowering didn't record, in function 9
    fresh_test.go:61: ../oracle/testdata/coverage_error_normalize_forms.a: a write lowering didn't record, in function 3
    fresh_test.go:61: ../oracle/testdata/coverage_error_normalize_forms.a: a write lowering didn't record, in function 3
    fresh_test.go:61: ../oracle/testdata/coverage_error_normalize_forms.a: a write lowering didn't record, in function 3
    fresh_test.go:61: ../oracle/testdata/coverage_error_normalize_forms.a: a write lowering didn't record, in function 6
    fresh_test.go:61: ../oracle/testdata/coverage_error_normalize_forms.a: a write lowering didn't record, in function 6
    fresh_test.go:61: ../oracle/testdata/coverage_error_normalize_forms.a: a write lowering didn't record, in function 6
    fresh_test.go:61: ../oracle/testdata/coverage_error_nullable_cause.a: a write lowering didn't record, in function 1
    fresh_test.go:61: ../oracle/testdata/coverage_error_nullable_cause.a: a write lowering didn't record, in function 1
    fresh_test.go:61: ../oracle/testdata/coverage_error_nullable_cause.a: a write lowering didn't record, in function 1
    fresh_test.go:61: ../oracle/testdata/coverage_error_number_bounds.a: a write lowering didn't record, in function 2
    fresh_test.go:61: ../oracle/testdata/coverage_error_number_bounds.a: a write lowering didn't record, in function 2
    fresh_test.go:61: ../oracle/testdata/coverage_error_number_bounds.a: a write lowering didn't record, in function 2
    fresh_test.go:61: ../oracle/testdata/coverage_error_number_bounds.a: a write lowering didn't record, in function 5
    fresh_test.go:61: ../oracle/testdata/coverage_error_number_bounds.a: a write lowering didn't record, in function 5
    fresh_test.go:61: ../oracle/testdata/coverage_error_number_bounds.a: a write lowering didn't record, in function 5
    fresh_test.go:61: ../oracle/testdata/coverage_error_number_prototypes.a: a write lowering didn't record, in function 3
    fresh_test.go:61: ../oracle/testdata/coverage_error_number_prototypes.a: a write lowering didn't record, in function 3
    fresh_test.go:61: ../oracle/testdata/coverage_error_number_prototypes.a: a write lowering didn't record, in function 3
    fresh_test.go:61: ../oracle/testdata/coverage_error_number_prototypes.a: a write lowering didn't record, in function 6
    fresh_test.go:61: ../oracle/testdata/coverage_error_number_prototypes.a: a write lowering didn't record, in function 6
    fresh_test.go:61: ../oracle/testdata/coverage_error_number_prototypes.a: a write lowering didn't record, in function 6
    fresh_test.go:61: ../oracle/testdata/coverage_error_optional_messages.a: a write lowering didn't record, in function 2
    fresh_test.go:61: ../oracle/testdata/coverage_error_optional_messages.a: a write lowering didn't record, in function 2
    fresh_test.go:61: ../oracle/testdata/coverage_error_optional_messages.a: a write lowering didn't record, in function 2
    fresh_test.go:61: ../oracle/testdata/coverage_error_optional_messages.a: a write lowering didn't record, in function 5
    fresh_test.go:61: ../oracle/testdata/coverage_error_optional_messages.a: a write lowering didn't record, in function 5
    fresh_test.go:61: ../oracle/testdata/coverage_error_optional_messages.a: a write lowering didn't record, in function 5
    fresh_test.go:61: ../oracle/testdata/coverage_error_optional_messages.a: a write lowering didn't record, in function 8
    fresh_test.go:61: ../oracle/testdata/coverage_error_optional_messages.a: a write lowering didn't record, in function 8
    fresh_test.go:61: ../oracle/testdata/coverage_error_optional_messages.a: a write lowering didn't record, in function 8
    fresh_test.go:61: ../oracle/testdata/coverage_error_optional_messages.a: a write lowering didn't record, in function 11
    fresh_test.go:61: ../oracle/testdata/coverage_error_optional_messages.a: a write lowering didn't record, in function 11
    fresh_test.go:61: ../oracle/testdata/coverage_error_optional_messages.a: a write lowering didn't record, in function 11
    fresh_test.go:61: ../oracle/testdata/coverage_error_optional_messages.a: a write lowering didn't record, in function 14
    fresh_test.go:61: ../oracle/testdata/coverage_error_optional_messages.a: a write lowering didn't record, in function 14
    fresh_test.go:61: ../oracle/testdata/coverage_error_optional_messages.a: a write lowering didn't record, in function 14
    fresh_test.go:61: ../oracle/testdata/coverage_error_optional_messages.a: a write lowering didn't record, in function 17
    fresh_test.go:61: ../oracle/testdata/coverage_error_optional_messages.a: a write lowering didn't record, in function 17
    fresh_test.go:61: ../oracle/testdata/coverage_error_optional_messages.a: a write lowering didn't record, in function 17
    fresh_test.go:61: ../oracle/testdata/coverage_error_optional_messages.a: a write lowering didn't record, in function 20
    fresh_test.go:61: ../oracle/testdata/coverage_error_optional_messages.a: a write lowering didn't record, in function 20
    fresh_test.go:61: ../oracle/testdata/coverage_error_optional_messages.a: a write lowering didn't record, in function 20
    fresh_test.go:61: ../oracle/testdata/coverage_error_padding_dispatch.a: a write lowering didn't record, in function 2
    fresh_test.go:61: ../oracle/testdata/coverage_error_padding_dispatch.a: a write lowering didn't record, in function 2
    fresh_test.go:61: ../oracle/testdata/coverage_error_padding_dispatch.a: a write lowering didn't record, in function 2
    fresh_test.go:61: ../oracle/testdata/coverage_error_padding_dispatch.a: a write lowering didn't record, in function 5
    fresh_test.go:61: ../oracle/testdata/coverage_error_padding_dispatch.a: a write lowering didn't record, in function 5
    fresh_test.go:61: ../oracle/testdata/coverage_error_padding_dispatch.a: a write lowering didn't record, in function 5
    fresh_test.go:61: ../oracle/testdata/coverage_error_prototype.a: a write lowering didn't record, in function 2
    fresh_test.go:61: ../oracle/testdata/coverage_error_prototype.a: a write lowering didn't record, in function 2
    fresh_test.go:61: ../oracle/testdata/coverage_error_prototype.a: a write lowering didn't record, in function 2
    fresh_test.go:61: ../oracle/testdata/coverage_error_prototype.a: a write lowering didn't record, in function 5
    fresh_test.go:61: ../oracle/testdata/coverage_error_prototype.a: a write lowering didn't record, in function 5
    fresh_test.go:61: ../oracle/testdata/coverage_error_prototype.a: a write lowering didn't record, in function 5
    fresh_test.go:61: ../oracle/testdata/coverage_error_prototype.a: a write lowering didn't record, in function 11
    fresh_test.go:61: ../oracle/testdata/coverage_error_prototype.a: a write lowering didn't record, in function 11
    fresh_test.go:61: ../oracle/testdata/coverage_error_prototype.a: a write lowering didn't record, in function 11
    fresh_test.go:61: ../oracle/testdata/coverage_error_prototype.a: a write lowering didn't record, in function 15
    fresh_test.go:61: ../oracle/testdata/coverage_error_prototype.a: a write lowering didn't record, in function 15
    fresh_test.go:61: ../oracle/testdata/coverage_error_prototype.a: a write lowering didn't record, in function 15
    fresh_test.go:61: ../oracle/testdata/coverage_error_prototype_null.a: a write lowering didn't record, in function 2
    fresh_test.go:61: ../oracle/testdata/coverage_error_prototype_null.a: a write lowering didn't record, in function 2
    fresh_test.go:61: ../oracle/testdata/coverage_error_prototype_null.a: a write lowering didn't record, in function 2
    fresh_test.go:61: ../oracle/testdata/coverage_error_prototype_null.a: a write lowering didn't record, in function 5
    fresh_test.go:61: ../oracle/testdata/coverage_error_prototype_null.a: a write lowering didn't record, in function 5
    fresh_test.go:61: ../oracle/testdata/coverage_error_prototype_null.a: a write lowering didn't record, in function 5
    fresh_test.go:61: ../oracle/testdata/coverage_error_prototype_null.a: a write lowering didn't record, in function 8
    fresh_test.go:61: ../oracle/testdata/coverage_error_prototype_null.a: a write lowering didn't record, in function 8
    fresh_test.go:61: ../oracle/testdata/coverage_error_prototype_null.a: a write lowering didn't record, in function 8
    fresh_test.go:61: ../oracle/testdata/coverage_error_repeat_unicode.a: a write lowering didn't record, in function 3
    fresh_test.go:61: ../oracle/testdata/coverage_error_repeat_unicode.a: a write lowering didn't record, in function 3
    fresh_test.go:61: ../oracle/testdata/coverage_error_repeat_unicode.a: a write lowering didn't record, in function 3
    fresh_test.go:61: ../oracle/testdata/coverage_error_repeat_unicode.a: a write lowering didn't record, in function 6
    fresh_test.go:61: ../oracle/testdata/coverage_error_repeat_unicode.a: a write lowering didn't record, in function 6
    fresh_test.go:61: ../oracle/testdata/coverage_error_repeat_unicode.a: a write lowering didn't record, in function 6
    fresh_test.go:61: ../oracle/testdata/coverage_error_tdz_interface.a: a write lowering didn't record, in function 2
    fresh_test.go:61: ../oracle/testdata/coverage_error_tdz_interface.a: a write lowering didn't record, in function 2
    fresh_test.go:61: ../oracle/testdata/coverage_error_tdz_interface.a: a write lowering didn't record, in function 2
    fresh_test.go:61: ../oracle/testdata/coverage_error_tdz_interface.a: a write lowering didn't record, in function 5
    fresh_test.go:61: ../oracle/testdata/coverage_error_tdz_interface.a: a write lowering didn't record, in function 5
    fresh_test.go:61: ../oracle/testdata/coverage_error_tdz_interface.a: a write lowering didn't record, in function 5
    fresh_test.go:61: ../oracle/testdata/coverage_error_tdz_interface.a: a write lowering didn't record, in function 11
    fresh_test.go:61: ../oracle/testdata/coverage_error_tdz_interface.a: a write lowering didn't record, in function 11
    fresh_test.go:61: ../oracle/testdata/coverage_error_tdz_interface.a: a write lowering didn't record, in function 11
    fresh_test.go:61: ../oracle/testdata/coverage_error_uncaught_surrogate.a: a write lowering didn't record, in function 2
    fresh_test.go:61: ../oracle/testdata/coverage_error_uncaught_surrogate.a: a write lowering didn't record, in function 2
    fresh_test.go:61: ../oracle/testdata/coverage_error_uncaught_surrogate.a: a write lowering didn't record, in function 2
    fresh_test.go:61: ../oracle/testdata/coverage_error_uncaught_surrogate.a: a write lowering didn't record, in function 5
    fresh_test.go:61: ../oracle/testdata/coverage_error_uncaught_surrogate.a: a write lowering didn't record, in function 5
    fresh_test.go:61: ../oracle/testdata/coverage_error_uncaught_surrogate.a: a write lowering didn't record, in function 5
    fresh_test.go:61: ../oracle/testdata/coverage_error_uncaught_surrogate.a: a write lowering didn't record, in function 8
    fresh_test.go:61: ../oracle/testdata/coverage_error_uncaught_surrogate.a: a write lowering didn't record, in function 8
    fresh_test.go:61: ../oracle/testdata/coverage_error_uncaught_surrogate.a: a write lowering didn't record, in function 8
    fresh_test.go:61: ../oracle/testdata/dead_zone.a: a write lowering didn't record, in function 2
    fresh_test.go:61: ../oracle/testdata/dead_zone.a: a write lowering didn't record, in function 2
    fresh_test.go:61: ../oracle/testdata/dead_zone.a: a write lowering didn't record, in function 2
    fresh_test.go:61: ../oracle/testdata/dead_zone.a: a write lowering didn't record, in function 5
    fresh_test.go:61: ../oracle/testdata/dead_zone.a: a write lowering didn't record, in function 5
    fresh_test.go:61: ../oracle/testdata/dead_zone.a: a write lowering didn't record, in function 5
    fresh_test.go:61: ../oracle/testdata/defaults.a: a write lowering didn't record, in function 7
    fresh_test.go:61: ../oracle/testdata/defaults.a: a write lowering didn't record, in function 7
    fresh_test.go:61: ../oracle/testdata/defaults.a: a write lowering didn't record, in function 7
    fresh_test.go:61: ../oracle/testdata/defaults.a: a write lowering didn't record, in function 10
    fresh_test.go:61: ../oracle/testdata/defaults.a: a write lowering didn't record, in function 10
    fresh_test.go:61: ../oracle/testdata/defaults.a: a write lowering didn't record, in function 10
    fresh_test.go:61: ../oracle/testdata/detached_own_unready.a: a write lowering didn't record, in function 3
    fresh_test.go:61: ../oracle/testdata/detached_own_unready.a: a write lowering didn't record, in function 3
    fresh_test.go:61: ../oracle/testdata/detached_own_unready.a: a write lowering didn't record, in function 3
    fresh_test.go:61: ../oracle/testdata/detached_own_unready.a: a write lowering didn't record, in function 6
    fresh_test.go:61: ../oracle/testdata/detached_own_unready.a: a write lowering didn't record, in function 6
    fresh_test.go:61: ../oracle/testdata/detached_own_unready.a: a write lowering didn't record, in function 6
    fresh_test.go:61: ../oracle/testdata/devirtualize.a: a write lowering didn't record, in function 20
    fresh_test.go:61: ../oracle/testdata/devirtualize.a: a write lowering didn't record, in function 20
    fresh_test.go:61: ../oracle/testdata/devirtualize.a: a write lowering didn't record, in function 20
    fresh_test.go:61: ../oracle/testdata/devirtualize.a: a write lowering didn't record, in function 30
    fresh_test.go:61: ../oracle/testdata/devirtualize.a: a write lowering didn't record, in function 30
    fresh_test.go:61: ../oracle/testdata/devirtualize.a: a write lowering didn't record, in function 30
    fresh_test.go:61: ../oracle/testdata/devirtualize_receivers.a: a write lowering didn't record, in function 12
    fresh_test.go:61: ../oracle/testdata/devirtualize_receivers.a: a write lowering didn't record, in function 12
    fresh_test.go:61: ../oracle/testdata/devirtualize_receivers.a: a write lowering didn't record, in function 12
    fresh_test.go:61: ../oracle/testdata/devirtualize_receivers.a: a write lowering didn't record, in function 15
    fresh_test.go:61: ../oracle/testdata/devirtualize_receivers.a: a write lowering didn't record, in function 15
    fresh_test.go:61: ../oracle/testdata/devirtualize_receivers.a: a write lowering didn't record, in function 15
    fresh_test.go:61: ../oracle/testdata/doubly_linked.a: a write lowering didn't record, in function 11
    fresh_test.go:61: ../oracle/testdata/doubly_linked.a: a write lowering didn't record, in function 11
    fresh_test.go:61: ../oracle/testdata/doubly_linked.a: a write lowering didn't record, in function 11
    fresh_test.go:61: ../oracle/testdata/doubly_linked.a: a write lowering didn't record, in function 14
    fresh_test.go:61: ../oracle/testdata/doubly_linked.a: a write lowering didn't record, in function 14
    fresh_test.go:61: ../oracle/testdata/doubly_linked.a: a write lowering didn't record, in function 14
    fresh_test.go:61: ../oracle/testdata/error_checks.a: a write lowering didn't record, in function 14
    fresh_test.go:61: ../oracle/testdata/error_checks.a: a write lowering didn't record, in function 14
    fresh_test.go:61: ../oracle/testdata/error_checks.a: a write lowering didn't record, in function 14
    fresh_test.go:61: ../oracle/testdata/error_checks.a: a write lowering didn't record, in function 17
    fresh_test.go:61: ../oracle/testdata/error_checks.a: a write lowering didn't record, in function 17
    fresh_test.go:61: ../oracle/testdata/error_checks.a: a write lowering didn't record, in function 17
    fresh_test.go:61: ../oracle/testdata/error_checks.a: a write lowering didn't record, in function 22
    fresh_test.go:61: ../oracle/testdata/error_checks.a: a write lowering didn't record, in function 22
    fresh_test.go:61: ../oracle/testdata/error_checks.a: a write lowering didn't record, in function 22
    fresh_test.go:61: ../oracle/testdata/error_checks.a: a write lowering didn't record, in function 27
    fresh_test.go:61: ../oracle/testdata/error_checks.a: a write lowering didn't record, in function 27
    fresh_test.go:61: ../oracle/testdata/error_checks.a: a write lowering didn't record, in function 27
    fresh_test.go:61: ../oracle/testdata/error_classes.a: a write lowering didn't record, in function 7
    fresh_test.go:61: ../oracle/testdata/error_classes.a: a write lowering didn't record, in function 7
    fresh_test.go:61: ../oracle/testdata/error_classes.a: a write lowering didn't record, in function 7
    fresh_test.go:61: ../oracle/testdata/error_classes.a: a write lowering didn't record, in function 15
    fresh_test.go:61: ../oracle/testdata/error_classes.a: a write lowering didn't record, in function 15
    fresh_test.go:61: ../oracle/testdata/error_classes.a: a write lowering didn't record, in function 15
    fresh_test.go:61: ../oracle/testdata/error_classes.a: a write lowering didn't record, in function 19
    fresh_test.go:61: ../oracle/testdata/error_classes.a: a write lowering didn't record, in function 19
    fresh_test.go:61: ../oracle/testdata/error_classes.a: a write lowering didn't record, in function 19
    fresh_test.go:61: ../oracle/testdata/error_classes_uncaught.a: a write lowering didn't record, in function 3
    fresh_test.go:61: ../oracle/testdata/error_classes_uncaught.a: a write lowering didn't record, in function 3
    fresh_test.go:61: ../oracle/testdata/error_classes_uncaught.a: a write lowering didn't record, in function 3
    fresh_test.go:61: ../oracle/testdata/error_classes_uncaught.a: a write lowering didn't record, in function 8
    fresh_test.go:61: ../oracle/testdata/error_classes_uncaught.a: a write lowering didn't record, in function 8
    fresh_test.go:61: ../oracle/testdata/error_classes_uncaught.a: a write lowering didn't record, in function 8
    fresh_test.go:61: ../oracle/testdata/error_classes_uncaught_empty.a: a write lowering didn't record, in function 1
    fresh_test.go:61: ../oracle/testdata/error_classes_uncaught_empty.a: a write lowering didn't record, in function 1
    fresh_test.go:61: ../oracle/testdata/error_classes_uncaught_empty.a: a write lowering didn't record, in function 1
    fresh_test.go:61: ../oracle/testdata/error_classes_uncaught_name.a: a write lowering didn't record, in function 1
    fresh_test.go:61: ../oracle/testdata/error_classes_uncaught_name.a: a write lowering didn't record, in function 1
    fresh_test.go:61: ../oracle/testdata/error_classes_uncaught_name.a: a write lowering didn't record, in function 1
    fresh_test.go:61: ../oracle/testdata/exceptions.a: a write lowering didn't record, in function 8
    fresh_test.go:61: ../oracle/testdata/exceptions.a: a write lowering didn't record, in function 8
    fresh_test.go:61: ../oracle/testdata/exceptions.a: a write lowering didn't record, in function 8
    fresh_test.go:61: ../oracle/testdata/exceptions.a: a write lowering didn't record, in function 14
    fresh_test.go:61: ../oracle/testdata/exceptions.a: a write lowering didn't record, in function 14
    fresh_test.go:61: ../oracle/testdata/exceptions.a: a write lowering didn't record, in function 14
    fresh_test.go:61: ../oracle/testdata/exceptions_empty.a: a write lowering didn't record, in function 1
    fresh_test.go:61: ../oracle/testdata/exceptions_empty.a: a write lowering didn't record, in function 1
    fresh_test.go:61: ../oracle/testdata/exceptions_empty.a: a write lowering didn't record, in function 1
    fresh_test.go:61: ../oracle/testdata/exceptions_empty.a: a write lowering didn't record, in function 4
    fresh_test.go:61: ../oracle/testdata/exceptions_empty.a: a write lowering didn't record, in function 4
    fresh_test.go:61: ../oracle/testdata/exceptions_empty.a: a write lowering didn't record, in function 4
    fresh_test.go:61: ../oracle/testdata/exceptions_uncaught.a: a write lowering didn't record, in function 3
    fresh_test.go:61: ../oracle/testdata/exceptions_uncaught.a: a write lowering didn't record, in function 3
    fresh_test.go:61: ../oracle/testdata/exceptions_uncaught.a: a write lowering didn't record, in function 3
    fresh_test.go:61: ../oracle/testdata/exceptions_uncaught.a: a write lowering didn't record, in function 6
    fresh_test.go:61: ../oracle/testdata/exceptions_uncaught.a: a write lowering didn't record, in function 6
    fresh_test.go:61: ../oracle/testdata/exceptions_uncaught.a: a write lowering didn't record, in function 6
    fresh_test.go:61: ../oracle/testdata/fallthrough_exceptions.a: a write lowering didn't record, in function 2
    fresh_test.go:61: ../oracle/testdata/fallthrough_exceptions.a: a write lowering didn't record, in function 2
    fresh_test.go:61: ../oracle/testdata/fallthrough_exceptions.a: a write lowering didn't record, in function 2
    fresh_test.go:61: ../oracle/testdata/fallthrough_exceptions.a: a write lowering didn't record, in function 5
    fresh_test.go:61: ../oracle/testdata/fallthrough_exceptions.a: a write lowering didn't record, in function 5
    fresh_test.go:61: ../oracle/testdata/fallthrough_exceptions.a: a write lowering didn't record, in function 5
    fresh_test.go:61: ../oracle/testdata/fallthrough_labels.a: a write lowering didn't record, in function 3
    fresh_test.go:61: ../oracle/testdata/fallthrough_labels.a: a write lowering didn't record, in function 3
    fresh_test.go:61: ../oracle/testdata/fallthrough_labels.a: a write lowering didn't record, in function 3
    fresh_test.go:61: ../oracle/testdata/fallthrough_labels.a: a write lowering didn't record, in function 6
    fresh_test.go:61: ../oracle/testdata/fallthrough_labels.a: a write lowering didn't record, in function 6
    fresh_test.go:61: ../oracle/testdata/fallthrough_labels.a: a write lowering didn't record, in function 6
    fresh_test.go:61: ../oracle/testdata/field_access_paths.a: a write lowering didn't record, in function 10
    fresh_test.go:61: ../oracle/testdata/field_access_paths.a: a write lowering didn't record, in function 10
    fresh_test.go:61: ../oracle/testdata/field_access_paths.a: a write lowering didn't record, in function 10
    fresh_test.go:61: ../oracle/testdata/field_access_paths.a: a write lowering didn't record, in function 13
    fresh_test.go:61: ../oracle/testdata/field_access_paths.a: a write lowering didn't record, in function 13
    fresh_test.go:61: ../oracle/testdata/field_access_paths.a: a write lowering didn't record, in function 13
    fresh_test.go:61: ../oracle/testdata/field_write_paths.a: a write lowering didn't record, in function 10
    fresh_test.go:61: ../oracle/testdata/field_write_paths.a: a write lowering didn't record, in function 10
    fresh_test.go:61: ../oracle/testdata/field_write_paths.a: a write lowering didn't record, in function 10
    fresh_test.go:61: ../oracle/testdata/field_write_paths.a: a write lowering didn't record, in function 13
    fresh_test.go:61: ../oracle/testdata/field_write_paths.a: a write lowering didn't record, in function 13
    fresh_test.go:61: ../oracle/testdata/field_write_paths.a: a write lowering didn't record, in function 13
    fresh_test.go:61: ../oracle/testdata/fills.a: a write lowering didn't record, in function 3
    fresh_test.go:61: ../oracle/testdata/fills.a: a write lowering didn't record, in function 3
    fresh_test.go:61: ../oracle/testdata/fills.a: a write lowering didn't record, in function 3
    fresh_test.go:61: ../oracle/testdata/fills.a: a write lowering didn't record, in function 6
    fresh_test.go:61: ../oracle/testdata/fills.a: a write lowering didn't record, in function 6
    fresh_test.go:61: ../oracle/testdata/fills.a: a write lowering didn't record, in function 6
    fresh_test.go:61: ../oracle/testdata/fills.a: a write lowering didn't record, in function 10
    fresh_test.go:61: ../oracle/testdata/fills.a: a write lowering didn't record, in function 10
    fresh_test.go:61: ../oracle/testdata/fills.a: a write lowering didn't record, in function 10
    fresh_test.go:61: ../oracle/testdata/finally_leaves.a: a write lowering didn't record, in function 16
    fresh_test.go:61: ../oracle/testdata/finally_leaves.a: a write lowering didn't record, in function 16
    fresh_test.go:61: ../oracle/testdata/finally_leaves.a: a write lowering didn't record, in function 16
    fresh_test.go:61: ../oracle/testdata/finally_leaves.a: a write lowering didn't record, in function 20
    fresh_test.go:61: ../oracle/testdata/finally_leaves.a: a write lowering didn't record, in function 20
    fresh_test.go:61: ../oracle/testdata/finally_leaves.a: a write lowering didn't record, in function 20
    fresh_test.go:61: ../oracle/testdata/fresh_calls.a: a write lowering didn't record, in function 9
    fresh_test.go:61: ../oracle/testdata/fresh_calls.a: a write lowering didn't record, in function 9
    fresh_test.go:61: ../oracle/testdata/fresh_calls.a: a write lowering didn't record, in function 9
    fresh_test.go:61: ../oracle/testdata/fresh_calls.a: a write lowering didn't record, in function 12
    fresh_test.go:61: ../oracle/testdata/fresh_calls.a: a write lowering didn't record, in function 12
    fresh_test.go:61: ../oracle/testdata/fresh_calls.a: a write lowering didn't record, in function 12
    fresh_test.go:61: ../oracle/testdata/fresh_parser.a: a write lowering didn't record, in function 12
    fresh_test.go:61: ../oracle/testdata/fresh_parser.a: a write lowering didn't record, in function 12
    fresh_test.go:61: ../oracle/testdata/fresh_parser.a: a write lowering didn't record, in function 12
    fresh_test.go:61: ../oracle/testdata/fresh_parser.a: a write lowering didn't record, in function 15
    fresh_test.go:61: ../oracle/testdata/fresh_parser.a: a write lowering didn't record, in function 15
    fresh_test.go:61: ../oracle/testdata/fresh_parser.a: a write lowering didn't record, in function 15
    fresh_test.go:61: ../oracle/testdata/fresh_parser.a: a write lowering didn't record, in function 19
    fresh_test.go:61: ../oracle/testdata/fresh_parser.a: a write lowering didn't record, in function 19
    fresh_test.go:61: ../oracle/testdata/fresh_parser.a: a write lowering didn't record, in function 19
    fresh_test.go:61: ../oracle/testdata/fresh_writes.a: a write lowering didn't record, in function 13
    fresh_test.go:61: ../oracle/testdata/fresh_writes.a: a write lowering didn't record, in function 13
    fresh_test.go:61: ../oracle/testdata/fresh_writes.a: a write lowering didn't record, in function 13
    fresh_test.go:61: ../oracle/testdata/fresh_writes.a: a write lowering didn't record, in function 16
    fresh_test.go:61: ../oracle/testdata/fresh_writes.a: a write lowering didn't record, in function 16
    fresh_test.go:61: ../oracle/testdata/fresh_writes.a: a write lowering didn't record, in function 16
    fresh_test.go:61: ../oracle/testdata/fresh_writes.a: a write lowering didn't record, in function 22
    fresh_test.go:61: ../oracle/testdata/fresh_writes.a: a write lowering didn't record, in function 22
    fresh_test.go:61: ../oracle/testdata/fresh_writes.a: a write lowering didn't record, in function 22
    fresh_test.go:61: ../oracle/testdata/generic_function_properties.a: a write lowering didn't record, in function 15
    fresh_test.go:61: ../oracle/testdata/generic_function_properties.a: a write lowering didn't record, in function 15
    fresh_test.go:61: ../oracle/testdata/generic_function_properties.a: a write lowering didn't record, in function 15
    fresh_test.go:61: ../oracle/testdata/generic_function_properties.a: a write lowering didn't record, in function 18
    fresh_test.go:61: ../oracle/testdata/generic_function_properties.a: a write lowering didn't record, in function 18
    fresh_test.go:61: ../oracle/testdata/generic_function_properties.a: a write lowering didn't record, in function 18
    fresh_test.go:61: ../oracle/testdata/generic_method_return.a: a write lowering didn't record, in function 4
    fresh_test.go:61: ../oracle/testdata/generic_method_return.a: a write lowering didn't record, in function 4
    fresh_test.go:61: ../oracle/testdata/generic_method_return.a: a write lowering didn't record, in function 4
    fresh_test.go:61: ../oracle/testdata/generic_method_return.a: a write lowering didn't record, in function 16
    fresh_test.go:61: ../oracle/testdata/generic_method_return.a: a write lowering didn't record, in function 16
    fresh_test.go:61: ../oracle/testdata/generic_method_return.a: a write lowering didn't record, in function 16
    fresh_test.go:61: ../oracle/testdata/generic_optional_callback_results.a: a write lowering didn't record, in function 21
    fresh_test.go:61: ../oracle/testdata/generic_optional_callback_results.a: a write lowering didn't record, in function 21
    fresh_test.go:61: ../oracle/testdata/generic_optional_callback_results.a: a write lowering didn't record, in function 21
    fresh_test.go:61: ../oracle/testdata/generic_optional_callback_results.a: a write lowering didn't record, in function 24
    fresh_test.go:61: ../oracle/testdata/generic_optional_callback_results.a: a write lowering didn't record, in function 24
    fresh_test.go:61: ../oracle/testdata/generic_optional_callback_results.a: a write lowering didn't record, in function 24
    fresh_test.go:61: ../oracle/testdata/implicit_returns.a: a write lowering didn't record, in function 13
    fresh_test.go:61: ../oracle/testdata/implicit_returns.a: a write lowering didn't record, in function 13
    fresh_test.go:61: ../oracle/testdata/implicit_returns.a: a write lowering didn't record, in function 13
    fresh_test.go:61: ../oracle/testdata/implicit_returns.a: a write lowering didn't record, in function 16
    fresh_test.go:61: ../oracle/testdata/implicit_returns.a: a write lowering didn't record, in function 16
    fresh_test.go:61: ../oracle/testdata/implicit_returns.a: a write lowering didn't record, in function 16
    fresh_test.go:61: ../oracle/testdata/increment_values.a: a write lowering didn't record, in function 58
    fresh_test.go:61: ../oracle/testdata/increment_values.a: a write lowering didn't record, in function 58
    fresh_test.go:61: ../oracle/testdata/increment_values.a: a write lowering didn't record, in function 58
    fresh_test.go:61: ../oracle/testdata/increment_values.a: a write lowering didn't record, in function 61
    fresh_test.go:61: ../oracle/testdata/increment_values.a: a write lowering didn't record, in function 61
    fresh_test.go:61: ../oracle/testdata/increment_values.a: a write lowering didn't record, in function 61
    fresh_test.go:61: ../oracle/testdata/inherited_static_field_read.a: a write lowering didn't record, in function 2
    fresh_test.go:61: ../oracle/testdata/inherited_static_field_read.a: a write lowering didn't record, in function 2
    fresh_test.go:61: ../oracle/testdata/inherited_static_field_read.a: a write lowering didn't record, in function 2
    fresh_test.go:61: ../oracle/testdata/inherited_static_field_read.a: a write lowering didn't record, in function 5
    fresh_test.go:61: ../oracle/testdata/inherited_static_field_read.a: a write lowering didn't record, in function 5
    fresh_test.go:61: ../oracle/testdata/inherited_static_field_read.a: a write lowering didn't record, in function 5
    fresh_test.go:61: ../oracle/testdata/invariance_readonly.a: a write lowering didn't record, in function 5
    fresh_test.go:61: ../oracle/testdata/invariance_readonly.a: a write lowering didn't record, in function 5
    fresh_test.go:61: ../oracle/testdata/invariance_readonly.a: a write lowering didn't record, in function 5
    fresh_test.go:61: ../oracle/testdata/invariance_readonly.a: a write lowering didn't record, in function 8
    fresh_test.go:61: ../oracle/testdata/invariance_readonly.a: a write lowering didn't record, in function 8
    fresh_test.go:61: ../oracle/testdata/invariance_readonly.a: a write lowering didn't record, in function 8
    fresh_test.go:61: ../oracle/testdata/large_output.a: a write lowering didn't record, in function 2
    fresh_test.go:61: ../oracle/testdata/large_output.a: a write lowering didn't record, in function 2
    fresh_test.go:61: ../oracle/testdata/large_output.a: a write lowering didn't record, in function 2
    fresh_test.go:61: ../oracle/testdata/large_output.a: a write lowering didn't record, in function 5
    fresh_test.go:61: ../oracle/testdata/large_output.a: a write lowering didn't record, in function 5
    fresh_test.go:61: ../oracle/testdata/large_output.a: a write lowering didn't record, in function 5
    fresh_test.go:61: ../oracle/testdata/library_array_find_last.a: a write lowering didn't record, in function 9
    fresh_test.go:61: ../oracle/testdata/library_array_find_last.a: a write lowering didn't record, in function 9
    fresh_test.go:61: ../oracle/testdata/library_array_find_last.a: a write lowering didn't record, in function 9
    fresh_test.go:61: ../oracle/testdata/library_array_find_last.a: a write lowering didn't record, in function 12
    fresh_test.go:61: ../oracle/testdata/library_array_find_last.a: a write lowering didn't record, in function 12
    fresh_test.go:61: ../oracle/testdata/library_array_find_last.a: a write lowering didn't record, in function 12
    fresh_test.go:61: ../oracle/testdata/library_array_flat_map.a: a write lowering didn't record, in function 14
    fresh_test.go:61: ../oracle/testdata/library_array_flat_map.a: a write lowering didn't record, in function 14
    fresh_test.go:61: ../oracle/testdata/library_array_flat_map.a: a write lowering didn't record, in function 14
    fresh_test.go:61: ../oracle/testdata/library_array_flat_map.a: a write lowering didn't record, in function 18
    fresh_test.go:61: ../oracle/testdata/library_array_flat_map.a: a write lowering didn't record, in function 18
    fresh_test.go:61: ../oracle/testdata/library_array_flat_map.a: a write lowering didn't record, in function 18
    fresh_test.go:61: ../oracle/testdata/library_array_flat_map.a: a write lowering didn't record, in function 21
    fresh_test.go:61: ../oracle/testdata/library_array_flat_map.a: a write lowering didn't record, in function 21
    fresh_test.go:61: ../oracle/testdata/library_array_flat_map.a: a write lowering didn't record, in function 21
    fresh_test.go:61: ../oracle/testdata/library_array_with.a: a write lowering didn't record, in function 1
    fresh_test.go:61: ../oracle/testdata/library_array_with.a: a write lowering didn't record, in function 1
    fresh_test.go:61: ../oracle/testdata/library_array_with.a: a write lowering didn't record, in function 1
    fresh_test.go:61: ../oracle/testdata/library_array_with.a: a write lowering didn't record, in function 4
    fresh_test.go:61: ../oracle/testdata/library_array_with.a: a write lowering didn't record, in function 4
    fresh_test.go:61: ../oracle/testdata/library_array_with.a: a write lowering didn't record, in function 4
    fresh_test.go:61: ../oracle/testdata/library_error_debug_fail.a: a write lowering didn't record, in function 3
    fresh_test.go:61: ../oracle/testdata/library_error_debug_fail.a: a write lowering didn't record, in function 3
    fresh_test.go:61: ../oracle/testdata/library_error_debug_fail.a: a write lowering didn't record, in function 3
    fresh_test.go:61: ../oracle/testdata/library_error_debug_fail.a: a write lowering didn't record, in function 9
    fresh_test.go:61: ../oracle/testdata/library_error_debug_fail.a: a write lowering didn't record, in function 9
    fresh_test.go:61: ../oracle/testdata/library_error_debug_fail.a: a write lowering didn't record, in function 9
    fresh_test.go:61: ../oracle/testdata/library_error_probe.a: a write lowering didn't record, in function 2
    fresh_test.go:61: ../oracle/testdata/library_error_probe.a: a write lowering didn't record, in function 2
    fresh_test.go:61: ../oracle/testdata/library_error_probe.a: a write lowering didn't record, in function 2
    fresh_test.go:61: ../oracle/testdata/library_fnexpr_loops.a: a write lowering didn't record, in function 25
    fresh_test.go:61: ../oracle/testdata/library_fnexpr_loops.a: a write lowering didn't record, in function 25
    fresh_test.go:61: ../oracle/testdata/library_fnexpr_loops.a: a write lowering didn't record, in function 25
    fresh_test.go:61: ../oracle/testdata/library_fnexpr_loops.a: a write lowering didn't record, in function 28
    fresh_test.go:61: ../oracle/testdata/library_fnexpr_loops.a: a write lowering didn't record, in function 28
    fresh_test.go:61: ../oracle/testdata/library_fnexpr_loops.a: a write lowering didn't record, in function 28
    fresh_test.go:61: ../oracle/testdata/library_function_expressions.a: a write lowering didn't record, in function 16
    fresh_test.go:61: ../oracle/testdata/library_function_expressions.a: a write lowering didn't record, in function 16
    fresh_test.go:61: ../oracle/testdata/library_function_expressions.a: a write lowering didn't record, in function 16
    fresh_test.go:61: ../oracle/testdata/library_function_expressions.a: a write lowering didn't record, in function 20
    fresh_test.go:61: ../oracle/testdata/library_function_expressions.a: a write lowering didn't record, in function 20
    fresh_test.go:61: ../oracle/testdata/library_function_expressions.a: a write lowering didn't record, in function 20
    fresh_test.go:61: ../oracle/testdata/library_map_set_construct.a: a write lowering didn't record, in function 11
    fresh_test.go:61: ../oracle/testdata/library_map_set_construct.a: a write lowering didn't record, in function 11
    fresh_test.go:61: ../oracle/testdata/library_map_set_construct.a: a write lowering didn't record, in function 11
    fresh_test.go:61: ../oracle/testdata/library_map_set_construct.a: a write lowering didn't record, in function 14
    fresh_test.go:61: ../oracle/testdata/library_map_set_construct.a: a write lowering didn't record, in function 14
    fresh_test.go:61: ../oracle/testdata/library_map_set_construct.a: a write lowering didn't record, in function 14
    fresh_test.go:61: ../oracle/testdata/library_map_set_group_by.a: a write lowering didn't record, in function 14
    fresh_test.go:61: ../oracle/testdata/library_map_set_group_by.a: a write lowering didn't record, in function 14
    fresh_test.go:61: ../oracle/testdata/library_map_set_group_by.a: a write lowering didn't record, in function 14
    fresh_test.go:61: ../oracle/testdata/library_map_set_group_by.a: a write lowering didn't record, in function 18
    fresh_test.go:61: ../oracle/testdata/library_map_set_group_by.a: a write lowering didn't record, in function 18
    fresh_test.go:61: ../oracle/testdata/library_map_set_group_by.a: a write lowering didn't record, in function 18
    fresh_test.go:61: ../oracle/testdata/library_map_set_group_by.a: a write lowering didn't record, in function 21
    fresh_test.go:61: ../oracle/testdata/library_map_set_group_by.a: a write lowering didn't record, in function 21
    fresh_test.go:61: ../oracle/testdata/library_map_set_group_by.a: a write lowering didn't record, in function 21
    fresh_test.go:61: ../oracle/testdata/library_map_set_visit.a: a write lowering didn't record, in function 6
    fresh_test.go:61: ../oracle/testdata/library_map_set_visit.a: a write lowering didn't record, in function 6
    fresh_test.go:61: ../oracle/testdata/library_map_set_visit.a: a write lowering didn't record, in function 6
    fresh_test.go:61: ../oracle/testdata/library_map_set_visit.a: a write lowering didn't record, in function 9
    fresh_test.go:61: ../oracle/testdata/library_map_set_visit.a: a write lowering didn't record, in function 9
    fresh_test.go:61: ../oracle/testdata/library_map_set_visit.a: a write lowering didn't record, in function 9
    fresh_test.go:61: ../oracle/testdata/lint_runtime_equal_headers.a: a write lowering didn't record, in function 4
    fresh_test.go:61: ../oracle/testdata/lint_runtime_equal_headers.a: a write lowering didn't record, in function 4
    fresh_test.go:61: ../oracle/testdata/lint_runtime_equal_headers.a: a write lowering didn't record, in function 4
    fresh_test.go:61: ../oracle/testdata/lint_runtime_equal_headers.a: a write lowering didn't record, in function 7
    fresh_test.go:61: ../oracle/testdata/lint_runtime_equal_headers.a: a write lowering didn't record, in function 7
    fresh_test.go:61: ../oracle/testdata/lint_runtime_equal_headers.a: a write lowering didn't record, in function 7
    fresh_test.go:61: ../oracle/testdata/lint_runtime_release_chain.a: a write lowering didn't record, in function 3
    fresh_test.go:61: ../oracle/testdata/lint_runtime_release_chain.a: a write lowering didn't record, in function 3
    fresh_test.go:61: ../oracle/testdata/lint_runtime_release_chain.a: a write lowering didn't record, in function 3
    fresh_test.go:61: ../oracle/testdata/lint_runtime_release_chain.a: a write lowering didn't record, in function 6
    fresh_test.go:61: ../oracle/testdata/lint_runtime_release_chain.a: a write lowering didn't record, in function 6
    fresh_test.go:61: ../oracle/testdata/lint_runtime_release_chain.a: a write lowering didn't record, in function 6
    fresh_test.go:61: ../oracle/testdata/lint_runtime_release_shared.a: a write lowering didn't record, in function 4
    fresh_test.go:61: ../oracle/testdata/lint_runtime_release_shared.a: a write lowering didn't record, in function 4
    fresh_test.go:61: ../oracle/testdata/lint_runtime_release_shared.a: a write lowering didn't record, in function 4
    fresh_test.go:61: ../oracle/testdata/lint_runtime_release_shared.a: a write lowering didn't record, in function 7
    fresh_test.go:61: ../oracle/testdata/lint_runtime_release_shared.a: a write lowering didn't record, in function 7
    fresh_test.go:61: ../oracle/testdata/lint_runtime_release_shared.a: a write lowering didn't record, in function 7
    fresh_test.go:61: ../oracle/testdata/lint_runtime_release_shared.a: a write lowering didn't record, in function 16
    fresh_test.go:61: ../oracle/testdata/lint_runtime_release_shared.a: a write lowering didn't record, in function 16
    fresh_test.go:61: ../oracle/testdata/lint_runtime_release_shared.a: a write lowering didn't record, in function 16
    fresh_test.go:61: ../oracle/testdata/lint_runtime_search_boundaries.a: a write lowering didn't record, in function 2
    fresh_test.go:61: ../oracle/testdata/lint_runtime_search_boundaries.a: a write lowering didn't record, in function 2
    fresh_test.go:61: ../oracle/testdata/lint_runtime_search_boundaries.a: a write lowering didn't record, in function 2
    fresh_test.go:61: ../oracle/testdata/lint_runtime_search_boundaries.a: a write lowering didn't record, in function 5
    fresh_test.go:61: ../oracle/testdata/lint_runtime_search_boundaries.a: a write lowering didn't record, in function 5
    fresh_test.go:61: ../oracle/testdata/lint_runtime_search_boundaries.a: a write lowering didn't record, in function 5
    fresh_test.go:61: ../oracle/testdata/map_foreach_arrays.a: a write lowering didn't record, in function 7
    fresh_test.go:61: ../oracle/testdata/map_foreach_arrays.a: a write lowering didn't record, in function 7
    fresh_test.go:61: ../oracle/testdata/map_foreach_arrays.a: a write lowering didn't record, in function 7
    fresh_test.go:61: ../oracle/testdata/map_foreach_arrays.a: a write lowering didn't record, in function 11
    fresh_test.go:61: ../oracle/testdata/map_foreach_arrays.a: a write lowering didn't record, in function 11
    fresh_test.go:61: ../oracle/testdata/map_foreach_arrays.a: a write lowering didn't record, in function 11
    fresh_test.go:61: ../oracle/testdata/map_foreach_closures.a: a write lowering didn't record, in function 8
    fresh_test.go:61: ../oracle/testdata/map_foreach_closures.a: a write lowering didn't record, in function 8
    fresh_test.go:61: ../oracle/testdata/map_foreach_closures.a: a write lowering didn't record, in function 8
    fresh_test.go:61: ../oracle/testdata/map_foreach_closures.a: a write lowering didn't record, in function 13
    fresh_test.go:61: ../oracle/testdata/map_foreach_closures.a: a write lowering didn't record, in function 13
    fresh_test.go:61: ../oracle/testdata/map_foreach_closures.a: a write lowering didn't record, in function 13
    fresh_test.go:61: ../oracle/testdata/map_foreach_fnexpr.a: a write lowering didn't record, in function 5
    fresh_test.go:61: ../oracle/testdata/map_foreach_fnexpr.a: a write lowering didn't record, in function 5
    fresh_test.go:61: ../oracle/testdata/map_foreach_fnexpr.a: a write lowering didn't record, in function 5
    fresh_test.go:61: ../oracle/testdata/map_foreach_fnexpr.a: a write lowering didn't record, in function 8
    fresh_test.go:61: ../oracle/testdata/map_foreach_fnexpr.a: a write lowering didn't record, in function 8
    fresh_test.go:61: ../oracle/testdata/map_foreach_fnexpr.a: a write lowering didn't record, in function 8
    fresh_test.go:61: ../oracle/testdata/map_foreach_keep.a: a write lowering didn't record, in function 8
    fresh_test.go:61: ../oracle/testdata/map_foreach_keep.a: a write lowering didn't record, in function 8
    fresh_test.go:61: ../oracle/testdata/map_foreach_keep.a: a write lowering didn't record, in function 8
    fresh_test.go:61: ../oracle/testdata/map_foreach_keep.a: a write lowering didn't record, in function 17
    fresh_test.go:61: ../oracle/testdata/map_foreach_keep.a: a write lowering didn't record, in function 17
    fresh_test.go:61: ../oracle/testdata/map_foreach_keep.a: a write lowering didn't record, in function 17
    fresh_test.go:61: ../oracle/testdata/map_foreach_keys.a: a write lowering didn't record, in function 4
    fresh_test.go:61: ../oracle/testdata/map_foreach_keys.a: a write lowering didn't record, in function 4
    fresh_test.go:61: ../oracle/testdata/map_foreach_keys.a: a write lowering didn't record, in function 4
    fresh_test.go:61: ../oracle/testdata/map_foreach_keys.a: a write lowering didn't record, in function 8
    fresh_test.go:61: ../oracle/testdata/map_foreach_keys.a: a write lowering didn't record, in function 8
    fresh_test.go:61: ../oracle/testdata/map_foreach_keys.a: a write lowering didn't record, in function 8
    fresh_test.go:61: ../oracle/testdata/map_foreach_named_closures.a: a write lowering didn't record, in function 9
    fresh_test.go:61: ../oracle/testdata/map_foreach_named_closures.a: a write lowering didn't record, in function 9
    fresh_test.go:61: ../oracle/testdata/map_foreach_named_closures.a: a write lowering didn't record, in function 9
    fresh_test.go:61: ../oracle/testdata/map_foreach_named_closures.a: a write lowering didn't record, in function 18
    fresh_test.go:61: ../oracle/testdata/map_foreach_named_closures.a: a write lowering didn't record, in function 18
    fresh_test.go:61: ../oracle/testdata/map_foreach_named_closures.a: a write lowering didn't record, in function 18
    fresh_test.go:61: ../oracle/testdata/map_foreach_named_more.a: a write lowering didn't record, in function 11
    fresh_test.go:61: ../oracle/testdata/map_foreach_named_more.a: a write lowering didn't record, in function 11
    fresh_test.go:61: ../oracle/testdata/map_foreach_named_more.a: a write lowering didn't record, in function 11
    fresh_test.go:61: ../oracle/testdata/map_foreach_named_more.a: a write lowering didn't record, in function 21
    fresh_test.go:61: ../oracle/testdata/map_foreach_named_more.a: a write lowering didn't record, in function 21
    fresh_test.go:61: ../oracle/testdata/map_foreach_named_more.a: a write lowering didn't record, in function 21
    fresh_test.go:61: ../oracle/testdata/map_foreach_named_numbers.a: a write lowering didn't record, in function 7
    fresh_test.go:61: ../oracle/testdata/map_foreach_named_numbers.a: a write lowering didn't record, in function 7
    fresh_test.go:61: ../oracle/testdata/map_foreach_named_numbers.a: a write lowering didn't record, in function 7
    fresh_test.go:61: ../oracle/testdata/map_foreach_named_numbers.a: a write lowering didn't record, in function 15
    fresh_test.go:61: ../oracle/testdata/map_foreach_named_numbers.a: a write lowering didn't record, in function 15
    fresh_test.go:61: ../oracle/testdata/map_foreach_named_numbers.a: a write lowering didn't record, in function 15
    fresh_test.go:61: ../oracle/testdata/map_foreach_named_objects.a: a write lowering didn't record, in function 9
    fresh_test.go:61: ../oracle/testdata/map_foreach_named_objects.a: a write lowering didn't record, in function 9
    fresh_test.go:61: ../oracle/testdata/map_foreach_named_objects.a: a write lowering didn't record, in function 9
    fresh_test.go:61: ../oracle/testdata/map_foreach_named_objects.a: a write lowering didn't record, in function 19
    fresh_test.go:61: ../oracle/testdata/map_foreach_named_objects.a: a write lowering didn't record, in function 19
    fresh_test.go:61: ../oracle/testdata/map_foreach_named_objects.a: a write lowering didn't record, in function 19
    fresh_test.go:61: ../oracle/testdata/map_foreach_numbers.a: a write lowering didn't record, in function 3
    fresh_test.go:61: ../oracle/testdata/map_foreach_numbers.a: a write lowering didn't record, in function 3
    fresh_test.go:61: ../oracle/testdata/map_foreach_numbers.a: a write lowering didn't record, in function 3
    fresh_test.go:61: ../oracle/testdata/map_foreach_numbers.a: a write lowering didn't record, in function 7
    fresh_test.go:61: ../oracle/testdata/map_foreach_numbers.a: a write lowering didn't record, in function 7
    fresh_test.go:61: ../oracle/testdata/map_foreach_numbers.a: a write lowering didn't record, in function 7
    fresh_test.go:61: ../oracle/testdata/map_foreach_objects.a: a write lowering didn't record, in function 9
    fresh_test.go:61: ../oracle/testdata/map_foreach_objects.a: a write lowering didn't record, in function 9
    fresh_test.go:61: ../oracle/testdata/map_foreach_objects.a: a write lowering didn't record, in function 9
    fresh_test.go:61: ../oracle/testdata/map_foreach_objects.a: a write lowering didn't record, in function 16
    fresh_test.go:61: ../oracle/testdata/map_foreach_objects.a: a write lowering didn't record, in function 16
    fresh_test.go:61: ../oracle/testdata/map_foreach_objects.a: a write lowering didn't record, in function 16
    fresh_test.go:61: ../oracle/testdata/move_throw.a: a write lowering didn't record, in function 9
    fresh_test.go:61: ../oracle/testdata/move_throw.a: a write lowering didn't record, in function 9
    fresh_test.go:61: ../oracle/testdata/move_throw.a: a write lowering didn't record, in function 9
    fresh_test.go:61: ../oracle/testdata/move_throw.a: a write lowering didn't record, in function 12
    fresh_test.go:61: ../oracle/testdata/move_throw.a: a write lowering didn't record, in function 12
    fresh_test.go:61: ../oracle/testdata/move_throw.a: a write lowering didn't record, in function 12
    fresh_test.go:61: ../oracle/testdata/named_function_values.a: a write lowering didn't record, in function 13
    fresh_test.go:61: ../oracle/testdata/named_function_values.a: a write lowering didn't record, in function 13
    fresh_test.go:61: ../oracle/testdata/named_function_values.a: a write lowering didn't record, in function 13
    fresh_test.go:61: ../oracle/testdata/named_function_values.a: a write lowering didn't record, in function 27
    fresh_test.go:61: ../oracle/testdata/named_function_values.a: a write lowering didn't record, in function 27
    fresh_test.go:61: ../oracle/testdata/named_function_values.a: a write lowering didn't record, in function 27
    fresh_test.go:61: ../oracle/testdata/named_function_values.a: a write lowering didn't record, in function 30
    fresh_test.go:61: ../oracle/testdata/named_function_values.a: a write lowering didn't record, in function 30
    fresh_test.go:61: ../oracle/testdata/named_function_values.a: a write lowering didn't record, in function 30
    fresh_test.go:61: ../oracle/testdata/namespaces_debug_state.a: a write lowering didn't record, in function 28
    fresh_test.go:61: ../oracle/testdata/namespaces_debug_state.a: a write lowering didn't record, in function 28
    fresh_test.go:61: ../oracle/testdata/namespaces_debug_state.a: a write lowering didn't record, in function 28
    fresh_test.go:61: ../oracle/testdata/namespaces_debug_state.a: a write lowering didn't record, in function 31
    fresh_test.go:61: ../oracle/testdata/namespaces_debug_state.a: a write lowering didn't record, in function 31
    fresh_test.go:61: ../oracle/testdata/namespaces_debug_state.a: a write lowering didn't record, in function 31
    fresh_test.go:61: ../oracle/testdata/namespaces_debug_state.a: a write lowering didn't record, in function 44
    fresh_test.go:61: ../oracle/testdata/namespaces_debug_state.a: a write lowering didn't record, in function 44
    fresh_test.go:61: ../oracle/testdata/namespaces_debug_state.a: a write lowering didn't record, in function 44
    fresh_test.go:61: ../oracle/testdata/namespaces_parser_body.a: a write lowering didn't record, in function 6
    fresh_test.go:61: ../oracle/testdata/namespaces_parser_body.a: a write lowering didn't record, in function 6
    fresh_test.go:61: ../oracle/testdata/namespaces_parser_body.a: a write lowering didn't record, in function 6
    fresh_test.go:61: ../oracle/testdata/namespaces_parser_body.a: a write lowering didn't record, in function 9
    fresh_test.go:61: ../oracle/testdata/namespaces_parser_body.a: a write lowering didn't record, in function 9
    fresh_test.go:61: ../oracle/testdata/namespaces_parser_body.a: a write lowering didn't record, in function 9
    fresh_test.go:61: ../oracle/testdata/namespaces_parser_state.a: a write lowering didn't record, in function 6
    fresh_test.go:61: ../oracle/testdata/namespaces_parser_state.a: a write lowering didn't record, in function 6
    fresh_test.go:61: ../oracle/testdata/namespaces_parser_state.a: a write lowering didn't record, in function 6
    fresh_test.go:61: ../oracle/testdata/namespaces_parser_state.a: a write lowering didn't record, in function 9
    fresh_test.go:61: ../oracle/testdata/namespaces_parser_state.a: a write lowering didn't record, in function 9
    fresh_test.go:61: ../oracle/testdata/namespaces_parser_state.a: a write lowering didn't record, in function 9
    fresh_test.go:61: ../oracle/testdata/namespaces_parser_state.a: a write lowering didn't record, in function 22
    fresh_test.go:61: ../oracle/testdata/namespaces_parser_state.a: a write lowering didn't record, in function 22
    fresh_test.go:61: ../oracle/testdata/namespaces_parser_state.a: a write lowering didn't record, in function 22
    fresh_test.go:61: ../oracle/testdata/namespaces_unknown_before.a: a write lowering didn't record, in function 7
    fresh_test.go:61: ../oracle/testdata/namespaces_unknown_before.a: a write lowering didn't record, in function 7
    fresh_test.go:61: ../oracle/testdata/namespaces_unknown_before.a: a write lowering didn't record, in function 7
    fresh_test.go:61: ../oracle/testdata/namespaces_unknown_before.a: a write lowering didn't record, in function 10
    fresh_test.go:61: ../oracle/testdata/namespaces_unknown_before.a: a write lowering didn't record, in function 10
    fresh_test.go:61: ../oracle/testdata/namespaces_unknown_before.a: a write lowering didn't record, in function 10
    fresh_test.go:61: ../oracle/testdata/namespaces_unknown_write_before.a: a write lowering didn't record, in function 10
    fresh_test.go:61: ../oracle/testdata/namespaces_unknown_write_before.a: a write lowering didn't record, in function 10
    fresh_test.go:61: ../oracle/testdata/namespaces_unknown_write_before.a: a write lowering didn't record, in function 10
    fresh_test.go:61: ../oracle/testdata/namespaces_unknown_write_before.a: a write lowering didn't record, in function 13
    fresh_test.go:61: ../oracle/testdata/namespaces_unknown_write_before.a: a write lowering didn't record, in function 13
    fresh_test.go:61: ../oracle/testdata/namespaces_unknown_write_before.a: a write lowering didn't record, in function 13
    fresh_test.go:61: ../oracle/testdata/narrowed_compared.a: a write lowering didn't record, in function 4
    fresh_test.go:61: ../oracle/testdata/narrowed_compared.a: a write lowering didn't record, in function 4
    fresh_test.go:61: ../oracle/testdata/narrowed_compared.a: a write lowering didn't record, in function 4
    fresh_test.go:61: ../oracle/testdata/narrowed_compared.a: a write lowering didn't record, in function 7
    fresh_test.go:61: ../oracle/testdata/narrowed_compared.a: a write lowering didn't record, in function 7
    fresh_test.go:61: ../oracle/testdata/narrowed_compared.a: a write lowering didn't record, in function 7
    fresh_test.go:61: ../oracle/testdata/narrowed_fields.a: a write lowering didn't record, in function 3
    fresh_test.go:61: ../oracle/testdata/narrowed_fields.a: a write lowering didn't record, in function 3
    fresh_test.go:61: ../oracle/testdata/narrowed_fields.a: a write lowering didn't record, in function 3
    fresh_test.go:61: ../oracle/testdata/narrowed_fields.a: a write lowering didn't record, in function 6
    fresh_test.go:61: ../oracle/testdata/narrowed_fields.a: a write lowering didn't record, in function 6
    fresh_test.go:61: ../oracle/testdata/narrowed_fields.a: a write lowering didn't record, in function 6
    fresh_test.go:61: ../oracle/testdata/narrowed_methods.a: a write lowering didn't record, in function 6
    fresh_test.go:61: ../oracle/testdata/narrowed_methods.a: a write lowering didn't record, in function 6
    fresh_test.go:61: ../oracle/testdata/narrowed_methods.a: a write lowering didn't record, in function 6
    fresh_test.go:61: ../oracle/testdata/narrowed_methods.a: a write lowering didn't record, in function 9
    fresh_test.go:61: ../oracle/testdata/narrowed_methods.a: a write lowering didn't record, in function 9
    fresh_test.go:61: ../oracle/testdata/narrowed_methods.a: a write lowering didn't record, in function 9
    fresh_test.go:61: ../oracle/testdata/narrowed_reads.a: a write lowering didn't record, in function 3
    fresh_test.go:61: ../oracle/testdata/narrowed_reads.a: a write lowering didn't record, in function 3
    fresh_test.go:61: ../oracle/testdata/narrowed_reads.a: a write lowering didn't record, in function 3
    fresh_test.go:61: ../oracle/testdata/narrowed_reads.a: a write lowering didn't record, in function 6
    fresh_test.go:61: ../oracle/testdata/narrowed_reads.a: a write lowering didn't record, in function 6
    fresh_test.go:61: ../oracle/testdata/narrowed_reads.a: a write lowering didn't record, in function 6
    fresh_test.go:61: ../oracle/testdata/narrowed_union_valid.a: a write lowering didn't record, in function 6
    fresh_test.go:61: ../oracle/testdata/narrowed_union_valid.a: a write lowering didn't record, in function 6
    fresh_test.go:61: ../oracle/testdata/narrowed_union_valid.a: a write lowering didn't record, in function 6
    fresh_test.go:61: ../oracle/testdata/narrowed_union_valid.a: a write lowering didn't record, in function 9
    fresh_test.go:61: ../oracle/testdata/narrowed_union_valid.a: a write lowering didn't record, in function 9
    fresh_test.go:61: ../oracle/testdata/narrowed_union_valid.a: a write lowering didn't record, in function 9
    fresh_test.go:61: ../oracle/testdata/narrowed_writes.a: a write lowering didn't record, in function 3
    fresh_test.go:61: ../oracle/testdata/narrowed_writes.a: a write lowering didn't record, in function 3
    fresh_test.go:61: ../oracle/testdata/narrowed_writes.a: a write lowering didn't record, in function 3
    fresh_test.go:61: ../oracle/testdata/narrowed_writes.a: a write lowering didn't record, in function 6
    fresh_test.go:61: ../oracle/testdata/narrowed_writes.a: a write lowering didn't record, in function 6
    fresh_test.go:61: ../oracle/testdata/narrowed_writes.a: a write lowering didn't record, in function 6
    fresh_test.go:61: ../oracle/testdata/navigation.a: a write lowering didn't record, in function 5
    fresh_test.go:61: ../oracle/testdata/navigation.a: a write lowering didn't record, in function 5
    fresh_test.go:61: ../oracle/testdata/navigation.a: a write lowering didn't record, in function 5
    fresh_test.go:61: ../oracle/testdata/navigation.a: a write lowering didn't record, in function 8
    fresh_test.go:61: ../oracle/testdata/navigation.a: a write lowering didn't record, in function 8
    fresh_test.go:61: ../oracle/testdata/navigation.a: a write lowering didn't record, in function 8
    fresh_test.go:61: ../oracle/testdata/nbody_collection_fields.a: a write lowering didn't record, in function 5
    fresh_test.go:61: ../oracle/testdata/nbody_collection_fields.a: a write lowering didn't record, in function 5
    fresh_test.go:61: ../oracle/testdata/nbody_collection_fields.a: a write lowering didn't record, in function 5
    fresh_test.go:61: ../oracle/testdata/nbody_collection_fields.a: a write lowering didn't record, in function 8
    fresh_test.go:61: ../oracle/testdata/nbody_collection_fields.a: a write lowering didn't record, in function 8
    fresh_test.go:61: ../oracle/testdata/nbody_collection_fields.a: a write lowering didn't record, in function 8
    fresh_test.go:61: ../oracle/testdata/nbody_optional_references.a: a write lowering didn't record, in function 4
    fresh_test.go:61: ../oracle/testdata/nbody_optional_references.a: a write lowering didn't record, in function 4
    fresh_test.go:61: ../oracle/testdata/nbody_optional_references.a: a write lowering didn't record, in function 4
    fresh_test.go:61: ../oracle/testdata/nbody_optional_references.a: a write lowering didn't record, in function 7
    fresh_test.go:61: ../oracle/testdata/nbody_optional_references.a: a write lowering didn't record, in function 7
    fresh_test.go:61: ../oracle/testdata/nbody_optional_references.a: a write lowering didn't record, in function 7
    fresh_test.go:61: ../oracle/testdata/nbody_runtime_fields.a: a write lowering didn't record, in function 1
    fresh_test.go:61: ../oracle/testdata/nbody_runtime_fields.a: a write lowering didn't record, in function 1
    fresh_test.go:61: ../oracle/testdata/nbody_runtime_fields.a: a write lowering didn't record, in function 1
    fresh_test.go:61: ../oracle/testdata/nbody_static_collision.a: a write lowering didn't record, in function 7
    fresh_test.go:61: ../oracle/testdata/nbody_static_collision.a: a write lowering didn't record, in function 7
    fresh_test.go:61: ../oracle/testdata/nbody_static_collision.a: a write lowering didn't record, in function 7
    fresh_test.go:61: ../oracle/testdata/nbody_static_collision.a: a write lowering didn't record, in function 10
    fresh_test.go:61: ../oracle/testdata/nbody_static_collision.a: a write lowering didn't record, in function 10
    fresh_test.go:61: ../oracle/testdata/nbody_static_collision.a: a write lowering didn't record, in function 10
    fresh_test.go:61: ../oracle/testdata/nested_array.a: a write lowering didn't record, in function 3
    fresh_test.go:61: ../oracle/testdata/nested_array.a: a write lowering didn't record, in function 3
    fresh_test.go:61: ../oracle/testdata/nested_array.a: a write lowering didn't record, in function 3
    fresh_test.go:61: ../oracle/testdata/nested_array.a: a write lowering didn't record, in function 6
    fresh_test.go:61: ../oracle/testdata/nested_array.a: a write lowering didn't record, in function 6
    fresh_test.go:61: ../oracle/testdata/nested_array.a: a write lowering didn't record, in function 6
    fresh_test.go:61: ../oracle/testdata/nested_assignment_return.a: a write lowering didn't record, in function 5
    fresh_test.go:61: ../oracle/testdata/nested_assignment_return.a: a write lowering didn't record, in function 5
    fresh_test.go:61: ../oracle/testdata/nested_assignment_return.a: a write lowering didn't record, in function 5
    fresh_test.go:61: ../oracle/testdata/nested_assignment_return.a: a write lowering didn't record, in function 8
    fresh_test.go:61: ../oracle/testdata/nested_assignment_return.a: a write lowering didn't record, in function 8
    fresh_test.go:61: ../oracle/testdata/nested_assignment_return.a: a write lowering didn't record, in function 8
    fresh_test.go:61: ../oracle/testdata/nested_callback_escaped.a: a write lowering didn't record, in function 5
    fresh_test.go:61: ../oracle/testdata/nested_callback_escaped.a: a write lowering didn't record, in function 5
    fresh_test.go:61: ../oracle/testdata/nested_callback_escaped.a: a write lowering didn't record, in function 5
    fresh_test.go:61: ../oracle/testdata/nested_callback_escaped.a: a write lowering didn't record, in function 8
    fresh_test.go:61: ../oracle/testdata/nested_callback_escaped.a: a write lowering didn't record, in function 8
    fresh_test.go:61: ../oracle/testdata/nested_callback_escaped.a: a write lowering didn't record, in function 8
    fresh_test.go:61: ../oracle/testdata/nested_callback_late_capture.a: a write lowering didn't record, in function 5
    fresh_test.go:61: ../oracle/testdata/nested_callback_late_capture.a: a write lowering didn't record, in function 5
    fresh_test.go:61: ../oracle/testdata/nested_callback_late_capture.a: a write lowering didn't record, in function 5
    fresh_test.go:61: ../oracle/testdata/nested_callback_late_capture.a: a write lowering didn't record, in function 8
    fresh_test.go:61: ../oracle/testdata/nested_callback_late_capture.a: a write lowering didn't record, in function 8
    fresh_test.go:61: ../oracle/testdata/nested_callback_late_capture.a: a write lowering didn't record, in function 8
    fresh_test.go:61: ../oracle/testdata/nested_callback_levels.a: a write lowering didn't record, in function 5
    fresh_test.go:61: ../oracle/testdata/nested_callback_levels.a: a write lowering didn't record, in function 5
    fresh_test.go:61: ../oracle/testdata/nested_callback_levels.a: a write lowering didn't record, in function 5
    fresh_test.go:61: ../oracle/testdata/nested_callback_levels.a: a write lowering didn't record, in function 8
    fresh_test.go:61: ../oracle/testdata/nested_callback_levels.a: a write lowering didn't record, in function 8
    fresh_test.go:61: ../oracle/testdata/nested_callback_levels.a: a write lowering didn't record, in function 8
    fresh_test.go:61: ../oracle/testdata/nested_callback_recursive.a: a write lowering didn't record, in function 5
    fresh_test.go:61: ../oracle/testdata/nested_callback_recursive.a: a write lowering didn't record, in function 5
    fresh_test.go:61: ../oracle/testdata/nested_callback_recursive.a: a write lowering didn't record, in function 5
    fresh_test.go:61: ../oracle/testdata/nested_callback_recursive.a: a write lowering didn't record, in function 8
    fresh_test.go:61: ../oracle/testdata/nested_callback_recursive.a: a write lowering didn't record, in function 8
    fresh_test.go:61: ../oracle/testdata/nested_callback_recursive.a: a write lowering didn't record, in function 8
    fresh_test.go:61: ../oracle/testdata/nested_captures.a: a write lowering didn't record, in function 4
    fresh_test.go:61: ../oracle/testdata/nested_captures.a: a write lowering didn't record, in function 4
    fresh_test.go:61: ../oracle/testdata/nested_captures.a: a write lowering didn't record, in function 4
    fresh_test.go:61: ../oracle/testdata/nested_captures.a: a write lowering didn't record, in function 7
    fresh_test.go:61: ../oracle/testdata/nested_captures.a: a write lowering didn't record, in function 7
    fresh_test.go:61: ../oracle/testdata/nested_captures.a: a write lowering didn't record, in function 7
    fresh_test.go:61: ../oracle/testdata/nested_destructured.a: a write lowering didn't record, in function 3
    fresh_test.go:61: ../oracle/testdata/nested_destructured.a: a write lowering didn't record, in function 3
    fresh_test.go:61: ../oracle/testdata/nested_destructured.a: a write lowering didn't record, in function 3
    fresh_test.go:61: ../oracle/testdata/nested_destructured.a: a write lowering didn't record, in function 6
    fresh_test.go:61: ../oracle/testdata/nested_destructured.a: a write lowering didn't record, in function 6
    fresh_test.go:61: ../oracle/testdata/nested_destructured.a: a write lowering didn't record, in function 6
    fresh_test.go:61: ../oracle/testdata/nested_destructured_tdz.a: a write lowering didn't record, in function 3
    fresh_test.go:61: ../oracle/testdata/nested_destructured_tdz.a: a write lowering didn't record, in function 3
    fresh_test.go:61: ../oracle/testdata/nested_destructured_tdz.a: a write lowering didn't record, in function 3
    fresh_test.go:61: ../oracle/testdata/nested_destructured_tdz.a: a write lowering didn't record, in function 6
    fresh_test.go:61: ../oracle/testdata/nested_destructured_tdz.a: a write lowering didn't record, in function 6
    fresh_test.go:61: ../oracle/testdata/nested_destructured_tdz.a: a write lowering didn't record, in function 6
    fresh_test.go:61: ../oracle/testdata/nested_generic_capture.a: a write lowering didn't record, in function 6
    fresh_test.go:61: ../oracle/testdata/nested_generic_capture.a: a write lowering didn't record, in function 6
    fresh_test.go:61: ../oracle/testdata/nested_generic_capture.a: a write lowering didn't record, in function 6
    fresh_test.go:61: ../oracle/testdata/nested_generic_capture.a: a write lowering didn't record, in function 9
    fresh_test.go:61: ../oracle/testdata/nested_generic_capture.a: a write lowering didn't record, in function 9
    fresh_test.go:61: ../oracle/testdata/nested_generic_capture.a: a write lowering didn't record, in function 9
    fresh_test.go:61: ../oracle/testdata/nested_mixed.a: a write lowering didn't record, in function 4
    fresh_test.go:61: ../oracle/testdata/nested_mixed.a: a write lowering didn't record, in function 4
    fresh_test.go:61: ../oracle/testdata/nested_mixed.a: a write lowering didn't record, in function 4
    fresh_test.go:61: ../oracle/testdata/nested_mixed.a: a write lowering didn't record, in function 7
    fresh_test.go:61: ../oracle/testdata/nested_mixed.a: a write lowering didn't record, in function 7
    fresh_test.go:61: ../oracle/testdata/nested_mixed.a: a write lowering didn't record, in function 7
    fresh_test.go:61: ../oracle/testdata/nested_mutual.a: a write lowering didn't record, in function 4
    fresh_test.go:61: ../oracle/testdata/nested_mutual.a: a write lowering didn't record, in function 4
    fresh_test.go:61: ../oracle/testdata/nested_mutual.a: a write lowering didn't record, in function 4
    fresh_test.go:61: ../oracle/testdata/nested_mutual.a: a write lowering didn't record, in function 7
    fresh_test.go:61: ../oracle/testdata/nested_mutual.a: a write lowering didn't record, in function 7
    fresh_test.go:61: ../oracle/testdata/nested_mutual.a: a write lowering didn't record, in function 7
    fresh_test.go:61: ../oracle/testdata/nested_pattern_parameter.a: a write lowering didn't record, in function 3
    fresh_test.go:61: ../oracle/testdata/nested_pattern_parameter.a: a write lowering didn't record, in function 3
    fresh_test.go:61: ../oracle/testdata/nested_pattern_parameter.a: a write lowering didn't record, in function 3
    fresh_test.go:61: ../oracle/testdata/nested_pattern_parameter.a: a write lowering didn't record, in function 6
    fresh_test.go:61: ../oracle/testdata/nested_pattern_parameter.a: a write lowering didn't record, in function 6
    fresh_test.go:61: ../oracle/testdata/nested_pattern_parameter.a: a write lowering didn't record, in function 6
    fresh_test.go:61: ../oracle/testdata/nested_reference_identity.a: a write lowering didn't record, in function 13
    fresh_test.go:61: ../oracle/testdata/nested_reference_identity.a: a write lowering didn't record, in function 13
    fresh_test.go:61: ../oracle/testdata/nested_reference_identity.a: a write lowering didn't record, in function 13
    fresh_test.go:61: ../oracle/testdata/nested_reference_identity.a: a write lowering didn't record, in function 16
    fresh_test.go:61: ../oracle/testdata/nested_reference_identity.a: a write lowering didn't record, in function 16
    fresh_test.go:61: ../oracle/testdata/nested_reference_identity.a: a write lowering didn't record, in function 16
    fresh_test.go:61: ../oracle/testdata/nested_returned.a: a write lowering didn't record, in function 3
    fresh_test.go:61: ../oracle/testdata/nested_returned.a: a write lowering didn't record, in function 3
    fresh_test.go:61: ../oracle/testdata/nested_returned.a: a write lowering didn't record, in function 3
    fresh_test.go:61: ../oracle/testdata/nested_returned.a: a write lowering didn't record, in function 6
    fresh_test.go:61: ../oracle/testdata/nested_returned.a: a write lowering didn't record, in function 6
    fresh_test.go:61: ../oracle/testdata/nested_returned.a: a write lowering didn't record, in function 6
    fresh_test.go:61: ../oracle/testdata/nested_tdz.a: a write lowering didn't record, in function 3
    fresh_test.go:61: ../oracle/testdata/nested_tdz.a: a write lowering didn't record, in function 3
    fresh_test.go:61: ../oracle/testdata/nested_tdz.a: a write lowering didn't record, in function 3
    fresh_test.go:61: ../oracle/testdata/nested_tdz.a: a write lowering didn't record, in function 6
    fresh_test.go:61: ../oracle/testdata/nested_tdz.a: a write lowering didn't record, in function 6
    fresh_test.go:61: ../oracle/testdata/nested_tdz.a: a write lowering didn't record, in function 6
    fresh_test.go:61: ../oracle/testdata/nested_tdz_write.a: a write lowering didn't record, in function 3
    fresh_test.go:61: ../oracle/testdata/nested_tdz_write.a: a write lowering didn't record, in function 3
    fresh_test.go:61: ../oracle/testdata/nested_tdz_write.a: a write lowering didn't record, in function 3
    fresh_test.go:61: ../oracle/testdata/nested_tdz_write.a: a write lowering didn't record, in function 6
    fresh_test.go:61: ../oracle/testdata/nested_tdz_write.a: a write lowering didn't record, in function 6
    fresh_test.go:61: ../oracle/testdata/nested_tdz_write.a: a write lowering didn't record, in function 6
    fresh_test.go:61: ../oracle/testdata/nested_three_levels.a: a write lowering didn't record, in function 4
    fresh_test.go:61: ../oracle/testdata/nested_three_levels.a: a write lowering didn't record, in function 4
    fresh_test.go:61: ../oracle/testdata/nested_three_levels.a: a write lowering didn't record, in function 4
    fresh_test.go:61: ../oracle/testdata/nested_three_levels.a: a write lowering didn't record, in function 7
    fresh_test.go:61: ../oracle/testdata/nested_three_levels.a: a write lowering didn't record, in function 7
    fresh_test.go:61: ../oracle/testdata/nested_three_levels.a: a write lowering didn't record, in function 7
    fresh_test.go:61: ../oracle/testdata/nested_weak.a: a write lowering didn't record, in function 3
    fresh_test.go:61: ../oracle/testdata/nested_weak.a: a write lowering didn't record, in function 3
    fresh_test.go:61: ../oracle/testdata/nested_weak.a: a write lowering didn't record, in function 3
    fresh_test.go:61: ../oracle/testdata/nested_weak.a: a write lowering didn't record, in function 6
    fresh_test.go:61: ../oracle/testdata/nested_weak.a: a write lowering didn't record, in function 6
    fresh_test.go:61: ../oracle/testdata/nested_weak.a: a write lowering didn't record, in function 6
    fresh_test.go:61: ../oracle/testdata/non_null_catch.a: a write lowering didn't record, in function 1
    fresh_test.go:61: ../oracle/testdata/non_null_catch.a: a write lowering didn't record, in function 1
    fresh_test.go:61: ../oracle/testdata/non_null_catch.a: a write lowering didn't record, in function 1
    fresh_test.go:61: ../oracle/testdata/non_null_catch.a: a write lowering didn't record, in function 4
    fresh_test.go:61: ../oracle/testdata/non_null_catch.a: a write lowering didn't record, in function 4
    fresh_test.go:61: ../oracle/testdata/non_null_catch.a: a write lowering didn't record, in function 4
    fresh_test.go:61: ../oracle/testdata/non_null_deinitialize_exception.a: a write lowering didn't record, in function 3
    fresh_test.go:61: ../oracle/testdata/non_null_deinitialize_exception.a: a write lowering didn't record, in function 3
    fresh_test.go:61: ../oracle/testdata/non_null_deinitialize_exception.a: a write lowering didn't record, in function 3
    fresh_test.go:61: ../oracle/testdata/non_null_deinitialize_exception.a: a write lowering didn't record, in function 6
    fresh_test.go:61: ../oracle/testdata/non_null_deinitialize_exception.a: a write lowering didn't record, in function 6
    fresh_test.go:61: ../oracle/testdata/non_null_deinitialize_exception.a: a write lowering didn't record, in function 6
    fresh_test.go:61: ../oracle/testdata/non_null_lazy_initialized.a: a write lowering didn't record, in function 11
    fresh_test.go:61: ../oracle/testdata/non_null_lazy_initialized.a: a write lowering didn't record, in function 11
    fresh_test.go:61: ../oracle/testdata/non_null_lazy_initialized.a: a write lowering didn't record, in function 11
    fresh_test.go:61: ../oracle/testdata/non_null_lazy_initialized.a: a write lowering didn't record, in function 14
    fresh_test.go:61: ../oracle/testdata/non_null_lazy_initialized.a: a write lowering didn't record, in function 14
    fresh_test.go:61: ../oracle/testdata/non_null_lazy_initialized.a: a write lowering didn't record, in function 14
    fresh_test.go:61: ../oracle/testdata/non_null_static_initialized.a: a write lowering didn't record, in function 3
    fresh_test.go:61: ../oracle/testdata/non_null_static_initialized.a: a write lowering didn't record, in function 3
    fresh_test.go:61: ../oracle/testdata/non_null_static_initialized.a: a write lowering didn't record, in function 3
    fresh_test.go:61: ../oracle/testdata/non_null_static_initialized.a: a write lowering didn't record, in function 6
    fresh_test.go:61: ../oracle/testdata/non_null_static_initialized.a: a write lowering didn't record, in function 6
    fresh_test.go:61: ../oracle/testdata/non_null_static_initialized.a: a write lowering didn't record, in function 6
    fresh_test.go:61: ../oracle/testdata/non_null_storage_assigned.a: a write lowering didn't record, in function 5
    fresh_test.go:61: ../oracle/testdata/non_null_storage_assigned.a: a write lowering didn't record, in function 5
    fresh_test.go:61: ../oracle/testdata/non_null_storage_assigned.a: a write lowering didn't record, in function 5
    fresh_test.go:61: ../oracle/testdata/non_null_storage_assigned.a: a write lowering didn't record, in function 8
    fresh_test.go:61: ../oracle/testdata/non_null_storage_assigned.a: a write lowering didn't record, in function 8
    fresh_test.go:61: ../oracle/testdata/non_null_storage_assigned.a: a write lowering didn't record, in function 8
    fresh_test.go:61: ../oracle/testdata/non_null_uninitialized_catch.a: a write lowering didn't record, in function 2
    fresh_test.go:61: ../oracle/testdata/non_null_uninitialized_catch.a: a write lowering didn't record, in function 2
    fresh_test.go:61: ../oracle/testdata/non_null_uninitialized_catch.a: a write lowering didn't record, in function 2
    fresh_test.go:61: ../oracle/testdata/non_null_uninitialized_catch.a: a write lowering didn't record, in function 5
    fresh_test.go:61: ../oracle/testdata/non_null_uninitialized_catch.a: a write lowering didn't record, in function 5
    fresh_test.go:61: ../oracle/testdata/non_null_uninitialized_catch.a: a write lowering didn't record, in function 5
    fresh_test.go:61: ../oracle/testdata/non_null_uninitialized_exception.a: a write lowering didn't record, in function 3
    fresh_test.go:61: ../oracle/testdata/non_null_uninitialized_exception.a: a write lowering didn't record, in function 3
    fresh_test.go:61: ../oracle/testdata/non_null_uninitialized_exception.a: a write lowering didn't record, in function 3
    fresh_test.go:61: ../oracle/testdata/non_null_uninitialized_exception.a: a write lowering didn't record, in function 6
    fresh_test.go:61: ../oracle/testdata/non_null_uninitialized_exception.a: a write lowering didn't record, in function 6
    fresh_test.go:61: ../oracle/testdata/non_null_uninitialized_exception.a: a write lowering didn't record, in function 6
    fresh_test.go:61: ../oracle/testdata/normalize.a: a write lowering didn't record, in function 4
    fresh_test.go:61: ../oracle/testdata/normalize.a: a write lowering didn't record, in function 4
    fresh_test.go:61: ../oracle/testdata/normalize.a: a write lowering didn't record, in function 4
    fresh_test.go:61: ../oracle/testdata/normalize.a: a write lowering didn't record, in function 7
    fresh_test.go:61: ../oracle/testdata/normalize.a: a write lowering didn't record, in function 7
    fresh_test.go:61: ../oracle/testdata/normalize.a: a write lowering didn't record, in function 7
    fresh_test.go:61: ../oracle/testdata/normalize_coverage_cache.a: a write lowering didn't record, in function 4
    fresh_test.go:61: ../oracle/testdata/normalize_coverage_cache.a: a write lowering didn't record, in function 4
    fresh_test.go:61: ../oracle/testdata/normalize_coverage_cache.a: a write lowering didn't record, in function 4
    fresh_test.go:61: ../oracle/testdata/normalize_coverage_cache.a: a write lowering didn't record, in function 7
    fresh_test.go:61: ../oracle/testdata/normalize_coverage_cache.a: a write lowering didn't record, in function 7
    fresh_test.go:61: ../oracle/testdata/normalize_coverage_cache.a: a write lowering didn't record, in function 7
    fresh_test.go:61: ../oracle/testdata/normalize_coverage_limit.a: a write lowering didn't record, in function 2
    fresh_test.go:61: ../oracle/testdata/normalize_coverage_limit.a: a write lowering didn't record, in function 2
    fresh_test.go:61: ../oracle/testdata/normalize_coverage_limit.a: a write lowering didn't record, in function 2
    fresh_test.go:61: ../oracle/testdata/normalize_coverage_limit.a: a write lowering didn't record, in function 5
    fresh_test.go:61: ../oracle/testdata/normalize_coverage_limit.a: a write lowering didn't record, in function 5
    fresh_test.go:61: ../oracle/testdata/normalize_coverage_limit.a: a write lowering didn't record, in function 5
    fresh_test.go:61: ../oracle/testdata/normalize_coverage_long.a: a write lowering didn't record, in function 4
    fresh_test.go:61: ../oracle/testdata/normalize_coverage_long.a: a write lowering didn't record, in function 4
    fresh_test.go:61: ../oracle/testdata/normalize_coverage_long.a: a write lowering didn't record, in function 4
    fresh_test.go:61: ../oracle/testdata/normalize_coverage_long.a: a write lowering didn't record, in function 7
    fresh_test.go:61: ../oracle/testdata/normalize_coverage_long.a: a write lowering didn't record, in function 7
    fresh_test.go:61: ../oracle/testdata/normalize_coverage_long.a: a write lowering didn't record, in function 7
    fresh_test.go:61: ../oracle/testdata/normalize_coverage_quick.a: a write lowering didn't record, in function 4
    fresh_test.go:61: ../oracle/testdata/normalize_coverage_quick.a: a write lowering didn't record, in function 4
    fresh_test.go:61: ../oracle/testdata/normalize_coverage_quick.a: a write lowering didn't record, in function 4
    fresh_test.go:61: ../oracle/testdata/normalize_coverage_quick.a: a write lowering didn't record, in function 7
    fresh_test.go:61: ../oracle/testdata/normalize_coverage_quick.a: a write lowering didn't record, in function 7
    fresh_test.go:61: ../oracle/testdata/normalize_coverage_quick.a: a write lowering didn't record, in function 7
    fresh_test.go:61: ../oracle/testdata/normalize_coverage_repeat.a: a write lowering didn't record, in function 4
    fresh_test.go:61: ../oracle/testdata/normalize_coverage_repeat.a: a write lowering didn't record, in function 4
    fresh_test.go:61: ../oracle/testdata/normalize_coverage_repeat.a: a write lowering didn't record, in function 4
    fresh_test.go:61: ../oracle/testdata/normalize_coverage_repeat.a: a write lowering didn't record, in function 7
    fresh_test.go:61: ../oracle/testdata/normalize_coverage_repeat.a: a write lowering didn't record, in function 7
    fresh_test.go:61: ../oracle/testdata/normalize_coverage_repeat.a: a write lowering didn't record, in function 7
    fresh_test.go:61: ../oracle/testdata/normalize_coverage_stream.a: a write lowering didn't record, in function 4
    fresh_test.go:61: ../oracle/testdata/normalize_coverage_stream.a: a write lowering didn't record, in function 4
    fresh_test.go:61: ../oracle/testdata/normalize_coverage_stream.a: a write lowering didn't record, in function 4
    fresh_test.go:61: ../oracle/testdata/normalize_coverage_stream.a: a write lowering didn't record, in function 7
    fresh_test.go:61: ../oracle/testdata/normalize_coverage_stream.a: a write lowering didn't record, in function 7
    fresh_test.go:61: ../oracle/testdata/normalize_coverage_stream.a: a write lowering didn't record, in function 7
    fresh_test.go:61: ../oracle/testdata/normalize_form.a: a write lowering didn't record, in function 2
    fresh_test.go:61: ../oracle/testdata/normalize_form.a: a write lowering didn't record, in function 2
    fresh_test.go:61: ../oracle/testdata/normalize_form.a: a write lowering didn't record, in function 2
    fresh_test.go:61: ../oracle/testdata/normalize_form.a: a write lowering didn't record, in function 5
    fresh_test.go:61: ../oracle/testdata/normalize_form.a: a write lowering didn't record, in function 5
    fresh_test.go:61: ../oracle/testdata/normalize_form.a: a write lowering didn't record, in function 5
    fresh_test.go:61: ../oracle/testdata/normalize_long_marks.a: a write lowering didn't record, in function 3
    fresh_test.go:61: ../oracle/testdata/normalize_long_marks.a: a write lowering didn't record, in function 3
    fresh_test.go:61: ../oracle/testdata/normalize_long_marks.a: a write lowering didn't record, in function 3
    fresh_test.go:61: ../oracle/testdata/normalize_long_marks.a: a write lowering didn't record, in function 6
    fresh_test.go:61: ../oracle/testdata/normalize_long_marks.a: a write lowering didn't record, in function 6
    fresh_test.go:61: ../oracle/testdata/normalize_long_marks.a: a write lowering didn't record, in function 6
    fresh_test.go:61: ../oracle/testdata/number_formats.a: a write lowering didn't record, in function 3
    fresh_test.go:61: ../oracle/testdata/number_formats.a: a write lowering didn't record, in function 3
    fresh_test.go:61: ../oracle/testdata/number_formats.a: a write lowering didn't record, in function 3
    fresh_test.go:61: ../oracle/testdata/number_formats.a: a write lowering didn't record, in function 6
    fresh_test.go:61: ../oracle/testdata/number_formats.a: a write lowering didn't record, in function 6
    fresh_test.go:61: ../oracle/testdata/number_formats.a: a write lowering didn't record, in function 6
    fresh_test.go:61: ../oracle/testdata/object_prototype.a: a write lowering didn't record, in function 40
    fresh_test.go:61: ../oracle/testdata/object_prototype.a: a write lowering didn't record, in function 40
    fresh_test.go:61: ../oracle/testdata/object_prototype.a: a write lowering didn't record, in function 40
    fresh_test.go:61: ../oracle/testdata/omitted_scanner.a: a write lowering didn't record, in function 4
    fresh_test.go:61: ../oracle/testdata/omitted_scanner.a: a write lowering didn't record, in function 4
    fresh_test.go:61: ../oracle/testdata/omitted_scanner.a: a write lowering didn't record, in function 4
    fresh_test.go:61: ../oracle/testdata/omitted_scanner.a: a write lowering didn't record, in function 7
    fresh_test.go:61: ../oracle/testdata/omitted_scanner.a: a write lowering didn't record, in function 7
    fresh_test.go:61: ../oracle/testdata/omitted_scanner.a: a write lowering didn't record, in function 7
    fresh_test.go:61: ../oracle/testdata/omitted_scanner_explicit.a: a write lowering didn't record, in function 4
    fresh_test.go:61: ../oracle/testdata/omitted_scanner_explicit.a: a write lowering didn't record, in function 4
    fresh_test.go:61: ../oracle/testdata/omitted_scanner_explicit.a: a write lowering didn't record, in function 4
    fresh_test.go:61: ../oracle/testdata/omitted_scanner_explicit.a: a write lowering didn't record, in function 7
    fresh_test.go:61: ../oracle/testdata/omitted_scanner_explicit.a: a write lowering didn't record, in function 7
    fresh_test.go:61: ../oracle/testdata/omitted_scanner_explicit.a: a write lowering didn't record, in function 7
    fresh_test.go:61: ../oracle/testdata/omitted_scanner_required.a: a write lowering didn't record, in function 4
    fresh_test.go:61: ../oracle/testdata/omitted_scanner_required.a: a write lowering didn't record, in function 4
    fresh_test.go:61: ../oracle/testdata/omitted_scanner_required.a: a write lowering didn't record, in function 4
    fresh_test.go:61: ../oracle/testdata/omitted_scanner_required.a: a write lowering didn't record, in function 7
    fresh_test.go:61: ../oracle/testdata/omitted_scanner_required.a: a write lowering didn't record, in function 7
    fresh_test.go:61: ../oracle/testdata/omitted_scanner_required.a: a write lowering didn't record, in function 7
    fresh_test.go:61: ../oracle/testdata/optional_strings.a: a write lowering didn't record, in function 5
    fresh_test.go:61: ../oracle/testdata/optional_strings.a: a write lowering didn't record, in function 5
    fresh_test.go:61: ../oracle/testdata/optional_strings.a: a write lowering didn't record, in function 5
    fresh_test.go:61: ../oracle/testdata/optional_strings.a: a write lowering didn't record, in function 8
    fresh_test.go:61: ../oracle/testdata/optional_strings.a: a write lowering didn't record, in function 8
    fresh_test.go:61: ../oracle/testdata/optional_strings.a: a write lowering didn't record, in function 8
    fresh_test.go:61: ../oracle/testdata/panic_in_try.a: a write lowering didn't record, in function 2
    fresh_test.go:61: ../oracle/testdata/panic_in_try.a: a write lowering didn't record, in function 2
    fresh_test.go:61: ../oracle/testdata/panic_in_try.a: a write lowering didn't record, in function 2
    fresh_test.go:61: ../oracle/testdata/panic_in_try.a: a write lowering didn't record, in function 5
    fresh_test.go:61: ../oracle/testdata/panic_in_try.a: a write lowering didn't record, in function 5
    fresh_test.go:61: ../oracle/testdata/panic_in_try.a: a write lowering didn't record, in function 5
    fresh_test.go:61: ../oracle/testdata/param_assigned_in_try.a: a write lowering didn't record, in function 4
    fresh_test.go:61: ../oracle/testdata/param_assigned_in_try.a: a write lowering didn't record, in function 4
    fresh_test.go:61: ../oracle/testdata/param_assigned_in_try.a: a write lowering didn't record, in function 4
    fresh_test.go:61: ../oracle/testdata/param_assigned_in_try.a: a write lowering didn't record, in function 11
    fresh_test.go:61: ../oracle/testdata/param_assigned_in_try.a: a write lowering didn't record, in function 11
    fresh_test.go:61: ../oracle/testdata/param_assigned_in_try.a: a write lowering didn't record, in function 11
    fresh_test.go:61: ../oracle/testdata/parameter_properties_ownership.a: a write lowering didn't record, in function 9
    fresh_test.go:61: ../oracle/testdata/parameter_properties_ownership.a: a write lowering didn't record, in function 9
    fresh_test.go:61: ../oracle/testdata/parameter_properties_ownership.a: a write lowering didn't record, in function 9
    fresh_test.go:61: ../oracle/testdata/parameter_properties_ownership.a: a write lowering didn't record, in function 12
    fresh_test.go:61: ../oracle/testdata/parameter_properties_ownership.a: a write lowering didn't record, in function 12
    fresh_test.go:61: ../oracle/testdata/parameter_properties_ownership.a: a write lowering didn't record, in function 12
    fresh_test.go:58: ../oracle/testdata/phantom_array_brands.a: ir.PhantomMember is a node the cycle finder doesn't know
    fresh_test.go:58: ../oracle/testdata/phantom_array_brands.a: ir.PhantomMember is a node the cycle finder doesn't know
    fresh_test.go:58: ../oracle/testdata/phantom_brands.a: ir.PhantomMember is a node the cycle finder doesn't know
    fresh_test.go:58: ../oracle/testdata/phantom_catch.a: ir.PhantomMember is a node the cycle finder doesn't know
    fresh_test.go:58: ../oracle/testdata/phantom_catch.a: ir.PhantomMember is a node the cycle finder doesn't know
    fresh_test.go:58: ../oracle/testdata/phantom_catch.a: ir.PhantomMember is a node the cycle finder doesn't know
    fresh_test.go:58: ../oracle/testdata/phantom_catch.a: ir.PhantomMember is a node the cycle finder doesn't know
    fresh_test.go:58: ../oracle/testdata/phantom_catch.a: ir.PhantomMember is a node the cycle finder doesn't know
    fresh_test.go:58: ../oracle/testdata/phantom_catch.a: ir.PhantomMember is a node the cycle finder doesn't know
    fresh_test.go:58: ../oracle/testdata/phantom_catch.a: ir.PhantomMember is a node the cycle finder doesn't know
    fresh_test.go:61: ../oracle/testdata/phantom_catch.a: a write lowering didn't record, in function 4
    fresh_test.go:61: ../oracle/testdata/phantom_catch.a: a write lowering didn't record, in function 4
    fresh_test.go:61: ../oracle/testdata/phantom_catch.a: a write lowering didn't record, in function 4
    fresh_test.go:61: ../oracle/testdata/phantom_catch.a: a write lowering didn't record, in function 8
    fresh_test.go:61: ../oracle/testdata/phantom_catch.a: a write lowering didn't record, in function 8
    fresh_test.go:61: ../oracle/testdata/phantom_catch.a: a write lowering didn't record, in function 8
    fresh_test.go:61: ../oracle/testdata/phantom_catch.a: a write lowering didn't record, in function 11
    fresh_test.go:61: ../oracle/testdata/phantom_catch.a: a write lowering didn't record, in function 11
    fresh_test.go:61: ../oracle/testdata/phantom_catch.a: a write lowering didn't record, in function 11
    fresh_test.go:58: ../oracle/testdata/phantom_overload_results.a: ir.PhantomMember is a node the cycle finder doesn't know
    fresh_test.go:58: ../oracle/testdata/phantom_overload_results.a: ir.PhantomMember is a node the cycle finder doesn't know
    fresh_test.go:58: ../oracle/testdata/phantom_undefined.a: ir.PhantomMember is a node the cycle finder doesn't know
    fresh_test.go:61: ../oracle/testdata/precision_range.a: a write lowering didn't record, in function 2
    fresh_test.go:61: ../oracle/testdata/precision_range.a: a write lowering didn't record, in function 2
    fresh_test.go:61: ../oracle/testdata/precision_range.a: a write lowering didn't record, in function 2
    fresh_test.go:61: ../oracle/testdata/precision_range.a: a write lowering didn't record, in function 5
    fresh_test.go:61: ../oracle/testdata/precision_range.a: a write lowering didn't record, in function 5
    fresh_test.go:61: ../oracle/testdata/precision_range.a: a write lowering didn't record, in function 5
    fresh_test.go:61: ../oracle/testdata/proven_assertions.a: a write lowering didn't record, in function 7
    fresh_test.go:61: ../oracle/testdata/proven_assertions.a: a write lowering didn't record, in function 7
    fresh_test.go:61: ../oracle/testdata/proven_assertions.a: a write lowering didn't record, in function 7
    fresh_test.go:61: ../oracle/testdata/proven_assertions.a: a write lowering didn't record, in function 12
    fresh_test.go:61: ../oracle/testdata/proven_assertions.a: a write lowering didn't record, in function 12
    fresh_test.go:61: ../oracle/testdata/proven_assertions.a: a write lowering didn't record, in function 12
    fresh_test.go:61: ../oracle/testdata/proven_assertions.a: a write lowering didn't record, in function 15
    fresh_test.go:61: ../oracle/testdata/proven_assertions.a: a write lowering didn't record, in function 15
    fresh_test.go:61: ../oracle/testdata/proven_assertions.a: a write lowering didn't record, in function 15
    fresh_test.go:61: ../oracle/testdata/proven_guards.a: a write lowering didn't record, in function 12
    fresh_test.go:61: ../oracle/testdata/proven_guards.a: a write lowering didn't record, in function 12
    fresh_test.go:61: ../oracle/testdata/proven_guards.a: a write lowering didn't record, in function 12
    fresh_test.go:61: ../oracle/testdata/proven_guards.a: a write lowering didn't record, in function 15
    fresh_test.go:61: ../oracle/testdata/proven_guards.a: a write lowering didn't record, in function 15
    fresh_test.go:61: ../oracle/testdata/proven_guards.a: a write lowering didn't record, in function 15
    fresh_test.go:61: ../oracle/testdata/radix_range.a: a write lowering didn't record, in function 2
    fresh_test.go:61: ../oracle/testdata/radix_range.a: a write lowering didn't record, in function 2
    fresh_test.go:61: ../oracle/testdata/radix_range.a: a write lowering didn't record, in function 2
    fresh_test.go:61: ../oracle/testdata/radix_range.a: a write lowering didn't record, in function 5
    fresh_test.go:61: ../oracle/testdata/radix_range.a: a write lowering didn't record, in function 5
    fresh_test.go:61: ../oracle/testdata/radix_range.a: a write lowering didn't record, in function 5
    fresh_test.go:61: ../oracle/testdata/radixes.a: a write lowering didn't record, in function 5
    fresh_test.go:61: ../oracle/testdata/radixes.a: a write lowering didn't record, in function 5
    fresh_test.go:61: ../oracle/testdata/radixes.a: a write lowering didn't record, in function 5
    fresh_test.go:61: ../oracle/testdata/radixes.a: a write lowering didn't record, in function 8
    fresh_test.go:61: ../oracle/testdata/radixes.a: a write lowering didn't record, in function 8
    fresh_test.go:61: ../oracle/testdata/radixes.a: a write lowering didn't record, in function 8
    fresh_test.go:61: ../oracle/testdata/records_optional.a: a write lowering didn't record, in function 3
    fresh_test.go:61: ../oracle/testdata/records_optional.a: a write lowering didn't record, in function 3
    fresh_test.go:61: ../oracle/testdata/records_optional.a: a write lowering didn't record, in function 3
    fresh_test.go:61: ../oracle/testdata/records_optional.a: a write lowering didn't record, in function 6
    fresh_test.go:61: ../oracle/testdata/records_optional.a: a write lowering didn't record, in function 6
    fresh_test.go:61: ../oracle/testdata/records_optional.a: a write lowering didn't record, in function 6
    fresh_test.go:61: ../oracle/testdata/records_ownership.a: a write lowering didn't record, in function 4
    fresh_test.go:61: ../oracle/testdata/records_ownership.a: a write lowering didn't record, in function 4
    fresh_test.go:61: ../oracle/testdata/records_ownership.a: a write lowering didn't record, in function 4
    fresh_test.go:61: ../oracle/testdata/records_ownership.a: a write lowering didn't record, in function 7
    fresh_test.go:61: ../oracle/testdata/records_ownership.a: a write lowering didn't record, in function 7
    fresh_test.go:61: ../oracle/testdata/records_ownership.a: a write lowering didn't record, in function 7
    fresh_test.go:61: ../oracle/testdata/regexp.a: a write lowering didn't record, in function 7
    fresh_test.go:61: ../oracle/testdata/regexp.a: a write lowering didn't record, in function 7
    fresh_test.go:61: ../oracle/testdata/regexp.a: a write lowering didn't record, in function 7
    fresh_test.go:61: ../oracle/testdata/regexp.a: a write lowering didn't record, in function 10
    fresh_test.go:61: ../oracle/testdata/regexp.a: a write lowering didn't record, in function 10
    fresh_test.go:61: ../oracle/testdata/regexp.a: a write lowering didn't record, in function 10
    fresh_test.go:61: ../oracle/testdata/regexp_cycle_collections.a: a write lowering didn't record, in function 3
    fresh_test.go:61: ../oracle/testdata/regexp_cycle_collections.a: a write lowering didn't record, in function 3
    fresh_test.go:61: ../oracle/testdata/regexp_cycle_collections.a: a write lowering didn't record, in function 3
    fresh_test.go:61: ../oracle/testdata/regexp_cycle_collections.a: a write lowering didn't record, in function 6
    fresh_test.go:61: ../oracle/testdata/regexp_cycle_collections.a: a write lowering didn't record, in function 6
    fresh_test.go:61: ../oracle/testdata/regexp_cycle_collections.a: a write lowering didn't record, in function 6
    fresh_test.go:61: ../oracle/testdata/regexp_cycle_fields.a: a write lowering didn't record, in function 3
    fresh_test.go:61: ../oracle/testdata/regexp_cycle_fields.a: a write lowering didn't record, in function 3
    fresh_test.go:61: ../oracle/testdata/regexp_cycle_fields.a: a write lowering didn't record, in function 3
    fresh_test.go:61: ../oracle/testdata/regexp_cycle_fields.a: a write lowering didn't record, in function 6
    fresh_test.go:61: ../oracle/testdata/regexp_cycle_fields.a: a write lowering didn't record, in function 6
    fresh_test.go:61: ../oracle/testdata/regexp_cycle_fields.a: a write lowering didn't record, in function 6
    fresh_test.go:61: ../oracle/testdata/regexp_cycle_weak.a: a write lowering didn't record, in function 3
    fresh_test.go:61: ../oracle/testdata/regexp_cycle_weak.a: a write lowering didn't record, in function 3
    fresh_test.go:61: ../oracle/testdata/regexp_cycle_weak.a: a write lowering didn't record, in function 3
    fresh_test.go:61: ../oracle/testdata/regexp_cycle_weak.a: a write lowering didn't record, in function 6
    fresh_test.go:61: ../oracle/testdata/regexp_cycle_weak.a: a write lowering didn't record, in function 6
    fresh_test.go:61: ../oracle/testdata/regexp_cycle_weak.a: a write lowering didn't record, in function 6
    fresh_test.go:61: ../oracle/testdata/regexp_exec.a: a write lowering didn't record, in function 3
    fresh_test.go:61: ../oracle/testdata/regexp_exec.a: a write lowering didn't record, in function 3
    fresh_test.go:61: ../oracle/testdata/regexp_exec.a: a write lowering didn't record, in function 3
    fresh_test.go:61: ../oracle/testdata/regexp_exec.a: a write lowering didn't record, in function 6
    fresh_test.go:61: ../oracle/testdata/regexp_exec.a: a write lowering didn't record, in function 6
    fresh_test.go:61: ../oracle/testdata/regexp_exec.a: a write lowering didn't record, in function 6
    fresh_test.go:61: ../oracle/testdata/regexp_match.a: a write lowering didn't record, in function 3
    fresh_test.go:61: ../oracle/testdata/regexp_match.a: a write lowering didn't record, in function 3
    fresh_test.go:61: ../oracle/testdata/regexp_match.a: a write lowering didn't record, in function 3
    fresh_test.go:61: ../oracle/testdata/regexp_match.a: a write lowering didn't record, in function 6
    fresh_test.go:61: ../oracle/testdata/regexp_match.a: a write lowering didn't record, in function 6
    fresh_test.go:61: ../oracle/testdata/regexp_match.a: a write lowering didn't record, in function 6
    fresh_test.go:61: ../oracle/testdata/regexp_null_narrowed.a: a write lowering didn't record, in function 3
    fresh_test.go:61: ../oracle/testdata/regexp_null_narrowed.a: a write lowering didn't record, in function 3
    fresh_test.go:61: ../oracle/testdata/regexp_null_narrowed.a: a write lowering didn't record, in function 3
    fresh_test.go:61: ../oracle/testdata/regexp_null_narrowed.a: a write lowering didn't record, in function 6
    fresh_test.go:61: ../oracle/testdata/regexp_null_narrowed.a: a write lowering didn't record, in function 6
    fresh_test.go:61: ../oracle/testdata/regexp_null_narrowed.a: a write lowering didn't record, in function 6
    fresh_test.go:61: ../oracle/testdata/regexp_split_pair_pattern.a: a write lowering didn't record, in function 2
    fresh_test.go:61: ../oracle/testdata/regexp_split_pair_pattern.a: a write lowering didn't record, in function 2
    fresh_test.go:61: ../oracle/testdata/regexp_split_pair_pattern.a: a write lowering didn't record, in function 2
    fresh_test.go:61: ../oracle/testdata/regexp_split_pair_pattern.a: a write lowering didn't record, in function 5
    fresh_test.go:61: ../oracle/testdata/regexp_split_pair_pattern.a: a write lowering didn't record, in function 5
    fresh_test.go:61: ../oracle/testdata/regexp_split_pair_pattern.a: a write lowering didn't record, in function 5
    fresh_test.go:61: ../oracle/testdata/regexp_unicode.a: a write lowering didn't record, in function 3
    fresh_test.go:61: ../oracle/testdata/regexp_unicode.a: a write lowering didn't record, in function 3
    fresh_test.go:61: ../oracle/testdata/regexp_unicode.a: a write lowering didn't record, in function 3
    fresh_test.go:61: ../oracle/testdata/regexp_unicode.a: a write lowering didn't record, in function 6
    fresh_test.go:61: ../oracle/testdata/regexp_unicode.a: a write lowering didn't record, in function 6
    fresh_test.go:61: ../oracle/testdata/regexp_unicode.a: a write lowering didn't record, in function 6
    fresh_test.go:61: ../oracle/testdata/regions.a: a write lowering didn't record, in function 11
    fresh_test.go:61: ../oracle/testdata/regions.a: a write lowering didn't record, in function 11
    fresh_test.go:61: ../oracle/testdata/regions.a: a write lowering didn't record, in function 11
    fresh_test.go:61: ../oracle/testdata/regions.a: a write lowering didn't record, in function 14
    fresh_test.go:61: ../oracle/testdata/regions.a: a write lowering didn't record, in function 14
    fresh_test.go:61: ../oracle/testdata/regions.a: a write lowering didn't record, in function 14
    fresh_test.go:61: ../oracle/testdata/regions_throw.a: a write lowering didn't record, in function 4
    fresh_test.go:61: ../oracle/testdata/regions_throw.a: a write lowering didn't record, in function 4
    fresh_test.go:61: ../oracle/testdata/regions_throw.a: a write lowering didn't record, in function 4
    fresh_test.go:61: ../oracle/testdata/regions_throw.a: a write lowering didn't record, in function 8
    fresh_test.go:61: ../oracle/testdata/regions_throw.a: a write lowering didn't record, in function 8
    fresh_test.go:61: ../oracle/testdata/regions_throw.a: a write lowering didn't record, in function 8
    fresh_test.go:61: ../oracle/testdata/regions_throw.a: a write lowering didn't record, in function 12
    fresh_test.go:61: ../oracle/testdata/regions_throw.a: a write lowering didn't record, in function 12
    fresh_test.go:61: ../oracle/testdata/regions_throw.a: a write lowering didn't record, in function 12
    fresh_test.go:61: ../oracle/testdata/reuse.a: a write lowering didn't record, in function 13
    fresh_test.go:61: ../oracle/testdata/reuse.a: a write lowering didn't record, in function 13
    fresh_test.go:61: ../oracle/testdata/reuse.a: a write lowering didn't record, in function 13
    fresh_test.go:61: ../oracle/testdata/reuse.a: a write lowering didn't record, in function 16
    fresh_test.go:61: ../oracle/testdata/reuse.a: a write lowering didn't record, in function 16
    fresh_test.go:61: ../oracle/testdata/reuse.a: a write lowering didn't record, in function 16
    fresh_test.go:61: ../oracle/testdata/reuse_lent_global.a: a write lowering didn't record, in function 5
    fresh_test.go:61: ../oracle/testdata/reuse_lent_global.a: a write lowering didn't record, in function 5
    fresh_test.go:61: ../oracle/testdata/reuse_lent_global.a: a write lowering didn't record, in function 5
    fresh_test.go:61: ../oracle/testdata/reuse_lent_global.a: a write lowering didn't record, in function 8
    fresh_test.go:61: ../oracle/testdata/reuse_lent_global.a: a write lowering didn't record, in function 8
    fresh_test.go:61: ../oracle/testdata/reuse_lent_global.a: a write lowering didn't record, in function 8
    fresh_test.go:61: ../oracle/testdata/reuse_narrowed.a: a write lowering didn't record, in function 4
    fresh_test.go:61: ../oracle/testdata/reuse_narrowed.a: a write lowering didn't record, in function 4
    fresh_test.go:61: ../oracle/testdata/reuse_narrowed.a: a write lowering didn't record, in function 4
    fresh_test.go:61: ../oracle/testdata/reuse_narrowed.a: a write lowering didn't record, in function 7
    fresh_test.go:61: ../oracle/testdata/reuse_narrowed.a: a write lowering didn't record, in function 7
    fresh_test.go:61: ../oracle/testdata/reuse_narrowed.a: a write lowering didn't record, in function 7
    fresh_test.go:61: ../oracle/testdata/reuse_throw.a: a write lowering didn't record, in function 4
    fresh_test.go:61: ../oracle/testdata/reuse_throw.a: a write lowering didn't record, in function 4
    fresh_test.go:61: ../oracle/testdata/reuse_throw.a: a write lowering didn't record, in function 4
    fresh_test.go:61: ../oracle/testdata/reuse_throw.a: a write lowering didn't record, in function 7
    fresh_test.go:61: ../oracle/testdata/reuse_throw.a: a write lowering didn't record, in function 7
    fresh_test.go:61: ../oracle/testdata/reuse_throw.a: a write lowering didn't record, in function 7
    fresh_test.go:61: ../oracle/testdata/reuse_weak_during_spread.a: a write lowering didn't record, in function 4
    fresh_test.go:61: ../oracle/testdata/reuse_weak_during_spread.a: a write lowering didn't record, in function 4
    fresh_test.go:61: ../oracle/testdata/reuse_weak_during_spread.a: a write lowering didn't record, in function 4
    fresh_test.go:61: ../oracle/testdata/reuse_weak_during_spread.a: a write lowering didn't record, in function 7
    fresh_test.go:61: ../oracle/testdata/reuse_weak_during_spread.a: a write lowering didn't record, in function 7
    fresh_test.go:61: ../oracle/testdata/reuse_weak_during_spread.a: a write lowering didn't record, in function 7
    fresh_test.go:61: ../oracle/testdata/route_targets_try_loop.a: a write lowering didn't record, in function 6
    fresh_test.go:61: ../oracle/testdata/route_targets_try_loop.a: a write lowering didn't record, in function 6
    fresh_test.go:61: ../oracle/testdata/route_targets_try_loop.a: a write lowering didn't record, in function 6
    fresh_test.go:61: ../oracle/testdata/route_targets_try_loop.a: a write lowering didn't record, in function 12
    fresh_test.go:61: ../oracle/testdata/route_targets_try_loop.a: a write lowering didn't record, in function 12
    fresh_test.go:61: ../oracle/testdata/route_targets_try_loop.a: a write lowering didn't record, in function 12
    fresh_test.go:61: ../oracle/testdata/runtime_last_index_of.a: a write lowering didn't record, in function 2
    fresh_test.go:61: ../oracle/testdata/runtime_last_index_of.a: a write lowering didn't record, in function 2
    fresh_test.go:61: ../oracle/testdata/runtime_last_index_of.a: a write lowering didn't record, in function 2
    fresh_test.go:61: ../oracle/testdata/runtime_last_index_of.a: a write lowering didn't record, in function 5
    fresh_test.go:61: ../oracle/testdata/runtime_last_index_of.a: a write lowering didn't record, in function 5
    fresh_test.go:61: ../oracle/testdata/runtime_last_index_of.a: a write lowering didn't record, in function 5
    fresh_test.go:61: ../oracle/testdata/searches.a: a write lowering didn't record, in function 4
    fresh_test.go:61: ../oracle/testdata/searches.a: a write lowering didn't record, in function 4
    fresh_test.go:61: ../oracle/testdata/searches.a: a write lowering didn't record, in function 4
    fresh_test.go:61: ../oracle/testdata/searches.a: a write lowering didn't record, in function 7
    fresh_test.go:61: ../oracle/testdata/searches.a: a write lowering didn't record, in function 7
    fresh_test.go:61: ../oracle/testdata/searches.a: a write lowering didn't record, in function 7
    fresh_test.go:61: ../oracle/testdata/searches.a: a write lowering didn't record, in function 16
    fresh_test.go:61: ../oracle/testdata/searches.a: a write lowering didn't record, in function 16
    fresh_test.go:61: ../oracle/testdata/searches.a: a write lowering didn't record, in function 16
    fresh_test.go:61: ../oracle/testdata/set_foreach_arrays.a: a write lowering didn't record, in function 5
    fresh_test.go:61: ../oracle/testdata/set_foreach_arrays.a: a write lowering didn't record, in function 5
    fresh_test.go:61: ../oracle/testdata/set_foreach_arrays.a: a write lowering didn't record, in function 5
    fresh_test.go:61: ../oracle/testdata/set_foreach_arrays.a: a write lowering didn't record, in function 10
    fresh_test.go:61: ../oracle/testdata/set_foreach_arrays.a: a write lowering didn't record, in function 10
    fresh_test.go:61: ../oracle/testdata/set_foreach_arrays.a: a write lowering didn't record, in function 10
    fresh_test.go:61: ../oracle/testdata/set_foreach_closures.a: a write lowering didn't record, in function 8
    fresh_test.go:61: ../oracle/testdata/set_foreach_closures.a: a write lowering didn't record, in function 8
    fresh_test.go:61: ../oracle/testdata/set_foreach_closures.a: a write lowering didn't record, in function 8
    fresh_test.go:61: ../oracle/testdata/set_foreach_closures.a: a write lowering didn't record, in function 13
    fresh_test.go:61: ../oracle/testdata/set_foreach_closures.a: a write lowering didn't record, in function 13
    fresh_test.go:61: ../oracle/testdata/set_foreach_closures.a: a write lowering didn't record, in function 13
    fresh_test.go:61: ../oracle/testdata/set_foreach_fnexpr.a: a write lowering didn't record, in function 4
    fresh_test.go:61: ../oracle/testdata/set_foreach_fnexpr.a: a write lowering didn't record, in function 4
    fresh_test.go:61: ../oracle/testdata/set_foreach_fnexpr.a: a write lowering didn't record, in function 4
    fresh_test.go:61: ../oracle/testdata/set_foreach_fnexpr.a: a write lowering didn't record, in function 7
    fresh_test.go:61: ../oracle/testdata/set_foreach_fnexpr.a: a write lowering didn't record, in function 7
    fresh_test.go:61: ../oracle/testdata/set_foreach_fnexpr.a: a write lowering didn't record, in function 7
    fresh_test.go:61: ../oracle/testdata/set_foreach_keep.a: a write lowering didn't record, in function 6
    fresh_test.go:61: ../oracle/testdata/set_foreach_keep.a: a write lowering didn't record, in function 6
    fresh_test.go:61: ../oracle/testdata/set_foreach_keep.a: a write lowering didn't record, in function 6
    fresh_test.go:61: ../oracle/testdata/set_foreach_keep.a: a write lowering didn't record, in function 14
    fresh_test.go:61: ../oracle/testdata/set_foreach_keep.a: a write lowering didn't record, in function 14
    fresh_test.go:61: ../oracle/testdata/set_foreach_keep.a: a write lowering didn't record, in function 14
    fresh_test.go:61: ../oracle/testdata/set_foreach_keys.a: a write lowering didn't record, in function 4
    fresh_test.go:61: ../oracle/testdata/set_foreach_keys.a: a write lowering didn't record, in function 4
    fresh_test.go:61: ../oracle/testdata/set_foreach_keys.a: a write lowering didn't record, in function 4
    fresh_test.go:61: ../oracle/testdata/set_foreach_keys.a: a write lowering didn't record, in function 8
    fresh_test.go:61: ../oracle/testdata/set_foreach_keys.a: a write lowering didn't record, in function 8
    fresh_test.go:61: ../oracle/testdata/set_foreach_keys.a: a write lowering didn't record, in function 8
    fresh_test.go:61: ../oracle/testdata/set_foreach_named_closures.a: a write lowering didn't record, in function 9
    fresh_test.go:61: ../oracle/testdata/set_foreach_named_closures.a: a write lowering didn't record, in function 9
    fresh_test.go:61: ../oracle/testdata/set_foreach_named_closures.a: a write lowering didn't record, in function 9
    fresh_test.go:61: ../oracle/testdata/set_foreach_named_closures.a: a write lowering didn't record, in function 18
    fresh_test.go:61: ../oracle/testdata/set_foreach_named_closures.a: a write lowering didn't record, in function 18
    fresh_test.go:61: ../oracle/testdata/set_foreach_named_closures.a: a write lowering didn't record, in function 18
    fresh_test.go:61: ../oracle/testdata/set_foreach_named_more.a: a write lowering didn't record, in function 8
    fresh_test.go:61: ../oracle/testdata/set_foreach_named_more.a: a write lowering didn't record, in function 8
    fresh_test.go:61: ../oracle/testdata/set_foreach_named_more.a: a write lowering didn't record, in function 8
    fresh_test.go:61: ../oracle/testdata/set_foreach_named_more.a: a write lowering didn't record, in function 16
    fresh_test.go:61: ../oracle/testdata/set_foreach_named_more.a: a write lowering didn't record, in function 16
    fresh_test.go:61: ../oracle/testdata/set_foreach_named_more.a: a write lowering didn't record, in function 16
    fresh_test.go:61: ../oracle/testdata/set_foreach_named_objects.a: a write lowering didn't record, in function 7
    fresh_test.go:61: ../oracle/testdata/set_foreach_named_objects.a: a write lowering didn't record, in function 7
    fresh_test.go:61: ../oracle/testdata/set_foreach_named_objects.a: a write lowering didn't record, in function 7
    fresh_test.go:61: ../oracle/testdata/set_foreach_named_objects.a: a write lowering didn't record, in function 15
    fresh_test.go:61: ../oracle/testdata/set_foreach_named_objects.a: a write lowering didn't record, in function 15
    fresh_test.go:61: ../oracle/testdata/set_foreach_named_objects.a: a write lowering didn't record, in function 15
    fresh_test.go:61: ../oracle/testdata/set_foreach_numbers.a: a write lowering didn't record, in function 3
    fresh_test.go:61: ../oracle/testdata/set_foreach_numbers.a: a write lowering didn't record, in function 3
    fresh_test.go:61: ../oracle/testdata/set_foreach_numbers.a: a write lowering didn't record, in function 3
    fresh_test.go:61: ../oracle/testdata/set_foreach_numbers.a: a write lowering didn't record, in function 7
    fresh_test.go:61: ../oracle/testdata/set_foreach_numbers.a: a write lowering didn't record, in function 7
    fresh_test.go:61: ../oracle/testdata/set_foreach_numbers.a: a write lowering didn't record, in function 7
    fresh_test.go:61: ../oracle/testdata/set_foreach_objects.a: a write lowering didn't record, in function 7
    fresh_test.go:61: ../oracle/testdata/set_foreach_objects.a: a write lowering didn't record, in function 7
    fresh_test.go:61: ../oracle/testdata/set_foreach_objects.a: a write lowering didn't record, in function 7
    fresh_test.go:61: ../oracle/testdata/set_foreach_objects.a: a write lowering didn't record, in function 12
    fresh_test.go:61: ../oracle/testdata/set_foreach_objects.a: a write lowering didn't record, in function 12
    fresh_test.go:61: ../oracle/testdata/set_foreach_objects.a: a write lowering didn't record, in function 12
    fresh_test.go:61: ../oracle/testdata/size_class_churn.a: a write lowering didn't record, in function 2
    fresh_test.go:61: ../oracle/testdata/size_class_churn.a: a write lowering didn't record, in function 2
    fresh_test.go:61: ../oracle/testdata/size_class_churn.a: a write lowering didn't record, in function 2
    fresh_test.go:61: ../oracle/testdata/size_class_churn.a: a write lowering didn't record, in function 5
    fresh_test.go:61: ../oracle/testdata/size_class_churn.a: a write lowering didn't record, in function 5
    fresh_test.go:61: ../oracle/testdata/size_class_churn.a: a write lowering didn't record, in function 5
    fresh_test.go:61: ../oracle/testdata/sorts.a: a write lowering didn't record, in function 11
    fresh_test.go:61: ../oracle/testdata/sorts.a: a write lowering didn't record, in function 11
    fresh_test.go:61: ../oracle/testdata/sorts.a: a write lowering didn't record, in function 11
    fresh_test.go:61: ../oracle/testdata/sorts.a: a write lowering didn't record, in function 14
    fresh_test.go:61: ../oracle/testdata/sorts.a: a write lowering didn't record, in function 14
    fresh_test.go:61: ../oracle/testdata/sorts.a: a write lowering didn't record, in function 14
    fresh_test.go:61: ../oracle/testdata/spreads.a: a write lowering didn't record, in function 4
    fresh_test.go:61: ../oracle/testdata/spreads.a: a write lowering didn't record, in function 4
    fresh_test.go:61: ../oracle/testdata/spreads.a: a write lowering didn't record, in function 4
    fresh_test.go:61: ../oracle/testdata/spreads.a: a write lowering didn't record, in function 7
    fresh_test.go:61: ../oracle/testdata/spreads.a: a write lowering didn't record, in function 7
    fresh_test.go:61: ../oracle/testdata/spreads.a: a write lowering didn't record, in function 7
    fresh_test.go:61: ../oracle/testdata/spreads.a: a write lowering didn't record, in function 11
    fresh_test.go:61: ../oracle/testdata/spreads.a: a write lowering didn't record, in function 11
    fresh_test.go:61: ../oracle/testdata/spreads.a: a write lowering didn't record, in function 11
    fresh_test.go:61: ../oracle/testdata/string_build_boundaries.a: a write lowering didn't record, in function 5
    fresh_test.go:61: ../oracle/testdata/string_build_boundaries.a: a write lowering didn't record, in function 5
    fresh_test.go:61: ../oracle/testdata/string_build_boundaries.a: a write lowering didn't record, in function 5
    fresh_test.go:61: ../oracle/testdata/string_build_boundaries.a: a write lowering didn't record, in function 8
    fresh_test.go:61: ../oracle/testdata/string_build_boundaries.a: a write lowering didn't record, in function 8
    fresh_test.go:61: ../oracle/testdata/string_build_boundaries.a: a write lowering didn't record, in function 8
    fresh_test.go:61: ../oracle/testdata/string_build_cached_reads.a: a write lowering didn't record, in function 4
    fresh_test.go:61: ../oracle/testdata/string_build_cached_reads.a: a write lowering didn't record, in function 4
    fresh_test.go:61: ../oracle/testdata/string_build_cached_reads.a: a write lowering didn't record, in function 4
    fresh_test.go:61: ../oracle/testdata/string_build_cached_reads.a: a write lowering didn't record, in function 7
    fresh_test.go:61: ../oracle/testdata/string_build_cached_reads.a: a write lowering didn't record, in function 7
    fresh_test.go:61: ../oracle/testdata/string_build_cached_reads.a: a write lowering didn't record, in function 7
    fresh_test.go:61: ../oracle/testdata/string_build_repeat.a: a write lowering didn't record, in function 3
    fresh_test.go:61: ../oracle/testdata/string_build_repeat.a: a write lowering didn't record, in function 3
    fresh_test.go:61: ../oracle/testdata/string_build_repeat.a: a write lowering didn't record, in function 3
    fresh_test.go:61: ../oracle/testdata/string_build_repeat.a: a write lowering didn't record, in function 6
    fresh_test.go:61: ../oracle/testdata/string_build_repeat.a: a write lowering didn't record, in function 6
    fresh_test.go:61: ../oracle/testdata/string_build_repeat.a: a write lowering didn't record, in function 6
    fresh_test.go:61: ../oracle/testdata/string_index.a: a write lowering didn't record, in function 2
    fresh_test.go:61: ../oracle/testdata/string_index.a: a write lowering didn't record, in function 2
    fresh_test.go:61: ../oracle/testdata/string_index.a: a write lowering didn't record, in function 2
    fresh_test.go:61: ../oracle/testdata/string_index.a: a write lowering didn't record, in function 5
    fresh_test.go:61: ../oracle/testdata/string_index.a: a write lowering didn't record, in function 5
    fresh_test.go:61: ../oracle/testdata/string_index.a: a write lowering didn't record, in function 5
    fresh_test.go:61: ../oracle/testdata/string_limits.a: a write lowering didn't record, in function 2
    fresh_test.go:61: ../oracle/testdata/string_limits.a: a write lowering didn't record, in function 2
    fresh_test.go:61: ../oracle/testdata/string_limits.a: a write lowering didn't record, in function 2
    fresh_test.go:61: ../oracle/testdata/string_limits.a: a write lowering didn't record, in function 5
    fresh_test.go:61: ../oracle/testdata/string_limits.a: a write lowering didn't record, in function 5
    fresh_test.go:61: ../oracle/testdata/string_limits.a: a write lowering didn't record, in function 5
    fresh_test.go:61: ../oracle/testdata/string_too_long.a: a write lowering didn't record, in function 2
    fresh_test.go:61: ../oracle/testdata/string_too_long.a: a write lowering didn't record, in function 2
    fresh_test.go:61: ../oracle/testdata/string_too_long.a: a write lowering didn't record, in function 2
    fresh_test.go:61: ../oracle/testdata/string_too_long.a: a write lowering didn't record, in function 5
    fresh_test.go:61: ../oracle/testdata/string_too_long.a: a write lowering didn't record, in function 5
    fresh_test.go:61: ../oracle/testdata/string_too_long.a: a write lowering didn't record, in function 5
    fresh_test.go:61: ../oracle/testdata/throw_global_move.a: a write lowering didn't record, in function 6
    fresh_test.go:61: ../oracle/testdata/throw_global_move.a: a write lowering didn't record, in function 6
    fresh_test.go:61: ../oracle/testdata/throw_global_move.a: a write lowering didn't record, in function 6
    fresh_test.go:61: ../oracle/testdata/throw_global_move.a: a write lowering didn't record, in function 9
    fresh_test.go:61: ../oracle/testdata/throw_global_move.a: a write lowering didn't record, in function 9
    fresh_test.go:61: ../oracle/testdata/throw_global_move.a: a write lowering didn't record, in function 9
    fresh_test.go:61: ../oracle/testdata/throw_in_writes.a: a write lowering didn't record, in function 4
    fresh_test.go:61: ../oracle/testdata/throw_in_writes.a: a write lowering didn't record, in function 4
    fresh_test.go:61: ../oracle/testdata/throw_in_writes.a: a write lowering didn't record, in function 4
    fresh_test.go:61: ../oracle/testdata/throw_in_writes.a: a write lowering didn't record, in function 7
    fresh_test.go:61: ../oracle/testdata/throw_in_writes.a: a write lowering didn't record, in function 7
    fresh_test.go:61: ../oracle/testdata/throw_in_writes.a: a write lowering didn't record, in function 7
    fresh_test.go:61: ../oracle/testdata/throw_keeps_old_value.a: a write lowering didn't record, in function 5
    fresh_test.go:61: ../oracle/testdata/throw_keeps_old_value.a: a write lowering didn't record, in function 5
    fresh_test.go:61: ../oracle/testdata/throw_keeps_old_value.a: a write lowering didn't record, in function 5
    fresh_test.go:61: ../oracle/testdata/throw_keeps_old_value.a: a write lowering didn't record, in function 8
    fresh_test.go:61: ../oracle/testdata/throw_keeps_old_value.a: a write lowering didn't record, in function 8
    fresh_test.go:61: ../oracle/testdata/throw_keeps_old_value.a: a write lowering didn't record, in function 8
    fresh_test.go:61: ../oracle/testdata/throw_keeps_old_value_variants.a: a write lowering didn't record, in function 6
    fresh_test.go:61: ../oracle/testdata/throw_keeps_old_value_variants.a: a write lowering didn't record, in function 6
    fresh_test.go:61: ../oracle/testdata/throw_keeps_old_value_variants.a: a write lowering didn't record, in function 6
    fresh_test.go:61: ../oracle/testdata/throw_keeps_old_value_variants.a: a write lowering didn't record, in function 9
    fresh_test.go:61: ../oracle/testdata/throw_keeps_old_value_variants.a: a write lowering didn't record, in function 9
    fresh_test.go:61: ../oracle/testdata/throw_keeps_old_value_variants.a: a write lowering didn't record, in function 9
    fresh_test.go:61: ../oracle/testdata/try_assignments.a: a write lowering didn't record, in function 4
    fresh_test.go:61: ../oracle/testdata/try_assignments.a: a write lowering didn't record, in function 4
    fresh_test.go:61: ../oracle/testdata/try_assignments.a: a write lowering didn't record, in function 4
    fresh_test.go:61: ../oracle/testdata/try_assignments.a: a write lowering didn't record, in function 7
    fresh_test.go:61: ../oracle/testdata/try_assignments.a: a write lowering didn't record, in function 7
    fresh_test.go:61: ../oracle/testdata/try_assignments.a: a write lowering didn't record, in function 7
    fresh_test.go:61: ../oracle/testdata/tuple_values.a: a write lowering didn't record, in function 10
    fresh_test.go:61: ../oracle/testdata/tuple_values.a: a write lowering didn't record, in function 10
    fresh_test.go:61: ../oracle/testdata/tuple_values.a: a write lowering didn't record, in function 10
    fresh_test.go:61: ../oracle/testdata/tuple_values.a: a write lowering didn't record, in function 13
    fresh_test.go:61: ../oracle/testdata/tuple_values.a: a write lowering didn't record, in function 13
    fresh_test.go:61: ../oracle/testdata/tuple_values.a: a write lowering didn't record, in function 13
    fresh_test.go:61: ../oracle/testdata/typed_arrays_stats.a: a write lowering didn't record, in function 2
    fresh_test.go:61: ../oracle/testdata/typed_arrays_stats.a: a write lowering didn't record, in function 2
    fresh_test.go:61: ../oracle/testdata/typed_arrays_stats.a: a write lowering didn't record, in function 2
    fresh_test.go:61: ../oracle/testdata/typed_arrays_views.a: a write lowering didn't record, in function 3
    fresh_test.go:61: ../oracle/testdata/typed_arrays_views.a: a write lowering didn't record, in function 3
    fresh_test.go:61: ../oracle/testdata/typed_arrays_views.a: a write lowering didn't record, in function 3
    fresh_test.go:61: ../oracle/testdata/typed_arrays_views.a: a write lowering didn't record, in function 6
    fresh_test.go:61: ../oracle/testdata/typed_arrays_views.a: a write lowering didn't record, in function 6
    fresh_test.go:61: ../oracle/testdata/typed_arrays_views.a: a write lowering didn't record, in function 6
    fresh_test.go:61: ../oracle/testdata/typeof_dispatch.a: a write lowering didn't record, in function 7
    fresh_test.go:61: ../oracle/testdata/typeof_dispatch.a: a write lowering didn't record, in function 7
    fresh_test.go:61: ../oracle/testdata/typeof_dispatch.a: a write lowering didn't record, in function 7
    fresh_test.go:61: ../oracle/testdata/typeof_dispatch.a: a write lowering didn't record, in function 10
    fresh_test.go:61: ../oracle/testdata/typeof_dispatch.a: a write lowering didn't record, in function 10
    fresh_test.go:61: ../oracle/testdata/typeof_dispatch.a: a write lowering didn't record, in function 10
    fresh_test.go:61: ../oracle/testdata/undefined_elements.a: a write lowering didn't record, in function 2
    fresh_test.go:61: ../oracle/testdata/undefined_elements.a: a write lowering didn't record, in function 2
    fresh_test.go:61: ../oracle/testdata/undefined_elements.a: a write lowering didn't record, in function 2
    fresh_test.go:61: ../oracle/testdata/undefined_elements.a: a write lowering didn't record, in function 5
    fresh_test.go:61: ../oracle/testdata/undefined_elements.a: a write lowering didn't record, in function 5
    fresh_test.go:61: ../oracle/testdata/undefined_elements.a: a write lowering didn't record, in function 5
    fresh_test.go:61: ../oracle/testdata/unions.a: a write lowering didn't record, in function 17
    fresh_test.go:61: ../oracle/testdata/unions.a: a write lowering didn't record, in function 17
    fresh_test.go:61: ../oracle/testdata/unions.a: a write lowering didn't record, in function 17
    fresh_test.go:61: ../oracle/testdata/unions.a: a write lowering didn't record, in function 20
    fresh_test.go:61: ../oracle/testdata/unions.a: a write lowering didn't record, in function 20
    fresh_test.go:61: ../oracle/testdata/unions.a: a write lowering didn't record, in function 20
    fresh_test.go:61: ../oracle/testdata/user_iterators.a: a write lowering didn't record, in function 21
    fresh_test.go:61: ../oracle/testdata/user_iterators.a: a write lowering didn't record, in function 21
    fresh_test.go:61: ../oracle/testdata/user_iterators.a: a write lowering didn't record, in function 21
    fresh_test.go:61: ../oracle/testdata/user_iterators.a: a write lowering didn't record, in function 87
    fresh_test.go:61: ../oracle/testdata/user_iterators.a: a write lowering didn't record, in function 87
    fresh_test.go:61: ../oracle/testdata/user_iterators.a: a write lowering didn't record, in function 87
    fresh_test.go:61: ../oracle/testdata/user_iterators_rest_tdz.a: a write lowering didn't record, in function 3
    fresh_test.go:61: ../oracle/testdata/user_iterators_rest_tdz.a: a write lowering didn't record, in function 3
    fresh_test.go:61: ../oracle/testdata/user_iterators_rest_tdz.a: a write lowering didn't record, in function 3
    fresh_test.go:61: ../oracle/testdata/user_iterators_rest_tdz.a: a write lowering didn't record, in function 6
    fresh_test.go:61: ../oracle/testdata/user_iterators_rest_tdz.a: a write lowering didn't record, in function 6
    fresh_test.go:61: ../oracle/testdata/user_iterators_rest_tdz.a: a write lowering didn't record, in function 6
    fresh_test.go:61: ../oracle/testdata/utf8_view.a: a write lowering didn't record, in function 3
    fresh_test.go:61: ../oracle/testdata/utf8_view.a: a write lowering didn't record, in function 3
    fresh_test.go:61: ../oracle/testdata/utf8_view.a: a write lowering didn't record, in function 3
    fresh_test.go:61: ../oracle/testdata/utf8_view.a: a write lowering didn't record, in function 6
    fresh_test.go:61: ../oracle/testdata/utf8_view.a: a write lowering didn't record, in function 6
    fresh_test.go:61: ../oracle/testdata/utf8_view.a: a write lowering didn't record, in function 6
    fresh_test.go:61: ../oracle/testdata/visits.a: a write lowering didn't record, in function 27
    fresh_test.go:61: ../oracle/testdata/visits.a: a write lowering didn't record, in function 27
    fresh_test.go:61: ../oracle/testdata/visits.a: a write lowering didn't record, in function 27
    fresh_test.go:61: ../oracle/testdata/visits.a: a write lowering didn't record, in function 30
    fresh_test.go:61: ../oracle/testdata/visits.a: a write lowering didn't record, in function 30
    fresh_test.go:61: ../oracle/testdata/visits.a: a write lowering didn't record, in function 30
    fresh_test.go:61: ../oracle/testdata/visits.a: a write lowering didn't record, in function 33
    fresh_test.go:61: ../oracle/testdata/visits.a: a write lowering didn't record, in function 33
    fresh_test.go:61: ../oracle/testdata/visits.a: a write lowering didn't record, in function 33
    fresh_test.go:61: ../oracle/testdata/walk.a: a write lowering didn't record, in function 4
    fresh_test.go:61: ../oracle/testdata/walk.a: a write lowering didn't record, in function 4
    fresh_test.go:61: ../oracle/testdata/walk.a: a write lowering didn't record, in function 4
    fresh_test.go:61: ../oracle/testdata/walk.a: a write lowering didn't record, in function 7
    fresh_test.go:61: ../oracle/testdata/walk.a: a write lowering didn't record, in function 7
    fresh_test.go:61: ../oracle/testdata/walk.a: a write lowering didn't record, in function 7
    fresh_test.go:61: ../oracle/testdata/weak_narrowed.a: a write lowering didn't record, in function 5
    fresh_test.go:61: ../oracle/testdata/weak_narrowed.a: a write lowering didn't record, in function 5
    fresh_test.go:61: ../oracle/testdata/weak_narrowed.a: a write lowering didn't record, in function 5
    fresh_test.go:61: ../oracle/testdata/weak_narrowed.a: a write lowering didn't record, in function 8
    fresh_test.go:61: ../oracle/testdata/weak_narrowed.a: a write lowering didn't record, in function 8
    fresh_test.go:61: ../oracle/testdata/weak_narrowed.a: a write lowering didn't record, in function 8
    fresh_test.go:61: ../oracle/testdata/weak_parent.a: a write lowering didn't record, in function 9
    fresh_test.go:61: ../oracle/testdata/weak_parent.a: a write lowering didn't record, in function 9
    fresh_test.go:61: ../oracle/testdata/weak_parent.a: a write lowering didn't record, in function 9
    fresh_test.go:61: ../oracle/testdata/weak_parent.a: a write lowering didn't record, in function 12
    fresh_test.go:61: ../oracle/testdata/weak_parent.a: a write lowering didn't record, in function 12
    fresh_test.go:61: ../oracle/testdata/weak_parent.a: a write lowering didn't record, in function 12
    fresh_test.go:61: ../oracle/testdata/writes_in_try.a: a write lowering didn't record, in function 5
    fresh_test.go:61: ../oracle/testdata/writes_in_try.a: a write lowering didn't record, in function 5
    fresh_test.go:61: ../oracle/testdata/writes_in_try.a: a write lowering didn't record, in function 5
    fresh_test.go:61: ../oracle/testdata/writes_in_try.a: a write lowering didn't record, in function 8
    fresh_test.go:61: ../oracle/testdata/writes_in_try.a: a write lowering didn't record, in function 8
    fresh_test.go:61: ../oracle/testdata/writes_in_try.a: a write lowering didn't record, in function 8
    fresh_test.go:61: ../flow/testdata/mutations.a: a write lowering didn't record, in function 15
    fresh_test.go:61: ../flow/testdata/mutations.a: a write lowering didn't record, in function 15
    fresh_test.go:61: ../flow/testdata/mutations.a: a write lowering didn't record, in function 15
    fresh_test.go:61: ../flow/testdata/mutations.a: a write lowering didn't record, in function 18
    fresh_test.go:61: ../flow/testdata/mutations.a: a write lowering didn't record, in function 18
    fresh_test.go:61: ../flow/testdata/mutations.a: a write lowering didn't record, in function 18
    fresh_test.go:65: 3397 writes in 760 programs, 3238 proven not to close a cycle
--- FAIL: TestEveryWriteIsRecordedAndKnown (317.85s)
FAIL
FAIL	github.com/system-inc/adamic/internal/fresh	317.902s
FAIL
