base	c	review/admission-corpus/witnesses/captured-loop.a	1791555294.721624	1791555294.770775	1
head	c	review/admission-corpus/witnesses/captured-loop.a	1791555294.772617	1791555294.818841	1
base	c	review/admission-corpus/witnesses/checked-view-boolean.a	1791555294.823611	1791555294.874168	0
head	c	review/admission-corpus/witnesses/checked-view-boolean.a	1791555294.875924	1791555294.927952	0
base	c	internal/flow/testdata/joins.a	1791555294.932090	1791555294.986770	0
head	c	internal/flow/testdata/joins.a	1791555294.988772	1791555295.047813	0
base	c	internal/flow/testdata/mutations.a	1791555295.052846	1791555295.128564	0
head	c	internal/flow/testdata/mutations.a	1791555295.130429	1791555295.199985	0
base	c	internal/load/testdata/0.1/compile/01_hello.ts	1791555295.204385	1791555295.256121	0
head	c	internal/load/testdata/0.1/compile/01_hello.ts	1791555295.258761	1791555295.308691	0
base	c	internal/load/testdata/0.1/compile/02_fizzbuzz.ts	1791555295.312766	1791555295.364642	0
head	c	internal/load/testdata/0.1/compile/02_fizzbuzz.ts	1791555295.366415	1791555295.417425	0
base	c	internal/load/testdata/0.1/compile/03_shapes.ts	1791555295.422755	1791555295.475917	0
head	c	internal/load/testdata/0.1/compile/03_shapes.ts	1791555295.477753	1791555295.533978	0
base	c	internal/load/testdata/0.1/compile/04_closures.ts	1791555295.538028	1791555295.590866	0
head	c	internal/load/testdata/0.1/compile/04_closures.ts	1791555295.592846	1791555295.646588	0
base	c	internal/load/testdata/0.1/compile/05_wordcount.ts	1791555295.651318	1791555295.707377	0
head	c	internal/load/testdata/0.1/compile/05_wordcount.ts	1791555295.709762	1791555295.763060	0
base	c	internal/load/testdata/0.1/compile/06_stack.ts	1791555295.767301	1791555295.824253	0
head	c	internal/load/testdata/0.1/compile/06_stack.ts	1791555295.826747	1791555295.879858	0
base	c	internal/load/testdata/0.1/compile/07_modules/main.ts	1791555295.883995	1791555295.941882	0
head	c	internal/load/testdata/0.1/compile/07_modules/main.ts	1791555295.943668	1791555296.011778	0
base	c	internal/load/testdata/0.1/compile/08_results.ts	1791555296.017478	1791555296.070915	0
head	c	internal/load/testdata/0.1/compile/08_results.ts	1791555296.072697	1791555296.127771	0
base	c	internal/load/testdata/0.1/compile/09_tree.ts	1791555296.132112	1791555296.194667	0
head	c	internal/load/testdata/0.1/compile/09_tree.ts	1791555296.196362	1791555296.258240	0
base	c	internal/load/testdata/0.1/compile/10_unicode.ts	1791555296.262293	1791555296.314066	0
head	c	internal/load/testdata/0.1/compile/10_unicode.ts	1791555296.315952	1791555296.369442	0
base	c	internal/oracle/testdata/047cb0d_n_arrayindex.a	1791555296.373748	1791555296.425926	0
head	c	internal/oracle/testdata/047cb0d_n_arrayindex.a	1791555296.427778	1791555296.481103	0
base	c	internal/oracle/testdata/047cb0d_n_coalesce.a	1791555296.485328	1791555296.539727	0
head	c	internal/oracle/testdata/047cb0d_n_coalesce.a	1791555296.542243	1791555296.598411	0
base	c	internal/oracle/testdata/047cb0d_n_conditional.a	1791555296.603388	1791555296.658460	0
head	c	internal/oracle/testdata/047cb0d_n_conditional.a	1791555296.660474	1791555296.714810	0
base	c	internal/oracle/testdata/047cb0d_n_element.a	1791555296.720159	1791555296.775733	0
head	c	internal/oracle/testdata/047cb0d_n_element.a	1791555296.777558	1791555296.825751	0
base	c	internal/oracle/testdata/047cb0d_n_element_method.a	1791555296.829881	1791555296.881951	0
head	c	internal/oracle/testdata/047cb0d_n_element_method.a	1791555296.883971	1791555296.934159	0
base	c	internal/oracle/testdata/047cb0d_n_element_plain.a	1791555296.938322	1791555296.989747	0
head	c	internal/oracle/testdata/047cb0d_n_element_plain.a	1791555296.992371	1791555297.045833	0
base	c	internal/oracle/testdata/047cb0d_n_numparam.a	1791555297.050027	1791555297.102165	0
head	c	internal/oracle/testdata/047cb0d_n_numparam.a	1791555297.103995	1791555297.154953	0
base	c	internal/oracle/testdata/047cb0d_n_optional.a	1791555297.159623	1791555297.209873	0
head	c	internal/oracle/testdata/047cb0d_n_optional.a	1791555297.211819	1791555297.259010	0
base	c	internal/oracle/testdata/047cb0d_n_param.a	1791555297.263219	1791555297.315517	0
head	c	internal/oracle/testdata/047cb0d_n_param.a	1791555297.317383	1791555297.372454	0
base	c	internal/oracle/testdata/047cb0d_n_paren.a	1791555297.376704	1791555297.428852	0
head	c	internal/oracle/testdata/047cb0d_n_paren.a	1791555297.430521	1791555297.481797	0
base	c	internal/oracle/testdata/047cb0d_n_template.a	1791555297.485887	1791555297.538557	0
head	c	internal/oracle/testdata/047cb0d_n_template.a	1791555297.540552	1791555297.592018	0
base	c	internal/oracle/testdata/047cb0d_n_typeof.a	1791555297.596341	1791555297.644102	0
head	c	internal/oracle/testdata/047cb0d_n_typeof.a	1791555297.645901	1791555297.696583	0
base	c	internal/oracle/testdata/93122fa_s1.a	1791555297.700752	1791555297.749919	0
head	c	internal/oracle/testdata/93122fa_s1.a	1791555297.751745	1791555297.802273	0
base	c	internal/oracle/testdata/93122fa_s2.a	1791555297.806234	1791555297.858729	0
head	c	internal/oracle/testdata/93122fa_s2.a	1791555297.860460	1791555297.912701	0
base	c	internal/oracle/testdata/adversarial_exits.a	1791555297.917421	1791555297.970527	0
head	c	internal/oracle/testdata/adversarial_exits.a	1791555297.972438	1791555298.034514	0
base	c	internal/oracle/testdata/adversarial_iteration.a	1791555298.039252	1791555298.096140	0
head	c	internal/oracle/testdata/adversarial_iteration.a	1791555298.098113	1791555298.154615	0
base	c	internal/oracle/testdata/adversarial_order.a	1791555298.158926	1791555298.223602	0
head	c	internal/oracle/testdata/adversarial_order.a	1791555298.225271	1791555298.289860	0
base	c	internal/oracle/testdata/arguments.a	1791555298.293862	1791555298.346382	0
head	c	internal/oracle/testdata/arguments.a	1791555298.349048	1791555298.401589	0
base	c	internal/oracle/testdata/arguments_length.a	1791555298.405788	1791555298.458959	0
head	c	internal/oracle/testdata/arguments_length.a	1791555298.461559	1791555298.517392	0
base	c	internal/oracle/testdata/arguments_length_callbacks.a	1791555298.521729	1791555298.583258	0
head	c	internal/oracle/testdata/arguments_length_callbacks.a	1791555298.584934	1791555298.641824	0
base	c	internal/oracle/testdata/arguments_length_extended.a	1791555298.646283	1791555298.710783	0
head	c	internal/oracle/testdata/arguments_length_extended.a	1791555298.712732	1791555298.771535	0
base	c	internal/oracle/testdata/arguments_length_method.a	1791555298.775559	1791555298.828899	0
head	c	internal/oracle/testdata/arguments_length_method.a	1791555298.830697	1791555298.888088	0
base	c	internal/oracle/testdata/arguments_length_no_reader.a	1791555298.892934	1791555298.948476	0
head	c	internal/oracle/testdata/arguments_length_no_reader.a	1791555298.950431	1791555299.012558	0
base	c	internal/oracle/testdata/arguments_length_reduce_left.a	1791555299.016953	1791555299.076444	0
head	c	internal/oracle/testdata/arguments_length_reduce_left.a	1791555299.078296	1791555299.129991	0
base	c	internal/oracle/testdata/arguments_length_spread.a	1791555299.134141	1791555299.194243	0
head	c	internal/oracle/testdata/arguments_length_spread.a	1791555299.196062	1791555299.251396	0
base	c	internal/oracle/testdata/arguments_length_static.a	1791555299.255619	1791555299.311981	0
head	c	internal/oracle/testdata/arguments_length_static.a	1791555299.313856	1791555299.362966	0
base	c	internal/oracle/testdata/arguments_length_static_constructor.a	1791555299.367382	1791555299.429293	0
head	c	internal/oracle/testdata/arguments_length_static_constructor.a	1791555299.431577	1791555299.487506	0
base	c	internal/oracle/testdata/arguments_length_unrelated_type.a	1791555299.491940	1791555299.546222	0
head	c	internal/oracle/testdata/arguments_length_unrelated_type.a	1791555299.548087	1791555299.613894	0
base	c	internal/oracle/testdata/arguments_length_value.a	1791555299.618446	1791555299.673511	0
head	c	internal/oracle/testdata/arguments_length_value.a	1791555299.675394	1791555299.729879	0
base	c	internal/oracle/testdata/arguments_length_value_count.a	1791555299.734588	1791555299.788691	0
head	c	internal/oracle/testdata/arguments_length_value_count.a	1791555299.790673	1791555299.841603	0
base	c	internal/oracle/testdata/array_from.a	1791555299.845864	1791555299.902968	0
head	c	internal/oracle/testdata/array_from.a	1791555299.904882	1791555299.962272	0
base	c	internal/oracle/testdata/array_from_length.a	1791555299.966571	1791555300.020235	0
head	c	internal/oracle/testdata/array_from_length.a	1791555300.022256	1791555300.072326	0
base	c	internal/oracle/testdata/array_from_undefined.a	1791555300.077365	1791555300.132987	0
head	c	internal/oracle/testdata/array_from_undefined.a	1791555300.134779	1791555300.188251	0
base	c	internal/oracle/testdata/array_literal_empty_first.a	1791555300.192332	1791555300.243761	0
head	c	internal/oracle/testdata/array_literal_empty_first.a	1791555300.245468	1791555300.297574	0
base	c	internal/oracle/testdata/array_literal_empty_last.a	1791555300.301683	1791555300.358413	0
head	c	internal/oracle/testdata/array_literal_empty_last.a	1791555300.360671	1791555300.412653	0
base	c	internal/oracle/testdata/array_literal_empty_typed.a	1791555300.416950	1791555300.472604	0
head	c	internal/oracle/testdata/array_literal_empty_typed.a	1791555300.474336	1791555300.527831	0
base	c	internal/oracle/testdata/array_literal_empty_union.a	1791555300.532299	1791555300.589781	0
head	c	internal/oracle/testdata/array_literal_empty_union.a	1791555300.591735	1791555300.643596	0
base	c	internal/oracle/testdata/ascii_scan.a	1791555300.647882	1791555300.702162	0
head	c	internal/oracle/testdata/ascii_scan.a	1791555300.704063	1791555300.758127	0
base	c	internal/oracle/testdata/bitwise.a	1791555300.762477	1791555300.817253	0
head	c	internal/oracle/testdata/bitwise.a	1791555300.818997	1791555300.871225	0
base	c	internal/oracle/testdata/bitwise_sweep.a	1791555300.875333	1791555300.938811	0
head	c	internal/oracle/testdata/bitwise_sweep.a	1791555300.940506	1791555301.004713	0
base	c	internal/oracle/testdata/booleans.a	1791555301.009225	1791555301.061746	0
head	c	internal/oracle/testdata/booleans.a	1791555301.063545	1791555301.117056	0
base	c	internal/oracle/testdata/borrow_chain_argument.a	1791555301.121295	1791555301.172392	0
head	c	internal/oracle/testdata/borrow_chain_argument.a	1791555301.174162	1791555301.226921	0
base	c	internal/oracle/testdata/borrow_chain_capture.a	1791555301.231073	1791555301.283039	0
head	c	internal/oracle/testdata/borrow_chain_capture.a	1791555301.285019	1791555301.337605	0
base	c	internal/oracle/testdata/borrow_chain_coverage_bounded.a	1791555301.342022	1791555301.397628	0
head	c	internal/oracle/testdata/borrow_chain_coverage_bounded.a	1791555301.399317	1791555301.450867	0
base	c	internal/oracle/testdata/borrow_chain_coverage_callbacks.a	1791555301.455053	1791555301.510777	0
head	c	internal/oracle/testdata/borrow_chain_coverage_callbacks.a	1791555301.512463	1791555301.568877	0
base	c	internal/oracle/testdata/borrow_chain_coverage_depths.a	1791555301.573101	1791555301.626747	0
head	c	internal/oracle/testdata/borrow_chain_coverage_depths.a	1791555301.628720	1791555301.682818	0
base	c	internal/oracle/testdata/borrow_chain_coverage_exclusions.a	1791555301.687089	1791555301.747074	0
head	c	internal/oracle/testdata/borrow_chain_coverage_exclusions.a	1791555301.748851	1791555301.807957	0
base	c	internal/oracle/testdata/borrow_chain_coverage_finally.a	1791555301.812116	1791555301.865599	0
head	c	internal/oracle/testdata/borrow_chain_coverage_finally.a	1791555301.867417	1791555301.923276	0
base	c	internal/oracle/testdata/borrow_chain_coverage_guards.a	1791555301.928076	1791555301.984715	0
head	c	internal/oracle/testdata/borrow_chain_coverage_guards.a	1791555301.986662	1791555302.044688	0
base	c	internal/oracle/testdata/borrow_chain_coverage_method.a	1791555302.050072	1791555302.104325	0
head	c	internal/oracle/testdata/borrow_chain_coverage_method.a	1791555302.106888	1791555302.159841	0
base	c	internal/oracle/testdata/borrow_chain_coverage_parents.a	1791555302.164328	1791555302.228963	0
head	c	internal/oracle/testdata/borrow_chain_coverage_parents.a	1791555302.230704	1791555302.291132	0
base	c	internal/oracle/testdata/borrow_chain_coverage_return.a	1791555302.295723	1791555302.350702	0
head	c	internal/oracle/testdata/borrow_chain_coverage_return.a	1791555302.352616	1791555302.408540	0
base	c	internal/oracle/testdata/borrow_chain_coverage_scope.a	1791555302.413404	1791555302.468388	0
head	c	internal/oracle/testdata/borrow_chain_coverage_scope.a	1791555302.470057	1791555302.522536	0
base	c	internal/oracle/testdata/borrow_chain_coverage_spread.a	1791555302.526785	1791555302.580796	0
head	c	internal/oracle/testdata/borrow_chain_coverage_spread.a	1791555302.582493	1791555302.635886	0
base	c	internal/oracle/testdata/borrow_chain_coverage_values.a	1791555302.640350	1791555302.695383	0
head	c	internal/oracle/testdata/borrow_chain_coverage_values.a	1791555302.697290	1791555302.752376	0
base	c	internal/oracle/testdata/borrow_chain_listener.a	1791555302.756774	1791555302.809168	0
head	c	internal/oracle/testdata/borrow_chain_listener.a	1791555302.810947	1791555302.864018	0
base	c	internal/oracle/testdata/borrow_chain_override.a	1791555302.868346	1791555302.921902	0
head	c	internal/oracle/testdata/borrow_chain_override.a	1791555302.923993	1791555302.976899	0
base	c	internal/oracle/testdata/borrow_chain_reassigned.a	1791555302.981825	1791555303.039292	0
head	c	internal/oracle/testdata/borrow_chain_reassigned.a	1791555303.041290	1791555303.094789	0
base	c	internal/oracle/testdata/borrow_chain_store.a	1791555303.099062	1791555303.154704	0
head	c	internal/oracle/testdata/borrow_chain_store.a	1791555303.156704	1791555303.212113	0
base	c	internal/oracle/testdata/borrow_chain_unknown.a	1791555303.216564	1791555303.270285	0
head	c	internal/oracle/testdata/borrow_chain_unknown.a	1791555303.272096	1791555303.323817	0
base	c	internal/oracle/testdata/borrow_chain_walk.a	1791555303.328386	1791555303.384282	0
head	c	internal/oracle/testdata/borrow_chain_walk.a	1791555303.385929	1791555303.445036	0
base	c	internal/oracle/testdata/borrow_chain_write.a	1791555303.449356	1791555303.502836	0
head	c	internal/oracle/testdata/borrow_chain_write.a	1791555303.505473	1791555303.558408	0
base	c	internal/oracle/testdata/borrow_defined_lent.a	1791555303.563154	1791555303.613425	0
head	c	internal/oracle/testdata/borrow_defined_lent.a	1791555303.615043	1791555303.670224	0
base	c	internal/oracle/testdata/borrow_defined_lent_field.a	1791555303.674364	1791555303.726261	0
head	c	internal/oracle/testdata/borrow_defined_lent_field.a	1791555303.728432	1791555303.777013	0
base	c	internal/oracle/testdata/borrow_element.a	1791555303.781383	1791555303.847285	0
head	c	internal/oracle/testdata/borrow_element.a	1791555303.849260	1791555303.912882	0
base	c	internal/oracle/testdata/borrow_element_super_move.a	1791555303.917118	1791555303.967706	0
head	c	internal/oracle/testdata/borrow_element_super_move.a	1791555303.969892	1791555304.035172	0
base	c	internal/oracle/testdata/borrow_element_throw.a	1791555304.039623	1791555304.096294	0
head	c	internal/oracle/testdata/borrow_element_throw.a	1791555304.098307	1791555304.156862	0
base	c	internal/oracle/testdata/borrow_element_virtual_move.a	1791555304.161173	1791555304.216019	0
head	c	internal/oracle/testdata/borrow_element_virtual_move.a	1791555304.217822	1791555304.268809	0
base	c	internal/oracle/testdata/borrow_element_virtual_store.a	1791555304.273320	1791555304.326893	0
head	c	internal/oracle/testdata/borrow_element_virtual_store.a	1791555304.328847	1791555304.381112	0
base	c	internal/oracle/testdata/borrow_global_call.a	1791555304.385402	1791555304.439294	0
head	c	internal/oracle/testdata/borrow_global_call.a	1791555304.441129	1791555304.495349	0
base	c	internal/oracle/testdata/borrow_loop.a	1791555304.499572	1791555304.560056	0
head	c	internal/oracle/testdata/borrow_loop.a	1791555304.561956	1791555304.629418	0
base	c	internal/oracle/testdata/borrow_loop_calls.a	1791555304.634043	1791555304.706507	0
head	c	internal/oracle/testdata/borrow_loop_calls.a	1791555304.708376	1791555304.778228	0
base	c	internal/oracle/testdata/borrow_map_overwrite.a	1791555304.782703	1791555304.839969	0
head	c	internal/oracle/testdata/borrow_map_overwrite.a	1791555304.841769	1791555304.894100	0
base	c	internal/oracle/testdata/borrow_reassigned.a	1791555304.898257	1791555304.950378	0
head	c	internal/oracle/testdata/borrow_reassigned.a	1791555304.952130	1791555305.003099	0
base	c	internal/oracle/testdata/call_targets_closure.a	1791555305.007308	1791555305.061478	0
head	c	internal/oracle/testdata/call_targets_closure.a	1791555305.063322	1791555305.116120	0
base	c	internal/oracle/testdata/call_targets_element.a	1791555305.120301	1791555305.179392	0
head	c	internal/oracle/testdata/call_targets_element.a	1791555305.181316	1791555305.241386	0
base	c	internal/oracle/testdata/call_targets_region.a	1791555305.245797	1791555305.299452	0
head	c	internal/oracle/testdata/call_targets_region.a	1791555305.301235	1791555305.353414	0
base	c	internal/oracle/testdata/call_targets_reuse.a	1791555305.357559	1791555305.408404	0
head	c	internal/oracle/testdata/call_targets_reuse.a	1791555305.410062	1791555305.464154	0
base	c	internal/oracle/testdata/call_targets_sort.a	1791555305.468437	1791555305.523869	0
head	c	internal/oracle/testdata/call_targets_sort.a	1791555305.525680	1791555305.578049	0
base	c	internal/oracle/testdata/case_mapping.a	1791555305.582483	1791555305.637546	0
head	c	internal/oracle/testdata/case_mapping.a	1791555305.639449	1791555305.693447	0
base	c	internal/oracle/testdata/cast_class.a	1791555305.697641	1791555305.761325	0
head	c	internal/oracle/testdata/cast_class.a	1791555305.763133	1791555305.824981	0
base	c	internal/oracle/testdata/cast_class_fails.a	1791555305.829242	1791555305.884547	0
head	c	internal/oracle/testdata/cast_class_fails.a	1791555305.886356	1791555305.941989	0
base	c	internal/oracle/testdata/cast_class_generic_fails.a	1791555305.945909	1791555306.002264	0
head	c	internal/oracle/testdata/cast_class_generic_fails.a	1791555306.004102	1791555306.056897	0
base	c	internal/oracle/testdata/cast_class_union_fails.a	1791555306.061031	1791555306.114414	0
head	c	internal/oracle/testdata/cast_class_union_fails.a	1791555306.116521	1791555306.169824	0
base	c	internal/oracle/testdata/cast_enum_const.a	1791555306.175518	1791555306.232260	0
head	c	internal/oracle/testdata/cast_enum_const.a	1791555306.234412	1791555306.289454	0
base	c	internal/oracle/testdata/cast_enum_const_numeric_fails.a	1791555306.295229	1791555306.348514	0
head	c	internal/oracle/testdata/cast_enum_const_numeric_fails.a	1791555306.350389	1791555306.403657	0
base	c	internal/oracle/testdata/cast_enum_const_string_fails.a	1791555306.409068	1791555306.463465	0
head	c	internal/oracle/testdata/cast_enum_const_string_fails.a	1791555306.465967	1791555306.521096	0
base	c	internal/oracle/testdata/cast_enum_numeric.a	1791555306.526561	1791555306.584999	0
head	c	internal/oracle/testdata/cast_enum_numeric.a	1791555306.586933	1791555306.642906	0
base	c	internal/oracle/testdata/cast_enum_numeric_fails.a	1791555306.647149	1791555306.703598	0
head	c	internal/oracle/testdata/cast_enum_numeric_fails.a	1791555306.706117	1791555306.759533	0
base	c	internal/oracle/testdata/cast_enum_string.a	1791555306.763708	1791555306.820758	0
head	c	internal/oracle/testdata/cast_enum_string.a	1791555306.822816	1791555306.877125	0
base	c	internal/oracle/testdata/cast_enum_string_fails.a	1791555306.881990	1791555306.933515	0
head	c	internal/oracle/testdata/cast_enum_string_fails.a	1791555306.935253	1791555306.995660	0
base	c	internal/oracle/testdata/cast_fails.a	1791555307.000390	1791555307.052927	0
head	c	internal/oracle/testdata/cast_fails.a	1791555307.054855	1791555307.106711	0
base	c	internal/oracle/testdata/cast_operand_once.a	1791555307.110947	1791555307.163107	0
head	c	internal/oracle/testdata/cast_operand_once.a	1791555307.165043	1791555307.217782	0
base	c	internal/oracle/testdata/cast_subunion_const_numeric_fails.a	1791555307.221723	1791555307.271041	0
head	c	internal/oracle/testdata/cast_subunion_const_numeric_fails.a	1791555307.273006	1791555307.325496	0
base	c	internal/oracle/testdata/cast_subunion_const_string_fails.a	1791555307.330474	1791555307.384588	0
head	c	internal/oracle/testdata/cast_subunion_const_string_fails.a	1791555307.386577	1791555307.439637	0
base	c	internal/oracle/testdata/cast_subunion_fails.a	1791555307.443841	1791555307.496444	0
head	c	internal/oracle/testdata/cast_subunion_fails.a	1791555307.498244	1791555307.552108	0
base	c	internal/oracle/testdata/cast_subunion_string_fails.a	1791555307.556332	1791555307.608609	0
head	c	internal/oracle/testdata/cast_subunion_string_fails.a	1791555307.610442	1791555307.664632	0
base	c	internal/oracle/testdata/casts.a	1791555307.668912	1791555307.726254	0
head	c	internal/oracle/testdata/casts.a	1791555307.728022	1791555307.782856	0
base	c	internal/oracle/testdata/census_append_overload.a	1791555307.786975	1791555307.845430	0
head	c	internal/oracle/testdata/census_append_overload.a	1791555307.847098	1791555307.898767	0
base	c	internal/oracle/testdata/census_boolean_dead_branch.a	1791555307.903222	1791555307.955020	0
head	c	internal/oracle/testdata/census_boolean_dead_branch.a	1791555307.956901	1791555308.010004	0
base	c	internal/oracle/testdata/census_boolean_negation.a	1791555308.014638	1791555308.067825	0
head	c	internal/oracle/testdata/census_boolean_negation.a	1791555308.069589	1791555308.120941	0
base	c	internal/oracle/testdata/census_boolean_operators.a	1791555308.125163	1791555308.183099	0
head	c	internal/oracle/testdata/census_boolean_operators.a	1791555308.184912	1791555308.241250	0
base	c	internal/oracle/testdata/census_boolean_sieve.a	1791555308.245487	1791555308.297020	0
head	c	internal/oracle/testdata/census_boolean_sieve.a	1791555308.298886	1791555308.351214	0
base	c	internal/oracle/testdata/census_never_rest_marker.a	1791555308.355290	1791555308.413630	0
head	c	internal/oracle/testdata/census_never_rest_marker.a	1791555308.415410	1791555308.469435	0
base	c	internal/oracle/testdata/census_optional_values_forms.a	1791555308.473545	1791555308.536982	0
head	c	internal/oracle/testdata/census_optional_values_forms.a	1791555308.538983	1791555308.598642	0
base	c	internal/oracle/testdata/census_optional_values_padding.a	1791555308.603294	1791555308.665262	0
head	c	internal/oracle/testdata/census_optional_values_padding.a	1791555308.667442	1791555308.729786	0
base	c	internal/oracle/testdata/census_optional_values_receivers.a	1791555308.734125	1791555308.790839	0
head	c	internal/oracle/testdata/census_optional_values_receivers.a	1791555308.792697	1791555308.849000	0
base	c	internal/oracle/testdata/census_optional_values_system.a	1791555308.853266	1791555308.910486	0
head	c	internal/oracle/testdata/census_optional_values_system.a	1791555308.912524	1791555308.967585	0
base	c	internal/oracle/testdata/census_overload_binders.a	1791555308.973209	1791555309.031034	0
head	c	internal/oracle/testdata/census_overload_binders.a	1791555309.032857	1791555309.091002	0
base	c	internal/oracle/testdata/census_overload_contracts.a	1791555309.095025	1791555309.151010	0
head	c	internal/oracle/testdata/census_overload_contracts.a	1791555309.153093	1791555309.208600	0
base	c	internal/oracle/testdata/census_overload_lie.a	1791555309.213090	1791555309.264846	0
head	c	internal/oracle/testdata/census_overload_lie.a	1791555309.266861	1791555309.316914	0
base	c	internal/oracle/testdata/census_predicate_marker.a	1791555309.321553	1791555309.375625	0
head	c	internal/oracle/testdata/census_predicate_marker.a	1791555309.377557	1791555309.428865	0
base	c	internal/oracle/testdata/census_predicate_marker_live.a	1791555309.433283	1791555309.488646	0
head	c	internal/oracle/testdata/census_predicate_marker_live.a	1791555309.490309	1791555309.543314	0
base	c	internal/oracle/testdata/census_small_boolean.a	1791555309.547408	1791555309.608520	0
head	c	internal/oracle/testdata/census_small_boolean.a	1791555309.610937	1791555309.671946	0
base	c	internal/oracle/testdata/census_small_overload.a	1791555309.676588	1791555309.734789	0
head	c	internal/oracle/testdata/census_small_overload.a	1791555309.737145	1791555309.788418	0
base	c	internal/oracle/testdata/census_small_rest.a	1791555309.794407	1791555309.847241	0
head	c	internal/oracle/testdata/census_small_rest.a	1791555309.849129	1791555309.905517	0
base	c	internal/oracle/testdata/census_unary_numeric.a	1791555309.909991	1791555309.968613	0
head	c	internal/oracle/testdata/census_unary_numeric.a	1791555309.970434	1791555310.026950	0
base	c	internal/oracle/testdata/census_unary_truthiness.a	1791555310.032392	1791555310.088325	0
head	c	internal/oracle/testdata/census_unary_truthiness.a	1791555310.090102	1791555310.147592	0
base	c	internal/oracle/testdata/class_as_interface.a	1791555310.152128	1791555310.250220	0
head	c	internal/oracle/testdata/class_as_interface.a	1791555310.252231	1791555310.346520	0
base	c	internal/oracle/testdata/class_features_accessors.a	1791555310.350803	1791555310.416066	0
head	c	internal/oracle/testdata/class_features_accessors.a	1791555310.417823	1791555310.480163	0
base	c	internal/oracle/testdata/class_features_distinct.a	1791555310.484604	1791555310.543558	0
head	c	internal/oracle/testdata/class_features_distinct.a	1791555310.545227	1791555310.602541	0
base	c	internal/oracle/testdata/class_features_private.a	1791555310.607343	1791555310.670082	0
head	c	internal/oracle/testdata/class_features_private.a	1791555310.672016	1791555310.732797	0
base	c	internal/oracle/testdata/class_features_retained.a	1791555310.737883	1791555310.800554	0
head	c	internal/oracle/testdata/class_features_retained.a	1791555310.802352	1791555310.860355	0
base	c	internal/oracle/testdata/class_features_static.a	1791555310.864400	1791555310.940992	0
head	c	internal/oracle/testdata/class_features_static.a	1791555310.942818	1791555311.024740	0
base	c	internal/oracle/testdata/class_features_static_private.a	1791555311.029231	1791555311.089119	0
head	c	internal/oracle/testdata/class_features_static_private.a	1791555311.091011	1791555311.150642	0
base	c	internal/oracle/testdata/class_features_twice.a	1791555311.155033	1791555311.208538	0
head	c	internal/oracle/testdata/class_features_twice.a	1791555311.210924	1791555311.265270	0
base	c	internal/oracle/testdata/class_identity.a	1791555311.269962	1791555311.323435	0
head	c	internal/oracle/testdata/class_identity.a	1791555311.325291	1791555311.375310	0
base	c	internal/oracle/testdata/class_inheritance.a	1791555311.379537	1791555311.443586	0
head	c	internal/oracle/testdata/class_inheritance.a	1791555311.445245	1791555311.506157	0
base	c	internal/oracle/testdata/class_inheritance_conditional.a	1791555311.510241	1791555311.602978	0
head	c	internal/oracle/testdata/class_inheritance_conditional.a	1791555311.604728	1791555311.699003	0
base	c	internal/oracle/testdata/class_inheritance_exceptions.a	1791555311.703159	1791555311.757021	0
head	c	internal/oracle/testdata/class_inheritance_exceptions.a	1791555311.758977	1791555311.812964	0
base	c	internal/oracle/testdata/class_inheritance_generic.a	1791555311.818024	1791555311.926849	0
head	c	internal/oracle/testdata/class_inheritance_generic.a	1791555311.928912	1791555312.035867	0
base	c	internal/oracle/testdata/class_inheritance_interface.a	1791555312.040329	1791555312.091514	0
head	c	internal/oracle/testdata/class_inheritance_interface.a	1791555312.093405	1791555312.146953	0
base	c	internal/oracle/testdata/class_inheritance_memory.a	1791555312.151229	1791555312.205677	0
head	c	internal/oracle/testdata/class_inheritance_memory.a	1791555312.207384	1791555312.262642	0
base	c	internal/oracle/testdata/class_inheritance_order.a	1791555312.266538	1791555312.318783	0
head	c	internal/oracle/testdata/class_inheritance_order.a	1791555312.320617	1791555312.372987	0
base	c	internal/oracle/testdata/class_instance_key_consume.a	1791555312.377265	1791555312.432133	0
head	c	internal/oracle/testdata/class_instance_key_consume.a	1791555312.433955	1791555312.486379	0
base	c	internal/oracle/testdata/class_instance_key_region.a	1791555312.490678	1791555312.545868	0
head	c	internal/oracle/testdata/class_instance_key_region.a	1791555312.547636	1791555312.600447	0
base	c	internal/oracle/testdata/class_instance_key_region_alias.a	1791555312.604581	1791555312.657233	0
head	c	internal/oracle/testdata/class_instance_key_region_alias.a	1791555312.659102	1791555312.711075	0
base	c	internal/oracle/testdata/class_instance_key_throw.a	1791555312.715177	1791555312.768050	0
head	c	internal/oracle/testdata/class_instance_key_throw.a	1791555312.769791	1791555312.821609	0
base	c	internal/oracle/testdata/class_layouts.a	1791555312.825776	1791555312.889791	0
head	c	internal/oracle/testdata/class_layouts.a	1791555312.891709	1791555312.958720	0
base	c	internal/oracle/testdata/class_oct6_deep.a	1791555312.963365	1791555313.022644	0
head	c	internal/oracle/testdata/class_oct6_deep.a	1791555313.024611	1791555313.082278	0
base	c	internal/oracle/testdata/class_oct6_parameters.a	1791555313.088232	1791555313.145436	0
head	c	internal/oracle/testdata/class_oct6_parameters.a	1791555313.147159	1791555313.207595	0
base	c	internal/oracle/testdata/class_oct6_release.a	1791555313.213416	1791555313.273427	0
head	c	internal/oracle/testdata/class_oct6_release.a	1791555313.276088	1791555313.336040	0
base	c	internal/oracle/testdata/class_oct6_subclass_holder.a	1791555313.340601	1791555313.405611	0
head	c	internal/oracle/testdata/class_oct6_subclass_holder.a	1791555313.407552	1791555313.466627	0
base	c	internal/oracle/testdata/class_private_generic.a	1791555313.471094	1791555313.546751	0
head	c	internal/oracle/testdata/class_private_generic.a	1791555313.548547	1791555313.612695	0
base	c	internal/oracle/testdata/class_private_members.a	1791555313.616731	1791555313.677283	0
head	c	internal/oracle/testdata/class_private_members.a	1791555313.679091	1791555313.740759	0
base	c	internal/oracle/testdata/class_super_closure.a	1791555313.745356	1791555313.799772	0
head	c	internal/oracle/testdata/class_super_closure.a	1791555313.801740	1791555313.856541	0
base	c	internal/oracle/testdata/classes.a	1791555313.860541	1791555313.916289	0
head	c	internal/oracle/testdata/classes.a	1791555313.917939	1791555313.980483	0
base	c	internal/oracle/testdata/clock_generic_returns_t_01.a	1791555313.984856	1791555314.037883	0
head	c	internal/oracle/testdata/clock_generic_returns_t_01.a	1791555314.040523	1791555314.092889	0
base	c	internal/oracle/testdata/closure_convention_host24.a	1791555314.097150	1791555314.116533	1
head	c	internal/oracle/testdata/closure_convention_host24.a	1791555314.118071	1791555314.137036	1
base	c	internal/oracle/testdata/closure_convention_nested.a	1791555314.141295	1791555314.194728	0
head	c	internal/oracle/testdata/closure_convention_nested.a	1791555314.196521	1791555314.250216	0
base	c	internal/oracle/testdata/closure_convention_plain.a	1791555314.254380	1791555314.306766	0
head	c	internal/oracle/testdata/closure_convention_plain.a	1791555314.308718	1791555314.360951	0
base	c	internal/oracle/testdata/closure_convention_receiver_rest.a	1791555314.365071	1791555314.415956	0
head	c	internal/oracle/testdata/closure_convention_receiver_rest.a	1791555314.418592	1791555314.467536	0
base	c	internal/oracle/testdata/closure_convention_regexp_count.a	1791555314.471970	1791555314.524935	0
head	c	internal/oracle/testdata/closure_convention_regexp_count.a	1791555314.526641	1791555314.580226	0
base	c	internal/oracle/testdata/closures.a	1791555314.584694	1791555314.645504	0
head	c	internal/oracle/testdata/closures.a	1791555314.647625	1791555314.702448	0
base	c	internal/oracle/testdata/closures_throw.a	1791555314.706689	1791555314.778166	0
head	c	internal/oracle/testdata/closures_throw.a	1791555314.780136	1791555314.849295	0
base	c	internal/oracle/testdata/closures_throw_uncaught.a	1791555314.854019	1791555314.909169	0
head	c	internal/oracle/testdata/closures_throw_uncaught.a	1791555314.910983	1791555314.960056	0
base	c	internal/oracle/testdata/collections.a	1791555314.965270	1791555315.046279	0
head	c	internal/oracle/testdata/collections.a	1791555315.048216	1791555315.128866	0
base	c	internal/oracle/testdata/concat_too_long.a	1791555315.133077	1791555315.183597	0
head	c	internal/oracle/testdata/concat_too_long.a	1791555315.185503	1791555315.233921	0
base	c	internal/oracle/testdata/conditions_array.a	1791555315.238106	1791555315.290648	0
head	c	internal/oracle/testdata/conditions_array.a	1791555315.292750	1791555315.341991	0
base	c	internal/oracle/testdata/conditions_evaluation.a	1791555315.346323	1791555315.398506	0
head	c	internal/oracle/testdata/conditions_evaluation.a	1791555315.400277	1791555315.453028	0
base	c	internal/oracle/testdata/conditions_function.a	1791555315.457226	1791555315.512664	0
head	c	internal/oracle/testdata/conditions_function.a	1791555315.514510	1791555315.566060	0
base	c	internal/oracle/testdata/conditions_ledger78.a	1791555315.570328	1791555315.716088	0
head	c	internal/oracle/testdata/conditions_ledger78.a	1791555315.718144	1791555315.860153	0
base	c	internal/oracle/testdata/conditions_null.a	1791555315.864606	1791555315.915596	0
head	c	internal/oracle/testdata/conditions_null.a	1791555315.917753	1791555315.964515	0
base	c	internal/oracle/testdata/conditions_number.a	1791555315.968955	1791555316.017000	0
head	c	internal/oracle/testdata/conditions_number.a	1791555316.018639	1791555316.065312	0
base	c	internal/oracle/testdata/conditions_object.a	1791555316.069910	1791555316.114369	0
head	c	internal/oracle/testdata/conditions_object.a	1791555316.116823	1791555316.162491	0
base	c	internal/oracle/testdata/conditions_optional_boolean.a	1791555316.166474	1791555316.215797	0
head	c	internal/oracle/testdata/conditions_optional_boolean.a	1791555316.217588	1791555316.266611	0
base	c	internal/oracle/testdata/conditions_optional_number.a	1791555316.270738	1791555316.322027	0
head	c	internal/oracle/testdata/conditions_optional_number.a	1791555316.323916	1791555316.368908	0
base	c	internal/oracle/testdata/conditions_optional_reference.a	1791555316.373217	1791555316.419748	0
head	c	internal/oracle/testdata/conditions_optional_reference.a	1791555316.421611	1791555316.472072	0
base	c	internal/oracle/testdata/conditions_optional_string.a	1791555316.476422	1791555316.522077	0
head	c	internal/oracle/testdata/conditions_optional_string.a	1791555316.523827	1791555316.568351	0
base	c	internal/oracle/testdata/conditions_sites.a	1791555316.572715	1791555316.623752	0
head	c	internal/oracle/testdata/conditions_sites.a	1791555316.625498	1791555316.670265	0
base	c	internal/oracle/testdata/conditions_string.a	1791555316.674892	1791555316.724674	0
head	c	internal/oracle/testdata/conditions_string.a	1791555316.726347	1791555316.773127	0
base	c	internal/oracle/testdata/conditions_union.a	1791555316.778298	1791555316.826959	0
head	c	internal/oracle/testdata/conditions_union.a	1791555316.828780	1791555316.879312	0
base	c	internal/oracle/testdata/dead_zone.a	1791555316.883451	1791555316.932994	0
head	c	internal/oracle/testdata/dead_zone.a	1791555316.934754	1791555316.980769	0
base	c	internal/oracle/testdata/debugger_fail.a	1791555316.984940	1791555317.031074	0
head	c	internal/oracle/testdata/debugger_fail.a	1791555317.033040	1791555317.079605	0
base	c	internal/oracle/testdata/declared_later.a	1791555317.083866	1791555317.148908	0
head	c	internal/oracle/testdata/declared_later.a	1791555317.150742	1791555317.215300	0
base	c	internal/oracle/testdata/defaults.a	1791555317.219453	1791555317.273079	0
head	c	internal/oracle/testdata/defaults.a	1791555317.274837	1791555317.330634	0
base	c	internal/oracle/testdata/devirt_borrow_doc_claim.a	1791555317.335162	1791555317.386705	0
head	c	internal/oracle/testdata/devirt_borrow_doc_claim.a	1791555317.388776	1791555317.441789	0
base	c	internal/oracle/testdata/devirtualize.a	1791555317.446019	1791555317.509517	0
head	c	internal/oracle/testdata/devirtualize.a	1791555317.511989	1791555317.565256	0
base	c	internal/oracle/testdata/devirtualize_abstract.a	1791555317.569721	1791555317.624167	0
head	c	internal/oracle/testdata/devirtualize_abstract.a	1791555317.626637	1791555317.678889	0
base	c	internal/oracle/testdata/devirtualize_accessors.a	1791555317.684158	1791555317.737126	0
head	c	internal/oracle/testdata/devirtualize_accessors.a	1791555317.738952	1791555317.793273	0
base	c	internal/oracle/testdata/devirtualize_factory.a	1791555317.797352	1791555317.850318	0
head	c	internal/oracle/testdata/devirtualize_factory.a	1791555317.852059	1791555317.903510	0
base	c	internal/oracle/testdata/devirtualize_function_field.a	1791555317.907812	1791555317.955005	0
head	c	internal/oracle/testdata/devirtualize_function_field.a	1791555317.956729	1791555318.019627	0
base	c	internal/oracle/testdata/devirtualize_generic.a	1791555318.024012	1791555318.079880	0
head	c	internal/oracle/testdata/devirtualize_generic.a	1791555318.081701	1791555318.129566	0
base	c	internal/oracle/testdata/devirtualize_interfaces.a	1791555318.134369	1791555318.189566	0
head	c	internal/oracle/testdata/devirtualize_interfaces.a	1791555318.191457	1791555318.243507	0
base	c	internal/oracle/testdata/devirtualize_receivers.a	1791555318.247850	1791555318.306457	0
head	c	internal/oracle/testdata/devirtualize_receivers.a	1791555318.308320	1791555318.361342	0
base	c	internal/oracle/testdata/doubly_linked.a	1791555318.365453	1791555318.429221	0
head	c	internal/oracle/testdata/doubly_linked.a	1791555318.431024	1791555318.493661	0
base	c	internal/oracle/testdata/e4eec87_f1_alias_narrowed.a	1791555318.497888	1791555318.548255	0
head	c	internal/oracle/testdata/e4eec87_f1_alias_narrowed.a	1791555318.550043	1791555318.600646	0
base	c	internal/oracle/testdata/e4eec87_f1_class_narrowed.a	1791555318.604955	1791555318.655000	0
head	c	internal/oracle/testdata/e4eec87_f1_class_narrowed.a	1791555318.656784	1791555318.706333	0
base	c	internal/oracle/testdata/e4eec87_f1_field_narrowed.a	1791555318.711584	1791555318.761690	0
head	c	internal/oracle/testdata/e4eec87_f1_field_narrowed.a	1791555318.763815	1791555318.811636	0
base	c	internal/oracle/testdata/e4eec87_f1_field_present.a	1791555318.815928	1791555318.862866	0
head	c	internal/oracle/testdata/e4eec87_f1_field_present.a	1791555318.864713	1791555318.915382	0
base	c	internal/oracle/testdata/e4eec87_f2_union_narrow_call.a	1791555318.919831	1791555318.970241	0
head	c	internal/oracle/testdata/e4eec87_f2_union_narrow_call.a	1791555318.972309	1791555319.028675	0
base	c	internal/oracle/testdata/e4eec87_f2b_union_narrow_number.a	1791555319.033087	1791555319.084004	0
head	c	internal/oracle/testdata/e4eec87_f2b_union_narrow_number.a	1791555319.085804	1791555319.133997	0
base	c	internal/oracle/testdata/e4eec87_u01_undefined_field_widened.a	1791555319.138309	1791555319.185493	0
head	c	internal/oracle/testdata/e4eec87_u01_undefined_field_widened.a	1791555319.187427	1791555319.233690	0
base	c	internal/oracle/testdata/e4eec87_u02_optional_absent.a	1791555319.237866	1791555319.287414	0
head	c	internal/oracle/testdata/e4eec87_u02_optional_absent.a	1791555319.289133	1791555319.339864	0
base	c	internal/oracle/testdata/e4eec87_u03_discriminated_undefined.a	1791555319.343898	1791555319.396473	0
head	c	internal/oracle/testdata/e4eec87_u03_discriminated_undefined.a	1791555319.398278	1791555319.450611	0
base	c	internal/oracle/testdata/effects.a	1791555319.454791	1791555319.504777	0
head	c	internal/oracle/testdata/effects.a	1791555319.506516	1791555319.561094	0
base	c	internal/oracle/testdata/element_access_boolean.a	1791555319.565547	1791555319.621850	0
head	c	internal/oracle/testdata/element_access_boolean.a	1791555319.623905	1791555319.677207	0
base	c	internal/oracle/testdata/element_access_optional.a	1791555319.682293	1791555319.739660	0
head	c	internal/oracle/testdata/element_access_optional.a	1791555319.741377	1791555319.797690	0
base	c	internal/oracle/testdata/element_access_presence.a	1791555319.801888	1791555319.854291	0
head	c	internal/oracle/testdata/element_access_presence.a	1791555319.856110	1791555319.904517	0
base	c	internal/oracle/testdata/element_access_reads.a	1791555319.908693	1791555319.966107	0
head	c	internal/oracle/testdata/element_access_reads.a	1791555319.967857	1791555320.027320	0
base	c	internal/oracle/testdata/element_access_tuple.a	1791555320.031463	1791555320.096231	0
head	c	internal/oracle/testdata/element_access_tuple.a	1791555320.098011	1791555320.150788	0
base	c	internal/oracle/testdata/empty-path.a	1791555320.156379	1791555320.205069	0
head	c	internal/oracle/testdata/empty-path.a	1791555320.206780	1791555320.252564	0
base	c	internal/oracle/testdata/entries_checked_boolean.a	1791555320.256862	1791555320.305882	0
head	c	internal/oracle/testdata/entries_checked_boolean.a	1791555320.307762	1791555320.356311	0
base	c	internal/oracle/testdata/entries_checked_boxed.a	1791555320.360484	1791555320.410638	0
head	c	internal/oracle/testdata/entries_checked_boxed.a	1791555320.412502	1791555320.463741	0
base	c	internal/oracle/testdata/entries_checked_fit.a	1791555320.468622	1791555320.518915	0
head	c	internal/oracle/testdata/entries_checked_fit.a	1791555320.520837	1791555320.571875	0
base	c	internal/oracle/testdata/entries_checked_literal.a	1791555320.576023	1791555320.627740	0
head	c	internal/oracle/testdata/entries_checked_literal.a	1791555320.629362	1791555320.681323	0
base	c	internal/oracle/testdata/entries_checked_misfit.a	1791555320.685351	1791555320.737604	0
head	c	internal/oracle/testdata/entries_checked_misfit.a	1791555320.739584	1791555320.789457	0
base	c	internal/oracle/testdata/entries_proven.a	1791555320.793401	1791555320.841024	0
head	c	internal/oracle/testdata/entries_proven.a	1791555320.843058	1791555320.894830	0
base	c	internal/oracle/testdata/entries_proven_import.a	1791555320.899086	1791555320.948983	0
head	c	internal/oracle/testdata/entries_proven_import.a	1791555320.950790	1791555321.003529	0
base	c	internal/oracle/testdata/entries_proven_import_source.a	1791555321.007788	1791555321.061368	0
head	c	internal/oracle/testdata/entries_proven_import_source.a	1791555321.063323	1791555321.118827	0
base	c	internal/oracle/testdata/entries_record_alias.a	1791555321.123024	1791555321.182666	0
head	c	internal/oracle/testdata/entries_record_alias.a	1791555321.185400	1791555321.246541	0
base	c	internal/oracle/testdata/entries_record_misfit.a	1791555321.250938	1791555321.306267	0
head	c	internal/oracle/testdata/entries_record_misfit.a	1791555321.309269	1791555321.362864	0
base	c	internal/oracle/testdata/entries_scanner.a	1791555321.367160	1791555321.422392	0
head	c	internal/oracle/testdata/entries_scanner.a	1791555321.424284	1791555321.474843	0
base	c	internal/oracle/testdata/enums.a	1791555321.479248	1791555321.541830	0
head	c	internal/oracle/testdata/enums.a	1791555321.543992	1791555321.605503	0
base	c	internal/oracle/testdata/enums_const.a	1791555321.610042	1791555321.661113	0
head	c	internal/oracle/testdata/enums_const.a	1791555321.662890	1791555321.712854	0
base	c	internal/oracle/testdata/enums_flags.a	1791555321.717084	1791555321.775350	0
head	c	internal/oracle/testdata/enums_flags.a	1791555321.777083	1791555321.833366	0
base	c	internal/oracle/testdata/enums_flags_never_default.a	1791555321.837320	1791555321.885102	0
head	c	internal/oracle/testdata/enums_flags_never_default.a	1791555321.886959	1791555321.940590	0
base	c	internal/oracle/testdata/enums_names.a	1791555321.944785	1791555321.994088	0
head	c	internal/oracle/testdata/enums_names.a	1791555321.996049	1791555322.046686	0
base	c	internal/oracle/testdata/enums_open.a	1791555322.051963	1791555322.113683	0
head	c	internal/oracle/testdata/enums_open.a	1791555322.115640	1791555322.172617	0
base	c	internal/oracle/testdata/enums_open_members.a	1791555322.177073	1791555322.230599	0
head	c	internal/oracle/testdata/enums_open_members.a	1791555322.232356	1791555322.285463	0
base	c	internal/oracle/testdata/enums_open_never.a	1791555322.290012	1791555322.340734	0
head	c	internal/oracle/testdata/enums_open_never.a	1791555322.342858	1791555322.392878	0
base	c	internal/oracle/testdata/enums_open_never_field.a	1791555322.397267	1791555322.444611	0
head	c	internal/oracle/testdata/enums_open_never_field.a	1791555322.447136	1791555322.496499	0
base	c	internal/oracle/testdata/enums_open_never_if.a	1791555322.501013	1791555322.551618	0
head	c	internal/oracle/testdata/enums_open_never_if.a	1791555322.553411	1791555322.602664	0
base	c	internal/oracle/testdata/enums_open_never_implicit.a	1791555322.608892	1791555322.660805	0
head	c	internal/oracle/testdata/enums_open_never_implicit.a	1791555322.662692	1791555322.714301	0
base	c	internal/oracle/testdata/enums_open_never_index.a	1791555322.719126	1791555322.771600	0
head	c	internal/oracle/testdata/enums_open_never_index.a	1791555322.773435	1791555322.824616	0
base	c	internal/oracle/testdata/enums_open_never_return.a	1791555322.828816	1791555322.880761	0
head	c	internal/oracle/testdata/enums_open_never_return.a	1791555322.882556	1791555322.934608	0
base	c	internal/oracle/testdata/enums_open_never_update.a	1791555322.938927	1791555322.991639	0
head	c	internal/oracle/testdata/enums_open_never_update.a	1791555322.993395	1791555323.043875	0
base	c	internal/oracle/testdata/exceptions.a	1791555323.048154	1791555323.110762	0
head	c	internal/oracle/testdata/exceptions.a	1791555323.112563	1791555323.174952	0
base	c	internal/oracle/testdata/exceptions_empty.a	1791555323.178993	1791555323.228510	0
head	c	internal/oracle/testdata/exceptions_empty.a	1791555323.230261	1791555323.282241	0
base	c	internal/oracle/testdata/exceptions_uncaught.a	1791555323.286336	1791555323.336481	0
head	c	internal/oracle/testdata/exceptions_uncaught.a	1791555323.338111	1791555323.385850	0
base	c	internal/oracle/testdata/fallthrough_exceptions.a	1791555323.392049	1791555323.446399	0
head	c	internal/oracle/testdata/fallthrough_exceptions.a	1791555323.448866	1791555323.502684	0
base	c	internal/oracle/testdata/fallthrough_labels.a	1791555323.508448	1791555323.559073	0
head	c	internal/oracle/testdata/fallthrough_labels.a	1791555323.560740	1791555323.610037	0
base	c	internal/oracle/testdata/fallthrough_nested.a	1791555323.614257	1791555323.664803	0
head	c	internal/oracle/testdata/fallthrough_nested.a	1791555323.666710	1791555323.721922	0
base	c	internal/oracle/testdata/fallthrough_ownership.a	1791555323.725878	1791555323.777767	0
head	c	internal/oracle/testdata/fallthrough_ownership.a	1791555323.779802	1791555323.835235	0
base	c	internal/oracle/testdata/fallthrough_probe.a	1791555323.839673	1791555323.893639	0
head	c	internal/oracle/testdata/fallthrough_probe.a	1791555323.895395	1791555323.950466	0
base	c	internal/oracle/testdata/field_access_paths.a	1791555323.956120	1791555324.013029	0
head	c	internal/oracle/testdata/field_access_paths.a	1791555324.015107	1791555324.072099	0
base	c	internal/oracle/testdata/field_write_paths.a	1791555324.076480	1791555324.135928	0
head	c	internal/oracle/testdata/field_write_paths.a	1791555324.137861	1791555324.197409	0
base	c	internal/oracle/testdata/fill_length.a	1791555324.201481	1791555324.252487	0
head	c	internal/oracle/testdata/fill_length.a	1791555324.254377	1791555324.304083	0
base	c	internal/oracle/testdata/fills.a	1791555324.308268	1791555324.359328	0
head	c	internal/oracle/testdata/fills.a	1791555324.361061	1791555324.414364	0
base	c	internal/oracle/testdata/finally_leaves.a	1791555324.418318	1791555324.481327	0
head	c	internal/oracle/testdata/finally_leaves.a	1791555324.482993	1791555324.538445	0
base	c	internal/oracle/testdata/find_index_shrinks.a	1791555324.542504	1791555324.591823	0
head	c	internal/oracle/testdata/find_index_shrinks.a	1791555324.593575	1791555324.644295	0
base	c	internal/oracle/testdata/find_shrinks.a	1791555324.648581	1791555324.699139	0
head	c	internal/oracle/testdata/find_shrinks.a	1791555324.700865	1791555324.754213	0
base	c	internal/oracle/testdata/fresh_calls.a	1791555324.758301	1791555324.825904	0
head	c	internal/oracle/testdata/fresh_calls.a	1791555324.827782	1791555324.888795	0
base	c	internal/oracle/testdata/fresh_parser.a	1791555324.892991	1791555324.961857	0
head	c	internal/oracle/testdata/fresh_parser.a	1791555324.963656	1791555325.032233	0
base	c	internal/oracle/testdata/fresh_writes.a	1791555325.037523	1791555325.115731	0
head	c	internal/oracle/testdata/fresh_writes.a	1791555325.117565	1791555325.193048	0
base	c	internal/oracle/testdata/from_code_point_fails.a	1791555325.197297	1791555325.245684	0
head	c	internal/oracle/testdata/from_code_point_fails.a	1791555325.247507	1791555325.296224	0
base	c	internal/oracle/testdata/from_codes.a	1791555325.300413	1791555325.349276	0
head	c	internal/oracle/testdata/from_codes.a	1791555325.351155	1791555325.405882	0
base	c	internal/oracle/testdata/function_values_array.a	1791555325.410370	1791555325.457158	0
head	c	internal/oracle/testdata/function_values_array.a	1791555325.459022	1791555325.508648	0
base	c	internal/oracle/testdata/function_values_boundary.a	1791555325.512653	1791555325.564367	0
head	c	internal/oracle/testdata/function_values_boundary.a	1791555325.566532	1791555325.620548	0
base	c	internal/oracle/testdata/function_values_chain.a	1791555325.624755	1791555325.677467	0
head	c	internal/oracle/testdata/function_values_chain.a	1791555325.679315	1791555325.727931	0
base	c	internal/oracle/testdata/function_values_diagnostic.a	1791555325.732373	1791555325.780918	0
head	c	internal/oracle/testdata/function_values_diagnostic.a	1791555325.782716	1791555325.831523	0
base	c	internal/oracle/testdata/function_values_options.a	1791555325.835549	1791555325.884352	0
head	c	internal/oracle/testdata/function_values_options.a	1791555325.886033	1791555325.938396	0
base	c	internal/oracle/testdata/function_values_return.a	1791555325.943573	1791555325.992469	0
head	c	internal/oracle/testdata/function_values_return.a	1791555325.994140	1791555326.047577	0
base	c	internal/oracle/testdata/function_values_signature.a	1791555326.051941	1791555326.104786	0
head	c	internal/oracle/testdata/function_values_signature.a	1791555326.106556	1791555326.155119	0
base	c	internal/oracle/testdata/functions.a	1791555326.159781	1791555326.210940	0
head	c	internal/oracle/testdata/functions.a	1791555326.212833	1791555326.259072	0
base	c	internal/oracle/testdata/gaps.a	1791555326.263327	1791555326.321566	0
head	c	internal/oracle/testdata/gaps.a	1791555326.323459	1791555326.378646	0
base	c	internal/oracle/testdata/generic_functions.a	1791555326.382944	1791555326.441418	0
head	c	internal/oracle/testdata/generic_functions.a	1791555326.443276	1791555326.498111	0
base	c	internal/oracle/testdata/generic_instance_key_typeof.a	1791555326.502149	1791555326.552106	0
head	c	internal/oracle/testdata/generic_instance_key_typeof.a	1791555326.553895	1791555326.605346	0
base	c	internal/oracle/testdata/generic_method_return.a	1791555326.609374	1791555326.668964	0
head	c	internal/oracle/testdata/generic_method_return.a	1791555326.670929	1791555326.729594	0
base	c	internal/oracle/testdata/generic_values.a	1791555326.733901	1791555326.794020	0
head	c	internal/oracle/testdata/generic_values.a	1791555326.795880	1791555326.851790	0
base	c	internal/oracle/testdata/has_own.a	1791555326.855944	1791555326.903981	0
head	c	internal/oracle/testdata/has_own.a	1791555326.905766	1791555326.958289	0
base	c	internal/oracle/testdata/host_array_predicate.a	1791555326.962533	1791555327.015741	0
head	c	internal/oracle/testdata/host_array_predicate.a	1791555327.017736	1791555327.067082	0
base	c	internal/oracle/testdata/host_array_unknown_predicate.a	1791555327.071595	1791555327.125774	0
head	c	internal/oracle/testdata/host_array_unknown_predicate.a	1791555327.127619	1791555327.184979	0
base	c	internal/oracle/testdata/host_empty_object_slots.a	1791555327.189107	1791555327.240935	0
head	c	internal/oracle/testdata/host_empty_object_slots.a	1791555327.242693	1791555327.297961	0
base	c	internal/oracle/testdata/host_map_generic_union.a	1791555327.302282	1791555327.364951	0
head	c	internal/oracle/testdata/host_map_generic_union.a	1791555327.366804	1791555327.425056	0
base	c	internal/oracle/testdata/host_map_iterator_probe.a	1791555327.429939	1791555327.482157	0
head	c	internal/oracle/testdata/host_map_iterator_probe.a	1791555327.484249	1791555327.536330	0
base	c	internal/oracle/testdata/host_map_iterator_union.a	1791555327.540623	1791555327.596448	0
head	c	internal/oracle/testdata/host_map_iterator_union.a	1791555327.598491	1791555327.659421	0
base	c	internal/oracle/testdata/host_map_union.a	1791555327.663920	1791555327.718283	0
head	c	internal/oracle/testdata/host_map_union.a	1791555327.720067	1791555327.775895	0
base	c	internal/oracle/testdata/host_never_branches.a	1791555327.780413	1791555327.835649	0
head	c	internal/oracle/testdata/host_never_branches.a	1791555327.837468	1791555327.893463	0
base	c	internal/oracle/testdata/host_optional_intrinsic.a	1791555327.897592	1791555327.950514	0
head	c	internal/oracle/testdata/host_optional_intrinsic.a	1791555327.952458	1791555328.003052	0
base	c	internal/oracle/testdata/host_rest_union.a	1791555328.007822	1791555328.060471	0
head	c	internal/oracle/testdata/host_rest_union.a	1791555328.062234	1791555328.112868	0
base	c	internal/oracle/testdata/host_scanner_never.a	1791555328.116994	1791555328.170125	0
head	c	internal/oracle/testdata/host_scanner_never.a	1791555328.172093	1791555328.227447	0
base	c	internal/oracle/testdata/host_undefined_value.a	1791555328.231692	1791555328.286140	0
head	c	internal/oracle/testdata/host_undefined_value.a	1791555328.288218	1791555328.338931	0
base	c	internal/oracle/testdata/host_unknown_error_code.a	1791555328.343252	1791555328.400240	0
head	c	internal/oracle/testdata/host_unknown_error_code.a	1791555328.402354	1791555328.455968	0
base	c	internal/oracle/testdata/host_void_method.a	1791555328.460356	1791555328.509559	0
head	c	internal/oracle/testdata/host_void_method.a	1791555328.511276	1791555328.563359	0
base	c	internal/oracle/testdata/implicit_returns.a	1791555328.567630	1791555328.626223	0
head	c	internal/oracle/testdata/implicit_returns.a	1791555328.628007	1791555328.692734	0
base	c	internal/oracle/testdata/indexing.a	1791555328.697009	1791555328.749979	0
head	c	internal/oracle/testdata/indexing.a	1791555328.751738	1791555328.804292	0
base	c	internal/oracle/testdata/inherited_static_field_read.a	1791555328.808955	1791555328.861487	0
head	c	internal/oracle/testdata/inherited_static_field_read.a	1791555328.863172	1791555328.915870	0
base	c	internal/oracle/testdata/input_spread_local.a	1791555328.921302	1791555328.974473	0
head	c	internal/oracle/testdata/input_spread_local.a	1791555328.976651	1791555329.028715	0
base	c	internal/oracle/testdata/input_spread_ordinary.a	1791555329.032766	1791555329.084661	0
head	c	internal/oracle/testdata/input_spread_ordinary.a	1791555329.086431	1791555329.135012	0
base	c	internal/oracle/testdata/integer_format.a	1791555329.139330	1791555329.195171	0
head	c	internal/oracle/testdata/integer_format.a	1791555329.197010	1791555329.258395	0
base	c	internal/oracle/testdata/interleaved.a	1791555329.262763	1791555329.314871	0
head	c	internal/oracle/testdata/interleaved.a	1791555329.316762	1791555329.365916	0
base	c	internal/oracle/testdata/invariance_readonly.a	1791555329.370138	1791555329.424282	0
head	c	internal/oracle/testdata/invariance_readonly.a	1791555329.426781	1791555329.482471	0
base	c	internal/oracle/testdata/json_stringify_escapes.a	1791555329.486853	1791555329.546207	0
head	c	internal/oracle/testdata/json_stringify_escapes.a	1791555329.548122	1791555329.604797	0
base	c	internal/oracle/testdata/json_stringify_indent.a	1791555329.610307	1791555329.674309	0
head	c	internal/oracle/testdata/json_stringify_indent.a	1791555329.676230	1791555329.738060	0
base	c	internal/oracle/testdata/json_stringify_keys.a	1791555329.742528	1791555329.799408	0
head	c	internal/oracle/testdata/json_stringify_keys.a	1791555329.801345	1791555329.858740	0
base	c	internal/oracle/testdata/json_stringify_numbers.a	1791555329.863863	1791555329.920143	0
head	c	internal/oracle/testdata/json_stringify_numbers.a	1791555329.922158	1791555329.980125	0
base	c	internal/oracle/testdata/json_stringify_options.a	1791555329.984569	1791555330.043954	0
head	c	internal/oracle/testdata/json_stringify_options.a	1791555330.045804	1791555330.105504	0
base	c	internal/oracle/testdata/json_stringify_replacer.a	1791555330.110799	1791555330.165696	0
head	c	internal/oracle/testdata/json_stringify_replacer.a	1791555330.167581	1791555330.222567	0
base	c	internal/oracle/testdata/json_stringify_scalars.a	1791555330.226858	1791555330.281016	0
head	c	internal/oracle/testdata/json_stringify_scalars.a	1791555330.283000	1791555330.336929	0
base	c	internal/oracle/testdata/json_stringify_undefined.a	1791555330.341102	1791555330.395687	0
head	c	internal/oracle/testdata/json_stringify_undefined.a	1791555330.397305	1791555330.453131	0
base	c	internal/oracle/testdata/json_stringify_values.a	1791555330.457292	1791555330.510997	0
head	c	internal/oracle/testdata/json_stringify_values.a	1791555330.512835	1791555330.570046	0
base	c	internal/oracle/testdata/killed_after_output.a	1791555330.574243	1791555330.622915	0
head	c	internal/oracle/testdata/killed_after_output.a	1791555330.624765	1791555330.677389	0
base	c	internal/oracle/testdata/large_output.a	1791555330.681506	1791555330.733824	0
head	c	internal/oracle/testdata/large_output.a	1791555330.735459	1791555330.786943	0
base	c	internal/oracle/testdata/lent_reads.a	1791555330.791318	1791555330.843769	0
head	c	internal/oracle/testdata/lent_reads.a	1791555330.846251	1791555330.901602	0
base	c	internal/oracle/testdata/library_array_copy.a	1791555330.905751	1791555330.963091	0
head	c	internal/oracle/testdata/library_array_copy.a	1791555330.964808	1791555331.019859	0
base	c	internal/oracle/testdata/library_array_copy_within.a	1791555331.024874	1791555331.079303	0
head	c	internal/oracle/testdata/library_array_copy_within.a	1791555331.081278	1791555331.135784	0
base	c	internal/oracle/testdata/library_array_find_last.a	1791555331.140009	1791555331.192519	0
head	c	internal/oracle/testdata/library_array_find_last.a	1791555331.194297	1791555331.247587	0
base	c	internal/oracle/testdata/library_array_flat.a	1791555331.251532	1791555331.306479	0
head	c	internal/oracle/testdata/library_array_flat.a	1791555331.308326	1791555331.357592	0
base	c	internal/oracle/testdata/library_array_flat_map.a	1791555331.361907	1791555331.413587	0
head	c	internal/oracle/testdata/library_array_flat_map.a	1791555331.415365	1791555331.473069	0
base	c	internal/oracle/testdata/library_array_iterators.a	1791555331.477122	1791555331.530964	0
head	c	internal/oracle/testdata/library_array_iterators.a	1791555331.533055	1791555331.587960	0
base	c	internal/oracle/testdata/library_array_join.a	1791555331.592141	1791555331.649482	0
head	c	internal/oracle/testdata/library_array_join.a	1791555331.651245	1791555331.703753	0
base	c	internal/oracle/testdata/library_array_metadata.a	1791555331.708023	1791555331.756265	0
head	c	internal/oracle/testdata/library_array_metadata.a	1791555331.757936	1791555331.805626	0
base	c	internal/oracle/testdata/library_array_search.a	1791555331.809767	1791555331.863709	0
head	c	internal/oracle/testdata/library_array_search.a	1791555331.865391	1791555331.920811	0
base	c	internal/oracle/testdata/library_array_spliced.a	1791555331.925038	1791555331.989385	0
head	c	internal/oracle/testdata/library_array_spliced.a	1791555331.991464	1791555332.045613	0
base	c	internal/oracle/testdata/library_array_with.a	1791555332.050170	1791555332.104131	0
head	c	internal/oracle/testdata/library_array_with.a	1791555332.106786	1791555332.159846	0
base	c	internal/oracle/testdata/library_fnexpr_loops.a	1791555332.163979	1791555332.225325	0
head	c	internal/oracle/testdata/library_fnexpr_loops.a	1791555332.227137	1791555332.293378	0
base	c	internal/oracle/testdata/library_fnexpr_recurse.a	1791555332.297737	1791555332.354633	0
head	c	internal/oracle/testdata/library_fnexpr_recurse.a	1791555332.356491	1791555332.416579	0
base	c	internal/oracle/testdata/library_fnexpr_store.a	1791555332.420566	1791555332.478934	0
head	c	internal/oracle/testdata/library_fnexpr_store.a	1791555332.481025	1791555332.539392	0
base	c	internal/oracle/testdata/library_for_in.a	1791555332.543604	1791555332.601280	0
head	c	internal/oracle/testdata/library_for_in.a	1791555332.603213	1791555332.657688	0
base	c	internal/oracle/testdata/library_for_in_keys.a	1791555332.663016	1791555332.716513	0
head	c	internal/oracle/testdata/library_for_in_keys.a	1791555332.718922	1791555332.774176	0
base	c	internal/oracle/testdata/library_for_in_live.a	1791555332.779053	1791555332.837129	0
head	c	internal/oracle/testdata/library_for_in_live.a	1791555332.839712	1791555332.895244	0
base	c	internal/oracle/testdata/library_function_expressions.a	1791555332.899116	1791555332.957140	0
head	c	internal/oracle/testdata/library_function_expressions.a	1791555332.958929	1791555333.018500	0
base	c	internal/oracle/testdata/library_globals.a	1791555333.022635	1791555333.076802	0
head	c	internal/oracle/testdata/library_globals.a	1791555333.078715	1791555333.129593	0
base	c	internal/oracle/testdata/library_globals_typeof.a	1791555333.133929	1791555333.188596	0
head	c	internal/oracle/testdata/library_globals_typeof.a	1791555333.190421	1791555333.243284	0
base	c	internal/oracle/testdata/library_map_set.a	1791555333.248250	1791555333.321688	0
head	c	internal/oracle/testdata/library_map_set.a	1791555333.323441	1791555333.397346	0
base	c	internal/oracle/testdata/library_map_set_construct.a	1791555333.401528	1791555333.465163	0
head	c	internal/oracle/testdata/library_map_set_construct.a	1791555333.466971	1791555333.531021	0
base	c	internal/oracle/testdata/library_map_set_group_by.a	1791555333.535554	1791555333.589799	0
head	c	internal/oracle/testdata/library_map_set_group_by.a	1791555333.592036	1791555333.645593	0
base	c	internal/oracle/testdata/library_map_set_groupby_keys.a	1791555333.649728	1791555333.699314	0
head	c	internal/oracle/testdata/library_map_set_groupby_keys.a	1791555333.701117	1791555333.753114	0
base	c	internal/oracle/testdata/library_map_set_iterator_exhausted.a	1791555333.757825	1791555333.810302	0
head	c	internal/oracle/testdata/library_map_set_iterator_exhausted.a	1791555333.812345	1791555333.862953	0
base	c	internal/oracle/testdata/library_map_set_iterator_number_hash.a	1791555333.867138	1791555333.919535	0
head	c	internal/oracle/testdata/library_map_set_iterator_number_hash.a	1791555333.921224	1791555333.975679	0
base	c	internal/oracle/testdata/library_map_set_iterators.a	1791555333.980064	1791555334.040068	0
head	c	internal/oracle/testdata/library_map_set_iterators.a	1791555334.042333	1791555334.105473	0
base	c	internal/oracle/testdata/library_map_set_keys.a	1791555334.110149	1791555334.167838	0
head	c	internal/oracle/testdata/library_map_set_keys.a	1791555334.169556	1791555334.224456	0
base	c	internal/oracle/testdata/library_map_set_next.a	1791555334.228501	1791555334.289454	0
head	c	internal/oracle/testdata/library_map_set_next.a	1791555334.291044	1791555334.351413	0
base	c	internal/oracle/testdata/library_map_set_setops.a	1791555334.355668	1791555334.418415	0
head	c	internal/oracle/testdata/library_map_set_setops.a	1791555334.420264	1791555334.484737	0
base	c	internal/oracle/testdata/library_map_set_visit.a	1791555334.488811	1791555334.546226	0
head	c	internal/oracle/testdata/library_map_set_visit.a	1791555334.548092	1791555334.610141	0
base	c	internal/oracle/testdata/library_map_set_zeros.a	1791555334.614638	1791555334.669392	0
head	c	internal/oracle/testdata/library_map_set_zeros.a	1791555334.671017	1791555334.725978	0
base	c	internal/oracle/testdata/library_math_number_convert.a	1791555334.730414	1791555334.784320	0
head	c	internal/oracle/testdata/library_math_number_convert.a	1791555334.786394	1791555334.838294	0
base	c	internal/oracle/testdata/library_math_number_math.a	1791555334.842464	1791555334.898397	0
head	c	internal/oracle/testdata/library_math_number_math.a	1791555334.900311	1791555334.954280	0
base	c	internal/oracle/testdata/library_math_number_prototype.a	1791555334.958422	1791555335.021336	0
head	c	internal/oracle/testdata/library_math_number_prototype.a	1791555335.023422	1791555335.082309	0
base	c	internal/oracle/testdata/library_method_values.a	1791555335.088021	1791555335.164705	0
head	c	internal/oracle/testdata/library_method_values.a	1791555335.166507	1791555335.243381	0
base	c	internal/oracle/testdata/library_method_values_dead_zone.a	1791555335.247841	1791555335.304888	0
head	c	internal/oracle/testdata/library_method_values_dead_zone.a	1791555335.306629	1791555335.362204	0
base	c	internal/oracle/testdata/library_object_assign.a	1791555335.366493	1791555335.417688	0
head	c	internal/oracle/testdata/library_object_assign.a	1791555335.419527	1791555335.469850	0
base	c	internal/oracle/testdata/library_object_assign_fields.a	1791555335.473877	1791555335.525282	0
head	c	internal/oracle/testdata/library_object_assign_fields.a	1791555335.526945	1791555335.575573	0
base	c	internal/oracle/testdata/library_object_freeze.a	1791555335.579839	1791555335.631895	0
head	c	internal/oracle/testdata/library_object_freeze.a	1791555335.633605	1791555335.685433	0
base	c	internal/oracle/testdata/library_object_freeze_alias.a	1791555335.689374	1791555335.738856	0
head	c	internal/oracle/testdata/library_object_freeze_alias.a	1791555335.740495	1791555335.791513	0
base	c	internal/oracle/testdata/library_object_freeze_assign.a	1791555335.796467	1791555335.847155	0
head	c	internal/oracle/testdata/library_object_freeze_assign.a	1791555335.849039	1791555335.901582	0
base	c	internal/oracle/testdata/library_object_freeze_write.a	1791555335.906323	1791555335.956365	0
head	c	internal/oracle/testdata/library_object_freeze_write.a	1791555335.958117	1791555336.011873	0
base	c	internal/oracle/testdata/library_object_has_own.a	1791555336.016010	1791555336.072910	0
head	c	internal/oracle/testdata/library_object_has_own.a	1791555336.074621	1791555336.127616	0
base	c	internal/oracle/testdata/library_object_is.a	1791555336.131811	1791555336.185841	0
head	c	internal/oracle/testdata/library_object_is.a	1791555336.187623	1791555336.243413	0
base	c	internal/oracle/testdata/library_object_keys.a	1791555336.247579	1791555336.310018	0
head	c	internal/oracle/testdata/library_object_keys.a	1791555336.312031	1791555336.368022	0
base	c	internal/oracle/testdata/library_object_order.a	1791555336.371957	1791555336.421981	0
head	c	internal/oracle/testdata/library_object_order.a	1791555336.423918	1791555336.477020	0
base	c	internal/oracle/testdata/library_object_own.a	1791555336.482341	1791555336.535276	0
head	c	internal/oracle/testdata/library_object_own.a	1791555336.538396	1791555336.592957	0
base	c	internal/oracle/testdata/library_object_same.a	1791555336.597207	1791555336.645264	0
head	c	internal/oracle/testdata/library_object_same.a	1791555336.647223	1791555336.700245	0
base	c	internal/oracle/testdata/library_string_conversion.a	1791555336.705331	1791555336.764996	0
head	c	internal/oracle/testdata/library_string_conversion.a	1791555336.766847	1791555336.822159	0
base	c	internal/oracle/testdata/library_string_existing.a	1791555336.826630	1791555336.883813	0
head	c	internal/oracle/testdata/library_string_existing.a	1791555336.885759	1791555336.945336	0
base	c	internal/oracle/testdata/library_string_indices.a	1791555336.949365	1791555337.005598	0
head	c	internal/oracle/testdata/library_string_indices.a	1791555337.007432	1791555337.065099	0
base	c	internal/oracle/testdata/library_string_prototype.a	1791555337.069564	1791555337.133405	0
head	c	internal/oracle/testdata/library_string_prototype.a	1791555337.135239	1791555337.191984	0
base	c	internal/oracle/testdata/library_string_raw.a	1791555337.196244	1791555337.255737	0
head	c	internal/oracle/testdata/library_string_raw.a	1791555337.257789	1791555337.315815	0
base	c	internal/oracle/testdata/lint_runtime_equal_headers.a	1791555337.320779	1791555337.372972	0
head	c	internal/oracle/testdata/lint_runtime_equal_headers.a	1791555337.374747	1791555337.426212	0
base	c	internal/oracle/testdata/lint_runtime_release_chain.a	1791555337.430320	1791555337.483022	0
head	c	internal/oracle/testdata/lint_runtime_release_chain.a	1791555337.484781	1791555337.536735	0
base	c	internal/oracle/testdata/lint_runtime_release_shared.a	1791555337.540975	1791555337.595261	0
head	c	internal/oracle/testdata/lint_runtime_release_shared.a	1791555337.596987	1791555337.650926	0
base	c	internal/oracle/testdata/lint_runtime_search_boundaries.a	1791555337.655293	1791555337.707900	0
head	c	internal/oracle/testdata/lint_runtime_search_boundaries.a	1791555337.709539	1791555337.761099	0
base	c	internal/oracle/testdata/lint_runtime_search_calls.a	1791555337.765896	1791555337.818264	0
head	c	internal/oracle/testdata/lint_runtime_search_calls.a	1791555337.819843	1791555337.872593	0
base	c	internal/oracle/testdata/literal_optional_shapes.a	1791555337.876625	1791555337.934297	0
head	c	internal/oracle/testdata/literal_optional_shapes.a	1791555337.936246	1791555337.990873	0
base	c	internal/oracle/testdata/local_console.a	1791555337.995710	1791555338.047040	0
head	c	internal/oracle/testdata/local_console.a	1791555338.048991	1791555338.097320	0
base	c	internal/oracle/testdata/logical_and_reference_maybe.a	1791555338.101333	1791555338.152544	0
head	c	internal/oracle/testdata/logical_and_reference_maybe.a	1791555338.154133	1791555338.208264	0
base	c	internal/oracle/testdata/lone_surrogates.a	1791555338.212438	1791555338.264555	0
head	c	internal/oracle/testdata/lone_surrogates.a	1791555338.266271	1791555338.316978	0
base	c	internal/oracle/testdata/long_chain.a	1791555338.321477	1791555338.374016	0
head	c	internal/oracle/testdata/long_chain.a	1791555338.375869	1791555338.430040	0
base	c	internal/oracle/testdata/long_literals.a	1791555338.433952	1791555338.497296	0
head	c	internal/oracle/testdata/long_literals.a	1791555338.499458	1791555338.558915	0
base	c	internal/oracle/testdata/loops.a	1791555338.563528	1791555338.620671	0
head	c	internal/oracle/testdata/loops.a	1791555338.622466	1791555338.677691	0
base	c	internal/oracle/testdata/map_foreach_arrays.a	1791555338.682970	1791555338.743578	0
head	c	internal/oracle/testdata/map_foreach_arrays.a	1791555338.745505	1791555338.804294	0
base	c	internal/oracle/testdata/map_foreach_closures.a	1791555338.810136	1791555338.874440	0
head	c	internal/oracle/testdata/map_foreach_closures.a	1791555338.876847	1791555338.936572	0
base	c	internal/oracle/testdata/map_foreach_fnexpr.a	1791555338.941799	1791555339.003329	0
head	c	internal/oracle/testdata/map_foreach_fnexpr.a	1791555339.005527	1791555339.062979	0
base	c	internal/oracle/testdata/map_foreach_keep.a	1791555339.067288	1791555339.130894	0
head	c	internal/oracle/testdata/map_foreach_keep.a	1791555339.132793	1791555339.193012	0
base	c	internal/oracle/testdata/map_foreach_keys.a	1791555339.197529	1791555339.254070	0
head	c	internal/oracle/testdata/map_foreach_keys.a	1791555339.256054	1791555339.310322	0
base	c	internal/oracle/testdata/map_foreach_named_closures.a	1791555339.314660	1791555339.372774	0
head	c	internal/oracle/testdata/map_foreach_named_closures.a	1791555339.374561	1791555339.431413	0
base	c	internal/oracle/testdata/map_foreach_named_keys.a	1791555339.436402	1791555339.489297	0
head	c	internal/oracle/testdata/map_foreach_named_keys.a	1791555339.490901	1791555339.546221	0
base	c	internal/oracle/testdata/map_foreach_named_more.a	1791555339.549998	1791555339.610926	0
head	c	internal/oracle/testdata/map_foreach_named_more.a	1791555339.612813	1791555339.668816	0
base	c	internal/oracle/testdata/map_foreach_named_numbers.a	1791555339.672845	1791555339.730474	0
head	c	internal/oracle/testdata/map_foreach_named_numbers.a	1791555339.732232	1791555339.789347	0
base	c	internal/oracle/testdata/map_foreach_named_objects.a	1791555339.793598	1791555339.854468	0
head	c	internal/oracle/testdata/map_foreach_named_objects.a	1791555339.856212	1791555339.913663	0
base	c	internal/oracle/testdata/map_foreach_numbers.a	1791555339.918003	1791555339.975347	0
head	c	internal/oracle/testdata/map_foreach_numbers.a	1791555339.977510	1791555340.037137	0
base	c	internal/oracle/testdata/map_foreach_objects.a	1791555340.041849	1791555340.107770	0
head	c	internal/oracle/testdata/map_foreach_objects.a	1791555340.109845	1791555340.171398	0
base	c	internal/oracle/testdata/map_iteration.a	1791555340.176411	1791555340.234388	0
head	c	internal/oracle/testdata/map_iteration.a	1791555340.236126	1791555340.295392	0
base	c	internal/oracle/testdata/map_shrinks.a	1791555340.299383	1791555340.358344	0
head	c	internal/oracle/testdata/map_shrinks.a	1791555340.359945	1791555340.418431	0
base	c	internal/oracle/testdata/map_zero_keys.a	1791555340.422767	1791555340.478520	0
head	c	internal/oracle/testdata/map_zero_keys.a	1791555340.481389	1791555340.537439	0
base	c	internal/oracle/testdata/maps_and_text.a	1791555340.541574	1791555340.597553	0
head	c	internal/oracle/testdata/maps_and_text.a	1791555340.599285	1791555340.652670	0
base	c	internal/oracle/testdata/maybe_boolean_panic.a	1791555340.656820	1791555340.704769	0
head	c	internal/oracle/testdata/maybe_boolean_panic.a	1791555340.706445	1791555340.755705	0
base	c	internal/oracle/testdata/maybe_booleans.a	1791555340.759819	1791555340.822272	0
head	c	internal/oracle/testdata/maybe_booleans.a	1791555340.824106	1791555340.887364	0
base	c	internal/oracle/testdata/maybe_collections.a	1791555340.891624	1791555340.949100	0
head	c	internal/oracle/testdata/maybe_collections.a	1791555340.950871	1791555341.014062	0
base	c	internal/oracle/testdata/maybe_number_slots.a	1791555341.018239	1791555341.082479	0
head	c	internal/oracle/testdata/maybe_number_slots.a	1791555341.084266	1791555341.149386	0
base	c	internal/oracle/testdata/maybe_numbers.a	1791555341.153604	1791555341.206276	0
head	c	internal/oracle/testdata/maybe_numbers.a	1791555341.208375	1791555341.261678	0
base	c	internal/oracle/testdata/method_closures.a	1791555341.265805	1791555341.321037	0
head	c	internal/oracle/testdata/method_closures.a	1791555341.322841	1791555341.373832	0
base	c	internal/oracle/testdata/method_coverage_alias_order.a	1791555341.377804	1791555341.432843	0
head	c	internal/oracle/testdata/method_coverage_alias_order.a	1791555341.434611	1791555341.483811	0
base	c	internal/oracle/testdata/method_coverage_array_mutations.a	1791555341.487774	1791555341.540173	0
head	c	internal/oracle/testdata/method_coverage_array_mutations.a	1791555341.541879	1791555341.597389	0
base	c	internal/oracle/testdata/method_coverage_array_values.a	1791555341.601698	1791555341.654693	0
head	c	internal/oracle/testdata/method_coverage_array_values.a	1791555341.656495	1791555341.710877	0
base	c	internal/oracle/testdata/method_coverage_bound_strings.a	1791555341.714992	1791555341.767421	0
head	c	internal/oracle/testdata/method_coverage_bound_strings.a	1791555341.769295	1791555341.820855	0
base	c	internal/oracle/testdata/method_coverage_codes.a	1791555341.825071	1791555341.875108	0
head	c	internal/oracle/testdata/method_coverage_codes.a	1791555341.876888	1791555341.928434	0
base	c	internal/oracle/testdata/method_coverage_conversions.a	1791555341.932892	1791555341.992816	0
head	c	internal/oracle/testdata/method_coverage_conversions.a	1791555341.994930	1791555342.045793	0
base	c	internal/oracle/testdata/method_coverage_empty_alias_tdz.a	1791555342.051406	1791555342.103690	0
head	c	internal/oracle/testdata/method_coverage_empty_alias_tdz.a	1791555342.105439	1791555342.152516	0
base	c	internal/oracle/testdata/method_coverage_format_failure.a	1791555342.156655	1791555342.203983	0
head	c	internal/oracle/testdata/method_coverage_format_failure.a	1791555342.205698	1791555342.251937	0
base	c	internal/oracle/testdata/method_coverage_map_parsers.a	1791555342.255908	1791555342.307254	0
head	c	internal/oracle/testdata/method_coverage_map_parsers.a	1791555342.309315	1791555342.360409	0
base	c	internal/oracle/testdata/method_coverage_map_strings.a	1791555342.364400	1791555342.414249	0
head	c	internal/oracle/testdata/method_coverage_map_strings.a	1791555342.416238	1791555342.467590	0
base	c	internal/oracle/testdata/method_coverage_math.a	1791555342.471295	1791555342.534082	0
head	c	internal/oracle/testdata/method_coverage_math.a	1791555342.535854	1791555342.600142	0
base	c	internal/oracle/testdata/method_coverage_number_formats.a	1791555342.604065	1791555342.655794	0
head	c	internal/oracle/testdata/method_coverage_number_formats.a	1791555342.657513	1791555342.708746	0
base	c	internal/oracle/testdata/method_coverage_number_statics.a	1791555342.712758	1791555342.765324	0
head	c	internal/oracle/testdata/method_coverage_number_statics.a	1791555342.767021	1791555342.818965	0
base	c	internal/oracle/testdata/method_coverage_object_descriptors.a	1791555342.822979	1791555342.873631	0
head	c	internal/oracle/testdata/method_coverage_object_descriptors.a	1791555342.875225	1791555342.930328	0
base	c	internal/oracle/testdata/method_coverage_object_statics.a	1791555342.934366	1791555342.985212	0
head	c	internal/oracle/testdata/method_coverage_object_statics.a	1791555342.986962	1791555343.038386	0
base	c	internal/oracle/testdata/method_coverage_object_tags.a	1791555343.042629	1791555343.093545	0
head	c	internal/oracle/testdata/method_coverage_object_tags.a	1791555343.095301	1791555343.148828	0
base	c	internal/oracle/testdata/method_coverage_receiver_order.a	1791555343.153078	1791555343.202798	0
head	c	internal/oracle/testdata/method_coverage_receiver_order.a	1791555343.204644	1791555343.253488	0
base	c	internal/oracle/testdata/method_coverage_string_at.a	1791555343.257568	1791555343.307411	0
head	c	internal/oracle/testdata/method_coverage_string_at.a	1791555343.309165	1791555343.357086	0
base	c	internal/oracle/testdata/method_coverage_string_charat.a	1791555343.361037	1791555343.411590	0
head	c	internal/oracle/testdata/method_coverage_string_charat.a	1791555343.413758	1791555343.463071	0
base	c	internal/oracle/testdata/method_coverage_string_charcodeat.a	1791555343.467353	1791555343.516361	0
head	c	internal/oracle/testdata/method_coverage_string_charcodeat.a	1791555343.518260	1791555343.564927	0
base	c	internal/oracle/testdata/method_coverage_string_codepointat.a	1791555343.568879	1791555343.620567	0
head	c	internal/oracle/testdata/method_coverage_string_codepointat.a	1791555343.622217	1791555343.671827	0
base	c	internal/oracle/testdata/method_coverage_string_concat.a	1791555343.675718	1791555343.726629	0
head	c	internal/oracle/testdata/method_coverage_string_concat.a	1791555343.728467	1791555343.783743	0
base	c	internal/oracle/testdata/method_coverage_string_endswith.a	1791555343.787698	1791555343.840076	0
head	c	internal/oracle/testdata/method_coverage_string_endswith.a	1791555343.841925	1791555343.890554	0
base	c	internal/oracle/testdata/method_coverage_string_includes.a	1791555343.894549	1791555343.943992	0
head	c	internal/oracle/testdata/method_coverage_string_includes.a	1791555343.945674	1791555343.995074	0
base	c	internal/oracle/testdata/method_coverage_string_indexof.a	1791555343.998954	1791555344.047723	0
head	c	internal/oracle/testdata/method_coverage_string_indexof.a	1791555344.049601	1791555344.098203	0
base	c	internal/oracle/testdata/method_coverage_string_lastindexof.a	1791555344.102321	1791555344.151317	0
head	c	internal/oracle/testdata/method_coverage_string_lastindexof.a	1791555344.153003	1791555344.205221	0
base	c	internal/oracle/testdata/method_coverage_string_normalize.a	1791555344.209356	1791555344.258322	0
head	c	internal/oracle/testdata/method_coverage_string_normalize.a	1791555344.260171	1791555344.314412	0
base	c	internal/oracle/testdata/method_coverage_string_overloads.a	1791555344.318358	1791555344.368933	0
head	c	internal/oracle/testdata/method_coverage_string_overloads.a	1791555344.370745	1791555344.421580	0
base	c	internal/oracle/testdata/method_coverage_string_padend.a	1791555344.425805	1791555344.477697	0
head	c	internal/oracle/testdata/method_coverage_string_padend.a	1791555344.479741	1791555344.528120	0
base	c	internal/oracle/testdata/method_coverage_string_padstart.a	1791555344.532549	1791555344.583706	0
head	c	internal/oracle/testdata/method_coverage_string_padstart.a	1791555344.585941	1791555344.641654	0
base	c	internal/oracle/testdata/method_coverage_string_repeat.a	1791555344.646751	1791555344.698806	0
head	c	internal/oracle/testdata/method_coverage_string_repeat.a	1791555344.701223	1791555344.752685	0
base	c	internal/oracle/testdata/method_coverage_string_slice.a	1791555344.756792	1791555344.810479	0
head	c	internal/oracle/testdata/method_coverage_string_slice.a	1791555344.812554	1791555344.861586	0
base	c	internal/oracle/testdata/method_coverage_string_startswith.a	1791555344.866069	1791555344.916731	0
head	c	internal/oracle/testdata/method_coverage_string_startswith.a	1791555344.918465	1791555344.971111	0
base	c	internal/oracle/testdata/method_coverage_string_substring.a	1791555344.975317	1791555345.031245	0
head	c	internal/oracle/testdata/method_coverage_string_substring.a	1791555345.033059	1791555345.085887	0
base	c	internal/oracle/testdata/method_coverage_string_tolowercase.a	1791555345.090036	1791555345.143770	0
head	c	internal/oracle/testdata/method_coverage_string_tolowercase.a	1791555345.145544	1791555345.195664	0
base	c	internal/oracle/testdata/method_coverage_string_tostring.a	1791555345.199889	1791555345.250648	0
head	c	internal/oracle/testdata/method_coverage_string_tostring.a	1791555345.252448	1791555345.304498	0
base	c	internal/oracle/testdata/method_coverage_string_touppercase.a	1791555345.308570	1791555345.358948	0
head	c	internal/oracle/testdata/method_coverage_string_touppercase.a	1791555345.360708	1791555345.411426	0
base	c	internal/oracle/testdata/method_coverage_string_trim.a	1791555345.416219	1791555345.466498	0
head	c	internal/oracle/testdata/method_coverage_string_trim.a	1791555345.468343	1791555345.520861	0
base	c	internal/oracle/testdata/method_coverage_string_trimend.a	1791555345.525080	1791555345.576987	0
head	c	internal/oracle/testdata/method_coverage_string_trimend.a	1791555345.578729	1791555345.630070	0
base	c	internal/oracle/testdata/method_coverage_string_trimstart.a	1791555345.634467	1791555345.685753	0
head	c	internal/oracle/testdata/method_coverage_string_trimstart.a	1791555345.687522	1791555345.739667	0
base	c	internal/oracle/testdata/method_coverage_string_valueof.a	1791555345.743941	1791555345.796017	0
head	c	internal/oracle/testdata/method_coverage_string_valueof.a	1791555345.797904	1791555345.850510	0
base	c	internal/oracle/testdata/move_throw.a	1791555345.854876	1791555345.949833	0
head	c	internal/oracle/testdata/move_throw.a	1791555345.952553	1791555346.014740	0
base	c	internal/oracle/testdata/named_function_values.a	1791555346.019070	1791555346.081705	0
head	c	internal/oracle/testdata/named_function_values.a	1791555346.083613	1791555346.142759	0
base	c	internal/oracle/testdata/namespace_callable_properties.a	1791555346.147109	1791555346.200293	0
head	c	internal/oracle/testdata/namespace_callable_properties.a	1791555346.202345	1791555346.256632	0
base	c	internal/oracle/testdata/namespace_class_registration.a	1791555346.260990	1791555346.317108	0
head	c	internal/oracle/testdata/namespace_class_registration.a	1791555346.319416	1791555346.370018	0
base	c	internal/oracle/testdata/namespace_method_receiver.a	1791555346.374256	1791555346.426925	0
head	c	internal/oracle/testdata/namespace_method_receiver.a	1791555346.429081	1791555346.483727	0
base	c	internal/oracle/testdata/namespaces.a	1791555346.487988	1791555346.549988	0
head	c	internal/oracle/testdata/namespaces.a	1791555346.552036	1791555346.611433	0
base	c	internal/oracle/testdata/namespaces_call_cycle.a	1791555346.615926	1791555346.670165	0
head	c	internal/oracle/testdata/namespaces_call_cycle.a	1791555346.672256	1791555346.728342	0
base	c	internal/oracle/testdata/namespaces_call_graph.a	1791555346.732499	1791555346.787255	0
head	c	internal/oracle/testdata/namespaces_call_graph.a	1791555346.789384	1791555346.844486	0
base	c	internal/oracle/testdata/namespaces_debug_probe.a	1791555346.848866	1791555346.901063	0
head	c	internal/oracle/testdata/namespaces_debug_probe.a	1791555346.903028	1791555346.955353	0
base	c	internal/oracle/testdata/namespaces_debug_state.a	1791555346.959917	1791555347.014817	0
head	c	internal/oracle/testdata/namespaces_debug_state.a	1791555347.016725	1791555347.072487	0
base	c	internal/oracle/testdata/namespaces_map_before.a	1791555347.076814	1791555347.133518	0
head	c	internal/oracle/testdata/namespaces_map_before.a	1791555347.135394	1791555347.189121	0
base	c	internal/oracle/testdata/namespaces_nested.a	1791555347.193457	1791555347.252349	0
head	c	internal/oracle/testdata/namespaces_nested.a	1791555347.254212	1791555347.314895	0
base	c	internal/oracle/testdata/namespaces_observed_narrowing.a	1791555347.319532	1791555347.370128	0
head	c	internal/oracle/testdata/namespaces_observed_narrowing.a	1791555347.372216	1791555347.426613	0
base	c	internal/oracle/testdata/namespaces_parser_body.a	1791555347.431367	1791555347.484076	0
head	c	internal/oracle/testdata/namespaces_parser_body.a	1791555347.485872	1791555347.536788	0
base	c	internal/oracle/testdata/namespaces_parser_enums.a	1791555347.541337	1791555347.594610	0
head	c	internal/oracle/testdata/namespaces_parser_enums.a	1791555347.596475	1791555347.651460	0
base	c	internal/oracle/testdata/namespaces_parser_factory.a	1791555347.655961	1791555347.707065	0
head	c	internal/oracle/testdata/namespaces_parser_factory.a	1791555347.708763	1791555347.759569	0
base	c	internal/oracle/testdata/namespaces_parser_state.a	1791555347.763622	1791555347.817635	0
head	c	internal/oracle/testdata/namespaces_parser_state.a	1791555347.819458	1791555347.875718	0
base	c	internal/oracle/testdata/namespaces_repeated_var.a	1791555347.879960	1791555347.932878	0
head	c	internal/oracle/testdata/namespaces_repeated_var.a	1791555347.934717	1791555347.987886	0
base	c	internal/oracle/testdata/namespaces_safe_initialization.a	1791555347.992227	1791555348.046633	0
head	c	internal/oracle/testdata/namespaces_safe_initialization.a	1791555348.049013	1791555348.103618	0
base	c	internal/oracle/testdata/namespaces_unknown_before.a	1791555348.108018	1791555348.160511	0
head	c	internal/oracle/testdata/namespaces_unknown_before.a	1791555348.162469	1791555348.215985	0
base	c	internal/oracle/testdata/namespaces_unknown_enum_before.a	1791555348.220497	1791555348.271344	0
head	c	internal/oracle/testdata/namespaces_unknown_enum_before.a	1791555348.273023	1791555348.323983	0
base	c	internal/oracle/testdata/namespaces_unknown_function_before.a	1791555348.328023	1791555348.381407	0
head	c	internal/oracle/testdata/namespaces_unknown_function_before.a	1791555348.383310	1791555348.437862	0
base	c	internal/oracle/testdata/namespaces_unknown_void_before.a	1791555348.442417	1791555348.494631	0
head	c	internal/oracle/testdata/namespaces_unknown_void_before.a	1791555348.496533	1791555348.550909	0
base	c	internal/oracle/testdata/namespaces_unknown_write_before.a	1791555348.556446	1791555348.609433	0
head	c	internal/oracle/testdata/namespaces_unknown_write_before.a	1791555348.611339	1791555348.667809	0
base	c	internal/oracle/testdata/namespaces_unready.a	1791555348.672485	1791555348.725864	0
head	c	internal/oracle/testdata/namespaces_unready.a	1791555348.727652	1791555348.777411	0
base	c	internal/oracle/testdata/narrowed_compared.a	1791555348.781686	1791555348.844129	0
head	c	internal/oracle/testdata/narrowed_compared.a	1791555348.846023	1791555348.901831	0
base	c	internal/oracle/testdata/narrowed_fields.a	1791555348.906087	1791555348.960854	0
head	c	internal/oracle/testdata/narrowed_fields.a	1791555348.962910	1791555349.014945	0
base	c	internal/oracle/testdata/narrowed_methods.a	1791555349.019204	1791555349.071101	0
head	c	internal/oracle/testdata/narrowed_methods.a	1791555349.072950	1791555349.127151	0
base	c	internal/oracle/testdata/narrowed_numbers.a	1791555349.132011	1791555349.183121	0
head	c	internal/oracle/testdata/narrowed_numbers.a	1791555349.185015	1791555349.233988	0
base	c	internal/oracle/testdata/narrowed_reads.a	1791555349.238291	1791555349.290291	0
head	c	internal/oracle/testdata/narrowed_reads.a	1791555349.291982	1791555349.343653	0
base	c	internal/oracle/testdata/narrowed_union_valid.a	1791555349.347777	1791555349.399007	0
head	c	internal/oracle/testdata/narrowed_union_valid.a	1791555349.400841	1791555349.452245	0
base	c	internal/oracle/testdata/narrowed_writes.a	1791555349.456500	1791555349.503013	0
head	c	internal/oracle/testdata/narrowed_writes.a	1791555349.505014	1791555349.554109	0
base	c	internal/oracle/testdata/native-arguments-length-value.a	1791555349.558234	1791555349.606586	0
head	c	internal/oracle/testdata/native-arguments-length-value.a	1791555349.608290	1791555349.664610	0
base	c	internal/oracle/testdata/navigation.a	1791555349.668882	1791555349.732653	0
head	c	internal/oracle/testdata/navigation.a	1791555349.734524	1791555349.799638	0
base	c	internal/oracle/testdata/nbody_base_writes.a	1791555349.803970	1791555349.857650	0
head	c	internal/oracle/testdata/nbody_base_writes.a	1791555349.859576	1791555349.916406	0
base	c	internal/oracle/testdata/nbody_collection_fields.a	1791555349.920411	1791555349.976350	0
head	c	internal/oracle/testdata/nbody_collection_fields.a	1791555349.978048	1791555350.029629	0
base	c	internal/oracle/testdata/nbody_field_values.a	1791555350.033663	1791555350.091176	0
head	c	internal/oracle/testdata/nbody_field_values.a	1791555350.093011	1791555350.148884	0
base	c	internal/oracle/testdata/nbody_narrowed_receiver.a	1791555350.153287	1791555350.212442	0
head	c	internal/oracle/testdata/nbody_narrowed_receiver.a	1791555350.214366	1791555350.265174	0
base	c	internal/oracle/testdata/nbody_optional_references.a	1791555350.269522	1791555350.328418	0
head	c	internal/oracle/testdata/nbody_optional_references.a	1791555350.330732	1791555350.384635	0
base	c	internal/oracle/testdata/nbody_runtime_fields.a	1791555350.388869	1791555350.441307	0
head	c	internal/oracle/testdata/nbody_runtime_fields.a	1791555350.443060	1791555350.497583	0
base	c	internal/oracle/testdata/nbody_slot_kinds.a	1791555350.501748	1791555350.556496	0
head	c	internal/oracle/testdata/nbody_slot_kinds.a	1791555350.558570	1791555350.616834	0
base	c	internal/oracle/testdata/nbody_spread_fields.a	1791555350.620668	1791555350.676884	0
head	c	internal/oracle/testdata/nbody_spread_fields.a	1791555350.678576	1791555350.732132	0
base	c	internal/oracle/testdata/nbody_static_collision.a	1791555350.736236	1791555350.791658	0
head	c	internal/oracle/testdata/nbody_static_collision.a	1791555350.793561	1791555350.848958	0
base	c	internal/oracle/testdata/nbody_write_read_order.a	1791555350.853036	1791555350.907752	0
head	c	internal/oracle/testdata/nbody_write_read_order.a	1791555350.909426	1791555350.961642	0
base	c	internal/oracle/testdata/nested_array.a	1791555350.965796	1791555351.013956	0
head	c	internal/oracle/testdata/nested_array.a	1791555351.016034	1791555351.071344	0
base	c	internal/oracle/testdata/nested_assignment_return.a	1791555351.075765	1791555351.129232	0
head	c	internal/oracle/testdata/nested_assignment_return.a	1791555351.131148	1791555351.181898	0
base	c	internal/oracle/testdata/nested_callback_escaped.a	1791555351.186164	1791555351.242777	0
head	c	internal/oracle/testdata/nested_callback_escaped.a	1791555351.244688	1791555351.294018	0
base	c	internal/oracle/testdata/nested_callback_late_capture.a	1791555351.298243	1791555351.353205	0
head	c	internal/oracle/testdata/nested_callback_late_capture.a	1791555351.354822	1791555351.406905	0
base	c	internal/oracle/testdata/nested_callback_levels.a	1791555351.411312	1791555351.462490	0
head	c	internal/oracle/testdata/nested_callback_levels.a	1791555351.464440	1791555351.518291	0
base	c	internal/oracle/testdata/nested_callback_recursive.a	1791555351.522716	1791555351.574150	0
head	c	internal/oracle/testdata/nested_callback_recursive.a	1791555351.575951	1791555351.627023	0
base	c	internal/oracle/testdata/nested_captures.a	1791555351.631300	1791555351.679911	0
head	c	internal/oracle/testdata/nested_captures.a	1791555351.681644	1791555351.732838	0
base	c	internal/oracle/testdata/nested_destructured.a	1791555351.737224	1791555351.792615	0
head	c	internal/oracle/testdata/nested_destructured.a	1791555351.794791	1791555351.846562	0
base	c	internal/oracle/testdata/nested_destructured_tdz.a	1791555351.851050	1791555351.904091	0
head	c	internal/oracle/testdata/nested_destructured_tdz.a	1791555351.906173	1791555351.958025	0
base	c	internal/oracle/testdata/nested_generic_capture.a	1791555351.962784	1791555352.011687	0
head	c	internal/oracle/testdata/nested_generic_capture.a	1791555352.013400	1791555352.060550	0
base	c	internal/oracle/testdata/nested_hoisting.a	1791555352.064635	1791555352.109349	0
head	c	internal/oracle/testdata/nested_hoisting.a	1791555352.111243	1791555352.155996	0
base	c	internal/oracle/testdata/nested_minimal.a	1791555352.160012	1791555352.203605	0
head	c	internal/oracle/testdata/nested_minimal.a	1791555352.205265	1791555352.249469	0
base	c	internal/oracle/testdata/nested_mixed.a	1791555352.253515	1791555352.297699	0
head	c	internal/oracle/testdata/nested_mixed.a	1791555352.299396	1791555352.345875	0
base	c	internal/oracle/testdata/nested_mutual.a	1791555352.349860	1791555352.396402	0
head	c	internal/oracle/testdata/nested_mutual.a	1791555352.398000	1791555352.443004	0
base	c	internal/oracle/testdata/nested_owned_parameter.a	1791555352.447166	1791555352.494576	0
head	c	internal/oracle/testdata/nested_owned_parameter.a	1791555352.496272	1791555352.541920	0
base	c	internal/oracle/testdata/nested_pattern_parameter.a	1791555352.545997	1791555352.592420	0
head	c	internal/oracle/testdata/nested_pattern_parameter.a	1791555352.594045	1791555352.640261	0
base	c	internal/oracle/testdata/nested_reduced_parameter_escaped.a	1791555352.644170	1791555352.688835	0
head	c	internal/oracle/testdata/nested_reduced_parameter_escaped.a	1791555352.690533	1791555352.735964	0
base	c	internal/oracle/testdata/nested_reduced_parameter_unreachable.a	1791555352.740053	1791555352.787837	0
head	c	internal/oracle/testdata/nested_reduced_parameter_unreachable.a	1791555352.789622	1791555352.839046	0
base	c	internal/oracle/testdata/nested_reduced_parameter_unused.a	1791555352.843972	1791555352.892210	0
head	c	internal/oracle/testdata/nested_reduced_parameter_unused.a	1791555352.893839	1791555352.941372	0
base	c	internal/oracle/testdata/nested_reference_identity.a	1791555352.945553	1791555352.996647	0
head	c	internal/oracle/testdata/nested_reference_identity.a	1791555352.998336	1791555353.049873	0
base	c	internal/oracle/testdata/nested_returned.a	1791555353.053818	1791555353.104341	0
head	c	internal/oracle/testdata/nested_returned.a	1791555353.106291	1791555353.156306	0
base	c	internal/oracle/testdata/nested_tdz.a	1791555353.160665	1791555353.212859	0
head	c	internal/oracle/testdata/nested_tdz.a	1791555353.214658	1791555353.265598	0
base	c	internal/oracle/testdata/nested_tdz_write.a	1791555353.269973	1791555353.314166	0
head	c	internal/oracle/testdata/nested_tdz_write.a	1791555353.315943	1791555353.361462	0
base	c	internal/oracle/testdata/nested_three_levels.a	1791555353.365558	1791555353.414009	0
head	c	internal/oracle/testdata/nested_three_levels.a	1791555353.415930	1791555353.464669	0
base	c	internal/oracle/testdata/nested_weak.a	1791555353.468637	1791555353.516733	0
head	c	internal/oracle/testdata/nested_weak.a	1791555353.518445	1791555353.563688	0
base	c	internal/oracle/testdata/new_expression_class_cache_capture_notyet.a	1791555353.568172	1791555353.614828	1
head	c	internal/oracle/testdata/new_expression_class_cache_capture_notyet.a	1791555353.616674	1791555353.668698	1
base	c	internal/oracle/testdata/new_expression_class_cache_local.a	1791555353.672807	1791555353.730624	0
head	c	internal/oracle/testdata/new_expression_class_cache_local.a	1791555353.732512	1791555353.784691	0
base	c	internal/oracle/testdata/new_expression_class_cache_or.a	1791555353.788931	1791555353.841595	0
head	c	internal/oracle/testdata/new_expression_class_cache_or.a	1791555353.843532	1791555353.893274	0
base	c	internal/oracle/testdata/new_expression_class_value.a	1791555353.898335	1791555353.955631	0
head	c	internal/oracle/testdata/new_expression_class_value.a	1791555353.958076	1791555354.011693	0
base	c	internal/oracle/testdata/new_expression_uint16.a	1791555354.016074	1791555354.061447	1
head	c	internal/oracle/testdata/new_expression_uint16.a	1791555354.063290	1791555354.107381	1
base	c	internal/oracle/testdata/new_expression_uint16_notyet.a	1791555354.111582	1791555354.156716	1
head	c	internal/oracle/testdata/new_expression_uint16_notyet.a	1791555354.158441	1791555354.202711	1
base	c	internal/oracle/testdata/node_buffer_bom.a	1791555354.206633	1791555354.224043	1
head	c	internal/oracle/testdata/node_buffer_bom.a	1791555354.225526	1791555354.242842	1
base	c	internal/oracle/testdata/node_buffer_crypto.a	1791555354.246670	1791555354.263165	1
head	c	internal/oracle/testdata/node_buffer_crypto.a	1791555354.264856	1791555354.283224	1
base	c	internal/oracle/testdata/node_buffer_digest_twice.a	1791555354.287772	1791555354.306788	1
head	c	internal/oracle/testdata/node_buffer_digest_twice.a	1791555354.308969	1791555354.326017	1
base	c	internal/oracle/testdata/node_buffer_encodings.a	1791555354.331527	1791555354.352762	1
head	c	internal/oracle/testdata/node_buffer_encodings.a	1791555354.354572	1791555354.375043	1
base	c	internal/oracle/testdata/node_buffer_finalized.a	1791555354.379007	1791555354.396393	1
head	c	internal/oracle/testdata/node_buffer_finalized.a	1791555354.397985	1791555354.415307	1
base	c	internal/oracle/testdata/node_buffer_input.a	1791555354.420227	1791555354.437742	1
head	c	internal/oracle/testdata/node_buffer_input.a	1791555354.439464	1791555354.457987	1
base	c	internal/oracle/testdata/node_buffer_random.a	1791555354.464001	1791555354.481413	1
head	c	internal/oracle/testdata/node_buffer_random.a	1791555354.482936	1791555354.500431	1
base	c	internal/oracle/testdata/node_buffer_utf16.a	1791555354.504164	1791555354.523274	1
head	c	internal/oracle/testdata/node_buffer_utf16.a	1791555354.524900	1791555354.543351	1
base	c	internal/oracle/testdata/node_buffer_utf8.a	1791555354.548021	1791555354.565044	1
head	c	internal/oracle/testdata/node_buffer_utf8.a	1791555354.566551	1791555354.584152	1
base	c	internal/oracle/testdata/node_buffer_writes.a	1791555354.588746	1791555354.605886	1
head	c	internal/oracle/testdata/node_buffer_writes.a	1791555354.607581	1791555354.625353	1
base	c	internal/oracle/testdata/node_fs_file_close.a	1791555354.629360	1791555354.647979	1
head	c	internal/oracle/testdata/node_fs_file_close.a	1791555354.649440	1791555354.666297	1
base	c	internal/oracle/testdata/node_fs_file_date.a	1791555354.670172	1791555354.716144	0
head	c	internal/oracle/testdata/node_fs_file_date.a	1791555354.717912	1791555354.767914	0
base	c	internal/oracle/testdata/node_fs_file_mkdir.a	1791555354.771767	1791555354.789472	1
head	c	internal/oracle/testdata/node_fs_file_mkdir.a	1791555354.790910	1791555354.808367	1
base	c	internal/oracle/testdata/node_fs_file_write_buffer.a	1791555354.812129	1791555354.828630	1
head	c	internal/oracle/testdata/node_fs_file_write_buffer.a	1791555354.830100	1791555354.848263	1
base	c	internal/oracle/testdata/node_fs_file_write_file.a	1791555354.852137	1791555354.871176	1
head	c	internal/oracle/testdata/node_fs_file_write_file.a	1791555354.872992	1791555354.890674	1
base	c	internal/oracle/testdata/non_null_possible_read.a	1791555354.894401	1791555354.938656	1
head	c	internal/oracle/testdata/non_null_possible_read.a	1791555354.940299	1791555354.984718	1
base	c	internal/oracle/testdata/non_null_possible_typeerror.a	1791555354.988853	1791555355.033583	1
head	c	internal/oracle/testdata/non_null_possible_typeerror.a	1791555355.035309	1791555355.079682	1
base	c	internal/oracle/testdata/non_null_refuse_argument.a	1791555355.083638	1791555355.131595	1
head	c	internal/oracle/testdata/non_null_refuse_argument.a	1791555355.133538	1791555355.181355	1
base	c	internal/oracle/testdata/non_null_refuse_checked.a	1791555355.185520	1791555355.237269	1
head	c	internal/oracle/testdata/non_null_refuse_checked.a	1791555355.239073	1791555355.286233	1
base	c	internal/oracle/testdata/non_null_refuse_comparison.a	1791555355.290500	1791555355.341565	1
head	c	internal/oracle/testdata/non_null_refuse_comparison.a	1791555355.343374	1791555355.397995	1
base	c	internal/oracle/testdata/non_null_refuse_conditional.a	1791555355.402819	1791555355.456343	1
head	c	internal/oracle/testdata/non_null_refuse_conditional.a	1791555355.458025	1791555355.508256	1
base	c	internal/oracle/testdata/non_null_refuse_default.a	1791555355.512737	1791555355.563283	1
head	c	internal/oracle/testdata/non_null_refuse_default.a	1791555355.565645	1791555355.614497	1
base	c	internal/oracle/testdata/non_null_refuse_element.a	1791555355.618886	1791555355.666896	1
head	c	internal/oracle/testdata/non_null_refuse_element.a	1791555355.668900	1791555355.718016	1
base	c	internal/oracle/testdata/non_null_refuse_expression.a	1791555355.722174	1791555355.770208	1
head	c	internal/oracle/testdata/non_null_refuse_expression.a	1791555355.772002	1791555355.820081	1
base	c	internal/oracle/testdata/non_null_refuse_logical.a	1791555355.824354	1791555355.871292	1
head	c	internal/oracle/testdata/non_null_refuse_logical.a	1791555355.873042	1791555355.922577	1
base	c	internal/oracle/testdata/non_null_refuse_null.a	1791555355.926959	1791555355.974574	1
head	c	internal/oracle/testdata/non_null_refuse_null.a	1791555355.976337	1791555356.027127	1
base	c	internal/oracle/testdata/non_null_refuse_return.a	1791555356.031619	1791555356.092520	1
head	c	internal/oracle/testdata/non_null_refuse_return.a	1791555356.094497	1791555356.141998	1
base	c	internal/oracle/testdata/non_null_refuse_spread.a	1791555356.146556	1791555356.199358	1
head	c	internal/oracle/testdata/non_null_refuse_spread.a	1791555356.201141	1791555356.251891	1
base	c	internal/oracle/testdata/non_null_refuse_undefined.a	1791555356.255985	1791555356.305566	1
head	c	internal/oracle/testdata/non_null_refuse_undefined.a	1791555356.307292	1791555356.354972	1
base	c	internal/oracle/testdata/normalize.a	1791555356.359443	1791555356.414539	0
head	c	internal/oracle/testdata/normalize.a	1791555356.416141	1791555356.467777	0
base	c	internal/oracle/testdata/normalize_coverage_cache.a	1791555356.471932	1791555356.523650	0
head	c	internal/oracle/testdata/normalize_coverage_cache.a	1791555356.525300	1791555356.577370	0
base	c	internal/oracle/testdata/normalize_coverage_limit.a	1791555356.581433	1791555356.631546	0
head	c	internal/oracle/testdata/normalize_coverage_limit.a	1791555356.633214	1791555356.682706	0
base	c	internal/oracle/testdata/normalize_coverage_long.a	1791555356.686820	1791555356.738104	0
head	c	internal/oracle/testdata/normalize_coverage_long.a	1791555356.740066	1791555356.792955	0
base	c	internal/oracle/testdata/normalize_coverage_quick.a	1791555356.797161	1791555356.852301	0
head	c	internal/oracle/testdata/normalize_coverage_quick.a	1791555356.854295	1791555356.911383	0
base	c	internal/oracle/testdata/normalize_coverage_repeat.a	1791555356.916957	1791555356.969161	0
head	c	internal/oracle/testdata/normalize_coverage_repeat.a	1791555356.971033	1791555357.023175	0
base	c	internal/oracle/testdata/normalize_coverage_stream.a	1791555357.027566	1791555357.080239	0
head	c	internal/oracle/testdata/normalize_coverage_stream.a	1791555357.082049	1791555357.134135	0
base	c	internal/oracle/testdata/normalize_form.a	1791555357.138269	1791555357.189151	0
head	c	internal/oracle/testdata/normalize_form.a	1791555357.191081	1791555357.239013	0
base	c	internal/oracle/testdata/normalize_long_marks.a	1791555357.243343	1791555357.296369	0
head	c	internal/oracle/testdata/normalize_long_marks.a	1791555357.298226	1791555357.349674	0
base	c	internal/oracle/testdata/notyet_library_object_entries_const.a	1791555357.353652	1791555357.409429	0
head	c	internal/oracle/testdata/notyet_library_object_entries_const.a	1791555357.411395	1791555357.464399	0
base	c	internal/oracle/testdata/notyet_library_regex_callback.a	1791555357.468727	1791555357.521272	0
head	c	internal/oracle/testdata/notyet_library_regex_callback.a	1791555357.523029	1791555357.574788	0
base	c	internal/oracle/testdata/notyet_library_regex_offset.a	1791555357.579232	1791555357.632107	0
head	c	internal/oracle/testdata/notyet_library_regex_offset.a	1791555357.633818	1791555357.686427	0
base	c	internal/oracle/testdata/notyet_library_string_bounds.a	1791555357.690562	1791555357.742522	0
head	c	internal/oracle/testdata/notyet_library_string_bounds.a	1791555357.745049	1791555357.798106	0
base	c	internal/oracle/testdata/number_edges.a	1791555357.806448	1791555357.861742	0
head	c	internal/oracle/testdata/number_edges.a	1791555357.863832	1791555357.918742	0
base	c	internal/oracle/testdata/number_formats.a	1791555357.922771	1791555357.979759	0
head	c	internal/oracle/testdata/number_formats.a	1791555357.981498	1791555358.038933	0
base	c	internal/oracle/testdata/number_parsing.a	1791555358.043238	1791555358.096361	0
head	c	internal/oracle/testdata/number_parsing.a	1791555358.098090	1791555358.149727	0
base	c	internal/oracle/testdata/numbers.a	1791555358.153675	1791555358.206465	0
head	c	internal/oracle/testdata/numbers.a	1791555358.209016	1791555358.260730	0
base	c	internal/oracle/testdata/object_prototype.a	1791555358.264863	1791555358.338381	0
head	c	internal/oracle/testdata/object_prototype.a	1791555358.340600	1791555358.412519	0
base	c	internal/oracle/testdata/objects.a	1791555358.417039	1791555358.473652	0
head	c	internal/oracle/testdata/objects.a	1791555358.475623	1791555358.529927	0
base	c	internal/oracle/testdata/omitted_boolean.a	1791555358.534146	1791555358.587951	0
head	c	internal/oracle/testdata/omitted_boolean.a	1791555358.589750	1791555358.646496	0
base	c	internal/oracle/testdata/omitted_defaults.a	1791555358.650738	1791555358.701432	0
head	c	internal/oracle/testdata/omitted_defaults.a	1791555358.703165	1791555358.754670	0
base	c	internal/oracle/testdata/omitted_methods.a	1791555358.758689	1791555358.807980	0
head	c	internal/oracle/testdata/omitted_methods.a	1791555358.809819	1791555358.862217	0
base	c	internal/oracle/testdata/omitted_number.a	1791555358.866530	1791555358.923308	0
head	c	internal/oracle/testdata/omitted_number.a	1791555358.925326	1791555358.980519	0
base	c	internal/oracle/testdata/omitted_object.a	1791555358.985497	1791555359.041334	0
head	c	internal/oracle/testdata/omitted_object.a	1791555359.043439	1791555359.097214	0
base	c	internal/oracle/testdata/omitted_reader.a	1791555359.101477	1791555359.153954	0
head	c	internal/oracle/testdata/omitted_reader.a	1791555359.156510	1791555359.209736	0
base	c	internal/oracle/testdata/omitted_reader_direct.a	1791555359.214114	1791555359.268115	0
head	c	internal/oracle/testdata/omitted_reader_direct.a	1791555359.269998	1791555359.322985	0
base	c	internal/oracle/testdata/omitted_reader_override.a	1791555359.327407	1791555359.379435	0
head	c	internal/oracle/testdata/omitted_reader_override.a	1791555359.381285	1791555359.434794	0
base	c	internal/oracle/testdata/omitted_reader_string.a	1791555359.439820	1791555359.498415	0
head	c	internal/oracle/testdata/omitted_reader_string.a	1791555359.500451	1791555359.555151	0
base	c	internal/oracle/testdata/omitted_scanner.a	1791555359.559715	1791555359.612982	0
head	c	internal/oracle/testdata/omitted_scanner.a	1791555359.614899	1791555359.668084	0
base	c	internal/oracle/testdata/omitted_scanner_explicit.a	1791555359.672665	1791555359.726338	0
head	c	internal/oracle/testdata/omitted_scanner_explicit.a	1791555359.728057	1791555359.778772	0
base	c	internal/oracle/testdata/omitted_scanner_required.a	1791555359.782996	1791555359.833521	0
head	c	internal/oracle/testdata/omitted_scanner_required.a	1791555359.835322	1791555359.885416	0
base	c	internal/oracle/testdata/omitted_string.a	1791555359.889618	1791555359.942552	0
head	c	internal/oracle/testdata/omitted_string.a	1791555359.944481	1791555359.997554	0
base	c	internal/oracle/testdata/optional_class_method.a	1791555360.001464	1791555360.057240	0
head	c	internal/oracle/testdata/optional_class_method.a	1791555360.058971	1791555360.113481	0
base	c	internal/oracle/testdata/optional_indexing_array.a	1791555360.117579	1791555360.176236	0
head	c	internal/oracle/testdata/optional_indexing_array.a	1791555360.178103	1791555360.235512	0
base	c	internal/oracle/testdata/optional_indexing_chain.a	1791555360.239687	1791555360.307084	0
head	c	internal/oracle/testdata/optional_indexing_chain.a	1791555360.308911	1791555360.376161	0
base	c	internal/oracle/testdata/optional_indexing_map.a	1791555360.380744	1791555360.434592	0
head	c	internal/oracle/testdata/optional_indexing_map.a	1791555360.436373	1791555360.490512	0
base	c	internal/oracle/testdata/optional_indexing_string.a	1791555360.494881	1791555360.547895	0
head	c	internal/oracle/testdata/optional_indexing_string.a	1791555360.549694	1791555360.598427	0
base	c	internal/oracle/testdata/optional_indexing_string_gap.a	1791555360.602550	1791555360.653788	0
head	c	internal/oracle/testdata/optional_indexing_string_gap.a	1791555360.655537	1791555360.704637	0
base	c	internal/oracle/testdata/optional_indexing_typed_array.a	1791555360.708730	1791555360.763833	0
head	c	internal/oracle/testdata/optional_indexing_typed_array.a	1791555360.765613	1791555360.824896	0
base	c	internal/oracle/testdata/optional_numbers.a	1791555360.829238	1791555360.882806	0
head	c	internal/oracle/testdata/optional_numbers.a	1791555360.884750	1791555360.938772	0
base	c	internal/oracle/testdata/optional_strings.a	1791555360.943010	1791555361.008637	0
head	c	internal/oracle/testdata/optional_strings.a	1791555361.010586	1791555361.062119	0
base	c	internal/oracle/testdata/optional_widening_class.a	1791555361.067257	1791555361.117714	0
head	c	internal/oracle/testdata/optional_widening_class.a	1791555361.119602	1791555361.171379	0
base	c	internal/oracle/testdata/optional_widening_declared.a	1791555361.175799	1791555361.226424	0
head	c	internal/oracle/testdata/optional_widening_declared.a	1791555361.228282	1791555361.280256	0
base	c	internal/oracle/testdata/optional_widening_fresh.a	1791555361.284417	1791555361.336863	0
head	c	internal/oracle/testdata/optional_widening_fresh.a	1791555361.338539	1791555361.387109	0
base	c	internal/oracle/testdata/output_then_panic.a	1791555361.391623	1791555361.442897	0
head	c	internal/oracle/testdata/output_then_panic.a	1791555361.444749	1791555361.493591	0
base	c	internal/oracle/testdata/overload_ancestor_directory.a	1791555361.498210	1791555361.548998	0
head	c	internal/oracle/testdata/overload_ancestor_directory.a	1791555361.550822	1791555361.605358	0
base	c	internal/oracle/testdata/overload_array_to_map.a	1791555361.609699	1791555361.662410	0
head	c	internal/oracle/testdata/overload_array_to_map.a	1791555361.664050	1791555361.716844	0
base	c	internal/oracle/testdata/overload_array_to_multimap.a	1791555361.721141	1791555361.773502	0
head	c	internal/oracle/testdata/overload_array_to_multimap.a	1791555361.775221	1791555361.827594	0
base	c	internal/oracle/testdata/overload_array_to_numeric_map.a	1791555361.831711	1791555361.882851	0
head	c	internal/oracle/testdata/overload_array_to_numeric_map.a	1791555361.884801	1791555361.936331	0
base	c	internal/oracle/testdata/overload_inference_contracts.a	1791555361.940789	1791555361.991655	0
head	c	internal/oracle/testdata/overload_inference_contracts.a	1791555361.993558	1791555362.043420	0
base	c	internal/oracle/testdata/overload_leading_comment_range.a	1791555362.049147	1791555362.099574	0
head	c	internal/oracle/testdata/overload_leading_comment_range.a	1791555362.101281	1791555362.149653	0
base	c	internal/oracle/testdata/overload_mutate_map.a	1791555362.154006	1791555362.207270	0
head	c	internal/oracle/testdata/overload_mutate_map.a	1791555362.208950	1791555362.262358	0
base	c	internal/oracle/testdata/overload_mutate_map_skipping_new.a	1791555362.266475	1791555362.319135	0
head	c	internal/oracle/testdata/overload_mutate_map_skipping_new.a	1791555362.320977	1791555362.376080	0
base	c	internal/oracle/testdata/overload_original_node.a	1791555362.380474	1791555362.430401	0
head	c	internal/oracle/testdata/overload_original_node.a	1791555362.432140	1791555362.482855	0
base	c	internal/oracle/testdata/overload_resolve_type_names.a	1791555362.486980	1791555362.539217	0
head	c	internal/oracle/testdata/overload_resolve_type_names.a	1791555362.540907	1791555362.593548	0
base	c	internal/oracle/testdata/overload_sort_deduplicate.a	1791555362.598885	1791555362.652876	0
head	c	internal/oracle/testdata/overload_sort_deduplicate.a	1791555362.654674	1791555362.706557	0
base	c	internal/oracle/testdata/overload_trailing_comment_range.a	1791555362.710907	1791555362.757252	0
head	c	internal/oracle/testdata/overload_trailing_comment_range.a	1791555362.759004	1791555362.804221	0
base	c	internal/oracle/testdata/override_same_representation.a	1791555362.808721	1791555362.854578	0
head	c	internal/oracle/testdata/override_same_representation.a	1791555362.856281	1791555362.902504	0
base	c	internal/oracle/testdata/pad_too_long.a	1791555362.906244	1791555362.949675	0
head	c	internal/oracle/testdata/pad_too_long.a	1791555362.951361	1791555363.000206	0
base	c	internal/oracle/testdata/panic.a	1791555363.004403	1791555363.055959	0
head	c	internal/oracle/testdata/panic.a	1791555363.057652	1791555363.110403	0
base	c	internal/oracle/testdata/panic_in_try.a	1791555363.114844	1791555363.159397	0
head	c	internal/oracle/testdata/panic_in_try.a	1791555363.161304	1791555363.210381	0
base	c	internal/oracle/testdata/param_assigned_in_try.a	1791555363.214722	1791555363.268883	0
head	c	internal/oracle/testdata/param_assigned_in_try.a	1791555363.271011	1791555363.325548	0
base	c	internal/oracle/testdata/parameter_properties.a	1791555363.329729	1791555363.395718	0
head	c	internal/oracle/testdata/parameter_properties.a	1791555363.397703	1791555363.459774	0
base	c	internal/oracle/testdata/parameter_properties_kinds.a	1791555363.464140	1791555363.527383	0
head	c	internal/oracle/testdata/parameter_properties_kinds.a	1791555363.529402	1791555363.593829	0
base	c	internal/oracle/testdata/parameter_properties_levels.a	1791555363.598141	1791555363.660816	0
head	c	internal/oracle/testdata/parameter_properties_levels.a	1791555363.662615	1791555363.722730	0
base	c	internal/oracle/testdata/parameter_properties_ownership.a	1791555363.727277	1791555363.785388	0
head	c	internal/oracle/testdata/parameter_properties_ownership.a	1791555363.787427	1791555363.842435	0
base	c	internal/oracle/testdata/params_namespaces_callbacks.a	1791555363.847253	1791555363.903583	0
head	c	internal/oracle/testdata/params_namespaces_callbacks.a	1791555363.905477	1791555363.961392	0
base	c	internal/oracle/testdata/params_namespaces_dotted.a	1791555363.965895	1791555364.027596	0
head	c	internal/oracle/testdata/params_namespaces_dotted.a	1791555364.029489	1791555364.090423	0
base	c	internal/oracle/testdata/params_namespaces_order.a	1791555364.095958	1791555364.156379	0
head	c	internal/oracle/testdata/params_namespaces_order.a	1791555364.158284	1791555364.221021	0
base	c	internal/oracle/testdata/params_namespaces_overrides.a	1791555364.225502	1791555364.281512	0
head	c	internal/oracle/testdata/params_namespaces_overrides.a	1791555364.283288	1791555364.340466	0
base	c	internal/oracle/testdata/params_namespaces_types.a	1791555364.345026	1791555364.397092	0
head	c	internal/oracle/testdata/params_namespaces_types.a	1791555364.399126	1791555364.453798	0
base	c	internal/oracle/testdata/params_namespaces_values.a	1791555364.458408	1791555364.522644	0
head	c	internal/oracle/testdata/params_namespaces_values.a	1791555364.524460	1791555364.589434	0
base	c	internal/oracle/testdata/pow_fractional.a	1791555364.593895	1791555364.644786	0
head	c	internal/oracle/testdata/pow_fractional.a	1791555364.646613	1791555364.697673	0
base	c	internal/oracle/testdata/power_of_two_string.a	1791555364.702011	1791555364.753384	0
head	c	internal/oracle/testdata/power_of_two_string.a	1791555364.755461	1791555364.803393	0
base	c	internal/oracle/testdata/precision_range.a	1791555364.807363	1791555364.853150	0
head	c	internal/oracle/testdata/precision_range.a	1791555364.854847	1791555364.900802	0
base	c	internal/oracle/testdata/prompt_then_read.a	1791555364.905079	1791555364.951259	0
head	c	internal/oracle/testdata/prompt_then_read.a	1791555364.953081	1791555364.997338	0
base	c	internal/oracle/testdata/proven_assertions.a	1791555365.003561	1791555365.053714	0
head	c	internal/oracle/testdata/proven_assertions.a	1791555365.055646	1791555365.101971	0
base	c	internal/oracle/testdata/proven_class_guards.a	1791555365.106002	1791555365.153998	0
head	c	internal/oracle/testdata/proven_class_guards.a	1791555365.156000	1791555365.204721	0
base	c	internal/oracle/testdata/proven_guards.a	1791555365.208745	1791555365.262600	0
head	c	internal/oracle/testdata/proven_guards.a	1791555365.264425	1791555365.316489	0
base	c	internal/oracle/testdata/proven_satisfies.a	1791555365.321674	1791555365.376541	0
head	c	internal/oracle/testdata/proven_satisfies.a	1791555365.378271	1791555365.433252	0
base	c	internal/oracle/testdata/proven_upcasts.a	1791555365.437349	1791555365.490993	0
head	c	internal/oracle/testdata/proven_upcasts.a	1791555365.493003	1791555365.544675	0
base	c	internal/oracle/testdata/radix_range.a	1791555365.548751	1791555365.597238	0
head	c	internal/oracle/testdata/radix_range.a	1791555365.599049	1791555365.642594	0
base	c	internal/oracle/testdata/radixes.a	1791555365.646628	1791555365.698425	0
head	c	internal/oracle/testdata/radixes.a	1791555365.700151	1791555365.754910	0
base	c	internal/oracle/testdata/read_arguments.a	1791555365.760110	1791555365.805703	0
head	c	internal/oracle/testdata/read_arguments.a	1791555365.807789	1791555365.854866	0
base	c	internal/oracle/testdata/read_files.a	1791555365.858983	1791555365.910215	0
head	c	internal/oracle/testdata/read_files.a	1791555365.912062	1791555365.963251	0
base	c	internal/oracle/testdata/read_order.a	1791555365.967454	1791555366.015730	0
head	c	internal/oracle/testdata/read_order.a	1791555366.017474	1791555366.068819	0
base	c	internal/oracle/testdata/regexp.a	1791555366.072839	1791555366.164686	0
head	c	internal/oracle/testdata/regexp.a	1791555366.166830	1791555366.252656	0
base	c	internal/oracle/testdata/regexp_cycle_closures.a	1791555366.256936	1791555366.306986	0
head	c	internal/oracle/testdata/regexp_cycle_closures.a	1791555366.309130	1791555366.355927	0
base	c	internal/oracle/testdata/regexp_cycle_collections.a	1791555366.361065	1791555366.413408	0
head	c	internal/oracle/testdata/regexp_cycle_collections.a	1791555366.415100	1791555366.466780	0
base	c	internal/oracle/testdata/regexp_cycle_fields.a	1791555366.472156	1791555366.548831	0
head	c	internal/oracle/testdata/regexp_cycle_fields.a	1791555366.550696	1791555366.616457	0
base	c	internal/oracle/testdata/regexp_cycle_weak.a	1791555366.620845	1791555366.679763	0
head	c	internal/oracle/testdata/regexp_cycle_weak.a	1791555366.681520	1791555366.734842	0
base	c	internal/oracle/testdata/regexp_exec.a	1791555366.738812	1791555366.787532	0
head	c	internal/oracle/testdata/regexp_exec.a	1791555366.789347	1791555366.837253	0
base	c	internal/oracle/testdata/regexp_match.a	1791555366.841091	1791555366.892600	0
head	c	internal/oracle/testdata/regexp_match.a	1791555366.894974	1791555366.944350	0
base	c	internal/oracle/testdata/regexp_matchall_nonglobal.a	1791555366.949105	1791555366.998664	0
head	c	internal/oracle/testdata/regexp_matchall_nonglobal.a	1791555367.001155	1791555367.061057	0
base	c	internal/oracle/testdata/regexp_null_narrowed.a	1791555367.065602	1791555367.117652	0
head	c	internal/oracle/testdata/regexp_null_narrowed.a	1791555367.119415	1791555367.171341	0
base	c	internal/oracle/testdata/regexp_replace.a	1791555367.176108	1791555367.225004	0
head	c	internal/oracle/testdata/regexp_replace.a	1791555367.226892	1791555367.277980	0
base	c	internal/oracle/testdata/regexp_replaceall_nonglobal.a	1791555367.282228	1791555367.331699	0
head	c	internal/oracle/testdata/regexp_replaceall_nonglobal.a	1791555367.333607	1791555367.379068	0
base	c	internal/oracle/testdata/regexp_search.a	1791555367.383604	1791555367.433703	0
head	c	internal/oracle/testdata/regexp_search.a	1791555367.435618	1791555367.488448	0
base	c	internal/oracle/testdata/regexp_split.a	1791555367.492737	1791555367.542588	0
head	c	internal/oracle/testdata/regexp_split.a	1791555367.544524	1791555367.595396	0
base	c	internal/oracle/testdata/regexp_split_pair_pattern.a	1791555367.599562	1791555367.654053	0
head	c	internal/oracle/testdata/regexp_split_pair_pattern.a	1791555367.655831	1791555367.710874	0
base	c	internal/oracle/testdata/regexp_unicode.a	1791555367.715889	1791555367.774704	0
head	c	internal/oracle/testdata/regexp_unicode.a	1791555367.776693	1791555367.835138	0
base	c	internal/oracle/testdata/regions.a	1791555367.839207	1791555367.902924	0
head	c	internal/oracle/testdata/regions.a	1791555367.904714	1791555367.965616	0
base	c	internal/oracle/testdata/regions_constructor_capture.a	1791555367.970217	1791555368.023554	0
head	c	internal/oracle/testdata/regions_constructor_capture.a	1791555368.025509	1791555368.075791	0
base	c	internal/oracle/testdata/regions_throw.a	1791555368.080113	1791555368.129230	0
head	c	internal/oracle/testdata/regions_throw.a	1791555368.131100	1791555368.185960	0
base	c	internal/oracle/testdata/replace_all_large.a	1791555368.190323	1791555368.238704	0
head	c	internal/oracle/testdata/replace_all_large.a	1791555368.240681	1791555368.289614	0
base	c	internal/oracle/testdata/representation_clock_source.a	1791555368.294491	1791555368.349172	0
head	c	internal/oracle/testdata/representation_clock_source.a	1791555368.350839	1791555368.398913	0
base	c	internal/oracle/testdata/return_panic.a	1791555368.402994	1791555368.461076	0
head	c	internal/oracle/testdata/return_panic.a	1791555368.462914	1791555368.514125	0
base	c	internal/oracle/testdata/return_panic_fires.a	1791555368.518406	1791555368.573520	0
head	c	internal/oracle/testdata/return_panic_fires.a	1791555368.575524	1791555368.631859	0
base	c	internal/oracle/testdata/reuse.a	1791555368.636335	1791555368.701598	0
head	c	internal/oracle/testdata/reuse.a	1791555368.703374	1791555368.757830	0
base	c	internal/oracle/testdata/reuse_arrays.a	1791555368.762212	1791555368.820112	0
head	c	internal/oracle/testdata/reuse_arrays.a	1791555368.822074	1791555368.879548	0
base	c	internal/oracle/testdata/reuse_foreach_global.a	1791555368.883953	1791555368.943100	0
head	c	internal/oracle/testdata/reuse_foreach_global.a	1791555368.945878	1791555369.006041	0
base	c	internal/oracle/testdata/reuse_forward.a	1791555369.010981	1791555369.068992	0
head	c	internal/oracle/testdata/reuse_forward.a	1791555369.071624	1791555369.123121	0
base	c	internal/oracle/testdata/reuse_global_sibling.a	1791555369.127644	1791555369.180918	0
head	c	internal/oracle/testdata/reuse_global_sibling.a	1791555369.182708	1791555369.236112	0
base	c	internal/oracle/testdata/reuse_lent_global.a	1791555369.240791	1791555369.293316	0
head	c	internal/oracle/testdata/reuse_lent_global.a	1791555369.295102	1791555369.349125	0
base	c	internal/oracle/testdata/reuse_narrowed.a	1791555369.353547	1791555369.404170	0
head	c	internal/oracle/testdata/reuse_narrowed.a	1791555369.405910	1791555369.454543	0
base	c	internal/oracle/testdata/reuse_spread_method.a	1791555369.458589	1791555369.512332	0
head	c	internal/oracle/testdata/reuse_spread_method.a	1791555369.513977	1791555369.562784	0
base	c	internal/oracle/testdata/reuse_spread_method_alias.a	1791555369.567026	1791555369.620246	0
head	c	internal/oracle/testdata/reuse_spread_method_alias.a	1791555369.622162	1791555369.675285	0
base	c	internal/oracle/testdata/reuse_throw.a	1791555369.679441	1791555369.732212	0
head	c	internal/oracle/testdata/reuse_throw.a	1791555369.733876	1791555369.789231	0
base	c	internal/oracle/testdata/reuse_weak_after_reuse.a	1791555369.793202	1791555369.846540	0
head	c	internal/oracle/testdata/reuse_weak_after_reuse.a	1791555369.848529	1791555369.900081	0
base	c	internal/oracle/testdata/reuse_weak_during_spread.a	1791555369.904485	1791555369.958069	0
head	c	internal/oracle/testdata/reuse_weak_during_spread.a	1791555369.960104	1791555370.016404	0
base	c	internal/oracle/testdata/route_targets_accessor.a	1791555370.020740	1791555370.075553	0
head	c	internal/oracle/testdata/route_targets_accessor.a	1791555370.077410	1791555370.132307	0
base	c	internal/oracle/testdata/route_targets_bound_method.a	1791555370.136635	1791555370.194481	0
head	c	internal/oracle/testdata/route_targets_bound_method.a	1791555370.196479	1791555370.252923	0
base	c	internal/oracle/testdata/route_targets_callbacks.a	1791555370.257027	1791555370.314073	0
head	c	internal/oracle/testdata/route_targets_callbacks.a	1791555370.315876	1791555370.372672	0
base	c	internal/oracle/testdata/route_targets_recursive.a	1791555370.377589	1791555370.434983	0
head	c	internal/oracle/testdata/route_targets_recursive.a	1791555370.436780	1791555370.493265	0
base	c	internal/oracle/testdata/route_targets_sort_values.a	1791555370.498053	1791555370.560690	0
head	c	internal/oracle/testdata/route_targets_sort_values.a	1791555370.562477	1791555370.621522	0
base	c	internal/oracle/testdata/route_targets_try_loop.a	1791555370.626428	1791555370.683285	0
head	c	internal/oracle/testdata/route_targets_try_loop.a	1791555370.685472	1791555370.741015	0
base	c	internal/oracle/testdata/route_targets_unknown.a	1791555370.745501	1791555370.802319	0
head	c	internal/oracle/testdata/route_targets_unknown.a	1791555370.804873	1791555370.862804	0
base	c	internal/oracle/testdata/route_targets_virtual_fresh.a	1791555370.867310	1791555370.928771	0
head	c	internal/oracle/testdata/route_targets_virtual_fresh.a	1791555370.931070	1791555370.991251	0
base	c	internal/oracle/testdata/runtime_last_index_of.a	1791555370.995833	1791555371.080901	0
head	c	internal/oracle/testdata/runtime_last_index_of.a	1791555371.084570	1791555371.153261	0
base	c	internal/oracle/testdata/scanner_nested_overload.a	1791555371.158302	1791555371.215896	0
head	c	internal/oracle/testdata/scanner_nested_overload.a	1791555371.217790	1791555371.273874	0
base	c	internal/oracle/testdata/search_from.a	1791555371.278406	1791555371.332257	0
head	c	internal/oracle/testdata/search_from.a	1791555371.334206	1791555371.389641	0
base	c	internal/oracle/testdata/search_from_sweep.a	1791555371.394019	1791555371.452091	0
head	c	internal/oracle/testdata/search_from_sweep.a	1791555371.453924	1791555371.510759	0
base	c	internal/oracle/testdata/search_halves.a	1791555371.515315	1791555371.570174	0
head	c	internal/oracle/testdata/search_halves.a	1791555371.572857	1791555371.631281	0
base	c	internal/oracle/testdata/searches.a	1791555371.635813	1791555371.698967	0
head	c	internal/oracle/testdata/searches.a	1791555371.701053	1791555371.762025	0
base	c	internal/oracle/testdata/self_assignments.a	1791555371.766464	1791555371.819992	0
head	c	internal/oracle/testdata/self_assignments.a	1791555371.821836	1791555371.876055	0
base	c	internal/oracle/testdata/set_foreach_arrays.a	1791555371.880272	1791555371.939991	0
head	c	internal/oracle/testdata/set_foreach_arrays.a	1791555371.941839	1791555372.002781	0
base	c	internal/oracle/testdata/set_foreach_closures.a	1791555372.007098	1791555372.065647	0
head	c	internal/oracle/testdata/set_foreach_closures.a	1791555372.067672	1791555372.122432	0
base	c	internal/oracle/testdata/set_foreach_fnexpr.a	1791555372.127541	1791555372.180355	0
head	c	internal/oracle/testdata/set_foreach_fnexpr.a	1791555372.182018	1791555372.234016	0
base	c	internal/oracle/testdata/set_foreach_keep.a	1791555372.238451	1791555372.295707	0
head	c	internal/oracle/testdata/set_foreach_keep.a	1791555372.297469	1791555372.352903	0
base	c	internal/oracle/testdata/set_foreach_keys.a	1791555372.357100	1791555372.411525	0
head	c	internal/oracle/testdata/set_foreach_keys.a	1791555372.413519	1791555372.462625	0
base	c	internal/oracle/testdata/set_foreach_named_closures.a	1791555372.467633	1791555372.525874	0
head	c	internal/oracle/testdata/set_foreach_named_closures.a	1791555372.527805	1791555372.584802	0
base	c	internal/oracle/testdata/set_foreach_named_keys.a	1791555372.589030	1791555372.641748	0
head	c	internal/oracle/testdata/set_foreach_named_keys.a	1791555372.643844	1791555372.695042	0
base	c	internal/oracle/testdata/set_foreach_named_more.a	1791555372.699321	1791555372.754744	0
head	c	internal/oracle/testdata/set_foreach_named_more.a	1791555372.756693	1791555372.815142	0
base	c	internal/oracle/testdata/set_foreach_named_objects.a	1791555372.819662	1791555372.874919	0
head	c	internal/oracle/testdata/set_foreach_named_objects.a	1791555372.876892	1791555372.932935	0
base	c	internal/oracle/testdata/set_foreach_numbers.a	1791555372.936980	1791555372.990783	0
head	c	internal/oracle/testdata/set_foreach_numbers.a	1791555372.992662	1791555373.044482	0
base	c	internal/oracle/testdata/set_foreach_objects.a	1791555373.048708	1791555373.112689	0
head	c	internal/oracle/testdata/set_foreach_objects.a	1791555373.114587	1791555373.177349	0
base	c	internal/oracle/testdata/set_maybe_numbers.a	1791555373.181596	1791555373.239902	0
head	c	internal/oracle/testdata/set_maybe_numbers.a	1791555373.241883	1791555373.297655	0
base	c	internal/oracle/testdata/set_undefined.a	1791555373.302686	1791555373.358811	0
head	c	internal/oracle/testdata/set_undefined.a	1791555373.360967	1791555373.417505	0
base	c	internal/oracle/testdata/sets.a	1791555373.421792	1791555373.486690	0
head	c	internal/oracle/testdata/sets.a	1791555373.488453	1791555373.552171	0
base	c	internal/oracle/testdata/shadowing.a	1791555373.556771	1791555373.609046	0
head	c	internal/oracle/testdata/shadowing.a	1791555373.611003	1791555373.662780	0
base	c	internal/oracle/testdata/shared_slice_append.a	1791555373.666886	1791555373.730755	0
head	c	internal/oracle/testdata/shared_slice_append.a	1791555373.732860	1791555373.795565	0
base	c	internal/oracle/testdata/shared_slices.a	1791555373.800418	1791555373.865052	0
head	c	internal/oracle/testdata/shared_slices.a	1791555373.867084	1791555373.928879	0
base	c	internal/oracle/testdata/size_class_churn.a	1791555373.933470	1791555373.990742	0
head	c	internal/oracle/testdata/size_class_churn.a	1791555373.992726	1791555374.049236	0
base	c	internal/oracle/testdata/sort_releases.a	1791555374.054448	1791555374.112472	0
head	c	internal/oracle/testdata/sort_releases.a	1791555374.114297	1791555374.170075	0
base	c	internal/oracle/testdata/sort_top_level.a	1791555374.175073	1791555374.228847	0
head	c	internal/oracle/testdata/sort_top_level.a	1791555374.230669	1791555374.285089	0
base	c	internal/oracle/testdata/sorting.a	1791555374.289464	1791555374.343246	0
head	c	internal/oracle/testdata/sorting.a	1791555374.345001	1791555374.402558	0
base	c	internal/oracle/testdata/sorts.a	1791555374.407290	1791555374.468865	0
head	c	internal/oracle/testdata/sorts.a	1791555374.471058	1791555374.536593	0
base	c	internal/oracle/testdata/splice_empty.a	1791555374.541221	1791555374.595548	0
head	c	internal/oracle/testdata/splice_empty.a	1791555374.597309	1791555374.648774	0
base	c	internal/oracle/testdata/splices.a	1791555374.653898	1791555374.714041	0
head	c	internal/oracle/testdata/splices.a	1791555374.715925	1791555374.780785	0
base	c	internal/oracle/testdata/spread_calls.a	1791555374.785455	1791555374.839262	0
head	c	internal/oracle/testdata/spread_calls.a	1791555374.841123	1791555374.895044	0
base	c	internal/oracle/testdata/spread_snapshot.a	1791555374.899409	1791555374.955342	0
head	c	internal/oracle/testdata/spread_snapshot.a	1791555374.957374	1791555375.013848	0
base	c	internal/oracle/testdata/spread_undefined.a	1791555375.018375	1791555375.073280	0
head	c	internal/oracle/testdata/spread_undefined.a	1791555375.075142	1791555375.130026	0
base	c	internal/oracle/testdata/spreads.a	1791555375.133885	1791555375.191815	0
head	c	internal/oracle/testdata/spreads.a	1791555375.193902	1791555375.262637	0
base	c	internal/oracle/testdata/stack_forever.a	1791555375.269557	1791555375.324930	0
head	c	internal/oracle/testdata/stack_forever.a	1791555375.326817	1791555375.381817	0
base	c	internal/oracle/testdata/stack_over.a	1791555375.386110	1791555375.441512	0
head	c	internal/oracle/testdata/stack_over.a	1791555375.443326	1791555375.497455	0
base	c	internal/oracle/testdata/stack_overflow.a	1791555375.501997	1791555375.557746	0
head	c	internal/oracle/testdata/stack_overflow.a	1791555375.559801	1791555375.610883	0
base	c	internal/oracle/testdata/stack_tail_call.a	1791555375.615591	1791555375.667389	0
head	c	internal/oracle/testdata/stack_tail_call.a	1791555375.669500	1791555375.720914	0
base	c	internal/oracle/testdata/statements_small_parameters.a	1791555375.726130	1791555375.782753	0
head	c	internal/oracle/testdata/statements_small_parameters.a	1791555375.784927	1791555375.839905	0
base	c	internal/oracle/testdata/statements_small_prefix.a	1791555375.845204	1791555375.903770	0
head	c	internal/oracle/testdata/statements_small_prefix.a	1791555375.905824	1791555375.957879	0
base	c	internal/oracle/testdata/statements_small_throw.a	1791555375.962526	1791555376.015526	0
head	c	internal/oracle/testdata/statements_small_throw.a	1791555376.017396	1791555376.065834	0
base	c	internal/oracle/testdata/status_of_stdout.a	1791555376.070438	1791555376.124143	0
head	c	internal/oracle/testdata/status_of_stdout.a	1791555376.125969	1791555376.178632	0
base	c	internal/oracle/testdata/string_append.a	1791555376.182907	1791555376.243183	0
head	c	internal/oracle/testdata/string_append.a	1791555376.245020	1791555376.304015	0
base	c	internal/oracle/testdata/string_build_boundaries.a	1791555376.308447	1791555376.361359	0
head	c	internal/oracle/testdata/string_build_boundaries.a	1791555376.363031	1791555376.418013	0
base	c	internal/oracle/testdata/string_build_cached_reads.a	1791555376.422012	1791555376.479800	0
head	c	internal/oracle/testdata/string_build_cached_reads.a	1791555376.481954	1791555376.539571	0
base	c	internal/oracle/testdata/string_build_caches.a	1791555376.544043	1791555376.599309	0
head	c	internal/oracle/testdata/string_build_caches.a	1791555376.601443	1791555376.657309	0
base	c	internal/oracle/testdata/string_build_calls.a	1791555376.662440	1791555376.725663	0
head	c	internal/oracle/testdata/string_build_calls.a	1791555376.727766	1791555376.789525	0
base	c	internal/oracle/testdata/string_build_join.a	1791555376.794272	1791555376.856194	0
head	c	internal/oracle/testdata/string_build_join.a	1791555376.858837	1791555376.916878	0
base	c	internal/oracle/testdata/string_build_padding.a	1791555376.922537	1791555376.983804	0
head	c	internal/oracle/testdata/string_build_padding.a	1791555376.986634	1791555377.043553	0
base	c	internal/oracle/testdata/string_build_repeat.a	1791555377.047962	1791555377.101997	0
head	c	internal/oracle/testdata/string_build_repeat.a	1791555377.103950	1791555377.162286	0
base	c	internal/oracle/testdata/string_index.a	1791555377.167004	1791555377.224898	0
head	c	internal/oracle/testdata/string_index.a	1791555377.226813	1791555377.283821	0
base	c	internal/oracle/testdata/string_limits.a	1791555377.288407	1791555377.345955	0
head	c	internal/oracle/testdata/string_limits.a	1791555377.348447	1791555377.403180	0
base	c	internal/oracle/testdata/string_positions.a	1791555377.407850	1791555377.466909	0
head	c	internal/oracle/testdata/string_positions.a	1791555377.468803	1791555377.529746	0
base	c	internal/oracle/testdata/string_too_long.a	1791555377.534116	1791555377.589545	0
head	c	internal/oracle/testdata/string_too_long.a	1791555377.592786	1791555377.646003	0
base	c	internal/oracle/testdata/string_views_calls.a	1791555377.651534	1791555377.713095	0
head	c	internal/oracle/testdata/string_views_calls.a	1791555377.715205	1791555377.781191	0
base	c	internal/oracle/testdata/string_views_characters.a	1791555377.786096	1791555377.841515	0
head	c	internal/oracle/testdata/string_views_characters.a	1791555377.843641	1791555377.900748	0
base	c	internal/oracle/testdata/string_views_holders.a	1791555377.905310	1791555377.965247	0
head	c	internal/oracle/testdata/string_views_holders.a	1791555377.967018	1791555378.022579	0
base	c	internal/oracle/testdata/string_views_lifetime.a	1791555378.026723	1791555378.080827	0
head	c	internal/oracle/testdata/string_views_lifetime.a	1791555378.082779	1791555378.136422	0
base	c	internal/oracle/testdata/string_views_loops.a	1791555378.141320	1791555378.196680	0
head	c	internal/oracle/testdata/string_views_loops.a	1791555378.198507	1791555378.258044	0
base	c	internal/oracle/testdata/string_views_methods.a	1791555378.263588	1791555378.322743	0
head	c	internal/oracle/testdata/string_views_methods.a	1791555378.324960	1791555378.386733	0
base	c	internal/oracle/testdata/string_views_policy.a	1791555378.391316	1791555378.449996	0
head	c	internal/oracle/testdata/string_views_policy.a	1791555378.451836	1791555378.511430	0
base	c	internal/oracle/testdata/string_views_surrogates.a	1791555378.516186	1791555378.575127	0
head	c	internal/oracle/testdata/string_views_surrogates.a	1791555378.576927	1791555378.634359	0
base	c	internal/oracle/testdata/string_views_throw.a	1791555378.639245	1791555378.699109	0
head	c	internal/oracle/testdata/string_views_throw.a	1791555378.701089	1791555378.759511	0
base	c	internal/oracle/testdata/strings.a	1791555378.764337	1791555378.822789	0
head	c	internal/oracle/testdata/strings.a	1791555378.824749	1791555378.880646	0
base	c	internal/oracle/testdata/strings_more.a	1791555378.885587	1791555378.944370	0
head	c	internal/oracle/testdata/strings_more.a	1791555378.946233	1791555379.002346	0
base	c	internal/oracle/testdata/structural_statics_generic.a	1791555379.006300	1791555379.063962	0
head	c	internal/oracle/testdata/structural_statics_generic.a	1791555379.066074	1791555379.121087	0
base	c	internal/oracle/testdata/structural_statics_inherited.a	1791555379.125492	1791555379.185683	0
head	c	internal/oracle/testdata/structural_statics_inherited.a	1791555379.188125	1791555379.249605	0
base	c	internal/oracle/testdata/structural_statics_instance.a	1791555379.254538	1791555379.314344	0
head	c	internal/oracle/testdata/structural_statics_instance.a	1791555379.316277	1791555379.373747	0
base	c	internal/oracle/testdata/structural_statics_mixed.a	1791555379.378381	1791555379.439274	0
head	c	internal/oracle/testdata/structural_statics_mixed.a	1791555379.441283	1791555379.503365	0
base	c	internal/oracle/testdata/structural_statics_optional.a	1791555379.508145	1791555379.567206	0
head	c	internal/oracle/testdata/structural_statics_optional.a	1791555379.569443	1791555379.630098	0
base	c	internal/oracle/testdata/structural_statics_static.a	1791555379.634585	1791555379.690767	0
head	c	internal/oracle/testdata/structural_statics_static.a	1791555379.692878	1791555379.747709	0
base	c	internal/oracle/testdata/switch_empty_neighbors.a	1791555379.752708	1791555379.807677	0
head	c	internal/oracle/testdata/switch_empty_neighbors.a	1791555379.809704	1791555379.865011	0
base	c	internal/oracle/testdata/syntax_module_declarations.a	1791555379.869975	1791555379.927374	0
head	c	internal/oracle/testdata/syntax_module_declarations.a	1791555379.929872	1791555379.985564	0
base	c	internal/oracle/testdata/syntax_substr.a	1791555379.989829	1791555380.044523	0
head	c	internal/oracle/testdata/syntax_substr.a	1791555380.046322	1791555380.104712	0
base	c	internal/oracle/testdata/taste_comma.a	1791555380.109055	1791555380.163414	0
head	c	internal/oracle/testdata/taste_comma.a	1791555380.165210	1791555380.221867	0
base	c	internal/oracle/testdata/taste_labels.a	1791555380.226803	1791555380.281511	0
head	c	internal/oracle/testdata/taste_labels.a	1791555380.283910	1791555380.338667	0
base	c	internal/oracle/testdata/taste_logical_assignment.a	1791555380.343029	1791555380.405337	0
head	c	internal/oracle/testdata/taste_logical_assignment.a	1791555380.407219	1791555380.467828	0
base	c	internal/oracle/testdata/taste_optional_join.a	1791555380.472337	1791555380.527138	0
head	c	internal/oracle/testdata/taste_optional_join.a	1791555380.529108	1791555380.583799	0
base	c	internal/oracle/testdata/taste_stage3_representations.a	1791555380.587896	1791555380.646405	0
head	c	internal/oracle/testdata/taste_stage3_representations.a	1791555380.648569	1791555380.705105	0
base	c	internal/oracle/testdata/taste_truthiness.a	1791555380.710089	1791555380.772120	0
head	c	internal/oracle/testdata/taste_truthiness.a	1791555380.774118	1791555380.836534	0
base	c	internal/oracle/testdata/taste_void.a	1791555380.840965	1791555380.897426	0
head	c	internal/oracle/testdata/taste_void.a	1791555380.899403	1791555380.958651	0
base	c	internal/oracle/testdata/throw_global_move.a	1791555380.962845	1791555381.023745	0
head	c	internal/oracle/testdata/throw_global_move.a	1791555381.025927	1791555381.082712	0
base	c	internal/oracle/testdata/throw_in_writes.a	1791555381.087065	1791555381.144598	0
head	c	internal/oracle/testdata/throw_in_writes.a	1791555381.146473	1791555381.205827	0
base	c	internal/oracle/testdata/throw_keeps_old_value.a	1791555381.210812	1791555381.268351	0
head	c	internal/oracle/testdata/throw_keeps_old_value.a	1791555381.270272	1791555381.327843	0
base	c	internal/oracle/testdata/throw_keeps_old_value_variants.a	1791555381.332576	1791555381.391989	0
head	c	internal/oracle/testdata/throw_keeps_old_value_variants.a	1791555381.393798	1791555381.452870	0
base	c	internal/oracle/testdata/timsort.a	1791555381.457423	1791555381.519659	0
head	c	internal/oracle/testdata/timsort.a	1791555381.521634	1791555381.578363	0
base	c	internal/oracle/testdata/trig_reduction.a	1791555381.582734	1791555381.636422	0
head	c	internal/oracle/testdata/trig_reduction.a	1791555381.638595	1791555381.693429	0
base	c	internal/oracle/testdata/try_assignments.a	1791555381.697749	1791555381.755571	0
head	c	internal/oracle/testdata/try_assignments.a	1791555381.758421	1791555381.813901	0
base	c	internal/oracle/testdata/tuple_values.a	1791555381.820549	1791555381.896682	0
head	c	internal/oracle/testdata/tuple_values.a	1791555381.898851	1791555381.978064	0
base	c	internal/oracle/testdata/tuples_kept.a	1791555381.984126	1791555382.043933	0
head	c	internal/oracle/testdata/tuples_kept.a	1791555382.046616	1791555382.102588	0
base	c	internal/oracle/testdata/typed_arrays_float64array.a	1791555382.107011	1791555382.165428	0
head	c	internal/oracle/testdata/typed_arrays_float64array.a	1791555382.167900	1791555382.224125	0
base	c	internal/oracle/testdata/typed_arrays_int32array.a	1791555382.228736	1791555382.284972	0
head	c	internal/oracle/testdata/typed_arrays_int32array.a	1791555382.286808	1791555382.342888	0
base	c	internal/oracle/testdata/typed_arrays_order.a	1791555382.347094	1791555382.406272	0
head	c	internal/oracle/testdata/typed_arrays_order.a	1791555382.407976	1791555382.465912	0
base	c	internal/oracle/testdata/typed_arrays_primes.a	1791555382.471748	1791555382.527728	0
head	c	internal/oracle/testdata/typed_arrays_primes.a	1791555382.530998	1791555382.581948	0
base	c	internal/oracle/testdata/typed_arrays_primes_large.a	1791555382.586197	1791555382.641462	0
head	c	internal/oracle/testdata/typed_arrays_primes_large.a	1791555382.643358	1791555382.698830	0
base	c	internal/oracle/testdata/typed_arrays_stats.a	1791555382.703381	1791555382.764989	0
head	c	internal/oracle/testdata/typed_arrays_stats.a	1791555382.767180	1791555382.824470	0
base	c	internal/oracle/testdata/typed_arrays_stop.a	1791555382.828917	1791555382.884915	0
head	c	internal/oracle/testdata/typed_arrays_stop.a	1791555382.886977	1791555382.943230	0
base	c	internal/oracle/testdata/typed_arrays_uint8array.a	1791555382.947928	1791555383.004649	0
head	c	internal/oracle/testdata/typed_arrays_uint8array.a	1791555383.006629	1791555383.063435	0
base	c	internal/oracle/testdata/typed_arrays_views.a	1791555383.068032	1791555383.133760	0
head	c	internal/oracle/testdata/typed_arrays_views.a	1791555383.135761	1791555383.199602	0
base	c	internal/oracle/testdata/typed_arrays_workers_stats.a	1791555383.206413	1791555383.283343	0
head	c	internal/oracle/testdata/typed_arrays_workers_stats.a	1791555383.285823	1791555383.360061	0
base	c	internal/oracle/testdata/typeof_dispatch.a	1791555383.364806	1791555383.418809	0
head	c	internal/oracle/testdata/typeof_dispatch.a	1791555383.420690	1791555383.475632	0
base	c	internal/oracle/testdata/typeof_null.a	1791555383.480133	1791555383.536271	0
head	c	internal/oracle/testdata/typeof_null.a	1791555383.538589	1791555383.595513	0
base	c	internal/oracle/testdata/typeof_null_compare.a	1791555383.600648	1791555383.658566	0
head	c	internal/oracle/testdata/typeof_null_compare.a	1791555383.660338	1791555383.718379	0
base	c	internal/oracle/testdata/typeof_null_roll.a	1791555383.723041	1791555383.777609	0
head	c	internal/oracle/testdata/typeof_null_roll.a	1791555383.779835	1791555383.832299	0
base	c	internal/oracle/testdata/typeof_null_slots.a	1791555383.836982	1791555383.897799	0
head	c	internal/oracle/testdata/typeof_null_slots.a	1791555383.899749	1791555383.960601	0
base	c	internal/oracle/testdata/typeof_null_switch.a	1791555383.965242	1791555384.022833	0
head	c	internal/oracle/testdata/typeof_null_switch.a	1791555384.025271	1791555384.082317	0
base	c	internal/oracle/testdata/typeof_string_literal.a	1791555384.087748	1791555384.141680	0
head	c	internal/oracle/testdata/typeof_string_literal.a	1791555384.143680	1791555384.196880	0
base	c	internal/oracle/testdata/undefined_elements.a	1791555384.201221	1791555384.259083	0
head	c	internal/oracle/testdata/undefined_elements.a	1791555384.261031	1791555384.321900	0
base	c	internal/oracle/testdata/undefined_keys.a	1791555384.327254	1791555384.389764	0
head	c	internal/oracle/testdata/undefined_keys.a	1791555384.391306	1791555384.455200	0
base	c	internal/oracle/testdata/undefined_references.a	1791555384.460136	1791555384.521801	0
head	c	internal/oracle/testdata/undefined_references.a	1791555384.523771	1791555384.582258	0
base	c	internal/oracle/testdata/undefined_strings.a	1791555384.586783	1791555384.649903	0
head	c	internal/oracle/testdata/undefined_strings.a	1791555384.652149	1791555384.712347	0
base	c	internal/oracle/testdata/unions.a	1791555384.716796	1791555384.785398	0
head	c	internal/oracle/testdata/unions.a	1791555384.787228	1791555384.852631	0
base	c	internal/oracle/testdata/unknown_narrowing.a	1791555384.857083	1791555384.923678	0
head	c	internal/oracle/testdata/unknown_narrowing.a	1791555384.925527	1791555384.996641	0
base	c	internal/oracle/testdata/unknown_narrowing_host.a	1791555385.002400	1791555385.023792	1
head	c	internal/oracle/testdata/unknown_narrowing_host.a	1791555385.025513	1791555385.046473	1
base	c	internal/oracle/testdata/unused_parameters.a	1791555385.050892	1791555385.107286	0
head	c	internal/oracle/testdata/unused_parameters.a	1791555385.109037	1791555385.164897	0
base	c	internal/oracle/testdata/updates.a	1791555385.169389	1791555385.234500	0
head	c	internal/oracle/testdata/updates.a	1791555385.236526	1791555385.298036	0
base	c	internal/oracle/testdata/user_iterators.a	1791555385.302336	1791555385.968659	0
head	c	internal/oracle/testdata/user_iterators.a	1791555385.971317	1791555386.642464	0
base	c	internal/oracle/testdata/user_iterators_rest_tdz.a	1791555386.649521	1791555386.702579	0
head	c	internal/oracle/testdata/user_iterators_rest_tdz.a	1791555386.704604	1791555386.762808	0
base	c	internal/oracle/testdata/utf8_sweep.a	1791555386.767592	1791555386.824884	0
head	c	internal/oracle/testdata/utf8_sweep.a	1791555386.826945	1791555386.882860	0
base	c	internal/oracle/testdata/utf8_view.a	1791555386.887416	1791555386.946244	0
head	c	internal/oracle/testdata/utf8_view.a	1791555386.949870	1791555387.006966	0
base	c	internal/oracle/testdata/utf8_view_fails.a	1791555387.011661	1791555387.064894	0
head	c	internal/oracle/testdata/utf8_view_fails.a	1791555387.066671	1791555387.121319	0
base	c	internal/oracle/testdata/visits.a	1791555387.125262	1791555387.191004	0
head	c	internal/oracle/testdata/visits.a	1791555387.193364	1791555387.262095	0
base	c	internal/oracle/testdata/walk.a	1791555387.266357	1791555387.328328	0
head	c	internal/oracle/testdata/walk.a	1791555387.330728	1791555387.388776	0
base	c	internal/oracle/testdata/weak_narrowed.a	1791555387.392794	1791555387.448510	0
head	c	internal/oracle/testdata/weak_narrowed.a	1791555387.450611	1791555387.501421	0
base	c	internal/oracle/testdata/weak_parent.a	1791555387.505546	1791555387.570903	0
head	c	internal/oracle/testdata/weak_parent.a	1791555387.572577	1791555387.639016	0
base	c	internal/oracle/testdata/write_after_shrink.a	1791555387.643296	1791555387.694965	0
head	c	internal/oracle/testdata/write_after_shrink.a	1791555387.696749	1791555387.745569	0
base	c	internal/oracle/testdata/write_files.a	1791555387.750899	1791555387.805284	0
head	c	internal/oracle/testdata/write_files.a	1791555387.807531	1791555387.865242	0
base	c	internal/oracle/testdata/write_stderr_order.a	1791555387.871618	1791555387.926232	0
head	c	internal/oracle/testdata/write_stderr_order.a	1791555387.927860	1791555387.981504	0
base	c	internal/oracle/testdata/write_stdout_order.a	1791555387.986143	1791555388.036649	0
head	c	internal/oracle/testdata/write_stdout_order.a	1791555388.038561	1791555388.089006	0
base	c	internal/oracle/testdata/writes.a	1791555388.093213	1791555388.145492	0
head	c	internal/oracle/testdata/writes.a	1791555388.147262	1791555388.196091	0
base	c	internal/oracle/testdata/writes_in_try.a	1791555388.200487	1791555388.248910	0
head	c	internal/oracle/testdata/writes_in_try.a	1791555388.250678	1791555388.303913	0
base	c	internal/oracle/testdata/writes_past_end.a	1791555388.308137	1791555388.359366	0
head	c	internal/oracle/testdata/writes_past_end.a	1791555388.361378	1791555388.412024	0
base	c	stage1/cohere/css/gaps/1_regex_and_value_tree.ts	1791555388.415912	1791555389.916960	0
head	c	stage1/cohere/css/gaps/1_regex_and_value_tree.ts	1791555389.918994	1791555391.407896	0
base	c	stage1/cohere/css/gaps/2_array_shift.ts	1791555391.413252	1791555391.461984	1
head	c	stage1/cohere/css/gaps/2_array_shift.ts	1791555391.463844	1791555391.513925	1
base	c	stage1/cohere/css/gaps/3_optional_boolean_condition.ts	1791555391.517963	1791555391.569356	0
head	c	stage1/cohere/css/gaps/3_optional_boolean_condition.ts	1791555391.571059	1791555391.623038	0
base	c	stage1/cohere/css/gaps/4_empty_array_union.ts	1791555391.627266	1791555391.677902	0
head	c	stage1/cohere/css/gaps/4_empty_array_union.ts	1791555391.679800	1791555391.731318	0
base	c	stage1/cohere/css/gaps/5_repeat_in_try.ts	1791555391.735670	1791555391.786873	1
head	c	stage1/cohere/css/gaps/5_repeat_in_try.ts	1791555391.789615	1791555391.840441	1
base	c	stage1/cohere/css/gaps/6_printer_regex_tree.ts	1791555391.844510	1791555392.015084	0
head	c	stage1/cohere/css/gaps/6_printer_regex_tree.ts	1791555392.017123	1791555392.188780	0
base	c	stage1/cohere/cssstrings/gaps/1_multi_push.ts	1791555412.209480	1791555412.264411	1
head	c	stage1/cohere/cssstrings/gaps/1_multi_push.ts	1791555412.266406	1791555412.318654	1
base	c	stage1/cohere/estree/gaps/cookedSurrogate.ts	1791555412.322965	1791555412.390901	1
head	c	stage1/cohere/estree/gaps/cookedSurrogate.ts	1791555412.392697	1791555412.454322	1
base	c	stage1/cohere/estree/gaps/crlf.ts	1791555412.458740	1791555412.508965	1
head	c	stage1/cohere/estree/gaps/crlf.ts	1791555412.510999	1791555412.561096	1
base	c	stage1/cohere/estree/gaps/interfaceDefault.ts	1791555452.608944	1791555452.655235	1
head	c	stage1/cohere/estree/gaps/interfaceDefault.ts	1791555452.657004	1791555452.704406	1
base	c	stage1/cohere/estree/gaps/interfaceTypeMethod.ts	1791555452.708449	1791555452.753978	1
head	c	stage1/cohere/estree/gaps/interfaceTypeMethod.ts	1791555452.756468	1791555452.803909	1
base	c	stage1/cohere/estree/gaps/lineSeparator.ts	1791555452.808886	1791555452.855229	1
head	c	stage1/cohere/estree/gaps/lineSeparator.ts	1791555452.858147	1791555452.902789	1
base	c	stage1/cohere/estree/gaps/methodReplacement.ts	1791555452.908001	1791555452.955322	1
head	c	stage1/cohere/estree/gaps/methodReplacement.ts	1791555452.957039	1791555453.003584	1
base	c	stage1/cohere/estree/gaps/nbsp.ts	1791555453.008978	1791555453.053574	1
head	c	stage1/cohere/estree/gaps/nbsp.ts	1791555453.055342	1791555453.098104	1
base	c	stage1/cohere/estree/gaps/parserRecovery.ts	1791555453.104649	1791555460.014081	0
head	c	stage1/cohere/estree/gaps/parserRecovery.ts	1791555460.016562	1791555466.673622	0
base	c	stage1/cohere/estree/gaps/postfixValue.ts	1791555486.703463	1791555486.757269	1
head	c	stage1/cohere/estree/gaps/postfixValue.ts	1791555486.759084	1791555486.810276	1
base	c	stage1/cohere/estree/gaps/rawInput.ts	1791555486.814454	1791555486.870001	0
head	c	stage1/cohere/estree/gaps/rawInput.ts	1791555486.871846	1791555486.928128	0
base	c	stage1/cohere/gitignore/gaps/1_from_char_code.ts	1791555506.960000	1791555507.009489	0
head	c	stage1/cohere/gitignore/gaps/1_from_char_code.ts	1791555507.011605	1791555507.064006	0
base	c	stage1/cohere/gitignore/gaps/2_bitwise.ts	1791555507.068736	1791555507.120374	0
head	c	stage1/cohere/gitignore/gaps/2_bitwise.ts	1791555507.122205	1791555507.177414	0
base	c	stage1/cohere/gitignore/gaps/3_later_function.ts	1791555507.181458	1791555507.233072	0
head	c	stage1/cohere/gitignore/gaps/3_later_function.ts	1791555507.235010	1791555507.287579	0
base	c	stage1/cohere/gitignore/gaps/3_later_method.ts	1791555507.292476	1791555507.350089	0
head	c	stage1/cohere/gitignore/gaps/3_later_method.ts	1791555507.352866	1791555507.405226	0
base	c	stage1/cohere/gitignore/gaps/4_function_value.ts	1791555507.409308	1791555507.462544	0
head	c	stage1/cohere/gitignore/gaps/4_function_value.ts	1791555507.464494	1791555507.523846	0
base	c	stage1/cohere/gitignore/gaps/5_array_from.ts	1791555507.528331	1791555507.581217	0
head	c	stage1/cohere/gitignore/gaps/5_array_from.ts	1791555507.583060	1791555507.632554	0
base	c	stage1/cohere/gitignore/gaps/6_boolean_element.ts	1791555507.636641	1791555507.688969	0
head	c	stage1/cohere/gitignore/gaps/6_boolean_element.ts	1791555507.690940	1791555507.742145	0
base	c	stage1/cohere/gitignore/gaps/7_maybe_number_compared.ts	1791555507.746436	1791555507.800715	0
head	c	stage1/cohere/gitignore/gaps/7_maybe_number_compared.ts	1791555507.802604	1791555507.855335	0
base	c	stage1/cohere/gitignore/gaps/8_tuple_value.ts	1791555507.859592	1791555507.908277	0
head	c	stage1/cohere/gitignore/gaps/8_tuple_value.ts	1791555507.909987	1791555507.962674	0
base	c	stage1/cohere/gitignore/gaps/9_return_panic.ts	1791555507.966549	1791555508.019929	0
head	c	stage1/cohere/gitignore/gaps/9_return_panic.ts	1791555508.021751	1791555508.072245	0
base	c	stage1/cohere/graphql/gaps/1_throwing_function_value.ts	1791555508.076153	1791555508.126650	0
head	c	stage1/cohere/graphql/gaps/1_throwing_function_value.ts	1791555508.128254	1791555508.180374	0
base	c	stage1/cohere/graphql/gaps/2_error_made_elsewhere.ts	1791555508.184232	1791555508.236929	1
head	c	stage1/cohere/graphql/gaps/2_error_made_elsewhere.ts	1791555508.238787	1791555508.289056	1
base	c	stage1/cohere/json/gaps/emptyFallback.ts	1791555508.293125	1791555508.345512	0
head	c	stage1/cohere/json/gaps/emptyFallback.ts	1791555508.347354	1791555508.399619	0
base	c	stage1/cohere/json/gaps/multiplePush.ts	1791555508.403830	1791555508.455233	1
head	c	stage1/cohere/json/gaps/multiplePush.ts	1791555508.457082	1791555508.507068	1
base	c	stage1/cohere/json/gaps/repeatInTry.ts	1791555508.511356	1791555508.562364	1
head	c	stage1/cohere/json/gaps/repeatInTry.ts	1791555508.564125	1791555508.615107	1
base	c	stage1/cohere/lint/gaps/1_nested_constructor.ts	1791555508.619045	1791555508.673818	1
head	c	stage1/cohere/lint/gaps/1_nested_constructor.ts	1791555508.675979	1791555508.727081	1
base	c	stage1/cohere/lint/gaps/2_optional_index.ts	1791555508.731137	1791555508.780772	0
head	c	stage1/cohere/lint/gaps/2_optional_index.ts	1791555508.782533	1791555508.835668	0
base	c	stage1/cohere/lint/gaps/3_numeric_or.ts	1791555508.841239	1791555508.894347	0
head	c	stage1/cohere/lint/gaps/3_numeric_or.ts	1791555508.896690	1791555508.946785	0
base	c	stage1/cohere/lint/gaps/4_last_index_position.ts	1791555508.950723	1791555509.000263	0
head	c	stage1/cohere/lint/gaps/4_last_index_position.ts	1791555509.001900	1791555509.051239	0
base	c	stage1/cohere/lint/gaps/5_parser_recovery.ts	1791555509.055024	1791555515.839283	0
head	c	stage1/cohere/lint/gaps/5_parser_recovery.ts	1791555515.841379	1791555522.482772	0
base	c	stage1/cohere/markdownblocks/gaps/10_multiple_push.ts	1791555522.496860	1791555522.548227	1
head	c	stage1/cohere/markdownblocks/gaps/10_multiple_push.ts	1791555522.549981	1791555522.599546	1
base	c	stage1/cohere/markdownblocks/gaps/11_function_expression.ts	1791555522.603733	1791555522.653797	0
head	c	stage1/cohere/markdownblocks/gaps/11_function_expression.ts	1791555522.655781	1791555522.708290	0
base	c	stage1/cohere/markdownblocks/gaps/12_conditional_empty_array.ts	1791555522.712703	1791555522.763323	0
head	c	stage1/cohere/markdownblocks/gaps/12_conditional_empty_array.ts	1791555522.765140	1791555522.816583	0
base	c	stage1/cohere/markdownblocks/gaps/13_array_growth.ts	1791555522.820824	1791555522.873974	0
head	c	stage1/cohere/markdownblocks/gaps/13_array_growth.ts	1791555522.875720	1791555522.924654	0
base	c	stage1/cohere/markdownblocks/gaps/14_missing_path_key.ts	1791555522.928850	1791555523.038456	0
head	c	stage1/cohere/markdownblocks/gaps/14_missing_path_key.ts	1791555523.040934	1791555523.143570	0
base	c	stage1/cohere/markdownblocks/gaps/15_string_or.ts	1791555523.148112	1791555523.200876	0
head	c	stage1/cohere/markdownblocks/gaps/15_string_or.ts	1791555523.203137	1791555523.254413	0
base	c	stage1/cohere/markdownblocks/gaps/16_array_shift.ts	1791555523.259054	1791555523.311834	1
head	c	stage1/cohere/markdownblocks/gaps/16_array_shift.ts	1791555523.313738	1791555523.365583	1
base	c	stage1/cohere/markdownblocks/gaps/17_long_optional_chain.ts	1791555523.369727	1791555523.419741	1
head	c	stage1/cohere/markdownblocks/gaps/17_long_optional_chain.ts	1791555523.421370	1791555523.475513	1
base	c	stage1/cohere/markdownblocks/gaps/1_recursive_state.ts	1791555523.479672	1791555523.533231	0
head	c	stage1/cohere/markdownblocks/gaps/1_recursive_state.ts	1791555523.535765	1791555523.588070	0
base	c	stage1/cohere/markdownblocks/gaps/2_state_arrow_cycle.ts	1791555523.592277	1791555523.644483	1
head	c	stage1/cohere/markdownblocks/gaps/2_state_arrow_cycle.ts	1791555523.646237	1791555523.696278	1
base	c	stage1/cohere/markdownblocks/gaps/3_recursive_callable.ts	1791555523.700729	1791555523.752663	0
head	c	stage1/cohere/markdownblocks/gaps/3_recursive_callable.ts	1791555523.754518	1791555523.806951	0
base	c	stage1/cohere/markdownblocks/gaps/4_structural_ranges.ts	1791555523.812454	1791555523.867108	1
head	c	stage1/cohere/markdownblocks/gaps/4_structural_ranges.ts	1791555523.868929	1791555523.919685	1
base	c	stage1/cohere/markdownblocks/gaps/5_conditional_panic.ts	1791555523.923948	1791555523.976630	0
head	c	stage1/cohere/markdownblocks/gaps/5_conditional_panic.ts	1791555523.978608	1791555524.031153	0
base	c	stage1/cohere/markdownblocks/gaps/6_uninitialized_optional_string.ts	1791555524.035777	1791555524.087708	0
head	c	stage1/cohere/markdownblocks/gaps/6_uninitialized_optional_string.ts	1791555524.089557	1791555524.140471	0
base	c	stage1/cohere/markdownblocks/gaps/7_postfix_property.ts	1791555524.144757	1791555524.199581	1
head	c	stage1/cohere/markdownblocks/gaps/7_postfix_property.ts	1791555524.201625	1791555524.259315	1
base	c	stage1/cohere/markdownblocks/gaps/8_generic_callback_result.ts	1791555524.264167	1791555524.318446	1
head	c	stage1/cohere/markdownblocks/gaps/8_generic_callback_result.ts	1791555524.320464	1791555524.372138	1
base	c	stage1/cohere/markdownblocks/gaps/9_mixed_path_names.ts	1791555524.376676	1791555524.428538	1
head	c	stage1/cohere/markdownblocks/gaps/9_mixed_path_names.ts	1791555524.430452	1791555524.481435	1
base	c	stage1/cohere/markdowninline/gaps/1_delimiter_expression.ts	1791555524.485793	1791555524.534224	0
head	c	stage1/cohere/markdowninline/gaps/1_delimiter_expression.ts	1791555524.536165	1791555524.587785	0
base	c	stage1/cohere/mediaquery/gaps/1_generic_parameter.ts	1791555524.592926	1791555524.646088	0
head	c	stage1/cohere/mediaquery/gaps/1_generic_parameter.ts	1791555524.648273	1791555524.702168	0
base	c	stage1/cohere/mediaquery/gaps/1_generic_return.ts	1791555524.707583	1791555524.765619	0
head	c	stage1/cohere/mediaquery/gaps/1_generic_return.ts	1791555524.767344	1791555524.819766	0
base	c	stage1/cohere/mediaquery/gaps/2_return_undefined.ts	1791555524.824144	1791555524.872299	0
head	c	stage1/cohere/mediaquery/gaps/2_return_undefined.ts	1791555524.874215	1791555524.927722	0
base	c	stage1/cohere/mediaquery/gaps/3_optional_chaining_array.ts	1791555524.932058	1791555524.984484	0
head	c	stage1/cohere/mediaquery/gaps/3_optional_chaining_array.ts	1791555524.986475	1791555525.041019	0
base	c	stage1/cohere/mediaquery/gaps/4_mutable_child_array.ts	1791555525.045179	1791555525.098762	0
head	c	stage1/cohere/mediaquery/gaps/4_mutable_child_array.ts	1791555525.100450	1791555525.153240	0
base	c	stage1/cohere/mediaquery/gaps/5_local_children_array.ts	1791555525.157087	1791555525.208934	0
head	c	stage1/cohere/mediaquery/gaps/5_local_children_array.ts	1791555525.210838	1791555525.264488	0
base	c	stage1/cohere/selector/gaps/1_multiple_push.ts	1791555525.268490	1791555525.319672	1
head	c	stage1/cohere/selector/gaps/1_multiple_push.ts	1791555525.321379	1791555525.375652	1
base	c	stage1/cohere/selector/gaps/2_mixed_field.ts	1791555525.379842	1791555525.429815	1
head	c	stage1/cohere/selector/gaps/2_mixed_field.ts	1791555525.431558	1791555525.482817	1
base	c	stage1/cohere/selector/gaps/3_optional_boolean.ts	1791555525.486777	1791555525.537890	1
head	c	stage1/cohere/selector/gaps/3_optional_boolean.ts	1791555525.539884	1791555525.591623	1
base	c	stage1/cohere/selector/gaps/4_array_from_iterator.ts	1791555525.596149	1791555525.646813	1
head	c	stage1/cohere/selector/gaps/4_array_from_iterator.ts	1791555525.648698	1791555525.699782	1
base	c	stage1/cohere/selector/gaps/5_conditional_panic.ts	1791555525.703925	1791555525.756527	0
head	c	stage1/cohere/selector/gaps/5_conditional_panic.ts	1791555525.758355	1791555525.809662	0
base	c	stage1/cohere/selector/gaps/6_undefined_case.ts	1791555525.813774	1791555525.864250	1
head	c	stage1/cohere/selector/gaps/6_undefined_case.ts	1791555525.865858	1791555525.916585	1
base	c	stage1/cohere/static_single_assignment/gaps/1_block_arrow_returning_class.ts	1791555525.921246	1791555525.974474	1
head	c	stage1/cohere/static_single_assignment/gaps/1_block_arrow_returning_class.ts	1791555525.976367	1791555526.032063	1
base	c	stage1/cohere/static_single_assignment/gaps/2_call_through_optional_chain.ts	1791555526.035961	1791555526.087929	1
head	c	stage1/cohere/static_single_assignment/gaps/2_call_through_optional_chain.ts	1791555526.089722	1791555526.140229	1
base	c	stage1/cohere/suppression/gaps/1_mutual_recursion.ts	1791555526.144330	1791555526.194597	0
head	c	stage1/cohere/suppression/gaps/1_mutual_recursion.ts	1791555526.196444	1791555526.249072	0
base	c	stage1/cohere/suppression/gaps/2_return_undefined_array.ts	1791555526.253378	1791555526.306109	0
head	c	stage1/cohere/suppression/gaps/2_return_undefined_array.ts	1791555526.307840	1791555526.358963	0
base	c	stage1/cohere/tsprinter/gaps/defaultSort.ts	1791555526.362884	1791555526.411530	1
head	c	stage1/cohere/tsprinter/gaps/defaultSort.ts	1791555526.413058	1791555526.465591	1
base	c	stage1/cohere/tsprinter/gaps/prefixUpdateValue.ts	1791555526.469808	1791555526.522753	0
head	c	stage1/cohere/tsprinter/gaps/prefixUpdateValue.ts	1791555526.525182	1791555526.578734	0
base	c	stage1/cohere/values/gaps/1_index_of_position.ts	1791555526.582882	1791555526.634058	0
head	c	stage1/cohere/values/gaps/1_index_of_position.ts	1791555526.635948	1791555526.684541	0
base	c	stage1/cohere/values/gaps/2_boolean_or_undefined_field.ts	1791555526.688504	1791555526.740661	1
head	c	stage1/cohere/values/gaps/2_boolean_or_undefined_field.ts	1791555526.742293	1791555526.793674	1
base	c	stage1/cohere/values/gaps/3_case_constant.ts	1791555526.797790	1791555526.849958	0
head	c	stage1/cohere/values/gaps/3_case_constant.ts	1791555526.851916	1791555526.902246	0
base	c	stage1/cohere/values/gaps/4_private_method.ts	1791555526.906341	1791555526.959002	0
head	c	stage1/cohere/values/gaps/4_private_method.ts	1791555526.960818	1791555527.012673	0
base	c	stage1/cohere/values/gaps/5_empty_array_default.ts	1791555527.016726	1791555527.067644	0
head	c	stage1/cohere/values/gaps/5_empty_array_default.ts	1791555527.069347	1791555527.120899	0
base	c	stage1/cohere/yaml/gaps/arenaNodeRead.ts	1791555527.125160	1791555527.179943	0
head	c	stage1/cohere/yaml/gaps/arenaNodeRead.ts	1791555527.181884	1791555527.237497	0
base	c	stage1/cohere/yaml/gaps/assignmentValue.ts	1791555527.241725	1791555527.290453	0
head	c	stage1/cohere/yaml/gaps/assignmentValue.ts	1791555527.292354	1791555527.346864	0
base	c	stage1/cohere/yaml/gaps/dynamicCase.ts	1791555527.351318	1791555527.402696	0
head	c	stage1/cohere/yaml/gaps/dynamicCase.ts	1791555527.404644	1791555527.457382	0
base	c	stage1/cohere/yaml/gaps/emptyAlternative.ts	1791555527.461426	1791555527.515767	0
head	c	stage1/cohere/yaml/gaps/emptyAlternative.ts	1791555527.517567	1791555527.568154	0
base	c	stage1/cohere/yaml/gaps/multiplePush.ts	1791555527.572748	1791555527.622465	1
head	c	stage1/cohere/yaml/gaps/multiplePush.ts	1791555527.624224	1791555527.674281	1
base	c	stage1/cohere/yaml/gaps/negativeCase.ts	1791555527.678623	1791555527.730009	0
head	c	stage1/cohere/yaml/gaps/negativeCase.ts	1791555527.731930	1791555527.782834	0
base	c	stage1/cohere/yaml/gaps/numericMapLookup.ts	1791555527.787392	1791555527.839303	0
head	c	stage1/cohere/yaml/gaps/numericMapLookup.ts	1791555527.841060	1791555527.892966	0
base	c	stage1/cohere/yaml/gaps/prefixIncrement.ts	1791555527.897342	1791555527.948292	0
head	c	stage1/cohere/yaml/gaps/prefixIncrement.ts	1791555527.949915	1791555528.006544	0
base	c	stage1/cohere/yaml/gaps/sharedSliceAppend.ts	1791555528.011079	1791555528.062536	0
head	c	stage1/cohere/yaml/gaps/sharedSliceAppend.ts	1791555528.064356	1791555528.116123	0
base	c	stage1/cohere/yaml/gaps/stringFallback.ts	1791555528.120296	1791555528.172850	0
head	c	stage1/cohere/yaml/gaps/stringFallback.ts	1791555528.174797	1791555528.226670	0
base	c	stage1/cohere/yaml/gaps/stringPresence.ts	1791555528.231011	1791555528.281257	0
head	c	stage1/cohere/yaml/gaps/stringPresence.ts	1791555528.283022	1791555528.333546	0
base	c	stage1/cohere/yaml/gaps/stringUnitScan.ts	1791555528.337597	1791555528.390438	0
head	c	stage1/cohere/yaml/gaps/stringUnitScan.ts	1791555528.392402	1791555528.446842	0
base	c	stage1/cohere/yaml/gaps/structuralPosition.ts	1791555528.450820	1791555528.506227	1
head	c	stage1/cohere/yaml/gaps/structuralPosition.ts	1791555528.508859	1791555528.564902	1
base	c	stage1/cohere/yaml/gaps/valueConjunction.ts	1791555528.569244	1791555528.622285	0
head	c	stage1/cohere/yaml/gaps/valueConjunction.ts	1791555528.624231	1791555528.676879	0
base	c	stage1/cohere/yaml/gaps/valuePresence.ts	1791555528.681380	1791555528.737888	0
head	c	stage1/cohere/yaml/gaps/valuePresence.ts	1791555528.739891	1791555528.792894	0
base	c	stage1/typescript/parser/gaps/1_strong_ast_parent.ts	1791555528.796899	1791555528.849632	1
head	c	stage1/typescript/parser/gaps/1_strong_ast_parent.ts	1791555528.851304	1791555528.906575	1
base	c	stage1/typescript/parser/gaps/2_push_spread.ts	1791555528.910986	1791555528.965685	1
head	c	stage1/typescript/parser/gaps/2_push_spread.ts	1791555528.967544	1791555529.020163	1
base	c	stage1/typescript/parser/gaps/3_import_cycle.ts	1791555529.025028	1791555529.078515	0
head	c	stage1/typescript/parser/gaps/3_import_cycle.ts	1791555529.080600	1791555529.132058	0
base	c	stage1/typescript/parser/gaps/3_import_cycle_peer.ts	1791555529.137252	1791555529.190666	0
head	c	stage1/typescript/parser/gaps/3_import_cycle_peer.ts	1791555529.192801	1791555529.243532	0
base	c	stage1/typescript/parser/gaps/4_class_interface_method.ts	1791555529.247683	1791555529.301693	1
head	c	stage1/typescript/parser/gaps/4_class_interface_method.ts	1791555529.303389	1791555529.355402	1
base	c	stage1/typescript/parser/gaps/5_optional_function_value.ts	1791555529.360043	1791555529.410182	0
head	c	stage1/typescript/parser/gaps/5_optional_function_value.ts	1791555529.412474	1791555529.466035	0
base	c	stage1/typescript/parser/gaps/6_conditional_empty_array.ts	1791555529.471155	1791555529.522413	0
head	c	stage1/typescript/parser/gaps/6_conditional_empty_array.ts	1791555529.524319	1791555529.573179	0
base	c	stage1/typescript/scanner/gaps/1_push.ts	1791555529.577107	1791555529.629301	1
head	c	stage1/typescript/scanner/gaps/1_push.ts	1791555529.631026	1791555529.678939	1
base	c	stage1/typescript/scanner/gaps/2_bigint.ts	1791555529.683148	1791555529.735414	1
head	c	stage1/typescript/scanner/gaps/2_bigint.ts	1791555529.737162	1791555529.791746	1
base	c	review/compiler/empty-else-guard/survivor-switch.a	1791555529.795750	1791555529.846857	0
head	c	review/compiler/empty-else-guard/survivor-switch.a	1791555529.848590	1791555529.898756	0
base	c	review/compiler/fx5-every-refusal/initial-literal-layout.a	1791555529.902317	1791555529.953984	0
head	c	review/compiler/fx5-every-refusal/initial-literal-layout.a	1791555529.955925	1791555530.009465	0
base	c	review/compiler/fx5-literal-fix/all-number.a	1791555530.013534	1791555530.065146	0
head	c	review/compiler/fx5-literal-fix/all-number.a	1791555530.066990	1791555530.119842	0
base	c	review/compiler/fx5-literal-fix/nested-number.a	1791555530.123826	1791555530.176144	0
head	c	review/compiler/fx5-literal-fix/nested-number.a	1791555530.177881	1791555530.229468	0
base	c	review/compiler/fx5-literal-refusal/all-number.a	1791555530.233062	1791555530.286231	0
head	c	review/compiler/fx5-literal-refusal/all-number.a	1791555530.287899	1791555530.338410	0
base	c	review/oct6/class_oct6_construction.a	1791555530.342882	1791555530.392807	1
head	c	review/oct6/class_oct6_construction.a	1791555530.394574	1791555530.445474	1
base	c	review/optional-indexing/map-shape.a	1791555530.449572	1791555530.507041	1
head	c	review/optional-indexing/map-shape.a	1791555530.508801	1791555530.564528	1
base	c	review/optional-indexing/numeric-string-key.a	1791555530.568396	1791555530.620239	1
head	c	review/optional-indexing/numeric-string-key.a	1791555530.622050	1791555530.671518	1
base	c	review/optional-indexing/sparse-array.a	1791555530.675440	1791555530.725617	1
head	c	review/optional-indexing/sparse-array.a	1791555530.727356	1791555530.778566	1
base	c	review/unknown-narrowing/require_pending.a	1791555530.782840	1791555530.833421	1
head	c	review/unknown-narrowing/require_pending.a	1791555530.835180	1791555530.885406	1
