base	c	review/admission-corpus/witnesses/captured-loop.a	1791554888.772788	1791554888.836861	1
head	c	review/admission-corpus/witnesses/captured-loop.a	1791554888.839573	1791554888.892523	1
base	c	review/admission-corpus/witnesses/checked-view-boolean.a	1791554888.897213	1791554888.950300	0
head	c	review/admission-corpus/witnesses/checked-view-boolean.a	1791554888.952573	1791554889.004953	0
base	c	internal/flow/testdata/joins.a	1791554889.010118	1791554889.068013	0
head	c	internal/flow/testdata/joins.a	1791554889.070115	1791554889.127825	0
base	c	internal/flow/testdata/mutations.a	1791554889.132324	1791554889.200767	0
head	c	internal/flow/testdata/mutations.a	1791554889.202726	1791554889.274511	0
base	c	internal/load/testdata/0.1/compile/01_hello.ts	1791554889.279952	1791554889.331461	0
head	c	internal/load/testdata/0.1/compile/01_hello.ts	1791554889.333443	1791554889.379983	0
base	c	internal/load/testdata/0.1/compile/02_fizzbuzz.ts	1791554889.384420	1791554889.431615	0
head	c	internal/load/testdata/0.1/compile/02_fizzbuzz.ts	1791554889.433398	1791554889.482433	0
base	c	internal/load/testdata/0.1/compile/03_shapes.ts	1791554889.486379	1791554889.542080	0
head	c	internal/load/testdata/0.1/compile/03_shapes.ts	1791554889.543885	1791554889.596242	0
base	c	internal/load/testdata/0.1/compile/04_closures.ts	1791554889.600079	1791554889.651391	0
head	c	internal/load/testdata/0.1/compile/04_closures.ts	1791554889.653148	1791554889.706110	0
base	c	internal/load/testdata/0.1/compile/05_wordcount.ts	1791554889.710256	1791554889.763849	0
head	c	internal/load/testdata/0.1/compile/05_wordcount.ts	1791554889.765599	1791554889.816123	0
base	c	internal/load/testdata/0.1/compile/06_stack.ts	1791554889.820408	1791554889.871924	0
head	c	internal/load/testdata/0.1/compile/06_stack.ts	1791554889.873671	1791554889.923152	0
base	c	internal/load/testdata/0.1/compile/07_modules/main.ts	1791554889.927588	1791554889.983423	0
head	c	internal/load/testdata/0.1/compile/07_modules/main.ts	1791554889.985362	1791554890.047541	0
base	c	internal/load/testdata/0.1/compile/08_results.ts	1791554890.051756	1791554890.107387	0
head	c	internal/load/testdata/0.1/compile/08_results.ts	1791554890.109393	1791554890.161986	0
base	c	internal/load/testdata/0.1/compile/09_tree.ts	1791554890.166076	1791554890.226045	0
head	c	internal/load/testdata/0.1/compile/09_tree.ts	1791554890.228056	1791554890.289983	0
base	c	internal/load/testdata/0.1/compile/10_unicode.ts	1791554890.296507	1791554890.347779	0
head	c	internal/load/testdata/0.1/compile/10_unicode.ts	1791554890.349629	1791554890.406157	0
base	c	internal/oracle/testdata/047cb0d_n_arrayindex.a	1791554890.410509	1791554890.461710	0
head	c	internal/oracle/testdata/047cb0d_n_arrayindex.a	1791554890.463579	1791554890.527561	0
base	c	internal/oracle/testdata/047cb0d_n_coalesce.a	1791554890.532057	1791554890.598742	0
head	c	internal/oracle/testdata/047cb0d_n_coalesce.a	1791554890.600736	1791554890.655464	0
base	c	internal/oracle/testdata/047cb0d_n_conditional.a	1791554890.659530	1791554890.722544	0
head	c	internal/oracle/testdata/047cb0d_n_conditional.a	1791554890.724616	1791554890.777824	0
base	c	internal/oracle/testdata/047cb0d_n_element.a	1791554890.781949	1791554890.834961	0
head	c	internal/oracle/testdata/047cb0d_n_element.a	1791554890.837172	1791554890.887975	0
base	c	internal/oracle/testdata/047cb0d_n_element_method.a	1791554890.892337	1791554890.950662	0
head	c	internal/oracle/testdata/047cb0d_n_element_method.a	1791554890.952761	1791554891.008775	0
base	c	internal/oracle/testdata/047cb0d_n_element_plain.a	1791554891.013214	1791554891.064934	0
head	c	internal/oracle/testdata/047cb0d_n_element_plain.a	1791554891.068088	1791554891.124993	0
base	c	internal/oracle/testdata/047cb0d_n_numparam.a	1791554891.129722	1791554891.179170	0
head	c	internal/oracle/testdata/047cb0d_n_numparam.a	1791554891.181074	1791554891.233064	0
base	c	internal/oracle/testdata/047cb0d_n_optional.a	1791554891.237422	1791554891.288856	0
head	c	internal/oracle/testdata/047cb0d_n_optional.a	1791554891.290711	1791554891.341288	0
base	c	internal/oracle/testdata/047cb0d_n_param.a	1791554891.346426	1791554891.398097	0
head	c	internal/oracle/testdata/047cb0d_n_param.a	1791554891.399796	1791554891.450328	0
base	c	internal/oracle/testdata/047cb0d_n_paren.a	1791554891.454421	1791554891.506514	0
head	c	internal/oracle/testdata/047cb0d_n_paren.a	1791554891.508374	1791554891.560013	0
base	c	internal/oracle/testdata/047cb0d_n_template.a	1791554891.564432	1791554891.614451	0
head	c	internal/oracle/testdata/047cb0d_n_template.a	1791554891.616123	1791554891.665469	0
base	c	internal/oracle/testdata/047cb0d_n_typeof.a	1791554891.669573	1791554891.720488	0
head	c	internal/oracle/testdata/047cb0d_n_typeof.a	1791554891.722256	1791554891.775171	0
base	c	internal/oracle/testdata/93122fa_s1.a	1791554891.779722	1791554891.831503	0
head	c	internal/oracle/testdata/93122fa_s1.a	1791554891.833283	1791554891.885551	0
base	c	internal/oracle/testdata/93122fa_s2.a	1791554891.889516	1791554891.945486	0
head	c	internal/oracle/testdata/93122fa_s2.a	1791554891.948220	1791554891.996256	0
base	c	internal/oracle/testdata/adversarial_exits.a	1791554892.000913	1791554892.056014	0
head	c	internal/oracle/testdata/adversarial_exits.a	1791554892.058281	1791554892.112725	0
base	c	internal/oracle/testdata/adversarial_iteration.a	1791554892.117153	1791554892.173933	0
head	c	internal/oracle/testdata/adversarial_iteration.a	1791554892.175767	1791554892.231252	0
base	c	internal/oracle/testdata/adversarial_order.a	1791554892.235651	1791554892.300136	0
head	c	internal/oracle/testdata/adversarial_order.a	1791554892.302642	1791554892.363927	0
base	c	internal/oracle/testdata/arguments.a	1791554892.368741	1791554892.424851	0
head	c	internal/oracle/testdata/arguments.a	1791554892.426829	1791554892.477335	0
base	c	internal/oracle/testdata/arguments_length.a	1791554892.481423	1791554892.533007	0
head	c	internal/oracle/testdata/arguments_length.a	1791554892.534719	1791554892.586614	0
base	c	internal/oracle/testdata/arguments_length_callbacks.a	1791554892.590683	1791554892.645317	0
head	c	internal/oracle/testdata/arguments_length_callbacks.a	1791554892.647136	1791554892.700466	0
base	c	internal/oracle/testdata/arguments_length_extended.a	1791554892.704822	1791554892.764351	0
head	c	internal/oracle/testdata/arguments_length_extended.a	1791554892.766101	1791554892.821607	0
base	c	internal/oracle/testdata/arguments_length_method.a	1791554892.825679	1791554892.875532	0
head	c	internal/oracle/testdata/arguments_length_method.a	1791554892.877333	1791554892.929129	0
base	c	internal/oracle/testdata/arguments_length_no_reader.a	1791554892.933091	1791554892.983096	0
head	c	internal/oracle/testdata/arguments_length_no_reader.a	1791554892.984776	1791554893.038367	0
base	c	internal/oracle/testdata/arguments_length_reduce_left.a	1791554893.042471	1791554893.096492	0
head	c	internal/oracle/testdata/arguments_length_reduce_left.a	1791554893.098176	1791554893.148355	0
base	c	internal/oracle/testdata/arguments_length_spread.a	1791554893.152608	1791554893.202263	0
head	c	internal/oracle/testdata/arguments_length_spread.a	1791554893.204272	1791554893.258840	0
base	c	internal/oracle/testdata/arguments_length_static.a	1791554893.263046	1791554893.310082	0
head	c	internal/oracle/testdata/arguments_length_static.a	1791554893.311809	1791554893.360357	0
base	c	internal/oracle/testdata/arguments_length_static_constructor.a	1791554893.364612	1791554893.415564	0
head	c	internal/oracle/testdata/arguments_length_static_constructor.a	1791554893.417387	1791554893.469268	0
base	c	internal/oracle/testdata/arguments_length_unrelated_type.a	1791554893.473606	1791554893.521015	0
head	c	internal/oracle/testdata/arguments_length_unrelated_type.a	1791554893.522882	1791554893.572118	0
base	c	internal/oracle/testdata/arguments_length_value.a	1791554893.576266	1791554893.628005	0
head	c	internal/oracle/testdata/arguments_length_value.a	1791554893.629817	1791554893.680561	0
base	c	internal/oracle/testdata/arguments_length_value_count.a	1791554893.684612	1791554893.734720	0
head	c	internal/oracle/testdata/arguments_length_value_count.a	1791554893.736776	1791554893.787107	0
base	c	internal/oracle/testdata/array_from.a	1791554893.791690	1791554893.849665	0
head	c	internal/oracle/testdata/array_from.a	1791554893.851684	1791554893.907326	0
base	c	internal/oracle/testdata/array_from_length.a	1791554893.911449	1791554893.961380	0
head	c	internal/oracle/testdata/array_from_length.a	1791554893.963044	1791554894.014905	0
base	c	internal/oracle/testdata/array_from_undefined.a	1791554894.019020	1791554894.075077	0
head	c	internal/oracle/testdata/array_from_undefined.a	1791554894.076884	1791554894.126925	0
base	c	internal/oracle/testdata/array_literal_empty_first.a	1791554894.130879	1791554894.181355	0
head	c	internal/oracle/testdata/array_literal_empty_first.a	1791554894.183058	1791554894.231947	0
base	c	internal/oracle/testdata/array_literal_empty_last.a	1791554894.236065	1791554894.286012	0
head	c	internal/oracle/testdata/array_literal_empty_last.a	1791554894.287950	1791554894.339135	0
base	c	internal/oracle/testdata/array_literal_empty_typed.a	1791554894.343281	1791554894.397071	0
head	c	internal/oracle/testdata/array_literal_empty_typed.a	1791554894.398967	1791554894.452690	0
base	c	internal/oracle/testdata/array_literal_empty_union.a	1791554894.457827	1791554894.508218	0
head	c	internal/oracle/testdata/array_literal_empty_union.a	1791554894.510039	1791554894.563426	0
base	c	internal/oracle/testdata/ascii_scan.a	1791554894.567666	1791554894.622624	0
head	c	internal/oracle/testdata/ascii_scan.a	1791554894.624515	1791554894.676278	0
base	c	internal/oracle/testdata/bitwise.a	1791554894.680577	1791554894.733079	0
head	c	internal/oracle/testdata/bitwise.a	1791554894.734948	1791554894.785416	0
base	c	internal/oracle/testdata/bitwise_sweep.a	1791554894.790629	1791554894.854111	0
head	c	internal/oracle/testdata/bitwise_sweep.a	1791554894.855966	1791554894.915361	0
base	c	internal/oracle/testdata/booleans.a	1791554894.919726	1791554894.971826	0
head	c	internal/oracle/testdata/booleans.a	1791554894.974069	1791554895.026893	0
base	c	internal/oracle/testdata/borrow_chain_argument.a	1791554895.031279	1791554895.079379	0
head	c	internal/oracle/testdata/borrow_chain_argument.a	1791554895.081275	1791554895.131763	0
base	c	internal/oracle/testdata/borrow_chain_capture.a	1791554895.136217	1791554895.186570	0
head	c	internal/oracle/testdata/borrow_chain_capture.a	1791554895.188352	1791554895.238383	0
base	c	internal/oracle/testdata/borrow_chain_coverage_bounded.a	1791554895.242505	1791554895.291807	0
head	c	internal/oracle/testdata/borrow_chain_coverage_bounded.a	1791554895.293632	1791554895.344082	0
base	c	internal/oracle/testdata/borrow_chain_coverage_callbacks.a	1791554895.348691	1791554895.405306	0
head	c	internal/oracle/testdata/borrow_chain_coverage_callbacks.a	1791554895.407074	1791554895.464053	0
base	c	internal/oracle/testdata/borrow_chain_coverage_depths.a	1791554895.468244	1791554895.518940	0
head	c	internal/oracle/testdata/borrow_chain_coverage_depths.a	1791554895.520696	1791554895.569677	0
base	c	internal/oracle/testdata/borrow_chain_coverage_exclusions.a	1791554895.573640	1791554895.625297	0
head	c	internal/oracle/testdata/borrow_chain_coverage_exclusions.a	1791554895.627925	1791554895.682242	0
base	c	internal/oracle/testdata/borrow_chain_coverage_finally.a	1791554895.686265	1791554895.736070	0
head	c	internal/oracle/testdata/borrow_chain_coverage_finally.a	1791554895.737753	1791554895.788698	0
base	c	internal/oracle/testdata/borrow_chain_coverage_guards.a	1791554895.792597	1791554895.846554	0
head	c	internal/oracle/testdata/borrow_chain_coverage_guards.a	1791554895.848351	1791554895.901442	0
base	c	internal/oracle/testdata/borrow_chain_coverage_method.a	1791554895.905573	1791554895.958136	0
head	c	internal/oracle/testdata/borrow_chain_coverage_method.a	1791554895.959829	1791554896.013842	0
base	c	internal/oracle/testdata/borrow_chain_coverage_parents.a	1791554896.017982	1791554896.070562	0
head	c	internal/oracle/testdata/borrow_chain_coverage_parents.a	1791554896.072455	1791554896.127230	0
base	c	internal/oracle/testdata/borrow_chain_coverage_return.a	1791554896.131555	1791554896.184392	0
head	c	internal/oracle/testdata/borrow_chain_coverage_return.a	1791554896.186230	1791554896.240541	0
base	c	internal/oracle/testdata/borrow_chain_coverage_scope.a	1791554896.244698	1791554896.296495	0
head	c	internal/oracle/testdata/borrow_chain_coverage_scope.a	1791554896.298379	1791554896.349035	0
base	c	internal/oracle/testdata/borrow_chain_coverage_spread.a	1791554896.353308	1791554896.406668	0
head	c	internal/oracle/testdata/borrow_chain_coverage_spread.a	1791554896.408717	1791554896.461871	0
base	c	internal/oracle/testdata/borrow_chain_coverage_values.a	1791554896.465971	1791554896.520249	0
head	c	internal/oracle/testdata/borrow_chain_coverage_values.a	1791554896.522129	1791554896.577990	0
base	c	internal/oracle/testdata/borrow_chain_listener.a	1791554896.582391	1791554896.634342	0
head	c	internal/oracle/testdata/borrow_chain_listener.a	1791554896.636477	1791554896.692797	0
base	c	internal/oracle/testdata/borrow_chain_override.a	1791554896.696914	1791554896.749527	0
head	c	internal/oracle/testdata/borrow_chain_override.a	1791554896.751329	1791554896.807017	0
base	c	internal/oracle/testdata/borrow_chain_reassigned.a	1791554896.811464	1791554896.862618	0
head	c	internal/oracle/testdata/borrow_chain_reassigned.a	1791554896.864481	1791554896.920533	0
base	c	internal/oracle/testdata/borrow_chain_store.a	1791554896.924749	1791554896.977397	0
head	c	internal/oracle/testdata/borrow_chain_store.a	1791554896.979308	1791554897.033830	0
base	c	internal/oracle/testdata/borrow_chain_unknown.a	1791554897.038129	1791554897.089171	0
head	c	internal/oracle/testdata/borrow_chain_unknown.a	1791554897.090874	1791554897.141460	0
base	c	internal/oracle/testdata/borrow_chain_walk.a	1791554897.145663	1791554897.200111	0
head	c	internal/oracle/testdata/borrow_chain_walk.a	1791554897.201961	1791554897.256225	0
base	c	internal/oracle/testdata/borrow_chain_write.a	1791554897.260594	1791554897.316784	0
head	c	internal/oracle/testdata/borrow_chain_write.a	1791554897.319393	1791554897.371275	0
base	c	internal/oracle/testdata/borrow_defined_lent.a	1791554897.375677	1791554897.420589	0
head	c	internal/oracle/testdata/borrow_defined_lent.a	1791554897.422620	1791554897.473467	0
base	c	internal/oracle/testdata/borrow_defined_lent_field.a	1791554897.478074	1791554897.527981	0
head	c	internal/oracle/testdata/borrow_defined_lent_field.a	1791554897.529887	1791554897.583866	0
base	c	internal/oracle/testdata/borrow_element.a	1791554897.588237	1791554897.650879	0
head	c	internal/oracle/testdata/borrow_element.a	1791554897.652712	1791554897.717014	0
base	c	internal/oracle/testdata/borrow_element_super_move.a	1791554897.721701	1791554897.771131	0
head	c	internal/oracle/testdata/borrow_element_super_move.a	1791554897.773056	1791554897.832973	0
base	c	internal/oracle/testdata/borrow_element_throw.a	1791554897.837266	1791554897.905386	0
head	c	internal/oracle/testdata/borrow_element_throw.a	1791554897.907271	1791554897.960229	0
base	c	internal/oracle/testdata/borrow_element_virtual_move.a	1791554897.964601	1791554898.017136	0
head	c	internal/oracle/testdata/borrow_element_virtual_move.a	1791554898.019121	1791554898.073090	0
base	c	internal/oracle/testdata/borrow_element_virtual_store.a	1791554898.077383	1791554898.126631	0
head	c	internal/oracle/testdata/borrow_element_virtual_store.a	1791554898.128422	1791554898.192234	0
base	c	internal/oracle/testdata/borrow_global_call.a	1791554898.196557	1791554898.247544	0
head	c	internal/oracle/testdata/borrow_global_call.a	1791554898.249375	1791554898.302081	0
base	c	internal/oracle/testdata/borrow_loop.a	1791554898.306059	1791554898.370053	0
head	c	internal/oracle/testdata/borrow_loop.a	1791554898.372648	1791554898.433801	0
base	c	internal/oracle/testdata/borrow_loop_calls.a	1791554898.438422	1791554898.509044	0
head	c	internal/oracle/testdata/borrow_loop_calls.a	1791554898.510942	1791554898.583456	0
base	c	internal/oracle/testdata/borrow_map_overwrite.a	1791554898.588372	1791554898.638593	0
head	c	internal/oracle/testdata/borrow_map_overwrite.a	1791554898.640492	1791554898.694204	0
base	c	internal/oracle/testdata/borrow_reassigned.a	1791554898.698319	1791554898.749659	0
head	c	internal/oracle/testdata/borrow_reassigned.a	1791554898.751464	1791554898.804943	0
base	c	internal/oracle/testdata/call_targets_closure.a	1791554898.809136	1791554898.858069	0
head	c	internal/oracle/testdata/call_targets_closure.a	1791554898.859946	1791554898.912211	0
base	c	internal/oracle/testdata/call_targets_element.a	1791554898.916715	1791554898.973260	0
head	c	internal/oracle/testdata/call_targets_element.a	1791554898.975013	1791554899.028555	0
base	c	internal/oracle/testdata/call_targets_region.a	1791554899.032802	1791554899.083390	0
head	c	internal/oracle/testdata/call_targets_region.a	1791554899.085057	1791554899.136061	0
base	c	internal/oracle/testdata/call_targets_reuse.a	1791554899.140597	1791554899.193807	0
head	c	internal/oracle/testdata/call_targets_reuse.a	1791554899.195720	1791554899.247913	0
base	c	internal/oracle/testdata/call_targets_sort.a	1791554899.252491	1791554899.306886	0
head	c	internal/oracle/testdata/call_targets_sort.a	1791554899.308620	1791554899.359232	0
base	c	internal/oracle/testdata/case_mapping.a	1791554899.363143	1791554899.417876	0
head	c	internal/oracle/testdata/case_mapping.a	1791554899.419632	1791554899.477016	0
base	c	internal/oracle/testdata/cast_class.a	1791554899.481009	1791554899.541576	0
head	c	internal/oracle/testdata/cast_class.a	1791554899.543406	1791554899.606385	0
base	c	internal/oracle/testdata/cast_class_fails.a	1791554899.610856	1791554899.664409	0
head	c	internal/oracle/testdata/cast_class_fails.a	1791554899.666103	1791554899.720010	0
base	c	internal/oracle/testdata/cast_class_generic_fails.a	1791554899.724339	1791554899.776291	0
head	c	internal/oracle/testdata/cast_class_generic_fails.a	1791554899.777987	1791554899.829294	0
base	c	internal/oracle/testdata/cast_class_union_fails.a	1791554899.834674	1791554899.885043	0
head	c	internal/oracle/testdata/cast_class_union_fails.a	1791554899.886755	1791554899.937407	0
base	c	internal/oracle/testdata/cast_enum_const.a	1791554899.941604	1791554899.995737	0
head	c	internal/oracle/testdata/cast_enum_const.a	1791554899.997687	1791554900.049644	0
base	c	internal/oracle/testdata/cast_enum_const_numeric_fails.a	1791554900.054828	1791554900.102556	0
head	c	internal/oracle/testdata/cast_enum_const_numeric_fails.a	1791554900.105286	1791554900.150784	0
base	c	internal/oracle/testdata/cast_enum_const_string_fails.a	1791554900.154946	1791554900.205928	0
head	c	internal/oracle/testdata/cast_enum_const_string_fails.a	1791554900.207655	1791554900.256788	0
base	c	internal/oracle/testdata/cast_enum_numeric.a	1791554900.261110	1791554900.313233	0
head	c	internal/oracle/testdata/cast_enum_numeric.a	1791554900.314895	1791554900.368669	0
base	c	internal/oracle/testdata/cast_enum_numeric_fails.a	1791554900.372741	1791554900.425132	0
head	c	internal/oracle/testdata/cast_enum_numeric_fails.a	1791554900.427114	1791554900.480488	0
base	c	internal/oracle/testdata/cast_enum_string.a	1791554900.484546	1791554900.538985	0
head	c	internal/oracle/testdata/cast_enum_string.a	1791554900.540782	1791554900.595973	0
base	c	internal/oracle/testdata/cast_enum_string_fails.a	1791554900.600633	1791554900.650671	0
head	c	internal/oracle/testdata/cast_enum_string_fails.a	1791554900.652410	1791554900.705764	0
base	c	internal/oracle/testdata/cast_fails.a	1791554900.709994	1791554900.762302	0
head	c	internal/oracle/testdata/cast_fails.a	1791554900.764143	1791554900.813667	0
base	c	internal/oracle/testdata/cast_operand_once.a	1791554900.818040	1791554900.869624	0
head	c	internal/oracle/testdata/cast_operand_once.a	1791554900.871422	1791554900.924854	0
base	c	internal/oracle/testdata/cast_subunion_const_numeric_fails.a	1791554900.929015	1791554900.978928	0
head	c	internal/oracle/testdata/cast_subunion_const_numeric_fails.a	1791554900.980820	1791554901.040655	0
base	c	internal/oracle/testdata/cast_subunion_const_string_fails.a	1791554901.044948	1791554901.092875	0
head	c	internal/oracle/testdata/cast_subunion_const_string_fails.a	1791554901.094703	1791554901.146403	0
base	c	internal/oracle/testdata/cast_subunion_fails.a	1791554901.150713	1791554901.201403	0
head	c	internal/oracle/testdata/cast_subunion_fails.a	1791554901.203346	1791554901.255465	0
base	c	internal/oracle/testdata/cast_subunion_string_fails.a	1791554901.261355	1791554901.314650	0
head	c	internal/oracle/testdata/cast_subunion_string_fails.a	1791554901.317088	1791554901.367552	0
base	c	internal/oracle/testdata/casts.a	1791554901.372830	1791554901.425019	0
head	c	internal/oracle/testdata/casts.a	1791554901.426923	1791554901.478666	0
base	c	internal/oracle/testdata/census_append_overload.a	1791554901.482721	1791554901.535163	0
head	c	internal/oracle/testdata/census_append_overload.a	1791554901.537058	1791554901.589539	0
base	c	internal/oracle/testdata/census_boolean_dead_branch.a	1791554901.594107	1791554901.645001	0
head	c	internal/oracle/testdata/census_boolean_dead_branch.a	1791554901.646823	1791554901.696051	0
base	c	internal/oracle/testdata/census_boolean_negation.a	1791554901.700800	1791554901.748233	0
head	c	internal/oracle/testdata/census_boolean_negation.a	1791554901.749861	1791554901.802658	0
base	c	internal/oracle/testdata/census_boolean_operators.a	1791554901.807393	1791554901.860220	0
head	c	internal/oracle/testdata/census_boolean_operators.a	1791554901.862001	1791554901.915429	0
base	c	internal/oracle/testdata/census_boolean_sieve.a	1791554901.919812	1791554901.971291	0
head	c	internal/oracle/testdata/census_boolean_sieve.a	1791554901.973205	1791554902.035314	0
base	c	internal/oracle/testdata/census_never_rest_marker.a	1791554902.039972	1791554902.098787	0
head	c	internal/oracle/testdata/census_never_rest_marker.a	1791554902.101074	1791554902.156621	0
base	c	internal/oracle/testdata/census_optional_values_forms.a	1791554902.160851	1791554902.225594	0
head	c	internal/oracle/testdata/census_optional_values_forms.a	1791554902.227890	1791554902.292542	0
base	c	internal/oracle/testdata/census_optional_values_padding.a	1791554902.296863	1791554902.352799	0
head	c	internal/oracle/testdata/census_optional_values_padding.a	1791554902.354512	1791554902.413308	0
base	c	internal/oracle/testdata/census_optional_values_receivers.a	1791554902.418943	1791554902.472862	0
head	c	internal/oracle/testdata/census_optional_values_receivers.a	1791554902.474913	1791554902.525767	0
base	c	internal/oracle/testdata/census_optional_values_system.a	1791554902.530347	1791554902.586153	0
head	c	internal/oracle/testdata/census_optional_values_system.a	1791554902.587991	1791554902.644701	0
base	c	internal/oracle/testdata/census_overload_binders.a	1791554902.648791	1791554902.697989	0
head	c	internal/oracle/testdata/census_overload_binders.a	1791554902.699765	1791554902.750111	0
base	c	internal/oracle/testdata/census_overload_contracts.a	1791554902.754434	1791554902.803552	0
head	c	internal/oracle/testdata/census_overload_contracts.a	1791554902.805174	1791554902.855063	0
base	c	internal/oracle/testdata/census_overload_lie.a	1791554902.858864	1791554902.907089	0
head	c	internal/oracle/testdata/census_overload_lie.a	1791554902.908797	1791554902.959126	0
base	c	internal/oracle/testdata/census_predicate_marker.a	1791554902.963273	1791554903.015756	0
head	c	internal/oracle/testdata/census_predicate_marker.a	1791554903.017524	1791554903.066122	0
base	c	internal/oracle/testdata/census_predicate_marker_live.a	1791554903.070223	1791554903.118834	0
head	c	internal/oracle/testdata/census_predicate_marker_live.a	1791554903.120679	1791554903.171906	0
base	c	internal/oracle/testdata/census_small_boolean.a	1791554903.176358	1791554903.233043	0
head	c	internal/oracle/testdata/census_small_boolean.a	1791554903.235114	1791554903.290473	0
base	c	internal/oracle/testdata/census_small_overload.a	1791554903.294881	1791554903.344815	0
head	c	internal/oracle/testdata/census_small_overload.a	1791554903.346568	1791554903.400396	0
base	c	internal/oracle/testdata/census_small_rest.a	1791554903.404815	1791554903.460480	0
head	c	internal/oracle/testdata/census_small_rest.a	1791554903.462439	1791554903.514827	0
base	c	internal/oracle/testdata/census_unary_numeric.a	1791554903.519130	1791554903.575045	0
head	c	internal/oracle/testdata/census_unary_numeric.a	1791554903.576908	1791554903.632677	0
base	c	internal/oracle/testdata/census_unary_truthiness.a	1791554903.637352	1791554903.689981	0
head	c	internal/oracle/testdata/census_unary_truthiness.a	1791554903.691936	1791554903.747455	0
base	c	internal/oracle/testdata/class_as_interface.a	1791554903.751635	1791554903.851876	0
head	c	internal/oracle/testdata/class_as_interface.a	1791554903.854101	1791554903.948558	0
base	c	internal/oracle/testdata/class_features_accessors.a	1791554903.952843	1791554904.015400	0
head	c	internal/oracle/testdata/class_features_accessors.a	1791554904.017212	1791554904.081113	0
base	c	internal/oracle/testdata/class_features_distinct.a	1791554904.085321	1791554904.142865	0
head	c	internal/oracle/testdata/class_features_distinct.a	1791554904.144792	1791554904.196310	0
base	c	internal/oracle/testdata/class_features_private.a	1791554904.200523	1791554904.258589	0
head	c	internal/oracle/testdata/class_features_private.a	1791554904.260424	1791554904.317555	0
base	c	internal/oracle/testdata/class_features_retained.a	1791554904.321705	1791554904.379095	0
head	c	internal/oracle/testdata/class_features_retained.a	1791554904.380823	1791554904.439985	0
base	c	internal/oracle/testdata/class_features_static.a	1791554904.444213	1791554904.520139	0
head	c	internal/oracle/testdata/class_features_static.a	1791554904.522069	1791554904.604462	0
base	c	internal/oracle/testdata/class_features_static_private.a	1791554904.609449	1791554904.672286	0
head	c	internal/oracle/testdata/class_features_static_private.a	1791554904.674236	1791554904.736224	0
base	c	internal/oracle/testdata/class_features_twice.a	1791554904.740992	1791554904.797309	0
head	c	internal/oracle/testdata/class_features_twice.a	1791554904.799153	1791554904.851674	0
base	c	internal/oracle/testdata/class_identity.a	1791554904.856571	1791554904.909919	0
head	c	internal/oracle/testdata/class_identity.a	1791554904.911888	1791554904.963882	0
base	c	internal/oracle/testdata/class_inheritance.a	1791554904.969490	1791554905.033768	0
head	c	internal/oracle/testdata/class_inheritance.a	1791554905.035865	1791554905.099266	0
base	c	internal/oracle/testdata/class_inheritance_conditional.a	1791554905.103773	1791554905.198343	0
head	c	internal/oracle/testdata/class_inheritance_conditional.a	1791554905.200445	1791554905.297228	0
base	c	internal/oracle/testdata/class_inheritance_exceptions.a	1791554905.301420	1791554905.354767	0
head	c	internal/oracle/testdata/class_inheritance_exceptions.a	1791554905.356576	1791554905.414267	0
base	c	internal/oracle/testdata/class_inheritance_generic.a	1791554905.418546	1791554905.525140	0
head	c	internal/oracle/testdata/class_inheritance_generic.a	1791554905.527001	1791554905.631749	0
base	c	internal/oracle/testdata/class_inheritance_interface.a	1791554905.636824	1791554905.694009	0
head	c	internal/oracle/testdata/class_inheritance_interface.a	1791554905.695987	1791554905.752994	0
base	c	internal/oracle/testdata/class_inheritance_memory.a	1791554905.757626	1791554905.814125	0
head	c	internal/oracle/testdata/class_inheritance_memory.a	1791554905.815949	1791554905.877550	0
base	c	internal/oracle/testdata/class_inheritance_order.a	1791554905.882993	1791554905.938469	0
head	c	internal/oracle/testdata/class_inheritance_order.a	1791554905.941051	1791554905.996606	0
base	c	internal/oracle/testdata/class_instance_key_consume.a	1791554906.001460	1791554906.056595	0
head	c	internal/oracle/testdata/class_instance_key_consume.a	1791554906.058428	1791554906.113317	0
base	c	internal/oracle/testdata/class_instance_key_region.a	1791554906.117421	1791554906.169521	0
head	c	internal/oracle/testdata/class_instance_key_region.a	1791554906.171398	1791554906.223395	0
base	c	internal/oracle/testdata/class_instance_key_region_alias.a	1791554906.227921	1791554906.283225	0
head	c	internal/oracle/testdata/class_instance_key_region_alias.a	1791554906.285162	1791554906.340786	0
base	c	internal/oracle/testdata/class_instance_key_throw.a	1791554906.344633	1791554906.398083	0
head	c	internal/oracle/testdata/class_instance_key_throw.a	1791554906.399798	1791554906.456943	0
base	c	internal/oracle/testdata/class_layouts.a	1791554906.462391	1791554906.529239	0
head	c	internal/oracle/testdata/class_layouts.a	1791554906.531650	1791554906.600821	0
base	c	internal/oracle/testdata/class_oct6_deep.a	1791554906.605037	1791554906.663708	0
head	c	internal/oracle/testdata/class_oct6_deep.a	1791554906.665546	1791554906.722939	0
base	c	internal/oracle/testdata/class_oct6_parameters.a	1791554906.727115	1791554906.779699	0
head	c	internal/oracle/testdata/class_oct6_parameters.a	1791554906.781492	1791554906.833778	0
base	c	internal/oracle/testdata/class_oct6_release.a	1791554906.837951	1791554906.893259	0
head	c	internal/oracle/testdata/class_oct6_release.a	1791554906.895013	1791554906.950547	0
base	c	internal/oracle/testdata/class_oct6_subclass_holder.a	1791554906.954449	1791554907.008844	0
head	c	internal/oracle/testdata/class_oct6_subclass_holder.a	1791554907.010730	1791554907.069694	0
base	c	internal/oracle/testdata/class_private_generic.a	1791554907.073918	1791554907.135827	0
head	c	internal/oracle/testdata/class_private_generic.a	1791554907.137605	1791554907.199424	0
base	c	internal/oracle/testdata/class_private_members.a	1791554907.203612	1791554907.261070	0
head	c	internal/oracle/testdata/class_private_members.a	1791554907.262737	1791554907.318374	0
base	c	internal/oracle/testdata/class_super_closure.a	1791554907.323105	1791554907.373666	0
head	c	internal/oracle/testdata/class_super_closure.a	1791554907.375600	1791554907.426574	0
base	c	internal/oracle/testdata/classes.a	1791554907.430744	1791554907.484447	0
head	c	internal/oracle/testdata/classes.a	1791554907.486381	1791554907.538207	0
base	c	internal/oracle/testdata/clock_generic_returns_t_01.a	1791554907.542678	1791554907.594104	0
head	c	internal/oracle/testdata/clock_generic_returns_t_01.a	1791554907.595949	1791554907.644281	0
base	c	internal/oracle/testdata/closure_convention_host24.a	1791554907.648694	1791554907.666690	1
head	c	internal/oracle/testdata/closure_convention_host24.a	1791554907.668663	1791554907.686051	1
base	c	internal/oracle/testdata/closure_convention_nested.a	1791554907.689822	1791554907.736274	0
head	c	internal/oracle/testdata/closure_convention_nested.a	1791554907.738033	1791554907.784873	0
base	c	internal/oracle/testdata/closure_convention_plain.a	1791554907.788852	1791554907.837831	0
head	c	internal/oracle/testdata/closure_convention_plain.a	1791554907.839611	1791554907.889015	0
base	c	internal/oracle/testdata/closure_convention_receiver_rest.a	1791554907.893254	1791554907.938754	0
head	c	internal/oracle/testdata/closure_convention_receiver_rest.a	1791554907.940644	1791554907.990867	0
base	c	internal/oracle/testdata/closure_convention_regexp_count.a	1791554907.995043	1791554908.045928	0
head	c	internal/oracle/testdata/closure_convention_regexp_count.a	1791554908.047749	1791554908.097893	0
base	c	internal/oracle/testdata/closures.a	1791554908.101830	1791554908.155038	0
head	c	internal/oracle/testdata/closures.a	1791554908.156795	1791554908.212511	0
base	c	internal/oracle/testdata/closures_throw.a	1791554908.216658	1791554908.281049	0
head	c	internal/oracle/testdata/closures_throw.a	1791554908.282790	1791554908.345922	0
base	c	internal/oracle/testdata/closures_throw_uncaught.a	1791554908.349944	1791554908.399930	0
head	c	internal/oracle/testdata/closures_throw_uncaught.a	1791554908.401731	1791554908.450495	0
base	c	internal/oracle/testdata/collections.a	1791554908.454615	1791554908.532933	0
head	c	internal/oracle/testdata/collections.a	1791554908.534750	1791554908.613294	0
base	c	internal/oracle/testdata/concat_too_long.a	1791554908.617453	1791554908.667620	0
head	c	internal/oracle/testdata/concat_too_long.a	1791554908.669480	1791554908.714227	0
base	c	internal/oracle/testdata/conditions_array.a	1791554908.718392	1791554908.765281	0
head	c	internal/oracle/testdata/conditions_array.a	1791554908.766879	1791554908.811287	0
base	c	internal/oracle/testdata/conditions_evaluation.a	1791554908.815407	1791554908.861065	0
head	c	internal/oracle/testdata/conditions_evaluation.a	1791554908.862850	1791554908.912767	0
base	c	internal/oracle/testdata/conditions_function.a	1791554908.916813	1791554908.962092	0
head	c	internal/oracle/testdata/conditions_function.a	1791554908.963786	1791554909.009266	0
base	c	internal/oracle/testdata/conditions_ledger78.a	1791554909.013431	1791554909.151036	0
head	c	internal/oracle/testdata/conditions_ledger78.a	1791554909.152886	1791554909.292484	0
base	c	internal/oracle/testdata/conditions_null.a	1791554909.296812	1791554909.343925	0
head	c	internal/oracle/testdata/conditions_null.a	1791554909.345621	1791554909.391716	0
base	c	internal/oracle/testdata/conditions_number.a	1791554909.396913	1791554909.443463	0
head	c	internal/oracle/testdata/conditions_number.a	1791554909.445231	1791554909.490539	0
base	c	internal/oracle/testdata/conditions_object.a	1791554909.494440	1791554909.541458	0
head	c	internal/oracle/testdata/conditions_object.a	1791554909.543126	1791554909.588782	0
base	c	internal/oracle/testdata/conditions_optional_boolean.a	1791554909.593284	1791554909.641288	0
head	c	internal/oracle/testdata/conditions_optional_boolean.a	1791554909.642967	1791554909.688954	0
base	c	internal/oracle/testdata/conditions_optional_number.a	1791554909.692901	1791554909.736150	0
head	c	internal/oracle/testdata/conditions_optional_number.a	1791554909.737847	1791554909.788111	0
base	c	internal/oracle/testdata/conditions_optional_reference.a	1791554909.792055	1791554909.837277	0
head	c	internal/oracle/testdata/conditions_optional_reference.a	1791554909.839561	1791554909.885698	0
base	c	internal/oracle/testdata/conditions_optional_string.a	1791554909.889856	1791554909.938846	0
head	c	internal/oracle/testdata/conditions_optional_string.a	1791554909.941352	1791554909.994278	0
base	c	internal/oracle/testdata/conditions_sites.a	1791554909.998114	1791554910.042664	0
head	c	internal/oracle/testdata/conditions_sites.a	1791554910.044411	1791554910.090209	0
base	c	internal/oracle/testdata/conditions_string.a	1791554910.094126	1791554910.140510	0
head	c	internal/oracle/testdata/conditions_string.a	1791554910.142227	1791554910.185677	0
base	c	internal/oracle/testdata/conditions_union.a	1791554910.189689	1791554910.241254	0
head	c	internal/oracle/testdata/conditions_union.a	1791554910.243110	1791554910.291847	0
base	c	internal/oracle/testdata/dead_zone.a	1791554910.295970	1791554910.341090	0
head	c	internal/oracle/testdata/dead_zone.a	1791554910.342752	1791554910.387162	0
base	c	internal/oracle/testdata/debugger_fail.a	1791554910.391206	1791554910.442052	0
head	c	internal/oracle/testdata/debugger_fail.a	1791554910.444009	1791554910.494370	0
base	c	internal/oracle/testdata/declared_later.a	1791554910.498511	1791554910.562308	0
head	c	internal/oracle/testdata/declared_later.a	1791554910.564172	1791554910.624428	0
base	c	internal/oracle/testdata/defaults.a	1791554910.628922	1791554910.678931	0
head	c	internal/oracle/testdata/defaults.a	1791554910.680709	1791554910.730397	0
base	c	internal/oracle/testdata/devirt_borrow_doc_claim.a	1791554910.734327	1791554910.781560	0
head	c	internal/oracle/testdata/devirt_borrow_doc_claim.a	1791554910.783169	1791554910.830450	0
base	c	internal/oracle/testdata/devirtualize.a	1791554910.834320	1791554910.885945	0
head	c	internal/oracle/testdata/devirtualize.a	1791554910.887655	1791554910.941905	0
base	c	internal/oracle/testdata/devirtualize_abstract.a	1791554910.945844	1791554910.992631	0
head	c	internal/oracle/testdata/devirtualize_abstract.a	1791554910.994717	1791554911.044449	0
base	c	internal/oracle/testdata/devirtualize_accessors.a	1791554911.048386	1791554911.099728	0
head	c	internal/oracle/testdata/devirtualize_accessors.a	1791554911.101509	1791554911.149203	0
base	c	internal/oracle/testdata/devirtualize_factory.a	1791554911.153225	1791554911.205107	0
head	c	internal/oracle/testdata/devirtualize_factory.a	1791554911.206995	1791554911.256221	0
base	c	internal/oracle/testdata/devirtualize_function_field.a	1791554911.260544	1791554911.309684	0
head	c	internal/oracle/testdata/devirtualize_function_field.a	1791554911.311617	1791554911.361389	0
base	c	internal/oracle/testdata/devirtualize_generic.a	1791554911.365463	1791554911.416604	0
head	c	internal/oracle/testdata/devirtualize_generic.a	1791554911.418589	1791554911.468388	0
base	c	internal/oracle/testdata/devirtualize_interfaces.a	1791554911.472527	1791554911.522691	0
head	c	internal/oracle/testdata/devirtualize_interfaces.a	1791554911.524425	1791554911.577790	0
base	c	internal/oracle/testdata/devirtualize_receivers.a	1791554911.581853	1791554911.633613	0
head	c	internal/oracle/testdata/devirtualize_receivers.a	1791554911.635272	1791554911.683741	0
base	c	internal/oracle/testdata/doubly_linked.a	1791554911.687538	1791554911.748610	0
head	c	internal/oracle/testdata/doubly_linked.a	1791554911.751079	1791554911.815223	0
base	c	internal/oracle/testdata/e4eec87_f1_alias_narrowed.a	1791554911.819376	1791554911.870971	0
head	c	internal/oracle/testdata/e4eec87_f1_alias_narrowed.a	1791554911.872713	1791554911.929579	0
base	c	internal/oracle/testdata/e4eec87_f1_class_narrowed.a	1791554911.934014	1791554911.983105	0
head	c	internal/oracle/testdata/e4eec87_f1_class_narrowed.a	1791554911.984864	1791554912.037566	0
base	c	internal/oracle/testdata/e4eec87_f1_field_narrowed.a	1791554912.041844	1791554912.097549	0
head	c	internal/oracle/testdata/e4eec87_f1_field_narrowed.a	1791554912.099452	1791554912.162657	0
base	c	internal/oracle/testdata/e4eec87_f1_field_present.a	1791554912.167634	1791554912.221459	0
head	c	internal/oracle/testdata/e4eec87_f1_field_present.a	1791554912.223405	1791554912.271369	0
base	c	internal/oracle/testdata/e4eec87_f2_union_narrow_call.a	1791554912.276733	1791554912.327957	0
head	c	internal/oracle/testdata/e4eec87_f2_union_narrow_call.a	1791554912.330044	1791554912.388740	0
base	c	internal/oracle/testdata/e4eec87_f2b_union_narrow_number.a	1791554912.394236	1791554912.442111	0
head	c	internal/oracle/testdata/e4eec87_f2b_union_narrow_number.a	1791554912.444062	1791554912.493810	0
base	c	internal/oracle/testdata/e4eec87_u01_undefined_field_widened.a	1791554912.498253	1791554912.550228	0
head	c	internal/oracle/testdata/e4eec87_u01_undefined_field_widened.a	1791554912.552811	1791554912.604310	0
base	c	internal/oracle/testdata/e4eec87_u02_optional_absent.a	1791554912.608574	1791554912.661910	0
head	c	internal/oracle/testdata/e4eec87_u02_optional_absent.a	1791554912.663620	1791554912.710703	0
base	c	internal/oracle/testdata/e4eec87_u03_discriminated_undefined.a	1791554912.714868	1791554912.767392	0
head	c	internal/oracle/testdata/e4eec87_u03_discriminated_undefined.a	1791554912.769243	1791554912.821695	0
base	c	internal/oracle/testdata/effects.a	1791554912.825985	1791554912.877349	0
head	c	internal/oracle/testdata/effects.a	1791554912.878895	1791554912.932383	0
base	c	internal/oracle/testdata/element_access_boolean.a	1791554912.937642	1791554912.993527	0
head	c	internal/oracle/testdata/element_access_boolean.a	1791554912.996056	1791554913.050439	0
base	c	internal/oracle/testdata/element_access_optional.a	1791554913.055300	1791554913.112119	0
head	c	internal/oracle/testdata/element_access_optional.a	1791554913.114006	1791554913.170534	0
base	c	internal/oracle/testdata/element_access_presence.a	1791554913.174649	1791554913.225362	0
head	c	internal/oracle/testdata/element_access_presence.a	1791554913.227965	1791554913.279392	0
base	c	internal/oracle/testdata/element_access_reads.a	1791554913.285165	1791554913.346127	0
head	c	internal/oracle/testdata/element_access_reads.a	1791554913.348784	1791554913.408257	0
base	c	internal/oracle/testdata/element_access_tuple.a	1791554913.413025	1791554913.472408	0
head	c	internal/oracle/testdata/element_access_tuple.a	1791554913.474302	1791554913.535152	0
base	c	internal/oracle/testdata/empty-path.a	1791554913.539510	1791554913.592540	0
head	c	internal/oracle/testdata/empty-path.a	1791554913.594278	1791554913.643718	0
base	c	internal/oracle/testdata/entries_checked_boolean.a	1791554913.647883	1791554913.698330	0
head	c	internal/oracle/testdata/entries_checked_boolean.a	1791554913.700388	1791554913.750025	0
base	c	internal/oracle/testdata/entries_checked_boxed.a	1791554913.755934	1791554913.814279	0
head	c	internal/oracle/testdata/entries_checked_boxed.a	1791554913.816086	1791554913.870019	0
base	c	internal/oracle/testdata/entries_checked_fit.a	1791554913.874328	1791554913.924565	0
head	c	internal/oracle/testdata/entries_checked_fit.a	1791554913.926312	1791554913.977234	0
base	c	internal/oracle/testdata/entries_checked_literal.a	1791554913.984432	1791554914.037234	0
head	c	internal/oracle/testdata/entries_checked_literal.a	1791554914.039046	1791554914.091850	0
base	c	internal/oracle/testdata/entries_checked_misfit.a	1791554914.096017	1791554914.148221	0
head	c	internal/oracle/testdata/entries_checked_misfit.a	1791554914.150126	1791554914.198832	0
base	c	internal/oracle/testdata/entries_proven.a	1791554914.202985	1791554914.251404	0
head	c	internal/oracle/testdata/entries_proven.a	1791554914.253256	1791554914.302064	0
base	c	internal/oracle/testdata/entries_proven_import.a	1791554914.306069	1791554914.354732	0
head	c	internal/oracle/testdata/entries_proven_import.a	1791554914.356638	1791554914.407242	0
base	c	internal/oracle/testdata/entries_proven_import_source.a	1791554914.411146	1791554914.460330	0
head	c	internal/oracle/testdata/entries_proven_import_source.a	1791554914.461969	1791554914.510409	0
base	c	internal/oracle/testdata/entries_record_alias.a	1791554914.514407	1791554914.567973	0
head	c	internal/oracle/testdata/entries_record_alias.a	1791554914.569716	1791554914.629742	0
base	c	internal/oracle/testdata/entries_record_misfit.a	1791554914.634373	1791554914.684113	0
head	c	internal/oracle/testdata/entries_record_misfit.a	1791554914.685897	1791554914.733397	0
base	c	internal/oracle/testdata/entries_scanner.a	1791554914.737523	1791554914.789988	0
head	c	internal/oracle/testdata/entries_scanner.a	1791554914.791825	1791554914.847146	0
base	c	internal/oracle/testdata/enums.a	1791554914.852070	1791554914.913355	0
head	c	internal/oracle/testdata/enums.a	1791554914.915023	1791554914.973928	0
base	c	internal/oracle/testdata/enums_const.a	1791554914.979308	1791554915.041555	0
head	c	internal/oracle/testdata/enums_const.a	1791554915.043407	1791554915.093909	0
base	c	internal/oracle/testdata/enums_flags.a	1791554915.097972	1791554915.160048	0
head	c	internal/oracle/testdata/enums_flags.a	1791554915.161808	1791554915.221791	0
base	c	internal/oracle/testdata/enums_flags_never_default.a	1791554915.225972	1791554915.279587	0
head	c	internal/oracle/testdata/enums_flags_never_default.a	1791554915.281355	1791554915.331254	0
base	c	internal/oracle/testdata/enums_names.a	1791554915.335329	1791554915.384810	0
head	c	internal/oracle/testdata/enums_names.a	1791554915.386545	1791554915.433875	0
base	c	internal/oracle/testdata/enums_open.a	1791554915.438168	1791554915.494341	0
head	c	internal/oracle/testdata/enums_open.a	1791554915.496386	1791554915.551865	0
base	c	internal/oracle/testdata/enums_open_members.a	1791554915.556056	1791554915.608765	0
head	c	internal/oracle/testdata/enums_open_members.a	1791554915.610447	1791554915.661735	0
base	c	internal/oracle/testdata/enums_open_never.a	1791554915.665795	1791554915.714431	0
head	c	internal/oracle/testdata/enums_open_never.a	1791554915.716010	1791554915.765793	0
base	c	internal/oracle/testdata/enums_open_never_field.a	1791554915.770015	1791554915.821374	0
head	c	internal/oracle/testdata/enums_open_never_field.a	1791554915.823053	1791554915.874209	0
base	c	internal/oracle/testdata/enums_open_never_if.a	1791554915.878037	1791554915.930071	0
head	c	internal/oracle/testdata/enums_open_never_if.a	1791554915.931899	1791554915.980623	0
base	c	internal/oracle/testdata/enums_open_never_implicit.a	1791554915.984765	1791554916.035213	0
head	c	internal/oracle/testdata/enums_open_never_implicit.a	1791554916.037780	1791554916.089928	0
base	c	internal/oracle/testdata/enums_open_never_index.a	1791554916.094150	1791554916.143630	0
head	c	internal/oracle/testdata/enums_open_never_index.a	1791554916.145417	1791554916.196676	0
base	c	internal/oracle/testdata/enums_open_never_return.a	1791554916.200812	1791554916.249601	0
head	c	internal/oracle/testdata/enums_open_never_return.a	1791554916.251403	1791554916.301694	0
base	c	internal/oracle/testdata/enums_open_never_update.a	1791554916.305843	1791554916.355609	0
head	c	internal/oracle/testdata/enums_open_never_update.a	1791554916.357204	1791554916.406846	0
base	c	internal/oracle/testdata/exceptions.a	1791554916.411053	1791554916.473776	0
head	c	internal/oracle/testdata/exceptions.a	1791554916.475565	1791554916.537522	0
base	c	internal/oracle/testdata/exceptions_empty.a	1791554916.541861	1791554916.590721	0
head	c	internal/oracle/testdata/exceptions_empty.a	1791554916.592760	1791554916.641535	0
base	c	internal/oracle/testdata/exceptions_uncaught.a	1791554916.645508	1791554916.697582	0
head	c	internal/oracle/testdata/exceptions_uncaught.a	1791554916.700054	1791554916.749517	0
base	c	internal/oracle/testdata/fallthrough_exceptions.a	1791554916.754998	1791554916.802591	0
head	c	internal/oracle/testdata/fallthrough_exceptions.a	1791554916.804594	1791554916.854235	0
base	c	internal/oracle/testdata/fallthrough_labels.a	1791554916.858349	1791554916.909125	0
head	c	internal/oracle/testdata/fallthrough_labels.a	1791554916.910888	1791554916.956897	0
base	c	internal/oracle/testdata/fallthrough_nested.a	1791554916.961148	1791554917.011586	0
head	c	internal/oracle/testdata/fallthrough_nested.a	1791554917.013370	1791554917.063986	0
base	c	internal/oracle/testdata/fallthrough_ownership.a	1791554917.067964	1791554917.117344	0
head	c	internal/oracle/testdata/fallthrough_ownership.a	1791554917.118999	1791554917.167793	0
base	c	internal/oracle/testdata/fallthrough_probe.a	1791554917.172477	1791554917.220993	0
head	c	internal/oracle/testdata/fallthrough_probe.a	1791554917.222597	1791554917.269886	0
base	c	internal/oracle/testdata/field_access_paths.a	1791554917.273897	1791554917.331552	0
head	c	internal/oracle/testdata/field_access_paths.a	1791554917.333396	1791554917.389105	0
base	c	internal/oracle/testdata/field_write_paths.a	1791554917.393033	1791554917.449718	0
head	c	internal/oracle/testdata/field_write_paths.a	1791554917.451450	1791554917.512684	0
base	c	internal/oracle/testdata/fill_length.a	1791554917.517053	1791554917.563406	0
head	c	internal/oracle/testdata/fill_length.a	1791554917.565095	1791554917.610890	0
base	c	internal/oracle/testdata/fills.a	1791554917.614732	1791554917.663660	0
head	c	internal/oracle/testdata/fills.a	1791554917.665353	1791554917.716847	0
base	c	internal/oracle/testdata/finally_leaves.a	1791554917.721547	1791554917.778849	0
head	c	internal/oracle/testdata/finally_leaves.a	1791554917.780632	1791554917.838845	0
base	c	internal/oracle/testdata/find_index_shrinks.a	1791554917.843896	1791554917.890618	0
head	c	internal/oracle/testdata/find_index_shrinks.a	1791554917.892343	1791554917.940670	0
base	c	internal/oracle/testdata/find_shrinks.a	1791554917.944803	1791554917.995053	0
head	c	internal/oracle/testdata/find_shrinks.a	1791554917.996984	1791554918.052408	0
base	c	internal/oracle/testdata/fresh_calls.a	1791554918.056609	1791554918.119261	0
head	c	internal/oracle/testdata/fresh_calls.a	1791554918.121042	1791554918.185062	0
base	c	internal/oracle/testdata/fresh_parser.a	1791554918.189003	1791554918.252374	0
head	c	internal/oracle/testdata/fresh_parser.a	1791554918.254275	1791554918.319782	0
base	c	internal/oracle/testdata/fresh_writes.a	1791554918.324225	1791554918.401459	0
head	c	internal/oracle/testdata/fresh_writes.a	1791554918.403157	1791554918.483410	0
base	c	internal/oracle/testdata/from_code_point_fails.a	1791554918.488018	1791554918.536944	0
head	c	internal/oracle/testdata/from_code_point_fails.a	1791554918.538747	1791554918.592490	0
base	c	internal/oracle/testdata/from_codes.a	1791554918.596944	1791554918.651622	0
head	c	internal/oracle/testdata/from_codes.a	1791554918.653535	1791554918.710799	0
base	c	internal/oracle/testdata/function_values_array.a	1791554918.715088	1791554918.765485	0
head	c	internal/oracle/testdata/function_values_array.a	1791554918.767261	1791554918.823147	0
base	c	internal/oracle/testdata/function_values_boundary.a	1791554918.827819	1791554918.881344	0
head	c	internal/oracle/testdata/function_values_boundary.a	1791554918.883049	1791554918.938438	0
base	c	internal/oracle/testdata/function_values_chain.a	1791554918.942655	1791554918.994726	0
head	c	internal/oracle/testdata/function_values_chain.a	1791554918.996855	1791554919.051654	0
base	c	internal/oracle/testdata/function_values_diagnostic.a	1791554919.056108	1791554919.110985	0
head	c	internal/oracle/testdata/function_values_diagnostic.a	1791554919.112887	1791554919.165965	0
base	c	internal/oracle/testdata/function_values_options.a	1791554919.171597	1791554919.225518	0
head	c	internal/oracle/testdata/function_values_options.a	1791554919.227960	1791554919.277138	0
base	c	internal/oracle/testdata/function_values_return.a	1791554919.281413	1791554919.332858	0
head	c	internal/oracle/testdata/function_values_return.a	1791554919.335396	1791554919.382993	0
base	c	internal/oracle/testdata/function_values_signature.a	1791554919.387117	1791554919.434781	0
head	c	internal/oracle/testdata/function_values_signature.a	1791554919.436565	1791554919.484875	0
base	c	internal/oracle/testdata/functions.a	1791554919.489038	1791554919.535324	0
head	c	internal/oracle/testdata/functions.a	1791554919.537053	1791554919.583370	0
base	c	internal/oracle/testdata/gaps.a	1791554919.587334	1791554919.645501	0
head	c	internal/oracle/testdata/gaps.a	1791554919.647441	1791554919.703280	0
base	c	internal/oracle/testdata/generic_functions.a	1791554919.707235	1791554919.759293	0
head	c	internal/oracle/testdata/generic_functions.a	1791554919.760917	1791554919.813693	0
base	c	internal/oracle/testdata/generic_instance_key_typeof.a	1791554919.817586	1791554919.864491	0
head	c	internal/oracle/testdata/generic_instance_key_typeof.a	1791554919.866057	1791554919.913017	0
base	c	internal/oracle/testdata/generic_method_return.a	1791554919.917264	1791554919.974005	0
head	c	internal/oracle/testdata/generic_method_return.a	1791554919.975781	1791554920.036223	0
base	c	internal/oracle/testdata/generic_values.a	1791554920.040328	1791554920.097951	0
head	c	internal/oracle/testdata/generic_values.a	1791554920.099797	1791554920.158097	0
base	c	internal/oracle/testdata/has_own.a	1791554920.162087	1791554920.210495	0
head	c	internal/oracle/testdata/has_own.a	1791554920.213076	1791554920.262878	0
base	c	internal/oracle/testdata/host_array_predicate.a	1791554920.267400	1791554920.318516	0
head	c	internal/oracle/testdata/host_array_predicate.a	1791554920.320151	1791554920.372391	0
base	c	internal/oracle/testdata/host_array_unknown_predicate.a	1791554920.376350	1791554920.432368	0
head	c	internal/oracle/testdata/host_array_unknown_predicate.a	1791554920.435037	1791554920.492319	0
base	c	internal/oracle/testdata/host_empty_object_slots.a	1791554920.496420	1791554920.553637	0
head	c	internal/oracle/testdata/host_empty_object_slots.a	1791554920.555408	1791554920.612131	0
base	c	internal/oracle/testdata/host_map_generic_union.a	1791554920.616350	1791554920.673608	0
head	c	internal/oracle/testdata/host_map_generic_union.a	1791554920.675458	1791554920.739602	0
base	c	internal/oracle/testdata/host_map_iterator_probe.a	1791554920.744537	1791554920.798005	0
head	c	internal/oracle/testdata/host_map_iterator_probe.a	1791554920.799876	1791554920.849047	0
base	c	internal/oracle/testdata/host_map_iterator_union.a	1791554920.852812	1791554920.909241	0
head	c	internal/oracle/testdata/host_map_iterator_union.a	1791554920.911040	1791554920.962579	0
base	c	internal/oracle/testdata/host_map_union.a	1791554920.967144	1791554921.017280	0
head	c	internal/oracle/testdata/host_map_union.a	1791554921.019868	1791554921.074365	0
base	c	internal/oracle/testdata/host_never_branches.a	1791554921.078399	1791554921.133332	0
head	c	internal/oracle/testdata/host_never_branches.a	1791554921.135125	1791554921.189718	0
base	c	internal/oracle/testdata/host_optional_intrinsic.a	1791554921.193929	1791554921.246022	0
head	c	internal/oracle/testdata/host_optional_intrinsic.a	1791554921.247863	1791554921.296774	0
base	c	internal/oracle/testdata/host_rest_union.a	1791554921.300844	1791554921.350412	0
head	c	internal/oracle/testdata/host_rest_union.a	1791554921.352118	1791554921.404891	0
base	c	internal/oracle/testdata/host_scanner_never.a	1791554921.408950	1791554921.458466	0
head	c	internal/oracle/testdata/host_scanner_never.a	1791554921.460276	1791554921.507543	0
base	c	internal/oracle/testdata/host_undefined_value.a	1791554921.511433	1791554921.563273	0
head	c	internal/oracle/testdata/host_undefined_value.a	1791554921.565035	1791554921.617172	0
base	c	internal/oracle/testdata/host_unknown_error_code.a	1791554921.621295	1791554921.673658	0
head	c	internal/oracle/testdata/host_unknown_error_code.a	1791554921.675264	1791554921.728534	0
base	c	internal/oracle/testdata/host_void_method.a	1791554921.732854	1791554921.784833	0
head	c	internal/oracle/testdata/host_void_method.a	1791554921.786561	1791554921.836066	0
base	c	internal/oracle/testdata/implicit_returns.a	1791554921.841336	1791554921.896595	0
head	c	internal/oracle/testdata/implicit_returns.a	1791554921.898419	1791554921.956905	0
base	c	internal/oracle/testdata/indexing.a	1791554921.963321	1791554922.019207	0
head	c	internal/oracle/testdata/indexing.a	1791554922.021984	1791554922.085537	0
base	c	internal/oracle/testdata/inherited_static_field_read.a	1791554922.090976	1791554922.143163	0
head	c	internal/oracle/testdata/inherited_static_field_read.a	1791554922.144992	1791554922.195951	0
base	c	internal/oracle/testdata/input_spread_local.a	1791554922.200029	1791554922.255010	0
head	c	internal/oracle/testdata/input_spread_local.a	1791554922.256921	1791554922.317280	0
base	c	internal/oracle/testdata/input_spread_ordinary.a	1791554922.323002	1791554922.385967	0
head	c	internal/oracle/testdata/input_spread_ordinary.a	1791554922.388107	1791554922.443658	0
base	c	internal/oracle/testdata/integer_format.a	1791554922.447901	1791554922.502971	0
head	c	internal/oracle/testdata/integer_format.a	1791554922.505300	1791554922.559172	0
base	c	internal/oracle/testdata/interleaved.a	1791554922.563461	1791554922.614932	0
head	c	internal/oracle/testdata/interleaved.a	1791554922.616822	1791554922.666021	0
base	c	internal/oracle/testdata/invariance_readonly.a	1791554922.670402	1791554922.725144	0
head	c	internal/oracle/testdata/invariance_readonly.a	1791554922.727314	1791554922.784828	0
base	c	internal/oracle/testdata/json_stringify_escapes.a	1791554922.790118	1791554922.846246	0
head	c	internal/oracle/testdata/json_stringify_escapes.a	1791554922.848235	1791554922.897900	0
base	c	internal/oracle/testdata/json_stringify_indent.a	1791554922.902103	1791554922.963782	0
head	c	internal/oracle/testdata/json_stringify_indent.a	1791554922.965947	1791554923.033880	0
base	c	internal/oracle/testdata/json_stringify_keys.a	1791554923.039048	1791554923.092514	0
head	c	internal/oracle/testdata/json_stringify_keys.a	1791554923.094356	1791554923.145781	0
base	c	internal/oracle/testdata/json_stringify_numbers.a	1791554923.150050	1791554923.200979	0
head	c	internal/oracle/testdata/json_stringify_numbers.a	1791554923.202852	1791554923.260729	0
base	c	internal/oracle/testdata/json_stringify_options.a	1791554923.265056	1791554923.319978	0
head	c	internal/oracle/testdata/json_stringify_options.a	1791554923.322412	1791554923.376862	0
base	c	internal/oracle/testdata/json_stringify_replacer.a	1791554923.381041	1791554923.429679	0
head	c	internal/oracle/testdata/json_stringify_replacer.a	1791554923.431444	1791554923.480945	0
base	c	internal/oracle/testdata/json_stringify_scalars.a	1791554923.485833	1791554923.536981	0
head	c	internal/oracle/testdata/json_stringify_scalars.a	1791554923.538792	1791554923.591715	0
base	c	internal/oracle/testdata/json_stringify_undefined.a	1791554923.595979	1791554923.645399	0
head	c	internal/oracle/testdata/json_stringify_undefined.a	1791554923.647078	1791554923.696816	0
base	c	internal/oracle/testdata/json_stringify_values.a	1791554923.701106	1791554923.756249	0
head	c	internal/oracle/testdata/json_stringify_values.a	1791554923.757997	1791554923.814763	0
base	c	internal/oracle/testdata/killed_after_output.a	1791554923.819642	1791554923.871933	0
head	c	internal/oracle/testdata/killed_after_output.a	1791554923.874447	1791554923.918766	0
base	c	internal/oracle/testdata/large_output.a	1791554923.922908	1791554923.969998	0
head	c	internal/oracle/testdata/large_output.a	1791554923.972211	1791554924.022227	0
base	c	internal/oracle/testdata/lent_reads.a	1791554924.027537	1791554924.077916	0
head	c	internal/oracle/testdata/lent_reads.a	1791554924.079722	1791554924.131980	0
base	c	internal/oracle/testdata/library_array_copy.a	1791554924.136749	1791554924.192038	0
head	c	internal/oracle/testdata/library_array_copy.a	1791554924.194002	1791554924.245727	0
base	c	internal/oracle/testdata/library_array_copy_within.a	1791554924.250029	1791554924.304085	0
head	c	internal/oracle/testdata/library_array_copy_within.a	1791554924.306072	1791554924.360354	0
base	c	internal/oracle/testdata/library_array_find_last.a	1791554924.364734	1791554924.420648	0
head	c	internal/oracle/testdata/library_array_find_last.a	1791554924.422567	1791554924.477045	0
base	c	internal/oracle/testdata/library_array_flat.a	1791554924.481106	1791554924.540175	0
head	c	internal/oracle/testdata/library_array_flat.a	1791554924.542053	1791554924.602012	0
base	c	internal/oracle/testdata/library_array_flat_map.a	1791554924.606494	1791554924.663686	0
head	c	internal/oracle/testdata/library_array_flat_map.a	1791554924.665587	1791554924.724862	0
base	c	internal/oracle/testdata/library_array_iterators.a	1791554924.729236	1791554924.785727	0
head	c	internal/oracle/testdata/library_array_iterators.a	1791554924.787779	1791554924.841908	0
base	c	internal/oracle/testdata/library_array_join.a	1791554924.845921	1791554924.899552	0
head	c	internal/oracle/testdata/library_array_join.a	1791554924.901264	1791554924.956806	0
base	c	internal/oracle/testdata/library_array_metadata.a	1791554924.960982	1791554925.010775	0
head	c	internal/oracle/testdata/library_array_metadata.a	1791554925.012832	1791554925.065092	0
base	c	internal/oracle/testdata/library_array_search.a	1791554925.069261	1791554925.120908	0
head	c	internal/oracle/testdata/library_array_search.a	1791554925.122547	1791554925.175633	0
base	c	internal/oracle/testdata/library_array_spliced.a	1791554925.179418	1791554925.232992	0
head	c	internal/oracle/testdata/library_array_spliced.a	1791554925.234629	1791554925.286382	0
base	c	internal/oracle/testdata/library_array_with.a	1791554925.290340	1791554925.344683	0
head	c	internal/oracle/testdata/library_array_with.a	1791554925.347379	1791554925.400597	0
base	c	internal/oracle/testdata/library_fnexpr_loops.a	1791554925.404660	1791554925.466898	0
head	c	internal/oracle/testdata/library_fnexpr_loops.a	1791554925.469146	1791554925.529467	0
base	c	internal/oracle/testdata/library_fnexpr_recurse.a	1791554925.533739	1791554925.586870	0
head	c	internal/oracle/testdata/library_fnexpr_recurse.a	1791554925.588940	1791554925.644823	0
base	c	internal/oracle/testdata/library_fnexpr_store.a	1791554925.649010	1791554925.708590	0
head	c	internal/oracle/testdata/library_fnexpr_store.a	1791554925.710378	1791554925.770129	0
base	c	internal/oracle/testdata/library_for_in.a	1791554925.774356	1791554925.827361	0
head	c	internal/oracle/testdata/library_for_in.a	1791554925.829076	1791554925.880117	0
base	c	internal/oracle/testdata/library_for_in_keys.a	1791554925.884396	1791554925.937021	0
head	c	internal/oracle/testdata/library_for_in_keys.a	1791554925.938919	1791554925.997958	0
base	c	internal/oracle/testdata/library_for_in_live.a	1791554926.002391	1791554926.063805	0
head	c	internal/oracle/testdata/library_for_in_live.a	1791554926.066015	1791554926.125884	0
base	c	internal/oracle/testdata/library_function_expressions.a	1791554926.131022	1791554926.195108	0
head	c	internal/oracle/testdata/library_function_expressions.a	1791554926.196850	1791554926.260007	0
base	c	internal/oracle/testdata/library_globals.a	1791554926.264362	1791554926.321275	0
head	c	internal/oracle/testdata/library_globals.a	1791554926.322931	1791554926.378492	0
base	c	internal/oracle/testdata/library_globals_typeof.a	1791554926.382864	1791554926.439515	0
head	c	internal/oracle/testdata/library_globals_typeof.a	1791554926.441441	1791554926.497796	0
base	c	internal/oracle/testdata/library_map_set.a	1791554926.502070	1791554926.579039	0
head	c	internal/oracle/testdata/library_map_set.a	1791554926.580809	1791554926.653243	0
base	c	internal/oracle/testdata/library_map_set_construct.a	1791554926.657661	1791554926.720939	0
head	c	internal/oracle/testdata/library_map_set_construct.a	1791554926.722658	1791554926.789584	0
base	c	internal/oracle/testdata/library_map_set_group_by.a	1791554926.794518	1791554926.862527	0
head	c	internal/oracle/testdata/library_map_set_group_by.a	1791554926.864480	1791554926.927605	0
base	c	internal/oracle/testdata/library_map_set_groupby_keys.a	1791554926.932941	1791554926.989777	0
head	c	internal/oracle/testdata/library_map_set_groupby_keys.a	1791554926.991864	1791554927.051867	0
base	c	internal/oracle/testdata/library_map_set_iterator_exhausted.a	1791554927.057114	1791554927.115699	0
head	c	internal/oracle/testdata/library_map_set_iterator_exhausted.a	1791554927.117618	1791554927.176400	0
base	c	internal/oracle/testdata/library_map_set_iterator_number_hash.a	1791554927.180817	1791554927.240465	0
head	c	internal/oracle/testdata/library_map_set_iterator_number_hash.a	1791554927.242118	1791554927.296968	0
base	c	internal/oracle/testdata/library_map_set_iterators.a	1791554927.301054	1791554927.365275	0
head	c	internal/oracle/testdata/library_map_set_iterators.a	1791554927.367095	1791554927.428846	0
base	c	internal/oracle/testdata/library_map_set_keys.a	1791554927.433360	1791554927.492937	0
head	c	internal/oracle/testdata/library_map_set_keys.a	1791554927.494696	1791554927.553699	0
base	c	internal/oracle/testdata/library_map_set_next.a	1791554927.557990	1791554927.617676	0
head	c	internal/oracle/testdata/library_map_set_next.a	1791554927.619451	1791554927.677132	0
base	c	internal/oracle/testdata/library_map_set_setops.a	1791554927.681257	1791554927.745318	0
head	c	internal/oracle/testdata/library_map_set_setops.a	1791554927.747088	1791554927.810690	0
base	c	internal/oracle/testdata/library_map_set_visit.a	1791554927.814652	1791554927.872912	0
head	c	internal/oracle/testdata/library_map_set_visit.a	1791554927.874537	1791554927.935862	0
base	c	internal/oracle/testdata/library_map_set_zeros.a	1791554927.939870	1791554927.998177	0
head	c	internal/oracle/testdata/library_map_set_zeros.a	1791554928.000134	1791554928.058675	0
base	c	internal/oracle/testdata/library_math_number_convert.a	1791554928.062630	1791554928.117806	0
head	c	internal/oracle/testdata/library_math_number_convert.a	1791554928.119436	1791554928.174866	0
base	c	internal/oracle/testdata/library_math_number_math.a	1791554928.180072	1791554928.231747	0
head	c	internal/oracle/testdata/library_math_number_math.a	1791554928.233572	1791554928.287680	0
base	c	internal/oracle/testdata/library_math_number_prototype.a	1791554928.293263	1791554928.348002	0
head	c	internal/oracle/testdata/library_math_number_prototype.a	1791554928.349910	1791554928.404877	0
base	c	internal/oracle/testdata/library_method_values.a	1791554928.409706	1791554928.487380	0
head	c	internal/oracle/testdata/library_method_values.a	1791554928.489392	1791554928.569943	0
base	c	internal/oracle/testdata/library_method_values_dead_zone.a	1791554928.574277	1791554928.624167	0
head	c	internal/oracle/testdata/library_method_values_dead_zone.a	1791554928.625933	1791554928.679613	0
base	c	internal/oracle/testdata/library_object_assign.a	1791554928.684114	1791554928.736232	0
head	c	internal/oracle/testdata/library_object_assign.a	1791554928.737982	1791554928.792529	0
base	c	internal/oracle/testdata/library_object_assign_fields.a	1791554928.797831	1791554928.941912	0
head	c	internal/oracle/testdata/library_object_assign_fields.a	1791554928.945961	1791554929.025574	0
base	c	internal/oracle/testdata/library_object_freeze.a	1791554929.034314	1791554929.103813	0
head	c	internal/oracle/testdata/library_object_freeze.a	1791554929.107018	1791554929.163725	0
base	c	internal/oracle/testdata/library_object_freeze_alias.a	1791554929.168567	1791554929.224277	0
head	c	internal/oracle/testdata/library_object_freeze_alias.a	1791554929.226613	1791554929.285570	0
base	c	internal/oracle/testdata/library_object_freeze_assign.a	1791554929.289864	1791554929.345333	0
head	c	internal/oracle/testdata/library_object_freeze_assign.a	1791554929.347207	1791554929.409246	0
base	c	internal/oracle/testdata/library_object_freeze_write.a	1791554929.414045	1791554929.471331	0
head	c	internal/oracle/testdata/library_object_freeze_write.a	1791554929.473361	1791554929.525830	0
base	c	internal/oracle/testdata/library_object_has_own.a	1791554929.530141	1791554929.581840	0
head	c	internal/oracle/testdata/library_object_has_own.a	1791554929.584808	1791554929.641284	0
base	c	internal/oracle/testdata/library_object_is.a	1791554929.645520	1791554929.698972	0
head	c	internal/oracle/testdata/library_object_is.a	1791554929.700994	1791554929.752941	0
base	c	internal/oracle/testdata/library_object_keys.a	1791554929.757081	1791554929.812416	0
head	c	internal/oracle/testdata/library_object_keys.a	1791554929.814151	1791554929.867163	0
base	c	internal/oracle/testdata/library_object_order.a	1791554929.871947	1791554929.926491	0
head	c	internal/oracle/testdata/library_object_order.a	1791554929.928409	1791554929.982370	0
base	c	internal/oracle/testdata/library_object_own.a	1791554929.987775	1791554930.045515	0
head	c	internal/oracle/testdata/library_object_own.a	1791554930.047357	1791554930.104659	0
base	c	internal/oracle/testdata/library_object_same.a	1791554930.108623	1791554930.162674	0
head	c	internal/oracle/testdata/library_object_same.a	1791554930.164702	1791554930.216989	0
base	c	internal/oracle/testdata/library_string_conversion.a	1791554930.221679	1791554930.277703	0
head	c	internal/oracle/testdata/library_string_conversion.a	1791554930.279527	1791554930.331962	0
base	c	internal/oracle/testdata/library_string_existing.a	1791554930.336510	1791554930.395662	0
head	c	internal/oracle/testdata/library_string_existing.a	1791554930.397571	1791554930.454029	0
base	c	internal/oracle/testdata/library_string_indices.a	1791554930.458491	1791554930.514502	0
head	c	internal/oracle/testdata/library_string_indices.a	1791554930.516217	1791554930.571331	0
base	c	internal/oracle/testdata/library_string_prototype.a	1791554930.575609	1791554930.631893	0
head	c	internal/oracle/testdata/library_string_prototype.a	1791554930.633724	1791554930.693884	0
base	c	internal/oracle/testdata/library_string_raw.a	1791554930.698113	1791554930.756328	0
head	c	internal/oracle/testdata/library_string_raw.a	1791554930.758025	1791554930.816751	0
base	c	internal/oracle/testdata/lint_runtime_equal_headers.a	1791554930.821219	1791554930.879318	0
head	c	internal/oracle/testdata/lint_runtime_equal_headers.a	1791554930.881413	1791554930.936690	0
base	c	internal/oracle/testdata/lint_runtime_release_chain.a	1791554930.940757	1791554930.996921	0
head	c	internal/oracle/testdata/lint_runtime_release_chain.a	1791554930.998792	1791554931.055301	0
base	c	internal/oracle/testdata/lint_runtime_release_shared.a	1791554931.059447	1791554931.115338	0
head	c	internal/oracle/testdata/lint_runtime_release_shared.a	1791554931.116926	1791554931.171379	0
base	c	internal/oracle/testdata/lint_runtime_search_boundaries.a	1791554931.176234	1791554931.233467	0
head	c	internal/oracle/testdata/lint_runtime_search_boundaries.a	1791554931.235354	1791554931.289946	0
base	c	internal/oracle/testdata/lint_runtime_search_calls.a	1791554931.294098	1791554931.350032	0
head	c	internal/oracle/testdata/lint_runtime_search_calls.a	1791554931.351953	1791554931.406533	0
base	c	internal/oracle/testdata/literal_optional_shapes.a	1791554931.410784	1791554931.468166	0
head	c	internal/oracle/testdata/literal_optional_shapes.a	1791554931.469917	1791554931.530750	0
base	c	internal/oracle/testdata/local_console.a	1791554931.535323	1791554931.589683	0
head	c	internal/oracle/testdata/local_console.a	1791554931.591633	1791554931.645577	0
base	c	internal/oracle/testdata/logical_and_reference_maybe.a	1791554931.649856	1791554931.706054	0
head	c	internal/oracle/testdata/logical_and_reference_maybe.a	1791554931.707951	1791554931.764102	0
base	c	internal/oracle/testdata/lone_surrogates.a	1791554931.768460	1791554931.829145	0
head	c	internal/oracle/testdata/lone_surrogates.a	1791554931.830928	1791554931.884875	0
base	c	internal/oracle/testdata/long_chain.a	1791554931.889013	1791554931.944095	0
head	c	internal/oracle/testdata/long_chain.a	1791554931.945927	1791554931.999148	0
base	c	internal/oracle/testdata/long_literals.a	1791554932.003237	1791554932.064840	0
head	c	internal/oracle/testdata/long_literals.a	1791554932.066821	1791554932.129552	0
base	c	internal/oracle/testdata/loops.a	1791554932.134169	1791554932.183565	0
head	c	internal/oracle/testdata/loops.a	1791554932.185362	1791554932.238702	0
base	c	internal/oracle/testdata/map_foreach_arrays.a	1791554932.243342	1791554932.303849	0
head	c	internal/oracle/testdata/map_foreach_arrays.a	1791554932.305680	1791554932.364784	0
base	c	internal/oracle/testdata/map_foreach_closures.a	1791554932.369518	1791554932.434311	0
head	c	internal/oracle/testdata/map_foreach_closures.a	1791554932.436401	1791554932.495983	0
base	c	internal/oracle/testdata/map_foreach_fnexpr.a	1791554932.500458	1791554932.551872	0
head	c	internal/oracle/testdata/map_foreach_fnexpr.a	1791554932.553621	1791554932.609667	0
base	c	internal/oracle/testdata/map_foreach_keep.a	1791554932.613850	1791554932.674301	0
head	c	internal/oracle/testdata/map_foreach_keep.a	1791554932.675982	1791554932.734758	0
base	c	internal/oracle/testdata/map_foreach_keys.a	1791554932.739631	1791554932.794176	0
head	c	internal/oracle/testdata/map_foreach_keys.a	1791554932.796103	1791554932.854744	0
base	c	internal/oracle/testdata/map_foreach_named_closures.a	1791554932.859159	1791554932.919056	0
head	c	internal/oracle/testdata/map_foreach_named_closures.a	1791554932.921725	1791554932.981139	0
base	c	internal/oracle/testdata/map_foreach_named_keys.a	1791554932.985446	1791554933.040626	0
head	c	internal/oracle/testdata/map_foreach_named_keys.a	1791554933.042510	1791554933.095705	0
base	c	internal/oracle/testdata/map_foreach_named_more.a	1791554933.100002	1791554933.163978	0
head	c	internal/oracle/testdata/map_foreach_named_more.a	1791554933.165821	1791554933.226103	0
base	c	internal/oracle/testdata/map_foreach_named_numbers.a	1791554933.231251	1791554933.287363	0
head	c	internal/oracle/testdata/map_foreach_named_numbers.a	1791554933.289152	1791554933.345635	0
base	c	internal/oracle/testdata/map_foreach_named_objects.a	1791554933.349783	1791554933.407596	0
head	c	internal/oracle/testdata/map_foreach_named_objects.a	1791554933.409701	1791554933.469053	0
base	c	internal/oracle/testdata/map_foreach_numbers.a	1791554933.473569	1791554933.529318	0
head	c	internal/oracle/testdata/map_foreach_numbers.a	1791554933.531120	1791554933.585393	0
base	c	internal/oracle/testdata/map_foreach_objects.a	1791554933.589510	1791554933.655260	0
head	c	internal/oracle/testdata/map_foreach_objects.a	1791554933.657171	1791554933.720550	0
base	c	internal/oracle/testdata/map_iteration.a	1791554933.725877	1791554933.782801	0
head	c	internal/oracle/testdata/map_iteration.a	1791554933.784979	1791554933.844128	0
base	c	internal/oracle/testdata/map_shrinks.a	1791554933.848763	1791554933.899019	0
head	c	internal/oracle/testdata/map_shrinks.a	1791554933.900883	1791554933.953267	0
base	c	internal/oracle/testdata/map_zero_keys.a	1791554933.958134	1791554934.016634	0
head	c	internal/oracle/testdata/map_zero_keys.a	1791554934.018464	1791554934.075285	0
base	c	internal/oracle/testdata/maps_and_text.a	1791554934.080818	1791554934.135674	0
head	c	internal/oracle/testdata/maps_and_text.a	1791554934.137721	1791554934.191450	0
base	c	internal/oracle/testdata/maybe_boolean_panic.a	1791554934.195638	1791554934.249493	0
head	c	internal/oracle/testdata/maybe_boolean_panic.a	1791554934.252042	1791554934.302409	0
base	c	internal/oracle/testdata/maybe_booleans.a	1791554934.307623	1791554934.371260	0
head	c	internal/oracle/testdata/maybe_booleans.a	1791554934.373116	1791554934.436280	0
base	c	internal/oracle/testdata/maybe_collections.a	1791554934.440381	1791554934.503353	0
head	c	internal/oracle/testdata/maybe_collections.a	1791554934.505297	1791554934.564443	0
base	c	internal/oracle/testdata/maybe_number_slots.a	1791554934.568717	1791554934.641092	0
head	c	internal/oracle/testdata/maybe_number_slots.a	1791554934.643075	1791554934.711909	0
base	c	internal/oracle/testdata/maybe_numbers.a	1791554934.716410	1791554934.773976	0
head	c	internal/oracle/testdata/maybe_numbers.a	1791554934.775853	1791554934.830141	0
base	c	internal/oracle/testdata/method_closures.a	1791554934.834327	1791554934.891575	0
head	c	internal/oracle/testdata/method_closures.a	1791554934.893566	1791554934.948627	0
base	c	internal/oracle/testdata/method_coverage_alias_order.a	1791554934.953561	1791554935.012257	0
head	c	internal/oracle/testdata/method_coverage_alias_order.a	1791554935.014733	1791554935.070231	0
base	c	internal/oracle/testdata/method_coverage_array_mutations.a	1791554935.074748	1791554935.124259	0
head	c	internal/oracle/testdata/method_coverage_array_mutations.a	1791554935.126108	1791554935.179712	0
base	c	internal/oracle/testdata/method_coverage_array_values.a	1791554935.184094	1791554935.237844	0
head	c	internal/oracle/testdata/method_coverage_array_values.a	1791554935.239793	1791554935.296580	0
base	c	internal/oracle/testdata/method_coverage_bound_strings.a	1791554935.300941	1791554935.350809	0
head	c	internal/oracle/testdata/method_coverage_bound_strings.a	1791554935.352758	1791554935.403669	0
base	c	internal/oracle/testdata/method_coverage_codes.a	1791554935.407797	1791554935.459274	0
head	c	internal/oracle/testdata/method_coverage_codes.a	1791554935.461162	1791554935.511770	0
base	c	internal/oracle/testdata/method_coverage_conversions.a	1791554935.515773	1791554935.565429	0
head	c	internal/oracle/testdata/method_coverage_conversions.a	1791554935.567818	1791554935.615519	0
base	c	internal/oracle/testdata/method_coverage_empty_alias_tdz.a	1791554935.619336	1791554935.665511	0
head	c	internal/oracle/testdata/method_coverage_empty_alias_tdz.a	1791554935.667293	1791554935.712698	0
base	c	internal/oracle/testdata/method_coverage_format_failure.a	1791554935.716553	1791554935.763800	0
head	c	internal/oracle/testdata/method_coverage_format_failure.a	1791554935.765607	1791554935.811919	0
base	c	internal/oracle/testdata/method_coverage_map_parsers.a	1791554935.816385	1791554935.873842	0
head	c	internal/oracle/testdata/method_coverage_map_parsers.a	1791554935.875659	1791554935.930711	0
base	c	internal/oracle/testdata/method_coverage_map_strings.a	1791554935.934756	1791554935.986945	0
head	c	internal/oracle/testdata/method_coverage_map_strings.a	1791554935.988746	1791554936.039850	0
base	c	internal/oracle/testdata/method_coverage_math.a	1791554936.044226	1791554936.109034	0
head	c	internal/oracle/testdata/method_coverage_math.a	1791554936.110882	1791554936.178287	0
base	c	internal/oracle/testdata/method_coverage_number_formats.a	1791554936.182351	1791554936.234285	0
head	c	internal/oracle/testdata/method_coverage_number_formats.a	1791554936.236157	1791554936.288600	0
base	c	internal/oracle/testdata/method_coverage_number_statics.a	1791554936.293377	1791554936.346850	0
head	c	internal/oracle/testdata/method_coverage_number_statics.a	1791554936.348653	1791554936.401706	0
base	c	internal/oracle/testdata/method_coverage_object_descriptors.a	1791554936.405975	1791554936.461457	0
head	c	internal/oracle/testdata/method_coverage_object_descriptors.a	1791554936.463225	1791554936.515821	0
base	c	internal/oracle/testdata/method_coverage_object_statics.a	1791554936.520166	1791554936.576840	0
head	c	internal/oracle/testdata/method_coverage_object_statics.a	1791554936.578828	1791554936.631071	0
base	c	internal/oracle/testdata/method_coverage_object_tags.a	1791554936.635495	1791554936.686935	0
head	c	internal/oracle/testdata/method_coverage_object_tags.a	1791554936.688851	1791554936.741304	0
base	c	internal/oracle/testdata/method_coverage_receiver_order.a	1791554936.745701	1791554936.797368	0
head	c	internal/oracle/testdata/method_coverage_receiver_order.a	1791554936.799208	1791554936.849823	0
base	c	internal/oracle/testdata/method_coverage_string_at.a	1791554936.854066	1791554936.904401	0
head	c	internal/oracle/testdata/method_coverage_string_at.a	1791554936.906254	1791554936.956274	0
base	c	internal/oracle/testdata/method_coverage_string_charat.a	1791554936.960370	1791554937.009812	0
head	c	internal/oracle/testdata/method_coverage_string_charat.a	1791554937.011823	1791554937.068052	0
base	c	internal/oracle/testdata/method_coverage_string_charcodeat.a	1791554937.072420	1791554937.121599	0
head	c	internal/oracle/testdata/method_coverage_string_charcodeat.a	1791554937.123284	1791554937.172954	0
base	c	internal/oracle/testdata/method_coverage_string_codepointat.a	1791554937.176997	1791554937.225393	0
head	c	internal/oracle/testdata/method_coverage_string_codepointat.a	1791554937.227265	1791554937.276455	0
base	c	internal/oracle/testdata/method_coverage_string_concat.a	1791554937.280857	1791554937.336014	0
head	c	internal/oracle/testdata/method_coverage_string_concat.a	1791554937.338017	1791554937.386222	0
base	c	internal/oracle/testdata/method_coverage_string_endswith.a	1791554937.390275	1791554937.442522	0
head	c	internal/oracle/testdata/method_coverage_string_endswith.a	1791554937.444472	1791554937.497511	0
base	c	internal/oracle/testdata/method_coverage_string_includes.a	1791554937.501903	1791554937.552593	0
head	c	internal/oracle/testdata/method_coverage_string_includes.a	1791554937.554411	1791554937.606692	0
base	c	internal/oracle/testdata/method_coverage_string_indexof.a	1791554937.611149	1791554937.665529	0
head	c	internal/oracle/testdata/method_coverage_string_indexof.a	1791554937.667652	1791554937.717407	0
base	c	internal/oracle/testdata/method_coverage_string_lastindexof.a	1791554937.722891	1791554937.774139	0
head	c	internal/oracle/testdata/method_coverage_string_lastindexof.a	1791554937.776178	1791554937.828142	0
base	c	internal/oracle/testdata/method_coverage_string_normalize.a	1791554937.832330	1791554937.883153	0
head	c	internal/oracle/testdata/method_coverage_string_normalize.a	1791554937.884914	1791554937.936679	0
base	c	internal/oracle/testdata/method_coverage_string_overloads.a	1791554937.940788	1791554937.997058	0
head	c	internal/oracle/testdata/method_coverage_string_overloads.a	1791554937.999018	1791554938.049798	0
base	c	internal/oracle/testdata/method_coverage_string_padend.a	1791554938.053798	1791554938.105449	0
head	c	internal/oracle/testdata/method_coverage_string_padend.a	1791554938.107321	1791554938.159637	0
base	c	internal/oracle/testdata/method_coverage_string_padstart.a	1791554938.164141	1791554938.216087	0
head	c	internal/oracle/testdata/method_coverage_string_padstart.a	1791554938.217829	1791554938.266736	0
base	c	internal/oracle/testdata/method_coverage_string_repeat.a	1791554938.270842	1791554938.321967	0
head	c	internal/oracle/testdata/method_coverage_string_repeat.a	1791554938.323804	1791554938.371749	0
base	c	internal/oracle/testdata/method_coverage_string_slice.a	1791554938.376175	1791554938.422495	0
head	c	internal/oracle/testdata/method_coverage_string_slice.a	1791554938.424339	1791554938.471531	0
base	c	internal/oracle/testdata/method_coverage_string_startswith.a	1791554938.475746	1791554938.527747	0
head	c	internal/oracle/testdata/method_coverage_string_startswith.a	1791554938.529594	1791554938.580264	0
base	c	internal/oracle/testdata/method_coverage_string_substring.a	1791554938.584831	1791554938.633786	0
head	c	internal/oracle/testdata/method_coverage_string_substring.a	1791554938.635719	1791554938.687457	0
base	c	internal/oracle/testdata/method_coverage_string_tolowercase.a	1791554938.691783	1791554938.739597	0
head	c	internal/oracle/testdata/method_coverage_string_tolowercase.a	1791554938.741384	1791554938.791878	0
base	c	internal/oracle/testdata/method_coverage_string_tostring.a	1791554938.796011	1791554938.843948	0
head	c	internal/oracle/testdata/method_coverage_string_tostring.a	1791554938.845720	1791554938.895639	0
base	c	internal/oracle/testdata/method_coverage_string_touppercase.a	1791554938.899803	1791554938.947732	0
head	c	internal/oracle/testdata/method_coverage_string_touppercase.a	1791554938.949484	1791554938.998881	0
base	c	internal/oracle/testdata/method_coverage_string_trim.a	1791554939.003131	1791554939.053807	0
head	c	internal/oracle/testdata/method_coverage_string_trim.a	1791554939.055827	1791554939.109500	0
base	c	internal/oracle/testdata/method_coverage_string_trimend.a	1791554939.113651	1791554939.166575	0
head	c	internal/oracle/testdata/method_coverage_string_trimend.a	1791554939.168412	1791554939.220584	0
base	c	internal/oracle/testdata/method_coverage_string_trimstart.a	1791554939.224765	1791554939.276982	0
head	c	internal/oracle/testdata/method_coverage_string_trimstart.a	1791554939.278686	1791554939.332211	0
base	c	internal/oracle/testdata/method_coverage_string_valueof.a	1791554939.337166	1791554939.387254	0
head	c	internal/oracle/testdata/method_coverage_string_valueof.a	1791554939.389031	1791554939.438500	0
base	c	internal/oracle/testdata/move_throw.a	1791554939.442510	1791554939.499167	0
head	c	internal/oracle/testdata/move_throw.a	1791554939.501152	1791554939.558314	0
base	c	internal/oracle/testdata/named_function_values.a	1791554939.562808	1791554939.625625	0
head	c	internal/oracle/testdata/named_function_values.a	1791554939.627405	1791554939.687304	0
base	c	internal/oracle/testdata/namespace_callable_properties.a	1791554939.691989	1791554939.744475	0
head	c	internal/oracle/testdata/namespace_callable_properties.a	1791554939.746162	1791554939.800718	0
base	c	internal/oracle/testdata/namespace_class_registration.a	1791554939.804783	1791554939.858391	0
head	c	internal/oracle/testdata/namespace_class_registration.a	1791554939.860155	1791554939.913035	0
base	c	internal/oracle/testdata/namespace_method_receiver.a	1791554939.917162	1791554939.970370	0
head	c	internal/oracle/testdata/namespace_method_receiver.a	1791554939.972424	1791554940.021599	0
base	c	internal/oracle/testdata/namespaces.a	1791554940.025794	1791554940.084720	0
head	c	internal/oracle/testdata/namespaces.a	1791554940.086420	1791554940.145080	0
base	c	internal/oracle/testdata/namespaces_call_cycle.a	1791554940.149529	1791554940.198978	0
head	c	internal/oracle/testdata/namespaces_call_cycle.a	1791554940.200896	1791554940.250552	0
base	c	internal/oracle/testdata/namespaces_call_graph.a	1791554940.254687	1791554940.309368	0
head	c	internal/oracle/testdata/namespaces_call_graph.a	1791554940.311207	1791554940.362861	0
base	c	internal/oracle/testdata/namespaces_debug_probe.a	1791554940.367310	1791554940.414769	0
head	c	internal/oracle/testdata/namespaces_debug_probe.a	1791554940.416643	1791554940.464328	0
base	c	internal/oracle/testdata/namespaces_debug_state.a	1791554940.468611	1791554940.521124	0
head	c	internal/oracle/testdata/namespaces_debug_state.a	1791554940.522915	1791554940.580314	0
base	c	internal/oracle/testdata/namespaces_map_before.a	1791554940.584714	1791554940.634678	0
head	c	internal/oracle/testdata/namespaces_map_before.a	1791554940.636509	1791554940.687123	0
base	c	internal/oracle/testdata/namespaces_nested.a	1791554940.691417	1791554940.752104	0
head	c	internal/oracle/testdata/namespaces_nested.a	1791554940.754041	1791554940.808844	0
base	c	internal/oracle/testdata/namespaces_observed_narrowing.a	1791554940.813534	1791554940.866442	0
head	c	internal/oracle/testdata/namespaces_observed_narrowing.a	1791554940.868418	1791554940.923769	0
base	c	internal/oracle/testdata/namespaces_parser_body.a	1791554940.928645	1791554940.976834	0
head	c	internal/oracle/testdata/namespaces_parser_body.a	1791554940.979418	1791554941.037327	0
base	c	internal/oracle/testdata/namespaces_parser_enums.a	1791554941.041493	1791554941.093147	0
head	c	internal/oracle/testdata/namespaces_parser_enums.a	1791554941.094990	1791554941.146017	0
base	c	internal/oracle/testdata/namespaces_parser_factory.a	1791554941.151268	1791554941.201267	0
head	c	internal/oracle/testdata/namespaces_parser_factory.a	1791554941.202964	1791554941.255829	0
base	c	internal/oracle/testdata/namespaces_parser_state.a	1791554941.260153	1791554941.309688	0
head	c	internal/oracle/testdata/namespaces_parser_state.a	1791554941.311604	1791554941.361015	0
base	c	internal/oracle/testdata/namespaces_repeated_var.a	1791554941.365226	1791554941.414479	0
head	c	internal/oracle/testdata/namespaces_repeated_var.a	1791554941.416283	1791554941.466953	0
base	c	internal/oracle/testdata/namespaces_safe_initialization.a	1791554941.470924	1791554941.524073	0
head	c	internal/oracle/testdata/namespaces_safe_initialization.a	1791554941.526088	1791554941.576793	0
base	c	internal/oracle/testdata/namespaces_unknown_before.a	1791554941.580880	1791554941.629658	0
head	c	internal/oracle/testdata/namespaces_unknown_before.a	1791554941.631459	1791554941.681094	0
base	c	internal/oracle/testdata/namespaces_unknown_enum_before.a	1791554941.685397	1791554941.737205	0
head	c	internal/oracle/testdata/namespaces_unknown_enum_before.a	1791554941.738914	1791554941.789528	0
base	c	internal/oracle/testdata/namespaces_unknown_function_before.a	1791554941.794480	1791554941.844162	0
head	c	internal/oracle/testdata/namespaces_unknown_function_before.a	1791554941.845916	1791554941.894697	0
base	c	internal/oracle/testdata/namespaces_unknown_void_before.a	1791554941.898665	1791554941.957403	0
head	c	internal/oracle/testdata/namespaces_unknown_void_before.a	1791554941.959594	1791554942.015124	0
base	c	internal/oracle/testdata/namespaces_unknown_write_before.a	1791554942.019351	1791554942.077301	0
head	c	internal/oracle/testdata/namespaces_unknown_write_before.a	1791554942.079270	1791554942.129001	0
base	c	internal/oracle/testdata/namespaces_unready.a	1791554942.134080	1791554942.188386	0
head	c	internal/oracle/testdata/namespaces_unready.a	1791554942.190345	1791554942.246281	0
base	c	internal/oracle/testdata/narrowed_compared.a	1791554942.250951	1791554942.304935	0
head	c	internal/oracle/testdata/narrowed_compared.a	1791554942.306793	1791554942.357590	0
base	c	internal/oracle/testdata/narrowed_fields.a	1791554942.362042	1791554942.416879	0
head	c	internal/oracle/testdata/narrowed_fields.a	1791554942.418841	1791554942.466012	0
base	c	internal/oracle/testdata/narrowed_methods.a	1791554942.470349	1791554942.521122	0
head	c	internal/oracle/testdata/narrowed_methods.a	1791554942.522987	1791554942.573479	0
base	c	internal/oracle/testdata/narrowed_numbers.a	1791554942.578650	1791554942.628318	0
head	c	internal/oracle/testdata/narrowed_numbers.a	1791554942.630154	1791554942.676406	0
base	c	internal/oracle/testdata/narrowed_reads.a	1791554942.680469	1791554942.731087	0
head	c	internal/oracle/testdata/narrowed_reads.a	1791554942.732771	1791554942.785622	0
base	c	internal/oracle/testdata/narrowed_union_valid.a	1791554942.790131	1791554942.841268	0
head	c	internal/oracle/testdata/narrowed_union_valid.a	1791554942.843105	1791554942.894158	0
base	c	internal/oracle/testdata/narrowed_writes.a	1791554942.898302	1791554942.949447	0
head	c	internal/oracle/testdata/narrowed_writes.a	1791554942.951309	1791554943.002951	0
base	c	internal/oracle/testdata/native-arguments-length-value.a	1791554943.007090	1791554943.054107	0
head	c	internal/oracle/testdata/native-arguments-length-value.a	1791554943.055855	1791554943.105450	0
base	c	internal/oracle/testdata/navigation.a	1791554943.109691	1791554943.177975	0
head	c	internal/oracle/testdata/navigation.a	1791554943.180154	1791554943.245805	0
base	c	internal/oracle/testdata/nbody_base_writes.a	1791554943.250255	1791554943.303417	0
head	c	internal/oracle/testdata/nbody_base_writes.a	1791554943.305228	1791554943.360558	0
base	c	internal/oracle/testdata/nbody_collection_fields.a	1791554943.364465	1791554943.418642	0
head	c	internal/oracle/testdata/nbody_collection_fields.a	1791554943.420445	1791554943.477711	0
base	c	internal/oracle/testdata/nbody_field_values.a	1791554943.482014	1791554943.539656	0
head	c	internal/oracle/testdata/nbody_field_values.a	1791554943.541285	1791554943.601080	0
base	c	internal/oracle/testdata/nbody_narrowed_receiver.a	1791554943.605807	1791554943.666367	0
head	c	internal/oracle/testdata/nbody_narrowed_receiver.a	1791554943.668442	1791554943.726875	0
base	c	internal/oracle/testdata/nbody_optional_references.a	1791554943.731238	1791554943.800557	0
head	c	internal/oracle/testdata/nbody_optional_references.a	1791554943.802744	1791554943.866656	0
base	c	internal/oracle/testdata/nbody_runtime_fields.a	1791554943.871082	1791554943.924977	0
head	c	internal/oracle/testdata/nbody_runtime_fields.a	1791554943.927130	1791554943.977161	0
base	c	internal/oracle/testdata/nbody_slot_kinds.a	1791554943.981601	1791554944.039416	0
head	c	internal/oracle/testdata/nbody_slot_kinds.a	1791554944.041953	1791554944.096252	0
base	c	internal/oracle/testdata/nbody_spread_fields.a	1791554944.100451	1791554944.156905	0
head	c	internal/oracle/testdata/nbody_spread_fields.a	1791554944.158613	1791554944.212755	0
base	c	internal/oracle/testdata/nbody_static_collision.a	1791554944.216967	1791554944.273051	0
head	c	internal/oracle/testdata/nbody_static_collision.a	1791554944.274663	1791554944.330094	0
base	c	internal/oracle/testdata/nbody_write_read_order.a	1791554944.334435	1791554944.388662	0
head	c	internal/oracle/testdata/nbody_write_read_order.a	1791554944.390729	1791554944.441456	0
base	c	internal/oracle/testdata/nested_array.a	1791554944.445560	1791554944.496126	0
head	c	internal/oracle/testdata/nested_array.a	1791554944.498724	1791554944.549160	0
base	c	internal/oracle/testdata/nested_assignment_return.a	1791554944.553087	1791554944.605124	0
head	c	internal/oracle/testdata/nested_assignment_return.a	1791554944.606867	1791554944.657927	0
base	c	internal/oracle/testdata/nested_callback_escaped.a	1791554944.662293	1791554944.708971	0
head	c	internal/oracle/testdata/nested_callback_escaped.a	1791554944.710943	1791554944.765475	0
base	c	internal/oracle/testdata/nested_callback_late_capture.a	1791554944.769665	1791554944.815103	0
head	c	internal/oracle/testdata/nested_callback_late_capture.a	1791554944.817443	1791554944.868032	0
base	c	internal/oracle/testdata/nested_callback_levels.a	1791554944.872177	1791554944.926302	0
head	c	internal/oracle/testdata/nested_callback_levels.a	1791554944.928108	1791554944.982997	0
base	c	internal/oracle/testdata/nested_callback_recursive.a	1791554944.987738	1791554945.038334	0
head	c	internal/oracle/testdata/nested_callback_recursive.a	1791554945.040289	1791554945.094674	0
base	c	internal/oracle/testdata/nested_captures.a	1791554945.098840	1791554945.148279	0
head	c	internal/oracle/testdata/nested_captures.a	1791554945.150034	1791554945.202379	0
base	c	internal/oracle/testdata/nested_destructured.a	1791554945.207724	1791554945.261093	0
head	c	internal/oracle/testdata/nested_destructured.a	1791554945.262829	1791554945.313357	0
base	c	internal/oracle/testdata/nested_destructured_tdz.a	1791554945.317327	1791554945.367504	0
head	c	internal/oracle/testdata/nested_destructured_tdz.a	1791554945.369292	1791554945.419128	0
base	c	internal/oracle/testdata/nested_generic_capture.a	1791554945.423061	1791554945.474848	0
head	c	internal/oracle/testdata/nested_generic_capture.a	1791554945.476764	1791554945.529278	0
base	c	internal/oracle/testdata/nested_hoisting.a	1791554945.533531	1791554945.583646	0
head	c	internal/oracle/testdata/nested_hoisting.a	1791554945.586143	1791554945.635170	0
base	c	internal/oracle/testdata/nested_minimal.a	1791554945.639305	1791554945.687771	0
head	c	internal/oracle/testdata/nested_minimal.a	1791554945.689578	1791554945.738705	0
base	c	internal/oracle/testdata/nested_mixed.a	1791554945.742789	1791554945.793801	0
head	c	internal/oracle/testdata/nested_mixed.a	1791554945.795693	1791554945.846246	0
base	c	internal/oracle/testdata/nested_mutual.a	1791554945.850161	1791554945.899115	0
head	c	internal/oracle/testdata/nested_mutual.a	1791554945.900900	1791554945.947969	0
base	c	internal/oracle/testdata/nested_owned_parameter.a	1791554945.952310	1791554946.004843	0
head	c	internal/oracle/testdata/nested_owned_parameter.a	1791554946.006614	1791554946.054703	0
base	c	internal/oracle/testdata/nested_pattern_parameter.a	1791554946.058859	1791554946.108553	0
head	c	internal/oracle/testdata/nested_pattern_parameter.a	1791554946.110244	1791554946.160139	0
base	c	internal/oracle/testdata/nested_reduced_parameter_escaped.a	1791554946.164289	1791554946.211911	0
head	c	internal/oracle/testdata/nested_reduced_parameter_escaped.a	1791554946.213560	1791554946.259759	0
base	c	internal/oracle/testdata/nested_reduced_parameter_unreachable.a	1791554946.263886	1791554946.310273	0
head	c	internal/oracle/testdata/nested_reduced_parameter_unreachable.a	1791554946.312208	1791554946.359240	0
base	c	internal/oracle/testdata/nested_reduced_parameter_unused.a	1791554946.363367	1791554946.408281	0
head	c	internal/oracle/testdata/nested_reduced_parameter_unused.a	1791554946.409977	1791554946.458835	0
base	c	internal/oracle/testdata/nested_reference_identity.a	1791554946.462863	1791554946.516422	0
head	c	internal/oracle/testdata/nested_reference_identity.a	1791554946.518398	1791554946.570929	0
base	c	internal/oracle/testdata/nested_returned.a	1791554946.574977	1791554946.626647	0
head	c	internal/oracle/testdata/nested_returned.a	1791554946.628369	1791554946.678865	0
base	c	internal/oracle/testdata/nested_tdz.a	1791554946.683123	1791554946.730460	0
head	c	internal/oracle/testdata/nested_tdz.a	1791554946.732136	1791554946.779147	0
base	c	internal/oracle/testdata/nested_tdz_write.a	1791554946.783452	1791554946.828468	0
head	c	internal/oracle/testdata/nested_tdz_write.a	1791554946.830382	1791554946.875628	0
base	c	internal/oracle/testdata/nested_three_levels.a	1791554946.879774	1791554946.932999	0
head	c	internal/oracle/testdata/nested_three_levels.a	1791554946.934965	1791554946.989267	0
base	c	internal/oracle/testdata/nested_weak.a	1791554946.994706	1791554947.045438	0
head	c	internal/oracle/testdata/nested_weak.a	1791554947.047051	1791554947.091611	0
base	c	internal/oracle/testdata/new_expression_class_cache_capture_notyet.a	1791554947.095556	1791554947.142085	1
head	c	internal/oracle/testdata/new_expression_class_cache_capture_notyet.a	1791554947.143838	1791554947.197109	1
base	c	internal/oracle/testdata/new_expression_class_cache_local.a	1791554947.202803	1791554947.262637	0
head	c	internal/oracle/testdata/new_expression_class_cache_local.a	1791554947.264732	1791554947.326391	0
base	c	internal/oracle/testdata/new_expression_class_cache_or.a	1791554947.330454	1791554947.383667	0
head	c	internal/oracle/testdata/new_expression_class_cache_or.a	1791554947.385638	1791554947.438792	0
base	c	internal/oracle/testdata/new_expression_class_value.a	1791554947.442708	1791554947.502384	0
head	c	internal/oracle/testdata/new_expression_class_value.a	1791554947.504585	1791554947.563265	0
base	c	internal/oracle/testdata/new_expression_uint16.a	1791554947.567169	1791554947.620086	1
head	c	internal/oracle/testdata/new_expression_uint16.a	1791554947.621867	1791554947.674551	1
base	c	internal/oracle/testdata/new_expression_uint16_notyet.a	1791554947.678580	1791554947.726736	1
head	c	internal/oracle/testdata/new_expression_uint16_notyet.a	1791554947.728483	1791554947.778154	1
base	c	internal/oracle/testdata/node_buffer_bom.a	1791554947.782684	1791554947.800025	1
head	c	internal/oracle/testdata/node_buffer_bom.a	1791554947.801794	1791554947.822295	1
base	c	internal/oracle/testdata/node_buffer_crypto.a	1791554947.826130	1791554947.845253	1
head	c	internal/oracle/testdata/node_buffer_crypto.a	1791554947.846847	1791554947.870733	1
base	c	internal/oracle/testdata/node_buffer_digest_twice.a	1791554947.874478	1791554947.895245	1
head	c	internal/oracle/testdata/node_buffer_digest_twice.a	1791554947.897075	1791554947.914871	1
base	c	internal/oracle/testdata/node_buffer_encodings.a	1791554947.918602	1791554947.938259	1
head	c	internal/oracle/testdata/node_buffer_encodings.a	1791554947.940600	1791554947.958120	1
base	c	internal/oracle/testdata/node_buffer_finalized.a	1791554947.961957	1791554947.978305	1
head	c	internal/oracle/testdata/node_buffer_finalized.a	1791554947.979881	1791554947.997977	1
base	c	internal/oracle/testdata/node_buffer_input.a	1791554948.001744	1791554948.019641	1
head	c	internal/oracle/testdata/node_buffer_input.a	1791554948.021848	1791554948.038845	1
base	c	internal/oracle/testdata/node_buffer_random.a	1791554948.042503	1791554948.059894	1
head	c	internal/oracle/testdata/node_buffer_random.a	1791554948.061391	1791554948.078224	1
base	c	internal/oracle/testdata/node_buffer_utf16.a	1791554948.082058	1791554948.100483	1
head	c	internal/oracle/testdata/node_buffer_utf16.a	1791554948.101978	1791554948.118602	1
base	c	internal/oracle/testdata/node_buffer_utf8.a	1791554948.122372	1791554948.141702	1
head	c	internal/oracle/testdata/node_buffer_utf8.a	1791554948.143127	1791554948.159878	1
base	c	internal/oracle/testdata/node_buffer_writes.a	1791554948.163678	1791554948.180341	1
head	c	internal/oracle/testdata/node_buffer_writes.a	1791554948.181835	1791554948.198595	1
base	c	internal/oracle/testdata/node_fs_file_close.a	1791554948.202489	1791554948.221345	1
head	c	internal/oracle/testdata/node_fs_file_close.a	1791554948.222984	1791554948.242109	1
base	c	internal/oracle/testdata/node_fs_file_date.a	1791554948.246076	1791554948.292709	0
head	c	internal/oracle/testdata/node_fs_file_date.a	1791554948.294388	1791554948.342018	0
base	c	internal/oracle/testdata/node_fs_file_mkdir.a	1791554948.346102	1791554948.363516	1
head	c	internal/oracle/testdata/node_fs_file_mkdir.a	1791554948.365143	1791554948.382259	1
base	c	internal/oracle/testdata/node_fs_file_write_buffer.a	1791554948.386262	1791554948.403750	1
head	c	internal/oracle/testdata/node_fs_file_write_buffer.a	1791554948.405345	1791554948.421759	1
base	c	internal/oracle/testdata/node_fs_file_write_file.a	1791554948.425649	1791554948.442877	1
head	c	internal/oracle/testdata/node_fs_file_write_file.a	1791554948.444532	1791554948.462248	1
base	c	internal/oracle/testdata/non_null_possible_read.a	1791554948.466145	1791554948.513515	1
head	c	internal/oracle/testdata/non_null_possible_read.a	1791554948.515902	1791554948.563117	1
base	c	internal/oracle/testdata/non_null_possible_typeerror.a	1791554948.567324	1791554948.610682	1
head	c	internal/oracle/testdata/non_null_possible_typeerror.a	1791554948.612454	1791554948.664161	1
base	c	internal/oracle/testdata/non_null_refuse_argument.a	1791554948.669497	1791554948.714546	1
head	c	internal/oracle/testdata/non_null_refuse_argument.a	1791554948.716411	1791554948.761625	1
base	c	internal/oracle/testdata/non_null_refuse_checked.a	1791554948.765708	1791554948.810314	1
head	c	internal/oracle/testdata/non_null_refuse_checked.a	1791554948.812277	1791554948.858417	1
base	c	internal/oracle/testdata/non_null_refuse_comparison.a	1791554948.862511	1791554948.909525	1
head	c	internal/oracle/testdata/non_null_refuse_comparison.a	1791554948.911306	1791554948.958492	1
base	c	internal/oracle/testdata/non_null_refuse_conditional.a	1791554948.962647	1791554949.014357	1
head	c	internal/oracle/testdata/non_null_refuse_conditional.a	1791554949.016311	1791554949.062443	1
base	c	internal/oracle/testdata/non_null_refuse_default.a	1791554949.066546	1791554949.112371	1
head	c	internal/oracle/testdata/non_null_refuse_default.a	1791554949.114024	1791554949.160489	1
base	c	internal/oracle/testdata/non_null_refuse_element.a	1791554949.164683	1791554949.213545	1
head	c	internal/oracle/testdata/non_null_refuse_element.a	1791554949.215605	1791554949.264667	1
base	c	internal/oracle/testdata/non_null_refuse_expression.a	1791554949.273253	1791554949.334386	1
head	c	internal/oracle/testdata/non_null_refuse_expression.a	1791554949.337615	1791554949.410064	1
base	c	internal/oracle/testdata/non_null_refuse_logical.a	1791554949.414070	1791554949.463411	1
head	c	internal/oracle/testdata/non_null_refuse_logical.a	1791554949.465083	1791554949.514283	1
base	c	internal/oracle/testdata/non_null_refuse_null.a	1791554949.518337	1791554949.563115	1
head	c	internal/oracle/testdata/non_null_refuse_null.a	1791554949.564967	1791554949.613346	1
base	c	internal/oracle/testdata/non_null_refuse_return.a	1791554949.617530	1791554949.661074	1
head	c	internal/oracle/testdata/non_null_refuse_return.a	1791554949.662860	1791554949.706805	1
base	c	internal/oracle/testdata/non_null_refuse_spread.a	1791554949.712551	1791554949.760031	1
head	c	internal/oracle/testdata/non_null_refuse_spread.a	1791554949.761717	1791554949.806629	1
base	c	internal/oracle/testdata/non_null_refuse_undefined.a	1791554949.810920	1791554949.858682	1
head	c	internal/oracle/testdata/non_null_refuse_undefined.a	1791554949.860398	1791554949.912557	1
base	c	internal/oracle/testdata/normalize.a	1791554949.916562	1791554949.973665	0
head	c	internal/oracle/testdata/normalize.a	1791554949.975768	1791554950.029863	0
base	c	internal/oracle/testdata/normalize_coverage_cache.a	1791554950.034314	1791554950.090246	0
head	c	internal/oracle/testdata/normalize_coverage_cache.a	1791554950.092116	1791554950.148814	0
base	c	internal/oracle/testdata/normalize_coverage_limit.a	1791554950.153550	1791554950.206936	0
head	c	internal/oracle/testdata/normalize_coverage_limit.a	1791554950.208758	1791554950.261835	0
base	c	internal/oracle/testdata/normalize_coverage_long.a	1791554950.266700	1791554950.317914	0
head	c	internal/oracle/testdata/normalize_coverage_long.a	1791554950.319808	1791554950.374902	0
base	c	internal/oracle/testdata/normalize_coverage_quick.a	1791554950.378890	1791554950.435580	0
head	c	internal/oracle/testdata/normalize_coverage_quick.a	1791554950.437292	1791554950.493764	0
base	c	internal/oracle/testdata/normalize_coverage_repeat.a	1791554950.497976	1791554950.554629	0
head	c	internal/oracle/testdata/normalize_coverage_repeat.a	1791554950.556749	1791554950.611137	0
base	c	internal/oracle/testdata/normalize_coverage_stream.a	1791554950.616764	1791554950.675056	0
head	c	internal/oracle/testdata/normalize_coverage_stream.a	1791554950.677237	1791554950.736469	0
base	c	internal/oracle/testdata/normalize_form.a	1791554950.740767	1791554950.794814	0
head	c	internal/oracle/testdata/normalize_form.a	1791554950.796597	1791554950.849796	0
base	c	internal/oracle/testdata/normalize_long_marks.a	1791554950.853853	1791554950.907933	0
head	c	internal/oracle/testdata/normalize_long_marks.a	1791554950.909653	1791554950.961305	0
base	c	internal/oracle/testdata/notyet_library_object_entries_const.a	1791554950.966214	1791554951.022004	0
head	c	internal/oracle/testdata/notyet_library_object_entries_const.a	1791554951.023838	1791554951.079435	0
base	c	internal/oracle/testdata/notyet_library_regex_callback.a	1791554951.083847	1791554951.139591	0
head	c	internal/oracle/testdata/notyet_library_regex_callback.a	1791554951.141337	1791554951.191758	0
base	c	internal/oracle/testdata/notyet_library_regex_offset.a	1791554951.196532	1791554951.243734	0
head	c	internal/oracle/testdata/notyet_library_regex_offset.a	1791554951.245464	1791554951.297763	0
base	c	internal/oracle/testdata/notyet_library_string_bounds.a	1791554951.301644	1791554951.356860	0
head	c	internal/oracle/testdata/notyet_library_string_bounds.a	1791554951.358493	1791554951.412152	0
base	c	internal/oracle/testdata/number_edges.a	1791554951.416875	1791554951.474220	0
head	c	internal/oracle/testdata/number_edges.a	1791554951.475973	1791554951.533743	0
base	c	internal/oracle/testdata/number_formats.a	1791554951.537681	1791554951.596055	0
head	c	internal/oracle/testdata/number_formats.a	1791554951.598296	1791554951.657625	0
base	c	internal/oracle/testdata/number_parsing.a	1791554951.662377	1791554951.715163	0
head	c	internal/oracle/testdata/number_parsing.a	1791554951.716971	1791554951.769258	0
base	c	internal/oracle/testdata/numbers.a	1791554951.773239	1791554951.829949	0
head	c	internal/oracle/testdata/numbers.a	1791554951.831923	1791554951.881940	0
base	c	internal/oracle/testdata/object_prototype.a	1791554951.886968	1791554951.976408	0
head	c	internal/oracle/testdata/object_prototype.a	1791554951.978536	1791554952.058762	0
base	c	internal/oracle/testdata/objects.a	1791554952.063443	1791554952.120892	0
head	c	internal/oracle/testdata/objects.a	1791554952.122765	1791554952.180913	0
base	c	internal/oracle/testdata/omitted_boolean.a	1791554952.185016	1791554952.244630	0
head	c	internal/oracle/testdata/omitted_boolean.a	1791554952.246339	1791554952.305568	0
base	c	internal/oracle/testdata/omitted_defaults.a	1791554952.310964	1791554952.371292	0
head	c	internal/oracle/testdata/omitted_defaults.a	1791554952.373168	1791554952.425873	0
base	c	internal/oracle/testdata/omitted_methods.a	1791554952.430455	1791554952.483925	0
head	c	internal/oracle/testdata/omitted_methods.a	1791554952.485547	1791554952.539911	0
base	c	internal/oracle/testdata/omitted_number.a	1791554952.544105	1791554952.605070	0
head	c	internal/oracle/testdata/omitted_number.a	1791554952.606840	1791554952.662803	0
base	c	internal/oracle/testdata/omitted_object.a	1791554952.667671	1791554952.730690	0
head	c	internal/oracle/testdata/omitted_object.a	1791554952.732732	1791554952.795920	0
base	c	internal/oracle/testdata/omitted_reader.a	1791554952.801203	1791554952.860365	0
head	c	internal/oracle/testdata/omitted_reader.a	1791554952.862346	1791554952.918792	0
base	c	internal/oracle/testdata/omitted_reader_direct.a	1791554952.922911	1791554952.979920	0
head	c	internal/oracle/testdata/omitted_reader_direct.a	1791554952.981722	1791554953.039609	0
base	c	internal/oracle/testdata/omitted_reader_override.a	1791554953.044711	1791554953.101264	0
head	c	internal/oracle/testdata/omitted_reader_override.a	1791554953.103319	1791554953.157238	0
base	c	internal/oracle/testdata/omitted_reader_string.a	1791554953.161897	1791554953.218796	0
head	c	internal/oracle/testdata/omitted_reader_string.a	1791554953.220731	1791554953.270359	0
base	c	internal/oracle/testdata/omitted_scanner.a	1791554953.275613	1791554953.330341	0
head	c	internal/oracle/testdata/omitted_scanner.a	1791554953.332625	1791554953.385227	0
base	c	internal/oracle/testdata/omitted_scanner_explicit.a	1791554953.389710	1791554953.444830	0
head	c	internal/oracle/testdata/omitted_scanner_explicit.a	1791554953.446901	1791554953.502994	0
base	c	internal/oracle/testdata/omitted_scanner_required.a	1791554953.507253	1791554953.558635	0
head	c	internal/oracle/testdata/omitted_scanner_required.a	1791554953.560608	1791554953.615280	0
base	c	internal/oracle/testdata/omitted_string.a	1791554953.619623	1791554953.672549	0
head	c	internal/oracle/testdata/omitted_string.a	1791554953.674318	1791554953.734099	0
base	c	internal/oracle/testdata/optional_class_method.a	1791554953.739076	1791554953.792797	0
head	c	internal/oracle/testdata/optional_class_method.a	1791554953.794915	1791554953.853512	0
base	c	internal/oracle/testdata/optional_indexing_array.a	1791554953.857613	1791554953.920241	0
head	c	internal/oracle/testdata/optional_indexing_array.a	1791554953.922677	1791554953.983667	0
base	c	internal/oracle/testdata/optional_indexing_chain.a	1791554953.988007	1791554954.060901	0
head	c	internal/oracle/testdata/optional_indexing_chain.a	1791554954.062783	1791554954.135231	0
base	c	internal/oracle/testdata/optional_indexing_map.a	1791554954.139430	1791554954.200360	0
head	c	internal/oracle/testdata/optional_indexing_map.a	1791554954.202248	1791554954.261703	0
base	c	internal/oracle/testdata/optional_indexing_string.a	1791554954.266502	1791554954.320392	0
head	c	internal/oracle/testdata/optional_indexing_string.a	1791554954.322320	1791554954.377168	0
base	c	internal/oracle/testdata/optional_indexing_string_gap.a	1791554954.382970	1791554954.436366	0
head	c	internal/oracle/testdata/optional_indexing_string_gap.a	1791554954.438586	1791554954.496475	0
base	c	internal/oracle/testdata/optional_indexing_typed_array.a	1791554954.501322	1791554954.560133	0
head	c	internal/oracle/testdata/optional_indexing_typed_array.a	1791554954.561907	1791554954.626523	0
base	c	internal/oracle/testdata/optional_numbers.a	1791554954.630611	1791554954.689201	0
head	c	internal/oracle/testdata/optional_numbers.a	1791554954.690802	1791554954.748850	0
base	c	internal/oracle/testdata/optional_strings.a	1791554954.753027	1791554954.809987	0
head	c	internal/oracle/testdata/optional_strings.a	1791554954.811857	1791554954.867731	0
base	c	internal/oracle/testdata/optional_widening_class.a	1791554954.871763	1791554954.928051	0
head	c	internal/oracle/testdata/optional_widening_class.a	1791554954.929649	1791554954.987033	0
base	c	internal/oracle/testdata/optional_widening_declared.a	1791554954.992159	1791554955.050722	0
head	c	internal/oracle/testdata/optional_widening_declared.a	1791554955.053028	1791554955.107646	0
base	c	internal/oracle/testdata/optional_widening_fresh.a	1791554955.112330	1791554955.170872	0
head	c	internal/oracle/testdata/optional_widening_fresh.a	1791554955.172809	1791554955.227062	0
base	c	internal/oracle/testdata/output_then_panic.a	1791554955.232009	1791554955.289949	0
head	c	internal/oracle/testdata/output_then_panic.a	1791554955.291896	1791554955.348479	0
base	c	internal/oracle/testdata/overload_ancestor_directory.a	1791554955.353090	1791554955.405093	0
head	c	internal/oracle/testdata/overload_ancestor_directory.a	1791554955.407259	1791554955.463013	0
base	c	internal/oracle/testdata/overload_array_to_map.a	1791554955.468283	1791554955.527300	0
head	c	internal/oracle/testdata/overload_array_to_map.a	1791554955.529416	1791554955.586176	0
base	c	internal/oracle/testdata/overload_array_to_multimap.a	1791554955.590980	1791554955.646097	0
head	c	internal/oracle/testdata/overload_array_to_multimap.a	1791554955.647855	1791554955.704151	0
base	c	internal/oracle/testdata/overload_array_to_numeric_map.a	1791554955.708869	1791554955.759549	0
head	c	internal/oracle/testdata/overload_array_to_numeric_map.a	1791554955.761723	1791554955.815032	0
base	c	internal/oracle/testdata/overload_inference_contracts.a	1791554955.821023	1791554955.875315	0
head	c	internal/oracle/testdata/overload_inference_contracts.a	1791554955.877460	1791554955.934825	0
base	c	internal/oracle/testdata/overload_leading_comment_range.a	1791554955.940031	1791554955.994055	0
head	c	internal/oracle/testdata/overload_leading_comment_range.a	1791554955.996336	1791554956.048941	0
base	c	internal/oracle/testdata/overload_mutate_map.a	1791554956.053391	1791554956.113119	0
head	c	internal/oracle/testdata/overload_mutate_map.a	1791554956.115292	1791554956.175897	0
base	c	internal/oracle/testdata/overload_mutate_map_skipping_new.a	1791554956.181545	1791554956.240791	0
head	c	internal/oracle/testdata/overload_mutate_map_skipping_new.a	1791554956.243091	1791554956.303591	0
base	c	internal/oracle/testdata/overload_original_node.a	1791554956.308903	1791554956.361857	0
head	c	internal/oracle/testdata/overload_original_node.a	1791554956.363843	1791554956.417427	0
base	c	internal/oracle/testdata/overload_resolve_type_names.a	1791554956.421663	1791554956.475342	0
head	c	internal/oracle/testdata/overload_resolve_type_names.a	1791554956.477335	1791554956.535253	0
base	c	internal/oracle/testdata/overload_sort_deduplicate.a	1791554956.539946	1791554956.593739	0
head	c	internal/oracle/testdata/overload_sort_deduplicate.a	1791554956.595671	1791554956.652375	0
base	c	internal/oracle/testdata/overload_trailing_comment_range.a	1791554956.656343	1791554956.720358	0
head	c	internal/oracle/testdata/overload_trailing_comment_range.a	1791554956.722097	1791554956.781123	0
base	c	internal/oracle/testdata/override_same_representation.a	1791554956.785282	1791554956.842140	0
head	c	internal/oracle/testdata/override_same_representation.a	1791554956.843968	1791554956.904767	0
base	c	internal/oracle/testdata/pad_too_long.a	1791554956.910094	1791554956.965918	0
head	c	internal/oracle/testdata/pad_too_long.a	1791554956.967787	1791554957.021065	0
base	c	internal/oracle/testdata/panic.a	1791554957.026266	1791554957.078572	0
head	c	internal/oracle/testdata/panic.a	1791554957.080803	1791554957.132277	0
base	c	internal/oracle/testdata/panic_in_try.a	1791554957.136627	1791554957.190702	0
head	c	internal/oracle/testdata/panic_in_try.a	1791554957.192352	1791554957.250708	0
base	c	internal/oracle/testdata/param_assigned_in_try.a	1791554957.254984	1791554957.315841	0
head	c	internal/oracle/testdata/param_assigned_in_try.a	1791554957.318431	1791554957.377415	0
base	c	internal/oracle/testdata/parameter_properties.a	1791554957.381872	1791554957.450831	0
head	c	internal/oracle/testdata/parameter_properties.a	1791554957.452807	1791554957.524477	0
base	c	internal/oracle/testdata/parameter_properties_kinds.a	1791554957.529083	1791554957.594489	0
head	c	internal/oracle/testdata/parameter_properties_kinds.a	1791554957.596454	1791554957.657002	0
base	c	internal/oracle/testdata/parameter_properties_levels.a	1791554957.661104	1791554957.720828	0
head	c	internal/oracle/testdata/parameter_properties_levels.a	1791554957.722732	1791554957.783274	0
base	c	internal/oracle/testdata/parameter_properties_ownership.a	1791554957.787756	1791554957.840540	0
head	c	internal/oracle/testdata/parameter_properties_ownership.a	1791554957.842223	1791554957.899892	0
base	c	internal/oracle/testdata/params_namespaces_callbacks.a	1791554957.904141	1791554957.959800	0
head	c	internal/oracle/testdata/params_namespaces_callbacks.a	1791554957.961683	1791554958.014662	0
base	c	internal/oracle/testdata/params_namespaces_dotted.a	1791554958.018558	1791554958.071990	0
head	c	internal/oracle/testdata/params_namespaces_dotted.a	1791554958.073679	1791554958.125463	0
base	c	internal/oracle/testdata/params_namespaces_order.a	1791554958.129816	1791554958.190722	0
head	c	internal/oracle/testdata/params_namespaces_order.a	1791554958.192590	1791554958.249691	0
base	c	internal/oracle/testdata/params_namespaces_overrides.a	1791554958.253916	1791554958.308141	0
head	c	internal/oracle/testdata/params_namespaces_overrides.a	1791554958.310485	1791554958.365166	0
base	c	internal/oracle/testdata/params_namespaces_types.a	1791554958.369405	1791554958.421743	0
head	c	internal/oracle/testdata/params_namespaces_types.a	1791554958.423637	1791554958.472091	0
base	c	internal/oracle/testdata/params_namespaces_values.a	1791554958.476046	1791554958.542110	0
head	c	internal/oracle/testdata/params_namespaces_values.a	1791554958.544169	1791554958.611011	0
base	c	internal/oracle/testdata/pow_fractional.a	1791554958.615161	1791554958.667064	0
head	c	internal/oracle/testdata/pow_fractional.a	1791554958.668960	1791554958.720256	0
base	c	internal/oracle/testdata/power_of_two_string.a	1791554958.724504	1791554958.774582	0
head	c	internal/oracle/testdata/power_of_two_string.a	1791554958.776436	1791554958.826019	0
base	c	internal/oracle/testdata/precision_range.a	1791554958.830009	1791554958.879147	0
head	c	internal/oracle/testdata/precision_range.a	1791554958.881005	1791554958.931291	0
base	c	internal/oracle/testdata/prompt_then_read.a	1791554958.935527	1791554958.985089	0
head	c	internal/oracle/testdata/prompt_then_read.a	1791554958.986763	1791554959.036664	0
base	c	internal/oracle/testdata/proven_assertions.a	1791554959.040808	1791554959.092583	0
head	c	internal/oracle/testdata/proven_assertions.a	1791554959.094388	1791554959.143450	0
base	c	internal/oracle/testdata/proven_class_guards.a	1791554959.148228	1791554959.194604	0
head	c	internal/oracle/testdata/proven_class_guards.a	1791554959.196529	1791554959.248048	0
base	c	internal/oracle/testdata/proven_guards.a	1791554959.252256	1791554959.303767	0
head	c	internal/oracle/testdata/proven_guards.a	1791554959.305512	1791554959.355946	0
base	c	internal/oracle/testdata/proven_satisfies.a	1791554959.359829	1791554959.414100	0
head	c	internal/oracle/testdata/proven_satisfies.a	1791554959.416079	1791554959.468963	0
base	c	internal/oracle/testdata/proven_upcasts.a	1791554959.473299	1791554959.524690	0
head	c	internal/oracle/testdata/proven_upcasts.a	1791554959.526446	1791554959.577914	0
base	c	internal/oracle/testdata/radix_range.a	1791554959.582005	1791554959.630895	0
head	c	internal/oracle/testdata/radix_range.a	1791554959.632750	1791554959.676039	0
base	c	internal/oracle/testdata/radixes.a	1791554959.680092	1791554959.733504	0
head	c	internal/oracle/testdata/radixes.a	1791554959.735316	1791554959.787618	0
base	c	internal/oracle/testdata/read_arguments.a	1791554959.791759	1791554959.838078	0
head	c	internal/oracle/testdata/read_arguments.a	1791554959.839956	1791554959.885829	0
base	c	internal/oracle/testdata/read_files.a	1791554959.889789	1791554959.942003	0
head	c	internal/oracle/testdata/read_files.a	1791554959.943827	1791554959.991880	0
base	c	internal/oracle/testdata/read_order.a	1791554959.996481	1791554960.043917	0
head	c	internal/oracle/testdata/read_order.a	1791554960.045636	1791554960.097437	0
base	c	internal/oracle/testdata/regexp.a	1791554960.102334	1791554960.188763	0
head	c	internal/oracle/testdata/regexp.a	1791554960.190701	1791554960.277308	0
base	c	internal/oracle/testdata/regexp_cycle_closures.a	1791554960.282303	1791554960.329382	0
head	c	internal/oracle/testdata/regexp_cycle_closures.a	1791554960.331003	1791554960.377925	0
base	c	internal/oracle/testdata/regexp_cycle_collections.a	1791554960.381903	1791554960.432417	0
head	c	internal/oracle/testdata/regexp_cycle_collections.a	1791554960.434162	1791554960.485294	0
base	c	internal/oracle/testdata/regexp_cycle_fields.a	1791554960.489229	1791554960.548223	0
head	c	internal/oracle/testdata/regexp_cycle_fields.a	1791554960.549998	1791554960.611516	0
base	c	internal/oracle/testdata/regexp_cycle_weak.a	1791554960.615638	1791554960.660770	0
head	c	internal/oracle/testdata/regexp_cycle_weak.a	1791554960.662621	1791554960.710479	0
base	c	internal/oracle/testdata/regexp_exec.a	1791554960.714431	1791554960.764296	0
head	c	internal/oracle/testdata/regexp_exec.a	1791554960.765893	1791554960.813732	0
base	c	internal/oracle/testdata/regexp_match.a	1791554960.817729	1791554960.867530	0
head	c	internal/oracle/testdata/regexp_match.a	1791554960.869369	1791554960.918560	0
base	c	internal/oracle/testdata/regexp_matchall_nonglobal.a	1791554960.922777	1791554960.966666	0
head	c	internal/oracle/testdata/regexp_matchall_nonglobal.a	1791554960.968400	1791554961.012304	0
base	c	internal/oracle/testdata/regexp_null_narrowed.a	1791554961.016253	1791554961.063267	0
head	c	internal/oracle/testdata/regexp_null_narrowed.a	1791554961.064944	1791554961.110273	0
base	c	internal/oracle/testdata/regexp_replace.a	1791554961.114464	1791554961.160219	0
head	c	internal/oracle/testdata/regexp_replace.a	1791554961.162036	1791554961.207844	0
base	c	internal/oracle/testdata/regexp_replaceall_nonglobal.a	1791554961.211796	1791554961.254783	0
head	c	internal/oracle/testdata/regexp_replaceall_nonglobal.a	1791554961.256573	1791554961.300980	0
base	c	internal/oracle/testdata/regexp_search.a	1791554961.304996	1791554961.352460	0
head	c	internal/oracle/testdata/regexp_search.a	1791554961.354214	1791554961.400243	0
base	c	internal/oracle/testdata/regexp_split.a	1791554961.404221	1791554961.451078	0
head	c	internal/oracle/testdata/regexp_split.a	1791554961.452854	1791554961.500057	0
base	c	internal/oracle/testdata/regexp_split_pair_pattern.a	1791554961.504291	1791554961.553578	0
head	c	internal/oracle/testdata/regexp_split_pair_pattern.a	1791554961.555293	1791554961.604385	0
base	c	internal/oracle/testdata/regexp_unicode.a	1791554961.608603	1791554961.659046	0
head	c	internal/oracle/testdata/regexp_unicode.a	1791554961.660880	1791554961.715564	0
base	c	internal/oracle/testdata/regions.a	1791554961.719809	1791554961.777356	0
head	c	internal/oracle/testdata/regions.a	1791554961.779168	1791554961.845228	0
base	c	internal/oracle/testdata/regions_constructor_capture.a	1791554961.849294	1791554961.898881	0
head	c	internal/oracle/testdata/regions_constructor_capture.a	1791554961.900770	1791554961.951021	0
base	c	internal/oracle/testdata/regions_throw.a	1791554961.955073	1791554962.005375	0
head	c	internal/oracle/testdata/regions_throw.a	1791554962.007174	1791554962.064037	0
base	c	internal/oracle/testdata/replace_all_large.a	1791554962.068309	1791554962.119391	0
head	c	internal/oracle/testdata/replace_all_large.a	1791554962.122176	1791554962.175385	0
base	c	internal/oracle/testdata/representation_clock_source.a	1791554962.179563	1791554962.226988	0
head	c	internal/oracle/testdata/representation_clock_source.a	1791554962.228915	1791554962.278123	0
base	c	internal/oracle/testdata/return_panic.a	1791554962.282545	1791554962.330545	0
head	c	internal/oracle/testdata/return_panic.a	1791554962.332379	1791554962.380125	0
base	c	internal/oracle/testdata/return_panic_fires.a	1791554962.385149	1791554962.431721	0
head	c	internal/oracle/testdata/return_panic_fires.a	1791554962.433551	1791554962.480047	0
base	c	internal/oracle/testdata/reuse.a	1791554962.484157	1791554962.536552	0
head	c	internal/oracle/testdata/reuse.a	1791554962.538416	1791554962.591865	0
base	c	internal/oracle/testdata/reuse_arrays.a	1791554962.595890	1791554962.647759	0
head	c	internal/oracle/testdata/reuse_arrays.a	1791554962.649708	1791554962.707286	0
base	c	internal/oracle/testdata/reuse_foreach_global.a	1791554962.711550	1791554962.762131	0
head	c	internal/oracle/testdata/reuse_foreach_global.a	1791554962.764264	1791554962.817607	0
base	c	internal/oracle/testdata/reuse_forward.a	1791554962.822784	1791554962.874319	0
head	c	internal/oracle/testdata/reuse_forward.a	1791554962.876326	1791554962.938581	0
base	c	internal/oracle/testdata/reuse_global_sibling.a	1791554962.944435	1791554962.992156	0
head	c	internal/oracle/testdata/reuse_global_sibling.a	1791554962.994636	1791554963.044707	0
base	c	internal/oracle/testdata/reuse_lent_global.a	1791554963.048831	1791554963.115773	0
head	c	internal/oracle/testdata/reuse_lent_global.a	1791554963.117685	1791554963.169324	0
base	c	internal/oracle/testdata/reuse_narrowed.a	1791554963.173714	1791554963.228101	0
head	c	internal/oracle/testdata/reuse_narrowed.a	1791554963.229926	1791554963.277343	0
base	c	internal/oracle/testdata/reuse_spread_method.a	1791554963.281998	1791554963.330305	0
head	c	internal/oracle/testdata/reuse_spread_method.a	1791554963.333434	1791554963.382342	0
base	c	internal/oracle/testdata/reuse_spread_method_alias.a	1791554963.387055	1791554963.440282	0
head	c	internal/oracle/testdata/reuse_spread_method_alias.a	1791554963.442120	1791554963.501740	0
base	c	internal/oracle/testdata/reuse_throw.a	1791554963.506093	1791554963.557380	0
head	c	internal/oracle/testdata/reuse_throw.a	1791554963.559388	1791554963.611610	0
base	c	internal/oracle/testdata/reuse_weak_after_reuse.a	1791554963.616067	1791554963.669535	0
head	c	internal/oracle/testdata/reuse_weak_after_reuse.a	1791554963.671512	1791554963.724764	0
base	c	internal/oracle/testdata/reuse_weak_during_spread.a	1791554963.729126	1791554963.784097	0
head	c	internal/oracle/testdata/reuse_weak_during_spread.a	1791554963.786843	1791554963.842936	0
base	c	internal/oracle/testdata/route_targets_accessor.a	1791554963.847133	1791554963.901850	0
head	c	internal/oracle/testdata/route_targets_accessor.a	1791554963.903649	1791554963.959887	0
base	c	internal/oracle/testdata/route_targets_bound_method.a	1791554963.964134	1791554964.017625	0
head	c	internal/oracle/testdata/route_targets_bound_method.a	1791554964.020066	1791554964.072772	0
base	c	internal/oracle/testdata/route_targets_callbacks.a	1791554964.076902	1791554964.126327	0
head	c	internal/oracle/testdata/route_targets_callbacks.a	1791554964.128147	1791554964.184394	0
base	c	internal/oracle/testdata/route_targets_recursive.a	1791554964.188968	1791554964.244332	0
head	c	internal/oracle/testdata/route_targets_recursive.a	1791554964.246212	1791554964.301591	0
base	c	internal/oracle/testdata/route_targets_sort_values.a	1791554964.306537	1791554964.363941	0
head	c	internal/oracle/testdata/route_targets_sort_values.a	1791554964.365814	1791554964.418592	0
base	c	internal/oracle/testdata/route_targets_try_loop.a	1791554964.422676	1791554964.476744	0
head	c	internal/oracle/testdata/route_targets_try_loop.a	1791554964.478471	1791554964.530714	0
base	c	internal/oracle/testdata/route_targets_unknown.a	1791554964.534719	1791554964.589825	0
head	c	internal/oracle/testdata/route_targets_unknown.a	1791554964.591603	1791554964.650399	0
base	c	internal/oracle/testdata/route_targets_virtual_fresh.a	1791554964.654460	1791554964.708040	0
head	c	internal/oracle/testdata/route_targets_virtual_fresh.a	1791554964.710709	1791554964.766632	0
base	c	internal/oracle/testdata/runtime_last_index_of.a	1791554964.772267	1791554964.823022	0
head	c	internal/oracle/testdata/runtime_last_index_of.a	1791554964.824789	1791554964.876555	0
base	c	internal/oracle/testdata/scanner_nested_overload.a	1791554964.880934	1791554964.929313	0
head	c	internal/oracle/testdata/scanner_nested_overload.a	1791554964.931291	1791554964.979950	0
base	c	internal/oracle/testdata/search_from.a	1791554964.984307	1791554965.036861	0
head	c	internal/oracle/testdata/search_from.a	1791554965.038856	1791554965.093921	0
base	c	internal/oracle/testdata/search_from_sweep.a	1791554965.098235	1791554965.149030	0
head	c	internal/oracle/testdata/search_from_sweep.a	1791554965.150644	1791554965.198655	0
base	c	internal/oracle/testdata/search_halves.a	1791554965.203329	1791554965.253015	0
head	c	internal/oracle/testdata/search_halves.a	1791554965.254728	1791554965.308234	0
base	c	internal/oracle/testdata/searches.a	1791554965.312412	1791554965.368225	0
head	c	internal/oracle/testdata/searches.a	1791554965.370066	1791554965.426170	0
base	c	internal/oracle/testdata/self_assignments.a	1791554965.430403	1791554965.478742	0
head	c	internal/oracle/testdata/self_assignments.a	1791554965.480484	1791554965.526933	0
base	c	internal/oracle/testdata/set_foreach_arrays.a	1791554965.531040	1791554965.585561	0
head	c	internal/oracle/testdata/set_foreach_arrays.a	1791554965.588131	1791554965.640296	0
base	c	internal/oracle/testdata/set_foreach_closures.a	1791554965.644586	1791554965.709513	0
head	c	internal/oracle/testdata/set_foreach_closures.a	1791554965.711410	1791554965.765059	0
base	c	internal/oracle/testdata/set_foreach_fnexpr.a	1791554965.769958	1791554965.820541	0
head	c	internal/oracle/testdata/set_foreach_fnexpr.a	1791554965.822918	1791554965.874474	0
base	c	internal/oracle/testdata/set_foreach_keep.a	1791554965.879222	1791554965.934773	0
head	c	internal/oracle/testdata/set_foreach_keep.a	1791554965.936753	1791554965.987562	0
base	c	internal/oracle/testdata/set_foreach_keys.a	1791554965.991437	1791554966.046062	0
head	c	internal/oracle/testdata/set_foreach_keys.a	1791554966.048074	1791554966.101483	0
base	c	internal/oracle/testdata/set_foreach_named_closures.a	1791554966.105784	1791554966.167463	0
head	c	internal/oracle/testdata/set_foreach_named_closures.a	1791554966.169356	1791554966.229883	0
base	c	internal/oracle/testdata/set_foreach_named_keys.a	1791554966.234246	1791554966.289672	0
head	c	internal/oracle/testdata/set_foreach_named_keys.a	1791554966.291615	1791554966.345156	0
base	c	internal/oracle/testdata/set_foreach_named_more.a	1791554966.350436	1791554966.401636	0
head	c	internal/oracle/testdata/set_foreach_named_more.a	1791554966.403538	1791554966.455227	0
base	c	internal/oracle/testdata/set_foreach_named_objects.a	1791554966.459355	1791554966.516521	0
head	c	internal/oracle/testdata/set_foreach_named_objects.a	1791554966.518288	1791554966.573334	0
base	c	internal/oracle/testdata/set_foreach_numbers.a	1791554966.577447	1791554966.627909	0
head	c	internal/oracle/testdata/set_foreach_numbers.a	1791554966.629799	1791554966.680158	0
base	c	internal/oracle/testdata/set_foreach_objects.a	1791554966.684127	1791554966.736219	0
head	c	internal/oracle/testdata/set_foreach_objects.a	1791554966.738025	1791554966.789999	0
base	c	internal/oracle/testdata/set_maybe_numbers.a	1791554966.794036	1791554966.842694	0
head	c	internal/oracle/testdata/set_maybe_numbers.a	1791554966.844652	1791554966.894384	0
base	c	internal/oracle/testdata/set_undefined.a	1791554966.898436	1791554966.946124	0
head	c	internal/oracle/testdata/set_undefined.a	1791554966.948622	1791554966.998355	0
base	c	internal/oracle/testdata/sets.a	1791554967.002592	1791554967.060352	0
head	c	internal/oracle/testdata/sets.a	1791554967.062109	1791554967.121286	0
base	c	internal/oracle/testdata/shadowing.a	1791554967.125490	1791554967.169887	0
head	c	internal/oracle/testdata/shadowing.a	1791554967.171806	1791554967.220629	0
base	c	internal/oracle/testdata/shared_slice_append.a	1791554967.225311	1791554967.280301	0
head	c	internal/oracle/testdata/shared_slice_append.a	1791554967.282031	1791554967.340241	0
base	c	internal/oracle/testdata/shared_slices.a	1791554967.344321	1791554967.399161	0
head	c	internal/oracle/testdata/shared_slices.a	1791554967.400915	1791554967.458404	0
base	c	internal/oracle/testdata/size_class_churn.a	1791554967.462413	1791554967.512701	0
head	c	internal/oracle/testdata/size_class_churn.a	1791554967.514622	1791554967.564356	0
base	c	internal/oracle/testdata/sort_releases.a	1791554967.568551	1791554967.617008	0
head	c	internal/oracle/testdata/sort_releases.a	1791554967.618718	1791554967.666976	0
base	c	internal/oracle/testdata/sort_top_level.a	1791554967.670983	1791554967.722172	0
head	c	internal/oracle/testdata/sort_top_level.a	1791554967.724408	1791554967.778291	0
base	c	internal/oracle/testdata/sorting.a	1791554967.782448	1791554967.834038	0
head	c	internal/oracle/testdata/sorting.a	1791554967.835805	1791554967.893383	0
base	c	internal/oracle/testdata/sorts.a	1791554967.898051	1791554967.950965	0
head	c	internal/oracle/testdata/sorts.a	1791554967.952766	1791554968.015801	0
base	c	internal/oracle/testdata/splice_empty.a	1791554968.019914	1791554968.067322	0
head	c	internal/oracle/testdata/splice_empty.a	1791554968.069139	1791554968.116673	0
base	c	internal/oracle/testdata/splices.a	1791554968.120832	1791554968.174646	0
head	c	internal/oracle/testdata/splices.a	1791554968.176480	1791554968.228046	0
base	c	internal/oracle/testdata/spread_calls.a	1791554968.231942	1791554968.281686	0
head	c	internal/oracle/testdata/spread_calls.a	1791554968.283671	1791554968.336326	0
base	c	internal/oracle/testdata/spread_snapshot.a	1791554968.340437	1791554968.394785	0
head	c	internal/oracle/testdata/spread_snapshot.a	1791554968.397231	1791554968.447968	0
base	c	internal/oracle/testdata/spread_undefined.a	1791554968.452014	1791554968.501474	0
head	c	internal/oracle/testdata/spread_undefined.a	1791554968.503900	1791554968.557597	0
base	c	internal/oracle/testdata/spreads.a	1791554968.561824	1791554968.614963	0
head	c	internal/oracle/testdata/spreads.a	1791554968.616842	1791554968.666149	0
base	c	internal/oracle/testdata/stack_forever.a	1791554968.670278	1791554968.718214	0
head	c	internal/oracle/testdata/stack_forever.a	1791554968.719981	1791554968.767805	0
base	c	internal/oracle/testdata/stack_over.a	1791554968.771936	1791554968.819683	0
head	c	internal/oracle/testdata/stack_over.a	1791554968.822014	1791554968.868695	0
base	c	internal/oracle/testdata/stack_overflow.a	1791554968.873231	1791554968.927402	0
head	c	internal/oracle/testdata/stack_overflow.a	1791554968.929274	1791554968.977842	0
base	c	internal/oracle/testdata/stack_tail_call.a	1791554968.981614	1791554969.027896	0
head	c	internal/oracle/testdata/stack_tail_call.a	1791554969.029833	1791554969.074149	0
base	c	internal/oracle/testdata/statements_small_parameters.a	1791554969.079300	1791554969.132148	0
head	c	internal/oracle/testdata/statements_small_parameters.a	1791554969.133868	1791554969.189085	0
base	c	internal/oracle/testdata/statements_small_prefix.a	1791554969.193738	1791554969.246337	0
head	c	internal/oracle/testdata/statements_small_prefix.a	1791554969.248087	1791554969.297003	0
base	c	internal/oracle/testdata/statements_small_throw.a	1791554969.301389	1791554969.349386	0
head	c	internal/oracle/testdata/statements_small_throw.a	1791554969.351096	1791554969.396454	0
base	c	internal/oracle/testdata/status_of_stdout.a	1791554969.400649	1791554969.446584	0
head	c	internal/oracle/testdata/status_of_stdout.a	1791554969.448334	1791554969.496843	0
base	c	internal/oracle/testdata/string_append.a	1791554969.500988	1791554969.560337	0
head	c	internal/oracle/testdata/string_append.a	1791554969.561908	1791554969.624960	0
base	c	internal/oracle/testdata/string_build_boundaries.a	1791554969.629340	1791554969.683097	0
head	c	internal/oracle/testdata/string_build_boundaries.a	1791554969.684765	1791554969.736991	0
base	c	internal/oracle/testdata/string_build_cached_reads.a	1791554969.741763	1791554969.798254	0
head	c	internal/oracle/testdata/string_build_cached_reads.a	1791554969.800051	1791554969.857372	0
base	c	internal/oracle/testdata/string_build_caches.a	1791554969.862454	1791554969.916328	0
head	c	internal/oracle/testdata/string_build_caches.a	1791554969.918282	1791554969.964504	0
base	c	internal/oracle/testdata/string_build_calls.a	1791554969.969014	1791554970.023585	0
head	c	internal/oracle/testdata/string_build_calls.a	1791554970.025572	1791554970.076652	0
base	c	internal/oracle/testdata/string_build_join.a	1791554970.081535	1791554970.135574	0
head	c	internal/oracle/testdata/string_build_join.a	1791554970.137344	1791554970.187576	0
base	c	internal/oracle/testdata/string_build_padding.a	1791554970.192823	1791554970.242888	0
head	c	internal/oracle/testdata/string_build_padding.a	1791554970.245087	1791554970.298299	0
base	c	internal/oracle/testdata/string_build_repeat.a	1791554970.302649	1791554970.355216	0
head	c	internal/oracle/testdata/string_build_repeat.a	1791554970.357105	1791554970.410482	0
base	c	internal/oracle/testdata/string_index.a	1791554970.414570	1791554970.465509	0
head	c	internal/oracle/testdata/string_index.a	1791554970.467160	1791554970.517562	0
base	c	internal/oracle/testdata/string_limits.a	1791554970.521783	1791554970.574169	0
head	c	internal/oracle/testdata/string_limits.a	1791554970.575944	1791554970.625650	0
base	c	internal/oracle/testdata/string_positions.a	1791554970.630251	1791554970.693429	0
head	c	internal/oracle/testdata/string_positions.a	1791554970.695372	1791554970.755296	0
base	c	internal/oracle/testdata/string_too_long.a	1791554970.759715	1791554970.815664	0
head	c	internal/oracle/testdata/string_too_long.a	1791554970.817791	1791554970.870991	0
base	c	internal/oracle/testdata/string_views_calls.a	1791554970.876030	1791554970.932386	0
head	c	internal/oracle/testdata/string_views_calls.a	1791554970.934096	1791554970.993740	0
base	c	internal/oracle/testdata/string_views_characters.a	1791554970.998488	1791554971.053744	0
head	c	internal/oracle/testdata/string_views_characters.a	1791554971.055779	1791554971.111328	0
base	c	internal/oracle/testdata/string_views_holders.a	1791554971.115959	1791554971.170514	0
head	c	internal/oracle/testdata/string_views_holders.a	1791554971.172448	1791554971.228163	0
base	c	internal/oracle/testdata/string_views_lifetime.a	1791554971.233380	1791554971.286843	0
head	c	internal/oracle/testdata/string_views_lifetime.a	1791554971.288817	1791554971.346952	0
base	c	internal/oracle/testdata/string_views_loops.a	1791554971.351306	1791554971.406485	0
head	c	internal/oracle/testdata/string_views_loops.a	1791554971.408524	1791554971.464803	0
base	c	internal/oracle/testdata/string_views_methods.a	1791554971.469166	1791554971.525714	0
head	c	internal/oracle/testdata/string_views_methods.a	1791554971.527595	1791554971.582273	0
base	c	internal/oracle/testdata/string_views_policy.a	1791554971.586597	1791554971.644510	0
head	c	internal/oracle/testdata/string_views_policy.a	1791554971.646444	1791554971.702721	0
base	c	internal/oracle/testdata/string_views_surrogates.a	1791554971.707027	1791554971.765914	0
head	c	internal/oracle/testdata/string_views_surrogates.a	1791554971.767872	1791554971.818167	0
base	c	internal/oracle/testdata/string_views_throw.a	1791554971.823669	1791554971.880858	0
head	c	internal/oracle/testdata/string_views_throw.a	1791554971.882808	1791554971.943689	0
base	c	internal/oracle/testdata/strings.a	1791554971.948839	1791554972.000542	0
head	c	internal/oracle/testdata/strings.a	1791554972.002433	1791554972.053449	0
base	c	internal/oracle/testdata/strings_more.a	1791554972.057967	1791554972.114712	0
head	c	internal/oracle/testdata/strings_more.a	1791554972.116692	1791554972.170536	0
base	c	internal/oracle/testdata/structural_statics_generic.a	1791554972.174672	1791554972.243040	0
head	c	internal/oracle/testdata/structural_statics_generic.a	1791554972.244806	1791554972.299977	0
base	c	internal/oracle/testdata/structural_statics_inherited.a	1791554972.304918	1791554972.360762	0
head	c	internal/oracle/testdata/structural_statics_inherited.a	1791554972.362663	1791554972.418126	0
base	c	internal/oracle/testdata/structural_statics_instance.a	1791554972.422577	1791554972.474753	0
head	c	internal/oracle/testdata/structural_statics_instance.a	1791554972.476630	1791554972.525987	0
base	c	internal/oracle/testdata/structural_statics_mixed.a	1791554972.530315	1791554972.582692	0
head	c	internal/oracle/testdata/structural_statics_mixed.a	1791554972.584671	1791554972.637248	0
base	c	internal/oracle/testdata/structural_statics_optional.a	1791554972.641401	1791554972.689597	0
head	c	internal/oracle/testdata/structural_statics_optional.a	1791554972.691771	1791554972.738981	0
base	c	internal/oracle/testdata/structural_statics_static.a	1791554972.743313	1791554972.790968	0
head	c	internal/oracle/testdata/structural_statics_static.a	1791554972.793051	1791554972.838906	0
base	c	internal/oracle/testdata/switch_empty_neighbors.a	1791554972.843410	1791554972.891261	0
head	c	internal/oracle/testdata/switch_empty_neighbors.a	1791554972.893135	1791554972.939275	0
base	c	internal/oracle/testdata/syntax_module_declarations.a	1791554972.943790	1791554972.991920	0
head	c	internal/oracle/testdata/syntax_module_declarations.a	1791554972.993814	1791554973.047066	0
base	c	internal/oracle/testdata/syntax_substr.a	1791554973.051533	1791554973.105872	0
head	c	internal/oracle/testdata/syntax_substr.a	1791554973.107902	1791554973.164518	0
base	c	internal/oracle/testdata/taste_comma.a	1791554973.169787	1791554973.222550	0
head	c	internal/oracle/testdata/taste_comma.a	1791554973.224375	1791554973.278581	0
base	c	internal/oracle/testdata/taste_labels.a	1791554973.282789	1791554973.335576	0
head	c	internal/oracle/testdata/taste_labels.a	1791554973.337386	1791554973.393585	0
base	c	internal/oracle/testdata/taste_logical_assignment.a	1791554973.397517	1791554973.458363	0
head	c	internal/oracle/testdata/taste_logical_assignment.a	1791554973.460634	1791554973.520282	0
base	c	internal/oracle/testdata/taste_optional_join.a	1791554973.524644	1791554973.574503	0
head	c	internal/oracle/testdata/taste_optional_join.a	1791554973.576367	1791554973.627929	0
base	c	internal/oracle/testdata/taste_stage3_representations.a	1791554973.632160	1791554973.689680	0
head	c	internal/oracle/testdata/taste_stage3_representations.a	1791554973.691567	1791554973.745323	0
base	c	internal/oracle/testdata/taste_truthiness.a	1791554973.749697	1791554973.807576	0
head	c	internal/oracle/testdata/taste_truthiness.a	1791554973.809334	1791554973.865638	0
base	c	internal/oracle/testdata/taste_void.a	1791554973.869611	1791554973.920124	0
head	c	internal/oracle/testdata/taste_void.a	1791554973.921841	1791554973.967627	0
base	c	internal/oracle/testdata/throw_global_move.a	1791554973.972261	1791554974.028802	0
head	c	internal/oracle/testdata/throw_global_move.a	1791554974.030804	1791554974.082536	0
base	c	internal/oracle/testdata/throw_in_writes.a	1791554974.086790	1791554974.138891	0
head	c	internal/oracle/testdata/throw_in_writes.a	1791554974.140895	1791554974.195122	0
base	c	internal/oracle/testdata/throw_keeps_old_value.a	1791554974.199328	1791554974.250266	0
head	c	internal/oracle/testdata/throw_keeps_old_value.a	1791554974.252079	1791554974.301440	0
base	c	internal/oracle/testdata/throw_keeps_old_value_variants.a	1791554974.305474	1791554974.358151	0
head	c	internal/oracle/testdata/throw_keeps_old_value_variants.a	1791554974.359963	1791554974.413653	0
base	c	internal/oracle/testdata/timsort.a	1791554974.417694	1791554974.475364	0
head	c	internal/oracle/testdata/timsort.a	1791554974.477168	1791554974.537085	0
base	c	internal/oracle/testdata/trig_reduction.a	1791554974.541310	1791554974.591998	0
head	c	internal/oracle/testdata/trig_reduction.a	1791554974.593864	1791554974.648044	0
base	c	internal/oracle/testdata/try_assignments.a	1791554974.652278	1791554974.707016	0
head	c	internal/oracle/testdata/try_assignments.a	1791554974.708784	1791554974.761569	0
base	c	internal/oracle/testdata/tuple_values.a	1791554974.765986	1791554974.836676	0
head	c	internal/oracle/testdata/tuple_values.a	1791554974.838680	1791554974.904767	0
base	c	internal/oracle/testdata/tuples_kept.a	1791554974.909505	1791554974.961467	0
head	c	internal/oracle/testdata/tuples_kept.a	1791554974.963173	1791554975.017538	0
base	c	internal/oracle/testdata/typed_arrays_float64array.a	1791554975.021993	1791554975.076072	0
head	c	internal/oracle/testdata/typed_arrays_float64array.a	1791554975.077965	1791554975.127935	0
base	c	internal/oracle/testdata/typed_arrays_int32array.a	1791554975.131999	1791554975.184483	0
head	c	internal/oracle/testdata/typed_arrays_int32array.a	1791554975.186220	1791554975.241367	0
base	c	internal/oracle/testdata/typed_arrays_order.a	1791554975.245505	1791554975.301914	0
head	c	internal/oracle/testdata/typed_arrays_order.a	1791554975.303651	1791554975.356978	0
base	c	internal/oracle/testdata/typed_arrays_primes.a	1791554975.361109	1791554975.411279	0
head	c	internal/oracle/testdata/typed_arrays_primes.a	1791554975.413088	1791554975.465115	0
base	c	internal/oracle/testdata/typed_arrays_primes_large.a	1791554975.469494	1791554975.523674	0
head	c	internal/oracle/testdata/typed_arrays_primes_large.a	1791554975.525606	1791554975.578639	0
base	c	internal/oracle/testdata/typed_arrays_stats.a	1791554975.582570	1791554975.639899	0
head	c	internal/oracle/testdata/typed_arrays_stats.a	1791554975.641577	1791554975.695944	0
base	c	internal/oracle/testdata/typed_arrays_stop.a	1791554975.700405	1791554975.752161	0
head	c	internal/oracle/testdata/typed_arrays_stop.a	1791554975.754115	1791554975.808894	0
base	c	internal/oracle/testdata/typed_arrays_uint8array.a	1791554975.813236	1791554975.865852	0
head	c	internal/oracle/testdata/typed_arrays_uint8array.a	1791554975.868173	1791554975.922228	0
base	c	internal/oracle/testdata/typed_arrays_views.a	1791554975.926627	1791554975.984897	0
head	c	internal/oracle/testdata/typed_arrays_views.a	1791554975.986782	1791554976.046306	0
base	c	internal/oracle/testdata/typed_arrays_workers_stats.a	1791554976.050692	1791554976.123582	0
head	c	internal/oracle/testdata/typed_arrays_workers_stats.a	1791554976.125526	1791554976.199552	0
base	c	internal/oracle/testdata/typeof_dispatch.a	1791554976.203905	1791554976.257260	0
head	c	internal/oracle/testdata/typeof_dispatch.a	1791554976.258989	1791554976.314355	0
base	c	internal/oracle/testdata/typeof_null.a	1791554976.319584	1791554976.373112	0
head	c	internal/oracle/testdata/typeof_null.a	1791554976.375707	1791554976.427897	0
base	c	internal/oracle/testdata/typeof_null_compare.a	1791554976.432533	1791554976.487314	0
head	c	internal/oracle/testdata/typeof_null_compare.a	1791554976.489174	1791554976.546222	0
base	c	internal/oracle/testdata/typeof_null_roll.a	1791554976.551331	1791554976.600650	0
head	c	internal/oracle/testdata/typeof_null_roll.a	1791554976.602522	1791554976.656293	0
base	c	internal/oracle/testdata/typeof_null_slots.a	1791554976.660821	1791554976.715602	0
head	c	internal/oracle/testdata/typeof_null_slots.a	1791554976.717504	1791554976.772573	0
base	c	internal/oracle/testdata/typeof_null_switch.a	1791554976.777546	1791554976.832318	0
head	c	internal/oracle/testdata/typeof_null_switch.a	1791554976.834169	1791554976.890162	0
base	c	internal/oracle/testdata/typeof_string_literal.a	1791554976.894948	1791554976.947103	0
head	c	internal/oracle/testdata/typeof_string_literal.a	1791554976.949052	1791554977.003601	0
base	c	internal/oracle/testdata/undefined_elements.a	1791554977.008018	1791554977.063165	0
head	c	internal/oracle/testdata/undefined_elements.a	1791554977.065269	1791554977.121797	0
base	c	internal/oracle/testdata/undefined_keys.a	1791554977.126056	1791554977.184833	0
head	c	internal/oracle/testdata/undefined_keys.a	1791554977.186714	1791554977.245163	0
base	c	internal/oracle/testdata/undefined_references.a	1791554977.249644	1791554977.307878	0
head	c	internal/oracle/testdata/undefined_references.a	1791554977.309965	1791554977.364021	0
base	c	internal/oracle/testdata/undefined_strings.a	1791554977.368541	1791554977.425631	0
head	c	internal/oracle/testdata/undefined_strings.a	1791554977.428274	1791554977.485012	0
base	c	internal/oracle/testdata/unions.a	1791554977.489796	1791554977.555335	0
head	c	internal/oracle/testdata/unions.a	1791554977.557419	1791554977.622361	0
base	c	internal/oracle/testdata/unknown_narrowing.a	1791554977.626509	1791554977.688659	0
head	c	internal/oracle/testdata/unknown_narrowing.a	1791554977.690508	1791554977.754008	0
base	c	internal/oracle/testdata/unknown_narrowing_host.a	1791554977.758291	1791554977.776804	1
head	c	internal/oracle/testdata/unknown_narrowing_host.a	1791554977.778453	1791554977.797284	1
base	c	internal/oracle/testdata/unused_parameters.a	1791554977.801169	1791554977.854938	0
head	c	internal/oracle/testdata/unused_parameters.a	1791554977.856630	1791554977.911275	0
base	c	internal/oracle/testdata/updates.a	1791554977.916233	1791554977.979587	0
head	c	internal/oracle/testdata/updates.a	1791554977.981600	1791554978.040324	0
base	c	internal/oracle/testdata/user_iterators.a	1791554978.044923	1791554978.692364	0
head	c	internal/oracle/testdata/user_iterators.a	1791554978.694687	1791554979.361978	0
base	c	internal/oracle/testdata/user_iterators_rest_tdz.a	1791554979.366600	1791554979.419930	0
head	c	internal/oracle/testdata/user_iterators_rest_tdz.a	1791554979.421834	1791554979.473622	0
base	c	internal/oracle/testdata/utf8_sweep.a	1791554979.478890	1791554979.532039	0
head	c	internal/oracle/testdata/utf8_sweep.a	1791554979.533917	1791554979.583271	0
base	c	internal/oracle/testdata/utf8_view.a	1791554979.587601	1791554979.640510	0
head	c	internal/oracle/testdata/utf8_view.a	1791554979.642310	1791554979.699993	0
base	c	internal/oracle/testdata/utf8_view_fails.a	1791554979.704325	1791554979.753659	0
head	c	internal/oracle/testdata/utf8_view_fails.a	1791554979.755566	1791554979.808007	0
base	c	internal/oracle/testdata/visits.a	1791554979.812224	1791554979.876755	0
head	c	internal/oracle/testdata/visits.a	1791554979.878551	1791554979.942995	0
base	c	internal/oracle/testdata/walk.a	1791554979.947133	1791554980.004598	0
head	c	internal/oracle/testdata/walk.a	1791554980.006415	1791554980.063734	0
base	c	internal/oracle/testdata/weak_narrowed.a	1791554980.068142	1791554980.122684	0
head	c	internal/oracle/testdata/weak_narrowed.a	1791554980.124722	1791554980.178879	0
base	c	internal/oracle/testdata/weak_parent.a	1791554980.183366	1791554980.251358	0
head	c	internal/oracle/testdata/weak_parent.a	1791554980.253135	1791554980.317641	0
base	c	internal/oracle/testdata/write_after_shrink.a	1791554980.321768	1791554980.372505	0
head	c	internal/oracle/testdata/write_after_shrink.a	1791554980.374332	1791554980.428852	0
base	c	internal/oracle/testdata/write_files.a	1791554980.433921	1791554980.487280	0
head	c	internal/oracle/testdata/write_files.a	1791554980.489214	1791554980.546368	0
base	c	internal/oracle/testdata/write_stderr_order.a	1791554980.550751	1791554980.604105	0
head	c	internal/oracle/testdata/write_stderr_order.a	1791554980.605912	1791554980.665692	0
base	c	internal/oracle/testdata/write_stdout_order.a	1791554980.669850	1791554980.723743	0
head	c	internal/oracle/testdata/write_stdout_order.a	1791554980.725581	1791554980.778764	0
base	c	internal/oracle/testdata/writes.a	1791554980.783569	1791554980.840285	0
head	c	internal/oracle/testdata/writes.a	1791554980.842179	1791554980.896755	0
base	c	internal/oracle/testdata/writes_in_try.a	1791554980.901164	1791554980.958293	0
head	c	internal/oracle/testdata/writes_in_try.a	1791554980.960242	1791554981.015891	0
base	c	internal/oracle/testdata/writes_past_end.a	1791554981.020377	1791554981.072751	0
head	c	internal/oracle/testdata/writes_past_end.a	1791554981.074454	1791554981.127050	0
base	c	stage1/cohere/css/gaps/1_regex_and_value_tree.ts	1791554981.131146	1791554982.637655	0
head	c	stage1/cohere/css/gaps/1_regex_and_value_tree.ts	1791554982.639824	1791554984.153920	0
base	c	stage1/cohere/css/gaps/2_array_shift.ts	1791554984.158311	1791554984.208445	1
head	c	stage1/cohere/css/gaps/2_array_shift.ts	1791554984.210743	1791554984.266066	1
base	c	stage1/cohere/css/gaps/3_optional_boolean_condition.ts	1791554984.270019	1791554984.324691	0
head	c	stage1/cohere/css/gaps/3_optional_boolean_condition.ts	1791554984.326269	1791554984.376510	0
base	c	stage1/cohere/css/gaps/4_empty_array_union.ts	1791554984.380668	1791554984.436835	0
head	c	stage1/cohere/css/gaps/4_empty_array_union.ts	1791554984.439459	1791554984.493816	0
base	c	stage1/cohere/css/gaps/5_repeat_in_try.ts	1791554984.497998	1791554984.550868	1
head	c	stage1/cohere/css/gaps/5_repeat_in_try.ts	1791554984.552822	1791554984.608578	1
base	c	stage1/cohere/css/gaps/6_printer_regex_tree.ts	1791554984.613490	1791554984.782062	0
head	c	stage1/cohere/css/gaps/6_printer_regex_tree.ts	1791554984.784773	1791554984.965156	0
base	c	stage1/cohere/cssstrings/gaps/1_multi_push.ts	1791555004.998100	1791555005.056657	1
head	c	stage1/cohere/cssstrings/gaps/1_multi_push.ts	1791555005.058633	1791555005.107205	1
base	c	stage1/cohere/estree/gaps/cookedSurrogate.ts	1791555005.112420	1791555005.172239	1
head	c	stage1/cohere/estree/gaps/cookedSurrogate.ts	1791555005.173976	1791555005.234459	1
base	c	stage1/cohere/estree/gaps/crlf.ts	1791555005.238448	1791555005.295047	1
head	c	stage1/cohere/estree/gaps/crlf.ts	1791555005.296946	1791555005.349417	1
base	c	stage1/cohere/estree/gaps/interfaceDefault.ts	1791555045.402732	1791555045.452995	1
head	c	stage1/cohere/estree/gaps/interfaceDefault.ts	1791555045.454715	1791555045.503565	1
base	c	stage1/cohere/estree/gaps/interfaceTypeMethod.ts	1791555045.507679	1791555045.558267	1
head	c	stage1/cohere/estree/gaps/interfaceTypeMethod.ts	1791555045.560151	1791555045.608889	1
base	c	stage1/cohere/estree/gaps/lineSeparator.ts	1791555045.612936	1791555045.661369	1
head	c	stage1/cohere/estree/gaps/lineSeparator.ts	1791555045.663079	1791555045.713349	1
base	c	stage1/cohere/estree/gaps/methodReplacement.ts	1791555045.717381	1791555045.768150	1
head	c	stage1/cohere/estree/gaps/methodReplacement.ts	1791555045.769879	1791555045.821967	1
base	c	stage1/cohere/estree/gaps/nbsp.ts	1791555045.826699	1791555045.878516	1
head	c	stage1/cohere/estree/gaps/nbsp.ts	1791555045.880449	1791555045.927966	1
base	c	stage1/cohere/estree/gaps/parserRecovery.ts	1791555045.932439	1791555052.640311	0
head	c	stage1/cohere/estree/gaps/parserRecovery.ts	1791555052.642759	1791555059.574800	0
base	c	stage1/cohere/estree/gaps/postfixValue.ts	1791555079.602550	1791555079.650241	1
head	c	stage1/cohere/estree/gaps/postfixValue.ts	1791555079.652127	1791555079.701824	1
base	c	stage1/cohere/estree/gaps/rawInput.ts	1791555079.705904	1791555079.757027	0
head	c	stage1/cohere/estree/gaps/rawInput.ts	1791555079.758765	1791555079.811214	0
base	c	stage1/cohere/gitignore/gaps/1_from_char_code.ts	1791555099.831401	1791555099.878957	0
head	c	stage1/cohere/gitignore/gaps/1_from_char_code.ts	1791555099.880845	1791555099.927398	0
base	c	stage1/cohere/gitignore/gaps/2_bitwise.ts	1791555099.931564	1791555099.979342	0
head	c	stage1/cohere/gitignore/gaps/2_bitwise.ts	1791555099.981264	1791555100.031243	0
base	c	stage1/cohere/gitignore/gaps/3_later_function.ts	1791555100.037164	1791555100.085965	0
head	c	stage1/cohere/gitignore/gaps/3_later_function.ts	1791555100.087743	1791555100.145750	0
base	c	stage1/cohere/gitignore/gaps/3_later_method.ts	1791555100.149773	1791555100.200451	0
head	c	stage1/cohere/gitignore/gaps/3_later_method.ts	1791555100.202398	1791555100.251068	0
base	c	stage1/cohere/gitignore/gaps/4_function_value.ts	1791555100.255151	1791555100.301403	0
head	c	stage1/cohere/gitignore/gaps/4_function_value.ts	1791555100.303352	1791555100.350397	0
base	c	stage1/cohere/gitignore/gaps/5_array_from.ts	1791555100.354653	1791555100.403720	0
head	c	stage1/cohere/gitignore/gaps/5_array_from.ts	1791555100.405727	1791555100.452971	0
base	c	stage1/cohere/gitignore/gaps/6_boolean_element.ts	1791555100.458129	1791555100.506063	0
head	c	stage1/cohere/gitignore/gaps/6_boolean_element.ts	1791555100.507922	1791555100.554896	0
base	c	stage1/cohere/gitignore/gaps/7_maybe_number_compared.ts	1791555100.558951	1791555100.604989	0
head	c	stage1/cohere/gitignore/gaps/7_maybe_number_compared.ts	1791555100.606859	1791555100.655553	0
base	c	stage1/cohere/gitignore/gaps/8_tuple_value.ts	1791555100.661573	1791555100.707141	0
head	c	stage1/cohere/gitignore/gaps/8_tuple_value.ts	1791555100.708913	1791555100.769351	0
base	c	stage1/cohere/gitignore/gaps/9_return_panic.ts	1791555100.773362	1791555100.819067	0
head	c	stage1/cohere/gitignore/gaps/9_return_panic.ts	1791555100.820865	1791555100.870761	0
base	c	stage1/cohere/graphql/gaps/1_throwing_function_value.ts	1791555100.874606	1791555100.925612	0
head	c	stage1/cohere/graphql/gaps/1_throwing_function_value.ts	1791555100.927543	1791555100.981678	0
base	c	stage1/cohere/graphql/gaps/2_error_made_elsewhere.ts	1791555100.985964	1791555101.035972	1
head	c	stage1/cohere/graphql/gaps/2_error_made_elsewhere.ts	1791555101.037832	1791555101.089246	1
base	c	stage1/cohere/json/gaps/emptyFallback.ts	1791555101.093225	1791555101.141442	0
head	c	stage1/cohere/json/gaps/emptyFallback.ts	1791555101.143643	1791555101.192813	0
base	c	stage1/cohere/json/gaps/multiplePush.ts	1791555101.196956	1791555101.244244	1
head	c	stage1/cohere/json/gaps/multiplePush.ts	1791555101.246279	1791555101.295320	1
base	c	stage1/cohere/json/gaps/repeatInTry.ts	1791555101.299611	1791555101.347403	1
head	c	stage1/cohere/json/gaps/repeatInTry.ts	1791555101.349402	1791555101.395577	1
base	c	stage1/cohere/lint/gaps/1_nested_constructor.ts	1791555101.399429	1791555101.445500	1
head	c	stage1/cohere/lint/gaps/1_nested_constructor.ts	1791555101.447407	1791555101.492776	1
base	c	stage1/cohere/lint/gaps/2_optional_index.ts	1791555101.496984	1791555101.547846	0
head	c	stage1/cohere/lint/gaps/2_optional_index.ts	1791555101.549634	1791555101.596600	0
base	c	stage1/cohere/lint/gaps/3_numeric_or.ts	1791555101.600732	1791555101.648154	0
head	c	stage1/cohere/lint/gaps/3_numeric_or.ts	1791555101.649975	1791555101.695777	0
base	c	stage1/cohere/lint/gaps/4_last_index_position.ts	1791555101.699459	1791555101.744058	0
head	c	stage1/cohere/lint/gaps/4_last_index_position.ts	1791555101.746074	1791555101.795787	0
base	c	stage1/cohere/lint/gaps/5_parser_recovery.ts	1791555101.800474	1791555108.472472	0
head	c	stage1/cohere/lint/gaps/5_parser_recovery.ts	1791555108.474703	1791555115.251885	0
base	c	stage1/cohere/markdownblocks/gaps/10_multiple_push.ts	1791555115.257060	1791555115.306255	1
head	c	stage1/cohere/markdownblocks/gaps/10_multiple_push.ts	1791555115.308176	1791555115.357432	1
base	c	stage1/cohere/markdownblocks/gaps/11_function_expression.ts	1791555115.361423	1791555115.410408	0
head	c	stage1/cohere/markdownblocks/gaps/11_function_expression.ts	1791555115.412467	1791555115.457878	0
base	c	stage1/cohere/markdownblocks/gaps/12_conditional_empty_array.ts	1791555115.462029	1791555115.508321	0
head	c	stage1/cohere/markdownblocks/gaps/12_conditional_empty_array.ts	1791555115.510175	1791555115.558366	0
base	c	stage1/cohere/markdownblocks/gaps/13_array_growth.ts	1791555115.562692	1791555115.610458	0
head	c	stage1/cohere/markdownblocks/gaps/13_array_growth.ts	1791555115.612959	1791555115.660566	0
base	c	stage1/cohere/markdownblocks/gaps/14_missing_path_key.ts	1791555115.664521	1791555115.770076	0
head	c	stage1/cohere/markdownblocks/gaps/14_missing_path_key.ts	1791555115.772342	1791555115.875564	0
base	c	stage1/cohere/markdownblocks/gaps/15_string_or.ts	1791555115.879957	1791555115.929275	0
head	c	stage1/cohere/markdownblocks/gaps/15_string_or.ts	1791555115.931138	1791555115.979915	0
base	c	stage1/cohere/markdownblocks/gaps/16_array_shift.ts	1791555115.984648	1791555116.035993	1
head	c	stage1/cohere/markdownblocks/gaps/16_array_shift.ts	1791555116.037753	1791555116.084501	1
base	c	stage1/cohere/markdownblocks/gaps/17_long_optional_chain.ts	1791555116.088845	1791555116.138612	1
head	c	stage1/cohere/markdownblocks/gaps/17_long_optional_chain.ts	1791555116.140635	1791555116.193085	1
base	c	stage1/cohere/markdownblocks/gaps/1_recursive_state.ts	1791555116.197721	1791555116.246560	0
head	c	stage1/cohere/markdownblocks/gaps/1_recursive_state.ts	1791555116.248509	1791555116.301909	0
base	c	stage1/cohere/markdownblocks/gaps/2_state_arrow_cycle.ts	1791555116.306771	1791555116.357448	1
head	c	stage1/cohere/markdownblocks/gaps/2_state_arrow_cycle.ts	1791555116.359376	1791555116.416798	1
base	c	stage1/cohere/markdownblocks/gaps/3_recursive_callable.ts	1791555116.421907	1791555116.471220	0
head	c	stage1/cohere/markdownblocks/gaps/3_recursive_callable.ts	1791555116.473529	1791555116.523687	0
base	c	stage1/cohere/markdownblocks/gaps/4_structural_ranges.ts	1791555116.527967	1791555116.581253	1
head	c	stage1/cohere/markdownblocks/gaps/4_structural_ranges.ts	1791555116.583092	1791555116.633142	1
base	c	stage1/cohere/markdownblocks/gaps/5_conditional_panic.ts	1791555116.637362	1791555116.683875	0
head	c	stage1/cohere/markdownblocks/gaps/5_conditional_panic.ts	1791555116.685658	1791555116.733940	0
base	c	stage1/cohere/markdownblocks/gaps/6_uninitialized_optional_string.ts	1791555116.737877	1791555116.783319	0
head	c	stage1/cohere/markdownblocks/gaps/6_uninitialized_optional_string.ts	1791555116.786323	1791555116.833507	0
base	c	stage1/cohere/markdownblocks/gaps/7_postfix_property.ts	1791555116.837694	1791555116.886602	1
head	c	stage1/cohere/markdownblocks/gaps/7_postfix_property.ts	1791555116.888434	1791555116.937535	1
base	c	stage1/cohere/markdownblocks/gaps/8_generic_callback_result.ts	1791555116.941718	1791555116.988344	1
head	c	stage1/cohere/markdownblocks/gaps/8_generic_callback_result.ts	1791555116.990233	1791555117.040860	1
base	c	stage1/cohere/markdownblocks/gaps/9_mixed_path_names.ts	1791555117.044990	1791555117.090049	1
head	c	stage1/cohere/markdownblocks/gaps/9_mixed_path_names.ts	1791555117.091906	1791555117.141588	1
base	c	stage1/cohere/markdowninline/gaps/1_delimiter_expression.ts	1791555117.145650	1791555117.191894	0
head	c	stage1/cohere/markdowninline/gaps/1_delimiter_expression.ts	1791555117.193653	1791555117.239876	0
base	c	stage1/cohere/mediaquery/gaps/1_generic_parameter.ts	1791555117.244000	1791555117.288062	0
head	c	stage1/cohere/mediaquery/gaps/1_generic_parameter.ts	1791555117.289894	1791555117.339112	0
base	c	stage1/cohere/mediaquery/gaps/1_generic_return.ts	1791555117.343038	1791555117.388662	0
head	c	stage1/cohere/mediaquery/gaps/1_generic_return.ts	1791555117.390620	1791555117.439115	0
base	c	stage1/cohere/mediaquery/gaps/2_return_undefined.ts	1791555117.444400	1791555117.489915	0
head	c	stage1/cohere/mediaquery/gaps/2_return_undefined.ts	1791555117.492386	1791555117.542680	0
base	c	stage1/cohere/mediaquery/gaps/3_optional_chaining_array.ts	1791555117.546802	1791555117.595781	0
head	c	stage1/cohere/mediaquery/gaps/3_optional_chaining_array.ts	1791555117.597621	1791555117.646700	0
base	c	stage1/cohere/mediaquery/gaps/4_mutable_child_array.ts	1791555117.650811	1791555117.699443	0
head	c	stage1/cohere/mediaquery/gaps/4_mutable_child_array.ts	1791555117.701542	1791555117.751224	0
base	c	stage1/cohere/mediaquery/gaps/5_local_children_array.ts	1791555117.755313	1791555117.805438	0
head	c	stage1/cohere/mediaquery/gaps/5_local_children_array.ts	1791555117.807417	1791555117.855089	0
base	c	stage1/cohere/selector/gaps/1_multiple_push.ts	1791555117.860453	1791555117.908551	1
head	c	stage1/cohere/selector/gaps/1_multiple_push.ts	1791555117.910442	1791555117.959274	1
base	c	stage1/cohere/selector/gaps/2_mixed_field.ts	1791555117.963430	1791555118.011972	1
head	c	stage1/cohere/selector/gaps/2_mixed_field.ts	1791555118.013890	1791555118.059572	1
base	c	stage1/cohere/selector/gaps/3_optional_boolean.ts	1791555118.063620	1791555118.112255	1
head	c	stage1/cohere/selector/gaps/3_optional_boolean.ts	1791555118.114059	1791555118.161016	1
base	c	stage1/cohere/selector/gaps/4_array_from_iterator.ts	1791555118.165143	1791555118.212380	1
head	c	stage1/cohere/selector/gaps/4_array_from_iterator.ts	1791555118.214164	1791555118.260287	1
base	c	stage1/cohere/selector/gaps/5_conditional_panic.ts	1791555118.264128	1791555118.313372	0
head	c	stage1/cohere/selector/gaps/5_conditional_panic.ts	1791555118.315174	1791555118.365609	0
base	c	stage1/cohere/selector/gaps/6_undefined_case.ts	1791555118.370883	1791555118.417673	1
head	c	stage1/cohere/selector/gaps/6_undefined_case.ts	1791555118.419531	1791555118.463287	1
base	c	stage1/cohere/static_single_assignment/gaps/1_block_arrow_returning_class.ts	1791555118.468440	1791555118.515256	1
head	c	stage1/cohere/static_single_assignment/gaps/1_block_arrow_returning_class.ts	1791555118.517148	1791555118.564269	1
base	c	stage1/cohere/static_single_assignment/gaps/2_call_through_optional_chain.ts	1791555118.568301	1791555118.614600	1
head	c	stage1/cohere/static_single_assignment/gaps/2_call_through_optional_chain.ts	1791555118.616519	1791555118.661958	1
base	c	stage1/cohere/suppression/gaps/1_mutual_recursion.ts	1791555118.665968	1791555118.711362	0
head	c	stage1/cohere/suppression/gaps/1_mutual_recursion.ts	1791555118.714361	1791555118.761317	0
base	c	stage1/cohere/suppression/gaps/2_return_undefined_array.ts	1791555118.765482	1791555118.814346	0
head	c	stage1/cohere/suppression/gaps/2_return_undefined_array.ts	1791555118.816139	1791555118.861485	0
base	c	stage1/cohere/tsprinter/gaps/defaultSort.ts	1791555118.866215	1791555118.913314	1
head	c	stage1/cohere/tsprinter/gaps/defaultSort.ts	1791555118.915079	1791555118.960972	1
base	c	stage1/cohere/tsprinter/gaps/prefixUpdateValue.ts	1791555118.965506	1791555119.012863	0
head	c	stage1/cohere/tsprinter/gaps/prefixUpdateValue.ts	1791555119.014767	1791555119.060554	0
base	c	stage1/cohere/values/gaps/1_index_of_position.ts	1791555119.064563	1791555119.112154	0
head	c	stage1/cohere/values/gaps/1_index_of_position.ts	1791555119.114075	1791555119.162364	0
base	c	stage1/cohere/values/gaps/2_boolean_or_undefined_field.ts	1791555119.166246	1791555119.216418	1
head	c	stage1/cohere/values/gaps/2_boolean_or_undefined_field.ts	1791555119.218860	1791555119.265535	1
base	c	stage1/cohere/values/gaps/3_case_constant.ts	1791555119.270049	1791555119.320576	0
head	c	stage1/cohere/values/gaps/3_case_constant.ts	1791555119.322406	1791555119.367996	0
base	c	stage1/cohere/values/gaps/4_private_method.ts	1791555119.371981	1791555119.421831	0
head	c	stage1/cohere/values/gaps/4_private_method.ts	1791555119.423690	1791555119.476916	0
base	c	stage1/cohere/values/gaps/5_empty_array_default.ts	1791555119.481108	1791555119.534973	0
head	c	stage1/cohere/values/gaps/5_empty_array_default.ts	1791555119.536773	1791555119.587250	0
base	c	stage1/cohere/yaml/gaps/arenaNodeRead.ts	1791555119.592093	1791555119.646694	0
head	c	stage1/cohere/yaml/gaps/arenaNodeRead.ts	1791555119.649218	1791555119.701308	0
base	c	stage1/cohere/yaml/gaps/assignmentValue.ts	1791555119.705458	1791555119.752340	0
head	c	stage1/cohere/yaml/gaps/assignmentValue.ts	1791555119.754046	1791555119.798244	0
base	c	stage1/cohere/yaml/gaps/dynamicCase.ts	1791555119.802359	1791555119.848463	0
head	c	stage1/cohere/yaml/gaps/dynamicCase.ts	1791555119.850255	1791555119.897801	0
base	c	stage1/cohere/yaml/gaps/emptyAlternative.ts	1791555119.902043	1791555119.947861	0
head	c	stage1/cohere/yaml/gaps/emptyAlternative.ts	1791555119.949665	1791555119.998321	0
base	c	stage1/cohere/yaml/gaps/multiplePush.ts	1791555120.002647	1791555120.049434	1
head	c	stage1/cohere/yaml/gaps/multiplePush.ts	1791555120.051286	1791555120.096562	1
base	c	stage1/cohere/yaml/gaps/negativeCase.ts	1791555120.100733	1791555120.148708	0
head	c	stage1/cohere/yaml/gaps/negativeCase.ts	1791555120.150554	1791555120.198046	0
base	c	stage1/cohere/yaml/gaps/numericMapLookup.ts	1791555120.202250	1791555120.250214	0
head	c	stage1/cohere/yaml/gaps/numericMapLookup.ts	1791555120.252054	1791555120.299331	0
base	c	stage1/cohere/yaml/gaps/prefixIncrement.ts	1791555120.303564	1791555120.353293	0
head	c	stage1/cohere/yaml/gaps/prefixIncrement.ts	1791555120.355211	1791555120.404780	0
base	c	stage1/cohere/yaml/gaps/sharedSliceAppend.ts	1791555120.409257	1791555120.460623	0
head	c	stage1/cohere/yaml/gaps/sharedSliceAppend.ts	1791555120.462627	1791555120.512367	0
base	c	stage1/cohere/yaml/gaps/stringFallback.ts	1791555120.517341	1791555120.565343	0
head	c	stage1/cohere/yaml/gaps/stringFallback.ts	1791555120.567148	1791555120.615394	0
base	c	stage1/cohere/yaml/gaps/stringPresence.ts	1791555120.619709	1791555120.670107	0
head	c	stage1/cohere/yaml/gaps/stringPresence.ts	1791555120.672045	1791555120.717885	0
base	c	stage1/cohere/yaml/gaps/stringUnitScan.ts	1791555120.723500	1791555120.776130	0
head	c	stage1/cohere/yaml/gaps/stringUnitScan.ts	1791555120.777991	1791555120.829066	0
base	c	stage1/cohere/yaml/gaps/structuralPosition.ts	1791555120.833459	1791555120.885728	1
head	c	stage1/cohere/yaml/gaps/structuralPosition.ts	1791555120.887671	1791555120.938299	1
base	c	stage1/cohere/yaml/gaps/valueConjunction.ts	1791555120.942419	1791555120.987942	0
head	c	stage1/cohere/yaml/gaps/valueConjunction.ts	1791555120.989879	1791555121.043738	0
base	c	stage1/cohere/yaml/gaps/valuePresence.ts	1791555121.048335	1791555121.100214	0
head	c	stage1/cohere/yaml/gaps/valuePresence.ts	1791555121.102625	1791555121.152119	0
base	c	stage1/typescript/parser/gaps/1_strong_ast_parent.ts	1791555121.156354	1791555121.207547	1
head	c	stage1/typescript/parser/gaps/1_strong_ast_parent.ts	1791555121.209473	1791555121.261261	1
base	c	stage1/typescript/parser/gaps/2_push_spread.ts	1791555121.265716	1791555121.315442	1
head	c	stage1/typescript/parser/gaps/2_push_spread.ts	1791555121.317350	1791555121.368020	1
base	c	stage1/typescript/parser/gaps/3_import_cycle.ts	1791555121.372237	1791555121.425513	0
head	c	stage1/typescript/parser/gaps/3_import_cycle.ts	1791555121.427575	1791555121.478079	0
base	c	stage1/typescript/parser/gaps/3_import_cycle_peer.ts	1791555121.482329	1791555121.533874	0
head	c	stage1/typescript/parser/gaps/3_import_cycle_peer.ts	1791555121.535745	1791555121.583018	0
base	c	stage1/typescript/parser/gaps/4_class_interface_method.ts	1791555121.587176	1791555121.634961	1
head	c	stage1/typescript/parser/gaps/4_class_interface_method.ts	1791555121.637015	1791555121.685696	1
base	c	stage1/typescript/parser/gaps/5_optional_function_value.ts	1791555121.690114	1791555121.742633	0
head	c	stage1/typescript/parser/gaps/5_optional_function_value.ts	1791555121.744847	1791555121.796559	0
base	c	stage1/typescript/parser/gaps/6_conditional_empty_array.ts	1791555121.800734	1791555121.849879	0
head	c	stage1/typescript/parser/gaps/6_conditional_empty_array.ts	1791555121.851817	1791555121.902900	0
base	c	stage1/typescript/scanner/gaps/1_push.ts	1791555121.907002	1791555121.955601	1
head	c	stage1/typescript/scanner/gaps/1_push.ts	1791555121.957405	1791555122.018742	1
base	c	stage1/typescript/scanner/gaps/2_bigint.ts	1791555122.023129	1791555122.071234	1
head	c	stage1/typescript/scanner/gaps/2_bigint.ts	1791555122.073047	1791555122.120508	1
base	c	review/compiler/empty-else-guard/survivor-switch.a	1791555122.124516	1791555122.174462	0
head	c	review/compiler/empty-else-guard/survivor-switch.a	1791555122.176464	1791555122.223997	0
base	c	review/oct6/class_oct6_construction.a	1791555122.228066	1791555122.276917	1
head	c	review/oct6/class_oct6_construction.a	1791555122.278789	1791555122.327445	1
base	c	review/optional-indexing/map-shape.a	1791555122.332418	1791555122.398427	1
head	c	review/optional-indexing/map-shape.a	1791555122.400430	1791555122.451957	1
base	c	review/optional-indexing/numeric-string-key.a	1791555122.457125	1791555122.505892	1
head	c	review/optional-indexing/numeric-string-key.a	1791555122.507994	1791555122.559118	1
base	c	review/optional-indexing/sparse-array.a	1791555122.563965	1791555122.614097	1
head	c	review/optional-indexing/sparse-array.a	1791555122.615944	1791555122.667843	1
base	c	review/unknown-narrowing/require_pending.a	1791555122.672045	1791555122.719579	1
head	c	review/unknown-narrowing/require_pending.a	1791555122.721934	1791555122.769626	1
