{"Time":"2026-10-09T10:20:55.035706753Z","Action":"start","Package":"github.com/system-inc/adamic/internal/oracle"}
{"Time":"2026-10-09T10:20:55.043501836Z","Action":"run","Package":"github.com/system-inc/adamic/internal/oracle","Test":"TestNativeAgreesWithNode"}
{"Time":"2026-10-09T10:20:55.04359207Z","Action":"output","Package":"github.com/system-inc/adamic/internal/oracle","Test":"TestNativeAgreesWithNode","Output":"=== RUN   TestNativeAgreesWithNode\n","OutputType":"frame"}
{"Time":"2026-10-09T10:20:55.043643506Z","Action":"output","Package":"github.com/system-inc/adamic/internal/oracle","Test":"TestNativeAgreesWithNode","Output":"=== PAUSE TestNativeAgreesWithNode\n","OutputType":"frame"}
{"Time":"2026-10-09T10:20:55.043646049Z","Action":"pause","Package":"github.com/system-inc/adamic/internal/oracle","Test":"TestNativeAgreesWithNode"}
{"Time":"2026-10-09T10:20:55.043651437Z","Action":"cont","Package":"github.com/system-inc/adamic/internal/oracle","Test":"TestNativeAgreesWithNode"}
{"Time":"2026-10-09T10:20:55.04365317Z","Action":"output","Package":"github.com/system-inc/adamic/internal/oracle","Test":"TestNativeAgreesWithNode","Output":"=== CONT  TestNativeAgreesWithNode\n","OutputType":"frame"}
{"Time":"2026-10-09T10:20:55.059691183Z","Action":"run","Package":"github.com/system-inc/adamic/internal/oracle","Test":"TestNativeAgreesWithNode/internal/oracle/testdata/census_overload_binders.a"}
{"Time":"2026-10-09T10:20:55.059745033Z","Action":"output","Package":"github.com/system-inc/adamic/internal/oracle","Test":"TestNativeAgreesWithNode/internal/oracle/testdata/census_overload_binders.a","Output":"=== RUN   TestNativeAgreesWithNode/internal/oracle/testdata/census_overload_binders.a\n","OutputType":"frame"}
{"Time":"2026-10-09T10:20:55.059757071Z","Action":"output","Package":"github.com/system-inc/adamic/internal/oracle","Test":"TestNativeAgreesWithNode/internal/oracle/testdata/census_overload_binders.a","Output":"=== PAUSE TestNativeAgreesWithNode/internal/oracle/testdata/census_overload_binders.a\n","OutputType":"frame"}
{"Time":"2026-10-09T10:20:55.059759194Z","Action":"pause","Package":"github.com/system-inc/adamic/internal/oracle","Test":"TestNativeAgreesWithNode/internal/oracle/testdata/census_overload_binders.a"}
{"Time":"2026-10-09T10:20:55.059762719Z","Action":"run","Package":"github.com/system-inc/adamic/internal/oracle","Test":"TestNativeAgreesWithNode/internal/oracle/testdata/census_overload_binder_result_checked.a"}
{"Time":"2026-10-09T10:20:55.059765393Z","Action":"output","Package":"github.com/system-inc/adamic/internal/oracle","Test":"TestNativeAgreesWithNode/internal/oracle/testdata/census_overload_binder_result_checked.a","Output":"=== RUN   TestNativeAgreesWithNode/internal/oracle/testdata/census_overload_binder_result_checked.a\n","OutputType":"frame"}
{"Time":"2026-10-09T10:20:55.059769469Z","Action":"output","Package":"github.com/system-inc/adamic/internal/oracle","Test":"TestNativeAgreesWithNode/internal/oracle/testdata/census_overload_binder_result_checked.a","Output":"=== PAUSE TestNativeAgreesWithNode/internal/oracle/testdata/census_overload_binder_result_checked.a\n","OutputType":"frame"}
{"Time":"2026-10-09T10:20:55.059771402Z","Action":"pause","Package":"github.com/system-inc/adamic/internal/oracle","Test":"TestNativeAgreesWithNode/internal/oracle/testdata/census_overload_binder_result_checked.a"}
{"Time":"2026-10-09T10:20:55.059778893Z","Action":"run","Package":"github.com/system-inc/adamic/internal/oracle","Test":"TestNativeAgreesWithNode/internal/oracle/testdata/census_overload_lie.a"}
{"Time":"2026-10-09T10:20:55.059780776Z","Action":"output","Package":"github.com/system-inc/adamic/internal/oracle","Test":"TestNativeAgreesWithNode/internal/oracle/testdata/census_overload_lie.a","Output":"=== RUN   TestNativeAgreesWithNode/internal/oracle/testdata/census_overload_lie.a\n","OutputType":"frame"}
{"Time":"2026-10-09T10:20:55.059784261Z","Action":"output","Package":"github.com/system-inc/adamic/internal/oracle","Test":"TestNativeAgreesWithNode/internal/oracle/testdata/census_overload_lie.a","Output":"=== PAUSE TestNativeAgreesWithNode/internal/oracle/testdata/census_overload_lie.a\n","OutputType":"frame"}
{"Time":"2026-10-09T10:20:55.059794706Z","Action":"pause","Package":"github.com/system-inc/adamic/internal/oracle","Test":"TestNativeAgreesWithNode/internal/oracle/testdata/census_overload_lie.a"}
{"Time":"2026-10-09T10:20:55.059913502Z","Action":"run","Package":"github.com/system-inc/adamic/internal/oracle","Test":"TestNativeAgreesWithNode/internal/oracle/testdata/census_overload_contracts.a"}
{"Time":"2026-10-09T10:20:55.059917978Z","Action":"output","Package":"github.com/system-inc/adamic/internal/oracle","Test":"TestNativeAgreesWithNode/internal/oracle/testdata/census_overload_contracts.a","Output":"=== RUN   TestNativeAgreesWithNode/internal/oracle/testdata/census_overload_contracts.a\n","OutputType":"frame"}
{"Time":"2026-10-09T10:20:55.059920913Z","Action":"output","Package":"github.com/system-inc/adamic/internal/oracle","Test":"TestNativeAgreesWithNode/internal/oracle/testdata/census_overload_contracts.a","Output":"=== PAUSE TestNativeAgreesWithNode/internal/oracle/testdata/census_overload_contracts.a\n","OutputType":"frame"}
{"Time":"2026-10-09T10:20:55.059922705Z","Action":"pause","Package":"github.com/system-inc/adamic/internal/oracle","Test":"TestNativeAgreesWithNode/internal/oracle/testdata/census_overload_contracts.a"}
{"Time":"2026-10-09T10:20:55.063193086Z","Action":"run","Package":"github.com/system-inc/adamic/internal/oracle","Test":"TestNativeAgreesWithNode/internal/oracle/testdata/hidden_boundary_generic_tnode.a"}
{"Time":"2026-10-09T10:20:55.063231883Z","Action":"output","Package":"github.com/system-inc/adamic/internal/oracle","Test":"TestNativeAgreesWithNode/internal/oracle/testdata/hidden_boundary_generic_tnode.a","Output":"=== RUN   TestNativeAgreesWithNode/internal/oracle/testdata/hidden_boundary_generic_tnode.a\n","OutputType":"frame"}
{"Time":"2026-10-09T10:20:55.063242409Z","Action":"output","Package":"github.com/system-inc/adamic/internal/oracle","Test":"TestNativeAgreesWithNode/internal/oracle/testdata/hidden_boundary_generic_tnode.a","Output":"=== PAUSE TestNativeAgreesWithNode/internal/oracle/testdata/hidden_boundary_generic_tnode.a\n","OutputType":"frame"}
{"Time":"2026-10-09T10:20:55.063245503Z","Action":"pause","Package":"github.com/system-inc/adamic/internal/oracle","Test":"TestNativeAgreesWithNode/internal/oracle/testdata/hidden_boundary_generic_tnode.a"}
{"Time":"2026-10-09T10:20:55.063253936Z","Action":"run","Package":"github.com/system-inc/adamic/internal/oracle","Test":"TestNativeAgreesWithNode/internal/oracle/testdata/hidden_boundary_generic_tnode_constraints.a"}
{"Time":"2026-10-09T10:20:55.063257291Z","Action":"output","Package":"github.com/system-inc/adamic/internal/oracle","Test":"TestNativeAgreesWithNode/internal/oracle/testdata/hidden_boundary_generic_tnode_constraints.a","Output":"=== RUN   TestNativeAgreesWithNode/internal/oracle/testdata/hidden_boundary_generic_tnode_constraints.a\n","OutputType":"frame"}
{"Time":"2026-10-09T10:20:55.063262949Z","Action":"output","Package":"github.com/system-inc/adamic/internal/oracle","Test":"TestNativeAgreesWithNode/internal/oracle/testdata/hidden_boundary_generic_tnode_constraints.a","Output":"=== PAUSE TestNativeAgreesWithNode/internal/oracle/testdata/hidden_boundary_generic_tnode_constraints.a\n","OutputType":"frame"}
{"Time":"2026-10-09T10:20:55.063265032Z","Action":"pause","Package":"github.com/system-inc/adamic/internal/oracle","Test":"TestNativeAgreesWithNode/internal/oracle/testdata/hidden_boundary_generic_tnode_constraints.a"}
{"Time":"2026-10-09T10:20:55.063302628Z","Action":"run","Package":"github.com/system-inc/adamic/internal/oracle","Test":"TestNativeAgreesWithNode/internal/oracle/testdata/hidden_boundary_never_array.a"}
{"Time":"2026-10-09T10:20:55.063307274Z","Action":"output","Package":"github.com/system-inc/adamic/internal/oracle","Test":"TestNativeAgreesWithNode/internal/oracle/testdata/hidden_boundary_never_array.a","Output":"=== RUN   TestNativeAgreesWithNode/internal/oracle/testdata/hidden_boundary_never_array.a\n","OutputType":"frame"}
{"Time":"2026-10-09T10:20:55.063325001Z","Action":"output","Package":"github.com/system-inc/adamic/internal/oracle","Test":"TestNativeAgreesWithNode/internal/oracle/testdata/hidden_boundary_never_array.a","Output":"=== PAUSE TestNativeAgreesWithNode/internal/oracle/testdata/hidden_boundary_never_array.a\n","OutputType":"frame"}
{"Time":"2026-10-09T10:20:55.063328746Z","Action":"pause","Package":"github.com/system-inc/adamic/internal/oracle","Test":"TestNativeAgreesWithNode/internal/oracle/testdata/hidden_boundary_never_array.a"}
{"Time":"2026-10-09T10:20:55.063334144Z","Action":"run","Package":"github.com/system-inc/adamic/internal/oracle","Test":"TestNativeAgreesWithNode/internal/oracle/testdata/hidden_boundary_never_array_observations.a"}
{"Time":"2026-10-09T10:20:55.06333792Z","Action":"output","Package":"github.com/system-inc/adamic/internal/oracle","Test":"TestNativeAgreesWithNode/internal/oracle/testdata/hidden_boundary_never_array_observations.a","Output":"=== RUN   TestNativeAgreesWithNode/internal/oracle/testdata/hidden_boundary_never_array_observations.a\n","OutputType":"frame"}
{"Time":"2026-10-09T10:20:55.063342727Z","Action":"output","Package":"github.com/system-inc/adamic/internal/oracle","Test":"TestNativeAgreesWithNode/internal/oracle/testdata/hidden_boundary_never_array_observations.a","Output":"=== PAUSE TestNativeAgreesWithNode/internal/oracle/testdata/hidden_boundary_never_array_observations.a\n","OutputType":"frame"}
{"Time":"2026-10-09T10:20:55.063345251Z","Action":"pause","Package":"github.com/system-inc/adamic/internal/oracle","Test":"TestNativeAgreesWithNode/internal/oracle/testdata/hidden_boundary_never_array_observations.a"}
{"Time":"2026-10-09T10:20:55.068469559Z","Action":"run","Package":"github.com/system-inc/adamic/internal/oracle","Test":"TestNativeAgreesWithNode/internal/oracle/testdata/overload_array_to_map.a"}
{"Time":"2026-10-09T10:20:55.068491812Z","Action":"output","Package":"github.com/system-inc/adamic/internal/oracle","Test":"TestNativeAgreesWithNode/internal/oracle/testdata/overload_array_to_map.a","Output":"=== RUN   TestNativeAgreesWithNode/internal/oracle/testdata/overload_array_to_map.a\n","OutputType":"frame"}
{"Time":"2026-10-09T10:20:55.068498602Z","Action":"output","Package":"github.com/system-inc/adamic/internal/oracle","Test":"TestNativeAgreesWithNode/internal/oracle/testdata/overload_array_to_map.a","Output":"=== PAUSE TestNativeAgreesWithNode/internal/oracle/testdata/overload_array_to_map.a\n","OutputType":"frame"}
{"Time":"2026-10-09T10:20:55.068500725Z","Action":"pause","Package":"github.com/system-inc/adamic/internal/oracle","Test":"TestNativeAgreesWithNode/internal/oracle/testdata/overload_array_to_map.a"}
{"Time":"2026-10-09T10:20:55.068505703Z","Action":"run","Package":"github.com/system-inc/adamic/internal/oracle","Test":"TestNativeAgreesWithNode/internal/oracle/testdata/overload_inference_contracts.a"}
{"Time":"2026-10-09T10:20:55.068507706Z","Action":"output","Package":"github.com/system-inc/adamic/internal/oracle","Test":"TestNativeAgreesWithNode/internal/oracle/testdata/overload_inference_contracts.a","Output":"=== RUN   TestNativeAgreesWithNode/internal/oracle/testdata/overload_inference_contracts.a\n","OutputType":"frame"}
{"Time":"2026-10-09T10:20:55.068512002Z","Action":"output","Package":"github.com/system-inc/adamic/internal/oracle","Test":"TestNativeAgreesWithNode/internal/oracle/testdata/overload_inference_contracts.a","Output":"=== PAUSE TestNativeAgreesWithNode/internal/oracle/testdata/overload_inference_contracts.a\n","OutputType":"frame"}
{"Time":"2026-10-09T10:20:55.068513905Z","Action":"pause","Package":"github.com/system-inc/adamic/internal/oracle","Test":"TestNativeAgreesWithNode/internal/oracle/testdata/overload_inference_contracts.a"}
{"Time":"2026-10-09T10:20:55.068541416Z","Action":"run","Package":"github.com/system-inc/adamic/internal/oracle","Test":"TestNativeAgreesWithNode/internal/oracle/testdata/overload_array_to_multimap.a"}
{"Time":"2026-10-09T10:20:55.068543599Z","Action":"output","Package":"github.com/system-inc/adamic/internal/oracle","Test":"TestNativeAgreesWithNode/internal/oracle/testdata/overload_array_to_multimap.a","Output":"=== RUN   TestNativeAgreesWithNode/internal/oracle/testdata/overload_array_to_multimap.a\n","OutputType":"frame"}
{"Time":"2026-10-09T10:20:55.068580784Z","Action":"output","Package":"github.com/system-inc/adamic/internal/oracle","Test":"TestNativeAgreesWithNode/internal/oracle/testdata/overload_array_to_multimap.a","Output":"=== PAUSE TestNativeAgreesWithNode/internal/oracle/testdata/overload_array_to_multimap.a\n","OutputType":"frame"}
{"Time":"2026-10-09T10:20:55.068583087Z","Action":"pause","Package":"github.com/system-inc/adamic/internal/oracle","Test":"TestNativeAgreesWithNode/internal/oracle/testdata/overload_array_to_multimap.a"}
{"Time":"2026-10-09T10:20:55.068613302Z","Action":"run","Package":"github.com/system-inc/adamic/internal/oracle","Test":"TestNativeAgreesWithNode/internal/oracle/testdata/overload_array_to_numeric_map.a"}
{"Time":"2026-10-09T10:20:55.068616126Z","Action":"output","Package":"github.com/system-inc/adamic/internal/oracle","Test":"TestNativeAgreesWithNode/internal/oracle/testdata/overload_array_to_numeric_map.a","Output":"=== RUN   TestNativeAgreesWithNode/internal/oracle/testdata/overload_array_to_numeric_map.a\n","OutputType":"frame"}
{"Time":"2026-10-09T10:20:55.06861868Z","Action":"output","Package":"github.com/system-inc/adamic/internal/oracle","Test":"TestNativeAgreesWithNode/internal/oracle/testdata/overload_array_to_numeric_map.a","Output":"=== PAUSE TestNativeAgreesWithNode/internal/oracle/testdata/overload_array_to_numeric_map.a\n","OutputType":"frame"}
{"Time":"2026-10-09T10:20:55.068620492Z","Action":"pause","Package":"github.com/system-inc/adamic/internal/oracle","Test":"TestNativeAgreesWithNode/internal/oracle/testdata/overload_array_to_numeric_map.a"}
{"Time":"2026-10-09T10:20:55.068636556Z","Action":"run","Package":"github.com/system-inc/adamic/internal/oracle","Test":"TestNativeAgreesWithNode/internal/oracle/testdata/overload_callback_served.a"}
{"Time":"2026-10-09T10:20:55.068638519Z","Action":"output","Package":"github.com/system-inc/adamic/internal/oracle","Test":"TestNativeAgreesWithNode/internal/oracle/testdata/overload_callback_served.a","Output":"=== RUN   TestNativeAgreesWithNode/internal/oracle/testdata/overload_callback_served.a\n","OutputType":"frame"}
{"Time":"2026-10-09T10:20:55.068652049Z","Action":"output","Package":"github.com/system-inc/adamic/internal/oracle","Test":"TestNativeAgreesWithNode/internal/oracle/testdata/overload_callback_served.a","Output":"=== PAUSE TestNativeAgreesWithNode/internal/oracle/testdata/overload_callback_served.a\n","OutputType":"frame"}
{"Time":"2026-10-09T10:20:55.068653832Z","Action":"pause","Package":"github.com/system-inc/adamic/internal/oracle","Test":"TestNativeAgreesWithNode/internal/oracle/testdata/overload_callback_served.a"}
{"Time":"2026-10-09T10:20:55.06873372Z","Action":"run","Package":"github.com/system-inc/adamic/internal/oracle","Test":"TestNativeAgreesWithNode/internal/oracle/testdata/overload_ancestor_directory.a"}
{"Time":"2026-10-09T10:20:55.068736464Z","Action":"output","Package":"github.com/system-inc/adamic/internal/oracle","Test":"TestNativeAgreesWithNode/internal/oracle/testdata/overload_ancestor_directory.a","Output":"=== RUN   TestNativeAgreesWithNode/internal/oracle/testdata/overload_ancestor_directory.a\n","OutputType":"frame"}
{"Time":"2026-10-09T10:20:55.068743314Z","Action":"output","Package":"github.com/system-inc/adamic/internal/oracle","Test":"TestNativeAgreesWithNode/internal/oracle/testdata/overload_ancestor_directory.a","Output":"=== PAUSE TestNativeAgreesWithNode/internal/oracle/testdata/overload_ancestor_directory.a\n","OutputType":"frame"}
{"Time":"2026-10-09T10:20:55.068744906Z","Action":"pause","Package":"github.com/system-inc/adamic/internal/oracle","Test":"TestNativeAgreesWithNode/internal/oracle/testdata/overload_ancestor_directory.a"}
{"Time":"2026-10-09T10:20:55.068757455Z","Action":"run","Package":"github.com/system-inc/adamic/internal/oracle","Test":"TestNativeAgreesWithNode/internal/oracle/testdata/overload_leading_comment_range.a"}
{"Time":"2026-10-09T10:20:55.068762953Z","Action":"output","Package":"github.com/system-inc/adamic/internal/oracle","Test":"TestNativeAgreesWithNode/internal/oracle/testdata/overload_leading_comment_range.a","Output":"=== RUN   TestNativeAgreesWithNode/internal/oracle/testdata/overload_leading_comment_range.a\n","OutputType":"frame"}
{"Time":"2026-10-09T10:20:55.068795571Z","Action":"output","Package":"github.com/system-inc/adamic/internal/oracle","Test":"TestNativeAgreesWithNode/internal/oracle/testdata/overload_leading_comment_range.a","Output":"=== PAUSE TestNativeAgreesWithNode/internal/oracle/testdata/overload_leading_comment_range.a\n","OutputType":"frame"}
{"Time":"2026-10-09T10:20:55.068797554Z","Action":"pause","Package":"github.com/system-inc/adamic/internal/oracle","Test":"TestNativeAgreesWithNode/internal/oracle/testdata/overload_leading_comment_range.a"}
{"Time":"2026-10-09T10:20:55.068823813Z","Action":"run","Package":"github.com/system-inc/adamic/internal/oracle","Test":"TestNativeAgreesWithNode/internal/oracle/testdata/overload_trailing_comment_range.a"}
{"Time":"2026-10-09T10:20:55.068825866Z","Action":"output","Package":"github.com/system-inc/adamic/internal/oracle","Test":"TestNativeAgreesWithNode/internal/oracle/testdata/overload_trailing_comment_range.a","Output":"=== RUN   TestNativeAgreesWithNode/internal/oracle/testdata/overload_trailing_comment_range.a\n","OutputType":"frame"}
{"Time":"2026-10-09T10:20:55.06882866Z","Action":"output","Package":"github.com/system-inc/adamic/internal/oracle","Test":"TestNativeAgreesWithNode/internal/oracle/testdata/overload_trailing_comment_range.a","Output":"=== PAUSE TestNativeAgreesWithNode/internal/oracle/testdata/overload_trailing_comment_range.a\n","OutputType":"frame"}
{"Time":"2026-10-09T10:20:55.068830442Z","Action":"pause","Package":"github.com/system-inc/adamic/internal/oracle","Test":"TestNativeAgreesWithNode/internal/oracle/testdata/overload_trailing_comment_range.a"}
{"Time":"2026-10-09T10:20:55.068846556Z","Action":"run","Package":"github.com/system-inc/adamic/internal/oracle","Test":"TestNativeAgreesWithNode/internal/oracle/testdata/overload_original_node.a"}
{"Time":"2026-10-09T10:20:55.068848469Z","Action":"output","Package":"github.com/system-inc/adamic/internal/oracle","Test":"TestNativeAgreesWithNode/internal/oracle/testdata/overload_original_node.a","Output":"=== RUN   TestNativeAgreesWithNode/internal/oracle/testdata/overload_original_node.a\n","OutputType":"frame"}
{"Time":"2026-10-09T10:20:55.068861458Z","Action":"output","Package":"github.com/system-inc/adamic/internal/oracle","Test":"TestNativeAgreesWithNode/internal/oracle/testdata/overload_original_node.a","Output":"=== PAUSE TestNativeAgreesWithNode/internal/oracle/testdata/overload_original_node.a\n","OutputType":"frame"}
{"Time":"2026-10-09T10:20:55.068863291Z","Action":"pause","Package":"github.com/system-inc/adamic/internal/oracle","Test":"TestNativeAgreesWithNode/internal/oracle/testdata/overload_original_node.a"}
{"Time":"2026-10-09T10:20:55.068907897Z","Action":"run","Package":"github.com/system-inc/adamic/internal/oracle","Test":"TestNativeAgreesWithNode/internal/oracle/testdata/overload_field_hatch/kind-valid.ts"}
{"Time":"2026-10-09T10:20:55.06890996Z","Action":"output","Package":"github.com/system-inc/adamic/internal/oracle","Test":"TestNativeAgreesWithNode/internal/oracle/testdata/overload_field_hatch/kind-valid.ts","Output":"=== RUN   TestNativeAgreesWithNode/internal/oracle/testdata/overload_field_hatch/kind-valid.ts\n","OutputType":"frame"}
{"Time":"2026-10-09T10:20:55.068927846Z","Action":"output","Package":"github.com/system-inc/adamic/internal/oracle","Test":"TestNativeAgreesWithNode/internal/oracle/testdata/overload_field_hatch/kind-valid.ts","Output":"=== PAUSE TestNativeAgreesWithNode/internal/oracle/testdata/overload_field_hatch/kind-valid.ts\n","OutputType":"frame"}
{"Time":"2026-10-09T10:20:55.06893009Z","Action":"pause","Package":"github.com/system-inc/adamic/internal/oracle","Test":"TestNativeAgreesWithNode/internal/oracle/testdata/overload_field_hatch/kind-valid.ts"}
{"Time":"2026-10-09T10:20:55.068954716Z","Action":"run","Package":"github.com/system-inc/adamic/internal/oracle","Test":"TestNativeAgreesWithNode/internal/oracle/testdata/overload_field_hatch/value-valid.ts"}
{"Time":"2026-10-09T10:20:55.068956669Z","Action":"output","Package":"github.com/system-inc/adamic/internal/oracle","Test":"TestNativeAgreesWithNode/internal/oracle/testdata/overload_field_hatch/value-valid.ts","Output":"=== RUN   TestNativeAgreesWithNode/internal/oracle/testdata/overload_field_hatch/value-valid.ts\n","OutputType":"frame"}
{"Time":"2026-10-09T10:20:55.068959774Z","Action":"output","Package":"github.com/system-inc/adamic/internal/oracle","Test":"TestNativeAgreesWithNode/internal/oracle/testdata/overload_field_hatch/value-valid.ts","Output":"=== PAUSE TestNativeAgreesWithNode/internal/oracle/testdata/overload_field_hatch/value-valid.ts\n","OutputType":"frame"}
{"Time":"2026-10-09T10:20:55.068961696Z","Action":"pause","Package":"github.com/system-inc/adamic/internal/oracle","Test":"TestNativeAgreesWithNode/internal/oracle/testdata/overload_field_hatch/value-valid.ts"}
{"Time":"2026-10-09T10:20:55.068981666Z","Action":"run","Package":"github.com/system-inc/adamic/internal/oracle","Test":"TestNativeAgreesWithNode/internal/oracle/testdata/overload_field_hatch/value-undefined.ts"}
{"Time":"2026-10-09T10:20:55.068983549Z","Action":"output","Package":"github.com/system-inc/adamic/internal/oracle","Test":"TestNativeAgreesWithNode/internal/oracle/testdata/overload_field_hatch/value-undefined.ts","Output":"=== RUN   TestNativeAgreesWithNode/internal/oracle/testdata/overload_field_hatch/value-undefined.ts\n","OutputType":"frame"}
{"Time":"2026-10-09T10:20:55.069014845Z","Action":"output","Package":"github.com/system-inc/adamic/internal/oracle","Test":"TestNativeAgreesWithNode/internal/oracle/testdata/overload_field_hatch/value-undefined.ts","Output":"=== PAUSE TestNativeAgreesWithNode/internal/oracle/testdata/overload_field_hatch/value-undefined.ts\n","OutputType":"frame"}
{"Time":"2026-10-09T10:20:55.069016938Z","Action":"pause","Package":"github.com/system-inc/adamic/internal/oracle","Test":"TestNativeAgreesWithNode/internal/oracle/testdata/overload_field_hatch/value-undefined.ts"}
{"Time":"2026-10-09T10:20:55.069048605Z","Action":"run","Package":"github.com/system-inc/adamic/internal/oracle","Test":"TestNativeAgreesWithNode/internal/oracle/testdata/overload_results_transform.a"}
{"Time":"2026-10-09T10:20:55.069050447Z","Action":"output","Package":"github.com/system-inc/adamic/internal/oracle","Test":"TestNativeAgreesWithNode/internal/oracle/testdata/overload_results_transform.a","Output":"=== RUN   TestNativeAgreesWithNode/internal/oracle/testdata/overload_results_transform.a\n","OutputType":"frame"}
{"Time":"2026-10-09T10:20:55.069053682Z","Action":"output","Package":"github.com/system-inc/adamic/internal/oracle","Test":"TestNativeAgreesWithNode/internal/oracle/testdata/overload_results_transform.a","Output":"=== PAUSE TestNativeAgreesWithNode/internal/oracle/testdata/overload_results_transform.a\n","OutputType":"frame"}
{"Time":"2026-10-09T10:20:55.069055675Z","Action":"pause","Package":"github.com/system-inc/adamic/internal/oracle","Test":"TestNativeAgreesWithNode/internal/oracle/testdata/overload_results_transform.a"}
{"Time":"2026-10-09T10:20:55.069076226Z","Action":"run","Package":"github.com/system-inc/adamic/internal/oracle","Test":"TestNativeAgreesWithNode/internal/oracle/testdata/overload_results_evaluate.a"}
{"Time":"2026-10-09T10:20:55.069078098Z","Action":"output","Package":"github.com/system-inc/adamic/internal/oracle","Test":"TestNativeAgreesWithNode/internal/oracle/testdata/overload_results_evaluate.a","Output":"=== RUN   TestNativeAgreesWithNode/internal/oracle/testdata/overload_results_evaluate.a\n","OutputType":"frame"}
{"Time":"2026-10-09T10:20:55.069081333Z","Action":"output","Package":"github.com/system-inc/adamic/internal/oracle","Test":"TestNativeAgreesWithNode/internal/oracle/testdata/overload_results_evaluate.a","Output":"=== PAUSE TestNativeAgreesWithNode/internal/oracle/testdata/overload_results_evaluate.a\n","OutputType":"frame"}
{"Time":"2026-10-09T10:20:55.069084858Z","Action":"pause","Package":"github.com/system-inc/adamic/internal/oracle","Test":"TestNativeAgreesWithNode/internal/oracle/testdata/overload_results_evaluate.a"}
{"Time":"2026-10-09T10:20:55.069121132Z","Action":"run","Package":"github.com/system-inc/adamic/internal/oracle","Test":"TestNativeAgreesWithNode/internal/oracle/testdata/overload_results_binding.a"}
{"Time":"2026-10-09T10:20:55.069123926Z","Action":"output","Package":"github.com/system-inc/adamic/internal/oracle","Test":"TestNativeAgreesWithNode/internal/oracle/testdata/overload_results_binding.a","Output":"=== RUN   TestNativeAgreesWithNode/internal/oracle/testdata/overload_results_binding.a\n","OutputType":"frame"}
{"Time":"2026-10-09T10:20:55.06912656Z","Action":"output","Package":"github.com/system-inc/adamic/internal/oracle","Test":"TestNativeAgreesWithNode/internal/oracle/testdata/overload_results_binding.a","Output":"=== PAUSE TestNativeAgreesWithNode/internal/oracle/testdata/overload_results_binding.a\n","OutputType":"frame"}
{"Time":"2026-10-09T10:20:55.069128353Z","Action":"pause","Package":"github.com/system-inc/adamic/internal/oracle","Test":"TestNativeAgreesWithNode/internal/oracle/testdata/overload_results_binding.a"}
{"Time":"2026-10-09T10:20:55.06915373Z","Action":"run","Package":"github.com/system-inc/adamic/internal/oracle","Test":"TestNativeAgreesWithNode/internal/oracle/testdata/overload_results_parameter.a"}
{"Time":"2026-10-09T10:20:55.069155533Z","Action":"output","Package":"github.com/system-inc/adamic/internal/oracle","Test":"TestNativeAgreesWithNode/internal/oracle/testdata/overload_results_parameter.a","Output":"=== RUN   TestNativeAgreesWithNode/internal/oracle/testdata/overload_results_parameter.a\n","OutputType":"frame"}
{"Time":"2026-10-09T10:20:55.069158157Z","Action":"output","Package":"github.com/system-inc/adamic/internal/oracle","Test":"TestNativeAgreesWithNode/internal/oracle/testdata/overload_results_parameter.a","Output":"=== PAUSE TestNativeAgreesWithNode/internal/oracle/testdata/overload_results_parameter.a\n","OutputType":"frame"}
{"Time":"2026-10-09T10:20:55.069159739Z","Action":"pause","Package":"github.com/system-inc/adamic/internal/oracle","Test":"TestNativeAgreesWithNode/internal/oracle/testdata/overload_results_parameter.a"}
{"Time":"2026-10-09T10:20:55.069186258Z","Action":"run","Package":"github.com/system-inc/adamic/internal/oracle","Test":"TestNativeAgreesWithNode/internal/oracle/testdata/overload_results_scalar.a"}
{"Time":"2026-10-09T10:20:55.069188121Z","Action":"output","Package":"github.com/system-inc/adamic/internal/oracle","Test":"TestNativeAgreesWithNode/internal/oracle/testdata/overload_results_scalar.a","Output":"=== RUN   TestNativeAgreesWithNode/internal/oracle/testdata/overload_results_scalar.a\n","OutputType":"frame"}
{"Time":"2026-10-09T10:20:55.069190494Z","Action":"output","Package":"github.com/system-inc/adamic/internal/oracle","Test":"TestNativeAgreesWithNode/internal/oracle/testdata/overload_results_scalar.a","Output":"=== PAUSE TestNativeAgreesWithNode/internal/oracle/testdata/overload_results_scalar.a\n","OutputType":"frame"}
{"Time":"2026-10-09T10:20:55.069192097Z","Action":"pause","Package":"github.com/system-inc/adamic/internal/oracle","Test":"TestNativeAgreesWithNode/internal/oracle/testdata/overload_results_scalar.a"}
{"Time":"2026-10-09T10:20:55.069230283Z","Action":"run","Package":"github.com/system-inc/adamic/internal/oracle","Test":"TestNativeAgreesWithNode/internal/oracle/testdata/overload_mutate_map.a"}
{"Time":"2026-10-09T10:20:55.069232186Z","Action":"output","Package":"github.com/system-inc/adamic/internal/oracle","Test":"TestNativeAgreesWithNode/internal/oracle/testdata/overload_mutate_map.a","Output":"=== RUN   TestNativeAgreesWithNode/internal/oracle/testdata/overload_mutate_map.a\n","OutputType":"frame"}
{"Time":"2026-10-09T10:20:55.069234449Z","Action":"output","Package":"github.com/system-inc/adamic/internal/oracle","Test":"TestNativeAgreesWithNode/internal/oracle/testdata/overload_mutate_map.a","Output":"=== PAUSE TestNativeAgreesWithNode/internal/oracle/testdata/overload_mutate_map.a\n","OutputType":"frame"}
{"Time":"2026-10-09T10:20:55.069238355Z","Action":"pause","Package":"github.com/system-inc/adamic/internal/oracle","Test":"TestNativeAgreesWithNode/internal/oracle/testdata/overload_mutate_map.a"}
{"Time":"2026-10-09T10:20:55.069440824Z","Action":"run","Package":"github.com/system-inc/adamic/internal/oracle","Test":"TestNativeAgreesWithNode/internal/oracle/testdata/overload_mutate_map_skipping_new.a"}
{"Time":"2026-10-09T10:20:55.069451499Z","Action":"output","Package":"github.com/system-inc/adamic/internal/oracle","Test":"TestNativeAgreesWithNode/internal/oracle/testdata/overload_mutate_map_skipping_new.a","Output":"=== RUN   TestNativeAgreesWithNode/internal/oracle/testdata/overload_mutate_map_skipping_new.a\n","OutputType":"frame"}
{"Time":"2026-10-09T10:20:55.06945888Z","Action":"output","Package":"github.com/system-inc/adamic/internal/oracle","Test":"TestNativeAgreesWithNode/internal/oracle/testdata/overload_mutate_map_skipping_new.a","Output":"=== PAUSE TestNativeAgreesWithNode/internal/oracle/testdata/overload_mutate_map_skipping_new.a\n","OutputType":"frame"}
{"Time":"2026-10-09T10:20:55.069460893Z","Action":"pause","Package":"github.com/system-inc/adamic/internal/oracle","Test":"TestNativeAgreesWithNode/internal/oracle/testdata/overload_mutate_map_skipping_new.a"}
{"Time":"2026-10-09T10:20:55.069465881Z","Action":"run","Package":"github.com/system-inc/adamic/internal/oracle","Test":"TestNativeAgreesWithNode/internal/oracle/testdata/overload_resolve_type_names.a"}
{"Time":"2026-10-09T10:20:55.069467904Z","Action":"output","Package":"github.com/system-inc/adamic/internal/oracle","Test":"TestNativeAgreesWithNode/internal/oracle/testdata/overload_resolve_type_names.a","Output":"=== RUN   TestNativeAgreesWithNode/internal/oracle/testdata/overload_resolve_type_names.a\n","OutputType":"frame"}
{"Time":"2026-10-09T10:20:55.069471048Z","Action":"output","Package":"github.com/system-inc/adamic/internal/oracle","Test":"TestNativeAgreesWithNode/internal/oracle/testdata/overload_resolve_type_names.a","Output":"=== PAUSE TestNativeAgreesWithNode/internal/oracle/testdata/overload_resolve_type_names.a\n","OutputType":"frame"}
{"Time":"2026-10-09T10:20:55.069472881Z","Action":"pause","Package":"github.com/system-inc/adamic/internal/oracle","Test":"TestNativeAgreesWithNode/internal/oracle/testdata/overload_resolve_type_names.a"}
{"Time":"2026-10-09T10:20:55.069493942Z","Action":"run","Package":"github.com/system-inc/adamic/internal/oracle","Test":"TestNativeAgreesWithNode/internal/oracle/testdata/overload_sort_deduplicate.a"}
{"Time":"2026-10-09T10:20:55.069495665Z","Action":"output","Package":"github.com/system-inc/adamic/internal/oracle","Test":"TestNativeAgreesWithNode/internal/oracle/testdata/overload_sort_deduplicate.a","Output":"=== RUN   TestNativeAgreesWithNode/internal/oracle/testdata/overload_sort_deduplicate.a\n","OutputType":"frame"}
{"Time":"2026-10-09T10:20:55.069498849Z","Action":"output","Package":"github.com/system-inc/adamic/internal/oracle","Test":"TestNativeAgreesWithNode/internal/oracle/testdata/overload_sort_deduplicate.a","Output":"=== PAUSE TestNativeAgreesWithNode/internal/oracle/testdata/overload_sort_deduplicate.a\n","OutputType":"frame"}
{"Time":"2026-10-09T10:20:55.069500462Z","Action":"pause","Package":"github.com/system-inc/adamic/internal/oracle","Test":"TestNativeAgreesWithNode/internal/oracle/testdata/overload_sort_deduplicate.a"}
{"Time":"2026-10-09T10:20:55.069564847Z","Action":"run","Package":"github.com/system-inc/adamic/internal/oracle","Test":"TestNativeAgreesWithNode/internal/oracle/testdata/overload_structural_block.a"}
{"Time":"2026-10-09T10:20:55.06956706Z","Action":"output","Package":"github.com/system-inc/adamic/internal/oracle","Test":"TestNativeAgreesWithNode/internal/oracle/testdata/overload_structural_block.a","Output":"=== RUN   TestNativeAgreesWithNode/internal/oracle/testdata/overload_structural_block.a\n","OutputType":"frame"}
{"Time":"2026-10-09T10:20:55.069574601Z","Action":"output","Package":"github.com/system-inc/adamic/internal/oracle","Test":"TestNativeAgreesWithNode/internal/oracle/testdata/overload_structural_block.a","Output":"=== PAUSE TestNativeAgreesWithNode/internal/oracle/testdata/overload_structural_block.a\n","OutputType":"frame"}
{"Time":"2026-10-09T10:20:55.069576484Z","Action":"pause","Package":"github.com/system-inc/adamic/internal/oracle","Test":"TestNativeAgreesWithNode/internal/oracle/testdata/overload_structural_block.a"}
{"Time":"2026-10-09T10:20:55.069603264Z","Action":"run","Package":"github.com/system-inc/adamic/internal/oracle","Test":"TestNativeAgreesWithNode/internal/oracle/testdata/overload_structural_evaluator.a"}
{"Time":"2026-10-09T10:20:55.069605297Z","Action":"output","Package":"github.com/system-inc/adamic/internal/oracle","Test":"TestNativeAgreesWithNode/internal/oracle/testdata/overload_structural_evaluator.a","Output":"=== RUN   TestNativeAgreesWithNode/internal/oracle/testdata/overload_structural_evaluator.a\n","OutputType":"frame"}
{"Time":"2026-10-09T10:20:55.069625426Z","Action":"output","Package":"github.com/system-inc/adamic/internal/oracle","Test":"TestNativeAgreesWithNode/internal/oracle/testdata/overload_structural_evaluator.a","Output":"=== PAUSE TestNativeAgreesWithNode/internal/oracle/testdata/overload_structural_evaluator.a\n","OutputType":"frame"}
{"Time":"2026-10-09T10:20:55.069629522Z","Action":"pause","Package":"github.com/system-inc/adamic/internal/oracle","Test":"TestNativeAgreesWithNode/internal/oracle/testdata/overload_structural_evaluator.a"}
{"Time":"2026-10-09T10:20:55.069679506Z","Action":"run","Package":"github.com/system-inc/adamic/internal/oracle","Test":"TestNativeAgreesWithNode/internal/oracle/testdata/overload_structural_fields.a"}
{"Time":"2026-10-09T10:20:55.069681349Z","Action":"output","Package":"github.com/system-inc/adamic/internal/oracle","Test":"TestNativeAgreesWithNode/internal/oracle/testdata/overload_structural_fields.a","Output":"=== RUN   TestNativeAgreesWithNode/internal/oracle/testdata/overload_structural_fields.a\n","OutputType":"frame"}
{"Time":"2026-10-09T10:20:55.069683662Z","Action":"output","Package":"github.com/system-inc/adamic/internal/oracle","Test":"TestNativeAgreesWithNode/internal/oracle/testdata/overload_structural_fields.a","Output":"=== PAUSE TestNativeAgreesWithNode/internal/oracle/testdata/overload_structural_fields.a\n","OutputType":"frame"}
{"Time":"2026-10-09T10:20:55.069685565Z","Action":"pause","Package":"github.com/system-inc/adamic/internal/oracle","Test":"TestNativeAgreesWithNode/internal/oracle/testdata/overload_structural_fields.a"}
{"Time":"2026-10-09T10:20:55.069717332Z","Action":"run","Package":"github.com/system-inc/adamic/internal/oracle","Test":"TestNativeAgreesWithNode/internal/oracle/testdata/overload_structural_factory.a"}
{"Time":"2026-10-09T10:20:55.069718985Z","Action":"output","Package":"github.com/system-inc/adamic/internal/oracle","Test":"TestNativeAgreesWithNode/internal/oracle/testdata/overload_structural_factory.a","Output":"=== RUN   TestNativeAgreesWithNode/internal/oracle/testdata/overload_structural_factory.a\n","OutputType":"frame"}
{"Time":"2026-10-09T10:20:55.069721909Z","Action":"output","Package":"github.com/system-inc/adamic/internal/oracle","Test":"TestNativeAgreesWithNode/internal/oracle/testdata/overload_structural_factory.a","Output":"=== PAUSE TestNativeAgreesWithNode/internal/oracle/testdata/overload_structural_factory.a\n","OutputType":"frame"}
{"Time":"2026-10-09T10:20:55.069723702Z","Action":"pause","Package":"github.com/system-inc/adamic/internal/oracle","Test":"TestNativeAgreesWithNode/internal/oracle/testdata/overload_structural_factory.a"}
{"Time":"2026-10-09T10:20:55.070096162Z","Action":"run","Package":"github.com/system-inc/adamic/internal/oracle","Test":"TestNativeAgreesWithNode/internal/oracle/testdata/overload_values/proven.a"}
{"Time":"2026-10-09T10:20:55.07010204Z","Action":"output","Package":"github.com/system-inc/adamic/internal/oracle","Test":"TestNativeAgreesWithNode/internal/oracle/testdata/overload_values/proven.a","Output":"=== RUN   TestNativeAgreesWithNode/internal/oracle/testdata/overload_values/proven.a\n","OutputType":"frame"}
{"Time":"2026-10-09T10:20:55.07010837Z","Action":"output","Package":"github.com/system-inc/adamic/internal/oracle","Test":"TestNativeAgreesWithNode/internal/oracle/testdata/overload_values/proven.a","Output":"=== PAUSE TestNativeAgreesWithNode/internal/oracle/testdata/overload_values/proven.a\n","OutputType":"frame"}
{"Time":"2026-10-09T10:20:55.070110072Z","Action":"pause","Package":"github.com/system-inc/adamic/internal/oracle","Test":"TestNativeAgreesWithNode/internal/oracle/testdata/overload_values/proven.a"}
{"Time":"2026-10-09T10:20:55.070112356Z","Action":"run","Package":"github.com/system-inc/adamic/internal/oracle","Test":"TestNativeAgreesWithNode/internal/oracle/testdata/overload_values/returned-valid.ts"}
{"Time":"2026-10-09T10:20:55.070113988Z","Action":"output","Package":"github.com/system-inc/adamic/internal/oracle","Test":"TestNativeAgreesWithNode/internal/oracle/testdata/overload_values/returned-valid.ts","Output":"=== RUN   TestNativeAgreesWithNode/internal/oracle/testdata/overload_values/returned-valid.ts\n","OutputType":"frame"}
{"Time":"2026-10-09T10:20:55.070116642Z","Action":"output","Package":"github.com/system-inc/adamic/internal/oracle","Test":"TestNativeAgreesWithNode/internal/oracle/testdata/overload_values/returned-valid.ts","Output":"=== PAUSE TestNativeAgreesWithNode/internal/oracle/testdata/overload_values/returned-valid.ts\n","OutputType":"frame"}
{"Time":"2026-10-09T10:20:55.070118394Z","Action":"pause","Package":"github.com/system-inc/adamic/internal/oracle","Test":"TestNativeAgreesWithNode/internal/oracle/testdata/overload_values/returned-valid.ts"}
{"Time":"2026-10-09T10:20:55.070120668Z","Action":"run","Package":"github.com/system-inc/adamic/internal/oracle","Test":"TestNativeAgreesWithNode/internal/oracle/testdata/overload_values/narrow-valid.ts"}
{"Time":"2026-10-09T10:20:55.07012244Z","Action":"output","Package":"github.com/system-inc/adamic/internal/oracle","Test":"TestNativeAgreesWithNode/internal/oracle/testdata/overload_values/narrow-valid.ts","Output":"=== RUN   TestNativeAgreesWithNode/internal/oracle/testdata/overload_values/narrow-valid.ts\n","OutputType":"frame"}
{"Time":"2026-10-09T10:20:55.070124874Z","Action":"output","Package":"github.com/system-inc/adamic/internal/oracle","Test":"TestNativeAgreesWithNode/internal/oracle/testdata/overload_values/narrow-valid.ts","Output":"=== PAUSE TestNativeAgreesWithNode/internal/oracle/testdata/overload_values/narrow-valid.ts\n","OutputType":"frame"}
{"Time":"2026-10-09T10:20:55.070126627Z","Action":"pause","Package":"github.com/system-inc/adamic/internal/oracle","Test":"TestNativeAgreesWithNode/internal/oracle/testdata/overload_values/narrow-valid.ts"}
{"Time":"2026-10-09T10:20:55.07012861Z","Action":"run","Package":"github.com/system-inc/adamic/internal/oracle","Test":"TestNativeAgreesWithNode/internal/oracle/testdata/overload_values/order-valid.ts"}
{"Time":"2026-10-09T10:20:55.070130212Z","Action":"output","Package":"github.com/system-inc/adamic/internal/oracle","Test":"TestNativeAgreesWithNode/internal/oracle/testdata/overload_values/order-valid.ts","Output":"=== RUN   TestNativeAgreesWithNode/internal/oracle/testdata/overload_values/order-valid.ts\n","OutputType":"frame"}
{"Time":"2026-10-09T10:20:55.070132615Z","Action":"output","Package":"github.com/system-inc/adamic/internal/oracle","Test":"TestNativeAgreesWithNode/internal/oracle/testdata/overload_values/order-valid.ts","Output":"=== PAUSE TestNativeAgreesWithNode/internal/oracle/testdata/overload_values/order-valid.ts\n","OutputType":"frame"}
{"Time":"2026-10-09T10:20:55.070134308Z","Action":"pause","Package":"github.com/system-inc/adamic/internal/oracle","Test":"TestNativeAgreesWithNode/internal/oracle/testdata/overload_values/order-valid.ts"}
{"Time":"2026-10-09T10:20:55.070138835Z","Action":"run","Package":"github.com/system-inc/adamic/internal/oracle","Test":"TestNativeAgreesWithNode/internal/oracle/testdata/overload_values/module-valid.ts"}
{"Time":"2026-10-09T10:20:55.070141889Z","Action":"output","Package":"github.com/system-inc/adamic/internal/oracle","Test":"TestNativeAgreesWithNode/internal/oracle/testdata/overload_values/module-valid.ts","Output":"=== RUN   TestNativeAgreesWithNode/internal/oracle/testdata/overload_values/module-valid.ts\n","OutputType":"frame"}
{"Time":"2026-10-09T10:20:55.070144803Z","Action":"output","Package":"github.com/system-inc/adamic/internal/oracle","Test":"TestNativeAgreesWithNode/internal/oracle/testdata/overload_values/module-valid.ts","Output":"=== PAUSE TestNativeAgreesWithNode/internal/oracle/testdata/overload_values/module-valid.ts\n","OutputType":"frame"}
{"Time":"2026-10-09T10:20:55.070146486Z","Action":"pause","Package":"github.com/system-inc/adamic/internal/oracle","Test":"TestNativeAgreesWithNode/internal/oracle/testdata/overload_values/module-valid.ts"}
{"Time":"2026-10-09T10:20:55.070255146Z","Action":"run","Package":"github.com/system-inc/adamic/internal/oracle","Test":"TestNativeAgreesWithNode/internal/oracle/testdata/overload_visitors/instantiations.ts"}
{"Time":"2026-10-09T10:20:55.07025762Z","Action":"output","Package":"github.com/system-inc/adamic/internal/oracle","Test":"TestNativeAgreesWithNode/internal/oracle/testdata/overload_visitors/instantiations.ts","Output":"=== RUN   TestNativeAgreesWithNode/internal/oracle/testdata/overload_visitors/instantiations.ts\n","OutputType":"frame"}
{"Time":"2026-10-09T10:20:55.070261446Z","Action":"output","Package":"github.com/system-inc/adamic/internal/oracle","Test":"TestNativeAgreesWithNode/internal/oracle/testdata/overload_visitors/instantiations.ts","Output":"=== PAUSE TestNativeAgreesWithNode/internal/oracle/testdata/overload_visitors/instantiations.ts\n","OutputType":"frame"}
{"Time":"2026-10-09T10:20:55.070263288Z","Action":"pause","Package":"github.com/system-inc/adamic/internal/oracle","Test":"TestNativeAgreesWithNode/internal/oracle/testdata/overload_visitors/instantiations.ts"}
{"Time":"2026-10-09T10:20:55.070342365Z","Action":"run","Package":"github.com/system-inc/adamic/internal/oracle","Test":"TestNativeAgreesWithNode/internal/oracle/testdata/overload_visitors/original.a"}
{"Time":"2026-10-09T10:20:55.070344889Z","Action":"output","Package":"github.com/system-inc/adamic/internal/oracle","Test":"TestNativeAgreesWithNode/internal/oracle/testdata/overload_visitors/original.a","Output":"=== RUN   TestNativeAgreesWithNode/internal/oracle/testdata/overload_visitors/original.a\n","OutputType":"frame"}
{"Time":"2026-10-09T10:20:55.07037954Z","Action":"output","Package":"github.com/system-inc/adamic/internal/oracle","Test":"TestNativeAgreesWithNode/internal/oracle/testdata/overload_visitors/original.a","Output":"=== PAUSE TestNativeAgreesWithNode/internal/oracle/testdata/overload_visitors/original.a\n","OutputType":"frame"}
{"Time":"2026-10-09T10:20:55.070381413Z","Action":"pause","Package":"github.com/system-inc/adamic/internal/oracle","Test":"TestNativeAgreesWithNode/internal/oracle/testdata/overload_visitors/original.a"}
{"Time":"2026-10-09T10:20:55.070416214Z","Action":"run","Package":"github.com/system-inc/adamic/internal/oracle","Test":"TestNativeAgreesWithNode/internal/oracle/testdata/overload_visitors/original.ts"}
{"Time":"2026-10-09T10:20:55.070418037Z","Action":"output","Package":"github.com/system-inc/adamic/internal/oracle","Test":"TestNativeAgreesWithNode/internal/oracle/testdata/overload_visitors/original.ts","Output":"=== RUN   TestNativeAgreesWithNode/internal/oracle/testdata/overload_visitors/original.ts\n","OutputType":"frame"}
{"Time":"2026-10-09T10:20:55.070420731Z","Action":"output","Package":"github.com/system-inc/adamic/internal/oracle","Test":"TestNativeAgreesWithNode/internal/oracle/testdata/overload_visitors/original.ts","Output":"=== PAUSE TestNativeAgreesWithNode/internal/oracle/testdata/overload_visitors/original.ts\n","OutputType":"frame"}
{"Time":"2026-10-09T10:20:55.070422464Z","Action":"pause","Package":"github.com/system-inc/adamic/internal/oracle","Test":"TestNativeAgreesWithNode/internal/oracle/testdata/overload_visitors/original.ts"}
{"Time":"2026-10-09T10:20:55.070444226Z","Action":"run","Package":"github.com/system-inc/adamic/internal/oracle","Test":"TestNativeAgreesWithNode/internal/oracle/testdata/overload_visitors/helper.a"}
{"Time":"2026-10-09T10:20:55.070446229Z","Action":"output","Package":"github.com/system-inc/adamic/internal/oracle","Test":"TestNativeAgreesWithNode/internal/oracle/testdata/overload_visitors/helper.a","Output":"=== RUN   TestNativeAgreesWithNode/internal/oracle/testdata/overload_visitors/helper.a\n","OutputType":"frame"}
{"Time":"2026-10-09T10:20:55.070448552Z","Action":"output","Package":"github.com/system-inc/adamic/internal/oracle","Test":"TestNativeAgreesWithNode/internal/oracle/testdata/overload_visitors/helper.a","Output":"=== PAUSE TestNativeAgreesWithNode/internal/oracle/testdata/overload_visitors/helper.a\n","OutputType":"frame"}
{"Time":"2026-10-09T10:20:55.070450215Z","Action":"pause","Package":"github.com/system-inc/adamic/internal/oracle","Test":"TestNativeAgreesWithNode/internal/oracle/testdata/overload_visitors/helper.a"}
{"Time":"2026-10-09T10:20:55.070489142Z","Action":"run","Package":"github.com/system-inc/adamic/internal/oracle","Test":"TestNativeAgreesWithNode/internal/oracle/testdata/overload_visitors/helper.ts"}
{"Time":"2026-10-09T10:20:55.070490885Z","Action":"output","Package":"github.com/system-inc/adamic/internal/oracle","Test":"TestNativeAgreesWithNode/internal/oracle/testdata/overload_visitors/helper.ts","Output":"=== RUN   TestNativeAgreesWithNode/internal/oracle/testdata/overload_visitors/helper.ts\n","OutputType":"frame"}
{"Time":"2026-10-09T10:20:55.070493178Z","Action":"output","Package":"github.com/system-inc/adamic/internal/oracle","Test":"TestNativeAgreesWithNode/internal/oracle/testdata/overload_visitors/helper.ts","Output":"=== PAUSE TestNativeAgreesWithNode/internal/oracle/testdata/overload_visitors/helper.ts\n","OutputType":"frame"}
{"Time":"2026-10-09T10:20:55.070495021Z","Action":"pause","Package":"github.com/system-inc/adamic/internal/oracle","Test":"TestNativeAgreesWithNode/internal/oracle/testdata/overload_visitors/helper.ts"}
{"Time":"2026-10-09T10:20:55.070526047Z","Action":"run","Package":"github.com/system-inc/adamic/internal/oracle","Test":"TestNativeAgreesWithNode/internal/oracle/testdata/overload_visitors/overloaded-helper.a"}
{"Time":"2026-10-09T10:20:55.070527789Z","Action":"output","Package":"github.com/system-inc/adamic/internal/oracle","Test":"TestNativeAgreesWithNode/internal/oracle/testdata/overload_visitors/overloaded-helper.a","Output":"=== RUN   TestNativeAgreesWithNode/internal/oracle/testdata/overload_visitors/overloaded-helper.a\n","OutputType":"frame"}
{"Time":"2026-10-09T10:20:55.070530643Z","Action":"output","Package":"github.com/system-inc/adamic/internal/oracle","Test":"TestNativeAgreesWithNode/internal/oracle/testdata/overload_visitors/overloaded-helper.a","Output":"=== PAUSE TestNativeAgreesWithNode/internal/oracle/testdata/overload_visitors/overloaded-helper.a\n","OutputType":"frame"}
{"Time":"2026-10-09T10:20:55.070532326Z","Action":"pause","Package":"github.com/system-inc/adamic/internal/oracle","Test":"TestNativeAgreesWithNode/internal/oracle/testdata/overload_visitors/overloaded-helper.a"}
{"Time":"2026-10-09T10:20:55.070558665Z","Action":"run","Package":"github.com/system-inc/adamic/internal/oracle","Test":"TestNativeAgreesWithNode/internal/oracle/testdata/overload_visitors/overloaded-helper.ts"}
{"Time":"2026-10-09T10:20:55.070560427Z","Action":"output","Package":"github.com/system-inc/adamic/internal/oracle","Test":"TestNativeAgreesWithNode/internal/oracle/testdata/overload_visitors/overloaded-helper.ts","Output":"=== RUN   TestNativeAgreesWithNode/internal/oracle/testdata/overload_visitors/overloaded-helper.ts\n","OutputType":"frame"}
{"Time":"2026-10-09T10:20:55.070563282Z","Action":"output","Package":"github.com/system-inc/adamic/internal/oracle","Test":"TestNativeAgreesWithNode/internal/oracle/testdata/overload_visitors/overloaded-helper.ts","Output":"=== PAUSE TestNativeAgreesWithNode/internal/oracle/testdata/overload_visitors/overloaded-helper.ts\n","OutputType":"frame"}
{"Time":"2026-10-09T10:20:55.070566486Z","Action":"pause","Package":"github.com/system-inc/adamic/internal/oracle","Test":"TestNativeAgreesWithNode/internal/oracle/testdata/overload_visitors/overloaded-helper.ts"}
{"Time":"2026-10-09T10:20:55.072416969Z","Action":"run","Package":"github.com/system-inc/adamic/internal/oracle","Test":"TestNativeAgreesWithNode/internal/oracle/testdata/representation_clock_source.a"}
{"Time":"2026-10-09T10:20:55.072427595Z","Action":"output","Package":"github.com/system-inc/adamic/internal/oracle","Test":"TestNativeAgreesWithNode/internal/oracle/testdata/representation_clock_source.a","Output":"=== RUN   TestNativeAgreesWithNode/internal/oracle/testdata/representation_clock_source.a\n","OutputType":"frame"}
{"Time":"2026-10-09T10:20:55.072446783Z","Action":"output","Package":"github.com/system-inc/adamic/internal/oracle","Test":"TestNativeAgreesWithNode/internal/oracle/testdata/representation_clock_source.a","Output":"=== PAUSE TestNativeAgreesWithNode/internal/oracle/testdata/representation_clock_source.a\n","OutputType":"frame"}
{"Time":"2026-10-09T10:20:55.072449097Z","Action":"pause","Package":"github.com/system-inc/adamic/internal/oracle","Test":"TestNativeAgreesWithNode/internal/oracle/testdata/representation_clock_source.a"}
{"Time":"2026-10-09T10:20:55.074406508Z","Action":"cont","Package":"github.com/system-inc/adamic/internal/oracle","Test":"TestNativeAgreesWithNode/internal/oracle/testdata/census_overload_binders.a"}
{"Time":"2026-10-09T10:20:55.074418075Z","Action":"output","Package":"github.com/system-inc/adamic/internal/oracle","Test":"TestNativeAgreesWithNode/internal/oracle/testdata/census_overload_binders.a","Output":"=== CONT  TestNativeAgreesWithNode/internal/oracle/testdata/census_overload_binders.a\n","OutputType":"frame"}
{"Time":"2026-10-09T10:20:55.074422391Z","Action":"cont","Package":"github.com/system-inc/adamic/internal/oracle","Test":"TestNativeAgreesWithNode/internal/oracle/testdata/overload_results_parameter.a"}
{"Time":"2026-10-09T10:20:55.074424404Z","Action":"output","Package":"github.com/system-inc/adamic/internal/oracle","Test":"TestNativeAgreesWithNode/internal/oracle/testdata/overload_results_parameter.a","Output":"=== CONT  TestNativeAgreesWithNode/internal/oracle/testdata/overload_results_parameter.a\n","OutputType":"frame"}
{"Time":"2026-10-09T10:20:55.074427098Z","Action":"cont","Package":"github.com/system-inc/adamic/internal/oracle","Test":"TestNativeAgreesWithNode/internal/oracle/testdata/overload_values/narrow-valid.ts"}
{"Time":"2026-10-09T10:20:55.074428921Z","Action":"output","Package":"github.com/system-inc/adamic/internal/oracle","Test":"TestNativeAgreesWithNode/internal/oracle/testdata/overload_values/narrow-valid.ts","Output":"=== CONT  TestNativeAgreesWithNode/internal/oracle/testdata/overload_values/narrow-valid.ts\n","OutputType":"frame"}
{"Time":"2026-10-09T10:20:55.074431084Z","Action":"cont","Package":"github.com/system-inc/adamic/internal/oracle","Test":"TestNativeAgreesWithNode/internal/oracle/testdata/overload_structural_block.a"}
{"Time":"2026-10-09T10:20:55.074432867Z","Action":"output","Package":"github.com/system-inc/adamic/internal/oracle","Test":"TestNativeAgreesWithNode/internal/oracle/testdata/overload_structural_block.a","Output":"=== CONT  TestNativeAgreesWithNode/internal/oracle/testdata/overload_structural_block.a\n","OutputType":"frame"}
{"Time":"2026-10-09T10:20:55.564027444Z","Action":"output","Package":"github.com/system-inc/adamic/internal/oracle","Test":"TestNativeAgreesWithNode/internal/oracle/testdata/overload_results_parameter.a","Output":"--- PASS: TestNativeAgreesWithNode/internal/oracle/testdata/overload_results_parameter.a (0.49s)\n","OutputType":"frame"}
{"Time":"2026-10-09T10:20:55.564068815Z","Action":"pass","Package":"github.com/system-inc/adamic/internal/oracle","Test":"TestNativeAgreesWithNode/internal/oracle/testdata/overload_results_parameter.a","Elapsed":0.49}
{"Time":"2026-10-09T10:20:55.564092801Z","Action":"cont","Package":"github.com/system-inc/adamic/internal/oracle","Test":"TestNativeAgreesWithNode/internal/oracle/testdata/overload_values/returned-valid.ts"}
{"Time":"2026-10-09T10:20:55.564096236Z","Action":"output","Package":"github.com/system-inc/adamic/internal/oracle","Test":"TestNativeAgreesWithNode/internal/oracle/testdata/overload_values/returned-valid.ts","Output":"=== CONT  TestNativeAgreesWithNode/internal/oracle/testdata/overload_values/returned-valid.ts\n","OutputType":"frame"}
{"Time":"2026-10-09T10:20:55.598661545Z","Action":"output","Package":"github.com/system-inc/adamic/internal/oracle","Test":"TestNativeAgreesWithNode/internal/oracle/testdata/census_overload_binders.a","Output":"--- PASS: TestNativeAgreesWithNode/internal/oracle/testdata/census_overload_binders.a (0.52s)\n","OutputType":"frame"}
{"Time":"2026-10-09T10:20:55.598709836Z","Action":"pass","Package":"github.com/system-inc/adamic/internal/oracle","Test":"TestNativeAgreesWithNode/internal/oracle/testdata/census_overload_binders.a","Elapsed":0.52}
{"Time":"2026-10-09T10:20:55.598716146Z","Action":"cont","Package":"github.com/system-inc/adamic/internal/oracle","Test":"TestNativeAgreesWithNode/internal/oracle/testdata/overload_values/proven.a"}
{"Time":"2026-10-09T10:20:55.59871874Z","Action":"output","Package":"github.com/system-inc/adamic/internal/oracle","Test":"TestNativeAgreesWithNode/internal/oracle/testdata/overload_values/proven.a","Output":"=== CONT  TestNativeAgreesWithNode/internal/oracle/testdata/overload_values/proven.a\n","OutputType":"frame"}
{"Time":"2026-10-09T10:20:55.620427123Z","Action":"output","Package":"github.com/system-inc/adamic/internal/oracle","Test":"TestNativeAgreesWithNode/internal/oracle/testdata/overload_structural_block.a","Output":"--- PASS: TestNativeAgreesWithNode/internal/oracle/testdata/overload_structural_block.a (0.55s)\n","OutputType":"frame"}
{"Time":"2026-10-09T10:20:55.620470217Z","Action":"pass","Package":"github.com/system-inc/adamic/internal/oracle","Test":"TestNativeAgreesWithNode/internal/oracle/testdata/overload_structural_block.a","Elapsed":0.55}
{"Time":"2026-10-09T10:20:55.620476476Z","Action":"cont","Package":"github.com/system-inc/adamic/internal/oracle","Test":"TestNativeAgreesWithNode/internal/oracle/testdata/overload_structural_factory.a"}
{"Time":"2026-10-09T10:20:55.62047919Z","Action":"output","Package":"github.com/system-inc/adamic/internal/oracle","Test":"TestNativeAgreesWithNode/internal/oracle/testdata/overload_structural_factory.a","Output":"=== CONT  TestNativeAgreesWithNode/internal/oracle/testdata/overload_structural_factory.a\n","OutputType":"frame"}
{"Time":"2026-10-09T10:20:55.624821915Z","Action":"output","Package":"github.com/system-inc/adamic/internal/oracle","Test":"TestNativeAgreesWithNode/internal/oracle/testdata/overload_values/narrow-valid.ts","Output":"--- PASS: TestNativeAgreesWithNode/internal/oracle/testdata/overload_values/narrow-valid.ts (0.55s)\n","OutputType":"frame"}
{"Time":"2026-10-09T10:20:55.624854513Z","Action":"pass","Package":"github.com/system-inc/adamic/internal/oracle","Test":"TestNativeAgreesWithNode/internal/oracle/testdata/overload_values/narrow-valid.ts","Elapsed":0.55}
{"Time":"2026-10-09T10:20:55.62485966Z","Action":"cont","Package":"github.com/system-inc/adamic/internal/oracle","Test":"TestNativeAgreesWithNode/internal/oracle/testdata/overload_structural_fields.a"}
{"Time":"2026-10-09T10:20:55.624862174Z","Action":"output","Package":"github.com/system-inc/adamic/internal/oracle","Test":"TestNativeAgreesWithNode/internal/oracle/testdata/overload_structural_fields.a","Output":"=== CONT  TestNativeAgreesWithNode/internal/oracle/testdata/overload_structural_fields.a\n","OutputType":"frame"}
{"Time":"2026-10-09T10:20:56.075989334Z","Action":"output","Package":"github.com/system-inc/adamic/internal/oracle","Test":"TestNativeAgreesWithNode/internal/oracle/testdata/overload_structural_fields.a","Output":"--- PASS: TestNativeAgreesWithNode/internal/oracle/testdata/overload_structural_fields.a (0.45s)\n","OutputType":"frame"}
{"Time":"2026-10-09T10:20:56.076246614Z","Action":"pass","Package":"github.com/system-inc/adamic/internal/oracle","Test":"TestNativeAgreesWithNode/internal/oracle/testdata/overload_structural_fields.a","Elapsed":0.45}
{"Time":"2026-10-09T10:20:56.076257139Z","Action":"cont","Package":"github.com/system-inc/adamic/internal/oracle","Test":"TestNativeAgreesWithNode/internal/oracle/testdata/overload_structural_evaluator.a"}
{"Time":"2026-10-09T10:20:56.076267995Z","Action":"output","Package":"github.com/system-inc/adamic/internal/oracle","Test":"TestNativeAgreesWithNode/internal/oracle/testdata/overload_structural_evaluator.a","Output":"=== CONT  TestNativeAgreesWithNode/internal/oracle/testdata/overload_structural_evaluator.a\n","OutputType":"frame"}
{"Time":"2026-10-09T10:20:56.105534853Z","Action":"output","Package":"github.com/system-inc/adamic/internal/oracle","Test":"TestNativeAgreesWithNode/internal/oracle/testdata/overload_structural_factory.a","Output":"--- PASS: TestNativeAgreesWithNode/internal/oracle/testdata/overload_structural_factory.a (0.49s)\n","OutputType":"frame"}
{"Time":"2026-10-09T10:20:56.105586449Z","Action":"pass","Package":"github.com/system-inc/adamic/internal/oracle","Test":"TestNativeAgreesWithNode/internal/oracle/testdata/overload_structural_factory.a","Elapsed":0.49}
{"Time":"2026-10-09T10:20:56.105594321Z","Action":"cont","Package":"github.com/system-inc/adamic/internal/oracle","Test":"TestNativeAgreesWithNode/internal/oracle/testdata/overload_callback_served.a"}
{"Time":"2026-10-09T10:20:56.105598427Z","Action":"output","Package":"github.com/system-inc/adamic/internal/oracle","Test":"TestNativeAgreesWithNode/internal/oracle/testdata/overload_callback_served.a","Output":"=== CONT  TestNativeAgreesWithNode/internal/oracle/testdata/overload_callback_served.a\n","OutputType":"frame"}
{"Time":"2026-10-09T10:20:56.109063936Z","Action":"output","Package":"github.com/system-inc/adamic/internal/oracle","Test":"TestNativeAgreesWithNode/internal/oracle/testdata/overload_values/proven.a","Output":"--- PASS: TestNativeAgreesWithNode/internal/oracle/testdata/overload_values/proven.a (0.51s)\n","OutputType":"frame"}
{"Time":"2026-10-09T10:20:56.109098106Z","Action":"pass","Package":"github.com/system-inc/adamic/internal/oracle","Test":"TestNativeAgreesWithNode/internal/oracle/testdata/overload_values/proven.a","Elapsed":0.51}
{"Time":"2026-10-09T10:20:56.109104145Z","Action":"cont","Package":"github.com/system-inc/adamic/internal/oracle","Test":"TestNativeAgreesWithNode/internal/oracle/testdata/overload_results_binding.a"}
{"Time":"2026-10-09T10:20:56.10910759Z","Action":"output","Package":"github.com/system-inc/adamic/internal/oracle","Test":"TestNativeAgreesWithNode/internal/oracle/testdata/overload_results_binding.a","Output":"=== CONT  TestNativeAgreesWithNode/internal/oracle/testdata/overload_results_binding.a\n","OutputType":"frame"}
{"Time":"2026-10-09T10:20:56.145513497Z","Action":"output","Package":"github.com/system-inc/adamic/internal/oracle","Test":"TestNativeAgreesWithNode/internal/oracle/testdata/overload_values/returned-valid.ts","Output":"--- PASS: TestNativeAgreesWithNode/internal/oracle/testdata/overload_values/returned-valid.ts (0.58s)\n","OutputType":"frame"}
{"Time":"2026-10-09T10:20:56.145568098Z","Action":"pass","Package":"github.com/system-inc/adamic/internal/oracle","Test":"TestNativeAgreesWithNode/internal/oracle/testdata/overload_values/returned-valid.ts","Elapsed":0.58}
{"Time":"2026-10-09T10:20:56.14557639Z","Action":"cont","Package":"github.com/system-inc/adamic/internal/oracle","Test":"TestNativeAgreesWithNode/internal/oracle/testdata/overload_results_evaluate.a"}
{"Time":"2026-10-09T10:20:56.145580496Z","Action":"output","Package":"github.com/system-inc/adamic/internal/oracle","Test":"TestNativeAgreesWithNode/internal/oracle/testdata/overload_results_evaluate.a","Output":"=== CONT  TestNativeAgreesWithNode/internal/oracle/testdata/overload_results_evaluate.a\n","OutputType":"frame"}
{"Time":"2026-10-09T10:20:56.57174718Z","Action":"output","Package":"github.com/system-inc/adamic/internal/oracle","Test":"TestNativeAgreesWithNode/internal/oracle/testdata/overload_structural_evaluator.a","Output":"--- PASS: TestNativeAgreesWithNode/internal/oracle/testdata/overload_structural_evaluator.a (0.49s)\n","OutputType":"frame"}
{"Time":"2026-10-09T10:20:56.571795401Z","Action":"pass","Package":"github.com/system-inc/adamic/internal/oracle","Test":"TestNativeAgreesWithNode/internal/oracle/testdata/overload_structural_evaluator.a","Elapsed":0.49}
{"Time":"2026-10-09T10:20:56.571802422Z","Action":"cont","Package":"github.com/system-inc/adamic/internal/oracle","Test":"TestNativeAgreesWithNode/internal/oracle/testdata/overload_results_transform.a"}
{"Time":"2026-10-09T10:20:56.571805516Z","Action":"output","Package":"github.com/system-inc/adamic/internal/oracle","Test":"TestNativeAgreesWithNode/internal/oracle/testdata/overload_results_transform.a","Output":"=== CONT  TestNativeAgreesWithNode/internal/oracle/testdata/overload_results_transform.a\n","OutputType":"frame"}
{"Time":"2026-10-09T10:20:56.629248335Z","Action":"output","Package":"github.com/system-inc/adamic/internal/oracle","Test":"TestNativeAgreesWithNode/internal/oracle/testdata/overload_callback_served.a","Output":"--- PASS: TestNativeAgreesWithNode/internal/oracle/testdata/overload_callback_served.a (0.52s)\n","OutputType":"frame"}
{"Time":"2026-10-09T10:20:56.629321153Z","Action":"pass","Package":"github.com/system-inc/adamic/internal/oracle","Test":"TestNativeAgreesWithNode/internal/oracle/testdata/overload_callback_served.a","Elapsed":0.52}
{"Time":"2026-10-09T10:20:56.629329575Z","Action":"cont","Package":"github.com/system-inc/adamic/internal/oracle","Test":"TestNativeAgreesWithNode/internal/oracle/testdata/overload_field_hatch/value-undefined.ts"}
{"Time":"2026-10-09T10:20:56.629355143Z","Action":"output","Package":"github.com/system-inc/adamic/internal/oracle","Test":"TestNativeAgreesWithNode/internal/oracle/testdata/overload_field_hatch/value-undefined.ts","Output":"=== CONT  TestNativeAgreesWithNode/internal/oracle/testdata/overload_field_hatch/value-undefined.ts\n","OutputType":"frame"}
{"Time":"2026-10-09T10:20:56.642500169Z","Action":"output","Package":"github.com/system-inc/adamic/internal/oracle","Test":"TestNativeAgreesWithNode/internal/oracle/testdata/overload_results_binding.a","Output":"--- PASS: TestNativeAgreesWithNode/internal/oracle/testdata/overload_results_binding.a (0.53s)\n","OutputType":"frame"}
{"Time":"2026-10-09T10:20:56.642599285Z","Action":"pass","Package":"github.com/system-inc/adamic/internal/oracle","Test":"TestNativeAgreesWithNode/internal/oracle/testdata/overload_results_binding.a","Elapsed":0.53}
{"Time":"2026-10-09T10:20:56.6426093Z","Action":"cont","Package":"github.com/system-inc/adamic/internal/oracle","Test":"TestNativeAgreesWithNode/internal/oracle/testdata/overload_field_hatch/value-valid.ts"}
{"Time":"2026-10-09T10:20:56.642613196Z","Action":"output","Package":"github.com/system-inc/adamic/internal/oracle","Test":"TestNativeAgreesWithNode/internal/oracle/testdata/overload_field_hatch/value-valid.ts","Output":"=== CONT  TestNativeAgreesWithNode/internal/oracle/testdata/overload_field_hatch/value-valid.ts\n","OutputType":"frame"}
{"Time":"2026-10-09T10:20:56.713553336Z","Action":"output","Package":"github.com/system-inc/adamic/internal/oracle","Test":"TestNativeAgreesWithNode/internal/oracle/testdata/overload_results_evaluate.a","Output":"--- PASS: TestNativeAgreesWithNode/internal/oracle/testdata/overload_results_evaluate.a (0.57s)\n","OutputType":"frame"}
{"Time":"2026-10-09T10:20:56.71359684Z","Action":"pass","Package":"github.com/system-inc/adamic/internal/oracle","Test":"TestNativeAgreesWithNode/internal/oracle/testdata/overload_results_evaluate.a","Elapsed":0.57}
{"Time":"2026-10-09T10:20:56.713603199Z","Action":"cont","Package":"github.com/system-inc/adamic/internal/oracle","Test":"TestNativeAgreesWithNode/internal/oracle/testdata/overload_field_hatch/kind-valid.ts"}
{"Time":"2026-10-09T10:20:56.713606995Z","Action":"output","Package":"github.com/system-inc/adamic/internal/oracle","Test":"TestNativeAgreesWithNode/internal/oracle/testdata/overload_field_hatch/kind-valid.ts","Output":"=== CONT  TestNativeAgreesWithNode/internal/oracle/testdata/overload_field_hatch/kind-valid.ts\n","OutputType":"frame"}
{"Time":"2026-10-09T10:20:57.07407521Z","Action":"output","Package":"github.com/system-inc/adamic/internal/oracle","Test":"TestNativeAgreesWithNode/internal/oracle/testdata/overload_results_transform.a","Output":"--- PASS: TestNativeAgreesWithNode/internal/oracle/testdata/overload_results_transform.a (0.50s)\n","OutputType":"frame"}
{"Time":"2026-10-09T10:20:57.074120848Z","Action":"pass","Package":"github.com/system-inc/adamic/internal/oracle","Test":"TestNativeAgreesWithNode/internal/oracle/testdata/overload_results_transform.a","Elapsed":0.5}
{"Time":"2026-10-09T10:20:57.074127558Z","Action":"cont","Package":"github.com/system-inc/adamic/internal/oracle","Test":"TestNativeAgreesWithNode/internal/oracle/testdata/overload_original_node.a"}
{"Time":"2026-10-09T10:20:57.074130091Z","Action":"output","Package":"github.com/system-inc/adamic/internal/oracle","Test":"TestNativeAgreesWithNode/internal/oracle/testdata/overload_original_node.a","Output":"=== CONT  TestNativeAgreesWithNode/internal/oracle/testdata/overload_original_node.a\n","OutputType":"frame"}
{"Time":"2026-10-09T10:20:57.165073034Z","Action":"output","Package":"github.com/system-inc/adamic/internal/oracle","Test":"TestNativeAgreesWithNode/internal/oracle/testdata/overload_field_hatch/value-undefined.ts","Output":"--- PASS: TestNativeAgreesWithNode/internal/oracle/testdata/overload_field_hatch/value-undefined.ts (0.54s)\n","OutputType":"frame"}
{"Time":"2026-10-09T10:20:57.165127684Z","Action":"pass","Package":"github.com/system-inc/adamic/internal/oracle","Test":"TestNativeAgreesWithNode/internal/oracle/testdata/overload_field_hatch/value-undefined.ts","Elapsed":0.54}
{"Time":"2026-10-09T10:20:57.16516521Z","Action":"cont","Package":"github.com/system-inc/adamic/internal/oracle","Test":"TestNativeAgreesWithNode/internal/oracle/testdata/overload_trailing_comment_range.a"}
{"Time":"2026-10-09T10:20:57.165170257Z","Action":"output","Package":"github.com/system-inc/adamic/internal/oracle","Test":"TestNativeAgreesWithNode/internal/oracle/testdata/overload_trailing_comment_range.a","Output":"=== CONT  TestNativeAgreesWithNode/internal/oracle/testdata/overload_trailing_comment_range.a\n","OutputType":"frame"}
{"Time":"2026-10-09T10:20:57.179252322Z","Action":"output","Package":"github.com/system-inc/adamic/internal/oracle","Test":"TestNativeAgreesWithNode/internal/oracle/testdata/overload_field_hatch/value-valid.ts","Output":"--- PASS: TestNativeAgreesWithNode/internal/oracle/testdata/overload_field_hatch/value-valid.ts (0.54s)\n","OutputType":"frame"}
{"Time":"2026-10-09T10:20:57.179324158Z","Action":"pass","Package":"github.com/system-inc/adamic/internal/oracle","Test":"TestNativeAgreesWithNode/internal/oracle/testdata/overload_field_hatch/value-valid.ts","Elapsed":0.54}
{"Time":"2026-10-09T10:20:57.179335695Z","Action":"cont","Package":"github.com/system-inc/adamic/internal/oracle","Test":"TestNativeAgreesWithNode/internal/oracle/testdata/overload_leading_comment_range.a"}
{"Time":"2026-10-09T10:20:57.179338529Z","Action":"output","Package":"github.com/system-inc/adamic/internal/oracle","Test":"TestNativeAgreesWithNode/internal/oracle/testdata/overload_leading_comment_range.a","Output":"=== CONT  TestNativeAgreesWithNode/internal/oracle/testdata/overload_leading_comment_range.a\n","OutputType":"frame"}
{"Time":"2026-10-09T10:20:57.233672009Z","Action":"output","Package":"github.com/system-inc/adamic/internal/oracle","Test":"TestNativeAgreesWithNode/internal/oracle/testdata/overload_field_hatch/kind-valid.ts","Output":"--- PASS: TestNativeAgreesWithNode/internal/oracle/testdata/overload_field_hatch/kind-valid.ts (0.52s)\n","OutputType":"frame"}
{"Time":"2026-10-09T10:20:57.233724006Z","Action":"pass","Package":"github.com/system-inc/adamic/internal/oracle","Test":"TestNativeAgreesWithNode/internal/oracle/testdata/overload_field_hatch/kind-valid.ts","Elapsed":0.52}
{"Time":"2026-10-09T10:20:57.233738107Z","Action":"cont","Package":"github.com/system-inc/adamic/internal/oracle","Test":"TestNativeAgreesWithNode/internal/oracle/testdata/overload_ancestor_directory.a"}
{"Time":"2026-10-09T10:20:57.233742363Z","Action":"output","Package":"github.com/system-inc/adamic/internal/oracle","Test":"TestNativeAgreesWithNode/internal/oracle/testdata/overload_ancestor_directory.a","Output":"=== CONT  TestNativeAgreesWithNode/internal/oracle/testdata/overload_ancestor_directory.a\n","OutputType":"frame"}
{"Time":"2026-10-09T10:20:57.547562094Z","Action":"output","Package":"github.com/system-inc/adamic/internal/oracle","Test":"TestNativeAgreesWithNode/internal/oracle/testdata/overload_original_node.a","Output":"--- PASS: TestNativeAgreesWithNode/internal/oracle/testdata/overload_original_node.a (0.47s)\n","OutputType":"frame"}
{"Time":"2026-10-09T10:20:57.547614752Z","Action":"pass","Package":"github.com/system-inc/adamic/internal/oracle","Test":"TestNativeAgreesWithNode/internal/oracle/testdata/overload_original_node.a","Elapsed":0.47}
{"Time":"2026-10-09T10:20:57.547621001Z","Action":"cont","Package":"github.com/system-inc/adamic/internal/oracle","Test":"TestNativeAgreesWithNode/internal/oracle/testdata/overload_mutate_map_skipping_new.a"}
{"Time":"2026-10-09T10:20:57.547624927Z","Action":"output","Package":"github.com/system-inc/adamic/internal/oracle","Test":"TestNativeAgreesWithNode/internal/oracle/testdata/overload_mutate_map_skipping_new.a","Output":"=== CONT  TestNativeAgreesWithNode/internal/oracle/testdata/overload_mutate_map_skipping_new.a\n","OutputType":"frame"}
{"Time":"2026-10-09T10:20:57.641045249Z","Action":"output","Package":"github.com/system-inc/adamic/internal/oracle","Test":"TestNativeAgreesWithNode/internal/oracle/testdata/overload_trailing_comment_range.a","Output":"--- PASS: TestNativeAgreesWithNode/internal/oracle/testdata/overload_trailing_comment_range.a (0.48s)\n","OutputType":"frame"}
{"Time":"2026-10-09T10:20:57.641093049Z","Action":"pass","Package":"github.com/system-inc/adamic/internal/oracle","Test":"TestNativeAgreesWithNode/internal/oracle/testdata/overload_trailing_comment_range.a","Elapsed":0.48}
{"Time":"2026-10-09T10:20:57.641099229Z","Action":"cont","Package":"github.com/system-inc/adamic/internal/oracle","Test":"TestNativeAgreesWithNode/internal/oracle/testdata/overload_sort_deduplicate.a"}
{"Time":"2026-10-09T10:20:57.641101963Z","Action":"output","Package":"github.com/system-inc/adamic/internal/oracle","Test":"TestNativeAgreesWithNode/internal/oracle/testdata/overload_sort_deduplicate.a","Output":"=== CONT  TestNativeAgreesWithNode/internal/oracle/testdata/overload_sort_deduplicate.a\n","OutputType":"frame"}
{"Time":"2026-10-09T10:20:57.671563134Z","Action":"output","Package":"github.com/system-inc/adamic/internal/oracle","Test":"TestNativeAgreesWithNode/internal/oracle/testdata/overload_leading_comment_range.a","Output":"--- PASS: TestNativeAgreesWithNode/internal/oracle/testdata/overload_leading_comment_range.a (0.49s)\n","OutputType":"frame"}
{"Time":"2026-10-09T10:20:57.671608621Z","Action":"pass","Package":"github.com/system-inc/adamic/internal/oracle","Test":"TestNativeAgreesWithNode/internal/oracle/testdata/overload_leading_comment_range.a","Elapsed":0.49}
{"Time":"2026-10-09T10:20:57.67161491Z","Action":"cont","Package":"github.com/system-inc/adamic/internal/oracle","Test":"TestNativeAgreesWithNode/internal/oracle/testdata/overload_resolve_type_names.a"}
{"Time":"2026-10-09T10:20:57.671617915Z","Action":"output","Package":"github.com/system-inc/adamic/internal/oracle","Test":"TestNativeAgreesWithNode/internal/oracle/testdata/overload_resolve_type_names.a","Output":"=== CONT  TestNativeAgreesWithNode/internal/oracle/testdata/overload_resolve_type_names.a\n","OutputType":"frame"}
{"Time":"2026-10-09T10:20:57.674075845Z","Action":"output","Package":"github.com/system-inc/adamic/internal/oracle","Test":"TestNativeAgreesWithNode/internal/oracle/testdata/overload_ancestor_directory.a","Output":"--- PASS: TestNativeAgreesWithNode/internal/oracle/testdata/overload_ancestor_directory.a (0.44s)\n","OutputType":"frame"}
{"Time":"2026-10-09T10:20:57.674095925Z","Action":"pass","Package":"github.com/system-inc/adamic/internal/oracle","Test":"TestNativeAgreesWithNode/internal/oracle/testdata/overload_ancestor_directory.a","Elapsed":0.44}
{"Time":"2026-10-09T10:20:57.674099029Z","Action":"cont","Package":"github.com/system-inc/adamic/internal/oracle","Test":"TestNativeAgreesWithNode/internal/oracle/testdata/overload_mutate_map.a"}
{"Time":"2026-10-09T10:20:57.674101253Z","Action":"output","Package":"github.com/system-inc/adamic/internal/oracle","Test":"TestNativeAgreesWithNode/internal/oracle/testdata/overload_mutate_map.a","Output":"=== CONT  TestNativeAgreesWithNode/internal/oracle/testdata/overload_mutate_map.a\n","OutputType":"frame"}
{"Time":"2026-10-09T10:20:58.037345374Z","Action":"output","Package":"github.com/system-inc/adamic/internal/oracle","Test":"TestNativeAgreesWithNode/internal/oracle/testdata/overload_mutate_map_skipping_new.a","Output":"--- PASS: TestNativeAgreesWithNode/internal/oracle/testdata/overload_mutate_map_skipping_new.a (0.49s)\n","OutputType":"frame"}
{"Time":"2026-10-09T10:20:58.03739004Z","Action":"pass","Package":"github.com/system-inc/adamic/internal/oracle","Test":"TestNativeAgreesWithNode/internal/oracle/testdata/overload_mutate_map_skipping_new.a","Elapsed":0.49}
{"Time":"2026-10-09T10:20:58.03739672Z","Action":"cont","Package":"github.com/system-inc/adamic/internal/oracle","Test":"TestNativeAgreesWithNode/internal/oracle/testdata/hidden_boundary_never_array.a"}
{"Time":"2026-10-09T10:20:58.037399564Z","Action":"output","Package":"github.com/system-inc/adamic/internal/oracle","Test":"TestNativeAgreesWithNode/internal/oracle/testdata/hidden_boundary_never_array.a","Output":"=== CONT  TestNativeAgreesWithNode/internal/oracle/testdata/hidden_boundary_never_array.a\n","OutputType":"frame"}
{"Time":"2026-10-09T10:20:58.097432703Z","Action":"output","Package":"github.com/system-inc/adamic/internal/oracle","Test":"TestNativeAgreesWithNode/internal/oracle/testdata/overload_sort_deduplicate.a","Output":"--- PASS: TestNativeAgreesWithNode/internal/oracle/testdata/overload_sort_deduplicate.a (0.46s)\n","OutputType":"frame"}
{"Time":"2026-10-09T10:20:58.097537247Z","Action":"pass","Package":"github.com/system-inc/adamic/internal/oracle","Test":"TestNativeAgreesWithNode/internal/oracle/testdata/overload_sort_deduplicate.a","Elapsed":0.46}
{"Time":"2026-10-09T10:20:58.097550807Z","Action":"cont","Package":"github.com/system-inc/adamic/internal/oracle","Test":"TestNativeAgreesWithNode/internal/oracle/testdata/overload_results_scalar.a"}
{"Time":"2026-10-09T10:20:58.097553361Z","Action":"output","Package":"github.com/system-inc/adamic/internal/oracle","Test":"TestNativeAgreesWithNode/internal/oracle/testdata/overload_results_scalar.a","Output":"=== CONT  TestNativeAgreesWithNode/internal/oracle/testdata/overload_results_scalar.a\n","OutputType":"frame"}
{"Time":"2026-10-09T10:20:58.1291505Z","Action":"output","Package":"github.com/system-inc/adamic/internal/oracle","Test":"TestNativeAgreesWithNode/internal/oracle/testdata/overload_resolve_type_names.a","Output":"--- PASS: TestNativeAgreesWithNode/internal/oracle/testdata/overload_resolve_type_names.a (0.46s)\n","OutputType":"frame"}
{"Time":"2026-10-09T10:20:58.129201145Z","Action":"pass","Package":"github.com/system-inc/adamic/internal/oracle","Test":"TestNativeAgreesWithNode/internal/oracle/testdata/overload_resolve_type_names.a","Elapsed":0.46}
{"Time":"2026-10-09T10:20:58.129209267Z","Action":"cont","Package":"github.com/system-inc/adamic/internal/oracle","Test":"TestNativeAgreesWithNode/internal/oracle/testdata/overload_array_to_numeric_map.a"}
{"Time":"2026-10-09T10:20:58.129213122Z","Action":"output","Package":"github.com/system-inc/adamic/internal/oracle","Test":"TestNativeAgreesWithNode/internal/oracle/testdata/overload_array_to_numeric_map.a","Output":"=== CONT  TestNativeAgreesWithNode/internal/oracle/testdata/overload_array_to_numeric_map.a\n","OutputType":"frame"}
{"Time":"2026-10-09T10:20:58.176656466Z","Action":"output","Package":"github.com/system-inc/adamic/internal/oracle","Test":"TestNativeAgreesWithNode/internal/oracle/testdata/overload_mutate_map.a","Output":"--- PASS: TestNativeAgreesWithNode/internal/oracle/testdata/overload_mutate_map.a (0.50s)\n","OutputType":"frame"}
{"Time":"2026-10-09T10:20:58.176708463Z","Action":"pass","Package":"github.com/system-inc/adamic/internal/oracle","Test":"TestNativeAgreesWithNode/internal/oracle/testdata/overload_mutate_map.a","Elapsed":0.5}
{"Time":"2026-10-09T10:20:58.176716775Z","Action":"cont","Package":"github.com/system-inc/adamic/internal/oracle","Test":"TestNativeAgreesWithNode/internal/oracle/testdata/overload_array_to_map.a"}
{"Time":"2026-10-09T10:20:58.176720982Z","Action":"output","Package":"github.com/system-inc/adamic/internal/oracle","Test":"TestNativeAgreesWithNode/internal/oracle/testdata/overload_array_to_map.a","Output":"=== CONT  TestNativeAgreesWithNode/internal/oracle/testdata/overload_array_to_map.a\n","OutputType":"frame"}
{"Time":"2026-10-09T10:20:58.468587748Z","Action":"output","Package":"github.com/system-inc/adamic/internal/oracle","Test":"TestNativeAgreesWithNode/internal/oracle/testdata/hidden_boundary_never_array.a","Output":"--- PASS: TestNativeAgreesWithNode/internal/oracle/testdata/hidden_boundary_never_array.a (0.43s)\n","OutputType":"frame"}
{"Time":"2026-10-09T10:20:58.468637201Z","Action":"pass","Package":"github.com/system-inc/adamic/internal/oracle","Test":"TestNativeAgreesWithNode/internal/oracle/testdata/hidden_boundary_never_array.a","Elapsed":0.43}
{"Time":"2026-10-09T10:20:58.468644923Z","Action":"cont","Package":"github.com/system-inc/adamic/internal/oracle","Test":"TestNativeAgreesWithNode/internal/oracle/testdata/overload_inference_contracts.a"}
{"Time":"2026-10-09T10:20:58.468649439Z","Action":"output","Package":"github.com/system-inc/adamic/internal/oracle","Test":"TestNativeAgreesWithNode/internal/oracle/testdata/overload_inference_contracts.a","Output":"=== CONT  TestNativeAgreesWithNode/internal/oracle/testdata/overload_inference_contracts.a\n","OutputType":"frame"}
{"Time":"2026-10-09T10:20:58.55707513Z","Action":"output","Package":"github.com/system-inc/adamic/internal/oracle","Test":"TestNativeAgreesWithNode/internal/oracle/testdata/overload_results_scalar.a","Output":"--- PASS: TestNativeAgreesWithNode/internal/oracle/testdata/overload_results_scalar.a (0.46s)\n","OutputType":"frame"}
{"Time":"2026-10-09T10:20:58.55713634Z","Action":"pass","Package":"github.com/system-inc/adamic/internal/oracle","Test":"TestNativeAgreesWithNode/internal/oracle/testdata/overload_results_scalar.a","Elapsed":0.46}
{"Time":"2026-10-09T10:20:58.55714319Z","Action":"cont","Package":"github.com/system-inc/adamic/internal/oracle","Test":"TestNativeAgreesWithNode/internal/oracle/testdata/hidden_boundary_never_array_observations.a"}
{"Time":"2026-10-09T10:20:58.557145463Z","Action":"output","Package":"github.com/system-inc/adamic/internal/oracle","Test":"TestNativeAgreesWithNode/internal/oracle/testdata/hidden_boundary_never_array_observations.a","Output":"=== CONT  TestNativeAgreesWithNode/internal/oracle/testdata/hidden_boundary_never_array_observations.a\n","OutputType":"frame"}
{"Time":"2026-10-09T10:20:58.602522125Z","Action":"output","Package":"github.com/system-inc/adamic/internal/oracle","Test":"TestNativeAgreesWithNode/internal/oracle/testdata/overload_array_to_numeric_map.a","Output":"--- PASS: TestNativeAgreesWithNode/internal/oracle/testdata/overload_array_to_numeric_map.a (0.47s)\n","OutputType":"frame"}
{"Time":"2026-10-09T10:20:58.602582704Z","Action":"pass","Package":"github.com/system-inc/adamic/internal/oracle","Test":"TestNativeAgreesWithNode/internal/oracle/testdata/overload_array_to_numeric_map.a","Elapsed":0.47}
{"Time":"2026-10-09T10:20:58.602590987Z","Action":"cont","Package":"github.com/system-inc/adamic/internal/oracle","Test":"TestNativeAgreesWithNode/internal/oracle/testdata/overload_array_to_multimap.a"}
{"Time":"2026-10-09T10:20:58.602595213Z","Action":"output","Package":"github.com/system-inc/adamic/internal/oracle","Test":"TestNativeAgreesWithNode/internal/oracle/testdata/overload_array_to_multimap.a","Output":"=== CONT  TestNativeAgreesWithNode/internal/oracle/testdata/overload_array_to_multimap.a\n","OutputType":"frame"}
{"Time":"2026-10-09T10:20:58.703685423Z","Action":"output","Package":"github.com/system-inc/adamic/internal/oracle","Test":"TestNativeAgreesWithNode/internal/oracle/testdata/overload_array_to_map.a","Output":"--- PASS: TestNativeAgreesWithNode/internal/oracle/testdata/overload_array_to_map.a (0.53s)\n","OutputType":"frame"}
{"Time":"2026-10-09T10:20:58.703729868Z","Action":"pass","Package":"github.com/system-inc/adamic/internal/oracle","Test":"TestNativeAgreesWithNode/internal/oracle/testdata/overload_array_to_map.a","Elapsed":0.53}
{"Time":"2026-10-09T10:20:58.703736448Z","Action":"cont","Package":"github.com/system-inc/adamic/internal/oracle","Test":"TestNativeAgreesWithNode/internal/oracle/testdata/overload_visitors/helper.a"}
{"Time":"2026-10-09T10:20:58.703739362Z","Action":"output","Package":"github.com/system-inc/adamic/internal/oracle","Test":"TestNativeAgreesWithNode/internal/oracle/testdata/overload_visitors/helper.a","Output":"=== CONT  TestNativeAgreesWithNode/internal/oracle/testdata/overload_visitors/helper.a\n","OutputType":"frame"}
{"Time":"2026-10-09T10:20:58.982712931Z","Action":"output","Package":"github.com/system-inc/adamic/internal/oracle","Test":"TestNativeAgreesWithNode/internal/oracle/testdata/overload_inference_contracts.a","Output":"--- PASS: TestNativeAgreesWithNode/internal/oracle/testdata/overload_inference_contracts.a (0.51s)\n","OutputType":"frame"}
{"Time":"2026-10-09T10:20:58.982781963Z","Action":"pass","Package":"github.com/system-inc/adamic/internal/oracle","Test":"TestNativeAgreesWithNode/internal/oracle/testdata/overload_inference_contracts.a","Elapsed":0.51}
{"Time":"2026-10-09T10:20:58.982788623Z","Action":"cont","Package":"github.com/system-inc/adamic/internal/oracle","Test":"TestNativeAgreesWithNode/internal/oracle/testdata/census_overload_contracts.a"}
{"Time":"2026-10-09T10:20:58.982791457Z","Action":"output","Package":"github.com/system-inc/adamic/internal/oracle","Test":"TestNativeAgreesWithNode/internal/oracle/testdata/census_overload_contracts.a","Output":"=== CONT  TestNativeAgreesWithNode/internal/oracle/testdata/census_overload_contracts.a\n","OutputType":"frame"}
{"Time":"2026-10-09T10:20:59.085188758Z","Action":"output","Package":"github.com/system-inc/adamic/internal/oracle","Test":"TestNativeAgreesWithNode/internal/oracle/testdata/hidden_boundary_never_array_observations.a","Output":"--- PASS: TestNativeAgreesWithNode/internal/oracle/testdata/hidden_boundary_never_array_observations.a (0.53s)\n","OutputType":"frame"}
{"Time":"2026-10-09T10:20:59.085233173Z","Action":"pass","Package":"github.com/system-inc/adamic/internal/oracle","Test":"TestNativeAgreesWithNode/internal/oracle/testdata/hidden_boundary_never_array_observations.a","Elapsed":0.53}
{"Time":"2026-10-09T10:20:59.085240484Z","Action":"cont","Package":"github.com/system-inc/adamic/internal/oracle","Test":"TestNativeAgreesWithNode/internal/oracle/testdata/hidden_boundary_generic_tnode_constraints.a"}
{"Time":"2026-10-09T10:20:59.085243028Z","Action":"output","Package":"github.com/system-inc/adamic/internal/oracle","Test":"TestNativeAgreesWithNode/internal/oracle/testdata/hidden_boundary_generic_tnode_constraints.a","Output":"=== CONT  TestNativeAgreesWithNode/internal/oracle/testdata/hidden_boundary_generic_tnode_constraints.a\n","OutputType":"frame"}
{"Time":"2026-10-09T10:20:59.125709577Z","Action":"output","Package":"github.com/system-inc/adamic/internal/oracle","Test":"TestNativeAgreesWithNode/internal/oracle/testdata/overload_array_to_multimap.a","Output":"--- PASS: TestNativeAgreesWithNode/internal/oracle/testdata/overload_array_to_multimap.a (0.52s)\n","OutputType":"frame"}
{"Time":"2026-10-09T10:20:59.125753922Z","Action":"pass","Package":"github.com/system-inc/adamic/internal/oracle","Test":"TestNativeAgreesWithNode/internal/oracle/testdata/overload_array_to_multimap.a","Elapsed":0.52}
{"Time":"2026-10-09T10:20:59.125766691Z","Action":"cont","Package":"github.com/system-inc/adamic/internal/oracle","Test":"TestNativeAgreesWithNode/internal/oracle/testdata/hidden_boundary_generic_tnode.a"}
{"Time":"2026-10-09T10:20:59.125769596Z","Action":"output","Package":"github.com/system-inc/adamic/internal/oracle","Test":"TestNativeAgreesWithNode/internal/oracle/testdata/hidden_boundary_generic_tnode.a","Output":"=== CONT  TestNativeAgreesWithNode/internal/oracle/testdata/hidden_boundary_generic_tnode.a\n","OutputType":"frame"}
{"Time":"2026-10-09T10:20:59.225342785Z","Action":"output","Package":"github.com/system-inc/adamic/internal/oracle","Test":"TestNativeAgreesWithNode/internal/oracle/testdata/overload_visitors/helper.a","Output":"--- PASS: TestNativeAgreesWithNode/internal/oracle/testdata/overload_visitors/helper.a (0.52s)\n","OutputType":"frame"}
{"Time":"2026-10-09T10:20:59.225388021Z","Action":"pass","Package":"github.com/system-inc/adamic/internal/oracle","Test":"TestNativeAgreesWithNode/internal/oracle/testdata/overload_visitors/helper.a","Elapsed":0.52}
{"Time":"2026-10-09T10:20:59.225394641Z","Action":"cont","Package":"github.com/system-inc/adamic/internal/oracle","Test":"TestNativeAgreesWithNode/internal/oracle/testdata/representation_clock_source.a"}
{"Time":"2026-10-09T10:20:59.225397876Z","Action":"output","Package":"github.com/system-inc/adamic/internal/oracle","Test":"TestNativeAgreesWithNode/internal/oracle/testdata/representation_clock_source.a","Output":"=== CONT  TestNativeAgreesWithNode/internal/oracle/testdata/representation_clock_source.a\n","OutputType":"frame"}
{"Time":"2026-10-09T10:20:59.560836559Z","Action":"output","Package":"github.com/system-inc/adamic/internal/oracle","Test":"TestNativeAgreesWithNode/internal/oracle/testdata/census_overload_contracts.a","Output":"--- PASS: TestNativeAgreesWithNode/internal/oracle/testdata/census_overload_contracts.a (0.58s)\n","OutputType":"frame"}
{"Time":"2026-10-09T10:20:59.560880654Z","Action":"pass","Package":"github.com/system-inc/adamic/internal/oracle","Test":"TestNativeAgreesWithNode/internal/oracle/testdata/census_overload_contracts.a","Elapsed":0.58}
{"Time":"2026-10-09T10:20:59.560886733Z","Action":"cont","Package":"github.com/system-inc/adamic/internal/oracle","Test":"TestNativeAgreesWithNode/internal/oracle/testdata/overload_visitors/overloaded-helper.a"}
{"Time":"2026-10-09T10:20:59.560888696Z","Action":"output","Package":"github.com/system-inc/adamic/internal/oracle","Test":"TestNativeAgreesWithNode/internal/oracle/testdata/overload_visitors/overloaded-helper.a","Output":"=== CONT  TestNativeAgreesWithNode/internal/oracle/testdata/overload_visitors/overloaded-helper.a\n","OutputType":"frame"}
{"Time":"2026-10-09T10:20:59.576302232Z","Action":"output","Package":"github.com/system-inc/adamic/internal/oracle","Test":"TestNativeAgreesWithNode/internal/oracle/testdata/hidden_boundary_generic_tnode_constraints.a","Output":"--- PASS: TestNativeAgreesWithNode/internal/oracle/testdata/hidden_boundary_generic_tnode_constraints.a (0.49s)\n","OutputType":"frame"}
{"Time":"2026-10-09T10:20:59.576349492Z","Action":"pass","Package":"github.com/system-inc/adamic/internal/oracle","Test":"TestNativeAgreesWithNode/internal/oracle/testdata/hidden_boundary_generic_tnode_constraints.a","Elapsed":0.49}
{"Time":"2026-10-09T10:20:59.576356031Z","Action":"cont","Package":"github.com/system-inc/adamic/internal/oracle","Test":"TestNativeAgreesWithNode/internal/oracle/testdata/overload_visitors/overloaded-helper.ts"}
{"Time":"2026-10-09T10:20:59.576358535Z","Action":"output","Package":"github.com/system-inc/adamic/internal/oracle","Test":"TestNativeAgreesWithNode/internal/oracle/testdata/overload_visitors/overloaded-helper.ts","Output":"=== CONT  TestNativeAgreesWithNode/internal/oracle/testdata/overload_visitors/overloaded-helper.ts\n","OutputType":"frame"}
{"Time":"2026-10-09T10:20:59.615993246Z","Action":"output","Package":"github.com/system-inc/adamic/internal/oracle","Test":"TestNativeAgreesWithNode/internal/oracle/testdata/hidden_boundary_generic_tnode.a","Output":"--- PASS: TestNativeAgreesWithNode/internal/oracle/testdata/hidden_boundary_generic_tnode.a (0.49s)\n","OutputType":"frame"}
{"Time":"2026-10-09T10:20:59.616049619Z","Action":"pass","Package":"github.com/system-inc/adamic/internal/oracle","Test":"TestNativeAgreesWithNode/internal/oracle/testdata/hidden_boundary_generic_tnode.a","Elapsed":0.49}
{"Time":"2026-10-09T10:20:59.6160574Z","Action":"cont","Package":"github.com/system-inc/adamic/internal/oracle","Test":"TestNativeAgreesWithNode/internal/oracle/testdata/overload_visitors/instantiations.ts"}
{"Time":"2026-10-09T10:20:59.616061797Z","Action":"output","Package":"github.com/system-inc/adamic/internal/oracle","Test":"TestNativeAgreesWithNode/internal/oracle/testdata/overload_visitors/instantiations.ts","Output":"=== CONT  TestNativeAgreesWithNode/internal/oracle/testdata/overload_visitors/instantiations.ts\n","OutputType":"frame"}
{"Time":"2026-10-09T10:20:59.638296157Z","Action":"output","Package":"github.com/system-inc/adamic/internal/oracle","Test":"TestNativeAgreesWithNode/internal/oracle/testdata/representation_clock_source.a","Output":"--- PASS: TestNativeAgreesWithNode/internal/oracle/testdata/representation_clock_source.a (0.41s)\n","OutputType":"frame"}
{"Time":"2026-10-09T10:20:59.638351709Z","Action":"pass","Package":"github.com/system-inc/adamic/internal/oracle","Test":"TestNativeAgreesWithNode/internal/oracle/testdata/representation_clock_source.a","Elapsed":0.41}
{"Time":"2026-10-09T10:20:59.638360953Z","Action":"cont","Package":"github.com/system-inc/adamic/internal/oracle","Test":"TestNativeAgreesWithNode/internal/oracle/testdata/overload_visitors/original.ts"}
{"Time":"2026-10-09T10:20:59.63836571Z","Action":"output","Package":"github.com/system-inc/adamic/internal/oracle","Test":"TestNativeAgreesWithNode/internal/oracle/testdata/overload_visitors/original.ts","Output":"=== CONT  TestNativeAgreesWithNode/internal/oracle/testdata/overload_visitors/original.ts\n","OutputType":"frame"}
{"Time":"2026-10-09T10:21:00.101889924Z","Action":"output","Package":"github.com/system-inc/adamic/internal/oracle","Test":"TestNativeAgreesWithNode/internal/oracle/testdata/overload_visitors/overloaded-helper.ts","Output":"--- PASS: TestNativeAgreesWithNode/internal/oracle/testdata/overload_visitors/overloaded-helper.ts (0.53s)\n","OutputType":"frame"}
{"Time":"2026-10-09T10:21:00.101941471Z","Action":"pass","Package":"github.com/system-inc/adamic/internal/oracle","Test":"TestNativeAgreesWithNode/internal/oracle/testdata/overload_visitors/overloaded-helper.ts","Elapsed":0.53}
{"Time":"2026-10-09T10:21:00.101949262Z","Action":"cont","Package":"github.com/system-inc/adamic/internal/oracle","Test":"TestNativeAgreesWithNode/internal/oracle/testdata/overload_visitors/original.a"}
{"Time":"2026-10-09T10:21:00.101953578Z","Action":"output","Package":"github.com/system-inc/adamic/internal/oracle","Test":"TestNativeAgreesWithNode/internal/oracle/testdata/overload_visitors/original.a","Output":"=== CONT  TestNativeAgreesWithNode/internal/oracle/testdata/overload_visitors/original.a\n","OutputType":"frame"}
{"Time":"2026-10-09T10:21:00.152628586Z","Action":"output","Package":"github.com/system-inc/adamic/internal/oracle","Test":"TestNativeAgreesWithNode/internal/oracle/testdata/overload_visitors/original.ts","Output":"--- PASS: TestNativeAgreesWithNode/internal/oracle/testdata/overload_visitors/original.ts (0.51s)\n","OutputType":"frame"}
{"Time":"2026-10-09T10:21:00.152683026Z","Action":"pass","Package":"github.com/system-inc/adamic/internal/oracle","Test":"TestNativeAgreesWithNode/internal/oracle/testdata/overload_visitors/original.ts","Elapsed":0.51}
{"Time":"2026-10-09T10:21:00.152690928Z","Action":"cont","Package":"github.com/system-inc/adamic/internal/oracle","Test":"TestNativeAgreesWithNode/internal/oracle/testdata/census_overload_lie.a"}
{"Time":"2026-10-09T10:21:00.152695645Z","Action":"output","Package":"github.com/system-inc/adamic/internal/oracle","Test":"TestNativeAgreesWithNode/internal/oracle/testdata/census_overload_lie.a","Output":"=== CONT  TestNativeAgreesWithNode/internal/oracle/testdata/census_overload_lie.a\n","OutputType":"frame"}
{"Time":"2026-10-09T10:21:00.152708604Z","Action":"output","Package":"github.com/system-inc/adamic/internal/oracle","Test":"TestNativeAgreesWithNode/internal/oracle/testdata/overload_visitors/instantiations.ts","Output":"--- PASS: TestNativeAgreesWithNode/internal/oracle/testdata/overload_visitors/instantiations.ts (0.54s)\n","OutputType":"frame"}
{"Time":"2026-10-09T10:21:00.15271279Z","Action":"pass","Package":"github.com/system-inc/adamic/internal/oracle","Test":"TestNativeAgreesWithNode/internal/oracle/testdata/overload_visitors/instantiations.ts","Elapsed":0.54}
{"Time":"2026-10-09T10:21:00.152716295Z","Action":"cont","Package":"github.com/system-inc/adamic/internal/oracle","Test":"TestNativeAgreesWithNode/internal/oracle/testdata/census_overload_binder_result_checked.a"}
{"Time":"2026-10-09T10:21:00.152719089Z","Action":"output","Package":"github.com/system-inc/adamic/internal/oracle","Test":"TestNativeAgreesWithNode/internal/oracle/testdata/census_overload_binder_result_checked.a","Output":"=== CONT  TestNativeAgreesWithNode/internal/oracle/testdata/census_overload_binder_result_checked.a\n","OutputType":"frame"}
{"Time":"2026-10-09T10:21:00.154198604Z","Action":"output","Package":"github.com/system-inc/adamic/internal/oracle","Test":"TestNativeAgreesWithNode/internal/oracle/testdata/overload_visitors/overloaded-helper.a","Output":"--- PASS: TestNativeAgreesWithNode/internal/oracle/testdata/overload_visitors/overloaded-helper.a (0.59s)\n","OutputType":"frame"}
{"Time":"2026-10-09T10:21:00.154244913Z","Action":"pass","Package":"github.com/system-inc/adamic/internal/oracle","Test":"TestNativeAgreesWithNode/internal/oracle/testdata/overload_visitors/overloaded-helper.a","Elapsed":0.59}
{"Time":"2026-10-09T10:21:00.154250301Z","Action":"cont","Package":"github.com/system-inc/adamic/internal/oracle","Test":"TestNativeAgreesWithNode/internal/oracle/testdata/overload_values/module-valid.ts"}
{"Time":"2026-10-09T10:21:00.154260946Z","Action":"output","Package":"github.com/system-inc/adamic/internal/oracle","Test":"TestNativeAgreesWithNode/internal/oracle/testdata/overload_values/module-valid.ts","Output":"=== CONT  TestNativeAgreesWithNode/internal/oracle/testdata/overload_values/module-valid.ts\n","OutputType":"frame"}
{"Time":"2026-10-09T10:21:00.629927531Z","Action":"output","Package":"github.com/system-inc/adamic/internal/oracle","Test":"TestNativeAgreesWithNode/internal/oracle/testdata/overload_visitors/original.a","Output":"--- PASS: TestNativeAgreesWithNode/internal/oracle/testdata/overload_visitors/original.a (0.53s)\n","OutputType":"frame"}
{"Time":"2026-10-09T10:21:00.630023603Z","Action":"pass","Package":"github.com/system-inc/adamic/internal/oracle","Test":"TestNativeAgreesWithNode/internal/oracle/testdata/overload_visitors/original.a","Elapsed":0.53}
{"Time":"2026-10-09T10:21:00.630031795Z","Action":"cont","Package":"github.com/system-inc/adamic/internal/oracle","Test":"TestNativeAgreesWithNode/internal/oracle/testdata/overload_values/order-valid.ts"}
{"Time":"2026-10-09T10:21:00.630034939Z","Action":"output","Package":"github.com/system-inc/adamic/internal/oracle","Test":"TestNativeAgreesWithNode/internal/oracle/testdata/overload_values/order-valid.ts","Output":"=== CONT  TestNativeAgreesWithNode/internal/oracle/testdata/overload_values/order-valid.ts\n","OutputType":"frame"}
{"Time":"2026-10-09T10:21:00.637675164Z","Action":"output","Package":"github.com/system-inc/adamic/internal/oracle","Test":"TestNativeAgreesWithNode/internal/oracle/testdata/census_overload_lie.a","Output":"--- PASS: TestNativeAgreesWithNode/internal/oracle/testdata/census_overload_lie.a (0.48s)\n","OutputType":"frame"}
{"Time":"2026-10-09T10:21:00.637735863Z","Action":"pass","Package":"github.com/system-inc/adamic/internal/oracle","Test":"TestNativeAgreesWithNode/internal/oracle/testdata/census_overload_lie.a","Elapsed":0.48}
{"Time":"2026-10-09T10:21:00.637742653Z","Action":"cont","Package":"github.com/system-inc/adamic/internal/oracle","Test":"TestNativeAgreesWithNode/internal/oracle/testdata/overload_visitors/helper.ts"}
{"Time":"2026-10-09T10:21:00.637751687Z","Action":"output","Package":"github.com/system-inc/adamic/internal/oracle","Test":"TestNativeAgreesWithNode/internal/oracle/testdata/overload_visitors/helper.ts","Output":"=== CONT  TestNativeAgreesWithNode/internal/oracle/testdata/overload_visitors/helper.ts\n","OutputType":"frame"}
{"Time":"2026-10-09T10:21:00.651628583Z","Action":"output","Package":"github.com/system-inc/adamic/internal/oracle","Test":"TestNativeAgreesWithNode/internal/oracle/testdata/census_overload_binder_result_checked.a","Output":"--- PASS: TestNativeAgreesWithNode/internal/oracle/testdata/census_overload_binder_result_checked.a (0.50s)\n","OutputType":"frame"}
{"Time":"2026-10-09T10:21:00.724442183Z","Action":"pass","Package":"github.com/system-inc/adamic/internal/oracle","Test":"TestNativeAgreesWithNode/internal/oracle/testdata/census_overload_binder_result_checked.a","Elapsed":0.5}
{"Time":"2026-10-09T10:21:00.724491546Z","Action":"output","Package":"github.com/system-inc/adamic/internal/oracle","Test":"TestNativeAgreesWithNode/internal/oracle/testdata/overload_values/module-valid.ts","Output":"--- PASS: TestNativeAgreesWithNode/internal/oracle/testdata/overload_values/module-valid.ts (0.57s)\n","OutputType":"frame"}
{"Time":"2026-10-09T10:21:01.106035125Z","Action":"pass","Package":"github.com/system-inc/adamic/internal/oracle","Test":"TestNativeAgreesWithNode/internal/oracle/testdata/overload_values/module-valid.ts","Elapsed":0.57}
{"Time":"2026-10-09T10:21:01.106077227Z","Action":"output","Package":"github.com/system-inc/adamic/internal/oracle","Test":"TestNativeAgreesWithNode/internal/oracle/testdata/overload_values/order-valid.ts","Output":"--- PASS: TestNativeAgreesWithNode/internal/oracle/testdata/overload_values/order-valid.ts (0.48s)\n","OutputType":"frame"}
{"Time":"2026-10-09T10:21:01.134635473Z","Action":"pass","Package":"github.com/system-inc/adamic/internal/oracle","Test":"TestNativeAgreesWithNode/internal/oracle/testdata/overload_values/order-valid.ts","Elapsed":0.48}
{"Time":"2026-10-09T10:21:01.134680319Z","Action":"output","Package":"github.com/system-inc/adamic/internal/oracle","Test":"TestNativeAgreesWithNode/internal/oracle/testdata/overload_visitors/helper.ts","Output":"--- PASS: TestNativeAgreesWithNode/internal/oracle/testdata/overload_visitors/helper.ts (0.50s)\n","OutputType":"frame"}
{"Time":"2026-10-09T10:21:01.134690855Z","Action":"pass","Package":"github.com/system-inc/adamic/internal/oracle","Test":"TestNativeAgreesWithNode/internal/oracle/testdata/overload_visitors/helper.ts","Elapsed":0.5}
{"Time":"2026-10-09T10:21:01.134693108Z","Action":"output","Package":"github.com/system-inc/adamic/internal/oracle","Test":"TestNativeAgreesWithNode","Output":"--- PASS: TestNativeAgreesWithNode (0.03s)\n","OutputType":"frame"}
{"Time":"2026-10-09T10:21:01.134698156Z","Action":"pass","Package":"github.com/system-inc/adamic/internal/oracle","Test":"TestNativeAgreesWithNode","Elapsed":0.03}
{"Time":"2026-10-09T10:21:01.134700609Z","Action":"output","Package":"github.com/system-inc/adamic/internal/oracle","Output":"PASS\n","OutputType":"frame"}
{"Time":"2026-10-09T10:21:01.134709352Z","Action":"output","Package":"github.com/system-inc/adamic/internal/oracle","Output":"gate cache: native hits=0 misses=136\n"}
{"Time":"2026-10-09T10:21:01.134711666Z","Action":"output","Package":"github.com/system-inc/adamic/internal/oracle","Output":"gate cache: node hits=0 misses=92\n"}
{"Time":"2026-10-09T10:21:01.134713268Z","Action":"output","Package":"github.com/system-inc/adamic/internal/oracle","Output":"gate cache: probe hits=0 misses=0\n"}
{"Time":"2026-10-09T10:21:01.139911276Z","Action":"output","Package":"github.com/system-inc/adamic/internal/oracle","Output":"ok  \tgithub.com/system-inc/adamic/internal/oracle\t6.104s\n"}
{"Time":"2026-10-09T10:21:01.140163739Z","Action":"pass","Package":"github.com/system-inc/adamic/internal/oracle","Elapsed":6.104}
