=== RUN   TestCheckerCacheSourceByte
=== PAUSE TestCheckerCacheSourceByte
=== RUN   TestCheckerNoProgramCoverage
=== PAUSE TestCheckerNoProgramCoverage
=== RUN   TestCheckerBridgeRefusalPending
=== PAUSE TestCheckerBridgeRefusalPending
=== RUN   TestCheckerReplayEntryControl
=== PAUSE TestCheckerReplayEntryControl
=== RUN   TestCheckerHashes
=== PAUSE TestCheckerHashes
=== RUN   TestCommandDiagnosticsDropOnlyModuleDownloads
=== PAUSE TestCommandDiagnosticsDropOnlyModuleDownloads
=== RUN   TestExecuteFailsOnStderrOtherThanModuleDownloads
=== PAUSE TestExecuteFailsOnStderrOtherThanModuleDownloads
=== RUN   TestCompilerCorpusSourcesExcludeOnlyNamedFolders
=== PAUSE TestCompilerCorpusSourcesExcludeOnlyNamedFolders
=== RUN   TestCompilerGuardBackend
--- PASS: TestCompilerGuardBackend (0.00s)
=== RUN   TestChildCPUHangGuard
    deadlines_test.go:61: planted endless loop killed and named in 1.035816469s: node /tmp/adamic-gate/TestChildCPUHangGuard1655706680/001/planted-endless-loop.js: child CPU hang guard exceeded: CPU 1.03642s, budget 1s: signal: CPU time limit exceeded
--- PASS: TestChildCPUHangGuard (1.04s)
=== RUN   TestChildWallBackstop
    deadlines_test.go:71: separate backstop in 201.86226ms: node -e setTimeout(()=>{},100000): wall backstop exceeded: ceiling 200ms
--- PASS: TestChildWallBackstop (0.20s)
=== RUN   TestChildCPUWaitGuard
    deadlines_test.go:87: silent healthy child survived: wall 1.62449431s CPU 428.627ms, budget 1s
--- PASS: TestChildCPUWaitGuard (1.62s)
=== RUN   TestNestedConstructorGap
=== PAUSE TestNestedConstructorGap
=== RUN   TestOptionAndComparatorGaps
=== PAUSE TestOptionAndComparatorGaps
=== RUN   TestEmittedJavaScriptMismatch
=== PAUSE TestEmittedJavaScriptMismatch
=== RUN   TestDotARename
=== PAUSE TestDotARename
=== RUN   TestCompleteSuggestionSerialization
=== PAUSE TestCompleteSuggestionSerialization
=== RUN   TestSuggestionAlongsideAutomaticFix
=== PAUSE TestSuggestionAlongsideAutomaticFix
=== RUN   TestWitnessScriptKind
=== PAUSE TestWitnessScriptKind
=== RUN   TestJsxLintReleaseAndThroughput
    lint_test.go:295: cohere cases: 5270 unique source/rule/options combinations
    jsx_integration_test.go:77: discovered captured JSX cases by rule map[@next/next/no-sync-scripts:11 @next/next/no-typos:11 nexus/consistency-no-abbreviated-identifier:5 nexus/consistency-no-ambiguous-identifier:4 react-hooks/error-boundaries:69 react/jsx-curly-brace-presence:159 react/jsx-no-comment-textnodes:40 react/no-find-dom-node:9 react/no-is-mounted:5 react/no-string-refs:26 react/require-optimization:6 react/state-in-constructor:26]
    jsx_integration_test.go:81: checker compilation phases: load=201.179301ms lower=4.92934926s C=642.634487ms JavaScript=33.831449ms
    jsx_integration_test.go:81: checker native build: 22.890839165s
    jsx_integration_test.go:85: Go, Node, emitted JavaScript, native identical: 318324 bytes
    jsx_integration_test.go:110: round 1 Go 55.702689ms findings=380
    jsx_integration_test.go:110: round 1 native 98.740164ms findings=380
    jsx_integration_test.go:110: round 1 Node 428.549166ms findings=380
    jsx_integration_test.go:110: round 2 native 100.966048ms findings=380
    jsx_integration_test.go:110: round 2 Node 428.614808ms findings=380
    jsx_integration_test.go:110: round 2 Go 55.822218ms findings=380
    jsx_integration_test.go:110: round 3 Node 525.175315ms findings=380
    jsx_integration_test.go:110: round 3 Go 66.610275ms findings=380
    jsx_integration_test.go:110: round 3 native 109.089573ms findings=380
    jsx_integration_test.go:110: round 4 Go 68.363758ms findings=380
    jsx_integration_test.go:110: round 4 native 114.734722ms findings=380
    jsx_integration_test.go:110: round 4 Node 461.113868ms findings=380
    jsx_integration_test.go:110: round 5 native 98.345257ms findings=380
    jsx_integration_test.go:110: round 5 Node 627.420255ms findings=380
    jsx_integration_test.go:110: round 5 Go 53.427423ms findings=380
    jsx_integration_test.go:118: best of 5 JSX Go: 0.053427s, 7112.45 findings/s (371 files, 380 findings)
    jsx_integration_test.go:118: best of 5 JSX native: 0.098345s, 3863.94 findings/s (371 files, 380 findings)
    jsx_integration_test.go:118: best of 5 JSX Node: 0.428549s, 886.71 findings/s (371 files, 380 findings)
--- PASS: TestJsxLintReleaseAndThroughput (95.89s)
=== RUN   TestJsxLintTrees
=== PAUSE TestJsxLintTrees
=== RUN   TestJsxInventoryDiscovery
=== RUN   TestJsxInventoryDiscovery/new_rule_and_cases_require_no_inventory_edit
--- PASS: TestJsxInventoryDiscovery/new_rule_and_cases_require_no_inventory_edit (0.00s)
=== RUN   TestJsxInventoryDiscovery/missing_JSX_coverage_is_refused
--- PASS: TestJsxInventoryDiscovery/missing_JSX_coverage_is_refused (0.00s)
=== RUN   TestJsxInventoryDiscovery/unregistered_captured_rule_is_refused
--- PASS: TestJsxInventoryDiscovery/unregistered_captured_rule_is_refused (0.00s)
=== RUN   TestJsxInventoryDiscovery/malformed_row_is_refused
--- PASS: TestJsxInventoryDiscovery/malformed_row_is_refused (0.00s)
=== RUN   TestJsxInventoryDiscovery/empty_JSX_inventory_is_refused
--- PASS: TestJsxInventoryDiscovery/empty_JSX_inventory_is_refused (0.00s)
--- PASS: TestJsxInventoryDiscovery (0.00s)
=== RUN   TestRulesAgree
=== PAUSE TestRulesAgree
=== RUN   TestCompilerAndStage1Agree
=== PAUSE TestCompilerAndStage1Agree
=== RUN   TestLegacyMutants
=== PAUSE TestLegacyMutants
=== RUN   TestDecorationOptionMutant
=== PAUSE TestDecorationOptionMutant
=== RUN   TestCountGuardMutant
=== PAUSE TestCountGuardMutant
=== RUN   TestThroughput
    lint_test.go:779: checker native build: 29.883454ms
    lint_test.go:793: machine Linux 6580960dfb65 6.18.44 #1 SMP Sat Sep 26 20:02:31 UTC 2026 x86_64 GNU/Linux; model name	: AMD EPYC 9V74 80-Core Processor; load before 1.34 3.22 3.44 1/167 62329
    lint_test.go:816: round 1 Go 1.783151699s findings=28338
    lint_test.go:816: round 1 native 10.842385418s findings=28338
    lint_test.go:816: round 1 Node 6.060942203s findings=28338
    lint_test.go:816: round 2 Go 1.802175243s findings=28338
    lint_test.go:816: round 2 native 11.487488701s findings=28338
    lint_test.go:816: round 2 Node 6.130671034s findings=28338
    lint_test.go:816: round 3 Go 1.734947759s findings=28338
    lint_test.go:816: round 3 native 10.79603543s findings=28338
    lint_test.go:816: round 3 Node 6.018611463s findings=28338
    lint_test.go:816: round 4 Go 1.814368834s findings=28338
    lint_test.go:816: round 4 native 11.016267496s findings=28338
    lint_test.go:816: round 4 Node 5.628394754s findings=28338
    lint_test.go:816: round 5 Go 1.736284211s findings=28338
    lint_test.go:816: round 5 native 10.519706437s findings=28338
    lint_test.go:816: round 5 Node 5.937051075s findings=28338
    lint_test.go:824: best of 5 Go: 1.734948s, 16333.63 findings/s (77 files, 28338 findings)
    lint_test.go:824: best of 5 native: 10.519706s, 2693.80 findings/s (77 files, 28338 findings)
    lint_test.go:824: best of 5 Node: 5.628395s, 5034.83 findings/s (77 files, 28338 findings)
    lint_test.go:827: load after 1.10 2.63 3.21 4/167 62537
--- PASS: TestThroughput (93.48s)
=== RUN   TestNodeTableIsLinkOnly
=== PAUSE TestNodeTableIsLinkOnly
=== RUN   TestShardsAgree
=== PAUSE TestShardsAgree
=== RUN   TestMutants
=== PAUSE TestMutants
=== RUN   TestNonprogressingFix
    nonprogressing_fix_test.go:55: checker compilation phases: load=188.176159ms lower=5.819668732s C=634.819735ms JavaScript=33.419721ms
    nonprogressing_fix_test.go:55: checker native build: 4.637199071s
    nonprogressing_fix_test.go:55: Go, Node, emitted JavaScript, native identical: 706 bytes
    nonprogressing_fix_test.go:65: no-progress sibling refused; the other automatic edits apply byte-identically on all runtimes
--- PASS: TestNonprogressingFix (16.21s)
=== RUN   TestNonprogressingFixPanicMutant
    nonprogressing_fix_test.go:92: checker compilation phases: load=181.685361ms lower=5.197094762s C=594.037274ms JavaScript=28.742175ms
    nonprogressing_fix_test.go:93: checker native build: 56.414575346s
=== RUN   TestNonprogressingFixPanicMutant/Node
    nonprogressing_fix_test.go:116: restored panic caught at runtime on Node: case 0
        /tmp/adamic-gate/TestNonprogressingFixPanicMutant2697339362/002/Shape.ts:1:6
          @typescript-eslint/consistent-type-definitions  Use an `interface` instead of a `type` here. Both describe the same object shape, but an interface is the one this project writes: it can be reopened by a later declaration, it shows up under its own name in compiler errors rather than being expanded inline, and mixing the two spellings for the same job makes a reader ask whether the difference was meant.

        range 5 10 interfaceOverType fix	interface		0 4
        fix-edit	10 13
        fix-edit	30 30
        adamic: panic: nonprogressing fix
--- PASS: TestNonprogressingFixPanicMutant/Node (0.28s)
=== RUN   TestNonprogressingFixPanicMutant/emitted_JavaScript
    nonprogressing_fix_test.go:116: restored panic caught at runtime on emitted JavaScript: case 0
        /tmp/adamic-gate/TestNonprogressingFixPanicMutant2697339362/002/Shape.ts:1:6
          @typescript-eslint/consistent-type-definitions  Use an `interface` instead of a `type` here. Both describe the same object shape, but an interface is the one this project writes: it can be reopened by a later declaration, it shows up under its own name in compiler errors rather than being expanded inline, and mixing the two spellings for the same job makes a reader ask whether the difference was meant.

        range 5 10 interfaceOverType fix	interface		0 4
        fix-edit	10 13
        fix-edit	30 30
        adamic: panic: nonprogressing fix
--- PASS: TestNonprogressingFixPanicMutant/emitted_JavaScript (0.06s)
=== RUN   TestNonprogressingFixPanicMutant/sanitized_native
    nonprogressing_fix_test.go:116: restored panic caught at runtime on sanitized native: case 0
        /tmp/adamic-gate/TestNonprogressingFixPanicMutant2697339362/002/Shape.ts:1:6
          @typescript-eslint/consistent-type-definitions  Use an `interface` instead of a `type` here. Both describe the same object shape, but an interface is the one this project writes: it can be reopened by a later declaration, it shows up under its own name in compiler errors rather than being expanded inline, and mixing the two spellings for the same job makes a reader ask whether the difference was meant.

        range 5 10 interfaceOverType fix	interface		0 4
        fix-edit	10 13
        fix-edit	30 30
        adamic: panic: nonprogressing fix
--- PASS: TestNonprogressingFixPanicMutant/sanitized_native (0.01s)
--- PASS: TestNonprogressingFixPanicMutant (62.93s)
=== RUN   TestNonprogressingFixPlanOrder
    nonprogressing_fix_test.go:141: checker compilation phases: load=188.716055ms lower=5.00858199s C=546.287718ms JavaScript=32.031391ms
    nonprogressing_fix_test.go:141: checker native build: 56.283825036s
    nonprogressing_fix_test.go:141: Go, Node, emitted JavaScript, native identical: 730 bytes
    nonprogressing_fix_test.go:149: overlap refusals precede no-progress refusals; rejected survivor reserves its span; independent edit applies
--- PASS: TestNonprogressingFixPlanOrder (68.31s)
=== RUN   TestProfileArtifacts
    profile_test.go:76: checker compilation phases: load=168.438636ms lower=4.849761847s C=581.891607ms JavaScript=29.812838ms
    profile_test.go:76: release, counted and -O2 -g profiling builds saved in /workspace/scratch/s13-profile.mlxNAZ
--- PASS: TestProfileArtifacts (73.30s)
=== RUN   TestProfileCompilation
=== PAUSE TestProfileCompilation
=== RUN   TestProfileSnapshotsAgree
=== PAUSE TestProfileSnapshotsAgree
=== RUN   TestCommentFoldMutant
=== PAUSE TestCommentFoldMutant
=== RUN   TestPositionIndexMutant
=== PAUSE TestPositionIndexMutant
=== RUN   TestCapturedOracleRecovery
    lint_test.go:295: cohere cases: 5270 unique source/rule/options combinations
    recovery_inputs_test.go:50: captured 5270 upstream cases; reported octal fixture and unsupported Go recovery replay without fixing
--- PASS: TestCapturedOracleRecovery (0.06s)
=== RUN   TestUnmarkedMalformedOracleInputStillFails
--- PASS: TestUnmarkedMalformedOracleInputStillFails (0.01s)
=== RUN   TestRecoveryClassificationPreservesModes
--- PASS: TestRecoveryClassificationPreservesModes (0.00s)
=== RUN   TestOwnedWitnesses
=== PAUSE TestOwnedWitnesses
=== RUN   TestRegistrationMutant
=== PAUSE TestRegistrationMutant
=== RUN   TestFactoryHooks
=== PAUSE TestFactoryHooks
=== RUN   TestNestedOutsideModuleCopy
=== PAUSE TestNestedOutsideModuleCopy
=== RUN   TestDecodedOptionsAndMutant
=== PAUSE TestDecodedOptionsAndMutant
=== CONT  TestCheckerCacheSourceByte
=== CONT  TestCompilerAndStage1Agree
=== CONT  TestOptionAndComparatorGaps
=== RUN   TestOptionAndComparatorGaps/2_optional_index.ts
=== CONT  TestSuggestionAlongsideAutomaticFix
=== CONT  TestJsxLintTrees
    gaps_test.go:68: Node prints "1\n"; stage 0 refuses: /workspace/adamic/stage1/cohere/lint/gaps/2_optional_index.ts:3:16: stage 0 can't lower ?.[] on a value yet
--- PASS: TestOptionAndComparatorGaps/2_optional_index.ts (0.13s)
=== RUN   TestOptionAndComparatorGaps/3_numeric_or.ts
    lint_test.go:443: corpus-files: upstream /workspace/scratch/s13-typescript root src/compiler pin 050880ce59e30b356b686bd3144efe24f875ebc8 count 77
    gaps_test.go:68: Node prints "2\n"; stage 0 refuses: /workspace/adamic/stage1/cohere/lint/gaps/3_numeric_or.ts:2:12: stage 0 can't lower a BinaryExpression with a number and a number yet
--- PASS: TestOptionAndComparatorGaps/3_numeric_or.ts (0.17s)
=== RUN   TestOptionAndComparatorGaps/4_last_index_position.ts
    lint_test.go:444: corpus-files: repository ../../.. root stage1 pin 6bf7bcec73a04b85900c5a69a257b3cf34b35a40 count 988
    lint_test.go:444: compiler corpus stage1: excluded 254 tracked files under testdata/, validation/, evidence/; retained 734 sources
    lint_test.go:452: generated input retained from old walk: /workspace/adamic/stage1/cohere/lint/.generated/registry.ts (count 1)
    lint_test.go:458: compiler and stage1: 812 files
    gaps_test.go:68: Node prints "1\n"; stage 0 refuses: /workspace/adamic/stage1/cohere/lint/gaps/4_last_index_position.ts:7:16: stage 0 can't lower lastIndexOf with these arguments yet
--- PASS: TestOptionAndComparatorGaps/4_last_index_position.ts (0.20s)
--- PASS: TestOptionAndComparatorGaps (0.50s)
=== CONT  TestWitnessScriptKind
    lint_test.go:295: cohere cases: 5270 unique source/rule/options combinations
    checker_cache_test.go:35: checker compilation phases: load=355.815688ms lower=12.097043831s C=959.742056ms JavaScript=65.126071ms
    harness_test.go:195: checker compilation phases: load=473.637968ms lower=10.100860371s C=821.866456ms JavaScript=49.443762ms
    harness_test.go:173: checker compilation phases: load=357.250039ms lower=9.599728861s C=674.809282ms JavaScript=38.482176ms
    lint_test.go:461: checker compilation phases: load=307.351238ms lower=7.226146151s C=773.192423ms JavaScript=44.063849ms
    jsx_integration_test.go:124: discovered captured JSX cases by rule map[@next/next/no-sync-scripts:11 @next/next/no-typos:11 nexus/consistency-no-abbreviated-identifier:5 nexus/consistency-no-ambiguous-identifier:4 react-hooks/error-boundaries:69 react/jsx-curly-brace-presence:159 react/jsx-no-comment-textnodes:40 react/no-find-dom-node:9 react/no-is-mounted:5 react/no-string-refs:26 react/require-optimization:6 react/state-in-constructor:26]
    jsx_integration_test.go:148: 371 captured cohere JSX sources: 301061 identical whole-tree bytes
--- PASS: TestJsxLintTrees (69.39s)
=== CONT  TestCommandDiagnosticsDropOnlyModuleDownloads
--- PASS: TestCommandDiagnosticsDropOnlyModuleDownloads (0.00s)
=== CONT  TestNestedConstructorGap
    gaps_test.go:36: Node prints 1; native lowering refuses: /workspace/adamic/stage1/cohere/lint/gaps/1_nested_constructor.ts:7:16: Adamic 0.1 refuses this escaping a constructor before every field is set (stored, passed, or a method called on it, which could read a field that holds undefined while its type says otherwise); assign every field first, then use this
--- PASS: TestNestedConstructorGap (0.11s)
=== CONT  TestCompilerCorpusSourcesExcludeOnlyNamedFolders
    corpus_sources_test.go:94: corpus-files: repository /tmp/adamic-gate/TestCompilerCorpusSourcesExcludeOnlyNamedFolders2286549369/001 root stage1 pin 699b55cb3d6123c246e1289c51ba468051a71885 count 18
    corpus_sources_test.go:94: compiler corpus stage1: excluded 7 tracked files under testdata/, validation/, evidence/; retained 11 sources
    corpus_sources_test.go:103: all 11 sources retained; only 7 named-folder fixtures excluded
--- PASS: TestCompilerCorpusSourcesExcludeOnlyNamedFolders (0.04s)
=== CONT  TestExecuteFailsOnStderrOtherThanModuleDownloads
--- PASS: TestExecuteFailsOnStderrOtherThanModuleDownloads (0.11s)
=== CONT  TestDotARename
    checker_cache_test.go:35: checker native build: 1m6.005270661s
    harness_test.go:69: checker native build: 9.989489968s
    lint_test.go:461: checker native build: 55.137989838s
    harness_test.go:195: checker native build: 1m2.9679087s
    lint_test.go:469: compiler shard 0/5: 1 files, 3151774 bytes
    lint_test.go:469: compiler shard 0/5 only file: /workspace/scratch/s13-typescript/src/compiler/checker.ts
    lint_test.go:469: compiler shard 1/5: 202 files, 2401029 bytes
    lint_test.go:469: compiler shard 2/5: 202 files, 2401028 bytes
    lint_test.go:469: compiler shard 3/5: 204 files, 2401021 bytes
    lint_test.go:469: compiler shard 4/5: 203 files, 2401047 bytes
    harness_test.go:195: Go, Node, emitted JavaScript, native identical: 594 bytes
--- PASS: TestWitnessScriptKind (80.98s)
=== CONT  TestCompleteSuggestionSerialization
    harness_test.go:69: Go, Node, emitted JavaScript, native identical: 646 bytes
    harness_test.go:173: checker native build: 1m16.859024939s
    harness_test.go:173: Go, Node, emitted JavaScript, native identical: 719 bytes
    harness_test.go:177: automatic fix remains applied while all three suggestions remain unapplied and serialized
--- PASS: TestSuggestionAlongsideAutomaticFix (98.35s)
=== CONT  TestRulesAgree
    lint_test.go:372: checker native build: 34.892129ms
    lint_test.go:295: cohere cases: 5270 unique source/rule/options combinations
    lint_test.go:387: typed runtime time: Go program and lint=166.940053ms native program, lint and recording=143.715165ms
    lint_test.go:387: typed runtime time: native=143.715165ms
    lint_test.go:387: typed runtime time: Node=542.056731ms
    lint_test.go:387: typed runtime time: emitted JavaScript=87.720159ms
    lint_test.go:387: live Go, native, Node and emitted JavaScript replay identical: 79 bytes
    lint_test.go:387: typed runtime time: Go program and lint=97.170291ms native program, lint and recording=109.367583ms
    lint_test.go:387: typed runtime time: native=109.367583ms
    lint_test.go:387: typed runtime time: Node=611.526267ms
    lint_test.go:387: typed runtime time: emitted JavaScript=90.239736ms
    lint_test.go:387: live Go, native, Node and emitted JavaScript replay identical: 57 bytes
    lint_test.go:387: typed runtime time: Go program and lint=99.597568ms native program, lint and recording=138.337095ms
    lint_test.go:490: Node shard 0/5: 21263.235033 ms
    lint_test.go:490: Node shard 1/5: 14136.573764 ms
    lint_test.go:490: Node shard 2/5: 13735.154722 ms
    lint_test.go:490: Node shard 3/5: 14757.299706 ms
    lint_test.go:490: Node shard 4/5: 12668.220091 ms
    lint_test.go:492: Node: 5 shards in 21.3931893s
    lint_test.go:387: typed runtime time: native=138.337095ms
    lint_test.go:387: typed runtime time: Node=516.568072ms
    lint_test.go:387: typed runtime time: emitted JavaScript=193.469715ms
    lint_test.go:387: live Go, native, Node and emitted JavaScript replay identical: 75 bytes
    lint_test.go:387: typed runtime time: Go program and lint=238.048827ms native program, lint and recording=399.588101ms
    harness_test.go:87: checker compilation phases: load=539.203461ms lower=17.78402643s C=1.453532285s JavaScript=132.573593ms
    harness_test.go:87: checker native build: 36.589414ms
    lint_test.go:387: typed runtime time: native=399.588101ms
    lint_test.go:387: typed runtime time: Node=1.040897258s
    lint_test.go:387: typed runtime time: emitted JavaScript=330.283992ms
    lint_test.go:387: live Go, native, Node and emitted JavaScript replay identical: 56 bytes
    checker_cache_test.go:35: checker compilation phases: load=694.341131ms lower=17.98494763s C=2.227526802s JavaScript=174.436548ms
    lint_test.go:387: typed runtime time: Go program and lint=254.380924ms native program, lint and recording=386.658883ms
    harness_test.go:87: Go, Node, emitted JavaScript, native identical: 646 bytes
    harness_test.go:91: rename only: .ts and .a identical on all three runtimes against Go (646 bytes)
--- PASS: TestDotARename (34.57s)
=== CONT  TestProfileSnapshotsAgree
    lint_test.go:295: cohere cases: 5270 unique source/rule/options combinations
    lint_test.go:387: typed runtime time: native=386.658883ms
    lint_test.go:387: typed runtime time: Node=867.220733ms
    lint_test.go:387: typed runtime time: emitted JavaScript=155.106917ms
    lint_test.go:387: live Go, native, Node and emitted JavaScript replay identical: 56 bytes
    lint_test.go:387: typed runtime time: Go program and lint=242.55988ms native program, lint and recording=295.858296ms
    lint_test.go:387: typed runtime time: native=295.858296ms
    lint_test.go:387: typed runtime time: Node=1.163664416s
    lint_test.go:387: typed runtime time: emitted JavaScript=282.151011ms
    lint_test.go:387: live Go, native, Node and emitted JavaScript replay identical: 301 bytes
    lint_test.go:387: typed runtime time: Go program and lint=218.422225ms native program, lint and recording=330.563085ms
    lint_test.go:387: typed runtime time: native=330.563085ms
    lint_test.go:387: typed runtime time: Node=1.076191936s
    lint_test.go:387: typed runtime time: emitted JavaScript=218.116956ms
    lint_test.go:387: live Go, native, Node and emitted JavaScript replay identical: 315 bytes
    lint_test.go:387: typed runtime time: Go program and lint=259.622085ms native program, lint and recording=284.212668ms
    lint_test.go:387: typed runtime time: native=284.212668ms
    lint_test.go:387: typed runtime time: Node=1.553853148s
    lint_test.go:387: typed runtime time: emitted JavaScript=213.273446ms
    lint_test.go:387: live Go, native, Node and emitted JavaScript replay identical: 312 bytes
    lint_test.go:387: typed runtime time: Go program and lint=328.52627ms native program, lint and recording=229.745334ms
    lint_test.go:387: typed runtime time: native=229.745334ms
    lint_test.go:387: typed runtime time: Node=1.080503655s
    lint_test.go:387: typed runtime time: emitted JavaScript=247.673909ms
    lint_test.go:387: live Go, native, Node and emitted JavaScript replay identical: 52 bytes
    lint_test.go:387: typed runtime time: Go program and lint=240.826729ms native program, lint and recording=228.118716ms
    lint_test.go:387: typed runtime time: native=228.118716ms
    lint_test.go:387: typed runtime time: Node=1.268320999s
    lint_test.go:387: typed runtime time: emitted JavaScript=260.616588ms
    lint_test.go:387: live Go, native, Node and emitted JavaScript replay identical: 56 bytes
    lint_test.go:387: typed runtime time: Go program and lint=192.944621ms native program, lint and recording=413.04287ms
    lint_test.go:387: typed runtime time: native=413.04287ms
    lint_test.go:387: typed runtime time: Node=1.257453502s
    lint_test.go:387: typed runtime time: emitted JavaScript=189.035881ms
    lint_test.go:387: live Go, native, Node and emitted JavaScript replay identical: 54 bytes
    lint_test.go:387: typed runtime time: Go program and lint=190.186887ms native program, lint and recording=237.107373ms
    lint_test.go:387: typed runtime time: native=237.107373ms
    lint_test.go:387: typed runtime time: Node=1.224811889s
    lint_test.go:387: typed runtime time: emitted JavaScript=241.743647ms
    lint_test.go:387: live Go, native, Node and emitted JavaScript replay identical: 65 bytes
    lint_test.go:387: typed runtime time: Go program and lint=229.550874ms native program, lint and recording=307.810472ms
    lint_test.go:387: typed runtime time: native=307.810472ms
    lint_test.go:387: typed runtime time: Node=882.716897ms
    lint_test.go:387: typed runtime time: emitted JavaScript=204.661139ms
    lint_test.go:387: live Go, native, Node and emitted JavaScript replay identical: 329 bytes
    lint_test.go:387: typed runtime time: Go program and lint=290.388666ms native program, lint and recording=239.842503ms
    harness_test.go:120: checker compilation phases: load=333.117075ms lower=21.072214034s C=1.518639679s JavaScript=33.142792ms
    checker_cache_test.go:35: checker native build: 18.289998761s
    lint_test.go:387: typed runtime time: native=239.842503ms
    lint_test.go:387: typed runtime time: Node=758.70105ms
    lint_test.go:387: typed runtime time: emitted JavaScript=113.342959ms
    lint_test.go:387: live Go, native, Node and emitted JavaScript replay identical: 297 bytes
    lint_test.go:387: typed runtime time: Go program and lint=214.122847ms native program, lint and recording=215.329978ms
    checker_cache_test.go:63: runtime 0: source-byte mutant caught by findings comparison; before=26bba3432d4a638a3c95386a68ebbac9a9a55e8699ed2624732f988096dbe197 after=edfdc2a025f99a1446aa9840cdbac19d15868ae10efa8e8c65028e44fdf6ff5e
    checker_cache_test.go:63: runtime 1: source-byte mutant caught by findings comparison; before=26bba3432d4a638a3c95386a68ebbac9a9a55e8699ed2624732f988096dbe197 after=edfdc2a025f99a1446aa9840cdbac19d15868ae10efa8e8c65028e44fdf6ff5e
    checker_cache_test.go:63: runtime 2: source-byte mutant caught by findings comparison; before=26bba3432d4a638a3c95386a68ebbac9a9a55e8699ed2624732f988096dbe197 after=edfdc2a025f99a1446aa9840cdbac19d15868ae10efa8e8c65028e44fdf6ff5e
    checker_cache_test.go:69: generated C before=8442983a041607f8a468888444897255949d89f0421e50f0347a1198e5944bb5 after=3e23afb1b4ee90844be79df872fab033de31f9d999fe47d88974d875cb54461f; emitted JavaScript before=8e75bece3f35a2b43d7c39fc7d952191beb1fb04f0de3b18d23d6503fb512609 after=4e8c964401e672592b976e862e2caec651305868df36ab6306e20a176baf0901
    checker_cache_test.go:35: checker native build: 22.533947ms
    lint_test.go:387: typed runtime time: native=215.329978ms
    lint_test.go:387: typed runtime time: Node=763.696301ms
    lint_test.go:387: typed runtime time: emitted JavaScript=178.95322ms
    lint_test.go:387: live Go, native, Node and emitted JavaScript replay identical: 60 bytes
    lint_test.go:387: typed runtime time: Go program and lint=138.48684ms native program, lint and recording=309.449962ms
--- PASS: TestCheckerCacheSourceByte (124.42s)
=== CONT  TestDecodedOptionsAndMutant
    registration_test.go:319: checker native build: 10.422844ms
    lint_test.go:387: typed runtime time: native=309.449962ms
    lint_test.go:387: typed runtime time: Node=762.300111ms
    lint_test.go:387: typed runtime time: emitted JavaScript=157.645784ms
    lint_test.go:387: live Go, native, Node and emitted JavaScript replay identical: 60 bytes
    lint_test.go:387: typed runtime time: Go program and lint=161.293032ms native program, lint and recording=162.28376ms
    registration_test.go:319: Go, Node, emitted JavaScript, native identical: 47 bytes
    lint_test.go:387: typed runtime time: native=162.28376ms
    lint_test.go:387: typed runtime time: Node=599.708118ms
    lint_test.go:387: typed runtime time: emitted JavaScript=79.290968ms
    lint_test.go:387: live Go, native, Node and emitted JavaScript replay identical: 53 bytes
    lint_test.go:387: typed runtime time: Go program and lint=131.643245ms native program, lint and recording=136.78636ms
    lint_test.go:387: typed runtime time: native=136.78636ms
    lint_test.go:387: typed runtime time: Node=603.812767ms
    lint_test.go:387: typed runtime time: emitted JavaScript=116.313315ms
    lint_test.go:387: live Go, native, Node and emitted JavaScript replay identical: 61 bytes
    lint_test.go:387: typed runtime time: Go program and lint=99.662649ms native program, lint and recording=102.952788ms
    lint_test.go:387: typed runtime time: native=102.952788ms
    lint_test.go:387: typed runtime time: Node=557.605224ms
    lint_test.go:387: typed runtime time: emitted JavaScript=96.864237ms
    lint_test.go:387: live Go, native, Node and emitted JavaScript replay identical: 307 bytes
    lint_test.go:387: typed runtime time: Go program and lint=105.932253ms native program, lint and recording=115.212955ms
    lint_test.go:387: typed runtime time: native=115.212955ms
    lint_test.go:387: typed runtime time: Node=491.985929ms
    lint_test.go:387: typed runtime time: emitted JavaScript=87.071787ms
    lint_test.go:387: live Go, native, Node and emitted JavaScript replay identical: 61 bytes
    lint_test.go:387: typed runtime time: Go program and lint=90.791894ms native program, lint and recording=146.240749ms
    lint_test.go:387: typed runtime time: native=146.240749ms
    lint_test.go:387: typed runtime time: Node=507.722803ms
    lint_test.go:387: typed runtime time: emitted JavaScript=72.045682ms
    lint_test.go:387: live Go, native, Node and emitted JavaScript replay identical: 54 bytes
    lint_test.go:387: typed runtime time: Go program and lint=107.769581ms native program, lint and recording=159.96825ms
    lint_test.go:387: typed runtime time: native=159.96825ms
    lint_test.go:387: typed runtime time: Node=440.129073ms
    lint_test.go:387: typed runtime time: emitted JavaScript=124.792528ms
    lint_test.go:387: live Go, native, Node and emitted JavaScript replay identical: 320 bytes
    lint_test.go:387: typed runtime time: Go program and lint=107.237172ms native program, lint and recording=149.623154ms
    lint_test.go:387: typed runtime time: native=149.623154ms
    lint_test.go:387: typed runtime time: Node=425.687665ms
    lint_test.go:387: typed runtime time: emitted JavaScript=104.322551ms
    lint_test.go:387: live Go, native, Node and emitted JavaScript replay identical: 59 bytes
    lint_test.go:387: typed runtime time: Go program and lint=144.341678ms native program, lint and recording=99.212044ms
    harness_test.go:120: checker native build: 10.187550658s
    lint_test.go:387: typed runtime time: native=99.212044ms
    lint_test.go:387: typed runtime time: Node=621.766846ms
    lint_test.go:387: typed runtime time: emitted JavaScript=85.289921ms
    lint_test.go:387: live Go, native, Node and emitted JavaScript replay identical: 67 bytes
    lint_test.go:387: typed runtime time: Go program and lint=120.314693ms native program, lint and recording=208.042809ms
    harness_test.go:120: Go, Node, emitted JavaScript, native identical: 735 bytes
    lint_test.go:387: typed runtime time: native=208.042809ms
    lint_test.go:387: typed runtime time: Node=571.466436ms
    lint_test.go:387: typed runtime time: emitted JavaScript=182.920423ms
    lint_test.go:387: live Go, native, Node and emitted JavaScript replay identical: 308 bytes
    lint_test.go:387: typed runtime time: Go program and lint=120.167941ms native program, lint and recording=95.534608ms
    lint_test.go:387: typed runtime time: native=95.534608ms
    lint_test.go:387: typed runtime time: Node=560.797049ms
    lint_test.go:387: typed runtime time: emitted JavaScript=101.774539ms
    lint_test.go:387: live Go, native, Node and emitted JavaScript replay identical: 305 bytes
    lint_test.go:387: typed runtime time: Go program and lint=118.137573ms native program, lint and recording=147.741978ms
    lint_test.go:490: emitted JavaScript shard 0/5: 32689.082016 ms
    lint_test.go:490: emitted JavaScript shard 1/5: 23676.050367 ms
    lint_test.go:490: emitted JavaScript shard 2/5: 19871.356618 ms
    lint_test.go:490: emitted JavaScript shard 3/5: 23424.793242 ms
    lint_test.go:490: emitted JavaScript shard 4/5: 18088.205837 ms
    lint_test.go:492: emitted JavaScript: 5 shards in 32.906016941s
    lint_test.go:387: typed runtime time: native=147.741978ms
    lint_test.go:387: typed runtime time: Node=764.150624ms
    lint_test.go:387: typed runtime time: emitted JavaScript=211.957797ms
    lint_test.go:387: live Go, native, Node and emitted JavaScript replay identical: 73 bytes
    lint_test.go:387: typed runtime time: Go program and lint=249.847358ms native program, lint and recording=286.18502ms
    lint_test.go:387: typed runtime time: native=286.18502ms
    lint_test.go:387: typed runtime time: Node=1.061584061s
    lint_test.go:387: typed runtime time: emitted JavaScript=187.031475ms
    lint_test.go:387: live Go, native, Node and emitted JavaScript replay identical: 60 bytes
    lint_test.go:387: typed runtime time: Go program and lint=198.584272ms native program, lint and recording=242.127289ms
    lint_test.go:387: typed runtime time: native=242.127289ms
    lint_test.go:387: typed runtime time: Node=900.604969ms
    lint_test.go:387: typed runtime time: emitted JavaScript=212.979855ms
    lint_test.go:387: live Go, native, Node and emitted JavaScript replay identical: 297 bytes
    lint_test.go:387: typed runtime time: Go program and lint=196.567827ms native program, lint and recording=266.4805ms
    lint_test.go:387: typed runtime time: native=266.4805ms
    lint_test.go:387: typed runtime time: Node=988.478228ms
    lint_test.go:387: typed runtime time: emitted JavaScript=200.759367ms
    lint_test.go:387: live Go, native, Node and emitted JavaScript replay identical: 305 bytes
    registration_test.go:331: checker compilation phases: load=292.402812ms lower=11.395976041s C=1.729874626s JavaScript=100.421273ms
    registration_test.go:336: ignored decoded-option mutant caught on Node: case 0 line 2: port "/tmp/adamic-gate/TestDecodedOptionsAndMutant771252765/001/catch.ts:1:26", Go "fixed\ttry { work(); } catch(e) {}\\u000a"
        Go context:
        case 0
        fixed	try { work(); } catch(e) {}\u000a
    registration_test.go:336: ignored decoded-option mutant caught on emitted JavaScript: case 0 line 2: port "/tmp/adamic-gate/TestDecodedOptionsAndMutant771252765/001/catch.ts:1:26", Go "fixed\ttry { work(); } catch(e) {}\\u000a"
        Go context:
        case 0
        fixed	try { work(); } catch(e) {}\u000a
--- PASS: TestDecodedOptionsAndMutant (15.79s)
=== CONT  TestNestedOutsideModuleCopy
    lint_test.go:387: typed runtime time: Go program and lint=213.198804ms native program, lint and recording=285.916104ms
    registration_test.go:263: checker compilation phases: load=43.676631ms lower=29.900294ms C=663.944µs JavaScript=208.238µs
    registration_test.go:263: checker native build: 499.446268ms
    registration_test.go:304: root-only import rewrite mutant caught by Node and native module loading
--- PASS: TestNestedOutsideModuleCopy (1.44s)
=== CONT  TestFactoryHooks
    lint_test.go:387: typed runtime time: native=285.916104ms
    lint_test.go:387: typed runtime time: Node=1.052565428s
    lint_test.go:387: typed runtime time: emitted JavaScript=232.433153ms
    lint_test.go:387: live Go, native, Node and emitted JavaScript replay identical: 60 bytes
    lint_test.go:387: typed runtime time: Go program and lint=214.348302ms native program, lint and recording=303.923858ms
    lint_test.go:387: typed runtime time: native=303.923858ms
    lint_test.go:387: typed runtime time: Node=1.313518224s
    lint_test.go:387: typed runtime time: emitted JavaScript=183.517966ms
    lint_test.go:387: live Go, native, Node and emitted JavaScript replay identical: 53 bytes
    lint_test.go:387: typed runtime time: Go program and lint=224.624785ms native program, lint and recording=267.251848ms
    lint_test.go:387: typed runtime time: native=267.251848ms
    lint_test.go:387: typed runtime time: Node=910.562632ms
    lint_test.go:387: typed runtime time: emitted JavaScript=231.830641ms
    lint_test.go:387: live Go, native, Node and emitted JavaScript replay identical: 67 bytes
    lint_test.go:387: typed runtime time: Go program and lint=188.664274ms native program, lint and recording=223.554543ms
    lint_test.go:387: typed runtime time: native=223.554543ms
    lint_test.go:387: typed runtime time: Node=1.042636037s
    lint_test.go:387: typed runtime time: emitted JavaScript=262.324943ms
    lint_test.go:387: live Go, native, Node and emitted JavaScript replay identical: 60 bytes
    lint_test.go:387: typed runtime time: Go program and lint=244.180688ms native program, lint and recording=260.298089ms
    lint_test.go:387: typed runtime time: native=260.298089ms
    lint_test.go:387: typed runtime time: Node=1.056111484s
    lint_test.go:387: typed runtime time: emitted JavaScript=308.613553ms
    lint_test.go:387: live Go, native, Node and emitted JavaScript replay identical: 60 bytes
    lint_test.go:387: typed runtime time: Go program and lint=215.834544ms native program, lint and recording=271.854948ms
    lint_test.go:387: typed runtime time: native=271.854948ms
    lint_test.go:387: typed runtime time: Node=1.17992744s
    lint_test.go:387: typed runtime time: emitted JavaScript=203.884066ms
    lint_test.go:387: live Go, native, Node and emitted JavaScript replay identical: 53 bytes
    lint_test.go:387: typed runtime time: Go program and lint=225.785203ms native program, lint and recording=265.928885ms
    lint_test.go:387: typed runtime time: native=265.928885ms
    lint_test.go:387: typed runtime time: Node=775.896053ms
    lint_test.go:387: typed runtime time: emitted JavaScript=90.993412ms
    lint_test.go:387: live Go, native, Node and emitted JavaScript replay identical: 69 bytes
    lint_test.go:387: typed runtime time: Go program and lint=103.478894ms native program, lint and recording=275.837401ms
    lint_test.go:387: typed runtime time: native=275.837401ms
    lint_test.go:387: typed runtime time: Node=953.220692ms
    lint_test.go:387: typed runtime time: emitted JavaScript=204.036025ms
    lint_test.go:387: live Go, native, Node and emitted JavaScript replay identical: 318 bytes
    lint_test.go:387: typed runtime time: Go program and lint=197.224546ms native program, lint and recording=229.306232ms
    lint_test.go:387: typed runtime time: native=229.306232ms
    lint_test.go:387: typed runtime time: Node=1.111329152s
    lint_test.go:387: typed runtime time: emitted JavaScript=274.783094ms
    lint_test.go:387: live Go, native, Node and emitted JavaScript replay identical: 59 bytes
    lint_test.go:387: typed runtime time: Go program and lint=184.556949ms native program, lint and recording=148.500099ms
    harness_test.go:140: checker compilation phases: load=290.116872ms lower=21.663936882s C=1.309789584s JavaScript=78.699856ms
    harness_test.go:145: second suggestion edit mutant caught on Node: case 0 line 8: port "suggestion-edit\t9 11\t", Go "suggestion-edit\t9 10\t"
        Go context:
          no-debugger  A debugger statement stops execution when devtools are open and does nothing otherwise, so it is a breakpoint written into the source. Shipped, it halts the page for anyone with devtools open and is invisible to everyone else, which is the worst pairing of symptoms for reproducing a report. Set the breakpoint in the debugger instead.

        range 8 17 unexpectedDebugger suggestions			8 17
        suggestion	first	first | :\u000a\ud83d\ude00	2
        suggestion-edit	8 9	a|:\u0009\u000a\ud83d\ude00\u005c
        suggestion-edit	9 10
        suggestion	second	second	1
        suggestion-edit	10 10	?.
        suggestion	empty	no edits	0
        fixed	/*\ud83d\ude00*/debugger;\u000a
    harness_test.go:145: second suggestion edit mutant caught on emitted JavaScript: case 0 line 8: port "suggestion-edit\t9 11\t", Go "suggestion-edit\t9 10\t"
        Go context:
          no-debugger  A debugger statement stops execution when devtools are open and does nothing otherwise, so it is a breakpoint written into the source. Shipped, it halts the page for anyone with devtools open and is invisible to everyone else, which is the worst pairing of symptoms for reproducing a report. Set the breakpoint in the debugger instead.

        range 8 17 unexpectedDebugger suggestions			8 17
        suggestion	first	first | :\u000a\ud83d\ude00	2
        suggestion-edit	8 9	a|:\u0009\u000a\ud83d\ude00\u005c
        suggestion-edit	9 10
        suggestion	second	second	1
        suggestion-edit	10 10	?.
        suggestion	empty	no edits	0
        fixed	/*\ud83d\ude00*/debugger;\u000a
--- PASS: TestCompleteSuggestionSerialization (75.10s)
=== CONT  TestRegistrationMutant
    lint_test.go:387: typed runtime time: native=148.500099ms
    lint_test.go:387: typed runtime time: Node=977.167562ms
    lint_test.go:387: typed runtime time: emitted JavaScript=202.802099ms
    lint_test.go:387: live Go, native, Node and emitted JavaScript replay identical: 54 bytes
    lint_test.go:387: typed runtime time: Go program and lint=210.534293ms native program, lint and recording=270.30093ms
    lint_test.go:387: typed runtime time: native=270.30093ms
    lint_test.go:387: typed runtime time: Node=1.043941279s
    lint_test.go:387: typed runtime time: emitted JavaScript=185.401667ms
    lint_test.go:387: live Go, native, Node and emitted JavaScript replay identical: 352 bytes
    lint_test.go:387: typed runtime time: Go program and lint=194.311145ms native program, lint and recording=275.922126ms
    lint_test.go:387: typed runtime time: native=275.922126ms
    lint_test.go:387: typed runtime time: Node=946.506935ms
    lint_test.go:387: typed runtime time: emitted JavaScript=194.880629ms
    lint_test.go:387: live Go, native, Node and emitted JavaScript replay identical: 345 bytes
    lint_test.go:387: typed runtime time: Go program and lint=187.55683ms native program, lint and recording=258.515195ms
    lint_test.go:387: typed runtime time: native=258.515195ms
    lint_test.go:387: typed runtime time: Node=1.199860434s
    lint_test.go:387: typed runtime time: emitted JavaScript=247.891827ms
    lint_test.go:387: live Go, native, Node and emitted JavaScript replay identical: 617 bytes
    lint_test.go:387: typed runtime time: Go program and lint=255.892611ms native program, lint and recording=222.361662ms
    lint_test.go:387: typed runtime time: native=222.361662ms
    lint_test.go:387: typed runtime time: Node=801.662908ms
    lint_test.go:387: typed runtime time: emitted JavaScript=113.17318ms
    lint_test.go:387: live Go, native, Node and emitted JavaScript replay identical: 295 bytes
    lint_test.go:387: typed runtime time: Go program and lint=215.573161ms native program, lint and recording=276.403687ms
    lint_test.go:387: typed runtime time: native=276.403687ms
    lint_test.go:387: typed runtime time: Node=894.235658ms
    lint_test.go:387: typed runtime time: emitted JavaScript=239.742491ms
    lint_test.go:387: live Go, native, Node and emitted JavaScript replay identical: 280 bytes
    lint_test.go:387: typed runtime time: Go program and lint=245.416659ms native program, lint and recording=221.251381ms
    registration_test.go:150: checker compilation phases: load=782.715361ms lower=20.778232602s C=1.22225773s JavaScript=30.963642ms
    lint_test.go:387: typed runtime time: native=221.251381ms
    lint_test.go:387: typed runtime time: Node=1.124920557s
    lint_test.go:387: typed runtime time: emitted JavaScript=262.780167ms
    lint_test.go:387: live Go, native, Node and emitted JavaScript replay identical: 530 bytes
    lint_test.go:387: typed runtime time: Go program and lint=295.216945ms native program, lint and recording=233.794558ms
    lint_test.go:387: typed runtime time: native=233.794558ms
    lint_test.go:387: typed runtime time: Node=1.012327877s
    lint_test.go:387: typed runtime time: emitted JavaScript=239.986324ms
    lint_test.go:387: live Go, native, Node and emitted JavaScript replay identical: 39 bytes
    lint_test.go:387: typed runtime time: Go program and lint=207.27369ms native program, lint and recording=256.51175ms
    lint_test.go:387: typed runtime time: native=256.51175ms
    lint_test.go:387: typed runtime time: Node=1.091152855s
    lint_test.go:387: typed runtime time: emitted JavaScript=285.057755ms
    lint_test.go:387: live Go, native, Node and emitted JavaScript replay identical: 326 bytes
    lint_test.go:387: typed runtime time: Go program and lint=223.766632ms native program, lint and recording=333.343419ms
    lint_test.go:387: typed runtime time: native=333.343419ms
    lint_test.go:387: typed runtime time: Node=1.103876204s
    lint_test.go:387: typed runtime time: emitted JavaScript=303.020891ms
    lint_test.go:387: live Go, native, Node and emitted JavaScript replay identical: 69 bytes
    lint_test.go:387: typed runtime time: Go program and lint=198.429364ms native program, lint and recording=324.60695ms
    lint_test.go:387: typed runtime time: native=324.60695ms
    lint_test.go:387: typed runtime time: Node=1.202927687s
    lint_test.go:387: typed runtime time: emitted JavaScript=265.243957ms
    lint_test.go:387: live Go, native, Node and emitted JavaScript replay identical: 530 bytes
    lint_test.go:387: typed runtime time: Go program and lint=173.992178ms native program, lint and recording=271.080385ms
    registration_test.go:86: checker compilation phases: load=649.436857ms lower=16.328569178s C=1.266931705s JavaScript=135.259184ms
    lint_test.go:387: typed runtime time: native=271.080385ms
    lint_test.go:387: typed runtime time: Node=1.404374706s
    lint_test.go:387: typed runtime time: emitted JavaScript=293.560164ms
    lint_test.go:387: live Go, native, Node and emitted JavaScript replay identical: 50 bytes
    registration_test.go:91: wrong descriptor kind caught on Node: case 0 line 2: port "fixed\tfunction Enroll() {\\u000a    return <button onClick={() => handleEnroll()}>Enroll</button>;\\u000a}\\u000adebugger;\\u000a", Go "/tmp/adamic-gate/TestRegistrationMutant206298746/002/no-debugger-0.tsx:4:1"
        Go context:
        case 0
        /tmp/adamic-gate/TestRegistrationMutant206298746/002/no-debugger-0.tsx:4:1
          no-debugger  A debugger statement stops execution when devtools are open and does nothing otherwise, so it is a breakpoint written into the source. Shipped, it halts the page for anyone with devtools open and is invisible to everyone else, which is the worst pairing of symptoms for reproducing a report. Set the breakpoint in the debugger instead.

        range 89 98 unexpectedDebugger fix			89 98
        fixed	function Enroll() {\u000a    return <button onClick={() => handleEnroll()}>Enroll</button>;\u000a}\u000a\u000a
    registration_test.go:91: wrong descriptor kind caught on emitted JavaScript: case 0 line 2: port "fixed\tfunction Enroll() {\\u000a    return <button onClick={() => handleEnroll()}>Enroll</button>;\\u000a}\\u000adebugger;\\u000a", Go "/tmp/adamic-gate/TestRegistrationMutant206298746/002/no-debugger-0.tsx:4:1"
        Go context:
        case 0
        /tmp/adamic-gate/TestRegistrationMutant206298746/002/no-debugger-0.tsx:4:1
          no-debugger  A debugger statement stops execution when devtools are open and does nothing otherwise, so it is a breakpoint written into the source. Shipped, it halts the page for anyone with devtools open and is invisible to everyone else, which is the worst pairing of symptoms for reproducing a report. Set the breakpoint in the debugger instead.

        range 89 98 unexpectedDebugger fix			89 98
        fixed	function Enroll() {\u000a    return <button onClick={() => handleEnroll()}>Enroll</button>;\u000a}\u000a\u000a
=== CONT  TestOwnedWitnesses
--- PASS: TestRegistrationMutant (20.32s)
    lint_test.go:387: typed runtime time: Go program and lint=156.625551ms native program, lint and recording=165.814466ms
    lint_test.go:387: typed runtime time: native=165.814466ms
    lint_test.go:387: typed runtime time: Node=1.032554821s
    lint_test.go:387: typed runtime time: emitted JavaScript=163.126257ms
    lint_test.go:387: live Go, native, Node and emitted JavaScript replay identical: 41 bytes
    lint_test.go:387: typed runtime time: Go program and lint=181.749224ms native program, lint and recording=170.640867ms
    lint_test.go:387: typed runtime time: native=170.640867ms
    lint_test.go:387: typed runtime time: Node=717.730539ms
    lint_test.go:387: typed runtime time: emitted JavaScript=217.868961ms
    lint_test.go:387: live Go, native, Node and emitted JavaScript replay identical: 50 bytes
    lint_test.go:387: typed runtime time: Go program and lint=275.913565ms native program, lint and recording=211.867555ms
    lint_test.go:387: typed runtime time: native=211.867555ms
    lint_test.go:387: typed runtime time: Node=811.685774ms
    lint_test.go:387: typed runtime time: emitted JavaScript=273.11817ms
    lint_test.go:387: live Go, native, Node and emitted JavaScript replay identical: 296 bytes
    lint_test.go:387: typed runtime time: Go program and lint=276.912287ms native program, lint and recording=304.479956ms
    registration_test.go:55: checker native build: 40.769985ms
    lint_test.go:387: typed runtime time: native=304.479956ms
    lint_test.go:387: typed runtime time: Node=888.028405ms
    lint_test.go:387: typed runtime time: emitted JavaScript=238.745354ms
    lint_test.go:387: live Go, native, Node and emitted JavaScript replay identical: 300 bytes
    registration_test.go:55: typed runtime time: Go program and lint=243.287835ms native program, lint and recording=314.921989ms
    lint_test.go:387: typed runtime time: Go program and lint=230.582585ms native program, lint and recording=374.674247ms
    lint_test.go:387: typed runtime time: native=374.674247ms
    lint_test.go:387: typed runtime time: Node=1.158129588s
    lint_test.go:387: typed runtime time: emitted JavaScript=205.20618ms
    lint_test.go:387: live Go, native, Node and emitted JavaScript replay identical: 300 bytes
    registration_test.go:55: typed runtime time: native=314.921989ms
    registration_test.go:55: typed runtime time: Node=1.342491504s
    registration_test.go:55: typed runtime time: emitted JavaScript=207.909037ms
    registration_test.go:55: live Go, native, Node and emitted JavaScript replay identical: 1881 bytes
    lint_test.go:387: typed runtime time: Go program and lint=210.009692ms native program, lint and recording=317.266731ms
    registration_test.go:55: checker native build: 36.901444ms
    registration_test.go:55: typed runtime time: Go program and lint=349.165887ms native program, lint and recording=407.579001ms
    lint_test.go:387: typed runtime time: native=317.266731ms
    lint_test.go:387: typed runtime time: Node=971.82092ms
    lint_test.go:387: typed runtime time: emitted JavaScript=316.463541ms
    lint_test.go:387: live Go, native, Node and emitted JavaScript replay identical: 290 bytes
    lint_test.go:387: typed runtime time: Go program and lint=331.78251ms native program, lint and recording=351.757666ms
    registration_test.go:55: typed runtime time: native=407.579001ms
    registration_test.go:55: typed runtime time: Node=1.173364206s
    registration_test.go:55: typed runtime time: emitted JavaScript=315.888033ms
    registration_test.go:55: live Go, native, Node and emitted JavaScript replay identical: 1996 bytes
    lint_test.go:387: typed runtime time: native=351.757666ms
    lint_test.go:387: typed runtime time: Node=895.982541ms
    lint_test.go:387: typed runtime time: emitted JavaScript=212.42045ms
    lint_test.go:387: live Go, native, Node and emitted JavaScript replay identical: 290 bytes
    registration_test.go:55: checker native build: 45.648258ms
    lint_test.go:387: typed runtime time: Go program and lint=225.714051ms native program, lint and recording=284.640923ms
    registration_test.go:55: typed runtime time: Go program and lint=201.645727ms native program, lint and recording=324.054289ms
    lint_test.go:387: typed runtime time: native=284.640923ms
    lint_test.go:387: typed runtime time: Node=1.096637975s
    lint_test.go:387: typed runtime time: emitted JavaScript=112.840395ms
    lint_test.go:387: live Go, native, Node and emitted JavaScript replay identical: 300 bytes
    registration_test.go:55: typed runtime time: native=324.054289ms
    registration_test.go:55: typed runtime time: Node=884.062069ms
    registration_test.go:55: typed runtime time: emitted JavaScript=255.842279ms
    registration_test.go:55: live Go, native, Node and emitted JavaScript replay identical: 5272 bytes
    lint_test.go:387: typed runtime time: Go program and lint=164.776873ms native program, lint and recording=241.834589ms
    lint_test.go:387: typed runtime time: native=241.834589ms
    lint_test.go:387: typed runtime time: Node=675.114412ms
    lint_test.go:387: typed runtime time: emitted JavaScript=127.938084ms
    lint_test.go:387: live Go, native, Node and emitted JavaScript replay identical: 297 bytes
    lint_test.go:387: typed runtime time: Go program and lint=182.318117ms native program, lint and recording=173.812423ms
    lint_test.go:387: typed runtime time: native=173.812423ms
    lint_test.go:387: typed runtime time: Node=762.5123ms
    lint_test.go:387: typed runtime time: emitted JavaScript=105.582044ms
    lint_test.go:387: live Go, native, Node and emitted JavaScript replay identical: 282 bytes
    lint_test.go:387: typed runtime time: Go program and lint=168.846456ms native program, lint and recording=262.696304ms
    lint_test.go:387: typed runtime time: native=262.696304ms
    lint_test.go:387: typed runtime time: Node=913.306285ms
    lint_test.go:387: typed runtime time: emitted JavaScript=138.352021ms
    lint_test.go:387: live Go, native, Node and emitted JavaScript replay identical: 295 bytes
    lint_test.go:387: typed runtime time: Go program and lint=177.036067ms native program, lint and recording=242.03563ms
    lint_test.go:387: typed runtime time: native=242.03563ms
    lint_test.go:387: typed runtime time: Node=1.32409567s
    lint_test.go:387: typed runtime time: emitted JavaScript=205.50899ms
    lint_test.go:387: live Go, native, Node and emitted JavaScript replay identical: 280 bytes
    lint_test.go:387: typed runtime time: Go program and lint=248.036446ms native program, lint and recording=290.170133ms
    lint_test.go:387: typed runtime time: native=290.170133ms
    lint_test.go:387: typed runtime time: Node=823.215513ms
    lint_test.go:387: typed runtime time: emitted JavaScript=183.13029ms
    lint_test.go:387: live Go, native, Node and emitted JavaScript replay identical: 535 bytes
    lint_test.go:387: typed runtime time: Go program and lint=267.439992ms native program, lint and recording=285.736705ms
    lint_test.go:387: typed runtime time: native=285.736705ms
    lint_test.go:387: typed runtime time: Node=919.486021ms
    lint_test.go:387: typed runtime time: emitted JavaScript=229.542611ms
    lint_test.go:387: live Go, native, Node and emitted JavaScript replay identical: 35 bytes
    lint_test.go:387: typed runtime time: Go program and lint=310.717787ms native program, lint and recording=267.370904ms
    lint_test.go:387: typed runtime time: native=267.370904ms
    lint_test.go:387: typed runtime time: Node=1.201776485s
    lint_test.go:387: typed runtime time: emitted JavaScript=214.342072ms
    lint_test.go:387: live Go, native, Node and emitted JavaScript replay identical: 73 bytes
    registration_test.go:71: checker native build: 29.340127ms
    lint_test.go:387: typed runtime time: Go program and lint=216.687574ms native program, lint and recording=372.768683ms
    lint_test.go:387: typed runtime time: native=372.768683ms
    lint_test.go:387: typed runtime time: Node=989.874794ms
    lint_test.go:387: typed runtime time: emitted JavaScript=235.919874ms
    lint_test.go:387: live Go, native, Node and emitted JavaScript replay identical: 39 bytes
    lint_test.go:387: typed runtime time: Go program and lint=261.275095ms native program, lint and recording=241.712754ms
    lint_test.go:387: typed runtime time: native=241.712754ms
    lint_test.go:387: typed runtime time: Node=1.088561428s
    lint_test.go:387: typed runtime time: emitted JavaScript=201.454461ms
    lint_test.go:387: live Go, native, Node and emitted JavaScript replay identical: 37 bytes
    lint_test.go:387: typed runtime time: Go program and lint=200.27745ms native program, lint and recording=213.129638ms
    registration_test.go:71: Go, Node, emitted JavaScript, native identical: 461968 bytes
--- PASS: TestOwnedWitnesses (28.99s)
=== CONT  TestPositionIndexMutant
    lint_test.go:387: typed runtime time: native=213.129638ms
    lint_test.go:387: typed runtime time: Node=876.920011ms
    lint_test.go:387: typed runtime time: emitted JavaScript=179.617444ms
    lint_test.go:387: live Go, native, Node and emitted JavaScript replay identical: 308 bytes
    lint_test.go:387: typed runtime time: Go program and lint=171.688771ms native program, lint and recording=161.866953ms
    lint_test.go:387: typed runtime time: native=161.866953ms
    lint_test.go:387: typed runtime time: Node=696.441256ms
    lint_test.go:387: typed runtime time: emitted JavaScript=98.919569ms
    lint_test.go:387: live Go, native, Node and emitted JavaScript replay identical: 48 bytes
    lint_test.go:387: typed runtime time: Go program and lint=107.409132ms native program, lint and recording=149.760406ms
    lint_test.go:387: typed runtime time: native=149.760406ms
    lint_test.go:387: typed runtime time: Node=713.679375ms
    lint_test.go:387: typed runtime time: emitted JavaScript=87.603847ms
    lint_test.go:387: live Go, native, Node and emitted JavaScript replay identical: 310 bytes
    lint_test.go:387: typed runtime time: Go program and lint=99.726055ms native program, lint and recording=138.673002ms
    lint_test.go:387: typed runtime time: native=138.673002ms
    lint_test.go:387: typed runtime time: Node=591.517591ms
    lint_test.go:387: typed runtime time: emitted JavaScript=105.335218ms
    lint_test.go:387: live Go, native, Node and emitted JavaScript replay identical: 285 bytes
    lint_test.go:387: typed runtime time: Go program and lint=165.202073ms native program, lint and recording=145.195965ms
    lint_test.go:387: typed runtime time: native=145.195965ms
    lint_test.go:387: typed runtime time: Node=693.438593ms
    lint_test.go:387: typed runtime time: emitted JavaScript=113.535913ms
    lint_test.go:387: live Go, native, Node and emitted JavaScript replay identical: 278 bytes
    lint_test.go:387: typed runtime time: Go program and lint=132.56958ms native program, lint and recording=155.694105ms
    lint_test.go:387: typed runtime time: native=155.694105ms
    lint_test.go:387: typed runtime time: Node=490.71056ms
    lint_test.go:387: typed runtime time: emitted JavaScript=92.637427ms
    lint_test.go:387: live Go, native, Node and emitted JavaScript replay identical: 50 bytes
    lint_test.go:387: typed runtime time: Go program and lint=108.780565ms native program, lint and recording=175.276755ms
    lint_test.go:387: typed runtime time: native=175.276755ms
    lint_test.go:387: typed runtime time: Node=543.567347ms
    lint_test.go:387: typed runtime time: emitted JavaScript=108.089818ms
    lint_test.go:387: live Go, native, Node and emitted JavaScript replay identical: 43 bytes
    lint_test.go:387: typed runtime time: Go program and lint=152.63471ms native program, lint and recording=142.9ms
    lint_test.go:387: typed runtime time: native=142.9ms
    lint_test.go:387: typed runtime time: Node=557.93685ms
    lint_test.go:387: typed runtime time: emitted JavaScript=87.986776ms
    lint_test.go:387: live Go, native, Node and emitted JavaScript replay identical: 43 bytes
    lint_test.go:387: typed runtime time: Go program and lint=110.367021ms native program, lint and recording=186.03658ms
    lint_test.go:387: typed runtime time: native=186.03658ms
    lint_test.go:387: typed runtime time: Node=592.932168ms
    lint_test.go:387: typed runtime time: emitted JavaScript=146.860827ms
    lint_test.go:387: live Go, native, Node and emitted JavaScript replay identical: 36 bytes
    lint_test.go:387: typed runtime time: Go program and lint=142.412508ms native program, lint and recording=119.847409ms
    lint_test.go:387: typed runtime time: native=119.847409ms
    lint_test.go:387: typed runtime time: Node=805.404357ms
    lint_test.go:387: typed runtime time: emitted JavaScript=120.735829ms
    lint_test.go:387: live Go, native, Node and emitted JavaScript replay identical: 44 bytes
    lint_test.go:387: typed runtime time: Go program and lint=179.226219ms native program, lint and recording=155.076672ms
    lint_test.go:387: typed runtime time: native=155.076672ms
    lint_test.go:387: typed runtime time: Node=530.658069ms
    lint_test.go:387: typed runtime time: emitted JavaScript=104.168171ms
    lint_test.go:387: live Go, native, Node and emitted JavaScript replay identical: 44 bytes
    lint_test.go:387: typed runtime time: Go program and lint=103.155446ms native program, lint and recording=82.704396ms
    lint_test.go:387: typed runtime time: native=82.704396ms
    lint_test.go:387: typed runtime time: Node=507.653402ms
    lint_test.go:387: typed runtime time: emitted JavaScript=111.882955ms
    lint_test.go:387: live Go, native, Node and emitted JavaScript replay identical: 37 bytes
    lint_test.go:387: typed runtime time: Go program and lint=107.500249ms native program, lint and recording=171.973652ms
    profile_test.go:270: checker compilation phases: load=342.495056ms lower=9.967808718s C=1.042665224s JavaScript=71.868072ms
    lint_test.go:387: typed runtime time: native=171.973652ms
    lint_test.go:387: typed runtime time: Node=615.957742ms
    lint_test.go:387: typed runtime time: emitted JavaScript=114.318314ms
    lint_test.go:387: live Go, native, Node and emitted JavaScript replay identical: 303 bytes
    lint_test.go:387: typed runtime time: Go program and lint=138.030687ms native program, lint and recording=162.460442ms
    lint_test.go:387: typed runtime time: native=162.460442ms
    lint_test.go:387: typed runtime time: Node=828.811691ms
    lint_test.go:387: typed runtime time: emitted JavaScript=99.34562ms
    lint_test.go:387: live Go, native, Node and emitted JavaScript replay identical: 288 bytes
    lint_test.go:387: typed runtime time: Go program and lint=138.882343ms native program, lint and recording=141.690811ms
    lint_test.go:387: typed runtime time: native=141.690811ms
    lint_test.go:387: typed runtime time: Node=550.890942ms
    lint_test.go:387: typed runtime time: emitted JavaScript=71.041932ms
    lint_test.go:387: live Go, native, Node and emitted JavaScript replay identical: 42 bytes
    lint_test.go:387: typed runtime time: Go program and lint=108.796828ms native program, lint and recording=109.276904ms
    lint_test.go:387: typed runtime time: native=109.276904ms
    lint_test.go:387: typed runtime time: Node=531.002209ms
    lint_test.go:387: typed runtime time: emitted JavaScript=111.066156ms
    lint_test.go:387: live Go, native, Node and emitted JavaScript replay identical: 289 bytes
    lint_test.go:387: typed runtime time: Go program and lint=120.384476ms native program, lint and recording=125.239707ms
    lint_test.go:387: typed runtime time: native=125.239707ms
    lint_test.go:387: typed runtime time: Node=485.367871ms
    lint_test.go:387: typed runtime time: emitted JavaScript=80.985308ms
    lint_test.go:387: live Go, native, Node and emitted JavaScript replay identical: 286 bytes
    lint_test.go:387: typed runtime time: Go program and lint=128.26247ms native program, lint and recording=140.809832ms
    lint_test.go:387: typed runtime time: native=140.809832ms
    lint_test.go:387: typed runtime time: Node=563.740816ms
    lint_test.go:387: typed runtime time: emitted JavaScript=127.467262ms
    lint_test.go:387: live Go, native, Node and emitted JavaScript replay identical: 52 bytes
    lint_test.go:387: typed runtime time: Go program and lint=95.468846ms native program, lint and recording=115.450965ms
    lint_test.go:387: typed runtime time: native=115.450965ms
    lint_test.go:387: typed runtime time: Node=756.780776ms
    lint_test.go:387: typed runtime time: emitted JavaScript=125.157394ms
    lint_test.go:387: live Go, native, Node and emitted JavaScript replay identical: 291 bytes
    lint_test.go:387: typed runtime time: Go program and lint=137.08106ms native program, lint and recording=173.197623ms
    lint_test.go:387: typed runtime time: native=173.197623ms
    lint_test.go:387: typed runtime time: Node=640.018157ms
    lint_test.go:387: typed runtime time: emitted JavaScript=148.811959ms
    lint_test.go:387: live Go, native, Node and emitted JavaScript replay identical: 287 bytes
    lint_test.go:387: typed runtime time: Go program and lint=151.411163ms native program, lint and recording=113.673531ms
    lint_test.go:387: typed runtime time: native=113.673531ms
    lint_test.go:387: typed runtime time: Node=569.550631ms
    lint_test.go:387: typed runtime time: emitted JavaScript=91.054089ms
    lint_test.go:387: live Go, native, Node and emitted JavaScript replay identical: 291 bytes
    lint_test.go:387: typed runtime time: Go program and lint=121.072004ms native program, lint and recording=162.703592ms
    profile_test.go:270: checker native build: 9.052647135s
    lint_test.go:387: typed runtime time: native=162.703592ms
    lint_test.go:387: typed runtime time: Node=592.062582ms
    lint_test.go:387: typed runtime time: emitted JavaScript=159.379325ms
    lint_test.go:387: live Go, native, Node and emitted JavaScript replay identical: 43 bytes
    lint_test.go:387: typed runtime time: Go program and lint=137.770441ms native program, lint and recording=140.066785ms
    lint_test.go:387: typed runtime time: native=140.066785ms
    lint_test.go:387: typed runtime time: Node=591.515588ms
    lint_test.go:387: typed runtime time: emitted JavaScript=103.526999ms
    lint_test.go:387: live Go, native, Node and emitted JavaScript replay identical: 299 bytes
    lint_test.go:387: typed runtime time: Go program and lint=104.534922ms native program, lint and recording=121.386659ms
    profile_test.go:282: position mutant caught on Node: case 106 line 4056: port "/tmp/adamic-gate/TestPositionIndexMutant3032945914/014/generated-10.ts:2:75", Go "/tmp/adamic-gate/TestPositionIndexMutant3032945914/014/generated-10.ts:1:1"
        Go context:
        fixed	const nested=(a?true:false)?false:true; const bool=a == b ? false : true; const same=f()?true:true; const coerced=(a + b)?true:false; const assertion=(a as any)?false:true; const fallback=a?a:b??c; const nonnull=a!?true:false;
        case 106
        skipped @typescript-eslint/no-redundant-type-constituents no program
        skipped @typescript-eslint/no-unnecessary-boolean-literal-compare no program
        skipped @typescript-eslint/prefer-find no program
        /tmp/adamic-gate/TestPositionIndexMutant3032945914/014/generated-10.ts:1:1
          no-warning-comments  This comment opens with `todo`, which marks the code as knowingly unfinished: "TODO: fix this xxx". A warning comment is a note to a future reader that something was deferred, so it should be tracked somewhere that gets read rather than left where only the next editor of this file will find it.

        range 0 21 unexpectedComment 			0 21
        /tmp/adamic-gate/TestPositionIndexMutant3032945914/014/generated-10.ts:2:75
    profile_test.go:282: position mutant caught on emitted JavaScript: case 106 line 4056: port "/tmp/adamic-gate/TestPositionIndexMutant3032945914/014/generated-10.ts:2:75", Go "/tmp/adamic-gate/TestPositionIndexMutant3032945914/014/generated-10.ts:1:1"
        Go context:
        fixed	const nested=(a?true:false)?false:true; const bool=a == b ? false : true; const same=f()?true:true; const coerced=(a + b)?true:false; const assertion=(a as any)?false:true; const fallback=a?a:b??c; const nonnull=a!?true:false;
        case 106
        skipped @typescript-eslint/no-redundant-type-constituents no program
        skipped @typescript-eslint/no-unnecessary-boolean-literal-compare no program
        skipped @typescript-eslint/prefer-find no program
        /tmp/adamic-gate/TestPositionIndexMutant3032945914/014/generated-10.ts:1:1
          no-warning-comments  This comment opens with `todo`, which marks the code as knowingly unfinished: "TODO: fix this xxx". A warning comment is a note to a future reader that something was deferred, so it should be tracked somewhere that gets read rather than left where only the next editor of this file will find it.

        range 0 21 unexpectedComment 			0 21
        /tmp/adamic-gate/TestPositionIndexMutant3032945914/014/generated-10.ts:2:75
    profile_test.go:282: position mutant caught on native: case 106 line 4056: port "/tmp/adamic-gate/TestPositionIndexMutant3032945914/014/generated-10.ts:2:75", Go "/tmp/adamic-gate/TestPositionIndexMutant3032945914/014/generated-10.ts:1:1"
        Go context:
        fixed	const nested=(a?true:false)?false:true; const bool=a == b ? false : true; const same=f()?true:true; const coerced=(a + b)?true:false; const assertion=(a as any)?false:true; const fallback=a?a:b??c; const nonnull=a!?true:false;
        case 106
        skipped @typescript-eslint/no-redundant-type-constituents no program
        skipped @typescript-eslint/no-unnecessary-boolean-literal-compare no program
        skipped @typescript-eslint/prefer-find no program
        /tmp/adamic-gate/TestPositionIndexMutant3032945914/014/generated-10.ts:1:1
          no-warning-comments  This comment opens with `todo`, which marks the code as knowingly unfinished: "TODO: fix this xxx". A warning comment is a note to a future reader that something was deferred, so it should be tracked somewhere that gets read rather than left where only the next editor of this file will find it.

        range 0 21 unexpectedComment 			0 21
        /tmp/adamic-gate/TestPositionIndexMutant3032945914/014/generated-10.ts:2:75
--- PASS: TestPositionIndexMutant (23.08s)
=== CONT  TestCommentFoldMutant
    lint_test.go:387: typed runtime time: native=121.386659ms
    lint_test.go:387: typed runtime time: Node=552.327264ms
    lint_test.go:387: typed runtime time: emitted JavaScript=95.540032ms
    lint_test.go:387: live Go, native, Node and emitted JavaScript replay identical: 290 bytes
    lint_test.go:387: typed runtime time: Go program and lint=114.169398ms native program, lint and recording=151.563327ms
    lint_test.go:387: typed runtime time: native=151.563327ms
    lint_test.go:387: typed runtime time: Node=551.900277ms
    lint_test.go:387: typed runtime time: emitted JavaScript=86.940373ms
    lint_test.go:387: live Go, native, Node and emitted JavaScript replay identical: 280 bytes
    lint_test.go:387: typed runtime time: Go program and lint=102.90292ms native program, lint and recording=137.624349ms
    lint_test.go:387: typed runtime time: native=137.624349ms
    lint_test.go:387: typed runtime time: Node=695.638707ms
    lint_test.go:387: typed runtime time: emitted JavaScript=87.180158ms
    lint_test.go:387: live Go, native, Node and emitted JavaScript replay identical: 280 bytes
    lint_test.go:387: typed runtime time: Go program and lint=102.116584ms native program, lint and recording=121.176362ms
    lint_test.go:387: typed runtime time: native=121.176362ms
    lint_test.go:387: typed runtime time: Node=495.918974ms
    lint_test.go:387: typed runtime time: emitted JavaScript=99.324475ms
    lint_test.go:387: live Go, native, Node and emitted JavaScript replay identical: 288 bytes
    lint_test.go:387: typed runtime time: Go program and lint=139.474461ms native program, lint and recording=130.187408ms
    lint_test.go:387: typed runtime time: native=130.187408ms
    lint_test.go:387: typed runtime time: Node=577.793392ms
    lint_test.go:387: typed runtime time: emitted JavaScript=101.76253ms
    lint_test.go:387: live Go, native, Node and emitted JavaScript replay identical: 43 bytes
    lint_test.go:387: typed runtime time: Go program and lint=99.92814ms native program, lint and recording=151.844304ms
    lint_test.go:387: typed runtime time: native=151.844304ms
    lint_test.go:387: typed runtime time: Node=585.901984ms
    lint_test.go:387: typed runtime time: emitted JavaScript=104.182907ms
    lint_test.go:387: live Go, native, Node and emitted JavaScript replay identical: 288 bytes
    lint_test.go:387: typed runtime time: Go program and lint=153.769623ms native program, lint and recording=153.439934ms
    lint_test.go:387: typed runtime time: native=153.439934ms
    lint_test.go:387: typed runtime time: Node=742.695489ms
    lint_test.go:387: typed runtime time: emitted JavaScript=70.064766ms
    lint_test.go:387: live Go, native, Node and emitted JavaScript replay identical: 36 bytes
    lint_test.go:387: typed runtime time: Go program and lint=129.751241ms native program, lint and recording=127.750205ms
    lint_test.go:387: typed runtime time: native=127.750205ms
    lint_test.go:387: typed runtime time: Node=682.085539ms
    lint_test.go:387: typed runtime time: emitted JavaScript=102.020812ms
    lint_test.go:387: live Go, native, Node and emitted JavaScript replay identical: 43 bytes
    lint_test.go:387: typed runtime time: Go program and lint=115.722224ms native program, lint and recording=144.353632ms
    lint_test.go:387: typed runtime time: native=144.353632ms
    lint_test.go:387: typed runtime time: Node=561.180256ms
    lint_test.go:387: typed runtime time: emitted JavaScript=86.815044ms
    lint_test.go:387: live Go, native, Node and emitted JavaScript replay identical: 280 bytes
    lint_test.go:387: typed runtime time: Go program and lint=103.539281ms native program, lint and recording=141.953528ms
    lint_test.go:387: typed runtime time: native=141.953528ms
    lint_test.go:387: typed runtime time: Node=461.850336ms
    lint_test.go:387: typed runtime time: emitted JavaScript=96.320419ms
    lint_test.go:387: live Go, native, Node and emitted JavaScript replay identical: 43 bytes
    lint_test.go:387: typed runtime time: Go program and lint=123.892812ms native program, lint and recording=160.394165ms
    lint_test.go:387: typed runtime time: native=160.394165ms
    lint_test.go:387: typed runtime time: Node=446.947493ms
    lint_test.go:387: typed runtime time: emitted JavaScript=108.427764ms
    lint_test.go:387: live Go, native, Node and emitted JavaScript replay identical: 36 bytes
    lint_test.go:387: typed runtime time: Go program and lint=136.893231ms native program, lint and recording=122.128752ms
    lint_test.go:387: typed runtime time: native=122.128752ms
    lint_test.go:387: typed runtime time: Node=577.574843ms
    lint_test.go:387: typed runtime time: emitted JavaScript=93.758624ms
    lint_test.go:387: live Go, native, Node and emitted JavaScript replay identical: 301 bytes
    lint_test.go:387: typed runtime time: Go program and lint=128.177034ms native program, lint and recording=141.574487ms
    lint_test.go:387: typed runtime time: native=141.574487ms
    lint_test.go:387: typed runtime time: Node=781.839095ms
    lint_test.go:387: typed runtime time: emitted JavaScript=114.520748ms
    lint_test.go:387: live Go, native, Node and emitted JavaScript replay identical: 286 bytes
    lint_test.go:387: typed runtime time: Go program and lint=92.621183ms native program, lint and recording=141.509691ms
    profile_test.go:249: checker compilation phases: load=363.008987ms lower=10.427245989s C=987.606724ms JavaScript=27.967007ms
    lint_test.go:387: typed runtime time: native=141.509691ms
    lint_test.go:387: typed runtime time: Node=630.942819ms
    lint_test.go:387: typed runtime time: emitted JavaScript=128.88248ms
    lint_test.go:387: live Go, native, Node and emitted JavaScript replay identical: 297 bytes
    lint_test.go:387: typed runtime time: Go program and lint=110.740086ms native program, lint and recording=140.67858ms
    lint_test.go:387: typed runtime time: native=140.67858ms
    lint_test.go:387: typed runtime time: Node=452.514402ms
    lint_test.go:387: typed runtime time: emitted JavaScript=137.090968ms
    lint_test.go:387: live Go, native, Node and emitted JavaScript replay identical: 286 bytes
    lint_test.go:387: typed runtime time: Go program and lint=120.808161ms native program, lint and recording=145.494566ms
    lint_test.go:387: typed runtime time: native=145.494566ms
    lint_test.go:387: typed runtime time: Node=593.520775ms
    lint_test.go:387: typed runtime time: emitted JavaScript=102.25405ms
    lint_test.go:387: live Go, native, Node and emitted JavaScript replay identical: 52 bytes
    lint_test.go:387: typed runtime time: Go program and lint=162.213199ms native program, lint and recording=121.882949ms
    lint_test.go:387: typed runtime time: native=121.882949ms
    lint_test.go:387: typed runtime time: Node=553.782706ms
    lint_test.go:387: typed runtime time: emitted JavaScript=98.088006ms
    lint_test.go:387: live Go, native, Node and emitted JavaScript replay identical: 56 bytes
    lint_test.go:387: typed runtime time: Go program and lint=120.774704ms native program, lint and recording=158.837732ms
    lint_test.go:387: typed runtime time: native=158.837732ms
    lint_test.go:387: typed runtime time: Node=618.730861ms
    lint_test.go:387: typed runtime time: emitted JavaScript=106.326142ms
    lint_test.go:387: live Go, native, Node and emitted JavaScript replay identical: 37 bytes
    lint_test.go:387: typed runtime time: Go program and lint=121.365004ms native program, lint and recording=127.91583ms
    lint_test.go:387: typed runtime time: native=127.91583ms
    lint_test.go:387: typed runtime time: Node=497.194873ms
    lint_test.go:387: typed runtime time: emitted JavaScript=131.809841ms
    lint_test.go:387: live Go, native, Node and emitted JavaScript replay identical: 37 bytes
    lint_test.go:387: typed runtime time: Go program and lint=113.146482ms native program, lint and recording=121.530029ms
    lint_test.go:387: typed runtime time: native=121.530029ms
    lint_test.go:387: typed runtime time: Node=479.005083ms
    lint_test.go:387: typed runtime time: emitted JavaScript=105.573622ms
    lint_test.go:387: live Go, native, Node and emitted JavaScript replay identical: 177 bytes
    lint_test.go:387: typed runtime time: Go program and lint=97.289717ms native program, lint and recording=147.139309ms
    lint_test.go:387: typed runtime time: native=147.139309ms
    lint_test.go:387: typed runtime time: Node=454.508527ms
    lint_test.go:387: typed runtime time: emitted JavaScript=100.522072ms
    lint_test.go:387: live Go, native, Node and emitted JavaScript replay identical: 511 bytes
    lint_test.go:387: typed runtime time: Go program and lint=95.652486ms native program, lint and recording=136.002422ms
    lint_test.go:387: typed runtime time: native=136.002422ms
    lint_test.go:387: typed runtime time: Node=509.768133ms
    lint_test.go:387: typed runtime time: emitted JavaScript=95.471198ms
    lint_test.go:387: live Go, native, Node and emitted JavaScript replay identical: 491 bytes
    lint_test.go:490: sanitized native shard 0/5: 114695.479982 ms
    lint_test.go:490: sanitized native shard 1/5: 72137.191372 ms
    lint_test.go:490: sanitized native shard 2/5: 70535.513008 ms
    lint_test.go:490: sanitized native shard 3/5: 69928.832416 ms
    lint_test.go:490: sanitized native shard 4/5: 72788.100815 ms
    lint_test.go:492: sanitized native: 5 shards in 1m54.875309432s
    lint_test.go:497: Go, Node, emitted JavaScript, native identical: 30918356 bytes
--- PASS: TestCompilerAndStage1Agree (248.96s)
=== CONT  TestNodeTableIsLinkOnly
    lint_test.go:295: cohere cases: 5270 unique source/rule/options combinations
    profile_test.go:249: checker native build: 7.894447131s
    lint_test.go:387: typed runtime time: Go program and lint=112.865476ms native program, lint and recording=151.568522ms
    lint_test.go:387: typed runtime time: native=151.568522ms
    lint_test.go:387: typed runtime time: Node=537.194452ms
    lint_test.go:387: typed runtime time: emitted JavaScript=185.246306ms
    lint_test.go:387: live Go, native, Node and emitted JavaScript replay identical: 484 bytes
    lint_test.go:387: typed runtime time: Go program and lint=123.896665ms native program, lint and recording=138.384903ms
    lint_test.go:387: typed runtime time: native=138.384903ms
    lint_test.go:387: typed runtime time: Node=531.965844ms
    lint_test.go:387: typed runtime time: emitted JavaScript=105.107506ms
    lint_test.go:387: live Go, native, Node and emitted JavaScript replay identical: 136 bytes
    lint_test.go:387: typed runtime time: Go program and lint=94.5549ms native program, lint and recording=122.318997ms
    profile_test.go:261: fold mutant caught on Node: case 106 line 4056: port "/tmp/adamic-gate/TestCommentFoldMutant577456378/014/generated-10.ts:2:75", Go "/tmp/adamic-gate/TestCommentFoldMutant577456378/014/generated-10.ts:1:1"
        Go context:
        fixed	const nested=(a?true:false)?false:true; const bool=a == b ? false : true; const same=f()?true:true; const coerced=(a + b)?true:false; const assertion=(a as any)?false:true; const fallback=a?a:b??c; const nonnull=a!?true:false;
        case 106
        skipped @typescript-eslint/no-redundant-type-constituents no program
        skipped @typescript-eslint/no-unnecessary-boolean-literal-compare no program
        skipped @typescript-eslint/prefer-find no program
        /tmp/adamic-gate/TestCommentFoldMutant577456378/014/generated-10.ts:1:1
          no-warning-comments  This comment opens with `todo`, which marks the code as knowingly unfinished: "TODO: fix this xxx". A warning comment is a note to a future reader that something was deferred, so it should be tracked somewhere that gets read rather than left where only the next editor of this file will find it.

        range 0 21 unexpectedComment 			0 21
        /tmp/adamic-gate/TestCommentFoldMutant577456378/014/generated-10.ts:2:75
    profile_test.go:261: fold mutant caught on emitted JavaScript: case 106 line 4056: port "/tmp/adamic-gate/TestCommentFoldMutant577456378/014/generated-10.ts:2:75", Go "/tmp/adamic-gate/TestCommentFoldMutant577456378/014/generated-10.ts:1:1"
        Go context:
        fixed	const nested=(a?true:false)?false:true; const bool=a == b ? false : true; const same=f()?true:true; const coerced=(a + b)?true:false; const assertion=(a as any)?false:true; const fallback=a?a:b??c; const nonnull=a!?true:false;
        case 106
        skipped @typescript-eslint/no-redundant-type-constituents no program
        skipped @typescript-eslint/no-unnecessary-boolean-literal-compare no program
        skipped @typescript-eslint/prefer-find no program
        /tmp/adamic-gate/TestCommentFoldMutant577456378/014/generated-10.ts:1:1
          no-warning-comments  This comment opens with `todo`, which marks the code as knowingly unfinished: "TODO: fix this xxx". A warning comment is a note to a future reader that something was deferred, so it should be tracked somewhere that gets read rather than left where only the next editor of this file will find it.

        range 0 21 unexpectedComment 			0 21
        /tmp/adamic-gate/TestCommentFoldMutant577456378/014/generated-10.ts:2:75
    profile_test.go:261: fold mutant caught on native: case 106 line 4056: port "/tmp/adamic-gate/TestCommentFoldMutant577456378/014/generated-10.ts:2:75", Go "/tmp/adamic-gate/TestCommentFoldMutant577456378/014/generated-10.ts:1:1"
        Go context:
        fixed	const nested=(a?true:false)?false:true; const bool=a == b ? false : true; const same=f()?true:true; const coerced=(a + b)?true:false; const assertion=(a as any)?false:true; const fallback=a?a:b??c; const nonnull=a!?true:false;
        case 106
        skipped @typescript-eslint/no-redundant-type-constituents no program
        skipped @typescript-eslint/no-unnecessary-boolean-literal-compare no program
        skipped @typescript-eslint/prefer-find no program
        /tmp/adamic-gate/TestCommentFoldMutant577456378/014/generated-10.ts:1:1
          no-warning-comments  This comment opens with `todo`, which marks the code as knowingly unfinished: "TODO: fix this xxx". A warning comment is a note to a future reader that something was deferred, so it should be tracked somewhere that gets read rather than left where only the next editor of this file will find it.

        range 0 21 unexpectedComment 			0 21
        /tmp/adamic-gate/TestCommentFoldMutant577456378/014/generated-10.ts:2:75
--- PASS: TestCommentFoldMutant (22.12s)
=== CONT  TestProfileCompilation
    lint_test.go:387: typed runtime time: native=122.318997ms
    lint_test.go:387: typed runtime time: Node=481.803715ms
    lint_test.go:387: typed runtime time: emitted JavaScript=84.301642ms
    lint_test.go:387: live Go, native, Node and emitted JavaScript replay identical: 151 bytes
    lint_test.go:387: typed runtime time: Go program and lint=92.190818ms native program, lint and recording=185.986976ms
    lint_test.go:387: typed runtime time: native=185.986976ms
    lint_test.go:387: typed runtime time: Node=404.768172ms
    lint_test.go:387: typed runtime time: emitted JavaScript=100.520613ms
    lint_test.go:387: live Go, native, Node and emitted JavaScript replay identical: 145 bytes
    lint_test.go:387: typed runtime time: Go program and lint=89.601706ms native program, lint and recording=105.433108ms
    lint_test.go:387: typed runtime time: native=105.433108ms
    lint_test.go:387: typed runtime time: Node=466.505022ms
    lint_test.go:387: typed runtime time: emitted JavaScript=136.411366ms
    lint_test.go:387: live Go, native, Node and emitted JavaScript replay identical: 366 bytes
    lint_test.go:387: typed runtime time: Go program and lint=114.293269ms native program, lint and recording=155.993396ms
    lint_test.go:387: typed runtime time: native=155.993396ms
    lint_test.go:387: typed runtime time: Node=536.663219ms
    lint_test.go:387: typed runtime time: emitted JavaScript=104.379439ms
    lint_test.go:387: live Go, native, Node and emitted JavaScript replay identical: 461 bytes
    lint_test.go:387: typed runtime time: Go program and lint=132.553487ms native program, lint and recording=153.308284ms
    lint_test.go:387: typed runtime time: native=153.308284ms
    lint_test.go:387: typed runtime time: Node=455.261444ms
    lint_test.go:387: typed runtime time: emitted JavaScript=93.640322ms
    lint_test.go:387: live Go, native, Node and emitted JavaScript replay identical: 474 bytes
    lint_test.go:387: typed runtime time: Go program and lint=111.412927ms native program, lint and recording=149.447565ms
    lint_test.go:387: typed runtime time: native=149.447565ms
    lint_test.go:387: typed runtime time: Node=589.536752ms
    lint_test.go:387: typed runtime time: emitted JavaScript=99.827037ms
    lint_test.go:387: live Go, native, Node and emitted JavaScript replay identical: 68 bytes
    lint_test.go:387: typed runtime time: Go program and lint=95.560461ms native program, lint and recording=109.61185ms
    lint_test.go:387: typed runtime time: native=109.61185ms
    lint_test.go:387: typed runtime time: Node=512.951145ms
    lint_test.go:387: typed runtime time: emitted JavaScript=131.897857ms
    lint_test.go:387: live Go, native, Node and emitted JavaScript replay identical: 81 bytes
    lint_test.go:387: typed runtime time: Go program and lint=97.220328ms native program, lint and recording=138.012377ms
    lint_test.go:387: typed runtime time: native=138.012377ms
    lint_test.go:387: typed runtime time: Node=516.409823ms
    lint_test.go:387: typed runtime time: emitted JavaScript=96.561603ms
    lint_test.go:387: live Go, native, Node and emitted JavaScript replay identical: 85 bytes
    lint_test.go:387: typed runtime time: Go program and lint=113.943079ms native program, lint and recording=157.013714ms
    lint_test.go:387: typed runtime time: native=157.013714ms
    lint_test.go:387: typed runtime time: Node=419.885504ms
    lint_test.go:387: typed runtime time: emitted JavaScript=71.212618ms
    lint_test.go:387: live Go, native, Node and emitted JavaScript replay identical: 84 bytes
    lint_test.go:387: typed runtime time: Go program and lint=128.308456ms native program, lint and recording=107.948381ms
    lint_test.go:387: typed runtime time: native=107.948381ms
    lint_test.go:387: typed runtime time: Node=595.902552ms
    lint_test.go:387: typed runtime time: emitted JavaScript=91.260156ms
    lint_test.go:387: live Go, native, Node and emitted JavaScript replay identical: 405 bytes
    lint_test.go:387: typed runtime time: Go program and lint=129.874418ms native program, lint and recording=117.593258ms
    lint_test.go:387: typed runtime time: native=117.593258ms
    lint_test.go:387: typed runtime time: Node=548.516476ms
    lint_test.go:387: typed runtime time: emitted JavaScript=99.756977ms
    lint_test.go:387: live Go, native, Node and emitted JavaScript replay identical: 391 bytes
    lint_test.go:387: typed runtime time: Go program and lint=149.214713ms native program, lint and recording=163.45892ms
    lint_test.go:387: typed runtime time: native=163.45892ms
    lint_test.go:387: typed runtime time: Node=505.814355ms
    lint_test.go:387: typed runtime time: emitted JavaScript=105.147243ms
    lint_test.go:387: live Go, native, Node and emitted JavaScript replay identical: 427 bytes
    lint_test.go:387: typed runtime time: Go program and lint=93.729532ms native program, lint and recording=121.078229ms
    lint_test.go:387: typed runtime time: native=121.078229ms
    lint_test.go:387: typed runtime time: Node=604.127384ms
    lint_test.go:387: typed runtime time: emitted JavaScript=108.96546ms
    lint_test.go:387: live Go, native, Node and emitted JavaScript replay identical: 399 bytes
    lint_test.go:387: typed runtime time: Go program and lint=103.880526ms native program, lint and recording=142.53159ms
    profile_test.go:140: checker compilation phases: load=269.701948ms lower=9.651492874s C=905.736532ms JavaScript=45.334569ms
    lint_test.go:387: typed runtime time: native=142.53159ms
    lint_test.go:387: typed runtime time: Node=433.610695ms
    lint_test.go:387: typed runtime time: emitted JavaScript=97.924148ms
    lint_test.go:387: live Go, native, Node and emitted JavaScript replay identical: 391 bytes
    lint_test.go:387: typed runtime time: Go program and lint=126.869722ms native program, lint and recording=150.365414ms
    lint_test.go:387: typed runtime time: native=150.365414ms
    lint_test.go:387: typed runtime time: Node=449.297135ms
    lint_test.go:387: typed runtime time: emitted JavaScript=113.804597ms
    lint_test.go:387: live Go, native, Node and emitted JavaScript replay identical: 385 bytes
    lint_test.go:387: typed runtime time: Go program and lint=129.92611ms native program, lint and recording=129.76753ms
    lint_test.go:387: typed runtime time: native=129.76753ms
    lint_test.go:387: typed runtime time: Node=516.209473ms
    lint_test.go:387: typed runtime time: emitted JavaScript=97.163842ms
    lint_test.go:387: live Go, native, Node and emitted JavaScript replay identical: 391 bytes
    lint_test.go:387: typed runtime time: Go program and lint=119.334606ms native program, lint and recording=152.512015ms
    lint_test.go:387: typed runtime time: native=152.512015ms
    lint_test.go:387: typed runtime time: Node=515.022425ms
    lint_test.go:387: typed runtime time: emitted JavaScript=85.770348ms
    lint_test.go:387: live Go, native, Node and emitted JavaScript replay identical: 71 bytes
    lint_test.go:387: typed runtime time: Go program and lint=126.541375ms native program, lint and recording=184.502639ms
    lint_test.go:387: typed runtime time: native=184.502639ms
    lint_test.go:387: typed runtime time: Node=583.27155ms
    lint_test.go:387: typed runtime time: emitted JavaScript=74.355273ms
    lint_test.go:387: live Go, native, Node and emitted JavaScript replay identical: 391 bytes
    lint_test.go:387: typed runtime time: Go program and lint=108.165641ms native program, lint and recording=85.998922ms
    lint_test.go:387: typed runtime time: native=85.998922ms
    lint_test.go:387: typed runtime time: Node=480.454856ms
    lint_test.go:387: typed runtime time: emitted JavaScript=119.827642ms
    lint_test.go:387: live Go, native, Node and emitted JavaScript replay identical: 427 bytes
    lint_test.go:387: typed runtime time: Go program and lint=98.512972ms native program, lint and recording=139.978592ms
    lint_test.go:387: typed runtime time: native=139.978592ms
    lint_test.go:387: typed runtime time: Node=441.991162ms
    lint_test.go:387: typed runtime time: emitted JavaScript=76.249481ms
    lint_test.go:387: live Go, native, Node and emitted JavaScript replay identical: 389 bytes
    lint_test.go:387: typed runtime time: Go program and lint=83.497275ms native program, lint and recording=117.366178ms
    lint_test.go:387: typed runtime time: native=117.366178ms
    lint_test.go:387: typed runtime time: Node=389.239985ms
    lint_test.go:387: typed runtime time: emitted JavaScript=87.02628ms
    lint_test.go:387: live Go, native, Node and emitted JavaScript replay identical: 81 bytes
    lint_test.go:387: typed runtime time: Go program and lint=92.154826ms native program, lint and recording=100.492705ms
    lint_test.go:387: typed runtime time: native=100.492705ms
    lint_test.go:387: typed runtime time: Node=508.912349ms
    lint_test.go:387: typed runtime time: emitted JavaScript=80.976014ms
    lint_test.go:387: live Go, native, Node and emitted JavaScript replay identical: 406 bytes
    lint_test.go:387: typed runtime time: Go program and lint=97.662136ms native program, lint and recording=118.019123ms
    lint_test.go:387: typed runtime time: native=118.019123ms
    lint_test.go:387: typed runtime time: Node=454.091507ms
    lint_test.go:387: typed runtime time: emitted JavaScript=94.09287ms
    lint_test.go:387: live Go, native, Node and emitted JavaScript replay identical: 68 bytes
    lint_test.go:387: typed runtime time: Go program and lint=85.680142ms native program, lint and recording=96.907277ms
    lint_test.go:387: typed runtime time: native=96.907277ms
    lint_test.go:387: typed runtime time: Node=470.615557ms
    lint_test.go:387: typed runtime time: emitted JavaScript=105.170965ms
    lint_test.go:387: live Go, native, Node and emitted JavaScript replay identical: 68 bytes
    lint_test.go:387: typed runtime time: Go program and lint=83.347895ms native program, lint and recording=146.338516ms
    lint_test.go:387: typed runtime time: native=146.338516ms
    lint_test.go:387: typed runtime time: Node=458.609613ms
    lint_test.go:387: typed runtime time: emitted JavaScript=94.641454ms
    lint_test.go:387: live Go, native, Node and emitted JavaScript replay identical: 449 bytes
    lint_test.go:387: typed runtime time: Go program and lint=67.09115ms native program, lint and recording=128.399187ms
    lint_test.go:387: typed runtime time: native=128.399187ms
    lint_test.go:387: typed runtime time: Node=459.888528ms
    lint_test.go:387: typed runtime time: emitted JavaScript=88.796902ms
    lint_test.go:387: live Go, native, Node and emitted JavaScript replay identical: 438 bytes
    lint_test.go:387: typed runtime time: Go program and lint=73.276933ms native program, lint and recording=121.139132ms
    lint_test.go:387: typed runtime time: native=121.139132ms
    lint_test.go:387: typed runtime time: Node=402.080092ms
    lint_test.go:387: typed runtime time: emitted JavaScript=106.976271ms
    lint_test.go:387: live Go, native, Node and emitted JavaScript replay identical: 447 bytes
    lint_test.go:387: typed runtime time: Go program and lint=162.548298ms native program, lint and recording=210.312251ms
    lint_test.go:387: typed runtime time: native=210.312251ms
    lint_test.go:387: typed runtime time: Node=583.07262ms
    lint_test.go:387: typed runtime time: emitted JavaScript=96.508381ms
    lint_test.go:387: live Go, native, Node and emitted JavaScript replay identical: 427 bytes
    lint_test.go:387: typed runtime time: Go program and lint=118.906678ms native program, lint and recording=131.997836ms
    lint_test.go:387: typed runtime time: native=131.997836ms
    lint_test.go:387: typed runtime time: Node=572.449917ms
    lint_test.go:387: typed runtime time: emitted JavaScript=99.113194ms
    lint_test.go:387: live Go, native, Node and emitted JavaScript replay identical: 420 bytes
    lint_test.go:387: typed runtime time: Go program and lint=144.041312ms native program, lint and recording=135.889441ms
    lint_test.go:387: typed runtime time: native=135.889441ms
    lint_test.go:387: typed runtime time: Node=620.204971ms
    lint_test.go:387: typed runtime time: emitted JavaScript=94.125493ms
    lint_test.go:387: live Go, native, Node and emitted JavaScript replay identical: 454 bytes
    lint_test.go:387: typed runtime time: Go program and lint=128.589234ms native program, lint and recording=113.688642ms
    lint_test.go:387: typed runtime time: native=113.688642ms
    lint_test.go:387: typed runtime time: Node=476.731489ms
    lint_test.go:387: typed runtime time: emitted JavaScript=73.441689ms
    lint_test.go:387: live Go, native, Node and emitted JavaScript replay identical: 425 bytes
    lint_test.go:387: typed runtime time: Go program and lint=93.300992ms native program, lint and recording=83.840911ms
    lint_test.go:387: typed runtime time: native=83.840911ms
    lint_test.go:387: typed runtime time: Node=410.089397ms
    lint_test.go:387: typed runtime time: emitted JavaScript=76.98445ms
    lint_test.go:387: live Go, native, Node and emitted JavaScript replay identical: 427 bytes
    lint_test.go:387: typed runtime time: Go program and lint=90.886464ms native program, lint and recording=145.115557ms
    registration_test.go:156: checker native build: 1m51.964104419s
    lint_test.go:387: typed runtime time: native=145.115557ms
    lint_test.go:387: typed runtime time: Node=452.843613ms
    lint_test.go:387: typed runtime time: emitted JavaScript=90.799594ms
    lint_test.go:387: live Go, native, Node and emitted JavaScript replay identical: 425 bytes
    lint_test.go:387: typed runtime time: Go program and lint=161.103533ms native program, lint and recording=182.592777ms
    lint_test.go:387: typed runtime time: native=182.592777ms
    lint_test.go:387: typed runtime time: Node=507.845282ms
    lint_test.go:387: typed runtime time: emitted JavaScript=101.258862ms
    lint_test.go:387: live Go, native, Node and emitted JavaScript replay identical: 460 bytes
    lint_test.go:387: typed runtime time: Go program and lint=113.909962ms native program, lint and recording=101.721212ms
    lint_test.go:387: typed runtime time: native=101.721212ms
    lint_test.go:387: typed runtime time: Node=420.975963ms
    lint_test.go:387: typed runtime time: emitted JavaScript=110.112934ms
    lint_test.go:387: live Go, native, Node and emitted JavaScript replay identical: 104 bytes
    lint_test.go:387: typed runtime time: Go program and lint=125.108529ms native program, lint and recording=113.100664ms
    lint_test.go:387: typed runtime time: native=113.100664ms
    lint_test.go:387: typed runtime time: Node=413.56926ms
    lint_test.go:387: typed runtime time: emitted JavaScript=79.767524ms
    lint_test.go:387: live Go, native, Node and emitted JavaScript replay identical: 106 bytes
    lint_test.go:387: typed runtime time: Go program and lint=96.718642ms native program, lint and recording=87.014885ms
    lint_test.go:387: typed runtime time: native=87.014885ms
    lint_test.go:387: typed runtime time: Node=378.196279ms
    lint_test.go:387: typed runtime time: emitted JavaScript=96.242357ms
    lint_test.go:387: live Go, native, Node and emitted JavaScript replay identical: 114 bytes
    lint_test.go:387: typed runtime time: Go program and lint=80.988273ms native program, lint and recording=123.986501ms
    lint_test.go:387: typed runtime time: native=123.986501ms
    lint_test.go:387: typed runtime time: Node=470.382083ms
    lint_test.go:387: typed runtime time: emitted JavaScript=102.311607ms
    lint_test.go:387: live Go, native, Node and emitted JavaScript replay identical: 106 bytes
    lint_test.go:848: checker native build: 32.908968223s
    lint_test.go:387: typed runtime time: Go program and lint=115.715753ms native program, lint and recording=149.383573ms
    lint_test.go:387: typed runtime time: native=149.383573ms
    lint_test.go:387: typed runtime time: Node=451.205486ms
    lint_test.go:387: typed runtime time: emitted JavaScript=98.265946ms
    lint_test.go:387: live Go, native, Node and emitted JavaScript replay identical: 73 bytes
    lint_test.go:387: typed runtime time: Go program and lint=159.914817ms native program, lint and recording=131.94076ms
    lint_test.go:387: typed runtime time: native=131.94076ms
    lint_test.go:387: typed runtime time: Node=554.836379ms
    lint_test.go:387: typed runtime time: emitted JavaScript=121.710619ms
    lint_test.go:387: live Go, native, Node and emitted JavaScript replay identical: 73 bytes
    lint_test.go:387: typed runtime time: Go program and lint=88.452223ms native program, lint and recording=119.69568ms
    lint_test.go:387: typed runtime time: native=119.69568ms
    lint_test.go:387: typed runtime time: Node=605.199837ms
    lint_test.go:387: typed runtime time: emitted JavaScript=107.55574ms
    lint_test.go:387: live Go, native, Node and emitted JavaScript replay identical: 78 bytes
    lint_test.go:387: typed runtime time: Go program and lint=169.730488ms native program, lint and recording=178.475518ms
    lint_test.go:854: 5421 rows: identical with and without unattached node rows, 14283311 bytes
--- PASS: TestNodeTableIsLinkOnly (36.86s)
=== CONT  TestMutants
=== RUN   TestMutants/debugger_fix_suppressed
=== PAUSE TestMutants/debugger_fix_suppressed
=== RUN   TestMutants/empty_function_body_reported
=== PAUSE TestMutants/empty_function_body_reported
=== RUN   TestMutants/suggestion_applied_as_fix
=== PAUSE TestMutants/suggestion_applied_as_fix
=== RUN   TestMutants/var_declaration_suppressed
=== PAUSE TestMutants/var_declaration_suppressed
=== RUN   TestMutants/duplicate_case_suppressed
=== PAUSE TestMutants/duplicate_case_suppressed
=== RUN   TestMutants/no-octal-escape_mutant_from_batch_8
=== PAUSE TestMutants/no-octal-escape_mutant_from_batch_8
=== RUN   TestMutants/no-unexpected-multiline_mutant_from_batch_8
=== PAUSE TestMutants/no-unexpected-multiline_mutant_from_batch_8
=== RUN   TestMutants/no-unused-private-class-members_mutant_from_batch_8
=== PAUSE TestMutants/no-unused-private-class-members_mutant_from_batch_8
=== RUN   TestMutants/no-useless-constructor_mutant_from_batch_8
=== PAUSE TestMutants/no-useless-constructor_mutant_from_batch_8
=== RUN   TestMutants/prefer-template_mutant_from_batch_8
=== PAUSE TestMutants/prefer-template_mutant_from_batch_8
=== RUN   TestMutants/react-forward-ref-uses-ref_mutant_from_batch_8
=== PAUSE TestMutants/react-forward-ref-uses-ref_mutant_from_batch_8
=== RUN   TestMutants/react-jsx-no-comment-textnodes_mutant_from_batch_8
=== PAUSE TestMutants/react-jsx-no-comment-textnodes_mutant_from_batch_8
=== RUN   TestMutants/react-no-find-dom-node_mutant_from_batch_8
=== PAUSE TestMutants/react-no-find-dom-node_mutant_from_batch_8
=== RUN   TestMutants/react-no-is-mounted_mutant_from_batch_8
=== PAUSE TestMutants/react-no-is-mounted_mutant_from_batch_8
=== RUN   TestMutants/react-no-redundant-should-component-update_mutant_from_batch_8
=== PAUSE TestMutants/react-no-redundant-should-component-update_mutant_from_batch_8
=== RUN   TestMutants/inline-script-presence-inverted
=== PAUSE TestMutants/inline-script-presence-inverted
=== RUN   TestMutants/next-no-typos-threshold
=== PAUSE TestMutants/next-no-typos-threshold
=== RUN   TestMutants/adjacent_overload_separation_ignored
=== PAUSE TestMutants/adjacent_overload_separation_ignored
=== RUN   TestMutants/object-alias-message-changed
=== PAUSE TestMutants/object-alias-message-changed
=== RUN   TestMutants/init_declarations_always_span_includes_annotation
=== PAUSE TestMutants/init_declarations_always_span_includes_annotation
=== RUN   TestMutants/method_listener_lost
=== PAUSE TestMutants/method_listener_lost
=== RUN   TestMutants/inline_type_gate
=== PAUSE TestMutants/inline_type_gate
=== RUN   TestMutants/number-inference
=== PAUSE TestMutants/number-inference
=== RUN   TestMutants/no-redundant-type-constituents-decision
=== PAUSE TestMutants/no-redundant-type-constituents-decision
=== RUN   TestMutants/parenthesized_alias_lost
=== PAUSE TestMutants/parenthesized_alias_lost
=== RUN   TestMutants/boolean_type_verdict_inverted
=== PAUSE TestMutants/boolean_type_verdict_inverted
=== RUN   TestMutants/module_empty_export_fix_suppressed
=== PAUSE TestMutants/module_empty_export_fix_suppressed
=== RUN   TestMutants/wrapper_Number_ignored
=== PAUSE TestMutants/wrapper_Number_ignored
=== RUN   TestMutants/prefer-find_array_verdict_suppressed
=== PAUSE TestMutants/prefer-find_array_verdict_suppressed
=== RUN   TestMutants/enum_bitwise_option_ignored
=== PAUSE TestMutants/enum_bitwise_option_ignored
=== RUN   TestMutants/predicate_finding_widened_to_its_owner
=== PAUSE TestMutants/predicate_finding_widened_to_its_owner
=== RUN   TestMutants/global_container_name_judgement_reversed
=== PAUSE TestMutants/global_container_name_judgement_reversed
=== RUN   TestMutants/console_receiver_widened
=== PAUSE TestMutants/console_receiver_widened
=== RUN   TestMutants/declared_BaseError_constructor_ignored
=== PAUSE TestMutants/declared_BaseError_constructor_ignored
=== RUN   TestMutants/pagination_bad_name_accepted
=== PAUSE TestMutants/pagination_bad_name_accepted
=== RUN   TestMutants/one_excess_class_is_silently_allowed
=== PAUSE TestMutants/one_excess_class_is_silently_allowed
=== RUN   TestMutants/max-depth-keyword-span
=== PAUSE TestMutants/max-depth-keyword-span
=== RUN   TestMutants/callback_at_the_limit_is_reported
=== PAUSE TestMutants/callback_at_the_limit_is_reported
=== RUN   TestMutants/nexus-abbreviated-identifier_whole-word_finding_suppressed
=== PAUSE TestMutants/nexus-abbreviated-identifier_whole-word_finding_suppressed
=== RUN   TestMutants/ambiguous-identifier-span
=== PAUSE TestMutants/ambiguous-identifier-span
=== RUN   TestMutants/enum_reported_at_its_declaration_rather_than_its_name
=== PAUSE TestMutants/enum_reported_at_its_declaration_rather_than_its_name
=== RUN   TestMutants/nexus-for-in-message
=== PAUSE TestMutants/nexus-for-in-message
=== RUN   TestMutants/nexus_long_line_comment_configured_threshold_ignored
=== PAUSE TestMutants/nexus_long_line_comment_configured_threshold_ignored
=== RUN   TestMutants/multiline-arrow-single-line-exemption-removed
=== PAUSE TestMutants/multiline-arrow-single-line-exemption-removed
=== RUN   TestMutants/shouting_fourth_token_omitted
=== PAUSE TestMutants/shouting_fourth_token_omitted
=== RUN   TestMutants/JSDoc_replacement_text_corrupted
=== PAUSE TestMutants/JSDoc_replacement_text_corrupted
=== RUN   TestMutants/nexus-stuttering-name-equality
=== PAUSE TestMutants/nexus-stuttering-name-equality
=== RUN   TestMutants/interface_accepts_type_suffix
=== PAUSE TestMutants/interface_accepts_type_suffix
=== RUN   TestMutants/await_crosses_function_boundary
=== PAUSE TestMutants/await_crosses_function_boundary
=== RUN   TestMutants/int32_hint_option_ignored
=== PAUSE TestMutants/int32_hint_option_ignored
=== RUN   TestMutants/no-caller-property
=== PAUSE TestMutants/no-caller-property
=== RUN   TestMutants/continue_finding_stops_before_its_semicolon
=== PAUSE TestMutants/continue_finding_stops_before_its_semicolon
=== RUN   TestMutants/regex_fix_eats_extra_byte
=== PAUSE TestMutants/regex_fix_eats_extra_byte
=== RUN   TestMutants/duplicate-else-if-keeps-covered-group
=== PAUSE TestMutants/duplicate-else-if-keeps-covered-group
=== RUN   TestMutants/empty_character_class_silenced
=== PAUSE TestMutants/empty_character_class_silenced
=== RUN   TestMutants/no-empty-pattern_reports_real_bindings
=== PAUSE TestMutants/no-empty-pattern_reports_real_bindings
=== RUN   TestMutants/comment_exemption_removed
=== PAUSE TestMutants/comment_exemption_removed
=== RUN   TestMutants/miss-postfix-writes
=== PAUSE TestMutants/miss-postfix-writes
=== RUN   TestMutants/no-iterator-static-key
=== PAUSE TestMutants/no-iterator-static-key
=== RUN   TestMutants/label_option_widened
=== PAUSE TestMutants/label_option_widened
=== RUN   TestMutants/no-multi-assign-option-reversed
=== PAUSE TestMutants/no-multi-assign-option-reversed
=== RUN   TestMutants/condition_polarity_reversed
=== PAUSE TestMutants/condition_polarity_reversed
=== RUN   TestMutants/parentheses_around_a_discarded_construction_not_seen_through
=== PAUSE TestMutants/parentheses_around_a_discarded_construction_not_seen_through
=== RUN   TestMutants/for_update_option_ignored
=== PAUSE TestMutants/for_update_option_ignored
=== RUN   TestMutants/proto_accessor_suppressed
=== PAUSE TestMutants/proto_accessor_suppressed
=== RUN   TestMutants/omit-is-prototype-of
=== PAUSE TestMutants/omit-is-prototype-of
=== RUN   TestMutants/return_parentheses_option_reversed
=== PAUSE TestMutants/return_parentheses_option_reversed
=== RUN   TestMutants/no-script-url-case-fold
=== PAUSE TestMutants/no-script-url-case-fold
=== RUN   TestMutants/self-comparison-equality-reversed
=== PAUSE TestMutants/self-comparison-equality-reversed
=== RUN   TestMutants/comma_chain_reports_inner
=== PAUSE TestMutants/comma_chain_reports_inner
=== RUN   TestMutants/destructuring_hole_reported
=== PAUSE TestMutants/destructuring_hole_reported
=== RUN   TestMutants/empty_placeholder_reported
=== PAUSE TestMutants/empty_placeholder_reported
=== RUN   TestMutants/constructor-property-name-ignored
=== PAUSE TestMutants/constructor-property-name-ignored
=== RUN   TestMutants/boolean_inverse_changed
=== PAUSE TestMutants/boolean_inverse_changed
=== RUN   TestMutants/finally_continue_incorrectly_absorbed_by_switch
=== PAUSE TestMutants/finally_continue_incorrectly_absorbed_by_switch
=== RUN   TestMutants/ordering-relations-ignored
=== PAUSE TestMutants/ordering-relations-ignored
=== RUN   TestMutants/and-left-undefined-ignored
=== PAUSE TestMutants/and-left-undefined-ignored
=== RUN   TestMutants/continue_target_ignored
=== PAUSE TestMutants/continue_target_ignored
=== RUN   TestMutants/no-useless-catch_finally_repair_range_reversed
=== PAUSE TestMutants/no-useless-catch_finally_repair_range_reversed
=== RUN   TestMutants/concat_substituted_template_ignored
=== PAUSE TestMutants/concat_substituted_template_ignored
=== RUN   TestMutants/no-useless-rename-import-side
=== PAUSE TestMutants/no-useless-rename-import-side
=== RUN   TestMutants/comment_self_directive_exemption_removed
=== PAUSE TestMutants/comment_self_directive_exemption_removed
=== RUN   TestMutants/with_statement_underlined_whole
=== PAUSE TestMutants/with_statement_underlined_whole
=== RUN   TestMutants/operator-assignment-reversed-fix
=== PAUSE TestMutants/operator-assignment-reversed-fix
=== RUN   TestMutants/prefer-destructuring-object-fix
=== PAUSE TestMutants/prefer-destructuring-object-fix
=== RUN   TestMutants/try_block_omitted
=== PAUSE TestMutants/try_block_omitted
=== RUN   TestMutants/empty-string-is-whitespace
=== PAUSE TestMutants/empty-string-is-whitespace
=== RUN   TestMutants/string-refs-accept-string-attribute
=== PAUSE TestMutants/string-refs-accept-string-attribute
=== RUN   TestMutants/require-optimization-accept-class-field
=== PAUSE TestMutants/require-optimization-accept-class-field
=== RUN   TestMutants/accept-plain-classes
=== PAUSE TestMutants/accept-plain-classes
=== RUN   TestMutants/nested_generator_owns_outer_yield
=== PAUSE TestMutants/nested_generator_owns_outer_yield
=== RUN   TestMutants/bare-fetch-omitted
=== PAUSE TestMutants/bare-fetch-omitted
=== RUN   TestMutants/bom_removes_two_marks
=== PAUSE TestMutants/bom_removes_two_marks
=== RUN   TestMutants/directive_prefix_ignored
=== PAUSE TestMutants/directive_prefix_ignored
=== CONT  TestShardsAgree
    lint_test.go:295: cohere cases: 5270 unique source/rule/options combinations
    lint_test.go:387: typed runtime time: native=178.475518ms
    lint_test.go:387: typed runtime time: Node=762.603904ms
    lint_test.go:387: typed runtime time: emitted JavaScript=97.955673ms
    lint_test.go:387: live Go, native, Node and emitted JavaScript replay identical: 77 bytes
    lint_test.go:387: typed runtime time: Go program and lint=106.001206ms native program, lint and recording=150.228257ms
    lint_test.go:888: checker native build: 7.795954ms
    lint_test.go:387: typed runtime time: native=150.228257ms
    lint_test.go:387: typed runtime time: Node=520.74995ms
    lint_test.go:387: typed runtime time: emitted JavaScript=117.230183ms
    lint_test.go:387: live Go, native, Node and emitted JavaScript replay identical: 415 bytes
    lint_test.go:387: typed runtime time: Go program and lint=158.928971ms native program, lint and recording=139.733325ms
    lint_test.go:387: typed runtime time: native=139.733325ms
    lint_test.go:387: typed runtime time: Node=483.332719ms
    lint_test.go:387: typed runtime time: emitted JavaScript=95.658999ms
    lint_test.go:387: live Go, native, Node and emitted JavaScript replay identical: 129 bytes
    lint_test.go:387: typed runtime time: Go program and lint=123.104512ms native program, lint and recording=152.410391ms
    lint_test.go:387: typed runtime time: native=152.410391ms
    lint_test.go:387: typed runtime time: Node=506.956133ms
    lint_test.go:387: typed runtime time: emitted JavaScript=138.752852ms
    lint_test.go:387: live Go, native, Node and emitted JavaScript replay identical: 413 bytes
    lint_test.go:387: typed runtime time: Go program and lint=113.155809ms native program, lint and recording=190.698031ms
    registration_test.go:150: checker compilation phases: load=208.535322ms lower=9.344203578s C=921.741309ms JavaScript=51.537099ms
    registration_test.go:164: finish-hook omission caught on Node
    registration_test.go:164: finish-hook omission caught on emitted JavaScript
--- PASS: TestFactoryHooks (147.55s)
=== CONT  TestCheckerReplayEntryControl
    lint_test.go:387: typed runtime time: native=190.698031ms
    lint_test.go:387: typed runtime time: Node=491.477706ms
    lint_test.go:387: typed runtime time: emitted JavaScript=98.168534ms
    lint_test.go:387: live Go, native, Node and emitted JavaScript replay identical: 441 bytes
    lint_test.go:387: typed runtime time: Go program and lint=191.817165ms native program, lint and recording=195.30679ms
    checker_pending_test.go:212: before: removed entry fails Node comparison: case 0
        refused @typescript-eslint/no-unnecessary-boolean-literal-compare /tmp/adamic-gate/TestCheckerReplayEntryControl42681148/001/source.ts 30 31 missing transcript entry
        fixed	declare const b: boolean; if (b === true) {}\u000a
    checker_pending_test.go:217: after: complete live-bridge transcript matches Go: case 0
        /tmp/adamic-gate/TestCheckerReplayEntryControl42681148/001/source.ts:1:31
          @typescript-eslint/no-unnecessary-boolean-literal-compare  This compares a boolean to a boolean literal, which asks the same question the value already answers. Use the expression on its own.

        range 30 40 direct fix	b		30 40
        fixed	declare const b: boolean; if (b) {}\u000a
    lint_test.go:387: typed runtime time: native=195.30679ms
    lint_test.go:387: typed runtime time: Node=624.09287ms
    lint_test.go:387: typed runtime time: emitted JavaScript=144.703756ms
    lint_test.go:387: live Go, native, Node and emitted JavaScript replay identical: 441 bytes
    lint_test.go:387: typed runtime time: Go program and lint=174.910424ms native program, lint and recording=165.819984ms
    checker_pending_test.go:222: reverse guard rejects an unasked entry
    lint_test.go:387: typed runtime time: native=165.819984ms
    lint_test.go:387: typed runtime time: Node=679.672847ms
    lint_test.go:387: typed runtime time: emitted JavaScript=133.854923ms
    lint_test.go:387: live Go, native, Node and emitted JavaScript replay identical: 441 bytes
    checker_pending_test.go:233: program header mismatch refuses replay; restoring it passes
    lint_test.go:387: typed runtime time: Go program and lint=160.234546ms native program, lint and recording=176.696046ms
    lint_test.go:387: typed runtime time: native=176.696046ms
    lint_test.go:387: typed runtime time: Node=682.843459ms
    lint_test.go:387: typed runtime time: emitted JavaScript=164.143513ms
    lint_test.go:387: live Go, native, Node and emitted JavaScript replay identical: 447 bytes
    checker_pending_test.go:241: pilot type-verdict mutant caught only by findings comparison on Node
    lint_test.go:387: typed runtime time: Go program and lint=188.338999ms native program, lint and recording=212.201725ms
    checker_pending_test.go:248: pilot's harness-owned refusal reaches the wire: case 0
        refused @typescript-eslint/no-unnecessary-boolean-literal-compare /tmp/adamic-gate/TestCheckerReplayEntryControl42681148/001/source.ts 0 45 undeclared program read ReadsOtherFiles
        /tmp/adamic-gate/TestCheckerReplayEntryControl42681148/001/source.ts:1:31
          @typescript-eslint/no-unnecessary-boolean-literal-compare  This compares a boolean to a boolean literal, which asks the same question the value already answers. Use the expression on its own.

        range 30 40 direct fix	b		30 40
        fixed	declare const b: boolean; if (b) {}\u000a
--- PASS: TestCheckerReplayEntryControl (4.81s)
=== CONT  TestCheckerHashes
    lint_test.go:387: typed runtime time: native=212.201725ms
    lint_test.go:387: typed runtime time: Node=605.784133ms
    lint_test.go:387: typed runtime time: emitted JavaScript=146.719178ms
    lint_test.go:387: live Go, native, Node and emitted JavaScript replay identical: 441 bytes
    lint_test.go:387: typed runtime time: Go program and lint=125.948977ms native program, lint and recording=130.990261ms
--- PASS: TestCheckerHashes (0.61s)
=== CONT  TestDecorationOptionMutant
    lint_test.go:387: typed runtime time: native=130.990261ms
    lint_test.go:387: typed runtime time: Node=495.912697ms
    lint_test.go:387: typed runtime time: emitted JavaScript=94.266744ms
    lint_test.go:387: live Go, native, Node and emitted JavaScript replay identical: 424 bytes
    lint_test.go:387: typed runtime time: Go program and lint=89.696948ms native program, lint and recording=105.416156ms
    lint_test.go:387: typed runtime time: native=105.416156ms
    lint_test.go:387: typed runtime time: Node=584.49652ms
    lint_test.go:387: typed runtime time: emitted JavaScript=104.927331ms
    lint_test.go:387: live Go, native, Node and emitted JavaScript replay identical: 419 bytes
    lint_test.go:387: typed runtime time: Go program and lint=134.879635ms native program, lint and recording=141.373571ms
    lint_test.go:387: typed runtime time: native=141.373571ms
    lint_test.go:387: typed runtime time: Node=479.785643ms
    lint_test.go:387: typed runtime time: emitted JavaScript=76.750748ms
    lint_test.go:387: live Go, native, Node and emitted JavaScript replay identical: 452 bytes
    lint_test.go:387: typed runtime time: Go program and lint=123.461425ms native program, lint and recording=104.80517ms
    lint_test.go:387: typed runtime time: native=104.80517ms
    lint_test.go:387: typed runtime time: Node=557.037245ms
    lint_test.go:387: typed runtime time: emitted JavaScript=81.797002ms
    lint_test.go:387: live Go, native, Node and emitted JavaScript replay identical: 362 bytes
    lint_test.go:387: typed runtime time: Go program and lint=130.059943ms native program, lint and recording=161.687288ms
    lint_test.go:387: typed runtime time: native=161.687288ms
    lint_test.go:387: typed runtime time: Node=668.550253ms
    lint_test.go:387: typed runtime time: emitted JavaScript=96.024398ms
    lint_test.go:387: live Go, native, Node and emitted JavaScript replay identical: 397 bytes
    lint_test.go:387: typed runtime time: Go program and lint=100.648851ms native program, lint and recording=122.880013ms
    lint_test.go:387: typed runtime time: native=122.880013ms
    lint_test.go:387: typed runtime time: Node=623.906578ms
    lint_test.go:387: typed runtime time: emitted JavaScript=105.610478ms
    lint_test.go:387: live Go, native, Node and emitted JavaScript replay identical: 62 bytes
    lint_test.go:387: typed runtime time: Go program and lint=102.219339ms native program, lint and recording=196.909345ms
    lint_test.go:387: typed runtime time: native=196.909345ms
    lint_test.go:387: typed runtime time: Node=554.432255ms
    lint_test.go:387: typed runtime time: emitted JavaScript=99.486169ms
    lint_test.go:387: live Go, native, Node and emitted JavaScript replay identical: 353 bytes
    lint_test.go:387: typed runtime time: Go program and lint=114.821434ms native program, lint and recording=137.36678ms
    lint_test.go:387: typed runtime time: native=137.36678ms
    lint_test.go:387: typed runtime time: Node=538.13856ms
    lint_test.go:387: typed runtime time: emitted JavaScript=96.405499ms
    lint_test.go:387: live Go, native, Node and emitted JavaScript replay identical: 76 bytes
    lint_test.go:387: typed runtime time: Go program and lint=118.450341ms native program, lint and recording=186.575115ms
    lint_test.go:387: typed runtime time: native=186.575115ms
    lint_test.go:387: typed runtime time: Node=563.414423ms
    lint_test.go:387: typed runtime time: emitted JavaScript=93.241404ms
    lint_test.go:387: live Go, native, Node and emitted JavaScript replay identical: 93 bytes
    lint_test.go:387: typed runtime time: Go program and lint=116.287579ms native program, lint and recording=142.035295ms
    lint_test.go:387: typed runtime time: native=142.035295ms
    lint_test.go:387: typed runtime time: Node=541.236253ms
    lint_test.go:387: typed runtime time: emitted JavaScript=145.937498ms
    lint_test.go:387: live Go, native, Node and emitted JavaScript replay identical: 556 bytes
    lint_test.go:387: typed runtime time: Go program and lint=128.534785ms native program, lint and recording=203.075007ms
    lint_test.go:387: typed runtime time: native=203.075007ms
    lint_test.go:387: typed runtime time: Node=565.256992ms
    lint_test.go:387: typed runtime time: emitted JavaScript=129.356522ms
    lint_test.go:387: live Go, native, Node and emitted JavaScript replay identical: 81 bytes
    lint_test.go:387: typed runtime time: Go program and lint=133.444379ms native program, lint and recording=170.187972ms
    lint_test.go:387: typed runtime time: native=170.187972ms
    lint_test.go:387: typed runtime time: Node=494.87934ms
    lint_test.go:387: typed runtime time: emitted JavaScript=112.523909ms
    lint_test.go:387: live Go, native, Node and emitted JavaScript replay identical: 62 bytes
    lint_test.go:387: typed runtime time: Go program and lint=124.503535ms native program, lint and recording=182.495875ms
    lint_test.go:704: checker compilation phases: load=303.661895ms lower=9.889418557s C=916.08437ms JavaScript=77.452152ms
    lint_test.go:387: typed runtime time: native=182.495875ms
    lint_test.go:387: typed runtime time: Node=550.186506ms
    lint_test.go:387: typed runtime time: emitted JavaScript=151.308587ms
    lint_test.go:387: live Go, native, Node and emitted JavaScript replay identical: 179 bytes
    lint_test.go:387: typed runtime time: Go program and lint=149.47596ms native program, lint and recording=168.414803ms
    lint_test.go:387: typed runtime time: native=168.414803ms
    lint_test.go:387: typed runtime time: Node=663.720366ms
    lint_test.go:387: typed runtime time: emitted JavaScript=177.720324ms
    lint_test.go:387: live Go, native, Node and emitted JavaScript replay identical: 640 bytes
    lint_test.go:387: typed runtime time: Go program and lint=127.590353ms native program, lint and recording=152.428315ms
    lint_test.go:387: typed runtime time: native=152.428315ms
    lint_test.go:387: typed runtime time: Node=580.158214ms
    lint_test.go:387: typed runtime time: emitted JavaScript=119.74286ms
    lint_test.go:387: live Go, native, Node and emitted JavaScript replay identical: 642 bytes
    lint_test.go:387: typed runtime time: Go program and lint=102.704173ms native program, lint and recording=109.524891ms
    lint_test.go:387: typed runtime time: native=109.524891ms
    lint_test.go:387: typed runtime time: Node=530.117765ms
    lint_test.go:387: typed runtime time: emitted JavaScript=102.186706ms
    lint_test.go:387: live Go, native, Node and emitted JavaScript replay identical: 114 bytes
    lint_test.go:387: typed runtime time: Go program and lint=159.734111ms native program, lint and recording=132.148151ms
    lint_test.go:387: typed runtime time: native=132.148151ms
    lint_test.go:387: typed runtime time: Node=578.061782ms
    lint_test.go:387: typed runtime time: emitted JavaScript=105.647538ms
    lint_test.go:387: live Go, native, Node and emitted JavaScript replay identical: 680 bytes
    lint_test.go:387: typed runtime time: Go program and lint=98.14897ms native program, lint and recording=131.526465ms
    lint_test.go:387: typed runtime time: native=131.526465ms
    lint_test.go:387: typed runtime time: Node=612.99216ms
    lint_test.go:387: typed runtime time: emitted JavaScript=101.591173ms
    lint_test.go:387: live Go, native, Node and emitted JavaScript replay identical: 618 bytes
    lint_test.go:387: typed runtime time: Go program and lint=139.914996ms native program, lint and recording=194.323026ms
    lint_test.go:387: typed runtime time: native=194.323026ms
    lint_test.go:387: typed runtime time: Node=501.072518ms
    lint_test.go:387: typed runtime time: emitted JavaScript=97.607027ms
    lint_test.go:387: live Go, native, Node and emitted JavaScript replay identical: 577 bytes
    lint_test.go:387: typed runtime time: Go program and lint=114.438053ms native program, lint and recording=118.8923ms
    lint_test.go:387: typed runtime time: native=118.8923ms
    lint_test.go:387: typed runtime time: Node=581.342805ms
    lint_test.go:387: typed runtime time: emitted JavaScript=96.465295ms
    lint_test.go:387: live Go, native, Node and emitted JavaScript replay identical: 542 bytes
    lint_test.go:387: typed runtime time: Go program and lint=107.513075ms native program, lint and recording=132.996264ms
    lint_test.go:387: typed runtime time: native=132.996264ms
    lint_test.go:387: typed runtime time: Node=520.129031ms
    lint_test.go:387: typed runtime time: emitted JavaScript=149.823536ms
    lint_test.go:387: live Go, native, Node and emitted JavaScript replay identical: 555 bytes
    lint_test.go:387: typed runtime time: Go program and lint=129.686075ms native program, lint and recording=181.581573ms
    lint_test.go:387: typed runtime time: native=181.581573ms
    lint_test.go:387: typed runtime time: Node=530.848951ms
    lint_test.go:387: typed runtime time: emitted JavaScript=129.147776ms
    lint_test.go:387: live Go, native, Node and emitted JavaScript replay identical: 180 bytes
    lint_test.go:704: checker native build: 8.94047473s
    lint_test.go:387: typed runtime time: Go program and lint=148.080815ms native program, lint and recording=185.270444ms
    lint_test.go:387: typed runtime time: native=185.270444ms
    lint_test.go:387: typed runtime time: Node=624.066208ms
    lint_test.go:387: typed runtime time: emitted JavaScript=100.975738ms
    lint_test.go:387: live Go, native, Node and emitted JavaScript replay identical: 631 bytes
    lint_test.go:387: typed runtime time: Go program and lint=146.846535ms native program, lint and recording=131.426338ms
    lint_test.go:387: typed runtime time: native=131.426338ms
    lint_test.go:387: typed runtime time: Node=719.859726ms
    lint_test.go:387: typed runtime time: emitted JavaScript=98.004586ms
    lint_test.go:387: live Go, native, Node and emitted JavaScript replay identical: 115 bytes
    lint_test.go:387: typed runtime time: Go program and lint=108.138419ms native program, lint and recording=175.548013ms
    lint_test.go:716: decoration range collapsed to one character caught on Node: case 133 line 4553: port "fixed\t// \\u017fomething\\u000a// \\u212a\\u000a// \\u017fa\\u000a// \\u03a3 \\u03c3 \\u03c2\\u000a// TODO \\u00e9\\u00e9\\u00e9\\u00e9\\u00e9\\u00e9\\u00e9\\u00e9\\u00e9\\u00e9\\u00e9\\u00e9\\u00e9\\u00e9\\u00e9\\u00e9\\u00e9\\u00e9\\u00e9\\u00e9 \\u00e9\\u000a// TODO \\u005c quoted \"text\"\\u000a// ABC TODO\\u000a// \\u212a \\u017f TODO\\u000a// -/ TODO\\u000a", Go "/tmp/adamic-gate/TestDecorationOptionMutant4177919541/016/generated-12.ts:7:1"
        Go context:
        range 40 91 unexpectedComment 			40 91
        /tmp/adamic-gate/TestDecorationOptionMutant4177919541/016/generated-12.ts:6:1
          no-warning-comments  This comment opens with `todo`, which marks the code as knowingly unfinished: "TODO \\ quoted \"text\"". A warning comment is a note to a future reader that something was deferred, so it should be tracked somewhere that gets read rather than left where only the next editor of this file will find it.

        range 92 115 unexpectedComment 			92 115
        /tmp/adamic-gate/TestDecorationOptionMutant4177919541/016/generated-12.ts:7:1
          no-warning-comments  This comment opens with `todo`, which marks the code as knowingly unfinished: "ABC TODO". A warning comment is a note to a future reader that something was deferred, so it should be tracked somewhere that gets read rather than left where only the next editor of this file will find it.

        range 116 127 unexpectedComment 			116 127
        /tmp/adamic-gate/TestDecorationOptionMutant4177919541/016/generated-12.ts:8:1
    lint_test.go:716: decoration range collapsed to one character caught on emitted JavaScript: case 133 line 4553: port "fixed\t// \\u017fomething\\u000a// \\u212a\\u000a// \\u017fa\\u000a// \\u03a3 \\u03c3 \\u03c2\\u000a// TODO \\u00e9\\u00e9\\u00e9\\u00e9\\u00e9\\u00e9\\u00e9\\u00e9\\u00e9\\u00e9\\u00e9\\u00e9\\u00e9\\u00e9\\u00e9\\u00e9\\u00e9\\u00e9\\u00e9\\u00e9 \\u00e9\\u000a// TODO \\u005c quoted \"text\"\\u000a// ABC TODO\\u000a// \\u212a \\u017f TODO\\u000a// -/ TODO\\u000a", Go "/tmp/adamic-gate/TestDecorationOptionMutant4177919541/016/generated-12.ts:7:1"
        Go context:
        range 40 91 unexpectedComment 			40 91
        /tmp/adamic-gate/TestDecorationOptionMutant4177919541/016/generated-12.ts:6:1
          no-warning-comments  This comment opens with `todo`, which marks the code as knowingly unfinished: "TODO \\ quoted \"text\"". A warning comment is a note to a future reader that something was deferred, so it should be tracked somewhere that gets read rather than left where only the next editor of this file will find it.

        range 92 115 unexpectedComment 			92 115
        /tmp/adamic-gate/TestDecorationOptionMutant4177919541/016/generated-12.ts:7:1
          no-warning-comments  This comment opens with `todo`, which marks the code as knowingly unfinished: "ABC TODO". A warning comment is a note to a future reader that something was deferred, so it should be tracked somewhere that gets read rather than left where only the next editor of this file will find it.

        range 116 127 unexpectedComment 			116 127
        /tmp/adamic-gate/TestDecorationOptionMutant4177919541/016/generated-12.ts:8:1
    lint_test.go:716: decoration range collapsed to one character caught on native: case 133 line 4553: port "fixed\t// \\u017fomething\\u000a// \\u212a\\u000a// \\u017fa\\u000a// \\u03a3 \\u03c3 \\u03c2\\u000a// TODO \\u00e9\\u00e9\\u00e9\\u00e9\\u00e9\\u00e9\\u00e9\\u00e9\\u00e9\\u00e9\\u00e9\\u00e9\\u00e9\\u00e9\\u00e9\\u00e9\\u00e9\\u00e9\\u00e9\\u00e9 \\u00e9\\u000a// TODO \\u005c quoted \"text\"\\u000a// ABC TODO\\u000a// \\u212a \\u017f TODO\\u000a// -/ TODO\\u000a", Go "/tmp/adamic-gate/TestDecorationOptionMutant4177919541/016/generated-12.ts:7:1"
        Go context:
        range 40 91 unexpectedComment 			40 91
        /tmp/adamic-gate/TestDecorationOptionMutant4177919541/016/generated-12.ts:6:1
          no-warning-comments  This comment opens with `todo`, which marks the code as knowingly unfinished: "TODO \\ quoted \"text\"". A warning comment is a note to a future reader that something was deferred, so it should be tracked somewhere that gets read rather than left where only the next editor of this file will find it.

        range 92 115 unexpectedComment 			92 115
        /tmp/adamic-gate/TestDecorationOptionMutant4177919541/016/generated-12.ts:7:1
          no-warning-comments  This comment opens with `todo`, which marks the code as knowingly unfinished: "ABC TODO". A warning comment is a note to a future reader that something was deferred, so it should be tracked somewhere that gets read rather than left where only the next editor of this file will find it.

        range 116 127 unexpectedComment 			116 127
        /tmp/adamic-gate/TestDecorationOptionMutant4177919541/016/generated-12.ts:8:1
--- PASS: TestDecorationOptionMutant (22.98s)
=== CONT  TestCountGuardMutant
    lint_test.go:387: typed runtime time: native=175.548013ms
    lint_test.go:387: typed runtime time: Node=605.101277ms
    lint_test.go:387: typed runtime time: emitted JavaScript=104.327704ms
    lint_test.go:387: live Go, native, Node and emitted JavaScript replay identical: 545 bytes
    lint_test.go:387: typed runtime time: Go program and lint=103.745932ms native program, lint and recording=143.762151ms
    lint_test.go:387: typed runtime time: native=143.762151ms
    lint_test.go:387: typed runtime time: Node=429.566874ms
    lint_test.go:387: typed runtime time: emitted JavaScript=100.321088ms
    lint_test.go:387: live Go, native, Node and emitted JavaScript replay identical: 588 bytes
    lint_test.go:387: typed runtime time: Go program and lint=171.780769ms native program, lint and recording=133.843346ms
    lint_test.go:387: typed runtime time: native=133.843346ms
    lint_test.go:387: typed runtime time: Node=503.866189ms
    lint_test.go:387: typed runtime time: emitted JavaScript=98.005367ms
    lint_test.go:387: live Go, native, Node and emitted JavaScript replay identical: 567 bytes
    lint_test.go:387: typed runtime time: Go program and lint=98.998338ms native program, lint and recording=116.235317ms
    lint_test.go:387: typed runtime time: native=116.235317ms
    lint_test.go:387: typed runtime time: Node=494.798826ms
    lint_test.go:387: typed runtime time: emitted JavaScript=107.758807ms
    lint_test.go:387: live Go, native, Node and emitted JavaScript replay identical: 546 bytes
    lint_test.go:387: typed runtime time: Go program and lint=98.783579ms native program, lint and recording=146.050057ms
    lint_test.go:387: typed runtime time: native=146.050057ms
    lint_test.go:387: typed runtime time: Node=562.238194ms
    lint_test.go:387: typed runtime time: emitted JavaScript=135.628505ms
    lint_test.go:387: live Go, native, Node and emitted JavaScript replay identical: 559 bytes
    lint_test.go:387: typed runtime time: Go program and lint=108.788556ms native program, lint and recording=112.41776ms
    lint_test.go:387: typed runtime time: native=112.41776ms
    lint_test.go:387: typed runtime time: Node=693.460952ms
    lint_test.go:387: typed runtime time: emitted JavaScript=95.888577ms
    lint_test.go:387: live Go, native, Node and emitted JavaScript replay identical: 575 bytes
    lint_test.go:387: typed runtime time: Go program and lint=113.830954ms native program, lint and recording=174.634491ms
    lint_test.go:387: typed runtime time: native=174.634491ms
    lint_test.go:387: typed runtime time: Node=636.116264ms
    lint_test.go:387: typed runtime time: emitted JavaScript=94.993224ms
    lint_test.go:387: live Go, native, Node and emitted JavaScript replay identical: 530 bytes
    lint_test.go:387: typed runtime time: Go program and lint=123.703988ms native program, lint and recording=148.007281ms
    lint_test.go:387: typed runtime time: native=148.007281ms
    lint_test.go:387: typed runtime time: Node=632.625481ms
    lint_test.go:387: typed runtime time: emitted JavaScript=124.320008ms
    lint_test.go:387: live Go, native, Node and emitted JavaScript replay identical: 530 bytes
    lint_test.go:387: typed runtime time: Go program and lint=144.443236ms native program, lint and recording=157.26935ms
    lint_test.go:387: typed runtime time: native=157.26935ms
    lint_test.go:387: typed runtime time: Node=607.579885ms
    lint_test.go:387: typed runtime time: emitted JavaScript=95.958735ms
    lint_test.go:387: live Go, native, Node and emitted JavaScript replay identical: 548 bytes
    lint_test.go:387: typed runtime time: Go program and lint=95.130218ms native program, lint and recording=141.557281ms
    lint_test.go:387: typed runtime time: native=141.557281ms
    lint_test.go:387: typed runtime time: Node=429.74418ms
    lint_test.go:387: typed runtime time: emitted JavaScript=152.887223ms
    lint_test.go:387: live Go, native, Node and emitted JavaScript replay identical: 544 bytes
    lint_test.go:387: typed runtime time: Go program and lint=115.550881ms native program, lint and recording=160.117021ms
    lint_test.go:387: typed runtime time: native=160.117021ms
    lint_test.go:387: typed runtime time: Node=570.351578ms
    lint_test.go:387: typed runtime time: emitted JavaScript=98.803831ms
    lint_test.go:387: live Go, native, Node and emitted JavaScript replay identical: 546 bytes
    lint_test.go:387: typed runtime time: Go program and lint=114.238632ms native program, lint and recording=135.333343ms
    lint_test.go:387: typed runtime time: native=135.333343ms
    lint_test.go:387: typed runtime time: Node=560.264568ms
    lint_test.go:387: typed runtime time: emitted JavaScript=139.610747ms
    lint_test.go:387: live Go, native, Node and emitted JavaScript replay identical: 543 bytes
    lint_test.go:387: typed runtime time: Go program and lint=136.162346ms native program, lint and recording=131.900141ms
    lint_test.go:387: typed runtime time: native=131.900141ms
    lint_test.go:387: typed runtime time: Node=669.810425ms
    lint_test.go:387: typed runtime time: emitted JavaScript=119.676488ms
    lint_test.go:387: live Go, native, Node and emitted JavaScript replay identical: 569 bytes
    lint_test.go:387: typed runtime time: Go program and lint=143.068125ms native program, lint and recording=134.790543ms
    lint_test.go:731: checker compilation phases: load=276.899981ms lower=11.025157743s C=1.04698104s JavaScript=94.720781ms
    lint_test.go:387: typed runtime time: native=134.790543ms
    lint_test.go:387: typed runtime time: Node=670.246896ms
    lint_test.go:387: typed runtime time: emitted JavaScript=113.605413ms
    lint_test.go:387: live Go, native, Node and emitted JavaScript replay identical: 634 bytes
    lint_test.go:387: typed runtime time: Go program and lint=189.837093ms native program, lint and recording=204.112245ms
    lint_test.go:387: typed runtime time: native=204.112245ms
    lint_test.go:387: typed runtime time: Node=638.318772ms
    lint_test.go:387: typed runtime time: emitted JavaScript=121.780897ms
    lint_test.go:387: live Go, native, Node and emitted JavaScript replay identical: 627 bytes
    lint_test.go:387: typed runtime time: Go program and lint=153.847882ms native program, lint and recording=130.018623ms
    lint_test.go:387: typed runtime time: native=130.018623ms
    lint_test.go:387: typed runtime time: Node=644.433824ms
    lint_test.go:387: typed runtime time: emitted JavaScript=122.231032ms
    lint_test.go:387: live Go, native, Node and emitted JavaScript replay identical: 591 bytes
    lint_test.go:387: typed runtime time: Go program and lint=109.925636ms native program, lint and recording=132.228285ms
    lint_test.go:387: typed runtime time: native=132.228285ms
    lint_test.go:387: typed runtime time: Node=679.163929ms
    lint_test.go:387: typed runtime time: emitted JavaScript=114.905078ms
    lint_test.go:387: live Go, native, Node and emitted JavaScript replay identical: 602 bytes
    lint_test.go:387: typed runtime time: Go program and lint=136.513817ms native program, lint and recording=119.864228ms
    lint_test.go:387: typed runtime time: native=119.864228ms
    lint_test.go:387: typed runtime time: Node=603.680043ms
    lint_test.go:387: typed runtime time: emitted JavaScript=115.897823ms
    lint_test.go:387: live Go, native, Node and emitted JavaScript replay identical: 632 bytes
    lint_test.go:387: typed runtime time: Go program and lint=161.729051ms native program, lint and recording=161.306046ms
    lint_test.go:387: typed runtime time: native=161.306046ms
    lint_test.go:387: typed runtime time: Node=698.033988ms
    lint_test.go:387: typed runtime time: emitted JavaScript=146.479158ms
    lint_test.go:387: live Go, native, Node and emitted JavaScript replay identical: 545 bytes
    lint_test.go:387: typed runtime time: Go program and lint=106.910391ms native program, lint and recording=135.818176ms
    lint_test.go:387: typed runtime time: native=135.818176ms
    lint_test.go:387: typed runtime time: Node=605.834711ms
    lint_test.go:387: typed runtime time: emitted JavaScript=106.289247ms
    lint_test.go:387: live Go, native, Node and emitted JavaScript replay identical: 575 bytes
    lint_test.go:387: typed runtime time: Go program and lint=138.403302ms native program, lint and recording=112.842617ms
    lint_test.go:387: typed runtime time: native=112.842617ms
    lint_test.go:387: typed runtime time: Node=724.361507ms
    lint_test.go:387: typed runtime time: emitted JavaScript=115.671239ms
    lint_test.go:387: live Go, native, Node and emitted JavaScript replay identical: 60 bytes
    lint_test.go:387: typed runtime time: Go program and lint=105.846932ms native program, lint and recording=186.120431ms
    lint_test.go:387: typed runtime time: native=186.120431ms
    lint_test.go:387: typed runtime time: Node=572.016997ms
    lint_test.go:387: typed runtime time: emitted JavaScript=110.893114ms
    lint_test.go:387: live Go, native, Node and emitted JavaScript replay identical: 409 bytes
    lint_test.go:387: typed runtime time: Go program and lint=112.107123ms native program, lint and recording=172.638475ms
    lint_test.go:387: typed runtime time: native=172.638475ms
    lint_test.go:387: typed runtime time: Node=543.005094ms
    lint_test.go:387: typed runtime time: emitted JavaScript=102.543417ms
    lint_test.go:387: live Go, native, Node and emitted JavaScript replay identical: 442 bytes
    lint_test.go:387: typed runtime time: Go program and lint=143.277948ms native program, lint and recording=130.619069ms
    lint_test.go:387: typed runtime time: native=130.619069ms
    lint_test.go:387: typed runtime time: Node=602.23703ms
    lint_test.go:387: typed runtime time: emitted JavaScript=98.767752ms
    lint_test.go:387: live Go, native, Node and emitted JavaScript replay identical: 117 bytes
    lint_test.go:387: typed runtime time: Go program and lint=119.684414ms native program, lint and recording=152.312874ms
    lint_test.go:387: typed runtime time: native=152.312874ms
    lint_test.go:387: typed runtime time: Node=629.163465ms
    lint_test.go:387: typed runtime time: emitted JavaScript=132.9734ms
    lint_test.go:387: live Go, native, Node and emitted JavaScript replay identical: 87 bytes
    lint_test.go:387: typed runtime time: Go program and lint=147.962722ms native program, lint and recording=132.749579ms
    lint_test.go:387: typed runtime time: native=132.749579ms
    lint_test.go:387: typed runtime time: Node=521.770985ms
    lint_test.go:387: typed runtime time: emitted JavaScript=89.238642ms
    lint_test.go:387: live Go, native, Node and emitted JavaScript replay identical: 349 bytes
    lint_test.go:387: typed runtime time: Go program and lint=98.639702ms native program, lint and recording=169.98249ms
    lint_test.go:387: typed runtime time: native=169.98249ms
    lint_test.go:387: typed runtime time: Node=621.968915ms
    lint_test.go:387: typed runtime time: emitted JavaScript=95.330827ms
    lint_test.go:387: live Go, native, Node and emitted JavaScript replay identical: 428 bytes
    lint_test.go:387: typed runtime time: Go program and lint=166.748201ms native program, lint and recording=134.666095ms
    lint_test.go:387: typed runtime time: native=134.666095ms
    lint_test.go:387: typed runtime time: Node=651.584756ms
    lint_test.go:387: typed runtime time: emitted JavaScript=72.912128ms
    lint_test.go:387: live Go, native, Node and emitted JavaScript replay identical: 70 bytes
    lint_test.go:387: typed runtime time: Go program and lint=159.635833ms native program, lint and recording=172.021247ms
    lint_test.go:731: checker native build: 15.133062242s
    lint_test.go:387: typed runtime time: native=172.021247ms
    lint_test.go:387: typed runtime time: Node=614.828972ms
    lint_test.go:387: typed runtime time: emitted JavaScript=138.165198ms
    lint_test.go:387: live Go, native, Node and emitted JavaScript replay identical: 66 bytes
    lint_test.go:387: typed runtime time: Go program and lint=140.013547ms native program, lint and recording=132.658219ms
    lint_test.go:387: typed runtime time: native=132.658219ms
    lint_test.go:387: typed runtime time: Node=528.412328ms
    lint_test.go:387: typed runtime time: emitted JavaScript=109.189905ms
    lint_test.go:387: live Go, native, Node and emitted JavaScript replay identical: 63 bytes
    lint_test.go:387: typed runtime time: Go program and lint=154.871884ms native program, lint and recording=123.352689ms
    lint_test.go:746: count check alone caught Node: mutant="4\n" Go="3\n"; ordinary output remains identical
    lint_test.go:746: count check alone caught emitted JavaScript: mutant="4\n" Go="3\n"; ordinary output remains identical
    lint_test.go:746: count check alone caught native: mutant="4\n" Go="3\n"; ordinary output remains identical
--- PASS: TestCountGuardMutant (29.88s)
=== CONT  TestEmittedJavaScriptMismatch
    lint_test.go:387: typed runtime time: native=123.352689ms
    lint_test.go:387: typed runtime time: Node=553.936164ms
    lint_test.go:387: typed runtime time: emitted JavaScript=105.607435ms
    lint_test.go:387: live Go, native, Node and emitted JavaScript replay identical: 368 bytes
    lint_test.go:387: typed runtime time: Go program and lint=115.309282ms native program, lint and recording=141.432556ms
    lint_test.go:387: typed runtime time: native=141.432556ms
    lint_test.go:387: typed runtime time: Node=584.195651ms
    lint_test.go:387: typed runtime time: emitted JavaScript=109.799789ms
    lint_test.go:387: live Go, native, Node and emitted JavaScript replay identical: 369 bytes
    lint_test.go:387: typed runtime time: Go program and lint=154.029862ms native program, lint and recording=112.387318ms
    lint_test.go:387: typed runtime time: native=112.387318ms
    lint_test.go:387: typed runtime time: Node=491.796652ms
    lint_test.go:387: typed runtime time: emitted JavaScript=101.311586ms
    lint_test.go:387: live Go, native, Node and emitted JavaScript replay identical: 58 bytes
    lint_test.go:387: typed runtime time: Go program and lint=119.988545ms native program, lint and recording=120.562473ms
    lint_test.go:387: typed runtime time: native=120.562473ms
    lint_test.go:387: typed runtime time: Node=404.593129ms
    lint_test.go:387: typed runtime time: emitted JavaScript=85.325096ms
    lint_test.go:387: live Go, native, Node and emitted JavaScript replay identical: 62 bytes
    lint_test.go:387: typed runtime time: Go program and lint=124.519781ms native program, lint and recording=172.169745ms
    lint_test.go:387: typed runtime time: native=172.169745ms
    lint_test.go:387: typed runtime time: Node=528.138367ms
    lint_test.go:387: typed runtime time: emitted JavaScript=121.402506ms
    lint_test.go:387: live Go, native, Node and emitted JavaScript replay identical: 47 bytes
    lint_test.go:387: typed runtime time: Go program and lint=138.33657ms native program, lint and recording=187.290005ms
    lint_test.go:387: typed runtime time: native=187.290005ms
    lint_test.go:387: typed runtime time: Node=499.850248ms
    lint_test.go:387: typed runtime time: emitted JavaScript=101.192129ms
    lint_test.go:387: live Go, native, Node and emitted JavaScript replay identical: 51 bytes
    lint_test.go:387: typed runtime time: Go program and lint=129.491678ms native program, lint and recording=112.557981ms
    lint_test.go:387: typed runtime time: native=112.557981ms
    lint_test.go:387: typed runtime time: Node=566.223763ms
    lint_test.go:387: typed runtime time: emitted JavaScript=119.160279ms
    lint_test.go:387: live Go, native, Node and emitted JavaScript replay identical: 47 bytes
    lint_test.go:387: typed runtime time: Go program and lint=156.390462ms native program, lint and recording=131.949565ms
    lint_test.go:387: typed runtime time: native=131.949565ms
    lint_test.go:387: typed runtime time: Node=565.722043ms
    lint_test.go:387: typed runtime time: emitted JavaScript=96.838508ms
    lint_test.go:387: live Go, native, Node and emitted JavaScript replay identical: 429 bytes
    lint_test.go:387: typed runtime time: Go program and lint=201.376053ms native program, lint and recording=150.123656ms
    lint_test.go:387: typed runtime time: native=150.123656ms
    lint_test.go:387: typed runtime time: Node=459.453497ms
    lint_test.go:387: typed runtime time: emitted JavaScript=108.45497ms
    lint_test.go:387: live Go, native, Node and emitted JavaScript replay identical: 416 bytes
    lint_test.go:387: typed runtime time: Go program and lint=108.727294ms native program, lint and recording=128.412494ms
    profile_test.go:140: release, counted and -O2 -g profiling builds saved in /tmp/adamic-gate/TestProfileCompilation348219402/001
    lint_test.go:387: typed runtime time: native=128.412494ms
    lint_test.go:387: typed runtime time: Node=794.526356ms
    lint_test.go:387: typed runtime time: emitted JavaScript=106.579016ms
    lint_test.go:387: live Go, native, Node and emitted JavaScript replay identical: 630 bytes
    profile_test.go:143: Go, Node, emitted JavaScript, native identical: 653 bytes
    lint_test.go:387: typed runtime time: Go program and lint=114.462618ms native program, lint and recording=140.911972ms
    profile_test.go:176: counted instrumentation: adamic: counts: allocations 671 frees 671 retains 2762 releases 1315 peak 476 regions 0
--- PASS: TestProfileCompilation (105.31s)
=== CONT  TestLegacyMutants
=== RUN   TestLegacyMutants/overlap_winner_misreported
    lint_test.go:387: typed runtime time: native=140.911972ms
    lint_test.go:387: typed runtime time: Node=522.190008ms
    lint_test.go:387: typed runtime time: emitted JavaScript=95.357593ms
    lint_test.go:387: live Go, native, Node and emitted JavaScript replay identical: 520 bytes
    lint_test.go:387: typed runtime time: Go program and lint=123.525865ms native program, lint and recording=184.467035ms
    lint_test.go:387: typed runtime time: native=184.467035ms
    lint_test.go:387: typed runtime time: Node=620.271907ms
    lint_test.go:387: typed runtime time: emitted JavaScript=138.469895ms
    lint_test.go:387: live Go, native, Node and emitted JavaScript replay identical: 386 bytes
    lint_test.go:387: typed runtime time: Go program and lint=94.52502ms native program, lint and recording=135.220235ms
    lint_test.go:387: typed runtime time: native=135.220235ms
    lint_test.go:387: typed runtime time: Node=623.506381ms
    lint_test.go:387: typed runtime time: emitted JavaScript=160.104677ms
    lint_test.go:387: live Go, native, Node and emitted JavaScript replay identical: 436 bytes
    lint_test.go:387: typed runtime time: Go program and lint=155.005763ms native program, lint and recording=155.765088ms
    lint_test.go:387: typed runtime time: native=155.765088ms
    lint_test.go:387: typed runtime time: Node=679.667134ms
    lint_test.go:387: typed runtime time: emitted JavaScript=111.611865ms
    lint_test.go:387: live Go, native, Node and emitted JavaScript replay identical: 434 bytes
    lint_test.go:387: typed runtime time: Go program and lint=123.780783ms native program, lint and recording=167.032616ms
    lint_test.go:387: typed runtime time: native=167.032616ms
    lint_test.go:387: typed runtime time: Node=639.80788ms
    lint_test.go:387: typed runtime time: emitted JavaScript=160.721201ms
    lint_test.go:387: live Go, native, Node and emitted JavaScript replay identical: 435 bytes
    lint_test.go:387: typed runtime time: Go program and lint=130.029921ms native program, lint and recording=108.991153ms
    lint_test.go:387: typed runtime time: native=108.991153ms
    lint_test.go:387: typed runtime time: Node=665.758764ms
    lint_test.go:387: typed runtime time: emitted JavaScript=98.798581ms
    lint_test.go:387: live Go, native, Node and emitted JavaScript replay identical: 434 bytes
    lint_test.go:387: typed runtime time: Go program and lint=118.318611ms native program, lint and recording=137.721788ms
    lint_test.go:387: typed runtime time: native=137.721788ms
    lint_test.go:387: typed runtime time: Node=691.035962ms
    lint_test.go:387: typed runtime time: emitted JavaScript=162.118656ms
    lint_test.go:387: live Go, native, Node and emitted JavaScript replay identical: 417 bytes
    lint_test.go:387: typed runtime time: Go program and lint=127.193937ms native program, lint and recording=161.957979ms
    lint_test.go:387: typed runtime time: native=161.957979ms
    lint_test.go:387: typed runtime time: Node=531.238269ms
    lint_test.go:387: typed runtime time: emitted JavaScript=107.165254ms
    lint_test.go:387: live Go, native, Node and emitted JavaScript replay identical: 101 bytes
    lint_test.go:387: typed runtime time: Go program and lint=137.712047ms native program, lint and recording=114.629729ms
    lint_test.go:387: typed runtime time: native=114.629729ms
    lint_test.go:387: typed runtime time: Node=542.269811ms
    lint_test.go:387: typed runtime time: emitted JavaScript=193.976869ms
    lint_test.go:387: live Go, native, Node and emitted JavaScript replay identical: 397 bytes
    lint_test.go:387: typed runtime time: Go program and lint=157.245516ms native program, lint and recording=170.848852ms
    lint_test.go:387: typed runtime time: native=170.848852ms
    lint_test.go:387: typed runtime time: Node=561.029115ms
    lint_test.go:387: typed runtime time: emitted JavaScript=98.107478ms
    lint_test.go:387: live Go, native, Node and emitted JavaScript replay identical: 95 bytes
    lint_test.go:387: typed runtime time: Go program and lint=99.787026ms native program, lint and recording=121.494192ms
    lint_test.go:387: typed runtime time: native=121.494192ms
    lint_test.go:387: typed runtime time: Node=547.40986ms
    lint_test.go:387: typed runtime time: emitted JavaScript=74.797595ms
    lint_test.go:387: live Go, native, Node and emitted JavaScript replay identical: 407 bytes
    lint_test.go:387: typed runtime time: Go program and lint=87.67311ms native program, lint and recording=143.644537ms
    lint_test.go:689: checker compilation phases: load=244.599953ms lower=8.821544996s C=842.612049ms JavaScript=63.850814ms
    lint_test.go:387: typed runtime time: native=143.644537ms
    lint_test.go:387: typed runtime time: Node=554.764184ms
    lint_test.go:387: typed runtime time: emitted JavaScript=106.706456ms
    lint_test.go:387: live Go, native, Node and emitted JavaScript replay identical: 405 bytes
    lint_test.go:387: typed runtime time: Go program and lint=142.905401ms native program, lint and recording=191.420527ms
    lint_test.go:387: typed runtime time: native=191.420527ms
    lint_test.go:387: typed runtime time: Node=633.729323ms
    lint_test.go:387: typed runtime time: emitted JavaScript=117.787101ms
    lint_test.go:387: live Go, native, Node and emitted JavaScript replay identical: 81 bytes
    lint_test.go:387: typed runtime time: Go program and lint=141.842247ms native program, lint and recording=107.617105ms
    lint_test.go:387: typed runtime time: native=107.617105ms
    lint_test.go:387: typed runtime time: Node=544.485466ms
    lint_test.go:387: typed runtime time: emitted JavaScript=94.63986ms
    lint_test.go:387: live Go, native, Node and emitted JavaScript replay identical: 85 bytes
    lint_test.go:387: typed runtime time: Go program and lint=115.606361ms native program, lint and recording=165.987436ms
    lint_test.go:387: typed runtime time: native=165.987436ms
    lint_test.go:387: typed runtime time: Node=440.822298ms
    lint_test.go:387: typed runtime time: emitted JavaScript=124.246918ms
    lint_test.go:387: live Go, native, Node and emitted JavaScript replay identical: 90 bytes
    lint_test.go:387: typed runtime time: Go program and lint=122.943109ms native program, lint and recording=132.813804ms
    lint_test.go:387: typed runtime time: native=132.813804ms
    lint_test.go:387: typed runtime time: Node=495.302045ms
    lint_test.go:387: typed runtime time: emitted JavaScript=111.973495ms
    lint_test.go:387: live Go, native, Node and emitted JavaScript replay identical: 89 bytes
    lint_test.go:387: typed runtime time: Go program and lint=135.563274ms native program, lint and recording=147.684359ms
    lint_test.go:387: typed runtime time: native=147.684359ms
    lint_test.go:387: typed runtime time: Node=596.044097ms
    lint_test.go:387: typed runtime time: emitted JavaScript=103.053027ms
    lint_test.go:387: live Go, native, Node and emitted JavaScript replay identical: 85 bytes
    lint_test.go:387: typed runtime time: Go program and lint=115.474224ms native program, lint and recording=110.470266ms
    lint_test.go:387: typed runtime time: native=110.470266ms
    lint_test.go:387: typed runtime time: Node=534.894064ms
    lint_test.go:387: typed runtime time: emitted JavaScript=95.955042ms
    lint_test.go:387: live Go, native, Node and emitted JavaScript replay identical: 138 bytes
    lint_test.go:387: typed runtime time: Go program and lint=110.305072ms native program, lint and recording=160.973516ms
    lint_test.go:387: typed runtime time: native=160.973516ms
    lint_test.go:387: typed runtime time: Node=651.736869ms
    lint_test.go:387: typed runtime time: emitted JavaScript=117.89955ms
    lint_test.go:387: live Go, native, Node and emitted JavaScript replay identical: 432 bytes
    lint_test.go:387: typed runtime time: Go program and lint=126.382022ms native program, lint and recording=157.159247ms
    lint_test.go:387: typed runtime time: native=157.159247ms
    lint_test.go:387: typed runtime time: Node=675.606006ms
    lint_test.go:387: typed runtime time: emitted JavaScript=96.84739ms
    lint_test.go:387: live Go, native, Node and emitted JavaScript replay identical: 625 bytes
    lint_test.go:387: typed runtime time: Go program and lint=125.815634ms native program, lint and recording=171.077811ms
    profile_test.go:241: /workspace/scratch/s13-profile.mlxNAZ: release, profiled and Node identical to Go: 44100295 bytes
--- PASS: TestProfileSnapshotsAgree (272.15s)
=== CONT  TestCheckerBridgeRefusalPending
    checker_pending_test.go:51: awaits codex/tsgo-errors-as-values: tsgoInspect must return TSGoError from the C error buffer
--- SKIP: TestCheckerBridgeRefusalPending (0.00s)
=== CONT  TestCheckerNoProgramCoverage
    lint_test.go:387: typed runtime time: native=171.077811ms
    lint_test.go:387: typed runtime time: Node=721.234406ms
    lint_test.go:387: typed runtime time: emitted JavaScript=92.659937ms
    lint_test.go:387: live Go, native, Node and emitted JavaScript replay identical: 169 bytes
    lint_test.go:387: typed runtime time: Go program and lint=185.524328ms native program, lint and recording=182.590317ms
    checker_pending_test.go:32: before: coverage check caught mutant: case 0
        skipped @typescript-eslint/no-unnecessary-boolean-literal-compare ignored
        fixed	declare const b: boolean; if (b === true) {}\u000a
    checker_pending_test.go:37: after: coverage check passes: case 0
        skipped @typescript-eslint/no-unnecessary-boolean-literal-compare no program
        fixed	declare const b: boolean; if (b === true) {}\u000a
--- PASS: TestCheckerNoProgramCoverage (1.47s)
=== CONT  TestMutants/debugger_fix_suppressed
    lint_test.go:387: typed runtime time: native=182.590317ms
    lint_test.go:387: typed runtime time: Node=691.047618ms
    lint_test.go:387: typed runtime time: emitted JavaScript=183.478863ms
    lint_test.go:387: live Go, native, Node and emitted JavaScript replay identical: 423 bytes
    lint_test.go:387: typed runtime time: Go program and lint=162.600553ms native program, lint and recording=115.131856ms
    harness_test.go:58: ordinary comparison rejected clean-running emitted JavaScript mutant:
        === RUN   TestEmittedJavaScriptMismatch
        === PAUSE TestEmittedJavaScriptMismatch
        === CONT  TestEmittedJavaScriptMismatch
            harness_test.go:23: checker compilation phases: load=448.0157ms lower=10.315407s C=1.396119154s JavaScript=52.085758ms
            harness_test.go:23: checker native build: 8.600050535s
            harness_test.go:25: Go, Node, emitted JavaScript, native identical: 661 bytes
            harness_test.go:36: emitted JavaScript: case 0 line 7: port "planted emitted JavaScript mismatch", Go ""
                Go context:
                /tmp/adamic-gate/TestEmittedJavaScriptMismatch2606654167/001/no-var-0.ts:1:1
                  no-var  This is a `var` declaration, which is function-scoped and hoisted rather than block-scoped. The binding exists from the top of the enclosing function, so it is readable above the line that declares it and it leaks out of the block it looks like it belongs to: a `var` inside an `if` is still in scope after the `if` ends. A `var` in a loop is one binding shared by every iteration, which is why a closure created in the loop sees the final value rather than its own. Use `let`, or `const` when nothing reassigns it.

                range 0 5 unexpectedVar 			0 5
                fixed	var a;\u000a
        --- FAIL: TestEmittedJavaScriptMismatch (30.89s)
        FAIL
--- PASS: TestEmittedJavaScriptMismatch (31.07s)
=== CONT  TestMutants/parenthesized_alias_lost
    lint_test.go:387: typed runtime time: native=115.131856ms
    lint_test.go:387: typed runtime time: Node=670.308666ms
    lint_test.go:387: typed runtime time: emitted JavaScript=199.385946ms
    lint_test.go:387: live Go, native, Node and emitted JavaScript replay identical: 408 bytes
    lint_test.go:387: typed runtime time: Go program and lint=134.649168ms native program, lint and recording=143.29262ms
    lint_test.go:387: typed runtime time: native=143.29262ms
    lint_test.go:387: typed runtime time: Node=741.679412ms
    lint_test.go:387: typed runtime time: emitted JavaScript=87.38885ms
    lint_test.go:387: live Go, native, Node and emitted JavaScript replay identical: 705 bytes
    lint_test.go:387: typed runtime time: Go program and lint=98.053783ms native program, lint and recording=98.934958ms
    lint_test.go:387: typed runtime time: native=98.934958ms
    lint_test.go:387: typed runtime time: Node=636.530951ms
    lint_test.go:387: typed runtime time: emitted JavaScript=109.042709ms
    lint_test.go:387: live Go, native, Node and emitted JavaScript replay identical: 698 bytes
    lint_test.go:387: typed runtime time: Go program and lint=95.628405ms native program, lint and recording=176.082476ms
    lint_test.go:387: typed runtime time: native=176.082476ms
    lint_test.go:387: typed runtime time: Node=531.619316ms
    lint_test.go:387: typed runtime time: emitted JavaScript=149.144712ms
    lint_test.go:387: live Go, native, Node and emitted JavaScript replay identical: 148 bytes
    lint_test.go:387: typed runtime time: Go program and lint=95.657809ms native program, lint and recording=125.900432ms
    lint_test.go:387: typed runtime time: native=125.900432ms
    lint_test.go:387: typed runtime time: Node=470.807631ms
    lint_test.go:387: typed runtime time: emitted JavaScript=108.716336ms
    lint_test.go:387: live Go, native, Node and emitted JavaScript replay identical: 436 bytes
    lint_test.go:387: typed runtime time: Go program and lint=136.83886ms native program, lint and recording=157.877123ms
    lint_test.go:387: typed runtime time: native=157.877123ms
    lint_test.go:387: typed runtime time: Node=615.627035ms
    lint_test.go:387: typed runtime time: emitted JavaScript=103.450233ms
    lint_test.go:387: live Go, native, Node and emitted JavaScript replay identical: 529 bytes
    lint_test.go:387: typed runtime time: Go program and lint=128.133767ms native program, lint and recording=119.142776ms
    lint_test.go:387: typed runtime time: native=119.142776ms
    lint_test.go:387: typed runtime time: Node=628.313442ms
    lint_test.go:387: typed runtime time: emitted JavaScript=129.566862ms
    lint_test.go:387: live Go, native, Node and emitted JavaScript replay identical: 429 bytes
    lint_test.go:387: typed runtime time: Go program and lint=136.069844ms native program, lint and recording=167.065291ms
    lint_test.go:387: typed runtime time: native=167.065291ms
    lint_test.go:387: typed runtime time: Node=531.182431ms
    lint_test.go:387: typed runtime time: emitted JavaScript=158.585123ms
    lint_test.go:387: live Go, native, Node and emitted JavaScript replay identical: 87 bytes
    lint_test.go:387: typed runtime time: Go program and lint=130.418713ms native program, lint and recording=166.521166ms
    lint_test.go:387: typed runtime time: native=166.521166ms
    lint_test.go:387: typed runtime time: Node=590.3327ms
    lint_test.go:387: typed runtime time: emitted JavaScript=114.424727ms
    lint_test.go:387: live Go, native, Node and emitted JavaScript replay identical: 510 bytes
    lint_test.go:387: typed runtime time: Go program and lint=112.745058ms native program, lint and recording=128.994333ms
    lint_test.go:387: typed runtime time: native=128.994333ms
    lint_test.go:387: typed runtime time: Node=492.72332ms
    lint_test.go:387: typed runtime time: emitted JavaScript=115.05463ms
    lint_test.go:387: live Go, native, Node and emitted JavaScript replay identical: 219 bytes
    lint_test.go:387: typed runtime time: Go program and lint=123.326775ms native program, lint and recording=222.901471ms
    lint_test.go:387: typed runtime time: native=222.901471ms
    lint_test.go:387: typed runtime time: Node=544.653405ms
    lint_test.go:387: typed runtime time: emitted JavaScript=86.147292ms
    lint_test.go:387: live Go, native, Node and emitted JavaScript replay identical: 44 bytes
    lint_test.go:387: typed runtime time: Go program and lint=151.181429ms native program, lint and recording=195.870221ms
    lint_test.go:387: typed runtime time: native=195.870221ms
    lint_test.go:387: typed runtime time: Node=559.958666ms
    lint_test.go:387: typed runtime time: emitted JavaScript=88.403384ms
    lint_test.go:387: live Go, native, Node and emitted JavaScript replay identical: 48 bytes
    lint_test.go:1000: checker compilation phases: load=421.794194ms lower=11.517504824s C=933.630441ms JavaScript=71.68872ms
    lint_test.go:1000: checker compilation phases: load=270.216477ms lower=11.224296337s C=1.094326929s JavaScript=72.378373ms
    lint_test.go:1006: debugger fix suppressed caught on Node: case 3 line 47: port "range 0 9 unexpectedDebugger \t\t\t0 9", Go "range 0 9 unexpectedDebugger fix\t\t\t0 9"
        Go context:
        skipped @typescript-eslint/no-unnecessary-boolean-literal-compare no program
        skipped @typescript-eslint/prefer-find no program
        /tmp/adamic-gate/TestMutantsdebugger_fix_suppressed3456575370/004/generated-0.ts:1:1
          no-debugger  A debugger statement stops execution when devtools are open and does nothing otherwise, so it is a breakpoint written into the source. Shipped, it halts the page for anyone with devtools open and is invisible to everyone else, which is the worst pairing of symptoms for reproducing a report. Set the breakpoint in the debugger instead.

        range 0 9 unexpectedDebugger fix			0 9
        /tmp/adamic-gate/TestMutantsdebugger_fix_suppressed3456575370/004/generated-0.ts:1:17
          no-debugger  A debugger statement stops execution when devtools are open and does nothing otherwise, so it is a breakpoint written into the source. Shipped, it halts the page for anyone with devtools open and is invisible to everyone else, which is the worst pairing of symptoms for reproducing a report. Set the breakpoint in the debugger instead.

        range 16 25 unexpectedDebugger 			16 25
    lint_test.go:1006: debugger fix suppressed caught on emitted JavaScript: case 3 line 47: port "range 0 9 unexpectedDebugger \t\t\t0 9", Go "range 0 9 unexpectedDebugger fix\t\t\t0 9"
        Go context:
        skipped @typescript-eslint/no-unnecessary-boolean-literal-compare no program
        skipped @typescript-eslint/prefer-find no program
        /tmp/adamic-gate/TestMutantsdebugger_fix_suppressed3456575370/004/generated-0.ts:1:1
          no-debugger  A debugger statement stops execution when devtools are open and does nothing otherwise, so it is a breakpoint written into the source. Shipped, it halts the page for anyone with devtools open and is invisible to everyone else, which is the worst pairing of symptoms for reproducing a report. Set the breakpoint in the debugger instead.

        range 0 9 unexpectedDebugger fix			0 9
        /tmp/adamic-gate/TestMutantsdebugger_fix_suppressed3456575370/004/generated-0.ts:1:17
          no-debugger  A debugger statement stops execution when devtools are open and does nothing otherwise, so it is a breakpoint written into the source. Shipped, it halts the page for anyone with devtools open and is invisible to everyone else, which is the worst pairing of symptoms for reproducing a report. Set the breakpoint in the debugger instead.

        range 16 25 unexpectedDebugger 			16 25
--- PASS: TestMutants/debugger_fix_suppressed (14.95s)
=== CONT  TestMutants/nexus-stuttering-name-equality
    lint_test.go:1006: parenthesized alias lost caught on Node: case 88 line 4604: port "fixed\tconst self = this;\\u000a(self) = this;\\u000a", Go "/tmp/adamic-gate/TestMutantsparenthesized_alias_lost1747310596/019/typescript-no-this-alias-0.ts:2:2"
        Go context:
        case 88
        /tmp/adamic-gate/TestMutantsparenthesized_alias_lost1747310596/019/typescript-no-this-alias-0.ts:1:7
          @typescript-eslint/no-this-alias  This binding holds `this` under another name. The alias exists to carry the receiver into a nested `function`, which rebinds `this` to something else, and an arrow function closes over `this` directly and needs no carrier. Every later reader now has to establish which of the two names is the real receiver and whether they are still the same object. Use an arrow function and write `this`.

        range 6 10 thisAssignment 			6 10
        /tmp/adamic-gate/TestMutantsparenthesized_alias_lost1747310596/019/typescript-no-this-alias-0.ts:2:2
          @typescript-eslint/no-this-alias  This binding holds `this` under another name. The alias exists to carry the receiver into a nested `function`, which rebinds `this` to something else, and an arrow function closes over `this` directly and needs no carrier. Every later reader now has to establish which of the two names is the real receiver and whether they are still the same object. Use an arrow function and write `this`.

        range 20 24 thisAssignment 			20 24
        fixed	const self = this;\u000a(self) = this;\u000a
    lint_test.go:1006: parenthesized alias lost caught on emitted JavaScript: case 88 line 4604: port "fixed\tconst self = this;\\u000a(self) = this;\\u000a", Go "/tmp/adamic-gate/TestMutantsparenthesized_alias_lost1747310596/019/typescript-no-this-alias-0.ts:2:2"
        Go context:
        case 88
        /tmp/adamic-gate/TestMutantsparenthesized_alias_lost1747310596/019/typescript-no-this-alias-0.ts:1:7
          @typescript-eslint/no-this-alias  This binding holds `this` under another name. The alias exists to carry the receiver into a nested `function`, which rebinds `this` to something else, and an arrow function closes over `this` directly and needs no carrier. Every later reader now has to establish which of the two names is the real receiver and whether they are still the same object. Use an arrow function and write `this`.

        range 6 10 thisAssignment 			6 10
        /tmp/adamic-gate/TestMutantsparenthesized_alias_lost1747310596/019/typescript-no-this-alias-0.ts:2:2
          @typescript-eslint/no-this-alias  This binding holds `this` under another name. The alias exists to carry the receiver into a nested `function`, which rebinds `this` to something else, and an arrow function closes over `this` directly and needs no carrier. Every later reader now has to establish which of the two names is the real receiver and whether they are still the same object. Use an arrow function and write `this`.

        range 20 24 thisAssignment 			20 24
        fixed	const self = this;\u000a(self) = this;\u000a
--- PASS: TestMutants/parenthesized_alias_lost (14.66s)
=== CONT  TestMutants/interface_accepts_type_suffix
    lint_test.go:1000: checker compilation phases: load=358.821103ms lower=11.027258034s C=1.213787586s JavaScript=87.44149ms
    lint_test.go:1000: checker compilation phases: load=549.299987ms lower=11.593747442s C=1.302903202s JavaScript=38.405286ms
    lint_test.go:1006: interface accepts type suffix caught on Node: case 87 line 4502: port "/tmp/adamic-gate/TestMutantsinterface_accepts_type_suffix3182604685/018/options.ts:1:75", Go "/tmp/adamic-gate/TestMutantsinterface_accepts_type_suffix3182604685/018/options.ts:1:41"
        Go context:
        skipped @typescript-eslint/prefer-find no program
        /tmp/adamic-gate/TestMutantsinterface_accepts_type_suffix3182604685/018/options.ts:1:11
          nexus/consistency-require-type-suffix  Interface "Bare" should end in "Interface", "Properties", or "Options". Rename to "BareInterface", "BareProperties" if it shapes React component props, or "BareOptions" if it is an options or config bag.

        range 10 14 noInterfaceSuffix 			10 14
        /tmp/adamic-gate/TestMutantsinterface_accepts_type_suffix3182604685/018/options.ts:1:41
          nexus/consistency-require-type-suffix  Interface "WrongType" should end in "Interface", "Properties", or "Options". Rename to "WrongTypeInterface", "WrongTypeProperties" if it shapes React component props, or "WrongTypeOptions" if it is an options or config bag.

        range 40 49 noInterfaceSuffix 			40 49
        /tmp/adamic-gate/TestMutantsinterface_accepts_type_suffix3182604685/018/options.ts:1:75
    lint_test.go:1006: interface accepts type suffix caught on emitted JavaScript: case 87 line 4502: port "/tmp/adamic-gate/TestMutantsinterface_accepts_type_suffix3182604685/018/options.ts:1:75", Go "/tmp/adamic-gate/TestMutantsinterface_accepts_type_suffix3182604685/018/options.ts:1:41"
        Go context:
        skipped @typescript-eslint/prefer-find no program
        /tmp/adamic-gate/TestMutantsinterface_accepts_type_suffix3182604685/018/options.ts:1:11
          nexus/consistency-require-type-suffix  Interface "Bare" should end in "Interface", "Properties", or "Options". Rename to "BareInterface", "BareProperties" if it shapes React component props, or "BareOptions" if it is an options or config bag.

        range 10 14 noInterfaceSuffix 			10 14
        /tmp/adamic-gate/TestMutantsinterface_accepts_type_suffix3182604685/018/options.ts:1:41
          nexus/consistency-require-type-suffix  Interface "WrongType" should end in "Interface", "Properties", or "Options". Rename to "WrongTypeInterface", "WrongTypeProperties" if it shapes React component props, or "WrongTypeOptions" if it is an options or config bag.

        range 40 49 noInterfaceSuffix 			40 49
        /tmp/adamic-gate/TestMutantsinterface_accepts_type_suffix3182604685/018/options.ts:1:75
--- PASS: TestMutants/interface_accepts_type_suffix (14.93s)
=== CONT  TestMutants/directive_prefix_ignored
    lint_test.go:395: Go, Node, emitted JavaScript, native identical: 14233717 bytes
--- PASS: TestRulesAgree (309.92s)
=== CONT  TestMutants/bom_removes_two_marks
    lint_test.go:1006: nexus-stuttering-name-equality caught on Node: case 88 line 4608: port "/tmp/adamic-gate/TestMutantsnexus-stuttering-name-equality3935655020/019/nexus-consistency-no-stuttering-name-0.ts:4:33", Go "fixed\t/* \\u4e16\\u754c \\ud83c\\udf0d */\\u000aexport const repeated = result.result;\\u000aexport const optional = outcome?.outcome;\\u000aexport const different = result.value;\\u000aexport const computed = result['result'];\\u000aexport const nested = outcome.status.code;\\u000aexport const parenthesized = (result).result;\\u000a"
        Go context:
        range 49 55 stutteringName 			49 55
        /tmp/adamic-gate/TestMutantsnexus-stuttering-name-equality3935655020/019/nexus-consistency-no-stuttering-name-0.ts:3:34
          nexus/consistency-no-stuttering-name  "outcome.outcome" stutters, which means the name is carrying nothing: it repeats the field instead of saying which outcome this is. Rename the value for what it holds, the type it came back as or whatever distinguishes it from another outcome in this scope, so a reader forty lines down does not have to find the declaration.

        range 90 97 stutteringName 			90 97
        fixed	/* \u4e16\u754c \ud83c\udf0d */\u000aexport const repeated = result.result;\u000aexport const optional = outcome?.outcome;\u000aexport const different = result.value;\u000aexport const computed = result['result'];\u000aexport const nested = outcome.status.code;\u000aexport const parenthesized = (result).result;\u000a
    lint_test.go:1006: nexus-stuttering-name-equality caught on emitted JavaScript: case 88 line 4608: port "/tmp/adamic-gate/TestMutantsnexus-stuttering-name-equality3935655020/019/nexus-consistency-no-stuttering-name-0.ts:4:33", Go "fixed\t/* \\u4e16\\u754c \\ud83c\\udf0d */\\u000aexport const repeated = result.result;\\u000aexport const optional = outcome?.outcome;\\u000aexport const different = result.value;\\u000aexport const computed = result['result'];\\u000aexport const nested = outcome.status.code;\\u000aexport const parenthesized = (result).result;\\u000a"
        Go context:
        range 49 55 stutteringName 			49 55
        /tmp/adamic-gate/TestMutantsnexus-stuttering-name-equality3935655020/019/nexus-consistency-no-stuttering-name-0.ts:3:34
          nexus/consistency-no-stuttering-name  "outcome.outcome" stutters, which means the name is carrying nothing: it repeats the field instead of saying which outcome this is. Rename the value for what it holds, the type it came back as or whatever distinguishes it from another outcome in this scope, so a reader forty lines down does not have to find the declaration.

        range 90 97 stutteringName 			90 97
        fixed	/* \u4e16\u754c \ud83c\udf0d */\u000aexport const repeated = result.result;\u000aexport const optional = outcome?.outcome;\u000aexport const different = result.value;\u000aexport const computed = result['result'];\u000aexport const nested = outcome.status.code;\u000aexport const parenthesized = (result).result;\u000a
--- PASS: TestMutants/nexus-stuttering-name-equality (15.52s)
=== CONT  TestMutants/bare-fetch-omitted
    lint_test.go:1000: checker compilation phases: load=358.776191ms lower=10.038464523s C=783.107939ms JavaScript=30.001034ms
    lint_test.go:1000: checker compilation phases: load=482.560376ms lower=10.250721838s C=818.833037ms JavaScript=40.782655ms
    lint_test.go:1000: checker compilation phases: load=278.345075ms lower=10.222568472s C=792.59871ms JavaScript=29.245685ms
    lint_test.go:1006: directive prefix ignored caught on Node: case 45 line 2158: port "/tmp/adamic-gate/TestMutantsdirective_prefix_ignored83190293/011/generated-7.ts:1:192", Go "/tmp/adamic-gate/TestMutantsdirective_prefix_ignored83190293/011/generated-7.ts:1:201"
        Go context:
        range 173 174 noSingleLetter 			173 174
        /tmp/adamic-gate/TestMutantsdirective_prefix_ignored83190293/011/generated-7.ts:1:192
          no-var  This is a `var` declaration, which is function-scoped and hoisted rather than block-scoped. The binding exists from the top of the enclosing function, so it is readable above the line that declares it and it leaks out of the block it looks like it belongs to: a `var` inside an `if` is still in scope after the `if` ends. A `var` in a loop is one binding shared by every iteration, which is why a closure created in the loop sees the final value rather than its own. Use `let`, or `const` when nothing reassigns it.

        range 191 198 unexpectedVar 			191 198
        /tmp/adamic-gate/TestMutantsdirective_prefix_ignored83190293/011/generated-7.ts:1:201
          nexus/consistency-no-ambiguous-identifier  Single-letter identifier "f" is not descriptive enough. The name is read everywhere it is used and declared only once, so the saving is at the declaration and the cost is at every call site.

        range 200 201 noSingleLetter 			200 201
        /tmp/adamic-gate/TestMutantsdirective_prefix_ignored83190293/011/generated-7.ts:1:206
    lint_test.go:1006: directive prefix ignored caught on emitted JavaScript: case 45 line 2158: port "/tmp/adamic-gate/TestMutantsdirective_prefix_ignored83190293/011/generated-7.ts:1:192", Go "/tmp/adamic-gate/TestMutantsdirective_prefix_ignored83190293/011/generated-7.ts:1:201"
        Go context:
        range 173 174 noSingleLetter 			173 174
        /tmp/adamic-gate/TestMutantsdirective_prefix_ignored83190293/011/generated-7.ts:1:192
          no-var  This is a `var` declaration, which is function-scoped and hoisted rather than block-scoped. The binding exists from the top of the enclosing function, so it is readable above the line that declares it and it leaks out of the block it looks like it belongs to: a `var` inside an `if` is still in scope after the `if` ends. A `var` in a loop is one binding shared by every iteration, which is why a closure created in the loop sees the final value rather than its own. Use `let`, or `const` when nothing reassigns it.

        range 191 198 unexpectedVar 			191 198
        /tmp/adamic-gate/TestMutantsdirective_prefix_ignored83190293/011/generated-7.ts:1:201
          nexus/consistency-no-ambiguous-identifier  Single-letter identifier "f" is not descriptive enough. The name is read everywhere it is used and declared only once, so the saving is at the declaration and the cost is at every call site.

        range 200 201 noSingleLetter 			200 201
        /tmp/adamic-gate/TestMutantsdirective_prefix_ignored83190293/011/generated-7.ts:1:206
--- PASS: TestMutants/directive_prefix_ignored (13.67s)
=== CONT  TestMutants/nested_generator_owns_outer_yield
    lint_test.go:1006: bare-fetch-omitted caught on Node: case 88 line 4600: port "/tmp/adamic-gate/TestMutantsbare-fetch-omitted1503750861/019/structure-network-no-direct-fetch-0.ts:1:18", Go "/tmp/adamic-gate/TestMutantsbare-fetch-omitted1503750861/019/structure-network-no-direct-fetch-0.ts:1:1"
        Go context:
          no-return-assign  This return statement assigns rather than returns a value it already has, so it does two things at once and the assignment is the one the reader is likeliest to miss. It is usually a `==` typed as `=`, and where it is deliberate it reads as a value being returned rather than as a write happening on the way out. Assign on its own line and return the variable, or wrap the assignment in its own parentheses to say the write was meant.

        range 643 661 returnAssignment 			643 661
        fixed	interface Bare { n: number }; interface WrongType { value: number }; type Alias = string; const Choice={Yes:'Yes'} as const; function guard(x: unknown): x is string { return true; } console.log('one'); console['warn']('two'); let count=0; count++; for(let i=0;i<3;i++){count++;} interface CallableType { method: (value: string) => number; readonly property: (value: string) => number; } enum Direction { Left=1, Right=Left|2, Other=compute() } let boxed: number; class Thing implements Boolean {} if(!flag){doOne();}else{doTwo();} const chosen=!flag?left:right; const assigning=()=>left=right; const wrapped=()=>(left=right); function returning(){return left=right;}\u000a
        case 88
        /tmp/adamic-gate/TestMutantsbare-fetch-omitted1503750861/019/structure-network-no-direct-fetch-0.ts:1:1
          structure/network-no-direct-fetch  This calls `fetch` directly. Every network request goes through NetworkService instead, which is where retries, timeouts, error shaping, authentication headers and cache invalidation live. A direct call gets none of them and fails differently from every other request in the application, which is the kind of inconsistency that only shows up under a flaky connection. NetworkService.ts itself is exempt, since it is the one place the raw primitive is allowed.

        range 0 15 noDirectFetch 			0 15
        /tmp/adamic-gate/TestMutantsbare-fetch-omitted1503750861/019/structure-network-no-direct-fetch-0.ts:1:18
    lint_test.go:1006: bare-fetch-omitted caught on emitted JavaScript: case 88 line 4600: port "/tmp/adamic-gate/TestMutantsbare-fetch-omitted1503750861/019/structure-network-no-direct-fetch-0.ts:1:18", Go "/tmp/adamic-gate/TestMutantsbare-fetch-omitted1503750861/019/structure-network-no-direct-fetch-0.ts:1:1"
        Go context:
          no-return-assign  This return statement assigns rather than returns a value it already has, so it does two things at once and the assignment is the one the reader is likeliest to miss. It is usually a `==` typed as `=`, and where it is deliberate it reads as a value being returned rather than as a write happening on the way out. Assign on its own line and return the variable, or wrap the assignment in its own parentheses to say the write was meant.

        range 643 661 returnAssignment 			643 661
        fixed	interface Bare { n: number }; interface WrongType { value: number }; type Alias = string; const Choice={Yes:'Yes'} as const; function guard(x: unknown): x is string { return true; } console.log('one'); console['warn']('two'); let count=0; count++; for(let i=0;i<3;i++){count++;} interface CallableType { method: (value: string) => number; readonly property: (value: string) => number; } enum Direction { Left=1, Right=Left|2, Other=compute() } let boxed: number; class Thing implements Boolean {} if(!flag){doOne();}else{doTwo();} const chosen=!flag?left:right; const assigning=()=>left=right; const wrapped=()=>(left=right); function returning(){return left=right;}\u000a
        case 88
        /tmp/adamic-gate/TestMutantsbare-fetch-omitted1503750861/019/structure-network-no-direct-fetch-0.ts:1:1
          structure/network-no-direct-fetch  This calls `fetch` directly. Every network request goes through NetworkService instead, which is where retries, timeouts, error shaping, authentication headers and cache invalidation live. A direct call gets none of them and fails differently from every other request in the application, which is the kind of inconsistency that only shows up under a flaky connection. NetworkService.ts itself is exempt, since it is the one place the raw primitive is allowed.

        range 0 15 noDirectFetch 			0 15
        /tmp/adamic-gate/TestMutantsbare-fetch-omitted1503750861/019/structure-network-no-direct-fetch-0.ts:1:18
--- PASS: TestMutants/bare-fetch-omitted (13.53s)
=== CONT  TestMutants/accept-plain-classes
    lint_test.go:1006: bom removes two marks caught on Node: case 69 line 4187: port "range 0 0 unexpected fix\t\t\t0 6", Go "range 0 0 unexpected fix\t\t\t0 3"
        Go context:
        skipped @typescript-eslint/no-unnecessary-boolean-literal-compare no program
        skipped @typescript-eslint/prefer-find no program
        /tmp/adamic-gate/TestMutantsbom_removes_two_marks1087601631/015/generated-11.ts:1:1
          unicode-bom  This file starts with a byte order mark. In a project that is already UTF-8 everywhere the mark carries no information and is invisible in an editor, while tools that read the first bytes literally see it: a shell script stops being executable, a concatenated bundle gains a stray character mid-file, and a diff shows a change on a line nobody edited.

        range 0 0 unexpected fix			0 3
        fixed	 // TODO two marks\u000aconst x=1;
        case 70
        skipped @typescript-eslint/no-redundant-type-constituents no program
        skipped @typescript-eslint/no-unnecessary-boolean-literal-compare no program
    lint_test.go:1006: bom removes two marks caught on emitted JavaScript: case 69 line 4187: port "range 0 0 unexpected fix\t\t\t0 6", Go "range 0 0 unexpected fix\t\t\t0 3"
        Go context:
        skipped @typescript-eslint/no-unnecessary-boolean-literal-compare no program
        skipped @typescript-eslint/prefer-find no program
        /tmp/adamic-gate/TestMutantsbom_removes_two_marks1087601631/015/generated-11.ts:1:1
          unicode-bom  This file starts with a byte order mark. In a project that is already UTF-8 everywhere the mark carries no information and is invisible in an editor, while tools that read the first bytes literally see it: a shell script stops being executable, a concatenated bundle gains a stray character mid-file, and a diff shows a change on a line nobody edited.

        range 0 0 unexpected fix			0 3
        fixed	 // TODO two marks\u000aconst x=1;
        case 70
        skipped @typescript-eslint/no-redundant-type-constituents no program
        skipped @typescript-eslint/no-unnecessary-boolean-literal-compare no program
--- PASS: TestMutants/bom_removes_two_marks (13.73s)
=== CONT  TestMutants/require-optimization-accept-class-field
    lint_test.go:1000: checker compilation phases: load=285.938007ms lower=10.433365315s C=871.153143ms JavaScript=54.123433ms
    lint_test.go:1000: checker compilation phases: load=275.206009ms lower=10.366706147s C=892.282623ms JavaScript=48.210783ms
    lint_test.go:1000: checker compilation phases: load=372.405262ms lower=10.671612498s C=987.775095ms JavaScript=110.38668ms
    lint_test.go:1006: accept-plain-classes caught on Node: case 88 line 4608: port "/tmp/adamic-gate/TestMutantsaccept-plain-classes3425725744/019/react-state-in-constructor-0.ts:3:15", Go "fixed\tclass C extends React.Component { state = {}; }\\u000aclass P extends (React.PureComponent) { #state = {}; }\\u000aclass Plain { state = {}; }\\u000a"
        Go context:
        range 34 45 stateInitConstructor 			34 45
        /tmp/adamic-gate/TestMutantsaccept-plain-classes3425725744/019/react-state-in-constructor-0.ts:2:41
          react/state-in-constructor  This component declares `state` as a class property while the configuration asks for state to be set up in the constructor. Both styles work; what costs the reader is a codebase that uses each in about half its components, because then finding where a component's initial state comes from means checking two places instead of one. Move the initial value into `this.state = ...` in the constructor.

        range 88 100 stateInitConstructor 			88 100
        fixed	class C extends React.Component { state = {}; }\u000aclass P extends (React.PureComponent) { #state = {}; }\u000aclass Plain { state = {}; }\u000a
        case 89
        /tmp/adamic-gate/TestMutantsaccept-plain-classes3425725744/020/react-state-in-constructor-1.ts:1:62
          react/state-in-constructor  This component assigns `this.state` in its constructor while the configuration asks for state to be declared as a class property. Both styles work; what costs the reader is a codebase that uses each in about half its components, because then finding where a component's initial state comes from means checking two places instead of one. Declare `state = ...` as a class property instead.
    lint_test.go:1006: accept-plain-classes caught on emitted JavaScript: case 88 line 4608: port "/tmp/adamic-gate/TestMutantsaccept-plain-classes3425725744/019/react-state-in-constructor-0.ts:3:15", Go "fixed\tclass C extends React.Component { state = {}; }\\u000aclass P extends (React.PureComponent) { #state = {}; }\\u000aclass Plain { state = {}; }\\u000a"
        Go context:
        range 34 45 stateInitConstructor 			34 45
        /tmp/adamic-gate/TestMutantsaccept-plain-classes3425725744/019/react-state-in-constructor-0.ts:2:41
          react/state-in-constructor  This component declares `state` as a class property while the configuration asks for state to be set up in the constructor. Both styles work; what costs the reader is a codebase that uses each in about half its components, because then finding where a component's initial state comes from means checking two places instead of one. Move the initial value into `this.state = ...` in the constructor.

        range 88 100 stateInitConstructor 			88 100
        fixed	class C extends React.Component { state = {}; }\u000aclass P extends (React.PureComponent) { #state = {}; }\u000aclass Plain { state = {}; }\u000a
        case 89
        /tmp/adamic-gate/TestMutantsaccept-plain-classes3425725744/020/react-state-in-constructor-1.ts:1:62
          react/state-in-constructor  This component assigns `this.state` in its constructor while the configuration asks for state to be declared as a class property. Both styles work; what costs the reader is a codebase that uses each in about half its components, because then finding where a component's initial state comes from means checking two places instead of one. Declare `state = ...` as a class property instead.
--- PASS: TestMutants/accept-plain-classes (13.65s)
=== CONT  TestMutants/string-refs-accept-string-attribute
    lint_test.go:1006: require-optimization-accept-class-field caught on Node: case 88 line 4604: port "/tmp/adamic-gate/TestMutantsrequire-optimization-accept-class-field3334317323/019/react-require-optimization-0.ts:5:1", Go "/tmp/adamic-gate/TestMutantsrequire-optimization-accept-class-field3334317323/019/react-require-optimization-0.ts:3:1"
        Go context:
        case 88
        /tmp/adamic-gate/TestMutantsrequire-optimization-accept-class-field3334317323/019/react-require-optimization-0.ts:1:8
          react/require-optimization  This class component re-renders whenever its parent does, even when nothing it displays has changed. React cannot know that on its own, so the component has to say so: add a `shouldComponentUpdate` method, or extend `React.PureComponent`, which compares props and state shallowly for you.

        range 7 47 noShouldComponentUpdate 			7 47
        /tmp/adamic-gate/TestMutantsrequire-optimization-accept-class-field3334317323/019/react-require-optimization-0.ts:3:1
          react/require-optimization  This class component re-renders whenever its parent does, even when nothing it displays has changed. React cannot know that on its own, so the component has to say so: add a `shouldComponentUpdate` method, or extend `React.PureComponent`, which compares props and state shallowly for you.

        range 119 194 noShouldComponentUpdate 			119 194
        /tmp/adamic-gate/TestMutantsrequire-optimization-accept-class-field3334317323/019/react-require-optimization-0.ts:5:1
    lint_test.go:1006: require-optimization-accept-class-field caught on emitted JavaScript: case 88 line 4604: port "/tmp/adamic-gate/TestMutantsrequire-optimization-accept-class-field3334317323/019/react-require-optimization-0.ts:5:1", Go "/tmp/adamic-gate/TestMutantsrequire-optimization-accept-class-field3334317323/019/react-require-optimization-0.ts:3:1"
        Go context:
        case 88
        /tmp/adamic-gate/TestMutantsrequire-optimization-accept-class-field3334317323/019/react-require-optimization-0.ts:1:8
          react/require-optimization  This class component re-renders whenever its parent does, even when nothing it displays has changed. React cannot know that on its own, so the component has to say so: add a `shouldComponentUpdate` method, or extend `React.PureComponent`, which compares props and state shallowly for you.

        range 7 47 noShouldComponentUpdate 			7 47
        /tmp/adamic-gate/TestMutantsrequire-optimization-accept-class-field3334317323/019/react-require-optimization-0.ts:3:1
          react/require-optimization  This class component re-renders whenever its parent does, even when nothing it displays has changed. React cannot know that on its own, so the component has to say so: add a `shouldComponentUpdate` method, or extend `React.PureComponent`, which compares props and state shallowly for you.

        range 119 194 noShouldComponentUpdate 			119 194
        /tmp/adamic-gate/TestMutantsrequire-optimization-accept-class-field3334317323/019/react-require-optimization-0.ts:5:1
--- PASS: TestMutants/require-optimization-accept-class-field (13.71s)
=== CONT  TestMutants/empty-string-is-whitespace
    lint_test.go:1006: nested generator owns outer yield caught on Node: case 39 line 1768: port "/tmp/adamic-gate/TestMutantsnested_generator_owns_outer_yield3577869990/010/generated-6.ts:1:246", Go "/tmp/adamic-gate/TestMutantsnested_generator_owns_outer_yield3577869990/010/generated-6.ts:1:160"
        Go context:
        range 152 153 noSingleLetter 			152 153
        /tmp/adamic-gate/TestMutantsnested_generator_owns_outer_yield3577869990/010/generated-6.ts:1:156
          nexus/consistency-no-ambiguous-identifier  Single-letter identifier "b" is not descriptive enough. The name is read everywhere it is used and declared only once, so the saving is at the declaration and the cost is at every call site.

        range 155 156 noSingleLetter 			155 156
        /tmp/adamic-gate/TestMutantsnested_generator_owns_outer_yield3577869990/010/generated-6.ts:1:160
          require-yield  This generator function contains no `yield`, so calling it returns an iterator that finishes immediately with the function's return value and never produces anything. A caller writing `for(const item of generate())` gets zero iterations. Either the asterisk is left over from a refactor and the function should be a plain one, or a `yield` is missing.

        range 159 217 missingYield 			159 217
        /tmp/adamic-gate/TestMutantsnested_generator_owns_outer_yield3577869990/010/generated-6.ts:1:246
    lint_test.go:1006: nested generator owns outer yield caught on emitted JavaScript: case 39 line 1768: port "/tmp/adamic-gate/TestMutantsnested_generator_owns_outer_yield3577869990/010/generated-6.ts:1:246", Go "/tmp/adamic-gate/TestMutantsnested_generator_owns_outer_yield3577869990/010/generated-6.ts:1:160"
        Go context:
        range 152 153 noSingleLetter 			152 153
        /tmp/adamic-gate/TestMutantsnested_generator_owns_outer_yield3577869990/010/generated-6.ts:1:156
          nexus/consistency-no-ambiguous-identifier  Single-letter identifier "b" is not descriptive enough. The name is read everywhere it is used and declared only once, so the saving is at the declaration and the cost is at every call site.

        range 155 156 noSingleLetter 			155 156
        /tmp/adamic-gate/TestMutantsnested_generator_owns_outer_yield3577869990/010/generated-6.ts:1:160
          require-yield  This generator function contains no `yield`, so calling it returns an iterator that finishes immediately with the function's return value and never produces anything. A caller writing `for(const item of generate())` gets zero iterations. Either the asterisk is left over from a refactor and the function should be a plain one, or a `yield` is missing.

        range 159 217 missingYield 			159 217
        /tmp/adamic-gate/TestMutantsnested_generator_owns_outer_yield3577869990/010/generated-6.ts:1:246
--- PASS: TestMutants/nested_generator_owns_outer_yield (14.03s)
=== CONT  TestMutants/try_block_omitted
    lint_test.go:1000: checker compilation phases: load=294.501899ms lower=14.141886366s C=810.597104ms JavaScript=48.806836ms
    lint_test.go:1000: checker compilation phases: load=324.855556ms lower=14.143472357s C=848.734043ms JavaScript=33.766107ms
    lint_test.go:1000: checker compilation phases: load=352.251307ms lower=14.007463761s C=1.03564779s JavaScript=48.826219ms
    lint_test.go:1006: empty-string-is-whitespace caught on Node: case 90 line 4612: port "fixed\t<X label={''} />", Go "/tmp/adamic-gate/TestMutantsempty-string-is-whitespace1851872874/021/react-jsx-curly-brace-presence-2.tsx:1:10"
        Go context:
          react/jsx-curly-brace-presence  This literal is written as bare markup where the surrounding code wraps its literals in an expression container. Written both ways in one file, the reader has to decide each time whether the difference means something. Wrap it.

        range 12 19 MissingCurly fix	{<div />}		12 19
        fixed	<App horror={<div />} />
        case 90
        /tmp/adamic-gate/TestMutantsempty-string-is-whitespace1851872874/021/react-jsx-curly-brace-presence-2.tsx:1:10
          react/jsx-curly-brace-presence  These curly braces wrap a plain string and do nothing. A JSX expression container exists to let a value cross from JavaScript into the markup; around a literal that the markup could hold directly it is a pair of braces the reader has to look past. Write the literal on its own.

        range 9 13 UnnecessaryCurly fix	""		9 13
        fixed	<X label="" />
    lint_test.go:1006: empty-string-is-whitespace caught on emitted JavaScript: case 90 line 4612: port "fixed\t<X label={''} />", Go "/tmp/adamic-gate/TestMutantsempty-string-is-whitespace1851872874/021/react-jsx-curly-brace-presence-2.tsx:1:10"
        Go context:
          react/jsx-curly-brace-presence  This literal is written as bare markup where the surrounding code wraps its literals in an expression container. Written both ways in one file, the reader has to decide each time whether the difference means something. Wrap it.

        range 12 19 MissingCurly fix	{<div />}		12 19
        fixed	<App horror={<div />} />
        case 90
        /tmp/adamic-gate/TestMutantsempty-string-is-whitespace1851872874/021/react-jsx-curly-brace-presence-2.tsx:1:10
          react/jsx-curly-brace-presence  These curly braces wrap a plain string and do nothing. A JSX expression container exists to let a value cross from JavaScript into the markup; around a literal that the markup could hold directly it is a pair of braces the reader has to look past. Write the literal on its own.

        range 9 13 UnnecessaryCurly fix	""		9 13
        fixed	<X label="" />
--- PASS: TestMutants/empty-string-is-whitespace (17.11s)
=== CONT  TestMutants/prefer-destructuring-object-fix
    lint_test.go:1006: string-refs-accept-string-attribute caught on Node: case 88 line 4600: port "/tmp/adamic-gate/TestMutantsstring-refs-accept-string-attribute1931549327/019/react-no-string-refs-0.tsx:2:20", Go "/tmp/adamic-gate/TestMutantsstring-refs-accept-string-attribute1931549327/019/react-no-string-refs-0.tsx:1:16"
        Go context:
          no-return-assign  This return statement assigns rather than returns a value it already has, so it does two things at once and the assignment is the one the reader is likeliest to miss. It is usually a `==` typed as `=`, and where it is deliberate it reads as a value being returned rather than as a write happening on the way out. Assign on its own line and return the variable, or wrap the assignment in its own parentheses to say the write was meant.

        range 643 661 returnAssignment 			643 661
        fixed	interface Bare { n: number }; interface WrongType { value: number }; type Alias = string; const Choice={Yes:'Yes'} as const; function guard(x: unknown): x is string { return true; } console.log('one'); console['warn']('two'); let count=0; count++; for(let i=0;i<3;i++){count++;} interface CallableType { method: (value: string) => number; readonly property: (value: string) => number; } enum Direction { Left=1, Right=Left|2, Other=compute() } let boxed: number; class Thing implements Boolean {} if(!flag){doOne();}else{doTwo();} const chosen=!flag?left:right; const assigning=()=>left=right; const wrapped=()=>(left=right); function returning(){return left=right;}\u000a
        case 88
        /tmp/adamic-gate/TestMutantsstring-refs-accept-string-attribute1931549327/019/react-no-string-refs-0.tsx:1:16
          react/no-string-refs  A ref written as a string asks React to keep the node in a name-keyed registry rather than handing it to you. The name is resolved against whichever component owns the element, which breaks when the element is passed through as a child, and it cannot be typed or renamed with any confidence. React 19 removes the behavior outright. Pass a ref callback or a ref object instead.

        range 15 26 stringInRefDeprecated 			15 26
        /tmp/adamic-gate/TestMutantsstring-refs-accept-string-attribute1931549327/019/react-no-string-refs-0.tsx:2:20
    lint_test.go:1006: string-refs-accept-string-attribute caught on emitted JavaScript: case 88 line 4600: port "/tmp/adamic-gate/TestMutantsstring-refs-accept-string-attribute1931549327/019/react-no-string-refs-0.tsx:2:20", Go "/tmp/adamic-gate/TestMutantsstring-refs-accept-string-attribute1931549327/019/react-no-string-refs-0.tsx:1:16"
        Go context:
          no-return-assign  This return statement assigns rather than returns a value it already has, so it does two things at once and the assignment is the one the reader is likeliest to miss. It is usually a `==` typed as `=`, and where it is deliberate it reads as a value being returned rather than as a write happening on the way out. Assign on its own line and return the variable, or wrap the assignment in its own parentheses to say the write was meant.

        range 643 661 returnAssignment 			643 661
        fixed	interface Bare { n: number }; interface WrongType { value: number }; type Alias = string; const Choice={Yes:'Yes'} as const; function guard(x: unknown): x is string { return true; } console.log('one'); console['warn']('two'); let count=0; count++; for(let i=0;i<3;i++){count++;} interface CallableType { method: (value: string) => number; readonly property: (value: string) => number; } enum Direction { Left=1, Right=Left|2, Other=compute() } let boxed: number; class Thing implements Boolean {} if(!flag){doOne();}else{doTwo();} const chosen=!flag?left:right; const assigning=()=>left=right; const wrapped=()=>(left=right); function returning(){return left=right;}\u000a
        case 88
        /tmp/adamic-gate/TestMutantsstring-refs-accept-string-attribute1931549327/019/react-no-string-refs-0.tsx:1:16
          react/no-string-refs  A ref written as a string asks React to keep the node in a name-keyed registry rather than handing it to you. The name is resolved against whichever component owns the element, which breaks when the element is passed through as a child, and it cannot be typed or renamed with any confidence. React 19 removes the behavior outright. Pass a ref callback or a ref object instead.

        range 15 26 stringInRefDeprecated 			15 26
        /tmp/adamic-gate/TestMutantsstring-refs-accept-string-attribute1931549327/019/react-no-string-refs-0.tsx:2:20
--- PASS: TestMutants/string-refs-accept-string-attribute (17.47s)
=== CONT  TestMutants/operator-assignment-reversed-fix
    lint_test.go:1006: try block omitted caught on Node: case 88 line 4600: port "fixed\tfunction Component() { let el; try { el = <div />; } catch { return null; } return el; }\\u000a", Go "/tmp/adamic-gate/TestMutantstry_block_omitted184203545/019/react-hooks-error-boundaries-0.tsx:1:43"
        Go context:
          no-return-assign  This return statement assigns rather than returns a value it already has, so it does two things at once and the assignment is the one the reader is likeliest to miss. It is usually a `==` typed as `=`, and where it is deliberate it reads as a value being returned rather than as a write happening on the way out. Assign on its own line and return the variable, or wrap the assignment in its own parentheses to say the write was meant.

        range 643 661 returnAssignment 			643 661
        fixed	interface Bare { n: number }; interface WrongType { value: number }; type Alias = string; const Choice={Yes:'Yes'} as const; function guard(x: unknown): x is string { return true; } console.log('one'); console['warn']('two'); let count=0; count++; for(let i=0;i<3;i++){count++;} interface CallableType { method: (value: string) => number; readonly property: (value: string) => number; } enum Direction { Left=1, Right=Left|2, Other=compute() } let boxed: number; class Thing implements Boolean {} if(!flag){doOne();}else{doTwo();} const chosen=!flag?left:right; const assigning=()=>left=right; const wrapped=()=>(left=right); function returning(){return left=right;}\u000a
        case 88
        /tmp/adamic-gate/TestMutantstry_block_omitted184203545/019/react-hooks-error-boundaries-0.tsx:1:43
          react-hooks/error-boundaries  This JSX is constructed inside a try block, which does not catch what the author almost certainly means to catch. Writing JSX builds a plain description object and renders nothing, so React runs the component later, long after this try has returned. The only errors this catch can see are the rare ones thrown while building the description itself, never the rendering errors the pattern is reaching for. Move the JSX out of the try and wrap the component in an error boundary, which is the mechanism that does catch errors during rendering.

        range 42 49 jsxInTryStatement 			42 49
        fixed	function Component() { let el; try { el = <div />; } catch { return null; } return el; }\u000a
    lint_test.go:1006: try block omitted caught on emitted JavaScript: case 88 line 4600: port "fixed\tfunction Component() { let el; try { el = <div />; } catch { return null; } return el; }\\u000a", Go "/tmp/adamic-gate/TestMutantstry_block_omitted184203545/019/react-hooks-error-boundaries-0.tsx:1:43"
        Go context:
          no-return-assign  This return statement assigns rather than returns a value it already has, so it does two things at once and the assignment is the one the reader is likeliest to miss. It is usually a `==` typed as `=`, and where it is deliberate it reads as a value being returned rather than as a write happening on the way out. Assign on its own line and return the variable, or wrap the assignment in its own parentheses to say the write was meant.

        range 643 661 returnAssignment 			643 661
        fixed	interface Bare { n: number }; interface WrongType { value: number }; type Alias = string; const Choice={Yes:'Yes'} as const; function guard(x: unknown): x is string { return true; } console.log('one'); console['warn']('two'); let count=0; count++; for(let i=0;i<3;i++){count++;} interface CallableType { method: (value: string) => number; readonly property: (value: string) => number; } enum Direction { Left=1, Right=Left|2, Other=compute() } let boxed: number; class Thing implements Boolean {} if(!flag){doOne();}else{doTwo();} const chosen=!flag?left:right; const assigning=()=>left=right; const wrapped=()=>(left=right); function returning(){return left=right;}\u000a
        case 88
        /tmp/adamic-gate/TestMutantstry_block_omitted184203545/019/react-hooks-error-boundaries-0.tsx:1:43
          react-hooks/error-boundaries  This JSX is constructed inside a try block, which does not catch what the author almost certainly means to catch. Writing JSX builds a plain description object and renders nothing, so React runs the component later, long after this try has returned. The only errors this catch can see are the rare ones thrown while building the description itself, never the rendering errors the pattern is reaching for. Move the JSX out of the try and wrap the component in an error boundary, which is the mechanism that does catch errors during rendering.

        range 42 49 jsxInTryStatement 			42 49
        fixed	function Component() { let el; try { el = <div />; } catch { return null; } return el; }\u000a
--- PASS: TestMutants/try_block_omitted (17.47s)
=== CONT  TestMutants/with_statement_underlined_whole
    lint_test.go:689: checker native build: 1m35.439109182s
    lint_test.go:693: overlap winner misreported caught on Node: case 96 line 3604: port "rejected no-unneeded-ternary 14 26 all overlaps another fix", Go "rejected no-unneeded-ternary 14 26 no-unneeded-ternary overlaps another fix"
        Go context:
        range 212 225 unnecessaryConditionalExpression fix	!!(a!)		212 225
        /tmp/adamic-gate/TestLegacyMutants897521962/013/generated-9.ts:1:213
          nexus/consistency-no-ambiguous-identifier  Single-letter identifier "a" is not descriptive enough. The name is read everywhere it is used and declared only once, so the saving is at the declaration and the cost is at every call site.

        range 212 213 noSingleLetter 			212 213
        rejected no-unneeded-ternary 14 26 no-unneeded-ternary overlaps another fix
        fixed	const nested=!((!!a)); const bool=a != b; const same=f()?true:true; const coerced=!!((a + b)); const assertion=!((a as any)); const fallback=a?a:b??c; const nonnull=!!(a!);
        case 97
        skipped @typescript-eslint/no-redundant-type-constituents no program
        skipped @typescript-eslint/no-unnecessary-boolean-literal-compare no program
    lint_test.go:693: overlap winner misreported caught on emitted JavaScript: case 96 line 3604: port "rejected no-unneeded-ternary 14 26 all overlaps another fix", Go "rejected no-unneeded-ternary 14 26 no-unneeded-ternary overlaps another fix"
        Go context:
        range 212 225 unnecessaryConditionalExpression fix	!!(a!)		212 225
        /tmp/adamic-gate/TestLegacyMutants897521962/013/generated-9.ts:1:213
          nexus/consistency-no-ambiguous-identifier  Single-letter identifier "a" is not descriptive enough. The name is read everywhere it is used and declared only once, so the saving is at the declaration and the cost is at every call site.

        range 212 213 noSingleLetter 			212 213
        rejected no-unneeded-ternary 14 26 no-unneeded-ternary overlaps another fix
        fixed	const nested=!((!!a)); const bool=a != b; const same=f()?true:true; const coerced=!!((a + b)); const assertion=!((a as any)); const fallback=a?a:b??c; const nonnull=!!(a!);
        case 97
        skipped @typescript-eslint/no-redundant-type-constituents no program
        skipped @typescript-eslint/no-unnecessary-boolean-literal-compare no program
    lint_test.go:693: overlap winner misreported caught on native: case 96 line 3604: port "rejected no-unneeded-ternary 14 26 all overlaps another fix", Go "rejected no-unneeded-ternary 14 26 no-unneeded-ternary overlaps another fix"
        Go context:
        range 212 225 unnecessaryConditionalExpression fix	!!(a!)		212 225
        /tmp/adamic-gate/TestLegacyMutants897521962/013/generated-9.ts:1:213
          nexus/consistency-no-ambiguous-identifier  Single-letter identifier "a" is not descriptive enough. The name is read everywhere it is used and declared only once, so the saving is at the declaration and the cost is at every call site.

        range 212 213 noSingleLetter 			212 213
        rejected no-unneeded-ternary 14 26 no-unneeded-ternary overlaps another fix
        fixed	const nested=!((!!a)); const bool=a != b; const same=f()?true:true; const coerced=!!((a + b)); const assertion=!((a as any)); const fallback=a?a:b??c; const nonnull=!!(a!);
        case 97
        skipped @typescript-eslint/no-redundant-type-constituents no program
        skipped @typescript-eslint/no-unnecessary-boolean-literal-compare no program
--- PASS: TestLegacyMutants/overlap_winner_misreported (108.09s)
--- PASS: TestLegacyMutants (108.26s)
=== CONT  TestMutants/comment_self_directive_exemption_removed
    lint_test.go:1000: checker compilation phases: load=354.998693ms lower=9.664919198s C=1.044010257s JavaScript=64.236026ms
    lint_test.go:1006: prefer-destructuring-object-fix caught on Node: case 90 line 4615: port "range 4 20 preferDestructuring fix\t{foo} = (object)\t\t4 20", Go "range 4 20 preferDestructuring fix\t{foo} = object\t\t4 20"
        Go context:
        fixed	var {value} = array[0];\u000a
        case 90
        /tmp/adamic-gate/TestMutantsprefer-destructuring-object-fix144514945/021/prefer-destructuring-2.ts:1:5
          prefer-destructuring  Use object destructuring. Pulling one name out of an object or array by hand repeats the name on both sides, so a rename touches two places and the two can drift. Destructuring writes it once.

        range 4 20 preferDestructuring fix	{foo} = object		4 20
        fixed	var {foo} = object;\u000a
        case 91
        /tmp/adamic-gate/TestMutantsprefer-destructuring-object-fix144514945/022/prefer-destructuring-3.ts:1:5
          prefer-destructuring  Use object destructuring. Pulling one name out of an object or array by hand repeats the name on both sides, so a rename touches two places and the two can drift. Destructuring writes it once.
    lint_test.go:1006: prefer-destructuring-object-fix caught on emitted JavaScript: case 90 line 4615: port "range 4 20 preferDestructuring fix\t{foo} = (object)\t\t4 20", Go "range 4 20 preferDestructuring fix\t{foo} = object\t\t4 20"
        Go context:
        fixed	var {value} = array[0];\u000a
        case 90
        /tmp/adamic-gate/TestMutantsprefer-destructuring-object-fix144514945/021/prefer-destructuring-2.ts:1:5
          prefer-destructuring  Use object destructuring. Pulling one name out of an object or array by hand repeats the name on both sides, so a rename touches two places and the two can drift. Destructuring writes it once.

        range 4 20 preferDestructuring fix	{foo} = object		4 20
        fixed	var {foo} = object;\u000a
        case 91
        /tmp/adamic-gate/TestMutantsprefer-destructuring-object-fix144514945/022/prefer-destructuring-3.ts:1:5
          prefer-destructuring  Use object destructuring. Pulling one name out of an object or array by hand repeats the name on both sides, so a rename touches two places and the two can drift. Destructuring writes it once.
--- PASS: TestMutants/prefer-destructuring-object-fix (13.05s)
=== CONT  TestMutants/no-useless-rename-import-side
    lint_test.go:1000: checker compilation phases: load=266.593186ms lower=9.866202102s C=1.160608396s JavaScript=28.875038ms
    lint_test.go:1000: checker compilation phases: load=225.818772ms lower=9.846430164s C=1.078778234s JavaScript=56.604875ms
    lint_test.go:1006: operator-assignment-reversed-fix caught on Node: case 88 line 4607: port "range 11 20 replaced fix\tx *= x\t\t11 20", Go "range 11 20 replaced \t\t\t11 20"
        Go context:

        range 0 9 replaced fix	x += y		0 9
        /tmp/adamic-gate/TestMutantsoperator-assignment-reversed-fix1051614537/019/operator-assignment-0.ts:2:1
          operator-assignment  Assignment (=) can be replaced with operator assignment (*=). Writing the target twice makes a reader check that the two spellings match, and a later rename of one and not the other is a bug the shorthand cannot express.

        range 11 20 replaced 			11 20
        /tmp/adamic-gate/TestMutantsoperator-assignment-reversed-fix1051614537/019/operator-assignment-0.ts:3:1
          operator-assignment  Assignment (=) can be replaced with operator assignment (+=). Writing the target twice makes a reader check that the two spellings match, and a later rename of one and not the other is a bug the shorthand cannot express.

        range 22 37 replaced 			22 37
    lint_test.go:1006: operator-assignment-reversed-fix caught on emitted JavaScript: case 88 line 4607: port "range 11 20 replaced fix\tx *= x\t\t11 20", Go "range 11 20 replaced \t\t\t11 20"
        Go context:

        range 0 9 replaced fix	x += y		0 9
        /tmp/adamic-gate/TestMutantsoperator-assignment-reversed-fix1051614537/019/operator-assignment-0.ts:2:1
          operator-assignment  Assignment (=) can be replaced with operator assignment (*=). Writing the target twice makes a reader check that the two spellings match, and a later rename of one and not the other is a bug the shorthand cannot express.

        range 11 20 replaced 			11 20
        /tmp/adamic-gate/TestMutantsoperator-assignment-reversed-fix1051614537/019/operator-assignment-0.ts:3:1
          operator-assignment  Assignment (=) can be replaced with operator assignment (+=). Writing the target twice makes a reader check that the two spellings match, and a later rename of one and not the other is a bug the shorthand cannot express.

        range 22 37 replaced 			22 37
--- PASS: TestMutants/operator-assignment-reversed-fix (13.73s)
=== CONT  TestMutants/concat_substituted_template_ignored
    lint_test.go:1006: with statement underlined whole caught on Node: case 39 line 1751: port "range 93 106 noWith \t\t\t93 106", Go "range 93 97 noWith \t\t\t93 97"
        Go context:

        range 86 87 noSingleLetter 			86 87
        /tmp/adamic-gate/TestMutantswith_statement_underlined_whole2930318306/010/generated-6.ts:1:94
          no-with  A `with` block splices an object's properties into the local scope, so a bare name inside it cannot be resolved by reading the code: whether `x` means the object's property or an outer variable is decided at runtime by what the object happens to hold. That defeats the checker and every reader. Bind what you need to a name instead, as in `const { x, y } = point;`.

        range 93 97 noWith 			93 97
        /tmp/adamic-gate/TestMutantswith_statement_underlined_whole2930318306/010/generated-6.ts:1:108
          no-new  This constructs an object and then throws it away, so the only thing the line can accomplish is whatever the constructor does on the side. A constructor that works by side effect is doing a function's job under a name that promises a value, and the next reader cannot tell the discarded result from a mistake. Call a function instead, or keep the object and use it.

        range 107 115 noNewStatement 			107 115
    lint_test.go:1006: with statement underlined whole caught on emitted JavaScript: case 39 line 1751: port "range 93 106 noWith \t\t\t93 106", Go "range 93 97 noWith \t\t\t93 97"
        Go context:

        range 86 87 noSingleLetter 			86 87
        /tmp/adamic-gate/TestMutantswith_statement_underlined_whole2930318306/010/generated-6.ts:1:94
          no-with  A `with` block splices an object's properties into the local scope, so a bare name inside it cannot be resolved by reading the code: whether `x` means the object's property or an outer variable is decided at runtime by what the object happens to hold. That defeats the checker and every reader. Bind what you need to a name instead, as in `const { x, y } = point;`.

        range 93 97 noWith 			93 97
        /tmp/adamic-gate/TestMutantswith_statement_underlined_whole2930318306/010/generated-6.ts:1:108
          no-new  This constructs an object and then throws it away, so the only thing the line can accomplish is whatever the constructor does on the side. A constructor that works by side effect is doing a function's job under a name that promises a value, and the next reader cannot tell the discarded result from a mistake. Call a function instead, or keep the object and use it.

        range 107 115 noNewStatement 			107 115
--- PASS: TestMutants/with_statement_underlined_whole (13.57s)
=== CONT  TestMutants/no-useless-catch_finally_repair_range_reversed
    lint_test.go:907: 5459 rows: identical at 1, 2 and 5 shards, 34454356 bytes
--- PASS: TestShardsAgree (190.70s)
=== CONT  TestMutants/continue_target_ignored
    lint_test.go:1000: checker compilation phases: load=353.454038ms lower=12.840833601s C=857.867749ms JavaScript=55.65594ms
    lint_test.go:1006: comment self directive exemption removed caught on Node: case 107 line 4206: port "/tmp/adamic-gate/TestMutantscomment_self_directive_exemption_removed4007413784/014/generated-10.ts:2:104", Go "/tmp/adamic-gate/TestMutantscomment_self_directive_exemption_removed4007413784/014/generated-10.ts:3:1"
        Go context:
        range 96 97 noSingleLetter 			96 97
        /tmp/adamic-gate/TestMutantscomment_self_directive_exemption_removed4007413784/014/generated-10.ts:2:79
          no-warning-comments  This comment opens with `fixme`, which marks the code as knowingly unfinished: "FIXME". A warning comment is a note to a future reader that something was deferred, so it should be tracked somewhere that gets read rather than left where only the next editor of this file will find it.

        range 100 111 unexpectedComment 			100 111
        /tmp/adamic-gate/TestMutantscomment_self_directive_exemption_removed4007413784/014/generated-10.ts:3:1
          no-warning-comments  This comment opens with `todo`, which marks the code as knowingly unfinished: "TODOé and fixme". A warning comment is a note to a future reader that something was deferred, so it should be tracked somewhere that gets read rather than left where only the next editor of this file will find it.

        range 170 189 unexpectedComment 			170 189
        /tmp/adamic-gate/TestMutantscomment_self_directive_exemption_removed4007413784/014/generated-10.ts:3:1
    lint_test.go:1006: comment self directive exemption removed caught on emitted JavaScript: case 107 line 4206: port "/tmp/adamic-gate/TestMutantscomment_self_directive_exemption_removed4007413784/014/generated-10.ts:2:104", Go "/tmp/adamic-gate/TestMutantscomment_self_directive_exemption_removed4007413784/014/generated-10.ts:3:1"
        Go context:
        range 96 97 noSingleLetter 			96 97
        /tmp/adamic-gate/TestMutantscomment_self_directive_exemption_removed4007413784/014/generated-10.ts:2:79
          no-warning-comments  This comment opens with `fixme`, which marks the code as knowingly unfinished: "FIXME". A warning comment is a note to a future reader that something was deferred, so it should be tracked somewhere that gets read rather than left where only the next editor of this file will find it.

        range 100 111 unexpectedComment 			100 111
        /tmp/adamic-gate/TestMutantscomment_self_directive_exemption_removed4007413784/014/generated-10.ts:3:1
          no-warning-comments  This comment opens with `todo`, which marks the code as knowingly unfinished: "TODOé and fixme". A warning comment is a note to a future reader that something was deferred, so it should be tracked somewhere that gets read rather than left where only the next editor of this file will find it.

        range 170 189 unexpectedComment 			170 189
        /tmp/adamic-gate/TestMutantscomment_self_directive_exemption_removed4007413784/014/generated-10.ts:3:1
--- PASS: TestMutants/comment_self_directive_exemption_removed (15.91s)
=== CONT  TestMutants/and-left-undefined-ignored
    lint_test.go:1000: checker compilation phases: load=288.845549ms lower=11.450968102s C=891.733656ms JavaScript=29.329175ms
    lint_test.go:1000: checker compilation phases: load=396.521401ms lower=12.750654776s C=883.448018ms JavaScript=67.600335ms
    lint_test.go:1006: concat substituted template ignored caught on Node: case 88 line 4600: port "/tmp/adamic-gate/TestMutantsconcat_substituted_template_ignored1245897308/019/no-useless-concat-0.ts:2:27", Go "/tmp/adamic-gate/TestMutantsconcat_substituted_template_ignored1245897308/019/no-useless-concat-0.ts:1:28"
        Go context:
          no-return-assign  This return statement assigns rather than returns a value it already has, so it does two things at once and the assignment is the one the reader is likeliest to miss. It is usually a `==` typed as `=`, and where it is deliberate it reads as a value being returned rather than as a write happening on the way out. Assign on its own line and return the variable, or wrap the assignment in its own parentheses to say the write was meant.

        range 643 661 returnAssignment 			643 661
        fixed	interface Bare { n: number }; interface WrongType { value: number }; type Alias = string; const Choice={Yes:'Yes'} as const; function guard(x: unknown): x is string { return true; } console.log('one'); console['warn']('two'); let count=0; count++; for(let i=0;i<3;i++){count++;} interface CallableType { method: (value: string) => number; readonly property: (value: string) => number; } enum Direction { Left=1, Right=Left|2, Other=compute() } let boxed: number; class Thing implements Boolean {} if(!flag){doOne();}else{doTwo();} const chosen=!flag?left:right; const assigning=()=>left=right; const wrapped=()=>(left=right); function returning(){return left=right;}\u000a
        case 88
        /tmp/adamic-gate/TestMutantsconcat_substituted_template_ignored1245897308/019/no-useless-concat-0.ts:1:28
          no-useless-concat  These two literals are joined at runtime where the source could have written one literal. Nothing is computed between them, so the concatenation only adds an operator for a reader to follow and a chance for the two halves to drift apart.

        range 27 28 unexpectedConcat 			27 28
        /tmp/adamic-gate/TestMutantsconcat_substituted_template_ignored1245897308/019/no-useless-concat-0.ts:2:27
    lint_test.go:1006: concat substituted template ignored caught on emitted JavaScript: case 88 line 4600: port "/tmp/adamic-gate/TestMutantsconcat_substituted_template_ignored1245897308/019/no-useless-concat-0.ts:2:27", Go "/tmp/adamic-gate/TestMutantsconcat_substituted_template_ignored1245897308/019/no-useless-concat-0.ts:1:28"
        Go context:
          no-return-assign  This return statement assigns rather than returns a value it already has, so it does two things at once and the assignment is the one the reader is likeliest to miss. It is usually a `==` typed as `=`, and where it is deliberate it reads as a value being returned rather than as a write happening on the way out. Assign on its own line and return the variable, or wrap the assignment in its own parentheses to say the write was meant.

        range 643 661 returnAssignment 			643 661
        fixed	interface Bare { n: number }; interface WrongType { value: number }; type Alias = string; const Choice={Yes:'Yes'} as const; function guard(x: unknown): x is string { return true; } console.log('one'); console['warn']('two'); let count=0; count++; for(let i=0;i<3;i++){count++;} interface CallableType { method: (value: string) => number; readonly property: (value: string) => number; } enum Direction { Left=1, Right=Left|2, Other=compute() } let boxed: number; class Thing implements Boolean {} if(!flag){doOne();}else{doTwo();} const chosen=!flag?left:right; const assigning=()=>left=right; const wrapped=()=>(left=right); function returning(){return left=right;}\u000a
        case 88
        /tmp/adamic-gate/TestMutantsconcat_substituted_template_ignored1245897308/019/no-useless-concat-0.ts:1:28
          no-useless-concat  These two literals are joined at runtime where the source could have written one literal. Nothing is computed between them, so the concatenation only adds an operator for a reader to follow and a chance for the two halves to drift apart.

        range 27 28 unexpectedConcat 			27 28
        /tmp/adamic-gate/TestMutantsconcat_substituted_template_ignored1245897308/019/no-useless-concat-0.ts:2:27
--- PASS: TestMutants/concat_substituted_template_ignored (14.67s)
=== CONT  TestMutants/ordering-relations-ignored
    lint_test.go:1000: checker compilation phases: load=281.293221ms lower=12.179100702s C=945.884179ms JavaScript=77.565892ms
    lint_test.go:1006: no-useless-rename-import-side caught on Node: case 90 line 4627: port "range 38 50 unnecessarilyRenamed fix\t'bar'\t\t38 50", Go "range 38 50 unnecessarilyRenamed fix\tbar\t\t38 50"
        Go context:

        range 7 21 unnecessarilyRenamed fix	foo = 1		7 21
        /tmp/adamic-gate/TestMutantsno-useless-rename-import-side4153005901/021/no-useless-rename-2.ts:2:9
          no-useless-rename  This renames a binding to the name it already had, so the rename does nothing and the longer spelling only invites a reader to look for a difference that is not there.

        range 38 50 unnecessarilyRenamed fix	bar		38 50
        /tmp/adamic-gate/TestMutantsno-useless-rename-import-side4153005901/021/no-useless-rename-2.ts:3:9
          no-useless-rename  This renames a binding to the name it already had, so the rename does nothing and the longer spelling only invites a reader to look for a difference that is not there.

        range 72 84 unnecessarilyRenamed fix	'baz'		72 84
    lint_test.go:1006: no-useless-rename-import-side caught on emitted JavaScript: case 90 line 4627: port "range 38 50 unnecessarilyRenamed fix\t'bar'\t\t38 50", Go "range 38 50 unnecessarilyRenamed fix\tbar\t\t38 50"
        Go context:

        range 7 21 unnecessarilyRenamed fix	foo = 1		7 21
        /tmp/adamic-gate/TestMutantsno-useless-rename-import-side4153005901/021/no-useless-rename-2.ts:2:9
          no-useless-rename  This renames a binding to the name it already had, so the rename does nothing and the longer spelling only invites a reader to look for a difference that is not there.

        range 38 50 unnecessarilyRenamed fix	bar		38 50
        /tmp/adamic-gate/TestMutantsno-useless-rename-import-side4153005901/021/no-useless-rename-2.ts:3:9
          no-useless-rename  This renames a binding to the name it already had, so the rename does nothing and the longer spelling only invites a reader to look for a difference that is not there.

        range 72 84 unnecessarilyRenamed fix	'baz'		72 84
--- PASS: TestMutants/no-useless-rename-import-side (15.95s)
=== CONT  TestMutants/finally_continue_incorrectly_absorbed_by_switch
    lint_test.go:1006: no-useless-catch finally repair range reversed caught on Node: case 88 line 4600: port "/tmp/adamic-gate/TestMutantsno-useless-catch_finally_repair_range_reversed3392405757/019/no-useless-catch-0.ts:1:17", Go "/tmp/adamic-gate/TestMutantsno-useless-catch_finally_repair_range_reversed3392405757/019/no-useless-catch-0.ts:1:1"
        Go context:
          no-return-assign  This return statement assigns rather than returns a value it already has, so it does two things at once and the assignment is the one the reader is likeliest to miss. It is usually a `==` typed as `=`, and where it is deliberate it reads as a value being returned rather than as a write happening on the way out. Assign on its own line and return the variable, or wrap the assignment in its own parentheses to say the write was meant.

        range 643 661 returnAssignment 			643 661
        fixed	interface Bare { n: number }; interface WrongType { value: number }; type Alias = string; const Choice={Yes:'Yes'} as const; function guard(x: unknown): x is string { return true; } console.log('one'); console['warn']('two'); let count=0; count++; for(let i=0;i<3;i++){count++;} interface CallableType { method: (value: string) => number; readonly property: (value: string) => number; } enum Direction { Left=1, Right=Left|2, Other=compute() } let boxed: number; class Thing implements Boolean {} if(!flag){doOne();}else{doTwo();} const chosen=!flag?left:right; const assigning=()=>left=right; const wrapped=()=>(left=right); function returning(){return left=right;}\u000a
        case 88
        /tmp/adamic-gate/TestMutantsno-useless-catch_finally_repair_range_reversed3392405757/019/no-useless-catch-0.ts:1:1
          no-useless-catch  This `catch` does nothing but rethrow what it caught, so the whole `try` has no effect: the error propagates exactly as it would with no `try` at all. It reads as if the error is being handled, which is the harm, since the next reader has to check. Delete the `try` and `catch` and keep the body, or handle the error here.

        range 0 46 unnecessaryCatch 			0 46
        /tmp/adamic-gate/TestMutantsno-useless-catch_finally_repair_range_reversed3392405757/019/no-useless-catch-0.ts:2:17
    lint_test.go:1006: no-useless-catch finally repair range reversed caught on emitted JavaScript: case 88 line 4600: port "/tmp/adamic-gate/TestMutantsno-useless-catch_finally_repair_range_reversed3392405757/019/no-useless-catch-0.ts:1:17", Go "/tmp/adamic-gate/TestMutantsno-useless-catch_finally_repair_range_reversed3392405757/019/no-useless-catch-0.ts:1:1"
        Go context:
          no-return-assign  This return statement assigns rather than returns a value it already has, so it does two things at once and the assignment is the one the reader is likeliest to miss. It is usually a `==` typed as `=`, and where it is deliberate it reads as a value being returned rather than as a write happening on the way out. Assign on its own line and return the variable, or wrap the assignment in its own parentheses to say the write was meant.

        range 643 661 returnAssignment 			643 661
        fixed	interface Bare { n: number }; interface WrongType { value: number }; type Alias = string; const Choice={Yes:'Yes'} as const; function guard(x: unknown): x is string { return true; } console.log('one'); console['warn']('two'); let count=0; count++; for(let i=0;i<3;i++){count++;} interface CallableType { method: (value: string) => number; readonly property: (value: string) => number; } enum Direction { Left=1, Right=Left|2, Other=compute() } let boxed: number; class Thing implements Boolean {} if(!flag){doOne();}else{doTwo();} const chosen=!flag?left:right; const assigning=()=>left=right; const wrapped=()=>(left=right); function returning(){return left=right;}\u000a
        case 88
        /tmp/adamic-gate/TestMutantsno-useless-catch_finally_repair_range_reversed3392405757/019/no-useless-catch-0.ts:1:1
          no-useless-catch  This `catch` does nothing but rethrow what it caught, so the whole `try` has no effect: the error propagates exactly as it would with no `try` at all. It reads as if the error is being handled, which is the harm, since the next reader has to check. Delete the `try` and `catch` and keep the body, or handle the error here.

        range 0 46 unnecessaryCatch 			0 46
        /tmp/adamic-gate/TestMutantsno-useless-catch_finally_repair_range_reversed3392405757/019/no-useless-catch-0.ts:2:17
--- PASS: TestMutants/no-useless-catch_finally_repair_range_reversed (15.42s)
=== CONT  TestMutants/JSDoc_replacement_text_corrupted
    lint_test.go:1000: checker compilation phases: load=363.564251ms lower=10.600553573s C=826.981561ms JavaScript=54.90512ms
    lint_test.go:1006: continue target ignored caught on Node: case 88 line 4604: port "/tmp/adamic-gate/TestMutantscontinue_target_ignored251823537/019/no-unused-labels-0.ts:1:11", Go "/tmp/adamic-gate/TestMutantscontinue_target_ignored251823537/019/no-unused-labels-0.ts:2:1"
        Go context:
        case 88
        /tmp/adamic-gate/TestMutantscontinue_target_ignored251823537/019/no-unused-labels-0.ts:1:1
          no-unused-labels  This label is declared and nothing jumps to it. A label only does anything when a `break` or `continue` names it, so an unnamed one is dead syntax, and it is usually what is left over when the jump that used it was removed or rewritten.

        range 0 6 unusedLabel fix			0 8
        /tmp/adamic-gate/TestMutantscontinue_target_ignored251823537/019/no-unused-labels-0.ts:2:1
          no-unused-labels  This label is declared and nothing jumps to it. A label only does anything when a `break` or `continue` names it, so an unnamed one is dead syntax, and it is usually what is left over when the jump that used it was removed or rewritten.

        range 50 51 unusedLabel fix			50 53
        /tmp/adamic-gate/TestMutantscontinue_target_ignored251823537/019/no-unused-labels-0.ts:2:4
    lint_test.go:1006: continue target ignored caught on emitted JavaScript: case 88 line 4604: port "/tmp/adamic-gate/TestMutantscontinue_target_ignored251823537/019/no-unused-labels-0.ts:1:11", Go "/tmp/adamic-gate/TestMutantscontinue_target_ignored251823537/019/no-unused-labels-0.ts:2:1"
        Go context:
        case 88
        /tmp/adamic-gate/TestMutantscontinue_target_ignored251823537/019/no-unused-labels-0.ts:1:1
          no-unused-labels  This label is declared and nothing jumps to it. A label only does anything when a `break` or `continue` names it, so an unnamed one is dead syntax, and it is usually what is left over when the jump that used it was removed or rewritten.

        range 0 6 unusedLabel fix			0 8
        /tmp/adamic-gate/TestMutantscontinue_target_ignored251823537/019/no-unused-labels-0.ts:2:1
          no-unused-labels  This label is declared and nothing jumps to it. A label only does anything when a `break` or `continue` names it, so an unnamed one is dead syntax, and it is usually what is left over when the jump that used it was removed or rewritten.

        range 50 51 unusedLabel fix			50 53
        /tmp/adamic-gate/TestMutantscontinue_target_ignored251823537/019/no-unused-labels-0.ts:2:4
--- PASS: TestMutants/continue_target_ignored (13.38s)
=== CONT  TestMutants/shouting_fourth_token_omitted
    lint_test.go:1000: checker compilation phases: load=479.778896ms lower=10.9583753s C=971.61576ms JavaScript=53.324346ms
    lint_test.go:1000: checker compilation phases: load=255.822349ms lower=10.83791746s C=997.319293ms JavaScript=46.853725ms
    lint_test.go:1006: and-left-undefined-ignored caught on Node: case 88 line 4600: port "/tmp/adamic-gate/TestMutantsand-left-undefined-ignored3637560734/019/no-unsafe-optional-chaining-0.ts:1:14", Go "/tmp/adamic-gate/TestMutantsand-left-undefined-ignored3637560734/019/no-unsafe-optional-chaining-0.ts:1:2"
        Go context:
          no-return-assign  This return statement assigns rather than returns a value it already has, so it does two things at once and the assignment is the one the reader is likeliest to miss. It is usually a `==` typed as `=`, and where it is deliberate it reads as a value being returned rather than as a write happening on the way out. Assign on its own line and return the variable, or wrap the assignment in its own parentheses to say the write was meant.

        range 643 661 returnAssignment 			643 661
        fixed	interface Bare { n: number }; interface WrongType { value: number }; type Alias = string; const Choice={Yes:'Yes'} as const; function guard(x: unknown): x is string { return true; } console.log('one'); console['warn']('two'); let count=0; count++; for(let i=0;i<3;i++){count++;} interface CallableType { method: (value: string) => number; readonly property: (value: string) => number; } enum Direction { Left=1, Right=Left|2, Other=compute() } let boxed: number; class Thing implements Boolean {} if(!flag){doOne();}else{doTwo();} const chosen=!flag?left:right; const assigning=()=>left=right; const wrapped=()=>(left=right); function returning(){return left=right;}\u000a
        case 88
        /tmp/adamic-gate/TestMutantsand-left-undefined-ignored3637560734/019/no-unsafe-optional-chaining-0.ts:1:2
          no-unsafe-optional-chaining  This optional chain can evaluate to `undefined`, and the code around it then reaches into that `undefined` rather than short-circuiting with it. The `?.` protects only the links inside its own chain: once the chain ends, the result is an ordinary value and the next access, call, spread, or destructuring throws a TypeError. Either extend the chain so the whole expression short-circuits, or supply a fallback with `??`.

        range 1 9 unsafeOptionalChain 			1 9
        /tmp/adamic-gate/TestMutantsand-left-undefined-ignored3637560734/019/no-unsafe-optional-chaining-0.ts:1:14
    lint_test.go:1006: and-left-undefined-ignored caught on emitted JavaScript: case 88 line 4600: port "/tmp/adamic-gate/TestMutantsand-left-undefined-ignored3637560734/019/no-unsafe-optional-chaining-0.ts:1:14", Go "/tmp/adamic-gate/TestMutantsand-left-undefined-ignored3637560734/019/no-unsafe-optional-chaining-0.ts:1:2"
        Go context:
          no-return-assign  This return statement assigns rather than returns a value it already has, so it does two things at once and the assignment is the one the reader is likeliest to miss. It is usually a `==` typed as `=`, and where it is deliberate it reads as a value being returned rather than as a write happening on the way out. Assign on its own line and return the variable, or wrap the assignment in its own parentheses to say the write was meant.

        range 643 661 returnAssignment 			643 661
        fixed	interface Bare { n: number }; interface WrongType { value: number }; type Alias = string; const Choice={Yes:'Yes'} as const; function guard(x: unknown): x is string { return true; } console.log('one'); console['warn']('two'); let count=0; count++; for(let i=0;i<3;i++){count++;} interface CallableType { method: (value: string) => number; readonly property: (value: string) => number; } enum Direction { Left=1, Right=Left|2, Other=compute() } let boxed: number; class Thing implements Boolean {} if(!flag){doOne();}else{doTwo();} const chosen=!flag?left:right; const assigning=()=>left=right; const wrapped=()=>(left=right); function returning(){return left=right;}\u000a
        case 88
        /tmp/adamic-gate/TestMutantsand-left-undefined-ignored3637560734/019/no-unsafe-optional-chaining-0.ts:1:2
          no-unsafe-optional-chaining  This optional chain can evaluate to `undefined`, and the code around it then reaches into that `undefined` rather than short-circuiting with it. The `?.` protects only the links inside its own chain: once the chain ends, the result is an ordinary value and the next access, call, spread, or destructuring throws a TypeError. Either extend the chain so the whole expression short-circuits, or supply a fallback with `??`.

        range 1 9 unsafeOptionalChain 			1 9
        /tmp/adamic-gate/TestMutantsand-left-undefined-ignored3637560734/019/no-unsafe-optional-chaining-0.ts:1:14
--- PASS: TestMutants/and-left-undefined-ignored (14.41s)
=== CONT  TestMutants/multiline-arrow-single-line-exemption-removed
    lint_test.go:1000: checker compilation phases: load=293.609354ms lower=10.385535623s C=1.146546908s JavaScript=44.344674ms
    lint_test.go:1006: ordering-relations-ignored caught on Node: case 88 line 4600: port "fixed\t!value < limit;\\u000a!value <= limit;\\u000a!value > limit;\\u000a!value >= limit;\\u000a", Go "/tmp/adamic-gate/TestMutantsordering-relations-ignored282715308/019/no-unsafe-negation-0.ts:1:1"
        Go context:
          no-return-assign  This return statement assigns rather than returns a value it already has, so it does two things at once and the assignment is the one the reader is likeliest to miss. It is usually a `==` typed as `=`, and where it is deliberate it reads as a value being returned rather than as a write happening on the way out. Assign on its own line and return the variable, or wrap the assignment in its own parentheses to say the write was meant.

        range 643 661 returnAssignment 			643 661
        fixed	interface Bare { n: number }; interface WrongType { value: number }; type Alias = string; const Choice={Yes:'Yes'} as const; function guard(x: unknown): x is string { return true; } console.log('one'); console['warn']('two'); let count=0; count++; for(let i=0;i<3;i++){count++;} interface CallableType { method: (value: string) => number; readonly property: (value: string) => number; } enum Direction { Left=1, Right=Left|2, Other=compute() } let boxed: number; class Thing implements Boolean {} if(!flag){doOne();}else{doTwo();} const chosen=!flag?left:right; const assigning=()=>left=right; const wrapped=()=>(left=right); function returning(){return left=right;}\u000a
        case 88
        /tmp/adamic-gate/TestMutantsordering-relations-ignored282715308/019/no-unsafe-negation-0.ts:1:1
          no-unsafe-negation  The `!` binds tighter than the `<` after it, so this negates the left operand and then compares the resulting boolean, rather than negating the comparison. `!key < object` runs the `!` first and hands `<` a `true` or a `false`, which is almost never the question being asked, and it is a valid expression either way so nothing else reports it.

        range 0 6 unexpected suggestions			0 6
        suggestion	negateTheComparison	Negate the whole `<` comparison, which is what the parentheses in `!(a < b)` say and is almost certainly the intent. This changes what the code does.	1
    lint_test.go:1006: ordering-relations-ignored caught on emitted JavaScript: case 88 line 4600: port "fixed\t!value < limit;\\u000a!value <= limit;\\u000a!value > limit;\\u000a!value >= limit;\\u000a", Go "/tmp/adamic-gate/TestMutantsordering-relations-ignored282715308/019/no-unsafe-negation-0.ts:1:1"
        Go context:
          no-return-assign  This return statement assigns rather than returns a value it already has, so it does two things at once and the assignment is the one the reader is likeliest to miss. It is usually a `==` typed as `=`, and where it is deliberate it reads as a value being returned rather than as a write happening on the way out. Assign on its own line and return the variable, or wrap the assignment in its own parentheses to say the write was meant.

        range 643 661 returnAssignment 			643 661
        fixed	interface Bare { n: number }; interface WrongType { value: number }; type Alias = string; const Choice={Yes:'Yes'} as const; function guard(x: unknown): x is string { return true; } console.log('one'); console['warn']('two'); let count=0; count++; for(let i=0;i<3;i++){count++;} interface CallableType { method: (value: string) => number; readonly property: (value: string) => number; } enum Direction { Left=1, Right=Left|2, Other=compute() } let boxed: number; class Thing implements Boolean {} if(!flag){doOne();}else{doTwo();} const chosen=!flag?left:right; const assigning=()=>left=right; const wrapped=()=>(left=right); function returning(){return left=right;}\u000a
        case 88
        /tmp/adamic-gate/TestMutantsordering-relations-ignored282715308/019/no-unsafe-negation-0.ts:1:1
          no-unsafe-negation  The `!` binds tighter than the `<` after it, so this negates the left operand and then compares the resulting boolean, rather than negating the comparison. `!key < object` runs the `!` first and hands `<` a `true` or a `false`, which is almost never the question being asked, and it is a valid expression either way so nothing else reports it.

        range 0 6 unexpected suggestions			0 6
        suggestion	negateTheComparison	Negate the whole `<` comparison, which is what the parentheses in `!(a < b)` say and is almost certainly the intent. This changes what the code does.	1
--- PASS: TestMutants/ordering-relations-ignored (13.79s)
=== CONT  TestMutants/nexus_long_line_comment_configured_threshold_ignored
    lint_test.go:1000: checker compilation phases: load=235.045744ms lower=10.358516536s C=1.10694918s JavaScript=47.820713ms
    lint_test.go:1006: finally continue incorrectly absorbed by switch caught on Node: case 88 line 4604: port "/tmp/adamic-gate/TestMutantsfinally_continue_incorrectly_absorbed_by_switch4264501844/019/no-unsafe-finally-0.ts:3:55", Go "/tmp/adamic-gate/TestMutantsfinally_continue_incorrectly_absorbed_by_switch4264501844/019/no-unsafe-finally-0.ts:2:58"
        Go context:
        case 88
        /tmp/adamic-gate/TestMutantsfinally_continue_incorrectly_absorbed_by_switch4264501844/019/no-unsafe-finally-0.ts:1:48
          no-unsafe-finally  A `return` inside `finally` overrides whatever the `try` or `catch` was about to do. JavaScript suspends a pending return or throw until the finally block completes, so this statement replaces the value that was on its way out and discards a pending exception entirely, with nothing at the call site to show an error was swallowed. Set a variable here and return it after the try statement instead.

        range 47 56 unsafeReturn 			47 56
        /tmp/adamic-gate/TestMutantsfinally_continue_incorrectly_absorbed_by_switch4264501844/019/no-unsafe-finally-0.ts:2:58
          no-unsafe-finally  A `continue` inside `finally` leaves the try statement before the pending return or throw can complete, so the value is discarded and the exception never surfaces. The loop advances to its next iteration as though nothing had failed.

        range 118 127 unsafeContinue 			118 127
        /tmp/adamic-gate/TestMutantsfinally_continue_incorrectly_absorbed_by_switch4264501844/019/no-unsafe-finally-0.ts:3:55
    lint_test.go:1006: finally continue incorrectly absorbed by switch caught on emitted JavaScript: case 88 line 4604: port "/tmp/adamic-gate/TestMutantsfinally_continue_incorrectly_absorbed_by_switch4264501844/019/no-unsafe-finally-0.ts:3:55", Go "/tmp/adamic-gate/TestMutantsfinally_continue_incorrectly_absorbed_by_switch4264501844/019/no-unsafe-finally-0.ts:2:58"
        Go context:
        case 88
        /tmp/adamic-gate/TestMutantsfinally_continue_incorrectly_absorbed_by_switch4264501844/019/no-unsafe-finally-0.ts:1:48
          no-unsafe-finally  A `return` inside `finally` overrides whatever the `try` or `catch` was about to do. JavaScript suspends a pending return or throw until the finally block completes, so this statement replaces the value that was on its way out and discards a pending exception entirely, with nothing at the call site to show an error was swallowed. Set a variable here and return it after the try statement instead.

        range 47 56 unsafeReturn 			47 56
        /tmp/adamic-gate/TestMutantsfinally_continue_incorrectly_absorbed_by_switch4264501844/019/no-unsafe-finally-0.ts:2:58
          no-unsafe-finally  A `continue` inside `finally` leaves the try statement before the pending return or throw can complete, so the value is discarded and the exception never surfaces. The loop advances to its next iteration as though nothing had failed.

        range 118 127 unsafeContinue 			118 127
        /tmp/adamic-gate/TestMutantsfinally_continue_incorrectly_absorbed_by_switch4264501844/019/no-unsafe-finally-0.ts:3:55
--- PASS: TestMutants/finally_continue_incorrectly_absorbed_by_switch (13.81s)
=== CONT  TestMutants/boolean_inverse_changed
    lint_test.go:1006: JSDoc replacement text corrupted caught on Node: case 88 line 4603: port "range 42 64 useSimpleComment fix\t// MUTANT Trailing prose.\t\t42 64", Go "range 42 64 useSimpleComment fix\t// Trailing prose.\t\t42 64"
        Go context:
        fixed	interface Bare { n: number }; interface WrongType { value: number }; type Alias = string; const Choice={Yes:'Yes'} as const; function guard(x: unknown): x is string { return true; } console.log('one'); console['warn']('two'); let count=0; count++; for(let i=0;i<3;i++){count++;} interface CallableType { method: (value: string) => number; readonly property: (value: string) => number; } enum Direction { Left=1, Right=Left|2, Other=compute() } let boxed: number; class Thing implements Boolean {} if(!flag){doOne();}else{doTwo();} const chosen=!flag?left:right; const assigning=()=>left=right; const wrapped=()=>(left=right); function returning(){return left=right;}\u000a
        case 88
        /tmp/adamic-gate/TestMutantsJSDoc_replacement_text_corrupted3844349147/019/nexus-consistency-no-single-line-jsdoc-0.ts:3:1
          nexus/consistency-no-single-line-jsdoc  A JSDoc comment carrying one line of description should be a line comment. JSDoc's delimiters exist to hold structure, so spending three lines of them on a sentence tells a reader to look for tags that are not there.

        range 42 64 useSimpleComment fix	// Trailing prose.		42 64
        fixed	\ufeff/** Leading prose. */\u000aconst value = 1;\u000a// Trailing prose.\u000a
        case 89
        /tmp/adamic-gate/TestMutantsJSDoc_replacement_text_corrupted3844349147/020/nexus-consistency-no-single-line-jsdoc-1.ts:2:1
          nexus/consistency-no-single-line-jsdoc  A JSDoc comment carrying one line of description should be a line comment. JSDoc's delimiters exist to hold structure, so spending three lines of them on a sentence tells a reader to look for tags that are not there.
    lint_test.go:1006: JSDoc replacement text corrupted caught on emitted JavaScript: case 88 line 4603: port "range 42 64 useSimpleComment fix\t// MUTANT Trailing prose.\t\t42 64", Go "range 42 64 useSimpleComment fix\t// Trailing prose.\t\t42 64"
        Go context:
        fixed	interface Bare { n: number }; interface WrongType { value: number }; type Alias = string; const Choice={Yes:'Yes'} as const; function guard(x: unknown): x is string { return true; } console.log('one'); console['warn']('two'); let count=0; count++; for(let i=0;i<3;i++){count++;} interface CallableType { method: (value: string) => number; readonly property: (value: string) => number; } enum Direction { Left=1, Right=Left|2, Other=compute() } let boxed: number; class Thing implements Boolean {} if(!flag){doOne();}else{doTwo();} const chosen=!flag?left:right; const assigning=()=>left=right; const wrapped=()=>(left=right); function returning(){return left=right;}\u000a
        case 88
        /tmp/adamic-gate/TestMutantsJSDoc_replacement_text_corrupted3844349147/019/nexus-consistency-no-single-line-jsdoc-0.ts:3:1
          nexus/consistency-no-single-line-jsdoc  A JSDoc comment carrying one line of description should be a line comment. JSDoc's delimiters exist to hold structure, so spending three lines of them on a sentence tells a reader to look for tags that are not there.

        range 42 64 useSimpleComment fix	// Trailing prose.		42 64
        fixed	\ufeff/** Leading prose. */\u000aconst value = 1;\u000a// Trailing prose.\u000a
        case 89
        /tmp/adamic-gate/TestMutantsJSDoc_replacement_text_corrupted3844349147/020/nexus-consistency-no-single-line-jsdoc-1.ts:2:1
          nexus/consistency-no-single-line-jsdoc  A JSDoc comment carrying one line of description should be a line comment. JSDoc's delimiters exist to hold structure, so spending three lines of them on a sentence tells a reader to look for tags that are not there.
--- PASS: TestMutants/JSDoc_replacement_text_corrupted (13.67s)
=== CONT  TestMutants/nexus-for-in-message
    lint_test.go:1000: checker compilation phases: load=422.886357ms lower=10.646108109s C=964.625712ms JavaScript=45.402905ms
    lint_test.go:1006: shouting_fourth_token_omitted caught on Node: case 88 line 4601: port "  nexus/consistency-no-shouting  \"NEVER\", \"ALWAYS\", \"REALLY\" in a comment reads as shouting, and the register spreads: the next reader mirrors it, so emphasis on everything becomes emphasis on nothing. If it is code, put it in backticks. If it is a point, make it in a normal voice, and if the sentence needed the volume to land, it probably needed the reason instead.", Go "  nexus/consistency-no-shouting  \"NEVER\", \"ALWAYS\", \"REALLY\", \"LOUD\" in a comment reads as shouting, and the register spreads: the next reader mirrors it, so emphasis on everything becomes emphasis on nothing. If it is code, put it in backticks. If it is a point, make it in a normal voice, and if the sentence needed the volume to land, it probably needed the reason instead."
        Go context:

        range 643 661 returnAssignment 			643 661
        fixed	interface Bare { n: number }; interface WrongType { value: number }; type Alias = string; const Choice={Yes:'Yes'} as const; function guard(x: unknown): x is string { return true; } console.log('one'); console['warn']('two'); let count=0; count++; for(let i=0;i<3;i++){count++;} interface CallableType { method: (value: string) => number; readonly property: (value: string) => number; } enum Direction { Left=1, Right=Left|2, Other=compute() } let boxed: number; class Thing implements Boolean {} if(!flag){doOne();}else{doTwo();} const chosen=!flag?left:right; const assigning=()=>left=right; const wrapped=()=>(left=right); function returning(){return left=right;}\u000a
        case 88
        /tmp/adamic-gate/TestMutantsshouting_fourth_token_omitted2557507668/019/nexus-consistency-no-shouting-0.ts:1:1
          nexus/consistency-no-shouting  "NEVER", "ALWAYS", "REALLY", "LOUD" in a comment reads as shouting, and the register spreads: the next reader mirrors it, so emphasis on everything becomes emphasis on nothing. If it is code, put it in backticks. If it is a point, make it in a normal voice, and if the sentence needed the volume to land, it probably needed the reason instead.

        range 0 40 shoutingInComment 			0 40
        fixed	// WIDGET NEVER ALWAYS REALLY LOUD WRONG\u000aexport const Value = 1;\u000a
        case 89
    lint_test.go:1006: shouting_fourth_token_omitted caught on emitted JavaScript: case 88 line 4601: port "  nexus/consistency-no-shouting  \"NEVER\", \"ALWAYS\", \"REALLY\" in a comment reads as shouting, and the register spreads: the next reader mirrors it, so emphasis on everything becomes emphasis on nothing. If it is code, put it in backticks. If it is a point, make it in a normal voice, and if the sentence needed the volume to land, it probably needed the reason instead.", Go "  nexus/consistency-no-shouting  \"NEVER\", \"ALWAYS\", \"REALLY\", \"LOUD\" in a comment reads as shouting, and the register spreads: the next reader mirrors it, so emphasis on everything becomes emphasis on nothing. If it is code, put it in backticks. If it is a point, make it in a normal voice, and if the sentence needed the volume to land, it probably needed the reason instead."
        Go context:

        range 643 661 returnAssignment 			643 661
        fixed	interface Bare { n: number }; interface WrongType { value: number }; type Alias = string; const Choice={Yes:'Yes'} as const; function guard(x: unknown): x is string { return true; } console.log('one'); console['warn']('two'); let count=0; count++; for(let i=0;i<3;i++){count++;} interface CallableType { method: (value: string) => number; readonly property: (value: string) => number; } enum Direction { Left=1, Right=Left|2, Other=compute() } let boxed: number; class Thing implements Boolean {} if(!flag){doOne();}else{doTwo();} const chosen=!flag?left:right; const assigning=()=>left=right; const wrapped=()=>(left=right); function returning(){return left=right;}\u000a
        case 88
        /tmp/adamic-gate/TestMutantsshouting_fourth_token_omitted2557507668/019/nexus-consistency-no-shouting-0.ts:1:1
          nexus/consistency-no-shouting  "NEVER", "ALWAYS", "REALLY", "LOUD" in a comment reads as shouting, and the register spreads: the next reader mirrors it, so emphasis on everything becomes emphasis on nothing. If it is code, put it in backticks. If it is a point, make it in a normal voice, and if the sentence needed the volume to land, it probably needed the reason instead.

        range 0 40 shoutingInComment 			0 40
        fixed	// WIDGET NEVER ALWAYS REALLY LOUD WRONG\u000aexport const Value = 1;\u000a
        case 89
--- PASS: TestMutants/shouting_fourth_token_omitted (13.56s)
=== CONT  TestMutants/enum_reported_at_its_declaration_rather_than_its_name
    lint_test.go:1000: checker compilation phases: load=449.880855ms lower=9.876834988s C=969.184936ms JavaScript=43.049343ms
    lint_test.go:1000: checker compilation phases: load=341.502321ms lower=9.570757126s C=993.683142ms JavaScript=53.119631ms
    lint_test.go:1006: nexus long line comment configured threshold ignored caught on Node: case 90 line 4612: port "fixed\t// one\\u000a// two\\u000a// three\\u000aexport const value = 1;\\u000a", Go "/tmp/adamic-gate/TestMutantsnexus_long_line_comment_configured_threshold_ignored2004808377/021/nexus-consistency-no-long-line-comment-2.ts:1:1"
        Go context:
          nexus/consistency-no-long-line-comment  A run of five or more double-slash lines should be a block comment. Past four lines a stack of slashes stops reading as one thought and starts reading as a wall, with no cue where the passage ends. This run is 5 lines.

        range 30 83 longLineComment fix	/*\u000a     * \ud83c\udf0d one\u000a     * two\u000a     *\u000a     * four\u000a     * five\u000a     */		30 83
        fixed	export function thing() {\u000a    /*\u000a     * \ud83c\udf0d one\u000a     * two\u000a     *\u000a     * four\u000a     * five\u000a     */\u000a    return 1;\u000a}\u000a
        case 90
        /tmp/adamic-gate/TestMutantsnexus_long_line_comment_configured_threshold_ignored2004808377/021/nexus-consistency-no-long-line-comment-2.ts:1:1
          nexus/consistency-no-long-line-comment  A run of five or more double-slash lines should be a block comment. Past four lines a stack of slashes stops reading as one thought and starts reading as a wall, with no cue where the passage ends. This run is 3 lines.

        range 0 22 longLineComment fix	/*\u000a * one\u000a * two\u000a * three\u000a */		0 22
        fixed	/*\u000a * one\u000a * two\u000a * three\u000a */\u000aexport const value = 1;\u000a
    lint_test.go:1006: nexus long line comment configured threshold ignored caught on emitted JavaScript: case 90 line 4612: port "fixed\t// one\\u000a// two\\u000a// three\\u000aexport const value = 1;\\u000a", Go "/tmp/adamic-gate/TestMutantsnexus_long_line_comment_configured_threshold_ignored2004808377/021/nexus-consistency-no-long-line-comment-2.ts:1:1"
        Go context:
          nexus/consistency-no-long-line-comment  A run of five or more double-slash lines should be a block comment. Past four lines a stack of slashes stops reading as one thought and starts reading as a wall, with no cue where the passage ends. This run is 5 lines.

        range 30 83 longLineComment fix	/*\u000a     * \ud83c\udf0d one\u000a     * two\u000a     *\u000a     * four\u000a     * five\u000a     */		30 83
        fixed	export function thing() {\u000a    /*\u000a     * \ud83c\udf0d one\u000a     * two\u000a     *\u000a     * four\u000a     * five\u000a     */\u000a    return 1;\u000a}\u000a
        case 90
        /tmp/adamic-gate/TestMutantsnexus_long_line_comment_configured_threshold_ignored2004808377/021/nexus-consistency-no-long-line-comment-2.ts:1:1
          nexus/consistency-no-long-line-comment  A run of five or more double-slash lines should be a block comment. Past four lines a stack of slashes stops reading as one thought and starts reading as a wall, with no cue where the passage ends. This run is 3 lines.

        range 0 22 longLineComment fix	/*\u000a * one\u000a * two\u000a * three\u000a */		0 22
        fixed	/*\u000a * one\u000a * two\u000a * three\u000a */\u000aexport const value = 1;\u000a
--- PASS: TestMutants/nexus_long_line_comment_configured_threshold_ignored (12.97s)
=== CONT  TestMutants/constructor-property-name-ignored
    lint_test.go:1006: multiline-arrow-single-line-exemption-removed caught on Node: case 88 line 4604: port "/tmp/adamic-gate/TestMutantsmultiline-arrow-single-line-exemption-removed4118145239/019/nexus-consistency-no-multiline-arrow-function-0.ts:4:14", Go "/tmp/adamic-gate/TestMutantsmultiline-arrow-single-line-exemption-removed4118145239/019/nexus-consistency-no-multiline-arrow-function-0.ts:5:17"
        Go context:
        case 88
        /tmp/adamic-gate/TestMutantsmultiline-arrow-single-line-exemption-removed4118145239/019/nexus-consistency-no-multiline-arrow-function-0.ts:1:17
          nexus/consistency-no-multiline-arrow-function  Use a regular function instead of a multi-line arrow function. An arrow earns its terseness on a single-line implicit return, and past that a named function declaration reads better and hoists. Arrows that use `this` are exempt, since a function would rebind it.

        range 16 52 multilineArrow fix	function(input) {\u000a    return input * 2;\u000a}		16 52
        /tmp/adamic-gate/TestMutantsmultiline-arrow-single-line-exemption-removed4118145239/019/nexus-consistency-no-multiline-arrow-function-0.ts:5:17
          nexus/consistency-no-multiline-arrow-function  Use a regular function instead of an arrow function with React.useEffect. A named function shows up in a stack trace and in the React devtools as itself.

        range 93 114 reactHookArrow 			93 114
        /tmp/adamic-gate/TestMutantsmultiline-arrow-single-line-exemption-removed4118145239/019/nexus-consistency-no-multiline-arrow-function-0.ts:6:35
    lint_test.go:1006: multiline-arrow-single-line-exemption-removed caught on emitted JavaScript: case 88 line 4604: port "/tmp/adamic-gate/TestMutantsmultiline-arrow-single-line-exemption-removed4118145239/019/nexus-consistency-no-multiline-arrow-function-0.ts:4:14", Go "/tmp/adamic-gate/TestMutantsmultiline-arrow-single-line-exemption-removed4118145239/019/nexus-consistency-no-multiline-arrow-function-0.ts:5:17"
        Go context:
        case 88
        /tmp/adamic-gate/TestMutantsmultiline-arrow-single-line-exemption-removed4118145239/019/nexus-consistency-no-multiline-arrow-function-0.ts:1:17
          nexus/consistency-no-multiline-arrow-function  Use a regular function instead of a multi-line arrow function. An arrow earns its terseness on a single-line implicit return, and past that a named function declaration reads better and hoists. Arrows that use `this` are exempt, since a function would rebind it.

        range 16 52 multilineArrow fix	function(input) {\u000a    return input * 2;\u000a}		16 52
        /tmp/adamic-gate/TestMutantsmultiline-arrow-single-line-exemption-removed4118145239/019/nexus-consistency-no-multiline-arrow-function-0.ts:5:17
          nexus/consistency-no-multiline-arrow-function  Use a regular function instead of an arrow function with React.useEffect. A named function shows up in a stack trace and in the React devtools as itself.

        range 93 114 reactHookArrow 			93 114
        /tmp/adamic-gate/TestMutantsmultiline-arrow-single-line-exemption-removed4118145239/019/nexus-consistency-no-multiline-arrow-function-0.ts:6:35
--- PASS: TestMutants/multiline-arrow-single-line-exemption-removed (13.18s)
=== CONT  TestMutants/ambiguous-identifier-span
    lint_test.go:1000: checker compilation phases: load=276.448862ms lower=9.908794591s C=1.020907729s JavaScript=38.875404ms
    lint_test.go:1000: checker compilation phases: load=248.698879ms lower=9.962181363s C=887.307958ms JavaScript=28.468884ms
    lint_test.go:1006: boolean inverse changed caught on Node: case 57 line 3453: port "range 51 72 unnecessaryConditionalExpression fix\ta !== b\t\t51 72", Go "range 51 72 unnecessaryConditionalExpression fix\ta != b\t\t51 72"
        Go context:

        range 14 15 noSingleLetter 			14 15
        /tmp/adamic-gate/TestMutantsboolean_inverse_changed1100861393/013/generated-9.ts:1:52
          no-unneeded-ternary  This conditional returns a boolean literal on both branches, so the whole ternary is a long way of writing the condition itself. The branches carry no information the test does not already have, and a reader has to check both to learn that. Write the condition, negated if the branches are the other way round.

        range 51 72 unnecessaryConditionalExpression fix	a != b		51 72
        /tmp/adamic-gate/TestMutantsboolean_inverse_changed1100861393/013/generated-9.ts:1:52
          nexus/consistency-no-ambiguous-identifier  Single-letter identifier "a" is not descriptive enough. The name is read everywhere it is used and declared only once, so the saving is at the declaration and the cost is at every call site.

        range 51 52 noSingleLetter 			51 52
    lint_test.go:1006: boolean inverse changed caught on emitted JavaScript: case 57 line 3453: port "range 51 72 unnecessaryConditionalExpression fix\ta !== b\t\t51 72", Go "range 51 72 unnecessaryConditionalExpression fix\ta != b\t\t51 72"
        Go context:

        range 14 15 noSingleLetter 			14 15
        /tmp/adamic-gate/TestMutantsboolean_inverse_changed1100861393/013/generated-9.ts:1:52
          no-unneeded-ternary  This conditional returns a boolean literal on both branches, so the whole ternary is a long way of writing the condition itself. The branches carry no information the test does not already have, and a reader has to check both to learn that. Write the condition, negated if the branches are the other way round.

        range 51 72 unnecessaryConditionalExpression fix	a != b		51 72
        /tmp/adamic-gate/TestMutantsboolean_inverse_changed1100861393/013/generated-9.ts:1:52
          nexus/consistency-no-ambiguous-identifier  Single-letter identifier "a" is not descriptive enough. The name is read everywhere it is used and declared only once, so the saving is at the declaration and the cost is at every call site.

        range 51 52 noSingleLetter 			51 52
--- PASS: TestMutants/boolean_inverse_changed (13.08s)
=== CONT  TestMutants/empty_placeholder_reported
    lint_test.go:1006: nexus-for-in-message caught on Node: case 21 line 769: port "range 31 48 forIn-mutant \t\t\t31 48", Go "range 31 48 forIn \t\t\t31 48"
        Go context:

        range 27 29 unexpectedBlock 			27 29
        /tmp/adamic-gate/TestMutantsnexus-for-in-message1878727176/007/generated-3.ts:1:32
          nexus/consistency-no-for-in  Iterate an object with `for (const [key, value] of Object.entries(object))`, or `Object.keys(object)` when only the key matters, rather than `for...in`. `for...in` walks the prototype chain, so it needs a guard to be correct, and a guard is a line someone forgets; it also hands back every key as a bare `string`, which is why these loops grow `key as keyof typeof object` casts to read the value. `Object.entries` returns own keys only, with the value already in hand, so there is nothing to guard and nothing to cast, and every loop over an object has one shape.

        range 31 48 forIn 			31 48
        /tmp/adamic-gate/TestMutantsnexus-for-in-message1878727176/007/generated-3.ts:1:36
          no-var  This is a `var` declaration, which is function-scoped and hoisted rather than block-scoped. The binding exists from the top of the enclosing function, so it is readable above the line that declares it and it leaks out of the block it looks like it belongs to: a `var` inside an `if` is still in scope after the `if` ends. A `var` in a loop is one binding shared by every iteration, which is why a closure created in the loop sees the final value rather than its own. Use `let`, or `const` when nothing reassigns it.

        range 35 40 unexpectedVar 			35 40
    lint_test.go:1006: nexus-for-in-message caught on emitted JavaScript: case 21 line 769: port "range 31 48 forIn-mutant \t\t\t31 48", Go "range 31 48 forIn \t\t\t31 48"
        Go context:

        range 27 29 unexpectedBlock 			27 29
        /tmp/adamic-gate/TestMutantsnexus-for-in-message1878727176/007/generated-3.ts:1:32
          nexus/consistency-no-for-in  Iterate an object with `for (const [key, value] of Object.entries(object))`, or `Object.keys(object)` when only the key matters, rather than `for...in`. `for...in` walks the prototype chain, so it needs a guard to be correct, and a guard is a line someone forgets; it also hands back every key as a bare `string`, which is why these loops grow `key as keyof typeof object` casts to read the value. `Object.entries` returns own keys only, with the value already in hand, so there is nothing to guard and nothing to cast, and every loop over an object has one shape.

        range 31 48 forIn 			31 48
        /tmp/adamic-gate/TestMutantsnexus-for-in-message1878727176/007/generated-3.ts:1:36
          no-var  This is a `var` declaration, which is function-scoped and hoisted rather than block-scoped. The binding exists from the top of the enclosing function, so it is readable above the line that declares it and it leaks out of the block it looks like it belongs to: a `var` inside an `if` is still in scope after the `if` ends. A `var` in a loop is one binding shared by every iteration, which is why a closure created in the loop sees the final value rather than its own. Use `let`, or `const` when nothing reassigns it.

        range 35 40 unexpectedVar 			35 40
--- PASS: TestMutants/nexus-for-in-message (13.18s)
=== CONT  TestMutants/nexus-abbreviated-identifier_whole-word_finding_suppressed
    lint_test.go:1000: checker compilation phases: load=277.251739ms lower=10.233705149s C=843.272548ms JavaScript=31.16086ms
    lint_test.go:1006: enum reported at its declaration rather than its name caught on Node: case 87 line 4558: port "/tmp/adamic-gate/TestMutantsenum_reported_at_its_declaration_rather_than_its_nam1678030006/018/options.ts:1:384", Go "/tmp/adamic-gate/TestMutantsenum_reported_at_its_declaration_rather_than_its_nam1678030006/018/options.ts:1:389"
        Go context:
        range 289 301 noInterfaceSuffix 			289 301
        /tmp/adamic-gate/TestMutantsenum_reported_at_its_declaration_rather_than_its_nam1678030006/018/options.ts:1:305
          @typescript-eslint/method-signature-style  This is written as a shorthand method signature, which TypeScript checks bivariantly: a parameter can be narrowed by an implementer and the compiler will not object, so a call that type-checks can still be wrong at runtime. A function property is checked the strict way and catches that.

        range 304 334 errorMethod fix	method: (value: string) => number;		304 334
        /tmp/adamic-gate/TestMutantsenum_reported_at_its_declaration_rather_than_its_nam1678030006/018/options.ts:1:389
          nexus/consistency-no-enum  TypeScript enum is banned. Use `as const` with the Kind and KindType pattern instead: `export const FooKind = { A: 'A' } as const; export type FooKindType = (typeof FooKind)[keyof typeof FooKind];`

        range 388 397 noEnum 			388 397
        /tmp/adamic-gate/TestMutantsenum_reported_at_its_declaration_rather_than_its_nam1678030006/018/options.ts:1:409
    lint_test.go:1006: enum reported at its declaration rather than its name caught on emitted JavaScript: case 87 line 4558: port "/tmp/adamic-gate/TestMutantsenum_reported_at_its_declaration_rather_than_its_nam1678030006/018/options.ts:1:384", Go "/tmp/adamic-gate/TestMutantsenum_reported_at_its_declaration_rather_than_its_nam1678030006/018/options.ts:1:389"
        Go context:
        range 289 301 noInterfaceSuffix 			289 301
        /tmp/adamic-gate/TestMutantsenum_reported_at_its_declaration_rather_than_its_nam1678030006/018/options.ts:1:305
          @typescript-eslint/method-signature-style  This is written as a shorthand method signature, which TypeScript checks bivariantly: a parameter can be narrowed by an implementer and the compiler will not object, so a call that type-checks can still be wrong at runtime. A function property is checked the strict way and catches that.

        range 304 334 errorMethod fix	method: (value: string) => number;		304 334
        /tmp/adamic-gate/TestMutantsenum_reported_at_its_declaration_rather_than_its_nam1678030006/018/options.ts:1:389
          nexus/consistency-no-enum  TypeScript enum is banned. Use `as const` with the Kind and KindType pattern instead: `export const FooKind = { A: 'A' } as const; export type FooKindType = (typeof FooKind)[keyof typeof FooKind];`

        range 388 397 noEnum 			388 397
        /tmp/adamic-gate/TestMutantsenum_reported_at_its_declaration_rather_than_its_nam1678030006/018/options.ts:1:409
--- PASS: TestMutants/enum_reported_at_its_declaration_rather_than_its_name (12.97s)
=== CONT  TestMutants/destructuring_hole_reported
    lint_test.go:1000: checker compilation phases: load=462.749208ms lower=10.059520991s C=975.083557ms JavaScript=64.118088ms
    lint_test.go:1000: checker compilation phases: load=264.073437ms lower=9.482049747s C=923.015518ms JavaScript=60.340317ms
    lint_test.go:1000: checker compilation phases: load=557.372381ms lower=10.340883242s C=1.142153349s JavaScript=40.112345ms
    lint_test.go:1006: constructor-property-name-ignored caught on Node: case 88 line 4600: port "fixed\tthis.prototype._bar;\\u000athis.constructor._bar;\\u000a", Go "/tmp/adamic-gate/TestMutantsconstructor-property-name-ignored3878342653/019/no-underscore-dangle-0.ts:1:1"
        Go context:
          no-return-assign  This return statement assigns rather than returns a value it already has, so it does two things at once and the assignment is the one the reader is likeliest to miss. It is usually a `==` typed as `=`, and where it is deliberate it reads as a value being returned rather than as a write happening on the way out. Assign on its own line and return the variable, or wrap the assignment in its own parentheses to say the write was meant.

        range 643 661 returnAssignment 			643 661
        fixed	interface Bare { n: number }; interface WrongType { value: number }; type Alias = string; const Choice={Yes:'Yes'} as const; function guard(x: unknown): x is string { return true; } console.log('one'); console['warn']('two'); let count=0; count++; for(let i=0;i<3;i++){count++;} interface CallableType { method: (value: string) => number; readonly property: (value: string) => number; } enum Direction { Left=1, Right=Left|2, Other=compute() } let boxed: number; class Thing implements Boolean {} if(!flag){doOne();}else{doTwo();} const chosen=!flag?left:right; const assigning=()=>left=right; const wrapped=()=>(left=right); function returning(){return left=right;}\u000a
        case 88
        /tmp/adamic-gate/TestMutantsconstructor-property-name-ignored3878342653/019/no-underscore-dangle-0.ts:1:1
          no-underscore-dangle  Unexpected dangling '_' in '_bar'. A leading or trailing underscore is a convention for privacy that the language does not enforce, so it tells a reader something is off limits while doing nothing to keep them out. Where privacy is real, `#private` or a closure says so and is checked.

        range 0 19 unexpectedUnderscore 			0 19
        fixed	this.prototype._bar;\u000athis.constructor._bar;\u000a
    lint_test.go:1006: constructor-property-name-ignored caught on emitted JavaScript: case 88 line 4600: port "fixed\tthis.prototype._bar;\\u000athis.constructor._bar;\\u000a", Go "/tmp/adamic-gate/TestMutantsconstructor-property-name-ignored3878342653/019/no-underscore-dangle-0.ts:1:1"
        Go context:
          no-return-assign  This return statement assigns rather than returns a value it already has, so it does two things at once and the assignment is the one the reader is likeliest to miss. It is usually a `==` typed as `=`, and where it is deliberate it reads as a value being returned rather than as a write happening on the way out. Assign on its own line and return the variable, or wrap the assignment in its own parentheses to say the write was meant.

        range 643 661 returnAssignment 			643 661
        fixed	interface Bare { n: number }; interface WrongType { value: number }; type Alias = string; const Choice={Yes:'Yes'} as const; function guard(x: unknown): x is string { return true; } console.log('one'); console['warn']('two'); let count=0; count++; for(let i=0;i<3;i++){count++;} interface CallableType { method: (value: string) => number; readonly property: (value: string) => number; } enum Direction { Left=1, Right=Left|2, Other=compute() } let boxed: number; class Thing implements Boolean {} if(!flag){doOne();}else{doTwo();} const chosen=!flag?left:right; const assigning=()=>left=right; const wrapped=()=>(left=right); function returning(){return left=right;}\u000a
        case 88
        /tmp/adamic-gate/TestMutantsconstructor-property-name-ignored3878342653/019/no-underscore-dangle-0.ts:1:1
          no-underscore-dangle  Unexpected dangling '_' in '_bar'. A leading or trailing underscore is a convention for privacy that the language does not enforce, so it tells a reader something is off limits while doing nothing to keep them out. Where privacy is real, `#private` or a closure says so and is checked.

        range 0 19 unexpectedUnderscore 			0 19
        fixed	this.prototype._bar;\u000athis.constructor._bar;\u000a
--- PASS: TestMutants/constructor-property-name-ignored (13.46s)
=== CONT  TestMutants/callback_at_the_limit_is_reported
    lint_test.go:1006: nexus-abbreviated-identifier whole-word finding suppressed caught on Node: case 88 line 4600: port "/tmp/adamic-gate/TestMutantsnexus-abbreviated-identifier_whole-word_finding_supp2385375209/019/nexus-consistency-no-abbreviated-identifier-0.ts:1:24", Go "/tmp/adamic-gate/TestMutantsnexus-abbreviated-identifier_whole-word_finding_supp2385375209/019/nexus-consistency-no-abbreviated-identifier-0.ts:1:7"
        Go context:
          no-return-assign  This return statement assigns rather than returns a value it already has, so it does two things at once and the assignment is the one the reader is likeliest to miss. It is usually a `==` typed as `=`, and where it is deliberate it reads as a value being returned rather than as a write happening on the way out. Assign on its own line and return the variable, or wrap the assignment in its own parentheses to say the write was meant.

        range 643 661 returnAssignment 			643 661
        fixed	interface Bare { n: number }; interface WrongType { value: number }; type Alias = string; const Choice={Yes:'Yes'} as const; function guard(x: unknown): x is string { return true; } console.log('one'); console['warn']('two'); let count=0; count++; for(let i=0;i<3;i++){count++;} interface CallableType { method: (value: string) => number; readonly property: (value: string) => number; } enum Direction { Left=1, Right=Left|2, Other=compute() } let boxed: number; class Thing implements Boolean {} if(!flag){doOne();}else{doTwo();} const chosen=!flag?left:right; const assigning=()=>left=right; const wrapped=()=>(left=right); function returning(){return left=right;}\u000a
        case 88
        /tmp/adamic-gate/TestMutantsnexus-abbreviated-identifier_whole-word_finding_supp2385375209/019/nexus-consistency-no-abbreviated-identifier-0.ts:1:7
          nexus/consistency-no-abbreviated-identifier  Identifier "props" should not be abbreviated. Use "properties" or a more descriptive name. A name is written once and read everywhere, so the letters saved at the declaration are paid back at every call site by a reader who has to expand the abbreviation themselves and hope they expanded it the way the author meant.

        range 6 11 abbreviatedIdentifier 			6 11
        /tmp/adamic-gate/TestMutantsnexus-abbreviated-identifier_whole-word_finding_supp2385375209/019/nexus-consistency-no-abbreviated-identifier-0.ts:1:24
    lint_test.go:1006: nexus-abbreviated-identifier whole-word finding suppressed caught on emitted JavaScript: case 88 line 4600: port "/tmp/adamic-gate/TestMutantsnexus-abbreviated-identifier_whole-word_finding_supp2385375209/019/nexus-consistency-no-abbreviated-identifier-0.ts:1:24", Go "/tmp/adamic-gate/TestMutantsnexus-abbreviated-identifier_whole-word_finding_supp2385375209/019/nexus-consistency-no-abbreviated-identifier-0.ts:1:7"
        Go context:
          no-return-assign  This return statement assigns rather than returns a value it already has, so it does two things at once and the assignment is the one the reader is likeliest to miss. It is usually a `==` typed as `=`, and where it is deliberate it reads as a value being returned rather than as a write happening on the way out. Assign on its own line and return the variable, or wrap the assignment in its own parentheses to say the write was meant.

        range 643 661 returnAssignment 			643 661
        fixed	interface Bare { n: number }; interface WrongType { value: number }; type Alias = string; const Choice={Yes:'Yes'} as const; function guard(x: unknown): x is string { return true; } console.log('one'); console['warn']('two'); let count=0; count++; for(let i=0;i<3;i++){count++;} interface CallableType { method: (value: string) => number; readonly property: (value: string) => number; } enum Direction { Left=1, Right=Left|2, Other=compute() } let boxed: number; class Thing implements Boolean {} if(!flag){doOne();}else{doTwo();} const chosen=!flag?left:right; const assigning=()=>left=right; const wrapped=()=>(left=right); function returning(){return left=right;}\u000a
        case 88
        /tmp/adamic-gate/TestMutantsnexus-abbreviated-identifier_whole-word_finding_supp2385375209/019/nexus-consistency-no-abbreviated-identifier-0.ts:1:7
          nexus/consistency-no-abbreviated-identifier  Identifier "props" should not be abbreviated. Use "properties" or a more descriptive name. A name is written once and read everywhere, so the letters saved at the declaration are paid back at every call site by a reader who has to expand the abbreviation themselves and hope they expanded it the way the author meant.

        range 6 11 abbreviatedIdentifier 			6 11
        /tmp/adamic-gate/TestMutantsnexus-abbreviated-identifier_whole-word_finding_supp2385375209/019/nexus-consistency-no-abbreviated-identifier-0.ts:1:24
--- PASS: TestMutants/nexus-abbreviated-identifier_whole-word_finding_suppressed (12.61s)
=== CONT  TestMutants/comma_chain_reports_inner
    lint_test.go:1000: checker compilation phases: load=300.297773ms lower=10.151137821s C=1.043881383s JavaScript=43.541831ms
    lint_test.go:1006: ambiguous-identifier-span caught on Node: case 1 line 13: port "range 28 30 noSingleLetter \t\t\t28 30", Go "range 28 29 noSingleLetter \t\t\t28 29"
        Go context:
        skipped @typescript-eslint/no-unnecessary-boolean-literal-compare no program
        skipped @typescript-eslint/prefer-find no program
        /tmp/adamic-gate/TestMutantsambiguous-identifier-span2300437160/002/top_level_await_new_script.ts:3:1
          nexus/consistency-no-ambiguous-identifier  Single-letter identifier "f" is not descriptive enough. The name is read everywhere it is used and declared only once, so the saving is at the declaration and the cost is at every call site.

        range 28 29 noSingleLetter 			28 29
        /tmp/adamic-gate/TestMutantsambiguous-identifier-span2300437160/002/top_level_await_new_script.ts:4:1
          nexus/consistency-no-ambiguous-identifier  Single-letter identifier "f" is not descriptive enough. The name is read everywhere it is used and declared only once, so the saving is at the declaration and the cost is at every call site.

        range 46 47 noSingleLetter 			46 47
    lint_test.go:1006: ambiguous-identifier-span caught on emitted JavaScript: case 1 line 13: port "range 28 30 noSingleLetter \t\t\t28 30", Go "range 28 29 noSingleLetter \t\t\t28 29"
        Go context:
        skipped @typescript-eslint/no-unnecessary-boolean-literal-compare no program
        skipped @typescript-eslint/prefer-find no program
        /tmp/adamic-gate/TestMutantsambiguous-identifier-span2300437160/002/top_level_await_new_script.ts:3:1
          nexus/consistency-no-ambiguous-identifier  Single-letter identifier "f" is not descriptive enough. The name is read everywhere it is used and declared only once, so the saving is at the declaration and the cost is at every call site.

        range 28 29 noSingleLetter 			28 29
        /tmp/adamic-gate/TestMutantsambiguous-identifier-span2300437160/002/top_level_await_new_script.ts:4:1
          nexus/consistency-no-ambiguous-identifier  Single-letter identifier "f" is not descriptive enough. The name is read everywhere it is used and declared only once, so the saving is at the declaration and the cost is at every call site.

        range 46 47 noSingleLetter 			46 47
--- PASS: TestMutants/ambiguous-identifier-span (13.97s)
=== CONT  TestMutants/max-depth-keyword-span
    lint_test.go:1006: empty placeholder reported caught on Node: case 51 line 2500: port "/tmp/adamic-gate/TestMutantsempty_placeholder_reported630550984/012/generated-8.ts:1:43", Go "/tmp/adamic-gate/TestMutantsempty_placeholder_reported630550984/012/generated-8.ts:1:62"
        Go context:
        skipped @typescript-eslint/prefer-find no program
        /tmp/adamic-gate/TestMutantsempty_placeholder_reported630550984/012/generated-8.ts:1:19
          no-template-curly-in-string  This ordinary string contains a template placeholder, so the placeholder is not a placeholder: it is four literal characters that will be sent, rendered, or stored exactly as written. The failure is silent, because the string is a perfectly valid string and nothing at runtime objects to it. Backticks are almost always what was meant.

        range 18 28 unexpectedTemplateExpression 			18 28
        /tmp/adamic-gate/TestMutantsempty_placeholder_reported630550984/012/generated-8.ts:1:62
          no-div-regex  This regular expression begins with an equals sign, so its first two characters are the divide-assign operator spelled backwards, and a reader scanning the line has to work out which one it is. Writing the equals sign as a one-member character class matches exactly the same input and can only be read one way.

        range 61 68 unexpected fix	[=]		62 63
        /tmp/adamic-gate/TestMutantsempty_placeholder_reported630550984/012/generated-8.ts:1:94
    lint_test.go:1006: empty placeholder reported caught on emitted JavaScript: case 51 line 2500: port "/tmp/adamic-gate/TestMutantsempty_placeholder_reported630550984/012/generated-8.ts:1:43", Go "/tmp/adamic-gate/TestMutantsempty_placeholder_reported630550984/012/generated-8.ts:1:62"
        Go context:
        skipped @typescript-eslint/prefer-find no program
        /tmp/adamic-gate/TestMutantsempty_placeholder_reported630550984/012/generated-8.ts:1:19
          no-template-curly-in-string  This ordinary string contains a template placeholder, so the placeholder is not a placeholder: it is four literal characters that will be sent, rendered, or stored exactly as written. The failure is silent, because the string is a perfectly valid string and nothing at runtime objects to it. Backticks are almost always what was meant.

        range 18 28 unexpectedTemplateExpression 			18 28
        /tmp/adamic-gate/TestMutantsempty_placeholder_reported630550984/012/generated-8.ts:1:62
          no-div-regex  This regular expression begins with an equals sign, so its first two characters are the divide-assign operator spelled backwards, and a reader scanning the line has to work out which one it is. Writing the equals sign as a one-member character class matches exactly the same input and can only be read one way.

        range 61 68 unexpected fix	[=]		62 63
        /tmp/adamic-gate/TestMutantsempty_placeholder_reported630550984/012/generated-8.ts:1:94
--- PASS: TestMutants/empty_placeholder_reported (13.61s)
=== CONT  TestMutants/self-comparison-equality-reversed
    lint_test.go:1000: checker compilation phases: load=318.970584ms lower=10.922400187s C=957.496566ms JavaScript=47.255144ms
    lint_test.go:1006: destructuring hole reported caught on Node: case 39 line 1760: port "/tmp/adamic-gate/TestMutantsdestructuring_hole_reported2908030700/010/generated-6.ts:1:151", Go "/tmp/adamic-gate/TestMutantsdestructuring_hole_reported2908030700/010/generated-6.ts:1:153"
        Go context:
        range 107 115 noNewStatement 			107 115
        /tmp/adamic-gate/TestMutantsdestructuring_hole_reported2908030700/010/generated-6.ts:1:143
          no-sparse-arrays  This array literal has a hole: two commas with nothing between them. A hole is not undefined, it is an absent index, and the difference is visible exactly where it is least expected. `map` and `forEach` skip holes while `for...of` and spread produce undefined for them, so the same array reads as two different lengths of data depending on how it is walked. Almost every hole is a typo for one comma. If the absence is deliberate, write undefined and say so.

        range 142 147 unexpectedSparseArray 			142 147
        /tmp/adamic-gate/TestMutantsdestructuring_hole_reported2908030700/010/generated-6.ts:1:153
          nexus/consistency-no-ambiguous-identifier  Single-letter identifier "a" is not descriptive enough. The name is read everywhere it is used and declared only once, so the saving is at the declaration and the cost is at every call site.

        range 152 153 noSingleLetter 			152 153
        /tmp/adamic-gate/TestMutantsdestructuring_hole_reported2908030700/010/generated-6.ts:1:156
    lint_test.go:1006: destructuring hole reported caught on emitted JavaScript: case 39 line 1760: port "/tmp/adamic-gate/TestMutantsdestructuring_hole_reported2908030700/010/generated-6.ts:1:151", Go "/tmp/adamic-gate/TestMutantsdestructuring_hole_reported2908030700/010/generated-6.ts:1:153"
        Go context:
        range 107 115 noNewStatement 			107 115
        /tmp/adamic-gate/TestMutantsdestructuring_hole_reported2908030700/010/generated-6.ts:1:143
          no-sparse-arrays  This array literal has a hole: two commas with nothing between them. A hole is not undefined, it is an absent index, and the difference is visible exactly where it is least expected. `map` and `forEach` skip holes while `for...of` and spread produce undefined for them, so the same array reads as two different lengths of data depending on how it is walked. Almost every hole is a typo for one comma. If the absence is deliberate, write undefined and say so.

        range 142 147 unexpectedSparseArray 			142 147
        /tmp/adamic-gate/TestMutantsdestructuring_hole_reported2908030700/010/generated-6.ts:1:153
          nexus/consistency-no-ambiguous-identifier  Single-letter identifier "a" is not descriptive enough. The name is read everywhere it is used and declared only once, so the saving is at the declaration and the cost is at every call site.

        range 152 153 noSingleLetter 			152 153
        /tmp/adamic-gate/TestMutantsdestructuring_hole_reported2908030700/010/generated-6.ts:1:156
--- PASS: TestMutants/destructuring_hole_reported (13.94s)
=== CONT  TestMutants/one_excess_class_is_silently_allowed
    lint_test.go:1000: checker compilation phases: load=318.564073ms lower=10.432789294s C=900.97783ms JavaScript=57.585967ms
    lint_test.go:1000: checker compilation phases: load=464.874863ms lower=10.843445541s C=935.288852ms JavaScript=54.489004ms
    lint_test.go:1006: comma chain reports inner caught on Node: case 51 line 2552: port "/tmp/adamic-gate/TestMutantscomma_chain_reports_inner1565541567/012/generated-8.ts:1:128", Go "/tmp/adamic-gate/TestMutantscomma_chain_reports_inner1565541567/012/generated-8.ts:1:129"
        Go context:
        range 119 120 noSingleLetter 			119 120
        /tmp/adamic-gate/TestMutantscomma_chain_reports_inner1565541567/012/generated-8.ts:1:127
          nexus/consistency-no-ambiguous-identifier  Single-letter identifier "a" is not descriptive enough. The name is read everywhere it is used and declared only once, so the saving is at the declaration and the cost is at every call site.

        range 126 127 noSingleLetter 			126 127
        /tmp/adamic-gate/TestMutantscomma_chain_reports_inner1565541567/012/generated-8.ts:1:129
          nexus/consistency-no-ambiguous-identifier  Single-letter identifier "b" is not descriptive enough. The name is read everywhere it is used and declared only once, so the saving is at the declaration and the cost is at every call site.

        range 128 129 noSingleLetter 			128 129
        /tmp/adamic-gate/TestMutantscomma_chain_reports_inner1565541567/012/generated-8.ts:1:131
    lint_test.go:1006: comma chain reports inner caught on emitted JavaScript: case 51 line 2552: port "/tmp/adamic-gate/TestMutantscomma_chain_reports_inner1565541567/012/generated-8.ts:1:128", Go "/tmp/adamic-gate/TestMutantscomma_chain_reports_inner1565541567/012/generated-8.ts:1:129"
        Go context:
        range 119 120 noSingleLetter 			119 120
        /tmp/adamic-gate/TestMutantscomma_chain_reports_inner1565541567/012/generated-8.ts:1:127
          nexus/consistency-no-ambiguous-identifier  Single-letter identifier "a" is not descriptive enough. The name is read everywhere it is used and declared only once, so the saving is at the declaration and the cost is at every call site.

        range 126 127 noSingleLetter 			126 127
        /tmp/adamic-gate/TestMutantscomma_chain_reports_inner1565541567/012/generated-8.ts:1:129
          nexus/consistency-no-ambiguous-identifier  Single-letter identifier "b" is not descriptive enough. The name is read everywhere it is used and declared only once, so the saving is at the declaration and the cost is at every call site.

        range 128 129 noSingleLetter 			128 129
        /tmp/adamic-gate/TestMutantscomma_chain_reports_inner1565541567/012/generated-8.ts:1:131
--- PASS: TestMutants/comma_chain_reports_inner (13.70s)
=== CONT  TestMutants/no-script-url-case-fold
    lint_test.go:1000: checker compilation phases: load=361.32451ms lower=10.626130129s C=935.060214ms JavaScript=69.18494ms
    lint_test.go:1006: callback at the limit is reported caught on Node: case 88 line 4600: port "/tmp/adamic-gate/TestMutantscallback_at_the_limit_is_reported2577918607/019/max-nested-callbacks-0.ts:1:159", Go "/tmp/adamic-gate/TestMutantscallback_at_the_limit_is_reported2577918607/019/max-nested-callbacks-0.ts:1:176"
        Go context:
          no-return-assign  This return statement assigns rather than returns a value it already has, so it does two things at once and the assignment is the one the reader is likeliest to miss. It is usually a `==` typed as `=`, and where it is deliberate it reads as a value being returned rather than as a write happening on the way out. Assign on its own line and return the variable, or wrap the assignment in its own parentheses to say the write was meant.

        range 643 661 returnAssignment 			643 661
        fixed	interface Bare { n: number }; interface WrongType { value: number }; type Alias = string; const Choice={Yes:'Yes'} as const; function guard(x: unknown): x is string { return true; } console.log('one'); console['warn']('two'); let count=0; count++; for(let i=0;i<3;i++){count++;} interface CallableType { method: (value: string) => number; readonly property: (value: string) => number; } enum Direction { Left=1, Right=Left|2, Other=compute() } let boxed: number; class Thing implements Boolean {} if(!flag){doOne();}else{doTwo();} const chosen=!flag?left:right; const assigning=()=>left=right; const wrapped=()=>(left=right); function returning(){return left=right;}\u000a
        case 88
        /tmp/adamic-gate/TestMutantscallback_at_the_limit_is_reported2577918607/019/max-nested-callbacks-0.ts:1:176
          max-nested-callbacks  Too many nested callbacks (11). Maximum allowed is 10. Each layer of callback moves the code that runs later further from the code that decided to run it, so by this depth the order of execution can no longer be read off the page. Name the inner functions and call them by name, or move to promises.

        range 175 183 exceed 			175 183
        fixed	call(function(){ call(function(){ call(function(){ call(function(){ call(function(){ call(function(){ call(function(){ call(function(){ call(function(){ call(function(){ call(function(){ work(); }); }); }); }); }); }); }); }); }); }); });\u000a
    lint_test.go:1006: callback at the limit is reported caught on emitted JavaScript: case 88 line 4600: port "/tmp/adamic-gate/TestMutantscallback_at_the_limit_is_reported2577918607/019/max-nested-callbacks-0.ts:1:159", Go "/tmp/adamic-gate/TestMutantscallback_at_the_limit_is_reported2577918607/019/max-nested-callbacks-0.ts:1:176"
        Go context:
          no-return-assign  This return statement assigns rather than returns a value it already has, so it does two things at once and the assignment is the one the reader is likeliest to miss. It is usually a `==` typed as `=`, and where it is deliberate it reads as a value being returned rather than as a write happening on the way out. Assign on its own line and return the variable, or wrap the assignment in its own parentheses to say the write was meant.

        range 643 661 returnAssignment 			643 661
        fixed	interface Bare { n: number }; interface WrongType { value: number }; type Alias = string; const Choice={Yes:'Yes'} as const; function guard(x: unknown): x is string { return true; } console.log('one'); console['warn']('two'); let count=0; count++; for(let i=0;i<3;i++){count++;} interface CallableType { method: (value: string) => number; readonly property: (value: string) => number; } enum Direction { Left=1, Right=Left|2, Other=compute() } let boxed: number; class Thing implements Boolean {} if(!flag){doOne();}else{doTwo();} const chosen=!flag?left:right; const assigning=()=>left=right; const wrapped=()=>(left=right); function returning(){return left=right;}\u000a
        case 88
        /tmp/adamic-gate/TestMutantscallback_at_the_limit_is_reported2577918607/019/max-nested-callbacks-0.ts:1:176
          max-nested-callbacks  Too many nested callbacks (11). Maximum allowed is 10. Each layer of callback moves the code that runs later further from the code that decided to run it, so by this depth the order of execution can no longer be read off the page. Name the inner functions and call them by name, or move to promises.

        range 175 183 exceed 			175 183
        fixed	call(function(){ call(function(){ call(function(){ call(function(){ call(function(){ call(function(){ call(function(){ call(function(){ call(function(){ call(function(){ call(function(){ work(); }); }); }); }); }); }); }); }); }); }); });\u000a
--- PASS: TestMutants/callback_at_the_limit_is_reported (14.11s)
=== CONT  TestMutants/pagination_bad_name_accepted
    lint_test.go:1000: checker compilation phases: load=399.082294ms lower=10.864099221s C=960.282798ms JavaScript=43.683167ms
    lint_test.go:1006: max-depth-keyword-span caught on Node: case 88 line 4603: port "range 79 109 tooDeeply \t\t\t79 109", Go "range 79 85 tooDeeply \t\t\t79 85"
        Go context:
        fixed	interface Bare { n: number }; interface WrongType { value: number }; type Alias = string; const Choice={Yes:'Yes'} as const; function guard(x: unknown): x is string { return true; } console.log('one'); console['warn']('two'); let count=0; count++; for(let i=0;i<3;i++){count++;} interface CallableType { method: (value: string) => number; readonly property: (value: string) => number; } enum Direction { Left=1, Right=Left|2, Other=compute() } let boxed: number; class Thing implements Boolean {} if(!flag){doOne();}else{doTwo();} const chosen=!flag?left:right; const assigning=()=>left=right; const wrapped=()=>(left=right); function returning(){return left=right;}\u000a
        case 88
        /tmp/adamic-gate/TestMutantsmax-depth-keyword-span927596565/019/max-depth-0.ts:1:80
          max-depth  Blocks are nested too deeply (5). Maximum allowed is 4. Each level of nesting is another condition the reader has to hold in their head to know whether this line runs at all. Lift a branch into a named function, return early to flatten the happy path, or invert a condition so the exceptional case exits first.

        range 79 85 tooDeeply 			79 85
        fixed	/* \ud83c\udf0d keyword ranges */ function f() { if (a) { while (b) { for (;;) { try { switch (c) { default: break; } } finally {} } } } }\u000a
    lint_test.go:1006: max-depth-keyword-span caught on emitted JavaScript: case 88 line 4603: port "range 79 109 tooDeeply \t\t\t79 109", Go "range 79 85 tooDeeply \t\t\t79 85"
        Go context:
        fixed	interface Bare { n: number }; interface WrongType { value: number }; type Alias = string; const Choice={Yes:'Yes'} as const; function guard(x: unknown): x is string { return true; } console.log('one'); console['warn']('two'); let count=0; count++; for(let i=0;i<3;i++){count++;} interface CallableType { method: (value: string) => number; readonly property: (value: string) => number; } enum Direction { Left=1, Right=Left|2, Other=compute() } let boxed: number; class Thing implements Boolean {} if(!flag){doOne();}else{doTwo();} const chosen=!flag?left:right; const assigning=()=>left=right; const wrapped=()=>(left=right); function returning(){return left=right;}\u000a
        case 88
        /tmp/adamic-gate/TestMutantsmax-depth-keyword-span927596565/019/max-depth-0.ts:1:80
          max-depth  Blocks are nested too deeply (5). Maximum allowed is 4. Each level of nesting is another condition the reader has to hold in their head to know whether this line runs at all. Lift a branch into a named function, return early to flatten the happy path, or invert a condition so the exceptional case exits first.

        range 79 85 tooDeeply 			79 85
        fixed	/* \ud83c\udf0d keyword ranges */ function f() { if (a) { while (b) { for (;;) { try { switch (c) { default: break; } } finally {} } } } }\u000a
--- PASS: TestMutants/max-depth-keyword-span (14.05s)
=== CONT  TestMutants/return_parentheses_option_reversed
    lint_test.go:1006: self-comparison-equality-reversed caught on Node: case 15 line 513: port "  no-self-compare  Both sides of this comparison are written identically, so the answer does not depend on the data: it is true, or it is false, every time. The two shapes this is almost always hiding are a typo in one operand, and a deliberate `x !== x` reaching for a NaN check, which `Number.isNaN(x)` says out loud instead.", Go "  nexus/consistency-no-ambiguous-identifier  Single-letter identifier \"a\" is not descriptive enough. The name is read everywhere it is used and declared only once, so the saving is at the declaration and the cost is at every call site."
        Go context:
        case 15
        skipped @typescript-eslint/no-redundant-type-constituents no program
        skipped @typescript-eslint/no-unnecessary-boolean-literal-compare no program
        skipped @typescript-eslint/prefer-find no program
        /tmp/adamic-gate/TestMutantsself-comparison-equality-reversed575071910/006/generated-2.ts:1:1
          nexus/consistency-no-ambiguous-identifier  Single-letter identifier "a" is not descriptive enough. The name is read everywhere it is used and declared only once, so the saving is at the declaration and the cost is at every call site.

        range 0 1 noSingleLetter 			0 1
        /tmp/adamic-gate/TestMutantsself-comparison-equality-reversed575071910/006/generated-2.ts:1:3
          eqeqeq  This compares with `==`, which coerces its operands to a common type before comparing. That makes the comparison non-transitive, which is the one property every reader assumes a comparison has: `0 == '0'` and `'0' == []` disagree while `0 == []` is true. Write `===`, which compares without coercing.
    lint_test.go:1006: self-comparison-equality-reversed caught on emitted JavaScript: case 15 line 513: port "  no-self-compare  Both sides of this comparison are written identically, so the answer does not depend on the data: it is true, or it is false, every time. The two shapes this is almost always hiding are a typo in one operand, and a deliberate `x !== x` reaching for a NaN check, which `Number.isNaN(x)` says out loud instead.", Go "  nexus/consistency-no-ambiguous-identifier  Single-letter identifier \"a\" is not descriptive enough. The name is read everywhere it is used and declared only once, so the saving is at the declaration and the cost is at every call site."
        Go context:
        case 15
        skipped @typescript-eslint/no-redundant-type-constituents no program
        skipped @typescript-eslint/no-unnecessary-boolean-literal-compare no program
        skipped @typescript-eslint/prefer-find no program
        /tmp/adamic-gate/TestMutantsself-comparison-equality-reversed575071910/006/generated-2.ts:1:1
          nexus/consistency-no-ambiguous-identifier  Single-letter identifier "a" is not descriptive enough. The name is read everywhere it is used and declared only once, so the saving is at the declaration and the cost is at every call site.

        range 0 1 noSingleLetter 			0 1
        /tmp/adamic-gate/TestMutantsself-comparison-equality-reversed575071910/006/generated-2.ts:1:3
          eqeqeq  This compares with `==`, which coerces its operands to a common type before comparing. That makes the comparison non-transitive, which is the one property every reader assumes a comparison has: `0 == '0'` and `'0' == []` disagree while `0 == []` is true. Write `===`, which compares without coercing.
--- PASS: TestMutants/self-comparison-equality-reversed (14.28s)
=== CONT  TestMutants/declared_BaseError_constructor_ignored
    lint_test.go:1000: checker compilation phases: load=520.051326ms lower=10.258016582s C=906.710792ms JavaScript=48.179551ms
    lint_test.go:1006: one excess class is silently allowed caught on Node: case 88 line 4600: port "fixed\t/* leading trivia */\\u000aclass First {}\\u000aclass Second {}\\u000a/* trailing trivia */\\u000a", Go "/tmp/adamic-gate/TestMutantsone_excess_class_is_silently_allowed3883180368/019/max-classes-per-file-0.ts:2:1"
        Go context:
          no-return-assign  This return statement assigns rather than returns a value it already has, so it does two things at once and the assignment is the one the reader is likeliest to miss. It is usually a `==` typed as `=`, and where it is deliberate it reads as a value being returned rather than as a write happening on the way out. Assign on its own line and return the variable, or wrap the assignment in its own parentheses to say the write was meant.

        range 643 661 returnAssignment 			643 661
        fixed	interface Bare { n: number }; interface WrongType { value: number }; type Alias = string; const Choice={Yes:'Yes'} as const; function guard(x: unknown): x is string { return true; } console.log('one'); console['warn']('two'); let count=0; count++; for(let i=0;i<3;i++){count++;} interface CallableType { method: (value: string) => number; readonly property: (value: string) => number; } enum Direction { Left=1, Right=Left|2, Other=compute() } let boxed: number; class Thing implements Boolean {} if(!flag){doOne();}else{doTwo();} const chosen=!flag?left:right; const assigning=()=>left=right; const wrapped=()=>(left=right); function returning(){return left=right;}\u000a
        case 88
        /tmp/adamic-gate/TestMutantsone_excess_class_is_silently_allowed3883180368/019/max-classes-per-file-0.ts:2:1
          max-classes-per-file  File has too many classes (2). Maximum allowed is 1. A file holding several classes makes the reader hold several vocabularies at once, and the import that names the file no longer says which one it wanted. Split them into a file each, named for the class.

        range 21 51 maximumExceeded 			21 51
        fixed	/* leading trivia */\u000aclass First {}\u000aclass Second {}\u000a/* trailing trivia */\u000a
    lint_test.go:1006: one excess class is silently allowed caught on emitted JavaScript: case 88 line 4600: port "fixed\t/* leading trivia */\\u000aclass First {}\\u000aclass Second {}\\u000a/* trailing trivia */\\u000a", Go "/tmp/adamic-gate/TestMutantsone_excess_class_is_silently_allowed3883180368/019/max-classes-per-file-0.ts:2:1"
        Go context:
          no-return-assign  This return statement assigns rather than returns a value it already has, so it does two things at once and the assignment is the one the reader is likeliest to miss. It is usually a `==` typed as `=`, and where it is deliberate it reads as a value being returned rather than as a write happening on the way out. Assign on its own line and return the variable, or wrap the assignment in its own parentheses to say the write was meant.

        range 643 661 returnAssignment 			643 661
        fixed	interface Bare { n: number }; interface WrongType { value: number }; type Alias = string; const Choice={Yes:'Yes'} as const; function guard(x: unknown): x is string { return true; } console.log('one'); console['warn']('two'); let count=0; count++; for(let i=0;i<3;i++){count++;} interface CallableType { method: (value: string) => number; readonly property: (value: string) => number; } enum Direction { Left=1, Right=Left|2, Other=compute() } let boxed: number; class Thing implements Boolean {} if(!flag){doOne();}else{doTwo();} const chosen=!flag?left:right; const assigning=()=>left=right; const wrapped=()=>(left=right); function returning(){return left=right;}\u000a
        case 88
        /tmp/adamic-gate/TestMutantsone_excess_class_is_silently_allowed3883180368/019/max-classes-per-file-0.ts:2:1
          max-classes-per-file  File has too many classes (2). Maximum allowed is 1. A file holding several classes makes the reader hold several vocabularies at once, and the import that names the file no longer says which one it wanted. Split them into a file each, named for the class.

        range 21 51 maximumExceeded 			21 51
        fixed	/* leading trivia */\u000aclass First {}\u000aclass Second {}\u000a/* trailing trivia */\u000a
--- PASS: TestMutants/one_excess_class_is_silently_allowed (13.49s)
=== CONT  TestMutants/console_receiver_widened
    lint_test.go:1000: checker compilation phases: load=433.694724ms lower=11.236823348s C=964.120442ms JavaScript=71.800108ms
    lint_test.go:1000: checker compilation phases: load=343.869669ms lower=11.296711777s C=902.655794ms JavaScript=31.566289ms
    lint_test.go:1000: checker compilation phases: load=312.135107ms lower=11.115162674s C=981.58384ms JavaScript=49.147808ms
    lint_test.go:1006: pagination_bad_name_accepted caught on Node: case 88 line 4600: port "fixed\tclass C { m(@GraphQlArgument('bad') p: PaginationInput) {} }\\u000a", Go "/tmp/adamic-gate/TestMutantspagination_bad_name_accepted588869670/019/base-consistency-require-pagination-argument-name-0.ts:1:30"
        Go context:
          no-return-assign  This return statement assigns rather than returns a value it already has, so it does two things at once and the assignment is the one the reader is likeliest to miss. It is usually a `==` typed as `=`, and where it is deliberate it reads as a value being returned rather than as a write happening on the way out. Assign on its own line and return the variable, or wrap the assignment in its own parentheses to say the write was meant.

        range 643 661 returnAssignment 			643 661
        fixed	interface Bare { n: number }; interface WrongType { value: number }; type Alias = string; const Choice={Yes:'Yes'} as const; function guard(x: unknown): x is string { return true; } console.log('one'); console['warn']('two'); let count=0; count++; for(let i=0;i<3;i++){count++;} interface CallableType { method: (value: string) => number; readonly property: (value: string) => number; } enum Direction { Left=1, Right=Left|2, Other=compute() } let boxed: number; class Thing implements Boolean {} if(!flag){doOne();}else{doTwo();} const chosen=!flag?left:right; const assigning=()=>left=right; const wrapped=()=>(left=right); function returning(){return left=right;}\u000a
        case 88
        /tmp/adamic-gate/TestMutantspagination_bad_name_accepted588869670/019/base-consistency-require-pagination-argument-name-0.ts:1:30
          base/consistency-require-pagination-argument-name  A GraphQlArgument of PaginationInput type must be named "pagination", or end with "Pagination" when a query takes more than one paginator and the names have to be told apart. A caller reads the argument name to know which paginator it is driving, and a name outside that convention makes them guess.

        range 29 34 invalidName 			29 34
        fixed	class C { m(@GraphQlArgument('bad') p: PaginationInput) {} }\u000a
    lint_test.go:1006: pagination_bad_name_accepted caught on emitted JavaScript: case 88 line 4600: port "fixed\tclass C { m(@GraphQlArgument('bad') p: PaginationInput) {} }\\u000a", Go "/tmp/adamic-gate/TestMutantspagination_bad_name_accepted588869670/019/base-consistency-require-pagination-argument-name-0.ts:1:30"
        Go context:
          no-return-assign  This return statement assigns rather than returns a value it already has, so it does two things at once and the assignment is the one the reader is likeliest to miss. It is usually a `==` typed as `=`, and where it is deliberate it reads as a value being returned rather than as a write happening on the way out. Assign on its own line and return the variable, or wrap the assignment in its own parentheses to say the write was meant.

        range 643 661 returnAssignment 			643 661
        fixed	interface Bare { n: number }; interface WrongType { value: number }; type Alias = string; const Choice={Yes:'Yes'} as const; function guard(x: unknown): x is string { return true; } console.log('one'); console['warn']('two'); let count=0; count++; for(let i=0;i<3;i++){count++;} interface CallableType { method: (value: string) => number; readonly property: (value: string) => number; } enum Direction { Left=1, Right=Left|2, Other=compute() } let boxed: number; class Thing implements Boolean {} if(!flag){doOne();}else{doTwo();} const chosen=!flag?left:right; const assigning=()=>left=right; const wrapped=()=>(left=right); function returning(){return left=right;}\u000a
        case 88
        /tmp/adamic-gate/TestMutantspagination_bad_name_accepted588869670/019/base-consistency-require-pagination-argument-name-0.ts:1:30
          base/consistency-require-pagination-argument-name  A GraphQlArgument of PaginationInput type must be named "pagination", or end with "Pagination" when a query takes more than one paginator and the names have to be told apart. A caller reads the argument name to know which paginator it is driving, and a name outside that convention makes them guess.

        range 29 34 invalidName 			29 34
        fixed	class C { m(@GraphQlArgument('bad') p: PaginationInput) {} }\u000a
--- PASS: TestMutants/pagination_bad_name_accepted (14.39s)
=== CONT  TestMutants/global_container_name_judgement_reversed
    lint_test.go:1006: no-script-url-case-fold caught on Node: case 88 line 4600: port "fixed\tconst url = 'JaVaScRiPt:alert(1)';\\u000aconst template = `javascript:`;\\u000atag`javascript:`;\\u000atag`x${`javascript:`}y`;\\u000aconst leadingSpace = ' javascript:x';\\u000aconst longS = 'java\\u017fcript:x';\\u000aconst escaped = '\\u005cx6aavascript:x';\\u000a", Go "/tmp/adamic-gate/TestMutantsno-script-url-case-fold1486694234/019/no-script-url-0.ts:1:13"
        Go context:
          no-return-assign  This return statement assigns rather than returns a value it already has, so it does two things at once and the assignment is the one the reader is likeliest to miss. It is usually a `==` typed as `=`, and where it is deliberate it reads as a value being returned rather than as a write happening on the way out. Assign on its own line and return the variable, or wrap the assignment in its own parentheses to say the write was meant.

        range 643 661 returnAssignment 			643 661
        fixed	interface Bare { n: number }; interface WrongType { value: number }; type Alias = string; const Choice={Yes:'Yes'} as const; function guard(x: unknown): x is string { return true; } console.log('one'); console['warn']('two'); let count=0; count++; for(let i=0;i<3;i++){count++;} interface CallableType { method: (value: string) => number; readonly property: (value: string) => number; } enum Direction { Left=1, Right=Left|2, Other=compute() } let boxed: number; class Thing implements Boolean {} if(!flag){doOne();}else{doTwo();} const chosen=!flag?left:right; const assigning=()=>left=right; const wrapped=()=>(left=right); function returning(){return left=right;}\u000a
        case 88
        /tmp/adamic-gate/TestMutantsno-script-url-case-fold1486694234/019/no-script-url-0.ts:1:13
          no-script-url  A `javascript:` URL runs whatever follows the colon as code, so this string is an eval that happens to be spelled as a link. Anything that can reach the value that builds it can execute in the page, and a content security policy that blocks inline script blocks this too, so it tends to fail in production rather than in review. A real handler does the same work without turning a string into a program.

        range 12 33 unexpectedScriptURL 			12 33
        /tmp/adamic-gate/TestMutantsno-script-url-case-fold1486694234/019/no-script-url-0.ts:2:18
    lint_test.go:1006: no-script-url-case-fold caught on emitted JavaScript: case 88 line 4600: port "fixed\tconst url = 'JaVaScRiPt:alert(1)';\\u000aconst template = `javascript:`;\\u000atag`javascript:`;\\u000atag`x${`javascript:`}y`;\\u000aconst leadingSpace = ' javascript:x';\\u000aconst longS = 'java\\u017fcript:x';\\u000aconst escaped = '\\u005cx6aavascript:x';\\u000a", Go "/tmp/adamic-gate/TestMutantsno-script-url-case-fold1486694234/019/no-script-url-0.ts:1:13"
        Go context:
          no-return-assign  This return statement assigns rather than returns a value it already has, so it does two things at once and the assignment is the one the reader is likeliest to miss. It is usually a `==` typed as `=`, and where it is deliberate it reads as a value being returned rather than as a write happening on the way out. Assign on its own line and return the variable, or wrap the assignment in its own parentheses to say the write was meant.

        range 643 661 returnAssignment 			643 661
        fixed	interface Bare { n: number }; interface WrongType { value: number }; type Alias = string; const Choice={Yes:'Yes'} as const; function guard(x: unknown): x is string { return true; } console.log('one'); console['warn']('two'); let count=0; count++; for(let i=0;i<3;i++){count++;} interface CallableType { method: (value: string) => number; readonly property: (value: string) => number; } enum Direction { Left=1, Right=Left|2, Other=compute() } let boxed: number; class Thing implements Boolean {} if(!flag){doOne();}else{doTwo();} const chosen=!flag?left:right; const assigning=()=>left=right; const wrapped=()=>(left=right); function returning(){return left=right;}\u000a
        case 88
        /tmp/adamic-gate/TestMutantsno-script-url-case-fold1486694234/019/no-script-url-0.ts:1:13
          no-script-url  A `javascript:` URL runs whatever follows the colon as code, so this string is an eval that happens to be spelled as a link. Anything that can reach the value that builds it can execute in the page, and a content security policy that blocks inline script blocks this too, so it tends to fail in production rather than in review. A real handler does the same work without turning a string into a program.

        range 12 33 unexpectedScriptURL 			12 33
        /tmp/adamic-gate/TestMutantsno-script-url-case-fold1486694234/019/no-script-url-0.ts:2:18
--- PASS: TestMutants/no-script-url-case-fold (14.69s)
=== CONT  TestMutants/omit-is-prototype-of
    lint_test.go:1006: return parentheses option reversed caught on Node: case 87 line 4594: port "/tmp/adamic-gate/TestMutantsreturn_parentheses_option_reversed3116824563/018/options.ts:1:605", Go "/tmp/adamic-gate/TestMutantsreturn_parentheses_option_reversed3116824563/018/options.ts:1:644"
        Go context:
        range 540 556 unexpectedNegated 			540 556
        /tmp/adamic-gate/TestMutantsreturn_parentheses_option_reversed3116824563/018/options.ts:1:575
          no-return-assign  This arrow function's body is an assignment, so calling it writes to something outside itself and returns what it wrote. A concise arrow body reads as a value, which is what makes the write easy to miss at the call site. Give the arrow a block body and assign inside it, or wrap the assignment in its own parentheses to say the write was meant.

        range 574 588 arrowAssignment 			574 588
        /tmp/adamic-gate/TestMutantsreturn_parentheses_option_reversed3116824563/018/options.ts:1:644
          no-return-assign  This return statement assigns rather than returns a value it already has, so it does two things at once and the assignment is the one the reader is likeliest to miss. It is usually a `==` typed as `=`, and where it is deliberate it reads as a value being returned rather than as a write happening on the way out. Assign on its own line and return the variable, or wrap the assignment in its own parentheses to say the write was meant.

        range 643 661 returnAssignment 			643 661
        fixed	interface Bare { n: number }; interface WrongType { value: number }; type Alias = string; const Choice={Yes:'Yes'} as const; function guard(x: unknown): x is string { return true; } console.log('one'); console['warn']('two'); let count=0; count++; for(let i=0;i<3;i++){count++;} interface CallableType { method: (value: string) => number; readonly property: (value: string) => number; } enum Direction { Left=1, Right=Left|2, Other=compute() } let boxed: number; class Thing implements Boolean {} if(!flag){doOne();}else{doTwo();} const chosen=!flag?left:right; const assigning=()=>left=right; const wrapped=()=>(left=right); function returning(){return left=right;}\u000a
    lint_test.go:1006: return parentheses option reversed caught on emitted JavaScript: case 87 line 4594: port "/tmp/adamic-gate/TestMutantsreturn_parentheses_option_reversed3116824563/018/options.ts:1:605", Go "/tmp/adamic-gate/TestMutantsreturn_parentheses_option_reversed3116824563/018/options.ts:1:644"
        Go context:
        range 540 556 unexpectedNegated 			540 556
        /tmp/adamic-gate/TestMutantsreturn_parentheses_option_reversed3116824563/018/options.ts:1:575
          no-return-assign  This arrow function's body is an assignment, so calling it writes to something outside itself and returns what it wrote. A concise arrow body reads as a value, which is what makes the write easy to miss at the call site. Give the arrow a block body and assign inside it, or wrap the assignment in its own parentheses to say the write was meant.

        range 574 588 arrowAssignment 			574 588
        /tmp/adamic-gate/TestMutantsreturn_parentheses_option_reversed3116824563/018/options.ts:1:644
          no-return-assign  This return statement assigns rather than returns a value it already has, so it does two things at once and the assignment is the one the reader is likeliest to miss. It is usually a `==` typed as `=`, and where it is deliberate it reads as a value being returned rather than as a write happening on the way out. Assign on its own line and return the variable, or wrap the assignment in its own parentheses to say the write was meant.

        range 643 661 returnAssignment 			643 661
        fixed	interface Bare { n: number }; interface WrongType { value: number }; type Alias = string; const Choice={Yes:'Yes'} as const; function guard(x: unknown): x is string { return true; } console.log('one'); console['warn']('two'); let count=0; count++; for(let i=0;i<3;i++){count++;} interface CallableType { method: (value: string) => number; readonly property: (value: string) => number; } enum Direction { Left=1, Right=Left|2, Other=compute() } let boxed: number; class Thing implements Boolean {} if(!flag){doOne();}else{doTwo();} const chosen=!flag?left:right; const assigning=()=>left=right; const wrapped=()=>(left=right); function returning(){return left=right;}\u000a
--- PASS: TestMutants/return_parentheses_option_reversed (14.22s)
=== CONT  TestMutants/predicate_finding_widened_to_its_owner
    lint_test.go:1000: checker compilation phases: load=250.802159ms lower=11.340011922s C=1.068709129s JavaScript=49.636001ms
    lint_test.go:1006: declared BaseError constructor ignored caught on Node: case 88 line 4600: port "fixed\tdeclare class BaseError { constructor(message: string, options?: object); }\\u000aconst identifier = 'AccountNotFound';\\u000aconst named = new BaseError('boom', { identifier: 'AccountNotFound' });\\u000aconst shorthand = new BaseError('boom', { identifier });\\u000aconst independentStatus = new BaseError('boom', { identifier: 'X', statusCode: 404 });\\u000aconst unnamed = new BaseError('boom', { statusCode: 500 });\\u000aconst quotedKey = new BaseError('boom', { 'identifier': 'X' });\\u000aconst computedKey = new BaseError('boom', { ['identifier']: 'X' });\\u000a", Go "/tmp/adamic-gate/TestMutantsdeclared_BaseError_constructor_ignored17296850/019/base-consistency-no-hand-built-declared-error-0.ts:3:15"
        Go context:
          no-return-assign  This return statement assigns rather than returns a value it already has, so it does two things at once and the assignment is the one the reader is likeliest to miss. It is usually a `==` typed as `=`, and where it is deliberate it reads as a value being returned rather than as a write happening on the way out. Assign on its own line and return the variable, or wrap the assignment in its own parentheses to say the write was meant.

        range 643 661 returnAssignment 			643 661
        fixed	interface Bare { n: number }; interface WrongType { value: number }; type Alias = string; const Choice={Yes:'Yes'} as const; function guard(x: unknown): x is string { return true; } console.log('one'); console['warn']('two'); let count=0; count++; for(let i=0;i<3;i++){count++;} interface CallableType { method: (value: string) => number; readonly property: (value: string) => number; } enum Direction { Left=1, Right=Left|2, Other=compute() } let boxed: number; class Thing implements Boolean {} if(!flag){doOne();}else{doTwo();} const chosen=!flag?left:right; const assigning=()=>left=right; const wrapped=()=>(left=right); function returning(){return left=right;}\u000a
        case 88
        /tmp/adamic-gate/TestMutantsdeclared_BaseError_constructor_ignored17296850/019/base-consistency-no-hand-built-declared-error-0.ts:3:15
          base/consistency-no-hand-built-declared-error  Do not build a BaseError that names a declared failure. Call the tier that declares it: 'AccountModule.error(identifier, data, cause)', 'ApiWorker.error(...)', or 'Base.error(...)'. The status comes from the declaration, so writing it here is how one failure ends up answering two.

        range 128 184 consistencyNoHandBuiltDeclaredError 			128 184
        /tmp/adamic-gate/TestMutantsdeclared_BaseError_constructor_ignored17296850/019/base-consistency-no-hand-built-declared-error-0.ts:4:19
    lint_test.go:1006: declared BaseError constructor ignored caught on emitted JavaScript: case 88 line 4600: port "fixed\tdeclare class BaseError { constructor(message: string, options?: object); }\\u000aconst identifier = 'AccountNotFound';\\u000aconst named = new BaseError('boom', { identifier: 'AccountNotFound' });\\u000aconst shorthand = new BaseError('boom', { identifier });\\u000aconst independentStatus = new BaseError('boom', { identifier: 'X', statusCode: 404 });\\u000aconst unnamed = new BaseError('boom', { statusCode: 500 });\\u000aconst quotedKey = new BaseError('boom', { 'identifier': 'X' });\\u000aconst computedKey = new BaseError('boom', { ['identifier']: 'X' });\\u000a", Go "/tmp/adamic-gate/TestMutantsdeclared_BaseError_constructor_ignored17296850/019/base-consistency-no-hand-built-declared-error-0.ts:3:15"
        Go context:
          no-return-assign  This return statement assigns rather than returns a value it already has, so it does two things at once and the assignment is the one the reader is likeliest to miss. It is usually a `==` typed as `=`, and where it is deliberate it reads as a value being returned rather than as a write happening on the way out. Assign on its own line and return the variable, or wrap the assignment in its own parentheses to say the write was meant.

        range 643 661 returnAssignment 			643 661
        fixed	interface Bare { n: number }; interface WrongType { value: number }; type Alias = string; const Choice={Yes:'Yes'} as const; function guard(x: unknown): x is string { return true; } console.log('one'); console['warn']('two'); let count=0; count++; for(let i=0;i<3;i++){count++;} interface CallableType { method: (value: string) => number; readonly property: (value: string) => number; } enum Direction { Left=1, Right=Left|2, Other=compute() } let boxed: number; class Thing implements Boolean {} if(!flag){doOne();}else{doTwo();} const chosen=!flag?left:right; const assigning=()=>left=right; const wrapped=()=>(left=right); function returning(){return left=right;}\u000a
        case 88
        /tmp/adamic-gate/TestMutantsdeclared_BaseError_constructor_ignored17296850/019/base-consistency-no-hand-built-declared-error-0.ts:3:15
          base/consistency-no-hand-built-declared-error  Do not build a BaseError that names a declared failure. Call the tier that declares it: 'AccountModule.error(identifier, data, cause)', 'ApiWorker.error(...)', or 'Base.error(...)'. The status comes from the declaration, so writing it here is how one failure ends up answering two.

        range 128 184 consistencyNoHandBuiltDeclaredError 			128 184
        /tmp/adamic-gate/TestMutantsdeclared_BaseError_constructor_ignored17296850/019/base-consistency-no-hand-built-declared-error-0.ts:4:19
--- PASS: TestMutants/declared_BaseError_constructor_ignored (14.73s)
=== CONT  TestMutants/proto_accessor_suppressed
    lint_test.go:1000: checker compilation phases: load=571.702543ms lower=11.853369617s C=871.56716ms JavaScript=92.27438ms
    lint_test.go:1006: console receiver widened caught on Node: case 27 line 1373: port "  base/consistency-no-console  Do not call 'console.b'. Reach the tier that owns this failure and call '.log.error(identifier, data, error)' or '.log.warning(...)' for a row, or '.log.debug(message)' for a line that never becomes one.", Go "  nexus/consistency-no-ambiguous-identifier  Single-letter identifier \"a\" is not descriptive enough. The name is read everywhere it is used and declared only once, so the saving is at the declaration and the cost is at every call site."
        Go context:
        /tmp/adamic-gate/TestMutantsconsole_receiver_widened2894931966/008/generated-4.ts:1:44
          nexus/consistency-no-ambiguous-identifier  Single-letter identifier "a" is not descriptive enough. The name is read everywhere it is used and declared only once, so the saving is at the declaration and the cost is at every call site.

        range 43 44 noSingleLetter 			43 44
        /tmp/adamic-gate/TestMutantsconsole_receiver_widened2894931966/008/generated-4.ts:1:58
          nexus/consistency-no-ambiguous-identifier  Single-letter identifier "a" is not descriptive enough. The name is read everywhere it is used and declared only once, so the saving is at the declaration and the cost is at every call site.

        range 57 58 noSingleLetter 			57 58
        /tmp/adamic-gate/TestMutantsconsole_receiver_widened2894931966/008/generated-4.ts:1:74
          nexus/consistency-no-ambiguous-identifier  Single-letter identifier "a" is not descriptive enough. The name is read everywhere it is used and declared only once, so the saving is at the declaration and the cost is at every call site.
    lint_test.go:1006: console receiver widened caught on emitted JavaScript: case 27 line 1373: port "  base/consistency-no-console  Do not call 'console.b'. Reach the tier that owns this failure and call '.log.error(identifier, data, error)' or '.log.warning(...)' for a row, or '.log.debug(message)' for a line that never becomes one.", Go "  nexus/consistency-no-ambiguous-identifier  Single-letter identifier \"a\" is not descriptive enough. The name is read everywhere it is used and declared only once, so the saving is at the declaration and the cost is at every call site."
        Go context:
        /tmp/adamic-gate/TestMutantsconsole_receiver_widened2894931966/008/generated-4.ts:1:44
          nexus/consistency-no-ambiguous-identifier  Single-letter identifier "a" is not descriptive enough. The name is read everywhere it is used and declared only once, so the saving is at the declaration and the cost is at every call site.

        range 43 44 noSingleLetter 			43 44
        /tmp/adamic-gate/TestMutantsconsole_receiver_widened2894931966/008/generated-4.ts:1:58
          nexus/consistency-no-ambiguous-identifier  Single-letter identifier "a" is not descriptive enough. The name is read everywhere it is used and declared only once, so the saving is at the declaration and the cost is at every call site.

        range 57 58 noSingleLetter 			57 58
        /tmp/adamic-gate/TestMutantsconsole_receiver_widened2894931966/008/generated-4.ts:1:74
          nexus/consistency-no-ambiguous-identifier  Single-letter identifier "a" is not descriptive enough. The name is read everywhere it is used and declared only once, so the saving is at the declaration and the cost is at every call site.
--- PASS: TestMutants/console_receiver_widened (15.24s)
=== CONT  TestMutants/enum_bitwise_option_ignored
    lint_test.go:1000: checker compilation phases: load=374.122628ms lower=11.596750317s C=945.218806ms JavaScript=95.889215ms
    lint_test.go:1000: checker compilation phases: load=397.81901ms lower=11.843825086s C=1.070132547s JavaScript=73.818951ms
    lint_test.go:1000: checker compilation phases: load=424.293186ms lower=11.359316956s C=1.165513284s JavaScript=66.778156ms
    lint_test.go:1006: global container name judgement reversed caught on Node: case 0 line 5: port "/tmp/adamic-gate/TestMutantsglobal_container_name_judgement_reversed3995258721/001/wave13_top_level_await_new.ts:1:11", Go "fixed\tawait new Promise();\\u000aexport {};\\u000a"
        Go context:
        case 0
        skipped @typescript-eslint/no-redundant-type-constituents no program
        skipped @typescript-eslint/no-unnecessary-boolean-literal-compare no program
        skipped @typescript-eslint/prefer-find no program
        fixed	await new Promise();\u000aexport {};\u000a
        case 1
        skipped @typescript-eslint/no-redundant-type-constituents no program
        skipped @typescript-eslint/no-unnecessary-boolean-literal-compare no program
        skipped @typescript-eslint/prefer-find no program
    lint_test.go:1006: global container name judgement reversed caught on emitted JavaScript: case 0 line 5: port "/tmp/adamic-gate/TestMutantsglobal_container_name_judgement_reversed3995258721/001/wave13_top_level_await_new.ts:1:11", Go "fixed\tawait new Promise();\\u000aexport {};\\u000a"
        Go context:
        case 0
        skipped @typescript-eslint/no-redundant-type-constituents no program
        skipped @typescript-eslint/no-unnecessary-boolean-literal-compare no program
        skipped @typescript-eslint/prefer-find no program
        fixed	await new Promise();\u000aexport {};\u000a
        case 1
        skipped @typescript-eslint/no-redundant-type-constituents no program
        skipped @typescript-eslint/no-unnecessary-boolean-literal-compare no program
        skipped @typescript-eslint/prefer-find no program
--- PASS: TestMutants/global_container_name_judgement_reversed (14.90s)
=== CONT  TestMutants/prefer-find_array_verdict_suppressed
    lint_test.go:1006: omit-is-prototype-of caught on Node: case 88 line 4604: port "/tmp/adamic-gate/TestMutantsomit-is-prototype-of2354789213/019/no-prototype-builtins-0.ts:3:1", Go "/tmp/adamic-gate/TestMutantsomit-is-prototype-of2354789213/019/no-prototype-builtins-0.ts:2:1"
        Go context:
        case 88
        /tmp/adamic-gate/TestMutantsomit-is-prototype-of2354789213/019/no-prototype-builtins-0.ts:1:1
          no-prototype-builtins  This calls an `Object.prototype` method directly on an object that may not have inherited it. `Object.create(null)` produces objects with no prototype at all, and any object can carry a property that shadows the builtin, so parsed JSON like `{"hasOwnProperty": 1}` turns this call into a crash. Call it through the prototype instead: `Object.prototype.hasOwnProperty.call(target, key)`.

        range 0 18 noPrototypeBuiltins 			0 18
        /tmp/adamic-gate/TestMutantsomit-is-prototype-of2354789213/019/no-prototype-builtins-0.ts:2:1
          no-prototype-builtins  This calls an `Object.prototype` method directly on an object that may not have inherited it. `Object.create(null)` produces objects with no prototype at all, and any object can carry a property that shadows the builtin, so parsed JSON like `{"hasOwnProperty": 1}` turns this call into a crash. Call it through the prototype instead: `Object.prototype.hasOwnProperty.call(target, key)`.

        range 25 45 noPrototypeBuiltins 			25 45
        /tmp/adamic-gate/TestMutantsomit-is-prototype-of2354789213/019/no-prototype-builtins-0.ts:3:1
    lint_test.go:1006: omit-is-prototype-of caught on emitted JavaScript: case 88 line 4604: port "/tmp/adamic-gate/TestMutantsomit-is-prototype-of2354789213/019/no-prototype-builtins-0.ts:3:1", Go "/tmp/adamic-gate/TestMutantsomit-is-prototype-of2354789213/019/no-prototype-builtins-0.ts:2:1"
        Go context:
        case 88
        /tmp/adamic-gate/TestMutantsomit-is-prototype-of2354789213/019/no-prototype-builtins-0.ts:1:1
          no-prototype-builtins  This calls an `Object.prototype` method directly on an object that may not have inherited it. `Object.create(null)` produces objects with no prototype at all, and any object can carry a property that shadows the builtin, so parsed JSON like `{"hasOwnProperty": 1}` turns this call into a crash. Call it through the prototype instead: `Object.prototype.hasOwnProperty.call(target, key)`.

        range 0 18 noPrototypeBuiltins 			0 18
        /tmp/adamic-gate/TestMutantsomit-is-prototype-of2354789213/019/no-prototype-builtins-0.ts:2:1
          no-prototype-builtins  This calls an `Object.prototype` method directly on an object that may not have inherited it. `Object.create(null)` produces objects with no prototype at all, and any object can carry a property that shadows the builtin, so parsed JSON like `{"hasOwnProperty": 1}` turns this call into a crash. Call it through the prototype instead: `Object.prototype.hasOwnProperty.call(target, key)`.

        range 25 45 noPrototypeBuiltins 			25 45
        /tmp/adamic-gate/TestMutantsomit-is-prototype-of2354789213/019/no-prototype-builtins-0.ts:3:1
--- PASS: TestMutants/omit-is-prototype-of (15.24s)
=== CONT  TestMutants/for_update_option_ignored
    lint_test.go:1006: predicate finding widened to its owner caught on Node: case 87 line 4514: port "/tmp/adamic-gate/TestMutantspredicate_finding_widened_to_its_owner191317692/018/options.ts:1:126", Go "/tmp/adamic-gate/TestMutantspredicate_finding_widened_to_its_owner191317692/018/options.ts:1:154"
        Go context:
        range 74 79 noTypeAliasSuffix 			74 79
        /tmp/adamic-gate/TestMutantspredicate_finding_widened_to_its_owner191317692/018/options.ts:1:97
          nexus/consistency-require-type-suffix  Const enum-shaped object "Choice" should end in "Kind". Rename to "ChoiceKind" with a paired "ChoiceKindType" alias, so the runtime value and the type that indexes it are visibly one thing.

        range 96 102 noConstEnumSuffix 			96 102
        /tmp/adamic-gate/TestMutantspredicate_finding_widened_to_its_owner191317692/018/options.ts:1:154
          adamic/no-type-predicate  A written type predicate is trusted and never checked: tsc narrows the argument on this function's word, and nothing makes its body agree, so a guard that returns true for the wrong value turns every narrowed use into a TypeError. Narrow where you use the value (`if (pet.kind === 'Cat')`), or drop the annotation and let TypeScript infer the predicate, which it does only when the body proves it (`(x) => x !== undefined`).

        range 153 164 typePredicate 			153 164
        /tmp/adamic-gate/TestMutantspredicate_finding_widened_to_its_owner191317692/018/options.ts:1:183
    lint_test.go:1006: predicate finding widened to its owner caught on emitted JavaScript: case 87 line 4514: port "/tmp/adamic-gate/TestMutantspredicate_finding_widened_to_its_owner191317692/018/options.ts:1:126", Go "/tmp/adamic-gate/TestMutantspredicate_finding_widened_to_its_owner191317692/018/options.ts:1:154"
        Go context:
        range 74 79 noTypeAliasSuffix 			74 79
        /tmp/adamic-gate/TestMutantspredicate_finding_widened_to_its_owner191317692/018/options.ts:1:97
          nexus/consistency-require-type-suffix  Const enum-shaped object "Choice" should end in "Kind". Rename to "ChoiceKind" with a paired "ChoiceKindType" alias, so the runtime value and the type that indexes it are visibly one thing.

        range 96 102 noConstEnumSuffix 			96 102
        /tmp/adamic-gate/TestMutantspredicate_finding_widened_to_its_owner191317692/018/options.ts:1:154
          adamic/no-type-predicate  A written type predicate is trusted and never checked: tsc narrows the argument on this function's word, and nothing makes its body agree, so a guard that returns true for the wrong value turns every narrowed use into a TypeError. Narrow where you use the value (`if (pet.kind === 'Cat')`), or drop the annotation and let TypeScript infer the predicate, which it does only when the body proves it (`(x) => x !== undefined`).

        range 153 164 typePredicate 			153 164
        /tmp/adamic-gate/TestMutantspredicate_finding_widened_to_its_owner191317692/018/options.ts:1:183
--- PASS: TestMutants/predicate_finding_widened_to_its_owner (15.13s)
=== CONT  TestMutants/wrapper_Number_ignored
    lint_test.go:1000: checker compilation phases: load=306.493242ms lower=11.402918407s C=1.191214922s JavaScript=48.318913ms
    lint_test.go:1006: proto accessor suppressed caught on Node: case 88 line 4600: port "fixed\tdeclare const object: any;\\u000adeclare const __proto__: string;\\u000aobject.__proto__;\\u000aobject['__proto__'];\\u000aobject[`__proto__`];\\u000aobject?.__proto__;\\u000aobject?.[`__proto__`];\\u000aobject['\\u005cu005f\\u005cu005fproto__'];\\u000aobject.__proto__ = null;\\u000aobject[__proto__];\\u000aobject[`__proto__${object}`];\\u000aconst literal = { __proto__: null };\\u000aobject.prototype;\\u000aobject[(('__proto__'))];\\u000aobject[(__proto__)];\\u000a", Go "/tmp/adamic-gate/TestMutantsproto_accessor_suppressed3483911099/019/no-proto-0.ts:3:1"
        Go context:
          no-return-assign  This return statement assigns rather than returns a value it already has, so it does two things at once and the assignment is the one the reader is likeliest to miss. It is usually a `==` typed as `=`, and where it is deliberate it reads as a value being returned rather than as a write happening on the way out. Assign on its own line and return the variable, or wrap the assignment in its own parentheses to say the write was meant.

        range 643 661 returnAssignment 			643 661
        fixed	interface Bare { n: number }; interface WrongType { value: number }; type Alias = string; const Choice={Yes:'Yes'} as const; function guard(x: unknown): x is string { return true; } console.log('one'); console['warn']('two'); let count=0; count++; for(let i=0;i<3;i++){count++;} interface CallableType { method: (value: string) => number; readonly property: (value: string) => number; } enum Direction { Left=1, Right=Left|2, Other=compute() } let boxed: number; class Thing implements Boolean {} if(!flag){doOne();}else{doTwo();} const chosen=!flag?left:right; const assigning=()=>left=right; const wrapped=()=>(left=right); function returning(){return left=right;}\u000a
        case 88
        /tmp/adamic-gate/TestMutantsproto_accessor_suppressed3483911099/019/no-proto-0.ts:3:1
          no-proto  This reads or writes `__proto__`, which reaches an object's prototype through a deprecated accessor. It is normative only for web compatibility, it is slow because writing it deoptimizes the object's shape, and on an object parsed from untrusted input it is the prototype pollution vector. Use `Object.getPrototypeOf` and `Object.setPrototypeOf`, or `Object.create(null)` for a map that has no prototype to reach.

        range 60 76 unexpectedProto 			60 76
        /tmp/adamic-gate/TestMutantsproto_accessor_suppressed3483911099/019/no-proto-0.ts:4:1
    lint_test.go:1006: proto accessor suppressed caught on emitted JavaScript: case 88 line 4600: port "fixed\tdeclare const object: any;\\u000adeclare const __proto__: string;\\u000aobject.__proto__;\\u000aobject['__proto__'];\\u000aobject[`__proto__`];\\u000aobject?.__proto__;\\u000aobject?.[`__proto__`];\\u000aobject['\\u005cu005f\\u005cu005fproto__'];\\u000aobject.__proto__ = null;\\u000aobject[__proto__];\\u000aobject[`__proto__${object}`];\\u000aconst literal = { __proto__: null };\\u000aobject.prototype;\\u000aobject[(('__proto__'))];\\u000aobject[(__proto__)];\\u000a", Go "/tmp/adamic-gate/TestMutantsproto_accessor_suppressed3483911099/019/no-proto-0.ts:3:1"
        Go context:
          no-return-assign  This return statement assigns rather than returns a value it already has, so it does two things at once and the assignment is the one the reader is likeliest to miss. It is usually a `==` typed as `=`, and where it is deliberate it reads as a value being returned rather than as a write happening on the way out. Assign on its own line and return the variable, or wrap the assignment in its own parentheses to say the write was meant.

        range 643 661 returnAssignment 			643 661
        fixed	interface Bare { n: number }; interface WrongType { value: number }; type Alias = string; const Choice={Yes:'Yes'} as const; function guard(x: unknown): x is string { return true; } console.log('one'); console['warn']('two'); let count=0; count++; for(let i=0;i<3;i++){count++;} interface CallableType { method: (value: string) => number; readonly property: (value: string) => number; } enum Direction { Left=1, Right=Left|2, Other=compute() } let boxed: number; class Thing implements Boolean {} if(!flag){doOne();}else{doTwo();} const chosen=!flag?left:right; const assigning=()=>left=right; const wrapped=()=>(left=right); function returning(){return left=right;}\u000a
        case 88
        /tmp/adamic-gate/TestMutantsproto_accessor_suppressed3483911099/019/no-proto-0.ts:3:1
          no-proto  This reads or writes `__proto__`, which reaches an object's prototype through a deprecated accessor. It is normative only for web compatibility, it is slow because writing it deoptimizes the object's shape, and on an object parsed from untrusted input it is the prototype pollution vector. Use `Object.getPrototypeOf` and `Object.setPrototypeOf`, or `Object.create(null)` for a map that has no prototype to reach.

        range 60 76 unexpectedProto 			60 76
        /tmp/adamic-gate/TestMutantsproto_accessor_suppressed3483911099/019/no-proto-0.ts:4:1
--- PASS: TestMutants/proto_accessor_suppressed (14.97s)
=== CONT  TestMutants/module_empty_export_fix_suppressed
    lint_test.go:1000: checker compilation phases: load=296.153405ms lower=11.914983091s C=904.93724ms JavaScript=60.621083ms
    lint_test.go:1006: enum bitwise option ignored caught on Node: case 87 line 4562: port "/tmp/adamic-gate/TestMutantsenum_bitwise_option_ignored1482880999/018/options.ts:1:415", Go "/tmp/adamic-gate/TestMutantsenum_bitwise_option_ignored1482880999/018/options.ts:1:409"
        Go context:
        range 304 334 errorMethod fix	method: (value: string) => number;		304 334
        /tmp/adamic-gate/TestMutantsenum_bitwise_option_ignored1482880999/018/options.ts:1:389
          nexus/consistency-no-enum  TypeScript enum is banned. Use `as const` with the Kind and KindType pattern instead: `export const FooKind = { A: 'A' } as const; export type FooKindType = (typeof FooKind)[keyof typeof FooKind];`

        range 388 397 noEnum 			388 397
        /tmp/adamic-gate/TestMutantsenum_bitwise_option_ignored1482880999/018/options.ts:1:409
          @typescript-eslint/prefer-literal-enum-member  Explicit enum value must only be a literal value (string or number).

        range 408 413 notLiteral 			408 413
        /tmp/adamic-gate/TestMutantsenum_bitwise_option_ignored1482880999/018/options.ts:1:415
    lint_test.go:1006: enum bitwise option ignored caught on emitted JavaScript: case 87 line 4562: port "/tmp/adamic-gate/TestMutantsenum_bitwise_option_ignored1482880999/018/options.ts:1:415", Go "/tmp/adamic-gate/TestMutantsenum_bitwise_option_ignored1482880999/018/options.ts:1:409"
        Go context:
        range 304 334 errorMethod fix	method: (value: string) => number;		304 334
        /tmp/adamic-gate/TestMutantsenum_bitwise_option_ignored1482880999/018/options.ts:1:389
          nexus/consistency-no-enum  TypeScript enum is banned. Use `as const` with the Kind and KindType pattern instead: `export const FooKind = { A: 'A' } as const; export type FooKindType = (typeof FooKind)[keyof typeof FooKind];`

        range 388 397 noEnum 			388 397
        /tmp/adamic-gate/TestMutantsenum_bitwise_option_ignored1482880999/018/options.ts:1:409
          @typescript-eslint/prefer-literal-enum-member  Explicit enum value must only be a literal value (string or number).

        range 408 413 notLiteral 			408 413
        /tmp/adamic-gate/TestMutantsenum_bitwise_option_ignored1482880999/018/options.ts:1:415
--- PASS: TestMutants/enum_bitwise_option_ignored (15.08s)
=== CONT  TestMutants/boolean_type_verdict_inverted
    lint_test.go:147: checker compilation phases: load=357.232173ms lower=11.948745911s C=924.358643ms JavaScript=140.219354ms
    lint_test.go:1000: checker compilation phases: load=385.004479ms lower=11.466473739s C=987.259165ms JavaScript=32.587945ms
    lint_test.go:1000: checker compilation phases: load=319.216984ms lower=11.428566228s C=1.051416302s JavaScript=54.065425ms
    lint_test.go:1000: checker compilation phases: load=272.947442ms lower=11.181685716s C=934.91417ms JavaScript=70.789489ms
    lint_test.go:1006: wrapper Number ignored caught on Node: case 87 line 4574: port "/tmp/adamic-gate/TestMutantswrapper_Number_ignored142222816/018/options.ts:1:483", Go "/tmp/adamic-gate/TestMutantswrapper_Number_ignored142222816/018/options.ts:1:452"
        Go context:
        range 414 420 unexpected 			414 420
        /tmp/adamic-gate/TestMutantswrapper_Number_ignored142222816/018/options.ts:1:423
          @typescript-eslint/prefer-literal-enum-member  Explicit enum value must only be a literal value (string or number).

        range 422 427 notLiteral 			422 427
        /tmp/adamic-gate/TestMutantswrapper_Number_ignored142222816/018/options.ts:1:452
          @typescript-eslint/no-wrapper-object-types  This names the boxed object rather than the primitive: `String` is what `new String('x')` produces, and `string` is what `'x'` is. The wrapper accepts the object and behaves differently from the primitive under comparison and truthiness, which is the reverse of what the annotation almost always means. Use the lowercase primitive.

        range 451 457 bannedWrapperObjectType fix	number		451 457
        /tmp/adamic-gate/TestMutantswrapper_Number_ignored142222816/018/options.ts:1:483
    lint_test.go:1006: wrapper Number ignored caught on emitted JavaScript: case 87 line 4574: port "/tmp/adamic-gate/TestMutantswrapper_Number_ignored142222816/018/options.ts:1:483", Go "/tmp/adamic-gate/TestMutantswrapper_Number_ignored142222816/018/options.ts:1:452"
        Go context:
        range 414 420 unexpected 			414 420
        /tmp/adamic-gate/TestMutantswrapper_Number_ignored142222816/018/options.ts:1:423
          @typescript-eslint/prefer-literal-enum-member  Explicit enum value must only be a literal value (string or number).

        range 422 427 notLiteral 			422 427
        /tmp/adamic-gate/TestMutantswrapper_Number_ignored142222816/018/options.ts:1:452
          @typescript-eslint/no-wrapper-object-types  This names the boxed object rather than the primitive: `String` is what `new String('x')` produces, and `string` is what `'x'` is. The wrapper accepts the object and behaves differently from the primitive under comparison and truthiness, which is the reverse of what the annotation almost always means. Use the lowercase primitive.

        range 451 457 bannedWrapperObjectType fix	number		451 457
        /tmp/adamic-gate/TestMutantswrapper_Number_ignored142222816/018/options.ts:1:483
--- PASS: TestMutants/wrapper_Number_ignored (14.73s)
=== CONT  TestMutants/parentheses_around_a_discarded_construction_not_seen_through
    lint_test.go:1006: for update option ignored caught on Node: case 21 line 758: port "/tmp/adamic-gate/TestMutantsfor_update_option_ignored3366767702/007/generated-3.ts:1:28", Go "/tmp/adamic-gate/TestMutantsfor_update_option_ignored3366767702/007/generated-3.ts:1:24"
        Go context:
        range 11 18 unexpectedVar 			11 18
        /tmp/adamic-gate/TestMutantsfor_update_option_ignored3366767702/007/generated-3.ts:1:12
          vars-on-top  All 'var' declarations must be at the top of the function scope. A `var` is hoisted to the top of its function whatever line it is written on, so a declaration buried in a loop or a branch reads as scoped to that block and is not. Writing them together at the top makes the text say what the engine already does.

        range 11 18 top 			11 18
        /tmp/adamic-gate/TestMutantsfor_update_option_ignored3366767702/007/generated-3.ts:1:24
          no-plusplus  Unary operator `++` used. It mutates its operand and evaluates to a different value depending on which side it sits, so `a[i++]` and `a[++i]` read almost identically and index different elements. Automatic semicolon insertion compounds it: a line ending in a value followed by a line starting with `++` joins into one statement. Write the assignment out as `x += 1`, which does one thing and reads the same wherever it appears.

        range 23 26 unexpectedUnaryOp 			23 26
        /tmp/adamic-gate/TestMutantsfor_update_option_ignored3366767702/007/generated-3.ts:1:28
    lint_test.go:1006: for update option ignored caught on emitted JavaScript: case 21 line 758: port "/tmp/adamic-gate/TestMutantsfor_update_option_ignored3366767702/007/generated-3.ts:1:28", Go "/tmp/adamic-gate/TestMutantsfor_update_option_ignored3366767702/007/generated-3.ts:1:24"
        Go context:
        range 11 18 unexpectedVar 			11 18
        /tmp/adamic-gate/TestMutantsfor_update_option_ignored3366767702/007/generated-3.ts:1:12
          vars-on-top  All 'var' declarations must be at the top of the function scope. A `var` is hoisted to the top of its function whatever line it is written on, so a declaration buried in a loop or a branch reads as scoped to that block and is not. Writing them together at the top makes the text say what the engine already does.

        range 11 18 top 			11 18
        /tmp/adamic-gate/TestMutantsfor_update_option_ignored3366767702/007/generated-3.ts:1:24
          no-plusplus  Unary operator `++` used. It mutates its operand and evaluates to a different value depending on which side it sits, so `a[i++]` and `a[++i]` read almost identically and index different elements. Automatic semicolon insertion compounds it: a line ending in a value followed by a line starting with `++` joins into one statement. Write the assignment out as `x += 1`, which does one thing and reads the same wherever it appears.

        range 23 26 unexpectedUnaryOp 			23 26
        /tmp/adamic-gate/TestMutantsfor_update_option_ignored3366767702/007/generated-3.ts:1:28
--- PASS: TestMutants/for_update_option_ignored (14.88s)
=== CONT  TestMutants/condition_polarity_reversed
    lint_test.go:1006: module empty export fix suppressed caught on Node: case 88 line 4603: port "range 24 34 uselessEmptyExport \t\t\t24 34", Go "range 24 34 uselessEmptyExport fix\t\t\t24 34"
        Go context:
        fixed	interface Bare { n: number }; interface WrongType { value: number }; type Alias = string; const Choice={Yes:'Yes'} as const; function guard(x: unknown): x is string { return true; } console.log('one'); console['warn']('two'); let count=0; count++; for(let i=0;i<3;i++){count++;} interface CallableType { method: (value: string) => number; readonly property: (value: string) => number; } enum Direction { Left=1, Right=Left|2, Other=compute() } let boxed: number; class Thing implements Boolean {} if(!flag){doOne();}else{doTwo();} const chosen=!flag?left:right; const assigning=()=>left=right; const wrapped=()=>(left=right); function returning(){return left=right;}\u000a
        case 88
        /tmp/adamic-gate/TestMutantsmodule_empty_export_fix_suppressed3948025032/019/typescript-no-useless-empty-export-0.ts:2:1
          @typescript-eslint/no-useless-empty-export  An `export {}` exists to make a script into a module, and this file is already a module because something else in it imports or exports. The statement therefore changes nothing, and it reads as though it were load-bearing to anyone deciding whether they may delete it. Remove it.

        range 24 34 uselessEmptyExport fix			24 34
        /tmp/adamic-gate/TestMutantsmodule_empty_export_fix_suppressed3948025032/019/typescript-no-useless-empty-export-0.ts:3:1
          @typescript-eslint/no-useless-empty-export  An `export {}` exists to make a script into a module, and this file is already a module because something else in it imports or exports. The statement therefore changes nothing, and it reads as though it were load-bearing to anyone deciding whether they may delete it. Remove it.

        range 35 50 uselessEmptyExport fix			35 50
    lint_test.go:1006: module empty export fix suppressed caught on emitted JavaScript: case 88 line 4603: port "range 24 34 uselessEmptyExport \t\t\t24 34", Go "range 24 34 uselessEmptyExport fix\t\t\t24 34"
        Go context:
        fixed	interface Bare { n: number }; interface WrongType { value: number }; type Alias = string; const Choice={Yes:'Yes'} as const; function guard(x: unknown): x is string { return true; } console.log('one'); console['warn']('two'); let count=0; count++; for(let i=0;i<3;i++){count++;} interface CallableType { method: (value: string) => number; readonly property: (value: string) => number; } enum Direction { Left=1, Right=Left|2, Other=compute() } let boxed: number; class Thing implements Boolean {} if(!flag){doOne();}else{doTwo();} const chosen=!flag?left:right; const assigning=()=>left=right; const wrapped=()=>(left=right); function returning(){return left=right;}\u000a
        case 88
        /tmp/adamic-gate/TestMutantsmodule_empty_export_fix_suppressed3948025032/019/typescript-no-useless-empty-export-0.ts:2:1
          @typescript-eslint/no-useless-empty-export  An `export {}` exists to make a script into a module, and this file is already a module because something else in it imports or exports. The statement therefore changes nothing, and it reads as though it were load-bearing to anyone deciding whether they may delete it. Remove it.

        range 24 34 uselessEmptyExport fix			24 34
        /tmp/adamic-gate/TestMutantsmodule_empty_export_fix_suppressed3948025032/019/typescript-no-useless-empty-export-0.ts:3:1
          @typescript-eslint/no-useless-empty-export  An `export {}` exists to make a script into a module, and this file is already a module because something else in it imports or exports. The statement therefore changes nothing, and it reads as though it were load-bearing to anyone deciding whether they may delete it. Remove it.

        range 35 50 uselessEmptyExport fix			35 50
--- PASS: TestMutants/module_empty_export_fix_suppressed (14.37s)
=== CONT  TestMutants/no-multi-assign-option-reversed
    lint_test.go:147: checker compilation phases: load=302.410495ms lower=11.768397812s C=865.016855ms JavaScript=30.134471ms
    lint_test.go:155: checker native mutant build: 10.519041545s
    lint_test.go:1006: prefer-find array verdict suppressed caught on native: case 0 line 2: port "fixed\tconst array = [1, 2, 3];\\u000aconst predicate = (value: number) => value > 1;\\u000aconst zero = 0;\\u000aarray.filter(predicate)[zero];\\u000aarray['filter'](predicate).at('0');\\u000a(array.filter(predicate), array.filter(predicate))[0];\\u000a(true ? array.filter(predicate) : array.filter(predicate))[0];\\u000aarray.filter(predicate) /* [ . ?. */ .at('invalid');\\u000aarray.filter(predicate).at('1junk');\\u000aarray.filter(predicate).at(' 1');\\u000aarray.filter(predicate).at('0x1p0');\\u000aarray.filter(predicate).at('1_0');\\u000aarray.filter(predicate)?.[0];\\u000aarray.filter?.(predicate)[0];\\u000a", Go "/tmp/adamic-gate/TestMutantsprefer-find_array_verdict_suppressed2735003504/019/prefer-find-0.ts:4:1"
        Go context:
        case 0
        /tmp/adamic-gate/TestMutantsprefer-find_array_verdict_suppressed2735003504/019/prefer-find-0.ts:4:1
          @typescript-eslint/prefer-find  Prefer .find(...) instead of .filter(...)[0].

        range 89 118 preferFind suggestion-edits:preferFindSuggestion	95:101:find|112:118:	Use .find(...) instead of .filter(...)[0].	89 118
        /tmp/adamic-gate/TestMutantsprefer-find_array_verdict_suppressed2735003504/019/prefer-find-0.ts:5:1
    lint_test.go:1006: prefer-find array verdict suppressed caught on Node: case 0 line 2: port "fixed\tconst array = [1, 2, 3];\\u000aconst predicate = (value: number) => value > 1;\\u000aconst zero = 0;\\u000aarray.filter(predicate)[zero];\\u000aarray['filter'](predicate).at('0');\\u000a(array.filter(predicate), array.filter(predicate))[0];\\u000a(true ? array.filter(predicate) : array.filter(predicate))[0];\\u000aarray.filter(predicate) /* [ . ?. */ .at('invalid');\\u000aarray.filter(predicate).at('1junk');\\u000aarray.filter(predicate).at(' 1');\\u000aarray.filter(predicate).at('0x1p0');\\u000aarray.filter(predicate).at('1_0');\\u000aarray.filter(predicate)?.[0];\\u000aarray.filter?.(predicate)[0];\\u000a", Go "/tmp/adamic-gate/TestMutantsprefer-find_array_verdict_suppressed2735003504/019/prefer-find-0.ts:4:1"
        Go context:
        case 0
        /tmp/adamic-gate/TestMutantsprefer-find_array_verdict_suppressed2735003504/019/prefer-find-0.ts:4:1
          @typescript-eslint/prefer-find  Prefer .find(...) instead of .filter(...)[0].

        range 89 118 preferFind suggestion-edits:preferFindSuggestion	95:101:find|112:118:	Use .find(...) instead of .filter(...)[0].	89 118
        /tmp/adamic-gate/TestMutantsprefer-find_array_verdict_suppressed2735003504/019/prefer-find-0.ts:5:1
    lint_test.go:1006: prefer-find array verdict suppressed caught on emitted JavaScript: case 0 line 2: port "fixed\tconst array = [1, 2, 3];\\u000aconst predicate = (value: number) => value > 1;\\u000aconst zero = 0;\\u000aarray.filter(predicate)[zero];\\u000aarray['filter'](predicate).at('0');\\u000a(array.filter(predicate), array.filter(predicate))[0];\\u000a(true ? array.filter(predicate) : array.filter(predicate))[0];\\u000aarray.filter(predicate) /* [ . ?. */ .at('invalid');\\u000aarray.filter(predicate).at('1junk');\\u000aarray.filter(predicate).at(' 1');\\u000aarray.filter(predicate).at('0x1p0');\\u000aarray.filter(predicate).at('1_0');\\u000aarray.filter(predicate)?.[0];\\u000aarray.filter?.(predicate)[0];\\u000a", Go "/tmp/adamic-gate/TestMutantsprefer-find_array_verdict_suppressed2735003504/019/prefer-find-0.ts:4:1"
        Go context:
        case 0
        /tmp/adamic-gate/TestMutantsprefer-find_array_verdict_suppressed2735003504/019/prefer-find-0.ts:4:1
          @typescript-eslint/prefer-find  Prefer .find(...) instead of .filter(...)[0].

        range 89 118 preferFind suggestion-edits:preferFindSuggestion	95:101:find|112:118:	Use .find(...) instead of .filter(...)[0].	89 118
        /tmp/adamic-gate/TestMutantsprefer-find_array_verdict_suppressed2735003504/019/prefer-find-0.ts:5:1
--- PASS: TestMutants/prefer-find_array_verdict_suppressed (25.00s)
=== CONT  TestMutants/react-no-find-dom-node_mutant_from_batch_8
    lint_test.go:1000: checker compilation phases: load=364.16255ms lower=10.404015246s C=790.553417ms JavaScript=29.175348ms
    lint_test.go:1000: checker compilation phases: load=334.760389ms lower=10.727397482s C=791.815712ms JavaScript=115.155153ms
    lint_test.go:1006: parentheses around a discarded construction not seen through caught on Node: case 91 line 4618: port "fixed\tnew Widget();\\u000a(new Gadget());\\u000a", Go "/tmp/adamic-gate/TestMutantsparentheses_around_a_discarded_construction_not_seen3752778507/019/no-new-0.ts:2:1"
        Go context:
        case 91
        /tmp/adamic-gate/TestMutantsparentheses_around_a_discarded_construction_not_seen3752778507/019/no-new-0.ts:1:1
          no-new  This constructs an object and then throws it away, so the only thing the line can accomplish is whatever the constructor does on the side. A constructor that works by side effect is doing a function's job under a name that promises a value, and the next reader cannot tell the discarded result from a mistake. Call a function instead, or keep the object and use it.

        range 0 13 noNewStatement 			0 13
        /tmp/adamic-gate/TestMutantsparentheses_around_a_discarded_construction_not_seen3752778507/019/no-new-0.ts:2:1
          no-new  This constructs an object and then throws it away, so the only thing the line can accomplish is whatever the constructor does on the side. A constructor that works by side effect is doing a function's job under a name that promises a value, and the next reader cannot tell the discarded result from a mistake. Call a function instead, or keep the object and use it.

        range 14 29 noNewStatement 			14 29
        fixed	new Widget();\u000a(new Gadget());\u000a
    lint_test.go:1006: parentheses around a discarded construction not seen through caught on emitted JavaScript: case 91 line 4618: port "fixed\tnew Widget();\\u000a(new Gadget());\\u000a", Go "/tmp/adamic-gate/TestMutantsparentheses_around_a_discarded_construction_not_seen3752778507/019/no-new-0.ts:2:1"
        Go context:
        case 91
        /tmp/adamic-gate/TestMutantsparentheses_around_a_discarded_construction_not_seen3752778507/019/no-new-0.ts:1:1
          no-new  This constructs an object and then throws it away, so the only thing the line can accomplish is whatever the constructor does on the side. A constructor that works by side effect is doing a function's job under a name that promises a value, and the next reader cannot tell the discarded result from a mistake. Call a function instead, or keep the object and use it.

        range 0 13 noNewStatement 			0 13
        /tmp/adamic-gate/TestMutantsparentheses_around_a_discarded_construction_not_seen3752778507/019/no-new-0.ts:2:1
          no-new  This constructs an object and then throws it away, so the only thing the line can accomplish is whatever the constructor does on the side. A constructor that works by side effect is doing a function's job under a name that promises a value, and the next reader cannot tell the discarded result from a mistake. Call a function instead, or keep the object and use it.

        range 14 29 noNewStatement 			14 29
        fixed	new Widget();\u000a(new Gadget());\u000a
    lint_test.go:1000: checker compilation phases: load=299.192699ms lower=10.486634211s C=834.143643ms JavaScript=74.23373ms
=== CONT  TestMutants/label_option_widened
--- PASS: TestMutants/parentheses_around_a_discarded_construction_not_seen_through (13.54s)
    lint_test.go:1006: condition polarity reversed caught on Node: case 1 line 18: port "/tmp/adamic-gate/TestMutantscondition_polarity_reversed470828307/002/top_level_await_new_script.ts:10:16", Go "/tmp/adamic-gate/TestMutantscondition_polarity_reversed470828307/002/top_level_await_new_script.ts:15:1"
        Go context:
        range 28 29 noSingleLetter 			28 29
        /tmp/adamic-gate/TestMutantscondition_polarity_reversed470828307/002/top_level_await_new_script.ts:4:1
          nexus/consistency-no-ambiguous-identifier  Single-letter identifier "f" is not descriptive enough. The name is read everywhere it is used and declared only once, so the saving is at the declaration and the cost is at every call site.

        range 46 47 noSingleLetter 			46 47
        /tmp/adamic-gate/TestMutantscondition_polarity_reversed470828307/002/top_level_await_new_script.ts:15:1
          no-new  This constructs an object and then throws it away, so the only thing the line can accomplish is whatever the constructor does on the side. A constructor that works by side effect is doing a function's job under a name that promises a value, and the next reader cannot tell the discarded result from a mistake. Call a function instead, or keep the object and use it.

        range 282 290 noNewStatement 			282 290
        fixed	await new X();\u000aawait new X;\u000af(await new X());\u000af(await new X);\u000aconst called = await new X();\u000aconst uncalled = await new X;\u000a(await new X());\u000a(await new X);\u000aconst sum = 1 + await new X();\u000aconst choice = true ? await new X() : await new X;\u000aawait 1;\u000aawait 1n;\u000aawait "value";\u000aawait true;\u000anew X();\u000aasync function inside() { await new X(); await new X; }\u000afunction ordinary() { await new X(); await new X; }\u000a
    lint_test.go:1006: condition polarity reversed caught on emitted JavaScript: case 1 line 18: port "/tmp/adamic-gate/TestMutantscondition_polarity_reversed470828307/002/top_level_await_new_script.ts:10:16", Go "/tmp/adamic-gate/TestMutantscondition_polarity_reversed470828307/002/top_level_await_new_script.ts:15:1"
        Go context:
        range 28 29 noSingleLetter 			28 29
        /tmp/adamic-gate/TestMutantscondition_polarity_reversed470828307/002/top_level_await_new_script.ts:4:1
          nexus/consistency-no-ambiguous-identifier  Single-letter identifier "f" is not descriptive enough. The name is read everywhere it is used and declared only once, so the saving is at the declaration and the cost is at every call site.

        range 46 47 noSingleLetter 			46 47
        /tmp/adamic-gate/TestMutantscondition_polarity_reversed470828307/002/top_level_await_new_script.ts:15:1
          no-new  This constructs an object and then throws it away, so the only thing the line can accomplish is whatever the constructor does on the side. A constructor that works by side effect is doing a function's job under a name that promises a value, and the next reader cannot tell the discarded result from a mistake. Call a function instead, or keep the object and use it.

        range 282 290 noNewStatement 			282 290
        fixed	await new X();\u000aawait new X;\u000af(await new X());\u000af(await new X);\u000aconst called = await new X();\u000aconst uncalled = await new X;\u000a(await new X());\u000a(await new X);\u000aconst sum = 1 + await new X();\u000aconst choice = true ? await new X() : await new X;\u000aawait 1;\u000aawait 1n;\u000aawait "value";\u000aawait true;\u000anew X();\u000aasync function inside() { await new X(); await new X; }\u000afunction ordinary() { await new X(); await new X; }\u000a
--- PASS: TestMutants/condition_polarity_reversed (13.95s)
=== CONT  TestMutants/no-iterator-static-key
    lint_test.go:1006: no-multi-assign-option-reversed caught on Node: case 88 line 4600: port "/tmp/adamic-gate/TestMutantsno-multi-assign-option-reversed1487501122/019/no-multi-assign-0.ts:1:5", Go "/tmp/adamic-gate/TestMutantsno-multi-assign-option-reversed1487501122/019/no-multi-assign-0.ts:2:18"
        Go context:
          no-return-assign  This return statement assigns rather than returns a value it already has, so it does two things at once and the assignment is the one the reader is likeliest to miss. It is usually a `==` typed as `=`, and where it is deliberate it reads as a value being returned rather than as a write happening on the way out. Assign on its own line and return the variable, or wrap the assignment in its own parentheses to say the write was meant.

        range 643 661 returnAssignment 			643 661
        fixed	interface Bare { n: number }; interface WrongType { value: number }; type Alias = string; const Choice={Yes:'Yes'} as const; function guard(x: unknown): x is string { return true; } console.log('one'); console['warn']('two'); let count=0; count++; for(let i=0;i<3;i++){count++;} interface CallableType { method: (value: string) => number; readonly property: (value: string) => number; } enum Direction { Left=1, Right=Left|2, Other=compute() } let boxed: number; class Thing implements Boolean {} if(!flag){doOne();}else{doTwo();} const chosen=!flag?left:right; const assigning=()=>left=right; const wrapped=()=>(left=right); function returning(){return left=right;}\u000a
        case 88
        /tmp/adamic-gate/TestMutantsno-multi-assign-option-reversed1487501122/019/no-multi-assign-0.ts:2:18
          no-multi-assign  This chains one assignment inside another, so a single statement writes to two names and only one of them is where a reader looks. In `let a = b = c` the `b` is not declared at all, so a chain inside a declaration silently creates or writes an outer binding. Write each assignment on its own line.

        range 28 37 unexpectedChain 			28 37
        /tmp/adamic-gate/TestMutantsno-multi-assign-option-reversed1487501122/019/no-multi-assign-0.ts:3:19
    lint_test.go:1006: no-multi-assign-option-reversed caught on emitted JavaScript: case 88 line 4600: port "/tmp/adamic-gate/TestMutantsno-multi-assign-option-reversed1487501122/019/no-multi-assign-0.ts:1:5", Go "/tmp/adamic-gate/TestMutantsno-multi-assign-option-reversed1487501122/019/no-multi-assign-0.ts:2:18"
        Go context:
          no-return-assign  This return statement assigns rather than returns a value it already has, so it does two things at once and the assignment is the one the reader is likeliest to miss. It is usually a `==` typed as `=`, and where it is deliberate it reads as a value being returned rather than as a write happening on the way out. Assign on its own line and return the variable, or wrap the assignment in its own parentheses to say the write was meant.

        range 643 661 returnAssignment 			643 661
        fixed	interface Bare { n: number }; interface WrongType { value: number }; type Alias = string; const Choice={Yes:'Yes'} as const; function guard(x: unknown): x is string { return true; } console.log('one'); console['warn']('two'); let count=0; count++; for(let i=0;i<3;i++){count++;} interface CallableType { method: (value: string) => number; readonly property: (value: string) => number; } enum Direction { Left=1, Right=Left|2, Other=compute() } let boxed: number; class Thing implements Boolean {} if(!flag){doOne();}else{doTwo();} const chosen=!flag?left:right; const assigning=()=>left=right; const wrapped=()=>(left=right); function returning(){return left=right;}\u000a
        case 88
        /tmp/adamic-gate/TestMutantsno-multi-assign-option-reversed1487501122/019/no-multi-assign-0.ts:2:18
          no-multi-assign  This chains one assignment inside another, so a single statement writes to two names and only one of them is where a reader looks. In `let a = b = c` the `b` is not declared at all, so a chain inside a declaration silently creates or writes an outer binding. Write each assignment on its own line.

        range 28 37 unexpectedChain 			28 37
        /tmp/adamic-gate/TestMutantsno-multi-assign-option-reversed1487501122/019/no-multi-assign-0.ts:3:19
--- PASS: TestMutants/no-multi-assign-option-reversed (13.73s)
=== CONT  TestMutants/miss-postfix-writes
    lint_test.go:155: checker native mutant build: 9.642893607s
    lint_test.go:1006: boolean type verdict inverted caught on native: case 0 line 2: port "fixed\tdeclare const b: boolean; if (b === true) {}\\u000a", Go "/tmp/adamic-gate/TestMutantsboolean_type_verdict_inverted580654257/019/no-unnecessary-boolean-literal-compare-0.ts:1:31"
        Go context:
        case 0
        /tmp/adamic-gate/TestMutantsboolean_type_verdict_inverted580654257/019/no-unnecessary-boolean-literal-compare-0.ts:1:31
          @typescript-eslint/no-unnecessary-boolean-literal-compare  This compares a boolean to a boolean literal, which asks the same question the value already answers. Use the expression on its own.

        range 30 40 direct fix	b		30 40
        fixed	declare const b: boolean; if (b) {}\u000a
    lint_test.go:1006: boolean type verdict inverted caught on Node: case 0 line 2: port "fixed\tdeclare const b: boolean; if (b === true) {}\\u000a", Go "/tmp/adamic-gate/TestMutantsboolean_type_verdict_inverted580654257/019/no-unnecessary-boolean-literal-compare-0.ts:1:31"
        Go context:
        case 0
        /tmp/adamic-gate/TestMutantsboolean_type_verdict_inverted580654257/019/no-unnecessary-boolean-literal-compare-0.ts:1:31
          @typescript-eslint/no-unnecessary-boolean-literal-compare  This compares a boolean to a boolean literal, which asks the same question the value already answers. Use the expression on its own.

        range 30 40 direct fix	b		30 40
        fixed	declare const b: boolean; if (b) {}\u000a
    lint_test.go:1006: boolean type verdict inverted caught on emitted JavaScript: case 0 line 2: port "fixed\tdeclare const b: boolean; if (b === true) {}\\u000a", Go "/tmp/adamic-gate/TestMutantsboolean_type_verdict_inverted580654257/019/no-unnecessary-boolean-literal-compare-0.ts:1:31"
        Go context:
        case 0
        /tmp/adamic-gate/TestMutantsboolean_type_verdict_inverted580654257/019/no-unnecessary-boolean-literal-compare-0.ts:1:31
          @typescript-eslint/no-unnecessary-boolean-literal-compare  This compares a boolean to a boolean literal, which asks the same question the value already answers. Use the expression on its own.

        range 30 40 direct fix	b		30 40
        fixed	declare const b: boolean; if (b) {}\u000a
--- PASS: TestMutants/boolean_type_verdict_inverted (23.84s)
=== CONT  TestMutants/comment_exemption_removed
    lint_test.go:1000: checker compilation phases: load=238.098503ms lower=11.973275938s C=1.214989747s JavaScript=70.342477ms
    lint_test.go:1006: react-no-find-dom-node mutant from batch 8 caught on Node: case 1 line 11: port "  react/no-find-dom-node  `findDOMNode` was deprecated in 2018 and removed in React 19, so this call throws on any current React. Even where it still runs it reaches around the component that owns the node: the parent reads a child's DOM element the child never agreed to expose, so the child cannot change what it renders without breaking a caller it does not know about. Pass a ref to the element instead, so the component decides what it hands out.", Go "  nexus/consistency-no-ambiguous-identifier  Single-letter identifier \"f\" is not descriptive enough. The name is read everywhere it is used and declared only once, so the saving is at the declaration and the cost is at every call site."
        Go context:
        case 1
        skipped @typescript-eslint/no-redundant-type-constituents no program
        skipped @typescript-eslint/no-unnecessary-boolean-literal-compare no program
        skipped @typescript-eslint/prefer-find no program
        /tmp/adamic-gate/TestMutantsreact-no-find-dom-node_mutant_from_batch_8893584905/002/top_level_await_new_script.ts:3:1
          nexus/consistency-no-ambiguous-identifier  Single-letter identifier "f" is not descriptive enough. The name is read everywhere it is used and declared only once, so the saving is at the declaration and the cost is at every call site.

        range 28 29 noSingleLetter 			28 29
        /tmp/adamic-gate/TestMutantsreact-no-find-dom-node_mutant_from_batch_8893584905/002/top_level_await_new_script.ts:4:1
          nexus/consistency-no-ambiguous-identifier  Single-letter identifier "f" is not descriptive enough. The name is read everywhere it is used and declared only once, so the saving is at the declaration and the cost is at every call site.
    lint_test.go:1006: react-no-find-dom-node mutant from batch 8 caught on emitted JavaScript: case 1 line 11: port "  react/no-find-dom-node  `findDOMNode` was deprecated in 2018 and removed in React 19, so this call throws on any current React. Even where it still runs it reaches around the component that owns the node: the parent reads a child's DOM element the child never agreed to expose, so the child cannot change what it renders without breaking a caller it does not know about. Pass a ref to the element instead, so the component decides what it hands out.", Go "  nexus/consistency-no-ambiguous-identifier  Single-letter identifier \"f\" is not descriptive enough. The name is read everywhere it is used and declared only once, so the saving is at the declaration and the cost is at every call site."
        Go context:
        case 1
        skipped @typescript-eslint/no-redundant-type-constituents no program
        skipped @typescript-eslint/no-unnecessary-boolean-literal-compare no program
        skipped @typescript-eslint/prefer-find no program
        /tmp/adamic-gate/TestMutantsreact-no-find-dom-node_mutant_from_batch_8893584905/002/top_level_await_new_script.ts:3:1
          nexus/consistency-no-ambiguous-identifier  Single-letter identifier "f" is not descriptive enough. The name is read everywhere it is used and declared only once, so the saving is at the declaration and the cost is at every call site.

        range 28 29 noSingleLetter 			28 29
        /tmp/adamic-gate/TestMutantsreact-no-find-dom-node_mutant_from_batch_8893584905/002/top_level_await_new_script.ts:4:1
          nexus/consistency-no-ambiguous-identifier  Single-letter identifier "f" is not descriptive enough. The name is read everywhere it is used and declared only once, so the saving is at the declaration and the cost is at every call site.
--- PASS: TestMutants/react-no-find-dom-node_mutant_from_batch_8 (15.20s)
=== CONT  TestMutants/no-redundant-type-constituents-decision
    lint_test.go:1000: checker compilation phases: load=362.270228ms lower=13.135583278s C=1.19803017s JavaScript=51.185839ms
    lint_test.go:1000: checker compilation phases: load=229.241813ms lower=12.923667059s C=1.23536712s JavaScript=54.115273ms
    lint_test.go:1000: checker compilation phases: load=231.377797ms lower=13.050720823s C=1.204341946s JavaScript=51.811651ms
    lint_test.go:1006: miss-postfix-writes caught on Node: case 88 line 4600: port "fixed\ttry {} catch(error) { error++; const a = -error; const b = typeof error; }\\u000a", Go "/tmp/adamic-gate/TestMutantsmiss-postfix-writes541376001/019/no-ex-assign-0.ts:1:23"
        Go context:
          no-return-assign  This return statement assigns rather than returns a value it already has, so it does two things at once and the assignment is the one the reader is likeliest to miss. It is usually a `==` typed as `=`, and where it is deliberate it reads as a value being returned rather than as a write happening on the way out. Assign on its own line and return the variable, or wrap the assignment in its own parentheses to say the write was meant.

        range 643 661 returnAssignment 			643 661
        fixed	interface Bare { n: number }; interface WrongType { value: number }; type Alias = string; const Choice={Yes:'Yes'} as const; function guard(x: unknown): x is string { return true; } console.log('one'); console['warn']('two'); let count=0; count++; for(let i=0;i<3;i++){count++;} interface CallableType { method: (value: string) => number; readonly property: (value: string) => number; } enum Direction { Left=1, Right=Left|2, Other=compute() } let boxed: number; class Thing implements Boolean {} if(!flag){doOne();}else{doTwo();} const chosen=!flag?left:right; const assigning=()=>left=right; const wrapped=()=>(left=right); function returning(){return left=right;}\u000a
        case 88
        /tmp/adamic-gate/TestMutantsmiss-postfix-writes541376001/019/no-ex-assign-0.ts:1:23
          no-ex-assign  This assigns to the caught exception, which discards the only reference to what actually went wrong. Anything after this point in the handler reports the new value rather than the error, so a rethrow rethrows the wrong thing and a log line describes something that never happened. The usual intent is a second binding: declare one instead of overwriting the parameter.

        range 22 27 unexpectedExceptionAssignment 			22 27
        fixed	try {} catch(error) { error++; const a = -error; const b = typeof error; }\u000a
    lint_test.go:1006: miss-postfix-writes caught on emitted JavaScript: case 88 line 4600: port "fixed\ttry {} catch(error) { error++; const a = -error; const b = typeof error; }\\u000a", Go "/tmp/adamic-gate/TestMutantsmiss-postfix-writes541376001/019/no-ex-assign-0.ts:1:23"
        Go context:
          no-return-assign  This return statement assigns rather than returns a value it already has, so it does two things at once and the assignment is the one the reader is likeliest to miss. It is usually a `==` typed as `=`, and where it is deliberate it reads as a value being returned rather than as a write happening on the way out. Assign on its own line and return the variable, or wrap the assignment in its own parentheses to say the write was meant.

        range 643 661 returnAssignment 			643 661
        fixed	interface Bare { n: number }; interface WrongType { value: number }; type Alias = string; const Choice={Yes:'Yes'} as const; function guard(x: unknown): x is string { return true; } console.log('one'); console['warn']('two'); let count=0; count++; for(let i=0;i<3;i++){count++;} interface CallableType { method: (value: string) => number; readonly property: (value: string) => number; } enum Direction { Left=1, Right=Left|2, Other=compute() } let boxed: number; class Thing implements Boolean {} if(!flag){doOne();}else{doTwo();} const chosen=!flag?left:right; const assigning=()=>left=right; const wrapped=()=>(left=right); function returning(){return left=right;}\u000a
        case 88
        /tmp/adamic-gate/TestMutantsmiss-postfix-writes541376001/019/no-ex-assign-0.ts:1:23
          no-ex-assign  This assigns to the caught exception, which discards the only reference to what actually went wrong. Anything after this point in the handler reports the new value rather than the error, so a rethrow rethrows the wrong thing and a log line describes something that never happened. The usual intent is a second binding: declare one instead of overwriting the parameter.

        range 22 27 unexpectedExceptionAssignment 			22 27
        fixed	try {} catch(error) { error++; const a = -error; const b = typeof error; }\u000a
--- PASS: TestMutants/miss-postfix-writes (16.39s)
=== CONT  TestMutants/number-inference
    lint_test.go:1006: no-iterator-static-key caught on Node: case 88 line 4600: port "fixed\t/*\\ud83d\\ude00*/ test.__iterator__;\\u000atest['__iterator__'];\\u000atest[`__iterator__`];\\u000atest[__iterator__];\\u000aconst __iterator__ = null;\\u000atest[`__iterator`];\\u000atest[`__iterator__\\u005cn`];\\u000atest[`__iterator${part}__`];\\u000atest['\\u005cu005f_iterator__'];\\u000atest[('__iterator__')];\\u000atest[((`__iterator__`))];\\u000atest?.__iterator__;\\u000atest?.['__iterator__'];\\u000a", Go "/tmp/adamic-gate/TestMutantsno-iterator-static-key901446990/019/no-iterator-0.ts:1:10"
        Go context:
          no-return-assign  This return statement assigns rather than returns a value it already has, so it does two things at once and the assignment is the one the reader is likeliest to miss. It is usually a `==` typed as `=`, and where it is deliberate it reads as a value being returned rather than as a write happening on the way out. Assign on its own line and return the variable, or wrap the assignment in its own parentheses to say the write was meant.

        range 643 661 returnAssignment 			643 661
        fixed	interface Bare { n: number }; interface WrongType { value: number }; type Alias = string; const Choice={Yes:'Yes'} as const; function guard(x: unknown): x is string { return true; } console.log('one'); console['warn']('two'); let count=0; count++; for(let i=0;i<3;i++){count++;} interface CallableType { method: (value: string) => number; readonly property: (value: string) => number; } enum Direction { Left=1, Right=Left|2, Other=compute() } let boxed: number; class Thing implements Boolean {} if(!flag){doOne();}else{doTwo();} const chosen=!flag?left:right; const assigning=()=>left=right; const wrapped=()=>(left=right); function returning(){return left=right;}\u000a
        case 88
        /tmp/adamic-gate/TestMutantsno-iterator-static-key901446990/019/no-iterator-0.ts:1:10
          no-iterator  This uses the reserved name `__iterator__`. That was SpiderMonkey's pre-standard iteration protocol, removed from Firefox in 2015 and never implemented anywhere else, so the property does nothing in any engine running today. Use `[Symbol.iterator]`, which is the standard protocol that replaced it.

        range 9 26 noIterator suggestion-edits:useSymbolIterator	13:26:[Symbol.iterator]	Replace `__iterator__` with `[Symbol.iterator]`.	9 26
        /tmp/adamic-gate/TestMutantsno-iterator-static-key901446990/019/no-iterator-0.ts:2:1
    lint_test.go:1006: no-iterator-static-key caught on emitted JavaScript: case 88 line 4600: port "fixed\t/*\\ud83d\\ude00*/ test.__iterator__;\\u000atest['__iterator__'];\\u000atest[`__iterator__`];\\u000atest[__iterator__];\\u000aconst __iterator__ = null;\\u000atest[`__iterator`];\\u000atest[`__iterator__\\u005cn`];\\u000atest[`__iterator${part}__`];\\u000atest['\\u005cu005f_iterator__'];\\u000atest[('__iterator__')];\\u000atest[((`__iterator__`))];\\u000atest?.__iterator__;\\u000atest?.['__iterator__'];\\u000a", Go "/tmp/adamic-gate/TestMutantsno-iterator-static-key901446990/019/no-iterator-0.ts:1:10"
        Go context:
          no-return-assign  This return statement assigns rather than returns a value it already has, so it does two things at once and the assignment is the one the reader is likeliest to miss. It is usually a `==` typed as `=`, and where it is deliberate it reads as a value being returned rather than as a write happening on the way out. Assign on its own line and return the variable, or wrap the assignment in its own parentheses to say the write was meant.

        range 643 661 returnAssignment 			643 661
        fixed	interface Bare { n: number }; interface WrongType { value: number }; type Alias = string; const Choice={Yes:'Yes'} as const; function guard(x: unknown): x is string { return true; } console.log('one'); console['warn']('two'); let count=0; count++; for(let i=0;i<3;i++){count++;} interface CallableType { method: (value: string) => number; readonly property: (value: string) => number; } enum Direction { Left=1, Right=Left|2, Other=compute() } let boxed: number; class Thing implements Boolean {} if(!flag){doOne();}else{doTwo();} const chosen=!flag?left:right; const assigning=()=>left=right; const wrapped=()=>(left=right); function returning(){return left=right;}\u000a
        case 88
        /tmp/adamic-gate/TestMutantsno-iterator-static-key901446990/019/no-iterator-0.ts:1:10
          no-iterator  This uses the reserved name `__iterator__`. That was SpiderMonkey's pre-standard iteration protocol, removed from Firefox in 2015 and never implemented anywhere else, so the property does nothing in any engine running today. Use `[Symbol.iterator]`, which is the standard protocol that replaced it.

        range 9 26 noIterator suggestion-edits:useSymbolIterator	13:26:[Symbol.iterator]	Replace `__iterator__` with `[Symbol.iterator]`.	9 26
        /tmp/adamic-gate/TestMutantsno-iterator-static-key901446990/019/no-iterator-0.ts:2:1
--- PASS: TestMutants/no-iterator-static-key (16.59s)
=== CONT  TestMutants/inline_type_gate
    lint_test.go:1006: label option widened caught on Node: case 39 line 1720: port "/tmp/adamic-gate/TestMutantslabel_option_widened1999398761/010/generated-6.ts:1:17", Go "/tmp/adamic-gate/TestMutantslabel_option_widened1999398761/010/generated-6.ts:1:1"
        Go context:
        fixed	\ufeffconst \u00e9 = '\ud83d\ude00';\u000d\u000a \u00e9 == null;\u000a \u000d\u000a if(\u00e9){} // outside\u000a
        case 39
        skipped @typescript-eslint/no-redundant-type-constituents no program
        skipped @typescript-eslint/no-unnecessary-boolean-literal-compare no program
        skipped @typescript-eslint/prefer-find no program
        /tmp/adamic-gate/TestMutantslabel_option_widened1999398761/010/generated-6.ts:1:1
          no-labels  This labels a statement. A label is a second naming system that only `break` and `continue` can read, so control can leave from a line that carries no visible marker and land somewhere the reader has to search the file to find. Reading the code top to bottom no longer tells you where it goes. Extract the labeled region into a function and return from it, or restructure the loops so the exit is local.

        range 0 92 unexpectedLabel 			0 92
        /tmp/adamic-gate/TestMutantslabel_option_widened1999398761/010/generated-6.ts:1:17
    lint_test.go:1006: label option widened caught on emitted JavaScript: case 39 line 1720: port "/tmp/adamic-gate/TestMutantslabel_option_widened1999398761/010/generated-6.ts:1:17", Go "/tmp/adamic-gate/TestMutantslabel_option_widened1999398761/010/generated-6.ts:1:1"
        Go context:
        fixed	\ufeffconst \u00e9 = '\ud83d\ude00';\u000d\u000a \u00e9 == null;\u000a \u000d\u000a if(\u00e9){} // outside\u000a
        case 39
        skipped @typescript-eslint/no-redundant-type-constituents no program
        skipped @typescript-eslint/no-unnecessary-boolean-literal-compare no program
        skipped @typescript-eslint/prefer-find no program
        /tmp/adamic-gate/TestMutantslabel_option_widened1999398761/010/generated-6.ts:1:1
          no-labels  This labels a statement. A label is a second naming system that only `break` and `continue` can read, so control can leave from a line that carries no visible marker and land somewhere the reader has to search the file to find. Reading the code top to bottom no longer tells you where it goes. Extract the labeled region into a function and return from it, or restructure the loops so the exit is local.

        range 0 92 unexpectedLabel 			0 92
        /tmp/adamic-gate/TestMutantslabel_option_widened1999398761/010/generated-6.ts:1:17
--- PASS: TestMutants/label_option_widened (17.14s)
=== CONT  TestMutants/method_listener_lost
    lint_test.go:1000: checker compilation phases: load=481.415198ms lower=13.817558304s C=1.018063228s JavaScript=64.575725ms
    lint_test.go:1006: comment exemption removed caught on Node: case 88 line 4604: port "/tmp/adamic-gate/TestMutantscomment_exemption_removed86835835/019/no-empty-static-block-0.ts:4:5", Go "fixed\texport class Thing {\\u000a    static label = '/* not a comment */';\\u000a    static {}\\u000a    static {\\u000a        /* deliberately empty */\\u000a    }\\u000a    static {\\u000a        // deliberately empty\\u000a    }\\u000a    static { Thing.label = 'initialized'; }\\u000a}\\u000a"
        Go context:
        case 88
        /tmp/adamic-gate/TestMutantscomment_exemption_removed86835835/019/no-empty-static-block-0.ts:3:5
          no-empty-static-block  This static initialization block is empty, so it runs nothing at class definition time and exists only as syntax. Unlike an empty catch, there is no reading where that is deliberate: a static block has no parameter to bind and no error to swallow, so an empty one is a body that was deleted or never written. Remove it, or say in a comment why the class needs an initialization step that does nothing.

        range 67 76 unexpectedEmptyStaticBlock 			67 76
        fixed	export class Thing {\u000a    static label = '/* not a comment */';\u000a    static {}\u000a    static {\u000a        /* deliberately empty */\u000a    }\u000a    static {\u000a        // deliberately empty\u000a    }\u000a    static { Thing.label = 'initialized'; }\u000a}\u000a
    lint_test.go:1006: comment exemption removed caught on emitted JavaScript: case 88 line 4604: port "/tmp/adamic-gate/TestMutantscomment_exemption_removed86835835/019/no-empty-static-block-0.ts:4:5", Go "fixed\texport class Thing {\\u000a    static label = '/* not a comment */';\\u000a    static {}\\u000a    static {\\u000a        /* deliberately empty */\\u000a    }\\u000a    static {\\u000a        // deliberately empty\\u000a    }\\u000a    static { Thing.label = 'initialized'; }\\u000a}\\u000a"
        Go context:
        case 88
        /tmp/adamic-gate/TestMutantscomment_exemption_removed86835835/019/no-empty-static-block-0.ts:3:5
          no-empty-static-block  This static initialization block is empty, so it runs nothing at class definition time and exists only as syntax. Unlike an empty catch, there is no reading where that is deliberate: a static block has no parameter to bind and no error to swallow, so an empty one is a body that was deleted or never written. Remove it, or say in a comment why the class needs an initialization step that does nothing.

        range 67 76 unexpectedEmptyStaticBlock 			67 76
        fixed	export class Thing {\u000a    static label = '/* not a comment */';\u000a    static {}\u000a    static {\u000a        /* deliberately empty */\u000a    }\u000a    static {\u000a        // deliberately empty\u000a    }\u000a    static { Thing.label = 'initialized'; }\u000a}\u000a
--- PASS: TestMutants/comment_exemption_removed (17.07s)
=== CONT  TestMutants/init_declarations_always_span_includes_annotation
    lint_test.go:147: checker compilation phases: load=349.527126ms lower=13.542222121s C=1.196969783s JavaScript=77.658994ms
    lint_test.go:1000: checker compilation phases: load=331.126081ms lower=11.982729172s C=994.241661ms JavaScript=55.800482ms
    lint_test.go:1000: checker compilation phases: load=362.114362ms lower=11.9089835s C=984.807799ms JavaScript=48.520237ms
    lint_test.go:1000: checker compilation phases: load=342.785402ms lower=11.838316733s C=947.670916ms JavaScript=33.834328ms
    lint_test.go:1006: inline type gate caught on Node: case 88 line 4600: port "fixed\timport { type A as AA, type B as BB } from 'mod';\\u000aimport   {   type   C   }   from 'mod';\\u000aimport {type default as D, type 'a' as X} from 'mod';\\u000a", Go "/tmp/adamic-gate/TestMutantsinline_type_gate1051407262/019/typescript-no-import-type-side-effects-0.ts:1:1"
        Go context:
          no-return-assign  This return statement assigns rather than returns a value it already has, so it does two things at once and the assignment is the one the reader is likeliest to miss. It is usually a `==` typed as `=`, and where it is deliberate it reads as a value being returned rather than as a write happening on the way out. Assign on its own line and return the variable, or wrap the assignment in its own parentheses to say the write was meant.

        range 643 661 returnAssignment 			643 661
        fixed	interface Bare { n: number }; interface WrongType { value: number }; type Alias = string; const Choice={Yes:'Yes'} as const; function guard(x: unknown): x is string { return true; } console.log('one'); console['warn']('two'); let count=0; count++; for(let i=0;i<3;i++){count++;} interface CallableType { method: (value: string) => number; readonly property: (value: string) => number; } enum Direction { Left=1, Right=Left|2, Other=compute() } let boxed: number; class Thing implements Boolean {} if(!flag){doOne();}else{doTwo();} const chosen=!flag?left:right; const assigning=()=>left=right; const wrapped=()=>(left=right); function returning(){return left=right;}\u000a
        case 88
        /tmp/adamic-gate/TestMutantsinline_type_gate1051407262/019/typescript-no-import-type-side-effects-0.ts:1:1
          @typescript-eslint/no-import-type-side-effects  Every name in this import carries its own inline `type` qualifier, so TypeScript erases the names and leaves the bare `import 'module'` behind, which still runs the module for its side effects. The import reads as type-only and is not. Move the qualifier to the top level, where it removes the whole statement.

        range 0 49 useTopLevelQualifier fix			9 14
        fix-edit	23 28
    lint_test.go:1006: inline type gate caught on emitted JavaScript: case 88 line 4600: port "fixed\timport { type A as AA, type B as BB } from 'mod';\\u000aimport   {   type   C   }   from 'mod';\\u000aimport {type default as D, type 'a' as X} from 'mod';\\u000a", Go "/tmp/adamic-gate/TestMutantsinline_type_gate1051407262/019/typescript-no-import-type-side-effects-0.ts:1:1"
        Go context:
          no-return-assign  This return statement assigns rather than returns a value it already has, so it does two things at once and the assignment is the one the reader is likeliest to miss. It is usually a `==` typed as `=`, and where it is deliberate it reads as a value being returned rather than as a write happening on the way out. Assign on its own line and return the variable, or wrap the assignment in its own parentheses to say the write was meant.

        range 643 661 returnAssignment 			643 661
        fixed	interface Bare { n: number }; interface WrongType { value: number }; type Alias = string; const Choice={Yes:'Yes'} as const; function guard(x: unknown): x is string { return true; } console.log('one'); console['warn']('two'); let count=0; count++; for(let i=0;i<3;i++){count++;} interface CallableType { method: (value: string) => number; readonly property: (value: string) => number; } enum Direction { Left=1, Right=Left|2, Other=compute() } let boxed: number; class Thing implements Boolean {} if(!flag){doOne();}else{doTwo();} const chosen=!flag?left:right; const assigning=()=>left=right; const wrapped=()=>(left=right); function returning(){return left=right;}\u000a
        case 88
        /tmp/adamic-gate/TestMutantsinline_type_gate1051407262/019/typescript-no-import-type-side-effects-0.ts:1:1
          @typescript-eslint/no-import-type-side-effects  Every name in this import carries its own inline `type` qualifier, so TypeScript erases the names and leaves the bare `import 'module'` behind, which still runs the module for its side effects. The import reads as type-only and is not. Move the qualifier to the top level, where it removes the whole statement.

        range 0 49 useTopLevelQualifier fix			9 14
        fix-edit	23 28
--- PASS: TestMutants/inline_type_gate (15.57s)
=== CONT  TestMutants/no-empty-pattern_reports_real_bindings
    lint_test.go:1006: number-inference caught on Node: case 88 line 4600: port "fixed\tconst count: number = 5;\\u000afunction f(value: number = 5) {}\\u000aclass C { value: number = 5; readonly keep: number = 5; }\\u000a", Go "/tmp/adamic-gate/TestMutantsnumber-inference2855334421/019/typescript-eslint-no-inferrable-types-0.ts:1:7"
        Go context:
          no-return-assign  This return statement assigns rather than returns a value it already has, so it does two things at once and the assignment is the one the reader is likeliest to miss. It is usually a `==` typed as `=`, and where it is deliberate it reads as a value being returned rather than as a write happening on the way out. Assign on its own line and return the variable, or wrap the assignment in its own parentheses to say the write was meant.

        range 643 661 returnAssignment 			643 661
        fixed	interface Bare { n: number }; interface WrongType { value: number }; type Alias = string; const Choice={Yes:'Yes'} as const; function guard(x: unknown): x is string { return true; } console.log('one'); console['warn']('two'); let count=0; count++; for(let i=0;i<3;i++){count++;} interface CallableType { method: (value: string) => number; readonly property: (value: string) => number; } enum Direction { Left=1, Right=Left|2, Other=compute() } let boxed: number; class Thing implements Boolean {} if(!flag){doOne();}else{doTwo();} const chosen=!flag?left:right; const assigning=()=>left=right; const wrapped=()=>(left=right); function returning(){return left=right;}\u000a
        case 88
        /tmp/adamic-gate/TestMutantsnumber-inference2855334421/019/typescript-eslint-no-inferrable-types-0.ts:1:7
          @typescript-eslint/no-inferrable-types  Type `number` is trivially inferred from a `number` literal, so the annotation restates what the initializer already says. Remove it and the declaration means exactly the same thing with one fewer place to keep in sync.

        range 6 23 noInferrableType fix			11 19
        fixed	const count = 5;\u000afunction f(value: number = 5) {}\u000aclass C { value: number = 5; readonly keep: number = 5; }\u000a
    lint_test.go:1006: number-inference caught on emitted JavaScript: case 88 line 4600: port "fixed\tconst count: number = 5;\\u000afunction f(value: number = 5) {}\\u000aclass C { value: number = 5; readonly keep: number = 5; }\\u000a", Go "/tmp/adamic-gate/TestMutantsnumber-inference2855334421/019/typescript-eslint-no-inferrable-types-0.ts:1:7"
        Go context:
          no-return-assign  This return statement assigns rather than returns a value it already has, so it does two things at once and the assignment is the one the reader is likeliest to miss. It is usually a `==` typed as `=`, and where it is deliberate it reads as a value being returned rather than as a write happening on the way out. Assign on its own line and return the variable, or wrap the assignment in its own parentheses to say the write was meant.

        range 643 661 returnAssignment 			643 661
        fixed	interface Bare { n: number }; interface WrongType { value: number }; type Alias = string; const Choice={Yes:'Yes'} as const; function guard(x: unknown): x is string { return true; } console.log('one'); console['warn']('two'); let count=0; count++; for(let i=0;i<3;i++){count++;} interface CallableType { method: (value: string) => number; readonly property: (value: string) => number; } enum Direction { Left=1, Right=Left|2, Other=compute() } let boxed: number; class Thing implements Boolean {} if(!flag){doOne();}else{doTwo();} const chosen=!flag?left:right; const assigning=()=>left=right; const wrapped=()=>(left=right); function returning(){return left=right;}\u000a
        case 88
        /tmp/adamic-gate/TestMutantsnumber-inference2855334421/019/typescript-eslint-no-inferrable-types-0.ts:1:7
          @typescript-eslint/no-inferrable-types  Type `number` is trivially inferred from a `number` literal, so the annotation restates what the initializer already says. Remove it and the declaration means exactly the same thing with one fewer place to keep in sync.

        range 6 23 noInferrableType fix			11 19
        fixed	const count = 5;\u000afunction f(value: number = 5) {}\u000aclass C { value: number = 5; readonly keep: number = 5; }\u000a
--- PASS: TestMutants/number-inference (15.69s)
=== CONT  TestMutants/empty_character_class_silenced
    lint_test.go:1006: method listener lost caught on Node: case 87 line 4554: port "/tmp/adamic-gate/TestMutantsmethod_listener_lost3157218448/018/options.ts:1:389", Go "/tmp/adamic-gate/TestMutantsmethod_listener_lost3157218448/018/options.ts:1:305"
        Go context:
        range 269 276 unexpectedUnaryOp 			269 276
        /tmp/adamic-gate/TestMutantsmethod_listener_lost3157218448/018/options.ts:1:290
          nexus/consistency-require-type-suffix  Interface "CallableType" should end in "Interface", "Properties", or "Options". Rename to "CallableTypeInterface", "CallableTypeProperties" if it shapes React component props, or "CallableTypeOptions" if it is an options or config bag.

        range 289 301 noInterfaceSuffix 			289 301
        /tmp/adamic-gate/TestMutantsmethod_listener_lost3157218448/018/options.ts:1:305
          @typescript-eslint/method-signature-style  This is written as a shorthand method signature, which TypeScript checks bivariantly: a parameter can be narrowed by an implementer and the compiler will not object, so a call that type-checks can still be wrong at runtime. A function property is checked the strict way and catches that.

        range 304 334 errorMethod fix	method: (value: string) => number;		304 334
        /tmp/adamic-gate/TestMutantsmethod_listener_lost3157218448/018/options.ts:1:389
    lint_test.go:1006: method listener lost caught on emitted JavaScript: case 87 line 4554: port "/tmp/adamic-gate/TestMutantsmethod_listener_lost3157218448/018/options.ts:1:389", Go "/tmp/adamic-gate/TestMutantsmethod_listener_lost3157218448/018/options.ts:1:305"
        Go context:
        range 269 276 unexpectedUnaryOp 			269 276
        /tmp/adamic-gate/TestMutantsmethod_listener_lost3157218448/018/options.ts:1:290
          nexus/consistency-require-type-suffix  Interface "CallableType" should end in "Interface", "Properties", or "Options". Rename to "CallableTypeInterface", "CallableTypeProperties" if it shapes React component props, or "CallableTypeOptions" if it is an options or config bag.

        range 289 301 noInterfaceSuffix 			289 301
        /tmp/adamic-gate/TestMutantsmethod_listener_lost3157218448/018/options.ts:1:305
          @typescript-eslint/method-signature-style  This is written as a shorthand method signature, which TypeScript checks bivariantly: a parameter can be narrowed by an implementer and the compiler will not object, so a call that type-checks can still be wrong at runtime. A function property is checked the strict way and catches that.

        range 304 334 errorMethod fix	method: (value: string) => number;		304 334
        /tmp/adamic-gate/TestMutantsmethod_listener_lost3157218448/018/options.ts:1:389
--- PASS: TestMutants/method_listener_lost (15.63s)
=== CONT  TestMutants/duplicate-else-if-keeps-covered-group
    lint_test.go:1000: checker compilation phases: load=276.261983ms lower=11.317343454s C=815.325578ms JavaScript=79.219161ms
    lint_test.go:1006: init_declarations_always_span_includes_annotation caught on Node: case 88 line 4603: port "range 4 19 initialized \t\t\t4 19", Go "range 4 11 initialized \t\t\t4 11"
        Go context:
        fixed	interface Bare { n: number }; interface WrongType { value: number }; type Alias = string; const Choice={Yes:'Yes'} as const; function guard(x: unknown): x is string { return true; } console.log('one'); console['warn']('two'); let count=0; count++; for(let i=0;i<3;i++){count++;} interface CallableType { method: (value: string) => number; readonly property: (value: string) => number; } enum Direction { Left=1, Right=Left|2, Other=compute() } let boxed: number; class Thing implements Boolean {} if(!flag){doOne();}else{doTwo();} const chosen=!flag?left:right; const assigning=()=>left=right; const wrapped=()=>(left=right); function returning(){return left=right;}\u000a
        case 88
        /tmp/adamic-gate/TestMutantsinit_declarations_always_span_includes_annotation109721750/019/typescript-init-declarations-0.ts:1:5
          @typescript-eslint/init-declarations  Variable 'pending' should be initialized on declaration.

        range 4 11 initialized 			4 11
        /tmp/adamic-gate/TestMutantsinit_declarations_always_span_includes_annotation109721750/019/typescript-init-declarations-0.ts:2:5
          @typescript-eslint/init-declarations  Variable 'café' should be initialized on declaration.

        range 25 30 initialized 			25 30
    lint_test.go:1006: init_declarations_always_span_includes_annotation caught on emitted JavaScript: case 88 line 4603: port "range 4 19 initialized \t\t\t4 19", Go "range 4 11 initialized \t\t\t4 11"
        Go context:
        fixed	interface Bare { n: number }; interface WrongType { value: number }; type Alias = string; const Choice={Yes:'Yes'} as const; function guard(x: unknown): x is string { return true; } console.log('one'); console['warn']('two'); let count=0; count++; for(let i=0;i<3;i++){count++;} interface CallableType { method: (value: string) => number; readonly property: (value: string) => number; } enum Direction { Left=1, Right=Left|2, Other=compute() } let boxed: number; class Thing implements Boolean {} if(!flag){doOne();}else{doTwo();} const chosen=!flag?left:right; const assigning=()=>left=right; const wrapped=()=>(left=right); function returning(){return left=right;}\u000a
        case 88
        /tmp/adamic-gate/TestMutantsinit_declarations_always_span_includes_annotation109721750/019/typescript-init-declarations-0.ts:1:5
          @typescript-eslint/init-declarations  Variable 'pending' should be initialized on declaration.

        range 4 11 initialized 			4 11
        /tmp/adamic-gate/TestMutantsinit_declarations_always_span_includes_annotation109721750/019/typescript-init-declarations-0.ts:2:5
          @typescript-eslint/init-declarations  Variable 'café' should be initialized on declaration.

        range 25 30 initialized 			25 30
--- PASS: TestMutants/init_declarations_always_span_includes_annotation (13.98s)
=== CONT  TestMutants/regex_fix_eats_extra_byte
    lint_test.go:155: checker native mutant build: 10.805411718s
    lint_test.go:1006: no-redundant-type-constituents-decision caught on native: case 0 line 6: port "fixed\ttype T = string | any; type U = string | never;\\u000a", Go "/tmp/adamic-gate/TestMutantsno-redundant-type-constituents-decision1508539651/019/no-redundant-type-constituents-0.ts:1:42"
        Go context:
        case 0
        /tmp/adamic-gate/TestMutantsno-redundant-type-constituents-decision1508539651/019/no-redundant-type-constituents-0.ts:1:19
          @typescript-eslint/no-redundant-type-constituents  'any' overrides all other types in this union type.

        range 18 21 overrides 			18 21
        /tmp/adamic-gate/TestMutantsno-redundant-type-constituents-decision1508539651/019/no-redundant-type-constituents-0.ts:1:42
          @typescript-eslint/no-redundant-type-constituents  'never' is overridden by other types in this union type.

        range 41 46 overridden 			41 46
        fixed	type T = string | any; type U = string | never;\u000a
    lint_test.go:1006: no-redundant-type-constituents-decision caught on Node: case 0 line 6: port "fixed\ttype T = string | any; type U = string | never;\\u000a", Go "/tmp/adamic-gate/TestMutantsno-redundant-type-constituents-decision1508539651/019/no-redundant-type-constituents-0.ts:1:42"
        Go context:
        case 0
        /tmp/adamic-gate/TestMutantsno-redundant-type-constituents-decision1508539651/019/no-redundant-type-constituents-0.ts:1:19
          @typescript-eslint/no-redundant-type-constituents  'any' overrides all other types in this union type.

        range 18 21 overrides 			18 21
        /tmp/adamic-gate/TestMutantsno-redundant-type-constituents-decision1508539651/019/no-redundant-type-constituents-0.ts:1:42
          @typescript-eslint/no-redundant-type-constituents  'never' is overridden by other types in this union type.

        range 41 46 overridden 			41 46
        fixed	type T = string | any; type U = string | never;\u000a
    lint_test.go:1006: no-redundant-type-constituents-decision caught on emitted JavaScript: case 0 line 6: port "fixed\ttype T = string | any; type U = string | never;\\u000a", Go "/tmp/adamic-gate/TestMutantsno-redundant-type-constituents-decision1508539651/019/no-redundant-type-constituents-0.ts:1:42"
        Go context:
        case 0
        /tmp/adamic-gate/TestMutantsno-redundant-type-constituents-decision1508539651/019/no-redundant-type-constituents-0.ts:1:19
          @typescript-eslint/no-redundant-type-constituents  'any' overrides all other types in this union type.

        range 18 21 overrides 			18 21
        /tmp/adamic-gate/TestMutantsno-redundant-type-constituents-decision1508539651/019/no-redundant-type-constituents-0.ts:1:42
          @typescript-eslint/no-redundant-type-constituents  'never' is overridden by other types in this union type.

        range 41 46 overridden 			41 46
        fixed	type T = string | any; type U = string | never;\u000a
--- PASS: TestMutants/no-redundant-type-constituents-decision (27.29s)
=== CONT  TestMutants/object-alias-message-changed
    lint_test.go:1000: checker compilation phases: load=227.122423ms lower=10.293963872s C=840.765349ms JavaScript=49.956159ms
    lint_test.go:1000: checker compilation phases: load=254.206937ms lower=10.465245197s C=866.015161ms JavaScript=46.015941ms
    lint_test.go:1000: checker compilation phases: load=286.564808ms lower=10.411912601s C=950.822318ms JavaScript=51.022108ms
    lint_test.go:1006: empty_character_class_silenced caught on Node: case 88 line 4600: port "/tmp/adamic-gate/TestMutantsempty_character_class_silenced1630053072/019/no-empty-character-class-0.ts:6:25", Go "/tmp/adamic-gate/TestMutantsempty_character_class_silenced1630053072/019/no-empty-character-class-0.ts:2:26"
        Go context:
          no-return-assign  This return statement assigns rather than returns a value it already has, so it does two things at once and the assignment is the one the reader is likeliest to miss. It is usually a `==` typed as `=`, and where it is deliberate it reads as a value being returned rather than as a write happening on the way out. Assign on its own line and return the variable, or wrap the assignment in its own parentheses to say the write was meant.

        range 643 661 returnAssignment 			643 661
        fixed	interface Bare { n: number }; interface WrongType { value: number }; type Alias = string; const Choice={Yes:'Yes'} as const; function guard(x: unknown): x is string { return true; } console.log('one'); console['warn']('two'); let count=0; count++; for(let i=0;i<3;i++){count++;} interface CallableType { method: (value: string) => number; readonly property: (value: string) => number; } enum Direction { Left=1, Right=Left|2, Other=compute() } let boxed: number; class Thing implements Boolean {} if(!flag){doOne();}else{doTwo();} const chosen=!flag?left:right; const assigning=()=>left=right; const wrapped=()=>(left=right); function returning(){return left=right;}\u000a
        case 88
        /tmp/adamic-gate/TestMutantsempty_character_class_silenced1630053072/019/no-empty-character-class-0.ts:2:26
          no-empty-character-class  This character class is empty, so it matches nothing and makes the whole pattern unmatchable. Nobody writes an unmatchable pattern on purpose, which is why this is almost always a class whose contents were deleted or never typed. It is worth reporting because the failure is silent: the regex compiles, the code runs, and the branch behind the match simply never fires.

        range 82 84 unexpectedEmptyCharacterClass 			82 84
        /tmp/adamic-gate/TestMutantsempty_character_class_silenced1630053072/019/no-empty-character-class-0.ts:3:29
    lint_test.go:1006: empty_character_class_silenced caught on emitted JavaScript: case 88 line 4600: port "/tmp/adamic-gate/TestMutantsempty_character_class_silenced1630053072/019/no-empty-character-class-0.ts:6:25", Go "/tmp/adamic-gate/TestMutantsempty_character_class_silenced1630053072/019/no-empty-character-class-0.ts:2:26"
        Go context:
          no-return-assign  This return statement assigns rather than returns a value it already has, so it does two things at once and the assignment is the one the reader is likeliest to miss. It is usually a `==` typed as `=`, and where it is deliberate it reads as a value being returned rather than as a write happening on the way out. Assign on its own line and return the variable, or wrap the assignment in its own parentheses to say the write was meant.

        range 643 661 returnAssignment 			643 661
        fixed	interface Bare { n: number }; interface WrongType { value: number }; type Alias = string; const Choice={Yes:'Yes'} as const; function guard(x: unknown): x is string { return true; } console.log('one'); console['warn']('two'); let count=0; count++; for(let i=0;i<3;i++){count++;} interface CallableType { method: (value: string) => number; readonly property: (value: string) => number; } enum Direction { Left=1, Right=Left|2, Other=compute() } let boxed: number; class Thing implements Boolean {} if(!flag){doOne();}else{doTwo();} const chosen=!flag?left:right; const assigning=()=>left=right; const wrapped=()=>(left=right); function returning(){return left=right;}\u000a
        case 88
        /tmp/adamic-gate/TestMutantsempty_character_class_silenced1630053072/019/no-empty-character-class-0.ts:2:26
          no-empty-character-class  This character class is empty, so it matches nothing and makes the whole pattern unmatchable. Nobody writes an unmatchable pattern on purpose, which is why this is almost always a class whose contents were deleted or never typed. It is worth reporting because the failure is silent: the regex compiles, the code runs, and the branch behind the match simply never fires.

        range 82 84 unexpectedEmptyCharacterClass 			82 84
        /tmp/adamic-gate/TestMutantsempty_character_class_silenced1630053072/019/no-empty-character-class-0.ts:3:29
--- PASS: TestMutants/empty_character_class_silenced (13.44s)
=== CONT  TestMutants/adjacent_overload_separation_ignored
    lint_test.go:1006: duplicate-else-if-keeps-covered-group caught on Node: case 88 line 4600: port "fixed\tif(a) {} else if(a) {}\\u000a", Go "/tmp/adamic-gate/TestMutantsduplicate-else-if-keeps-covered-group1802475527/019/no-dupe-else-if-0.ts:1:18"
        Go context:
          no-return-assign  This return statement assigns rather than returns a value it already has, so it does two things at once and the assignment is the one the reader is likeliest to miss. It is usually a `==` typed as `=`, and where it is deliberate it reads as a value being returned rather than as a write happening on the way out. Assign on its own line and return the variable, or wrap the assignment in its own parentheses to say the write was meant.

        range 643 661 returnAssignment 			643 661
        fixed	interface Bare { n: number }; interface WrongType { value: number }; type Alias = string; const Choice={Yes:'Yes'} as const; function guard(x: unknown): x is string { return true; } console.log('one'); console['warn']('two'); let count=0; count++; for(let i=0;i<3;i++){count++;} interface CallableType { method: (value: string) => number; readonly property: (value: string) => number; } enum Direction { Left=1, Right=Left|2, Other=compute() } let boxed: number; class Thing implements Boolean {} if(!flag){doOne();}else{doTwo();} const chosen=!flag?left:right; const assigning=()=>left=right; const wrapped=()=>(left=right); function returning(){return left=right;}\u000a
        case 88
        /tmp/adamic-gate/TestMutantsduplicate-else-if-keeps-covered-group1802475527/019/no-dupe-else-if-0.ts:1:18
          no-dupe-else-if  This branch can never execute, because an earlier condition in the same if-else-if chain already covers it. The code inside is unreachable and nothing says so: it compiles, it type-checks, and it silently never runs, which usually means either the condition was meant to be different or the branch was meant to come first.

        range 17 18 unexpected 			17 18
        fixed	if(a) {} else if(a) {}\u000a
    lint_test.go:1006: duplicate-else-if-keeps-covered-group caught on emitted JavaScript: case 88 line 4600: port "fixed\tif(a) {} else if(a) {}\\u000a", Go "/tmp/adamic-gate/TestMutantsduplicate-else-if-keeps-covered-group1802475527/019/no-dupe-else-if-0.ts:1:18"
        Go context:
          no-return-assign  This return statement assigns rather than returns a value it already has, so it does two things at once and the assignment is the one the reader is likeliest to miss. It is usually a `==` typed as `=`, and where it is deliberate it reads as a value being returned rather than as a write happening on the way out. Assign on its own line and return the variable, or wrap the assignment in its own parentheses to say the write was meant.

        range 643 661 returnAssignment 			643 661
        fixed	interface Bare { n: number }; interface WrongType { value: number }; type Alias = string; const Choice={Yes:'Yes'} as const; function guard(x: unknown): x is string { return true; } console.log('one'); console['warn']('two'); let count=0; count++; for(let i=0;i<3;i++){count++;} interface CallableType { method: (value: string) => number; readonly property: (value: string) => number; } enum Direction { Left=1, Right=Left|2, Other=compute() } let boxed: number; class Thing implements Boolean {} if(!flag){doOne();}else{doTwo();} const chosen=!flag?left:right; const assigning=()=>left=right; const wrapped=()=>(left=right); function returning(){return left=right;}\u000a
        case 88
        /tmp/adamic-gate/TestMutantsduplicate-else-if-keeps-covered-group1802475527/019/no-dupe-else-if-0.ts:1:18
          no-dupe-else-if  This branch can never execute, because an earlier condition in the same if-else-if chain already covers it. The code inside is unreachable and nothing says so: it compiles, it type-checks, and it silently never runs, which usually means either the condition was meant to be different or the branch was meant to come first.

        range 17 18 unexpected 			17 18
        fixed	if(a) {} else if(a) {}\u000a
    lint_test.go:1006: no-empty-pattern reports real bindings caught on Node: case 88 line 4608: port "/tmp/adamic-gate/TestMutantsno-empty-pattern_reports_real_bindings3227176120/019/no-empty-pattern-0.ts:4:7", Go "/tmp/adamic-gate/TestMutantsno-empty-pattern_reports_real_bindings3227176120/019/no-empty-pattern-0.ts:4:17"
        Go context:
        range 76 78 unexpectedObject 			76 78
        /tmp/adamic-gate/TestMutantsno-empty-pattern_reports_real_bindings3227176120/019/no-empty-pattern-0.ts:3:7
          no-empty-pattern  This destructuring pattern is empty, so it binds nothing. `const [] = foo` declares no variables and only forces `foo` to be iterated. Name the elements being pulled out, or drop the destructuring.

        range 100 102 unexpectedArray 			100 102
        /tmp/adamic-gate/TestMutantsno-empty-pattern_reports_real_bindings3227176120/019/no-empty-pattern-0.ts:4:17
          no-empty-pattern  This destructuring pattern is empty, so it binds nothing. It reads like an object literal but is a pattern, which is why the mistake survives review: `const {} = foo` declares no variables at all and only asserts that `foo` is not null. Name the properties being pulled out, or drop the destructuring.

        range 133 135 unexpectedObject 			133 135
        /tmp/adamic-gate/TestMutantsno-empty-pattern_reports_real_bindings3227176120/019/no-empty-pattern-0.ts:5:17
    lint_test.go:1006: no-empty-pattern reports real bindings caught on emitted JavaScript: case 88 line 4608: port "/tmp/adamic-gate/TestMutantsno-empty-pattern_reports_real_bindings3227176120/019/no-empty-pattern-0.ts:4:7", Go "/tmp/adamic-gate/TestMutantsno-empty-pattern_reports_real_bindings3227176120/019/no-empty-pattern-0.ts:4:17"
        Go context:
        range 76 78 unexpectedObject 			76 78
        /tmp/adamic-gate/TestMutantsno-empty-pattern_reports_real_bindings3227176120/019/no-empty-pattern-0.ts:3:7
          no-empty-pattern  This destructuring pattern is empty, so it binds nothing. `const [] = foo` declares no variables and only forces `foo` to be iterated. Name the elements being pulled out, or drop the destructuring.

        range 100 102 unexpectedArray 			100 102
        /tmp/adamic-gate/TestMutantsno-empty-pattern_reports_real_bindings3227176120/019/no-empty-pattern-0.ts:4:17
          no-empty-pattern  This destructuring pattern is empty, so it binds nothing. It reads like an object literal but is a pattern, which is why the mistake survives review: `const {} = foo` declares no variables at all and only asserts that `foo` is not null. Name the properties being pulled out, or drop the destructuring.

        range 133 135 unexpectedObject 			133 135
        /tmp/adamic-gate/TestMutantsno-empty-pattern_reports_real_bindings3227176120/019/no-empty-pattern-0.ts:5:17
--- PASS: TestMutants/duplicate-else-if-keeps-covered-group (13.53s)
=== CONT  TestMutants/next-no-typos-threshold
--- PASS: TestMutants/no-empty-pattern_reports_real_bindings (13.70s)
=== CONT  TestMutants/continue_finding_stops_before_its_semicolon
    lint_test.go:1000: checker compilation phases: load=265.751097ms lower=10.066947651s C=1.039131513s JavaScript=45.053826ms
    lint_test.go:1006: regex fix eats extra byte caught on Node: case 51 line 2503: port "range 61 68 unexpected fix\t[=]\t\t62 64", Go "range 61 68 unexpected fix\t[=]\t\t62 63"
        Go context:

        range 18 28 unexpectedTemplateExpression 			18 28
        /tmp/adamic-gate/TestMutantsregex_fix_eats_extra_byte732454198/012/generated-8.ts:1:62
          no-div-regex  This regular expression begins with an equals sign, so its first two characters are the divide-assign operator spelled backwards, and a reader scanning the line has to work out which one it is. Writing the equals sign as a one-member character class matches exactly the same input and can only be read one way.

        range 61 68 unexpected fix	[=]		62 63
        /tmp/adamic-gate/TestMutantsregex_fix_eats_extra_byte732454198/012/generated-8.ts:1:94
          no-bitwise  Unexpected use of '|'. A bitwise operator here is usually a typo for its logical twin: `&` for `&&`, `|` for `||`. When it is deliberate the intent is worth stating, because the reader has to decide which of the two you meant every time they pass it.

        range 93 96 unexpected 			93 96
    lint_test.go:1006: regex fix eats extra byte caught on emitted JavaScript: case 51 line 2503: port "range 61 68 unexpected fix\t[=]\t\t62 64", Go "range 61 68 unexpected fix\t[=]\t\t62 63"
        Go context:

        range 18 28 unexpectedTemplateExpression 			18 28
        /tmp/adamic-gate/TestMutantsregex_fix_eats_extra_byte732454198/012/generated-8.ts:1:62
          no-div-regex  This regular expression begins with an equals sign, so its first two characters are the divide-assign operator spelled backwards, and a reader scanning the line has to work out which one it is. Writing the equals sign as a one-member character class matches exactly the same input and can only be read one way.

        range 61 68 unexpected fix	[=]		62 63
        /tmp/adamic-gate/TestMutantsregex_fix_eats_extra_byte732454198/012/generated-8.ts:1:94
          no-bitwise  Unexpected use of '|'. A bitwise operator here is usually a typo for its logical twin: `&` for `&&`, `|` for `||`. When it is deliberate the intent is worth stating, because the reader has to decide which of the two you meant every time they pass it.

        range 93 96 unexpected 			93 96
--- PASS: TestMutants/regex_fix_eats_extra_byte (13.13s)
=== CONT  TestMutants/inline-script-presence-inverted
    lint_test.go:1000: checker compilation phases: load=256.419841ms lower=9.542948314s C=678.027901ms JavaScript=29.379739ms
    lint_test.go:1006: object-alias-message-changed caught on Node: case 91 line 4624: port "  @typescript-eslint/consistent-type-definitions  Use an `interface` instead of a `type` elsewhere. Both describe the same object shape, but an interface is the one this project writes: it can be reopened by a later declaration, it shows up under its own name in compiler errors rather than being expanded inline, and mixing the two spellings for the same job makes a reader ask whether the difference was meant.", Go "  @typescript-eslint/consistent-type-definitions  Use an `interface` instead of a `type` here. Both describe the same object shape, but an interface is the one this project writes: it can be reopened by a later declaration, it shows up under its own name in compiler errors rather than being expanded inline, and mixing the two spellings for the same job makes a reader ask whether the difference was meant."
        Go context:
        fix-edit	25 49	 =
        fix-edit	62 62	 & Base<T> & Other
        fixed	export type Shape<T> = { value: T; } & Base<T> & Other\u000a
        case 91
        /tmp/adamic-gate/TestMutantsobject-alias-message-changed1988375459/022/typescript-eslint-consistent-type-definitions-3.ts:1:6
          @typescript-eslint/consistent-type-definitions  Use an `interface` instead of a `type` here. Both describe the same object shape, but an interface is the one this project writes: it can be reopened by a later declaration, it shows up under its own name in compiler errors rather than being expanded inline, and mixing the two spellings for the same job makes a reader ask whether the difference was meant.

        range 5 10 interfaceOverType fix	interface		0 4
        fix-edit	10 13
        fix-edit	30 31
    lint_test.go:1006: object-alias-message-changed caught on emitted JavaScript: case 91 line 4624: port "  @typescript-eslint/consistent-type-definitions  Use an `interface` instead of a `type` elsewhere. Both describe the same object shape, but an interface is the one this project writes: it can be reopened by a later declaration, it shows up under its own name in compiler errors rather than being expanded inline, and mixing the two spellings for the same job makes a reader ask whether the difference was meant.", Go "  @typescript-eslint/consistent-type-definitions  Use an `interface` instead of a `type` here. Both describe the same object shape, but an interface is the one this project writes: it can be reopened by a later declaration, it shows up under its own name in compiler errors rather than being expanded inline, and mixing the two spellings for the same job makes a reader ask whether the difference was meant."
        Go context:
        fix-edit	25 49	 =
        fix-edit	62 62	 & Base<T> & Other
        fixed	export type Shape<T> = { value: T; } & Base<T> & Other\u000a
        case 91
        /tmp/adamic-gate/TestMutantsobject-alias-message-changed1988375459/022/typescript-eslint-consistent-type-definitions-3.ts:1:6
          @typescript-eslint/consistent-type-definitions  Use an `interface` instead of a `type` here. Both describe the same object shape, but an interface is the one this project writes: it can be reopened by a later declaration, it shows up under its own name in compiler errors rather than being expanded inline, and mixing the two spellings for the same job makes a reader ask whether the difference was meant.

        range 5 10 interfaceOverType fix	interface		0 4
        fix-edit	10 13
        fix-edit	30 31
--- PASS: TestMutants/object-alias-message-changed (12.21s)
=== CONT  TestMutants/no-caller-property
    lint_test.go:1000: checker compilation phases: load=242.300447ms lower=10.043465426s C=894.063646ms JavaScript=44.350363ms
    lint_test.go:1000: checker compilation phases: load=268.686171ms lower=9.904129796s C=934.283555ms JavaScript=66.830305ms
    lint_test.go:1000: checker compilation phases: load=256.424915ms lower=10.137191848s C=1.08251001s JavaScript=67.60363ms
    lint_test.go:1006: adjacent overload separation ignored caught on Node: case 88 line 4600: port "fixed\tfunction overload(x: string): void;\\u000afunction unrelated(): void {}\\u000afunction overload(x: number): void;\\u000a", Go "/tmp/adamic-gate/TestMutantsadjacent_overload_separation_ignored2506622222/019/typescript-adjacent-overload-signatures-0.ts:3:1"
        Go context:
          no-return-assign  This return statement assigns rather than returns a value it already has, so it does two things at once and the assignment is the one the reader is likeliest to miss. It is usually a `==` typed as `=`, and where it is deliberate it reads as a value being returned rather than as a write happening on the way out. Assign on its own line and return the variable, or wrap the assignment in its own parentheses to say the write was meant.

        range 643 661 returnAssignment 			643 661
        fixed	interface Bare { n: number }; interface WrongType { value: number }; type Alias = string; const Choice={Yes:'Yes'} as const; function guard(x: unknown): x is string { return true; } console.log('one'); console['warn']('two'); let count=0; count++; for(let i=0;i<3;i++){count++;} interface CallableType { method: (value: string) => number; readonly property: (value: string) => number; } enum Direction { Left=1, Right=Left|2, Other=compute() } let boxed: number; class Thing implements Boolean {} if(!flag){doOne();}else{doTwo();} const chosen=!flag?left:right; const assigning=()=>left=right; const wrapped=()=>(left=right); function returning(){return left=right;}\u000a
        case 88
        /tmp/adamic-gate/TestMutantsadjacent_overload_separation_ignored2506622222/019/typescript-adjacent-overload-signatures-0.ts:3:1
          @typescript-eslint/adjacent-overload-signatures  This signature for overload is separated from the others by unrelated members, so a reader scrolling the declaration sees an overload set that looks complete and is not. Move every signature for overload together, in the order the compiler resolves them, so the whole set can be read at once.

        range 66 101 adjacentSignature 			66 101
        fixed	function overload(x: string): void;\u000afunction unrelated(): void {}\u000afunction overload(x: number): void;\u000a
    lint_test.go:1006: adjacent overload separation ignored caught on emitted JavaScript: case 88 line 4600: port "fixed\tfunction overload(x: string): void;\\u000afunction unrelated(): void {}\\u000afunction overload(x: number): void;\\u000a", Go "/tmp/adamic-gate/TestMutantsadjacent_overload_separation_ignored2506622222/019/typescript-adjacent-overload-signatures-0.ts:3:1"
        Go context:
          no-return-assign  This return statement assigns rather than returns a value it already has, so it does two things at once and the assignment is the one the reader is likeliest to miss. It is usually a `==` typed as `=`, and where it is deliberate it reads as a value being returned rather than as a write happening on the way out. Assign on its own line and return the variable, or wrap the assignment in its own parentheses to say the write was meant.

        range 643 661 returnAssignment 			643 661
        fixed	interface Bare { n: number }; interface WrongType { value: number }; type Alias = string; const Choice={Yes:'Yes'} as const; function guard(x: unknown): x is string { return true; } console.log('one'); console['warn']('two'); let count=0; count++; for(let i=0;i<3;i++){count++;} interface CallableType { method: (value: string) => number; readonly property: (value: string) => number; } enum Direction { Left=1, Right=Left|2, Other=compute() } let boxed: number; class Thing implements Boolean {} if(!flag){doOne();}else{doTwo();} const chosen=!flag?left:right; const assigning=()=>left=right; const wrapped=()=>(left=right); function returning(){return left=right;}\u000a
        case 88
        /tmp/adamic-gate/TestMutantsadjacent_overload_separation_ignored2506622222/019/typescript-adjacent-overload-signatures-0.ts:3:1
          @typescript-eslint/adjacent-overload-signatures  This signature for overload is separated from the others by unrelated members, so a reader scrolling the declaration sees an overload set that looks complete and is not. Move every signature for overload together, in the order the compiler resolves them, so the whole set can be read at once.

        range 66 101 adjacentSignature 			66 101
        fixed	function overload(x: string): void;\u000afunction unrelated(): void {}\u000afunction overload(x: number): void;\u000a
--- PASS: TestMutants/adjacent_overload_separation_ignored (13.07s)
=== CONT  TestMutants/int32_hint_option_ignored
    lint_test.go:1006: continue finding stops before its semicolon caught on Node: case 39 line 1731: port "range 16 24 unexpected \t\t\t16 24", Go "range 16 31 unexpected \t\t\t16 31"
        Go context:

        range 16 31 unexpectedLabelInContinue 			16 31
        /tmp/adamic-gate/TestMutantscontinue_finding_stops_before_its_semicolon1877914014/010/generated-6.ts:1:17
          no-continue  This loop uses `continue`, which jumps to the next iteration from the middle of the body. A reader tracing what happens on one pass has to hold every `continue` above their position in mind, because any of them may have skipped the code they are looking at, and in a `for` loop the update expression still runs while the rest of the body does not. Inverting the condition and wrapping the remainder in an `if` says the same thing with the skip visible in the shape of the code rather than in a jump.

        range 16 31 unexpected 			16 31
        /tmp/adamic-gate/TestMutantscontinue_finding_stops_before_its_semicolon1877914014/010/generated-6.ts:1:33
          no-labels  This `break` names a label, so it exits an enclosing block or loop rather than the nearest one. The jump target is not on this line and not adjacent to it, which is what makes the reading cost real: the reader has to find the label before they know what was left. Return from an extracted function, or use a flag the loops already test.

        range 32 44 unexpectedLabelInBreak 			32 44
    lint_test.go:1006: continue finding stops before its semicolon caught on emitted JavaScript: case 39 line 1731: port "range 16 24 unexpected \t\t\t16 24", Go "range 16 31 unexpected \t\t\t16 31"
        Go context:

        range 16 31 unexpectedLabelInContinue 			16 31
        /tmp/adamic-gate/TestMutantscontinue_finding_stops_before_its_semicolon1877914014/010/generated-6.ts:1:17
          no-continue  This loop uses `continue`, which jumps to the next iteration from the middle of the body. A reader tracing what happens on one pass has to hold every `continue` above their position in mind, because any of them may have skipped the code they are looking at, and in a `for` loop the update expression still runs while the rest of the body does not. Inverting the condition and wrapping the remainder in an `if` says the same thing with the skip visible in the shape of the code rather than in a jump.

        range 16 31 unexpected 			16 31
        /tmp/adamic-gate/TestMutantscontinue_finding_stops_before_its_semicolon1877914014/010/generated-6.ts:1:33
          no-labels  This `break` names a label, so it exits an enclosing block or loop rather than the nearest one. The jump target is not on this line and not adjacent to it, which is what makes the reading cost real: the reader has to find the label before they know what was left. Return from an extracted function, or use a flag the loops already test.

        range 32 44 unexpectedLabelInBreak 			32 44
--- PASS: TestMutants/continue_finding_stops_before_its_semicolon (13.07s)
=== CONT  TestMutants/react-no-redundant-should-component-update_mutant_from_batch_8
    lint_test.go:1006: next-no-typos-threshold caught on Node: case 88 line 4600: port "fixed\texport const getStaticpaths = () => ({ props: {} });\\u000aexport function getServurSideProps() { return {}; }\\u000aexport const getStaticProps = () => ({ props: {} });\\u000aexport default function getStaticPropss() { return {}; }\\u000a", Go "/tmp/adamic-gate/TestMutantsnext-no-typos-threshold3013649725/020/pages/typo.ts:1:14"
        Go context:
          no-return-assign  This return statement assigns rather than returns a value it already has, so it does two things at once and the assignment is the one the reader is likeliest to miss. It is usually a `==` typed as `=`, and where it is deliberate it reads as a value being returned rather than as a write happening on the way out. Assign on its own line and return the variable, or wrap the assignment in its own parentheses to say the write was meant.

        range 643 661 returnAssignment 			643 661
        fixed	interface Bare { n: number }; interface WrongType { value: number }; type Alias = string; const Choice={Yes:'Yes'} as const; function guard(x: unknown): x is string { return true; } console.log('one'); console['warn']('two'); let count=0; count++; for(let i=0;i<3;i++){count++;} interface CallableType { method: (value: string) => number; readonly property: (value: string) => number; } enum Direction { Left=1, Right=Left|2, Other=compute() } let boxed: number; class Thing implements Boolean {} if(!flag){doOne();}else{doTwo();} const chosen=!flag?left:right; const assigning=()=>left=right; const wrapped=()=>(left=right); function returning(){return left=right;}\u000a
        case 88
        /tmp/adamic-gate/TestMutantsnext-no-typos-threshold3013649725/020/pages/typo.ts:1:14
          @next/next/no-typos  `getStaticpaths` may be a typo. Did you mean `getStaticPaths`? Next.js calls its data fetching functions by exact name, so a misspelled export is never called and the page renders with no data at all. There is no error: the function is simply dead code the framework never looks for.

        range 13 27 noTypos 			13 27
        /tmp/adamic-gate/TestMutantsnext-no-typos-threshold3013649725/020/pages/typo.ts:2:17
    lint_test.go:1006: next-no-typos-threshold caught on emitted JavaScript: case 88 line 4600: port "fixed\texport const getStaticpaths = () => ({ props: {} });\\u000aexport function getServurSideProps() { return {}; }\\u000aexport const getStaticProps = () => ({ props: {} });\\u000aexport default function getStaticPropss() { return {}; }\\u000a", Go "/tmp/adamic-gate/TestMutantsnext-no-typos-threshold3013649725/020/pages/typo.ts:1:14"
        Go context:
          no-return-assign  This return statement assigns rather than returns a value it already has, so it does two things at once and the assignment is the one the reader is likeliest to miss. It is usually a `==` typed as `=`, and where it is deliberate it reads as a value being returned rather than as a write happening on the way out. Assign on its own line and return the variable, or wrap the assignment in its own parentheses to say the write was meant.

        range 643 661 returnAssignment 			643 661
        fixed	interface Bare { n: number }; interface WrongType { value: number }; type Alias = string; const Choice={Yes:'Yes'} as const; function guard(x: unknown): x is string { return true; } console.log('one'); console['warn']('two'); let count=0; count++; for(let i=0;i<3;i++){count++;} interface CallableType { method: (value: string) => number; readonly property: (value: string) => number; } enum Direction { Left=1, Right=Left|2, Other=compute() } let boxed: number; class Thing implements Boolean {} if(!flag){doOne();}else{doTwo();} const chosen=!flag?left:right; const assigning=()=>left=right; const wrapped=()=>(left=right); function returning(){return left=right;}\u000a
        case 88
        /tmp/adamic-gate/TestMutantsnext-no-typos-threshold3013649725/020/pages/typo.ts:1:14
          @next/next/no-typos  `getStaticpaths` may be a typo. Did you mean `getStaticPaths`? Next.js calls its data fetching functions by exact name, so a misspelled export is never called and the page renders with no data at all. There is no error: the function is simply dead code the framework never looks for.

        range 13 27 noTypos 			13 27
        /tmp/adamic-gate/TestMutantsnext-no-typos-threshold3013649725/020/pages/typo.ts:2:17
--- PASS: TestMutants/next-no-typos-threshold (13.49s)
=== CONT  TestMutants/await_crosses_function_boundary
    lint_test.go:1000: checker compilation phases: load=238.47142ms lower=9.645418269s C=1.50448156s JavaScript=70.970301ms
    lint_test.go:1006: inline-script-presence-inverted caught on Node: case 88 line 4600: port "/tmp/adamic-gate/TestMutantsinline-script-presence-inverted3081821607/019/next-no-sync-scripts-0.tsx:1:83", Go "/tmp/adamic-gate/TestMutantsinline-script-presence-inverted3081821607/019/next-no-sync-scripts-0.tsx:1:32"
        Go context:
          no-return-assign  This return statement assigns rather than returns a value it already has, so it does two things at once and the assignment is the one the reader is likeliest to miss. It is usually a `==` typed as `=`, and where it is deliberate it reads as a value being returned rather than as a write happening on the way out. Assign on its own line and return the variable, or wrap the assignment in its own parentheses to say the write was meant.

        range 643 661 returnAssignment 			643 661
        fixed	interface Bare { n: number }; interface WrongType { value: number }; type Alias = string; const Choice={Yes:'Yes'} as const; function guard(x: unknown): x is string { return true; } console.log('one'); console['warn']('two'); let count=0; count++; for(let i=0;i<3;i++){count++;} interface CallableType { method: (value: string) => number; readonly property: (value: string) => number; } enum Direction { Left=1, Right=Left|2, Other=compute() } let boxed: number; class Thing implements Boolean {} if(!flag){doOne();}else{doTwo();} const chosen=!flag?left:right; const assigning=()=>left=right; const wrapped=()=>(left=right); function returning(){return left=right;}\u000a
        case 88
        /tmp/adamic-gate/TestMutantsinline-script-presence-inverted3081821607/019/next-no-sync-scripts-0.tsx:1:32
          @next/next/no-sync-scripts  This <script> has a src and neither `async` nor `defer`, so the browser stops parsing the document, fetches the script, and runs it before continuing. Everything below it waits on the network. Add `defer` to run it after parsing, `async` if it does not depend on the document, or use the `Script` component from `next/script`.

        range 31 53 noSyncScripts 			31 53
        /tmp/adamic-gate/TestMutantsinline-script-presence-inverted3081821607/019/next-no-sync-scripts-0.tsx:1:54
    lint_test.go:1006: inline-script-presence-inverted caught on emitted JavaScript: case 88 line 4600: port "/tmp/adamic-gate/TestMutantsinline-script-presence-inverted3081821607/019/next-no-sync-scripts-0.tsx:1:83", Go "/tmp/adamic-gate/TestMutantsinline-script-presence-inverted3081821607/019/next-no-sync-scripts-0.tsx:1:32"
        Go context:
          no-return-assign  This return statement assigns rather than returns a value it already has, so it does two things at once and the assignment is the one the reader is likeliest to miss. It is usually a `==` typed as `=`, and where it is deliberate it reads as a value being returned rather than as a write happening on the way out. Assign on its own line and return the variable, or wrap the assignment in its own parentheses to say the write was meant.

        range 643 661 returnAssignment 			643 661
        fixed	interface Bare { n: number }; interface WrongType { value: number }; type Alias = string; const Choice={Yes:'Yes'} as const; function guard(x: unknown): x is string { return true; } console.log('one'); console['warn']('two'); let count=0; count++; for(let i=0;i<3;i++){count++;} interface CallableType { method: (value: string) => number; readonly property: (value: string) => number; } enum Direction { Left=1, Right=Left|2, Other=compute() } let boxed: number; class Thing implements Boolean {} if(!flag){doOne();}else{doTwo();} const chosen=!flag?left:right; const assigning=()=>left=right; const wrapped=()=>(left=right); function returning(){return left=right;}\u000a
        case 88
        /tmp/adamic-gate/TestMutantsinline-script-presence-inverted3081821607/019/next-no-sync-scripts-0.tsx:1:32
          @next/next/no-sync-scripts  This <script> has a src and neither `async` nor `defer`, so the browser stops parsing the document, fetches the script, and runs it before continuing. Everything below it waits on the network. Add `defer` to run it after parsing, `async` if it does not depend on the document, or use the `Script` component from `next/script`.

        range 31 53 noSyncScripts 			31 53
        /tmp/adamic-gate/TestMutantsinline-script-presence-inverted3081821607/019/next-no-sync-scripts-0.tsx:1:54
--- PASS: TestMutants/inline-script-presence-inverted (13.11s)
=== CONT  TestMutants/react-no-is-mounted_mutant_from_batch_8
    lint_test.go:1000: checker compilation phases: load=331.269568ms lower=10.332064475s C=790.442202ms JavaScript=29.283809ms
    lint_test.go:1006: no-caller-property caught on Node: case 88 line 4600: port "/tmp/adamic-gate/TestMutantsno-caller-property1871251052/019/no-caller-0.ts:3:34", Go "/tmp/adamic-gate/TestMutantsno-caller-property1871251052/019/no-caller-0.ts:2:29"
        Go context:
          no-return-assign  This return statement assigns rather than returns a value it already has, so it does two things at once and the assignment is the one the reader is likeliest to miss. It is usually a `==` typed as `=`, and where it is deliberate it reads as a value being returned rather than as a write happening on the way out. Assign on its own line and return the variable, or wrap the assignment in its own parentheses to say the write was meant.

        range 643 661 returnAssignment 			643 661
        fixed	interface Bare { n: number }; interface WrongType { value: number }; type Alias = string; const Choice={Yes:'Yes'} as const; function guard(x: unknown): x is string { return true; } console.log('one'); console['warn']('two'); let count=0; count++; for(let i=0;i<3;i++){count++;} interface CallableType { method: (value: string) => number; readonly property: (value: string) => number; } enum Direction { Left=1, Right=Left|2, Other=compute() } let boxed: number; class Thing implements Boolean {} if(!flag){doOne();}else{doTwo();} const chosen=!flag?left:right; const assigning=()=>left=right; const wrapped=()=>(left=right); function returning(){return left=right;}\u000a
        case 88
        /tmp/adamic-gate/TestMutantsno-caller-property1871251052/019/no-caller-0.ts:2:29
          no-caller  This uses `arguments.callee`. Both properties throw in strict mode, which every module and class body already is, and they prevent engines from optimizing functions whose callers would otherwise be statically known. Name the function and refer to it by name instead.

        range 62 68 noCaller 			62 68
        /tmp/adamic-gate/TestMutantsno-caller-property1871251052/019/no-caller-0.ts:3:34
    lint_test.go:1006: no-caller-property caught on emitted JavaScript: case 88 line 4600: port "/tmp/adamic-gate/TestMutantsno-caller-property1871251052/019/no-caller-0.ts:3:34", Go "/tmp/adamic-gate/TestMutantsno-caller-property1871251052/019/no-caller-0.ts:2:29"
        Go context:
          no-return-assign  This return statement assigns rather than returns a value it already has, so it does two things at once and the assignment is the one the reader is likeliest to miss. It is usually a `==` typed as `=`, and where it is deliberate it reads as a value being returned rather than as a write happening on the way out. Assign on its own line and return the variable, or wrap the assignment in its own parentheses to say the write was meant.

        range 643 661 returnAssignment 			643 661
        fixed	interface Bare { n: number }; interface WrongType { value: number }; type Alias = string; const Choice={Yes:'Yes'} as const; function guard(x: unknown): x is string { return true; } console.log('one'); console['warn']('two'); let count=0; count++; for(let i=0;i<3;i++){count++;} interface CallableType { method: (value: string) => number; readonly property: (value: string) => number; } enum Direction { Left=1, Right=Left|2, Other=compute() } let boxed: number; class Thing implements Boolean {} if(!flag){doOne();}else{doTwo();} const chosen=!flag?left:right; const assigning=()=>left=right; const wrapped=()=>(left=right); function returning(){return left=right;}\u000a
        case 88
        /tmp/adamic-gate/TestMutantsno-caller-property1871251052/019/no-caller-0.ts:2:29
          no-caller  This uses `arguments.callee`. Both properties throw in strict mode, which every module and class body already is, and they prevent engines from optimizing functions whose callers would otherwise be statically known. Name the function and refer to it by name instead.

        range 62 68 noCaller 			62 68
        /tmp/adamic-gate/TestMutantsno-caller-property1871251052/019/no-caller-0.ts:3:34
--- PASS: TestMutants/no-caller-property (13.39s)
=== CONT  TestMutants/no-unexpected-multiline_mutant_from_batch_8
    lint_test.go:1000: checker compilation phases: load=372.110648ms lower=10.600680063s C=959.425973ms JavaScript=63.785334ms
    lint_test.go:1000: checker compilation phases: load=337.174757ms lower=11.20713443s C=947.880809ms JavaScript=37.131972ms
    lint_test.go:1000: checker compilation phases: load=399.726382ms lower=10.508472215s C=1.040319255s JavaScript=32.406894ms
    lint_test.go:1006: react-no-redundant-should-component-update mutant from batch 8 caught on Node: case 88 line 4600: port "fixed\tconst \\u00e9='\\ud83d\\ude00';const C=class extends (React.PureComponent){#shouldComponentUpdate(){}};", Go "/tmp/adamic-gate/TestMutantsreact-no-redundant-should-component-update_mutant_fr1568750854/019/react-no-redundant-should-component-update-0.ts:1:25"
        Go context:
          no-return-assign  This return statement assigns rather than returns a value it already has, so it does two things at once and the assignment is the one the reader is likeliest to miss. It is usually a `==` typed as `=`, and where it is deliberate it reads as a value being returned rather than as a write happening on the way out. Assign on its own line and return the variable, or wrap the assignment in its own parentheses to say the write was meant.

        range 643 661 returnAssignment 			643 661
        fixed	interface Bare { n: number }; interface WrongType { value: number }; type Alias = string; const Choice={Yes:'Yes'} as const; function guard(x: unknown): x is string { return true; } console.log('one'); console['warn']('two'); let count=0; count++; for(let i=0;i<3;i++){count++;} interface CallableType { method: (value: string) => number; readonly property: (value: string) => number; } enum Direction { Left=1, Right=Left|2, Other=compute() } let boxed: number; class Thing implements Boolean {} if(!flag){doOne();}else{doTwo();} const chosen=!flag?left:right; const assigning=()=>left=right; const wrapped=()=>(left=right); function returning(){return left=right;}\u000a
        case 88
        /tmp/adamic-gate/TestMutantsreact-no-redundant-should-component-update_mutant_fr1568750854/019/react-no-redundant-should-component-update-0.ts:1:25
          react/no-redundant-should-component-update  C extends PureComponent and also writes shouldComponentUpdate. PureComponent's whole contribution IS an implementation of that method, a shallow comparison of props and state, and defining your own replaces it rather than adding to it. So the class pays for the base class and then discards what it bought, and a reader who sees PureComponent in the heritage will believe a shallow compare is happening when it is not. Extend Component instead, or delete the method.

        range 24 87 noShouldCompUpdate 			24 87
        fixed	const \u00e9='\ud83d\ude00';const C=class extends (React.PureComponent){#shouldComponentUpdate(){}};
    lint_test.go:1006: react-no-redundant-should-component-update mutant from batch 8 caught on emitted JavaScript: case 88 line 4600: port "fixed\tconst \\u00e9='\\ud83d\\ude00';const C=class extends (React.PureComponent){#shouldComponentUpdate(){}};", Go "/tmp/adamic-gate/TestMutantsreact-no-redundant-should-component-update_mutant_fr1568750854/019/react-no-redundant-should-component-update-0.ts:1:25"
        Go context:
          no-return-assign  This return statement assigns rather than returns a value it already has, so it does two things at once and the assignment is the one the reader is likeliest to miss. It is usually a `==` typed as `=`, and where it is deliberate it reads as a value being returned rather than as a write happening on the way out. Assign on its own line and return the variable, or wrap the assignment in its own parentheses to say the write was meant.

        range 643 661 returnAssignment 			643 661
        fixed	interface Bare { n: number }; interface WrongType { value: number }; type Alias = string; const Choice={Yes:'Yes'} as const; function guard(x: unknown): x is string { return true; } console.log('one'); console['warn']('two'); let count=0; count++; for(let i=0;i<3;i++){count++;} interface CallableType { method: (value: string) => number; readonly property: (value: string) => number; } enum Direction { Left=1, Right=Left|2, Other=compute() } let boxed: number; class Thing implements Boolean {} if(!flag){doOne();}else{doTwo();} const chosen=!flag?left:right; const assigning=()=>left=right; const wrapped=()=>(left=right); function returning(){return left=right;}\u000a
        case 88
        /tmp/adamic-gate/TestMutantsreact-no-redundant-should-component-update_mutant_fr1568750854/019/react-no-redundant-should-component-update-0.ts:1:25
          react/no-redundant-should-component-update  C extends PureComponent and also writes shouldComponentUpdate. PureComponent's whole contribution IS an implementation of that method, a shallow comparison of props and state, and defining your own replaces it rather than adding to it. So the class pays for the base class and then discards what it bought, and a reader who sees PureComponent in the heritage will believe a shallow compare is happening when it is not. Extend Component instead, or delete the method.

        range 24 87 noShouldCompUpdate 			24 87
        fixed	const \u00e9='\ud83d\ude00';const C=class extends (React.PureComponent){#shouldComponentUpdate(){}};
--- PASS: TestMutants/react-no-redundant-should-component-update_mutant_from_batch_8 (13.90s)
=== CONT  TestMutants/react-jsx-no-comment-textnodes_mutant_from_batch_8
    lint_test.go:1006: int32 hint option ignored caught on Node: case 51 line 2505: port "  nexus/consistency-no-ambiguous-identifier  Single-letter identifier \"a\" is not descriptive enough. The name is read everywhere it is used and declared only once, so the saving is at the declaration and the cost is at every call site.", Go "  no-bitwise  Unexpected use of '|'. A bitwise operator here is usually a typo for its logical twin: `&` for `&&`, `|` for `||`. When it is deliberate the intent is worth stating, because the reader has to decide which of the two you meant every time they pass it."
        Go context:
        /tmp/adamic-gate/TestMutantsint32_hint_option_ignored543531314/012/generated-8.ts:1:62
          no-div-regex  This regular expression begins with an equals sign, so its first two characters are the divide-assign operator spelled backwards, and a reader scanning the line has to work out which one it is. Writing the equals sign as a one-member character class matches exactly the same input and can only be read one way.

        range 61 68 unexpected fix	[=]		62 63
        /tmp/adamic-gate/TestMutantsint32_hint_option_ignored543531314/012/generated-8.ts:1:94
          no-bitwise  Unexpected use of '|'. A bitwise operator here is usually a typo for its logical twin: `&` for `&&`, `|` for `||`. When it is deliberate the intent is worth stating, because the reader has to decide which of the two you meant every time they pass it.

        range 93 96 unexpected 			93 96
        /tmp/adamic-gate/TestMutantsint32_hint_option_ignored543531314/012/generated-8.ts:1:94
          nexus/consistency-no-ambiguous-identifier  Single-letter identifier "a" is not descriptive enough. The name is read everywhere it is used and declared only once, so the saving is at the declaration and the cost is at every call site.
    lint_test.go:1006: int32 hint option ignored caught on emitted JavaScript: case 51 line 2505: port "  nexus/consistency-no-ambiguous-identifier  Single-letter identifier \"a\" is not descriptive enough. The name is read everywhere it is used and declared only once, so the saving is at the declaration and the cost is at every call site.", Go "  no-bitwise  Unexpected use of '|'. A bitwise operator here is usually a typo for its logical twin: `&` for `&&`, `|` for `||`. When it is deliberate the intent is worth stating, because the reader has to decide which of the two you meant every time they pass it."
        Go context:
        /tmp/adamic-gate/TestMutantsint32_hint_option_ignored543531314/012/generated-8.ts:1:62
          no-div-regex  This regular expression begins with an equals sign, so its first two characters are the divide-assign operator spelled backwards, and a reader scanning the line has to work out which one it is. Writing the equals sign as a one-member character class matches exactly the same input and can only be read one way.

        range 61 68 unexpected fix	[=]		62 63
        /tmp/adamic-gate/TestMutantsint32_hint_option_ignored543531314/012/generated-8.ts:1:94
          no-bitwise  Unexpected use of '|'. A bitwise operator here is usually a typo for its logical twin: `&` for `&&`, `|` for `||`. When it is deliberate the intent is worth stating, because the reader has to decide which of the two you meant every time they pass it.

        range 93 96 unexpected 			93 96
        /tmp/adamic-gate/TestMutantsint32_hint_option_ignored543531314/012/generated-8.ts:1:94
          nexus/consistency-no-ambiguous-identifier  Single-letter identifier "a" is not descriptive enough. The name is read everywhere it is used and declared only once, so the saving is at the declaration and the cost is at every call site.
--- PASS: TestMutants/int32_hint_option_ignored (14.47s)
=== CONT  TestMutants/react-forward-ref-uses-ref_mutant_from_batch_8
    lint_test.go:1006: await crosses function boundary caught on Node: case 39 line 1744: port "/tmp/adamic-gate/TestMutantsawait_crosses_function_boundary1320655444/010/generated-6.ts:1:81", Go "/tmp/adamic-gate/TestMutantsawait_crosses_function_boundary1320655444/010/generated-6.ts:1:87"
        Go context:
        range 45 54 unexpectedAwait 			45 54
        /tmp/adamic-gate/TestMutantsawait_crosses_function_boundary1320655444/010/generated-6.ts:1:52
          nexus/consistency-no-ambiguous-identifier  Single-letter identifier "f" is not descriptive enough. The name is read everywhere it is used and declared only once, so the saving is at the declaration and the cost is at every call site.

        range 51 52 noSingleLetter 			51 52
        /tmp/adamic-gate/TestMutantsawait_crosses_function_boundary1320655444/010/generated-6.ts:1:87
          nexus/consistency-no-ambiguous-identifier  Single-letter identifier "g" is not descriptive enough. The name is read everywhere it is used and declared only once, so the saving is at the declaration and the cost is at every call site.

        range 86 87 noSingleLetter 			86 87
        /tmp/adamic-gate/TestMutantsawait_crosses_function_boundary1320655444/010/generated-6.ts:1:94
    lint_test.go:1006: await crosses function boundary caught on emitted JavaScript: case 39 line 1744: port "/tmp/adamic-gate/TestMutantsawait_crosses_function_boundary1320655444/010/generated-6.ts:1:81", Go "/tmp/adamic-gate/TestMutantsawait_crosses_function_boundary1320655444/010/generated-6.ts:1:87"
        Go context:
        range 45 54 unexpectedAwait 			45 54
        /tmp/adamic-gate/TestMutantsawait_crosses_function_boundary1320655444/010/generated-6.ts:1:52
          nexus/consistency-no-ambiguous-identifier  Single-letter identifier "f" is not descriptive enough. The name is read everywhere it is used and declared only once, so the saving is at the declaration and the cost is at every call site.

        range 51 52 noSingleLetter 			51 52
        /tmp/adamic-gate/TestMutantsawait_crosses_function_boundary1320655444/010/generated-6.ts:1:87
          nexus/consistency-no-ambiguous-identifier  Single-letter identifier "g" is not descriptive enough. The name is read everywhere it is used and declared only once, so the saving is at the declaration and the cost is at every call site.

        range 86 87 noSingleLetter 			86 87
        /tmp/adamic-gate/TestMutantsawait_crosses_function_boundary1320655444/010/generated-6.ts:1:94
--- PASS: TestMutants/await_crosses_function_boundary (13.93s)
=== CONT  TestMutants/prefer-template_mutant_from_batch_8
    lint_test.go:1000: checker compilation phases: load=271.779816ms lower=9.985617395s C=1.087498613s JavaScript=87.644665ms
    lint_test.go:1006: react-no-is-mounted mutant from batch 8 caught on Node: case 88 line 4600: port "fixed\tconst \\u00e9='\\ud83d\\ude00';const c={m(){this['isMounted']();},field:()=>this.isMounted()};", Go "/tmp/adamic-gate/TestMutantsreact-no-is-mounted_mutant_from_batch_8656368552/019/react-no-is-mounted-0.ts:1:30"
        Go context:
          no-return-assign  This return statement assigns rather than returns a value it already has, so it does two things at once and the assignment is the one the reader is likeliest to miss. It is usually a `==` typed as `=`, and where it is deliberate it reads as a value being returned rather than as a write happening on the way out. Assign on its own line and return the variable, or wrap the assignment in its own parentheses to say the write was meant.

        range 643 661 returnAssignment 			643 661
        fixed	interface Bare { n: number }; interface WrongType { value: number }; type Alias = string; const Choice={Yes:'Yes'} as const; function guard(x: unknown): x is string { return true; } console.log('one'); console['warn']('two'); let count=0; count++; for(let i=0;i<3;i++){count++;} interface CallableType { method: (value: string) => number; readonly property: (value: string) => number; } enum Direction { Left=1, Right=Left|2, Other=compute() } let boxed: number; class Thing implements Boolean {} if(!flag){doOne();}else{doTwo();} const chosen=!flag?left:right; const assigning=()=>left=right; const wrapped=()=>(left=right); function returning(){return left=right;}\u000a
        case 88
        /tmp/adamic-gate/TestMutantsreact-no-is-mounted_mutant_from_batch_8656368552/019/react-no-is-mounted-0.ts:1:30
          react/no-is-mounted  `isMounted` is called on `this`. It was removed from React and never existed on a function component, so the call either throws or silently reads `undefined`. Where it does still run, it is an anti-pattern: it hides a leak rather than fixing one, because the only reason to ask whether a component is still mounted is that something asynchronous outlived it. Cancel that work when the component unmounts instead, so nothing is left holding a reference to ask about.

        range 29 48 noIsMounted 			29 48
        /tmp/adamic-gate/TestMutantsreact-no-is-mounted_mutant_from_batch_8656368552/019/react-no-is-mounted-0.ts:1:62
    lint_test.go:1006: react-no-is-mounted mutant from batch 8 caught on emitted JavaScript: case 88 line 4600: port "fixed\tconst \\u00e9='\\ud83d\\ude00';const c={m(){this['isMounted']();},field:()=>this.isMounted()};", Go "/tmp/adamic-gate/TestMutantsreact-no-is-mounted_mutant_from_batch_8656368552/019/react-no-is-mounted-0.ts:1:30"
        Go context:
          no-return-assign  This return statement assigns rather than returns a value it already has, so it does two things at once and the assignment is the one the reader is likeliest to miss. It is usually a `==` typed as `=`, and where it is deliberate it reads as a value being returned rather than as a write happening on the way out. Assign on its own line and return the variable, or wrap the assignment in its own parentheses to say the write was meant.

        range 643 661 returnAssignment 			643 661
        fixed	interface Bare { n: number }; interface WrongType { value: number }; type Alias = string; const Choice={Yes:'Yes'} as const; function guard(x: unknown): x is string { return true; } console.log('one'); console['warn']('two'); let count=0; count++; for(let i=0;i<3;i++){count++;} interface CallableType { method: (value: string) => number; readonly property: (value: string) => number; } enum Direction { Left=1, Right=Left|2, Other=compute() } let boxed: number; class Thing implements Boolean {} if(!flag){doOne();}else{doTwo();} const chosen=!flag?left:right; const assigning=()=>left=right; const wrapped=()=>(left=right); function returning(){return left=right;}\u000a
        case 88
        /tmp/adamic-gate/TestMutantsreact-no-is-mounted_mutant_from_batch_8656368552/019/react-no-is-mounted-0.ts:1:30
          react/no-is-mounted  `isMounted` is called on `this`. It was removed from React and never existed on a function component, so the call either throws or silently reads `undefined`. Where it does still run, it is an anti-pattern: it hides a leak rather than fixing one, because the only reason to ask whether a component is still mounted is that something asynchronous outlived it. Cancel that work when the component unmounts instead, so nothing is left holding a reference to ask about.

        range 29 48 noIsMounted 			29 48
        /tmp/adamic-gate/TestMutantsreact-no-is-mounted_mutant_from_batch_8656368552/019/react-no-is-mounted-0.ts:1:62
--- PASS: TestMutants/react-no-is-mounted_mutant_from_batch_8 (13.38s)
=== CONT  TestMutants/no-useless-constructor_mutant_from_batch_8
    lint_test.go:1000: checker compilation phases: load=374.855626ms lower=10.444112865s C=823.674314ms JavaScript=30.528037ms
    lint_test.go:1006: no-unexpected-multiline mutant from batch 8 caught on Node: case 1 line 14: port "/tmp/adamic-gate/TestMutantsno-unexpected-multiline_mutant_from_batch_83311049426/002/top_level_await_new_script.ts:3:2", Go "/tmp/adamic-gate/TestMutantsno-unexpected-multiline_mutant_from_batch_83311049426/002/top_level_await_new_script.ts:4:1"
        Go context:
        skipped @typescript-eslint/prefer-find no program
        /tmp/adamic-gate/TestMutantsno-unexpected-multiline_mutant_from_batch_83311049426/002/top_level_await_new_script.ts:3:1
          nexus/consistency-no-ambiguous-identifier  Single-letter identifier "f" is not descriptive enough. The name is read everywhere it is used and declared only once, so the saving is at the declaration and the cost is at every call site.

        range 28 29 noSingleLetter 			28 29
        /tmp/adamic-gate/TestMutantsno-unexpected-multiline_mutant_from_batch_83311049426/002/top_level_await_new_script.ts:4:1
          nexus/consistency-no-ambiguous-identifier  Single-letter identifier "f" is not descriptive enough. The name is read everywhere it is used and declared only once, so the saving is at the declaration and the cost is at every call site.

        range 46 47 noSingleLetter 			46 47
        /tmp/adamic-gate/TestMutantsno-unexpected-multiline_mutant_from_batch_83311049426/002/top_level_await_new_script.ts:15:1
    lint_test.go:1006: no-unexpected-multiline mutant from batch 8 caught on emitted JavaScript: case 1 line 14: port "/tmp/adamic-gate/TestMutantsno-unexpected-multiline_mutant_from_batch_83311049426/002/top_level_await_new_script.ts:3:2", Go "/tmp/adamic-gate/TestMutantsno-unexpected-multiline_mutant_from_batch_83311049426/002/top_level_await_new_script.ts:4:1"
        Go context:
        skipped @typescript-eslint/prefer-find no program
        /tmp/adamic-gate/TestMutantsno-unexpected-multiline_mutant_from_batch_83311049426/002/top_level_await_new_script.ts:3:1
          nexus/consistency-no-ambiguous-identifier  Single-letter identifier "f" is not descriptive enough. The name is read everywhere it is used and declared only once, so the saving is at the declaration and the cost is at every call site.

        range 28 29 noSingleLetter 			28 29
        /tmp/adamic-gate/TestMutantsno-unexpected-multiline_mutant_from_batch_83311049426/002/top_level_await_new_script.ts:4:1
          nexus/consistency-no-ambiguous-identifier  Single-letter identifier "f" is not descriptive enough. The name is read everywhere it is used and declared only once, so the saving is at the declaration and the cost is at every call site.

        range 46 47 noSingleLetter 			46 47
        /tmp/adamic-gate/TestMutantsno-unexpected-multiline_mutant_from_batch_83311049426/002/top_level_await_new_script.ts:15:1
--- PASS: TestMutants/no-unexpected-multiline_mutant_from_batch_8 (13.23s)
=== CONT  TestMutants/no-unused-private-class-members_mutant_from_batch_8
    lint_test.go:1000: checker compilation phases: load=350.6931ms lower=10.531486254s C=886.973007ms JavaScript=54.414266ms
    lint_test.go:1000: checker compilation phases: load=376.83645ms lower=10.265926479s C=886.858302ms JavaScript=30.243979ms
    lint_test.go:1000: checker compilation phases: load=351.342651ms lower=10.473734426s C=923.711791ms JavaScript=61.006746ms
    lint_test.go:1006: react-jsx-no-comment-textnodes mutant from batch 8 caught on Node: case 89 line 4606: port "fixed\tconst view = <div>// comment</div>;\\u000a", Go "/tmp/adamic-gate/TestMutantsreact-jsx-no-comment-textnodes_mutant_from_batch_8436225967/020/react-jsx-no-comment-textnodes-1.tsx:1:19"
        Go context:
          react/jsx-no-comment-textnodes  This looks like a comment but it is not one. Inside a tag's children, `//` and `/*` are ordinary text, so React renders them to the page and the words the author meant only for other developers become part of the interface. The failure is silent: nothing errors, nothing warns, and the text shows up in the product. Wrap it in braces as `{/* ... */}`, which is the form React reads as a comment and drops.

        range 29 68 putCommentInBraces 			29 68
        fixed	const \u00e9='\ud83d\ude00';const C=<div>\u000a // \u03b2 \ud83d\ude00\u000a text // clean\u000a /* next */</div>;
        case 89
        /tmp/adamic-gate/TestMutantsreact-jsx-no-comment-textnodes_mutant_from_batch_8436225967/020/react-jsx-no-comment-textnodes-1.tsx:1:19
          react/jsx-no-comment-textnodes  This looks like a comment but it is not one. Inside a tag's children, `//` and `/*` are ordinary text, so React renders them to the page and the words the author meant only for other developers become part of the interface. The failure is silent: nothing errors, nothing warns, and the text shows up in the product. Wrap it in braces as `{/* ... */}`, which is the form React reads as a comment and drops.

        range 18 28 putCommentInBraces 			18 28
        fixed	const view = <div>// comment</div>;\u000a
    lint_test.go:1006: react-jsx-no-comment-textnodes mutant from batch 8 caught on emitted JavaScript: case 89 line 4606: port "fixed\tconst view = <div>// comment</div>;\\u000a", Go "/tmp/adamic-gate/TestMutantsreact-jsx-no-comment-textnodes_mutant_from_batch_8436225967/020/react-jsx-no-comment-textnodes-1.tsx:1:19"
        Go context:
          react/jsx-no-comment-textnodes  This looks like a comment but it is not one. Inside a tag's children, `//` and `/*` are ordinary text, so React renders them to the page and the words the author meant only for other developers become part of the interface. The failure is silent: nothing errors, nothing warns, and the text shows up in the product. Wrap it in braces as `{/* ... */}`, which is the form React reads as a comment and drops.

        range 29 68 putCommentInBraces 			29 68
        fixed	const \u00e9='\ud83d\ude00';const C=<div>\u000a // \u03b2 \ud83d\ude00\u000a text // clean\u000a /* next */</div>;
        case 89
        /tmp/adamic-gate/TestMutantsreact-jsx-no-comment-textnodes_mutant_from_batch_8436225967/020/react-jsx-no-comment-textnodes-1.tsx:1:19
          react/jsx-no-comment-textnodes  This looks like a comment but it is not one. Inside a tag's children, `//` and `/*` are ordinary text, so React renders them to the page and the words the author meant only for other developers become part of the interface. The failure is silent: nothing errors, nothing warns, and the text shows up in the product. Wrap it in braces as `{/* ... */}`, which is the form React reads as a comment and drops.

        range 18 28 putCommentInBraces 			18 28
        fixed	const view = <div>// comment</div>;\u000a
    lint_test.go:1006: react-forward-ref-uses-ref mutant from batch 8 caught on Node: case 88 line 4600: port "fixed\tconst \\u00e9='\\ud83d\\ude00';const C=forwardRef(( /* \\u03b2 */ props: P, )=>props);forwardRef(function(props){return props});", Go "/tmp/adamic-gate/TestMutantsreact-forward-ref-uses-ref_mutant_from_batch_82133802630/019/react-forward-ref-uses-ref-0.ts:1:36"
        Go context:
          no-return-assign  This return statement assigns rather than returns a value it already has, so it does two things at once and the assignment is the one the reader is likeliest to miss. It is usually a `==` typed as `=`, and where it is deliberate it reads as a value being returned rather than as a write happening on the way out. Assign on its own line and return the variable, or wrap the assignment in its own parentheses to say the write was meant.

        range 643 661 returnAssignment 			643 661
        fixed	interface Bare { n: number }; interface WrongType { value: number }; type Alias = string; const Choice={Yes:'Yes'} as const; function guard(x: unknown): x is string { return true; } console.log('one'); console['warn']('two'); let count=0; count++; for(let i=0;i<3;i++){count++;} interface CallableType { method: (value: string) => number; readonly property: (value: string) => number; } enum Direction { Left=1, Right=Left|2, Other=compute() } let boxed: number; class Thing implements Boolean {} if(!flag){doOne();}else{doTwo();} const chosen=!flag?left:right; const assigning=()=>left=right; const wrapped=()=>(left=right); function returning(){return left=right;}\u000a
        case 88
        /tmp/adamic-gate/TestMutantsreact-forward-ref-uses-ref_mutant_from_batch_82133802630/019/react-forward-ref-uses-ref-0.ts:1:36
          react/forward-ref-uses-ref  A function wrapped in `forwardRef` takes only one parameter, so the ref React passes as the second one is dropped on the floor. Every consumer writing `<Component ref={r} />` gets a ref that never attaches, and it fails silently rather than erroring. Accept the second parameter and forward it to whatever should receive it, or drop the `forwardRef` wrapper, which does nothing for a component that ignores the ref.

        range 35 64 forwardRefUsesRef suggestions			35 64
        suggestion	forwardRefRemoveWrapper	Remove the `forwardRef` wrapper.	1
    lint_test.go:1006: react-forward-ref-uses-ref mutant from batch 8 caught on emitted JavaScript: case 88 line 4600: port "fixed\tconst \\u00e9='\\ud83d\\ude00';const C=forwardRef(( /* \\u03b2 */ props: P, )=>props);forwardRef(function(props){return props});", Go "/tmp/adamic-gate/TestMutantsreact-forward-ref-uses-ref_mutant_from_batch_82133802630/019/react-forward-ref-uses-ref-0.ts:1:36"
        Go context:
          no-return-assign  This return statement assigns rather than returns a value it already has, so it does two things at once and the assignment is the one the reader is likeliest to miss. It is usually a `==` typed as `=`, and where it is deliberate it reads as a value being returned rather than as a write happening on the way out. Assign on its own line and return the variable, or wrap the assignment in its own parentheses to say the write was meant.

        range 643 661 returnAssignment 			643 661
        fixed	interface Bare { n: number }; interface WrongType { value: number }; type Alias = string; const Choice={Yes:'Yes'} as const; function guard(x: unknown): x is string { return true; } console.log('one'); console['warn']('two'); let count=0; count++; for(let i=0;i<3;i++){count++;} interface CallableType { method: (value: string) => number; readonly property: (value: string) => number; } enum Direction { Left=1, Right=Left|2, Other=compute() } let boxed: number; class Thing implements Boolean {} if(!flag){doOne();}else{doTwo();} const chosen=!flag?left:right; const assigning=()=>left=right; const wrapped=()=>(left=right); function returning(){return left=right;}\u000a
        case 88
        /tmp/adamic-gate/TestMutantsreact-forward-ref-uses-ref_mutant_from_batch_82133802630/019/react-forward-ref-uses-ref-0.ts:1:36
          react/forward-ref-uses-ref  A function wrapped in `forwardRef` takes only one parameter, so the ref React passes as the second one is dropped on the floor. Every consumer writing `<Component ref={r} />` gets a ref that never attaches, and it fails silently rather than erroring. Accept the second parameter and forward it to whatever should receive it, or drop the `forwardRef` wrapper, which does nothing for a component that ignores the ref.

        range 35 64 forwardRefUsesRef suggestions			35 64
        suggestion	forwardRefRemoveWrapper	Remove the `forwardRef` wrapper.	1
--- PASS: TestMutants/react-forward-ref-uses-ref_mutant_from_batch_8 (13.51s)
=== CONT  TestMutants/var_declaration_suppressed
    lint_test.go:1006: prefer-template mutant from batch 8 caught on Node: case 88 line 4600: port "fixed\tconst \\u00e9='\\ud83d\\ude00';const x='\\u03b2` ${' + value;\\u000d\\u000afoo()\\u000a'a' + bar;", Go "/tmp/adamic-gate/TestMutantsprefer-template_mutant_from_batch_81221371479/019/prefer-template-0.ts:1:25"
        Go context:
          no-return-assign  This return statement assigns rather than returns a value it already has, so it does two things at once and the assignment is the one the reader is likeliest to miss. It is usually a `==` typed as `=`, and where it is deliberate it reads as a value being returned rather than as a write happening on the way out. Assign on its own line and return the variable, or wrap the assignment in its own parentheses to say the write was meant.

        range 643 661 returnAssignment 			643 661
        fixed	interface Bare { n: number }; interface WrongType { value: number }; type Alias = string; const Choice={Yes:'Yes'} as const; function guard(x: unknown): x is string { return true; } console.log('one'); console['warn']('two'); let count=0; count++; for(let i=0;i<3;i++){count++;} interface CallableType { method: (value: string) => number; readonly property: (value: string) => number; } enum Direction { Left=1, Right=Left|2, Other=compute() } let boxed: number; class Thing implements Boolean {} if(!flag){doOne();}else{doTwo();} const chosen=!flag?left:right; const assigning=()=>left=right; const wrapped=()=>(left=right); function returning(){return left=right;}\u000a
        case 88
        /tmp/adamic-gate/TestMutantsprefer-template_mutant_from_batch_81221371479/019/prefer-template-0.ts:1:25
          prefer-template  This builds a string by concatenating a literal with something that is not one. The `+` operator does double duty in JavaScript, so a reader has to work out from the operands whether a line adds or joins, and a single non-string operand silently changes the answer for the whole expression. A template literal says which one is meant in its first character, keeps the literal text contiguous instead of split across quotes and plus signs, and does not change meaning when an operand's type does.

        range 24 40 unexpectedStringConcatenation fix	`\u03b2\u005c` \u005c${${  value}`		24 40
        /tmp/adamic-gate/TestMutantsprefer-template_mutant_from_batch_81221371479/019/prefer-template-0.ts:3:1
    lint_test.go:1006: prefer-template mutant from batch 8 caught on emitted JavaScript: case 88 line 4600: port "fixed\tconst \\u00e9='\\ud83d\\ude00';const x='\\u03b2` ${' + value;\\u000d\\u000afoo()\\u000a'a' + bar;", Go "/tmp/adamic-gate/TestMutantsprefer-template_mutant_from_batch_81221371479/019/prefer-template-0.ts:1:25"
        Go context:
          no-return-assign  This return statement assigns rather than returns a value it already has, so it does two things at once and the assignment is the one the reader is likeliest to miss. It is usually a `==` typed as `=`, and where it is deliberate it reads as a value being returned rather than as a write happening on the way out. Assign on its own line and return the variable, or wrap the assignment in its own parentheses to say the write was meant.

        range 643 661 returnAssignment 			643 661
        fixed	interface Bare { n: number }; interface WrongType { value: number }; type Alias = string; const Choice={Yes:'Yes'} as const; function guard(x: unknown): x is string { return true; } console.log('one'); console['warn']('two'); let count=0; count++; for(let i=0;i<3;i++){count++;} interface CallableType { method: (value: string) => number; readonly property: (value: string) => number; } enum Direction { Left=1, Right=Left|2, Other=compute() } let boxed: number; class Thing implements Boolean {} if(!flag){doOne();}else{doTwo();} const chosen=!flag?left:right; const assigning=()=>left=right; const wrapped=()=>(left=right); function returning(){return left=right;}\u000a
        case 88
        /tmp/adamic-gate/TestMutantsprefer-template_mutant_from_batch_81221371479/019/prefer-template-0.ts:1:25
          prefer-template  This builds a string by concatenating a literal with something that is not one. The `+` operator does double duty in JavaScript, so a reader has to work out from the operands whether a line adds or joins, and a single non-string operand silently changes the answer for the whole expression. A template literal says which one is meant in its first character, keeps the literal text contiguous instead of split across quotes and plus signs, and does not change meaning when an operand's type does.

        range 24 40 unexpectedStringConcatenation fix	`\u03b2\u005c` \u005c${${  value}`		24 40
        /tmp/adamic-gate/TestMutantsprefer-template_mutant_from_batch_81221371479/019/prefer-template-0.ts:3:1
--- PASS: TestMutants/prefer-template_mutant_from_batch_8 (13.64s)
=== CONT  TestMutants/no-octal-escape_mutant_from_batch_8
    lint_test.go:1000: checker compilation phases: load=259.810328ms lower=10.140526248s C=1.023448536s JavaScript=38.396334ms
    lint_test.go:1006: no-useless-constructor mutant from batch 8 caught on Node: case 88 line 4600: port "fixed\tclass D extends Base{constructor(p: A<B<C>> = make()){super(p)}}\\u000aclass C{field: <T=string>()=>T\\u000aconstructor(){}\\u000a[0](){}}", Go "/tmp/adamic-gate/TestMutantsno-useless-constructor_mutant_from_batch_84012655284/019/no-useless-constructor-0.ts:3:1"
        Go context:
          no-return-assign  This return statement assigns rather than returns a value it already has, so it does two things at once and the assignment is the one the reader is likeliest to miss. It is usually a `==` typed as `=`, and where it is deliberate it reads as a value being returned rather than as a write happening on the way out. Assign on its own line and return the variable, or wrap the assignment in its own parentheses to say the write was meant.

        range 643 661 returnAssignment 			643 661
        fixed	interface Bare { n: number }; interface WrongType { value: number }; type Alias = string; const Choice={Yes:'Yes'} as const; function guard(x: unknown): x is string { return true; } console.log('one'); console['warn']('two'); let count=0; count++; for(let i=0;i<3;i++){count++;} interface CallableType { method: (value: string) => number; readonly property: (value: string) => number; } enum Direction { Left=1, Right=Left|2, Other=compute() } let boxed: number; class Thing implements Boolean {} if(!flag){doOne();}else{doTwo();} const chosen=!flag?left:right; const assigning=()=>left=right; const wrapped=()=>(left=right); function returning(){return left=right;}\u000a
        case 88
        /tmp/adamic-gate/TestMutantsno-useless-constructor_mutant_from_batch_84012655284/019/no-useless-constructor-0.ts:3:1
          no-useless-constructor  This constructor does nothing the language would not do without it. An empty constructor on a base class, or one whose only statement forwards its own parameters to `super`, is exactly the behaviour a class gets when it declares no constructor at all, so the code reads as though something happens at construction time when nothing does.

        range 96 107 noUselessConstructor suggestion-edits:removeConstructor	96:111:	Remove the constructor, leaving the behaviour the class already had.	96 107
        fixed	class D extends Base{constructor(p: A<B<C>> = make()){super(p)}}\u000aclass C{field: <T=string>()=>T\u000aconstructor(){}\u000a[0](){}}
    lint_test.go:1006: no-useless-constructor mutant from batch 8 caught on emitted JavaScript: case 88 line 4600: port "fixed\tclass D extends Base{constructor(p: A<B<C>> = make()){super(p)}}\\u000aclass C{field: <T=string>()=>T\\u000aconstructor(){}\\u000a[0](){}}", Go "/tmp/adamic-gate/TestMutantsno-useless-constructor_mutant_from_batch_84012655284/019/no-useless-constructor-0.ts:3:1"
        Go context:
          no-return-assign  This return statement assigns rather than returns a value it already has, so it does two things at once and the assignment is the one the reader is likeliest to miss. It is usually a `==` typed as `=`, and where it is deliberate it reads as a value being returned rather than as a write happening on the way out. Assign on its own line and return the variable, or wrap the assignment in its own parentheses to say the write was meant.

        range 643 661 returnAssignment 			643 661
        fixed	interface Bare { n: number }; interface WrongType { value: number }; type Alias = string; const Choice={Yes:'Yes'} as const; function guard(x: unknown): x is string { return true; } console.log('one'); console['warn']('two'); let count=0; count++; for(let i=0;i<3;i++){count++;} interface CallableType { method: (value: string) => number; readonly property: (value: string) => number; } enum Direction { Left=1, Right=Left|2, Other=compute() } let boxed: number; class Thing implements Boolean {} if(!flag){doOne();}else{doTwo();} const chosen=!flag?left:right; const assigning=()=>left=right; const wrapped=()=>(left=right); function returning(){return left=right;}\u000a
        case 88
        /tmp/adamic-gate/TestMutantsno-useless-constructor_mutant_from_batch_84012655284/019/no-useless-constructor-0.ts:3:1
          no-useless-constructor  This constructor does nothing the language would not do without it. An empty constructor on a base class, or one whose only statement forwards its own parameters to `super`, is exactly the behaviour a class gets when it declares no constructor at all, so the code reads as though something happens at construction time when nothing does.

        range 96 107 noUselessConstructor suggestion-edits:removeConstructor	96:111:	Remove the constructor, leaving the behaviour the class already had.	96 107
        fixed	class D extends Base{constructor(p: A<B<C>> = make()){super(p)}}\u000aclass C{field: <T=string>()=>T\u000aconstructor(){}\u000a[0](){}}
--- PASS: TestMutants/no-useless-constructor_mutant_from_batch_8 (13.37s)
=== CONT  TestMutants/duplicate_case_suppressed
    lint_test.go:1000: checker compilation phases: load=258.781634ms lower=9.937792082s C=753.068332ms JavaScript=36.159621ms
    lint_test.go:1006: no-unused-private-class-members mutant from batch 8 caught on Node: case 88 line 4600: port "fixed\tclass C{#x; async m(){for await(this.#x of values){}}}", Go "/tmp/adamic-gate/TestMutantsno-unused-private-class-members_mutant_from_batch_83777586265/019/no-unused-private-class-members-0.ts:1:9"
        Go context:
          no-return-assign  This return statement assigns rather than returns a value it already has, so it does two things at once and the assignment is the one the reader is likeliest to miss. It is usually a `==` typed as `=`, and where it is deliberate it reads as a value being returned rather than as a write happening on the way out. Assign on its own line and return the variable, or wrap the assignment in its own parentheses to say the write was meant.

        range 643 661 returnAssignment 			643 661
        fixed	interface Bare { n: number }; interface WrongType { value: number }; type Alias = string; const Choice={Yes:'Yes'} as const; function guard(x: unknown): x is string { return true; } console.log('one'); console['warn']('two'); let count=0; count++; for(let i=0;i<3;i++){count++;} interface CallableType { method: (value: string) => number; readonly property: (value: string) => number; } enum Direction { Left=1, Right=Left|2, Other=compute() } let boxed: number; class Thing implements Boolean {} if(!flag){doOne();}else{doTwo();} const chosen=!flag?left:right; const assigning=()=>left=right; const wrapped=()=>(left=right); function returning(){return left=right;}\u000a
        case 88
        /tmp/adamic-gate/TestMutantsno-unused-private-class-members_mutant_from_batch_83777586265/019/no-unused-private-class-members-0.ts:1:9
          no-unused-private-class-members  '#x' is declared but nothing in this class ever reads it. A private member is visible only inside its own class body, so a value no line here reads back can never be observed and the code that maintains it is dead too. Read it, or remove the member and its writes.

        range 8 10 noUnusedPrivateClassMember 			8 10
        fixed	class C{#x; async m(){for await(this.#x of values){}}}
    lint_test.go:1006: no-unused-private-class-members mutant from batch 8 caught on emitted JavaScript: case 88 line 4600: port "fixed\tclass C{#x; async m(){for await(this.#x of values){}}}", Go "/tmp/adamic-gate/TestMutantsno-unused-private-class-members_mutant_from_batch_83777586265/019/no-unused-private-class-members-0.ts:1:9"
        Go context:
          no-return-assign  This return statement assigns rather than returns a value it already has, so it does two things at once and the assignment is the one the reader is likeliest to miss. It is usually a `==` typed as `=`, and where it is deliberate it reads as a value being returned rather than as a write happening on the way out. Assign on its own line and return the variable, or wrap the assignment in its own parentheses to say the write was meant.

        range 643 661 returnAssignment 			643 661
        fixed	interface Bare { n: number }; interface WrongType { value: number }; type Alias = string; const Choice={Yes:'Yes'} as const; function guard(x: unknown): x is string { return true; } console.log('one'); console['warn']('two'); let count=0; count++; for(let i=0;i<3;i++){count++;} interface CallableType { method: (value: string) => number; readonly property: (value: string) => number; } enum Direction { Left=1, Right=Left|2, Other=compute() } let boxed: number; class Thing implements Boolean {} if(!flag){doOne();}else{doTwo();} const chosen=!flag?left:right; const assigning=()=>left=right; const wrapped=()=>(left=right); function returning(){return left=right;}\u000a
        case 88
        /tmp/adamic-gate/TestMutantsno-unused-private-class-members_mutant_from_batch_83777586265/019/no-unused-private-class-members-0.ts:1:9
          no-unused-private-class-members  '#x' is declared but nothing in this class ever reads it. A private member is visible only inside its own class body, so a value no line here reads back can never be observed and the code that maintains it is dead too. Read it, or remove the member and its writes.

        range 8 10 noUnusedPrivateClassMember 			8 10
        fixed	class C{#x; async m(){for await(this.#x of values){}}}
--- PASS: TestMutants/no-unused-private-class-members_mutant_from_batch_8 (12.96s)
=== CONT  TestMutants/suggestion_applied_as_fix
    lint_test.go:155: checker native mutant build: 8.226117659s
    lint_test.go:1014: sanitized native canary react/jsx-no-comment-textnodes equals mutated Node: 529906 bytes
--- PASS: TestMutants/react-jsx-no-comment-textnodes_mutant_from_batch_8 (22.75s)
=== CONT  TestMutants/empty_function_body_reported
    lint_test.go:1000: checker compilation phases: load=272.748237ms lower=10.504545177s C=987.227827ms JavaScript=34.485252ms
    lint_test.go:1000: checker compilation phases: load=247.044313ms lower=10.659612553s C=1.047379887s JavaScript=55.229735ms
    lint_test.go:1006: var declaration suppressed caught on Node: case 21 line 742: port "/tmp/adamic-gate/TestMutantsvar_declaration_suppressed512392327/007/generated-3.ts:1:5", Go "/tmp/adamic-gate/TestMutantsvar_declaration_suppressed512392327/007/generated-3.ts:1:1"
        Go context:
        fixed	\ufeffa == b; 1 === 2; 1 == 1n; (typeof a) !== 'number'; (null) === null; /a/ === null; `a` !== 'b';
        case 21
        skipped @typescript-eslint/no-redundant-type-constituents no program
        skipped @typescript-eslint/no-unnecessary-boolean-literal-compare no program
        skipped @typescript-eslint/prefer-find no program
        /tmp/adamic-gate/TestMutantsvar_declaration_suppressed512392327/007/generated-3.ts:1:1
          no-var  This is a `var` declaration, which is function-scoped and hoisted rather than block-scoped. The binding exists from the top of the enclosing function, so it is readable above the line that declares it and it leaks out of the block it looks like it belongs to: a `var` inside an `if` is still in scope after the `if` ends. A `var` in a loop is one binding shared by every iteration, which is why a closure created in the loop sees the final value rather than its own. Use `let`, or `const` when nothing reassigns it.

        range 0 5 unexpectedVar 			0 5
        /tmp/adamic-gate/TestMutantsvar_declaration_suppressed512392327/007/generated-3.ts:1:5
    lint_test.go:1006: var declaration suppressed caught on emitted JavaScript: case 21 line 742: port "/tmp/adamic-gate/TestMutantsvar_declaration_suppressed512392327/007/generated-3.ts:1:5", Go "/tmp/adamic-gate/TestMutantsvar_declaration_suppressed512392327/007/generated-3.ts:1:1"
        Go context:
        fixed	\ufeffa == b; 1 === 2; 1 == 1n; (typeof a) !== 'number'; (null) === null; /a/ === null; `a` !== 'b';
        case 21
        skipped @typescript-eslint/no-redundant-type-constituents no program
        skipped @typescript-eslint/no-unnecessary-boolean-literal-compare no program
        skipped @typescript-eslint/prefer-find no program
        /tmp/adamic-gate/TestMutantsvar_declaration_suppressed512392327/007/generated-3.ts:1:1
          no-var  This is a `var` declaration, which is function-scoped and hoisted rather than block-scoped. The binding exists from the top of the enclosing function, so it is readable above the line that declares it and it leaks out of the block it looks like it belongs to: a `var` inside an `if` is still in scope after the `if` ends. A `var` in a loop is one binding shared by every iteration, which is why a closure created in the loop sees the final value rather than its own. Use `let`, or `const` when nothing reassigns it.

        range 0 5 unexpectedVar 			0 5
        /tmp/adamic-gate/TestMutantsvar_declaration_suppressed512392327/007/generated-3.ts:1:5
--- PASS: TestMutants/var_declaration_suppressed (13.49s)
    lint_test.go:1006: no-octal-escape mutant from batch 8 caught on Node: case 88 line 4600: port "recovery findings only", Go "/tmp/adamic-gate/TestMutantsno-octal-escape_mutant_from_batch_84209311801/019/no-octal-escape-0.ts:1:26"
        Go context:
          no-return-assign  This return statement assigns rather than returns a value it already has, so it does two things at once and the assignment is the one the reader is likeliest to miss. It is usually a `==` typed as `=`, and where it is deliberate it reads as a value being returned rather than as a write happening on the way out. Assign on its own line and return the variable, or wrap the assignment in its own parentheses to say the write was meant.

        range 643 661 returnAssignment 			643 661
        fixed	interface Bare { n: number }; interface WrongType { value: number }; type Alias = string; const Choice={Yes:'Yes'} as const; function guard(x: unknown): x is string { return true; } console.log('one'); console['warn']('two'); let count=0; count++; for(let i=0;i<3;i++){count++;} interface CallableType { method: (value: string) => number; readonly property: (value: string) => number; } enum Direction { Left=1, Right=Left|2, Other=compute() } let boxed: number; class Thing implements Boolean {} if(!flag){doOne();}else{doTwo();} const chosen=!flag?left:right; const assigning=()=>left=right; const wrapped=()=>(left=right); function returning(){return left=right;}\u000a
        case 88
        /tmp/adamic-gate/TestMutantsno-octal-escape_mutant_from_batch_84209311801/019/no-octal-escape-0.ts:1:26
          no-octal-escape  Do not use the octal escape `\123`. This is a legacy octal escape, a numbering the language kept only for old web pages and forbids outright in strict mode and in modules, where it is a syntax error rather than a character. It also reads as decimal to almost everybody: the escape here is not the number it looks like. A unicode escape says the same character in a numbering that is unambiguous and legal everywhere.

        range 25 35 octalEscapeSequence 			25 35
        recovery findings only
    lint_test.go:1006: no-octal-escape mutant from batch 8 caught on emitted JavaScript: case 88 line 4600: port "recovery findings only", Go "/tmp/adamic-gate/TestMutantsno-octal-escape_mutant_from_batch_84209311801/019/no-octal-escape-0.ts:1:26"
        Go context:
          no-return-assign  This return statement assigns rather than returns a value it already has, so it does two things at once and the assignment is the one the reader is likeliest to miss. It is usually a `==` typed as `=`, and where it is deliberate it reads as a value being returned rather than as a write happening on the way out. Assign on its own line and return the variable, or wrap the assignment in its own parentheses to say the write was meant.

        range 643 661 returnAssignment 			643 661
        fixed	interface Bare { n: number }; interface WrongType { value: number }; type Alias = string; const Choice={Yes:'Yes'} as const; function guard(x: unknown): x is string { return true; } console.log('one'); console['warn']('two'); let count=0; count++; for(let i=0;i<3;i++){count++;} interface CallableType { method: (value: string) => number; readonly property: (value: string) => number; } enum Direction { Left=1, Right=Left|2, Other=compute() } let boxed: number; class Thing implements Boolean {} if(!flag){doOne();}else{doTwo();} const chosen=!flag?left:right; const assigning=()=>left=right; const wrapped=()=>(left=right); function returning(){return left=right;}\u000a
        case 88
        /tmp/adamic-gate/TestMutantsno-octal-escape_mutant_from_batch_84209311801/019/no-octal-escape-0.ts:1:26
          no-octal-escape  Do not use the octal escape `\123`. This is a legacy octal escape, a numbering the language kept only for old web pages and forbids outright in strict mode and in modules, where it is a syntax error rather than a character. It also reads as decimal to almost everybody: the escape here is not the number it looks like. A unicode escape says the same character in a numbering that is unambiguous and legal everywhere.

        range 25 35 octalEscapeSequence 			25 35
        recovery findings only
--- PASS: TestMutants/no-octal-escape_mutant_from_batch_8 (13.64s)
    lint_test.go:1000: checker compilation phases: load=266.065249ms lower=10.573047354s C=939.681638ms JavaScript=63.082512ms
    lint_test.go:1006: duplicate case suppressed caught on Node: case 3 line 76: port "/tmp/adamic-gate/TestMutantsduplicate_case_suppressed1410471738/004/generated-0.ts:1:122", Go "/tmp/adamic-gate/TestMutantsduplicate_case_suppressed1410471738/004/generated-0.ts:1:125"
        Go context:
        range 71 72 noSingleLetter 			71 72
        /tmp/adamic-gate/TestMutantsduplicate_case_suppressed1410471738/004/generated-0.ts:1:77
          no-debugger  A debugger statement stops execution when devtools are open and does nothing otherwise, so it is a breakpoint written into the source. Shipped, it halts the page for anyone with devtools open and is invisible to everyone else, which is the worst pairing of symptoms for reproducing a report. Set the breakpoint in the debugger instead.

        range 76 85 unexpectedDebugger fix			76 85
        /tmp/adamic-gate/TestMutantsduplicate_case_suppressed1410471738/004/generated-0.ts:1:125
          no-debugger  A debugger statement stops execution when devtools are open and does nothing otherwise, so it is a breakpoint written into the source. Shipped, it halts the page for anyone with devtools open and is invisible to everyone else, which is the worst pairing of symptoms for reproducing a report. Set the breakpoint in the debugger instead.

        range 124 133 unexpectedDebugger fix			124 133
        fixed	 if(x) debugger; while(x) debugger;  function f(){  } function noop(){} switch(x){case 1: }
    lint_test.go:1006: duplicate case suppressed caught on emitted JavaScript: case 3 line 76: port "/tmp/adamic-gate/TestMutantsduplicate_case_suppressed1410471738/004/generated-0.ts:1:122", Go "/tmp/adamic-gate/TestMutantsduplicate_case_suppressed1410471738/004/generated-0.ts:1:125"
        Go context:
        range 71 72 noSingleLetter 			71 72
        /tmp/adamic-gate/TestMutantsduplicate_case_suppressed1410471738/004/generated-0.ts:1:77
          no-debugger  A debugger statement stops execution when devtools are open and does nothing otherwise, so it is a breakpoint written into the source. Shipped, it halts the page for anyone with devtools open and is invisible to everyone else, which is the worst pairing of symptoms for reproducing a report. Set the breakpoint in the debugger instead.

        range 76 85 unexpectedDebugger fix			76 85
        /tmp/adamic-gate/TestMutantsduplicate_case_suppressed1410471738/004/generated-0.ts:1:125
          no-debugger  A debugger statement stops execution when devtools are open and does nothing otherwise, so it is a breakpoint written into the source. Shipped, it halts the page for anyone with devtools open and is invisible to everyone else, which is the worst pairing of symptoms for reproducing a report. Set the breakpoint in the debugger instead.

        range 124 133 unexpectedDebugger fix			124 133
        fixed	 if(x) debugger; while(x) debugger;  function f(){  } function noop(){} switch(x){case 1: }
--- PASS: TestMutants/duplicate_case_suppressed (13.24s)
    lint_test.go:1000: checker compilation phases: load=309.16508ms lower=10.290360216s C=637.960763ms JavaScript=30.495797ms
    lint_test.go:1006: suggestion applied as fix caught on Node: case 15 line 519: port "range 2 4 unexpected fix\t===\tUse `===` instead of `==`. This changes what the comparison answers wherever the operands can differ in type, so it is offered rather than applied.\t2 4", Go "range 2 4 unexpected suggestion\t===\tUse `===` instead of `==`. This changes what the comparison answers wherever the operands can differ in type, so it is offered rather than applied.\t2 4"
        Go context:

        range 0 1 noSingleLetter 			0 1
        /tmp/adamic-gate/TestMutantssuggestion_applied_as_fix3372898042/006/generated-2.ts:1:3
          eqeqeq  This compares with `==`, which coerces its operands to a common type before comparing. That makes the comparison non-transitive, which is the one property every reader assumes a comparison has: `0 == '0'` and `'0' == []` disagree while `0 == []` is true. Write `===`, which compares without coercing.

        range 2 4 unexpected suggestion	===	Use `===` instead of `==`. This changes what the comparison answers wherever the operands can differ in type, so it is offered rather than applied.	2 4
        /tmp/adamic-gate/TestMutantssuggestion_applied_as_fix3372898042/006/generated-2.ts:1:6
          nexus/consistency-no-ambiguous-identifier  Single-letter identifier "b" is not descriptive enough. The name is read everywhere it is used and declared only once, so the saving is at the declaration and the cost is at every call site.

        range 5 6 noSingleLetter 			5 6
    lint_test.go:1006: suggestion applied as fix caught on emitted JavaScript: case 15 line 519: port "range 2 4 unexpected fix\t===\tUse `===` instead of `==`. This changes what the comparison answers wherever the operands can differ in type, so it is offered rather than applied.\t2 4", Go "range 2 4 unexpected suggestion\t===\tUse `===` instead of `==`. This changes what the comparison answers wherever the operands can differ in type, so it is offered rather than applied.\t2 4"
        Go context:

        range 0 1 noSingleLetter 			0 1
        /tmp/adamic-gate/TestMutantssuggestion_applied_as_fix3372898042/006/generated-2.ts:1:3
          eqeqeq  This compares with `==`, which coerces its operands to a common type before comparing. That makes the comparison non-transitive, which is the one property every reader assumes a comparison has: `0 == '0'` and `'0' == []` disagree while `0 == []` is true. Write `===`, which compares without coercing.

        range 2 4 unexpected suggestion	===	Use `===` instead of `==`. This changes what the comparison answers wherever the operands can differ in type, so it is offered rather than applied.	2 4
        /tmp/adamic-gate/TestMutantssuggestion_applied_as_fix3372898042/006/generated-2.ts:1:6
          nexus/consistency-no-ambiguous-identifier  Single-letter identifier "b" is not descriptive enough. The name is read everywhere it is used and declared only once, so the saving is at the declaration and the cost is at every call site.

        range 5 6 noSingleLetter 			5 6
--- PASS: TestMutants/suggestion_applied_as_fix (12.58s)
    lint_test.go:1000: checker compilation phases: load=303.716746ms lower=7.678615938s C=548.327273ms JavaScript=31.255928ms
    lint_test.go:1006: empty function body reported caught on Node: case 3 line 76: port "/tmp/adamic-gate/TestMutantsempty_function_body_reported273229640/004/generated-0.ts:1:104", Go "/tmp/adamic-gate/TestMutantsempty_function_body_reported273229640/004/generated-0.ts:1:125"
        Go context:
        range 71 72 noSingleLetter 			71 72
        /tmp/adamic-gate/TestMutantsempty_function_body_reported273229640/004/generated-0.ts:1:77
          no-debugger  A debugger statement stops execution when devtools are open and does nothing otherwise, so it is a breakpoint written into the source. Shipped, it halts the page for anyone with devtools open and is invisible to everyone else, which is the worst pairing of symptoms for reproducing a report. Set the breakpoint in the debugger instead.

        range 76 85 unexpectedDebugger fix			76 85
        /tmp/adamic-gate/TestMutantsempty_function_body_reported273229640/004/generated-0.ts:1:125
          no-debugger  A debugger statement stops execution when devtools are open and does nothing otherwise, so it is a breakpoint written into the source. Shipped, it halts the page for anyone with devtools open and is invisible to everyone else, which is the worst pairing of symptoms for reproducing a report. Set the breakpoint in the debugger instead.

        range 124 133 unexpectedDebugger fix			124 133
        fixed	 if(x) debugger; while(x) debugger;  function f(){  } function noop(){} switch(x){case 1: }
    lint_test.go:1006: empty function body reported caught on emitted JavaScript: case 3 line 76: port "/tmp/adamic-gate/TestMutantsempty_function_body_reported273229640/004/generated-0.ts:1:104", Go "/tmp/adamic-gate/TestMutantsempty_function_body_reported273229640/004/generated-0.ts:1:125"
        Go context:
        range 71 72 noSingleLetter 			71 72
        /tmp/adamic-gate/TestMutantsempty_function_body_reported273229640/004/generated-0.ts:1:77
          no-debugger  A debugger statement stops execution when devtools are open and does nothing otherwise, so it is a breakpoint written into the source. Shipped, it halts the page for anyone with devtools open and is invisible to everyone else, which is the worst pairing of symptoms for reproducing a report. Set the breakpoint in the debugger instead.

        range 76 85 unexpectedDebugger fix			76 85
        /tmp/adamic-gate/TestMutantsempty_function_body_reported273229640/004/generated-0.ts:1:125
          no-debugger  A debugger statement stops execution when devtools are open and does nothing otherwise, so it is a breakpoint written into the source. Shipped, it halts the page for anyone with devtools open and is invisible to everyone else, which is the worst pairing of symptoms for reproducing a report. Set the breakpoint in the debugger instead.

        range 124 133 unexpectedDebugger fix			124 133
        fixed	 if(x) debugger; while(x) debugger;  function f(){  } function noop(){} switch(x){case 1: }
--- PASS: TestMutants/empty_function_body_reported (10.29s)
--- PASS: TestMutants (0.04s)
PASS
ok  	github.com/system-inc/adamic/stage1/cohere/lint	1113.501s
