id,file,line,column,code,message,class,family,owner,owner_line,option,kind,source_expression,cause,evidence,witness,removed_by,already_checked,check_location,stock_unmodified_reports,stock_message,witness_for_input_difference,status,reason,read_local_outcome,emitted_check,program_blocker,refusal_scope,diagnostic_excluded_for_probe
D011,src/compiler/builder.ts,2273,9,TS2375,"Type '{ fileInfos: Map<Path, BuilderState.FileInfo>; compilerOptions: CompilerOptions; semanticDiagnosticsPerFile: Map<Path, readonly ReusableDiagnostic[]>; ... 7 more ...; checkPending: true | undefined; }' is not assignable to type 'ReusableBuilderProgramState' with 'exactOptionalPropertyTypes: true'. Consider adding 'undefined' to the types of the target's properties.
  Types of property 'outSignature' are incompatible.
    Type 'EmitSignature | undefined' is not assignable to type 'EmitSignature'.
      Type 'undefined' is not assignable to type 'EmitSignature'.",2,,createBuilderProgramUsingIncrementalBuildInfo,2254,exactOptionalPropertyTypes,optional-presence,state,Present undefined value or callable optional slot does not satisfy the exact optional target contract.,"Adapted source: state = {
            fileInfos,
            compilerOptions: buildInfo.options ? convertToOptionsWithAbsolutePaths(buildInfo.options, toAbsolutePath) : {},
            semanticDiagnosticsPerFile: toPerFileSemanticDiagnostics(buildInfo.semanticDiagnosticsPerFile),
            emitDiagnosticsPerFile: toPerFileEmitDiagnostics(buildInfo.emitDiagnosticsPerFile),
            hasReusableDiagnostic: true,
            changedFilesSet,
            latestChangedDtsFile,
            outSignature: buildInfo.outSignature,
            programEmitPending: buildInfo.pendingEmit === undefined ? undefined : toProgramEmitPending(buildInfo.pendingEmit, buildInfo.options),
            hasErrors: buildInfo.errors,
            checkPending: buildInfo.checkPending,
        };
2026-10-08 project-input stock option ablation removes this exact row: exactOptionalPropertyTypes.",,exactOptionalPropertyTypes,not assessed: no class 1 rows,,true,"Type '{ fileInfos: Map<Path, BuilderState.FileInfo>; compilerOptions: CompilerOptions; semanticDiagnosticsPerFile: Map<Path, readonly ReusableDiagnostic[]>; ... 7 more ...; checkPending: true | undefined; }' is not assignable to type 'ReusableBuilderProgramState' with 'exactOptionalPropertyTypes: true'. Consider adding 'undefined' to the types of the target's properties.
  Types of property 'outSignature' are incompatible.
    Type 'EmitSignature | undefined' is not assignable to type 'EmitSignature'.
      Type 'undefined' is not assignable to type 'EmitSignature'.",,scheduled,,not reached,False,"/tmp/stricter-indexed-all-typescript/src/compiler/sys.ts:1502:51: stage 0 can't lower a namespace read before runtime initialization, directly or through a reachable call; move that read or call after the namespace declaration yet",,False
D012,src/compiler/builder.ts,2310,9,TS2375,"Type '{ fileInfos: Map<Path, BuilderState.FileInfo>; compilerOptions: CompilerOptions; referencedMap: BuilderState.ManyToManyPathMap | undefined; ... 8 more ...; checkPending: true | undefined; }' is not assignable to type 'ReusableBuilderProgramState' with 'exactOptionalPropertyTypes: true'. Consider adding 'undefined' to the types of the target's properties.
  Types of property 'emitSignatures' are incompatible.
    Type 'Map<Path, EmitSignature> | undefined' is not assignable to type 'Map<Path, EmitSignature>'.
      Type 'undefined' is not assignable to type 'Map<Path, EmitSignature>'.",2,,createBuilderProgramUsingIncrementalBuildInfo,2254,exactOptionalPropertyTypes,optional-presence,state,Present undefined value or callable optional slot does not satisfy the exact optional target contract.,"Adapted source: state = {
            fileInfos,
            compilerOptions: buildInfo.options ? convertToOptionsWithAbsolutePaths(buildInfo.options, toAbsolutePath) : {},
            referencedMap: toManyToManyPathMap(buildInfo.referencedMap, buildInfo.options ?? {}),
            semanticDiagnosticsPerFile: toPerFileSemanticDiagnostics(buildInfo.semanticDiagnosticsPerFile),
            emitDiagnosticsPerFile: toPerFileEmitDiagnostics(buildInfo.emitDiagnosticsPerFile),
            hasReusableDiagnostic: true,
            changedFilesSet,
            affectedFilesPendingEmit: buildInfo.affectedFilesPendingEmit && arrayToMap(buildInfo.affectedFilesPendingEmit, value => toFilePath(isNumber(value) ? value : value[0]), value => toBuilderFileEmit(value, fullEmitForOptions!)),
            latestChangedDtsFile,
            emitSignatures: emitSignatures?.size ? emitSignatures : undefined,
            hasErrors: buildInfo.errors,
            checkPending: buildInfo.checkPending,
        };
2026-10-08 project-input stock option ablation removes this exact row: exactOptionalPropertyTypes.",,exactOptionalPropertyTypes,not assessed: no class 1 rows,,true,"Type '{ fileInfos: Map<Path, BuilderState.FileInfo>; compilerOptions: CompilerOptions; referencedMap: BuilderState.ManyToManyPathMap | undefined; ... 8 more ...; checkPending: true | undefined; }' is not assignable to type 'ReusableBuilderProgramState' with 'exactOptionalPropertyTypes: true'. Consider adding 'undefined' to the types of the target's properties.
  Types of property 'emitSignatures' are incompatible.
    Type 'Map<Path, EmitSignature> | undefined' is not assignable to type 'Map<Path, EmitSignature>'.
      Type 'undefined' is not assignable to type 'Map<Path, EmitSignature>'.",,scheduled,,not reached,False,"/tmp/stricter-indexed-all-typescript/src/compiler/sys.ts:1502:51: stage 0 can't lower a namespace read before runtime initialization, directly or through a reachable call; move that read or call after the namespace declaration yet",,False
D051,src/compiler/checker.ts,1683,9,TS2322,"Type '(signature: Signature, kind: SignatureDeclaration[""kind""], enclosingDeclaration?: Node, flags?: NodeBuilderFlags, internalFlags?: InternalNodeBuilderFlags, tracker?: SymbolTracker, maximumLength?: number, verbosityLevel?: number, out?: WriterContextOut) => SignatureDeclaration | undefined' is not assignable to type '{ (signature: Signature, kind: SyntaxKind, enclosingDeclaration: Node | undefined, flags: NodeBuilderFlags | undefined): (SignatureDeclaration & ...) | undefined; (signature: Signature, kind: SyntaxKind, enclosingDeclaration: Node | undefined, flags: NodeBuilderFlags | undefined, internalFlags?: InternalNodeBuilderF...'.
  Type 'SignatureDeclaration | undefined' is not assignable to type '(SignatureDeclaration & { typeArguments?: NodeArray<TypeNode>; }) | undefined'.
    Type 'ArrowFunction' is not assignable to type '(SignatureDeclaration & { typeArguments?: NodeArray<TypeNode>; }) | undefined'.
      Type 'ArrowFunction' is not assignable to type 'ArrowFunction & { typeArguments?: NodeArray<TypeNode>; }' with 'exactOptionalPropertyTypes: true'. Consider adding 'undefined' to the types of the target's properties.
        Type 'ArrowFunction' is not assignable to type '{ typeArguments?: NodeArray<TypeNode>; }' with 'exactOptionalPropertyTypes: true'. Consider adding 'undefined' to the types of the target's properties.
          Types of property 'typeArguments' are incompatible.
            Type 'NodeArray<TypeNode> | undefined' is not assignable to type 'NodeArray<TypeNode>'.
              Type 'undefined' is not assignable to type 'NodeArray<TypeNode>'.",2,,createTypeChecker,1486,exactOptionalPropertyTypes,optional-presence,signatureToSignatureDeclaration,Present undefined value or callable optional slot does not satisfy the exact optional target contract.,"Adapted source: checker: TypeChecker = {
        getNodeCount: () => reduceLeft(host.getSourceFiles(), (n, s) => n + s.nodeCount, 0),
        getIdentifierCount: () => reduceLeft(host.getSourceFiles(), (n, s) => n + s.identifierCount, 0),
        getSymbolCount: () => reduceLeft(host.getSourceFiles(), (n, s) => n + s.symbolCount, symbolCount),
        getTypeCount: () => typeCount,
        getInstantiationCount: () => totalInstantiationCount,
        getRelationCacheSizes: () => ({
            assignable: assignableRelation.size,
            identity: identityRelation.size,
            subtype: subtypeRelation.size,
            strictSubtype: strictSubtypeRelation.size,
        }),
        isUndefinedSymbol: symbol => symbol === undefinedSymbol,
        isArgumentsSymbol: symbol => symbol === argumentsSymbol,
        isUnknownSymbol: symbol => symbol === unknownSymbol,
        getMergedSymbol,
        symbolIsValue,
        getDiagnostics,
        getGlobalDiagnostics,
        getRecursionIdentity,
        getUnmatchedProperties,
        getTypeOfSymbolAtLocation: (symbol, locationIn) => {
            const location = getParseTreeNode(locationIn);
            return location ? getTypeOfSymbolAtLocation(symbol, location) : errorType;
        },
        getTypeOfSymbol,
        getSymbolsOfParameterPropertyDeclaration: (parameterIn, parameterName) => {
            const parameter = getParseTreeNode(parameterIn, isParameter);
            if (parameter === undefined) return Debug.fail(""Cannot get symbols of a synthetic parameter that cannot be resolved to a parse-tree node."");
            Debug.assert(isParameterPropertyDeclaration(parameter, parameter.parent));
            return getSymbolsOfParameterPropertyDeclaration(parameter, escapeLeadingUnderscores(parameterName));
        },
        getDeclaredTypeOfSymbol,
        getPropertiesOfType,
        getPropertyOfType: (type, name) => getPropertyOfType(type, escapeLeadingUnderscores(name)),
        getPrivateIdentifierPropertyOfType: (leftType: Type, name: string, location: Node) => {
            const node = getParseTreeNode(location);
            if (!node) {
                return undefined;
            }
            const propName = escapeLeadingUnderscores(name);
            const lexicallyScopedIdentifier = lookupSymbolForPrivateIdentifierDeclaration(propName, node);
            return lexicallyScopedIdentifier ? getPrivateIdentifierPropertyOfType(leftType, lexicallyScopedIdentifier) : undefined;
        },
        getTypeOfPropertyOfType: (type, name) => getTypeOfPropertyOfType(type, escapeLeadingUnderscores(name)),
        getIndexInfoOfType: (type, kind) => getIndexInfoOfType(type, kind === IndexKind.String ? stringType : numberType),
        getIndexInfosOfType,
        getIndexInfosOfIndexSymbol,
        getSignaturesOfType,
        getIndexTypeOfType: (type, kind) => getIndexTypeOfType(type, kind === IndexKind.String ? stringType : numberType),
        getIndexType: type => getIndexType(type),
        getBaseTypes,
        getBaseTypeOfLiteralType,
        getWidenedType,
        getWidenedLiteralType,
        fillMissingTypeArguments,
        getTypeFromTypeNode: nodeIn => {
            const node = getParseTreeNode(nodeIn, isTypeNode);
            return node ? getTypeFromTypeNode(node) : errorType;
        },
        getParameterType: getTypeAtPosition,
        getParameterIdentifierInfoAtPosition,
        getPromisedTypeOfPromise,
        getAwaitedType: type => getAwaitedType(type),
        getReturnTypeOfSignature,
        isNullableType,
        getNullableType,
        getNonNullableType,
        getNonOptionalType: removeOptionalTypeMarker,
        getTypeArguments,
        typeToTypeNode: nodeBuilder.typeToTypeNode,
        typePredicateToTypePredicateNode: nodeBuilder.typePredicateToTypePredicateNode,
        indexInfoToIndexSignatureDeclaration: nodeBuilder.indexInfoToIndexSignatureDeclaration,
        signatureToSignatureDeclaration: nodeBuilder.signatureToSignatureDeclaration,
        symbolToEntityName: nodeBuilder.symbolToEntityName,
        symbolToExpression: nodeBuilder.symbolToExpression,
        symbolToNode: nodeBuilder.symbolToNode,
        symbolToTypeParameterDeclarations: nodeBuilder.symbolToTypeParameterDeclarations,
        symbolToParameterDeclaration: nodeBuilder.symbolToParameterDeclaration,
        typeParameterToDeclaration: nodeBuilder.typeParameterToDeclaration,
        getSymbolsInScope: (locationIn, meaning) => {
            const location = getParseTreeNode(locationIn);
            return location ? getSymbolsInScope(location, meaning) : [];
        },
        getSymbolAtLocation: nodeIn => {
            const node = getParseTreeNode(nodeIn);
            // set ignoreErrors: true because any lookups invoked by the API shouldn't cause any new errors
            return node ? getSymbolAtLocation(node, /*ignoreErrors*/ true) : undefined;
        },
        getIndexInfosAtLocation: nodeIn => {
            const node = getParseTreeNode(nodeIn);
            return node ? getIndexInfosAtLocation(node) : undefined;
        },
        getShorthandAssignmentValueSymbol: nodeIn => {
            const node = getParseTreeNode(nodeIn);
            return node ? getShorthandAssignmentValueSymbol(node) : undefined;
        },
        getExportSpecifierLocalTargetSymbol: nodeIn => {
            const node = getParseTreeNode(nodeIn, isExportSpecifier);
            return node ? getExportSpecifierLocalTargetSymbol(node) : undefined;
        },
        getExportSymbolOfSymbol(symbol) {
            return getMergedSymbol(symbol.exportSymbol || symbol);
        },
        getTypeAtLocation: nodeIn => {
            const node = getParseTreeNode(nodeIn);
            return node ? getTypeOfNode(node) : errorType;
        },
        getTypeOfAssignmentPattern: nodeIn => {
            const node = getParseTreeNode(nodeIn, isAssignmentPattern);
            return node && getTypeOfAssignmentPattern(node) || errorType;
        },
        getPropertySymbolOfDestructuringAssignment: locationIn => {
            const location = getParseTreeNode(locationIn, isIdentifier);
            return location ? getPropertySymbolOfDestructuringAssignment(location) : undefined;
        },
        signatureToString: (signature, enclosingDeclaration, flags, kind) => {
            return signatureToString(signature, getParseTreeNode(enclosingDeclaration), flags, kind);
        },
        typeToString: (type, enclosingDeclaration, flags) => {
            return typeToString(type, getParseTreeNode(enclosingDeclaration), flags);
        },
        symbolToString: (symbol, enclosingDeclaration, meaning, flags) => {
            return symbolToString(symbol, getParseTreeNode(enclosingDeclaration), meaning, flags);
        },
        typePredicateToString: (predicate, enclosingDeclaration, flags) => {
            return typePredicateToString(predicate, getParseTreeNode(enclosingDeclaration), flags);
        },
        writeSignature: (signature, enclosingDeclaration, flags, kind, writer, maximumLength, verbosityLevel, out) => {
            return signatureToString(signature, getParseTreeNode(enclosingDeclaration), flags, kind, writer, maximumLength, verbosityLevel, out);
        },
        writeType: (type, enclosingDeclaration, flags, writer, maximumLength, verbosityLevel, out) => {
            return typeToString(type, getParseTreeNode(enclosingDeclaration), flags, writer, maximumLength, verbosityLevel, out);
        },
        writeSymbol: (symbol, enclosingDeclaration, meaning, flags, writer) => {
            return symbolToString(symbol, getParseTreeNode(enclosingDeclaration), meaning, flags, writer);
        },
        writeTypePredicate: (predicate, enclosingDeclaration, flags, writer) => {
            return typePredicateToString(predicate, getParseTreeNode(enclosingDeclaration), flags, writer);
        },
        getAugmentedPropertiesOfType,
        getRootSymbols,
        getSymbolOfExpando,
        getContextualType: (nodeIn: Expression, contextFlags?: ContextFlags) => {
            const node = getParseTreeNode(nodeIn, isExpression);
            if (!node) {
                return undefined;
            }
            if (contextFlags! & ContextFlags.IgnoreNodeInferences) {
                return runWithInferenceBlockedFromSourceNode(node, () => getContextualType(node, contextFlags));
            }
            return getContextualType(node, contextFlags);
        },
        getContextualTypeForObjectLiteralElement: nodeIn => {
            const node = getParseTreeNode(nodeIn, isObjectLiteralElementLike);
            return node ? getContextualTypeForObjectLiteralElement(node, /*contextFlags*/ undefined) : undefined;
        },
        getContextualTypeForArgumentAtIndex: (nodeIn, argIndex) => {
            const node = getParseTreeNode(nodeIn, isCallLikeExpression);
            return node && getContextualTypeForArgumentAtIndex(node, argIndex);
        },
        getContextualTypeForJsxAttribute: nodeIn => {
            const node = getParseTreeNode(nodeIn, isJsxAttributeLike);
            return node && getContextualTypeForJsxAttribute(node, /*contextFlags*/ undefined);
        },
        isContextSensitive,
        getTypeOfPropertyOfContextualType,
        getFullyQualifiedName,
        getResolvedSignature: (node, candidatesOutArray, argumentCount) => getResolvedSignatureWorker(node, candidatesOutArray, argumentCount, CheckMode.Normal),
        getCandidateSignaturesForStringLiteralCompletions,
        getResolvedSignatureForSignatureHelp: (node, candidatesOutArray, argumentCount) => runWithoutResolvedSignatureCaching(node, () => getResolvedSignatureWorker(node, candidatesOutArray, argumentCount, CheckMode.IsForSignatureHelp)),
        getExpandedParameters,
        hasEffectiveRestParameter,
        containsArgumentsReference,
        getConstantValue: nodeIn => {
            const node = getParseTreeNode(nodeIn, canHaveConstantValue);
            return node ? getConstantValue(node) : undefined;
        },
        isValidPropertyAccess: (nodeIn, propertyName) => {
            const node = getParseTreeNode(nodeIn, isPropertyAccessOrQualifiedNameOrImportTypeNode);
            return !!node && isValidPropertyAccess(node, escapeLeadingUnderscores(propertyName));
        },
        isValidPropertyAccessForCompletions: (nodeIn, type, property) => {
            const node = getParseTreeNode(nodeIn, isPropertyAccessExpression);
            return !!node && isValidPropertyAccessForCompletions(node, type, property);
        },
        getSignatureFromDeclaration: declarationIn => {
            const declaration = getParseTreeNode(declarationIn, isFunctionLike);
            return declaration ? getSignatureFromDeclaration(declaration) : undefined;
        },
        isImplementationOfOverload: nodeIn => {
            const node = getParseTreeNode(nodeIn, isFunctionLike);
            return node ? isImplementationOfOverload(node) : undefined;
        },
        getImmediateAliasedSymbol,
        getAliasedSymbol: resolveAlias,
        getEmitResolver,
        requiresAddingImplicitUndefined,
        getExportsOfModule: getExportsOfModuleAsArray,
        getExportsAndPropertiesOfModule,
        forEachExportAndPropertyOfModule,
        getSymbolWalker: createGetSymbolWalker(
            getRestTypeOfSignature,
            getTypePredicateOfSignature,
            getReturnTypeOfSignature,
            getBaseTypes,
            resolveStructuredTypeMembers,
            getTypeOfSymbol,
            getResolvedSymbol,
            getConstraintOfTypeParameter,
            getFirstIdentifier,
            getTypeArguments,
        ),
        getAmbientModules,
        getJsxIntrinsicTagNamesAt,
        isOptionalParameter: nodeIn => {
            const node = getParseTreeNode(nodeIn, isParameter);
            return node ? isOptionalParameter(node) : false;
        },
        tryGetMemberInModuleExports: (name, symbol) => tryGetMemberInModuleExports(escapeLeadingUnderscores(name), symbol),
        tryGetMemberInModuleExportsAndProperties: (name, symbol) => tryGetMemberInModuleExportsAndProperties(escapeLeadingUnderscores(name), symbol),
        tryFindAmbientModule: moduleName => tryFindAmbientModule(moduleName, /*withAugmentations*/ true),
        getApparentType,
        getUnionType,
        isTypeAssignableTo,
        createAnonymousType,
        createSignature,
        createSymbol,
        createIndexInfo,
        getAnyType: () => anyType,
        getStringType: () => stringType,
        getStringLiteralType,
        getNumberType: () => numberType,
        getNumberLiteralType,
        getBigIntType: () => bigintType,
        getBigIntLiteralType,
        getUnknownType: () => unknownType,
        createPromiseType,
        createArrayType,
        getElementTypeOfArrayType,
        getBooleanType: () => booleanType,
        getFalseType: (fresh?) => fresh ? falseType : regularFalseType,
        getTrueType: (fresh?) => fresh ? trueType : regularTrueType,
        getVoidType: () => voidType,
        getUndefinedType: () => undefinedType,
        getNullType: () => nullType,
        getESSymbolType: () => esSymbolType,
        getNeverType: () => neverType,
        getNonPrimitiveType: () => nonPrimitiveType,
        getOptionalType: () => optionalType,
        getPromiseType: () => getGlobalPromiseType(/*reportErrors*/ false),
        getPromiseLikeType: () => getGlobalPromiseLikeType(/*reportErrors*/ false),
        getAnyAsyncIterableType: () => {
            const type = getGlobalAsyncIterableType(/*reportErrors*/ false);
            if (type === emptyGenericType) return undefined;
            return createTypeReference(type, [anyType, anyType, anyType]);
        },
        isSymbolAccessible,
        isArrayType,
        isTupleType,
        isArrayLikeType,
        isEmptyAnonymousObjectType,
        isTypeInvalidDueToUnionDiscriminant,
        getExactOptionalProperties,
        getAllPossiblePropertiesOfTypes,
        getSuggestedSymbolForNonexistentProperty,
        getSuggestedSymbolForNonexistentJSXAttribute,
        getSuggestedSymbolForNonexistentSymbol: (location, name, meaning) => getSuggestedSymbolForNonexistentSymbol(location, escapeLeadingUnderscores(name), meaning),
        getSuggestedSymbolForNonexistentModule,
        getSuggestedSymbolForNonexistentClassMember,
        getBaseConstraintOfType,
        getDefaultFromTypeParameter: type => type && type.flags & TypeFlags.TypeParameter ? getDefaultFromTypeParameter(type as TypeParameter) : undefined,
        resolveName(name, location, meaning, excludeGlobals) {
            return resolveName(location, escapeLeadingUnderscores(name), meaning, /*nameNotFoundMessage*/ undefined, /*isUse*/ false, excludeGlobals);
        },
        getJsxNamespace: n => unescapeLeadingUnderscores(getJsxNamespace(n)),
        getJsxFragmentFactory: n => {
            const jsxFragmentFactory = getJsxFragmentFactoryEntity(n);
            return jsxFragmentFactory && unescapeLeadingUnderscores(getFirstIdentifier(jsxFragmentFactory).escapedText);
        },
        getAccessibleSymbolChain,
        getTypePredicateOfSignature,
        resolveExternalModuleName: moduleSpecifierIn => {
            const moduleSpecifier = getParseTreeNode(moduleSpecifierIn, isExpression);
            return moduleSpecifier && resolveExternalModuleName(moduleSpecifier, moduleSpecifier, /*ignoreErrors*/ true);
        },
        resolveExternalModuleSymbol,
        tryGetThisTypeAt: (nodeIn, includeGlobalThis, container) => {
            const node = getParseTreeNode(nodeIn);
            return node && tryGetThisTypeAt(node, includeGlobalThis, container);
        },
        getTypeArgumentConstraint: nodeIn => {
            const node = getParseTreeNode(nodeIn, isTypeNode);
            return node && getTypeArgumentConstraint(node);
        },
        getSuggestionDiagnostics: (fileIn, ct) => {
            const file = getParseTreeNode(fileIn, isSourceFile) || Debug.fail(""Could not determine parsed source file."");
            if (skipTypeChecking(file, compilerOptions, host)) {
                return emptyArray;
            }

            let diagnostics: DiagnosticWithLocation[] | undefined;
            try {
                // Record the cancellation token so it can be checked later on during checkSourceElement.
                // Do this in a finally block so we can ensure that it gets reset back to nothing after
                // this call is done.
                cancellationToken = ct;

                // Ensure file is type checked, with _eager_ diagnostic production, so identifiers are registered as potentially unused
                checkSourceFileWithEagerDiagnostics(file);
                Debug.assert(!!(getNodeLinks(file).flags & NodeCheckFlags.TypeChecked));

                diagnostics = addRange(diagnostics, suggestionDiagnostics.getDiagnostics(file.fileName));
                checkUnusedIdentifiers(getPotentiallyUnusedIdentifiers(file), (containingNode, kind, diag) => {
                    if (!containsParseError(containingNode) && !unusedIsError(kind, !!(containingNode.flags & NodeFlags.Ambient))) {
                        (diagnostics || (diagnostics = [])).push({ ...diag, category: DiagnosticCategory.Suggestion });
                    }
                });

                return diagnostics || emptyArray;
            }
            finally {
                cancellationToken = undefined;
            }
        },

        runWithCancellationToken: (token, callback) => {
            try {
                cancellationToken = token;
                return callback(checker);
            }
            finally {
                cancellationToken = undefined;
            }
        },

        getLocalTypeParametersOfClassOrInterfaceOrTypeAlias,
        isDeclarationVisible,
        isPropertyAccessible,
        getTypeOnlyAliasDeclaration,
        getMemberOverrideModifierStatus,
        isTypeParameterPossiblyReferenced,
        typeHasCallOrConstructSignatures,
        getSymbolFlags,
        getTypeArgumentsForResolvedSignature,
        isLibType,
    }
2026-10-08 project-input stock option ablation removes this exact row: exactOptionalPropertyTypes.",,exactOptionalPropertyTypes,not assessed: no class 1 rows,,true,"Type '(signature: Signature, kind: SignatureDeclaration[""kind""], enclosingDeclaration?: Node, flags?: NodeBuilderFlags, internalFlags?: InternalNodeBuilderFlags, tracker?: SymbolTracker, maximumLength?: number, verbosityLevel?: number, out?: WriterContextOut) => SignatureDeclaration | undefined' is not assignable to type '{ (signature: Signature, kind: SyntaxKind, enclosingDeclaration: Node | undefined, flags: NodeBuilderFlags | undefined): (SignatureDeclaration & { ...; }) | undefined; (signature: Signature, kind: SyntaxKind, enclosingDeclaration: Node | undefined, flags: NodeBuilderFlags | undefined, internalFlags?: InternalNodeBui...'.
  Type 'SignatureDeclaration | undefined' is not assignable to type '(SignatureDeclaration & { typeArguments?: NodeArray<TypeNode>; }) | undefined'.
    Type 'FunctionExpression' is not assignable to type '(SignatureDeclaration & { typeArguments?: NodeArray<TypeNode>; }) | undefined'.
      Type 'FunctionExpression' is not assignable to type 'FunctionExpression & { typeArguments?: NodeArray<TypeNode>; }' with 'exactOptionalPropertyTypes: true'. Consider adding 'undefined' to the types of the target's properties.
        Type 'FunctionExpression' is not assignable to type '{ typeArguments?: NodeArray<TypeNode>; }' with 'exactOptionalPropertyTypes: true'. Consider adding 'undefined' to the types of the target's properties.
          Types of property 'typeArguments' are incompatible.
            Type 'NodeArray<TypeNode> | undefined' is not assignable to type 'NodeArray<TypeNode>'.
              Type 'undefined' is not assignable to type 'NodeArray<TypeNode>'.",,scheduled,,not reached,False,"/tmp/stricter-indexed-all-typescript/src/compiler/sys.ts:1502:51: stage 0 can't lower a namespace read before runtime initialization, directly or through a reachable call; move that read or call after the namespace declaration yet",,False
D095,src/compiler/checker.ts,5311,45,TS2322,"Type 'Symbol | undefined' is not assignable to type 'Symbol'.
  Type 'undefined' is not assignable to type 'Symbol'.",2,,createTypeChecker.getMergedSymbol,5309,noUncheckedIndexedAccess,indexed-presence,merged,"Unchecked element/index-signature read contributes undefined, directly or through a local/result.","Adapted source: return symbol && symbol.mergeId && (merged = mergedSymbols[symbol.mergeId]) ? merged : symbol;
2026-10-08 project-input stock option ablation removes this exact row: noUncheckedIndexedAccess.",,noUncheckedIndexedAccess,not assessed: no class 1 rows,,true,"Type 'Symbol | undefined' is not assignable to type 'Symbol'.
  Type 'undefined' is not assignable to type 'Symbol'.",,scheduled,,not reached,False,"/tmp/stricter-indexed-all-typescript/src/compiler/sys.ts:1502:51: stage 0 can't lower a namespace read before runtime initialization, directly or through a reachable call; move that read or call after the namespace declaration yet",,False
D099,src/compiler/checker.ts,6035,9,TS2375,"Type '{ accessibility: SymbolAccessibility.Accessible; aliasesToMakeVisible: LateVisibilityPaintedStatement[] | undefined; }' is not assignable to type 'SymbolVisibilityResult' with 'exactOptionalPropertyTypes: true'. Consider adding 'undefined' to the types of the target's properties.
  Types of property 'aliasesToMakeVisible' are incompatible.
    Type 'LateVisibilityPaintedStatement[] | undefined' is not assignable to type 'LateVisibilityPaintedStatement[]'.
      Type 'undefined' is not assignable to type 'LateVisibilityPaintedStatement[]'.",2,,createTypeChecker.hasVisibleDeclarations,6030,exactOptionalPropertyTypes,optional-presence,return,Present undefined value or callable optional slot does not satisfy the exact optional target contract.,"Adapted source: return { accessibility: SymbolAccessibility.Accessible, aliasesToMakeVisible };
2026-10-08 project-input stock option ablation removes this exact row: exactOptionalPropertyTypes.",,exactOptionalPropertyTypes,not assessed: no class 1 rows,,true,"Type '{ accessibility: SymbolAccessibility.Accessible; aliasesToMakeVisible: LateVisibilityPaintedStatement[] | undefined; }' is not assignable to type 'SymbolVisibilityResult' with 'exactOptionalPropertyTypes: true'. Consider adding 'undefined' to the types of the target's properties.
  Types of property 'aliasesToMakeVisible' are incompatible.
    Type 'LateVisibilityPaintedStatement[] | undefined' is not assignable to type 'LateVisibilityPaintedStatement[]'.
      Type 'undefined' is not assignable to type 'LateVisibilityPaintedStatement[]'.",,scheduled,,not reached,False,"/tmp/stricter-indexed-all-typescript/src/compiler/sys.ts:1502:51: stage 0 can't lower a namespace read before runtime initialization, directly or through a reachable call; move that read or call after the namespace declaration yet",,False
D100,src/compiler/checker.ts,7837,133,TS2379,"Argument of type '{ name: ComputedPropertyName | Identifier | NumericLiteral | PrivateIdentifier | StringLiteral; questionToken: PunctuationToken<...> | undefined; }' is not assignable to parameter of type 'SignatureToSignatureDeclarationOptions' with 'exactOptionalPropertyTypes: true'. Consider adding 'undefined' to the types of the target's properties.
  Types of property 'questionToken' are incompatible.
    Type 'PunctuationToken<SyntaxKind.QuestionToken> | undefined' is not assignable to type 'QuestionToken'.
      Type 'undefined' is not assignable to type 'PunctuationToken<SyntaxKind.QuestionToken>'.",2,,createTypeChecker.createNodeBuilder.addPropertyToElementList,7753,exactOptionalPropertyTypes,optional-presence,"signatureToSignatureDeclarationHelper(signature, SyntaxKind.MethodSignature, context, { name: propertyName, questionToken: optionalToken })",Present undefined value or callable optional slot does not satisfy the exact optional target contract.,"Adapted source: methodDeclaration = signatureToSignatureDeclarationHelper(signature, SyntaxKind.MethodSignature, context, { name: propertyName, questionToken: optionalToken }) as MethodSignature
2026-10-08 project-input stock option ablation removes this exact row: exactOptionalPropertyTypes.",,exactOptionalPropertyTypes,not assessed: no class 1 rows,,true,"Argument of type '{ name: Identifier | PrivateIdentifier | StringLiteral | NumericLiteral | ComputedPropertyName; questionToken: PunctuationToken<...> | undefined; }' is not assignable to parameter of type 'SignatureToSignatureDeclarationOptions' with 'exactOptionalPropertyTypes: true'. Consider adding 'undefined' to the types of the target's properties.
  Types of property 'questionToken' are incompatible.
    Type 'PunctuationToken<SyntaxKind.QuestionToken> | undefined' is not assignable to type 'QuestionToken'.
      Type 'undefined' is not assignable to type 'PunctuationToken<SyntaxKind.QuestionToken>'.",,scheduled,,not reached,False,"/tmp/stricter-indexed-all-typescript/src/compiler/sys.ts:1502:51: stage 0 can't lower a namespace read before runtime initialization, directly or through a reachable call; move that read or call after the namespace declaration yet",,False
D101,src/compiler/checker.ts,8082,62,TS2379,"Argument of type '{ reportTruncationError?: () => void; reportNonlocalAugmentation?: (containingFile: SourceFile, parentSymbol: Symbol, augmentingSymbol: Symbol) => void; ... 10 more ...; moduleResolverHost: (ModuleSpecifierResolutionHost & ...) | undefined; }' is not assignable to parameter of type 'SymbolTracker' with 'exactOptionalPropertyTypes: true'. Consider adding 'undefined' to the types of the target's properties.
  Types of property 'moduleResolverHost' are incompatible.
    Type '(ModuleSpecifierResolutionHost & { getCommonSourceDirectory(): string; }) | undefined' is not assignable to type 'ModuleSpecifierResolutionHost & { getCommonSourceDirectory(): string; }'.
      Type 'undefined' is not assignable to type 'ModuleSpecifierResolutionHost & { getCommonSourceDirectory(): string; }'.
        Type 'undefined' is not assignable to type 'ModuleSpecifierResolutionHost'.",2,,createTypeChecker.createNodeBuilder.createRecoveryBoundary,8070,exactOptionalPropertyTypes,optional-presence,{,Present undefined value or callable optional slot does not satisfy the exact optional target contract.,"Adapted source: context.tracker = new SymbolTrackerImpl(context, {
                ...oldTracker.inner,
                reportCyclicStructureError() {
                    markError(() => oldTracker.reportCyclicStructureError());
                },
                reportInaccessibleThisError() {
                    markError(() => oldTracker.reportInaccessibleThisError());
                },
                reportInaccessibleUniqueSymbolError() {
                    markError(() => oldTracker.reportInaccessibleUniqueSymbolError());
                },
                reportLikelyUnsafeImportRequiredError(specifier, symbolName) {
                    markError(() => oldTracker.reportLikelyUnsafeImportRequiredError(specifier, symbolName));
                },
                reportNonSerializableProperty(name) {
                    markError(() => oldTracker.reportNonSerializableProperty(name));
                },
                reportPrivateInBaseOfClassExpression(propertyName) {
                    markError(() => oldTracker.reportPrivateInBaseOfClassExpression(propertyName));
                },
                trackSymbol(sym, decl, meaning) {
                    (trackedSymbols ??= []).push([sym, decl, meaning]);
                    return false;
                },
                moduleResolverHost: context.tracker.moduleResolverHost,
            }, context.tracker.moduleResolverHost);
2026-10-08 project-input stock option ablation removes this exact row: exactOptionalPropertyTypes.",,exactOptionalPropertyTypes,not assessed: no class 1 rows,,true,"Argument of type '{ reportCyclicStructureError(): void; reportInaccessibleThisError(): void; reportInaccessibleUniqueSymbolError(): void; reportLikelyUnsafeImportRequiredError(specifier: string, symbolName: string | undefined): void; ... 8 more ...; popErrorFallbackNode?: () => void; }' is not assignable to parameter of type 'SymbolTracker' with 'exactOptionalPropertyTypes: true'. Consider adding 'undefined' to the types of the target's properties.
  Types of property 'moduleResolverHost' are incompatible.
    Type '(ModuleSpecifierResolutionHost & { getCommonSourceDirectory(): string; }) | undefined' is not assignable to type 'ModuleSpecifierResolutionHost & { getCommonSourceDirectory(): string; }'.
      Type 'undefined' is not assignable to type 'ModuleSpecifierResolutionHost & { getCommonSourceDirectory(): string; }'.
        Type 'undefined' is not assignable to type 'ModuleSpecifierResolutionHost'.",,scheduled,,not reached,False,"/tmp/stricter-indexed-all-typescript/src/compiler/sys.ts:1502:51: stage 0 can't lower a namespace read before runtime initialization, directly or through a reachable call; move that read or call after the namespace declaration yet",,False
D036,src/compiler/checker.ts,10941,33,TS2379,"Argument of type '{ name: ComputedPropertyName | Identifier | NumericLiteral | PrivateIdentifier | StringLiteral; questionToken: PunctuationToken<...> | undefined; modifiers: ... | undefined; }' is not assignable to parameter of type 'SignatureToSignatureDeclarationOptions' with 'exactOptionalPropertyTypes: true'. Consider adding 'undefined' to the types of the target's properties.
  Types of property 'modifiers' are incompatible.
    Type 'Modifier[] | undefined' is not assignable to type 'readonly Modifier[]'.
      Type 'undefined' is not assignable to type 'readonly Modifier[]'.",2,,createTypeChecker.createNodeBuilder.symbolTableToDeclarationStatements.makeSerializePropertySymbol.serializePropertySymbol,10820,exactOptionalPropertyTypes,optional-presence,"signatureToSignatureDeclarationHelper(
                                sig,
                                methodKind,
                                context,
                                {
                                    name,
                                    questionToken: p.flags & SymbolFlags.Optional ? factory.createToken(SyntaxKind.QuestionToken) : undefined,
                                    modifiers: flag ? factory.createModifiersFromModifierFlags(flag) : undefined,
                                },
                            )",Present undefined value or callable optional slot does not satisfy the exact optional target contract.,"Adapted source: decl = signatureToSignatureDeclarationHelper(
                                sig,
                                methodKind,
                                context,
                                {
                                    name,
                                    questionToken: p.flags & SymbolFlags.Optional ? factory.createToken(SyntaxKind.QuestionToken) : undefined,
                                    modifiers: flag ? factory.createModifiersFromModifierFlags(flag) : undefined,
                                },
                            )
2026-10-08 project-input stock option ablation removes this exact row: exactOptionalPropertyTypes.",,exactOptionalPropertyTypes,not assessed: no class 1 rows,,true,"Argument of type '{ name: Identifier | PrivateIdentifier | StringLiteral | NumericLiteral | ComputedPropertyName; questionToken: PunctuationToken<...> | undefined; modifiers: Modifier[] | undefined; }' is not assignable to parameter of type 'SignatureToSignatureDeclarationOptions' with 'exactOptionalPropertyTypes: true'. Consider adding 'undefined' to the types of the target's properties.
  Types of property 'modifiers' are incompatible.
    Type 'Modifier[] | undefined' is not assignable to type 'readonly Modifier[]'.
      Type 'undefined' is not assignable to type 'readonly Modifier[]'.",,scheduled,,not reached,False,"/tmp/stricter-indexed-all-typescript/src/compiler/sys.ts:1502:51: stage 0 can't lower a namespace read before runtime initialization, directly or through a reachable call; move that read or call after the namespace declaration yet",,False
D037,src/compiler/checker.ts,12034,30,TS18048,'file' is possibly 'undefined'.,2,,createTypeChecker.getFlowTypeFromCommonJSExport,12022,noUncheckedIndexedAccess,indexed-presence,file.endFlowNode,"Unchecked element/index-signature read contributes undefined, directly or through a local/result.","Adapted source: reference.flowNode = file.endFlowNode;
2026-10-08 project-input stock option ablation removes this exact row: noUncheckedIndexedAccess.",,noUncheckedIndexedAccess,not assessed: no class 1 rows,,true,'file' is possibly 'undefined'.,,scheduled,,not reached,False,"/tmp/stricter-indexed-all-typescript/src/compiler/sys.ts:1502:51: stage 0 can't lower a namespace read before runtime initialization, directly or through a reachable call; move that read or call after the namespace declaration yet",,False
D053,src/compiler/checker.ts,17890,21,TS2412,"Type 'NamedTupleMember | ParameterDeclaration | undefined' is not assignable to type 'NamedTupleMember | ParameterDeclaration' with 'exactOptionalPropertyTypes: true'. Consider adding 'undefined' to the type of the target.
  Type 'undefined' is not assignable to type 'NamedTupleMember | ParameterDeclaration'.",2,,createTypeChecker.createTupleTargetType,17876,exactOptionalPropertyTypes,optional-presence,property.links,Present undefined value or callable optional slot does not satisfy the exact optional target contract.,"Adapted source: property.links.tupleLabelDeclaration = namedMemberDeclarations?.[i];
2026-10-08 project-input stock option ablation removes this exact row: exactOptionalPropertyTypes.",,exactOptionalPropertyTypes,not assessed: no class 1 rows,,true,"Type 'ParameterDeclaration | NamedTupleMember | undefined' is not assignable to type 'ParameterDeclaration | NamedTupleMember' with 'exactOptionalPropertyTypes: true'. Consider adding 'undefined' to the type of the target.
  Type 'undefined' is not assignable to type 'ParameterDeclaration | NamedTupleMember'.",,scheduled,,not reached,False,"/tmp/stricter-indexed-all-typescript/src/compiler/sys.ts:1502:51: stage 0 can't lower a namespace read before runtime initialization, directly or through a reachable call; move that read or call after the namespace declaration yet",,False
D054,src/compiler/checker.ts,17946,29,TS2769,"No overload matches this call.
  The last overload gave the following error.
    Argument of type 'Type | undefined' is not assignable to parameter of type 'Type'.
      Type 'undefined' is not assignable to type 'Type'.",2,,createTypeChecker.createNormalizedTupleType,17936,noUncheckedIndexedAccess,indexed-presence,elementTypes[unionIndex],"Unchecked element/index-signature read contributes undefined, directly or through a local/result.","Adapted source: return checkCrossProductUnion(map(elementTypes, (t, i) => target.elementFlags[i]! & ElementFlags.Variadic ? t : unknownType)) ?
                    mapType(elementTypes[unionIndex], t => createNormalizedTupleType(target, replaceElement(elementTypes, unionIndex, t))) :
                    errorType;
2026-10-08 project-input stock option ablation removes this exact row: noUncheckedIndexedAccess.",,noUncheckedIndexedAccess,not assessed: no class 1 rows,,true,"No overload matches this call.
  Overload 1 of 2, '(type: Type, mapper: (t: Type) => Type, noReductions?: boolean | undefined): Type', gave the following error.
    Argument of type 'Type | undefined' is not assignable to parameter of type 'Type'.
      Type 'undefined' is not assignable to type 'Type'.
  Overload 2 of 2, '(type: Type, mapper: (t: Type) => Type | undefined, noReductions?: boolean | undefined): Type | undefined', gave the following error.
    Argument of type 'Type | undefined' is not assignable to parameter of type 'Type'.
      Type 'undefined' is not assignable to type 'Type'.",,scheduled,,not reached,False,"/tmp/stricter-indexed-all-typescript/src/compiler/sys.ts:1502:51: stage 0 can't lower a namespace read before runtime initialization, directly or through a reachable call; move that read or call after the namespace declaration yet",,False
D056,src/compiler/checker.ts,19044,25,TS2769,"No overload matches this call.
  The last overload gave the following error.
    Argument of type 'Type | undefined' is not assignable to parameter of type 'Type'.
      Type 'undefined' is not assignable to type 'Type'.",2,,createTypeChecker.getTemplateLiteralType,19040,noUncheckedIndexedAccess,indexed-presence,types[unionIndex],"Unchecked element/index-signature read contributes undefined, directly or through a local/result.","Adapted source: return checkCrossProductUnion(types) ?
                mapType(types[unionIndex], t => getTemplateLiteralType(texts, replaceElement(types, unionIndex, t))) :
                errorType;
2026-10-08 project-input stock option ablation removes this exact row: noUncheckedIndexedAccess.",,noUncheckedIndexedAccess,not assessed: no class 1 rows,,true,"No overload matches this call.
  Overload 1 of 2, '(type: Type, mapper: (t: Type) => Type, noReductions?: boolean | undefined): Type', gave the following error.
    Argument of type 'Type | undefined' is not assignable to parameter of type 'Type'.
      Type 'undefined' is not assignable to type 'Type'.
  Overload 2 of 2, '(type: Type, mapper: (t: Type) => Type | undefined, noReductions?: boolean | undefined): Type | undefined', gave the following error.
    Argument of type 'Type | undefined' is not assignable to parameter of type 'Type'.
      Type 'undefined' is not assignable to type 'Type'.",,scheduled,,not reached,False,"/tmp/stricter-indexed-all-typescript/src/compiler/sys.ts:1502:51: stage 0 can't lower a namespace read before runtime initialization, directly or through a reachable call; move that read or call after the namespace declaration yet",,False
D057,src/compiler/checker.ts,20595,32,TS2722,Cannot invoke an object which is possibly 'undefined'.,2,,createTypeChecker.getMappedType,20576,noUncheckedIndexedAccess,indexed-presence,targets[i],"Unchecked element/index-signature read contributes undefined, directly or through a local/result.","Adapted source: return targets[i]();
2026-10-08 project-input stock option ablation removes this exact row: noUncheckedIndexedAccess.",,noUncheckedIndexedAccess,not assessed: no class 1 rows,,true,Cannot invoke an object which is possibly 'undefined'.,,scheduled,,not reached,False,"/tmp/stricter-indexed-all-typescript/src/compiler/sys.ts:1502:51: stage 0 can't lower a namespace read before runtime initialization, directly or through a reachable call; move that read or call after the namespace declaration yet",,False
D058,src/compiler/checker.ts,20618,50,TS2345,"Argument of type '{ kind: TypeMapKind.Function; func: (t: Type) => Type; debugInfo: (() => string) | undefined; }' is not assignable to parameter of type 'TypeMapper'.
  Type '{ kind: TypeMapKind.Function; func: (t: Type) => Type; debugInfo: (() => string) | undefined; }' is not assignable to type '{ kind: TypeMapKind.Function; func: (t: Type) => Type; debugInfo?: () => string; }' with 'exactOptionalPropertyTypes: true'. Consider adding 'undefined' to the types of the target's properties.
    Types of property 'debugInfo' are incompatible.
      Type '(() => string) | undefined' is not assignable to type '() => string'.
        Type 'undefined' is not assignable to type '() => string'.",2,,createTypeChecker.makeFunctionTypeMapper,20617,exactOptionalPropertyTypes,optional-presence,"Debug.attachDebugPrototypeIfDebug({ kind: TypeMapKind.Function, func, debugInfo: Debug.isDebugging ? debugInfo : undefined })",Present undefined value or callable optional slot does not satisfy the exact optional target contract.,"Adapted source: return Debug.attachDebugPrototypeIfDebug({ kind: TypeMapKind.Function, func, debugInfo: Debug.isDebugging ? debugInfo : undefined });
2026-10-08 project-input stock option ablation removes this exact row: exactOptionalPropertyTypes.",,exactOptionalPropertyTypes,not assessed: no class 1 rows,,true,"Argument of type '{ kind: TypeMapKind.Function; func: (t: Type) => Type; debugInfo: (() => string) | undefined; }' is not assignable to parameter of type 'TypeMapper'.
  Type '{ kind: TypeMapKind.Function; func: (t: Type) => Type; debugInfo: (() => string) | undefined; }' is not assignable to type '{ kind: TypeMapKind.Function; func: (t: Type) => Type; debugInfo?: () => string; }' with 'exactOptionalPropertyTypes: true'. Consider adding 'undefined' to the types of the target's properties.
    Types of property 'debugInfo' are incompatible.
      Type '(() => string) | undefined' is not assignable to type '() => string'.
        Type 'undefined' is not assignable to type '() => string'.",,scheduled,,not reached,False,"/tmp/stricter-indexed-all-typescript/src/compiler/sys.ts:1502:51: stage 0 can't lower a namespace read before runtime initialization, directly or through a reachable call; move that read or call after the namespace declaration yet",,False
D059,src/compiler/checker.ts,21434,98,TS2379,"Argument of type '{ errors?: Diagnostic[] | undefined; }' is not assignable to parameter of type '{ errors?: Diagnostic[]; }' with 'exactOptionalPropertyTypes: true'. Consider adding 'undefined' to the types of the target's properties.
  Types of property 'errors' are incompatible.
    Type 'Diagnostic[] | undefined' is not assignable to type 'Diagnostic[]'.
      Type 'undefined' is not assignable to type 'Diagnostic[]'.",2,,createTypeChecker.elaborateDidYouMeanToCallOrConstruct,21415,exactOptionalPropertyTypes,optional-presence,"checkTypeAssignableTo(source, target, node, headMessage, containingMessageChain, resultObj)",Present undefined value or callable optional slot does not satisfy the exact optional target contract.,"Adapted source: checkTypeAssignableTo(source, target, node, headMessage, containingMessageChain, resultObj);
2026-10-08 project-input stock option ablation removes this exact row: exactOptionalPropertyTypes.",,exactOptionalPropertyTypes,not assessed: no class 1 rows,,true,"Argument of type '{ errors?: Diagnostic[] | undefined; }' is not assignable to parameter of type '{ errors?: Diagnostic[]; }' with 'exactOptionalPropertyTypes: true'. Consider adding 'undefined' to the types of the target's properties.
  Types of property 'errors' are incompatible.
    Type 'Diagnostic[] | undefined' is not assignable to type 'Diagnostic[]'.
      Type 'undefined' is not assignable to type 'Diagnostic[]'.",,scheduled,,not reached,False,"/tmp/stricter-indexed-all-typescript/src/compiler/sys.ts:1502:51: stage 0 can't lower a namespace read before runtime initialization, directly or through a reachable call; move that read or call after the namespace declaration yet",,False
D060,src/compiler/checker.ts,22498,29,TS2556,A spread argument must either have a tuple type or be passed to a rest parameter.,2,,createTypeChecker.checkTypeRelatedTo.reportIncompatibleStack,22492,noUncheckedIndexedAccess,indexed-presence,reportError(...stack[0]),"Unchecked element/index-signature read contributes undefined, directly or through a local/result.","Adapted source: reportError(...stack[0]);
2026-10-08 project-input stock option ablation removes this exact row: noUncheckedIndexedAccess.",,noUncheckedIndexedAccess,not assessed: no class 1 rows,,true,A spread argument must either have a tuple type or be passed to a rest parameter.,,scheduled,,not reached,False,"/tmp/stricter-indexed-all-typescript/src/compiler/sys.ts:1502:51: stage 0 can't lower a namespace read before runtime initialization, directly or through a reachable call; move that read or call after the namespace declaration yet",,False
D061,src/compiler/checker.ts,22498,32,TS2488,"Type '[message: DiagnosticMessage, ...args: (string | number | boolean | readonly string[] | SourceFile | undefined)[]] | undefined' must have a '[Symbol.iterator]()' method that returns an iterator.",2,,createTypeChecker.checkTypeRelatedTo.reportIncompatibleStack,22492,noUncheckedIndexedAccess,indexed-presence,stack[0],"Unchecked element/index-signature read contributes undefined, directly or through a local/result.","Adapted source: reportError(...stack[0]);
2026-10-08 project-input stock option ablation removes this exact row: noUncheckedIndexedAccess.",,noUncheckedIndexedAccess,not assessed: no class 1 rows,,true,"Type '[message: DiagnosticMessage, ...args: (string | number | boolean | readonly string[] | SourceFile | undefined)[]] | undefined' must have a '[Symbol.iterator]()' method that returns an iterator.",,scheduled,,not reached,False,"/tmp/stricter-indexed-all-typescript/src/compiler/sys.ts:1502:51: stage 0 can't lower a namespace read before runtime initialization, directly or through a reachable call; move that read or call after the namespace declaration yet",,False
D067,src/compiler/checker.ts,38430,64,TS2345,"Argument of type 'ElementFlags | undefined' is not assignable to parameter of type 'ElementFlags'.
  Type 'undefined' is not assignable to type 'ElementFlags'.",2,,createTypeChecker.getParameterNameAtPosition,38418,noUncheckedIndexedAccess,indexed-presence,"getTupleElementLabel(associatedName, index, elementFlags, restParameter)","Unchecked element/index-signature read contributes undefined, directly or through a local/result.","Adapted source: return getTupleElementLabel(associatedName, index, elementFlags, restParameter);
2026-10-08 project-input stock option ablation removes this exact row: noUncheckedIndexedAccess.",,noUncheckedIndexedAccess,not assessed: no class 1 rows,,true,"Argument of type 'ElementFlags | undefined' is not assignable to parameter of type 'ElementFlags'.
  Type 'undefined' is not assignable to type 'ElementFlags'.",,scheduled,,not reached,False,"/tmp/stricter-indexed-all-typescript/src/compiler/sys.ts:1502:51: stage 0 can't lower a namespace read before runtime initialization, directly or through a reachable call; move that read or call after the namespace declaration yet",,False
D068,src/compiler/checker.ts,42849,65,TS2345,"Argument of type 'TypeParameter | undefined' is not assignable to parameter of type 'TypeParameter'.
  Type 'undefined' is not assignable to type 'TypeParameter'.",2,,createTypeChecker.getTypeArgumentConstraint,42802,noUncheckedIndexedAccess,indexed-presence,getConstraintOfTypeParameter(relevantTypeParameter),"Unchecked element/index-signature read contributes undefined, directly or through a local/result.","Adapted source: constraint = getConstraintOfTypeParameter(relevantTypeParameter)
2026-10-08 project-input stock option ablation removes this exact row: noUncheckedIndexedAccess.",,noUncheckedIndexedAccess,not assessed: no class 1 rows,,true,"Argument of type 'TypeParameter | undefined' is not assignable to parameter of type 'TypeParameter'.
  Type 'undefined' is not assignable to type 'TypeParameter'.",,scheduled,,not reached,False,"/tmp/stricter-indexed-all-typescript/src/compiler/sys.ts:1502:51: stage 0 can't lower a namespace read before runtime initialization, directly or through a reachable call; move that read or call after the namespace declaration yet",,False
D069,src/compiler/checker.ts,43517,20,TS2412,"Type 'Type | undefined' is not assignable to type 'Type' with 'exactOptionalPropertyTypes: true'. Consider adding 'undefined' to the type of the target.
  Type 'undefined' is not assignable to type 'Type'.",2,,createTypeChecker.getPromisedTypeOfPromise,43496,noUncheckedIndexedAccess,indexed-presence,typeAsPromise.promisedTypeOfPromise,"Unchecked element/index-signature read contributes undefined, directly or through a local/result.","Adapted source: return typeAsPromise.promisedTypeOfPromise = getTypeArguments(type as GenericType)[0];
2026-10-08 project-input stock option ablation removes this exact row: noUncheckedIndexedAccess;exactOptionalPropertyTypes. Indexed-read primary attribution; exact optional assignment is the second contributing constraint.",,noUncheckedIndexedAccess;exactOptionalPropertyTypes,not assessed: no class 1 rows,,true,"Type 'Type | undefined' is not assignable to type 'Type' with 'exactOptionalPropertyTypes: true'. Consider adding 'undefined' to the type of the target.
  Type 'undefined' is not assignable to type 'Type'.",,scheduled,,not reached,False,"/tmp/stricter-indexed-all-typescript/src/compiler/sys.ts:1502:51: stage 0 can't lower a namespace read before runtime initialization, directly or through a reachable call; move that read or call after the namespace declaration yet",,False
D070,src/compiler/checker.ts,43740,86,TS2379,"Argument of type '{ value: Type | undefined; }' is not assignable to parameter of type '{ value?: Type; }' with 'exactOptionalPropertyTypes: true'. Consider adding 'undefined' to the types of the target's properties.
  Types of property 'value' are incompatible.
    Type 'Type | undefined' is not assignable to type 'Type'.
      Type 'undefined' is not assignable to type 'Type'.",2,,createTypeChecker.getAwaitedTypeNoAlias,43700,exactOptionalPropertyTypes,optional-presence,"getPromisedTypeOfPromise(type, /*errorNode*/ undefined, thisTypeForErrorOut)",Present undefined value or callable optional slot does not satisfy the exact optional target contract.,"Adapted source: promisedType = getPromisedTypeOfPromise(type, /*errorNode*/ undefined, thisTypeForErrorOut)
2026-10-08 project-input stock option ablation removes this exact row: exactOptionalPropertyTypes.",,exactOptionalPropertyTypes,not assessed: no class 1 rows,,true,"Argument of type '{ value: Type | undefined; }' is not assignable to parameter of type '{ value?: Type; }' with 'exactOptionalPropertyTypes: true'. Consider adding 'undefined' to the types of the target's properties.
  Types of property 'value' are incompatible.
    Type 'Type | undefined' is not assignable to type 'Type'.
      Type 'undefined' is not assignable to type 'Type'.",,scheduled,,not reached,False,"/tmp/stricter-indexed-all-typescript/src/compiler/sys.ts:1502:51: stage 0 can't lower a namespace read before runtime initialization, directly or through a reachable call; move that read or call after the namespace declaration yet",,False
D071,src/compiler/checker.ts,46114,128,TS2345,"Argument of type 'Type | undefined' is not assignable to parameter of type 'Type'.
  Type 'undefined' is not assignable to type 'Type'.",2,,createTypeChecker.getIterationTypesOfIterableFast,46100,noUncheckedIndexedAccess,indexed-presence,"resolver.resolveIterationType(yieldType, /*errorNode*/ undefined)","Unchecked element/index-signature read contributes undefined, directly or through a local/result.","Adapted source: return setCachedIterationTypes(type, resolver.iterableCacheKey, createIterationTypes(resolver.resolveIterationType(yieldType, /*errorNode*/ undefined) || yieldType, resolver.resolveIterationType(returnType, /*errorNode*/ undefined) || returnType, nextType));
2026-10-08 project-input stock option ablation removes this exact row: noUncheckedIndexedAccess.",,noUncheckedIndexedAccess,not assessed: no class 1 rows,,true,"Argument of type 'Type | undefined' is not assignable to parameter of type 'Type'.
  Type 'undefined' is not assignable to type 'Type'.",,scheduled,,not reached,False,"/tmp/stricter-indexed-all-typescript/src/compiler/sys.ts:1502:51: stage 0 can't lower a namespace read before runtime initialization, directly or through a reachable call; move that read or call after the namespace declaration yet",,False
D072,src/compiler/checker.ts,46114,208,TS2345,"Argument of type 'Type | undefined' is not assignable to parameter of type 'Type'.
  Type 'undefined' is not assignable to type 'Type'.",2,,createTypeChecker.getIterationTypesOfIterableFast,46100,noUncheckedIndexedAccess,indexed-presence,"resolver.resolveIterationType(returnType, /*errorNode*/ undefined)","Unchecked element/index-signature read contributes undefined, directly or through a local/result.","Adapted source: return setCachedIterationTypes(type, resolver.iterableCacheKey, createIterationTypes(resolver.resolveIterationType(yieldType, /*errorNode*/ undefined) || yieldType, resolver.resolveIterationType(returnType, /*errorNode*/ undefined) || returnType, nextType));
2026-10-08 project-input stock option ablation removes this exact row: noUncheckedIndexedAccess.",,noUncheckedIndexedAccess,not assessed: no class 1 rows,,true,"Argument of type 'Type | undefined' is not assignable to parameter of type 'Type'.
  Type 'undefined' is not assignable to type 'Type'.",,scheduled,,not reached,False,"/tmp/stricter-indexed-all-typescript/src/compiler/sys.ts:1502:51: stage 0 can't lower a namespace read before runtime initialization, directly or through a reachable call; move that read or call after the namespace declaration yet",,False
D073,src/compiler/checker.ts,46128,128,TS2345,"Argument of type 'Type | undefined' is not assignable to parameter of type 'Type'.
  Type 'undefined' is not assignable to type 'Type'.",2,,createTypeChecker.getIterationTypesOfIterableFast,46100,noUncheckedIndexedAccess,indexed-presence,"resolver.resolveIterationType(yieldType, /*errorNode*/ undefined)","Unchecked element/index-signature read contributes undefined, directly or through a local/result.","Adapted source: return setCachedIterationTypes(type, resolver.iterableCacheKey, createIterationTypes(resolver.resolveIterationType(yieldType, /*errorNode*/ undefined) || yieldType, resolver.resolveIterationType(returnType, /*errorNode*/ undefined) || returnType, nextType));
2026-10-08 project-input stock option ablation removes this exact row: noUncheckedIndexedAccess.",,noUncheckedIndexedAccess,not assessed: no class 1 rows,,true,"Argument of type 'Type | undefined' is not assignable to parameter of type 'Type'.
  Type 'undefined' is not assignable to type 'Type'.",,scheduled,,not reached,False,"/tmp/stricter-indexed-all-typescript/src/compiler/sys.ts:1502:51: stage 0 can't lower a namespace read before runtime initialization, directly or through a reachable call; move that read or call after the namespace declaration yet",,False
D074,src/compiler/checker.ts,46159,176,TS2345,"Argument of type 'ErrorOutputContainer | undefined' is not assignable to parameter of type '{ errors?: Diagnostic[]; } | undefined'.
  Type 'ErrorOutputContainer' is not assignable to type '{ errors?: Diagnostic[]; }' with 'exactOptionalPropertyTypes: true'. Consider adding 'undefined' to the types of the target's properties.
    Types of property 'errors' are incompatible.
      Type 'Diagnostic[] | undefined' is not assignable to type 'Diagnostic[]'.
        Type 'undefined' is not assignable to type 'Diagnostic[]'.",2,,createTypeChecker.getIterationTypesOfIterableSlow,46148,exactOptionalPropertyTypes,optional-presence,"checkTypeAssignableTo(type, resolver.getGlobalIterableType(/*reportErrors*/ true), errorNode, /*headMessage*/ undefined, /*containingMessageChain*/ undefined, errorOutputContainer)",Present undefined value or callable optional slot does not satisfy the exact optional target contract.,"Adapted source: checkTypeAssignableTo(type, resolver.getGlobalIterableType(/*reportErrors*/ true), errorNode, /*headMessage*/ undefined, /*containingMessageChain*/ undefined, errorOutputContainer);
2026-10-08 project-input stock option ablation removes this exact row: exactOptionalPropertyTypes.",,exactOptionalPropertyTypes,not assessed: no class 1 rows,,true,"Argument of type 'ErrorOutputContainer | undefined' is not assignable to parameter of type '{ errors?: Diagnostic[]; } | undefined'.
  Type 'ErrorOutputContainer' is not assignable to type '{ errors?: Diagnostic[]; }' with 'exactOptionalPropertyTypes: true'. Consider adding 'undefined' to the types of the target's properties.
    Types of property 'errors' are incompatible.
      Type 'Diagnostic[] | undefined' is not assignable to type 'Diagnostic[]'.
        Type 'undefined' is not assignable to type 'Diagnostic[]'.",,scheduled,,not reached,False,"/tmp/stricter-indexed-all-typescript/src/compiler/sys.ts:1502:51: stage 0 can't lower a namespace read before runtime initialization, directly or through a reachable call; move that read or call after the namespace declaration yet",,False
D077,src/compiler/checker.ts,50153,121,TS2532,Object is possibly 'undefined'.,2,,createTypeChecker.getApplicableIndexSymbol,50133,noUncheckedIndexedAccess,indexed-presence,copy.declarations,"Unchecked element/index-signature read contributes undefined, directly or through a local/result.","Adapted source: copy.parent = type.aliasSymbol ? type.aliasSymbol : type.symbol ? type.symbol : getSymbolAtLocation(copy.declarations[0].parent);
2026-10-08 project-input stock option ablation removes this exact row: noUncheckedIndexedAccess.",,noUncheckedIndexedAccess,not assessed: no class 1 rows,,true,Object is possibly 'undefined'.,,scheduled,,not reached,False,"/tmp/stricter-indexed-all-typescript/src/compiler/sys.ts:1502:51: stage 0 can't lower a namespace read before runtime initialization, directly or through a reachable call; move that read or call after the namespace declaration yet",,False
D082,src/compiler/checker.ts,52426,13,TS18048,'parameter' is possibly 'undefined'.,2,,createTypeChecker.checkGrammarIndexSignatureParameters,52415,noUncheckedIndexedAccess,indexed-presence,parameter.dotDotDotToken,"Unchecked element/index-signature read contributes undefined, directly or through a local/result.","Adapted source: if (parameter.dotDotDotToken) {
            return grammarErrorOnNode(parameter.dotDotDotToken, Diagnostics.An_index_signature_cannot_have_a_rest_parameter);
        }
2026-10-08 project-input stock option ablation removes this exact row: noUncheckedIndexedAccess.",,noUncheckedIndexedAccess,not assessed: no class 1 rows,,true,'parameter' is possibly 'undefined'.,,scheduled,,not reached,False,"/tmp/stricter-indexed-all-typescript/src/compiler/sys.ts:1502:51: stage 0 can't lower a namespace read before runtime initialization, directly or through a reachable call; move that read or call after the namespace declaration yet",,False
D083,src/compiler/checker.ts,52427,39,TS18048,'parameter' is possibly 'undefined'.,2,,createTypeChecker.checkGrammarIndexSignatureParameters,52415,noUncheckedIndexedAccess,indexed-presence,parameter.dotDotDotToken,"Unchecked element/index-signature read contributes undefined, directly or through a local/result.","Adapted source: return grammarErrorOnNode(parameter.dotDotDotToken, Diagnostics.An_index_signature_cannot_have_a_rest_parameter);
2026-10-08 project-input stock option ablation removes this exact row: noUncheckedIndexedAccess.",,noUncheckedIndexedAccess,not assessed: no class 1 rows,,true,'parameter' is possibly 'undefined'.,,scheduled,,not reached,False,"/tmp/stricter-indexed-all-typescript/src/compiler/sys.ts:1502:51: stage 0 can't lower a namespace read before runtime initialization, directly or through a reachable call; move that read or call after the namespace declaration yet",,False
D084,src/compiler/checker.ts,52429,35,TS2345,"Argument of type 'ParameterDeclaration | undefined' is not assignable to parameter of type 'Node'.
  Type 'undefined' is not assignable to type 'Node'.",2,,createTypeChecker.checkGrammarIndexSignatureParameters,52415,noUncheckedIndexedAccess,indexed-presence,hasEffectiveModifiers(parameter),"Unchecked element/index-signature read contributes undefined, directly or through a local/result.","Adapted source: if (hasEffectiveModifiers(parameter)) {
            return grammarErrorOnNode(parameter.name, Diagnostics.An_index_signature_parameter_cannot_have_an_accessibility_modifier);
        }
2026-10-08 project-input stock option ablation removes this exact row: noUncheckedIndexedAccess.",,noUncheckedIndexedAccess,not assessed: no class 1 rows,,true,"Argument of type 'ParameterDeclaration | undefined' is not assignable to parameter of type 'Node'.
  Type 'undefined' is not assignable to type 'Node'.",,scheduled,,not reached,False,"/tmp/stricter-indexed-all-typescript/src/compiler/sys.ts:1502:51: stage 0 can't lower a namespace read before runtime initialization, directly or through a reachable call; move that read or call after the namespace declaration yet",,False
D085,src/compiler/checker.ts,52430,39,TS18048,'parameter' is possibly 'undefined'.,2,,createTypeChecker.checkGrammarIndexSignatureParameters,52415,noUncheckedIndexedAccess,indexed-presence,parameter.name,"Unchecked element/index-signature read contributes undefined, directly or through a local/result.","Adapted source: return grammarErrorOnNode(parameter.name, Diagnostics.An_index_signature_parameter_cannot_have_an_accessibility_modifier);
2026-10-08 project-input stock option ablation removes this exact row: noUncheckedIndexedAccess.",,noUncheckedIndexedAccess,not assessed: no class 1 rows,,true,'parameter' is possibly 'undefined'.,,scheduled,,not reached,False,"/tmp/stricter-indexed-all-typescript/src/compiler/sys.ts:1502:51: stage 0 can't lower a namespace read before runtime initialization, directly or through a reachable call; move that read or call after the namespace declaration yet",,False
D086,src/compiler/checker.ts,52432,13,TS18048,'parameter' is possibly 'undefined'.,2,,createTypeChecker.checkGrammarIndexSignatureParameters,52415,noUncheckedIndexedAccess,indexed-presence,parameter.questionToken,"Unchecked element/index-signature read contributes undefined, directly or through a local/result.","Adapted source: if (parameter.questionToken) {
            return grammarErrorOnNode(parameter.questionToken, Diagnostics.An_index_signature_parameter_cannot_have_a_question_mark);
        }
2026-10-08 project-input stock option ablation removes this exact row: noUncheckedIndexedAccess.",,noUncheckedIndexedAccess,not assessed: no class 1 rows,,true,'parameter' is possibly 'undefined'.,,scheduled,,not reached,False,"/tmp/stricter-indexed-all-typescript/src/compiler/sys.ts:1502:51: stage 0 can't lower a namespace read before runtime initialization, directly or through a reachable call; move that read or call after the namespace declaration yet",,False
D087,src/compiler/checker.ts,52433,39,TS18048,'parameter' is possibly 'undefined'.,2,,createTypeChecker.checkGrammarIndexSignatureParameters,52415,noUncheckedIndexedAccess,indexed-presence,parameter.questionToken,"Unchecked element/index-signature read contributes undefined, directly or through a local/result.","Adapted source: return grammarErrorOnNode(parameter.questionToken, Diagnostics.An_index_signature_parameter_cannot_have_a_question_mark);
2026-10-08 project-input stock option ablation removes this exact row: noUncheckedIndexedAccess.",,noUncheckedIndexedAccess,not assessed: no class 1 rows,,true,'parameter' is possibly 'undefined'.,,scheduled,,not reached,False,"/tmp/stricter-indexed-all-typescript/src/compiler/sys.ts:1502:51: stage 0 can't lower a namespace read before runtime initialization, directly or through a reachable call; move that read or call after the namespace declaration yet",,False
D088,src/compiler/checker.ts,52435,13,TS18048,'parameter' is possibly 'undefined'.,2,,createTypeChecker.checkGrammarIndexSignatureParameters,52415,noUncheckedIndexedAccess,indexed-presence,parameter.initializer,"Unchecked element/index-signature read contributes undefined, directly or through a local/result.","Adapted source: if (parameter.initializer) {
            return grammarErrorOnNode(parameter.name, Diagnostics.An_index_signature_parameter_cannot_have_an_initializer);
        }
2026-10-08 project-input stock option ablation removes this exact row: noUncheckedIndexedAccess.",,noUncheckedIndexedAccess,not assessed: no class 1 rows,,true,'parameter' is possibly 'undefined'.,,scheduled,,not reached,False,"/tmp/stricter-indexed-all-typescript/src/compiler/sys.ts:1502:51: stage 0 can't lower a namespace read before runtime initialization, directly or through a reachable call; move that read or call after the namespace declaration yet",,False
D089,src/compiler/checker.ts,52436,39,TS18048,'parameter' is possibly 'undefined'.,2,,createTypeChecker.checkGrammarIndexSignatureParameters,52415,noUncheckedIndexedAccess,indexed-presence,parameter.name,"Unchecked element/index-signature read contributes undefined, directly or through a local/result.","Adapted source: return grammarErrorOnNode(parameter.name, Diagnostics.An_index_signature_parameter_cannot_have_an_initializer);
2026-10-08 project-input stock option ablation removes this exact row: noUncheckedIndexedAccess.",,noUncheckedIndexedAccess,not assessed: no class 1 rows,,true,'parameter' is possibly 'undefined'.,,scheduled,,not reached,False,"/tmp/stricter-indexed-all-typescript/src/compiler/sys.ts:1502:51: stage 0 can't lower a namespace read before runtime initialization, directly or through a reachable call; move that read or call after the namespace declaration yet",,False
D090,src/compiler/checker.ts,52438,14,TS18048,'parameter' is possibly 'undefined'.,2,,createTypeChecker.checkGrammarIndexSignatureParameters,52415,noUncheckedIndexedAccess,indexed-presence,parameter.type,"Unchecked element/index-signature read contributes undefined, directly or through a local/result.","Adapted source: if (!parameter.type) {
            return grammarErrorOnNode(parameter.name, Diagnostics.An_index_signature_parameter_must_have_a_type_annotation);
        }
2026-10-08 project-input stock option ablation removes this exact row: noUncheckedIndexedAccess.",,noUncheckedIndexedAccess,not assessed: no class 1 rows,,true,'parameter' is possibly 'undefined'.,,scheduled,,not reached,False,"/tmp/stricter-indexed-all-typescript/src/compiler/sys.ts:1502:51: stage 0 can't lower a namespace read before runtime initialization, directly or through a reachable call; move that read or call after the namespace declaration yet",,False
D091,src/compiler/checker.ts,52439,39,TS18048,'parameter' is possibly 'undefined'.,2,,createTypeChecker.checkGrammarIndexSignatureParameters,52415,noUncheckedIndexedAccess,indexed-presence,parameter.name,"Unchecked element/index-signature read contributes undefined, directly or through a local/result.","Adapted source: return grammarErrorOnNode(parameter.name, Diagnostics.An_index_signature_parameter_must_have_a_type_annotation);
2026-10-08 project-input stock option ablation removes this exact row: noUncheckedIndexedAccess.",,noUncheckedIndexedAccess,not assessed: no class 1 rows,,true,'parameter' is possibly 'undefined'.,,scheduled,,not reached,False,"/tmp/stricter-indexed-all-typescript/src/compiler/sys.ts:1502:51: stage 0 can't lower a namespace read before runtime initialization, directly or through a reachable call; move that read or call after the namespace declaration yet",,False
D092,src/compiler/checker.ts,52441,42,TS18048,'parameter' is possibly 'undefined'.,2,,createTypeChecker.checkGrammarIndexSignatureParameters,52415,noUncheckedIndexedAccess,indexed-presence,parameter.type,"Unchecked element/index-signature read contributes undefined, directly or through a local/result.","Adapted source: type = getTypeFromTypeNode(parameter.type)
2026-10-08 project-input stock option ablation removes this exact row: noUncheckedIndexedAccess.",,noUncheckedIndexedAccess,not assessed: no class 1 rows,,true,'parameter' is possibly 'undefined'.,,scheduled,,not reached,False,"/tmp/stricter-indexed-all-typescript/src/compiler/sys.ts:1502:51: stage 0 can't lower a namespace read before runtime initialization, directly or through a reachable call; move that read or call after the namespace declaration yet",,False
D093,src/compiler/checker.ts,52443,39,TS18048,'parameter' is possibly 'undefined'.,2,,createTypeChecker.checkGrammarIndexSignatureParameters,52415,noUncheckedIndexedAccess,indexed-presence,parameter.name,"Unchecked element/index-signature read contributes undefined, directly or through a local/result.","Adapted source: return grammarErrorOnNode(parameter.name, Diagnostics.An_index_signature_parameter_type_cannot_be_a_literal_type_or_generic_type_Consider_using_a_mapped_object_type_instead);
2026-10-08 project-input stock option ablation removes this exact row: noUncheckedIndexedAccess.",,noUncheckedIndexedAccess,not assessed: no class 1 rows,,true,'parameter' is possibly 'undefined'.,,scheduled,,not reached,False,"/tmp/stricter-indexed-all-typescript/src/compiler/sys.ts:1502:51: stage 0 can't lower a namespace read before runtime initialization, directly or through a reachable call; move that read or call after the namespace declaration yet",,False
D094,src/compiler/checker.ts,52446,39,TS18048,'parameter' is possibly 'undefined'.,2,,createTypeChecker.checkGrammarIndexSignatureParameters,52415,noUncheckedIndexedAccess,indexed-presence,parameter.name,"Unchecked element/index-signature read contributes undefined, directly or through a local/result.","Adapted source: return grammarErrorOnNode(parameter.name, Diagnostics.An_index_signature_parameter_type_must_be_string_number_symbol_or_a_template_literal_type);
2026-10-08 project-input stock option ablation removes this exact row: noUncheckedIndexedAccess.",,noUncheckedIndexedAccess,not assessed: no class 1 rows,,true,'parameter' is possibly 'undefined'.,,scheduled,,not reached,False,"/tmp/stricter-indexed-all-typescript/src/compiler/sys.ts:1502:51: stage 0 can't lower a namespace read before runtime initialization, directly or through a reachable call; move that read or call after the namespace declaration yet",,False
D096,src/compiler/checker.ts,54261,5,TS2375,"Type '{ getCommonSourceDirectory: () => string; getCurrentDirectory: () => string; getSymlinkCache: (() => SymlinkCache) | undefined; getPackageJsonInfoCache: () => PackageJsonInfoCache | undefined; ... 9 more ...; getGlobalTypingsCacheLocation: ... | undefined; }' is not assignable to type 'ModuleSpecifierResolutionHost' with 'exactOptionalPropertyTypes: true'. Consider adding 'undefined' to the types of the target's properties.
  Types of property 'readFile' are incompatible.
    Type '((fileName: string) => string | undefined) | undefined' is not assignable to type '(path: string) => string | undefined'.
      Type 'undefined' is not assignable to type '(path: string) => string | undefined'.",2,,createBasicNodeBuilderModuleSpecifierResolutionHost,54260,exactOptionalPropertyTypes,optional-presence,return,Present undefined value or callable optional slot does not satisfy the exact optional target contract.,"Adapted source: return {
        getCommonSourceDirectory: !!(host as Program).getCommonSourceDirectory ? () => (host as Program).getCommonSourceDirectory() : () => """",
        getCurrentDirectory: () => host.getCurrentDirectory(),
        getSymlinkCache: maybeBind(host, host.getSymlinkCache),
        getPackageJsonInfoCache: () => host.getPackageJsonInfoCache?.(),
        useCaseSensitiveFileNames: () => host.useCaseSensitiveFileNames(),
        redirectTargetsMap: host.redirectTargetsMap,
        getRedirectFromSourceFile: fileName => host.getRedirectFromSourceFile(fileName),
        isSourceOfProjectReferenceRedirect: fileName => host.isSourceOfProjectReferenceRedirect(fileName),
        fileExists: fileName => host.fileExists(fileName),
        getFileIncludeReasons: () => host.getFileIncludeReasons(),
        readFile: host.readFile ? (fileName => host.readFile!(fileName)) : undefined,
        getDefaultResolutionModeForFile: file => host.getDefaultResolutionModeForFile(file),
        getModeForResolutionAtIndex: (file, index) => host.getModeForResolutionAtIndex(file, index),
        getGlobalTypingsCacheLocation: maybeBind(host, host.getGlobalTypingsCacheLocation),
    };
2026-10-08 project-input stock option ablation removes this exact row: exactOptionalPropertyTypes.",,exactOptionalPropertyTypes,not assessed: no class 1 rows,,true,"Type '{ getCommonSourceDirectory: () => string; getCurrentDirectory: () => string; getSymlinkCache: (() => SymlinkCache) | undefined; getPackageJsonInfoCache: () => PackageJsonInfoCache | undefined; ... 9 more ...; getGlobalTypingsCacheLocation: (() => string | undefined) | undefined; }' is not assignable to type 'ModuleSpecifierResolutionHost' with 'exactOptionalPropertyTypes: true'. Consider adding 'undefined' to the types of the target's properties.
  Types of property 'readFile' are incompatible.
    Type '((fileName: string) => string | undefined) | undefined' is not assignable to type '(path: string) => string | undefined'.
      Type 'undefined' is not assignable to type '(path: string) => string | undefined'.",,scheduled,,not reached,False,"/tmp/stricter-indexed-all-typescript/src/compiler/sys.ts:1502:51: stage 0 can't lower a namespace read before runtime initialization, directly or through a reachable call; move that read or call after the namespace declaration yet",,False
D097,src/compiler/checker.ts,54329,7,TS2420,"Class 'SymbolTrackerImpl' incorrectly implements interface 'SymbolTracker'.
  Types of property 'moduleResolverHost' are incompatible.
    Type '(ModuleSpecifierResolutionHost & { getCommonSourceDirectory(): string; }) | undefined' is not assignable to type 'ModuleSpecifierResolutionHost & { getCommonSourceDirectory(): string; }'.
      Type 'undefined' is not assignable to type 'ModuleSpecifierResolutionHost & { getCommonSourceDirectory(): string; }'.
        Type 'undefined' is not assignable to type 'ModuleSpecifierResolutionHost'.",2,,SymbolTrackerImpl,54329,exactOptionalPropertyTypes,optional-presence,SymbolTrackerImpl,Present undefined value or callable optional slot does not satisfy the exact optional target contract.,"Adapted source: class SymbolTrackerImpl implements SymbolTracker {
    moduleResolverHost: ModuleSpecifierResolutionHost & { getCommonSourceDirectory(): string; } | undefined = undefined;
    context: NodeBuilderContext;

    readonly inner: SymbolTracker | undefined = undefined;
    readonly canTrackSymbol: boolean;
    disableTrackSymbol = false;

    constructor(context: NodeBuilderContext, tracker: SymbolTracker | undefined, moduleResolverHost: ModuleSpecifierResolutionHost & { getCommonSourceDirectory(): string; } | undefined) {
        while (tracker instanceof SymbolTrackerImpl) {
            tracker = tracker.inner;
        }

        this.inner = tracker;
        this.moduleResolverHost = moduleResolverHost;
        this.context = context;
        this.canTrackSymbol = !!this.inner?.trackSymbol;
    }

    trackSymbol(symbol: Symbol, enclosingDeclaration: Node | undefined, meaning: SymbolFlags): boolean {
        if (this.inner?.trackSymbol && !this.disableTrackSymbol) {
            if (this.inner.trackSymbol(symbol, enclosingDeclaration, meaning)) {
                this.onDiagnosticReported();
                return true;
            }
            // Skip recording type parameters as they dont contribute to late painted statements
            if (!(symbol.flags & SymbolFlags.TypeParameter)) (this.context.trackedSymbols ??= []).push([symbol, enclosingDeclaration, meaning]);
        }
        return false;
    }

    reportInaccessibleThisError(): void {
        if (this.inner?.reportInaccessibleThisError) {
            this.onDiagnosticReported();
            this.inner.reportInaccessibleThisError();
        }
    }

    reportPrivateInBaseOfClassExpression(propertyName: string): void {
        if (this.inner?.reportPrivateInBaseOfClassExpression) {
            this.onDiagnosticReported();
            this.inner.reportPrivateInBaseOfClassExpression(propertyName);
        }
    }

    reportInaccessibleUniqueSymbolError(): void {
        if (this.inner?.reportInaccessibleUniqueSymbolError) {
            this.onDiagnosticReported();
            this.inner.reportInaccessibleUniqueSymbolError();
        }
    }

    reportCyclicStructureError(): void {
        if (this.inner?.reportCyclicStructureError) {
            this.onDiagnosticReported();
            this.inner.reportCyclicStructureError();
        }
    }

    reportLikelyUnsafeImportRequiredError(specifier: string, symbolName: string | undefined): void {
        if (this.inner?.reportLikelyUnsafeImportRequiredError) {
            this.onDiagnosticReported();
            this.inner.reportLikelyUnsafeImportRequiredError(specifier, symbolName);
        }
    }

    reportTruncationError(): void {
        if (this.inner?.reportTruncationError) {
            this.onDiagnosticReported();
            this.inner.reportTruncationError();
        }
    }

    reportNonlocalAugmentation(containingFile: SourceFile, parentSymbol: Symbol, augmentingSymbol: Symbol): void {
        if (this.inner?.reportNonlocalAugmentation) {
            this.onDiagnosticReported();
            this.inner.reportNonlocalAugmentation(containingFile, parentSymbol, augmentingSymbol);
        }
    }

    reportNonSerializableProperty(propertyName: string): void {
        if (this.inner?.reportNonSerializableProperty) {
            this.onDiagnosticReported();
            this.inner.reportNonSerializableProperty(propertyName);
        }
    }

    private onDiagnosticReported() {
        this.context.reportedDiagnostic = true;
    }

    reportInferenceFallback(node: Node): void {
        if (this.inner?.reportInferenceFallback && !this.context.suppressReportInferenceFallback) {
            this.onDiagnosticReported();
            this.inner.reportInferenceFallback(node);
        }
    }

    pushErrorFallbackNode(node: Declaration | undefined): void {
        return this.inner?.pushErrorFallbackNode?.(node);
    }

    popErrorFallbackNode(): void {
        return this.inner?.popErrorFallbackNode?.();
    }
}
2026-10-08 project-input stock option ablation removes this exact row: exactOptionalPropertyTypes.",,exactOptionalPropertyTypes,not assessed: no class 1 rows,,true,"Class 'SymbolTrackerImpl' incorrectly implements interface 'SymbolTracker'.
  Types of property 'moduleResolverHost' are incompatible.
    Type '(ModuleSpecifierResolutionHost & { getCommonSourceDirectory(): string; }) | undefined' is not assignable to type 'ModuleSpecifierResolutionHost & { getCommonSourceDirectory(): string; }'.
      Type 'undefined' is not assignable to type 'ModuleSpecifierResolutionHost & { getCommonSourceDirectory(): string; }'.
        Type 'undefined' is not assignable to type 'ModuleSpecifierResolutionHost'.",,scheduled,,not reached,False,"/tmp/stricter-indexed-all-typescript/src/compiler/sys.ts:1502:51: stage 0 can't lower a namespace read before runtime initialization, directly or through a reachable call; move that read or call after the namespace declaration yet",,False
D107,src/compiler/commandLineParser.ts,2077,79,TS2345,"Argument of type 'string | undefined' is not assignable to parameter of type 'string'.
  Type 'undefined' is not assignable to type 'string'.",2,,parseOptionValue,2039,noUncheckedIndexedAccess,indexed-presence,args[i],"Unchecked element/index-signature read contributes undefined, directly or through a local/result.","Adapted source: options[opt.name] = validateJsonOptionValue(opt, parseInt(args[i]), errors);
2026-10-08 project-input stock option ablation removes this exact row: noUncheckedIndexedAccess.",,noUncheckedIndexedAccess,not assessed: no class 1 rows,,true,"Argument of type 'string | undefined' is not assignable to parameter of type 'string'.
  Type 'undefined' is not assignable to type 'string'.",,scheduled,,not reached,False,"/tmp/stricter-indexed-all-typescript/src/compiler/sys.ts:1502:51: stage 0 can't lower a namespace read before runtime initialization, directly or through a reachable call; move that read or call after the namespace declaration yet",,False
D108,src/compiler/commandLineParser.ts,2301,91,TS18046,'e' is of type 'unknown'.,2,,tryReadFile,2295,useUnknownInCatchVariables,catch-error,e.message,Catch binding is unknown; member access or returned error requires a narrower type.,"Adapted source: return createCompilerDiagnostic(Diagnostics.Cannot_read_file_0_Colon_1, fileName, e.message);
2026-10-08 project-input stock option ablation removes this exact row: useUnknownInCatchVariables.",,useUnknownInCatchVariables,not assessed: no class 1 rows,,true,'e' is of type 'unknown'.,,refused,no use-site guard contract supports this diagnostic: /tmp/stricter-indexed-all-typescript/src/compiler/commandLineParser.ts:2301:91: error TS18046: 'e' is of type 'unknown'.,not reached,False,"/tmp/stricter-indexed-all-typescript/src/compiler/sys.ts:1502:51: stage 0 can't lower a namespace read before runtime initialization, directly or through a reachable call; move that read or call after the namespace declaration yet",checker diagnostic,True
D109,src/compiler/commandLineParser.ts,2663,9,TS2375,"Type '{ showConfig: undefined; configFile: undefined; configFilePath: undefined; help: undefined; init: undefined; listFiles: undefined; listEmittedFiles: undefined; project: undefined; build: undefined; version: undefined; }' is not assignable to type 'CompilerOptions' with 'exactOptionalPropertyTypes: true'. Consider adding 'undefined' to the types of the target's properties.
  Types of property 'build' are incompatible.
    Type 'undefined' is not assignable to type 'boolean'.",2,,convertToTSConfig,2645,exactOptionalPropertyTypes,optional-presence,compilerOptions,Present undefined value or callable optional slot does not satisfy the exact optional target contract.,"Adapted source: config: TSConfig & { watchOptions?: object | undefined; } = {
        compilerOptions: {
            ...optionMapToObject(optionMap),
            showConfig: undefined,
            configFile: undefined,
            configFilePath: undefined,
            help: undefined,
            init: undefined,
            listFiles: undefined,
            listEmittedFiles: undefined,
            project: undefined,
            build: undefined,
            version: undefined,
        },
        watchOptions: watchOptionMap && optionMapToObject(watchOptionMap),
        references: map(configParseResult.projectReferences, r => ({ ...r, path: r.originalPath ? r.originalPath : """", originalPath: undefined })),
        files: length(files) ? files : undefined,
        ...(configParseResult.options.configFile?.configFileSpecs ? {
            include: filterSameAsDefaultInclude(configParseResult.options.configFile.configFileSpecs.validatedIncludeSpecs),
            exclude: configParseResult.options.configFile.configFileSpecs.validatedExcludeSpecs,
        } : {}),
        compileOnSave: !!configParseResult.compileOnSave ? true : undefined,
    }
2026-10-08 project-input stock option ablation removes this exact row: exactOptionalPropertyTypes.",,exactOptionalPropertyTypes,not assessed: no class 1 rows,,true,"Type '{ showConfig: undefined; configFile: undefined; configFilePath: undefined; help: undefined; init: undefined; listFiles: undefined; listEmittedFiles: undefined; project: undefined; build: undefined; version: undefined; }' is not assignable to type 'CompilerOptions' with 'exactOptionalPropertyTypes: true'. Consider adding 'undefined' to the types of the target's properties.
  Types of property 'build' are incompatible.
    Type 'undefined' is not assignable to type 'boolean'.",,scheduled,,not reached,False,"/tmp/stricter-indexed-all-typescript/src/compiler/sys.ts:1502:51: stage 0 can't lower a namespace read before runtime initialization, directly or through a reachable call; move that read or call after the namespace declaration yet",,False
D110,src/compiler/commandLineParser.ts,2677,9,TS2322,"Type '{ prepend?: boolean | undefined; circular?: boolean | undefined; path: string; originalPath: undefined; }[] | undefined' is not assignable to type 'readonly ProjectReference[] | undefined'.
  Type '{ prepend?: boolean | undefined; circular?: boolean | undefined; path: string; originalPath: undefined; }[]' is not assignable to type 'readonly ProjectReference[]'.
    Type '{ prepend?: boolean | undefined; circular?: boolean | undefined; path: string; originalPath: undefined; }' is not assignable to type 'ProjectReference' with 'exactOptionalPropertyTypes: true'. Consider adding 'undefined' to the types of the target's properties.
      Types of property 'originalPath' are incompatible.
        Type 'undefined' is not assignable to type 'string'.",2,,convertToTSConfig,2645,exactOptionalPropertyTypes,optional-presence,references,Present undefined value or callable optional slot does not satisfy the exact optional target contract.,"Adapted source: config: TSConfig & { watchOptions?: object | undefined; } = {
        compilerOptions: {
            ...optionMapToObject(optionMap),
            showConfig: undefined,
            configFile: undefined,
            configFilePath: undefined,
            help: undefined,
            init: undefined,
            listFiles: undefined,
            listEmittedFiles: undefined,
            project: undefined,
            build: undefined,
            version: undefined,
        },
        watchOptions: watchOptionMap && optionMapToObject(watchOptionMap),
        references: map(configParseResult.projectReferences, r => ({ ...r, path: r.originalPath ? r.originalPath : """", originalPath: undefined })),
        files: length(files) ? files : undefined,
        ...(configParseResult.options.configFile?.configFileSpecs ? {
            include: filterSameAsDefaultInclude(configParseResult.options.configFile.configFileSpecs.validatedIncludeSpecs),
            exclude: configParseResult.options.configFile.configFileSpecs.validatedExcludeSpecs,
        } : {}),
        compileOnSave: !!configParseResult.compileOnSave ? true : undefined,
    }
2026-10-08 project-input stock option ablation removes this exact row: exactOptionalPropertyTypes.",,exactOptionalPropertyTypes,not assessed: no class 1 rows,,true,"Type '{ path: string; originalPath: undefined; prepend?: boolean | undefined; circular?: boolean | undefined; }[] | undefined' is not assignable to type 'readonly ProjectReference[] | undefined'.
  Type '{ path: string; originalPath: undefined; prepend?: boolean | undefined; circular?: boolean | undefined; }[]' is not assignable to type 'readonly ProjectReference[]'.
    Type '{ path: string; originalPath: undefined; prepend?: boolean | undefined; circular?: boolean | undefined; }' is not assignable to type 'ProjectReference' with 'exactOptionalPropertyTypes: true'. Consider adding 'undefined' to the types of the target's properties.
      Types of property 'originalPath' are incompatible.
        Type 'undefined' is not assignable to type 'string'.",,scheduled,,not reached,False,"/tmp/stricter-indexed-all-typescript/src/compiler/sys.ts:1502:51: stage 0 can't lower a namespace read before runtime initialization, directly or through a reachable call; move that read or call after the namespace declaration yet",,False
D112,src/compiler/commandLineParser.ts,2952,13,TS2322,"Type 'string | undefined' is not assignable to type 'string'.
  Type 'undefined' is not assignable to type 'string'.",2,,generateTSConfig.formatValueOrArray,2942,other,json-stringify-defined,return,Adamic prelude adds JSON.stringify overload returning string | undefined; stock es2024 declares string.,"Adapted source: return formatSingleValue(value, map);
Stock tsc with the census loader declarations reports this exact site; unmodified stock declarations do not. The linked declaration witness reproduces the cause.
No individual strict-option ablation removes the row; the cause is an Adamic ambient contract.",,,not assessed: no class 1 rows,,false,"Type 'string | undefined' is not assignable to type 'string'.
  Type 'undefined' is not assignable to type 'string'.",../witnesses/json.a,scheduled,,not reached,False,"/tmp/stricter-indexed-all-typescript/src/compiler/sys.ts:1502:51: stage 0 can't lower a namespace read before runtime initialization, directly or through a reachable call; move that read or call after the namespace declaration yet",,False
D116,src/compiler/moduleNameResolver.ts,132,13,TS2375,"Type '{ name: string; subModuleName: string; version: string; peerDependencies: string | undefined; }' is not assignable to type 'PackageId' with 'exactOptionalPropertyTypes: true'. Consider adding 'undefined' to the types of the target's properties.
  Types of property 'peerDependencies' are incompatible.
    Type 'string | undefined' is not assignable to type 'string'.
      Type 'undefined' is not assignable to type 'string'.",2,,withPackageId,127,exactOptionalPropertyTypes,optional-presence,packageId,Present undefined value or callable optional slot does not satisfy the exact optional target contract.,"Adapted source: packageId = {
                name: packageJsonContent.name,
                subModuleName: r.path.slice(packageInfo.packageDirectory.length + directorySeparator.length),
                version: packageJsonContent.version,
                peerDependencies: getPeerDependenciesOfPackageJsonInfo(packageInfo, state),
            };
2026-10-08 project-input stock option ablation removes this exact row: exactOptionalPropertyTypes.",,exactOptionalPropertyTypes,not assessed: no class 1 rows,,true,"Type '{ name: string; subModuleName: string; version: string; peerDependencies: string | undefined; }' is not assignable to type 'PackageId' with 'exactOptionalPropertyTypes: true'. Consider adding 'undefined' to the types of the target's properties.
  Types of property 'peerDependencies' are incompatible.
    Type 'string | undefined' is not assignable to type 'string'.
      Type 'undefined' is not assignable to type 'string'.",,scheduled,,not reached,False,"/tmp/stricter-indexed-all-typescript/src/compiler/sys.ts:1502:51: stage 0 can't lower a namespace read before runtime initialization, directly or through a reachable call; move that read or call after the namespace declaration yet",,False
D118,src/compiler/moduleNameResolver.ts,286,9,TS2322,"Type '{ resolvedFileName: string; originalPath: string | undefined; extension: string; isExternalLibraryImport: boolean | undefined; packageId: PackageId | undefined; resolvedUsingTsExtension: boolean; } | undefined' is not assignable to type 'ResolvedModuleFull | undefined'.
  Type '{ resolvedFileName: string; originalPath: string | undefined; extension: string; isExternalLibraryImport: boolean | undefined; packageId: PackageId | undefined; resolvedUsingTsExtension: boolean; }' is not assignable to type 'ResolvedModuleFull' with 'exactOptionalPropertyTypes: true'. Consider adding 'undefined' to the types of the target's properties.
    Types of property 'originalPath' are incompatible.
      Type 'string | undefined' is not assignable to type 'string'.
        Type 'undefined' is not assignable to type 'string'.",2,,createResolvedModuleWithFailedLookupLocations,259,exactOptionalPropertyTypes,optional-presence,resolvedModule,Present undefined value or callable optional slot does not satisfy the exact optional target contract.,"Adapted source: return {
        resolvedModule: resolved && {
            resolvedFileName: resolved.path,
            originalPath: resolved.originalPath === true ? undefined : resolved.originalPath,
            extension: resolved.extension,
            isExternalLibraryImport,
            packageId: resolved.packageId,
            resolvedUsingTsExtension: !!resolved.resolvedUsingTsExtension,
        },
        failedLookupLocations: initializeResolutionField(failedLookupLocations),
        affectingLocations: initializeResolutionField(affectingLocations),
        resolutionDiagnostics: initializeResolutionField(diagnostics),
        alternateResult,
    };
2026-10-08 project-input stock option ablation removes this exact row: exactOptionalPropertyTypes.",,exactOptionalPropertyTypes,not assessed: no class 1 rows,,true,"Type '{ resolvedFileName: string; originalPath: string | undefined; extension: string; isExternalLibraryImport: boolean | undefined; packageId: PackageId | undefined; resolvedUsingTsExtension: boolean; } | undefined' is not assignable to type 'ResolvedModuleFull | undefined'.
  Type '{ resolvedFileName: string; originalPath: string | undefined; extension: string; isExternalLibraryImport: boolean | undefined; packageId: PackageId | undefined; resolvedUsingTsExtension: boolean; }' is not assignable to type 'ResolvedModuleFull' with 'exactOptionalPropertyTypes: true'. Consider adding 'undefined' to the types of the target's properties.
    Types of property 'originalPath' are incompatible.
      Type 'string | undefined' is not assignable to type 'string'.
        Type 'undefined' is not assignable to type 'string'.",,scheduled,,not reached,False,"/tmp/stricter-indexed-all-typescript/src/compiler/sys.ts:1502:51: stage 0 can't lower a namespace read before runtime initialization, directly or through a reachable call; move that read or call after the namespace declaration yet",,False
D119,src/compiler/moduleNameResolver.ts,474,36,TS2322,"Type 'MapLike<string[]> | undefined' is not assignable to type 'MapLike<string[]>'.
  Type 'undefined' is not assignable to type 'MapLike<string[]>'.",2,,getPackageJsonTypesVersionsPaths,461,noUncheckedIndexedAccess,indexed-presence,paths,"Unchecked element/index-signature read contributes undefined, directly or through a local/result.","Adapted source: return { version: key, paths: typesVersions[key] };
2026-10-08 project-input stock option ablation removes this exact row: noUncheckedIndexedAccess.",,noUncheckedIndexedAccess,not assessed: no class 1 rows,,true,"Type 'MapLike<string[]> | undefined' is not assignable to type 'MapLike<string[]>'.
  Type 'undefined' is not assignable to type 'MapLike<string[]>'.",,scheduled,,not reached,False,"/tmp/stricter-indexed-all-typescript/src/compiler/sys.ts:1502:51: stage 0 can't lower a namespace read before runtime initialization, directly or through a reachable call; move that read or call after the namespace declaration yet",,False
D120,src/compiler/moduleNameResolver.ts,627,9,TS2375,"Type '{ primary: boolean; resolvedFileName: string; originalPath: string | undefined; packageId: PackageId | undefined; isExternalLibraryImport: boolean; }' is not assignable to type 'ResolvedTypeReferenceDirective' with 'exactOptionalPropertyTypes: true'. Consider adding 'undefined' to the types of the target's properties.
  Types of property 'originalPath' are incompatible.
    Type 'string | undefined' is not assignable to type 'string'.
      Type 'undefined' is not assignable to type 'string'.",2,,resolveTypeReferenceDirective,538,exactOptionalPropertyTypes,optional-presence,resolvedTypeReferenceDirective,Present undefined value or callable optional slot does not satisfy the exact optional target contract.,"Adapted source: resolvedTypeReferenceDirective = {
            primary,
            resolvedFileName,
            originalPath,
            packageId,
            isExternalLibraryImport: pathContainsNodeModules(fileName),
        };
2026-10-08 project-input stock option ablation removes this exact row: exactOptionalPropertyTypes.",,exactOptionalPropertyTypes,not assessed: no class 1 rows,,true,"Type '{ primary: boolean; resolvedFileName: string; originalPath: string | undefined; packageId: PackageId | undefined; isExternalLibraryImport: boolean; }' is not assignable to type 'ResolvedTypeReferenceDirective' with 'exactOptionalPropertyTypes: true'. Consider adding 'undefined' to the types of the target's properties.
  Types of property 'originalPath' are incompatible.
    Type 'string | undefined' is not assignable to type 'string'.
      Type 'undefined' is not assignable to type 'string'.",,scheduled,,not reached,False,"/tmp/stricter-indexed-all-typescript/src/compiler/sys.ts:1502:51: stage 0 can't lower a namespace read before runtime initialization, directly or through a reachable call; move that read or call after the namespace declaration yet",,False
D121,src/compiler/moduleNameResolver.ts,635,5,TS2375,"Type '{ resolvedTypeReferenceDirective: ResolvedTypeReferenceDirective | undefined; failedLookupLocations: string[] | undefined; affectingLocations: ... | undefined; resolutionDiagnostics: ... | undefined; }' is not assignable to type 'ResolvedTypeReferenceDirectiveWithFailedLookupLocations' with 'exactOptionalPropertyTypes: true'. Consider adding 'undefined' to the types of the target's properties.
  Types of property 'resolutionDiagnostics' are incompatible.
    Type 'Diagnostic[] | undefined' is not assignable to type 'Diagnostic[]'.
      Type 'undefined' is not assignable to type 'Diagnostic[]'.",2,,resolveTypeReferenceDirective,538,exactOptionalPropertyTypes,optional-presence,result,Present undefined value or callable optional slot does not satisfy the exact optional target contract.,"Adapted source: result = {
        resolvedTypeReferenceDirective,
        failedLookupLocations: initializeResolutionField(failedLookupLocations),
        affectingLocations: initializeResolutionField(affectingLocations),
        resolutionDiagnostics: initializeResolutionField(diagnostics),
    };
2026-10-08 project-input stock option ablation removes this exact row: exactOptionalPropertyTypes.",,exactOptionalPropertyTypes,not assessed: no class 1 rows,,true,"Type '{ resolvedTypeReferenceDirective: ResolvedTypeReferenceDirective | undefined; failedLookupLocations: string[] | undefined; affectingLocations: string[] | undefined; resolutionDiagnostics: Diagnostic[] | undefined; }' is not assignable to type 'ResolvedTypeReferenceDirectiveWithFailedLookupLocations' with 'exactOptionalPropertyTypes: true'. Consider adding 'undefined' to the types of the target's properties.
  Types of property 'resolutionDiagnostics' are incompatible.
    Type 'Diagnostic[] | undefined' is not assignable to type 'Diagnostic[]'.
      Type 'undefined' is not assignable to type 'Diagnostic[]'.",,scheduled,,not reached,False,"/tmp/stricter-indexed-all-typescript/src/compiler/sys.ts:1502:51: stage 0 can't lower a namespace read before runtime initialization, directly or through a reachable call; move that read or call after the namespace declaration yet",,False
D122,src/compiler/moduleNameResolver.ts,642,143,TS2345,"Argument of type 'ResolvedTypeReferenceDirectiveWithFailedLookupLocations | undefined' is not assignable to parameter of type 'ResolvedTypeReferenceDirectiveWithFailedLookupLocations'.
  Type 'undefined' is not assignable to type 'ResolvedTypeReferenceDirectiveWithFailedLookupLocations'.",2,,resolveTypeReferenceDirective,538,exactOptionalPropertyTypes,optional-presence,"cache.getOrCreateCacheForDirectory(containingDirectory, redirectedReference).set(typeReferenceDirectiveName, /*mode*/ resolutionMode, result)",Present undefined value or callable optional slot does not satisfy the exact optional target contract.,"Adapted source: cache.getOrCreateCacheForDirectory(containingDirectory, redirectedReference).set(typeReferenceDirectiveName, /*mode*/ resolutionMode, result);
2026-10-08 project-input stock option ablation removes this exact row: exactOptionalPropertyTypes.",,exactOptionalPropertyTypes,not assessed: no class 1 rows,,true,"Argument of type 'ResolvedTypeReferenceDirectiveWithFailedLookupLocations | undefined' is not assignable to parameter of type 'ResolvedTypeReferenceDirectiveWithFailedLookupLocations'.
  Type 'undefined' is not assignable to type 'ResolvedTypeReferenceDirectiveWithFailedLookupLocations'.",,scheduled,,not reached,False,"/tmp/stricter-indexed-all-typescript/src/compiler/sys.ts:1502:51: stage 0 can't lower a namespace read before runtime initialization, directly or through a reachable call; move that read or call after the namespace declaration yet",,False
D123,src/compiler/moduleNameResolver.ts,644,144,TS2345,"Argument of type 'ResolvedTypeReferenceDirectiveWithFailedLookupLocations | undefined' is not assignable to parameter of type 'ResolvedTypeReferenceDirectiveWithFailedLookupLocations'.
  Type 'undefined' is not assignable to type 'ResolvedTypeReferenceDirectiveWithFailedLookupLocations'.",2,,resolveTypeReferenceDirective,538,exactOptionalPropertyTypes,optional-presence,"cache.getOrCreateCacheForNonRelativeName(typeReferenceDirectiveName, resolutionMode, redirectedReference).set(containingDirectory, result)",Present undefined value or callable optional slot does not satisfy the exact optional target contract.,"Adapted source: cache.getOrCreateCacheForNonRelativeName(typeReferenceDirectiveName, resolutionMode, redirectedReference).set(containingDirectory, result);
2026-10-08 project-input stock option ablation removes this exact row: exactOptionalPropertyTypes.",,exactOptionalPropertyTypes,not assessed: no class 1 rows,,true,"Argument of type 'ResolvedTypeReferenceDirectiveWithFailedLookupLocations | undefined' is not assignable to parameter of type 'ResolvedTypeReferenceDirectiveWithFailedLookupLocations'.
  Type 'undefined' is not assignable to type 'ResolvedTypeReferenceDirectiveWithFailedLookupLocations'.",,scheduled,,not reached,False,"/tmp/stricter-indexed-all-typescript/src/compiler/sys.ts:1502:51: stage 0 can't lower a namespace read before runtime initialization, directly or through a reachable call; move that read or call after the namespace declaration yet",,False
D124,src/compiler/moduleNameResolver.ts,647,35,TS2345,"Argument of type 'ResolvedTypeReferenceDirectiveWithFailedLookupLocations | undefined' is not assignable to parameter of type 'ResolvedTypeReferenceDirectiveWithFailedLookupLocations'.
  Type 'undefined' is not assignable to type 'ResolvedTypeReferenceDirectiveWithFailedLookupLocations'.",2,,resolveTypeReferenceDirective,538,exactOptionalPropertyTypes,optional-presence,traceResult(result),Present undefined value or callable optional slot does not satisfy the exact optional target contract.,"Adapted source: traceResult(result);
2026-10-08 project-input stock option ablation removes this exact row: exactOptionalPropertyTypes.",,exactOptionalPropertyTypes,not assessed: no class 1 rows,,true,"Argument of type 'ResolvedTypeReferenceDirectiveWithFailedLookupLocations | undefined' is not assignable to parameter of type 'ResolvedTypeReferenceDirectiveWithFailedLookupLocations'.
  Type 'undefined' is not assignable to type 'ResolvedTypeReferenceDirectiveWithFailedLookupLocations'.",,scheduled,,not reached,False,"/tmp/stricter-indexed-all-typescript/src/compiler/sys.ts:1502:51: stage 0 can't lower a namespace read before runtime initialization, directly or through a reachable call; move that read or call after the namespace declaration yet",,False
D125,src/compiler/moduleNameResolver.ts,648,5,TS2322,"Type 'ResolvedTypeReferenceDirectiveWithFailedLookupLocations | undefined' is not assignable to type 'ResolvedTypeReferenceDirectiveWithFailedLookupLocations'.
  Type 'undefined' is not assignable to type 'ResolvedTypeReferenceDirectiveWithFailedLookupLocations'.",2,,resolveTypeReferenceDirective,538,exactOptionalPropertyTypes,optional-presence,return,Present undefined value or callable optional slot does not satisfy the exact optional target contract.,"Adapted source: return result;
2026-10-08 project-input stock option ablation removes this exact row: exactOptionalPropertyTypes.",,exactOptionalPropertyTypes,not assessed: no class 1 rows,,true,"Type 'ResolvedTypeReferenceDirectiveWithFailedLookupLocations | undefined' is not assignable to type 'ResolvedTypeReferenceDirectiveWithFailedLookupLocations'.
  Type 'undefined' is not assignable to type 'ResolvedTypeReferenceDirectiveWithFailedLookupLocations'.",,scheduled,,not reached,False,"/tmp/stricter-indexed-all-typescript/src/compiler/sys.ts:1502:51: stage 0 can't lower a namespace read before runtime initialization, directly or through a reachable call; move that read or call after the namespace declaration yet",,False
D117,src/compiler/moduleNameResolver.ts,2772,21,TS2322,"Type 'SearchResult<{ path: string; extension: string; packageId: PackageId | undefined; originalPath: string | undefined; resolvedUsingTsExtension: boolean | undefined; }>' is not assignable to type 'SearchResult<Resolved>'.
  Type '{ readonly value: { path: string; extension: string; packageId: PackageId | undefined; originalPath: string | undefined; resolvedUsingTsExtension: boolean | undefined; } | undefined; }' is not assignable to type 'SearchResult<Resolved>'.
    Types of property 'value' are incompatible.
      Type '{ path: string; extension: string; packageId: PackageId | undefined; originalPath: string | undefined; resolvedUsingTsExtension: boolean | undefined; } | undefined' is not assignable to type 'Resolved | undefined'.
        Type '{ path: string; extension: string; packageId: PackageId | undefined; originalPath: string | undefined; resolvedUsingTsExtension: boolean | undefined; }' is not assignable to type 'Resolved' with 'exactOptionalPropertyTypes: true'. Consider adding 'undefined' to the types of the target's properties.
          Types of property 'originalPath' are incompatible.
            Type 'string | undefined' is not assignable to type 'string | true'.
              Type 'undefined' is not assignable to type 'string | true'.",2,,getLoadModuleFromTargetExportOrImport.loadModuleFromTargetExportOrImport,2753,exactOptionalPropertyTypes,optional-presence,return,Present undefined value or callable optional slot does not satisfy the exact optional target contract.,"Adapted source: return toSearchResult(
                        result.resolvedModule ? {
                            path: result.resolvedModule.resolvedFileName,
                            extension: result.resolvedModule.extension,
                            packageId: result.resolvedModule.packageId,
                            originalPath: result.resolvedModule.originalPath,
                            resolvedUsingTsExtension: result.resolvedModule.resolvedUsingTsExtension,
                        } : undefined,
                    );
2026-10-08 project-input stock option ablation removes this exact row: exactOptionalPropertyTypes.",,exactOptionalPropertyTypes,not assessed: no class 1 rows,,true,"Type 'SearchResult<{ path: string; extension: string; packageId: PackageId | undefined; originalPath: string | undefined; resolvedUsingTsExtension: boolean | undefined; }>' is not assignable to type 'SearchResult<Resolved>'.
  Type '{ readonly value: { path: string; extension: string; packageId: PackageId | undefined; originalPath: string | undefined; resolvedUsingTsExtension: boolean | undefined; } | undefined; }' is not assignable to type 'SearchResult<Resolved>'.
    Types of property 'value' are incompatible.
      Type '{ path: string; extension: string; packageId: PackageId | undefined; originalPath: string | undefined; resolvedUsingTsExtension: boolean | undefined; } | undefined' is not assignable to type 'Resolved | undefined'.
        Type '{ path: string; extension: string; packageId: PackageId | undefined; originalPath: string | undefined; resolvedUsingTsExtension: boolean | undefined; }' is not assignable to type 'Resolved' with 'exactOptionalPropertyTypes: true'. Consider adding 'undefined' to the types of the target's properties.
          Types of property 'originalPath' are incompatible.
            Type 'string | undefined' is not assignable to type 'string | true'.
              Type 'undefined' is not assignable to type 'string | true'.",,scheduled,,not reached,False,"/tmp/stricter-indexed-all-typescript/src/compiler/sys.ts:1502:51: stage 0 can't lower a namespace read before runtime initialization, directly or through a reachable call; move that read or call after the namespace declaration yet",,False
D128,src/compiler/program.ts,406,25,TS18046,'e' is of type 'unknown'.,2,,createGetSourceFile,396,useUnknownInCatchVariables,catch-error,e.message,Catch binding is unknown; member access or returned error requires a narrower type.,"Adapted source: onError(e.message);
2026-10-08 project-input stock option ablation removes this exact row: useUnknownInCatchVariables.",,useUnknownInCatchVariables,not assessed: no class 1 rows,,true,'e' is of type 'unknown'.,,refused,no use-site guard contract supports this diagnostic: /tmp/stricter-indexed-all-typescript/src/compiler/program.ts:406:25: error TS18046: 'e' is of type 'unknown'.,not reached,False,"/tmp/stricter-indexed-all-typescript/src/compiler/sys.ts:1502:51: stage 0 can't lower a namespace read before runtime initialization, directly or through a reachable call; move that read or call after the namespace declaration yet",checker diagnostic,True
D132,src/compiler/program.ts,441,25,TS18046,'e' is of type 'unknown'.,2,,createWriteFileMeasuringIO,420,useUnknownInCatchVariables,catch-error,e.message,Catch binding is unknown; member access or returned error requires a narrower type.,"Adapted source: onError(e.message);
2026-10-08 project-input stock option ablation removes this exact row: useUnknownInCatchVariables.",,useUnknownInCatchVariables,not assessed: no class 1 rows,,true,'e' is of type 'unknown'.,,refused,no use-site guard contract supports this diagnostic: /tmp/stricter-indexed-all-typescript/src/compiler/program.ts:441:25: error TS18046: 'e' is of type 'unknown'.,not reached,False,"/tmp/stricter-indexed-all-typescript/src/compiler/sys.ts:1502:51: stage 0 can't lower a namespace read before runtime initialization, directly or through a reachable call; move that read or call after the namespace declaration yet",checker diagnostic,True
D133,src/compiler/program.ts,472,11,TS2375,"Type '{ getSourceFile: (fileName: string, languageVersionOrOptions: CreateSourceFileOptions | ScriptTarget, onError?: ((message: string) => void) | undefined, shouldCreateNewSourceFile?: boolean | undefined) => SourceFile | undefined; ... 16 more ...; createHash: ... | undefined; }' is not assignable to type 'CompilerHost' with 'exactOptionalPropertyTypes: true'. Consider adding 'undefined' to the types of the target's properties.
  Types of property 'createHash' are incompatible.
    Type '((data: string) => string) | undefined' is not assignable to type '(data: string) => string'.
      Type 'undefined' is not assignable to type '(data: string) => string'.",2,,createCompilerHostWorker,448,exactOptionalPropertyTypes,optional-presence,compilerHost,Present undefined value or callable optional slot does not satisfy the exact optional target contract.,"Adapted source: compilerHost: CompilerHost = {
        getSourceFile: createGetSourceFile(fileName => compilerHost.readFile(fileName), setParentNodes),
        getDefaultLibLocation,
        getDefaultLibFileName: options => combinePaths(getDefaultLibLocation(), getDefaultLibFileName(options)),
        writeFile: createWriteFileMeasuringIO(
            (path, data, writeByteOrderMark) => system.writeFile(path, data, writeByteOrderMark),
            path => (compilerHost.createDirectory || system.createDirectory)(path),
            path => directoryExists(path),
        ),
        getCurrentDirectory: memoize(() => system.getCurrentDirectory()),
        useCaseSensitiveFileNames: () => system.useCaseSensitiveFileNames,
        getCanonicalFileName,
        getNewLine: () => newLine,
        fileExists: fileName => system.fileExists(fileName),
        readFile: fileName => system.readFile(fileName),
        trace: (s: string) => system.write(s + newLine),
        directoryExists: directoryName => system.directoryExists(directoryName),
        getEnvironmentVariable: name => system.getEnvironmentVariable ? system.getEnvironmentVariable(name) : """",
        getDirectories: (path: string) => system.getDirectories(path),
        realpath,
        readDirectory: (path, extensions, include, exclude, depth) => system.readDirectory(path, extensions, include, exclude, depth),
        createDirectory: d => system.createDirectory(d),
        createHash: maybeBind(system, system.createHash),
    }
2026-10-08 project-input stock option ablation removes this exact row: exactOptionalPropertyTypes.",,exactOptionalPropertyTypes,not assessed: no class 1 rows,,true,"Type '{ getSourceFile: (fileName: string, languageVersionOrOptions: ScriptTarget | CreateSourceFileOptions, onError?: ((message: string) => void) | undefined, shouldCreateNewSourceFile?: boolean | undefined) => SourceFile | undefined; ... 16 more ...; createHash: ((data: string) => string) | undefined; }' is not assignable to type 'CompilerHost' with 'exactOptionalPropertyTypes: true'. Consider adding 'undefined' to the types of the target's properties.
  Types of property 'createHash' are incompatible.
    Type '((data: string) => string) | undefined' is not assignable to type '(data: string) => string'.
      Type 'undefined' is not assignable to type '(data: string) => string'.",,scheduled,,not reached,False,"/tmp/stricter-indexed-all-typescript/src/compiler/sys.ts:1502:51: stage 0 can't lower a namespace read before runtime initialization, directly or through a reachable call; move that read or call after the namespace declaration yet",,False
D126,src/compiler/program.ts,1876,11,TS2375,"Type '{ getRootFileNames: () => readonly string[]; getSourceFile: (fileName: string) => SourceFile | undefined; getSourceFileByPath: (path: Path) => SourceFile | undefined; getSourceFiles: () => SourceFile[]; ... 75 more ...; getGlobalTypingsCacheLocation: ... | undefined; }' is not assignable to type 'Program' with 'exactOptionalPropertyTypes: true'. Consider adding 'undefined' to the types of the target's properties.
  Types of property 'directoryExists' are incompatible.
    Type '((path: string) => boolean) | undefined' is not assignable to type '(path: string) => boolean'.
      Type 'undefined' is not assignable to type '(path: string) => boolean'.",2,,createProgram,1515,exactOptionalPropertyTypes,optional-presence,program,Present undefined value or callable optional slot does not satisfy the exact optional target contract.,"Adapted source: program: Program = {
        getRootFileNames: () => rootNames,
        getSourceFile,
        getSourceFileByPath,
        getSourceFiles: () => files,
        getMissingFilePaths: () => missingFileNames,
        getModuleResolutionCache: () => moduleResolutionCache,
        getFilesByNameMap: () => filesByName,
        getCompilerOptions: () => options,
        getSyntacticDiagnostics,
        getOptionsDiagnostics,
        getGlobalDiagnostics,
        getSemanticDiagnostics,
        getCachedSemanticDiagnostics,
        getSuggestionDiagnostics,
        getDeclarationDiagnostics,
        getBindAndCheckDiagnostics,
        getProgramDiagnostics,
        getTypeChecker,
        getClassifiableNames,
        getCommonSourceDirectory,
        emit,
        getCurrentDirectory: () => currentDirectory,
        getNodeCount: () => getTypeChecker().getNodeCount(),
        getIdentifierCount: () => getTypeChecker().getIdentifierCount(),
        getSymbolCount: () => getTypeChecker().getSymbolCount(),
        getTypeCount: () => getTypeChecker().getTypeCount(),
        getInstantiationCount: () => getTypeChecker().getInstantiationCount(),
        getRelationCacheSizes: () => getTypeChecker().getRelationCacheSizes(),
        getFileProcessingDiagnostics: () => programDiagnostics.getFileProcessingDiagnostics(),
        getAutomaticTypeDirectiveNames: () => automaticTypeDirectiveNames!,
        getAutomaticTypeDirectiveResolutions: () => automaticTypeDirectiveResolutions,
        isSourceFileFromExternalLibrary,
        isSourceFileDefaultLibrary,
        getModeForUsageLocation,
        getEmitSyntaxForUsageLocation,
        getModeForResolutionAtIndex,
        getSourceFileFromReference,
        getLibFileFromReference,
        sourceFileToPackageName,
        redirectTargetsMap,
        usesUriStyleNodeCoreModules,
        resolvedModules,
        resolvedTypeReferenceDirectiveNames,
        resolvedLibReferences,
        getProgramDiagnosticsContainer: () => programDiagnostics,
        getResolvedModule,
        getResolvedModuleFromModuleSpecifier,
        getResolvedTypeReferenceDirective,
        getResolvedTypeReferenceDirectiveFromTypeReferenceDirective,
        forEachResolvedModule,
        forEachResolvedTypeReferenceDirective,
        getCurrentPackagesMap: () => packageMap,
        typesPackageExists,
        packageBundlesTypes,
        isEmittedFile,
        getConfigFileParsingDiagnostics,
        getProjectReferences,
        getResolvedProjectReferences,
        getRedirectFromSourceFile,
        getResolvedProjectReferenceByPath,
        forEachResolvedProjectReference,
        isSourceOfProjectReferenceRedirect,
        getRedirectFromOutput,
        getCompilerOptionsForFile,
        getDefaultResolutionModeForFile,
        getEmitModuleFormatOfFile,
        getImpliedNodeFormatForEmit,
        shouldTransformImportCall,
        emitBuildInfo,
        fileExists,
        readFile,
        directoryExists,
        getSymlinkCache,
        realpath: host.realpath?.bind(host),
        useCaseSensitiveFileNames: () => host.useCaseSensitiveFileNames(),
        getCanonicalFileName,
        getFileIncludeReasons: () => programDiagnostics.getFileReasons(),
        structureIsReused,
        writeFile,
        getGlobalTypingsCacheLocation: maybeBind(host, host.getGlobalTypingsCacheLocation),
    }
2026-10-08 project-input stock option ablation removes this exact row: exactOptionalPropertyTypes.",,exactOptionalPropertyTypes,not assessed: no class 1 rows,,true,"Type '{ getRootFileNames: () => readonly string[]; getSourceFile: (fileName: string) => SourceFile | undefined; getSourceFileByPath: (path: Path) => SourceFile | undefined; getSourceFiles: () => SourceFile[]; ... 75 more ...; getGlobalTypingsCacheLocation: (() => string | undefined) | undefined; }' is not assignable to type 'Program' with 'exactOptionalPropertyTypes: true'. Consider adding 'undefined' to the types of the target's properties.
  Types of property 'directoryExists' are incompatible.
    Type '((path: string) => boolean) | undefined' is not assignable to type '(path: string) => boolean'.
      Type 'undefined' is not assignable to type '(path: string) => boolean'.",,scheduled,,not reached,False,"/tmp/stricter-indexed-all-typescript/src/compiler/sys.ts:1502:51: stage 0 can't lower a namespace read before runtime initialization, directly or through a reachable call; move that read or call after the namespace declaration yet",,False
D127,src/compiler/program.ts,2599,9,TS2375,"Type '{ getCanonicalFileName: (fileName: string) => string; getCommonSourceDirectory: () => string; getCompilerOptions: () => CompilerOptions; getCurrentDirectory: () => string; ... 24 more ...; getGlobalTypingsCacheLocation: ... | undefined; }' is not assignable to type 'EmitHost' with 'exactOptionalPropertyTypes: true'. Consider adding 'undefined' to the types of the target's properties.
  Types of property 'createHash' are incompatible.
    Type '((data: string) => string) | undefined' is not assignable to type '(data: string) => string'.
      Type 'undefined' is not assignable to type '(data: string) => string'.",2,,createProgram.getEmitHost,2598,exactOptionalPropertyTypes,optional-presence,return,Present undefined value or callable optional slot does not satisfy the exact optional target contract.,"Adapted source: return {
            getCanonicalFileName,
            getCommonSourceDirectory: program.getCommonSourceDirectory,
            getCompilerOptions: program.getCompilerOptions,
            getCurrentDirectory: () => currentDirectory,
            getSourceFile: program.getSourceFile,
            getSourceFileByPath: program.getSourceFileByPath,
            getSourceFiles: program.getSourceFiles,
            isSourceFileFromExternalLibrary,
            getRedirectFromSourceFile,
            isSourceOfProjectReferenceRedirect,
            getSymlinkCache,
            writeFile: writeFileCallback || writeFile,
            isEmitBlocked,
            shouldTransformImportCall,
            getEmitModuleFormatOfFile,
            getDefaultResolutionModeForFile,
            getModeForResolutionAtIndex,
            readFile: f => host.readFile(f),
            fileExists: f => {
                // Use local caches
                const path = toPath(f);
                if (getSourceFileByPath(path)) return true;
                if (missingFileNames.has(path)) return false;
                // Before falling back to the host
                return host.fileExists(f);
            },
            realpath: maybeBind(host, host.realpath),
            useCaseSensitiveFileNames: () => host.useCaseSensitiveFileNames(),
            getBuildInfo: () => program.getBuildInfo?.(),
            getSourceFileFromReference: (file, ref) => program.getSourceFileFromReference(file, ref),
            redirectTargetsMap,
            getFileIncludeReasons: program.getFileIncludeReasons,
            createHash: maybeBind(host, host.createHash),
            getModuleResolutionCache: () => program.getModuleResolutionCache(),
            trace: maybeBind(host, host.trace),
            getGlobalTypingsCacheLocation: program.getGlobalTypingsCacheLocation,
        };
2026-10-08 project-input stock option ablation removes this exact row: exactOptionalPropertyTypes.",,exactOptionalPropertyTypes,not assessed: no class 1 rows,,true,"Type '{ getCanonicalFileName: (fileName: string) => string; getCommonSourceDirectory: () => string; getCompilerOptions: () => CompilerOptions; getCurrentDirectory: () => string; ... 24 more ...; getGlobalTypingsCacheLocation: (() => string | undefined) | undefined; }' is not assignable to type 'EmitHost' with 'exactOptionalPropertyTypes: true'. Consider adding 'undefined' to the types of the target's properties.
  Types of property 'createHash' are incompatible.
    Type '((data: string) => string) | undefined' is not assignable to type '(data: string) => string'.
      Type 'undefined' is not assignable to type '(data: string) => string'.",,scheduled,,not reached,False,"/tmp/stricter-indexed-all-typescript/src/compiler/sys.ts:1502:51: stage 0 can't lower a namespace read before runtime initialization, directly or through a reachable call; move that read or call after the namespace declaration yet",,False
D129,src/compiler/program.ts,4157,64,TS2345,"Argument of type 'string | undefined' is not assignable to parameter of type 'string'.
  Type 'undefined' is not assignable to type 'string'.",2,,createProgram.verifyCompilerOptions,4075,noUncheckedIndexedAccess,indexed-presence,hasZeroOrOneAsteriskCharacter(subst),"Unchecked element/index-signature read contributes undefined, directly or through a local/result.","Adapted source: if (!hasZeroOrOneAsteriskCharacter(subst)) {
                                createDiagnosticForOptionPathKeyValue(key, i, Diagnostics.Substitution_0_in_pattern_1_can_have_at_most_one_Asterisk_character, subst, key);
                            }
2026-10-08 project-input stock option ablation removes this exact row: noUncheckedIndexedAccess.",,noUncheckedIndexedAccess,not assessed: no class 1 rows,,true,"Argument of type 'string | undefined' is not assignable to parameter of type 'string'.
  Type 'undefined' is not assignable to type 'string'.",,scheduled,,not reached,False,"/tmp/stricter-indexed-all-typescript/src/compiler/sys.ts:1502:51: stage 0 can't lower a namespace read before runtime initialization, directly or through a reachable call; move that read or call after the namespace declaration yet",,False
D130,src/compiler/program.ts,4160,69,TS2345,"Argument of type 'string | undefined' is not assignable to parameter of type 'string'.
  Type 'undefined' is not assignable to type 'string'.",2,,createProgram.verifyCompilerOptions,4075,noUncheckedIndexedAccess,indexed-presence,pathIsRelative(subst),"Unchecked element/index-signature read contributes undefined, directly or through a local/result.","Adapted source: if (!options.baseUrl && !pathIsRelative(subst) && !pathIsAbsolute(subst)) {
                                createDiagnosticForOptionPathKeyValue(key, i, Diagnostics.Non_relative_paths_are_not_allowed_when_baseUrl_is_not_set_Did_you_forget_a_leading_Slash);
                            }
2026-10-08 project-input stock option ablation removes this exact row: noUncheckedIndexedAccess.",,noUncheckedIndexedAccess,not assessed: no class 1 rows,,true,"Argument of type 'string | undefined' is not assignable to parameter of type 'string'.
  Type 'undefined' is not assignable to type 'string'.",,scheduled,,not reached,False,"/tmp/stricter-indexed-all-typescript/src/compiler/sys.ts:1502:51: stage 0 can't lower a namespace read before runtime initialization, directly or through a reachable call; move that read or call after the namespace declaration yet",,False
D131,src/compiler/program.ts,4160,95,TS2345,"Argument of type 'string | undefined' is not assignable to parameter of type 'string'.
  Type 'undefined' is not assignable to type 'string'.",2,,createProgram.verifyCompilerOptions,4075,noUncheckedIndexedAccess,indexed-presence,pathIsAbsolute(subst),"Unchecked element/index-signature read contributes undefined, directly or through a local/result.","Adapted source: if (!options.baseUrl && !pathIsRelative(subst) && !pathIsAbsolute(subst)) {
                                createDiagnosticForOptionPathKeyValue(key, i, Diagnostics.Non_relative_paths_are_not_allowed_when_baseUrl_is_not_set_Did_you_forget_a_leading_Slash);
                            }
2026-10-08 project-input stock option ablation removes this exact row: noUncheckedIndexedAccess.",,noUncheckedIndexedAccess,not assessed: no class 1 rows,,true,"Argument of type 'string | undefined' is not assignable to parameter of type 'string'.
  Type 'undefined' is not assignable to type 'string'.",,scheduled,,not reached,False,"/tmp/stricter-indexed-all-typescript/src/compiler/sys.ts:1502:51: stage 0 can't lower a namespace read before runtime initialization, directly or through a reachable call; move that read or call after the namespace declaration yet",,False
D134,src/compiler/program.ts,4956,9,TS2412,"Type '((directoryName: string) => boolean) | undefined' is not assignable to type '(directoryName: string) => boolean' with 'exactOptionalPropertyTypes: true'. Consider adding 'undefined' to the type of the target.
  Type 'undefined' is not assignable to type '(directoryName: string) => boolean'.",2,,updateHostForUseSourceOfProjectReferenceRedirect.onProgramCreateComplete,4954,exactOptionalPropertyTypes,optional-presence,host.compilerHost,Present undefined value or callable optional slot does not satisfy the exact optional target contract.,"Adapted source: host.compilerHost.directoryExists = originalDirectoryExists;
2026-10-08 project-input stock option ablation removes this exact row: exactOptionalPropertyTypes.",,exactOptionalPropertyTypes,not assessed: no class 1 rows,,true,"Type '((directoryName: string) => boolean) | undefined' is not assignable to type '(directoryName: string) => boolean' with 'exactOptionalPropertyTypes: true'. Consider adding 'undefined' to the type of the target.
  Type 'undefined' is not assignable to type '(directoryName: string) => boolean'.",,scheduled,,not reached,False,"/tmp/stricter-indexed-all-typescript/src/compiler/sys.ts:1502:51: stage 0 can't lower a namespace read before runtime initialization, directly or through a reachable call; move that read or call after the namespace declaration yet",,False
D135,src/compiler/program.ts,4957,9,TS2412,"Type '((path: string) => string[]) | undefined' is not assignable to type '(path: string) => string[]' with 'exactOptionalPropertyTypes: true'. Consider adding 'undefined' to the type of the target.
  Type 'undefined' is not assignable to type '(path: string) => string[]'.",2,,updateHostForUseSourceOfProjectReferenceRedirect.onProgramCreateComplete,4954,exactOptionalPropertyTypes,optional-presence,host.compilerHost,Present undefined value or callable optional slot does not satisfy the exact optional target contract.,"Adapted source: host.compilerHost.getDirectories = originalGetDirectories;
2026-10-08 project-input stock option ablation removes this exact row: exactOptionalPropertyTypes.",,exactOptionalPropertyTypes,not assessed: no class 1 rows,,true,"Type '((path: string) => string[]) | undefined' is not assignable to type '(path: string) => string[]' with 'exactOptionalPropertyTypes: true'. Consider adding 'undefined' to the type of the target.
  Type 'undefined' is not assignable to type '(path: string) => string[]'.",,scheduled,,not reached,False,"/tmp/stricter-indexed-all-typescript/src/compiler/sys.ts:1502:51: stage 0 can't lower a namespace read before runtime initialization, directly or through a reachable call; move that read or call after the namespace declaration yet",,False
D138,src/compiler/program.ts,5107,5,TS2375,"Type '{ fileExists: (f: string) => boolean; readDirectory(root: string, extensions: readonly string[], excludes: readonly string[] | undefined, includes: readonly string[], depth: number | undefined): string[]; readFile: ...; ... 6 more ...; trace: ... | undefined; }' is not assignable to type 'ParseConfigFileHost' with 'exactOptionalPropertyTypes: true'. Consider adding 'undefined' to the types of the target's properties.
  Types of property 'trace' are incompatible.
    Type '((s: string) => void) | undefined' is not assignable to type '(s: string) => void'.
      Type 'undefined' is not assignable to type '(s: string) => void'.",2,,parseConfigHostFromCompilerHostLike,5103,exactOptionalPropertyTypes,optional-presence,return,Present undefined value or callable optional slot does not satisfy the exact optional target contract.,"Adapted source: return {
        fileExists: f => directoryStructureHost.fileExists(f),
        readDirectory(root, extensions, excludes, includes, depth) {
            Debug.assertIsDefined(directoryStructureHost.readDirectory, ""'CompilerHost.readDirectory' must be implemented to correctly process 'projectReferences'"");
            return directoryStructureHost.readDirectory(root, extensions, excludes, includes, depth);
        },
        readFile: f => directoryStructureHost.readFile(f),
        directoryExists: maybeBind(directoryStructureHost, directoryStructureHost.directoryExists),
        getDirectories: maybeBind(directoryStructureHost, directoryStructureHost.getDirectories),
        realpath: maybeBind(directoryStructureHost, directoryStructureHost.realpath),
        useCaseSensitiveFileNames: host.useCaseSensitiveFileNames(),
        getCurrentDirectory: () => host.getCurrentDirectory(),
        onUnRecoverableConfigFileDiagnostic: host.onUnRecoverableConfigFileDiagnostic || returnUndefined,
        trace: host.trace ? s => host.trace!(s) : undefined,
    };
2026-10-08 project-input stock option ablation removes this exact row: exactOptionalPropertyTypes.",,exactOptionalPropertyTypes,not assessed: no class 1 rows,,true,"Type '{ fileExists: (f: string) => boolean; readDirectory(root: string, extensions: readonly string[], excludes: readonly string[] | undefined, includes: readonly string[], depth: number | undefined): string[]; readFile: (f: string) => string | undefined; ... 6 more ...; trace: ((s: string) => void) | undefined; }' is not assignable to type 'ParseConfigFileHost' with 'exactOptionalPropertyTypes: true'. Consider adding 'undefined' to the types of the target's properties.
  Types of property 'trace' are incompatible.
    Type '((s: string) => void) | undefined' is not assignable to type '(s: string) => void'.
      Type 'undefined' is not assignable to type '(s: string) => void'.",,scheduled,,not reached,False,"/tmp/stricter-indexed-all-typescript/src/compiler/sys.ts:1502:51: stage 0 can't lower a namespace read before runtime initialization, directly or through a reachable call; move that read or call after the namespace declaration yet",,False
D150,src/compiler/resolutionCache.ts,990,43,TS2379,"Argument of type '{ entries: readonly T[]; containingFile: string; containingSourceFile: SourceFile | undefined; redirectedReference: ResolvedProjectReference | undefined; ... 6 more ...; deferWatchingNonRelativeResolution: false; }' is not assignable to parameter of type 'ResolveNamesWithLocalCacheInput<string | FileReference, SourceFile | undefined, ResolvedTypeReferenceDirectiveWithFailedLookupLocations, ResolvedTypeReferenceDirective>' with 'exactOptionalPropertyTypes: true'. Consider adding 'undefined' to the types of the target's properties.
  Types of property 'reusedNames' are incompatible.
    Type 'readonly T[] | undefined' is not assignable to type 'readonly (string | FileReference)[]'.
      Type 'undefined' is not assignable to type 'readonly (string | FileReference)[]'.",2,,createResolutionCache.resolveTypeReferenceDirectiveReferences,982,exactOptionalPropertyTypes,optional-presence,"resolveNamesWithLocalCache({
            entries: typeDirectiveReferences,
            containingFile,
            containingSourceFile,
            redirectedReference,
            options,
            reusedNames,
            perFileCache: resolvedTypeReferenceDirectives,
            loader: createTypeReferenceResolutionLoader(
                containingFile,
                redirectedReference,
                options,
                getModuleResolutionHost(resolutionHost),
                typeReferenceDirectiveResolutionCache,
            ),
            getResolutionWithResolvedFileName: getResolvedTypeReferenceDirectiveFromResolution,
            shouldRetryResolution: resolution => resolution.resolvedTypeReferenceDirective === undefined,
            deferWatchingNonRelativeResolution: false,
        })",Present undefined value or callable optional slot does not satisfy the exact optional target contract.,"Adapted source: return resolveNamesWithLocalCache({
            entries: typeDirectiveReferences,
            containingFile,
            containingSourceFile,
            redirectedReference,
            options,
            reusedNames,
            perFileCache: resolvedTypeReferenceDirectives,
            loader: createTypeReferenceResolutionLoader(
                containingFile,
                redirectedReference,
                options,
                getModuleResolutionHost(resolutionHost),
                typeReferenceDirectiveResolutionCache,
            ),
            getResolutionWithResolvedFileName: getResolvedTypeReferenceDirectiveFromResolution,
            shouldRetryResolution: resolution => resolution.resolvedTypeReferenceDirective === undefined,
            deferWatchingNonRelativeResolution: false,
        });
2026-10-08 project-input stock option ablation removes this exact row: exactOptionalPropertyTypes.",,exactOptionalPropertyTypes,not assessed: no class 1 rows,,true,"Argument of type '{ entries: readonly T[]; containingFile: string; containingSourceFile: SourceFile | undefined; redirectedReference: ResolvedProjectReference | undefined; ... 6 more ...; deferWatchingNonRelativeResolution: false; }' is not assignable to parameter of type 'ResolveNamesWithLocalCacheInput<string | FileReference, SourceFile | undefined, ResolvedTypeReferenceDirectiveWithFailedLookupLocations, ResolvedTypeReferenceDirective>' with 'exactOptionalPropertyTypes: true'. Consider adding 'undefined' to the types of the target's properties.
  Types of property 'reusedNames' are incompatible.
    Type 'readonly T[] | undefined' is not assignable to type 'readonly (string | FileReference)[]'.
      Type 'undefined' is not assignable to type 'readonly (string | FileReference)[]'.",,scheduled,,not reached,False,"/tmp/stricter-indexed-all-typescript/src/compiler/sys.ts:1502:51: stage 0 can't lower a namespace read before runtime initialization, directly or through a reachable call; move that read or call after the namespace declaration yet",,False
D139,src/compiler/resolutionCache.ts,1019,43,TS2379,"Argument of type '{ entries: readonly StringLiteralLike[]; containingFile: string; containingSourceFile: SourceFile; redirectedReference: ResolvedProjectReference | undefined; ... 7 more ...; deferWatchingNonRelativeResolution: true; }' is not assignable to parameter of type 'ResolveNamesWithLocalCacheInput<StringLiteralLike, SourceFile, ResolvedModuleWithFailedLookupLocations, ResolvedModuleFull>' with 'exactOptionalPropertyTypes: true'. Consider adding 'undefined' to the types of the target's properties.
  Types of property 'reusedNames' are incompatible.
    Type 'readonly StringLiteralLike[] | undefined' is not assignable to type 'readonly StringLiteralLike[]'.
      Type 'undefined' is not assignable to type 'readonly StringLiteralLike[]'.",2,,createResolutionCache.resolveModuleNameLiterals,1011,exactOptionalPropertyTypes,optional-presence,"resolveNamesWithLocalCache({
            entries: moduleLiterals,
            containingFile,
            containingSourceFile,
            redirectedReference,
            options,
            reusedNames,
            perFileCache: resolvedModuleNames,
            loader: createModuleResolutionLoaderUsingGlobalCache(
                containingFile,
                redirectedReference,
                options,
                resolutionHost,
                moduleResolutionCache,
            ),
            getResolutionWithResolvedFileName: getResolvedModuleFromResolution,
            shouldRetryResolution: resolution => !resolution.resolvedModule || !resolutionExtensionIsTSOrJson(resolution.resolvedModule.extension),
            logChanges: logChangesWhenResolvingModule,
            deferWatchingNonRelativeResolution: true, // Defer non relative resolution watch because we could be using ambient modules
        })",Present undefined value or callable optional slot does not satisfy the exact optional target contract.,"Adapted source: return resolveNamesWithLocalCache({
            entries: moduleLiterals,
            containingFile,
            containingSourceFile,
            redirectedReference,
            options,
            reusedNames,
            perFileCache: resolvedModuleNames,
            loader: createModuleResolutionLoaderUsingGlobalCache(
                containingFile,
                redirectedReference,
                options,
                resolutionHost,
                moduleResolutionCache,
            ),
            getResolutionWithResolvedFileName: getResolvedModuleFromResolution,
            shouldRetryResolution: resolution => !resolution.resolvedModule || !resolutionExtensionIsTSOrJson(resolution.resolvedModule.extension),
            logChanges: logChangesWhenResolvingModule,
            deferWatchingNonRelativeResolution: true, // Defer non relative resolution watch because we could be using ambient modules
        });
2026-10-08 project-input stock option ablation removes this exact row: exactOptionalPropertyTypes.",,exactOptionalPropertyTypes,not assessed: no class 1 rows,,true,"Argument of type '{ entries: readonly StringLiteralLike[]; containingFile: string; containingSourceFile: SourceFile; redirectedReference: ResolvedProjectReference | undefined; ... 7 more ...; deferWatchingNonRelativeResolution: true; }' is not assignable to parameter of type 'ResolveNamesWithLocalCacheInput<StringLiteralLike, SourceFile, ResolvedModuleWithFailedLookupLocations, ResolvedModuleFull>' with 'exactOptionalPropertyTypes: true'. Consider adding 'undefined' to the types of the target's properties.
  Types of property 'reusedNames' are incompatible.
    Type 'readonly StringLiteralLike[] | undefined' is not assignable to type 'readonly StringLiteralLike[]'.
      Type 'undefined' is not assignable to type 'readonly StringLiteralLike[]'.",,scheduled,,not reached,False,"/tmp/stricter-indexed-all-typescript/src/compiler/sys.ts:1502:51: stage 0 can't lower a namespace read before runtime initialization, directly or through a reachable call; move that read or call after the namespace declaration yet",,False
D140,src/compiler/resolutionCache.ts,1282,21,TS2322,"Type 'DirectoryWatchesOfFailedLookup | undefined' is not assignable to type 'DirectoryWatchesOfFailedLookup'.
  Type 'undefined' is not assignable to type 'DirectoryWatchesOfFailedLookup'.",2,,createResolutionCache.createDirectoryWatcherForPackageDir,1280,exactOptionalPropertyTypes,optional-presence,watcher.watcher,Present undefined value or callable optional slot does not satisfy the exact optional target contract.,"Adapted source: watcher.watcher = createDirPathToWatcher();
2026-10-08 project-input stock option ablation removes this exact row: exactOptionalPropertyTypes.",,exactOptionalPropertyTypes,not assessed: no class 1 rows,,true,"Type 'DirectoryWatchesOfFailedLookup | undefined' is not assignable to type 'DirectoryWatchesOfFailedLookup'.
  Type 'undefined' is not assignable to type 'DirectoryWatchesOfFailedLookup'.",,scheduled,,not reached,False,"/tmp/stricter-indexed-all-typescript/src/compiler/sys.ts:1502:51: stage 0 can't lower a namespace read before runtime initialization, directly or through a reachable call; move that read or call after the namespace declaration yet",,False
D141,src/compiler/resolutionCache.ts,1297,17,TS2322,"Type 'DirectoryWatchesOfFailedLookup | undefined' is not assignable to type 'DirectoryWatchesOfFailedLookup'.
  Type 'undefined' is not assignable to type 'DirectoryWatchesOfFailedLookup'.",2,,createResolutionCache.createDirectoryWatcherForPackageDir,1254,exactOptionalPropertyTypes,optional-presence,"packageDirWatcher.dirPathToWatcher.set(dirPath, {
                watcher: createDirPathToWatcher(),
                refCount: 1,
            })",Present undefined value or callable optional slot does not satisfy the exact optional target contract.,"Adapted source: packageDirWatcher.dirPathToWatcher.set(dirPath, {
                watcher: createDirPathToWatcher(),
                refCount: 1,
            });
2026-10-08 project-input stock option ablation removes this exact row: exactOptionalPropertyTypes.",,exactOptionalPropertyTypes,not assessed: no class 1 rows,,true,"Type 'DirectoryWatchesOfFailedLookup | undefined' is not assignable to type 'DirectoryWatchesOfFailedLookup'.
  Type 'undefined' is not assignable to type 'DirectoryWatchesOfFailedLookup'.",,scheduled,,not reached,False,"/tmp/stricter-indexed-all-typescript/src/compiler/sys.ts:1502:51: stage 0 can't lower a namespace read before runtime initialization, directly or through a reachable call; move that read or call after the namespace declaration yet",,False
D142,src/compiler/resolutionCache.ts,1332,58,TS2375,"Type '{ watcher: FileWatcher; refCount: number; nonRecursive: boolean | undefined; }' is not assignable to type 'DirectoryWatchesOfFailedLookup' with 'exactOptionalPropertyTypes: true'. Consider adding 'undefined' to the types of the target's properties.
  Types of property 'nonRecursive' are incompatible.
    Type 'boolean | undefined' is not assignable to type 'boolean'.
      Type 'undefined' is not assignable to type 'boolean'.",2,,createResolutionCache.createOrAddRefToDirectoryWatchOfFailedLookups,1325,exactOptionalPropertyTypes,optional-presence,"directoryWatchesOfFailedLookups.set(dirPath, dirWatcher = { watcher: createDirectoryWatcher(dir, dirPath, nonRecursive), refCount: 1, nonRecursive })",Present undefined value or callable optional slot does not satisfy the exact optional target contract.,"Adapted source: directoryWatchesOfFailedLookups.set(dirPath, dirWatcher = { watcher: createDirectoryWatcher(dir, dirPath, nonRecursive), refCount: 1, nonRecursive });
2026-10-08 project-input stock option ablation removes this exact row: exactOptionalPropertyTypes.",,exactOptionalPropertyTypes,not assessed: no class 1 rows,,true,"Type '{ watcher: FileWatcher; refCount: number; nonRecursive: boolean | undefined; }' is not assignable to type 'DirectoryWatchesOfFailedLookup' with 'exactOptionalPropertyTypes: true'. Consider adding 'undefined' to the types of the target's properties.
  Types of property 'nonRecursive' are incompatible.
    Type 'boolean | undefined' is not assignable to type 'boolean'.
      Type 'undefined' is not assignable to type 'boolean'.",,scheduled,,not reached,False,"/tmp/stricter-indexed-all-typescript/src/compiler/sys.ts:1502:51: stage 0 can't lower a namespace read before runtime initialization, directly or through a reachable call; move that read or call after the namespace declaration yet",,False
D143,src/compiler/resolutionCache.ts,1332,58,TS2379,"Argument of type '{ watcher: FileWatcher; refCount: number; nonRecursive: boolean | undefined; }' is not assignable to parameter of type 'DirectoryWatchesOfFailedLookup' with 'exactOptionalPropertyTypes: true'. Consider adding 'undefined' to the types of the target's properties.
  Types of property 'nonRecursive' are incompatible.
    Type 'boolean | undefined' is not assignable to type 'boolean'.
      Type 'undefined' is not assignable to type 'boolean'.",2,,createResolutionCache.createOrAddRefToDirectoryWatchOfFailedLookups,1325,exactOptionalPropertyTypes,optional-presence,"directoryWatchesOfFailedLookups.set(dirPath, dirWatcher = { watcher: createDirectoryWatcher(dir, dirPath, nonRecursive), refCount: 1, nonRecursive })",Present undefined value or callable optional slot does not satisfy the exact optional target contract.,"Adapted source: directoryWatchesOfFailedLookups.set(dirPath, dirWatcher = { watcher: createDirectoryWatcher(dir, dirPath, nonRecursive), refCount: 1, nonRecursive });
2026-10-08 project-input stock option ablation removes this exact row: exactOptionalPropertyTypes.",,exactOptionalPropertyTypes,not assessed: no class 1 rows,,true,"Argument of type '{ watcher: FileWatcher; refCount: number; nonRecursive: boolean | undefined; }' is not assignable to parameter of type 'DirectoryWatchesOfFailedLookup' with 'exactOptionalPropertyTypes: true'. Consider adding 'undefined' to the types of the target's properties.
  Types of property 'nonRecursive' are incompatible.
    Type 'boolean | undefined' is not assignable to type 'boolean'.
      Type 'undefined' is not assignable to type 'boolean'.",,scheduled,,not reached,False,"/tmp/stricter-indexed-all-typescript/src/compiler/sys.ts:1502:51: stage 0 can't lower a namespace read before runtime initialization, directly or through a reachable call; move that read or call after the namespace declaration yet",,False
D144,src/compiler/resolutionCache.ts,1386,9,TS2412,Type 'undefined' is not assignable to type 'Set<Path>' with 'exactOptionalPropertyTypes: true'. Consider adding 'undefined' to the type of the target.,2,,createResolutionCache.stopWatchFailedLookupLocationOfResolution,1379,exactOptionalPropertyTypes,optional-presence,resolution.files,Present undefined value or callable optional slot does not satisfy the exact optional target contract.,"Adapted source: resolution.files = undefined;
2026-10-08 project-input stock option ablation removes this exact row: exactOptionalPropertyTypes.",,exactOptionalPropertyTypes,not assessed: no class 1 rows,,true,Type 'undefined' is not assignable to type 'Set<Path>' with 'exactOptionalPropertyTypes: true'. Consider adding 'undefined' to the type of the target.,,scheduled,,not reached,False,"/tmp/stricter-indexed-all-typescript/src/compiler/sys.ts:1502:51: stage 0 can't lower a namespace read before runtime initialization, directly or through a reachable call; move that read or call after the namespace declaration yet",,False
D151,src/compiler/sourcemap.ts,216,58,TS2345,"Argument of type 'string | null | undefined' is not assignable to parameter of type 'string | null'.
  Type 'undefined' is not assignable to type 'string | null'.",2,,createSourceMapGenerator.appendSourceMap,176,noUncheckedIndexedAccess,indexed-presence,map.sourcesContent,"Unchecked element/index-signature read contributes undefined, directly or through a local/result.","Adapted source: setSourceContent(newSourceIndex, map.sourcesContent[raw.sourceIndex]);
2026-10-08 project-input stock option ablation removes this exact row: noUncheckedIndexedAccess.",,noUncheckedIndexedAccess,not assessed: no class 1 rows,,true,"Argument of type 'string | null | undefined' is not assignable to parameter of type 'string | null'.
  Type 'undefined' is not assignable to type 'string | null'.",,scheduled,,not reached,False,"/tmp/stricter-indexed-all-typescript/src/compiler/sys.ts:1502:51: stage 0 can't lower a namespace read before runtime initialization, directly or through a reachable call; move that read or call after the namespace declaration yet",,False
D152,src/compiler/sys.ts,1281,43,TS18046,'e' is of type 'unknown'.,2,,createSystemWatchFunctions.fsWatchHandlingExistenceOnHost.watchPresentFileSystemEntry,1257,useUnknownInCatchVariables,catch-error,e.code,Catch binding is unknown; member access or returned error requires a narrower type.,"Adapted source: hitSystemWatcherLimit ||= e.code === ""ENOSPC"";
2026-10-08 project-input stock option ablation removes this exact row: useUnknownInCatchVariables.",,useUnknownInCatchVariables,not assessed: no class 1 rows,,true,'e' is of type 'unknown'.,,refused,no use-site guard contract supports this diagnostic: /tmp/stricter-indexed-all-typescript/src/compiler/sys.ts:1281:43: error TS18046: 'e' is of type 'unknown'.,not reached,False,"/tmp/stricter-indexed-all-typescript/src/compiler/sys.ts:1502:51: stage 0 can't lower a namespace read before runtime initialization, directly or through a reachable call; move that read or call after the namespace declaration yet",checker diagnostic,True
D153,src/compiler/sys.ts,1617,13,TS2322,"Type '(baseDir: string, moduleName: string) => { module: any; modulePath: string; error: undefined; } | { module: undefined; modulePath: undefined; error: unknown; }' is not assignable to type '(baseDir: string, moduleName: string) => ModuleImportResult'.
  Type '{ module: any; modulePath: string; error: undefined; } | { module: undefined; modulePath: undefined; error: unknown; }' is not assignable to type 'ModuleImportResult'.
    Type '{ module: undefined; modulePath: undefined; error: unknown; }' is not assignable to type 'ModuleImportResult'.
      Type '{ module: undefined; modulePath: undefined; error: unknown; }' is not assignable to type '{ module: undefined; modulePath?: undefined; error: { stack?: string; message?: string; }; }'.
        Types of property 'error' are incompatible.
          Type 'unknown' is not assignable to type '{ stack?: string; message?: string; }'.",2,,sys.getNodeSystem,1469,useUnknownInCatchVariables,catch-error,"(() => {
    // NodeJS detects ""\uFEFF"" at the start of the string and *replaces* it with the actual
    // byte order mark from the specified encoding. Using any other byte order mark does
    // not actually work.
    const byteOrderMarkIndicator = ""\uFEFF"";

    function getNodeSystem(): System {
        const nativePattern = /^native |^\([^)]+\)$|^(?:internal[\\/]|[\w\s]+(?:\.js)?$)/;
        const _fs: typeof import(""fs"") = require(""fs"");
        const _path: typeof import(""path"") = require(""path"");
        const _os = require(""os"");
        // crypto can be absent on reduced node installations
        let _crypto: typeof import(""crypto"") | undefined;
        try {
            _crypto = require(""crypto"");
        }
        catch {
            _crypto = undefined;
        }
        let activeSession: import(""inspector"").Session | ""stopping"" | undefined;
        let profilePath = ""./profile.cpuprofile"";

        const isMacOs = process.platform === ""darwin"";
        const isLinuxOrMacOs = process.platform === ""linux"" || isMacOs;

        const statSyncOptions = { throwIfNoEntry: false } as const;

        const platform: string = _os.platform();
        const useCaseSensitiveFileNames = isFileSystemCaseSensitive();
        const fsRealpath = !!_fs.realpathSync.native ? process.platform === ""win32"" ? fsRealPathHandlingLongPath : _fs.realpathSync.native : _fs.realpathSync;

        // If our filename is ""sys.js"", then we are executing unbundled on the raw tsc output.
        // In that case, simulate a faked path in the directory where a bundle would normally
        // appear (e.g. the directory containing lib.*.d.ts files).
        //
        // Note that if we ever emit as files like cjs/mjs, this check will be wrong.
        const executingFilePath = __filename.endsWith(""sys.js"") ? _path.join(_path.dirname(__dirname), ""__fake__.js"") : __filename;

        const fsSupportsRecursiveFsWatch = process.platform === ""win32"" || isMacOs;
        const getCurrentDirectory = memoize(() => process.cwd());
        const { watchFile, watchDirectory } = createSystemWatchFunctions({
            pollingWatchFileWorker: fsWatchFileWorker,
            getModifiedTime,
            setTimeout,
            clearTimeout,
            fsWatchWorker,
            useCaseSensitiveFileNames,
            getCurrentDirectory,
            fileSystemEntryExists,
            // Node 4.0 `fs.watch` function supports the ""recursive"" option on both OSX and Windows
            // (ref: https://github.com/nodejs/node/pull/2649 and https://github.com/Microsoft/TypeScript/issues/4643)
            fsSupportsRecursiveFsWatch,
            getAccessibleSortedChildDirectories: path => getAccessibleFileSystemEntries(path).directories,
            realpath,
            tscWatchFile: process.env.TSC_WATCHFILE,
            useNonPollingWatchers: !!process.env.TSC_NONPOLLING_WATCHER,
            tscWatchDirectory: process.env.TSC_WATCHDIRECTORY,
            inodeWatching: isLinuxOrMacOs,
            fsWatchWithTimestamp: isMacOs,
            sysLog,
        });
        const nodeSystem: System = {
            args: process.argv.slice(2),
            newLine: _os.EOL,
            useCaseSensitiveFileNames,
            write(s: string): void {
                process.stdout.write(s);
            },
            getWidthOfTerminal() {
                return process.stdout.columns;
            },
            writeOutputIsTTY() {
                return process.stdout.isTTY;
            },
            readFile,
            writeFile,
            watchFile,
            watchDirectory,
            preferNonRecursiveWatch: !fsSupportsRecursiveFsWatch,
            resolvePath: path => _path.resolve(path),
            fileExists,
            directoryExists,
            getAccessibleFileSystemEntries,
            createDirectory(directoryName: string) {
                if (!nodeSystem.directoryExists(directoryName)) {
                    // Wrapped in a try-catch to prevent crashing if we are in a race
                    // with another copy of ourselves to create the same directory
                    try {
                        _fs.mkdirSync(directoryName);
                    }
                    catch (e) {
                        if (errorCode(e) !== ""EEXIST"") {
                            // Failed for some other reason (access denied?); still throw
                            throw e;
                        }
                    }
                }
            },
            getExecutingFilePath() {
                return executingFilePath;
            },
            getCurrentDirectory,
            getDirectories,
            getEnvironmentVariable(name: string) {
                return process.env[name] || """";
            },
            readDirectory,
            getModifiedTime,
            setModifiedTime,
            deleteFile,
            createHash: _crypto ? createSHA256Hash : generateDjb2Hash,
            createSHA256Hash: _crypto ? createSHA256Hash : undefined,
            getMemoryUsage() {
                if (global.gc) {
                    global.gc();
                }
                return process.memoryUsage().heapUsed;
            },
            getFileSize(path) {
                const stat = statSync(path);
                if (stat?.isFile()) {
                    return stat.size;
                }
                return 0;
            },
            exit(exitCode?: number): void {
                disableCPUProfiler(() => process.exit(exitCode));
            },
            enableCPUProfiler,
            disableCPUProfiler,
            cpuProfilingEnabled: () => !!activeSession || contains(process.execArgv, ""--cpu-prof"") || contains(process.execArgv, ""--prof""),
            realpath,
            debugMode: !!process.env.NODE_INSPECTOR_IPC || !!process.env.VSCODE_INSPECTOR_OPTIONS || some(process.execArgv, arg => /^--(?:inspect|debug)(?:-brk)?(?:=\d+)?$/i.test(arg)) || !!(process as any).recordreplay,
            tryEnableSourceMapsForHost() {
                try {
                    (require(""source-map-support"") as typeof import(""source-map-support"")).install();
                }
                catch {
                    // Could not enable source maps.
                }
            },
            setTimeout,
            clearTimeout,
            clearScreen: () => {
                process.stdout.write(""\x1B[2J\x1B[3J\x1B[H"");
            },
            setBlocking: () => {
                const handle = (process.stdout as any)?._handle as { setBlocking?: (value: boolean) => void; };
                if (handle && handle.setBlocking) {
                    handle.setBlocking(true);
                }
            },
            base64decode: input => Buffer.from(input, ""base64"").toString(""utf8""),
            base64encode: input => Buffer.from(input).toString(""base64""),
            require: (baseDir, moduleName) => {
                try {
                    const modulePath = resolveJSModule(moduleName, baseDir, nodeSystem);
                    return { module: require(modulePath), modulePath, error: undefined };
                }
                catch (error) {
                    return { module: undefined, modulePath: undefined, error };
                }
            },
        };
        return nodeSystem;

        /** Calls fs.statSync, returning undefined if any errors are thrown */
        function statSync(path: string): import(""fs"").Stats | undefined {
            // throwIfNoEntry is available in Node 14.17 and above, which matches our supported range.
            try {
                return _fs.statSync(path, statSyncOptions);
            }
            catch {
                // This should never happen as we are passing throwIfNoEntry: false,
                // but guard against this just in case (e.g. a polyfill doesn't check this flag).
                return undefined;
            }
        }

        /**
         * Uses the builtin inspector APIs to capture a CPU profile
         * See https://nodejs.org/api/inspector.html#inspector_example_usage for details
         */
        function enableCPUProfiler(path: string, cb: () => void) {
            if (activeSession) {
                cb();
                return false;
            }
            const inspector: typeof import(""inspector"") = require(""inspector"");
            if (!inspector || !inspector.Session) {
                cb();
                return false;
            }
            const session = new inspector.Session();
            session.connect();

            session.post(""Profiler.enable"", () => {
                session.post(""Profiler.start"", () => {
                    activeSession = session;
                    profilePath = path;
                    cb();
                });
            });
            return true;
        }

        /**
         * Strips non-TS paths from the profile, so users with private projects shouldn't
         * need to worry about leaking paths by submitting a cpu profile to us
         */
        function cleanupPaths(profile: import(""inspector"").Profiler.Profile) {
            let externalFileCounter = 0;
            const remappedPaths = new Map<string, string>();
            const normalizedDir = normalizeSlashes(_path.dirname(executingFilePath));
            // Windows rooted dir names need an extra `/` prepended to be valid file:/// urls
            const fileUrlRoot = `file://${getRootLength(normalizedDir) === 1 ? """" : ""/""}${normalizedDir}`;
            for (const node of profile.nodes) {
                if (node.callFrame.url) {
                    const url = normalizeSlashes(node.callFrame.url);
                    if (containsPath(fileUrlRoot, url, useCaseSensitiveFileNames)) {
                        node.callFrame.url = getRelativePathToDirectoryOrUrl(fileUrlRoot, url, fileUrlRoot, createGetCanonicalFileName(useCaseSensitiveFileNames), /*isAbsolutePathAnUrl*/ true);
                    }
                    else if (!nativePattern.test(url)) {
                        node.callFrame.url = (remappedPaths.has(url) ? remappedPaths : remappedPaths.set(url, `external${externalFileCounter}.js`)).get(url)!;
                        externalFileCounter++;
                    }
                }
            }
            return profile;
        }

        function disableCPUProfiler(cb: () => void) {
            if (activeSession && activeSession !== ""stopping"") {
                const s = activeSession;
                activeSession.post(""Profiler.stop"", (err, { profile }) => {
                    if (!err) {
                        if (statSync(profilePath)?.isDirectory()) {
                            profilePath = _path.join(profilePath, `${(new Date()).toISOString().replace(/:/g, ""-"")}+P${process.pid}.cpuprofile`);
                        }
                        try {
                            _fs.mkdirSync(_path.dirname(profilePath), { recursive: true });
                        }
                        catch {
                            // do nothing and ignore fallible fs operation
                        }
                        _fs.writeFileSync(profilePath, JSON.stringify(cleanupPaths(profile)));
                    }
                    activeSession = undefined;
                    s.disconnect();
                    cb();
                });
                activeSession = ""stopping"";
                return true;
            }
            else {
                cb();
                return false;
            }
        }

        function isFileSystemCaseSensitive(): boolean {
            // win32\win64 are case insensitive platforms
            if (platform === ""win32"" || platform === ""win64"") {
                return false;
            }
            // If this file exists under a different case, we must be case-insensitve.
            return !fileExists(swapCase(__filename));
        }

        /** Convert all lowercase chars to uppercase, and vice-versa */
        function swapCase(s: string): string {
            return s.replace(/\w/g, ch => {
                const up = ch.toUpperCase();
                return ch === up ? ch.toLowerCase() : up;
            });
        }

        function fsWatchFileWorker(fileName: string, callback: FileWatcherCallback, pollingInterval: number): FileWatcher {
            _fs.watchFile(fileName, { persistent: true, interval: pollingInterval }, fileChanged);
            let eventKind: FileWatcherEventKind;
            return {
                close: () => _fs.unwatchFile(fileName, fileChanged),
            };

            function fileChanged(curr: import(""fs"").Stats, prev: import(""fs"").Stats) {
                // previous event kind check is to ensure we recongnize the file as previously also missing when it is restored or renamed twice (that is it disappears and reappears)
                // In such case, prevTime returned is same as prev time of event when file was deleted as per node documentation
                const isPreviouslyDeleted = +prev.mtime === 0 || eventKind === FileWatcherEventKind.Deleted;
                if (+curr.mtime === 0) {
                    if (isPreviouslyDeleted) {
                        // Already deleted file, no need to callback again
                        return;
                    }
                    eventKind = FileWatcherEventKind.Deleted;
                }
                else if (isPreviouslyDeleted) {
                    eventKind = FileWatcherEventKind.Created;
                }
                // If there is no change in modified time, ignore the event
                else if (+curr.mtime === +prev.mtime) {
                    return;
                }
                else {
                    // File changed
                    eventKind = FileWatcherEventKind.Changed;
                }
                callback(fileName, eventKind, curr.mtime);
            }
        }

        function fsWatchWorker(
            fileOrDirectory: string,
            recursive: boolean,
            callback: FsWatchCallback,
        ) {
            // Node 4.0 `fs.watch` function supports the ""recursive"" option on both OSX and Windows
            // (ref: https://github.com/nodejs/node/pull/2649 and https://github.com/Microsoft/TypeScript/issues/4643)
            return _fs.watch(
                fileOrDirectory,
                fsSupportsRecursiveFsWatch ?
                    { persistent: true, recursive: !!recursive } : { persistent: true },
                callback,
            );
        }

        function readFile(fileName: string, _encoding?: string): string | undefined {
            let buffer: Buffer;
            try {
                buffer = _fs.readFileSync(fileName);
            }
            catch {
                return undefined;
            }
            let len = buffer.length;
            if (len >= 2 && buffer[0]! === 0xFE && buffer[1]! === 0xFF) {
                // Big endian UTF-16 byte order mark detected. Since big endian is not supported by node.js,
                // flip all byte pairs and treat as little endian.
                len &= ~1; // Round down to a multiple of 2
                for (let i = 0; i < len; i += 2) {
                    const temp = buffer[i]!;
                    buffer[i] = buffer[i + 1]!;
                    buffer[i + 1] = temp;
                }
                return buffer.toString(""utf16le"", 2);
            }
            if (len >= 2 && buffer[0]! === 0xFF && buffer[1]! === 0xFE) {
                // Little endian UTF-16 byte order mark detected
                return buffer.toString(""utf16le"", 2);
            }
            if (len >= 3 && buffer[0]! === 0xEF && buffer[1]! === 0xBB && buffer[2]! === 0xBF) {
                // UTF-8 byte order mark detected
                return buffer.toString(""utf8"", 3);
            }
            // Default is UTF-8 with no byte order mark
            return buffer.toString(""utf8"");
        }

        function writeFile(fileName: string, data: string, writeByteOrderMark?: boolean): void {
            // If a BOM is required, emit one
            if (writeByteOrderMark) {
                data = byteOrderMarkIndicator + data;
            }

            let fd: number | undefined;

            try {
                fd = _fs.openSync(fileName, ""w"");
                _fs.writeSync(fd, data, /*position*/ undefined, ""utf8"");
            }
            finally {
                if (fd !== undefined) {
                    _fs.closeSync(fd);
                }
            }
        }

        function getAccessibleFileSystemEntries(path: string): FileSystemEntries {
            try {
                const entries = _fs.readdirSync(path || ""."", { withFileTypes: true });
                const files: string[] = [];
                const directories: string[] = [];
                for (const dirent of entries) {
                    // withFileTypes is not supported before Node 10.10.
                    const entry = typeof dirent === ""string"" ? dirent : dirent.name;

                    // This is necessary because on some file system node fails to exclude
                    // ""."" and "".."". See https://github.com/nodejs/node/issues/4002
                    if (entry === ""."" || entry === "".."") {
                        continue;
                    }

                    let stat: import(""fs"").Stats | import(""fs"").Dirent | undefined;
                    if (typeof dirent === ""string"" || dirent.isSymbolicLink()) {
                        const name = combinePaths(path, entry);

                        stat = statSync(name);
                        if (!stat) {
                            continue;
                        }
                    }
                    else {
                        stat = dirent;
                    }

                    if (stat.isFile()) {
                        files.push(entry);
                    }
                    else if (stat.isDirectory()) {
                        directories.push(entry);
                    }
                }
                files.sort();
                directories.sort();
                return { files, directories };
            }
            catch {
                return emptyFileSystemEntries;
            }
        }

        function readDirectory(path: string, extensions?: readonly string[], excludes?: readonly string[], includes?: readonly string[], depth?: number): string[] {
            return matchFiles(path, extensions, excludes, includes, useCaseSensitiveFileNames, process.cwd(), depth, getAccessibleFileSystemEntries, realpath);
        }

        function fileSystemEntryExists(path: string, entryKind: FileSystemEntryKind): boolean {
            const stat = statSync(path);
            if (!stat) {
                return false;
            }
            switch (entryKind) {
                case FileSystemEntryKind.File:
                    return stat.isFile();
                case FileSystemEntryKind.Directory:
                    return stat.isDirectory();
                default:
                    return false;
            }
        }

        function fileExists(path: string): boolean {
            return fileSystemEntryExists(path, FileSystemEntryKind.File);
        }

        function directoryExists(path: string): boolean {
            return fileSystemEntryExists(path, FileSystemEntryKind.Directory);
        }

        function getDirectories(path: string): string[] {
            return getAccessibleFileSystemEntries(path).directories.slice();
        }

        function fsRealPathHandlingLongPath(path: string): string {
            return path.length < 260 ? _fs.realpathSync.native(path) : _fs.realpathSync(path);
        }

        function realpath(path: string): string {
            try {
                return fsRealpath(path);
            }
            catch {
                return path;
            }
        }

        function getModifiedTime(path: string) {
            return statSync(path)?.mtime;
        }

        function setModifiedTime(path: string, time: Date) {
            try {
                _fs.utimesSync(path, time, time);
            }
            catch {
                return;
            }
        }

        function deleteFile(path: string) {
            try {
                return _fs.unlinkSync(path);
            }
            catch {
                return;
            }
        }

        function createSHA256Hash(data: string): string {
            const hash = _crypto!.createHash(""sha256"");
            hash.update(data);
            return hash.digest(""hex"");
        }
    }

    let sys: System | undefined;
    if (isNodeLikeSystem()) {
        sys = getNodeSystem();
    }
    if (sys) {
        // patch writefile to create folder before writing the file
        patchWriteFileEnsuringDirectory(sys);
    }
    return sys!;
})()",Catch binding is unknown; member access or returned error requires a narrower type.,"Adapted source: nodeSystem: System = {
            args: process.argv.slice(2),
            newLine: _os.EOL,
            useCaseSensitiveFileNames,
            write(s: string): void {
                process.stdout.write(s);
            },
            getWidthOfTerminal() {
                return process.stdout.columns;
            },
            writeOutputIsTTY() {
                return process.stdout.isTTY;
            },
            readFile,
            writeFile,
            watchFile,
            watchDirectory,
            preferNonRecursiveWatch: !fsSupportsRecursiveFsWatch,
            resolvePath: path => _path.resolve(path),
            fileExists,
            directoryExists,
            getAccessibleFileSystemEntries,
            createDirectory(directoryName: string) {
                if (!nodeSystem.directoryExists(directoryName)) {
                    // Wrapped in a try-catch to prevent crashing if we are in a race
                    // with another copy of ourselves to create the same directory
                    try {
                        _fs.mkdirSync(directoryName);
                    }
                    catch (e) {
                        if (errorCode(e) !== ""EEXIST"") {
                            // Failed for some other reason (access denied?); still throw
                            throw e;
                        }
                    }
                }
            },
            getExecutingFilePath() {
                return executingFilePath;
            },
            getCurrentDirectory,
            getDirectories,
            getEnvironmentVariable(name: string) {
                return process.env[name] || """";
            },
            readDirectory,
            getModifiedTime,
            setModifiedTime,
            deleteFile,
            createHash: _crypto ? createSHA256Hash : generateDjb2Hash,
            createSHA256Hash: _crypto ? createSHA256Hash : undefined,
            getMemoryUsage() {
                if (global.gc) {
                    global.gc();
                }
                return process.memoryUsage().heapUsed;
            },
            getFileSize(path) {
                const stat = statSync(path);
                if (stat?.isFile()) {
                    return stat.size;
                }
                return 0;
            },
            exit(exitCode?: number): void {
                disableCPUProfiler(() => process.exit(exitCode));
            },
            enableCPUProfiler,
            disableCPUProfiler,
            cpuProfilingEnabled: () => !!activeSession || contains(process.execArgv, ""--cpu-prof"") || contains(process.execArgv, ""--prof""),
            realpath,
            debugMode: !!process.env.NODE_INSPECTOR_IPC || !!process.env.VSCODE_INSPECTOR_OPTIONS || some(process.execArgv, arg => /^--(?:inspect|debug)(?:-brk)?(?:=\d+)?$/i.test(arg)) || !!(process as any).recordreplay,
            tryEnableSourceMapsForHost() {
                try {
                    (require(""source-map-support"") as typeof import(""source-map-support"")).install();
                }
                catch {
                    // Could not enable source maps.
                }
            },
            setTimeout,
            clearTimeout,
            clearScreen: () => {
                process.stdout.write(""\x1B[2J\x1B[3J\x1B[H"");
            },
            setBlocking: () => {
                const handle = (process.stdout as any)?._handle as { setBlocking?: (value: boolean) => void; };
                if (handle && handle.setBlocking) {
                    handle.setBlocking(true);
                }
            },
            base64decode: input => Buffer.from(input, ""base64"").toString(""utf8""),
            base64encode: input => Buffer.from(input).toString(""base64""),
            require: (baseDir, moduleName) => {
                try {
                    const modulePath = resolveJSModule(moduleName, baseDir, nodeSystem);
                    return { module: require(modulePath), modulePath, error: undefined };
                }
                catch (error) {
                    return { module: undefined, modulePath: undefined, error };
                }
            },
        }
2026-10-08 project-input stock option ablation removes this exact row: useUnknownInCatchVariables.",,useUnknownInCatchVariables,not assessed: no class 1 rows,,true,"Type '(baseDir: string, moduleName: string) => { module: any; modulePath: string; error: undefined; } | { module: undefined; modulePath: undefined; error: unknown; }' is not assignable to type '(baseDir: string, moduleName: string) => ModuleImportResult'.
  Type '{ module: any; modulePath: string; error: undefined; } | { module: undefined; modulePath: undefined; error: unknown; }' is not assignable to type 'ModuleImportResult'.
    Type '{ module: undefined; modulePath: undefined; error: unknown; }' is not assignable to type 'ModuleImportResult'.
      Type '{ module: undefined; modulePath: undefined; error: unknown; }' is not assignable to type '{ module: undefined; modulePath?: undefined; error: { stack?: string; message?: string; }; }'.
        Types of property 'error' are incompatible.
          Type 'unknown' is not assignable to type '{ stack?: string; message?: string; }'.",,refused,"no use-site guard contract supports this diagnostic: /tmp/stricter-indexed-all-typescript/src/compiler/sys.ts:1617:13: error TS2322: Type '(baseDir: string, moduleName: string) => { module: any; modulePath: string; error: undefined; } | { module: undefined; modulePath: undefined; error: unknown; }' is not assignable to type '(baseDir: string, moduleName: string) => ModuleImportResult'.
  Type '{ module: any; modulePath: string; error: undefined; } | { module: undefined; modulePath: undefined; error: unknown; }' is not assignable to type 'ModuleImportResult'.
    Type '{ module: undefined; modulePath: undefined; error: unknown; }' is not assignable to type 'ModuleImportResult'.
      Type '{ module: undefined; modulePath: undefined; error: unknown; }' is not assignable to type '{ module: undefined; modulePath?: undefined; error: { stack?: string; message?: string; }; }'.
        Types of property 'error' are incompatible.
          Type 'unknown' is not assignable to type '{ stack?: string; message?: string; }'.",not reached,False,"/tmp/stricter-indexed-all-typescript/src/compiler/sys.ts:1502:51: stage 0 can't lower a namespace read before runtime initialization, directly or through a reachable call; move that read or call after the namespace declaration yet",checker diagnostic,True
D154,src/compiler/sys.ts,1708,56,TS2345,"Argument of type 'string | undefined' is not assignable to parameter of type 'string | ArrayBufferView<ArrayBufferLike>'.
  Type 'undefined' is not assignable to type 'string | ArrayBufferView<ArrayBufferLike>'.",2,,sys.getNodeSystem.disableCPUProfiler,1697,other,json-stringify-defined,JSON.stringify,Adamic prelude adds JSON.stringify overload returning string | undefined; stock es2024 declares string.,"Adapted source: _fs.writeFileSync(profilePath, JSON.stringify(cleanupPaths(profile)));
Stock tsc with the census loader declarations reports this exact site; unmodified stock declarations do not. The linked declaration witness reproduces the cause.
No individual strict-option ablation removes the row; the cause is an Adamic ambient contract.",,,not assessed: no class 1 rows,,false,"Argument of type 'string | undefined' is not assignable to parameter of type 'string | ArrayBufferView<ArrayBufferLike>'.
  Type 'undefined' is not assignable to type 'string | ArrayBufferView<ArrayBufferLike>'.",../witnesses/json.a,scheduled,,not reached,False,"/tmp/stricter-indexed-all-typescript/src/compiler/sys.ts:1502:51: stage 0 can't lower a namespace read before runtime initialization, directly or through a reachable call; move that read or call after the namespace declaration yet",,False
D155,src/compiler/transformer.ts,367,9,TS2532,Object is possibly 'undefined'.,2,,transformNodes.enableSubstitution,365,noUncheckedIndexedAccess,indexed-presence,enabledSyntaxKindFeatures[kind],"Unchecked element/index-signature read contributes undefined, directly or through a local/result.","Adapted source: enabledSyntaxKindFeatures[kind] |= SyntaxKindFeatureFlags.Substitution;
2026-10-08 project-input stock option ablation removes this exact row: noUncheckedIndexedAccess.",,noUncheckedIndexedAccess,not assessed: no class 1 rows,,true,Object is possibly 'undefined'.,,scheduled,,not reached,False,"/tmp/stricter-indexed-all-typescript/src/compiler/sys.ts:1502:51: stage 0 can't lower a namespace read before runtime initialization, directly or through a reachable call; move that read or call after the namespace declaration yet",,False
D156,src/compiler/transformer.ts,395,9,TS2532,Object is possibly 'undefined'.,2,,transformNodes.enableEmitNotification,393,noUncheckedIndexedAccess,indexed-presence,enabledSyntaxKindFeatures[kind],"Unchecked element/index-signature read contributes undefined, directly or through a local/result.","Adapted source: enabledSyntaxKindFeatures[kind] |= SyntaxKindFeatureFlags.EmitNotifications;
2026-10-08 project-input stock option ablation removes this exact row: noUncheckedIndexedAccess.",,noUncheckedIndexedAccess,not assessed: no class 1 rows,,true,Object is possibly 'undefined'.,,scheduled,,not reached,False,"/tmp/stricter-indexed-all-typescript/src/compiler/sys.ts:1502:51: stage 0 can't lower a namespace read before runtime initialization, directly or through a reachable call; move that read or call after the namespace declaration yet",,False
D157,src/compiler/transformer.ts,563,9,TS2322,"Type 'VariableDeclaration[] | undefined' is not assignable to type 'VariableDeclaration[]'.
  Type 'undefined' is not assignable to type 'VariableDeclaration[]'.",2,,transformNodes.endLexicalEnvironment,520,noUncheckedIndexedAccess,indexed-presence,lexicalEnvironmentVariableDeclarations,"Unchecked element/index-signature read contributes undefined, directly or through a local/result.","Adapted source: lexicalEnvironmentVariableDeclarations = lexicalEnvironmentVariableDeclarationsStack[lexicalEnvironmentStackOffset];
2026-10-08 project-input stock option ablation removes this exact row: noUncheckedIndexedAccess.",,noUncheckedIndexedAccess,not assessed: no class 1 rows,,true,"Type 'VariableDeclaration[] | undefined' is not assignable to type 'VariableDeclaration[]'.
  Type 'undefined' is not assignable to type 'VariableDeclaration[]'.",,scheduled,,not reached,False,"/tmp/stricter-indexed-all-typescript/src/compiler/sys.ts:1502:51: stage 0 can't lower a namespace read before runtime initialization, directly or through a reachable call; move that read or call after the namespace declaration yet",,False
D158,src/compiler/transformer.ts,564,9,TS2322,"Type 'FunctionDeclaration[] | undefined' is not assignable to type 'FunctionDeclaration[]'.
  Type 'undefined' is not assignable to type 'FunctionDeclaration[]'.",2,,transformNodes.endLexicalEnvironment,520,noUncheckedIndexedAccess,indexed-presence,lexicalEnvironmentFunctionDeclarations,"Unchecked element/index-signature read contributes undefined, directly or through a local/result.","Adapted source: lexicalEnvironmentFunctionDeclarations = lexicalEnvironmentFunctionDeclarationsStack[lexicalEnvironmentStackOffset];
2026-10-08 project-input stock option ablation removes this exact row: noUncheckedIndexedAccess.",,noUncheckedIndexedAccess,not assessed: no class 1 rows,,true,"Type 'FunctionDeclaration[] | undefined' is not assignable to type 'FunctionDeclaration[]'.
  Type 'undefined' is not assignable to type 'FunctionDeclaration[]'.",,scheduled,,not reached,False,"/tmp/stricter-indexed-all-typescript/src/compiler/sys.ts:1502:51: stage 0 can't lower a namespace read before runtime initialization, directly or through a reachable call; move that read or call after the namespace declaration yet",,False
D159,src/compiler/transformer.ts,565,9,TS2322,"Type 'Statement[] | undefined' is not assignable to type 'Statement[]'.
  Type 'undefined' is not assignable to type 'Statement[]'.",2,,transformNodes.endLexicalEnvironment,520,noUncheckedIndexedAccess,indexed-presence,lexicalEnvironmentStatements,"Unchecked element/index-signature read contributes undefined, directly or through a local/result.","Adapted source: lexicalEnvironmentStatements = lexicalEnvironmentStatementsStack[lexicalEnvironmentStackOffset];
2026-10-08 project-input stock option ablation removes this exact row: noUncheckedIndexedAccess.",,noUncheckedIndexedAccess,not assessed: no class 1 rows,,true,"Type 'Statement[] | undefined' is not assignable to type 'Statement[]'.
  Type 'undefined' is not assignable to type 'Statement[]'.",,scheduled,,not reached,False,"/tmp/stricter-indexed-all-typescript/src/compiler/sys.ts:1502:51: stage 0 can't lower a namespace read before runtime initialization, directly or through a reachable call; move that read or call after the namespace declaration yet",,False
D160,src/compiler/transformer.ts,614,9,TS2322,"Type 'Identifier[] | undefined' is not assignable to type 'Identifier[]'.
  Type 'undefined' is not assignable to type 'Identifier[]'.",2,,transformNodes.endBlockScope,600,noUncheckedIndexedAccess,indexed-presence,blockScopedVariableDeclarations,"Unchecked element/index-signature read contributes undefined, directly or through a local/result.","Adapted source: blockScopedVariableDeclarations = blockScopedVariableDeclarationsStack[blockScopeStackOffset];
2026-10-08 project-input stock option ablation removes this exact row: noUncheckedIndexedAccess.",,noUncheckedIndexedAccess,not assessed: no class 1 rows,,true,"Type 'Identifier[] | undefined' is not assignable to type 'Identifier[]'.
  Type 'undefined' is not assignable to type 'Identifier[]'.",,scheduled,,not reached,False,"/tmp/stricter-indexed-all-typescript/src/compiler/sys.ts:1502:51: stage 0 can't lower a namespace read before runtime initialization, directly or through a reachable call; move that read or call after the namespace declaration yet",,False
D161,src/compiler/transformers/classFields.ts,1835,21,TS2532,Object is possibly 'undefined'.,2,,transformClassFields.visitInNewClassLexicalEnvironment,1796,noUncheckedIndexedAccess,indexed-presence,privateInstanceMethodsAndAccessors[0],"Unchecked element/index-signature read contributes undefined, directly or through a local/result.","Adapted source: getPrivateIdentifierEnvironment().data.weakSetName = createHoistedVariableForClass(
                    ""instances"",
                    privateInstanceMethodsAndAccessors[0].name,
                );
2026-10-08 project-input stock option ablation removes this exact row: noUncheckedIndexedAccess.",,noUncheckedIndexedAccess,not assessed: no class 1 rows,,true,Object is possibly 'undefined'.,,scheduled,,not reached,False,"/tmp/stricter-indexed-all-typescript/src/compiler/sys.ts:1502:51: stage 0 can't lower a namespace read before runtime initialization, directly or through a reachable call; move that read or call after the namespace declaration yet",,False
D162,src/compiler/transformers/classFields.ts,2251,45,TS2538,Type 'undefined' cannot be used as an index type.,2,,transformClassFields.transformConstructorBodyWorker,2249,noUncheckedIndexedAccess,indexed-presence,statementsIn[superStatementIndex],"Unchecked element/index-signature read contributes undefined, directly or through a local/result.","Adapted source: superStatement = statementsIn[superStatementIndex]
2026-10-08 project-input stock option ablation removes this exact row: noUncheckedIndexedAccess.",,noUncheckedIndexedAccess,not assessed: no class 1 rows,,true,Type 'undefined' cannot be used as an index type.,,scheduled,,not reached,False,"/tmp/stricter-indexed-all-typescript/src/compiler/sys.ts:1502:51: stage 0 can't lower a namespace read before runtime initialization, directly or through a reachable call; move that read or call after the namespace declaration yet",,False
D163,src/compiler/transformers/classFields.ts,2252,97,TS18048,'superStatementIndex' is possibly 'undefined'.,2,,transformClassFields.transformConstructorBodyWorker,2249,noUncheckedIndexedAccess,indexed-presence,"visitNodes(statementsIn, visitor, isStatement, statementOffset, superStatementIndex - statementOffset)","Unchecked element/index-signature read contributes undefined, directly or through a local/result.","Adapted source: addRange(statementsOut, visitNodes(statementsIn, visitor, isStatement, statementOffset, superStatementIndex - statementOffset));
2026-10-08 project-input stock option ablation removes this exact row: noUncheckedIndexedAccess.",,noUncheckedIndexedAccess,not assessed: no class 1 rows,,true,'superStatementIndex' is possibly 'undefined'.,,scheduled,,not reached,False,"/tmp/stricter-indexed-all-typescript/src/compiler/sys.ts:1502:51: stage 0 can't lower a namespace read before runtime initialization, directly or through a reachable call; move that read or call after the namespace declaration yet",,False
D164,src/compiler/transformers/classFields.ts,2253,27,TS18048,'superStatementIndex' is possibly 'undefined'.,2,,transformClassFields.transformConstructorBodyWorker,2249,noUncheckedIndexedAccess,indexed-presence,superStatementIndex,"Unchecked element/index-signature read contributes undefined, directly or through a local/result.","Adapted source: statementOffset = superStatementIndex + 1;
2026-10-08 project-input stock option ablation removes this exact row: noUncheckedIndexedAccess.",,noUncheckedIndexedAccess,not assessed: no class 1 rows,,true,'superStatementIndex' is possibly 'undefined'.,,scheduled,,not reached,False,"/tmp/stricter-indexed-all-typescript/src/compiler/sys.ts:1502:51: stage 0 can't lower a namespace read before runtime initialization, directly or through a reachable call; move that read or call after the namespace declaration yet",,False
D165,src/compiler/transformers/classFields.ts,2297,52,TS2345,"Argument of type 'Node | undefined' is not assignable to parameter of type 'Node'.
  Type 'undefined' is not assignable to type 'Node'.",2,,transformClassFields.transformConstructorBodyWorker,2249,noUncheckedIndexedAccess,indexed-presence,getOriginalNode(statement),"Unchecked element/index-signature read contributes undefined, directly or through a local/result.","Adapted source: if (isParameterPropertyDeclaration(getOriginalNode(statement), constructor)) {
                    statementOffset++;
                }
                else {
                    break;
                }
2026-10-08 project-input stock option ablation removes this exact row: noUncheckedIndexedAccess.",,noUncheckedIndexedAccess,not assessed: no class 1 rows,,true,"Argument of type 'Node | undefined' is not assignable to parameter of type 'Node'.
  Type 'undefined' is not assignable to type 'Node'.",,scheduled,,not reached,False,"/tmp/stricter-indexed-all-typescript/src/compiler/sys.ts:1502:51: stage 0 can't lower a namespace read before runtime initialization, directly or through a reachable call; move that read or call after the namespace declaration yet",,False
D166,src/compiler/transformers/classFields.ts,2376,56,TS2345,"Argument of type 'Node | undefined' is not assignable to parameter of type 'Node'.
  Type 'undefined' is not assignable to type 'Node'.",2,,transformClassFields.transformConstructorBody,2311,noUncheckedIndexedAccess,indexed-presence,getOriginalNode(statement),"Unchecked element/index-signature read contributes undefined, directly or through a local/result.","Adapted source: if (isParameterPropertyDeclaration(getOriginalNode(statement), constructor)) {
                        statementOffset++;
                    }
                    else {
                        break;
                    }
2026-10-08 project-input stock option ablation removes this exact row: noUncheckedIndexedAccess.",,noUncheckedIndexedAccess,not assessed: no class 1 rows,,true,"Argument of type 'Node | undefined' is not assignable to parameter of type 'Node'.
  Type 'undefined' is not assignable to type 'Node'.",,scheduled,,not reached,False,"/tmp/stricter-indexed-all-typescript/src/compiler/sys.ts:1502:51: stage 0 can't lower a namespace read before runtime initialization, directly or through a reachable call; move that read or call after the namespace declaration yet",,False
D167,src/compiler/transformers/classFields.ts,2745,16,TS2375,"Type 'PrivateEnvironment<{ className: undefined; weakSetName: undefined; }, PrivateIdentifierInfo>' is not assignable to type 'PrivateEnvironment<PrivateEnvironmentData, PrivateIdentifierInfo>' with 'exactOptionalPropertyTypes: true'. Consider adding 'undefined' to the types of the target's properties.
  Type '{ className: undefined; weakSetName: undefined; }' is not assignable to type 'PrivateEnvironmentData' with 'exactOptionalPropertyTypes: true'. Consider adding 'undefined' to the types of the target's properties.
    Types of property 'className' are incompatible.
      Type 'undefined' is not assignable to type 'Identifier'.",2,,transformClassFields.getPrivateIdentifierEnvironment,2743,exactOptionalPropertyTypes,optional-presence,lexicalEnvironment.privateEnv,Present undefined value or callable optional slot does not satisfy the exact optional target contract.,"Adapted source: return lexicalEnvironment.privateEnv ??= newPrivateEnvironment({
            className: undefined,
            weakSetName: undefined,
        });
2026-10-08 project-input stock option ablation removes this exact row: exactOptionalPropertyTypes.",,exactOptionalPropertyTypes,not assessed: no class 1 rows,,true,"Type 'PrivateEnvironment<{ className: undefined; weakSetName: undefined; }, PrivateIdentifierInfo>' is not assignable to type 'PrivateEnvironment<PrivateEnvironmentData, PrivateIdentifierInfo>' with 'exactOptionalPropertyTypes: true'. Consider adding 'undefined' to the types of the target's properties.
  Type '{ className: undefined; weakSetName: undefined; }' is not assignable to type 'PrivateEnvironmentData' with 'exactOptionalPropertyTypes: true'. Consider adding 'undefined' to the types of the target's properties.
    Types of property 'className' are incompatible.
      Type 'undefined' is not assignable to type 'Identifier'.",,scheduled,,not reached,False,"/tmp/stricter-indexed-all-typescript/src/compiler/sys.ts:1502:51: stage 0 can't lower a namespace read before runtime initialization, directly or through a reachable call; move that read or call after the namespace declaration yet",,False
D168,src/compiler/transformers/classFields.ts,2864,52,TS2345,"Argument of type '{ kind: PrivateIdentifierKind.Accessor; getterName: Identifier; setterName: undefined; brandCheckIdentifier: Identifier; isStatic: boolean; isValid: boolean; }' is not assignable to parameter of type 'PrivateIdentifierInfo'.
  Type '{ kind: PrivateIdentifierKind.Accessor; getterName: Identifier; setterName: undefined; brandCheckIdentifier: Identifier; isStatic: boolean; isValid: boolean; }' is not assignable to type 'PrivateIdentifierAccessorInfo' with 'exactOptionalPropertyTypes: true'. Consider adding 'undefined' to the types of the target's properties.
    Types of property 'setterName' are incompatible.
      Type 'undefined' is not assignable to type 'Identifier'.",2,,transformClassFields.addPrivateIdentifierGetAccessorDeclarationToEnvironment,2846,exactOptionalPropertyTypes,optional-presence,"setPrivateIdentifier(privateEnv, name, {
                kind: PrivateIdentifierKind.Accessor,
                getterName,
                setterName: undefined,
                brandCheckIdentifier,
                isStatic,
                isValid,
            })",Present undefined value or callable optional slot does not satisfy the exact optional target contract.,"Adapted source: setPrivateIdentifier(privateEnv, name, {
                kind: PrivateIdentifierKind.Accessor,
                getterName,
                setterName: undefined,
                brandCheckIdentifier,
                isStatic,
                isValid,
            });
2026-10-08 project-input stock option ablation removes this exact row: exactOptionalPropertyTypes.",,exactOptionalPropertyTypes,not assessed: no class 1 rows,,true,"Argument of type '{ kind: PrivateIdentifierKind.Accessor; getterName: Identifier; setterName: undefined; brandCheckIdentifier: Identifier; isStatic: boolean; isValid: boolean; }' is not assignable to parameter of type 'PrivateIdentifierInfo'.
  Type '{ kind: PrivateIdentifierKind.Accessor; getterName: Identifier; setterName: undefined; brandCheckIdentifier: Identifier; isStatic: boolean; isValid: boolean; }' is not assignable to type 'PrivateIdentifierAccessorInfo' with 'exactOptionalPropertyTypes: true'. Consider adding 'undefined' to the types of the target's properties.
    Types of property 'setterName' are incompatible.
      Type 'undefined' is not assignable to type 'Identifier'.",,scheduled,,not reached,False,"/tmp/stricter-indexed-all-typescript/src/compiler/sys.ts:1502:51: stage 0 can't lower a namespace read before runtime initialization, directly or through a reachable call; move that read or call after the namespace declaration yet",,False
D169,src/compiler/transformers/classFields.ts,2896,52,TS2345,"Argument of type '{ kind: PrivateIdentifierKind.Accessor; getterName: undefined; setterName: Identifier; brandCheckIdentifier: Identifier; isStatic: boolean; isValid: boolean; }' is not assignable to parameter of type 'PrivateIdentifierInfo'.
  Type '{ kind: PrivateIdentifierKind.Accessor; getterName: undefined; setterName: Identifier; brandCheckIdentifier: Identifier; isStatic: boolean; isValid: boolean; }' is not assignable to type 'PrivateIdentifierAccessorInfo' with 'exactOptionalPropertyTypes: true'. Consider adding 'undefined' to the types of the target's properties.
    Types of property 'getterName' are incompatible.
      Type 'undefined' is not assignable to type 'Identifier'.",2,,transformClassFields.addPrivateIdentifierSetAccessorDeclarationToEnvironment,2875,exactOptionalPropertyTypes,optional-presence,"setPrivateIdentifier(privateEnv, name, {
                kind: PrivateIdentifierKind.Accessor,
                getterName: undefined,
                setterName,
                brandCheckIdentifier,
                isStatic,
                isValid,
            })",Present undefined value or callable optional slot does not satisfy the exact optional target contract.,"Adapted source: setPrivateIdentifier(privateEnv, name, {
                kind: PrivateIdentifierKind.Accessor,
                getterName: undefined,
                setterName,
                brandCheckIdentifier,
                isStatic,
                isValid,
            });
2026-10-08 project-input stock option ablation removes this exact row: exactOptionalPropertyTypes.",,exactOptionalPropertyTypes,not assessed: no class 1 rows,,true,"Argument of type '{ kind: PrivateIdentifierKind.Accessor; getterName: undefined; setterName: Identifier; brandCheckIdentifier: Identifier; isStatic: boolean; isValid: boolean; }' is not assignable to parameter of type 'PrivateIdentifierInfo'.
  Type '{ kind: PrivateIdentifierKind.Accessor; getterName: undefined; setterName: Identifier; brandCheckIdentifier: Identifier; isStatic: boolean; isValid: boolean; }' is not assignable to type 'PrivateIdentifierAccessorInfo' with 'exactOptionalPropertyTypes: true'. Consider adding 'undefined' to the types of the target's properties.
    Types of property 'getterName' are incompatible.
      Type 'undefined' is not assignable to type 'Identifier'.",,scheduled,,not reached,False,"/tmp/stricter-indexed-all-typescript/src/compiler/sys.ts:1502:51: stage 0 can't lower a namespace read before runtime initialization, directly or through a reachable call; move that read or call after the namespace declaration yet",,False
D170,src/compiler/transformers/declarations.ts,1678,110,TS2345,"Argument of type 'ExpressionWithTypeArguments | undefined' is not assignable to parameter of type 'DeclarationDiagnosticProducing'.
  Type 'undefined' is not assignable to type 'DeclarationDiagnosticProducing'.",2,,transformDeclarations.transformTopLevelDeclaration.heritageClauses,1675,noUncheckedIndexedAccess,indexed-presence,clause.types,"Unchecked element/index-signature read contributes undefined, directly or through a local/result.","Adapted source: getSymbolAccessibilityDiagnostic = createGetSymbolAccessibilityDiagnosticForNode(clause.types[0]);
2026-10-08 project-input stock option ablation removes this exact row: noUncheckedIndexedAccess.",,noUncheckedIndexedAccess,not assessed: no class 1 rows,,true,"Argument of type 'ExpressionWithTypeArguments | undefined' is not assignable to parameter of type 'DeclarationDiagnosticProducing'.
  Type 'undefined' is not assignable to type 'DeclarationDiagnosticProducing'.",,scheduled,,not reached,False,"/tmp/stricter-indexed-all-typescript/src/compiler/sys.ts:1502:51: stage 0 can't lower a namespace read before runtime initialization, directly or through a reachable call; move that read or call after the namespace declaration yet",,False
D171,src/compiler/transformers/es2015.ts,2803,38,TS2532,Object is possibly 'undefined'.,2,,transformES2015.visitVariableDeclarationList,2780,noUncheckedIndexedAccess,indexed-presence,node.declarations,"Unchecked element/index-signature read contributes undefined, directly or through a local/result.","Adapted source: if (
                node.transformFlags & TransformFlags.ContainsBindingPattern
                && (isBindingPattern(node.declarations[0].name) || isBindingPattern(last(node.declarations).name))
            ) {
                setSourceMapRange(declarationList, getRangeUnion(declarations));
            }
2026-10-08 project-input stock option ablation removes this exact row: noUncheckedIndexedAccess.",,noUncheckedIndexedAccess,not assessed: no class 1 rows,,true,Object is possibly 'undefined'.,,scheduled,,not reached,False,"/tmp/stricter-indexed-all-typescript/src/compiler/sys.ts:1502:51: stage 0 can't lower a namespace read before runtime initialization, directly or through a reachable call; move that read or call after the namespace declaration yet",,False
D172,src/compiler/transformers/es2015.ts,3046,64,TS2532,Object is possibly 'undefined'.,2,,transformES2015.convertForOfStatementHead,3021,noUncheckedIndexedAccess,indexed-presence,declarations[0],"Unchecked element/index-signature read contributes undefined, directly or through a local/result.","Adapted source: setSourceMapRange(declarationList, createRange(declarations[0].pos, last(declarations).end));
2026-10-08 project-input stock option ablation removes this exact row: noUncheckedIndexedAccess.",,noUncheckedIndexedAccess,not assessed: no class 1 rows,,true,Object is possibly 'undefined'.,,scheduled,,not reached,False,"/tmp/stricter-indexed-all-typescript/src/compiler/sys.ts:1502:51: stage 0 can't lower a namespace read before runtime initialization, directly or through a reachable call; move that read or call after the namespace declaration yet",,False
D173,src/compiler/transformers/es2015.ts,4437,29,TS2345,"Argument of type 'Statement | undefined' is not assignable to parameter of type 'Statement'.
  Type 'undefined' is not assignable to type 'Statement'.",2,,transformES2015.visitTypeScriptClassWrapper,4343,noUncheckedIndexedAccess,indexed-presence,funcStatements[classBodyStart],"Unchecked element/index-signature read contributes undefined, directly or through a local/result.","Adapted source: statements.push(funcStatements[classBodyStart]);
2026-10-08 project-input stock option ablation removes this exact row: noUncheckedIndexedAccess.",,noUncheckedIndexedAccess,not assessed: no class 1 rows,,true,"Argument of type 'Statement | undefined' is not assignable to parameter of type 'Statement'.
  Type 'undefined' is not assignable to type 'Statement'.",,scheduled,,not reached,False,"/tmp/stricter-indexed-all-typescript/src/compiler/sys.ts:1502:51: stage 0 can't lower a namespace read before runtime initialization, directly or through a reachable call; move that read or call after the namespace declaration yet",,False
D174,src/compiler/transformers/es2015.ts,4691,34,TS2532,Object is possibly 'undefined'.,2,,transformES2015.transformAndSpreadElements,4633,noUncheckedIndexedAccess,indexed-presence,segments[0],"Unchecked element/index-signature read contributes undefined, directly or through a local/result.","Adapted source: startsWithSpread = segments[0].kind !== SpreadSegmentKind.None
2026-10-08 project-input stock option ablation removes this exact row: noUncheckedIndexedAccess.",,noUncheckedIndexedAccess,not assessed: no class 1 rows,,true,Object is possibly 'undefined'.,,scheduled,,not reached,False,"/tmp/stricter-indexed-all-typescript/src/compiler/sys.ts:1502:51: stage 0 can't lower a namespace read before runtime initialization, directly or through a reachable call; move that read or call after the namespace declaration yet",,False
D175,src/compiler/transformers/es2015.ts,4693,13,TS2532,Object is possibly 'undefined'.,2,,transformES2015.transformAndSpreadElements,4633,noUncheckedIndexedAccess,indexed-presence,segments[0],"Unchecked element/index-signature read contributes undefined, directly or through a local/result.","Adapted source: expression: Expression = startsWithSpread ? factory.createArrayLiteralExpression() :
            segments[0].expression
2026-10-08 project-input stock option ablation removes this exact row: noUncheckedIndexedAccess.",,noUncheckedIndexedAccess,not assessed: no class 1 rows,,true,Object is possibly 'undefined'.,,scheduled,,not reached,False,"/tmp/stricter-indexed-all-typescript/src/compiler/sys.ts:1502:51: stage 0 can't lower a namespace read before runtime initialization, directly or through a reachable call; move that read or call after the namespace declaration yet",,False
D178,src/compiler/transformers/es2017.ts,599,86,TS2532,Object is possibly 'undefined'.,2,,transformES2017.visitVariableDeclarationListWithCollidingNames,593,noUncheckedIndexedAccess,indexed-presence,node.declarations,"Unchecked element/index-signature read contributes undefined, directly or through a local/result.","Adapted source: return visitNode(factory.converters.convertToAssignmentElementTarget(node.declarations[0].name), visitor, isExpression);
2026-10-08 project-input stock option ablation removes this exact row: noUncheckedIndexedAccess.",,noUncheckedIndexedAccess,not assessed: no class 1 rows,,true,Object is possibly 'undefined'.,,scheduled,,not reached,False,"/tmp/stricter-indexed-all-typescript/src/compiler/sys.ts:1502:51: stage 0 can't lower a namespace read before runtime initialization, directly or through a reachable call; move that read or call after the namespace declaration yet",,False
D179,src/compiler/transformers/es2017.ts,764,38,TS18048,'outerParameter' is possibly 'undefined'.,2,,transformES2017.transformAsyncFunctionBody,738,noUncheckedIndexedAccess,indexed-presence,outerParameter.name,"Unchecked element/index-signature read contributes undefined, directly or through a local/result.","Adapted source: Debug.assertNode(outerParameter.name, isIdentifier);
2026-10-08 project-input stock option ablation removes this exact row: noUncheckedIndexedAccess.",,noUncheckedIndexedAccess,not assessed: no class 1 rows,,true,'outerParameter' is possibly 'undefined'.,,scheduled,,not reached,False,"/tmp/stricter-indexed-all-typescript/src/compiler/sys.ts:1502:51: stage 0 can't lower a namespace read before runtime initialization, directly or through a reachable call; move that read or call after the namespace declaration yet",,False
D180,src/compiler/transformers/es2017.ts,765,25,TS18048,'originalParameter' is possibly 'undefined'.,2,,transformES2017.transformAsyncFunctionBody,738,noUncheckedIndexedAccess,indexed-presence,originalParameter.initializer,"Unchecked element/index-signature read contributes undefined, directly or through a local/result.","Adapted source: if (originalParameter.initializer || originalParameter.dotDotDotToken) {
                        Debug.assert(i === outerParameters.length - 1);
                        parameterBindings.push(factory.createSpreadElement(outerParameter.name));
                        break;
                    }
2026-10-08 project-input stock option ablation removes this exact row: noUncheckedIndexedAccess.",,noUncheckedIndexedAccess,not assessed: no class 1 rows,,true,'originalParameter' is possibly 'undefined'.,,scheduled,,not reached,False,"/tmp/stricter-indexed-all-typescript/src/compiler/sys.ts:1502:51: stage 0 can't lower a namespace read before runtime initialization, directly or through a reachable call; move that read or call after the namespace declaration yet",,False
D181,src/compiler/transformers/es2017.ts,765,58,TS18048,'originalParameter' is possibly 'undefined'.,2,,transformES2017.transformAsyncFunctionBody,738,noUncheckedIndexedAccess,indexed-presence,originalParameter.dotDotDotToken,"Unchecked element/index-signature read contributes undefined, directly or through a local/result.","Adapted source: if (originalParameter.initializer || originalParameter.dotDotDotToken) {
                        Debug.assert(i === outerParameters.length - 1);
                        parameterBindings.push(factory.createSpreadElement(outerParameter.name));
                        break;
                    }
2026-10-08 project-input stock option ablation removes this exact row: noUncheckedIndexedAccess.",,noUncheckedIndexedAccess,not assessed: no class 1 rows,,true,'originalParameter' is possibly 'undefined'.,,scheduled,,not reached,False,"/tmp/stricter-indexed-all-typescript/src/compiler/sys.ts:1502:51: stage 0 can't lower a namespace read before runtime initialization, directly or through a reachable call; move that read or call after the namespace declaration yet",,False
D182,src/compiler/transformers/es2017.ts,767,76,TS18048,'outerParameter' is possibly 'undefined'.,2,,transformES2017.transformAsyncFunctionBody,738,noUncheckedIndexedAccess,indexed-presence,outerParameter.name,"Unchecked element/index-signature read contributes undefined, directly or through a local/result.","Adapted source: parameterBindings.push(factory.createSpreadElement(outerParameter.name));
2026-10-08 project-input stock option ablation removes this exact row: noUncheckedIndexedAccess.",,noUncheckedIndexedAccess,not assessed: no class 1 rows,,true,'outerParameter' is possibly 'undefined'.,,scheduled,,not reached,False,"/tmp/stricter-indexed-all-typescript/src/compiler/sys.ts:1502:51: stage 0 can't lower a namespace read before runtime initialization, directly or through a reachable call; move that read or call after the namespace declaration yet",,False
D183,src/compiler/transformers/es2017.ts,770,44,TS18048,'outerParameter' is possibly 'undefined'.,2,,transformES2017.transformAsyncFunctionBody,738,noUncheckedIndexedAccess,indexed-presence,outerParameter.name,"Unchecked element/index-signature read contributes undefined, directly or through a local/result.","Adapted source: parameterBindings.push(outerParameter.name);
2026-10-08 project-input stock option ablation removes this exact row: noUncheckedIndexedAccess.",,noUncheckedIndexedAccess,not assessed: no class 1 rows,,true,'outerParameter' is possibly 'undefined'.,,scheduled,,not reached,False,"/tmp/stricter-indexed-all-typescript/src/compiler/sys.ts:1502:51: stage 0 can't lower a namespace read before runtime initialization, directly or through a reachable call; move that read or call after the namespace declaration yet",,False
D187,src/compiler/transformers/esDecorators.ts,351,9,TS2322,"Type '{ kind: ""class""; next: LexicalEnvironmentStackEntry | undefined; classInfo: ClassInfo | undefined; savedPendingExpressions: Expression[] | undefined; }' is not assignable to type 'LexicalEnvironmentStackEntry | undefined'.
  Type '{ kind: ""class""; next: LexicalEnvironmentStackEntry | undefined; classInfo: ClassInfo | undefined; savedPendingExpressions: Expression[] | undefined; }' is not assignable to type 'ClassLexicalEnvironmentStackEntry' with 'exactOptionalPropertyTypes: true'. Consider adding 'undefined' to the types of the target's properties.
    Types of property 'savedPendingExpressions' are incompatible.
      Type 'Expression[] | undefined' is not assignable to type 'Expression[]'.
        Type 'undefined' is not assignable to type 'Expression[]'.",2,,transformESDecorators.enterClass,350,exactOptionalPropertyTypes,optional-presence,top,Present undefined value or callable optional slot does not satisfy the exact optional target contract.,"Adapted source: top = { kind: ""class"", next: top, classInfo, savedPendingExpressions: pendingExpressions };
2026-10-08 project-input stock option ablation removes this exact row: exactOptionalPropertyTypes.",,exactOptionalPropertyTypes,not assessed: no class 1 rows,,true,"Type '{ kind: ""class""; next: LexicalEnvironmentStackEntry | undefined; classInfo: ClassInfo | undefined; savedPendingExpressions: Expression[] | undefined; }' is not assignable to type 'LexicalEnvironmentStackEntry | undefined'.
  Type '{ kind: ""class""; next: LexicalEnvironmentStackEntry | undefined; classInfo: ClassInfo | undefined; savedPendingExpressions: Expression[] | undefined; }' is not assignable to type 'ClassLexicalEnvironmentStackEntry' with 'exactOptionalPropertyTypes: true'. Consider adding 'undefined' to the types of the target's properties.
    Types of property 'savedPendingExpressions' are incompatible.
      Type 'Expression[] | undefined' is not assignable to type 'Expression[]'.
        Type 'undefined' is not assignable to type 'Expression[]'.",,scheduled,,not reached,False,"/tmp/stricter-indexed-all-typescript/src/compiler/sys.ts:1502:51: stage 0 can't lower a namespace read before runtime initialization, directly or through a reachable call; move that read or call after the namespace declaration yet",,False
D188,src/compiler/transformers/esDecorators.ts,398,13,TS2322,"Type '{ kind: ""other""; next: ClassElementLexicalEnvironmentStackEntry | ClassLexicalEnvironmentStackEntry | PropertyNameLexicalEnvironmentStackEntry | undefined; depth: number; savedPendingExpressions: ... | undefined; }' is not assignable to type 'LexicalEnvironmentStackEntry | undefined'.
  Type '{ kind: ""other""; next: ClassElementLexicalEnvironmentStackEntry | ClassLexicalEnvironmentStackEntry | PropertyNameLexicalEnvironmentStackEntry | undefined; depth: number; savedPendingExpressions: ... | undefined; }' is not assignable to type 'OtherLexicalEnvironmentStackEntry' with 'exactOptionalPropertyTypes: true'. Consider adding 'undefined' to the types of the target's properties.
    Types of property 'savedPendingExpressions' are incompatible.
      Type 'Expression[] | undefined' is not assignable to type 'Expression[]'.
        Type 'undefined' is not assignable to type 'Expression[]'.",2,,transformESDecorators.enterOther,392,exactOptionalPropertyTypes,optional-presence,top,Present undefined value or callable optional slot does not satisfy the exact optional target contract.,"Adapted source: top = { kind: ""other"", next: top, depth: 0, savedPendingExpressions: pendingExpressions };
2026-10-08 project-input stock option ablation removes this exact row: exactOptionalPropertyTypes.",,exactOptionalPropertyTypes,not assessed: no class 1 rows,,true,"Type '{ kind: ""other""; next: ClassLexicalEnvironmentStackEntry | ClassElementLexicalEnvironmentStackEntry | PropertyNameLexicalEnvironmentStackEntry | undefined; depth: number; savedPendingExpressions: Expression[] | undefined; }' is not assignable to type 'LexicalEnvironmentStackEntry | undefined'.
  Type '{ kind: ""other""; next: ClassLexicalEnvironmentStackEntry | ClassElementLexicalEnvironmentStackEntry | PropertyNameLexicalEnvironmentStackEntry | undefined; depth: number; savedPendingExpressions: Expression[] | undefined; }' is not assignable to type 'OtherLexicalEnvironmentStackEntry' with 'exactOptionalPropertyTypes: true'. Consider adding 'undefined' to the types of the target's properties.
    Types of property 'savedPendingExpressions' are incompatible.
      Type 'Expression[] | undefined' is not assignable to type 'Expression[]'.
        Type 'undefined' is not assignable to type 'Expression[]'.",,scheduled,,not reached,False,"/tmp/stricter-indexed-all-typescript/src/compiler/sys.ts:1502:51: stage 0 can't lower a namespace read before runtime initialization, directly or through a reachable call; move that read or call after the namespace declaration yet",,False
D184,src/compiler/transformers/esDecorators.ts,1164,45,TS2538,Type 'undefined' cannot be used as an index type.,2,,transformESDecorators.transformConstructorBodyWorker,1162,noUncheckedIndexedAccess,indexed-presence,statementsIn[superStatementIndex],"Unchecked element/index-signature read contributes undefined, directly or through a local/result.","Adapted source: superStatement = statementsIn[superStatementIndex]
2026-10-08 project-input stock option ablation removes this exact row: noUncheckedIndexedAccess.",,noUncheckedIndexedAccess,not assessed: no class 1 rows,,true,Type 'undefined' cannot be used as an index type.,,scheduled,,not reached,False,"/tmp/stricter-indexed-all-typescript/src/compiler/sys.ts:1502:51: stage 0 can't lower a namespace read before runtime initialization, directly or through a reachable call; move that read or call after the namespace declaration yet",,False
D185,src/compiler/transformers/esDecorators.ts,1165,97,TS18048,'superStatementIndex' is possibly 'undefined'.,2,,transformESDecorators.transformConstructorBodyWorker,1162,noUncheckedIndexedAccess,indexed-presence,"visitNodes(statementsIn, visitor, isStatement, statementOffset, superStatementIndex - statementOffset)","Unchecked element/index-signature read contributes undefined, directly or through a local/result.","Adapted source: addRange(statementsOut, visitNodes(statementsIn, visitor, isStatement, statementOffset, superStatementIndex - statementOffset));
2026-10-08 project-input stock option ablation removes this exact row: noUncheckedIndexedAccess.",,noUncheckedIndexedAccess,not assessed: no class 1 rows,,true,'superStatementIndex' is possibly 'undefined'.,,scheduled,,not reached,False,"/tmp/stricter-indexed-all-typescript/src/compiler/sys.ts:1502:51: stage 0 can't lower a namespace read before runtime initialization, directly or through a reachable call; move that read or call after the namespace declaration yet",,False
D186,src/compiler/transformers/esDecorators.ts,1192,80,TS18048,'superStatementIndex' is possibly 'undefined'.,2,,transformESDecorators.transformConstructorBodyWorker,1162,noUncheckedIndexedAccess,indexed-presence,"visitNodes(statementsIn, visitor, isStatement, superStatementIndex + 1)","Unchecked element/index-signature read contributes undefined, directly or through a local/result.","Adapted source: addRange(statementsOut, visitNodes(statementsIn, visitor, isStatement, superStatementIndex + 1));
2026-10-08 project-input stock option ablation removes this exact row: noUncheckedIndexedAccess.",,noUncheckedIndexedAccess,not assessed: no class 1 rows,,true,'superStatementIndex' is possibly 'undefined'.,,scheduled,,not reached,False,"/tmp/stricter-indexed-all-typescript/src/compiler/sys.ts:1502:51: stage 0 can't lower a namespace read before runtime initialization, directly or through a reachable call; move that read or call after the namespace declaration yet",,False
D189,src/compiler/transformers/esnext.ts,183,34,TS2345,"Argument of type 'Statement | undefined' is not assignable to parameter of type 'Statement'.
  Type 'undefined' is not assignable to type 'Statement'.",2,,transformESNext.visitSourceFile,128,noUncheckedIndexedAccess,indexed-presence,getUsingKind(statement),"Unchecked element/index-signature read contributes undefined, directly or through a local/result.","Adapted source: if (getUsingKind(statement) !== UsingKind.None) {
                    if (pos > prologueCount) {
                        addRange(topLevelStatements, visitNodes(node.statements, visitor, isStatement, prologueCount, pos - prologueCount));
                    }
                    break;
                }
2026-10-08 project-input stock option ablation removes this exact row: noUncheckedIndexedAccess.",,noUncheckedIndexedAccess,not assessed: no class 1 rows,,true,"Argument of type 'Statement | undefined' is not assignable to parameter of type 'Statement'.
  Type 'undefined' is not assignable to type 'Statement'.",,scheduled,,not reached,False,"/tmp/stricter-indexed-all-typescript/src/compiler/sys.ts:1502:51: stage 0 can't lower a namespace read before runtime initialization, directly or through a reachable call; move that read or call after the namespace declaration yet",,False
D191,src/compiler/transformers/esnext.ts,344,44,TS2345,"Argument of type 'Statement | undefined' is not assignable to parameter of type 'Statement'.
  Type 'undefined' is not assignable to type 'Statement'.",2,,transformESNext.transformUsingDeclarations,339,noUncheckedIndexedAccess,indexed-presence,getUsingKind(statement),"Unchecked element/index-signature read contributes undefined, directly or through a local/result.","Adapted source: usingKind = getUsingKind(statement)
2026-10-08 project-input stock option ablation removes this exact row: noUncheckedIndexedAccess.",,noUncheckedIndexedAccess,not assessed: no class 1 rows,,true,"Argument of type 'Statement | undefined' is not assignable to parameter of type 'Statement'.
  Type 'undefined' is not assignable to type 'Statement'.",,scheduled,,not reached,False,"/tmp/stricter-indexed-all-typescript/src/compiler/sys.ts:1502:51: stage 0 can't lower a namespace read before runtime initialization, directly or through a reachable call; move that read or call after the namespace declaration yet",,False
D192,src/compiler/transformers/esnext.ts,384,36,TS2345,"Argument of type 'Statement | undefined' is not assignable to parameter of type 'Node'.
  Type 'undefined' is not assignable to type 'Node'.",2,,transformESNext.transformUsingDeclarations,339,noUncheckedIndexedAccess,indexed-presence,visitor(statement),"Unchecked element/index-signature read contributes undefined, directly or through a local/result.","Adapted source: result = visitor(statement)
2026-10-08 project-input stock option ablation removes this exact row: noUncheckedIndexedAccess.",,noUncheckedIndexedAccess,not assessed: no class 1 rows,,true,"Argument of type 'Statement | undefined' is not assignable to parameter of type 'Node'.
  Type 'undefined' is not assignable to type 'Node'.",,scheduled,,not reached,False,"/tmp/stricter-indexed-all-typescript/src/compiler/sys.ts:1502:51: stage 0 can't lower a namespace read before runtime initialization, directly or through a reachable call; move that read or call after the namespace declaration yet",,False
D193,src/compiler/transformers/esnext.ts,767,34,TS2345,"Argument of type 'Statement | undefined' is not assignable to parameter of type 'Node'.
  Type 'undefined' is not assignable to type 'Node'.",2,,countPrologueStatements,765,noUncheckedIndexedAccess,indexed-presence,statements[i],"Unchecked element/index-signature read contributes undefined, directly or through a local/result.","Adapted source: if (!isPrologueDirective(statements[i]) && !isCustomPrologue(statements[i])) {
            return i;
        }
2026-10-08 project-input stock option ablation removes this exact row: noUncheckedIndexedAccess.",,noUncheckedIndexedAccess,not assessed: no class 1 rows,,true,"Argument of type 'Statement | undefined' is not assignable to parameter of type 'Node'.
  Type 'undefined' is not assignable to type 'Node'.",,scheduled,,not reached,False,"/tmp/stricter-indexed-all-typescript/src/compiler/sys.ts:1502:51: stage 0 can't lower a namespace read before runtime initialization, directly or through a reachable call; move that read or call after the namespace declaration yet",,False
D194,src/compiler/transformers/esnext.ts,767,70,TS2345,"Argument of type 'Statement | undefined' is not assignable to parameter of type 'Statement'.
  Type 'undefined' is not assignable to type 'Statement'.",2,,countPrologueStatements,765,noUncheckedIndexedAccess,indexed-presence,statements[i],"Unchecked element/index-signature read contributes undefined, directly or through a local/result.","Adapted source: if (!isPrologueDirective(statements[i]) && !isCustomPrologue(statements[i])) {
            return i;
        }
2026-10-08 project-input stock option ablation removes this exact row: noUncheckedIndexedAccess.",,noUncheckedIndexedAccess,not assessed: no class 1 rows,,true,"Argument of type 'Statement | undefined' is not assignable to parameter of type 'Statement'.
  Type 'undefined' is not assignable to type 'Statement'.",,scheduled,,not reached,False,"/tmp/stricter-indexed-all-typescript/src/compiler/sys.ts:1502:51: stage 0 can't lower a namespace read before runtime initialization, directly or through a reachable call; move that read or call after the namespace declaration yet",,False
D195,src/compiler/transformers/generators.ts,1283,39,TS2345,"Argument of type 'Statement | undefined' is not assignable to parameter of type 'Statement'.
  Type 'undefined' is not assignable to type 'Statement'.",2,,transformGenerators.transformAndEmitStatements,1280,noUncheckedIndexedAccess,indexed-presence,statements[i],"Unchecked element/index-signature read contributes undefined, directly or through a local/result.","Adapted source: transformAndEmitStatement(statements[i]);
2026-10-08 project-input stock option ablation removes this exact row: noUncheckedIndexedAccess.",,noUncheckedIndexedAccess,not assessed: no class 1 rows,,true,"Argument of type 'Statement | undefined' is not assignable to parameter of type 'Statement'.
  Type 'undefined' is not assignable to type 'Statement'.",,scheduled,,not reached,False,"/tmp/stricter-indexed-all-typescript/src/compiler/sys.ts:1502:51: stage 0 can't lower a namespace read before runtime initialization, directly or through a reachable call; move that read or call after the namespace declaration yet",,False
D196,src/compiler/transformers/generators.ts,1370,35,TS18048,'variable' is possibly 'undefined'.,2,,transformGenerators.transformAndEmitVariableDeclarationList,1356,noUncheckedIndexedAccess,indexed-presence,variable.initializer,"Unchecked element/index-signature read contributes undefined, directly or through a local/result.","Adapted source: if (containsYield(variable.initializer) && pendingExpressions.length > 0) {
                    break;
                }
2026-10-08 project-input stock option ablation removes this exact row: noUncheckedIndexedAccess.",,noUncheckedIndexedAccess,not assessed: no class 1 rows,,true,'variable' is possibly 'undefined'.,,scheduled,,not reached,False,"/tmp/stricter-indexed-all-typescript/src/compiler/sys.ts:1502:51: stage 0 can't lower a namespace read before runtime initialization, directly or through a reachable call; move that read or call after the namespace declaration yet",,False
D197,src/compiler/transformers/generators.ts,1374,70,TS2345,"Argument of type 'InitializedVariableDeclaration | undefined' is not assignable to parameter of type 'InitializedVariableDeclaration'.
  Type 'undefined' is not assignable to type 'InitializedVariableDeclaration'.
    Type 'undefined' is not assignable to type 'VariableDeclaration'.",2,,transformGenerators.transformAndEmitVariableDeclarationList,1356,noUncheckedIndexedAccess,indexed-presence,transformInitializedVariable(variable),"Unchecked element/index-signature read contributes undefined, directly or through a local/result.","Adapted source: pendingExpressions.push(transformInitializedVariable(variable));
2026-10-08 project-input stock option ablation removes this exact row: noUncheckedIndexedAccess.",,noUncheckedIndexedAccess,not assessed: no class 1 rows,,true,"Argument of type 'InitializedVariableDeclaration | undefined' is not assignable to parameter of type 'InitializedVariableDeclaration'.
  Type 'undefined' is not assignable to type 'InitializedVariableDeclaration'.
    Type 'undefined' is not assignable to type 'VariableDeclaration'.",,scheduled,,not reached,False,"/tmp/stricter-indexed-all-typescript/src/compiler/sys.ts:1502:51: stage 0 can't lower a namespace read before runtime initialization, directly or through a reachable call; move that read or call after the namespace declaration yet",,False
D198,src/compiler/transformers/generators.ts,1684,46,TS2532,Object is possibly 'undefined'.,2,,transformGenerators.transformAndEmitForInStatement,1617,noUncheckedIndexedAccess,indexed-presence,initializer.declarations,"Unchecked element/index-signature read contributes undefined, directly or through a local/result.","Adapted source: variable = factory.cloneNode(initializer.declarations[0].name) as Identifier;
2026-10-08 project-input stock option ablation removes this exact row: noUncheckedIndexedAccess.",,noUncheckedIndexedAccess,not assessed: no class 1 rows,,true,Object is possibly 'undefined'.,,scheduled,,not reached,False,"/tmp/stricter-indexed-all-typescript/src/compiler/sys.ts:1502:51: stage 0 can't lower a namespace read before runtime initialization, directly or through a reachable call; move that read or call after the namespace declaration yet",,False
D199,src/compiler/transformers/generators.ts,1729,55,TS2532,Object is possibly 'undefined'.,2,,transformGenerators.visitForInStatement,1705,noUncheckedIndexedAccess,indexed-presence,initializer.declarations,"Unchecked element/index-signature read contributes undefined, directly or through a local/result.","Adapted source: node = factory.updateForInStatement(node, initializer.declarations[0].name as Identifier, Debug.checkDefined(visitNode(node.expression, visitor, isExpression)), Debug.checkDefined(visitNode(node.statement, visitor, isStatement, factory.liftToBlock)));
2026-10-08 project-input stock option ablation removes this exact row: noUncheckedIndexedAccess.",,noUncheckedIndexedAccess,not assessed: no class 1 rows,,true,Object is possibly 'undefined'.,,scheduled,,not reached,False,"/tmp/stricter-indexed-all-typescript/src/compiler/sys.ts:1502:51: stage 0 can't lower a namespace read before runtime initialization, directly or through a reachable call; move that read or call after the namespace declaration yet",,False
D200,src/compiler/transformers/generators.ts,1866,21,TS18048,'clause' is possibly 'undefined'.,2,,transformGenerators.transformAndEmitSwitchStatement,1820,noUncheckedIndexedAccess,indexed-presence,clause.kind,"Unchecked element/index-signature read contributes undefined, directly or through a local/result.","Adapted source: if (clause.kind === SyntaxKind.DefaultClause && defaultClauseIndex === -1) {
                    defaultClauseIndex = i;
                }
2026-10-08 project-input stock option ablation removes this exact row: noUncheckedIndexedAccess.",,noUncheckedIndexedAccess,not assessed: no class 1 rows,,true,'clause' is possibly 'undefined'.,,scheduled,,not reached,False,"/tmp/stricter-indexed-all-typescript/src/compiler/sys.ts:1502:51: stage 0 can't lower a namespace read before runtime initialization, directly or through a reachable call; move that read or call after the namespace declaration yet",,False
D201,src/compiler/transformers/generators.ts,1880,25,TS18048,'clause' is possibly 'undefined'.,2,,transformGenerators.transformAndEmitSwitchStatement,1820,noUncheckedIndexedAccess,indexed-presence,clause.kind,"Unchecked element/index-signature read contributes undefined, directly or through a local/result.","Adapted source: if (clause.kind === SyntaxKind.CaseClause) {
                        if (containsYield(clause.expression) && pendingClauses.length > 0) {
                            break;
                        }

                        pendingClauses.push(
                            factory.createCaseClause(
                                Debug.checkDefined(visitNode(clause.expression, visitor, isExpression)),
                                [
                                    createInlineBreak(clauseLabels[i], /*location*/ clause.expression),
                                ],
                            ),
                        );
                    }
                    else {
                        defaultClausesSkipped++;
                    }
2026-10-08 project-input stock option ablation removes this exact row: noUncheckedIndexedAccess.",,noUncheckedIndexedAccess,not assessed: no class 1 rows,,true,'clause' is possibly 'undefined'.,,scheduled,,not reached,False,"/tmp/stricter-indexed-all-typescript/src/compiler/sys.ts:1502:51: stage 0 can't lower a namespace read before runtime initialization, directly or through a reachable call; move that read or call after the namespace declaration yet",,False
D202,src/compiler/transformers/generators.ts,1881,43,TS18048,'clause' is possibly 'undefined'.,2,,transformGenerators.transformAndEmitSwitchStatement,1820,noUncheckedIndexedAccess,indexed-presence,clause.expression,"Unchecked element/index-signature read contributes undefined, directly or through a local/result.","Adapted source: if (containsYield(clause.expression) && pendingClauses.length > 0) {
                            break;
                        }
2026-10-08 project-input stock option ablation removes this exact row: noUncheckedIndexedAccess.",,noUncheckedIndexedAccess,not assessed: no class 1 rows,,true,'clause' is possibly 'undefined'.,,scheduled,,not reached,False,"/tmp/stricter-indexed-all-typescript/src/compiler/sys.ts:1502:51: stage 0 can't lower a namespace read before runtime initialization, directly or through a reachable call; move that read or call after the namespace declaration yet",,False
D203,src/compiler/transformers/generators.ts,1881,50,TS2339,"Property 'expression' does not exist on type 'CaseOrDefaultClause'.
  Property 'expression' does not exist on type 'DefaultClause'.",2,,transformGenerators.transformAndEmitSwitchStatement,1820,noUncheckedIndexedAccess,indexed-presence,clause.expression,"Unchecked element/index-signature read contributes undefined, directly or through a local/result.","Adapted source: if (containsYield(clause.expression) && pendingClauses.length > 0) {
                            break;
                        }
2026-10-08 project-input stock option ablation removes this exact row: noUncheckedIndexedAccess.",,noUncheckedIndexedAccess,not assessed: no class 1 rows,,true,"Property 'expression' does not exist on type 'CaseOrDefaultClause'.
  Property 'expression' does not exist on type 'DefaultClause'.",,scheduled,,not reached,False,"/tmp/stricter-indexed-all-typescript/src/compiler/sys.ts:1502:51: stage 0 can't lower a namespace read before runtime initialization, directly or through a reachable call; move that read or call after the namespace declaration yet",,False
D204,src/compiler/transformers/generators.ts,1887,62,TS18048,'clause' is possibly 'undefined'.,2,,transformGenerators.transformAndEmitSwitchStatement,1820,noUncheckedIndexedAccess,indexed-presence,clause.expression,"Unchecked element/index-signature read contributes undefined, directly or through a local/result.","Adapted source: pendingClauses.push(
                            factory.createCaseClause(
                                Debug.checkDefined(visitNode(clause.expression, visitor, isExpression)),
                                [
                                    createInlineBreak(clauseLabels[i], /*location*/ clause.expression),
                                ],
                            ),
                        );
2026-10-08 project-input stock option ablation removes this exact row: noUncheckedIndexedAccess.",,noUncheckedIndexedAccess,not assessed: no class 1 rows,,true,'clause' is possibly 'undefined'.,,scheduled,,not reached,False,"/tmp/stricter-indexed-all-typescript/src/compiler/sys.ts:1502:51: stage 0 can't lower a namespace read before runtime initialization, directly or through a reachable call; move that read or call after the namespace declaration yet",,False
D205,src/compiler/transformers/generators.ts,1887,69,TS2339,"Property 'expression' does not exist on type 'CaseOrDefaultClause'.
  Property 'expression' does not exist on type 'DefaultClause'.",2,,transformGenerators.transformAndEmitSwitchStatement,1820,noUncheckedIndexedAccess,indexed-presence,clause.expression,"Unchecked element/index-signature read contributes undefined, directly or through a local/result.","Adapted source: pendingClauses.push(
                            factory.createCaseClause(
                                Debug.checkDefined(visitNode(clause.expression, visitor, isExpression)),
                                [
                                    createInlineBreak(clauseLabels[i], /*location*/ clause.expression),
                                ],
                            ),
                        );
2026-10-08 project-input stock option ablation removes this exact row: noUncheckedIndexedAccess.",,noUncheckedIndexedAccess,not assessed: no class 1 rows,,true,"Property 'expression' does not exist on type 'CaseOrDefaultClause'.
  Property 'expression' does not exist on type 'DefaultClause'.",,scheduled,,not reached,False,"/tmp/stricter-indexed-all-typescript/src/compiler/sys.ts:1502:51: stage 0 can't lower a namespace read before runtime initialization, directly or through a reachable call; move that read or call after the namespace declaration yet",,False
D206,src/compiler/transformers/generators.ts,1889,55,TS2345,"Argument of type 'number | undefined' is not assignable to parameter of type 'number'.
  Type 'undefined' is not assignable to type 'number'.",2,,transformGenerators.transformAndEmitSwitchStatement,1820,noUncheckedIndexedAccess,indexed-presence,clauseLabels[i],"Unchecked element/index-signature read contributes undefined, directly or through a local/result.","Adapted source: pendingClauses.push(
                            factory.createCaseClause(
                                Debug.checkDefined(visitNode(clause.expression, visitor, isExpression)),
                                [
                                    createInlineBreak(clauseLabels[i], /*location*/ clause.expression),
                                ],
                            ),
                        );
2026-10-08 project-input stock option ablation removes this exact row: noUncheckedIndexedAccess.",,noUncheckedIndexedAccess,not assessed: no class 1 rows,,true,"Argument of type 'number | undefined' is not assignable to parameter of type 'number'.
  Type 'undefined' is not assignable to type 'number'.",,scheduled,,not reached,False,"/tmp/stricter-indexed-all-typescript/src/compiler/sys.ts:1502:51: stage 0 can't lower a namespace read before runtime initialization, directly or through a reachable call; move that read or call after the namespace declaration yet",,False
D207,src/compiler/transformers/generators.ts,1889,85,TS18048,'clause' is possibly 'undefined'.,2,,transformGenerators.transformAndEmitSwitchStatement,1820,noUncheckedIndexedAccess,indexed-presence,clause.expression,"Unchecked element/index-signature read contributes undefined, directly or through a local/result.","Adapted source: pendingClauses.push(
                            factory.createCaseClause(
                                Debug.checkDefined(visitNode(clause.expression, visitor, isExpression)),
                                [
                                    createInlineBreak(clauseLabels[i], /*location*/ clause.expression),
                                ],
                            ),
                        );
2026-10-08 project-input stock option ablation removes this exact row: noUncheckedIndexedAccess.",,noUncheckedIndexedAccess,not assessed: no class 1 rows,,true,'clause' is possibly 'undefined'.,,scheduled,,not reached,False,"/tmp/stricter-indexed-all-typescript/src/compiler/sys.ts:1502:51: stage 0 can't lower a namespace read before runtime initialization, directly or through a reachable call; move that read or call after the namespace declaration yet",,False
D208,src/compiler/transformers/generators.ts,1889,92,TS2339,"Property 'expression' does not exist on type 'CaseOrDefaultClause'.
  Property 'expression' does not exist on type 'DefaultClause'.",2,,transformGenerators.transformAndEmitSwitchStatement,1820,noUncheckedIndexedAccess,indexed-presence,clause.expression,"Unchecked element/index-signature read contributes undefined, directly or through a local/result.","Adapted source: pendingClauses.push(
                            factory.createCaseClause(
                                Debug.checkDefined(visitNode(clause.expression, visitor, isExpression)),
                                [
                                    createInlineBreak(clauseLabels[i], /*location*/ clause.expression),
                                ],
                            ),
                        );
2026-10-08 project-input stock option ablation removes this exact row: noUncheckedIndexedAccess.",,noUncheckedIndexedAccess,not assessed: no class 1 rows,,true,"Property 'expression' does not exist on type 'CaseOrDefaultClause'.
  Property 'expression' does not exist on type 'DefaultClause'.",,scheduled,,not reached,False,"/tmp/stricter-indexed-all-typescript/src/compiler/sys.ts:1502:51: stage 0 can't lower a namespace read before runtime initialization, directly or through a reachable call; move that read or call after the namespace declaration yet",,False
D209,src/compiler/transformers/generators.ts,1911,27,TS2345,"Argument of type 'number | undefined' is not assignable to parameter of type 'number'.
  Type 'undefined' is not assignable to type 'number'.",2,,transformGenerators.transformAndEmitSwitchStatement,1820,noUncheckedIndexedAccess,indexed-presence,clauseLabels[defaultClauseIndex],"Unchecked element/index-signature read contributes undefined, directly or through a local/result.","Adapted source: emitBreak(clauseLabels[defaultClauseIndex]);
2026-10-08 project-input stock option ablation removes this exact row: noUncheckedIndexedAccess.",,noUncheckedIndexedAccess,not assessed: no class 1 rows,,true,"Argument of type 'number | undefined' is not assignable to parameter of type 'number'.
  Type 'undefined' is not assignable to type 'number'.",,scheduled,,not reached,False,"/tmp/stricter-indexed-all-typescript/src/compiler/sys.ts:1502:51: stage 0 can't lower a namespace read before runtime initialization, directly or through a reachable call; move that read or call after the namespace declaration yet",,False
D210,src/compiler/transformers/generators.ts,1918,27,TS2345,"Argument of type 'number | undefined' is not assignable to parameter of type 'number'.
  Type 'undefined' is not assignable to type 'number'.",2,,transformGenerators.transformAndEmitSwitchStatement,1820,noUncheckedIndexedAccess,indexed-presence,clauseLabels[i],"Unchecked element/index-signature read contributes undefined, directly or through a local/result.","Adapted source: markLabel(clauseLabels[i]);
2026-10-08 project-input stock option ablation removes this exact row: noUncheckedIndexedAccess.",,noUncheckedIndexedAccess,not assessed: no class 1 rows,,true,"Argument of type 'number | undefined' is not assignable to parameter of type 'number'.
  Type 'undefined' is not assignable to type 'number'.",,scheduled,,not reached,False,"/tmp/stricter-indexed-all-typescript/src/compiler/sys.ts:1502:51: stage 0 can't lower a namespace read before runtime initialization, directly or through a reachable call; move that read or call after the namespace declaration yet",,False
D211,src/compiler/transformers/generators.ts,1919,44,TS2532,Object is possibly 'undefined'.,2,,transformGenerators.transformAndEmitSwitchStatement,1820,noUncheckedIndexedAccess,indexed-presence,caseBlock.clauses,"Unchecked element/index-signature read contributes undefined, directly or through a local/result.","Adapted source: transformAndEmitStatements(caseBlock.clauses[i].statements);
2026-10-08 project-input stock option ablation removes this exact row: noUncheckedIndexedAccess.",,noUncheckedIndexedAccess,not assessed: no class 1 rows,,true,Object is possibly 'undefined'.,,scheduled,,not reached,False,"/tmp/stricter-indexed-all-typescript/src/compiler/sys.ts:1502:51: stage 0 can't lower a namespace read before runtime initialization, directly or through a reachable call; move that read or call after the namespace declaration yet",,False
D212,src/compiler/transformers/generators.ts,2446,48,TS2345,"Argument of type 'CodeBlock | undefined' is not assignable to parameter of type 'CodeBlock'.
  Type 'undefined' is not assignable to type 'CodeBlock'.",2,,transformGenerators.hasImmediateContainingLabeledBlock,2443,noUncheckedIndexedAccess,indexed-presence,supportsLabeledBreakOrContinue(containingBlock),"Unchecked element/index-signature read contributes undefined, directly or through a local/result.","Adapted source: if (supportsLabeledBreakOrContinue(containingBlock)) {
                if (containingBlock.labelText === labelText) {
                    return true;
                }
            }
            else {
                break;
            }
2026-10-08 project-input stock option ablation removes this exact row: noUncheckedIndexedAccess.",,noUncheckedIndexedAccess,not assessed: no class 1 rows,,true,"Argument of type 'CodeBlock | undefined' is not assignable to parameter of type 'CodeBlock'.
  Type 'undefined' is not assignable to type 'CodeBlock'.",,scheduled,,not reached,False,"/tmp/stricter-indexed-all-typescript/src/compiler/sys.ts:1502:51: stage 0 can't lower a namespace read before runtime initialization, directly or through a reachable call; move that read or call after the namespace declaration yet",,False
D213,src/compiler/transformers/generators.ts,2469,56,TS2345,"Argument of type 'CodeBlock | undefined' is not assignable to parameter of type 'CodeBlock'.
  Type 'undefined' is not assignable to type 'CodeBlock'.",2,,transformGenerators.findBreakTarget,2464,noUncheckedIndexedAccess,indexed-presence,supportsLabeledBreakOrContinue(block),"Unchecked element/index-signature read contributes undefined, directly or through a local/result.","Adapted source: if (supportsLabeledBreakOrContinue(block) && block.labelText === labelText) {
                        return block.breakLabel;
                    }
                    else if (supportsUnlabeledBreak(block) && hasImmediateContainingLabeledBlock(labelText, i - 1)) {
                        return block.breakLabel;
                    }
2026-10-08 project-input stock option ablation removes this exact row: noUncheckedIndexedAccess.",,noUncheckedIndexedAccess,not assessed: no class 1 rows,,true,"Argument of type 'CodeBlock | undefined' is not assignable to parameter of type 'CodeBlock'.
  Type 'undefined' is not assignable to type 'CodeBlock'.",,scheduled,,not reached,False,"/tmp/stricter-indexed-all-typescript/src/compiler/sys.ts:1502:51: stage 0 can't lower a namespace read before runtime initialization, directly or through a reachable call; move that read or call after the namespace declaration yet",,False
D214,src/compiler/transformers/generators.ts,2472,53,TS2345,"Argument of type 'CodeBlock | undefined' is not assignable to parameter of type 'CodeBlock'.
  Type 'undefined' is not assignable to type 'CodeBlock'.",2,,transformGenerators.findBreakTarget,2464,noUncheckedIndexedAccess,indexed-presence,supportsUnlabeledBreak(block),"Unchecked element/index-signature read contributes undefined, directly or through a local/result.","Adapted source: if (supportsUnlabeledBreak(block) && hasImmediateContainingLabeledBlock(labelText, i - 1)) {
                        return block.breakLabel;
                    }
2026-10-08 project-input stock option ablation removes this exact row: noUncheckedIndexedAccess.",,noUncheckedIndexedAccess,not assessed: no class 1 rows,,true,"Argument of type 'CodeBlock | undefined' is not assignable to parameter of type 'CodeBlock'.
  Type 'undefined' is not assignable to type 'CodeBlock'.",,scheduled,,not reached,False,"/tmp/stricter-indexed-all-typescript/src/compiler/sys.ts:1502:51: stage 0 can't lower a namespace read before runtime initialization, directly or through a reachable call; move that read or call after the namespace declaration yet",,False
D215,src/compiler/transformers/generators.ts,2480,48,TS2345,"Argument of type 'CodeBlock | undefined' is not assignable to parameter of type 'CodeBlock'.
  Type 'undefined' is not assignable to type 'CodeBlock'.",2,,transformGenerators.findBreakTarget,2464,noUncheckedIndexedAccess,indexed-presence,supportsUnlabeledBreak(block),"Unchecked element/index-signature read contributes undefined, directly or through a local/result.","Adapted source: if (supportsUnlabeledBreak(block)) {
                        return block.breakLabel;
                    }
2026-10-08 project-input stock option ablation removes this exact row: noUncheckedIndexedAccess.",,noUncheckedIndexedAccess,not assessed: no class 1 rows,,true,"Argument of type 'CodeBlock | undefined' is not assignable to parameter of type 'CodeBlock'.
  Type 'undefined' is not assignable to type 'CodeBlock'.",,scheduled,,not reached,False,"/tmp/stricter-indexed-all-typescript/src/compiler/sys.ts:1502:51: stage 0 can't lower a namespace read before runtime initialization, directly or through a reachable call; move that read or call after the namespace declaration yet",,False
D216,src/compiler/transformers/generators.ts,2499,51,TS2345,"Argument of type 'CodeBlock | undefined' is not assignable to parameter of type 'CodeBlock'.
  Type 'undefined' is not assignable to type 'CodeBlock'.",2,,transformGenerators.findContinueTarget,2494,noUncheckedIndexedAccess,indexed-presence,supportsUnlabeledContinue(block),"Unchecked element/index-signature read contributes undefined, directly or through a local/result.","Adapted source: if (supportsUnlabeledContinue(block) && hasImmediateContainingLabeledBlock(labelText, i - 1)) {
                        return block.continueLabel;
                    }
2026-10-08 project-input stock option ablation removes this exact row: noUncheckedIndexedAccess.",,noUncheckedIndexedAccess,not assessed: no class 1 rows,,true,"Argument of type 'CodeBlock | undefined' is not assignable to parameter of type 'CodeBlock'.
  Type 'undefined' is not assignable to type 'CodeBlock'.",,scheduled,,not reached,False,"/tmp/stricter-indexed-all-typescript/src/compiler/sys.ts:1502:51: stage 0 can't lower a namespace read before runtime initialization, directly or through a reachable call; move that read or call after the namespace declaration yet",,False
D217,src/compiler/transformers/generators.ts,2507,51,TS2345,"Argument of type 'CodeBlock | undefined' is not assignable to parameter of type 'CodeBlock'.
  Type 'undefined' is not assignable to type 'CodeBlock'.",2,,transformGenerators.findContinueTarget,2494,noUncheckedIndexedAccess,indexed-presence,supportsUnlabeledContinue(block),"Unchecked element/index-signature read contributes undefined, directly or through a local/result.","Adapted source: if (supportsUnlabeledContinue(block)) {
                        return block.continueLabel;
                    }
2026-10-08 project-input stock option ablation removes this exact row: noUncheckedIndexedAccess.",,noUncheckedIndexedAccess,not assessed: no class 1 rows,,true,"Argument of type 'CodeBlock | undefined' is not assignable to parameter of type 'CodeBlock'.
  Type 'undefined' is not assignable to type 'CodeBlock'.",,scheduled,,not reached,False,"/tmp/stricter-indexed-all-typescript/src/compiler/sys.ts:1502:51: stage 0 can't lower a namespace read before runtime initialization, directly or through a reachable call; move that read or call after the namespace declaration yet",,False
D218,src/compiler/transformers/generators.ts,2880,63,TS18048,'withBlock' is possibly 'undefined'.,2,,transformGenerators.appendLabel,2869,noUncheckedIndexedAccess,indexed-presence,withBlock.expression,"Unchecked element/index-signature read contributes undefined, directly or through a local/result.","Adapted source: statements = [factory.createWithStatement(withBlock.expression, factory.createBlock(statements))];
2026-10-08 project-input stock option ablation removes this exact row: noUncheckedIndexedAccess.",,noUncheckedIndexedAccess,not assessed: no class 1 rows,,true,'withBlock' is possibly 'undefined'.,,scheduled,,not reached,False,"/tmp/stricter-indexed-all-typescript/src/compiler/sys.ts:1502:51: stage 0 can't lower a namespace read before runtime initialization, directly or through a reachable call; move that read or call after the namespace declaration yet",,False
D219,src/compiler/transformers/generators.ts,2951,21,TS2532,Object is possibly 'undefined'.,2,,transformGenerators.tryEnterLabel,2936,noUncheckedIndexedAccess,indexed-presence,labelNumbers[labelNumber],"Unchecked element/index-signature read contributes undefined, directly or through a local/result.","Adapted source: labelNumbers[labelNumber].push(label);
2026-10-08 project-input stock option ablation removes this exact row: noUncheckedIndexedAccess.",,noUncheckedIndexedAccess,not assessed: no class 1 rows,,true,Object is possibly 'undefined'.,,scheduled,,not reached,False,"/tmp/stricter-indexed-all-typescript/src/compiler/sys.ts:1502:51: stage 0 can't lower a namespace read before runtime initialization, directly or through a reachable call; move that read or call after the namespace declaration yet",,False
D220,src/compiler/transformers/generators.ts,2983,57,TS2532,Object is possibly 'undefined'.,2,,transformGenerators.tryEnterOrLeaveBlock,2981,noUncheckedIndexedAccess,indexed-presence,blockOffsets![blockIndex],"Unchecked element/index-signature read contributes undefined, directly or through a local/result.","Adapted source: for (; blockIndex < blockActions!.length && blockOffsets![blockIndex] <= operationIndex; blockIndex++) {
                const block: CodeBlock = blocks[blockIndex];
                const blockAction = blockActions![blockIndex];
                switch (block.kind) {
                    case CodeBlockKind.Exception:
                        if (blockAction === BlockAction.Open) {
                            if (!exceptionBlockStack) {
                                exceptionBlockStack = [];
                            }

                            if (!statements) {
                                statements = [];
                            }

                            exceptionBlockStack.push(currentExceptionBlock!);
                            currentExceptionBlock = block;
                        }
                        else if (blockAction === BlockAction.Close) {
                            currentExceptionBlock = exceptionBlockStack!.pop();
                        }
                        break;
                    case CodeBlockKind.With:
                        if (blockAction === BlockAction.Open) {
                            if (!withBlockStack) {
                                withBlockStack = [];
                            }

                            withBlockStack.push(block);
                        }
                        else if (blockAction === BlockAction.Close) {
                            withBlockStack!.pop();
                        }
                        break;
                        // default: do nothing
                }
            }
2026-10-08 project-input stock option ablation removes this exact row: noUncheckedIndexedAccess.",,noUncheckedIndexedAccess,not assessed: no class 1 rows,,true,Object is possibly 'undefined'.,,scheduled,,not reached,False,"/tmp/stricter-indexed-all-typescript/src/compiler/sys.ts:1502:51: stage 0 can't lower a namespace read before runtime initialization, directly or through a reachable call; move that read or call after the namespace declaration yet",,False
D221,src/compiler/transformers/generators.ts,2984,23,TS2322,"Type 'CodeBlock | undefined' is not assignable to type 'CodeBlock'.
  Type 'undefined' is not assignable to type 'CodeBlock'.",2,,transformGenerators.tryEnterOrLeaveBlock,2981,noUncheckedIndexedAccess,indexed-presence,block,"Unchecked element/index-signature read contributes undefined, directly or through a local/result.","Adapted source: block: CodeBlock = blocks[blockIndex]
2026-10-08 project-input stock option ablation removes this exact row: noUncheckedIndexedAccess.",,noUncheckedIndexedAccess,not assessed: no class 1 rows,,true,"Type 'CodeBlock | undefined' is not assignable to type 'CodeBlock'.
  Type 'undefined' is not assignable to type 'CodeBlock'.",,scheduled,,not reached,False,"/tmp/stricter-indexed-all-typescript/src/compiler/sys.ts:1502:51: stage 0 can't lower a namespace read before runtime initialization, directly or through a reachable call; move that read or call after the namespace declaration yet",,False
D225,src/compiler/transformers/jsx.ts,309,58,TS2345,"Argument of type 'JsxChild | undefined' is not assignable to parameter of type 'JsxChild'.
  Type 'undefined' is not assignable to type 'JsxChild'.",2,,transformJsx.convertJsxChildrenToChildrenPropAssignment,306,noUncheckedIndexedAccess,indexed-presence,nonWhitespaceChildren[0],"Unchecked element/index-signature read contributes undefined, directly or through a local/result.","Adapted source: result = transformJsxChildToExpression(nonWhitespaceChildren[0])
2026-10-08 project-input stock option ablation removes this exact row: noUncheckedIndexedAccess.",,noUncheckedIndexedAccess,not assessed: no class 1 rows,,true,"Argument of type 'JsxChild | undefined' is not assignable to parameter of type 'JsxChild'.
  Type 'undefined' is not assignable to type 'JsxChild'.",,scheduled,,not reached,False,"/tmp/stricter-indexed-all-typescript/src/compiler/sys.ts:1502:51: stage 0 can't lower a namespace read before runtime initialization, directly or through a reachable call; move that read or call after the namespace declaration yet",,False
D226,src/compiler/transformers/jsx.ts,502,62,TS2345,"Argument of type 'Expression | undefined' is not assignable to parameter of type 'Node'.
  Type 'undefined' is not assignable to type 'Node'.",2,,transformJsx.transformJsxAttributesToExpression,470,noUncheckedIndexedAccess,indexed-presence,expressions[0],"Unchecked element/index-signature read contributes undefined, directly or through a local/result.","Adapted source: if (expressions.length && !isObjectLiteralExpression(expressions[0])) {
            // We must always emit at least one object literal before a spread attribute
            // as the JSX always factory expects a fresh object, so we need to make a copy here
            // we also avoid mutating an external reference by doing this (first expression is used as assign's target)
            expressions.unshift(factory.createObjectLiteralExpression());
        }
2026-10-08 project-input stock option ablation removes this exact row: noUncheckedIndexedAccess.",,noUncheckedIndexedAccess,not assessed: no class 1 rows,,true,"Argument of type 'Expression | undefined' is not assignable to parameter of type 'Node'.
  Type 'undefined' is not assignable to type 'Node'.",,scheduled,,not reached,False,"/tmp/stricter-indexed-all-typescript/src/compiler/sys.ts:1502:51: stage 0 can't lower a namespace read before runtime initialization, directly or through a reachable call; move that read or call after the namespace declaration yet",,False
D227,src/compiler/transformers/module/esnextAnd2015.ts,100,46,TS2345,"Argument of type 'Expression | undefined' is not assignable to parameter of type 'FileReference | Node'.
  Type 'undefined' is not assignable to type 'FileReference | Node'.",2,,transformECMAScriptModule.transformSourceFile,99,noUncheckedIndexedAccess,indexed-presence,node.arguments,"Unchecked element/index-signature read contributes undefined, directly or through a local/result.","Adapted source: if (!isStringLiteralLike(node.arguments[0]) || shouldRewriteModuleSpecifier(node.arguments[0].text, compilerOptions)) {
                        importsAndRequiresToRewriteOrShim = append(importsAndRequiresToRewriteOrShim, node);
                    }
2026-10-08 project-input stock option ablation removes this exact row: noUncheckedIndexedAccess.",,noUncheckedIndexedAccess,not assessed: no class 1 rows,,true,"Argument of type 'Expression | undefined' is not assignable to parameter of type 'Node | FileReference'.
  Type 'undefined' is not assignable to type 'Node | FileReference'.",,scheduled,,not reached,False,"/tmp/stricter-indexed-all-typescript/src/compiler/sys.ts:1502:51: stage 0 can't lower a namespace read before runtime initialization, directly or through a reachable call; move that read or call after the namespace declaration yet",,False
D228,src/compiler/transformers/module/esnextAnd2015.ts,163,91,TS2345,"Argument of type 'CallExpression | undefined' is not assignable to parameter of type 'TextRange'.
  Type 'undefined' is not assignable to type 'TextRange'.",2,,transformECMAScriptModule.visitor,143,noUncheckedIndexedAccess,indexed-presence,importsAndRequiresToRewriteOrShim[0],"Unchecked element/index-signature read contributes undefined, directly or through a local/result.","Adapted source: if (importsAndRequiresToRewriteOrShim?.length && rangeContainsRange(node, importsAndRequiresToRewriteOrShim[0])) {
                    return visitEachChild(node, visitor, context);
                }
2026-10-08 project-input stock option ablation removes this exact row: noUncheckedIndexedAccess.",,noUncheckedIndexedAccess,not assessed: no class 1 rows,,true,"Argument of type 'CallExpression | undefined' is not assignable to parameter of type 'TextRange'.
  Type 'undefined' is not assignable to type 'TextRange'.",,scheduled,,not reached,False,"/tmp/stricter-indexed-all-typescript/src/compiler/sys.ts:1502:51: stage 0 can't lower a namespace read before runtime initialization, directly or through a reachable call; move that read or call after the namespace declaration yet",,False
D229,src/compiler/transformers/module/esnextAnd2015.ts,194,37,TS2345,"Argument of type 'Expression | undefined' is not assignable to parameter of type 'FileReference | Node'.
  Type 'undefined' is not assignable to type 'FileReference | Node'.",2,,transformECMAScriptModule.visitImportOrRequireCall,188,noUncheckedIndexedAccess,indexed-presence,node.arguments,"Unchecked element/index-signature read contributes undefined, directly or through a local/result.","Adapted source: return factory.updateCallExpression(
            node,
            node.expression,
            node.typeArguments,
            [
                isStringLiteralLike(node.arguments[0])
                    ? rewriteModuleSpecifier(node.arguments[0], compilerOptions)
                    : emitHelpers().createRewriteRelativeImportExtensionsHelper(node.arguments[0]),
                ...node.arguments.slice(1),
            ],
        );
2026-10-08 project-input stock option ablation removes this exact row: noUncheckedIndexedAccess.",,noUncheckedIndexedAccess,not assessed: no class 1 rows,,true,"Argument of type 'Expression | undefined' is not assignable to parameter of type 'Node | FileReference'.
  Type 'undefined' is not assignable to type 'Node | FileReference'.",,scheduled,,not reached,False,"/tmp/stricter-indexed-all-typescript/src/compiler/sys.ts:1502:51: stage 0 can't lower a namespace read before runtime initialization, directly or through a reachable call; move that read or call after the namespace declaration yet",,False
D230,src/compiler/transformers/module/esnextAnd2015.ts,196,81,TS2345,"Argument of type 'Expression | undefined' is not assignable to parameter of type 'Expression'.
  Type 'undefined' is not assignable to type 'Expression'.",2,,transformECMAScriptModule.visitImportOrRequireCall,188,noUncheckedIndexedAccess,indexed-presence,node.arguments,"Unchecked element/index-signature read contributes undefined, directly or through a local/result.","Adapted source: return factory.updateCallExpression(
            node,
            node.expression,
            node.typeArguments,
            [
                isStringLiteralLike(node.arguments[0])
                    ? rewriteModuleSpecifier(node.arguments[0], compilerOptions)
                    : emitHelpers().createRewriteRelativeImportExtensionsHelper(node.arguments[0]),
                ...node.arguments.slice(1),
            ],
        );
2026-10-08 project-input stock option ablation removes this exact row: noUncheckedIndexedAccess.",,noUncheckedIndexedAccess,not assessed: no class 1 rows,,true,"Argument of type 'Expression | undefined' is not assignable to parameter of type 'Expression'.
  Type 'undefined' is not assignable to type 'Expression'.",,scheduled,,not reached,False,"/tmp/stricter-indexed-all-typescript/src/compiler/sys.ts:1502:51: stage 0 can't lower a namespace read before runtime initialization, directly or through a reachable call; move that read or call after the namespace declaration yet",,False
D231,src/compiler/transformers/module/esnextAnd2015.ts,251,22,TS2532,Object is possibly 'undefined'.,2,,transformECMAScriptModule.createRequireCall,207,noUncheckedIndexedAccess,indexed-presence,importRequireStatements[1],"Unchecked element/index-signature read contributes undefined, directly or through a local/result.","Adapted source: name = importRequireStatements[1].declarationList.declarations[0].name
2026-10-08 project-input stock option ablation removes this exact row: noUncheckedIndexedAccess.",,noUncheckedIndexedAccess,not assessed: no class 1 rows,,true,Object is possibly 'undefined'.,,scheduled,,not reached,False,"/tmp/stricter-indexed-all-typescript/src/compiler/sys.ts:1502:51: stage 0 can't lower a namespace read before runtime initialization, directly or through a reachable call; move that read or call after the namespace declaration yet",,False
D236,src/compiler/tsbuildPublic.ts,302,5,TS2412,"Type '(() => Date) | undefined' is not assignable to type '() => Date' with 'exactOptionalPropertyTypes: true'. Consider adding 'undefined' to the type of the target.
  Type 'undefined' is not assignable to type '() => Date'.",2,,createSolutionBuilderHostBase,295,exactOptionalPropertyTypes,optional-presence,host.now,Present undefined value or callable optional slot does not satisfy the exact optional target contract.,"Adapted source: host.now = maybeBind(system, system.now);
2026-10-08 project-input stock option ablation removes this exact row: exactOptionalPropertyTypes.",,exactOptionalPropertyTypes,not assessed: no class 1 rows,,true,"Type '(() => Date) | undefined' is not assignable to type '() => Date' with 'exactOptionalPropertyTypes: true'. Consider adding 'undefined' to the type of the target.
  Type 'undefined' is not assignable to type '() => Date'.",,scheduled,,not reached,False,"/tmp/stricter-indexed-all-typescript/src/compiler/sys.ts:1502:51: stage 0 can't lower a namespace read before runtime initialization, directly or through a reachable call; move that read or call after the namespace declaration yet",,False
D237,src/compiler/tsbuildPublic.ts,438,5,TS2412,"Type '((moduleLiterals: readonly StringLiteralLike[], containingFile: string, redirectedReference: ResolvedProjectReference | undefined, options: CompilerOptions, containingSourceFile: SourceFile, reusedNames: ... | undefined) => ...) | undefined' is not assignable to type '(moduleLiterals: readonly StringLiteralLike[], containingFile: string, redirectedReference: ResolvedProjectReference | undefined, options: CompilerOptions, containingSourceFile: SourceFile, reusedNames: ... | undefined) => ...' with 'exactOptionalPropertyTypes: true'. Consider adding 'undefined' to the type of the target.
  Type 'undefined' is not assignable to type '(moduleLiterals: readonly StringLiteralLike[], containingFile: string, redirectedReference: ResolvedProjectReference | undefined, options: CompilerOptions, containingSourceFile: SourceFile, reusedNames: ... | undefined) => ...'.",2,,createSolutionBuilderState,429,exactOptionalPropertyTypes,optional-presence,compilerHost.resolveModuleNameLiterals,Present undefined value or callable optional slot does not satisfy the exact optional target contract.,"Adapted source: compilerHost.resolveModuleNameLiterals = maybeBind(host, host.resolveModuleNameLiterals);
2026-10-08 project-input stock option ablation removes this exact row: exactOptionalPropertyTypes.",,exactOptionalPropertyTypes,not assessed: no class 1 rows,,true,"Type '((moduleLiterals: readonly StringLiteralLike[], containingFile: string, redirectedReference: ResolvedProjectReference | undefined, options: CompilerOptions, containingSourceFile: SourceFile, reusedNames: readonly StringLiteralLike[] | undefined) => readonly ResolvedModuleWithFailedLookupLocations[]) | undefined' is not assignable to type '(moduleLiterals: readonly StringLiteralLike[], containingFile: string, redirectedReference: ResolvedProjectReference | undefined, options: CompilerOptions, containingSourceFile: SourceFile, reusedNames: readonly StringLiteralLike[] | undefined) => readonly ResolvedModuleWithFailedLookupLocations[]' with 'exactOptionalPropertyTypes: true'. Consider adding 'undefined' to the type of the target.
  Type 'undefined' is not assignable to type '(moduleLiterals: readonly StringLiteralLike[], containingFile: string, redirectedReference: ResolvedProjectReference | undefined, options: CompilerOptions, containingSourceFile: SourceFile, reusedNames: readonly StringLiteralLike[] | undefined) => readonly ResolvedModuleWithFailedLookupLocations[]'.",,scheduled,,not reached,False,"/tmp/stricter-indexed-all-typescript/src/compiler/sys.ts:1502:51: stage 0 can't lower a namespace read before runtime initialization, directly or through a reachable call; move that read or call after the namespace declaration yet",,False
D238,src/compiler/tsbuildPublic.ts,439,5,TS2412,"Type '((typeDirectiveReferences: readonly (string | FileReference)[], containingFile: string, redirectedReference: ResolvedProjectReference | undefined, options: CompilerOptions, containingSourceFile: SourceFile | undefined, reusedNames: ... | undefined) => ...) | undefined' is not assignable to type '<T extends FileReference | string>(typeDirectiveReferences: readonly T[], containingFile: string, redirectedReference: ResolvedProjectReference | undefined, options: CompilerOptions, containingSourceFile: SourceFile | undefined, reusedNames: ... | undefined) => ...' with 'exactOptionalPropertyTypes: true'. Consider adding 'undefined' to the type of the target.
  Type 'undefined' is not assignable to type '<T extends FileReference | string>(typeDirectiveReferences: readonly T[], containingFile: string, redirectedReference: ResolvedProjectReference | undefined, options: CompilerOptions, containingSourceFile: SourceFile | undefined, reusedNames: ... | undefined) => ...'.",2,,createSolutionBuilderState,429,exactOptionalPropertyTypes,optional-presence,compilerHost.resolveTypeReferenceDirectiveReferences,Present undefined value or callable optional slot does not satisfy the exact optional target contract.,"Adapted source: compilerHost.resolveTypeReferenceDirectiveReferences = maybeBind(host, host.resolveTypeReferenceDirectiveReferences);
2026-10-08 project-input stock option ablation removes this exact row: exactOptionalPropertyTypes.",,exactOptionalPropertyTypes,not assessed: no class 1 rows,,true,"Type '((typeDirectiveReferences: readonly (string | FileReference)[], containingFile: string, redirectedReference: ResolvedProjectReference | undefined, options: CompilerOptions, containingSourceFile: SourceFile | undefined, reusedNames: readonly (string | FileReference)[] | undefined) => readonly ResolvedTypeReferenceDir...' is not assignable to type '<T extends FileReference | string>(typeDirectiveReferences: readonly T[], containingFile: string, redirectedReference: ResolvedProjectReference | undefined, options: CompilerOptions, containingSourceFile: SourceFile | undefined, reusedNames: readonly T[] | undefined) => readonly ResolvedTypeReferenceDirectiveWithFai...' with 'exactOptionalPropertyTypes: true'. Consider adding 'undefined' to the type of the target.
  Type 'undefined' is not assignable to type '<T extends FileReference | string>(typeDirectiveReferences: readonly T[], containingFile: string, redirectedReference: ResolvedProjectReference | undefined, options: CompilerOptions, containingSourceFile: SourceFile | undefined, reusedNames: readonly T[] | undefined) => readonly ResolvedTypeReferenceDirectiveWithFai...'.",,scheduled,,not reached,False,"/tmp/stricter-indexed-all-typescript/src/compiler/sys.ts:1502:51: stage 0 can't lower a namespace read before runtime initialization, directly or through a reachable call; move that read or call after the namespace declaration yet",,False
D239,src/compiler/tsbuildPublic.ts,440,5,TS2412,"Type '((libraryName: string, resolveFrom: string, options: CompilerOptions, libFileName: string) => ResolvedModuleWithFailedLookupLocations) | undefined' is not assignable to type '(libraryName: string, resolveFrom: string, options: CompilerOptions, libFileName: string) => ResolvedModuleWithFailedLookupLocations' with 'exactOptionalPropertyTypes: true'. Consider adding 'undefined' to the type of the target.
  Type 'undefined' is not assignable to type '(libraryName: string, resolveFrom: string, options: CompilerOptions, libFileName: string) => ResolvedModuleWithFailedLookupLocations'.",2,,createSolutionBuilderState,429,exactOptionalPropertyTypes,optional-presence,compilerHost.resolveLibrary,Present undefined value or callable optional slot does not satisfy the exact optional target contract.,"Adapted source: compilerHost.resolveLibrary = maybeBind(host, host.resolveLibrary);
2026-10-08 project-input stock option ablation removes this exact row: exactOptionalPropertyTypes.",,exactOptionalPropertyTypes,not assessed: no class 1 rows,,true,"Type '((libraryName: string, resolveFrom: string, options: CompilerOptions, libFileName: string) => ResolvedModuleWithFailedLookupLocations) | undefined' is not assignable to type '(libraryName: string, resolveFrom: string, options: CompilerOptions, libFileName: string) => ResolvedModuleWithFailedLookupLocations' with 'exactOptionalPropertyTypes: true'. Consider adding 'undefined' to the type of the target.
  Type 'undefined' is not assignable to type '(libraryName: string, resolveFrom: string, options: CompilerOptions, libFileName: string) => ResolvedModuleWithFailedLookupLocations'.",,scheduled,,not reached,False,"/tmp/stricter-indexed-all-typescript/src/compiler/sys.ts:1502:51: stage 0 can't lower a namespace read before runtime initialization, directly or through a reachable call; move that read or call after the namespace declaration yet",,False
D240,src/compiler/tsbuildPublic.ts,441,5,TS2412,"Type '((moduleNames: string[], containingFile: string, reusedNames: string[] | undefined, redirectedReference: ResolvedProjectReference | undefined, options: CompilerOptions, containingSourceFile?: SourceFile | undefined) => ...) | undefined' is not assignable to type '(moduleNames: string[], containingFile: string, reusedNames: string[] | undefined, redirectedReference: ResolvedProjectReference | undefined, options: CompilerOptions, containingSourceFile?: SourceFile | undefined) => ...' with 'exactOptionalPropertyTypes: true'. Consider adding 'undefined' to the type of the target.
  Type 'undefined' is not assignable to type '(moduleNames: string[], containingFile: string, reusedNames: string[] | undefined, redirectedReference: ResolvedProjectReference | undefined, options: CompilerOptions, containingSourceFile?: SourceFile | undefined) => ...'.",2,,createSolutionBuilderState,429,exactOptionalPropertyTypes,optional-presence,compilerHost.resolveModuleNames,Present undefined value or callable optional slot does not satisfy the exact optional target contract.,"Adapted source: compilerHost.resolveModuleNames = maybeBind(host, host.resolveModuleNames);
2026-10-08 project-input stock option ablation removes this exact row: exactOptionalPropertyTypes.",,exactOptionalPropertyTypes,not assessed: no class 1 rows,,true,"Type '((moduleNames: string[], containingFile: string, reusedNames: string[] | undefined, redirectedReference: ResolvedProjectReference | undefined, options: CompilerOptions, containingSourceFile?: SourceFile | undefined) => (ResolvedModule | undefined)[]) | undefined' is not assignable to type '(moduleNames: string[], containingFile: string, reusedNames: string[] | undefined, redirectedReference: ResolvedProjectReference | undefined, options: CompilerOptions, containingSourceFile?: SourceFile | undefined) => (ResolvedModule | undefined)[]' with 'exactOptionalPropertyTypes: true'. Consider adding 'undefined' to the type of the target.
  Type 'undefined' is not assignable to type '(moduleNames: string[], containingFile: string, reusedNames: string[] | undefined, redirectedReference: ResolvedProjectReference | undefined, options: CompilerOptions, containingSourceFile?: SourceFile | undefined) => (ResolvedModule | undefined)[]'.",,scheduled,,not reached,False,"/tmp/stricter-indexed-all-typescript/src/compiler/sys.ts:1502:51: stage 0 can't lower a namespace read before runtime initialization, directly or through a reachable call; move that read or call after the namespace declaration yet",,False
D241,src/compiler/tsbuildPublic.ts,442,5,TS2412,"Type '((typeReferenceDirectiveNames: string[] | readonly FileReference[], containingFile: string, redirectedReference: ResolvedProjectReference | undefined, options: CompilerOptions, containingFileMode?: ResolutionMode) => ...) | undefined' is not assignable to type '(typeReferenceDirectiveNames: string[] | readonly FileReference[], containingFile: string, redirectedReference: ResolvedProjectReference | undefined, options: CompilerOptions, containingFileMode?: ResolutionMode) => ...' with 'exactOptionalPropertyTypes: true'. Consider adding 'undefined' to the type of the target.
  Type 'undefined' is not assignable to type '(typeReferenceDirectiveNames: string[] | readonly FileReference[], containingFile: string, redirectedReference: ResolvedProjectReference | undefined, options: CompilerOptions, containingFileMode?: ResolutionMode) => ...'.",2,,createSolutionBuilderState,429,exactOptionalPropertyTypes,optional-presence,compilerHost.resolveTypeReferenceDirectives,Present undefined value or callable optional slot does not satisfy the exact optional target contract.,"Adapted source: compilerHost.resolveTypeReferenceDirectives = maybeBind(host, host.resolveTypeReferenceDirectives);
2026-10-08 project-input stock option ablation removes this exact row: exactOptionalPropertyTypes.",,exactOptionalPropertyTypes,not assessed: no class 1 rows,,true,"Type '((typeReferenceDirectiveNames: string[] | readonly FileReference[], containingFile: string, redirectedReference: ResolvedProjectReference | undefined, options: CompilerOptions, containingFileMode?: ResolutionMode) => (ResolvedTypeReferenceDirective | undefined)[]) | undefined' is not assignable to type '(typeReferenceDirectiveNames: string[] | readonly FileReference[], containingFile: string, redirectedReference: ResolvedProjectReference | undefined, options: CompilerOptions, containingFileMode?: ResolutionMode) => (ResolvedTypeReferenceDirective | undefined)[]' with 'exactOptionalPropertyTypes: true'. Consider adding 'undefined' to the type of the target.
  Type 'undefined' is not assignable to type '(typeReferenceDirectiveNames: string[] | readonly FileReference[], containingFile: string, redirectedReference: ResolvedProjectReference | undefined, options: CompilerOptions, containingFileMode?: ResolutionMode) => (ResolvedTypeReferenceDirective | undefined)[]'.",,scheduled,,not reached,False,"/tmp/stricter-indexed-all-typescript/src/compiler/sys.ts:1502:51: stage 0 can't lower a namespace read before runtime initialization, directly or through a reachable call; move that read or call after the namespace declaration yet",,False
D242,src/compiler/tsbuildPublic.ts,443,5,TS2412,"Type '(() => ModuleResolutionCache | undefined) | undefined' is not assignable to type '() => ModuleResolutionCache | undefined' with 'exactOptionalPropertyTypes: true'. Consider adding 'undefined' to the type of the target.
  Type 'undefined' is not assignable to type '() => ModuleResolutionCache | undefined'.",2,,createSolutionBuilderState,429,exactOptionalPropertyTypes,optional-presence,compilerHost.getModuleResolutionCache,Present undefined value or callable optional slot does not satisfy the exact optional target contract.,"Adapted source: compilerHost.getModuleResolutionCache = maybeBind(host, host.getModuleResolutionCache);
2026-10-08 project-input stock option ablation removes this exact row: exactOptionalPropertyTypes.",,exactOptionalPropertyTypes,not assessed: no class 1 rows,,true,"Type '(() => ModuleResolutionCache | undefined) | undefined' is not assignable to type '() => ModuleResolutionCache | undefined' with 'exactOptionalPropertyTypes: true'. Consider adding 'undefined' to the type of the target.
  Type 'undefined' is not assignable to type '() => ModuleResolutionCache | undefined'.",,scheduled,,not reached,False,"/tmp/stricter-indexed-all-typescript/src/compiler/sys.ts:1502:51: stage 0 can't lower a namespace read before runtime initialization, directly or through a reachable call; move that read or call after the namespace declaration yet",,False
D243,src/compiler/tsbuildPublic.ts,785,5,TS2412,"Type '((directoryName: string) => boolean) | undefined' is not assignable to type '(path: string) => boolean' with 'exactOptionalPropertyTypes: true'. Consider adding 'undefined' to the type of the target.
  Type 'undefined' is not assignable to type '(path: string) => boolean'.",2,,disableCache,778,exactOptionalPropertyTypes,optional-presence,host.directoryExists,Present undefined value or callable optional slot does not satisfy the exact optional target contract.,"Adapted source: host.directoryExists = cache.originalDirectoryExists;
2026-10-08 project-input stock option ablation removes this exact row: exactOptionalPropertyTypes.",,exactOptionalPropertyTypes,not assessed: no class 1 rows,,true,"Type '((directoryName: string) => boolean) | undefined' is not assignable to type '(path: string) => boolean' with 'exactOptionalPropertyTypes: true'. Consider adding 'undefined' to the type of the target.
  Type 'undefined' is not assignable to type '(path: string) => boolean'.",,scheduled,,not reached,False,"/tmp/stricter-indexed-all-typescript/src/compiler/sys.ts:1502:51: stage 0 can't lower a namespace read before runtime initialization, directly or through a reachable call; move that read or call after the namespace declaration yet",,False
D244,src/compiler/tsbuildPublic.ts,786,5,TS2412,"Type '((directory: string) => void) | undefined' is not assignable to type '(path: string) => void' with 'exactOptionalPropertyTypes: true'. Consider adding 'undefined' to the type of the target.
  Type 'undefined' is not assignable to type '(path: string) => void'.",2,,disableCache,778,exactOptionalPropertyTypes,optional-presence,host.createDirectory,Present undefined value or callable optional slot does not satisfy the exact optional target contract.,"Adapted source: host.createDirectory = cache.originalCreateDirectory;
2026-10-08 project-input stock option ablation removes this exact row: exactOptionalPropertyTypes.",,exactOptionalPropertyTypes,not assessed: no class 1 rows,,true,"Type '((directory: string) => void) | undefined' is not assignable to type '(path: string) => void' with 'exactOptionalPropertyTypes: true'. Consider adding 'undefined' to the type of the target.
  Type 'undefined' is not assignable to type '(path: string) => void'.",,scheduled,,not reached,False,"/tmp/stricter-indexed-all-typescript/src/compiler/sys.ts:1502:51: stage 0 can't lower a namespace read before runtime initialization, directly or through a reachable call; move that read or call after the namespace declaration yet",,False
D245,src/compiler/tsbuildPublic.ts,787,5,TS2412,"Type 'WriteFileCallback | undefined' is not assignable to type '(path: string, data: string, writeByteOrderMark?: boolean | undefined) => void' with 'exactOptionalPropertyTypes: true'. Consider adding 'undefined' to the type of the target.
  Type 'undefined' is not assignable to type '(path: string, data: string, writeByteOrderMark?: boolean | undefined) => void'.",2,,disableCache,778,exactOptionalPropertyTypes,optional-presence,host.writeFile,Present undefined value or callable optional slot does not satisfy the exact optional target contract.,"Adapted source: host.writeFile = cache.originalWriteFile;
2026-10-08 project-input stock option ablation removes this exact row: exactOptionalPropertyTypes.",,exactOptionalPropertyTypes,not assessed: no class 1 rows,,true,"Type 'WriteFileCallback | undefined' is not assignable to type '(path: string, data: string, writeByteOrderMark?: boolean | undefined) => void' with 'exactOptionalPropertyTypes: true'. Consider adding 'undefined' to the type of the target.
  Type 'undefined' is not assignable to type '(path: string, data: string, writeByteOrderMark?: boolean | undefined) => void'.",,scheduled,,not reached,False,"/tmp/stricter-indexed-all-typescript/src/compiler/sys.ts:1502:51: stage 0 can't lower a namespace read before runtime initialization, directly or through a reachable call; move that read or call after the namespace declaration yet",,False
D246,src/compiler/watch.ts,756,11,TS2375,"Type '{ getSourceFile: (fileName: string, languageVersionOrOptions: CreateSourceFileOptions | ScriptTarget, onError?: ((message: string) => void) | undefined, shouldCreateNewSourceFile?: boolean | undefined) => SourceFile | undefined; ... 17 more ...; jsDocParsingMode: JSDocParsingMode | undefined; }' is not assignable to type 'CompilerHost' with 'exactOptionalPropertyTypes: true'. Consider adding 'undefined' to the types of the target's properties.
  Types of property 'getDefaultLibLocation' are incompatible.
    Type '(() => string) | undefined' is not assignable to type '() => string'.
      Type 'undefined' is not assignable to type '() => string'.",2,,createCompilerHostFromProgramHost,754,exactOptionalPropertyTypes,optional-presence,compilerHost,Present undefined value or callable optional slot does not satisfy the exact optional target contract.,"Adapted source: compilerHost: CompilerHost = {
        getSourceFile: createGetSourceFile(
            (fileName, encoding) => !encoding ? compilerHost.readFile(fileName) : host.readFile(fileName, encoding),
            /*setParentNodes*/ undefined,
        ),
        getDefaultLibLocation: maybeBind(host, host.getDefaultLibLocation),
        getDefaultLibFileName: options => host.getDefaultLibFileName(options),
        writeFile: createWriteFileMeasuringIO(
            (path, data, writeByteOrderMark) => host.writeFile!(path, data, writeByteOrderMark),
            path => host.createDirectory!(path),
            path => host.directoryExists!(path),
        ),
        getCurrentDirectory: memoize(() => host.getCurrentDirectory()),
        useCaseSensitiveFileNames: () => useCaseSensitiveFileNames,
        getCanonicalFileName: createGetCanonicalFileName(useCaseSensitiveFileNames),
        getNewLine: () => getNewLineCharacter(getCompilerOptions()),
        fileExists: f => host.fileExists(f),
        readFile: f => host.readFile(f),
        trace: maybeBind(host, host.trace),
        directoryExists: maybeBind(directoryStructureHost, directoryStructureHost.directoryExists),
        getDirectories: maybeBind(directoryStructureHost, directoryStructureHost.getDirectories),
        realpath: maybeBind(host, host.realpath),
        getEnvironmentVariable: maybeBind(host, host.getEnvironmentVariable) || (() => """"),
        createHash: maybeBind(host, host.createHash),
        readDirectory: maybeBind(host, host.readDirectory),
        storeSignatureInfo: host.storeSignatureInfo,
        jsDocParsingMode: host.jsDocParsingMode,
    }
2026-10-08 project-input stock option ablation removes this exact row: exactOptionalPropertyTypes.",,exactOptionalPropertyTypes,not assessed: no class 1 rows,,true,"Type '{ getSourceFile: (fileName: string, languageVersionOrOptions: ScriptTarget | CreateSourceFileOptions, onError?: ((message: string) => void) | undefined, shouldCreateNewSourceFile?: boolean | undefined) => SourceFile | undefined; ... 17 more ...; jsDocParsingMode: JSDocParsingMode | undefined; }' is not assignable to type 'CompilerHost' with 'exactOptionalPropertyTypes: true'. Consider adding 'undefined' to the types of the target's properties.
  Types of property 'getDefaultLibLocation' are incompatible.
    Type '(() => string) | undefined' is not assignable to type '() => string'.
      Type 'undefined' is not assignable to type '() => string'.",,scheduled,,not reached,False,"/tmp/stricter-indexed-all-typescript/src/compiler/sys.ts:1502:51: stage 0 can't lower a namespace read before runtime initialization, directly or through a reachable call; move that read or call after the namespace declaration yet",,False
D247,src/compiler/watch.ts,845,5,TS2375,"Type '{ useCaseSensitiveFileNames: () => boolean; getNewLine: () => string; getCurrentDirectory: () => string; getDefaultLibLocation: () => string; getDefaultLibFileName: (options: CompilerOptions) => string; ... 13 more ...; now: ... | undefined; }' is not assignable to type 'ProgramHost<T>' with 'exactOptionalPropertyTypes: true'. Consider adding 'undefined' to the types of the target's properties.
  Types of property 'createHash' are incompatible.
    Type '((data: string) => string) | undefined' is not assignable to type '(data: string) => string'.
      Type 'undefined' is not assignable to type '(data: string) => string'.",2,,createProgramHost,843,exactOptionalPropertyTypes,optional-presence,return,Present undefined value or callable optional slot does not satisfy the exact optional target contract.,"Adapted source: return {
        useCaseSensitiveFileNames: () => system.useCaseSensitiveFileNames,
        getNewLine: () => system.newLine,
        getCurrentDirectory: memoize(() => system.getCurrentDirectory()),
        getDefaultLibLocation,
        getDefaultLibFileName: options => combinePaths(getDefaultLibLocation(), getDefaultLibFileName(options)),
        fileExists: path => system.fileExists(path),
        readFile: (path, encoding) => system.readFile(path, encoding),
        directoryExists: path => system.directoryExists(path),
        getDirectories: path => system.getDirectories(path),
        readDirectory: (path, extensions, exclude, include, depth) => system.readDirectory(path, extensions, exclude, include, depth),
        realpath: maybeBind(system, system.realpath),
        getEnvironmentVariable: maybeBind(system, system.getEnvironmentVariable),
        trace: s => system.write(s + system.newLine),
        createDirectory: path => system.createDirectory(path),
        writeFile: (path, data, writeByteOrderMark) => system.writeFile(path, data, writeByteOrderMark),
        createHash: maybeBind(system, system.createHash),
        createProgram: createProgram || createEmitAndSemanticDiagnosticsBuilderProgram as any as CreateProgram<T>,
        storeSignatureInfo: system.storeSignatureInfo,
        now: maybeBind(system, system.now),
    };
2026-10-08 project-input stock option ablation removes this exact row: exactOptionalPropertyTypes.",,exactOptionalPropertyTypes,not assessed: no class 1 rows,,true,"Type '{ useCaseSensitiveFileNames: () => boolean; getNewLine: () => string; getCurrentDirectory: () => string; getDefaultLibLocation: () => string; getDefaultLibFileName: (options: CompilerOptions) => string; ... 13 more ...; now: (() => Date) | undefined; }' is not assignable to type 'ProgramHost<T>' with 'exactOptionalPropertyTypes: true'. Consider adding 'undefined' to the types of the target's properties.
  Types of property 'createHash' are incompatible.
    Type '((data: string) => string) | undefined' is not assignable to type '(data: string) => string'.
      Type 'undefined' is not assignable to type '(data: string) => string'.",,scheduled,,not reached,False,"/tmp/stricter-indexed-all-typescript/src/compiler/sys.ts:1502:51: stage 0 can't lower a namespace read before runtime initialization, directly or through a reachable call; move that read or call after the namespace declaration yet",,False
D248,src/compiler/watchPublic.ts,125,5,TS2412,"Type '((data: string) => string) | undefined' is not assignable to type '(data: string) => string' with 'exactOptionalPropertyTypes: true'. Consider adding 'undefined' to the type of the target.
  Type 'undefined' is not assignable to type '(data: string) => string'.",2,,createIncrementalCompilerHost,123,exactOptionalPropertyTypes,optional-presence,host.createHash,Present undefined value or callable optional slot does not satisfy the exact optional target contract.,"Adapted source: host.createHash = maybeBind(system, system.createHash);
2026-10-08 project-input stock option ablation removes this exact row: exactOptionalPropertyTypes.",,exactOptionalPropertyTypes,not assessed: no class 1 rows,,true,"Type '((data: string) => string) | undefined' is not assignable to type '(data: string) => string' with 'exactOptionalPropertyTypes: true'. Consider adding 'undefined' to the type of the target.
  Type 'undefined' is not assignable to type '(data: string) => string'.",,scheduled,,not reached,False,"/tmp/stricter-indexed-all-typescript/src/compiler/sys.ts:1502:51: stage 0 can't lower a namespace read before runtime initialization, directly or through a reachable call; move that read or call after the namespace declaration yet",,False
D249,src/compiler/watchPublic.ts,371,65,TS2379,"Argument of type '{ rootFiles: string[]; options: CompilerOptions; watchOptions: WatchOptions; projectReferences: readonly ProjectReference[]; system: System; createProgram: CreateProgram<...> | undefined; reportDiagnostic: DiagnosticReporter | undefined; reportWatchStatus: WatchStatusReporter | undefined; }' is not assignable to parameter of type 'CreateWatchCompilerHostOfFilesAndCompilerOptionsInput<T>' with 'exactOptionalPropertyTypes: true'. Consider adding 'undefined' to the types of the target's properties.
  Types of property 'createProgram' are incompatible.
    Type 'CreateProgram<T> | undefined' is not assignable to type 'CreateProgram<T>'.
      Type 'undefined' is not assignable to type 'CreateProgram<T>'.",2,,createWatchCompilerHost,369,exactOptionalPropertyTypes,optional-presence,"createWatchCompilerHostOfFilesAndCompilerOptions({
            rootFiles: rootFilesOrConfigFileName,
            options: options!,
            watchOptions: watchOptionsOrExtraFileExtensions as WatchOptions,
            projectReferences: projectReferencesOrWatchOptionsToExtend as readonly ProjectReference[],
            system,
            createProgram,
            reportDiagnostic,
            reportWatchStatus,
        })",Present undefined value or callable optional slot does not satisfy the exact optional target contract.,"Adapted source: return createWatchCompilerHostOfFilesAndCompilerOptions({
            rootFiles: rootFilesOrConfigFileName,
            options: options!,
            watchOptions: watchOptionsOrExtraFileExtensions as WatchOptions,
            projectReferences: projectReferencesOrWatchOptionsToExtend as readonly ProjectReference[],
            system,
            createProgram,
            reportDiagnostic,
            reportWatchStatus,
        });
2026-10-08 project-input stock option ablation removes this exact row: exactOptionalPropertyTypes.",,exactOptionalPropertyTypes,not assessed: no class 1 rows,,true,"Argument of type '{ rootFiles: string[]; options: CompilerOptions; watchOptions: WatchOptions; projectReferences: readonly ProjectReference[]; system: System; createProgram: CreateProgram<...> | undefined; reportDiagnostic: DiagnosticReporter | undefined; reportWatchStatus: WatchStatusReporter | undefined; }' is not assignable to parameter of type 'CreateWatchCompilerHostOfFilesAndCompilerOptionsInput<T>' with 'exactOptionalPropertyTypes: true'. Consider adding 'undefined' to the types of the target's properties.
  Types of property 'createProgram' are incompatible.
    Type 'CreateProgram<T> | undefined' is not assignable to type 'CreateProgram<T>'.
      Type 'undefined' is not assignable to type 'CreateProgram<T>'.",,scheduled,,not reached,False,"/tmp/stricter-indexed-all-typescript/src/compiler/sys.ts:1502:51: stage 0 can't lower a namespace read before runtime initialization, directly or through a reachable call; move that read or call after the namespace declaration yet",,False
D250,src/compiler/watchPublic.ts,383,52,TS2379,"Argument of type '{ configFileName: string; optionsToExtend: CompilerOptions | undefined; watchOptionsToExtend: WatchOptions; extraFileExtensions: readonly FileExtensionInfo[]; system: System; createProgram: CreateProgram<...> | undefined; reportDiagnostic: DiagnosticReporter | undefined; reportWatchStatus: WatchStatusReporter | unde...' is not assignable to parameter of type 'CreateWatchCompilerHostOfConfigFileInput<T>' with 'exactOptionalPropertyTypes: true'. Consider adding 'undefined' to the types of the target's properties.
  Types of property 'createProgram' are incompatible.
    Type 'CreateProgram<T> | undefined' is not assignable to type 'CreateProgram<T>'.
      Type 'undefined' is not assignable to type 'CreateProgram<T>'.",2,,createWatchCompilerHost,369,exactOptionalPropertyTypes,optional-presence,"createWatchCompilerHostOfConfigFile({
            configFileName: rootFilesOrConfigFileName,
            optionsToExtend: options,
            watchOptionsToExtend: projectReferencesOrWatchOptionsToExtend as WatchOptions,
            extraFileExtensions: watchOptionsOrExtraFileExtensions as readonly FileExtensionInfo[],
            system,
            createProgram,
            reportDiagnostic,
            reportWatchStatus,
        })",Present undefined value or callable optional slot does not satisfy the exact optional target contract.,"Adapted source: return createWatchCompilerHostOfConfigFile({
            configFileName: rootFilesOrConfigFileName,
            optionsToExtend: options,
            watchOptionsToExtend: projectReferencesOrWatchOptionsToExtend as WatchOptions,
            extraFileExtensions: watchOptionsOrExtraFileExtensions as readonly FileExtensionInfo[],
            system,
            createProgram,
            reportDiagnostic,
            reportWatchStatus,
        });
2026-10-08 project-input stock option ablation removes this exact row: exactOptionalPropertyTypes.",,exactOptionalPropertyTypes,not assessed: no class 1 rows,,true,"Argument of type '{ configFileName: string; optionsToExtend: CompilerOptions | undefined; watchOptionsToExtend: WatchOptions; extraFileExtensions: readonly FileExtensionInfo[]; system: System; createProgram: CreateProgram<...> | undefined; reportDiagnostic: DiagnosticReporter | undefined; reportWatchStatus: WatchStatusReporter | unde...' is not assignable to parameter of type 'CreateWatchCompilerHostOfConfigFileInput<T>' with 'exactOptionalPropertyTypes: true'. Consider adding 'undefined' to the types of the target's properties.
  Types of property 'createProgram' are incompatible.
    Type 'CreateProgram<T> | undefined' is not assignable to type 'CreateProgram<T>'.
      Type 'undefined' is not assignable to type 'CreateProgram<T>'.",,scheduled,,not reached,False,"/tmp/stricter-indexed-all-typescript/src/compiler/sys.ts:1502:51: stage 0 can't lower a namespace read before runtime initialization, directly or through a reachable call; move that read or call after the namespace declaration yet",,False
D251,src/compiler/watchPublic.ts,506,5,TS2412,"Type '(() => boolean) | undefined' is not assignable to type '() => boolean' with 'exactOptionalPropertyTypes: true'. Consider adding 'undefined' to the type of the target.
  Type 'undefined' is not assignable to type '() => boolean'.",2,,createWatchProgram,420,exactOptionalPropertyTypes,optional-presence,compilerHost.useSourceOfProjectReferenceRedirect,Present undefined value or callable optional slot does not satisfy the exact optional target contract.,"Adapted source: compilerHost.useSourceOfProjectReferenceRedirect = maybeBind(host, host.useSourceOfProjectReferenceRedirect);
2026-10-08 project-input stock option ablation removes this exact row: exactOptionalPropertyTypes.",,exactOptionalPropertyTypes,not assessed: no class 1 rows,,true,"Type '(() => boolean) | undefined' is not assignable to type '() => boolean' with 'exactOptionalPropertyTypes: true'. Consider adding 'undefined' to the type of the target.
  Type 'undefined' is not assignable to type '() => boolean'.",,scheduled,,not reached,False,"/tmp/stricter-indexed-all-typescript/src/compiler/sys.ts:1502:51: stage 0 can't lower a namespace read before runtime initialization, directly or through a reachable call; move that read or call after the namespace declaration yet",,False
D252,src/compiler/watchPublic.ts,529,5,TS2412,"Type '((moduleLiterals: readonly StringLiteralLike[], containingFile: string, redirectedReference: ResolvedProjectReference | undefined, options: CompilerOptions, containingSourceFile: SourceFile, reusedNames: ... | undefined) => ...) | undefined' is not assignable to type '(moduleLiterals: readonly StringLiteralLike[], containingFile: string, redirectedReference: ResolvedProjectReference | undefined, options: CompilerOptions, containingSourceFile: SourceFile, reusedNames: ... | undefined) => ...' with 'exactOptionalPropertyTypes: true'. Consider adding 'undefined' to the type of the target.
  Type 'undefined' is not assignable to type '(moduleLiterals: readonly StringLiteralLike[], containingFile: string, redirectedReference: ResolvedProjectReference | undefined, options: CompilerOptions, containingSourceFile: SourceFile, reusedNames: ... | undefined) => ...'.",2,,createWatchProgram,420,exactOptionalPropertyTypes,optional-presence,compilerHost.resolveModuleNameLiterals,Present undefined value or callable optional slot does not satisfy the exact optional target contract.,"Adapted source: compilerHost.resolveModuleNameLiterals = maybeBind(host, host.resolveModuleNameLiterals);
2026-10-08 project-input stock option ablation removes this exact row: exactOptionalPropertyTypes.",,exactOptionalPropertyTypes,not assessed: no class 1 rows,,true,"Type '((moduleLiterals: readonly StringLiteralLike[], containingFile: string, redirectedReference: ResolvedProjectReference | undefined, options: CompilerOptions, containingSourceFile: SourceFile, reusedNames: readonly StringLiteralLike[] | undefined) => readonly ResolvedModuleWithFailedLookupLocations[]) | undefined' is not assignable to type '(moduleLiterals: readonly StringLiteralLike[], containingFile: string, redirectedReference: ResolvedProjectReference | undefined, options: CompilerOptions, containingSourceFile: SourceFile, reusedNames: readonly StringLiteralLike[] | undefined) => readonly ResolvedModuleWithFailedLookupLocations[]' with 'exactOptionalPropertyTypes: true'. Consider adding 'undefined' to the type of the target.
  Type 'undefined' is not assignable to type '(moduleLiterals: readonly StringLiteralLike[], containingFile: string, redirectedReference: ResolvedProjectReference | undefined, options: CompilerOptions, containingSourceFile: SourceFile, reusedNames: readonly StringLiteralLike[] | undefined) => readonly ResolvedModuleWithFailedLookupLocations[]'.",,scheduled,,not reached,False,"/tmp/stricter-indexed-all-typescript/src/compiler/sys.ts:1502:51: stage 0 can't lower a namespace read before runtime initialization, directly or through a reachable call; move that read or call after the namespace declaration yet",,False
D253,src/compiler/watchPublic.ts,530,5,TS2412,"Type '((moduleNames: string[], containingFile: string, reusedNames: string[] | undefined, redirectedReference: ResolvedProjectReference | undefined, options: CompilerOptions, containingSourceFile?: SourceFile | undefined) => ...) | undefined' is not assignable to type '(moduleNames: string[], containingFile: string, reusedNames: string[] | undefined, redirectedReference: ResolvedProjectReference | undefined, options: CompilerOptions, containingSourceFile?: SourceFile | undefined) => ...' with 'exactOptionalPropertyTypes: true'. Consider adding 'undefined' to the type of the target.
  Type 'undefined' is not assignable to type '(moduleNames: string[], containingFile: string, reusedNames: string[] | undefined, redirectedReference: ResolvedProjectReference | undefined, options: CompilerOptions, containingSourceFile?: SourceFile | undefined) => ...'.",2,,createWatchProgram,420,exactOptionalPropertyTypes,optional-presence,compilerHost.resolveModuleNames,Present undefined value or callable optional slot does not satisfy the exact optional target contract.,"Adapted source: compilerHost.resolveModuleNames = maybeBind(host, host.resolveModuleNames);
2026-10-08 project-input stock option ablation removes this exact row: exactOptionalPropertyTypes.",,exactOptionalPropertyTypes,not assessed: no class 1 rows,,true,"Type '((moduleNames: string[], containingFile: string, reusedNames: string[] | undefined, redirectedReference: ResolvedProjectReference | undefined, options: CompilerOptions, containingSourceFile?: SourceFile | undefined) => (ResolvedModule | undefined)[]) | undefined' is not assignable to type '(moduleNames: string[], containingFile: string, reusedNames: string[] | undefined, redirectedReference: ResolvedProjectReference | undefined, options: CompilerOptions, containingSourceFile?: SourceFile | undefined) => (ResolvedModule | undefined)[]' with 'exactOptionalPropertyTypes: true'. Consider adding 'undefined' to the type of the target.
  Type 'undefined' is not assignable to type '(moduleNames: string[], containingFile: string, reusedNames: string[] | undefined, redirectedReference: ResolvedProjectReference | undefined, options: CompilerOptions, containingSourceFile?: SourceFile | undefined) => (ResolvedModule | undefined)[]'.",,scheduled,,not reached,False,"/tmp/stricter-indexed-all-typescript/src/compiler/sys.ts:1502:51: stage 0 can't lower a namespace read before runtime initialization, directly or through a reachable call; move that read or call after the namespace declaration yet",,False
D254,src/compiler/watchPublic.ts,534,5,TS2412,"Type '((typeDirectiveReferences: readonly (string | FileReference)[], containingFile: string, redirectedReference: ResolvedProjectReference | undefined, options: CompilerOptions, containingSourceFile: SourceFile | undefined, reusedNames: ... | undefined) => ...) | undefined' is not assignable to type '<T extends FileReference | string>(typeDirectiveReferences: readonly T[], containingFile: string, redirectedReference: ResolvedProjectReference | undefined, options: CompilerOptions, containingSourceFile: SourceFile | undefined, reusedNames: ... | undefined) => ...' with 'exactOptionalPropertyTypes: true'. Consider adding 'undefined' to the type of the target.
  Type 'undefined' is not assignable to type '<T extends FileReference | string>(typeDirectiveReferences: readonly T[], containingFile: string, redirectedReference: ResolvedProjectReference | undefined, options: CompilerOptions, containingSourceFile: SourceFile | undefined, reusedNames: ... | undefined) => ...'.",2,,createWatchProgram,420,exactOptionalPropertyTypes,optional-presence,compilerHost.resolveTypeReferenceDirectiveReferences,Present undefined value or callable optional slot does not satisfy the exact optional target contract.,"Adapted source: compilerHost.resolveTypeReferenceDirectiveReferences = maybeBind(host, host.resolveTypeReferenceDirectiveReferences);
2026-10-08 project-input stock option ablation removes this exact row: exactOptionalPropertyTypes.",,exactOptionalPropertyTypes,not assessed: no class 1 rows,,true,"Type '((typeDirectiveReferences: readonly (string | FileReference)[], containingFile: string, redirectedReference: ResolvedProjectReference | undefined, options: CompilerOptions, containingSourceFile: SourceFile | undefined, reusedNames: readonly (string | FileReference)[] | undefined) => readonly ResolvedTypeReferenceDir...' is not assignable to type '<T extends FileReference | string>(typeDirectiveReferences: readonly T[], containingFile: string, redirectedReference: ResolvedProjectReference | undefined, options: CompilerOptions, containingSourceFile: SourceFile | undefined, reusedNames: readonly T[] | undefined) => readonly ResolvedTypeReferenceDirectiveWithFai...' with 'exactOptionalPropertyTypes: true'. Consider adding 'undefined' to the type of the target.
  Type 'undefined' is not assignable to type '<T extends FileReference | string>(typeDirectiveReferences: readonly T[], containingFile: string, redirectedReference: ResolvedProjectReference | undefined, options: CompilerOptions, containingSourceFile: SourceFile | undefined, reusedNames: readonly T[] | undefined) => readonly ResolvedTypeReferenceDirectiveWithFai...'.",,scheduled,,not reached,False,"/tmp/stricter-indexed-all-typescript/src/compiler/sys.ts:1502:51: stage 0 can't lower a namespace read before runtime initialization, directly or through a reachable call; move that read or call after the namespace declaration yet",,False
D255,src/compiler/watchPublic.ts,535,5,TS2412,"Type '((typeReferenceDirectiveNames: string[] | readonly FileReference[], containingFile: string, redirectedReference: ResolvedProjectReference | undefined, options: CompilerOptions, containingFileMode?: ResolutionMode) => ...) | undefined' is not assignable to type '(typeReferenceDirectiveNames: string[] | readonly FileReference[], containingFile: string, redirectedReference: ResolvedProjectReference | undefined, options: CompilerOptions, containingFileMode?: ResolutionMode) => ...' with 'exactOptionalPropertyTypes: true'. Consider adding 'undefined' to the type of the target.
  Type 'undefined' is not assignable to type '(typeReferenceDirectiveNames: string[] | readonly FileReference[], containingFile: string, redirectedReference: ResolvedProjectReference | undefined, options: CompilerOptions, containingFileMode?: ResolutionMode) => ...'.",2,,createWatchProgram,420,exactOptionalPropertyTypes,optional-presence,compilerHost.resolveTypeReferenceDirectives,Present undefined value or callable optional slot does not satisfy the exact optional target contract.,"Adapted source: compilerHost.resolveTypeReferenceDirectives = maybeBind(host, host.resolveTypeReferenceDirectives);
2026-10-08 project-input stock option ablation removes this exact row: exactOptionalPropertyTypes.",,exactOptionalPropertyTypes,not assessed: no class 1 rows,,true,"Type '((typeReferenceDirectiveNames: string[] | readonly FileReference[], containingFile: string, redirectedReference: ResolvedProjectReference | undefined, options: CompilerOptions, containingFileMode?: ResolutionMode) => (ResolvedTypeReferenceDirective | undefined)[]) | undefined' is not assignable to type '(typeReferenceDirectiveNames: string[] | readonly FileReference[], containingFile: string, redirectedReference: ResolvedProjectReference | undefined, options: CompilerOptions, containingFileMode?: ResolutionMode) => (ResolvedTypeReferenceDirective | undefined)[]' with 'exactOptionalPropertyTypes: true'. Consider adding 'undefined' to the type of the target.
  Type 'undefined' is not assignable to type '(typeReferenceDirectiveNames: string[] | readonly FileReference[], containingFile: string, redirectedReference: ResolvedProjectReference | undefined, options: CompilerOptions, containingFileMode?: ResolutionMode) => (ResolvedTypeReferenceDirective | undefined)[]'.",,scheduled,,not reached,False,"/tmp/stricter-indexed-all-typescript/src/compiler/sys.ts:1502:51: stage 0 can't lower a namespace read before runtime initialization, directly or through a reachable call; move that read or call after the namespace declaration yet",,False
D256,src/compiler/watchPublic.ts,542,5,TS2412,"Type '(() => ModuleResolutionCache | undefined) | undefined' is not assignable to type '() => ModuleResolutionCache | undefined' with 'exactOptionalPropertyTypes: true'. Consider adding 'undefined' to the type of the target.
  Type 'undefined' is not assignable to type '() => ModuleResolutionCache | undefined'.",2,,createWatchProgram,420,exactOptionalPropertyTypes,optional-presence,compilerHost.getModuleResolutionCache,Present undefined value or callable optional slot does not satisfy the exact optional target contract.,"Adapted source: compilerHost.getModuleResolutionCache = host.resolveModuleNameLiterals || host.resolveModuleNames ?
        maybeBind(host, host.getModuleResolutionCache) :
        (() => resolutionCache.getModuleResolutionCache());
2026-10-08 project-input stock option ablation removes this exact row: exactOptionalPropertyTypes.",,exactOptionalPropertyTypes,not assessed: no class 1 rows,,true,"Type '(() => ModuleResolutionCache | undefined) | undefined' is not assignable to type '() => ModuleResolutionCache | undefined' with 'exactOptionalPropertyTypes: true'. Consider adding 'undefined' to the type of the target.
  Type 'undefined' is not assignable to type '() => ModuleResolutionCache | undefined'.",,scheduled,,not reached,False,"/tmp/stricter-indexed-all-typescript/src/compiler/sys.ts:1502:51: stage 0 can't lower a namespace read before runtime initialization, directly or through a reachable call; move that read or call after the namespace declaration yet",,False
D257,src/compiler/watchPublic.ts,568,17,TS2412,Type 'undefined' is not assignable to type 'FileWatcher' with 'exactOptionalPropertyTypes: true'. Consider adding 'undefined' to the type of the target.,2,,createWatchProgram.close,565,exactOptionalPropertyTypes,optional-presence,value.fileWatcher,Present undefined value or callable optional slot does not satisfy the exact optional target contract.,"Adapted source: value.fileWatcher = undefined;
2026-10-08 project-input stock option ablation removes this exact row: exactOptionalPropertyTypes.",,exactOptionalPropertyTypes,not assessed: no class 1 rows,,true,Type 'undefined' is not assignable to type 'FileWatcher' with 'exactOptionalPropertyTypes: true'. Consider adding 'undefined' to the type of the target.,,scheduled,,not reached,False,"/tmp/stricter-indexed-all-typescript/src/compiler/sys.ts:1502:51: stage 0 can't lower a namespace read before runtime initialization, directly or through a reachable call; move that read or call after the namespace declaration yet",,False
D258,src/compiler/watchPublic.ts,661,9,TS2412,"Type '((directory: string) => boolean) | undefined' is not assignable to type '(directoryName: string) => boolean' with 'exactOptionalPropertyTypes: true'. Consider adding 'undefined' to the type of the target.
  Type 'undefined' is not assignable to type '(directoryName: string) => boolean'.",2,,createWatchProgram.synchronizeProgram,613,exactOptionalPropertyTypes,optional-presence,compilerHost.directoryExists,Present undefined value or callable optional slot does not satisfy the exact optional target contract.,"Adapted source: compilerHost.directoryExists = originalDirectoryExists;
2026-10-08 project-input stock option ablation removes this exact row: exactOptionalPropertyTypes.",,exactOptionalPropertyTypes,not assessed: no class 1 rows,,true,"Type '((directory: string) => boolean) | undefined' is not assignable to type '(directoryName: string) => boolean' with 'exactOptionalPropertyTypes: true'. Consider adding 'undefined' to the type of the target.
  Type 'undefined' is not assignable to type '(directoryName: string) => boolean'.",,scheduled,,not reached,False,"/tmp/stricter-indexed-all-typescript/src/compiler/sys.ts:1502:51: stage 0 can't lower a namespace read before runtime initialization, directly or through a reachable call; move that read or call after the namespace declaration yet",,False
D259,src/compiler/watchPublic.ts,662,9,TS2412,"Type '((directory: string) => void) | undefined' is not assignable to type '(directory: string) => void' with 'exactOptionalPropertyTypes: true'. Consider adding 'undefined' to the type of the target.
  Type 'undefined' is not assignable to type '(directory: string) => void'.",2,,createWatchProgram.synchronizeProgram,613,exactOptionalPropertyTypes,optional-presence,compilerHost.createDirectory,Present undefined value or callable optional slot does not satisfy the exact optional target contract.,"Adapted source: compilerHost.createDirectory = originalCreateDirectory;
2026-10-08 project-input stock option ablation removes this exact row: exactOptionalPropertyTypes.",,exactOptionalPropertyTypes,not assessed: no class 1 rows,,true,"Type '((directory: string) => void) | undefined' is not assignable to type '(directory: string) => void' with 'exactOptionalPropertyTypes: true'. Consider adding 'undefined' to the type of the target.
  Type 'undefined' is not assignable to type '(directory: string) => void'.",,scheduled,,not reached,False,"/tmp/stricter-indexed-all-typescript/src/compiler/sys.ts:1502:51: stage 0 can't lower a namespace read before runtime initialization, directly or through a reachable call; move that read or call after the namespace declaration yet",,False
