file,where,kind,reason,owner_function,owner,wall_step,text
src/compiler/factory/nodeFactory.ts,/workspace/stage3-latent-full-adapted/src/compiler/factory/nodeFactory.ts:5079:22,Refused,"a value of type T seen as Mutable<T>, whose readonly field pos becomes writable: a readonly field may hold something narrower than number, which a write of any would replace",createJSDocPrePostfixUnaryTypeWorker,"adaptation 70, stage 3",checked-cast/type-shape wall (#b5w3ycg); step09 scout,"/workspace/stage3-latent-full-adapted/src/compiler/factory/nodeFactory.ts:5079:22: Adamic 0.1 refuses a value of type T seen as Mutable<T>, whose readonly field pos becomes writable: a readonly field may hold something narrower than number, which a write of any would replace; keep pos readonly in the type it's seen as, or copy the value ({ ...value }) (adamic/invariant-mutable); use a proven upcast, cast a discriminated object union with unique literal or enum tags to members or a sub-union, or downcast along nominal class ancestry (adamic/no-unchecked-cast)"
src/compiler/factory/nodeFactory.ts,/workspace/stage3-latent-full-adapted/src/compiler/factory/nodeFactory.ts:5084:16,Refused,"a value of type Mutable<T> seen as T, a type parameter whose constraint JSDocType & { readonly type: TypeNode | undefined; readonly postfix: boolean; } can be written, so it can write what Mutable<T> can't hold",createJSDocPrePostfixUnaryTypeWorker,"adaptation 70, stage 3",checked-cast/type-shape wall (#b5w3ycg); step09 scout,"/workspace/stage3-latent-full-adapted/src/compiler/factory/nodeFactory.ts:5084:16: Adamic 0.1 refuses a value of type Mutable<T> seen as T, a type parameter whose constraint JSDocType & { readonly type: TypeNode | undefined; readonly postfix: boolean; } can be written, so it can write what Mutable<T> can't hold; take it as Mutable<T>, or constrain T to something readonly, which can't write (adamic/invariant-mutable)"
src/compiler/factory/nodeFactory.ts,/workspace/stage3-latent-full-adapted/src/compiler/factory/nodeFactory.ts:5094:16,Refused,"a value of type Mutable<T> seen as T, a type parameter whose constraint JSDocType & { readonly type: TypeNode | undefined; } can be written, so it can write what Mutable<T> can't hold",createJSDocUnaryTypeWorker,"adaptation 70, stage 3",checked-cast/type-shape wall (#b5w3ycg); step09 scout,"/workspace/stage3-latent-full-adapted/src/compiler/factory/nodeFactory.ts:5094:16: Adamic 0.1 refuses a value of type Mutable<T> seen as T, a type parameter whose constraint JSDocType & { readonly type: TypeNode | undefined; } can be written, so it can write what Mutable<T> can't hold; take it as Mutable<T>, or constrain T to something readonly, which can't write (adamic/invariant-mutable)"
src/compiler/factory/nodeFactory.ts,/workspace/stage3-latent-full-adapted/src/compiler/factory/nodeFactory.ts:5102:22,Refused,"a value of type T seen as Mutable<T>, whose readonly field pos becomes writable: a readonly field may hold something narrower than number, which a write of any would replace",updateJSDocPrePostfixUnaryTypeWorker,"adaptation 70, stage 3",checked-cast/type-shape wall (#b5w3ycg); step09 scout,"/workspace/stage3-latent-full-adapted/src/compiler/factory/nodeFactory.ts:5102:22: Adamic 0.1 refuses a value of type T seen as Mutable<T>, whose readonly field pos becomes writable: a readonly field may hold something narrower than number, which a write of any would replace; keep pos readonly in the type it's seen as, or copy the value ({ ...value }) (adamic/invariant-mutable)"
src/compiler/factory/nodeFactory.ts,/workspace/stage3-latent-full-adapted/src/compiler/factory/nodeFactory.ts:5112:22,Refused,"a value of type T seen as Mutable<T>, whose readonly field pos becomes writable: a readonly field may hold something narrower than number, which a write of any would replace",updateJSDocUnaryTypeWorker,"adaptation 70, stage 3",checked-cast/type-shape wall (#b5w3ycg); step09 scout,"/workspace/stage3-latent-full-adapted/src/compiler/factory/nodeFactory.ts:5112:22: Adamic 0.1 refuses a value of type T seen as Mutable<T>, whose readonly field pos becomes writable: a readonly field may hold something narrower than number, which a write of any would replace; keep pos readonly in the type it's seen as, or copy the value ({ ...value }) (adamic/invariant-mutable)"
src/compiler/factory/nodeFactory.ts,/workspace/stage3-latent-full-adapted/src/compiler/factory/nodeFactory.ts:5135:22,Refused,"a value of type JSDocFunctionType seen as Mutable<JSDocFunctionType>, whose readonly field pos becomes writable: a readonly field may hold something narrower than number, which a write of number would replace",updateJSDocFunctionType,"adaptation 70, stage 3",checked-cast/type-shape wall (#b5w3ycg); step09 scout,"/workspace/stage3-latent-full-adapted/src/compiler/factory/nodeFactory.ts:5135:22: Adamic 0.1 refuses a value of type JSDocFunctionType seen as Mutable<JSDocFunctionType>, whose readonly field pos becomes writable: a readonly field may hold something narrower than number, which a write of number would replace; keep pos readonly in the type it's seen as, or copy the value ({ ...value }) (adamic/invariant-mutable)"
src/compiler/factory/nodeFactory.ts,/workspace/stage3-latent-full-adapted/src/compiler/factory/nodeFactory.ts:5151:22,Refused,"a value of type JSDocTypeLiteral seen as Mutable<JSDocTypeLiteral>, whose readonly field pos becomes writable: a readonly field may hold something narrower than number, which a write of number would replace",updateJSDocTypeLiteral,"adaptation 70, stage 3",checked-cast/type-shape wall (#b5w3ycg); step09 scout,"/workspace/stage3-latent-full-adapted/src/compiler/factory/nodeFactory.ts:5151:22: Adamic 0.1 refuses a value of type JSDocTypeLiteral seen as Mutable<JSDocTypeLiteral>, whose readonly field pos becomes writable: a readonly field may hold something narrower than number, which a write of number would replace; keep pos readonly in the type it's seen as, or copy the value ({ ...value }) (adamic/invariant-mutable)"
src/compiler/factory/nodeFactory.ts,/workspace/stage3-latent-full-adapted/src/compiler/factory/nodeFactory.ts:5165:22,Refused,"a value of type JSDocTypeExpression seen as Mutable<JSDocTypeExpression>, whose readonly field pos becomes writable: a readonly field may hold something narrower than number, which a write of number would replace",updateJSDocTypeExpression,"adaptation 70, stage 3",checked-cast/type-shape wall (#b5w3ycg); step09 scout,"/workspace/stage3-latent-full-adapted/src/compiler/factory/nodeFactory.ts:5165:22: Adamic 0.1 refuses a value of type JSDocTypeExpression seen as Mutable<JSDocTypeExpression>, whose readonly field pos becomes writable: a readonly field may hold something narrower than number, which a write of number would replace; keep pos readonly in the type it's seen as, or copy the value ({ ...value }) (adamic/invariant-mutable)"
src/compiler/factory/nodeFactory.ts,/workspace/stage3-latent-full-adapted/src/compiler/factory/nodeFactory.ts:5187:22,Refused,"a value of type JSDocSignature seen as Mutable<JSDocSignature>, whose readonly field pos becomes writable: a readonly field may hold something narrower than number, which a write of number would replace",updateJSDocSignature,"adaptation 70, stage 3",checked-cast/type-shape wall (#b5w3ycg); step09 scout,"/workspace/stage3-latent-full-adapted/src/compiler/factory/nodeFactory.ts:5187:22: Adamic 0.1 refuses a value of type JSDocSignature seen as Mutable<JSDocSignature>, whose readonly field pos becomes writable: a readonly field may hold something narrower than number, which a write of number would replace; keep pos readonly in the type it's seen as, or copy the value ({ ...value }) (adamic/invariant-mutable)"
src/compiler/factory/nodeFactory.ts,/workspace/stage3-latent-full-adapted/src/compiler/factory/nodeFactory.ts:5227:22,Refused,"a value of type JSDocTemplateTag seen as Mutable<JSDocTemplateTag>, whose readonly field pos becomes writable: a readonly field may hold something narrower than number, which a write of number would replace",updateJSDocTemplateTag,"adaptation 70, stage 3",checked-cast/type-shape wall (#b5w3ycg); step09 scout,"/workspace/stage3-latent-full-adapted/src/compiler/factory/nodeFactory.ts:5227:22: Adamic 0.1 refuses a value of type JSDocTemplateTag seen as Mutable<JSDocTemplateTag>, whose readonly field pos becomes writable: a readonly field may hold something narrower than number, which a write of number would replace; keep pos readonly in the type it's seen as, or copy the value ({ ...value }) (adamic/invariant-mutable)"
src/compiler/factory/nodeFactory.ts,/workspace/stage3-latent-full-adapted/src/compiler/factory/nodeFactory.ts:5249:22,Refused,"a value of type JSDocTypedefTag seen as Mutable<JSDocTypedefTag>, whose readonly field pos becomes writable: a readonly field may hold something narrower than number, which a write of number would replace",updateJSDocTypedefTag,"adaptation 70, stage 3",checked-cast/type-shape wall (#b5w3ycg); step09 scout,"/workspace/stage3-latent-full-adapted/src/compiler/factory/nodeFactory.ts:5249:22: Adamic 0.1 refuses a value of type JSDocTypedefTag seen as Mutable<JSDocTypedefTag>, whose readonly field pos becomes writable: a readonly field may hold something narrower than number, which a write of number would replace; keep pos readonly in the type it's seen as, or copy the value ({ ...value }) (adamic/invariant-mutable)"
src/compiler/factory/nodeFactory.ts,/workspace/stage3-latent-full-adapted/src/compiler/factory/nodeFactory.ts:5271:22,Refused,"a value of type JSDocParameterTag seen as Mutable<JSDocParameterTag>, whose readonly field pos becomes writable: a readonly field may hold something narrower than number, which a write of number would replace",updateJSDocParameterTag,"adaptation 70, stage 3",checked-cast/type-shape wall (#b5w3ycg); step09 scout,"/workspace/stage3-latent-full-adapted/src/compiler/factory/nodeFactory.ts:5271:22: Adamic 0.1 refuses a value of type JSDocParameterTag seen as Mutable<JSDocParameterTag>, whose readonly field pos becomes writable: a readonly field may hold something narrower than number, which a write of number would replace; keep pos readonly in the type it's seen as, or copy the value ({ ...value }) (adamic/invariant-mutable)"
src/compiler/factory/nodeFactory.ts,/workspace/stage3-latent-full-adapted/src/compiler/factory/nodeFactory.ts:5293:22,Refused,"a value of type JSDocPropertyTag seen as Mutable<JSDocPropertyTag>, whose readonly field pos becomes writable: a readonly field may hold something narrower than number, which a write of number would replace",updateJSDocPropertyTag,"adaptation 70, stage 3",checked-cast/type-shape wall (#b5w3ycg); step09 scout,"/workspace/stage3-latent-full-adapted/src/compiler/factory/nodeFactory.ts:5293:22: Adamic 0.1 refuses a value of type JSDocPropertyTag seen as Mutable<JSDocPropertyTag>, whose readonly field pos becomes writable: a readonly field may hold something narrower than number, which a write of number would replace; keep pos readonly in the type it's seen as, or copy the value ({ ...value }) (adamic/invariant-mutable)"
src/compiler/factory/nodeFactory.ts,/workspace/stage3-latent-full-adapted/src/compiler/factory/nodeFactory.ts:5315:22,Refused,"a value of type JSDocCallbackTag seen as Mutable<JSDocCallbackTag>, whose readonly field pos becomes writable: a readonly field may hold something narrower than number, which a write of number would replace",updateJSDocCallbackTag,"adaptation 70, stage 3",checked-cast/type-shape wall (#b5w3ycg); step09 scout,"/workspace/stage3-latent-full-adapted/src/compiler/factory/nodeFactory.ts:5315:22: Adamic 0.1 refuses a value of type JSDocCallbackTag seen as Mutable<JSDocCallbackTag>, whose readonly field pos becomes writable: a readonly field may hold something narrower than number, which a write of number would replace; keep pos readonly in the type it's seen as, or copy the value ({ ...value }) (adamic/invariant-mutable)"
src/compiler/factory/nodeFactory.ts,/workspace/stage3-latent-full-adapted/src/compiler/factory/nodeFactory.ts:5331:22,Refused,"a value of type JSDocOverloadTag seen as Mutable<JSDocOverloadTag>, whose readonly field pos becomes writable: a readonly field may hold something narrower than number, which a write of number would replace",updateJSDocOverloadTag,"adaptation 70, stage 3",checked-cast/type-shape wall (#b5w3ycg); step09 scout,"/workspace/stage3-latent-full-adapted/src/compiler/factory/nodeFactory.ts:5331:22: Adamic 0.1 refuses a value of type JSDocOverloadTag seen as Mutable<JSDocOverloadTag>, whose readonly field pos becomes writable: a readonly field may hold something narrower than number, which a write of number would replace; keep pos readonly in the type it's seen as, or copy the value ({ ...value }) (adamic/invariant-mutable)"
src/compiler/factory/nodeFactory.ts,/workspace/stage3-latent-full-adapted/src/compiler/factory/nodeFactory.ts:5347:22,Refused,"a value of type JSDocAugmentsTag seen as Mutable<JSDocAugmentsTag>, whose readonly field pos becomes writable: a readonly field may hold something narrower than number, which a write of number would replace",updateJSDocAugmentsTag,"adaptation 70, stage 3",checked-cast/type-shape wall (#b5w3ycg); step09 scout,"/workspace/stage3-latent-full-adapted/src/compiler/factory/nodeFactory.ts:5347:22: Adamic 0.1 refuses a value of type JSDocAugmentsTag seen as Mutable<JSDocAugmentsTag>, whose readonly field pos becomes writable: a readonly field may hold something narrower than number, which a write of number would replace; keep pos readonly in the type it's seen as, or copy the value ({ ...value }) (adamic/invariant-mutable)"
src/compiler/factory/nodeFactory.ts,/workspace/stage3-latent-full-adapted/src/compiler/factory/nodeFactory.ts:5370:22,Refused,"a value of type JSDocSeeTag seen as Mutable<JSDocSeeTag>, whose readonly field pos becomes writable: a readonly field may hold something narrower than number, which a write of number would replace",updateJSDocSeeTag,"adaptation 70, stage 3",checked-cast/type-shape wall (#b5w3ycg); step09 scout,"/workspace/stage3-latent-full-adapted/src/compiler/factory/nodeFactory.ts:5370:22: Adamic 0.1 refuses a value of type JSDocSeeTag seen as Mutable<JSDocSeeTag>, whose readonly field pos becomes writable: a readonly field may hold something narrower than number, which a write of number would replace; keep pos readonly in the type it's seen as, or copy the value ({ ...value }) (adamic/invariant-mutable)"
src/compiler/factory/nodeFactory.ts,/workspace/stage3-latent-full-adapted/src/compiler/factory/nodeFactory.ts:5384:22,Refused,"a value of type JSDocNameReference seen as Mutable<JSDocNameReference>, whose readonly field pos becomes writable: a readonly field may hold something narrower than number, which a write of number would replace",updateJSDocNameReference,"adaptation 70, stage 3",checked-cast/type-shape wall (#b5w3ycg); step09 scout,"/workspace/stage3-latent-full-adapted/src/compiler/factory/nodeFactory.ts:5384:22: Adamic 0.1 refuses a value of type JSDocNameReference seen as Mutable<JSDocNameReference>, whose readonly field pos becomes writable: a readonly field may hold something narrower than number, which a write of number would replace; keep pos readonly in the type it's seen as, or copy the value ({ ...value }) (adamic/invariant-mutable)"
src/compiler/factory/nodeFactory.ts,/workspace/stage3-latent-full-adapted/src/compiler/factory/nodeFactory.ts:5417:22,Refused,"a value of type JSDocLink seen as Mutable<JSDocLink>, whose readonly field pos becomes writable: a readonly field may hold something narrower than number, which a write of number would replace",updateJSDocLink,"adaptation 70, stage 3",checked-cast/type-shape wall (#b5w3ycg); step09 scout,"/workspace/stage3-latent-full-adapted/src/compiler/factory/nodeFactory.ts:5417:22: Adamic 0.1 refuses a value of type JSDocLink seen as Mutable<JSDocLink>, whose readonly field pos becomes writable: a readonly field may hold something narrower than number, which a write of number would replace; keep pos readonly in the type it's seen as, or copy the value ({ ...value }) (adamic/invariant-mutable)"
src/compiler/factory/nodeFactory.ts,/workspace/stage3-latent-full-adapted/src/compiler/factory/nodeFactory.ts:5432:22,Refused,"a value of type JSDocLinkCode seen as Mutable<JSDocLinkCode>, whose readonly field pos becomes writable: a readonly field may hold something narrower than number, which a write of number would replace",updateJSDocLinkCode,"adaptation 70, stage 3",checked-cast/type-shape wall (#b5w3ycg); step09 scout,"/workspace/stage3-latent-full-adapted/src/compiler/factory/nodeFactory.ts:5432:22: Adamic 0.1 refuses a value of type JSDocLinkCode seen as Mutable<JSDocLinkCode>, whose readonly field pos becomes writable: a readonly field may hold something narrower than number, which a write of number would replace; keep pos readonly in the type it's seen as, or copy the value ({ ...value }) (adamic/invariant-mutable)"
src/compiler/factory/nodeFactory.ts,/workspace/stage3-latent-full-adapted/src/compiler/factory/nodeFactory.ts:5447:22,Refused,"a value of type JSDocLinkPlain seen as Mutable<JSDocLinkPlain>, whose readonly field pos becomes writable: a readonly field may hold something narrower than number, which a write of number would replace",updateJSDocLinkPlain,"adaptation 70, stage 3",checked-cast/type-shape wall (#b5w3ycg); step09 scout,"/workspace/stage3-latent-full-adapted/src/compiler/factory/nodeFactory.ts:5447:22: Adamic 0.1 refuses a value of type JSDocLinkPlain seen as Mutable<JSDocLinkPlain>, whose readonly field pos becomes writable: a readonly field may hold something narrower than number, which a write of number would replace; keep pos readonly in the type it's seen as, or copy the value ({ ...value }) (adamic/invariant-mutable)"
src/compiler/factory/nodeFactory.ts,/workspace/stage3-latent-full-adapted/src/compiler/factory/nodeFactory.ts:5456:22,Refused,"a value of type JSDocImplementsTag seen as Mutable<JSDocImplementsTag>, whose readonly field pos becomes writable: a readonly field may hold something narrower than number, which a write of number would replace",updateJSDocImplementsTag,"adaptation 70, stage 3",checked-cast/type-shape wall (#b5w3ycg); step09 scout,"/workspace/stage3-latent-full-adapted/src/compiler/factory/nodeFactory.ts:5456:22: Adamic 0.1 refuses a value of type JSDocImplementsTag seen as Mutable<JSDocImplementsTag>, whose readonly field pos becomes writable: a readonly field may hold something narrower than number, which a write of number would replace; keep pos readonly in the type it's seen as, or copy the value ({ ...value }) (adamic/invariant-mutable)"
src/compiler/factory/nodeFactory.ts,/workspace/stage3-latent-full-adapted/src/compiler/factory/nodeFactory.ts:5496:10,Refused,a cast the runtime can't check,createJSDocTypeLikeTagWorker,01a11410,checked-cast/type-shape wall (#b5w3ycg); step09 scout,"/workspace/stage3-latent-full-adapted/src/compiler/factory/nodeFactory.ts:5496:10: Adamic 0.1 refuses a cast the runtime can't check; use a proven upcast, cast a discriminated object union with unique literal or enum tags to members or a sub-union, or downcast along nominal class ancestry (adamic/no-unchecked-cast)"
src/compiler/factory/nodeFactory.ts,/workspace/stage3-latent-full-adapted/src/compiler/factory/nodeFactory.ts:5524:22,Refused,"a value of type JSDocUnknownTag seen as Mutable<JSDocUnknownTag>, whose readonly field pos becomes writable: a readonly field may hold something narrower than number, which a write of number would replace",updateJSDocUnknownTag,"adaptation 70, stage 3",checked-cast/type-shape wall (#b5w3ycg); step09 scout,"/workspace/stage3-latent-full-adapted/src/compiler/factory/nodeFactory.ts:5524:22: Adamic 0.1 refuses a value of type JSDocUnknownTag seen as Mutable<JSDocUnknownTag>, whose readonly field pos becomes writable: a readonly field may hold something narrower than number, which a write of number would replace; keep pos readonly in the type it's seen as, or copy the value ({ ...value }) (adamic/invariant-mutable)"
src/compiler/factory/nodeFactory.ts,/workspace/stage3-latent-full-adapted/src/compiler/factory/nodeFactory.ts:5563:22,Refused,"a value of type JSDocImportTag seen as Mutable<JSDocImportTag>, whose readonly field pos becomes writable: a readonly field may hold something narrower than number, which a write of number would replace",updateJSDocImportTag,"adaptation 70, stage 3",checked-cast/type-shape wall (#b5w3ycg); step09 scout,"/workspace/stage3-latent-full-adapted/src/compiler/factory/nodeFactory.ts:5563:22: Adamic 0.1 refuses a value of type JSDocImportTag seen as Mutable<JSDocImportTag>, whose readonly field pos becomes writable: a readonly field may hold something narrower than number, which a write of number would replace; keep pos readonly in the type it's seen as, or copy the value ({ ...value }) (adamic/invariant-mutable)"
src/compiler/factory/nodeFactory.ts,/workspace/stage3-latent-full-adapted/src/compiler/factory/nodeFactory.ts:5577:22,Refused,"a value of type JSDocText seen as Mutable<JSDocText>, whose readonly field pos becomes writable: a readonly field may hold something narrower than number, which a write of number would replace",updateJSDocText,"adaptation 70, stage 3",checked-cast/type-shape wall (#b5w3ycg); step09 scout,"/workspace/stage3-latent-full-adapted/src/compiler/factory/nodeFactory.ts:5577:22: Adamic 0.1 refuses a value of type JSDocText seen as Mutable<JSDocText>, whose readonly field pos becomes writable: a readonly field may hold something narrower than number, which a write of number would replace; keep pos readonly in the type it's seen as, or copy the value ({ ...value }) (adamic/invariant-mutable)"
src/compiler/factory/nodeFactory.ts,/workspace/stage3-latent-full-adapted/src/compiler/factory/nodeFactory.ts:5071:5,NotYet,a function inside a function (a closure),createJSDocPrimaryTypeWorker,OWNER BLANK,nested function/closure frontend (codex/nested-functions); numbered step not recorded,/workspace/stage3-latent-full-adapted/src/compiler/factory/nodeFactory.ts:5071:5: stage 0 can't lower a function inside a function (a closure) yet
src/compiler/factory/nodeFactory.ts,/workspace/stage3-latent-full-adapted/src/compiler/factory/nodeFactory.ts:5078:5,NotYet,a function inside a function (a closure),createJSDocPrePostfixUnaryTypeWorker,OWNER BLANK,nested function/closure frontend (codex/nested-functions); numbered step not recorded,/workspace/stage3-latent-full-adapted/src/compiler/factory/nodeFactory.ts:5078:5: stage 0 can't lower a function inside a function (a closure) yet
src/compiler/factory/nodeFactory.ts,/workspace/stage3-latent-full-adapted/src/compiler/factory/nodeFactory.ts:5091:5,NotYet,a function inside a function (a closure),createJSDocUnaryTypeWorker,OWNER BLANK,nested function/closure frontend (codex/nested-functions); numbered step not recorded,/workspace/stage3-latent-full-adapted/src/compiler/factory/nodeFactory.ts:5091:5: stage 0 can't lower a function inside a function (a closure) yet
src/compiler/factory/nodeFactory.ts,/workspace/stage3-latent-full-adapted/src/compiler/factory/nodeFactory.ts:5100:5,NotYet,a function inside a function (a closure),updateJSDocPrePostfixUnaryTypeWorker,OWNER BLANK,nested function/closure frontend (codex/nested-functions); numbered step not recorded,/workspace/stage3-latent-full-adapted/src/compiler/factory/nodeFactory.ts:5100:5: stage 0 can't lower a function inside a function (a closure) yet
src/compiler/factory/nodeFactory.ts,/workspace/stage3-latent-full-adapted/src/compiler/factory/nodeFactory.ts:5110:5,NotYet,a function inside a function (a closure),updateJSDocUnaryTypeWorker,OWNER BLANK,nested function/closure frontend (codex/nested-functions); numbered step not recorded,/workspace/stage3-latent-full-adapted/src/compiler/factory/nodeFactory.ts:5110:5: stage 0 can't lower a function inside a function (a closure) yet
src/compiler/factory/nodeFactory.ts,/workspace/stage3-latent-full-adapted/src/compiler/factory/nodeFactory.ts:5117:5,NotYet,a function inside a function (a closure),createJSDocFunctionType,OWNER BLANK,nested function/closure frontend (codex/nested-functions); numbered step not recorded,/workspace/stage3-latent-full-adapted/src/compiler/factory/nodeFactory.ts:5117:5: stage 0 can't lower a function inside a function (a closure) yet
src/compiler/factory/nodeFactory.ts,/workspace/stage3-latent-full-adapted/src/compiler/factory/nodeFactory.ts:5132:5,NotYet,a function inside a function (a closure),updateJSDocFunctionType,OWNER BLANK,nested function/closure frontend (codex/nested-functions); numbered step not recorded,/workspace/stage3-latent-full-adapted/src/compiler/factory/nodeFactory.ts:5132:5: stage 0 can't lower a function inside a function (a closure) yet
src/compiler/factory/nodeFactory.ts,/workspace/stage3-latent-full-adapted/src/compiler/factory/nodeFactory.ts:5140:5,NotYet,a function inside a function (a closure),createJSDocTypeLiteral,OWNER BLANK,nested function/closure frontend (codex/nested-functions); numbered step not recorded,/workspace/stage3-latent-full-adapted/src/compiler/factory/nodeFactory.ts:5140:5: stage 0 can't lower a function inside a function (a closure) yet
src/compiler/factory/nodeFactory.ts,/workspace/stage3-latent-full-adapted/src/compiler/factory/nodeFactory.ts:5148:5,NotYet,a function inside a function (a closure),updateJSDocTypeLiteral,OWNER BLANK,nested function/closure frontend (codex/nested-functions); numbered step not recorded,/workspace/stage3-latent-full-adapted/src/compiler/factory/nodeFactory.ts:5148:5: stage 0 can't lower a function inside a function (a closure) yet
src/compiler/factory/nodeFactory.ts,/workspace/stage3-latent-full-adapted/src/compiler/factory/nodeFactory.ts:5156:5,NotYet,a function inside a function (a closure),createJSDocTypeExpression,OWNER BLANK,nested function/closure frontend (codex/nested-functions); numbered step not recorded,/workspace/stage3-latent-full-adapted/src/compiler/factory/nodeFactory.ts:5156:5: stage 0 can't lower a function inside a function (a closure) yet
src/compiler/factory/nodeFactory.ts,/workspace/stage3-latent-full-adapted/src/compiler/factory/nodeFactory.ts:5163:5,NotYet,a function inside a function (a closure),updateJSDocTypeExpression,OWNER BLANK,nested function/closure frontend (codex/nested-functions); numbered step not recorded,/workspace/stage3-latent-full-adapted/src/compiler/factory/nodeFactory.ts:5163:5: stage 0 can't lower a function inside a function (a closure) yet
src/compiler/factory/nodeFactory.ts,/workspace/stage3-latent-full-adapted/src/compiler/factory/nodeFactory.ts:5170:5,NotYet,a function inside a function (a closure),createJSDocSignature,OWNER BLANK,nested function/closure frontend (codex/nested-functions); numbered step not recorded,/workspace/stage3-latent-full-adapted/src/compiler/factory/nodeFactory.ts:5170:5: stage 0 can't lower a function inside a function (a closure) yet
src/compiler/factory/nodeFactory.ts,/workspace/stage3-latent-full-adapted/src/compiler/factory/nodeFactory.ts:5183:5,NotYet,a function inside a function (a closure),updateJSDocSignature,OWNER BLANK,nested function/closure frontend (codex/nested-functions); numbered step not recorded,/workspace/stage3-latent-full-adapted/src/compiler/factory/nodeFactory.ts:5183:5: stage 0 can't lower a function inside a function (a closure) yet
src/compiler/factory/nodeFactory.ts,/workspace/stage3-latent-full-adapted/src/compiler/factory/nodeFactory.ts:5199:5,NotYet,a function inside a function (a closure),createBaseJSDocTag,OWNER BLANK,nested function/closure frontend (codex/nested-functions); numbered step not recorded,/workspace/stage3-latent-full-adapted/src/compiler/factory/nodeFactory.ts:5199:5: stage 0 can't lower a function inside a function (a closure) yet
src/compiler/factory/nodeFactory.ts,/workspace/stage3-latent-full-adapted/src/compiler/factory/nodeFactory.ts:5206:5,NotYet,a function inside a function (a closure),createBaseJSDocTagDeclaration,OWNER BLANK,nested function/closure frontend (codex/nested-functions); numbered step not recorded,/workspace/stage3-latent-full-adapted/src/compiler/factory/nodeFactory.ts:5206:5: stage 0 can't lower a function inside a function (a closure) yet
src/compiler/factory/nodeFactory.ts,/workspace/stage3-latent-full-adapted/src/compiler/factory/nodeFactory.ts:5214:5,NotYet,a function inside a function (a closure),createJSDocTemplateTag,OWNER BLANK,nested function/closure frontend (codex/nested-functions); numbered step not recorded,/workspace/stage3-latent-full-adapted/src/compiler/factory/nodeFactory.ts:5214:5: stage 0 can't lower a function inside a function (a closure) yet
src/compiler/factory/nodeFactory.ts,/workspace/stage3-latent-full-adapted/src/compiler/factory/nodeFactory.ts:5222:5,NotYet,a function inside a function (a closure),updateJSDocTemplateTag,OWNER BLANK,nested function/closure frontend (codex/nested-functions); numbered step not recorded,/workspace/stage3-latent-full-adapted/src/compiler/factory/nodeFactory.ts:5222:5: stage 0 can't lower a function inside a function (a closure) yet
src/compiler/factory/nodeFactory.ts,/workspace/stage3-latent-full-adapted/src/compiler/factory/nodeFactory.ts:5232:5,NotYet,a function inside a function (a closure),createJSDocTypedefTag,OWNER BLANK,nested function/closure frontend (codex/nested-functions); numbered step not recorded,/workspace/stage3-latent-full-adapted/src/compiler/factory/nodeFactory.ts:5232:5: stage 0 can't lower a function inside a function (a closure) yet
src/compiler/factory/nodeFactory.ts,/workspace/stage3-latent-full-adapted/src/compiler/factory/nodeFactory.ts:5244:5,NotYet,a function inside a function (a closure),updateJSDocTypedefTag,OWNER BLANK,nested function/closure frontend (codex/nested-functions); numbered step not recorded,/workspace/stage3-latent-full-adapted/src/compiler/factory/nodeFactory.ts:5244:5: stage 0 can't lower a function inside a function (a closure) yet
src/compiler/factory/nodeFactory.ts,/workspace/stage3-latent-full-adapted/src/compiler/factory/nodeFactory.ts:5254:5,NotYet,a function inside a function (a closure),createJSDocParameterTag,OWNER BLANK,nested function/closure frontend (codex/nested-functions); numbered step not recorded,/workspace/stage3-latent-full-adapted/src/compiler/factory/nodeFactory.ts:5254:5: stage 0 can't lower a function inside a function (a closure) yet
src/compiler/factory/nodeFactory.ts,/workspace/stage3-latent-full-adapted/src/compiler/factory/nodeFactory.ts:5264:5,NotYet,a function inside a function (a closure),updateJSDocParameterTag,OWNER BLANK,nested function/closure frontend (codex/nested-functions); numbered step not recorded,/workspace/stage3-latent-full-adapted/src/compiler/factory/nodeFactory.ts:5264:5: stage 0 can't lower a function inside a function (a closure) yet
src/compiler/factory/nodeFactory.ts,/workspace/stage3-latent-full-adapted/src/compiler/factory/nodeFactory.ts:5276:5,NotYet,a function inside a function (a closure),createJSDocPropertyTag,OWNER BLANK,nested function/closure frontend (codex/nested-functions); numbered step not recorded,/workspace/stage3-latent-full-adapted/src/compiler/factory/nodeFactory.ts:5276:5: stage 0 can't lower a function inside a function (a closure) yet
src/compiler/factory/nodeFactory.ts,/workspace/stage3-latent-full-adapted/src/compiler/factory/nodeFactory.ts:5286:5,NotYet,a function inside a function (a closure),updateJSDocPropertyTag,OWNER BLANK,nested function/closure frontend (codex/nested-functions); numbered step not recorded,/workspace/stage3-latent-full-adapted/src/compiler/factory/nodeFactory.ts:5286:5: stage 0 can't lower a function inside a function (a closure) yet
src/compiler/factory/nodeFactory.ts,/workspace/stage3-latent-full-adapted/src/compiler/factory/nodeFactory.ts:5298:5,NotYet,a function inside a function (a closure),createJSDocCallbackTag,OWNER BLANK,nested function/closure frontend (codex/nested-functions); numbered step not recorded,/workspace/stage3-latent-full-adapted/src/compiler/factory/nodeFactory.ts:5298:5: stage 0 can't lower a function inside a function (a closure) yet
src/compiler/factory/nodeFactory.ts,/workspace/stage3-latent-full-adapted/src/compiler/factory/nodeFactory.ts:5310:5,NotYet,a function inside a function (a closure),updateJSDocCallbackTag,OWNER BLANK,nested function/closure frontend (codex/nested-functions); numbered step not recorded,/workspace/stage3-latent-full-adapted/src/compiler/factory/nodeFactory.ts:5310:5: stage 0 can't lower a function inside a function (a closure) yet
src/compiler/factory/nodeFactory.ts,/workspace/stage3-latent-full-adapted/src/compiler/factory/nodeFactory.ts:5320:5,NotYet,a function inside a function (a closure),createJSDocOverloadTag,OWNER BLANK,nested function/closure frontend (codex/nested-functions); numbered step not recorded,/workspace/stage3-latent-full-adapted/src/compiler/factory/nodeFactory.ts:5320:5: stage 0 can't lower a function inside a function (a closure) yet
src/compiler/factory/nodeFactory.ts,/workspace/stage3-latent-full-adapted/src/compiler/factory/nodeFactory.ts:5327:5,NotYet,a function inside a function (a closure),updateJSDocOverloadTag,OWNER BLANK,nested function/closure frontend (codex/nested-functions); numbered step not recorded,/workspace/stage3-latent-full-adapted/src/compiler/factory/nodeFactory.ts:5327:5: stage 0 can't lower a function inside a function (a closure) yet
src/compiler/factory/nodeFactory.ts,/workspace/stage3-latent-full-adapted/src/compiler/factory/nodeFactory.ts:5336:5,NotYet,a function inside a function (a closure),createJSDocAugmentsTag,OWNER BLANK,nested function/closure frontend (codex/nested-functions); numbered step not recorded,/workspace/stage3-latent-full-adapted/src/compiler/factory/nodeFactory.ts:5336:5: stage 0 can't lower a function inside a function (a closure) yet
src/compiler/factory/nodeFactory.ts,/workspace/stage3-latent-full-adapted/src/compiler/factory/nodeFactory.ts:5343:5,NotYet,a function inside a function (a closure),updateJSDocAugmentsTag,OWNER BLANK,nested function/closure frontend (codex/nested-functions); numbered step not recorded,/workspace/stage3-latent-full-adapted/src/compiler/factory/nodeFactory.ts:5343:5: stage 0 can't lower a function inside a function (a closure) yet
src/compiler/factory/nodeFactory.ts,/workspace/stage3-latent-full-adapted/src/compiler/factory/nodeFactory.ts:5352:5,NotYet,a function inside a function (a closure),createJSDocImplementsTag,OWNER BLANK,nested function/closure frontend (codex/nested-functions); numbered step not recorded,/workspace/stage3-latent-full-adapted/src/compiler/factory/nodeFactory.ts:5352:5: stage 0 can't lower a function inside a function (a closure) yet
src/compiler/factory/nodeFactory.ts,/workspace/stage3-latent-full-adapted/src/compiler/factory/nodeFactory.ts:5359:5,NotYet,a function inside a function (a closure),createJSDocSeeTag,OWNER BLANK,nested function/closure frontend (codex/nested-functions); numbered step not recorded,/workspace/stage3-latent-full-adapted/src/compiler/factory/nodeFactory.ts:5359:5: stage 0 can't lower a function inside a function (a closure) yet
src/compiler/factory/nodeFactory.ts,/workspace/stage3-latent-full-adapted/src/compiler/factory/nodeFactory.ts:5366:5,NotYet,a function inside a function (a closure),updateJSDocSeeTag,OWNER BLANK,nested function/closure frontend (codex/nested-functions); numbered step not recorded,/workspace/stage3-latent-full-adapted/src/compiler/factory/nodeFactory.ts:5366:5: stage 0 can't lower a function inside a function (a closure) yet
src/compiler/factory/nodeFactory.ts,/workspace/stage3-latent-full-adapted/src/compiler/factory/nodeFactory.ts:5375:5,NotYet,a function inside a function (a closure),createJSDocNameReference,OWNER BLANK,nested function/closure frontend (codex/nested-functions); numbered step not recorded,/workspace/stage3-latent-full-adapted/src/compiler/factory/nodeFactory.ts:5375:5: stage 0 can't lower a function inside a function (a closure) yet
src/compiler/factory/nodeFactory.ts,/workspace/stage3-latent-full-adapted/src/compiler/factory/nodeFactory.ts:5382:5,NotYet,a function inside a function (a closure),updateJSDocNameReference,OWNER BLANK,nested function/closure frontend (codex/nested-functions); numbered step not recorded,/workspace/stage3-latent-full-adapted/src/compiler/factory/nodeFactory.ts:5382:5: stage 0 can't lower a function inside a function (a closure) yet
src/compiler/factory/nodeFactory.ts,/workspace/stage3-latent-full-adapted/src/compiler/factory/nodeFactory.ts:5389:5,NotYet,a function inside a function (a closure),createJSDocMemberName,OWNER BLANK,nested function/closure frontend (codex/nested-functions); numbered step not recorded,/workspace/stage3-latent-full-adapted/src/compiler/factory/nodeFactory.ts:5389:5: stage 0 can't lower a function inside a function (a closure) yet
src/compiler/factory/nodeFactory.ts,/workspace/stage3-latent-full-adapted/src/compiler/factory/nodeFactory.ts:5399:5,NotYet,a function inside a function (a closure),updateJSDocMemberName,OWNER BLANK,nested function/closure frontend (codex/nested-functions); numbered step not recorded,/workspace/stage3-latent-full-adapted/src/compiler/factory/nodeFactory.ts:5399:5: stage 0 can't lower a function inside a function (a closure) yet
src/compiler/factory/nodeFactory.ts,/workspace/stage3-latent-full-adapted/src/compiler/factory/nodeFactory.ts:5407:5,NotYet,a function inside a function (a closure),createJSDocLink,OWNER BLANK,nested function/closure frontend (codex/nested-functions); numbered step not recorded,/workspace/stage3-latent-full-adapted/src/compiler/factory/nodeFactory.ts:5407:5: stage 0 can't lower a function inside a function (a closure) yet
src/compiler/factory/nodeFactory.ts,/workspace/stage3-latent-full-adapted/src/compiler/factory/nodeFactory.ts:5415:5,NotYet,a function inside a function (a closure),updateJSDocLink,OWNER BLANK,nested function/closure frontend (codex/nested-functions); numbered step not recorded,/workspace/stage3-latent-full-adapted/src/compiler/factory/nodeFactory.ts:5415:5: stage 0 can't lower a function inside a function (a closure) yet
src/compiler/factory/nodeFactory.ts,/workspace/stage3-latent-full-adapted/src/compiler/factory/nodeFactory.ts:5422:5,NotYet,a function inside a function (a closure),createJSDocLinkCode,OWNER BLANK,nested function/closure frontend (codex/nested-functions); numbered step not recorded,/workspace/stage3-latent-full-adapted/src/compiler/factory/nodeFactory.ts:5422:5: stage 0 can't lower a function inside a function (a closure) yet
src/compiler/factory/nodeFactory.ts,/workspace/stage3-latent-full-adapted/src/compiler/factory/nodeFactory.ts:5430:5,NotYet,a function inside a function (a closure),updateJSDocLinkCode,OWNER BLANK,nested function/closure frontend (codex/nested-functions); numbered step not recorded,/workspace/stage3-latent-full-adapted/src/compiler/factory/nodeFactory.ts:5430:5: stage 0 can't lower a function inside a function (a closure) yet
src/compiler/factory/nodeFactory.ts,/workspace/stage3-latent-full-adapted/src/compiler/factory/nodeFactory.ts:5437:5,NotYet,a function inside a function (a closure),createJSDocLinkPlain,OWNER BLANK,nested function/closure frontend (codex/nested-functions); numbered step not recorded,/workspace/stage3-latent-full-adapted/src/compiler/factory/nodeFactory.ts:5437:5: stage 0 can't lower a function inside a function (a closure) yet
src/compiler/factory/nodeFactory.ts,/workspace/stage3-latent-full-adapted/src/compiler/factory/nodeFactory.ts:5445:5,NotYet,a function inside a function (a closure),updateJSDocLinkPlain,OWNER BLANK,nested function/closure frontend (codex/nested-functions); numbered step not recorded,/workspace/stage3-latent-full-adapted/src/compiler/factory/nodeFactory.ts:5445:5: stage 0 can't lower a function inside a function (a closure) yet
src/compiler/factory/nodeFactory.ts,/workspace/stage3-latent-full-adapted/src/compiler/factory/nodeFactory.ts:5452:5,NotYet,a function inside a function (a closure),updateJSDocImplementsTag,OWNER BLANK,nested function/closure frontend (codex/nested-functions); numbered step not recorded,/workspace/stage3-latent-full-adapted/src/compiler/factory/nodeFactory.ts:5452:5: stage 0 can't lower a function inside a function (a closure) yet
src/compiler/factory/nodeFactory.ts,/workspace/stage3-latent-full-adapted/src/compiler/factory/nodeFactory.ts:5468:5,NotYet,a function inside a function (a closure),createJSDocSimpleTagWorker,OWNER BLANK,nested function/closure frontend (codex/nested-functions); numbered step not recorded,/workspace/stage3-latent-full-adapted/src/compiler/factory/nodeFactory.ts:5468:5: stage 0 can't lower a function inside a function (a closure) yet
src/compiler/factory/nodeFactory.ts,/workspace/stage3-latent-full-adapted/src/compiler/factory/nodeFactory.ts:5481:5,NotYet,a function inside a function (a closure),updateJSDocSimpleTagWorker,OWNER BLANK,nested function/closure frontend (codex/nested-functions); numbered step not recorded,/workspace/stage3-latent-full-adapted/src/compiler/factory/nodeFactory.ts:5481:5: stage 0 can't lower a function inside a function (a closure) yet
src/compiler/factory/nodeFactory.ts,/workspace/stage3-latent-full-adapted/src/compiler/factory/nodeFactory.ts:5494:5,NotYet,a function inside a function (a closure),createJSDocTypeLikeTagWorker,OWNER BLANK,nested function/closure frontend (codex/nested-functions); numbered step not recorded,/workspace/stage3-latent-full-adapted/src/compiler/factory/nodeFactory.ts:5494:5: stage 0 can't lower a function inside a function (a closure) yet
src/compiler/factory/nodeFactory.ts,/workspace/stage3-latent-full-adapted/src/compiler/factory/nodeFactory.ts:5506:5,NotYet,a function inside a function (a closure),updateJSDocTypeLikeTagWorker,OWNER BLANK,nested function/closure frontend (codex/nested-functions); numbered step not recorded,/workspace/stage3-latent-full-adapted/src/compiler/factory/nodeFactory.ts:5506:5: stage 0 can't lower a function inside a function (a closure) yet
src/compiler/factory/nodeFactory.ts,/workspace/stage3-latent-full-adapted/src/compiler/factory/nodeFactory.ts:5515:5,NotYet,a function inside a function (a closure),createJSDocUnknownTag,OWNER BLANK,nested function/closure frontend (codex/nested-functions); numbered step not recorded,/workspace/stage3-latent-full-adapted/src/compiler/factory/nodeFactory.ts:5515:5: stage 0 can't lower a function inside a function (a closure) yet
src/compiler/factory/nodeFactory.ts,/workspace/stage3-latent-full-adapted/src/compiler/factory/nodeFactory.ts:5521:5,NotYet,a function inside a function (a closure),updateJSDocUnknownTag,OWNER BLANK,nested function/closure frontend (codex/nested-functions); numbered step not recorded,/workspace/stage3-latent-full-adapted/src/compiler/factory/nodeFactory.ts:5521:5: stage 0 can't lower a function inside a function (a closure) yet
src/compiler/factory/nodeFactory.ts,/workspace/stage3-latent-full-adapted/src/compiler/factory/nodeFactory.ts:5529:5,NotYet,a function inside a function (a closure),createJSDocEnumTag,OWNER BLANK,nested function/closure frontend (codex/nested-functions); numbered step not recorded,/workspace/stage3-latent-full-adapted/src/compiler/factory/nodeFactory.ts:5529:5: stage 0 can't lower a function inside a function (a closure) yet
src/compiler/factory/nodeFactory.ts,/workspace/stage3-latent-full-adapted/src/compiler/factory/nodeFactory.ts:5539:5,NotYet,a function inside a function (a closure),updateJSDocEnumTag,OWNER BLANK,nested function/closure frontend (codex/nested-functions); numbered step not recorded,/workspace/stage3-latent-full-adapted/src/compiler/factory/nodeFactory.ts:5539:5: stage 0 can't lower a function inside a function (a closure) yet
src/compiler/factory/nodeFactory.ts,/workspace/stage3-latent-full-adapted/src/compiler/factory/nodeFactory.ts:5548:5,NotYet,a function inside a function (a closure),createJSDocImportTag,OWNER BLANK,nested function/closure frontend (codex/nested-functions); numbered step not recorded,/workspace/stage3-latent-full-adapted/src/compiler/factory/nodeFactory.ts:5548:5: stage 0 can't lower a function inside a function (a closure) yet
src/compiler/factory/nodeFactory.ts,/workspace/stage3-latent-full-adapted/src/compiler/factory/nodeFactory.ts:5557:5,NotYet,a function inside a function (a closure),updateJSDocImportTag,OWNER BLANK,nested function/closure frontend (codex/nested-functions); numbered step not recorded,/workspace/stage3-latent-full-adapted/src/compiler/factory/nodeFactory.ts:5557:5: stage 0 can't lower a function inside a function (a closure) yet
src/compiler/factory/nodeFactory.ts,/workspace/stage3-latent-full-adapted/src/compiler/factory/nodeFactory.ts:5568:5,NotYet,a function inside a function (a closure),createJSDocText,OWNER BLANK,nested function/closure frontend (codex/nested-functions); numbered step not recorded,/workspace/stage3-latent-full-adapted/src/compiler/factory/nodeFactory.ts:5568:5: stage 0 can't lower a function inside a function (a closure) yet
src/compiler/factory/nodeFactory.ts,/workspace/stage3-latent-full-adapted/src/compiler/factory/nodeFactory.ts:5575:5,NotYet,a function inside a function (a closure),updateJSDocText,OWNER BLANK,nested function/closure frontend (codex/nested-functions); numbered step not recorded,/workspace/stage3-latent-full-adapted/src/compiler/factory/nodeFactory.ts:5575:5: stage 0 can't lower a function inside a function (a closure) yet
src/compiler/factory/nodeFactory.ts,/workspace/stage3-latent-full-adapted/src/compiler/factory/nodeFactory.ts:5582:5,NotYet,a function inside a function (a closure),createJSDocComment,OWNER BLANK,nested function/closure frontend (codex/nested-functions); numbered step not recorded,/workspace/stage3-latent-full-adapted/src/compiler/factory/nodeFactory.ts:5582:5: stage 0 can't lower a function inside a function (a closure) yet
src/compiler/factory/nodeFactory.ts,/workspace/stage3-latent-full-adapted/src/compiler/factory/nodeFactory.ts:5590:5,NotYet,a function inside a function (a closure),updateJSDocComment,OWNER BLANK,nested function/closure frontend (codex/nested-functions); numbered step not recorded,/workspace/stage3-latent-full-adapted/src/compiler/factory/nodeFactory.ts:5590:5: stage 0 can't lower a function inside a function (a closure) yet
src/compiler/factory/nodeFactory.ts,/workspace/stage3-latent-full-adapted/src/compiler/factory/nodeFactory.ts:5071:64,NotYet,"a value of type T[""kind""]",createJSDocPrimaryTypeWorker,OWNER BLANK,wall step not recorded; owner OWNER BLANK,"/workspace/stage3-latent-full-adapted/src/compiler/factory/nodeFactory.ts:5071:64: stage 0 can't lower a value of type T[""kind""] yet"
src/compiler/factory/nodeFactory.ts,/workspace/stage3-latent-full-adapted/src/compiler/factory/nodeFactory.ts:5078:14,NotYet,a function returning T,createJSDocPrePostfixUnaryTypeWorker,01a1143c,wall step not recorded; owner 01a1143c,/workspace/stage3-latent-full-adapted/src/compiler/factory/nodeFactory.ts:5078:14: stage 0 can't lower a function returning T yet
src/compiler/factory/nodeFactory.ts,/workspace/stage3-latent-full-adapted/src/compiler/factory/nodeFactory.ts:5091:14,NotYet,a function returning T,createJSDocUnaryTypeWorker,01a1143c,wall step not recorded; owner 01a1143c,/workspace/stage3-latent-full-adapted/src/compiler/factory/nodeFactory.ts:5091:14: stage 0 can't lower a function returning T yet
src/compiler/factory/nodeFactory.ts,/workspace/stage3-latent-full-adapted/src/compiler/factory/nodeFactory.ts:5100:14,NotYet,a function returning T,updateJSDocPrePostfixUnaryTypeWorker,01a1143c,wall step not recorded; owner 01a1143c,/workspace/stage3-latent-full-adapted/src/compiler/factory/nodeFactory.ts:5100:14: stage 0 can't lower a function returning T yet
src/compiler/factory/nodeFactory.ts,/workspace/stage3-latent-full-adapted/src/compiler/factory/nodeFactory.ts:5110:14,NotYet,a function returning T,updateJSDocUnaryTypeWorker,01a1143c,wall step not recorded; owner 01a1143c,/workspace/stage3-latent-full-adapted/src/compiler/factory/nodeFactory.ts:5110:14: stage 0 can't lower a function returning T yet
src/compiler/factory/nodeFactory.ts,/workspace/stage3-latent-full-adapted/src/compiler/factory/nodeFactory.ts:1213:59,NotYet,"a value of type T[""kind""]",createBaseDeclaration,OWNER BLANK,wall step not recorded; owner OWNER BLANK,"/workspace/stage3-latent-full-adapted/src/compiler/factory/nodeFactory.ts:1213:59: stage 0 can't lower a value of type T[""kind""] yet"
src/compiler/factory/nodeFactory.ts,/workspace/stage3-latent-full-adapted/src/compiler/factory/nodeFactory.ts:5119:9,NotYet,reading node,createJSDocFunctionType,OWNER BLANK,isolated census context boundary; replay before assigning a feature wall,/workspace/stage3-latent-full-adapted/src/compiler/factory/nodeFactory.ts:5119:9: stage 0 can't lower reading node yet
src/compiler/factory/nodeFactory.ts,/workspace/stage3-latent-full-adapted/src/compiler/factory/nodeFactory.ts:5120:9,NotYet,reading node,createJSDocFunctionType,OWNER BLANK,isolated census context boundary; replay before assigning a feature wall,/workspace/stage3-latent-full-adapted/src/compiler/factory/nodeFactory.ts:5120:9: stage 0 can't lower reading node yet
src/compiler/factory/nodeFactory.ts,/workspace/stage3-latent-full-adapted/src/compiler/factory/nodeFactory.ts:5121:9,NotYet,reading node,createJSDocFunctionType,OWNER BLANK,isolated census context boundary; replay before assigning a feature wall,/workspace/stage3-latent-full-adapted/src/compiler/factory/nodeFactory.ts:5121:9: stage 0 can't lower reading node yet
src/compiler/factory/nodeFactory.ts,/workspace/stage3-latent-full-adapted/src/compiler/factory/nodeFactory.ts:5124:9,NotYet,reading node,createJSDocFunctionType,OWNER BLANK,isolated census context boundary; replay before assigning a feature wall,/workspace/stage3-latent-full-adapted/src/compiler/factory/nodeFactory.ts:5124:9: stage 0 can't lower reading node yet
src/compiler/factory/nodeFactory.ts,/workspace/stage3-latent-full-adapted/src/compiler/factory/nodeFactory.ts:5125:9,NotYet,reading node,createJSDocFunctionType,OWNER BLANK,isolated census context boundary; replay before assigning a feature wall,/workspace/stage3-latent-full-adapted/src/compiler/factory/nodeFactory.ts:5125:9: stage 0 can't lower reading node yet
src/compiler/factory/nodeFactory.ts,/workspace/stage3-latent-full-adapted/src/compiler/factory/nodeFactory.ts:5126:9,NotYet,reading node,createJSDocFunctionType,OWNER BLANK,isolated census context boundary; replay before assigning a feature wall,/workspace/stage3-latent-full-adapted/src/compiler/factory/nodeFactory.ts:5126:9: stage 0 can't lower reading node yet
src/compiler/factory/nodeFactory.ts,/workspace/stage3-latent-full-adapted/src/compiler/factory/nodeFactory.ts:5127:9,NotYet,reading node,createJSDocFunctionType,OWNER BLANK,isolated census context boundary; replay before assigning a feature wall,/workspace/stage3-latent-full-adapted/src/compiler/factory/nodeFactory.ts:5127:9: stage 0 can't lower reading node yet
src/compiler/factory/nodeFactory.ts,/workspace/stage3-latent-full-adapted/src/compiler/factory/nodeFactory.ts:5128:16,NotYet,reading node,createJSDocFunctionType,OWNER BLANK,isolated census context boundary; replay before assigning a feature wall,/workspace/stage3-latent-full-adapted/src/compiler/factory/nodeFactory.ts:5128:16: stage 0 can't lower reading node yet
src/compiler/factory/nodeFactory.ts,/workspace/stage3-latent-full-adapted/src/compiler/factory/nodeFactory.ts:5133:16,NotYet,a BinaryExpression with a value and a value,updateJSDocFunctionType,OWNER BLANK,wall step not recorded; owner OWNER BLANK,/workspace/stage3-latent-full-adapted/src/compiler/factory/nodeFactory.ts:5133:16: stage 0 can't lower a BinaryExpression with a value and a value yet
src/compiler/factory/nodeFactory.ts,/workspace/stage3-latent-full-adapted/src/compiler/factory/nodeFactory.ts:5142:9,NotYet,reading node,createJSDocTypeLiteral,OWNER BLANK,isolated census context boundary; replay before assigning a feature wall,/workspace/stage3-latent-full-adapted/src/compiler/factory/nodeFactory.ts:5142:9: stage 0 can't lower reading node yet
src/compiler/factory/nodeFactory.ts,/workspace/stage3-latent-full-adapted/src/compiler/factory/nodeFactory.ts:5143:9,NotYet,reading node,createJSDocTypeLiteral,OWNER BLANK,isolated census context boundary; replay before assigning a feature wall,/workspace/stage3-latent-full-adapted/src/compiler/factory/nodeFactory.ts:5143:9: stage 0 can't lower reading node yet
src/compiler/factory/nodeFactory.ts,/workspace/stage3-latent-full-adapted/src/compiler/factory/nodeFactory.ts:5144:16,NotYet,reading node,createJSDocTypeLiteral,OWNER BLANK,isolated census context boundary; replay before assigning a feature wall,/workspace/stage3-latent-full-adapted/src/compiler/factory/nodeFactory.ts:5144:16: stage 0 can't lower reading node yet
src/compiler/factory/nodeFactory.ts,/workspace/stage3-latent-full-adapted/src/compiler/factory/nodeFactory.ts:7179:14,NotYet,a function returning T,update,01a1143c,wall step not recorded; owner 01a1143c,/workspace/stage3-latent-full-adapted/src/compiler/factory/nodeFactory.ts:7179:14: stage 0 can't lower a function returning T yet
src/compiler/factory/nodeFactory.ts,/workspace/stage3-latent-full-adapted/src/compiler/factory/nodeFactory.ts:1209:45,NotYet,"a value of type T[""kind""]",createBaseNode,OWNER BLANK,wall step not recorded; owner OWNER BLANK,"/workspace/stage3-latent-full-adapted/src/compiler/factory/nodeFactory.ts:1209:45: stage 0 can't lower a value of type T[""kind""] yet"
src/compiler/factory/nodeFactory.ts,/workspace/stage3-latent-full-adapted/src/compiler/factory/nodeFactory.ts:5158:9,NotYet,reading node,createJSDocTypeExpression,OWNER BLANK,isolated census context boundary; replay before assigning a feature wall,/workspace/stage3-latent-full-adapted/src/compiler/factory/nodeFactory.ts:5158:9: stage 0 can't lower reading node yet
src/compiler/factory/nodeFactory.ts,/workspace/stage3-latent-full-adapted/src/compiler/factory/nodeFactory.ts:5159:16,NotYet,reading node,createJSDocTypeExpression,OWNER BLANK,isolated census context boundary; replay before assigning a feature wall,/workspace/stage3-latent-full-adapted/src/compiler/factory/nodeFactory.ts:5159:16: stage 0 can't lower reading node yet
src/compiler/factory/nodeFactory.ts,/workspace/stage3-latent-full-adapted/src/compiler/factory/nodeFactory.ts:5172:9,NotYet,reading node,createJSDocSignature,OWNER BLANK,isolated census context boundary; replay before assigning a feature wall,/workspace/stage3-latent-full-adapted/src/compiler/factory/nodeFactory.ts:5172:9: stage 0 can't lower reading node yet
src/compiler/factory/nodeFactory.ts,/workspace/stage3-latent-full-adapted/src/compiler/factory/nodeFactory.ts:5173:9,NotYet,reading node,createJSDocSignature,OWNER BLANK,isolated census context boundary; replay before assigning a feature wall,/workspace/stage3-latent-full-adapted/src/compiler/factory/nodeFactory.ts:5173:9: stage 0 can't lower reading node yet
src/compiler/factory/nodeFactory.ts,/workspace/stage3-latent-full-adapted/src/compiler/factory/nodeFactory.ts:5174:9,NotYet,reading node,createJSDocSignature,OWNER BLANK,isolated census context boundary; replay before assigning a feature wall,/workspace/stage3-latent-full-adapted/src/compiler/factory/nodeFactory.ts:5174:9: stage 0 can't lower reading node yet
src/compiler/factory/nodeFactory.ts,/workspace/stage3-latent-full-adapted/src/compiler/factory/nodeFactory.ts:5176:9,NotYet,reading node,createJSDocSignature,OWNER BLANK,isolated census context boundary; replay before assigning a feature wall,/workspace/stage3-latent-full-adapted/src/compiler/factory/nodeFactory.ts:5176:9: stage 0 can't lower reading node yet
src/compiler/factory/nodeFactory.ts,/workspace/stage3-latent-full-adapted/src/compiler/factory/nodeFactory.ts:5177:9,NotYet,reading node,createJSDocSignature,OWNER BLANK,isolated census context boundary; replay before assigning a feature wall,/workspace/stage3-latent-full-adapted/src/compiler/factory/nodeFactory.ts:5177:9: stage 0 can't lower reading node yet
src/compiler/factory/nodeFactory.ts,/workspace/stage3-latent-full-adapted/src/compiler/factory/nodeFactory.ts:5178:9,NotYet,reading node,createJSDocSignature,OWNER BLANK,isolated census context boundary; replay before assigning a feature wall,/workspace/stage3-latent-full-adapted/src/compiler/factory/nodeFactory.ts:5178:9: stage 0 can't lower reading node yet
src/compiler/factory/nodeFactory.ts,/workspace/stage3-latent-full-adapted/src/compiler/factory/nodeFactory.ts:5179:16,NotYet,reading node,createJSDocSignature,OWNER BLANK,isolated census context boundary; replay before assigning a feature wall,/workspace/stage3-latent-full-adapted/src/compiler/factory/nodeFactory.ts:5179:16: stage 0 can't lower reading node yet
src/compiler/factory/nodeFactory.ts,/workspace/stage3-latent-full-adapted/src/compiler/factory/nodeFactory.ts:5199:53,NotYet,"a value of type T[""kind""]",createBaseJSDocTag,OWNER BLANK,wall step not recorded; owner OWNER BLANK,"/workspace/stage3-latent-full-adapted/src/compiler/factory/nodeFactory.ts:5199:53: stage 0 can't lower a value of type T[""kind""] yet"
src/compiler/factory/nodeFactory.ts,/workspace/stage3-latent-full-adapted/src/compiler/factory/nodeFactory.ts:5206:78,NotYet,"a value of type T[""kind""]",createBaseJSDocTagDeclaration,OWNER BLANK,wall step not recorded; owner OWNER BLANK,"/workspace/stage3-latent-full-adapted/src/compiler/factory/nodeFactory.ts:5206:78: stage 0 can't lower a value of type T[""kind""] yet"
src/compiler/factory/nodeFactory.ts,/workspace/stage3-latent-full-adapted/src/compiler/factory/nodeFactory.ts:5216:9,NotYet,reading node,createJSDocTemplateTag,OWNER BLANK,isolated census context boundary; replay before assigning a feature wall,/workspace/stage3-latent-full-adapted/src/compiler/factory/nodeFactory.ts:5216:9: stage 0 can't lower reading node yet
src/compiler/factory/nodeFactory.ts,/workspace/stage3-latent-full-adapted/src/compiler/factory/nodeFactory.ts:5217:9,NotYet,reading node,createJSDocTemplateTag,OWNER BLANK,isolated census context boundary; replay before assigning a feature wall,/workspace/stage3-latent-full-adapted/src/compiler/factory/nodeFactory.ts:5217:9: stage 0 can't lower reading node yet
src/compiler/factory/nodeFactory.ts,/workspace/stage3-latent-full-adapted/src/compiler/factory/nodeFactory.ts:5218:16,NotYet,reading node,createJSDocTemplateTag,OWNER BLANK,isolated census context boundary; replay before assigning a feature wall,/workspace/stage3-latent-full-adapted/src/compiler/factory/nodeFactory.ts:5218:16: stage 0 can't lower reading node yet
src/compiler/factory/nodeFactory.ts,/workspace/stage3-latent-full-adapted/src/compiler/factory/nodeFactory.ts:5225:20,NotYet,a BinaryExpression with a value and a value,updateJSDocTemplateTag,OWNER BLANK,wall step not recorded; owner OWNER BLANK,/workspace/stage3-latent-full-adapted/src/compiler/factory/nodeFactory.ts:5225:20: stage 0 can't lower a BinaryExpression with a value and a value yet
src/compiler/factory/nodeFactory.ts,/workspace/stage3-latent-full-adapted/src/compiler/factory/nodeFactory.ts:5234:9,NotYet,reading node,createJSDocTypedefTag,OWNER BLANK,isolated census context boundary; replay before assigning a feature wall,/workspace/stage3-latent-full-adapted/src/compiler/factory/nodeFactory.ts:5234:9: stage 0 can't lower reading node yet
src/compiler/factory/nodeFactory.ts,/workspace/stage3-latent-full-adapted/src/compiler/factory/nodeFactory.ts:5235:9,NotYet,reading node,createJSDocTypedefTag,OWNER BLANK,isolated census context boundary; replay before assigning a feature wall,/workspace/stage3-latent-full-adapted/src/compiler/factory/nodeFactory.ts:5235:9: stage 0 can't lower reading node yet
src/compiler/factory/nodeFactory.ts,/workspace/stage3-latent-full-adapted/src/compiler/factory/nodeFactory.ts:5236:9,NotYet,reading node,createJSDocTypedefTag,OWNER BLANK,isolated census context boundary; replay before assigning a feature wall,/workspace/stage3-latent-full-adapted/src/compiler/factory/nodeFactory.ts:5236:9: stage 0 can't lower reading node yet
src/compiler/factory/nodeFactory.ts,/workspace/stage3-latent-full-adapted/src/compiler/factory/nodeFactory.ts:5238:9,NotYet,reading node,createJSDocTypedefTag,OWNER BLANK,isolated census context boundary; replay before assigning a feature wall,/workspace/stage3-latent-full-adapted/src/compiler/factory/nodeFactory.ts:5238:9: stage 0 can't lower reading node yet
src/compiler/factory/nodeFactory.ts,/workspace/stage3-latent-full-adapted/src/compiler/factory/nodeFactory.ts:5239:9,NotYet,reading node,createJSDocTypedefTag,OWNER BLANK,isolated census context boundary; replay before assigning a feature wall,/workspace/stage3-latent-full-adapted/src/compiler/factory/nodeFactory.ts:5239:9: stage 0 can't lower reading node yet
src/compiler/factory/nodeFactory.ts,/workspace/stage3-latent-full-adapted/src/compiler/factory/nodeFactory.ts:5240:16,NotYet,reading node,createJSDocTypedefTag,OWNER BLANK,isolated census context boundary; replay before assigning a feature wall,/workspace/stage3-latent-full-adapted/src/compiler/factory/nodeFactory.ts:5240:16: stage 0 can't lower reading node yet
src/compiler/factory/nodeFactory.ts,/workspace/stage3-latent-full-adapted/src/compiler/factory/nodeFactory.ts:5248:20,NotYet,a field of type string | NodeArray<JSDocComment> | undefined,updateJSDocTypedefTag,OWNER BLANK,wall step not recorded; owner OWNER BLANK,/workspace/stage3-latent-full-adapted/src/compiler/factory/nodeFactory.ts:5248:20: stage 0 can't lower a field of type string | NodeArray<JSDocComment> | undefined yet
src/compiler/factory/nodeFactory.ts,/workspace/stage3-latent-full-adapted/src/compiler/factory/nodeFactory.ts:5256:9,NotYet,reading node,createJSDocParameterTag,OWNER BLANK,isolated census context boundary; replay before assigning a feature wall,/workspace/stage3-latent-full-adapted/src/compiler/factory/nodeFactory.ts:5256:9: stage 0 can't lower reading node yet
src/compiler/factory/nodeFactory.ts,/workspace/stage3-latent-full-adapted/src/compiler/factory/nodeFactory.ts:5257:9,NotYet,reading node,createJSDocParameterTag,OWNER BLANK,isolated census context boundary; replay before assigning a feature wall,/workspace/stage3-latent-full-adapted/src/compiler/factory/nodeFactory.ts:5257:9: stage 0 can't lower reading node yet
src/compiler/factory/nodeFactory.ts,/workspace/stage3-latent-full-adapted/src/compiler/factory/nodeFactory.ts:5258:9,NotYet,reading node,createJSDocParameterTag,OWNER BLANK,isolated census context boundary; replay before assigning a feature wall,/workspace/stage3-latent-full-adapted/src/compiler/factory/nodeFactory.ts:5258:9: stage 0 can't lower reading node yet
src/compiler/factory/nodeFactory.ts,/workspace/stage3-latent-full-adapted/src/compiler/factory/nodeFactory.ts:5259:9,NotYet,reading node,createJSDocParameterTag,OWNER BLANK,isolated census context boundary; replay before assigning a feature wall,/workspace/stage3-latent-full-adapted/src/compiler/factory/nodeFactory.ts:5259:9: stage 0 can't lower reading node yet
src/compiler/factory/nodeFactory.ts,/workspace/stage3-latent-full-adapted/src/compiler/factory/nodeFactory.ts:5260:16,NotYet,reading node,createJSDocParameterTag,OWNER BLANK,isolated census context boundary; replay before assigning a feature wall,/workspace/stage3-latent-full-adapted/src/compiler/factory/nodeFactory.ts:5260:16: stage 0 can't lower reading node yet
src/compiler/factory/nodeFactory.ts,/workspace/stage3-latent-full-adapted/src/compiler/factory/nodeFactory.ts:5270:20,NotYet,a field of type string | NodeArray<JSDocComment> | undefined,updateJSDocParameterTag,OWNER BLANK,wall step not recorded; owner OWNER BLANK,/workspace/stage3-latent-full-adapted/src/compiler/factory/nodeFactory.ts:5270:20: stage 0 can't lower a field of type string | NodeArray<JSDocComment> | undefined yet
src/compiler/factory/nodeFactory.ts,/workspace/stage3-latent-full-adapted/src/compiler/factory/nodeFactory.ts:5278:9,NotYet,reading node,createJSDocPropertyTag,OWNER BLANK,isolated census context boundary; replay before assigning a feature wall,/workspace/stage3-latent-full-adapted/src/compiler/factory/nodeFactory.ts:5278:9: stage 0 can't lower reading node yet
src/compiler/factory/nodeFactory.ts,/workspace/stage3-latent-full-adapted/src/compiler/factory/nodeFactory.ts:5279:9,NotYet,reading node,createJSDocPropertyTag,OWNER BLANK,isolated census context boundary; replay before assigning a feature wall,/workspace/stage3-latent-full-adapted/src/compiler/factory/nodeFactory.ts:5279:9: stage 0 can't lower reading node yet
src/compiler/factory/nodeFactory.ts,/workspace/stage3-latent-full-adapted/src/compiler/factory/nodeFactory.ts:5280:9,NotYet,reading node,createJSDocPropertyTag,OWNER BLANK,isolated census context boundary; replay before assigning a feature wall,/workspace/stage3-latent-full-adapted/src/compiler/factory/nodeFactory.ts:5280:9: stage 0 can't lower reading node yet
src/compiler/factory/nodeFactory.ts,/workspace/stage3-latent-full-adapted/src/compiler/factory/nodeFactory.ts:5281:9,NotYet,reading node,createJSDocPropertyTag,OWNER BLANK,isolated census context boundary; replay before assigning a feature wall,/workspace/stage3-latent-full-adapted/src/compiler/factory/nodeFactory.ts:5281:9: stage 0 can't lower reading node yet
src/compiler/factory/nodeFactory.ts,/workspace/stage3-latent-full-adapted/src/compiler/factory/nodeFactory.ts:5282:16,NotYet,reading node,createJSDocPropertyTag,OWNER BLANK,isolated census context boundary; replay before assigning a feature wall,/workspace/stage3-latent-full-adapted/src/compiler/factory/nodeFactory.ts:5282:16: stage 0 can't lower reading node yet
src/compiler/factory/nodeFactory.ts,/workspace/stage3-latent-full-adapted/src/compiler/factory/nodeFactory.ts:5292:20,NotYet,a field of type string | NodeArray<JSDocComment> | undefined,updateJSDocPropertyTag,OWNER BLANK,wall step not recorded; owner OWNER BLANK,/workspace/stage3-latent-full-adapted/src/compiler/factory/nodeFactory.ts:5292:20: stage 0 can't lower a field of type string | NodeArray<JSDocComment> | undefined yet
src/compiler/factory/nodeFactory.ts,/workspace/stage3-latent-full-adapted/src/compiler/factory/nodeFactory.ts:5300:9,NotYet,reading node,createJSDocCallbackTag,OWNER BLANK,isolated census context boundary; replay before assigning a feature wall,/workspace/stage3-latent-full-adapted/src/compiler/factory/nodeFactory.ts:5300:9: stage 0 can't lower reading node yet
src/compiler/factory/nodeFactory.ts,/workspace/stage3-latent-full-adapted/src/compiler/factory/nodeFactory.ts:5301:9,NotYet,reading node,createJSDocCallbackTag,OWNER BLANK,isolated census context boundary; replay before assigning a feature wall,/workspace/stage3-latent-full-adapted/src/compiler/factory/nodeFactory.ts:5301:9: stage 0 can't lower reading node yet
src/compiler/factory/nodeFactory.ts,/workspace/stage3-latent-full-adapted/src/compiler/factory/nodeFactory.ts:5302:9,NotYet,reading node,createJSDocCallbackTag,OWNER BLANK,isolated census context boundary; replay before assigning a feature wall,/workspace/stage3-latent-full-adapted/src/compiler/factory/nodeFactory.ts:5302:9: stage 0 can't lower reading node yet
src/compiler/factory/nodeFactory.ts,/workspace/stage3-latent-full-adapted/src/compiler/factory/nodeFactory.ts:5304:9,NotYet,reading node,createJSDocCallbackTag,OWNER BLANK,isolated census context boundary; replay before assigning a feature wall,/workspace/stage3-latent-full-adapted/src/compiler/factory/nodeFactory.ts:5304:9: stage 0 can't lower reading node yet
src/compiler/factory/nodeFactory.ts,/workspace/stage3-latent-full-adapted/src/compiler/factory/nodeFactory.ts:5305:9,NotYet,reading node,createJSDocCallbackTag,OWNER BLANK,isolated census context boundary; replay before assigning a feature wall,/workspace/stage3-latent-full-adapted/src/compiler/factory/nodeFactory.ts:5305:9: stage 0 can't lower reading node yet
src/compiler/factory/nodeFactory.ts,/workspace/stage3-latent-full-adapted/src/compiler/factory/nodeFactory.ts:5306:16,NotYet,reading node,createJSDocCallbackTag,OWNER BLANK,isolated census context boundary; replay before assigning a feature wall,/workspace/stage3-latent-full-adapted/src/compiler/factory/nodeFactory.ts:5306:16: stage 0 can't lower reading node yet
src/compiler/factory/nodeFactory.ts,/workspace/stage3-latent-full-adapted/src/compiler/factory/nodeFactory.ts:5314:20,NotYet,a field of type string | NodeArray<JSDocComment> | undefined,updateJSDocCallbackTag,OWNER BLANK,wall step not recorded; owner OWNER BLANK,/workspace/stage3-latent-full-adapted/src/compiler/factory/nodeFactory.ts:5314:20: stage 0 can't lower a field of type string | NodeArray<JSDocComment> | undefined yet
src/compiler/factory/nodeFactory.ts,/workspace/stage3-latent-full-adapted/src/compiler/factory/nodeFactory.ts:5322:9,NotYet,reading node,createJSDocOverloadTag,OWNER BLANK,isolated census context boundary; replay before assigning a feature wall,/workspace/stage3-latent-full-adapted/src/compiler/factory/nodeFactory.ts:5322:9: stage 0 can't lower reading node yet
src/compiler/factory/nodeFactory.ts,/workspace/stage3-latent-full-adapted/src/compiler/factory/nodeFactory.ts:5323:16,NotYet,reading node,createJSDocOverloadTag,OWNER BLANK,isolated census context boundary; replay before assigning a feature wall,/workspace/stage3-latent-full-adapted/src/compiler/factory/nodeFactory.ts:5323:16: stage 0 can't lower reading node yet
src/compiler/factory/nodeFactory.ts,/workspace/stage3-latent-full-adapted/src/compiler/factory/nodeFactory.ts:5330:20,NotYet,a field of type string | NodeArray<JSDocComment> | undefined,updateJSDocOverloadTag,OWNER BLANK,wall step not recorded; owner OWNER BLANK,/workspace/stage3-latent-full-adapted/src/compiler/factory/nodeFactory.ts:5330:20: stage 0 can't lower a field of type string | NodeArray<JSDocComment> | undefined yet
src/compiler/factory/nodeFactory.ts,/workspace/stage3-latent-full-adapted/src/compiler/factory/nodeFactory.ts:5336:70,NotYet,a value of type ExpressionWithTypeArguments & { readonly expression: Identifier | PropertyAccessEntityNameExpression; },createJSDocAugmentsTag,OWNER BLANK,wall step not recorded; owner OWNER BLANK,/workspace/stage3-latent-full-adapted/src/compiler/factory/nodeFactory.ts:5336:70: stage 0 can't lower a value of type ExpressionWithTypeArguments & { readonly expression: Identifier | PropertyAccessEntityNameExpression; } yet
src/compiler/factory/nodeFactory.ts,/workspace/stage3-latent-full-adapted/src/compiler/factory/nodeFactory.ts:5343:108,NotYet,a value of type ExpressionWithTypeArguments & { readonly expression: Identifier | PropertyAccessEntityNameExpression; },updateJSDocAugmentsTag,OWNER BLANK,wall step not recorded; owner OWNER BLANK,/workspace/stage3-latent-full-adapted/src/compiler/factory/nodeFactory.ts:5343:108: stage 0 can't lower a value of type ExpressionWithTypeArguments & { readonly expression: Identifier | PropertyAccessEntityNameExpression; } yet
src/compiler/factory/nodeFactory.ts,/workspace/stage3-latent-full-adapted/src/compiler/factory/nodeFactory.ts:5352:72,NotYet,a value of type ExpressionWithTypeArguments & { readonly expression: Identifier | PropertyAccessEntityNameExpression; },createJSDocImplementsTag,OWNER BLANK,wall step not recorded; owner OWNER BLANK,/workspace/stage3-latent-full-adapted/src/compiler/factory/nodeFactory.ts:5352:72: stage 0 can't lower a value of type ExpressionWithTypeArguments & { readonly expression: Identifier | PropertyAccessEntityNameExpression; } yet
src/compiler/factory/nodeFactory.ts,/workspace/stage3-latent-full-adapted/src/compiler/factory/nodeFactory.ts:5361:9,NotYet,reading node,createJSDocSeeTag,OWNER BLANK,isolated census context boundary; replay before assigning a feature wall,/workspace/stage3-latent-full-adapted/src/compiler/factory/nodeFactory.ts:5361:9: stage 0 can't lower reading node yet
src/compiler/factory/nodeFactory.ts,/workspace/stage3-latent-full-adapted/src/compiler/factory/nodeFactory.ts:5362:16,NotYet,reading node,createJSDocSeeTag,OWNER BLANK,isolated census context boundary; replay before assigning a feature wall,/workspace/stage3-latent-full-adapted/src/compiler/factory/nodeFactory.ts:5362:16: stage 0 can't lower reading node yet
src/compiler/factory/nodeFactory.ts,/workspace/stage3-latent-full-adapted/src/compiler/factory/nodeFactory.ts:5369:20,NotYet,a field of type string | NodeArray<JSDocComment> | undefined,updateJSDocSeeTag,OWNER BLANK,wall step not recorded; owner OWNER BLANK,/workspace/stage3-latent-full-adapted/src/compiler/factory/nodeFactory.ts:5369:20: stage 0 can't lower a field of type string | NodeArray<JSDocComment> | undefined yet
src/compiler/factory/nodeFactory.ts,/workspace/stage3-latent-full-adapted/src/compiler/factory/nodeFactory.ts:5377:9,NotYet,reading node,createJSDocNameReference,OWNER BLANK,isolated census context boundary; replay before assigning a feature wall,/workspace/stage3-latent-full-adapted/src/compiler/factory/nodeFactory.ts:5377:9: stage 0 can't lower reading node yet
src/compiler/factory/nodeFactory.ts,/workspace/stage3-latent-full-adapted/src/compiler/factory/nodeFactory.ts:5378:16,NotYet,reading node,createJSDocNameReference,OWNER BLANK,isolated census context boundary; replay before assigning a feature wall,/workspace/stage3-latent-full-adapted/src/compiler/factory/nodeFactory.ts:5378:16: stage 0 can't lower reading node yet
src/compiler/factory/nodeFactory.ts,/workspace/stage3-latent-full-adapted/src/compiler/factory/nodeFactory.ts:5391:9,NotYet,reading node,createJSDocMemberName,OWNER BLANK,isolated census context boundary; replay before assigning a feature wall,/workspace/stage3-latent-full-adapted/src/compiler/factory/nodeFactory.ts:5391:9: stage 0 can't lower reading node yet
src/compiler/factory/nodeFactory.ts,/workspace/stage3-latent-full-adapted/src/compiler/factory/nodeFactory.ts:5392:9,NotYet,reading node,createJSDocMemberName,OWNER BLANK,isolated census context boundary; replay before assigning a feature wall,/workspace/stage3-latent-full-adapted/src/compiler/factory/nodeFactory.ts:5392:9: stage 0 can't lower reading node yet
src/compiler/factory/nodeFactory.ts,/workspace/stage3-latent-full-adapted/src/compiler/factory/nodeFactory.ts:5393:9,NotYet,reading node,createJSDocMemberName,OWNER BLANK,isolated census context boundary; replay before assigning a feature wall,/workspace/stage3-latent-full-adapted/src/compiler/factory/nodeFactory.ts:5393:9: stage 0 can't lower reading node yet
src/compiler/factory/nodeFactory.ts,/workspace/stage3-latent-full-adapted/src/compiler/factory/nodeFactory.ts:5395:16,NotYet,reading node,createJSDocMemberName,OWNER BLANK,isolated census context boundary; replay before assigning a feature wall,/workspace/stage3-latent-full-adapted/src/compiler/factory/nodeFactory.ts:5395:16: stage 0 can't lower reading node yet
src/compiler/factory/nodeFactory.ts,/workspace/stage3-latent-full-adapted/src/compiler/factory/nodeFactory.ts:5409:9,NotYet,reading node,createJSDocLink,OWNER BLANK,isolated census context boundary; replay before assigning a feature wall,/workspace/stage3-latent-full-adapted/src/compiler/factory/nodeFactory.ts:5409:9: stage 0 can't lower reading node yet
src/compiler/factory/nodeFactory.ts,/workspace/stage3-latent-full-adapted/src/compiler/factory/nodeFactory.ts:5410:9,NotYet,reading node,createJSDocLink,OWNER BLANK,isolated census context boundary; replay before assigning a feature wall,/workspace/stage3-latent-full-adapted/src/compiler/factory/nodeFactory.ts:5410:9: stage 0 can't lower reading node yet
src/compiler/factory/nodeFactory.ts,/workspace/stage3-latent-full-adapted/src/compiler/factory/nodeFactory.ts:5411:16,NotYet,reading node,createJSDocLink,OWNER BLANK,isolated census context boundary; replay before assigning a feature wall,/workspace/stage3-latent-full-adapted/src/compiler/factory/nodeFactory.ts:5411:16: stage 0 can't lower reading node yet
src/compiler/factory/nodeFactory.ts,/workspace/stage3-latent-full-adapted/src/compiler/factory/nodeFactory.ts:5424:9,NotYet,reading node,createJSDocLinkCode,OWNER BLANK,isolated census context boundary; replay before assigning a feature wall,/workspace/stage3-latent-full-adapted/src/compiler/factory/nodeFactory.ts:5424:9: stage 0 can't lower reading node yet
src/compiler/factory/nodeFactory.ts,/workspace/stage3-latent-full-adapted/src/compiler/factory/nodeFactory.ts:5425:9,NotYet,reading node,createJSDocLinkCode,OWNER BLANK,isolated census context boundary; replay before assigning a feature wall,/workspace/stage3-latent-full-adapted/src/compiler/factory/nodeFactory.ts:5425:9: stage 0 can't lower reading node yet
src/compiler/factory/nodeFactory.ts,/workspace/stage3-latent-full-adapted/src/compiler/factory/nodeFactory.ts:5426:16,NotYet,reading node,createJSDocLinkCode,OWNER BLANK,isolated census context boundary; replay before assigning a feature wall,/workspace/stage3-latent-full-adapted/src/compiler/factory/nodeFactory.ts:5426:16: stage 0 can't lower reading node yet
src/compiler/factory/nodeFactory.ts,/workspace/stage3-latent-full-adapted/src/compiler/factory/nodeFactory.ts:5439:9,NotYet,reading node,createJSDocLinkPlain,OWNER BLANK,isolated census context boundary; replay before assigning a feature wall,/workspace/stage3-latent-full-adapted/src/compiler/factory/nodeFactory.ts:5439:9: stage 0 can't lower reading node yet
src/compiler/factory/nodeFactory.ts,/workspace/stage3-latent-full-adapted/src/compiler/factory/nodeFactory.ts:5440:9,NotYet,reading node,createJSDocLinkPlain,OWNER BLANK,isolated census context boundary; replay before assigning a feature wall,/workspace/stage3-latent-full-adapted/src/compiler/factory/nodeFactory.ts:5440:9: stage 0 can't lower reading node yet
src/compiler/factory/nodeFactory.ts,/workspace/stage3-latent-full-adapted/src/compiler/factory/nodeFactory.ts:5441:16,NotYet,reading node,createJSDocLinkPlain,OWNER BLANK,isolated census context boundary; replay before assigning a feature wall,/workspace/stage3-latent-full-adapted/src/compiler/factory/nodeFactory.ts:5441:16: stage 0 can't lower reading node yet
src/compiler/factory/nodeFactory.ts,/workspace/stage3-latent-full-adapted/src/compiler/factory/nodeFactory.ts:5452:112,NotYet,a value of type ExpressionWithTypeArguments & { readonly expression: Identifier | PropertyAccessEntityNameExpression; },updateJSDocImplementsTag,OWNER BLANK,wall step not recorded; owner OWNER BLANK,/workspace/stage3-latent-full-adapted/src/compiler/factory/nodeFactory.ts:5452:112: stage 0 can't lower a value of type ExpressionWithTypeArguments & { readonly expression: Identifier | PropertyAccessEntityNameExpression; } yet
src/compiler/factory/nodeFactory.ts,/workspace/stage3-latent-full-adapted/src/compiler/factory/nodeFactory.ts:5468:61,NotYet,"a value of type T[""kind""]",createJSDocSimpleTagWorker,OWNER BLANK,wall step not recorded; owner OWNER BLANK,"/workspace/stage3-latent-full-adapted/src/compiler/factory/nodeFactory.ts:5468:61: stage 0 can't lower a value of type T[""kind""] yet"
src/compiler/factory/nodeFactory.ts,/workspace/stage3-latent-full-adapted/src/compiler/factory/nodeFactory.ts:5481:14,NotYet,a function returning T,updateJSDocSimpleTagWorker,01a1143c,wall step not recorded; owner 01a1143c,/workspace/stage3-latent-full-adapted/src/compiler/factory/nodeFactory.ts:5481:14: stage 0 can't lower a function returning T yet
src/compiler/factory/nodeFactory.ts,/workspace/stage3-latent-full-adapted/src/compiler/factory/nodeFactory.ts:5494:107,NotYet,"a value of type T[""kind""]",createJSDocTypeLikeTagWorker,OWNER BLANK,wall step not recorded; owner OWNER BLANK,"/workspace/stage3-latent-full-adapted/src/compiler/factory/nodeFactory.ts:5494:107: stage 0 can't lower a value of type T[""kind""] yet"
src/compiler/factory/nodeFactory.ts,/workspace/stage3-latent-full-adapted/src/compiler/factory/nodeFactory.ts:5506:14,NotYet,a function returning T,updateJSDocTypeLikeTagWorker,01a1143c,wall step not recorded; owner 01a1143c,/workspace/stage3-latent-full-adapted/src/compiler/factory/nodeFactory.ts:5506:14: stage 0 can't lower a function returning T yet
src/compiler/factory/nodeFactory.ts,/workspace/stage3-latent-full-adapted/src/compiler/factory/nodeFactory.ts:5517:16,NotYet,reading node,createJSDocUnknownTag,OWNER BLANK,isolated census context boundary; replay before assigning a feature wall,/workspace/stage3-latent-full-adapted/src/compiler/factory/nodeFactory.ts:5517:16: stage 0 can't lower reading node yet
src/compiler/factory/nodeFactory.ts,/workspace/stage3-latent-full-adapted/src/compiler/factory/nodeFactory.ts:5523:20,NotYet,a field of type string | NodeArray<JSDocComment> | undefined,updateJSDocUnknownTag,OWNER BLANK,wall step not recorded; owner OWNER BLANK,/workspace/stage3-latent-full-adapted/src/compiler/factory/nodeFactory.ts:5523:20: stage 0 can't lower a field of type string | NodeArray<JSDocComment> | undefined yet
src/compiler/factory/nodeFactory.ts,/workspace/stage3-latent-full-adapted/src/compiler/factory/nodeFactory.ts:5531:9,NotYet,reading node,createJSDocEnumTag,OWNER BLANK,isolated census context boundary; replay before assigning a feature wall,/workspace/stage3-latent-full-adapted/src/compiler/factory/nodeFactory.ts:5531:9: stage 0 can't lower reading node yet
src/compiler/factory/nodeFactory.ts,/workspace/stage3-latent-full-adapted/src/compiler/factory/nodeFactory.ts:5533:9,NotYet,reading node,createJSDocEnumTag,OWNER BLANK,isolated census context boundary; replay before assigning a feature wall,/workspace/stage3-latent-full-adapted/src/compiler/factory/nodeFactory.ts:5533:9: stage 0 can't lower reading node yet
src/compiler/factory/nodeFactory.ts,/workspace/stage3-latent-full-adapted/src/compiler/factory/nodeFactory.ts:5534:9,NotYet,reading node,createJSDocEnumTag,OWNER BLANK,isolated census context boundary; replay before assigning a feature wall,/workspace/stage3-latent-full-adapted/src/compiler/factory/nodeFactory.ts:5534:9: stage 0 can't lower reading node yet
src/compiler/factory/nodeFactory.ts,/workspace/stage3-latent-full-adapted/src/compiler/factory/nodeFactory.ts:5535:16,NotYet,reading node,createJSDocEnumTag,OWNER BLANK,isolated census context boundary; replay before assigning a feature wall,/workspace/stage3-latent-full-adapted/src/compiler/factory/nodeFactory.ts:5535:16: stage 0 can't lower reading node yet
src/compiler/factory/nodeFactory.ts,/workspace/stage3-latent-full-adapted/src/compiler/factory/nodeFactory.ts:5542:20,NotYet,a field of type string | NodeArray<JSDocComment> | undefined,updateJSDocEnumTag,OWNER BLANK,wall step not recorded; owner OWNER BLANK,/workspace/stage3-latent-full-adapted/src/compiler/factory/nodeFactory.ts:5542:20: stage 0 can't lower a field of type string | NodeArray<JSDocComment> | undefined yet
src/compiler/factory/nodeFactory.ts,/workspace/stage3-latent-full-adapted/src/compiler/factory/nodeFactory.ts:5550:9,NotYet,reading node,createJSDocImportTag,OWNER BLANK,isolated census context boundary; replay before assigning a feature wall,/workspace/stage3-latent-full-adapted/src/compiler/factory/nodeFactory.ts:5550:9: stage 0 can't lower reading node yet
src/compiler/factory/nodeFactory.ts,/workspace/stage3-latent-full-adapted/src/compiler/factory/nodeFactory.ts:5551:9,NotYet,reading node,createJSDocImportTag,OWNER BLANK,isolated census context boundary; replay before assigning a feature wall,/workspace/stage3-latent-full-adapted/src/compiler/factory/nodeFactory.ts:5551:9: stage 0 can't lower reading node yet
src/compiler/factory/nodeFactory.ts,/workspace/stage3-latent-full-adapted/src/compiler/factory/nodeFactory.ts:5552:9,NotYet,reading node,createJSDocImportTag,OWNER BLANK,isolated census context boundary; replay before assigning a feature wall,/workspace/stage3-latent-full-adapted/src/compiler/factory/nodeFactory.ts:5552:9: stage 0 can't lower reading node yet
src/compiler/factory/nodeFactory.ts,/workspace/stage3-latent-full-adapted/src/compiler/factory/nodeFactory.ts:5553:9,NotYet,reading node,createJSDocImportTag,OWNER BLANK,isolated census context boundary; replay before assigning a feature wall,/workspace/stage3-latent-full-adapted/src/compiler/factory/nodeFactory.ts:5553:9: stage 0 can't lower reading node yet
src/compiler/factory/nodeFactory.ts,/workspace/stage3-latent-full-adapted/src/compiler/factory/nodeFactory.ts:5554:16,NotYet,reading node,createJSDocImportTag,OWNER BLANK,isolated census context boundary; replay before assigning a feature wall,/workspace/stage3-latent-full-adapted/src/compiler/factory/nodeFactory.ts:5554:16: stage 0 can't lower reading node yet
src/compiler/factory/nodeFactory.ts,/workspace/stage3-latent-full-adapted/src/compiler/factory/nodeFactory.ts:5559:20,NotYet,a field of type string | NodeArray<JSDocComment> | undefined,updateJSDocImportTag,OWNER BLANK,wall step not recorded; owner OWNER BLANK,/workspace/stage3-latent-full-adapted/src/compiler/factory/nodeFactory.ts:5559:20: stage 0 can't lower a field of type string | NodeArray<JSDocComment> | undefined yet
src/compiler/factory/nodeFactory.ts,/workspace/stage3-latent-full-adapted/src/compiler/factory/nodeFactory.ts:5570:9,NotYet,reading node,createJSDocText,OWNER BLANK,isolated census context boundary; replay before assigning a feature wall,/workspace/stage3-latent-full-adapted/src/compiler/factory/nodeFactory.ts:5570:9: stage 0 can't lower reading node yet
src/compiler/factory/nodeFactory.ts,/workspace/stage3-latent-full-adapted/src/compiler/factory/nodeFactory.ts:5571:16,NotYet,reading node,createJSDocText,OWNER BLANK,isolated census context boundary; replay before assigning a feature wall,/workspace/stage3-latent-full-adapted/src/compiler/factory/nodeFactory.ts:5571:16: stage 0 can't lower reading node yet
src/compiler/factory/nodeFactory.ts,/workspace/stage3-latent-full-adapted/src/compiler/factory/nodeFactory.ts:5584:9,NotYet,reading node,createJSDocComment,OWNER BLANK,isolated census context boundary; replay before assigning a feature wall,/workspace/stage3-latent-full-adapted/src/compiler/factory/nodeFactory.ts:5584:9: stage 0 can't lower reading node yet
src/compiler/factory/nodeFactory.ts,/workspace/stage3-latent-full-adapted/src/compiler/factory/nodeFactory.ts:5585:9,NotYet,reading node,createJSDocComment,OWNER BLANK,isolated census context boundary; replay before assigning a feature wall,/workspace/stage3-latent-full-adapted/src/compiler/factory/nodeFactory.ts:5585:9: stage 0 can't lower reading node yet
src/compiler/factory/nodeFactory.ts,/workspace/stage3-latent-full-adapted/src/compiler/factory/nodeFactory.ts:5586:16,NotYet,reading node,createJSDocComment,OWNER BLANK,isolated census context boundary; replay before assigning a feature wall,/workspace/stage3-latent-full-adapted/src/compiler/factory/nodeFactory.ts:5586:16: stage 0 can't lower reading node yet
src/compiler/factory/nodeFactory.ts,/workspace/stage3-latent-full-adapted/src/compiler/factory/nodeFactory.ts:5591:16,NotYet,a field of type string | NodeArray<JSDocComment> | undefined,updateJSDocComment,OWNER BLANK,wall step not recorded; owner OWNER BLANK,/workspace/stage3-latent-full-adapted/src/compiler/factory/nodeFactory.ts:5591:16: stage 0 can't lower a field of type string | NodeArray<JSDocComment> | undefined yet
src/compiler/factory/nodeTests.ts,/workspace/stage3-latent-full-adapted/src/compiler/factory/nodeTests.ts:1027:5,Refused,a type predicate whose return is not proven (return expression is not a trusted check on node),isJSDocTypeExpression,01a1143b-d691,predicate/assertion body proof; owner 01a1143b-d691,"/workspace/stage3-latent-full-adapted/src/compiler/factory/nodeTests.ts:1027:5: Adamic 0.1 refuses a type predicate whose return is not proven (return expression is not a trusted check on node); inline the check where you use it, or return a discriminant comparison on the unmodified parameter (adamic/no-type-predicate)"
src/compiler/factory/nodeTests.ts,/workspace/stage3-latent-full-adapted/src/compiler/factory/nodeTests.ts:1031:5,Refused,a type predicate whose return is not proven (return expression is not a trusted check on node),isJSDocNameReference,01a1143b-d691,predicate/assertion body proof; owner 01a1143b-d691,"/workspace/stage3-latent-full-adapted/src/compiler/factory/nodeTests.ts:1031:5: Adamic 0.1 refuses a type predicate whose return is not proven (return expression is not a trusted check on node); inline the check where you use it, or return a discriminant comparison on the unmodified parameter (adamic/no-type-predicate)"
src/compiler/factory/nodeTests.ts,/workspace/stage3-latent-full-adapted/src/compiler/factory/nodeTests.ts:1035:5,Refused,a type predicate whose return is not proven (return expression is not a trusted check on node),isJSDocMemberName,01a1143b-d691,predicate/assertion body proof; owner 01a1143b-d691,"/workspace/stage3-latent-full-adapted/src/compiler/factory/nodeTests.ts:1035:5: Adamic 0.1 refuses a type predicate whose return is not proven (return expression is not a trusted check on node); inline the check where you use it, or return a discriminant comparison on the unmodified parameter (adamic/no-type-predicate)"
src/compiler/factory/nodeTests.ts,/workspace/stage3-latent-full-adapted/src/compiler/factory/nodeTests.ts:1039:5,Refused,a type predicate whose return is not proven (return expression is not a trusted check on node),isJSDocLink,01a1143b-d691,predicate/assertion body proof; owner 01a1143b-d691,"/workspace/stage3-latent-full-adapted/src/compiler/factory/nodeTests.ts:1039:5: Adamic 0.1 refuses a type predicate whose return is not proven (return expression is not a trusted check on node); inline the check where you use it, or return a discriminant comparison on the unmodified parameter (adamic/no-type-predicate)"
src/compiler/factory/nodeTests.ts,/workspace/stage3-latent-full-adapted/src/compiler/factory/nodeTests.ts:1043:5,Refused,a type predicate whose return is not proven (return expression is not a trusted check on node),isJSDocLinkCode,01a1143b-d691,predicate/assertion body proof; owner 01a1143b-d691,"/workspace/stage3-latent-full-adapted/src/compiler/factory/nodeTests.ts:1043:5: Adamic 0.1 refuses a type predicate whose return is not proven (return expression is not a trusted check on node); inline the check where you use it, or return a discriminant comparison on the unmodified parameter (adamic/no-type-predicate)"
src/compiler/factory/nodeTests.ts,/workspace/stage3-latent-full-adapted/src/compiler/factory/nodeTests.ts:1047:5,Refused,a type predicate whose return is not proven (return expression is not a trusted check on node),isJSDocLinkPlain,01a1143b-d691,predicate/assertion body proof; owner 01a1143b-d691,"/workspace/stage3-latent-full-adapted/src/compiler/factory/nodeTests.ts:1047:5: Adamic 0.1 refuses a type predicate whose return is not proven (return expression is not a trusted check on node); inline the check where you use it, or return a discriminant comparison on the unmodified parameter (adamic/no-type-predicate)"
src/compiler/factory/nodeTests.ts,/workspace/stage3-latent-full-adapted/src/compiler/factory/nodeTests.ts:1051:5,Refused,a type predicate whose return is not proven (return expression is not a trusted check on node),isJSDocAllType,01a1143b-d691,predicate/assertion body proof; owner 01a1143b-d691,"/workspace/stage3-latent-full-adapted/src/compiler/factory/nodeTests.ts:1051:5: Adamic 0.1 refuses a type predicate whose return is not proven (return expression is not a trusted check on node); inline the check where you use it, or return a discriminant comparison on the unmodified parameter (adamic/no-type-predicate)"
src/compiler/factory/nodeTests.ts,/workspace/stage3-latent-full-adapted/src/compiler/factory/nodeTests.ts:1055:5,Refused,a type predicate whose return is not proven (return expression is not a trusted check on node),isJSDocUnknownType,01a1143b-d691,predicate/assertion body proof; owner 01a1143b-d691,"/workspace/stage3-latent-full-adapted/src/compiler/factory/nodeTests.ts:1055:5: Adamic 0.1 refuses a type predicate whose return is not proven (return expression is not a trusted check on node); inline the check where you use it, or return a discriminant comparison on the unmodified parameter (adamic/no-type-predicate)"
src/compiler/factory/nodeTests.ts,/workspace/stage3-latent-full-adapted/src/compiler/factory/nodeTests.ts:1059:5,Refused,a type predicate whose return is not proven (return expression is not a trusted check on node),isJSDocNullableType,01a1143b-d691,predicate/assertion body proof; owner 01a1143b-d691,"/workspace/stage3-latent-full-adapted/src/compiler/factory/nodeTests.ts:1059:5: Adamic 0.1 refuses a type predicate whose return is not proven (return expression is not a trusted check on node); inline the check where you use it, or return a discriminant comparison on the unmodified parameter (adamic/no-type-predicate)"
src/compiler/factory/nodeTests.ts,/workspace/stage3-latent-full-adapted/src/compiler/factory/nodeTests.ts:1063:5,Refused,a type predicate whose return is not proven (return expression is not a trusted check on node),isJSDocNonNullableType,01a1143b-d691,predicate/assertion body proof; owner 01a1143b-d691,"/workspace/stage3-latent-full-adapted/src/compiler/factory/nodeTests.ts:1063:5: Adamic 0.1 refuses a type predicate whose return is not proven (return expression is not a trusted check on node); inline the check where you use it, or return a discriminant comparison on the unmodified parameter (adamic/no-type-predicate)"
src/compiler/factory/nodeTests.ts,/workspace/stage3-latent-full-adapted/src/compiler/factory/nodeTests.ts:1067:5,Refused,a type predicate whose return is not proven (return expression is not a trusted check on node),isJSDocOptionalType,01a1143b-d691,predicate/assertion body proof; owner 01a1143b-d691,"/workspace/stage3-latent-full-adapted/src/compiler/factory/nodeTests.ts:1067:5: Adamic 0.1 refuses a type predicate whose return is not proven (return expression is not a trusted check on node); inline the check where you use it, or return a discriminant comparison on the unmodified parameter (adamic/no-type-predicate)"
src/compiler/factory/nodeTests.ts,/workspace/stage3-latent-full-adapted/src/compiler/factory/nodeTests.ts:1071:5,Refused,a type predicate whose return is not proven (return expression is not a trusted check on node),isJSDocFunctionType,01a1143b-d691,predicate/assertion body proof; owner 01a1143b-d691,"/workspace/stage3-latent-full-adapted/src/compiler/factory/nodeTests.ts:1071:5: Adamic 0.1 refuses a type predicate whose return is not proven (return expression is not a trusted check on node); inline the check where you use it, or return a discriminant comparison on the unmodified parameter (adamic/no-type-predicate)"
src/compiler/factory/nodeTests.ts,/workspace/stage3-latent-full-adapted/src/compiler/factory/nodeTests.ts:1075:5,Refused,a type predicate whose return is not proven (return expression is not a trusted check on node),isJSDocVariadicType,01a1143b-d691,predicate/assertion body proof; owner 01a1143b-d691,"/workspace/stage3-latent-full-adapted/src/compiler/factory/nodeTests.ts:1075:5: Adamic 0.1 refuses a type predicate whose return is not proven (return expression is not a trusted check on node); inline the check where you use it, or return a discriminant comparison on the unmodified parameter (adamic/no-type-predicate)"
src/compiler/factory/nodeTests.ts,/workspace/stage3-latent-full-adapted/src/compiler/factory/nodeTests.ts:1079:5,Refused,a type predicate whose return is not proven (return expression is not a trusted check on node),isJSDocNamepathType,01a1143b-d691,predicate/assertion body proof; owner 01a1143b-d691,"/workspace/stage3-latent-full-adapted/src/compiler/factory/nodeTests.ts:1079:5: Adamic 0.1 refuses a type predicate whose return is not proven (return expression is not a trusted check on node); inline the check where you use it, or return a discriminant comparison on the unmodified parameter (adamic/no-type-predicate)"
src/compiler/factory/nodeTests.ts,/workspace/stage3-latent-full-adapted/src/compiler/factory/nodeTests.ts:1083:5,Refused,a type predicate whose return is not proven (return expression is not a trusted check on node),isJSDoc,01a1143b-d691,predicate/assertion body proof; owner 01a1143b-d691,"/workspace/stage3-latent-full-adapted/src/compiler/factory/nodeTests.ts:1083:5: Adamic 0.1 refuses a type predicate whose return is not proven (return expression is not a trusted check on node); inline the check where you use it, or return a discriminant comparison on the unmodified parameter (adamic/no-type-predicate)"
src/compiler/factory/nodeTests.ts,/workspace/stage3-latent-full-adapted/src/compiler/factory/nodeTests.ts:1087:5,Refused,a type predicate whose return is not proven (return expression is not a trusted check on node),isJSDocTypeLiteral,01a1143b-d691,predicate/assertion body proof; owner 01a1143b-d691,"/workspace/stage3-latent-full-adapted/src/compiler/factory/nodeTests.ts:1087:5: Adamic 0.1 refuses a type predicate whose return is not proven (return expression is not a trusted check on node); inline the check where you use it, or return a discriminant comparison on the unmodified parameter (adamic/no-type-predicate)"
src/compiler/factory/nodeTests.ts,/workspace/stage3-latent-full-adapted/src/compiler/factory/nodeTests.ts:1091:5,Refused,a type predicate whose return is not proven (return expression is not a trusted check on node),isJSDocSignature,01a1143b-d691,predicate/assertion body proof; owner 01a1143b-d691,"/workspace/stage3-latent-full-adapted/src/compiler/factory/nodeTests.ts:1091:5: Adamic 0.1 refuses a type predicate whose return is not proven (return expression is not a trusted check on node); inline the check where you use it, or return a discriminant comparison on the unmodified parameter (adamic/no-type-predicate)"
src/compiler/factory/nodeTests.ts,/workspace/stage3-latent-full-adapted/src/compiler/factory/nodeTests.ts:1097:5,Refused,a type predicate whose return is not proven (return expression is not a trusted check on node),isJSDocAugmentsTag,01a1143b-d691,predicate/assertion body proof; owner 01a1143b-d691,"/workspace/stage3-latent-full-adapted/src/compiler/factory/nodeTests.ts:1097:5: Adamic 0.1 refuses a type predicate whose return is not proven (return expression is not a trusted check on node); inline the check where you use it, or return a discriminant comparison on the unmodified parameter (adamic/no-type-predicate)"
src/compiler/factory/nodeTests.ts,/workspace/stage3-latent-full-adapted/src/compiler/factory/nodeTests.ts:1101:5,Refused,a type predicate whose return is not proven (return expression is not a trusted check on node),isJSDocAuthorTag,01a1143b-d691,predicate/assertion body proof; owner 01a1143b-d691,"/workspace/stage3-latent-full-adapted/src/compiler/factory/nodeTests.ts:1101:5: Adamic 0.1 refuses a type predicate whose return is not proven (return expression is not a trusted check on node); inline the check where you use it, or return a discriminant comparison on the unmodified parameter (adamic/no-type-predicate)"
src/compiler/factory/nodeTests.ts,/workspace/stage3-latent-full-adapted/src/compiler/factory/nodeTests.ts:1105:5,Refused,a type predicate whose return is not proven (return expression is not a trusted check on node),isJSDocClassTag,01a1143b-d691,predicate/assertion body proof; owner 01a1143b-d691,"/workspace/stage3-latent-full-adapted/src/compiler/factory/nodeTests.ts:1105:5: Adamic 0.1 refuses a type predicate whose return is not proven (return expression is not a trusted check on node); inline the check where you use it, or return a discriminant comparison on the unmodified parameter (adamic/no-type-predicate)"
src/compiler/factory/nodeTests.ts,/workspace/stage3-latent-full-adapted/src/compiler/factory/nodeTests.ts:1109:5,Refused,a type predicate whose return is not proven (return expression is not a trusted check on node),isJSDocCallbackTag,01a1143b-d691,predicate/assertion body proof; owner 01a1143b-d691,"/workspace/stage3-latent-full-adapted/src/compiler/factory/nodeTests.ts:1109:5: Adamic 0.1 refuses a type predicate whose return is not proven (return expression is not a trusted check on node); inline the check where you use it, or return a discriminant comparison on the unmodified parameter (adamic/no-type-predicate)"
src/compiler/factory/nodeTests.ts,/workspace/stage3-latent-full-adapted/src/compiler/factory/nodeTests.ts:1113:5,Refused,a type predicate whose return is not proven (return expression is not a trusted check on node),isJSDocPublicTag,01a1143b-d691,predicate/assertion body proof; owner 01a1143b-d691,"/workspace/stage3-latent-full-adapted/src/compiler/factory/nodeTests.ts:1113:5: Adamic 0.1 refuses a type predicate whose return is not proven (return expression is not a trusted check on node); inline the check where you use it, or return a discriminant comparison on the unmodified parameter (adamic/no-type-predicate)"
src/compiler/factory/nodeTests.ts,/workspace/stage3-latent-full-adapted/src/compiler/factory/nodeTests.ts:1117:5,Refused,a type predicate whose return is not proven (return expression is not a trusted check on node),isJSDocPrivateTag,01a1143b-d691,predicate/assertion body proof; owner 01a1143b-d691,"/workspace/stage3-latent-full-adapted/src/compiler/factory/nodeTests.ts:1117:5: Adamic 0.1 refuses a type predicate whose return is not proven (return expression is not a trusted check on node); inline the check where you use it, or return a discriminant comparison on the unmodified parameter (adamic/no-type-predicate)"
src/compiler/factory/nodeTests.ts,/workspace/stage3-latent-full-adapted/src/compiler/factory/nodeTests.ts:1121:5,Refused,a type predicate whose return is not proven (return expression is not a trusted check on node),isJSDocProtectedTag,01a1143b-d691,predicate/assertion body proof; owner 01a1143b-d691,"/workspace/stage3-latent-full-adapted/src/compiler/factory/nodeTests.ts:1121:5: Adamic 0.1 refuses a type predicate whose return is not proven (return expression is not a trusted check on node); inline the check where you use it, or return a discriminant comparison on the unmodified parameter (adamic/no-type-predicate)"
src/compiler/factory/nodeTests.ts,/workspace/stage3-latent-full-adapted/src/compiler/factory/nodeTests.ts:1125:5,Refused,a type predicate whose return is not proven (return expression is not a trusted check on node),isJSDocReadonlyTag,01a1143b-d691,predicate/assertion body proof; owner 01a1143b-d691,"/workspace/stage3-latent-full-adapted/src/compiler/factory/nodeTests.ts:1125:5: Adamic 0.1 refuses a type predicate whose return is not proven (return expression is not a trusted check on node); inline the check where you use it, or return a discriminant comparison on the unmodified parameter (adamic/no-type-predicate)"
src/compiler/factory/nodeTests.ts,/workspace/stage3-latent-full-adapted/src/compiler/factory/nodeTests.ts:1129:5,Refused,a type predicate whose return is not proven (return expression is not a trusted check on node),isJSDocOverrideTag,01a1143b-d691,predicate/assertion body proof; owner 01a1143b-d691,"/workspace/stage3-latent-full-adapted/src/compiler/factory/nodeTests.ts:1129:5: Adamic 0.1 refuses a type predicate whose return is not proven (return expression is not a trusted check on node); inline the check where you use it, or return a discriminant comparison on the unmodified parameter (adamic/no-type-predicate)"
src/compiler/factory/nodeTests.ts,/workspace/stage3-latent-full-adapted/src/compiler/factory/nodeTests.ts:1133:5,Refused,a type predicate whose return is not proven (return expression is not a trusted check on node),isJSDocOverloadTag,01a1143b-d691,predicate/assertion body proof; owner 01a1143b-d691,"/workspace/stage3-latent-full-adapted/src/compiler/factory/nodeTests.ts:1133:5: Adamic 0.1 refuses a type predicate whose return is not proven (return expression is not a trusted check on node); inline the check where you use it, or return a discriminant comparison on the unmodified parameter (adamic/no-type-predicate)"
src/compiler/factory/nodeTests.ts,/workspace/stage3-latent-full-adapted/src/compiler/factory/nodeTests.ts:1137:5,Refused,a type predicate whose return is not proven (return expression is not a trusted check on node),isJSDocDeprecatedTag,01a1143b-d691,predicate/assertion body proof; owner 01a1143b-d691,"/workspace/stage3-latent-full-adapted/src/compiler/factory/nodeTests.ts:1137:5: Adamic 0.1 refuses a type predicate whose return is not proven (return expression is not a trusted check on node); inline the check where you use it, or return a discriminant comparison on the unmodified parameter (adamic/no-type-predicate)"
src/compiler/factory/nodeTests.ts,/workspace/stage3-latent-full-adapted/src/compiler/factory/nodeTests.ts:1141:5,Refused,a type predicate whose return is not proven (return expression is not a trusted check on node),isJSDocSeeTag,01a1143b-d691,predicate/assertion body proof; owner 01a1143b-d691,"/workspace/stage3-latent-full-adapted/src/compiler/factory/nodeTests.ts:1141:5: Adamic 0.1 refuses a type predicate whose return is not proven (return expression is not a trusted check on node); inline the check where you use it, or return a discriminant comparison on the unmodified parameter (adamic/no-type-predicate)"
src/compiler/factory/nodeTests.ts,/workspace/stage3-latent-full-adapted/src/compiler/factory/nodeTests.ts:1145:5,Refused,a type predicate whose return is not proven (return expression is not a trusted check on node),isJSDocEnumTag,01a1143b-d691,predicate/assertion body proof; owner 01a1143b-d691,"/workspace/stage3-latent-full-adapted/src/compiler/factory/nodeTests.ts:1145:5: Adamic 0.1 refuses a type predicate whose return is not proven (return expression is not a trusted check on node); inline the check where you use it, or return a discriminant comparison on the unmodified parameter (adamic/no-type-predicate)"
src/compiler/factory/nodeTests.ts,/workspace/stage3-latent-full-adapted/src/compiler/factory/nodeTests.ts:1149:5,Refused,a type predicate whose return is not proven (return expression is not a trusted check on node),isJSDocParameterTag,01a1143b-d691,predicate/assertion body proof; owner 01a1143b-d691,"/workspace/stage3-latent-full-adapted/src/compiler/factory/nodeTests.ts:1149:5: Adamic 0.1 refuses a type predicate whose return is not proven (return expression is not a trusted check on node); inline the check where you use it, or return a discriminant comparison on the unmodified parameter (adamic/no-type-predicate)"
src/compiler/factory/nodeTests.ts,/workspace/stage3-latent-full-adapted/src/compiler/factory/nodeTests.ts:1153:5,Refused,a type predicate whose return is not proven (return expression is not a trusted check on node),isJSDocReturnTag,01a1143b-d691,predicate/assertion body proof; owner 01a1143b-d691,"/workspace/stage3-latent-full-adapted/src/compiler/factory/nodeTests.ts:1153:5: Adamic 0.1 refuses a type predicate whose return is not proven (return expression is not a trusted check on node); inline the check where you use it, or return a discriminant comparison on the unmodified parameter (adamic/no-type-predicate)"
src/compiler/factory/nodeTests.ts,/workspace/stage3-latent-full-adapted/src/compiler/factory/nodeTests.ts:1157:5,Refused,a type predicate whose return is not proven (return expression is not a trusted check on node),isJSDocThisTag,01a1143b-d691,predicate/assertion body proof; owner 01a1143b-d691,"/workspace/stage3-latent-full-adapted/src/compiler/factory/nodeTests.ts:1157:5: Adamic 0.1 refuses a type predicate whose return is not proven (return expression is not a trusted check on node); inline the check where you use it, or return a discriminant comparison on the unmodified parameter (adamic/no-type-predicate)"
src/compiler/factory/nodeTests.ts,/workspace/stage3-latent-full-adapted/src/compiler/factory/nodeTests.ts:1161:5,Refused,a type predicate whose return is not proven (return expression is not a trusted check on node),isJSDocTypeTag,01a1143b-d691,predicate/assertion body proof; owner 01a1143b-d691,"/workspace/stage3-latent-full-adapted/src/compiler/factory/nodeTests.ts:1161:5: Adamic 0.1 refuses a type predicate whose return is not proven (return expression is not a trusted check on node); inline the check where you use it, or return a discriminant comparison on the unmodified parameter (adamic/no-type-predicate)"
src/compiler/factory/nodeTests.ts,/workspace/stage3-latent-full-adapted/src/compiler/factory/nodeTests.ts:1165:5,Refused,a type predicate whose return is not proven (return expression is not a trusted check on node),isJSDocTemplateTag,01a1143b-d691,predicate/assertion body proof; owner 01a1143b-d691,"/workspace/stage3-latent-full-adapted/src/compiler/factory/nodeTests.ts:1165:5: Adamic 0.1 refuses a type predicate whose return is not proven (return expression is not a trusted check on node); inline the check where you use it, or return a discriminant comparison on the unmodified parameter (adamic/no-type-predicate)"
src/compiler/factory/nodeTests.ts,/workspace/stage3-latent-full-adapted/src/compiler/factory/nodeTests.ts:1169:5,Refused,a type predicate whose return is not proven (return expression is not a trusted check on node),isJSDocTypedefTag,01a1143b-d691,predicate/assertion body proof; owner 01a1143b-d691,"/workspace/stage3-latent-full-adapted/src/compiler/factory/nodeTests.ts:1169:5: Adamic 0.1 refuses a type predicate whose return is not proven (return expression is not a trusted check on node); inline the check where you use it, or return a discriminant comparison on the unmodified parameter (adamic/no-type-predicate)"
src/compiler/factory/nodeTests.ts,/workspace/stage3-latent-full-adapted/src/compiler/factory/nodeTests.ts:1173:5,Refused,a type predicate whose return is not proven (return expression is not a trusted check on node),isJSDocUnknownTag,01a1143b-d691,predicate/assertion body proof; owner 01a1143b-d691,"/workspace/stage3-latent-full-adapted/src/compiler/factory/nodeTests.ts:1173:5: Adamic 0.1 refuses a type predicate whose return is not proven (return expression is not a trusted check on node); inline the check where you use it, or return a discriminant comparison on the unmodified parameter (adamic/no-type-predicate)"
src/compiler/factory/nodeTests.ts,/workspace/stage3-latent-full-adapted/src/compiler/factory/nodeTests.ts:1177:5,Refused,a type predicate whose return is not proven (return expression is not a trusted check on node),isJSDocPropertyTag,01a1143b-d691,predicate/assertion body proof; owner 01a1143b-d691,"/workspace/stage3-latent-full-adapted/src/compiler/factory/nodeTests.ts:1177:5: Adamic 0.1 refuses a type predicate whose return is not proven (return expression is not a trusted check on node); inline the check where you use it, or return a discriminant comparison on the unmodified parameter (adamic/no-type-predicate)"
src/compiler/factory/nodeTests.ts,/workspace/stage3-latent-full-adapted/src/compiler/factory/nodeTests.ts:1181:5,Refused,a type predicate whose return is not proven (return expression is not a trusted check on node),isJSDocImplementsTag,01a1143b-d691,predicate/assertion body proof; owner 01a1143b-d691,"/workspace/stage3-latent-full-adapted/src/compiler/factory/nodeTests.ts:1181:5: Adamic 0.1 refuses a type predicate whose return is not proven (return expression is not a trusted check on node); inline the check where you use it, or return a discriminant comparison on the unmodified parameter (adamic/no-type-predicate)"
src/compiler/factory/nodeTests.ts,/workspace/stage3-latent-full-adapted/src/compiler/factory/nodeTests.ts:1185:5,Refused,a type predicate whose return is not proven (return expression is not a trusted check on node),isJSDocSatisfiesTag,01a1143b-d691,predicate/assertion body proof; owner 01a1143b-d691,"/workspace/stage3-latent-full-adapted/src/compiler/factory/nodeTests.ts:1185:5: Adamic 0.1 refuses a type predicate whose return is not proven (return expression is not a trusted check on node); inline the check where you use it, or return a discriminant comparison on the unmodified parameter (adamic/no-type-predicate)"
src/compiler/factory/nodeTests.ts,/workspace/stage3-latent-full-adapted/src/compiler/factory/nodeTests.ts:1189:5,Refused,a type predicate whose return is not proven (return expression is not a trusted check on node),isJSDocThrowsTag,01a1143b-d691,predicate/assertion body proof; owner 01a1143b-d691,"/workspace/stage3-latent-full-adapted/src/compiler/factory/nodeTests.ts:1189:5: Adamic 0.1 refuses a type predicate whose return is not proven (return expression is not a trusted check on node); inline the check where you use it, or return a discriminant comparison on the unmodified parameter (adamic/no-type-predicate)"
src/compiler/factory/nodeTests.ts,/workspace/stage3-latent-full-adapted/src/compiler/factory/nodeTests.ts:1193:5,Refused,a type predicate whose return is not proven (return expression is not a trusted check on node),isJSDocImportTag,01a1143b-d691,predicate/assertion body proof; owner 01a1143b-d691,"/workspace/stage3-latent-full-adapted/src/compiler/factory/nodeTests.ts:1193:5: Adamic 0.1 refuses a type predicate whose return is not proven (return expression is not a trusted check on node); inline the check where you use it, or return a discriminant comparison on the unmodified parameter (adamic/no-type-predicate)"
src/compiler/parser.ts,/workspace/stage3-latent-full-adapted/src/compiler/parser.ts:1854:40,Refused,"optional property jsDocCache in JSDocArray absent from structural source JSDoc[], which can hide fields",withJSDoc,OWNER BLANK,wall step not recorded; owner OWNER BLANK,"/workspace/stage3-latent-full-adapted/src/compiler/parser.ts:1854:40: Adamic 0.1 refuses optional property jsDocCache in JSDocArray absent from structural source JSDoc[], which can hide fields; declare jsDocCache on the source type, or build a fresh object with known fields (adamic/no-optional-widening)"
src/compiler/parser.ts,/workspace/stage3-latent-full-adapted/src/compiler/parser.ts:1857:14,Refused,"a value of type T seen as Mutable<T>, whose readonly field pos becomes writable: a readonly field may hold something narrower than number, which a write of any would replace",withJSDoc,"adaptation 70, stage 3",checked-cast/type-shape wall (#b5w3ycg); step09 scout,"/workspace/stage3-latent-full-adapted/src/compiler/parser.ts:1857:14: Adamic 0.1 refuses a value of type T seen as Mutable<T>, whose readonly field pos becomes writable: a readonly field may hold something narrower than number, which a write of any would replace; keep pos readonly in the type it's seen as, or copy the value ({ ...value }) (adamic/invariant-mutable); use a proven upcast, cast a discriminated object union with unique literal or enum tags to members or a sub-union, or downcast along nominal class ancestry (adamic/no-unchecked-cast)"
src/compiler/parser.ts,/workspace/stage3-latent-full-adapted/src/compiler/parser.ts:2564:16,Refused,a cast the runtime can't check,parseTokenNodeJSDoc,01a11410,checked-cast/type-shape wall (#b5w3ycg); step09 scout,"/workspace/stage3-latent-full-adapted/src/compiler/parser.ts:2564:16: Adamic 0.1 refuses a cast the runtime can't check; use a proven upcast, cast a discriminated object union with unique literal or enum tags to members or a sub-union, or downcast along nominal class ancestry (adamic/no-unchecked-cast)"
src/compiler/parser.ts,/workspace/stage3-latent-full-adapted/src/compiler/parser.ts:3901:17,Refused,the non-null assertion !,parseJSDocParameter,01a1130a,non-null/default proof; owner 01a1130a,"/workspace/stage3-latent-full-adapted/src/compiler/parser.ts:3901:17: Adamic 0.1 refuses the non-null assertion !; write ?? panic('why it can't be missing'), or narrow and handle the missing case"
src/compiler/parser.ts,/workspace/stage3-latent-full-adapted/src/compiler/parser.ts:3915:72,Refused,the non-null assertion !,parseJSDocType,01a1130a,non-null/default proof; owner 01a1130a,"/workspace/stage3-latent-full-adapted/src/compiler/parser.ts:3915:72: Adamic 0.1 refuses the non-null assertion !; write ?? panic('why it can't be missing'), or narrow and handle the missing case"
src/compiler/parser.ts,/workspace/stage3-latent-full-adapted/src/compiler/parser.ts:8845:32,Refused,a cast the runtime can't check,parseIsolatedJSDocComment,01a11410,checked-cast/type-shape wall (#b5w3ycg); step09 scout,"/workspace/stage3-latent-full-adapted/src/compiler/parser.ts:8845:32: Adamic 0.1 refuses a cast the runtime can't check; use a proven upcast, cast a discriminated object union with unique literal or enum tags to members or a sub-union, or downcast along nominal class ancestry (adamic/no-unchecked-cast)"
src/compiler/parser.ts,/workspace/stage3-latent-full-adapted/src/compiler/parser.ts:9032:37,Refused,the non-null assertion !,removeTrailingWhitespace,01a1130a,non-null/default proof; owner 01a1130a,"/workspace/stage3-latent-full-adapted/src/compiler/parser.ts:9032:37: Adamic 0.1 refuses the non-null assertion !; write ?? panic('why it can't be missing'), or narrow and handle the missing case"
src/compiler/parser.ts,/workspace/stage3-latent-full-adapted/src/compiler/parser.ts:9036:47,Refused,the non-null assertion !,removeTrailingWhitespace,01a1130a,non-null/default proof; owner 01a1130a,"/workspace/stage3-latent-full-adapted/src/compiler/parser.ts:9036:47: Adamic 0.1 refuses the non-null assertion !; write ?? panic('why it can't be missing'), or narrow and handle the missing case"
src/compiler/parser.ts,/workspace/stage3-latent-full-adapted/src/compiler/parser.ts:9117:53,Refused,"a method read as a value (createJSDocClassTag would lose its object, and this with it)",parseTag,OWNER BLANK,wall step not recorded; owner OWNER BLANK,"/workspace/stage3-latent-full-adapted/src/compiler/parser.ts:9117:53: Adamic 0.1 refuses a method read as a value (createJSDocClassTag would lose its object, and this with it); call it in an arrow that keeps the object: (tagName, comment) => factory.createJSDocClassTag(tagName, comment) (unbound-method)"
src/compiler/parser.ts,/workspace/stage3-latent-full-adapted/src/compiler/parser.ts:9120:53,Refused,"a method read as a value (createJSDocPublicTag would lose its object, and this with it)",parseTag,OWNER BLANK,wall step not recorded; owner OWNER BLANK,"/workspace/stage3-latent-full-adapted/src/compiler/parser.ts:9120:53: Adamic 0.1 refuses a method read as a value (createJSDocPublicTag would lose its object, and this with it); call it in an arrow that keeps the object: (tagName, comment) => factory.createJSDocPublicTag(tagName, comment) (unbound-method)"
src/compiler/parser.ts,/workspace/stage3-latent-full-adapted/src/compiler/parser.ts:9123:53,Refused,"a method read as a value (createJSDocPrivateTag would lose its object, and this with it)",parseTag,OWNER BLANK,wall step not recorded; owner OWNER BLANK,"/workspace/stage3-latent-full-adapted/src/compiler/parser.ts:9123:53: Adamic 0.1 refuses a method read as a value (createJSDocPrivateTag would lose its object, and this with it); call it in an arrow that keeps the object: (tagName, comment) => factory.createJSDocPrivateTag(tagName, comment) (unbound-method)"
src/compiler/parser.ts,/workspace/stage3-latent-full-adapted/src/compiler/parser.ts:9126:53,Refused,"a method read as a value (createJSDocProtectedTag would lose its object, and this with it)",parseTag,OWNER BLANK,wall step not recorded; owner OWNER BLANK,"/workspace/stage3-latent-full-adapted/src/compiler/parser.ts:9126:53: Adamic 0.1 refuses a method read as a value (createJSDocProtectedTag would lose its object, and this with it); call it in an arrow that keeps the object: (tagName, comment) => factory.createJSDocProtectedTag(tagName, comment) (unbound-method)"
src/compiler/parser.ts,/workspace/stage3-latent-full-adapted/src/compiler/parser.ts:9129:53,Refused,"a method read as a value (createJSDocReadonlyTag would lose its object, and this with it)",parseTag,OWNER BLANK,wall step not recorded; owner OWNER BLANK,"/workspace/stage3-latent-full-adapted/src/compiler/parser.ts:9129:53: Adamic 0.1 refuses a method read as a value (createJSDocReadonlyTag would lose its object, and this with it); call it in an arrow that keeps the object: (tagName, comment) => factory.createJSDocReadonlyTag(tagName, comment) (unbound-method)"
src/compiler/parser.ts,/workspace/stage3-latent-full-adapted/src/compiler/parser.ts:9132:53,Refused,"a method read as a value (createJSDocOverrideTag would lose its object, and this with it)",parseTag,OWNER BLANK,wall step not recorded; owner OWNER BLANK,"/workspace/stage3-latent-full-adapted/src/compiler/parser.ts:9132:53: Adamic 0.1 refuses a method read as a value (createJSDocOverrideTag would lose its object, and this with it); call it in an arrow that keeps the object: (tagName, comment) => factory.createJSDocOverrideTag(tagName, comment) (unbound-method)"
src/compiler/parser.ts,/workspace/stage3-latent-full-adapted/src/compiler/parser.ts:9136:53,Refused,"a method read as a value (createJSDocDeprecatedTag would lose its object, and this with it)",parseTag,OWNER BLANK,wall step not recorded; owner OWNER BLANK,"/workspace/stage3-latent-full-adapted/src/compiler/parser.ts:9136:53: Adamic 0.1 refuses a method read as a value (createJSDocDeprecatedTag would lose its object, and this with it); call it in an arrow that keeps the object: (tagName, comment) => factory.createJSDocDeprecatedTag(tagName, comment) (unbound-method)"
src/compiler/parser.ts,/workspace/stage3-latent-full-adapted/src/compiler/parser.ts:9216:27,Refused,a cast the runtime can't check,parseTagComments,01a11410,checked-cast/type-shape wall (#b5w3ycg); step09 scout,"/workspace/stage3-latent-full-adapted/src/compiler/parser.ts:9216:27: Adamic 0.1 refuses a cast the runtime can't check; use a proven upcast, cast a discriminated object union with unique literal or enum tags to members or a sub-union, or downcast along nominal class ancestry (adamic/no-unchecked-cast)"
src/compiler/parser.ts,/workspace/stage3-latent-full-adapted/src/compiler/parser.ts:9322:54,Refused,"a method read as a value (createJSDocLink would lose its object, and this with it)",parseJSDocLink,OWNER BLANK,wall step not recorded; owner OWNER BLANK,"/workspace/stage3-latent-full-adapted/src/compiler/parser.ts:9322:54: Adamic 0.1 refuses a method read as a value (createJSDocLink would lose its object, and this with it); call it in an arrow that keeps the object: (name, text) => factory.createJSDocLink(name, text) (unbound-method)"
src/compiler/parser.ts,/workspace/stage3-latent-full-adapted/src/compiler/parser.ts:9323:49,Refused,"a method read as a value (createJSDocLinkCode would lose its object, and this with it)",parseJSDocLink,OWNER BLANK,wall step not recorded; owner OWNER BLANK,"/workspace/stage3-latent-full-adapted/src/compiler/parser.ts:9323:49: Adamic 0.1 refuses a method read as a value (createJSDocLinkCode would lose its object, and this with it); call it in an arrow that keeps the object: (name, text) => factory.createJSDocLinkCode(name, text) (unbound-method)"
src/compiler/parser.ts,/workspace/stage3-latent-full-adapted/src/compiler/parser.ts:9324:23,Refused,"a method read as a value (createJSDocLinkPlain would lose its object, and this with it)",parseJSDocLink,OWNER BLANK,wall step not recorded; owner OWNER BLANK,"/workspace/stage3-latent-full-adapted/src/compiler/parser.ts:9324:23: Adamic 0.1 refuses a method read as a value (createJSDocLinkPlain would lose its object, and this with it); call it in an arrow that keeps the object: (name, text) => factory.createJSDocLinkPlain(name, text) (unbound-method)"
src/compiler/parser.ts,/workspace/stage3-latent-full-adapted/src/compiler/parser.ts:9415:68,Refused,a cast the runtime can't check,isObjectOrObjectArrayTypeReference,01a11410,checked-cast/type-shape wall (#b5w3ycg); step09 scout,"/workspace/stage3-latent-full-adapted/src/compiler/parser.ts:9415:68: Adamic 0.1 refuses a cast the runtime can't check; use a proven upcast, cast a discriminated object union with unique literal or enum tags to members or a sub-union, or downcast along nominal class ancestry (adamic/no-unchecked-cast)"
src/compiler/parser.ts,/workspace/stage3-latent-full-adapted/src/compiler/parser.ts:9417:96,Refused,an object refinement using an open numeric enum as a literal tag,isObjectOrObjectArrayTypeReference,OWNER BLANK,checked-cast/type-shape wall (#b5w3ycg); step09 scout,"/workspace/stage3-latent-full-adapted/src/compiler/parser.ts:9417:96: Adamic 0.1 refuses an object refinement using an open numeric enum as a literal tag; use a member-specific tag from a multi-member enum, a string enum, or a plain literal tag (adamic/enum-tag)"
src/compiler/parser.ts,/workspace/stage3-latent-full-adapted/src/compiler/parser.ts:9417:101,Refused,an object refinement using an open numeric enum as a literal tag,isObjectOrObjectArrayTypeReference,OWNER BLANK,checked-cast/type-shape wall (#b5w3ycg); step09 scout,"/workspace/stage3-latent-full-adapted/src/compiler/parser.ts:9417:101: Adamic 0.1 refuses an object refinement using an open numeric enum as a literal tag; use a member-specific tag from a multi-member enum, a string enum, or a plain literal tag (adamic/enum-tag)"
src/compiler/parser.ts,/workspace/stage3-latent-full-adapted/src/compiler/parser.ts:9453:57,Refused,an object refinement using an open numeric enum as a literal tag,parseNestedTypeLiteral,OWNER BLANK,checked-cast/type-shape wall (#b5w3ycg); step09 scout,"/workspace/stage3-latent-full-adapted/src/compiler/parser.ts:9453:57: Adamic 0.1 refuses an object refinement using an open numeric enum as a literal tag; use a member-specific tag from a multi-member enum, a string enum, or a plain literal tag (adamic/enum-tag)"
src/compiler/parser.ts,/workspace/stage3-latent-full-adapted/src/compiler/parser.ts:9508:39,Refused,a cast the runtime can't check,parseAuthorTag,01a11410,checked-cast/type-shape wall (#b5w3ycg); step09 scout,"/workspace/stage3-latent-full-adapted/src/compiler/parser.ts:9508:39: Adamic 0.1 refuses a cast the runtime can't check; use a proven upcast, cast a discriminated object union with unique literal or enum tags to members or a sub-union, or downcast along nominal class ancestry (adamic/no-unchecked-cast)"
src/compiler/parser.ts,/workspace/stage3-latent-full-adapted/src/compiler/parser.ts:9575:30,Refused,a cast the runtime can't check,parseExpressionWithTypeArgumentsForAugments,01a11410,checked-cast/type-shape wall (#b5w3ycg); step09 scout,"/workspace/stage3-latent-full-adapted/src/compiler/parser.ts:9575:30: Adamic 0.1 refuses a cast the runtime can't check; use a proven upcast, cast a discriminated object union with unique literal or enum tags to members or a sub-union, or downcast along nominal class ancestry (adamic/no-unchecked-cast)"
src/compiler/parser.ts,/workspace/stage3-latent-full-adapted/src/compiler/parser.ts:9589:28,Refused,a cast the runtime can't check,parsePropertyAccessEntityNameExpression,01a11410,checked-cast/type-shape wall (#b5w3ycg); step09 scout,"/workspace/stage3-latent-full-adapted/src/compiler/parser.ts:9589:28: Adamic 0.1 refuses a cast the runtime can't check; use a proven upcast, cast a discriminated object union with unique literal or enum tags to members or a sub-union, or downcast along nominal class ancestry (adamic/no-unchecked-cast)"
src/compiler/parser.ts,/workspace/stage3-latent-full-adapted/src/compiler/parser.ts:9619:75,Refused,an object refinement using an open numeric enum as a literal tag,parseTypedefTag,OWNER BLANK,checked-cast/type-shape wall (#b5w3ycg); step09 scout,"/workspace/stage3-latent-full-adapted/src/compiler/parser.ts:9619:75: Adamic 0.1 refuses an object refinement using an open numeric enum as a literal tag; use a member-specific tag from a multi-member enum, a string enum, or a plain literal tag (adamic/enum-tag)"
src/compiler/parser.ts,/workspace/stage3-latent-full-adapted/src/compiler/parser.ts:9633:63,Refused,"a value of type DiagnosticWithDetachedLocation seen as DiagnosticRelatedInformation, which can write SourceFile | undefined where undefined is read",parseTypedefTag,"adaptation 70, stage 3",checked-cast/type-shape wall (#b5w3ycg); step09 scout,"/workspace/stage3-latent-full-adapted/src/compiler/parser.ts:9633:63: Adamic 0.1 refuses a value of type DiagnosticWithDetachedLocation seen as DiagnosticRelatedInformation, which can write SourceFile | undefined where undefined is read; make the wider type readonly (readonly T[], ReadonlyMap, readonly fields), which can't write; or copy the value ([...items], { ...item }) (adamic/invariant-mutable)"
src/compiler/parser.ts,/workspace/stage3-latent-full-adapted/src/compiler/parser.ts:9638:48,Refused,an object refinement using an open numeric enum as a literal tag,parseTypedefTag,OWNER BLANK,checked-cast/type-shape wall (#b5w3ycg); step09 scout,"/workspace/stage3-latent-full-adapted/src/compiler/parser.ts:9638:48: Adamic 0.1 refuses an object refinement using an open numeric enum as a literal tag; use a member-specific tag from a multi-member enum, a string enum, or a plain literal tag (adamic/enum-tag)"
src/compiler/parser.ts,/workspace/stage3-latent-full-adapted/src/compiler/parser.ts:9642:75,Refused,an object refinement using an open numeric enum as a literal tag,parseTypedefTag,OWNER BLANK,checked-cast/type-shape wall (#b5w3ycg); step09 scout,"/workspace/stage3-latent-full-adapted/src/compiler/parser.ts:9642:75: Adamic 0.1 refuses an object refinement using an open numeric enum as a literal tag; use a member-specific tag from a multi-member enum, a string enum, or a plain literal tag (adamic/enum-tag)"
src/compiler/parser.ts,/workspace/stage3-latent-full-adapted/src/compiler/parser.ts:9646:63,Refused,an object refinement using an open numeric enum as a literal tag,parseTypedefTag,OWNER BLANK,checked-cast/type-shape wall (#b5w3ycg); step09 scout,"/workspace/stage3-latent-full-adapted/src/compiler/parser.ts:9646:63: Adamic 0.1 refuses an object refinement using an open numeric enum as a literal tag; use a member-specific tag from a multi-member enum, a string enum, or a plain literal tag (adamic/enum-tag)"
src/compiler/parser.ts,/workspace/stage3-latent-full-adapted/src/compiler/parser.ts:9648:42,Refused,an unproven value assigned to a numeric literal or enum member slot SyntaxKind.JSDocTypeExpression,parseTypedefTag,OWNER BLANK,enum and namespace frontend; owner OWNER BLANK,"/workspace/stage3-latent-full-adapted/src/compiler/parser.ts:9648:42: Adamic 0.1 refuses an unproven value assigned to a numeric literal or enum member slot SyntaxKind.JSDocTypeExpression; compare with this literal and return that constant, or widen the slot to the whole numeric enum or number (adamic/enum-literal)"
src/compiler/parser.ts,/workspace/stage3-latent-full-adapted/src/compiler/parser.ts:9676:48,Refused,a cast the runtime can't check,parseJSDocTypeNameWithNamespace,01a11410,checked-cast/type-shape wall (#b5w3ycg); step09 scout,"/workspace/stage3-latent-full-adapted/src/compiler/parser.ts:9676:48: Adamic 0.1 refuses a cast the runtime can't check; use a proven upcast, cast a discriminated object union with unique literal or enum tags to members or a sub-union, or downcast along nominal class ancestry (adamic/no-unchecked-cast)"
src/compiler/parser.ts,/workspace/stage3-latent-full-adapted/src/compiler/parser.ts:9680:62,Refused,an unproven value assigned to a numeric literal or enum member slot NodeFlags.NestedNamespace,parseJSDocTypeNameWithNamespace,OWNER BLANK,enum and namespace frontend; owner OWNER BLANK,"/workspace/stage3-latent-full-adapted/src/compiler/parser.ts:9680:62: Adamic 0.1 refuses an unproven value assigned to a numeric literal or enum member slot NodeFlags.NestedNamespace; compare with this literal and return that constant, or widen the slot to the whole numeric enum or number (adamic/enum-literal)"
src/compiler/parser.ts,/workspace/stage3-latent-full-adapted/src/compiler/parser.ts:9686:22,Refused,"a value of type Identifier seen as Mutable<Identifier>, whose readonly field pos becomes writable: a readonly field may hold something narrower than number, which a write of number would replace",parseJSDocTypeNameWithNamespace,"adaptation 70, stage 3",checked-cast/type-shape wall (#b5w3ycg); step09 scout,"/workspace/stage3-latent-full-adapted/src/compiler/parser.ts:9686:22: Adamic 0.1 refuses a value of type Identifier seen as Mutable<Identifier>, whose readonly field pos becomes writable: a readonly field may hold something narrower than number, which a write of number would replace; keep pos readonly in the type it's seen as, or copy the value ({ ...value }) (adamic/invariant-mutable); use a proven upcast, cast a discriminated object union with unique literal or enum tags to members or a sub-union, or downcast along nominal class ancestry (adamic/no-unchecked-cast)"
src/compiler/parser.ts,/workspace/stage3-latent-full-adapted/src/compiler/parser.ts:9695:47,Refused,a cast the runtime can't check,parseCallbackTagParameters,01a11410,checked-cast/type-shape wall (#b5w3ycg); step09 scout,"/workspace/stage3-latent-full-adapted/src/compiler/parser.ts:9695:47: Adamic 0.1 refuses a cast the runtime can't check; use a proven upcast, cast a discriminated object union with unique literal or enum tags to members or a sub-union, or downcast along nominal class ancestry (adamic/no-unchecked-cast)"
src/compiler/parser.ts,/workspace/stage3-latent-full-adapted/src/compiler/parser.ts:9697:43,Refused,an object refinement using an open numeric enum as a literal tag,parseCallbackTagParameters,OWNER BLANK,checked-cast/type-shape wall (#b5w3ycg); step09 scout,"/workspace/stage3-latent-full-adapted/src/compiler/parser.ts:9697:43: Adamic 0.1 refuses an object refinement using an open numeric enum as a literal tag; use a member-specific tag from a multi-member enum, a string enum, or a plain literal tag (adamic/enum-tag)"
src/compiler/parser.ts,/workspace/stage3-latent-full-adapted/src/compiler/parser.ts:9700:53,Refused,an object refinement using an open numeric enum as a literal tag,parseCallbackTagParameters,OWNER BLANK,checked-cast/type-shape wall (#b5w3ycg); step09 scout,"/workspace/stage3-latent-full-adapted/src/compiler/parser.ts:9700:53: Adamic 0.1 refuses an object refinement using an open numeric enum as a literal tag; use a member-specific tag from a multi-member enum, a string enum, or a plain literal tag (adamic/enum-tag)"
src/compiler/parser.ts,/workspace/stage3-latent-full-adapted/src/compiler/parser.ts:9711:36,Refused,a cast the runtime can't check,parseJSDocSignature,01a11410,checked-cast/type-shape wall (#b5w3ycg); step09 scout,"/workspace/stage3-latent-full-adapted/src/compiler/parser.ts:9711:36: Adamic 0.1 refuses a cast the runtime can't check; use a proven upcast, cast a discriminated object union with unique literal or enum tags to members or a sub-union, or downcast along nominal class ancestry (adamic/no-unchecked-cast)"
src/compiler/parser.ts,/workspace/stage3-latent-full-adapted/src/compiler/parser.ts:9743:73,Refused,an object refinement using an open numeric enum as a literal tag,escapedTextsEqual,OWNER BLANK,checked-cast/type-shape wall (#b5w3ycg); step09 scout,"/workspace/stage3-latent-full-adapted/src/compiler/parser.ts:9743:73: Adamic 0.1 refuses an object refinement using an open numeric enum as a literal tag; use a member-specific tag from a multi-member enum, a string enum, or a plain literal tag (adamic/enum-tag)"
src/compiler/parser.ts,/workspace/stage3-latent-full-adapted/src/compiler/parser.ts:9743:97,Refused,an object refinement using an open numeric enum as a literal tag,escapedTextsEqual,OWNER BLANK,checked-cast/type-shape wall (#b5w3ycg); step09 scout,"/workspace/stage3-latent-full-adapted/src/compiler/parser.ts:9743:97: Adamic 0.1 refuses an object refinement using an open numeric enum as a literal tag; use a member-specific tag from a multi-member enum, a string enum, or a plain literal tag (adamic/enum-tag)"
src/compiler/parser.ts,/workspace/stage3-latent-full-adapted/src/compiler/parser.ts:9744:29,Refused,an object refinement using an open numeric enum as a literal tag,escapedTextsEqual,OWNER BLANK,checked-cast/type-shape wall (#b5w3ycg); step09 scout,"/workspace/stage3-latent-full-adapted/src/compiler/parser.ts:9744:29: Adamic 0.1 refuses an object refinement using an open numeric enum as a literal tag; use a member-specific tag from a multi-member enum, a string enum, or a plain literal tag (adamic/enum-tag)"
src/compiler/parser.ts,/workspace/stage3-latent-full-adapted/src/compiler/parser.ts:9745:29,Refused,an object refinement using an open numeric enum as a literal tag,escapedTextsEqual,OWNER BLANK,checked-cast/type-shape wall (#b5w3ycg); step09 scout,"/workspace/stage3-latent-full-adapted/src/compiler/parser.ts:9745:29: Adamic 0.1 refuses an object refinement using an open numeric enum as a literal tag; use a member-specific tag from a multi-member enum, a string enum, or a plain literal tag (adamic/enum-tag)"
src/compiler/parser.ts,/workspace/stage3-latent-full-adapted/src/compiler/parser.ts:9751:24,Refused,an object refinement using an open numeric enum as a literal tag,escapedTextsEqual,OWNER BLANK,checked-cast/type-shape wall (#b5w3ycg); step09 scout,"/workspace/stage3-latent-full-adapted/src/compiler/parser.ts:9751:24: Adamic 0.1 refuses an object refinement using an open numeric enum as a literal tag; use a member-specific tag from a multi-member enum, a string enum, or a plain literal tag (adamic/enum-tag)"
src/compiler/parser.ts,/workspace/stage3-latent-full-adapted/src/compiler/parser.ts:9751:42,Refused,an object refinement using an open numeric enum as a literal tag,escapedTextsEqual,OWNER BLANK,checked-cast/type-shape wall (#b5w3ycg); step09 scout,"/workspace/stage3-latent-full-adapted/src/compiler/parser.ts:9751:42: Adamic 0.1 refuses an object refinement using an open numeric enum as a literal tag; use a member-specific tag from a multi-member enum, a string enum, or a plain literal tag (adamic/enum-tag)"
src/compiler/parser.ts,/workspace/stage3-latent-full-adapted/src/compiler/parser.ts:9755:24,Refused,a cast the runtime can't check,parseChildPropertyTag,01a11410,checked-cast/type-shape wall (#b5w3ycg); step09 scout,"/workspace/stage3-latent-full-adapted/src/compiler/parser.ts:9755:24: Adamic 0.1 refuses a cast the runtime can't check; use a proven upcast, cast a discriminated object union with unique literal or enum tags to members or a sub-union, or downcast along nominal class ancestry (adamic/no-unchecked-cast)"
src/compiler/parser.ts,/workspace/stage3-latent-full-adapted/src/compiler/parser.ts:9768:103,Refused,an object refinement using an open numeric enum as a literal tag,parseChildParameterOrPropertyTag,OWNER BLANK,checked-cast/type-shape wall (#b5w3ycg); step09 scout,"/workspace/stage3-latent-full-adapted/src/compiler/parser.ts:9768:103: Adamic 0.1 refuses an object refinement using an open numeric enum as a literal tag; use a member-specific tag from a multi-member enum, a string enum, or a plain literal tag (adamic/enum-tag)"
src/compiler/parser.ts,/workspace/stage3-latent-full-adapted/src/compiler/parser.ts:9768:109,Refused,an object refinement using an open numeric enum as a literal tag,parseChildParameterOrPropertyTag,OWNER BLANK,checked-cast/type-shape wall (#b5w3ycg); step09 scout,"/workspace/stage3-latent-full-adapted/src/compiler/parser.ts:9768:109: Adamic 0.1 refuses an object refinement using an open numeric enum as a literal tag; use a member-specific tag from a multi-member enum, a string enum, or a plain literal tag (adamic/enum-tag)"
src/compiler/parser.ts,/workspace/stage3-latent-full-adapted/src/compiler/parser.ts:1197:10,NotYet,a function returning T | undefined,forEachChildInOptionalRestOrJSDocParameterModifier,01a1143c,wall step not recorded; owner 01a1143c,/workspace/stage3-latent-full-adapted/src/compiler/parser.ts:1197:10: stage 0 can't lower a function returning T | undefined yet
src/compiler/parser.ts,/workspace/stage3-latent-full-adapted/src/compiler/parser.ts:1201:10,NotYet,a function returning T | undefined,forEachChildInJSDocParameterOrPropertyTag,01a1143c,wall step not recorded; owner 01a1143c,/workspace/stage3-latent-full-adapted/src/compiler/parser.ts:1201:10: stage 0 can't lower a function returning T | undefined yet
src/compiler/parser.ts,/workspace/stage3-latent-full-adapted/src/compiler/parser.ts:1209:10,NotYet,a function returning T | undefined,forEachChildInJSDocTypeLikeTag,01a1143c,wall step not recorded; owner 01a1143c,/workspace/stage3-latent-full-adapted/src/compiler/parser.ts:1209:10: stage 0 can't lower a function returning T | undefined yet
src/compiler/parser.ts,/workspace/stage3-latent-full-adapted/src/compiler/parser.ts:1215:10,NotYet,a function returning T | undefined,forEachChildInJSDocLinkCodeOrPlain,01a1143c,wall step not recorded; owner 01a1143c,/workspace/stage3-latent-full-adapted/src/compiler/parser.ts:1215:10: stage 0 can't lower a function returning T | undefined yet
src/compiler/parser.ts,/workspace/stage3-latent-full-adapted/src/compiler/parser.ts:1219:10,NotYet,a function returning T | undefined,forEachChildInJSDocTag,01a1143c,wall step not recorded; owner 01a1143c,/workspace/stage3-latent-full-adapted/src/compiler/parser.ts:1219:10: stage 0 can't lower a function returning T | undefined yet
src/compiler/parser.ts,/workspace/stage3-latent-full-adapted/src/compiler/parser.ts:1224:10,NotYet,a function returning T | undefined,forEachChildInJSDocImportTag,01a1143c,wall step not recorded; owner 01a1143c,/workspace/stage3-latent-full-adapted/src/compiler/parser.ts:1224:10: stage 0 can't lower a function returning T | undefined yet
src/compiler/parser.ts,/workspace/stage3-latent-full-adapted/src/compiler/parser.ts:1415:20,NotYet,reading Parser,parseIsolatedJSDocComment,OWNER BLANK,isolated census context boundary; replay before assigning a feature wall,/workspace/stage3-latent-full-adapted/src/compiler/parser.ts:1415:20: stage 0 can't lower reading Parser yet
src/compiler/parser.ts,/workspace/stage3-latent-full-adapted/src/compiler/parser.ts:1416:9,NotYet,reading result,parseIsolatedJSDocComment,OWNER BLANK,isolated census context boundary; replay before assigning a feature wall,/workspace/stage3-latent-full-adapted/src/compiler/parser.ts:1416:9: stage 0 can't lower reading result yet
src/compiler/parser.ts,/workspace/stage3-latent-full-adapted/src/compiler/parser.ts:1422:12,NotYet,reading result,parseIsolatedJSDocComment,OWNER BLANK,isolated census context boundary; replay before assigning a feature wall,/workspace/stage3-latent-full-adapted/src/compiler/parser.ts:1422:12: stage 0 can't lower reading result yet
src/compiler/parser.ts,/workspace/stage3-latent-full-adapted/src/compiler/parser.ts:1431:12,NotYet,reading Parser,parseJSDocTypeExpressionForTests,OWNER BLANK,isolated census context boundary; replay before assigning a feature wall,/workspace/stage3-latent-full-adapted/src/compiler/parser.ts:1431:12: stage 0 can't lower reading Parser yet
src/compiler/parser.ts,/workspace/stage3-latent-full-adapted/src/compiler/parser.ts:1847:14,NotYet,a function returning T,withJSDoc,01a1143c,wall step not recorded; owner 01a1143c,/workspace/stage3-latent-full-adapted/src/compiler/parser.ts:1847:14: stage 0 can't lower a function returning T yet
src/compiler/parser.ts,/workspace/stage3-latent-full-adapted/src/compiler/parser.ts:2185:16,NotYet,a method call through a structural signature in a program with statics; use typeof the declaring class,hasPrecedingJSDocComment,01a1143c,wall step not recorded; owner 01a1143c,/workspace/stage3-latent-full-adapted/src/compiler/parser.ts:2185:16: stage 0 can't lower a method call through a structural signature in a program with statics; use typeof the declaring class yet
src/compiler/parser.ts,/workspace/stage3-latent-full-adapted/src/compiler/parser.ts:2217:31,NotYet,a method call through a structural signature in a program with statics; use typeof the declaring class,nextTokenJSDoc,01a1143c,wall step not recorded; owner 01a1143c,/workspace/stage3-latent-full-adapted/src/compiler/parser.ts:2217:31: stage 0 can't lower a method call through a structural signature in a program with statics; use typeof the declaring class yet
src/compiler/parser.ts,/workspace/stage3-latent-full-adapted/src/compiler/parser.ts:2221:31,NotYet,a method call through a structural signature in a program with statics; use typeof the declaring class,nextJSDocCommentTextToken,01a1143c,wall step not recorded; owner 01a1143c,/workspace/stage3-latent-full-adapted/src/compiler/parser.ts:2221:31: stage 0 can't lower a method call through a structural signature in a program with statics; use typeof the declaring class yet
src/compiler/parser.ts,/workspace/stage3-latent-full-adapted/src/compiler/parser.ts:2493:9,NotYet,reading Debug,parseExpectedJSDoc,01a113e7-bfed,wall step not recorded; owner 01a113e7-bfed,/workspace/stage3-latent-full-adapted/src/compiler/parser.ts:2493:9: stage 0 can't lower reading Debug yet
src/compiler/parser.ts,/workspace/stage3-latent-full-adapted/src/compiler/parser.ts:2149:67,NotYet,a parameter that isn't a plain name,parseErrorAtCurrentToken,OWNER BLANK,wall step not recorded; owner OWNER BLANK,/workspace/stage3-latent-full-adapted/src/compiler/parser.ts:2149:67: stage 0 can't lower a parameter that isn't a plain name yet
src/compiler/parser.ts,/workspace/stage3-latent-full-adapted/src/compiler/parser.ts:2531:69,NotYet,a value of type TKind,parseOptionalTokenJSDoc,OWNER BLANK,wall step not recorded; owner OWNER BLANK,/workspace/stage3-latent-full-adapted/src/compiler/parser.ts:2531:69: stage 0 can't lower a value of type TKind yet
src/compiler/parser.ts,/workspace/stage3-latent-full-adapted/src/compiler/parser.ts:2560:14,NotYet,a function returning T,parseTokenNodeJSDoc,01a1143c,wall step not recorded; owner 01a1143c,/workspace/stage3-latent-full-adapted/src/compiler/parser.ts:2560:14: stage 0 can't lower a function returning T yet
src/compiler/parser.ts,/workspace/stage3-latent-full-adapted/src/compiler/parser.ts:2545:69,NotYet,a value of type TKind,parseExpectedTokenJSDoc,OWNER BLANK,wall step not recorded; owner OWNER BLANK,/workspace/stage3-latent-full-adapted/src/compiler/parser.ts:2545:69: stage 0 can't lower a value of type TKind yet
src/compiler/parser.ts,/workspace/stage3-latent-full-adapted/src/compiler/parser.ts:2531:14,NotYet,a function returning Token<TKind>,parseOptionalTokenJSDoc,01a1143c,wall step not recorded; owner 01a1143c,/workspace/stage3-latent-full-adapted/src/compiler/parser.ts:2531:14: stage 0 can't lower a function returning Token<TKind> yet
src/compiler/parser.ts,/workspace/stage3-latent-full-adapted/src/compiler/parser.ts:2548:13,NotYet,reading optional,parseExpectedTokenJSDoc,OWNER BLANK,isolated census context boundary; replay before assigning a feature wall,/workspace/stage3-latent-full-adapted/src/compiler/parser.ts:2548:13: stage 0 can't lower reading optional yet
src/compiler/parser.ts,/workspace/stage3-latent-full-adapted/src/compiler/parser.ts:2549:9,NotYet,reading Debug,parseExpectedTokenJSDoc,01a113e7-bfed,wall step not recorded; owner 01a113e7-bfed,/workspace/stage3-latent-full-adapted/src/compiler/parser.ts:2549:9: stage 0 can't lower reading Debug yet
src/compiler/parser.ts,/workspace/stage3-latent-full-adapted/src/compiler/parser.ts:2619:14,NotYet,a function returning T,createMissingNode,01a1143c,wall step not recorded; owner 01a1143c,/workspace/stage3-latent-full-adapted/src/compiler/parser.ts:2619:14: stage 0 can't lower a function returning T yet
src/compiler/parser.ts,/workspace/stage3-latent-full-adapted/src/compiler/parser.ts:2600:14,NotYet,a function returning T,finishNode,01a1143c,wall step not recorded; owner 01a1143c,/workspace/stage3-latent-full-adapted/src/compiler/parser.ts:2600:14: stage 0 can't lower a function returning T yet
src/compiler/parser.ts,/workspace/stage3-latent-full-adapted/src/compiler/parser.ts:2304:14,NotYet,a function returning T,tryParse,01a1143c,wall step not recorded; owner 01a1143c,/workspace/stage3-latent-full-adapted/src/compiler/parser.ts:2304:14: stage 0 can't lower a function returning T yet
src/compiler/parser.ts,/workspace/stage3-latent-full-adapted/src/compiler/parser.ts:3911:9,NotYet,a method call through a structural signature in a program with statics; use typeof the declaring class,parseJSDocType,01a1143c,wall step not recorded; owner 01a1143c,/workspace/stage3-latent-full-adapted/src/compiler/parser.ts:3911:9: stage 0 can't lower a method call through a structural signature in a program with statics; use typeof the declaring class yet
src/compiler/parser.ts,/workspace/stage3-latent-full-adapted/src/compiler/parser.ts:3915:31,NotYet,a method call through a structural signature in a program with statics; use typeof the declaring class,parseJSDocType,01a1143c,wall step not recorded; owner 01a1143c,/workspace/stage3-latent-full-adapted/src/compiler/parser.ts:3915:31: stage 0 can't lower a method call through a structural signature in a program with statics; use typeof the declaring class yet
src/compiler/parser.ts,/workspace/stage3-latent-full-adapted/src/compiler/parser.ts:3929:13,NotYet,a method call through a structural signature in a program with statics; use typeof the declaring class,parseJSDocType,01a1143c,wall step not recorded; owner 01a1143c,/workspace/stage3-latent-full-adapted/src/compiler/parser.ts:3929:13: stage 0 can't lower a method call through a structural signature in a program with statics; use typeof the declaring class yet
src/compiler/parser.ts,/workspace/stage3-latent-full-adapted/src/compiler/parser.ts:3935:9,NotYet,a method call through a structural signature in a program with statics; use typeof the declaring class,parseJSDocType,01a1143c,wall step not recorded; owner 01a1143c,/workspace/stage3-latent-full-adapted/src/compiler/parser.ts:3935:9: stage 0 can't lower a method call through a structural signature in a program with statics; use typeof the declaring class yet
src/compiler/parser.ts,/workspace/stage3-latent-full-adapted/src/compiler/parser.ts:8793:13,NotYet,a method call through a structural signature in a program with statics; use typeof the declaring class,parseJSDocTypeExpressionForTests,01a1143c,wall step not recorded; owner 01a1143c,/workspace/stage3-latent-full-adapted/src/compiler/parser.ts:8793:13: stage 0 can't lower a method call through a structural signature in a program with statics; use typeof the declaring class yet
src/compiler/parser.ts,/workspace/stage3-latent-full-adapted/src/compiler/parser.ts:8794:28,NotYet,a method call through a structural signature in a program with statics; use typeof the declaring class,parseJSDocTypeExpressionForTests,01a1143c,wall step not recorded; owner 01a1143c,/workspace/stage3-latent-full-adapted/src/compiler/parser.ts:8794:28: stage 0 can't lower a method call through a structural signature in a program with statics; use typeof the declaring class yet
src/compiler/parser.ts,/workspace/stage3-latent-full-adapted/src/compiler/parser.ts:1984:9,NotYet,a value of type EndOfFileToken,createSourceFile,OWNER BLANK,wall step not recorded; owner OWNER BLANK,/workspace/stage3-latent-full-adapted/src/compiler/parser.ts:1984:9: stage 0 can't lower a value of type EndOfFileToken yet
src/compiler/parser.ts,/workspace/stage3-latent-full-adapted/src/compiler/parser.ts:8798:75,NotYet,reading sourceFile,parseJSDocTypeExpressionForTests,OWNER BLANK,isolated census context boundary; replay before assigning a feature wall,/workspace/stage3-latent-full-adapted/src/compiler/parser.ts:8798:75: stage 0 can't lower reading sourceFile yet
src/compiler/parser.ts,/workspace/stage3-latent-full-adapted/src/compiler/parser.ts:8799:17,Refused,a value as a condition,parseJSDocTypeExpressionForTests,codex/taste-not-soundness,truthiness/unary frontend (codex/taste-not-soundness); owner codex/taste-not-soundness,"/workspace/stage3-latent-full-adapted/src/compiler/parser.ts:8799:17: Adamic 0.1 refuses a value as a condition; compare it explicitly, like name.length > 0 or count !== 0"
src/compiler/parser.ts,/workspace/stage3-latent-full-adapted/src/compiler/parser.ts:8805:20,Refused,a value as a condition,parseJSDocTypeExpressionForTests,codex/taste-not-soundness,truthiness/unary frontend (codex/taste-not-soundness); owner codex/taste-not-soundness,"/workspace/stage3-latent-full-adapted/src/compiler/parser.ts:8805:20: Adamic 0.1 refuses a value as a condition; compare it explicitly, like name.length > 0 or count !== 0"
src/compiler/parser.ts,/workspace/stage3-latent-full-adapted/src/compiler/parser.ts:8811:31,Refused,a boolean | undefined as a condition,parseJSDocTypeExpression,01a113e3-a058,truthiness/unary frontend (codex/taste-not-soundness); owner 01a113e3-a058,"/workspace/stage3-latent-full-adapted/src/compiler/parser.ts:8811:31: Adamic 0.1 refuses a boolean | undefined as a condition; compare it explicitly, like name.length > 0 or count !== 0"
src/compiler/parser.ts,/workspace/stage3-latent-full-adapted/src/compiler/parser.ts:2064:14,NotYet,a function returning T,doInsideOfContext,01a1143c,wall step not recorded; owner 01a1143c,/workspace/stage3-latent-full-adapted/src/compiler/parser.ts:2064:14: stage 0 can't lower a function returning T yet
src/compiler/parser.ts,/workspace/stage3-latent-full-adapted/src/compiler/parser.ts:8813:17,NotYet,a PrefixUnaryExpression on a boolean | undefined,parseJSDocTypeExpression,OWNER BLANK,truthiness/unary frontend (codex/taste-not-soundness); owner OWNER BLANK,/workspace/stage3-latent-full-adapted/src/compiler/parser.ts:8813:17: stage 0 can't lower a PrefixUnaryExpression on a boolean | undefined yet
src/compiler/parser.ts,/workspace/stage3-latent-full-adapted/src/compiler/parser.ts:8817:28,NotYet,a method call through a structural signature in a program with statics; use typeof the declaring class,parseJSDocTypeExpression,01a1143c,wall step not recorded; owner 01a1143c,/workspace/stage3-latent-full-adapted/src/compiler/parser.ts:8817:28: stage 0 can't lower a method call through a structural signature in a program with statics; use typeof the declaring class yet
src/compiler/parser.ts,/workspace/stage3-latent-full-adapted/src/compiler/parser.ts:8818:35,NotYet,reading result,parseJSDocTypeExpression,OWNER BLANK,isolated census context boundary; replay before assigning a feature wall,/workspace/stage3-latent-full-adapted/src/compiler/parser.ts:8818:35: stage 0 can't lower reading result yet
src/compiler/parser.ts,/workspace/stage3-latent-full-adapted/src/compiler/parser.ts:8836:28,NotYet,a method call through a structural signature in a program with statics; use typeof the declaring class,parseJSDocNameReference,01a1143c,wall step not recorded; owner 01a1143c,/workspace/stage3-latent-full-adapted/src/compiler/parser.ts:8836:28: stage 0 can't lower a method call through a structural signature in a program with statics; use typeof the declaring class yet
src/compiler/parser.ts,/workspace/stage3-latent-full-adapted/src/compiler/parser.ts:8837:35,NotYet,reading result,parseJSDocNameReference,OWNER BLANK,isolated census context boundary; replay before assigning a feature wall,/workspace/stage3-latent-full-adapted/src/compiler/parser.ts:8837:35: stage 0 can't lower reading result yet
src/compiler/parser.ts,/workspace/stage3-latent-full-adapted/src/compiler/parser.ts:8846:75,NotYet,reading sourceFile,parseIsolatedJSDocComment,OWNER BLANK,isolated census context boundary; replay before assigning a feature wall,/workspace/stage3-latent-full-adapted/src/compiler/parser.ts:8846:75: stage 0 can't lower reading sourceFile yet
src/compiler/parser.ts,/workspace/stage3-latent-full-adapted/src/compiler/parser.ts:8849:20,NotYet,reading jsDoc,parseIsolatedJSDocComment,OWNER BLANK,isolated census context boundary; replay before assigning a feature wall,/workspace/stage3-latent-full-adapted/src/compiler/parser.ts:8849:20: stage 0 can't lower reading jsDoc yet
src/compiler/parser.ts,/workspace/stage3-latent-full-adapted/src/compiler/parser.ts:8852:43,NotYet,a value of type HasJSDoc,parseJSDocComment,OWNER BLANK,wall step not recorded; owner OWNER BLANK,/workspace/stage3-latent-full-adapted/src/compiler/parser.ts:8852:43: stage 0 can't lower a value of type HasJSDoc yet
src/compiler/parser.ts,/workspace/stage3-latent-full-adapted/src/compiler/parser.ts:8890:13,NotYet,reading Debug,parseJSDocCommentWorker,01a113e7-bfed,wall step not recorded; owner 01a113e7-bfed,/workspace/stage3-latent-full-adapted/src/compiler/parser.ts:8890:13: stage 0 can't lower reading Debug yet
src/compiler/parser.ts,/workspace/stage3-latent-full-adapted/src/compiler/parser.ts:8891:13,NotYet,reading Debug,parseJSDocCommentWorker,01a113e7-bfed,wall step not recorded; owner 01a113e7-bfed,/workspace/stage3-latent-full-adapted/src/compiler/parser.ts:8891:13: stage 0 can't lower reading Debug yet
src/compiler/parser.ts,/workspace/stage3-latent-full-adapted/src/compiler/parser.ts:8892:13,NotYet,reading Debug,parseJSDocCommentWorker,01a113e7-bfed,wall step not recorded; owner 01a113e7-bfed,/workspace/stage3-latent-full-adapted/src/compiler/parser.ts:8892:13: stage 0 can't lower reading Debug yet
src/compiler/parser.ts,/workspace/stage3-latent-full-adapted/src/compiler/parser.ts:8911:28,NotYet,a method call through a structural signature in a program with statics; use typeof the declaring class,parseJSDocCommentWorker,01a1143c,wall step not recorded; owner 01a1143c,/workspace/stage3-latent-full-adapted/src/compiler/parser.ts:8911:28: stage 0 can't lower a method call through a structural signature in a program with statics; use typeof the declaring class yet
src/compiler/parser.ts,/workspace/stage3-latent-full-adapted/src/compiler/parser.ts:8913:20,NotYet,reading result,parseJSDocCommentWorker,OWNER BLANK,isolated census context boundary; replay before assigning a feature wall,/workspace/stage3-latent-full-adapted/src/compiler/parser.ts:8913:20: stage 0 can't lower reading result yet
src/compiler/parser.ts,/workspace/stage3-latent-full-adapted/src/compiler/parser.ts:8915:13,NotYet,a function inside a function (a closure),doJSDocScan,OWNER BLANK,nested function/closure frontend (codex/nested-functions); numbered step not recorded,/workspace/stage3-latent-full-adapted/src/compiler/parser.ts:8915:13: stage 0 can't lower a function inside a function (a closure) yet
src/compiler/parser.ts,/workspace/stage3-latent-full-adapted/src/compiler/parser.ts:9024:13,NotYet,a function inside a function (a closure),removeLeadingNewlines,OWNER BLANK,nested function/closure frontend (codex/nested-functions); numbered step not recorded,/workspace/stage3-latent-full-adapted/src/compiler/parser.ts:9024:13: stage 0 can't lower a function inside a function (a closure) yet
src/compiler/parser.ts,/workspace/stage3-latent-full-adapted/src/compiler/parser.ts:9030:13,NotYet,a function inside a function (a closure),removeTrailingWhitespace,OWNER BLANK,nested function/closure frontend (codex/nested-functions); numbered step not recorded,/workspace/stage3-latent-full-adapted/src/compiler/parser.ts:9030:13: stage 0 can't lower a function inside a function (a closure) yet
src/compiler/parser.ts,/workspace/stage3-latent-full-adapted/src/compiler/parser.ts:9046:13,NotYet,a function inside a function (a closure),isNextNonwhitespaceTokenEndOfFile,OWNER BLANK,nested function/closure frontend (codex/nested-functions); numbered step not recorded,/workspace/stage3-latent-full-adapted/src/compiler/parser.ts:9046:13: stage 0 can't lower a function inside a function (a closure) yet
src/compiler/parser.ts,/workspace/stage3-latent-full-adapted/src/compiler/parser.ts:9059:13,NotYet,a function inside a function (a closure),skipWhitespace,OWNER BLANK,nested function/closure frontend (codex/nested-functions); numbered step not recorded,/workspace/stage3-latent-full-adapted/src/compiler/parser.ts:9059:13: stage 0 can't lower a function inside a function (a closure) yet
src/compiler/parser.ts,/workspace/stage3-latent-full-adapted/src/compiler/parser.ts:9070:13,NotYet,a function inside a function (a closure),skipWhitespaceOrAsterisk,OWNER BLANK,nested function/closure frontend (codex/nested-functions); numbered step not recorded,/workspace/stage3-latent-full-adapted/src/compiler/parser.ts:9070:13: stage 0 can't lower a function inside a function (a closure) yet
src/compiler/parser.ts,/workspace/stage3-latent-full-adapted/src/compiler/parser.ts:9095:13,NotYet,a function inside a function (a closure),parseTag,OWNER BLANK,nested function/closure frontend (codex/nested-functions); numbered step not recorded,/workspace/stage3-latent-full-adapted/src/compiler/parser.ts:9095:13: stage 0 can't lower a function inside a function (a closure) yet
src/compiler/parser.ts,/workspace/stage3-latent-full-adapted/src/compiler/parser.ts:9187:13,NotYet,a function inside a function (a closure),parseTrailingTagComments,OWNER BLANK,nested function/closure frontend (codex/nested-functions); numbered step not recorded,/workspace/stage3-latent-full-adapted/src/compiler/parser.ts:9187:13: stage 0 can't lower a function inside a function (a closure) yet
src/compiler/parser.ts,/workspace/stage3-latent-full-adapted/src/compiler/parser.ts:9195:13,NotYet,a function inside a function (a closure),parseTagComments,OWNER BLANK,nested function/closure frontend (codex/nested-functions); numbered step not recorded,/workspace/stage3-latent-full-adapted/src/compiler/parser.ts:9195:13: stage 0 can't lower a function inside a function (a closure) yet
src/compiler/parser.ts,/workspace/stage3-latent-full-adapted/src/compiler/parser.ts:9309:13,NotYet,a function inside a function (a closure),parseJSDocLink,OWNER BLANK,nested function/closure frontend (codex/nested-functions); numbered step not recorded,/workspace/stage3-latent-full-adapted/src/compiler/parser.ts:9309:13: stage 0 can't lower a function inside a function (a closure) yet
src/compiler/parser.ts,/workspace/stage3-latent-full-adapted/src/compiler/parser.ts:9328:13,NotYet,a function inside a function (a closure),parseJSDocLinkName,OWNER BLANK,nested function/closure frontend (codex/nested-functions); numbered step not recorded,/workspace/stage3-latent-full-adapted/src/compiler/parser.ts:9328:13: stage 0 can't lower a function inside a function (a closure) yet
src/compiler/parser.ts,/workspace/stage3-latent-full-adapted/src/compiler/parser.ts:9346:13,NotYet,a function inside a function (a closure),parseJSDocLinkPrefix,OWNER BLANK,nested function/closure frontend (codex/nested-functions); numbered step not recorded,/workspace/stage3-latent-full-adapted/src/compiler/parser.ts:9346:13: stage 0 can't lower a function inside a function (a closure) yet
src/compiler/parser.ts,/workspace/stage3-latent-full-adapted/src/compiler/parser.ts:9358:13,NotYet,a function inside a function (a closure),isJSDocLinkTag,OWNER BLANK,nested function/closure frontend (codex/nested-functions); numbered step not recorded,/workspace/stage3-latent-full-adapted/src/compiler/parser.ts:9358:13: stage 0 can't lower a function inside a function (a closure) yet
src/compiler/parser.ts,/workspace/stage3-latent-full-adapted/src/compiler/parser.ts:9362:13,NotYet,a function inside a function (a closure),parseUnknownTag,OWNER BLANK,nested function/closure frontend (codex/nested-functions); numbered step not recorded,/workspace/stage3-latent-full-adapted/src/compiler/parser.ts:9362:13: stage 0 can't lower a function inside a function (a closure) yet
src/compiler/parser.ts,/workspace/stage3-latent-full-adapted/src/compiler/parser.ts:9366:13,NotYet,a function inside a function (a closure),addTag,OWNER BLANK,nested function/closure frontend (codex/nested-functions); numbered step not recorded,/workspace/stage3-latent-full-adapted/src/compiler/parser.ts:9366:13: stage 0 can't lower a function inside a function (a closure) yet
src/compiler/parser.ts,/workspace/stage3-latent-full-adapted/src/compiler/parser.ts:9380:13,NotYet,a function inside a function (a closure),tryParseTypeExpression,OWNER BLANK,nested function/closure frontend (codex/nested-functions); numbered step not recorded,/workspace/stage3-latent-full-adapted/src/compiler/parser.ts:9380:13: stage 0 can't lower a function inside a function (a closure) yet
src/compiler/parser.ts,/workspace/stage3-latent-full-adapted/src/compiler/parser.ts:9385:13,NotYet,a function inside a function (a closure),parseBracketNameInPropertyAndParamTag,OWNER BLANK,nested function/closure frontend (codex/nested-functions); numbered step not recorded,/workspace/stage3-latent-full-adapted/src/compiler/parser.ts:9385:13: stage 0 can't lower a function inside a function (a closure) yet
src/compiler/parser.ts,/workspace/stage3-latent-full-adapted/src/compiler/parser.ts:9410:13,NotYet,a function inside a function (a closure),isObjectOrObjectArrayTypeReference,OWNER BLANK,nested function/closure frontend (codex/nested-functions); numbered step not recorded,/workspace/stage3-latent-full-adapted/src/compiler/parser.ts:9410:13: stage 0 can't lower a function inside a function (a closure) yet
src/compiler/parser.ts,/workspace/stage3-latent-full-adapted/src/compiler/parser.ts:9421:13,NotYet,a function inside a function (a closure),parseParameterOrPropertyTag,OWNER BLANK,nested function/closure frontend (codex/nested-functions); numbered step not recorded,/workspace/stage3-latent-full-adapted/src/compiler/parser.ts:9421:13: stage 0 can't lower a function inside a function (a closure) yet
src/compiler/parser.ts,/workspace/stage3-latent-full-adapted/src/compiler/parser.ts:9446:13,NotYet,a function inside a function (a closure),parseNestedTypeLiteral,OWNER BLANK,nested function/closure frontend (codex/nested-functions); numbered step not recorded,/workspace/stage3-latent-full-adapted/src/compiler/parser.ts:9446:13: stage 0 can't lower a function inside a function (a closure) yet
src/compiler/parser.ts,/workspace/stage3-latent-full-adapted/src/compiler/parser.ts:9466:13,NotYet,a function inside a function (a closure),parseReturnTag,OWNER BLANK,nested function/closure frontend (codex/nested-functions); numbered step not recorded,/workspace/stage3-latent-full-adapted/src/compiler/parser.ts:9466:13: stage 0 can't lower a function inside a function (a closure) yet
src/compiler/parser.ts,/workspace/stage3-latent-full-adapted/src/compiler/parser.ts:9475:13,NotYet,a function inside a function (a closure),parseTypeTag,OWNER BLANK,nested function/closure frontend (codex/nested-functions); numbered step not recorded,/workspace/stage3-latent-full-adapted/src/compiler/parser.ts:9475:13: stage 0 can't lower a function inside a function (a closure) yet
src/compiler/parser.ts,/workspace/stage3-latent-full-adapted/src/compiler/parser.ts:9485:13,NotYet,a function inside a function (a closure),parseSeeTag,OWNER BLANK,nested function/closure frontend (codex/nested-functions); numbered step not recorded,/workspace/stage3-latent-full-adapted/src/compiler/parser.ts:9485:13: stage 0 can't lower a function inside a function (a closure) yet
src/compiler/parser.ts,/workspace/stage3-latent-full-adapted/src/compiler/parser.ts:9493:13,NotYet,a function inside a function (a closure),parseThrowsTag,OWNER BLANK,nested function/closure frontend (codex/nested-functions); numbered step not recorded,/workspace/stage3-latent-full-adapted/src/compiler/parser.ts:9493:13: stage 0 can't lower a function inside a function (a closure) yet
src/compiler/parser.ts,/workspace/stage3-latent-full-adapted/src/compiler/parser.ts:9499:13,NotYet,a function inside a function (a closure),parseAuthorTag,OWNER BLANK,nested function/closure frontend (codex/nested-functions); numbered step not recorded,/workspace/stage3-latent-full-adapted/src/compiler/parser.ts:9499:13: stage 0 can't lower a function inside a function (a closure) yet
src/compiler/parser.ts,/workspace/stage3-latent-full-adapted/src/compiler/parser.ts:9513:13,NotYet,a function inside a function (a closure),parseAuthorNameAndEmail,OWNER BLANK,nested function/closure frontend (codex/nested-functions); numbered step not recorded,/workspace/stage3-latent-full-adapted/src/compiler/parser.ts:9513:13: stage 0 can't lower a function inside a function (a closure) yet
src/compiler/parser.ts,/workspace/stage3-latent-full-adapted/src/compiler/parser.ts:9536:13,NotYet,a function inside a function (a closure),parseImplementsTag,OWNER BLANK,nested function/closure frontend (codex/nested-functions); numbered step not recorded,/workspace/stage3-latent-full-adapted/src/compiler/parser.ts:9536:13: stage 0 can't lower a function inside a function (a closure) yet
src/compiler/parser.ts,/workspace/stage3-latent-full-adapted/src/compiler/parser.ts:9541:13,NotYet,a function inside a function (a closure),parseAugmentsTag,OWNER BLANK,nested function/closure frontend (codex/nested-functions); numbered step not recorded,/workspace/stage3-latent-full-adapted/src/compiler/parser.ts:9541:13: stage 0 can't lower a function inside a function (a closure) yet
src/compiler/parser.ts,/workspace/stage3-latent-full-adapted/src/compiler/parser.ts:9546:13,NotYet,a function inside a function (a closure),parseSatisfiesTag,OWNER BLANK,nested function/closure frontend (codex/nested-functions); numbered step not recorded,/workspace/stage3-latent-full-adapted/src/compiler/parser.ts:9546:13: stage 0 can't lower a function inside a function (a closure) yet
src/compiler/parser.ts,/workspace/stage3-latent-full-adapted/src/compiler/parser.ts:9552:13,NotYet,a function inside a function (a closure),parseImportTag,OWNER BLANK,nested function/closure frontend (codex/nested-functions); numbered step not recorded,/workspace/stage3-latent-full-adapted/src/compiler/parser.ts:9552:13: stage 0 can't lower a function inside a function (a closure) yet
src/compiler/parser.ts,/workspace/stage3-latent-full-adapted/src/compiler/parser.ts:9568:13,NotYet,a function inside a function (a closure),parseExpressionWithTypeArgumentsForAugments,OWNER BLANK,nested function/closure frontend (codex/nested-functions); numbered step not recorded,/workspace/stage3-latent-full-adapted/src/compiler/parser.ts:9568:13: stage 0 can't lower a function inside a function (a closure) yet
src/compiler/parser.ts,/workspace/stage3-latent-full-adapted/src/compiler/parser.ts:9584:13,NotYet,a function inside a function (a closure),parsePropertyAccessEntityNameExpression,OWNER BLANK,nested function/closure frontend (codex/nested-functions); numbered step not recorded,/workspace/stage3-latent-full-adapted/src/compiler/parser.ts:9584:13: stage 0 can't lower a function inside a function (a closure) yet
src/compiler/parser.ts,/workspace/stage3-latent-full-adapted/src/compiler/parser.ts:9594:13,NotYet,a function inside a function (a closure),parseSimpleTag,OWNER BLANK,nested function/closure frontend (codex/nested-functions); numbered step not recorded,/workspace/stage3-latent-full-adapted/src/compiler/parser.ts:9594:13: stage 0 can't lower a function inside a function (a closure) yet
src/compiler/parser.ts,/workspace/stage3-latent-full-adapted/src/compiler/parser.ts:9598:13,NotYet,a function inside a function (a closure),parseThisTag,OWNER BLANK,nested function/closure frontend (codex/nested-functions); numbered step not recorded,/workspace/stage3-latent-full-adapted/src/compiler/parser.ts:9598:13: stage 0 can't lower a function inside a function (a closure) yet
src/compiler/parser.ts,/workspace/stage3-latent-full-adapted/src/compiler/parser.ts:9604:13,NotYet,a function inside a function (a closure),parseEnumTag,OWNER BLANK,nested function/closure frontend (codex/nested-functions); numbered step not recorded,/workspace/stage3-latent-full-adapted/src/compiler/parser.ts:9604:13: stage 0 can't lower a function inside a function (a closure) yet
src/compiler/parser.ts,/workspace/stage3-latent-full-adapted/src/compiler/parser.ts:9610:13,NotYet,a function inside a function (a closure),parseTypedefTag,OWNER BLANK,nested function/closure frontend (codex/nested-functions); numbered step not recorded,/workspace/stage3-latent-full-adapted/src/compiler/parser.ts:9610:13: stage 0 can't lower a function inside a function (a closure) yet
src/compiler/parser.ts,/workspace/stage3-latent-full-adapted/src/compiler/parser.ts:9668:13,NotYet,a function inside a function (a closure),parseJSDocTypeNameWithNamespace,OWNER BLANK,nested function/closure frontend (codex/nested-functions); numbered step not recorded,/workspace/stage3-latent-full-adapted/src/compiler/parser.ts:9668:13: stage 0 can't lower a function inside a function (a closure) yet
src/compiler/parser.ts,/workspace/stage3-latent-full-adapted/src/compiler/parser.ts:9691:13,NotYet,a function inside a function (a closure),parseCallbackTagParameters,OWNER BLANK,nested function/closure frontend (codex/nested-functions); numbered step not recorded,/workspace/stage3-latent-full-adapted/src/compiler/parser.ts:9691:13: stage 0 can't lower a function inside a function (a closure) yet
src/compiler/parser.ts,/workspace/stage3-latent-full-adapted/src/compiler/parser.ts:9705:13,NotYet,a function inside a function (a closure),parseJSDocSignature,OWNER BLANK,nested function/closure frontend (codex/nested-functions); numbered step not recorded,/workspace/stage3-latent-full-adapted/src/compiler/parser.ts:9705:13: stage 0 can't lower a function inside a function (a closure) yet
src/compiler/parser.ts,/workspace/stage3-latent-full-adapted/src/compiler/parser.ts:9718:13,NotYet,a function inside a function (a closure),parseCallbackTag,OWNER BLANK,nested function/closure frontend (codex/nested-functions); numbered step not recorded,/workspace/stage3-latent-full-adapted/src/compiler/parser.ts:9718:13: stage 0 can't lower a function inside a function (a closure) yet
src/compiler/parser.ts,/workspace/stage3-latent-full-adapted/src/compiler/parser.ts:9730:13,NotYet,a function inside a function (a closure),parseOverloadTag,OWNER BLANK,nested function/closure frontend (codex/nested-functions); numbered step not recorded,/workspace/stage3-latent-full-adapted/src/compiler/parser.ts:9730:13: stage 0 can't lower a function inside a function (a closure) yet
src/compiler/parser.ts,/workspace/stage3-latent-full-adapted/src/compiler/parser.ts:9741:13,NotYet,a function inside a function (a closure),escapedTextsEqual,OWNER BLANK,nested function/closure frontend (codex/nested-functions); numbered step not recorded,/workspace/stage3-latent-full-adapted/src/compiler/parser.ts:9741:13: stage 0 can't lower a function inside a function (a closure) yet
src/compiler/parser.ts,/workspace/stage3-latent-full-adapted/src/compiler/parser.ts:9754:13,NotYet,a function inside a function (a closure),parseChildPropertyTag,OWNER BLANK,nested function/closure frontend (codex/nested-functions); numbered step not recorded,/workspace/stage3-latent-full-adapted/src/compiler/parser.ts:9754:13: stage 0 can't lower a function inside a function (a closure) yet
src/compiler/parser.ts,/workspace/stage3-latent-full-adapted/src/compiler/parser.ts:9758:13,NotYet,a function inside a function (a closure),parseChildParameterOrPropertyTag,OWNER BLANK,nested function/closure frontend (codex/nested-functions); numbered step not recorded,/workspace/stage3-latent-full-adapted/src/compiler/parser.ts:9758:13: stage 0 can't lower a function inside a function (a closure) yet
src/compiler/parser.ts,/workspace/stage3-latent-full-adapted/src/compiler/parser.ts:9795:13,NotYet,a function inside a function (a closure),tryParseChildTag,OWNER BLANK,nested function/closure frontend (codex/nested-functions); numbered step not recorded,/workspace/stage3-latent-full-adapted/src/compiler/parser.ts:9795:13: stage 0 can't lower a function inside a function (a closure) yet
src/compiler/parser.ts,/workspace/stage3-latent-full-adapted/src/compiler/parser.ts:9828:13,NotYet,a function inside a function (a closure),parseTemplateTagTypeParameter,OWNER BLANK,nested function/closure frontend (codex/nested-functions); numbered step not recorded,/workspace/stage3-latent-full-adapted/src/compiler/parser.ts:9828:13: stage 0 can't lower a function inside a function (a closure) yet
src/compiler/parser.ts,/workspace/stage3-latent-full-adapted/src/compiler/parser.ts:9851:13,NotYet,a function inside a function (a closure),parseTemplateTagTypeParameters,OWNER BLANK,nested function/closure frontend (codex/nested-functions); numbered step not recorded,/workspace/stage3-latent-full-adapted/src/compiler/parser.ts:9851:13: stage 0 can't lower a function inside a function (a closure) yet
src/compiler/parser.ts,/workspace/stage3-latent-full-adapted/src/compiler/parser.ts:9866:13,NotYet,a function inside a function (a closure),parseTemplateTag,OWNER BLANK,nested function/closure frontend (codex/nested-functions); numbered step not recorded,/workspace/stage3-latent-full-adapted/src/compiler/parser.ts:9866:13: stage 0 can't lower a function inside a function (a closure) yet
src/compiler/parser.ts,/workspace/stage3-latent-full-adapted/src/compiler/parser.ts:9883:13,NotYet,a function inside a function (a closure),parseOptionalJsdoc,OWNER BLANK,nested function/closure frontend (codex/nested-functions); numbered step not recorded,/workspace/stage3-latent-full-adapted/src/compiler/parser.ts:9883:13: stage 0 can't lower a function inside a function (a closure) yet
src/compiler/parser.ts,/workspace/stage3-latent-full-adapted/src/compiler/parser.ts:9891:13,NotYet,a function inside a function (a closure),parseJSDocEntityName,OWNER BLANK,nested function/closure frontend (codex/nested-functions); numbered step not recorded,/workspace/stage3-latent-full-adapted/src/compiler/parser.ts:9891:13: stage 0 can't lower a function inside a function (a closure) yet
src/compiler/parser.ts,/workspace/stage3-latent-full-adapted/src/compiler/parser.ts:9909:13,NotYet,a function inside a function (a closure),parseJSDocIdentifierName,OWNER BLANK,nested function/closure frontend (codex/nested-functions); numbered step not recorded,/workspace/stage3-latent-full-adapted/src/compiler/parser.ts:9909:13: stage 0 can't lower a function inside a function (a closure) yet
src/compiler/parser.ts,/workspace/stage3-latent-full-adapted/src/compiler/parser.ts:8922:39,NotYet,lastIndexOf with these arguments,doJSDocScan,OWNER BLANK,wall step not recorded; owner OWNER BLANK,/workspace/stage3-latent-full-adapted/src/compiler/parser.ts:8922:39: stage 0 can't lower lastIndexOf with these arguments yet
src/compiler/parser.ts,/workspace/stage3-latent-full-adapted/src/compiler/parser.ts:8923:17,NotYet,a function inside a function (a closure),pushComment,OWNER BLANK,nested function/closure frontend (codex/nested-functions); numbered step not recorded,/workspace/stage3-latent-full-adapted/src/compiler/parser.ts:8923:17: stage 0 can't lower a function inside a function (a closure) yet
src/compiler/parser.ts,/workspace/stage3-latent-full-adapted/src/compiler/parser.ts:8935:21,NotYet,assigning to an Identifier,doJSDocScan,OWNER BLANK,wall step not recorded; owner OWNER BLANK,/workspace/stage3-latent-full-adapted/src/compiler/parser.ts:8935:21: stage 0 can't lower assigning to an Identifier yet
src/compiler/parser.ts,/workspace/stage3-latent-full-adapted/src/compiler/parser.ts:8942:33,NotYet,a PrefixUnaryExpression on a number | undefined,doJSDocScan,OWNER BLANK,truthiness/unary frontend (codex/taste-not-soundness); owner OWNER BLANK,/workspace/stage3-latent-full-adapted/src/compiler/parser.ts:8942:33: stage 0 can't lower a PrefixUnaryExpression on a number | undefined yet
src/compiler/parser.ts,/workspace/stage3-latent-full-adapted/src/compiler/parser.ts:8943:45,NotYet,reading indent,doJSDocScan,OWNER BLANK,isolated census context boundary; replay before assigning a feature wall,/workspace/stage3-latent-full-adapted/src/compiler/parser.ts:8943:45: stage 0 can't lower reading indent yet
src/compiler/parser.ts,/workspace/stage3-latent-full-adapted/src/compiler/parser.ts:8951:43,NotYet,a method call through a structural signature in a program with statics; use typeof the declaring class,doJSDocScan,01a1143c,wall step not recorded; owner 01a1143c,/workspace/stage3-latent-full-adapted/src/compiler/parser.ts:8951:43: stage 0 can't lower a method call through a structural signature in a program with statics; use typeof the declaring class yet
src/compiler/parser.ts,/workspace/stage3-latent-full-adapted/src/compiler/parser.ts:8953:29,NotYet,assigning to an Identifier,doJSDocScan,OWNER BLANK,wall step not recorded; owner OWNER BLANK,/workspace/stage3-latent-full-adapted/src/compiler/parser.ts:8953:29: stage 0 can't lower assigning to an Identifier yet
src/compiler/parser.ts,/workspace/stage3-latent-full-adapted/src/compiler/parser.ts:8956:29,NotYet,a declaration directly in a case (wrap the case in a block),doJSDocScan,OWNER BLANK,wall step not recorded; owner OWNER BLANK,/workspace/stage3-latent-full-adapted/src/compiler/parser.ts:8956:29: stage 0 can't lower a declaration directly in a case (wrap the case in a block) yet
src/compiler/parser.ts,/workspace/stage3-latent-full-adapted/src/compiler/parser.ts:9016:21,NotYet,a BinaryExpression with a number and a number,doJSDocScan,OWNER BLANK,wall step not recorded; owner OWNER BLANK,/workspace/stage3-latent-full-adapted/src/compiler/parser.ts:9016:21: stage 0 can't lower a BinaryExpression with a number and a number yet
src/compiler/parser.ts,/workspace/stage3-latent-full-adapted/src/compiler/parser.ts:9019:21,NotYet,a BinaryExpression with a number and a value,doJSDocScan,OWNER BLANK,wall step not recorded; owner OWNER BLANK,/workspace/stage3-latent-full-adapted/src/compiler/parser.ts:9019:21: stage 0 can't lower a BinaryExpression with a number and a value yet
src/compiler/parser.ts,/workspace/stage3-latent-full-adapted/src/compiler/parser.ts:2594:14,NotYet,a function returning NodeArray<T>,createNodeArray,OWNER BLANK,wall step not recorded; owner OWNER BLANK,/workspace/stage3-latent-full-adapted/src/compiler/parser.ts:2594:14: stage 0 can't lower a function returning NodeArray<T> yet
src/compiler/parser.ts,/workspace/stage3-latent-full-adapted/src/compiler/parser.ts:8924:25,NotYet,a PrefixUnaryExpression on a number | undefined,pushComment,OWNER BLANK,truthiness/unary frontend (codex/taste-not-soundness); owner OWNER BLANK,/workspace/stage3-latent-full-adapted/src/compiler/parser.ts:8924:25: stage 0 can't lower a PrefixUnaryExpression on a number | undefined yet
src/compiler/parser.ts,/workspace/stage3-latent-full-adapted/src/compiler/parser.ts:9025:24,NotYet,a BinaryExpression with a number and a boolean,removeLeadingNewlines,OWNER BLANK,wall step not recorded; owner OWNER BLANK,/workspace/stage3-latent-full-adapted/src/compiler/parser.ts:9025:24: stage 0 can't lower a BinaryExpression with a number and a boolean yet
src/compiler/parser.ts,/workspace/stage3-latent-full-adapted/src/compiler/parser.ts:9031:24,Refused,a number as a condition,removeTrailingWhitespace,OWNER BLANK,truthiness/unary frontend (codex/taste-not-soundness); owner OWNER BLANK,"/workspace/stage3-latent-full-adapted/src/compiler/parser.ts:9031:24: Adamic 0.1 refuses a number as a condition; compare it explicitly, like name.length > 0 or count !== 0"
src/compiler/parser.ts,/workspace/stage3-latent-full-adapted/src/compiler/parser.ts:2295:14,NotYet,a function returning T,lookAhead,01a1143c,wall step not recorded; owner 01a1143c,/workspace/stage3-latent-full-adapted/src/compiler/parser.ts:2295:14: stage 0 can't lower a function returning T yet
src/compiler/parser.ts,/workspace/stage3-latent-full-adapted/src/compiler/parser.ts:9077:42,NotYet,a method call through a structural signature in a program with statics; use typeof the declaring class,skipWhitespaceOrAsterisk,01a1143c,wall step not recorded; owner 01a1143c,/workspace/stage3-latent-full-adapted/src/compiler/parser.ts:9077:42: stage 0 can't lower a method call through a structural signature in a program with statics; use typeof the declaring class yet
src/compiler/parser.ts,/workspace/stage3-latent-full-adapted/src/compiler/parser.ts:9080:25,NotYet,reading precedingLineBreak,skipWhitespaceOrAsterisk,OWNER BLANK,isolated census context boundary; replay before assigning a feature wall,/workspace/stage3-latent-full-adapted/src/compiler/parser.ts:9080:25: stage 0 can't lower reading precedingLineBreak yet
src/compiler/parser.ts,/workspace/stage3-latent-full-adapted/src/compiler/parser.ts:9096:17,NotYet,reading Debug,parseTag,01a113e7-bfed,wall step not recorded; owner 01a113e7-bfed,/workspace/stage3-latent-full-adapted/src/compiler/parser.ts:9096:17: stage 0 can't lower reading Debug yet
src/compiler/parser.ts,/workspace/stage3-latent-full-adapted/src/compiler/parser.ts:9097:31,NotYet,a method call through a structural signature in a program with statics; use typeof the declaring class,parseTag,01a1143c,wall step not recorded; owner 01a1143c,/workspace/stage3-latent-full-adapted/src/compiler/parser.ts:9097:31: stage 0 can't lower a method call through a structural signature in a program with statics; use typeof the declaring class yet
src/compiler/parser.ts,/workspace/stage3-latent-full-adapted/src/compiler/parser.ts:9104:25,NotYet,a value of type __String,parseTag,OWNER BLANK,wall step not recorded; owner OWNER BLANK,/workspace/stage3-latent-full-adapted/src/compiler/parser.ts:9104:25: stage 0 can't lower a value of type __String yet
src/compiler/parser.ts,/workspace/stage3-latent-full-adapted/src/compiler/parser.ts:9189:21,NotYet,a PrefixUnaryExpression on a string,parseTrailingTagComments,OWNER BLANK,truthiness/unary frontend (codex/taste-not-soundness); owner OWNER BLANK,/workspace/stage3-latent-full-adapted/src/compiler/parser.ts:9189:21: stage 0 can't lower a PrefixUnaryExpression on a string yet
src/compiler/parser.ts,/workspace/stage3-latent-full-adapted/src/compiler/parser.ts:9199:21,NotYet,a value of type any,parseTagComments,"adaptation 40, stage 3",any/unknown source adaptation; step09 scout,/workspace/stage3-latent-full-adapted/src/compiler/parser.ts:9199:21: stage 0 can't lower a value of type any yet
src/compiler/parser.ts,/workspace/stage3-latent-full-adapted/src/compiler/parser.ts:9202:17,NotYet,a function inside a function (a closure),pushComment,OWNER BLANK,nested function/closure frontend (codex/nested-functions); numbered step not recorded,/workspace/stage3-latent-full-adapted/src/compiler/parser.ts:9202:17: stage 0 can't lower a function inside a function (a closure) yet
src/compiler/parser.ts,/workspace/stage3-latent-full-adapted/src/compiler/parser.ts:9219:29,NotYet,reading tok,parseTagComments,OWNER BLANK,isolated census context boundary; replay before assigning a feature wall,/workspace/stage3-latent-full-adapted/src/compiler/parser.ts:9219:29: stage 0 can't lower reading tok yet
src/compiler/parser.ts,/workspace/stage3-latent-full-adapted/src/compiler/parser.ts:9289:25,NotYet,assigning to an Identifier,parseTagComments,OWNER BLANK,wall step not recorded; owner OWNER BLANK,/workspace/stage3-latent-full-adapted/src/compiler/parser.ts:9289:25: stage 0 can't lower assigning to an Identifier yet
src/compiler/parser.ts,/workspace/stage3-latent-full-adapted/src/compiler/parser.ts:9292:25,NotYet,assigning to an Identifier,parseTagComments,OWNER BLANK,wall step not recorded; owner OWNER BLANK,/workspace/stage3-latent-full-adapted/src/compiler/parser.ts:9292:25: stage 0 can't lower assigning to an Identifier yet
src/compiler/parser.ts,/workspace/stage3-latent-full-adapted/src/compiler/parser.ts:9298:21,Refused,a number as a condition,parseTagComments,OWNER BLANK,truthiness/unary frontend (codex/taste-not-soundness); owner OWNER BLANK,"/workspace/stage3-latent-full-adapted/src/compiler/parser.ts:9298:21: Adamic 0.1 refuses a number as a condition; compare it explicitly, like name.length > 0 or count !== 0"
src/compiler/parser.ts,/workspace/stage3-latent-full-adapted/src/compiler/parser.ts:9203:25,NotYet,a PrefixUnaryExpression on a number | undefined,pushComment,OWNER BLANK,truthiness/unary frontend (codex/taste-not-soundness); owner OWNER BLANK,/workspace/stage3-latent-full-adapted/src/compiler/parser.ts:9203:25: stage 0 can't lower a PrefixUnaryExpression on a number | undefined yet
src/compiler/parser.ts,/workspace/stage3-latent-full-adapted/src/compiler/parser.ts:9311:22,NotYet,reading linkType,parseJSDocLink,OWNER BLANK,isolated census context boundary; replay before assigning a feature wall,/workspace/stage3-latent-full-adapted/src/compiler/parser.ts:9311:22: stage 0 can't lower reading linkType yet
src/compiler/parser.ts,/workspace/stage3-latent-full-adapted/src/compiler/parser.ts:9317:30,NotYet,an array of never,parseJSDocLink,OWNER BLANK,wall step not recorded; owner OWNER BLANK,/workspace/stage3-latent-full-adapted/src/compiler/parser.ts:9317:30: stage 0 can't lower an array of never yet
src/compiler/parser.ts,/workspace/stage3-latent-full-adapted/src/compiler/parser.ts:9319:21,NotYet,an array of any,parseJSDocLink,OWNER BLANK,any/unknown source adaptation; step09 scout,/workspace/stage3-latent-full-adapted/src/compiler/parser.ts:9319:21: stage 0 can't lower an array of any yet
src/compiler/parser.ts,/workspace/stage3-latent-full-adapted/src/compiler/parser.ts:9322:32,NotYet,reading linkType,parseJSDocLink,OWNER BLANK,isolated census context boundary; replay before assigning a feature wall,/workspace/stage3-latent-full-adapted/src/compiler/parser.ts:9322:32: stage 0 can't lower reading linkType yet
src/compiler/parser.ts,/workspace/stage3-latent-full-adapted/src/compiler/parser.ts:9353:34,NotYet,a method call through a structural signature in a program with statics; use typeof the declaring class,parseJSDocLinkPrefix,01a1143c,wall step not recorded; owner 01a1143c,/workspace/stage3-latent-full-adapted/src/compiler/parser.ts:9353:34: stage 0 can't lower a method call through a structural signature in a program with statics; use typeof the declaring class yet
src/compiler/parser.ts,/workspace/stage3-latent-full-adapted/src/compiler/parser.ts:9354:40,NotYet,reading kind,parseJSDocLinkPrefix,OWNER BLANK,isolated census context boundary; replay before assigning a feature wall,/workspace/stage3-latent-full-adapted/src/compiler/parser.ts:9354:40: stage 0 can't lower reading kind yet
src/compiler/parser.ts,/workspace/stage3-latent-full-adapted/src/compiler/parser.ts:9367:21,NotYet,a PrefixUnaryExpression on a value,addTag,01a1143b-f5d4,truthiness/unary frontend (codex/taste-not-soundness); owner 01a1143b-f5d4,/workspace/stage3-latent-full-adapted/src/compiler/parser.ts:9367:21: stage 0 can't lower a PrefixUnaryExpression on a value yet
src/compiler/parser.ts,/workspace/stage3-latent-full-adapted/src/compiler/parser.ts:9370:21,NotYet,a PrefixUnaryExpression on a value,addTag,01a1143b-f5d4,truthiness/unary frontend (codex/taste-not-soundness); owner 01a1143b-f5d4,/workspace/stage3-latent-full-adapted/src/compiler/parser.ts:9370:21: stage 0 can't lower a PrefixUnaryExpression on a value yet
src/compiler/parser.ts,/workspace/stage3-latent-full-adapted/src/compiler/parser.ts:2545:14,NotYet,a function returning Token<TKind>,parseExpectedTokenJSDoc,01a1143c,wall step not recorded; owner 01a1143c,/workspace/stage3-latent-full-adapted/src/compiler/parser.ts:2545:14: stage 0 can't lower a function returning Token<TKind> yet
src/compiler/parser.ts,/workspace/stage3-latent-full-adapted/src/compiler/parser.ts:2523:14,NotYet,a function returning Token<TKind>,parseOptionalToken,01a1143c,wall step not recorded; owner 01a1143c,/workspace/stage3-latent-full-adapted/src/compiler/parser.ts:2523:14: stage 0 can't lower a function returning Token<TKind> yet
src/compiler/parser.ts,/workspace/stage3-latent-full-adapted/src/compiler/parser.ts:9417:96,NotYet,a value of type __String,isObjectOrObjectArrayTypeReference,OWNER BLANK,wall step not recorded; owner OWNER BLANK,/workspace/stage3-latent-full-adapted/src/compiler/parser.ts:9417:96: stage 0 can't lower a value of type __String yet
src/compiler/parser.ts,/workspace/stage3-latent-full-adapted/src/compiler/parser.ts:9423:35,NotYet,a PrefixUnaryExpression on a value,parseParameterOrPropertyTag,01a1143b-f5d4,truthiness/unary frontend (codex/taste-not-soundness); owner 01a1143b-f5d4,/workspace/stage3-latent-full-adapted/src/compiler/parser.ts:9423:35: stage 0 can't lower a PrefixUnaryExpression on a value yet
src/compiler/parser.ts,/workspace/stage3-latent-full-adapted/src/compiler/parser.ts:9429:21,NotYet,reading isNameFirst,parseParameterOrPropertyTag,OWNER BLANK,isolated census context boundary; replay before assigning a feature wall,/workspace/stage3-latent-full-adapted/src/compiler/parser.ts:9429:21: stage 0 can't lower reading isNameFirst yet
src/compiler/parser.ts,/workspace/stage3-latent-full-adapted/src/compiler/parser.ts:9438:21,NotYet,assigning to an Identifier,parseParameterOrPropertyTag,OWNER BLANK,wall step not recorded; owner OWNER BLANK,/workspace/stage3-latent-full-adapted/src/compiler/parser.ts:9438:21: stage 0 can't lower assigning to an Identifier yet
src/compiler/parser.ts,/workspace/stage3-latent-full-adapted/src/compiler/parser.ts:9441:23,NotYet,a method call through a structural signature in a program with statics; use typeof the declaring class,parseParameterOrPropertyTag,01a1143c,wall step not recorded; owner 01a1143c,/workspace/stage3-latent-full-adapted/src/compiler/parser.ts:9441:23: stage 0 can't lower a method call through a structural signature in a program with statics; use typeof the declaring class yet
src/compiler/parser.ts,/workspace/stage3-latent-full-adapted/src/compiler/parser.ts:9447:21,NotYet,a BinaryExpression with a value and a boolean,parseNestedTypeLiteral,OWNER BLANK,wall step not recorded; owner OWNER BLANK,/workspace/stage3-latent-full-adapted/src/compiler/parser.ts:9447:21: stage 0 can't lower a BinaryExpression with a value and a boolean yet
src/compiler/core.ts,/workspace/stage3-latent-full-adapted/src/compiler/core.ts:622:31,NotYet,a NonNullExpression,parseReturnTag,01a1130a,non-null/default proof; owner 01a1130a,/workspace/stage3-latent-full-adapted/src/compiler/core.ts:622:31: stage 0 can't lower a NonNullExpression yet
src/compiler/parser.ts,/workspace/stage3-latent-full-adapted/src/compiler/parser.ts:2168:83,NotYet,a parameter that isn't a plain name,parseErrorAt,OWNER BLANK,wall step not recorded; owner OWNER BLANK,/workspace/stage3-latent-full-adapted/src/compiler/parser.ts:2168:83: stage 0 can't lower a parameter that isn't a plain name yet
src/compiler/parser.ts,/workspace/stage3-latent-full-adapted/src/compiler/parser.ts:9488:40,NotYet,reading isMarkdownOrJSDocLink,parseSeeTag,OWNER BLANK,isolated census context boundary; replay before assigning a feature wall,/workspace/stage3-latent-full-adapted/src/compiler/parser.ts:9488:40: stage 0 can't lower reading isMarkdownOrJSDocLink yet
src/compiler/parser.ts,/workspace/stage3-latent-full-adapted/src/compiler/parser.ts:9502:34,NotYet,a method call through a structural signature in a program with statics; use typeof the declaring class,parseAuthorTag,01a1143c,wall step not recorded; owner 01a1143c,/workspace/stage3-latent-full-adapted/src/compiler/parser.ts:9502:34: stage 0 can't lower a method call through a structural signature in a program with statics; use typeof the declaring class yet
src/compiler/parser.ts,/workspace/stage3-latent-full-adapted/src/compiler/parser.ts:9503:66,NotYet,reading commentEnd,parseAuthorTag,OWNER BLANK,isolated census context boundary; replay before assigning a feature wall,/workspace/stage3-latent-full-adapted/src/compiler/parser.ts:9503:66: stage 0 can't lower reading commentEnd yet
src/compiler/parser.ts,/workspace/stage3-latent-full-adapted/src/compiler/parser.ts:9504:22,NotYet,reading comments,parseAuthorTag,OWNER BLANK,isolated census context boundary; replay before assigning a feature wall,/workspace/stage3-latent-full-adapted/src/compiler/parser.ts:9504:22: stage 0 can't lower reading comments yet
src/compiler/parser.ts,/workspace/stage3-latent-full-adapted/src/compiler/parser.ts:9507:41,NotYet,reading comments,parseAuthorTag,OWNER BLANK,isolated census context boundary; replay before assigning a feature wall,/workspace/stage3-latent-full-adapted/src/compiler/parser.ts:9507:41: stage 0 can't lower reading comments yet
src/compiler/parser.ts,/workspace/stage3-latent-full-adapted/src/compiler/parser.ts:9516:29,NotYet,a method call through a structural signature in a program with statics; use typeof the declaring class,parseAuthorNameAndEmail,01a1143c,wall step not recorded; owner 01a1143c,/workspace/stage3-latent-full-adapted/src/compiler/parser.ts:9516:29: stage 0 can't lower a method call through a structural signature in a program with statics; use typeof the declaring class yet
src/compiler/parser.ts,/workspace/stage3-latent-full-adapted/src/compiler/parser.ts:9517:24,NotYet,reading token,parseAuthorNameAndEmail,OWNER BLANK,isolated census context boundary; replay before assigning a feature wall,/workspace/stage3-latent-full-adapted/src/compiler/parser.ts:9517:24: stage 0 can't lower reading token yet
src/compiler/parser.ts,/workspace/stage3-latent-full-adapted/src/compiler/parser.ts:9533:24,NotYet,a method call through a structural signature in a program with statics; use typeof the declaring class,parseAuthorNameAndEmail,01a1143c,wall step not recorded; owner 01a1143c,/workspace/stage3-latent-full-adapted/src/compiler/parser.ts:9533:24: stage 0 can't lower a method call through a structural signature in a program with statics; use typeof the declaring class yet
src/compiler/parser.ts,/workspace/stage3-latent-full-adapted/src/compiler/parser.ts:9537:23,NotYet,a value of type ExpressionWithTypeArguments & { expression: Identifier | PropertyAccessEntityNameExpression; },parseImplementsTag,OWNER BLANK,wall step not recorded; owner OWNER BLANK,/workspace/stage3-latent-full-adapted/src/compiler/parser.ts:9537:23: stage 0 can't lower a value of type ExpressionWithTypeArguments & { expression: Identifier | PropertyAccessEntityNameExpression; } yet
src/compiler/parser.ts,/workspace/stage3-latent-full-adapted/src/compiler/parser.ts:9542:23,NotYet,a value of type ExpressionWithTypeArguments & { expression: Identifier | PropertyAccessEntityNameExpression; },parseAugmentsTag,OWNER BLANK,wall step not recorded; owner OWNER BLANK,/workspace/stage3-latent-full-adapted/src/compiler/parser.ts:9542:23: stage 0 can't lower a value of type ExpressionWithTypeArguments & { expression: Identifier | PropertyAccessEntityNameExpression; } yet
src/compiler/parser.ts,/workspace/stage3-latent-full-adapted/src/compiler/parser.ts:9553:43,NotYet,a method call through a structural signature in a program with statics; use typeof the declaring class,parseImportTag,01a1143c,wall step not recorded; owner 01a1143c,/workspace/stage3-latent-full-adapted/src/compiler/parser.ts:9553:43: stage 0 can't lower a method call through a structural signature in a program with statics; use typeof the declaring class yet
src/compiler/parser.ts,/workspace/stage3-latent-full-adapted/src/compiler/parser.ts:9560:71,NotYet,reading afterImportTagPos,parseImportTag,OWNER BLANK,isolated census context boundary; replay before assigning a feature wall,/workspace/stage3-latent-full-adapted/src/compiler/parser.ts:9560:71: stage 0 can't lower reading afterImportTagPos yet
src/compiler/parser.ts,/workspace/stage3-latent-full-adapted/src/compiler/parser.ts:9568:22,NotYet,a function returning ExpressionWithTypeArguments & { expression: Identifier | PropertyAccessEntityNameExpression; },parseExpressionWithTypeArgumentsForAugments,OWNER BLANK,wall step not recorded; owner OWNER BLANK,/workspace/stage3-latent-full-adapted/src/compiler/parser.ts:9568:22: stage 0 can't lower a function returning ExpressionWithTypeArguments & { expression: Identifier | PropertyAccessEntityNameExpression; } yet
src/compiler/parser.ts,/workspace/stage3-latent-full-adapted/src/compiler/parser.ts:9619:21,NotYet,a PrefixUnaryExpression on a value,parseTypedefTag,01a1143b-f5d4,truthiness/unary frontend (codex/taste-not-soundness); owner 01a1143b-f5d4,/workspace/stage3-latent-full-adapted/src/compiler/parser.ts:9619:21: stage 0 can't lower a PrefixUnaryExpression on a value yet
src/compiler/parser.ts,/workspace/stage3-latent-full-adapted/src/compiler/parser.ts:9656:23,NotYet,a BinaryExpression with a number | undefined and a boolean,parseTypedefTag,OWNER BLANK,wall step not recorded; owner OWNER BLANK,/workspace/stage3-latent-full-adapted/src/compiler/parser.ts:9656:23: stage 0 can't lower a BinaryExpression with a number | undefined and a boolean yet
src/compiler/parser.ts,/workspace/stage3-latent-full-adapted/src/compiler/parser.ts:9660:21,NotYet,a PrefixUnaryExpression on a union of differently held members,parseTypedefTag,OWNER BLANK,truthiness/unary frontend (codex/taste-not-soundness); owner OWNER BLANK,/workspace/stage3-latent-full-adapted/src/compiler/parser.ts:9660:21: stage 0 can't lower a PrefixUnaryExpression on a union of differently held members yet
src/compiler/parser.ts,/workspace/stage3-latent-full-adapted/src/compiler/parser.ts:9664:36,NotYet,a method call through a structural signature in a program with statics; use typeof the declaring class,parseTypedefTag,01a1143c,wall step not recorded; owner 01a1143c,/workspace/stage3-latent-full-adapted/src/compiler/parser.ts:9664:36: stage 0 can't lower a method call through a structural signature in a program with statics; use typeof the declaring class yet
src/compiler/parser.ts,/workspace/stage3-latent-full-adapted/src/compiler/parser.ts:9669:31,NotYet,a method call through a structural signature in a program with statics; use typeof the declaring class,parseJSDocTypeNameWithNamespace,01a1143c,wall step not recorded; owner 01a1143c,/workspace/stage3-latent-full-adapted/src/compiler/parser.ts:9669:31: stage 0 can't lower a method call through a structural signature in a program with statics; use typeof the declaring class yet
src/compiler/parser.ts,/workspace/stage3-latent-full-adapted/src/compiler/parser.ts:9685:21,Refused,a boolean | undefined as a condition,parseJSDocTypeNameWithNamespace,01a113e3-a058,truthiness/unary frontend (codex/taste-not-soundness); owner 01a113e3-a058,"/workspace/stage3-latent-full-adapted/src/compiler/parser.ts:9685:21: Adamic 0.1 refuses a boolean | undefined as a condition; compare it explicitly, like name.length > 0 or count !== 0"
src/compiler/parser.ts,/workspace/stage3-latent-full-adapted/src/compiler/parser.ts:9694:21,NotYet,a value of type any,parseCallbackTagParameters,"adaptation 40, stage 3",any/unknown source adaptation; step09 scout,/workspace/stage3-latent-full-adapted/src/compiler/parser.ts:9694:21: stage 0 can't lower a value of type any yet
src/compiler/parser.ts,/workspace/stage3-latent-full-adapted/src/compiler/parser.ts:9723:21,NotYet,a PrefixUnaryExpression on a union of differently held members,parseCallbackTag,OWNER BLANK,truthiness/unary frontend (codex/taste-not-soundness); owner OWNER BLANK,/workspace/stage3-latent-full-adapted/src/compiler/parser.ts:9723:21: stage 0 can't lower a PrefixUnaryExpression on a union of differently held members yet
src/compiler/parser.ts,/workspace/stage3-latent-full-adapted/src/compiler/parser.ts:9734:21,NotYet,a PrefixUnaryExpression on a union of differently held members,parseOverloadTag,OWNER BLANK,truthiness/unary frontend (codex/taste-not-soundness); owner OWNER BLANK,/workspace/stage3-latent-full-adapted/src/compiler/parser.ts:9734:21: stage 0 can't lower a PrefixUnaryExpression on a union of differently held members yet
src/compiler/parser.ts,/workspace/stage3-latent-full-adapted/src/compiler/parser.ts:9743:73,NotYet,a value of type __String,escapedTextsEqual,OWNER BLANK,wall step not recorded; owner OWNER BLANK,/workspace/stage3-latent-full-adapted/src/compiler/parser.ts:9743:73: stage 0 can't lower a value of type __String yet
src/compiler/parser.ts,/workspace/stage3-latent-full-adapted/src/compiler/parser.ts:9751:24,NotYet,a value of type __String,escapedTextsEqual,OWNER BLANK,wall step not recorded; owner OWNER BLANK,/workspace/stage3-latent-full-adapted/src/compiler/parser.ts:9751:24: stage 0 can't lower a value of type __String yet
src/compiler/parser.ts,/workspace/stage3-latent-full-adapted/src/compiler/parser.ts:9767:37,NotYet,a BinaryExpression with a union of differently held members and a boolean,parseChildParameterOrPropertyTag,OWNER BLANK,wall step not recorded; owner OWNER BLANK,/workspace/stage3-latent-full-adapted/src/compiler/parser.ts:9767:37: stage 0 can't lower a BinaryExpression with a union of differently held members and a boolean yet
src/compiler/parser.ts,/workspace/stage3-latent-full-adapted/src/compiler/parser.ts:9796:17,NotYet,reading Debug,tryParseChildTag,01a113e7-bfed,wall step not recorded; owner 01a113e7-bfed,/workspace/stage3-latent-full-adapted/src/compiler/parser.ts:9796:17: stage 0 can't lower reading Debug yet
src/compiler/parser.ts,/workspace/stage3-latent-full-adapted/src/compiler/parser.ts:9797:31,NotYet,a method call through a structural signature in a program with statics; use typeof the declaring class,tryParseChildTag,01a1143c,wall step not recorded; owner 01a1143c,/workspace/stage3-latent-full-adapted/src/compiler/parser.ts:9797:31: stage 0 can't lower a method call through a structural signature in a program with statics; use typeof the declaring class yet
src/compiler/parser.ts,/workspace/stage3-latent-full-adapted/src/compiler/parser.ts:9803:25,NotYet,a value of type __String,tryParseChildTag,OWNER BLANK,wall step not recorded; owner OWNER BLANK,/workspace/stage3-latent-full-adapted/src/compiler/parser.ts:9803:25: stage 0 can't lower a value of type __String yet
src/compiler/parser.ts,/workspace/stage3-latent-full-adapted/src/compiler/parser.ts:9822:21,NotYet,a PrefixUnaryExpression on a number,tryParseChildTag,OWNER BLANK,truthiness/unary frontend (codex/taste-not-soundness); owner OWNER BLANK,/workspace/stage3-latent-full-adapted/src/compiler/parser.ts:9822:21: stage 0 can't lower a PrefixUnaryExpression on a number yet
src/compiler/parser.ts,/workspace/stage3-latent-full-adapted/src/compiler/parser.ts:9825:52,NotYet,reading start,tryParseChildTag,OWNER BLANK,isolated census context boundary; replay before assigning a feature wall,/workspace/stage3-latent-full-adapted/src/compiler/parser.ts:9825:52: stage 0 can't lower reading start yet
src/compiler/parser.ts,/workspace/stage3-latent-full-adapted/src/compiler/parser.ts:9853:40,NotYet,an array of never,parseTemplateTagTypeParameters,OWNER BLANK,wall step not recorded; owner OWNER BLANK,/workspace/stage3-latent-full-adapted/src/compiler/parser.ts:9853:40: stage 0 can't lower an array of never yet
src/compiler/parser.ts,/workspace/stage3-latent-full-adapted/src/compiler/parser.ts:9858:25,NotYet,an array of any,parseTemplateTagTypeParameters,OWNER BLANK,any/unknown source adaptation; step09 scout,/workspace/stage3-latent-full-adapted/src/compiler/parser.ts:9858:25: stage 0 can't lower an array of any yet
src/compiler/parser.ts,/workspace/stage3-latent-full-adapted/src/compiler/parser.ts:9915:31,NotYet,a method call through a structural signature in a program with statics; use typeof the declaring class,parseJSDocIdentifierName,01a1143c,wall step not recorded; owner 01a1143c,/workspace/stage3-latent-full-adapted/src/compiler/parser.ts:9915:31: stage 0 can't lower a method call through a structural signature in a program with statics; use typeof the declaring class yet
src/compiler/parser.ts,/workspace/stage3-latent-full-adapted/src/compiler/parser.ts:9916:29,NotYet,a method call through a structural signature in a program with statics; use typeof the declaring class,parseJSDocIdentifierName,01a1143c,wall step not recorded; owner 01a1143c,/workspace/stage3-latent-full-adapted/src/compiler/parser.ts:9916:29: stage 0 can't lower a method call through a structural signature in a program with statics; use typeof the declaring class yet
src/compiler/parser.ts,/workspace/stage3-latent-full-adapted/src/compiler/parser.ts:9918:47,NotYet,a method call through a structural signature in a program with statics; use typeof the declaring class,parseJSDocIdentifierName,01a1143c,wall step not recorded; owner 01a1143c,/workspace/stage3-latent-full-adapted/src/compiler/parser.ts:9918:47: stage 0 can't lower a method call through a structural signature in a program with statics; use typeof the declaring class yet
src/compiler/parser.ts,/workspace/stage3-latent-full-adapted/src/compiler/parser.ts:9921:24,NotYet,reading result,parseJSDocIdentifierName,OWNER BLANK,isolated census context boundary; replay before assigning a feature wall,/workspace/stage3-latent-full-adapted/src/compiler/parser.ts:9921:24: stage 0 can't lower reading result yet
src/compiler/scanner.ts,/workspace/stage3-latent-full-adapted/src/compiler/scanner.ts:3816:24,NotYet,a BinaryExpression with a number and a number,scanJSDocCommentTextToken,OWNER BLANK,wall step not recorded; owner OWNER BLANK,/workspace/stage3-latent-full-adapted/src/compiler/scanner.ts:3816:24: stage 0 can't lower a BinaryExpression with a number and a number yet
src/compiler/scanner.ts,/workspace/stage3-latent-full-adapted/src/compiler/scanner.ts:3819:20,NotYet,a BinaryExpression with a number and a number,scanJSDocCommentTextToken,OWNER BLANK,wall step not recorded; owner OWNER BLANK,/workspace/stage3-latent-full-adapted/src/compiler/scanner.ts:3819:20: stage 0 can't lower a BinaryExpression with a number and a number yet
src/compiler/scanner.ts,/workspace/stage3-latent-full-adapted/src/compiler/scanner.ts:3821:138,NotYet,a PrefixUnaryExpression on a number,scanJSDocCommentTextToken,OWNER BLANK,truthiness/unary frontend (codex/taste-not-soundness); owner OWNER BLANK,/workspace/stage3-latent-full-adapted/src/compiler/scanner.ts:3821:138: stage 0 can't lower a PrefixUnaryExpression on a number yet
src/compiler/scanner.ts,/workspace/stage3-latent-full-adapted/src/compiler/scanner.ts:3840:16,NotYet,a BinaryExpression with a number and a number,scanJSDocCommentTextToken,OWNER BLANK,wall step not recorded; owner OWNER BLANK,/workspace/stage3-latent-full-adapted/src/compiler/scanner.ts:3840:16: stage 0 can't lower a BinaryExpression with a number and a number yet
src/compiler/utilities.ts,/workspace/stage3-latent-full-adapted/src/compiler/utilities.ts:3826:22,Refused,an object refinement using an open numeric enum as a literal tag,isJSDocIndexSignature,OWNER BLANK,checked-cast/type-shape wall (#b5w3ycg); step09 scout,"/workspace/stage3-latent-full-adapted/src/compiler/utilities.ts:3826:22: Adamic 0.1 refuses an object refinement using an open numeric enum as a literal tag; use a member-specific tag from a multi-member enum, a string enum, or a plain literal tag (adamic/enum-tag)"
src/compiler/utilities.ts,/workspace/stage3-latent-full-adapted/src/compiler/utilities.ts:3827:9,Refused,an object refinement using an open numeric enum as a literal tag,isJSDocIndexSignature,OWNER BLANK,checked-cast/type-shape wall (#b5w3ycg); step09 scout,"/workspace/stage3-latent-full-adapted/src/compiler/utilities.ts:3827:9: Adamic 0.1 refuses an object refinement using an open numeric enum as a literal tag; use a member-specific tag from a multi-member enum, a string enum, or a plain literal tag (adamic/enum-tag)"
src/compiler/utilities.ts,/workspace/stage3-latent-full-adapted/src/compiler/utilities.ts:3827:14,Refused,an object refinement using an open numeric enum as a literal tag,isJSDocIndexSignature,OWNER BLANK,checked-cast/type-shape wall (#b5w3ycg); step09 scout,"/workspace/stage3-latent-full-adapted/src/compiler/utilities.ts:3827:14: Adamic 0.1 refuses an object refinement using an open numeric enum as a literal tag; use a member-specific tag from a multi-member enum, a string enum, or a plain literal tag (adamic/enum-tag)"
src/compiler/utilities.ts,/workspace/stage3-latent-full-adapted/src/compiler/utilities.ts:3828:9,Refused,an object refinement using an open numeric enum as a literal tag,isJSDocIndexSignature,OWNER BLANK,checked-cast/type-shape wall (#b5w3ycg); step09 scout,"/workspace/stage3-latent-full-adapted/src/compiler/utilities.ts:3828:9: Adamic 0.1 refuses an object refinement using an open numeric enum as a literal tag; use a member-specific tag from a multi-member enum, a string enum, or a plain literal tag (adamic/enum-tag)"
src/compiler/utilities.ts,/workspace/stage3-latent-full-adapted/src/compiler/utilities.ts:3828:31,Refused,an object refinement using an open numeric enum as a literal tag,isJSDocIndexSignature,OWNER BLANK,checked-cast/type-shape wall (#b5w3ycg); step09 scout,"/workspace/stage3-latent-full-adapted/src/compiler/utilities.ts:3828:31: Adamic 0.1 refuses an object refinement using an open numeric enum as a literal tag; use a member-specific tag from a multi-member enum, a string enum, or a plain literal tag (adamic/enum-tag)"
src/compiler/utilities.ts,/workspace/stage3-latent-full-adapted/src/compiler/utilities.ts:3829:10,Refused,the non-null assertion !,isJSDocIndexSignature,01a1130a,non-null/default proof; owner 01a1130a,"/workspace/stage3-latent-full-adapted/src/compiler/utilities.ts:3829:10: Adamic 0.1 refuses the non-null assertion !; write ?? panic('why it can't be missing'), or narrow and handle the missing case"
src/compiler/utilities.ts,/workspace/stage3-latent-full-adapted/src/compiler/utilities.ts:3829:10,Refused,an object refinement using an open numeric enum as a literal tag,isJSDocIndexSignature,OWNER BLANK,checked-cast/type-shape wall (#b5w3ycg); step09 scout,"/workspace/stage3-latent-full-adapted/src/compiler/utilities.ts:3829:10: Adamic 0.1 refuses an object refinement using an open numeric enum as a literal tag; use a member-specific tag from a multi-member enum, a string enum, or a plain literal tag (adamic/enum-tag)"
src/compiler/utilities.ts,/workspace/stage3-latent-full-adapted/src/compiler/utilities.ts:3829:70,Refused,the non-null assertion !,isJSDocIndexSignature,01a1130a,non-null/default proof; owner 01a1130a,"/workspace/stage3-latent-full-adapted/src/compiler/utilities.ts:3829:70: Adamic 0.1 refuses the non-null assertion !; write ?? panic('why it can't be missing'), or narrow and handle the missing case"
src/compiler/utilities.ts,/workspace/stage3-latent-full-adapted/src/compiler/utilities.ts:3829:70,Refused,an object refinement using an open numeric enum as a literal tag,isJSDocIndexSignature,OWNER BLANK,checked-cast/type-shape wall (#b5w3ycg); step09 scout,"/workspace/stage3-latent-full-adapted/src/compiler/utilities.ts:3829:70: Adamic 0.1 refuses an object refinement using an open numeric enum as a literal tag; use a member-specific tag from a multi-member enum, a string enum, or a plain literal tag (adamic/enum-tag)"
src/compiler/utilities.ts,/workspace/stage3-latent-full-adapted/src/compiler/utilities.ts:4483:5,Refused,a type predicate whose return is not proven (return expression is not a trusted check on node),isJSDocTypeAlias,01a1143b-d691,predicate/assertion body proof; owner 01a1143b-d691,"/workspace/stage3-latent-full-adapted/src/compiler/utilities.ts:4483:5: Adamic 0.1 refuses a type predicate whose return is not proven (return expression is not a trusted check on node); inline the check where you use it, or return a discriminant comparison on the unmodified parameter (adamic/no-type-predicate)"
src/compiler/utilities.ts,/workspace/stage3-latent-full-adapted/src/compiler/utilities.ts:4562:5,Refused,a type predicate whose return is not proven (return paths through KindSwitchStatement are not verified),canHaveJSDoc,01a1143b-d691,predicate/assertion body proof; owner 01a1143b-d691,"/workspace/stage3-latent-full-adapted/src/compiler/utilities.ts:4562:5: Adamic 0.1 refuses a type predicate whose return is not proven (return paths through KindSwitchStatement are not verified); inline the check where you use it, or return a discriminant comparison on the unmodified parameter (adamic/no-type-predicate)"
src/compiler/utilities.ts,/workspace/stage3-latent-full-adapted/src/compiler/utilities.ts:4661:79,Refused,the non-null assertion !,getJSDocCommentsAndTags,01a1130a,non-null/default proof; owner 01a1130a,"/workspace/stage3-latent-full-adapted/src/compiler/utilities.ts:4661:79: Adamic 0.1 refuses the non-null assertion !; write ?? panic('why it can't be missing'), or narrow and handle the missing case"
src/compiler/utilities.ts,/workspace/stage3-latent-full-adapted/src/compiler/utilities.ts:4662:66,Refused,the non-null assertion !,getJSDocCommentsAndTags,01a1130a,non-null/default proof; owner 01a1130a,"/workspace/stage3-latent-full-adapted/src/compiler/utilities.ts:4662:66: Adamic 0.1 refuses the non-null assertion !; write ?? panic('why it can't be missing'), or narrow and handle the missing case"
src/compiler/utilities.ts,/workspace/stage3-latent-full-adapted/src/compiler/utilities.ts:4668:70,Refused,the non-null assertion !,getJSDocCommentsAndTags,01a1130a,non-null/default proof; owner 01a1130a,"/workspace/stage3-latent-full-adapted/src/compiler/utilities.ts:4668:70: Adamic 0.1 refuses the non-null assertion !; write ?? panic('why it can't be missing'), or narrow and handle the missing case"
src/compiler/utilities.ts,/workspace/stage3-latent-full-adapted/src/compiler/utilities.ts:4672:104,Refused,a cast the runtime can't check,getJSDocCommentsAndTags,01a11410,checked-cast/type-shape wall (#b5w3ycg); step09 scout,"/workspace/stage3-latent-full-adapted/src/compiler/utilities.ts:4672:104: Adamic 0.1 refuses a cast the runtime can't check; use a proven upcast, cast a discriminated object union with unique literal or enum tags to members or a sub-union, or downcast along nominal class ancestry (adamic/no-unchecked-cast)"
src/compiler/utilities.ts,/workspace/stage3-latent-full-adapted/src/compiler/utilities.ts:4676:112,Refused,a cast the runtime can't check,getJSDocCommentsAndTags,01a11410,checked-cast/type-shape wall (#b5w3ycg); step09 scout,"/workspace/stage3-latent-full-adapted/src/compiler/utilities.ts:4676:112: Adamic 0.1 refuses a cast the runtime can't check; use a proven upcast, cast a discriminated object union with unique literal or enum tags to members or a sub-union, or downcast along nominal class ancestry (adamic/no-unchecked-cast)"
src/compiler/utilities.ts,/workspace/stage3-latent-full-adapted/src/compiler/utilities.ts:4681:22,Refused,"a value of type never[] seen as (JSDoc | JSDocTag)[], which can write JSDoc | JSDocTag where never is read",getJSDocCommentsAndTags,"adaptation 70, stage 3",checked-cast/type-shape wall (#b5w3ycg); step09 scout,"/workspace/stage3-latent-full-adapted/src/compiler/utilities.ts:4681:22: Adamic 0.1 refuses a value of type never[] seen as (JSDoc | JSDocTag)[], which can write JSDoc | JSDocTag where never is read; make the wider type readonly (readonly T[], ReadonlyMap, readonly fields), which can't write; or copy the value ([...items], { ...item }) (adamic/invariant-mutable)"
src/compiler/utilities.ts,/workspace/stage3-latent-full-adapted/src/compiler/utilities.ts:4705:39,Refused,an object refinement using an open numeric enum as a literal tag,ownsJSDocTag,OWNER BLANK,checked-cast/type-shape wall (#b5w3ycg); step09 scout,"/workspace/stage3-latent-full-adapted/src/compiler/utilities.ts:4705:39: Adamic 0.1 refuses an object refinement using an open numeric enum as a literal tag; use a member-specific tag from a multi-member enum, a string enum, or a plain literal tag (adamic/enum-tag)"
src/compiler/utilities.ts,/workspace/stage3-latent-full-adapted/src/compiler/utilities.ts:4705:43,Refused,an object refinement using an open numeric enum as a literal tag,ownsJSDocTag,OWNER BLANK,checked-cast/type-shape wall (#b5w3ycg); step09 scout,"/workspace/stage3-latent-full-adapted/src/compiler/utilities.ts:4705:43: Adamic 0.1 refuses an object refinement using an open numeric enum as a literal tag; use a member-specific tag from a multi-member enum, a string enum, or a plain literal tag (adamic/enum-tag)"
src/compiler/utilities.ts,/workspace/stage3-latent-full-adapted/src/compiler/utilities.ts:4706:12,Refused,an object refinement using an open numeric enum as a literal tag,ownsJSDocTag,OWNER BLANK,checked-cast/type-shape wall (#b5w3ycg); step09 scout,"/workspace/stage3-latent-full-adapted/src/compiler/utilities.ts:4706:12: Adamic 0.1 refuses an object refinement using an open numeric enum as a literal tag; use a member-specific tag from a multi-member enum, a string enum, or a plain literal tag (adamic/enum-tag)"
src/compiler/utilities.ts,/workspace/stage3-latent-full-adapted/src/compiler/utilities.ts:4706:16,Refused,an object refinement using an open numeric enum as a literal tag,ownsJSDocTag,OWNER BLANK,checked-cast/type-shape wall (#b5w3ycg); step09 scout,"/workspace/stage3-latent-full-adapted/src/compiler/utilities.ts:4706:16: Adamic 0.1 refuses an object refinement using an open numeric enum as a literal tag; use a member-specific tag from a multi-member enum, a string enum, or a plain literal tag (adamic/enum-tag)"
src/compiler/utilities.ts,/workspace/stage3-latent-full-adapted/src/compiler/utilities.ts:4706:23,Refused,an object refinement using an open numeric enum as a literal tag,ownsJSDocTag,OWNER BLANK,checked-cast/type-shape wall (#b5w3ycg); step09 scout,"/workspace/stage3-latent-full-adapted/src/compiler/utilities.ts:4706:23: Adamic 0.1 refuses an object refinement using an open numeric enum as a literal tag; use a member-specific tag from a multi-member enum, a string enum, or a plain literal tag (adamic/enum-tag)"
src/compiler/utilities.ts,/workspace/stage3-latent-full-adapted/src/compiler/utilities.ts:4757:18,Refused,an object refinement using an open numeric enum as a literal tag,getParameterSymbolFromJSDoc,OWNER BLANK,checked-cast/type-shape wall (#b5w3ycg); step09 scout,"/workspace/stage3-latent-full-adapted/src/compiler/utilities.ts:4757:18: Adamic 0.1 refuses an object refinement using an open numeric enum as a literal tag; use a member-specific tag from a multi-member enum, a string enum, or a plain literal tag (adamic/enum-tag)"
src/compiler/utilities.ts,/workspace/stage3-latent-full-adapted/src/compiler/utilities.ts:4757:23,Refused,an object refinement using an open numeric enum as a literal tag,getParameterSymbolFromJSDoc,OWNER BLANK,checked-cast/type-shape wall (#b5w3ycg); step09 scout,"/workspace/stage3-latent-full-adapted/src/compiler/utilities.ts:4757:23: Adamic 0.1 refuses an object refinement using an open numeric enum as a literal tag; use a member-specific tag from a multi-member enum, a string enum, or a plain literal tag (adamic/enum-tag)"
src/compiler/utilities.ts,/workspace/stage3-latent-full-adapted/src/compiler/utilities.ts:4762:91,Refused,an object refinement using an open numeric enum as a literal tag,getParameterSymbolFromJSDoc,OWNER BLANK,checked-cast/type-shape wall (#b5w3ycg); step09 scout,"/workspace/stage3-latent-full-adapted/src/compiler/utilities.ts:4762:91: Adamic 0.1 refuses an object refinement using an open numeric enum as a literal tag; use a member-specific tag from a multi-member enum, a string enum, or a plain literal tag (adamic/enum-tag)"
src/compiler/utilities.ts,/workspace/stage3-latent-full-adapted/src/compiler/utilities.ts:4762:93,Refused,an object refinement using an open numeric enum as a literal tag,getParameterSymbolFromJSDoc,OWNER BLANK,checked-cast/type-shape wall (#b5w3ycg); step09 scout,"/workspace/stage3-latent-full-adapted/src/compiler/utilities.ts:4762:93: Adamic 0.1 refuses an object refinement using an open numeric enum as a literal tag; use a member-specific tag from a multi-member enum, a string enum, or a plain literal tag (adamic/enum-tag)"
src/compiler/utilities.ts,/workspace/stage3-latent-full-adapted/src/compiler/utilities.ts:4763:12,Refused,"a value of type ParameterDeclaration | undefined seen as Symbol | undefined, whose readonly field flags becomes writable: a readonly field may hold something narrower than NodeFlags, which a write of SymbolFlags would replace",getParameterSymbolFromJSDoc,"adaptation 70, stage 3",checked-cast/type-shape wall (#b5w3ycg); step09 scout,"/workspace/stage3-latent-full-adapted/src/compiler/utilities.ts:4763:12: Adamic 0.1 refuses a value of type ParameterDeclaration | undefined seen as Symbol | undefined, whose readonly field flags becomes writable: a readonly field may hold something narrower than NodeFlags, which a write of SymbolFlags would replace; keep flags readonly in the type it's seen as, or copy the value ({ ...value }) (adamic/invariant-mutable)"
src/compiler/utilities.ts,/workspace/stage3-latent-full-adapted/src/compiler/utilities.ts:4768:33,Refused,an object refinement using an open numeric enum as a literal tag,getEffectiveContainerForJSDocTemplateTag,OWNER BLANK,checked-cast/type-shape wall (#b5w3ycg); step09 scout,"/workspace/stage3-latent-full-adapted/src/compiler/utilities.ts:4768:33: Adamic 0.1 refuses an object refinement using an open numeric enum as a literal tag; use a member-specific tag from a multi-member enum, a string enum, or a plain literal tag (adamic/enum-tag)"
src/compiler/utilities.ts,/workspace/stage3-latent-full-adapted/src/compiler/utilities.ts:4768:38,Refused,an object refinement using an open numeric enum as a literal tag,getEffectiveContainerForJSDocTemplateTag,OWNER BLANK,checked-cast/type-shape wall (#b5w3ycg); step09 scout,"/workspace/stage3-latent-full-adapted/src/compiler/utilities.ts:4768:38: Adamic 0.1 refuses an object refinement using an open numeric enum as a literal tag; use a member-specific tag from a multi-member enum, a string enum, or a plain literal tag (adamic/enum-tag)"
src/compiler/utilities.ts,/workspace/stage3-latent-full-adapted/src/compiler/utilities.ts:4770:32,Refused,an object refinement using an open numeric enum as a literal tag,getEffectiveContainerForJSDocTemplateTag,OWNER BLANK,checked-cast/type-shape wall (#b5w3ycg); step09 scout,"/workspace/stage3-latent-full-adapted/src/compiler/utilities.ts:4770:32: Adamic 0.1 refuses an object refinement using an open numeric enum as a literal tag; use a member-specific tag from a multi-member enum, a string enum, or a plain literal tag (adamic/enum-tag)"
src/compiler/utilities.ts,/workspace/stage3-latent-full-adapted/src/compiler/utilities.ts:4770:37,Refused,an object refinement using an open numeric enum as a literal tag,getEffectiveContainerForJSDocTemplateTag,OWNER BLANK,checked-cast/type-shape wall (#b5w3ycg); step09 scout,"/workspace/stage3-latent-full-adapted/src/compiler/utilities.ts:4770:37: Adamic 0.1 refuses an object refinement using an open numeric enum as a literal tag; use a member-specific tag from a multi-member enum, a string enum, or a plain literal tag (adamic/enum-tag)"
src/compiler/utilities.ts,/workspace/stage3-latent-full-adapted/src/compiler/utilities.ts:10736:31,Refused,the non-null assertion !,bindJSDoc,01a1130a,non-null/default proof; owner 01a1130a,"/workspace/stage3-latent-full-adapted/src/compiler/utilities.ts:10736:31: Adamic 0.1 refuses the non-null assertion !; write ?? panic('why it can't be missing'), or narrow and handle the missing case"
src/compiler/utilities.ts,/workspace/stage3-latent-full-adapted/src/compiler/utilities.ts:11112:5,Refused,a type predicate whose return is not proven (return expression is not a trusted check on node),isJSDocSatisfiesExpression,01a1143b-d691,predicate/assertion body proof; owner 01a1143b-d691,"/workspace/stage3-latent-full-adapted/src/compiler/utilities.ts:11112:5: Adamic 0.1 refuses a type predicate whose return is not proven (return expression is not a trusted check on node); inline the check where you use it, or return a discriminant comparison on the unmodified parameter (adamic/no-type-predicate)"
src/compiler/utilities.ts,/workspace/stage3-latent-full-adapted/src/compiler/utilities.ts:11123:12,Refused,an unproven value assigned to a numeric literal or enum member slot SyntaxKind.JSDocTypeExpression,tryGetJSDocSatisfiesTypeNode,OWNER BLANK,enum and namespace frontend; owner OWNER BLANK,"/workspace/stage3-latent-full-adapted/src/compiler/utilities.ts:11123:12: Adamic 0.1 refuses an unproven value assigned to a numeric literal or enum member slot SyntaxKind.JSDocTypeExpression; compare with this literal and return that constant, or widen the slot to the whole numeric enum or number (adamic/enum-literal)"
src/compiler/utilitiesPublic.ts,/workspace/stage3-latent-full-adapted/src/compiler/utilitiesPublic.ts:786:17,NotYet,a function returning T | undefined,isJSDocTypeExpressionOrChild,01a1143c,wall step not recorded; owner 01a1143c,/workspace/stage3-latent-full-adapted/src/compiler/utilitiesPublic.ts:786:17: stage 0 can't lower a function returning T | undefined yet
src/compiler/core.ts,/workspace/stage3-latent-full-adapted/src/compiler/core.ts:675:12,NotYet,an array of T,getJSDocCommentRanges,OWNER BLANK,wall step not recorded; owner OWNER BLANK,/workspace/stage3-latent-full-adapted/src/compiler/core.ts:675:12: stage 0 can't lower an array of T yet
src/compiler/core.ts,/workspace/stage3-latent-full-adapted/src/compiler/core.ts:277:17,NotYet,a function returning readonly T[] | undefined,getJSDocCommentRanges,OWNER BLANK,wall step not recorded; owner OWNER BLANK,/workspace/stage3-latent-full-adapted/src/compiler/core.ts:277:17: stage 0 can't lower a function returning readonly T[] | undefined yet
src/compiler/utilities.ts,/workspace/stage3-latent-full-adapted/src/compiler/utilities.ts:3820:13,NotYet,a PrefixUnaryExpression on a value,isInJSDoc,01a1143b-f5d4,truthiness/unary frontend (codex/taste-not-soundness); owner 01a1143b-f5d4,/workspace/stage3-latent-full-adapted/src/compiler/utilities.ts:3820:13: stage 0 can't lower a PrefixUnaryExpression on a value yet
src/compiler/utilities.ts,/workspace/stage3-latent-full-adapted/src/compiler/utilities.ts:3827:9,NotYet,a value of type __String,isJSDocIndexSignature,OWNER BLANK,wall step not recorded; owner OWNER BLANK,/workspace/stage3-latent-full-adapted/src/compiler/utilities.ts:3827:9: stage 0 can't lower a value of type __String yet
src/compiler/core.ts,/workspace/stage3-latent-full-adapted/src/compiler/core.ts:1083:17,NotYet,a function returning T | undefined,isJSDocConstructSignature,01a1143c,wall step not recorded; owner 01a1143c,/workspace/stage3-latent-full-adapted/src/compiler/core.ts:1083:17: stage 0 can't lower a function returning T | undefined yet
src/compiler/core.ts,/workspace/stage3-latent-full-adapted/src/compiler/core.ts:1778:17,NotYet,a function returning TOut | undefined,isJSDocConstructSignature,01a1143c,wall step not recorded; owner 01a1143c,/workspace/stage3-latent-full-adapted/src/compiler/core.ts:1778:17: stage 0 can't lower a function returning TOut | undefined yet
src/compiler/utilities.ts,/workspace/stage3-latent-full-adapted/src/compiler/utilities.ts:4478:14,NotYet,reading name,isJSDocConstructSignature,OWNER BLANK,isolated census context boundary; replay before assigning a feature wall,/workspace/stage3-latent-full-adapted/src/compiler/utilities.ts:4478:14: stage 0 can't lower reading name yet
src/compiler/utilities.ts,/workspace/stage3-latent-full-adapted/src/compiler/utilities.ts:4654:1,NotYet,a function without a body,getJSDocCommentsAndTags,01a1143b-f5d4,wall step not recorded; owner 01a1143b-f5d4,/workspace/stage3-latent-full-adapted/src/compiler/utilities.ts:4654:1: stage 0 can't lower a function without a body yet
src/compiler/utilities.ts,/workspace/stage3-latent-full-adapted/src/compiler/utilities.ts:4657:1,NotYet,a function without a body,getJSDocCommentsAndTags,01a1143b-f5d4,wall step not recorded; owner 01a1143b-f5d4,/workspace/stage3-latent-full-adapted/src/compiler/utilities.ts:4657:1: stage 0 can't lower a function without a body yet
src/compiler/utilities.ts,/workspace/stage3-latent-full-adapted/src/compiler/utilities.ts:4661:79,NotYet,a NonNullExpression,getJSDocCommentsAndTags,01a1130a,non-null/default proof; owner 01a1130a,/workspace/stage3-latent-full-adapted/src/compiler/utilities.ts:4661:79: stage 0 can't lower a NonNullExpression yet
src/compiler/utilities.ts,/workspace/stage3-latent-full-adapted/src/compiler/utilities.ts:4666:12,NotYet,a BinaryExpression with a value and a value,getJSDocCommentsAndTags,OWNER BLANK,wall step not recorded; owner OWNER BLANK,/workspace/stage3-latent-full-adapted/src/compiler/utilities.ts:4666:12: stage 0 can't lower a BinaryExpression with a value and a value yet
src/compiler/utilities.ts,/workspace/stage3-latent-full-adapted/src/compiler/utilities.ts:4681:12,NotYet,a BinaryExpression with a value and a value,getJSDocCommentsAndTags,OWNER BLANK,wall step not recorded; owner OWNER BLANK,/workspace/stage3-latent-full-adapted/src/compiler/utilities.ts:4681:12: stage 0 can't lower a BinaryExpression with a value and a value yet
src/compiler/core.ts,/workspace/stage3-latent-full-adapted/src/compiler/core.ts:1121:17,NotYet,a function returning T,filterOwnedJSDocTags,01a1143c,wall step not recorded; owner 01a1143c,/workspace/stage3-latent-full-adapted/src/compiler/core.ts:1121:17: stage 0 can't lower a function returning T yet
src/compiler/core.ts,/workspace/stage3-latent-full-adapted/src/compiler/core.ts:399:17,NotYet,a function returning readonly U[],filterOwnedJSDocTags,OWNER BLANK,wall step not recorded; owner OWNER BLANK,/workspace/stage3-latent-full-adapted/src/compiler/core.ts:399:17: stage 0 can't lower a function returning readonly U[] yet
src/compiler/utilities.ts,/workspace/stage3-latent-full-adapted/src/compiler/utilities.ts:4703:12,NotYet,a PrefixUnaryExpression on a value,ownsJSDocTag,01a1143b-f5d4,truthiness/unary frontend (codex/taste-not-soundness); owner 01a1143b-f5d4,/workspace/stage3-latent-full-adapted/src/compiler/utilities.ts:4703:12: stage 0 can't lower a PrefixUnaryExpression on a value yet
src/compiler/utilities.ts,/workspace/stage3-latent-full-adapted/src/compiler/utilities.ts:4713:9,NotYet,a BinaryExpression with a boolean and a value,getNextJSDocCommentLocation,OWNER BLANK,wall step not recorded; owner OWNER BLANK,/workspace/stage3-latent-full-adapted/src/compiler/utilities.ts:4713:9: stage 0 can't lower a BinaryExpression with a boolean and a value yet
src/compiler/utilities.ts,/workspace/stage3-latent-full-adapted/src/compiler/utilities.ts:4751:9,Refused,a value as a condition,getParameterSymbolFromJSDoc,codex/taste-not-soundness,truthiness/unary frontend (codex/taste-not-soundness); owner codex/taste-not-soundness,"/workspace/stage3-latent-full-adapted/src/compiler/utilities.ts:4751:9: Adamic 0.1 refuses a value as a condition; compare it explicitly, like name.length > 0 or count !== 0"
src/compiler/utilities.ts,/workspace/stage3-latent-full-adapted/src/compiler/utilities.ts:4757:11,NotYet,a value of type __String,getParameterSymbolFromJSDoc,OWNER BLANK,wall step not recorded; owner OWNER BLANK,/workspace/stage3-latent-full-adapted/src/compiler/utilities.ts:4757:11: stage 0 can't lower a value of type __String yet
src/compiler/utilities.ts,/workspace/stage3-latent-full-adapted/src/compiler/utilities.ts:4759:9,NotYet,a PrefixUnaryExpression on a value,getParameterSymbolFromJSDoc,01a1143b-f5d4,truthiness/unary frontend (codex/taste-not-soundness); owner 01a1143b-f5d4,/workspace/stage3-latent-full-adapted/src/compiler/utilities.ts:4759:9: stage 0 can't lower a PrefixUnaryExpression on a value yet
src/compiler/core.ts,/workspace/stage3-latent-full-adapted/src/compiler/core.ts:166:17,NotYet,a function returning T | undefined,getParameterSymbolFromJSDoc,01a1143c,wall step not recorded; owner 01a1143c,/workspace/stage3-latent-full-adapted/src/compiler/core.ts:166:17: stage 0 can't lower a function returning T | undefined yet
src/compiler/utilities.ts,/workspace/stage3-latent-full-adapted/src/compiler/utilities.ts:4763:12,NotYet,reading parameter,getParameterSymbolFromJSDoc,OWNER BLANK,isolated census context boundary; replay before assigning a feature wall,/workspace/stage3-latent-full-adapted/src/compiler/utilities.ts:4763:12: stage 0 can't lower reading parameter yet
src/compiler/utilities.ts,/workspace/stage3-latent-full-adapted/src/compiler/utilities.ts:4768:9,NotYet,a BinaryExpression with a boolean and a value,getEffectiveContainerForJSDocTemplateTag,OWNER BLANK,wall step not recorded; owner OWNER BLANK,/workspace/stage3-latent-full-adapted/src/compiler/utilities.ts:4768:9: stage 0 can't lower a BinaryExpression with a boolean and a value yet
src/compiler/utilitiesPublic.ts,/workspace/stage3-latent-full-adapted/src/compiler/utilitiesPublic.ts:1284:17,NotYet,a function returning readonly T[],getJSDocOverloadTags,OWNER BLANK,wall step not recorded; owner OWNER BLANK,/workspace/stage3-latent-full-adapted/src/compiler/utilitiesPublic.ts:1284:17: stage 0 can't lower a function returning readonly T[] yet
src/compiler/utilities.ts,/workspace/stage3-latent-full-adapted/src/compiler/utilities.ts:4788:16,NotYet,a BinaryExpression with a boolean and a value,getHostSignatureFromJSDoc,OWNER BLANK,wall step not recorded; owner OWNER BLANK,/workspace/stage3-latent-full-adapted/src/compiler/utilities.ts:4788:16: stage 0 can't lower a BinaryExpression with a boolean and a value yet
src/compiler/utilities.ts,/workspace/stage3-latent-full-adapted/src/compiler/utilities.ts:4796:11,NotYet,a value of type HasJSDoc | undefined,getEffectiveJSDocHost,OWNER BLANK,wall step not recorded; owner OWNER BLANK,/workspace/stage3-latent-full-adapted/src/compiler/utilities.ts:4796:11: stage 0 can't lower a value of type HasJSDoc | undefined yet
src/compiler/utilities.ts,/workspace/stage3-latent-full-adapted/src/compiler/utilities.ts:4797:9,NotYet,reading host,getEffectiveJSDocHost,OWNER BLANK,isolated census context boundary; replay before assigning a feature wall,/workspace/stage3-latent-full-adapted/src/compiler/utilities.ts:4797:9: stage 0 can't lower reading host yet
src/compiler/utilities.ts,/workspace/stage3-latent-full-adapted/src/compiler/utilities.ts:4812:17,NotYet,a function returning HasJSDoc | undefined,getJSDocHost,OWNER BLANK,wall step not recorded; owner OWNER BLANK,/workspace/stage3-latent-full-adapted/src/compiler/utilities.ts:4812:17: stage 0 can't lower a function returning HasJSDoc | undefined yet
src/compiler/utilities.ts,/workspace/stage3-latent-full-adapted/src/compiler/utilities.ts:7298:10,NotYet,a PrefixUnaryExpression on a value,getRawJSDocModifierFlagsNoCache,01a1143b-f5d4,truthiness/unary frontend (codex/taste-not-soundness); owner 01a1143b-f5d4,/workspace/stage3-latent-full-adapted/src/compiler/utilities.ts:7298:10: stage 0 can't lower a PrefixUnaryExpression on a value yet
src/compiler/utilities.ts,/workspace/stage3-latent-full-adapted/src/compiler/utilities.ts:10727:14,NotYet,"a function returning void | ""skip""",bindParentToChildIgnoringJSDoc,OWNER BLANK,wall step not recorded; owner OWNER BLANK,"/workspace/stage3-latent-full-adapted/src/compiler/utilities.ts:10727:14: stage 0 can't lower a function returning void | ""skip"" yet"
src/compiler/utilities.ts,/workspace/stage3-latent-full-adapted/src/compiler/utilities.ts:10736:31,NotYet,a NonNullExpression,bindJSDoc,01a1130a,non-null/default proof; owner 01a1130a,/workspace/stage3-latent-full-adapted/src/compiler/utilities.ts:10736:31: stage 0 can't lower a NonNullExpression yet
src/compiler/utilities.ts,/workspace/stage3-latent-full-adapted/src/compiler/utilities.ts:11059:28,NotYet,a PrefixUnaryExpression on a value,isOptionalJSDocPropertyLikeTag,01a1143b-f5d4,truthiness/unary frontend (codex/taste-not-soundness); owner 01a1143b-f5d4,/workspace/stage3-latent-full-adapted/src/compiler/utilities.ts:11059:28: stage 0 can't lower a PrefixUnaryExpression on a value yet
src/compiler/utilities.ts,/workspace/stage3-latent-full-adapted/src/compiler/utilities.ts:11082:9,NotYet,a BinaryExpression with a value and a boolean,isJSDocOptionalParameter,OWNER BLANK,wall step not recorded; owner OWNER BLANK,/workspace/stage3-latent-full-adapted/src/compiler/utilities.ts:11082:9: stage 0 can't lower a BinaryExpression with a value and a boolean yet
src/compiler/utilities.ts,/workspace/stage3-latent-full-adapted/src/compiler/utilities.ts:11112:91,NotYet,a PrefixUnaryExpression on a value,isJSDocSatisfiesExpression,01a1143b-f5d4,truthiness/unary frontend (codex/taste-not-soundness); owner 01a1143b-f5d4,/workspace/stage3-latent-full-adapted/src/compiler/utilities.ts:11112:91: stage 0 can't lower a PrefixUnaryExpression on a value yet
src/compiler/utilities.ts,/workspace/stage3-latent-full-adapted/src/compiler/utilities.ts:11117:12,NotYet,reading Debug,getJSDocSatisfiesExpressionType,01a113e7-bfed,wall step not recorded; owner 01a113e7-bfed,/workspace/stage3-latent-full-adapted/src/compiler/utilities.ts:11117:12: stage 0 can't lower reading Debug yet
src/compiler/utilities.ts,/workspace/stage3-latent-full-adapted/src/compiler/utilities.ts:11123:12,NotYet,a BinaryExpression with a value and a value,tryGetJSDocSatisfiesTypeNode,OWNER BLANK,wall step not recorded; owner OWNER BLANK,/workspace/stage3-latent-full-adapted/src/compiler/utilities.ts:11123:12: stage 0 can't lower a BinaryExpression with a value and a value yet
src/compiler/utilitiesPublic.ts,/workspace/stage3-latent-full-adapted/src/compiler/utilitiesPublic.ts:894:17,Refused,an unproven value assigned to a numeric literal or enum member slot SyntaxKind.VariableDeclaration,nameForNamelessJSDocTypedef,OWNER BLANK,enum and namespace frontend; owner OWNER BLANK,"/workspace/stage3-latent-full-adapted/src/compiler/utilitiesPublic.ts:894:17: Adamic 0.1 refuses an unproven value assigned to a numeric literal or enum member slot SyntaxKind.VariableDeclaration; compare with this literal and return that constant, or widen the slot to the whole numeric enum or number (adamic/enum-literal)"
src/compiler/utilitiesPublic.ts,/workspace/stage3-latent-full-adapted/src/compiler/utilitiesPublic.ts:894:17,Refused,an object refinement using an open numeric enum as a literal tag,nameForNamelessJSDocTypedef,OWNER BLANK,checked-cast/type-shape wall (#b5w3ycg); step09 scout,"/workspace/stage3-latent-full-adapted/src/compiler/utilitiesPublic.ts:894:17: Adamic 0.1 refuses an object refinement using an open numeric enum as a literal tag; use a member-specific tag from a multi-member enum, a string enum, or a plain literal tag (adamic/enum-tag)"
src/compiler/utilitiesPublic.ts,/workspace/stage3-latent-full-adapted/src/compiler/utilitiesPublic.ts:894:45,Refused,an object refinement using an open numeric enum as a literal tag,nameForNamelessJSDocTypedef,OWNER BLANK,checked-cast/type-shape wall (#b5w3ycg); step09 scout,"/workspace/stage3-latent-full-adapted/src/compiler/utilitiesPublic.ts:894:45: Adamic 0.1 refuses an object refinement using an open numeric enum as a literal tag; use a member-specific tag from a multi-member enum, a string enum, or a plain literal tag (adamic/enum-tag)"
src/compiler/utilitiesPublic.ts,/workspace/stage3-latent-full-adapted/src/compiler/utilitiesPublic.ts:895:49,Refused,an object refinement using an open numeric enum as a literal tag,nameForNamelessJSDocTypedef,OWNER BLANK,checked-cast/type-shape wall (#b5w3ycg); step09 scout,"/workspace/stage3-latent-full-adapted/src/compiler/utilitiesPublic.ts:895:49: Adamic 0.1 refuses an object refinement using an open numeric enum as a literal tag; use a member-specific tag from a multi-member enum, a string enum, or a plain literal tag (adamic/enum-tag)"
src/compiler/utilitiesPublic.ts,/workspace/stage3-latent-full-adapted/src/compiler/utilitiesPublic.ts:899:24,Refused,an object refinement using an open numeric enum as a literal tag,nameForNamelessJSDocTypedef,OWNER BLANK,checked-cast/type-shape wall (#b5w3ycg); step09 scout,"/workspace/stage3-latent-full-adapted/src/compiler/utilitiesPublic.ts:899:24: Adamic 0.1 refuses an object refinement using an open numeric enum as a literal tag; use a member-specific tag from a multi-member enum, a string enum, or a plain literal tag (adamic/enum-tag)"
src/compiler/utilitiesPublic.ts,/workspace/stage3-latent-full-adapted/src/compiler/utilitiesPublic.ts:900:63,Refused,a cast the runtime can't check,nameForNamelessJSDocTypedef,01a11410,checked-cast/type-shape wall (#b5w3ycg); step09 scout,"/workspace/stage3-latent-full-adapted/src/compiler/utilitiesPublic.ts:900:63: Adamic 0.1 refuses a cast the runtime can't check; use a proven upcast, cast a discriminated object union with unique literal or enum tags to members or a sub-union, or downcast along nominal class ancestry (adamic/no-unchecked-cast)"
src/compiler/utilitiesPublic.ts,/workspace/stage3-latent-full-adapted/src/compiler/utilitiesPublic.ts:901:25,Refused,a cast the runtime can't check,nameForNamelessJSDocTypedef,01a11410,checked-cast/type-shape wall (#b5w3ycg); step09 scout,"/workspace/stage3-latent-full-adapted/src/compiler/utilitiesPublic.ts:901:25: Adamic 0.1 refuses a cast the runtime can't check; use a proven upcast, cast a discriminated object union with unique literal or enum tags to members or a sub-union, or downcast along nominal class ancestry (adamic/no-unchecked-cast)"
src/compiler/utilitiesPublic.ts,/workspace/stage3-latent-full-adapted/src/compiler/utilitiesPublic.ts:905:29,Refused,a cast the runtime can't check,nameForNamelessJSDocTypedef,01a11410,checked-cast/type-shape wall (#b5w3ycg); step09 scout,"/workspace/stage3-latent-full-adapted/src/compiler/utilitiesPublic.ts:905:29: Adamic 0.1 refuses a cast the runtime can't check; use a proven upcast, cast a discriminated object union with unique literal or enum tags to members or a sub-union, or downcast along nominal class ancestry (adamic/no-unchecked-cast)"
src/compiler/utilitiesPublic.ts,/workspace/stage3-latent-full-adapted/src/compiler/utilitiesPublic.ts:907:34,Refused,a cast the runtime can't check,nameForNamelessJSDocTypedef,01a11410,checked-cast/type-shape wall (#b5w3ycg); step09 scout,"/workspace/stage3-latent-full-adapted/src/compiler/utilitiesPublic.ts:907:34: Adamic 0.1 refuses a cast the runtime can't check; use a proven upcast, cast a discriminated object union with unique literal or enum tags to members or a sub-union, or downcast along nominal class ancestry (adamic/no-unchecked-cast)"
src/compiler/utilitiesPublic.ts,/workspace/stage3-latent-full-adapted/src/compiler/utilitiesPublic.ts:914:45,Refused,an object refinement using an open numeric enum as a literal tag,nameForNamelessJSDocTypedef,OWNER BLANK,checked-cast/type-shape wall (#b5w3ycg); step09 scout,"/workspace/stage3-latent-full-adapted/src/compiler/utilitiesPublic.ts:914:45: Adamic 0.1 refuses an object refinement using an open numeric enum as a literal tag; use a member-specific tag from a multi-member enum, a string enum, or a plain literal tag (adamic/enum-tag)"
src/compiler/utilitiesPublic.ts,/workspace/stage3-latent-full-adapted/src/compiler/utilitiesPublic.ts:917:31,Refused,an object refinement using an open numeric enum as a literal tag,nameForNamelessJSDocTypedef,OWNER BLANK,checked-cast/type-shape wall (#b5w3ycg); step09 scout,"/workspace/stage3-latent-full-adapted/src/compiler/utilitiesPublic.ts:917:31: Adamic 0.1 refuses an object refinement using an open numeric enum as a literal tag; use a member-specific tag from a multi-member enum, a string enum, or a plain literal tag (adamic/enum-tag)"
src/compiler/utilitiesPublic.ts,/workspace/stage3-latent-full-adapted/src/compiler/utilitiesPublic.ts:917:67,Refused,an object refinement using an open numeric enum as a literal tag,nameForNamelessJSDocTypedef,OWNER BLANK,checked-cast/type-shape wall (#b5w3ycg); step09 scout,"/workspace/stage3-latent-full-adapted/src/compiler/utilitiesPublic.ts:917:67: Adamic 0.1 refuses an object refinement using an open numeric enum as a literal tag; use a member-specific tag from a multi-member enum, a string enum, or a plain literal tag (adamic/enum-tag)"
src/compiler/utilitiesPublic.ts,/workspace/stage3-latent-full-adapted/src/compiler/utilitiesPublic.ts:918:49,Refused,an object refinement using an open numeric enum as a literal tag,nameForNamelessJSDocTypedef,OWNER BLANK,checked-cast/type-shape wall (#b5w3ycg); step09 scout,"/workspace/stage3-latent-full-adapted/src/compiler/utilitiesPublic.ts:918:49: Adamic 0.1 refuses an object refinement using an open numeric enum as a literal tag; use a member-specific tag from a multi-member enum, a string enum, or a plain literal tag (adamic/enum-tag)"
src/compiler/utilitiesPublic.ts,/workspace/stage3-latent-full-adapted/src/compiler/utilitiesPublic.ts:1039:26,Refused,an object refinement using an open numeric enum as a literal tag,getJSDocParameterTagsWorker,OWNER BLANK,checked-cast/type-shape wall (#b5w3ycg); step09 scout,"/workspace/stage3-latent-full-adapted/src/compiler/utilitiesPublic.ts:1039:26: Adamic 0.1 refuses an object refinement using an open numeric enum as a literal tag; use a member-specific tag from a multi-member enum, a string enum, or a plain literal tag (adamic/enum-tag)"
src/compiler/utilitiesPublic.ts,/workspace/stage3-latent-full-adapted/src/compiler/utilitiesPublic.ts:1039:32,Refused,an object refinement using an open numeric enum as a literal tag,getJSDocParameterTagsWorker,OWNER BLANK,checked-cast/type-shape wall (#b5w3ycg); step09 scout,"/workspace/stage3-latent-full-adapted/src/compiler/utilitiesPublic.ts:1039:32: Adamic 0.1 refuses an object refinement using an open numeric enum as a literal tag; use a member-specific tag from a multi-member enum, a string enum, or a plain literal tag (adamic/enum-tag)"
src/compiler/utilitiesPublic.ts,/workspace/stage3-latent-full-adapted/src/compiler/utilitiesPublic.ts:1040:104,Refused,a type predicate whose return is not proven (return expression is not a trusted check on tag),getJSDocParameterTagsWorker,01a1143b-d691,predicate/assertion body proof; owner 01a1143b-d691,"/workspace/stage3-latent-full-adapted/src/compiler/utilitiesPublic.ts:1040:104: Adamic 0.1 refuses a type predicate whose return is not proven (return expression is not a trusted check on tag); inline the check where you use it, or return a discriminant comparison on the unmodified parameter (adamic/no-type-predicate)"
src/compiler/utilitiesPublic.ts,/workspace/stage3-latent-full-adapted/src/compiler/utilitiesPublic.ts:1040:158,Refused,an object refinement using an open numeric enum as a literal tag,getJSDocParameterTagsWorker,OWNER BLANK,checked-cast/type-shape wall (#b5w3ycg); step09 scout,"/workspace/stage3-latent-full-adapted/src/compiler/utilitiesPublic.ts:1040:158: Adamic 0.1 refuses an object refinement using an open numeric enum as a literal tag; use a member-specific tag from a multi-member enum, a string enum, or a plain literal tag (adamic/enum-tag)"
src/compiler/utilitiesPublic.ts,/workspace/stage3-latent-full-adapted/src/compiler/utilitiesPublic.ts:1040:162,Refused,an object refinement using an open numeric enum as a literal tag,getJSDocParameterTagsWorker,OWNER BLANK,checked-cast/type-shape wall (#b5w3ycg); step09 scout,"/workspace/stage3-latent-full-adapted/src/compiler/utilitiesPublic.ts:1040:162: Adamic 0.1 refuses an object refinement using an open numeric enum as a literal tag; use a member-specific tag from a multi-member enum, a string enum, or a plain literal tag (adamic/enum-tag)"
src/compiler/utilitiesPublic.ts,/workspace/stage3-latent-full-adapted/src/compiler/utilitiesPublic.ts:1047:25,Refused,the non-null assertion !,getJSDocParameterTagsWorker,01a1130a,non-null/default proof; owner 01a1130a,"/workspace/stage3-latent-full-adapted/src/compiler/utilitiesPublic.ts:1047:25: Adamic 0.1 refuses the non-null assertion !; write ?? panic('why it can't be missing'), or narrow and handle the missing case"
src/compiler/utilitiesPublic.ts,/workspace/stage3-latent-full-adapted/src/compiler/utilitiesPublic.ts:1078:95,Refused,a type predicate whose return is not proven (return expression is not a trusted check on tag),getJSDocTypeParameterTagsWorker,01a1143b-d691,predicate/assertion body proof; owner 01a1143b-d691,"/workspace/stage3-latent-full-adapted/src/compiler/utilitiesPublic.ts:1078:95: Adamic 0.1 refuses a type predicate whose return is not proven (return expression is not a trusted check on tag); inline the check where you use it, or return a discriminant comparison on the unmodified parameter (adamic/no-type-predicate)"
src/compiler/utilitiesPublic.ts,/workspace/stage3-latent-full-adapted/src/compiler/utilitiesPublic.ts:1207:9,Refused,an unproven value assigned to a numeric literal or enum member slot SyntaxKind.JSDocTypeExpression,getJSDocTypeTag,OWNER BLANK,enum and namespace frontend; owner OWNER BLANK,"/workspace/stage3-latent-full-adapted/src/compiler/utilitiesPublic.ts:1207:9: Adamic 0.1 refuses an unproven value assigned to a numeric literal or enum member slot SyntaxKind.JSDocTypeExpression; compare with this literal and return that constant, or widen the slot to the whole numeric enum or number (adamic/enum-literal)"
src/compiler/utilitiesPublic.ts,/workspace/stage3-latent-full-adapted/src/compiler/utilitiesPublic.ts:1230:12,Refused,an unproven value assigned to a numeric literal or enum member slot SyntaxKind.JSDocTypeExpression,getJSDocType,OWNER BLANK,enum and namespace frontend; owner OWNER BLANK,"/workspace/stage3-latent-full-adapted/src/compiler/utilitiesPublic.ts:1230:12: Adamic 0.1 refuses an unproven value assigned to a numeric literal or enum member slot SyntaxKind.JSDocTypeExpression; compare with this literal and return that constant, or widen the slot to the whole numeric enum or number (adamic/enum-literal)"
src/compiler/utilitiesPublic.ts,/workspace/stage3-latent-full-adapted/src/compiler/utilitiesPublic.ts:1241:9,Refused,an unproven value assigned to a numeric literal or enum member slot SyntaxKind.JSDocTypeExpression,getJSDocReturnType,OWNER BLANK,enum and namespace frontend; owner OWNER BLANK,"/workspace/stage3-latent-full-adapted/src/compiler/utilitiesPublic.ts:1241:9: Adamic 0.1 refuses an unproven value assigned to a numeric literal or enum member slot SyntaxKind.JSDocTypeExpression; compare with this literal and return that constant, or widen the slot to the whole numeric enum or number (adamic/enum-literal)"
src/compiler/utilitiesPublic.ts,/workspace/stage3-latent-full-adapted/src/compiler/utilitiesPublic.ts:1245:9,Refused,an unproven value assigned to a numeric literal or enum member slot SyntaxKind.JSDocTypeExpression,getJSDocReturnType,OWNER BLANK,enum and namespace frontend; owner OWNER BLANK,"/workspace/stage3-latent-full-adapted/src/compiler/utilitiesPublic.ts:1245:9: Adamic 0.1 refuses an unproven value assigned to a numeric literal or enum member slot SyntaxKind.JSDocTypeExpression; compare with this literal and return that constant, or widen the slot to the whole numeric enum or number (adamic/enum-literal)"
src/compiler/utilitiesPublic.ts,/workspace/stage3-latent-full-adapted/src/compiler/utilitiesPublic.ts:1264:52,Refused,an object refinement using an open numeric enum as a literal tag,getJSDocTagsWorker,OWNER BLANK,checked-cast/type-shape wall (#b5w3ycg); step09 scout,"/workspace/stage3-latent-full-adapted/src/compiler/utilitiesPublic.ts:1264:52: Adamic 0.1 refuses an object refinement using an open numeric enum as a literal tag; use a member-specific tag from a multi-member enum, a string enum, or a plain literal tag (adamic/enum-tag)"
src/compiler/utilitiesPublic.ts,/workspace/stage3-latent-full-adapted/src/compiler/utilitiesPublic.ts:1264:61,Refused,an object refinement using an open numeric enum as a literal tag,getJSDocTagsWorker,OWNER BLANK,checked-cast/type-shape wall (#b5w3ycg); step09 scout,"/workspace/stage3-latent-full-adapted/src/compiler/utilitiesPublic.ts:1264:61: Adamic 0.1 refuses an object refinement using an open numeric enum as a literal tag; use a member-specific tag from a multi-member enum, a string enum, or a plain literal tag (adamic/enum-tag)"
src/compiler/utilitiesPublic.ts,/workspace/stage3-latent-full-adapted/src/compiler/utilitiesPublic.ts:1279:89,Refused,a type predicate whose return is not proven (there is no body proving this parameter),getFirstJSDocTag,01a1143b-d691,predicate/assertion body proof; owner 01a1143b-d691,"/workspace/stage3-latent-full-adapted/src/compiler/utilitiesPublic.ts:1279:89: Adamic 0.1 refuses a type predicate whose return is not proven (there is no body proving this parameter); inline the check where you use it, or return a discriminant comparison on the unmodified parameter (adamic/no-type-predicate)"
src/compiler/utilitiesPublic.ts,/workspace/stage3-latent-full-adapted/src/compiler/utilitiesPublic.ts:1284:95,Refused,a type predicate whose return is not proven (there is no body proving this parameter),getAllJSDocTags,01a1143b-d691,predicate/assertion body proof; owner 01a1143b-d691,"/workspace/stage3-latent-full-adapted/src/compiler/utilitiesPublic.ts:1284:95: Adamic 0.1 refuses a type predicate whose return is not proven (there is no body proving this parameter); inline the check where you use it, or return a discriminant comparison on the unmodified parameter (adamic/no-type-predicate)"
src/compiler/utilitiesPublic.ts,/workspace/stage3-latent-full-adapted/src/compiler/utilitiesPublic.ts:1296:63,Refused,an object refinement using an open numeric enum as a literal tag,getTextOfJSDocComment,OWNER BLANK,checked-cast/type-shape wall (#b5w3ycg); step09 scout,"/workspace/stage3-latent-full-adapted/src/compiler/utilitiesPublic.ts:1296:63: Adamic 0.1 refuses an object refinement using an open numeric enum as a literal tag; use a member-specific tag from a multi-member enum, a string enum, or a plain literal tag (adamic/enum-tag)"
src/compiler/utilitiesPublic.ts,/workspace/stage3-latent-full-adapted/src/compiler/utilitiesPublic.ts:1450:5,Refused,a type predicate whose return is not proven (return expression is not a trusted check on node),isJSDocPropertyLikeTag,01a1143b-d691,predicate/assertion body proof; owner 01a1143b-d691,"/workspace/stage3-latent-full-adapted/src/compiler/utilitiesPublic.ts:1450:5: Adamic 0.1 refuses a type predicate whose return is not proven (return expression is not a trusted check on node); inline the check where you use it, or return a discriminant comparison on the unmodified parameter (adamic/no-type-predicate)"
src/compiler/utilitiesPublic.ts,/workspace/stage3-latent-full-adapted/src/compiler/utilitiesPublic.ts:2192:5,Refused,a type predicate whose return is not proven (return expression is not a trusted check on node),isJSDocNamespaceBody,01a1143b-d691,predicate/assertion body proof; owner 01a1143b-d691,"/workspace/stage3-latent-full-adapted/src/compiler/utilitiesPublic.ts:2192:5: Adamic 0.1 refuses a type predicate whose return is not proven (return expression is not a trusted check on node); inline the check where you use it, or return a discriminant comparison on the unmodified parameter (adamic/no-type-predicate)"
src/compiler/utilitiesPublic.ts,/workspace/stage3-latent-full-adapted/src/compiler/utilitiesPublic.ts:2535:5,Refused,a type predicate whose return is not proven (return expression is not a trusted check on node),isJSDocTag,01a1143b-d691,predicate/assertion body proof; owner 01a1143b-d691,"/workspace/stage3-latent-full-adapted/src/compiler/utilitiesPublic.ts:2535:5: Adamic 0.1 refuses a type predicate whose return is not proven (return expression is not a trusted check on node); inline the check where you use it, or return a discriminant comparison on the unmodified parameter (adamic/no-type-predicate)"
src/compiler/utilitiesPublic.ts,/workspace/stage3-latent-full-adapted/src/compiler/utilitiesPublic.ts:2553:5,Refused,a type predicate whose return is not proven (branch is not a trusted parameter check),hasJSDocNodes,01a1143b-d691,predicate/assertion body proof; owner 01a1143b-d691,"/workspace/stage3-latent-full-adapted/src/compiler/utilitiesPublic.ts:2553:5: Adamic 0.1 refuses a type predicate whose return is not proven (branch is not a trusted parameter check); inline the check where you use it, or return a discriminant comparison on the unmodified parameter (adamic/no-type-predicate)"
src/compiler/utilitiesPublic.ts,/workspace/stage3-latent-full-adapted/src/compiler/utilitiesPublic.ts:2630:5,Refused,a type predicate whose return is not proven (return expression is not a trusted check on node),isJSDocLinkLike,01a1143b-d691,predicate/assertion body proof; owner 01a1143b-d691,"/workspace/stage3-latent-full-adapted/src/compiler/utilitiesPublic.ts:2630:5: Adamic 0.1 refuses a type predicate whose return is not proven (return expression is not a trusted check on node); inline the check where you use it, or return a discriminant comparison on the unmodified parameter (adamic/no-type-predicate)"
src/compiler/utilitiesPublic.ts,/workspace/stage3-latent-full-adapted/src/compiler/utilitiesPublic.ts:883:11,NotYet,a value of type HasJSDoc,nameForNamelessJSDocTypedef,OWNER BLANK,wall step not recorded; owner OWNER BLANK,/workspace/stage3-latent-full-adapted/src/compiler/utilitiesPublic.ts:883:11: stage 0 can't lower a value of type HasJSDoc yet
src/compiler/utilitiesPublic.ts,/workspace/stage3-latent-full-adapted/src/compiler/utilitiesPublic.ts:884:10,NotYet,reading hostNode,nameForNamelessJSDocTypedef,OWNER BLANK,isolated census context boundary; replay before assigning a feature wall,/workspace/stage3-latent-full-adapted/src/compiler/utilitiesPublic.ts:884:10: stage 0 can't lower reading hostNode yet
src/compiler/utilitiesPublic.ts,/workspace/stage3-latent-full-adapted/src/compiler/utilitiesPublic.ts:888:23,NotYet,reading hostNode,nameForNamelessJSDocTypedef,OWNER BLANK,isolated census context boundary; replay before assigning a feature wall,/workspace/stage3-latent-full-adapted/src/compiler/utilitiesPublic.ts:888:23: stage 0 can't lower reading hostNode yet
src/compiler/utilitiesPublic.ts,/workspace/stage3-latent-full-adapted/src/compiler/utilitiesPublic.ts:892:13,NotYet,reading hostNode,nameForNamelessJSDocTypedef,OWNER BLANK,isolated census context boundary; replay before assigning a feature wall,/workspace/stage3-latent-full-adapted/src/compiler/utilitiesPublic.ts:892:13: stage 0 can't lower reading hostNode yet
src/compiler/utilitiesPublic.ts,/workspace/stage3-latent-full-adapted/src/compiler/utilitiesPublic.ts:942:12,NotYet,a BinaryExpression with a value and a value,getNameOfJSDocTypedef,OWNER BLANK,wall step not recorded; owner OWNER BLANK,/workspace/stage3-latent-full-adapted/src/compiler/utilitiesPublic.ts:942:12: stage 0 can't lower a BinaryExpression with a value and a value yet
src/compiler/utilitiesPublic.ts,/workspace/stage3-latent-full-adapted/src/compiler/utilitiesPublic.ts:1037:9,Refused,a value as a condition,getJSDocParameterTagsWorker,codex/taste-not-soundness,truthiness/unary frontend (codex/taste-not-soundness); owner codex/taste-not-soundness,"/workspace/stage3-latent-full-adapted/src/compiler/utilitiesPublic.ts:1037:9: Adamic 0.1 refuses a value as a condition; compare it explicitly, like name.length > 0 or count !== 0"
src/compiler/utilitiesPublic.ts,/workspace/stage3-latent-full-adapted/src/compiler/utilitiesPublic.ts:1077:11,NotYet,a value of type __String,getJSDocTypeParameterTagsWorker,OWNER BLANK,wall step not recorded; owner OWNER BLANK,/workspace/stage3-latent-full-adapted/src/compiler/utilitiesPublic.ts:1077:11: stage 0 can't lower a value of type __String yet
src/compiler/utilitiesPublic.ts,/workspace/stage3-latent-full-adapted/src/compiler/utilitiesPublic.ts:1078:122,NotYet,a method call through a structural signature in a program with statics; use typeof the declaring class,getJSDocTypeParameterTagsWorker,01a1143c,wall step not recorded; owner 01a1143c,/workspace/stage3-latent-full-adapted/src/compiler/utilitiesPublic.ts:1078:122: stage 0 can't lower a method call through a structural signature in a program with statics; use typeof the declaring class yet
src/compiler/utilitiesPublic.ts,/workspace/stage3-latent-full-adapted/src/compiler/utilitiesPublic.ts:1279:10,NotYet,a function returning T | undefined,hasJSDocParameterTags,01a1143c,wall step not recorded; owner 01a1143c,/workspace/stage3-latent-full-adapted/src/compiler/utilitiesPublic.ts:1279:10: stage 0 can't lower a function returning T | undefined yet
src/compiler/utilitiesPublic.ts,/workspace/stage3-latent-full-adapted/src/compiler/utilitiesPublic.ts:1207:9,NotYet,reading tag,getJSDocTypeTag,OWNER BLANK,isolated census context boundary; replay before assigning a feature wall,/workspace/stage3-latent-full-adapted/src/compiler/utilitiesPublic.ts:1207:9: stage 0 can't lower reading tag yet
src/compiler/utilitiesPublic.ts,/workspace/stage3-latent-full-adapted/src/compiler/utilitiesPublic.ts:1226:10,NotYet,reading tag,getJSDocType,OWNER BLANK,isolated census context boundary; replay before assigning a feature wall,/workspace/stage3-latent-full-adapted/src/compiler/utilitiesPublic.ts:1226:10: stage 0 can't lower reading tag yet
src/compiler/utilitiesPublic.ts,/workspace/stage3-latent-full-adapted/src/compiler/utilitiesPublic.ts:1230:12,NotYet,reading tag,getJSDocType,OWNER BLANK,isolated census context boundary; replay before assigning a feature wall,/workspace/stage3-latent-full-adapted/src/compiler/utilitiesPublic.ts:1230:12: stage 0 can't lower reading tag yet
src/compiler/utilitiesPublic.ts,/workspace/stage3-latent-full-adapted/src/compiler/utilitiesPublic.ts:1241:9,NotYet,a BinaryExpression with a value and a value,getJSDocReturnType,OWNER BLANK,wall step not recorded; owner OWNER BLANK,/workspace/stage3-latent-full-adapted/src/compiler/utilitiesPublic.ts:1241:9: stage 0 can't lower a BinaryExpression with a value and a value yet
src/compiler/utilitiesPublic.ts,/workspace/stage3-latent-full-adapted/src/compiler/utilitiesPublic.ts:1245:9,NotYet,a BinaryExpression with a value and a value,getJSDocReturnType,OWNER BLANK,wall step not recorded; owner OWNER BLANK,/workspace/stage3-latent-full-adapted/src/compiler/utilitiesPublic.ts:1245:9: stage 0 can't lower a BinaryExpression with a value and a value yet
src/compiler/utilitiesPublic.ts,/workspace/stage3-latent-full-adapted/src/compiler/utilitiesPublic.ts:1261:9,NotYet,a BinaryExpression with a boolean and a boolean | undefined,getJSDocTagsWorker,OWNER BLANK,wall step not recorded; owner OWNER BLANK,/workspace/stage3-latent-full-adapted/src/compiler/utilitiesPublic.ts:1261:9: stage 0 can't lower a BinaryExpression with a boolean and a boolean | undefined yet
src/compiler/utilitiesPublic.ts,/workspace/stage3-latent-full-adapted/src/compiler/utilitiesPublic.ts:1296:11,NotYet,a call through ?. (an optional call),getTextOfJSDocComment,OWNER BLANK,wall step not recorded; owner OWNER BLANK,/workspace/stage3-latent-full-adapted/src/compiler/utilitiesPublic.ts:1296:11: stage 0 can't lower a call through ?. (an optional call) yet
src/compiler/utilitiesPublic.ts,/workspace/stage3-latent-full-adapted/src/compiler/utilitiesPublic.ts:1304:19,NotYet,a BinaryExpression with a value and a boolean,formatJSDocLink,OWNER BLANK,wall step not recorded; owner OWNER BLANK,/workspace/stage3-latent-full-adapted/src/compiler/utilitiesPublic.ts:1304:19: stage 0 can't lower a BinaryExpression with a value and a boolean yet
src/compiler/utilitiesPublic.ts,/workspace/stage3-latent-full-adapted/src/compiler/utilitiesPublic.ts:1305:32,NotYet,reading space,formatJSDocLink,OWNER BLANK,isolated census context boundary; replay before assigning a feature wall,/workspace/stage3-latent-full-adapted/src/compiler/utilitiesPublic.ts:1305:32: stage 0 can't lower reading space yet
src/compiler/utilitiesPublic.ts,/workspace/stage3-latent-full-adapted/src/compiler/utilitiesPublic.ts:2556:13,NotYet,a PrefixUnaryExpression on a value,hasJSDocNodes,01a1143b-f5d4,truthiness/unary frontend (codex/taste-not-soundness); owner 01a1143b-f5d4,/workspace/stage3-latent-full-adapted/src/compiler/utilitiesPublic.ts:2556:13: stage 0 can't lower a PrefixUnaryExpression on a value yet
