=== RUN   TestCheckedRuntimeRegexFields
=== PAUSE TestCheckedRuntimeRegexFields
=== RUN   TestCheckedRuntimeMapFields
=== PAUSE TestCheckedRuntimeMapFields
=== RUN   TestCheckedRuntimeSetFields
=== PAUSE TestCheckedRuntimeSetFields
=== RUN   TestCheckedRuntimeFSFields
=== PAUSE TestCheckedRuntimeFSFields
=== RUN   TestCheckedRuntimeDirectoryFields
=== PAUSE TestCheckedRuntimeDirectoryFields
=== RUN   TestCheckedRuntimeStatusFields
=== PAUSE TestCheckedRuntimeStatusFields
=== RUN   TestCheckedRuntimeReferenceArrayLaterWriter
=== PAUSE TestCheckedRuntimeReferenceArrayLaterWriter
=== RUN   TestCheckedViewsNextMutants
=== PAUSE TestCheckedViewsNextMutants
=== RUN   TestCheckedViewsNextAdamicRefusals
=== PAUSE TestCheckedViewsNextAdamicRefusals
=== RUN   TestCheckedViewsNextProvenAdamic
=== PAUSE TestCheckedViewsNextProvenAdamic
=== RUN   TestCheckedWriteMessage02
=== PAUSE TestCheckedWriteMessage02
=== RUN   TestCheckedWriteMessage03
=== PAUSE TestCheckedWriteMessage03
=== RUN   TestCheckedWriteMessage13
=== PAUSE TestCheckedWriteMessage13
=== RUN   TestCheckedWriteMessage15
=== PAUSE TestCheckedWriteMessage15
=== RUN   TestCheckedWriteMessage16
=== PAUSE TestCheckedWriteMessage16
=== RUN   TestCheckedWriteMessageMutant03
=== PAUSE TestCheckedWriteMessageMutant03
=== RUN   TestCheckedWriteMessageMutant13
=== PAUSE TestCheckedWriteMessageMutant13
=== RUN   TestCheckedWriteMessageMutant15
=== PAUSE TestCheckedWriteMessageMutant15
=== RUN   TestCheckedWriteMessageMutant16
=== PAUSE TestCheckedWriteMessageMutant16
=== RUN   TestCheckedWiderWrites
=== PAUSE TestCheckedWiderWrites
=== RUN   TestCheckedWiderWriteMutants
=== PAUSE TestCheckedWiderWriteMutants
=== RUN   TestCheckedWiderWritesAdamicRefuses
=== PAUSE TestCheckedWiderWritesAdamicRefuses
=== RUN   TestCheckedWiderWritesProvenAdamic
=== PAUSE TestCheckedWiderWritesProvenAdamic
=== RUN   TestCheckedNeverContractMutant
=== PAUSE TestCheckedNeverContractMutant
=== RUN   TestCheckedWiderWritesKeepSpreadOverrideRefusal
=== PAUSE TestCheckedWiderWritesKeepSpreadOverrideRefusal
=== RUN   TestCheckedDiagnosticReferenceMutants
=== PAUSE TestCheckedDiagnosticReferenceMutants
=== RUN   TestCheckedWiderWritesProvenContainers
=== PAUSE TestCheckedWiderWritesProvenContainers
=== RUN   TestCheckedFlowContainerContractMutants
=== PAUSE TestCheckedFlowContainerContractMutants
=== RUN   TestCheckedEmitContractsMutants
=== PAUSE TestCheckedEmitContractsMutants
=== RUN   TestCheckedEmitProvenAdamic
=== PAUSE TestCheckedEmitProvenAdamic
=== CONT  TestCheckedRuntimeRegexFields
=== CONT  TestCheckedEmitProvenAdamic
=== CONT  TestCheckedWriteMessageMutant03
=== CONT  TestCheckedViewsNextAdamicRefusals
=== CONT  TestCheckedWriteMessage16
=== NAME  TestCheckedRuntimeRegexFields
    checked_runtime_fields_test.go:63: .a refusal: /workspace/adamic/internal/oracle/testdata/checked-runtime-fields/regex.a:5:101: Adamic 0.1 refuses a value of type Result[] seen as { done?: boolean | undefined; value: readonly (string | undefined)[] | undefined; }[], whose readonly field done becomes writable: a readonly field may hold something narrower than boolean | undefined, which a write of boolean | undefined would replace; keep done readonly in the type it's seen as, or copy the value ({ ...value }) (adamic/invariant-mutable)
=== NAME  TestCheckedViewsNextAdamicRefusals
    checked_views_next_test.go:96: /workspace/adamic/stage3/checked-writes/refused-optional-boolean.a:4:7: Adamic 0.1 refuses a value of type { readonly multiLine: true | undefined; } seen as { multiLine: boolean | undefined; }, whose readonly field multiLine becomes writable: a readonly field may hold something narrower than true | undefined, which a write of boolean | undefined would replace; keep multiLine readonly in the type it's seen as, or copy the value ({ ...value }) (adamic/invariant-mutable)
=== NAME  TestCheckedWriteMessageMutant03
    checked_write_messages_test.go:112: .a refusal: /workspace/adamic/internal/oracle/testdata/checked-write-messages/03_flow-node_out.a:17:11: Adamic 0.1 refuses a value of type FlowArrayMutation seen as FlowNodeBase, which can write BinaryExpression | BindingElement where BinaryExpression is read; make the wider type readonly (readonly T[], ReadonlyMap, readonly fields), which can't write; or copy the value ([...items], { ...item }) (adamic/invariant-mutable)
=== NAME  TestCheckedWriteMessage16
    checked_write_messages_test.go:108: .a refusal: /workspace/adamic/internal/oracle/testdata/checked-write-messages/16_flow-assignment-union_out.a:17:11: Adamic 0.1 refuses a value of type FlowArrayMutation seen as FlowNodeBase, which can write BinaryExpression | BindingElement where BinaryExpression is read; make the wider type readonly (readonly T[], ReadonlyMap, readonly fields), which can't write; or copy the value ([...items], { ...item }) (adamic/invariant-mutable)
=== NAME  TestCheckedViewsNextAdamicRefusals
    checked_views_next_test.go:96: /workspace/adamic/stage3/checked-writes/refused-branch-diagnostic.a:8:41: Adamic 0.1 refuses a value of type Diagnostic seen as Diagnostic, which can write SourceFile | undefined where SourceFile is read; make the wider type readonly (readonly T[], ReadonlyMap, readonly fields), which can't write; or copy the value ([...items], { ...item }) (adamic/invariant-mutable)
=== NAME  TestCheckedEmitProvenAdamic
    checked_writes_test.go:635: gate cache node miss
=== NAME  TestCheckedRuntimeRegexFields
    checked_runtime_fields_test.go:63: gate cache node hit
=== NAME  TestCheckedWriteMessageMutant03
    checked_write_messages_test.go:112: gate cache node miss
=== NAME  TestCheckedWriteMessage16
    checked_write_messages_test.go:108: gate cache node miss
=== NAME  TestCheckedViewsNextAdamicRefusals
    checked_views_next_test.go:96: /workspace/adamic/stage3/checked-writes/refused-branch-bottom.a:4:41: Adamic 0.1 refuses a value of type number[] seen as number[], which can write number where never is read; make the wider type readonly (readonly T[], ReadonlyMap, readonly fields), which can't write; or copy the value ([...items], { ...item }) (adamic/invariant-mutable)
    checked_views_next_test.go:96: /workspace/adamic/stage3/checked-writes/refused-overload-result.a:9:1: Adamic 0.1 refuses overload 1 of createTempVariable result GeneratedIdentifier cannot be served by implementation result Identifier; make the implementation result covariant with every overload result
--- PASS: TestCheckedViewsNextAdamicRefusals (0.50s)
=== CONT  TestCheckedWriteMessage15
    checked_write_messages_test.go:104: .a refusal: /workspace/adamic/internal/oracle/testdata/checked-write-messages/15_detached-diagnostic_out.a:15:11: Adamic 0.1 refuses a value of type DiagnosticWithDetachedLocation seen as DiagnosticRelatedInformation, which can write SourceFile | undefined where undefined is read; make the wider type readonly (readonly T[], ReadonlyMap, readonly fields), which can't write; or copy the value ([...items], { ...item }) (adamic/invariant-mutable)
    checked_write_messages_test.go:104: gate cache node miss
=== NAME  TestCheckedRuntimeRegexFields
    checked_runtime_fields_test.go:63: gate cache node miss
    oracle_test.go:604: gate cache native miss
=== NAME  TestCheckedEmitProvenAdamic
    checked_writes_test.go:640: gate cache node miss
=== NAME  TestCheckedWriteMessageMutant03
    checked_write_messages_test.go:112: gate cache node miss
=== NAME  TestCheckedEmitProvenAdamic
    oracle_test.go:604: gate cache native miss
=== NAME  TestCheckedWriteMessage16
    checked_write_messages_test.go:108: gate cache node miss
=== NAME  TestCheckedWriteMessageMutant03
    checked_write_messages_test.go:112: native sanitized message mutant caught by exact stderr: "adamic: panic: write failed: flow.node expects BinaryExpression | BindingElement, got BindingElement\n"
    checked_write_messages_test.go:112: native release message mutant caught by exact stderr: "adamic: panic: write failed: flow.node expects BinaryExpression | BindingElement, got BindingElement\n"
    checked_write_messages_test.go:112: JavaScript message mutant caught by exact stderr: "adamic: panic: write failed: flow.node expects BinaryExpression | BindingElement, got BindingElement\n"
--- PASS: TestCheckedWriteMessageMutant03 (1.48s)
=== CONT  TestCheckedWriteMessage13
    checked_write_messages_test.go:100: .a refusal: /workspace/adamic/internal/oracle/testdata/checked-write-messages/13_declaration-array_out.a:15:9: Adamic 0.1 refuses a value of type Declaration[] seen as Node[], which can write Node where Declaration is read; make the wider type readonly (readonly T[], ReadonlyMap, readonly fields), which can't write; or copy the value ([...items], { ...item }) (adamic/invariant-mutable)
--- PASS: TestCheckedWriteMessage16 (1.61s)
=== CONT  TestCheckedWriteMessage03
=== NAME  TestCheckedWriteMessage15
    checked_write_messages_test.go:104: gate cache node miss
=== NAME  TestCheckedWriteMessage03
    checked_write_messages_test.go:96: .a refusal: /workspace/adamic/internal/oracle/testdata/checked-write-messages/03_flow-node_out.a:17:11: Adamic 0.1 refuses a value of type FlowArrayMutation seen as FlowNodeBase, which can write BinaryExpression | BindingElement where BinaryExpression is read; make the wider type readonly (readonly T[], ReadonlyMap, readonly fields), which can't write; or copy the value ([...items], { ...item }) (adamic/invariant-mutable)
=== NAME  TestCheckedRuntimeRegexFields
    checked_runtime_fields_test.go:63: /workspace/adamic/internal/oracle/testdata/checked-runtime-fields/regex.a: Node exit 0 stdout "a\na\ndone\n"; TypeScript-mode structural contracts, native sanitized/release and JavaScript agree
--- PASS: TestCheckedRuntimeRegexFields (1.73s)
=== CONT  TestCheckedWriteMessage02
--- PASS: TestCheckedWriteMessage15 (1.23s)
=== CONT  TestCheckedViewsNextProvenAdamic
=== NAME  TestCheckedWriteMessage13
    checked_write_messages_test.go:100: gate cache node miss
=== NAME  TestCheckedWriteMessage03
    checked_write_messages_test.go:96: gate cache node hit
=== NAME  TestCheckedWriteMessage02
    checked_write_messages_test.go:92: .a refusal: /workspace/adamic/internal/oracle/testdata/checked-write-messages/02_shared-empty_out.a:11:9: Adamic 0.1 refuses a value of type never[] seen as number[], which can write number where never is read; make the wider type readonly (readonly T[], ReadonlyMap, readonly fields), which can't write; or copy the value ([...items], { ...item }) (adamic/invariant-mutable)
=== NAME  TestCheckedViewsNextProvenAdamic
    checked_views_next_test.go:113: gate cache node miss
=== NAME  TestCheckedWriteMessage02
    checked_write_messages_test.go:92: gate cache node miss
--- PASS: TestCheckedEmitProvenAdamic (1.94s)
=== CONT  TestCheckedRuntimeReferenceArrayLaterWriter
    checked_runtime_fields_test.go:98: .a refusal: /workspace/adamic/internal/oracle/testdata/checked-runtime-fields/regex.a:5:101: Adamic 0.1 refuses a value of type Result[] seen as { done?: boolean | undefined; value: readonly (string | undefined)[] | undefined; }[], whose readonly field done becomes writable: a readonly field may hold something narrower than boolean | undefined, which a write of boolean | undefined would replace; keep done readonly in the type it's seen as, or copy the value ({ ...value }) (adamic/invariant-mutable)
    checked_runtime_fields_test.go:99: gate cache node hit
=== NAME  TestCheckedWriteMessage03
    checked_write_messages_test.go:96: gate cache node miss
=== NAME  TestCheckedWriteMessage13
    checked_write_messages_test.go:100: gate cache node miss
--- PASS: TestCheckedWriteMessage03 (0.59s)
=== CONT  TestCheckedViewsNextMutants
=== RUN   TestCheckedViewsNextMutants/optional-boolean-misfit
=== PAUSE TestCheckedViewsNextMutants/optional-boolean-misfit
=== RUN   TestCheckedViewsNextMutants/optional-false-misfit
=== PAUSE TestCheckedViewsNextMutants/optional-false-misfit
=== RUN   TestCheckedViewsNextMutants/required-boolean-misfit
=== PAUSE TestCheckedViewsNextMutants/required-boolean-misfit
=== RUN   TestCheckedViewsNextMutants/branch-file-misfit
=== PAUSE TestCheckedViewsNextMutants/branch-file-misfit
=== RUN   TestCheckedViewsNextMutants/branch-start-misfit
=== PAUSE TestCheckedViewsNextMutants/branch-start-misfit
=== RUN   TestCheckedViewsNextMutants/branch-length-misfit
=== PAUSE TestCheckedViewsNextMutants/branch-length-misfit
=== RUN   TestCheckedViewsNextMutants/branch-bottom-number-misfit
=== PAUSE TestCheckedViewsNextMutants/branch-bottom-number-misfit
=== RUN   TestCheckedViewsNextMutants/branch-bottom-string-misfit
=== PAUSE TestCheckedViewsNextMutants/branch-bottom-string-misfit
=== RUN   TestCheckedViewsNextMutants/generic-site-misfit
=== PAUSE TestCheckedViewsNextMutants/generic-site-misfit
=== RUN   TestCheckedViewsNextMutants/overload-result-misfit
=== PAUSE TestCheckedViewsNextMutants/overload-result-misfit
=== RUN   TestCheckedViewsNextMutants/overload-callback-misfit
=== PAUSE TestCheckedViewsNextMutants/overload-callback-misfit
=== CONT  TestCheckedRuntimeSetFields
--- PASS: TestCheckedWriteMessage13 (0.81s)
=== CONT  TestCheckedRuntimeFSFields
=== NAME  TestCheckedWriteMessage02
    checked_write_messages_test.go:92: gate cache node miss
=== NAME  TestCheckedRuntimeSetFields
    checked_runtime_fields_test.go:65: .a refusal: /workspace/adamic/internal/oracle/testdata/checked-runtime-fields/set.a:5:76: Adamic 0.1 refuses a value of type Result[] seen as { done?: boolean | undefined; value: string | undefined; }[], whose readonly field done becomes writable: a readonly field may hold something narrower than boolean | undefined, which a write of boolean | undefined would replace; keep done readonly in the type it's seen as, or copy the value ({ ...value }) (adamic/invariant-mutable)
=== NAME  TestCheckedRuntimeFSFields
    checked_runtime_fields_test.go:66: .a refusal: /workspace/adamic/internal/oracle/testdata/checked-runtime-fields/fs.a:7:35: Adamic 0.1 refuses a value of type Result[] seen as { text: string; }[], whose readonly field text becomes writable: a readonly field may hold something narrower than string, which a write of string would replace; keep text readonly in the type it's seen as, or copy the value ({ ...value }) (adamic/invariant-mutable)
--- PASS: TestCheckedWriteMessage02 (0.68s)
=== CONT  TestCheckedRuntimeMapFields
=== NAME  TestCheckedViewsNextProvenAdamic
    checked_views_next_test.go:115: gate cache node miss
=== NAME  TestCheckedRuntimeMapFields
    checked_runtime_fields_test.go:64: .a refusal: /workspace/adamic/internal/oracle/testdata/checked-runtime-fields/map.a:5:76: Adamic 0.1 refuses a value of type Result[] seen as { done?: boolean | undefined; value: string | undefined; }[], whose readonly field done becomes writable: a readonly field may hold something narrower than boolean | undefined, which a write of boolean | undefined would replace; keep done readonly in the type it's seen as, or copy the value ({ ...value }) (adamic/invariant-mutable)
=== NAME  TestCheckedRuntimeFSFields
    checked_runtime_fields_test.go:66: gate cache node miss
=== NAME  TestCheckedViewsNextProvenAdamic
    oracle_test.go:604: gate cache native miss
=== NAME  TestCheckedRuntimeSetFields
    checked_runtime_fields_test.go:65: gate cache node miss
=== NAME  TestCheckedRuntimeMapFields
    checked_runtime_fields_test.go:64: gate cache node miss
=== NAME  TestCheckedRuntimeReferenceArrayLaterWriter
    checked_runtime_fields_test.go:114: gate cache node miss
--- PASS: TestCheckedRuntimeReferenceArrayLaterWriter (0.98s)
=== CONT  TestCheckedRuntimeStatusFields
--- PASS: TestCheckedViewsNextProvenAdamic (1.20s)
=== CONT  TestCheckedWiderWritesProvenAdamic
=== NAME  TestCheckedRuntimeStatusFields
    checked_runtime_fields_test.go:71: .a refusal: /workspace/adamic/internal/oracle/testdata/checked-runtime-fields/status.a:7:72: Adamic 0.1 refuses a value of type Result[] seen as { type: string; size: number; symbolicLink: boolean; }[], whose readonly field type becomes writable: a readonly field may hold something narrower than string, which a write of string would replace; keep type readonly in the type it's seen as, or copy the value ({ ...value }) (adamic/invariant-mutable)
=== NAME  TestCheckedWiderWritesProvenAdamic
    checked_writes_test.go:291: gate cache node miss
=== NAME  TestCheckedRuntimeStatusFields
    checked_runtime_fields_test.go:71: gate cache node miss
=== NAME  TestCheckedRuntimeFSFields
    checked_runtime_fields_test.go:66: gate cache node miss
=== NAME  TestCheckedRuntimeMapFields
    checked_runtime_fields_test.go:64: gate cache node miss
=== NAME  TestCheckedRuntimeFSFields
    oracle_test.go:604: gate cache native miss
=== NAME  TestCheckedRuntimeMapFields
    oracle_test.go:604: gate cache native miss
=== NAME  TestCheckedRuntimeSetFields
    checked_runtime_fields_test.go:65: gate cache node miss
    oracle_test.go:604: gate cache native miss
=== NAME  TestCheckedRuntimeFSFields
    checked_runtime_fields_test.go:66: /workspace/adamic/internal/oracle/testdata/checked-runtime-fields/fs.a: Node exit 0 stdout "alpha\n"; TypeScript-mode structural contracts, native sanitized/release and JavaScript agree
--- PASS: TestCheckedRuntimeFSFields (1.22s)
=== CONT  TestCheckedEmitContractsMutants
=== RUN   TestCheckedEmitContractsMutants/emit-drop-check
=== PAUSE TestCheckedEmitContractsMutants/emit-drop-check
=== RUN   TestCheckedEmitContractsMutants/emit-node-misfit
=== PAUSE TestCheckedEmitContractsMutants/emit-node-misfit
=== RUN   TestCheckedEmitContractsMutants/emit-auto-misfit
=== PAUSE TestCheckedEmitContractsMutants/emit-auto-misfit
=== RUN   TestCheckedEmitContractsMutants/emit-callback-misfit
=== PAUSE TestCheckedEmitContractsMutants/emit-callback-misfit
=== RUN   TestCheckedEmitContractsMutants/emit-comment-misfit
=== PAUSE TestCheckedEmitContractsMutants/emit-comment-misfit
=== RUN   TestCheckedEmitContractsMutants/emit-resolution-misfit
=== PAUSE TestCheckedEmitContractsMutants/emit-resolution-misfit
=== CONT  TestCheckedFlowContainerContractMutants
=== RUN   TestCheckedFlowContainerContractMutants/flow-node-misfit
=== PAUSE TestCheckedFlowContainerContractMutants/flow-node-misfit
=== RUN   TestCheckedFlowContainerContractMutants/flow-undefined-misfit
=== PAUSE TestCheckedFlowContainerContractMutants/flow-undefined-misfit
=== RUN   TestCheckedFlowContainerContractMutants/flow-array-misfit
=== PAUSE TestCheckedFlowContainerContractMutants/flow-array-misfit
=== RUN   TestCheckedFlowContainerContractMutants/container-number-misfit
=== PAUSE TestCheckedFlowContainerContractMutants/container-number-misfit
=== RUN   TestCheckedFlowContainerContractMutants/container-string-misfit
=== PAUSE TestCheckedFlowContainerContractMutants/container-string-misfit
=== RUN   TestCheckedFlowContainerContractMutants/container-map-misfit
=== PAUSE TestCheckedFlowContainerContractMutants/container-map-misfit
=== RUN   TestCheckedFlowContainerContractMutants/container-splice-misfit
=== PAUSE TestCheckedFlowContainerContractMutants/container-splice-misfit
=== RUN   TestCheckedFlowContainerContractMutants/container-object-misfit
=== PAUSE TestCheckedFlowContainerContractMutants/container-object-misfit
=== RUN   TestCheckedFlowContainerContractMutants/container-nested-misfit
=== PAUSE TestCheckedFlowContainerContractMutants/container-nested-misfit
=== RUN   TestCheckedFlowContainerContractMutants/container-boolean-misfit
=== PAUSE TestCheckedFlowContainerContractMutants/container-boolean-misfit
=== RUN   TestCheckedFlowContainerContractMutants/container-fill-misfit
=== PAUSE TestCheckedFlowContainerContractMutants/container-fill-misfit
=== RUN   TestCheckedFlowContainerContractMutants/container-map-object-misfit
=== PAUSE TestCheckedFlowContainerContractMutants/container-map-object-misfit
=== RUN   TestCheckedFlowContainerContractMutants/container-alias-misfit
=== PAUSE TestCheckedFlowContainerContractMutants/container-alias-misfit
=== CONT  TestCheckedWiderWritesProvenContainers
    checked_writes_test.go:462: gate cache node miss
=== NAME  TestCheckedWiderWritesProvenAdamic
    checked_writes_test.go:296: gate cache node miss
=== NAME  TestCheckedRuntimeStatusFields
    checked_runtime_fields_test.go:71: gate cache node miss
=== NAME  TestCheckedRuntimeMapFields
    checked_runtime_fields_test.go:64: /workspace/adamic/internal/oracle/testdata/checked-runtime-fields/map.a: Node exit 0 stdout "alpha\ndone\n"; TypeScript-mode structural contracts, native sanitized/release and JavaScript agree
--- PASS: TestCheckedRuntimeMapFields (1.19s)
=== CONT  TestCheckedDiagnosticReferenceMutants
=== RUN   TestCheckedDiagnosticReferenceMutants/drop_alias_check
=== PAUSE TestCheckedDiagnosticReferenceMutants/drop_alias_check
=== RUN   TestCheckedDiagnosticReferenceMutants/drop_allocation_proof
=== PAUSE TestCheckedDiagnosticReferenceMutants/drop_allocation_proof
=== RUN   TestCheckedDiagnosticReferenceMutants/drop_nested_contract
=== PAUSE TestCheckedDiagnosticReferenceMutants/drop_nested_contract
=== CONT  TestCheckedWiderWritesKeepSpreadOverrideRefusal
=== NAME  TestCheckedWiderWritesProvenAdamic
    oracle_test.go:604: gate cache native miss
=== NAME  TestCheckedRuntimeStatusFields
    oracle_test.go:604: gate cache native miss
--- PASS: TestCheckedWiderWritesKeepSpreadOverrideRefusal (0.04s)
=== CONT  TestCheckedNeverContractMutant
=== NAME  TestCheckedRuntimeSetFields
    checked_runtime_fields_test.go:65: /workspace/adamic/internal/oracle/testdata/checked-runtime-fields/set.a: Node exit 0 stdout "alpha\ndone\n"; TypeScript-mode structural contracts, native sanitized/release and JavaScript agree
--- PASS: TestCheckedRuntimeSetFields (1.48s)
=== CONT  TestCheckedWiderWrites
=== RUN   TestCheckedWiderWrites/overload-callback-fit
=== PAUSE TestCheckedWiderWrites/overload-callback-fit
=== RUN   TestCheckedWiderWrites/overload-callback-misfit
=== PAUSE TestCheckedWiderWrites/overload-callback-misfit
=== RUN   TestCheckedWiderWrites/optional-boolean-fit
=== PAUSE TestCheckedWiderWrites/optional-boolean-fit
=== RUN   TestCheckedWiderWrites/optional-boolean-misfit
=== PAUSE TestCheckedWiderWrites/optional-boolean-misfit
=== RUN   TestCheckedWiderWrites/required-boolean-fit
=== PAUSE TestCheckedWiderWrites/required-boolean-fit
=== RUN   TestCheckedWiderWrites/required-boolean-misfit
=== PAUSE TestCheckedWiderWrites/required-boolean-misfit
=== RUN   TestCheckedWiderWrites/optional-false-fit
=== PAUSE TestCheckedWiderWrites/optional-false-fit
=== RUN   TestCheckedWiderWrites/optional-false-misfit
=== PAUSE TestCheckedWiderWrites/optional-false-misfit
=== RUN   TestCheckedWiderWrites/branch-file-fit
=== PAUSE TestCheckedWiderWrites/branch-file-fit
=== RUN   TestCheckedWiderWrites/branch-file-misfit
=== PAUSE TestCheckedWiderWrites/branch-file-misfit
=== RUN   TestCheckedWiderWrites/branch-start-fit
=== PAUSE TestCheckedWiderWrites/branch-start-fit
=== RUN   TestCheckedWiderWrites/branch-start-misfit
=== PAUSE TestCheckedWiderWrites/branch-start-misfit
=== RUN   TestCheckedWiderWrites/branch-length-fit
=== PAUSE TestCheckedWiderWrites/branch-length-fit
=== RUN   TestCheckedWiderWrites/branch-length-misfit
=== PAUSE TestCheckedWiderWrites/branch-length-misfit
=== RUN   TestCheckedWiderWrites/branch-bottom-number-fit
=== PAUSE TestCheckedWiderWrites/branch-bottom-number-fit
=== RUN   TestCheckedWiderWrites/branch-bottom-number-misfit
=== PAUSE TestCheckedWiderWrites/branch-bottom-number-misfit
=== RUN   TestCheckedWiderWrites/branch-bottom-string-fit
=== PAUSE TestCheckedWiderWrites/branch-bottom-string-fit
=== RUN   TestCheckedWiderWrites/branch-bottom-string-misfit
=== PAUSE TestCheckedWiderWrites/branch-bottom-string-misfit
=== RUN   TestCheckedWiderWrites/generic-site-fit
=== PAUSE TestCheckedWiderWrites/generic-site-fit
=== RUN   TestCheckedWiderWrites/generic-site-misfit
=== PAUSE TestCheckedWiderWrites/generic-site-misfit
=== RUN   TestCheckedWiderWrites/overload-result-fit
=== PAUSE TestCheckedWiderWrites/overload-result-fit
=== RUN   TestCheckedWiderWrites/overload-result-misfit
=== PAUSE TestCheckedWiderWrites/overload-result-misfit
=== RUN   TestCheckedWiderWrites/emit-comment-fit
=== PAUSE TestCheckedWiderWrites/emit-comment-fit
=== RUN   TestCheckedWiderWrites/emit-comment-misfit
=== PAUSE TestCheckedWiderWrites/emit-comment-misfit
=== RUN   TestCheckedWiderWrites/emit-resolution-fit
=== PAUSE TestCheckedWiderWrites/emit-resolution-fit
=== RUN   TestCheckedWiderWrites/emit-resolution-misfit
=== PAUSE TestCheckedWiderWrites/emit-resolution-misfit
=== RUN   TestCheckedWiderWrites/emit-callback-fit
=== PAUSE TestCheckedWiderWrites/emit-callback-fit
=== RUN   TestCheckedWiderWrites/emit-callback-misfit
=== PAUSE TestCheckedWiderWrites/emit-callback-misfit
=== RUN   TestCheckedWiderWrites/emit-node-fit
=== PAUSE TestCheckedWiderWrites/emit-node-fit
=== RUN   TestCheckedWiderWrites/emit-node-misfit
=== PAUSE TestCheckedWiderWrites/emit-node-misfit
=== RUN   TestCheckedWiderWrites/emit-auto-fit
=== PAUSE TestCheckedWiderWrites/emit-auto-fit
=== RUN   TestCheckedWiderWrites/emit-auto-misfit
=== PAUSE TestCheckedWiderWrites/emit-auto-misfit
=== RUN   TestCheckedWiderWrites/container-slice-fit
=== PAUSE TestCheckedWiderWrites/container-slice-fit
=== RUN   TestCheckedWiderWrites/container-slice-misfit
=== PAUSE TestCheckedWiderWrites/container-slice-misfit
=== RUN   TestCheckedWiderWrites/container-map-values-fit
=== PAUSE TestCheckedWiderWrites/container-map-values-fit
=== RUN   TestCheckedWiderWrites/container-map-values-misfit
=== PAUSE TestCheckedWiderWrites/container-map-values-misfit
=== RUN   TestCheckedWiderWrites/container-boolean-fit
=== PAUSE TestCheckedWiderWrites/container-boolean-fit
=== RUN   TestCheckedWiderWrites/container-boolean-misfit
=== PAUSE TestCheckedWiderWrites/container-boolean-misfit
=== RUN   TestCheckedWiderWrites/container-fill-fit
=== PAUSE TestCheckedWiderWrites/container-fill-fit
=== RUN   TestCheckedWiderWrites/container-fill-misfit
=== PAUSE TestCheckedWiderWrites/container-fill-misfit
=== RUN   TestCheckedWiderWrites/container-map-object-fit
=== PAUSE TestCheckedWiderWrites/container-map-object-fit
=== RUN   TestCheckedWiderWrites/container-map-object-misfit
=== PAUSE TestCheckedWiderWrites/container-map-object-misfit
=== RUN   TestCheckedWiderWrites/container-alias-fit
=== PAUSE TestCheckedWiderWrites/container-alias-fit
=== RUN   TestCheckedWiderWrites/container-alias-misfit
=== PAUSE TestCheckedWiderWrites/container-alias-misfit
=== RUN   TestCheckedWiderWrites/container-number-fit
=== PAUSE TestCheckedWiderWrites/container-number-fit
=== RUN   TestCheckedWiderWrites/container-number-misfit
=== PAUSE TestCheckedWiderWrites/container-number-misfit
=== RUN   TestCheckedWiderWrites/container-string-fit
=== PAUSE TestCheckedWiderWrites/container-string-fit
=== RUN   TestCheckedWiderWrites/container-string-misfit
=== PAUSE TestCheckedWiderWrites/container-string-misfit
=== RUN   TestCheckedWiderWrites/container-map-fit
=== PAUSE TestCheckedWiderWrites/container-map-fit
=== RUN   TestCheckedWiderWrites/container-map-misfit
=== PAUSE TestCheckedWiderWrites/container-map-misfit
=== RUN   TestCheckedWiderWrites/container-splice-fit
=== PAUSE TestCheckedWiderWrites/container-splice-fit
=== RUN   TestCheckedWiderWrites/container-splice-misfit
=== PAUSE TestCheckedWiderWrites/container-splice-misfit
=== RUN   TestCheckedWiderWrites/container-object-fit
=== PAUSE TestCheckedWiderWrites/container-object-fit
=== RUN   TestCheckedWiderWrites/container-object-misfit
=== PAUSE TestCheckedWiderWrites/container-object-misfit
=== RUN   TestCheckedWiderWrites/container-nested-fit
=== PAUSE TestCheckedWiderWrites/container-nested-fit
=== RUN   TestCheckedWiderWrites/container-nested-misfit
=== PAUSE TestCheckedWiderWrites/container-nested-misfit
=== RUN   TestCheckedWiderWrites/flow-node-fit
=== PAUSE TestCheckedWiderWrites/flow-node-fit
=== RUN   TestCheckedWiderWrites/flow-node-misfit
=== PAUSE TestCheckedWiderWrites/flow-node-misfit
=== RUN   TestCheckedWiderWrites/flow-undefined-fit
=== PAUSE TestCheckedWiderWrites/flow-undefined-fit
=== RUN   TestCheckedWiderWrites/flow-undefined-misfit
=== PAUSE TestCheckedWiderWrites/flow-undefined-misfit
=== RUN   TestCheckedWiderWrites/flow-array-fit
=== PAUSE TestCheckedWiderWrites/flow-array-fit
=== RUN   TestCheckedWiderWrites/flow-array-misfit
=== PAUSE TestCheckedWiderWrites/flow-array-misfit
=== RUN   TestCheckedWiderWrites/never-nullable-fit
=== PAUSE TestCheckedWiderWrites/never-nullable-fit
=== RUN   TestCheckedWiderWrites/never-nullable-misfit
=== PAUSE TestCheckedWiderWrites/never-nullable-misfit
=== RUN   TestCheckedWiderWrites/never-index-misfit
=== PAUSE TestCheckedWiderWrites/never-index-misfit
=== RUN   TestCheckedWiderWrites/never-splice-misfit
=== PAUSE TestCheckedWiderWrites/never-splice-misfit
=== RUN   TestCheckedWiderWrites/never-wide-fit
=== PAUSE TestCheckedWiderWrites/never-wide-fit
=== RUN   TestCheckedWiderWrites/never-number-fit
=== PAUSE TestCheckedWiderWrites/never-number-fit
=== RUN   TestCheckedWiderWrites/never-number-misfit
=== PAUSE TestCheckedWiderWrites/never-number-misfit
=== RUN   TestCheckedWiderWrites/never-string-fit
=== PAUSE TestCheckedWiderWrites/never-string-fit
=== RUN   TestCheckedWiderWrites/never-string-misfit
=== PAUSE TestCheckedWiderWrites/never-string-misfit
=== RUN   TestCheckedWiderWrites/never-object-fit
=== PAUSE TestCheckedWiderWrites/never-object-fit
=== RUN   TestCheckedWiderWrites/never-object-misfit
=== PAUSE TestCheckedWiderWrites/never-object-misfit
=== RUN   TestCheckedWiderWrites/diagnostic-alias-fit
=== PAUSE TestCheckedWiderWrites/diagnostic-alias-fit
=== RUN   TestCheckedWiderWrites/diagnostic-alias-misfit
=== PAUSE TestCheckedWiderWrites/diagnostic-alias-misfit
=== RUN   TestCheckedWiderWrites/diagnostic-proof-fit
=== PAUSE TestCheckedWiderWrites/diagnostic-proof-fit
=== RUN   TestCheckedWiderWrites/diagnostic-proof-misfit
=== PAUSE TestCheckedWiderWrites/diagnostic-proof-misfit
=== RUN   TestCheckedWiderWrites/diagnostic-rich-fit
=== PAUSE TestCheckedWiderWrites/diagnostic-rich-fit
=== RUN   TestCheckedWiderWrites/diagnostic-rich-misfit
=== PAUSE TestCheckedWiderWrites/diagnostic-rich-misfit
=== RUN   TestCheckedWiderWrites/diagnostic-related-fit
=== PAUSE TestCheckedWiderWrites/diagnostic-related-fit
=== RUN   TestCheckedWiderWrites/diagnostic-related-misfit
=== PAUSE TestCheckedWiderWrites/diagnostic-related-misfit
=== RUN   TestCheckedWiderWrites/diagnostic-nested-fit
=== PAUSE TestCheckedWiderWrites/diagnostic-nested-fit
=== RUN   TestCheckedWiderWrites/diagnostic-nested-misfit
=== PAUSE TestCheckedWiderWrites/diagnostic-nested-misfit
=== RUN   TestCheckedWiderWrites/diagnostic-inner-fit
=== PAUSE TestCheckedWiderWrites/diagnostic-inner-fit
=== RUN   TestCheckedWiderWrites/diagnostic-inner-misfit
=== PAUSE TestCheckedWiderWrites/diagnostic-inner-misfit
=== RUN   TestCheckedWiderWrites/reference-structure
=== PAUSE TestCheckedWiderWrites/reference-structure
=== RUN   TestCheckedWiderWrites/flags-fit
=== PAUSE TestCheckedWiderWrites/flags-fit
=== RUN   TestCheckedWiderWrites/flags-misfit
=== PAUSE TestCheckedWiderWrites/flags-misfit
=== RUN   TestCheckedWiderWrites/string-fit
=== PAUSE TestCheckedWiderWrites/string-fit
=== RUN   TestCheckedWiderWrites/string-misfit
=== PAUSE TestCheckedWiderWrites/string-misfit
=== RUN   TestCheckedWiderWrites/boolean-fit
=== PAUSE TestCheckedWiderWrites/boolean-fit
=== RUN   TestCheckedWiderWrites/boolean-misfit
=== PAUSE TestCheckedWiderWrites/boolean-misfit
=== RUN   TestCheckedWiderWrites/diagnostic-fit
=== PAUSE TestCheckedWiderWrites/diagnostic-fit
=== RUN   TestCheckedWiderWrites/diagnostic-misfit
=== PAUSE TestCheckedWiderWrites/diagnostic-misfit
=== RUN   TestCheckedWiderWrites/number-fit
=== PAUSE TestCheckedWiderWrites/number-fit
=== RUN   TestCheckedWiderWrites/number-misfit
=== PAUSE TestCheckedWiderWrites/number-misfit
=== RUN   TestCheckedWiderWrites/compound-fit
=== PAUSE TestCheckedWiderWrites/compound-fit
=== RUN   TestCheckedWiderWrites/compound-misfit
=== PAUSE TestCheckedWiderWrites/compound-misfit
=== RUN   TestCheckedWiderWrites/nullable-number-fit
=== PAUSE TestCheckedWiderWrites/nullable-number-fit
=== RUN   TestCheckedWiderWrites/nullable-number-misfit
=== PAUSE TestCheckedWiderWrites/nullable-number-misfit
=== RUN   TestCheckedWiderWrites/range-fit
=== PAUSE TestCheckedWiderWrites/range-fit
=== RUN   TestCheckedWiderWrites/range-misfit
=== PAUSE TestCheckedWiderWrites/range-misfit
=== RUN   TestCheckedWiderWrites/receiver-fit
=== PAUSE TestCheckedWiderWrites/receiver-fit
=== RUN   TestCheckedWiderWrites/parent-fit
=== PAUSE TestCheckedWiderWrites/parent-fit
=== RUN   TestCheckedWiderWrites/parent-misfit
=== PAUSE TestCheckedWiderWrites/parent-misfit
=== CONT  TestCheckedWiderWritesAdamicRefuses
=== NAME  TestCheckedNeverContractMutant
    checked_writes_test.go:324: gate cache node miss
--- PASS: TestCheckedWiderWritesProvenAdamic (0.97s)
=== CONT  TestCheckedWiderWriteMutants
=== RUN   TestCheckedWiderWriteMutants/drop_check
=== PAUSE TestCheckedWiderWriteMutants/drop_check
=== RUN   TestCheckedWiderWriteMutants/drop_literal_set
=== PAUSE TestCheckedWiderWriteMutants/drop_literal_set
=== CONT  TestCheckedWriteMessageMutant15
=== NAME  TestCheckedRuntimeStatusFields
    checked_runtime_fields_test.go:71: /workspace/adamic/internal/oracle/testdata/checked-runtime-fields/status.a: Node exit 0 stdout "file 6 false\n"; TypeScript-mode structural contracts, native sanitized/release and JavaScript agree
--- PASS: TestCheckedRuntimeStatusFields (1.01s)
=== CONT  TestCheckedWriteMessageMutant16
=== NAME  TestCheckedWriteMessageMutant15
    checked_write_messages_test.go:120: .a refusal: /workspace/adamic/internal/oracle/testdata/checked-write-messages/15_detached-diagnostic_out.a:15:11: Adamic 0.1 refuses a value of type DiagnosticWithDetachedLocation seen as DiagnosticRelatedInformation, which can write SourceFile | undefined where undefined is read; make the wider type readonly (readonly T[], ReadonlyMap, readonly fields), which can't write; or copy the value ([...items], { ...item }) (adamic/invariant-mutable)
=== NAME  TestCheckedWriteMessageMutant16
    checked_write_messages_test.go:124: .a refusal: /workspace/adamic/internal/oracle/testdata/checked-write-messages/16_flow-assignment-union_out.a:17:11: Adamic 0.1 refuses a value of type FlowArrayMutation seen as FlowNodeBase, which can write BinaryExpression | BindingElement where BinaryExpression is read; make the wider type readonly (readonly T[], ReadonlyMap, readonly fields), which can't write; or copy the value ([...items], { ...item }) (adamic/invariant-mutable)
=== NAME  TestCheckedWiderWritesProvenContainers
    checked_writes_test.go:467: gate cache node miss
=== NAME  TestCheckedNeverContractMutant
    checked_writes_test.go:332: gate cache node miss
=== NAME  TestCheckedWriteMessageMutant15
    checked_write_messages_test.go:120: gate cache node hit
=== NAME  TestCheckedWriteMessageMutant16
    checked_write_messages_test.go:124: gate cache node hit
=== NAME  TestCheckedWiderWritesProvenContainers
    oracle_test.go:604: gate cache native miss
=== NAME  TestCheckedNeverContractMutant
    oracle_test.go:604: gate cache native miss
--- PASS: TestCheckedWiderWritesAdamicRefuses (0.58s)
=== CONT  TestCheckedWriteMessageMutant13
    checked_write_messages_test.go:116: .a refusal: /workspace/adamic/internal/oracle/testdata/checked-write-messages/13_declaration-array_out.a:15:9: Adamic 0.1 refuses a value of type Declaration[] seen as Node[], which can write Node where Declaration is read; make the wider type readonly (readonly T[], ReadonlyMap, readonly fields), which can't write; or copy the value ([...items], { ...item }) (adamic/invariant-mutable)
    checked_write_messages_test.go:116: gate cache node hit
--- PASS: TestCheckedWiderWritesProvenContainers (0.99s)
=== CONT  TestCheckedRuntimeDirectoryFields
=== NAME  TestCheckedNeverContractMutant
    checked_writes_test.go:338: caught drop never contract: expected exit 70, mutant exit 0 stdout "1\n"
--- PASS: TestCheckedNeverContractMutant (0.87s)
=== CONT  TestCheckedViewsNextMutants/optional-boolean-misfit
=== NAME  TestCheckedWriteMessageMutant16
    checked_write_messages_test.go:124: gate cache node miss
=== NAME  TestCheckedRuntimeDirectoryFields
    checked_runtime_fields_test.go:69: .a refusal: /workspace/adamic/internal/oracle/testdata/checked-runtime-fields/directory.a:7:47: Adamic 0.1 refuses a value of type Result[] seen as { names: readonly string[]; }[], whose readonly field names becomes writable: a readonly field may hold something narrower than readonly string[], which a write of readonly string[] would replace; keep names readonly in the type it's seen as, or copy the value ({ ...value }) (adamic/invariant-mutable)
=== NAME  TestCheckedWriteMessageMutant16
    checked_write_messages_test.go:124: native sanitized message mutant caught by exact stderr: "adamic: panic: write failed: flow.node expects BinaryExpression | BindingElement, got BindingElement\n"
    checked_write_messages_test.go:124: native release message mutant caught by exact stderr: "adamic: panic: write failed: flow.node expects BinaryExpression | BindingElement, got BindingElement\n"
    checked_write_messages_test.go:124: JavaScript message mutant caught by exact stderr: "adamic: panic: write failed: flow.node expects BinaryExpression | BindingElement, got BindingElement\n"
--- PASS: TestCheckedWriteMessageMutant16 (0.68s)
=== CONT  TestCheckedViewsNextMutants/branch-bottom-number-misfit
=== NAME  TestCheckedViewsNextMutants/optional-boolean-misfit
    checked_views_next_test.go:62: gate cache node miss
=== NAME  TestCheckedWriteMessageMutant15
    checked_write_messages_test.go:120: gate cache node miss
=== NAME  TestCheckedRuntimeDirectoryFields
    checked_runtime_fields_test.go:69: gate cache node miss
=== NAME  TestCheckedViewsNextMutants/branch-bottom-number-misfit
    checked_views_next_test.go:62: gate cache node miss
=== NAME  TestCheckedWriteMessageMutant15
    checked_write_messages_test.go:120: native sanitized message mutant caught by exact stderr: "adamic: panic: write failed: diagnostic.file expects SourceFile | undefined, got SourceFile\n"
    checked_write_messages_test.go:120: native release message mutant caught by exact stderr: "adamic: panic: write failed: diagnostic.file expects SourceFile | undefined, got SourceFile\n"
    checked_write_messages_test.go:120: JavaScript message mutant caught by exact stderr: "adamic: panic: write failed: diagnostic.file expects SourceFile | undefined, got SourceFile\n"
--- PASS: TestCheckedWriteMessageMutant15 (0.82s)
=== CONT  TestCheckedViewsNextMutants/overload-callback-misfit
    checked_views_next_test.go:62: gate cache node miss
=== NAME  TestCheckedWriteMessageMutant13
    checked_write_messages_test.go:116: gate cache node miss
    checked_write_messages_test.go:116: native sanitized message mutant caught by exact stderr: "adamic: panic: write failed: array[] expects Node, got Node\n"
    checked_write_messages_test.go:116: native release message mutant caught by exact stderr: "adamic: panic: write failed: array[] expects Node, got Node\n"
    checked_write_messages_test.go:116: JavaScript message mutant caught by exact stderr: "adamic: panic: write failed: array[] expects Node, got Node\n"
--- PASS: TestCheckedWriteMessageMutant13 (0.70s)
=== CONT  TestCheckedViewsNextMutants/overload-result-misfit
    checked_views_next_test.go:62: gate cache node miss
=== NAME  TestCheckedViewsNextMutants/branch-bottom-number-misfit
    checked_views_next_test.go:67: gate cache node miss
=== NAME  TestCheckedViewsNextMutants/optional-boolean-misfit
    checked_views_next_test.go:67: gate cache node miss
=== NAME  TestCheckedViewsNextMutants/branch-bottom-number-misfit
    oracle_test.go:604: gate cache native miss
=== NAME  TestCheckedRuntimeDirectoryFields
    checked_runtime_fields_test.go:69: gate cache node miss
=== NAME  TestCheckedViewsNextMutants/optional-boolean-misfit
    oracle_test.go:604: gate cache native miss
=== NAME  TestCheckedRuntimeDirectoryFields
    oracle_test.go:604: gate cache native miss
=== NAME  TestCheckedViewsNextMutants/branch-bottom-number-misfit
    checked_views_next_test.go:75: contract mutant changed 1 contracts; original exit 70 is caught, mutant matches Node
=== CONT  TestCheckedViewsNextMutants/generic-site-misfit
=== NAME  TestCheckedViewsNextMutants/overload-callback-misfit
    checked_views_next_test.go:67: gate cache node miss
    oracle_test.go:604: gate cache native miss
=== NAME  TestCheckedViewsNextMutants/generic-site-misfit
    checked_views_next_test.go:62: gate cache node miss
=== NAME  TestCheckedViewsNextMutants/optional-boolean-misfit
    checked_views_next_test.go:75: contract mutant changed 1 contracts; original exit 70 is caught, mutant matches Node
=== CONT  TestCheckedViewsNextMutants/branch-bottom-string-misfit
=== NAME  TestCheckedViewsNextMutants/overload-result-misfit
    checked_views_next_test.go:67: gate cache node miss
=== NAME  TestCheckedRuntimeDirectoryFields
    checked_runtime_fields_test.go:69: /workspace/adamic/internal/oracle/testdata/checked-runtime-fields/directory.a: Node exit 0 stdout "alpha.txt\n"; TypeScript-mode structural contracts, native sanitized/release and JavaScript agree
--- PASS: TestCheckedRuntimeDirectoryFields (1.14s)
=== CONT  TestCheckedViewsNextMutants/branch-file-misfit
=== NAME  TestCheckedViewsNextMutants/branch-bottom-string-misfit
    checked_views_next_test.go:62: gate cache node miss
=== NAME  TestCheckedViewsNextMutants/overload-result-misfit
    oracle_test.go:604: gate cache native miss
=== NAME  TestCheckedViewsNextMutants/branch-file-misfit
    checked_views_next_test.go:62: gate cache node miss
=== NAME  TestCheckedViewsNextMutants/overload-callback-misfit
    checked_views_next_test.go:75: contract mutant changed 1 contracts; original exit 70 is caught, mutant matches Node
=== CONT  TestCheckedViewsNextMutants/branch-length-misfit
    checked_views_next_test.go:62: gate cache node miss
=== NAME  TestCheckedViewsNextMutants/overload-result-misfit
    checked_views_next_test.go:75: contract mutant changed 1 contracts; original exit 70 is caught, mutant matches Node
=== CONT  TestCheckedViewsNextMutants/branch-start-misfit
    checked_views_next_test.go:62: gate cache node miss
=== NAME  TestCheckedViewsNextMutants/generic-site-misfit
    checked_views_next_test.go:67: gate cache node miss
=== NAME  TestCheckedViewsNextMutants/branch-bottom-string-misfit
    checked_views_next_test.go:67: gate cache node miss
=== NAME  TestCheckedViewsNextMutants/generic-site-misfit
    oracle_test.go:604: gate cache native miss
=== NAME  TestCheckedViewsNextMutants/branch-bottom-string-misfit
    oracle_test.go:604: gate cache native miss
=== NAME  TestCheckedViewsNextMutants/branch-file-misfit
    checked_views_next_test.go:67: gate cache node miss
=== NAME  TestCheckedViewsNextMutants/branch-length-misfit
    checked_views_next_test.go:67: gate cache node miss
=== NAME  TestCheckedViewsNextMutants/generic-site-misfit
    checked_views_next_test.go:75: contract mutant changed 1 contracts; original exit 70 is caught, mutant matches Node
=== CONT  TestCheckedViewsNextMutants/required-boolean-misfit
=== NAME  TestCheckedViewsNextMutants/branch-length-misfit
    oracle_test.go:604: gate cache native miss
=== NAME  TestCheckedViewsNextMutants/branch-file-misfit
    oracle_test.go:604: gate cache native miss
=== NAME  TestCheckedViewsNextMutants/required-boolean-misfit
    checked_views_next_test.go:62: gate cache node miss
=== NAME  TestCheckedViewsNextMutants/branch-bottom-string-misfit
    checked_views_next_test.go:75: contract mutant changed 1 contracts; original exit 70 is caught, mutant matches Node
=== CONT  TestCheckedViewsNextMutants/optional-false-misfit
    checked_views_next_test.go:62: gate cache node miss
=== NAME  TestCheckedViewsNextMutants/branch-start-misfit
    checked_views_next_test.go:67: gate cache node miss
    oracle_test.go:604: gate cache native miss
=== NAME  TestCheckedViewsNextMutants/branch-length-misfit
    checked_views_next_test.go:75: contract mutant changed 2 contracts; original exit 70 is caught, mutant matches Node
=== CONT  TestCheckedEmitContractsMutants/emit-drop-check
    checked_writes_test.go:606: gate cache node miss
=== NAME  TestCheckedViewsNextMutants/branch-file-misfit
    checked_views_next_test.go:75: contract mutant changed 2 contracts; original exit 70 is caught, mutant matches Node
=== CONT  TestCheckedEmitContractsMutants/emit-callback-misfit
    checked_writes_test.go:606: gate cache node miss
=== NAME  TestCheckedViewsNextMutants/branch-start-misfit
    checked_views_next_test.go:75: contract mutant changed 2 contracts; original exit 70 is caught, mutant matches Node
=== CONT  TestCheckedEmitContractsMutants/emit-resolution-misfit
=== NAME  TestCheckedViewsNextMutants/required-boolean-misfit
    checked_views_next_test.go:67: gate cache node miss
=== NAME  TestCheckedEmitContractsMutants/emit-resolution-misfit
    checked_writes_test.go:606: gate cache node miss
=== NAME  TestCheckedViewsNextMutants/required-boolean-misfit
    oracle_test.go:604: gate cache native miss
=== NAME  TestCheckedViewsNextMutants/optional-false-misfit
    checked_views_next_test.go:67: gate cache node miss
    oracle_test.go:604: gate cache native miss
=== NAME  TestCheckedEmitContractsMutants/emit-drop-check
    checked_writes_test.go:611: gate cache node miss
    oracle_test.go:604: gate cache native miss
=== NAME  TestCheckedEmitContractsMutants/emit-callback-misfit
    checked_writes_test.go:611: gate cache node miss
=== NAME  TestCheckedViewsNextMutants/required-boolean-misfit
    checked_views_next_test.go:75: contract mutant changed 1 contracts; original exit 70 is caught, mutant matches Node
=== CONT  TestCheckedEmitContractsMutants/emit-comment-misfit
=== NAME  TestCheckedEmitContractsMutants/emit-callback-misfit
    oracle_test.go:604: gate cache native miss
=== NAME  TestCheckedEmitContractsMutants/emit-resolution-misfit
    checked_writes_test.go:611: gate cache node miss
=== NAME  TestCheckedEmitContractsMutants/emit-comment-misfit
    checked_writes_test.go:606: gate cache node miss
=== NAME  TestCheckedEmitContractsMutants/emit-resolution-misfit
    oracle_test.go:604: gate cache native miss
=== NAME  TestCheckedViewsNextMutants/optional-false-misfit
    checked_views_next_test.go:75: contract mutant changed 1 contracts; original exit 70 is caught, mutant matches Node
--- PASS: TestCheckedViewsNextMutants (0.00s)
    --- PASS: TestCheckedViewsNextMutants/branch-bottom-number-misfit (0.81s)
    --- PASS: TestCheckedViewsNextMutants/optional-boolean-misfit (1.05s)
    --- PASS: TestCheckedViewsNextMutants/overload-callback-misfit (1.06s)
    --- PASS: TestCheckedViewsNextMutants/overload-result-misfit (1.02s)
    --- PASS: TestCheckedViewsNextMutants/generic-site-misfit (0.99s)
    --- PASS: TestCheckedViewsNextMutants/branch-bottom-string-misfit (0.93s)
    --- PASS: TestCheckedViewsNextMutants/branch-length-misfit (0.88s)
    --- PASS: TestCheckedViewsNextMutants/branch-file-misfit (1.13s)
    --- PASS: TestCheckedViewsNextMutants/branch-start-misfit (1.01s)
    --- PASS: TestCheckedViewsNextMutants/required-boolean-misfit (1.02s)
    --- PASS: TestCheckedViewsNextMutants/optional-false-misfit (1.17s)
=== CONT  TestCheckedEmitContractsMutants/emit-auto-misfit
=== NAME  TestCheckedEmitContractsMutants/emit-drop-check
    checked_writes_test.go:617: caught drop contract: pinned exit 70; mutant exit 0 stdout "true\n"
=== CONT  TestCheckedEmitContractsMutants/emit-node-misfit
=== NAME  TestCheckedEmitContractsMutants/emit-auto-misfit
    checked_writes_test.go:606: gate cache node miss
=== NAME  TestCheckedEmitContractsMutants/emit-node-misfit
    checked_writes_test.go:606: gate cache node hit
=== NAME  TestCheckedEmitContractsMutants/emit-callback-misfit
    checked_writes_test.go:617: caught drop contract: pinned exit 70; mutant exit 0 stdout "true\n"
=== CONT  TestCheckedFlowContainerContractMutants/flow-node-misfit
=== NAME  TestCheckedEmitContractsMutants/emit-resolution-misfit
    checked_writes_test.go:617: caught drop contract: pinned exit 70; mutant exit 0 stdout "true\n"
=== CONT  TestCheckedFlowContainerContractMutants/container-object-misfit
=== NAME  TestCheckedFlowContainerContractMutants/flow-node-misfit
    checked_writes_test.go:518: gate cache node miss
=== NAME  TestCheckedFlowContainerContractMutants/container-object-misfit
    checked_writes_test.go:518: gate cache node miss
=== NAME  TestCheckedEmitContractsMutants/emit-comment-misfit
    checked_writes_test.go:611: gate cache node miss
=== NAME  TestCheckedEmitContractsMutants/emit-node-misfit
    checked_writes_test.go:611: gate cache node miss
=== NAME  TestCheckedEmitContractsMutants/emit-comment-misfit
    oracle_test.go:604: gate cache native miss
=== NAME  TestCheckedEmitContractsMutants/emit-node-misfit
    oracle_test.go:604: gate cache native miss
=== NAME  TestCheckedEmitContractsMutants/emit-auto-misfit
    checked_writes_test.go:611: gate cache node miss
=== NAME  TestCheckedFlowContainerContractMutants/container-object-misfit
    checked_writes_test.go:523: gate cache node miss
=== NAME  TestCheckedEmitContractsMutants/emit-auto-misfit
    oracle_test.go:604: gate cache native miss
=== NAME  TestCheckedFlowContainerContractMutants/flow-node-misfit
    checked_writes_test.go:523: gate cache node miss
=== NAME  TestCheckedFlowContainerContractMutants/container-object-misfit
    oracle_test.go:604: gate cache native miss
=== NAME  TestCheckedFlowContainerContractMutants/flow-node-misfit
    oracle_test.go:604: gate cache native miss
=== NAME  TestCheckedEmitContractsMutants/emit-comment-misfit
    checked_writes_test.go:617: caught drop contract: pinned exit 70; mutant exit 0 stdout "false\n"
=== CONT  TestCheckedFlowContainerContractMutants/container-alias-misfit
    checked_writes_test.go:518: gate cache node miss
=== NAME  TestCheckedEmitContractsMutants/emit-node-misfit
    checked_writes_test.go:617: caught drop contract: pinned exit 70; mutant exit 0 stdout "true\n"
=== CONT  TestCheckedFlowContainerContractMutants/container-map-object-misfit
=== NAME  TestCheckedEmitContractsMutants/emit-auto-misfit
    checked_writes_test.go:617: caught drop contract: pinned exit 70; mutant exit 0 stdout "true\n"
--- PASS: TestCheckedEmitContractsMutants (0.00s)
    --- PASS: TestCheckedEmitContractsMutants/emit-drop-check (1.03s)
    --- PASS: TestCheckedEmitContractsMutants/emit-callback-misfit (0.99s)
    --- PASS: TestCheckedEmitContractsMutants/emit-resolution-misfit (0.87s)
    --- PASS: TestCheckedEmitContractsMutants/emit-comment-misfit (1.16s)
    --- PASS: TestCheckedEmitContractsMutants/emit-node-misfit (1.00s)
    --- PASS: TestCheckedEmitContractsMutants/emit-auto-misfit (1.05s)
=== CONT  TestCheckedFlowContainerContractMutants/container-fill-misfit
=== NAME  TestCheckedFlowContainerContractMutants/container-object-misfit
    checked_writes_test.go:529: caught drop allocation contract: expected exit 70; mutant exit 0 stdout "1\n"
=== CONT  TestCheckedFlowContainerContractMutants/container-boolean-misfit
=== NAME  TestCheckedFlowContainerContractMutants/container-map-object-misfit
    checked_writes_test.go:518: gate cache node miss
=== NAME  TestCheckedFlowContainerContractMutants/container-boolean-misfit
    checked_writes_test.go:518: gate cache node miss
=== NAME  TestCheckedFlowContainerContractMutants/container-fill-misfit
    checked_writes_test.go:518: gate cache node miss
=== NAME  TestCheckedFlowContainerContractMutants/flow-node-misfit
    checked_writes_test.go:529: caught drop allocation contract: expected exit 70; mutant exit 0 stdout "identifier\n"
=== CONT  TestCheckedFlowContainerContractMutants/container-nested-misfit
    checked_writes_test.go:518: gate cache node miss
=== NAME  TestCheckedFlowContainerContractMutants/container-alias-misfit
    checked_writes_test.go:523: gate cache node miss
    oracle_test.go:604: gate cache native miss
=== NAME  TestCheckedFlowContainerContractMutants/container-boolean-misfit
    checked_writes_test.go:523: gate cache node miss
=== NAME  TestCheckedFlowContainerContractMutants/container-map-object-misfit
    checked_writes_test.go:523: gate cache node miss
=== NAME  TestCheckedFlowContainerContractMutants/container-fill-misfit
    checked_writes_test.go:523: gate cache node miss
=== NAME  TestCheckedFlowContainerContractMutants/container-boolean-misfit
    oracle_test.go:604: gate cache native miss
=== NAME  TestCheckedFlowContainerContractMutants/container-map-object-misfit
    oracle_test.go:604: gate cache native miss
=== NAME  TestCheckedFlowContainerContractMutants/container-fill-misfit
    oracle_test.go:604: gate cache native miss
=== NAME  TestCheckedFlowContainerContractMutants/container-nested-misfit
    checked_writes_test.go:523: gate cache node miss
=== NAME  TestCheckedFlowContainerContractMutants/container-alias-misfit
    checked_writes_test.go:529: caught drop allocation contract: expected exit 70; mutant exit 0 stdout "0\n"
=== CONT  TestCheckedFlowContainerContractMutants/container-string-misfit
=== NAME  TestCheckedFlowContainerContractMutants/container-nested-misfit
    oracle_test.go:604: gate cache native miss
=== NAME  TestCheckedFlowContainerContractMutants/container-string-misfit
    checked_writes_test.go:518: gate cache node miss
=== NAME  TestCheckedFlowContainerContractMutants/container-fill-misfit
    checked_writes_test.go:529: caught drop allocation contract: expected exit 70; mutant exit 0 stdout "3\n"
=== CONT  TestCheckedFlowContainerContractMutants/container-splice-misfit
=== NAME  TestCheckedFlowContainerContractMutants/container-boolean-misfit
    checked_writes_test.go:529: caught drop allocation contract: expected exit 70; mutant exit 0 stdout "false\n"
=== CONT  TestCheckedFlowContainerContractMutants/container-map-misfit
=== NAME  TestCheckedFlowContainerContractMutants/container-splice-misfit
    checked_writes_test.go:518: gate cache node miss
=== NAME  TestCheckedFlowContainerContractMutants/container-map-object-misfit
    checked_writes_test.go:529: caught drop allocation contract: expected exit 70; mutant exit 0 stdout "1\n"
=== CONT  TestCheckedFlowContainerContractMutants/flow-array-misfit
=== NAME  TestCheckedFlowContainerContractMutants/container-map-misfit
    checked_writes_test.go:518: gate cache node miss
=== NAME  TestCheckedFlowContainerContractMutants/flow-array-misfit
    checked_writes_test.go:518: gate cache node miss
=== NAME  TestCheckedFlowContainerContractMutants/container-nested-misfit
    checked_writes_test.go:529: caught drop allocation contract: expected exit 70; mutant exit 0 stdout "1\n"
=== CONT  TestCheckedFlowContainerContractMutants/container-number-misfit
    checked_writes_test.go:518: gate cache node miss
=== NAME  TestCheckedFlowContainerContractMutants/container-string-misfit
    checked_writes_test.go:523: gate cache node miss
    oracle_test.go:604: gate cache native miss
=== NAME  TestCheckedFlowContainerContractMutants/container-splice-misfit
    checked_writes_test.go:523: gate cache node miss
    oracle_test.go:604: gate cache native miss
=== NAME  TestCheckedFlowContainerContractMutants/flow-array-misfit
    checked_writes_test.go:523: gate cache node miss
=== NAME  TestCheckedFlowContainerContractMutants/container-map-misfit
    checked_writes_test.go:523: gate cache node miss
=== NAME  TestCheckedFlowContainerContractMutants/flow-array-misfit
    oracle_test.go:604: gate cache native miss
=== NAME  TestCheckedFlowContainerContractMutants/container-number-misfit
    checked_writes_test.go:523: gate cache node miss
=== NAME  TestCheckedFlowContainerContractMutants/container-map-misfit
    oracle_test.go:604: gate cache native miss
=== NAME  TestCheckedFlowContainerContractMutants/container-string-misfit
    checked_writes_test.go:529: caught drop allocation contract: expected exit 70; mutant exit 0 stdout "outside\n"
=== CONT  TestCheckedFlowContainerContractMutants/flow-undefined-misfit
=== NAME  TestCheckedFlowContainerContractMutants/container-number-misfit
    oracle_test.go:604: gate cache native miss
=== NAME  TestCheckedFlowContainerContractMutants/flow-undefined-misfit
    checked_writes_test.go:518: gate cache node miss
=== NAME  TestCheckedFlowContainerContractMutants/container-splice-misfit
    checked_writes_test.go:529: caught drop allocation contract: expected exit 70; mutant exit 0 stdout "2\n"
=== CONT  TestCheckedDiagnosticReferenceMutants/drop_alias_check
=== NAME  TestCheckedFlowContainerContractMutants/flow-array-misfit
    checked_writes_test.go:529: caught drop allocation contract: expected exit 70; mutant exit 0 stdout "false\n"
=== CONT  TestCheckedDiagnosticReferenceMutants/drop_nested_contract
=== NAME  TestCheckedFlowContainerContractMutants/container-number-misfit
    checked_writes_test.go:529: caught drop allocation contract: expected exit 70; mutant exit 0 stdout "3\n"
=== CONT  TestCheckedDiagnosticReferenceMutants/drop_allocation_proof
=== NAME  TestCheckedDiagnosticReferenceMutants/drop_alias_check
    checked_writes_test.go:430: gate cache node miss
=== NAME  TestCheckedDiagnosticReferenceMutants/drop_nested_contract
    checked_writes_test.go:430: gate cache node miss
=== NAME  TestCheckedFlowContainerContractMutants/container-map-misfit
    checked_writes_test.go:529: caught drop allocation contract: expected exit 70; mutant exit 0 stdout "3\n"
=== CONT  TestCheckedWiderWrites/string-misfit
=== NAME  TestCheckedDiagnosticReferenceMutants/drop_allocation_proof
    checked_writes_test.go:430: gate cache node miss
=== NAME  TestCheckedWiderWrites/string-misfit
    checked_writes_test.go:144: gate cache node miss
=== NAME  TestCheckedFlowContainerContractMutants/flow-undefined-misfit
    checked_writes_test.go:523: gate cache node miss
    oracle_test.go:604: gate cache native miss
=== NAME  TestCheckedDiagnosticReferenceMutants/drop_nested_contract
    checked_writes_test.go:438: gate cache node miss
=== NAME  TestCheckedDiagnosticReferenceMutants/drop_alias_check
    checked_writes_test.go:438: gate cache node miss
=== NAME  TestCheckedDiagnosticReferenceMutants/drop_nested_contract
    oracle_test.go:604: gate cache native miss
=== NAME  TestCheckedDiagnosticReferenceMutants/drop_alias_check
    oracle_test.go:604: gate cache native miss
=== NAME  TestCheckedDiagnosticReferenceMutants/drop_allocation_proof
    checked_writes_test.go:438: gate cache node miss
=== NAME  TestCheckedFlowContainerContractMutants/flow-undefined-misfit
    checked_writes_test.go:529: caught drop allocation contract: expected exit 70; mutant exit 0 stdout "false\n"
--- PASS: TestCheckedFlowContainerContractMutants (0.00s)
    --- PASS: TestCheckedFlowContainerContractMutants/container-object-misfit (0.89s)
    --- PASS: TestCheckedFlowContainerContractMutants/flow-node-misfit (1.21s)
    --- PASS: TestCheckedFlowContainerContractMutants/container-alias-misfit (0.78s)
    --- PASS: TestCheckedFlowContainerContractMutants/container-fill-misfit (0.78s)
    --- PASS: TestCheckedFlowContainerContractMutants/container-boolean-misfit (0.76s)
    --- PASS: TestCheckedFlowContainerContractMutants/container-map-object-misfit (0.90s)
    --- PASS: TestCheckedFlowContainerContractMutants/container-nested-misfit (0.69s)
    --- PASS: TestCheckedFlowContainerContractMutants/container-string-misfit (0.88s)
    --- PASS: TestCheckedFlowContainerContractMutants/container-splice-misfit (0.88s)
    --- PASS: TestCheckedFlowContainerContractMutants/flow-array-misfit (0.84s)
    --- PASS: TestCheckedFlowContainerContractMutants/container-number-misfit (0.81s)
    --- PASS: TestCheckedFlowContainerContractMutants/container-map-misfit (1.01s)
    --- PASS: TestCheckedFlowContainerContractMutants/flow-undefined-misfit (0.85s)
=== CONT  TestCheckedWiderWrites/overload-callback-fit
=== NAME  TestCheckedDiagnosticReferenceMutants/drop_allocation_proof
    oracle_test.go:604: gate cache native miss
=== NAME  TestCheckedWiderWrites/string-misfit
    checked_writes_test.go:155: gate cache node miss
=== NAME  TestCheckedWiderWrites/overload-callback-fit
    checked_writes_test.go:144: gate cache node miss
=== NAME  TestCheckedDiagnosticReferenceMutants/drop_nested_contract
    checked_writes_test.go:444: caught drop nested contract: expected exit 70, mutant exit 0 stdout "0\n"
=== CONT  TestCheckedWiderWrites/string-fit
=== NAME  TestCheckedWiderWrites/string-misfit
    checked_writes_test.go:165: Node exit 0 stdout "outsideoutside\n"; checked exit 70 stderr "adamic: panic: write failed: view.text expects \"left\" | \"right\", got outsideoutside\n"; 1 checks
=== CONT  TestCheckedWiderWrites/flags-misfit
=== NAME  TestCheckedWiderWrites/string-fit
    checked_writes_test.go:144: gate cache node miss
=== NAME  TestCheckedDiagnosticReferenceMutants/drop_alias_check
    checked_writes_test.go:444: caught drop alias check: expected exit 70, mutant exit 0 stdout "0\n"
=== CONT  TestCheckedWiderWrites/flags-fit
=== NAME  TestCheckedWiderWrites/flags-misfit
    checked_writes_test.go:144: gate cache node miss
=== NAME  TestCheckedWiderWrites/flags-fit
    checked_writes_test.go:144: gate cache node miss
=== NAME  TestCheckedDiagnosticReferenceMutants/drop_allocation_proof
    checked_writes_test.go:444: caught drop allocation proof: expected exit 70, mutant exit 0 stdout "0\n"
--- PASS: TestCheckedDiagnosticReferenceMutants (0.00s)
    --- PASS: TestCheckedDiagnosticReferenceMutants/drop_nested_contract (0.87s)
    --- PASS: TestCheckedDiagnosticReferenceMutants/drop_alias_check (0.99s)
    --- PASS: TestCheckedDiagnosticReferenceMutants/drop_allocation_proof (1.04s)
=== CONT  TestCheckedWiderWrites/reference-structure
    checked_writes_test.go:144: gate cache node miss
=== NAME  TestCheckedWiderWrites/overload-callback-fit
    checked_writes_test.go:155: gate cache node miss
    oracle_test.go:604: gate cache native miss
=== NAME  TestCheckedWiderWrites/flags-misfit
    checked_writes_test.go:155: gate cache node miss
=== NAME  TestCheckedWiderWrites/string-fit
    checked_writes_test.go:155: gate cache node miss
    oracle_test.go:604: gate cache native miss
=== NAME  TestCheckedWiderWrites/flags-misfit
    checked_writes_test.go:165: Node exit 0 stdout "before 16\nafter 0\n"; checked exit 70 stderr "adamic: panic: write failed: (node as Mutable<T>).flags expects NodeFlags.Synthesized, got 0 (number)\n"; 1 checks
=== CONT  TestCheckedWiderWrites/diagnostic-inner-misfit
=== NAME  TestCheckedWiderWrites/reference-structure
    checked_writes_test.go:155: gate cache node miss
    checked_writes_test.go:165: Node exit 0 stdout "right\n"; checked exit 70 stderr "adamic: panic: write failed: (node as Mutable<T>).parent expects { readonly name: \"left\"; }, got Parent\n"; 1 checks
=== CONT  TestCheckedWiderWrites/diagnostic-inner-fit
=== NAME  TestCheckedWiderWrites/flags-fit
    checked_writes_test.go:155: gate cache node miss
=== NAME  TestCheckedWiderWrites/diagnostic-inner-misfit
    checked_writes_test.go:144: gate cache node miss
=== NAME  TestCheckedWiderWrites/diagnostic-inner-fit
    checked_writes_test.go:144: gate cache node miss
=== NAME  TestCheckedWiderWrites/overload-callback-fit
    checked_writes_test.go:165: Node exit 0 stdout "false\n"; checked exit 0 stderr ""; 1 checks
=== CONT  TestCheckedWiderWrites/diagnostic-nested-misfit
=== NAME  TestCheckedWiderWrites/flags-fit
    oracle_test.go:604: gate cache native miss
=== NAME  TestCheckedWiderWrites/diagnostic-nested-misfit
    checked_writes_test.go:144: gate cache node hit
=== NAME  TestCheckedWiderWrites/string-fit
    checked_writes_test.go:165: Node exit 0 stdout "right\n"; checked exit 0 stderr ""; 1 checks
=== CONT  TestCheckedWiderWrites/diagnostic-nested-fit
    checked_writes_test.go:144: gate cache node miss
=== NAME  TestCheckedWiderWrites/flags-fit
    checked_writes_test.go:165: Node exit 0 stdout "16\n268435472\n"; checked exit 0 stderr ""; 2 checks
=== CONT  TestCheckedWiderWrites/diagnostic-related-misfit
    checked_writes_test.go:144: gate cache node miss
=== NAME  TestCheckedWiderWrites/diagnostic-nested-misfit
    checked_writes_test.go:155: gate cache node miss
=== NAME  TestCheckedWiderWrites/diagnostic-inner-misfit
    checked_writes_test.go:155: gate cache node miss
    checked_writes_test.go:165: Node exit 0 stdout "0\n"; checked exit 70 stderr "adamic: panic: write failed: view.file.metadata.flags expects 16 | 32, got 0 (number)\n"; 1 checks
=== CONT  TestCheckedWiderWrites/diagnostic-related-fit
=== NAME  TestCheckedWiderWrites/diagnostic-nested-misfit
    checked_writes_test.go:165: Node exit 0 stdout "0\n"; checked exit 70 stderr "adamic: panic: write failed: view.file expects SynthesizedSourceFile, got SourceFile\n"; 1 checks
=== CONT  TestCheckedWiderWrites/diagnostic-rich-misfit
=== NAME  TestCheckedWiderWrites/diagnostic-inner-fit
    checked_writes_test.go:155: gate cache node miss
=== NAME  TestCheckedWiderWrites/diagnostic-related-fit
    checked_writes_test.go:144: gate cache node miss
=== NAME  TestCheckedWiderWrites/diagnostic-rich-misfit
    checked_writes_test.go:144: gate cache node miss
=== NAME  TestCheckedWiderWrites/diagnostic-inner-fit
    oracle_test.go:604: gate cache native miss
=== NAME  TestCheckedWiderWrites/diagnostic-nested-fit
    checked_writes_test.go:155: gate cache node miss
    oracle_test.go:604: gate cache native miss
=== NAME  TestCheckedWiderWrites/diagnostic-inner-fit
    checked_writes_test.go:165: Node exit 0 stdout "32\n"; checked exit 0 stderr ""; 1 checks
=== CONT  TestCheckedWiderWrites/diagnostic-rich-fit
=== NAME  TestCheckedWiderWrites/diagnostic-related-misfit
    checked_writes_test.go:155: gate cache node miss
=== NAME  TestCheckedWiderWrites/diagnostic-rich-fit
    checked_writes_test.go:144: gate cache node miss
=== NAME  TestCheckedWiderWrites/diagnostic-related-misfit
    checked_writes_test.go:165: Node exit 0 stdout "stored\n"; checked exit 70 stderr "adamic: panic: write failed: view.start expects number, got undefined\n"; 1 checks
=== CONT  TestCheckedWiderWrites/diagnostic-proof-misfit
=== NAME  TestCheckedWiderWrites/diagnostic-related-fit
    checked_writes_test.go:155: gate cache node miss
=== NAME  TestCheckedWiderWrites/diagnostic-proof-misfit
    checked_writes_test.go:144: gate cache node hit
=== NAME  TestCheckedWiderWrites/diagnostic-nested-fit
    checked_writes_test.go:165: Node exit 0 stdout "newnew 16\n"; checked exit 0 stderr ""; 1 checks
=== CONT  TestCheckedWiderWrites/diagnostic-proof-fit
=== NAME  TestCheckedWiderWrites/diagnostic-related-fit
    oracle_test.go:604: gate cache native miss
=== NAME  TestCheckedWiderWrites/diagnostic-rich-misfit
    checked_writes_test.go:155: gate cache node miss
=== NAME  TestCheckedWiderWrites/diagnostic-proof-fit
    checked_writes_test.go:144: gate cache node miss
=== NAME  TestCheckedWiderWrites/diagnostic-rich-misfit
    checked_writes_test.go:165: Node exit 0 stdout "stored\n"; checked exit 70 stderr "adamic: panic: write failed: view.file expects SourceFile, got undefined\n"; 1 checks
=== CONT  TestCheckedWiderWrites/diagnostic-alias-misfit
    checked_writes_test.go:144: gate cache node hit
=== NAME  TestCheckedWiderWrites/diagnostic-related-fit
    checked_writes_test.go:165: Node exit 0 stdout "7\n"; checked exit 0 stderr ""; 1 checks
=== CONT  TestCheckedWiderWrites/diagnostic-alias-fit
    checked_writes_test.go:144: gate cache node miss
=== NAME  TestCheckedWiderWrites/diagnostic-proof-misfit
    checked_writes_test.go:155: gate cache node miss
=== NAME  TestCheckedWiderWrites/diagnostic-rich-fit
    checked_writes_test.go:155: gate cache node miss
=== NAME  TestCheckedWiderWrites/diagnostic-proof-misfit
    checked_writes_test.go:165: Node exit 0 stdout "0\n"; checked exit 70 stderr "adamic: panic: write failed: (view as Mutable<T>).file expects SynthesizedSourceFile, got SourceFile\n"; 1 checks
=== NAME  TestCheckedWiderWrites/diagnostic-alias-misfit
    checked_writes_test.go:155: gate cache node miss
=== CONT  TestCheckedWiderWrites/never-object-misfit
=== NAME  TestCheckedWiderWrites/diagnostic-rich-fit
    oracle_test.go:604: gate cache native miss
=== NAME  TestCheckedWiderWrites/never-object-misfit
    checked_writes_test.go:144: gate cache node miss
=== NAME  TestCheckedWiderWrites/diagnostic-alias-misfit
    checked_writes_test.go:165: Node exit 0 stdout "0\n"; checked exit 70 stderr "adamic: panic: write failed: wide.flags expects 16, got 0 (number)\n"; 2 checks
=== CONT  TestCheckedWiderWrites/never-object-fit
=== NAME  TestCheckedWiderWrites/diagnostic-proof-fit
    checked_writes_test.go:155: gate cache node miss
=== NAME  TestCheckedWiderWrites/never-object-fit
    checked_writes_test.go:144: gate cache node miss
=== NAME  TestCheckedWiderWrites/diagnostic-proof-fit
    oracle_test.go:604: gate cache native miss
=== NAME  TestCheckedWiderWrites/diagnostic-alias-fit
    checked_writes_test.go:155: gate cache node miss
    oracle_test.go:604: gate cache native miss
=== NAME  TestCheckedWiderWrites/diagnostic-rich-fit
    checked_writes_test.go:165: Node exit 0 stdout "newnew 3 2 3 4\nNaN -Infinity\n"; checked exit 0 stderr ""; 3 checks
=== CONT  TestCheckedWiderWrites/never-string-misfit
    checked_writes_test.go:144: gate cache node miss
=== NAME  TestCheckedWiderWrites/diagnostic-proof-fit
    checked_writes_test.go:165: Node exit 0 stdout "newnew 16\n"; checked exit 0 stderr ""; 1 checks
=== CONT  TestCheckedWiderWrites/never-string-fit
=== NAME  TestCheckedWiderWrites/never-object-misfit
    checked_writes_test.go:155: gate cache node miss
=== NAME  TestCheckedWiderWrites/never-string-fit
    checked_writes_test.go:144: gate cache node miss
=== NAME  TestCheckedWiderWrites/never-object-misfit
    checked_writes_test.go:165: Node exit 0 stdout "1\n"; checked exit 70 stderr "adamic: panic: write failed: values[] expects never, got { name: string; }\n"; 1 checks
=== CONT  TestCheckedWiderWrites/never-number-misfit
=== NAME  TestCheckedWiderWrites/diagnostic-alias-fit
    checked_writes_test.go:165: Node exit 0 stdout "16\n"; checked exit 0 stderr ""; 2 checks
=== CONT  TestCheckedWiderWrites/never-number-fit
=== NAME  TestCheckedWiderWrites/never-object-fit
    checked_writes_test.go:155: gate cache node miss
=== NAME  TestCheckedWiderWrites/never-number-misfit
    checked_writes_test.go:144: gate cache node hit
=== NAME  TestCheckedWiderWrites/never-number-fit
    checked_writes_test.go:144: gate cache node miss
=== NAME  TestCheckedWiderWrites/never-object-fit
    oracle_test.go:604: gate cache native miss
=== NAME  TestCheckedWiderWrites/never-string-misfit
    checked_writes_test.go:155: gate cache node miss
=== NAME  TestCheckedWiderWrites/never-object-fit
    checked_writes_test.go:165: Node exit 0 stdout "0\n0\n"; checked exit 0 stderr ""; 1 checks
=== CONT  TestCheckedWiderWrites/never-wide-fit
=== NAME  TestCheckedWiderWrites/never-string-misfit
    checked_writes_test.go:165: Node exit 0 stdout "1\n"; checked exit 70 stderr "adamic: panic: write failed: values[] expects never, got badbad\n"; 1 checks
=== CONT  TestCheckedWiderWrites/never-splice-misfit
=== NAME  TestCheckedWiderWrites/never-string-fit
    checked_writes_test.go:155: gate cache node miss
=== NAME  TestCheckedWiderWrites/never-number-misfit
    checked_writes_test.go:155: gate cache node miss
=== NAME  TestCheckedWiderWrites/never-wide-fit
    checked_writes_test.go:144: gate cache node miss
=== NAME  TestCheckedWiderWrites/never-string-fit
    oracle_test.go:604: gate cache native miss
=== NAME  TestCheckedWiderWrites/never-number-misfit
    checked_writes_test.go:165: Node exit 0 stdout "1\n"; checked exit 70 stderr "adamic: panic: write failed: values[] expects never, got 0 (number)\n"; 1 checks
=== CONT  TestCheckedWiderWrites/never-index-misfit
=== NAME  TestCheckedWiderWrites/never-splice-misfit
    checked_writes_test.go:144: gate cache node miss
=== NAME  TestCheckedWiderWrites/never-index-misfit
    checked_writes_test.go:144: gate cache node miss
=== NAME  TestCheckedWiderWrites/never-number-fit
    checked_writes_test.go:155: gate cache node miss
    oracle_test.go:604: gate cache native miss
=== NAME  TestCheckedWiderWrites/never-string-fit
    checked_writes_test.go:165: Node exit 0 stdout "0\n0\n"; checked exit 0 stderr ""; 1 checks
=== CONT  TestCheckedWiderWrites/never-nullable-misfit
    checked_writes_test.go:144: gate cache node miss
=== NAME  TestCheckedWiderWrites/never-number-fit
    checked_writes_test.go:165: Node exit 0 stdout "0\n0\n"; checked exit 0 stderr ""; 1 checks
=== CONT  TestCheckedWiderWrites/never-nullable-fit
=== NAME  TestCheckedWiderWrites/never-splice-misfit
    checked_writes_test.go:155: gate cache node miss
=== NAME  TestCheckedWiderWrites/never-nullable-fit
    checked_writes_test.go:144: gate cache node miss
=== NAME  TestCheckedWiderWrites/never-splice-misfit
    checked_writes_test.go:165: Node exit 0 stdout "1\n"; checked exit 70 stderr "adamic: panic: write failed: values[] expects never, got 0 (number)\n"; 1 checks
=== CONT  TestCheckedWiderWrites/flow-array-misfit
=== NAME  TestCheckedWiderWrites/never-wide-fit
    checked_writes_test.go:155: gate cache node miss
=== NAME  TestCheckedWiderWrites/never-index-misfit
    checked_writes_test.go:155: gate cache node miss
=== NAME  TestCheckedWiderWrites/flow-array-misfit
    checked_writes_test.go:144: gate cache node hit
=== NAME  TestCheckedWiderWrites/never-wide-fit
    oracle_test.go:604: gate cache native miss
=== NAME  TestCheckedWiderWrites/never-index-misfit
    checked_writes_test.go:165: Node exit 0 stdout "1\n"; checked exit 70 stderr "adamic: panic: write failed: values[0] expects never, got 0 (number)\n"; 1 checks
=== CONT  TestCheckedWiderWrites/flow-array-fit
    checked_writes_test.go:144: gate cache node miss
=== NAME  TestCheckedWiderWrites/never-wide-fit
    checked_writes_test.go:165: Node exit 0 stdout "0\n1\n"; checked exit 0 stderr ""; 1 checks
=== CONT  TestCheckedWiderWrites/flow-undefined-misfit
=== NAME  TestCheckedWiderWrites/never-nullable-misfit
    checked_writes_test.go:155: gate cache node miss
=== NAME  TestCheckedWiderWrites/flow-undefined-misfit
    checked_writes_test.go:144: gate cache node hit
=== NAME  TestCheckedWiderWrites/never-nullable-misfit
    checked_writes_test.go:165: Node exit 0 stdout "1\n"; checked exit 70 stderr "adamic: panic: write failed: view[] expects never, got { name: string; }\n"; 1 checks
=== CONT  TestCheckedWiderWrites/flow-undefined-fit
=== NAME  TestCheckedWiderWrites/never-nullable-fit
    checked_writes_test.go:155: gate cache node miss
=== NAME  TestCheckedWiderWrites/flow-undefined-fit
    checked_writes_test.go:144: gate cache node miss
=== NAME  TestCheckedWiderWrites/never-nullable-fit
    oracle_test.go:604: gate cache native miss
=== NAME  TestCheckedWiderWrites/flow-array-misfit
    checked_writes_test.go:155: gate cache node miss
=== NAME  TestCheckedWiderWrites/flow-array-fit
    checked_writes_test.go:155: gate cache node miss
=== NAME  TestCheckedWiderWrites/flow-array-misfit
    checked_writes_test.go:165: Node exit 0 stdout "false\n"; checked exit 70 stderr "adamic: panic: write failed: view.antecedents expects undefined, got array\n"; 1 checks
=== CONT  TestCheckedWiderWrites/flow-node-misfit
=== NAME  TestCheckedWiderWrites/flow-array-fit
    oracle_test.go:604: gate cache native miss
=== NAME  TestCheckedWiderWrites/flow-node-misfit
    checked_writes_test.go:144: gate cache node hit
=== NAME  TestCheckedWiderWrites/never-nullable-fit
    checked_writes_test.go:165: Node exit 0 stdout "0\n"; checked exit 0 stderr ""; 1 checks
=== CONT  TestCheckedWiderWrites/flow-node-fit
=== NAME  TestCheckedWiderWrites/flow-undefined-misfit
    checked_writes_test.go:155: gate cache node miss
=== NAME  TestCheckedWiderWrites/flow-node-fit
    checked_writes_test.go:144: gate cache node miss
=== NAME  TestCheckedWiderWrites/flow-undefined-misfit
    checked_writes_test.go:165: Node exit 0 stdout "false\n"; checked exit 70 stderr "adamic: panic: write failed: view.node expects undefined, got { readonly kind: string; }\n"; 1 checks
=== CONT  TestCheckedWiderWrites/container-nested-misfit
=== NAME  TestCheckedWiderWrites/flow-array-fit
    checked_writes_test.go:165: Node exit 0 stdout "true\n"; checked exit 0 stderr ""; 1 checks
=== CONT  TestCheckedWiderWrites/container-nested-fit
    checked_writes_test.go:144: gate cache node miss
=== NAME  TestCheckedWiderWrites/container-nested-misfit
    checked_writes_test.go:144: gate cache node hit
=== NAME  TestCheckedWiderWrites/flow-undefined-fit
    checked_writes_test.go:155: gate cache node miss
    oracle_test.go:604: gate cache native miss
=== NAME  TestCheckedWiderWrites/flow-node-misfit
    checked_writes_test.go:155: gate cache node miss
=== NAME  TestCheckedWiderWrites/container-nested-misfit
    checked_writes_test.go:155: gate cache node miss
=== NAME  TestCheckedWiderWrites/flow-node-misfit
    checked_writes_test.go:165: Node exit 0 stdout "identifier\n"; checked exit 70 stderr "adamic: panic: write failed: view.node expects BinaryExpression | CallExpression, got Expression\n"; 1 checks
=== CONT  TestCheckedWiderWrites/container-object-misfit
=== NAME  TestCheckedWiderWrites/flow-node-fit
    checked_writes_test.go:155: gate cache node miss
=== NAME  TestCheckedWiderWrites/container-nested-misfit
    checked_writes_test.go:165: Node exit 0 stdout "1\n"; checked exit 70 stderr "adamic: panic: write failed: values[] expects (1 | 2)[], got array\n"; 1 checks
=== CONT  TestCheckedWiderWrites/container-object-fit
=== NAME  TestCheckedWiderWrites/container-nested-fit
    checked_writes_test.go:155: gate cache node miss
=== NAME  TestCheckedWiderWrites/flow-undefined-fit
    checked_writes_test.go:165: Node exit 0 stdout "true\n"; checked exit 0 stderr ""; 1 checks
=== CONT  TestCheckedWiderWrites/container-splice-misfit
=== NAME  TestCheckedWiderWrites/flow-node-fit
    oracle_test.go:604: gate cache native miss
=== NAME  TestCheckedWiderWrites/container-object-misfit
    checked_writes_test.go:144: gate cache node hit
=== NAME  TestCheckedWiderWrites/container-nested-fit
    oracle_test.go:604: gate cache native miss
=== NAME  TestCheckedWiderWrites/container-object-fit
    checked_writes_test.go:144: gate cache node miss
=== NAME  TestCheckedWiderWrites/container-splice-misfit
    checked_writes_test.go:144: gate cache node hit
=== NAME  TestCheckedWiderWrites/flow-node-fit
    checked_writes_test.go:165: Node exit 0 stdout "call\n"; checked exit 0 stderr ""; 1 checks
=== CONT  TestCheckedWiderWrites/container-splice-fit
=== NAME  TestCheckedWiderWrites/container-nested-fit
    checked_writes_test.go:165: Node exit 0 stdout "1\n"; checked exit 0 stderr ""; 1 checks
=== CONT  TestCheckedWiderWrites/container-map-misfit
=== NAME  TestCheckedWiderWrites/container-splice-fit
    checked_writes_test.go:144: gate cache node miss
=== NAME  TestCheckedWiderWrites/container-object-misfit
    checked_writes_test.go:155: gate cache node miss
=== NAME  TestCheckedWiderWrites/container-map-misfit
    checked_writes_test.go:144: gate cache node hit
=== NAME  TestCheckedWiderWrites/container-object-misfit
    checked_writes_test.go:165: Node exit 0 stdout "1\n"; checked exit 70 stderr "adamic: panic: write failed: values[] expects DiagnosticWithLocation, got Diagnostic\n"; 1 checks
=== NAME  TestCheckedWiderWrites/container-splice-misfit
    checked_writes_test.go:155: gate cache node miss
=== CONT  TestCheckedWiderWrites/container-map-fit
=== NAME  TestCheckedWiderWrites/container-splice-misfit
    checked_writes_test.go:165: Node exit 0 stdout "2\n"; checked exit 70 stderr "adamic: panic: write failed: values[] expects 1 | 2, got 3 (number)\n"; 1 checks
=== CONT  TestCheckedWiderWrites/container-string-misfit
=== NAME  TestCheckedWiderWrites/container-map-fit
    checked_writes_test.go:144: gate cache node miss
=== NAME  TestCheckedWiderWrites/container-string-misfit
    checked_writes_test.go:144: gate cache node hit
=== NAME  TestCheckedWiderWrites/container-object-fit
    checked_writes_test.go:155: gate cache node miss
    oracle_test.go:604: gate cache native miss
=== NAME  TestCheckedWiderWrites/container-map-misfit
    checked_writes_test.go:155: gate cache node miss
=== NAME  TestCheckedWiderWrites/container-splice-fit
    checked_writes_test.go:155: gate cache node miss
    oracle_test.go:604: gate cache native miss
=== NAME  TestCheckedWiderWrites/container-map-misfit
    checked_writes_test.go:165: Node exit 0 stdout "3\n"; checked exit 70 stderr "adamic: panic: write failed: values[value] expects 1 | 2, got 3 (number)\n"; 1 checks
=== CONT  TestCheckedWiderWrites/container-string-fit
=== NAME  TestCheckedWiderWrites/container-object-fit
    checked_writes_test.go:165: Node exit 0 stdout "1\n"; checked exit 0 stderr ""; 1 checks
=== NAME  TestCheckedWiderWrites/container-string-misfit
    checked_writes_test.go:155: gate cache node miss
=== CONT  TestCheckedWiderWrites/container-number-misfit
=== NAME  TestCheckedWiderWrites/container-string-fit
    checked_writes_test.go:144: gate cache node miss
=== NAME  TestCheckedWiderWrites/container-number-misfit
    checked_writes_test.go:144: gate cache node hit
=== NAME  TestCheckedWiderWrites/container-string-misfit
    checked_writes_test.go:165: Node exit 0 stdout "outside\n"; checked exit 70 stderr "adamic: panic: write failed: values[] expects \"left\" | \"right\", got outside\n"; 1 checks
=== CONT  TestCheckedWiderWrites/container-number-fit
=== NAME  TestCheckedWiderWrites/container-map-fit
    checked_writes_test.go:155: gate cache node miss
=== NAME  TestCheckedWiderWrites/container-number-fit
    checked_writes_test.go:144: gate cache node miss
=== NAME  TestCheckedWiderWrites/container-map-fit
    oracle_test.go:604: gate cache native miss
=== NAME  TestCheckedWiderWrites/container-splice-fit
    checked_writes_test.go:165: Node exit 0 stdout "2\n"; checked exit 0 stderr ""; 1 checks
=== CONT  TestCheckedWiderWrites/container-alias-misfit
    checked_writes_test.go:144: gate cache node hit
=== NAME  TestCheckedWiderWrites/container-number-misfit
    checked_writes_test.go:155: gate cache node miss
    checked_writes_test.go:165: Node exit 0 stdout "3\n"; checked exit 70 stderr "adamic: panic: write failed: values[0] expects 1 | 2, got 3 (number)\n"; 1 checks
=== CONT  TestCheckedWiderWrites/container-alias-fit
=== NAME  TestCheckedWiderWrites/container-map-fit
    checked_writes_test.go:165: Node exit 0 stdout "2\n"; checked exit 0 stderr ""; 1 checks
=== CONT  TestCheckedWiderWrites/container-map-object-misfit
=== NAME  TestCheckedWiderWrites/container-string-fit
    checked_writes_test.go:155: gate cache node miss
=== NAME  TestCheckedWiderWrites/container-alias-fit
    checked_writes_test.go:144: gate cache node miss
=== NAME  TestCheckedWiderWrites/container-number-fit
    checked_writes_test.go:155: gate cache node miss
=== NAME  TestCheckedWiderWrites/container-map-object-misfit
    checked_writes_test.go:144: gate cache node hit
=== NAME  TestCheckedWiderWrites/container-number-fit
    oracle_test.go:604: gate cache native miss
=== NAME  TestCheckedWiderWrites/container-string-fit
    oracle_test.go:604: gate cache native miss
=== NAME  TestCheckedWiderWrites/container-alias-misfit
    checked_writes_test.go:155: gate cache node miss
    checked_writes_test.go:165: Node exit 0 stdout "0\n"; checked exit 70 stderr "adamic: panic: write failed: item.count expects number, got undefined\n"; 1 checks
=== CONT  TestCheckedWiderWrites/container-map-object-fit
=== NAME  TestCheckedWiderWrites/container-number-fit
    checked_writes_test.go:165: Node exit 0 stdout "2\n"; checked exit 0 stderr ""; 1 checks
=== CONT  TestCheckedWiderWrites/container-fill-misfit
=== NAME  TestCheckedWiderWrites/container-string-fit
    checked_writes_test.go:165: Node exit 0 stdout "right\n"; checked exit 0 stderr ""; 1 checks
=== CONT  TestCheckedWiderWrites/container-fill-fit
=== NAME  TestCheckedWiderWrites/container-map-object-fit
    checked_writes_test.go:144: gate cache node miss
=== NAME  TestCheckedWiderWrites/container-fill-fit
    checked_writes_test.go:144: gate cache node miss
=== NAME  TestCheckedWiderWrites/container-fill-misfit
    checked_writes_test.go:144: gate cache node hit
=== NAME  TestCheckedWiderWrites/container-map-object-misfit
    checked_writes_test.go:155: gate cache node miss
    checked_writes_test.go:165: Node exit 0 stdout "1\n"; checked exit 70 stderr "adamic: panic: write failed: values[value] expects DiagnosticWithLocation, got Diagnostic\n"; 1 checks
=== CONT  TestCheckedWiderWrites/container-boolean-misfit
=== NAME  TestCheckedWiderWrites/container-alias-fit
    checked_writes_test.go:155: gate cache node miss
=== NAME  TestCheckedWiderWrites/container-boolean-misfit
    checked_writes_test.go:144: gate cache node hit
=== NAME  TestCheckedWiderWrites/container-alias-fit
    oracle_test.go:604: gate cache native miss
=== NAME  TestCheckedWiderWrites/container-fill-misfit
    checked_writes_test.go:155: gate cache node miss
=== NAME  TestCheckedWiderWrites/container-map-object-fit
    checked_writes_test.go:155: gate cache node miss
=== NAME  TestCheckedWiderWrites/container-fill-misfit
    checked_writes_test.go:165: Node exit 0 stdout "3\n"; checked exit 70 stderr "adamic: panic: write failed: values[] expects 1 | 2, got 3 (number)\n"; 1 checks
=== CONT  TestCheckedWiderWrites/container-boolean-fit
=== NAME  TestCheckedWiderWrites/container-map-object-fit
    oracle_test.go:604: gate cache native miss
=== NAME  TestCheckedWiderWrites/container-boolean-fit
    checked_writes_test.go:144: gate cache node miss
=== NAME  TestCheckedWiderWrites/container-fill-fit
    checked_writes_test.go:155: gate cache node miss
=== NAME  TestCheckedWiderWrites/container-boolean-misfit
    checked_writes_test.go:155: gate cache node miss
=== NAME  TestCheckedWiderWrites/container-alias-fit
    checked_writes_test.go:165: Node exit 0 stdout "2\n"; checked exit 0 stderr ""; 1 checks
=== CONT  TestCheckedWiderWrites/container-map-values-misfit
=== NAME  TestCheckedWiderWrites/container-boolean-misfit
    checked_writes_test.go:165: Node exit 0 stdout "false\n"; checked exit 70 stderr "adamic: panic: write failed: values[] expects true, got false\n"; 1 checks
=== CONT  TestCheckedWiderWrites/container-map-values-fit
=== NAME  TestCheckedWiderWrites/container-fill-fit
    oracle_test.go:604: gate cache native miss
=== NAME  TestCheckedWiderWrites/container-map-values-misfit
    checked_writes_test.go:144: gate cache node miss
=== NAME  TestCheckedWiderWrites/container-map-values-fit
    checked_writes_test.go:144: gate cache node miss
=== NAME  TestCheckedWiderWrites/container-map-object-fit
    checked_writes_test.go:165: Node exit 0 stdout "1\n"; checked exit 0 stderr ""; 1 checks
=== CONT  TestCheckedWiderWrites/container-slice-misfit
    checked_writes_test.go:144: gate cache node miss
=== NAME  TestCheckedWiderWrites/container-fill-fit
    checked_writes_test.go:165: Node exit 0 stdout "2\n"; checked exit 0 stderr ""; 1 checks
=== CONT  TestCheckedWiderWrites/container-slice-fit
    checked_writes_test.go:144: gate cache node miss
=== NAME  TestCheckedWiderWrites/container-map-values-misfit
    checked_writes_test.go:155: gate cache node miss
=== NAME  TestCheckedWiderWrites/container-boolean-fit
    checked_writes_test.go:155: gate cache node miss
=== NAME  TestCheckedWiderWrites/container-map-values-fit
    checked_writes_test.go:155: gate cache node miss
=== NAME  TestCheckedWiderWrites/container-boolean-fit
    oracle_test.go:604: gate cache native miss
=== NAME  TestCheckedWiderWrites/container-map-values-misfit
    checked_writes_test.go:165: Node exit 0 stdout "3\n"; checked exit 70 stderr "adamic: panic: write failed: values[0] expects 1 | 2, got 3 (number)\n"; 2 checks
=== CONT  TestCheckedWiderWrites/emit-auto-misfit
=== NAME  TestCheckedWiderWrites/container-map-values-fit
    oracle_test.go:604: gate cache native miss
=== NAME  TestCheckedWiderWrites/emit-auto-misfit
    checked_writes_test.go:144: gate cache node hit
=== NAME  TestCheckedWiderWrites/container-slice-misfit
    checked_writes_test.go:155: gate cache node miss
    checked_writes_test.go:165: Node exit 0 stdout "3\n"; checked exit 70 stderr "adamic: panic: write failed: values[0] expects 1 | 2, got 3 (number)\n"; 1 checks
=== CONT  TestCheckedWiderWrites/emit-auto-fit
=== NAME  TestCheckedWiderWrites/container-boolean-fit
    checked_writes_test.go:165: Node exit 0 stdout "true\n"; checked exit 0 stderr ""; 1 checks
=== CONT  TestCheckedWiderWrites/emit-node-misfit
=== NAME  TestCheckedWiderWrites/container-slice-fit
    checked_writes_test.go:155: gate cache node miss
=== NAME  TestCheckedWiderWrites/container-map-values-fit
    checked_writes_test.go:165: Node exit 0 stdout "2\n"; checked exit 0 stderr ""; 2 checks
=== CONT  TestCheckedWiderWrites/emit-node-fit
=== NAME  TestCheckedWiderWrites/container-slice-fit
    oracle_test.go:604: gate cache native miss
=== NAME  TestCheckedWiderWrites/emit-node-misfit
    checked_writes_test.go:144: gate cache node hit
=== NAME  TestCheckedWiderWrites/emit-auto-fit
    checked_writes_test.go:144: gate cache node miss
=== NAME  TestCheckedWiderWrites/emit-node-fit
    checked_writes_test.go:144: gate cache node miss
=== NAME  TestCheckedWiderWrites/emit-auto-misfit
    checked_writes_test.go:155: gate cache node miss
=== NAME  TestCheckedWiderWrites/container-slice-fit
    checked_writes_test.go:165: Node exit 0 stdout "2\n"; checked exit 0 stderr ""; 1 checks
=== CONT  TestCheckedWiderWrites/emit-callback-misfit
    checked_writes_test.go:144: gate cache node hit
=== NAME  TestCheckedWiderWrites/emit-auto-misfit
    checked_writes_test.go:165: Node exit 0 stdout "true\n"; checked exit 70 stderr "adamic: panic: write failed: view.autoGenerate expects AutoGenerateInfo, got undefined\n"; 2 checks
=== CONT  TestCheckedWiderWrites/emit-callback-fit
    checked_writes_test.go:144: gate cache node miss
=== NAME  TestCheckedWiderWrites/emit-node-misfit
    checked_writes_test.go:155: gate cache node miss
=== NAME  TestCheckedWiderWrites/emit-node-fit
    checked_writes_test.go:155: gate cache node miss
=== NAME  TestCheckedWiderWrites/emit-auto-fit
    checked_writes_test.go:155: gate cache node miss
=== NAME  TestCheckedWiderWrites/emit-node-fit
    oracle_test.go:604: gate cache native miss
=== NAME  TestCheckedWiderWrites/emit-auto-fit
    oracle_test.go:604: gate cache native miss
=== NAME  TestCheckedWiderWrites/emit-node-misfit
    checked_writes_test.go:165: Node exit 0 stdout "true\n"; checked exit 70 stderr "adamic: panic: write failed: view.emitNode expects EmitNode & { autoGenerate: AutoGenerateInfo; }, got EmitNode\n"; 1 checks
=== CONT  TestCheckedWiderWrites/emit-resolution-misfit
    checked_writes_test.go:144: gate cache node hit
=== NAME  TestCheckedWiderWrites/emit-auto-fit
    checked_writes_test.go:165: Node exit 0 stdout "false\n"; checked exit 0 stderr ""; 2 checks
=== CONT  TestCheckedWiderWrites/emit-resolution-fit
=== NAME  TestCheckedWiderWrites/emit-node-fit
    checked_writes_test.go:165: Node exit 0 stdout "false\n"; checked exit 0 stderr ""; 1 checks
=== CONT  TestCheckedWiderWrites/emit-comment-misfit
=== NAME  TestCheckedWiderWrites/emit-callback-misfit
    checked_writes_test.go:155: gate cache node miss
=== NAME  TestCheckedWiderWrites/emit-callback-fit
    checked_writes_test.go:155: gate cache node miss
=== NAME  TestCheckedWiderWrites/emit-resolution-fit
    checked_writes_test.go:144: gate cache node miss
=== NAME  TestCheckedWiderWrites/emit-callback-misfit
    checked_writes_test.go:165: Node exit 0 stdout "true\n"; checked exit 70 stderr "adamic: panic: write failed: view.emitNode expects EmitNode & { autoGenerate: AutoGenerateInfo; }, got EmitNode\n"; 2 checks
=== CONT  TestCheckedWiderWrites/emit-comment-fit
=== NAME  TestCheckedWiderWrites/emit-comment-misfit
    checked_writes_test.go:144: gate cache node hit
=== NAME  TestCheckedWiderWrites/emit-comment-fit
    checked_writes_test.go:144: gate cache node miss
=== NAME  TestCheckedWiderWrites/emit-callback-fit
    oracle_test.go:604: gate cache native miss
=== NAME  TestCheckedWiderWrites/emit-resolution-misfit
    checked_writes_test.go:155: gate cache node miss
    checked_writes_test.go:165: Node exit 0 stdout "true\n"; checked exit 70 stderr "adamic: panic: write failed: view.fileName expects string, got undefined\n"; 1 checks
=== CONT  TestCheckedWiderWrites/overload-result-misfit
    checked_writes_test.go:144: gate cache node hit
=== NAME  TestCheckedWiderWrites/emit-callback-fit
    checked_writes_test.go:165: Node exit 0 stdout "false\n"; checked exit 0 stderr ""; 2 checks
=== CONT  TestCheckedWiderWrites/overload-result-fit
=== NAME  TestCheckedWiderWrites/emit-comment-misfit
    checked_writes_test.go:155: gate cache node miss
=== NAME  TestCheckedWiderWrites/emit-resolution-fit
    checked_writes_test.go:155: gate cache node miss
=== NAME  TestCheckedWiderWrites/overload-result-fit
    checked_writes_test.go:144: gate cache node miss
=== NAME  TestCheckedWiderWrites/emit-comment-misfit
    checked_writes_test.go:165: Node exit 0 stdout "false\n"; checked exit 70 stderr "adamic: panic: write failed: view.pos expects -1, got 0 (number)\n"; 1 checks
=== CONT  TestCheckedWiderWrites/generic-site-misfit
=== NAME  TestCheckedWiderWrites/emit-resolution-fit
    oracle_test.go:604: gate cache native miss
=== NAME  TestCheckedWiderWrites/emit-comment-fit
    checked_writes_test.go:155: gate cache node miss
=== NAME  TestCheckedWiderWrites/generic-site-misfit
    checked_writes_test.go:144: gate cache node hit
=== NAME  TestCheckedWiderWrites/emit-comment-fit
    oracle_test.go:604: gate cache native miss
=== NAME  TestCheckedWiderWrites/overload-result-misfit
    checked_writes_test.go:155: gate cache node miss
    checked_writes_test.go:165: Node exit 0 stdout "true\n"; checked exit 70 stderr "adamic: panic: write failed: createTempVariable(true).emitNode expects EmitNode & { autoGenerate: AutoGenerateInfo; }, got EmitNode\n"; 1 checks
=== CONT  TestCheckedWiderWrites/generic-site-fit
    checked_writes_test.go:144: gate cache node miss
=== NAME  TestCheckedWiderWrites/emit-resolution-fit
    checked_writes_test.go:165: Node exit 0 stdout "false\n"; checked exit 0 stderr ""; 1 checks
=== CONT  TestCheckedWiderWrites/branch-bottom-string-misfit
=== NAME  TestCheckedWiderWrites/emit-comment-fit
    checked_writes_test.go:165: Node exit 0 stdout "true\n"; checked exit 0 stderr ""; 1 checks
=== CONT  TestCheckedWiderWrites/branch-bottom-string-fit
=== NAME  TestCheckedWiderWrites/overload-result-fit
    checked_writes_test.go:155: gate cache node miss
=== NAME  TestCheckedWiderWrites/generic-site-misfit
    checked_writes_test.go:155: gate cache node miss
=== NAME  TestCheckedWiderWrites/branch-bottom-string-misfit
    checked_writes_test.go:144: gate cache node hit
=== NAME  TestCheckedWiderWrites/branch-bottom-string-fit
    checked_writes_test.go:144: gate cache node miss
=== NAME  TestCheckedWiderWrites/generic-site-misfit
    checked_writes_test.go:165: Node exit 0 stdout "0\n"; checked exit 70 stderr "adamic: panic: write failed: view.flags expects 16, got 0 (number)\n"; 1 checks
=== CONT  TestCheckedWiderWrites/branch-bottom-number-misfit
=== NAME  TestCheckedWiderWrites/overload-result-fit
    oracle_test.go:604: gate cache native miss
=== NAME  TestCheckedWiderWrites/branch-bottom-number-misfit
    checked_writes_test.go:144: gate cache node hit
=== NAME  TestCheckedWiderWrites/overload-result-fit
    checked_writes_test.go:165: Node exit 0 stdout "false\n"; checked exit 0 stderr ""; 1 checks
=== CONT  TestCheckedWiderWrites/branch-bottom-number-fit
=== NAME  TestCheckedWiderWrites/branch-bottom-string-misfit
    checked_writes_test.go:155: gate cache node miss
=== NAME  TestCheckedWiderWrites/branch-bottom-number-fit
    checked_writes_test.go:144: gate cache node miss
=== NAME  TestCheckedWiderWrites/generic-site-fit
    checked_writes_test.go:155: gate cache node miss
=== NAME  TestCheckedWiderWrites/branch-bottom-number-misfit
    checked_writes_test.go:155: gate cache node miss
=== NAME  TestCheckedWiderWrites/branch-bottom-string-misfit
    checked_writes_test.go:165: Node exit 0 stdout "1\n2\n"; checked exit 70 stderr "adamic: panic: write failed: values[] expects never, got outsideoutside\n"; 1 checks
=== CONT  TestCheckedWiderWrites/branch-length-misfit
=== NAME  TestCheckedWiderWrites/generic-site-fit
    oracle_test.go:604: gate cache native miss
=== NAME  TestCheckedWiderWrites/branch-bottom-number-misfit
    checked_writes_test.go:165: Node exit 0 stdout "1\n2\n"; checked exit 70 stderr "adamic: panic: write failed: values[] expects never, got 1 (number)\n"; 1 checks
=== CONT  TestCheckedWiderWrites/branch-length-fit
=== NAME  TestCheckedWiderWrites/branch-bottom-string-fit
    checked_writes_test.go:155: gate cache node miss
=== NAME  TestCheckedWiderWrites/branch-length-misfit
    checked_writes_test.go:144: gate cache node hit
=== NAME  TestCheckedWiderWrites/branch-length-fit
    checked_writes_test.go:144: gate cache node miss
=== NAME  TestCheckedWiderWrites/branch-bottom-string-fit
    oracle_test.go:604: gate cache native miss
=== NAME  TestCheckedWiderWrites/generic-site-fit
    checked_writes_test.go:165: Node exit 0 stdout "16\n"; checked exit 0 stderr ""; 1 checks
=== CONT  TestCheckedWiderWrites/branch-start-misfit
    checked_writes_test.go:144: gate cache node hit
=== NAME  TestCheckedWiderWrites/branch-bottom-string-fit
    checked_writes_test.go:165: Node exit 0 stdout "0\n2\n"; checked exit 0 stderr ""; 1 checks
=== CONT  TestCheckedWiderWrites/branch-start-fit
=== NAME  TestCheckedWiderWrites/branch-length-misfit
    checked_writes_test.go:155: gate cache node miss
=== NAME  TestCheckedWiderWrites/branch-start-fit
    checked_writes_test.go:144: gate cache node miss
=== NAME  TestCheckedWiderWrites/branch-bottom-number-fit
    checked_writes_test.go:155: gate cache node miss
=== NAME  TestCheckedWiderWrites/branch-length-misfit
    checked_writes_test.go:165: Node exit 0 stdout "stored\n"; checked exit 70 stderr "adamic: panic: write failed: view.length expects number, got undefined\n"; 1 checks
=== CONT  TestCheckedWiderWrites/branch-file-misfit
=== NAME  TestCheckedWiderWrites/branch-bottom-number-fit
    oracle_test.go:604: gate cache native miss
=== NAME  TestCheckedWiderWrites/branch-file-misfit
    checked_writes_test.go:144: gate cache node hit
=== NAME  TestCheckedWiderWrites/branch-length-fit
    checked_writes_test.go:155: gate cache node miss
=== NAME  TestCheckedWiderWrites/branch-start-misfit
    checked_writes_test.go:155: gate cache node miss
=== NAME  TestCheckedWiderWrites/branch-length-fit
    oracle_test.go:604: gate cache native miss
=== NAME  TestCheckedWiderWrites/branch-start-misfit
    checked_writes_test.go:165: Node exit 0 stdout "stored\n"; checked exit 70 stderr "adamic: panic: write failed: view.start expects number, got undefined\n"; 1 checks
=== CONT  TestCheckedWiderWrites/branch-file-fit
    checked_writes_test.go:144: gate cache node miss
=== NAME  TestCheckedWiderWrites/branch-bottom-number-fit
    checked_writes_test.go:165: Node exit 0 stdout "0\n2\n"; checked exit 0 stderr ""; 1 checks
=== CONT  TestCheckedWiderWrites/optional-false-misfit
    checked_writes_test.go:144: gate cache node hit
=== NAME  TestCheckedWiderWrites/branch-start-fit
    checked_writes_test.go:155: gate cache node miss
=== NAME  TestCheckedWiderWrites/branch-file-misfit
    checked_writes_test.go:155: gate cache node miss
=== NAME  TestCheckedWiderWrites/branch-start-fit
    oracle_test.go:604: gate cache native miss
=== NAME  TestCheckedWiderWrites/branch-file-misfit
    checked_writes_test.go:165: Node exit 0 stdout "stored\n"; checked exit 70 stderr "adamic: panic: write failed: view.file expects SourceFile, got undefined\n"; 1 checks
=== NAME  TestCheckedWiderWrites/branch-length-fit
    checked_writes_test.go:165: Node exit 0 stdout "3\n"; checked exit 0 stderr ""; 1 checks
=== CONT  TestCheckedWiderWrites/optional-false-fit
=== CONT  TestCheckedWiderWrites/required-boolean-misfit
=== NAME  TestCheckedWiderWrites/optional-false-fit
    checked_writes_test.go:144: gate cache node miss
=== NAME  TestCheckedWiderWrites/required-boolean-misfit
    checked_writes_test.go:144: gate cache node hit
=== NAME  TestCheckedWiderWrites/optional-false-misfit
    checked_writes_test.go:155: gate cache node miss
=== NAME  TestCheckedWiderWrites/branch-file-fit
    checked_writes_test.go:155: gate cache node miss
=== NAME  TestCheckedWiderWrites/branch-start-fit
    checked_writes_test.go:165: Node exit 0 stdout "3\n"; checked exit 0 stderr ""; 1 checks
=== CONT  TestCheckedWiderWrites/required-boolean-fit
=== NAME  TestCheckedWiderWrites/optional-false-misfit
    checked_writes_test.go:165: Node exit 0 stdout "true\n"; checked exit 70 stderr "adamic: panic: write failed: view.multiLine expects false | undefined, got true\n"; 1 checks
=== CONT  TestCheckedWiderWrites/optional-boolean-misfit
=== NAME  TestCheckedWiderWrites/branch-file-fit
    oracle_test.go:604: gate cache native miss
=== NAME  TestCheckedWiderWrites/required-boolean-fit
    checked_writes_test.go:144: gate cache node miss
=== NAME  TestCheckedWiderWrites/optional-boolean-misfit
    checked_writes_test.go:144: gate cache node hit
=== NAME  TestCheckedWiderWrites/required-boolean-misfit
    checked_writes_test.go:155: gate cache node miss
    checked_writes_test.go:165: Node exit 0 stdout "stored\n"; checked exit 70 stderr "adamic: panic: write failed: view.multiLine expects true, got undefined\n"; 1 checks
=== CONT  TestCheckedWiderWrites/optional-boolean-fit
=== NAME  TestCheckedWiderWrites/optional-false-fit
    checked_writes_test.go:155: gate cache node miss
=== NAME  TestCheckedWiderWrites/branch-file-fit
    checked_writes_test.go:165: Node exit 0 stdout "inputinput\n"; checked exit 0 stderr ""; 1 checks
=== CONT  TestCheckedWiderWrites/overload-callback-misfit
=== NAME  TestCheckedWiderWrites/optional-boolean-fit
    checked_writes_test.go:144: gate cache node miss
=== NAME  TestCheckedWiderWrites/optional-false-fit
    oracle_test.go:604: gate cache native miss
=== NAME  TestCheckedWiderWrites/overload-callback-misfit
    checked_writes_test.go:144: gate cache node hit
=== NAME  TestCheckedWiderWrites/optional-boolean-misfit
    checked_writes_test.go:155: gate cache node miss
    checked_writes_test.go:165: Node exit 0 stdout "false\n"; checked exit 70 stderr "adamic: panic: write failed: view.multiLine expects true | undefined, got false\n"; 1 checks
=== CONT  TestCheckedWiderWrites/compound-misfit
    checked_writes_test.go:144: gate cache node miss
=== NAME  TestCheckedWiderWrites/required-boolean-fit
    checked_writes_test.go:155: gate cache node miss
=== NAME  TestCheckedWiderWrites/optional-false-fit
    checked_writes_test.go:165: Node exit 0 stdout "false\n"; checked exit 0 stderr ""; 1 checks
=== CONT  TestCheckedWiderWrites/parent-misfit
=== NAME  TestCheckedWiderWrites/required-boolean-fit
    oracle_test.go:604: gate cache native miss
=== NAME  TestCheckedWiderWrites/parent-misfit
    checked_writes_test.go:144: gate cache node miss
=== NAME  TestCheckedWiderWrites/overload-callback-misfit
    checked_writes_test.go:155: gate cache node miss
    checked_writes_test.go:165: Node exit 0 stdout "true\n"; checked exit 70 stderr "adamic: panic: write failed: factory(true).emitNode expects EmitNode & { autoGenerate: AutoGenerateInfo; }, got EmitNode\n"; 1 checks
=== CONT  TestCheckedWiderWrites/parent-fit
=== NAME  TestCheckedWiderWrites/optional-boolean-fit
    checked_writes_test.go:155: gate cache node miss
=== NAME  TestCheckedWiderWrites/parent-fit
    checked_writes_test.go:144: gate cache node miss
=== NAME  TestCheckedWiderWrites/optional-boolean-fit
    oracle_test.go:604: gate cache native miss
=== NAME  TestCheckedWiderWrites/required-boolean-fit
    checked_writes_test.go:165: Node exit 0 stdout "true\n"; checked exit 0 stderr ""; 1 checks
=== CONT  TestCheckedWiderWrites/receiver-fit
    checked_writes_test.go:144: gate cache node miss
=== NAME  TestCheckedWiderWrites/compound-misfit
    checked_writes_test.go:155: gate cache node miss
    checked_writes_test.go:165: Node exit 0 stdout "stored\n"; checked exit 70 stderr "adamic: panic: write failed: view.count expects 0 | 1, got 2 (number)\n"; 1 checks
=== CONT  TestCheckedWiderWrites/range-misfit
=== NAME  TestCheckedWiderWrites/optional-boolean-fit
    checked_writes_test.go:165: Node exit 0 stdout "undefined\ntrue\n"; checked exit 0 stderr ""; 1 checks
=== NAME  TestCheckedWiderWrites/range-misfit
    checked_writes_test.go:144: gate cache node miss
=== CONT  TestCheckedWiderWrites/range-fit
=== NAME  TestCheckedWiderWrites/parent-misfit
    checked_writes_test.go:155: gate cache node miss
=== NAME  TestCheckedWiderWrites/range-fit
    checked_writes_test.go:144: gate cache node miss
=== NAME  TestCheckedWiderWrites/parent-misfit
    checked_writes_test.go:165: Node exit 0 stdout "stored\n"; checked exit 70 stderr "adamic: panic: write failed: (copy as Mutable<T>).parent expects Parent, got undefined\n"; 1 checks
=== CONT  TestCheckedWiderWrites/nullable-number-misfit
    checked_writes_test.go:144: gate cache node miss
=== NAME  TestCheckedWiderWrites/parent-fit
    checked_writes_test.go:155: gate cache node miss
=== NAME  TestCheckedWiderWrites/receiver-fit
    checked_writes_test.go:155: gate cache node miss
=== NAME  TestCheckedWiderWrites/parent-fit
    oracle_test.go:604: gate cache native miss
=== NAME  TestCheckedWiderWrites/receiver-fit
    oracle_test.go:604: gate cache native miss
=== NAME  TestCheckedWiderWrites/range-fit
    checked_writes_test.go:155: gate cache node miss
=== NAME  TestCheckedWiderWrites/range-misfit
    checked_writes_test.go:155: gate cache node miss
=== NAME  TestCheckedWiderWrites/range-fit
    oracle_test.go:604: gate cache native miss
=== NAME  TestCheckedWiderWrites/range-misfit
    checked_writes_test.go:165: Node exit 0 stdout "0 2\n"; checked exit 70 stderr "adamic: panic: write failed: range.end expects 1, got 2 (number)\n"; 2 checks
=== CONT  TestCheckedWiderWrites/nullable-number-fit
=== NAME  TestCheckedWiderWrites/receiver-fit
    checked_writes_test.go:165: Node exit 0 stdout "2 7\n"; checked exit 0 stderr ""; 1 checks
=== CONT  TestCheckedWiderWrites/diagnostic-misfit
=== NAME  TestCheckedWiderWrites/parent-fit
    checked_writes_test.go:165: Node exit 0 stdout "parentparent\n"; checked exit 0 stderr ""; 1 checks
=== CONT  TestCheckedWiderWrites/compound-fit
=== NAME  TestCheckedWiderWrites/nullable-number-fit
    checked_writes_test.go:144: gate cache node miss
=== NAME  TestCheckedWiderWrites/diagnostic-misfit
    checked_writes_test.go:144: gate cache node miss
=== NAME  TestCheckedWiderWrites/nullable-number-misfit
    checked_writes_test.go:155: gate cache node miss
=== NAME  TestCheckedWiderWrites/compound-fit
    checked_writes_test.go:144: gate cache node miss
=== NAME  TestCheckedWiderWrites/nullable-number-misfit
    checked_writes_test.go:165: Node exit 0 stdout "stored\n"; checked exit 70 stderr "adamic: panic: write failed: view.count expects 1 | 2 | undefined, got 3 (number)\n"; 1 checks
=== CONT  TestCheckedWiderWrites/number-misfit
=== NAME  TestCheckedWiderWrites/range-fit
    checked_writes_test.go:165: Node exit 0 stdout "0 1\n"; checked exit 0 stderr ""; 2 checks
=== CONT  TestCheckedWiderWrites/number-fit
    checked_writes_test.go:144: gate cache node miss
=== NAME  TestCheckedWiderWrites/number-misfit
    checked_writes_test.go:144: gate cache node miss
=== NAME  TestCheckedWiderWrites/compound-fit
    checked_writes_test.go:155: gate cache node miss
=== NAME  TestCheckedWiderWrites/nullable-number-fit
    checked_writes_test.go:155: gate cache node miss
=== NAME  TestCheckedWiderWrites/compound-fit
    oracle_test.go:604: gate cache native miss
=== NAME  TestCheckedWiderWrites/number-fit
    checked_writes_test.go:155: gate cache node miss
=== NAME  TestCheckedWiderWrites/diagnostic-misfit
    checked_writes_test.go:155: gate cache node miss
=== NAME  TestCheckedWiderWrites/nullable-number-fit
    oracle_test.go:604: gate cache native miss
=== NAME  TestCheckedWiderWrites/diagnostic-misfit
    checked_writes_test.go:165: Node exit 0 stdout "stored\n"; checked exit 70 stderr "adamic: panic: write failed: view.file expects SourceFile, got undefined\n"; 1 checks
=== CONT  TestCheckedWiderWrites/boolean-misfit
=== NAME  TestCheckedWiderWrites/number-fit
    oracle_test.go:604: gate cache native miss
=== NAME  TestCheckedWiderWrites/boolean-misfit
    checked_writes_test.go:144: gate cache node miss
=== NAME  TestCheckedWiderWrites/number-misfit
    checked_writes_test.go:155: gate cache node miss
    checked_writes_test.go:165: Node exit 0 stdout "stored\n"; checked exit 70 stderr "adamic: panic: write failed: view.count expects 1 | 2, got 3 (number)\n"; 1 checks
=== CONT  TestCheckedWiderWrites/diagnostic-fit
    checked_writes_test.go:144: gate cache node miss
=== NAME  TestCheckedWiderWrites/nullable-number-fit
    checked_writes_test.go:165: Node exit 0 stdout "true\n2\n"; checked exit 0 stderr ""; 1 checks
=== CONT  TestCheckedWiderWrites/boolean-fit
=== NAME  TestCheckedWiderWrites/number-fit
    checked_writes_test.go:165: Node exit 0 stdout "2 7\n"; checked exit 0 stderr ""; 1 checks
=== CONT  TestCheckedWiderWriteMutants/drop_check
=== NAME  TestCheckedWiderWrites/compound-fit
    checked_writes_test.go:165: Node exit 0 stdout "1\n"; checked exit 0 stderr ""; 1 checks
=== CONT  TestCheckedWiderWriteMutants/drop_literal_set
=== NAME  TestCheckedWiderWrites/boolean-fit
    checked_writes_test.go:144: gate cache node miss
=== NAME  TestCheckedWiderWriteMutants/drop_check
    checked_writes_test.go:223: gate cache node hit
=== NAME  TestCheckedWiderWriteMutants/drop_literal_set
    checked_writes_test.go:223: gate cache node hit
=== NAME  TestCheckedWiderWrites/boolean-misfit
    checked_writes_test.go:155: gate cache node miss
    checked_writes_test.go:165: Node exit 0 stdout "false\n"; checked exit 70 stderr "adamic: panic: write failed: view.enabled expects true, got false\n"; 1 checks
=== NAME  TestCheckedWiderWriteMutants/drop_literal_set
    checked_writes_test.go:231: gate cache node miss
=== NAME  TestCheckedWiderWrites/diagnostic-fit
    checked_writes_test.go:155: gate cache node miss
=== NAME  TestCheckedWiderWriteMutants/drop_check
    checked_writes_test.go:231: gate cache node miss
=== NAME  TestCheckedWiderWriteMutants/drop_literal_set
    oracle_test.go:604: gate cache native miss
=== NAME  TestCheckedWiderWriteMutants/drop_check
    oracle_test.go:604: gate cache native miss
=== NAME  TestCheckedWiderWrites/diagnostic-fit
    oracle_test.go:604: gate cache native miss
=== NAME  TestCheckedWiderWrites/boolean-fit
    checked_writes_test.go:155: gate cache node miss
    oracle_test.go:604: gate cache native miss
=== NAME  TestCheckedWiderWriteMutants/drop_literal_set
    checked_writes_test.go:237: caught drop literal set: expected exit 70, mutant exit 0 stdout "before 16\nafter 0\n"
=== NAME  TestCheckedWiderWrites/diagnostic-fit
    checked_writes_test.go:165: Node exit 0 stdout "inputinput\n"; checked exit 0 stderr ""; 1 checks
=== NAME  TestCheckedWiderWriteMutants/drop_check
    checked_writes_test.go:237: caught drop check: expected exit 70, mutant exit 0 stdout "before 16\nafter 0\n"
--- PASS: TestCheckedWiderWriteMutants (0.00s)
    --- PASS: TestCheckedWiderWriteMutants/drop_literal_set (0.62s)
    --- PASS: TestCheckedWiderWriteMutants/drop_check (0.70s)
=== NAME  TestCheckedWiderWrites/boolean-fit
    checked_writes_test.go:165: Node exit 0 stdout "true\n"; checked exit 0 stderr ""; 1 checks
--- PASS: TestCheckedWiderWrites (0.01s)
    --- PASS: TestCheckedWiderWrites/string-misfit (0.78s)
    --- PASS: TestCheckedWiderWrites/flags-misfit (1.09s)
    --- PASS: TestCheckedWiderWrites/reference-structure (0.98s)
    --- PASS: TestCheckedWiderWrites/overload-callback-fit (1.55s)
    --- PASS: TestCheckedWiderWrites/string-fit (1.68s)
    --- PASS: TestCheckedWiderWrites/flags-fit (1.99s)
    --- PASS: TestCheckedWiderWrites/diagnostic-inner-misfit (1.28s)
    --- PASS: TestCheckedWiderWrites/diagnostic-nested-misfit (1.03s)
    --- PASS: TestCheckedWiderWrites/diagnostic-inner-fit (1.60s)
    --- PASS: TestCheckedWiderWrites/diagnostic-related-misfit (0.87s)
    --- PASS: TestCheckedWiderWrites/diagnostic-nested-fit (1.35s)
    --- PASS: TestCheckedWiderWrites/diagnostic-rich-misfit (0.74s)
    --- PASS: TestCheckedWiderWrites/diagnostic-related-fit (0.97s)
    --- PASS: TestCheckedWiderWrites/diagnostic-proof-misfit (0.64s)
    --- PASS: TestCheckedWiderWrites/diagnostic-alias-misfit (0.51s)
    --- PASS: TestCheckedWiderWrites/diagnostic-rich-fit (1.16s)
    --- PASS: TestCheckedWiderWrites/diagnostic-proof-fit (1.14s)
    --- PASS: TestCheckedWiderWrites/never-object-misfit (0.66s)
    --- PASS: TestCheckedWiderWrites/diagnostic-alias-fit (0.91s)
    --- PASS: TestCheckedWiderWrites/never-object-fit (0.99s)
    --- PASS: TestCheckedWiderWrites/never-string-misfit (0.71s)
    --- PASS: TestCheckedWiderWrites/never-number-misfit (0.54s)
    --- PASS: TestCheckedWiderWrites/never-string-fit (0.83s)
    --- PASS: TestCheckedWiderWrites/never-number-fit (0.91s)
    --- PASS: TestCheckedWiderWrites/never-splice-misfit (0.64s)
    --- PASS: TestCheckedWiderWrites/never-index-misfit (0.69s)
    --- PASS: TestCheckedWiderWrites/never-wide-fit (1.10s)
    --- PASS: TestCheckedWiderWrites/never-nullable-misfit (0.83s)
    --- PASS: TestCheckedWiderWrites/flow-array-misfit (0.75s)
    --- PASS: TestCheckedWiderWrites/never-nullable-fit (1.05s)
    --- PASS: TestCheckedWiderWrites/flow-undefined-misfit (0.65s)
    --- PASS: TestCheckedWiderWrites/flow-array-fit (0.91s)
    --- PASS: TestCheckedWiderWrites/flow-node-misfit (0.97s)
    --- PASS: TestCheckedWiderWrites/container-nested-misfit (0.66s)
    --- PASS: TestCheckedWiderWrites/flow-undefined-fit (1.23s)
    --- PASS: TestCheckedWiderWrites/flow-node-fit (1.17s)
    --- PASS: TestCheckedWiderWrites/container-nested-fit (1.05s)
    --- PASS: TestCheckedWiderWrites/container-object-misfit (0.56s)
    --- PASS: TestCheckedWiderWrites/container-splice-misfit (0.58s)
    --- PASS: TestCheckedWiderWrites/container-map-misfit (0.76s)
    --- PASS: TestCheckedWiderWrites/container-object-fit (1.23s)
    --- PASS: TestCheckedWiderWrites/container-string-misfit (0.73s)
    --- PASS: TestCheckedWiderWrites/container-splice-fit (1.18s)
    --- PASS: TestCheckedWiderWrites/container-number-misfit (0.54s)
    --- PASS: TestCheckedWiderWrites/container-map-fit (1.30s)
    --- PASS: TestCheckedWiderWrites/container-alias-misfit (0.59s)
    --- PASS: TestCheckedWiderWrites/container-number-fit (0.85s)
    --- PASS: TestCheckedWiderWrites/container-string-fit (1.03s)
    --- PASS: TestCheckedWiderWrites/container-map-object-misfit (0.49s)
    --- PASS: TestCheckedWiderWrites/container-fill-misfit (0.49s)
    --- PASS: TestCheckedWiderWrites/container-alias-fit (1.02s)
    --- PASS: TestCheckedWiderWrites/container-boolean-misfit (0.49s)
    --- PASS: TestCheckedWiderWrites/container-map-object-fit (0.86s)
    --- PASS: TestCheckedWiderWrites/container-fill-fit (0.88s)
    --- PASS: TestCheckedWiderWrites/container-map-values-misfit (0.66s)
    --- PASS: TestCheckedWiderWrites/container-slice-misfit (0.67s)
    --- PASS: TestCheckedWiderWrites/container-boolean-fit (1.00s)
    --- PASS: TestCheckedWiderWrites/container-map-values-fit (0.91s)
    --- PASS: TestCheckedWiderWrites/container-slice-fit (0.92s)
    --- PASS: TestCheckedWiderWrites/emit-auto-misfit (0.64s)
    --- PASS: TestCheckedWiderWrites/emit-node-misfit (0.76s)
    --- PASS: TestCheckedWiderWrites/emit-auto-fit (1.08s)
    --- PASS: TestCheckedWiderWrites/emit-node-fit (1.01s)
    --- PASS: TestCheckedWiderWrites/emit-callback-misfit (0.84s)
    --- PASS: TestCheckedWiderWrites/emit-resolution-misfit (0.56s)
    --- PASS: TestCheckedWiderWrites/emit-callback-fit (1.09s)
    --- PASS: TestCheckedWiderWrites/emit-comment-misfit (0.58s)
    --- PASS: TestCheckedWiderWrites/overload-result-misfit (0.55s)
    --- PASS: TestCheckedWiderWrites/emit-resolution-fit (0.92s)
    --- PASS: TestCheckedWiderWrites/emit-comment-fit (0.87s)
    --- PASS: TestCheckedWiderWrites/generic-site-misfit (0.46s)
    --- PASS: TestCheckedWiderWrites/overload-result-fit (0.88s)
    --- PASS: TestCheckedWiderWrites/branch-bottom-string-misfit (0.52s)
    --- PASS: TestCheckedWiderWrites/branch-bottom-number-misfit (0.46s)
    --- PASS: TestCheckedWiderWrites/generic-site-fit (0.89s)
    --- PASS: TestCheckedWiderWrites/branch-bottom-string-fit (0.92s)
    --- PASS: TestCheckedWiderWrites/branch-length-misfit (0.53s)
    --- PASS: TestCheckedWiderWrites/branch-start-misfit (0.49s)
    --- PASS: TestCheckedWiderWrites/branch-bottom-number-fit (0.98s)
    --- PASS: TestCheckedWiderWrites/branch-length-fit (1.01s)
    --- PASS: TestCheckedWiderWrites/branch-file-misfit (0.53s)
    --- PASS: TestCheckedWiderWrites/branch-start-fit (0.87s)
    --- PASS: TestCheckedWiderWrites/optional-false-misfit (0.49s)
    --- PASS: TestCheckedWiderWrites/required-boolean-misfit (0.52s)
    --- PASS: TestCheckedWiderWrites/branch-file-fit (0.92s)
    --- PASS: TestCheckedWiderWrites/optional-boolean-misfit (0.54s)
    --- PASS: TestCheckedWiderWrites/optional-false-fit (0.93s)
    --- PASS: TestCheckedWiderWrites/overload-callback-misfit (0.54s)
    --- PASS: TestCheckedWiderWrites/required-boolean-fit (1.00s)
    --- PASS: TestCheckedWiderWrites/compound-misfit (0.59s)
    --- PASS: TestCheckedWiderWrites/optional-boolean-fit (0.98s)
    --- PASS: TestCheckedWiderWrites/parent-misfit (0.71s)
    --- PASS: TestCheckedWiderWrites/range-misfit (0.72s)
    --- PASS: TestCheckedWiderWrites/receiver-fit (0.93s)
    --- PASS: TestCheckedWiderWrites/parent-fit (1.08s)
    --- PASS: TestCheckedWiderWrites/nullable-number-misfit (0.70s)
    --- PASS: TestCheckedWiderWrites/range-fit (0.83s)
    --- PASS: TestCheckedWiderWrites/diagnostic-misfit (0.71s)
    --- PASS: TestCheckedWiderWrites/number-misfit (0.69s)
    --- PASS: TestCheckedWiderWrites/nullable-number-fit (0.98s)
    --- PASS: TestCheckedWiderWrites/number-fit (0.85s)
    --- PASS: TestCheckedWiderWrites/compound-fit (0.98s)
    --- PASS: TestCheckedWiderWrites/boolean-misfit (0.57s)
    --- PASS: TestCheckedWiderWrites/diagnostic-fit (0.84s)
    --- PASS: TestCheckedWiderWrites/boolean-fit (0.80s)
PASS
gate cache: native hits=0 misses=98
gate cache: node hits=42 misses=280
gate cache: probe hits=0 misses=0
ok  	github.com/system-inc/adamic/internal/oracle	29.597s
