phase,test,elapsed_seconds,cases
before,TestPortMatchesGoCohere,554.21,3365
cold build,go test -c,171.331679463,
cold build,TestPortMatchesGoCohere/build-go-oracle,10.71,
cold build,TestPortMatchesGoCohere/build-lowered-port,1.05,
cold build,TestPortMatchesGoCohere/build-release,7.07,
cold build,TestPortMatchesGoCohere/build-sanitized,12.04,
warm build,TestPortMatchesGoCohere/build-go-oracle,0.79,
warm build,TestPortMatchesGoCohere/build-lowered-port,1.03,
warm build,TestPortMatchesGoCohere/build-release,3.94,
warm build,TestPortMatchesGoCohere/build-sanitized,6.82,
warm agreement,TestPortMatchesGoCohere/agreement/shard-0000,0.18,2
warm agreement,TestPortMatchesGoCohere/agreement/shard-0131,0.17,16
warm agreement,TestPortMatchesGoCohere/agreement/shard-0130,0.31,16
warm agreement,TestPortMatchesGoCohere/agreement/shard-0129,2.15,1
warm agreement,TestPortMatchesGoCohere/agreement/shard-0128,1.46,1
warm agreement,TestPortMatchesGoCohere/agreement/shard-0127,3.77,1
warm agreement,TestPortMatchesGoCohere/agreement/shard-0126,0.29,1
warm agreement,TestPortMatchesGoCohere/agreement/shard-0125,0.27,1
warm agreement,TestPortMatchesGoCohere/agreement/shard-0124,0.3,1
warm agreement,TestPortMatchesGoCohere/agreement/shard-0123,5.82,1
warm agreement,TestPortMatchesGoCohere/agreement/shard-0122,1.23,1
warm agreement,TestPortMatchesGoCohere/agreement/shard-0121,4.61,1
warm agreement,TestPortMatchesGoCohere/agreement/shard-0120,2.93,1
warm agreement,TestPortMatchesGoCohere/agreement/shard-0517,0.14,8
warm agreement,TestPortMatchesGoCohere/agreement/shard-0119,0.21,3
warm agreement,TestPortMatchesGoCohere/agreement/shard-0118,1.09,1
warm agreement,TestPortMatchesGoCohere/agreement/shard-0117,5.44,1
warm agreement,TestPortMatchesGoCohere/agreement/shard-0116,0.24,1
warm agreement,TestPortMatchesGoCohere/agreement/shard-0115,0.65,1
warm agreement,TestPortMatchesGoCohere/agreement/shard-0114,0.63,1
warm agreement,TestPortMatchesGoCohere/agreement/shard-0113,24.07,1
warm agreement,TestPortMatchesGoCohere/agreement/shard-0112,5.33,1
warm agreement,TestPortMatchesGoCohere/agreement/shard-0111,3.79,1
warm agreement,TestPortMatchesGoCohere/agreement/shard-0110,0.42,14
warm agreement,TestPortMatchesGoCohere/agreement/shard-0109,2.77,1
warm agreement,TestPortMatchesGoCohere/agreement/shard-0108,0.36,11
warm agreement,TestPortMatchesGoCohere/agreement/shard-0107,0.55,9
warm agreement,TestPortMatchesGoCohere/agreement/shard-0106,0.47,13
warm agreement,TestPortMatchesGoCohere/agreement/shard-0105,0.37,1
warm agreement,TestPortMatchesGoCohere/agreement/shard-0104,0.17,3
warm agreement,TestPortMatchesGoCohere/agreement/shard-0103,0.64,16
warm agreement,TestPortMatchesGoCohere/agreement/shard-0102,0.39,13
warm agreement,TestPortMatchesGoCohere/agreement/shard-0101,0.34,16
warm agreement,TestPortMatchesGoCohere/agreement/shard-0100,0.45,5
warm agreement,TestPortMatchesGoCohere/agreement/shard-0099,0.5,16
warm agreement,TestPortMatchesGoCohere/agreement/shard-0098,1.5,1
warm agreement,TestPortMatchesGoCohere/agreement/shard-0097,0.17,1
warm agreement,TestPortMatchesGoCohere/agreement/shard-0096,0.33,16
warm agreement,TestPortMatchesGoCohere/agreement/shard-0095,0.49,16
warm agreement,TestPortMatchesGoCohere/agreement/shard-0094,0.39,15
warm agreement,TestPortMatchesGoCohere/agreement/shard-0093,0.44,3
warm agreement,TestPortMatchesGoCohere/agreement/shard-0092,3.5,1
warm agreement,TestPortMatchesGoCohere/agreement/shard-0091,0.87,1
warm agreement,TestPortMatchesGoCohere/agreement/shard-0090,0.21,10
warm agreement,TestPortMatchesGoCohere/agreement/shard-0089,0.41,1
warm agreement,TestPortMatchesGoCohere/agreement/shard-0088,0.79,1
warm agreement,TestPortMatchesGoCohere/agreement/shard-0087,0.17,15
warm agreement,TestPortMatchesGoCohere/agreement/shard-0086,0.17,16
warm agreement,TestPortMatchesGoCohere/agreement/shard-0085,0.16,16
warm agreement,TestPortMatchesGoCohere/agreement/shard-0084,0.16,16
warm agreement,TestPortMatchesGoCohere/agreement/shard-0083,0.15,16
warm agreement,TestPortMatchesGoCohere/agreement/shard-0082,0.17,16
warm agreement,TestPortMatchesGoCohere/agreement/shard-0081,0.16,16
warm agreement,TestPortMatchesGoCohere/agreement/shard-0080,0.16,16
warm agreement,TestPortMatchesGoCohere/agreement/shard-0079,0.16,16
warm agreement,TestPortMatchesGoCohere/agreement/shard-0078,0.16,16
warm agreement,TestPortMatchesGoCohere/agreement/shard-0077,0.16,16
warm agreement,TestPortMatchesGoCohere/agreement/shard-0076,0.17,16
warm agreement,TestPortMatchesGoCohere/agreement/shard-0075,0.18,16
warm agreement,TestPortMatchesGoCohere/agreement/shard-0074,0.16,16
warm agreement,TestPortMatchesGoCohere/agreement/shard-0073,0.17,16
warm agreement,TestPortMatchesGoCohere/agreement/shard-0072,0.16,16
warm agreement,TestPortMatchesGoCohere/agreement/shard-0071,0.16,16
warm agreement,TestPortMatchesGoCohere/agreement/shard-0070,0.16,16
warm agreement,TestPortMatchesGoCohere/agreement/shard-0069,0.18,16
warm agreement,TestPortMatchesGoCohere/agreement/shard-0068,0.17,16
warm agreement,TestPortMatchesGoCohere/agreement/shard-0067,0.16,16
warm agreement,TestPortMatchesGoCohere/agreement/shard-0066,0.16,16
warm agreement,TestPortMatchesGoCohere/agreement/shard-0065,0.17,16
warm agreement,TestPortMatchesGoCohere/agreement/shard-0064,0.15,16
warm agreement,TestPortMatchesGoCohere/agreement/shard-0063,0.17,16
warm agreement,TestPortMatchesGoCohere/agreement/shard-0062,0.17,16
warm agreement,TestPortMatchesGoCohere/agreement/shard-0061,0.15,16
warm agreement,TestPortMatchesGoCohere/agreement/shard-0060,0.17,16
warm agreement,TestPortMatchesGoCohere/agreement/shard-0516,0.43,16
warm agreement,TestPortMatchesGoCohere/agreement/shard-0059,0.15,16
warm agreement,TestPortMatchesGoCohere/agreement/shard-0058,0.16,16
warm agreement,TestPortMatchesGoCohere/agreement/shard-0057,0.27,16
warm agreement,TestPortMatchesGoCohere/agreement/shard-0056,0.2,7
warm agreement,TestPortMatchesGoCohere/agreement/shard-0055,0.34,1
warm agreement,TestPortMatchesGoCohere/agreement/shard-0054,0.14,1
warm agreement,TestPortMatchesGoCohere/agreement/shard-0053,0.44,1
warm agreement,TestPortMatchesGoCohere/agreement/shard-0052,0.14,5
warm agreement,TestPortMatchesGoCohere/agreement/shard-0051,0.14,15
warm agreement,TestPortMatchesGoCohere/agreement/shard-0050,0.14,16
warm agreement,TestPortMatchesGoCohere/agreement/shard-0049,0.14,16
warm agreement,TestPortMatchesGoCohere/agreement/shard-0048,0.15,16
warm agreement,TestPortMatchesGoCohere/agreement/shard-0047,0.15,16
warm agreement,TestPortMatchesGoCohere/agreement/shard-0046,0.14,16
warm agreement,TestPortMatchesGoCohere/agreement/shard-0045,0.16,16
warm agreement,TestPortMatchesGoCohere/agreement/shard-0044,0.14,16
warm agreement,TestPortMatchesGoCohere/agreement/shard-0043,0.15,2
warm agreement,TestPortMatchesGoCohere/agreement/shard-0042,0.15,15
warm agreement,TestPortMatchesGoCohere/agreement/shard-0041,0.59,1
warm agreement,TestPortMatchesGoCohere/agreement/shard-0040,0.48,1
warm agreement,TestPortMatchesGoCohere/agreement/shard-0039,0.56,1
warm agreement,TestPortMatchesGoCohere/agreement/shard-0038,0.41,1
warm agreement,TestPortMatchesGoCohere/agreement/shard-0037,0.15,1
warm agreement,TestPortMatchesGoCohere/agreement/shard-0036,0.72,1
warm agreement,TestPortMatchesGoCohere/agreement/shard-0035,0.49,1
warm agreement,TestPortMatchesGoCohere/agreement/shard-0034,0.72,1
warm agreement,TestPortMatchesGoCohere/agreement/shard-0033,0.77,1
warm agreement,TestPortMatchesGoCohere/agreement/shard-0032,0.64,1
warm agreement,TestPortMatchesGoCohere/agreement/shard-0031,0.67,1
warm agreement,TestPortMatchesGoCohere/agreement/shard-0030,0.53,1
warm agreement,TestPortMatchesGoCohere/agreement/shard-0029,0.55,1
warm agreement,TestPortMatchesGoCohere/agreement/shard-0028,0.63,1
warm agreement,TestPortMatchesGoCohere/agreement/shard-0027,0.97,1
warm agreement,TestPortMatchesGoCohere/agreement/shard-0026,0.62,1
warm agreement,TestPortMatchesGoCohere/agreement/shard-0025,0.54,1
warm agreement,TestPortMatchesGoCohere/agreement/shard-0024,0.63,1
warm agreement,TestPortMatchesGoCohere/agreement/shard-0023,0.52,1
warm agreement,TestPortMatchesGoCohere/agreement/shard-0022,0.26,1
warm agreement,TestPortMatchesGoCohere/agreement/shard-0021,0.17,4
warm agreement,TestPortMatchesGoCohere/agreement/shard-0020,0.3,1
warm agreement,TestPortMatchesGoCohere/agreement/shard-0019,0.16,9
warm agreement,TestPortMatchesGoCohere/agreement/shard-0018,0.25,7
warm agreement,TestPortMatchesGoCohere/agreement/shard-0017,0.2,3
warm agreement,TestPortMatchesGoCohere/agreement/shard-0016,0.23,1
warm agreement,TestPortMatchesGoCohere/agreement/shard-0015,0.15,9
warm agreement,TestPortMatchesGoCohere/agreement/shard-0014,0.22,16
warm agreement,TestPortMatchesGoCohere/agreement/shard-0013,0.21,16
warm agreement,TestPortMatchesGoCohere/agreement/shard-0012,0.23,16
warm agreement,TestPortMatchesGoCohere/agreement/shard-0011,0.64,1
warm agreement,TestPortMatchesGoCohere/agreement/shard-0010,0.14,2
warm agreement,TestPortMatchesGoCohere/agreement/shard-0009,0.32,16
warm agreement,TestPortMatchesGoCohere/agreement/shard-0008,0.32,7
warm agreement,TestPortMatchesGoCohere/agreement/shard-0007,0.31,1
warm agreement,TestPortMatchesGoCohere/agreement/shard-0006,0.17,1
warm agreement,TestPortMatchesGoCohere/agreement/shard-0005,0.22,16
warm agreement,TestPortMatchesGoCohere/agreement/shard-0004,0.27,16
warm agreement,TestPortMatchesGoCohere/agreement/shard-0002,0.29,7
warm agreement,TestPortMatchesGoCohere/agreement/shard-0001,0.35,1
warm agreement,TestPortMatchesGoCohere/agreement/shard-0515,0.18,16
warm agreement,TestPortMatchesGoCohere/agreement/shard-0514,0.26,16
warm agreement,TestPortMatchesGoCohere/agreement/shard-0437,0.22,3
warm agreement,TestPortMatchesGoCohere/agreement/shard-0513,0.18,16
warm agreement,TestPortMatchesGoCohere/agreement/shard-0512,0.21,16
warm agreement,TestPortMatchesGoCohere/agreement/shard-0511,0.16,16
warm agreement,TestPortMatchesGoCohere/agreement/shard-0510,0.17,16
warm agreement,TestPortMatchesGoCohere/agreement/shard-0509,0.14,16
warm agreement,TestPortMatchesGoCohere/agreement/shard-0508,0.24,16
warm agreement,TestPortMatchesGoCohere/agreement/shard-0507,4.67,1
warm agreement,TestPortMatchesGoCohere/agreement/shard-0506,0.18,3
warm agreement,TestPortMatchesGoCohere/agreement/shard-0505,0.34,1
warm agreement,TestPortMatchesGoCohere/agreement/shard-0504,0.2,3
warm agreement,TestPortMatchesGoCohere/agreement/shard-0503,5.61,1
warm agreement,TestPortMatchesGoCohere/agreement/shard-0502,0.17,3
warm agreement,TestPortMatchesGoCohere/agreement/shard-0501,0.35,1
warm agreement,TestPortMatchesGoCohere/agreement/shard-0500,4.8,1
warm agreement,TestPortMatchesGoCohere/agreement/shard-0499,0.24,10
warm agreement,TestPortMatchesGoCohere/agreement/shard-0498,0.39,16
warm agreement,TestPortMatchesGoCohere/agreement/shard-0497,0.16,16
warm agreement,TestPortMatchesGoCohere/agreement/shard-0496,0.14,16
warm agreement,TestPortMatchesGoCohere/agreement/shard-0495,0.15,16
warm agreement,TestPortMatchesGoCohere/agreement/shard-0494,0.14,16
warm agreement,TestPortMatchesGoCohere/agreement/shard-0493,0.15,16
warm agreement,TestPortMatchesGoCohere/agreement/shard-0492,0.16,16
warm agreement,TestPortMatchesGoCohere/agreement/shard-0491,0.15,16
warm agreement,TestPortMatchesGoCohere/agreement/shard-0490,0.15,16
warm agreement,TestPortMatchesGoCohere/agreement/shard-0489,0.15,16
warm agreement,TestPortMatchesGoCohere/agreement/shard-0488,0.15,16
warm agreement,TestPortMatchesGoCohere/agreement/shard-0487,0.14,16
warm agreement,TestPortMatchesGoCohere/agreement/shard-0486,0.14,16
warm agreement,TestPortMatchesGoCohere/agreement/shard-0485,0.15,16
warm agreement,TestPortMatchesGoCohere/agreement/shard-0484,0.14,16
warm agreement,TestPortMatchesGoCohere/agreement/shard-0483,0.14,16
warm agreement,TestPortMatchesGoCohere/agreement/shard-0482,0.16,16
warm agreement,TestPortMatchesGoCohere/agreement/shard-0481,0.18,4
warm agreement,TestPortMatchesGoCohere/agreement/shard-0480,0.16,16
warm agreement,TestPortMatchesGoCohere/agreement/shard-0479,0.16,16
warm agreement,TestPortMatchesGoCohere/agreement/shard-0478,0.18,16
warm agreement,TestPortMatchesGoCohere/agreement/shard-0477,1.49,1
warm agreement,TestPortMatchesGoCohere/agreement/shard-0476,0.14,1
warm agreement,TestPortMatchesGoCohere/agreement/shard-0475,0.54,1
warm agreement,TestPortMatchesGoCohere/agreement/shard-0474,0.16,2
warm agreement,TestPortMatchesGoCohere/agreement/shard-0473,0.72,1
warm agreement,TestPortMatchesGoCohere/agreement/shard-0472,4.33,1
warm agreement,TestPortMatchesGoCohere/agreement/shard-0471,0.17,1
warm agreement,TestPortMatchesGoCohere/agreement/shard-0470,3.14,1
warm agreement,TestPortMatchesGoCohere/agreement/shard-0469,0.17,2
warm agreement,TestPortMatchesGoCohere/agreement/shard-0468,3.06,1
warm agreement,TestPortMatchesGoCohere/agreement/shard-0467,0.16,1
warm agreement,TestPortMatchesGoCohere/agreement/shard-0466,0.22,1
warm agreement,TestPortMatchesGoCohere/agreement/shard-0465,0.16,1
warm agreement,TestPortMatchesGoCohere/agreement/shard-0464,1.97,1
warm agreement,TestPortMatchesGoCohere/agreement/shard-0463,0.53,1
warm agreement,TestPortMatchesGoCohere/agreement/shard-0462,0.16,1
warm agreement,TestPortMatchesGoCohere/agreement/shard-0461,0.51,1
warm agreement,TestPortMatchesGoCohere/agreement/shard-0460,1.43,1
warm agreement,TestPortMatchesGoCohere/agreement/shard-0459,0.49,1
warm agreement,TestPortMatchesGoCohere/agreement/shard-0458,0.17,3
warm agreement,TestPortMatchesGoCohere/agreement/shard-0457,0.55,1
warm agreement,TestPortMatchesGoCohere/agreement/shard-0456,0.14,1
warm agreement,TestPortMatchesGoCohere/agreement/shard-0455,1.29,1
warm agreement,TestPortMatchesGoCohere/agreement/shard-0454,0.63,1
warm agreement,TestPortMatchesGoCohere/agreement/shard-0436,0.38,1
warm agreement,TestPortMatchesGoCohere/agreement/shard-0453,0.19,2
warm agreement,TestPortMatchesGoCohere/agreement/shard-0452,0.51,1
warm agreement,TestPortMatchesGoCohere/agreement/shard-0451,1.16,1
warm agreement,TestPortMatchesGoCohere/agreement/shard-0450,0.57,1
warm agreement,TestPortMatchesGoCohere/agreement/shard-0449,0.14,1
warm agreement,TestPortMatchesGoCohere/agreement/shard-0448,0.66,1
warm agreement,TestPortMatchesGoCohere/agreement/shard-0447,1.61,1
warm agreement,TestPortMatchesGoCohere/agreement/shard-0446,0.54,1
warm agreement,TestPortMatchesGoCohere/agreement/shard-0445,0.44,1
warm agreement,TestPortMatchesGoCohere/agreement/shard-0444,1.05,1
warm agreement,TestPortMatchesGoCohere/agreement/shard-0443,0.43,1
warm agreement,TestPortMatchesGoCohere/agreement/shard-0442,0.41,1
warm agreement,TestPortMatchesGoCohere/agreement/shard-0441,0.25,1
warm agreement,TestPortMatchesGoCohere/agreement/shard-0440,0.2,2
warm agreement,TestPortMatchesGoCohere/agreement/shard-0439,0.22,7
warm agreement,TestPortMatchesGoCohere/agreement/shard-0438,0.34,1
warm agreement,TestPortMatchesGoCohere/agreement/shard-0435,0.19,11
warm agreement,TestPortMatchesGoCohere/agreement/shard-0434,1.75,1
warm agreement,TestPortMatchesGoCohere/agreement/shard-0433,0.19,2
warm agreement,TestPortMatchesGoCohere/agreement/shard-0432,11.7,1
warm agreement,TestPortMatchesGoCohere/agreement/shard-0431,0.22,3
warm agreement,TestPortMatchesGoCohere/agreement/shard-0430,0.54,1
warm agreement,TestPortMatchesGoCohere/agreement/shard-0429,0.24,10
warm agreement,TestPortMatchesGoCohere/agreement/shard-0428,0.21,16
warm agreement,TestPortMatchesGoCohere/agreement/shard-0427,0.15,16
warm agreement,TestPortMatchesGoCohere/agreement/shard-0426,0.23,16
warm agreement,TestPortMatchesGoCohere/agreement/shard-0425,1.91,1
warm agreement,TestPortMatchesGoCohere/agreement/shard-0424,0.16,3
warm agreement,TestPortMatchesGoCohere/agreement/shard-0423,0.56,1
warm agreement,TestPortMatchesGoCohere/agreement/shard-0422,0.16,1
warm agreement,TestPortMatchesGoCohere/agreement/shard-0421,0.31,1
warm agreement,TestPortMatchesGoCohere/agreement/shard-0420,0.14,1
warm agreement,TestPortMatchesGoCohere/agreement/shard-0419,0.26,16
warm agreement,TestPortMatchesGoCohere/agreement/shard-0418,0.3,10
warm agreement,TestPortMatchesGoCohere/agreement/shard-0417,0.46,1
warm agreement,TestPortMatchesGoCohere/agreement/shard-0416,0.17,7
warm agreement,TestPortMatchesGoCohere/agreement/shard-0415,0.15,16
warm agreement,TestPortMatchesGoCohere/agreement/shard-0414,3.46,1
warm agreement,TestPortMatchesGoCohere/agreement/shard-0413,0.14,1
warm agreement,TestPortMatchesGoCohere/agreement/shard-0412,6.76,1
warm agreement,TestPortMatchesGoCohere/agreement/shard-0411,0.23,10
warm agreement,TestPortMatchesGoCohere/agreement/shard-0410,0.23,1
warm agreement,TestPortMatchesGoCohere/agreement/shard-0409,0.17,16
warm agreement,TestPortMatchesGoCohere/agreement/shard-0408,0.27,1
warm agreement,TestPortMatchesGoCohere/agreement/shard-0407,0.28,2
warm agreement,TestPortMatchesGoCohere/agreement/shard-0406,0.21,1
warm agreement,TestPortMatchesGoCohere/agreement/shard-0405,0.23,1
warm agreement,TestPortMatchesGoCohere/agreement/shard-0404,0.26,1
warm agreement,TestPortMatchesGoCohere/agreement/shard-0403,0.25,1
warm agreement,TestPortMatchesGoCohere/agreement/shard-0402,0.27,1
warm agreement,TestPortMatchesGoCohere/agreement/shard-0401,0.22,1
warm agreement,TestPortMatchesGoCohere/agreement/shard-0400,0.21,1
warm agreement,TestPortMatchesGoCohere/agreement/shard-0399,0.25,1
warm agreement,TestPortMatchesGoCohere/agreement/shard-0398,0.23,1
warm agreement,TestPortMatchesGoCohere/agreement/shard-0397,0.25,1
warm agreement,TestPortMatchesGoCohere/agreement/shard-0396,0.24,1
warm agreement,TestPortMatchesGoCohere/agreement/shard-0395,0.28,1
warm agreement,TestPortMatchesGoCohere/agreement/shard-0394,0.25,1
warm agreement,TestPortMatchesGoCohere/agreement/shard-0393,0.24,1
warm agreement,TestPortMatchesGoCohere/agreement/shard-0392,0.16,5
warm agreement,TestPortMatchesGoCohere/agreement/shard-0374,0.2,1
warm agreement,TestPortMatchesGoCohere/agreement/shard-0391,0.28,16
warm agreement,TestPortMatchesGoCohere/agreement/shard-0390,0.25,16
warm agreement,TestPortMatchesGoCohere/agreement/shard-0261,0.56,1
warm agreement,TestPortMatchesGoCohere/agreement/shard-0389,0.38,1
warm agreement,TestPortMatchesGoCohere/agreement/shard-0388,0.16,6
warm agreement,TestPortMatchesGoCohere/agreement/shard-0387,0.93,1
warm agreement,TestPortMatchesGoCohere/agreement/shard-0386,0.85,1
warm agreement,TestPortMatchesGoCohere/agreement/shard-0385,0.16,1
warm agreement,TestPortMatchesGoCohere/agreement/shard-0384,0.18,1
warm agreement,TestPortMatchesGoCohere/agreement/shard-0383,0.17,1
warm agreement,TestPortMatchesGoCohere/agreement/shard-0382,0.21,16
warm agreement,TestPortMatchesGoCohere/agreement/shard-0381,0.2,1
warm agreement,TestPortMatchesGoCohere/agreement/shard-0380,0.18,8
warm agreement,TestPortMatchesGoCohere/agreement/shard-0379,0.18,1
warm agreement,TestPortMatchesGoCohere/agreement/shard-0378,0.18,8
warm agreement,TestPortMatchesGoCohere/agreement/shard-0377,0.18,16
warm agreement,TestPortMatchesGoCohere/agreement/shard-0376,0.18,1
warm agreement,TestPortMatchesGoCohere/agreement/shard-0375,0.16,7
warm agreement,TestPortMatchesGoCohere/agreement/shard-0373,1.68,1
warm agreement,TestPortMatchesGoCohere/agreement/shard-0372,0.15,1
warm agreement,TestPortMatchesGoCohere/agreement/shard-0371,1.64,1
warm agreement,TestPortMatchesGoCohere/agreement/shard-0370,0.26,10
warm agreement,TestPortMatchesGoCohere/agreement/shard-0369,0.4,1
warm agreement,TestPortMatchesGoCohere/agreement/shard-0368,0.34,3
warm agreement,TestPortMatchesGoCohere/agreement/shard-0367,0.34,7
warm agreement,TestPortMatchesGoCohere/agreement/shard-0366,0.33,4
warm agreement,TestPortMatchesGoCohere/agreement/shard-0365,0.4,4
warm agreement,TestPortMatchesGoCohere/agreement/shard-0364,0.43,10
warm agreement,TestPortMatchesGoCohere/agreement/shard-0363,0.42,1
warm agreement,TestPortMatchesGoCohere/agreement/shard-0362,0.14,8
warm agreement,TestPortMatchesGoCohere/agreement/shard-0361,0.19,16
warm agreement,TestPortMatchesGoCohere/agreement/shard-0360,0.19,16
warm agreement,TestPortMatchesGoCohere/agreement/shard-0359,0.18,16
warm agreement,TestPortMatchesGoCohere/agreement/shard-0358,0.18,16
warm agreement,TestPortMatchesGoCohere/agreement/shard-0357,0.24,16
warm agreement,TestPortMatchesGoCohere/agreement/shard-0356,0.21,16
warm agreement,TestPortMatchesGoCohere/agreement/shard-0355,0.23,16
warm agreement,TestPortMatchesGoCohere/agreement/shard-0354,0.22,16
warm agreement,TestPortMatchesGoCohere/agreement/shard-0353,0.21,16
warm agreement,TestPortMatchesGoCohere/agreement/shard-0352,0.19,16
warm agreement,TestPortMatchesGoCohere/agreement/shard-0351,0.24,3
warm agreement,TestPortMatchesGoCohere/agreement/shard-0350,0.19,7
warm agreement,TestPortMatchesGoCohere/agreement/shard-0349,10.79,1
warm agreement,TestPortMatchesGoCohere/agreement/shard-0348,0.18,2
warm agreement,TestPortMatchesGoCohere/agreement/shard-0347,8.58,1
warm agreement,TestPortMatchesGoCohere/agreement/shard-0346,0.21,4
warm agreement,TestPortMatchesGoCohere/agreement/shard-0345,0.25,1
warm agreement,TestPortMatchesGoCohere/agreement/shard-0344,0.16,2
warm agreement,TestPortMatchesGoCohere/agreement/shard-0343,0.24,1
warm agreement,TestPortMatchesGoCohere/agreement/shard-0342,0.16,8
warm agreement,TestPortMatchesGoCohere/agreement/shard-0341,3.65,1
warm agreement,TestPortMatchesGoCohere/agreement/shard-0340,0.14,4
warm agreement,TestPortMatchesGoCohere/agreement/shard-0339,1.69,1
warm agreement,TestPortMatchesGoCohere/agreement/shard-0338,0.19,3
warm agreement,TestPortMatchesGoCohere/agreement/shard-0337,8.38,1
warm agreement,TestPortMatchesGoCohere/agreement/shard-0336,0.18,2
warm agreement,TestPortMatchesGoCohere/agreement/shard-0335,1.74,1
warm agreement,TestPortMatchesGoCohere/agreement/shard-0334,0.28,6
warm agreement,TestPortMatchesGoCohere/agreement/shard-0333,0.3,5
warm agreement,TestPortMatchesGoCohere/agreement/shard-0332,2.34,1
warm agreement,TestPortMatchesGoCohere/agreement/shard-0324,0.64,1
warm agreement,TestPortMatchesGoCohere/agreement/shard-0331,0.17,5
warm agreement,TestPortMatchesGoCohere/agreement/shard-0330,0.45,1
warm agreement,TestPortMatchesGoCohere/agreement/shard-0329,0.46,1
warm agreement,TestPortMatchesGoCohere/agreement/shard-0328,0.16,1
warm agreement,TestPortMatchesGoCohere/agreement/shard-0327,0.64,1
warm agreement,TestPortMatchesGoCohere/agreement/shard-0326,0.65,1
warm agreement,TestPortMatchesGoCohere/agreement/shard-0325,0.61,1
warm agreement,TestPortMatchesGoCohere/agreement/shard-0323,0.49,1
warm agreement,TestPortMatchesGoCohere/agreement/shard-0322,0.71,1
warm agreement,TestPortMatchesGoCohere/agreement/shard-0321,0.7,1
warm agreement,TestPortMatchesGoCohere/agreement/shard-0320,0.92,1
warm agreement,TestPortMatchesGoCohere/agreement/shard-0319,0.85,1
warm agreement,TestPortMatchesGoCohere/agreement/shard-0318,0.54,1
warm agreement,TestPortMatchesGoCohere/agreement/shard-0317,0.61,1
warm agreement,TestPortMatchesGoCohere/agreement/shard-0316,0.21,6
warm agreement,TestPortMatchesGoCohere/agreement/shard-0315,0.3,1
warm agreement,TestPortMatchesGoCohere/agreement/shard-0314,0.22,15
warm agreement,TestPortMatchesGoCohere/agreement/shard-0313,0.29,1
warm agreement,TestPortMatchesGoCohere/agreement/shard-0312,0.24,15
warm agreement,TestPortMatchesGoCohere/agreement/shard-0311,0.38,1
warm agreement,TestPortMatchesGoCohere/agreement/shard-0310,0.18,4
warm agreement,TestPortMatchesGoCohere/agreement/shard-0309,0.28,3
warm agreement,TestPortMatchesGoCohere/agreement/shard-0308,0.19,1
warm agreement,TestPortMatchesGoCohere/agreement/shard-0307,0.48,1
warm agreement,TestPortMatchesGoCohere/agreement/shard-0306,0.18,9
warm agreement,TestPortMatchesGoCohere/agreement/shard-0305,0.4,1
warm agreement,TestPortMatchesGoCohere/agreement/shard-0304,0.59,1
warm agreement,TestPortMatchesGoCohere/agreement/shard-0303,1.21,1
warm agreement,TestPortMatchesGoCohere/agreement/shard-0302,0.26,5
warm agreement,TestPortMatchesGoCohere/agreement/shard-0301,0.25,1
warm agreement,TestPortMatchesGoCohere/agreement/shard-0300,0.25,1
warm agreement,TestPortMatchesGoCohere/agreement/shard-0299,0.15,2
warm agreement,TestPortMatchesGoCohere/agreement/shard-0298,0.37,1
warm agreement,TestPortMatchesGoCohere/agreement/shard-0297,0.15,3
warm agreement,TestPortMatchesGoCohere/agreement/shard-0296,0.24,1
warm agreement,TestPortMatchesGoCohere/agreement/shard-0295,0.24,1
warm agreement,TestPortMatchesGoCohere/agreement/shard-0294,0.21,1
warm agreement,TestPortMatchesGoCohere/agreement/shard-0293,0.14,1
warm agreement,TestPortMatchesGoCohere/agreement/shard-0292,0.22,1
warm agreement,TestPortMatchesGoCohere/agreement/shard-0291,0.21,1
warm agreement,TestPortMatchesGoCohere/agreement/shard-0290,0.28,1
warm agreement,TestPortMatchesGoCohere/agreement/shard-0289,0.14,1
warm agreement,TestPortMatchesGoCohere/agreement/shard-0288,0.56,1
warm agreement,TestPortMatchesGoCohere/agreement/shard-0287,0.13,1
warm agreement,TestPortMatchesGoCohere/agreement/shard-0286,0.24,1
warm agreement,TestPortMatchesGoCohere/agreement/shard-0285,0.19,1
warm agreement,TestPortMatchesGoCohere/agreement/shard-0284,0.2,4
warm agreement,TestPortMatchesGoCohere/agreement/shard-0283,0.25,1
warm agreement,TestPortMatchesGoCohere/agreement/shard-0282,0.16,9
warm agreement,TestPortMatchesGoCohere/agreement/shard-0281,0.22,1
warm agreement,TestPortMatchesGoCohere/agreement/shard-0280,0.27,2
warm agreement,TestPortMatchesGoCohere/agreement/shard-0279,0.28,1
warm agreement,TestPortMatchesGoCohere/agreement/shard-0278,0.19,8
warm agreement,TestPortMatchesGoCohere/agreement/shard-0277,0.23,1
warm agreement,TestPortMatchesGoCohere/agreement/shard-0276,0.13,2
warm agreement,TestPortMatchesGoCohere/agreement/shard-0275,0.27,1
warm agreement,TestPortMatchesGoCohere/agreement/shard-0274,0.24,9
warm agreement,TestPortMatchesGoCohere/agreement/shard-0273,0.37,1
warm agreement,TestPortMatchesGoCohere/agreement/shard-0272,0.22,7
warm agreement,TestPortMatchesGoCohere/agreement/shard-0271,0.23,1
warm agreement,TestPortMatchesGoCohere/agreement/shard-0253,0.5,1
warm agreement,TestPortMatchesGoCohere/agreement/shard-0270,0.17,4
warm agreement,TestPortMatchesGoCohere/agreement/shard-0269,0.31,1
warm agreement,TestPortMatchesGoCohere/agreement/shard-0268,0.22,9
warm agreement,TestPortMatchesGoCohere/agreement/shard-0267,0.38,1
warm agreement,TestPortMatchesGoCohere/agreement/shard-0266,0.23,9
warm agreement,TestPortMatchesGoCohere/agreement/shard-0265,0.31,1
warm agreement,TestPortMatchesGoCohere/agreement/shard-0264,0.2,9
warm agreement,TestPortMatchesGoCohere/agreement/shard-0263,0.23,16
warm agreement,TestPortMatchesGoCohere/agreement/shard-0262,0.3,14
warm agreement,TestPortMatchesGoCohere/agreement/shard-0132,0.16,16
warm agreement,TestPortMatchesGoCohere/agreement/shard-0260,0.15,1
warm agreement,TestPortMatchesGoCohere/agreement/shard-0259,0.5,1
warm agreement,TestPortMatchesGoCohere/agreement/shard-0258,0.14,3
warm agreement,TestPortMatchesGoCohere/agreement/shard-0257,0.52,1
warm agreement,TestPortMatchesGoCohere/agreement/shard-0256,0.23,11
warm agreement,TestPortMatchesGoCohere/agreement/shard-0255,0.69,1
warm agreement,TestPortMatchesGoCohere/agreement/shard-0254,0.16,7
warm agreement,TestPortMatchesGoCohere/agreement/shard-0252,0.23,4
warm agreement,TestPortMatchesGoCohere/agreement/shard-0251,0.56,1
warm agreement,TestPortMatchesGoCohere/agreement/shard-0250,0.15,1
warm agreement,TestPortMatchesGoCohere/agreement/shard-0249,0.52,1
warm agreement,TestPortMatchesGoCohere/agreement/shard-0248,0.21,1
warm agreement,TestPortMatchesGoCohere/agreement/shard-0247,0.22,16
warm agreement,TestPortMatchesGoCohere/agreement/shard-0246,0.19,15
warm agreement,TestPortMatchesGoCohere/agreement/shard-0245,0.25,13
warm agreement,TestPortMatchesGoCohere/agreement/shard-0244,0.25,6
warm agreement,TestPortMatchesGoCohere/agreement/shard-0243,0.26,16
warm agreement,TestPortMatchesGoCohere/agreement/shard-0242,0.23,4
warm agreement,TestPortMatchesGoCohere/agreement/shard-0241,0.25,4
warm agreement,TestPortMatchesGoCohere/agreement/shard-0240,0.16,6
warm agreement,TestPortMatchesGoCohere/agreement/shard-0239,0.17,16
warm agreement,TestPortMatchesGoCohere/agreement/shard-0238,0.18,16
warm agreement,TestPortMatchesGoCohere/agreement/shard-0237,0.17,16
warm agreement,TestPortMatchesGoCohere/agreement/shard-0236,0.18,16
warm agreement,TestPortMatchesGoCohere/agreement/shard-0235,0.16,16
warm agreement,TestPortMatchesGoCohere/agreement/shard-0234,0.22,10
warm agreement,TestPortMatchesGoCohere/agreement/shard-0233,0.22,16
warm agreement,TestPortMatchesGoCohere/agreement/shard-0232,0.26,2
warm agreement,TestPortMatchesGoCohere/agreement/shard-0231,0.23,1
warm agreement,TestPortMatchesGoCohere/agreement/shard-0230,0.19,2
warm agreement,TestPortMatchesGoCohere/agreement/shard-0229,0.21,4
warm agreement,TestPortMatchesGoCohere/agreement/shard-0228,0.35,4
warm agreement,TestPortMatchesGoCohere/agreement/shard-0227,0.22,1
warm agreement,TestPortMatchesGoCohere/agreement/shard-0226,0.18,3
warm agreement,TestPortMatchesGoCohere/agreement/shard-0225,0.27,6
warm agreement,TestPortMatchesGoCohere/agreement/shard-0224,0.23,4
warm agreement,TestPortMatchesGoCohere/agreement/shard-0223,0.24,10
warm agreement,TestPortMatchesGoCohere/agreement/shard-0222,0.23,15
warm agreement,TestPortMatchesGoCohere/agreement/shard-0221,0.32,7
warm agreement,TestPortMatchesGoCohere/agreement/shard-0220,0.35,11
warm agreement,TestPortMatchesGoCohere/agreement/shard-0219,0.24,5
warm agreement,TestPortMatchesGoCohere/agreement/shard-0218,0.21,2
warm agreement,TestPortMatchesGoCohere/agreement/shard-0217,0.37,12
warm agreement,TestPortMatchesGoCohere/agreement/shard-0216,0.36,2
warm agreement,TestPortMatchesGoCohere/agreement/shard-0215,0.22,9
warm agreement,TestPortMatchesGoCohere/agreement/shard-0214,0.31,1
warm agreement,TestPortMatchesGoCohere/agreement/shard-0213,0.27,14
warm agreement,TestPortMatchesGoCohere/agreement/shard-0212,0.26,16
warm agreement,TestPortMatchesGoCohere/agreement/shard-0211,0.22,1
warm agreement,TestPortMatchesGoCohere/agreement/shard-0210,0.22,5
warm agreement,TestPortMatchesGoCohere/agreement/shard-0207,0.33,1
warm agreement,TestPortMatchesGoCohere/agreement/shard-0209,0.25,14
warm agreement,TestPortMatchesGoCohere/agreement/shard-0208,0.29,1
warm agreement,TestPortMatchesGoCohere/agreement/shard-0206,0.23,2
warm agreement,TestPortMatchesGoCohere/agreement/shard-0205,0.32,1
warm agreement,TestPortMatchesGoCohere/agreement/shard-0204,0.3,1
warm agreement,TestPortMatchesGoCohere/agreement/shard-0203,0.22,9
warm agreement,TestPortMatchesGoCohere/agreement/shard-0202,0.29,3
warm agreement,TestPortMatchesGoCohere/agreement/shard-0201,0.22,3
warm agreement,TestPortMatchesGoCohere/agreement/shard-0200,0.17,1
warm agreement,TestPortMatchesGoCohere/agreement/shard-0199,0.18,4
warm agreement,TestPortMatchesGoCohere/agreement/shard-0198,0.16,16
warm agreement,TestPortMatchesGoCohere/agreement/shard-0197,0.22,16
warm agreement,TestPortMatchesGoCohere/agreement/shard-0196,0.23,16
warm agreement,TestPortMatchesGoCohere/agreement/shard-0195,0.93,1
warm agreement,TestPortMatchesGoCohere/agreement/shard-0194,0.19,8
warm agreement,TestPortMatchesGoCohere/agreement/shard-0193,0.28,5
warm agreement,TestPortMatchesGoCohere/agreement/shard-0192,0.26,16
warm agreement,TestPortMatchesGoCohere/agreement/shard-0191,1.45,1
warm agreement,TestPortMatchesGoCohere/agreement/shard-0190,0.29,1
warm agreement,TestPortMatchesGoCohere/agreement/shard-0189,0.19,2
warm agreement,TestPortMatchesGoCohere/agreement/shard-0188,0.18,2
warm agreement,TestPortMatchesGoCohere/agreement/shard-0187,0.16,1
warm agreement,TestPortMatchesGoCohere/agreement/shard-0186,0.21,2
warm agreement,TestPortMatchesGoCohere/agreement/shard-0185,0.29,8
warm agreement,TestPortMatchesGoCohere/agreement/shard-0184,0.18,16
warm agreement,TestPortMatchesGoCohere/agreement/shard-0183,0.18,16
warm agreement,TestPortMatchesGoCohere/agreement/shard-0182,0.2,16
warm agreement,TestPortMatchesGoCohere/agreement/shard-0181,0.2,16
warm agreement,TestPortMatchesGoCohere/agreement/shard-0180,0.17,16
warm agreement,TestPortMatchesGoCohere/agreement/shard-0179,0.14,16
warm agreement,TestPortMatchesGoCohere/agreement/shard-0178,0.16,16
warm agreement,TestPortMatchesGoCohere/agreement/shard-0177,0.17,16
warm agreement,TestPortMatchesGoCohere/agreement/shard-0176,0.15,16
warm agreement,TestPortMatchesGoCohere/agreement/shard-0175,0.17,16
warm agreement,TestPortMatchesGoCohere/agreement/shard-0174,0.15,16
warm agreement,TestPortMatchesGoCohere/agreement/shard-0173,0.17,16
warm agreement,TestPortMatchesGoCohere/agreement/shard-0172,0.16,16
warm agreement,TestPortMatchesGoCohere/agreement/shard-0171,0.15,16
warm agreement,TestPortMatchesGoCohere/agreement/shard-0170,0.15,16
warm agreement,TestPortMatchesGoCohere/agreement/shard-0169,0.15,16
warm agreement,TestPortMatchesGoCohere/agreement/shard-0168,0.49,1
warm agreement,TestPortMatchesGoCohere/agreement/shard-0167,0.23,1
warm agreement,TestPortMatchesGoCohere/agreement/shard-0166,0.21,1
warm agreement,TestPortMatchesGoCohere/agreement/shard-0165,0.28,10
warm agreement,TestPortMatchesGoCohere/agreement/shard-0164,13.79,1
warm agreement,TestPortMatchesGoCohere/agreement/shard-0163,0.31,2
warm agreement,TestPortMatchesGoCohere/agreement/shard-0162,0.24,2
warm agreement,TestPortMatchesGoCohere/agreement/shard-0161,0.27,1
warm agreement,TestPortMatchesGoCohere/agreement/shard-0160,0.13,2
warm agreement,TestPortMatchesGoCohere/agreement/shard-0159,0.73,1
warm agreement,TestPortMatchesGoCohere/agreement/shard-0158,0.35,1
warm agreement,TestPortMatchesGoCohere/agreement/shard-0157,0.22,8
warm agreement,TestPortMatchesGoCohere/agreement/shard-0156,0.26,7
warm agreement,TestPortMatchesGoCohere/agreement/shard-0155,0.64,1
warm agreement,TestPortMatchesGoCohere/agreement/shard-0154,0.22,12
warm agreement,TestPortMatchesGoCohere/agreement/shard-0153,0.3,12
warm agreement,TestPortMatchesGoCohere/agreement/shard-0152,0.32,6
warm agreement,TestPortMatchesGoCohere/agreement/shard-0151,0.26,8
warm agreement,TestPortMatchesGoCohere/agreement/shard-0150,0.29,6
warm agreement,TestPortMatchesGoCohere/agreement/shard-0149,0.26,6
warm agreement,TestPortMatchesGoCohere/agreement/shard-0145,0.27,5
warm agreement,TestPortMatchesGoCohere/agreement/shard-0148,0.25,6
warm agreement,TestPortMatchesGoCohere/agreement/shard-0147,0.2,3
warm agreement,TestPortMatchesGoCohere/agreement/shard-0146,0.22,1
warm agreement,TestPortMatchesGoCohere/agreement/shard-0144,0.33,1
warm agreement,TestPortMatchesGoCohere/agreement/shard-0143,0.23,3
warm agreement,TestPortMatchesGoCohere/agreement/shard-0142,0.24,1
warm agreement,TestPortMatchesGoCohere/agreement/shard-0141,0.38,1
warm agreement,TestPortMatchesGoCohere/agreement/shard-0140,0.29,7
warm agreement,TestPortMatchesGoCohere/agreement/shard-0139,0.26,4
warm agreement,TestPortMatchesGoCohere/agreement/shard-0138,0.27,2
warm agreement,TestPortMatchesGoCohere/agreement/shard-0137,0.17,16
warm agreement,TestPortMatchesGoCohere/agreement/shard-0136,0.15,16
warm agreement,TestPortMatchesGoCohere/agreement/shard-0135,0.14,16
warm agreement,TestPortMatchesGoCohere/agreement/shard-0134,0.14,16
warm agreement,TestPortMatchesGoCohere/agreement/shard-0133,0.15,16
warm agreement,TestPortMatchesGoCohere/agreement/shard-0003,0.36,6
warm benchmark,TestPortMatchesGoCohere/benchmark-0517-round-2,0.16,8
warm benchmark,TestPortMatchesGoCohere/benchmark-0509-round-0,0.18,16
warm benchmark,TestPortMatchesGoCohere/benchmark-0508-round-2,0.29,16
warm benchmark,TestPortMatchesGoCohere/benchmark-0508-round-1,0.19,16
warm benchmark,TestPortMatchesGoCohere/benchmark-0508-round-0,0.2,16
warm benchmark,TestPortMatchesGoCohere/benchmark-0507-round-2,1.56,1
warm benchmark,TestPortMatchesGoCohere/benchmark-0507-round-1,1.4,1
warm benchmark,TestPortMatchesGoCohere/benchmark-0507-round-0,1.84,1
warm benchmark,TestPortMatchesGoCohere/benchmark-0506-round-2,0.14,3
warm benchmark,TestPortMatchesGoCohere/benchmark-0506-round-1,0.13,3
warm benchmark,TestPortMatchesGoCohere/benchmark-0506-round-0,0.13,3
warm benchmark,TestPortMatchesGoCohere/benchmark-0505-round-2,0.22,1
warm benchmark,TestPortMatchesGoCohere/benchmark-0505-round-1,0.21,1
warm benchmark,TestPortMatchesGoCohere/benchmark-0505-round-0,0.24,1
warm benchmark,TestPortMatchesGoCohere/benchmark-0504-round-2,0.15,3
warm benchmark,TestPortMatchesGoCohere/benchmark-0502-round-0,0.14,3
warm benchmark,TestPortMatchesGoCohere/benchmark-0504-round-1,0.14,3
warm benchmark,TestPortMatchesGoCohere/benchmark-0504-round-0,0.16,3
warm benchmark,TestPortMatchesGoCohere/benchmark-0503-round-2,1.54,1
warm benchmark,TestPortMatchesGoCohere/benchmark-0503-round-1,1.44,1
warm benchmark,TestPortMatchesGoCohere/benchmark-0503-round-0,1.7,1
warm benchmark,TestPortMatchesGoCohere/benchmark-0502-round-2,0.14,3
warm benchmark,TestPortMatchesGoCohere/benchmark-0502-round-1,0.14,3
warm benchmark,TestPortMatchesGoCohere/benchmark-0501-round-2,0.22,1
warm benchmark,TestPortMatchesGoCohere/benchmark-0501-round-1,0.19,1
warm benchmark,TestPortMatchesGoCohere/benchmark-0501-round-0,0.17,1
warm benchmark,TestPortMatchesGoCohere/benchmark-0500-round-2,1.69,1
warm benchmark,TestPortMatchesGoCohere/benchmark-0500-round-1,1.64,1
warm benchmark,TestPortMatchesGoCohere/benchmark-0500-round-0,1.63,1
warm benchmark,TestPortMatchesGoCohere/benchmark-0499-round-2,0.17,10
warm benchmark,TestPortMatchesGoCohere/benchmark-0499-round-1,0.17,10
warm benchmark,TestPortMatchesGoCohere/benchmark-0499-round-0,0.18,10
warm benchmark,TestPortMatchesGoCohere/benchmark-0498-round-2,0.22,16
warm benchmark,TestPortMatchesGoCohere/benchmark-0498-round-1,0.21,16
warm benchmark,TestPortMatchesGoCohere/benchmark-0498-round-0,0.23,16
warm benchmark,TestPortMatchesGoCohere/benchmark-0497-round-2,0.13,16
warm benchmark,TestPortMatchesGoCohere/benchmark-0497-round-1,0.13,16
warm benchmark,TestPortMatchesGoCohere/benchmark-0497-round-0,0.13,16
warm benchmark,TestPortMatchesGoCohere/benchmark-0496-round-2,0.13,16
warm benchmark,TestPortMatchesGoCohere/benchmark-0496-round-1,0.13,16
warm benchmark,TestPortMatchesGoCohere/benchmark-0496-round-0,0.13,16
warm benchmark,TestPortMatchesGoCohere/benchmark-0495-round-2,0.13,16
warm benchmark,TestPortMatchesGoCohere/benchmark-0495-round-1,0.13,16
warm benchmark,TestPortMatchesGoCohere/benchmark-0495-round-0,0.13,16
warm benchmark,TestPortMatchesGoCohere/benchmark-0494-round-2,0.12,16
warm benchmark,TestPortMatchesGoCohere/benchmark-0494-round-1,0.12,16
warm benchmark,TestPortMatchesGoCohere/benchmark-0494-round-0,0.13,16
warm benchmark,TestPortMatchesGoCohere/benchmark-0493-round-2,0.14,16
warm benchmark,TestPortMatchesGoCohere/benchmark-0493-round-1,0.14,16
warm benchmark,TestPortMatchesGoCohere/benchmark-0493-round-0,0.13,16
warm benchmark,TestPortMatchesGoCohere/benchmark-0492-round-2,0.12,16
warm benchmark,TestPortMatchesGoCohere/benchmark-0492-round-1,0.13,16
warm benchmark,TestPortMatchesGoCohere/benchmark-0492-round-0,0.14,16
warm benchmark,TestPortMatchesGoCohere/benchmark-0491-round-2,0.13,16
warm benchmark,TestPortMatchesGoCohere/benchmark-0491-round-1,0.13,16
warm benchmark,TestPortMatchesGoCohere/benchmark-0491-round-0,0.13,16
warm benchmark,TestPortMatchesGoCohere/benchmark-0490-round-2,0.12,16
warm benchmark,TestPortMatchesGoCohere/benchmark-0490-round-1,0.13,16
warm benchmark,TestPortMatchesGoCohere/benchmark-0490-round-0,0.13,16
warm benchmark,TestPortMatchesGoCohere/benchmark-0489-round-2,0.15,16
warm benchmark,TestPortMatchesGoCohere/benchmark-0489-round-1,0.13,16
warm benchmark,TestPortMatchesGoCohere/benchmark-0489-round-0,0.14,16
warm benchmark,TestPortMatchesGoCohere/benchmark-0488-round-2,0.13,16
warm benchmark,TestPortMatchesGoCohere/benchmark-0488-round-1,0.13,16
warm benchmark,TestPortMatchesGoCohere/benchmark-0488-round-0,0.13,16
warm benchmark,TestPortMatchesGoCohere/benchmark-0487-round-2,0.13,16
warm benchmark,TestPortMatchesGoCohere/benchmark-0487-round-1,0.13,16
warm benchmark,TestPortMatchesGoCohere/benchmark-0487-round-0,0.13,16
warm benchmark,TestPortMatchesGoCohere/benchmark-0486-round-2,0.13,16
warm benchmark,TestPortMatchesGoCohere/benchmark-0486-round-1,0.13,16
warm benchmark,TestPortMatchesGoCohere/benchmark-0486-round-0,0.14,16
warm benchmark,TestPortMatchesGoCohere/benchmark-0485-round-2,0.13,16
warm benchmark,TestPortMatchesGoCohere/benchmark-0485-round-1,0.13,16
warm benchmark,TestPortMatchesGoCohere/benchmark-0485-round-0,0.13,16
warm benchmark,TestPortMatchesGoCohere/benchmark-0484-round-2,0.12,16
warm benchmark,TestPortMatchesGoCohere/benchmark-0484-round-1,0.14,16
warm benchmark,TestPortMatchesGoCohere/benchmark-0462-round-0,0.12,1
warm benchmark,TestPortMatchesGoCohere/benchmark-0484-round-0,0.13,16
warm benchmark,TestPortMatchesGoCohere/benchmark-0483-round-2,0.13,16
warm benchmark,TestPortMatchesGoCohere/benchmark-0483-round-1,0.12,16
warm benchmark,TestPortMatchesGoCohere/benchmark-0483-round-0,0.13,16
warm benchmark,TestPortMatchesGoCohere/benchmark-0482-round-2,0.13,16
warm benchmark,TestPortMatchesGoCohere/benchmark-0482-round-1,0.12,16
warm benchmark,TestPortMatchesGoCohere/benchmark-0482-round-0,0.13,16
warm benchmark,TestPortMatchesGoCohere/benchmark-0481-round-2,0.15,4
warm benchmark,TestPortMatchesGoCohere/benchmark-0481-round-1,0.16,4
warm benchmark,TestPortMatchesGoCohere/benchmark-0481-round-0,0.16,4
warm benchmark,TestPortMatchesGoCohere/benchmark-0480-round-2,0.14,16
warm benchmark,TestPortMatchesGoCohere/benchmark-0480-round-1,0.14,16
warm benchmark,TestPortMatchesGoCohere/benchmark-0480-round-0,0.14,16
warm benchmark,TestPortMatchesGoCohere/benchmark-0479-round-2,0.14,16
warm benchmark,TestPortMatchesGoCohere/benchmark-0479-round-1,0.14,16
warm benchmark,TestPortMatchesGoCohere/benchmark-0479-round-0,0.14,16
warm benchmark,TestPortMatchesGoCohere/benchmark-0478-round-2,0.14,16
warm benchmark,TestPortMatchesGoCohere/benchmark-0478-round-1,0.15,16
warm benchmark,TestPortMatchesGoCohere/benchmark-0478-round-0,0.16,16
warm benchmark,TestPortMatchesGoCohere/benchmark-0477-round-2,0.71,1
warm benchmark,TestPortMatchesGoCohere/benchmark-0477-round-1,0.84,1
warm benchmark,TestPortMatchesGoCohere/benchmark-0477-round-0,0.64,1
warm benchmark,TestPortMatchesGoCohere/benchmark-0476-round-2,0.14,1
warm benchmark,TestPortMatchesGoCohere/benchmark-0476-round-1,0.18,1
warm benchmark,TestPortMatchesGoCohere/benchmark-0476-round-0,0.16,1
warm benchmark,TestPortMatchesGoCohere/benchmark-0475-round-2,0.36,1
warm benchmark,TestPortMatchesGoCohere/benchmark-0475-round-1,0.31,1
warm benchmark,TestPortMatchesGoCohere/benchmark-0432-round-1,4.58,1
warm benchmark,TestPortMatchesGoCohere/benchmark-0475-round-0,0.47,1
warm benchmark,TestPortMatchesGoCohere/benchmark-0474-round-2,0.14,2
warm benchmark,TestPortMatchesGoCohere/benchmark-0474-round-1,0.14,2
warm benchmark,TestPortMatchesGoCohere/benchmark-0474-round-0,0.13,2
warm benchmark,TestPortMatchesGoCohere/benchmark-0473-round-2,0.31,1
warm benchmark,TestPortMatchesGoCohere/benchmark-0473-round-1,0.32,1
warm benchmark,TestPortMatchesGoCohere/benchmark-0473-round-0,0.3,1
warm benchmark,TestPortMatchesGoCohere/benchmark-0472-round-2,1.19,1
warm benchmark,TestPortMatchesGoCohere/benchmark-0472-round-1,1.19,1
warm benchmark,TestPortMatchesGoCohere/benchmark-0472-round-0,1.16,1
warm benchmark,TestPortMatchesGoCohere/benchmark-0471-round-2,0.14,1
warm benchmark,TestPortMatchesGoCohere/benchmark-0471-round-1,0.13,1
warm benchmark,TestPortMatchesGoCohere/benchmark-0471-round-0,0.14,1
warm benchmark,TestPortMatchesGoCohere/benchmark-0470-round-2,1.15,1
warm benchmark,TestPortMatchesGoCohere/benchmark-0470-round-1,1.12,1
warm benchmark,TestPortMatchesGoCohere/benchmark-0470-round-0,1.16,1
warm benchmark,TestPortMatchesGoCohere/benchmark-0469-round-2,0.14,2
warm benchmark,TestPortMatchesGoCohere/benchmark-0469-round-1,0.13,2
warm benchmark,TestPortMatchesGoCohere/benchmark-0469-round-0,0.14,2
warm benchmark,TestPortMatchesGoCohere/benchmark-0468-round-2,1.22,1
warm benchmark,TestPortMatchesGoCohere/benchmark-0468-round-1,1.22,1
warm benchmark,TestPortMatchesGoCohere/benchmark-0468-round-0,1.16,1
warm benchmark,TestPortMatchesGoCohere/benchmark-0467-round-2,0.14,1
warm benchmark,TestPortMatchesGoCohere/benchmark-0467-round-1,0.12,1
warm benchmark,TestPortMatchesGoCohere/benchmark-0467-round-0,0.14,1
warm benchmark,TestPortMatchesGoCohere/benchmark-0466-round-2,0.16,1
warm benchmark,TestPortMatchesGoCohere/benchmark-0466-round-1,0.17,1
warm benchmark,TestPortMatchesGoCohere/benchmark-0466-round-0,0.16,1
warm benchmark,TestPortMatchesGoCohere/benchmark-0465-round-2,0.13,1
warm benchmark,TestPortMatchesGoCohere/benchmark-0465-round-1,0.13,1
warm benchmark,TestPortMatchesGoCohere/benchmark-0465-round-0,0.13,1
warm benchmark,TestPortMatchesGoCohere/benchmark-0464-round-2,0.59,1
warm benchmark,TestPortMatchesGoCohere/benchmark-0461-round-2,0.28,1
warm benchmark,TestPortMatchesGoCohere/benchmark-0464-round-1,0.59,1
warm benchmark,TestPortMatchesGoCohere/benchmark-0464-round-0,0.61,1
warm benchmark,TestPortMatchesGoCohere/benchmark-0463-round-2,0.32,1
warm benchmark,TestPortMatchesGoCohere/benchmark-0463-round-1,0.3,1
warm benchmark,TestPortMatchesGoCohere/benchmark-0463-round-0,0.32,1
warm benchmark,TestPortMatchesGoCohere/benchmark-0462-round-2,0.13,1
warm benchmark,TestPortMatchesGoCohere/benchmark-0462-round-1,0.13,1
warm benchmark,TestPortMatchesGoCohere/benchmark-0000-round-0,0.16,2
warm benchmark,TestPortMatchesGoCohere/benchmark-0045-round-0,0.17,16
warm benchmark,TestPortMatchesGoCohere/benchmark-0044-round-2,0.16,16
warm benchmark,TestPortMatchesGoCohere/benchmark-0044-round-1,0.17,16
warm benchmark,TestPortMatchesGoCohere/benchmark-0044-round-0,0.13,16
warm benchmark,TestPortMatchesGoCohere/benchmark-0043-round-2,0.15,2
warm benchmark,TestPortMatchesGoCohere/benchmark-0043-round-1,0.12,2
warm benchmark,TestPortMatchesGoCohere/benchmark-0461-round-1,0.31,1
warm benchmark,TestPortMatchesGoCohere/benchmark-0461-round-0,0.36,1
warm benchmark,TestPortMatchesGoCohere/benchmark-0043-round-0,0.15,2
warm benchmark,TestPortMatchesGoCohere/benchmark-0460-round-2,0.8,1
warm benchmark,TestPortMatchesGoCohere/benchmark-0042-round-2,0.15,15
warm benchmark,TestPortMatchesGoCohere/benchmark-0460-round-1,0.71,1
warm benchmark,TestPortMatchesGoCohere/benchmark-0042-round-1,0.12,15
warm benchmark,TestPortMatchesGoCohere/benchmark-0460-round-0,0.6,1
warm benchmark,TestPortMatchesGoCohere/benchmark-0459-round-2,0.28,1
warm benchmark,TestPortMatchesGoCohere/benchmark-0042-round-0,0.13,15
warm benchmark,TestPortMatchesGoCohere/benchmark-0459-round-1,0.28,1
warm benchmark,TestPortMatchesGoCohere/benchmark-0041-round-2,0.29,1
warm benchmark,TestPortMatchesGoCohere/benchmark-0459-round-0,0.31,1
warm benchmark,TestPortMatchesGoCohere/benchmark-0458-round-2,0.14,3
warm benchmark,TestPortMatchesGoCohere/benchmark-0041-round-1,0.27,1
warm benchmark,TestPortMatchesGoCohere/benchmark-0458-round-1,0.14,3
warm benchmark,TestPortMatchesGoCohere/benchmark-0458-round-0,0.13,3
warm benchmark,TestPortMatchesGoCohere/benchmark-0041-round-0,0.26,1
warm benchmark,TestPortMatchesGoCohere/benchmark-0457-round-2,0.28,1
warm benchmark,TestPortMatchesGoCohere/benchmark-0040-round-2,0.24,1
warm benchmark,TestPortMatchesGoCohere/benchmark-0457-round-1,0.29,1
warm benchmark,TestPortMatchesGoCohere/benchmark-0457-round-0,0.29,1
warm benchmark,TestPortMatchesGoCohere/benchmark-0040-round-1,0.25,1
warm benchmark,TestPortMatchesGoCohere/benchmark-0456-round-2,0.12,1
warm benchmark,TestPortMatchesGoCohere/benchmark-0040-round-0,0.23,1
warm benchmark,TestPortMatchesGoCohere/benchmark-0456-round-1,0.12,1
warm benchmark,TestPortMatchesGoCohere/benchmark-0039-round-2,0.28,1
warm benchmark,TestPortMatchesGoCohere/benchmark-0456-round-0,0.14,1
warm benchmark,TestPortMatchesGoCohere/benchmark-0039-round-1,0.28,1
warm benchmark,TestPortMatchesGoCohere/benchmark-0455-round-2,0.61,1
warm benchmark,TestPortMatchesGoCohere/benchmark-0039-round-0,0.32,1
warm benchmark,TestPortMatchesGoCohere/benchmark-0455-round-1,0.88,1
warm benchmark,TestPortMatchesGoCohere/benchmark-0038-round-2,0.23,1
warm benchmark,TestPortMatchesGoCohere/benchmark-0455-round-0,0.84,1
warm benchmark,TestPortMatchesGoCohere/benchmark-0038-round-1,0.26,1
warm benchmark,TestPortMatchesGoCohere/benchmark-0454-round-2,0.31,1
warm benchmark,TestPortMatchesGoCohere/benchmark-0038-round-0,0.26,1
warm benchmark,TestPortMatchesGoCohere/benchmark-0454-round-1,0.34,1
warm benchmark,TestPortMatchesGoCohere/benchmark-0454-round-0,0.44,1
warm benchmark,TestPortMatchesGoCohere/benchmark-0037-round-2,0.32,1
warm benchmark,TestPortMatchesGoCohere/benchmark-0453-round-2,0.31,2
warm benchmark,TestPortMatchesGoCohere/benchmark-0453-round-1,0.16,2
warm benchmark,TestPortMatchesGoCohere/benchmark-0037-round-1,0.15,1
warm benchmark,TestPortMatchesGoCohere/benchmark-0453-round-0,0.17,2
warm benchmark,TestPortMatchesGoCohere/benchmark-0037-round-0,0.13,1
warm benchmark,TestPortMatchesGoCohere/benchmark-0452-round-2,0.34,1
warm benchmark,TestPortMatchesGoCohere/benchmark-0452-round-1,0.34,1
warm benchmark,TestPortMatchesGoCohere/benchmark-0036-round-2,0.41,1
warm benchmark,TestPortMatchesGoCohere/benchmark-0452-round-0,0.26,1
warm benchmark,TestPortMatchesGoCohere/benchmark-0036-round-1,0.29,1
warm benchmark,TestPortMatchesGoCohere/benchmark-0451-round-2,0.5,1
warm benchmark,TestPortMatchesGoCohere/benchmark-0036-round-0,0.29,1
warm benchmark,TestPortMatchesGoCohere/benchmark-0451-round-1,0.58,1
warm benchmark,TestPortMatchesGoCohere/benchmark-0451-round-0,0.61,1
warm benchmark,TestPortMatchesGoCohere/benchmark-0035-round-2,0.38,1
warm benchmark,TestPortMatchesGoCohere/benchmark-0450-round-2,0.49,1
warm benchmark,TestPortMatchesGoCohere/benchmark-0035-round-1,0.43,1
warm benchmark,TestPortMatchesGoCohere/benchmark-0450-round-1,0.67,1
warm benchmark,TestPortMatchesGoCohere/benchmark-0035-round-0,0.7,1
warm benchmark,TestPortMatchesGoCohere/benchmark-0450-round-0,0.48,1
warm benchmark,TestPortMatchesGoCohere/benchmark-0034-round-2,0.72,1
warm benchmark,TestPortMatchesGoCohere/benchmark-0449-round-2,0.15,1
warm benchmark,TestPortMatchesGoCohere/benchmark-0034-round-1,0.55,1
warm benchmark,TestPortMatchesGoCohere/benchmark-0449-round-1,0.2,1
warm benchmark,TestPortMatchesGoCohere/benchmark-0034-round-0,0.53,1
warm benchmark,TestPortMatchesGoCohere/benchmark-0449-round-0,0.17,1
warm benchmark,TestPortMatchesGoCohere/benchmark-0448-round-2,0.28,1
warm benchmark,TestPortMatchesGoCohere/benchmark-0033-round-2,0.48,1
warm benchmark,TestPortMatchesGoCohere/benchmark-0448-round-1,0.26,1
warm benchmark,TestPortMatchesGoCohere/benchmark-0033-round-1,0.46,1
warm benchmark,TestPortMatchesGoCohere/benchmark-0448-round-0,0.28,1
warm benchmark,TestPortMatchesGoCohere/benchmark-0033-round-0,0.48,1
warm benchmark,TestPortMatchesGoCohere/benchmark-0447-round-2,0.58,1
warm benchmark,TestPortMatchesGoCohere/benchmark-0447-round-1,0.6,1
warm benchmark,TestPortMatchesGoCohere/benchmark-0032-round-2,0.44,1
warm benchmark,TestPortMatchesGoCohere/benchmark-0447-round-0,0.61,1
warm benchmark,TestPortMatchesGoCohere/benchmark-0032-round-1,0.42,1
warm benchmark,TestPortMatchesGoCohere/benchmark-0446-round-2,0.27,1
warm benchmark,TestPortMatchesGoCohere/benchmark-0446-round-1,0.26,1
warm benchmark,TestPortMatchesGoCohere/benchmark-0032-round-0,0.42,1
warm benchmark,TestPortMatchesGoCohere/benchmark-0446-round-0,0.32,1
warm benchmark,TestPortMatchesGoCohere/benchmark-0031-round-2,0.48,1
warm benchmark,TestPortMatchesGoCohere/benchmark-0445-round-2,0.29,1
warm benchmark,TestPortMatchesGoCohere/benchmark-0031-round-1,0.45,1
warm benchmark,TestPortMatchesGoCohere/benchmark-0445-round-1,0.26,1
warm benchmark,TestPortMatchesGoCohere/benchmark-0031-round-0,0.45,1
warm benchmark,TestPortMatchesGoCohere/benchmark-0445-round-0,0.26,1
warm benchmark,TestPortMatchesGoCohere/benchmark-0030-round-2,0.35,1
warm benchmark,TestPortMatchesGoCohere/benchmark-0444-round-2,0.49,1
warm benchmark,TestPortMatchesGoCohere/benchmark-0030-round-1,0.36,1
warm benchmark,TestPortMatchesGoCohere/benchmark-0444-round-1,0.52,1
warm benchmark,TestPortMatchesGoCohere/benchmark-0030-round-0,0.36,1
warm benchmark,TestPortMatchesGoCohere/benchmark-0444-round-0,0.48,1
warm benchmark,TestPortMatchesGoCohere/benchmark-0029-round-2,0.37,1
warm benchmark,TestPortMatchesGoCohere/benchmark-0418-round-2,0.2,10
warm benchmark,TestPortMatchesGoCohere/benchmark-0029-round-1,0.42,1
warm benchmark,TestPortMatchesGoCohere/benchmark-0443-round-2,0.33,1
warm benchmark,TestPortMatchesGoCohere/benchmark-0029-round-0,0.43,1
warm benchmark,TestPortMatchesGoCohere/benchmark-0443-round-1,0.56,1
warm benchmark,TestPortMatchesGoCohere/benchmark-0443-round-0,1.04,1
warm benchmark,TestPortMatchesGoCohere/benchmark-0028-round-2,0.86,1
warm benchmark,TestPortMatchesGoCohere/benchmark-0442-round-2,0.32,1
warm benchmark,TestPortMatchesGoCohere/benchmark-0028-round-1,0.4,1
warm benchmark,TestPortMatchesGoCohere/benchmark-0442-round-1,0.27,1
warm benchmark,TestPortMatchesGoCohere/benchmark-0442-round-0,0.25,1
warm benchmark,TestPortMatchesGoCohere/benchmark-0418-round-1,0.19,10
warm benchmark,TestPortMatchesGoCohere/benchmark-0441-round-2,0.19,1
warm benchmark,TestPortMatchesGoCohere/benchmark-0028-round-0,0.37,1
warm benchmark,TestPortMatchesGoCohere/benchmark-0441-round-1,0.19,1
warm benchmark,TestPortMatchesGoCohere/benchmark-0441-round-0,0.19,1
warm benchmark,TestPortMatchesGoCohere/benchmark-0027-round-2,0.47,1
warm benchmark,TestPortMatchesGoCohere/benchmark-0440-round-2,0.18,2
warm benchmark,TestPortMatchesGoCohere/benchmark-0027-round-1,0.49,1
warm benchmark,TestPortMatchesGoCohere/benchmark-0440-round-1,0.17,2
warm benchmark,TestPortMatchesGoCohere/benchmark-0027-round-0,0.5,1
warm benchmark,TestPortMatchesGoCohere/benchmark-0440-round-0,0.2,2
warm benchmark,TestPortMatchesGoCohere/benchmark-0439-round-2,0.19,7
warm benchmark,TestPortMatchesGoCohere/benchmark-0026-round-2,0.41,1
warm benchmark,TestPortMatchesGoCohere/benchmark-0439-round-1,0.18,7
warm benchmark,TestPortMatchesGoCohere/benchmark-0026-round-1,0.47,1
warm benchmark,TestPortMatchesGoCohere/benchmark-0439-round-0,0.22,7
warm benchmark,TestPortMatchesGoCohere/benchmark-0026-round-0,0.5,1
warm benchmark,TestPortMatchesGoCohere/benchmark-0438-round-2,0.29,1
warm benchmark,TestPortMatchesGoCohere/benchmark-0025-round-2,0.41,1
warm benchmark,TestPortMatchesGoCohere/benchmark-0438-round-1,0.26,1
warm benchmark,TestPortMatchesGoCohere/benchmark-0025-round-1,0.43,1
warm benchmark,TestPortMatchesGoCohere/benchmark-0438-round-0,0.24,1
warm benchmark,TestPortMatchesGoCohere/benchmark-0025-round-0,0.38,1
warm benchmark,TestPortMatchesGoCohere/benchmark-0437-round-2,0.18,3
warm benchmark,TestPortMatchesGoCohere/benchmark-0024-round-2,0.45,1
warm benchmark,TestPortMatchesGoCohere/benchmark-0437-round-1,0.19,3
warm benchmark,TestPortMatchesGoCohere/benchmark-0437-round-0,0.17,3
warm benchmark,TestPortMatchesGoCohere/benchmark-0024-round-1,0.51,1
warm benchmark,TestPortMatchesGoCohere/benchmark-0436-round-2,0.26,1
warm benchmark,TestPortMatchesGoCohere/benchmark-0024-round-0,0.46,1
warm benchmark,TestPortMatchesGoCohere/benchmark-0436-round-1,0.28,1
warm benchmark,TestPortMatchesGoCohere/benchmark-0023-round-2,0.31,1
warm benchmark,TestPortMatchesGoCohere/benchmark-0436-round-0,0.26,1
warm benchmark,TestPortMatchesGoCohere/benchmark-0023-round-1,0.36,1
warm benchmark,TestPortMatchesGoCohere/benchmark-0435-round-2,0.2,11
warm benchmark,TestPortMatchesGoCohere/benchmark-0435-round-1,0.16,11
warm benchmark,TestPortMatchesGoCohere/benchmark-0023-round-0,0.27,1
warm benchmark,TestPortMatchesGoCohere/benchmark-0435-round-0,0.14,11
warm benchmark,TestPortMatchesGoCohere/benchmark-0022-round-2,0.21,1
warm benchmark,TestPortMatchesGoCohere/benchmark-0434-round-2,0.92,1
warm benchmark,TestPortMatchesGoCohere/benchmark-0434-round-1,1.06,1
warm benchmark,TestPortMatchesGoCohere/benchmark-0022-round-1,0.22,1
warm benchmark,TestPortMatchesGoCohere/benchmark-0434-round-0,0.92,1
warm benchmark,TestPortMatchesGoCohere/benchmark-0022-round-0,0.21,1
warm benchmark,TestPortMatchesGoCohere/benchmark-0433-round-2,0.16,2
warm benchmark,TestPortMatchesGoCohere/benchmark-0433-round-1,0.17,2
warm benchmark,TestPortMatchesGoCohere/benchmark-0021-round-2,0.16,4
warm benchmark,TestPortMatchesGoCohere/benchmark-0433-round-0,0.17,2
warm benchmark,TestPortMatchesGoCohere/benchmark-0432-round-2,5.39,1
warm benchmark,TestPortMatchesGoCohere/benchmark-0021-round-1,0.18,4
warm benchmark,TestPortMatchesGoCohere/benchmark-0389-round-1,0.21,1
warm benchmark,TestPortMatchesGoCohere/benchmark-0021-round-0,0.18,4
warm benchmark,TestPortMatchesGoCohere/benchmark-0432-round-0,4,1
warm benchmark,TestPortMatchesGoCohere/benchmark-0020-round-2,0.21,1
warm benchmark,TestPortMatchesGoCohere/benchmark-0431-round-2,0.18,3
warm benchmark,TestPortMatchesGoCohere/benchmark-0431-round-1,0.16,3
warm benchmark,TestPortMatchesGoCohere/benchmark-0020-round-1,0.2,1
warm benchmark,TestPortMatchesGoCohere/benchmark-0431-round-0,0.17,3
warm benchmark,TestPortMatchesGoCohere/benchmark-0020-round-0,0.19,1
warm benchmark,TestPortMatchesGoCohere/benchmark-0430-round-2,0.24,1
warm benchmark,TestPortMatchesGoCohere/benchmark-0019-round-2,0.15,9
warm benchmark,TestPortMatchesGoCohere/benchmark-0430-round-1,0.23,1
warm benchmark,TestPortMatchesGoCohere/benchmark-0019-round-1,0.14,9
warm benchmark,TestPortMatchesGoCohere/benchmark-0430-round-0,0.23,1
warm benchmark,TestPortMatchesGoCohere/benchmark-0019-round-0,0.13,9
warm benchmark,TestPortMatchesGoCohere/benchmark-0429-round-2,0.16,10
warm benchmark,TestPortMatchesGoCohere/benchmark-0018-round-2,0.17,7
warm benchmark,TestPortMatchesGoCohere/benchmark-0429-round-1,0.16,10
warm benchmark,TestPortMatchesGoCohere/benchmark-0429-round-0,0.17,10
warm benchmark,TestPortMatchesGoCohere/benchmark-0018-round-1,0.16,7
warm benchmark,TestPortMatchesGoCohere/benchmark-0428-round-2,0.16,16
warm benchmark,TestPortMatchesGoCohere/benchmark-0018-round-0,0.18,7
warm benchmark,TestPortMatchesGoCohere/benchmark-0428-round-1,0.16,16
warm benchmark,TestPortMatchesGoCohere/benchmark-0017-round-2,0.17,3
warm benchmark,TestPortMatchesGoCohere/benchmark-0428-round-0,0.16,16
warm benchmark,TestPortMatchesGoCohere/benchmark-0427-round-1,0.13,16
warm benchmark,TestPortMatchesGoCohere/benchmark-0017-round-1,0.17,3
warm benchmark,TestPortMatchesGoCohere/benchmark-0427-round-0,0.13,16
warm benchmark,TestPortMatchesGoCohere/benchmark-0427-round-2,0.13,16
warm benchmark,TestPortMatchesGoCohere/benchmark-0426-round-2,0.16,16
warm benchmark,TestPortMatchesGoCohere/benchmark-0017-round-0,0.17,3
warm benchmark,TestPortMatchesGoCohere/benchmark-0426-round-1,0.16,16
warm benchmark,TestPortMatchesGoCohere/benchmark-0016-round-2,0.2,1
warm benchmark,TestPortMatchesGoCohere/benchmark-0426-round-0,0.19,16
warm benchmark,TestPortMatchesGoCohere/benchmark-0425-round-2,0.94,1
warm benchmark,TestPortMatchesGoCohere/benchmark-0016-round-1,0.19,1
warm benchmark,TestPortMatchesGoCohere/benchmark-0425-round-1,0.83,1
warm benchmark,TestPortMatchesGoCohere/benchmark-0425-round-0,0.84,1
warm benchmark,TestPortMatchesGoCohere/benchmark-0016-round-0,0.17,1
warm benchmark,TestPortMatchesGoCohere/benchmark-0424-round-2,0.12,3
warm benchmark,TestPortMatchesGoCohere/benchmark-0424-round-1,0.12,3
warm benchmark,TestPortMatchesGoCohere/benchmark-0015-round-2,0.15,9
warm benchmark,TestPortMatchesGoCohere/benchmark-0424-round-0,0.14,3
warm benchmark,TestPortMatchesGoCohere/benchmark-0015-round-1,0.12,9
warm benchmark,TestPortMatchesGoCohere/benchmark-0418-round-0,0.19,10
warm benchmark,TestPortMatchesGoCohere/benchmark-0015-round-0,0.14,9
warm benchmark,TestPortMatchesGoCohere/benchmark-0423-round-2,0.3,1
warm benchmark,TestPortMatchesGoCohere/benchmark-0014-round-2,0.17,16
warm benchmark,TestPortMatchesGoCohere/benchmark-0423-round-1,0.32,1
warm benchmark,TestPortMatchesGoCohere/benchmark-0014-round-1,0.17,16
warm benchmark,TestPortMatchesGoCohere/benchmark-0423-round-0,0.31,1
warm benchmark,TestPortMatchesGoCohere/benchmark-0422-round-2,0.14,1
warm benchmark,TestPortMatchesGoCohere/benchmark-0014-round-0,0.18,16
warm benchmark,TestPortMatchesGoCohere/benchmark-0422-round-1,0.16,1
warm benchmark,TestPortMatchesGoCohere/benchmark-0422-round-0,0.16,1
warm benchmark,TestPortMatchesGoCohere/benchmark-0013-round-2,0.16,16
warm benchmark,TestPortMatchesGoCohere/benchmark-0421-round-2,0.21,1
warm benchmark,TestPortMatchesGoCohere/benchmark-0421-round-1,0.22,1
warm benchmark,TestPortMatchesGoCohere/benchmark-0013-round-1,0.16,16
warm benchmark,TestPortMatchesGoCohere/benchmark-0421-round-0,0.21,1
warm benchmark,TestPortMatchesGoCohere/benchmark-0013-round-0,0.21,16
warm benchmark,TestPortMatchesGoCohere/benchmark-0420-round-2,0.15,1
warm benchmark,TestPortMatchesGoCohere/benchmark-0420-round-1,0.14,1
warm benchmark,TestPortMatchesGoCohere/benchmark-0012-round-2,0.17,16
warm benchmark,TestPortMatchesGoCohere/benchmark-0420-round-0,0.14,1
warm benchmark,TestPortMatchesGoCohere/benchmark-0012-round-1,0.17,16
warm benchmark,TestPortMatchesGoCohere/benchmark-0419-round-2,0.26,16
warm benchmark,TestPortMatchesGoCohere/benchmark-0012-round-0,0.23,16
warm benchmark,TestPortMatchesGoCohere/benchmark-0419-round-1,0.18,16
warm benchmark,TestPortMatchesGoCohere/benchmark-0011-round-2,0.4,1
warm benchmark,TestPortMatchesGoCohere/benchmark-0419-round-0,0.18,16
warm benchmark,TestPortMatchesGoCohere/benchmark-0011-round-1,0.4,1
warm benchmark,TestPortMatchesGoCohere/benchmark-0011-round-0,0.36,1
warm benchmark,TestPortMatchesGoCohere/benchmark-0010-round-2,0.13,2
warm benchmark,TestPortMatchesGoCohere/benchmark-0010-round-1,0.2,2
warm benchmark,TestPortMatchesGoCohere/benchmark-0010-round-0,0.14,2
warm benchmark,TestPortMatchesGoCohere/benchmark-0009-round-2,0.19,16
warm benchmark,TestPortMatchesGoCohere/benchmark-0009-round-1,0.18,16
warm benchmark,TestPortMatchesGoCohere/benchmark-0009-round-0,0.19,16
warm benchmark,TestPortMatchesGoCohere/benchmark-0008-round-2,0.2,7
warm benchmark,TestPortMatchesGoCohere/benchmark-0417-round-2,0.29,1
warm benchmark,TestPortMatchesGoCohere/benchmark-0008-round-1,0.19,7
warm benchmark,TestPortMatchesGoCohere/benchmark-0417-round-1,0.29,1
warm benchmark,TestPortMatchesGoCohere/benchmark-0417-round-0,0.29,1
warm benchmark,TestPortMatchesGoCohere/benchmark-0375-round-0,0.14,7
warm benchmark,TestPortMatchesGoCohere/benchmark-0416-round-2,0.14,7
warm benchmark,TestPortMatchesGoCohere/benchmark-0008-round-0,0.19,7
warm benchmark,TestPortMatchesGoCohere/benchmark-0416-round-1,0.13,7
warm benchmark,TestPortMatchesGoCohere/benchmark-0007-round-2,0.21,1
warm benchmark,TestPortMatchesGoCohere/benchmark-0416-round-0,0.15,7
warm benchmark,TestPortMatchesGoCohere/benchmark-0415-round-2,0.12,16
warm benchmark,TestPortMatchesGoCohere/benchmark-0007-round-1,0.22,1
warm benchmark,TestPortMatchesGoCohere/benchmark-0415-round-1,0.14,16
warm benchmark,TestPortMatchesGoCohere/benchmark-0007-round-0,0.2,1
warm benchmark,TestPortMatchesGoCohere/benchmark-0415-round-0,0.13,16
warm benchmark,TestPortMatchesGoCohere/benchmark-0006-round-2,0.14,1
warm benchmark,TestPortMatchesGoCohere/benchmark-0414-round-2,1.36,1
warm benchmark,TestPortMatchesGoCohere/benchmark-0006-round-1,0.13,1
warm benchmark,TestPortMatchesGoCohere/benchmark-0414-round-1,1.42,1
warm benchmark,TestPortMatchesGoCohere/benchmark-0414-round-0,1.33,1
warm benchmark,TestPortMatchesGoCohere/benchmark-0006-round-0,0.13,1
warm benchmark,TestPortMatchesGoCohere/benchmark-0413-round-2,0.14,1
warm benchmark,TestPortMatchesGoCohere/benchmark-0413-round-1,0.14,1
warm benchmark,TestPortMatchesGoCohere/benchmark-0005-round-2,0.16,16
warm benchmark,TestPortMatchesGoCohere/benchmark-0413-round-0,0.13,1
warm benchmark,TestPortMatchesGoCohere/benchmark-0412-round-2,2.58,1
warm benchmark,TestPortMatchesGoCohere/benchmark-0005-round-1,0.17,16
warm benchmark,TestPortMatchesGoCohere/benchmark-0412-round-1,2.39,1
warm benchmark,TestPortMatchesGoCohere/benchmark-0005-round-0,0.17,16
warm benchmark,TestPortMatchesGoCohere/benchmark-0412-round-0,2.54,1
warm benchmark,TestPortMatchesGoCohere/benchmark-0004-round-2,0.17,16
warm benchmark,TestPortMatchesGoCohere/benchmark-0411-round-2,0.16,10
warm benchmark,TestPortMatchesGoCohere/benchmark-0411-round-1,0.15,10
warm benchmark,TestPortMatchesGoCohere/benchmark-0004-round-1,0.17,16
warm benchmark,TestPortMatchesGoCohere/benchmark-0411-round-0,0.15,10
warm benchmark,TestPortMatchesGoCohere/benchmark-0004-round-0,0.19,16
warm benchmark,TestPortMatchesGoCohere/benchmark-0410-round-2,0.17,1
warm benchmark,TestPortMatchesGoCohere/benchmark-0003-round-2,0.2,6
warm benchmark,TestPortMatchesGoCohere/benchmark-0410-round-1,0.17,1
warm benchmark,TestPortMatchesGoCohere/benchmark-0003-round-1,0.2,6
warm benchmark,TestPortMatchesGoCohere/benchmark-0410-round-0,0.17,1
warm benchmark,TestPortMatchesGoCohere/benchmark-0003-round-0,0.2,6
warm benchmark,TestPortMatchesGoCohere/benchmark-0409-round-2,0.14,16
warm benchmark,TestPortMatchesGoCohere/benchmark-0002-round-2,0.19,7
warm benchmark,TestPortMatchesGoCohere/benchmark-0409-round-1,0.14,16
warm benchmark,TestPortMatchesGoCohere/benchmark-0409-round-0,0.14,16
warm benchmark,TestPortMatchesGoCohere/benchmark-0002-round-0,0.2,7
warm benchmark,TestPortMatchesGoCohere/benchmark-0408-round-2,0.16,1
warm benchmark,TestPortMatchesGoCohere/benchmark-0001-round-2,0.21,1
warm benchmark,TestPortMatchesGoCohere/benchmark-0408-round-1,0.2,1
warm benchmark,TestPortMatchesGoCohere/benchmark-0001-round-1,0.21,1
warm benchmark,TestPortMatchesGoCohere/benchmark-0408-round-0,0.16,1
warm benchmark,TestPortMatchesGoCohere/benchmark-0001-round-0,0.21,1
warm benchmark,TestPortMatchesGoCohere/benchmark-0407-round-2,0.18,2
warm benchmark,TestPortMatchesGoCohere/benchmark-0000-round-2,0.12,2
warm benchmark,TestPortMatchesGoCohere/benchmark-0407-round-1,0.19,2
warm benchmark,TestPortMatchesGoCohere/benchmark-0000-round-1,0.13,2
warm benchmark,TestPortMatchesGoCohere/benchmark-0407-round-0,0.18,2
warm benchmark,TestPortMatchesGoCohere/benchmark-0406-round-2,0.17,1
warm benchmark,TestPortMatchesGoCohere/benchmark-0406-round-1,0.17,1
warm benchmark,TestPortMatchesGoCohere/benchmark-0406-round-0,0.17,1
warm benchmark,TestPortMatchesGoCohere/benchmark-0405-round-2,0.17,1
warm benchmark,TestPortMatchesGoCohere/benchmark-0405-round-1,0.18,1
warm benchmark,TestPortMatchesGoCohere/benchmark-0374-round-2,0.16,1
warm benchmark,TestPortMatchesGoCohere/benchmark-0405-round-0,0.17,1
warm benchmark,TestPortMatchesGoCohere/benchmark-0374-round-1,0.15,1
warm benchmark,TestPortMatchesGoCohere/benchmark-0404-round-2,0.18,1
warm benchmark,TestPortMatchesGoCohere/benchmark-0374-round-0,0.15,1
warm benchmark,TestPortMatchesGoCohere/benchmark-0404-round-1,0.2,1
warm benchmark,TestPortMatchesGoCohere/benchmark-0404-round-0,0.21,1
warm benchmark,TestPortMatchesGoCohere/benchmark-0373-round-2,0.59,1
warm benchmark,TestPortMatchesGoCohere/benchmark-0403-round-2,0.18,1
warm benchmark,TestPortMatchesGoCohere/benchmark-0373-round-1,0.52,1
warm benchmark,TestPortMatchesGoCohere/benchmark-0403-round-1,0.17,1
warm benchmark,TestPortMatchesGoCohere/benchmark-0373-round-0,0.51,1
warm benchmark,TestPortMatchesGoCohere/benchmark-0403-round-0,0.17,1
warm benchmark,TestPortMatchesGoCohere/benchmark-0372-round-2,0.13,1
warm benchmark,TestPortMatchesGoCohere/benchmark-0372-round-1,0.13,1
warm benchmark,TestPortMatchesGoCohere/benchmark-0372-round-0,0.14,1
warm benchmark,TestPortMatchesGoCohere/benchmark-0332-round-0,0.96,1
warm benchmark,TestPortMatchesGoCohere/benchmark-0371-round-2,0.51,1
warm benchmark,TestPortMatchesGoCohere/benchmark-0402-round-2,0.17,1
warm benchmark,TestPortMatchesGoCohere/benchmark-0371-round-1,0.52,1
warm benchmark,TestPortMatchesGoCohere/benchmark-0402-round-1,0.18,1
warm benchmark,TestPortMatchesGoCohere/benchmark-0371-round-0,0.51,1
warm benchmark,TestPortMatchesGoCohere/benchmark-0402-round-0,0.19,1
warm benchmark,TestPortMatchesGoCohere/benchmark-0370-round-2,0.17,10
warm benchmark,TestPortMatchesGoCohere/benchmark-0401-round-2,0.18,1
warm benchmark,TestPortMatchesGoCohere/benchmark-0370-round-1,0.18,10
warm benchmark,TestPortMatchesGoCohere/benchmark-0401-round-1,0.18,1
warm benchmark,TestPortMatchesGoCohere/benchmark-0370-round-0,0.17,10
warm benchmark,TestPortMatchesGoCohere/benchmark-0401-round-0,0.22,1
warm benchmark,TestPortMatchesGoCohere/benchmark-0369-round-2,0.28,1
warm benchmark,TestPortMatchesGoCohere/benchmark-0400-round-2,0.19,1
warm benchmark,TestPortMatchesGoCohere/benchmark-0369-round-1,0.23,1
warm benchmark,TestPortMatchesGoCohere/benchmark-0400-round-1,0.16,1
warm benchmark,TestPortMatchesGoCohere/benchmark-0369-round-0,0.25,1
warm benchmark,TestPortMatchesGoCohere/benchmark-0400-round-0,0.18,1
warm benchmark,TestPortMatchesGoCohere/benchmark-0368-round-2,0.19,3
warm benchmark,TestPortMatchesGoCohere/benchmark-0399-round-2,0.17,1
warm benchmark,TestPortMatchesGoCohere/benchmark-0368-round-1,0.19,3
warm benchmark,TestPortMatchesGoCohere/benchmark-0399-round-1,0.18,1
warm benchmark,TestPortMatchesGoCohere/benchmark-0399-round-0,0.22,1
warm benchmark,TestPortMatchesGoCohere/benchmark-0368-round-0,0.21,3
warm benchmark,TestPortMatchesGoCohere/benchmark-0398-round-2,0.18,1
warm benchmark,TestPortMatchesGoCohere/benchmark-0367-round-2,0.21,7
warm benchmark,TestPortMatchesGoCohere/benchmark-0398-round-1,0.17,1
warm benchmark,TestPortMatchesGoCohere/benchmark-0367-round-1,0.2,7
warm benchmark,TestPortMatchesGoCohere/benchmark-0398-round-0,0.17,1
warm benchmark,TestPortMatchesGoCohere/benchmark-0367-round-0,0.21,7
warm benchmark,TestPortMatchesGoCohere/benchmark-0366-round-2,0.2,4
warm benchmark,TestPortMatchesGoCohere/benchmark-0397-round-2,0.17,1
warm benchmark,TestPortMatchesGoCohere/benchmark-0366-round-1,0.21,4
warm benchmark,TestPortMatchesGoCohere/benchmark-0397-round-1,0.17,1
warm benchmark,TestPortMatchesGoCohere/benchmark-0366-round-0,0.2,4
warm benchmark,TestPortMatchesGoCohere/benchmark-0397-round-0,0.17,1
warm benchmark,TestPortMatchesGoCohere/benchmark-0396-round-2,0.18,1
warm benchmark,TestPortMatchesGoCohere/benchmark-0365-round-2,0.21,4
warm benchmark,TestPortMatchesGoCohere/benchmark-0365-round-1,0.2,4
warm benchmark,TestPortMatchesGoCohere/benchmark-0396-round-1,0.17,1
warm benchmark,TestPortMatchesGoCohere/benchmark-0365-round-0,0.19,4
warm benchmark,TestPortMatchesGoCohere/benchmark-0396-round-0,0.18,1
warm benchmark,TestPortMatchesGoCohere/benchmark-0364-round-2,0.2,10
warm benchmark,TestPortMatchesGoCohere/benchmark-0364-round-1,0.21,10
warm benchmark,TestPortMatchesGoCohere/benchmark-0364-round-0,0.2,10
warm benchmark,TestPortMatchesGoCohere/benchmark-0363-round-2,0.25,1
warm benchmark,TestPortMatchesGoCohere/benchmark-0363-round-1,0.34,1
warm benchmark,TestPortMatchesGoCohere/benchmark-0363-round-0,0.25,1
warm benchmark,TestPortMatchesGoCohere/benchmark-0362-round-2,0.14,8
warm benchmark,TestPortMatchesGoCohere/benchmark-0289-round-1,0.12,1
warm benchmark,TestPortMatchesGoCohere/benchmark-0362-round-1,0.13,8
warm benchmark,TestPortMatchesGoCohere/benchmark-0362-round-0,0.13,8
warm benchmark,TestPortMatchesGoCohere/benchmark-0361-round-2,0.17,16
warm benchmark,TestPortMatchesGoCohere/benchmark-0361-round-1,0.16,16
warm benchmark,TestPortMatchesGoCohere/benchmark-0361-round-0,0.16,16
warm benchmark,TestPortMatchesGoCohere/benchmark-0360-round-2,0.14,16
warm benchmark,TestPortMatchesGoCohere/benchmark-0360-round-1,0.14,16
warm benchmark,TestPortMatchesGoCohere/benchmark-0360-round-0,0.14,16
warm benchmark,TestPortMatchesGoCohere/benchmark-0359-round-2,0.14,16
warm benchmark,TestPortMatchesGoCohere/benchmark-0359-round-1,0.16,16
warm benchmark,TestPortMatchesGoCohere/benchmark-0359-round-0,0.16,16
warm benchmark,TestPortMatchesGoCohere/benchmark-0331-round-2,0.14,5
warm benchmark,TestPortMatchesGoCohere/benchmark-0358-round-2,0.14,16
warm benchmark,TestPortMatchesGoCohere/benchmark-0331-round-1,0.13,5
warm benchmark,TestPortMatchesGoCohere/benchmark-0358-round-1,0.14,16
warm benchmark,TestPortMatchesGoCohere/benchmark-0331-round-0,0.14,5
warm benchmark,TestPortMatchesGoCohere/benchmark-0358-round-0,0.14,16
warm benchmark,TestPortMatchesGoCohere/benchmark-0330-round-2,0.31,1
warm benchmark,TestPortMatchesGoCohere/benchmark-0357-round-2,0.16,16
warm benchmark,TestPortMatchesGoCohere/benchmark-0330-round-1,0.31,1
warm benchmark,TestPortMatchesGoCohere/benchmark-0330-round-0,0.32,1
warm benchmark,TestPortMatchesGoCohere/benchmark-0357-round-1,0.17,16
warm benchmark,TestPortMatchesGoCohere/benchmark-0329-round-2,0.3,1
warm benchmark,TestPortMatchesGoCohere/benchmark-0357-round-0,0.16,16
warm benchmark,TestPortMatchesGoCohere/benchmark-0329-round-1,0.31,1
warm benchmark,TestPortMatchesGoCohere/benchmark-0356-round-2,0.14,16
warm benchmark,TestPortMatchesGoCohere/benchmark-0329-round-0,0.3,1
warm benchmark,TestPortMatchesGoCohere/benchmark-0328-round-2,0.15,1
warm benchmark,TestPortMatchesGoCohere/benchmark-0356-round-1,0.16,16
warm benchmark,TestPortMatchesGoCohere/benchmark-0328-round-1,0.15,1
warm benchmark,TestPortMatchesGoCohere/benchmark-0356-round-0,0.15,16
warm benchmark,TestPortMatchesGoCohere/benchmark-0328-round-0,0.15,1
warm benchmark,TestPortMatchesGoCohere/benchmark-0355-round-2,0.15,16
warm benchmark,TestPortMatchesGoCohere/benchmark-0327-round-2,0.43,1
warm benchmark,TestPortMatchesGoCohere/benchmark-0355-round-1,0.15,16
warm benchmark,TestPortMatchesGoCohere/benchmark-0327-round-1,0.44,1
warm benchmark,TestPortMatchesGoCohere/benchmark-0355-round-0,0.16,16
warm benchmark,TestPortMatchesGoCohere/benchmark-0327-round-0,0.43,1
warm benchmark,TestPortMatchesGoCohere/benchmark-0354-round-2,0.14,16
warm benchmark,TestPortMatchesGoCohere/benchmark-0326-round-2,0.45,1
warm benchmark,TestPortMatchesGoCohere/benchmark-0354-round-1,0.18,16
warm benchmark,TestPortMatchesGoCohere/benchmark-0326-round-1,0.5,1
warm benchmark,TestPortMatchesGoCohere/benchmark-0354-round-0,0.19,16
warm benchmark,TestPortMatchesGoCohere/benchmark-0326-round-0,0.57,1
warm benchmark,TestPortMatchesGoCohere/benchmark-0353-round-2,0.23,16
warm benchmark,TestPortMatchesGoCohere/benchmark-0325-round-2,0.8,1
warm benchmark,TestPortMatchesGoCohere/benchmark-0353-round-1,0.37,16
warm benchmark,TestPortMatchesGoCohere/benchmark-0325-round-1,0.96,1
warm benchmark,TestPortMatchesGoCohere/benchmark-0325-round-0,0.51,1
warm benchmark,TestPortMatchesGoCohere/benchmark-0353-round-0,0.17,16
warm benchmark,TestPortMatchesGoCohere/benchmark-0324-round-2,0.55,1
warm benchmark,TestPortMatchesGoCohere/benchmark-0352-round-2,0.18,16
warm benchmark,TestPortMatchesGoCohere/benchmark-0324-round-1,0.49,1
warm benchmark,TestPortMatchesGoCohere/benchmark-0352-round-1,0.18,16
warm benchmark,TestPortMatchesGoCohere/benchmark-0324-round-0,0.51,1
warm benchmark,TestPortMatchesGoCohere/benchmark-0352-round-0,0.18,16
warm benchmark,TestPortMatchesGoCohere/benchmark-0323-round-2,0.35,1
warm benchmark,TestPortMatchesGoCohere/benchmark-0351-round-2,0.22,3
warm benchmark,TestPortMatchesGoCohere/benchmark-0323-round-1,0.41,1
warm benchmark,TestPortMatchesGoCohere/benchmark-0351-round-1,0.21,3
warm benchmark,TestPortMatchesGoCohere/benchmark-0323-round-0,0.42,1
warm benchmark,TestPortMatchesGoCohere/benchmark-0351-round-0,0.22,3
warm benchmark,TestPortMatchesGoCohere/benchmark-0322-round-2,0.45,1
warm benchmark,TestPortMatchesGoCohere/benchmark-0322-round-1,0.36,1
warm benchmark,TestPortMatchesGoCohere/benchmark-0322-round-0,0.38,1
warm benchmark,TestPortMatchesGoCohere/benchmark-0350-round-2,0.18,7
warm benchmark,TestPortMatchesGoCohere/benchmark-0321-round-2,0.36,1
warm benchmark,TestPortMatchesGoCohere/benchmark-0350-round-1,0.15,7
warm benchmark,TestPortMatchesGoCohere/benchmark-0321-round-1,0.39,1
warm benchmark,TestPortMatchesGoCohere/benchmark-0350-round-0,0.18,7
warm benchmark,TestPortMatchesGoCohere/benchmark-0321-round-0,0.44,1
warm benchmark,TestPortMatchesGoCohere/benchmark-0320-round-2,0.49,1
warm benchmark,TestPortMatchesGoCohere/benchmark-0349-round-2,4.09,1
warm benchmark,TestPortMatchesGoCohere/benchmark-0320-round-1,0.47,1
warm benchmark,TestPortMatchesGoCohere/benchmark-0349-round-1,3.77,1
warm benchmark,TestPortMatchesGoCohere/benchmark-0320-round-0,0.49,1
warm benchmark,TestPortMatchesGoCohere/benchmark-0349-round-0,3.59,1
warm benchmark,TestPortMatchesGoCohere/benchmark-0319-round-2,0.4,1
warm benchmark,TestPortMatchesGoCohere/benchmark-0348-round-2,0.14,2
warm benchmark,TestPortMatchesGoCohere/benchmark-0348-round-1,0.13,2
warm benchmark,TestPortMatchesGoCohere/benchmark-0319-round-1,0.39,1
warm benchmark,TestPortMatchesGoCohere/benchmark-0348-round-0,0.14,2
warm benchmark,TestPortMatchesGoCohere/benchmark-0319-round-0,0.39,1
warm benchmark,TestPortMatchesGoCohere/benchmark-0347-round-2,3.17,1
warm benchmark,TestPortMatchesGoCohere/benchmark-0318-round-2,0.37,1
warm benchmark,TestPortMatchesGoCohere/benchmark-0347-round-1,3.01,1
warm benchmark,TestPortMatchesGoCohere/benchmark-0318-round-1,0.37,1
warm benchmark,TestPortMatchesGoCohere/benchmark-0347-round-0,3.26,1
warm benchmark,TestPortMatchesGoCohere/benchmark-0318-round-0,0.38,1
warm benchmark,TestPortMatchesGoCohere/benchmark-0346-round-2,0.16,4
warm benchmark,TestPortMatchesGoCohere/benchmark-0317-round-2,0.43,1
warm benchmark,TestPortMatchesGoCohere/benchmark-0317-round-1,0.43,1
warm benchmark,TestPortMatchesGoCohere/benchmark-0303-round-1,0.61,1
warm benchmark,TestPortMatchesGoCohere/benchmark-0317-round-0,0.43,1
warm benchmark,TestPortMatchesGoCohere/benchmark-0316-round-2,0.17,6
warm benchmark,TestPortMatchesGoCohere/benchmark-0346-round-0,0.14,4
warm benchmark,TestPortMatchesGoCohere/benchmark-0316-round-1,0.16,6
warm benchmark,TestPortMatchesGoCohere/benchmark-0345-round-2,0.19,1
warm benchmark,TestPortMatchesGoCohere/benchmark-0345-round-1,0.17,1
warm benchmark,TestPortMatchesGoCohere/benchmark-0289-round-0,0.13,1
warm benchmark,TestPortMatchesGoCohere/benchmark-0316-round-0,0.14,6
warm benchmark,TestPortMatchesGoCohere/benchmark-0345-round-0,0.16,1
warm benchmark,TestPortMatchesGoCohere/benchmark-0315-round-2,0.2,1
warm benchmark,TestPortMatchesGoCohere/benchmark-0344-round-2,0.14,2
warm benchmark,TestPortMatchesGoCohere/benchmark-0315-round-1,0.2,1
warm benchmark,TestPortMatchesGoCohere/benchmark-0344-round-1,0.13,2
warm benchmark,TestPortMatchesGoCohere/benchmark-0315-round-0,0.19,1
warm benchmark,TestPortMatchesGoCohere/benchmark-0344-round-0,0.13,2
warm benchmark,TestPortMatchesGoCohere/benchmark-0314-round-2,0.16,15
warm benchmark,TestPortMatchesGoCohere/benchmark-0343-round-2,0.17,1
warm benchmark,TestPortMatchesGoCohere/benchmark-0314-round-1,0.16,15
warm benchmark,TestPortMatchesGoCohere/benchmark-0343-round-1,0.18,1
warm benchmark,TestPortMatchesGoCohere/benchmark-0314-round-0,0.16,15
warm benchmark,TestPortMatchesGoCohere/benchmark-0343-round-0,0.17,1
warm benchmark,TestPortMatchesGoCohere/benchmark-0313-round-2,0.22,1
warm benchmark,TestPortMatchesGoCohere/benchmark-0342-round-2,0.15,8
warm benchmark,TestPortMatchesGoCohere/benchmark-0313-round-1,0.19,1
warm benchmark,TestPortMatchesGoCohere/benchmark-0313-round-0,0.21,1
warm benchmark,TestPortMatchesGoCohere/benchmark-0288-round-2,0.33,1
warm benchmark,TestPortMatchesGoCohere/benchmark-0312-round-2,0.17,15
warm benchmark,TestPortMatchesGoCohere/benchmark-0342-round-1,0.16,8
warm benchmark,TestPortMatchesGoCohere/benchmark-0312-round-1,0.19,15
warm benchmark,TestPortMatchesGoCohere/benchmark-0342-round-0,0.15,8
warm benchmark,TestPortMatchesGoCohere/benchmark-0312-round-0,0.17,15
warm benchmark,TestPortMatchesGoCohere/benchmark-0341-round-2,1.31,1
warm benchmark,TestPortMatchesGoCohere/benchmark-0311-round-2,0.21,1
warm benchmark,TestPortMatchesGoCohere/benchmark-0341-round-1,1.16,1
warm benchmark,TestPortMatchesGoCohere/benchmark-0311-round-1,0.21,1
warm benchmark,TestPortMatchesGoCohere/benchmark-0341-round-0,1.11,1
warm benchmark,TestPortMatchesGoCohere/benchmark-0311-round-0,0.2,1
warm benchmark,TestPortMatchesGoCohere/benchmark-0340-round-2,0.13,4
warm benchmark,TestPortMatchesGoCohere/benchmark-0310-round-2,0.15,4
warm benchmark,TestPortMatchesGoCohere/benchmark-0340-round-1,0.13,4
warm benchmark,TestPortMatchesGoCohere/benchmark-0310-round-1,0.15,4
warm benchmark,TestPortMatchesGoCohere/benchmark-0340-round-0,0.14,4
warm benchmark,TestPortMatchesGoCohere/benchmark-0310-round-0,0.15,4
warm benchmark,TestPortMatchesGoCohere/benchmark-0339-round-2,0.7,1
warm benchmark,TestPortMatchesGoCohere/benchmark-0309-round-2,0.18,3
warm benchmark,TestPortMatchesGoCohere/benchmark-0339-round-1,0.67,1
warm benchmark,TestPortMatchesGoCohere/benchmark-0309-round-1,0.18,3
warm benchmark,TestPortMatchesGoCohere/benchmark-0339-round-0,0.71,1
warm benchmark,TestPortMatchesGoCohere/benchmark-0309-round-0,0.18,3
warm benchmark,TestPortMatchesGoCohere/benchmark-0338-round-2,0.16,3
warm benchmark,TestPortMatchesGoCohere/benchmark-0308-round-2,0.15,1
warm benchmark,TestPortMatchesGoCohere/benchmark-0338-round-1,0.15,3
warm benchmark,TestPortMatchesGoCohere/benchmark-0308-round-1,0.15,1
warm benchmark,TestPortMatchesGoCohere/benchmark-0338-round-0,0.16,3
warm benchmark,TestPortMatchesGoCohere/benchmark-0308-round-0,0.16,1
warm benchmark,TestPortMatchesGoCohere/benchmark-0337-round-2,3.88,1
warm benchmark,TestPortMatchesGoCohere/benchmark-0307-round-2,0.28,1
warm benchmark,TestPortMatchesGoCohere/benchmark-0337-round-1,3.64,1
warm benchmark,TestPortMatchesGoCohere/benchmark-0337-round-0,3.7,1
warm benchmark,TestPortMatchesGoCohere/benchmark-0307-round-1,0.29,1
warm benchmark,TestPortMatchesGoCohere/benchmark-0336-round-2,0.14,2
warm benchmark,TestPortMatchesGoCohere/benchmark-0307-round-0,0.28,1
warm benchmark,TestPortMatchesGoCohere/benchmark-0336-round-1,0.13,2
warm benchmark,TestPortMatchesGoCohere/benchmark-0306-round-2,0.15,9
warm benchmark,TestPortMatchesGoCohere/benchmark-0336-round-0,0.14,2
warm benchmark,TestPortMatchesGoCohere/benchmark-0306-round-1,0.15,9
warm benchmark,TestPortMatchesGoCohere/benchmark-0335-round-2,0.75,1
warm benchmark,TestPortMatchesGoCohere/benchmark-0306-round-0,0.15,9
warm benchmark,TestPortMatchesGoCohere/benchmark-0335-round-1,0.74,1
warm benchmark,TestPortMatchesGoCohere/benchmark-0305-round-2,0.23,1
warm benchmark,TestPortMatchesGoCohere/benchmark-0335-round-0,0.69,1
warm benchmark,TestPortMatchesGoCohere/benchmark-0305-round-1,0.22,1
warm benchmark,TestPortMatchesGoCohere/benchmark-0334-round-2,0.2,6
warm benchmark,TestPortMatchesGoCohere/benchmark-0305-round-0,0.21,1
warm benchmark,TestPortMatchesGoCohere/benchmark-0304-round-2,0.34,1
warm benchmark,TestPortMatchesGoCohere/benchmark-0334-round-1,0.18,6
warm benchmark,TestPortMatchesGoCohere/benchmark-0304-round-1,0.32,1
warm benchmark,TestPortMatchesGoCohere/benchmark-0334-round-0,0.19,6
warm benchmark,TestPortMatchesGoCohere/benchmark-0304-round-0,0.32,1
warm benchmark,TestPortMatchesGoCohere/benchmark-0333-round-2,0.2,5
warm benchmark,TestPortMatchesGoCohere/benchmark-0303-round-2,0.62,1
warm benchmark,TestPortMatchesGoCohere/benchmark-0333-round-1,0.21,5
warm benchmark,TestPortMatchesGoCohere/benchmark-0260-round-2,0.13,1
warm benchmark,TestPortMatchesGoCohere/benchmark-0333-round-0,0.21,5
warm benchmark,TestPortMatchesGoCohere/benchmark-0303-round-0,0.6,1
warm benchmark,TestPortMatchesGoCohere/benchmark-0332-round-2,1.15,1
warm benchmark,TestPortMatchesGoCohere/benchmark-0302-round-2,0.2,5
warm benchmark,TestPortMatchesGoCohere/benchmark-0332-round-1,1.05,1
warm benchmark,TestPortMatchesGoCohere/benchmark-0302-round-1,0.19,5
warm benchmark,TestPortMatchesGoCohere/benchmark-0302-round-0,0.18,5
warm benchmark,TestPortMatchesGoCohere/benchmark-0301-round-2,0.2,1
warm benchmark,TestPortMatchesGoCohere/benchmark-0301-round-1,0.18,1
warm benchmark,TestPortMatchesGoCohere/benchmark-0301-round-0,0.18,1
warm benchmark,TestPortMatchesGoCohere/benchmark-0300-round-2,0.18,1
warm benchmark,TestPortMatchesGoCohere/benchmark-0288-round-1,0.33,1
warm benchmark,TestPortMatchesGoCohere/benchmark-0300-round-1,0.18,1
warm benchmark,TestPortMatchesGoCohere/benchmark-0288-round-0,0.35,1
warm benchmark,TestPortMatchesGoCohere/benchmark-0300-round-0,0.18,1
warm benchmark,TestPortMatchesGoCohere/benchmark-0299-round-2,0.13,2
warm benchmark,TestPortMatchesGoCohere/benchmark-0287-round-2,0.13,1
warm benchmark,TestPortMatchesGoCohere/benchmark-0299-round-1,0.13,2
warm benchmark,TestPortMatchesGoCohere/benchmark-0287-round-1,0.13,1
warm benchmark,TestPortMatchesGoCohere/benchmark-0299-round-0,0.12,2
warm benchmark,TestPortMatchesGoCohere/benchmark-0287-round-0,0.13,1
warm benchmark,TestPortMatchesGoCohere/benchmark-0298-round-2,0.23,1
warm benchmark,TestPortMatchesGoCohere/benchmark-0286-round-2,0.18,1
warm benchmark,TestPortMatchesGoCohere/benchmark-0298-round-1,0.24,1
warm benchmark,TestPortMatchesGoCohere/benchmark-0286-round-1,0.18,1
warm benchmark,TestPortMatchesGoCohere/benchmark-0298-round-0,0.24,1
warm benchmark,TestPortMatchesGoCohere/benchmark-0286-round-0,0.17,1
warm benchmark,TestPortMatchesGoCohere/benchmark-0297-round-2,0.12,3
warm benchmark,TestPortMatchesGoCohere/benchmark-0285-round-2,0.16,1
warm benchmark,TestPortMatchesGoCohere/benchmark-0249-round-0,0.3,1
warm benchmark,TestPortMatchesGoCohere/benchmark-0285-round-1,0.15,1
warm benchmark,TestPortMatchesGoCohere/benchmark-0297-round-1,0.13,3
warm benchmark,TestPortMatchesGoCohere/benchmark-0285-round-0,0.16,1
warm benchmark,TestPortMatchesGoCohere/benchmark-0297-round-0,0.12,3
warm benchmark,TestPortMatchesGoCohere/benchmark-0284-round-2,0.15,4
warm benchmark,TestPortMatchesGoCohere/benchmark-0296-round-2,0.17,1
warm benchmark,TestPortMatchesGoCohere/benchmark-0284-round-1,0.15,4
warm benchmark,TestPortMatchesGoCohere/benchmark-0284-round-0,0.15,4
warm benchmark,TestPortMatchesGoCohere/benchmark-0245-round-1,0.19,13
warm benchmark,TestPortMatchesGoCohere/benchmark-0283-round-2,0.22,1
warm benchmark,TestPortMatchesGoCohere/benchmark-0296-round-1,0.19,1
warm benchmark,TestPortMatchesGoCohere/benchmark-0283-round-1,0.18,1
warm benchmark,TestPortMatchesGoCohere/benchmark-0296-round-0,0.17,1
warm benchmark,TestPortMatchesGoCohere/benchmark-0283-round-0,0.19,1
warm benchmark,TestPortMatchesGoCohere/benchmark-0282-round-2,0.14,9
warm benchmark,TestPortMatchesGoCohere/benchmark-0295-round-2,0.18,1
warm benchmark,TestPortMatchesGoCohere/benchmark-0282-round-1,0.14,9
warm benchmark,TestPortMatchesGoCohere/benchmark-0295-round-1,0.18,1
warm benchmark,TestPortMatchesGoCohere/benchmark-0282-round-0,0.14,9
warm benchmark,TestPortMatchesGoCohere/benchmark-0295-round-0,0.18,1
warm benchmark,TestPortMatchesGoCohere/benchmark-0281-round-2,0.2,1
warm benchmark,TestPortMatchesGoCohere/benchmark-0294-round-2,0.18,1
warm benchmark,TestPortMatchesGoCohere/benchmark-0281-round-1,0.17,1
warm benchmark,TestPortMatchesGoCohere/benchmark-0294-round-1,0.17,1
warm benchmark,TestPortMatchesGoCohere/benchmark-0281-round-0,0.16,1
warm benchmark,TestPortMatchesGoCohere/benchmark-0294-round-0,0.18,1
warm benchmark,TestPortMatchesGoCohere/benchmark-0280-round-2,0.19,2
warm benchmark,TestPortMatchesGoCohere/benchmark-0293-round-2,0.14,1
warm benchmark,TestPortMatchesGoCohere/benchmark-0280-round-1,0.22,2
warm benchmark,TestPortMatchesGoCohere/benchmark-0293-round-1,0.13,1
warm benchmark,TestPortMatchesGoCohere/benchmark-0280-round-0,0.21,2
warm benchmark,TestPortMatchesGoCohere/benchmark-0293-round-0,0.12,1
warm benchmark,TestPortMatchesGoCohere/benchmark-0279-round-2,0.2,1
warm benchmark,TestPortMatchesGoCohere/benchmark-0292-round-2,0.18,1
warm benchmark,TestPortMatchesGoCohere/benchmark-0279-round-1,0.22,1
warm benchmark,TestPortMatchesGoCohere/benchmark-0292-round-1,0.17,1
warm benchmark,TestPortMatchesGoCohere/benchmark-0279-round-0,0.21,1
warm benchmark,TestPortMatchesGoCohere/benchmark-0292-round-0,0.17,1
warm benchmark,TestPortMatchesGoCohere/benchmark-0291-round-2,0.17,1
warm benchmark,TestPortMatchesGoCohere/benchmark-0245-round-0,0.18,13
warm benchmark,TestPortMatchesGoCohere/benchmark-0291-round-1,0.2,1
warm benchmark,TestPortMatchesGoCohere/benchmark-0278-round-2,0.17,8
warm benchmark,TestPortMatchesGoCohere/benchmark-0291-round-0,0.17,1
warm benchmark,TestPortMatchesGoCohere/benchmark-0278-round-1,0.15,8
warm benchmark,TestPortMatchesGoCohere/benchmark-0290-round-2,0.21,1
warm benchmark,TestPortMatchesGoCohere/benchmark-0278-round-0,0.15,8
warm benchmark,TestPortMatchesGoCohere/benchmark-0290-round-1,0.2,1
warm benchmark,TestPortMatchesGoCohere/benchmark-0277-round-2,0.18,1
warm benchmark,TestPortMatchesGoCohere/benchmark-0290-round-0,0.19,1
warm benchmark,TestPortMatchesGoCohere/benchmark-0277-round-1,0.17,1
warm benchmark,TestPortMatchesGoCohere/benchmark-0289-round-2,0.13,1
warm benchmark,TestPortMatchesGoCohere/benchmark-0277-round-0,0.17,1
warm benchmark,TestPortMatchesGoCohere/benchmark-0276-round-2,0.17,2
warm benchmark,TestPortMatchesGoCohere/benchmark-0276-round-1,0.14,2
warm benchmark,TestPortMatchesGoCohere/benchmark-0276-round-0,0.13,2
warm benchmark,TestPortMatchesGoCohere/benchmark-0275-round-2,0.21,1
warm benchmark,TestPortMatchesGoCohere/benchmark-0275-round-1,0.21,1
warm benchmark,TestPortMatchesGoCohere/benchmark-0275-round-0,0.2,1
warm benchmark,TestPortMatchesGoCohere/benchmark-0274-round-2,0.17,9
warm benchmark,TestPortMatchesGoCohere/benchmark-0274-round-1,0.17,9
warm benchmark,TestPortMatchesGoCohere/benchmark-0274-round-0,0.17,9
warm benchmark,TestPortMatchesGoCohere/benchmark-0273-round-2,0.2,1
warm benchmark,TestPortMatchesGoCohere/benchmark-0273-round-1,0.23,1
warm benchmark,TestPortMatchesGoCohere/benchmark-0273-round-0,0.23,1
warm benchmark,TestPortMatchesGoCohere/benchmark-0272-round-2,0.16,7
warm benchmark,TestPortMatchesGoCohere/benchmark-0244-round-2,0.19,6
warm benchmark,TestPortMatchesGoCohere/benchmark-0272-round-1,0.16,7
warm benchmark,TestPortMatchesGoCohere/benchmark-0244-round-1,0.19,6
warm benchmark,TestPortMatchesGoCohere/benchmark-0272-round-0,0.19,7
warm benchmark,TestPortMatchesGoCohere/benchmark-0244-round-0,0.19,6
warm benchmark,TestPortMatchesGoCohere/benchmark-0271-round-2,0.17,1
warm benchmark,TestPortMatchesGoCohere/benchmark-0243-round-2,0.19,16
warm benchmark,TestPortMatchesGoCohere/benchmark-0271-round-1,0.16,1
warm benchmark,TestPortMatchesGoCohere/benchmark-0243-round-1,0.17,16
warm benchmark,TestPortMatchesGoCohere/benchmark-0271-round-0,0.15,1
warm benchmark,TestPortMatchesGoCohere/benchmark-0243-round-0,0.21,16
warm benchmark,TestPortMatchesGoCohere/benchmark-0270-round-2,0.18,4
warm benchmark,TestPortMatchesGoCohere/benchmark-0242-round-2,0.18,4
warm benchmark,TestPortMatchesGoCohere/benchmark-0270-round-1,0.14,4
warm benchmark,TestPortMatchesGoCohere/benchmark-0242-round-1,0.17,4
warm benchmark,TestPortMatchesGoCohere/benchmark-0242-round-0,0.17,4
warm benchmark,TestPortMatchesGoCohere/benchmark-0270-round-0,0.14,4
warm benchmark,TestPortMatchesGoCohere/benchmark-0241-round-2,0.21,4
warm benchmark,TestPortMatchesGoCohere/benchmark-0269-round-2,0.23,1
warm benchmark,TestPortMatchesGoCohere/benchmark-0241-round-1,0.19,4
warm benchmark,TestPortMatchesGoCohere/benchmark-0269-round-1,0.21,1
warm benchmark,TestPortMatchesGoCohere/benchmark-0241-round-0,0.25,4
warm benchmark,TestPortMatchesGoCohere/benchmark-0240-round-2,0.26,6
warm benchmark,TestPortMatchesGoCohere/benchmark-0269-round-0,0.27,1
warm benchmark,TestPortMatchesGoCohere/benchmark-0240-round-1,0.16,6
warm benchmark,TestPortMatchesGoCohere/benchmark-0268-round-2,0.22,9
warm benchmark,TestPortMatchesGoCohere/benchmark-0240-round-0,0.14,6
warm benchmark,TestPortMatchesGoCohere/benchmark-0239-round-2,0.15,16
warm benchmark,TestPortMatchesGoCohere/benchmark-0268-round-1,0.18,9
warm benchmark,TestPortMatchesGoCohere/benchmark-0239-round-1,0.15,16
warm benchmark,TestPortMatchesGoCohere/benchmark-0268-round-0,0.18,9
warm benchmark,TestPortMatchesGoCohere/benchmark-0239-round-0,0.14,16
warm benchmark,TestPortMatchesGoCohere/benchmark-0267-round-2,0.21,1
warm benchmark,TestPortMatchesGoCohere/benchmark-0238-round-2,0.15,16
warm benchmark,TestPortMatchesGoCohere/benchmark-0267-round-1,0.21,1
warm benchmark,TestPortMatchesGoCohere/benchmark-0238-round-1,0.15,16
warm benchmark,TestPortMatchesGoCohere/benchmark-0267-round-0,0.2,1
warm benchmark,TestPortMatchesGoCohere/benchmark-0238-round-0,0.16,16
warm benchmark,TestPortMatchesGoCohere/benchmark-0266-round-2,0.18,9
warm benchmark,TestPortMatchesGoCohere/benchmark-0237-round-2,0.15,16
warm benchmark,TestPortMatchesGoCohere/benchmark-0266-round-1,0.17,9
warm benchmark,TestPortMatchesGoCohere/benchmark-0237-round-1,0.14,16
warm benchmark,TestPortMatchesGoCohere/benchmark-0266-round-0,0.18,9
warm benchmark,TestPortMatchesGoCohere/benchmark-0265-round-2,0.23,1
warm benchmark,TestPortMatchesGoCohere/benchmark-0237-round-0,0.14,16
warm benchmark,TestPortMatchesGoCohere/benchmark-0265-round-1,0.22,1
warm benchmark,TestPortMatchesGoCohere/benchmark-0236-round-2,0.14,16
warm benchmark,TestPortMatchesGoCohere/benchmark-0265-round-0,0.21,1
warm benchmark,TestPortMatchesGoCohere/benchmark-0236-round-1,0.13,16
warm benchmark,TestPortMatchesGoCohere/benchmark-0264-round-2,0.15,9
warm benchmark,TestPortMatchesGoCohere/benchmark-0236-round-0,0.14,16
warm benchmark,TestPortMatchesGoCohere/benchmark-0264-round-1,0.15,9
warm benchmark,TestPortMatchesGoCohere/benchmark-0235-round-2,0.13,16
warm benchmark,TestPortMatchesGoCohere/benchmark-0264-round-0,0.16,9
warm benchmark,TestPortMatchesGoCohere/benchmark-0235-round-1,0.13,16
warm benchmark,TestPortMatchesGoCohere/benchmark-0263-round-2,0.17,16
warm benchmark,TestPortMatchesGoCohere/benchmark-0235-round-0,0.16,16
warm benchmark,TestPortMatchesGoCohere/benchmark-0263-round-1,0.19,16
warm benchmark,TestPortMatchesGoCohere/benchmark-0234-round-2,0.17,10
warm benchmark,TestPortMatchesGoCohere/benchmark-0263-round-0,0.17,16
warm benchmark,TestPortMatchesGoCohere/benchmark-0234-round-1,0.17,10
warm benchmark,TestPortMatchesGoCohere/benchmark-0262-round-2,0.21,14
warm benchmark,TestPortMatchesGoCohere/benchmark-0234-round-0,0.17,10
warm benchmark,TestPortMatchesGoCohere/benchmark-0262-round-1,0.22,14
warm benchmark,TestPortMatchesGoCohere/benchmark-0233-round-2,0.16,16
warm benchmark,TestPortMatchesGoCohere/benchmark-0262-round-0,0.2,14
warm benchmark,TestPortMatchesGoCohere/benchmark-0233-round-1,0.16,16
warm benchmark,TestPortMatchesGoCohere/benchmark-0261-round-2,0.27,1
warm benchmark,TestPortMatchesGoCohere/benchmark-0233-round-0,0.15,16
warm benchmark,TestPortMatchesGoCohere/benchmark-0261-round-1,0.29,1
warm benchmark,TestPortMatchesGoCohere/benchmark-0232-round-2,0.2,2
warm benchmark,TestPortMatchesGoCohere/benchmark-0261-round-0,0.33,1
warm benchmark,TestPortMatchesGoCohere/benchmark-0232-round-1,0.21,2
warm benchmark,TestPortMatchesGoCohere/benchmark-0232-round-0,0.26,2
warm benchmark,TestPortMatchesGoCohere/benchmark-0217-round-1,0.22,12
warm benchmark,TestPortMatchesGoCohere/benchmark-0204-round-2,0.2,1
warm benchmark,TestPortMatchesGoCohere/benchmark-0260-round-1,0.13,1
warm benchmark,TestPortMatchesGoCohere/benchmark-0231-round-2,0.18,1
warm benchmark,TestPortMatchesGoCohere/benchmark-0260-round-0,0.13,1
warm benchmark,TestPortMatchesGoCohere/benchmark-0231-round-1,0.17,1
warm benchmark,TestPortMatchesGoCohere/benchmark-0259-round-2,0.3,1
warm benchmark,TestPortMatchesGoCohere/benchmark-0231-round-0,0.17,1
warm benchmark,TestPortMatchesGoCohere/benchmark-0259-round-1,0.31,1
warm benchmark,TestPortMatchesGoCohere/benchmark-0230-round-2,0.16,2
warm benchmark,TestPortMatchesGoCohere/benchmark-0259-round-0,0.3,1
warm benchmark,TestPortMatchesGoCohere/benchmark-0230-round-1,0.15,2
warm benchmark,TestPortMatchesGoCohere/benchmark-0230-round-0,0.15,2
warm benchmark,TestPortMatchesGoCohere/benchmark-0204-round-1,0.2,1
warm benchmark,TestPortMatchesGoCohere/benchmark-0229-round-2,0.15,4
warm benchmark,TestPortMatchesGoCohere/benchmark-0258-round-2,0.13,3
warm benchmark,TestPortMatchesGoCohere/benchmark-0229-round-1,0.15,4
warm benchmark,TestPortMatchesGoCohere/benchmark-0229-round-0,0.16,4
warm benchmark,TestPortMatchesGoCohere/benchmark-0258-round-1,0.13,3
warm benchmark,TestPortMatchesGoCohere/benchmark-0228-round-2,0.19,4
warm benchmark,TestPortMatchesGoCohere/benchmark-0228-round-1,0.2,4
warm benchmark,TestPortMatchesGoCohere/benchmark-0258-round-0,0.14,3
warm benchmark,TestPortMatchesGoCohere/benchmark-0228-round-0,0.2,4
warm benchmark,TestPortMatchesGoCohere/benchmark-0257-round-2,0.29,1
warm benchmark,TestPortMatchesGoCohere/benchmark-0227-round-2,0.18,1
warm benchmark,TestPortMatchesGoCohere/benchmark-0227-round-1,0.21,1
warm benchmark,TestPortMatchesGoCohere/benchmark-0257-round-1,0.29,1
warm benchmark,TestPortMatchesGoCohere/benchmark-0227-round-0,0.17,1
warm benchmark,TestPortMatchesGoCohere/benchmark-0257-round-0,0.28,1
warm benchmark,TestPortMatchesGoCohere/benchmark-0226-round-2,0.15,3
warm benchmark,TestPortMatchesGoCohere/benchmark-0256-round-2,0.17,11
warm benchmark,TestPortMatchesGoCohere/benchmark-0226-round-1,0.16,3
warm benchmark,TestPortMatchesGoCohere/benchmark-0226-round-0,0.16,3
warm benchmark,TestPortMatchesGoCohere/benchmark-0256-round-1,0.17,11
warm benchmark,TestPortMatchesGoCohere/benchmark-0225-round-2,0.19,6
warm benchmark,TestPortMatchesGoCohere/benchmark-0225-round-1,0.19,6
warm benchmark,TestPortMatchesGoCohere/benchmark-0256-round-0,0.16,11
warm benchmark,TestPortMatchesGoCohere/benchmark-0225-round-0,0.18,6
warm benchmark,TestPortMatchesGoCohere/benchmark-0255-round-2,0.29,1
warm benchmark,TestPortMatchesGoCohere/benchmark-0224-round-2,0.17,4
warm benchmark,TestPortMatchesGoCohere/benchmark-0255-round-1,0.29,1
warm benchmark,TestPortMatchesGoCohere/benchmark-0224-round-1,0.18,4
warm benchmark,TestPortMatchesGoCohere/benchmark-0224-round-0,0.17,4
warm benchmark,TestPortMatchesGoCohere/benchmark-0255-round-0,0.28,1
warm benchmark,TestPortMatchesGoCohere/benchmark-0223-round-2,0.17,10
warm benchmark,TestPortMatchesGoCohere/benchmark-0254-round-2,0.14,7
warm benchmark,TestPortMatchesGoCohere/benchmark-0223-round-1,0.19,10
warm benchmark,TestPortMatchesGoCohere/benchmark-0223-round-0,0.18,10
warm benchmark,TestPortMatchesGoCohere/benchmark-0254-round-1,0.14,7
warm benchmark,TestPortMatchesGoCohere/benchmark-0222-round-2,0.17,15
warm benchmark,TestPortMatchesGoCohere/benchmark-0222-round-1,0.17,15
warm benchmark,TestPortMatchesGoCohere/benchmark-0254-round-0,0.14,7
warm benchmark,TestPortMatchesGoCohere/benchmark-0222-round-0,0.18,15
warm benchmark,TestPortMatchesGoCohere/benchmark-0253-round-2,0.29,1
warm benchmark,TestPortMatchesGoCohere/benchmark-0221-round-2,0.18,7
warm benchmark,TestPortMatchesGoCohere/benchmark-0253-round-1,0.29,1
warm benchmark,TestPortMatchesGoCohere/benchmark-0221-round-1,0.19,7
warm benchmark,TestPortMatchesGoCohere/benchmark-0221-round-0,0.19,7
warm benchmark,TestPortMatchesGoCohere/benchmark-0253-round-0,0.28,1
warm benchmark,TestPortMatchesGoCohere/benchmark-0220-round-2,0.23,11
warm benchmark,TestPortMatchesGoCohere/benchmark-0220-round-1,0.21,11
warm benchmark,TestPortMatchesGoCohere/benchmark-0252-round-2,0.16,4
warm benchmark,TestPortMatchesGoCohere/benchmark-0220-round-0,0.22,11
warm benchmark,TestPortMatchesGoCohere/benchmark-0219-round-2,0.17,5
warm benchmark,TestPortMatchesGoCohere/benchmark-0252-round-1,0.17,4
warm benchmark,TestPortMatchesGoCohere/benchmark-0219-round-1,0.17,5
warm benchmark,TestPortMatchesGoCohere/benchmark-0219-round-0,0.15,5
warm benchmark,TestPortMatchesGoCohere/benchmark-0252-round-0,0.16,4
warm benchmark,TestPortMatchesGoCohere/benchmark-0218-round-2,0.16,2
warm benchmark,TestPortMatchesGoCohere/benchmark-0251-round-2,0.27,1
warm benchmark,TestPortMatchesGoCohere/benchmark-0218-round-1,0.16,2
warm benchmark,TestPortMatchesGoCohere/benchmark-0218-round-0,0.16,2
warm benchmark,TestPortMatchesGoCohere/benchmark-0251-round-1,0.28,1
warm benchmark,TestPortMatchesGoCohere/benchmark-0217-round-2,0.23,12
warm benchmark,TestPortMatchesGoCohere/benchmark-0251-round-0,0.28,1
warm benchmark,TestPortMatchesGoCohere/benchmark-0250-round-2,0.12,1
warm benchmark,TestPortMatchesGoCohere/benchmark-0174-round-1,0.13,16
warm benchmark,TestPortMatchesGoCohere/benchmark-0250-round-1,0.13,1
warm benchmark,TestPortMatchesGoCohere/benchmark-0217-round-0,0.23,12
warm benchmark,TestPortMatchesGoCohere/benchmark-0250-round-0,0.13,1
warm benchmark,TestPortMatchesGoCohere/benchmark-0216-round-2,0.21,2
warm benchmark,TestPortMatchesGoCohere/benchmark-0249-round-2,0.29,1
warm benchmark,TestPortMatchesGoCohere/benchmark-0216-round-1,0.21,2
warm benchmark,TestPortMatchesGoCohere/benchmark-0249-round-1,0.28,1
warm benchmark,TestPortMatchesGoCohere/benchmark-0216-round-0,0.22,2
warm benchmark,TestPortMatchesGoCohere/benchmark-0248-round-2,0.16,1
warm benchmark,TestPortMatchesGoCohere/benchmark-0215-round-2,0.18,9
warm benchmark,TestPortMatchesGoCohere/benchmark-0215-round-1,0.17,9
warm benchmark,TestPortMatchesGoCohere/benchmark-0248-round-1,0.17,1
warm benchmark,TestPortMatchesGoCohere/benchmark-0215-round-0,0.17,9
warm benchmark,TestPortMatchesGoCohere/benchmark-0214-round-2,0.18,1
warm benchmark,TestPortMatchesGoCohere/benchmark-0248-round-0,0.18,1
warm benchmark,TestPortMatchesGoCohere/benchmark-0214-round-1,0.19,1
warm benchmark,TestPortMatchesGoCohere/benchmark-0247-round-2,0.16,16
warm benchmark,TestPortMatchesGoCohere/benchmark-0214-round-0,0.18,1
warm benchmark,TestPortMatchesGoCohere/benchmark-0247-round-1,0.16,16
warm benchmark,TestPortMatchesGoCohere/benchmark-0213-round-2,0.18,14
warm benchmark,TestPortMatchesGoCohere/benchmark-0247-round-0,0.16,16
warm benchmark,TestPortMatchesGoCohere/benchmark-0213-round-1,0.18,14
warm benchmark,TestPortMatchesGoCohere/benchmark-0246-round-2,0.18,15
warm benchmark,TestPortMatchesGoCohere/benchmark-0213-round-0,0.17,14
warm benchmark,TestPortMatchesGoCohere/benchmark-0246-round-1,0.15,15
warm benchmark,TestPortMatchesGoCohere/benchmark-0212-round-2,0.2,16
warm benchmark,TestPortMatchesGoCohere/benchmark-0246-round-0,0.15,15
warm benchmark,TestPortMatchesGoCohere/benchmark-0212-round-1,0.19,16
warm benchmark,TestPortMatchesGoCohere/benchmark-0245-round-2,0.18,13
warm benchmark,TestPortMatchesGoCohere/benchmark-0212-round-0,0.19,16
warm benchmark,TestPortMatchesGoCohere/benchmark-0172-round-0,0.13,16
warm benchmark,TestPortMatchesGoCohere/benchmark-0146-round-1,0.16,1
warm benchmark,TestPortMatchesGoCohere/benchmark-0211-round-2,0.15,1
warm benchmark,TestPortMatchesGoCohere/benchmark-0171-round-2,0.14,16
warm benchmark,TestPortMatchesGoCohere/benchmark-0211-round-1,0.16,1
warm benchmark,TestPortMatchesGoCohere/benchmark-0171-round-1,0.14,16
warm benchmark,TestPortMatchesGoCohere/benchmark-0211-round-0,0.16,1
warm benchmark,TestPortMatchesGoCohere/benchmark-0171-round-0,0.14,16
warm benchmark,TestPortMatchesGoCohere/benchmark-0210-round-2,0.16,5
warm benchmark,TestPortMatchesGoCohere/benchmark-0204-round-0,0.2,1
warm benchmark,TestPortMatchesGoCohere/benchmark-0170-round-2,0.13,16
warm benchmark,TestPortMatchesGoCohere/benchmark-0203-round-2,0.15,9
warm benchmark,TestPortMatchesGoCohere/benchmark-0203-round-1,0.15,9
warm benchmark,TestPortMatchesGoCohere/benchmark-0203-round-0,0.15,9
warm benchmark,TestPortMatchesGoCohere/benchmark-0202-round-2,0.18,3
warm benchmark,TestPortMatchesGoCohere/benchmark-0170-round-1,0.13,16
warm benchmark,TestPortMatchesGoCohere/benchmark-0202-round-1,0.18,3
warm benchmark,TestPortMatchesGoCohere/benchmark-0170-round-0,0.13,16
warm benchmark,TestPortMatchesGoCohere/benchmark-0202-round-0,0.18,3
warm benchmark,TestPortMatchesGoCohere/benchmark-0169-round-2,0.13,16
warm benchmark,TestPortMatchesGoCohere/benchmark-0201-round-2,0.14,3
warm benchmark,TestPortMatchesGoCohere/benchmark-0169-round-1,0.14,16
warm benchmark,TestPortMatchesGoCohere/benchmark-0201-round-1,0.15,3
warm benchmark,TestPortMatchesGoCohere/benchmark-0169-round-0,0.13,16
warm benchmark,TestPortMatchesGoCohere/benchmark-0168-round-2,0.25,1
warm benchmark,TestPortMatchesGoCohere/benchmark-0146-round-0,0.16,1
warm benchmark,TestPortMatchesGoCohere/benchmark-0168-round-1,0.26,1
warm benchmark,TestPortMatchesGoCohere/benchmark-0201-round-0,0.15,3
warm benchmark,TestPortMatchesGoCohere/benchmark-0168-round-0,0.28,1
warm benchmark,TestPortMatchesGoCohere/benchmark-0200-round-2,0.14,1
warm benchmark,TestPortMatchesGoCohere/benchmark-0210-round-1,0.16,5
warm benchmark,TestPortMatchesGoCohere/benchmark-0167-round-2,0.16,1
warm benchmark,TestPortMatchesGoCohere/benchmark-0200-round-1,0.14,1
warm benchmark,TestPortMatchesGoCohere/benchmark-0210-round-0,0.16,5
warm benchmark,TestPortMatchesGoCohere/benchmark-0167-round-1,0.17,1
warm benchmark,TestPortMatchesGoCohere/benchmark-0200-round-0,0.14,1
warm benchmark,TestPortMatchesGoCohere/benchmark-0209-round-2,0.17,14
warm benchmark,TestPortMatchesGoCohere/benchmark-0167-round-0,0.18,1
warm benchmark,TestPortMatchesGoCohere/benchmark-0209-round-1,0.17,14
warm benchmark,TestPortMatchesGoCohere/benchmark-0166-round-2,0.18,1
warm benchmark,TestPortMatchesGoCohere/benchmark-0209-round-0,0.17,14
warm benchmark,TestPortMatchesGoCohere/benchmark-0208-round-2,0.21,1
warm benchmark,TestPortMatchesGoCohere/benchmark-0166-round-1,0.16,1
warm benchmark,TestPortMatchesGoCohere/benchmark-0208-round-1,0.2,1
warm benchmark,TestPortMatchesGoCohere/benchmark-0199-round-2,0.22,4
warm benchmark,TestPortMatchesGoCohere/benchmark-0166-round-0,0.16,1
warm benchmark,TestPortMatchesGoCohere/benchmark-0199-round-1,0.15,4
warm benchmark,TestPortMatchesGoCohere/benchmark-0208-round-0,0.19,1
warm benchmark,TestPortMatchesGoCohere/benchmark-0199-round-0,0.16,4
warm benchmark,TestPortMatchesGoCohere/benchmark-0207-round-2,0.22,1
warm benchmark,TestPortMatchesGoCohere/benchmark-0207-round-1,0.21,1
warm benchmark,TestPortMatchesGoCohere/benchmark-0207-round-0,0.22,1
warm benchmark,TestPortMatchesGoCohere/benchmark-0206-round-2,0.18,2
warm benchmark,TestPortMatchesGoCohere/benchmark-0206-round-1,0.16,2
warm benchmark,TestPortMatchesGoCohere/benchmark-0206-round-0,0.17,2
warm benchmark,TestPortMatchesGoCohere/benchmark-0205-round-2,0.19,1
warm benchmark,TestPortMatchesGoCohere/benchmark-0205-round-1,0.17,1
warm benchmark,TestPortMatchesGoCohere/benchmark-0205-round-0,0.19,1
warm benchmark,TestPortMatchesGoCohere/benchmark-0198-round-2,0.14,16
warm benchmark,TestPortMatchesGoCohere/benchmark-0198-round-1,0.13,16
warm benchmark,TestPortMatchesGoCohere/benchmark-0198-round-0,0.14,16
warm benchmark,TestPortMatchesGoCohere/benchmark-0197-round-2,0.17,16
warm benchmark,TestPortMatchesGoCohere/benchmark-0197-round-1,0.17,16
warm benchmark,TestPortMatchesGoCohere/benchmark-0145-round-2,0.17,5
warm benchmark,TestPortMatchesGoCohere/benchmark-0197-round-0,0.18,16
warm benchmark,TestPortMatchesGoCohere/benchmark-0145-round-1,0.19,5
warm benchmark,TestPortMatchesGoCohere/benchmark-0196-round-2,0.16,16
warm benchmark,TestPortMatchesGoCohere/benchmark-0145-round-0,0.18,5
warm benchmark,TestPortMatchesGoCohere/benchmark-0196-round-1,0.2,16
warm benchmark,TestPortMatchesGoCohere/benchmark-0144-round-2,0.2,1
warm benchmark,TestPortMatchesGoCohere/benchmark-0196-round-0,0.17,16
warm benchmark,TestPortMatchesGoCohere/benchmark-0165-round-2,0.18,10
warm benchmark,TestPortMatchesGoCohere/benchmark-0144-round-1,0.19,1
warm benchmark,TestPortMatchesGoCohere/benchmark-0195-round-2,0.43,1
warm benchmark,TestPortMatchesGoCohere/benchmark-0165-round-1,0.19,10
warm benchmark,TestPortMatchesGoCohere/benchmark-0144-round-0,0.19,1
warm benchmark,TestPortMatchesGoCohere/benchmark-0195-round-1,0.44,1
warm benchmark,TestPortMatchesGoCohere/benchmark-0125-round-1,0.2,1
warm benchmark,TestPortMatchesGoCohere/benchmark-0143-round-2,0.15,3
warm benchmark,TestPortMatchesGoCohere/benchmark-0195-round-0,0.47,1
warm benchmark,TestPortMatchesGoCohere/benchmark-0165-round-0,0.18,10
warm benchmark,TestPortMatchesGoCohere/benchmark-0143-round-1,0.15,3
warm benchmark,TestPortMatchesGoCohere/benchmark-0194-round-2,0.14,8
warm benchmark,TestPortMatchesGoCohere/benchmark-0143-round-0,0.14,3
warm benchmark,TestPortMatchesGoCohere/benchmark-0164-round-2,5.71,1
warm benchmark,TestPortMatchesGoCohere/benchmark-0142-round-2,0.17,1
warm benchmark,TestPortMatchesGoCohere/benchmark-0194-round-1,0.15,8
warm benchmark,TestPortMatchesGoCohere/benchmark-0142-round-1,0.17,1
warm benchmark,TestPortMatchesGoCohere/benchmark-0164-round-1,4.49,1
warm benchmark,TestPortMatchesGoCohere/benchmark-0142-round-0,0.18,1
warm benchmark,TestPortMatchesGoCohere/benchmark-0164-round-0,5.37,1
warm benchmark,TestPortMatchesGoCohere/benchmark-0163-round-2,0.21,2
warm benchmark,TestPortMatchesGoCohere/benchmark-0163-round-1,0.2,2
warm benchmark,TestPortMatchesGoCohere/benchmark-0163-round-0,0.19,2
warm benchmark,TestPortMatchesGoCohere/benchmark-0162-round-2,0.23,2
warm benchmark,TestPortMatchesGoCohere/benchmark-0162-round-1,0.17,2
warm benchmark,TestPortMatchesGoCohere/benchmark-0162-round-0,0.17,2
warm benchmark,TestPortMatchesGoCohere/benchmark-0161-round-2,0.19,1
warm benchmark,TestPortMatchesGoCohere/benchmark-0161-round-1,0.18,1
warm benchmark,TestPortMatchesGoCohere/benchmark-0161-round-0,0.18,1
warm benchmark,TestPortMatchesGoCohere/benchmark-0160-round-2,0.19,2
warm benchmark,TestPortMatchesGoCohere/benchmark-0160-round-1,0.16,2
warm benchmark,TestPortMatchesGoCohere/benchmark-0160-round-0,0.14,2
warm benchmark,TestPortMatchesGoCohere/benchmark-0159-round-2,0.39,1
warm benchmark,TestPortMatchesGoCohere/benchmark-0159-round-1,0.38,1
warm benchmark,TestPortMatchesGoCohere/benchmark-0141-round-2,0.26,1
warm benchmark,TestPortMatchesGoCohere/benchmark-0159-round-0,0.51,1
warm benchmark,TestPortMatchesGoCohere/benchmark-0141-round-1,0.25,1
warm benchmark,TestPortMatchesGoCohere/benchmark-0158-round-2,0.2,1
warm benchmark,TestPortMatchesGoCohere/benchmark-0141-round-0,0.22,1
warm benchmark,TestPortMatchesGoCohere/benchmark-0158-round-1,0.18,1
warm benchmark,TestPortMatchesGoCohere/benchmark-0140-round-2,0.25,7
warm benchmark,TestPortMatchesGoCohere/benchmark-0158-round-0,0.23,1
warm benchmark,TestPortMatchesGoCohere/benchmark-0140-round-1,0.22,7
warm benchmark,TestPortMatchesGoCohere/benchmark-0140-round-0,0.2,7
warm benchmark,TestPortMatchesGoCohere/benchmark-0157-round-2,0.17,8
warm benchmark,TestPortMatchesGoCohere/benchmark-0139-round-2,0.23,4
warm benchmark,TestPortMatchesGoCohere/benchmark-0139-round-1,0.21,4
warm benchmark,TestPortMatchesGoCohere/benchmark-0157-round-1,0.22,8
warm benchmark,TestPortMatchesGoCohere/benchmark-0139-round-0,0.19,4
warm benchmark,TestPortMatchesGoCohere/benchmark-0157-round-0,0.18,8
warm benchmark,TestPortMatchesGoCohere/benchmark-0138-round-2,0.19,2
warm benchmark,TestPortMatchesGoCohere/benchmark-0156-round-2,0.19,7
warm benchmark,TestPortMatchesGoCohere/benchmark-0138-round-1,0.18,2
warm benchmark,TestPortMatchesGoCohere/benchmark-0156-round-1,0.19,7
warm benchmark,TestPortMatchesGoCohere/benchmark-0138-round-0,0.18,2
warm benchmark,TestPortMatchesGoCohere/benchmark-0156-round-0,0.21,7
warm benchmark,TestPortMatchesGoCohere/benchmark-0137-round-2,0.14,16
warm benchmark,TestPortMatchesGoCohere/benchmark-0155-round-2,0.36,1
warm benchmark,TestPortMatchesGoCohere/benchmark-0137-round-1,0.17,16
warm benchmark,TestPortMatchesGoCohere/benchmark-0155-round-1,0.34,1
warm benchmark,TestPortMatchesGoCohere/benchmark-0137-round-0,0.21,16
warm benchmark,TestPortMatchesGoCohere/benchmark-0155-round-0,0.37,1
warm benchmark,TestPortMatchesGoCohere/benchmark-0136-round-2,0.17,16
warm benchmark,TestPortMatchesGoCohere/benchmark-0194-round-0,0.2,8
warm benchmark,TestPortMatchesGoCohere/benchmark-0154-round-2,0.17,12
warm benchmark,TestPortMatchesGoCohere/benchmark-0136-round-1,0.15,16
warm benchmark,TestPortMatchesGoCohere/benchmark-0193-round-2,0.28,5
warm benchmark,TestPortMatchesGoCohere/benchmark-0136-round-0,0.22,16
warm benchmark,TestPortMatchesGoCohere/benchmark-0193-round-1,0.19,5
warm benchmark,TestPortMatchesGoCohere/benchmark-0135-round-2,0.14,16
warm benchmark,TestPortMatchesGoCohere/benchmark-0154-round-1,0.17,12
warm benchmark,TestPortMatchesGoCohere/benchmark-0193-round-0,0.2,5
warm benchmark,TestPortMatchesGoCohere/benchmark-0135-round-1,0.14,16
warm benchmark,TestPortMatchesGoCohere/benchmark-0192-round-2,0.19,16
warm benchmark,TestPortMatchesGoCohere/benchmark-0154-round-0,0.17,12
warm benchmark,TestPortMatchesGoCohere/benchmark-0192-round-1,0.2,16
warm benchmark,TestPortMatchesGoCohere/benchmark-0153-round-2,0.21,12
warm benchmark,TestPortMatchesGoCohere/benchmark-0192-round-0,0.21,16
warm benchmark,TestPortMatchesGoCohere/benchmark-0153-round-1,0.26,12
warm benchmark,TestPortMatchesGoCohere/benchmark-0191-round-2,0.56,1
warm benchmark,TestPortMatchesGoCohere/benchmark-0153-round-0,0.29,12
warm benchmark,TestPortMatchesGoCohere/benchmark-0191-round-1,0.53,1
warm benchmark,TestPortMatchesGoCohere/benchmark-0152-round-2,0.21,6
warm benchmark,TestPortMatchesGoCohere/benchmark-0191-round-0,0.51,1
warm benchmark,TestPortMatchesGoCohere/benchmark-0152-round-1,0.24,6
warm benchmark,TestPortMatchesGoCohere/benchmark-0190-round-2,0.19,1
warm benchmark,TestPortMatchesGoCohere/benchmark-0152-round-0,0.22,6
warm benchmark,TestPortMatchesGoCohere/benchmark-0190-round-1,0.2,1
warm benchmark,TestPortMatchesGoCohere/benchmark-0151-round-2,0.21,8
warm benchmark,TestPortMatchesGoCohere/benchmark-0190-round-0,0.21,1
warm benchmark,TestPortMatchesGoCohere/benchmark-0151-round-1,0.2,8
warm benchmark,TestPortMatchesGoCohere/benchmark-0189-round-2,0.14,2
warm benchmark,TestPortMatchesGoCohere/benchmark-0151-round-0,0.21,8
warm benchmark,TestPortMatchesGoCohere/benchmark-0189-round-1,0.14,2
warm benchmark,TestPortMatchesGoCohere/benchmark-0189-round-0,0.13,2
warm benchmark,TestPortMatchesGoCohere/benchmark-0150-round-2,0.21,6
warm benchmark,TestPortMatchesGoCohere/benchmark-0188-round-2,0.16,2
warm benchmark,TestPortMatchesGoCohere/benchmark-0150-round-1,0.21,6
warm benchmark,TestPortMatchesGoCohere/benchmark-0188-round-1,0.15,2
warm benchmark,TestPortMatchesGoCohere/benchmark-0150-round-0,0.22,6
warm benchmark,TestPortMatchesGoCohere/benchmark-0188-round-0,0.15,2
warm benchmark,TestPortMatchesGoCohere/benchmark-0149-round-2,0.15,6
warm benchmark,TestPortMatchesGoCohere/benchmark-0187-round-2,0.14,1
warm benchmark,TestPortMatchesGoCohere/benchmark-0149-round-1,0.17,6
warm benchmark,TestPortMatchesGoCohere/benchmark-0187-round-1,0.14,1
warm benchmark,TestPortMatchesGoCohere/benchmark-0149-round-0,0.16,6
warm benchmark,TestPortMatchesGoCohere/benchmark-0187-round-0,0.15,1
warm benchmark,TestPortMatchesGoCohere/benchmark-0148-round-2,0.16,6
warm benchmark,TestPortMatchesGoCohere/benchmark-0186-round-2,0.16,2
warm benchmark,TestPortMatchesGoCohere/benchmark-0148-round-1,0.17,6
warm benchmark,TestPortMatchesGoCohere/benchmark-0186-round-1,0.16,2
warm benchmark,TestPortMatchesGoCohere/benchmark-0148-round-0,0.17,6
warm benchmark,TestPortMatchesGoCohere/benchmark-0186-round-0,0.16,2
warm benchmark,TestPortMatchesGoCohere/benchmark-0395-round-2,0.18,1
warm benchmark,TestPortMatchesGoCohere/benchmark-0147-round-2,0.17,3
warm benchmark,TestPortMatchesGoCohere/benchmark-0185-round-2,0.2,8
warm benchmark,TestPortMatchesGoCohere/benchmark-0147-round-1,0.18,3
warm benchmark,TestPortMatchesGoCohere/benchmark-0185-round-1,0.2,8
warm benchmark,TestPortMatchesGoCohere/benchmark-0185-round-0,0.19,8
warm benchmark,TestPortMatchesGoCohere/benchmark-0135-round-0,0.14,16
warm benchmark,TestPortMatchesGoCohere/benchmark-0184-round-2,0.15,16
warm benchmark,TestPortMatchesGoCohere/benchmark-0134-round-2,0.13,16
warm benchmark,TestPortMatchesGoCohere/benchmark-0184-round-1,0.15,16
warm benchmark,TestPortMatchesGoCohere/benchmark-0134-round-1,0.16,16
warm benchmark,TestPortMatchesGoCohere/benchmark-0184-round-0,0.16,16
warm benchmark,TestPortMatchesGoCohere/benchmark-0134-round-0,0.13,16
warm benchmark,TestPortMatchesGoCohere/benchmark-0183-round-2,0.14,16
warm benchmark,TestPortMatchesGoCohere/benchmark-0133-round-2,0.13,16
warm benchmark,TestPortMatchesGoCohere/benchmark-0183-round-1,0.14,16
warm benchmark,TestPortMatchesGoCohere/benchmark-0183-round-0,0.15,16
warm benchmark,TestPortMatchesGoCohere/benchmark-0182-round-2,0.2,16
warm benchmark,TestPortMatchesGoCohere/benchmark-0182-round-1,0.18,16
warm benchmark,TestPortMatchesGoCohere/benchmark-0182-round-0,0.17,16
warm benchmark,TestPortMatchesGoCohere/benchmark-0181-round-2,0.15,16
warm benchmark,TestPortMatchesGoCohere/benchmark-0147-round-0,0.16,3
warm benchmark,TestPortMatchesGoCohere/benchmark-0181-round-1,0.14,16
warm benchmark,TestPortMatchesGoCohere/benchmark-0146-round-2,0.16,1
warm benchmark,TestPortMatchesGoCohere/benchmark-0125-round-0,0.19,1
warm benchmark,TestPortMatchesGoCohere/benchmark-0181-round-0,0.14,16
warm benchmark,TestPortMatchesGoCohere/benchmark-0124-round-2,0.21,1
warm benchmark,TestPortMatchesGoCohere/benchmark-0180-round-2,0.14,16
warm benchmark,TestPortMatchesGoCohere/benchmark-0124-round-1,0.21,1
warm benchmark,TestPortMatchesGoCohere/benchmark-0180-round-1,0.18,16
warm benchmark,TestPortMatchesGoCohere/benchmark-0124-round-0,0.23,1
warm benchmark,TestPortMatchesGoCohere/benchmark-0180-round-0,0.15,16
warm benchmark,TestPortMatchesGoCohere/benchmark-0123-round-2,2.18,1
warm benchmark,TestPortMatchesGoCohere/benchmark-0179-round-2,0.17,16
warm benchmark,TestPortMatchesGoCohere/benchmark-0179-round-1,0.15,16
warm benchmark,TestPortMatchesGoCohere/benchmark-0108-round-2,0.28,11
warm benchmark,TestPortMatchesGoCohere/benchmark-0395-round-1,0.55,1
warm benchmark,TestPortMatchesGoCohere/benchmark-0123-round-1,3.03,1
warm benchmark,TestPortMatchesGoCohere/benchmark-0395-round-0,0.26,1
warm benchmark,TestPortMatchesGoCohere/benchmark-0179-round-0,0.15,16
warm benchmark,TestPortMatchesGoCohere/benchmark-0123-round-0,3.3,1
warm benchmark,TestPortMatchesGoCohere/benchmark-0394-round-2,0.34,1
warm benchmark,TestPortMatchesGoCohere/benchmark-0178-round-2,0.52,16
warm benchmark,TestPortMatchesGoCohere/benchmark-0394-round-1,0.3,1
warm benchmark,TestPortMatchesGoCohere/benchmark-0122-round-2,1.17,1
warm benchmark,TestPortMatchesGoCohere/benchmark-0178-round-1,0.21,16
warm benchmark,TestPortMatchesGoCohere/benchmark-0394-round-0,0.21,1
warm benchmark,TestPortMatchesGoCohere/benchmark-0122-round-1,0.79,1
warm benchmark,TestPortMatchesGoCohere/benchmark-0178-round-0,0.32,16
warm benchmark,TestPortMatchesGoCohere/benchmark-0122-round-0,0.92,1
warm benchmark,TestPortMatchesGoCohere/benchmark-0393-round-2,0.39,1
warm benchmark,TestPortMatchesGoCohere/benchmark-0177-round-2,0.25,16
warm benchmark,TestPortMatchesGoCohere/benchmark-0121-round-2,2.52,1
warm benchmark,TestPortMatchesGoCohere/benchmark-0177-round-1,0.16,16
warm benchmark,TestPortMatchesGoCohere/benchmark-0121-round-1,1.79,1
warm benchmark,TestPortMatchesGoCohere/benchmark-0133-round-1,0.27,16
warm benchmark,TestPortMatchesGoCohere/benchmark-0121-round-0,2.67,1
warm benchmark,TestPortMatchesGoCohere/benchmark-0133-round-0,0.19,16
warm benchmark,TestPortMatchesGoCohere/benchmark-0120-round-2,1.43,1
warm benchmark,TestPortMatchesGoCohere/benchmark-0108-round-1,0.36,11
warm benchmark,TestPortMatchesGoCohere/benchmark-0120-round-1,1.51,1
warm benchmark,TestPortMatchesGoCohere/benchmark-0132-round-2,0.15,16
warm benchmark,TestPortMatchesGoCohere/benchmark-0177-round-0,0.15,16
warm benchmark,TestPortMatchesGoCohere/benchmark-0132-round-1,0.14,16
warm benchmark,TestPortMatchesGoCohere/benchmark-0176-round-2,0.15,16
warm benchmark,TestPortMatchesGoCohere/benchmark-0120-round-0,1.61,1
warm benchmark,TestPortMatchesGoCohere/benchmark-0176-round-1,0.24,16
warm benchmark,TestPortMatchesGoCohere/benchmark-0132-round-0,0.16,16
warm benchmark,TestPortMatchesGoCohere/benchmark-0119-round-2,0.19,3
warm benchmark,TestPortMatchesGoCohere/benchmark-0176-round-0,0.21,16
warm benchmark,TestPortMatchesGoCohere/benchmark-0131-round-2,0.14,16
warm benchmark,TestPortMatchesGoCohere/benchmark-0175-round-2,0.14,16
warm benchmark,TestPortMatchesGoCohere/benchmark-0119-round-1,0.17,3
warm benchmark,TestPortMatchesGoCohere/benchmark-0088-round-1,0.34,1
warm benchmark,TestPortMatchesGoCohere/benchmark-0175-round-1,0.13,16
warm benchmark,TestPortMatchesGoCohere/benchmark-0131-round-0,0.14,16
warm benchmark,TestPortMatchesGoCohere/benchmark-0175-round-0,0.12,16
warm benchmark,TestPortMatchesGoCohere/benchmark-0119-round-0,0.16,3
warm benchmark,TestPortMatchesGoCohere/benchmark-0174-round-2,0.13,16
warm benchmark,TestPortMatchesGoCohere/benchmark-0130-round-2,0.19,16
warm benchmark,TestPortMatchesGoCohere/benchmark-0118-round-2,0.4,1
warm benchmark,TestPortMatchesGoCohere/benchmark-0131-round-1,0.14,16
warm benchmark,TestPortMatchesGoCohere/benchmark-0130-round-1,0.19,16
warm benchmark,TestPortMatchesGoCohere/benchmark-0174-round-0,0.17,16
warm benchmark,TestPortMatchesGoCohere/benchmark-0118-round-1,0.52,1
warm benchmark,TestPortMatchesGoCohere/benchmark-0173-round-2,0.28,16
warm benchmark,TestPortMatchesGoCohere/benchmark-0118-round-0,0.7,1
warm benchmark,TestPortMatchesGoCohere/benchmark-0117-round-2,3.78,1
warm benchmark,TestPortMatchesGoCohere/benchmark-0393-round-1,0.28,1
warm benchmark,TestPortMatchesGoCohere/benchmark-0117-round-1,3.13,1
warm benchmark,TestPortMatchesGoCohere/benchmark-0393-round-0,0.28,1
warm benchmark,TestPortMatchesGoCohere/benchmark-0173-round-1,0.16,16
warm benchmark,TestPortMatchesGoCohere/benchmark-0117-round-0,2.66,1
warm benchmark,TestPortMatchesGoCohere/benchmark-0392-round-2,0.14,5
warm benchmark,TestPortMatchesGoCohere/benchmark-0116-round-2,0.16,1
warm benchmark,TestPortMatchesGoCohere/benchmark-0173-round-0,0.21,16
warm benchmark,TestPortMatchesGoCohere/benchmark-0392-round-1,0.16,5
warm benchmark,TestPortMatchesGoCohere/benchmark-0116-round-1,0.18,1
warm benchmark,TestPortMatchesGoCohere/benchmark-0172-round-2,0.18,16
warm benchmark,TestPortMatchesGoCohere/benchmark-0392-round-0,0.19,5
warm benchmark,TestPortMatchesGoCohere/benchmark-0116-round-0,0.23,1
warm benchmark,TestPortMatchesGoCohere/benchmark-0391-round-2,0.32,16
warm benchmark,TestPortMatchesGoCohere/benchmark-0172-round-1,0.15,16
warm benchmark,TestPortMatchesGoCohere/benchmark-0391-round-1,0.39,16
warm benchmark,TestPortMatchesGoCohere/benchmark-0115-round-2,0.59,1
warm benchmark,TestPortMatchesGoCohere/benchmark-0391-round-0,0.2,16
warm benchmark,TestPortMatchesGoCohere/benchmark-0115-round-1,0.4,1
warm benchmark,TestPortMatchesGoCohere/benchmark-0390-round-2,0.2,16
warm benchmark,TestPortMatchesGoCohere/benchmark-0115-round-0,0.48,1
warm benchmark,TestPortMatchesGoCohere/benchmark-0390-round-1,0.22,16
warm benchmark,TestPortMatchesGoCohere/benchmark-0114-round-2,0.4,1
warm benchmark,TestPortMatchesGoCohere/benchmark-0390-round-0,0.29,16
warm benchmark,TestPortMatchesGoCohere/benchmark-0114-round-1,0.38,1
warm benchmark,TestPortMatchesGoCohere/benchmark-0389-round-2,0.27,1
warm benchmark,TestPortMatchesGoCohere/benchmark-0114-round-0,0.38,1
warm benchmark,TestPortMatchesGoCohere/benchmark-0108-round-0,0.25,11
warm benchmark,TestPortMatchesGoCohere/benchmark-0113-round-2,13.61,1
warm benchmark,TestPortMatchesGoCohere/benchmark-0346-round-1,0.2,4
warm benchmark,TestPortMatchesGoCohere/benchmark-0107-round-2,0.3,9
warm benchmark,TestPortMatchesGoCohere/benchmark-0389-round-0,0.33,1
warm benchmark,TestPortMatchesGoCohere/benchmark-0107-round-1,0.26,9
warm benchmark,TestPortMatchesGoCohere/benchmark-0113-round-1,9.9,1
warm benchmark,TestPortMatchesGoCohere/benchmark-0107-round-0,0.34,9
warm benchmark,TestPortMatchesGoCohere/benchmark-0113-round-0,10.42,1
warm benchmark,TestPortMatchesGoCohere/benchmark-0106-round-2,0.26,13
warm benchmark,TestPortMatchesGoCohere/benchmark-0130-round-0,0.33,16
warm benchmark,TestPortMatchesGoCohere/benchmark-0106-round-1,0.24,13
warm benchmark,TestPortMatchesGoCohere/benchmark-0129-round-2,0.67,1
warm benchmark,TestPortMatchesGoCohere/benchmark-0112-round-2,2.36,1
warm benchmark,TestPortMatchesGoCohere/benchmark-0106-round-0,0.28,13
warm benchmark,TestPortMatchesGoCohere/benchmark-0112-round-1,1.76,1
warm benchmark,TestPortMatchesGoCohere/benchmark-0129-round-1,0.63,1
warm benchmark,TestPortMatchesGoCohere/benchmark-0105-round-2,0.3,1
warm benchmark,TestPortMatchesGoCohere/benchmark-0129-round-0,0.67,1
warm benchmark,TestPortMatchesGoCohere/benchmark-0105-round-1,0.4,1
warm benchmark,TestPortMatchesGoCohere/benchmark-0112-round-0,2.22,1
warm benchmark,TestPortMatchesGoCohere/benchmark-0128-round-2,0.79,1
warm benchmark,TestPortMatchesGoCohere/benchmark-0105-round-0,0.38,1
warm benchmark,TestPortMatchesGoCohere/benchmark-0111-round-2,1.51,1
warm benchmark,TestPortMatchesGoCohere/benchmark-0104-round-2,0.17,3
warm benchmark,TestPortMatchesGoCohere/benchmark-0111-round-1,1.96,1
warm benchmark,TestPortMatchesGoCohere/benchmark-0128-round-1,0.76,1
warm benchmark,TestPortMatchesGoCohere/benchmark-0104-round-1,0.15,3
warm benchmark,TestPortMatchesGoCohere/benchmark-0128-round-0,0.6,1
warm benchmark,TestPortMatchesGoCohere/benchmark-0104-round-0,0.13,3
warm benchmark,TestPortMatchesGoCohere/benchmark-0127-round-2,1.07,1
warm benchmark,TestPortMatchesGoCohere/benchmark-0103-round-2,0.26,16
warm benchmark,TestPortMatchesGoCohere/benchmark-0127-round-1,1.1,1
warm benchmark,TestPortMatchesGoCohere/benchmark-0103-round-1,0.43,16
warm benchmark,TestPortMatchesGoCohere/benchmark-0127-round-0,1.83,1
warm benchmark,TestPortMatchesGoCohere/benchmark-0111-round-0,1.82,1
warm benchmark,TestPortMatchesGoCohere/benchmark-0103-round-0,0.37,16
warm benchmark,TestPortMatchesGoCohere/benchmark-0126-round-2,0.26,1
warm benchmark,TestPortMatchesGoCohere/benchmark-0110-round-2,0.32,14
warm benchmark,TestPortMatchesGoCohere/benchmark-0102-round-2,0.38,13
warm benchmark,TestPortMatchesGoCohere/benchmark-0126-round-1,0.34,1
warm benchmark,TestPortMatchesGoCohere/benchmark-0102-round-1,0.21,13
warm benchmark,TestPortMatchesGoCohere/benchmark-0126-round-0,0.3,1
warm benchmark,TestPortMatchesGoCohere/benchmark-0110-round-1,0.32,14
warm benchmark,TestPortMatchesGoCohere/benchmark-0102-round-0,0.39,13
warm benchmark,TestPortMatchesGoCohere/benchmark-0125-round-2,0.38,1
warm benchmark,TestPortMatchesGoCohere/benchmark-0110-round-0,0.34,14
warm benchmark,TestPortMatchesGoCohere/benchmark-0101-round-2,0.26,16
warm benchmark,TestPortMatchesGoCohere/benchmark-0109-round-2,1.1,1
warm benchmark,TestPortMatchesGoCohere/benchmark-0101-round-1,0.22,16
warm benchmark,TestPortMatchesGoCohere/benchmark-0101-round-0,0.21,16
warm benchmark,TestPortMatchesGoCohere/benchmark-0109-round-1,0.84,1
warm benchmark,TestPortMatchesGoCohere/benchmark-0100-round-2,0.22,5
warm benchmark,TestPortMatchesGoCohere/benchmark-0109-round-0,0.79,1
warm benchmark,TestPortMatchesGoCohere/benchmark-0095-round-1,0.25,16
warm benchmark,TestPortMatchesGoCohere/benchmark-0100-round-1,0.32,5
warm benchmark,TestPortMatchesGoCohere/benchmark-0095-round-0,0.38,16
warm benchmark,TestPortMatchesGoCohere/benchmark-0100-round-0,0.24,5
warm benchmark,TestPortMatchesGoCohere/benchmark-0085-round-0,0.21,16
warm benchmark,TestPortMatchesGoCohere/benchmark-0094-round-2,0.41,15
warm benchmark,TestPortMatchesGoCohere/benchmark-0099-round-2,0.39,16
warm benchmark,TestPortMatchesGoCohere/benchmark-0084-round-2,0.19,16
warm benchmark,TestPortMatchesGoCohere/benchmark-0099-round-1,0.32,16
warm benchmark,TestPortMatchesGoCohere/benchmark-0084-round-1,0.27,16
warm benchmark,TestPortMatchesGoCohere/benchmark-0099-round-0,0.29,16
warm benchmark,TestPortMatchesGoCohere/benchmark-0098-round-2,0.45,1
warm benchmark,TestPortMatchesGoCohere/benchmark-0388-round-2,0.16,6
warm benchmark,TestPortMatchesGoCohere/benchmark-0098-round-1,0.45,1
warm benchmark,TestPortMatchesGoCohere/benchmark-0388-round-1,0.29,6
warm benchmark,TestPortMatchesGoCohere/benchmark-0098-round-0,0.47,1
warm benchmark,TestPortMatchesGoCohere/benchmark-0084-round-0,0.23,16
warm benchmark,TestPortMatchesGoCohere/benchmark-0388-round-0,0.15,6
warm benchmark,TestPortMatchesGoCohere/benchmark-0097-round-2,0.23,1
warm benchmark,TestPortMatchesGoCohere/benchmark-0083-round-2,0.19,16
warm benchmark,TestPortMatchesGoCohere/benchmark-0097-round-1,0.17,1
warm benchmark,TestPortMatchesGoCohere/benchmark-0083-round-1,0.16,16
warm benchmark,TestPortMatchesGoCohere/benchmark-0387-round-2,0.58,1
warm benchmark,TestPortMatchesGoCohere/benchmark-0083-round-0,0.15,16
warm benchmark,TestPortMatchesGoCohere/benchmark-0076-round-2,0.17,16
warm benchmark,TestPortMatchesGoCohere/benchmark-0387-round-1,0.51,1
warm benchmark,TestPortMatchesGoCohere/benchmark-0097-round-0,0.2,1
warm benchmark,TestPortMatchesGoCohere/benchmark-0387-round-0,0.54,1
warm benchmark,TestPortMatchesGoCohere/benchmark-0082-round-2,0.15,16
warm benchmark,TestPortMatchesGoCohere/benchmark-0386-round-2,0.51,1
warm benchmark,TestPortMatchesGoCohere/benchmark-0096-round-2,0.33,16
warm benchmark,TestPortMatchesGoCohere/benchmark-0386-round-1,0.42,1
warm benchmark,TestPortMatchesGoCohere/benchmark-0386-round-0,0.41,1
warm benchmark,TestPortMatchesGoCohere/benchmark-0096-round-1,0.21,16
warm benchmark,TestPortMatchesGoCohere/benchmark-0385-round-2,0.13,1
warm benchmark,TestPortMatchesGoCohere/benchmark-0385-round-1,0.13,1
warm benchmark,TestPortMatchesGoCohere/benchmark-0385-round-0,0.13,1
warm benchmark,TestPortMatchesGoCohere/benchmark-0384-round-2,0.15,1
warm benchmark,TestPortMatchesGoCohere/benchmark-0384-round-1,0.15,1
warm benchmark,TestPortMatchesGoCohere/benchmark-0384-round-0,0.16,1
warm benchmark,TestPortMatchesGoCohere/benchmark-0383-round-2,0.14,1
warm benchmark,TestPortMatchesGoCohere/benchmark-0383-round-1,0.14,1
warm benchmark,TestPortMatchesGoCohere/benchmark-0383-round-0,0.14,1
warm benchmark,TestPortMatchesGoCohere/benchmark-0076-round-1,0.14,16
warm benchmark,TestPortMatchesGoCohere/benchmark-0382-round-2,0.15,16
warm benchmark,TestPortMatchesGoCohere/benchmark-0382-round-1,0.19,16
warm benchmark,TestPortMatchesGoCohere/benchmark-0382-round-0,0.21,16
warm benchmark,TestPortMatchesGoCohere/benchmark-0381-round-2,0.2,1
warm benchmark,TestPortMatchesGoCohere/benchmark-0381-round-1,0.17,1
warm benchmark,TestPortMatchesGoCohere/benchmark-0096-round-0,0.23,16
warm benchmark,TestPortMatchesGoCohere/benchmark-0381-round-0,0.22,1
warm benchmark,TestPortMatchesGoCohere/benchmark-0380-round-2,0.33,8
warm benchmark,TestPortMatchesGoCohere/benchmark-0095-round-2,0.61,16
warm benchmark,TestPortMatchesGoCohere/benchmark-0380-round-1,0.24,8
warm benchmark,TestPortMatchesGoCohere/benchmark-0380-round-0,0.3,8
warm benchmark,TestPortMatchesGoCohere/benchmark-0379-round-2,0.18,1
warm benchmark,TestPortMatchesGoCohere/benchmark-0379-round-1,0.17,1
warm benchmark,TestPortMatchesGoCohere/benchmark-0379-round-0,0.17,1
warm benchmark,TestPortMatchesGoCohere/benchmark-0076-round-0,0.15,16
warm benchmark,TestPortMatchesGoCohere/benchmark-0378-round-2,0.23,8
warm benchmark,TestPortMatchesGoCohere/benchmark-0075-round-2,0.29,16
warm benchmark,TestPortMatchesGoCohere/benchmark-0378-round-1,0.18,8
warm benchmark,TestPortMatchesGoCohere/benchmark-0378-round-0,0.17,8
warm benchmark,TestPortMatchesGoCohere/benchmark-0075-round-1,0.23,16
warm benchmark,TestPortMatchesGoCohere/benchmark-0377-round-2,0.2,16
warm benchmark,TestPortMatchesGoCohere/benchmark-0075-round-0,0.26,16
warm benchmark,TestPortMatchesGoCohere/benchmark-0082-round-1,0.14,16
warm benchmark,TestPortMatchesGoCohere/benchmark-0074-round-2,0.24,16
warm benchmark,TestPortMatchesGoCohere/benchmark-0377-round-1,0.17,16
warm benchmark,TestPortMatchesGoCohere/benchmark-0082-round-0,0.25,16
warm benchmark,TestPortMatchesGoCohere/benchmark-0377-round-0,0.25,16
warm benchmark,TestPortMatchesGoCohere/benchmark-0081-round-2,0.19,16
warm benchmark,TestPortMatchesGoCohere/benchmark-0376-round-2,0.29,1
warm benchmark,TestPortMatchesGoCohere/benchmark-0074-round-1,0.19,16
warm benchmark,TestPortMatchesGoCohere/benchmark-0376-round-1,0.17,1
warm benchmark,TestPortMatchesGoCohere/benchmark-0081-round-1,0.14,16
warm benchmark,TestPortMatchesGoCohere/benchmark-0074-round-0,0.16,16
warm benchmark,TestPortMatchesGoCohere/benchmark-0376-round-0,0.23,1
warm benchmark,TestPortMatchesGoCohere/benchmark-0081-round-0,0.14,16
warm benchmark,TestPortMatchesGoCohere/benchmark-0375-round-2,0.15,7
warm benchmark,TestPortMatchesGoCohere/benchmark-0073-round-2,0.16,16
warm benchmark,TestPortMatchesGoCohere/benchmark-0375-round-1,0.15,7
warm benchmark,TestPortMatchesGoCohere/benchmark-0073-round-1,0.24,16
warm benchmark,TestPortMatchesGoCohere/benchmark-0080-round-2,0.15,16
warm benchmark,TestPortMatchesGoCohere/benchmark-0073-round-0,0.17,16
warm benchmark,TestPortMatchesGoCohere/benchmark-0080-round-1,0.2,16
warm benchmark,TestPortMatchesGoCohere/benchmark-0072-round-2,0.23,16
warm benchmark,TestPortMatchesGoCohere/benchmark-0080-round-0,0.15,16
warm benchmark,TestPortMatchesGoCohere/benchmark-0069-round-2,0.23,16
warm benchmark,TestPortMatchesGoCohere/benchmark-0072-round-1,0.15,16
warm benchmark,TestPortMatchesGoCohere/benchmark-0069-round-1,0.15,16
warm benchmark,TestPortMatchesGoCohere/benchmark-0072-round-0,0.15,16
warm benchmark,TestPortMatchesGoCohere/benchmark-0069-round-0,0.14,16
warm benchmark,TestPortMatchesGoCohere/benchmark-0064-round-2,0.14,16
warm benchmark,TestPortMatchesGoCohere/benchmark-0068-round-2,0.14,16
warm benchmark,TestPortMatchesGoCohere/benchmark-0079-round-2,0.14,16
warm benchmark,TestPortMatchesGoCohere/benchmark-0068-round-1,0.13,16
warm benchmark,TestPortMatchesGoCohere/benchmark-0068-round-0,0.13,16
warm benchmark,TestPortMatchesGoCohere/benchmark-0067-round-2,0.13,16
warm benchmark,TestPortMatchesGoCohere/benchmark-0067-round-1,0.14,16
warm benchmark,TestPortMatchesGoCohere/benchmark-0067-round-0,0.14,16
warm benchmark,TestPortMatchesGoCohere/benchmark-0066-round-2,0.14,16
warm benchmark,TestPortMatchesGoCohere/benchmark-0066-round-1,0.14,16
warm benchmark,TestPortMatchesGoCohere/benchmark-0066-round-0,0.14,16
warm benchmark,TestPortMatchesGoCohere/benchmark-0065-round-2,0.13,16
warm benchmark,TestPortMatchesGoCohere/benchmark-0065-round-1,0.14,16
warm benchmark,TestPortMatchesGoCohere/benchmark-0065-round-0,0.13,16
warm benchmark,TestPortMatchesGoCohere/benchmark-0079-round-1,0.14,16
warm benchmark,TestPortMatchesGoCohere/benchmark-0079-round-0,0.14,16
warm benchmark,TestPortMatchesGoCohere/benchmark-0064-round-1,0.16,16
warm benchmark,TestPortMatchesGoCohere/benchmark-0078-round-2,0.2,16
warm benchmark,TestPortMatchesGoCohere/benchmark-0064-round-0,0.16,16
warm benchmark,TestPortMatchesGoCohere/benchmark-0078-round-1,0.26,16
warm benchmark,TestPortMatchesGoCohere/benchmark-0063-round-2,0.16,16
warm benchmark,TestPortMatchesGoCohere/benchmark-0078-round-0,0.26,16
warm benchmark,TestPortMatchesGoCohere/benchmark-0071-round-2,0.19,16
warm benchmark,TestPortMatchesGoCohere/benchmark-0077-round-2,0.38,16
warm benchmark,TestPortMatchesGoCohere/benchmark-0071-round-1,0.29,16
warm benchmark,TestPortMatchesGoCohere/benchmark-0063-round-1,0.32,16
warm benchmark,TestPortMatchesGoCohere/benchmark-0077-round-1,0.29,16
warm benchmark,TestPortMatchesGoCohere/benchmark-0063-round-0,0.24,16
warm benchmark,TestPortMatchesGoCohere/benchmark-0071-round-0,0.22,16
warm benchmark,TestPortMatchesGoCohere/benchmark-0062-round-2,0.25,16
warm benchmark,TestPortMatchesGoCohere/benchmark-0077-round-0,0.15,16
warm benchmark,TestPortMatchesGoCohere/benchmark-0070-round-2,0.17,16
warm benchmark,TestPortMatchesGoCohere/benchmark-0062-round-1,0.15,16
warm benchmark,TestPortMatchesGoCohere/benchmark-0070-round-1,0.17,16
warm benchmark,TestPortMatchesGoCohere/benchmark-0062-round-0,0.25,16
warm benchmark,TestPortMatchesGoCohere/benchmark-0060-round-1,0.25,16
warm benchmark,TestPortMatchesGoCohere/benchmark-0070-round-0,0.16,16
warm benchmark,TestPortMatchesGoCohere/benchmark-0061-round-2,0.22,16
warm benchmark,TestPortMatchesGoCohere/benchmark-0060-round-0,0.2,16
warm benchmark,TestPortMatchesGoCohere/benchmark-0061-round-1,0.23,16
warm benchmark,TestPortMatchesGoCohere/benchmark-0059-round-2,0.15,16
warm benchmark,TestPortMatchesGoCohere/benchmark-0061-round-0,0.31,16
warm benchmark,TestPortMatchesGoCohere/benchmark-0057-round-0,0.22,16
warm benchmark,TestPortMatchesGoCohere/benchmark-0059-round-1,0.16,16
warm benchmark,TestPortMatchesGoCohere/benchmark-0056-round-2,0.3,7
warm benchmark,TestPortMatchesGoCohere/benchmark-0060-round-2,0.15,16
warm benchmark,TestPortMatchesGoCohere/benchmark-0059-round-0,0.19,16
warm benchmark,TestPortMatchesGoCohere/benchmark-0056-round-1,0.19,7
warm benchmark,TestPortMatchesGoCohere/benchmark-0058-round-2,0.28,16
warm benchmark,TestPortMatchesGoCohere/benchmark-0054-round-1,0.12,1
warm benchmark,TestPortMatchesGoCohere/benchmark-0056-round-0,0.27,7
warm benchmark,TestPortMatchesGoCohere/benchmark-0054-round-0,0.14,1
warm benchmark,TestPortMatchesGoCohere/benchmark-0058-round-1,0.16,16
warm benchmark,TestPortMatchesGoCohere/benchmark-0055-round-2,0.35,1
warm benchmark,TestPortMatchesGoCohere/benchmark-0053-round-2,0.32,1
warm benchmark,TestPortMatchesGoCohere/benchmark-0055-round-1,0.36,1
warm benchmark,TestPortMatchesGoCohere/benchmark-0053-round-1,0.38,1
warm benchmark,TestPortMatchesGoCohere/benchmark-0058-round-0,0.15,16
warm benchmark,TestPortMatchesGoCohere/benchmark-0053-round-0,0.26,1
warm benchmark,TestPortMatchesGoCohere/benchmark-0057-round-2,0.19,16
warm benchmark,TestPortMatchesGoCohere/benchmark-0055-round-0,0.23,1
warm benchmark,TestPortMatchesGoCohere/benchmark-0052-round-2,0.13,5
warm benchmark,TestPortMatchesGoCohere/benchmark-0054-round-2,0.13,1
warm benchmark,TestPortMatchesGoCohere/benchmark-0057-round-1,0.19,16
warm benchmark,TestPortMatchesGoCohere/benchmark-0052-round-1,0.13,5
warm benchmark,TestPortMatchesGoCohere/benchmark-0052-round-0,0.13,5
warm benchmark,TestPortMatchesGoCohere/benchmark-0050-round-2,0.13,16
warm benchmark,TestPortMatchesGoCohere/benchmark-0049-round-1,0.14,16
warm benchmark,TestPortMatchesGoCohere/benchmark-0051-round-2,0.14,15
warm benchmark,TestPortMatchesGoCohere/benchmark-0050-round-1,0.15,16
warm benchmark,TestPortMatchesGoCohere/benchmark-0049-round-0,0.13,16
warm benchmark,TestPortMatchesGoCohere/benchmark-0051-round-1,0.13,15
warm benchmark,TestPortMatchesGoCohere/benchmark-0050-round-0,0.14,16
warm benchmark,TestPortMatchesGoCohere/benchmark-0048-round-2,0.14,16
warm benchmark,TestPortMatchesGoCohere/benchmark-0048-round-1,0.13,16
warm benchmark,TestPortMatchesGoCohere/benchmark-0049-round-2,0.15,16
warm benchmark,TestPortMatchesGoCohere/benchmark-0048-round-0,0.16,16
warm benchmark,TestPortMatchesGoCohere/benchmark-0051-round-0,0.13,15
warm benchmark,TestPortMatchesGoCohere/benchmark-0047-round-2,0.15,16
warm benchmark,TestPortMatchesGoCohere/benchmark-0047-round-1,0.17,16
warm benchmark,TestPortMatchesGoCohere/benchmark-0046-round-2,0.18,16
warm benchmark,TestPortMatchesGoCohere/benchmark-0046-round-0,0.17,16
warm benchmark,TestPortMatchesGoCohere/benchmark-0046-round-1,0.25,16
warm benchmark,TestPortMatchesGoCohere/benchmark-0045-round-2,0.15,16
warm benchmark,TestPortMatchesGoCohere/benchmark-0047-round-0,0.24,16
warm benchmark,TestPortMatchesGoCohere/benchmark-0002-round-1,0.36,7
warm benchmark,TestPortMatchesGoCohere/benchmark-0513-round-1,0.25,16
warm benchmark,TestPortMatchesGoCohere/benchmark-0511-round-1,0.18,16
warm benchmark,TestPortMatchesGoCohere/benchmark-0089-round-2,0.41,1
warm benchmark,TestPortMatchesGoCohere/benchmark-0513-round-0,0.26,16
warm benchmark,TestPortMatchesGoCohere/benchmark-0517-round-1,0.17,8
warm benchmark,TestPortMatchesGoCohere/benchmark-0512-round-2,0.16,16
warm benchmark,TestPortMatchesGoCohere/benchmark-0094-round-0,0.33,15
warm benchmark,TestPortMatchesGoCohere/benchmark-0512-round-1,0.15,16
warm benchmark,TestPortMatchesGoCohere/benchmark-0517-round-0,0.15,8
warm benchmark,TestPortMatchesGoCohere/benchmark-0512-round-0,0.15,16
warm benchmark,TestPortMatchesGoCohere/benchmark-0093-round-2,0.43,3
warm benchmark,TestPortMatchesGoCohere/benchmark-0511-round-2,0.14,16
warm benchmark,TestPortMatchesGoCohere/benchmark-0093-round-1,0.4,3
warm benchmark,TestPortMatchesGoCohere/benchmark-0516-round-2,0.45,16
warm benchmark,TestPortMatchesGoCohere/benchmark-0510-round-1,0.18,16
warm benchmark,TestPortMatchesGoCohere/benchmark-0093-round-0,0.34,3
warm benchmark,TestPortMatchesGoCohere/benchmark-0511-round-0,0.33,16
warm benchmark,TestPortMatchesGoCohere/benchmark-0516-round-1,0.45,16
warm benchmark,TestPortMatchesGoCohere/benchmark-0510-round-2,0.21,16
warm benchmark,TestPortMatchesGoCohere/benchmark-0092-round-2,2,1
warm benchmark,TestPortMatchesGoCohere/benchmark-0516-round-0,0.29,16
warm benchmark,TestPortMatchesGoCohere/benchmark-0092-round-1,1.42,1
warm benchmark,TestPortMatchesGoCohere/benchmark-0087-round-1,0.14,15
warm benchmark,TestPortMatchesGoCohere/benchmark-0515-round-2,0.14,16
warm benchmark,TestPortMatchesGoCohere/benchmark-0092-round-0,1.75,1
warm benchmark,TestPortMatchesGoCohere/benchmark-0089-round-1,0.55,1
warm benchmark,TestPortMatchesGoCohere/benchmark-0515-round-1,0.29,16
warm benchmark,TestPortMatchesGoCohere/benchmark-0091-round-2,0.66,1
warm benchmark,TestPortMatchesGoCohere/benchmark-0515-round-0,0.23,16
warm benchmark,TestPortMatchesGoCohere/benchmark-0091-round-1,0.55,1
warm benchmark,TestPortMatchesGoCohere/benchmark-0089-round-0,0.24,1
warm benchmark,TestPortMatchesGoCohere/benchmark-0514-round-2,0.16,16
warm benchmark,TestPortMatchesGoCohere/benchmark-0088-round-2,0.52,1
warm benchmark,TestPortMatchesGoCohere/benchmark-0514-round-1,0.16,16
warm benchmark,TestPortMatchesGoCohere/benchmark-0045-round-1,0.15,16
warm benchmark,TestPortMatchesGoCohere/benchmark-0088-round-0,0.46,1
warm benchmark,TestPortMatchesGoCohere/benchmark-0087-round-2,0.16,15
warm benchmark,TestPortMatchesGoCohere/benchmark-0090-round-1,0.28,10
warm benchmark,TestPortMatchesGoCohere/benchmark-0090-round-2,0.18,10
warm benchmark,TestPortMatchesGoCohere/benchmark-0086-round-1,0.22,16
warm benchmark,TestPortMatchesGoCohere/benchmark-0087-round-0,0.16,15
warm benchmark,TestPortMatchesGoCohere/benchmark-0086-round-2,0.24,16
warm benchmark,TestPortMatchesGoCohere/benchmark-0514-round-0,0.26,16
warm benchmark,TestPortMatchesGoCohere/benchmark-0509-round-2,0.14,16
warm benchmark,TestPortMatchesGoCohere/benchmark-0513-round-2,0.16,16
warm benchmark,TestPortMatchesGoCohere/benchmark-0510-round-0,0.18,16
warm benchmark,TestPortMatchesGoCohere/benchmark-0509-round-1,0.24,16
warm benchmark,TestPortMatchesGoCohere/benchmark-0090-round-0,0.3,10
warm benchmark,TestPortMatchesGoCohere/benchmark-0085-round-2,0.18,16
warm benchmark,TestPortMatchesGoCohere/benchmark-0086-round-0,0.23,16
warm benchmark,TestPortMatchesGoCohere/benchmark-0085-round-1,0.23,16
warm benchmark,TestPortMatchesGoCohere/benchmark-0091-round-0,0.6,1
warm benchmark,TestPortMatchesGoCohere/benchmark-0094-round-1,0.37,15
independent cold build,buildJSONGoOracle,55.3332521049997,
