file	line	column	start	end	category	discriminants
src/compiler/binder.ts	359	29	9900	9923	other	kind
src/compiler/binder.ts	372	39	10537	10562	other	kind
src/compiler/binder.ts	411	43	12538	12563	other	kind
src/compiler/binder.ts	496	42	16383	16429	other	-
src/compiler/binder.ts	663	21	23470	23494	other	kind
src/compiler/binder.ts	669	65	23766	23800	tagged union downcast	kind
src/compiler/binder.ts	670	24	23827	23926	other	-
src/compiler/binder.ts	670	51	23854	23879	upcast	-
src/compiler/binder.ts	679	28	24444	24524	other	-
src/compiler/binder.ts	719	50	26459	26483	other	kind
src/compiler/binder.ts	731	38	27359	27391	other	kind
src/compiler/binder.ts	732	63	27456	27484	other	kind
src/compiler/binder.ts	733	24	27511	27536	other	-
src/compiler/binder.ts	841	81	34526	34550	other	kind
src/compiler/binder.ts	984	47	44435	44454	tagged union downcast	kind
src/compiler/binder.ts	986	18	44536	44558	other	-
src/compiler/binder.ts	987	37	44627	44649	other	-
src/compiler/binder.ts	991	35	44789	44819	tagged union downcast	kind
src/compiler/binder.ts	993	18	44901	44933	other	-
src/compiler/binder.ts	1008	19	45729	45760	tagged union downcast	kind
src/compiler/binder.ts	1016	40	46474	46586	tagged union downcast	kind
src/compiler/binder.ts	1031	130	47638	47699	tagged union downcast	kind
src/compiler/binder.ts	1034	18	47871	47932	tagged union downcast	kind
src/compiler/binder.ts	1041	18	48198	48216	upcast	-
src/compiler/binder.ts	1047	22	48693	48754	upcast	-
src/compiler/binder.ts	1104	14	51289	51310	upcast	-
src/compiler/binder.ts	1112	18	51579	51600	upcast	-
src/compiler/binder.ts	1126	36	52094	52116	other	kind
src/compiler/binder.ts	1129	33	52218	52237	other	kind
src/compiler/binder.ts	1132	34	52341	52361	other	kind
src/compiler/binder.ts	1136	43	52521	52547	other	kind
src/compiler/binder.ts	1139	33	52649	52668	other	kind
src/compiler/binder.ts	1143	35	52821	52861	other	kind
src/compiler/binder.ts	1147	46	53027	53059	other	kind
src/compiler/binder.ts	1150	34	53163	53183	other	kind
src/compiler/binder.ts	1153	37	53293	53316	other	kind
src/compiler/binder.ts	1156	31	53414	53431	other	kind
src/compiler/binder.ts	1159	32	53531	53549	other	kind
src/compiler/binder.ts	1162	41	53667	53694	other	kind
src/compiler/binder.ts	1165	38	53806	53830	other	kind
src/compiler/binder.ts	1168	47	53956	53985	other	kind
src/compiler/binder.ts	1171	48	54113	54143	other	kind
src/compiler/binder.ts	1181	42	54650	54674	other	kind
src/compiler/binder.ts	1184	42	54790	54814	other	kind
src/compiler/binder.ts	1187	47	54940	54969	other	kind
src/compiler/binder.ts	1190	45	55091	55118	other	kind
src/compiler/binder.ts	1194	42	55296	55320	other	kind
src/compiler/binder.ts	1197	40	55432	55454	other	kind
src/compiler/binder.ts	1200	43	55572	55597	other	kind
src/compiler/binder.ts	1205	36	55796	55853	other	kind
src/compiler/binder.ts	1208	36	55961	55983	other	kind
src/compiler/binder.ts	1212	41	56200	56218	other	kind
src/compiler/binder.ts	1213	23	56256	56274	other	kind
src/compiler/binder.ts	1218	41	56451	56464	other	kind
src/compiler/binder.ts	1221	40	56588	56610	other	kind
src/compiler/binder.ts	1224	35	56712	56740	other	kind
src/compiler/binder.ts	1251	46	57899	57921	other	kind
src/compiler/binder.ts	1258	47	58210	58261	other	kind
src/compiler/binder.ts	1260	52	58375	58399	other	kind
src/compiler/binder.ts	1262	25	58479	58508	other	kind
src/compiler/binder.ts	1262	123	58577	58606	other	kind
src/compiler/binder.ts	1264	47	58712	58736	other	kind
src/compiler/binder.ts	1279	47	59292	59370	other	kind
src/compiler/binder.ts	1281	55	59494	59525	other	kind
src/compiler/binder.ts	1281	135	59574	59605	other	kind
src/compiler/binder.ts	1282	44	59675	59706	other	kind
src/compiler/binder.ts	1284	25	59793	59817	other	kind
src/compiler/binder.ts	1284	122	59890	59914	other	kind
src/compiler/binder.ts	1285	43	59969	59993	other	kind
src/compiler/binder.ts	1285	118	60044	60068	other	kind
src/compiler/binder.ts	1304	42	60737	60780	other	kind
src/compiler/binder.ts	1344	45	62658	62689	other	kind
src/compiler/binder.ts	1346	26	62777	62801	other	kind
src/compiler/binder.ts	1348	53	62928	62952	other	kind
src/compiler/binder.ts	1350	53	63063	63087	other	kind
src/compiler/binder.ts	1357	16	63239	63335	structural interface downcast without tag	-
src/compiler/binder.ts	1361	16	63396	63490	structural interface downcast without tag	-
src/compiler/binder.ts	1365	16	63617	63710	structural interface downcast without tag	-
src/compiler/binder.ts	1398	16	65201	65263	structural interface downcast without tag	-
src/compiler/binder.ts	1403	16	65469	65584	structural interface downcast without tag	-
src/compiler/binder.ts	1409	24	65869	65946	structural interface downcast without tag	-
src/compiler/binder.ts	1419	16	66258	66318	structural interface downcast without tag	-
src/compiler/binder.ts	1439	25	66902	66954	other	kind
src/compiler/binder.ts	1442	25	67097	67143	other	kind
src/compiler/binder.ts	1450	25	67374	67405	other	kind
src/compiler/binder.ts	1452	73	67507	67536	other	kind
src/compiler/binder.ts	1453	25	67607	67636	other	kind
src/compiler/binder.ts	1783	26	84442	84464	other	kind
src/compiler/binder.ts	1802	14	85147	85174	upcast	-
src/compiler/binder.ts	1810	59	85515	85539	other	kind
src/compiler/binder.ts	1811	39	85629	85653	other	kind
src/compiler/binder.ts	1823	30	86055	86085	other	kind
src/compiler/binder.ts	1825	47	86206	86224	other	kind
src/compiler/binder.ts	1833	30	86480	86511	other	kind
src/compiler/binder.ts	1998	47	93803	93839	other	kind
src/compiler/binder.ts	2249	36	104420	104463	other	kind
src/compiler/binder.ts	2443	48	115006	115029	tagged union downcast	kind
src/compiler/binder.ts	2469	26	116108	116162	other	-
src/compiler/binder.ts	2470	36	116209	116284	other	-
src/compiler/binder.ts	2495	42	118029	118093	tagged union downcast	kind
src/compiler/binder.ts	2539	47	120106	120160	other	-
src/compiler/binder.ts	2540	57	120231	120306	other	-
src/compiler/binder.ts	2622	50	124678	124701	other	kind
src/compiler/binder.ts	2650	32	126110	126128	other	kind
src/compiler/binder.ts	2717	50	129948	129974	other	kind
src/compiler/binder.ts	2725	54	130302	130328	other	kind
src/compiler/binder.ts	2756	23	131500	131519	other	-
src/compiler/binder.ts	2793	31	133595	133620	other	kind
src/compiler/binder.ts	2829	50	134724	134756	upcast	-
src/compiler/binder.ts	2858	48	136164	136189	upcast	-
src/compiler/binder.ts	2868	22	136738	136773	other	kind
src/compiler/binder.ts	2871	50	136956	136974	other	kind
src/compiler/binder.ts	2874	22	137106	137127	other	kind
src/compiler/binder.ts	2879	18	137300	137338	other	kind
src/compiler/binder.ts	2882	47	137483	137508	other	kind
src/compiler/binder.ts	2885	30	137650	137708	other	kind
src/compiler/binder.ts	2896	63	138224	138244	other	-
src/compiler/binder.ts	2902	66	138620	138644	other	kind
src/compiler/binder.ts	2905	55	138811	138861	other	kind
src/compiler/binder.ts	2908	53	139016	139060	other	kind
src/compiler/binder.ts	2911	58	139224	139274	other	kind
src/compiler/binder.ts	2914	49	139433	139483	other	kind
src/compiler/binder.ts	2917	52	139636	139680	other	kind
src/compiler/binder.ts	2920	45	139822	139873	other	kind
src/compiler/binder.ts	2920	46	139823	139847	other	kind
src/compiler/binder.ts	2924	60	140225	140269	other	kind
src/compiler/binder.ts	2928	55	140425	140469	other	kind
src/compiler/binder.ts	2936	56	140840	140864	other	kind
src/compiler/binder.ts	2938	51	140960	140979	other	kind
src/compiler/binder.ts	2940	56	141085	141109	other	kind
src/compiler/binder.ts	2942	62	141227	141257	other	kind
src/compiler/binder.ts	2944	61	141373	141402	other	kind
src/compiler/binder.ts	2946	53	141502	141523	other	kind
src/compiler/binder.ts	2948	56	141629	141653	other	kind
src/compiler/binder.ts	2955	42	141962	141994	other	kind
src/compiler/binder.ts	2957	38	142075	142103	other	kind
src/compiler/binder.ts	2959	64	142220	142247	other	kind
src/compiler/binder.ts	2961	18	142313	142335	other	kind
src/compiler/binder.ts	2962	64	142425	142447	other	kind
src/compiler/binder.ts	2965	43	142591	142638	other	kind
src/compiler/binder.ts	2968	55	142803	142822	structural interface downcast without tag	-
src/compiler/binder.ts	2970	55	142973	142992	structural interface downcast without tag	-
src/compiler/binder.ts	2975	57	143248	143267	structural interface downcast without tag	-
src/compiler/binder.ts	2982	55	143783	143802	structural interface downcast without tag	-
src/compiler/binder.ts	2982	99	143827	143852	other	kind
src/compiler/binder.ts	2984	48	144100	144127	other	kind
src/compiler/binder.ts	2986	57	144229	144248	structural interface downcast without tag	-
src/compiler/binder.ts	2988	55	144411	144430	structural interface downcast without tag	-
src/compiler/binder.ts	2990	55	144588	144607	structural interface downcast without tag	-
src/compiler/binder.ts	2995	54	144904	144949	other	kind
src/compiler/binder.ts	2999	48	145130	145189	other	kind
src/compiler/binder.ts	3001	42	145278	145299	other	kind
src/compiler/binder.ts	3003	52	145408	145439	other	kind
src/compiler/binder.ts	3006	47	145582	145624	other	kind
src/compiler/binder.ts	3009	69	145743	145765	other	kind
src/compiler/binder.ts	3012	67	145957	145997	other	kind
src/compiler/binder.ts	3014	63	146144	146184	other	kind
src/compiler/binder.ts	3016	66	146336	146376	other	kind
src/compiler/binder.ts	3023	40	146715	146737	other	kind
src/compiler/binder.ts	3032	49	147098	147126	other	kind
src/compiler/binder.ts	3034	51	147231	147250	structural interface downcast without tag	-
src/compiler/binder.ts	3036	51	147409	147428	structural interface downcast without tag	-
src/compiler/binder.ts	3038	44	147575	147598	other	kind
src/compiler/binder.ts	3040	46	147695	147720	other	kind
src/compiler/binder.ts	3043	42	147840	147861	other	kind
src/compiler/binder.ts	3045	41	147948	147968	other	kind
src/compiler/binder.ts	3052	57	148310	148329	structural interface downcast without tag	-
src/compiler/binder.ts	3054	55	148490	148524	other	kind
src/compiler/binder.ts	3056	41	148611	148631	other	kind
src/compiler/binder.ts	3058	46	148728	148753	other	kind
src/compiler/binder.ts	3060	45	148848	148872	other	kind
src/compiler/binder.ts	3062	48	148964	148982	other	kind
src/compiler/binder.ts	3070	55	149352	149379	other	kind
src/compiler/binder.ts	3074	42	149557	149582	other	kind
src/compiler/binder.ts	3081	33	149838	149866	structural interface downcast without tag	-
src/compiler/binder.ts	3089	79	150445	150502	other	kind
src/compiler/binder.ts	3091	30	150582	150606	other	kind
src/compiler/binder.ts	3093	67	150737	150759	other	kind
src/compiler/binder.ts	3105	41	151417	151436	upcast	-
src/compiler/binder.ts	3123	65	152175	152228	other	-
src/compiler/binder.ts	3372	63	165953	166035	other	kind
src/compiler/binder.ts	3372	64	165954	165999	other	kind
src/compiler/binder.ts	3387	32	166905	166953	tagged union downcast	kind
src/compiler/binder.ts	3422	43	169105	169155	structural interface downcast without tag	-
src/compiler/binder.ts	3630	92	180083	180106	other	-
src/compiler/binder.ts	3661	50	181620	181639	upcast	-
src/compiler/binder.ts	3695	80	183816	183921	other	-
src/compiler/binder.ts	3695	88	183824	183852	tagged union downcast	kind
src/compiler/binder.ts	3695	144	183880	183908	tagged union downcast	kind
src/compiler/binder.ts	3756	31	186701	186742	other	kind
src/compiler/binder.ts	3873	21	192446	192473	other	kind
src/compiler/builder.ts	325	19	11013	11121	structural interface downcast without tag	-
src/compiler/builder.ts	408	46	16431	16479	structural interface downcast without tag	-
src/compiler/builder.ts	409	47	16558	16598	structural interface downcast without tag	-
src/compiler/builder.ts	423	50	17292	17336	structural interface downcast without tag	-
src/compiler/builder.ts	424	51	17419	17455	structural interface downcast without tag	-
src/compiler/builder.ts	545	66	23040	23057	other	-
src/compiler/builder.ts	551	66	23368	23385	other	-
src/compiler/builder.ts	554	65	23512	23529	other	-
src/compiler/builder.ts	555	34	23606	23637	other	-
src/compiler/builder.ts	555	73	23645	23676	other	-
src/compiler/builder.ts	610	113	26244	26280	other	-
src/compiler/builder.ts	1182	15	51578	51606	structural interface downcast without tag	-
src/compiler/builder.ts	1193	48	51943	51974	structural interface downcast without tag	-
src/compiler/builder.ts	1309	105	58795	58811	other	length
src/compiler/builder.ts	1392	49	62957	63003	other	-
src/compiler/builder.ts	1403	77	63494	63548	other	-
src/compiler/builder.ts	1449	21	65977	66014	other	-
src/compiler/builder.ts	1460	32	66367	66393	other	-
src/compiler/builder.ts	1466	64	66684	66699	other	-
src/compiler/builder.ts	1590	16	72148	72180	other	-
src/compiler/builder.ts	1591	22	72204	72262	other	-
src/compiler/builder.ts	1596	22	72425	72483	other	-
src/compiler/builder.ts	1599	22	72592	72624	other	-
src/compiler/builder.ts	1600	19	72645	72677	other	-
src/compiler/builder.ts	1605	16	72858	72890	other	-
src/compiler/builder.ts	1609	16	72972	73007	other	-
src/compiler/builder.ts	1610	22	73031	73065	other	-
src/compiler/builder.ts	1611	40	73107	73172	other	-
src/compiler/builder.ts	1708	10	77493	77544	structural interface downcast without tag	-
src/compiler/builder.ts	1711	10	77734	77792	structural interface downcast without tag	-
src/compiler/builder.ts	1712	10	77889	77947	structural interface downcast without tag	-
src/compiler/builder.ts	1829	58	83441	83463	structural interface downcast without tag	-
src/compiler/builder.ts	1840	62	83922	83944	structural interface downcast without tag	-
src/compiler/builder.ts	1846	40	84143	84165	structural interface downcast without tag	-
src/compiler/builder.ts	2106	20	98294	98463	other	-
src/compiler/builder.ts	2143	44	100040	100062	structural interface downcast without tag	-
src/compiler/builder.ts	2233	9	104663	104696	other	-
src/compiler/builder.ts	2270	37	106457	106496	other	-
src/compiler/builder.ts	2291	37	107818	107857	other	-
src/compiler/builder.ts	2304	26	108549	108584	other	-
src/compiler/builder.ts	2413	28	113708	113749	other	-
src/compiler/builderState.ts	535	95	21648	21688	other	kind
src/compiler/checker.ts	1155	14	30336	30370	other	-
src/compiler/checker.ts	1559	62	48595	48618	other	-
src/compiler/checker.ts	1562	61	48724	48748	other	-
src/compiler/checker.ts	1567	62	48984	49007	other	-
src/compiler/checker.ts	1568	60	49070	49091	other	-
src/compiler/checker.ts	1881	121	65783	65804	upcast	-
src/compiler/checker.ts	1992	47	71183	71232	as const	-
src/compiler/checker.ts	1997	38	71536	71564	as const	-
src/compiler/checker.ts	2067	60	74729	74750	other	-
src/compiler/checker.ts	2097	21	77141	77257	structural interface downcast without tag	-
src/compiler/checker.ts	2098	28	77287	77367	structural interface downcast without tag	-
src/compiler/checker.ts	2099	20	77389	77504	structural interface downcast without tag	-
src/compiler/checker.ts	2100	27	77533	77612	structural interface downcast without tag	-
src/compiler/checker.ts	2120	34	78952	79053	structural interface downcast without tag	-
src/compiler/checker.ts	2123	133	79291	79309	upcast	-
src/compiler/checker.ts	2154	28	81891	82011	structural interface downcast without tag	-
src/compiler/checker.ts	2154	28	81891	81996	upcast	-
src/compiler/checker.ts	2420	116	96331	96351	other	-
src/compiler/checker.ts	2468	29	98840	98859	other	-
src/compiler/checker.ts	2635	24	107293	107359	structural interface downcast without tag	-
src/compiler/checker.ts	2636	24	107385	107426	other	-
src/compiler/checker.ts	2858	36	120342	120380	other	kind
src/compiler/checker.ts	2894	60	122747	122774	tagged union downcast	kind
src/compiler/checker.ts	2911	116	123935	123962	tagged union downcast	kind
src/compiler/checker.ts	2933	59	124855	124880	structural interface downcast without tag	-
src/compiler/checker.ts	2940	63	125150	125166	other	-
src/compiler/checker.ts	3014	45	128912	128975	other	-
src/compiler/checker.ts	3020	59	129410	129481	other	-
src/compiler/checker.ts	3024	77	129777	129811	other	kind
src/compiler/checker.ts	3066	120	132802	132834	other	kind
src/compiler/checker.ts	3071	60	133158	133183	other	kind
src/compiler/checker.ts	3241	53	142309	142330	other	-
src/compiler/checker.ts	3342	30	148972	149074	other	kind
src/compiler/checker.ts	3349	229	150080	150107	other	-
src/compiler/checker.ts	3397	63	153443	153462	upcast	-
src/compiler/checker.ts	3397	110	153490	153511	other	-
src/compiler/checker.ts	3424	43	154946	154999	structural interface downcast without tag	-
src/compiler/checker.ts	3455	45	156501	156536	other	kind
src/compiler/checker.ts	3456	28	156581	156653	other	kind
src/compiler/checker.ts	3456	29	156582	156617	other	kind
src/compiler/checker.ts	3509	117	159616	159630	other	-
src/compiler/checker.ts	3557	27	162737	162892	other	-
src/compiler/checker.ts	3652	24	167775	167806	other	kind
src/compiler/checker.ts	3654	25	167876	167896	other	kind
src/compiler/checker.ts	3656	25	167977	168000	other	kind
src/compiler/checker.ts	3658	25	168088	168111	other	kind
src/compiler/checker.ts	3686	60	169217	169237	other	kind
src/compiler/checker.ts	3691	85	169557	169581	other	kind
src/compiler/checker.ts	3699	90	170180	170206	other	kind
src/compiler/checker.ts	3711	26	170938	171050	other	kind
src/compiler/checker.ts	3711	27	170939	171019	other	kind
src/compiler/checker.ts	3723	67	171854	171882	other	-
src/compiler/checker.ts	3870	79	181461	181489	other	-
src/compiler/checker.ts	4042	37	191198	191244	other	-
src/compiler/checker.ts	4050	76	191749	191811	tagged union downcast	kind
src/compiler/checker.ts	4181	47	200196	200243	other	kind
src/compiler/checker.ts	4257	59	204440	204493	other	kind
src/compiler/checker.ts	4259	48	204611	204631	other	kind
src/compiler/checker.ts	4261	51	204755	204778	other	kind
src/compiler/checker.ts	4263	51	204902	204925	other	kind
src/compiler/checker.ts	4266	51	205094	205134	other	kind
src/compiler/checker.ts	4268	51	205258	205281	other	kind
src/compiler/checker.ts	4271	52	205516	205559	other	kind
src/compiler/checker.ts	4273	62	205705	205739	other	kind
src/compiler/checker.ts	4275	43	205867	205902	other	kind
src/compiler/checker.ts	4277	56	206125	206151	other	kind
src/compiler/checker.ts	4280	52	206352	206376	other	kind
src/compiler/checker.ts	4488	26	217779	217813	other	kind
src/compiler/checker.ts	4566	36	222049	222137	other	kind
src/compiler/checker.ts	4566	37	222050	222106	other	kind
src/compiler/checker.ts	4673	51	228499	228554	other	kind
src/compiler/checker.ts	5057	81	253976	254004	other	-
src/compiler/checker.ts	5103	65	256793	256821	structural interface downcast without tag	-
src/compiler/checker.ts	5268	81	264722	264747	other	kind
src/compiler/checker.ts	5269	71	264839	264864	other	kind
src/compiler/checker.ts	5269	113	264881	264906	other	kind
src/compiler/checker.ts	5274	29	265128	265153	other	kind
src/compiler/checker.ts	5299	25	266466	266568	other	isTypeOnly
src/compiler/checker.ts	5388	51	271017	271040	structural interface downcast without tag	-
src/compiler/checker.ts	5537	22	279287	279320	structural interface downcast without tag	-
src/compiler/checker.ts	5553	22	280144	280205	structural interface downcast without tag	-
src/compiler/checker.ts	5568	16	280738	280809	upcast	-
src/compiler/checker.ts	5576	17	281292	281306	other	-
src/compiler/checker.ts	5577	14	281360	281374	other	-
src/compiler/checker.ts	5578	14	281428	281442	other	-
src/compiler/checker.ts	5579	14	281496	281510	other	-
src/compiler/checker.ts	5580	14	281565	281579	other	-
src/compiler/checker.ts	5649	26	284708	284728	structural interface downcast without tag	-
src/compiler/checker.ts	5692	53	287391	287413	other	kind
src/compiler/checker.ts	5697	56	287619	287648	other	kind
src/compiler/checker.ts	5717	45	289405	289460	other	kind
src/compiler/checker.ts	6019	47	307817	307862	other	kind
src/compiler/checker.ts	6023	122	308055	308080	other	kind
src/compiler/checker.ts	6027	136	308309	308334	other	kind
src/compiler/checker.ts	6120	69	313764	313802	other	kind
src/compiler/checker.ts	6128	70	314241	314275	other	kind
src/compiler/checker.ts	6129	81	314382	314427	other	kind
src/compiler/checker.ts	6130	80	314539	314583	other	kind
src/compiler/checker.ts	6315	27	324606	324635	structural interface downcast without tag	-
src/compiler/checker.ts	6318	47	324921	324950	structural interface downcast without tag	-
src/compiler/checker.ts	6329	152	325850	325872	structural interface downcast without tag	-
src/compiler/checker.ts	6345	50	326797	326826	structural interface downcast without tag	-
src/compiler/checker.ts	6348	33	326999	327037	structural interface downcast without tag	-
src/compiler/checker.ts	6355	33	327573	327611	structural interface downcast without tag	-
src/compiler/checker.ts	6361	33	328019	328057	structural interface downcast without tag	-
src/compiler/checker.ts	6377	106	329287	329316	structural interface downcast without tag	-
src/compiler/checker.ts	6380	33	329427	329465	structural interface downcast without tag	-
src/compiler/checker.ts	6387	42	329937	329966	structural interface downcast without tag	-
src/compiler/checker.ts	6390	33	330140	330178	structural interface downcast without tag	-
src/compiler/checker.ts	6399	42	330944	330973	structural interface downcast without tag	-
src/compiler/checker.ts	6404	42	331323	331352	structural interface downcast without tag	-
src/compiler/checker.ts	6408	37	331604	331633	structural interface downcast without tag	-
src/compiler/checker.ts	6411	54	331857	331886	structural interface downcast without tag	-
src/compiler/checker.ts	6414	83	332115	332144	structural interface downcast without tag	-
src/compiler/checker.ts	6417	33	332269	332307	structural interface downcast without tag	-
src/compiler/checker.ts	6447	41	334167	334196	structural interface downcast without tag	-
src/compiler/checker.ts	6450	33	334441	334479	structural interface downcast without tag	-
src/compiler/checker.ts	6569	57	346317	346341	other	kind
src/compiler/checker.ts	6571	50	346456	346479	other	kind
src/compiler/checker.ts	6573	61	346629	346657	other	kind
src/compiler/checker.ts	6575	50	346783	346808	other	kind
src/compiler/checker.ts	6829	29	359278	359326	other	kind
src/compiler/checker.ts	6834	26	359565	359582	other	-
src/compiler/checker.ts	6852	47	360654	360679	structural interface downcast without tag	-
src/compiler/checker.ts	6853	96	360795	360820	structural interface downcast without tag	-
src/compiler/checker.ts	6856	32	361037	361062	structural interface downcast without tag	-
src/compiler/checker.ts	6861	69	361482	361507	structural interface downcast without tag	-
src/compiler/checker.ts	6862	83	361612	361637	structural interface downcast without tag	-
src/compiler/checker.ts	6865	47	361768	361789	structural interface downcast without tag	-
src/compiler/checker.ts	6866	55	361868	361889	structural interface downcast without tag	-
src/compiler/checker.ts	6934	52	365809	365830	structural interface downcast without tag	-
src/compiler/checker.ts	6936	25	365932	365953	structural interface downcast without tag	-
src/compiler/checker.ts	6936	77	365984	366005	structural interface downcast without tag	-
src/compiler/checker.ts	6936	151	366058	366079	structural interface downcast without tag	-
src/compiler/checker.ts	6942	69	366526	366547	upcast	-
src/compiler/checker.ts	6948	87	367035	367056	upcast	-
src/compiler/checker.ts	6954	97	367506	367527	upcast	-
src/compiler/checker.ts	6966	52	368253	368274	structural interface downcast without tag	-
src/compiler/checker.ts	6976	50	369074	369091	structural interface downcast without tag	-
src/compiler/checker.ts	6977	25	369128	369145	structural interface downcast without tag	-
src/compiler/checker.ts	6980	80	369327	369344	structural interface downcast without tag	-
src/compiler/checker.ts	6980	124	369371	369395	structural interface downcast without tag	-
src/compiler/checker.ts	6998	48	370417	370435	structural interface downcast without tag	-
src/compiler/checker.ts	7001	38	370540	370557	structural interface downcast without tag	-
src/compiler/checker.ts	7007	32	370899	370926	structural interface downcast without tag	-
src/compiler/checker.ts	7008	32	370967	370994	structural interface downcast without tag	-
src/compiler/checker.ts	7021	56	371753	371778	structural interface downcast without tag	-
src/compiler/checker.ts	7022	42	371838	371863	structural interface downcast without tag	-
src/compiler/checker.ts	7025	62	372047	372072	structural interface downcast without tag	-
src/compiler/checker.ts	7026	61	372157	372182	structural interface downcast without tag	-
src/compiler/checker.ts	7031	86	372502	372525	structural interface downcast without tag	-
src/compiler/checker.ts	7034	56	372656	372680	structural interface downcast without tag	-
src/compiler/checker.ts	7035	82	372784	372805	other	-
src/compiler/checker.ts	7045	98	373512	373527	other	-
src/compiler/checker.ts	7069	117	375936	375993	tagged union downcast	kind
src/compiler/checker.ts	7107	65	378324	378349	structural interface downcast without tag	-
src/compiler/checker.ts	7112	72	378612	378712	upcast	-
src/compiler/checker.ts	7113	72	378798	378896	upcast	-
src/compiler/checker.ts	7127	112	380484	380499	other	-
src/compiler/checker.ts	7129	40	380631	380656	other	-
src/compiler/checker.ts	7140	98	381514	381529	other	-
src/compiler/checker.ts	7164	93	383683	383799	upcast	-
src/compiler/checker.ts	7164	123	383713	383775	other	kind
src/compiler/checker.ts	7167	117	384105	384163	tagged union downcast	kind
src/compiler/checker.ts	7179	117	385379	385437	tagged union downcast	kind
src/compiler/checker.ts	7193	61	386265	386300	structural interface downcast without tag	-
src/compiler/checker.ts	7275	77	392245	392270	other	-
src/compiler/checker.ts	7275	128	392296	392321	other	-
src/compiler/checker.ts	7276	75	392407	392434	other	-
src/compiler/checker.ts	7365	51	397266	397284	structural interface downcast without tag	-
src/compiler/checker.ts	7366	57	397360	397378	structural interface downcast without tag	-
src/compiler/checker.ts	7377	47	398080	398182	tagged union downcast	kind
src/compiler/checker.ts	7383	47	398484	398592	tagged union downcast	kind
src/compiler/checker.ts	7432	95	402036	402060	structural interface downcast without tag	-
src/compiler/checker.ts	7437	68	402460	402484	structural interface downcast without tag	-
src/compiler/checker.ts	7439	48	402620	402644	structural interface downcast without tag	-
src/compiler/checker.ts	7458	37	404323	404347	structural interface downcast without tag	-
src/compiler/checker.ts	7463	33	404757	404781	structural interface downcast without tag	-
src/compiler/checker.ts	7496	45	406981	407089	other	kind
src/compiler/checker.ts	7498	100	407240	407264	tagged union downcast	kind
src/compiler/checker.ts	7541	87	410299	410328	other	kind
src/compiler/checker.ts	7630	47	415521	415562	other	kind
src/compiler/checker.ts	7658	39	417429	417540	tagged union downcast	kind
src/compiler/checker.ts	7662	39	417756	417877	tagged union downcast	kind
src/compiler/checker.ts	7688	89	419499	419580	tagged union downcast	kind
src/compiler/checker.ts	7688	90	419500	419552	upcast	-
src/compiler/checker.ts	7732	58	422424	422461	structural interface downcast without tag	-
src/compiler/checker.ts	7745	59	423189	423226	structural interface downcast without tag	-
src/compiler/checker.ts	7795	37	426409	426615	tagged union downcast	kind
src/compiler/checker.ts	7806	37	427237	427443	tagged union downcast	kind
src/compiler/checker.ts	7818	33	428211	428352	tagged union downcast	kind
src/compiler/checker.ts	7822	94	428558	428575	other	-
src/compiler/checker.ts	7826	29	428954	429095	tagged union downcast	kind
src/compiler/checker.ts	7837	47	429776	429934	tagged union downcast	kind
src/compiler/checker.ts	7851	53	430610	430647	structural interface downcast without tag	-
src/compiler/checker.ts	8415	24	465696	465748	other	kind
src/compiler/checker.ts	8578	92	476113	476142	structural interface downcast without tag	-
src/compiler/checker.ts	8610	51	477574	477602	other	-
src/compiler/checker.ts	8611	29	477636	477664	other	-
src/compiler/checker.ts	8611	73	477680	477708	other	-
src/compiler/checker.ts	8616	51	478017	478045	other	-
src/compiler/checker.ts	8617	29	478079	478107	other	-
src/compiler/checker.ts	8617	73	478123	478151	other	-
src/compiler/checker.ts	8731	74	486353	486379	other	-
src/compiler/checker.ts	8731	102	486381	486422	other	-
src/compiler/checker.ts	8735	40	486600	486641	other	kind
src/compiler/checker.ts	8736	121	486774	486815	other	-
src/compiler/checker.ts	8751	68	487567	487602	other	-
src/compiler/checker.ts	8802	105	490711	490752	other	-
src/compiler/checker.ts	8845	33	493114	493142	other	-
src/compiler/checker.ts	8848	117	493389	493405	other	-
src/compiler/checker.ts	9006	40	502848	502897	structural interface downcast without tag	-
src/compiler/checker.ts	9016	83	503739	503769	structural interface downcast without tag	-
src/compiler/checker.ts	9065	56	507339	507360	structural interface downcast without tag	-
src/compiler/checker.ts	9066	79	507462	507483	structural interface downcast without tag	-
src/compiler/checker.ts	9200	49	515950	515993	other	kind
src/compiler/checker.ts	9241	57	518688	518731	other	kind
src/compiler/checker.ts	9255	49	519495	519538	other	kind
src/compiler/checker.ts	9267	130	520123	520141	other	kind
src/compiler/checker.ts	9416	53	529701	529734	structural interface downcast without tag	-
src/compiler/checker.ts	9422	43	530065	530105	other	kind
src/compiler/checker.ts	9471	33	533581	533727	structural interface downcast without tag	-
src/compiler/checker.ts	9485	35	534529	534676	structural interface downcast without tag	-
src/compiler/checker.ts	9493	80	535294	535316	other	kind
src/compiler/checker.ts	9512	40	536362	536443	other	kind
src/compiler/checker.ts	9521	75	537295	537348	other	kind
src/compiler/checker.ts	9718	69	552243	552283	other	-
src/compiler/checker.ts	9817	85	559203	559228	other	kind
src/compiler/checker.ts	9819	49	559358	559383	other	kind
src/compiler/checker.ts	9936	40	568445	568565	structural interface downcast without tag	-
src/compiler/checker.ts	9937	45	568612	568747	structural interface downcast without tag	-
src/compiler/checker.ts	10022	86	573406	573429	other	-
src/compiler/checker.ts	10045	37	575208	575280	other	kind
src/compiler/checker.ts	10129	46	581197	581254	other	-
src/compiler/checker.ts	10154	34	582547	582700	tagged union downcast	kind
src/compiler/checker.ts	10210	42	586976	587033	other	kind
src/compiler/checker.ts	10234	133	588773	588826	structural interface downcast without tag	-
src/compiler/checker.ts	10303	35	592703	592786	structural interface downcast without tag	-
src/compiler/checker.ts	10311	53	593446	593473	structural interface downcast without tag	-
src/compiler/checker.ts	10354	21	596953	597077	structural interface downcast without tag	-
src/compiler/checker.ts	10419	54	601239	601261	other	kind
src/compiler/checker.ts	10455	57	603679	603706	other	kind
src/compiler/checker.ts	10457	49	603831	603901	other	kind
src/compiler/checker.ts	10457	50	603832	603859	other	kind
src/compiler/checker.ts	10478	77	605489	605519	tagged union downcast	kind
src/compiler/checker.ts	10512	84	608004	608038	other	kind
src/compiler/checker.ts	10516	112	608498	608518	other	kind
src/compiler/checker.ts	10518	62	608721	608741	other	kind
src/compiler/checker.ts	10537	112	610069	610092	other	kind
src/compiler/checker.ts	10538	62	610187	610210	other	kind
src/compiler/checker.ts	10549	34	610997	611017	other	kind
src/compiler/checker.ts	10569	112	612364	612387	other	kind
src/compiler/checker.ts	10570	62	612489	612512	other	kind
src/compiler/checker.ts	10587	34	613710	613733	other	kind
src/compiler/checker.ts	10596	44	614218	614257	other	kind
src/compiler/checker.ts	10598	51	614369	614392	other	kind
src/compiler/checker.ts	10667	199	619201	619289	other	kind
src/compiler/checker.ts	10845	44	632088	632115	other	kind
src/compiler/checker.ts	10950	32	639609	639634	as unknown as	-
src/compiler/checker.ts	10950	32	639609	639627	as unknown as	-
src/compiler/checker.ts	10953	72	639869	639877	other	-
src/compiler/checker.ts	11074	22	646769	646787	structural interface downcast without tag	-
src/compiler/checker.ts	11074	79	646826	646844	structural interface downcast without tag	-
src/compiler/checker.ts	11075	53	646946	646964	structural interface downcast without tag	-
src/compiler/checker.ts	11076	53	647060	647078	structural interface downcast without tag	-
src/compiler/checker.ts	11171	80	651795	651816	structural interface downcast without tag	-
src/compiler/checker.ts	11190	21	653164	653178	other	-
src/compiler/checker.ts	11196	115	653574	653590	structural interface downcast without tag	-
src/compiler/checker.ts	11198	40	653694	653715	structural interface downcast without tag	-
src/compiler/checker.ts	11199	141	653872	653893	structural interface downcast without tag	-
src/compiler/checker.ts	11248	36	655744	655793	structural interface downcast without tag	-
src/compiler/checker.ts	11258	54	656318	656348	structural interface downcast without tag	-
src/compiler/checker.ts	11308	49	659455	659496	other	kind
src/compiler/checker.ts	11347	43	661417	661444	other	kind
src/compiler/checker.ts	11348	27	661482	661534	tagged union downcast	kind
src/compiler/checker.ts	11348	28	661483	661510	other	kind
src/compiler/checker.ts	11368	58	662616	662635	structural interface downcast without tag	-
src/compiler/checker.ts	11439	55	666181	666211	other	kind
src/compiler/checker.ts	11463	53	667289	667346	tagged union downcast	kind
src/compiler/checker.ts	11518	41	670228	670244	other	flags
src/compiler/checker.ts	11520	41	670348	670364	other	flags
src/compiler/checker.ts	11522	27	670477	670500	other	flags
src/compiler/checker.ts	11524	27	670619	670638	other	flags
src/compiler/checker.ts	11526	27	670753	670767	other	flags
src/compiler/checker.ts	11528	27	670885	670908	other	flags
src/compiler/checker.ts	11530	27	671020	671043	other	flags
src/compiler/checker.ts	11532	41	671157	671173	other	flags
src/compiler/checker.ts	11534	37	671303	671333	other	flags
src/compiler/checker.ts	11570	27	672922	672993	structural interface downcast without tag	-
src/compiler/checker.ts	11571	63	673058	673082	structural interface downcast without tag	-
src/compiler/checker.ts	11713	50	680484	680531	other	kind
src/compiler/checker.ts	11715	50	680637	680662	structural interface downcast without tag	-
src/compiler/checker.ts	11717	25	680740	680771	other	kind
src/compiler/checker.ts	11719	25	680858	680886	other	kind
src/compiler/checker.ts	11726	48	681238	681260	other	kind
src/compiler/checker.ts	11726	88	681278	681321	tagged union downcast	kind
src/compiler/checker.ts	11726	89	681279	681301	other	kind
src/compiler/checker.ts	11729	48	681499	681555	other	kind
src/compiler/checker.ts	11731	22	681597	681676	upcast	-
src/compiler/checker.ts	11731	23	681598	681647	other	kind
src/compiler/checker.ts	11736	89	681914	681959	structural interface downcast without tag	-
src/compiler/checker.ts	11773	69	684388	684414	tagged union downcast	kind
src/compiler/checker.ts	11780	58	684758	684788	tagged union downcast	kind
src/compiler/checker.ts	11798	65	686211	686234	structural interface downcast without tag	-
src/compiler/checker.ts	11831	113	687957	687975	other	kind
src/compiler/checker.ts	11836	68	688211	688241	other	kind
src/compiler/checker.ts	11866	45	690143	690172	other	kind
src/compiler/checker.ts	11910	26	692653	692698	tagged union downcast	kind
src/compiler/checker.ts	11916	68	693208	693235	upcast	-
src/compiler/checker.ts	11993	116	698092	698135	other	kind
src/compiler/checker.ts	12016	24	699328	699363	tagged union downcast	kind
src/compiler/checker.ts	12030	24	700249	700297	other	kind
src/compiler/checker.ts	12039	39	700719	700747	other	-
src/compiler/checker.ts	12040	48	700804	700832	other	-
src/compiler/checker.ts	12060	39	701937	701965	other	-
src/compiler/checker.ts	12061	48	702022	702050	other	-
src/compiler/checker.ts	12213	58	710942	710988	other	-
src/compiler/checker.ts	12214	70	711075	711094	other	-
src/compiler/checker.ts	12218	68	711245	711262	other	-
src/compiler/checker.ts	12225	68	711553	711570	other	-
src/compiler/checker.ts	12246	63	712825	712843	structural interface downcast without tag	-
src/compiler/checker.ts	12306	43	716858	716879	structural interface downcast without tag	-
src/compiler/checker.ts	12307	51	716940	716961	structural interface downcast without tag	-
src/compiler/checker.ts	12379	44	721699	721719	tagged union downcast	kind
src/compiler/checker.ts	12417	22	724109	724169	structural interface downcast without tag	-
src/compiler/checker.ts	12565	59	732061	732082	other	-
src/compiler/checker.ts	12573	25	732610	732631	other	-
src/compiler/checker.ts	12601	127	734254	734285	other	kind
src/compiler/checker.ts	12781	72	744380	744419	structural interface downcast without tag	-
src/compiler/checker.ts	12892	81	750228	750257	other	kind
src/compiler/checker.ts	12939	18	752902	752927	structural interface downcast without tag	-
src/compiler/checker.ts	12939	65	752949	752974	structural interface downcast without tag	-
src/compiler/checker.ts	12961	42	753890	753912	structural interface downcast without tag	-
src/compiler/checker.ts	12964	49	754029	754058	structural interface downcast without tag	-
src/compiler/checker.ts	12993	18	755234	755255	structural interface downcast without tag	-
src/compiler/checker.ts	13004	17	755584	755605	structural interface downcast without tag	-
src/compiler/checker.ts	13008	64	755747	755768	structural interface downcast without tag	-
src/compiler/checker.ts	13016	32	756184	756220	structural interface downcast without tag	-
src/compiler/checker.ts	13020	30	756411	756435	structural interface downcast without tag	-
src/compiler/checker.ts	13044	59	757963	758025	other	kind
src/compiler/checker.ts	13076	156	759677	759715	structural interface downcast without tag	-
src/compiler/checker.ts	13077	119	759839	759870	other	kind
src/compiler/checker.ts	13083	115	760297	760319	other	kind
src/compiler/checker.ts	13086	88	760519	760546	other	kind
src/compiler/checker.ts	13088	135	760708	760745	other	kind
src/compiler/checker.ts	13091	82	761064	761115	other	kind
src/compiler/checker.ts	13095	69	761380	761405	other	kind
src/compiler/checker.ts	13102	29	761730	761743	other	kind
src/compiler/checker.ts	13103	78	761828	761841	other	kind
src/compiler/checker.ts	13121	38	762695	762722	other	kind
src/compiler/checker.ts	13143	37	763847	763935	other	kind
src/compiler/checker.ts	13225	46	768491	768524	structural interface downcast without tag	-
src/compiler/checker.ts	13257	77	770591	770626	other	kind
src/compiler/checker.ts	13263	56	770996	771024	structural interface downcast without tag	-
src/compiler/checker.ts	13286	64	772016	772033	structural interface downcast without tag	-
src/compiler/checker.ts	13377	38	777752	777773	structural interface downcast without tag	-
src/compiler/checker.ts	13380	52	777942	777963	structural interface downcast without tag	-
src/compiler/checker.ts	13397	59	778858	778882	structural interface downcast without tag	-
src/compiler/checker.ts	13404	103	779273	779308	other	kind
src/compiler/checker.ts	13405	66	779379	779414	other	kind
src/compiler/checker.ts	13411	67	779861	779883	structural interface downcast without tag	-
src/compiler/checker.ts	13447	65	781427	781462	other	kind
src/compiler/checker.ts	13475	76	782817	782864	structural interface downcast without tag	-
src/compiler/checker.ts	13488	18	784040	784059	structural interface downcast without tag	-
src/compiler/checker.ts	13489	18	784130	784149	structural interface downcast without tag	-
src/compiler/checker.ts	13489	94	784206	784225	structural interface downcast without tag	-
src/compiler/checker.ts	13490	18	784246	784265	structural interface downcast without tag	-
src/compiler/checker.ts	13490	48	784276	784295	structural interface downcast without tag	-
src/compiler/checker.ts	13491	18	784315	784334	structural interface downcast without tag	-
src/compiler/checker.ts	13497	16	784585	784620	structural interface downcast without tag	-
src/compiler/checker.ts	13551	47	787634	787664	other	kind
src/compiler/checker.ts	13580	29	789130	789186	structural interface downcast without tag	-
src/compiler/checker.ts	13581	27	789215	789271	structural interface downcast without tag	-
src/compiler/checker.ts	13657	40	792322	792343	other	kind
src/compiler/checker.ts	13659	26	792429	792454	other	kind
src/compiler/checker.ts	13659	71	792474	792499	other	kind
src/compiler/checker.ts	13706	66	795027	795065	other	kind
src/compiler/checker.ts	13712	66	795394	795454	other	kind
src/compiler/checker.ts	13754	15	797359	797399	structural interface downcast without tag	-
src/compiler/checker.ts	13757	14	797535	797575	structural interface downcast without tag	-
src/compiler/checker.ts	13759	14	797726	797766	structural interface downcast without tag	-
src/compiler/checker.ts	13760	14	797819	797859	structural interface downcast without tag	-
src/compiler/checker.ts	13761	14	797917	797957	structural interface downcast without tag	-
src/compiler/checker.ts	13763	14	798008	798048	structural interface downcast without tag	-
src/compiler/checker.ts	13764	14	798150	798190	structural interface downcast without tag	-
src/compiler/checker.ts	13765	14	798296	798336	structural interface downcast without tag	-
src/compiler/checker.ts	13767	16	798417	798457	structural interface downcast without tag	-
src/compiler/checker.ts	13780	131	799183	799214	tagged union downcast	kind
src/compiler/checker.ts	13785	133	799511	799542	tagged union downcast	kind
src/compiler/checker.ts	13801	17	800118	800132	other	-
src/compiler/checker.ts	13802	14	800186	800200	other	-
src/compiler/checker.ts	13803	14	800254	800268	other	-
src/compiler/checker.ts	13963	33	808938	808991	structural interface downcast without tag	-
src/compiler/checker.ts	13973	91	809639	809716	structural interface downcast without tag	-
src/compiler/checker.ts	13973	91	809639	809653	upcast	-
src/compiler/checker.ts	13984	73	810165	810208	other	kind
src/compiler/checker.ts	14057	29	813691	813712	structural interface downcast without tag	-
src/compiler/checker.ts	14058	52	813774	813795	structural interface downcast without tag	-
src/compiler/checker.ts	14062	36	814080	814104	structural interface downcast without tag	-
src/compiler/checker.ts	14063	31	814210	814234	structural interface downcast without tag	-
src/compiler/checker.ts	14195	88	821704	821725	structural interface downcast without tag	-
src/compiler/checker.ts	14196	29	821779	821800	structural interface downcast without tag	-
src/compiler/checker.ts	14196	106	821856	821879	structural interface downcast without tag	-
src/compiler/checker.ts	14233	61	824137	824173	other	-
src/compiler/checker.ts	14430	30	836827	836848	other	-
src/compiler/checker.ts	14437	86	837246	837264	other	-
src/compiler/checker.ts	14704	64	852532	852555	structural interface downcast without tag	-
src/compiler/checker.ts	14704	99	852567	852597	structural interface downcast without tag	-
src/compiler/checker.ts	14708	56	852756	852782	structural interface downcast without tag	-
src/compiler/checker.ts	14731	34	854503	854618	structural interface downcast without tag	-
src/compiler/checker.ts	14737	21	854937	854982	structural interface downcast without tag	-
src/compiler/checker.ts	14738	21	855048	855093	structural interface downcast without tag	-
src/compiler/checker.ts	14743	39	855569	855614	structural interface downcast without tag	-
src/compiler/checker.ts	14744	77	855705	855761	other	-
src/compiler/checker.ts	14745	49	855827	855854	structural interface downcast without tag	-
src/compiler/checker.ts	14746	53	855909	855948	structural interface downcast without tag	-
src/compiler/checker.ts	14762	40	856713	856730	structural interface downcast without tag	-
src/compiler/checker.ts	14766	18	856909	856932	structural interface downcast without tag	-
src/compiler/checker.ts	14767	36	856993	857016	structural interface downcast without tag	-
src/compiler/checker.ts	14770	60	857209	857232	structural interface downcast without tag	-
src/compiler/checker.ts	14770	105	857254	857277	structural interface downcast without tag	-
src/compiler/checker.ts	14770	159	857308	857331	structural interface downcast without tag	-
src/compiler/checker.ts	14776	28	857512	857529	structural interface downcast without tag	-
src/compiler/checker.ts	14781	28	857887	857911	structural interface downcast without tag	-
src/compiler/checker.ts	14785	49	858171	858188	structural interface downcast without tag	-
src/compiler/checker.ts	14820	29	859747	859772	other	-
src/compiler/checker.ts	14849	38	861741	861790	other	-
src/compiler/checker.ts	14862	34	863016	863238	structural interface downcast without tag	-
src/compiler/checker.ts	14894	64	865118	865149	other	-
src/compiler/checker.ts	14942	14	867963	868004	other	kind
src/compiler/checker.ts	14951	75	868603	868666	other	-
src/compiler/checker.ts	14957	38	869077	869134	structural interface downcast without tag	-
src/compiler/checker.ts	14959	132	869351	869378	upcast	-
src/compiler/checker.ts	14960	122	869516	869547	structural interface downcast without tag	-
src/compiler/checker.ts	14984	45	871123	871141	structural interface downcast without tag	-
src/compiler/checker.ts	14984	132	871210	871228	structural interface downcast without tag	-
src/compiler/checker.ts	14987	67	871362	871386	structural interface downcast without tag	-
src/compiler/checker.ts	14988	27	871426	871450	structural interface downcast without tag	-
src/compiler/checker.ts	14994	87	871726	871744	structural interface downcast without tag	-
src/compiler/checker.ts	14999	64	871985	872003	structural interface downcast without tag	-
src/compiler/checker.ts	15006	56	872464	872482	structural interface downcast without tag	-
src/compiler/checker.ts	15007	125	872610	872628	structural interface downcast without tag	-
src/compiler/checker.ts	15023	15	873224	873244	structural interface downcast without tag	-
src/compiler/checker.ts	15025	22	873329	873347	upcast	-
src/compiler/checker.ts	15026	49	873437	873458	structural interface downcast without tag	-
src/compiler/checker.ts	15028	27	873507	873525	upcast	-
src/compiler/checker.ts	15029	52	873625	873646	structural interface downcast without tag	-
src/compiler/checker.ts	15031	27	873695	873720	structural interface downcast without tag	-
src/compiler/checker.ts	15032	53	873818	873843	structural interface downcast without tag	-
src/compiler/checker.ts	15034	27	873892	873910	upcast	-
src/compiler/checker.ts	15035	49	874000	874021	upcast	-
src/compiler/checker.ts	15037	27	874070	874088	structural interface downcast without tag	-
src/compiler/checker.ts	15038	46	874172	874190	structural interface downcast without tag	-
src/compiler/checker.ts	15045	41	874468	874485	structural interface downcast without tag	-
src/compiler/checker.ts	15048	48	874612	874636	structural interface downcast without tag	-
src/compiler/checker.ts	15054	16	874800	874820	structural interface downcast without tag	-
src/compiler/checker.ts	15060	49	875072	875090	structural interface downcast without tag	-
src/compiler/checker.ts	15070	59	875520	875538	structural interface downcast without tag	-
src/compiler/checker.ts	15104	52	877176	877193	structural interface downcast without tag	-
src/compiler/checker.ts	15111	42	877507	877529	structural interface downcast without tag	-
src/compiler/checker.ts	15120	22	877890	877962	upcast	-
src/compiler/checker.ts	15139	68	879122	879144	structural interface downcast without tag	-
src/compiler/checker.ts	15149	84	879574	879595	upcast	-
src/compiler/checker.ts	15150	81	879680	879705	structural interface downcast without tag	-
src/compiler/checker.ts	15151	81	879790	879813	structural interface downcast without tag	-
src/compiler/checker.ts	15166	59	880499	880520	upcast	-
src/compiler/checker.ts	15167	65	880663	880694	structural interface downcast without tag	-
src/compiler/checker.ts	15168	74	880816	880841	structural interface downcast without tag	-
src/compiler/checker.ts	15169	102	880971	880994	structural interface downcast without tag	-
src/compiler/checker.ts	15170	73	881084	881108	structural interface downcast without tag	-
src/compiler/checker.ts	15171	76	881206	881224	structural interface downcast without tag	-
src/compiler/checker.ts	15189	48	882205	882234	structural interface downcast without tag	-
src/compiler/checker.ts	15299	58	889026	889076	upcast	-
src/compiler/checker.ts	15349	68	891940	891958	upcast	-
src/compiler/checker.ts	15371	67	893162	893180	upcast	-
src/compiler/checker.ts	15372	25	893208	893226	upcast	-
src/compiler/checker.ts	15377	32	893449	893477	structural interface downcast without tag	-
src/compiler/checker.ts	15400	42	894473	894487	structural interface downcast without tag	-
src/compiler/checker.ts	15401	40	894538	894573	structural interface downcast without tag	-
src/compiler/checker.ts	15401	41	894539	894553	structural interface downcast without tag	-
src/compiler/checker.ts	15409	32	895000	895024	structural interface downcast without tag	-
src/compiler/checker.ts	15411	86	895194	895218	structural interface downcast without tag	-
src/compiler/checker.ts	15414	55	895378	895400	structural interface downcast without tag	-
src/compiler/checker.ts	15415	54	895463	895485	structural interface downcast without tag	-
src/compiler/checker.ts	15415	107	895516	895538	structural interface downcast without tag	-
src/compiler/checker.ts	15421	74	895987	896036	structural interface downcast without tag	-
src/compiler/checker.ts	15421	75	895988	896010	structural interface downcast without tag	-
src/compiler/checker.ts	15421	126	896039	896061	structural interface downcast without tag	-
src/compiler/checker.ts	15423	59	896154	896176	structural interface downcast without tag	-
src/compiler/checker.ts	15424	58	896249	896271	structural interface downcast without tag	-
src/compiler/checker.ts	15425	142	896427	896449	structural interface downcast without tag	-
src/compiler/checker.ts	15429	69	896684	896704	structural interface downcast without tag	-
src/compiler/checker.ts	15433	70	896914	896935	structural interface downcast without tag	-
src/compiler/checker.ts	15508	24	901142	901177	structural interface downcast without tag	-
src/compiler/checker.ts	15527	66	902615	902639	structural interface downcast without tag	-
src/compiler/checker.ts	15532	88	902852	902877	structural interface downcast without tag	-
src/compiler/checker.ts	15533	69	902984	903009	structural interface downcast without tag	-
src/compiler/checker.ts	15534	38	903063	903087	structural interface downcast without tag	-
src/compiler/checker.ts	15534	108	903133	903157	structural interface downcast without tag	-
src/compiler/checker.ts	15545	79	903726	903741	structural interface downcast without tag	-
src/compiler/checker.ts	15547	82	903927	903948	structural interface downcast without tag	-
src/compiler/checker.ts	15812	46	919563	919580	structural interface downcast without tag	-
src/compiler/checker.ts	15813	21	919654	919671	structural interface downcast without tag	-
src/compiler/checker.ts	15813	65	919698	919715	structural interface downcast without tag	-
src/compiler/checker.ts	15813	126	919759	919776	structural interface downcast without tag	-
src/compiler/checker.ts	15816	20	919868	919892	structural interface downcast without tag	-
src/compiler/checker.ts	15817	18	919970	919994	structural interface downcast without tag	-
src/compiler/checker.ts	15818	66	920119	920143	structural interface downcast without tag	-
src/compiler/checker.ts	15820	21	920246	920270	structural interface downcast without tag	-
src/compiler/checker.ts	15832	14	920716	920736	structural interface downcast without tag	-
src/compiler/checker.ts	15862	52	922391	922408	structural interface downcast without tag	-
src/compiler/checker.ts	15862	128	922467	922484	structural interface downcast without tag	-
src/compiler/checker.ts	15863	76	922596	922620	structural interface downcast without tag	-
src/compiler/checker.ts	15873	75	923213	923237	structural interface downcast without tag	-
src/compiler/checker.ts	15877	77	923683	923707	structural interface downcast without tag	-
src/compiler/checker.ts	15896	59	924885	924903	structural interface downcast without tag	-
src/compiler/checker.ts	15921	63	926342	926373	structural interface downcast without tag	-
src/compiler/checker.ts	15926	61	926612	926643	structural interface downcast without tag	-
src/compiler/checker.ts	15931	57	926846	926877	structural interface downcast without tag	-
src/compiler/checker.ts	15938	59	927182	927200	structural interface downcast without tag	-
src/compiler/checker.ts	15951	18	927869	927886	structural interface downcast without tag	-
src/compiler/checker.ts	15952	25	927940	927957	structural interface downcast without tag	-
src/compiler/checker.ts	15958	173	928652	928670	structural interface downcast without tag	-
src/compiler/checker.ts	15960	25	928831	928848	structural interface downcast without tag	-
src/compiler/checker.ts	15962	14	928982	928999	structural interface downcast without tag	-
src/compiler/checker.ts	16017	139	931925	931952	structural interface downcast without tag	-
src/compiler/checker.ts	16022	59	932165	932183	structural interface downcast without tag	-
src/compiler/checker.ts	16082	43	934969	935003	other	-
src/compiler/checker.ts	16122	16	937097	937159	other	-
src/compiler/checker.ts	16256	68	944790	944832	tagged union downcast	kind
src/compiler/checker.ts	16287	72	946863	946881	other	-
src/compiler/checker.ts	16335	62	949384	949422	tagged union downcast	kind
src/compiler/checker.ts	16344	29	949706	949724	other	kind
src/compiler/checker.ts	16344	121	949798	949816	other	kind
src/compiler/checker.ts	16350	29	950068	950092	structural interface downcast without tag	-
src/compiler/checker.ts	16351	38	950179	950203	structural interface downcast without tag	-
src/compiler/checker.ts	16355	38	950370	950428	other	kind
src/compiler/checker.ts	16358	38	950536	950562	other	kind
src/compiler/checker.ts	16375	27	951496	951527	tagged union downcast	kind
src/compiler/checker.ts	16466	124	956604	956639	other	-
src/compiler/checker.ts	16481	33	957696	957744	other	-
src/compiler/checker.ts	16481	123	957786	957834	other	-
src/compiler/checker.ts	16495	45	958548	958584	upcast	-
src/compiler/checker.ts	16514	71	959687	959725	tagged union downcast	kind
src/compiler/checker.ts	16520	75	960068	960106	tagged union downcast	kind
src/compiler/checker.ts	16524	41	960240	960289	tagged union downcast	kind
src/compiler/checker.ts	16568	39	962818	962883	upcast	-
src/compiler/checker.ts	16717	72	971708	971751	other	kind
src/compiler/checker.ts	16717	119	971755	971790	structural interface downcast without tag	-
src/compiler/checker.ts	16757	86	974518	974542	structural interface downcast without tag	-
src/compiler/checker.ts	16775	47	975882	975914	other	kind
src/compiler/checker.ts	16778	80	976149	976179	other	kind
src/compiler/checker.ts	16805	71	978201	978236	other	kind
src/compiler/checker.ts	16807	78	978403	978434	other	kind
src/compiler/checker.ts	16825	72	979743	979772	other	kind
src/compiler/checker.ts	16826	42	979824	979853	other	kind
src/compiler/checker.ts	16827	26	979972	980013	other	kind
src/compiler/checker.ts	16827	101	980047	980088	other	kind
src/compiler/checker.ts	16828	26	980160	980231	other	kind
src/compiler/checker.ts	16828	27	980161	980202	other	kind
src/compiler/checker.ts	16830	49	980312	980383	other	kind
src/compiler/checker.ts	16830	50	980313	980354	other	kind
src/compiler/checker.ts	16926	20	985368	985439	structural interface downcast without tag	-
src/compiler/checker.ts	16936	22	985816	985882	structural interface downcast without tag	-
src/compiler/checker.ts	16949	22	986627	986706	structural interface downcast without tag	-
src/compiler/checker.ts	16991	22	988836	988901	structural interface downcast without tag	-
src/compiler/checker.ts	17015	87	990606	990631	other	kind
src/compiler/checker.ts	17016	52	990742	990761	structural interface downcast without tag	-
src/compiler/checker.ts	17016	73	990763	990788	other	kind
src/compiler/checker.ts	17022	40	991336	991355	structural interface downcast without tag	-
src/compiler/checker.ts	17030	53	991785	991813	other	-
src/compiler/checker.ts	17130	90	997554	997582	other	-
src/compiler/checker.ts	17142	84	998281	998295	upcast	-
src/compiler/checker.ts	17204	91	1001082	1001104	other	kind
src/compiler/checker.ts	17223	71	1002084	1002115	structural interface downcast without tag	-
src/compiler/checker.ts	17224	97	1002245	1002269	structural interface downcast without tag	-
src/compiler/checker.ts	17231	59	1002692	1002716	structural interface downcast without tag	-
src/compiler/checker.ts	17246	24	1003340	1003394	structural interface downcast without tag	-
src/compiler/checker.ts	17258	55	1003905	1003926	other	kind
src/compiler/checker.ts	17262	115	1004186	1004212	other	kind
src/compiler/checker.ts	17262	157	1004228	1004256	other	kind
src/compiler/checker.ts	17279	127	1005386	1005415	other	kind
src/compiler/checker.ts	17280	64	1005493	1005522	other	kind
src/compiler/checker.ts	17280	107	1005536	1005565	other	kind
src/compiler/checker.ts	17287	105	1006039	1006063	other	kind
src/compiler/checker.ts	17287	153	1006087	1006111	other	kind
src/compiler/checker.ts	17288	36	1006157	1006210	structural interface downcast without tag	-
src/compiler/checker.ts	17288	56	1006177	1006195	other	kind
src/compiler/checker.ts	17310	95	1007385	1007410	other	kind
src/compiler/checker.ts	17310	158	1007448	1007473	other	kind
src/compiler/checker.ts	17446	21	1013850	1013871	structural interface downcast without tag	-
src/compiler/checker.ts	17450	16	1014124	1014142	structural interface downcast without tag	-
src/compiler/checker.ts	17495	49	1016896	1016916	other	-
src/compiler/checker.ts	17502	76	1017280	1017317	other	-
src/compiler/checker.ts	17507	73	1017651	1017685	other	-
src/compiler/checker.ts	17512	63	1017998	1018022	other	-
src/compiler/checker.ts	17518	59	1018342	1018376	other	-
src/compiler/checker.ts	17521	75	1018519	1018537	other	-
src/compiler/checker.ts	17534	71	1019129	1019160	other	-
src/compiler/checker.ts	17538	70	1019358	1019388	other	-
src/compiler/checker.ts	17542	81	1019622	1019642	other	-
src/compiler/checker.ts	17546	84	1019850	1019881	other	-
src/compiler/checker.ts	17550	62	1020009	1020029	other	-
src/compiler/checker.ts	17554	61	1020219	1020240	other	-
src/compiler/checker.ts	17558	65	1020429	1020454	other	-
src/compiler/checker.ts	17562	80	1020687	1020708	other	-
src/compiler/checker.ts	17566	76	1020885	1020921	other	-
src/compiler/checker.ts	17570	67	1021113	1021140	other	-
src/compiler/checker.ts	17574	67	1021333	1021360	other	-
src/compiler/checker.ts	17578	75	1021569	1021604	other	-
src/compiler/checker.ts	17587	73	1022127	1022160	other	-
src/compiler/checker.ts	17591	68	1022355	1022383	other	-
src/compiler/checker.ts	17595	62	1022566	1022588	other	-
src/compiler/checker.ts	17599	62	1022771	1022793	other	-
src/compiler/checker.ts	17603	70	1022992	1023022	other	-
src/compiler/checker.ts	17616	68	1023680	1023708	other	-
src/compiler/checker.ts	17620	63	1023893	1023916	other	-
src/compiler/checker.ts	17624	73	1024121	1024154	other	-
src/compiler/checker.ts	17628	74	1024361	1024395	other	-
src/compiler/checker.ts	17632	64	1024582	1024606	other	-
src/compiler/checker.ts	17636	69	1024802	1024831	other	-
src/compiler/checker.ts	17641	26	1025099	1025150	structural interface downcast without tag	-
src/compiler/checker.ts	17646	66	1025429	1025450	other	-
src/compiler/checker.ts	17652	63	1025882	1025900	other	-
src/compiler/checker.ts	17658	66	1026328	1026349	other	-
src/compiler/checker.ts	17663	60	1026637	1026657	other	-
src/compiler/checker.ts	17667	75	1026875	1026910	other	-
src/compiler/checker.ts	17671	81	1027131	1027172	other	-
src/compiler/checker.ts	17675	81	1027393	1027434	other	-
src/compiler/checker.ts	17679	81	1027655	1027696	other	-
src/compiler/checker.ts	17683	83	1027921	1027964	other	-
src/compiler/checker.ts	17687	82	1028187	1028229	other	-
src/compiler/checker.ts	17691	82	1028452	1028494	other	-
src/compiler/checker.ts	17695	80	1028713	1028753	other	-
src/compiler/checker.ts	17699	66	1028936	1028953	other	-
src/compiler/checker.ts	17703	65	1029115	1029135	other	-
src/compiler/checker.ts	17731	48	1030557	1030577	other	kind
src/compiler/checker.ts	17733	25	1030652	1030676	other	kind
src/compiler/checker.ts	17734	22	1030740	1030764	other	kind
src/compiler/checker.ts	17734	89	1030807	1030831	other	kind
src/compiler/checker.ts	17751	35	1031515	1031536	tagged union downcast	kind
src/compiler/checker.ts	17752	64	1031635	1031656	tagged union downcast	kind
src/compiler/checker.ts	17797	82	1034005	1034030	other	kind
src/compiler/checker.ts	17801	25	1034220	1034244	other	kind
src/compiler/checker.ts	17801	113	1034308	1034332	other	kind
src/compiler/checker.ts	17809	45	1034721	1034815	other	kind
src/compiler/checker.ts	17811	25	1034888	1034908	other	kind
src/compiler/checker.ts	17811	106	1034969	1035013	other	kind
src/compiler/checker.ts	17811	107	1034970	1034990	other	kind
src/compiler/checker.ts	17814	30	1035146	1035181	other	kind
src/compiler/checker.ts	17816	45	1035305	1035334	other	kind
src/compiler/checker.ts	17816	112	1035372	1035401	other	kind
src/compiler/checker.ts	17818	45	1035506	1035533	other	kind
src/compiler/checker.ts	17818	109	1035570	1035597	other	kind
src/compiler/checker.ts	17819	42	1035657	1035684	other	kind
src/compiler/checker.ts	17819	105	1035720	1035747	other	kind
src/compiler/checker.ts	17881	29	1039502	1039519	other	-
src/compiler/checker.ts	17889	134	1040008	1040026	other	-
src/compiler/checker.ts	17897	65	1040419	1040439	other	-
src/compiler/checker.ts	17907	22	1040886	1040993	other	-
src/compiler/checker.ts	17912	69	1041275	1041294	upcast	-
src/compiler/checker.ts	17913	23	1041320	1041339	upcast	-
src/compiler/checker.ts	17933	83	1042301	1042320	structural interface downcast without tag	-
src/compiler/checker.ts	18114	106	1053225	1053242	structural interface downcast without tag	-
src/compiler/checker.ts	18137	177	1054327	1054342	structural interface downcast without tag	-
src/compiler/checker.ts	18212	63	1059217	1059233	structural interface downcast without tag	-
src/compiler/checker.ts	18220	27	1059463	1059545	structural interface downcast without tag	-
src/compiler/checker.ts	18235	54	1060198	1060229	structural interface downcast without tag	-
src/compiler/checker.ts	18244	32	1060694	1060718	structural interface downcast without tag	-
src/compiler/checker.ts	18245	46	1060815	1060839	structural interface downcast without tag	-
src/compiler/checker.ts	18256	36	1061518	1061542	structural interface downcast without tag	-
src/compiler/checker.ts	18257	26	1061619	1061643	structural interface downcast without tag	-
src/compiler/checker.ts	18258	49	1061727	1061751	structural interface downcast without tag	-
src/compiler/checker.ts	18271	40	1062508	1062532	structural interface downcast without tag	-
src/compiler/checker.ts	18272	30	1062613	1062637	structural interface downcast without tag	-
src/compiler/checker.ts	18272	115	1062698	1062722	structural interface downcast without tag	-
src/compiler/checker.ts	18283	73	1063077	1063094	structural interface downcast without tag	-
src/compiler/checker.ts	18289	33	1063304	1063318	structural interface downcast without tag	-
src/compiler/checker.ts	18294	50	1063603	1063622	structural interface downcast without tag	-
src/compiler/checker.ts	18301	24	1063795	1063845	structural interface downcast without tag	-
src/compiler/checker.ts	18337	51	1066251	1066265	other	-
src/compiler/checker.ts	18377	63	1068598	1068616	structural interface downcast without tag	-
src/compiler/checker.ts	18386	84	1069165	1069183	structural interface downcast without tag	-
src/compiler/checker.ts	18440	65	1071977	1071996	structural interface downcast without tag	-
src/compiler/checker.ts	18441	72	1072081	1072107	structural interface downcast without tag	-
src/compiler/checker.ts	18442	18	1072138	1072157	structural interface downcast without tag	-
src/compiler/checker.ts	18446	20	1072469	1072509	structural interface downcast without tag	-
src/compiler/checker.ts	18454	18	1073009	1073042	other	-
src/compiler/checker.ts	18473	63	1073848	1073872	structural interface downcast without tag	-
src/compiler/checker.ts	18602	47	1079968	1079993	structural interface downcast without tag	-
src/compiler/checker.ts	18602	81	1080002	1080016	structural interface downcast without tag	-
src/compiler/checker.ts	18641	24	1081718	1081772	structural interface downcast without tag	-
src/compiler/checker.ts	18661	68	1083322	1083336	other	-
src/compiler/checker.ts	18758	79	1090194	1090208	structural interface downcast without tag	-
src/compiler/checker.ts	18763	80	1090700	1090714	structural interface downcast without tag	-
src/compiler/checker.ts	18763	132	1090752	1090766	structural interface downcast without tag	-
src/compiler/checker.ts	18799	77	1093618	1093632	structural interface downcast without tag	-
src/compiler/checker.ts	18820	42	1094630	1094651	structural interface downcast without tag	-
src/compiler/checker.ts	18834	46	1095239	1095256	structural interface downcast without tag	-
src/compiler/checker.ts	18834	95	1095288	1095305	structural interface downcast without tag	-
src/compiler/checker.ts	18835	41	1095359	1095390	structural interface downcast without tag	-
src/compiler/checker.ts	18859	24	1096915	1096955	structural interface downcast without tag	-
src/compiler/checker.ts	18866	24	1097172	1097218	structural interface downcast without tag	-
src/compiler/checker.ts	18887	52	1098563	1098588	other	-
src/compiler/checker.ts	18915	104	1100820	1100839	structural interface downcast without tag	-
src/compiler/checker.ts	18915	151	1100867	1100894	structural interface downcast without tag	-
src/compiler/checker.ts	18952	30	1102719	1102797	other	-
src/compiler/checker.ts	18964	94	1103381	1103408	structural interface downcast without tag	-
src/compiler/checker.ts	18981	107	1104819	1104843	structural interface downcast without tag	-
src/compiler/checker.ts	18986	67	1105073	1105097	structural interface downcast without tag	-
src/compiler/checker.ts	18987	81	1105205	1105255	upcast	-
src/compiler/checker.ts	18988	69	1105340	1105357	structural interface downcast without tag	-
src/compiler/checker.ts	18989	69	1105472	1105496	structural interface downcast without tag	-
src/compiler/checker.ts	18990	83	1105625	1105643	structural interface downcast without tag	-
src/compiler/checker.ts	19084	30	1110013	1110037	structural interface downcast without tag	-
src/compiler/checker.ts	19085	36	1110085	1110109	structural interface downcast without tag	-
src/compiler/checker.ts	19085	70	1110119	1110143	structural interface downcast without tag	-
src/compiler/checker.ts	19102	56	1110708	1110733	structural interface downcast without tag	-
src/compiler/checker.ts	19103	58	1110801	1110826	structural interface downcast without tag	-
src/compiler/checker.ts	19104	74	1110910	1110935	structural interface downcast without tag	-
src/compiler/checker.ts	19105	77	1111023	1111044	structural interface downcast without tag	-
src/compiler/checker.ts	19110	22	1111209	1111269	structural interface downcast without tag	-
src/compiler/checker.ts	19118	101	1111653	1111678	structural interface downcast without tag	-
src/compiler/checker.ts	19119	116	1111806	1111833	structural interface downcast without tag	-
src/compiler/checker.ts	19119	153	1111843	1111870	structural interface downcast without tag	-
src/compiler/checker.ts	19129	40	1112533	1112561	other	-
src/compiler/checker.ts	19143	40	1113222	1113250	other	-
src/compiler/checker.ts	19166	24	1114592	1114666	structural interface downcast without tag	-
src/compiler/checker.ts	19172	22	1114935	1114991	structural interface downcast without tag	-
src/compiler/checker.ts	19198	27	1116168	1116185	structural interface downcast without tag	-
src/compiler/checker.ts	19201	26	1116301	1116325	structural interface downcast without tag	-
src/compiler/checker.ts	19242	80	1118999	1119017	upcast	-
src/compiler/checker.ts	19264	65	1120579	1120602	structural interface downcast without tag	-
src/compiler/checker.ts	19332	133	1125149	1125179	structural interface downcast without tag	-
src/compiler/checker.ts	19336	44	1125419	1125445	structural interface downcast without tag	-
src/compiler/checker.ts	19349	149	1126490	1126508	upcast	-
src/compiler/checker.ts	19356	105	1127076	1127094	upcast	-
src/compiler/checker.ts	19358	140	1127313	1127331	upcast	-
src/compiler/checker.ts	19372	79	1128502	1128533	structural interface downcast without tag	-
src/compiler/checker.ts	19376	146	1129026	1129056	structural interface downcast without tag	-
src/compiler/checker.ts	19379	146	1129360	1129390	structural interface downcast without tag	-
src/compiler/checker.ts	19408	89	1131122	1131172	structural interface downcast without tag	-
src/compiler/checker.ts	19442	30	1133050	1133074	structural interface downcast without tag	-
src/compiler/checker.ts	19458	69	1133857	1133884	structural interface downcast without tag	-
src/compiler/checker.ts	19459	90	1134019	1134044	structural interface downcast without tag	-
src/compiler/checker.ts	19480	20	1134789	1134820	structural interface downcast without tag	-
src/compiler/checker.ts	19481	18	1134892	1134923	structural interface downcast without tag	-
src/compiler/checker.ts	19482	33	1135009	1135040	structural interface downcast without tag	-
src/compiler/checker.ts	19484	21	1135137	1135168	structural interface downcast without tag	-
src/compiler/checker.ts	19487	20	1135294	1135318	structural interface downcast without tag	-
src/compiler/checker.ts	19488	18	1135390	1135414	structural interface downcast without tag	-
src/compiler/checker.ts	19489	44	1135511	1135535	structural interface downcast without tag	-
src/compiler/checker.ts	19489	105	1135572	1135596	structural interface downcast without tag	-
src/compiler/checker.ts	19491	21	1135647	1135671	structural interface downcast without tag	-
src/compiler/checker.ts	19498	86	1136207	1136232	structural interface downcast without tag	-
src/compiler/checker.ts	19499	79	1136324	1136347	structural interface downcast without tag	-
src/compiler/checker.ts	19500	67	1136427	1136444	structural interface downcast without tag	-
src/compiler/checker.ts	19509	32	1136874	1136911	structural interface downcast without tag	-
src/compiler/checker.ts	19518	32	1137408	1137430	structural interface downcast without tag	-
src/compiler/checker.ts	19622	88	1144025	1144056	other	-
src/compiler/checker.ts	19644	58	1145668	1145710	structural interface downcast without tag	-
src/compiler/checker.ts	19698	30	1149591	1149613	structural interface downcast without tag	-
src/compiler/checker.ts	19736	26	1151645	1151708	structural interface downcast without tag	-
src/compiler/checker.ts	19750	43	1152377	1152401	structural interface downcast without tag	-
src/compiler/checker.ts	19754	18	1152512	1152537	structural interface downcast without tag	-
src/compiler/checker.ts	19755	18	1152602	1152627	structural interface downcast without tag	-
src/compiler/checker.ts	19758	64	1152762	1152787	structural interface downcast without tag	-
src/compiler/checker.ts	19758	127	1152825	1152850	structural interface downcast without tag	-
src/compiler/checker.ts	19800	25	1155498	1155528	other	kind
src/compiler/checker.ts	19800	79	1155552	1155584	other	kind
src/compiler/checker.ts	19854	42	1161067	1161095	structural interface downcast without tag	-
src/compiler/checker.ts	19882	22	1162821	1162873	structural interface downcast without tag	-
src/compiler/checker.ts	19899	34	1164057	1164083	structural interface downcast without tag	-
src/compiler/checker.ts	19901	65	1164208	1164234	structural interface downcast without tag	-
src/compiler/checker.ts	19947	47	1166565	1166596	upcast	-
src/compiler/checker.ts	19948	47	1166668	1166699	upcast	-
src/compiler/checker.ts	20114	20	1175753	1175770	structural interface downcast without tag	-
src/compiler/checker.ts	20115	26	1175851	1175868	structural interface downcast without tag	-
src/compiler/checker.ts	20117	33	1175960	1175977	structural interface downcast without tag	-
src/compiler/checker.ts	20121	34	1176137	1176154	structural interface downcast without tag	-
src/compiler/checker.ts	20193	32	1180130	1180154	structural interface downcast without tag	-
src/compiler/checker.ts	20277	22	1185257	1185308	structural interface downcast without tag	-
src/compiler/checker.ts	20285	19	1185547	1185568	structural interface downcast without tag	-
src/compiler/checker.ts	20286	66	1185649	1185668	structural interface downcast without tag	-
src/compiler/checker.ts	20286	95	1185678	1185697	structural interface downcast without tag	-
src/compiler/checker.ts	20286	124	1185707	1185726	structural interface downcast without tag	-
src/compiler/checker.ts	20288	18	1185797	1185818	structural interface downcast without tag	-
src/compiler/checker.ts	20290	21	1185879	1185900	structural interface downcast without tag	-
src/compiler/checker.ts	20296	52	1186069	1186090	structural interface downcast without tag	-
src/compiler/checker.ts	20297	46	1186152	1186169	structural interface downcast without tag	-
src/compiler/checker.ts	20297	82	1186188	1186205	structural interface downcast without tag	-
src/compiler/checker.ts	20297	115	1186221	1186276	structural interface downcast without tag	-
src/compiler/checker.ts	20302	57	1186413	1186432	structural interface downcast without tag	-
src/compiler/checker.ts	20308	51	1186653	1186723	structural interface downcast without tag	-
src/compiler/checker.ts	20314	51	1186932	1187002	structural interface downcast without tag	-
src/compiler/checker.ts	20321	49	1187263	1187333	structural interface downcast without tag	-
src/compiler/checker.ts	20344	22	1188317	1188393	structural interface downcast without tag	-
src/compiler/checker.ts	20345	28	1188423	1188494	other	-
src/compiler/checker.ts	20357	88	1188956	1188980	other	kind
src/compiler/checker.ts	20374	81	1189860	1189913	other	kind
src/compiler/checker.ts	20411	49	1191828	1191857	other	kind
src/compiler/checker.ts	20413	22	1191928	1191949	other	kind
src/compiler/checker.ts	20414	29	1192005	1192026	other	kind
src/compiler/checker.ts	20415	108	1192149	1192173	other	kind
src/compiler/checker.ts	20416	57	1192250	1192289	other	kind
src/compiler/checker.ts	20421	25	1192429	1192450	other	kind
src/compiler/checker.ts	20458	18	1193935	1193979	other	-
src/compiler/checker.ts	20468	18	1194558	1194602	other	-
src/compiler/checker.ts	20470	48	1194848	1194885	other	-
src/compiler/checker.ts	20472	51	1194981	1195004	other	kind
src/compiler/checker.ts	20474	49	1195100	1195125	other	kind
src/compiler/checker.ts	20476	25	1195197	1195222	other	kind
src/compiler/checker.ts	20478	49	1195373	1195408	other	kind
src/compiler/checker.ts	20480	49	1195500	1195521	other	kind
src/compiler/checker.ts	20483	56	1195660	1195697	other	kind
src/compiler/checker.ts	20485	52	1195795	1195819	other	kind
src/compiler/checker.ts	20487	49	1195911	1195932	other	kind
src/compiler/checker.ts	20489	56	1196038	1196066	other	kind
src/compiler/checker.ts	20491	57	1196174	1196199	other	kind
src/compiler/checker.ts	20493	60	1196310	1196335	other	kind
src/compiler/checker.ts	20495	54	1196446	1196470	other	kind
src/compiler/checker.ts	20499	45	1196667	1196764	other	kind
src/compiler/checker.ts	20501	48	1196860	1196880	other	kind
src/compiler/checker.ts	20503	53	1196984	1197009	other	kind
src/compiler/checker.ts	20510	78	1197361	1197472	other	kind
src/compiler/checker.ts	20512	52	1197570	1197594	other	kind
src/compiler/checker.ts	20514	57	1197702	1197731	other	kind
src/compiler/checker.ts	20516	50	1197825	1197847	other	kind
src/compiler/checker.ts	20518	55	1197951	1197978	other	kind
src/compiler/checker.ts	20520	49	1198070	1198091	other	kind
src/compiler/checker.ts	20522	52	1198196	1198227	other	kind
src/compiler/checker.ts	20524	50	1198321	1198343	other	kind
src/compiler/checker.ts	20528	18	1198744	1198787	other	-
src/compiler/checker.ts	20529	18	1198807	1198853	other	-
src/compiler/checker.ts	20530	18	1198873	1198930	other	-
src/compiler/checker.ts	20668	76	1206054	1206098	upcast	-
src/compiler/checker.ts	20740	73	1210370	1210391	structural interface downcast without tag	-
src/compiler/checker.ts	20741	75	1210476	1210511	structural interface downcast without tag	-
src/compiler/checker.ts	20744	67	1210680	1210724	structural interface downcast without tag	-
src/compiler/checker.ts	20754	80	1211541	1211585	upcast	-
src/compiler/checker.ts	20783	100	1213921	1213950	structural interface downcast without tag	-
src/compiler/checker.ts	20783	140	1213961	1213990	structural interface downcast without tag	-
src/compiler/checker.ts	20784	85	1214135	1214155	structural interface downcast without tag	-
src/compiler/checker.ts	20793	30	1215358	1215383	structural interface downcast without tag	-
src/compiler/checker.ts	20799	30	1216007	1216032	structural interface downcast without tag	-
src/compiler/checker.ts	20810	68	1216413	1216445	other	kind
src/compiler/checker.ts	20810	129	1216474	1216506	other	kind
src/compiler/checker.ts	20811	60	1216580	1216609	other	kind
src/compiler/checker.ts	20811	118	1216638	1216667	other	kind
src/compiler/checker.ts	20822	113	1217530	1217554	other	kind
src/compiler/checker.ts	20835	51	1218123	1218139	other	kind
src/compiler/checker.ts	20837	41	1218287	1218308	other	kind
src/compiler/checker.ts	20847	39	1219435	1219456	other	kind
src/compiler/checker.ts	20853	30	1219709	1219740	other	kind
src/compiler/checker.ts	20853	74	1219753	1219784	other	kind
src/compiler/checker.ts	20854	31	1219825	1219856	other	kind
src/compiler/checker.ts	20855	31	1219927	1219958	other	kind
src/compiler/checker.ts	20856	28	1220022	1220053	other	kind
src/compiler/checker.ts	20856	88	1220082	1220113	other	kind
src/compiler/checker.ts	20865	57	1220463	1220490	structural interface downcast without tag	-
src/compiler/checker.ts	20867	24	1220588	1220617	upcast	-
src/compiler/checker.ts	20909	57	1223601	1223622	structural interface downcast without tag	-
src/compiler/checker.ts	20958	72	1227169	1227194	other	-
src/compiler/checker.ts	20967	24	1227934	1228116	upcast	-
src/compiler/checker.ts	20969	14	1228186	1228206	structural interface downcast without tag	-
src/compiler/checker.ts	20969	51	1228223	1228241	structural interface downcast without tag	-
src/compiler/checker.ts	20971	70	1228368	1228386	structural interface downcast without tag	-
src/compiler/checker.ts	20973	14	1228482	1228502	structural interface downcast without tag	-
src/compiler/checker.ts	20978	14	1228799	1228836	structural interface downcast without tag	-
src/compiler/checker.ts	20978	61	1228846	1228881	structural interface downcast without tag	-
src/compiler/checker.ts	21062	34	1233926	1233944	structural interface downcast without tag	-
src/compiler/checker.ts	21064	62	1234124	1234145	structural interface downcast without tag	-
src/compiler/checker.ts	21065	52	1234207	1234228	structural interface downcast without tag	-
src/compiler/checker.ts	21067	104	1234452	1234473	structural interface downcast without tag	-
src/compiler/checker.ts	21070	57	1234649	1234674	structural interface downcast without tag	-
src/compiler/checker.ts	21072	51	1234755	1234805	structural interface downcast without tag	-
src/compiler/checker.ts	21077	60	1235015	1235032	structural interface downcast without tag	-
src/compiler/checker.ts	21078	85	1235139	1235172	structural interface downcast without tag	-
src/compiler/checker.ts	21078	129	1235183	1235214	structural interface downcast without tag	-
src/compiler/checker.ts	21090	50	1236025	1236042	structural interface downcast without tag	-
src/compiler/checker.ts	21093	44	1236165	1236192	structural interface downcast without tag	-
src/compiler/checker.ts	21093	98	1236219	1236246	structural interface downcast without tag	-
src/compiler/checker.ts	21096	42	1236366	1236391	structural interface downcast without tag	-
src/compiler/checker.ts	21096	94	1236418	1236443	structural interface downcast without tag	-
src/compiler/checker.ts	21101	58	1236776	1236801	structural interface downcast without tag	-
src/compiler/checker.ts	21101	123	1236841	1236866	structural interface downcast without tag	-
src/compiler/checker.ts	21101	171	1236889	1236914	structural interface downcast without tag	-
src/compiler/checker.ts	21105	17	1237122	1237145	structural interface downcast without tag	-
src/compiler/checker.ts	21106	37	1237184	1237207	structural interface downcast without tag	-
src/compiler/checker.ts	21113	50	1237459	1237483	structural interface downcast without tag	-
src/compiler/checker.ts	21117	52	1237664	1237688	structural interface downcast without tag	-
src/compiler/checker.ts	21143	13	1239200	1239229	structural interface downcast without tag	-
src/compiler/checker.ts	21144	13	1239244	1239271	structural interface downcast without tag	-
src/compiler/checker.ts	21187	66	1241875	1241937	other	kind
src/compiler/checker.ts	21189	30	1242024	1242055	other	kind
src/compiler/checker.ts	21191	30	1242173	1242203	other	kind
src/compiler/checker.ts	21193	44	1242332	1242361	other	kind
src/compiler/checker.ts	21194	41	1242417	1242446	other	kind
src/compiler/checker.ts	21196	26	1242533	1242557	other	kind
src/compiler/checker.ts	21196	102	1242609	1242633	other	kind
src/compiler/checker.ts	21197	42	1242737	1242761	other	kind
src/compiler/checker.ts	21197	97	1242792	1242816	other	kind
src/compiler/checker.ts	21199	44	1242920	1242946	other	kind
src/compiler/checker.ts	21201	44	1243060	1243091	other	kind
src/compiler/checker.ts	21203	30	1243180	1243201	other	kind
src/compiler/checker.ts	21206	41	1243537	1243557	other	kind
src/compiler/checker.ts	21212	40	1243871	1243910	other	kind
src/compiler/checker.ts	21231	41	1244655	1244673	other	kind
src/compiler/checker.ts	21242	107	1245253	1245271	other	kind
src/compiler/checker.ts	21252	59	1245773	1245791	structural interface downcast without tag	-
src/compiler/checker.ts	21264	45	1246400	1246424	structural interface downcast without tag	-
src/compiler/checker.ts	21310	56	1248544	1248563	structural interface downcast without tag	-
src/compiler/checker.ts	21311	52	1248661	1248680	structural interface downcast without tag	-
src/compiler/checker.ts	21312	59	1248785	1248811	structural interface downcast without tag	-
src/compiler/checker.ts	21316	105	1249365	1249385	structural interface downcast without tag	-
src/compiler/checker.ts	21368	103	1252716	1252740	structural interface downcast without tag	-
src/compiler/checker.ts	21395	40	1253887	1253949	other	kind
src/compiler/checker.ts	21397	26	1254122	1254146	other	kind
src/compiler/checker.ts	21400	48	1254317	1254341	other	kind
src/compiler/checker.ts	21404	47	1254580	1254611	other	kind
src/compiler/checker.ts	21406	46	1254785	1254815	other	kind
src/compiler/checker.ts	21408	47	1254981	1255002	other	kind
src/compiler/checker.ts	21410	47	1255168	1255189	other	kind
src/compiler/checker.ts	21497	63	1259589	1259607	other	-
src/compiler/checker.ts	21520	54	1260524	1260543	structural interface downcast without tag	-
src/compiler/checker.ts	21827	71	1280687	1280707	other	-
src/compiler/checker.ts	22077	44	1296584	1296617	tagged union downcast	kind
src/compiler/checker.ts	22079	127	1296801	1296834	tagged union downcast	kind
src/compiler/checker.ts	22122	127	1298854	1298872	structural interface downcast without tag	-
src/compiler/checker.ts	22124	50	1298985	1299002	structural interface downcast without tag	-
src/compiler/checker.ts	22125	58	1299090	1299107	structural interface downcast without tag	-
src/compiler/checker.ts	22131	14	1299304	1299324	structural interface downcast without tag	-
src/compiler/checker.ts	22131	67	1299357	1299377	structural interface downcast without tag	-
src/compiler/checker.ts	22138	20	1299658	1299675	structural interface downcast without tag	-
src/compiler/checker.ts	22139	32	1299766	1299783	structural interface downcast without tag	-
src/compiler/checker.ts	22140	18	1299810	1299827	structural interface downcast without tag	-
src/compiler/checker.ts	22143	24	1300125	1300142	structural interface downcast without tag	-
src/compiler/checker.ts	22149	52	1300336	1300353	structural interface downcast without tag	-
src/compiler/checker.ts	22153	59	1300530	1300547	structural interface downcast without tag	-
src/compiler/checker.ts	22159	66	1301002	1301033	structural interface downcast without tag	-
src/compiler/checker.ts	22238	14	1306248	1306275	structural interface downcast without tag	-
src/compiler/checker.ts	22238	54	1306288	1306315	structural interface downcast without tag	-
src/compiler/checker.ts	22244	14	1306600	1306627	structural interface downcast without tag	-
src/compiler/checker.ts	22244	54	1306640	1306667	structural interface downcast without tag	-
src/compiler/checker.ts	22256	68	1307464	1307485	structural interface downcast without tag	-
src/compiler/checker.ts	22256	102	1307498	1307519	structural interface downcast without tag	-
src/compiler/checker.ts	22274	26	1309186	1309213	structural interface downcast without tag	-
src/compiler/checker.ts	22274	66	1309226	1309253	structural interface downcast without tag	-
src/compiler/checker.ts	22284	23	1309655	1309678	structural interface downcast without tag	-
src/compiler/checker.ts	22287	23	1309770	1309793	structural interface downcast without tag	-
src/compiler/checker.ts	22320	51	1311549	1311570	structural interface downcast without tag	-
src/compiler/checker.ts	22322	65	1311735	1311756	structural interface downcast without tag	-
src/compiler/checker.ts	22322	116	1311786	1311807	structural interface downcast without tag	-
src/compiler/checker.ts	22322	164	1311834	1311855	structural interface downcast without tag	-
src/compiler/checker.ts	22323	99	1312012	1312043	structural interface downcast without tag	-
src/compiler/checker.ts	22324	66	1312122	1312146	structural interface downcast without tag	-
src/compiler/checker.ts	22324	131	1312187	1312211	structural interface downcast without tag	-
src/compiler/checker.ts	22337	80	1312712	1312736	structural interface downcast without tag	-
src/compiler/checker.ts	22482	30	1321114	1321215	other	-
src/compiler/checker.ts	22644	18	1330416	1330443	structural interface downcast without tag	-
src/compiler/checker.ts	22680	95	1332607	1332634	structural interface downcast without tag	-
src/compiler/checker.ts	22680	124	1332636	1332655	structural interface downcast without tag	-
src/compiler/checker.ts	22805	32	1340238	1340257	structural interface downcast without tag	-
src/compiler/checker.ts	22823	45	1341510	1341542	structural interface downcast without tag	-
src/compiler/checker.ts	22858	72	1344063	1344082	structural interface downcast without tag	-
src/compiler/checker.ts	22859	56	1344197	1344216	structural interface downcast without tag	-
src/compiler/checker.ts	22897	38	1346474	1346500	structural interface downcast without tag	-
src/compiler/checker.ts	22931	116	1348538	1348560	upcast	-
src/compiler/checker.ts	22932	59	1348624	1348647	upcast	-
src/compiler/checker.ts	22947	51	1349505	1349538	structural interface downcast without tag	-
src/compiler/checker.ts	22948	51	1349591	1349624	structural interface downcast without tag	-
src/compiler/checker.ts	22973	112	1350854	1350885	structural interface downcast without tag	-
src/compiler/checker.ts	22994	70	1352279	1352298	structural interface downcast without tag	-
src/compiler/checker.ts	22994	146	1352355	1352374	structural interface downcast without tag	-
src/compiler/checker.ts	22995	71	1352448	1352474	structural interface downcast without tag	-
src/compiler/checker.ts	23031	61	1355912	1355961	other	kind
src/compiler/checker.ts	23076	43	1359014	1359033	structural interface downcast without tag	-
src/compiler/checker.ts	23077	120	1359163	1359195	structural interface downcast without tag	-
src/compiler/checker.ts	23082	43	1359562	1359581	structural interface downcast without tag	-
src/compiler/checker.ts	23083	113	1359704	1359729	structural interface downcast without tag	-
src/compiler/checker.ts	23088	43	1359938	1359957	structural interface downcast without tag	-
src/compiler/checker.ts	23089	43	1360086	1360105	structural interface downcast without tag	-
src/compiler/checker.ts	23092	85	1360341	1360360	structural interface downcast without tag	-
src/compiler/checker.ts	23095	54	1360605	1360631	structural interface downcast without tag	-
src/compiler/checker.ts	23103	46	1361346	1361372	structural interface downcast without tag	-
src/compiler/checker.ts	23104	38	1361507	1361533	structural interface downcast without tag	-
src/compiler/checker.ts	23119	42	1362556	1362582	structural interface downcast without tag	-
src/compiler/checker.ts	23153	55	1364833	1364860	structural interface downcast without tag	-
src/compiler/checker.ts	23153	99	1364877	1364904	structural interface downcast without tag	-
src/compiler/checker.ts	23153	141	1364919	1364946	structural interface downcast without tag	-
src/compiler/checker.ts	23160	66	1365504	1365523	upcast	-
src/compiler/checker.ts	23215	20	1368242	1368261	structural interface downcast without tag	-
src/compiler/checker.ts	23215	83	1368305	1368324	structural interface downcast without tag	-
src/compiler/checker.ts	23227	88	1369114	1369133	structural interface downcast without tag	-
src/compiler/checker.ts	23230	95	1369343	1369379	structural interface downcast without tag	-
src/compiler/checker.ts	23230	171	1369419	1369455	structural interface downcast without tag	-
src/compiler/checker.ts	23236	62	1370353	1370389	structural interface downcast without tag	-
src/compiler/checker.ts	23236	111	1370402	1370438	structural interface downcast without tag	-
src/compiler/checker.ts	23396	44	1380676	1380705	upcast	-
src/compiler/checker.ts	23487	118	1386378	1386404	structural interface downcast without tag	-
src/compiler/checker.ts	23521	28	1389058	1389084	structural interface downcast without tag	-
src/compiler/checker.ts	23553	60	1390897	1390930	structural interface downcast without tag	-
src/compiler/checker.ts	23553	95	1390932	1390965	structural interface downcast without tag	-
src/compiler/checker.ts	23555	61	1391064	1391097	structural interface downcast without tag	-
src/compiler/checker.ts	23555	96	1391099	1391132	structural interface downcast without tag	-
src/compiler/checker.ts	23560	41	1391308	1391327	structural interface downcast without tag	-
src/compiler/checker.ts	23560	69	1391336	1391355	structural interface downcast without tag	-
src/compiler/checker.ts	23563	47	1391537	1391564	structural interface downcast without tag	-
src/compiler/checker.ts	23563	89	1391579	1391606	structural interface downcast without tag	-
src/compiler/checker.ts	23564	52	1391720	1391747	structural interface downcast without tag	-
src/compiler/checker.ts	23564	93	1391761	1391788	structural interface downcast without tag	-
src/compiler/checker.ts	23570	26	1392048	1392073	structural interface downcast without tag	-
src/compiler/checker.ts	23570	78	1392100	1392125	structural interface downcast without tag	-
src/compiler/checker.ts	23571	51	1392201	1392226	structural interface downcast without tag	-
src/compiler/checker.ts	23571	90	1392240	1392265	structural interface downcast without tag	-
src/compiler/checker.ts	23572	56	1392382	1392407	structural interface downcast without tag	-
src/compiler/checker.ts	23572	97	1392423	1392448	structural interface downcast without tag	-
src/compiler/checker.ts	23573	90	1392601	1392626	structural interface downcast without tag	-
src/compiler/checker.ts	23573	149	1392660	1392685	structural interface downcast without tag	-
src/compiler/checker.ts	23574	95	1392831	1392856	structural interface downcast without tag	-
src/compiler/checker.ts	23574	155	1392891	1392916	structural interface downcast without tag	-
src/compiler/checker.ts	23583	47	1393305	1393331	structural interface downcast without tag	-
src/compiler/checker.ts	23583	86	1393344	1393370	structural interface downcast without tag	-
src/compiler/checker.ts	23584	52	1393482	1393508	structural interface downcast without tag	-
src/compiler/checker.ts	23584	93	1393523	1393549	structural interface downcast without tag	-
src/compiler/checker.ts	23590	41	1393829	1393858	structural interface downcast without tag	-
src/compiler/checker.ts	23590	80	1393868	1393897	structural interface downcast without tag	-
src/compiler/checker.ts	23591	46	1393955	1393984	structural interface downcast without tag	-
src/compiler/checker.ts	23592	46	1394039	1394068	structural interface downcast without tag	-
src/compiler/checker.ts	23603	26	1394603	1394630	structural interface downcast without tag	-
src/compiler/checker.ts	23603	67	1394644	1394671	structural interface downcast without tag	-
src/compiler/checker.ts	23604	45	1394728	1394755	structural interface downcast without tag	-
src/compiler/checker.ts	23604	81	1394764	1394791	structural interface downcast without tag	-
src/compiler/checker.ts	23662	70	1398877	1398897	structural interface downcast without tag	-
src/compiler/checker.ts	23662	182	1398989	1399009	structural interface downcast without tag	-
src/compiler/checker.ts	23663	50	1399086	1399106	structural interface downcast without tag	-
src/compiler/checker.ts	23664	76	1399226	1399246	structural interface downcast without tag	-
src/compiler/checker.ts	23665	111	1399360	1399380	structural interface downcast without tag	-
src/compiler/checker.ts	23687	37	1400693	1400712	structural interface downcast without tag	-
src/compiler/checker.ts	23690	59	1400909	1400928	structural interface downcast without tag	-
src/compiler/checker.ts	23710	75	1402309	1402328	structural interface downcast without tag	-
src/compiler/checker.ts	23742	47	1404690	1404717	structural interface downcast without tag	-
src/compiler/checker.ts	23742	89	1404732	1404759	structural interface downcast without tag	-
src/compiler/checker.ts	23743	48	1404859	1404886	structural interface downcast without tag	-
src/compiler/checker.ts	23743	89	1404900	1404927	structural interface downcast without tag	-
src/compiler/checker.ts	23755	41	1405517	1405544	structural interface downcast without tag	-
src/compiler/checker.ts	23756	40	1405598	1405625	structural interface downcast without tag	-
src/compiler/checker.ts	23790	91	1408104	1408137	structural interface downcast without tag	-
src/compiler/checker.ts	23791	26	1408190	1408223	structural interface downcast without tag	-
src/compiler/checker.ts	23818	103	1410824	1410861	structural interface downcast without tag	-
src/compiler/checker.ts	23819	67	1410961	1410998	structural interface downcast without tag	-
src/compiler/checker.ts	23856	27	1413835	1413860	structural interface downcast without tag	-
src/compiler/checker.ts	23861	131	1414409	1414434	structural interface downcast without tag	-
src/compiler/checker.ts	23877	72	1415885	1415914	structural interface downcast without tag	-
src/compiler/checker.ts	23877	103	1415916	1415945	structural interface downcast without tag	-
src/compiler/checker.ts	23883	64	1416402	1416431	structural interface downcast without tag	-
src/compiler/checker.ts	23898	60	1417156	1417178	upcast	-
src/compiler/checker.ts	23910	70	1418551	1418578	structural interface downcast without tag	-
src/compiler/checker.ts	23912	76	1418716	1418743	structural interface downcast without tag	-
src/compiler/checker.ts	23920	69	1419110	1419129	structural interface downcast without tag	-
src/compiler/checker.ts	23920	97	1419138	1419157	structural interface downcast without tag	-
src/compiler/checker.ts	23920	149	1419190	1419209	structural interface downcast without tag	-
src/compiler/checker.ts	23925	40	1419520	1419560	structural interface downcast without tag	-
src/compiler/checker.ts	23925	41	1419521	1419540	structural interface downcast without tag	-
src/compiler/checker.ts	23948	26	1421472	1421499	structural interface downcast without tag	-
src/compiler/checker.ts	23948	67	1421513	1421540	structural interface downcast without tag	-
src/compiler/checker.ts	23951	47	1421669	1421696	structural interface downcast without tag	-
src/compiler/checker.ts	23951	83	1421705	1421732	structural interface downcast without tag	-
src/compiler/checker.ts	23972	43	1422977	1423002	structural interface downcast without tag	-
src/compiler/checker.ts	23973	42	1423072	1423097	structural interface downcast without tag	-
src/compiler/checker.ts	23978	53	1423521	1423546	structural interface downcast without tag	-
src/compiler/checker.ts	23983	59	1423882	1423907	structural interface downcast without tag	-
src/compiler/checker.ts	23984	39	1423964	1423989	structural interface downcast without tag	-
src/compiler/checker.ts	23984	78	1424003	1424028	structural interface downcast without tag	-
src/compiler/checker.ts	23984	153	1424078	1424103	structural interface downcast without tag	-
src/compiler/checker.ts	23984	192	1424117	1424142	structural interface downcast without tag	-
src/compiler/checker.ts	23986	97	1424299	1424324	structural interface downcast without tag	-
src/compiler/checker.ts	23986	165	1424367	1424392	structural interface downcast without tag	-
src/compiler/checker.ts	23987	83	1424516	1424541	structural interface downcast without tag	-
src/compiler/checker.ts	23987	143	1424576	1424601	structural interface downcast without tag	-
src/compiler/checker.ts	23996	81	1425148	1425173	structural interface downcast without tag	-
src/compiler/checker.ts	24004	172	1425855	1425880	structural interface downcast without tag	-
src/compiler/checker.ts	24034	122	1427419	1427442	structural interface downcast without tag	-
src/compiler/checker.ts	24034	159	1427456	1427479	structural interface downcast without tag	-
src/compiler/checker.ts	24045	53	1428351	1428374	structural interface downcast without tag	-
src/compiler/checker.ts	24052	77	1428901	1428924	structural interface downcast without tag	-
src/compiler/checker.ts	24052	120	1428944	1428967	structural interface downcast without tag	-
src/compiler/checker.ts	24110	79	1433644	1433673	structural interface downcast without tag	-
src/compiler/checker.ts	24224	24	1442074	1442105	structural interface downcast without tag	-
src/compiler/checker.ts	24510	84	1461335	1461368	other	-
src/compiler/checker.ts	24652	108	1470186	1470209	structural interface downcast without tag	-
src/compiler/checker.ts	24652	145	1470223	1470246	structural interface downcast without tag	-
src/compiler/checker.ts	24774	106	1478730	1478756	structural interface downcast without tag	-
src/compiler/checker.ts	24911	31	1486546	1486570	structural interface downcast without tag	-
src/compiler/checker.ts	24984	59	1490567	1490585	structural interface downcast without tag	-
src/compiler/checker.ts	24989	32	1490944	1490968	structural interface downcast without tag	-
src/compiler/checker.ts	24992	27	1491071	1491095	structural interface downcast without tag	-
src/compiler/checker.ts	25088	33	1496574	1496593	structural interface downcast without tag	-
src/compiler/checker.ts	25088	72	1496613	1496632	structural interface downcast without tag	-
src/compiler/checker.ts	25113	86	1497838	1497859	upcast	-
src/compiler/checker.ts	25117	70	1498019	1498040	structural interface downcast without tag	-
src/compiler/checker.ts	25150	56	1499891	1499909	structural interface downcast without tag	-
src/compiler/checker.ts	25171	48	1500849	1500872	structural interface downcast without tag	-
src/compiler/checker.ts	25171	73	1500874	1500897	structural interface downcast without tag	-
src/compiler/checker.ts	25180	30	1501433	1501456	structural interface downcast without tag	-
src/compiler/checker.ts	25194	71	1502027	1502093	structural interface downcast without tag	-
src/compiler/checker.ts	25245	30	1505433	1505457	structural interface downcast without tag	-
src/compiler/checker.ts	25276	54	1507066	1507084	structural interface downcast without tag	-
src/compiler/checker.ts	25277	78	1507168	1507194	structural interface downcast without tag	-
src/compiler/checker.ts	25289	26	1507637	1507661	structural interface downcast without tag	-
src/compiler/checker.ts	25303	66	1508805	1508826	structural interface downcast without tag	-
src/compiler/checker.ts	25307	25	1509120	1509141	structural interface downcast without tag	-
src/compiler/checker.ts	25326	25	1510141	1510166	structural interface downcast without tag	-
src/compiler/checker.ts	25333	21	1510441	1510464	structural interface downcast without tag	-
src/compiler/checker.ts	25481	107	1517803	1517817	structural interface downcast without tag	-
src/compiler/checker.ts	25481	142	1517838	1517852	other	-
src/compiler/checker.ts	25516	70	1519818	1519839	structural interface downcast without tag	-
src/compiler/checker.ts	25516	124	1519872	1519893	structural interface downcast without tag	-
src/compiler/checker.ts	25520	69	1520067	1520088	structural interface downcast without tag	-
src/compiler/checker.ts	25548	82	1521540	1521561	structural interface downcast without tag	-
src/compiler/checker.ts	25552	82	1521809	1521830	structural interface downcast without tag	-
src/compiler/checker.ts	25554	10	1521891	1521912	structural interface downcast without tag	-
src/compiler/checker.ts	25555	24	1521994	1522041	upcast	-
src/compiler/checker.ts	25555	25	1521995	1522016	structural interface downcast without tag	-
src/compiler/checker.ts	25571	160	1523095	1523116	structural interface downcast without tag	-
src/compiler/checker.ts	25572	37	1523198	1523219	structural interface downcast without tag	-
src/compiler/checker.ts	25573	96	1523353	1523374	structural interface downcast without tag	-
src/compiler/checker.ts	25575	10	1523400	1523421	structural interface downcast without tag	-
src/compiler/checker.ts	25576	17	1523492	1523513	structural interface downcast without tag	-
src/compiler/checker.ts	25591	39	1524082	1524097	other	-
src/compiler/checker.ts	25592	84	1524186	1524206	other	-
src/compiler/checker.ts	25600	56	1524540	1524562	other	-
src/compiler/checker.ts	25622	57	1525464	1525485	structural interface downcast without tag	-
src/compiler/checker.ts	25626	60	1525636	1525660	structural interface downcast without tag	-
src/compiler/checker.ts	25631	95	1525908	1525925	structural interface downcast without tag	-
src/compiler/checker.ts	25636	76	1526123	1526142	structural interface downcast without tag	-
src/compiler/checker.ts	25641	74	1526538	1526555	structural interface downcast without tag	-
src/compiler/checker.ts	25662	104	1527707	1527726	structural interface downcast without tag	-
src/compiler/checker.ts	25667	52	1528156	1528173	structural interface downcast without tag	-
src/compiler/checker.ts	25673	52	1528414	1528431	structural interface downcast without tag	-
src/compiler/checker.ts	25708	68	1530249	1530270	structural interface downcast without tag	-
src/compiler/checker.ts	25725	31	1531021	1531044	structural interface downcast without tag	-
src/compiler/checker.ts	25780	58	1533624	1533649	structural interface downcast without tag	-
src/compiler/checker.ts	25781	58	1533725	1533750	structural interface downcast without tag	-
src/compiler/checker.ts	25782	70	1533837	1533862	structural interface downcast without tag	-
src/compiler/checker.ts	25802	80	1534849	1534866	structural interface downcast without tag	-
src/compiler/checker.ts	25807	66	1535144	1535169	other	-
src/compiler/checker.ts	25841	77	1536733	1536750	structural interface downcast without tag	-
src/compiler/checker.ts	25880	22	1538362	1538386	structural interface downcast without tag	-
src/compiler/checker.ts	25888	96	1538919	1538944	structural interface downcast without tag	-
src/compiler/checker.ts	25926	30	1540570	1540600	structural interface downcast without tag	-
src/compiler/checker.ts	25931	26	1540715	1540735	structural interface downcast without tag	-
src/compiler/checker.ts	25936	10	1541113	1541143	structural interface downcast without tag	-
src/compiler/checker.ts	26034	122	1545734	1545751	structural interface downcast without tag	-
src/compiler/checker.ts	26035	47	1545808	1545825	structural interface downcast without tag	-
src/compiler/checker.ts	26042	55	1546487	1546511	structural interface downcast without tag	-
src/compiler/checker.ts	26070	27	1547914	1547931	structural interface downcast without tag	-
src/compiler/checker.ts	26074	38	1548086	1548103	structural interface downcast without tag	-
src/compiler/checker.ts	26118	31	1550466	1550501	other	kind
src/compiler/checker.ts	26133	31	1551600	1551635	other	kind
src/compiler/checker.ts	26159	40	1553332	1553363	upcast	-
src/compiler/checker.ts	26335	61	1563550	1563575	other	kind
src/compiler/checker.ts	26392	62	1566178	1566199	structural interface downcast without tag	-
src/compiler/checker.ts	26392	115	1566231	1566252	structural interface downcast without tag	-
src/compiler/checker.ts	26396	141	1566848	1566879	structural interface downcast without tag	-
src/compiler/checker.ts	26398	14	1566986	1567009	structural interface downcast without tag	-
src/compiler/checker.ts	26413	65	1567805	1567836	structural interface downcast without tag	-
src/compiler/checker.ts	26415	78	1568038	1568061	structural interface downcast without tag	-
src/compiler/checker.ts	26416	79	1568161	1568184	structural interface downcast without tag	-
src/compiler/checker.ts	26433	52	1569034	1569056	structural interface downcast without tag	-
src/compiler/checker.ts	26499	26	1573137	1573247	structural interface downcast without tag	-
src/compiler/checker.ts	26515	31	1573897	1573991	upcast	-
src/compiler/checker.ts	26647	27	1581391	1581418	structural interface downcast without tag	-
src/compiler/checker.ts	26657	27	1581867	1581893	structural interface downcast without tag	-
src/compiler/checker.ts	26663	28	1582208	1582235	structural interface downcast without tag	-
src/compiler/checker.ts	26666	94	1582558	1582581	structural interface downcast without tag	-
src/compiler/checker.ts	26668	104	1582806	1582835	structural interface downcast without tag	-
src/compiler/checker.ts	26671	28	1582935	1582964	structural interface downcast without tag	-
src/compiler/checker.ts	26672	100	1583073	1583102	structural interface downcast without tag	-
src/compiler/checker.ts	26678	98	1583377	1583404	structural interface downcast without tag	-
src/compiler/checker.ts	26680	29	1583521	1583550	structural interface downcast without tag	-
src/compiler/checker.ts	26680	88	1583580	1583609	structural interface downcast without tag	-
src/compiler/checker.ts	26683	57	1583853	1583882	structural interface downcast without tag	-
src/compiler/checker.ts	26683	96	1583892	1583921	structural interface downcast without tag	-
src/compiler/checker.ts	26814	34	1591603	1591636	structural interface downcast without tag	-
src/compiler/checker.ts	26822	109	1592053	1592072	structural interface downcast without tag	-
src/compiler/checker.ts	26822	149	1592093	1592112	structural interface downcast without tag	-
src/compiler/checker.ts	26842	71	1593535	1593561	structural interface downcast without tag	-
src/compiler/checker.ts	26849	112	1594306	1594332	structural interface downcast without tag	-
src/compiler/checker.ts	26849	159	1594353	1594379	structural interface downcast without tag	-
src/compiler/checker.ts	26915	182	1598671	1598694	upcast	-
src/compiler/checker.ts	26929	58	1599487	1599514	structural interface downcast without tag	-
src/compiler/checker.ts	26933	93	1600021	1600048	structural interface downcast without tag	-
src/compiler/checker.ts	26942	22	1600489	1600512	structural interface downcast without tag	-
src/compiler/checker.ts	26942	59	1600526	1600549	structural interface downcast without tag	-
src/compiler/checker.ts	26944	20	1600646	1600669	structural interface downcast without tag	-
src/compiler/checker.ts	26944	54	1600680	1600703	structural interface downcast without tag	-
src/compiler/checker.ts	26947	57	1600893	1600916	structural interface downcast without tag	-
src/compiler/checker.ts	26947	100	1600936	1600959	structural interface downcast without tag	-
src/compiler/checker.ts	26947	140	1600976	1600999	structural interface downcast without tag	-
src/compiler/checker.ts	26950	46	1601162	1601181	structural interface downcast without tag	-
src/compiler/checker.ts	26950	74	1601190	1601209	structural interface downcast without tag	-
src/compiler/checker.ts	26954	65	1601495	1601514	structural interface downcast without tag	-
src/compiler/checker.ts	26957	33	1601709	1601736	structural interface downcast without tag	-
src/compiler/checker.ts	26957	75	1601751	1601778	structural interface downcast without tag	-
src/compiler/checker.ts	26958	33	1601826	1601853	structural interface downcast without tag	-
src/compiler/checker.ts	26958	74	1601867	1601894	structural interface downcast without tag	-
src/compiler/checker.ts	26961	22	1602051	1602078	structural interface downcast without tag	-
src/compiler/checker.ts	26961	63	1602092	1602119	structural interface downcast without tag	-
src/compiler/checker.ts	26962	37	1602168	1602195	structural interface downcast without tag	-
src/compiler/checker.ts	26962	73	1602204	1602231	structural interface downcast without tag	-
src/compiler/checker.ts	26966	33	1602370	1602396	structural interface downcast without tag	-
src/compiler/checker.ts	26967	63	1602480	1602506	structural interface downcast without tag	-
src/compiler/checker.ts	26970	36	1602716	1602741	structural interface downcast without tag	-
src/compiler/checker.ts	26973	47	1602900	1602933	structural interface downcast without tag	-
src/compiler/checker.ts	26977	38	1603159	1603192	structural interface downcast without tag	-
src/compiler/checker.ts	26983	52	1603467	1603496	structural interface downcast without tag	-
src/compiler/checker.ts	27129	72	1611262	1611286	structural interface downcast without tag	-
src/compiler/checker.ts	27142	67	1611862	1611881	structural interface downcast without tag	-
src/compiler/checker.ts	27216	37	1616309	1616357	structural interface downcast without tag	-
src/compiler/checker.ts	27226	60	1617081	1617108	structural interface downcast without tag	-
src/compiler/checker.ts	27228	92	1617306	1617333	structural interface downcast without tag	-
src/compiler/checker.ts	27268	33	1619960	1619985	structural interface downcast without tag	-
src/compiler/checker.ts	27269	33	1620050	1620075	structural interface downcast without tag	-
src/compiler/checker.ts	27270	63	1620174	1620199	structural interface downcast without tag	-
src/compiler/checker.ts	27271	64	1620307	1620332	structural interface downcast without tag	-
src/compiler/checker.ts	27299	91	1622597	1622620	structural interface downcast without tag	-
src/compiler/checker.ts	27300	118	1622762	1622776	other	-
src/compiler/checker.ts	27304	46	1623015	1623042	structural interface downcast without tag	-
src/compiler/checker.ts	27320	175	1624396	1624424	structural interface downcast without tag	-
src/compiler/checker.ts	27322	129	1624751	1624777	structural interface downcast without tag	-
src/compiler/checker.ts	27325	129	1625212	1625238	structural interface downcast without tag	-
src/compiler/checker.ts	27327	150	1625558	1625584	structural interface downcast without tag	-
src/compiler/checker.ts	27329	131	1625929	1625951	structural interface downcast without tag	-
src/compiler/checker.ts	27330	121	1626106	1626128	structural interface downcast without tag	-
src/compiler/checker.ts	27331	111	1626273	1626295	structural interface downcast without tag	-
src/compiler/checker.ts	27332	47	1626376	1626393	upcast	-
src/compiler/checker.ts	27360	22	1627762	1627785	structural interface downcast without tag	-
src/compiler/checker.ts	27360	59	1627799	1627822	structural interface downcast without tag	-
src/compiler/checker.ts	27364	57	1628078	1628101	structural interface downcast without tag	-
src/compiler/checker.ts	27364	100	1628121	1628144	structural interface downcast without tag	-
src/compiler/checker.ts	27364	140	1628161	1628184	structural interface downcast without tag	-
src/compiler/checker.ts	27370	66	1628458	1628478	structural interface downcast without tag	-
src/compiler/checker.ts	27371	72	1628576	1628596	structural interface downcast without tag	-
src/compiler/checker.ts	27372	47	1628646	1628666	structural interface downcast without tag	-
src/compiler/checker.ts	27561	129	1642569	1642598	structural interface downcast without tag	-
src/compiler/checker.ts	27759	38	1655050	1655077	other	kind
src/compiler/checker.ts	27799	54	1657115	1657133	other	kind
src/compiler/checker.ts	27807	41	1657704	1657755	other	kind
src/compiler/checker.ts	27809	47	1657903	1657924	other	kind
src/compiler/checker.ts	27810	44	1658019	1658040	other	kind
src/compiler/checker.ts	27813	58	1658230	1658254	other	kind
src/compiler/checker.ts	27815	50	1658354	1658378	other	kind
src/compiler/checker.ts	27821	54	1658871	1658895	upcast	-
src/compiler/checker.ts	27842	53	1659848	1659901	other	kind
src/compiler/checker.ts	27850	25	1660393	1660415	other	kind
src/compiler/checker.ts	27850	67	1660435	1660457	other	kind
src/compiler/checker.ts	27851	25	1660497	1660519	other	kind
src/compiler/checker.ts	27851	71	1660543	1660565	other	kind
src/compiler/checker.ts	27856	80	1660868	1660888	other	kind
src/compiler/checker.ts	27856	124	1660912	1660932	other	kind
src/compiler/checker.ts	27858	82	1661103	1661123	other	kind
src/compiler/checker.ts	27866	45	1661573	1661648	other	kind
src/compiler/checker.ts	27869	68	1661848	1661874	other	kind
src/compiler/checker.ts	27873	98	1662215	1662241	other	kind
src/compiler/checker.ts	27873	139	1662256	1662282	other	kind
src/compiler/checker.ts	27885	22	1663069	1663092	other	kind
src/compiler/checker.ts	27886	42	1663193	1663216	other	kind
src/compiler/checker.ts	27905	20	1664090	1664149	other	-
src/compiler/checker.ts	27911	57	1664302	1664328	structural interface downcast without tag	-
src/compiler/checker.ts	27912	91	1664435	1664480	structural interface downcast without tag	-
src/compiler/checker.ts	27937	105	1665839	1665868	tagged union downcast	kind
src/compiler/checker.ts	27969	57	1666967	1666984	structural interface downcast without tag	-
src/compiler/checker.ts	27972	22	1667227	1667250	structural interface downcast without tag	-
src/compiler/checker.ts	27973	22	1667320	1667343	structural interface downcast without tag	-
src/compiler/checker.ts	27973	80	1667378	1667401	structural interface downcast without tag	-
src/compiler/checker.ts	27976	27	1667588	1667611	structural interface downcast without tag	-
src/compiler/checker.ts	28046	78	1671151	1671165	other	-
src/compiler/checker.ts	28049	17	1671253	1671288	other	-
src/compiler/checker.ts	28070	70	1672606	1672636	tagged union downcast	kind
src/compiler/checker.ts	28088	55	1673476	1673525	other	kind
src/compiler/checker.ts	28107	26	1674020	1674039	structural interface downcast without tag	-
src/compiler/checker.ts	28148	34	1676380	1676398	other	-
src/compiler/checker.ts	28168	65	1677305	1677330	structural interface downcast without tag	-
src/compiler/checker.ts	28177	29	1677823	1677848	structural interface downcast without tag	-
src/compiler/checker.ts	28186	41	1678327	1678352	structural interface downcast without tag	-
src/compiler/checker.ts	28210	86	1679732	1679750	structural interface downcast without tag	-
src/compiler/checker.ts	28212	38	1679892	1679910	structural interface downcast without tag	-
src/compiler/checker.ts	28235	32	1680850	1680867	structural interface downcast without tag	-
src/compiler/checker.ts	28238	45	1681058	1681082	structural interface downcast without tag	-
src/compiler/checker.ts	28341	71	1686968	1687001	other	kind
src/compiler/checker.ts	28342	66	1687088	1687119	other	kind
src/compiler/checker.ts	28350	70	1687526	1687563	tagged union downcast	kind
src/compiler/checker.ts	28367	50	1688310	1688334	other	kind
src/compiler/checker.ts	28369	58	1688455	1688481	other	kind
src/compiler/checker.ts	28373	61	1688684	1688716	other	kind
src/compiler/checker.ts	28375	58	1688827	1688850	other	kind
src/compiler/checker.ts	28377	60	1688962	1688990	other	kind
src/compiler/checker.ts	28379	69	1689120	1689157	other	kind
src/compiler/checker.ts	28386	43	1689363	1689417	tagged union downcast	kind
src/compiler/checker.ts	28388	76	1689569	1689592	tagged union downcast	kind
src/compiler/checker.ts	28423	65	1691204	1691231	other	kind
src/compiler/checker.ts	28424	38	1691286	1691313	other	kind
src/compiler/checker.ts	28426	38	1691478	1691509	other	kind
src/compiler/checker.ts	28432	47	1691727	1691758	other	kind
src/compiler/checker.ts	28434	26	1691846	1691870	other	kind
src/compiler/checker.ts	28439	55	1692189	1692213	other	kind
src/compiler/checker.ts	28441	55	1692326	1692350	other	kind
src/compiler/checker.ts	28450	65	1692641	1692667	other	kind
src/compiler/checker.ts	28450	143	1692719	1692745	other	kind
src/compiler/checker.ts	28451	65	1692829	1692855	other	kind
src/compiler/checker.ts	28451	142	1692906	1692932	other	kind
src/compiler/checker.ts	28481	67	1694417	1694455	other	kind
src/compiler/checker.ts	28488	59	1694730	1694749	structural interface downcast without tag	-
src/compiler/checker.ts	28492	136	1695015	1695034	structural interface downcast without tag	-
src/compiler/checker.ts	28497	30	1695193	1695212	structural interface downcast without tag	-
src/compiler/checker.ts	28504	76	1695460	1695481	structural interface downcast without tag	-
src/compiler/checker.ts	28511	56	1695740	1695757	structural interface downcast without tag	-
src/compiler/checker.ts	28515	53	1695913	1695930	structural interface downcast without tag	-
src/compiler/checker.ts	28519	54	1696088	1696105	structural interface downcast without tag	-
src/compiler/checker.ts	28523	68	1696286	1696317	structural interface downcast without tag	-
src/compiler/checker.ts	28528	28	1696492	1696509	structural interface downcast without tag	-
src/compiler/checker.ts	28533	29	1696679	1696696	structural interface downcast without tag	-
src/compiler/checker.ts	28541	38	1697393	1697412	structural interface downcast without tag	-
src/compiler/checker.ts	28552	58	1698166	1698183	structural interface downcast without tag	-
src/compiler/checker.ts	28562	48	1698644	1698661	structural interface downcast without tag	-
src/compiler/checker.ts	28577	25	1699446	1699463	structural interface downcast without tag	-
src/compiler/checker.ts	28578	67	1699540	1699559	structural interface downcast without tag	-
src/compiler/checker.ts	28578	97	1699570	1699587	structural interface downcast without tag	-
src/compiler/checker.ts	28598	31	1700483	1700500	structural interface downcast without tag	-
src/compiler/checker.ts	28630	55	1702693	1702709	other	flags
src/compiler/checker.ts	28642	24	1703355	1703419	structural interface downcast without tag	-
src/compiler/checker.ts	28664	35	1704611	1704635	structural interface downcast without tag	-
src/compiler/checker.ts	28675	85	1705205	1705230	structural interface downcast without tag	-
src/compiler/checker.ts	28679	68	1705379	1705404	structural interface downcast without tag	-
src/compiler/checker.ts	28707	14	1706634	1706667	other	kind
src/compiler/checker.ts	28709	14	1706773	1706806	other	kind
src/compiler/checker.ts	28710	14	1706871	1706904	other	kind
src/compiler/checker.ts	28712	57	1707033	1707066	other	kind
src/compiler/checker.ts	28729	33	1708109	1708131	structural interface downcast without tag	-
src/compiler/checker.ts	28762	93	1710150	1710168	other	kind
src/compiler/checker.ts	28769	55	1710565	1710597	other	kind
src/compiler/checker.ts	28771	39	1710696	1710728	other	kind
src/compiler/checker.ts	28787	49	1711543	1711574	other	kind
src/compiler/checker.ts	28842	23	1714592	1714671	other	-
src/compiler/checker.ts	28858	22	1715501	1715525	other	kind
src/compiler/checker.ts	28858	129	1715608	1715632	other	kind
src/compiler/checker.ts	28858	183	1715662	1715686	other	kind
src/compiler/checker.ts	28859	22	1715721	1715745	other	kind
src/compiler/checker.ts	28859	116	1715815	1715839	other	kind
src/compiler/checker.ts	28859	170	1715869	1715893	other	kind
src/compiler/checker.ts	28878	25	1716731	1716789	structural interface downcast without tag	-
src/compiler/checker.ts	28881	56	1716922	1716938	structural interface downcast without tag	-
src/compiler/checker.ts	28885	52	1717227	1717243	structural interface downcast without tag	-
src/compiler/checker.ts	28894	25	1717664	1717680	structural interface downcast without tag	-
src/compiler/checker.ts	28898	30	1717873	1717890	structural interface downcast without tag	-
src/compiler/checker.ts	28901	38	1718070	1718087	structural interface downcast without tag	-
src/compiler/checker.ts	28911	31	1718669	1718693	structural interface downcast without tag	-
src/compiler/checker.ts	28915	25	1718893	1718917	structural interface downcast without tag	-
src/compiler/checker.ts	28920	33	1719148	1719171	structural interface downcast without tag	-
src/compiler/checker.ts	28922	38	1719284	1719307	structural interface downcast without tag	-
src/compiler/checker.ts	28923	59	1719386	1719409	structural interface downcast without tag	-
src/compiler/checker.ts	28947	25	1720506	1720583	structural interface downcast without tag	-
src/compiler/checker.ts	28950	22	1720682	1720698	structural interface downcast without tag	-
src/compiler/checker.ts	28953	25	1720830	1720846	structural interface downcast without tag	-
src/compiler/checker.ts	28957	31	1721044	1721061	structural interface downcast without tag	-
src/compiler/checker.ts	28961	25	1721325	1721342	structural interface downcast without tag	-
src/compiler/checker.ts	28964	33	1721463	1721486	structural interface downcast without tag	-
src/compiler/checker.ts	28966	38	1721599	1721622	structural interface downcast without tag	-
src/compiler/checker.ts	28967	53	1721695	1721718	structural interface downcast without tag	-
src/compiler/checker.ts	28984	54	1722357	1722375	other	kind
src/compiler/checker.ts	28993	45	1722961	1722985	other	kind
src/compiler/checker.ts	29063	52	1726919	1726941	structural interface downcast without tag	-
src/compiler/checker.ts	29065	33	1727011	1727033	structural interface downcast without tag	-
src/compiler/checker.ts	29070	46	1727222	1727238	structural interface downcast without tag	-
src/compiler/checker.ts	29072	33	1727308	1727324	structural interface downcast without tag	-
src/compiler/checker.ts	29077	51	1727523	1727544	structural interface downcast without tag	-
src/compiler/checker.ts	29080	50	1727676	1727700	structural interface downcast without tag	-
src/compiler/checker.ts	29083	26	1727801	1727818	structural interface downcast without tag	-
src/compiler/checker.ts	29084	33	1727881	1727898	structural interface downcast without tag	-
src/compiler/checker.ts	29088	50	1728084	1728101	structural interface downcast without tag	-
src/compiler/checker.ts	29089	48	1728153	1728170	structural interface downcast without tag	-
src/compiler/checker.ts	29092	55	1728308	1728333	structural interface downcast without tag	-
src/compiler/checker.ts	29094	33	1728403	1728428	structural interface downcast without tag	-
src/compiler/checker.ts	29099	37	1728615	1728638	structural interface downcast without tag	-
src/compiler/checker.ts	29101	42	1728759	1728782	structural interface downcast without tag	-
src/compiler/checker.ts	29102	47	1728849	1728872	structural interface downcast without tag	-
src/compiler/checker.ts	29107	40	1729159	1729176	structural interface downcast without tag	-
src/compiler/checker.ts	29140	36	1730809	1730853	other	kind
src/compiler/checker.ts	29167	53	1732408	1732422	structural interface downcast without tag	-
src/compiler/checker.ts	29207	22	1734680	1734704	other	kind
src/compiler/checker.ts	29208	79	1734846	1734870	other	kind
src/compiler/checker.ts	29208	113	1734880	1734904	other	kind
src/compiler/checker.ts	29210	22	1734955	1734979	other	kind
src/compiler/checker.ts	29211	71	1735101	1735125	other	kind
src/compiler/checker.ts	29211	133	1735163	1735187	other	kind
src/compiler/checker.ts	29240	22	1736940	1736983	other	kind
src/compiler/checker.ts	29241	22	1737020	1737056	other	kind
src/compiler/checker.ts	29246	43	1737413	1737438	structural interface downcast without tag	-
src/compiler/checker.ts	29254	79	1738020	1738056	other	kind
src/compiler/checker.ts	29296	99	1740462	1740486	other	kind
src/compiler/checker.ts	29307	107	1741150	1741174	other	kind
src/compiler/checker.ts	29308	166	1741368	1741390	structural interface downcast without tag	-
src/compiler/checker.ts	29325	82	1742177	1742207	structural interface downcast without tag	-
src/compiler/checker.ts	29325	136	1742231	1742261	structural interface downcast without tag	-
src/compiler/checker.ts	29327	34	1742421	1742451	structural interface downcast without tag	-
src/compiler/checker.ts	29464	115	1750750	1750769	structural interface downcast without tag	-
src/compiler/checker.ts	29464	144	1750779	1750804	structural interface downcast without tag	-
src/compiler/checker.ts	29554	60	1756483	1756500	structural interface downcast without tag	-
src/compiler/checker.ts	29556	68	1756666	1756683	structural interface downcast without tag	-
src/compiler/checker.ts	29568	105	1757539	1757556	structural interface downcast without tag	-
src/compiler/checker.ts	29570	99	1757817	1757834	structural interface downcast without tag	-
src/compiler/checker.ts	29638	57	1761941	1761965	other	kind
src/compiler/checker.ts	29641	57	1762177	1762202	other	kind
src/compiler/checker.ts	29679	57	1764547	1764575	structural interface downcast without tag	-
src/compiler/checker.ts	29728	19	1767702	1767747	structural interface downcast without tag	-
src/compiler/checker.ts	29968	73	1784231	1784254	other	-
src/compiler/checker.ts	30043	84	1788603	1788626	other	-
src/compiler/checker.ts	30083	87	1790928	1790945	structural interface downcast without tag	-
src/compiler/checker.ts	30087	79	1791291	1791308	structural interface downcast without tag	-
src/compiler/checker.ts	30177	58	1797592	1797610	other	kind
src/compiler/checker.ts	30195	61	1798676	1798698	other	kind
src/compiler/checker.ts	30199	46	1798923	1798996	other	kind
src/compiler/checker.ts	30201	63	1799137	1799161	other	kind
src/compiler/checker.ts	30203	26	1799258	1799287	other	kind
src/compiler/checker.ts	30204	50	1799383	1799412	other	kind
src/compiler/checker.ts	30237	55	1801249	1801285	other	kind
src/compiler/checker.ts	30238	45	1801379	1801401	structural interface downcast without tag	-
src/compiler/checker.ts	30302	60	1804732	1804758	structural interface downcast without tag	-
src/compiler/checker.ts	30327	54	1806140	1806158	other	kind
src/compiler/checker.ts	30342	44	1807287	1807310	other	kind
src/compiler/checker.ts	30343	31	1807358	1807381	other	kind
src/compiler/checker.ts	30343	73	1807400	1807423	other	kind
src/compiler/checker.ts	30344	23	1807454	1807477	other	kind
src/compiler/checker.ts	30450	59	1812842	1812866	other	kind
src/compiler/checker.ts	30451	58	1812949	1812972	other	kind
src/compiler/checker.ts	30452	68	1813065	1813098	other	kind
src/compiler/checker.ts	30453	117	1813240	1813273	other	kind
src/compiler/checker.ts	30458	19	1813450	1813474	structural interface downcast without tag	-
src/compiler/checker.ts	30464	19	1813811	1813835	structural interface downcast without tag	-
src/compiler/checker.ts	30483	21	1815188	1815212	structural interface downcast without tag	-
src/compiler/checker.ts	30546	54	1819891	1819913	other	kind
src/compiler/checker.ts	30548	52	1820010	1820062	other	kind
src/compiler/checker.ts	30550	60	1820199	1820227	other	kind
src/compiler/checker.ts	30552	47	1820314	1820368	other	kind
src/compiler/checker.ts	30554	57	1820475	1820528	other	kind
src/compiler/checker.ts	30556	56	1820639	1820674	other	kind
src/compiler/checker.ts	30558	59	1820785	1820812	other	kind
src/compiler/checker.ts	30560	53	1820911	1820936	other	kind
src/compiler/checker.ts	30850	53	1837709	1837753	other	-
src/compiler/checker.ts	31056	70	1850583	1850609	other	-
src/compiler/checker.ts	31203	69	1859378	1859412	other	kind
src/compiler/checker.ts	31206	88	1859646	1859684	other	kind
src/compiler/checker.ts	31353	26	1867924	1867988	other	kind
src/compiler/checker.ts	31390	35	1869561	1869614	structural interface downcast without tag	-
src/compiler/checker.ts	31397	37	1869913	1869949	other	kind
src/compiler/checker.ts	31502	37	1875753	1875806	structural interface downcast without tag	-
src/compiler/checker.ts	31506	33	1875949	1876024	structural interface downcast without tag	-
src/compiler/checker.ts	31518	75	1876457	1876505	structural interface downcast without tag	-
src/compiler/checker.ts	31548	69	1877860	1877908	structural interface downcast without tag	-
src/compiler/checker.ts	31560	21	1878421	1878593	other	kind
src/compiler/checker.ts	31560	22	1878422	1878518	other	kind
src/compiler/checker.ts	31572	21	1879060	1879116	other	kind
src/compiler/checker.ts	31582	21	1879649	1879712	other	kind
src/compiler/checker.ts	31597	21	1880711	1880782	other	kind
src/compiler/checker.ts	31611	21	1881627	1881691	other	kind
src/compiler/checker.ts	31631	85	1882526	1882555	other	kind
src/compiler/checker.ts	31786	38	1890562	1890602	other	kind
src/compiler/checker.ts	31796	27	1890980	1891066	structural interface downcast without tag	-
src/compiler/checker.ts	31854	113	1894442	1894487	other	kind
src/compiler/checker.ts	31859	65	1894654	1894675	structural interface downcast without tag	-
src/compiler/checker.ts	31859	133	1894722	1894743	structural interface downcast without tag	-
src/compiler/checker.ts	31864	64	1894947	1894968	structural interface downcast without tag	-
src/compiler/checker.ts	31879	23	1895568	1895616	other	kind
src/compiler/checker.ts	32018	29	1904021	1904059	other	kind
src/compiler/checker.ts	32136	76	1910879	1910913	tagged union downcast	kind
src/compiler/checker.ts	32193	49	1914282	1914325	other	kind
src/compiler/checker.ts	32200	34	1914561	1914592	other	kind
src/compiler/checker.ts	32336	103	1923118	1923154	other	kind
src/compiler/checker.ts	32339	23	1923232	1923295	other	kind
src/compiler/checker.ts	32339	24	1923233	1923269	other	kind
src/compiler/checker.ts	32365	66	1924767	1924789	structural interface downcast without tag	-
src/compiler/checker.ts	32370	26	1925067	1925096	structural interface downcast without tag	-
src/compiler/checker.ts	32376	26	1925493	1925523	structural interface downcast without tag	-
src/compiler/checker.ts	32387	48	1926022	1926043	structural interface downcast without tag	-
src/compiler/checker.ts	32481	31	1931617	1931658	tagged union downcast	kind
src/compiler/checker.ts	32547	108	1936071	1936093	other	-
src/compiler/checker.ts	32554	29	1936569	1936605	other	kind
src/compiler/checker.ts	32621	53	1940493	1940551	other	kind
src/compiler/checker.ts	32623	26	1940636	1940657	other	kind
src/compiler/checker.ts	32623	92	1940702	1940723	other	kind
src/compiler/checker.ts	32648	34	1942069	1942217	as const	-
src/compiler/checker.ts	32652	30	1942538	1942583	as const	-
src/compiler/checker.ts	32672	34	1943521	1943689	as const	-
src/compiler/checker.ts	32672	37	1943524	1943544	tagged union downcast	kind
src/compiler/checker.ts	32672	131	1943618	1943638	tagged union downcast	kind
src/compiler/checker.ts	32685	30	1944482	1944527	as const	-
src/compiler/checker.ts	32710	142	1946338	1946363	structural interface downcast without tag	-
src/compiler/checker.ts	32711	129	1946496	1946521	structural interface downcast without tag	-
src/compiler/checker.ts	32739	74	1948604	1948621	structural interface downcast without tag	-
src/compiler/checker.ts	32739	135	1948665	1948682	structural interface downcast without tag	-
src/compiler/checker.ts	32756	38	1949460	1949477	structural interface downcast without tag	-
src/compiler/checker.ts	32759	45	1949663	1949687	structural interface downcast without tag	-
src/compiler/checker.ts	32804	57	1951949	1951974	other	kind
src/compiler/checker.ts	32806	57	1952094	1952119	other	kind
src/compiler/checker.ts	32809	53	1952278	1952318	other	kind
src/compiler/checker.ts	32811	54	1952421	1952440	other	kind
src/compiler/checker.ts	32814	46	1952586	1952615	other	kind
src/compiler/checker.ts	32814	103	1952643	1952672	other	kind
src/compiler/checker.ts	32814	171	1952711	1952740	other	kind
src/compiler/checker.ts	32819	65	1953047	1953105	other	kind
src/compiler/checker.ts	32821	42	1953211	1953251	other	kind
src/compiler/checker.ts	32823	38	1953361	1953393	other	kind
src/compiler/checker.ts	32833	67	1954191	1954226	other	kind
src/compiler/checker.ts	32845	42	1954983	1955016	other	kind
src/compiler/checker.ts	32848	42	1955138	1955165	other	kind
src/compiler/checker.ts	32850	45	1955277	1955306	other	kind
src/compiler/checker.ts	32852	56	1955418	1955444	other	kind
src/compiler/checker.ts	32854	58	1955549	1955572	other	kind
src/compiler/checker.ts	32857	57	1955738	1955781	other	kind
src/compiler/checker.ts	32860	62	1955960	1955991	other	kind
src/compiler/checker.ts	32862	57	1956111	1956136	other	kind
src/compiler/checker.ts	33010	76	1963248	1963276	structural interface downcast without tag	-
src/compiler/checker.ts	33138	30	1970572	1970593	other	-
src/compiler/checker.ts	33145	86	1970991	1971009	other	-
src/compiler/checker.ts	33215	38	1975012	1975038	tagged union downcast	kind
src/compiler/checker.ts	33238	24	1976257	1976274	structural interface downcast without tag	-
src/compiler/checker.ts	33318	62	1980476	1980498	other	kind
src/compiler/checker.ts	33319	77	1980592	1980618	other	kind
src/compiler/checker.ts	33320	72	1980708	1980743	other	kind
src/compiler/checker.ts	33321	59	1980835	1980859	other	kind
src/compiler/checker.ts	33338	205	1981926	1981948	other	-
src/compiler/checker.ts	33347	53	1982459	1982477	other	kind
src/compiler/checker.ts	33372	119	1984221	1984239	other	kind
src/compiler/checker.ts	33411	28	1986432	1986453	structural interface downcast without tag	-
src/compiler/checker.ts	33413	28	1986525	1986546	structural interface downcast without tag	-
src/compiler/checker.ts	33413	84	1986581	1986602	structural interface downcast without tag	-
src/compiler/checker.ts	33507	53	1991946	1992013	other	-
src/compiler/checker.ts	33739	63	2005331	2005359	structural interface downcast without tag	-
src/compiler/checker.ts	33796	17	2007780	2007794	other	-
src/compiler/checker.ts	33862	92	2011815	2011855	other	-
src/compiler/checker.ts	33868	48	2012333	2012375	other	-
src/compiler/checker.ts	34131	24	2028282	2028296	other	-
src/compiler/checker.ts	34168	20	2030422	2030444	other	-
src/compiler/checker.ts	34178	83	2030949	2030981	structural interface downcast without tag	-
src/compiler/checker.ts	34180	81	2031108	2031140	structural interface downcast without tag	-
src/compiler/checker.ts	34197	50	2032077	2032106	structural interface downcast without tag	-
src/compiler/checker.ts	34314	21	2038586	2038620	structural interface downcast without tag	-
src/compiler/checker.ts	34315	67	2038732	2038766	structural interface downcast without tag	-
src/compiler/checker.ts	34316	40	2038853	2038887	structural interface downcast without tag	-
src/compiler/checker.ts	34404	37	2043184	2043214	structural interface downcast without tag	-
src/compiler/checker.ts	34407	30	2043408	2043445	structural interface downcast without tag	-
src/compiler/checker.ts	34419	81	2043976	2044000	structural interface downcast without tag	-
src/compiler/checker.ts	34420	51	2044066	2044083	structural interface downcast without tag	-
src/compiler/checker.ts	34421	59	2044183	2044207	structural interface downcast without tag	-
src/compiler/checker.ts	34573	36	2052349	2052435	structural interface downcast without tag	-
src/compiler/checker.ts	34595	31	2053737	2053768	upcast	-
src/compiler/checker.ts	34595	106	2053812	2053843	upcast	-
src/compiler/checker.ts	34595	166	2053872	2053903	upcast	-
src/compiler/checker.ts	34614	57	2055061	2055086	upcast	-
src/compiler/checker.ts	34625	20	2055609	2055649	structural interface downcast without tag	-
src/compiler/checker.ts	34741	80	2060554	2060581	structural interface downcast without tag	-
src/compiler/checker.ts	34983	73	2074721	2074748	other	-
src/compiler/checker.ts	34989	79	2075102	2075129	other	-
src/compiler/checker.ts	34995	46	2075535	2075553	other	-
src/compiler/checker.ts	35140	44	2084055	2084108	structural interface downcast without tag	-
src/compiler/checker.ts	35160	36	2085064	2085091	structural interface downcast without tag	-
src/compiler/checker.ts	35284	34	2092946	2092998	other	-
src/compiler/checker.ts	35285	23	2093023	2093083	upcast	-
src/compiler/checker.ts	35285	59	2093059	2093072	other	-
src/compiler/checker.ts	35306	62	2094400	2094416	other	-
src/compiler/checker.ts	35482	31	2103143	2103181	other	kind
src/compiler/checker.ts	35488	38	2103451	2103476	other	kind
src/compiler/checker.ts	35507	46	2104204	2104219	other	kind
src/compiler/checker.ts	35514	36	2104522	2104544	other	kind
src/compiler/checker.ts	35515	48	2104607	2104629	other	kind
src/compiler/checker.ts	35516	70	2104715	2104737	other	kind
src/compiler/checker.ts	35529	79	2105176	2105202	structural interface downcast without tag	-
src/compiler/checker.ts	35657	115	2111830	2111856	other	kind
src/compiler/checker.ts	35692	41	2113714	2113748	upcast	-
src/compiler/checker.ts	35775	59	2118202	2118220	structural interface downcast without tag	-
src/compiler/checker.ts	35939	83	2130036	2130062	other	kind
src/compiler/checker.ts	35940	56	2130127	2130147	other	kind
src/compiler/checker.ts	35946	160	2130495	2130515	other	kind
src/compiler/checker.ts	35955	83	2130869	2130895	other	kind
src/compiler/checker.ts	35955	135	2130921	2130941	other	kind
src/compiler/checker.ts	35961	152	2131304	2131324	other	kind
src/compiler/checker.ts	35974	65	2132307	2132333	other	kind
src/compiler/checker.ts	35975	29	2132383	2132409	other	kind
src/compiler/checker.ts	36126	34	2140717	2140766	tagged union downcast	kind
src/compiler/checker.ts	36293	111	2151019	2151039	other	kind
src/compiler/checker.ts	36293	170	2151078	2151098	other	kind
src/compiler/checker.ts	36578	30	2167735	2167757	tagged union downcast	kind
src/compiler/checker.ts	36581	74	2167949	2167971	tagged union downcast	kind
src/compiler/checker.ts	36738	41	2178903	2178994	structural interface downcast without tag	-
src/compiler/checker.ts	36738	62	2178924	2178939	upcast	-
src/compiler/checker.ts	36755	68	2180095	2180168	tagged union downcast	kind
src/compiler/checker.ts	36779	63	2181619	2181654	other	kind
src/compiler/checker.ts	37220	28	2208195	2208224	structural interface downcast without tag	-
src/compiler/checker.ts	37223	47	2208355	2208384	structural interface downcast without tag	-
src/compiler/checker.ts	37230	68	2208799	2208834	structural interface downcast without tag	-
src/compiler/checker.ts	37242	55	2209161	2209187	structural interface downcast without tag	-
src/compiler/checker.ts	37259	32	2209887	2209954	structural interface downcast without tag	-
src/compiler/checker.ts	37266	79	2210439	2210470	structural interface downcast without tag	-
src/compiler/checker.ts	37288	28	2211611	2211636	structural interface downcast without tag	-
src/compiler/checker.ts	37498	82	2223219	2223238	other	-
src/compiler/checker.ts	37740	58	2237340	2237363	other	-
src/compiler/checker.ts	37848	55	2242452	2242487	other	kind
src/compiler/checker.ts	37897	53	2245093	2245143	other	kind
src/compiler/checker.ts	37899	53	2245266	2245298	other	kind
src/compiler/checker.ts	37902	53	2245459	2245488	other	kind
src/compiler/checker.ts	37904	25	2245579	2245610	other	kind
src/compiler/checker.ts	37906	25	2245712	2245744	other	kind
src/compiler/checker.ts	37908	39	2245835	2245860	other	kind
src/compiler/checker.ts	37931	53	2246697	2246717	other	-
src/compiler/checker.ts	37997	31	2250521	2250555	upcast	-
src/compiler/checker.ts	38009	31	2251104	2251138	upcast	-
src/compiler/checker.ts	38095	55	2255627	2255658	other	kind
src/compiler/checker.ts	38097	29	2255754	2255783	other	kind
src/compiler/checker.ts	38098	30	2255825	2255854	other	kind
src/compiler/checker.ts	38103	47	2256254	2256312	other	kind
src/compiler/checker.ts	38168	73	2259538	2259558	structural interface downcast without tag	-
src/compiler/checker.ts	38177	65	2260059	2260085	other	kind
src/compiler/checker.ts	38177	174	2260168	2260194	other	kind
src/compiler/checker.ts	38221	67	2262476	2262494	structural interface downcast without tag	-
src/compiler/checker.ts	38227	40	2263101	2263318	other	-
src/compiler/checker.ts	38246	57	2264247	2264271	structural interface downcast without tag	-
src/compiler/checker.ts	38368	74	2270302	2270332	other	-
src/compiler/checker.ts	38382	71	2270950	2270973	other	-
src/compiler/checker.ts	38403	16	2271968	2271994	other	-
src/compiler/checker.ts	38412	17	2272657	2272715	other	-
src/compiler/checker.ts	38426	31	2273447	2273494	structural interface downcast without tag	-
src/compiler/checker.ts	38426	32	2273448	2273473	upcast	-
src/compiler/checker.ts	38458	38	2274983	2275030	structural interface downcast without tag	-
src/compiler/checker.ts	38458	39	2274984	2275009	upcast	-
src/compiler/checker.ts	38493	38	2276836	2276883	structural interface downcast without tag	-
src/compiler/checker.ts	38493	39	2276837	2276862	upcast	-
src/compiler/checker.ts	38643	33	2284635	2284699	other	-
src/compiler/checker.ts	38670	63	2286014	2286064	other	kind
src/compiler/checker.ts	38680	33	2286599	2286649	other	-
src/compiler/checker.ts	38697	55	2287627	2287677	other	kind
src/compiler/checker.ts	38720	33	2288708	2288770	other	-
src/compiler/checker.ts	38784	21	2292241	2292313	as const	-
src/compiler/checker.ts	38788	25	2292492	2292510	other	-
src/compiler/checker.ts	38788	60	2292527	2292545	other	-
src/compiler/checker.ts	38789	25	2292584	2292605	other	-
src/compiler/checker.ts	38789	63	2292622	2292643	other	-
src/compiler/checker.ts	38790	25	2292706	2292726	other	-
src/compiler/checker.ts	38790	62	2292743	2292763	other	-
src/compiler/checker.ts	38820	43	2294802	2294820	other	-
src/compiler/checker.ts	38821	44	2294877	2294896	other	-
src/compiler/checker.ts	38830	45	2295406	2295426	other	-
src/compiler/checker.ts	38831	46	2295487	2295508	other	-
src/compiler/checker.ts	38934	34	2302393	2302437	other	kind
src/compiler/checker.ts	38944	34	2302958	2303035	other	kind
src/compiler/checker.ts	38985	34	2305670	2305699	other	kind
src/compiler/checker.ts	39030	34	2308626	2308670	other	kind
src/compiler/checker.ts	39034	57	2308981	2309001	other	-
src/compiler/checker.ts	39044	34	2309448	2309478	other	kind
src/compiler/checker.ts	39072	57	2310817	2310837	other	-
src/compiler/checker.ts	39073	54	2310906	2310931	other	-
src/compiler/checker.ts	39074	56	2310999	2311027	other	-
src/compiler/checker.ts	39087	34	2311621	2311692	other	kind
src/compiler/checker.ts	39094	57	2312082	2312102	other	-
src/compiler/checker.ts	39097	54	2312248	2312273	other	-
src/compiler/checker.ts	39105	65	2312764	2312788	other	-
src/compiler/checker.ts	39184	55	2316871	2316904	other	-
src/compiler/checker.ts	39186	73	2316982	2317002	other	-
src/compiler/checker.ts	39323	32	2325204	2325222	other	-
src/compiler/checker.ts	39390	86	2328979	2329014	other	kind
src/compiler/checker.ts	39421	32	2330800	2330818	other	-
src/compiler/checker.ts	39428	45	2331301	2331324	other	kind
src/compiler/checker.ts	39432	22	2331503	2331525	other	kind
src/compiler/checker.ts	39433	44	2331616	2331638	other	kind
src/compiler/checker.ts	39434	114	2331809	2331831	other	kind
src/compiler/checker.ts	39497	56	2334952	2334970	other	-
src/compiler/checker.ts	39526	65	2336678	2336708	other	kind
src/compiler/checker.ts	39748	66	2350297	2350316	other	-
src/compiler/checker.ts	39750	67	2350412	2350434	other	-
src/compiler/checker.ts	39767	58	2351510	2351527	other	-
src/compiler/checker.ts	39994	81	2364455	2364485	other	kind
src/compiler/checker.ts	39996	81	2364624	2364654	other	kind
src/compiler/checker.ts	40003	57	2364990	2365019	other	kind
src/compiler/checker.ts	40091	28	2369488	2369519	structural interface downcast without tag	-
src/compiler/checker.ts	40122	20	2371124	2371143	structural interface downcast without tag	-
src/compiler/checker.ts	40327	41	2383723	2383747	other	kind
src/compiler/checker.ts	40328	77	2383838	2383872	other	kind
src/compiler/checker.ts	40329	28	2383951	2383985	other	kind
src/compiler/checker.ts	40334	65	2384392	2384415	structural interface downcast without tag	-
src/compiler/checker.ts	40346	26	2384976	2385023	other	kind
src/compiler/checker.ts	40358	23	2385701	2385748	other	kind
src/compiler/checker.ts	40364	61	2385897	2385923	other	kind
src/compiler/checker.ts	40365	35	2386009	2386035	other	kind
src/compiler/checker.ts	40366	23	2386072	2386098	other	kind
src/compiler/checker.ts	40373	49	2386455	2386488	other	kind
src/compiler/checker.ts	40376	48	2386641	2386673	other	kind
src/compiler/checker.ts	40434	42	2389781	2389810	other	kind
src/compiler/checker.ts	40435	39	2389864	2389893	other	kind
src/compiler/checker.ts	40438	43	2389999	2390023	other	kind
src/compiler/checker.ts	40441	42	2390144	2390168	other	kind
src/compiler/checker.ts	40442	39	2390218	2390242	other	kind
src/compiler/checker.ts	40448	26	2390491	2390520	other	kind
src/compiler/checker.ts	40668	26	2400431	2400455	other	kind
src/compiler/checker.ts	40679	66	2401163	2401187	other	kind
src/compiler/checker.ts	40683	58	2401376	2401405	other	kind
src/compiler/checker.ts	40683	135	2401453	2401482	other	kind
src/compiler/checker.ts	40687	39	2401669	2401687	other	kind
src/compiler/checker.ts	40959	51	2418535	2418558	structural interface downcast without tag	-
src/compiler/checker.ts	40972	104	2419240	2419271	other	kind
src/compiler/checker.ts	41058	66	2424130	2424162	other	kind
src/compiler/checker.ts	41379	45	2442058	2442076	structural interface downcast without tag	-
src/compiler/checker.ts	41416	75	2443740	2443760	tagged union downcast	kind
src/compiler/checker.ts	41462	32	2446139	2446166	structural interface downcast without tag	-
src/compiler/checker.ts	41535	72	2451451	2451469	structural interface downcast without tag	-
src/compiler/checker.ts	41654	20	2459018	2459036	other	-
src/compiler/checker.ts	41655	28	2459074	2459092	other	-
src/compiler/checker.ts	41655	93	2459139	2459157	other	-
src/compiler/checker.ts	41656	20	2459228	2459246	other	-
src/compiler/checker.ts	41658	35	2459344	2459365	other	-
src/compiler/checker.ts	41727	41	2462847	2462868	tagged union downcast	kind
src/compiler/checker.ts	41754	119	2464189	2464208	other	-
src/compiler/checker.ts	41773	82	2465088	2465127	other	kind
src/compiler/checker.ts	41774	74	2465227	2465265	other	kind
src/compiler/checker.ts	41775	137	2465428	2465446	other	kind
src/compiler/checker.ts	41776	64	2465515	2465543	other	kind
src/compiler/checker.ts	41792	40	2466348	2466388	other	kind
src/compiler/checker.ts	41800	42	2466719	2466766	other	-
src/compiler/checker.ts	41834	40	2468522	2468540	other	kind
src/compiler/checker.ts	41836	57	2468659	2468684	other	kind
src/compiler/checker.ts	41847	69	2469232	2469257	other	kind
src/compiler/checker.ts	41849	44	2469356	2469378	other	kind
src/compiler/checker.ts	41850	73	2469454	2469476	other	kind
src/compiler/checker.ts	41852	43	2469573	2469594	other	kind
src/compiler/checker.ts	41855	53	2469761	2469782	other	kind
src/compiler/checker.ts	41862	48	2470064	2470090	other	kind
src/compiler/checker.ts	41864	54	2470202	2470234	other	kind
src/compiler/checker.ts	41866	42	2470332	2470362	other	kind
src/compiler/checker.ts	41868	43	2470485	2470516	other	kind
src/compiler/checker.ts	41870	54	2470639	2470671	other	kind
src/compiler/checker.ts	41872	43	2470772	2470793	other	kind
src/compiler/checker.ts	41874	43	2470904	2470935	other	kind
src/compiler/checker.ts	41881	44	2471239	2471261	other	kind
src/compiler/checker.ts	41883	54	2471384	2471416	other	kind
src/compiler/checker.ts	41885	53	2471526	2471557	other	kind
src/compiler/checker.ts	41887	45	2471662	2471685	other	kind
src/compiler/checker.ts	41890	69	2471850	2471892	other	kind
src/compiler/checker.ts	41892	46	2471999	2472023	other	kind
src/compiler/checker.ts	41895	39	2472162	2472189	other	kind
src/compiler/checker.ts	41897	46	2472297	2472322	other	kind
src/compiler/checker.ts	41899	57	2472440	2472475	other	kind
src/compiler/checker.ts	41901	49	2472577	2472604	other	kind
src/compiler/checker.ts	41903	42	2472692	2472712	other	kind
src/compiler/checker.ts	41905	46	2472808	2472832	other	kind
src/compiler/checker.ts	41907	44	2472924	2472946	other	kind
src/compiler/checker.ts	41909	45	2473040	2473063	other	kind
src/compiler/checker.ts	41911	51	2473169	2473198	other	kind
src/compiler/checker.ts	41913	52	2473306	2473336	other	kind
src/compiler/checker.ts	41915	46	2473432	2473456	other	kind
src/compiler/checker.ts	41917	51	2473573	2473602	other	kind
src/compiler/checker.ts	41919	46	2473706	2473727	other	kind
src/compiler/checker.ts	41923	45	2473927	2473950	other	kind
src/compiler/checker.ts	41925	49	2474052	2474079	other	kind
src/compiler/checker.ts	41927	43	2474169	2474190	other	kind
src/compiler/checker.ts	41929	40	2474285	2474303	other	kind
src/compiler/checker.ts	41931	51	2474420	2474449	other	kind
src/compiler/checker.ts	41933	41	2474546	2474565	other	kind
src/compiler/checker.ts	41935	43	2474655	2474676	other	kind
src/compiler/checker.ts	42011	97	2479464	2479495	tagged union downcast	kind
src/compiler/checker.ts	42016	84	2479899	2479930	upcast	-
src/compiler/checker.ts	42092	32	2483789	2483824	other	kind
src/compiler/checker.ts	42139	49	2485806	2485837	other	-
src/compiler/checker.ts	42142	48	2485901	2485932	tagged union downcast	kind
src/compiler/checker.ts	42202	56	2489047	2489074	tagged union downcast	kind
src/compiler/checker.ts	42213	50	2489817	2489848	tagged union downcast	kind
src/compiler/checker.ts	42244	38	2491970	2492002	other	kind
src/compiler/checker.ts	42528	20	2506526	2506550	other	kind
src/compiler/checker.ts	42704	66	2516724	2516745	structural interface downcast without tag	-
src/compiler/checker.ts	42795	25	2521097	2521125	other	-
src/compiler/checker.ts	42884	51	2525097	2525133	other	kind
src/compiler/checker.ts	42926	29	2526951	2526976	structural interface downcast without tag	-
src/compiler/checker.ts	42927	28	2527018	2527043	structural interface downcast without tag	-
src/compiler/checker.ts	42932	91	2527526	2527550	structural interface downcast without tag	-
src/compiler/checker.ts	42968	22	2529214	2529259	structural interface downcast without tag	-
src/compiler/checker.ts	42999	99	2530451	2530482	other	kind
src/compiler/checker.ts	43181	46	2541382	2541423	other	kind
src/compiler/checker.ts	43182	45	2541494	2541535	other	kind
src/compiler/checker.ts	43206	40	2543491	2543532	other	kind
src/compiler/checker.ts	43231	38	2544737	2544756	upcast	-
src/compiler/checker.ts	43234	30	2544868	2544936	other	kind
src/compiler/checker.ts	43259	58	2546743	2546774	other	-
src/compiler/checker.ts	43275	47	2547499	2547530	other	-
src/compiler/checker.ts	43285	57	2547846	2547877	other	-
src/compiler/checker.ts	43345	32	2550972	2551039	other	kind
src/compiler/checker.ts	43423	21	2555085	2555097	upcast	-
src/compiler/checker.ts	43435	44	2555661	2555683	other	kind
src/compiler/checker.ts	43435	94	2555711	2555733	other	kind
src/compiler/checker.ts	43446	34	2556473	2556513	other	kind
src/compiler/checker.ts	43460	72	2557386	2557485	other	kind
src/compiler/checker.ts	43511	31	2560069	2560099	structural interface downcast without tag	-
src/compiler/checker.ts	43517	75	2560384	2560403	structural interface downcast without tag	-
src/compiler/checker.ts	43525	60	2560708	2560726	other	-
src/compiler/checker.ts	43601	60	2564229	2564247	other	-
src/compiler/checker.ts	43711	33	2569163	2569193	structural interface downcast without tag	-
src/compiler/checker.ts	44093	44	2588507	2588526	other	-
src/compiler/checker.ts	44102	75	2588990	2589025	other	kind
src/compiler/checker.ts	44105	76	2589163	2589190	other	kind
src/compiler/checker.ts	44105	116	2589203	2589230	other	kind
src/compiler/checker.ts	44109	63	2589413	2589442	other	kind
src/compiler/checker.ts	44112	29	2589530	2589555	other	kind
src/compiler/checker.ts	44121	29	2589958	2590010	other	kind
src/compiler/checker.ts	44126	84	2590311	2590338	other	kind
src/compiler/checker.ts	44339	24	2599822	2599840	other	kind
src/compiler/checker.ts	44341	25	2599922	2599954	other	kind
src/compiler/checker.ts	44517	46	2609798	2609830	other	kind
src/compiler/checker.ts	44783	131	2625622	2625653	tagged union downcast	kind
src/compiler/checker.ts	44830	49	2627707	2627745	tagged union downcast	kind
src/compiler/checker.ts	44844	48	2628335	2628354	structural interface downcast without tag	-
src/compiler/checker.ts	44860	48	2629121	2629140	structural interface downcast without tag	-
src/compiler/checker.ts	44888	81	2630549	2630569	other	kind
src/compiler/checker.ts	44906	81	2631651	2631671	other	kind
src/compiler/checker.ts	45084	32	2641554	2641608	other	-
src/compiler/checker.ts	45129	86	2644318	2644372	other	-
src/compiler/checker.ts	45283	128	2653914	2653933	other	-
src/compiler/checker.ts	45357	85	2657571	2657590	structural interface downcast without tag	-
src/compiler/checker.ts	45499	22	2664424	2664446	other	kind
src/compiler/checker.ts	45499	63	2664465	2664487	other	kind
src/compiler/checker.ts	45518	27	2665390	2665443	other	kind
src/compiler/checker.ts	45520	53	2665611	2665640	other	kind
src/compiler/checker.ts	45520	125	2665683	2665712	other	kind
src/compiler/checker.ts	45522	39	2665806	2665824	other	kind
src/compiler/checker.ts	45538	53	2666511	2666554	other	kind
src/compiler/checker.ts	45544	46	2666745	2666788	other	kind
src/compiler/checker.ts	45586	42	2668953	2668996	other	kind
src/compiler/checker.ts	45634	31	2671563	2671606	other	kind
src/compiler/checker.ts	45638	42	2671873	2671916	other	kind
src/compiler/checker.ts	45739	37	2678343	2678365	structural interface downcast without tag	-
src/compiler/checker.ts	45900	17	2686553	2686583	structural interface downcast without tag	-
src/compiler/checker.ts	45904	17	2686779	2686809	structural interface downcast without tag	-
src/compiler/checker.ts	45959	36	2689778	2689795	structural interface downcast without tag	-
src/compiler/checker.ts	46113	72	2697830	2697849	structural interface downcast without tag	-
src/compiler/checker.ts	46125	50	2698605	2698624	structural interface downcast without tag	-
src/compiler/checker.ts	46135	109	2699431	2699461	other	-
src/compiler/checker.ts	46259	72	2706616	2706635	structural interface downcast without tag	-
src/compiler/checker.ts	46271	50	2707252	2707271	structural interface downcast without tag	-
src/compiler/checker.ts	46283	56	2708110	2708128	other	-
src/compiler/checker.ts	46315	48	2709493	2709512	structural interface downcast without tag	-
src/compiler/checker.ts	46319	49	2709845	2709864	structural interface downcast without tag	-
src/compiler/checker.ts	46325	108	2710320	2710339	other	-
src/compiler/checker.ts	46328	111	2710547	2710566	other	-
src/compiler/checker.ts	46349	48	2711871	2711893	other	-
src/compiler/checker.ts	46392	80	2714320	2714342	other	-
src/compiler/checker.ts	46393	100	2714467	2714489	other	-
src/compiler/checker.ts	46396	36	2714706	2714733	structural interface downcast without tag	-
src/compiler/checker.ts	46680	70	2729506	2729533	other	kind
src/compiler/checker.ts	46772	88	2733864	2733897	other	-
src/compiler/checker.ts	46800	61	2735774	2735795	structural interface downcast without tag	-
src/compiler/checker.ts	46823	61	2737875	2737896	structural interface downcast without tag	-
src/compiler/checker.ts	46845	38	2738989	2739015	upcast	-
src/compiler/checker.ts	46944	55	2743737	2743762	other	kind
src/compiler/checker.ts	46971	26	2744881	2744929	structural interface downcast without tag	-
src/compiler/checker.ts	47112	22	2752620	2752668	structural interface downcast without tag	-
src/compiler/checker.ts	47114	28	2752759	2752796	structural interface downcast without tag	-
src/compiler/checker.ts	47469	22	2771809	2771862	structural interface downcast without tag	-
src/compiler/checker.ts	47471	28	2771953	2771995	structural interface downcast without tag	-
src/compiler/checker.ts	47501	62	2773290	2773310	structural interface downcast without tag	-
src/compiler/checker.ts	47612	126	2781003	2781027	other	kind
src/compiler/checker.ts	47621	47	2781652	2781688	other	kind
src/compiler/checker.ts	47623	34	2781764	2781800	other	kind
src/compiler/checker.ts	47769	35	2789781	2789810	other	kind
src/compiler/checker.ts	47785	15	2790688	2790715	other	kind
src/compiler/checker.ts	47786	15	2790752	2790779	other	kind
src/compiler/checker.ts	47835	30	2793495	2793543	structural interface downcast without tag	-
src/compiler/checker.ts	47874	68	2795654	2795685	other	-
src/compiler/checker.ts	47989	95	2801906	2801943	other	-
src/compiler/checker.ts	48018	103	2803813	2803850	other	-
src/compiler/checker.ts	48035	42	2804681	2804706	other	kind
src/compiler/checker.ts	48086	41	2807085	2807115	other	kind
src/compiler/checker.ts	48119	96	2808521	2808559	other	kind
src/compiler/checker.ts	48275	37	2817466	2817491	other	kind
src/compiler/checker.ts	48292	31	2818528	2818572	other	kind
src/compiler/checker.ts	48544	50	2833964	2834006	other	-
src/compiler/checker.ts	48555	78	2834777	2834811	other	-
src/compiler/checker.ts	48575	80	2835637	2835665	other	-
src/compiler/checker.ts	48863	86	2852557	2852596	other	kind
src/compiler/checker.ts	48890	24	2853850	2853879	other	kind
src/compiler/checker.ts	49006	66	2861077	2861098	other	-
src/compiler/checker.ts	49103	43	2865738	2865770	other	kind
src/compiler/checker.ts	49105	39	2865852	2865880	other	kind
src/compiler/checker.ts	49107	49	2865982	2866009	other	kind
src/compiler/checker.ts	49109	47	2866107	2866132	other	kind
src/compiler/checker.ts	49115	50	2866412	2866440	other	kind
src/compiler/checker.ts	49118	47	2866584	2866627	other	kind
src/compiler/checker.ts	49120	57	2866745	2866780	other	kind
src/compiler/checker.ts	49122	52	2866877	2866907	other	kind
src/compiler/checker.ts	49125	49	2867043	2867070	other	kind
src/compiler/checker.ts	49127	47	2867164	2867189	other	kind
src/compiler/checker.ts	49129	43	2867279	2867304	other	kind
src/compiler/checker.ts	49131	39	2867386	2867407	other	kind
src/compiler/checker.ts	49133	41	2867493	2867516	other	kind
src/compiler/checker.ts	49135	39	2867598	2867619	other	kind
src/compiler/checker.ts	49137	39	2867701	2867722	other	kind
src/compiler/checker.ts	49140	53	2867865	2867900	other	kind
src/compiler/checker.ts	49144	44	2868077	2868140	other	kind
src/compiler/checker.ts	49146	38	2868226	2868246	other	kind
src/compiler/checker.ts	49148	42	2868334	2868358	other	kind
src/compiler/checker.ts	49150	45	2868452	2868479	other	kind
src/compiler/checker.ts	49152	39	2868561	2868582	other	kind
src/compiler/checker.ts	49154	49	2868684	2868715	other	kind
src/compiler/checker.ts	49156	40	2868799	2868821	other	kind
src/compiler/checker.ts	49158	46	2868917	2868941	other	kind
src/compiler/checker.ts	49160	46	2869037	2869061	other	kind
src/compiler/checker.ts	49162	48	2869161	2869187	other	kind
src/compiler/checker.ts	49166	47	2869373	2869396	other	kind
src/compiler/checker.ts	49168	46	2869492	2869516	other	kind
src/compiler/checker.ts	49170	42	2869604	2869624	other	kind
src/compiler/checker.ts	49174	46	2869802	2869852	other	kind
src/compiler/checker.ts	49176	47	2869950	2869975	other	kind
src/compiler/checker.ts	49178	46	2870071	2870095	other	kind
src/compiler/checker.ts	49180	40	2870186	2870211	other	kind
src/compiler/checker.ts	49191	40	2870703	2870728	other	kind
src/compiler/checker.ts	49194	44	2870850	2870877	other	kind
src/compiler/checker.ts	49198	57	2871082	2871142	other	kind
src/compiler/checker.ts	49200	47	2871240	2871265	other	kind
src/compiler/checker.ts	49202	42	2871353	2871373	other	kind
src/compiler/checker.ts	49204	44	2871465	2871487	other	kind
src/compiler/checker.ts	49206	47	2871585	2871614	other	kind
src/compiler/checker.ts	49208	40	2871698	2871720	other	kind
src/compiler/checker.ts	49210	49	2871822	2871849	other	kind
src/compiler/checker.ts	49213	35	2871965	2871978	other	kind
src/compiler/checker.ts	49215	47	2872076	2872101	other	kind
src/compiler/checker.ts	49217	49	2872203	2872230	other	kind
src/compiler/checker.ts	49219	41	2872316	2872335	other	kind
src/compiler/checker.ts	49221	41	2872421	2872440	other	kind
src/compiler/checker.ts	49223	44	2872532	2872554	other	kind
src/compiler/checker.ts	49225	42	2872642	2872662	other	kind
src/compiler/checker.ts	49227	44	2872754	2872776	other	kind
src/compiler/checker.ts	49229	44	2872868	2872890	other	kind
src/compiler/checker.ts	49232	54	2873040	2873072	other	kind
src/compiler/checker.ts	49234	45	2873166	2873189	other	kind
src/compiler/checker.ts	49236	43	2873279	2873300	other	kind
src/compiler/checker.ts	49238	45	2873394	2873417	other	kind
src/compiler/checker.ts	49240	46	2873513	2873537	other	kind
src/compiler/checker.ts	49242	44	2873629	2873651	other	kind
src/compiler/checker.ts	49244	42	2873739	2873759	other	kind
src/compiler/checker.ts	49246	49	2873861	2873888	other	kind
src/compiler/checker.ts	49248	44	2873980	2874002	other	kind
src/compiler/checker.ts	49250	46	2874098	2874122	other	kind
src/compiler/checker.ts	49252	50	2874226	2874254	other	kind
src/compiler/checker.ts	49254	50	2874358	2874386	other	kind
src/compiler/checker.ts	49256	45	2874480	2874503	other	kind
src/compiler/checker.ts	49258	40	2874587	2874605	other	kind
src/compiler/checker.ts	49260	47	2874703	2874728	other	kind
src/compiler/checker.ts	49262	47	2874826	2874851	other	kind
src/compiler/checker.ts	49264	53	2874961	2874992	other	kind
src/compiler/checker.ts	49266	47	2875090	2875115	other	kind
src/compiler/checker.ts	49268	46	2875211	2875235	other	kind
src/compiler/checker.ts	49301	47	2876240	2876257	structural interface downcast without tag	-
src/compiler/checker.ts	49344	41	2878254	2878277	other	kind
src/compiler/checker.ts	49346	49	2878426	2878451	other	kind
src/compiler/checker.ts	49445	40	2882941	2882994	as unknown as	-
src/compiler/checker.ts	49445	40	2882941	2882974	as unknown as	-
src/compiler/checker.ts	49492	121	2885094	2885113	other	-
src/compiler/checker.ts	49505	36	2885748	2885774	other	kind
src/compiler/checker.ts	49511	70	2886058	2886084	other	kind
src/compiler/checker.ts	49515	42	2886237	2886264	other	kind
src/compiler/checker.ts	49518	46	2886383	2886406	other	kind
src/compiler/checker.ts	49521	44	2886521	2886553	other	kind
src/compiler/checker.ts	49524	52	2886684	2886713	other	kind
src/compiler/checker.ts	49527	41	2886822	2886840	other	kind
src/compiler/checker.ts	49532	40	2887058	2887106	other	kind
src/compiler/checker.ts	49535	34	2887212	2887234	other	kind
src/compiler/checker.ts	49789	47	2898954	2898976	other	kind
src/compiler/checker.ts	49792	80	2899164	2899206	other	kind
src/compiler/checker.ts	49795	60	2899401	2899428	other	kind
src/compiler/checker.ts	49798	44	2899605	2899632	other	kind
src/compiler/checker.ts	49800	41	2899723	2899750	other	kind
src/compiler/checker.ts	49813	83	2900687	2900738	other	kind
src/compiler/checker.ts	49817	43	2900930	2900960	other	kind
src/compiler/checker.ts	49819	41	2901050	2901080	other	kind
src/compiler/checker.ts	49883	20	2903769	2903797	other	kind
src/compiler/checker.ts	49927	31	2905477	2905516	other	kind
src/compiler/checker.ts	49931	21	2905635	2905684	other	kind
src/compiler/checker.ts	49931	110	2905724	2905773	other	kind
src/compiler/checker.ts	49935	21	2905897	2905939	other	kind
src/compiler/checker.ts	49935	80	2905956	2905979	upcast	-
src/compiler/checker.ts	49935	106	2905982	2906024	other	kind
src/compiler/checker.ts	49946	76	2906443	2906487	other	kind
src/compiler/checker.ts	49958	47	2907169	2907213	other	kind
src/compiler/checker.ts	49968	65	2907543	2907567	other	kind
src/compiler/checker.ts	49969	20	2907611	2907635	other	kind
src/compiler/checker.ts	49996	30	2908886	2908924	other	kind
src/compiler/checker.ts	49999	103	2909110	2909149	other	kind
src/compiler/checker.ts	50031	20	2910890	2910973	other	kind
src/compiler/checker.ts	50058	48	2912229	2912261	other	kind
src/compiler/checker.ts	50063	61	2912560	2912631	other	kind
src/compiler/checker.ts	50077	58	2913298	2913334	other	kind
src/compiler/checker.ts	50128	38	2916177	2916195	tagged union downcast	kind
src/compiler/checker.ts	50135	30	2916477	2916495	structural interface downcast without tag	-
src/compiler/checker.ts	50136	87	2916595	2916613	structural interface downcast without tag	-
src/compiler/checker.ts	50184	102	2919240	2919263	other	-
src/compiler/checker.ts	50204	57	2920103	2920124	structural interface downcast without tag	-
src/compiler/checker.ts	50210	43	2920437	2920465	structural interface downcast without tag	-
src/compiler/checker.ts	50214	57	2920590	2920608	other	kind
src/compiler/checker.ts	50215	66	2920679	2920697	other	kind
src/compiler/checker.ts	50220	27	2920900	2920924	other	kind
src/compiler/checker.ts	50223	79	2921102	2921120	other	kind
src/compiler/checker.ts	50230	77	2921414	2921432	other	kind
src/compiler/checker.ts	50238	80	2922082	2922100	other	kind
src/compiler/checker.ts	50239	77	2922193	2922211	other	-
src/compiler/checker.ts	50252	70	2922731	2922796	other	kind
src/compiler/checker.ts	50265	44	2923390	2923408	structural interface downcast without tag	-
src/compiler/checker.ts	50270	48	2923560	2923597	other	kind
src/compiler/checker.ts	50273	40	2923692	2923710	structural interface downcast without tag	-
src/compiler/checker.ts	50279	29	2924068	2924117	other	kind
src/compiler/checker.ts	50291	131	2924895	2924927	other	kind
src/compiler/checker.ts	50296	60	2925451	2925476	structural interface downcast without tag	-
src/compiler/checker.ts	50310	94	2926297	2926335	other	kind
src/compiler/checker.ts	50338	40	2927784	2927802	structural interface downcast without tag	-
src/compiler/checker.ts	50341	58	2927992	2928028	other	kind
src/compiler/checker.ts	50355	71	2928646	2928669	structural interface downcast without tag	-
src/compiler/checker.ts	50363	39	2929095	2929134	other	kind
src/compiler/checker.ts	50395	58	2930793	2930809	other	kind
src/compiler/checker.ts	50400	47	2931025	2931043	structural interface downcast without tag	-
src/compiler/checker.ts	50443	53	2932883	2932901	other	kind
src/compiler/checker.ts	50474	60	2934141	2934170	other	kind
src/compiler/checker.ts	50480	55	2934481	2934512	other	kind
src/compiler/checker.ts	50513	20	2936607	2936632	structural interface downcast without tag	-
src/compiler/checker.ts	50576	77	2939595	2939620	structural interface downcast without tag	-
src/compiler/checker.ts	50635	44	2942845	2942888	other	kind
src/compiler/checker.ts	50751	70	2949476	2949507	other	kind
src/compiler/checker.ts	50756	55	2949747	2949821	other	kind
src/compiler/checker.ts	50759	39	2950011	2950036	other	kind
src/compiler/checker.ts	50765	25	2950318	2950342	other	kind
src/compiler/checker.ts	50765	66	2950359	2950383	other	kind
src/compiler/checker.ts	50766	67	2950496	2950520	other	kind
src/compiler/checker.ts	50810	51	2952917	2952936	structural interface downcast without tag	-
src/compiler/checker.ts	50833	28	2953862	2953893	tagged union downcast	kind
src/compiler/checker.ts	51052	55	2966250	2966364	other	kind
src/compiler/checker.ts	51083	28	2967661	2967698	other	-
src/compiler/checker.ts	51183	20	2973060	2973121	upcast	-
src/compiler/checker.ts	51196	83	2974227	2974266	other	-
src/compiler/checker.ts	51197	83	2974351	2974390	other	-
src/compiler/checker.ts	51208	20	2974911	2974972	upcast	-
src/compiler/checker.ts	51216	20	2975454	2975515	upcast	-
src/compiler/checker.ts	51329	31	2980955	2980974	structural interface downcast without tag	-
src/compiler/checker.ts	51338	34	2981633	2981654	structural interface downcast without tag	-
src/compiler/checker.ts	51372	68	2983199	2983236	other	kind
src/compiler/checker.ts	51450	27	2987071	2987107	other	-
src/compiler/checker.ts	51483	55	2989754	2989795	other	kind
src/compiler/checker.ts	51484	77	2989875	2989939	upcast	-
src/compiler/checker.ts	51498	30	2991098	2991200	structural interface downcast without tag	-
src/compiler/checker.ts	51498	32	2991100	2991128	upcast	-
src/compiler/checker.ts	51571	63	2994778	2994802	other	-
src/compiler/checker.ts	51610	52	2997205	2997245	other	kind
src/compiler/checker.ts	51619	62	2997556	2997580	other	-
src/compiler/checker.ts	51624	41	2997864	2997883	other	-
src/compiler/checker.ts	51625	42	2997964	2997984	other	-
src/compiler/checker.ts	51626	44	2998067	2998089	other	-
src/compiler/checker.ts	51627	75	2998203	2998233	other	-
src/compiler/checker.ts	51628	74	2998368	2998397	other	-
src/compiler/checker.ts	51629	42	2998500	2998520	other	-
src/compiler/checker.ts	51630	42	2998601	2998621	other	-
src/compiler/checker.ts	51631	43	2998703	2998724	other	-
src/compiler/checker.ts	51632	42	2998805	2998825	other	-
src/compiler/checker.ts	51641	35	2999313	2999394	other	-
src/compiler/checker.ts	51641	60	2999338	2999365	other	-
src/compiler/checker.ts	51643	26	2999583	2999659	other	-
src/compiler/checker.ts	51643	51	2999608	2999630	other	-
src/compiler/checker.ts	51650	51	3000030	3000070	other	kind
src/compiler/checker.ts	51692	60	3002612	3002636	other	-
src/compiler/checker.ts	51814	33	3010033	3010053	tagged union downcast	kind
src/compiler/checker.ts	51825	80	3010867	3010894	upcast	-
src/compiler/checker.ts	52371	41	3046508	3046817	other	-
src/compiler/checker.ts	52566	38	3056549	3056577	other	kind
src/compiler/checker.ts	52567	86	3056665	3056716	other	kind
src/compiler/checker.ts	52676	74	3063211	3063223	upcast	-
src/compiler/checker.ts	52819	34	3071373	3071430	other	kind
src/compiler/checker.ts	52934	34	3078066	3078095	other	kind
src/compiler/checker.ts	52942	52	3078705	3078734	other	kind
src/compiler/checker.ts	52951	52	3079135	3079164	other	kind
src/compiler/checker.ts	52957	52	3079515	3079542	other	kind
src/compiler/checker.ts	52974	149	3080658	3080686	tagged union downcast	kind
src/compiler/checker.ts	53038	40	3084513	3084540	other	kind
src/compiler/checker.ts	53042	55	3084925	3084952	other	kind
src/compiler/checker.ts	53104	64	3087899	3087928	other	kind
src/compiler/checker.ts	53105	18	3087986	3088015	other	kind
src/compiler/checker.ts	53110	64	3088252	3088281	other	kind
src/compiler/checker.ts	53111	18	3088339	3088368	other	kind
src/compiler/checker.ts	53584	51	3113330	3113343	other	-
src/compiler/checker.ts	53677	33	3118689	3118712	structural interface downcast without tag	-
src/compiler/checker.ts	53677	70	3118726	3118749	structural interface downcast without tag	-
src/compiler/checker.ts	53680	35	3118885	3118908	structural interface downcast without tag	-
src/compiler/checker.ts	53680	76	3118926	3118949	structural interface downcast without tag	-
src/compiler/checker.ts	53680	118	3118968	3118991	structural interface downcast without tag	-
src/compiler/checker.ts	53718	83	3121022	3121042	structural interface downcast without tag	-
src/compiler/checker.ts	53743	62	3122137	3122156	structural interface downcast without tag	-
src/compiler/checker.ts	53751	80	3122576	3122595	structural interface downcast without tag	-
src/compiler/checker.ts	53751	137	3122633	3122700	upcast	-
src/compiler/checker.ts	53835	43	3126518	3126542	other	-
src/compiler/checker.ts	53835	69	3126544	3126568	other	-
src/compiler/checker.ts	53880	28	3128729	3128748	structural interface downcast without tag	-
src/compiler/checker.ts	53881	28	3128778	3128797	structural interface downcast without tag	-
src/compiler/checker.ts	53884	49	3129077	3129099	structural interface downcast without tag	-
src/compiler/checker.ts	53884	73	3129101	3129123	structural interface downcast without tag	-
src/compiler/checker.ts	53892	49	3129595	3129614	structural interface downcast without tag	-
src/compiler/checker.ts	53892	94	3129640	3129659	structural interface downcast without tag	-
src/compiler/checker.ts	53905	45	3130364	3130383	structural interface downcast without tag	-
src/compiler/checker.ts	53905	75	3130394	3130413	structural interface downcast without tag	-
src/compiler/checker.ts	53925	41	3131336	3131355	structural interface downcast without tag	-
src/compiler/checker.ts	53925	71	3131366	3131385	structural interface downcast without tag	-
src/compiler/checker.ts	53933	25	3131655	3131670	structural interface downcast without tag	-
src/compiler/checker.ts	53934	25	3131705	3131720	structural interface downcast without tag	-
src/compiler/checker.ts	53936	45	3131832	3131847	structural interface downcast without tag	-
src/compiler/checker.ts	53936	70	3131857	3131872	structural interface downcast without tag	-
src/compiler/checker.ts	53956	41	3132496	3132518	structural interface downcast without tag	-
src/compiler/checker.ts	53956	73	3132528	3132550	structural interface downcast without tag	-
src/compiler/checker.ts	53970	47	3133145	3133180	other	-
src/compiler/checker.ts	53970	48	3133146	3133163	structural interface downcast without tag	-
src/compiler/checker.ts	53970	84	3133182	3133217	other	-
src/compiler/checker.ts	53970	85	3133183	3133200	structural interface downcast without tag	-
src/compiler/checker.ts	53977	47	3133471	3133506	other	-
src/compiler/checker.ts	53977	48	3133472	3133489	structural interface downcast without tag	-
src/compiler/checker.ts	53977	84	3133508	3133543	other	-
src/compiler/checker.ts	53977	85	3133509	3133526	structural interface downcast without tag	-
src/compiler/checker.ts	53983	25	3133709	3133728	structural interface downcast without tag	-
src/compiler/checker.ts	53984	25	3133781	3133800	structural interface downcast without tag	-
src/compiler/checker.ts	53999	35	3134270	3134285	structural interface downcast without tag	-
src/compiler/checker.ts	53999	59	3134294	3134309	structural interface downcast without tag	-
src/compiler/checker.ts	54003	18	3134406	3134421	structural interface downcast without tag	-
src/compiler/checker.ts	54003	49	3134437	3134452	structural interface downcast without tag	-
src/compiler/checker.ts	54009	35	3134638	3134661	structural interface downcast without tag	-
src/compiler/checker.ts	54009	73	3134676	3134699	structural interface downcast without tag	-
src/compiler/checker.ts	54013	31	3134815	3134838	structural interface downcast without tag	-
src/compiler/checker.ts	54013	68	3134852	3134875	structural interface downcast without tag	-
src/compiler/checker.ts	54019	35	3135059	3135080	structural interface downcast without tag	-
src/compiler/checker.ts	54019	70	3135094	3135115	structural interface downcast without tag	-
src/compiler/checker.ts	54023	37	3135236	3135257	structural interface downcast without tag	-
src/compiler/checker.ts	54023	69	3135268	3135289	structural interface downcast without tag	-
src/compiler/checker.ts	54029	35	3135471	3135493	structural interface downcast without tag	-
src/compiler/checker.ts	54029	70	3135506	3135528	structural interface downcast without tag	-
src/compiler/checker.ts	54033	31	3135642	3135664	structural interface downcast without tag	-
src/compiler/checker.ts	54033	68	3135679	3135701	structural interface downcast without tag	-
src/compiler/checker.ts	54039	42	3135897	3135922	structural interface downcast without tag	-
src/compiler/checker.ts	54039	77	3135932	3135957	structural interface downcast without tag	-
src/compiler/checker.ts	54043	35	3136072	3136097	structural interface downcast without tag	-
src/compiler/checker.ts	54043	70	3136107	3136132	structural interface downcast without tag	-
src/compiler/checker.ts	54049	37	3136316	3136339	structural interface downcast without tag	-
src/compiler/checker.ts	54049	69	3136348	3136371	structural interface downcast without tag	-
src/compiler/checker.ts	54098	40	3138004	3138028	other	-
src/compiler/checker.ts	54098	66	3138030	3138054	other	-
src/compiler/checker.ts	54146	40	3139732	3139777	other	-
src/compiler/checker.ts	54146	41	3139733	3139754	tagged union downcast	kind
src/compiler/checker.ts	54146	87	3139779	3139824	other	-
src/compiler/checker.ts	54146	88	3139780	3139801	tagged union downcast	kind
src/compiler/checker.ts	54177	52	3140772	3140787	tagged union downcast	kind
src/compiler/checker.ts	54181	49	3140929	3140944	tagged union downcast	kind
src/compiler/checker.ts	54184	57	3141066	3141081	tagged union downcast	kind
src/compiler/checker.ts	54188	54	3141229	3141244	tagged union downcast	kind
src/compiler/checker.ts	54191	59	3141370	3141385	tagged union downcast	kind
src/compiler/checker.ts	54195	56	3141535	3141550	tagged union downcast	kind
src/compiler/checker.ts	54209	12	3142061	3142095	other	kind
src/compiler/checker.ts	54224	24	3142605	3142622	other	-
src/compiler/checker.ts	54225	38	3142662	3142693	other	-
src/compiler/checker.ts	54226	33	3142728	3142754	other	-
src/compiler/checker.ts	54227	59	3142815	3142854	other	-
src/compiler/checker.ts	54228	58	3142952	3142990	other	-
src/compiler/checker.ts	54229	28	3143020	3143041	other	-
src/compiler/checker.ts	54230	32	3143075	3143100	other	-
src/compiler/checker.ts	54231	40	3143142	3143175	other	-
src/compiler/checker.ts	54232	45	3143222	3143260	other	-
src/compiler/checker.ts	54233	45	3143307	3143345	other	-
src/compiler/checker.ts	54237	29	3143405	3143427	other	-
src/compiler/checker.ts	54262	38	3144204	3144219	structural interface downcast without tag	-
src/compiler/checker.ts	54262	89	3144255	3144270	structural interface downcast without tag	-
src/compiler/commandLineParser.ts	141	138	3346	3372	as const	-
src/compiler/commandLineParser.ts	1905	66	73470	73514	structural interface downcast without tag	-
src/compiler/commandLineParser.ts	1963	21	75626	75643	upcast	-
src/compiler/commandLineParser.ts	2105	63	81512	81548	structural interface downcast without tag	-
src/compiler/commandLineParser.ts	2181	26	84552	84575	structural interface downcast without tag	-
src/compiler/commandLineParser.ts	2291	85	89077	89149	other	-
src/compiler/commandLineParser.ts	2553	25	100279	100311	other	kind
src/compiler/commandLineParser.ts	2556	32	100398	100431	other	kind
src/compiler/commandLineParser.ts	2559	22	100516	100556	other	kind
src/compiler/commandLineParser.ts	2559	103	100597	100637	other	kind
src/compiler/commandLineParser.ts	2562	33	100790	100858	other	kind
src/compiler/commandLineParser.ts	2562	34	100791	100831	other	kind
src/compiler/commandLineParser.ts	2565	49	100972	101014	other	kind
src/compiler/commandLineParser.ts	2573	86	101642	101670	other	-
src/compiler/commandLineParser.ts	2577	22	101811	101852	other	kind
src/compiler/commandLineParser.ts	2578	32	101896	101933	other	type
src/compiler/commandLineParser.ts	2795	27	111769	111806	other	-
src/compiler/commandLineParser.ts	2804	120	112535	112550	other	-
src/compiler/commandLineParser.ts	2807	43	112810	112827	other	-
src/compiler/commandLineParser.ts	2815	43	113263	113300	other	-
src/compiler/commandLineParser.ts	2933	23	117982	118031	other	-
src/compiler/commandLineParser.ts	2958	50	119173	119197	other	-
src/compiler/commandLineParser.ts	2979	17	119908	119945	other	-
src/compiler/commandLineParser.ts	2993	28	120427	120453	other	-
src/compiler/commandLineParser.ts	2999	35	120670	120685	other	-
src/compiler/commandLineParser.ts	3076	21	124903	125099	other	-
src/compiler/commandLineParser.ts	3139	32	128348	128402	structural interface downcast without tag	-
src/compiler/commandLineParser.ts	3231	32	132814	132830	structural interface downcast without tag	-
src/compiler/commandLineParser.ts	3257	12	133754	133890	other	-
src/compiler/commandLineParser.ts	3279	87	134819	134836	other	-
src/compiler/commandLineParser.ts	3284	98	135140	135166	other	-
src/compiler/commandLineParser.ts	3541	38	146446	146464	upcast	-
src/compiler/commandLineParser.ts	3542	31	146516	146534	upcast	-
src/compiler/commandLineParser.ts	3551	26	146872	146925	other	-
src/compiler/commandLineParser.ts	3557	115	147176	147229	other	-
src/compiler/commandLineParser.ts	3592	181	148541	148596	other	-
src/compiler/commandLineParser.ts	3817	98	160055	160108	other	-
src/compiler/commandLineParser.ts	3821	95	160315	160368	other	-
src/compiler/commandLineParser.ts	3825	50	160609	160645	structural interface downcast without tag	-
src/compiler/commandLineParser.ts	3825	88	160647	160662	other	-
src/compiler/commandLineParser.ts	4171	12	177247	177325	other	-
src/compiler/core.ts	17	36	326	339	upcast	-
src/compiler/core.ts	355	17	12296	12311	upcast	-
src/compiler/core.ts	356	37	12363	12400	structural interface downcast without tag	-
src/compiler/core.ts	356	37	12363	12393	upcast	-
src/compiler/core.ts	365	12	12638	12663	structural interface downcast without tag	-
src/compiler/core.ts	365	12	12638	12656	other	-
src/compiler/core.ts	736	36	25376	25419	other	-
src/compiler/core.ts	736	36	25376	25393	other	-
src/compiler/core.ts	759	12	26063	26108	other	-
src/compiler/core.ts	759	12	26063	26082	other	-
src/compiler/core.ts	764	12	26203	26230	other	-
src/compiler/core.ts	764	12	26203	26212	other	-
src/compiler/core.ts	810	89	27795	27844	other	-
src/compiler/core.ts	810	89	27795	27829	other	-
src/compiler/core.ts	1039	12	36954	37060	structural interface downcast without tag	-
src/compiler/core.ts	1039	12	36954	37034	upcast	-
src/compiler/core.ts	1066	100	37864	37886	other	-
src/compiler/core.ts	1067	27	37918	37930	other	-
src/compiler/core.ts	1316	26	45924	45948	structural interface downcast without tag	-
src/compiler/core.ts	1474	12	52472	52511	other	-
src/compiler/core.ts	1482	27	52714	52727	other	-
src/compiler/core.ts	1496	29	53124	53133	other	-
src/compiler/core.ts	1499	14	53229	53242	other	-
src/compiler/core.ts	1499	36	53251	53264	other	-
src/compiler/core.ts	1505	14	53383	53396	other	-
src/compiler/core.ts	1505	36	53405	53417	other	-
src/compiler/core.ts	1516	14	53663	53675	other	-
src/compiler/core.ts	1543	17	54539	54574	structural interface downcast without tag	-
src/compiler/core.ts	1586	24	55662	55686	other	-
src/compiler/core.ts	2567	16	91313	91341	structural interface downcast without tag	-
src/compiler/core.ts	2583	16	92025	92062	structural interface downcast without tag	-
src/compiler/core.ts	2593	14	92343	92357	other	-
src/compiler/corePublic.ts	6	24	373	390	upcast	-
src/compiler/debug.ts	167	31	4125	4170	structural interface downcast without tag	-
src/compiler/debug.ts	170	22	4370	4382	other	-
src/compiler/debug.ts	190	14	5237	5249	other	-
src/compiler/debug.ts	200	14	5587	5599	other	-
src/compiler/debug.ts	201	14	5636	5648	other	-
src/compiler/debug.ts	274	149	9284	9298	upcast	-
src/compiler/debug.ts	373	21	16297	16308	other	-
src/compiler/debug.ts	445	34	19062	19071	other	-
src/compiler/debug.ts	449	34	19228	19237	other	-
src/compiler/debug.ts	453	34	19393	19402	other	-
src/compiler/debug.ts	457	35	19557	19566	other	-
src/compiler/debug.ts	461	35	19729	19738	other	-
src/compiler/debug.ts	465	35	19904	19913	other	-
src/compiler/debug.ts	469	35	20080	20089	other	-
src/compiler/debug.ts	473	35	20247	20256	other	-
src/compiler/debug.ts	477	35	20413	20422	other	-
src/compiler/debug.ts	481	35	20577	20586	other	-
src/compiler/debug.ts	485	35	20749	20758	other	-
src/compiler/debug.ts	489	35	20920	20929	other	-
src/compiler/debug.ts	493	35	21084	21093	other	-
src/compiler/debug.ts	497	36	21278	21287	other	-
src/compiler/debug.ts	501	34	21453	21462	other	-
src/compiler/debug.ts	505	34	21631	21640	other	-
src/compiler/debug.ts	509	35	21802	21811	other	-
src/compiler/debug.ts	540	56	23702	23711	other	-
src/compiler/debug.ts	558	37	24429	24472	other	-
src/compiler/debug.ts	598	38	26520	26569	other	-
src/compiler/debug.ts	642	93	28513	28534	structural interface downcast without tag	-
src/compiler/debug.ts	642	133	28553	28574	structural interface downcast without tag	-
src/compiler/debug.ts	642	183	28603	28624	structural interface downcast without tag	-
src/compiler/debug.ts	644	103	28836	28855	structural interface downcast without tag	-
src/compiler/debug.ts	645	80	28948	28973	structural interface downcast without tag	-
src/compiler/debug.ts	645	136	29004	29029	structural interface downcast without tag	-
src/compiler/debug.ts	656	26	29851	29869	structural interface downcast without tag	-
src/compiler/debug.ts	657	30	29964	29982	structural interface downcast without tag	-
src/compiler/debug.ts	658	30	30070	30088	structural interface downcast without tag	-
src/compiler/debug.ts	659	30	30168	30186	structural interface downcast without tag	-
src/compiler/debug.ts	660	30	30274	30292	structural interface downcast without tag	-
src/compiler/debug.ts	661	30	30374	30392	structural interface downcast without tag	-
src/compiler/debug.ts	662	30	30488	30506	structural interface downcast without tag	-
src/compiler/debug.ts	665	83	30732	30750	structural interface downcast without tag	-
src/compiler/debug.ts	676	79	31321	31339	structural interface downcast without tag	-
src/compiler/debug.ts	834	32	39813	39837	other	-
src/compiler/debug.ts	834	87	39868	39892	other	-
src/compiler/debug.ts	837	25	40062	40098	structural interface downcast without tag	-
src/compiler/debug.ts	838	25	40125	40161	other	-
src/compiler/debug.ts	845	39	40553	40567	other	-
src/compiler/debug.ts	845	84	40598	40614	other	-
src/compiler/debug.ts	849	36	40799	40841	as unknown as	-
src/compiler/debug.ts	849	36	40799	40822	as unknown as	-
src/compiler/debug.ts	850	8	40897	40939	as unknown as	-
src/compiler/debug.ts	850	8	40897	40920	as unknown as	-
src/compiler/debug.ts	963	56	44501	44515	structural interface downcast without tag	-
src/compiler/emitter.ts	973	47	36304	36333	other	kind
src/compiler/emitter.ts	1143	12	44578	44652	other	-
src/compiler/emitter.ts	1312	34	52642	52660	other	kind
src/compiler/emitter.ts	1314	36	52736	52750	other	kind
src/compiler/emitter.ts	1578	40	63833	63858	structural interface downcast without tag	-
src/compiler/emitter.ts	1582	43	64013	64031	other	kind
src/compiler/emitter.ts	1586	50	64177	64202	other	kind
src/compiler/emitter.ts	1591	46	64364	64385	other	kind
src/compiler/emitter.ts	1593	53	64496	64524	other	kind
src/compiler/emitter.ts	1597	46	64662	64694	other	kind
src/compiler/emitter.ts	1599	42	64783	64811	other	kind
src/compiler/emitter.ts	1601	42	64900	64917	other	kind
src/compiler/emitter.ts	1605	50	65057	65082	other	kind
src/compiler/emitter.ts	1607	52	65191	65218	other	kind
src/compiler/emitter.ts	1609	48	65319	65342	other	kind
src/compiler/emitter.ts	1611	50	65447	65472	other	kind
src/compiler/emitter.ts	1613	60	65597	65632	other	kind
src/compiler/emitter.ts	1615	44	65725	65755	other	kind
src/compiler/emitter.ts	1618	52	65902	65929	other	kind
src/compiler/emitter.ts	1620	46	66026	66058	other	kind
src/compiler/emitter.ts	1622	51	66165	66202	other	kind
src/compiler/emitter.ts	1624	47	66301	66334	other	kind
src/compiler/emitter.ts	1628	46	66459	66484	other	kind
src/compiler/emitter.ts	1630	46	66581	66606	other	kind
src/compiler/emitter.ts	1632	45	66701	66725	other	kind
src/compiler/emitter.ts	1634	48	66826	66853	other	kind
src/compiler/emitter.ts	1636	42	66942	66963	other	kind
src/compiler/emitter.ts	1638	44	67056	67079	other	kind
src/compiler/emitter.ts	1640	42	67168	67189	other	kind
src/compiler/emitter.ts	1642	42	67278	67299	other	kind
src/compiler/emitter.ts	1644	45	67394	67418	other	kind
src/compiler/emitter.ts	1647	42	67564	67585	other	kind
src/compiler/emitter.ts	1649	49	67688	67716	other	kind
src/compiler/emitter.ts	1651	48	67817	67844	other	kind
src/compiler/emitter.ts	1653	42	67933	67954	other	kind
src/compiler/emitter.ts	1655	50	68059	68088	other	kind
src/compiler/emitter.ts	1657	60	68213	68248	other	kind
src/compiler/emitter.ts	1661	45	68430	68454	other	kind
src/compiler/emitter.ts	1663	50	68559	68588	other	kind
src/compiler/emitter.ts	1665	43	68679	68701	other	kind
src/compiler/emitter.ts	1667	44	68794	68817	other	kind
src/compiler/emitter.ts	1669	49	68920	68944	other	kind
src/compiler/emitter.ts	1671	45	69046	69077	other	kind
src/compiler/emitter.ts	1673	49	69187	69218	other	kind
src/compiler/emitter.ts	1675	47	69313	69335	other	kind
src/compiler/emitter.ts	1679	53	69485	69513	other	kind
src/compiler/emitter.ts	1681	52	69622	69649	other	kind
src/compiler/emitter.ts	1683	47	69748	69770	other	kind
src/compiler/emitter.ts	1687	45	69892	69912	other	kind
src/compiler/emitter.ts	1693	38	70139	70152	other	kind
src/compiler/emitter.ts	1695	50	70257	70282	other	kind
src/compiler/emitter.ts	1699	52	70519	70546	other	kind
src/compiler/emitter.ts	1701	44	70639	70658	other	kind
src/compiler/emitter.ts	1703	44	70751	70770	other	kind
src/compiler/emitter.ts	1705	47	70869	70891	other	kind
src/compiler/emitter.ts	1707	45	70986	71006	other	kind
src/compiler/emitter.ts	1709	47	71105	71127	other	kind
src/compiler/emitter.ts	1711	47	71226	71248	other	kind
src/compiler/emitter.ts	1713	50	71353	71378	other	kind
src/compiler/emitter.ts	1715	47	71477	71499	other	kind
src/compiler/emitter.ts	1717	48	71600	71623	other	kind
src/compiler/emitter.ts	1719	46	71720	71741	other	kind
src/compiler/emitter.ts	1721	48	71842	71865	other	kind
src/compiler/emitter.ts	1723	49	71968	71992	other	kind
src/compiler/emitter.ts	1725	47	72091	72113	other	kind
src/compiler/emitter.ts	1727	45	72208	72228	other	kind
src/compiler/emitter.ts	1729	50	72333	72358	other	kind
src/compiler/emitter.ts	1733	52	72502	72529	other	kind
src/compiler/emitter.ts	1735	56	72646	72677	other	kind
src/compiler/emitter.ts	1737	52	72786	72813	other	kind
src/compiler/emitter.ts	1739	49	72916	72940	other	kind
src/compiler/emitter.ts	1741	53	73051	73079	other	kind
src/compiler/emitter.ts	1743	53	73190	73218	other	kind
src/compiler/emitter.ts	1745	48	73319	73342	other	kind
src/compiler/emitter.ts	1747	50	73447	73472	other	kind
src/compiler/emitter.ts	1749	44	73565	73584	other	kind
src/compiler/emitter.ts	1751	42	73673	73690	other	kind
src/compiler/emitter.ts	1753	59	73813	73847	other	kind
src/compiler/emitter.ts	1755	56	73964	73995	other	kind
src/compiler/emitter.ts	1757	50	74100	74125	other	kind
src/compiler/emitter.ts	1759	45	74220	74240	other	kind
src/compiler/emitter.ts	1761	48	74341	74364	other	kind
src/compiler/emitter.ts	1763	48	74465	74488	other	kind
src/compiler/emitter.ts	1765	45	74583	74603	other	kind
src/compiler/emitter.ts	1767	48	74704	74727	other	kind
src/compiler/emitter.ts	1769	49	74830	74854	other	kind
src/compiler/emitter.ts	1771	50	74959	74984	other	kind
src/compiler/emitter.ts	1773	45	75079	75099	other	kind
src/compiler/emitter.ts	1775	48	75200	75223	other	kind
src/compiler/emitter.ts	1777	49	75326	75350	other	kind
src/compiler/emitter.ts	1779	48	75451	75474	other	kind
src/compiler/emitter.ts	1785	56	75713	75744	other	kind
src/compiler/emitter.ts	1789	40	75872	75887	other	kind
src/compiler/emitter.ts	1792	60	76055	76080	other	kind
src/compiler/emitter.ts	1795	60	76248	76273	other	kind
src/compiler/emitter.ts	1797	45	76368	76388	other	kind
src/compiler/emitter.ts	1799	46	76485	76506	other	kind
src/compiler/emitter.ts	1801	51	76613	76639	other	kind
src/compiler/emitter.ts	1803	46	76736	76757	other	kind
src/compiler/emitter.ts	1805	50	76862	76887	other	kind
src/compiler/emitter.ts	1809	43	77008	77026	other	kind
src/compiler/emitter.ts	1811	46	77123	77144	other	kind
src/compiler/emitter.ts	1813	47	77243	77265	other	kind
src/compiler/emitter.ts	1815	44	77358	77377	other	kind
src/compiler/emitter.ts	1819	51	77527	77553	other	kind
src/compiler/emitter.ts	1821	60	77678	77713	other	kind
src/compiler/emitter.ts	1823	49	77816	77840	other	kind
src/compiler/emitter.ts	1827	43	77958	77976	other	kind
src/compiler/emitter.ts	1831	43	78105	78123	other	kind
src/compiler/emitter.ts	1837	52	78429	78456	other	kind
src/compiler/emitter.ts	1839	51	78563	78589	other	kind
src/compiler/emitter.ts	1845	50	78894	78919	other	kind
src/compiler/emitter.ts	1847	53	79030	79058	other	kind
src/compiler/emitter.ts	1849	50	79163	79188	other	kind
src/compiler/emitter.ts	1851	50	79293	79318	other	kind
src/compiler/emitter.ts	1854	56	79472	79512	other	kind
src/compiler/emitter.ts	1858	38	79674	79687	other	kind
src/compiler/emitter.ts	1860	49	79790	79814	other	kind
src/compiler/emitter.ts	1862	47	79913	79935	other	kind
src/compiler/emitter.ts	1866	47	80127	80143	structural interface downcast without tag	-
src/compiler/emitter.ts	1869	49	80299	80344	other	kind
src/compiler/emitter.ts	1880	49	80876	80900	other	kind
src/compiler/emitter.ts	1882	49	81003	81027	other	kind
src/compiler/emitter.ts	1886	53	81242	81270	structural interface downcast without tag	-
src/compiler/emitter.ts	1893	52	81616	81720	other	kind
src/compiler/emitter.ts	1895	49	81823	81847	other	kind
src/compiler/emitter.ts	1897	48	81948	81971	other	kind
src/compiler/emitter.ts	1899	44	82064	82083	other	kind
src/compiler/emitter.ts	1901	47	82182	82204	other	kind
src/compiler/emitter.ts	1927	55	83277	83315	other	kind
src/compiler/emitter.ts	1932	40	83531	83556	structural interface downcast without tag	-
src/compiler/emitter.ts	1936	43	83711	83729	other	kind
src/compiler/emitter.ts	1938	50	83834	83859	other	kind
src/compiler/emitter.ts	1942	55	84008	84038	other	kind
src/compiler/emitter.ts	1944	56	84155	84186	other	kind
src/compiler/emitter.ts	1946	57	84305	84337	other	kind
src/compiler/emitter.ts	1948	56	84454	84485	other	kind
src/compiler/emitter.ts	1950	47	84584	84606	other	kind
src/compiler/emitter.ts	1952	46	84703	84724	other	kind
src/compiler/emitter.ts	1954	57	84843	84875	other	kind
src/compiler/emitter.ts	1956	56	84992	85013	other	kind
src/compiler/emitter.ts	1958	56	85130	85161	other	kind
src/compiler/emitter.ts	1960	51	85268	85294	other	kind
src/compiler/emitter.ts	1962	46	85391	85412	other	kind
src/compiler/emitter.ts	1964	49	85515	85539	other	kind
src/compiler/emitter.ts	1966	49	85642	85666	other	kind
src/compiler/emitter.ts	1968	47	85765	85787	other	kind
src/compiler/emitter.ts	1970	48	85888	85911	other	kind
src/compiler/emitter.ts	1972	54	86024	86053	other	kind
src/compiler/emitter.ts	1974	55	86168	86198	other	kind
src/compiler/emitter.ts	1976	49	86301	86325	other	kind
src/compiler/emitter.ts	1978	54	86438	86467	other	kind
src/compiler/emitter.ts	1980	51	86574	86600	other	kind
src/compiler/emitter.ts	1982	48	86701	86724	other	kind
src/compiler/emitter.ts	1984	46	86821	86842	other	kind
src/compiler/emitter.ts	1986	48	86943	86966	other	kind
src/compiler/emitter.ts	1990	45	87142	87162	other	kind
src/compiler/emitter.ts	1992	50	87267	87292	other	kind
src/compiler/emitter.ts	1994	60	87417	87452	other	kind
src/compiler/emitter.ts	1996	52	87561	87588	other	kind
src/compiler/emitter.ts	1998	45	87683	87703	other	kind
src/compiler/emitter.ts	2006	43	88044	88062	other	kind
src/compiler/emitter.ts	2008	54	88175	88204	other	kind
src/compiler/emitter.ts	2010	44	88297	88316	other	kind
src/compiler/emitter.ts	2020	59	88725	88759	other	kind
src/compiler/emitter.ts	2022	42	88858	88885	other	kind
src/compiler/emitter.ts	2050	58	90015	90029	other	kind
src/compiler/emitter.ts	2640	67	111533	111585	upcast	-
src/compiler/emitter.ts	2672	47	113088	113119	upcast	-
src/compiler/emitter.ts	2830	62	120704	120736	other	kind
src/compiler/emitter.ts	2830	134	120776	120808	other	kind
src/compiler/emitter.ts	2831	66	120916	120948	other	kind
src/compiler/emitter.ts	2831	139	120989	121021	other	kind
src/compiler/emitter.ts	3255	83	141652	141686	other	kind
src/compiler/emitter.ts	3263	25	142089	142123	other	kind
src/compiler/emitter.ts	3264	57	142182	142216	other	kind
src/compiler/emitter.ts	3268	25	142407	142439	other	kind
src/compiler/emitter.ts	3269	57	142498	142530	other	kind
src/compiler/emitter.ts	3270	26	142571	142603	other	kind
src/compiler/emitter.ts	3274	25	142785	142816	other	kind
src/compiler/emitter.ts	3275	57	142875	142906	other	kind
src/compiler/emitter.ts	3276	26	142947	142978	other	kind
src/compiler/emitter.ts	3280	25	143156	143178	other	kind
src/compiler/emitter.ts	3281	57	143237	143259	other	kind
src/compiler/emitter.ts	3282	26	143300	143322	other	kind
src/compiler/emitter.ts	3283	26	143365	143387	other	kind
src/compiler/emitter.ts	3287	25	143576	143608	other	kind
src/compiler/emitter.ts	3288	57	143667	143699	other	kind
src/compiler/emitter.ts	3289	26	143733	143765	other	kind
src/compiler/emitter.ts	3290	26	143808	143840	other	kind
src/compiler/emitter.ts	3294	25	144024	144054	other	kind
src/compiler/emitter.ts	3295	57	144113	144143	other	kind
src/compiler/emitter.ts	3299	25	144315	144339	other	kind
src/compiler/emitter.ts	3300	57	144398	144422	other	kind
src/compiler/emitter.ts	3301	26	144457	144481	other	kind
src/compiler/emitter.ts	3302	26	144524	144548	other	kind
src/compiler/emitter.ts	3306	25	144727	144756	other	kind
src/compiler/emitter.ts	3307	57	144815	144844	other	kind
src/compiler/emitter.ts	3308	26	144884	144913	other	kind
src/compiler/emitter.ts	3309	26	144956	144985	other	kind
src/compiler/emitter.ts	3310	26	145023	145052	other	kind
src/compiler/emitter.ts	3311	26	145092	145121	other	kind
src/compiler/emitter.ts	3315	25	145286	145306	other	kind
src/compiler/emitter.ts	3316	57	145365	145385	other	kind
src/compiler/emitter.ts	3317	26	145426	145446	other	kind
src/compiler/emitter.ts	3321	25	145620	145647	other	kind
src/compiler/emitter.ts	3322	57	145706	145733	other	kind
src/compiler/emitter.ts	3323	26	145774	145801	other	kind
src/compiler/emitter.ts	3327	25	145971	145996	other	kind
src/compiler/emitter.ts	3328	57	146055	146080	other	kind
src/compiler/emitter.ts	4453	47	188201	188233	upcast	-
src/compiler/emitter.ts	4459	52	188495	188528	upcast	-
src/compiler/emitter.ts	5235	21	221815	221846	other	kind
src/compiler/emitter.ts	5270	56	223438	223459	other	kind
src/compiler/emitter.ts	5271	37	223516	223537	other	kind
src/compiler/emitter.ts	5344	26	226684	226697	other	kind
src/compiler/emitter.ts	5350	32	226961	227032	other	kind
src/compiler/emitter.ts	5353	32	227144	227163	other	kind
src/compiler/emitter.ts	5354	32	227213	227232	other	kind
src/compiler/emitter.ts	5359	32	227439	227480	other	kind
src/compiler/emitter.ts	5360	32	227528	227569	other	kind
src/compiler/emitter.ts	5363	32	227685	227708	other	kind
src/compiler/emitter.ts	5366	26	227812	227829	other	kind
src/compiler/emitter.ts	5370	26	227991	228018	other	kind
src/compiler/emitter.ts	5373	32	228147	228167	other	kind
src/compiler/emitter.ts	5374	32	228212	228232	other	kind
src/compiler/emitter.ts	5375	32	228280	228300	other	kind
src/compiler/emitter.ts	5378	32	228415	228434	other	kind
src/compiler/emitter.ts	5379	32	228490	228509	other	kind
src/compiler/emitter.ts	5382	32	228623	228648	other	kind
src/compiler/emitter.ts	5385	26	228772	228803	other	kind
src/compiler/emitter.ts	5391	39	229080	229104	structural interface downcast without tag	-
src/compiler/emitter.ts	5394	39	229226	229253	other	kind
src/compiler/emitter.ts	5396	30	229370	229397	other	kind
src/compiler/emitter.ts	5397	36	229463	229490	other	kind
src/compiler/emitter.ts	5402	26	229669	229691	other	kind
src/compiler/emitter.ts	5405	32	229823	229848	other	kind
src/compiler/emitter.ts	5408	39	229971	229991	other	kind
src/compiler/emitter.ts	5409	32	230032	230052	other	kind
src/compiler/emitter.ts	5412	39	230179	230202	other	kind
src/compiler/emitter.ts	5415	39	230320	230343	other	kind
src/compiler/emitter.ts	5418	26	230445	230465	other	kind
src/compiler/emitter.ts	5421	39	230602	230625	other	kind
src/compiler/emitter.ts	5421	81	230644	230667	other	kind
src/compiler/emitter.ts	5437	39	231260	231284	structural interface downcast without tag	-
src/compiler/emitter.ts	5723	35	243768	243786	other	kind
src/compiler/emitter.ts	5734	52	244301	244344	other	kind
src/compiler/emitter.ts	5738	65	244575	244620	other	kind
src/compiler/emitter.ts	5742	31	244820	244866	other	kind
src/compiler/emitter.ts	5757	56	245655	245702	other	kind
src/compiler/emitter.ts	5790	141	247733	247742	other	-
src/compiler/emitter.ts	6375	32	273086	273140	other	-
src/compiler/emitter.ts	6376	49	273192	273260	other	-
src/compiler/emitter.ts	6377	9	273272	273332	other	-
src/compiler/expressionToTypeNode.ts	167	12	4276	4319	other	-
src/compiler/expressionToTypeNode.ts	237	50	8347	8377	other	kind
src/compiler/expressionToTypeNode.ts	239	46	8470	8496	other	kind
src/compiler/expressionToTypeNode.ts	241	50	8601	8635	other	kind
src/compiler/expressionToTypeNode.ts	243	46	8731	8760	other	kind
src/compiler/expressionToTypeNode.ts	467	18	21318	21352	upcast	-
src/compiler/expressionToTypeNode.ts	469	22	21479	21519	tagged union downcast	kind
src/compiler/expressionToTypeNode.ts	539	18	25700	25730	upcast	-
src/compiler/expressionToTypeNode.ts	696	111	34858	34870	upcast	-
src/compiler/expressionToTypeNode.ts	709	124	35702	35745	other	kind
src/compiler/expressionToTypeNode.ts	738	111	37287	37299	upcast	-
src/compiler/expressionToTypeNode.ts	898	44	47147	47178	other	kind
src/compiler/expressionToTypeNode.ts	900	62	47346	47364	other	kind
src/compiler/expressionToTypeNode.ts	917	38	48293	48329	other	kind
src/compiler/expressionToTypeNode.ts	920	41	48549	48578	other	kind
src/compiler/expressionToTypeNode.ts	932	45	49267	49297	other	kind
src/compiler/expressionToTypeNode.ts	934	46	49450	49481	other	kind
src/compiler/expressionToTypeNode.ts	936	60	49640	49663	other	kind
src/compiler/expressionToTypeNode.ts	944	37	50106	50130	other	kind
src/compiler/expressionToTypeNode.ts	950	70	50455	50492	other	kind
src/compiler/expressionToTypeNode.ts	1262	37	66691	66720	other	kind
src/compiler/expressionToTypeNode.ts	1265	21	66857	66901	other	kind
src/compiler/factory/emitHelpers.ts	424	62	17845	17859	other	-
src/compiler/factory/emitHelpers.ts	517	62	21873	21887	other	-
src/compiler/factory/emitNode.ts	43	40	1155	1193	other	-
src/compiler/factory/emitNode.ts	50	25	1478	1492	other	-
src/compiler/factory/nodeChildren.ts	20	17	542	560	other	kind
src/compiler/factory/nodeFactory.ts	1026	20	34371	34453	other	-
src/compiler/factory/nodeFactory.ts	1177	44	40158	40189	structural interface downcast without tag	-
src/compiler/factory/nodeFactory.ts	1186	27	40590	40629	structural interface downcast without tag	-
src/compiler/factory/nodeFactory.ts	1199	23	41306	41387	structural interface downcast without tag	-
src/compiler/factory/nodeFactory.ts	1210	16	41746	41792	other	-
src/compiler/factory/nodeFactory.ts	1296	24	45714	45832	other	kind
src/compiler/factory/nodeFactory.ts	1305	22	45974	46056	other	kind
src/compiler/factory/nodeFactory.ts	1314	22	46546	46630	other	-
src/compiler/factory/nodeFactory.ts	1389	22	50463	50566	other	kind
src/compiler/factory/nodeFactory.ts	1437	16	52818	52869	other	-
src/compiler/factory/nodeFactory.ts	1496	18	56332	56407	other	-
src/compiler/factory/nodeFactory.ts	1496	18	56332	56379	other	-
src/compiler/factory/nodeFactory.ts	1507	18	56953	57026	other	-
src/compiler/factory/nodeFactory.ts	1507	18	56953	56999	other	-
src/compiler/factory/nodeFactory.ts	2554	22	102887	102957	other	-
src/compiler/factory/nodeFactory.ts	2560	16	103103	103244	tagged union downcast	kind
src/compiler/factory/nodeFactory.ts	2570	16	103610	103772	tagged union downcast	kind
src/compiler/factory/nodeFactory.ts	2646	14	107113	107169	upcast	-
src/compiler/factory/nodeFactory.ts	2931	22	120420	120656	other	-
src/compiler/factory/nodeFactory.ts	2996	22	123853	124094	other	-
src/compiler/factory/nodeFactory.ts	3065	22	127622	127964	other	-
src/compiler/factory/nodeFactory.ts	3590	16	153127	153227	other	kind
src/compiler/factory/nodeFactory.ts	3596	16	153477	153581	other	kind
src/compiler/factory/nodeFactory.ts	3602	16	153829	153929	other	kind
src/compiler/factory/nodeFactory.ts	3608	16	154194	154335	upcast	-
src/compiler/factory/nodeFactory.ts	5079	22	218792	218967	upcast	-
src/compiler/factory/nodeFactory.ts	6046	22	263097	263179	other	kind
src/compiler/factory/nodeFactory.ts	6052	21	263389	263399	other	-
src/compiler/factory/nodeFactory.ts	6053	29	263430	263440	other	-
src/compiler/factory/nodeFactory.ts	6120	22	266105	266176	upcast	-
src/compiler/factory/nodeFactory.ts	6135	22	266924	267006	other	kind
src/compiler/factory/nodeFactory.ts	6145	14	267352	267363	other	-
src/compiler/factory/nodeFactory.ts	6145	33	267371	267384	other	-
src/compiler/factory/nodeFactory.ts	6327	23	274447	274517	other	-
src/compiler/factory/nodeFactory.ts	6351	23	275531	275615	other	-
src/compiler/factory/nodeFactory.ts	6377	20	276743	276782	other	-
src/compiler/factory/nodeFactory.ts	6380	20	276859	276916	other	-
src/compiler/factory/nodeFactory.ts	6383	20	276984	277023	other	-
src/compiler/factory/nodeFactory.ts	6386	20	277107	277178	other	-
src/compiler/factory/nodeFactory.ts	6389	20	277253	277306	other	-
src/compiler/factory/nodeFactory.ts	6392	48	277369	277416	other	-
src/compiler/factory/nodeFactory.ts	6393	13	277432	277474	other	-
src/compiler/factory/nodeFactory.ts	6395	10	277488	277507	upcast	-
src/compiler/factory/nodeFactory.ts	6396	10	277565	277584	upcast	-
src/compiler/factory/nodeFactory.ts	6644	35	289633	289665	other	kind
src/compiler/factory/nodeFactory.ts	6650	25	289886	289919	other	kind
src/compiler/factory/nodeFactory.ts	6668	19	290735	290762	upcast	-
src/compiler/factory/nodeFactory.ts	6881	16	301502	301599	structural interface downcast without tag	-
src/compiler/factory/nodeFactory.ts	6961	16	305349	305386	other	-
src/compiler/factory/nodeFactory.ts	6961	69	305402	305431	upcast	-
src/compiler/factory/nodeFactory.ts	7047	42	310593	310627	other	kind
src/compiler/factory/nodeFactory.ts	7051	43	310842	310878	other	kind
src/compiler/factory/nodeFactory.ts	7395	6	329291	329312	upcast	-
src/compiler/factory/nodeFactory.ts	7447	39	331327	331341	other	-
src/compiler/factory/parenthesizerRules.ts	272	59	12470	12494	other	kind
src/compiler/factory/parenthesizerRules.ts	273	18	12561	12589	other	kind
src/compiler/factory/parenthesizerRules.ts	274	25	12651	12679	other	kind
src/compiler/factory/parenthesizerRules.ts	277	65	12782	12806	other	kind
src/compiler/factory/parenthesizerRules.ts	279	72	12944	12968	other	kind
src/compiler/factory/parenthesizerRules.ts	283	14	13060	13088	other	kind
src/compiler/factory/parenthesizerRules.ts	379	26	17864	17893	other	kind
src/compiler/factory/parenthesizerRules.ts	381	23	18001	18037	structural interface downcast without tag	-
src/compiler/factory/parenthesizerRules.ts	401	73	18951	18985	other	kind
src/compiler/factory/parenthesizerRules.ts	405	20	19171	19207	structural interface downcast without tag	-
src/compiler/factory/utilities.ts	218	23	6270	6343	upcast	-
src/compiler/factory/utilities.ts	472	85	16974	17064	other	-
src/compiler/factory/utilities.ts	608	58	22143	22167	other	kind
src/compiler/factory/utilities.ts	901	59	36674	36729	other	kind
src/compiler/factory/utilities.ts	944	62	38457	38513	other	kind
src/compiler/factory/utilities.ts	953	62	38868	38923	other	kind
src/compiler/factory/utilities.ts	966	54	39331	39380	other	kind
src/compiler/factory/utilities.ts	971	54	39524	39579	other	kind
src/compiler/factory/utilities.ts	1083	20	43709	43763	other	-
src/compiler/factory/utilities.ts	1087	20	43866	43922	other	-
src/compiler/factory/utilities.ts	1522	20	66011	66023	upcast	-
src/compiler/factory/utilities.ts	1573	38	68401	68427	other	-
src/compiler/factory/utilities.ts	1688	20	73440	73523	other	-
src/compiler/moduleNameResolver.ts	130	36	3400	3454	upcast	-
src/compiler/moduleNameResolver.ts	831	89	36979	37025	upcast	-
src/compiler/moduleNameResolver.ts	926	15	41847	41883	other	-
src/compiler/moduleNameResolver.ts	931	25	42067	42091	structural interface downcast without tag	-
src/compiler/moduleNameResolver.ts	954	60	43089	43101	other	-
src/compiler/moduleNameResolver.ts	1045	57	47062	47152	other	-
src/compiler/moduleNameResolver.ts	1116	12	50024	50102	other	-
src/compiler/moduleNameResolver.ts	1348	20	60097	60357	structural interface downcast without tag	-
src/compiler/moduleNameResolver.ts	2118	21	103456	103501	other	-
src/compiler/moduleNameResolver.ts	2293	85	113115	113142	other	-
src/compiler/moduleNameResolver.ts	2295	47	113232	113259	other	-
src/compiler/moduleNameResolver.ts	2349	39	115648	115674	other	-
src/compiler/moduleNameResolver.ts	2351	55	115874	115900	other	-
src/compiler/moduleNameResolver.ts	2432	34	119567	119625	upcast	-
src/compiler/moduleNameResolver.ts	2470	36	121450	121496	upcast	-
src/compiler/moduleNameResolver.ts	2626	223	131692	131753	other	-
src/compiler/moduleNameResolver.ts	2629	30	131869	131930	other	-
src/compiler/moduleNameResolver.ts	2630	27	131967	132028	other	-
src/compiler/moduleNameResolver.ts	2637	34	132401	132462	other	-
src/compiler/moduleNameResolver.ts	2712	25	136653	136684	other	-
src/compiler/moduleNameResolver.ts	2715	54	136867	136898	other	-
src/compiler/moduleNameResolver.ts	2718	29	137185	137216	other	-
src/compiler/moduleNameResolver.ts	2724	29	137736	137767	other	-
src/compiler/moduleNameResolver.ts	2729	29	138075	138106	other	-
src/compiler/moduleNameResolver.ts	2817	52	144452	144478	other	-
src/compiler/moduleNameResolver.ts	2820	44	144810	144836	other	-
src/compiler/moduleNameResolver.ts	3058	33	161825	161847	other	-
src/compiler/moduleSpecifiers.ts	344	16	14691	14707	other	length
src/compiler/moduleSpecifiers.ts	796	33	37496	37565	as const	-
src/compiler/moduleSpecifiers.ts	880	18	41667	41920	other	-
src/compiler/moduleSpecifiers.ts	906	34	42827	42989	other	kind
src/compiler/moduleSpecifiers.ts	906	35	42828	42935	other	-
src/compiler/moduleSpecifiers.ts	906	82	42875	42896	other	-
src/compiler/moduleSpecifiers.ts	915	40	43559	43607	other	kind
src/compiler/moduleSpecifiers.ts	920	34	43720	43822	other	-
src/compiler/moduleSpecifiers.ts	1109	38	58365	58392	other	-
src/compiler/moduleSpecifiers.ts	1111	36	58553	58580	other	-
src/compiler/moduleSpecifiers.ts	1123	107	59289	59316	other	-
src/compiler/moduleSpecifiers.ts	1129	35	59674	59701	other	-
src/compiler/moduleSpecifiers.ts	1134	123	60124	60151	other	-
src/compiler/moduleSpecifiers.ts	1160	31	61618	61645	other	-
src/compiler/moduleSpecifiers.ts	1165	122	62018	62045	other	-
src/compiler/parser.ts	1161	28	64643	64665	tagged union downcast	kind
src/compiler/parser.ts	1253	17	70601	70667	other	-
src/compiler/parser.ts	1354	84	75381	75453	upcast	-
src/compiler/parser.ts	1403	6	78037	78073	upcast	-
src/compiler/parser.ts	1622	30	90130	90159	other	-
src/compiler/parser.ts	1675	42	92877	92932	other	operator
src/compiler/parser.ts	1684	42	93360	93412	other	kind
src/compiler/parser.ts	1709	31	94463	94540	structural interface downcast without tag	-
src/compiler/parser.ts	1712	30	94674	94767	other	-
src/compiler/parser.ts	1730	24	95533	95561	structural interface downcast without tag	-
src/compiler/parser.ts	1822	31	99609	99642	other	-
src/compiler/parser.ts	1822	31	99609	99625	upcast	-
src/compiler/parser.ts	1823	34	99691	99724	other	-
src/compiler/parser.ts	1823	34	99691	99707	upcast	-
src/compiler/parser.ts	1857	14	101162	101180	upcast	-
src/compiler/parser.ts	2557	16	130909	130955	other	-
src/compiler/parser.ts	2564	16	131132	131178	other	-
src/compiler/parser.ts	2603	14	132576	132594	upcast	-
src/compiler/parser.ts	2611	14	133004	133022	upcast	-
src/compiler/parser.ts	2634	16	134544	134572	other	-
src/compiler/parser.ts	2716	26	138920	138988	other	kind
src/compiler/parser.ts	3119	20	158130	158152	other	-
src/compiler/parser.ts	3295	47	166742	166767	other	kind
src/compiler/parser.ts	3395	36	170467	170494	other	kind
src/compiler/parser.ts	3405	27	170814	170842	other	kind
src/compiler/parser.ts	3570	22	180230	180284	structural interface downcast without tag	-
src/compiler/parser.ts	3576	19	180433	180457	structural interface downcast without tag	-
src/compiler/parser.ts	3601	21	181632	181773	tagged union downcast	kind
src/compiler/parser.ts	3720	20	186605	186732	structural interface downcast without tag	-
src/compiler/parser.ts	3736	16	187167	187217	structural interface downcast without tag	-
src/compiler/parser.ts	3745	16	187637	187661	other	kind
src/compiler/parser.ts	3751	16	187983	188024	other	kind
src/compiler/parser.ts	3812	39	190927	190952	other	kind
src/compiler/parser.ts	3815	46	191102	191139	other	kind
src/compiler/parser.ts	3819	64	191367	191396	other	kind
src/compiler/parser.ts	4286	54	212416	212450	upcast	-
src/compiler/parser.ts	4447	14	219279	219300	upcast	-
src/compiler/parser.ts	4535	13	223351	223401	structural interface downcast without tag	-
src/compiler/parser.ts	4566	48	224782	224847	other	-
src/compiler/parser.ts	5119	60	250710	250728	other	kind
src/compiler/parser.ts	5403	64	264649	264667	other	kind
src/compiler/parser.ts	5486	30	268902	268940	other	kind
src/compiler/parser.ts	5695	63	279567	279597	other	-
src/compiler/parser.ts	5751	17	281705	281811	other	kind
src/compiler/parser.ts	5878	67	287718	287748	other	-
src/compiler/parser.ts	5889	30	288437	288468	other	-
src/compiler/parser.ts	5947	22	291268	291294	other	kind
src/compiler/parser.ts	6119	24	301358	301498	other	kind
src/compiler/parser.ts	6119	24	301358	301484	upcast	-
src/compiler/parser.ts	6119	74	301408	301453	other	kind
src/compiler/parser.ts	6249	16	307880	307914	other	-
src/compiler/parser.ts	6306	24	310300	310335	other	kind
src/compiler/parser.ts	6406	22	314748	314782	upcast	-
src/compiler/parser.ts	6479	51	318823	318864	other	kind
src/compiler/parser.ts	6479	125	318897	318938	other	kind
src/compiler/parser.ts	6497	20	319756	319786	structural interface downcast without tag	-
src/compiler/parser.ts	6510	66	320405	320456	other	kind
src/compiler/parser.ts	6514	14	320627	320657	upcast	-
src/compiler/parser.ts	6535	38	321889	321930	other	kind
src/compiler/parser.ts	6536	35	321982	322023	other	kind
src/compiler/parser.ts	6738	62	332675	332693	tagged union downcast	kind
src/compiler/parser.ts	6813	30	337016	337057	other	kind
src/compiler/parser.ts	6814	27	337101	337142	other	kind
src/compiler/parser.ts	6974	26	345552	345610	other	kind
src/compiler/parser.ts	7482	18	369347	369365	upcast	-
src/compiler/parser.ts	7497	24	370085	370115	structural interface downcast without tag	-
src/compiler/parser.ts	7547	14	372792	372830	upcast	-
src/compiler/parser.ts	7601	20	374952	374978	tagged union downcast	kind
src/compiler/parser.ts	7775	18	383486	383525	upcast	-
src/compiler/parser.ts	7776	18	383578	383617	upcast	-
src/compiler/parser.ts	7810	10	385013	385047	upcast	-
src/compiler/parser.ts	7861	10	387898	387934	upcast	-
src/compiler/parser.ts	7862	46	388015	388054	upcast	-
src/compiler/parser.ts	7939	10	391598	391642	upcast	-
src/compiler/parser.ts	8003	46	394244	394268	other	-
src/compiler/parser.ts	8113	22	400007	400025	upcast	-
src/compiler/parser.ts	8137	20	401186	401292	tagged union downcast	kind
src/compiler/parser.ts	8142	10	401519	401557	upcast	-
src/compiler/parser.ts	8147	16	401688	401835	tagged union downcast	kind
src/compiler/parser.ts	8151	16	401998	402106	tagged union downcast	kind
src/compiler/parser.ts	8220	20	405420	405461	other	kind
src/compiler/parser.ts	8309	15	410012	410171	structural interface downcast without tag	-
src/compiler/parser.ts	8324	20	410829	410864	other	kind
src/compiler/parser.ts	8380	10	413135	413178	upcast	-
src/compiler/parser.ts	8450	84	416673	416736	other	kind
src/compiler/parser.ts	8573	55	422503	422538	other	kind
src/compiler/parser.ts	8597	26	423641	423716	tagged union downcast	kind
src/compiler/parser.ts	8601	16	423793	423868	tagged union downcast	kind
src/compiler/parser.ts	8685	71	428052	428070	tagged union downcast	kind
src/compiler/parser.ts	8845	32	436890	436964	other	-
src/compiler/parser.ts	9216	27	455792	455853	other	-
src/compiler/parser.ts	9415	68	466037	466058	other	kind
src/compiler/parser.ts	9508	39	472265	472354	structural interface downcast without tag	-
src/compiler/parser.ts	9575	30	476447	476613	other	-
src/compiler/parser.ts	9589	28	477235	477339	structural interface downcast without tag	-
src/compiler/parser.ts	9676	48	482496	482784	structural interface downcast without tag	-
src/compiler/parser.ts	9686	22	482927	482973	upcast	-
src/compiler/parser.ts	9695	47	483373	483490	other	-
src/compiler/parser.ts	9711	36	484376	484397	other	kind
src/compiler/parser.ts	9755	24	486667	486797	other	-
src/compiler/parser.ts	10089	24	504983	505009	structural interface downcast without tag	-
src/compiler/parser.ts	10092	23	505062	505077	structural interface downcast without tag	-
src/compiler/parser.ts	10112	32	505773	505806	upcast	-
src/compiler/parser.ts	10112	67	505808	505854	upcast	-
src/compiler/parser.ts	10207	14	510507	510521	other	-
src/compiler/parser.ts	10208	28	510561	510592	other	-
src/compiler/parser.ts	10208	29	510562	510576	other	-
src/compiler/parser.ts	10265	37	512860	512893	upcast	-
src/compiler/parser.ts	10265	72	512895	512941	upcast	-
src/compiler/parser.ts	10599	23	528634	528656	upcast	-
src/compiler/parser.ts	10633	25	530226	530280	other	-
src/compiler/parser.ts	10657	21	531768	531827	other	-
src/compiler/parser.ts	10669	47	532513	532551	other	-
src/compiler/parser.ts	10673	43	532678	532722	other	-
src/compiler/parser.ts	10717	22	534528	534581	other	-
src/compiler/parser.ts	10718	24	534694	534734	other	-
src/compiler/parser.ts	10745	26	535948	536018	other	-
src/compiler/parser.ts	10748	26	536074	536138	other	-
src/compiler/parser.ts	10769	18	537085	537132	other	-
src/compiler/parser.ts	10770	20	537242	537282	other	-
src/compiler/parser.ts	10777	18	537607	537677	other	-
src/compiler/parser.ts	10806	37	538647	538664	tagged union downcast	kind
src/compiler/parser.ts	10814	47	538868	538892	tagged union downcast	kind
src/compiler/parser.ts	10815	39	538958	538982	tagged union downcast	kind
src/compiler/parser.ts	10821	13	539401	539432	upcast	-
src/compiler/parser.ts	10821	68	539456	539487	other	kind
src/compiler/parser.ts	10822	31	539540	539608	other	kind
src/compiler/parser.ts	10822	32	539541	539572	upcast	-
src/compiler/parser.ts	10822	101	539610	539678	other	kind
src/compiler/parser.ts	10822	102	539611	539642	other	kind
src/compiler/path.ts	513	45	20405	20412	other	-
src/compiler/path.ts	516	12	20520	20588	other	-
src/compiler/path.ts	766	12	29862	29912	other	-
src/compiler/path.ts	1103	28	43862	43894	other	-
src/compiler/performanceCore.ts	35	37	1202	1263	other	-
src/compiler/program.ts	1191	13	48115	48148	structural interface downcast without tag	-
src/compiler/program.ts	1618	23	74702	74732	structural interface downcast without tag	-
src/compiler/program.ts	1619	43	74804	74834	structural interface downcast without tag	-
src/compiler/program.ts	1734	22	80989	81037	other	-
src/compiler/program.ts	2210	55	107124	107148	other	-
src/compiler/program.ts	2271	50	110306	110341	upcast	-
src/compiler/program.ts	3008	30	145881	145953	other	kind
src/compiler/program.ts	3022	30	146741	146841	other	kind
src/compiler/program.ts	3030	30	147216	147236	other	kind
src/compiler/program.ts	3036	30	147602	147627	other	kind
src/compiler/program.ts	3043	30	148043	148074	other	kind
src/compiler/program.ts	3052	30	148716	148740	other	kind
src/compiler/program.ts	3058	48	149099	149121	other	kind
src/compiler/program.ts	3080	31	150789	150820	other	kind
src/compiler/program.ts	3093	67	151794	151814	other	kind
src/compiler/program.ts	3096	67	152066	152093	other	kind
src/compiler/program.ts	3151	40	155726	155772	other	kind
src/compiler/program.ts	3159	40	156205	156232	other	kind
src/compiler/program.ts	3160	45	156292	156319	other	kind
src/compiler/program.ts	3166	40	156649	156678	other	kind
src/compiler/program.ts	3167	52	156745	156777	structural interface downcast without tag	-
src/compiler/program.ts	3181	40	157593	157623	other	kind
src/compiler/program.ts	3193	40	158361	158392	other	kind
src/compiler/program.ts	3284	116	163291	163343	other	-
src/compiler/program.ts	3284	116	163291	163308	other	-
src/compiler/program.ts	3313	10	164873	164920	upcast	-
src/compiler/program.ts	3314	10	164965	164992	upcast	-
src/compiler/program.ts	3388	22	169490	169516	upcast	-
src/compiler/program.ts	3409	38	171208	171255	other	-
src/compiler/program.ts	3409	39	171209	171234	upcast	-
src/compiler/program.ts	3526	31	177871	177893	other	-
src/compiler/program.ts	4028	26	204751	204827	other	-
src/compiler/program.ts	4379	63	226773	226794	other	-
src/compiler/program.ts	4594	46	239196	239231	structural interface downcast without tag	-
src/compiler/program.ts	4787	42	250463	250512	other	-
src/compiler/program.ts	4788	39	250556	250606	other	-
src/compiler/program.ts	4976	39	259940	260008	other	-
src/compiler/programDiagnostics.ts	191	36	8050	8117	structural interface downcast without tag	-
src/compiler/programDiagnostics.ts	393	67	19260	19292	structural interface downcast without tag	-
src/compiler/resolutionCache.ts	261	16	9690	9729	other	-
src/compiler/resolutionCache.ts	365	65	14024	14046	other	-
src/compiler/resolutionCache.ts	367	73	14283	14305	other	-
src/compiler/resolutionCache.ts	489	40	19451	19473	other	-
src/compiler/resolutionCache.ts	491	44	19549	19571	other	-
src/compiler/resolutionCache.ts	563	14	22846	22881	other	-
src/compiler/resolutionCache.ts	921	42	42065	42095	upcast	-
src/compiler/resolutionCache.ts	1556	75	73931	73950	other	-
src/compiler/resolutionCache.ts	1713	10	81811	81864	structural interface downcast without tag	-
src/compiler/resolutionCache.ts	1714	10	81908	81977	structural interface downcast without tag	-
src/compiler/scanner.ts	4063	67	211732	211745	other	-
src/compiler/scanner.ts	4063	112	211777	211790	other	-
src/compiler/scanner.ts	4073	59	212215	212418	as const	-
src/compiler/scanner.ts	4097	24	218730	218755	upcast	-
src/compiler/symbolWalker.ts	88	36	3014	3032	structural interface downcast without tag	-
src/compiler/symbolWalker.ts	91	40	3195	3216	structural interface downcast without tag	-
src/compiler/symbolWalker.ts	94	37	3332	3350	structural interface downcast without tag	-
src/compiler/symbolWalker.ts	97	40	3494	3515	structural interface downcast without tag	-
src/compiler/symbolWalker.ts	104	36	3796	3817	upcast	-
src/compiler/symbolWalker.ts	107	46	3944	3975	structural interface downcast without tag	-
src/compiler/symbolWalker.ts	110	32	4074	4091	structural interface downcast without tag	-
src/compiler/symbolWalker.ts	113	40	4206	4231	structural interface downcast without tag	-
src/compiler/symbolWalker.ts	207	22	7823	7831	other	-
src/compiler/symbolWalker.ts	207	41	7842	7850	other	-
src/compiler/symbolWalker.ts	208	35	7925	7957	other	-
src/compiler/symbolWalker.ts	208	36	7926	7934	other	-
src/compiler/sys.ts	75	10	1760	1772	other	-
src/compiler/sys.ts	76	10	1875	1887	other	-
src/compiler/sys.ts	282	23	9605	9666	structural interface downcast without tag	-
src/compiler/sys.ts	282	23	9605	9642	upcast	-
src/compiler/sys.ts	418	25	16027	17980	structural interface downcast without tag	-
src/compiler/sys.ts	514	17	20088	20331	other	-
src/compiler/sys.ts	620	33	23961	24044	other	-
src/compiler/sys.ts	717	30	28094	28114	other	-
src/compiler/sys.ts	1487	33	65481	65515	as const	-
src/compiler/sys.ts	1594	192	70461	70475	other	-
src/compiler/sys.ts	1597	22	70580	70648	other	-
src/compiler/sys.ts	1609	32	71025	71104	other	-
src/compiler/sys.ts	1609	33	71026	71047	other	-
src/compiler/tracing.ts	231	34	8673	8684	other	-
src/compiler/tracing.ts	247	43	9371	9396	structural interface downcast without tag	-
src/compiler/tracing.ts	256	39	9784	9805	structural interface downcast without tag	-
src/compiler/tracing.ts	266	41	10261	10284	structural interface downcast without tag	-
src/compiler/tracing.ts	277	42	10844	10868	structural interface downcast without tag	-
src/compiler/tracing.ts	286	43	11253	11278	structural interface downcast without tag	-
src/compiler/tracing.ts	296	43	11764	11789	structural interface downcast without tag	-
src/compiler/tracing.ts	317	33	12781	12792	other	-
src/compiler/tracing.ts	321	63	13096	13113	structural interface downcast without tag	-
src/compiler/tracing.ts	322	77	13227	13251	structural interface downcast without tag	-
src/compiler/tracing.ts	324	62	13427	13444	structural interface downcast without tag	-
src/compiler/transformer.ts	338	108	12491	12516	other	-
src/compiler/transformer.ts	338	108	12491	12502	other	-
src/compiler/transformers/classFields.ts	469	46	15307	15331	other	kind
src/compiler/transformers/classFields.ts	471	45	15425	15448	other	kind
src/compiler/transformers/classFields.ts	476	48	15730	15756	other	kind
src/compiler/transformers/classFields.ts	478	47	15854	15879	other	kind
src/compiler/transformers/classFields.ts	480	49	15981	16008	other	kind
src/compiler/transformers/classFields.ts	482	50	16101	16129	other	kind
src/compiler/transformers/classFields.ts	484	44	16221	16243	other	kind
src/compiler/transformers/classFields.ts	486	46	16339	16363	other	kind
src/compiler/transformers/classFields.ts	488	47	16461	16486	other	kind
src/compiler/transformers/classFields.ts	490	54	16598	16630	other	kind
src/compiler/transformers/classFields.ts	492	53	16740	16771	other	kind
src/compiler/transformers/classFields.ts	495	57	16936	16990	other	kind
src/compiler/transformers/classFields.ts	497	46	17107	17131	other	kind
src/compiler/transformers/classFields.ts	499	53	17262	17293	other	kind
src/compiler/transformers/classFields.ts	501	44	17406	17428	other	kind
src/compiler/transformers/classFields.ts	503	49	17530	17557	other	kind
src/compiler/transformers/classFields.ts	505	54	17669	17701	other	kind
src/compiler/transformers/classFields.ts	507	42	17789	17809	other	kind
src/compiler/transformers/classFields.ts	509	44	17898	17920	other	kind
src/compiler/transformers/classFields.ts	524	21	18631	18731	other	kind
src/compiler/transformers/classFields.ts	545	57	19376	19430	other	kind
src/compiler/transformers/classFields.ts	547	46	19546	19570	other	kind
src/compiler/transformers/classFields.ts	549	49	19692	19719	other	kind
src/compiler/transformers/classFields.ts	551	53	19849	19880	other	kind
src/compiler/transformers/classFields.ts	565	73	20406	20441	other	kind
src/compiler/transformers/classFields.ts	578	47	20866	20891	other	kind
src/compiler/transformers/classFields.ts	591	21	21252	21282	other	kind
src/compiler/transformers/classFields.ts	593	21	21355	21385	other	kind
src/compiler/transformers/classFields.ts	599	21	21611	21658	other	kind
src/compiler/transformers/classFields.ts	601	21	21736	21783	other	kind
src/compiler/transformers/classFields.ts	605	21	21927	21954	other	kind
src/compiler/transformers/classFields.ts	607	21	22024	22051	other	kind
src/compiler/transformers/classFields.ts	611	21	22203	22238	other	kind
src/compiler/transformers/classFields.ts	613	21	22316	22351	other	kind
src/compiler/transformers/classFields.ts	616	50	22474	22502	other	kind
src/compiler/transformers/classFields.ts	630	50	22981	23009	other	kind
src/compiler/transformers/classFields.ts	642	50	23382	23409	other	kind
src/compiler/transformers/classFields.ts	2050	35	93654	93700	structural interface downcast without tag	-
src/compiler/transformers/classFields.ts	2551	87	117864	117912	structural interface downcast without tag	-
src/compiler/transformers/classFields.ts	2599	65	120359	120391	other	-
src/compiler/transformers/classFields.ts	2971	22	137407	137459	other	-
src/compiler/transformers/classFields.ts	3064	20	142043	142149	structural interface downcast without tag	-
src/compiler/transformers/classFields.ts	3066	16	142178	142244	other	kind
src/compiler/transformers/classFields.ts	3250	41	151534	151552	structural interface downcast without tag	-
src/compiler/transformers/classFields.ts	3258	55	151778	151796	other	kind
src/compiler/transformers/classFields.ts	3260	49	151890	151912	other	kind
src/compiler/transformers/classThis.ts	48	12	1734	1767	other	-
src/compiler/transformers/declarations.ts	584	52	26053	26067	tagged union downcast	kind
src/compiler/transformers/declarations.ts	662	51	29611	29662	other	-
src/compiler/transformers/declarations.ts	723	16	32739	32781	other	-
src/compiler/transformers/declarations.ts	734	47	33372	33399	other	kind
src/compiler/transformers/declarations.ts	971	150	45194	45203	upcast	-
src/compiler/transformers/declarations.ts	988	36	46205	46289	other	-
src/compiler/transformers/declarations.ts	1029	48	48927	48965	other	-
src/compiler/transformers/declarations.ts	1044	36	49571	49591	upcast	-
src/compiler/transformers/declarations.ts	1260	115	61952	61965	upcast	-
src/compiler/transformers/declarations.ts	1271	71	62494	62514	other	-
src/compiler/transformers/declarations.ts	1410	36	68860	68880	upcast	-
src/compiler/transformers/declarations.ts	1416	94	69153	69192	upcast	-
src/compiler/transformers/declarations.ts	1463	42	71663	71720	other	kind
src/compiler/transformers/declarations.ts	1590	25	79581	79599	other	-
src/compiler/transformers/declarations.ts	1739	114	89422	89435	upcast	-
src/compiler/transformers/declarations.ts	1751	17	89931	89943	other	-
src/compiler/transformers/declarations.ts	1804	26	92324	92348	other	-
src/compiler/transformers/declarations.ts	1805	37	92393	92417	other	-
src/compiler/transformers/declarations.ts	1806	22	92487	92535	structural interface downcast without tag	-
src/compiler/transformers/declarations.ts	1806	22	92487	92511	other	-
src/compiler/transformers/declarations.ts	1840	81	94140	94165	other	kind
src/compiler/transformers/declarations/diagnostics.ts	179	24	5506	5530	other	-
src/compiler/transformers/declarations/diagnostics.ts	210	24	7537	7561	other	-
src/compiler/transformers/declarations/diagnostics.ts	267	142	10968	10980	upcast	-
src/compiler/transformers/declarations/diagnostics.ts	313	24	14540	14564	other	-
src/compiler/transformers/declarations/diagnostics.ts	351	25	17204	17228	other	-
src/compiler/transformers/declarations/diagnostics.ts	352	24	17261	17285	other	-
src/compiler/transformers/declarations/diagnostics.ts	418	25	21755	21779	upcast	-
src/compiler/transformers/declarations/diagnostics.ts	427	24	22247	22271	other	-
src/compiler/transformers/declarations/diagnostics.ts	560	24	30711	30735	other	-
src/compiler/transformers/declarations/diagnostics.ts	582	44	31855	31888	other	-
src/compiler/transformers/declarations/diagnostics.ts	590	24	32158	32182	other	-
src/compiler/transformers/declarations/diagnostics.ts	599	92	32718	32746	tagged union downcast	kind
src/compiler/transformers/declarations/diagnostics.ts	600	78	32832	32860	tagged union downcast	kind
src/compiler/transformers/declarations/diagnostics.ts	703	46	39367	39385	upcast	-
src/compiler/transformers/declarations/diagnostics.ts	716	16	39966	40107	upcast	-
src/compiler/transformers/destructuring.ts	187	40	7268	7288	tagged union downcast	kind
src/compiler/transformers/destructuring.ts	189	79	7415	7435	upcast	-
src/compiler/transformers/destructuring.ts	418	88	19245	19280	other	kind
src/compiler/transformers/destructuring.ts	493	73	23605	23664	upcast	-
src/compiler/transformers/es2015.ts	574	18	19747	19770	other	kind
src/compiler/transformers/es2015.ts	628	38	22381	22404	other	kind
src/compiler/transformers/es2015.ts	639	46	22823	22847	other	kind
src/compiler/transformers/es2015.ts	642	45	22943	22966	other	kind
src/compiler/transformers/es2015.ts	645	39	23050	23078	other	kind
src/compiler/transformers/es2015.ts	648	49	23182	23209	other	kind
src/compiler/transformers/es2015.ts	651	43	23301	23322	other	kind
src/compiler/transformers/es2015.ts	654	48	23424	23450	other	kind
src/compiler/transformers/es2015.ts	657	49	23554	23581	other	kind
src/compiler/transformers/es2015.ts	660	40	23667	23685	other	kind
src/compiler/transformers/es2015.ts	663	53	23797	23828	other	kind
src/compiler/transformers/es2015.ts	666	45	23924	23947	other	kind
src/compiler/transformers/es2015.ts	669	39	24031	24048	other	kind
src/compiler/transformers/es2015.ts	672	35	24124	24137	other	kind
src/compiler/transformers/es2015.ts	676	54	24315	24347	other	kind
src/compiler/transformers/es2015.ts	679	46	24445	24469	other	kind
src/compiler/transformers/es2015.ts	683	48	24609	24645	other	kind
src/compiler/transformers/es2015.ts	686	42	24776	24796	other	kind
src/compiler/transformers/es2015.ts	689	44	24931	24953	other	kind
src/compiler/transformers/es2015.ts	692	44	25088	25110	other	kind
src/compiler/transformers/es2015.ts	695	49	25255	25282	other	kind
src/compiler/transformers/es2015.ts	698	53	25394	25425	other	kind
src/compiler/transformers/es2015.ts	701	41	25513	25532	other	kind
src/compiler/transformers/es2015.ts	704	57	25652	25687	other	kind
src/compiler/transformers/es2015.ts	707	50	25793	25821	other	kind
src/compiler/transformers/es2015.ts	710	52	25931	25961	other	kind
src/compiler/transformers/es2015.ts	713	44	26055	26077	other	kind
src/compiler/transformers/es2015.ts	716	43	26169	26190	other	kind
src/compiler/transformers/es2015.ts	719	53	26302	26333	other	kind
src/compiler/transformers/es2015.ts	722	46	26457	26481	other	kind
src/compiler/transformers/es2015.ts	725	49	26611	26638	other	kind
src/compiler/transformers/es2015.ts	731	45	26905	26930	structural interface downcast without tag	-
src/compiler/transformers/es2015.ts	734	43	27022	27043	other	kind
src/compiler/transformers/es2015.ts	737	44	27137	27159	other	kind
src/compiler/transformers/es2015.ts	740	54	27273	27305	other	kind
src/compiler/transformers/es2015.ts	743	48	27407	27433	other	kind
src/compiler/transformers/es2015.ts	746	45	27529	27552	other	kind
src/compiler/transformers/es2015.ts	749	43	27644	27665	other	kind
src/compiler/transformers/es2015.ts	752	42	27755	27778	other	kind
src/compiler/transformers/es2015.ts	758	42	27990	28010	other	kind
src/compiler/transformers/es2015.ts	761	47	28110	28135	other	kind
src/compiler/transformers/es2015.ts	765	49	28273	28300	other	kind
src/compiler/transformers/es2015.ts	768	47	28400	28425	other	kind
src/compiler/transformers/es2015.ts	771	45	28521	28544	other	kind
src/compiler/transformers/es2015.ts	774	44	28638	28660	other	kind
src/compiler/transformers/es2015.ts	826	16	31127	31250	other	-
src/compiler/transformers/es2015.ts	1187	16	47800	47828	upcast	-
src/compiler/transformers/es2015.ts	1237	31	50033	50102	other	kind
src/compiler/transformers/es2015.ts	1494	31	63408	63462	other	kind
src/compiler/transformers/es2015.ts	1643	31	70691	70760	other	kind
src/compiler/transformers/es2015.ts	1729	31	74418	74487	other	kind
src/compiler/transformers/es2015.ts	1803	33	77953	77977	other	kind
src/compiler/transformers/es2015.ts	1811	52	78419	78437	other	kind
src/compiler/transformers/es2015.ts	2258	79	98372	98403	other	kind
src/compiler/transformers/es2015.ts	2262	116	98605	98632	other	kind
src/compiler/transformers/es2015.ts	2267	80	98844	98873	other	kind
src/compiler/transformers/es2015.ts	2957	48	131892	131928	other	kind
src/compiler/transformers/es2015.ts	2959	42	132043	132063	other	kind
src/compiler/transformers/es2015.ts	2961	44	132182	132204	other	kind
src/compiler/transformers/es2015.ts	2963	44	132323	132345	other	kind
src/compiler/transformers/es2015.ts	3490	44	158220	158240	other	kind
src/compiler/transformers/es2015.ts	3492	46	158374	158396	other	kind
src/compiler/transformers/es2015.ts	3494	46	158509	158531	other	kind
src/compiler/transformers/es2015.ts	3496	43	158638	158657	other	kind
src/compiler/transformers/es2015.ts	3498	46	158770	158792	other	kind
src/compiler/transformers/es2015.ts	3557	38	161580	161634	other	kind
src/compiler/transformers/es2015.ts	3559	39	161783	161821	other	kind
src/compiler/transformers/es2015.ts	3947	139	181349	181369	tagged union downcast	kind
src/compiler/transformers/es2015.ts	4684	60	215871	215899	other	-
src/compiler/transformers/es2015.ts	4722	63	217454	217475	other	-
src/compiler/transformers/es2015.ts	4824	16	221325	221451	other	-
src/compiler/transformers/es2015.ts	4948	25	226708	226739	structural interface downcast without tag	-
src/compiler/transformers/es2015.ts	4949	64	226819	226845	structural interface downcast without tag	-
src/compiler/transformers/es2015.ts	4963	55	227169	227187	other	kind
src/compiler/transformers/es2015.ts	4966	46	227280	227305	structural interface downcast without tag	-
src/compiler/transformers/es2015.ts	5047	38	230528	230560	other	kind
src/compiler/transformers/es2015.ts	5052	29	230757	230794	other	kind
src/compiler/transformers/es2015.ts	5057	49	230991	231028	other	kind
src/compiler/transformers/es2015.ts	5062	29	231227	231256	other	kind
src/compiler/transformers/es2016.ts	43	46	1131	1155	other	kind
src/compiler/transformers/es2017.ts	225	81	6786	6804	other	kind
src/compiler/transformers/es2017.ts	243	45	7502	7525	other	kind
src/compiler/transformers/es2017.ts	246	118	7696	7721	other	kind
src/compiler/transformers/es2017.ts	249	120	7896	7923	other	kind
src/compiler/transformers/es2017.ts	252	119	8096	8122	other	kind
src/compiler/transformers/es2017.ts	255	84	8255	8276	other	kind
src/compiler/transformers/es2017.ts	264	49	8733	8764	other	kind
src/compiler/transformers/es2017.ts	270	123	9114	9144	other	kind
src/compiler/transformers/es2017.ts	272	123	9312	9342	other	kind
src/compiler/transformers/es2017.ts	274	123	9510	9540	other	kind
src/compiler/transformers/es2017.ts	800	58	33890	33908	other	-
src/compiler/transformers/es2017.ts	959	41	41833	41851	structural interface downcast without tag	-
src/compiler/transformers/es2017.ts	968	59	42097	42129	other	kind
src/compiler/transformers/es2017.ts	970	58	42244	42275	other	kind
src/compiler/transformers/es2017.ts	972	49	42372	42394	other	kind
src/compiler/transformers/es2018.ts	276	45	8614	8637	other	kind
src/compiler/transformers/es2018.ts	278	45	8731	8754	other	kind
src/compiler/transformers/es2018.ts	280	45	8848	8871	other	kind
src/compiler/transformers/es2018.ts	282	46	8967	8991	other	kind
src/compiler/transformers/es2018.ts	284	53	9101	9132	other	kind
src/compiler/transformers/es2018.ts	286	46	9228	9252	other	kind
src/compiler/transformers/es2018.ts	288	49	9380	9407	other	kind
src/compiler/transformers/es2018.ts	290	41	9519	9538	other	kind
src/compiler/transformers/es2018.ts	292	47	9636	9661	other	kind
src/compiler/transformers/es2018.ts	294	49	9763	9790	other	kind
src/compiler/transformers/es2018.ts	305	44	10270	10292	other	kind
src/compiler/transformers/es2018.ts	309	21	10486	10506	other	kind
src/compiler/transformers/es2018.ts	314	44	10745	10767	other	kind
src/compiler/transformers/es2018.ts	318	21	10929	10959	other	kind
src/compiler/transformers/es2018.ts	325	21	11263	11288	other	kind
src/compiler/transformers/es2018.ts	332	21	11591	11621	other	kind
src/compiler/transformers/es2018.ts	339	21	11924	11954	other	kind
src/compiler/transformers/es2018.ts	346	21	12262	12289	other	kind
src/compiler/transformers/es2018.ts	353	21	12595	12621	other	kind
src/compiler/transformers/es2018.ts	360	21	12917	12938	other	kind
src/compiler/transformers/es2018.ts	365	39	13157	13185	other	kind
src/compiler/transformers/es2018.ts	367	49	13287	13314	other	kind
src/compiler/transformers/es2018.ts	369	53	13424	13455	other	kind
src/compiler/transformers/es2018.ts	371	54	13593	13625	other	kind
src/compiler/transformers/es2018.ts	378	49	14078	14109	other	kind
src/compiler/transformers/es2018.ts	474	66	18229	18256	other	kind
src/compiler/transformers/es2018.ts	475	44	18319	18346	other	kind
src/compiler/transformers/es2018.ts	745	42	31504	31555	structural interface downcast without tag	-
src/compiler/transformers/es2018.ts	1376	44	65590	65609	upcast	-
src/compiler/transformers/es2018.ts	1394	41	66233	66251	structural interface downcast without tag	-
src/compiler/transformers/es2018.ts	1402	59	66495	66527	other	kind
src/compiler/transformers/es2018.ts	1404	58	66642	66673	other	kind
src/compiler/transformers/es2018.ts	1406	49	66770	66792	other	kind
src/compiler/transformers/es2019.ts	35	41	962	981	other	kind
src/compiler/transformers/es2020.ts	64	64	1618	1640	other	kind
src/compiler/transformers/es2020.ts	77	22	2317	2341	other	kind
src/compiler/transformers/es2020.ts	78	65	2467	2491	other	kind
src/compiler/transformers/es2020.ts	82	46	2670	2694	other	kind
src/compiler/transformers/es2020.ts	155	64	6759	6790	other	kind
src/compiler/transformers/es2020.ts	158	74	7002	7026	other	kind
src/compiler/transformers/es2020.ts	160	55	7155	7177	other	kind
src/compiler/transformers/esDecorators.ts	432	46	15019	15043	other	kind
src/compiler/transformers/esDecorators.ts	434	45	15137	15160	other	kind
src/compiler/transformers/esDecorators.ts	440	50	15511	15539	other	kind
src/compiler/transformers/esDecorators.ts	444	46	15733	15757	other	kind
src/compiler/transformers/esDecorators.ts	446	48	15878	15904	other	kind
src/compiler/transformers/esDecorators.ts	448	49	16006	16033	other	kind
src/compiler/transformers/esDecorators.ts	450	44	16125	16147	other	kind
src/compiler/transformers/esDecorators.ts	452	46	16243	16267	other	kind
src/compiler/transformers/esDecorators.ts	454	44	16356	16378	other	kind
src/compiler/transformers/esDecorators.ts	456	42	16466	16486	other	kind
src/compiler/transformers/esDecorators.ts	458	49	16588	16615	other	kind
src/compiler/transformers/esDecorators.ts	460	49	16717	16744	other	kind
src/compiler/transformers/esDecorators.ts	462	53	16875	16906	other	kind
src/compiler/transformers/esDecorators.ts	464	56	17043	17077	other	kind
src/compiler/transformers/esDecorators.ts	466	44	17190	17212	other	kind
src/compiler/transformers/esDecorators.ts	468	54	17324	17356	other	kind
src/compiler/transformers/esDecorators.ts	471	57	17521	17575	other	kind
src/compiler/transformers/esDecorators.ts	473	54	17708	17740	other	kind
src/compiler/transformers/esDecorators.ts	475	53	17850	17881	other	kind
src/compiler/transformers/esDecorators.ts	477	50	17985	18013	other	kind
src/compiler/transformers/esDecorators.ts	516	52	19354	19384	other	kind
src/compiler/transformers/esDecorators.ts	518	47	19482	19507	other	kind
src/compiler/transformers/esDecorators.ts	520	52	19604	19634	other	kind
src/compiler/transformers/esDecorators.ts	522	52	19731	19761	other	kind
src/compiler/transformers/esDecorators.ts	524	49	19863	19890	other	kind
src/compiler/transformers/esDecorators.ts	526	57	20008	20043	other	kind
src/compiler/transformers/esDecorators.ts	536	57	20388	20442	other	kind
src/compiler/transformers/esDecorators.ts	538	46	20558	20582	other	kind
src/compiler/transformers/esDecorators.ts	540	49	20704	20731	other	kind
src/compiler/transformers/esDecorators.ts	542	53	20861	20892	other	kind
src/compiler/transformers/esDecorators.ts	2071	20	106096	106209	other	-
src/compiler/transformers/esDecorators.ts	2074	20	106258	106324	other	kind
src/compiler/transformers/esnext.ts	112	40	3069	3087	other	kind
src/compiler/transformers/esnext.ts	115	35	3163	3176	other	kind
src/compiler/transformers/esnext.ts	118	42	3266	3286	other	kind
src/compiler/transformers/esnext.ts	121	44	3380	3402	other	kind
src/compiler/transformers/esnext.ts	410	50	16298	16322	other	kind
src/compiler/transformers/esnext.ts	412	50	16426	16450	other	kind
src/compiler/transformers/esnext.ts	414	51	16556	16581	other	kind
src/compiler/transformers/generators.ts	444	41	18290	18309	other	kind
src/compiler/transformers/generators.ts	446	44	18401	18423	other	kind
src/compiler/transformers/generators.ts	448	45	18517	18540	other	kind
src/compiler/transformers/generators.ts	450	46	18636	18660	other	kind
src/compiler/transformers/generators.ts	464	49	19136	19163	other	kind
src/compiler/transformers/generators.ts	466	48	19263	19289	other	kind
src/compiler/transformers/generators.ts	469	49	19425	19452	other	kind
src/compiler/transformers/generators.ts	471	47	19550	19575	other	kind
src/compiler/transformers/generators.ts	473	42	19663	19683	other	kind
src/compiler/transformers/generators.ts	475	44	19775	19797	other	kind
src/compiler/transformers/generators.ts	477	44	19889	19911	other	kind
src/compiler/transformers/generators.ts	479	47	20009	20034	other	kind
src/compiler/transformers/generators.ts	481	45	20128	20151	other	kind
src/compiler/transformers/generators.ts	503	46	20983	21007	other	kind
src/compiler/transformers/generators.ts	505	49	21109	21136	other	kind
src/compiler/transformers/generators.ts	507	51	21242	21271	other	kind
src/compiler/transformers/generators.ts	509	45	21365	21388	other	kind
src/compiler/transformers/generators.ts	511	52	21496	21526	other	kind
src/compiler/transformers/generators.ts	513	53	21636	21667	other	kind
src/compiler/transformers/generators.ts	515	53	21777	21808	other	kind
src/compiler/transformers/generators.ts	517	44	21900	21922	other	kind
src/compiler/transformers/generators.ts	519	43	22012	22033	other	kind
src/compiler/transformers/generators.ts	533	49	22447	22474	other	kind
src/compiler/transformers/generators.ts	536	48	22576	22602	other	kind
src/compiler/transformers/generators.ts	738	42	30792	30819	tagged union downcast	kind
src/compiler/transformers/generators.ts	799	25	32878	32910	other	kind
src/compiler/transformers/generators.ts	800	71	32983	33015	other	kind
src/compiler/transformers/generators.ts	801	26	33093	33125	other	kind
src/compiler/transformers/generators.ts	817	68	33700	33731	other	kind
src/compiler/transformers/generators.ts	817	147	33779	33810	other	kind
src/compiler/transformers/generators.ts	817	276	33908	33939	other	kind
src/compiler/transformers/generators.ts	1101	65	44797	44815	upcast	-
src/compiler/transformers/generators.ts	1169	68	47336	47354	upcast	-
src/compiler/transformers/generators.ts	1309	46	52937	52950	other	kind
src/compiler/transformers/generators.ts	1311	60	53063	53090	other	kind
src/compiler/transformers/generators.ts	1313	52	53187	53206	other	kind
src/compiler/transformers/generators.ts	1315	52	53303	53322	other	kind
src/compiler/transformers/generators.ts	1317	55	53425	53447	other	kind
src/compiler/transformers/generators.ts	1319	53	53546	53566	other	kind
src/compiler/transformers/generators.ts	1321	55	53669	53691	other	kind
src/compiler/transformers/generators.ts	1323	58	53800	53825	other	kind
src/compiler/transformers/generators.ts	1325	55	53928	53950	other	kind
src/compiler/transformers/generators.ts	1327	56	54055	54078	other	kind
src/compiler/transformers/generators.ts	1329	54	54179	54200	other	kind
src/compiler/transformers/generators.ts	1331	56	54305	54328	other	kind
src/compiler/transformers/generators.ts	1333	57	54435	54459	other	kind
src/compiler/transformers/generators.ts	1335	55	54562	54584	other	kind
src/compiler/transformers/generators.ts	1337	53	54683	54703	other	kind
src/compiler/transformers/generators.ts	1358	44	55463	55490	tagged union downcast	kind
src/compiler/transformers/generators.ts	1390	35	56726	56768	tagged union downcast	kind
src/compiler/transformers/generators.ts	1592	42	64021	64048	tagged union downcast	kind
src/compiler/transformers/generators.ts	1681	46	67586	67613	tagged union downcast	kind
src/compiler/transformers/generators.ts	1684	28	67665	67730	tagged union downcast	kind
src/compiler/transformers/generators.ts	1726	42	69037	69064	tagged union downcast	kind
src/compiler/transformers/generators.ts	1729	55	69139	69185	tagged union downcast	kind
src/compiler/transformers/generators.ts	2055	41	80630	80648	structural interface downcast without tag	-
src/compiler/transformers/generators.ts	2090	20	82050	82068	other	kind
src/compiler/transformers/generators.ts	2201	23	85280	85303	tagged union downcast	kind
src/compiler/transformers/generators.ts	2237	33	86398	86425	tagged union downcast	kind
src/compiler/transformers/generators.ts	2249	27	86896	86925	other	-
src/compiler/transformers/generators.ts	2271	27	87693	87722	other	-
src/compiler/transformers/generators.ts	2288	27	88282	88310	tagged union downcast	kind
src/compiler/transformers/generators.ts	2342	23	90093	90118	tagged union downcast	kind
src/compiler/transformers/generators.ts	2381	23	91325	91350	tagged union downcast	kind
src/compiler/transformers/generators.ts	2409	23	92097	92123	tagged union downcast	kind
src/compiler/transformers/generators.ts	3049	35	114726	114746	other	-
src/compiler/transformers/generators.ts	3055	36	114921	114942	other	-
src/compiler/transformers/generators.ts	3055	59	114944	114965	other	-
src/compiler/transformers/generators.ts	3057	35	115045	115061	other	-
src/compiler/transformers/generators.ts	3059	43	115157	115173	other	-
src/compiler/transformers/generators.ts	3059	61	115175	115196	other	-
src/compiler/transformers/generators.ts	3061	44	115294	115310	other	-
src/compiler/transformers/generators.ts	3061	62	115312	115333	other	-
src/compiler/transformers/generators.ts	3063	35	115413	115434	other	-
src/compiler/transformers/generators.ts	3065	39	115522	115543	other	-
src/compiler/transformers/generators.ts	3067	36	115625	115646	other	-
src/compiler/transformers/generators.ts	3069	35	115726	115747	other	-
src/compiler/transformers/jsx.ts	114	48	3165	3223	other	-
src/compiler/transformers/jsx.ts	221	40	8862	8880	other	kind
src/compiler/transformers/jsx.ts	224	51	9007	9036	other	kind
src/compiler/transformers/jsx.ts	227	41	9143	9162	other	kind
src/compiler/transformers/jsx.ts	230	43	9273	9294	other	kind
src/compiler/transformers/jsx.ts	308	54	12910	12951	tagged union downcast	kind
src/compiler/transformers/jsx.ts	319	25	13725	13856	other	-
src/compiler/transformers/jsx.ts	342	74	14885	14926	tagged union downcast	kind
src/compiler/transformers/jsx.ts	463	162	20571	20597	tagged union downcast	kind
src/compiler/transformers/jsx.ts	463	236	20645	20665	tagged union downcast	kind
src/compiler/transformers/jsx.ts	485	41	21779	21851	other	kind
src/compiler/transformers/legacyDecorators.ts	133	46	3542	3566	other	kind
src/compiler/transformers/legacyDecorators.ts	135	45	3660	3683	other	kind
src/compiler/transformers/legacyDecorators.ts	137	52	3780	3810	other	kind
src/compiler/transformers/legacyDecorators.ts	139	47	3908	3933	other	kind
src/compiler/transformers/legacyDecorators.ts	141	52	4030	4060	other	kind
src/compiler/transformers/legacyDecorators.ts	143	52	4157	4187	other	kind
src/compiler/transformers/legacyDecorators.ts	145	49	4289	4316	other	kind
src/compiler/transformers/legacyDecorators.ts	147	50	4409	4437	other	kind
src/compiler/transformers/legacyDecorators.ts	524	48	22897	22922	other	-
src/compiler/transformers/legacyDecorators.ts	804	41	34919	34937	structural interface downcast without tag	-
src/compiler/transformers/legacyDecorators.ts	812	55	35163	35181	other	kind
src/compiler/transformers/module/esnextAnd2015.ts	149	111	6034	6065	other	kind
src/compiler/transformers/module/esnextAnd2015.ts	151	46	6173	6197	other	kind
src/compiler/transformers/module/esnextAnd2015.ts	153	36	6284	6309	other	kind
src/compiler/transformers/module/esnextAnd2015.ts	156	47	6466	6491	other	kind
src/compiler/transformers/module/module.ts	298	29	10401	10439	upcast	-
src/compiler/transformers/module/module.ts	635	178	28018	28056	upcast	-
src/compiler/transformers/module/module.ts	713	55	31311	31336	other	kind
src/compiler/transformers/module/module.ts	716	61	31456	31487	other	kind
src/compiler/transformers/module/module.ts	719	55	31595	31620	other	kind
src/compiler/transformers/module/module.ts	722	54	31726	31750	other	kind
src/compiler/transformers/module/module.ts	737	47	32181	32206	other	kind
src/compiler/transformers/module/module.ts	740	49	32310	32337	other	kind
src/compiler/transformers/module/module.ts	743	46	32435	32459	other	kind
src/compiler/transformers/module/module.ts	746	42	32549	32569	other	kind
src/compiler/transformers/module/module.ts	749	44	32684	32706	other	kind
src/compiler/transformers/module/module.ts	752	44	32800	32822	other	kind
src/compiler/transformers/module/module.ts	755	41	32910	32929	other	kind
src/compiler/transformers/module/module.ts	758	44	33023	33045	other	kind
src/compiler/transformers/module/module.ts	761	46	33143	33167	other	kind
src/compiler/transformers/module/module.ts	764	43	33259	33280	other	kind
src/compiler/transformers/module/module.ts	767	41	33368	33387	other	kind
src/compiler/transformers/module/module.ts	770	45	33483	33506	other	kind
src/compiler/transformers/module/module.ts	773	39	33590	33607	other	kind
src/compiler/transformers/module/module.ts	776	40	33693	33711	other	kind
src/compiler/transformers/module/module.ts	779	43	33803	33824	other	kind
src/compiler/transformers/module/module.ts	782	42	33914	33934	other	kind
src/compiler/transformers/module/module.ts	785	41	34022	34041	other	kind
src/compiler/transformers/module/module.ts	788	35	34117	34130	other	kind
src/compiler/transformers/module/module.ts	804	42	34919	34939	other	kind
src/compiler/transformers/module/module.ts	806	49	35063	35090	other	kind
src/compiler/transformers/module/module.ts	808	53	35200	35231	other	kind
src/compiler/transformers/module/module.ts	810	56	35365	35399	other	kind
src/compiler/transformers/module/module.ts	820	61	35979	36001	other	kind
src/compiler/transformers/module/module.ts	830	57	36437	36491	other	kind
src/compiler/transformers/module/module.ts	1439	38	64273	64337	other	-
src/compiler/transformers/module/module.ts	1880	88	84473	84515	other	-
src/compiler/transformers/module/module.ts	2261	33	101022	101040	other	kind
src/compiler/transformers/module/module.ts	2291	41	101887	101905	structural interface downcast without tag	-
src/compiler/transformers/module/module.ts	2329	55	103452	103470	other	kind
src/compiler/transformers/module/module.ts	2331	49	103567	103589	other	kind
src/compiler/transformers/module/module.ts	2333	59	103706	103738	other	kind
src/compiler/transformers/module/module.ts	2335	51	103839	103863	other	kind
src/compiler/transformers/module/system.ts	732	47	30921	30946	other	kind
src/compiler/transformers/module/system.ts	735	53	31058	31089	other	kind
src/compiler/transformers/module/system.ts	738	47	31189	31214	other	kind
src/compiler/transformers/module/system.ts	741	46	31312	31336	other	kind
src/compiler/transformers/module/system.ts	1234	47	52472	52497	other	kind
src/compiler/transformers/module/system.ts	1237	49	52601	52628	other	kind
src/compiler/transformers/module/system.ts	1240	46	52726	52750	other	kind
src/compiler/transformers/module/system.ts	1243	42	52840	52860	other	kind
src/compiler/transformers/module/system.ts	1246	44	52975	52997	other	kind
src/compiler/transformers/module/system.ts	1249	44	53091	53113	other	kind
src/compiler/transformers/module/system.ts	1252	41	53201	53220	other	kind
src/compiler/transformers/module/system.ts	1255	44	53314	53336	other	kind
src/compiler/transformers/module/system.ts	1258	46	53434	53458	other	kind
src/compiler/transformers/module/system.ts	1261	43	53550	53571	other	kind
src/compiler/transformers/module/system.ts	1264	41	53659	53678	other	kind
src/compiler/transformers/module/system.ts	1267	45	53774	53797	other	kind
src/compiler/transformers/module/system.ts	1270	39	53881	53898	other	kind
src/compiler/transformers/module/system.ts	1273	40	53984	54002	other	kind
src/compiler/transformers/module/system.ts	1276	43	54094	54115	other	kind
src/compiler/transformers/module/system.ts	1279	42	54205	54225	other	kind
src/compiler/transformers/module/system.ts	1282	41	54313	54332	other	kind
src/compiler/transformers/module/system.ts	1285	35	54408	54421	other	kind
src/compiler/transformers/module/system.ts	1564	42	64429	64449	other	kind
src/compiler/transformers/module/system.ts	1566	49	64573	64600	other	kind
src/compiler/transformers/module/system.ts	1568	53	64710	64741	other	kind
src/compiler/transformers/module/system.ts	1570	56	64875	64909	other	kind
src/compiler/transformers/module/system.ts	1583	60	65515	65569	other	kind
src/compiler/transformers/module/system.ts	1772	33	73694	73712	other	kind
src/compiler/transformers/module/system.ts	1812	41	74887	74905	structural interface downcast without tag	-
src/compiler/transformers/module/system.ts	1829	62	75376	75411	other	kind
src/compiler/transformers/module/system.ts	1882	55	77776	77794	other	kind
src/compiler/transformers/module/system.ts	1884	51	77895	77919	other	kind
src/compiler/transformers/module/system.ts	1886	47	78012	78032	other	kind
src/compiler/transformers/namedEvaluation.ts	116	12	4298	4338	other	-
src/compiler/transformers/namedEvaluation.ts	146	46	5415	5447	other	-
src/compiler/transformers/namedEvaluation.ts	147	10	5462	5500	other	kind
src/compiler/transformers/namedEvaluation.ts	148	10	5537	5575	other	kind
src/compiler/transformers/ts.ts	352	39	10154	10206	other	kind
src/compiler/transformers/ts.ts	363	22	10620	10666	other	kind
src/compiler/transformers/ts.ts	364	53	10729	10775	other	kind
src/compiler/transformers/ts.ts	418	47	12678	12768	other	kind
src/compiler/transformers/ts.ts	524	18	17695	17726	other	kind
src/compiler/transformers/ts.ts	553	41	18960	18990	other	kind
src/compiler/transformers/ts.ts	558	49	19242	19269	other	kind
src/compiler/transformers/ts.ts	562	41	19464	19494	other	kind
src/compiler/transformers/ts.ts	566	41	19676	19706	other	kind
src/compiler/transformers/ts.ts	571	47	19937	19962	other	kind
src/compiler/transformers/ts.ts	601	41	21183	21213	other	kind
src/compiler/transformers/ts.ts	605	41	21395	21425	other	kind
src/compiler/transformers/ts.ts	610	47	21656	21681	other	kind
src/compiler/transformers/ts.ts	723	46	26483	26507	other	kind
src/compiler/transformers/ts.ts	734	45	27026	27049	other	kind
src/compiler/transformers/ts.ts	741	44	27357	27379	other	kind
src/compiler/transformers/ts.ts	745	57	27604	27639	other	kind
src/compiler/transformers/ts.ts	748	53	27751	27782	other	kind
src/compiler/transformers/ts.ts	760	49	28397	28424	other	kind
src/compiler/transformers/ts.ts	764	48	28619	28645	other	kind
src/compiler/transformers/ts.ts	768	43	28825	28846	other	kind
src/compiler/transformers/ts.ts	779	39	29351	29379	other	kind
src/compiler/transformers/ts.ts	784	53	29626	29657	other	kind
src/compiler/transformers/ts.ts	789	49	29902	29929	other	kind
src/compiler/transformers/ts.ts	792	49	30033	30060	other	kind
src/compiler/transformers/ts.ts	795	44	30154	30176	other	kind
src/compiler/transformers/ts.ts	798	43	30268	30289	other	kind
src/compiler/transformers/ts.ts	801	54	30403	30435	other	kind
src/compiler/transformers/ts.ts	805	47	30634	30659	other	kind
src/compiler/transformers/ts.ts	809	45	30847	30870	other	kind
src/compiler/transformers/ts.ts	813	47	31064	31089	other	kind
src/compiler/transformers/ts.ts	816	49	31193	31220	other	kind
src/compiler/transformers/ts.ts	820	47	31395	31420	other	kind
src/compiler/transformers/ts.ts	824	53	31600	31631	other	kind
src/compiler/transformers/ts.ts	827	51	31739	31768	other	kind
src/compiler/transformers/ts.ts	830	50	31871	31896	other	kind
src/compiler/transformers/ts.ts	1201	52	49890	49918	other	kind
src/compiler/transformers/ts.ts	1384	13	58230	58368	upcast	-
src/compiler/transformers/ts.ts	2192	55	92396	92426	other	kind
src/compiler/transformers/ts.ts	2202	37	92741	92813	other	-
src/compiler/transformers/ts.ts	2249	88	94729	94772	other	-
src/compiler/transformers/ts.ts	2250	44	94819	94862	other	-
src/compiler/transformers/ts.ts	2446	73	103180	103214	tagged union downcast	kind
src/compiler/transformers/ts.ts	2644	41	111338	111356	structural interface downcast without tag	-
src/compiler/transformers/ts.ts	2673	55	112648	112666	other	kind
src/compiler/transformers/ts.ts	2675	59	112783	112815	other	kind
src/compiler/transformers/ts.ts	2677	58	112930	112961	other	kind
src/compiler/transformers/typeSerializer.ts	203	54	8708	8739	tagged union downcast	kind
src/compiler/transformers/typeSerializer.ts	230	83	9957	9984	upcast	-
src/compiler/transformers/typeSerializer.ts	293	25	12486	12511	other	kind
src/compiler/transformers/typeSerializer.ts	308	59	13110	13133	other	kind
src/compiler/transformers/typeSerializer.ts	320	51	13594	13619	other	kind
src/compiler/transformers/typeSerializer.ts	323	66	13737	13772	other	kind
src/compiler/transformers/typeSerializer.ts	326	66	13915	13950	other	kind
src/compiler/transformers/typeSerializer.ts	329	67	14101	14128	other	kind
src/compiler/transformers/typeSerializer.ts	329	107	14141	14168	other	kind
src/compiler/transformers/typeSerializer.ts	332	22	14276	14300	other	kind
src/compiler/transformers/typeSerializer.ts	333	47	14392	14416	other	kind
src/compiler/transformers/typeSerializer.ts	358	43	15340	15408	other	kind
src/compiler/transformers/typeSerializer.ts	374	34	15958	15987	other	kind
src/compiler/transformers/typeSerializer.ts	378	66	16210	16251	other	kind
src/compiler/transformers/typeSerializer.ts	615	16	27989	28121	structural interface downcast without tag	-
src/compiler/transformers/utilities.ts	201	38	7294	7319	other	kind
src/compiler/transformers/utilities.ts	202	70	7392	7417	other	kind
src/compiler/transformers/utilities.ts	205	76	7560	7585	other	kind
src/compiler/transformers/utilities.ts	211	22	7757	7788	other	kind
src/compiler/transformers/utilities.ts	213	42	7945	7976	other	kind
src/compiler/transformers/utilities.ts	219	22	8096	8121	other	kind
src/compiler/transformers/utilities.ts	220	27	8169	8194	other	kind
src/compiler/transformers/utilities.ts	222	46	8306	8331	other	kind
src/compiler/transformers/utilities.ts	228	46	8602	8627	other	kind
src/compiler/transformers/utilities.ts	229	45	8675	8700	other	kind
src/compiler/transformers/utilities.ts	230	66	8786	8811	other	kind
src/compiler/transformers/utilities.ts	231	76	8890	8915	other	kind
src/compiler/transformers/utilities.ts	234	43	9034	9093	other	-
src/compiler/transformers/utilities.ts	234	44	9035	9060	other	kind
src/compiler/transformers/utilities.ts	248	58	9881	9906	other	kind
src/compiler/transformers/utilities.ts	253	22	10023	10047	other	kind
src/compiler/transformers/utilities.ts	255	36	10155	10179	other	kind
src/compiler/transformers/utilities.ts	261	41	10388	10413	other	kind
src/compiler/transformers/utilities.ts	269	52	10814	10841	other	kind
src/compiler/transformers/utilities.ts	278	130	11391	11415	other	kind
src/compiler/transformers/utilities.ts	284	39	11637	11661	other	kind
src/compiler/transformers/utilities.ts	318	60	13546	13573	other	kind
src/compiler/transformers/utilities.ts	590	12	24004	24118	structural interface downcast without tag	-
src/compiler/transformers/utilities.ts	632	13	26170	26199	other	kind
src/compiler/transformers/utilities.ts	708	49	29132	29161	other	kind
src/compiler/transformers/utilities.ts	710	48	29258	29287	other	kind
src/compiler/transformers/utilities.ts	713	45	29419	29446	other	kind
src/compiler/transformers/utilities.ts	716	47	29565	29594	other	kind
src/compiler/tsbuild.ts	179	16	5196	5229	other	-
src/compiler/tsbuild.ts	182	12	5252	5316	other	-
src/compiler/tsbuildPublic.ts	260	31	8153	8185	structural interface downcast without tag	-
src/compiler/tsbuildPublic.ts	296	18	10258	10328	structural interface downcast without tag	-
src/compiler/tsbuildPublic.ts	313	18	11288	11413	upcast	-
src/compiler/tsbuildPublic.ts	325	18	11878	12012	structural interface downcast without tag	-
src/compiler/tsbuildPublic.ts	332	20	12252	12273	upcast	-
src/compiler/tsbuildPublic.ts	430	18	17269	17314	upcast	-
src/compiler/tsbuildPublic.ts	431	27	17343	17397	structural interface downcast without tag	-
src/compiler/tsbuildPublic.ts	435	26	17533	17647	upcast	-
src/compiler/tsbuildPublic.ts	437	76	17777	17811	other	-
src/compiler/tsbuildPublic.ts	437	144	17845	17879	other	-
src/compiler/tsbuildPublic.ts	492	125	21098	21138	other	-
src/compiler/tsbuildPublic.ts	564	26	23555	23604	other	-
src/compiler/tsbuildPublic.ts	570	15	23799	23825	structural interface downcast without tag	-
src/compiler/tsbuildPublic.ts	734	42	31597	31653	structural interface downcast without tag	-
src/compiler/tsbuildPublic.ts	992	23	42856	42907	other	-
src/compiler/tsbuildPublic.ts	992	23	42856	42870	other	-
src/compiler/tsbuildPublic.ts	993	22	42976	43027	other	-
src/compiler/tsbuildPublic.ts	993	22	42976	42990	other	-
src/compiler/tsbuildPublic.ts	1330	13	57704	57728	structural interface downcast without tag	-
src/compiler/tsbuildPublic.ts	1337	13	57906	57930	structural interface downcast without tag	-
src/compiler/tsbuildPublic.ts	1355	12	58648	58708	other	-
src/compiler/tsbuildPublic.ts	1355	12	58648	58703	other	-
src/compiler/tsbuildPublic.ts	1372	15	59242	59278	structural interface downcast without tag	-
src/compiler/tsbuildPublic.ts	1387	24	60074	60113	structural interface downcast without tag	-
src/compiler/tsbuildPublic.ts	1549	11	67541	67600	structural interface downcast without tag	-
src/compiler/tsbuildPublic.ts	1550	14	67653	67712	structural interface downcast without tag	-
src/compiler/tsbuildPublic.ts	1582	18	68812	68869	structural interface downcast without tag	-
src/compiler/tsbuildPublic.ts	1583	18	68925	68979	structural interface downcast without tag	-
src/compiler/tsbuildPublic.ts	1733	18	75418	75446	tagged union downcast	type
src/compiler/tsbuildPublic.ts	1733	72	75472	75500	tagged union downcast	type
src/compiler/tsbuildPublic.ts	2005	41	89636	89650	upcast	-
src/compiler/tsbuildPublic.ts	2308	40	105544	105589	other	-
src/compiler/types.ts	10240	52	466999	468313	as const	-
src/compiler/utilities.ts	630	24	15496	15512	other	-
src/compiler/utilities.ts	640	12	15709	15779	structural interface downcast without tag	-
src/compiler/utilities.ts	665	60	16488	16522	other	-
src/compiler/utilities.ts	837	11	23304	23496	as const	-
src/compiler/utilities.ts	838	11	23508	23868	as const	-
src/compiler/utilities.ts	969	14	30048	30069	upcast	-
src/compiler/utilities.ts	975	10	30355	30376	upcast	-
src/compiler/utilities.ts	988	12	30829	30847	other	-
src/compiler/utilities.ts	1994	18	64232	64253	other	kind
src/compiler/utilities.ts	2010	30	65076	65107	upcast	-
src/compiler/utilities.ts	2113	71	69340	69365	other	kind
src/compiler/utilities.ts	2486	16	84912	84948	other	-
src/compiler/utilities.ts	2570	26	88504	88528	structural interface downcast without tag	-
src/compiler/utilities.ts	2573	61	88657	88678	other	kind
src/compiler/utilities.ts	2576	56	88816	88843	other	kind
src/compiler/utilities.ts	2577	26	88877	88904	other	kind
src/compiler/utilities.ts	2577	80	88931	88958	other	kind
src/compiler/utilities.ts	2577	130	88981	89008	other	kind
src/compiler/utilities.ts	2582	54	89224	89265	other	kind
src/compiler/utilities.ts	2586	54	89449	89476	other	kind
src/compiler/utilities.ts	2590	54	89669	89694	other	kind
src/compiler/utilities.ts	2594	44	89868	89898	other	kind
src/compiler/utilities.ts	2634	79	91787	91805	other	kind
src/compiler/utilities.ts	2702	53	94402	94421	other	kind
src/compiler/utilities.ts	2708	16	94626	94645	other	kind
src/compiler/utilities.ts	2731	13	95443	95470	other	kind
src/compiler/utilities.ts	2817	67	99677	99705	other	kind
src/compiler/utilities.ts	2820	83	99860	99899	other	kind
src/compiler/utilities.ts	2835	26	100697	100721	other	kind
src/compiler/utilities.ts	2850	38	101451	101485	other	kind
src/compiler/utilities.ts	2852	38	101588	101614	other	kind
src/compiler/utilities.ts	2857	38	101870	101887	other	kind
src/compiler/utilities.ts	2866	38	102328	102361	other	kind
src/compiler/utilities.ts	2870	38	102557	102587	other	kind
src/compiler/utilities.ts	2872	38	102691	102714	other	kind
src/compiler/utilities.ts	2876	38	102916	102967	other	kind
src/compiler/utilities.ts	2899	32	103816	103839	other	kind
src/compiler/utilities.ts	2929	39	105063	105086	other	kind
src/compiler/utilities.ts	2933	34	105207	105230	other	kind
src/compiler/utilities.ts	2972	17	106939	106960	other	kind
src/compiler/utilities.ts	2975	35	107081	107106	other	kind
src/compiler/utilities.ts	2989	21	107553	107582	other	kind
src/compiler/utilities.ts	2991	21	107664	107695	other	kind
src/compiler/utilities.ts	3063	16	110556	110590	other	kind
src/compiler/utilities.ts	3203	28	117068	117096	other	kind
src/compiler/utilities.ts	3247	24	119273	119310	other	kind
src/compiler/utilities.ts	3364	24	123820	123853	other	kind
src/compiler/utilities.ts	3391	59	125124	125148	other	kind
src/compiler/utilities.ts	3392	20	125193	125217	other	kind
src/compiler/utilities.ts	3405	13	125574	125632	other	kind
src/compiler/utilities.ts	3416	13	126000	126058	other	kind
src/compiler/utilities.ts	3437	21	126942	126967	other	kind
src/compiler/utilities.ts	3440	44	127079	127114	other	kind
src/compiler/utilities.ts	3441	19	127147	127219	other	kind
src/compiler/utilities.ts	3441	20	127148	127183	other	kind
src/compiler/utilities.ts	3445	14	127438	127481	other	-
src/compiler/utilities.ts	3446	14	127497	127543	other	-
src/compiler/utilities.ts	3447	21	127566	127592	other	kind
src/compiler/utilities.ts	3447	21	127566	127578	upcast	-
src/compiler/utilities.ts	3503	21	129907	129938	other	kind
src/compiler/utilities.ts	3512	21	130481	130514	other	kind
src/compiler/utilities.ts	3516	37	130765	130798	other	kind
src/compiler/utilities.ts	3556	26	132787	132811	other	kind
src/compiler/utilities.ts	3558	50	132983	133006	other	kind
src/compiler/utilities.ts	3562	26	133232	133263	other	kind
src/compiler/utilities.ts	3625	17	135751	135782	other	kind
src/compiler/utilities.ts	3714	21	139789	139813	other	kind
src/compiler/utilities.ts	3724	21	140223	140252	other	kind
src/compiler/utilities.ts	3726	34	140348	140370	other	kind
src/compiler/utilities.ts	3732	40	140729	140757	other	kind
src/compiler/utilities.ts	3737	30	141078	141107	other	kind
src/compiler/utilities.ts	3739	30	141190	141212	other	kind
src/compiler/utilities.ts	3741	30	141303	141333	other	kind
src/compiler/utilities.ts	3748	21	141612	141649	other	kind
src/compiler/utilities.ts	3751	21	141857	141894	other	kind
src/compiler/utilities.ts	3753	30	142010	142039	other	kind
src/compiler/utilities.ts	3774	65	142786	142817	other	kind
src/compiler/utilities.ts	3780	13	143076	143152	tagged union downcast	kind
src/compiler/utilities.ts	3780	14	143077	143108	upcast	-
src/compiler/utilities.ts	3785	77	143353	143448	other	kind
src/compiler/utilities.ts	3785	78	143354	143417	other	kind
src/compiler/utilities.ts	3790	65	143642	143673	other	kind
src/compiler/utilities.ts	3795	13	143854	143887	upcast	-
src/compiler/utilities.ts	3847	45	145946	145978	other	kind
src/compiler/utilities.ts	3849	55	146037	146061	other	kind
src/compiler/utilities.ts	4004	16	152731	152756	structural interface downcast without tag	-
src/compiler/utilities.ts	4258	26	164181	164255	other	kind
src/compiler/utilities.ts	4386	20	169859	169898	other	kind
src/compiler/utilities.ts	4388	20	169970	170045	other	-
src/compiler/utilities.ts	4388	21	169971	170009	other	kind
src/compiler/utilities.ts	4390	122	170210	170244	other	-
src/compiler/utilities.ts	4395	20	170398	170478	other	-
src/compiler/utilities.ts	4469	21	173751	173821	other	kind
src/compiler/utilities.ts	4515	21	175890	175917	other	kind
src/compiler/utilities.ts	4517	21	175998	176024	other	kind
src/compiler/utilities.ts	4672	104	182345	182373	other	kind
src/compiler/utilities.ts	4676	112	182575	182607	other	kind
src/compiler/utilities.ts	4832	32	188215	188306	other	kind
src/compiler/utilities.ts	4838	15	188506	188530	other	kind
src/compiler/utilities.ts	4859	42	189035	189061	other	kind
src/compiler/utilities.ts	4864	41	189413	189469	other	kind
src/compiler/utilities.ts	4869	44	189816	189844	other	kind
src/compiler/utilities.ts	4881	22	190389	190426	other	kind
src/compiler/utilities.ts	4887	22	190637	190665	other	kind
src/compiler/utilities.ts	4931	83	192480	192505	other	kind
src/compiler/utilities.ts	5028	17	195585	195614	other	kind
src/compiler/utilities.ts	5099	27	198381	198424	other	kind
src/compiler/utilities.ts	5133	21	199754	199807	structural interface downcast without tag	-
src/compiler/utilities.ts	5136	21	199966	199989	other	kind
src/compiler/utilities.ts	5140	21	200180	200222	other	kind
src/compiler/utilities.ts	5162	20	201062	201088	structural interface downcast without tag	-
src/compiler/utilities.ts	5165	24	201172	201200	other	kind
src/compiler/utilities.ts	5191	10	202234	202265	other	kind
src/compiler/utilities.ts	5340	11	207656	207687	tagged union downcast	kind
src/compiler/utilities.ts	5354	21	208067	208098	other	kind
src/compiler/utilities.ts	5355	21	208140	208171	other	kind
src/compiler/utilities.ts	5414	28	210804	210884	other	-
src/compiler/utilities.ts	5416	24	210929	210968	other	-
src/compiler/utilities.ts	5450	12	212246	212315	other	-
src/compiler/utilities.ts	5455	23	212421	212449	other	-
src/compiler/utilities.ts	5460	23	212575	212603	other	-
src/compiler/utilities.ts	5489	58	213763	213786	other	kind
src/compiler/utilities.ts	5494	18	213920	213946	other	kind
src/compiler/utilities.ts	5503	42	214176	214211	other	kind
src/compiler/utilities.ts	5525	36	215365	215391	other	kind
src/compiler/utilities.ts	5527	23	215477	215512	other	kind
src/compiler/utilities.ts	5529	34	215623	215650	other	kind
src/compiler/utilities.ts	5529	75	215664	215691	other	kind
src/compiler/utilities.ts	5531	34	215776	215804	other	kind
src/compiler/utilities.ts	5531	76	215818	215845	other	kind
src/compiler/utilities.ts	5531	122	215864	215886	other	kind
src/compiler/utilities.ts	5533	34	215979	216001	other	kind
src/compiler/utilities.ts	5533	70	216015	216042	other	kind
src/compiler/utilities.ts	5533	116	216061	216083	other	kind
src/compiler/utilities.ts	5535	23	216170	216197	other	kind
src/compiler/utilities.ts	5537	22	216277	216301	other	kind
src/compiler/utilities.ts	5542	42	216591	216615	other	kind
src/compiler/utilities.ts	5639	75	220967	220994	other	kind
src/compiler/utilities.ts	5686	75	223112	223139	other	kind
src/compiler/utilities.ts	5692	17	223384	223414	other	kind
src/compiler/utilities.ts	5695	17	223587	223647	other	kind
src/compiler/utilities.ts	6061	30	236721	236766	structural interface downcast without tag	-
src/compiler/utilities.ts	6061	30	236721	236739	upcast	-
src/compiler/utilities.ts	6062	34	236818	236855	structural interface downcast without tag	-
src/compiler/utilities.ts	6062	34	236818	236832	upcast	-
src/compiler/utilities.ts	6099	31	238163	238220	structural interface downcast without tag	-
src/compiler/utilities.ts	6099	31	238163	238181	upcast	-
src/compiler/utilities.ts	6100	63	238301	238351	structural interface downcast without tag	-
src/compiler/utilities.ts	6108	38	238738	238791	structural interface downcast without tag	-
src/compiler/utilities.ts	6278	17	245976	245990	other	-
src/compiler/utilities.ts	6279	67	246074	246088	other	-
src/compiler/utilities.ts	6799	85	266813	266831	other	kind
src/compiler/utilities.ts	6895	19	270208	270223	other	kind
src/compiler/utilities.ts	6902	13	270504	270519	other	kind
src/compiler/utilities.ts	7530	79	296165	296197	other	kind
src/compiler/utilities.ts	7531	78	296289	296320	other	kind
src/compiler/utilities.ts	7569	63	297928	297956	other	kind
src/compiler/utilities.ts	7570	71	298048	298087	other	kind
src/compiler/utilities.ts	7571	59	298166	298193	other	kind
src/compiler/utilities.ts	7599	10	299397	299434	other	kind
src/compiler/utilities.ts	7605	10	299629	299665	other	kind
src/compiler/utilities.ts	8012	39	314699	314754	other	kind
src/compiler/utilities.ts	8041	52	315640	315665	structural interface downcast without tag	-
src/compiler/utilities.ts	8054	29	316408	316428	structural interface downcast without tag	-
src/compiler/utilities.ts	8107	34	318248	318304	other	kind
src/compiler/utilities.ts	8110	45	318537	318563	other	kind
src/compiler/utilities.ts	8115	21	318858	318892	other	kind
src/compiler/utilities.ts	8119	30	319186	319214	other	kind
src/compiler/utilities.ts	8123	30	319490	319527	other	kind
src/compiler/utilities.ts	8128	30	319805	319846	other	kind
src/compiler/utilities.ts	8225	45	323082	323101	structural interface downcast without tag	-
src/compiler/utilities.ts	8253	37	324178	324205	other	-
src/compiler/utilities.ts	8260	46	324462	324484	other	-
src/compiler/utilities.ts	8281	54	325148	325171	structural interface downcast without tag	-
src/compiler/utilities.ts	8424	25	330459	330489	other	kind
src/compiler/utilities.ts	8428	25	330601	330625	other	kind
src/compiler/utilities.ts	8432	25	330739	330768	other	kind
src/compiler/utilities.ts	8436	25	330890	330922	other	kind
src/compiler/utilities.ts	8450	25	331468	331629	other	kind
src/compiler/utilities.ts	8486	6	333305	333316	other	-
src/compiler/utilities.ts	8553	31	335749	335760	other	-
src/compiler/utilities.ts	8554	32	335794	335806	other	-
src/compiler/utilities.ts	8555	37	335845	335862	other	-
src/compiler/utilities.ts	8556	44	335908	335919	other	-
src/compiler/utilities.ts	8557	37	335958	335969	other	-
src/compiler/utilities.ts	8558	33	336004	336017	other	-
src/compiler/utilities.ts	8559	31	336050	336061	other	-
src/compiler/utilities.ts	8560	36	336099	336115	other	-
src/compiler/utilities.ts	8561	42	336159	336181	other	-
src/compiler/utilities.ts	8638	20	338868	338912	structural interface downcast without tag	-
src/compiler/utilities.ts	9400	62	370360	370391	other	-
src/compiler/utilities.ts	10004	158	399179	399203	other	-
src/compiler/utilities.ts	10194	12	407759	407844	other	-
src/compiler/utilities.ts	10452	120	416841	416862	other	-
src/compiler/utilities.ts	10452	143	416864	416885	other	-
src/compiler/utilities.ts	10609	28	423641	424032	other	-
src/compiler/utilities.ts	10645	6	424978	424996	upcast	-
src/compiler/utilities.ts	10655	6	425248	425266	upcast	-
src/compiler/utilities.ts	10689	10	426410	426428	upcast	-
src/compiler/utilities.ts	10705	10	426978	426997	upcast	-
src/compiler/utilities.ts	10813	32	431016	431048	other	kind
src/compiler/utilities.ts	10816	21	431201	431229	other	kind
src/compiler/utilities.ts	10818	21	431321	431352	other	kind
src/compiler/utilities.ts	10820	21	431436	431456	other	kind
src/compiler/utilities.ts	10822	32	431550	431567	other	kind
src/compiler/utilities.ts	10827	21	431737	431759	other	kind
src/compiler/utilities.ts	10838	43	432098	432146	other	kind
src/compiler/utilities.ts	10841	21	432269	432306	other	kind
src/compiler/utilities.ts	10847	21	432545	432645	other	kind
src/compiler/utilities.ts	10850	21	432768	432827	structural interface downcast without tag	-
src/compiler/utilities.ts	10853	40	432962	433002	other	kind
src/compiler/utilities.ts	10854	18	433038	433078	other	kind
src/compiler/utilities.ts	10855	18	433132	433172	other	kind
src/compiler/utilities.ts	10858	40	433300	433334	other	kind
src/compiler/utilities.ts	10861	40	433490	433541	other	kind
src/compiler/utilities.ts	10866	21	433738	433789	other	kind
src/compiler/utilities.ts	10868	21	433860	433879	other	kind
src/compiler/utilities.ts	10871	44	434019	434049	other	kind
src/compiler/utilities.ts	10873	42	434156	434181	other	kind
src/compiler/utilities.ts	10875	21	434262	434282	other	kind
src/compiler/utilities.ts	10955	56	438553	438574	upcast	-
src/compiler/utilities.ts	11037	21	441786	441806	other	kind
src/compiler/utilities.ts	11039	21	441913	441936	other	kind
src/compiler/utilities.ts	11041	21	442057	442080	other	kind
src/compiler/utilities.ts	11092	23	444093	444147	other	kind
src/compiler/utilities.ts	11094	23	444223	444258	other	kind
src/compiler/utilities.ts	11094	102	444302	444337	other	kind
src/compiler/utilities.ts	11107	81	444808	444832	other	kind
src/compiler/utilities.ts	11145	12	446211	446275	other	-
src/compiler/utilities.ts	11172	17	447184	447210	structural interface downcast without tag	-
src/compiler/utilities.ts	11175	47	447356	447401	structural interface downcast without tag	-
src/compiler/utilities.ts	11341	42	454897	454926	other	kind
src/compiler/utilities.ts	11345	30	455171	455200	other	kind
src/compiler/utilities.ts	11356	40	455928	455952	other	kind
src/compiler/utilities.ts	11357	41	456012	456036	other	kind
src/compiler/utilities.ts	11358	105	456161	456185	other	kind
src/compiler/utilities.ts	11362	30	456543	456567	other	kind
src/compiler/utilities.ts	11392	22	459320	459344	other	kind
src/compiler/utilities.ts	11406	41	459882	459907	other	kind
src/compiler/utilities.ts	11408	51	460048	460074	other	kind
src/compiler/utilities.ts	11410	42	460174	460196	other	kind
src/compiler/utilities.ts	11412	53	460299	460317	other	kind
src/compiler/utilities.ts	11419	56	460665	460696	other	kind
src/compiler/utilities.ts	11458	70	462357	462389	other	kind
src/compiler/utilities.ts	11459	20	462420	462452	other	kind
src/compiler/utilities.ts	11527	53	465780	465801	other	-
src/compiler/utilities.ts	11545	87	466963	466998	tagged union downcast	kind
src/compiler/utilities.ts	11556	55	468165	468200	tagged union downcast	kind
src/compiler/utilities.ts	11577	59	470017	470052	tagged union downcast	kind
src/compiler/utilities.ts	11600	53	471105	471127	other	kind
src/compiler/utilities.ts	11603	66	471293	471335	other	kind
src/compiler/utilities.ts	11647	64	474551	474578	other	kind
src/compiler/utilities.ts	11654	86	475299	475326	other	kind
src/compiler/utilities.ts	11668	65	476266	476305	other	kind
src/compiler/utilities.ts	11684	64	477470	477525	other	kind
src/compiler/utilities.ts	11711	43	479211	479250	other	kind
src/compiler/utilities.ts	11711	99	479267	479300	other	kind
src/compiler/utilities.ts	11733	68	480752	480810	other	kind
src/compiler/utilities.ts	11765	47	482469	482499	other	kind
src/compiler/utilities.ts	11767	39	482628	482658	other	kind
src/compiler/utilities.ts	11814	47	485031	485063	other	kind
src/compiler/utilities.ts	11815	47	485127	485159	other	kind
src/compiler/utilities.ts	11819	90	485434	485466	other	kind
src/compiler/utilities.ts	11826	47	485711	485737	other	kind
src/compiler/utilities.ts	11827	47	485801	485827	other	kind
src/compiler/utilities.ts	11830	58	485978	486004	other	kind
src/compiler/utilities.ts	11831	90	486162	486188	other	kind
src/compiler/utilities.ts	11837	48	486424	486449	other	kind
src/compiler/utilities.ts	11839	39	486594	486619	other	kind
src/compiler/utilities.ts	11848	43	487018	487045	other	kind
src/compiler/utilities.ts	11849	26	487089	487116	other	kind
src/compiler/utilities.ts	11908	34	490022	490057	other	kind
src/compiler/utilities.ts	11949	55	492144	492212	other	kind
src/compiler/utilities.ts	11955	55	492546	492573	other	kind
src/compiler/utilities.ts	11976	54	493828	493882	other	kind
src/compiler/utilities.ts	11978	47	494036	494082	other	kind
src/compiler/utilities.ts	11982	14	494253	494299	other	kind
src/compiler/utilities.ts	12000	60	494980	495008	other	kind
src/compiler/utilities.ts	12019	75	495919	495946	tagged union downcast	kind
src/compiler/utilities.ts	12058	14	497240	497268	other	kind
src/compiler/utilities.ts	12183	22	500941	501040	other	-
src/compiler/utilities.ts	12186	22	501227	501326	other	-
src/compiler/utilities.ts	12189	14	501432	501531	other	-
src/compiler/utilities.ts	12194	18	501821	501920	other	-
src/compiler/utilities.ts	12338	47	508365	508387	upcast	-
src/compiler/utilities.ts	12342	12	508499	508509	other	-
src/compiler/utilities.ts	12356	47	509374	509451	other	-
src/compiler/utilities.ts	12356	47	509374	509446	upcast	-
src/compiler/utilities.ts	12357	38	509492	509593	other	-
src/compiler/utilities.ts	12357	38	509492	509588	upcast	-
src/compiler/utilities.ts	12365	6	509891	509912	upcast	-
src/compiler/utilitiesPublic.ts	607	24	22442	22464	structural interface downcast without tag	-
src/compiler/utilitiesPublic.ts	687	43	25617	25713	as const	-
src/compiler/utilitiesPublic.ts	774	16	29101	29122	other	-
src/compiler/utilitiesPublic.ts	843	12	31671	31837	other	-
src/compiler/utilitiesPublic.ts	853	16	32111	32131	other	-
src/compiler/utilitiesPublic.ts	866	33	32778	32804	other	-
src/compiler/utilitiesPublic.ts	900	63	34307	34331	other	kind
src/compiler/utilitiesPublic.ts	901	25	34407	34431	other	kind
src/compiler/utilitiesPublic.ts	905	29	34576	34608	other	kind
src/compiler/utilitiesPublic.ts	907	34	34708	34739	other	kind
src/compiler/utilitiesPublic.ts	932	81	35672	35700	upcast	-
src/compiler/utilitiesPublic.ts	947	15	36254	36278	structural interface downcast without tag	-
src/compiler/utilitiesPublic.ts	954	20	36575	36600	other	kind
src/compiler/utilitiesPublic.ts	957	30	36721	36756	structural interface downcast without tag	-
src/compiler/utilitiesPublic.ts	965	26	37011	37059	other	kind
src/compiler/utilitiesPublic.ts	971	79	37451	37502	other	kind
src/compiler/utilitiesPublic.ts	971	80	37452	37476	tagged union downcast	kind
src/compiler/utilitiesPublic.ts	975	29	37765	37805	other	kind
src/compiler/utilitiesPublic.ts	981	42	37996	38026	other	kind
src/compiler/utilitiesPublic.ts	983	48	38116	38143	other	kind
src/compiler/utilitiesPublic.ts	985	36	38227	38258	other	kind
src/compiler/utilitiesPublic.ts	989	26	38418	38456	other	kind
src/compiler/utilitiesPublic.ts	994	13	38608	38639	structural interface downcast without tag	-
src/compiler/utilitiesPublic.ts	1423	58	56814	56838	other	kind
src/compiler/utilitiesPublic.ts	1539	21	61018	61041	other	kind
src/compiler/utilitiesPublic.ts	1539	61	61058	61081	other	kind
src/compiler/utilitiesPublic.ts	1541	21	61202	61225	other	kind
src/compiler/utilitiesPublic.ts	1543	21	61336	61356	other	kind
src/compiler/utilitiesPublic.ts	1545	21	61471	61502	other	kind
src/compiler/utilitiesPublic.ts	1553	21	61730	61753	other	kind
src/compiler/utilitiesPublic.ts	1553	61	61770	61793	other	kind
src/compiler/utilitiesPublic.ts	1555	21	61886	61911	other	kind
src/compiler/utilitiesPublic.ts	1555	65	61930	61955	other	kind
src/compiler/utilitiesPublic.ts	1555	113	61978	62003	other	kind
src/compiler/utilitiesPublic.ts	1557	21	62082	62105	other	kind
src/compiler/utilitiesPublic.ts	1979	21	77279	77303	other	kind
src/compiler/utilitiesPublic.ts	2064	21	80688	80717	other	kind
src/compiler/utilitiesPublic.ts	2065	18	80778	80807	other	kind
src/compiler/utilitiesPublic.ts	2127	69	83135	83159	other	kind
src/compiler/utilitiesPublic.ts	2555	23	99049	99071	upcast	-
src/compiler/utilitiesPublic.ts	2565	15	99260	99275	other	kind
src/compiler/utilitiesPublic.ts	2574	15	99450	99472	other	kind
src/compiler/utilitiesPublic.ts	2626	13	101202	101214	structural interface downcast without tag	-
src/compiler/utilitiesPublic.ts	2626	65	101254	101266	structural interface downcast without tag	-
src/compiler/utilitiesPublic.ts	2640	13	102003	102031	tagged union downcast	kind
src/compiler/utilitiesPublic.ts	2652	27	102606	102650	other	kind
src/compiler/utilitiesPublic.ts	2652	92	102671	102708	other	kind
src/compiler/utilitiesPublic.ts	2653	49	102760	102804	other	kind
src/compiler/visitorPublic.ts	260	21	8997	9021	upcast	-
src/compiler/visitorPublic.ts	603	17	26157	26239	other	-
src/compiler/watch.ts	221	39	7155	7168	other	-
src/compiler/watch.ts	309	57	11411	11509	as const	-
src/compiler/watch.ts	335	15	12647	12659	other	-
src/compiler/watch.ts	748	20	33896	33993	structural interface downcast without tag	-
src/compiler/watch.ts	862	41	39767	39840	other	-
src/compiler/watch.ts	862	41	39767	39820	other	-
src/compiler/watch.ts	873	20	40429	40493	structural interface downcast without tag	-
src/compiler/watch.ts	934	18	42639	42760	structural interface downcast without tag	-
src/compiler/watch.ts	965	18	43977	44145	structural interface downcast without tag	-
src/compiler/watchPublic.ts	150	38	5104	5177	other	-
src/compiler/watchPublic.ts	150	38	5104	5157	other	-
src/compiler/watchPublic.ts	151	24	5203	5248	other	-
src/compiler/watchPublic.ts	151	24	5203	5243	other	-
src/compiler/watchPublic.ts	374	27	16845	16894	other	-
src/compiler/watchPublic.ts	375	32	16928	16998	other	-
src/compiler/watchPublic.ts	386	35	17328	17383	other	-
src/compiler/watchPublic.ts	387	34	17419	17484	other	-
src/compiler/watchPublic.ts	493	26	23620	23745	other	-
src/compiler/watchPublic.ts	555	22	28027	28088	other	-
src/compiler/watchPublic.ts	555	22	28027	28083	other	-
src/compiler/watchPublic.ts	744	24	36858	36901	other	version
src/compiler/watchPublic.ts	772	22	38469	38504	structural interface downcast without tag	-
src/compiler/watchPublic.ts	808	18	40169	40212	other	version
src/compiler/watchPublic.ts	833	23	41639	41678	structural interface downcast without tag	-
src/compiler/watchUtilities.ts	124	34	3933	4023	other	-
src/compiler/watchUtilities.ts	156	51	5241	5317	structural interface downcast without tag	-
src/compiler/watchUtilities.ts	157	57	5376	5458	structural interface downcast without tag	-
src/compiler/watchUtilities.ts	159	16	5487	5544	structural interface downcast without tag	-
src/compiler/watchUtilities.ts	471	59	18981	18992	other	-
src/compiler/watchUtilities.ts	629	64	25147	25172	structural interface downcast without tag	-
src/compiler/watchUtilities.ts	631	23	25219	25268	other	-
src/compiler/watchUtilities.ts	632	23	25296	25346	other	-
src/compiler/watchUtilities.ts	644	20	25739	25767	other	-
src/compiler/watchUtilities.ts	839	13	34488	34531	as unknown as	-
src/compiler/watchUtilities.ts	839	13	34488	34514	as unknown as	-
