kind,where,reason,text
Refused,src/compiler/binder.ts:1409:24,a cast the runtime can't check,"src/compiler/binder.ts:1409:24: Adamic 0.1 refuses a cast the runtime can't check; use a proven upcast, cast a discriminated object union with unique literal or enum tags to members or a sub-union, or downcast along nominal class ancestry (adamic/no-unchecked-cast)"
Refused,src/compiler/binder.ts:1783:26,a cast the runtime can't check,"src/compiler/binder.ts:1783:26: Adamic 0.1 refuses a cast the runtime can't check; use a proven upcast, cast a discriminated object union with unique literal or enum tags to members or a sub-union, or downcast along nominal class ancestry (adamic/no-unchecked-cast)"
Refused,src/compiler/binder.ts:1998:47,a cast the runtime can't check,"src/compiler/binder.ts:1998:47: Adamic 0.1 refuses a cast the runtime can't check; use a proven upcast, cast a discriminated object union with unique literal or enum tags to members or a sub-union, or downcast along nominal class ancestry (adamic/no-unchecked-cast)"
Refused,src/compiler/binder.ts:2249:36,a cast the runtime can't check,"src/compiler/binder.ts:2249:36: Adamic 0.1 refuses a cast the runtime can't check; use a proven upcast, cast a discriminated object union with unique literal or enum tags to members or a sub-union, or downcast along nominal class ancestry (adamic/no-unchecked-cast)"
Refused,src/compiler/builder.ts:2143:44,a cast the runtime can't check,"src/compiler/builder.ts:2143:44: Adamic 0.1 refuses a cast the runtime can't check; use a proven upcast, cast a discriminated object union with unique literal or enum tags to members or a sub-union, or downcast along nominal class ancestry (adamic/no-unchecked-cast)"
Refused,src/compiler/checker.ts:11190:21,a cast the runtime can't check,"src/compiler/checker.ts:11190:21: Adamic 0.1 refuses a cast the runtime can't check; use a proven upcast, cast a discriminated object union with unique literal or enum tags to members or a sub-union, or downcast along nominal class ancestry (adamic/no-unchecked-cast)"
Refused,src/compiler/checker.ts:11248:36,a cast the runtime can't check,"src/compiler/checker.ts:11248:36: Adamic 0.1 refuses a cast the runtime can't check; use a proven upcast, cast a discriminated object union with unique literal or enum tags to members or a sub-union, or downcast along nominal class ancestry (adamic/no-unchecked-cast)"
Refused,src/compiler/checker.ts:11570:27,a cast the runtime can't check,"src/compiler/checker.ts:11570:27: Adamic 0.1 refuses a cast the runtime can't check; use a proven upcast, cast a discriminated object union with unique literal or enum tags to members or a sub-union, or downcast along nominal class ancestry (adamic/no-unchecked-cast)"
Refused,src/compiler/checker.ts:12417:22,a cast the runtime can't check,"src/compiler/checker.ts:12417:22: Adamic 0.1 refuses a cast the runtime can't check; use a proven upcast, cast a discriminated object union with unique literal or enum tags to members or a sub-union, or downcast along nominal class ancestry (adamic/no-unchecked-cast)"
Refused,src/compiler/checker.ts:13016:32,a cast the runtime can't check,"src/compiler/checker.ts:13016:32: Adamic 0.1 refuses a cast the runtime can't check; use a proven upcast, cast a discriminated object union with unique literal or enum tags to members or a sub-union, or downcast along nominal class ancestry (adamic/no-unchecked-cast)"
Refused,src/compiler/checker.ts:13091:82,a cast the runtime can't check,"src/compiler/checker.ts:13091:82: Adamic 0.1 refuses a cast the runtime can't check; use a proven upcast, cast a discriminated object union with unique literal or enum tags to members or a sub-union, or downcast along nominal class ancestry (adamic/no-unchecked-cast)"
Refused,src/compiler/checker.ts:13143:37,a cast the runtime can't check,"src/compiler/checker.ts:13143:37: Adamic 0.1 refuses a cast the runtime can't check; use a proven upcast, cast a discriminated object union with unique literal or enum tags to members or a sub-union, or downcast along nominal class ancestry (adamic/no-unchecked-cast)"
Refused,src/compiler/checker.ts:13257:77,a cast the runtime can't check,"src/compiler/checker.ts:13257:77: Adamic 0.1 refuses a cast the runtime can't check; use a proven upcast, cast a discriminated object union with unique literal or enum tags to members or a sub-union, or downcast along nominal class ancestry (adamic/no-unchecked-cast)"
Refused,src/compiler/checker.ts:13377:38,a cast the runtime can't check,"src/compiler/checker.ts:13377:38: Adamic 0.1 refuses a cast the runtime can't check; use a proven upcast, cast a discriminated object union with unique literal or enum tags to members or a sub-union, or downcast along nominal class ancestry (adamic/no-unchecked-cast)"
Refused,src/compiler/checker.ts:13447:65,a cast the runtime can't check,"src/compiler/checker.ts:13447:65: Adamic 0.1 refuses a cast the runtime can't check; use a proven upcast, cast a discriminated object union with unique literal or enum tags to members or a sub-union, or downcast along nominal class ancestry (adamic/no-unchecked-cast)"
Refused,src/compiler/checker.ts:13580:29,a cast the runtime can't check,"src/compiler/checker.ts:13580:29: Adamic 0.1 refuses a cast the runtime can't check; use a proven upcast, cast a discriminated object union with unique literal or enum tags to members or a sub-union, or downcast along nominal class ancestry (adamic/no-unchecked-cast)"
Refused,src/compiler/checker.ts:13581:27,a cast the runtime can't check,"src/compiler/checker.ts:13581:27: Adamic 0.1 refuses a cast the runtime can't check; use a proven upcast, cast a discriminated object union with unique literal or enum tags to members or a sub-union, or downcast along nominal class ancestry (adamic/no-unchecked-cast)"
Refused,src/compiler/checker.ts:14704:64,a cast the runtime can't check,"src/compiler/checker.ts:14704:64: Adamic 0.1 refuses a cast the runtime can't check; use a proven upcast, cast a discriminated object union with unique literal or enum tags to members or a sub-union, or downcast along nominal class ancestry (adamic/no-unchecked-cast)"
Refused,src/compiler/checker.ts:14708:56,a cast the runtime can't check,"src/compiler/checker.ts:14708:56: Adamic 0.1 refuses a cast the runtime can't check; use a proven upcast, cast a discriminated object union with unique literal or enum tags to members or a sub-union, or downcast along nominal class ancestry (adamic/no-unchecked-cast)"
Refused,src/compiler/checker.ts:14731:34,a cast the runtime can't check,"src/compiler/checker.ts:14731:34: Adamic 0.1 refuses a cast the runtime can't check; use a proven upcast, cast a discriminated object union with unique literal or enum tags to members or a sub-union, or downcast along nominal class ancestry (adamic/no-unchecked-cast)"
Refused,src/compiler/checker.ts:14762:40,a cast the runtime can't check,"src/compiler/checker.ts:14762:40: Adamic 0.1 refuses a cast the runtime can't check; use a proven upcast, cast a discriminated object union with unique literal or enum tags to members or a sub-union, or downcast along nominal class ancestry (adamic/no-unchecked-cast)"
Refused,src/compiler/checker.ts:14781:28,a cast the runtime can't check,"src/compiler/checker.ts:14781:28: Adamic 0.1 refuses a cast the runtime can't check; use a proven upcast, cast a discriminated object union with unique literal or enum tags to members or a sub-union, or downcast along nominal class ancestry (adamic/no-unchecked-cast)"
Refused,src/compiler/checker.ts:14820:29,a cast the runtime can't check,"src/compiler/checker.ts:14820:29: Adamic 0.1 refuses a cast the runtime can't check; use a proven upcast, cast a discriminated object union with unique literal or enum tags to members or a sub-union, or downcast along nominal class ancestry (adamic/no-unchecked-cast)"
Refused,src/compiler/checker.ts:14849:38,a cast the runtime can't check,"src/compiler/checker.ts:14849:38: Adamic 0.1 refuses a cast the runtime can't check; use a proven upcast, cast a discriminated object union with unique literal or enum tags to members or a sub-union, or downcast along nominal class ancestry (adamic/no-unchecked-cast)"
Refused,src/compiler/checker.ts:14894:64,a cast the runtime can't check,"src/compiler/checker.ts:14894:64: Adamic 0.1 refuses a cast the runtime can't check; use a proven upcast, cast a discriminated object union with unique literal or enum tags to members or a sub-union, or downcast along nominal class ancestry (adamic/no-unchecked-cast)"
Refused,src/compiler/checker.ts:14957:38,a cast the runtime can't check,"src/compiler/checker.ts:14957:38: Adamic 0.1 refuses a cast the runtime can't check; use a proven upcast, cast a discriminated object union with unique literal or enum tags to members or a sub-union, or downcast along nominal class ancestry (adamic/no-unchecked-cast)"
Refused,src/compiler/checker.ts:14999:64,a cast the runtime can't check,"src/compiler/checker.ts:14999:64: Adamic 0.1 refuses a cast the runtime can't check; use a proven upcast, cast a discriminated object union with unique literal or enum tags to members or a sub-union, or downcast along nominal class ancestry (adamic/no-unchecked-cast)"
Refused,src/compiler/checker.ts:15006:56,a cast the runtime can't check,"src/compiler/checker.ts:15006:56: Adamic 0.1 refuses a cast the runtime can't check; use a proven upcast, cast a discriminated object union with unique literal or enum tags to members or a sub-union, or downcast along nominal class ancestry (adamic/no-unchecked-cast)"
Refused,src/compiler/checker.ts:15349:68,an unproven relation from Type to TypeParameter: optional field constraint has no proven compatible presence/type,"src/compiler/checker.ts:15349:68: Adamic 0.1 refuses an unproven relation from Type to TypeParameter: optional field constraint has no proven compatible presence/type; keep compatible optional fields in both views, or construct an object with explicitly compatible fields (adamic/no-optional-widening); use a proven upcast, cast a discriminated object union with unique literal or enum tags to members or a sub-union, or downcast along nominal class ancestry (adamic/no-unchecked-cast)"
Refused,src/compiler/checker.ts:15377:32,a cast the runtime can't check,"src/compiler/checker.ts:15377:32: Adamic 0.1 refuses a cast the runtime can't check; use a proven upcast, cast a discriminated object union with unique literal or enum tags to members or a sub-union, or downcast along nominal class ancestry (adamic/no-unchecked-cast)"
Refused,src/compiler/checker.ts:15414:55,a cast the runtime can't check,"src/compiler/checker.ts:15414:55: Adamic 0.1 refuses a cast the runtime can't check; use a proven upcast, cast a discriminated object union with unique literal or enum tags to members or a sub-union, or downcast along nominal class ancestry (adamic/no-unchecked-cast)"
Refused,src/compiler/checker.ts:15423:59,a cast the runtime can't check,"src/compiler/checker.ts:15423:59: Adamic 0.1 refuses a cast the runtime can't check; use a proven upcast, cast a discriminated object union with unique literal or enum tags to members or a sub-union, or downcast along nominal class ancestry (adamic/no-unchecked-cast)"
Refused,src/compiler/checker.ts:15429:69,a cast the runtime can't check,"src/compiler/checker.ts:15429:69: Adamic 0.1 refuses a cast the runtime can't check; use a proven upcast, cast a discriminated object union with unique literal or enum tags to members or a sub-union, or downcast along nominal class ancestry (adamic/no-unchecked-cast)"
Refused,src/compiler/checker.ts:15508:24,a cast the runtime can't check,"src/compiler/checker.ts:15508:24: Adamic 0.1 refuses a cast the runtime can't check; use a proven upcast, cast a discriminated object union with unique literal or enum tags to members or a sub-union, or downcast along nominal class ancestry (adamic/no-unchecked-cast)"
Refused,src/compiler/checker.ts:15938:59,a cast the runtime can't check,"src/compiler/checker.ts:15938:59: Adamic 0.1 refuses a cast the runtime can't check; use a proven upcast, cast a discriminated object union with unique literal or enum tags to members or a sub-union, or downcast along nominal class ancestry (adamic/no-unchecked-cast)"
Refused,src/compiler/checker.ts:16022:59,a cast the runtime can't check,"src/compiler/checker.ts:16022:59: Adamic 0.1 refuses a cast the runtime can't check; use a proven upcast, cast a discriminated object union with unique literal or enum tags to members or a sub-union, or downcast along nominal class ancestry (adamic/no-unchecked-cast)"
Refused,src/compiler/checker.ts:16568:39,an unproven relation from ObjectType to AnonymousType: optional field target has no proven compatible presence/type,"src/compiler/checker.ts:16568:39: Adamic 0.1 refuses an unproven relation from ObjectType to AnonymousType: optional field target has no proven compatible presence/type; keep compatible optional fields in both views, or construct an object with explicitly compatible fields (adamic/no-optional-widening); use a proven upcast, cast a discriminated object union with unique literal or enum tags to members or a sub-union, or downcast along nominal class ancestry (adamic/no-unchecked-cast)"
Refused,src/compiler/checker.ts:16936:22,a cast the runtime can't check,"src/compiler/checker.ts:16936:22: Adamic 0.1 refuses a cast the runtime can't check; use a proven upcast, cast a discriminated object union with unique literal or enum tags to members or a sub-union, or downcast along nominal class ancestry (adamic/no-unchecked-cast)"
Refused,src/compiler/checker.ts:16949:22,a cast the runtime can't check,"src/compiler/checker.ts:16949:22: Adamic 0.1 refuses a cast the runtime can't check; use a proven upcast, cast a discriminated object union with unique literal or enum tags to members or a sub-union, or downcast along nominal class ancestry (adamic/no-unchecked-cast)"
Refused,src/compiler/checker.ts:16991:22,a cast the runtime can't check,"src/compiler/checker.ts:16991:22: Adamic 0.1 refuses a cast the runtime can't check; use a proven upcast, cast a discriminated object union with unique literal or enum tags to members or a sub-union, or downcast along nominal class ancestry (adamic/no-unchecked-cast)"
Refused,src/compiler/checker.ts:17030:53,a cast the runtime can't check,"src/compiler/checker.ts:17030:53: Adamic 0.1 refuses a cast the runtime can't check; use a proven upcast, cast a discriminated object union with unique literal or enum tags to members or a sub-union, or downcast along nominal class ancestry (adamic/no-unchecked-cast)"
Refused,src/compiler/checker.ts:17246:24,a cast the runtime can't check,"src/compiler/checker.ts:17246:24: Adamic 0.1 refuses a cast the runtime can't check; use a proven upcast, cast a discriminated object union with unique literal or enum tags to members or a sub-union, or downcast along nominal class ancestry (adamic/no-unchecked-cast)"
Refused,src/compiler/checker.ts:18220:27,a cast the runtime can't check,"src/compiler/checker.ts:18220:27: Adamic 0.1 refuses a cast the runtime can't check; use a proven upcast, cast a discriminated object union with unique literal or enum tags to members or a sub-union, or downcast along nominal class ancestry (adamic/no-unchecked-cast)"
Refused,src/compiler/checker.ts:18289:33,a cast the runtime can't check,"src/compiler/checker.ts:18289:33: Adamic 0.1 refuses a cast the runtime can't check; use a proven upcast, cast a discriminated object union with unique literal or enum tags to members or a sub-union, or downcast along nominal class ancestry (adamic/no-unchecked-cast)"
Refused,src/compiler/checker.ts:18301:24,a cast the runtime can't check,"src/compiler/checker.ts:18301:24: Adamic 0.1 refuses a cast the runtime can't check; use a proven upcast, cast a discriminated object union with unique literal or enum tags to members or a sub-union, or downcast along nominal class ancestry (adamic/no-unchecked-cast)"
Refused,src/compiler/checker.ts:18440:65,a cast the runtime can't check,"src/compiler/checker.ts:18440:65: Adamic 0.1 refuses a cast the runtime can't check; use a proven upcast, cast a discriminated object union with unique literal or enum tags to members or a sub-union, or downcast along nominal class ancestry (adamic/no-unchecked-cast)"
Refused,src/compiler/checker.ts:18641:24,a cast the runtime can't check,"src/compiler/checker.ts:18641:24: Adamic 0.1 refuses a cast the runtime can't check; use a proven upcast, cast a discriminated object union with unique literal or enum tags to members or a sub-union, or downcast along nominal class ancestry (adamic/no-unchecked-cast)"
Refused,src/compiler/checker.ts:18859:24,a cast the runtime can't check,"src/compiler/checker.ts:18859:24: Adamic 0.1 refuses a cast the runtime can't check; use a proven upcast, cast a discriminated object union with unique literal or enum tags to members or a sub-union, or downcast along nominal class ancestry (adamic/no-unchecked-cast)"
Refused,src/compiler/checker.ts:18866:24,a cast the runtime can't check,"src/compiler/checker.ts:18866:24: Adamic 0.1 refuses a cast the runtime can't check; use a proven upcast, cast a discriminated object union with unique literal or enum tags to members or a sub-union, or downcast along nominal class ancestry (adamic/no-unchecked-cast)"
Refused,src/compiler/checker.ts:18887:52,a cast the runtime can't check,"src/compiler/checker.ts:18887:52: Adamic 0.1 refuses a cast the runtime can't check; use a proven upcast, cast a discriminated object union with unique literal or enum tags to members or a sub-union, or downcast along nominal class ancestry (adamic/no-unchecked-cast)"
Refused,src/compiler/checker.ts:19110:22,a cast the runtime can't check,"src/compiler/checker.ts:19110:22: Adamic 0.1 refuses a cast the runtime can't check; use a proven upcast, cast a discriminated object union with unique literal or enum tags to members or a sub-union, or downcast along nominal class ancestry (adamic/no-unchecked-cast)"
Refused,src/compiler/checker.ts:19166:24,a cast the runtime can't check,"src/compiler/checker.ts:19166:24: Adamic 0.1 refuses a cast the runtime can't check; use a proven upcast, cast a discriminated object union with unique literal or enum tags to members or a sub-union, or downcast along nominal class ancestry (adamic/no-unchecked-cast)"
Refused,src/compiler/checker.ts:19172:22,a cast the runtime can't check,"src/compiler/checker.ts:19172:22: Adamic 0.1 refuses a cast the runtime can't check; use a proven upcast, cast a discriminated object union with unique literal or enum tags to members or a sub-union, or downcast along nominal class ancestry (adamic/no-unchecked-cast)"
Refused,src/compiler/checker.ts:19622:88,a cast the runtime can't check,"src/compiler/checker.ts:19622:88: Adamic 0.1 refuses a cast the runtime can't check; use a proven upcast, cast a discriminated object union with unique literal or enum tags to members or a sub-union, or downcast along nominal class ancestry (adamic/no-unchecked-cast)"
Refused,src/compiler/checker.ts:19736:26,a cast the runtime can't check,"src/compiler/checker.ts:19736:26: Adamic 0.1 refuses a cast the runtime can't check; use a proven upcast, cast a discriminated object union with unique literal or enum tags to members or a sub-union, or downcast along nominal class ancestry (adamic/no-unchecked-cast)"
Refused,src/compiler/checker.ts:20277:22,a cast the runtime can't check,"src/compiler/checker.ts:20277:22: Adamic 0.1 refuses a cast the runtime can't check; use a proven upcast, cast a discriminated object union with unique literal or enum tags to members or a sub-union, or downcast along nominal class ancestry (adamic/no-unchecked-cast)"
Refused,src/compiler/checker.ts:20344:22,a cast the runtime can't check,"src/compiler/checker.ts:20344:22: Adamic 0.1 refuses a cast the runtime can't check; use a proven upcast, cast a discriminated object union with unique literal or enum tags to members or a sub-union, or downcast along nominal class ancestry (adamic/no-unchecked-cast)"
Refused,src/compiler/checker.ts:20357:88,a cast the runtime can't check,"src/compiler/checker.ts:20357:88: Adamic 0.1 refuses a cast the runtime can't check; use a proven upcast, cast a discriminated object union with unique literal or enum tags to members or a sub-union, or downcast along nominal class ancestry (adamic/no-unchecked-cast)"
Refused,src/compiler/checker.ts:20865:57,a cast the runtime can't check,"src/compiler/checker.ts:20865:57: Adamic 0.1 refuses a cast the runtime can't check; use a proven upcast, cast a discriminated object union with unique literal or enum tags to members or a sub-union, or downcast along nominal class ancestry (adamic/no-unchecked-cast)"
Refused,src/compiler/checker.ts:20967:24,an unproven relation from ObjectType to AnonymousType: optional field target has no proven compatible presence/type,"src/compiler/checker.ts:20967:24: Adamic 0.1 refuses an unproven relation from ObjectType to AnonymousType: optional field target has no proven compatible presence/type; keep compatible optional fields in both views, or construct an object with explicitly compatible fields (adamic/no-optional-widening); use a proven upcast, cast a discriminated object union with unique literal or enum tags to members or a sub-union, or downcast along nominal class ancestry (adamic/no-unchecked-cast)"
Refused,src/compiler/checker.ts:20971:70,a cast the runtime can't check,"src/compiler/checker.ts:20971:70: Adamic 0.1 refuses a cast the runtime can't check; use a proven upcast, cast a discriminated object union with unique literal or enum tags to members or a sub-union, or downcast along nominal class ancestry (adamic/no-unchecked-cast)"
Refused,src/compiler/checker.ts:21062:34,a cast the runtime can't check,"src/compiler/checker.ts:21062:34: Adamic 0.1 refuses a cast the runtime can't check; use a proven upcast, cast a discriminated object union with unique literal or enum tags to members or a sub-union, or downcast along nominal class ancestry (adamic/no-unchecked-cast)"
Refused,src/compiler/checker.ts:21077:60,a cast the runtime can't check,"src/compiler/checker.ts:21077:60: Adamic 0.1 refuses a cast the runtime can't check; use a proven upcast, cast a discriminated object union with unique literal or enum tags to members or a sub-union, or downcast along nominal class ancestry (adamic/no-unchecked-cast)"
Refused,src/compiler/checker.ts:21113:50,a cast the runtime can't check,"src/compiler/checker.ts:21113:50: Adamic 0.1 refuses a cast the runtime can't check; use a proven upcast, cast a discriminated object union with unique literal or enum tags to members or a sub-union, or downcast along nominal class ancestry (adamic/no-unchecked-cast)"
Refused,src/compiler/checker.ts:21117:52,a cast the runtime can't check,"src/compiler/checker.ts:21117:52: Adamic 0.1 refuses a cast the runtime can't check; use a proven upcast, cast a discriminated object union with unique literal or enum tags to members or a sub-union, or downcast along nominal class ancestry (adamic/no-unchecked-cast)"
Refused,src/compiler/checker.ts:21143:13,a cast the runtime can't check,"src/compiler/checker.ts:21143:13: Adamic 0.1 refuses a cast the runtime can't check; use a proven upcast, cast a discriminated object union with unique literal or enum tags to members or a sub-union, or downcast along nominal class ancestry (adamic/no-unchecked-cast)"
Refused,src/compiler/checker.ts:21206:41,a cast the runtime can't check,"src/compiler/checker.ts:21206:41: Adamic 0.1 refuses a cast the runtime can't check; use a proven upcast, cast a discriminated object union with unique literal or enum tags to members or a sub-union, or downcast along nominal class ancestry (adamic/no-unchecked-cast)"
Refused,src/compiler/checker.ts:21212:40,a cast the runtime can't check,"src/compiler/checker.ts:21212:40: Adamic 0.1 refuses a cast the runtime can't check; use a proven upcast, cast a discriminated object union with unique literal or enum tags to members or a sub-union, or downcast along nominal class ancestry (adamic/no-unchecked-cast)"
Refused,src/compiler/checker.ts:21252:59,a cast the runtime can't check,"src/compiler/checker.ts:21252:59: Adamic 0.1 refuses a cast the runtime can't check; use a proven upcast, cast a discriminated object union with unique literal or enum tags to members or a sub-union, or downcast along nominal class ancestry (adamic/no-unchecked-cast)"
Refused,src/compiler/checker.ts:21520:54,a cast the runtime can't check,"src/compiler/checker.ts:21520:54: Adamic 0.1 refuses a cast the runtime can't check; use a proven upcast, cast a discriminated object union with unique literal or enum tags to members or a sub-union, or downcast along nominal class ancestry (adamic/no-unchecked-cast)"
Refused,src/compiler/checker.ts:22320:51,a cast the runtime can't check,"src/compiler/checker.ts:22320:51: Adamic 0.1 refuses a cast the runtime can't check; use a proven upcast, cast a discriminated object union with unique literal or enum tags to members or a sub-union, or downcast along nominal class ancestry (adamic/no-unchecked-cast)"
Refused,src/compiler/checker.ts:23076:43,a cast the runtime can't check,"src/compiler/checker.ts:23076:43: Adamic 0.1 refuses a cast the runtime can't check; use a proven upcast, cast a discriminated object union with unique literal or enum tags to members or a sub-union, or downcast along nominal class ancestry (adamic/no-unchecked-cast)"
Refused,src/compiler/checker.ts:23082:43,a cast the runtime can't check,"src/compiler/checker.ts:23082:43: Adamic 0.1 refuses a cast the runtime can't check; use a proven upcast, cast a discriminated object union with unique literal or enum tags to members or a sub-union, or downcast along nominal class ancestry (adamic/no-unchecked-cast)"
Refused,src/compiler/checker.ts:23160:66,an unproven relation from UnionOrIntersectionType to UnionType: optional field resolvedReducedType has no proven compatible presence/type,"src/compiler/checker.ts:23160:66: Adamic 0.1 refuses an unproven relation from UnionOrIntersectionType to UnionType: optional field resolvedReducedType has no proven compatible presence/type; keep compatible optional fields in both views, or construct an object with explicitly compatible fields (adamic/no-optional-widening); use a proven upcast, cast a discriminated object union with unique literal or enum tags to members or a sub-union, or downcast along nominal class ancestry (adamic/no-unchecked-cast)"
Refused,src/compiler/checker.ts:23227:88,a cast the runtime can't check,"src/compiler/checker.ts:23227:88: Adamic 0.1 refuses a cast the runtime can't check; use a proven upcast, cast a discriminated object union with unique literal or enum tags to members or a sub-union, or downcast along nominal class ancestry (adamic/no-unchecked-cast)"
Refused,src/compiler/checker.ts:23553:60,a cast the runtime can't check,"src/compiler/checker.ts:23553:60: Adamic 0.1 refuses a cast the runtime can't check; use a proven upcast, cast a discriminated object union with unique literal or enum tags to members or a sub-union, or downcast along nominal class ancestry (adamic/no-unchecked-cast)"
Refused,src/compiler/checker.ts:23687:37,a cast the runtime can't check,"src/compiler/checker.ts:23687:37: Adamic 0.1 refuses a cast the runtime can't check; use a proven upcast, cast a discriminated object union with unique literal or enum tags to members or a sub-union, or downcast along nominal class ancestry (adamic/no-unchecked-cast)"
Refused,src/compiler/checker.ts:23755:41,a cast the runtime can't check,"src/compiler/checker.ts:23755:41: Adamic 0.1 refuses a cast the runtime can't check; use a proven upcast, cast a discriminated object union with unique literal or enum tags to members or a sub-union, or downcast along nominal class ancestry (adamic/no-unchecked-cast)"
Refused,src/compiler/checker.ts:23756:40,a cast the runtime can't check,"src/compiler/checker.ts:23756:40: Adamic 0.1 refuses a cast the runtime can't check; use a proven upcast, cast a discriminated object union with unique literal or enum tags to members or a sub-union, or downcast along nominal class ancestry (adamic/no-unchecked-cast)"
Refused,src/compiler/checker.ts:23856:27,a cast the runtime can't check,"src/compiler/checker.ts:23856:27: Adamic 0.1 refuses a cast the runtime can't check; use a proven upcast, cast a discriminated object union with unique literal or enum tags to members or a sub-union, or downcast along nominal class ancestry (adamic/no-unchecked-cast)"
Refused,src/compiler/checker.ts:23920:69,a cast the runtime can't check,"src/compiler/checker.ts:23920:69: Adamic 0.1 refuses a cast the runtime can't check; use a proven upcast, cast a discriminated object union with unique literal or enum tags to members or a sub-union, or downcast along nominal class ancestry (adamic/no-unchecked-cast)"
Refused,src/compiler/checker.ts:24774:106,a cast the runtime can't check,"src/compiler/checker.ts:24774:106: Adamic 0.1 refuses a cast the runtime can't check; use a proven upcast, cast a discriminated object union with unique literal or enum tags to members or a sub-union, or downcast along nominal class ancestry (adamic/no-unchecked-cast)"
Refused,src/compiler/checker.ts:24984:59,a cast the runtime can't check,"src/compiler/checker.ts:24984:59: Adamic 0.1 refuses a cast the runtime can't check; use a proven upcast, cast a discriminated object union with unique literal or enum tags to members or a sub-union, or downcast along nominal class ancestry (adamic/no-unchecked-cast)"
Refused,src/compiler/checker.ts:25555:25,a cast the runtime can't check,"src/compiler/checker.ts:25555:25: Adamic 0.1 refuses a cast the runtime can't check; use a proven upcast, cast a discriminated object union with unique literal or enum tags to members or a sub-union, or downcast along nominal class ancestry (adamic/no-unchecked-cast)"
Refused,src/compiler/checker.ts:25725:31,a cast the runtime can't check,"src/compiler/checker.ts:25725:31: Adamic 0.1 refuses a cast the runtime can't check; use a proven upcast, cast a discriminated object union with unique literal or enum tags to members or a sub-union, or downcast along nominal class ancestry (adamic/no-unchecked-cast)"
Refused,src/compiler/checker.ts:25926:30,a cast the runtime can't check,"src/compiler/checker.ts:25926:30: Adamic 0.1 refuses a cast the runtime can't check; use a proven upcast, cast a discriminated object union with unique literal or enum tags to members or a sub-union, or downcast along nominal class ancestry (adamic/no-unchecked-cast)"
Refused,src/compiler/checker.ts:25931:26,a cast the runtime can't check,"src/compiler/checker.ts:25931:26: Adamic 0.1 refuses a cast the runtime can't check; use a proven upcast, cast a discriminated object union with unique literal or enum tags to members or a sub-union, or downcast along nominal class ancestry (adamic/no-unchecked-cast)"
Refused,src/compiler/checker.ts:26499:26,a cast the runtime can't check,"src/compiler/checker.ts:26499:26: Adamic 0.1 refuses a cast the runtime can't check; use a proven upcast, cast a discriminated object union with unique literal or enum tags to members or a sub-union, or downcast along nominal class ancestry (adamic/no-unchecked-cast)"
Refused,src/compiler/checker.ts:26515:31,an unproven relation from Type to TypeParameter: optional field constraint has no proven compatible presence/type,"src/compiler/checker.ts:26515:31: Adamic 0.1 refuses an unproven relation from Type to TypeParameter: optional field constraint has no proven compatible presence/type; keep compatible optional fields in both views, or construct an object with explicitly compatible fields (adamic/no-optional-widening); use a proven upcast, cast a discriminated object union with unique literal or enum tags to members or a sub-union, or downcast along nominal class ancestry (adamic/no-unchecked-cast)"
Refused,src/compiler/checker.ts:26663:28,a cast the runtime can't check,"src/compiler/checker.ts:26663:28: Adamic 0.1 refuses a cast the runtime can't check; use a proven upcast, cast a discriminated object union with unique literal or enum tags to members or a sub-union, or downcast along nominal class ancestry (adamic/no-unchecked-cast)"
Refused,src/compiler/checker.ts:26671:28,a cast the runtime can't check,"src/compiler/checker.ts:26671:28: Adamic 0.1 refuses a cast the runtime can't check; use a proven upcast, cast a discriminated object union with unique literal or enum tags to members or a sub-union, or downcast along nominal class ancestry (adamic/no-unchecked-cast)"
Refused,src/compiler/checker.ts:26822:109,a cast the runtime can't check,"src/compiler/checker.ts:26822:109: Adamic 0.1 refuses a cast the runtime can't check; use a proven upcast, cast a discriminated object union with unique literal or enum tags to members or a sub-union, or downcast along nominal class ancestry (adamic/no-unchecked-cast)"
Refused,src/compiler/checker.ts:26929:58,a cast the runtime can't check,"src/compiler/checker.ts:26929:58: Adamic 0.1 refuses a cast the runtime can't check; use a proven upcast, cast a discriminated object union with unique literal or enum tags to members or a sub-union, or downcast along nominal class ancestry (adamic/no-unchecked-cast)"
Refused,src/compiler/checker.ts:27142:67,a cast the runtime can't check,"src/compiler/checker.ts:27142:67: Adamic 0.1 refuses a cast the runtime can't check; use a proven upcast, cast a discriminated object union with unique literal or enum tags to members or a sub-union, or downcast along nominal class ancestry (adamic/no-unchecked-cast)"
Refused,src/compiler/checker.ts:27226:60,a cast the runtime can't check,"src/compiler/checker.ts:27226:60: Adamic 0.1 refuses a cast the runtime can't check; use a proven upcast, cast a discriminated object union with unique literal or enum tags to members or a sub-union, or downcast along nominal class ancestry (adamic/no-unchecked-cast)"
Refused,src/compiler/checker.ts:27799:54,a cast the runtime can't check,"src/compiler/checker.ts:27799:54: Adamic 0.1 refuses a cast the runtime can't check; use a proven upcast, cast a discriminated object union with unique literal or enum tags to members or a sub-union, or downcast along nominal class ancestry (adamic/no-unchecked-cast)"
Refused,src/compiler/checker.ts:28168:65,a cast the runtime can't check,"src/compiler/checker.ts:28168:65: Adamic 0.1 refuses a cast the runtime can't check; use a proven upcast, cast a discriminated object union with unique literal or enum tags to members or a sub-union, or downcast along nominal class ancestry (adamic/no-unchecked-cast)"
Refused,src/compiler/checker.ts:28177:29,a cast the runtime can't check,"src/compiler/checker.ts:28177:29: Adamic 0.1 refuses a cast the runtime can't check; use a proven upcast, cast a discriminated object union with unique literal or enum tags to members or a sub-union, or downcast along nominal class ancestry (adamic/no-unchecked-cast)"
Refused,src/compiler/checker.ts:28186:41,a cast the runtime can't check,"src/compiler/checker.ts:28186:41: Adamic 0.1 refuses a cast the runtime can't check; use a proven upcast, cast a discriminated object union with unique literal or enum tags to members or a sub-union, or downcast along nominal class ancestry (adamic/no-unchecked-cast)"
Refused,src/compiler/checker.ts:28533:29,a cast the runtime can't check,"src/compiler/checker.ts:28533:29: Adamic 0.1 refuses a cast the runtime can't check; use a proven upcast, cast a discriminated object union with unique literal or enum tags to members or a sub-union, or downcast along nominal class ancestry (adamic/no-unchecked-cast)"
Refused,src/compiler/checker.ts:28577:25,a cast the runtime can't check,"src/compiler/checker.ts:28577:25: Adamic 0.1 refuses a cast the runtime can't check; use a proven upcast, cast a discriminated object union with unique literal or enum tags to members or a sub-union, or downcast along nominal class ancestry (adamic/no-unchecked-cast)"
Refused,src/compiler/checker.ts:28642:24,a cast the runtime can't check,"src/compiler/checker.ts:28642:24: Adamic 0.1 refuses a cast the runtime can't check; use a proven upcast, cast a discriminated object union with unique literal or enum tags to members or a sub-union, or downcast along nominal class ancestry (adamic/no-unchecked-cast)"
Refused,src/compiler/checker.ts:28729:33,a cast the runtime can't check,"src/compiler/checker.ts:28729:33: Adamic 0.1 refuses a cast the runtime can't check; use a proven upcast, cast a discriminated object union with unique literal or enum tags to members or a sub-union, or downcast along nominal class ancestry (adamic/no-unchecked-cast)"
Refused,src/compiler/checker.ts:28842:23,a cast the runtime can't check,"src/compiler/checker.ts:28842:23: Adamic 0.1 refuses a cast the runtime can't check; use a proven upcast, cast a discriminated object union with unique literal or enum tags to members or a sub-union, or downcast along nominal class ancestry (adamic/no-unchecked-cast)"
Refused,src/compiler/checker.ts:28881:56,a cast the runtime can't check,"src/compiler/checker.ts:28881:56: Adamic 0.1 refuses a cast the runtime can't check; use a proven upcast, cast a discriminated object union with unique literal or enum tags to members or a sub-union, or downcast along nominal class ancestry (adamic/no-unchecked-cast)"
Refused,src/compiler/checker.ts:28901:38,a cast the runtime can't check,"src/compiler/checker.ts:28901:38: Adamic 0.1 refuses a cast the runtime can't check; use a proven upcast, cast a discriminated object union with unique literal or enum tags to members or a sub-union, or downcast along nominal class ancestry (adamic/no-unchecked-cast)"
Refused,src/compiler/checker.ts:28911:31,a cast the runtime can't check,"src/compiler/checker.ts:28911:31: Adamic 0.1 refuses a cast the runtime can't check; use a proven upcast, cast a discriminated object union with unique literal or enum tags to members or a sub-union, or downcast along nominal class ancestry (adamic/no-unchecked-cast)"
Refused,src/compiler/checker.ts:28920:33,a cast the runtime can't check,"src/compiler/checker.ts:28920:33: Adamic 0.1 refuses a cast the runtime can't check; use a proven upcast, cast a discriminated object union with unique literal or enum tags to members or a sub-union, or downcast along nominal class ancestry (adamic/no-unchecked-cast)"
Refused,src/compiler/checker.ts:28923:59,a cast the runtime can't check,"src/compiler/checker.ts:28923:59: Adamic 0.1 refuses a cast the runtime can't check; use a proven upcast, cast a discriminated object union with unique literal or enum tags to members or a sub-union, or downcast along nominal class ancestry (adamic/no-unchecked-cast)"
Refused,src/compiler/checker.ts:28964:33,a cast the runtime can't check,"src/compiler/checker.ts:28964:33: Adamic 0.1 refuses a cast the runtime can't check; use a proven upcast, cast a discriminated object union with unique literal or enum tags to members or a sub-union, or downcast along nominal class ancestry (adamic/no-unchecked-cast)"
Refused,src/compiler/checker.ts:28967:53,a cast the runtime can't check,"src/compiler/checker.ts:28967:53: Adamic 0.1 refuses a cast the runtime can't check; use a proven upcast, cast a discriminated object union with unique literal or enum tags to members or a sub-union, or downcast along nominal class ancestry (adamic/no-unchecked-cast)"
Refused,src/compiler/checker.ts:28984:54,a cast the runtime can't check,"src/compiler/checker.ts:28984:54: Adamic 0.1 refuses a cast the runtime can't check; use a proven upcast, cast a discriminated object union with unique literal or enum tags to members or a sub-union, or downcast along nominal class ancestry (adamic/no-unchecked-cast)"
Refused,src/compiler/checker.ts:29099:37,a cast the runtime can't check,"src/compiler/checker.ts:29099:37: Adamic 0.1 refuses a cast the runtime can't check; use a proven upcast, cast a discriminated object union with unique literal or enum tags to members or a sub-union, or downcast along nominal class ancestry (adamic/no-unchecked-cast)"
Refused,src/compiler/checker.ts:29107:40,a cast the runtime can't check,"src/compiler/checker.ts:29107:40: Adamic 0.1 refuses a cast the runtime can't check; use a proven upcast, cast a discriminated object union with unique literal or enum tags to members or a sub-union, or downcast along nominal class ancestry (adamic/no-unchecked-cast)"
Refused,src/compiler/checker.ts:29240:22,a cast the runtime can't check,"src/compiler/checker.ts:29240:22: Adamic 0.1 refuses a cast the runtime can't check; use a proven upcast, cast a discriminated object union with unique literal or enum tags to members or a sub-union, or downcast along nominal class ancestry (adamic/no-unchecked-cast)"
Refused,src/compiler/checker.ts:3014:45,a cast the runtime can't check,"src/compiler/checker.ts:3014:45: Adamic 0.1 refuses a cast the runtime can't check; use a proven upcast, cast a discriminated object union with unique literal or enum tags to members or a sub-union, or downcast along nominal class ancestry (adamic/no-unchecked-cast)"
Refused,src/compiler/checker.ts:30177:58,a cast the runtime can't check,"src/compiler/checker.ts:30177:58: Adamic 0.1 refuses a cast the runtime can't check; use a proven upcast, cast a discriminated object union with unique literal or enum tags to members or a sub-union, or downcast along nominal class ancestry (adamic/no-unchecked-cast)"
Refused,src/compiler/checker.ts:30237:55,a cast the runtime can't check,"src/compiler/checker.ts:30237:55: Adamic 0.1 refuses a cast the runtime can't check; use a proven upcast, cast a discriminated object union with unique literal or enum tags to members or a sub-union, or downcast along nominal class ancestry (adamic/no-unchecked-cast)"
Refused,src/compiler/checker.ts:31353:26,a cast the runtime can't check,"src/compiler/checker.ts:31353:26: Adamic 0.1 refuses a cast the runtime can't check; use a proven upcast, cast a discriminated object union with unique literal or enum tags to members or a sub-union, or downcast along nominal class ancestry (adamic/no-unchecked-cast)"
Refused,src/compiler/checker.ts:31390:35,a cast the runtime can't check,"src/compiler/checker.ts:31390:35: Adamic 0.1 refuses a cast the runtime can't check; use a proven upcast, cast a discriminated object union with unique literal or enum tags to members or a sub-union, or downcast along nominal class ancestry (adamic/no-unchecked-cast)"
Refused,src/compiler/checker.ts:31397:37,a cast the runtime can't check,"src/compiler/checker.ts:31397:37: Adamic 0.1 refuses a cast the runtime can't check; use a proven upcast, cast a discriminated object union with unique literal or enum tags to members or a sub-union, or downcast along nominal class ancestry (adamic/no-unchecked-cast)"
Refused,src/compiler/checker.ts:31631:85,a cast the runtime can't check,"src/compiler/checker.ts:31631:85: Adamic 0.1 refuses a cast the runtime can't check; use a proven upcast, cast a discriminated object union with unique literal or enum tags to members or a sub-union, or downcast along nominal class ancestry (adamic/no-unchecked-cast)"
Refused,src/compiler/checker.ts:31786:38,a cast the runtime can't check,"src/compiler/checker.ts:31786:38: Adamic 0.1 refuses a cast the runtime can't check; use a proven upcast, cast a discriminated object union with unique literal or enum tags to members or a sub-union, or downcast along nominal class ancestry (adamic/no-unchecked-cast)"
Refused,src/compiler/checker.ts:31796:27,a cast the runtime can't check,"src/compiler/checker.ts:31796:27: Adamic 0.1 refuses a cast the runtime can't check; use a proven upcast, cast a discriminated object union with unique literal or enum tags to members or a sub-union, or downcast along nominal class ancestry (adamic/no-unchecked-cast)"
Refused,src/compiler/checker.ts:32018:29,a cast the runtime can't check,"src/compiler/checker.ts:32018:29: Adamic 0.1 refuses a cast the runtime can't check; use a proven upcast, cast a discriminated object union with unique literal or enum tags to members or a sub-union, or downcast along nominal class ancestry (adamic/no-unchecked-cast)"
Refused,src/compiler/checker.ts:32200:34,a cast the runtime can't check,"src/compiler/checker.ts:32200:34: Adamic 0.1 refuses a cast the runtime can't check; use a proven upcast, cast a discriminated object union with unique literal or enum tags to members or a sub-union, or downcast along nominal class ancestry (adamic/no-unchecked-cast)"
Refused,src/compiler/checker.ts:32370:26,a cast the runtime can't check,"src/compiler/checker.ts:32370:26: Adamic 0.1 refuses a cast the runtime can't check; use a proven upcast, cast a discriminated object union with unique literal or enum tags to members or a sub-union, or downcast along nominal class ancestry (adamic/no-unchecked-cast)"
Refused,src/compiler/checker.ts:32554:29,a cast the runtime can't check,"src/compiler/checker.ts:32554:29: Adamic 0.1 refuses a cast the runtime can't check; use a proven upcast, cast a discriminated object union with unique literal or enum tags to members or a sub-union, or downcast along nominal class ancestry (adamic/no-unchecked-cast)"
Refused,src/compiler/checker.ts:32823:38,a cast the runtime can't check,"src/compiler/checker.ts:32823:38: Adamic 0.1 refuses a cast the runtime can't check; use a proven upcast, cast a discriminated object union with unique literal or enum tags to members or a sub-union, or downcast along nominal class ancestry (adamic/no-unchecked-cast)"
Refused,src/compiler/checker.ts:33010:76,a cast the runtime can't check,"src/compiler/checker.ts:33010:76: Adamic 0.1 refuses a cast the runtime can't check; use a proven upcast, cast a discriminated object union with unique literal or enum tags to members or a sub-union, or downcast along nominal class ancestry (adamic/no-unchecked-cast)"
Refused,src/compiler/checker.ts:33238:24,a cast the runtime can't check,"src/compiler/checker.ts:33238:24: Adamic 0.1 refuses a cast the runtime can't check; use a proven upcast, cast a discriminated object union with unique literal or enum tags to members or a sub-union, or downcast along nominal class ancestry (adamic/no-unchecked-cast)"
Refused,src/compiler/checker.ts:33338:205,a cast the runtime can't check,"src/compiler/checker.ts:33338:205: Adamic 0.1 refuses a cast the runtime can't check; use a proven upcast, cast a discriminated object union with unique literal or enum tags to members or a sub-union, or downcast along nominal class ancestry (adamic/no-unchecked-cast)"
Refused,src/compiler/checker.ts:33411:28,a cast the runtime can't check,"src/compiler/checker.ts:33411:28: Adamic 0.1 refuses a cast the runtime can't check; use a proven upcast, cast a discriminated object union with unique literal or enum tags to members or a sub-union, or downcast along nominal class ancestry (adamic/no-unchecked-cast)"
Refused,src/compiler/checker.ts:34178:83,a cast the runtime can't check,"src/compiler/checker.ts:34178:83: Adamic 0.1 refuses a cast the runtime can't check; use a proven upcast, cast a discriminated object union with unique literal or enum tags to members or a sub-union, or downcast along nominal class ancestry (adamic/no-unchecked-cast)"
Refused,src/compiler/checker.ts:35482:31,a cast the runtime can't check,"src/compiler/checker.ts:35482:31: Adamic 0.1 refuses a cast the runtime can't check; use a proven upcast, cast a discriminated object union with unique literal or enum tags to members or a sub-union, or downcast along nominal class ancestry (adamic/no-unchecked-cast)"
Refused,src/compiler/checker.ts:3557:27,a cast the runtime can't check,"src/compiler/checker.ts:3557:27: Adamic 0.1 refuses a cast the runtime can't check; use a proven upcast, cast a discriminated object union with unique literal or enum tags to members or a sub-union, or downcast along nominal class ancestry (adamic/no-unchecked-cast)"
Refused,src/compiler/checker.ts:35775:59,a cast the runtime can't check,"src/compiler/checker.ts:35775:59: Adamic 0.1 refuses a cast the runtime can't check; use a proven upcast, cast a discriminated object union with unique literal or enum tags to members or a sub-union, or downcast along nominal class ancestry (adamic/no-unchecked-cast)"
Refused,src/compiler/checker.ts:35939:83,a cast the runtime can't check,"src/compiler/checker.ts:35939:83: Adamic 0.1 refuses a cast the runtime can't check; use a proven upcast, cast a discriminated object union with unique literal or enum tags to members or a sub-union, or downcast along nominal class ancestry (adamic/no-unchecked-cast)"
Refused,src/compiler/checker.ts:37288:28,a cast the runtime can't check,"src/compiler/checker.ts:37288:28: Adamic 0.1 refuses a cast the runtime can't check; use a proven upcast, cast a discriminated object union with unique literal or enum tags to members or a sub-union, or downcast along nominal class ancestry (adamic/no-unchecked-cast)"
Refused,src/compiler/checker.ts:38221:67,a cast the runtime can't check,"src/compiler/checker.ts:38221:67: Adamic 0.1 refuses a cast the runtime can't check; use a proven upcast, cast a discriminated object union with unique literal or enum tags to members or a sub-union, or downcast along nominal class ancestry (adamic/no-unchecked-cast)"
Refused,src/compiler/checker.ts:38643:33,a cast the runtime can't check,"src/compiler/checker.ts:38643:33: Adamic 0.1 refuses a cast the runtime can't check; use a proven upcast, cast a discriminated object union with unique literal or enum tags to members or a sub-union, or downcast along nominal class ancestry (adamic/no-unchecked-cast)"
Refused,src/compiler/checker.ts:38680:33,a cast the runtime can't check,"src/compiler/checker.ts:38680:33: Adamic 0.1 refuses a cast the runtime can't check; use a proven upcast, cast a discriminated object union with unique literal or enum tags to members or a sub-union, or downcast along nominal class ancestry (adamic/no-unchecked-cast)"
Refused,src/compiler/checker.ts:38720:33,a cast the runtime can't check,"src/compiler/checker.ts:38720:33: Adamic 0.1 refuses a cast the runtime can't check; use a proven upcast, cast a discriminated object union with unique literal or enum tags to members or a sub-union, or downcast along nominal class ancestry (adamic/no-unchecked-cast)"
Refused,src/compiler/checker.ts:38934:34,a cast the runtime can't check,"src/compiler/checker.ts:38934:34: Adamic 0.1 refuses a cast the runtime can't check; use a proven upcast, cast a discriminated object union with unique literal or enum tags to members or a sub-union, or downcast along nominal class ancestry (adamic/no-unchecked-cast)"
Refused,src/compiler/checker.ts:38944:34,a cast the runtime can't check,"src/compiler/checker.ts:38944:34: Adamic 0.1 refuses a cast the runtime can't check; use a proven upcast, cast a discriminated object union with unique literal or enum tags to members or a sub-union, or downcast along nominal class ancestry (adamic/no-unchecked-cast)"
Refused,src/compiler/checker.ts:38985:34,a cast the runtime can't check,"src/compiler/checker.ts:38985:34: Adamic 0.1 refuses a cast the runtime can't check; use a proven upcast, cast a discriminated object union with unique literal or enum tags to members or a sub-union, or downcast along nominal class ancestry (adamic/no-unchecked-cast)"
Refused,src/compiler/checker.ts:39030:34,a cast the runtime can't check,"src/compiler/checker.ts:39030:34: Adamic 0.1 refuses a cast the runtime can't check; use a proven upcast, cast a discriminated object union with unique literal or enum tags to members or a sub-union, or downcast along nominal class ancestry (adamic/no-unchecked-cast)"
Refused,src/compiler/checker.ts:39044:34,a cast the runtime can't check,"src/compiler/checker.ts:39044:34: Adamic 0.1 refuses a cast the runtime can't check; use a proven upcast, cast a discriminated object union with unique literal or enum tags to members or a sub-union, or downcast along nominal class ancestry (adamic/no-unchecked-cast)"
Refused,src/compiler/checker.ts:39087:34,a cast the runtime can't check,"src/compiler/checker.ts:39087:34: Adamic 0.1 refuses a cast the runtime can't check; use a proven upcast, cast a discriminated object union with unique literal or enum tags to members or a sub-union, or downcast along nominal class ancestry (adamic/no-unchecked-cast)"
Refused,src/compiler/checker.ts:39390:86,a cast the runtime can't check,"src/compiler/checker.ts:39390:86: Adamic 0.1 refuses a cast the runtime can't check; use a proven upcast, cast a discriminated object union with unique literal or enum tags to members or a sub-union, or downcast along nominal class ancestry (adamic/no-unchecked-cast)"
Refused,src/compiler/checker.ts:40091:28,a cast the runtime can't check,"src/compiler/checker.ts:40091:28: Adamic 0.1 refuses a cast the runtime can't check; use a proven upcast, cast a discriminated object union with unique literal or enum tags to members or a sub-union, or downcast along nominal class ancestry (adamic/no-unchecked-cast)"
Refused,src/compiler/checker.ts:40346:26,a cast the runtime can't check,"src/compiler/checker.ts:40346:26: Adamic 0.1 refuses a cast the runtime can't check; use a proven upcast, cast a discriminated object union with unique literal or enum tags to members or a sub-union, or downcast along nominal class ancestry (adamic/no-unchecked-cast)"
Refused,src/compiler/checker.ts:41773:82,a cast the runtime can't check,"src/compiler/checker.ts:41773:82: Adamic 0.1 refuses a cast the runtime can't check; use a proven upcast, cast a discriminated object union with unique literal or enum tags to members or a sub-union, or downcast along nominal class ancestry (adamic/no-unchecked-cast)"
Refused,src/compiler/checker.ts:4181:47,a cast the runtime can't check,"src/compiler/checker.ts:4181:47: Adamic 0.1 refuses a cast the runtime can't check; use a proven upcast, cast a discriminated object union with unique literal or enum tags to members or a sub-union, or downcast along nominal class ancestry (adamic/no-unchecked-cast)"
Refused,src/compiler/checker.ts:42926:29,a cast the runtime can't check,"src/compiler/checker.ts:42926:29: Adamic 0.1 refuses a cast the runtime can't check; use a proven upcast, cast a discriminated object union with unique literal or enum tags to members or a sub-union, or downcast along nominal class ancestry (adamic/no-unchecked-cast)"
Refused,src/compiler/checker.ts:42927:28,a cast the runtime can't check,"src/compiler/checker.ts:42927:28: Adamic 0.1 refuses a cast the runtime can't check; use a proven upcast, cast a discriminated object union with unique literal or enum tags to members or a sub-union, or downcast along nominal class ancestry (adamic/no-unchecked-cast)"
Refused,src/compiler/checker.ts:42968:22,a cast the runtime can't check,"src/compiler/checker.ts:42968:22: Adamic 0.1 refuses a cast the runtime can't check; use a proven upcast, cast a discriminated object union with unique literal or enum tags to members or a sub-union, or downcast along nominal class ancestry (adamic/no-unchecked-cast)"
Refused,src/compiler/checker.ts:43234:30,a cast the runtime can't check,"src/compiler/checker.ts:43234:30: Adamic 0.1 refuses a cast the runtime can't check; use a proven upcast, cast a discriminated object union with unique literal or enum tags to members or a sub-union, or downcast along nominal class ancestry (adamic/no-unchecked-cast)"
Refused,src/compiler/checker.ts:45634:31,a cast the runtime can't check,"src/compiler/checker.ts:45634:31: Adamic 0.1 refuses a cast the runtime can't check; use a proven upcast, cast a discriminated object union with unique literal or enum tags to members or a sub-union, or downcast along nominal class ancestry (adamic/no-unchecked-cast)"
Refused,src/compiler/checker.ts:46259:72,a cast the runtime can't check,"src/compiler/checker.ts:46259:72: Adamic 0.1 refuses a cast the runtime can't check; use a proven upcast, cast a discriminated object union with unique literal or enum tags to members or a sub-union, or downcast along nominal class ancestry (adamic/no-unchecked-cast)"
Refused,src/compiler/checker.ts:46271:50,a cast the runtime can't check,"src/compiler/checker.ts:46271:50: Adamic 0.1 refuses a cast the runtime can't check; use a proven upcast, cast a discriminated object union with unique literal or enum tags to members or a sub-union, or downcast along nominal class ancestry (adamic/no-unchecked-cast)"
Refused,src/compiler/checker.ts:46315:48,a cast the runtime can't check,"src/compiler/checker.ts:46315:48: Adamic 0.1 refuses a cast the runtime can't check; use a proven upcast, cast a discriminated object union with unique literal or enum tags to members or a sub-union, or downcast along nominal class ancestry (adamic/no-unchecked-cast)"
Refused,src/compiler/checker.ts:46319:49,a cast the runtime can't check,"src/compiler/checker.ts:46319:49: Adamic 0.1 refuses a cast the runtime can't check; use a proven upcast, cast a discriminated object union with unique literal or enum tags to members or a sub-union, or downcast along nominal class ancestry (adamic/no-unchecked-cast)"
Refused,src/compiler/checker.ts:46944:55,a cast the runtime can't check,"src/compiler/checker.ts:46944:55: Adamic 0.1 refuses a cast the runtime can't check; use a proven upcast, cast a discriminated object union with unique literal or enum tags to members or a sub-union, or downcast along nominal class ancestry (adamic/no-unchecked-cast)"
Refused,src/compiler/checker.ts:47112:22,a cast the runtime can't check,"src/compiler/checker.ts:47112:22: Adamic 0.1 refuses a cast the runtime can't check; use a proven upcast, cast a discriminated object union with unique literal or enum tags to members or a sub-union, or downcast along nominal class ancestry (adamic/no-unchecked-cast)"
Refused,src/compiler/checker.ts:47114:28,a cast the runtime can't check,"src/compiler/checker.ts:47114:28: Adamic 0.1 refuses a cast the runtime can't check; use a proven upcast, cast a discriminated object union with unique literal or enum tags to members or a sub-union, or downcast along nominal class ancestry (adamic/no-unchecked-cast)"
Refused,src/compiler/checker.ts:47469:22,a cast the runtime can't check,"src/compiler/checker.ts:47469:22: Adamic 0.1 refuses a cast the runtime can't check; use a proven upcast, cast a discriminated object union with unique literal or enum tags to members or a sub-union, or downcast along nominal class ancestry (adamic/no-unchecked-cast)"
Refused,src/compiler/checker.ts:47471:28,a cast the runtime can't check,"src/compiler/checker.ts:47471:28: Adamic 0.1 refuses a cast the runtime can't check; use a proven upcast, cast a discriminated object union with unique literal or enum tags to members or a sub-union, or downcast along nominal class ancestry (adamic/no-unchecked-cast)"
Refused,src/compiler/checker.ts:48035:42,a cast the runtime can't check,"src/compiler/checker.ts:48035:42: Adamic 0.1 refuses a cast the runtime can't check; use a proven upcast, cast a discriminated object union with unique literal or enum tags to members or a sub-union, or downcast along nominal class ancestry (adamic/no-unchecked-cast)"
Refused,src/compiler/checker.ts:48863:86,a cast the runtime can't check,"src/compiler/checker.ts:48863:86: Adamic 0.1 refuses a cast the runtime can't check; use a proven upcast, cast a discriminated object union with unique literal or enum tags to members or a sub-union, or downcast along nominal class ancestry (adamic/no-unchecked-cast)"
Refused,src/compiler/checker.ts:48890:24,a cast the runtime can't check,"src/compiler/checker.ts:48890:24: Adamic 0.1 refuses a cast the runtime can't check; use a proven upcast, cast a discriminated object union with unique literal or enum tags to members or a sub-union, or downcast along nominal class ancestry (adamic/no-unchecked-cast)"
Refused,src/compiler/checker.ts:49946:76,a cast the runtime can't check,"src/compiler/checker.ts:49946:76: Adamic 0.1 refuses a cast the runtime can't check; use a proven upcast, cast a discriminated object union with unique literal or enum tags to members or a sub-union, or downcast along nominal class ancestry (adamic/no-unchecked-cast)"
Refused,src/compiler/checker.ts:50077:58,a cast the runtime can't check,"src/compiler/checker.ts:50077:58: Adamic 0.1 refuses a cast the runtime can't check; use a proven upcast, cast a discriminated object union with unique literal or enum tags to members or a sub-union, or downcast along nominal class ancestry (adamic/no-unchecked-cast)"
Refused,src/compiler/checker.ts:50204:57,a cast the runtime can't check,"src/compiler/checker.ts:50204:57: Adamic 0.1 refuses a cast the runtime can't check; use a proven upcast, cast a discriminated object union with unique literal or enum tags to members or a sub-union, or downcast along nominal class ancestry (adamic/no-unchecked-cast)"
Refused,src/compiler/checker.ts:50474:60,a cast the runtime can't check,"src/compiler/checker.ts:50474:60: Adamic 0.1 refuses a cast the runtime can't check; use a proven upcast, cast a discriminated object union with unique literal or enum tags to members or a sub-union, or downcast along nominal class ancestry (adamic/no-unchecked-cast)"
Refused,src/compiler/checker.ts:50480:55,a cast the runtime can't check,"src/compiler/checker.ts:50480:55: Adamic 0.1 refuses a cast the runtime can't check; use a proven upcast, cast a discriminated object union with unique literal or enum tags to members or a sub-union, or downcast along nominal class ancestry (adamic/no-unchecked-cast)"
Refused,src/compiler/checker.ts:50576:77,a cast the runtime can't check,"src/compiler/checker.ts:50576:77: Adamic 0.1 refuses a cast the runtime can't check; use a proven upcast, cast a discriminated object union with unique literal or enum tags to members or a sub-union, or downcast along nominal class ancestry (adamic/no-unchecked-cast)"
Refused,src/compiler/checker.ts:50810:51,a cast the runtime can't check,"src/compiler/checker.ts:50810:51: Adamic 0.1 refuses a cast the runtime can't check; use a proven upcast, cast a discriminated object union with unique literal or enum tags to members or a sub-union, or downcast along nominal class ancestry (adamic/no-unchecked-cast)"
Refused,src/compiler/checker.ts:51329:31,a cast the runtime can't check,"src/compiler/checker.ts:51329:31: Adamic 0.1 refuses a cast the runtime can't check; use a proven upcast, cast a discriminated object union with unique literal or enum tags to members or a sub-union, or downcast along nominal class ancestry (adamic/no-unchecked-cast)"
Refused,src/compiler/checker.ts:51372:68,a cast the runtime can't check,"src/compiler/checker.ts:51372:68: Adamic 0.1 refuses a cast the runtime can't check; use a proven upcast, cast a discriminated object union with unique literal or enum tags to members or a sub-union, or downcast along nominal class ancestry (adamic/no-unchecked-cast)"
Refused,src/compiler/checker.ts:52566:38,a cast the runtime can't check,"src/compiler/checker.ts:52566:38: Adamic 0.1 refuses a cast the runtime can't check; use a proven upcast, cast a discriminated object union with unique literal or enum tags to members or a sub-union, or downcast along nominal class ancestry (adamic/no-unchecked-cast)"
Refused,src/compiler/checker.ts:52819:34,a cast the runtime can't check,"src/compiler/checker.ts:52819:34: Adamic 0.1 refuses a cast the runtime can't check; use a proven upcast, cast a discriminated object union with unique literal or enum tags to members or a sub-union, or downcast along nominal class ancestry (adamic/no-unchecked-cast)"
Refused,src/compiler/checker.ts:53835:43,a cast the runtime can't check,"src/compiler/checker.ts:53835:43: Adamic 0.1 refuses a cast the runtime can't check; use a proven upcast, cast a discriminated object union with unique literal or enum tags to members or a sub-union, or downcast along nominal class ancestry (adamic/no-unchecked-cast)"
Refused,src/compiler/checker.ts:53933:25,a cast the runtime can't check,"src/compiler/checker.ts:53933:25: Adamic 0.1 refuses a cast the runtime can't check; use a proven upcast, cast a discriminated object union with unique literal or enum tags to members or a sub-union, or downcast along nominal class ancestry (adamic/no-unchecked-cast)"
Refused,src/compiler/checker.ts:53956:41,a cast the runtime can't check,"src/compiler/checker.ts:53956:41: Adamic 0.1 refuses a cast the runtime can't check; use a proven upcast, cast a discriminated object union with unique literal or enum tags to members or a sub-union, or downcast along nominal class ancestry (adamic/no-unchecked-cast)"
Refused,src/compiler/checker.ts:53970:47,a cast the runtime can't check,"src/compiler/checker.ts:53970:47: Adamic 0.1 refuses a cast the runtime can't check; use a proven upcast, cast a discriminated object union with unique literal or enum tags to members or a sub-union, or downcast along nominal class ancestry (adamic/no-unchecked-cast)"
Refused,src/compiler/checker.ts:53977:47,a cast the runtime can't check,"src/compiler/checker.ts:53977:47: Adamic 0.1 refuses a cast the runtime can't check; use a proven upcast, cast a discriminated object union with unique literal or enum tags to members or a sub-union, or downcast along nominal class ancestry (adamic/no-unchecked-cast)"
Refused,src/compiler/checker.ts:53983:25,a cast the runtime can't check,"src/compiler/checker.ts:53983:25: Adamic 0.1 refuses a cast the runtime can't check; use a proven upcast, cast a discriminated object union with unique literal or enum tags to members or a sub-union, or downcast along nominal class ancestry (adamic/no-unchecked-cast)"
Refused,src/compiler/checker.ts:53999:35,a cast the runtime can't check,"src/compiler/checker.ts:53999:35: Adamic 0.1 refuses a cast the runtime can't check; use a proven upcast, cast a discriminated object union with unique literal or enum tags to members or a sub-union, or downcast along nominal class ancestry (adamic/no-unchecked-cast)"
Refused,src/compiler/checker.ts:54009:35,a cast the runtime can't check,"src/compiler/checker.ts:54009:35: Adamic 0.1 refuses a cast the runtime can't check; use a proven upcast, cast a discriminated object union with unique literal or enum tags to members or a sub-union, or downcast along nominal class ancestry (adamic/no-unchecked-cast)"
Refused,src/compiler/checker.ts:54019:35,a cast the runtime can't check,"src/compiler/checker.ts:54019:35: Adamic 0.1 refuses a cast the runtime can't check; use a proven upcast, cast a discriminated object union with unique literal or enum tags to members or a sub-union, or downcast along nominal class ancestry (adamic/no-unchecked-cast)"
Refused,src/compiler/checker.ts:54029:35,a cast the runtime can't check,"src/compiler/checker.ts:54029:35: Adamic 0.1 refuses a cast the runtime can't check; use a proven upcast, cast a discriminated object union with unique literal or enum tags to members or a sub-union, or downcast along nominal class ancestry (adamic/no-unchecked-cast)"
Refused,src/compiler/checker.ts:54039:42,a cast the runtime can't check,"src/compiler/checker.ts:54039:42: Adamic 0.1 refuses a cast the runtime can't check; use a proven upcast, cast a discriminated object union with unique literal or enum tags to members or a sub-union, or downcast along nominal class ancestry (adamic/no-unchecked-cast)"
Refused,src/compiler/checker.ts:54049:37,a cast the runtime can't check,"src/compiler/checker.ts:54049:37: Adamic 0.1 refuses a cast the runtime can't check; use a proven upcast, cast a discriminated object union with unique literal or enum tags to members or a sub-union, or downcast along nominal class ancestry (adamic/no-unchecked-cast)"
Refused,src/compiler/checker.ts:54177:52,a cast the runtime can't check,"src/compiler/checker.ts:54177:52: Adamic 0.1 refuses a cast the runtime can't check; use a proven upcast, cast a discriminated object union with unique literal or enum tags to members or a sub-union, or downcast along nominal class ancestry (adamic/no-unchecked-cast)"
Refused,src/compiler/checker.ts:54184:57,a cast the runtime can't check,"src/compiler/checker.ts:54184:57: Adamic 0.1 refuses a cast the runtime can't check; use a proven upcast, cast a discriminated object union with unique literal or enum tags to members or a sub-union, or downcast along nominal class ancestry (adamic/no-unchecked-cast)"
Refused,src/compiler/checker.ts:54191:59,a cast the runtime can't check,"src/compiler/checker.ts:54191:59: Adamic 0.1 refuses a cast the runtime can't check; use a proven upcast, cast a discriminated object union with unique literal or enum tags to members or a sub-union, or downcast along nominal class ancestry (adamic/no-unchecked-cast)"
Refused,src/compiler/checker.ts:5537:22,a cast the runtime can't check,"src/compiler/checker.ts:5537:22: Adamic 0.1 refuses a cast the runtime can't check; use a proven upcast, cast a discriminated object union with unique literal or enum tags to members or a sub-union, or downcast along nominal class ancestry (adamic/no-unchecked-cast)"
Refused,src/compiler/checker.ts:5553:22,a cast the runtime can't check,"src/compiler/checker.ts:5553:22: Adamic 0.1 refuses a cast the runtime can't check; use a proven upcast, cast a discriminated object union with unique literal or enum tags to members or a sub-union, or downcast along nominal class ancestry (adamic/no-unchecked-cast)"
Refused,src/compiler/checker.ts:5649:26,a cast the runtime can't check,"src/compiler/checker.ts:5649:26: Adamic 0.1 refuses a cast the runtime can't check; use a proven upcast, cast a discriminated object union with unique literal or enum tags to members or a sub-union, or downcast along nominal class ancestry (adamic/no-unchecked-cast)"
Refused,src/compiler/checker.ts:6348:33,a cast the runtime can't check,"src/compiler/checker.ts:6348:33: Adamic 0.1 refuses a cast the runtime can't check; use a proven upcast, cast a discriminated object union with unique literal or enum tags to members or a sub-union, or downcast along nominal class ancestry (adamic/no-unchecked-cast)"
Refused,src/compiler/checker.ts:6355:33,a cast the runtime can't check,"src/compiler/checker.ts:6355:33: Adamic 0.1 refuses a cast the runtime can't check; use a proven upcast, cast a discriminated object union with unique literal or enum tags to members or a sub-union, or downcast along nominal class ancestry (adamic/no-unchecked-cast)"
Refused,src/compiler/checker.ts:6361:33,a cast the runtime can't check,"src/compiler/checker.ts:6361:33: Adamic 0.1 refuses a cast the runtime can't check; use a proven upcast, cast a discriminated object union with unique literal or enum tags to members or a sub-union, or downcast along nominal class ancestry (adamic/no-unchecked-cast)"
Refused,src/compiler/checker.ts:6856:32,a cast the runtime can't check,"src/compiler/checker.ts:6856:32: Adamic 0.1 refuses a cast the runtime can't check; use a proven upcast, cast a discriminated object union with unique literal or enum tags to members or a sub-union, or downcast along nominal class ancestry (adamic/no-unchecked-cast)"
Refused,src/compiler/checker.ts:6980:80,a cast the runtime can't check,"src/compiler/checker.ts:6980:80: Adamic 0.1 refuses a cast the runtime can't check; use a proven upcast, cast a discriminated object union with unique literal or enum tags to members or a sub-union, or downcast along nominal class ancestry (adamic/no-unchecked-cast)"
Refused,src/compiler/checker.ts:7001:38,a cast the runtime can't check,"src/compiler/checker.ts:7001:38: Adamic 0.1 refuses a cast the runtime can't check; use a proven upcast, cast a discriminated object union with unique literal or enum tags to members or a sub-union, or downcast along nominal class ancestry (adamic/no-unchecked-cast)"
Refused,src/compiler/checker.ts:7193:61,a cast the runtime can't check,"src/compiler/checker.ts:7193:61: Adamic 0.1 refuses a cast the runtime can't check; use a proven upcast, cast a discriminated object union with unique literal or enum tags to members or a sub-union, or downcast along nominal class ancestry (adamic/no-unchecked-cast)"
Refused,src/compiler/checker.ts:7437:68,a cast the runtime can't check,"src/compiler/checker.ts:7437:68: Adamic 0.1 refuses a cast the runtime can't check; use a proven upcast, cast a discriminated object union with unique literal or enum tags to members or a sub-union, or downcast along nominal class ancestry (adamic/no-unchecked-cast)"
Refused,src/compiler/checker.ts:9006:40,a cast the runtime can't check,"src/compiler/checker.ts:9006:40: Adamic 0.1 refuses a cast the runtime can't check; use a proven upcast, cast a discriminated object union with unique literal or enum tags to members or a sub-union, or downcast along nominal class ancestry (adamic/no-unchecked-cast)"
Refused,src/compiler/commandLineParser.ts:2181:26,a cast the runtime can't check,"src/compiler/commandLineParser.ts:2181:26: Adamic 0.1 refuses a cast the runtime can't check; use a proven upcast, cast a discriminated object union with unique literal or enum tags to members or a sub-union, or downcast along nominal class ancestry (adamic/no-unchecked-cast)"
Refused,src/compiler/core.ts:1543:17,a cast the runtime can't check,"src/compiler/core.ts:1543:17: Adamic 0.1 refuses a cast the runtime can't check; use a proven upcast, cast a discriminated object union with unique literal or enum tags to members or a sub-union, or downcast along nominal class ancestry (adamic/no-unchecked-cast)"
Refused,src/compiler/core.ts:162:1,overload 1 of find result U | undefined cannot be served by implementation result T | undefined,src/compiler/core.ts:162:1: Adamic 0.1 refuses overload 1 of find result U | undefined cannot be served by implementation result T | undefined; make the implementation result covariant with every overload result
Refused,src/compiler/core.ts:178:1,overload 1 of findLast result U | undefined cannot be served by implementation result T | undefined,src/compiler/core.ts:178:1: Adamic 0.1 refuses overload 1 of findLast result U | undefined cannot be served by implementation result T | undefined; make the implementation result covariant with every overload result
Refused,src/compiler/core.ts:2100:26,inherited library member compare read as an own field,"src/compiler/core.ts:2100:26: Adamic 0.1 refuses inherited library member compare read as an own field; prototype members are not stored in an object's shape; call the method on its receiver, or wrap that call in an arrow (unbound-method)"
Refused,src/compiler/core.ts:261:1,overload 1 of filter result U[] cannot be served by implementation result readonly T[] | undefined,src/compiler/core.ts:261:1: Adamic 0.1 refuses overload 1 of filter result U[] cannot be served by implementation result readonly T[] | undefined; make the implementation result covariant with every overload result
Refused,src/compiler/emitter.ts:2050:58,a cast the runtime can't check,"src/compiler/emitter.ts:2050:58: Adamic 0.1 refuses a cast the runtime can't check; use a proven upcast, cast a discriminated object union with unique literal or enum tags to members or a sub-union, or downcast along nominal class ancestry (adamic/no-unchecked-cast)"
Refused,src/compiler/emitter.ts:4976:23,a cast the runtime can't check,"src/compiler/emitter.ts:4976:23: Adamic 0.1 refuses a cast the runtime can't check; use a proven upcast, cast a discriminated object union with unique literal or enum tags to members or a sub-union, or downcast along nominal class ancestry (adamic/no-unchecked-cast)"
Refused,src/compiler/emitter.ts:5742:31,a cast the runtime can't check,"src/compiler/emitter.ts:5742:31: Adamic 0.1 refuses a cast the runtime can't check; use a proven upcast, cast a discriminated object union with unique literal or enum tags to members or a sub-union, or downcast along nominal class ancestry (adamic/no-unchecked-cast)"
Refused,src/compiler/emitter.ts:771:5,var,src/compiler/emitter.ts:771:5: Adamic 0.1 refuses var; use const or let
Refused,src/compiler/emitter.ts:772:5,var,src/compiler/emitter.ts:772:5: Adamic 0.1 refuses var; use const or let
Refused,src/compiler/factory/nodeFactory.ts:1186:27,a cast the runtime can't check,"src/compiler/factory/nodeFactory.ts:1186:27: Adamic 0.1 refuses a cast the runtime can't check; use a proven upcast, cast a discriminated object union with unique literal or enum tags to members or a sub-union, or downcast along nominal class ancestry (adamic/no-unchecked-cast)"
Refused,src/compiler/factory/nodeFactory.ts:1199:23,a cast the runtime can't check,"src/compiler/factory/nodeFactory.ts:1199:23: Adamic 0.1 refuses a cast the runtime can't check; use a proven upcast, cast a discriminated object union with unique literal or enum tags to members or a sub-union, or downcast along nominal class ancestry (adamic/no-unchecked-cast)"
Refused,src/compiler/factory/nodeFactory.ts:1314:22,a cast the runtime can't check,"src/compiler/factory/nodeFactory.ts:1314:22: Adamic 0.1 refuses a cast the runtime can't check; use a proven upcast, cast a discriminated object union with unique literal or enum tags to members or a sub-union, or downcast along nominal class ancestry (adamic/no-unchecked-cast)"
Refused,src/compiler/factory/nodeFactory.ts:2931:22,a cast the runtime can't check,"src/compiler/factory/nodeFactory.ts:2931:22: Adamic 0.1 refuses a cast the runtime can't check; use a proven upcast, cast a discriminated object union with unique literal or enum tags to members or a sub-union, or downcast along nominal class ancestry (adamic/no-unchecked-cast)"
Refused,src/compiler/factory/nodeFactory.ts:2996:22,a cast the runtime can't check,"src/compiler/factory/nodeFactory.ts:2996:22: Adamic 0.1 refuses a cast the runtime can't check; use a proven upcast, cast a discriminated object union with unique literal or enum tags to members or a sub-union, or downcast along nominal class ancestry (adamic/no-unchecked-cast)"
Refused,src/compiler/factory/nodeFactory.ts:3065:22,a cast the runtime can't check,"src/compiler/factory/nodeFactory.ts:3065:22: Adamic 0.1 refuses a cast the runtime can't check; use a proven upcast, cast a discriminated object union with unique literal or enum tags to members or a sub-union, or downcast along nominal class ancestry (adamic/no-unchecked-cast)"
Refused,src/compiler/factory/nodeFactory.ts:6096:34,Object.create,src/compiler/factory/nodeFactory.ts:6096:34: Adamic 0.1 refuses Object.create; prototypes expose or replace fields outside the declared shape; use a declared object or class with composition
Refused,src/compiler/factory/nodeFactory.ts:6120:22,"a value of type SourceFile seen as Mutable<SourceFile>, whose readonly field pos becomes writable: a readonly field may hold something narrower than number, which a write of number would replace","src/compiler/factory/nodeFactory.ts:6120:22: Adamic 0.1 refuses a value of type SourceFile seen as Mutable<SourceFile>, whose readonly field pos becomes writable: a readonly field may hold something narrower than number, which a write of number would replace; keep pos readonly in the type it's seen as, or copy the value ({ ...value }) (adamic/invariant-mutable); use a proven upcast, cast a discriminated object union with unique literal or enum tags to members or a sub-union, or downcast along nominal class ancestry (adamic/no-unchecked-cast)"
Refused,src/compiler/factory/nodeFactory.ts:6135:22,a cast the runtime can't check,"src/compiler/factory/nodeFactory.ts:6135:22: Adamic 0.1 refuses a cast the runtime can't check; use a proven upcast, cast a discriminated object union with unique literal or enum tags to members or a sub-union, or downcast along nominal class ancestry (adamic/no-unchecked-cast)"
Refused,src/compiler/factory/nodeFactory.ts:6327:23,a cast the runtime can't check,"src/compiler/factory/nodeFactory.ts:6327:23: Adamic 0.1 refuses a cast the runtime can't check; use a proven upcast, cast a discriminated object union with unique literal or enum tags to members or a sub-union, or downcast along nominal class ancestry (adamic/no-unchecked-cast)"
Refused,src/compiler/factory/nodeFactory.ts:6351:23,a cast the runtime can't check,"src/compiler/factory/nodeFactory.ts:6351:23: Adamic 0.1 refuses a cast the runtime can't check; use a proven upcast, cast a discriminated object union with unique literal or enum tags to members or a sub-union, or downcast along nominal class ancestry (adamic/no-unchecked-cast)"
Refused,src/compiler/factory/nodeFactory.ts:6368:24,overload 1 of cloneNode type parameter T cannot satisfy implementation parameter T,src/compiler/factory/nodeFactory.ts:6368:24: Adamic 0.1 refuses overload 1 of cloneNode type parameter T cannot satisfy implementation parameter T; make implementation constraints accept every type admitted by the overload
Refused,src/compiler/factory/utilities.ts:218:23,"a value of type Identifier seen as Mutable<Identifier>, whose readonly field pos becomes writable: a readonly field may hold something narrower than number, which a write of number would replace","src/compiler/factory/utilities.ts:218:23: Adamic 0.1 refuses a value of type Identifier seen as Mutable<Identifier>, whose readonly field pos becomes writable: a readonly field may hold something narrower than number, which a write of number would replace; keep pos readonly in the type it's seen as, or copy the value ({ ...value }) (adamic/invariant-mutable); use a proven upcast, cast a discriminated object union with unique literal or enum tags to members or a sub-union, or downcast along nominal class ancestry (adamic/no-unchecked-cast)"
Refused,src/compiler/factory/utilities.ts:654:1,overload 1 of skipOuterExpressions result T cannot be served by implementation result Node,src/compiler/factory/utilities.ts:654:1: Adamic 0.1 refuses overload 1 of skipOuterExpressions result T cannot be served by implementation result Node; make the implementation result covariant with every overload result
Refused,src/compiler/factory/utilities.ts:656:1,overload 2 of skipOuterExpressions result Expression cannot be served by implementation result Node,src/compiler/factory/utilities.ts:656:1: Adamic 0.1 refuses overload 2 of skipOuterExpressions result Expression cannot be served by implementation result Node; make the implementation result covariant with every overload result
Refused,src/compiler/moduleNameResolver.ts:1348:20,a cast the runtime can't check,"src/compiler/moduleNameResolver.ts:1348:20: Adamic 0.1 refuses a cast the runtime can't check; use a proven upcast, cast a discriminated object union with unique literal or enum tags to members or a sub-union, or downcast along nominal class ancestry (adamic/no-unchecked-cast)"
Refused,src/compiler/moduleNameResolver.ts:1625:66,a cast the runtime can't check,"src/compiler/moduleNameResolver.ts:1625:66: Adamic 0.1 refuses a cast the runtime can't check; use a proven upcast, cast a discriminated object union with unique literal or enum tags to members or a sub-union, or downcast along nominal class ancestry (adamic/no-unchecked-cast)"
Refused,src/compiler/moduleNameResolver.ts:2008:34,a cast the runtime can't check,"src/compiler/moduleNameResolver.ts:2008:34: Adamic 0.1 refuses a cast the runtime can't check; use a proven upcast, cast a discriminated object union with unique literal or enum tags to members or a sub-union, or downcast along nominal class ancestry (adamic/no-unchecked-cast)"
Refused,src/compiler/moduleNameResolver.ts:2468:30,a cast the runtime can't check,"src/compiler/moduleNameResolver.ts:2468:30: Adamic 0.1 refuses a cast the runtime can't check; use a proven upcast, cast a discriminated object union with unique literal or enum tags to members or a sub-union, or downcast along nominal class ancestry (adamic/no-unchecked-cast)"
Refused,src/compiler/moduleNameResolver.ts:2529:64,a cast the runtime can't check,"src/compiler/moduleNameResolver.ts:2529:64: Adamic 0.1 refuses a cast the runtime can't check; use a proven upcast, cast a discriminated object union with unique literal or enum tags to members or a sub-union, or downcast along nominal class ancestry (adamic/no-unchecked-cast)"
Refused,src/compiler/moduleNameResolver.ts:3066:38,a cast the runtime can't check,"src/compiler/moduleNameResolver.ts:3066:38: Adamic 0.1 refuses a cast the runtime can't check; use a proven upcast, cast a discriminated object union with unique literal or enum tags to members or a sub-union, or downcast along nominal class ancestry (adamic/no-unchecked-cast)"
Refused,src/compiler/moduleNameResolver.ts:3336:34,a cast the runtime can't check,"src/compiler/moduleNameResolver.ts:3336:34: Adamic 0.1 refuses a cast the runtime can't check; use a proven upcast, cast a discriminated object union with unique literal or enum tags to members or a sub-union, or downcast along nominal class ancestry (adamic/no-unchecked-cast)"
Refused,src/compiler/parser.ts:10770:20,a cast the runtime can't check,"src/compiler/parser.ts:10770:20: Adamic 0.1 refuses a cast the runtime can't check; use a proven upcast, cast a discriminated object union with unique literal or enum tags to members or a sub-union, or downcast along nominal class ancestry (adamic/no-unchecked-cast)"
Refused,src/compiler/parser.ts:10784:18,a cast the runtime can't check,"src/compiler/parser.ts:10784:18: Adamic 0.1 refuses a cast the runtime can't check; use a proven upcast, cast a discriminated object union with unique literal or enum tags to members or a sub-union, or downcast along nominal class ancestry (adamic/no-unchecked-cast)"
Refused,src/compiler/parser.ts:1709:31,a cast the runtime can't check,"src/compiler/parser.ts:1709:31: Adamic 0.1 refuses a cast the runtime can't check; use a proven upcast, cast a discriminated object union with unique literal or enum tags to members or a sub-union, or downcast along nominal class ancestry (adamic/no-unchecked-cast)"
Refused,src/compiler/parser.ts:1730:24,a cast the runtime can't check,"src/compiler/parser.ts:1730:24: Adamic 0.1 refuses a cast the runtime can't check; use a proven upcast, cast a discriminated object union with unique literal or enum tags to members or a sub-union, or downcast along nominal class ancestry (adamic/no-unchecked-cast)"
Refused,src/compiler/parser.ts:2523:59,overload 1 of parseOptionalToken parameter t cannot be served by implementation parameter t,"src/compiler/parser.ts:2523:59: Adamic 0.1 refuses overload 1 of parseOptionalToken parameter t cannot be served by implementation parameter t; make the implementation accept every value admitted by this overload, without mutable widening or bivariance"
Refused,src/compiler/parser.ts:2716:26,a cast the runtime can't check,"src/compiler/parser.ts:2716:26: Adamic 0.1 refuses a cast the runtime can't check; use a proven upcast, cast a discriminated object union with unique literal or enum tags to members or a sub-union, or downcast along nominal class ancestry (adamic/no-unchecked-cast)"
Refused,src/compiler/parser.ts:3395:36,a cast the runtime can't check,"src/compiler/parser.ts:3395:36: Adamic 0.1 refuses a cast the runtime can't check; use a proven upcast, cast a discriminated object union with unique literal or enum tags to members or a sub-union, or downcast along nominal class ancestry (adamic/no-unchecked-cast)"
Refused,src/compiler/parser.ts:3405:27,a cast the runtime can't check,"src/compiler/parser.ts:3405:27: Adamic 0.1 refuses a cast the runtime can't check; use a proven upcast, cast a discriminated object union with unique literal or enum tags to members or a sub-union, or downcast along nominal class ancestry (adamic/no-unchecked-cast)"
Refused,src/compiler/parser.ts:3570:22,a cast the runtime can't check,"src/compiler/parser.ts:3570:22: Adamic 0.1 refuses a cast the runtime can't check; use a proven upcast, cast a discriminated object union with unique literal or enum tags to members or a sub-union, or downcast along nominal class ancestry (adamic/no-unchecked-cast)"
Refused,src/compiler/parser.ts:3815:46,a cast the runtime can't check,"src/compiler/parser.ts:3815:46: Adamic 0.1 refuses a cast the runtime can't check; use a proven upcast, cast a discriminated object union with unique literal or enum tags to members or a sub-union, or downcast along nominal class ancestry (adamic/no-unchecked-cast)"
Refused,src/compiler/parser.ts:8013:5,overload 1 of parseModifiers result NodeArray<Modifier> | undefined cannot be served by implementation result NodeArray<ModifierLike> | undefined,src/compiler/parser.ts:8013:5: Adamic 0.1 refuses overload 1 of parseModifiers result NodeArray<Modifier> | undefined cannot be served by implementation result NodeArray<ModifierLike> | undefined; make the implementation result covariant with every overload result
Refused,src/compiler/parser.ts:8845:32,a cast the runtime can't check,"src/compiler/parser.ts:8845:32: Adamic 0.1 refuses a cast the runtime can't check; use a proven upcast, cast a discriminated object union with unique literal or enum tags to members or a sub-union, or downcast along nominal class ancestry (adamic/no-unchecked-cast)"
Refused,src/compiler/parser.ts:9216:27,a cast the runtime can't check,"src/compiler/parser.ts:9216:27: Adamic 0.1 refuses a cast the runtime can't check; use a proven upcast, cast a discriminated object union with unique literal or enum tags to members or a sub-union, or downcast along nominal class ancestry (adamic/no-unchecked-cast)"
Refused,src/compiler/path.ts:278:1,overload 1 of getDirectoryPath result Path cannot be served by implementation result string,src/compiler/path.ts:278:1: Adamic 0.1 refuses overload 1 of getDirectoryPath result Path cannot be served by implementation result string; make the implementation result covariant with every overload result
Refused,src/compiler/path.ts:492:1,overload 1 of getPathComponents result PathPathComponents cannot be served by implementation result string[],src/compiler/path.ts:492:1: Adamic 0.1 refuses overload 1 of getPathComponents result PathPathComponents cannot be served by implementation result string[]; make the implementation result covariant with every overload result
Refused,src/compiler/path.ts:803:1,overload 1 of ensureTrailingDirectorySeparator result Path cannot be served by implementation result string,src/compiler/path.ts:803:1: Adamic 0.1 refuses overload 1 of ensureTrailingDirectorySeparator result Path cannot be served by implementation result string; make the implementation result covariant with every overload result
Refused,src/compiler/program.ts:3409:38,a cast the runtime can't check,"src/compiler/program.ts:3409:38: Adamic 0.1 refuses a cast the runtime can't check; use a proven upcast, cast a discriminated object union with unique literal or enum tags to members or a sub-union, or downcast along nominal class ancestry (adamic/no-unchecked-cast)"
Refused,src/compiler/scanner.ts:1035:5,var,src/compiler/scanner.ts:1035:5: Adamic 0.1 refuses var; use const or let
Refused,src/compiler/scanner.ts:1061:5,var,src/compiler/scanner.ts:1061:5: Adamic 0.1 refuses var; use const or let
Refused,src/compiler/sourcemap.ts:45:5,var,src/compiler/sourcemap.ts:45:5: Adamic 0.1 refuses var; use const or let
Refused,src/compiler/symbolWalker.ts:88:36,a cast the runtime can't check,"src/compiler/symbolWalker.ts:88:36: Adamic 0.1 refuses a cast the runtime can't check; use a proven upcast, cast a discriminated object union with unique literal or enum tags to members or a sub-union, or downcast along nominal class ancestry (adamic/no-unchecked-cast)"
Refused,src/compiler/sys.ts:283:23,a cast the runtime can't check,"src/compiler/sys.ts:283:23: Adamic 0.1 refuses a cast the runtime can't check; use a proven upcast, cast a discriminated object union with unique literal or enum tags to members or a sub-union, or downcast along nominal class ancestry (adamic/no-unchecked-cast)"
Refused,src/compiler/sys.ts:419:25,a cast the runtime can't check,"src/compiler/sys.ts:419:25: Adamic 0.1 refuses a cast the runtime can't check; use a proven upcast, cast a discriminated object union with unique literal or enum tags to members or a sub-union, or downcast along nominal class ancestry (adamic/no-unchecked-cast)"
Refused,src/compiler/transformers/declarations.ts:1806:22,a cast the runtime can't check,"src/compiler/transformers/declarations.ts:1806:22: Adamic 0.1 refuses a cast the runtime can't check; use a proven upcast, cast a discriminated object union with unique literal or enum tags to members or a sub-union, or downcast along nominal class ancestry (adamic/no-unchecked-cast)"
Refused,src/compiler/transformers/es2015.ts:1237:31,a cast the runtime can't check,"src/compiler/transformers/es2015.ts:1237:31: Adamic 0.1 refuses a cast the runtime can't check; use a proven upcast, cast a discriminated object union with unique literal or enum tags to members or a sub-union, or downcast along nominal class ancestry (adamic/no-unchecked-cast)"
Refused,src/compiler/transformers/es2015.ts:1494:31,a cast the runtime can't check,"src/compiler/transformers/es2015.ts:1494:31: Adamic 0.1 refuses a cast the runtime can't check; use a proven upcast, cast a discriminated object union with unique literal or enum tags to members or a sub-union, or downcast along nominal class ancestry (adamic/no-unchecked-cast)"
Refused,src/compiler/transformers/es2015.ts:1643:31,a cast the runtime can't check,"src/compiler/transformers/es2015.ts:1643:31: Adamic 0.1 refuses a cast the runtime can't check; use a proven upcast, cast a discriminated object union with unique literal or enum tags to members or a sub-union, or downcast along nominal class ancestry (adamic/no-unchecked-cast)"
Refused,src/compiler/transformers/es2015.ts:1729:31,a cast the runtime can't check,"src/compiler/transformers/es2015.ts:1729:31: Adamic 0.1 refuses a cast the runtime can't check; use a proven upcast, cast a discriminated object union with unique literal or enum tags to members or a sub-union, or downcast along nominal class ancestry (adamic/no-unchecked-cast)"
Refused,src/compiler/transformers/es2015.ts:1803:33,a cast the runtime can't check,"src/compiler/transformers/es2015.ts:1803:33: Adamic 0.1 refuses a cast the runtime can't check; use a proven upcast, cast a discriminated object union with unique literal or enum tags to members or a sub-union, or downcast along nominal class ancestry (adamic/no-unchecked-cast)"
Refused,src/compiler/transformers/es2015.ts:5047:38,a cast the runtime can't check,"src/compiler/transformers/es2015.ts:5047:38: Adamic 0.1 refuses a cast the runtime can't check; use a proven upcast, cast a discriminated object union with unique literal or enum tags to members or a sub-union, or downcast along nominal class ancestry (adamic/no-unchecked-cast)"
Refused,src/compiler/transformers/es2015.ts:5052:29,a cast the runtime can't check,"src/compiler/transformers/es2015.ts:5052:29: Adamic 0.1 refuses a cast the runtime can't check; use a proven upcast, cast a discriminated object union with unique literal or enum tags to members or a sub-union, or downcast along nominal class ancestry (adamic/no-unchecked-cast)"
Refused,src/compiler/transformers/es2015.ts:5062:29,a cast the runtime can't check,"src/compiler/transformers/es2015.ts:5062:29: Adamic 0.1 refuses a cast the runtime can't check; use a proven upcast, cast a discriminated object union with unique literal or enum tags to members or a sub-union, or downcast along nominal class ancestry (adamic/no-unchecked-cast)"
Refused,src/compiler/transformers/es2018.ts:745:42,a cast the runtime can't check,"src/compiler/transformers/es2018.ts:745:42: Adamic 0.1 refuses a cast the runtime can't check; use a proven upcast, cast a discriminated object union with unique literal or enum tags to members or a sub-union, or downcast along nominal class ancestry (adamic/no-unchecked-cast)"
Refused,src/compiler/transformers/es2020.ts:64:64,a cast the runtime can't check,"src/compiler/transformers/es2020.ts:64:64: Adamic 0.1 refuses a cast the runtime can't check; use a proven upcast, cast a discriminated object union with unique literal or enum tags to members or a sub-union, or downcast along nominal class ancestry (adamic/no-unchecked-cast)"
Refused,src/compiler/transformers/generators.ts:2201:23,a cast the runtime can't check,"src/compiler/transformers/generators.ts:2201:23: Adamic 0.1 refuses a cast the runtime can't check; use a proven upcast, cast a discriminated object union with unique literal or enum tags to members or a sub-union, or downcast along nominal class ancestry (adamic/no-unchecked-cast)"
Refused,src/compiler/transformers/generators.ts:2249:27,a cast the runtime can't check,"src/compiler/transformers/generators.ts:2249:27: Adamic 0.1 refuses a cast the runtime can't check; use a proven upcast, cast a discriminated object union with unique literal or enum tags to members or a sub-union, or downcast along nominal class ancestry (adamic/no-unchecked-cast)"
Refused,src/compiler/transformers/generators.ts:2271:27,a cast the runtime can't check,"src/compiler/transformers/generators.ts:2271:27: Adamic 0.1 refuses a cast the runtime can't check; use a proven upcast, cast a discriminated object union with unique literal or enum tags to members or a sub-union, or downcast along nominal class ancestry (adamic/no-unchecked-cast)"
Refused,src/compiler/transformers/generators.ts:2288:27,a cast the runtime can't check,"src/compiler/transformers/generators.ts:2288:27: Adamic 0.1 refuses a cast the runtime can't check; use a proven upcast, cast a discriminated object union with unique literal or enum tags to members or a sub-union, or downcast along nominal class ancestry (adamic/no-unchecked-cast)"
Refused,src/compiler/transformers/generators.ts:2342:23,a cast the runtime can't check,"src/compiler/transformers/generators.ts:2342:23: Adamic 0.1 refuses a cast the runtime can't check; use a proven upcast, cast a discriminated object union with unique literal or enum tags to members or a sub-union, or downcast along nominal class ancestry (adamic/no-unchecked-cast)"
Refused,src/compiler/transformers/generators.ts:2381:23,a cast the runtime can't check,"src/compiler/transformers/generators.ts:2381:23: Adamic 0.1 refuses a cast the runtime can't check; use a proven upcast, cast a discriminated object union with unique literal or enum tags to members or a sub-union, or downcast along nominal class ancestry (adamic/no-unchecked-cast)"
Refused,src/compiler/transformers/generators.ts:2409:23,a cast the runtime can't check,"src/compiler/transformers/generators.ts:2409:23: Adamic 0.1 refuses a cast the runtime can't check; use a proven upcast, cast a discriminated object union with unique literal or enum tags to members or a sub-union, or downcast along nominal class ancestry (adamic/no-unchecked-cast)"
Refused,src/compiler/transformers/jsx.ts:319:25,a cast the runtime can't check,"src/compiler/transformers/jsx.ts:319:25: Adamic 0.1 refuses a cast the runtime can't check; use a proven upcast, cast a discriminated object union with unique literal or enum tags to members or a sub-union, or downcast along nominal class ancestry (adamic/no-unchecked-cast)"
Refused,src/compiler/transformers/module/module.ts:1439:38,a cast the runtime can't check,"src/compiler/transformers/module/module.ts:1439:38: Adamic 0.1 refuses a cast the runtime can't check; use a proven upcast, cast a discriminated object union with unique literal or enum tags to members or a sub-union, or downcast along nominal class ancestry (adamic/no-unchecked-cast)"
Refused,src/compiler/transformers/ts.ts:2192:55,a cast the runtime can't check,"src/compiler/transformers/ts.ts:2192:55: Adamic 0.1 refuses a cast the runtime can't check; use a proven upcast, cast a discriminated object union with unique literal or enum tags to members or a sub-union, or downcast along nominal class ancestry (adamic/no-unchecked-cast)"
Refused,src/compiler/transformers/ts.ts:2202:37,a cast the runtime can't check,"src/compiler/transformers/ts.ts:2202:37: Adamic 0.1 refuses a cast the runtime can't check; use a proven upcast, cast a discriminated object union with unique literal or enum tags to members or a sub-union, or downcast along nominal class ancestry (adamic/no-unchecked-cast)"
Refused,src/compiler/transformers/typeSerializer.ts:374:34,a cast the runtime can't check,"src/compiler/transformers/typeSerializer.ts:374:34: Adamic 0.1 refuses a cast the runtime can't check; use a proven upcast, cast a discriminated object union with unique literal or enum tags to members or a sub-union, or downcast along nominal class ancestry (adamic/no-unchecked-cast)"
Refused,src/compiler/tsbuildPublic.ts:313:18,an unproven relation from SolutionBuilderHostBase<T> to SolutionBuilderHost<T>: optional field reportErrorSummary has no proven compatible presence/type,"src/compiler/tsbuildPublic.ts:313:18: Adamic 0.1 refuses an unproven relation from SolutionBuilderHostBase<T> to SolutionBuilderHost<T>: optional field reportErrorSummary has no proven compatible presence/type; keep compatible optional fields in both views, or construct an object with explicitly compatible fields (adamic/no-optional-widening); use a proven upcast, cast a discriminated object union with unique literal or enum tags to members or a sub-union, or downcast along nominal class ancestry (adamic/no-unchecked-cast)"
Refused,src/compiler/tsbuildPublic.ts:325:18,a cast the runtime can't check,"src/compiler/tsbuildPublic.ts:325:18: Adamic 0.1 refuses a cast the runtime can't check; use a proven upcast, cast a discriminated object union with unique literal or enum tags to members or a sub-union, or downcast along nominal class ancestry (adamic/no-unchecked-cast)"
Refused,src/compiler/utilities.ts:10609:28,a cast the runtime can't check,"src/compiler/utilities.ts:10609:28: Adamic 0.1 refuses a cast the runtime can't check; use a proven upcast, cast a discriminated object union with unique literal or enum tags to members or a sub-union, or downcast along nominal class ancestry (adamic/no-unchecked-cast)"
Refused,src/compiler/utilities.ts:11908:34,a cast the runtime can't check,"src/compiler/utilities.ts:11908:34: Adamic 0.1 refuses a cast the runtime can't check; use a proven upcast, cast a discriminated object union with unique literal or enum tags to members or a sub-union, or downcast along nominal class ancestry (adamic/no-unchecked-cast)"
Refused,src/compiler/utilities.ts:2010:30,an unproven relation from LiteralLikeNode to TemplateLiteralLikeNode: optional field rawText has no proven compatible presence/type,"src/compiler/utilities.ts:2010:30: Adamic 0.1 refuses an unproven relation from LiteralLikeNode to TemplateLiteralLikeNode: optional field rawText has no proven compatible presence/type; keep compatible optional fields in both views, or construct an object with explicitly compatible fields (adamic/no-optional-widening); use a proven upcast, cast a discriminated object union with unique literal or enum tags to members or a sub-union, or downcast along nominal class ancestry (adamic/no-unchecked-cast)"
Refused,src/compiler/utilities.ts:2576:56,a cast the runtime can't check,"src/compiler/utilities.ts:2576:56: Adamic 0.1 refuses a cast the runtime can't check; use a proven upcast, cast a discriminated object union with unique literal or enum tags to members or a sub-union, or downcast along nominal class ancestry (adamic/no-unchecked-cast)"
Refused,src/compiler/utilities.ts:2582:54,a cast the runtime can't check,"src/compiler/utilities.ts:2582:54: Adamic 0.1 refuses a cast the runtime can't check; use a proven upcast, cast a discriminated object union with unique literal or enum tags to members or a sub-union, or downcast along nominal class ancestry (adamic/no-unchecked-cast)"
Refused,src/compiler/utilities.ts:2586:54,a cast the runtime can't check,"src/compiler/utilities.ts:2586:54: Adamic 0.1 refuses a cast the runtime can't check; use a proven upcast, cast a discriminated object union with unique literal or enum tags to members or a sub-union, or downcast along nominal class ancestry (adamic/no-unchecked-cast)"
Refused,src/compiler/utilities.ts:2590:54,a cast the runtime can't check,"src/compiler/utilities.ts:2590:54: Adamic 0.1 refuses a cast the runtime can't check; use a proven upcast, cast a discriminated object union with unique literal or enum tags to members or a sub-union, or downcast along nominal class ancestry (adamic/no-unchecked-cast)"
Refused,src/compiler/utilities.ts:2594:44,a cast the runtime can't check,"src/compiler/utilities.ts:2594:44: Adamic 0.1 refuses a cast the runtime can't check; use a proven upcast, cast a discriminated object union with unique literal or enum tags to members or a sub-union, or downcast along nominal class ancestry (adamic/no-unchecked-cast)"
Refused,src/compiler/utilities.ts:2708:16,a cast the runtime can't check,"src/compiler/utilities.ts:2708:16: Adamic 0.1 refuses a cast the runtime can't check; use a proven upcast, cast a discriminated object union with unique literal or enum tags to members or a sub-union, or downcast along nominal class ancestry (adamic/no-unchecked-cast)"
Refused,src/compiler/utilities.ts:3182:1,overload 1 of getThisContainer result ThisContainer cannot be served by implementation result ArrowFunction | ComputedPropertyName | ThisContainer,src/compiler/utilities.ts:3182:1: Adamic 0.1 refuses overload 1 of getThisContainer result ThisContainer cannot be served by implementation result ArrowFunction | ComputedPropertyName | ThisContainer; make the implementation result covariant with every overload result
Refused,src/compiler/utilities.ts:3335:1,overload 1 of getSuperContainer result SuperContainer | undefined cannot be served by implementation result SuperContainerOrFunctions | undefined,src/compiler/utilities.ts:3335:1: Adamic 0.1 refuses overload 1 of getSuperContainer result SuperContainer | undefined cannot be served by implementation result SuperContainerOrFunctions | undefined; make the implementation result covariant with every overload result
Refused,src/compiler/utilities.ts:3847:45,a cast the runtime can't check,"src/compiler/utilities.ts:3847:45: Adamic 0.1 refuses a cast the runtime can't check; use a proven upcast, cast a discriminated object union with unique literal or enum tags to members or a sub-union, or downcast along nominal class ancestry (adamic/no-unchecked-cast)"
Refused,src/compiler/utilities.ts:5041:1,overload 1 of skipParentheses result Expression cannot be served by implementation result Node,src/compiler/utilities.ts:5041:1: Adamic 0.1 refuses overload 1 of skipParentheses result Expression cannot be served by implementation result Node; make the implementation result covariant with every overload result
Refused,src/compiler/utilities.ts:5639:75,a cast the runtime can't check,"src/compiler/utilities.ts:5639:75: Adamic 0.1 refuses a cast the runtime can't check; use a proven upcast, cast a discriminated object union with unique literal or enum tags to members or a sub-union, or downcast along nominal class ancestry (adamic/no-unchecked-cast)"
Refused,src/compiler/utilities.ts:5686:75,a cast the runtime can't check,"src/compiler/utilities.ts:5686:75: Adamic 0.1 refuses a cast the runtime can't check; use a proven upcast, cast a discriminated object union with unique literal or enum tags to members or a sub-union, or downcast along nominal class ancestry (adamic/no-unchecked-cast)"
Refused,src/compiler/utilities.ts:6303:5,var,src/compiler/utilities.ts:6303:5: Adamic 0.1 refuses var; use const or let
Refused,src/compiler/utilities.ts:674:5,var,src/compiler/utilities.ts:674:5: Adamic 0.1 refuses var; use const or let
Refused,src/compiler/utilities.ts:6895:19,a cast the runtime can't check,"src/compiler/utilities.ts:6895:19: Adamic 0.1 refuses a cast the runtime can't check; use a proven upcast, cast a discriminated object union with unique literal or enum tags to members or a sub-union, or downcast along nominal class ancestry (adamic/no-unchecked-cast)"
Refused,src/compiler/utilities.ts:8054:29,a cast the runtime can't check,"src/compiler/utilities.ts:8054:29: Adamic 0.1 refuses a cast the runtime can't check; use a proven upcast, cast a discriminated object union with unique literal or enum tags to members or a sub-union, or downcast along nominal class ancestry (adamic/no-unchecked-cast)"
Refused,src/compiler/utilitiesPublic.ts:1431:1,overload 1 of skipPartiallyEmittedExpressions result Expression cannot be served by implementation result Node,src/compiler/utilitiesPublic.ts:1431:1: Adamic 0.1 refuses overload 1 of skipPartiallyEmittedExpressions result Expression cannot be served by implementation result Node; make the implementation result covariant with every overload result
Refused,src/compiler/utilitiesPublic.ts:786:1,overload 1 of findAncestor result T | undefined cannot be served by implementation result Node | undefined,src/compiler/utilitiesPublic.ts:786:1: Adamic 0.1 refuses overload 1 of findAncestor result T | undefined cannot be served by implementation result Node | undefined; make the implementation result covariant with every overload result
Refused,src/compiler/utilitiesPublic.ts:866:33,a cast the runtime can't check,"src/compiler/utilitiesPublic.ts:866:33: Adamic 0.1 refuses a cast the runtime can't check; use a proven upcast, cast a discriminated object union with unique literal or enum tags to members or a sub-union, or downcast along nominal class ancestry (adamic/no-unchecked-cast)"
Refused,src/compiler/utilitiesPublic.ts:957:30,a cast the runtime can't check,"src/compiler/utilitiesPublic.ts:957:30: Adamic 0.1 refuses a cast the runtime can't check; use a proven upcast, cast a discriminated object union with unique literal or enum tags to members or a sub-union, or downcast along nominal class ancestry (adamic/no-unchecked-cast)"
Refused,src/compiler/utilitiesPublic.ts:965:26,a cast the runtime can't check,"src/compiler/utilitiesPublic.ts:965:26: Adamic 0.1 refuses a cast the runtime can't check; use a proven upcast, cast a discriminated object union with unique literal or enum tags to members or a sub-union, or downcast along nominal class ancestry (adamic/no-unchecked-cast)"
Refused,src/compiler/utilitiesPublic.ts:985:36,a cast the runtime can't check,"src/compiler/utilitiesPublic.ts:985:36: Adamic 0.1 refuses a cast the runtime can't check; use a proven upcast, cast a discriminated object union with unique literal or enum tags to members or a sub-union, or downcast along nominal class ancestry (adamic/no-unchecked-cast)"
Refused,src/compiler/visitorPublic.ts:508:1,overload 1 of visitFunctionBody result Block cannot be served by implementation result ConciseBody | undefined,src/compiler/visitorPublic.ts:508:1: Adamic 0.1 refuses overload 1 of visitFunctionBody result Block cannot be served by implementation result ConciseBody | undefined; make the implementation result covariant with every overload result
Refused,src/compiler/watch.ts:221:39,a cast the runtime can't check,"src/compiler/watch.ts:221:39: Adamic 0.1 refuses a cast the runtime can't check; use a proven upcast, cast a discriminated object union with unique literal or enum tags to members or a sub-union, or downcast along nominal class ancestry (adamic/no-unchecked-cast)"
Refused,src/compiler/watch.ts:873:20,a cast the runtime can't check,"src/compiler/watch.ts:873:20: Adamic 0.1 refuses a cast the runtime can't check; use a proven upcast, cast a discriminated object union with unique literal or enum tags to members or a sub-union, or downcast along nominal class ancestry (adamic/no-unchecked-cast)"
Refused,src/compiler/watch.ts:934:18,a cast the runtime can't check,"src/compiler/watch.ts:934:18: Adamic 0.1 refuses a cast the runtime can't check; use a proven upcast, cast a discriminated object union with unique literal or enum tags to members or a sub-union, or downcast along nominal class ancestry (adamic/no-unchecked-cast)"
Refused,src/compiler/watch.ts:965:18,a cast the runtime can't check,"src/compiler/watch.ts:965:18: Adamic 0.1 refuses a cast the runtime can't check; use a proven upcast, cast a discriminated object union with unique literal or enum tags to members or a sub-union, or downcast along nominal class ancestry (adamic/no-unchecked-cast)"
error,,statement panic: runtime error: invalid memory address or nil pointer dereference,statement panic: runtime error: invalid memory address or nil pointer dereference
