seed500019.a	undefined where the checker narrowed it away: a call since t	let local_73_walk = adamicDefined(local_8_chain, "undefined where the checker narrowed it away: a call since the narrowing put it back");
seed500219.a	undefined where the checker narrowed it away: a call since t	local_7_chain = ({"value": (true ? local_0_holder["value"] : local_0_holder["value"]), "label": "\udf0d", "next": adamicDefined(local_7_chain, "undefined where the checker narrowed it away: a call since the narrowing put
seed500151.a	index NaN is outside an array of length 2	adamicSetIndex(local_3_texts2, (Math.abs(Math.trunc(Number.parseFloat(local_0_holder["name"]))) % local_3_texts2.length), "xy");
seed500097.a	undefined where the checker narrowed it away: a call since t	local_7_chain = ({"value": (adamicFind(local_0_holder["list"], "find", new AdamicClosure(function_20_closure, [])) ?? (2)), "label": "\ud83c\udf0d", "next": adamicDefined(local_7_chain, "undefined where the checker narro
seed500023.a	TypeError: Cannot read properties of undefined (reading 'nex	local_8_chain = adamicDefined(local_8_chain, "TypeError: Cannot read properties of undefined (reading 'next')")?.["next"];
seed500155.a	index NaN is outside an array of length 2	adamicSetIndex((ready_0 ? local_0_holder : adamicUnready("holder"))["list"], (Math.abs(Math.trunc(Number.parseFloat(local_31_this["label"]))) % (ready_0 ? local_0_holder : adamicUnready("holder"))["list"].length), (ready
seed500249.a	index NaN is outside an array of length 12	adamicSetIndex((ready_0 ? local_0_holder : adamicUnready("holder"))["list"], (Math.abs(Math.trunc(adamicCall((ready_9 ? local_9_capture : adamicUnready("capture")), [Number.parseInt((ready_1 ? local_1_counter : adamicUnr
seed500100.a	undefined where the checker narrowed it away: a call since t	let local_44_walk = adamicDefined(local_8_chain, "undefined where the checker narrowed it away: a call since the narrowing put it back");
seed500170.a	TypeError: Cannot read properties of undefined (reading 'nex	local_6_chain = adamicDefined(local_6_chain, "TypeError: Cannot read properties of undefined (reading 'next')")?.["next"];
seed500256.a	TypeError: Cannot read properties of undefined (reading 'nex	local_6_chain = adamicDefined(local_6_chain, "TypeError: Cannot read properties of undefined (reading 'next')")?.["next"];
seed500024.a	undefined where the checker narrowed it away: a call since t	local_6_chain = ({"value": "".lastIndexOf(local_3_text2), "label": String("".charCodeAt(local_0_holder["value"])), "next": adamicDefined(local_6_chain, "undefined where the checker narrowed it away: a call since the narr
seed500106.a	undefined where the checker narrowed it away: a call since t	let local_54_walk = adamicDefined(local_6_chain, "undefined where the checker narrowed it away: a call since the narrowing put it back");
seed500174.a	TypeError: Cannot read properties of undefined (reading 'nex	local_7_chain = adamicDefined(local_7_chain, "TypeError: Cannot read properties of undefined (reading 'next')")?.["next"];
seed500271.a	undefined where the checker narrowed it away: a call since t	local_8_chain = ({"value": local_0_holder["value"], "label": String((adamicFind([(0), (4.294967295e+09)], "find", new AdamicClosure(function_18_closure, [])) ?? (-(3)))), "next": adamicDefined(local_8_chain, "undefined w
seed500036.a	undefined where the checker narrowed it away: a call since t	local_8_chain = ({"value": function_8_Counter_bump(local_1_counter, adamicReduce(local_7_pending, new AdamicClosure(function_19_closure, []), (0))), "label": " pad ", "next": adamicDefined(local_8_chain, "undefined where
seed500110.a	undefined where the checker narrowed it away: a call since t	let local_70_walk = adamicDefined(local_7_chain, "undefined where the checker narrowed it away: a call since the narrowing put it back");
seed500175.a	TypeError: Cannot read properties of undefined (reading 'nex	local_8_chain = adamicDefined(local_8_chain, "TypeError: Cannot read properties of undefined (reading 'next')")?.["next"];
seed500282.a	index NaN is outside an array of length 1	adamicSetIndex(local_0_holder["list"], (Math.abs(Math.trunc(adamicCall(local_9_tally3, [(local_0_holder["list"].at((-(3))) ?? (1.5))]))) % local_0_holder["list"].length), function_2_effect4(local_0_holder["list"].concat(
seed500039.a	undefined where the checker narrowed it away: a call since t	let local_50_walk = adamicDefined(local_7_chain, "undefined where the checker narrowed it away: a call since the narrowing put it back");
seed500115.a	index 0 is outside an array of length 0	adamicSetIndex(local_0_holder["list"], (Math.abs(Math.trunc(local_33_index21)) % local_0_holder["list"].length), function_7_Counter_bump(local_1_counter, (0)));
seed500180.a	index NaN is outside an array of length 10	adamicSetIndex((ready_0 ? local_0_holder : adamicUnready("holder"))["list"], (Math.abs(Math.trunc(adamicReduce((ready_7 ? local_7_pending : adamicUnready("pending")), new AdamicClosure(function_17_closure, []), (0)))) % 
seed500287.a	undefined where the checker narrowed it away: a call since t	let local_44_walk = adamicDefined(local_7_chain, "undefined where the checker narrowed it away: a call since the narrowing put it back");
seed500063.a	index NaN is outside an array of length 2	adamicSetIndex((ready_0 ? local_0_holder : adamicUnready("holder"))["list"], (Math.abs(Math.trunc((local_23_amount - (ready_0 ? local_0_holder : adamicUnready("holder"))["value"]))) % (ready_0 ? local_0_holder : adamicUn
seed500120.a	undefined where the checker narrowed it away: a call since t	let local_69_walk = adamicDefined(local_7_chain, "undefined where the checker narrowed it away: a call since the narrowing put it back");
seed500187.a	index 0 is outside an array of length 0	adamicSetIndex((ready_5 ? local_5_numbers4 : adamicUnready("numbers4")), (Math.abs(Math.trunc(function_6_Counter_bump((ready_1 ? local_1_counter : adamicUnready("counter")), function_6_Counter_bump((ready_1 ? local_1_cou
seed500300.a	undefined where the checker narrowed it away: a call since t	let local_59_walk = adamicDefined(local_6_chain, "undefined where the checker narrowed it away: a call since the narrowing put it back");
seed500070.a	undefined where the checker narrowed it away: a call since t	let local_61_walk = adamicDefined(local_7_chain, "undefined where the checker narrowed it away: a call since the narrowing put it back");
seed500214.a	index NaN is outside an array of length 2	adamicSetIndex(local_14_parameter5, (Math.abs(Math.trunc(((ready_0 ? local_0_holder : adamicUnready("holder"))["value"] / (0)))) % local_14_parameter5.length), local_18_index9);
seed500301.a	undefined where the checker narrowed it away: a call since t	local_8_chain = ({"value": function_3_effect13([(1e+21), (0.5)]), "label": "", "next": adamicDefined(local_8_chain, "undefined where the checker narrowed it away: a call since the narrowing put it back")});
seed500121.a	index NaN is outside an array of length 1	adamicSetIndex((ready_0 ? local_0_holder : adamicUnready("holder"))["list"], (Math.abs(Math.trunc((function_0_head()?.["next"]?.["value"] ?? (2)))) % (ready_0 ? local_0_holder : adamicUnready("holder"))["list"].length), 
seed500080.a	undefined where the checker narrowed it away: a call since t	let local_63_walk = adamicDefined(local_6_chain, "undefined where the checker narrowed it away: a call since the narrowing put it back");
seed500215.a	index NaN is outside an array of length 2	adamicSetIndex(local_0_holder["list"], (Math.abs(Math.trunc(adamicCall(local_11_tally5, [Number.parseInt(local_0_holder["name"], (10))]))) % local_0_holder["list"].length), adamicMap(["a\ud83c"], new AdamicClosure(functi
seed500312.a	index NaN is outside an array of length 0	adamicSetIndex(local_0_holder["list"], (Math.abs(Math.trunc(function_2_effect5((local_0_holder["list"].splice((-(1)), (1))[(0)] ?? (-(1))), function_3_effect11(function_3_effect11())))) % local_0_holder["list"].length), 
seed500125.a	undefined where the checker narrowed it away: a call since t	let local_79_walk = adamicDefined(local_6_chain, "undefined where the checker narrowed it away: a call since the narrowing put it back");
seed500084.a	index NaN is outside an array of length 2	adamicSetIndex((ready_0 ? local_0_holder : adamicUnready("holder"))["list"], (Math.abs(Math.trunc(Number.parseFloat(local_22_this["label"]))) % (ready_0 ? local_0_holder : adamicUnready("holder"))["list"].length), (100))
seed500092.a	undefined where the checker narrowed it away: a call since t	let local_95_walk = adamicDefined(local_8_chain, "undefined where the checker narrowed it away: a call since the narrowing put it back");
seed500128.a	undefined where the checker narrowed it away: a call since t	let local_75_walk = adamicDefined(local_6_chain, "undefined where the checker narrowed it away: a call since the narrowing put it back");
seed500315.a	index NaN is outside an array of length 3	adamicSetIndex((ready_2 ? local_2_numbers4 : adamicUnready("numbers4")), (Math.abs(Math.trunc(((ready_7 ? local_7_captured : adamicUnready("captured")) % (ready_1 ? local_1_counter : adamicUnready("counter"))["count"])))
seed500217.a	TypeError: Cannot read properties of undefined (reading 'nex	local_6_chain = adamicDefined(local_6_chain, "TypeError: Cannot read properties of undefined (reading 'next')")?.["next"];
seed500319.a	undefined where the checker narrowed it away: a call since t	let local_32_walk = adamicDefined(local_8_chain, "undefined where the checker narrowed it away: a call since the narrowing put it back");
seed500133.a	undefined where the checker narrowed it away: a call since t	let local_65_walk = adamicDefined(local_6_chain, "undefined where the checker narrowed it away: a call since the narrowing put it back");
seed500438.a	undefined where the checker narrowed it away: a call since t	local_6_chain = ({"value": Math.max(local_1_counter["count"], local_7_captured), "label": String((function_0_head()?.["next"]?.["value"] ?? (4.294967295e+09))), "next": adamicDefined(local_6_chain, "undefined where the c
seed500376.a	undefined where the checker narrowed it away: a call since t	let local_62_walk = adamicDefined(local_6_chain, "undefined where the checker narrowed it away: a call since the narrowing put it back");
seed500322.a	undefined where the checker narrowed it away: a call since t	let local_63_walk = adamicDefined(local_8_chain, "undefined where the checker narrowed it away: a call since the narrowing put it back");
seed500382.a	undefined where the checker narrowed it away: a call since t	let local_59_walk = adamicDefined(local_7_chain, "undefined where the checker narrowed it away: a call since the narrowing put it back");
seed500440.a	undefined where the checker narrowed it away: a call since t	let local_74_walk = adamicDefined(local_8_chain, "undefined where the checker narrowed it away: a call since the narrowing put it back");
seed500470.a	index NaN is outside an array of length 1	adamicSetIndex((ready_0 ? local_0_holder : adamicUnready("holder"))["list"], (Math.abs(Math.trunc((-local_52_parameter39_cell.value))) % (ready_0 ? local_0_holder : adamicUnready("holder"))["list"].length), (Number.parse
seed500330.a	undefined where the checker narrowed it away: a call since t	local_7_chain = ({"value": (function_0_head()?.["next"]?.["next"]?.["value"] ?? (255)), "label": "xy", "next": adamicDefined(local_7_chain, "undefined where the checker narrowed it away: a call since the narrowing put it
seed500446.a	index NaN is outside an array of length 2	adamicSetIndex(local_4_texts3, (Math.abs(Math.trunc(Math.pow(local_1_counter["count"], local_1_counter["count"]))) % local_4_texts3.length), "hello");
seed500385.a	index NaN is outside an array of length 2	adamicSetIndex(local_25_parameter17, (Math.abs(Math.trunc(Number.parseFloat(local_24_parameter16))) % local_25_parameter17.length), ((function_0_head()?.["next"]?.["value"] ?? function_0_head()?.["value"]) ?? (123.456)))
seed500472.a	undefined where the checker narrowed it away: a call since t	let local_74_walk = adamicDefined(local_8_chain, "undefined where the checker narrowed it away: a call since the narrowing put it back");
seed500333.a	undefined where the checker narrowed it away: a call since t	local_8_chain = ({"value": adamicReduce(local_0_holder["list"], new AdamicClosure(function_11_closure, []), (2)), "label": String(Math.max(local_1_counter["count"], local_36_index22)), "next": adamicDefined(local_8_chain
seed500475.a	index NaN is outside an array of length 2	adamicSetIndex((ready_0 ? local_0_holder : adamicUnready("holder"))["list"], (Math.abs(Math.trunc((ready_0 ? local_0_holder : adamicUnready("holder"))["value"])) % (ready_0 ? local_0_holder : adamicUnready("holder"))["li
seed500449.a	index NaN is outside an array of length 0	adamicSetIndex((ready_0 ? local_0_holder : adamicUnready("holder"))["list"], (Math.abs(Math.trunc(((ready_0 ? local_0_holder : adamicUnready("holder"))["list"].splice(local_25_this["count"], (1))[(0)] ?? (255)))) % (read
seed500395.a	index NaN is outside an array of length 1	adamicSetIndex((ready_0 ? local_0_holder : adamicUnready("holder"))["list"], (Math.abs(Math.trunc(local_25_amount)) % (ready_0 ? local_0_holder : adamicUnready("holder"))["list"].length), Math.sign((ready_0 ? local_0_hol
seed500478.a	undefined where the checker narrowed it away: a call since t	local_8_chain = ({"value": "hello".length, "label": "\u01c5", "next": adamicDefined(local_8_chain, "undefined where the checker narrowed it away: a call since the narrowing put it back")});
seed500459.a	undefined where the checker narrowed it away: a call since t	let local_82_walk = adamicDefined(local_6_chain, "undefined where the checker narrowed it away: a call since the narrowing put it back");
seed500339.a	undefined where the checker narrowed it away: a call since t	let local_50_walk = adamicDefined(local_6_chain, "undefined where the checker narrowed it away: a call since the narrowing put it back");
seed500396.a	undefined where the checker narrowed it away: a call since t	let local_67_walk = adamicDefined(local_8_chain, "undefined where the checker narrowed it away: a call since the narrowing put it back");
seed500481.a	index NaN is outside an array of length 2	adamicSetIndex((ready_0 ? local_0_holder : adamicUnready("holder"))["list"], (Math.abs(Math.trunc(local_20_amount)) % (ready_0 ? local_0_holder : adamicUnready("holder"))["list"].length), ((local_19_this["label"] !== (re
seed500407.a	index NaN is outside an array of length 2	adamicSetIndex((ready_4 ? local_4_numbers3 : adamicUnready("numbers3")), (Math.abs(Math.trunc(Number.parseFloat((ready_3 ? local_3_text2 : adamicUnready("text2"))))) % (ready_4 ? local_4_numbers3 : adamicUnready("numbers
seed500461.a	undefined where the checker narrowed it away: a call since t	let local_81_walk = adamicDefined(local_7_chain, "undefined where the checker narrowed it away: a call since the narrowing put it back");
seed500340.a	undefined where the checker narrowed it away: a call since t	let local_55_walk = adamicDefined(local_8_chain, "undefined where the checker narrowed it away: a call since the narrowing put it back");
seed500489.a	undefined where the checker narrowed it away: a call since t	let local_69_walk = adamicDefined(local_6_chain, "undefined where the checker narrowed it away: a call since the narrowing put it back");
seed500462.a	index NaN is outside an array of length 0	adamicSetIndex((ready_0 ? local_0_holder : adamicUnready("holder"))["list"], (Math.abs(Math.trunc(((ready_0 ? local_0_holder : adamicUnready("holder"))["list"].splice(local_29_this["count"], (1))[(0)] ?? (1e+21)))) % (re
seed500410.a	TypeError: Cannot read properties of undefined (reading 'nex	local_7_chain = adamicDefined(local_7_chain, "TypeError: Cannot read properties of undefined (reading 'next')")?.["next"];
seed500345.a	undefined where the checker narrowed it away: a call since t	let local_71_walk = adamicDefined(local_8_chain, "undefined where the checker narrowed it away: a call since the narrowing put it back");
seed500417.a	index NaN is outside an array of length 2	adamicSetIndex(local_5_texts4, (Math.abs(Math.trunc(local_9_captured)) % local_5_texts4.length), String(local_4_number3));
seed500467.a	index NaN is outside an array of length 24	adamicSetIndex(local_0_holder["list"], (Math.abs(Math.trunc(adamicCall(local_10_capture, [(local_1_counter["count"] + local_1_counter["count"])]))) % local_0_holder["list"].length), adamicCall(local_11_tally5, [([(100), 
seed500366.a	undefined where the checker narrowed it away: a call since t	let local_66_walk = adamicDefined(local_8_chain, "undefined where the checker narrowed it away: a call since the narrowing put it back");
seed500499.a	index NaN is outside an array of length 3	adamicSetIndex((ready_4 ? local_4_numbers3 : adamicUnready("numbers3")), (Math.abs(Math.trunc(adamicCall((ready_9 ? local_9_capture : adamicUnready("capture")), [((ready_2 ? local_2_numbers1 : adamicUnready("numbers1")).
seed500506.a	index NaN is outside an array of length 4	adamicSetIndex((ready_3 ? local_3_texts2 : adamicUnready("texts2")), (Math.abs(Math.trunc(((ready_0 ? local_0_holder : adamicUnready("holder"))["value"] % (0)))) % (ready_3 ? local_3_texts2 : adamicUnready("texts2")).len
seed500468.a	TypeError: Cannot read properties of undefined (reading 'nex	local_8_chain = adamicDefined(local_8_chain, "TypeError: Cannot read properties of undefined (reading 'next')")?.["next"];
seed500367.a	undefined where the checker narrowed it away: a call since t	let local_68_walk = adamicDefined(local_6_chain, "undefined where the checker narrowed it away: a call since the narrowing put it back");
seed500420.a	index NaN is outside an array of length 2	adamicSetIndex((ready_0 ? local_0_holder : adamicUnready("holder"))["list"], (Math.abs(Math.trunc(Number.parseFloat("\udf0d"))) % (ready_0 ? local_0_holder : adamicUnready("holder"))["list"].length), Number.parseInt((rea
seed500511.a	index NaN is outside an array of length 1	adamicSetIndex(local_0_holder["list"], (Math.abs(Math.trunc(adamicReduce(local_7_pending, new AdamicClosure(function_20_closure, []), (0)))) % local_0_holder["list"].length), Math.min((local_0_holder["list"].splice(local
seed500469.a	undefined where the checker narrowed it away: a call since t	local_6_chain = ({"value": Number.parseInt(local_0_holder["name"], (10)), "label": String(adamicReduce(local_0_holder["list"], new AdamicClosure(function_13_closure, []), (-(1)))), "next": adamicDefined(local_6_chain, "u
seed500370.a	TypeError: Cannot read properties of undefined (reading 'nex	local_8_chain = adamicDefined(local_8_chain, "TypeError: Cannot read properties of undefined (reading 'next')")?.["next"];
seed500434.a	undefined where the checker narrowed it away: a call since t	let local_54_walk = adamicDefined(local_8_chain, "undefined where the checker narrowed it away: a call since the narrowing put it back");
seed500521.a	undefined where the checker narrowed it away: a call since t	let local_44_walk = adamicDefined(local_7_chain, "undefined where the checker narrowed it away: a call since the narrowing put it back");
seed500527.a	undefined where the checker narrowed it away: a call since t	let local_58_walk = adamicDefined(local_8_chain, "undefined where the checker narrowed it away: a call since the narrowing put it back");
seed500574.a	undefined where the checker narrowed it away: a call since t	local_8_chain = ({"value": (local_6_table.get("b") ?? (3)), "label": String((local_6_table.get(("k" + String((Math.abs(Math.trunc((adamicFind(local_0_holder["list"], "find", new AdamicClosure(function_22_closure, [])) ??
seed500649.a	index NaN is outside an array of length 1	adamicSetIndex((ready_0 ? local_0_holder : adamicUnready("holder"))["list"], (Math.abs(Math.trunc(((ready_1 ? local_1_counter : adamicUnready("counter"))["count"] + (ready_0 ? local_0_holder : adamicUnready("holder"))["v
seed500708.a	TypeError: Cannot read properties of undefined (reading 'nex	local_7_chain = adamicDefined(local_7_chain, "TypeError: Cannot read properties of undefined (reading 'next')")?.["next"];
seed500537.a	undefined where the checker narrowed it away: a call since t	let local_72_walk = adamicDefined(local_8_chain, "undefined where the checker narrowed it away: a call since the narrowing put it back");
seed500575.a	undefined where the checker narrowed it away: a call since t	let local_62_walk = adamicDefined(local_7_chain, "undefined where the checker narrowed it away: a call since the narrowing put it back");
seed500651.a	undefined where the checker narrowed it away: a call since t	local_8_chain = ({"value": function_4_effect13(Math.max(local_2_number1, local_9_captured), local_0_holder["list"].join(" - "), Math.pow(local_2_number1, local_9_captured)), "label": String((function_0_head()?.["next"]?.
seed500710.a	undefined where the checker narrowed it away: a call since t	let local_62_walk = adamicDefined(local_8_chain, "undefined where the checker narrowed it away: a call since the narrowing put it back");
seed500540.a	TypeError: Cannot read properties of undefined (reading 'nex	local_7_chain = adamicDefined(local_7_chain, "TypeError: Cannot read properties of undefined (reading 'next')")?.["next"];
seed500577.a	index NaN is outside an array of length 1	adamicSetIndex(local_0_holder["list"], (Math.abs(Math.trunc(adamicCall(local_8_capture, [(local_0_holder["list"].splice((0), (1))[(0)] ?? (-(0.0001)))]))) % local_0_holder["list"].length), (-(0.1)));
seed500656.a	undefined where the checker narrowed it away: a call since t	let local_70_walk = adamicDefined(local_7_chain, "undefined where the checker narrowed it away: a call since the narrowing put it back");
seed500723.a	undefined where the checker narrowed it away: a call since t	let local_65_walk = adamicDefined(local_7_chain, "undefined where the checker narrowed it away: a call since the narrowing put it back");
seed500543.a	index NaN is outside an array of length 23	adamicSetIndex((ready_0 ? local_0_holder : adamicUnready("holder"))["list"], (Math.abs(Math.trunc(function_4_effect16((ready_4 ? local_4_text3 : adamicUnready("text3"))))) % (ready_0 ? local_0_holder : adamicUnready("hol
seed500580.a	undefined where the checker narrowed it away: a call since t	let local_38_walk = adamicDefined(local_7_chain, "undefined where the checker narrowed it away: a call since the narrowing put it back");
seed500725.a	undefined where the checker narrowed it away: a call since t	local_7_chain = ({"value": adamicReduce(local_6_pending, new AdamicClosure(function_17_closure, []), (0)), "label": String(local_0_holder["list"].length), "next": adamicDefined(local_7_chain, "undefined where the checker
seed500658.a	undefined where the checker narrowed it away: a call since t	let local_60_walk = adamicDefined(local_6_chain, "undefined where the checker narrowed it away: a call since the narrowing put it back");
seed500545.a	index NaN is outside an array of length 9	adamicSetIndex((ready_0 ? local_0_holder : adamicUnready("holder"))["list"], (Math.abs(Math.trunc(function_8_Counter_bump((ready_1 ? local_1_counter : adamicUnready("counter")), (ready_5 ? local_5_table : adamicUnready("
seed500588.a	index NaN is outside an array of length 3	adamicSetIndex((ready_2 ? local_2_numbers3 : adamicUnready("numbers3")), (Math.abs(Math.trunc(adamicCall((ready_9 ? local_9_capture : adamicUnready("capture")), [function_8_Counter_bump((ready_1 ? local_1_counter : adami
seed500677.a	undefined where the checker narrowed it away: a call since t	let local_43_walk = adamicDefined(local_8_chain, "undefined where the checker narrowed it away: a call since the narrowing put it back");
seed500730.a	undefined where the checker narrowed it away: a call since t	let local_57_walk = adamicDefined(local_7_chain, "undefined where the checker narrowed it away: a call since the narrowing put it back");
seed500589.a	undefined where the checker narrowed it away: a call since t	let local_63_walk = adamicDefined(local_6_chain, "undefined where the checker narrowed it away: a call since the narrowing put it back");
seed500552.a	index 0 is outside an array of length 0	adamicSetIndex((ready_0 ? local_0_holder : adamicUnready("holder"))["list"], (Math.abs(Math.trunc(Math.sqrt((100)))) % (ready_0 ? local_0_holder : adamicUnready("holder"))["list"].length), Math.min((-(0.1)), ((ready_0 ? 
seed500737.a	undefined where the checker narrowed it away: a call since t	let local_44_walk = adamicDefined(local_8_chain, "undefined where the checker narrowed it away: a call since the narrowing put it back");
seed500684.a	index NaN is outside an array of length 24	adamicSetIndex(local_0_holder["list"], (Math.abs(Math.trunc(local_9_captured)) % local_0_holder["list"].length), adamicReduce([local_1_counter["count"], local_72_value58], new AdamicClosure(function_23_closure, []), (10)
seed500591.a	undefined where the checker narrowed it away: a call since t	let local_45_walk = adamicDefined(local_8_chain, "undefined where the checker narrowed it away: a call since the narrowing put it back");
seed500556.a	undefined where the checker narrowed it away: a call since t	let local_57_walk = adamicDefined(local_6_chain, "undefined where the checker narrowed it away: a call since the narrowing put it back");
seed500687.a	undefined where the checker narrowed it away: a call since t	let local_64_walk = adamicDefined(local_6_chain, "undefined where the checker narrowed it away: a call since the narrowing put it back");
seed500763.a	index NaN is outside an array of length 1	adamicSetIndex(local_0_holder["list"], (Math.abs(Math.trunc(adamicCall(local_9_capture, [Number.parseFloat("a")]))) % local_0_holder["list"].length), (Math.pow(local_0_holder["value"], local_43_index31) - (local_1_counte
seed500604.a	undefined where the checker narrowed it away: a call since t	local_8_chain = ({"value": Number.parseFloat(local_3_text2), "label": "10", "next": adamicDefined(local_8_chain, "undefined where the checker narrowed it away: a call since the narrowing put it back")});
seed500559.a	index NaN is outside an array of length 3	adamicSetIndex(local_0_holder["list"], (Math.abs(Math.trunc(adamicCall(local_10_tally4, [Math.abs(local_8_captured)]))) % local_0_holder["list"].length), adamicReduce(local_6_pending, new AdamicClosure(function_22_closur
seed500688.a	undefined where the checker narrowed it away: a call since t	local_7_chain = ({"value": (local_0_holder["value"] ** (-(1))), "label": "a,b", "next": adamicDefined(local_7_chain, "undefined where the checker narrowed it away: a call since the narrowing put it back")});
seed500764.a	index NaN is outside an array of length 2	adamicSetIndex(local_0_holder["list"], (Math.abs(Math.trunc("a,b".charCodeAt(local_52_item36))) % local_0_holder["list"].length), function_2_effect4());
seed500563.a	undefined where the checker narrowed it away: a call since t	let local_45_walk = adamicDefined(local_6_chain, "undefined where the checker narrowed it away: a call since the narrowing put it back");
seed500618.a	index 1 is outside an array of length 1	adamicSetIndex((ready_0 ? local_0_holder : adamicUnready("holder"))["list"], (Math.abs(Math.trunc(Math.pow((0.1), (-(0.0001))))) % (ready_0 ? local_0_holder : adamicUnready("holder"))["list"].length), ((ready_0 ? local_0
seed500694.a	undefined where the checker narrowed it away: a call since t	let local_50_walk = adamicDefined(local_7_chain, "undefined where the checker narrowed it away: a call since the narrowing put it back");
seed500771.a	undefined where the checker narrowed it away: a call since t	let local_55_walk = adamicDefined(local_8_chain, "undefined where the checker narrowed it away: a call since the narrowing put it back");
seed500647.a	index NaN is outside an array of length 23	adamicSetIndex(local_0_holder["list"], (Math.abs(Math.trunc(Number.parseInt(local_2_text1, (10)))) % local_0_holder["list"].length), local_3_number2);
seed500567.a	index NaN is outside an array of length 2	adamicSetIndex((ready_0 ? local_0_holder : adamicUnready("holder"))["list"], (Math.abs(Math.trunc(adamicReduce((ready_4 ? local_4_numbers3 : adamicUnready("numbers3")), new AdamicClosure(function_23_closure, [local_63_ri
seed500699.a	undefined where the checker narrowed it away: a call since t	let local_70_walk = adamicDefined(local_7_chain, "undefined where the checker narrowed it away: a call since the narrowing put it back");
seed500784.a	undefined where the checker narrowed it away: a call since t	let local_67_walk = adamicDefined(local_8_chain, "undefined where the checker narrowed it away: a call since the narrowing put it back");
seed500780.a	TypeError: Cannot read properties of undefined (reading 'nex	local_8_chain = adamicDefined(local_8_chain, "TypeError: Cannot read properties of undefined (reading 'next')")?.["next"];
seed500846.a	index NaN is outside an array of length 3	adamicSetIndex((ready_2 ? local_2_numbers1 : adamicUnready("numbers1")), (Math.abs(Math.trunc(((function_0_head()?.["value"] ?? function_0_head()?.["value"]) ?? (3)))) % (ready_2 ? local_2_numbers1 : adamicUnready("numbe
seed500944.a	index NaN is outside an array of length 24	adamicSetIndex((ready_0 ? local_0_holder : adamicUnready("holder"))["list"], (Math.abs(Math.trunc(adamicCall((ready_9 ? local_9_capture : adamicUnready("capture")), [(function_0_head()?.["next"]?.["next"]?.["value"] ?? (
seed500792.a	undefined where the checker narrowed it away: a call since t	local_6_chain = ({"value": local_7_captured, "label": String((-(1))), "next": adamicDefined(local_6_chain, "undefined where the checker narrowed it away: a call since the narrowing put it back")});
seed500981.a	index NaN is outside an array of length 2	adamicSetIndex((ready_0 ? local_0_holder : adamicUnready("holder"))["list"], (Math.abs(Math.trunc(Number.parseInt(local_18_parameter6_cell.value, (10)))) % (ready_0 ? local_0_holder : adamicUnready("holder"))["list"].len
seed500853.a	index NaN is outside an array of length 2	adamicSetIndex((ready_0 ? local_0_holder : adamicUnready("holder"))["list"], (Math.abs(Math.trunc(((-(3)) ** (0.5)))) % (ready_0 ? local_0_holder : adamicUnready("holder"))["list"].length), ((ready_0 ? local_0_holder : a
seed500946.a	undefined where the checker narrowed it away: a call since t	let local_58_walk = adamicDefined(local_8_chain, "undefined where the checker narrowed it away: a call since the narrowing put it back");
seed500795.a	index NaN is outside an array of length 0	adamicSetIndex((ready_0 ? local_0_holder : adamicUnready("holder"))["list"], (Math.abs(Math.trunc(((ready_0 ? local_0_holder : adamicUnready("holder"))["list"].splice((ready_1 ? local_1_counter : adamicUnready("counter")
seed500982.a	undefined where the checker narrowed it away: a call since t	let local_44_walk = adamicDefined(local_8_chain, "undefined where the checker narrowed it away: a call since the narrowing put it back");
seed500856.a	index NaN is outside an array of length 2	adamicSetIndex((ready_0 ? local_0_holder : adamicUnready("holder"))["list"], (Math.abs(Math.trunc(Number.parseFloat((ready_0 ? local_0_holder : adamicUnready("holder"))["name"]))) % (ready_0 ? local_0_holder : adamicUnre
seed500948.a	index NaN is outside an array of length 2	adamicSetIndex((ready_0 ? local_0_holder : adamicUnready("holder"))["list"], (Math.abs(Math.trunc(Number.parseInt(" pad ", (10)))) % (ready_0 ? local_0_holder : adamicUnready("holder"))["list"].length), adamicCall((ready
seed500799.a	undefined where the checker narrowed it away: a call since t	let local_47_walk = adamicDefined(local_6_chain, "undefined where the checker narrowed it away: a call since the narrowing put it back");
seed500992.a	undefined where the checker narrowed it away: a call since t	local_6_chain = ({"value": local_3_number2, "label": "\u4e16\u754c", "next": adamicDefined(local_6_chain, "undefined where the checker narrowed it away: a call since the narrowing put it back")});
seed500860.a	undefined where the checker narrowed it away: a call since t	let local_87_walk = adamicDefined(local_7_chain, "undefined where the checker narrowed it away: a call since the narrowing put it back");
seed500801.a	undefined where the checker narrowed it away: a call since t	local_6_chain = ({"value": local_7_captured, "label": String((local_0_holder["list"].splice((255), (1))[(0)] ?? (-(0.0001)))), "next": adamicDefined(local_6_chain, "undefined where the checker narrowed it away: a call si
seed500953.a	undefined where the checker narrowed it away: a call since t	local_6_chain = ({"value": local_1_counter["count"], "label": String(function_5_effect17(local_3_numbers2.concat(local_3_numbers2), local_2_text1, function_4_effect11(local_3_numbers2.join(",")))), "next": adamicDefined(
seed501003.a	index NaN is outside an array of length 1	adamicSetIndex((ready_0 ? local_0_holder : adamicUnready("holder"))["list"], (Math.abs(Math.trunc(Math.pow((1e+21), (ready_2 ? local_2_number1 : adamicUnready("number1"))))) % (ready_0 ? local_0_holder : adamicUnready("h
seed500861.a	TypeError: Cannot read properties of undefined (reading 'nex	local_7_chain = adamicDefined(local_7_chain, "TypeError: Cannot read properties of undefined (reading 'next')")?.["next"];
seed500803.a	TypeError: Cannot read properties of undefined (reading 'nex	local_7_chain = adamicDefined(local_7_chain, "TypeError: Cannot read properties of undefined (reading 'next')")?.["next"];
seed500966.a	index NaN is outside an array of length 6	adamicSetIndex((ready_0 ? local_0_holder : adamicUnready("holder"))["list"], (Math.abs(Math.trunc(Number.parseInt("hello", (10)))) % (ready_0 ? local_0_holder : adamicUnready("holder"))["list"].length), (adamicReduce((re
seed501007.a	undefined where the checker narrowed it away: a call since t	local_7_chain = ({"value": local_0_holder["value"], "label": String(adamicCall(local_10_tally4, [(2.25)])), "next": adamicDefined(local_7_chain, "undefined where the checker narrowed it away: a call since the narrowing p
seed500864.a	undefined where the checker narrowed it away: a call since t	local_7_chain = ({"value": (local_0_holder["list"].splice(local_1_counter["count"], (1))[(0)] ?? (1.5)), "label": String((true ? local_8_captured : local_1_counter["count"])), "next": adamicDefined(local_7_chain, "undefi
seed500807.a	undefined where the checker narrowed it away: a call since t	let local_51_walk = adamicDefined(local_8_chain, "undefined where the checker narrowed it away: a call since the narrowing put it back");
seed501008.a	index NaN is outside an array of length 3	adamicSetIndex((ready_0 ? local_0_holder : adamicUnready("holder"))["list"], (Math.abs(Math.trunc(Number.parseFloat("\u00df"))) % (ready_0 ? local_0_holder : adamicUnready("holder"))["list"].length), function_10_Counter_
seed500967.a	undefined where the checker narrowed it away: a call since t	let local_73_walk = adamicDefined(local_7_chain, "undefined where the checker narrowed it away: a call since the narrowing put it back");
seed500888.a	undefined where the checker narrowed it away: a call since t	local_7_chain = ({"value": adamicReduce(local_6_pending, new AdamicClosure(function_10_closure, []), (0)), "label": "\u0130", "next": adamicDefined(local_7_chain, "undefined where the checker narrowed it away: a call sin
seed500808.a	index NaN is outside an array of length 3	adamicSetIndex((ready_0 ? local_0_holder : adamicUnready("holder"))["list"], (Math.abs(Math.trunc(Number.parseFloat((ready_0 ? local_0_holder : adamicUnready("holder"))["name"]))) % (ready_0 ? local_0_holder : adamicUnre
seed500970.a	index NaN is outside an array of length 3	adamicSetIndex((ready_2 ? local_2_numbers1 : adamicUnready("numbers1")), (Math.abs(Math.trunc(((1e+21) / (ready_1 ? local_1_counter : adamicUnready("counter"))["count"]))) % (ready_2 ? local_2_numbers1 : adamicUnready("n
seed501015.a	undefined where the checker narrowed it away: a call since t	let local_44_walk = adamicDefined(local_8_chain, "undefined where the checker narrowed it away: a call since the narrowing put it back");
seed500891.a	undefined where the checker narrowed it away: a call since t	let local_67_walk = adamicDefined(local_8_chain, "undefined where the checker narrowed it away: a call since the narrowing put it back");
seed500809.a	index NaN is outside an array of length 2	adamicSetIndex((ready_0 ? local_0_holder : adamicUnready("holder"))["list"], (Math.abs(Math.trunc(adamicCall((ready_11 ? local_11_tally5 : adamicUnready("tally5")), [((0.5) / (ready_1 ? local_1_counter : adamicUnready("c
seed500972.a	undefined where the checker narrowed it away: a call since t	let local_60_walk = adamicDefined(local_6_chain, "undefined where the checker narrowed it away: a call since the narrowing put it back");
seed501019.a	undefined where the checker narrowed it away: a call since t	let local_64_walk = adamicDefined(local_6_chain, "undefined where the checker narrowed it away: a call since the narrowing put it back");
seed500897.a	undefined where the checker narrowed it away: a call since t	let local_45_walk = adamicDefined(local_8_chain, "undefined where the checker narrowed it away: a call since the narrowing put it back");
seed500826.a	undefined where the checker narrowed it away: a call since t	local_8_chain = ({"value": (local_0_holder["value"] * (1.5)), "label": String((-local_0_holder["value"])), "next": adamicDefined(local_8_chain, "undefined where the checker narrowed it away: a call since the narrowing pu
seed500973.a	index NaN is outside an array of length 2	adamicSetIndex((ready_0 ? local_0_holder : adamicUnready("holder"))["list"], (Math.abs(Math.trunc(adamicCall((ready_11 ? local_11_tally5 : adamicUnready("tally5")), [self.cells[0].value.length]))) % (ready_0 ? local_0_ho
seed501023.a	index NaN is outside an array of length 3	adamicSetIndex((ready_3 ? local_3_numbers2 : adamicUnready("numbers2")), (Math.abs(Math.trunc(adamicCall((ready_11 ? local_11_tally5 : adamicUnready("tally5")), ["xy".indexOf((ready_5 ? local_5_text4 : adamicUnready("tex
seed500929.a	TypeError: Cannot read properties of undefined (reading 'nex	local_7_chain = adamicDefined(local_7_chain, "TypeError: Cannot read properties of undefined (reading 'next')")?.["next"];
seed500974.a	index NaN is outside an array of length 0	adamicSetIndex((ready_0 ? local_0_holder : adamicUnready("holder"))["list"], (Math.abs(Math.trunc(((ready_0 ? local_0_holder : adamicUnready("holder"))["list"].splice((-(0.0001)), (1))[(0)] ?? (0.1)))) % (ready_0 ? local
seed501032.a	undefined where the checker narrowed it away: a call since t	let local_45_walk = adamicDefined(local_6_chain, "undefined where the checker narrowed it away: a call since the narrowing put it back");
seed501025.a	undefined where the checker narrowed it away: a call since t	let local_44_walk = adamicDefined(local_6_chain, "undefined where the checker narrowed it away: a call since the narrowing put it back");
seed501091.a	TypeError: Cannot read properties of undefined (reading 'nex	local_6_chain = adamicDefined(local_6_chain, "TypeError: Cannot read properties of undefined (reading 'next')")?.["next"];
seed501167.a	index NaN is outside an array of length 4	adamicSetIndex((ready_0 ? local_0_holder : adamicUnready("holder"))["list"], (Math.abs(Math.trunc(function_2_effect4(adamicFrom((1), new AdamicClosure(function_19_closure, [])), function_5_effect21(function_3_effect13((r
seed501041.a	undefined where the checker narrowed it away: a call since t	local_6_chain = ({"value": (local_2_flag1 ? local_0_holder["value"] : local_1_counter["count"]), "label": "\u0130", "next": adamicDefined(local_6_chain, "undefined where the checker narrowed it away: a call since the nar
seed501254.a	index NaN is outside an array of length 24	adamicSetIndex((ready_0 ? local_0_holder : adamicUnready("holder"))["list"], (Math.abs(Math.trunc(local_20_amount)) % (ready_0 ? local_0_holder : adamicUnready("holder"))["list"].length), (((ready_0 ? local_0_holder : ad
seed501102.a	undefined where the checker narrowed it away: a call since t	local_8_chain = ({"value": (-local_0_holder["value"]), "label": " pad ", "next": adamicDefined(local_8_chain, "undefined where the checker narrowed it away: a call since the narrowing put it back")});
seed501186.a	index NaN is outside an array of length 3	adamicSetIndex(local_17_parameter6, (Math.abs(Math.trunc(adamicCall((ready_9 ? local_9_tally3 : adamicUnready("tally3")), [(ready_0 ? local_0_holder : adamicUnready("holder"))["value"]]))) % local_17_parameter6.length), 
seed501047.a	undefined where the checker narrowed it away: a call since t	let local_59_walk = adamicDefined(local_7_chain, "undefined where the checker narrowed it away: a call since the narrowing put it back");
seed501261.a	undefined where the checker narrowed it away: a call since t	local_7_chain = ({"value": local_1_counter["count"], "label": String(Number.parseInt(local_2_text1, (10))), "next": adamicDefined(local_7_chain, "undefined where the checker narrowed it away: a call since the narrowing p
seed501114.a	undefined where the checker narrowed it away: a call since t	let local_46_walk = adamicDefined(local_6_chain, "undefined where the checker narrowed it away: a call since the narrowing put it back");
seed501193.a	undefined where the checker narrowed it away: a call since t	let local_54_walk = adamicDefined(local_6_chain, "undefined where the checker narrowed it away: a call since the narrowing put it back");
seed501048.a	undefined where the checker narrowed it away: a call since t	let local_68_walk = adamicDefined(local_7_chain, "undefined where the checker narrowed it away: a call since the narrowing put it back");
seed501263.a	index NaN is outside an array of length 0	adamicSetIndex(local_2_numbers1, (Math.abs(Math.trunc(function_3_effect13((local_3_text2[local_1_counter["count"]] ?? "xy")))) % local_2_numbers1.length), adamicReduce(adamicMap(["\ud83c"], new AdamicClosure(function_14_
seed501117.a	undefined where the checker narrowed it away: a call since t	let local_60_walk = adamicDefined(local_8_chain, "undefined where the checker narrowed it away: a call since the narrowing put it back");
seed501204.a	index 2 is outside an array of length 2	adamicSetIndex((ready_0 ? local_0_holder : adamicUnready("holder"))["list"], (Math.abs(Math.trunc((5))) % (ready_0 ? local_0_holder : adamicUnready("holder"))["list"].length), ((ready_0 ? local_0_holder : adamicUnready("
seed501264.a	undefined where the checker narrowed it away: a call since t	let local_57_walk = adamicDefined(local_7_chain, "undefined where the checker narrowed it away: a call since the narrowing put it back");
seed501067.a	undefined where the checker narrowed it away: a call since t	let local_87_walk = adamicDefined(local_8_chain, "undefined where the checker narrowed it away: a call since the narrowing put it back");
seed501123.a	undefined where the checker narrowed it away: a call since t	let local_74_walk = adamicDefined(local_6_chain, "undefined where the checker narrowed it away: a call since the narrowing put it back");
seed501206.a	index NaN is outside an array of length 0	adamicSetIndex((ready_0 ? local_0_holder : adamicUnready("holder"))["list"], (Math.abs(Math.trunc(function_9_Counter_bump((ready_1 ? local_1_counter : adamicUnready("counter")), ((ready_0 ? local_0_holder : adamicUnready
seed501266.a	undefined where the checker narrowed it away: a call since t	let local_57_walk = adamicDefined(local_7_chain, "undefined where the checker narrowed it away: a call since the narrowing put it back");
seed501140.a	undefined where the checker narrowed it away: a call since t	let local_90_walk = adamicDefined(local_6_chain, "undefined where the checker narrowed it away: a call since the narrowing put it back");
seed501213.a	undefined where the checker narrowed it away: a call since t	let local_59_walk = adamicDefined(local_8_chain, "undefined where the checker narrowed it away: a call since the narrowing put it back");
seed501274.a	index NaN is outside an array of length 6	adamicSetIndex((ready_3 ? local_3_texts2 : adamicUnready("texts2")), (Math.abs(Math.trunc(adamicCall((ready_8 ? local_8_capture : adamicUnready("capture")), [function_5_effect23(Number.parseInt((ready_2 ? local_2_text1 :
seed501069.a	index NaN is outside an array of length 26	adamicSetIndex(local_29_parameter19, (Math.abs(Math.trunc(function_3_effect14(function_9_Counter_bump((ready_1 ? local_1_counter : adamicUnready("counter")), Number.parseFloat((ready_1 ? local_1_counter : adamicUnready("
seed501148.a	index NaN is outside an array of length 1	adamicSetIndex((ready_0 ? local_0_holder : adamicUnready("holder"))["list"], (Math.abs(Math.trunc(((ready_0 ? local_0_holder : adamicUnready("holder"))["value"] ** (-(1))))) % (ready_0 ? local_0_holder : adamicUnready("h
seed501229.a	undefined where the checker narrowed it away: a call since t	let local_48_walk = adamicDefined(local_7_chain, "undefined where the checker narrowed it away: a call since the narrowing put it back");
seed501072.a	undefined where the checker narrowed it away: a call since t	let local_52_walk = adamicDefined(local_7_chain, "undefined where the checker narrowed it away: a call since the narrowing put it back");
seed501280.a	undefined where the checker narrowed it away: a call since t	let local_55_walk = adamicDefined(local_6_chain, "undefined where the checker narrowed it away: a call since the narrowing put it back");
seed501150.a	TypeError: Cannot read properties of undefined (reading 'nex	local_8_chain = adamicDefined(local_8_chain, "TypeError: Cannot read properties of undefined (reading 'next')")?.["next"];
seed501241.a	TypeError: Cannot read properties of undefined (reading 'nex	local_6_chain = adamicDefined(local_6_chain, "TypeError: Cannot read properties of undefined (reading 'next')")?.["next"];
seed501073.a	undefined where the checker narrowed it away: a call since t	let local_48_walk = adamicDefined(local_8_chain, "undefined where the checker narrowed it away: a call since the narrowing put it back");
seed501283.a	undefined where the checker narrowed it away: a call since t	local_6_chain = ({"value": Number.parseFloat(local_1_counter["label"]), "label": "\ufb00", "next": adamicDefined(local_6_chain, "undefined where the checker narrowed it away: a call since the narrowing put it back")});
seed501152.a	undefined where the checker narrowed it away: a call since t	let local_70_walk = adamicDefined(local_7_chain, "undefined where the checker narrowed it away: a call since the narrowing put it back");
seed501252.a	index NaN is outside an array of length 3	adamicSetIndex((ready_3 ? local_3_numbers2 : adamicUnready("numbers2")), (Math.abs(Math.trunc(adamicCall((ready_9 ? local_9_tally3 : adamicUnready("tally3")), [adamicReduce([(1e+21), (4.294967295e+09)], new AdamicClosure
seed501081.a	index NaN is outside an array of length 3	adamicSetIndex((ready_0 ? local_0_holder : adamicUnready("holder"))["list"], (Math.abs(Math.trunc("\u00e9".charCodeAt((ready_0 ? local_0_holder : adamicUnready("holder"))["value"]))) % (ready_0 ? local_0_holder : adamicU
seed501288.a	undefined where the checker narrowed it away: a call since t	local_6_chain = ({"value": local_0_holder["list"].length, "label": "\udf0db", "next": adamicDefined(local_6_chain, "undefined where the checker narrowed it away: a call since the narrowing put it back")});
seed501160.a	undefined where the checker narrowed it away: a call since t	local_8_chain = ({"value": local_6_table.size, "label": String(adamicReduce(local_7_pending, new AdamicClosure(function_24_closure, []), (0))), "next": adamicDefined(local_8_chain, "undefined where the checker narrowed i
seed501253.a	TypeError: Cannot read properties of undefined (reading 'nex	local_7_chain = adamicDefined(local_7_chain, "TypeError: Cannot read properties of undefined (reading 'next')")?.["next"];
seed501087.a	undefined where the checker narrowed it away: a call since t	let local_41_walk = adamicDefined(local_8_chain, "undefined where the checker narrowed it away: a call since the narrowing put it back");
seed501290.a	undefined where the checker narrowed it away: a call since t	let local_54_walk = adamicDefined(local_6_chain, "undefined where the checker narrowed it away: a call since the narrowing put it back");
seed501362.a	index 0 is outside an array of length 0	adamicSetIndex(local_0_holder["list"], (Math.abs(Math.trunc(function_6_Counter_bump(local_1_counter, local_3_text2.length))) % local_0_holder["list"].length), (function_6_Counter_bump(local_1_counter, function_3_effect9(
seed501299.a	undefined where the checker narrowed it away: a call since t	let local_63_walk = adamicDefined(local_6_chain, "undefined where the checker narrowed it away: a call since the narrowing put it back");
seed501427.a	undefined where the checker narrowed it away: a call since t	let local_84_walk = adamicDefined(local_6_chain, "undefined where the checker narrowed it away: a call since the narrowing put it back");
seed501484.a	undefined where the checker narrowed it away: a call since t	let local_45_walk = adamicDefined(local_6_chain, "undefined where the checker narrowed it away: a call since the narrowing put it back");
seed501371.a	undefined where the checker narrowed it away: a call since t	let local_45_walk = adamicDefined(local_8_chain, "undefined where the checker narrowed it away: a call since the narrowing put it back");
seed501307.a	undefined where the checker narrowed it away: a call since t	let local_68_walk = adamicDefined(local_6_chain, "undefined where the checker narrowed it away: a call since the narrowing put it back");
seed501432.a	undefined where the checker narrowed it away: a call since t	local_6_chain = ({"value": (5), "label": "a", "next": adamicDefined(local_6_chain, "undefined where the checker narrowed it away: a call since the narrowing put it back")});
seed501493.a	undefined where the checker narrowed it away: a call since t	let local_65_walk = adamicDefined(local_8_chain, "undefined where the checker narrowed it away: a call since the narrowing put it back");
seed501317.a	undefined where the checker narrowed it away: a call since t	local_6_chain = ({"value": Math.round(local_2_number1), "label": "a\ud83c", "next": adamicDefined(local_6_chain, "undefined where the checker narrowed it away: a call since the narrowing put it back")});
seed501372.a	undefined where the checker narrowed it away: a call since t	let local_57_walk = adamicDefined(local_6_chain, "undefined where the checker narrowed it away: a call since the narrowing put it back");
seed501506.a	undefined where the checker narrowed it away: a call since t	let local_51_walk = adamicDefined(local_6_chain, "undefined where the checker narrowed it away: a call since the narrowing put it back");
seed501443.a	TypeError: Cannot read properties of undefined (reading 'nex	local_7_chain = adamicDefined(local_7_chain, "TypeError: Cannot read properties of undefined (reading 'next')")?.["next"];
seed501324.a	undefined where the checker narrowed it away: a call since t	local_6_chain = ({"value": Math.min(local_0_holder["value"], (0.5)), "label": "\ufb00", "next": adamicDefined(local_6_chain, "undefined where the checker narrowed it away: a call since the narrowing put it back")});
seed501398.a	index NaN is outside an array of length 2	adamicSetIndex(local_5_texts4, (Math.abs(Math.trunc((adamicFind(local_0_holder["list"], "find", new AdamicClosure(function_25_closure, [])) ?? (1.5)))) % local_5_texts4.length), "\ud83c\udf0db");
seed501509.a	undefined where the checker narrowed it away: a call since t	let local_61_walk = adamicDefined(local_7_chain, "undefined where the checker narrowed it away: a call since the narrowing put it back");
seed501444.a	index NaN is outside an array of length 3	adamicSetIndex((ready_3 ? local_3_numbers3 : adamicUnready("numbers3")), (Math.abs(Math.trunc(Number.parseInt((ready_1 ? local_1_counter : adamicUnready("counter"))["label"], (10)))) % (ready_3 ? local_3_numbers3 : adami
seed501332.a	TypeError: Cannot read properties of undefined (reading 'nex	local_8_chain = adamicDefined(local_8_chain, "TypeError: Cannot read properties of undefined (reading 'next')")?.["next"];
seed501404.a	index NaN is outside an array of length 2	adamicSetIndex((ready_0 ? local_0_holder : adamicUnready("holder"))["list"], (Math.abs(Math.trunc(Number.parseInt(local_18_parameter9, (10)))) % (ready_0 ? local_0_holder : adamicUnready("holder"))["list"].length), Math.
seed501512.a	TypeError: Cannot read properties of undefined (reading 'nex	local_8_chain = adamicDefined(local_8_chain, "TypeError: Cannot read properties of undefined (reading 'next')")?.["next"];
seed501445.a	index NaN is outside an array of length 0	adamicSetIndex(local_0_holder["list"], (Math.abs(Math.trunc(Number.parseFloat(" pad "))) % local_0_holder["list"].length), function_2_effect4(adamicCall(local_8_capture, [(local_7_captured * local_3_number2)])).indexOf(l
seed501408.a	index NaN is outside an array of length 2	adamicSetIndex(local_0_holder["list"], (Math.abs(Math.trunc(function_5_effect14())) % local_0_holder["list"].length), Math.sign((-local_0_holder["value"])));
seed501340.a	undefined where the checker narrowed it away: a call since t	let local_51_walk = adamicDefined(local_7_chain, "undefined where the checker narrowed it away: a call since the narrowing put it back");
seed501533.a	index NaN is outside an array of length 2	adamicSetIndex(local_3_texts2, (Math.abs(Math.trunc(function_2_effect6([(4.294967295e+09), (1)]))) % local_3_texts2.length), String((local_9_captured / local_9_captured)));
seed501462.a	undefined where the checker narrowed it away: a call since t	local_6_chain = ({"value": adamicReduce(local_0_holder["list"], new AdamicClosure(function_23_closure, []), (1)), "label": "\ud83c\udf0d", "next": adamicDefined(local_6_chain, "undefined where the checker narrowed it awa
seed501410.a	undefined where the checker narrowed it away: a call since t	let local_69_walk = adamicDefined(local_7_chain, "undefined where the checker narrowed it away: a call since the narrowing put it back");
seed501341.a	index NaN is outside an array of length 3	adamicSetIndex((ready_2 ? local_2_numbers1 : adamicUnready("numbers1")), (Math.abs(Math.trunc(Number.parseFloat(local_32_left17))) % (ready_2 ? local_2_numbers1 : adamicUnready("numbers1")).length), String((-(0.0001))).i
seed501471.a	index NaN is outside an array of length 2	adamicSetIndex((ready_0 ? local_0_holder : adamicUnready("holder"))["list"], (Math.abs(Math.trunc(Number.parseInt("xy", (10)))) % (ready_0 ? local_0_holder : adamicUnready("holder"))["list"].length), ((ready_1 ? local_1_
seed501536.a	TypeError: Cannot read properties of undefined (reading 'nex	local_8_chain = adamicDefined(local_8_chain, "TypeError: Cannot read properties of undefined (reading 'next')")?.["next"];
seed501354.a	index 0 is outside an array of length 0	adamicSetIndex(local_0_holder["list"], (Math.abs(Math.trunc(function_5_effect25(adamicMap(local_0_holder["list"], new AdamicClosure(function_22_closure, []))))) % local_0_holder["list"].length), (adamicCall(local_11_tall
seed501412.a	index NaN is outside an array of length 2	adamicSetIndex((ready_0 ? local_0_holder : adamicUnready("holder"))["list"], (Math.abs(Math.trunc((false ? local_25_this["count"] : local_26_amount))) % (ready_0 ? local_0_holder : adamicUnready("holder"))["list"].length
seed501548.a	index NaN is outside an array of length 2	adamicSetIndex(local_2_texts1, (Math.abs(Math.trunc(adamicCall(local_9_capture, [local_1_counter["count"]]))) % local_2_texts1.length), "a,b");
seed501472.a	index NaN is outside an array of length 2	adamicSetIndex((ready_0 ? local_0_holder : adamicUnready("holder"))["list"], (Math.abs(Math.trunc((ready_0 ? local_0_holder : adamicUnready("holder"))["value"])) % (ready_0 ? local_0_holder : adamicUnready("holder"))["li
seed501356.a	undefined where the checker narrowed it away: a call since t	let local_71_walk = adamicDefined(local_6_chain, "undefined where the checker narrowed it away: a call since the narrowing put it back");
seed501417.a	undefined where the checker narrowed it away: a call since t	let local_41_walk = adamicDefined(local_8_chain, "undefined where the checker narrowed it away: a call since the narrowing put it back");
seed501481.a	undefined where the checker narrowed it away: a call since t	let local_52_walk = adamicDefined(local_7_chain, "undefined where the checker narrowed it away: a call since the narrowing put it back");
seed501565.a	TypeError: Cannot read properties of undefined (reading 'nex	local_8_chain = adamicDefined(local_8_chain, "TypeError: Cannot read properties of undefined (reading 'next')")?.["next"];
seed501361.a	undefined where the checker narrowed it away: a call since t	let local_59_walk = adamicDefined(local_8_chain, "undefined where the checker narrowed it away: a call since the narrowing put it back");
seed501425.a	undefined where the checker narrowed it away: a call since t	let local_42_walk = adamicDefined(local_7_chain, "undefined where the checker narrowed it away: a call since the narrowing put it back");
seed501483.a	undefined where the checker narrowed it away: a call since t	let local_77_walk = adamicDefined(local_6_chain, "undefined where the checker narrowed it away: a call since the narrowing put it back");
seed501581.a	index 1 is outside an array of length 0	adamicSetIndex((ready_0 ? local_0_holder : adamicUnready("holder"))["list"], (Math.abs(Math.trunc(function_9_Counter_bump((ready_1 ? local_1_counter : adamicUnready("counter")), (ready_1 ? local_1_counter : adamicUnready
seed501587.a	index 0 is outside an array of length 0	adamicSetIndex((ready_0 ? local_0_holder : adamicUnready("holder"))["list"], (Math.abs(Math.trunc((2.25))) % (ready_0 ? local_0_holder : adamicUnready("holder"))["list"].length), (function_8_Counter_bump((ready_1 ? local
seed501676.a	undefined where the checker narrowed it away: a call since t	let local_76_walk = adamicDefined(local_8_chain, "undefined where the checker narrowed it away: a call since the narrowing put it back");
seed501722.a	index NaN is outside an array of length 2	adamicSetIndex((ready_3 ? local_3_texts3 : adamicUnready("texts3")), (Math.abs(Math.trunc(Number.parseFloat((ready_1 ? local_1_counter : adamicUnready("counter"))["label"]))) % (ready_3 ? local_3_texts3 : adamicUnready("
seed501799.a	TypeError: Cannot read properties of undefined (reading 'nex	local_6_chain = adamicDefined(local_6_chain, "TypeError: Cannot read properties of undefined (reading 'next')")?.["next"];
seed501605.a	undefined where the checker narrowed it away: a call since t	local_8_chain = ({"value": local_1_counter["label"].length, "label": String(adamicCall(local_11_tally5, [(-(2.25))])), "next": adamicDefined(local_8_chain, "undefined where the checker narrowed it away: a call since the 
seed501677.a	undefined where the checker narrowed it away: a call since t	let local_59_walk = adamicDefined(local_6_chain, "undefined where the checker narrowed it away: a call since the narrowing put it back");
seed501739.a	undefined where the checker narrowed it away: a call since t	let local_40_walk = adamicDefined(local_8_chain, "undefined where the checker narrowed it away: a call since the narrowing put it back");
seed501803.a	index 1 is outside an array of length 0	adamicSetIndex((ready_0 ? local_0_holder : adamicUnready("holder"))["list"], (Math.abs(Math.trunc((ready_1 ? local_1_counter : adamicUnready("counter"))["count"])) % (ready_0 ? local_0_holder : adamicUnready("holder"))["
seed501616.a	index NaN is outside an array of length 2	adamicSetIndex((ready_2 ? local_2_texts1 : adamicUnready("texts1")), (Math.abs(Math.trunc(function_3_effect12())) % (ready_2 ? local_2_texts1 : adamicUnready("texts1")).length), String(adamicCall((ready_9 ? local_9_captu
seed501678.a	undefined where the checker narrowed it away: a call since t	let local_64_walk = adamicDefined(local_6_chain, "undefined where the checker narrowed it away: a call since the narrowing put it back");
seed501741.a	index NaN is outside an array of length 1	adamicSetIndex(local_0_holder["list"], (Math.abs(Math.trunc((function_0_head()?.["next"]?.["next"]?.["value"] ?? (1.5)))) % local_0_holder["list"].length), (local_0_holder["name"].length - "xy".indexOf(local_3_text2)));
seed501621.a	undefined where the checker narrowed it away: a call since t	local_8_chain = ({"value": Math.pow(local_4_number3, local_2_number1), "label": "hello", "next": adamicDefined(local_8_chain, "undefined where the checker narrowed it away: a call since the narrowing put it back")});
seed501679.a	index NaN is outside an array of length 2	adamicSetIndex(local_0_holder["list"], (Math.abs(Math.trunc((local_9_captured % local_1_counter["count"]))) % local_0_holder["list"].length), ([(5), (0.1)]["xy".lastIndexOf(local_0_holder["name"])] ?? (5)));
seed501807.a	TypeError: Cannot read properties of undefined (reading 'nex	local_7_chain = adamicDefined(local_7_chain, "TypeError: Cannot read properties of undefined (reading 'next')")?.["next"];
seed501743.a	undefined where the checker narrowed it away: a call since t	let local_65_walk = adamicDefined(local_7_chain, "undefined where the checker narrowed it away: a call since the narrowing put it back");
seed501808.a	undefined where the checker narrowed it away: a call since t	let local_65_walk = adamicDefined(local_6_chain, "undefined where the checker narrowed it away: a call since the narrowing put it back");
seed501681.a	undefined where the checker narrowed it away: a call since t	let local_81_walk = adamicDefined(local_6_chain, "undefined where the checker narrowed it away: a call since the narrowing put it back");
seed501628.a	undefined where the checker narrowed it away: a call since t	let local_89_walk = adamicDefined(local_7_chain, "undefined where the checker narrowed it away: a call since the narrowing put it back");
seed501747.a	TypeError: Cannot read properties of undefined (reading 'nex	local_7_chain = adamicDefined(local_7_chain, "TypeError: Cannot read properties of undefined (reading 'next')")?.["next"];
seed501683.a	undefined where the checker narrowed it away: a call since t	let local_62_walk = adamicDefined(local_6_chain, "undefined where the checker narrowed it away: a call since the narrowing put it back");
seed501629.a	index NaN is outside an array of length 24	adamicSetIndex((ready_0 ? local_0_holder : adamicUnready("holder"))["list"], (Math.abs(Math.trunc(adamicCall((ready_10 ? local_10_tally4 : adamicUnready("tally4")), [Math.pow((ready_8 ? local_8_captured : adamicUnready("
seed501810.a	TypeError: Cannot read properties of undefined (reading 'nex	local_8_chain = adamicDefined(local_8_chain, "TypeError: Cannot read properties of undefined (reading 'next')")?.["next"];
seed501751.a	undefined where the checker narrowed it away: a call since t	let local_60_walk = adamicDefined(local_7_chain, "undefined where the checker narrowed it away: a call since the narrowing put it back");
seed501825.a	TypeError: Cannot read properties of undefined (reading 'nex	local_8_chain = adamicDefined(local_8_chain, "TypeError: Cannot read properties of undefined (reading 'next')")?.["next"];
seed501689.a	undefined where the checker narrowed it away: a call since t	local_7_chain = ({"value": adamicCall(local_9_capture, [local_0_holder["value"]]), "label": "3.5", "next": adamicDefined(local_7_chain, "undefined where the checker narrowed it away: a call since the narrowing put it bac
seed501638.a	index NaN is outside an array of length 1	adamicSetIndex((ready_0 ? local_0_holder : adamicUnready("holder"))["list"], (Math.abs(Math.trunc(Number.parseFloat((ready_1 ? local_1_counter : adamicUnready("counter"))["label"]))) % (ready_0 ? local_0_holder : adamicU
seed501759.a	undefined where the checker narrowed it away: a call since t	let local_47_walk = adamicDefined(local_7_chain, "undefined where the checker narrowed it away: a call since the narrowing put it back");
seed501842.a	undefined where the checker narrowed it away: a call since t	local_6_chain = ({"value": (local_0_holder["list"].at(local_0_holder["value"]) ?? (-(1))), "label": "a", "next": adamicDefined(local_6_chain, "undefined where the checker narrowed it away: a call since the narrowing put 
seed501706.a	undefined where the checker narrowed it away: a call since t	let local_84_walk = adamicDefined(local_6_chain, "undefined where the checker narrowed it away: a call since the narrowing put it back");
seed501646.a	undefined where the checker narrowed it away: a call since t	let local_84_walk = adamicDefined(local_8_chain, "undefined where the checker narrowed it away: a call since the narrowing put it back");
seed501762.a	undefined where the checker narrowed it away: a call since t	local_7_chain = ({"value": function_3_effect17(Math.pow(local_0_holder["value"], local_0_holder["value"]), local_5_table.size), "label": "\ud83c\udf0d", "next": adamicDefined(local_7_chain, "undefined where the checker n
seed501707.a	undefined where the checker narrowed it away: a call since t	let local_47_walk = adamicDefined(local_6_chain, "undefined where the checker narrowed it away: a call since the narrowing put it back");
seed501846.a	undefined where the checker narrowed it away: a call since t	let local_46_walk = adamicDefined(local_7_chain, "undefined where the checker narrowed it away: a call since the narrowing put it back");
seed501666.a	index NaN is outside an array of length 3	adamicSetIndex(local_2_texts1, (Math.abs(Math.trunc(Number.parseFloat(local_0_holder["name"]))) % local_2_texts1.length), "\u0130");
seed501772.a	index NaN is outside an array of length 2	adamicSetIndex((ready_4 ? local_4_texts3 : adamicUnready("texts3")), (Math.abs(Math.trunc(((ready_2 ? local_2_number1 : adamicUnready("number1")) * (ready_8 ? local_8_captured : adamicUnready("captured"))))) % (ready_4 ?
seed501849.a	undefined where the checker narrowed it away: a call since t	let local_53_walk = adamicDefined(local_8_chain, "undefined where the checker narrowed it away: a call since the narrowing put it back");
seed501721.a	undefined where the checker narrowed it away: a call since t	local_8_chain = ({"value": adamicFind(local_0_holder["list"], "findIndex", new AdamicClosure(function_17_closure, [local_59_flag42_cell])), "label": String(local_9_captured), "next": adamicDefined(local_8_chain, "undefin
seed501674.a	undefined where the checker narrowed it away: a call since t	let local_41_walk = adamicDefined(local_6_chain, "undefined where the checker narrowed it away: a call since the narrowing put it back");
seed501798.a	undefined where the checker narrowed it away: a call since t	local_7_chain = ({"value": local_0_holder["value"], "label": "", "next": adamicDefined(local_7_chain, "undefined where the checker narrowed it away: a call since the narrowing put it back")});
seed501865.a	undefined where the checker narrowed it away: a call since t	local_7_chain = ({"value": function_8_Counter_bump(local_1_counter, adamicCall(local_10_tally4, [(local_5_table.get(("k" + String((Math.abs(Math.trunc((local_0_holder["name"].codePointAt((10)) ?? (7)))) % (4))))) ?? (100
seed501867.a	undefined where the checker narrowed it away: a call since t	let local_67_walk = adamicDefined(local_6_chain, "undefined where the checker narrowed it away: a call since the narrowing put it back");
seed501915.a	index 2 is outside an array of length 0	adamicSetIndex(local_0_holder["list"], (Math.abs(Math.trunc((local_0_holder["list"].at(local_3_number3) ?? (7)))) % local_0_holder["list"].length), adamicReduce(local_5_pending, new AdamicClosure(function_22_closure, [])
seed502018.a	undefined where the checker narrowed it away: a call since t	let local_57_walk = adamicDefined(local_8_chain, "undefined where the checker narrowed it away: a call since the narrowing put it back");
seed502059.a	TypeError: Cannot read properties of undefined (reading 'nex	local_8_chain = adamicDefined(local_8_chain, "TypeError: Cannot read properties of undefined (reading 'next')")?.["next"];
seed501871.a	undefined where the checker narrowed it away: a call since t	let local_59_walk = adamicDefined(local_7_chain, "undefined where the checker narrowed it away: a call since the narrowing put it back");
seed502021.a	undefined where the checker narrowed it away: a call since t	local_6_chain = ({"value": (local_2_flag1 ? local_0_holder["value"] : local_0_holder["value"]), "label": String(Math.max(local_0_holder["value"], local_0_holder["value"])), "next": adamicDefined(local_6_chain, "undefined
seed501938.a	index 1 is outside an array of length 1	adamicSetIndex((ready_0 ? local_0_holder : adamicUnready("holder"))["list"], (Math.abs(Math.trunc(Math.max((ready_3 ? local_3_number2 : adamicUnready("number2")), (ready_1 ? local_1_counter : adamicUnready("counter"))["c
seed501874.a	TypeError: Cannot read properties of undefined (reading 'nex	local_8_chain = adamicDefined(local_8_chain, "TypeError: Cannot read properties of undefined (reading 'next')")?.["next"];
seed502064.a	undefined where the checker narrowed it away: a call since t	local_7_chain = ({"value": adamicCall(local_9_capture, [local_3_number2]), "label": "\ud83c", "next": adamicDefined(local_7_chain, "undefined where the checker narrowed it away: a call since the narrowing put it back")})
seed501952.a	undefined where the checker narrowed it away: a call since t	let local_51_walk = adamicDefined(local_7_chain, "undefined where the checker narrowed it away: a call since the narrowing put it back");
seed502023.a	undefined where the checker narrowed it away: a call since t	let local_44_walk = adamicDefined(local_8_chain, "undefined where the checker narrowed it away: a call since the narrowing put it back");
seed501876.a	undefined where the checker narrowed it away: a call since t	let local_60_walk = adamicDefined(local_8_chain, "undefined where the checker narrowed it away: a call since the narrowing put it back");
seed502065.a	TypeError: Cannot read properties of undefined (reading 'nex	local_6_chain = adamicDefined(local_6_chain, "TypeError: Cannot read properties of undefined (reading 'next')")?.["next"];
seed501976.a	index NaN is outside an array of length 3	adamicSetIndex((ready_2 ? local_2_numbers1 : adamicUnready("numbers1")), (Math.abs(Math.trunc(adamicCall((ready_10 ? local_10_tally4 : adamicUnready("tally4")), [(ready_3 ? local_3_text2 : adamicUnready("text2")).charCod
seed502024.a	index NaN is outside an array of length 2	adamicSetIndex((ready_0 ? local_0_holder : adamicUnready("holder"))["list"], (Math.abs(Math.trunc((ready_0 ? local_0_holder : adamicUnready("holder"))["value"])) % (ready_0 ? local_0_holder : adamicUnready("holder"))["li
seed501880.a	index NaN is outside an array of length 2	adamicSetIndex(local_4_texts3, (Math.abs(Math.trunc(local_0_holder["value"])) % local_4_texts3.length), "");
seed502081.a	undefined where the checker narrowed it away: a call since t	local_8_chain = ({"value": Math.min(local_1_counter["count"], local_9_captured), "label": String(local_1_counter["count"]), "next": adamicDefined(local_8_chain, "undefined where the checker narrowed it away: a call since
seed502037.a	undefined where the checker narrowed it away: a call since t	let local_50_walk = adamicDefined(local_8_chain, "undefined where the checker narrowed it away: a call since the narrowing put it back");
seed501984.a	undefined where the checker narrowed it away: a call since t	let local_59_walk = adamicDefined(local_8_chain, "undefined where the checker narrowed it away: a call since the narrowing put it back");
seed501884.a	undefined where the checker narrowed it away: a call since t	let local_75_walk = adamicDefined(local_6_chain, "undefined where the checker narrowed it away: a call since the narrowing put it back");
seed501993.a	index NaN is outside an array of length 3	adamicSetIndex((ready_0 ? local_0_holder : adamicUnready("holder"))["list"], (Math.abs(Math.trunc((local_32_this["count"] + (4.294967295e+09)))) % (ready_0 ? local_0_holder : adamicUnready("holder"))["list"].length), (lo
seed502039.a	undefined where the checker narrowed it away: a call since t	let local_64_walk = adamicDefined(local_6_chain, "undefined where the checker narrowed it away: a call since the narrowing put it back");
seed502093.a	undefined where the checker narrowed it away: a call since t	let local_67_walk = adamicDefined(local_6_chain, "undefined where the checker narrowed it away: a call since the narrowing put it back");
seed501889.a	undefined where the checker narrowed it away: a call since t	let local_77_walk = adamicDefined(local_8_chain, "undefined where the checker narrowed it away: a call since the narrowing put it back");
seed501995.a	undefined where the checker narrowed it away: a call since t	local_8_chain = ({"value": function_5_effect19(adamicVisit(local_4_numbers3, "every", new AdamicClosure(function_28_closure, [])), local_0_holder["name"].startsWith(local_1_counter["label"])), "label": "3.5", "next": ada
seed502047.a	undefined where the checker narrowed it away: a call since t	local_6_chain = ({"value": local_1_counter["count"], "label": "\u0130", "next": adamicDefined(local_6_chain, "undefined where the checker narrowed it away: a call since the narrowing put it back")});
seed502100.a	undefined where the checker narrowed it away: a call since t	let local_41_walk = adamicDefined(local_6_chain, "undefined where the checker narrowed it away: a call since the narrowing put it back");
seed501902.a	undefined where the checker narrowed it away: a call since t	let local_53_walk = adamicDefined(local_7_chain, "undefined where the checker narrowed it away: a call since the narrowing put it back");
seed501996.a	undefined where the checker narrowed it away: a call since t	let local_58_walk = adamicDefined(local_7_chain, "undefined where the checker narrowed it away: a call since the narrowing put it back");
seed502048.a	index NaN is outside an array of length 1	adamicSetIndex((ready_0 ? local_0_holder : adamicUnready("holder"))["list"], (Math.abs(Math.trunc(((ready_1 ? local_1_counter : adamicUnready("counter"))["count"] ** (-(1))))) % (ready_0 ? local_0_holder : adamicUnready(
seed502102.a	undefined where the checker narrowed it away: a call since t	let local_75_walk = adamicDefined(local_7_chain, "undefined where the checker narrowed it away: a call since the narrowing put it back");
seed501906.a	TypeError: Cannot read properties of undefined (reading 'nex	local_6_chain = adamicDefined(local_6_chain, "TypeError: Cannot read properties of undefined (reading 'next')")?.["next"];
seed502003.a	undefined where the checker narrowed it away: a call since t	let local_76_walk = adamicDefined(local_8_chain, "undefined where the checker narrowed it away: a call since the narrowing put it back");
seed502051.a	index NaN is outside an array of length 2	adamicSetIndex(local_0_holder["list"], (Math.abs(Math.trunc("\ud83c\udf0db".charCodeAt(local_0_holder["value"]))) % local_0_holder["list"].length), adamicCall(local_9_capture, [[(4.294967295e+09), (1e+21)].indexOf(local_
seed502107.a	undefined where the checker narrowed it away: a call since t	local_6_chain = ({"value": local_0_holder["value"], "label": "xy", "next": adamicDefined(local_6_chain, "undefined where the checker narrowed it away: a call since the narrowing put it back")});
seed501908.a	undefined where the checker narrowed it away: a call since t	let local_72_walk = adamicDefined(local_7_chain, "undefined where the checker narrowed it away: a call since the narrowing put it back");
seed502012.a	index NaN is outside an array of length 2	adamicSetIndex(local_0_holder["list"], (Math.abs(Math.trunc(adamicCall(local_10_capture, [local_2_number1]))) % local_0_holder["list"].length), function_4_effect15(function_3_effect12(), (local_1_counter["label"] + local
seed502112.a	undefined where the checker narrowed it away: a call since t	let local_52_walk = adamicDefined(local_8_chain, "undefined where the checker narrowed it away: a call since the narrowing put it back");
seed502052.a	undefined where the checker narrowed it away: a call since t	local_7_chain = ({"value": function_8_Counter_bump(local_1_counter, (local_0_holder["list"].splice((10), (1))[(0)] ?? (0.5))), "label": "\u4e16\u754c", "next": adamicDefined(local_7_chain, "undefined where the checker na
seed502117.a	undefined where the checker narrowed it away: a call since t	let local_45_walk = adamicDefined(local_8_chain, "undefined where the checker narrowed it away: a call since the narrowing put it back");
seed502113.a	index NaN is outside an array of length 2	adamicSetIndex((ready_0 ? local_0_holder : adamicUnready("holder"))["list"], (Math.abs(Math.trunc((local_31_amount / (0.1)))) % (ready_0 ? local_0_holder : adamicUnready("holder"))["list"].length), Number.parseFloat(("a,
seed502205.a	TypeError: Cannot read properties of undefined (reading 'nex	local_8_chain = adamicDefined(local_8_chain, "TypeError: Cannot read properties of undefined (reading 'next')")?.["next"];
seed502272.a	undefined where the checker narrowed it away: a call since t	let local_74_walk = adamicDefined(local_6_chain, "undefined where the checker narrowed it away: a call since the narrowing put it back");
seed502133.a	undefined where the checker narrowed it away: a call since t	local_8_chain = ({"value": adamicCall(local_10_capture, [function_7_Counter_bump(local_1_counter, (local_0_holder["list"].splice(local_1_counter["count"], (1))[(0)] ?? (7)))]), "label": String(adamicCall(local_11_tally5,
seed502309.a	undefined where the checker narrowed it away: a call since t	let local_38_walk = adamicDefined(local_8_chain, "undefined where the checker narrowed it away: a call since the narrowing put it back");
seed502273.a	index NaN is outside an array of length 2	adamicSetIndex((ready_0 ? local_0_holder : adamicUnready("holder"))["list"], (Math.abs(Math.trunc(Number.parseFloat((ready_2 ? local_2_text1 : adamicUnready("text1"))))) % (ready_0 ? local_0_holder : adamicUnready("holde
seed502215.a	undefined where the checker narrowed it away: a call since t	let local_65_walk = adamicDefined(local_7_chain, "undefined where the checker narrowed it away: a call since the narrowing put it back");
seed502147.a	undefined where the checker narrowed it away: a call since t	let local_67_walk = adamicDefined(local_7_chain, "undefined where the checker narrowed it away: a call since the narrowing put it back");
seed502325.a	undefined where the checker narrowed it away: a call since t	let local_52_walk = adamicDefined(local_7_chain, "undefined where the checker narrowed it away: a call since the narrowing put it back");
seed502219.a	undefined where the checker narrowed it away: a call since t	let local_54_walk = adamicDefined(local_7_chain, "undefined where the checker narrowed it away: a call since the narrowing put it back");
seed502274.a	undefined where the checker narrowed it away: a call since t	let local_54_walk = adamicDefined(local_7_chain, "undefined where the checker narrowed it away: a call since the narrowing put it back");
seed502163.a	index 0 is outside an array of length 0	adamicSetIndex((ready_0 ? local_0_holder : adamicUnready("holder"))["list"], (Math.abs(Math.trunc(Math.min((ready_0 ? local_0_holder : adamicUnready("holder"))["value"], local_27_amount))) % (ready_0 ? local_0_holder : a
seed502276.a	undefined where the checker narrowed it away: a call since t	local_8_chain = ({"value": adamicCall(local_10_capture, [function_10_Counter_bump(local_1_counter, adamicReduce(local_7_pending, new AdamicClosure(function_33_closure, []), (0)))]), "label": "\u00e9", "next": adamicDefin
seed502326.a	undefined where the checker narrowed it away: a call since t	let local_55_walk = adamicDefined(local_8_chain, "undefined where the checker narrowed it away: a call since the narrowing put it back");
seed502230.a	undefined where the checker narrowed it away: a call since t	let local_66_walk = adamicDefined(local_8_chain, "undefined where the checker narrowed it away: a call since the narrowing put it back");
seed502170.a	undefined where the checker narrowed it away: a call since t	local_6_chain = ({"value": function_5_effect20([(123.456), (1.5)].concat(local_0_holder["list"]), local_2_number1, (local_7_captured !== local_0_holder["value"])), "label": String(local_1_counter["label"].charCodeAt(loca
seed502279.a	TypeError: Cannot read properties of undefined (reading 'nex	local_6_chain = adamicDefined(local_6_chain, "TypeError: Cannot read properties of undefined (reading 'next')")?.["next"];
seed502330.a	undefined where the checker narrowed it away: a call since t	local_6_chain = ({"value": function_2_effect4(adamicVisit(local_0_holder["list"], "every", new AdamicClosure(function_21_closure, []))), "label": String(adamicCall(local_8_capture, [adamicFind(local_10_numbers38, "findIn
seed502233.a	undefined where the checker narrowed it away: a call since t	let local_73_walk = adamicDefined(local_8_chain, "undefined where the checker narrowed it away: a call since the narrowing put it back");
seed502174.a	index NaN is outside an array of length 2	adamicSetIndex((ready_4 ? local_4_numbers3 : adamicUnready("numbers3")), (Math.abs(Math.trunc(((ready_1 ? local_1_counter : adamicUnready("counter"))["count"] - self.cells[0].value))) % (ready_4 ? local_4_numbers3 : adam
seed502285.a	undefined where the checker narrowed it away: a call since t	let local_69_walk = adamicDefined(local_8_chain, "undefined where the checker narrowed it away: a call since the narrowing put it back");
seed502236.a	undefined where the checker narrowed it away: a call since t	let local_46_walk = adamicDefined(local_6_chain, "undefined where the checker narrowed it away: a call since the narrowing put it back");
seed502334.a	index 0 is outside an array of length 0	adamicSetIndex((ready_0 ? local_0_holder : adamicUnready("holder"))["list"], (Math.abs(Math.trunc(adamicReduce([(255), (-(3))], new AdamicClosure(function_11_closure, []), (100)))) % (ready_0 ? local_0_holder : adamicUnr
seed502177.a	undefined where the checker narrowed it away: a call since t	let local_64_walk = adamicDefined(local_7_chain, "undefined where the checker narrowed it away: a call since the narrowing put it back");
seed502292.a	TypeError: Cannot read properties of undefined (reading 'nex	local_8_chain = adamicDefined(local_8_chain, "TypeError: Cannot read properties of undefined (reading 'next')")?.["next"];
seed502242.a	index NaN is outside an array of length 0	adamicSetIndex(local_0_holder["list"], (Math.abs(Math.trunc((local_4_number3 / local_1_counter["count"]))) % local_0_holder["list"].length), (function_8_Counter_bump(local_1_counter, (local_1_counter["count"] ** (-(1))))
seed502339.a	undefined where the checker narrowed it away: a call since t	local_7_chain = ({"value": local_0_holder["name"].lastIndexOf(local_1_counter["label"]), "label": String([(123.456), (5)].length), "next": adamicDefined(local_7_chain, "undefined where the checker narrowed it away: a cal
seed502185.a	index NaN is outside an array of length 2	adamicSetIndex((ready_0 ? local_0_holder : adamicUnready("holder"))["list"], (Math.abs(Math.trunc(((0) / (ready_0 ? local_0_holder : adamicUnready("holder"))["value"]))) % (ready_0 ? local_0_holder : adamicUnready("holde
seed502293.a	index NaN is outside an array of length 0	adamicSetIndex(local_0_holder["list"], (Math.abs(Math.trunc(function_8_Counter_bump(local_1_counter, local_1_counter["label"].charCodeAt(local_9_captured)))) % local_0_holder["list"].length), function_4_effect15(local_6_
seed502246.a	index NaN is outside an array of length 2	adamicSetIndex((ready_11 ? local_11_numbers20 : adamicUnready("numbers20")), (Math.abs(Math.trunc(Number.parseFloat((ready_0 ? local_0_holder : adamicUnready("holder"))["name"]))) % (ready_11 ? local_11_numbers20 : adami
seed502346.a	index 0 is outside an array of length 0	adamicSetIndex((ready_0 ? local_0_holder : adamicUnready("holder"))["list"], (Math.abs(Math.trunc((ready_1 ? local_1_counter : adamicUnready("counter"))["count"])) % (ready_0 ? local_0_holder : adamicUnready("holder"))["
seed502194.a	undefined where the checker narrowed it away: a call since t	local_7_chain = ({"value": local_0_holder["value"], "label": "\ud83c\udf0db", "next": adamicDefined(local_7_chain, "undefined where the checker narrowed it away: a call since the narrowing put it back")});
seed502294.a	undefined where the checker narrowed it away: a call since t	let local_61_walk = adamicDefined(local_6_chain, "undefined where the checker narrowed it away: a call since the narrowing put it back");
seed502248.a	undefined where the checker narrowed it away: a call since t	local_8_chain = ({"value": adamicCall(local_11_tally7, [function_3_effect12(Number.parseInt(local_0_holder["name"], (10)))]), "label": String(local_9_captured), "next": adamicDefined(local_8_chain, "undefined where the c
seed502347.a	undefined where the checker narrowed it away: a call since t	let local_63_walk = adamicDefined(local_8_chain, "undefined where the checker narrowed it away: a call since the narrowing put it back");
seed502197.a	undefined where the checker narrowed it away: a call since t	let local_58_walk = adamicDefined(local_6_chain, "undefined where the checker narrowed it away: a call since the narrowing put it back");
seed502305.a	index NaN is outside an array of length 8	adamicSetIndex(local_0_holder["list"], (Math.abs(Math.trunc(Number.parseInt(local_14_text48, (10)))) % local_0_holder["list"].length), local_13_number44);
seed502257.a	undefined where the checker narrowed it away: a call since t	let local_75_walk = adamicDefined(local_6_chain, "undefined where the checker narrowed it away: a call since the narrowing put it back");
seed502349.a	undefined where the checker narrowed it away: a call since t	let local_49_walk = adamicDefined(local_7_chain, "undefined where the checker narrowed it away: a call since the narrowing put it back");
seed502367.a	undefined where the checker narrowed it away: a call since t	local_7_chain = ({"value": function_7_Counter_bump(local_1_counter, ((7) * (-(1)))), "label": String(((function_0_head()?.["next"]?.["value"] ?? function_0_head()?.["value"]) ?? (4.294967295e+09))), "next": adamicDefined
seed502371.a	index NaN is outside an array of length 2	adamicSetIndex(local_0_holder["list"], (Math.abs(Math.trunc(function_6_effect32(function_5_effect25(local_1_counter["label"], function_4_effect17(local_1_counter["label"], ["xy"].join(",")))))) % local_0_holder["list"].l
seed502457.a	undefined where the checker narrowed it away: a call since t	local_8_chain = ({"value": function_3_effect7(), "label": "", "next": adamicDefined(local_8_chain, "undefined where the checker narrowed it away: a call since the narrowing put it back")});
seed502431.a	undefined where the checker narrowed it away: a call since t	let local_53_walk = adamicDefined(local_6_chain, "undefined where the checker narrowed it away: a call since the narrowing put it back");
seed502374.a	undefined where the checker narrowed it away: a call since t	local_7_chain = ({"value": Number.parseFloat(""), "label": String((local_2_numbers1.splice((1e+21), (1))[(0)] ?? (1))), "next": adamicDefined(local_7_chain, "undefined where the checker narrowed it away: a call since the
seed502461.a	index NaN is outside an array of length 4	adamicSetIndex((ready_0 ? local_0_holder : adamicUnready("holder"))["list"], (Math.abs(Math.trunc((local_46_this["count"] % local_46_this["count"]))) % (ready_0 ? local_0_holder : adamicUnready("holder"))["list"].length)
seed502525.a	undefined where the checker narrowed it away: a call since t	local_7_chain = ({"value": (function_0_head()?.["value"] ?? (1.5)), "label": "\u00e9", "next": adamicDefined(local_7_chain, "undefined where the checker narrowed it away: a call since the narrowing put it back")});
seed502432.a	index NaN is outside an array of length 2	adamicSetIndex(local_23_parameter15, (Math.abs(Math.trunc(((function_0_head()?.["next"]?.["value"] ?? function_0_head()?.["value"]) ?? (2.25)))) % local_23_parameter15.length), [""].join(",").length);
seed502392.a	index NaN is outside an array of length 2	adamicSetIndex((ready_0 ? local_0_holder : adamicUnready("holder"))["list"], (Math.abs(Math.trunc(adamicCall((ready_11 ? local_11_tally6 : adamicUnready("tally6")), [([(4.294967295e+09), (1.5)][(ready_9 ? local_9_capture
seed502536.a	undefined where the checker narrowed it away: a call since t	let local_70_walk = adamicDefined(local_7_chain, "undefined where the checker narrowed it away: a call since the narrowing put it back");
seed502465.a	undefined where the checker narrowed it away: a call since t	let local_68_walk = adamicDefined(local_7_chain, "undefined where the checker narrowed it away: a call since the narrowing put it back");
seed502434.a	index NaN is outside an array of length 0	adamicSetIndex((ready_0 ? local_0_holder : adamicUnready("holder"))["list"], (Math.abs(Math.trunc(((ready_0 ? local_0_holder : adamicUnready("holder"))["list"].splice(local_24_amount, (1))[(0)] ?? (1e+21)))) % (ready_0 ?
seed502393.a	undefined where the checker narrowed it away: a call since t	let local_88_walk = adamicDefined(local_8_chain, "undefined where the checker narrowed it away: a call since the narrowing put it back");
seed502551.a	undefined where the checker narrowed it away: a call since t	local_7_chain = ({"value": (local_1_counter["count"] * local_50_value33), "label": "", "next": adamicDefined(local_7_chain, "undefined where the checker narrowed it away: a call since the narrowing put it back")});
seed502474.a	undefined where the checker narrowed it away: a call since t	local_7_chain = ({"value": (local_0_holder["value"] - (0)), "label": String(adamicCall(local_10_tally4, [function_8_Counter_bump(local_1_counter, (adamicFind(local_2_numbers1, "find", new AdamicClosure(function_19_closur
seed502439.a	undefined where the checker narrowed it away: a call since t	let local_75_walk = adamicDefined(local_6_chain, "undefined where the checker narrowed it away: a call since the narrowing put it back");
seed502556.a	undefined where the checker narrowed it away: a call since t	local_8_chain = ({"value": local_6_table.size, "label": String(function_2_effect6(local_5_text4.padStart((3), "\ud83c\udf0d"))), "next": adamicDefined(local_8_chain, "undefined where the checker narrowed it away: a call 
seed502395.a	undefined where the checker narrowed it away: a call since t	let local_60_walk = adamicDefined(local_8_chain, "undefined where the checker narrowed it away: a call since the narrowing put it back");
seed502487.a	index NaN is outside an array of length 2	adamicSetIndex(self.cells[0].value, (Math.abs(Math.trunc(adamicCall((ready_10 ? local_10_capture : adamicUnready("capture")), [function_10_Counter_bump((ready_1 ? local_1_counter : adamicUnready("counter")), ((1) / (read
seed502441.a	undefined where the checker narrowed it away: a call since t	let local_64_walk = adamicDefined(local_7_chain, "undefined where the checker narrowed it away: a call since the narrowing put it back");
seed502406.a	index NaN is outside an array of length 2	adamicSetIndex(local_0_holder["list"], (Math.abs(Math.trunc(adamicCall(local_11_tally7, [(3)]))) % local_0_holder["list"].length), Number.parseFloat(local_0_holder["name"].slice((123.456), local_1_counter["count"])));
seed502557.a	undefined where the checker narrowed it away: a call since t	let local_46_walk = adamicDefined(local_7_chain, "undefined where the checker narrowed it away: a call since the narrowing put it back");
seed502496.a	TypeError: Cannot read properties of undefined (reading 'nex	local_7_chain = adamicDefined(local_7_chain, "TypeError: Cannot read properties of undefined (reading 'next')")?.["next"];
seed502445.a	index NaN is outside an array of length 2	adamicSetIndex((ready_0 ? local_0_holder : adamicUnready("holder"))["list"], (Math.abs(Math.trunc(Number.parseInt(local_22_this["label"], (10)))) % (ready_0 ? local_0_holder : adamicUnready("holder"))["list"].length), Ma
seed502409.a	TypeError: Cannot read properties of undefined (reading 'nex	local_6_chain = adamicDefined(local_6_chain, "TypeError: Cannot read properties of undefined (reading 'next')")?.["next"];
seed502561.a	index NaN is outside an array of length 3	adamicSetIndex((ready_2 ? local_2_numbers1 : adamicUnready("numbers1")), (Math.abs(Math.trunc(function_3_effect10([(1), (ready_9 ? local_9_captured : adamicUnready("captured"))]))) % (ready_2 ? local_2_numbers1 : adamicU
seed502502.a	undefined where the checker narrowed it away: a call since t	let local_63_walk = adamicDefined(local_7_chain, "undefined where the checker narrowed it away: a call since the narrowing put it back");
seed502448.a	undefined where the checker narrowed it away: a call since t	let local_62_walk = adamicDefined(local_8_chain, "undefined where the checker narrowed it away: a call since the narrowing put it back");
seed502411.a	index NaN is outside an array of length 3	adamicSetIndex((ready_3 ? local_3_numbers2 : adamicUnready("numbers2")), (Math.abs(Math.trunc((ready_4 ? local_4_text3 : adamicUnready("text3")).charCodeAt((ready_5 ? local_5_number4 : adamicUnready("number4"))))) % (rea
seed502503.a	index NaN is outside an array of length 2	adamicSetIndex((ready_0 ? local_0_holder : adamicUnready("holder"))["list"], (Math.abs(Math.trunc(Number.parseFloat((ready_0 ? local_0_holder : adamicUnready("holder"))["name"]))) % (ready_0 ? local_0_holder : adamicUnre
seed502562.a	index NaN is outside an array of length 1	adamicSetIndex((ready_0 ? local_0_holder : adamicUnready("holder"))["list"], (Math.abs(Math.trunc(Number.parseInt((ready_0 ? local_0_holder : adamicUnready("holder"))["name"], (10)))) % (ready_0 ? local_0_holder : adamic
seed502449.a	undefined where the checker narrowed it away: a call since t	let local_49_walk = adamicDefined(local_8_chain, "undefined where the checker narrowed it away: a call since the narrowing put it back");
seed502415.a	TypeError: Cannot read properties of undefined (reading 'nex	local_7_chain = adamicDefined(local_7_chain, "TypeError: Cannot read properties of undefined (reading 'next')")?.["next"];
seed502514.a	undefined where the checker narrowed it away: a call since t	let local_82_walk = adamicDefined(local_6_chain, "undefined where the checker narrowed it away: a call since the narrowing put it back");
seed502570.a	undefined where the checker narrowed it away: a call since t	let local_75_walk = adamicDefined(local_8_chain, "undefined where the checker narrowed it away: a call since the narrowing put it back");
seed502451.a	undefined where the checker narrowed it away: a call since t	local_7_chain = ({"value": (local_3_flag2 ? local_0_holder["value"] : local_8_captured), "label": String((1.5)), "next": adamicDefined(local_7_chain, "undefined where the checker narrowed it away: a call since the narrow
seed502428.a	index NaN is outside an array of length 1	adamicSetIndex((ready_0 ? local_0_holder : adamicUnready("holder"))["list"], (Math.abs(Math.trunc(adamicReduce(local_34_parameter24, new AdamicClosure(function_14_closure, []), (-(1))))) % (ready_0 ? local_0_holder : ada
seed502520.a	index 0 is outside an array of length 0	adamicSetIndex((ready_0 ? local_0_holder : adamicUnready("holder"))["list"], (Math.abs(Math.trunc(Math.max((1e+21), (10)))) % (ready_0 ? local_0_holder : adamicUnready("holder"))["list"].length), ((ready_0 ? local_0_hold
seed502574.a	undefined where the checker narrowed it away: a call since t	local_7_chain = ({"value": (255), "label": String((local_4_numbers3.splice(local_8_captured, (1))[(0)] ?? (0))), "next": adamicDefined(local_7_chain, "undefined where the checker narrowed it away: a call since the narrow
seed502452.a	TypeError: Cannot read properties of undefined (reading 'nex	local_7_chain = adamicDefined(local_7_chain, "TypeError: Cannot read properties of undefined (reading 'next')")?.["next"];
seed502579.a	index NaN is outside an array of length 1	adamicSetIndex((ready_0 ? local_0_holder : adamicUnready("holder"))["list"], (Math.abs(Math.trunc(Number.parseFloat((ready_1 ? local_1_counter : adamicUnready("counter"))["label"]))) % (ready_0 ? local_0_holder : adamicU
seed502597.a	index NaN is outside an array of length 2	adamicSetIndex((ready_0 ? local_0_holder : adamicUnready("holder"))["list"], (Math.abs(Math.trunc(Number.parseFloat(local_22_this["label"]))) % (ready_0 ? local_0_holder : adamicUnready("holder"))["list"].length), local_
seed502648.a	index NaN is outside an array of length 3	adamicSetIndex(local_2_numbers4, (Math.abs(Math.trunc(Math.max(local_8_captured, local_8_captured))) % local_2_numbers4.length), adamicCall(local_10_tally7, [Number.parseFloat(local_1_counter["label"])]));
seed502704.a	undefined where the checker narrowed it away: a call since t	let local_55_walk = adamicDefined(local_7_chain, "undefined where the checker narrowed it away: a call since the narrowing put it back");
seed502600.a	undefined where the checker narrowed it away: a call since t	let local_74_walk = adamicDefined(local_7_chain, "undefined where the checker narrowed it away: a call since the narrowing put it back");
seed502651.a	undefined where the checker narrowed it away: a call since t	let local_66_walk = adamicDefined(local_6_chain, "undefined where the checker narrowed it away: a call since the narrowing put it back");
seed502759.a	undefined where the checker narrowed it away: a call since t	local_6_chain = ({"value": ([(1e+21), (5)][local_0_holder["value"]] ?? (4.294967295e+09)), "label": "\udf0db", "next": adamicDefined(local_6_chain, "undefined where the checker narrowed it away: a call since the narrowin
seed502712.a	index NaN is outside an array of length 24	adamicSetIndex((ready_0 ? local_0_holder : adamicUnready("holder"))["list"], (Math.abs(Math.trunc(function_4_effect18(((ready_0 ? local_0_holder : adamicUnready("holder"))["value"] + (123.456))))) % (ready_0 ? local_0_ho
seed502602.a	undefined where the checker narrowed it away: a call since t	local_8_chain = ({"value": local_9_captured, "label": "\ud83c\udf0d", "next": adamicDefined(local_8_chain, "undefined where the checker narrowed it away: a call since the narrowing put it back")});
seed502654.a	TypeError: Cannot read properties of undefined (reading 'nex	local_8_chain = adamicDefined(local_8_chain, "TypeError: Cannot read properties of undefined (reading 'next')")?.["next"];
seed502760.a	TypeError: Cannot read properties of undefined (reading 'nex	local_7_chain = adamicDefined(local_7_chain, "TypeError: Cannot read properties of undefined (reading 'next')")?.["next"];
seed502715.a	undefined where the checker narrowed it away: a call since t	let local_90_walk = adamicDefined(local_8_chain, "undefined where the checker narrowed it away: a call since the narrowing put it back");
seed502606.a	index NaN is outside an array of length 17	adamicSetIndex(local_0_holder["list"], (Math.abs(Math.trunc(adamicReduce(local_6_pending, new AdamicClosure(function_20_closure, []), (0)))) % local_0_holder["list"].length), local_0_holder["value"]);
seed502661.a	undefined where the checker narrowed it away: a call since t	let local_35_walk = adamicDefined(local_6_chain, "undefined where the checker narrowed it away: a call since the narrowing put it back");
seed502769.a	undefined where the checker narrowed it away: a call since t	let local_63_walk = adamicDefined(local_7_chain, "undefined where the checker narrowed it away: a call since the narrowing put it back");
seed502719.a	undefined where the checker narrowed it away: a call since t	let local_53_walk = adamicDefined(local_6_chain, "undefined where the checker narrowed it away: a call since the narrowing put it back");
seed502609.a	TypeError: Cannot read properties of undefined (reading 'nex	local_8_chain = adamicDefined(local_8_chain, "TypeError: Cannot read properties of undefined (reading 'next')")?.["next"];
seed502672.a	undefined where the checker narrowed it away: a call since t	let local_68_walk = adamicDefined(local_7_chain, "undefined where the checker narrowed it away: a call since the narrowing put it back");
seed502779.a	index NaN is outside an array of length 0	adamicSetIndex((ready_0 ? local_0_holder : adamicUnready("holder"))["list"], (Math.abs(Math.trunc(function_11_Counter_bump((ready_1 ? local_1_counter : adamicUnready("counter")), (-(ready_0 ? local_0_holder : adamicUnrea
seed502722.a	undefined where the checker narrowed it away: a call since t	let local_65_walk = adamicDefined(local_7_chain, "undefined where the checker narrowed it away: a call since the narrowing put it back");
seed502679.a	undefined where the checker narrowed it away: a call since t	let local_41_walk = adamicDefined(local_6_chain, "undefined where the checker narrowed it away: a call since the narrowing put it back");
seed502613.a	undefined where the checker narrowed it away: a call since t	local_6_chain = ({"value": (local_4_table.get("c") ?? (0)), "label": String(function_4_effect22(("\ud83c\udf0d" + "|" + String(true)), (true ? local_1_counter["label"] : "3.5"))), "next": adamicDefined(local_6_chain, "un
seed502798.a	undefined where the checker narrowed it away: a call since t	let local_59_walk = adamicDefined(local_6_chain, "undefined where the checker narrowed it away: a call since the narrowing put it back");
seed502726.a	TypeError: Cannot read properties of undefined (reading 'nex	local_6_chain = adamicDefined(local_6_chain, "TypeError: Cannot read properties of undefined (reading 'next')")?.["next"];
seed502681.a	NO SITE	adamic: panic: map: the array shrank while it was being mapped
seed502623.a	undefined where the checker narrowed it away: a call since t	let local_60_walk = adamicDefined(local_8_chain, "undefined where the checker narrowed it away: a call since the narrowing put it back");
seed502801.a	undefined where the checker narrowed it away: a call since t	local_6_chain = ({"value": (-local_2_number1), "label": String(adamicReduce([(7), (0.1)], new AdamicClosure(function_14_closure, []), (1e+21))), "next": adamicDefined(local_6_chain, "undefined where the checker narrowed 
seed502744.a	undefined where the checker narrowed it away: a call since t	let local_59_walk = adamicDefined(local_6_chain, "undefined where the checker narrowed it away: a call since the narrowing put it back");
seed502682.a	undefined where the checker narrowed it away: a call since t	local_8_chain = ({"value": (local_0_holder["list"][local_9_captured] ?? (10)), "label": "\ud83c", "next": adamicDefined(local_8_chain, "undefined where the checker narrowed it away: a call since the narrowing put it back
seed502631.a	undefined where the checker narrowed it away: a call since t	local_6_chain = ({"value": (local_4_table.get(("k" + String((Math.abs(Math.trunc((false ? local_7_captured : local_7_captured))) % (4))))) ?? (-(1))), "label": "a,b", "next": adamicDefined(local_6_chain, "undefined where
seed502802.a	TypeError: Cannot read properties of undefined (reading 'nex	local_7_chain = adamicDefined(local_7_chain, "TypeError: Cannot read properties of undefined (reading 'next')")?.["next"];
seed502695.a	undefined where the checker narrowed it away: a call since t	let local_58_walk = adamicDefined(local_6_chain, "undefined where the checker narrowed it away: a call since the narrowing put it back");
seed502745.a	undefined where the checker narrowed it away: a call since t	let local_75_walk = adamicDefined(local_6_chain, "undefined where the checker narrowed it away: a call since the narrowing put it back");
seed502642.a	undefined where the checker narrowed it away: a call since t	let local_43_walk = adamicDefined(local_7_chain, "undefined where the checker narrowed it away: a call since the narrowing put it back");
seed502805.a	TypeError: Cannot read properties of undefined (reading 'nex	local_8_chain = adamicDefined(local_8_chain, "TypeError: Cannot read properties of undefined (reading 'next')")?.["next"];
seed502646.a	TypeError: Cannot read properties of undefined (reading 'nex	local_7_chain = adamicDefined(local_7_chain, "TypeError: Cannot read properties of undefined (reading 'next')")?.["next"];
seed502750.a	undefined where the checker narrowed it away: a call since t	let local_43_walk = adamicDefined(local_7_chain, "undefined where the checker narrowed it away: a call since the narrowing put it back");
seed502697.a	TypeError: Cannot read properties of undefined (reading 'nex	local_7_chain = adamicDefined(local_7_chain, "TypeError: Cannot read properties of undefined (reading 'next')")?.["next"];
seed502806.a	index NaN is outside an array of length 1	adamicSetIndex(local_0_holder["list"], (Math.abs(Math.trunc((local_2_number1 + local_1_counter["count"]))) % local_0_holder["list"].length), Math.max(local_0_holder["name"].charCodeAt(local_3_number2), adamicReduce(local
seed502755.a	undefined where the checker narrowed it away: a call since t	let local_53_walk = adamicDefined(local_7_chain, "undefined where the checker narrowed it away: a call since the narrowing put it back");
seed502809.a	undefined where the checker narrowed it away: a call since t	let local_76_walk = adamicDefined(local_8_chain, "undefined where the checker narrowed it away: a call since the narrowing put it back");
seed502860.a	undefined where the checker narrowed it away: a call since t	let local_80_walk = adamicDefined(local_7_chain, "undefined where the checker narrowed it away: a call since the narrowing put it back");
seed502808.a	index NaN is outside an array of length 3	adamicSetIndex(local_4_texts3, (Math.abs(Math.trunc(adamicCall(local_10_tally4, [Number.parseFloat(local_1_counter["label"])]))) % local_4_texts3.length), String(adamicCall(local_10_tally4, [(7)])));
seed502865.a	TypeError: Cannot read properties of undefined (reading 'nex	local_6_chain = adamicDefined(local_6_chain, "TypeError: Cannot read properties of undefined (reading 'next')")?.["next"];
seed502914.a	index NaN is outside an array of length 18	adamicSetIndex((ready_0 ? local_0_holder : adamicUnready("holder"))["list"], (Math.abs(Math.trunc(adamicCall((ready_9 ? local_9_tally3 : adamicUnready("tally3")), [((ready_0 ? local_0_holder : adamicUnready("holder"))["l
seed502813.a	undefined where the checker narrowed it away: a call since t	let local_70_walk = adamicDefined(local_7_chain, "undefined where the checker narrowed it away: a call since the narrowing put it back");
seed502976.a	index NaN is outside an array of length 3	adamicSetIndex(local_0_holder["list"], (Math.abs(Math.trunc(local_1_counter["count"])) % local_0_holder["list"].length), (function_2_effect4(adamicCall(local_9_tally3, [local_0_holder["value"]])) % adamicReduce(local_5_p
seed502915.a	TypeError: Cannot read properties of undefined (reading 'nex	local_7_chain = adamicDefined(local_7_chain, "TypeError: Cannot read properties of undefined (reading 'next')")?.["next"];
seed502818.a	undefined where the checker narrowed it away: a call since t	let local_60_walk = adamicDefined(local_6_chain, "undefined where the checker narrowed it away: a call since the narrowing put it back");
seed502869.a	index NaN is outside an array of length 2	adamicSetIndex((ready_0 ? local_0_holder : adamicUnready("holder"))["list"], (Math.abs(Math.trunc((ready_3 ? local_3_number2 : adamicUnready("number2")))) % (ready_0 ? local_0_holder : adamicUnready("holder"))["list"].le
seed502985.a	index NaN is outside an array of length 2	adamicSetIndex((ready_0 ? local_0_holder : adamicUnready("holder"))["list"], (Math.abs(Math.trunc((ready_0 ? local_0_holder : adamicUnready("holder"))["value"])) % (ready_0 ? local_0_holder : adamicUnready("holder"))["li
seed502925.a	TypeError: Cannot read properties of undefined (reading 'nex	local_6_chain = adamicDefined(local_6_chain, "TypeError: Cannot read properties of undefined (reading 'next')")?.["next"];
seed502826.a	index NaN is outside an array of length 2	adamicSetIndex((ready_0 ? local_0_holder : adamicUnready("holder"))["list"], (Math.abs(Math.trunc(((ready_7 ? local_7_captured : adamicUnready("captured")) + (ready_7 ? local_7_captured : adamicUnready("captured"))))) % 
seed502874.a	index NaN is outside an array of length 1	adamicSetIndex(local_0_holder["list"], (Math.abs(Math.trunc((local_0_holder["value"] / local_65_index50))) % local_0_holder["list"].length), adamicCall(local_8_capture, [(local_2_numbers1.splice(local_1_counter["count"],
seed502927.a	index NaN is outside an array of length 2	adamicSetIndex((ready_0 ? local_0_holder : adamicUnready("holder"))["list"], (Math.abs(Math.trunc(Number.parseFloat((ready_2 ? local_2_text2 : adamicUnready("text2"))))) % (ready_0 ? local_0_holder : adamicUnready("holde
seed502986.a	undefined where the checker narrowed it away: a call since t	let local_43_walk = adamicDefined(local_7_chain, "undefined where the checker narrowed it away: a call since the narrowing put it back");
seed502831.a	undefined where the checker narrowed it away: a call since t	let local_64_walk = adamicDefined(local_7_chain, "undefined where the checker narrowed it away: a call since the narrowing put it back");
seed502883.a	NO SITE	adamic: panic: map: the array shrank while it was being mapped
seed502937.a	index NaN is outside an array of length 1	adamicSetIndex((ready_0 ? local_0_holder : adamicUnready("holder"))["list"], (Math.abs(Math.trunc(Number.parseFloat("b"))) % (ready_0 ? local_0_holder : adamicUnready("holder"))["list"].length), function_3_effect15(adami
seed502987.a	undefined where the checker narrowed it away: a call since t	let local_66_walk = adamicDefined(local_8_chain, "undefined where the checker narrowed it away: a call since the narrowing put it back");
seed502833.a	undefined where the checker narrowed it away: a call since t	let local_32_walk = adamicDefined(local_8_chain, "undefined where the checker narrowed it away: a call since the narrowing put it back");
seed502886.a	undefined where the checker narrowed it away: a call since t	let local_42_walk = adamicDefined(local_7_chain, "undefined where the checker narrowed it away: a call since the narrowing put it back");
seed502939.a	index NaN is outside an array of length 1	adamicSetIndex((ready_0 ? local_0_holder : adamicUnready("holder"))["list"], (Math.abs(Math.trunc(Number.parseFloat(local_25_this["label"]))) % (ready_0 ? local_0_holder : adamicUnready("holder"))["list"].length), Math.p
seed502835.a	undefined where the checker narrowed it away: a call since t	local_8_chain = ({"value": function_8_Counter_bump(local_1_counter, (adamicFind(local_0_holder["list"], "find", new AdamicClosure(function_17_closure, [])) ?? (100))), "label": String((adamicFind([(-(3)), (1e+21)], "find
seed502991.a	undefined where the checker narrowed it away: a call since t	let local_72_walk = adamicDefined(local_8_chain, "undefined where the checker narrowed it away: a call since the narrowing put it back");
seed502887.a	undefined where the checker narrowed it away: a call since t	let local_47_walk = adamicDefined(local_6_chain, "undefined where the checker narrowed it away: a call since the narrowing put it back");
seed502996.a	index NaN is outside an array of length 1	adamicSetIndex((ready_0 ? local_0_holder : adamicUnready("holder"))["list"], (Math.abs(Math.trunc(Number.parseInt(local_29_this["label"], (10)))) % (ready_0 ? local_0_holder : adamicUnready("holder"))["list"].length), (-
seed502838.a	TypeError: Cannot read properties of undefined (reading 'nex	local_7_chain = adamicDefined(local_7_chain, "TypeError: Cannot read properties of undefined (reading 'next')")?.["next"];
seed502942.a	undefined where the checker narrowed it away: a call since t	let local_73_walk = adamicDefined(local_6_chain, "undefined where the checker narrowed it away: a call since the narrowing put it back");
seed502897.a	index NaN is outside an array of length 2	adamicSetIndex((ready_0 ? local_0_holder : adamicUnready("holder"))["list"], (Math.abs(Math.trunc(Number.parseInt((ready_2 ? local_2_text1 : adamicUnready("text1")), (10)))) % (ready_0 ? local_0_holder : adamicUnready("h
seed502999.a	undefined where the checker narrowed it away: a call since t	let local_81_walk = adamicDefined(local_7_chain, "undefined where the checker narrowed it away: a call since the narrowing put it back");
seed502965.a	index NaN is outside an array of length 2	adamicSetIndex((ready_4 ? local_4_texts3 : adamicUnready("texts3")), (Math.abs(Math.trunc(function_8_Counter_bump((ready_1 ? local_1_counter : adamicUnready("counter")), Math.max(local_15_index6, (ready_8 ? local_8_captu
seed502843.a	undefined where the checker narrowed it away: a call since t	let local_57_walk = adamicDefined(local_6_chain, "undefined where the checker narrowed it away: a call since the narrowing put it back");
seed502906.a	undefined where the checker narrowed it away: a call since t	let local_55_walk = adamicDefined(local_7_chain, "undefined where the checker narrowed it away: a call since the narrowing put it back");
seed503001.a	undefined where the checker narrowed it away: a call since t	let local_60_walk = adamicDefined(local_8_chain, "undefined where the checker narrowed it away: a call since the narrowing put it back");
seed502849.a	undefined where the checker narrowed it away: a call since t	let local_55_walk = adamicDefined(local_7_chain, "undefined where the checker narrowed it away: a call since the narrowing put it back");
seed502966.a	index NaN is outside an array of length 5	adamicSetIndex((ready_4 ? local_4_numbers3 : adamicUnready("numbers3")), (Math.abs(Math.trunc(adamicCall((ready_9 ? local_9_capture : adamicUnready("capture")), [(10)]))) % (ready_4 ? local_4_numbers3 : adamicUnready("nu
seed502907.a	NO SITE	adamic: panic: map: the array shrank while it was being mapped
seed503018.a	undefined where the checker narrowed it away: a call since t	let local_63_walk = adamicDefined(local_8_chain, "undefined where the checker narrowed it away: a call since the narrowing put it back");
seed502975.a	index NaN is outside an array of length 2	adamicSetIndex((ready_0 ? local_0_holder : adamicUnready("holder"))["list"], (Math.abs(Math.trunc("hello".charCodeAt(local_23_this["count"]))) % (ready_0 ? local_0_holder : adamicUnready("holder"))["list"].length), local
seed503033.a	undefined where the checker narrowed it away: a call since t	local_6_chain = ({"value": local_0_holder["name"].charCodeAt((100)), "label": String(local_3_numbers2.indexOf(local_1_counter["count"])), "next": adamicDefined(local_6_chain, "undefined where the checker narrowed it away
seed503086.a	undefined where the checker narrowed it away: a call since t	let local_82_walk = adamicDefined(local_8_chain, "undefined where the checker narrowed it away: a call since the narrowing put it back");
seed503023.a	undefined where the checker narrowed it away: a call since t	let local_56_walk = adamicDefined(local_7_chain, "undefined where the checker narrowed it away: a call since the narrowing put it back");
seed503037.a	undefined where the checker narrowed it away: a call since t	let local_56_walk = adamicDefined(local_7_chain, "undefined where the checker narrowed it away: a call since the narrowing put it back");
seed503155.a	index NaN is outside an array of length 24	adamicSetIndex((ready_0 ? local_0_holder : adamicUnready("holder"))["list"], (Math.abs(Math.trunc(Number.parseInt((ready_2 ? local_2_text1 : adamicUnready("text1")), (10)))) % (ready_0 ? local_0_holder : adamicUnready("h
seed503093.a	undefined where the checker narrowed it away: a call since t	local_8_chain = ({"value": function_3_effect10((local_6_table.get("b") ?? (-(3))), adamicMap(["\u00e9"], new AdamicClosure(function_22_closure, [])), function_4_effect22((local_6_table.get("a") ?? (1e+21)))), "label": St
seed503228.a	undefined where the checker narrowed it away: a call since t	local_6_chain = ({"value": adamicCall(local_9_tally3, [Math.min((255), local_61_index45)]), "label": "b", "next": adamicDefined(local_6_chain, "undefined where the checker narrowed it away: a call since the narrowing put
seed503038.a	undefined where the checker narrowed it away: a call since t	let local_59_walk = adamicDefined(local_7_chain, "undefined where the checker narrowed it away: a call since the narrowing put it back");
seed503156.a	index NaN is outside an array of length 2	adamicSetIndex((ready_0 ? local_0_holder : adamicUnready("holder"))["list"], (Math.abs(Math.trunc(((ready_0 ? local_0_holder : adamicUnready("holder"))["list"].splice((ready_0 ? local_0_holder : adamicUnready("holder"))[
seed503101.a	TypeError: Cannot read properties of undefined (reading 'nex	local_8_chain = adamicDefined(local_8_chain, "TypeError: Cannot read properties of undefined (reading 'next')")?.["next"];
seed503061.a	TypeError: Cannot read properties of undefined (reading 'nex	local_8_chain = adamicDefined(local_8_chain, "TypeError: Cannot read properties of undefined (reading 'next')")?.["next"];
seed503232.a	undefined where the checker narrowed it away: a call since t	local_8_chain = ({"value": local_0_holder["value"], "label": "a", "next": adamicDefined(local_8_chain, "undefined where the checker narrowed it away: a call since the narrowing put it back")});
seed503158.a	index NaN is outside an array of length 2	adamicSetIndex((ready_2 ? local_2_numbers1 : adamicUnready("numbers1")), (Math.abs(Math.trunc(Math.max((ready_1 ? local_1_counter : adamicUnready("counter"))["count"], (0.5)))) % (ready_2 ? local_2_numbers1 : adamicUnrea
seed503115.a	undefined where the checker narrowed it away: a call since t	let local_75_walk = adamicDefined(local_6_chain, "undefined where the checker narrowed it away: a call since the narrowing put it back");
seed503062.a	undefined where the checker narrowed it away: a call since t	let local_53_walk = adamicDefined(local_6_chain, "undefined where the checker narrowed it away: a call since the narrowing put it back");
seed503248.a	undefined where the checker narrowed it away: a call since t	let local_79_walk = adamicDefined(local_8_chain, "undefined where the checker narrowed it away: a call since the narrowing put it back");
seed503169.a	index NaN is outside an array of length 2	adamicSetIndex((ready_3 ? local_3_texts2 : adamicUnready("texts2")), (Math.abs(Math.trunc((ready_7 ? local_7_captured : adamicUnready("captured")))) % (ready_3 ? local_3_texts2 : adamicUnready("texts2")).length), String(
seed503119.a	undefined where the checker narrowed it away: a call since t	let local_49_walk = adamicDefined(local_7_chain, "undefined where the checker narrowed it away: a call since the narrowing put it back");
seed503064.a	index NaN is outside an array of length 23	adamicSetIndex((ready_0 ? local_0_holder : adamicUnready("holder"))["list"], (Math.abs(Math.trunc(local_19_amount)) % (ready_0 ? local_0_holder : adamicUnready("holder"))["list"].length), local_18_this["label"].replaceAl
seed503190.a	index NaN is outside an array of length 3	adamicSetIndex(local_11_numbers23, (Math.abs(Math.trunc(Number.parseInt(local_1_counter["label"], (10)))) % local_11_numbers23.length), (1));
seed503257.a	undefined where the checker narrowed it away: a call since t	let local_77_walk = adamicDefined(local_7_chain, "undefined where the checker narrowed it away: a call since the narrowing put it back");
seed503123.a	index NaN is outside an array of length 2	adamicSetIndex((ready_0 ? local_0_holder : adamicUnready("holder"))["list"], (Math.abs(Math.trunc(Number.parseInt("xy", (10)))) % (ready_0 ? local_0_holder : adamicUnready("holder"))["list"].length), function_3_effect13(
seed503071.a	index NaN is outside an array of length 2	adamicSetIndex((ready_0 ? local_0_holder : adamicUnready("holder"))["list"], (Math.abs(Math.trunc(adamicCall((ready_8 ? local_8_capture : adamicUnready("capture")), [function_2_effect5(function_3_effect8((ready_7 ? local
seed503191.a	undefined where the checker narrowed it away: a call since t	let local_55_walk = adamicDefined(local_8_chain, "undefined where the checker narrowed it away: a call since the narrowing put it back");
seed503264.a	undefined where the checker narrowed it away: a call since t	let local_78_walk = adamicDefined(local_8_chain, "undefined where the checker narrowed it away: a call since the narrowing put it back");
seed503077.a	index NaN is outside an array of length 2	adamicSetIndex(local_0_holder["list"], (Math.abs(Math.trunc(((-(1)) / local_1_counter["count"]))) % local_0_holder["list"].length), (local_0_holder["list"][((7) / (4.294967295e+09))] ?? (255)));
seed503125.a	index 0 is outside an array of length 0	adamicSetIndex((ready_2 ? local_2_numbers1 : adamicUnready("numbers1")), (Math.abs(Math.trunc(self.cells[0].value.lastIndexOf("a,b"))) % (ready_2 ? local_2_numbers1 : adamicUnready("numbers1")).length), ((ready_2 ? local
seed503270.a	TypeError: Cannot read properties of undefined (reading 'nex	local_8_chain = adamicDefined(local_8_chain, "TypeError: Cannot read properties of undefined (reading 'next')")?.["next"];
seed503200.a	index NaN is outside an array of length 2	adamicSetIndex((ready_3 ? local_3_texts2 : adamicUnready("texts2")), (Math.abs(Math.trunc(function_7_Counter_bump((ready_1 ? local_1_counter : adamicUnready("counter")), Number.parseInt(local_25_parameter13, (10))))) % (
seed503078.a	undefined where the checker narrowed it away: a call since t	let local_44_walk = adamicDefined(local_8_chain, "undefined where the checker narrowed it away: a call since the narrowing put it back");
seed503144.a	index NaN is outside an array of length 3	adamicSetIndex((ready_2 ? local_2_texts1 : adamicUnready("texts1")), (Math.abs(Math.trunc((ready_0 ? local_0_holder : adamicUnready("holder"))["value"])) % (ready_2 ? local_2_texts1 : adamicUnready("texts1")).length), "a
seed503300.a	index NaN is outside an array of length 2	adamicSetIndex((ready_0 ? local_0_holder : adamicUnready("holder"))["list"], (Math.abs(Math.trunc(Number.parseFloat((ready_0 ? local_0_holder : adamicUnready("holder"))["name"]))) % (ready_0 ? local_0_holder : adamicUnre
seed503204.a	undefined where the checker narrowed it away: a call since t	let local_47_walk = adamicDefined(local_8_chain, "undefined where the checker narrowed it away: a call since the narrowing put it back");
seed503085.a	undefined where the checker narrowed it away: a call since t	let local_42_walk = adamicDefined(local_8_chain, "undefined where the checker narrowed it away: a call since the narrowing put it back");
seed503151.a	undefined where the checker narrowed it away: a call since t	local_8_chain = ({"value": local_6_table.size, "label": String(Math.max(local_2_number1, local_0_holder["value"])), "next": adamicDefined(local_8_chain, "undefined where the checker narrowed it away: a call since the nar
seed503302.a	undefined where the checker narrowed it away: a call since t	local_6_chain = ({"value": local_3_text2.indexOf("\ud83c"), "label": "\udf0db", "next": adamicDefined(local_6_chain, "undefined where the checker narrowed it away: a call since the narrowing put it back")});
seed503205.a	undefined where the checker narrowed it away: a call since t	let local_83_walk = adamicDefined(local_6_chain, "undefined where the checker narrowed it away: a call since the narrowing put it back");
seed503153.a	index NaN is outside an array of length 3	adamicSetIndex(local_3_texts2, (Math.abs(Math.trunc(adamicCall(local_8_capture, [local_0_holder["name"].charCodeAt(local_7_captured)]))) % local_3_texts2.length), "a\ud83c");
seed503320.a	undefined where the checker narrowed it away: a call since t	local_6_chain = ({"value": Math.min(local_0_holder["value"], local_0_holder["value"]), "label": "\ud83c\udf0d", "next": adamicDefined(local_6_chain, "undefined where the checker narrowed it away: a call since the narrowi
seed503310.a	undefined where the checker narrowed it away: a call since t	local_8_chain = ({"value": (local_0_holder["list"].splice(local_58_index40, (1))[(0)] ?? (5)), "label": String("\ud83c\udf0d".indexOf("")), "next": adamicDefined(local_8_chain, "undefined where the checker narrowed it aw
seed503226.a	index NaN is outside an array of length 2	adamicSetIndex((ready_0 ? local_0_holder : adamicUnready("holder"))["list"], (Math.abs(Math.trunc(Math.min((100), (ready_0 ? local_0_holder : adamicUnready("holder"))["value"]))) % (ready_0 ? local_0_holder : adamicUnrea
seed503322.a	index NaN is outside an array of length 2	adamicSetIndex((ready_0 ? local_0_holder : adamicUnready("holder"))["list"], (Math.abs(Math.trunc(Number.parseFloat((ready_0 ? local_0_holder : adamicUnready("holder"))["name"]))) % (ready_0 ? local_0_holder : adamicUnre
seed503317.a	undefined where the checker narrowed it away: a call since t	let local_56_walk = adamicDefined(local_7_chain, "undefined where the checker narrowed it away: a call since the narrowing put it back");
seed503398.a	index NaN is outside an array of length 24	adamicSetIndex(local_0_holder["list"], (Math.abs(Math.trunc(local_3_text2.charCodeAt((7)))) % local_0_holder["list"].length), adamicCall(local_8_capture, [adamicCall(local_9_tally3, [(local_0_holder["list"].at(local_1_co
seed503444.a	undefined where the checker narrowed it away: a call since t	let local_39_walk = adamicDefined(local_6_chain, "undefined where the checker narrowed it away: a call since the narrowing put it back");
seed503339.a	TypeError: Cannot read properties of undefined (reading 'nex	local_8_chain = adamicDefined(local_8_chain, "TypeError: Cannot read properties of undefined (reading 'next')")?.["next"];
seed503403.a	TypeError: Cannot read properties of undefined (reading 'nex	local_7_chain = adamicDefined(local_7_chain, "TypeError: Cannot read properties of undefined (reading 'next')")?.["next"];
seed503450.a	index NaN is outside an array of length 1	adamicSetIndex((ready_0 ? local_0_holder : adamicUnready("holder"))["list"], (Math.abs(Math.trunc(Number.parseInt(local_24_this["label"], (10)))) % (ready_0 ? local_0_holder : adamicUnready("holder"))["list"].length), ad
seed503502.a	undefined where the checker narrowed it away: a call since t	let local_42_walk = adamicDefined(local_7_chain, "undefined where the checker narrowed it away: a call since the narrowing put it back");
seed503343.a	index NaN is outside an array of length 24	adamicSetIndex((ready_0 ? local_0_holder : adamicUnready("holder"))["list"], (Math.abs(Math.trunc((ready_2 ? local_2_text1 : adamicUnready("text1")).charCodeAt((-(1))))) % (ready_0 ? local_0_holder : adamicUnready("holde
seed503458.a	index NaN is outside an array of length 2	adamicSetIndex((ready_3 ? local_3_texts2 : adamicUnready("texts2")), (Math.abs(Math.trunc(Math.pow((1), (ready_1 ? local_1_counter : adamicUnready("counter"))["count"]))) % (ready_3 ? local_3_texts2 : adamicUnready("text
seed503418.a	undefined where the checker narrowed it away: a call since t	local_6_chain = ({"value": local_7_captured, "label": " pad ", "next": adamicDefined(local_6_chain, "undefined where the checker narrowed it away: a call since the narrowing put it back")});
seed503512.a	undefined where the checker narrowed it away: a call since t	let local_42_walk = adamicDefined(local_6_chain, "undefined where the checker narrowed it away: a call since the narrowing put it back");
seed503461.a	index 0 is outside an array of length 0	adamicSetIndex(local_0_holder["list"], (Math.abs(Math.trunc(adamicReduce([(10), (1e+21)], new AdamicClosure(function_20_closure, []), (7)))) % local_0_holder["list"].length), function_5_effect25((-local_7_captured)));
seed503346.a	undefined where the checker narrowed it away: a call since t	local_6_chain = ({"value": Math.max(local_0_holder["value"], local_3_number2), "label": String(local_0_holder["value"]), "next": adamicDefined(local_6_chain, "undefined where the checker narrowed it away: a call since th
seed503513.a	index NaN is outside an array of length 2	adamicSetIndex(local_0_holder["list"], (Math.abs(Math.trunc(adamicCall(local_9_capture, [(-local_3_number2)]))) % local_0_holder["list"].length), Math.pow((-(0.0001)), local_8_captured));
seed503420.a	index NaN is outside an array of length 3	adamicSetIndex(local_0_holder["list"], (Math.abs(Math.trunc(adamicCall(local_10_capture, [function_9_Counter_bump(local_1_counter, local_4_number3)]))) % local_0_holder["list"].length), (2.25));
seed503371.a	undefined where the checker narrowed it away: a call since t	let local_46_walk = adamicDefined(local_6_chain, "undefined where the checker narrowed it away: a call since the narrowing put it back");
seed503469.a	index NaN is outside an array of length 2	adamicSetIndex((ready_3 ? local_3_texts2 : adamicUnready("texts2")), (Math.abs(Math.trunc(adamicCall((ready_9 ? local_9_tally3 : adamicUnready("tally3")), [Number.parseInt((ready_0 ? local_0_holder : adamicUnready("holde
seed503421.a	index NaN is outside an array of length 24	adamicSetIndex((ready_0 ? local_0_holder : adamicUnready("holder"))["list"], (Math.abs(Math.trunc((local_23_this["count"] - (0)))) % (ready_0 ? local_0_holder : adamicUnready("holder"))["list"].length), ((ready_0 ? local
seed503529.a	index NaN is outside an array of length 0	adamicSetIndex((ready_0 ? local_0_holder : adamicUnready("holder"))["list"], (Math.abs(Math.trunc(((ready_0 ? local_0_holder : adamicUnready("holder"))["list"].splice((ready_0 ? local_0_holder : adamicUnready("holder"))[
seed503471.a	index NaN is outside an array of length 1	adamicSetIndex((ready_0 ? local_0_holder : adamicUnready("holder"))["list"], (Math.abs(Math.trunc(adamicCall((ready_8 ? local_8_capture : adamicUnready("capture")), [adamicCall((ready_9 ? local_9_tally4 : adamicUnready("
seed503390.a	undefined where the checker narrowed it away: a call since t	let local_83_walk = adamicDefined(local_8_chain, "undefined where the checker narrowed it away: a call since the narrowing put it back");
seed503428.a	index NaN is outside an array of length 2	adamicSetIndex(local_4_texts3, (Math.abs(Math.trunc(((255) % local_1_counter["count"]))) % local_4_texts3.length), String((10)));
seed503554.a	index NaN is outside an array of length 3	adamicSetIndex(local_0_holder["list"], (Math.abs(Math.trunc(Number.parseInt(local_4_text3, (10)))) % local_0_holder["list"].length), local_3_text2.charCodeAt((10)));
seed503473.a	undefined where the checker narrowed it away: a call since t	let local_105_walk = adamicDefined(local_7_chain, "undefined where the checker narrowed it away: a call since the narrowing put it back");
seed503393.a	index 0 is outside an array of length 0	adamicSetIndex(local_0_holder["list"], (Math.abs(Math.trunc(local_3_text2.lastIndexOf(local_1_counter["label"]))) % local_0_holder["list"].length), function_4_effect19(("\u4e16\u754c"[local_59_round41] ?? "10")));
seed503430.a	undefined where the checker narrowed it away: a call since t	let local_53_walk = adamicDefined(local_8_chain, "undefined where the checker narrowed it away: a call since the narrowing put it back");
seed503565.a	undefined where the checker narrowed it away: a call since t	let local_57_walk = adamicDefined(local_8_chain, "undefined where the checker narrowed it away: a call since the narrowing put it back");
seed503394.a	undefined where the checker narrowed it away: a call since t	let local_72_walk = adamicDefined(local_8_chain, "undefined where the checker narrowed it away: a call since the narrowing put it back");
seed503482.a	undefined where the checker narrowed it away: a call since t	let local_67_walk = adamicDefined(local_8_chain, "undefined where the checker narrowed it away: a call since the narrowing put it back");
seed503435.a	TypeError: Cannot read properties of undefined (reading 'nex	local_7_chain = adamicDefined(local_7_chain, "TypeError: Cannot read properties of undefined (reading 'next')")?.["next"];
seed503574.a	undefined where the checker narrowed it away: a call since t	local_8_chain = ({"value": (function_0_head()?.["next"]?.["value"] ?? (-(0.0001))), "label": String((local_0_holder["list"].splice(local_0_holder["value"], (1))[(0)] ?? (255))), "next": adamicDefined(local_8_chain, "unde
seed503483.a	index NaN is outside an array of length 23	adamicSetIndex(local_0_holder["list"], (Math.abs(Math.trunc((function_0_head()?.["next"]?.["value"] ?? (5)))) % local_0_holder["list"].length), (Number.isFinite((1e+21)) ? Math.min(local_1_counter["count"], (3)) : (-(1.5
seed503395.a	undefined where the checker narrowed it away: a call since t	local_7_chain = ({"value": function_6_Counter_bump(local_1_counter, (local_1_counter["count"] ** (-(1)))), "label": String(Math.min(local_4_number3, (3))), "next": adamicDefined(local_7_chain, "undefined where the checke
seed503575.a	undefined where the checker narrowed it away: a call since t	let local_68_walk = adamicDefined(local_7_chain, "undefined where the checker narrowed it away: a call since the narrowing put it back");
seed503438.a	index 0 is outside an array of length 0	adamicSetIndex((ready_0 ? local_0_holder : adamicUnready("holder"))["list"], (Math.abs(Math.trunc(adamicCall((ready_9 ? local_9_tally3 : adamicUnready("tally3")), [(function_0_head()?.["next"]?.["next"]?.["value"] ?? (-(
seed503496.a	undefined where the checker narrowed it away: a call since t	let local_46_walk = adamicDefined(local_8_chain, "undefined where the checker narrowed it away: a call since the narrowing put it back");
seed503441.a	undefined where the checker narrowed it away: a call since t	let local_53_walk = adamicDefined(local_6_chain, "undefined where the checker narrowed it away: a call since the narrowing put it back");
seed503578.a	undefined where the checker narrowed it away: a call since t	let local_57_walk = adamicDefined(local_8_chain, "undefined where the checker narrowed it away: a call since the narrowing put it back");
seed503589.a	undefined where the checker narrowed it away: a call since t	let local_58_walk = adamicDefined(local_8_chain, "undefined where the checker narrowed it away: a call since the narrowing put it back");
seed503586.a	undefined where the checker narrowed it away: a call since t	local_8_chain = ({"value": (local_1_counter["count"] * local_0_holder["value"]), "label": String((local_3_flag2 ? (10) : (255))), "next": adamicDefined(local_8_chain, "undefined where the checker narrowed it away: a call
seed503638.a	index NaN is outside an array of length 0	adamicSetIndex(local_0_holder["list"], (Math.abs(Math.trunc(adamicReduce(local_6_pending, new AdamicClosure(function_28_closure, []), (0)))) % local_0_holder["list"].length), local_1_counter["count"]);
seed503593.a	index NaN is outside an array of length 6	adamicSetIndex((ready_2 ? local_2_texts1 : adamicUnready("texts1")), (Math.abs(Math.trunc(local_18_parameter9)) % (ready_2 ? local_2_texts1 : adamicUnready("texts1")).length), "3.5");
seed503710.a	undefined where the checker narrowed it away: a call since t	local_8_chain = ({"value": adamicCall(local_11_tally5, [(local_0_holder["value"] * local_46_round31)]), "label": String(local_45_index30), "next": adamicDefined(local_8_chain, "undefined where the checker narrowed it awa
seed503651.a	undefined where the checker narrowed it away: a call since t	let local_42_walk = adamicDefined(local_8_chain, "undefined where the checker narrowed it away: a call since the narrowing put it back");
seed503595.a	undefined where the checker narrowed it away: a call since t	let local_52_walk = adamicDefined(local_6_chain, "undefined where the checker narrowed it away: a call since the narrowing put it back");
seed503718.a	TypeError: Cannot read properties of undefined (reading 'nex	local_6_chain = adamicDefined(local_6_chain, "TypeError: Cannot read properties of undefined (reading 'next')")?.["next"];
seed503757.a	index 0 is outside an array of length 0	adamicSetIndex((ready_0 ? local_0_holder : adamicUnready("holder"))["list"], (Math.abs(Math.trunc((ready_4 ? local_4_table : adamicUnready("table")).size)) % (ready_0 ? local_0_holder : adamicUnready("holder"))["list"].l
seed503669.a	undefined where the checker narrowed it away: a call since t	let local_53_walk = adamicDefined(local_8_chain, "undefined where the checker narrowed it away: a call since the narrowing put it back");
seed503597.a	index NaN is outside an array of length 23	adamicSetIndex(local_0_holder["list"], (Math.abs(Math.trunc((local_1_counter["count"] / (-(3))))) % local_0_holder["list"].length), adamicReduce(local_0_holder["list"], new AdamicClosure(function_18_closure, []), (-(0.00
seed503721.a	undefined where the checker narrowed it away: a call since t	let local_53_walk = adamicDefined(local_8_chain, "undefined where the checker narrowed it away: a call since the narrowing put it back");
seed503776.a	index NaN is outside an array of length 2	adamicSetIndex(local_0_holder["list"], (Math.abs(Math.trunc(adamicReduce(local_5_pending, new AdamicClosure(function_22_closure, []), (0)))) % local_0_holder["list"].length), local_1_counter["count"]);
seed503670.a	index NaN is outside an array of length 4	adamicSetIndex((ready_2 ? local_2_numbers4 : adamicUnready("numbers4")), (Math.abs(Math.trunc((false ? self.cells[0].value : (ready_7 ? local_7_captured : adamicUnready("captured"))))) % (ready_2 ? local_2_numbers4 : ada
seed503603.a	undefined where the checker narrowed it away: a call since t	let local_50_walk = adamicDefined(local_8_chain, "undefined where the checker narrowed it away: a call since the narrowing put it back");
seed503731.a	undefined where the checker narrowed it away: a call since t	let local_58_walk = adamicDefined(local_8_chain, "undefined where the checker narrowed it away: a call since the narrowing put it back");
seed503780.a	undefined where the checker narrowed it away: a call since t	let local_45_walk = adamicDefined(local_8_chain, "undefined where the checker narrowed it away: a call since the narrowing put it back");
seed503604.a	undefined where the checker narrowed it away: a call since t	local_6_chain = ({"value": (0.5), "label": String(local_1_counter["label"].lastIndexOf("\udf0db")), "next": adamicDefined(local_6_chain, "undefined where the checker narrowed it away: a call since the narrowing put it ba
seed503671.a	undefined where the checker narrowed it away: a call since t	let local_47_walk = adamicDefined(local_8_chain, "undefined where the checker narrowed it away: a call since the narrowing put it back");
seed503733.a	TypeError: Cannot read properties of undefined (reading 'nex	local_8_chain = adamicDefined(local_8_chain, "TypeError: Cannot read properties of undefined (reading 'next')")?.["next"];
seed503794.a	undefined where the checker narrowed it away: a call since t	local_6_chain = ({"value": local_7_captured, "label": "xy", "next": adamicDefined(local_6_chain, "undefined where the checker narrowed it away: a call since the narrowing put it back")});
seed503699.a	TypeError: Cannot read properties of undefined (reading 'nex	local_7_chain = adamicDefined(local_7_chain, "TypeError: Cannot read properties of undefined (reading 'next')")?.["next"];
seed503620.a	index NaN is outside an array of length 2	adamicSetIndex((ready_0 ? local_0_holder : adamicUnready("holder"))["list"], (Math.abs(Math.trunc(Number.parseFloat((ready_1 ? local_1_counter : adamicUnready("counter"))["label"]))) % (ready_0 ? local_0_holder : adamicU
seed503735.a	undefined where the checker narrowed it away: a call since t	let local_42_walk = adamicDefined(local_7_chain, "undefined where the checker narrowed it away: a call since the narrowing put it back");
seed503802.a	undefined where the checker narrowed it away: a call since t	local_6_chain = ({"value": (false ? local_1_counter["count"] : (2.25)), "label": "b", "next": adamicDefined(local_6_chain, "undefined where the checker narrowed it away: a call since the narrowing put it back")});
seed503702.a	NO SITE	adamic: panic: map: the array shrank while it was being mapped
seed503628.a	undefined where the checker narrowed it away: a call since t	let local_71_walk = adamicDefined(local_7_chain, "undefined where the checker narrowed it away: a call since the narrowing put it back");
seed503740.a	undefined where the checker narrowed it away: a call since t	local_7_chain = ({"value": ((0.5) - local_2_number1), "label": String(("hello".codePointAt((1)) ?? (1))), "next": adamicDefined(local_7_chain, "undefined where the checker narrowed it away: a call since the narrowing put
seed503803.a	undefined where the checker narrowed it away: a call since t	let local_46_walk = adamicDefined(local_8_chain, "undefined where the checker narrowed it away: a call since the narrowing put it back");
seed503703.a	index NaN is outside an array of length 4	adamicSetIndex(local_12_numbers28, (Math.abs(Math.trunc(local_9_captured)) % local_12_numbers28.length), (1));
seed503629.a	TypeError: Cannot read properties of undefined (reading 'nex	local_6_chain = adamicDefined(local_6_chain, "TypeError: Cannot read properties of undefined (reading 'next')")?.["next"];
seed503746.a	index NaN is outside an array of length 1	adamicSetIndex(local_0_holder["list"], (Math.abs(Math.trunc(Number.parseFloat("\u00e9"))) % local_0_holder["list"].length), local_7_captured);
seed503804.a	undefined where the checker narrowed it away: a call since t	let local_61_walk = adamicDefined(local_8_chain, "undefined where the checker narrowed it away: a call since the narrowing put it back");
seed503705.a	index NaN is outside an array of length 1	adamicSetIndex((ready_0 ? local_0_holder : adamicUnready("holder"))["list"], (Math.abs(Math.trunc(Number.parseFloat("\udf0db"))) % (ready_0 ? local_0_holder : adamicUnready("holder"))["list"].length), ((local_20_this["la
seed503637.a	undefined where the checker narrowed it away: a call since t	let local_64_walk = adamicDefined(local_6_chain, "undefined where the checker narrowed it away: a call since the narrowing put it back");
seed503748.a	undefined where the checker narrowed it away: a call since t	local_8_chain = ({"value": (-local_2_number1), "label": "3.5", "next": adamicDefined(local_8_chain, "undefined where the checker narrowed it away: a call since the narrowing put it back")});
seed503809.a	undefined where the checker narrowed it away: a call since t	let local_66_walk = adamicDefined(local_8_chain, "undefined where the checker narrowed it away: a call since the narrowing put it back");
seed503708.a	undefined where the checker narrowed it away: a call since t	let local_48_walk = adamicDefined(local_6_chain, "undefined where the checker narrowed it away: a call since the narrowing put it back");
seed503751.a	index NaN is outside an array of length 3	adamicSetIndex((ready_2 ? local_2_numbers1 : adamicUnready("numbers1")), (Math.abs(Math.trunc(Number.parseFloat((ready_0 ? local_0_holder : adamicUnready("holder"))["name"]))) % (ready_2 ? local_2_numbers1 : adamicUnread
seed503818.a	undefined where the checker narrowed it away: a call since t	local_6_chain = ({"value": local_2_number1, "label": String(Number.parseInt(local_0_holder["name"], (10))), "next": adamicDefined(local_6_chain, "undefined where the checker narrowed it away: a call since the narrowing p
seed503833.a	index 0 is outside an array of length 0	adamicSetIndex(local_0_holder["list"], (Math.abs(Math.trunc(function_4_effect11(local_0_holder["name"]))) % local_0_holder["list"].length), Number.parseInt(function_3_effect6((local_0_holder["list"].at((-(1))) ?? (4.2949
seed503830.a	undefined where the checker narrowed it away: a call since t	let local_58_walk = adamicDefined(local_7_chain, "undefined where the checker narrowed it away: a call since the narrowing put it back");
seed503902.a	undefined where the checker narrowed it away: a call since t	let local_61_walk = adamicDefined(local_6_chain, "undefined where the checker narrowed it away: a call since the narrowing put it back");
seed503848.a	undefined where the checker narrowed it away: a call since t	let local_54_walk = adamicDefined(local_8_chain, "undefined where the checker narrowed it away: a call since the narrowing put it back");
seed503945.a	TypeError: Cannot read properties of undefined (reading 'nex	local_7_chain = adamicDefined(local_7_chain, "TypeError: Cannot read properties of undefined (reading 'next')")?.["next"];
seed503863.a	undefined where the checker narrowed it away: a call since t	local_8_chain = ({"value": adamicReduce(local_7_pending, new AdamicClosure(function_12_closure, []), (0)), "label": String(function_2_effect8((local_3_flag4 ? local_1_counter["count"] : (2.25)), adamicFrom((3), new Adami
seed503903.a	undefined where the checker narrowed it away: a call since t	local_7_chain = ({"value": local_0_holder["name"].indexOf(local_1_counter["label"]), "label": String(local_1_counter["count"]), "next": adamicDefined(local_7_chain, "undefined where the checker narrowed it away: a call s
seed503997.a	index NaN is outside an array of length 1	adamicSetIndex(local_3_numbers2, (Math.abs(Math.trunc((local_4_table.get("b") ?? (2.25)))) % local_3_numbers2.length), (function_7_Counter_bump(local_1_counter, adamicCall(local_8_capture, [adamicCall(local_8_capture, [a
seed503951.a	undefined where the checker narrowed it away: a call since t	let local_48_walk = adamicDefined(local_7_chain, "undefined where the checker narrowed it away: a call since the narrowing put it back");
seed503910.a	undefined where the checker narrowed it away: a call since t	let local_45_walk = adamicDefined(local_8_chain, "undefined where the checker narrowed it away: a call since the narrowing put it back");
seed503864.a	TypeError: Cannot read properties of undefined (reading 'nex	local_6_chain = adamicDefined(local_6_chain, "TypeError: Cannot read properties of undefined (reading 'next')")?.["next"];
seed503964.a	undefined where the checker narrowed it away: a call since t	let local_37_walk = adamicDefined(local_6_chain, "undefined where the checker narrowed it away: a call since the narrowing put it back");
seed504012.a	NO SITE	adamic: panic: findIndex: the array shrank while it was being searched
seed503867.a	undefined where the checker narrowed it away: a call since t	let local_53_walk = adamicDefined(local_6_chain, "undefined where the checker narrowed it away: a call since the narrowing put it back");
seed503920.a	undefined where the checker narrowed it away: a call since t	let local_56_walk = adamicDefined(local_6_chain, "undefined where the checker narrowed it away: a call since the narrowing put it back");
seed503967.a	undefined where the checker narrowed it away: a call since t	local_6_chain = ({"value": local_0_holder["value"], "label": String((2)), "next": adamicDefined(local_6_chain, "undefined where the checker narrowed it away: a call since the narrowing put it back")});
seed504014.a	index NaN is outside an array of length 2	adamicSetIndex((ready_0 ? local_0_holder : adamicUnready("holder"))["list"], (Math.abs(Math.trunc(Math.sqrt(local_21_this["count"]))) % (ready_0 ? local_0_holder : adamicUnready("holder"))["list"].length), ((ready_4 ? lo
seed503872.a	undefined where the checker narrowed it away: a call since t	local_6_chain = ({"value": function_2_effect4(), "label": "hello", "next": adamicDefined(local_6_chain, "undefined where the checker narrowed it away: a call since the narrowing put it back")});
seed503926.a	TypeError: Cannot read properties of undefined (reading 'nex	local_6_chain = adamicDefined(local_6_chain, "TypeError: Cannot read properties of undefined (reading 'next')")?.["next"];
seed504015.a	index NaN is outside an array of length 2	adamicSetIndex(local_0_holder["list"], (Math.abs(Math.trunc((local_7_captured / local_7_captured))) % local_0_holder["list"].length), local_7_captured);
seed503975.a	undefined where the checker narrowed it away: a call since t	let local_56_walk = adamicDefined(local_8_chain, "undefined where the checker narrowed it away: a call since the narrowing put it back");
seed503875.a	undefined where the checker narrowed it away: a call since t	let local_47_walk = adamicDefined(local_7_chain, "undefined where the checker narrowed it away: a call since the narrowing put it back");
seed503927.a	undefined where the checker narrowed it away: a call since t	let local_56_walk = adamicDefined(local_8_chain, "undefined where the checker narrowed it away: a call since the narrowing put it back");
seed504018.a	undefined where the checker narrowed it away: a call since t	let local_49_walk = adamicDefined(local_6_chain, "undefined where the checker narrowed it away: a call since the narrowing put it back");
seed503979.a	undefined where the checker narrowed it away: a call since t	let local_37_walk = adamicDefined(local_8_chain, "undefined where the checker narrowed it away: a call since the narrowing put it back");
seed503882.a	index NaN is outside an array of length 5	adamicSetIndex((ready_5 ? local_5_numbers4 : adamicUnready("numbers4")), (Math.abs(Math.trunc(adamicCall((ready_10 ? local_10_capture : adamicUnready("capture")), [function_7_Counter_bump((ready_1 ? local_1_counter : ada
seed503928.a	index NaN is outside an array of length 2	adamicSetIndex((ready_0 ? local_0_holder : adamicUnready("holder"))["list"], (Math.abs(Math.trunc(Number.parseFloat((ready_0 ? local_0_holder : adamicUnready("holder"))["name"]))) % (ready_0 ? local_0_holder : adamicUnre
seed504025.a	index NaN is outside an array of length 2	adamicSetIndex(local_2_texts1, (Math.abs(Math.trunc(function_9_Counter_bump(local_1_counter, adamicCall(local_9_tally3, [adamicCall(local_8_capture, [(local_0_holder["list"][local_0_holder["value"]] ?? (10))])])))) % loc
seed503982.a	index NaN is outside an array of length 2	adamicSetIndex((ready_0 ? local_0_holder : adamicUnready("holder"))["list"], (Math.abs(Math.trunc((ready_8 ? local_8_captured : adamicUnready("captured")))) % (ready_0 ? local_0_holder : adamicUnready("holder"))["list"].
seed503895.a	undefined where the checker narrowed it away: a call since t	let local_67_walk = adamicDefined(local_6_chain, "undefined where the checker narrowed it away: a call since the narrowing put it back");
seed503935.a	undefined where the checker narrowed it away: a call since t	let local_53_walk = adamicDefined(local_7_chain, "undefined where the checker narrowed it away: a call since the narrowing put it back");
seed504026.a	TypeError: Cannot read properties of undefined (reading 'nex	local_6_chain = adamicDefined(local_6_chain, "TypeError: Cannot read properties of undefined (reading 'next')")?.["next"];
seed503983.a	index NaN is outside an array of length 4	adamicSetIndex(local_0_holder["list"], (Math.abs(Math.trunc(function_7_Counter_bump(local_1_counter, local_2_text2.lastIndexOf(local_1_counter["label"])))) % local_0_holder["list"].length), (local_1_counter["count"] * lo
seed503900.a	index 0 is outside an array of length 0	adamicSetIndex((ready_0 ? local_0_holder : adamicUnready("holder"))["list"], (Math.abs(Math.trunc((function_0_head()?.["next"]?.["next"]?.["value"] ?? (-(3))))) % (ready_0 ? local_0_holder : adamicUnready("holder"))["lis
seed503937.a	undefined where the checker narrowed it away: a call since t	let local_68_walk = adamicDefined(local_6_chain, "undefined where the checker narrowed it away: a call since the narrowing put it back");
seed504043.a	index NaN is outside an array of length 2	adamicSetIndex(local_0_holder["list"], (Math.abs(Math.trunc("".charCodeAt(local_0_holder["value"]))) % local_0_holder["list"].length), local_3_number4);
seed503984.a	undefined where the checker narrowed it away: a call since t	let local_46_walk = adamicDefined(local_8_chain, "undefined where the checker narrowed it away: a call since the narrowing put it back");
seed503993.a	undefined where the checker narrowed it away: a call since t	let local_54_walk = adamicDefined(local_8_chain, "undefined where the checker narrowed it away: a call since the narrowing put it back");
seed504050.a	undefined where the checker narrowed it away: a call since t	let local_56_walk = adamicDefined(local_6_chain, "undefined where the checker narrowed it away: a call since the narrowing put it back");
seed504045.a	undefined where the checker narrowed it away: a call since t	let local_49_walk = adamicDefined(local_6_chain, "undefined where the checker narrowed it away: a call since the narrowing put it back");
seed503943.a	index NaN is outside an array of length 5	adamicSetIndex(local_3_texts2, (Math.abs(Math.trunc(local_1_counter["label"].charCodeAt((123.456)))) % local_3_texts2.length), String(function_5_effect21(function_4_effect14(local_1_counter["label"], adamicFrom((0), new 
seed504047.a	undefined where the checker narrowed it away: a call since t	let local_54_walk = adamicDefined(local_6_chain, "undefined where the checker narrowed it away: a call since the narrowing put it back");
seed504140.a	undefined where the checker narrowed it away: a call since t	let local_54_walk = adamicDefined(local_7_chain, "undefined where the checker narrowed it away: a call since the narrowing put it back");
seed504061.a	undefined where the checker narrowed it away: a call since t	local_6_chain = ({"value": (function_0_head()?.["value"] ?? (0.1)), "label": "xy", "next": adamicDefined(local_6_chain, "undefined where the checker narrowed it away: a call since the narrowing put it back")});
seed504224.a	undefined where the checker narrowed it away: a call since t	let local_76_walk = adamicDefined(local_6_chain, "undefined where the checker narrowed it away: a call since the narrowing put it back");
seed504068.a	undefined where the checker narrowed it away: a call since t	local_8_chain = ({"value": local_6_table.size, "label": String((local_0_holder["list"][local_0_holder["value"]] ?? (0.1))), "next": adamicDefined(local_8_chain, "undefined where the checker narrowed it away: a call since
seed504153.a	index NaN is outside an array of length 1	adamicSetIndex((ready_3 ? local_3_numbers2 : adamicUnready("numbers2")), (Math.abs(Math.trunc((local_35_parameter22 ? (ready_8 ? local_8_captured : adamicUnready("captured")) : (ready_1 ? local_1_counter : adamicUnready(
seed504226.a	undefined where the checker narrowed it away: a call since t	let local_49_walk = adamicDefined(local_8_chain, "undefined where the checker narrowed it away: a call since the narrowing put it back");
seed504275.a	undefined where the checker narrowed it away: a call since t	local_7_chain = ({"value": (4.294967295e+09), "label": String(adamicCall(local_10_tally7, [adamicCall(local_9_capture, [adamicReduce([(5), (0)], new AdamicClosure(function_22_closure, []), (255))])])), "next": adamicDefi
seed504077.a	undefined where the checker narrowed it away: a call since t	local_7_chain = ({"value": (-local_1_counter["count"]), "label": String(local_1_counter["label"].charCodeAt(local_0_holder["value"])), "next": adamicDefined(local_7_chain, "undefined where the checker narrowed it away: a
seed504156.a	undefined where the checker narrowed it away: a call since t	let local_70_walk = adamicDefined(local_7_chain, "undefined where the checker narrowed it away: a call since the narrowing put it back");
seed504227.a	index NaN is outside an array of length 2	adamicSetIndex(local_0_holder["list"], (Math.abs(Math.trunc(adamicCall(local_9_tally4, [(local_0_holder["value"] * (2.25))]))) % local_0_holder["list"].length), adamicCall(local_8_capture, [(local_4_table.get("a") ?? (10
seed504282.a	undefined where the checker narrowed it away: a call since t	local_7_chain = ({"value": local_4_number3, "label": String(adamicReduce(local_6_pending, new AdamicClosure(function_18_closure, []), (0))), "next": adamicDefined(local_7_chain, "undefined where the checker narrowed it a
seed504078.a	index NaN is outside an array of length 2	adamicSetIndex((ready_0 ? local_0_holder : adamicUnready("holder"))["list"], (Math.abs(Math.trunc((ready_0 ? local_0_holder : adamicUnready("holder"))["value"])) % (ready_0 ? local_0_holder : adamicUnready("holder"))["li
seed504176.a	undefined where the checker narrowed it away: a call since t	let local_96_walk = adamicDefined(local_7_chain, "undefined where the checker narrowed it away: a call since the narrowing put it back");
seed504229.a	undefined where the checker narrowed it away: a call since t	let local_62_walk = adamicDefined(local_7_chain, "undefined where the checker narrowed it away: a call since the narrowing put it back");
seed504289.a	undefined where the checker narrowed it away: a call since t	let local_54_walk = adamicDefined(local_6_chain, "undefined where the checker narrowed it away: a call since the narrowing put it back");
seed504182.a	undefined where the checker narrowed it away: a call since t	let local_68_walk = adamicDefined(local_7_chain, "undefined where the checker narrowed it away: a call since the narrowing put it back");
seed504079.a	index NaN is outside an array of length 4	adamicSetIndex((ready_2 ? local_2_numbers3 : adamicUnready("numbers3")), (Math.abs(Math.trunc(local_24_item14)) % (ready_2 ? local_2_numbers3 : adamicUnready("numbers3")).length), (ready_1 ? local_1_counter : adamicUnrea
seed504231.a	index NaN is outside an array of length 0	adamicSetIndex((ready_0 ? local_0_holder : adamicUnready("holder"))["list"], (Math.abs(Math.trunc(((ready_0 ? local_0_holder : adamicUnready("holder"))["list"].splice((ready_0 ? local_0_holder : adamicUnready("holder"))[
seed504297.a	undefined where the checker narrowed it away: a call since t	let local_44_walk = adamicDefined(local_7_chain, "undefined where the checker narrowed it away: a call since the narrowing put it back");
seed504089.a	undefined where the checker narrowed it away: a call since t	let local_58_walk = adamicDefined(local_8_chain, "undefined where the checker narrowed it away: a call since the narrowing put it back");
seed504197.a	index NaN is outside an array of length 2	adamicSetIndex((ready_3 ? local_3_texts2 : adamicUnready("texts2")), (Math.abs(Math.trunc(function_9_Counter_bump((ready_1 ? local_1_counter : adamicUnready("counter")), "\ufb00".lastIndexOf((ready_1 ? local_1_counter : 
seed504237.a	undefined where the checker narrowed it away: a call since t	local_7_chain = ({"value": adamicCall(local_9_capture, [function_14_Counter_bump(local_1_counter, Math.pow(local_1_counter["count"], local_8_captured))]), "label": String(local_1_counter["label"].charCodeAt((10))), "next
seed504304.a	undefined where the checker narrowed it away: a call since t	let local_77_walk = adamicDefined(local_8_chain, "undefined where the checker narrowed it away: a call since the narrowing put it back");
seed504103.a	undefined where the checker narrowed it away: a call since t	let local_85_walk = adamicDefined(local_8_chain, "undefined where the checker narrowed it away: a call since the narrowing put it back");
seed504201.a	undefined where the checker narrowed it away: a call since t	let local_68_walk = adamicDefined(local_8_chain, "undefined where the checker narrowed it away: a call since the narrowing put it back");
seed504241.a	index NaN is outside an array of length 2	adamicSetIndex(local_0_holder["list"], (Math.abs(Math.trunc(Number.parseInt(local_0_holder["name"], (10)))) % local_0_holder["list"].length), (function_0_head()?.["value"] ?? (10)));
seed504318.a	undefined where the checker narrowed it away: a call since t	local_8_chain = ({"value": adamicReduce(local_0_holder["list"], new AdamicClosure(function_14_closure, []), (0.5)), "label": " pad ", "next": adamicDefined(local_8_chain, "undefined where the checker narrowed it away: a 
seed504127.a	undefined where the checker narrowed it away: a call since t	let local_67_walk = adamicDefined(local_6_chain, "undefined where the checker narrowed it away: a call since the narrowing put it back");
seed504202.a	undefined where the checker narrowed it away: a call since t	let local_39_walk = adamicDefined(local_7_chain, "undefined where the checker narrowed it away: a call since the narrowing put it back");
seed504257.a	index NaN is outside an array of length 2	adamicSetIndex((ready_0 ? local_0_holder : adamicUnready("holder"))["list"], (Math.abs(Math.trunc((adamicFind((ready_0 ? local_0_holder : adamicUnready("holder"))["list"], "find", new AdamicClosure(function_16_closure, [
seed504333.a	undefined where the checker narrowed it away: a call since t	local_7_chain = ({"value": local_1_counter["count"], "label": "a,b", "next": adamicDefined(local_7_chain, "undefined where the checker narrowed it away: a call since the narrowing put it back")});
seed504130.a	index NaN is outside an array of length 3	adamicSetIndex(local_3_numbers2, (Math.abs(Math.trunc(Number.parseInt(local_1_counter["label"], (10)))) % local_3_numbers2.length), local_8_captured);
seed504207.a	undefined where the checker narrowed it away: a call since t	let local_60_walk = adamicDefined(local_8_chain, "undefined where the checker narrowed it away: a call since the narrowing put it back");
seed504268.a	undefined where the checker narrowed it away: a call since t	let local_75_walk = adamicDefined(local_8_chain, "undefined where the checker narrowed it away: a call since the narrowing put it back");
seed504337.a	index NaN is outside an array of length 4	adamicSetIndex((ready_0 ? local_0_holder : adamicUnready("holder"))["list"], (Math.abs(Math.trunc(Math.pow(local_36_number19, (-(1))))) % (ready_0 ? local_0_holder : adamicUnready("holder"))["list"].length), adamicCall((
seed504216.a	undefined where the checker narrowed it away: a call since t	let local_78_walk = adamicDefined(local_6_chain, "undefined where the checker narrowed it away: a call since the narrowing put it back");
seed504270.a	index NaN is outside an array of length 24	adamicSetIndex((ready_0 ? local_0_holder : adamicUnready("holder"))["list"], (Math.abs(Math.trunc(Number.parseInt(" pad ", (10)))) % (ready_0 ? local_0_holder : adamicUnready("holder"))["list"].length), (ready_0 ? local_
seed504366.a	undefined where the checker narrowed it away: a call since t	let local_88_walk = adamicDefined(local_7_chain, "undefined where the checker narrowed it away: a call since the narrowing put it back");
seed504341.a	undefined where the checker narrowed it away: a call since t	local_8_chain = ({"value": adamicReduce(local_7_pending, new AdamicClosure(function_13_closure, []), (0)), "label": String((local_0_holder["list"].splice(local_0_holder["value"], (1))[(0)] ?? (1.5))), "next": adamicDefin
seed504370.a	undefined where the checker narrowed it away: a call since t	let local_54_walk = adamicDefined(local_6_chain, "undefined where the checker narrowed it away: a call since the narrowing put it back");
seed504400.a	undefined where the checker narrowed it away: a call since t	let local_45_walk = adamicDefined(local_6_chain, "undefined where the checker narrowed it away: a call since the narrowing put it back");
seed504450.a	index NaN is outside an array of length 3	adamicSetIndex(local_5_numbers5, (Math.abs(Math.trunc(adamicCall(local_11_tally6, [local_0_holder["value"]]))) % local_5_numbers5.length), Math.floor((local_12_numbers32.splice(local_1_counter["count"], (1))[(0)] ?? (10)
seed504348.a	index 1 is outside an array of length 0	adamicSetIndex(local_0_holder["list"], (Math.abs(Math.trunc(local_1_counter["label"].charCodeAt((0)))) % local_0_holder["list"].length), function_4_effect16((0.5), local_0_holder["name"].padEnd((3), "\ud83c\udf0d"), loca
seed504372.a	undefined where the checker narrowed it away: a call since t	local_8_chain = ({"value": Math.min(local_0_holder["value"], (0.5)), "label": "\udf0d", "next": adamicDefined(local_8_chain, "undefined where the checker narrowed it away: a call since the narrowing put it back")});
seed504408.a	index NaN is outside an array of length 1	adamicSetIndex((ready_0 ? local_0_holder : adamicUnready("holder"))["list"], (Math.abs(Math.trunc(Number.parseFloat(local_19_this["label"]))) % (ready_0 ? local_0_holder : adamicUnready("holder"))["list"].length), local_
seed504451.a	undefined where the checker narrowed it away: a call since t	let local_41_walk = adamicDefined(local_7_chain, "undefined where the checker narrowed it away: a call since the narrowing put it back");
seed504510.a	undefined where the checker narrowed it away: a call since t	local_8_chain = ({"value": local_6_table.size, "label": " pad ", "next": adamicDefined(local_8_chain, "undefined where the checker narrowed it away: a call since the narrowing put it back")});
seed504383.a	index NaN is outside an array of length 24	adamicSetIndex(local_0_holder["list"], (Math.abs(Math.trunc(Number.parseInt("\u4e16\u754c", (10)))) % local_0_holder["list"].length), Math.sqrt((local_0_holder["list"].at((2)) ?? (-(0.0001)))));
seed504421.a	undefined where the checker narrowed it away: a call since t	local_8_chain = ({"value": "\u01c5".charCodeAt(local_4_number3), "label": "\ufb00", "next": adamicDefined(local_8_chain, "undefined where the checker narrowed it away: a call since the narrowing put it back")});
seed504512.a	index 2 is outside an array of length 2	adamicSetIndex(local_4_numbers3, (Math.abs(Math.trunc([(5), (1.5)].length)) % local_4_numbers3.length), (local_4_numbers3.splice((local_9_captured % local_1_counter["count"]), (1))[(0)] ?? (0.5)));
seed504453.a	undefined where the checker narrowed it away: a call since t	let local_62_walk = adamicDefined(local_6_chain, "undefined where the checker narrowed it away: a call since the narrowing put it back");
seed504384.a	undefined where the checker narrowed it away: a call since t	let local_56_walk = adamicDefined(local_8_chain, "undefined where the checker narrowed it away: a call since the narrowing put it back");
seed504428.a	index NaN is outside an array of length 2	adamicSetIndex(local_3_numbers3, (Math.abs(Math.trunc(Number.parseInt("xy", (10)))) % local_3_numbers3.length), local_6_table.size);
seed504519.a	index NaN is outside an array of length 2	adamicSetIndex((ready_4 ? local_4_texts3 : adamicUnready("texts3")), (Math.abs(Math.trunc(Number.parseInt(local_23_parameter13, (10)))) % (ready_4 ? local_4_texts3 : adamicUnready("texts3")).length), "a");
seed504454.a	TypeError: Cannot read properties of undefined (reading 'nex	local_6_chain = adamicDefined(local_6_chain, "TypeError: Cannot read properties of undefined (reading 'next')")?.["next"];
seed504385.a	index NaN is outside an array of length 2	adamicSetIndex(local_4_texts3, (Math.abs(Math.trunc(adamicCall(local_10_tally4, [(local_1_counter["count"] % local_1_counter["count"])]))) % local_4_texts3.length), String(local_2_text1.charCodeAt(local_0_holder["value"]
seed504431.a	undefined where the checker narrowed it away: a call since t	let local_42_walk = adamicDefined(local_7_chain, "undefined where the checker narrowed it away: a call since the narrowing put it back");
seed504525.a	index NaN is outside an array of length 2	adamicSetIndex(local_0_holder["list"], (Math.abs(Math.trunc(adamicCall(local_11_tally5, [local_5_text4.charCodeAt(local_9_captured)]))) % local_0_holder["list"].length), local_0_holder["value"]);
seed504466.a	undefined where the checker narrowed it away: a call since t	let local_41_walk = adamicDefined(local_7_chain, "undefined where the checker narrowed it away: a call since the narrowing put it back");
seed504388.a	TypeError: Cannot read properties of undefined (reading 'nex	local_6_chain = adamicDefined(local_6_chain, "TypeError: Cannot read properties of undefined (reading 'next')")?.["next"];
seed504433.a	index NaN is outside an array of length 2	adamicSetIndex(local_0_holder["list"], (Math.abs(Math.trunc(function_2_effect4((2.25)))) % local_0_holder["list"].length), (function_0_head()?.["next"]?.["next"]?.["value"] ?? (0)));
seed504532.a	undefined where the checker narrowed it away: a call since t	local_7_chain = ({"value": local_0_holder["list"].length, "label": String(Number.parseInt(local_1_counter["label"], (10))), "next": adamicDefined(local_7_chain, "undefined where the checker narrowed it away: a call since
seed504481.a	undefined where the checker narrowed it away: a call since t	local_8_chain = ({"value": Math.min((2), local_2_number1), "label": "a", "next": adamicDefined(local_8_chain, "undefined where the checker narrowed it away: a call since the narrowing put it back")});
seed504436.a	undefined where the checker narrowed it away: a call since t	let local_59_walk = adamicDefined(local_6_chain, "undefined where the checker narrowed it away: a call since the narrowing put it back");
seed504391.a	undefined where the checker narrowed it away: a call since t	let local_42_walk = adamicDefined(local_6_chain, "undefined where the checker narrowed it away: a call since the narrowing put it back");
seed504535.a	index NaN is outside an array of length 2	adamicSetIndex((ready_0 ? local_0_holder : adamicUnready("holder"))["list"], (Math.abs(Math.trunc(adamicCall((ready_10 ? local_10_tally5 : adamicUnready("tally5")), [function_2_effect6([(ready_4 ? local_4_number4 : adami
seed504490.a	undefined where the checker narrowed it away: a call since t	let local_59_walk = adamicDefined(local_8_chain, "undefined where the checker narrowed it away: a call since the narrowing put it back");
seed504394.a	undefined where the checker narrowed it away: a call since t	let local_55_walk = adamicDefined(local_7_chain, "undefined where the checker narrowed it away: a call since the narrowing put it back");
seed504446.a	undefined where the checker narrowed it away: a call since t	let local_85_walk = adamicDefined(local_7_chain, "undefined where the checker narrowed it away: a call since the narrowing put it back");
seed504556.a	index NaN is outside an array of length 3	adamicSetIndex(local_3_texts2, (Math.abs(Math.trunc(Number.parseInt(local_2_text1, (10)))) % local_3_texts2.length), String(("\u4e16\u754c".codePointAt((1)) ?? (1.5))));
seed504494.a	undefined where the checker narrowed it away: a call since t	let local_45_walk = adamicDefined(local_6_chain, "undefined where the checker narrowed it away: a call since the narrowing put it back");
seed504396.a	index NaN is outside an array of length 4	adamicSetIndex((ready_4 ? local_4_texts3 : adamicUnready("texts3")), (Math.abs(Math.trunc((ready_8 ? local_8_captured : adamicUnready("captured")))) % (ready_4 ? local_4_texts3 : adamicUnready("texts3")).length), "b");
seed504448.a	TypeError: Cannot read properties of undefined (reading 'nex	local_8_chain = adamicDefined(local_8_chain, "TypeError: Cannot read properties of undefined (reading 'next')")?.["next"];
seed504558.a	index NaN is outside an array of length 1	adamicSetIndex((ready_0 ? local_0_holder : adamicUnready("holder"))["list"], (Math.abs(Math.trunc(((ready_0 ? local_0_holder : adamicUnready("holder"))["value"] / (ready_8 ? local_8_captured : adamicUnready("captured")))
seed504502.a	undefined where the checker narrowed it away: a call since t	let local_46_walk = adamicDefined(local_8_chain, "undefined where the checker narrowed it away: a call since the narrowing put it back");
seed504449.a	index NaN is outside an array of length 3	adamicSetIndex(local_4_numbers3, (Math.abs(Math.trunc((-local_5_number4))) % local_4_numbers3.length), Math.max(((function_0_head()?.["next"]?.["next"]?.["value"] ?? function_0_head()?.["value"]) ?? (0)), function_4_effe
seed504573.a	index NaN is outside an array of length 24	adamicSetIndex((ready_0 ? local_0_holder : adamicUnready("holder"))["list"], (Math.abs(Math.trunc(Number.parseFloat((ready_1 ? local_1_counter : adamicUnready("counter"))["label"]))) % (ready_0 ? local_0_holder : adamicU
seed504563.a	TypeError: Cannot read properties of undefined (reading 'nex	local_7_chain = adamicDefined(local_7_chain, "TypeError: Cannot read properties of undefined (reading 'next')")?.["next"];
seed504505.a	undefined where the checker narrowed it away: a call since t	let local_56_walk = adamicDefined(local_6_chain, "undefined where the checker narrowed it away: a call since the narrowing put it back");
seed504575.a	TypeError: Cannot read properties of undefined (reading 'nex	local_8_chain = adamicDefined(local_8_chain, "TypeError: Cannot read properties of undefined (reading 'next')")?.["next"];
seed504611.a	index NaN is outside an array of length 2	adamicSetIndex((ready_0 ? local_0_holder : adamicUnready("holder"))["list"], (Math.abs(Math.trunc(local_18_parameter8.charCodeAt((ready_7 ? local_7_captured : adamicUnready("captured"))))) % (ready_0 ? local_0_holder : a
seed504567.a	index NaN is outside an array of length 3	adamicSetIndex(local_2_numbers1, (Math.abs(Math.trunc(local_1_counter["count"])) % local_2_numbers1.length), local_13_number34);
seed504663.a	undefined where the checker narrowed it away: a call since t	let local_91_walk = adamicDefined(local_8_chain, "undefined where the checker narrowed it away: a call since the narrowing put it back");
seed504578.a	undefined where the checker narrowed it away: a call since t	local_6_chain = ({"value": (false ? local_7_captured : local_0_holder["value"]), "label": "b", "next": adamicDefined(local_6_chain, "undefined where the checker narrowed it away: a call since the narrowing put it back")}
seed504613.a	undefined where the checker narrowed it away: a call since t	let local_66_walk = adamicDefined(local_7_chain, "undefined where the checker narrowed it away: a call since the narrowing put it back");
seed504708.a	index NaN is outside an array of length 2	adamicSetIndex((ready_0 ? local_0_holder : adamicUnready("holder"))["list"], (Math.abs(Math.trunc(Number.parseInt(local_25_this["label"], (10)))) % (ready_0 ? local_0_holder : adamicUnready("holder"))["list"].length), (f
seed504672.a	index NaN is outside an array of length 2	adamicSetIndex(local_18_numbers6, (Math.abs(Math.trunc(((ready_7 ? local_7_captured : adamicUnready("captured")) / (0)))) % local_18_numbers6.length), adamicCall((ready_9 ? local_9_tally3 : adamicUnready("tally3")), [Mat
seed504582.a	undefined where the checker narrowed it away: a call since t	let local_48_walk = adamicDefined(local_6_chain, "undefined where the checker narrowed it away: a call since the narrowing put it back");
seed504614.a	undefined where the checker narrowed it away: a call since t	let local_49_walk = adamicDefined(local_8_chain, "undefined where the checker narrowed it away: a call since the narrowing put it back");
seed504709.a	undefined where the checker narrowed it away: a call since t	let local_38_walk = adamicDefined(local_6_chain, "undefined where the checker narrowed it away: a call since the narrowing put it back");
seed504673.a	index NaN is outside an array of length 2	adamicSetIndex(local_0_holder["list"], (Math.abs(Math.trunc(Number.parseInt(local_0_holder["name"], (10)))) % local_0_holder["list"].length), local_9_captured);
seed504589.a	TypeError: Cannot read properties of undefined (reading 'nex	local_6_chain = adamicDefined(local_6_chain, "TypeError: Cannot read properties of undefined (reading 'next')")?.["next"];
seed504617.a	undefined where the checker narrowed it away: a call since t	local_6_chain = ({"value": function_6_Counter_bump(local_1_counter, "\ufb00".lastIndexOf(local_1_counter["label"])), "label": "b", "next": adamicDefined(local_6_chain, "undefined where the checker narrowed it away: a cal
seed504710.a	index NaN is outside an array of length 0	adamicSetIndex((ready_0 ? local_0_holder : adamicUnready("holder"))["list"], (Math.abs(Math.trunc(((ready_0 ? local_0_holder : adamicUnready("holder"))["list"].splice(local_39_amount, (1))[(0)] ?? (1.5)))) % (ready_0 ? l
seed504674.a	undefined where the checker narrowed it away: a call since t	let local_79_walk = adamicDefined(local_6_chain, "undefined where the checker narrowed it away: a call since the narrowing put it back");
seed504605.a	undefined where the checker narrowed it away: a call since t	let local_50_walk = adamicDefined(local_8_chain, "undefined where the checker narrowed it away: a call since the narrowing put it back");
seed504713.a	undefined where the checker narrowed it away: a call since t	let local_50_walk = adamicDefined(local_8_chain, "undefined where the checker narrowed it away: a call since the narrowing put it back");
seed504621.a	undefined where the checker narrowed it away: a call since t	local_8_chain = ({"value": function_2_effect6(local_3_numbers2.length), "label": String(function_5_effect33([local_0_holder["value"], local_1_counter["count"]])), "next": adamicDefined(local_8_chain, "undefined where the
seed504676.a	undefined where the checker narrowed it away: a call since t	let local_55_walk = adamicDefined(local_8_chain, "undefined where the checker narrowed it away: a call since the narrowing put it back");
seed504606.a	index NaN is outside an array of length 2	adamicSetIndex((ready_0 ? local_0_holder : adamicUnready("holder"))["list"], (Math.abs(Math.trunc(Number.parseFloat((ready_0 ? local_0_holder : adamicUnready("holder"))["name"]))) % (ready_0 ? local_0_holder : adamicUnre
seed504714.a	undefined where the checker narrowed it away: a call since t	let local_53_walk = adamicDefined(local_7_chain, "undefined where the checker narrowed it away: a call since the narrowing put it back");
seed504636.a	undefined where the checker narrowed it away: a call since t	let local_75_walk = adamicDefined(local_6_chain, "undefined where the checker narrowed it away: a call since the narrowing put it back");
seed504678.a	index NaN is outside an array of length 1	adamicSetIndex((ready_0 ? local_0_holder : adamicUnready("holder"))["list"], (Math.abs(Math.trunc(function_9_Counter_bump((ready_1 ? local_1_counter : adamicUnready("counter")), (-(ready_8 ? local_8_captured : adamicUnre
seed504607.a	undefined where the checker narrowed it away: a call since t	local_8_chain = ({"value": adamicCall(local_11_tally5, [(local_3_text2.codePointAt(local_9_captured) ?? (5))]), "label": "a,b", "next": adamicDefined(local_8_chain, "undefined where the checker narrowed it away: a call s
seed504735.a	undefined where the checker narrowed it away: a call since t	let local_57_walk = adamicDefined(local_7_chain, "undefined where the checker narrowed it away: a call since the narrowing put it back");
seed504643.a	index NaN is outside an array of length 2	adamicSetIndex((ready_0 ? local_0_holder : adamicUnready("holder"))["list"], (Math.abs(Math.trunc(adamicCall((ready_8 ? local_8_capture : adamicUnready("capture")), [Number.parseInt((ready_1 ? local_1_counter : adamicUnr
seed504679.a	index NaN is outside an array of length 0	adamicSetIndex((ready_0 ? local_0_holder : adamicUnready("holder"))["list"], (Math.abs(Math.trunc(((ready_0 ? local_0_holder : adamicUnready("holder"))["list"].splice((ready_3 ? local_3_number2 : adamicUnready("number2")
seed504608.a	index NaN is outside an array of length 2	adamicSetIndex(local_2_texts3, (Math.abs(Math.trunc(Math.pow(local_1_counter["count"], local_0_holder["value"]))) % local_2_texts3.length), String(Number.parseInt(local_0_holder["name"], (10))));
seed504736.a	undefined where the checker narrowed it away: a call since t	let local_78_walk = adamicDefined(local_8_chain, "undefined where the checker narrowed it away: a call since the narrowing put it back");
seed504648.a	undefined where the checker narrowed it away: a call since t	let local_61_walk = adamicDefined(local_7_chain, "undefined where the checker narrowed it away: a call since the narrowing put it back");
seed504683.a	undefined where the checker narrowed it away: a call since t	local_8_chain = ({"value": Math.min(local_2_number1, local_2_number1), "label": "\ud83c", "next": adamicDefined(local_8_chain, "undefined where the checker narrowed it away: a call since the narrowing put it back")});
seed504610.a	index NaN is outside an array of length 2	adamicSetIndex((ready_0 ? local_0_holder : adamicUnready("holder"))["list"], (Math.abs(Math.trunc(((ready_0 ? local_0_holder : adamicUnready("holder"))["value"] % local_25_this["count"]))) % (ready_0 ? local_0_holder : a
seed504738.a	index NaN is outside an array of length 0	adamicSetIndex((ready_0 ? local_0_holder : adamicUnready("holder"))["list"], (Math.abs(Math.trunc(function_9_Counter_bump((ready_1 ? local_1_counter : adamicUnready("counter")), [(100), (-(3))].length))) % (ready_0 ? loc
seed504650.a	TypeError: Cannot read properties of undefined (reading 'nex	local_7_chain = adamicDefined(local_7_chain, "TypeError: Cannot read properties of undefined (reading 'next')")?.["next"];
seed504690.a	undefined where the checker narrowed it away: a call since t	let local_59_walk = adamicDefined(local_7_chain, "undefined where the checker narrowed it away: a call since the narrowing put it back");
seed504740.a	undefined where the checker narrowed it away: a call since t	let local_87_walk = adamicDefined(local_8_chain, "undefined where the checker narrowed it away: a call since the narrowing put it back");
seed504658.a	undefined where the checker narrowed it away: a call since t	let local_44_walk = adamicDefined(local_6_chain, "undefined where the checker narrowed it away: a call since the narrowing put it back");
seed504756.a	TypeError: Cannot read properties of undefined (reading 'nex	local_8_chain = adamicDefined(local_8_chain, "TypeError: Cannot read properties of undefined (reading 'next')")?.["next"];
seed504700.a	undefined where the checker narrowed it away: a call since t	let local_70_walk = adamicDefined(local_7_chain, "undefined where the checker narrowed it away: a call since the narrowing put it back");
seed504748.a	TypeError: Cannot read properties of undefined (reading 'nex	local_8_chain = adamicDefined(local_8_chain, "TypeError: Cannot read properties of undefined (reading 'next')")?.["next"];
seed504829.a	TypeError: Cannot read properties of undefined (reading 'nex	local_7_chain = adamicDefined(local_7_chain, "TypeError: Cannot read properties of undefined (reading 'next')")?.["next"];
seed504760.a	undefined where the checker narrowed it away: a call since t	local_8_chain = ({"value": local_65_item49, "label": String(adamicReduce(local_7_pending, new AdamicClosure(function_24_closure, []), (0))), "next": adamicDefined(local_8_chain, "undefined where the checker narrowed it a
seed504884.a	undefined where the checker narrowed it away: a call since t	let local_47_walk = adamicDefined(local_8_chain, "undefined where the checker narrowed it away: a call since the narrowing put it back");
seed504830.a	TypeError: Cannot read properties of undefined (reading 'nex	local_7_chain = adamicDefined(local_7_chain, "TypeError: Cannot read properties of undefined (reading 'next')")?.["next"];
seed504770.a	index NaN is outside an array of length 2	adamicSetIndex((ready_5 ? local_5_texts4 : adamicUnready("texts4")), (Math.abs(Math.trunc(Number.parseInt("\ud83c", (10)))) % (ready_5 ? local_5_texts4 : adamicUnready("texts4")).length), String(function_2_effect6()));
seed504933.a	index NaN is outside an array of length 0	adamicSetIndex((ready_0 ? local_0_holder : adamicUnready("holder"))["list"], (Math.abs(Math.trunc(function_8_Counter_bump((ready_1 ? local_1_counter : adamicUnready("counter")), (ready_0 ? local_0_holder : adamicUnready(
seed504890.a	index NaN is outside an array of length 2	adamicSetIndex(local_0_holder["list"], (Math.abs(Math.trunc(local_1_counter["label"].charCodeAt(local_8_captured))) % local_0_holder["list"].length), function_16_Counter_bump(local_1_counter, Math.min(local_1_counter["co
seed504840.a	undefined where the checker narrowed it away: a call since t	local_8_chain = ({"value": local_4_number3, "label": String(function_3_effect14(local_3_numbers2.length)), "next": adamicDefined(local_8_chain, "undefined where the checker narrowed it away: a call since the narrowing pu
seed504772.a	undefined where the checker narrowed it away: a call since t	let local_79_walk = adamicDefined(local_7_chain, "undefined where the checker narrowed it away: a call since the narrowing put it back");
seed504937.a	undefined where the checker narrowed it away: a call since t	let local_70_walk = adamicDefined(local_7_chain, "undefined where the checker narrowed it away: a call since the narrowing put it back");
seed504893.a	undefined where the checker narrowed it away: a call since t	let local_53_walk = adamicDefined(local_8_chain, "undefined where the checker narrowed it away: a call since the narrowing put it back");
seed504842.a	undefined where the checker narrowed it away: a call since t	let local_73_walk = adamicDefined(local_6_chain, "undefined where the checker narrowed it away: a call since the narrowing put it back");
seed504777.a	undefined where the checker narrowed it away: a call since t	let local_86_walk = adamicDefined(local_7_chain, "undefined where the checker narrowed it away: a call since the narrowing put it back");
seed504938.a	index NaN is outside an array of length 24	adamicSetIndex((ready_0 ? local_0_holder : adamicUnready("holder"))["list"], (Math.abs(Math.trunc(Math.pow(local_21_this["count"], local_22_amount))) % (ready_0 ? local_0_holder : adamicUnready("holder"))["list"].length)
seed504778.a	index 3 is outside an array of length 3	adamicSetIndex((ready_0 ? local_0_holder : adamicUnready("holder"))["list"], (Math.abs(Math.trunc(Math.pow((123.456), (1.5)))) % (ready_0 ? local_0_holder : adamicUnready("holder"))["list"].length), ((ready_0 ? local_0_h
seed504846.a	undefined where the checker narrowed it away: a call since t	let local_45_walk = adamicDefined(local_8_chain, "undefined where the checker narrowed it away: a call since the narrowing put it back");
seed504895.a	undefined where the checker narrowed it away: a call since t	let local_67_walk = adamicDefined(local_7_chain, "undefined where the checker narrowed it away: a call since the narrowing put it back");
seed504946.a	TypeError: Cannot read properties of undefined (reading 'nex	local_6_chain = adamicDefined(local_6_chain, "TypeError: Cannot read properties of undefined (reading 'next')")?.["next"];
seed504896.a	undefined where the checker narrowed it away: a call since t	let local_67_walk = adamicDefined(local_8_chain, "undefined where the checker narrowed it away: a call since the narrowing put it back");
seed504787.a	undefined where the checker narrowed it away: a call since t	let local_65_walk = adamicDefined(local_6_chain, "undefined where the checker narrowed it away: a call since the narrowing put it back");
seed504853.a	undefined where the checker narrowed it away: a call since t	let local_56_walk = adamicDefined(local_8_chain, "undefined where the checker narrowed it away: a call since the narrowing put it back");
seed504948.a	TypeError: Cannot read properties of undefined (reading 'nex	local_7_chain = adamicDefined(local_7_chain, "TypeError: Cannot read properties of undefined (reading 'next')")?.["next"];
seed504905.a	index 1 is outside an array of length 1	adamicSetIndex(local_0_holder["list"], (Math.abs(Math.trunc(local_1_counter["label"].lastIndexOf("3.5"))) % local_0_holder["list"].length), (local_2_numbers3.splice((local_0_holder["list"].splice((1), (1))[(0)] ?? (-(3))
seed504855.a	index NaN is outside an array of length 2	adamicSetIndex((ready_0 ? local_0_holder : adamicUnready("holder"))["list"], (Math.abs(Math.trunc(local_33_amount)) % (ready_0 ? local_0_holder : adamicUnready("holder"))["list"].length), (function_0_head()?.["next"]?.["
seed504790.a	undefined where the checker narrowed it away: a call since t	local_6_chain = ({"value": (local_0_holder["list"].splice(local_3_number2, (1))[(0)] ?? (10)), "label": String(function_3_effect10()), "next": adamicDefined(local_6_chain, "undefined where the checker narrowed it away: a
seed504958.a	index NaN is outside an array of length 2	adamicSetIndex((ready_0 ? local_0_holder : adamicUnready("holder"))["list"], (Math.abs(Math.trunc((false ? (ready_0 ? local_0_holder : adamicUnready("holder"))["value"] : (ready_0 ? local_0_holder : adamicUnready("holder
seed504909.a	undefined where the checker narrowed it away: a call since t	local_8_chain = ({"value": (local_6_table.get(("k" + String((Math.abs(Math.trunc((local_0_holder["value"] / local_1_counter["count"]))) % (4))))) ?? (0.5)), "label": String(adamicCall(local_10_capture, [function_4_effect
seed504869.a	index NaN is outside an array of length 2	adamicSetIndex((ready_0 ? local_0_holder : adamicUnready("holder"))["list"], (Math.abs(Math.trunc((local_20_this["count"] / (1.5)))) % (ready_0 ? local_0_holder : adamicUnready("holder"))["list"].length), (function_0_hea
seed504961.a	undefined where the checker narrowed it away: a call since t	let local_68_walk = adamicDefined(local_7_chain, "undefined where the checker narrowed it away: a call since the narrowing put it back");
seed504796.a	undefined where the checker narrowed it away: a call since t	let local_65_walk = adamicDefined(local_7_chain, "undefined where the checker narrowed it away: a call since the narrowing put it back");
seed504922.a	index NaN is outside an array of length 5	adamicSetIndex(local_4_texts3, (Math.abs(Math.trunc(adamicCall(local_11_tally5, [adamicReduce(local_7_pending, new AdamicClosure(function_22_closure, []), (0))]))) % local_4_texts3.length), String((-local_13_number30)));
seed504813.a	index NaN is outside an array of length 5	adamicSetIndex((ready_0 ? local_0_holder : adamicUnready("holder"))["list"], (Math.abs(Math.trunc(Number.parseInt((ready_0 ? local_0_holder : adamicUnready("holder"))["name"], (10)))) % (ready_0 ? local_0_holder : adamic
seed504875.a	undefined where the checker narrowed it away: a call since t	local_8_chain = ({"value": Math.max(local_60_item41, (1e+21)), "label": String(local_9_captured), "next": adamicDefined(local_8_chain, "undefined where the checker narrowed it away: a call since the narrowing put it back
seed504978.a	TypeError: Cannot read properties of undefined (reading 'nex	local_8_chain = adamicDefined(local_8_chain, "TypeError: Cannot read properties of undefined (reading 'next')")?.["next"];
seed504924.a	TypeError: Cannot read properties of undefined (reading 'nex	local_6_chain = adamicDefined(local_6_chain, "TypeError: Cannot read properties of undefined (reading 'next')")?.["next"];
seed504878.a	index NaN is outside an array of length 2	adamicSetIndex((ready_0 ? local_0_holder : adamicUnready("holder"))["list"], (Math.abs(Math.trunc(Math.pow(local_24_this["count"], local_25_amount))) % (ready_0 ? local_0_holder : adamicUnready("holder"))["list"].length)
seed504981.a	undefined where the checker narrowed it away: a call since t	let local_59_walk = adamicDefined(local_6_chain, "undefined where the checker narrowed it away: a call since the narrowing put it back");
seed504991.a	index NaN is outside an array of length 4	adamicSetIndex((ready_0 ? local_0_holder : adamicUnready("holder"))["list"], (Math.abs(Math.trunc(function_4_effect18(adamicVisit([(0.5), (123.456)], "filter", new AdamicClosure(function_16_closure, []))))) % (ready_0 ? 
seed504927.a	TypeError: Cannot read properties of undefined (reading 'nex	local_6_chain = adamicDefined(local_6_chain, "TypeError: Cannot read properties of undefined (reading 'next')")?.["next"];
seed504982.a	TypeError: Cannot read properties of undefined (reading 'nex	local_8_chain = adamicDefined(local_8_chain, "TypeError: Cannot read properties of undefined (reading 'next')")?.["next"];
seed504999.a	undefined where the checker narrowed it away: a call since t	let local_61_walk = adamicDefined(local_6_chain, "undefined where the checker narrowed it away: a call since the narrowing put it back");
seed505028.a	TypeError: Cannot read properties of undefined (reading 'nex	local_8_chain = adamicDefined(local_8_chain, "TypeError: Cannot read properties of undefined (reading 'next')")?.["next"];
seed505095.a	undefined where the checker narrowed it away: a call since t	let local_52_walk = adamicDefined(local_8_chain, "undefined where the checker narrowed it away: a call since the narrowing put it back");
seed505000.a	index NaN is outside an array of length 3	adamicSetIndex((ready_0 ? local_0_holder : adamicUnready("holder"))["list"], (Math.abs(Math.trunc(Math.pow((ready_9 ? local_9_captured : adamicUnready("captured")), (1e+21)))) % (ready_0 ? local_0_holder : adamicUnready(
seed505032.a	index NaN is outside an array of length 3	adamicSetIndex(local_0_holder["list"], (Math.abs(Math.trunc(local_7_captured)) % local_0_holder["list"].length), local_7_captured);
seed505154.a	index 1 is outside an array of length 1	adamicSetIndex(local_0_holder["list"], (Math.abs(Math.trunc(Math.pow((1e+21), local_0_holder["value"]))) % local_0_holder["list"].length), (local_0_holder["list"].splice((local_1_counter["count"] ** (0.5)), (1))[(0)] ?? 
seed505099.a	undefined where the checker narrowed it away: a call since t	local_8_chain = ({"value": adamicCall(local_11_tally5, [function_6_Counter_bump(local_1_counter, adamicReduce(local_0_holder["list"], new AdamicClosure(function_16_closure, []), (100)))]), "label": String(local_0_holder[
seed505036.a	undefined where the checker narrowed it away: a call since t	local_6_chain = ({"value": ((-(0.0001)) / (0.1)), "label": "10", "next": adamicDefined(local_6_chain, "undefined where the checker narrowed it away: a call since the narrowing put it back")});
seed505003.a	undefined where the checker narrowed it away: a call since t	let local_48_walk = adamicDefined(local_8_chain, "undefined where the checker narrowed it away: a call since the narrowing put it back");
seed505164.a	index NaN is outside an array of length 1	adamicSetIndex((ready_0 ? local_0_holder : adamicUnready("holder"))["list"], (Math.abs(Math.trunc(adamicCall((ready_9 ? local_9_capture : adamicUnready("capture")), [Number.parseFloat(local_17_parameter9)]))) % (ready_0 
seed505100.a	index NaN is outside an array of length 2	adamicSetIndex(local_0_holder["list"], (Math.abs(Math.trunc(Math.pow((4.294967295e+09), (1e+21)))) % local_0_holder["list"].length), Math.pow(Number.parseInt(local_2_text2, (10)), (local_0_holder["value"] * (7))));
seed505043.a	undefined where the checker narrowed it away: a call since t	let local_67_walk = adamicDefined(local_7_chain, "undefined where the checker narrowed it away: a call since the narrowing put it back");
seed505005.a	TypeError: Cannot read properties of undefined (reading 'nex	local_8_chain = adamicDefined(local_8_chain, "TypeError: Cannot read properties of undefined (reading 'next')")?.["next"];
seed505171.a	undefined where the checker narrowed it away: a call since t	let local_68_walk = adamicDefined(local_6_chain, "undefined where the checker narrowed it away: a call since the narrowing put it back");
seed505110.a	undefined where the checker narrowed it away: a call since t	let local_66_walk = adamicDefined(local_8_chain, "undefined where the checker narrowed it away: a call since the narrowing put it back");
seed505044.a	undefined where the checker narrowed it away: a call since t	let local_64_walk = adamicDefined(local_6_chain, "undefined where the checker narrowed it away: a call since the narrowing put it back");
seed505009.a	undefined where the checker narrowed it away: a call since t	let local_45_walk = adamicDefined(local_8_chain, "undefined where the checker narrowed it away: a call since the narrowing put it back");
seed505172.a	undefined where the checker narrowed it away: a call since t	let local_57_walk = adamicDefined(local_6_chain, "undefined where the checker narrowed it away: a call since the narrowing put it back");
seed505118.a	TypeError: Cannot read properties of undefined (reading 'nex	local_7_chain = adamicDefined(local_7_chain, "TypeError: Cannot read properties of undefined (reading 'next')")?.["next"];
seed505054.a	undefined where the checker narrowed it away: a call since t	local_7_chain = ({"value": local_54_item41, "label": String(local_5_table.size), "next": adamicDefined(local_7_chain, "undefined where the checker narrowed it away: a call since the narrowing put it back")});
seed505011.a	undefined where the checker narrowed it away: a call since t	let local_40_walk = adamicDefined(local_6_chain, "undefined where the checker narrowed it away: a call since the narrowing put it back");
seed505184.a	undefined where the checker narrowed it away: a call since t	let local_69_walk = adamicDefined(local_7_chain, "undefined where the checker narrowed it away: a call since the narrowing put it back");
seed505136.a	index NaN is outside an array of length 24	adamicSetIndex((ready_0 ? local_0_holder : adamicUnready("holder"))["list"], (Math.abs(Math.trunc(self.cells[0].value)) % (ready_0 ? local_0_holder : adamicUnready("holder"))["list"].length), (ready_2 ? local_2_number2 :
seed505058.a	undefined where the checker narrowed it away: a call since t	let local_65_walk = adamicDefined(local_7_chain, "undefined where the checker narrowed it away: a call since the narrowing put it back");
seed505012.a	undefined where the checker narrowed it away: a call since t	let local_66_walk = adamicDefined(local_7_chain, "undefined where the checker narrowed it away: a call since the narrowing put it back");
seed505185.a	undefined where the checker narrowed it away: a call since t	let local_60_walk = adamicDefined(local_6_chain, "undefined where the checker narrowed it away: a call since the narrowing put it back");
seed505137.a	undefined where the checker narrowed it away: a call since t	local_6_chain = ({"value": adamicCall(local_9_tally3, [local_0_holder["value"]]), "label": "\u00e9", "next": adamicDefined(local_6_chain, "undefined where the checker narrowed it away: a call since the narrowing put it b
seed505077.a	undefined where the checker narrowed it away: a call since t	let local_69_walk = adamicDefined(local_8_chain, "undefined where the checker narrowed it away: a call since the narrowing put it back");
seed505018.a	undefined where the checker narrowed it away: a call since t	local_8_chain = ({"value": (local_0_holder["list"].splice((100), (1))[(0)] ?? (-(1))), "label": String(function_5_effect19(local_4_numbers3, local_1_counter["label"], Number.parseFloat(local_1_counter["label"]))), "next"
seed505189.a	index NaN is outside an array of length 2	adamicSetIndex((ready_0 ? local_0_holder : adamicUnready("holder"))["list"], (Math.abs(Math.trunc(Number.parseFloat((ready_0 ? local_0_holder : adamicUnready("holder"))["name"]))) % (ready_0 ? local_0_holder : adamicUnre
seed505084.a	index NaN is outside an array of length 3	adamicSetIndex((ready_0 ? local_0_holder : adamicUnready("holder"))["list"], (Math.abs(Math.trunc(Number.parseFloat((ready_1 ? local_1_counter : adamicUnready("counter"))["label"]))) % (ready_0 ? local_0_holder : adamicU
seed505144.a	index NaN is outside an array of length 24	adamicSetIndex(local_0_holder["list"], (Math.abs(Math.trunc(Number.parseFloat("a"))) % local_0_holder["list"].length), Number.parseFloat(local_1_counter["label"]));
seed505019.a	undefined where the checker narrowed it away: a call since t	let local_54_walk = adamicDefined(local_8_chain, "undefined where the checker narrowed it away: a call since the narrowing put it back");
seed505199.a	undefined where the checker narrowed it away: a call since t	let local_81_walk = adamicDefined(local_7_chain, "undefined where the checker narrowed it away: a call since the narrowing put it back");
seed505090.a	index NaN is outside an array of length 2	adamicSetIndex((ready_0 ? local_0_holder : adamicUnready("holder"))["list"], (Math.abs(Math.trunc(Number.parseInt("", (10)))) % (ready_0 ? local_0_holder : adamicUnready("holder"))["list"].length), (local_24_this["count"
seed505149.a	undefined where the checker narrowed it away: a call since t	let local_73_walk = adamicDefined(local_8_chain, "undefined where the checker narrowed it away: a call since the narrowing put it back");
seed505228.a	undefined where the checker narrowed it away: a call since t	local_6_chain = ({"value": local_1_counter["count"], "label": "b", "next": adamicDefined(local_6_chain, "undefined where the checker narrowed it away: a call since the narrowing put it back")});
seed505211.a	undefined where the checker narrowed it away: a call since t	let local_51_walk = adamicDefined(local_8_chain, "undefined where the checker narrowed it away: a call since the narrowing put it back");
seed505150.a	undefined where the checker narrowed it away: a call since t	let local_62_walk = adamicDefined(local_6_chain, "undefined where the checker narrowed it away: a call since the narrowing put it back");
seed505292.a	index NaN is outside an array of length 3	adamicSetIndex((ready_0 ? local_0_holder : adamicUnready("holder"))["list"], (Math.abs(Math.trunc(Math.sign(local_21_amount))) % (ready_0 ? local_0_holder : adamicUnready("holder"))["list"].length), [(1e+21), (123.456)].
seed505230.a	undefined where the checker narrowed it away: a call since t	let local_50_walk = adamicDefined(local_7_chain, "undefined where the checker narrowed it away: a call since the narrowing put it back");
seed505214.a	undefined where the checker narrowed it away: a call since t	let local_71_walk = adamicDefined(local_7_chain, "undefined where the checker narrowed it away: a call since the narrowing put it back");
seed505304.a	undefined where the checker narrowed it away: a call since t	let local_52_walk = adamicDefined(local_6_chain, "undefined where the checker narrowed it away: a call since the narrowing put it back");
seed505386.a	undefined where the checker narrowed it away: a call since t	let local_45_walk = adamicDefined(local_8_chain, "undefined where the checker narrowed it away: a call since the narrowing put it back");
seed505235.a	undefined where the checker narrowed it away: a call since t	let local_55_walk = adamicDefined(local_7_chain, "undefined where the checker narrowed it away: a call since the narrowing put it back");
seed505441.a	undefined where the checker narrowed it away: a call since t	let local_75_walk = adamicDefined(local_6_chain, "undefined where the checker narrowed it away: a call since the narrowing put it back");
seed505402.a	index NaN is outside an array of length 3	adamicSetIndex((ready_0 ? local_0_holder : adamicUnready("holder"))["list"], (Math.abs(Math.trunc(Number.parseFloat((ready_0 ? local_0_holder : adamicUnready("holder"))["name"]))) % (ready_0 ? local_0_holder : adamicUnre
seed505313.a	undefined where the checker narrowed it away: a call since t	local_6_chain = ({"value": local_1_counter["count"], "label": String((local_4_table.get(("k" + String((Math.abs(Math.trunc(adamicCall(local_9_tally3, [local_1_counter["label"].indexOf(local_0_holder["name"])]))) % (4))))
seed505242.a	undefined where the checker narrowed it away: a call since t	let local_73_walk = adamicDefined(local_8_chain, "undefined where the checker narrowed it away: a call since the narrowing put it back");
seed505413.a	undefined where the checker narrowed it away: a call since t	local_8_chain = ({"value": adamicCall(local_11_tally6, [(local_9_captured - local_1_counter["count"])]), "label": "\ud83c\udf0d", "next": adamicDefined(local_8_chain, "undefined where the checker narrowed it away: a call
seed505324.a	TypeError: Cannot read properties of undefined (reading 'nex	local_8_chain = adamicDefined(local_8_chain, "TypeError: Cannot read properties of undefined (reading 'next')")?.["next"];
seed505445.a	undefined where the checker narrowed it away: a call since t	let local_78_walk = adamicDefined(local_8_chain, "undefined where the checker narrowed it away: a call since the narrowing put it back");
seed505243.a	undefined where the checker narrowed it away: a call since t	let local_90_walk = adamicDefined(local_7_chain, "undefined where the checker narrowed it away: a call since the narrowing put it back");
seed505414.a	undefined where the checker narrowed it away: a call since t	let local_54_walk = adamicDefined(local_7_chain, "undefined where the checker narrowed it away: a call since the narrowing put it back");
seed505334.a	undefined where the checker narrowed it away: a call since t	let local_59_walk = adamicDefined(local_8_chain, "undefined where the checker narrowed it away: a call since the narrowing put it back");
seed505455.a	TypeError: Cannot read properties of undefined (reading 'nex	local_8_chain = adamicDefined(local_8_chain, "TypeError: Cannot read properties of undefined (reading 'next')")?.["next"];
seed505246.a	index NaN is outside an array of length 4	adamicSetIndex((ready_11 ? local_11_numbers21 : adamicUnready("numbers21")), (Math.abs(Math.trunc(adamicCall((ready_9 ? local_9_tally3 : adamicUnready("tally3")), [(ready_11 ? local_11_numbers21 : adamicUnready("numbers2
seed505339.a	index NaN is outside an array of length 2	adamicSetIndex(local_0_holder["list"], (Math.abs(Math.trunc(Number.parseInt(local_0_holder["name"], (10)))) % local_0_holder["list"].length), local_37_key23.charCodeAt((function_0_head()?.["next"]?.["next"]?.["value"] ??
seed505458.a	undefined where the checker narrowed it away: a call since t	local_7_chain = ({"value": local_0_holder["value"], "label": "xy", "next": adamicDefined(local_7_chain, "undefined where the checker narrowed it away: a call since the narrowing put it back")});
seed505417.a	index NaN is outside an array of length 25	adamicSetIndex((ready_0 ? local_0_holder : adamicUnready("holder"))["list"], (Math.abs(Math.trunc(Number.parseInt((ready_4 ? local_4_text3 : adamicUnready("text3")), (10)))) % (ready_0 ? local_0_holder : adamicUnready("h
seed505250.a	undefined where the checker narrowed it away: a call since t	let local_53_walk = adamicDefined(local_8_chain, "undefined where the checker narrowed it away: a call since the narrowing put it back");
seed505356.a	undefined where the checker narrowed it away: a call since t	let local_57_walk = adamicDefined(local_7_chain, "undefined where the checker narrowed it away: a call since the narrowing put it back");
seed505462.a	undefined where the checker narrowed it away: a call since t	let local_67_walk = adamicDefined(local_6_chain, "undefined where the checker narrowed it away: a call since the narrowing put it back");
seed505421.a	TypeError: Cannot read properties of undefined (reading 'nex	local_7_chain = adamicDefined(local_7_chain, "TypeError: Cannot read properties of undefined (reading 'next')")?.["next"];
seed505268.a	undefined where the checker narrowed it away: a call since t	let local_57_walk = adamicDefined(local_6_chain, "undefined where the checker narrowed it away: a call since the narrowing put it back");
seed505358.a	index NaN is outside an array of length 3	adamicSetIndex(local_2_numbers1, (Math.abs(Math.trunc(local_1_counter["label"].charCodeAt(local_4_number3))) % local_2_numbers1.length), (local_6_table.get("b") ?? (2)));
seed505477.a	undefined where the checker narrowed it away: a call since t	let local_50_walk = adamicDefined(local_7_chain, "undefined where the checker narrowed it away: a call since the narrowing put it back");
seed505425.a	index NaN is outside an array of length 2	adamicSetIndex((ready_2 ? local_2_texts1 : adamicUnready("texts1")), (Math.abs(Math.trunc(adamicCall((ready_11 ? local_11_tally5 : adamicUnready("tally5")), [adamicCall((ready_10 ? local_10_capture : adamicUnready("captu
seed505289.a	undefined where the checker narrowed it away: a call since t	local_6_chain = ({"value": (local_4_table.get("a") ?? (255)), "label": String((function_0_head()?.["value"] ?? (7))), "next": adamicDefined(local_6_chain, "undefined where the checker narrowed it away: a call since the n
seed505369.a	undefined where the checker narrowed it away: a call since t	local_7_chain = ({"value": local_0_holder["list"].indexOf(local_1_counter["count"]), "label": String(local_1_counter["count"]), "next": adamicDefined(local_7_chain, "undefined where the checker narrowed it away: a call s
seed505478.a	undefined where the checker narrowed it away: a call since t	let local_54_walk = adamicDefined(local_6_chain, "undefined where the checker narrowed it away: a call since the narrowing put it back");
seed505435.a	undefined where the checker narrowed it away: a call since t	local_6_chain = ({"value": Math.sign(local_32_item16), "label": String((local_0_holder["name"].codePointAt((-(3))) ?? (-(0.0001)))), "next": adamicDefined(local_6_chain, "undefined where the checker narrowed it away: a c
seed505291.a	undefined where the checker narrowed it away: a call since t	let local_55_walk = adamicDefined(local_7_chain, "undefined where the checker narrowed it away: a call since the narrowing put it back");
seed505373.a	index NaN is outside an array of length 8	adamicSetIndex((ready_0 ? local_0_holder : adamicUnready("holder"))["list"], (Math.abs(Math.trunc(((ready_7 ? local_7_captured : adamicUnready("captured")) ** (-(1))))) % (ready_0 ? local_0_holder : adamicUnready("holder
seed505480.a	undefined where the checker narrowed it away: a call since t	let local_68_walk = adamicDefined(local_6_chain, "undefined where the checker narrowed it away: a call since the narrowing put it back");
seed505437.a	undefined where the checker narrowed it away: a call since t	let local_39_walk = adamicDefined(local_8_chain, "undefined where the checker narrowed it away: a call since the narrowing put it back");
seed505493.a	undefined where the checker narrowed it away: a call since t	let local_92_walk = adamicDefined(local_8_chain, "undefined where the checker narrowed it away: a call since the narrowing put it back");
seed505482.a	undefined where the checker narrowed it away: a call since t	local_7_chain = ({"value": local_4_numbers3.length, "label": String((local_5_table.get(("k" + String((Math.abs(Math.trunc((local_1_counter["count"] + local_0_holder["value"]))) % (4))))) ?? (-(3)))), "next": adamicDefine
seed505568.a	index NaN is outside an array of length 2	adamicSetIndex((ready_0 ? local_0_holder : adamicUnready("holder"))["list"], (Math.abs(Math.trunc("\u00df".charCodeAt(local_23_this["count"]))) % (ready_0 ? local_0_holder : adamicUnready("holder"))["list"].length), (0.1
seed505439.a	TypeError: Cannot read properties of undefined (reading 'nex	local_7_chain = adamicDefined(local_7_chain, "TypeError: Cannot read properties of undefined (reading 'next')")?.["next"];
seed505490.a	index NaN is outside an array of length 2	adamicSetIndex((ready_0 ? local_0_holder : adamicUnready("holder"))["list"], (Math.abs(Math.trunc(function_12_Counter_bump((ready_1 ? local_1_counter : adamicUnready("counter")), "".charCodeAt((ready_0 ? local_0_holder :
seed505499.a	index NaN is outside an array of length 2	adamicSetIndex(local_4_texts3, (Math.abs(Math.trunc(Number.parseInt(" pad ", (10)))) % local_4_texts3.length), String(Math.max(local_0_holder["value"], (0.1))));
seed505573.a	undefined where the checker narrowed it away: a call since t	local_7_chain = ({"value": Math.floor(local_8_captured), "label": String(local_8_captured), "next": adamicDefined(local_7_chain, "undefined where the checker narrowed it away: a call since the narrowing put it back")});
seed505667.a	index NaN is outside an array of length 1	adamicSetIndex((ready_0 ? local_0_holder : adamicUnready("holder"))["list"], (Math.abs(Math.trunc((ready_0 ? local_0_holder : adamicUnready("holder"))["value"])) % (ready_0 ? local_0_holder : adamicUnready("holder"))["li
seed505507.a	undefined where the checker narrowed it away: a call since t	let local_41_walk = adamicDefined(local_6_chain, "undefined where the checker narrowed it away: a call since the narrowing put it back");
seed505574.a	undefined where the checker narrowed it away: a call since t	let local_57_walk = adamicDefined(local_7_chain, "undefined where the checker narrowed it away: a call since the narrowing put it back");
seed505679.a	undefined where the checker narrowed it away: a call since t	let local_52_walk = adamicDefined(local_7_chain, "undefined where the checker narrowed it away: a call since the narrowing put it back");
seed505512.a	undefined where the checker narrowed it away: a call since t	local_7_chain = ({"value": (local_5_table.get("a") ?? (1.5)), "label": String(local_0_holder["value"]), "next": adamicDefined(local_7_chain, "undefined where the checker narrowed it away: a call since the narrowing put i
seed505588.a	undefined where the checker narrowed it away: a call since t	let local_62_walk = adamicDefined(local_7_chain, "undefined where the checker narrowed it away: a call since the narrowing put it back");
seed505680.a	index NaN is outside an array of length 2	adamicSetIndex(local_0_holder["list"], (Math.abs(Math.trunc(function_12_Counter_bump(local_1_counter, (10)))) % local_0_holder["list"].length), local_0_holder["value"]);
seed505516.a	TypeError: Cannot read properties of undefined (reading 'nex	local_7_chain = adamicDefined(local_7_chain, "TypeError: Cannot read properties of undefined (reading 'next')")?.["next"];
seed505590.a	undefined where the checker narrowed it away: a call since t	local_7_chain = ({"value": (false ? local_1_counter["count"] : (4.294967295e+09)), "label": "\u4e16\u754c", "next": adamicDefined(local_7_chain, "undefined where the checker narrowed it away: a call since the narrowing p
seed505684.a	index NaN is outside an array of length 3	adamicSetIndex((ready_2 ? local_2_numbers2 : adamicUnready("numbers2")), (Math.abs(Math.trunc(Number.parseInt((ready_0 ? local_0_holder : adamicUnready("holder"))["name"], (10)))) % (ready_2 ? local_2_numbers2 : adamicUn
seed505530.a	index NaN is outside an array of length 2	adamicSetIndex(local_0_holder["list"], (Math.abs(Math.trunc(adamicCall(local_9_tally3, [adamicFind([(100), (2)], "findIndex", new AdamicClosure(function_20_closure, []))]))) % local_0_holder["list"].length), adamicCall(l
seed505609.a	undefined where the checker narrowed it away: a call since t	let local_49_walk = adamicDefined(local_8_chain, "undefined where the checker narrowed it away: a call since the narrowing put it back");
seed505687.a	undefined where the checker narrowed it away: a call since t	local_6_chain = ({"value": (7), "label": String((local_3_number2 ** (2))), "next": adamicDefined(local_6_chain, "undefined where the checker narrowed it away: a call since the narrowing put it back")});
seed505539.a	undefined where the checker narrowed it away: a call since t	let local_64_walk = adamicDefined(local_6_chain, "undefined where the checker narrowed it away: a call since the narrowing put it back");
seed505644.a	undefined where the checker narrowed it away: a call since t	let local_55_walk = adamicDefined(local_7_chain, "undefined where the checker narrowed it away: a call since the narrowing put it back");
seed505694.a	undefined where the checker narrowed it away: a call since t	let local_57_walk = adamicDefined(local_7_chain, "undefined where the checker narrowed it away: a call since the narrowing put it back");
seed505544.a	index NaN is outside an array of length 2	adamicSetIndex((ready_0 ? local_0_holder : adamicUnready("holder"))["list"], (Math.abs(Math.trunc(adamicCall((ready_10 ? local_10_tally5 : adamicUnready("tally5")), [((ready_4 ? local_4_numbers4 : adamicUnready("numbers4
seed505648.a	undefined where the checker narrowed it away: a call since t	let local_78_walk = adamicDefined(local_7_chain, "undefined where the checker narrowed it away: a call since the narrowing put it back");
seed505549.a	undefined where the checker narrowed it away: a call since t	let local_47_walk = adamicDefined(local_7_chain, "undefined where the checker narrowed it away: a call since the narrowing put it back");
seed505650.a	index NaN is outside an array of length 2	adamicSetIndex((ready_0 ? local_0_holder : adamicUnready("holder"))["list"], (Math.abs(Math.trunc((ready_4 ? local_4_text3 : adamicUnready("text3")).charCodeAt((10)))) % (ready_0 ? local_0_holder : adamicUnready("holder"
seed505553.a	undefined where the checker narrowed it away: a call since t	let local_45_walk = adamicDefined(local_7_chain, "undefined where the checker narrowed it away: a call since the narrowing put it back");
seed505651.a	index NaN is outside an array of length 19	adamicSetIndex((ready_0 ? local_0_holder : adamicUnready("holder"))["list"], (Math.abs(Math.trunc((ready_7 ? local_7_captured : adamicUnready("captured")))) % (ready_0 ? local_0_holder : adamicUnready("holder"))["list"].
