kind,reason,count,actual_lowering,context_sensitive,owner,disposition,constructor,disposition_match
NotYet,a function inside a function (a closure),3238,3238,False,UNOWNED,not in pinned table,,absent
Refused,an object refinement using an open numeric enum as a literal tag,2776,0,False,UNOWNED,not in pinned table,,absent
Refused,the non-null assertion !,1754,0,False,UNOWNED,not in pinned table,,absent
NotYet,a NonNullExpression,641,641,False,UNOWNED,not in pinned table,,absent
NotYet,a value of type __String,171,171,False,UNOWNED,not in pinned table,,absent
Refused,var,168,168,False,UNOWNED,not in pinned table,,absent
NotYet,a value of type Path,118,118,False,UNOWNED,not in pinned table,,absent
Refused,||=,105,0,False,UNOWNED,not in pinned table,,absent
NotYet,an array of never,77,77,False,UNOWNED,not in pinned table,,absent
NotYet,a BinaryExpression as a statement,71,71,False,UNOWNED,not in pinned table,,absent
Refused,a type predicate whose return is not proven (there is no body proving this parameter),71,0,False,UNOWNED,not in pinned table,,absent
Refused,"optional property id in Node absent from structural source never, which can hide fields",55,0,False,UNOWNED,not in pinned table,,absent
Refused,the comma operator,47,0,False,UNOWNED,not in pinned table,,absent
NotYet,an overloaded method value,39,39,False,UNOWNED,not in pinned table,,absent
NotYet,reading context,24,24,True,UNOWNED,not in pinned table,,absent
Refused,an unproven relation from Type to TypeParameter: optional field constraint has no proven compatible presence/type,24,11,False,UNOWNED,not in pinned table,,absent
NotYet,a value of type __String | undefined,23,23,False,UNOWNED,not in pinned table,,absent
Refused,"optional property return in ArrayIterator<Node> absent from structural source ArrayIterator<TypeParameterDeclaration>, which can hide fields",23,0,False,UNOWNED,not in pinned table,,absent
Refused,a type predicate whose return is not proven (return expression is not a trusted check on kind),22,0,False,UNOWNED,not in pinned table,,absent
Refused,a method in object destructuring,21,21,False,UNOWNED,not in pinned table,,absent
Refused,"optional property source in SourceMapRange absent from structural source TextRange, which can hide fields",21,0,False,UNOWNED,not in pinned table,,absent
NotYet,a call to a PropertyAccessExpression,20,20,False,UNOWNED,not in pinned table,,absent
Refused,"optional property return in ArrayIterator<Statement> absent from structural source ArrayIterator<JsonObjectExpressionStatement>, which can hide fields",20,0,False,UNOWNED,not in pinned table,,absent
NotYet,"a Set of __String (a Set holds strings, numbers, booleans, objects, arrays, maps or functions so far)",17,17,False,UNOWNED,not in pinned table,,absent
Refused,"optional property id in ArrayBindingPattern absent from structural source never, which can hide fields",17,0,False,UNOWNED,not in pinned table,,absent
NotYet,a function returning __String,16,16,False,UNOWNED,not in pinned table,,absent
NotYet,a function returning __String | undefined,16,16,False,UNOWNED,not in pinned table,,absent
NotYet,a boolean | undefined variable a function value captures,14,14,False,UNOWNED,not in pinned table,,absent
Refused,"a value of type { value: never; done: true; } seen as IteratorResult<Mapping, any>, which can write any where never is read",14,0,False,UNOWNED,not in pinned table,,absent
NotYet,"a Set of Path (a Set holds strings, numbers, booleans, objects, arrays, maps or functions so far)",12,12,False,UNOWNED,not in pinned table,,absent
NotYet,a function returning Path,12,12,False,UNOWNED,not in pinned table,,absent
Refused,a definite assignment assertion !,12,0,False,UNOWNED,not in pinned table,,absent
Refused,"a value without nominal ancestry seen as BinaryExpressionStateMachine<TOuterState, TState, TResult>",12,0,False,UNOWNED,not in pinned table,,absent
Refused,"a value of type T seen as Mutable<T>, whose readonly field pos becomes writable: a readonly field may hold something narrower than number, which a write of any would replace",11,0,False,UNOWNED,not in pinned table,,absent
Refused,an index signature,11,0,False,UNOWNED,not in pinned table,,absent
NotYet,a field of type string | DiagnosticMessageChain,10,10,False,UNOWNED,not in pinned table,,absent
NotYet,an enum inside a function or block; declare it at module scope,10,0,False,UNOWNED,not in pinned table,,absent
Refused,"a value of type BuilderProgramStateWithDefinedProgram seen as BuilderProgramState, which can write Program | undefined where Program is read",10,0,False,UNOWNED,not in pinned table,,absent
Refused,"a value of type Map<string, never[]> seen as Map<string, string[]> | Map<string, never[]> | Map<string, string[] | never[]>, which can write string[] where never[] is read",10,0,False,UNOWNED,not in pinned table,,absent
Refused,"optional property constraint in TypeParameter absent from structural source Type, which can hide fields",10,0,False,UNOWNED,not in pinned table,,absent
Refused,"optional property id in BigIntLiteral absent from structural source never, which can hide fields",10,0,False,UNOWNED,not in pinned table,,absent
NotYet,a field of type true | Node | undefined,9,9,False,UNOWNED,not in pinned table,,absent
Refused,"a value of type BuilderProgramState seen as ReusableBuilderProgramState, which can write Map<Path, readonly Diagnostic[] | readonly ReusableDiagnostic[]> where Map<Path, readonly Diagnostic[]> is read",9,0,False,UNOWNED,not in pinned table,,absent
NotYet,reading origin,7,7,True,UNOWNED,not in pinned table,,absent
Refused,"a value of type GeneratedIdentifier | Identifier seen as Identifier, whose readonly field emitNode becomes writable: a readonly field may hold something narrower than EmitNode & { autoGenerate: AutoGenerateInfo; }, which a write of EmitNode | undefined would replace",7,0,False,UNOWNED,not in pinned table,,absent
Refused,"optional property id in ExternalModuleReference absent from structural source never, which can hide fields",7,0,False,UNOWNED,not in pinned table,,absent
Refused,"optional property id in Identifier absent from structural source never, which can hide fields",7,0,False,UNOWNED,not in pinned table,,absent
Refused,"optional property members in ObjectType absent from structural source IntrinsicType, which can hide fields",7,0,False,UNOWNED,not in pinned table,,absent
NotYet,an overloaded function as a value,6,6,False,UNOWNED,not in pinned table,,absent
NotYet,reading lateSymbol,6,6,True,UNOWNED,not in pinned table,,absent
NotYet,reading params,6,6,True,UNOWNED,not in pinned table,,absent
Refused,"a function taking BinaryExpressionStateMachine<TOuterState, TState, TResult> seen as one taking BinaryExpressionStateMachine<TOuterState, TState, TResult> (tsc relates a method's parameters both ways), so it can be handed what it can't take",6,0,False,UNOWNED,not in pinned table,,absent
Refused,a type predicate whose return is not proven (return expression is not a trusted check on token),6,0,False,UNOWNED,not in pinned table,,absent
Refused,"a value of type NonNullable<T> seen as T, a type parameter whose constraint any can be written, so it can write what NonNullable<T> can't hold",6,0,False,UNOWNED,not in pinned table,,absent
Refused,"a value of type undefined seen as T, a type parameter whose constraint Node can be written, so it can write what undefined can't hold",6,0,False,UNOWNED,not in pinned table,,absent
Refused,"optional property id in Expression absent from structural source never, which can hide fields",6,0,False,UNOWNED,not in pinned table,,absent
NotYet,reading containingDirectory,5,5,True,UNOWNED,not in pinned table,,absent
NotYet,reading fakespace,5,5,True,UNOWNED,not in pinned table,,absent
NotYet,reading inference,5,5,True,UNOWNED,not in pinned table,,absent
Refused,"a value of type CompilerOptionsValue seen as TsConfigSourceFile | CompilerOptionsValue, which can write string | number where string is read",5,0,False,UNOWNED,not in pinned table,,absent
Refused,"a value of type string[] seen as CompilerOptionsValue, which can write string | number where string is read",5,0,False,UNOWNED,not in pinned table,,absent
Refused,an unproven value assigned to a numeric literal or enum member slot CompilerOptions | BuilderFileEmit,5,0,False,UNOWNED,not in pinned table,,absent
Refused,"optional property all in CompilerOptions absent from structural source BuildOptions, which can hide fields",5,0,False,UNOWNED,not in pinned table,,absent
Refused,"optional property reportsUnnecessary in Diagnostic absent from structural source DiagnosticRelatedInformation, which can hide fields",5,0,False,UNOWNED,not in pinned table,,absent
Refused,"optional property return in ArrayIterator<Declaration> absent from structural source ArrayIterator<ClassElement>, which can hide fields",5,0,False,UNOWNED,not in pinned table,,absent
Refused,"optional property return in ArrayIterator<Node> absent from structural source ArrayIterator<HeritageClause>, which can hide fields",5,0,False,UNOWNED,not in pinned table,,absent
Refused,"optional property skipLogging in ErrorOutputContainer absent from structural source { errors?: Diagnostic[] | undefined; }, which can hide fields",5,0,False,UNOWNED,not in pinned table,,absent
Refused,"optional property version in PackageJson absent from structural source PackageJsonPathFields, which can hide fields",5,0,False,UNOWNED,not in pinned table,,absent
NotYet,a namespace object used as a value; use qualified members or named module imports,4,0,False,UNOWNED,not in pinned table,,absent
NotYet,a value of type string | (void & { __escapedIdentifier: void; }) | (string & { __escapedIdentifier: void; }),4,4,False,UNOWNED,not in pinned table,,absent
NotYet,reading baseTypeNode,4,4,True,UNOWNED,not in pinned table,,absent
NotYet,reading cachedChain,4,4,True,UNOWNED,not in pinned table,,absent
NotYet,reading childrenTargetType,4,4,True,UNOWNED,not in pinned table,,absent
NotYet,reading filePath,4,4,True,UNOWNED,not in pinned table,,absent
NotYet,reading getCurrentDirectory,4,4,True,UNOWNED,not in pinned table,,absent
NotYet,reading oldProgram,4,4,True,UNOWNED,not in pinned table,,absent
NotYet,reading regularType,4,4,True,UNOWNED,not in pinned table,,absent
NotYet,reading resolvedModule,4,4,True,UNOWNED,not in pinned table,,absent
NotYet,reading restParamSymbol,4,4,True,UNOWNED,not in pinned table,,absent
NotYet,reading reversed,4,4,True,UNOWNED,not in pinned table,,absent
NotYet,reading sourceSymbol,4,4,True,UNOWNED,not in pinned table,,absent
NotYet,reading typeSet,4,4,True,UNOWNED,not in pinned table,,absent
Refused,Object.defineProperties,4,4,False,UNOWNED,not in pinned table,,absent
Refused,a type predicate whose return is not proven (return expression is not a trusted check on expr),4,0,False,UNOWNED,not in pinned table,,absent
Refused,a type predicate whose return is not proven (return expression is not a trusted check on f),4,0,False,UNOWNED,not in pinned table,,absent
Refused,"a value of type Identifier[][] seen as ModuleExportName[][], which can write ModuleExportName[] where Identifier[] is read",4,0,False,UNOWNED,not in pinned table,,absent
Refused,"optional property return in ArrayIterator<Node> absent from structural source ArrayIterator<ClassElement>, which can hide fields",4,0,False,UNOWNED,not in pinned table,,absent
Refused,"optional property return in ArrayIterator<Node> absent from structural source ArrayIterator<T>, which can hide fields",4,0,False,UNOWNED,not in pinned table,,absent
Refused,"optional property return in ArrayIterator<Node> absent from structural source ArrayIterator<TypeElement>, which can hide fields",4,0,False,UNOWNED,not in pinned table,,absent
Refused,"optional property return in ArrayIterator<any> absent from structural source ArrayIterator<Child>, which can hide fields",4,0,False,UNOWNED,not in pinned table,,absent
NotYet,a union of differently held members variable a function value captures,3,3,False,UNOWNED,not in pinned table,,absent
NotYet,a value of type Identifier | __String,3,3,False,UNOWNED,not in pinned table,,absent
NotYet,reading arrayLiteral,3,3,True,UNOWNED,not in pinned table,,absent
NotYet,reading decorationStatements,3,3,True,UNOWNED,not in pinned table,,absent
NotYet,reading instantiated,3,3,True,UNOWNED,not in pinned table,,absent
NotYet,reading isSingleNonGenericCandidate,3,3,True,UNOWNED,not in pinned table,,absent
NotYet,reading item,3,3,True,UNOWNED,not in pinned table,,absent
NotYet,reading languageVersion,3,3,True,UNOWNED,not in pinned table,,absent
NotYet,reading lines,3,3,True,UNOWNED,not in pinned table,,absent
NotYet,reading metaPropertySymbol,3,3,True,UNOWNED,not in pinned table,,absent
NotYet,reading newBaseType,3,3,True,UNOWNED,not in pinned table,,absent
NotYet,reading newSymbol,3,3,True,UNOWNED,not in pinned table,,absent
NotYet,reading oldStartN,3,3,True,UNOWNED,not in pinned table,,absent
NotYet,reading opcode,3,3,True,UNOWNED,not in pinned table,,absent
NotYet,reading regularNew,3,3,True,UNOWNED,not in pinned table,,absent
NotYet,reading rootNames,3,3,True,UNOWNED,not in pinned table,,absent
NotYet,reading sourceFileOrBundle,3,3,True,UNOWNED,not in pinned table,,absent
NotYet,reading sourceFlags,3,3,True,UNOWNED,not in pinned table,,absent
NotYet,reading sources,3,3,True,UNOWNED,not in pinned table,,absent
NotYet,reading symbolFromSymbolTable,3,3,True,UNOWNED,not in pinned table,,absent
NotYet,reading tag,3,3,True,UNOWNED,not in pinned table,,absent
NotYet,reading targetPropertySymbol,3,3,True,UNOWNED,not in pinned table,,absent
Refused,a filter callback that doesn't return a boolean,3,3,False,UNOWNED,not in pinned table,,absent
Refused,"a function taking [fileName: string, text: string, writeByteOrderMark: boolean, onError?: ((message: string) => void) | undefined, sourceFiles?: readonly SourceFile[] | undefined, data?: WriteFileCallbackData | undefined] seen as one taking string (tsc relates a method's parameters both ways), so it can be handed what it can't take",3,0,False,UNOWNED,not in pinned table,,absent
Refused,"a function taking string seen as one taking [fileName: string, text: string, writeByteOrderMark: boolean, onError?: ((message: string) => void) | undefined, sourceFiles?: readonly SourceFile[] | undefined, data?: WriteFileCallbackData | undefined] (tsc relates a method's parameters both ways), so it can be handed what it can't take",3,0,False,UNOWNED,not in pinned table,,absent
Refused,a type predicate whose return is not proven (return expression is not a trusted check on block),3,0,False,UNOWNED,not in pinned table,,absent
Refused,a type predicate whose return is not proven (return expression is not a trusted check on element),3,0,False,UNOWNED,not in pinned table,,absent
Refused,a type predicate whose return is not proven (return expression is not a trusted check on entry),3,0,False,UNOWNED,not in pinned table,,absent
Refused,a type predicate whose return is not proven (return expression is not a trusted check on info),3,0,False,UNOWNED,not in pinned table,,absent
Refused,a type predicate whose return is not proven (return expression is not a trusted check on member),3,0,False,UNOWNED,not in pinned table,,absent
Refused,a type predicate whose return is not proven (return expression is not a trusted check on tag),3,0,False,UNOWNED,not in pinned table,,absent
Refused,a type predicate whose return is not proven (return expression is not a trusted check on value),3,0,False,UNOWNED,not in pinned table,,absent
Refused,"a value of type BindingOrAssignmentElement seen as TextRange, whose readonly field pos becomes writable: a readonly field may hold something narrower than number, which a write of number would replace",3,0,False,UNOWNED,not in pinned table,,absent
Refused,"a value of type ClassDeclaration seen as TextRange, whose readonly field pos becomes writable: a readonly field may hold something narrower than number, which a write of number would replace",3,0,False,UNOWNED,not in pinned table,,absent
Refused,"a value of type FutureSourceFile | SourceFile seen as Pick<SourceFile, ""fileName"" | ""impliedNodeFormat"">, whose readonly field fileName becomes writable: a readonly field may hold something narrower than string, which a write of string would replace",3,0,False,UNOWNED,not in pinned table,,absent
Refused,"a value of type Identifier | TextRange seen as SourceMapRange | undefined, whose readonly field pos becomes writable: a readonly field may hold something narrower than number, which a write of number would replace",3,0,False,UNOWNED,not in pinned table,,absent
Refused,"a value of type Identifier | undefined seen as Identifier | TextRange, whose readonly field pos becomes writable: a readonly field may hold something narrower than number, which a write of number would replace",3,0,False,UNOWNED,not in pinned table,,absent
Refused,"a value of type Map<string, string[] | never[]> seen as Map<string, string[]> | Map<string, never[]> | Map<string, string[] | never[]>, which can write string where never is read",3,0,False,UNOWNED,not in pinned table,,absent
Refused,"a value of type ParameterDeclaration seen as TextRange, whose readonly field pos becomes writable: a readonly field may hold something narrower than number, which a write of number would replace",3,0,False,UNOWNED,not in pinned table,,absent
Refused,"a value of type SourceFile seen as SourceFile | SourceFileLike, which can write readonly number[] | undefined where readonly number[] is read",3,0,False,UNOWNED,not in pinned table,,absent
Refused,"a value of type TsConfigSourceFile | CompilerOptionsValue seen as string | number | boolean | PluginImport[] | ProjectReference[] | (string | number)[] | MapLike<string[]> | TsConfigSourceFile | null | undefined, which can write string | number where string is read",3,0,False,UNOWNED,not in pinned table,,absent
Refused,"a value of type YieldExpression seen as TextRange | undefined, whose readonly field pos becomes writable: a readonly field may hold something narrower than number, which a write of number would replace",3,0,False,UNOWNED,not in pinned table,,absent
Refused,"a value of type never[] seen as DiagnosticArguments, which can write string | number | boolean | readonly string[] | SourceFile | undefined where never is read",3,0,False,UNOWNED,not in pinned table,,absent
Refused,"a value of type never[] seen as ResolvedConfigFileName[], which can write ResolvedConfigFileName where never is read",3,0,False,UNOWNED,not in pinned table,,absent
Refused,"a value of type never[] seen as string[] | never[], which can write string where never is read",3,0,False,UNOWNED,not in pinned table,,absent
Refused,"a value of type readonly Extension[][] seen as readonly string[][], which can write string where Extension is read",3,0,False,UNOWNED,not in pinned table,,absent
Refused,"a value of type undefined seen as T, a type parameter whose constraint WatchedFileWithIsClosed can be written, so it can write what undefined can't hold",3,0,False,UNOWNED,not in pinned table,,absent
Refused,an arbitrary number or a value from another enum assigned to Extension.Ts; its members are a closed union,3,0,False,UNOWNED,not in pinned table,,absent
Refused,an unproven relation from StructuredType to ObjectType: optional field members has no proven compatible presence/type,3,0,False,UNOWNED,not in pinned table,,absent
Refused,"optional property id in FalseLiteral absent from structural source never, which can hide fields",3,0,False,UNOWNED,not in pinned table,,absent
Refused,"optional property id in LiteralExpression & StringLiteral absent from structural source never, which can hide fields",3,0,False,UNOWNED,not in pinned table,,absent
Refused,"optional property omitTrailingSemicolon in PrinterOptions absent from structural source CompilerOptions, which can hide fields",3,0,False,UNOWNED,not in pinned table,,absent
Refused,"optional property rawText in TemplateLiteralLikeNode absent from structural source NumericLiteral, which can hide fields",3,0,False,UNOWNED,not in pinned table,,absent
Refused,"optional property resolutionMode in FileReference absent from structural source { preserve: true; }, which can hide fields",3,0,False,UNOWNED,not in pinned table,,absent
Refused,"optional property return in ArrayIterator<Node> absent from structural source ArrayIterator<EnumMember>, which can hide fields",3,0,False,UNOWNED,not in pinned table,,absent
Refused,"optional property return in ArrayIterator<Node> absent from structural source ArrayIterator<TemplateSpan>, which can hide fields",3,0,False,UNOWNED,not in pinned table,,absent
Refused,"optional property return in ArrayIterator<Statement> absent from structural source ArrayIterator<ExpressionStatement>, which can hide fields",3,0,False,UNOWNED,not in pinned table,,absent
NotYet,a field of type string | number | boolean | DiagnosticMessage | undefined,2,2,False,UNOWNED,not in pinned table,,absent
NotYet,a function returning ModeAwareCacheKey,2,2,False,UNOWNED,not in pinned table,,absent
NotYet,a function returning Path | undefined,2,2,False,UNOWNED,not in pinned table,,absent
NotYet,"a library method value outside a const alias, typed call/apply, or supported map callback (its receiver and callable ABI are not proven); wrap the call in an arrow",2,2,False,UNOWNED,not in pinned table,,absent
NotYet,a method value parameter without a callable slot,2,2,False,UNOWNED,not in pinned table,,absent
NotYet,"a namespace member other than a function, type, initialized binding or nested namespace",2,0,False,UNOWNED,not in pinned table,,absent
NotYet,a value of type Canonicalized,2,2,False,UNOWNED,not in pinned table,,absent
NotYet,a value of type IncrementalBuildInfoFileId,2,2,False,UNOWNED,not in pinned table,,absent
NotYet,a value of type Path | undefined,2,2,False,UNOWNED,not in pinned table,,absent
NotYet,a value of type RedirectsCacheKey,2,2,False,UNOWNED,not in pinned table,,absent
NotYet,a value of type never,2,2,False,UNOWNED,not in pinned table,,absent
NotYet,an array of Path,2,2,False,UNOWNED,not in pinned table,,absent
NotYet,incrementing an Identifier,2,2,False,UNOWNED,not in pinned table,,absent
NotYet,reading _createProgramOptions,2,2,True,UNOWNED,not in pinned table,,absent
NotYet,reading attributesType,2,2,True,UNOWNED,not in pinned table,,absent
NotYet,reading baseSymbol,2,2,True,UNOWNED,not in pinned table,,absent
NotYet,reading change0,2,2,True,UNOWNED,not in pinned table,,absent
NotYet,reading checkFlags,2,2,True,UNOWNED,not in pinned table,,absent
NotYet,reading checkTypeDeferred,2,2,True,UNOWNED,not in pinned table,,absent
NotYet,reading childPropName,2,2,True,UNOWNED,not in pinned table,,absent
NotYet,reading childrenPropName,2,2,True,UNOWNED,not in pinned table,,absent
NotYet,reading classLikeDeclaration,2,2,True,UNOWNED,not in pinned table,,absent
NotYet,reading containingCall,2,2,True,UNOWNED,not in pinned table,,absent
NotYet,reading declaringClassDeclaration,2,2,True,UNOWNED,not in pinned table,,absent
NotYet,reading deduplicated,2,2,True,UNOWNED,not in pinned table,,absent
NotYet,reading derived,2,2,True,UNOWNED,not in pinned table,,absent
NotYet,reading emitSkipped,2,2,True,UNOWNED,not in pinned table,,absent
NotYet,reading escapedText,2,2,True,UNOWNED,not in pinned table,,absent
NotYet,reading expandedParams,2,2,True,UNOWNED,not in pinned table,,absent
NotYet,reading fileInfos,2,2,True,UNOWNED,not in pinned table,,absent
NotYet,reading firstBase,2,2,True,UNOWNED,not in pinned table,,absent
NotYet,reading firstType,2,2,True,UNOWNED,not in pinned table,,absent
NotYet,reading flattenContext,2,2,True,UNOWNED,not in pinned table,,absent
NotYet,reading freshType,2,2,True,UNOWNED,not in pinned table,,absent
NotYet,reading hasArguments,2,2,True,UNOWNED,not in pinned table,,absent
NotYet,reading hooks,2,2,True,UNOWNED,not in pinned table,,absent
NotYet,reading indent,2,2,True,UNOWNED,not in pinned table,,absent
NotYet,reading indexSymbol,2,2,True,UNOWNED,not in pinned table,,absent
NotYet,reading isCallExpression,2,2,True,UNOWNED,not in pinned table,,absent
NotYet,reading isZero,2,2,True,UNOWNED,not in pinned table,,absent
NotYet,reading iteratedType,2,2,True,UNOWNED,not in pinned table,,absent
NotYet,reading json,2,2,True,UNOWNED,not in pinned table,,absent
NotYet,reading jsxFragmentFactoryName,2,2,True,UNOWNED,not in pinned table,,absent
NotYet,reading lanes,2,2,True,UNOWNED,not in pinned table,,absent
NotYet,reading leftIdentifier,2,2,True,UNOWNED,not in pinned table,,absent
NotYet,reading literalType,2,2,True,UNOWNED,not in pinned table,,absent
NotYet,reading longestParamType,2,2,True,UNOWNED,not in pinned table,,absent
NotYet,reading mapperCache,2,2,True,UNOWNED,not in pinned table,,absent
NotYet,reading masterList,2,2,True,UNOWNED,not in pinned table,,absent
NotYet,reading newDirectory,2,2,True,UNOWNED,not in pinned table,,absent
NotYet,reading newReturnType,2,2,True,UNOWNED,not in pinned table,,absent
NotYet,reading nextChange,2,2,True,UNOWNED,not in pinned table,,absent
NotYet,reading nextLineStart,2,2,True,UNOWNED,not in pinned table,,absent
NotYet,reading operandConstraint,2,2,True,UNOWNED,not in pinned table,,absent
NotYet,reading origTypeParameter,2,2,True,UNOWNED,not in pinned table,,absent
NotYet,reading originalCreateDirectory,2,2,True,UNOWNED,not in pinned table,,absent
NotYet,reading outPath,2,2,True,UNOWNED,not in pinned table,,absent
NotYet,reading ownMap,2,2,True,UNOWNED,not in pinned table,,absent
NotYet,reading packageRootIndex,2,2,True,UNOWNED,not in pinned table,,absent
NotYet,reading parseTreeNode,2,2,True,UNOWNED,not in pinned table,,absent
NotYet,reading potentiallyUnusedIdentifiers,2,2,True,UNOWNED,not in pinned table,,absent
NotYet,reading previous,2,2,True,UNOWNED,not in pinned table,,absent
NotYet,reading prototypeProperty,2,2,True,UNOWNED,not in pinned table,,absent
NotYet,reading ref,2,2,True,UNOWNED,not in pinned table,,absent
NotYet,reading results,2,2,True,UNOWNED,not in pinned table,,absent
NotYet,reading signatureNode,2,2,True,UNOWNED,not in pinned table,,absent
NotYet,reading sorted,2,2,True,UNOWNED,not in pinned table,,absent
NotYet,reading sourceStart,2,2,True,UNOWNED,not in pinned table,,absent
NotYet,reading sourceType,2,2,True,UNOWNED,not in pinned table,,absent
NotYet,reading span,2,2,True,UNOWNED,not in pinned table,,absent
NotYet,reading specifierSourceImports,2,2,True,UNOWNED,not in pinned table,,absent
NotYet,reading spreadType,2,2,True,UNOWNED,not in pinned table,,absent
NotYet,reading staticType,2,2,True,UNOWNED,not in pinned table,,absent
NotYet,reading symbolName,2,2,True,UNOWNED,not in pinned table,,absent
NotYet,reading targetProp,2,2,True,UNOWNED,not in pinned table,,absent
NotYet,reading targets,2,2,True,UNOWNED,not in pinned table,,absent
NotYet,reading templateArguments,2,2,True,UNOWNED,not in pinned table,,absent
NotYet,reading transformed,2,2,True,UNOWNED,not in pinned table,,absent
NotYet,reading typeLiteralSymbol,2,2,True,UNOWNED,not in pinned table,,absent
NotYet,reading typeVariable,2,2,True,UNOWNED,not in pinned table,,absent
NotYet,reading useDefineForClassFields,2,2,True,UNOWNED,not in pinned table,,absent
NotYet,reading variances,2,2,True,UNOWNED,not in pinned table,,absent
Refused,Object.create,2,2,False,UNOWNED,not in pinned table,,absent
Refused,Object.defineProperty,2,2,False,UNOWNED,not in pinned table,,absent
Refused,"a function taking BinaryOperator seen as one taking SyntaxKind (tsc relates a method's parameters both ways), so it can be handed what it can't take",2,0,False,UNOWNED,not in pinned table,,absent
Refused,"a function taking Expression[] seen as one taking readonly Expression[] (tsc relates a method's parameters both ways), so it can be handed what it can't take",2,0,False,UNOWNED,not in pinned table,,absent
Refused,"a function taking T seen as one taking Expression (tsc relates a method's parameters both ways), so it can be handed what it can't take",2,0,False,UNOWNED,not in pinned table,,absent
Refused,"a function taking [fileName: string, languageVersionOrOptions: CreateSourceFileOptions | ScriptTarget, onError?: ((message: string) => void) | undefined, shouldCreateNewSourceFile?: boolean | undefined] seen as one taking string (tsc relates a method's parameters both ways), so it can be handed what it can't take",2,0,False,UNOWNED,not in pinned table,,absent
Refused,"a function taking string seen as one taking [fileName: string] (tsc relates a method's parameters both ways), so it can be handed what it can't take",2,0,False,UNOWNED,not in pinned table,,absent
Refused,"a function taking string seen as one taking any[] (tsc relates a method's parameters both ways), so it can be handed what it can't take",2,0,False,UNOWNED,not in pinned table,,absent
Refused,"a method read as a value (setPrototypeOf would lose its object, and this with it)",2,0,False,UNOWNED,not in pinned table,,absent
Refused,a structural Object.keys view that can hide an iterable literal's symbol-key storage (adamic/symbol-key-view),2,2,False,UNOWNED,not in pinned table,,absent
Refused,a type predicate whose return is not proven (return expression is not a trusted check on declaration),2,0,False,UNOWNED,not in pinned table,,absent
Refused,a type predicate whose return is not proven (return expression is not a trusted check on predicate),2,0,False,UNOWNED,not in pinned table,,absent
Refused,"a value of type (name: Identifier | PrivateIdentifier) => string seen as (name: GeneratedIdentifier | GeneratedPrivateIdentifier) => string, whose readonly field emitNode becomes writable: a readonly field may hold something narrower than EmitNode & { autoGenerate: AutoGenerateInfo; }, which a write of EmitNode | undefined would replace",2,0,False,UNOWNED,not in pinned table,,absent
Refused,"a value of type ArrayLiteralExpression | AssignmentExpression<EqualsToken> | BindingElement | ElementAccessExpression | ... 8 more ... | VariableDeclaration seen as TextRange, whose readonly field pos becomes writable: a readonly field may hold something narrower than number, which a write of number would replace",2,0,False,UNOWNED,not in pinned table,,absent
Refused,"a value of type Block seen as TextRange | undefined, whose readonly field pos becomes writable: a readonly field may hold something narrower than number, which a write of number would replace",2,0,False,UNOWNED,not in pinned table,,absent
Refused,"a value of type BreakStatement seen as TextRange | undefined, whose readonly field pos becomes writable: a readonly field may hold something narrower than number, which a write of number would replace",2,0,False,UNOWNED,not in pinned table,,absent
Refused,"a value of type ClassElement seen as TextRange, whose readonly field pos becomes writable: a readonly field may hold something narrower than number, which a write of number would replace",2,0,False,UNOWNED,not in pinned table,,absent
Refused,"a value of type CompilerOptions & { types: string[]; } seen as CompilerOptions, which can write string[] | undefined where string[] is read",2,0,False,UNOWNED,not in pinned table,,absent
Refused,"a value of type ConstructorDeclaration seen as Mutable<ConstructorDeclaration>, whose readonly field pos becomes writable: a readonly field may hold something narrower than number, which a write of number would replace",2,0,False,UNOWNED,not in pinned table,,absent
Refused,"a value of type ContinueStatement seen as TextRange | undefined, whose readonly field pos becomes writable: a readonly field may hold something narrower than number, which a write of number would replace",2,0,False,UNOWNED,not in pinned table,,absent
Refused,"a value of type DiagnosticWithLocation[] | undefined seen as DiagnosticRelatedInformation[] | undefined, which can write DiagnosticRelatedInformation where DiagnosticWithLocation is read",2,0,False,UNOWNED,not in pinned table,,absent
Refused,"a value of type ElementAccessExpression seen as TextRange, whose readonly field pos becomes writable: a readonly field may hold something narrower than number, which a write of number would replace",2,0,False,UNOWNED,not in pinned table,,absent
Refused,"a value of type FutureSourceFile | SourceFile seen as Pick<SourceFile, ""fileName"" | ""impliedNodeFormat"" | ""packageJsonScope"">, whose readonly field fileName becomes writable: a readonly field may hold something narrower than string, which a write of string would replace",2,0,False,UNOWNED,not in pinned table,,absent
Refused,"a value of type Identifier seen as Mutable<Identifier>, whose readonly field pos becomes writable: a readonly field may hold something narrower than number, which a write of number would replace",2,2,False,UNOWNED,not in pinned table,,absent
Refused,"a value of type Identifier[] | undefined seen as ModuleExportName[] | undefined, which can write ModuleExportName where Identifier is read",2,0,False,UNOWNED,not in pinned table,,absent
Refused,"a value of type MissingDeclaration seen as Mutable<MissingDeclaration>, whose readonly field pos becomes writable: a readonly field may hold something narrower than number, which a write of number would replace",2,2,False,UNOWNED,not in pinned table,,absent
Refused,"a value of type ModifierLike seen as Mutable<Node>, whose readonly field pos becomes writable: a readonly field may hold something narrower than number, which a write of number would replace",2,0,False,UNOWNED,not in pinned table,,absent
Refused,"a value of type ModuleSpecifierResolutionHost & ModuleResolutionHost seen as ModuleResolutionHost, which can write boolean | (() => boolean) | undefined where (() => boolean) & (boolean | (() => boolean) | undefined) is read",2,0,False,UNOWNED,not in pinned table,,absent
Refused,"a value of type Node seen as Node | TextRange, whose readonly field pos becomes writable: a readonly field may hold something narrower than number, which a write of number would replace",2,0,False,UNOWNED,not in pinned table,,absent
Refused,"a value of type Node | TextRange seen as TextRange, whose readonly field pos becomes writable: a readonly field may hold something narrower than number, which a write of number would replace",2,0,False,UNOWNED,not in pinned table,,absent
Refused,"a value of type NumericLiteral seen as Mutable<LiteralExpression>, whose readonly field pos becomes writable: a readonly field may hold something narrower than number, which a write of number would replace",2,0,False,UNOWNED,not in pinned table,,absent
Refused,"a value of type ReturnStatement seen as TextRange | undefined, whose readonly field pos becomes writable: a readonly field may hold something narrower than number, which a write of number would replace",2,0,False,UNOWNED,not in pinned table,,absent
Refused,"a value of type SourceFile seen as EmitNode | undefined, whose readonly field flags becomes writable: a readonly field may hold something narrower than NodeFlags, which a write of EmitFlags would replace",2,0,False,UNOWNED,not in pinned table,,absent
Refused,"a value of type Statement seen as TextRange | undefined, whose readonly field pos becomes writable: a readonly field may hold something narrower than number, which a write of number would replace",2,0,False,UNOWNED,not in pinned table,,absent
Refused,"a value of type Symbol[] seen as unknown[], which can write unknown where Symbol is read",2,0,False,UNOWNED,not in pinned table,,absent
Refused,"a value of type T seen as TextRange, whose readonly field pos becomes writable: a readonly field may hold something narrower than number, which a write of number would replace",2,0,False,UNOWNED,not in pinned table,,absent
Refused,"a value of type Type[] seen as unknown[], which can write unknown where Type is read",2,0,False,UNOWNED,not in pinned table,,absent
Refused,"a value of type VariableDeclaration seen as SourceMapRange | undefined, whose readonly field pos becomes writable: a readonly field may hold something narrower than number, which a write of number would replace",2,0,False,UNOWNED,not in pinned table,,absent
Refused,"a value of type VariableStatement seen as SourceMapRange | undefined, whose readonly field pos becomes writable: a readonly field may hold something narrower than number, which a write of number would replace",2,0,False,UNOWNED,not in pinned table,,absent
Refused,"a value of type never[] seen as ChildDirectoryWatcher[], which can write ChildDirectoryWatcher where never is read",2,0,False,UNOWNED,not in pinned table,,absent
Refused,"a value of type never[] seen as SourceFile[], which can write SourceFile where never is read",2,0,False,UNOWNED,not in pinned table,,absent
Refused,"a value of type never[] seen as StringLiteralLike[], which can write StringLiteralLike where never is read",2,0,False,UNOWNED,not in pinned table,,absent
Refused,"a value of type readonly DiagnosticWithLocation[] seen as readonly Diagnostic[] | undefined, which can write SourceFile | undefined where SourceFile is read",2,0,False,UNOWNED,not in pinned table,,absent
Refused,"a value of type readonly DiagnosticWithLocation[] seen as readonly Diagnostic[], which can write SourceFile | undefined where SourceFile is read",2,0,False,UNOWNED,not in pinned table,,absent
Refused,"a value of type string[] | PluginImport[] | ProjectReference[] | (string | number)[] seen as unknown[], which can write unknown where string is read",2,0,False,UNOWNED,not in pinned table,,absent
Refused,"a value of type typeof import(""/workspace/stage3-scoreboard-tmp/main-adapted/src/compiler/_namespaces/ts"") seen as Record<""FlowFlags"", Record<string, string | number>>, which can write Record<string, string | number> where typeof FlowFlags is read",2,1,False,UNOWNED,not in pinned table,,absent
Refused,an unproven relation from Declaration to NamedDeclaration: optional field name has no proven compatible presence/type,2,0,False,UNOWNED,not in pinned table,,absent
Refused,an unproven relation from ObjectType to AnonymousType: optional field target has no proven compatible presence/type,2,2,False,UNOWNED,not in pinned table,,absent
Refused,an unproven relation from Type to SyntheticDefaultModuleType: optional field syntheticType has no proven compatible presence/type,2,0,False,UNOWNED,not in pinned table,,absent
Refused,an unproven relation from Type to TypeVariable: optional field constraint has no proven compatible presence/type,2,0,False,UNOWNED,not in pinned table,,absent
Refused,an unproven value assigned to a numeric literal or enum member slot SyntaxKind.FunctionExpression,2,0,False,UNOWNED,not in pinned table,,absent
Refused,an unproven value assigned to a numeric literal or enum member slot SyntaxKind.NoSubstitutionTemplateLiteral | SyntaxKind.TemplateHead | SyntaxKind.TemplateMiddle | SyntaxKind.TemplateTail,2,0,False,UNOWNED,not in pinned table,,absent
Refused,an unproven value assigned to a numeric literal or enum member slot SyntaxKind.WithKeyword | SyntaxKind.AssertKeyword,2,0,False,UNOWNED,not in pinned table,,absent
Refused,delete,2,0,False,UNOWNED,not in pinned table,,absent
Refused,"optional property all in CompilerOptions absent from structural source {}, which can hide fields",2,0,False,UNOWNED,not in pinned table,,absent
Refused,"optional property constraint in TypeParameter absent from structural source InterfaceType, which can hide fields",2,0,False,UNOWNED,not in pinned table,,absent
Refused,"optional property equalsToken in ShorthandPropertyAssignment absent from structural source never, which can hide fields",2,0,False,UNOWNED,not in pinned table,,absent
Refused,"optional property id in NamedExports absent from structural source never, which can hide fields",2,0,False,UNOWNED,not in pinned table,,absent
Refused,"optional property modifiers in GetAccessorDeclaration absent from structural source never, which can hide fields",2,0,False,UNOWNED,not in pinned table,,absent
Refused,"optional property packageJsonScope in Pick<SourceFile, ""fileName"" | ""impliedNodeFormat"" | ""packageJsonScope""> absent from structural source Pick<SourceFile, ""fileName"" | ""impliedNodeFormat"">, which can hide fields",2,0,False,UNOWNED,not in pinned table,,absent
Refused,"optional property return in ArrayIterator<Diagnostic> absent from structural source ArrayIterator<DiagnosticWithLocation>, which can hide fields",2,0,False,UNOWNED,not in pinned table,,absent
Refused,"optional property return in ArrayIterator<Node> absent from structural source ArrayIterator<JSDocTag>, which can hide fields",2,0,False,UNOWNED,not in pinned table,,absent
Refused,"optional property return in ArrayIterator<Node> absent from structural source ArrayIterator<TemplateLiteralTypeSpan>, which can hide fields",2,0,False,UNOWNED,not in pinned table,,absent
Refused,"optional property templateFlags in NoSubstitutionTemplateLiteral absent from structural source never, which can hide fields",2,0,False,UNOWNED,not in pinned table,,absent
Refused,"optional property textSourceNode in StringLiteral absent from structural source never, which can hide fields",2,0,False,UNOWNED,not in pinned table,,absent
NotYet,Array as a value outside equality or typeof (overloaded calls and static properties need their own representation),1,1,False,UNOWNED,not in pinned table,,absent
NotYet,a Map of RedirectsCacheKey,1,1,False,UNOWNED,not in pinned table,,absent
NotYet,a call to an Identifier,1,1,False,UNOWNED,not in pinned table,,absent
NotYet,"a field of type ""circularity"" | boolean",1,1,False,UNOWNED,not in pinned table,,absent
NotYet,a field of type EmitSignature | undefined,1,1,False,UNOWNED,not in pinned table,,absent
NotYet,a field of type false | Type | undefined,1,1,False,UNOWNED,not in pinned table,,absent
NotYet,a field of type false | VersionPaths,1,1,False,UNOWNED,not in pinned table,,absent
NotYet,a field of type false | VersionPaths | undefined,1,1,False,UNOWNED,not in pinned table,,absent
NotYet,"a function returning CacheWithRedirects<K, V>",1,1,False,UNOWNED,not in pinned table,,absent
NotYet,a function returning IncrementalBuildInfoFileId,1,1,False,UNOWNED,not in pinned table,,absent
NotYet,a function returning IncrementalBuildInfoFileIdListId,1,1,False,UNOWNED,not in pinned table,,absent
NotYet,a function returning RedirectsCacheKey,1,1,False,UNOWNED,not in pinned table,,absent
NotYet,a function returning T | T[] | undefined,1,1,False,UNOWNED,not in pinned table,,absent
NotYet,a function returning never,1,1,False,UNOWNED,not in pinned table,,absent
NotYet,a literal method through a view that erases its receiver,1,1,False,UNOWNED,not in pinned table,,absent
NotYet,a mutable namespace export; use a module or export functions around private state,1,0,False,UNOWNED,not in pinned table,,absent
NotYet,a namespace binding without a plain initialized name,1,0,False,UNOWNED,not in pinned table,,absent
NotYet,a non-accessor method in an accessor literal,1,1,False,UNOWNED,not in pinned table,,absent
NotYet,a reopened namespace or namespace merged with a runtime value; put the declarations in one namespace or use a module,1,0,False,UNOWNED,not in pinned table,,absent
NotYet,a value of type ElementWithComputedPropertyName,1,1,False,UNOWNED,not in pinned table,,absent
NotYet,a value of type ExportDeclaration & { readonly exportClause: NamedExports; },1,1,False,UNOWNED,not in pinned table,,absent
NotYet,a value of type Identifier | PrivateIdentifier | __String,1,1,False,UNOWNED,not in pinned table,,absent
NotYet,a value of type IncrementalBuildInfoFileIdListId,1,1,False,UNOWNED,not in pinned table,,absent
NotYet,a value of type IncrementalBuildInfoFilePendingEmit,1,1,False,UNOWNED,not in pinned table,,absent
NotYet,"a value of type Map<string, SingleFileWatcher<T>>",1,1,False,UNOWNED,not in pinned table,,absent
NotYet,a value of type ModeAwareCacheKey,1,1,False,UNOWNED,not in pinned table,,absent
NotYet,a value of type NodeArray<T> | undefined,1,1,False,UNOWNED,not in pinned table,,absent
NotYet,a value of type PathPathComponents,1,1,False,UNOWNED,not in pinned table,,absent
NotYet,a value of type RedirectsCacheKey | undefined,1,1,False,UNOWNED,not in pinned table,,absent
NotYet,a value of type ReferencedFile & { kind: FileIncludeKind.LibReferenceDirective; },1,1,False,UNOWNED,not in pinned table,,absent
NotYet,a value of type T | T[],1,1,False,UNOWNED,not in pinned table,,absent
NotYet,a value of type T | null | undefined,1,1,False,UNOWNED,not in pinned table,,absent
NotYet,a value of type T | readonly T[],1,1,False,UNOWNED,not in pinned table,,absent
NotYet,a value of type __String & string,1,1,False,UNOWNED,not in pinned table,,absent
NotYet,a value of type readonly (readonly T[])[],1,1,False,UNOWNED,not in pinned table,,absent
NotYet,a value of type undefined,1,1,False,UNOWNED,not in pinned table,,absent
NotYet,a value of type { getModifiedTime: (path: string) => Date | undefined; },1,1,False,UNOWNED,not in pinned table,,absent
NotYet,"an array of number | ""_""",1,1,False,UNOWNED,not in pinned table,,absent
NotYet,"apply without a dense argument literal (length, presence and argument representations must be proven)",1,1,False,UNOWNED,not in pinned table,,absent
NotYet,overload 1 of or with a non-array implementation rest parameter,1,1,False,UNOWNED,not in pinned table,,absent
NotYet,reading abstractSignatures,1,1,True,UNOWNED,not in pinned table,,absent
NotYet,reading accessExpression,1,1,True,UNOWNED,not in pinned table,,absent
NotYet,reading accessModifier,1,1,True,UNOWNED,not in pinned table,,absent
NotYet,reading accessor,1,1,True,UNOWNED,not in pinned table,,absent
NotYet,reading activeLabel,1,1,True,UNOWNED,not in pinned table,,absent
NotYet,reading addUndefinedForParameter,1,1,True,UNOWNED,not in pinned table,,absent
NotYet,reading affectedFilesIndex,1,1,True,UNOWNED,not in pinned table,,absent
NotYet,reading allSetOptions,1,1,True,UNOWNED,not in pinned table,,absent
NotYet,reading annotationSymbol,1,1,True,UNOWNED,not in pinned table,,absent
NotYet,reading augmentation,1,1,True,UNOWNED,not in pinned table,,absent
NotYet,reading b1,1,1,True,UNOWNED,not in pinned table,,absent
NotYet,reading baseConstraintMapper,1,1,True,UNOWNED,not in pinned table,,absent
NotYet,reading baseConstructorType,1,1,True,UNOWNED,not in pinned table,,absent
NotYet,reading baseName,1,1,True,UNOWNED,not in pinned table,,absent
NotYet,reading baseTypeNodes,1,1,True,UNOWNED,not in pinned table,,absent
NotYet,reading bases,1,1,True,UNOWNED,not in pinned table,,absent
NotYet,reading best,1,1,True,UNOWNED,not in pinned table,,absent
NotYet,reading bestMatch,1,1,True,UNOWNED,not in pinned table,,absent
NotYet,reading binaryExpression,1,1,True,UNOWNED,not in pinned table,,absent
NotYet,reading bindingTarget,1,1,True,UNOWNED,not in pinned table,,absent
NotYet,reading cachedDiagnostics,1,1,True,UNOWNED,not in pinned table,,absent
NotYet,reading cachedResolvedSignatures,1,1,True,UNOWNED,not in pinned table,,absent
NotYet,reading cachedResult,1,1,True,UNOWNED,not in pinned table,,absent
NotYet,reading cachedTypes,1,1,True,UNOWNED,not in pinned table,,absent
NotYet,reading candidateDirectories,1,1,True,UNOWNED,not in pinned table,,absent
NotYet,reading ch1,1,1,True,UNOWNED,not in pinned table,,absent
NotYet,reading ch2,1,1,True,UNOWNED,not in pinned table,,absent
NotYet,reading ch3,1,1,True,UNOWNED,not in pinned table,,absent
NotYet,reading chain1,1,1,True,UNOWNED,not in pinned table,,absent
NotYet,reading charCode,1,1,True,UNOWNED,not in pinned table,,absent
NotYet,reading checkTuples,1,1,True,UNOWNED,not in pinned table,,absent
NotYet,reading childFieldType,1,1,True,UNOWNED,not in pinned table,,absent
NotYet,reading childrenNameType,1,1,True,UNOWNED,not in pinned table,,absent
NotYet,reading classInstanceType,1,1,True,UNOWNED,not in pinned table,,absent
NotYet,reading classSymbol,1,1,True,UNOWNED,not in pinned table,,absent
NotYet,reading code2,1,1,True,UNOWNED,not in pinned table,,absent
NotYet,reading commonJSPropertyAccess,1,1,True,UNOWNED,not in pinned table,,absent
NotYet,reading compilerOptionsProperty,1,1,True,UNOWNED,not in pinned table,,absent
NotYet,reading computedPropertyName,1,1,True,UNOWNED,not in pinned table,,absent
NotYet,reading conditional,1,1,True,UNOWNED,not in pinned table,,absent
NotYet,reading constraintDeclaration,1,1,True,UNOWNED,not in pinned table,,absent
NotYet,reading containingClassDecl,1,1,True,UNOWNED,not in pinned table,,absent
NotYet,reading contextSpecifier,1,1,True,UNOWNED,not in pinned table,,absent
NotYet,reading converters,1,1,True,UNOWNED,not in pinned table,,absent
NotYet,reading createNodeArray,1,1,True,UNOWNED,not in pinned table,,absent
NotYet,reading createProgramOptionsHost,1,1,True,UNOWNED,not in pinned table,,absent
NotYet,reading currentOptions,1,1,True,UNOWNED,not in pinned table,,absent
NotYet,reading defaultExportSymbol,1,1,True,UNOWNED,not in pinned table,,absent
NotYet,reading defaultReplaced,1,1,True,UNOWNED,not in pinned table,,absent
NotYet,reading delim,1,1,True,UNOWNED,not in pinned table,,absent
NotYet,reading directory,1,1,True,UNOWNED,not in pinned table,,absent
NotYet,reading directoryStart,1,1,True,UNOWNED,not in pinned table,,absent
NotYet,reading disposeScope,1,1,True,UNOWNED,not in pinned table,,absent
NotYet,reading effectiveEnclosingContext,1,1,True,UNOWNED,not in pinned table,,absent
NotYet,reading elementAccess,1,1,True,UNOWNED,not in pinned table,,absent
NotYet,reading emitSignature,1,1,True,UNOWNED,not in pinned table,,absent
NotYet,reading enter,1,1,True,UNOWNED,not in pinned table,,absent
NotYet,reading enumType,1,1,True,UNOWNED,not in pinned table,,absent
NotYet,reading equivalentFileSymbol,1,1,True,UNOWNED,not in pinned table,,absent
NotYet,reading errorBindingElement,1,1,True,UNOWNED,not in pinned table,,absent
NotYet,reading excludedProperties,1,1,True,UNOWNED,not in pinned table,,absent
NotYet,reading exit,1,1,True,UNOWNED,not in pinned table,,absent
NotYet,reading exportDecl,1,1,True,UNOWNED,not in pinned table,,absent
NotYet,reading exportEqualsSymbol,1,1,True,UNOWNED,not in pinned table,,absent
NotYet,reading exportStars,1,1,True,UNOWNED,not in pinned table,,absent
NotYet,reading expressions,1,1,True,UNOWNED,not in pinned table,,absent
NotYet,reading ext,1,1,True,UNOWNED,not in pinned table,,absent
NotYet,reading f1,1,1,True,UNOWNED,not in pinned table,,absent
NotYet,reading factory,1,1,True,UNOWNED,not in pinned table,,absent
NotYet,reading fakeSignature,1,1,True,UNOWNED,not in pinned table,,absent
NotYet,reading finalizeBoundary,1,1,True,UNOWNED,not in pinned table,,absent
NotYet,reading firstChar,1,1,True,UNOWNED,not in pinned table,,absent
NotYet,reading firstComponent,1,1,True,UNOWNED,not in pinned table,,absent
NotYet,reading forcedLookupLocation,1,1,True,UNOWNED,not in pinned table,,absent
NotYet,reading freshTypeParameter,1,1,True,UNOWNED,not in pinned table,,absent
NotYet,reading functionLocation,1,1,True,UNOWNED,not in pinned table,,absent
NotYet,reading hasInstanceProperty,1,1,True,UNOWNED,not in pinned table,,absent
NotYet,reading hasSignatures,1,1,True,UNOWNED,not in pinned table,,absent
NotYet,reading hasTransformableStatics,1,1,True,UNOWNED,not in pinned table,,absent
NotYet,reading ids,1,1,True,UNOWNED,not in pinned table,,absent
NotYet,reading ifStatement,1,1,True,UNOWNED,not in pinned table,,absent
NotYet,reading immediateContainer,1,1,True,UNOWNED,not in pinned table,,absent
NotYet,reading implementationSharesContainerWithFirstOverload,1,1,True,UNOWNED,not in pinned table,,absent
NotYet,reading importSource,1,1,True,UNOWNED,not in pinned table,,absent
NotYet,reading includeFileRegexes,1,1,True,UNOWNED,not in pinned table,,absent
NotYet,reading indexedType,1,1,True,UNOWNED,not in pinned table,,absent
NotYet,reading instantiationExpressionType,1,1,True,UNOWNED,not in pinned table,,absent
NotYet,reading intrinsicType,1,1,True,UNOWNED,not in pinned table,,absent
NotYet,reading isExportEquals,1,1,True,UNOWNED,not in pinned table,,absent
NotYet,reading isJavaScript,1,1,True,UNOWNED,not in pinned table,,absent
NotYet,reading isKnownProperty,1,1,True,UNOWNED,not in pinned table,,absent
NotYet,reading isLengthPushOrUnshift,1,1,True,UNOWNED,not in pinned table,,absent
NotYet,reading isPrototypeAssignment,1,1,True,UNOWNED,not in pinned table,,absent
NotYet,reading isSimpleLoop,1,1,True,UNOWNED,not in pinned table,,absent
NotYet,reading jsxChildrenPropertyName,1,1,True,UNOWNED,not in pinned table,,absent
NotYet,reading jsxFactoryNamespace,1,1,True,UNOWNED,not in pinned table,,absent
NotYet,reading labeledElementDeclarations,1,1,True,UNOWNED,not in pinned table,,absent
NotYet,reading laneCount,1,1,True,UNOWNED,not in pinned table,,absent
NotYet,reading lastCommentLine,1,1,True,UNOWNED,not in pinned table,,absent
NotYet,reading lastLeft,1,1,True,UNOWNED,not in pinned table,,absent
NotYet,reading leftColumnHeadingLength,1,1,True,UNOWNED,not in pinned table,,absent
NotYet,reading leftIsNumeric,1,1,True,UNOWNED,not in pinned table,,absent
NotYet,reading limitedConstraint,1,1,True,UNOWNED,not in pinned table,,absent
NotYet,reading literalValue,1,1,True,UNOWNED,not in pinned table,,absent
NotYet,reading localJsxNamespace,1,1,True,UNOWNED,not in pinned table,,absent
NotYet,reading localProps,1,1,True,UNOWNED,not in pinned table,,absent
NotYet,reading mapDirectory,1,1,True,UNOWNED,not in pinned table,,absent
NotYet,reading mappedTypeNode,1,1,True,UNOWNED,not in pinned table,,absent
NotYet,reading matchType,1,1,True,UNOWNED,not in pinned table,,absent
NotYet,reading missingPaths,1,1,True,UNOWNED,not in pinned table,,absent
NotYet,reading newConstraint,1,1,True,UNOWNED,not in pinned table,,absent
NotYet,reading newEndN,1,1,True,UNOWNED,not in pinned table,,absent
NotYet,reading noInferSymbol,1,1,True,UNOWNED,not in pinned table,,absent
NotYet,reading noSupertypeReduction,1,1,True,UNOWNED,not in pinned table,,absent
NotYet,reading nodeModulesDirectoryName,1,1,True,UNOWNED,not in pinned table,,absent
NotYet,reading numNodes,1,1,True,UNOWNED,not in pinned table,,absent
NotYet,reading o1,1,1,True,UNOWNED,not in pinned table,,absent
NotYet,reading oldEnclosing,1,1,True,UNOWNED,not in pinned table,,absent
NotYet,reading oldEndN,1,1,True,UNOWNED,not in pinned table,,absent
NotYet,reading oldStart2,1,1,True,UNOWNED,not in pinned table,,absent
NotYet,reading oldTime,1,1,True,UNOWNED,not in pinned table,,absent
NotYet,reading onProgramCreateComplete,1,1,True,UNOWNED,not in pinned table,,absent
NotYet,reading originalDirectoryExists,1,1,True,UNOWNED,not in pinned table,,absent
NotYet,reading originalGetDirectories,1,1,True,UNOWNED,not in pinned table,,absent
NotYet,reading originalRealpath,1,1,True,UNOWNED,not in pinned table,,absent
NotYet,reading packageName,1,1,True,UNOWNED,not in pinned table,,absent
NotYet,reading paramIdent,1,1,True,UNOWNED,not in pinned table,,absent
NotYet,reading paramType,1,1,True,UNOWNED,not in pinned table,,absent
NotYet,reading parameterSymbol,1,1,True,UNOWNED,not in pinned table,,absent
NotYet,reading parentDirectory,1,1,True,UNOWNED,not in pinned table,,absent
NotYet,reading parentName,1,1,True,UNOWNED,not in pinned table,,absent
NotYet,reading parenthesizerRules,1,1,True,UNOWNED,not in pinned table,,absent
NotYet,reading pathToTopLevelNodeModules,1,1,True,UNOWNED,not in pinned table,,absent
NotYet,reading prevSignature,1,1,True,UNOWNED,not in pinned table,,absent
NotYet,reading printList,1,1,True,UNOWNED,not in pinned table,,absent
NotYet,reading projectReferences,1,1,True,UNOWNED,not in pinned table,,absent
NotYet,reading propertyAccess,1,1,True,UNOWNED,not in pinned table,,absent
NotYet,reading prototypePropertyType,1,1,True,UNOWNED,not in pinned table,,absent
NotYet,reading prototypeSymbol,1,1,True,UNOWNED,not in pinned table,,absent
NotYet,reading prototypeType,1,1,True,UNOWNED,not in pinned table,,absent
NotYet,reading quick,1,1,True,UNOWNED,not in pinned table,,absent
NotYet,reading r,1,1,True,UNOWNED,not in pinned table,,absent
NotYet,reading rawName,1,1,True,UNOWNED,not in pinned table,,absent
NotYet,reading rawSources,1,1,True,UNOWNED,not in pinned table,,absent
NotYet,reading reexports,1,1,True,UNOWNED,not in pinned table,,absent
NotYet,reading referencedFileName,1,1,True,UNOWNED,not in pinned table,,absent
NotYet,reading replacements,1,1,True,UNOWNED,not in pinned table,,absent
NotYet,reading resolutionDiagnostic,1,1,True,UNOWNED,not in pinned table,,absent
NotYet,reading resolvedModuleNames,1,1,True,UNOWNED,not in pinned table,,absent
NotYet,reading resolver,1,1,True,UNOWNED,not in pinned table,,absent
NotYet,reading rest,1,1,True,UNOWNED,not in pinned table,,absent
NotYet,reading restSymbol,1,1,True,UNOWNED,not in pinned table,,absent
NotYet,reading resultFromDts,1,1,True,UNOWNED,not in pinned table,,absent
NotYet,reading rightIdentifier,1,1,True,UNOWNED,not in pinned table,,absent
NotYet,reading rootPathComponents,1,1,True,UNOWNED,not in pinned table,,absent
NotYet,reading rootResult,1,1,True,UNOWNED,not in pinned table,,absent
NotYet,reading scanner,1,1,True,UNOWNED,not in pinned table,,absent
NotYet,reading secondType,1,1,True,UNOWNED,not in pinned table,,absent
NotYet,reading segment,1,1,True,UNOWNED,not in pinned table,,absent
NotYet,reading separateBeginAndEnd,1,1,True,UNOWNED,not in pinned table,,absent
NotYet,reading shebang,1,1,True,UNOWNED,not in pinned table,,absent
NotYet,reading shouldEmitComments,1,1,True,UNOWNED,not in pinned table,,absent
NotYet,reading shouldEmitSourceMaps,1,1,True,UNOWNED,not in pinned table,,absent
NotYet,reading shouldResolveAlias,1,1,True,UNOWNED,not in pinned table,,absent
NotYet,reading shouldResolveFactoryReference,1,1,True,UNOWNED,not in pinned table,,absent
NotYet,reading shouldTransformInitializers,1,1,True,UNOWNED,not in pinned table,,absent
NotYet,reading shouldTransformInitializersUsingSet,1,1,True,UNOWNED,not in pinned table,,absent
NotYet,reading shouldTransformThisInStaticInitializers,1,1,True,UNOWNED,not in pinned table,,absent
NotYet,reading shouldWriteNativeEvents,1,1,True,UNOWNED,not in pinned table,,absent
NotYet,reading sigRestType,1,1,True,UNOWNED,not in pinned table,,absent
NotYet,reading signatureNextType,1,1,True,UNOWNED,not in pinned table,,absent
NotYet,reading sourceDiscriminantTypes,1,1,True,UNOWNED,not in pinned table,,absent
NotYet,reading sourceEnd,1,1,True,UNOWNED,not in pinned table,,absent
NotYet,reading sourceEndText,1,1,True,UNOWNED,not in pinned table,,absent
NotYet,reading sourceFileAbsolutePaths,1,1,True,UNOWNED,not in pinned table,,absent
NotYet,reading sourceInfos,1,1,True,UNOWNED,not in pinned table,,absent
NotYet,reading sourceMappingURL,1,1,True,UNOWNED,not in pinned table,,absent
NotYet,reading sourceOrigin,1,1,True,UNOWNED,not in pinned table,,absent
NotYet,reading sourceProp,1,1,True,UNOWNED,not in pinned table,,absent
NotYet,reading sourceProperty,1,1,True,UNOWNED,not in pinned table,,absent
NotYet,reading sourceStartText,1,1,True,UNOWNED,not in pinned table,,absent
NotYet,reading specialPropertyAssignmentKind,1,1,True,UNOWNED,not in pinned table,,absent
NotYet,reading startId,1,1,True,UNOWNED,not in pinned table,,absent
NotYet,reading stat,1,1,True,UNOWNED,not in pinned table,,absent
NotYet,reading subcontext,1,1,True,UNOWNED,not in pinned table,,absent
NotYet,reading suffix,1,1,True,UNOWNED,not in pinned table,,absent
NotYet,reading superCall,1,1,True,UNOWNED,not in pinned table,,absent
NotYet,reading sym,1,1,True,UNOWNED,not in pinned table,,absent
NotYet,reading symbolExport,1,1,True,UNOWNED,not in pinned table,,absent
NotYet,reading symbols,1,1,True,UNOWNED,not in pinned table,,absent
NotYet,reading syntacticBuilderResolver,1,1,True,UNOWNED,not in pinned table,,absent
NotYet,reading syntheticArgsSymbol,1,1,True,UNOWNED,not in pinned table,,absent
NotYet,reading targetOrigin,1,1,True,UNOWNED,not in pinned table,,absent
NotYet,reading targetStartText,1,1,True,UNOWNED,not in pinned table,,absent
NotYet,reading tempSources,1,1,True,UNOWNED,not in pinned table,,absent
NotYet,reading texts,1,1,True,UNOWNED,not in pinned table,,absent
NotYet,reading thenFunction,1,1,True,UNOWNED,not in pinned table,,absent
NotYet,reading thisParam,1,1,True,UNOWNED,not in pinned table,,absent
NotYet,reading throwDiagnostic,1,1,True,UNOWNED,not in pinned table,,absent
NotYet,reading tok,1,1,True,UNOWNED,not in pinned table,,absent
NotYet,reading trampoline,1,1,True,UNOWNED,not in pinned table,,absent
NotYet,reading trimmed,1,1,True,UNOWNED,not in pinned table,,absent
NotYet,reading typeElement,1,1,True,UNOWNED,not in pinned table,,absent
NotYet,reading typeKey,1,1,True,UNOWNED,not in pinned table,,absent
NotYet,reading typeKind,1,1,True,UNOWNED,not in pinned table,,absent
NotYet,reading typeNodes,1,1,True,UNOWNED,not in pinned table,,absent
NotYet,reading undefinedStrippedTarget,1,1,True,UNOWNED,not in pinned table,,absent
NotYet,reading valueParam,1,1,True,UNOWNED,not in pinned table,,absent
NotYet,reading variableDeclarator,1,1,True,UNOWNED,not in pinned table,,absent
NotYet,reading variance,1,1,True,UNOWNED,not in pinned table,,absent
NotYet,reading varianceFlags,1,1,True,UNOWNED,not in pinned table,,absent
NotYet,reading voidIsNonOptional,1,1,True,UNOWNED,not in pinned table,,absent
NotYet,replacing a namespace export; keep exported functions fixed and mutate private state through them,1,0,False,UNOWNED,not in pinned table,,absent
NotYet,storing Path | undefined in a field,1,1,False,UNOWNED,not in pinned table,,absent
NotYet,typed array element type Uint16Array,1,1,False,UNOWNED,not in pinned table,,absent
NotYet,var inside a namespace; use initialized private let or const,1,0,False,UNOWNED,not in pinned table,,absent
Refused,&&=,1,0,False,UNOWNED,not in pinned table,,absent
Refused,JSON.parse: its result's type can't be proven from the text,1,1,False,UNOWNED,not in pinned table,,absent
Refused,Object.setPrototypeOf,1,1,False,UNOWNED,not in pinned table,,absent
Refused,a constructor object escaping before static fields are initialized,1,1,False,UNOWNED,not in pinned table,,absent
Refused,"a function taking (...args: any[]) => void seen as one taking [callback: (...args: any[]) => void, ms: number, ...args: any[]] (tsc relates a method's parameters both ways), so it can be handed what it can't take",1,0,False,UNOWNED,not in pinned table,,absent
Refused,"a function taking NodeArray<Expression> seen as one taking readonly Expression[] (tsc relates a method's parameters both ways), so it can be handed what it can't take",1,0,False,UNOWNED,not in pinned table,,absent
Refused,"a function taking NodeArray<TypeNode> | undefined seen as one taking readonly TypeNode[] | undefined (tsc relates a method's parameters both ways), so it can be handed what it can't take",1,0,False,UNOWNED,not in pinned table,,absent
Refused,"a function taking SourceFile seen as one taking [file: SourceFile, options: CompilerOptions] (tsc relates a method's parameters both ways), so it can be handed what it can't take",1,0,False,UNOWNED,not in pinned table,,absent
Refused,"a function taking T seen as one taking string (tsc relates a method's parameters both ways), so it can be handed what it can't take",1,0,False,UNOWNED,not in pinned table,,absent
Refused,"a function taking [callback: (...args: any[]) => void, ms: number, ...args: any[]] seen as one taking (...args: any[]) => void (tsc relates a method's parameters both ways), so it can be handed what it can't take",1,0,False,UNOWNED,not in pinned table,,absent
Refused,"a function taking [fileName: string] seen as one taking string (tsc relates a method's parameters both ways), so it can be handed what it can't take",1,0,False,UNOWNED,not in pinned table,,absent
Refused,"a function taking [path: string, callback: DirectoryWatcherCallback, recursive?: boolean | undefined, options?: WatchOptions | undefined] seen as one taking string (tsc relates a method's parameters both ways), so it can be handed what it can't take",1,0,False,UNOWNED,not in pinned table,,absent
Refused,"a function taking [path: string, callback: FileWatcherCallback, pollingInterval?: number | undefined, options?: WatchOptions | undefined] seen as one taking string (tsc relates a method's parameters both ways), so it can be handed what it can't take",1,0,False,UNOWNED,not in pinned table,,absent
Refused,"a function taking [timeoutId: any] seen as one taking unknown (tsc relates a method's parameters both ways), so it can be handed what it can't take",1,0,False,UNOWNED,not in pinned table,,absent
Refused,"a function taking [writeByteOrderMark: boolean, onError?: ((message: string) => void) | undefined, sourceFiles?: readonly SourceFile[] | undefined, data?: WriteFileCallbackData | undefined] seen as one taking boolean (tsc relates a method's parameters both ways), so it can be handed what it can't take",1,0,False,UNOWNED,not in pinned table,,absent
Refused,"a function taking number seen as one taking any[] (tsc relates a method's parameters both ways), so it can be handed what it can't take",1,0,False,UNOWNED,not in pinned table,,absent
Refused,"a function taking readonly ParameterDeclaration[] seen as one taking readonly ParameterDeclaration[] | undefined (tsc relates a method's parameters both ways), so it can be handed what it can't take",1,0,False,UNOWNED,not in pinned table,,absent
Refused,"a function taking readonly T[] seen as one taking readonly T[] (tsc relates a method's parameters both ways), so it can be handed what it can't take",1,0,False,UNOWNED,not in pinned table,,absent
Refused,"a function taking string seen as one taking [path: string, callback: DirectoryWatcherCallback, recursive?: boolean | undefined, options?: WatchOptions | undefined] (tsc relates a method's parameters both ways), so it can be handed what it can't take",1,0,False,UNOWNED,not in pinned table,,absent
Refused,"a function taking string seen as one taking [path: string, callback: FileWatcherCallback, pollingInterval?: number | undefined, options?: WatchOptions | undefined] (tsc relates a method's parameters both ways), so it can be handed what it can't take",1,0,False,UNOWNED,not in pinned table,,absent
Refused,"a method read as a value (compare would lose its object, and this with it)",1,0,False,UNOWNED,not in pinned table,,absent
Refused,"a method read as a value (fill would lose its object, and this with it)",1,0,False,UNOWNED,not in pinned table,,absent
Refused,"a method read as a value (now would lose its object, and this with it)",1,0,False,UNOWNED,not in pinned table,,absent
Refused,"a method read as a value (repeat would lose its object, and this with it)",1,0,False,UNOWNED,not in pinned table,,absent
Refused,"a method read as a value (toString would lose its object, and this with it)",1,0,False,UNOWNED,not in pinned table,,absent
Refused,a spread after the first field,1,1,False,UNOWNED,not in pinned table,,absent
Refused,"a type argument makes a value of type (left: MappedPosition, right: MappedPosition) => boolean seen as EqualityComparer<SourceMappedPosition> | undefined, which can write string | undefined where string is read",1,1,False,UNOWNED,not in pinned table,,absent
Refused,a type predicate whose return is not proven (asserts cond needs a boolean parameter),1,0,False,UNOWNED,not in pinned table,,absent
Refused,a type predicate whose return is not proven (false return can still contain LateBoundDeclaration),1,0,False,UNOWNED,not in pinned table,,absent
Refused,a type predicate whose return is not proven (normal return has not narrowed value to NonNullable<T>),1,0,False,UNOWNED,not in pinned table,,absent
Refused,a type predicate whose return is not proven (return expression is not a trusted check on array),1,0,False,UNOWNED,not in pinned table,,absent
Refused,a type predicate whose return is not proven (return expression is not a trusted check on buildOrder),1,0,False,UNOWNED,not in pinned table,,absent
Refused,a type predicate whose return is not proven (return expression is not a trusted check on diagnostic),1,0,False,UNOWNED,not in pinned table,,absent
Refused,a type predicate whose return is not proven (return expression is not a trusted check on file),1,0,False,UNOWNED,not in pinned table,,absent
Refused,a type predicate whose return is not proven (return expression is not a trusted check on hostSourceFile),1,0,False,UNOWNED,not in pinned table,,absent
Refused,a type predicate whose return is not proven (return expression is not a trusted check on location),1,0,False,UNOWNED,not in pinned table,,absent
Refused,a type predicate whose return is not proven (return expression is not a trusted check on option),1,0,False,UNOWNED,not in pinned table,,absent
Refused,a type predicate whose return is not proven (return expression is not a trusted check on options),1,0,False,UNOWNED,not in pinned table,,absent
Refused,a type predicate whose return is not proven (return expression is not a trusted check on p),1,0,False,UNOWNED,not in pinned table,,absent
Refused,a type predicate whose return is not proven (return expression is not a trusted check on program),1,0,False,UNOWNED,not in pinned table,,absent
Refused,a type predicate whose return is not proven (return expression is not a trusted check on sourceFile),1,0,False,UNOWNED,not in pinned table,,absent
Refused,a type predicate whose return is not proven (return expression is not a trusted check on symbol),1,0,False,UNOWNED,not in pinned table,,absent
Refused,a type predicate whose return is not proven (return expression is not a trusted check on x),1,0,False,UNOWNED,not in pinned table,,absent
Refused,a type predicate whose return is not proven (the body's true narrowing does not match null | undefined),1,0,False,UNOWNED,not in pinned table,,absent
Refused,a type predicate whose return is not proven (the predicate parameter is assigned),1,0,False,UNOWNED,not in pinned table,,absent
Refused,"a type predicate whose return is not proven (true return narrows to MappedPosition, not SourceMappedPosition)",1,0,False,UNOWNED,not in pinned table,,absent
Refused,"a type predicate whose return is not proven (true return narrows to Mapping, not SourceMapping)",1,0,False,UNOWNED,not in pinned table,,absent
Refused,"a type predicate whose return is not proven (true return narrows to ReusableBuilderProgramState, not BuilderProgramStateWithDefinedProgram)",1,0,False,UNOWNED,not in pinned table,,absent
Refused,"a value of type ((level: LogLevel) => boolean) | typeof log | (() => AssertionLevel) | ((level: AssertionLevel) => void) | ((level: AssertionLevel) => boolean) | ... 45 more ... | ... seen as AnyFunction, which can write void where boolean is read",1,0,False,UNOWNED,not in pinned table,,absent
Refused,"a value of type ((node: PrivateIdentifierPropertyDeclaration, modifiers: ModifiersArray | undefined) => ObjectLiteralExpression) | undefined seen as ((node: PropertyDeclaration & { readonly name: PrivateIdentifier; }, modifiers: ModifiersArray | undefined) => Expression) | undefined, whose readonly field name becomes writable: a readonly field may hold something narrower than PrivateIdentifier, which a write of PrivateIdentifier would replace",1,0,False,UNOWNED,not in pinned table,,absent
Refused,"a value of type () => { diagnosticMessage: DiagnosticMessage; errorNode: ExportAssignment; } seen as GetSymbolAccessibilityDiagnostic, which can write Node where ExportAssignment is read",1,0,False,UNOWNED,not in pinned table,,absent
Refused,"a value of type (AbstractKeyword | AccessorKeyword | AsyncKeyword | ConstKeyword | DeclareKeyword | Decorator | ... 7 more ... | StaticKeyword)[] | undefined seen as Node[] | undefined, which can write Node where AbstractKeyword | AccessorKeyword | AsyncKeyword | ConstKeyword | DeclareKeyword | Decorator | ... 7 more ... | StaticKeyword is read",1,0,False,UNOWNED,not in pinned table,,absent
Refused,"a value of type (left: MappedPosition, right: MappedPosition) => boolean seen as EqualityComparer<SourceMappedPosition> | undefined, which can write string | undefined where string is read",1,0,False,UNOWNED,not in pinned table,,absent
Refused,"a value of type (node: PrivateIdentifierGetAccessorDeclaration, modifiers: ModifiersArray | undefined) => ObjectLiteralExpression seen as ((node: GetAccessorDeclaration & { readonly name: PrivateIdentifier; }, modifiers: ModifiersArray | undefined) => Expression) | undefined, whose readonly field name becomes writable: a readonly field may hold something narrower than PrivateIdentifier, which a write of PrivateIdentifier would replace",1,0,False,UNOWNED,not in pinned table,,absent
Refused,"a value of type (node: PrivateIdentifierMethodDeclaration, modifiers: ModifiersArray | undefined) => ObjectLiteralExpression seen as ((node: MethodDeclaration & { readonly name: PrivateIdentifier; }, modifiers: ModifiersArray | undefined) => Expression) | undefined, whose readonly field name becomes writable: a readonly field may hold something narrower than PrivateIdentifier, which a write of PrivateIdentifier would replace",1,0,False,UNOWNED,not in pinned table,,absent
Refused,"a value of type (node: PrivateIdentifierSetAccessorDeclaration, modifiers: ModifiersArray | undefined) => ObjectLiteralExpression seen as ((node: SetAccessorDeclaration & { readonly name: PrivateIdentifier; }, modifiers: ModifiersArray | undefined) => Expression) | undefined, whose readonly field name becomes writable: a readonly field may hold something narrower than PrivateIdentifier, which a write of PrivateIdentifier would replace",1,0,False,UNOWNED,not in pinned table,,absent
Refused,"a value of type (symbol: Symbol) => { visitedTypes: Type[]; visitedSymbols: Symbol[]; } seen as (root: Symbol) => { visitedTypes: readonly Type[]; visitedSymbols: readonly Symbol[]; }, which can write readonly Type[] where Type[] is read",1,0,False,UNOWNED,not in pinned table,,absent
Refused,"a value of type (symbolAccessibilityResult: SymbolAccessibilityResult) => { diagnosticMessage: DiagnosticMessage; errorNode: DeclarationDiagnosticProducing; typeName: DeclarationName | undefined; } | undefined seen as (symbolAccessibilityResult: SymbolAccessibilityResult) => SymbolAccessibilityDiagnostic | undefined, which can write Node where DeclarationDiagnosticProducing is read",1,0,False,UNOWNED,not in pinned table,,absent
Refused,"a value of type (type: Type) => { visitedTypes: Type[]; visitedSymbols: Symbol[]; } seen as (root: Type) => { visitedTypes: readonly Type[]; visitedSymbols: readonly Symbol[]; }, which can write readonly Type[] where Type[] is read",1,0,False,UNOWNED,not in pinned table,,absent
Refused,"a value of type (value: TIn) => value is TOut seen as AnyFunction, which can write void where boolean is read",1,0,False,UNOWNED,not in pinned table,,absent
Refused,"a value of type BigIntLiteral | ComputedPropertyName | GeneratedIdentifier | NoSubstitutionTemplateLiteral | NumericLiteral | PrivateIdentifier | StringLiteral seen as Node, whose readonly field emitNode becomes writable: a readonly field may hold something narrower than EmitNode & { autoGenerate: AutoGenerateInfo; }, which a write of EmitNode | undefined would replace",1,0,False,UNOWNED,not in pinned table,,absent
Refused,"a value of type BigIntLiteral | ComputedPropertyName | GeneratedIdentifier | NoSubstitutionTemplateLiteral | NumericLiteral | StringLiteral seen as Node, whose readonly field emitNode becomes writable: a readonly field may hold something narrower than EmitNode & { autoGenerate: AutoGenerateInfo; }, which a write of EmitNode | undefined would replace",1,0,False,UNOWNED,not in pinned table,,absent
Refused,"a value of type BinaryExpression seen as TextRange | undefined, whose readonly field pos becomes writable: a readonly field may hold something narrower than number, which a write of number would replace",1,0,False,UNOWNED,not in pinned table,,absent
Refused,"a value of type BindingName seen as SourceMapRange | undefined, whose readonly field pos becomes writable: a readonly field may hold something narrower than number, which a write of number would replace",1,0,False,UNOWNED,not in pinned table,,absent
Refused,"a value of type ClassDeclaration seen as SourceMapRange | undefined, whose readonly field pos becomes writable: a readonly field may hold something narrower than number, which a write of number would replace",1,0,False,UNOWNED,not in pinned table,,absent
Refused,"a value of type ClassDeclaration | FunctionDeclaration seen as TextRange | undefined, whose readonly field pos becomes writable: a readonly field may hold something narrower than number, which a write of number would replace",1,0,False,UNOWNED,not in pinned table,,absent
Refused,"a value of type CompilerHost seen as CompilerHostLikeForCache, which can write WriteFileCallback | undefined where WriteFileCallback is read",1,0,False,UNOWNED,not in pinned table,,absent
Refused,"a value of type DestructuringAssignment seen as TextRange, whose readonly field pos becomes writable: a readonly field may hold something narrower than number, which a write of number would replace",1,0,False,UNOWNED,not in pinned table,,absent
Refused,"a value of type DiagnosticMessageChain | { messageText: string; category: DiagnosticCategory; code: number; repopulateInfo?: () => RepopulateDiagnosticChainInfo; canonicalHead?: CanonicalDiagnostic; next: ... | undefined; } seen as ReusableDiagnosticMessageChain, which can write ReusableDiagnosticMessageChain[] | undefined where DiagnosticMessageChain[] | undefined is read",1,0,False,UNOWNED,not in pinned table,,absent
Refused,"a value of type DiagnosticMessageChain[] seen as ReusableDiagnosticMessageChain[], which can write ReusableDiagnosticMessageChain where DiagnosticMessageChain is read",1,0,False,UNOWNED,not in pinned table,,absent
Refused,"a value of type DiagnosticMessageChain[] seen as ReusableDiagnosticMessageChain[], which can write ReusableDiagnosticMessageChain[] | undefined where DiagnosticMessageChain[] | undefined is read",1,0,False,UNOWNED,not in pinned table,,absent
Refused,"a value of type EnumDeclaration | ModuleDeclaration seen as TextRange, whose readonly field pos becomes writable: a readonly field may hold something narrower than number, which a write of number would replace",1,0,False,UNOWNED,not in pinned table,,absent
Refused,"a value of type ExportAssignment seen as TextRange | undefined, whose readonly field pos becomes writable: a readonly field may hold something narrower than number, which a write of number would replace",1,0,False,UNOWNED,not in pinned table,,absent
Refused,"a value of type Expression | GeneratedIdentifier seen as Expression | undefined, whose readonly field emitNode becomes writable: a readonly field may hold something narrower than EmitNode & { autoGenerate: AutoGenerateInfo; }, which a write of EmitNode | undefined would replace",1,0,False,UNOWNED,not in pinned table,,absent
Refused,"a value of type Expression | GeneratedIdentifier seen as Expression, whose readonly field emitNode becomes writable: a readonly field may hold something narrower than EmitNode & { autoGenerate: AutoGenerateInfo; }, which a write of EmitNode | undefined would replace",1,0,False,UNOWNED,not in pinned table,,absent
Refused,"a value of type Extension[] seen as string[], which can write string where Extension is read",1,0,False,UNOWNED,not in pinned table,,absent
Refused,"a value of type FlowArrayMutation | FlowAssignment | FlowCall | FlowCondition | FlowLabel | FlowReduceLabel | FlowStart | FlowUnreachable seen as FlowNode, which can write BindingElement | Expression | VariableDeclaration where BinaryExpression | CallExpression is read",1,0,False,UNOWNED,not in pinned table,,absent
Refused,"a value of type GeneratedIdentifier seen as Expression | GeneratedIdentifier, whose readonly field emitNode becomes writable: a readonly field may hold something narrower than EmitNode & { autoGenerate: AutoGenerateInfo; }, which a write of EmitNode | undefined would replace",1,0,False,UNOWNED,not in pinned table,,absent
Refused,"a value of type GeneratedIdentifier seen as GeneratedIdentifier | Identifier, whose readonly field emitNode becomes writable: a readonly field may hold something narrower than EmitNode & { autoGenerate: AutoGenerateInfo; }, which a write of EmitNode | undefined would replace",1,0,False,UNOWNED,not in pinned table,,absent
Refused,"a value of type GeneratedIdentifier | GeneratedPrivateIdentifier seen as GeneratedIdentifier | GeneratedPrivateIdentifier | Node, whose readonly field emitNode becomes writable: a readonly field may hold something narrower than EmitNode & { autoGenerate: AutoGenerateInfo; }, which a write of EmitNode | undefined would replace",1,0,False,UNOWNED,not in pinned table,,absent
Refused,"a value of type GeneratedIdentifier | GeneratedPrivateIdentifier | Identifier | PrivateIdentifier seen as Identifier | PrivateIdentifier, whose readonly field emitNode becomes writable: a readonly field may hold something narrower than EmitNode & { autoGenerate: AutoGenerateInfo; }, which a write of EmitNode | undefined would replace",1,0,False,UNOWNED,not in pinned table,,absent
Refused,"a value of type GeneratedIdentifier | Identifier seen as GeneratedIdentifier | Identifier | undefined, whose readonly field emitNode becomes writable: a readonly field may hold something narrower than EmitNode & { autoGenerate: AutoGenerateInfo; }, which a write of EmitNode | undefined would replace",1,0,False,UNOWNED,not in pinned table,,absent
Refused,"a value of type GeneratedIdentifier | Identifier seen as Identifier | undefined, whose readonly field emitNode becomes writable: a readonly field may hold something narrower than EmitNode & { autoGenerate: AutoGenerateInfo; }, which a write of EmitNode | undefined would replace",1,0,False,UNOWNED,not in pinned table,,absent
Refused,"a value of type GeneratedIdentifier | Identifier seen as string | BindingName, whose readonly field emitNode becomes writable: a readonly field may hold something narrower than EmitNode & { autoGenerate: AutoGenerateInfo; }, which a write of EmitNode | undefined would replace",1,0,False,UNOWNED,not in pinned table,,absent
Refused,"a value of type GeneratedIdentifier | Identifier seen as string | GeneratedIdentifier | Identifier, whose readonly field emitNode becomes writable: a readonly field may hold something narrower than EmitNode & { autoGenerate: AutoGenerateInfo; }, which a write of EmitNode | undefined would replace",1,0,False,UNOWNED,not in pinned table,,absent
Refused,"a value of type GeneratedIdentifier | Identifier | undefined seen as string | ModuleExportName | undefined, whose readonly field emitNode becomes writable: a readonly field may hold something narrower than EmitNode & { autoGenerate: AutoGenerateInfo; }, which a write of EmitNode | undefined would replace",1,0,False,UNOWNED,not in pinned table,,absent
Refused,"a value of type GetAccessorDeclaration | SetAccessorDeclaration seen as Mutable<AccessorDeclaration>, whose readonly field pos becomes writable: a readonly field may hold something narrower than number, which a write of number would replace",1,1,False,UNOWNED,not in pinned table,,absent
Refused,"a value of type Identifier[] seen as ModuleExportName[] | undefined, which can write ModuleExportName where Identifier is read",1,0,False,UNOWNED,not in pinned table,,absent
Refused,"a value of type ImportEqualsDeclaration seen as TextRange | undefined, whose readonly field pos becomes writable: a readonly field may hold something narrower than number, which a write of number would replace",1,0,False,UNOWNED,not in pinned table,,absent
Refused,"a value of type InitializedVariableDeclaration seen as SourceMapRange | undefined, whose readonly field pos becomes writable: a readonly field may hold something narrower than number, which a write of number would replace",1,0,False,UNOWNED,not in pinned table,,absent
Refused,"a value of type Map<Path, Diagnostic[]> seen as Map<Path, readonly Diagnostic[]> | undefined, which can write readonly Diagnostic[] where Diagnostic[] is read",1,0,False,UNOWNED,not in pinned table,,absent
Refused,"a value of type Map<Path, DirectoryWatchesOfFailedLookup> seen as Map<string, DirectoryWatchesOfFailedLookup>, which can write string where Path is read",1,0,False,UNOWNED,not in pinned table,,absent
Refused,"a value of type Map<Path, FileWatcher> seen as Map<string, FileWatcher>, which can write string where Path is read",1,0,False,UNOWNED,not in pinned table,,absent
Refused,"a value of type Map<Path, ModeAwareCache<CachedResolvedModuleWithFailedLookupLocations>> seen as Map<string, ModeAwareCache<CachedResolvedModuleWithFailedLookupLocations>>, which can write string where Path is read",1,0,False,UNOWNED,not in pinned table,,absent
Refused,"a value of type Map<Path, ModeAwareCache<CachedResolvedTypeReferenceDirectiveWithFailedLookupLocations>> seen as Map<string, ModeAwareCache<CachedResolvedTypeReferenceDirectiveWithFailedLookupLocations>>, which can write string where Path is read",1,0,False,UNOWNED,not in pinned table,,absent
Refused,"a value of type Map<Path, string[]> seen as InvokeMap, which can write true | string[] where string[] is read",1,0,False,UNOWNED,not in pinned table,,absent
Refused,"a value of type Map<ResolvedConfigFilePath, BuildInfoCacheEntry> seen as Map<ResolvedConfigFilePath, unknown>, which can write unknown where BuildInfoCacheEntry is read",1,0,False,UNOWNED,not in pinned table,,absent
Refused,"a value of type Map<ResolvedConfigFilePath, ConfigFileCacheEntry> seen as Map<ResolvedConfigFilePath, unknown>, which can write unknown where ConfigFileCacheEntry is read",1,0,False,UNOWNED,not in pinned table,,absent
Refused,"a value of type Map<ResolvedConfigFilePath, Map<Path, Date>> seen as Map<ResolvedConfigFilePath, unknown>, which can write unknown where Map<Path, Date> is read",1,0,False,UNOWNED,not in pinned table,,absent
Refused,"a value of type Map<ResolvedConfigFilePath, ProgramUpdateLevel> seen as Map<ResolvedConfigFilePath, unknown>, which can write unknown where ProgramUpdateLevel is read",1,0,False,UNOWNED,not in pinned table,,absent
Refused,"a value of type Map<ResolvedConfigFilePath, Set<string> | undefined> seen as Map<ResolvedConfigFilePath, unknown>, which can write unknown where Set<string> | undefined is read",1,0,False,UNOWNED,not in pinned table,,absent
Refused,"a value of type Map<ResolvedConfigFilePath, T> seen as Map<ResolvedConfigFilePath, unknown>, which can write unknown where T is read",1,0,False,UNOWNED,not in pinned table,,absent
Refused,"a value of type Map<ResolvedConfigFilePath, UpToDateStatus> seen as Map<ResolvedConfigFilePath, unknown>, which can write unknown where UpToDateStatus is read",1,0,False,UNOWNED,not in pinned table,,absent
Refused,"a value of type Map<ResolvedConfigFilePath, readonly Diagnostic[]> seen as Map<ResolvedConfigFilePath, unknown>, which can write unknown where readonly Diagnostic[] is read",1,0,False,UNOWNED,not in pinned table,,absent
Refused,"a value of type Map<ResolvedConfigFilePath, true> seen as Map<ResolvedConfigFilePath, unknown>, which can write unknown where true is read",1,0,False,UNOWNED,not in pinned table,,absent
Refused,"a value of type Map<string, CachedResolvedModuleWithFailedLookupLocations> seen as Map<string, ResolutionWithFailedLookupLocations> | Set<ResolutionWithFailedLookupLocations> | undefined, which can write ResolutionWithFailedLookupLocations where CachedResolvedModuleWithFailedLookupLocations is read",1,0,False,UNOWNED,not in pinned table,,absent
Refused,"a value of type Map<string, ImportsNotUsedAsValues> seen as ""boolean"" | ""list"" | ""listOrElement"" | ""number"" | ""object"" | ""string"" | Map<string, string | number>, which can write string | number where ImportsNotUsedAsValues is read",1,0,False,UNOWNED,not in pinned table,,absent
Refused,"a value of type Map<string, JsxEmit> seen as Map<string, string | number>, which can write string | number where JsxEmit is read",1,0,False,UNOWNED,not in pinned table,,absent
Refused,"a value of type Map<string, Map<string, string[]> | Map<string, never[]> | Map<string, string[] | never[]>> seen as ScriptTargetFeatures, which can write string where never is read",1,0,False,UNOWNED,not in pinned table,,absent
Refused,"a value of type Map<string, ModuleDetectionKind> seen as ""boolean"" | ""list"" | ""listOrElement"" | ""number"" | ""object"" | ""string"" | Map<string, string | number>, which can write string | number where ModuleDetectionKind is read",1,0,False,UNOWNED,not in pinned table,,absent
Refused,"a value of type Map<string, ModuleResolutionKind> seen as ""boolean"" | ""list"" | ""listOrElement"" | ""number"" | ""object"" | ""string"" | Map<string, string | number>, which can write string | number where ModuleResolutionKind is read",1,0,False,UNOWNED,not in pinned table,,absent
Refused,"a value of type Map<string, NewLineKind> seen as ""boolean"" | ""list"" | ""listOrElement"" | ""number"" | ""object"" | ""string"" | Map<string, string | number>, which can write string | number where NewLineKind is read",1,0,False,UNOWNED,not in pinned table,,absent
Refused,"a value of type Map<string, PollingWatchKind> seen as ""boolean"" | ""list"" | ""listOrElement"" | ""number"" | ""object"" | ""string"" | Map<string, string | number>, which can write string | number where PollingWatchKind is read",1,0,False,UNOWNED,not in pinned table,,absent
Refused,"a value of type Map<string, WatchDirectoryKind> seen as ""boolean"" | ""list"" | ""listOrElement"" | ""number"" | ""object"" | ""string"" | Map<string, string | number>, which can write string | number where WatchDirectoryKind is read",1,0,False,UNOWNED,not in pinned table,,absent
Refused,"a value of type Map<string, WatchFileKind> seen as ""boolean"" | ""list"" | ""listOrElement"" | ""number"" | ""object"" | ""string"" | Map<string, string | number>, which can write string | number where WatchFileKind is read",1,0,False,UNOWNED,not in pinned table,,absent
Refused,"a value of type Map<string, string> seen as Map<string, string | number>, which can write string | number where string is read",1,0,False,UNOWNED,not in pinned table,,absent
Refused,"a value of type MethodDeclaration seen as Mutable<MethodDeclaration>, whose readonly field pos becomes writable: a readonly field may hold something narrower than number, which a write of number would replace",1,1,False,UNOWNED,not in pinned table,,absent
Refused,"a value of type MethodDeclaration | PropertyAssignment | AccessorDeclaration seen as TextRange, whose readonly field pos becomes writable: a readonly field may hold something narrower than number, which a write of number would replace",1,0,False,UNOWNED,not in pinned table,,absent
Refused,"a value of type ModuleExportName seen as TextRange | undefined, whose readonly field pos becomes writable: a readonly field may hold something narrower than number, which a write of number would replace",1,0,False,UNOWNED,not in pinned table,,absent
Refused,"a value of type ModuleName seen as SourceMapRange | undefined, whose readonly field pos becomes writable: a readonly field may hold something narrower than number, which a write of number would replace",1,0,False,UNOWNED,not in pinned table,,absent
Refused,"a value of type ModuleResolutionState & { host: GetPackageJsonEntrypointsHost; } seen as ModuleResolutionState, which can write ModuleResolutionHost where ModuleResolutionHost & GetPackageJsonEntrypointsHost is read",1,0,False,UNOWNED,not in pinned table,,absent
Refused,"a value of type NamespaceExportDeclaration seen as Mutable<NamespaceExportDeclaration>, whose readonly field pos becomes writable: a readonly field may hold something narrower than number, which a write of number would replace",1,1,False,UNOWNED,not in pinned table,,absent
Refused,"a value of type Node seen as Node | SourceMapRange, whose readonly field pos becomes writable: a readonly field may hold something narrower than number, which a write of number would replace",1,0,False,UNOWNED,not in pinned table,,absent
Refused,"a value of type Node | SourceMapRange seen as SourceMapRange, whose readonly field pos becomes writable: a readonly field may hold something narrower than number, which a write of number would replace",1,0,False,UNOWNED,not in pinned table,,absent
Refused,"a value of type NonNullExpression seen as Mutable<NonNullExpression>, whose readonly field pos becomes writable: a readonly field may hold something narrower than number, which a write of number would replace",1,1,False,UNOWNED,not in pinned table,,absent
Refused,"a value of type ObjectBindingOrAssignmentPattern seen as TextRange, whose readonly field pos becomes writable: a readonly field may hold something narrower than number, which a write of number would replace",1,0,False,UNOWNED,not in pinned table,,absent
Refused,"a value of type OptionalTypeNode seen as Mutable<Node>, whose readonly field pos becomes writable: a readonly field may hold something narrower than number, which a write of number would replace",1,1,False,UNOWNED,not in pinned table,,absent
Refused,"a value of type ParameterDeclaration | PropertyDeclaration | PropertySignature | SignatureDeclaration seen as Mutable<ParameterDeclaration | PropertyDeclaration | PropertySignature | SignatureDeclaration>, whose readonly field pos becomes writable: a readonly field may hold something narrower than number, which a write of number would replace",1,1,False,UNOWNED,not in pinned table,,absent
Refused,"a value of type ParameterDeclaration | VariableDeclaration seen as TextRange, whose readonly field pos becomes writable: a readonly field may hold something narrower than number, which a write of number would replace",1,0,False,UNOWNED,not in pinned table,,absent
Refused,"a value of type ParseConfigHost seen as ModuleResolutionHost, which can write boolean | (() => boolean) | undefined where boolean is read",1,0,False,UNOWNED,not in pinned table,,absent
Refused,"a value of type Path[] seen as string[], which can write string where Path is read",1,0,False,UNOWNED,not in pinned table,,absent
Refused,"a value of type PropertyAssignment seen as Mutable<PropertyAssignment | ShorthandPropertyAssignment>, whose readonly field pos becomes writable: a readonly field may hold something narrower than number, which a write of number would replace",1,0,False,UNOWNED,not in pinned table,,absent
Refused,"a value of type Readonly<BuilderState> | undefined seen as BuilderState | undefined, whose readonly field fileInfos becomes writable: a readonly field may hold something narrower than Map<Path, FileInfo>, which a write of Map<Path, FileInfo> would replace",1,0,False,UNOWNED,not in pinned table,,absent
Refused,"a value of type ReferencedFile & { kind: FileIncludeKind.LibReferenceDirective; } seen as ReferencedFile, which can write ReferencedFileKind where FileIncludeKind.LibReferenceDirective is read",1,0,False,UNOWNED,not in pinned table,,absent
Refused,"a value of type ReportFileInError[] seen as (ReportFileInError | undefined)[], which can write ReportFileInError | undefined where ReportFileInError is read",1,0,False,UNOWNED,not in pinned table,,absent
Refused,"a value of type ResolvedModuleFull | undefined seen as { path: string; originalPath: string | true; extension: string; packageId: PackageId | undefined; resolvedUsingTsExtension: boolean | undefined; } | undefined, whose readonly field originalPath becomes writable: a readonly field may hold something narrower than string | undefined, which a write of string | true would replace",1,0,False,UNOWNED,not in pinned table,,absent
Refused,"a value of type SearchResult<Resolved> seen as { value: { resolved: Resolved; isExternalLibraryImport: true; } | undefined; } | undefined, whose readonly field value becomes writable: a readonly field may hold something narrower than Resolved | undefined, which a write of { resolved: Resolved; isExternalLibraryImport: true; } | undefined would replace",1,0,False,UNOWNED,not in pinned table,,absent
Refused,"a value of type Set<Path> | undefined seen as Set<string> | undefined, which can write string where Path is read",1,0,False,UNOWNED,not in pinned table,,absent
Refused,"a value of type SetAccessorDeclaration seen as Mutable<SetAccessorDeclaration>, whose readonly field pos becomes writable: a readonly field may hold something narrower than number, which a write of number would replace",1,0,False,UNOWNED,not in pinned table,,absent
Refused,"a value of type ShorthandPropertyAssignment seen as Mutable<PropertyAssignment | ShorthandPropertyAssignment>, whose readonly field pos becomes writable: a readonly field may hold something narrower than number, which a write of number would replace",1,0,False,UNOWNED,not in pinned table,,absent
Refused,"a value of type SourceFile | undefined seen as FileReasonToChainCache | undefined, which can write DiagnosticMessageChain[] | undefined where RedirectInfo | undefined is read",1,0,False,UNOWNED,not in pinned table,,absent
Refused,"a value of type Statement[] seen as Node[], which can write Node where Statement is read",1,0,False,UNOWNED,not in pinned table,,absent
Refused,"a value of type Statement[] | undefined seen as CaseClause[] | undefined, which can write CaseClause where Statement is read",1,0,False,UNOWNED,not in pinned table,,absent
Refused,"a value of type StringLiteral seen as Mutable<StringLiteral>, whose readonly field pos becomes writable: a readonly field may hold something narrower than number, which a write of number would replace",1,1,False,UNOWNED,not in pinned table,,absent
Refused,"a value of type T seen as T, a type parameter whose constraint ResolutionWithFailedLookupLocations can be written, so it can write what T can't hold",1,0,False,UNOWNED,not in pinned table,,absent
Refused,"a value of type T[] seen as (T | undefined)[], which can write T | undefined where T is read",1,0,False,UNOWNED,not in pinned table,,absent
Refused,"a value of type T[][] seen as (readonly T[])[], which can write readonly T[] where T[] is read",1,0,False,UNOWNED,not in pinned table,,absent
Refused,"a value of type TaggedTemplateExpression seen as Mutable<Node>, whose readonly field pos becomes writable: a readonly field may hold something narrower than number, which a write of number would replace",1,0,False,UNOWNED,not in pinned table,,absent
Refused,"a value of type ThrowStatement seen as TextRange | undefined, whose readonly field pos becomes writable: a readonly field may hold something narrower than number, which a write of number would replace",1,0,False,UNOWNED,not in pinned table,,absent
Refused,"a value of type VariableDeclaration seen as TextRange, whose readonly field pos becomes writable: a readonly field may hold something narrower than number, which a write of number would replace",1,0,False,UNOWNED,not in pinned table,,absent
Refused,"a value of type VariableDeclaration | DestructuringAssignment seen as TextRange, whose readonly field pos becomes writable: a readonly field may hold something narrower than number, which a write of number would replace",1,0,False,UNOWNED,not in pinned table,,absent
Refused,"a value of type VariableDeclaration[] seen as VariableStatement[], which can write VariableStatement where VariableDeclaration is read",1,0,False,UNOWNED,not in pinned table,,absent
Refused,"a value of type VariableStatement seen as TextRange, whose readonly field pos becomes writable: a readonly field may hold something narrower than number, which a write of number would replace",1,0,False,UNOWNED,not in pinned table,,absent
Refused,"a value of type WatchedFileWithUnchangedPolls[] seen as (WatchedFileWithUnchangedPolls | undefined)[], which can write WatchedFileWithUnchangedPolls | undefined where WatchedFileWithUnchangedPolls is read",1,0,False,UNOWNED,not in pinned table,,absent
Refused,"a value of type never seen as T, a type parameter whose constraint Node can be written, so it can write what never can't hold",1,0,False,UNOWNED,not in pinned table,,absent
Refused,"a value of type never seen as T, a type parameter whose constraint any can be written, so it can write what never can't hold",1,0,False,UNOWNED,not in pinned table,,absent
Refused,"a value of type never seen as U, a type parameter whose constraint {} can be written, so it can write what never can't hold",1,0,False,UNOWNED,not in pinned table,,absent
Refused,"a value of type never[] seen as (JSDoc | JSDocTag)[], which can write JSDoc | JSDocTag where never is read",1,0,False,UNOWNED,not in pinned table,,absent
Refused,"a value of type never[] seen as (SourceMapRange | undefined)[], which can write SourceMapRange | undefined where never is read",1,0,False,UNOWNED,not in pinned table,,absent
Refused,"a value of type never[] seen as CommentRange[], which can write CommentRange where never is read",1,0,False,UNOWNED,not in pinned table,,absent
Refused,"a value of type never[] seen as Comparator[][], which can write Comparator[] where never is read",1,0,False,UNOWNED,not in pinned table,,absent
Refused,"a value of type never[] seen as Expression[], which can write Expression where never is read",1,0,False,UNOWNED,not in pinned table,,absent
Refused,"a value of type never[] seen as Identifier[], which can write Identifier where never is read",1,0,False,UNOWNED,not in pinned table,,absent
Refused,"a value of type never[] seen as IntrinsicType[], which can write IntrinsicType where never is read",1,0,False,UNOWNED,not in pinned table,,absent
Refused,"a value of type never[] seen as JsxAttributes[], which can write JsxAttributes where never is read",1,0,False,UNOWNED,not in pinned table,,absent
Refused,"a value of type never[] seen as ParameterDeclaration[], which can write ParameterDeclaration where never is read",1,0,False,UNOWNED,not in pinned table,,absent
Refused,"a value of type never[] seen as Path[], which can write Path where never is read",1,0,False,UNOWNED,not in pinned table,,absent
Refused,"a value of type never[] seen as PotentiallyUnusedIdentifier[], which can write PotentiallyUnusedIdentifier where never is read",1,0,False,UNOWNED,not in pinned table,,absent
Refused,"a value of type never[] seen as ProjectReference[], which can write ProjectReference where never is read",1,0,False,UNOWNED,not in pinned table,,absent
Refused,"a value of type never[] seen as PropertyAssignment[], which can write PropertyAssignment where never is read",1,0,False,UNOWNED,not in pinned table,,absent
Refused,"a value of type never[] seen as RequireOrImportCall[], which can write RequireOrImportCall where never is read",1,0,False,UNOWNED,not in pinned table,,absent
Refused,"a value of type never[] seen as ResolvedProjectReference[], which can write ResolvedProjectReference where never is read",1,0,False,UNOWNED,not in pinned table,,absent
Refused,"a value of type never[] seen as SourceMappedPosition[], which can write SourceMappedPosition where never is read",1,0,False,UNOWNED,not in pinned table,,absent
Refused,"a value of type never[] seen as TransformerFactory<Bundle | SourceFile>[], which can write TransformerFactory<Bundle | SourceFile> where never is read",1,0,False,UNOWNED,not in pinned table,,absent
Refused,"a value of type never[] | SortedArray<DiagnosticWithLocation> seen as Diagnostic[], which can write Diagnostic where never is read",1,0,False,UNOWNED,not in pinned table,,absent
Refused,"a value of type never[][] seen as string[][], which can write string where never is read",1,0,False,UNOWNED,not in pinned table,,absent
Refused,"a value of type number[] seen as string | (string | number)[] | undefined, which can write string | number where number is read",1,0,False,UNOWNED,not in pinned table,,absent
Refused,"a value of type readonly string[] | undefined seen as RegExp[] | undefined, which can write RegExp where string is read",1,0,False,UNOWNED,not in pinned table,,absent
Refused,"a value of type string | GeneratedIdentifier | Identifier seen as string | ModuleExportName, whose readonly field emitNode becomes writable: a readonly field may hold something narrower than EmitNode & { autoGenerate: AutoGenerateInfo; }, which a write of EmitNode | undefined would replace",1,0,False,UNOWNED,not in pinned table,,absent
Refused,"a value of type string | number | boolean | PluginImport[] | ProjectReference[] | (string | number)[] | MapLike<string[]> | TsConfigSourceFile | null | undefined seen as string | number | boolean | PluginImport[] | ProjectReference[] | (string | number)[] | MapLike<string[]> | TsConfigSourceFile | null | undefined, which can write string | number where string is read",1,0,False,UNOWNED,not in pinned table,,absent
Refused,"a value of type string | number | boolean | string[] | PluginImport[] | ProjectReference[] | (string | number)[] | MapLike<string[]> seen as CompilerOptionsValue, which can write string | number where string is read",1,0,False,UNOWNED,not in pinned table,,absent
Refused,"a value of type string[] seen as T, a type parameter whose constraint BuilderProgram can be written, so it can write what string[] can't hold",1,0,False,UNOWNED,not in pinned table,,absent
Refused,"a value of type string[] seen as string | (string | number)[] | undefined, which can write string | number where string is read",1,0,False,UNOWNED,not in pinned table,,absent
Refused,"a value of type typeof PollingInterval seen as Levels, whose readonly field Low becomes writable: a readonly field may hold something narrower than PollingInterval.Low, which a write of number would replace",1,0,False,UNOWNED,not in pinned table,,absent
Refused,"a value of type typeof import(""/workspace/stage3-scoreboard-tmp/main-adapted/src/compiler/_namespaces/ts"") seen as Record<""CheckMode"", Record<string, string | number>>, which can write Record<string, string | number> where typeof CheckMode is read",1,1,False,UNOWNED,not in pinned table,,absent
Refused,"a value of type typeof import(""/workspace/stage3-scoreboard-tmp/main-adapted/src/compiler/_namespaces/ts"") seen as Record<""EmitFlags"", Record<string, string | number>>, which can write Record<string, string | number> where typeof EmitFlags is read",1,1,False,UNOWNED,not in pinned table,,absent
Refused,"a value of type typeof import(""/workspace/stage3-scoreboard-tmp/main-adapted/src/compiler/_namespaces/ts"") seen as Record<""GeneratedIdentifierFlags"", Record<string, string | number>>, which can write Record<string, string | number> where typeof GeneratedIdentifierFlags is read",1,0,False,UNOWNED,not in pinned table,,absent
Refused,"a value of type typeof import(""/workspace/stage3-scoreboard-tmp/main-adapted/src/compiler/_namespaces/ts"") seen as Record<""ModifierFlags"", Record<string, string | number>>, which can write Record<string, string | number> where typeof ModifierFlags is read",1,1,False,UNOWNED,not in pinned table,,absent
Refused,"a value of type typeof import(""/workspace/stage3-scoreboard-tmp/main-adapted/src/compiler/_namespaces/ts"") seen as Record<""NodeCheckFlags"", Record<string, string | number>>, which can write Record<string, string | number> where typeof NodeCheckFlags is read",1,1,False,UNOWNED,not in pinned table,,absent
Refused,"a value of type typeof import(""/workspace/stage3-scoreboard-tmp/main-adapted/src/compiler/_namespaces/ts"") seen as Record<""NodeFlags"", Record<string, string | number>>, which can write Record<string, string | number> where typeof NodeFlags is read",1,1,False,UNOWNED,not in pinned table,,absent
Refused,"a value of type typeof import(""/workspace/stage3-scoreboard-tmp/main-adapted/src/compiler/_namespaces/ts"") seen as Record<""ObjectFlags"", Record<string, string | number>>, which can write Record<string, string | number> where typeof ObjectFlags is read",1,1,False,UNOWNED,not in pinned table,,absent
Refused,"a value of type typeof import(""/workspace/stage3-scoreboard-tmp/main-adapted/src/compiler/_namespaces/ts"") seen as Record<""RelationComparisonResult"", Record<string, string | number>>, which can write Record<string, string | number> where typeof RelationComparisonResult is read",1,1,False,UNOWNED,not in pinned table,,absent
Refused,"a value of type typeof import(""/workspace/stage3-scoreboard-tmp/main-adapted/src/compiler/_namespaces/ts"") seen as Record<""ScriptKind"", Record<string, string | number>>, which can write Record<string, string | number> where typeof ScriptKind is read",1,1,False,UNOWNED,not in pinned table,,absent
Refused,"a value of type typeof import(""/workspace/stage3-scoreboard-tmp/main-adapted/src/compiler/_namespaces/ts"") seen as Record<""SignatureCheckMode"", Record<string, string | number>>, which can write Record<string, string | number> where typeof SignatureCheckMode is read",1,1,False,UNOWNED,not in pinned table,,absent
Refused,"a value of type typeof import(""/workspace/stage3-scoreboard-tmp/main-adapted/src/compiler/_namespaces/ts"") seen as Record<""SignatureFlags"", Record<string, string | number>>, which can write Record<string, string | number> where typeof SignatureFlags is read",1,1,False,UNOWNED,not in pinned table,,absent
Refused,"a value of type typeof import(""/workspace/stage3-scoreboard-tmp/main-adapted/src/compiler/_namespaces/ts"") seen as Record<""SnippetKind"", Record<string, string | number>>, which can write Record<string, string | number> where typeof SnippetKind is read",1,1,False,UNOWNED,not in pinned table,,absent
Refused,"a value of type typeof import(""/workspace/stage3-scoreboard-tmp/main-adapted/src/compiler/_namespaces/ts"") seen as Record<""SymbolFlags"", Record<string, string | number>>, which can write Record<string, string | number> where typeof SymbolFlags is read",1,1,False,UNOWNED,not in pinned table,,absent
Refused,"a value of type typeof import(""/workspace/stage3-scoreboard-tmp/main-adapted/src/compiler/_namespaces/ts"") seen as Record<""SyntaxKind"", Record<string, string | number>>, which can write Record<string, string | number> where typeof SyntaxKind is read",1,1,False,UNOWNED,not in pinned table,,absent
Refused,"a value of type typeof import(""/workspace/stage3-scoreboard-tmp/main-adapted/src/compiler/_namespaces/ts"") seen as Record<""TransformFlags"", Record<string, string | number>>, which can write Record<string, string | number> where typeof TransformFlags is read",1,1,False,UNOWNED,not in pinned table,,absent
Refused,"a value of type typeof import(""/workspace/stage3-scoreboard-tmp/main-adapted/src/compiler/_namespaces/ts"") seen as Record<""TypeFacts"", Record<string, string | number>>, which can write Record<string, string | number> where typeof TypeFacts is read",1,1,False,UNOWNED,not in pinned table,,absent
Refused,"a value of type typeof import(""/workspace/stage3-scoreboard-tmp/main-adapted/src/compiler/_namespaces/ts"") seen as Record<""TypeFlags"", Record<string, string | number>>, which can write Record<string, string | number> where typeof TypeFlags is read",1,1,False,UNOWNED,not in pinned table,,absent
Refused,"a value of type undefined seen as T, a type parameter whose constraint BuilderProgram can be written, so it can write what undefined can't hold",1,0,False,UNOWNED,not in pinned table,,absent
Refused,"a value of type undefined seen as T, a type parameter whose constraint Declaration can be written, so it can write what undefined can't hold",1,0,False,UNOWNED,not in pinned table,,absent
Refused,"a value of type { (fileName: string): DiagnosticWithLocation[]; (): Diagnostic[]; } seen as { (): Diagnostic[]; (fileName: string): DiagnosticWithLocation[]; }, which can write Diagnostic where DiagnosticWithLocation is read",1,0,False,UNOWNED,not in pinned table,,absent
Refused,"a value of type { affectedFile: SourceFile; emitKind: BuilderFileEmit.Js | BuilderFileEmit.JsMap | BuilderFileEmit.JsInlineMap | BuilderFileEmit.DtsErrors | ... 6 more ... | BuilderFileEmit.All; } seen as { affectedFile: Program | SourceFile | undefined; emitKind: BuilderFileEmit; }, which can write Program | SourceFile | undefined where SourceFile is read",1,0,False,UNOWNED,not in pinned table,,absent
Refused,"a value of type { all?: boolean; allowImportingTsExtensions?: boolean; allowJs?: boolean; allowNonTsExtensions?: boolean; allowArbitraryExtensions?: boolean; allowSyntheticDefaultImports?: boolean; allowUmdGlobalAccess?: boolean; ... 129 more ...; moduleResolution: ModuleResolutionKind; } seen as CompilerOptions, which can write ModuleResolutionKind | undefined where ModuleResolutionKind is read",1,0,False,UNOWNED,not in pinned table,,absent
Refused,"a value of type { arguments: { name?: string; } & { path: string; }; range: CommentRange; } | { arguments: { name: string; }; range: CommentRange; } | { arguments: { factory: string; }; range: CommentRange; } | ... 5 more ... | ... seen as ({ arguments: { name?: string; } & { path: string; }; range: CommentRange; } | { arguments: { name: string; }; range: CommentRange; } | { arguments: { factory: string; }; range: CommentRange; } | ... 5 more ... | ...)[] | ... 8 more ... | ..., which can write { name?: string; } & { path: string; } where never is read",1,0,False,UNOWNED,not in pinned table,,absent
Refused,"a value of type { compilerOptions: CompilerOptions; traceEnabled: boolean; affectingLocations: string[] | undefined; resultFromCache?: ResolvedModuleWithFailedLookupLocations; ... 9 more ...; host: GetPackageJsonEntrypointsHost; } seen as ModuleResolutionState & { host: GetPackageJsonEntrypointsHost; }, which can write string[] | undefined where never[] is read",1,0,False,UNOWNED,not in pinned table,,absent
Refused,"a value of type { ending: ModuleSpecifierEnding; value: string; }[] seen as { ending: ModuleSpecifierEnding | undefined; value: string; }[], which can write ModuleSpecifierEnding | undefined where ModuleSpecifierEnding is read",1,0,False,UNOWNED,not in pinned table,,absent
Refused,"a value of type { host: ModuleResolutionHost; traceEnabled: boolean; failedLookupLocations: string[] | undefined; affectingLocations: string[] | undefined; resultFromCache?: ResolvedModuleWithFailedLookupLocations; ... 8 more ...; reportDiagnostic: ...; } seen as ModuleResolutionState, which can write CompilerOptions where { all?: boolean; allowImportingTsExtensions?: boolean; allowJs?: boolean; allowNonTsExtensions?: boolean; allowArbitraryExtensions?: boolean; allowSyntheticDefaultImports?: boolean; allowUmdGlobalAccess?: boolean; ... 129 more ...; moduleResolution: ModuleResolutionKind; } is read",1,0,False,UNOWNED,not in pinned table,,absent
Refused,"a value of type { id: number; flowNode: FlowNode; edges: never[]; text: string; lane: number; endLane: number; level: number; circular: false; } seen as FlowGraphNode, which can write FlowGraphEdge[] where never[] is read",1,0,False,UNOWNED,not in pinned table,,absent
Refused,"a value of type { major: number; minor: number; patch: number; prerelease: string; build: string; } seen as { major: string | number; minor: number; patch: number; prerelease: string | readonly string[]; build: string | readonly string[]; }, which can write string | number where number is read",1,0,False,UNOWNED,not in pinned table,,absent
Refused,"a value of type { name: string | undefined; path: string; }[] seen as AmdDependency[], which can write AmdDependency where { name: string | undefined; path: string; } is read",1,0,False,UNOWNED,not in pinned table,,absent
Refused,"a value of type { referencedName: StringLiteral; name: PropertyName; } | { referencedName: Identifier; name: ComputedPropertyName; } seen as { referencedName: Expression | undefined; name: PropertyName | undefined; }, which can write Expression | undefined where StringLiteral is read",1,0,False,UNOWNED,not in pinned table,,absent
Refused,an arbitrary number or a value from another enum assigned to Extension.Mjs; its members are a closed union,1,0,False,UNOWNED,not in pinned table,,absent
Refused,an arbitrary number or a value from another enum assigned to ForegroundColorEscapeSequences.Grey; its members are a closed union,1,0,False,UNOWNED,not in pinned table,,absent
Refused,an unproven relation from DiagnosticRelatedInformation to Diagnostic: optional field reportsUnnecessary has no proven compatible presence/type,1,0,False,UNOWNED,not in pinned table,,absent
Refused,an unproven relation from Identifier to Identifier: optional field id has no proven compatible presence/type,1,1,False,UNOWNED,not in pinned table,,absent
Refused,an unproven relation from ImportEqualsDeclaration & { moduleReference: ExternalModuleReference; } to ImportEqualsDeclaration: optional field moduleReference.id has no proven compatible presence/type,1,1,False,UNOWNED,not in pinned table,,absent
Refused,an unproven relation from InstantiableType | UnionOrIntersectionType to TypeParameter: optional field constraint has no proven compatible presence/type,1,1,False,UNOWNED,not in pinned table,,absent
Refused,an unproven relation from LiteralLikeNode to TemplateLiteralLikeNode: optional field rawText has no proven compatible presence/type,1,1,False,UNOWNED,not in pinned table,,absent
Refused,an unproven relation from NodeArray<ModifierLike> & readonly Decorator[] to NodeArray<Decorator>: optional field concat.element.parent.name has no proven compatible presence/type,1,0,False,UNOWNED,not in pinned table,,absent
Refused,an unproven relation from PackageJsonPathFields to PackageJson: optional field version has no proven compatible presence/type,1,0,False,UNOWNED,not in pinned table,,absent
Refused,an unproven relation from SolutionBuilderHostBase<T> to SolutionBuilderHost<T>: optional field reportErrorSummary has no proven compatible presence/type,1,1,False,UNOWNED,not in pinned table,,absent
Refused,an unproven relation from StructuredType to AnonymousType: optional field target has no proven compatible presence/type,1,0,False,UNOWNED,not in pinned table,,absent
Refused,an unproven relation from UnionOrIntersectionType to UnionType: optional field resolvedReducedType has no proven compatible presence/type,1,1,False,UNOWNED,not in pinned table,,absent
Refused,an unproven value assigned to a numeric literal or enum member slot BuildStep.Done,1,0,False,UNOWNED,not in pinned table,,absent
Refused,an unproven value assigned to a numeric literal or enum member slot BuilderFileEmit.Js | BuilderFileEmit.JsMap | BuilderFileEmit.JsInlineMap | BuilderFileEmit.DtsErrors | BuilderFileEmit.DtsEmit | ... 5 more ... | BuilderFileEmit.All,1,0,False,UNOWNED,not in pinned table,,absent
Refused,an unproven value assigned to a numeric literal or enum member slot BuilderFileEmit.None,1,0,False,UNOWNED,not in pinned table,,absent
Refused,an unproven value assigned to a numeric literal or enum member slot CharacterCodes.plus,1,0,False,UNOWNED,not in pinned table,,absent
Refused,an unproven value assigned to a numeric literal or enum member slot CharacterCodes.slash,1,0,False,UNOWNED,not in pinned table,,absent
Refused,an unproven value assigned to a numeric literal or enum member slot Connection,1,0,False,UNOWNED,not in pinned table,,absent
Refused,an unproven value assigned to a numeric literal or enum member slot EmitOnly.Dts,1,0,False,UNOWNED,not in pinned table,,absent
Refused,an unproven value assigned to a numeric literal or enum member slot ModuleKind.ESNext,1,0,False,UNOWNED,not in pinned table,,absent
Refused,an unproven value assigned to a numeric literal or enum member slot NodeFlags.NestedNamespace,1,0,False,UNOWNED,not in pinned table,,absent
Refused,an unproven value assigned to a numeric literal or enum member slot PunctuationOrKeywordSyntaxKind,1,0,False,UNOWNED,not in pinned table,,absent
Refused,an unproven value assigned to a numeric literal or enum member slot SyntaxKind.BindingElement,1,0,False,UNOWNED,not in pinned table,,absent
Refused,an unproven value assigned to a numeric literal or enum member slot SyntaxKind.ClassStaticBlockDeclaration,1,0,False,UNOWNED,not in pinned table,,absent
Refused,an unproven value assigned to a numeric literal or enum member slot SyntaxKind.ExtendsKeyword | SyntaxKind.ImplementsKeyword,1,0,False,UNOWNED,not in pinned table,,absent
Refused,an unproven value assigned to a numeric literal or enum member slot SyntaxKind.ImportDeclaration,1,0,False,UNOWNED,not in pinned table,,absent
Refused,an unproven value assigned to a numeric literal or enum member slot SyntaxKind.KeyOfKeyword | SyntaxKind.ReadonlyKeyword | SyntaxKind.UniqueKeyword,1,0,False,UNOWNED,not in pinned table,,absent
Refused,an unproven value assigned to a numeric literal or enum member slot SyntaxKind.NamespaceExport,1,0,False,UNOWNED,not in pinned table,,absent
Refused,an unproven value assigned to a numeric literal or enum member slot SyntaxKind.NamespaceImport,1,0,False,UNOWNED,not in pinned table,,absent
Refused,an unproven value assigned to a numeric literal or enum member slot SyntaxKind.NumericLiteral | SyntaxKind.BigIntLiteral | SyntaxKind.StringLiteral | SyntaxKind.JsxText | SyntaxKind.JsxTextAllWhiteSpaces | SyntaxKind.RegularExpressionLiteral | SyntaxKind.NoSubstitutionTemplateLiteral,1,0,False,UNOWNED,not in pinned table,,absent
Refused,an unproven value assigned to a numeric literal or enum member slot SyntaxKind.ObjectLiteralExpression,1,0,False,UNOWNED,not in pinned table,,absent
Refused,an unproven value assigned to a numeric literal or enum member slot SyntaxKind.StringLiteral,1,0,False,UNOWNED,not in pinned table,,absent
Refused,an unproven value assigned to a numeric literal or enum member slot SyntaxKind.Unknown | SyntaxKind.NumericLiteral | SyntaxKind.BigIntLiteral | SyntaxKind.StringLiteral | SyntaxKind.JsxText | SyntaxKind.RegularExpressionLiteral | SyntaxKind.NoSubstitutionTemplateLiteral,1,0,False,UNOWNED,not in pinned table,,absent
Refused,an unproven value assigned to a numeric literal or enum member slot SyntaxKind.VariableDeclaration,1,0,False,UNOWNED,not in pinned table,,absent
Refused,arguments,1,0,False,UNOWNED,not in pinned table,,absent
Refused,inherited library member compare read as an own field,1,1,False,UNOWNED,not in pinned table,,absent
Refused,inherited library member repeat read as an own field,1,1,False,UNOWNED,not in pinned table,,absent
Refused,"optional property Low in Partial<Levels> absent from structural source {}, which can hide fields",1,0,False,UNOWNED,not in pinned table,,absent
Refused,"optional property _propertyAccessExpressionLikeQualifiedNameBrand in PropertyAccessEntityNameExpression absent from structural source never, which can hide fields",1,0,False,UNOWNED,not in pinned table,,absent
Refused,"optional property all in CompilerOptions absent from structural source OptionsBase, which can hide fields",1,0,False,UNOWNED,not in pinned table,,absent
Refused,"optional property all in CompilerOptions absent from structural source Pick<CompilerOptions, ""noImplicitAny"" | ""strict"">, which can hide fields",1,0,False,UNOWNED,not in pinned table,,absent
Refused,"optional property all in CompilerOptions absent from structural source Pick<CompilerOptions, ""noImplicitThis"" | ""strict"">, which can hide fields",1,0,False,UNOWNED,not in pinned table,,absent
Refused,"optional property all in CompilerOptions absent from structural source Pick<CompilerOptions, ""strict"" | ""strictBindCallApply"">, which can hide fields",1,0,False,UNOWNED,not in pinned table,,absent
Refused,"optional property all in CompilerOptions absent from structural source Pick<CompilerOptions, ""strict"" | ""strictBuiltinIteratorReturn"">, which can hide fields",1,0,False,UNOWNED,not in pinned table,,absent
Refused,"optional property all in CompilerOptions absent from structural source Pick<CompilerOptions, ""strict"" | ""strictFunctionTypes"">, which can hide fields",1,0,False,UNOWNED,not in pinned table,,absent
Refused,"optional property all in CompilerOptions absent from structural source Pick<CompilerOptions, ""strict"" | ""strictNullChecks"">, which can hide fields",1,0,False,UNOWNED,not in pinned table,,absent
Refused,"optional property all in CompilerOptions absent from structural source Pick<CompilerOptions, ""strict"" | ""strictPropertyInitialization"">, which can hide fields",1,0,False,UNOWNED,not in pinned table,,absent
Refused,"optional property all in CompilerOptions absent from structural source Pick<CompilerOptions, ""strict"" | ""useUnknownInCatchVariables"">, which can hide fields",1,0,False,UNOWNED,not in pinned table,,absent
Refused,"optional property all in CompilerOptions absent from structural source TypeAcquisition, which can hide fields",1,0,False,UNOWNED,not in pinned table,,absent
Refused,"optional property constraint in TypeParameter absent from structural source ObjectType, which can hide fields",1,0,False,UNOWNED,not in pinned table,,absent
Refused,"optional property createProgram in IncrementalProgramOptions<EmitAndSemanticDiagnosticsBuilderProgram> absent from structural source IncrementalCompilationOptions, which can hide fields",1,0,False,UNOWNED,not in pinned table,,absent
Refused,"optional property default in TypeParameter absent from structural source IndexedAccessType, which can hide fields",1,0,False,UNOWNED,not in pinned table,,absent
Refused,"optional property id in BinaryExpression absent from structural source never, which can hide fields",1,0,False,UNOWNED,not in pinned table,,absent
Refused,"optional property id in ComputedPropertyName absent from structural source never, which can hide fields",1,0,False,UNOWNED,not in pinned table,,absent
Refused,"optional property id in JSDocThisTag absent from structural source never, which can hide fields",1,0,False,UNOWNED,not in pinned table,,absent
Refused,"optional property id in PrivateIdentifier absent from structural source never, which can hide fields",1,0,False,UNOWNED,not in pinned table,,absent
Refused,"optional property isInvalidated in CachedResolvedModuleWithFailedLookupLocations absent from structural source ResolvedModuleWithFailedLookupLocations, which can hide fields",1,0,False,UNOWNED,not in pinned table,,absent
Refused,"optional property jsDocCache in JSDocArray absent from structural source JSDoc[], which can hide fields",1,0,False,UNOWNED,not in pinned table,,absent
Refused,"optional property localSymbol in Declaration absent from structural source never, which can hide fields",1,0,False,UNOWNED,not in pinned table,,absent
Refused,"optional property members in ObjectType absent from structural source IntersectionType, which can hide fields",1,0,False,UNOWNED,not in pinned table,,absent
Refused,"optional property members in ObjectType absent from structural source UnionType, which can hide fields",1,0,False,UNOWNED,not in pinned table,,absent
Refused,"optional property modifiers in ExportAssignment absent from structural source never, which can hide fields",1,0,False,UNOWNED,not in pinned table,,absent
Refused,"optional property modifiers in ParameterDeclaration absent from structural source never, which can hide fields",1,0,False,UNOWNED,not in pinned table,,absent
Refused,"optional property modifiers in PropertyDeclaration absent from structural source never, which can hide fields",1,0,False,UNOWNED,not in pinned table,,absent
Refused,"optional property modifiers in SetAccessorDeclaration absent from structural source never, which can hide fields",1,0,False,UNOWNED,not in pinned table,,absent
Refused,"optional property multiLine in ArrayLiteralExpression absent from structural source never, which can hide fields",1,0,False,UNOWNED,not in pinned table,,absent
Refused,"optional property outputDts in ResolvedRefAndOutputDts absent from structural source ResolvedRefAndSource, which can hide fields",1,0,False,UNOWNED,not in pinned table,,absent
Refused,"optional property packageRootPath in { moduleFileToTry: string; packageRootPath?: string; blockedByExports?: true; verbatimFromExports?: true; } absent from structural source { moduleFileToTry: string; }, which can hide fields",1,0,False,UNOWNED,not in pinned table,,absent
Refused,"optional property preserve in FileReference absent from structural source { resolutionMode: ModuleKind.CommonJS | ModuleKind.ESNext; }, which can hide fields",1,0,False,UNOWNED,not in pinned table,,absent
Refused,"optional property propertyName in BindingElement absent from structural source never, which can hide fields",1,0,False,UNOWNED,not in pinned table,,absent
Refused,"optional property reportsUnnecessary in ReusableDiagnostic absent from structural source ReusableDiagnosticRelatedInformation, which can hide fields",1,0,False,UNOWNED,not in pinned table,,absent
Refused,"optional property return in ArrayIterator<Node> absent from structural source ArrayIterator<ImportAttribute>, which can hide fields",1,0,False,UNOWNED,not in pinned table,,absent
Refused,"optional property return in ArrayIterator<WatchedFileWithUnchangedPolls | undefined> absent from structural source ArrayIterator<WatchedFileWithUnchangedPolls>, which can hide fields",1,0,False,UNOWNED,not in pinned table,,absent
Refused,"optional property return in MapIterator<[string, WatchDirectoryFlags]> absent from structural source MapIterator<[string, WatchDirectoryFlags]>, which can hide fields",1,0,False,UNOWNED,not in pinned table,,absent
Refused,"optional property skipLogging in ErrorOutputContainer absent from structural source { errors?: Diagnostic[]; }, which can hide fields",1,0,False,UNOWNED,not in pinned table,,absent
Refused,"optional property skipTrivia in SourceMapSource absent from structural source SourceFile, which can hide fields",1,0,False,UNOWNED,not in pinned table,,absent
Refused,"optional property source in ResolvedRefAndSource absent from structural source ResolvedRefAndOutputDts, which can hide fields",1,0,False,UNOWNED,not in pinned table,,absent
Refused,"optional property target in AnonymousType absent from structural source IntrinsicType, which can hide fields",1,0,False,UNOWNED,not in pinned table,,absent
Refused,"optional property types in { types?: { value: string; pos: number; end: number; }; } & { lib?: { value: string; pos: number; end: number; }; } & { path?: { value: string; pos: number; end: number; }; } & { ""no-default-lib""?: string; } & { ""resolution-mode""?: string; } & ... absent from structural source { [index: string]: string | undefined; }, which can hide fields",1,0,False,UNOWNED,not in pinned table,,absent
Refused,"optional property types in { types?: { value: string; pos: number; end: number; }; } & { lib?: { value: string; pos: number; end: number; }; } & { path?: { value: string; pos: number; end: number; }; } & { ""no-default-lib""?: string; } & { ""resolution-mode""?: string; } & ... absent from structural source { [index: string]: string | { value: string; pos: number; end: number; }; }, which can hide fields",1,0,False,UNOWNED,not in pinned table,,absent
Refused,"optional property watchFile in WatchOptions absent from structural source {}, which can hide fields",1,0,False,UNOWNED,not in pinned table,,absent
Refused,overload 1 of arrayFrom result U[] cannot be served by implementation result (T | U)[],1,1,False,UNOWNED,not in pinned table,,absent
Refused,overload 1 of assertEachNode parameter nodes cannot be served by implementation parameter nodes,1,1,False,UNOWNED,not in pinned table,,absent
Refused,overload 1 of assertNode parameter test cannot be served by implementation parameter test,1,1,False,UNOWNED,not in pinned table,,absent
Refused,overload 1 of assertOptionalNode parameter test cannot be served by implementation parameter test,1,1,False,UNOWNED,not in pinned table,,absent
Refused,overload 1 of captureMapping result Required<Mapping> cannot be served by implementation result Mapping,1,1,False,UNOWNED,not in pinned table,,absent
Refused,overload 1 of concatenate result T[] cannot be served by implementation result readonly T[] | undefined,1,1,False,UNOWNED,not in pinned table,,absent
Refused,overload 1 of convertOptionsFromJson result WatchOptions | undefined cannot be served by implementation result CompilerOptions | TypeAcquisition | WatchOptions | undefined,1,1,False,UNOWNED,not in pinned table,,absent
Refused,overload 1 of createBuilderProgram result SemanticDiagnosticsBuilderProgram cannot be served by implementation result BuilderProgram | undefined,1,1,False,UNOWNED,not in pinned table,,absent
Refused,overload 1 of createImmediatelyInvokedArrowFunction result ImmediatelyInvokedArrowFunction cannot be served by implementation result Mutable<CallExpression>,1,1,False,UNOWNED,not in pinned table,,absent
Refused,overload 1 of createImmediatelyInvokedFunctionExpression result ImmediatelyInvokedFunctionExpression cannot be served by implementation result Mutable<CallExpression>,1,1,False,UNOWNED,not in pinned table,,absent
Refused,overload 1 of ensureTrailingDirectorySeparator result Path cannot be served by implementation result string,1,1,False,UNOWNED,not in pinned table,,absent
Refused,overload 1 of evaluate result EvaluatorResult<string | undefined> cannot be served by implementation result EvaluatorResult<string | number | undefined>,1,1,False,UNOWNED,not in pinned table,,absent
Refused,overload 1 of filter result U[] cannot be served by implementation result readonly T[] | undefined,1,1,False,UNOWNED,not in pinned table,,absent
Refused,overload 1 of find result U | undefined cannot be served by implementation result T | undefined,1,1,False,UNOWNED,not in pinned table,,absent
Refused,overload 1 of findAncestor result T | undefined cannot be served by implementation result Node | undefined,1,1,False,UNOWNED,not in pinned table,,absent
Refused,overload 1 of findLast result U | undefined cannot be served by implementation result T | undefined,1,1,False,UNOWNED,not in pinned table,,absent
Refused,overload 1 of getDiagnostics result DiagnosticWithLocation[] cannot be served by implementation result Diagnostic[],1,1,False,UNOWNED,not in pinned table,,absent
Refused,overload 1 of getDirectoryPath result Path cannot be served by implementation result string,1,1,False,UNOWNED,not in pinned table,,absent
Refused,overload 1 of getGlobalBuiltinTypes result ObjectType[] cannot be served by implementation result Type[],1,1,False,UNOWNED,not in pinned table,,absent
Refused,overload 1 of getPathComponents result PathPathComponents cannot be served by implementation result string[],1,1,False,UNOWNED,not in pinned table,,absent
Refused,overload 1 of getProperties result readonly InitializedPropertyDeclaration[] cannot be served by implementation result readonly PropertyDeclaration[],1,1,False,UNOWNED,not in pinned table,,absent
Refused,overload 1 of getSuperContainer result SuperContainer | undefined cannot be served by implementation result SuperContainerOrFunctions | undefined,1,1,False,UNOWNED,not in pinned table,,absent
Refused,overload 1 of getSupportedExtensions result readonly Extension[][] cannot be served by implementation result readonly string[][],1,1,False,UNOWNED,not in pinned table,,absent
Refused,overload 1 of getSupportedExtensionsWithJsonIfResolveJsonModule parameter supportedExtensions cannot be served by implementation parameter supportedExtensions,1,1,False,UNOWNED,not in pinned table,,absent
Refused,overload 1 of getThisContainer result ThisContainer cannot be served by implementation result ArrowFunction | ComputedPropertyName | ThisContainer,1,1,False,UNOWNED,not in pinned table,,absent
Refused,"overload 1 of injectClassNamedEvaluationHelperBlockIfMissing result Extract<ClassDeclaration, Pick<...>> | Extract<...> cannot be served by implementation result ClassLikeDeclaration",1,1,False,UNOWNED,not in pinned table,,absent
Refused,overload 1 of mergeLexicalEnvironment result NodeArray<Statement> cannot be served by implementation result Statement[] | NodeArray<Statement>,1,1,False,UNOWNED,not in pinned table,,absent
Refused,overload 1 of nodeCanBeDecorated result true cannot be served by implementation result boolean,1,1,False,UNOWNED,not in pinned table,,absent
Refused,overload 1 of parenthesizeConciseBodyOfArrowFunction result Expression cannot be served by implementation result ConciseBody,1,1,False,UNOWNED,not in pinned table,,absent
Refused,overload 1 of parseExpectedToken parameter t cannot be served by implementation parameter t,1,1,False,UNOWNED,not in pinned table,,absent
Refused,overload 1 of parseExpectedTokenJSDoc parameter t cannot be served by implementation parameter t,1,1,False,UNOWNED,not in pinned table,,absent
Refused,overload 1 of parseModifiers result NodeArray<Modifier> | undefined cannot be served by implementation result NodeArray<ModifierLike> | undefined,1,1,False,UNOWNED,not in pinned table,,absent
Refused,overload 1 of parseNamedImportsOrExports result NamedImports cannot be served by implementation result NamedImportsOrExports,1,1,False,UNOWNED,not in pinned table,,absent
Refused,overload 1 of parseOptionalToken parameter t cannot be served by implementation parameter t,1,1,False,UNOWNED,not in pinned table,,absent
Refused,overload 1 of parseOptionalTokenJSDoc parameter t cannot be served by implementation parameter t,1,1,False,UNOWNED,not in pinned table,,absent
Refused,overload 1 of reduceLeft parameter f cannot be served by implementation parameter f,1,1,False,UNOWNED,not in pinned table,,absent
Refused,overload 1 of removeTrailingDirectorySeparator result Path cannot be served by implementation result string,1,1,False,UNOWNED,not in pinned table,,absent
Refused,overload 1 of replaceDecoratorsAndModifiers result T cannot be served by implementation result ClassDeclaration | ClassExpression | GetAccessorDeclaration | MethodDeclaration | ParameterDeclaration | PropertyDeclaration | SetAccessorDeclaration,1,1,False,UNOWNED,not in pinned table,,absent
Refused,overload 1 of replaceModifiers result T cannot be served by implementation result ArrowFunction | ClassDeclaration | ClassExpression | ConstructorDeclaration | ConstructorTypeNode | ... 19 more ... | VariableStatement,1,1,False,UNOWNED,not in pinned table,,absent
Refused,overload 1 of replacePropertyName result T cannot be served by implementation result GetAccessorDeclaration | MethodDeclaration | MethodSignature | PropertyAssignment | PropertyDeclaration | PropertySignature | SetAccessorDeclaration,1,1,False,UNOWNED,not in pinned table,,absent
Refused,overload 1 of sameMap result U[] cannot be served by implementation result readonly U[] | undefined,1,1,False,UNOWNED,not in pinned table,,absent
Refused,overload 1 of serializePropertySymbolsForClassOrInterface result TypeElement[] cannot be served by implementation result (ClassElement | TypeElement)[],1,1,False,UNOWNED,not in pinned table,,absent
Refused,overload 1 of skipOuterExpressions result T cannot be served by implementation result Node,1,1,False,UNOWNED,not in pinned table,,absent
Refused,overload 1 of skipParentheses result Expression cannot be served by implementation result Node,1,1,False,UNOWNED,not in pinned table,,absent
Refused,overload 1 of skipPartiallyEmittedExpressions result Expression cannot be served by implementation result Node,1,1,False,UNOWNED,not in pinned table,,absent
Refused,overload 1 of symbolToName result Identifier cannot be served by implementation result EntityName,1,1,False,UNOWNED,not in pinned table,,absent
Refused,overload 1 of transformAsyncFunctionBody result Block cannot be served by implementation result ConciseBody,1,1,False,UNOWNED,not in pinned table,,absent
Refused,overload 1 of transformFunctionBody result Block cannot be served by implementation result ConciseBody,1,1,False,UNOWNED,not in pinned table,,absent
Refused,"overload 1 of transformNamedEvaluation result Extract<AssignmentExpression<EqualsToken> & { readonly left: Identifier; readonly right: WrappedExpression<AnonymousFunctionDefinition>; }, Pick<...>> | ... 7 more ... | Extract<...> cannot be served by implementation result BinaryExpression | BindingElement | ExportAssignment | ParameterDeclaration | PropertyAssignment | PropertyDeclaration | ShorthandPropertyAssignment | VariableDeclaration",1,1,False,UNOWNED,not in pinned table,,absent
Refused,overload 1 of visitArray parameter visitor cannot be served by implementation parameter visitor,1,1,False,UNOWNED,not in pinned table,,absent
Refused,overload 1 of visitArrayWorker parameter visitor cannot be served by implementation parameter visitor,1,1,False,UNOWNED,not in pinned table,,absent
Refused,overload 1 of visitBindingElement parameter elem cannot be served by implementation parameter elem,1,1,False,UNOWNED,not in pinned table,,absent
Refused,overload 1 of visitFunctionBody result Block cannot be served by implementation result ConciseBody | undefined,1,1,False,UNOWNED,not in pinned table,,absent
Refused,overload 1 of visitNode parameter node cannot be served by implementation parameter node,1,1,False,UNOWNED,not in pinned table,,absent
Refused,overload 1 of visitNodes parameter visitor cannot be served by implementation parameter visitor,1,1,False,UNOWNED,not in pinned table,,absent
Refused,overload 1 of visitParameterList parameter nodesVisitor cannot be served by implementation parameter nodesVisitor,1,1,False,UNOWNED,not in pinned table,,absent
Refused,overload 1 of writeTokenText result void cannot be served by implementation result number,1,1,False,UNOWNED,not in pinned table,,absent
Refused,overload 2 of getParseTreeNode result T | undefined cannot be served by implementation result Node | undefined,1,1,False,UNOWNED,not in pinned table,,absent
Refused,"overload 2 of makeSerializePropertySymbol result (p: Symbol, isStatic: boolean, baseType: Type | undefined) => T | T[] cannot be served by implementation result (p: Symbol, isStatic: boolean, baseType: Type | undefined) => T | (T | AccessorDeclaration)[] | AccessorDeclaration",1,1,False,UNOWNED,not in pinned table,,absent
Refused,overload 2 of skipOuterExpressions result Expression cannot be served by implementation result Node,1,1,False,UNOWNED,not in pinned table,,absent
Refused,overload 2 of visitEachChild parameter nodesVisitor cannot be served by implementation parameter nodesVisitor,1,1,False,UNOWNED,not in pinned table,,absent
Refused,overload 3 of getGlobalType result GenericType cannot be served by implementation result ObjectType | undefined,1,1,False,UNOWNED,not in pinned table,,absent
NotYet,a method call through a structural signature in a program with statics; use typeof the declaring class,1757,1757,False,compiler,compiler lesson,,exact
NotYet,reading node,1083,1083,True,compiler,compiler lesson,,exact
NotYet,a BinaryExpression with a value and a value,490,490,False,compiler,compiler lesson,,exact
NotYet,a BinaryExpression with a value and a boolean,308,308,False,compiler,compiler lesson,,exact
NotYet,reading result,235,235,True,compiler,compiler lesson,,exact
NotYet,a BinaryExpression with a number and a number,210,210,False,compiler,compiler lesson,,exact
NotYet,"a Map whose keys aren't strings, numbers, booleans, objects, arrays, maps or functions",183,183,False,compiler,compiler lesson,,exact
NotYet,assigning to an Identifier,161,161,False,compiler,compiler lesson,,exact
NotYet,a BinaryExpression with a boolean and a value,138,138,False,compiler,compiler lesson,,exact
NotYet,a call through ?. (an optional call),129,129,False,compiler,compiler lesson,,exact
NotYet,a BinaryExpression with a number and a boolean,117,117,False,compiler,compiler lesson,,exact
NotYet,for...of over an object,105,105,False,compiler,compiler lesson,,exact
NotYet,reading type,105,105,True,compiler,compiler lesson,,exact
NotYet,a function returning T,101,101,False,compiler,compiler lesson,,exact
NotYet,a BinaryExpression with a boolean and a number,98,98,False,compiler,compiler lesson,,exact
NotYet,a void call used as a value,81,81,False,compiler,compiler lesson,,exact
NotYet,a function returning T | undefined,75,75,False,compiler,compiler lesson,,exact
NotYet,a declaration directly in a case (wrap the case in a block),59,59,False,compiler,compiler lesson,,exact
NotYet,reading performance,57,57,True,compiler,compiler lesson,,exact
NotYet,a value of type T,48,48,False,compiler,compiler lesson,,exact
NotYet,reading symbol,47,47,True,compiler,compiler lesson,,exact
NotYet,a rest array of DiagnosticArguments,46,46,False,compiler,compiler lesson,,exact
NotYet,a BinaryExpression with a value and a number,45,45,False,compiler,compiler lesson,,exact
NotYet,reading expression,44,44,True,compiler,compiler lesson,,exact
NotYet,a call returning void | undefined,43,43,False,compiler,compiler lesson,,exact
NotYet,reading name,43,43,True,compiler,compiler lesson,,exact
NotYet,reading updated,38,38,True,compiler,compiler lesson,,exact
Refused,a type predicate whose return is not proven (return paths through KindSwitchStatement are not verified),37,0,False,compiler,compiler lesson,internal/lower/predicates.go / predicateProof.refused,exact
NotYet,reading host,35,35,True,compiler,compiler lesson,,exact
NotYet,this outside a method,34,34,False,compiler,compiler lesson,,exact
NotYet,reading statement,32,32,True,compiler,compiler lesson,,exact
NotYet,an ElementAccessExpression,28,28,False,compiler,compiler lesson,,exact
NotYet,reading container,28,28,True,compiler,compiler lesson,,exact
NotYet,reading declaration,28,28,True,compiler,compiler lesson,,exact
NotYet,a BinaryExpression with a number | undefined and a number,27,27,False,compiler,compiler lesson,,exact
NotYet,a function value returning union of differently held members,26,26,False,compiler,compiler lesson,,exact
NotYet,an array of T,26,26,False,compiler,compiler lesson,,exact
NotYet,reading resolved,25,25,True,compiler,compiler lesson,,exact
NotYet,reading clone,24,24,True,compiler,compiler lesson,,exact
NotYet,a field of type string | NodeArray<JSDocComment> | undefined,23,23,False,compiler,compiler lesson,,exact
NotYet,reading compilerOptions,23,23,True,compiler,compiler lesson,,exact
NotYet,a value of type SolutionBuilderState<T>,21,21,False,compiler,compiler lesson,,exact
NotYet,new an Identifier,21,21,False,compiler,compiler lesson,,exact
NotYet,reading sourceFile,21,21,True,compiler,compiler lesson,,exact
NotYet,a value of type unknown,20,20,False,compiler,compiler lesson,,exact
NotYet,reading c,20,20,True,compiler,compiler lesson,,exact
NotYet,reading options,20,20,True,compiler,compiler lesson,,exact
NotYet,a BinaryExpression with a string and a string,19,19,False,compiler,compiler lesson,,exact
NotYet,reading expr,19,19,True,compiler,compiler lesson,,exact
NotYet,reading target,19,19,True,compiler,compiler lesson,,exact
NotYet,a BinaryExpression with a number and a value,18,18,False,compiler,compiler lesson,,exact
NotYet,a value of type ResolvedConfigFilePath,18,18,False,compiler,compiler lesson,,exact
NotYet,reading candidate,18,18,True,compiler,compiler lesson,,exact
NotYet,a BinaryExpression with a string and a number,17,17,False,compiler,compiler lesson,,exact
NotYet,a generic function as a value,17,17,False,compiler,compiler lesson,,exact
NotYet,a value of type object,16,16,False,compiler,compiler lesson,,exact
NotYet,reading types,16,16,True,compiler,compiler lesson,,exact
NotYet,reading visited,16,16,True,compiler,compiler lesson,,exact
NotYet,optional chaining to .size on a value,15,15,False,compiler,compiler lesson,,exact
NotYet,reading modifiers,15,15,True,compiler,compiler lesson,,exact
NotYet,reading parameter,15,15,True,compiler,compiler lesson,,exact
NotYet,reading t,15,15,True,compiler,compiler lesson,,exact
NotYet,reading child,14,14,True,compiler,compiler lesson,,exact
NotYet,reading diag,14,14,True,compiler,compiler lesson,,exact
NotYet,reading reference,14,14,True,compiler,compiler lesson,,exact
NotYet,reading sig,14,14,True,compiler,compiler lesson,,exact
NotYet,replacing a represented method at runtime,14,14,False,compiler,compiler lesson,,exact
NotYet,a value of type T | undefined,13,13,False,compiler,compiler lesson,,exact
NotYet,reading block,13,13,True,compiler,compiler lesson,,exact
NotYet,reading related,13,13,True,compiler,compiler lesson,,exact
NotYet,a value of type ResolvedConfigFileName,12,12,False,compiler,compiler lesson,,exact
NotYet,reading decl,12,12,True,compiler,compiler lesson,,exact
NotYet,reading file,12,12,True,compiler,compiler lesson,,exact
NotYet,reading restType,12,12,True,compiler,compiler lesson,,exact
NotYet,a function returning undefined,11,11,False,compiler,compiler lesson,,exact
NotYet,a value of type NonNullable<T>,11,11,False,compiler,compiler lesson,,exact
NotYet,reading cache,11,11,True,compiler,compiler lesson,,exact
NotYet,reading diagnostics,11,11,True,compiler,compiler lesson,,exact
NotYet,a BinaryExpression with a boolean | undefined and a number,10,10,False,compiler,compiler lesson,,exact
NotYet,a function returning T[],10,10,False,compiler,compiler lesson,,exact
NotYet,a function returning U | undefined,10,10,False,compiler,compiler lesson,,exact
NotYet,"for...in without a proven fixed plain-object origin (arrays, prototypes and absent synthetic fields cannot be enumerated soundly)",10,10,False,compiler,compiler lesson,,exact
NotYet,reading constraint,10,10,True,compiler,compiler lesson,,exact
NotYet,reading exception,10,10,True,compiler,compiler lesson,,exact
NotYet,reading existing,10,10,True,compiler,compiler lesson,,exact
NotYet,reading firstDecorator,10,10,True,compiler,compiler lesson,,exact
NotYet,reading links,10,10,True,compiler,compiler lesson,,exact
NotYet,reading objectFlags,10,10,True,compiler,compiler lesson,,exact
NotYet,reading parent,10,10,True,compiler,compiler lesson,,exact
NotYet,a BinaryExpression with a string and a boolean,9,9,False,compiler,compiler lesson,,exact
NotYet,a SpreadElement,9,9,False,compiler,compiler lesson,,exact
NotYet,"a value of type T[""kind""]",9,9,False,compiler,compiler lesson,,exact
NotYet,an optional chain longer than one step,9,9,False,compiler,compiler lesson,,exact
NotYet,assigning a field of a value,9,9,False,compiler,compiler lesson,,exact
NotYet,reading flags,9,9,True,compiler,compiler lesson,,exact
NotYet,reading flowType,9,9,True,compiler,compiler lesson,,exact
NotYet,reading initializer,9,9,True,compiler,compiler lesson,,exact
NotYet,reading iterationTypes,9,9,True,compiler,compiler lesson,,exact
NotYet,reading left,9,9,True,compiler,compiler lesson,,exact
NotYet,reading parsed,9,9,True,compiler,compiler lesson,,exact
NotYet,reading reduced,9,9,True,compiler,compiler lesson,,exact
NotYet,reading temp,9,9,True,compiler,compiler lesson,,exact
NotYet,reading value,9,9,True,compiler,compiler lesson,,exact
NotYet,a BinaryExpression with a number and a string,8,8,False,compiler,compiler lesson,,exact
NotYet,a value of type K,8,8,False,compiler,compiler lesson,,exact
NotYet,new a ParenthesizedExpression,8,8,False,compiler,compiler lesson,,exact
NotYet,reading body,8,8,True,compiler,compiler lesson,,exact
NotYet,reading bundle,8,8,True,compiler,compiler lesson,,exact
NotYet,reading id,8,8,True,compiler,compiler lesson,,exact
NotYet,reading res,8,8,True,compiler,compiler lesson,,exact
NotYet,reading specifier,8,8,True,compiler,compiler lesson,,exact
NotYet,reading statements,8,8,True,compiler,compiler lesson,,exact
NotYet,reading typeNode,8,8,True,compiler,compiler lesson,,exact
NotYet,a BinaryExpression with a number and a boolean | undefined,7,7,False,compiler,compiler lesson,,exact
NotYet,a BinaryExpression with a value and a boolean | undefined,7,7,False,compiler,compiler lesson,,exact
NotYet,a rest parameter outside a nongeneric named function,7,7,False,compiler,compiler lesson,,exact
NotYet,a value of type ((node: Node) => boolean) | undefined,7,7,False,compiler,compiler lesson,,exact
NotYet,a value of type BindableStaticNameExpression,7,7,False,compiler,compiler lesson,,exact
NotYet,a value of type readonly T[],7,7,False,compiler,compiler lesson,,exact
NotYet,a value of type readonly T[] | undefined,7,7,False,compiler,compiler lesson,,exact
NotYet,reading array,7,7,True,compiler,compiler lesson,,exact
NotYet,reading autoGenerate,7,7,True,compiler,compiler lesson,,exact
NotYet,reading buildOrder,7,7,True,compiler,compiler lesson,,exact
NotYet,reading current,7,7,True,compiler,compiler lesson,,exact
NotYet,reading directoryWatcher,7,7,True,compiler,compiler lesson,,exact
NotYet,reading element,7,7,True,compiler,compiler lesson,,exact
NotYet,reading errorNode,7,7,True,compiler,compiler lesson,,exact
NotYet,reading includes,7,7,True,compiler,compiler lesson,,exact
NotYet,reading index,7,7,True,compiler,compiler lesson,,exact
NotYet,reading source,7,7,True,compiler,compiler lesson,,exact
NotYet,reading targetType,7,7,True,compiler,compiler lesson,,exact
NotYet,reading text,7,7,True,compiler,compiler lesson,,exact
NotYet,reading token,7,7,True,compiler,compiler lesson,,exact
NotYet,reading typeParameters,7,7,True,compiler,compiler lesson,,exact
NotYet,reading watcher,7,7,True,compiler,compiler lesson,,exact
NotYet,regex replacement other than a string,7,7,False,compiler,compiler lesson,,exact
NotYet,?.[] on a value,6,6,False,compiler,compiler lesson,,exact
NotYet,a BinaryExpression with a boolean and a string,6,6,False,compiler,compiler lesson,,exact
NotYet,a BinaryExpression with a union of differently held members and a boolean,6,6,False,compiler,compiler lesson,,exact
NotYet,a BinaryExpression with a value and a string,6,6,False,compiler,compiler lesson,,exact
NotYet,a value of type HasJSDoc | undefined,6,6,False,compiler,compiler lesson,,exact
NotYet,a value of type TOuterState,6,6,False,compiler,compiler lesson,,exact
NotYet,an array of boolean | undefined,6,6,False,compiler,compiler lesson,,exact
NotYet,assigning to a NonNullExpression,6,6,False,compiler,compiler lesson,,exact
NotYet,reading arg,6,6,True,compiler,compiler lesson,,exact
NotYet,reading classType,6,6,True,compiler,compiler lesson,,exact
NotYet,reading e,6,6,True,compiler,compiler lesson,,exact
NotYet,reading elem,6,6,True,compiler,compiler lesson,,exact
NotYet,reading identifier,6,6,True,compiler,compiler lesson,,exact
NotYet,reading info,6,6,True,compiler,compiler lesson,,exact
NotYet,reading lexicallyScopedSymbol,6,6,True,compiler,compiler lesson,,exact
NotYet,reading location,6,6,True,compiler,compiler lesson,,exact
NotYet,reading pos,6,6,True,compiler,compiler lesson,,exact
NotYet,reading propertyName,6,6,True,compiler,compiler lesson,,exact
NotYet,reading queue,6,6,True,compiler,compiler lesson,,exact
NotYet,reading scope,6,6,True,compiler,compiler lesson,,exact
NotYet,reading signature,6,6,True,compiler,compiler lesson,,exact
NotYet,reading start,6,6,True,compiler,compiler lesson,,exact
NotYet,reading v,6,6,True,compiler,compiler lesson,,exact
NotYet,reading valueDeclaration,6,6,True,compiler,compiler lesson,,exact
NotYet,a BinaryExpression with a string and a value,5,5,False,compiler,compiler lesson,,exact
NotYet,a case whose type differs from the switch's,5,5,False,compiler,compiler lesson,,exact
NotYet,a narrowed union member whose object tag cannot be checked with typeof; keep differently held object kinds in separately typed variables,5,5,False,compiler,compiler lesson,,exact
NotYet,a value of type ExpressionWithTypeArguments & { readonly expression: Identifier | PropertyAccessEntityNameExpression; },5,5,False,compiler,compiler lesson,,exact
NotYet,a value of type HasJSDoc,5,5,False,compiler,compiler lesson,,exact
NotYet,a value of type string | null | undefined,5,5,False,compiler,compiler lesson,,exact
NotYet,an array of ResolvedConfigFileName,5,5,False,compiler,compiler lesson,,exact
NotYet,an array of U,5,5,False,compiler,compiler lesson,,exact
NotYet,assigning to an ObjectLiteralExpression,5,5,False,compiler,compiler lesson,,exact
NotYet,reading assignedName,5,5,True,compiler,compiler lesson,,exact
NotYet,reading buildOptions,5,5,True,compiler,compiler lesson,,exact
NotYet,reading directoryExists,5,5,True,compiler,compiler lesson,,exact
NotYet,reading emittedExpression,5,5,True,compiler,compiler lesson,,exact
NotYet,reading exportSpecifiers,5,5,True,compiler,compiler lesson,,exact
NotYet,reading func,5,5,True,compiler,compiler lesson,,exact
NotYet,reading indexInfo,5,5,True,compiler,compiler lesson,,exact
NotYet,reading indexType,5,5,True,compiler,compiler lesson,,exact
NotYet,reading innerExpression,5,5,True,compiler,compiler lesson,,exact
NotYet,reading isAmbient,5,5,True,compiler,compiler lesson,,exact
NotYet,reading isAsync,5,5,True,compiler,compiler lesson,,exact
NotYet,reading isGenerator,5,5,True,compiler,compiler lesson,,exact
NotYet,reading jsFilePath,5,5,True,compiler,compiler lesson,,exact
NotYet,reading moduleSymbol,5,5,True,compiler,compiler lesson,,exact
NotYet,reading objectType,5,5,True,compiler,compiler lesson,,exact
NotYet,reading parseNode,5,5,True,compiler,compiler lesson,,exact
NotYet,reading parts,5,5,True,compiler,compiler lesson,,exact
NotYet,reading path,5,5,True,compiler,compiler lesson,,exact
NotYet,reading propType,5,5,True,compiler,compiler lesson,,exact
NotYet,reading targetParam,5,5,True,compiler,compiler lesson,,exact
NotYet,reading typeArguments,5,5,True,compiler,compiler lesson,,exact
NotYet,reading typeName,5,5,True,compiler,compiler lesson,,exact
NotYet,reading yieldType,5,5,True,compiler,compiler lesson,,exact
NotYet,a BinaryExpression with a boolean | undefined and a value,4,4,False,compiler,compiler lesson,,exact
NotYet,a BinaryExpression with a number | undefined and a boolean,4,4,False,compiler,compiler lesson,,exact
NotYet,a computed field name,4,4,False,compiler,compiler lesson,,exact
NotYet,"a field of type ""boolean"" | ""list"" | ""listOrElement"" | ""number"" | ""object"" | ""string"" | Map<string, string | number>",4,4,False,compiler,compiler lesson,,exact
NotYet,a for...of destructuring an object,4,4,False,compiler,compiler lesson,,exact
NotYet,a function returning CompilerOptionsValue,4,4,False,compiler,compiler lesson,,exact
NotYet,a function returning NodeArray<T>,4,4,False,compiler,compiler lesson,,exact
NotYet,a function returning U,4,4,False,compiler,compiler lesson,,exact
NotYet,a value of type (ConstructorDeclaration & { body: Block; }) | undefined,4,4,False,compiler,compiler lesson,,exact
NotYet,a value of type (EmitNode & { autoGenerate: AutoGenerateInfo; }) | (EmitNode & { autoGenerate: AutoGenerateInfo; }),4,4,False,compiler,compiler lesson,,exact
NotYet,a value of type CompilerOptionsValue,4,4,False,compiler,compiler lesson,,exact
NotYet,a value of type ImmediatelyInvokedArrowFunction,4,4,False,compiler,compiler lesson,,exact
NotYet,a value of type T | Program,4,4,False,compiler,compiler lesson,,exact
NotYet,a value of type T[],4,4,False,compiler,compiler lesson,,exact
NotYet,a value of type object | undefined,4,4,False,compiler,compiler lesson,,exact
NotYet,assigning an element of a value,4,4,False,compiler,compiler lesson,,exact
NotYet,reading args,4,4,True,compiler,compiler lesson,,exact
NotYet,reading argument,4,4,True,compiler,compiler lesson,,exact
NotYet,reading asteriskToken,4,4,True,compiler,compiler lesson,,exact
NotYet,reading bindings,4,4,True,compiler,compiler lesson,,exact
NotYet,reading cacheKey,4,4,True,compiler,compiler lesson,,exact
NotYet,reading cached,4,4,True,compiler,compiler lesson,,exact
NotYet,reading chain,4,4,True,compiler,compiler lesson,,exact
NotYet,reading clause,4,4,True,compiler,compiler lesson,,exact
NotYet,reading commonSourceDirectory,4,4,True,compiler,compiler lesson,,exact
NotYet,reading config,4,4,True,compiler,compiler lesson,,exact
NotYet,reading cooked,4,4,True,compiler,compiler lesson,,exact
NotYet,reading descriptorName,4,4,True,compiler,compiler lesson,,exact
NotYet,reading emitNode,4,4,True,compiler,compiler lesson,,exact
NotYet,reading emitResult,4,4,True,compiler,compiler lesson,,exact
NotYet,reading excludeRegex,4,4,True,compiler,compiler lesson,,exact
NotYet,reading exportStatement,4,4,True,compiler,compiler lesson,,exact
NotYet,reading exportedName,4,4,True,compiler,compiler lesson,,exact
NotYet,reading extensionGroup,4,4,True,compiler,compiler lesson,,exact
NotYet,reading fakeScope,4,4,True,compiler,compiler lesson,,exact
NotYet,reading hasDefaultClause,4,4,True,compiler,compiler lesson,,exact
NotYet,reading importDeclaration,4,4,True,compiler,compiler lesson,,exact
NotYet,reading instantiation,4,4,True,compiler,compiler lesson,,exact
NotYet,reading jsxFactorySymbol,4,4,True,compiler,compiler lesson,,exact
NotYet,reading kind,4,4,True,compiler,compiler lesson,,exact
NotYet,reading map,4,4,True,compiler,compiler lesson,,exact
NotYet,reading nameType,4,4,True,compiler,compiler lesson,,exact
NotYet,reading nodeModulesFolderExists,4,4,True,compiler,compiler lesson,,exact
NotYet,reading normalized,4,4,True,compiler,compiler lesson,,exact
NotYet,reading openParenPosition,4,4,True,compiler,compiler lesson,,exact
NotYet,reading original,4,4,True,compiler,compiler lesson,,exact
NotYet,reading output,4,4,True,compiler,compiler lesson,,exact
NotYet,reading parentSymbol,4,4,True,compiler,compiler lesson,,exact
NotYet,reading prop,4,4,True,compiler,compiler lesson,,exact
NotYet,reading propertyOriginalNode,4,4,True,compiler,compiler lesson,,exact
NotYet,reading props,4,4,True,compiler,compiler lesson,,exact
NotYet,reading rawText,4,4,True,compiler,compiler lesson,,exact
NotYet,reading refPath,4,4,True,compiler,compiler lesson,,exact
NotYet,reading referencedName,4,4,True,compiler,compiler lesson,,exact
NotYet,reading restParameter,4,4,True,compiler,compiler lesson,,exact
NotYet,reading s,4,4,True,compiler,compiler lesson,,exact
NotYet,reading seen,4,4,True,compiler,compiler lesson,,exact
NotYet,reading sourceIndex,4,4,True,compiler,compiler lesson,,exact
NotYet,reading varStatement,4,4,True,compiler,compiler lesson,,exact
NotYet,reading watchCompilerHost,4,4,True,compiler,compiler lesson,,exact
NotYet,Object.entries on a shape not proven by a plain literal or its const binding,3,3,False,compiler,compiler lesson,,exact
NotYet,RegExp with a nonconstant pattern,3,3,False,compiler,compiler lesson,,exact
NotYet,a BinaryExpression with a boolean and a boolean,3,3,False,compiler,compiler lesson,,exact
NotYet,a BinaryExpression with a boolean and a union of differently held members,3,3,False,compiler,compiler lesson,,exact
NotYet,a BinaryExpression with a union of differently held members and a value,3,3,False,compiler,compiler lesson,,exact
NotYet,a ConditionalExpression as a statement,3,3,False,compiler,compiler lesson,,exact
NotYet,a Map of false | MutableFileSystemEntries,3,3,False,compiler,compiler lesson,,exact
NotYet,a PrefixUnaryExpression on a number,3,3,False,compiler,compiler lesson,,exact
NotYet,a destructured name that isn't plain,3,3,False,compiler,compiler lesson,,exact
NotYet,a field holding union of differently held members,3,3,False,compiler,compiler lesson,,exact
NotYet,a function returning ResolvedConfigFileName,3,3,False,compiler,compiler lesson,,exact
NotYet,a function returning T[] | undefined,3,3,False,compiler,compiler lesson,,exact
NotYet,a function returning object,3,3,False,compiler,compiler lesson,,exact
NotYet,a function returning readonly T[] | undefined,3,3,False,compiler,compiler lesson,,exact
NotYet,a value of type (ModuleSpecifierResolutionHost & { getCommonSourceDirectory(): string; }) | undefined,3,3,False,compiler,compiler lesson,,exact
NotYet,a value of type BindableAccessExpression,3,3,False,compiler,compiler lesson,,exact
NotYet,a value of type BindableObjectDefinePropertyCall,3,3,False,compiler,compiler lesson,,exact
NotYet,a value of type Children | undefined,3,3,False,compiler,compiler lesson,,exact
NotYet,a value of type EndOfFileToken,3,3,False,compiler,compiler lesson,,exact
NotYet,a value of type InitializedVariableDeclaration,3,3,False,compiler,compiler lesson,,exact
NotYet,a value of type TypeNode & LiteralTypeNode & { readonly literal: StringLiteral; },3,3,False,compiler,compiler lesson,,exact
NotYet,a value of type U,3,3,False,compiler,compiler lesson,,exact
NotYet,a value of type WrappedExpression<AnonymousFunctionDefinition>,3,3,False,compiler,compiler lesson,,exact
NotYet,a value of type X,3,3,False,compiler,compiler lesson,,exact
NotYet,a value of type false | TypeOnlyAliasDeclaration | undefined,3,3,False,compiler,compiler lesson,,exact
NotYet,an array of NonNullable<T>,3,3,False,compiler,compiler lesson,,exact
NotYet,an array of undefined,3,3,False,compiler,compiler lesson,,exact
NotYet,destructuring anything but a tuple into [names],3,3,False,compiler,compiler lesson,,exact
NotYet,lastIndexOf with these arguments,3,3,False,compiler,compiler lesson,,exact
NotYet,reading addUndefined,3,3,True,compiler,compiler lesson,,exact
NotYet,reading awaitedType,3,3,True,compiler,compiler lesson,,exact
NotYet,reading baseTypes,3,3,True,compiler,compiler lesson,,exact
NotYet,reading buildInfo,3,3,True,compiler,compiler lesson,,exact
NotYet,reading callee,3,3,True,compiler,compiler lesson,,exact
NotYet,reading configFile,3,3,True,compiler,compiler lesson,,exact
NotYet,reading constructor,3,3,True,compiler,compiler lesson,,exact
NotYet,reading declaredType,3,3,True,compiler,compiler lesson,,exact
NotYet,reading defaultType,3,3,True,compiler,compiler lesson,,exact
NotYet,reading diagnosticStart,3,3,True,compiler,compiler lesson,,exact
NotYet,reading diff,3,3,True,compiler,compiler lesson,,exact
NotYet,reading elementType,3,3,True,compiler,compiler lesson,,exact
NotYet,reading emitSuperHelpers,3,3,True,compiler,compiler lesson,,exact
NotYet,reading enclosingDeclaration,3,3,True,compiler,compiler lesson,,exact
NotYet,reading encodeURI,3,3,True,compiler,compiler lesson,,exact
NotYet,reading entityName,3,3,True,compiler,compiler lesson,,exact
NotYet,reading evaluated,3,3,True,compiler,compiler lesson,,exact
NotYet,reading exports,3,3,True,compiler,compiler lesson,,exact
NotYet,reading fileName,3,3,True,compiler,compiler lesson,,exact
NotYet,reading filesSpecs,3,3,True,compiler,compiler lesson,,exact
NotYet,reading filtered,3,3,True,compiler,compiler lesson,,exact
NotYet,reading firstAccessorWithDecorators,3,3,True,compiler,compiler lesson,,exact
NotYet,reading firstDecl,3,3,True,compiler,compiler lesson,,exact
NotYet,reading firstDeclaration,3,3,True,compiler,compiler lesson,,exact
NotYet,reading functionName,3,3,True,compiler,compiler lesson,,exact
NotYet,reading getCommonSourceDirectory,3,3,True,compiler,compiler lesson,,exact
NotYet,reading graphNode,3,3,True,compiler,compiler lesson,,exact
NotYet,reading hasRestParameter,3,3,True,compiler,compiler lesson,,exact
NotYet,reading hostNode,3,3,True,compiler,compiler lesson,,exact
NotYet,reading inferredProp,3,3,True,compiler,compiler lesson,,exact
NotYet,reading introducesError,3,3,True,compiler,compiler lesson,,exact
NotYet,reading isImmediatelyInvoked,3,3,True,compiler,compiler lesson,,exact
NotYet,reading isSimilarNode,3,3,True,compiler,compiler lesson,,exact
NotYet,reading jsdocAliasDecl,3,3,True,compiler,compiler lesson,,exact
NotYet,reading keyPropertyName,3,3,True,compiler,compiler lesson,,exact
NotYet,reading last,3,3,True,compiler,compiler lesson,,exact
NotYet,reading lastDecorator,3,3,True,compiler,compiler lesson,,exact
NotYet,reading lastError,3,3,True,compiler,compiler lesson,,exact
NotYet,reading line,3,3,True,compiler,compiler lesson,,exact
NotYet,reading loadPackageJsonMainState,3,3,True,compiler,compiler lesson,,exact
NotYet,reading major,3,3,True,compiler,compiler lesson,,exact
NotYet,reading mappedType,3,3,True,compiler,compiler lesson,,exact
NotYet,reading mapper,3,3,True,compiler,compiler lesson,,exact
NotYet,reading mapping,3,3,True,compiler,compiler lesson,,exact
NotYet,reading match,3,3,True,compiler,compiler lesson,,exact
NotYet,reading method,3,3,True,compiler,compiler lesson,,exact
NotYet,reading methodType,3,3,True,compiler,compiler lesson,,exact
NotYet,reading moveModifiers,3,3,True,compiler,compiler lesson,,exact
NotYet,reading named,3,3,True,compiler,compiler lesson,,exact
NotYet,reading oldEmitKind,3,3,True,compiler,compiler lesson,,exact
NotYet,reading oldOptions,3,3,True,compiler,compiler lesson,,exact
NotYet,reading operand,3,3,True,compiler,compiler lesson,,exact
NotYet,reading outerTypeParameters,3,3,True,compiler,compiler lesson,,exact
NotYet,reading parameters,3,3,True,compiler,compiler lesson,,exact
NotYet,reading parentType,3,3,True,compiler,compiler lesson,,exact
NotYet,reading property,3,3,True,compiler,compiler lesson,,exact
NotYet,reading questionToken,3,3,True,compiler,compiler lesson,,exact
NotYet,reading range,3,3,True,compiler,compiler lesson,,exact
NotYet,reading resolution,3,3,True,compiler,compiler lesson,,exact
NotYet,reading resolvedRequire,3,3,True,compiler,compiler lesson,,exact
NotYet,reading restElement,3,3,True,compiler,compiler lesson,,exact
NotYet,reading root,3,3,True,compiler,compiler lesson,,exact
NotYet,reading setter,3,3,True,compiler,compiler lesson,,exact
NotYet,reading signatures,3,3,True,compiler,compiler lesson,,exact
NotYet,reading state,3,3,True,compiler,compiler lesson,,exact
NotYet,reading suggestion,3,3,True,compiler,compiler lesson,,exact
NotYet,reading targetFlags,3,3,True,compiler,compiler lesson,,exact
NotYet,reading targetSymbol,3,3,True,compiler,compiler lesson,,exact
NotYet,reading thisType,3,3,True,compiler,compiler lesson,,exact
NotYet,reading tupleType,3,3,True,compiler,compiler lesson,,exact
NotYet,reading typeCopy,3,3,True,compiler,compiler lesson,,exact
NotYet,reading typeSymbol,3,3,True,compiler,compiler lesson,,exact
NotYet,JSON.stringify object references (structural types can hide fields and toJSON; runtime shapes need complete value metadata),2,2,False,compiler,compiler lesson,,exact
NotYet,a BinaryExpression with a boolean | undefined and a boolean,2,2,False,compiler,compiler lesson,,exact
NotYet,a BinaryExpression with a number | undefined and a number | undefined,2,2,False,compiler,compiler lesson,,exact
NotYet,a BinaryExpression with a union of differently held members and a string,2,2,False,compiler,compiler lesson,,exact
NotYet,a BinaryExpression with a value and a number | undefined,2,2,False,compiler,compiler lesson,,exact
NotYet,a Map of HostFileInfo,2,2,False,compiler,compiler lesson,,exact
NotYet,a Map of VisitResult<ExportAssignment | LateVisibilityPaintedStatement | undefined>,2,2,False,compiler,compiler lesson,,exact
NotYet,a comparator that doesn't take two elements and return a number,2,2,False,compiler,compiler lesson,,exact
NotYet,a field of type AnyBuildOrder | undefined,2,2,False,compiler,compiler lesson,,exact
NotYet,a field of type NodeArray<ParameterDeclaration> | readonly JSDocParameterTag[],2,2,False,compiler,compiler lesson,,exact
NotYet,a field of type boolean | (() => boolean) | undefined,2,2,False,compiler,compiler lesson,,exact
NotYet,a field of type false | string[] | undefined,2,2,False,compiler,compiler lesson,,exact
NotYet,a field of type string | number | undefined,2,2,False,compiler,compiler lesson,,exact
NotYet,a function returning PackageJson[K] | undefined,2,2,False,compiler,compiler lesson,,exact
NotYet,a function returning SortedReadonlyArray<T>,2,2,False,compiler,compiler lesson,,exact
NotYet,a function returning V,2,2,False,compiler,compiler lesson,,exact
NotYet,"a function returning WatchFactory<X, Y>[T]",2,2,False,compiler,compiler lesson,,exact
NotYet,a function returning readonly T[],2,2,False,compiler,compiler lesson,,exact
NotYet,"a function returning void | ""skip""",2,2,False,compiler,compiler lesson,,exact
NotYet,a rest array of (string | number | boolean | readonly string[] | SourceFile | undefined)[],2,2,False,compiler,compiler lesson,,exact
NotYet,a rest parameter other than an array,2,2,False,compiler,compiler lesson,,exact
NotYet,a tagged template other than the intrinsic String.raw,2,2,False,compiler,compiler lesson,,exact
NotYet,a tuple element of type string | number | boolean | readonly string[] | SourceFile | undefined,2,2,False,compiler,compiler lesson,,exact
NotYet,a value of type (AssignmentExpression<EqualsToken> & { readonly left: GeneratedIdentifier; }) | undefined,2,2,False,compiler,compiler lesson,,exact
NotYet,a value of type AnonymousFunctionDefinition,2,2,False,compiler,compiler lesson,,exact
NotYet,a value of type CompilerHost & ReadBuildProgramHost,2,2,False,compiler,compiler lesson,,exact
NotYet,a value of type EmitNode & { autoGenerate: AutoGenerateInfo; },2,2,False,compiler,compiler lesson,,exact
NotYet,a value of type ExpressionWithTypeArguments & { expression: Identifier | PropertyAccessEntityNameExpression; },2,2,False,compiler,compiler lesson,,exact
NotYet,a value of type K | undefined,2,2,False,compiler,compiler lesson,,exact
NotYet,a value of type ParameterPropertyDeclaration,2,2,False,compiler,compiler lesson,,exact
NotYet,a value of type SourceFile,2,2,False,compiler,compiler lesson,,exact
NotYet,a value of type ThisCapturingVariableDeclaration,2,2,False,compiler,compiler lesson,,exact
NotYet,a value of type U | readonly U[] | undefined,2,2,False,compiler,compiler lesson,,exact
NotYet,a value of type U | undefined,2,2,False,compiler,compiler lesson,,exact
NotYet,a value of type V | undefined,2,2,False,compiler,compiler lesson,,exact
NotYet,a value of type false | RegExpExecArray | null,2,2,False,compiler,compiler lesson,,exact
NotYet,an array of Child,2,2,False,compiler,compiler lesson,,exact
NotYet,an array of V,2,2,False,compiler,compiler lesson,,exact
NotYet,destructuring a value,2,2,False,compiler,compiler lesson,,exact
NotYet,"indexOf on a tuple (a tuple is held as an object, not an array, so far; write it as an array where it's made)",2,2,False,compiler,compiler lesson,,exact
NotYet,passing union of differently held members to a function value,2,2,False,compiler,compiler lesson,,exact
NotYet,reading aComponents,2,2,True,compiler,compiler lesson,,exact
NotYet,reading accessorDeclarations,2,2,True,compiler,compiler lesson,,exact
NotYet,reading allAccessors,2,2,True,compiler,compiler lesson,,exact
NotYet,reading allowStructuralFallback,2,2,True,compiler,compiler lesson,,exact
NotYet,reading assignClassAliasInStaticBlock,2,2,True,compiler,compiler lesson,,exact
NotYet,reading assignment,2,2,True,compiler,compiler lesson,,exact
NotYet,reading assumeInitialized,2,2,True,compiler,compiler lesson,,exact
NotYet,reading baseClassType,2,2,True,compiler,compiler lesson,,exact
NotYet,reading baseObjectType,2,2,True,compiler,compiler lesson,,exact
NotYet,reading cacheAssignment,2,2,True,compiler,compiler lesson,,exact
NotYet,reading cachedPackageJson,2,2,True,compiler,compiler lesson,,exact
NotYet,reading call,2,2,True,compiler,compiler lesson,,exact
NotYet,reading callSignatures,2,2,True,compiler,compiler lesson,,exact
NotYet,reading callbackToAdd,2,2,True,compiler,compiler lesson,,exact
NotYet,reading capturedLeft,2,2,True,compiler,compiler lesson,,exact
NotYet,reading classDeclaration,2,2,True,compiler,compiler lesson,,exact
NotYet,reading columns,2,2,True,compiler,compiler lesson,,exact
NotYet,reading commentRange,2,2,True,compiler,compiler lesson,,exact
NotYet,reading comments,2,2,True,compiler,compiler lesson,,exact
NotYet,reading constructSignatures,2,2,True,compiler,compiler lesson,,exact
NotYet,reading constructorDeclaration,2,2,True,compiler,compiler lesson,,exact
NotYet,reading containingFileName,2,2,True,compiler,compiler lesson,,exact
NotYet,reading contextualAwaitedType,2,2,True,compiler,compiler lesson,,exact
NotYet,reading contextualType,2,2,True,compiler,compiler lesson,,exact
NotYet,reading curCategory,2,2,True,compiler,compiler lesson,,exact
NotYet,reading currentNode,2,2,True,compiler,compiler lesson,,exact
NotYet,reading data,2,2,True,compiler,compiler lesson,,exact
NotYet,reading declBlocked,2,2,True,compiler,compiler lesson,,exact
NotYet,reading declarationFilePath,2,2,True,compiler,compiler lesson,,exact
NotYet,reading declarations,2,2,True,compiler,compiler lesson,,exact
NotYet,reading decorator,2,2,True,compiler,compiler lesson,,exact
NotYet,reading defaultIndex,2,2,True,compiler,compiler lesson,,exact
NotYet,reading diagnostic,2,2,True,compiler,compiler lesson,,exact
NotYet,reading diagnosticWithLocation,2,2,True,compiler,compiler lesson,,exact
NotYet,reading diags,2,2,True,compiler,compiler lesson,,exact
NotYet,reading directoryPath,2,2,True,compiler,compiler lesson,,exact
NotYet,reading dupFile,2,2,True,compiler,compiler lesson,,exact
NotYet,reading elementTypes,2,2,True,compiler,compiler lesson,,exact
NotYet,reading emitFlags,2,2,True,compiler,compiler lesson,,exact
NotYet,reading emittedOperand,2,2,True,compiler,compiler lesson,,exact
NotYet,reading enclosingClass,2,2,True,compiler,compiler lesson,,exact
NotYet,reading endLabel,2,2,True,compiler,compiler lesson,,exact
NotYet,reading equalsToken,2,2,True,compiler,compiler lesson,,exact
NotYet,reading errorInfo,2,2,True,compiler,compiler lesson,,exact
NotYet,reading errorRecord,2,2,True,compiler,compiler lesson,,exact
NotYet,reading exportEquals,2,2,True,compiler,compiler lesson,,exact
NotYet,reading exportName,2,2,True,compiler,compiler lesson,,exact
NotYet,reading exportStarFunction,2,2,True,compiler,compiler lesson,,exact
NotYet,reading exported,2,2,True,compiler,compiler lesson,,exact
NotYet,reading externalHelpersImportDeclaration,2,2,True,compiler,compiler lesson,,exact
NotYet,reading extraInitializersName,2,2,True,compiler,compiler lesson,,exact
NotYet,reading first,2,2,True,compiler,compiler lesson,,exact
NotYet,reading firstArgument,2,2,True,compiler,compiler lesson,,exact
NotYet,reading firstParameterIsThis,2,2,True,compiler,compiler lesson,,exact
NotYet,reading fixedEndLength,2,2,True,compiler,compiler lesson,,exact
NotYet,reading flatDiagnostics,2,2,True,compiler,compiler lesson,,exact
NotYet,reading fromCache,2,2,True,compiler,compiler lesson,,exact
NotYet,reading fromComponents,2,2,True,compiler,compiler lesson,,exact
NotYet,reading fullName,2,2,True,compiler,compiler lesson,,exact
NotYet,reading generatorYieldType,2,2,True,compiler,compiler lesson,,exact
NotYet,reading getCanonicalFileName,2,2,True,compiler,compiler lesson,,exact
NotYet,reading getModifiedTime,2,2,True,compiler,compiler lesson,,exact
NotYet,reading getter,2,2,True,compiler,compiler lesson,,exact
NotYet,reading gutterWidth,2,2,True,compiler,compiler lesson,,exact
NotYet,reading hasDefault,2,2,True,compiler,compiler lesson,,exact
NotYet,reading helper,2,2,True,compiler,compiler lesson,,exact
NotYet,reading heritageClause,2,2,True,compiler,compiler lesson,,exact
NotYet,reading immediate,2,2,True,compiler,compiler lesson,,exact
NotYet,reading implementsTypeNodes,2,2,True,compiler,compiler lesson,,exact
NotYet,reading indexInfos,2,2,True,compiler,compiler lesson,,exact
NotYet,reading initialType,2,2,True,compiler,compiler lesson,,exact
NotYet,reading innerModuleSymbol,2,2,True,compiler,compiler lesson,,exact
NotYet,reading intrinsicElementsType,2,2,True,compiler,compiler lesson,,exact
NotYet,reading invalidatedProject,2,2,True,compiler,compiler lesson,,exact
NotYet,reading isDeferredMappedIndex,2,2,True,compiler,compiler lesson,,exact
NotYet,reading isFinite,2,2,True,compiler,compiler lesson,,exact
NotYet,reading isJSDoc,2,2,True,compiler,compiler lesson,,exact
NotYet,reading isOptionalChain,2,2,True,compiler,compiler lesson,,exact
NotYet,reading isSetonlyAccessor,2,2,True,compiler,compiler lesson,,exact
NotYet,reading isUsed,2,2,True,compiler,compiler lesson,,exact
NotYet,reading jsdocParameters,2,2,True,compiler,compiler lesson,,exact
NotYet,reading key,2,2,True,compiler,compiler lesson,,exact
NotYet,reading label,2,2,True,compiler,compiler lesson,,exact
NotYet,reading lastModifier,2,2,True,compiler,compiler lesson,,exact
NotYet,reading lastParamVariadicType,2,2,True,compiler,compiler lesson,,exact
NotYet,reading leadingNewlines,2,2,True,compiler,compiler lesson,,exact
NotYet,reading leftType,2,2,True,compiler,compiler lesson,,exact
NotYet,reading len,2,2,True,compiler,compiler lesson,,exact
NotYet,reading length,2,2,True,compiler,compiler lesson,,exact
NotYet,reading lineNumber,2,2,True,compiler,compiler lesson,,exact
NotYet,reading linesBeforeDot,2,2,True,compiler,compiler lesson,,exact
NotYet,reading linkType,2,2,True,compiler,compiler lesson,,exact
NotYet,reading list,2,2,True,compiler,compiler lesson,,exact
NotYet,reading local,2,2,True,compiler,compiler lesson,,exact
NotYet,reading mapped,2,2,True,compiler,compiler lesson,,exact
NotYet,reading maybeParameters,2,2,True,compiler,compiler lesson,,exact
NotYet,reading members,2,2,True,compiler,compiler lesson,,exact
NotYet,reading methodSignatures,2,2,True,compiler,compiler lesson,,exact
NotYet,reading min,2,2,True,compiler,compiler lesson,,exact
NotYet,reading missing,2,2,True,compiler,compiler lesson,,exact
NotYet,reading modifier,2,2,True,compiler,compiler lesson,,exact
NotYet,reading mustBeRemoved,2,2,True,compiler,compiler lesson,,exact
NotYet,reading names,2,2,True,compiler,compiler lesson,,exact
NotYet,reading namespaceDeclaration,2,2,True,compiler,compiler lesson,,exact
NotYet,reading needsParens,2,2,True,compiler,compiler lesson,,exact
NotYet,reading newAliasSymbol,2,2,True,compiler,compiler lesson,,exact
NotYet,reading newParametersArray,2,2,True,compiler,compiler lesson,,exact
NotYet,reading newParsedCommandLine,2,2,True,compiler,compiler lesson,,exact
NotYet,reading newSignature,2,2,True,compiler,compiler lesson,,exact
NotYet,reading nextKey,2,2,True,compiler,compiler lesson,,exact
NotYet,reading noTruncation,2,2,True,compiler,compiler lesson,,exact
NotYet,reading nodeId,2,2,True,compiler,compiler lesson,,exact
NotYet,reading ok,2,2,True,compiler,compiler lesson,,exact
NotYet,reading openBracePosition,2,2,True,compiler,compiler lesson,,exact
NotYet,reading operatorKind,2,2,True,compiler,compiler lesson,,exact
NotYet,reading operatorToken,2,2,True,compiler,compiler lesson,,exact
NotYet,reading originalClassDecl,2,2,True,compiler,compiler lesson,,exact
NotYet,reading otherAccessor,2,2,True,compiler,compiler lesson,,exact
NotYet,reading override,2,2,True,compiler,compiler lesson,,exact
NotYet,reading ownKey,2,2,True,compiler,compiler lesson,,exact
NotYet,reading param,2,2,True,compiler,compiler lesson,,exact
NotYet,reading paramCount,2,2,True,compiler,compiler lesson,,exact
NotYet,reading paramSymbol,2,2,True,compiler,compiler lesson,,exact
NotYet,reading parenthesizerRule,2,2,True,compiler,compiler lesson,,exact
NotYet,reading parsedCommandLine,2,2,True,compiler,compiler lesson,,exact
NotYet,reading pathAndExtension,2,2,True,compiler,compiler lesson,,exact
NotYet,reading pattern,2,2,True,compiler,compiler lesson,,exact
NotYet,reading patterns,2,2,True,compiler,compiler lesson,,exact
NotYet,reading pendingDeclaration,2,2,True,compiler,compiler lesson,,exact
NotYet,reading possiblyOutOfBoundsType,2,2,True,compiler,compiler lesson,,exact
NotYet,reading pragma,2,2,True,compiler,compiler lesson,,exact
NotYet,reading predicate,2,2,True,compiler,compiler lesson,,exact
NotYet,reading primaryTypes,2,2,True,compiler,compiler lesson,,exact
NotYet,reading programDiagnosticsInFile,2,2,True,compiler,compiler lesson,,exact
NotYet,reading propName,2,2,True,compiler,compiler lesson,,exact
NotYet,reading questionDotToken,2,2,True,compiler,compiler lesson,,exact
NotYet,reading real,2,2,True,compiler,compiler lesson,,exact
NotYet,reading reducedTypes,2,2,True,compiler,compiler lesson,,exact
NotYet,reading relatedInfo,2,2,True,compiler,compiler lesson,,exact
NotYet,reading relativeFileName,2,2,True,compiler,compiler lesson,,exact
NotYet,reading remove,2,2,True,compiler,compiler lesson,,exact
NotYet,reading resolvedFileName,2,2,True,compiler,compiler lesson,,exact
NotYet,reading resolvedProject,2,2,True,compiler,compiler lesson,,exact
NotYet,reading resolvedTypeSymbol,2,2,True,compiler,compiler lesson,,exact
NotYet,reading restIdent,2,2,True,compiler,compiler lesson,,exact
NotYet,reading returnMethod,2,2,True,compiler,compiler lesson,,exact
NotYet,reading returnType,2,2,True,compiler,compiler lesson,,exact
NotYet,reading returnTypeNode,2,2,True,compiler,compiler lesson,,exact
NotYet,reading right,2,2,True,compiler,compiler lesson,,exact
NotYet,reading savedPreserveSourceNewlines,2,2,True,compiler,compiler lesson,,exact
NotYet,reading semanticDiagnostics,2,2,True,compiler,compiler lesson,,exact
NotYet,reading shortest,2,2,True,compiler,compiler lesson,,exact
NotYet,reading signatureDeclaration,2,2,True,compiler,compiler lesson,,exact
NotYet,reading sourceEmitHelpers,2,2,True,compiler,compiler lesson,,exact
NotYet,reading sourceFilePath,2,2,True,compiler,compiler lesson,,exact
NotYet,reading sourceFileWithAddedExtension,2,2,True,compiler,compiler lesson,,exact
NotYet,reading sourceFiles,2,2,True,compiler,compiler lesson,,exact
NotYet,reading sourceRoot,2,2,True,compiler,compiler lesson,,exact
NotYet,reading sourceSymbolFile,2,2,True,compiler,compiler lesson,,exact
NotYet,reading spread,2,2,True,compiler,compiler lesson,,exact
NotYet,reading str,2,2,True,compiler,compiler lesson,,exact
NotYet,reading substitute,2,2,True,compiler,compiler lesson,,exact
NotYet,reading targetIndex,2,2,True,compiler,compiler lesson,,exact
NotYet,reading targetReturnType,2,2,True,compiler,compiler lesson,,exact
NotYet,reading terminalWidth,2,2,True,compiler,compiler lesson,,exact
NotYet,reading testedSymbol,2,2,True,compiler,compiler lesson,,exact
NotYet,reading thisContainer,2,2,True,compiler,compiler lesson,,exact
NotYet,reading timerToUpdateChildWatches,2,2,True,compiler,compiler lesson,,exact
NotYet,reading toComponents,2,2,True,compiler,compiler lesson,,exact
NotYet,reading toWatch,2,2,True,compiler,compiler lesson,,exact
NotYet,reading transform,2,2,True,compiler,compiler lesson,,exact
NotYet,reading trueType,2,2,True,compiler,compiler lesson,,exact
NotYet,reading ts,2,2,True,compiler,compiler lesson,,exact
NotYet,reading typeLiteralNode,2,2,True,compiler,compiler lesson,,exact
NotYet,reading typeOnlyDeclaration,2,2,True,compiler,compiler lesson,,exact
NotYet,reading typeOnlyDeclarationIsExportStar,2,2,True,compiler,compiler lesson,,exact
NotYet,reading typeParameter,2,2,True,compiler,compiler lesson,,exact
NotYet,reading typeParams,2,2,True,compiler,compiler lesson,,exact
NotYet,reading typesVersions,2,2,True,compiler,compiler lesson,,exact
NotYet,reading valueSymbol,2,2,True,compiler,compiler lesson,,exact
NotYet,reading valueType,2,2,True,compiler,compiler lesson,,exact
NotYet,reading varDecl,2,2,True,compiler,compiler lesson,,exact
NotYet,reading variable,2,2,True,compiler,compiler lesson,,exact
NotYet,reading versionPaths,2,2,True,compiler,compiler lesson,,exact
NotYet,reading visibleDefaultBinding,2,2,True,compiler,compiler lesson,,exact
NotYet,reading visitedAccessorName,2,2,True,compiler,compiler lesson,,exact
NotYet,reading widened,2,2,True,compiler,compiler lesson,,exact
NotYet,reading yieldedType,2,2,True,compiler,compiler lesson,,exact
NotYet,storing true | Node | undefined in a field,2,2,False,compiler,compiler lesson,,exact
NotYet,.length on a value,1,1,False,compiler,compiler lesson,,exact
NotYet,"?. to a number, which would be number | undefined",1,1,False,compiler,compiler lesson,,exact
NotYet,JSON.stringify a union containing containers without runtime element metadata,1,1,False,compiler,compiler lesson,,exact
NotYet,Object.assign on a shape not proven by a plain literal or its const binding,1,1,False,compiler,compiler lesson,,exact
NotYet,a BinaryExpression with a boolean and a number | undefined,1,1,False,compiler,compiler lesson,,exact
NotYet,a BinaryExpression with a number and a union of differently held members,1,1,False,compiler,compiler lesson,,exact
NotYet,a BinaryExpression with a number | undefined and a boolean | undefined,1,1,False,compiler,compiler lesson,,exact
NotYet,a BinaryExpression with a number | undefined and a string,1,1,False,compiler,compiler lesson,,exact
NotYet,a BinaryExpression with a string and a boolean | undefined,1,1,False,compiler,compiler lesson,,exact
NotYet,a BinaryExpression with a union of differently held members and a boolean | undefined,1,1,False,compiler,compiler lesson,,exact
NotYet,a BinaryExpression with a union of differently held members and a union of differently held members,1,1,False,compiler,compiler lesson,,exact
NotYet,a ClassExpression,1,1,False,compiler,compiler lesson,,exact
NotYet,a DeleteExpression as a statement,1,1,False,compiler,compiler lesson,,exact
NotYet,a Map of CompilerOptionsValue,1,1,False,compiler,compiler lesson,,exact
NotYet,a Map of ResolvedConfigFilePath,1,1,False,compiler,compiler lesson,,exact
NotYet,a Map of T,1,1,False,compiler,compiler lesson,,exact
NotYet,a Map of string | number,1,1,False,compiler,compiler lesson,,exact
NotYet,a Map whose key and value types aren't known,1,1,False,compiler,compiler lesson,,exact
NotYet,a PostfixUnaryExpression,1,1,False,compiler,compiler lesson,,exact
NotYet,"a Set of ResolvedConfigFilePath (a Set holds strings, numbers, booleans, objects, arrays, maps or functions so far)",1,1,False,compiler,compiler lesson,,exact
NotYet,a YieldExpression as a statement,1,1,False,compiler,compiler lesson,,exact
NotYet,a base that isn't a declared class,1,1,False,compiler,compiler lesson,,exact
NotYet,a call returning T,1,1,False,compiler,compiler lesson,,exact
NotYet,a case that isn't a constant,1,1,False,compiler,compiler lesson,,exact
NotYet,a destructured name held otherwise than its field,1,1,False,compiler,compiler lesson,,exact
NotYet,a destructured parameter beside a parameter with a default,1,1,False,compiler,compiler lesson,,exact
NotYet,"a field of type ""boolean"" | ""list"" | ""number"" | ""object"" | ""string"" | Map<string, string | number>",1,1,False,compiler,compiler lesson,,exact
NotYet,"a field of type ""boolean"" | ""number"" | ""object"" | ""string"" | Map<string, string | number>",1,1,False,compiler,compiler lesson,,exact
NotYet,a field of type 0 | boolean | undefined,1,1,False,compiler,compiler lesson,,exact
NotYet,a field of type boolean | (() => boolean),1,1,False,compiler,compiler lesson,,exact
NotYet,a field of type string | false,1,1,False,compiler,compiler lesson,,exact
NotYet,a field of type string | false | undefined,1,1,False,compiler,compiler lesson,,exact
NotYet,a function returning ((...args: A) => R) | undefined,1,1,False,compiler,compiler lesson,,exact
NotYet,a function returning () => T,1,1,False,compiler,compiler lesson,,exact
NotYet,a function returning (AssignmentExpression<EqualsToken> & { readonly left: GeneratedIdentifier; }) | undefined,1,1,False,compiler,compiler lesson,,exact
NotYet,a function returning (ConstructorDeclaration & { body: Block; }) | undefined,1,1,False,compiler,compiler lesson,,exact
NotYet,a function returning (arg: A) => T,1,1,False,compiler,compiler lesson,,exact
NotYet,a function returning A,1,1,False,compiler,compiler lesson,,exact
NotYet,a function returning AnyValidImportOrReExport,1,1,False,compiler,compiler lesson,,exact
NotYet,a function returning AnyValidImportOrReExport | undefined,1,1,False,compiler,compiler lesson,,exact
NotYet,a function returning BuildInvalidedProject<T>,1,1,False,compiler,compiler lesson,,exact
NotYet,a function returning BuildInvalidedProject<T> | UpdateOutputFileStampsProject,1,1,False,compiler,compiler lesson,,exact
NotYet,a function returning CanonicalKey,1,1,False,compiler,compiler lesson,,exact
NotYet,a function returning CapturedThis,1,1,False,compiler,compiler lesson,,exact
NotYet,a function returning ClassExpression | ImmediatelyInvokedArrowFunction,1,1,False,compiler,compiler lesson,,exact
NotYet,a function returning ClassNamedEvaluationHelperBlock,1,1,False,compiler,compiler lesson,,exact
NotYet,a function returning ClassStaticBlockDeclaration | Decorator | PrivateIdentifierGetAccessorDeclaration | ... 5 more ... | undefined,1,1,False,compiler,compiler lesson,,exact
NotYet,a function returning ClassThisAssignmentBlock,1,1,False,compiler,compiler lesson,,exact
NotYet,a function returning Declaration & HasModifiers,1,1,False,compiler,compiler lesson,,exact
NotYet,a function returning EvaluatorResult<T>,1,1,False,compiler,compiler lesson,,exact
NotYet,a function returning ExpressionWithTypeArguments & { expression: Identifier | PropertyAccessEntityNameExpression; },1,1,False,compiler,compiler lesson,,exact
NotYet,a function returning ExpressionWithTypeArguments & { readonly expression: Identifier | PropertyAccessEntityNameExpression; },1,1,False,compiler,compiler lesson,,exact
NotYet,a function returning HasJSDoc | undefined,1,1,False,compiler,compiler lesson,,exact
NotYet,a function returning ImmediatelyInvokedArrowFunction,1,1,False,compiler,compiler lesson,,exact
NotYet,a function returning InferenceContext | (T & undefined),1,1,False,compiler,compiler lesson,,exact
NotYet,a function returning InvalidatedProject<T> | undefined,1,1,False,compiler,compiler lesson,,exact
NotYet,a function returning MemberName | (Expression & (NumericLiteral | StringLiteralLike)),1,1,False,compiler,compiler lesson,,exact
NotYet,a function returning MissingList<T>,1,1,False,compiler,compiler lesson,,exact
NotYet,a function returning ModeAwareCache<T>,1,1,False,compiler,compiler lesson,,exact
NotYet,a function returning ModifierToken<T>,1,1,False,compiler,compiler lesson,,exact
NotYet,a function returning ModuleOrTypeReferenceResolutionCache<T>,1,1,False,compiler,compiler lesson,,exact
NotYet,"a function returning MultiMap<K, V>",1,1,False,compiler,compiler lesson,,exact
NotYet,a function returning NodeArray<NonNullable<T>> | undefined,1,1,False,compiler,compiler lesson,,exact
NotYet,a function returning NonNullable<T>,1,1,False,compiler,compiler lesson,,exact
NotYet,a function returning NonRelativeNameResolutionCache<T>,1,1,False,compiler,compiler lesson,,exact
NotYet,a function returning PerDirectoryResolutionCache<T>,1,1,False,compiler,compiler lesson,,exact
NotYet,a function returning R,1,1,False,compiler,compiler lesson,,exact
NotYet,a function returning ResolvedConfigFilePath,1,1,False,compiler,compiler lesson,,exact
NotYet,a function returning ReusableDiagnosticMessageChain,1,1,False,compiler,compiler lesson,,exact
NotYet,a function returning SolutionBuilder<T>,1,1,False,compiler,compiler lesson,,exact
NotYet,a function returning SyntheticSuper,1,1,False,compiler,compiler lesson,,exact
NotYet,a function returning T | EmptyStatement | undefined,1,1,False,compiler,compiler lesson,,exact
NotYet,a function returning T | Identifier,1,1,False,compiler,compiler lesson,,exact
NotYet,a function returning T | NumericLiteral | StringLiteral | BooleanLiteral,1,1,False,compiler,compiler lesson,,exact
NotYet,a function returning T | StringLiteral,1,1,False,compiler,compiler lesson,,exact
NotYet,a function returning T | readonly T[] | undefined,1,1,False,compiler,compiler lesson,,exact
NotYet,a function returning T1 & T2,1,1,False,compiler,compiler lesson,,exact
NotYet,a function returning TEntry | undefined,1,1,False,compiler,compiler lesson,,exact
NotYet,a function returning TOut,1,1,False,compiler,compiler lesson,,exact
NotYet,a function returning TOut | undefined,1,1,False,compiler,compiler lesson,,exact
NotYet,a function returning TPrivateEntry | undefined,1,1,False,compiler,compiler lesson,,exact
NotYet,a function returning TResult,1,1,False,compiler,compiler lesson,,exact
NotYet,a function returning T[][],1,1,False,compiler,compiler lesson,,exact
NotYet,a function returning Token<TKind>,1,1,False,compiler,compiler lesson,,exact
NotYet,a function returning TransformationResult<T>,1,1,False,compiler,compiler lesson,,exact
NotYet,a function returning TypeMapper | (T & undefined),1,1,False,compiler,compiler lesson,,exact
NotYet,a function returning TypeOnlyAliasDeclaration | undefined,1,1,False,compiler,compiler lesson,,exact
NotYet,a function returning U[],1,1,False,compiler,compiler lesson,,exact
NotYet,a function returning U[] | undefined,1,1,False,compiler,compiler lesson,,exact
NotYet,a function returning V | undefined,1,1,False,compiler,compiler lesson,,exact
NotYet,a function returning V[],1,1,False,compiler,compiler lesson,,exact
NotYet,a function returning VisitResult<T>,1,1,False,compiler,compiler lesson,,exact
NotYet,a function returning WatchCompilerHostOfConfigFile<T>,1,1,False,compiler,compiler lesson,,exact
NotYet,a function returning WatchCompilerHostOfFilesAndCompilerOptions<T>,1,1,False,compiler,compiler lesson,,exact
NotYet,a function returning object | undefined,1,1,False,compiler,compiler lesson,,exact
NotYet,a function returning readonly Resolution[],1,1,False,compiler,compiler lesson,,exact
NotYet,a function returning readonly U[],1,1,False,compiler,compiler lesson,,exact
NotYet,a function returning readonly U[] | undefined,1,1,False,compiler,compiler lesson,,exact
NotYet,a function returning string | object,1,1,False,compiler,compiler lesson,,exact
NotYet,a function returning unknown,1,1,False,compiler,compiler lesson,,exact
NotYet,a function returning void | SolutionBuilder<EmitAndSemanticDiagnosticsBuilderProgram>,1,1,False,compiler,compiler lesson,,exact
NotYet,a function returning void | SolutionBuilder<EmitAndSemanticDiagnosticsBuilderProgram> | WatchOfConfigFile<EmitAndSemanticDiagnosticsBuilderProgram>,1,1,False,compiler,compiler lesson,,exact
NotYet,a function returning void | WatchOfConfigFile<EmitAndSemanticDiagnosticsBuilderProgram>,1,1,False,compiler,compiler lesson,,exact
NotYet,a function returning void | number | Symbol,1,1,False,compiler,compiler lesson,,exact
NotYet,a function returning { [P in K as `${P}`]?: T[]; },1,1,False,compiler,compiler lesson,,exact
NotYet,a function returning { modifiers: NodeArray<Modifier> | undefined; referencedName: Expression | undefined; name: PropertyName; initializersName: Identifier | undefined; descriptorName: Identifier | undefined; thisArg: Identifier | undefined; extraInitializersName?: never; } | ...,1,1,False,compiler,compiler lesson,,exact
NotYet,a function returning { readonly min: number; readonly max: number; },1,1,False,compiler,compiler lesson,,exact
NotYet,a function value taking CreateSourceFileOptions | ScriptTarget,1,1,False,compiler,compiler lesson,,exact
NotYet,a number | undefined argument to slice,1,1,False,compiler,compiler lesson,,exact
NotYet,a number | undefined argument to substring,1,1,False,compiler,compiler lesson,,exact
NotYet,a parameter that isn't a plain name,1,1,False,compiler,compiler lesson,,exact
NotYet,a rest array of T[],1,1,False,compiler,compiler lesson,,exact
NotYet,"a template interpolating an object, an array, a map, a function or undefined",1,1,False,compiler,compiler lesson,,exact
NotYet,a tuple literal leaving out an element of type ModuleSpecifierEnding,1,1,False,compiler,compiler lesson,,exact
NotYet,"a value of type """" | ResolvedConfigFileName | undefined",1,1,False,compiler,compiler lesson,,exact
NotYet,a value of type (AmbientModuleDeclaration & { name: StringLiteral; }) | undefined,1,1,False,compiler,compiler lesson,,exact
NotYet,a value of type (AssignmentExpression<EqualsToken> & { readonly left: Identifier; readonly right: WrappedExpression<AnonymousFunctionDefinition>; } & BinaryExpression) | (... & ... 1 more ... & BinaryExpression),1,1,False,compiler,compiler lesson,,exact
NotYet,a value of type (ExportDeclaration & { readonly isTypeOnly: true; readonly moduleSpecifier: Expression; }) | undefined,1,1,False,compiler,compiler lesson,,exact
NotYet,a value of type (ModuleDeclaration & { name: StringLiteral; }) | undefined,1,1,False,compiler,compiler lesson,,exact
NotYet,a value of type (VariableDeclaration & { name: Identifier; }) | undefined,1,1,False,compiler,compiler lesson,,exact
NotYet,"a value of type (element: Node) => ""quit"" | boolean",1,1,False,compiler,compiler lesson,,exact
NotYet,a value of type (s: string) => void,1,1,False,compiler,compiler lesson,,exact
NotYet,a value of type AccessExpression | RequireOrImportCall,1,1,False,compiler,compiler lesson,,exact
NotYet,a value of type AccessorDeclaration & { readonly name: BigIntLiteral | ComputedPropertyName | Identifier | NoSubstitutionTemplateLiteral | NumericLiteral | StringLiteral; },1,1,False,compiler,compiler lesson,,exact
NotYet,a value of type AliasDeclarationNode,1,1,False,compiler,compiler lesson,,exact
NotYet,a value of type ArrowFunction | BinaryExpression | BindingElement | Block | BreakStatement | CallSignatureDeclaration | ... 64 more ... | EndOfFileToken,1,1,False,compiler,compiler lesson,,exact
NotYet,a value of type BindablePropertyAssignmentExpression | PropertyAccessExpression | LiteralLikeElementAccessExpression,1,1,False,compiler,compiler lesson,,exact
NotYet,a value of type BindableStaticAccessExpression,1,1,False,compiler,compiler lesson,,exact
NotYet,a value of type BindingElement & { readonly name: Identifier; readonly dotDotDotToken: undefined; readonly initializer: WrappedExpression<AnonymousFunctionDefinition>; },1,1,False,compiler,compiler lesson,,exact
NotYet,a value of type CallExpression | BindableStaticAccessExpression,1,1,False,compiler,compiler lesson,,exact
NotYet,a value of type CanonicalKey,1,1,False,compiler,compiler lesson,,exact
NotYet,a value of type Child,1,1,False,compiler,compiler lesson,,exact
NotYet,a value of type ClassElement | ParameterPropertyDeclaration,1,1,False,compiler,compiler lesson,,exact
NotYet,a value of type ClassNamedEvaluationHelperBlock,1,1,False,compiler,compiler lesson,,exact
NotYet,a value of type ClassStaticBlockDeclaration | Decorator | PrivateIdentifierGetAccessorDeclaration | ... 5 more ... | undefined,1,1,False,compiler,compiler lesson,,exact
NotYet,a value of type CustomTransformerFactory | TransformerFactory<T>,1,1,False,compiler,compiler lesson,,exact
NotYet,a value of type EntityNameExpression | (LeftHandSideExpression & BindableStaticNameExpression),1,1,False,compiler,compiler lesson,,exact
NotYet,a value of type ExportAssignment & { readonly expression: WrappedExpression<AnonymousFunctionDefinition>; },1,1,False,compiler,compiler lesson,,exact
NotYet,a value of type IncludeTypeSpaceImports,1,1,False,compiler,compiler lesson,,exact
NotYet,a value of type IncrementalMultiFileEmitBuildInfoFileInfo,1,1,False,compiler,compiler lesson,,exact
NotYet,a value of type JSDocImportTag | CanHaveModuleSpecifier,1,1,False,compiler,compiler lesson,,exact
NotYet,a value of type LeftHandSideExpression & Identifier,1,1,False,compiler,compiler lesson,,exact
NotYet,"a value of type Map<Path, ModeAwareCache<T>> | undefined",1,1,False,compiler,compiler lesson,,exact
NotYet,"a value of type Map<string, WildcardDirectoryWatcher<T>>",1,1,False,compiler,compiler lesson,,exact
NotYet,"a value of type Map<string, [K, V[]]>",1,1,False,compiler,compiler lesson,,exact
NotYet,a value of type MapLike<T>,1,1,False,compiler,compiler lesson,,exact
NotYet,a value of type NamedDeclaration & { name: DeclarationName; },1,1,False,compiler,compiler lesson,,exact
NotYet,"a value of type NodeArray<Expression> & readonly [BindableStaticNameExpression, NumericLiteral | StringLiteralLike, ObjectLiteralExpression] & Readonly<...>",1,1,False,compiler,compiler lesson,,exact
NotYet,a value of type NodeArray<T>,1,1,False,compiler,compiler lesson,,exact
NotYet,a value of type NonNullable<K>,1,1,False,compiler,compiler lesson,,exact
NotYet,a value of type NonNullable<U>,1,1,False,compiler,compiler lesson,,exact
NotYet,a value of type ParameterDeclaration & { readonly name: Identifier; readonly dotDotDotToken: undefined; readonly initializer: WrappedExpression<AnonymousFunctionDefinition>; },1,1,False,compiler,compiler lesson,,exact
NotYet,a value of type PrimitiveLiteral,1,1,False,compiler,compiler lesson,,exact
NotYet,"a value of type PrivateEnvironment<TData, TEntry>",1,1,False,compiler,compiler lesson,,exact
NotYet,a value of type PrivateIdentifierInExpression,1,1,False,compiler,compiler lesson,,exact
NotYet,a value of type PropertyAccessExpression | LiteralLikeElementAccessExpression,1,1,False,compiler,compiler lesson,,exact
NotYet,a value of type PropertyAccessExpression | SyntheticSuper,1,1,False,compiler,compiler lesson,,exact
NotYet,a value of type PropertyAssignment & { readonly name: Identifier; readonly initializer: WrappedExpression<AnonymousFunctionDefinition>; },1,1,False,compiler,compiler lesson,,exact
NotYet,a value of type PropertyDeclaration & { readonly initializer: WrappedExpression<AnonymousFunctionDefinition>; },1,1,False,compiler,compiler lesson,,exact
NotYet,a value of type PropertyDeclaration | ParameterPropertyDeclaration,1,1,False,compiler,compiler lesson,,exact
NotYet,a value of type ReplaceableIndexedAccessType,1,1,False,compiler,compiler lesson,,exact
NotYet,a value of type RequireOrImportCall,1,1,False,compiler,compiler lesson,,exact
NotYet,a value of type ResolvedConfigFileName | undefined,1,1,False,compiler,compiler lesson,,exact
NotYet,a value of type ResolvedModuleWithFailedLookupLocations & ResolvedTypeReferenceDirectiveWithFailedLookupLocations,1,1,False,compiler,compiler lesson,,exact
NotYet,a value of type Set<K>,1,1,False,compiler,compiler lesson,,exact
NotYet,a value of type ShorthandPropertyAssignment & { readonly objectAssignmentInitializer: WrappedExpression<AnonymousFunctionDefinition>; },1,1,False,compiler,compiler lesson,,exact
NotYet,a value of type SortedArray<T>,1,1,False,compiler,compiler lesson,,exact
NotYet,a value of type Source,1,1,False,compiler,compiler lesson,,exact
NotYet,a value of type SourceFileOrString,1,1,False,compiler,compiler lesson,,exact
NotYet,a value of type T | T[] | readonly T[] | undefined,1,1,False,compiler,compiler lesson,,exact
NotYet,a value of type T1,1,1,False,compiler,compiler lesson,,exact
NotYet,a value of type TData,1,1,False,compiler,compiler lesson,,exact
NotYet,a value of type TEntry,1,1,False,compiler,compiler lesson,,exact
NotYet,a value of type TKind,1,1,False,compiler,compiler lesson,,exact
NotYet,a value of type TKind | Token<TKind>,1,1,False,compiler,compiler lesson,,exact
NotYet,a value of type TNode,1,1,False,compiler,compiler lesson,,exact
NotYet,a value of type TransformedSuperCall,1,1,False,compiler,compiler lesson,,exact
NotYet,a value of type TypeParameterDeclaration & { parent: JSDocTemplateTag; },1,1,False,compiler,compiler lesson,,exact
NotYet,a value of type UnaryExpression & (BigIntLiteral | NumericLiteral),1,1,False,compiler,compiler lesson,,exact
NotYet,a value of type UnaryExpression & NumericLiteral,1,1,False,compiler,compiler lesson,,exact
NotYet,a value of type V,1,1,False,compiler,compiler lesson,,exact
NotYet,a value of type VariableDeclaration & { name: Identifier; },1,1,False,compiler,compiler lesson,,exact
NotYet,a value of type VariableDeclaration & { readonly name: Identifier; readonly initializer: WrappedExpression<AnonymousFunctionDefinition>; },1,1,False,compiler,compiler lesson,,exact
NotYet,a value of type VariableDeclarationList & { _usingBrand: void; },1,1,False,compiler,compiler lesson,,exact
NotYet,a value of type WatchCompilerHostOfFilesAndCompilerOptionsOrConfigFile<T>,1,1,False,compiler,compiler lesson,,exact
NotYet,a value of type WatchFactoryHost & { trace?(s: string): void; },1,1,False,compiler,compiler lesson,,exact
NotYet,a value of type boolean | V | undefined,1,1,False,compiler,compiler lesson,,exact
NotYet,a value of type readonly Child[],1,1,False,compiler,compiler lesson,,exact
NotYet,a value of type readonly IncrementalBundleEmitBuildInfoFileInfo[] | readonly IncrementalMultiFileEmitBuildInfoFileInfo[] where an array goes,1,1,False,compiler,compiler lesson,,exact
NotYet,a value of type readonly K[],1,1,False,compiler,compiler lesson,,exact
NotYet,a value of type string | null,1,1,False,compiler,compiler lesson,,exact
NotYet,a value of type string | object | undefined,1,1,False,compiler,compiler lesson,,exact
NotYet,"a value of type { forEach: (callbackfn: (value: T, key: K, map: Map<K, T>) => void, thisArg?: any) => void; clear: () => void; }",1,1,False,compiler,compiler lesson,,exact
NotYet,an array of CanonicalKey,1,1,False,compiler,compiler lesson,,exact
NotYet,an array of TState,1,1,False,compiler,compiler lesson,,exact
NotYet,an array of object,1,1,False,compiler,compiler lesson,,exact
NotYet,an array of unknown,1,1,False,compiler,compiler lesson,,exact
NotYet,destructuring a string,1,1,False,compiler,compiler lesson,,exact
NotYet,for...in over an array (holes and own enumerable properties are not represented; use for...of for elements),1,1,False,compiler,compiler lesson,,exact
NotYet,incrementing a NonNullExpression,1,1,False,compiler,compiler lesson,,exact
NotYet,"new Map from something that isn't [key, value] pairs",1,1,False,compiler,compiler lesson,,exact
NotYet,overload 1 of arrayToMap with additional implementation type parameters,1,1,False,compiler,compiler lesson,,exact
NotYet,overload 1 of arrayToMultiMap with additional implementation type parameters,1,1,False,compiler,compiler lesson,,exact
NotYet,overload 1 of arrayToNumericMap with additional implementation type parameters,1,1,False,compiler,compiler lesson,,exact
NotYet,overload 1 of createBinaryExpressionTrampoline with additional implementation type parameters,1,1,False,compiler,compiler lesson,,exact
NotYet,overload 1 of createToken with additional implementation type parameters,1,1,False,compiler,compiler lesson,,exact
NotYet,overload 1 of forEachAncestorDirectory with additional implementation type parameters,1,1,False,compiler,compiler lesson,,exact
NotYet,overload 1 of forEachLeadingCommentRange with additional implementation type parameters,1,1,False,compiler,compiler lesson,,exact
NotYet,overload 1 of forEachTrailingCommentRange with additional implementation type parameters,1,1,False,compiler,compiler lesson,,exact
NotYet,overload 1 of getOriginalNode with additional implementation type parameters,1,1,False,compiler,compiler lesson,,exact
NotYet,overload 1 of mutateMap with additional implementation type parameters,1,1,False,compiler,compiler lesson,,exact
NotYet,overload 1 of mutateMapSkippingNewValues with additional implementation type parameters,1,1,False,compiler,compiler lesson,,exact
NotYet,overload 1 of resolveTypeReferenceDirectiveNamesReusingOldState with additional implementation type parameters,1,1,False,compiler,compiler lesson,,exact
NotYet,overload 1 of setSerializerContextAnd with additional implementation type parameters,1,1,False,compiler,compiler lesson,,exact
NotYet,overload 1 of sortAndDeduplicate with additional implementation type parameters,1,1,False,compiler,compiler lesson,,exact
NotYet,overload 2 of arrayFrom with additional implementation type parameters,1,1,False,compiler,compiler lesson,,exact
NotYet,overload 3 of group with additional implementation type parameters,1,1,False,compiler,compiler lesson,,exact
NotYet,"push on a tuple (a tuple is held as an object, not an array, so far; write it as an array where it's made)",1,1,False,compiler,compiler lesson,,exact
NotYet,reading aParts,1,1,True,compiler,compiler lesson,,exact
NotYet,reading absoluteSourceFilePath,1,1,True,compiler,compiler lesson,,exact
NotYet,reading accessibleSymbolsFromExports,1,1,True,compiler,compiler lesson,,exact
NotYet,reading accessorType,1,1,True,compiler,compiler lesson,,exact
NotYet,reading actualFileName,1,1,True,compiler,compiler lesson,,exact
NotYet,reading add,1,1,True,compiler,compiler lesson,,exact
NotYet,reading affectedSourceFile,1,1,True,compiler,compiler lesson,,exact
NotYet,reading afterImportPos,1,1,True,compiler,compiler lesson,,exact
NotYet,reading afterImportTagPos,1,1,True,compiler,compiler lesson,,exact
NotYet,reading aliasDecl,1,1,True,compiler,compiler lesson,,exact
NotYet,reading allComponentComputedNamesSerializable,1,1,True,compiler,compiler lesson,,exact
NotYet,reading alreadyTransformed,1,1,True,compiler,compiler lesson,,exact
NotYet,reading alternateResult,1,1,True,compiler,compiler lesson,,exact
NotYet,reading alternateResultMessage,1,1,True,compiler,compiler lesson,,exact
NotYet,reading ambientModuleDeclare,1,1,True,compiler,compiler lesson,,exact
NotYet,reading ancestor,1,1,True,compiler,compiler lesson,,exact
NotYet,reading ancestorFacts,1,1,True,compiler,compiler lesson,,exact
NotYet,reading annotatedNodes,1,1,True,compiler,compiler lesson,,exact
NotYet,reading antecedents,1,1,True,compiler,compiler lesson,,exact
NotYet,reading applicableByArity,1,1,True,compiler,compiler lesson,,exact
NotYet,reading arrayType,1,1,True,compiler,compiler lesson,,exact
NotYet,reading arrowExpression,1,1,True,compiler,compiler lesson,,exact
NotYet,reading awaitToken,1,1,True,compiler,compiler lesson,,exact
NotYet,reading awaitedLeftType,1,1,True,compiler,compiler lesson,,exact
NotYet,reading base64SourceMapText,1,1,True,compiler,compiler lesson,,exact
NotYet,reading baseConstraints,1,1,True,compiler,compiler lesson,,exact
NotYet,reading baseIndexedAccess,1,1,True,compiler,compiler lesson,,exact
NotYet,reading basePath,1,1,True,compiler,compiler lesson,,exact
NotYet,reading bindingElement,1,1,True,compiler,compiler lesson,,exact
NotYet,reading bindingList,1,1,True,compiler,compiler lesson,,exact
NotYet,reading blockedByExports,1,1,True,compiler,compiler lesson,,exact
NotYet,reading build,1,1,True,compiler,compiler lesson,,exact
NotYet,reading buildArray,1,1,True,compiler,compiler lesson,,exact
NotYet,reading buildOrderFromState,1,1,True,compiler,compiler lesson,,exact
NotYet,reading builderProgram,1,1,True,compiler,compiler lesson,,exact
NotYet,reading byteOrderMarkIndicator,1,1,True,compiler,compiler lesson,,exact
NotYet,reading callArgument,1,1,True,compiler,compiler lesson,,exact
NotYet,reading callTarget,1,1,True,compiler,compiler lesson,,exact
NotYet,reading canSuggestTypeof,1,1,True,compiler,compiler lesson,,exact
NotYet,reading canUseBreakOrContinue,1,1,True,compiler,compiler lesson,,exact
NotYet,reading candidateExists,1,1,True,compiler,compiler lesson,,exact
NotYet,reading canonical,1,1,True,compiler,compiler lesson,,exact
NotYet,reading canonicalFileName,1,1,True,compiler,compiler lesson,,exact
NotYet,reading changed,1,1,True,compiler,compiler lesson,,exact
NotYet,reading check,1,1,True,compiler,compiler lesson,,exact
NotYet,reading checkBody,1,1,True,compiler,compiler lesson,,exact
NotYet,reading childComponents,1,1,True,compiler,compiler lesson,,exact
NotYet,reading classDeclarations,1,1,True,compiler,compiler lesson,,exact
NotYet,reading className,1,1,True,compiler,compiler lesson,,exact
NotYet,reading classThis,1,1,True,compiler,compiler lesson,,exact
NotYet,reading cloned,1,1,True,compiler,compiler lesson,,exact
NotYet,reading closingLineTerminatorCount,1,1,True,compiler,compiler lesson,,exact
NotYet,reading collidingSymbol,1,1,True,compiler,compiler lesson,,exact
NotYet,reading commentEnd,1,1,True,compiler,compiler lesson,,exact
NotYet,reading commentText,1,1,True,compiler,compiler lesson,,exact
NotYet,reading commonResolved,1,1,True,compiler,compiler lesson,,exact
NotYet,reading compareResult,1,1,True,compiler,compiler lesson,,exact
NotYet,reading comparer,1,1,True,compiler,compiler lesson,,exact
NotYet,reading compilerHost,1,1,True,compiler,compiler lesson,,exact
NotYet,reading components,1,1,True,compiler,compiler lesson,,exact
NotYet,reading conditionPrecedence,1,1,True,compiler,compiler lesson,,exact
NotYet,reading configFileText,1,1,True,compiler,compiler lesson,,exact
NotYet,reading constantValue,1,1,True,compiler,compiler lesson,,exact
NotYet,reading constraintNode,1,1,True,compiler,compiler lesson,,exact
NotYet,reading constraints,1,1,True,compiler,compiler lesson,,exact
NotYet,reading constructorFunction,1,1,True,compiler,compiler lesson,,exact
NotYet,reading constructorLikeName,1,1,True,compiler,compiler lesson,,exact
NotYet,reading constructorSymbol,1,1,True,compiler,compiler lesson,,exact
NotYet,reading containerObjectType,1,1,True,compiler,compiler lesson,,exact
NotYet,reading containingDirectoryPath,1,1,True,compiler,compiler lesson,,exact
NotYet,reading containingMethod,1,1,True,compiler,compiler lesson,,exact
NotYet,reading containingSourceFile,1,1,True,compiler,compiler lesson,,exact
NotYet,reading contextType,1,1,True,compiler,compiler lesson,,exact
NotYet,reading create,1,1,True,compiler,compiler lesson,,exact
NotYet,reading currentDetachedCommentInfo,1,1,True,compiler,compiler lesson,,exact
NotYet,reading currentDirectory,1,1,True,compiler,compiler lesson,,exact
NotYet,reading currentGlobalDiagnostics,1,1,True,compiler,compiler lesson,,exact
NotYet,reading currentNamespace,1,1,True,compiler,compiler lesson,,exact
NotYet,reading currentWriterIndentSpacing,1,1,True,compiler,compiler lesson,,exact
NotYet,reading customTransformer,1,1,True,compiler,compiler lesson,,exact
NotYet,reading d,1,1,True,compiler,compiler lesson,,exact
NotYet,reading declarationFile,1,1,True,compiler,compiler lesson,,exact
NotYet,reading declarationName,1,1,True,compiler,compiler lesson,,exact
NotYet,reading declarationTransform,1,1,True,compiler,compiler lesson,,exact
NotYet,reading decorators,1,1,True,compiler,compiler lesson,,exact
NotYet,reading defaultDeclaration,1,1,True,compiler,compiler lesson,,exact
NotYet,reading deprecatedTag,1,1,True,compiler,compiler lesson,,exact
NotYet,reading diagnosticMessage,1,1,True,compiler,compiler lesson,,exact
NotYet,reading dir,1,1,True,compiler,compiler lesson,,exact
NotYet,reading dirPath,1,1,True,compiler,compiler lesson,,exact
NotYet,reading directlyRelated,1,1,True,compiler,compiler lesson,,exact
NotYet,reading discriminant,1,1,True,compiler,compiler lesson,,exact
NotYet,reading discriminantCombinations,1,1,True,compiler,compiler lesson,,exact
NotYet,reading discriminantType,1,1,True,compiler,compiler lesson,,exact
NotYet,reading dist,1,1,True,compiler,compiler lesson,,exact
NotYet,reading doneType,1,1,True,compiler,compiler lesson,,exact
NotYet,reading downleveledImport,1,1,True,compiler,compiler lesson,,exact
NotYet,reading effectiveExpr,1,1,True,compiler,compiler lesson,,exact
NotYet,reading emitAsSingleStatement,1,1,True,compiler,compiler lesson,,exact
NotYet,reading emitComments,1,1,True,compiler,compiler lesson,,exact
NotYet,reading emitExplicitInitializer,1,1,True,compiler,compiler lesson,,exact
NotYet,reading emitFileKey,1,1,True,compiler,compiler lesson,,exact
NotYet,reading emitSourceMaps,1,1,True,compiler,compiler lesson,,exact
NotYet,reading emitTrailingComma,1,1,True,compiler,compiler lesson,,exact
NotYet,reading emittedAsTopLevel,1,1,True,compiler,compiler lesson,,exact
NotYet,reading emittedCondition,1,1,True,compiler,compiler lesson,,exact
NotYet,reading enclosingBlockScopeContainer,1,1,True,compiler,compiler lesson,,exact
NotYet,reading enclosingContainer,1,1,True,compiler,compiler lesson,,exact
NotYet,reading end,1,1,True,compiler,compiler lesson,,exact
NotYet,reading entry,1,1,True,compiler,compiler lesson,,exact
NotYet,reading enumResult,1,1,True,compiler,compiler lesson,,exact
NotYet,reading enumStatement,1,1,True,compiler,compiler lesson,,exact
NotYet,reading envVarStatement,1,1,True,compiler,compiler lesson,,exact
NotYet,reading errNode,1,1,True,compiler,compiler lesson,,exact
NotYet,reading errorMessage,1,1,True,compiler,compiler lesson,,exact
NotYet,reading errorSpan,1,1,True,compiler,compiler lesson,,exact
NotYet,reading everyClauseChecks,1,1,True,compiler,compiler lesson,,exact
NotYet,reading exclamationToken,1,1,True,compiler,compiler lesson,,exact
NotYet,reading excludeRe,1,1,True,compiler,compiler lesson,,exact
NotYet,reading excludeSpecs,1,1,True,compiler,compiler lesson,,exact
NotYet,reading existingFlags,1,1,True,compiler,compiler lesson,,exact
NotYet,reading existingPath,1,1,True,compiler,compiler lesson,,exact
NotYet,reading existingPending,1,1,True,compiler,compiler lesson,,exact
NotYet,reading existingProp,1,1,True,compiler,compiler lesson,,exact
NotYet,reading existingSpecifier,1,1,True,compiler,compiler lesson,,exact
NotYet,reading existingTarget,1,1,True,compiler,compiler lesson,,exact
NotYet,reading exitStatus,1,1,True,compiler,compiler lesson,,exact
NotYet,reading expando,1,1,True,compiler,compiler lesson,,exact
NotYet,reading exportClause,1,1,True,compiler,compiler lesson,,exact
NotYet,reading exportContainer,1,1,True,compiler,compiler lesson,,exact
NotYet,reading exportSymbol,1,1,True,compiler,compiler lesson,,exact
NotYet,reading exportedNamesStorageRef,1,1,True,compiler,compiler lesson,,exact
NotYet,reading expressionPrecedence,1,1,True,compiler,compiler lesson,,exact
NotYet,reading extended,1,1,True,compiler,compiler lesson,,exact
NotYet,reading extendedConstraint,1,1,True,compiler,compiler lesson,,exact
NotYet,reading extendsType,1,1,True,compiler,compiler lesson,,exact
NotYet,reading extensionless,1,1,True,compiler,compiler lesson,,exact
NotYet,reading extensions,1,1,True,compiler,compiler lesson,,exact
NotYet,reading externalHelpersModuleName,1,1,True,compiler,compiler lesson,,exact
NotYet,reading externalHelpersModuleReference,1,1,True,compiler,compiler lesson,,exact
NotYet,reading facts,1,1,True,compiler,compiler lesson,,exact
NotYet,reading failed,1,1,True,compiler,compiler lesson,,exact
NotYet,reading failedSignatureDeclarations,1,1,True,compiler,compiler lesson,,exact
NotYet,reading falseSubtype,1,1,True,compiler,compiler lesson,,exact
NotYet,reading fileSystemEntryExists,1,1,True,compiler,compiler lesson,,exact
NotYet,reading fileToErrorCount,1,1,True,compiler,compiler lesson,,exact
NotYet,reading filesForEmit,1,1,True,compiler,compiler lesson,,exact
NotYet,reading filesInError,1,1,True,compiler,compiler lesson,,exact
NotYet,reading filteredTypes,1,1,True,compiler,compiler lesson,,exact
NotYet,reading finished,1,1,True,compiler,compiler lesson,,exact
NotYet,reading firstAccessor,1,1,True,compiler,compiler lesson,,exact
NotYet,reading firstInterfaceDecl,1,1,True,compiler,compiler lesson,,exact
NotYet,reading firstNonzeroSegment,1,1,True,compiler,compiler lesson,,exact
NotYet,reading firstStatement,1,1,True,compiler,compiler lesson,,exact
NotYet,reading firstVariableMatch,1,1,True,compiler,compiler lesson,,exact
NotYet,reading fixed,1,1,True,compiler,compiler lesson,,exact
NotYet,reading following,1,1,True,compiler,compiler lesson,,exact
NotYet,reading forInitializer,1,1,True,compiler,compiler lesson,,exact
NotYet,reading forStatement,1,1,True,compiler,compiler lesson,,exact
NotYet,reading format,1,1,True,compiler,compiler lesson,,exact
NotYet,reading generatedName,1,1,True,compiler,compiler lesson,,exact
NotYet,reading generatorFunc,1,1,True,compiler,compiler lesson,,exact
NotYet,reading generatorInstantiation,1,1,True,compiler,compiler lesson,,exact
NotYet,reading genericDiag,1,1,True,compiler,compiler lesson,,exact
NotYet,reading getAccessorType,1,1,True,compiler,compiler lesson,,exact
NotYet,reading getFunc,1,1,True,compiler,compiler lesson,,exact
NotYet,reading globalCache,1,1,True,compiler,compiler lesson,,exact
NotYet,reading grandParent,1,1,True,compiler,compiler lesson,,exact
NotYet,reading hasEmptyObject,1,1,True,compiler,compiler lesson,,exact
NotYet,reading hasExistingReasonToReportErrorOn,1,1,True,compiler,compiler lesson,,exact
NotYet,reading hasJSDocFunctionType,1,1,True,compiler,compiler lesson,,exact
NotYet,reading hasPrivateModifier,1,1,True,compiler,compiler lesson,,exact
NotYet,reading hasSyntheticDefault,1,1,True,compiler,compiler lesson,,exact
NotYet,reading headerPadding,1,1,True,compiler,compiler lesson,,exact
NotYet,reading helpers,1,1,True,compiler,compiler lesson,,exact
NotYet,reading hostSourceFileInfo,1,1,True,compiler,compiler lesson,,exact
NotYet,reading i,1,1,True,compiler,compiler lesson,,exact
NotYet,reading iife,1,1,True,compiler,compiler lesson,,exact
NotYet,reading implDecl,1,1,True,compiler,compiler lesson,,exact
NotYet,reading impliedNodeFormat,1,1,True,compiler,compiler lesson,,exact
NotYet,reading importClause,1,1,True,compiler,compiler lesson,,exact
NotYet,reading importDecl,1,1,True,compiler,compiler lesson,,exact
NotYet,reading imports,1,1,True,compiler,compiler lesson,,exact
NotYet,reading inAmbientContextOrInterface,1,1,True,compiler,compiler lesson,,exact
NotYet,reading inTupleContext,1,1,True,compiler,compiler lesson,,exact
NotYet,reading includeRe,1,1,True,compiler,compiler lesson,,exact
NotYet,reading includeSpecs,1,1,True,compiler,compiler lesson,,exact
NotYet,reading indexedAccessType,1,1,True,compiler,compiler lesson,,exact
NotYet,reading inferences,1,1,True,compiler,compiler lesson,,exact
NotYet,reading init,1,1,True,compiler,compiler lesson,,exact
NotYet,reading initialLocationForSecondaryLookup,1,1,True,compiler,compiler lesson,,exact
NotYet,reading initializerStatement,1,1,True,compiler,compiler lesson,,exact
NotYet,reading initializerWithoutParens,1,1,True,compiler,compiler lesson,,exact
NotYet,reading initializersName,1,1,True,compiler,compiler lesson,,exact
NotYet,reading inlinable,1,1,True,compiler,compiler lesson,,exact
NotYet,reading instantiatedTemplateType,1,1,True,compiler,compiler lesson,,exact
NotYet,reading instantiations,1,1,True,compiler,compiler lesson,,exact
NotYet,reading internalFlags,1,1,True,compiler,compiler lesson,,exact
NotYet,reading intrinsicAttribs,1,1,True,compiler,compiler lesson,,exact
NotYet,reading intrinsics,1,1,True,compiler,compiler lesson,,exact
NotYet,reading invalidElement,1,1,True,compiler,compiler lesson,,exact
NotYet,reading invokedExpression,1,1,True,compiler,compiler lesson,,exact
NotYet,reading isAnonymous,1,1,True,compiler,compiler lesson,,exact
NotYet,reading isArrowFunctionInJsx,1,1,True,compiler,compiler lesson,,exact
NotYet,reading isCallToReadHelper,1,1,True,compiler,compiler lesson,,exact
NotYet,reading isCallbackTag,1,1,True,compiler,compiler lesson,,exact
NotYet,reading isCapturedInFunction,1,1,True,compiler,compiler lesson,,exact
NotYet,reading isClassWithConstructorReference,1,1,True,compiler,compiler lesson,,exact
NotYet,reading isConfigIdentical,1,1,True,compiler,compiler lesson,,exact
NotYet,reading isDerivedClass,1,1,True,compiler,compiler lesson,,exact
NotYet,reading isDosStyle,1,1,True,compiler,compiler lesson,,exact
NotYet,reading isEitherEnum,1,1,True,compiler,compiler lesson,,exact
NotYet,reading isEmpty,1,1,True,compiler,compiler lesson,,exact
NotYet,reading isIllegalExportDefaultInCJS,1,1,True,compiler,compiler lesson,,exact
NotYet,reading isInExternalModule,1,1,True,compiler,compiler lesson,,exact
NotYet,reading isLeftNaN,1,1,True,compiler,compiler lesson,,exact
NotYet,reading isMarkdownOrJSDocLink,1,1,True,compiler,compiler lesson,,exact
NotYet,reading isOptional,1,1,True,compiler,compiler lesson,,exact
NotYet,reading isOverload,1,1,True,compiler,compiler lesson,,exact
NotYet,reading isPropertyName,1,1,True,compiler,compiler lesson,,exact
NotYet,reading isReservedWord,1,1,True,compiler,compiler lesson,,exact
NotYet,reading isRest,1,1,True,compiler,compiler lesson,,exact
NotYet,reading isStaticMethodSymbol,1,1,True,compiler,compiler lesson,,exact
NotYet,reading isValue,1,1,True,compiler,compiler lesson,,exact
NotYet,reading isVoidPromiseError,1,1,True,compiler,compiler lesson,,exact
NotYet,reading issuedDiagnostic,1,1,True,compiler,compiler lesson,,exact
NotYet,reading iterator,1,1,True,compiler,compiler lesson,,exact
NotYet,reading iteratorValueStatement,1,1,True,compiler,compiler lesson,,exact
NotYet,reading jsDoc,1,1,True,compiler,compiler lesson,,exact
NotYet,reading jsDocType,1,1,True,compiler,compiler lesson,,exact
NotYet,reading jsxFragPragma,1,1,True,compiler,compiler lesson,,exact
NotYet,reading jsxSpecific,1,1,True,compiler,compiler lesson,,exact
NotYet,reading keyAttr,1,1,True,compiler,compiler lesson,,exact
NotYet,reading labeledElementDeclaration,1,1,True,compiler,compiler lesson,,exact
NotYet,reading lastChild,1,1,True,compiler,compiler lesson,,exact
NotYet,reading lastJSDocParam,1,1,True,compiler,compiler lesson,,exact
NotYet,reading lastParam,1,1,True,compiler,compiler lesson,,exact
NotYet,reading lastPart,1,1,True,compiler,compiler lesson,,exact
NotYet,reading lastSpan,1,1,True,compiler,compiler lesson,,exact
NotYet,reading lastStatement,1,1,True,compiler,compiler lesson,,exact
NotYet,reading leadingComments,1,1,True,compiler,compiler lesson,,exact
NotYet,reading leadingLineTerminatorCount,1,1,True,compiler,compiler lesson,,exact
NotYet,reading leftSpread,1,1,True,compiler,compiler lesson,,exact
NotYet,reading leftTarget,1,1,True,compiler,compiler lesson,,exact
NotYet,reading leftmost,1,1,True,compiler,compiler lesson,,exact
NotYet,reading leftmostExpressionKind,1,1,True,compiler,compiler lesson,,exact
NotYet,reading lex,1,1,True,compiler,compiler lesson,,exact
NotYet,reading linesAfterDot,1,1,True,compiler,compiler lesson,,exact
NotYet,reading literal,1,1,True,compiler,compiler lesson,,exact
NotYet,reading literals,1,1,True,compiler,compiler lesson,,exact
NotYet,reading localCheckDeclaration,1,1,True,compiler,compiler lesson,,exact
NotYet,reading localIndexDeclaration,1,1,True,compiler,compiler lesson,,exact
NotYet,reading localName,1,1,True,compiler,compiler lesson,,exact
NotYet,reading localSymbol,1,1,True,compiler,compiler lesson,,exact
NotYet,reading mainExport,1,1,True,compiler,compiler lesson,,exact
NotYet,reading mappedSource,1,1,True,compiler,compiler lesson,,exact
NotYet,reading mappings,1,1,True,compiler,compiler lesson,,exact
NotYet,reading markAlias,1,1,True,compiler,compiler lesson,,exact
NotYet,reading matching,1,1,True,compiler,compiler lesson,,exact
NotYet,reading max,1,1,True,compiler,compiler lesson,,exact
NotYet,reading maxErrors,1,1,True,compiler,compiler lesson,,exact
NotYet,reading maxLength,1,1,True,compiler,compiler lesson,,exact
NotYet,reading maxNonRestParam,1,1,True,compiler,compiler lesson,,exact
NotYet,reading meaning,1,1,True,compiler,compiler lesson,,exact
NotYet,reading member,1,1,True,compiler,compiler lesson,,exact
NotYet,reading memberProps,1,1,True,compiler,compiler lesson,,exact
NotYet,reading merged,1,1,True,compiler,compiler lesson,,exact
NotYet,reading messageChain,1,1,True,compiler,compiler lesson,,exact
NotYet,reading metadataReference,1,1,True,compiler,compiler lesson,,exact
NotYet,reading missingNode,1,1,True,compiler,compiler lesson,,exact
NotYet,reading mod,1,1,True,compiler,compiler lesson,,exact
NotYet,reading moduleBlock,1,1,True,compiler,compiler lesson,,exact
NotYet,reading moduleFileToTry,1,1,True,compiler,compiler lesson,,exact
NotYet,reading moduleStatement,1,1,True,compiler,compiler lesson,,exact
NotYet,reading moreThanOneRealChildren,1,1,True,compiler,compiler lesson,,exact
NotYet,reading nameStr,1,1,True,compiler,compiler lesson,,exact
NotYet,reading nameText,1,1,True,compiler,compiler lesson,,exact
NotYet,reading namedBindings,1,1,True,compiler,compiler lesson,,exact
NotYet,reading needCheckInitializer,1,1,True,compiler,compiler lesson,,exact
NotYet,reading needSyncEval,1,1,True,compiler,compiler lesson,,exact
NotYet,reading needsModifierPreservingWrapper,1,1,True,compiler,compiler lesson,,exact
NotYet,reading needsName,1,1,True,compiler,compiler lesson,,exact
NotYet,reading needsOutParam,1,1,True,compiler,compiler lesson,,exact
NotYet,reading negative,1,1,True,compiler,compiler lesson,,exact
NotYet,reading newItem,1,1,True,compiler,compiler lesson,,exact
NotYet,reading newName,1,1,True,compiler,compiler lesson,,exact
NotYet,reading newParam,1,1,True,compiler,compiler lesson,,exact
NotYet,reading newParams,1,1,True,compiler,compiler lesson,,exact
NotYet,reading newTypes,1,1,True,compiler,compiler lesson,,exact
NotYet,reading newValue,1,1,True,compiler,compiler lesson,,exact
NotYet,reading next,1,1,True,compiler,compiler lesson,,exact
NotYet,reading nodeConstructors,1,1,True,compiler,compiler lesson,,exact
NotYet,reading nodeContextFlags,1,1,True,compiler,compiler lesson,,exact
NotYet,reading nodeModulesAtTypesExists,1,1,True,compiler,compiler lesson,,exact
NotYet,reading nodeName,1,1,True,compiler,compiler lesson,,exact
NotYet,reading normalizedElements,1,1,True,compiler,compiler lesson,,exact
NotYet,reading ns,1,1,True,compiler,compiler lesson,,exact
NotYet,reading nullishSemantics,1,1,True,compiler,compiler lesson,,exact
NotYet,reading numParameters,1,1,True,compiler,compiler lesson,,exact
NotYet,reading objectLiterals,1,1,True,compiler,compiler lesson,,exact
NotYet,reading objectProperties,1,1,True,compiler,compiler lesson,,exact
NotYet,reading offset,1,1,True,compiler,compiler lesson,,exact
NotYet,reading oldSignature,1,1,True,compiler,compiler lesson,,exact
NotYet,reading oldSourceFiles,1,1,True,compiler,compiler lesson,,exact
NotYet,reading onlyRecordFailuresForIndex,1,1,True,compiler,compiler lesson,,exact
NotYet,reading openBracketPosition,1,1,True,compiler,compiler lesson,,exact
NotYet,reading operandPrecedence,1,1,True,compiler,compiler lesson,,exact
NotYet,reading optional,1,1,True,compiler,compiler lesson,,exact
NotYet,reading optionalDeclaration,1,1,True,compiler,compiler lesson,,exact
NotYet,reading optionsOfCurCategory,1,1,True,compiler,compiler lesson,,exact
NotYet,reading optionsType,1,1,True,compiler,compiler lesson,,exact
NotYet,reading originalClass,1,1,True,compiler,compiler lesson,,exact
NotYet,reading originalFile,1,1,True,compiler,compiler lesson,,exact
NotYet,reading originalModuleSpecifier,1,1,True,compiler,compiler lesson,,exact
NotYet,reading originalReadFile,1,1,True,compiler,compiler lesson,,exact
NotYet,reading other,1,1,True,compiler,compiler lesson,,exact
NotYet,reading otherFiles,1,1,True,compiler,compiler lesson,,exact
NotYet,reading otherOption,1,1,True,compiler,compiler lesson,,exact
NotYet,reading outputDir,1,1,True,compiler,compiler lesson,,exact
NotYet,reading overloadSignatures,1,1,True,compiler,compiler lesson,,exact
NotYet,reading ownKeys,1,1,True,compiler,compiler lesson,,exact
NotYet,reading ownOutputFilePath,1,1,True,compiler,compiler lesson,,exact
NotYet,reading packageFileResult,1,1,True,compiler,compiler lesson,,exact
NotYet,reading packageJsonMap,1,1,True,compiler,compiler lesson,,exact
NotYet,reading packageResult,1,1,True,compiler,compiler lesson,,exact
NotYet,reading packageRootPath,1,1,True,compiler,compiler lesson,,exact
NotYet,reading parameterIndex,1,1,True,compiler,compiler lesson,,exact
NotYet,reading parameterNode,1,1,True,compiler,compiler lesson,,exact
NotYet,reading parametersWithPropertyAssignments,1,1,True,compiler,compiler lesson,,exact
NotYet,reading parentComponents,1,1,True,compiler,compiler lesson,,exact
NotYet,reading parentDeclaration,1,1,True,compiler,compiler lesson,,exact
NotYet,reading pathList,1,1,True,compiler,compiler lesson,,exact
NotYet,reading peerDependencies,1,1,True,compiler,compiler lesson,,exact
NotYet,reading pendingKind,1,1,True,compiler,compiler lesson,,exact
NotYet,reading pollScheduled,1,1,True,compiler,compiler lesson,,exact
NotYet,reading possibleOption,1,1,True,compiler,compiler lesson,,exact
NotYet,reading postSuper,1,1,True,compiler,compiler lesson,,exact
NotYet,reading precedingLineBreak,1,1,True,compiler,compiler lesson,,exact
NotYet,reading prerelease,1,1,True,compiler,compiler lesson,,exact
NotYet,reading prereleaseArray,1,1,True,compiler,compiler lesson,,exact
NotYet,reading prevNodeIndex,1,1,True,compiler,compiler lesson,,exact
NotYet,reading previousDuration,1,1,True,compiler,compiler lesson,,exact
NotYet,reading previousGlobalDiagnostics,1,1,True,compiler,compiler lesson,,exact
NotYet,reading primaryDeclaration,1,1,True,compiler,compiler lesson,,exact
NotYet,reading program,1,1,True,compiler,compiler lesson,,exact
NotYet,reading prologueStatementCount,1,1,True,compiler,compiler lesson,,exact
NotYet,reading promise,1,1,True,compiler,compiler lesson,,exact
NotYet,reading propContext,1,1,True,compiler,compiler lesson,,exact
NotYet,reading propNode,1,1,True,compiler,compiler lesson,,exact
NotYet,reading propertyAssignmentType,1,1,True,compiler,compiler lesson,,exact
NotYet,reading proto,1,1,True,compiler,compiler lesson,,exact
NotYet,reading prototype,1,1,True,compiler,compiler lesson,,exact
NotYet,reading qualifiedName,1,1,True,compiler,compiler lesson,,exact
NotYet,reading reachable,1,1,True,compiler,compiler lesson,,exact
NotYet,reading react,1,1,True,compiler,compiler lesson,,exact
NotYet,reading reactExports,1,1,True,compiler,compiler lesson,,exact
NotYet,reading readExpression,1,1,True,compiler,compiler lesson,,exact
NotYet,reading readFileWithCache,1,1,True,compiler,compiler lesson,,exact
NotYet,reading realDeclarationPath,1,1,True,compiler,compiler lesson,,exact
NotYet,reading recursionIdentity,1,1,True,compiler,compiler lesson,,exact
NotYet,reading reducedType,1,1,True,compiler,compiler lesson,,exact
NotYet,reading referencedMap,1,1,True,compiler,compiler lesson,,exact
NotYet,reading relativePath,1,1,True,compiler,compiler lesson,,exact
NotYet,reading relevantTypeParameterConstraints,1,1,True,compiler,compiler lesson,,exact
NotYet,reading remainingPaths,1,1,True,compiler,compiler lesson,,exact
NotYet,reading removeUndefined,1,1,True,compiler,compiler lesson,,exact
NotYet,reading rename,1,1,True,compiler,compiler lesson,,exact
NotYet,reading requiresAddingUndefined,1,1,True,compiler,compiler lesson,,exact
NotYet,reading resolutionsChanged,1,1,True,compiler,compiler lesson,,exact
NotYet,reading resolvedFromFile,1,1,True,compiler,compiler lesson,,exact
NotYet,reading resolvedMethodReturnType,1,1,True,compiler,compiler lesson,,exact
NotYet,reading resolvedValueSymbol,1,1,True,compiler,compiler lesson,,exact
NotYet,reading restParameterSymbols,1,1,True,compiler,compiler lesson,,exact
NotYet,reading resultType,1,1,True,compiler,compiler lesson,,exact
NotYet,reading returnOrPromisedType,1,1,True,compiler,compiler lesson,,exact
NotYet,reading returnStatement,1,1,True,compiler,compiler lesson,,exact
NotYet,reading rootExpr,1,1,True,compiler,compiler lesson,,exact
NotYet,reading rootSymbol,1,1,True,compiler,compiler lesson,,exact
NotYet,reading runtimeImportSpecifier,1,1,True,compiler,compiler lesson,,exact
NotYet,reading savedInStrictMode,1,1,True,compiler,compiler lesson,,exact
NotYet,reading seenSymbols,1,1,True,compiler,compiler lesson,,exact
NotYet,reading segments,1,1,True,compiler,compiler lesson,,exact
NotYet,reading semanticDiagnosticsPerFile,1,1,True,compiler,compiler lesson,,exact
NotYet,reading separatingLineTerminatorCount,1,1,True,compiler,compiler lesson,,exact
NotYet,reading serializedName,1,1,True,compiler,compiler lesson,,exact
NotYet,reading setFunc,1,1,True,compiler,compiler lesson,,exact
NotYet,reading setProp,1,1,True,compiler,compiler lesson,,exact
NotYet,reading setReadFileCache,1,1,True,compiler,compiler lesson,,exact
NotYet,reading setterModifiers,1,1,True,compiler,compiler lesson,,exact
NotYet,reading sharedLength,1,1,True,compiler,compiler lesson,,exact
NotYet,reading shouldConvertCondition,1,1,True,compiler,compiler lesson,,exact
NotYet,reading shouldEmitDetachedComment,1,1,True,compiler,compiler lesson,,exact
NotYet,reading shouldEmitDotDot,1,1,True,compiler,compiler lesson,,exact
NotYet,reading signaturesWithCorrectTypeArgumentArity,1,1,True,compiler,compiler lesson,,exact
NotYet,reading singleLine,1,1,True,compiler,compiler lesson,,exact
NotYet,reading skipBindingPatterns,1,1,True,compiler,compiler lesson,,exact
NotYet,reading skipped,1,1,True,compiler,compiler lesson,,exact
NotYet,reading snippetElement,1,1,True,compiler,compiler lesson,,exact
NotYet,reading sortedIndex,1,1,True,compiler,compiler lesson,,exact
NotYet,reading sourceFileNoExtension,1,1,True,compiler,compiler lesson,,exact
NotYet,reading sourceIsJSConstructor,1,1,True,compiler,compiler lesson,,exact
NotYet,reading sourceMap,1,1,True,compiler,compiler lesson,,exact
NotYet,reading sourceMapRange,1,1,True,compiler,compiler lesson,,exact
NotYet,reading sourceMapText,1,1,True,compiler,compiler lesson,,exact
NotYet,reading sourceMapUrlPos,1,1,True,compiler,compiler lesson,,exact
NotYet,reading sourceMappings,1,1,True,compiler,compiler lesson,,exact
NotYet,reading sourceSignature,1,1,True,compiler,compiler lesson,,exact
NotYet,reading sourceSignatures,1,1,True,compiler,compiler lesson,,exact
NotYet,reading space,1,1,True,compiler,compiler lesson,,exact
NotYet,reading spacesToEmit,1,1,True,compiler,compiler lesson,,exact
NotYet,reading specifierType,1,1,True,compiler,compiler lesson,,exact
NotYet,reading specifiers,1,1,True,compiler,compiler lesson,,exact
NotYet,reading spreadElement,1,1,True,compiler,compiler lesson,,exact
NotYet,reading spreadIndex,1,1,True,compiler,compiler lesson,,exact
NotYet,reading startPos,1,1,True,compiler,compiler lesson,,exact
NotYet,reading startsOnNewLine,1,1,True,compiler,compiler lesson,,exact
NotYet,reading statementExpression,1,1,True,compiler,compiler lesson,,exact
NotYet,reading statementOffset,1,1,True,compiler,compiler lesson,,exact
NotYet,reading staticBlocks,1,1,True,compiler,compiler lesson,,exact
NotYet,reading strName,1,1,True,compiler,compiler lesson,,exact
NotYet,reading subsequentNode,1,1,True,compiler,compiler lesson,,exact
NotYet,reading substituteConstraints,1,1,True,compiler,compiler lesson,,exact
NotYet,reading superPath,1,1,True,compiler,compiler lesson,,exact
NotYet,reading superStatement,1,1,True,compiler,compiler lesson,,exact
NotYet,reading system,1,1,True,compiler,compiler lesson,,exact
NotYet,reading tagExpression,1,1,True,compiler,compiler lesson,,exact
NotYet,reading targetDeclarationKind,1,1,True,compiler,compiler lesson,,exact
NotYet,reading targetFile,1,1,True,compiler,compiler lesson,,exact
NotYet,reading targetHasStringIndex,1,1,True,compiler,compiler lesson,,exact
NotYet,reading targetIsJSConstructor,1,1,True,compiler,compiler lesson,,exact
NotYet,reading targetKeys,1,1,True,compiler,compiler lesson,,exact
NotYet,reading targetReturn,1,1,True,compiler,compiler lesson,,exact
NotYet,reading targetSymbolFile,1,1,True,compiler,compiler lesson,,exact
NotYet,reading tempVar,1,1,True,compiler,compiler lesson,,exact
NotYet,reading templateType,1,1,True,compiler,compiler lesson,,exact
NotYet,reading templates,1,1,True,compiler,compiler lesson,,exact
NotYet,reading testedNode,1,1,True,compiler,compiler lesson,,exact
NotYet,reading thisAccess,1,1,True,compiler,compiler lesson,,exact
NotYet,reading thisNodeOrAnySubNodesHasError,1,1,True,compiler,compiler lesson,,exact
NotYet,reading thisParameters,1,1,True,compiler,compiler lesson,,exact
NotYet,reading timerToInvalidateFailedLookupResolutions,1,1,True,compiler,compiler lesson,,exact
NotYet,reading timerToUpdateProgram,1,1,True,compiler,compiler lesson,,exact
NotYet,reading tokenSourceMapRanges,1,1,True,compiler,compiler lesson,,exact
NotYet,reading tokenText,1,1,True,compiler,compiler lesson,,exact
NotYet,reading tp,1,1,True,compiler,compiler lesson,,exact
NotYet,reading trailingComments,1,1,True,compiler,compiler lesson,,exact
NotYet,reading trailingNewlines,1,1,True,compiler,compiler lesson,,exact
NotYet,reading tripleSlash,1,1,True,compiler,compiler lesson,,exact
NotYet,reading trueCondition,1,1,True,compiler,compiler lesson,,exact
NotYet,reading tryStatement,1,1,True,compiler,compiler lesson,,exact
NotYet,reading tsPriority,1,1,True,compiler,compiler lesson,,exact
NotYet,reading tsconfigTime,1,1,True,compiler,compiler lesson,,exact
NotYet,reading tupleTarget,1,1,True,compiler,compiler lesson,,exact
NotYet,reading typeAlias,1,1,True,compiler,compiler lesson,,exact
NotYet,reading typeArgumentTypes,1,1,True,compiler,compiler lesson,,exact
NotYet,reading typeOfArrayLiteral,1,1,True,compiler,compiler lesson,,exact
NotYet,reading typeOfObjectLiteral,1,1,True,compiler,compiler lesson,,exact
NotYet,reading typeParameterCount,1,1,True,compiler,compiler lesson,,exact
NotYet,reading typePredicateVariable,1,1,True,compiler,compiler lesson,,exact
NotYet,reading typeReferenceResolutionsChanged,1,1,True,compiler,compiler lesson,,exact
NotYet,reading typeRoots,1,1,True,compiler,compiler lesson,,exact
NotYet,reading typescriptVersion,1,1,True,compiler,compiler lesson,,exact
NotYet,reading uniqueFilled,1,1,True,compiler,compiler lesson,,exact
NotYet,reading unmatched,1,1,True,compiler,compiler lesson,,exact
NotYet,reading unwidenedType,1,1,True,compiler,compiler lesson,,exact
NotYet,reading unwrappedExpr,1,1,True,compiler,compiler lesson,,exact
NotYet,reading unwrappedExprType,1,1,True,compiler,compiler lesson,,exact
NotYet,reading updatedText,1,1,True,compiler,compiler lesson,,exact
NotYet,reading usageMode,1,1,True,compiler,compiler lesson,,exact
NotYet,reading useCaseSensitiveFileNames,1,1,True,compiler,compiler lesson,,exact
NotYet,reading useStrictDirective,1,1,True,compiler,compiler lesson,,exact
NotYet,reading val,1,1,True,compiler,compiler lesson,,exact
NotYet,reading valid,1,1,True,compiler,compiler lesson,,exact
NotYet,reading validatedFilesSpecBeforeSubstitution,1,1,True,compiler,compiler lesson,,exact
NotYet,reading valueDecl,1,1,True,compiler,compiler lesson,,exact
NotYet,reading values,1,1,True,compiler,compiler lesson,,exact
NotYet,reading variableList,1,1,True,compiler,compiler lesson,,exact
NotYet,reading verbatimFromExports,1,1,True,compiler,compiler lesson,,exact
NotYet,reading version,1,1,True,compiler,compiler lesson,,exact
NotYet,reading visibilityResult,1,1,True,compiler,compiler lesson,,exact
NotYet,reading watchDirectoryKind,1,1,True,compiler,compiler lesson,,exact
NotYet,reading watchFileKind,1,1,True,compiler,compiler lesson,,exact
NotYet,reading widenedTypes,1,1,True,compiler,compiler lesson,,exact
NotYet,slice with an index that isn't a number,1,1,False,compiler,compiler lesson,,exact
NotYet,spreading an array of other elements,1,1,False,compiler,compiler lesson,,exact
NotYet,storing any in a field,1,1,False,compiler,compiler lesson,,exact
NotYet,storing false | Type in a field,1,1,False,compiler,compiler lesson,,exact
NotYet,storing string | number in a field,1,1,False,compiler,compiler lesson,,exact
Refused,a cast the runtime can't check,3645,1701,False,stage3 adaptation,adaptation,internal/lower/cast_proof.go / lowering.castProof,exact
Refused,a type predicate whose return is not proven (return expression is not a trusted check on node),414,0,False,stage3 adaptation,adaptation,internal/lower/predicates.go / predicateProof.refused,exact
NotYet,a value of type any,90,90,False,stage3 adaptation,adaptation,,exact
Refused,"a value of type DiagnosticWithLocation seen as Diagnostic, which can write SourceFile | undefined where SourceFile is read",90,0,False,stage3 adaptation,adaptation,internal/lower/invariance.go / lowering.wideningRefusal / lowering.refuseElementWidening,exact
Refused,"a value of type DiagnosticWithLocation seen as DiagnosticRelatedInformation, which can write SourceFile | undefined where SourceFile is read",59,0,False,stage3 adaptation,adaptation,internal/lower/invariance.go / lowering.wideningRefusal / lowering.refuseElementWidening,exact
Refused,"a value of type SourceFile seen as SourceFileLike, which can write readonly number[] | undefined where readonly number[] is read",34,0,False,stage3 adaptation,adaptation,internal/lower/invariance.go / lowering.wideningRefusal / lowering.refuseElementWidening,exact
Refused,"a value of type TupleTypeReference seen as TypeReference, which can write GenericType where TupleType is read",25,0,False,stage3 adaptation,adaptation,internal/lower/invariance.go / lowering.wideningRefusal / lowering.refuseElementWidening,exact
NotYet,an array of any,20,20,False,stage3 adaptation,adaptation,,exact
Refused,a type predicate whose return is not proven (branch is not a trusted parameter check),20,0,False,stage3 adaptation,adaptation,internal/lower/predicates.go / predicateProof.refused,exact
Refused,"a value of type FlowNode seen as FlowNode | undefined, which can write BindingElement | Expression | VariableDeclaration where BinaryExpression | CallExpression is read",19,0,False,stage3 adaptation,adaptation,internal/lower/invariance.go / lowering.wideningRefusal / lowering.refuseElementWidening,exact
Refused,"a value of type ResolvedType seen as ObjectType, which can write SymbolTable | undefined where SymbolTable is read",16,0,False,stage3 adaptation,adaptation,internal/lower/invariance.go / lowering.wideningRefusal / lowering.refuseElementWidening,exact
Refused,"a value of type never[] seen as Diagnostic[], which can write Diagnostic where never is read",15,0,False,stage3 adaptation,adaptation,internal/lower/invariance.go / lowering.wideningRefusal / lowering.refuseElementWidening,exact
Refused,yield (generators),15,0,False,stage3 adaptation,adaptation,internal/lower/refusals.go / lowering.refuse,exact
NotYet,a function returning any,14,14,False,stage3 adaptation,adaptation,,exact
Refused,"a value of type Node seen as TextRange, whose readonly field pos becomes writable: a readonly field may hold something narrower than number, which a write of number would replace",14,0,False,stage3 adaptation,adaptation,internal/lower/invariance.go / lowering.wideningRefusal,exact
Refused,"a value of type never[] seen as BaseType[], which can write BaseType where never is read",14,0,False,stage3 adaptation,adaptation,internal/lower/invariance.go / lowering.wideningRefusal / lowering.refuseElementWidening,exact
Refused,an unproven value assigned to a numeric literal or enum member slot SyntaxKind.JSDocTypeExpression,14,0,False,stage3 adaptation,adaptation,internal/lower/invariance.go / lowering.wideningRefusal,exact
Refused,"a value of type never[] seen as string[], which can write string where never is read",13,0,False,stage3 adaptation,adaptation,internal/lower/invariance.go / lowering.wideningRefusal / lowering.refuseElementWidening,exact
Refused,the void operator,13,0,False,stage3 adaptation,adaptation,internal/lower/refusals.go / lowering.refuse,exact
Refused,a generator function,12,0,False,stage3 adaptation,adaptation,internal/lower/refusals.go / lowering.refuse,exact
Refused,"a value of type Node[] seen as unknown[], which can write unknown where Node is read",12,0,False,stage3 adaptation,adaptation,internal/lower/invariance.go / lowering.wideningRefusal / lowering.refuseElementWidening,exact
Refused,"a value of type never[] seen as Signature[], which can write Signature where never is read",12,0,False,stage3 adaptation,adaptation,internal/lower/invariance.go / lowering.wideningRefusal / lowering.refuseElementWidening,exact
Refused,"a value of type never[] seen as Symbol[], which can write Symbol where never is read",12,0,False,stage3 adaptation,adaptation,internal/lower/invariance.go / lowering.wideningRefusal / lowering.refuseElementWidening,exact
Refused,"a value of type NodeBuilderContext seen as SyntacticTypeNodeBuilderContext, which can write Required<Pick<SymbolTracker, ""reportInferenceFallback"">> where SymbolTrackerImpl is read",11,0,False,stage3 adaptation,adaptation,internal/lower/invariance.go / lowering.wideningRefusal / lowering.refuseElementWidening,exact
Refused,in,11,0,False,stage3 adaptation,adaptation,internal/lower/refusals.go / lowering.refuse,exact
Refused,"a value of type Symbol | undefined seen as Type | undefined, which can write TypeFlags where SymbolFlags is read",10,0,False,stage3 adaptation,adaptation,internal/lower/invariance.go / lowering.wideningRefusal / lowering.refuseElementWidening,exact
Refused,"a value of type DiagnosticWithLocation[] seen as Diagnostic[], which can write Diagnostic where DiagnosticWithLocation is read",9,0,False,stage3 adaptation,adaptation,internal/lower/invariance.go / lowering.wideningRefusal / lowering.refuseElementWidening,exact
Refused,"a value of type Expression seen as TextRange | undefined, whose readonly field pos becomes writable: a readonly field may hold something narrower than number, which a write of number would replace",9,0,False,stage3 adaptation,adaptation,internal/lower/invariance.go / lowering.wideningRefusal,exact
Refused,"a value of type never[] seen as IndexInfo[], which can write IndexInfo where never is read",9,0,False,stage3 adaptation,adaptation,internal/lower/invariance.go / lowering.wideningRefusal / lowering.refuseElementWidening,exact
Refused,a type predicate whose return is not proven (return expression is not a trusted check on type),8,0,False,stage3 adaptation,adaptation,internal/lower/predicates.go / predicateProof.refused,exact
Refused,"a value of type never[] seen as Type[], which can write Type where never is read",8,0,False,stage3 adaptation,adaptation,internal/lower/invariance.go / lowering.wideningRefusal / lowering.refuseElementWidening,exact
Refused,"a value of type FlowNode seen as FlowNode[] | FlowNode | undefined, which can write BindingElement | Expression | VariableDeclaration where BinaryExpression | CallExpression is read",7,0,False,stage3 adaptation,adaptation,internal/lower/invariance.go / lowering.wideningRefusal / lowering.refuseElementWidening,exact
Refused,an unproven value assigned to a numeric literal or enum member slot SyntaxKind.SourceFile,7,0,False,stage3 adaptation,adaptation,internal/lower/invariance.go / lowering.wideningRefusal,exact
Refused,a type predicate whose return is not proven (return expression is not a trusted check on n),6,0,False,stage3 adaptation,adaptation,internal/lower/predicates.go / predicateProof.refused,exact
Refused,"a value of type Declaration[] seen as Node[], which can write Node where Declaration is read",6,0,False,stage3 adaptation,adaptation,internal/lower/invariance.go / lowering.wideningRefusal / lowering.refuseElementWidening,exact
Refused,"a value of type Expression seen as SourceMapRange | undefined, whose readonly field pos becomes writable: a readonly field may hold something narrower than number, which a write of number would replace",6,0,False,stage3 adaptation,adaptation,internal/lower/invariance.go / lowering.wideningRefusal,exact
Refused,"a value of type FlowNode | undefined seen as false | FlowNode | undefined, which can write BindingElement | Expression | VariableDeclaration where BinaryExpression | CallExpression is read",6,0,False,stage3 adaptation,adaptation,internal/lower/invariance.go / lowering.wideningRefusal / lowering.refuseElementWidening,exact
Refused,"a value of type Identifier seen as SourceMapRange | undefined, whose readonly field pos becomes writable: a readonly field may hold something narrower than number, which a write of number would replace",6,0,False,stage3 adaptation,adaptation,internal/lower/invariance.go / lowering.wideningRefusal,exact
Refused,"a value of type TypeNode | undefined seen as Type | undefined, whose readonly field flags becomes writable: a readonly field may hold something narrower than NodeFlags, which a write of TypeFlags would replace",6,0,False,stage3 adaptation,adaptation,internal/lower/invariance.go / lowering.wideningRefusal,exact
Refused,an unproven value assigned to a numeric literal or enum member slot SyntaxKind.TypeKeyword,6,0,False,stage3 adaptation,adaptation,internal/lower/invariance.go / lowering.wideningRefusal,exact
NotYet,a VoidExpression as a statement,5,5,False,stage3 adaptation,adaptation,,exact
Refused,"a value of type DiagnosticWithDetachedLocation seen as DiagnosticRelatedInformation, which can write SourceFile | undefined where undefined is read",5,0,False,stage3 adaptation,adaptation,internal/lower/invariance.go / lowering.wideningRefusal / lowering.refuseElementWidening,exact
Refused,"a value of type FlowArrayMutation | FlowAssignment seen as FlowNode, which can write BindingElement | Expression | VariableDeclaration where BinaryExpression | CallExpression is read",5,0,False,stage3 adaptation,adaptation,internal/lower/invariance.go / lowering.wideningRefusal / lowering.refuseElementWidening,exact
Refused,"a value of type GeneratedIdentifier | GeneratedPrivateIdentifier | Node seen as Node, whose readonly field emitNode becomes writable: a readonly field may hold something narrower than EmitNode & { autoGenerate: AutoGenerateInfo; }, which a write of EmitNode | undefined would replace",5,0,False,stage3 adaptation,adaptation,internal/lower/invariance.go / lowering.wideningRefusal,exact
Refused,"a value of type Node seen as Mutable<Node>, whose readonly field pos becomes writable: a readonly field may hold something narrower than number, which a write of number would replace",5,4,False,stage3 adaptation,adaptation,internal/lower/invariance.go / lowering.wideningRefusal,exact
Refused,"a value of type Symbol | undefined seen as Declaration | undefined, which can write number | undefined where number is read",5,0,False,stage3 adaptation,adaptation,internal/lower/invariance.go / lowering.wideningRefusal / lowering.refuseElementWidening,exact
Refused,an arbitrary number or a value from another enum assigned to InternalSymbolName.Call; its members are a closed union,5,0,False,stage3 adaptation,adaptation,internal/lower/invariance.go / lowering.wideningRefusal,exact
Refused,an unproven value assigned to a numeric literal or enum member slot ModifierFlags.None,5,0,False,stage3 adaptation,adaptation,internal/lower/invariance.go / lowering.wideningRefusal,exact
Refused,"a function taking readonly Modifier[] | undefined seen as one taking readonly ModifierLike[] | undefined (tsc relates a method's parameters both ways), so it can be handed what it can't take",4,0,False,stage3 adaptation,adaptation,internal/lower/invariance.go / lowering.wideningRefusal,exact
Refused,"a value of type Declaration | undefined seen as Symbol | undefined, whose readonly field flags becomes writable: a readonly field may hold something narrower than NodeFlags, which a write of SymbolFlags would replace",4,0,False,stage3 adaptation,adaptation,internal/lower/invariance.go / lowering.wideningRefusal,exact
Refused,"a value of type Expression seen as TextRange, whose readonly field pos becomes writable: a readonly field may hold something narrower than number, which a write of number would replace",4,0,False,stage3 adaptation,adaptation,internal/lower/invariance.go / lowering.wideningRefusal,exact
Refused,"a value of type Expression | undefined seen as Symbol | undefined, whose readonly field flags becomes writable: a readonly field may hold something narrower than NodeFlags, which a write of SymbolFlags would replace",4,0,False,stage3 adaptation,adaptation,internal/lower/invariance.go / lowering.wideningRefusal,exact
Refused,"a value of type GeneratedIdentifier | GeneratedPrivateIdentifier seen as Node, whose readonly field emitNode becomes writable: a readonly field may hold something narrower than EmitNode & { autoGenerate: AutoGenerateInfo; }, which a write of EmitNode | undefined would replace",4,0,False,stage3 adaptation,adaptation,internal/lower/invariance.go / lowering.wideningRefusal,exact
Refused,"a value of type Mutable<GeneratedIdentifier> seen as Identifier, which can write EmitNode | undefined where EmitNode & { autoGenerate: AutoGenerateInfo; } is read",4,0,False,stage3 adaptation,adaptation,internal/lower/invariance.go / lowering.wideningRefusal / lowering.refuseElementWidening,exact
Refused,"a value of type NodeArray<Statement> seen as TextRange | undefined, whose readonly field pos becomes writable: a readonly field may hold something narrower than number, which a write of number would replace",4,0,False,stage3 adaptation,adaptation,internal/lower/invariance.go / lowering.wideningRefusal,exact
Refused,"a value of type SyntheticSuper seen as Expression, whose readonly field emitNode becomes writable: a readonly field may hold something narrower than EmitNode & { autoGenerate: AutoGenerateInfo; }, which a write of EmitNode | undefined would replace",4,0,False,stage3 adaptation,adaptation,internal/lower/invariance.go / lowering.wideningRefusal,exact
Refused,"a value of type never[] seen as Node[], which can write Node where never is read",4,0,False,stage3 adaptation,adaptation,internal/lower/invariance.go / lowering.wideningRefusal / lowering.refuseElementWidening,exact
Refused,an unproven value assigned to a numeric literal or enum member slot SyntaxKind.Identifier,4,0,False,stage3 adaptation,adaptation,internal/lower/invariance.go / lowering.wideningRefusal,exact
Refused,"a function taking () => T seen as one taking () => T (tsc relates a method's parameters both ways), so it can be handed what it can't take",3,0,False,stage3 adaptation,adaptation,internal/lower/invariance.go / lowering.wideningRefusal,exact
Refused,a type predicate whose return is not proven (return expression is not a trusted check on d),3,0,False,stage3 adaptation,adaptation,internal/lower/predicates.go / predicateProof.refused,exact
Refused,"a value of type Diagnostic seen as Diagnostic, which can write SourceFile | undefined where SourceFile is read",3,0,False,stage3 adaptation,adaptation,internal/lower/invariance.go / lowering.wideningRefusal / lowering.refuseElementWidening,exact
Refused,"a value of type GeneratedIdentifier seen as Identifier, whose readonly field emitNode becomes writable: a readonly field may hold something narrower than EmitNode & { autoGenerate: AutoGenerateInfo; }, which a write of EmitNode | undefined would replace",3,0,False,stage3 adaptation,adaptation,internal/lower/invariance.go / lowering.wideningRefusal,exact
Refused,"a value of type GenericType | ResolvedType seen as ObjectType, which can write SymbolTable | undefined where SymbolTable is read",3,0,False,stage3 adaptation,adaptation,internal/lower/invariance.go / lowering.wideningRefusal / lowering.refuseElementWidening,exact
Refused,"a value of type Identifier seen as TextRange, whose readonly field pos becomes writable: a readonly field may hold something narrower than number, which a write of number would replace",3,0,False,stage3 adaptation,adaptation,internal/lower/invariance.go / lowering.wideningRefusal,exact
Refused,"a value of type NodeArray<Statement> seen as TextRange, whose readonly field pos becomes writable: a readonly field may hold something narrower than number, which a write of number would replace",3,0,False,stage3 adaptation,adaptation,internal/lower/invariance.go / lowering.wideningRefusal,exact
Refused,"a value of type PropertyName seen as SourceMapRange | undefined, whose readonly field pos becomes writable: a readonly field may hold something narrower than number, which a write of number would replace",3,0,False,stage3 adaptation,adaptation,internal/lower/invariance.go / lowering.wideningRefusal,exact
Refused,"a value of type Signature | undefined seen as Type | undefined, which can write TypeFlags where SignatureFlags is read",3,0,False,stage3 adaptation,adaptation,internal/lower/invariance.go / lowering.wideningRefusal / lowering.refuseElementWidening,exact
Refused,"a value of type Type | undefined seen as Symbol | undefined, which can write SymbolFlags where TypeFlags is read",3,0,False,stage3 adaptation,adaptation,internal/lower/invariance.go / lowering.wideningRefusal / lowering.refuseElementWidening,exact
Refused,"a value of type Type | undefined seen as TypeNode | undefined, which can write number | undefined where number is read",3,0,False,stage3 adaptation,adaptation,internal/lower/invariance.go / lowering.wideningRefusal / lowering.refuseElementWidening,exact
Refused,"a value of type never[] seen as Declaration[], which can write Declaration where never is read",3,0,False,stage3 adaptation,adaptation,internal/lower/invariance.go / lowering.wideningRefusal / lowering.refuseElementWidening,exact
Refused,"a value of type never[] seen as TypeParameter[], which can write TypeParameter where never is read",3,0,False,stage3 adaptation,adaptation,internal/lower/invariance.go / lowering.wideningRefusal / lowering.refuseElementWidening,exact
Refused,an unproven value assigned to a numeric literal or enum member slot SyntaxKind.ExpressionWithTypeArguments,3,0,False,stage3 adaptation,adaptation,internal/lower/invariance.go / lowering.wideningRefusal,exact
Refused,"a function taking ((node: Node) => VisitResult<Node>) | undefined seen as one taking ((node: Node) => VisitResult<Node | undefined>) | undefined (tsc relates a method's parameters both ways), so it can be handed what it can't take",2,0,False,stage3 adaptation,adaptation,internal/lower/invariance.go / lowering.wideningRefusal,exact
Refused,"a function taking JSDocTypeExpression | undefined seen as one taking JSDocTypeExpression | JSDocTypeLiteral | undefined (tsc relates a method's parameters both ways), so it can be handed what it can't take",2,0,False,stage3 adaptation,adaptation,internal/lower/invariance.go / lowering.wideningRefusal,exact
Refused,"a function taking Node seen as one taking [node: Node] (tsc relates a method's parameters both ways), so it can be handed what it can't take",2,0,False,stage3 adaptation,adaptation,internal/lower/invariance.go / lowering.wideningRefusal,exact
Refused,"a function taking Visitor seen as one taking Visitor<TIn, Node | undefined> (tsc relates a method's parameters both ways), so it can be handed what it can't take",2,0,False,stage3 adaptation,adaptation,internal/lower/invariance.go / lowering.wideningRefusal,exact
Refused,"a value of type (identifierOrPrivateName: Identifier | PrivateIdentifier) => string seen as (name: GeneratedIdentifier | GeneratedPrivateIdentifier) => string, whose readonly field emitNode becomes writable: a readonly field may hold something narrower than EmitNode & { autoGenerate: AutoGenerateInfo; }, which a write of EmitNode | undefined would replace",2,0,False,stage3 adaptation,adaptation,internal/lower/invariance.go / lowering.wideningRefusal,exact
Refused,"a value of type (readonly [() => IntrinsicType, __String])[] seen as (readonly [() => Type, __String])[], which can write readonly [() => Type, __String] where readonly [() => IntrinsicType, __String] is read",2,0,False,stage3 adaptation,adaptation,internal/lower/invariance.go / lowering.wideningRefusal / lowering.refuseElementWidening,exact
Refused,"a value of type BindingElement[] seen as unknown[], which can write unknown where BindingElement is read",2,0,False,stage3 adaptation,adaptation,internal/lower/invariance.go / lowering.wideningRefusal / lowering.refuseElementWidening,exact
Refused,"a value of type BlockLike seen as TextRange, whose readonly field pos becomes writable: a readonly field may hold something narrower than number, which a write of number would replace",2,0,False,stage3 adaptation,adaptation,internal/lower/invariance.go / lowering.wideningRefusal,exact
Refused,"a value of type CapturedThis seen as Expression | undefined, whose readonly field emitNode becomes writable: a readonly field may hold something narrower than EmitNode & { autoGenerate: AutoGenerateInfo; }, which a write of EmitNode | undefined would replace",2,0,False,stage3 adaptation,adaptation,internal/lower/invariance.go / lowering.wideningRefusal,exact
Refused,"a value of type CapturedThis seen as Expression, whose readonly field emitNode becomes writable: a readonly field may hold something narrower than EmitNode & { autoGenerate: AutoGenerateInfo; }, which a write of EmitNode | undefined would replace",2,0,False,stage3 adaptation,adaptation,internal/lower/invariance.go / lowering.wideningRefusal,exact
Refused,"a value of type ClassStaticBlockDeclaration seen as Mutable<ClassStaticBlockDeclaration>, whose readonly field pos becomes writable: a readonly field may hold something narrower than number, which a write of number would replace",2,1,False,stage3 adaptation,adaptation,internal/lower/invariance.go / lowering.wideningRefusal,exact
Refused,"a value of type ClassStaticBlockDeclaration | PropertyDeclaration seen as TextRange, whose readonly field pos becomes writable: a readonly field may hold something narrower than number, which a write of number would replace",2,0,False,stage3 adaptation,adaptation,internal/lower/invariance.go / lowering.wideningRefusal,exact
Refused,"a value of type DiagnosticWithLocation | undefined seen as Diagnostic | undefined, which can write SourceFile | undefined where SourceFile is read",2,0,False,stage3 adaptation,adaptation,internal/lower/invariance.go / lowering.wideningRefusal / lowering.refuseElementWidening,exact
Refused,"a value of type FlowCall seen as FlowNode, which can write BinaryExpression | CallExpression where CallExpression is read",2,0,False,stage3 adaptation,adaptation,internal/lower/invariance.go / lowering.wideningRefusal / lowering.refuseElementWidening,exact
Refused,"a value of type GeneratedIdentifier seen as Expression, whose readonly field emitNode becomes writable: a readonly field may hold something narrower than EmitNode & { autoGenerate: AutoGenerateInfo; }, which a write of EmitNode | undefined would replace",2,0,False,stage3 adaptation,adaptation,internal/lower/invariance.go / lowering.wideningRefusal,exact
Refused,"a value of type GeneratedIdentifier seen as Identifier | PrivateIdentifier, whose readonly field emitNode becomes writable: a readonly field may hold something narrower than EmitNode & { autoGenerate: AutoGenerateInfo; }, which a write of EmitNode | undefined would replace",2,0,False,stage3 adaptation,adaptation,internal/lower/invariance.go / lowering.wideningRefusal,exact
Refused,"a value of type ImportTypeAssertionContainer seen as Mutable<ImportTypeAssertionContainer>, whose readonly field pos becomes writable: a readonly field may hold something narrower than number, which a write of number would replace",2,0,False,stage3 adaptation,adaptation,internal/lower/invariance.go / lowering.wideningRefusal,exact
Refused,"a value of type LeftHandSideExpression & GeneratedIdentifier seen as Expression, which can write EmitNode | undefined where EmitNode & { autoGenerate: AutoGenerateInfo; } is read",2,0,False,stage3 adaptation,adaptation,internal/lower/invariance.go / lowering.wideningRefusal / lowering.refuseElementWidening,exact
Refused,"a value of type MethodDeclaration seen as TextRange | undefined, whose readonly field pos becomes writable: a readonly field may hold something narrower than number, which a write of number would replace",2,0,False,stage3 adaptation,adaptation,internal/lower/invariance.go / lowering.wideningRefusal,exact
Refused,"a value of type Node | undefined seen as NodeLinks | undefined, whose readonly field flags becomes writable: a readonly field may hold something narrower than NodeFlags, which a write of NodeCheckFlags would replace",2,0,False,stage3 adaptation,adaptation,internal/lower/invariance.go / lowering.wideningRefusal,exact
Refused,"a value of type ParameterDeclaration | undefined seen as Symbol | undefined, whose readonly field flags becomes writable: a readonly field may hold something narrower than NodeFlags, which a write of SymbolFlags would replace",2,0,False,stage3 adaptation,adaptation,internal/lower/invariance.go / lowering.wideningRefusal,exact
Refused,"a value of type PropertySignature seen as Mutable<PropertySignature>, whose readonly field pos becomes writable: a readonly field may hold something narrower than number, which a write of number would replace",2,1,False,stage3 adaptation,adaptation,internal/lower/invariance.go / lowering.wideningRefusal,exact
Refused,"a value of type SourceFile seen as Mutable<SourceFile>, whose readonly field pos becomes writable: a readonly field may hold something narrower than number, which a write of number would replace",2,2,False,stage3 adaptation,adaptation,internal/lower/invariance.go / lowering.wideningRefusal,exact
Refused,"a value of type Symbol seen as Declaration | undefined, which can write number | undefined where number is read",2,0,False,stage3 adaptation,adaptation,internal/lower/invariance.go / lowering.wideningRefusal / lowering.refuseElementWidening,exact
Refused,"a value of type T seen as T, a type parameter whose constraint Node can be written, so it can write what T can't hold",2,0,False,stage3 adaptation,adaptation,internal/lower/invariance.go / lowering.wideningRefusal,exact
Refused,"a value of type any seen as T, a type parameter whose constraint Node can be written, so it can write what any can't hold",2,0,False,stage3 adaptation,adaptation,internal/lower/invariance.go / lowering.wideningRefusal,exact
Refused,"a value of type false | FlowNode | undefined seen as false | FlowAssignment | FlowLabel | FlowReduceLabel | FlowStart | FlowSwitchClause | undefined, which can write BindingElement | Expression | VariableDeclaration where BinaryExpression | CallExpression is read",2,0,False,stage3 adaptation,adaptation,internal/lower/invariance.go / lowering.wideningRefusal / lowering.refuseElementWidening,exact
Refused,"a value of type never[] seen as (Identifier | StringLiteral)[], which can write Identifier | StringLiteral where never is read",2,0,False,stage3 adaptation,adaptation,internal/lower/invariance.go / lowering.wideningRefusal / lowering.refuseElementWidening,exact
Refused,"a value of type never[] seen as DiagnosticWithLocation[], which can write DiagnosticWithLocation where never is read",2,0,False,stage3 adaptation,adaptation,internal/lower/invariance.go / lowering.wideningRefusal / lowering.refuseElementWidening,exact
Refused,"a value of type never[] seen as VariableDeclaration[], which can write VariableDeclaration where never is read",2,0,False,stage3 adaptation,adaptation,internal/lower/invariance.go / lowering.wideningRefusal / lowering.refuseElementWidening,exact
Refused,"a value of type undefined seen as T, a type parameter whose constraint Type can be written, so it can write what undefined can't hold",2,0,False,stage3 adaptation,adaptation,internal/lower/invariance.go / lowering.wideningRefusal,exact
Refused,an unproven value assigned to a numeric literal or enum member slot Ternary,2,0,False,stage3 adaptation,adaptation,internal/lower/invariance.go / lowering.wideningRefusal,exact
NotYet,a call returning any,1,1,False,stage3 adaptation,adaptation,,exact
Refused,"a function taking BinaryOperatorToken seen as one taking BinaryOperatorToken | BinaryOperator (tsc relates a method's parameters both ways), so it can be handed what it can't take",1,0,False,stage3 adaptation,adaptation,internal/lower/invariance.go / lowering.wideningRefusal,exact
Refused,"a function taking Expression seen as one taking Expression | undefined (tsc relates a method's parameters both ways), so it can be handed what it can't take",1,0,False,stage3 adaptation,adaptation,internal/lower/invariance.go / lowering.wideningRefusal,exact
Refused,"a function taking NodeArray<T> seen as one taking NodeArray<T> (tsc relates a method's parameters both ways), so it can be handed what it can't take",1,0,False,stage3 adaptation,adaptation,internal/lower/invariance.go / lowering.wideningRefusal,exact
Refused,"a function taking NodeArray<T> seen as one taking NodeArray<T> | undefined (tsc relates a method's parameters both ways), so it can be handed what it can't take",1,0,False,stage3 adaptation,adaptation,internal/lower/invariance.go / lowering.wideningRefusal,exact
Refused,"a function taking TypeFacts.None seen as one taking number (tsc relates a method's parameters both ways), so it can be handed what it can't take",1,0,False,stage3 adaptation,adaptation,internal/lower/invariance.go / lowering.wideningRefusal,exact
Refused,"a function taking TypeNode seen as one taking Node (tsc relates a method's parameters both ways), so it can be handed what it can't take",1,0,False,stage3 adaptation,adaptation,internal/lower/invariance.go / lowering.wideningRefusal,exact
Refused,"a function taking [node: ConstructorTypeNode, typeParameters: NodeArray<TypeParameterDeclaration> | undefined, parameters: NodeArray<ParameterDeclaration>, type: TypeNode] | ... seen as one taking ConstructorTypeNode (tsc relates a method's parameters both ways), so it can be handed what it can't take",1,0,False,stage3 adaptation,adaptation,internal/lower/invariance.go / lowering.wideningRefusal,exact
Refused,"a function taking [node: Node] seen as one taking BindingElement | OmittedExpression (tsc relates a method's parameters both ways), so it can be handed what it can't take",1,0,False,stage3 adaptation,adaptation,internal/lower/invariance.go / lowering.wideningRefusal,exact
Refused,"a function taking [node: Node] seen as one taking Declaration (tsc relates a method's parameters both ways), so it can be handed what it can't take",1,0,False,stage3 adaptation,adaptation,internal/lower/invariance.go / lowering.wideningRefusal,exact
Refused,"a function taking [typeParameters: readonly TypeParameterDeclaration[] | undefined, parameters: readonly ParameterDeclaration[], type: TypeNode] | [modifiers: readonly Modifier[] | undefined, typeParameters: ... | undefined, parameters: ..., type: TypeNode] seen as one taking readonly Modifier[] | undefined (tsc relates a method's parameters both ways), so it can be handed what it can't take",1,0,False,stage3 adaptation,adaptation,internal/lower/invariance.go / lowering.wideningRefusal,exact
Refused,"a function taking boolean seen as one taking boolean | undefined (tsc relates a method's parameters both ways), so it can be handed what it can't take",1,0,False,stage3 adaptation,adaptation,internal/lower/invariance.go / lowering.wideningRefusal,exact
Refused,"a function taking readonly T[] | undefined seen as one taking readonly T[] | undefined (tsc relates a method's parameters both ways), so it can be handed what it can't take",1,0,False,stage3 adaptation,adaptation,internal/lower/invariance.go / lowering.wideningRefusal,exact
Refused,"a function taking string seen as one taking string | MemberName (tsc relates a method's parameters both ways), so it can be handed what it can't take",1,0,False,stage3 adaptation,adaptation,internal/lower/invariance.go / lowering.wideningRefusal,exact
Refused,a type predicate whose return is not proven (return expression is not a trusted check on arg),1,0,False,stage3 adaptation,adaptation,internal/lower/predicates.go / predicateProof.refused,exact
Refused,a type predicate whose return is not proven (return expression is not a trusted check on func),1,0,False,stage3 adaptation,adaptation,internal/lower/predicates.go / predicateProof.refused,exact
Refused,a type predicate whose return is not proven (return expression is not a trusted check on m),1,0,False,stage3 adaptation,adaptation,internal/lower/predicates.go / predicateProof.refused,exact
Refused,a type predicate whose return is not proven (return expression is not a trusted check on t),1,0,False,stage3 adaptation,adaptation,internal/lower/predicates.go / predicateProof.refused,exact
Refused,a type predicate whose return is not proven (return expression is not a trusted check on tagName),1,0,False,stage3 adaptation,adaptation,internal/lower/predicates.go / predicateProof.refused,exact
Refused,"a value of type (ClassDeclaration | EnumDeclaration | ExportAssignment | ExportDeclaration | FunctionDeclaration | ... 5 more ... | VariableStatement)[] seen as Statement[], which can write Statement where ClassDeclaration | EnumDeclaration | ExportAssignment | ExportDeclaration | FunctionDeclaration | ... 5 more ... | VariableStatement is read",1,0,False,stage3 adaptation,adaptation,internal/lower/invariance.go / lowering.wideningRefusal / lowering.refuseElementWidening,exact
Refused,"a value of type (node: CommentRange) => boolean seen as (value: SynthesizedComment) => boolean, which can write number where -1 is read",1,0,False,stage3 adaptation,adaptation,internal/lower/invariance.go / lowering.wideningRefusal / lowering.refuseElementWidening,exact
Refused,"a value of type (recordTempVariable: ((node: Identifier) => void) | undefined, reservedInNestedScopes?: boolean | undefined, prefix?: string | GeneratedNamePart | undefined, suffix?: string | undefined) => GeneratedIdentifier seen as { (recordTempVariable: ((node: Identifier) => void) | undefined, reservedInNestedScopes?: boolean | undefined): Identifier; (recordTempVariable: ((node: Identifier) => void) | undefined, reservedInNestedScopes?: boolean | undefined, prefix?: string | ... 1 more ... | undefined, suffix?: string | undefined): Identifi..., whose readonly field emitNode becomes writable: a readonly field may hold something narrower than EmitNode & { autoGenerate: AutoGenerateInfo; }, which a write of EmitNode | undefined would replace",1,0,False,stage3 adaptation,adaptation,internal/lower/invariance.go / lowering.wideningRefusal,exact
Refused,"a value of type (resolution: ResolvedModuleWithFailedLookupLocations) => ResolvedModuleFull | undefined seen as (oldResolution: ResolvedModuleWithFailedLookupLocations) => ResolutionWithResolvedFileName | undefined, which can write string | undefined where string is read",1,0,False,stage3 adaptation,adaptation,internal/lower/invariance.go / lowering.wideningRefusal / lowering.refuseElementWidening,exact
Refused,"a value of type AnonymousType seen as AnonymousType, which can write AnonymousType | undefined where GenericType is read",1,0,False,stage3 adaptation,adaptation,internal/lower/invariance.go / lowering.wideningRefusal / lowering.refuseElementWidening,exact
Refused,"a value of type AnonymousType | DeferredTypeReference seen as AnonymousType, which can write AnonymousType | undefined where GenericType is read",1,0,False,stage3 adaptation,adaptation,internal/lower/invariance.go / lowering.wideningRefusal / lowering.refuseElementWidening,exact
Refused,"a value of type AssertClause seen as Mutable<AssertClause>, whose readonly field pos becomes writable: a readonly field may hold something narrower than number, which a write of number would replace",1,0,False,stage3 adaptation,adaptation,internal/lower/invariance.go / lowering.wideningRefusal,exact
Refused,"a value of type AssertEntry seen as Mutable<AssertEntry>, whose readonly field pos becomes writable: a readonly field may hold something narrower than number, which a write of number would replace",1,0,False,stage3 adaptation,adaptation,internal/lower/invariance.go / lowering.wideningRefusal,exact
Refused,"a value of type AutoAccessorPropertyDeclaration | undefined seen as Type | undefined, whose readonly field flags becomes writable: a readonly field may hold something narrower than NodeFlags, which a write of TypeFlags would replace",1,0,False,stage3 adaptation,adaptation,internal/lower/invariance.go / lowering.wideningRefusal,exact
Refused,"a value of type AwaitedTypeInstantiation | Type seen as Type, which can write Symbol | undefined where Symbol is read",1,0,False,stage3 adaptation,adaptation,internal/lower/invariance.go / lowering.wideningRefusal / lowering.refuseElementWidening,exact
Refused,"a value of type BigIntLiteral | ComputedPropertyName | Identifier | JsxNamespacedName | NoSubstitutionTemplateLiteral | NumericLiteral | PrivateIdentifier | StringLiteral seen as Type, whose readonly field flags becomes writable: a readonly field may hold something narrower than NodeFlags, which a write of TypeFlags would replace",1,0,False,stage3 adaptation,adaptation,internal/lower/invariance.go / lowering.wideningRefusal,exact
Refused,"a value of type BigIntLiteral | ComputedPropertyName | Identifier | JsxNamespacedName | NoSubstitutionTemplateLiteral | NumericLiteral | PrivateIdentifier | StringLiteral | undefined seen as Type | undefined, whose readonly field flags becomes writable: a readonly field may hold something narrower than NodeFlags, which a write of TypeFlags would replace",1,0,False,stage3 adaptation,adaptation,internal/lower/invariance.go / lowering.wideningRefusal,exact
Refused,"a value of type BigIntLiteral | ComputedPropertyName | Identifier | NoSubstitutionTemplateLiteral | NumericLiteral | PrivateIdentifier | StringLiteral | undefined seen as Symbol | undefined, whose readonly field flags becomes writable: a readonly field may hold something narrower than NodeFlags, which a write of SymbolFlags would replace",1,0,False,stage3 adaptation,adaptation,internal/lower/invariance.go / lowering.wideningRefusal,exact
Refused,"a value of type Block seen as Mutable<Block>, whose readonly field pos becomes writable: a readonly field may hold something narrower than number, which a write of number would replace",1,0,False,stage3 adaptation,adaptation,internal/lower/invariance.go / lowering.wideningRefusal,exact
Refused,"a value of type Block | undefined seen as Type | undefined, whose readonly field flags becomes writable: a readonly field may hold something narrower than NodeFlags, which a write of TypeFlags would replace",1,0,False,stage3 adaptation,adaptation,internal/lower/invariance.go / lowering.wideningRefusal,exact
Refused,"a value of type BreakStatement seen as Mutable<BreakStatement>, whose readonly field pos becomes writable: a readonly field may hold something narrower than number, which a write of number would replace",1,0,False,stage3 adaptation,adaptation,internal/lower/invariance.go / lowering.wideningRefusal,exact
Refused,"a value of type CallExpression | undefined seen as NodeArray<Expression> | undefined, whose readonly field transformFlags becomes writable: a readonly field may hold something narrower than TransformFlags, which a write of TransformFlags would replace",1,0,False,stage3 adaptation,adaptation,internal/lower/invariance.go / lowering.wideningRefusal,exact
Refused,"a value of type CallSignatureDeclaration seen as Mutable<CallSignatureDeclaration>, whose readonly field pos becomes writable: a readonly field may hold something narrower than number, which a write of number would replace",1,0,False,stage3 adaptation,adaptation,internal/lower/invariance.go / lowering.wideningRefusal,exact
Refused,"a value of type CapturedThis seen as PrimaryExpression, whose readonly field emitNode becomes writable: a readonly field may hold something narrower than EmitNode & { autoGenerate: AutoGenerateInfo; }, which a write of EmitNode | undefined would replace",1,0,False,stage3 adaptation,adaptation,internal/lower/invariance.go / lowering.wideningRefusal,exact
Refused,"a value of type CapturedThis seen as string | BindingName, whose readonly field emitNode becomes writable: a readonly field may hold something narrower than EmitNode & { autoGenerate: AutoGenerateInfo; }, which a write of EmitNode | undefined would replace",1,0,False,stage3 adaptation,adaptation,internal/lower/invariance.go / lowering.wideningRefusal,exact
Refused,"a value of type CaseBlock seen as Mutable<CaseBlock>, whose readonly field pos becomes writable: a readonly field may hold something narrower than number, which a write of number would replace",1,0,False,stage3 adaptation,adaptation,internal/lower/invariance.go / lowering.wideningRefusal,exact
Refused,"a value of type Children seen as TextRange | undefined, whose readonly field pos becomes writable: a readonly field may hold something narrower than number, which a write of number would replace",1,0,False,stage3 adaptation,adaptation,internal/lower/invariance.go / lowering.wideningRefusal,exact
Refused,"a value of type ClassDeclaration | ClassExpression | InferTypeNode | InterfaceDeclaration | JSDocCallbackTag | ... 4 more ... | undefined seen as Symbol | undefined, whose readonly field flags becomes writable: a readonly field may hold something narrower than NodeFlags, which a write of SymbolFlags would replace",1,0,False,stage3 adaptation,adaptation,internal/lower/invariance.go / lowering.wideningRefusal,exact
Refused,"a value of type ConstructSignatureDeclaration seen as Mutable<ConstructSignatureDeclaration>, whose readonly field pos becomes writable: a readonly field may hold something narrower than number, which a write of number would replace",1,0,False,stage3 adaptation,adaptation,internal/lower/invariance.go / lowering.wideningRefusal,exact
Refused,"a value of type ConstructorTypeNode seen as Mutable<ConstructorTypeNode>, whose readonly field pos becomes writable: a readonly field may hold something narrower than number, which a write of number would replace",1,0,False,stage3 adaptation,adaptation,internal/lower/invariance.go / lowering.wideningRefusal,exact
Refused,"a value of type ContinueStatement seen as Mutable<ContinueStatement>, whose readonly field pos becomes writable: a readonly field may hold something narrower than number, which a write of number would replace",1,0,False,stage3 adaptation,adaptation,internal/lower/invariance.go / lowering.wideningRefusal,exact
Refused,"a value of type Declaration seen as Symbol | undefined, whose readonly field flags becomes writable: a readonly field may hold something narrower than NodeFlags, which a write of SymbolFlags would replace",1,0,False,stage3 adaptation,adaptation,internal/lower/invariance.go / lowering.wideningRefusal,exact
Refused,"a value of type Declaration | undefined seen as Type | undefined, whose readonly field flags becomes writable: a readonly field may hold something narrower than NodeFlags, which a write of TypeFlags would replace",1,0,False,stage3 adaptation,adaptation,internal/lower/invariance.go / lowering.wideningRefusal,exact
Refused,"a value of type DiagnosticWithLocation seen as Diagnostic | undefined, which can write SourceFile | undefined where SourceFile is read",1,0,False,stage3 adaptation,adaptation,internal/lower/invariance.go / lowering.wideningRefusal / lowering.refuseElementWidening,exact
Refused,"a value of type DiagnosticWithLocation seen as DiagnosticRelatedInformation | undefined, which can write SourceFile | undefined where SourceFile is read",1,0,False,stage3 adaptation,adaptation,internal/lower/invariance.go / lowering.wideningRefusal / lowering.refuseElementWidening,exact
Refused,"a value of type DiagnosticWithLocation[] seen as readonly Diagnostic[] | undefined, which can write SourceFile | undefined where SourceFile is read",1,0,False,stage3 adaptation,adaptation,internal/lower/invariance.go / lowering.wideningRefusal / lowering.refuseElementWidening,exact
Refused,"a value of type DiagnosticWithLocation[] seen as readonly Diagnostic[], which can write SourceFile | undefined where SourceFile is read",1,0,False,stage3 adaptation,adaptation,internal/lower/invariance.go / lowering.wideningRefusal / lowering.refuseElementWidening,exact
Refused,"a value of type DiagnosticWithLocation[] | undefined seen as readonly Diagnostic[] | undefined, which can write SourceFile | undefined where SourceFile is read",1,0,False,stage3 adaptation,adaptation,internal/lower/invariance.go / lowering.wideningRefusal / lowering.refuseElementWidening,exact
Refused,"a value of type EntityNameExpression | undefined seen as Symbol | undefined, whose readonly field flags becomes writable: a readonly field may hold something narrower than NodeFlags, which a write of SymbolFlags would replace",1,0,False,stage3 adaptation,adaptation,internal/lower/invariance.go / lowering.wideningRefusal,exact
Refused,"a value of type EqualsGreaterThanToken seen as TextRange, whose readonly field pos becomes writable: a readonly field may hold something narrower than number, which a write of number would replace",1,0,False,stage3 adaptation,adaptation,internal/lower/invariance.go / lowering.wideningRefusal,exact
Refused,"a value of type ExportDeclaration | undefined seen as Symbol | undefined, whose readonly field flags becomes writable: a readonly field may hold something narrower than NodeFlags, which a write of SymbolFlags would replace",1,0,False,stage3 adaptation,adaptation,internal/lower/invariance.go / lowering.wideningRefusal,exact
Refused,"a value of type Expression | undefined seen as Type | undefined, whose readonly field flags becomes writable: a readonly field may hold something narrower than NodeFlags, which a write of TypeFlags would replace",1,0,False,stage3 adaptation,adaptation,internal/lower/invariance.go / lowering.wideningRefusal,exact
Refused,"a value of type ExpressionStatement seen as Mutable<ExpressionStatement>, whose readonly field pos becomes writable: a readonly field may hold something narrower than number, which a write of number would replace",1,0,False,stage3 adaptation,adaptation,internal/lower/invariance.go / lowering.wideningRefusal,exact
Refused,"a value of type FunctionTypeNode seen as Mutable<FunctionTypeNode>, whose readonly field pos becomes writable: a readonly field may hold something narrower than number, which a write of number would replace",1,0,False,stage3 adaptation,adaptation,internal/lower/invariance.go / lowering.wideningRefusal,exact
Refused,"a value of type GeneratedIdentifier seen as Node | undefined, whose readonly field emitNode becomes writable: a readonly field may hold something narrower than EmitNode & { autoGenerate: AutoGenerateInfo; }, which a write of EmitNode | undefined would replace",1,0,False,stage3 adaptation,adaptation,internal/lower/invariance.go / lowering.wideningRefusal,exact
Refused,"a value of type GeneratedIdentifier | GeneratedPrivateIdentifier seen as Identifier | PrivateIdentifier, whose readonly field emitNode becomes writable: a readonly field may hold something narrower than EmitNode & { autoGenerate: AutoGenerateInfo; }, which a write of EmitNode | undefined would replace",1,0,False,stage3 adaptation,adaptation,internal/lower/invariance.go / lowering.wideningRefusal,exact
Refused,"a value of type GeneratedIdentifier | GeneratedPrivateIdentifier seen as Node | undefined, whose readonly field emitNode becomes writable: a readonly field may hold something narrower than EmitNode & { autoGenerate: AutoGenerateInfo; }, which a write of EmitNode | undefined would replace",1,0,False,stage3 adaptation,adaptation,internal/lower/invariance.go / lowering.wideningRefusal,exact
Refused,"a value of type GeneratedPrivateIdentifier seen as Node | undefined, whose readonly field emitNode becomes writable: a readonly field may hold something narrower than EmitNode & { autoGenerate: AutoGenerateInfo; }, which a write of EmitNode | undefined would replace",1,0,False,stage3 adaptation,adaptation,internal/lower/invariance.go / lowering.wideningRefusal,exact
Refused,"a value of type GetAccessorDeclaration | MethodDeclaration | PropertyAssignment | SetAccessorDeclaration | ShorthandPropertyAssignment | SpreadAssignment | undefined seen as Type | undefined, whose readonly field flags becomes writable: a readonly field may hold something narrower than NodeFlags, which a write of TypeFlags would replace",1,0,False,stage3 adaptation,adaptation,internal/lower/invariance.go / lowering.wideningRefusal,exact
Refused,"a value of type Identifier & GeneratedIdentifier & { readonly escapedText: { __escapedIdentifier: void; } & ""__this""; } seen as BindingName, which can write EmitNode | undefined where EmitNode & { autoGenerate: AutoGenerateInfo; } is read",1,0,False,stage3 adaptation,adaptation,internal/lower/invariance.go / lowering.wideningRefusal / lowering.refuseElementWidening,exact
Refused,"a value of type Identifier seen as Mutable<Node>, whose readonly field pos becomes writable: a readonly field may hold something narrower than number, which a write of number would replace",1,1,False,stage3 adaptation,adaptation,internal/lower/invariance.go / lowering.wideningRefusal,exact
Refused,"a value of type Identifier | undefined seen as Symbol | undefined, whose readonly field flags becomes writable: a readonly field may hold something narrower than NodeFlags, which a write of SymbolFlags would replace",1,0,False,stage3 adaptation,adaptation,internal/lower/invariance.go / lowering.wideningRefusal,exact
Refused,"a value of type ImportAttribute seen as Mutable<ImportAttribute>, whose readonly field pos becomes writable: a readonly field may hold something narrower than number, which a write of number would replace",1,0,False,stage3 adaptation,adaptation,internal/lower/invariance.go / lowering.wideningRefusal,exact
Refused,"a value of type ImportAttributes seen as Mutable<ImportAttributes>, whose readonly field pos becomes writable: a readonly field may hold something narrower than number, which a write of number would replace",1,0,False,stage3 adaptation,adaptation,internal/lower/invariance.go / lowering.wideningRefusal,exact
Refused,"a value of type ImportClause seen as Mutable<ImportClause>, whose readonly field pos becomes writable: a readonly field may hold something narrower than number, which a write of number would replace",1,0,False,stage3 adaptation,adaptation,internal/lower/invariance.go / lowering.wideningRefusal,exact
Refused,"a value of type ImportDeclaration seen as Mutable<ImportDeclaration>, whose readonly field pos becomes writable: a readonly field may hold something narrower than number, which a write of number would replace",1,0,False,stage3 adaptation,adaptation,internal/lower/invariance.go / lowering.wideningRefusal,exact
Refused,"a value of type ImportDeclaration seen as Mutable<Node>, whose readonly field pos becomes writable: a readonly field may hold something narrower than number, which a write of number would replace",1,1,False,stage3 adaptation,adaptation,internal/lower/invariance.go / lowering.wideningRefusal,exact
Refused,"a value of type ImportTypeNode seen as Mutable<ImportTypeNode>, whose readonly field pos becomes writable: a readonly field may hold something narrower than number, which a write of number would replace",1,0,False,stage3 adaptation,adaptation,internal/lower/invariance.go / lowering.wideningRefusal,exact
Refused,"a value of type IndexInfo | undefined seen as IndexSignatureDeclaration | undefined, which can write number | undefined where number is read",1,0,False,stage3 adaptation,adaptation,internal/lower/invariance.go / lowering.wideningRefusal / lowering.refuseElementWidening,exact
Refused,"a value of type IndexSignatureDeclaration seen as Mutable<IndexSignatureDeclaration>, whose readonly field pos becomes writable: a readonly field may hold something narrower than number, which a write of number would replace",1,0,False,stage3 adaptation,adaptation,internal/lower/invariance.go / lowering.wideningRefusal,exact
Refused,"a value of type IntrinsicType[] seen as TypeParameter[], which can write TypeParameter where IntrinsicType is read",1,0,False,stage3 adaptation,adaptation,internal/lower/invariance.go / lowering.wideningRefusal / lowering.refuseElementWidening,exact
Refused,"a value of type IntrinsicType[] | undefined seen as TypeParameter[] | undefined, which can write TypeParameter where IntrinsicType is read",1,0,False,stage3 adaptation,adaptation,internal/lower/invariance.go / lowering.wideningRefusal / lowering.refuseElementWidening,exact
Refused,"a value of type IterationTypes[] seen as (IterationTypes | undefined)[], which can write IterationTypes | undefined where IterationTypes is read",1,0,False,stage3 adaptation,adaptation,internal/lower/invariance.go / lowering.wideningRefusal / lowering.refuseElementWidening,exact
Refused,"a value of type JSDocAugmentsTag seen as Mutable<JSDocAugmentsTag>, whose readonly field pos becomes writable: a readonly field may hold something narrower than number, which a write of number would replace",1,0,False,stage3 adaptation,adaptation,internal/lower/invariance.go / lowering.wideningRefusal,exact
Refused,"a value of type JSDocCallbackTag seen as Mutable<JSDocCallbackTag>, whose readonly field pos becomes writable: a readonly field may hold something narrower than number, which a write of number would replace",1,0,False,stage3 adaptation,adaptation,internal/lower/invariance.go / lowering.wideningRefusal,exact
Refused,"a value of type JSDocFunctionType seen as Mutable<JSDocFunctionType>, whose readonly field pos becomes writable: a readonly field may hold something narrower than number, which a write of number would replace",1,0,False,stage3 adaptation,adaptation,internal/lower/invariance.go / lowering.wideningRefusal,exact
Refused,"a value of type JSDocImplementsTag seen as Mutable<JSDocImplementsTag>, whose readonly field pos becomes writable: a readonly field may hold something narrower than number, which a write of number would replace",1,0,False,stage3 adaptation,adaptation,internal/lower/invariance.go / lowering.wideningRefusal,exact
Refused,"a value of type JSDocImportTag seen as Mutable<JSDocImportTag>, whose readonly field pos becomes writable: a readonly field may hold something narrower than number, which a write of number would replace",1,0,False,stage3 adaptation,adaptation,internal/lower/invariance.go / lowering.wideningRefusal,exact
Refused,"a value of type JSDocLink seen as Mutable<JSDocLink>, whose readonly field pos becomes writable: a readonly field may hold something narrower than number, which a write of number would replace",1,0,False,stage3 adaptation,adaptation,internal/lower/invariance.go / lowering.wideningRefusal,exact
Refused,"a value of type JSDocLinkCode seen as Mutable<JSDocLinkCode>, whose readonly field pos becomes writable: a readonly field may hold something narrower than number, which a write of number would replace",1,0,False,stage3 adaptation,adaptation,internal/lower/invariance.go / lowering.wideningRefusal,exact
Refused,"a value of type JSDocLinkPlain seen as Mutable<JSDocLinkPlain>, whose readonly field pos becomes writable: a readonly field may hold something narrower than number, which a write of number would replace",1,0,False,stage3 adaptation,adaptation,internal/lower/invariance.go / lowering.wideningRefusal,exact
Refused,"a value of type JSDocNameReference seen as Mutable<JSDocNameReference>, whose readonly field pos becomes writable: a readonly field may hold something narrower than number, which a write of number would replace",1,0,False,stage3 adaptation,adaptation,internal/lower/invariance.go / lowering.wideningRefusal,exact
Refused,"a value of type JSDocOverloadTag seen as Mutable<JSDocOverloadTag>, whose readonly field pos becomes writable: a readonly field may hold something narrower than number, which a write of number would replace",1,0,False,stage3 adaptation,adaptation,internal/lower/invariance.go / lowering.wideningRefusal,exact
Refused,"a value of type JSDocParameterTag seen as Mutable<JSDocParameterTag>, whose readonly field pos becomes writable: a readonly field may hold something narrower than number, which a write of number would replace",1,0,False,stage3 adaptation,adaptation,internal/lower/invariance.go / lowering.wideningRefusal,exact
Refused,"a value of type JSDocPropertyTag seen as Mutable<JSDocPropertyTag>, whose readonly field pos becomes writable: a readonly field may hold something narrower than number, which a write of number would replace",1,0,False,stage3 adaptation,adaptation,internal/lower/invariance.go / lowering.wideningRefusal,exact
Refused,"a value of type JSDocSeeTag seen as Mutable<JSDocSeeTag>, whose readonly field pos becomes writable: a readonly field may hold something narrower than number, which a write of number would replace",1,0,False,stage3 adaptation,adaptation,internal/lower/invariance.go / lowering.wideningRefusal,exact
Refused,"a value of type JSDocSignature seen as Mutable<JSDocSignature>, whose readonly field pos becomes writable: a readonly field may hold something narrower than number, which a write of number would replace",1,0,False,stage3 adaptation,adaptation,internal/lower/invariance.go / lowering.wideningRefusal,exact
Refused,"a value of type JSDocSignature | SignatureDeclaration | undefined seen as Symbol | undefined, whose readonly field flags becomes writable: a readonly field may hold something narrower than NodeFlags, which a write of SymbolFlags would replace",1,0,False,stage3 adaptation,adaptation,internal/lower/invariance.go / lowering.wideningRefusal,exact
Refused,"a value of type JSDocTemplateTag seen as Mutable<JSDocTemplateTag>, whose readonly field pos becomes writable: a readonly field may hold something narrower than number, which a write of number would replace",1,0,False,stage3 adaptation,adaptation,internal/lower/invariance.go / lowering.wideningRefusal,exact
Refused,"a value of type JSDocText seen as Mutable<JSDocText>, whose readonly field pos becomes writable: a readonly field may hold something narrower than number, which a write of number would replace",1,0,False,stage3 adaptation,adaptation,internal/lower/invariance.go / lowering.wideningRefusal,exact
Refused,"a value of type JSDocTypeExpression seen as Mutable<JSDocTypeExpression>, whose readonly field pos becomes writable: a readonly field may hold something narrower than number, which a write of number would replace",1,0,False,stage3 adaptation,adaptation,internal/lower/invariance.go / lowering.wideningRefusal,exact
Refused,"a value of type JSDocTypeExpression | undefined seen as Signature | undefined, whose readonly field flags becomes writable: a readonly field may hold something narrower than NodeFlags, which a write of SignatureFlags would replace",1,0,False,stage3 adaptation,adaptation,internal/lower/invariance.go / lowering.wideningRefusal,exact
Refused,"a value of type JSDocTypeLiteral seen as Mutable<JSDocTypeLiteral>, whose readonly field pos becomes writable: a readonly field may hold something narrower than number, which a write of number would replace",1,0,False,stage3 adaptation,adaptation,internal/lower/invariance.go / lowering.wideningRefusal,exact
Refused,"a value of type JSDocTypedefTag seen as Mutable<JSDocTypedefTag>, whose readonly field pos becomes writable: a readonly field may hold something narrower than number, which a write of number would replace",1,0,False,stage3 adaptation,adaptation,internal/lower/invariance.go / lowering.wideningRefusal,exact
Refused,"a value of type JSDocUnknownTag seen as Mutable<JSDocUnknownTag>, whose readonly field pos becomes writable: a readonly field may hold something narrower than number, which a write of number would replace",1,0,False,stage3 adaptation,adaptation,internal/lower/invariance.go / lowering.wideningRefusal,exact
Refused,"a value of type Map<string, [VariableDeclarationList, VariableDeclaration[]]> seen as Map<string, [CatchClause | VariableDeclarationList, VariableDeclaration[]]>, which can write [CatchClause | VariableDeclarationList, VariableDeclaration[]] where [VariableDeclarationList, VariableDeclaration[]] is read",1,0,False,stage3 adaptation,adaptation,internal/lower/invariance.go / lowering.wideningRefusal / lowering.refuseElementWidening,exact
Refused,"a value of type MappedTypeNode seen as Mutable<MappedTypeNode>, whose readonly field pos becomes writable: a readonly field may hold something narrower than number, which a write of number would replace",1,0,False,stage3 adaptation,adaptation,internal/lower/invariance.go / lowering.wideningRefusal,exact
Refused,"a value of type MemberName | undefined seen as Symbol | undefined, whose readonly field flags becomes writable: a readonly field may hold something narrower than NodeFlags, which a write of SymbolFlags would replace",1,0,False,stage3 adaptation,adaptation,internal/lower/invariance.go / lowering.wideningRefusal,exact
Refused,"a value of type ModuleDeclaration seen as Mutable<ModuleDeclaration | SourceFile>, whose readonly field pos becomes writable: a readonly field may hold something narrower than number, which a write of number would replace",1,0,False,stage3 adaptation,adaptation,internal/lower/invariance.go / lowering.wideningRefusal,exact
Refused,"a value of type ModuleName seen as Mutable<Node>, whose readonly field pos becomes writable: a readonly field may hold something narrower than number, which a write of number would replace",1,1,False,stage3 adaptation,adaptation,internal/lower/invariance.go / lowering.wideningRefusal,exact
Refused,"a value of type Mutable<NoSubstitutionTemplateLiteral> seen as Mutable<TemplateLiteralLikeNode>, which can write SyntaxKind where SyntaxKind.NoSubstitutionTemplateLiteral is read",1,0,False,stage3 adaptation,adaptation,internal/lower/invariance.go / lowering.wideningRefusal / lowering.refuseElementWidening,exact
Refused,"a value of type Mutable<T> seen as T, a type parameter whose constraint JSDocType & { readonly type: TypeNode | undefined; readonly postfix: boolean; } can be written, so it can write what Mutable<T> can't hold",1,0,False,stage3 adaptation,adaptation,internal/lower/invariance.go / lowering.wideningRefusal,exact
Refused,"a value of type Mutable<T> seen as T, a type parameter whose constraint JSDocType & { readonly type: TypeNode | undefined; } can be written, so it can write what Mutable<T> can't hold",1,0,False,stage3 adaptation,adaptation,internal/lower/invariance.go / lowering.wideningRefusal,exact
Refused,"a value of type Mutable<T> seen as T, a type parameter whose constraint Node can be written, so it can write what Mutable<T> can't hold",1,0,False,stage3 adaptation,adaptation,internal/lower/invariance.go / lowering.wideningRefusal,exact
Refused,"a value of type NamedImports seen as Mutable<NamedImports>, whose readonly field pos becomes writable: a readonly field may hold something narrower than number, which a write of number would replace",1,0,False,stage3 adaptation,adaptation,internal/lower/invariance.go / lowering.wideningRefusal,exact
Refused,"a value of type NamespaceExport seen as Mutable<NamespaceExport>, whose readonly field pos becomes writable: a readonly field may hold something narrower than number, which a write of number would replace",1,0,False,stage3 adaptation,adaptation,internal/lower/invariance.go / lowering.wideningRefusal,exact
Refused,"a value of type NamespaceImport seen as Mutable<NamespaceImport>, whose readonly field pos becomes writable: a readonly field may hold something narrower than number, which a write of number would replace",1,0,False,stage3 adaptation,adaptation,internal/lower/invariance.go / lowering.wideningRefusal,exact
Refused,"a value of type Node seen as SourceMapRange | undefined, whose readonly field pos becomes writable: a readonly field may hold something narrower than number, which a write of number would replace",1,0,False,stage3 adaptation,adaptation,internal/lower/invariance.go / lowering.wideningRefusal,exact
Refused,"a value of type Node | undefined seen as EmitNode | undefined, whose readonly field flags becomes writable: a readonly field may hold something narrower than NodeFlags, which a write of EmitFlags would replace",1,0,False,stage3 adaptation,adaptation,internal/lower/invariance.go / lowering.wideningRefusal,exact
Refused,"a value of type Node | undefined seen as Symbol | undefined, whose readonly field flags becomes writable: a readonly field may hold something narrower than NodeFlags, which a write of SymbolFlags would replace",1,0,False,stage3 adaptation,adaptation,internal/lower/invariance.go / lowering.wideningRefusal,exact
Refused,"a value of type NumberLiteralType seen as LiteralType, which can write string | number | PseudoBigInt where number is read",1,0,False,stage3 adaptation,adaptation,internal/lower/invariance.go / lowering.wideningRefusal / lowering.refuseElementWidening,exact
Refused,"a value of type ParameterDeclaration seen as SourceMapRange | undefined, whose readonly field pos becomes writable: a readonly field may hold something narrower than number, which a write of number would replace",1,0,False,stage3 adaptation,adaptation,internal/lower/invariance.go / lowering.wideningRefusal,exact
Refused,"a value of type PropertyAccessExpression | SyntheticSuper seen as LeftHandSideExpression, whose readonly field emitNode becomes writable: a readonly field may hold something narrower than EmitNode & { autoGenerate: AutoGenerateInfo; }, which a write of EmitNode | undefined would replace",1,0,False,stage3 adaptation,adaptation,internal/lower/invariance.go / lowering.wideningRefusal,exact
Refused,"a value of type PropertyAccessExpression | undefined seen as Symbol | undefined, whose readonly field flags becomes writable: a readonly field may hold something narrower than NodeFlags, which a write of SymbolFlags would replace",1,0,False,stage3 adaptation,adaptation,internal/lower/invariance.go / lowering.wideningRefusal,exact
Refused,"a value of type PropertyDeclaration seen as TextRange, whose readonly field pos becomes writable: a readonly field may hold something narrower than number, which a write of number would replace",1,0,False,stage3 adaptation,adaptation,internal/lower/invariance.go / lowering.wideningRefusal,exact
Refused,"a value of type PropertyName | undefined seen as Symbol | undefined, whose readonly field flags becomes writable: a readonly field may hold something narrower than NodeFlags, which a write of SymbolFlags would replace",1,0,False,stage3 adaptation,adaptation,internal/lower/invariance.go / lowering.wideningRefusal,exact
Refused,"a value of type ResolvedType | TypeReference seen as ObjectType, which can write SymbolTable | undefined where SymbolTable is read",1,0,False,stage3 adaptation,adaptation,internal/lower/invariance.go / lowering.wideningRefusal / lowering.refuseElementWidening,exact
Refused,"a value of type ReturnStatement seen as Mutable<ReturnStatement>, whose readonly field pos becomes writable: a readonly field may hold something narrower than number, which a write of number would replace",1,0,False,stage3 adaptation,adaptation,internal/lower/invariance.go / lowering.wideningRefusal,exact
Refused,"a value of type Set<__String> seen as Set<__String | undefined>, which can write __String | undefined where __String is read",1,0,False,stage3 adaptation,adaptation,internal/lower/invariance.go / lowering.wideningRefusal / lowering.refuseElementWidening,exact
Refused,"a value of type SourceFile seen as Mutable<ModuleDeclaration | SourceFile>, whose readonly field pos becomes writable: a readonly field may hold something narrower than number, which a write of number would replace",1,0,False,stage3 adaptation,adaptation,internal/lower/invariance.go / lowering.wideningRefusal,exact
Refused,"a value of type SourceFile seen as SourceFileLike | undefined, which can write readonly number[] | undefined where readonly number[] is read",1,0,False,stage3 adaptation,adaptation,internal/lower/invariance.go / lowering.wideningRefusal / lowering.refuseElementWidening,exact
Refused,"a value of type SourceFile | undefined seen as NodeLinks | undefined, whose readonly field flags becomes writable: a readonly field may hold something narrower than NodeFlags, which a write of NodeCheckFlags would replace",1,0,False,stage3 adaptation,adaptation,internal/lower/invariance.go / lowering.wideningRefusal,exact
Refused,"a value of type SourceFile | undefined seen as Symbol | undefined, whose readonly field flags becomes writable: a readonly field may hold something narrower than NodeFlags, which a write of SymbolFlags would replace",1,0,False,stage3 adaptation,adaptation,internal/lower/invariance.go / lowering.wideningRefusal,exact
Refused,"a value of type SourceMapSource seen as SourceFileLike, which can write readonly number[] | undefined where readonly number[] is read",1,0,False,stage3 adaptation,adaptation,internal/lower/invariance.go / lowering.wideningRefusal / lowering.refuseElementWidening,exact
Refused,"a value of type StringLiteral seen as Mutable<Node>, whose readonly field pos becomes writable: a readonly field may hold something narrower than number, which a write of number would replace",1,1,False,stage3 adaptation,adaptation,internal/lower/invariance.go / lowering.wideningRefusal,exact
Refused,"a value of type StringLiteralType seen as LiteralType, which can write string | number | PseudoBigInt where string is read",1,0,False,stage3 adaptation,adaptation,internal/lower/invariance.go / lowering.wideningRefusal / lowering.refuseElementWidening,exact
Refused,"a value of type StringLiteralType[] seen as Type[], which can write Type where StringLiteralType is read",1,0,False,stage3 adaptation,adaptation,internal/lower/invariance.go / lowering.wideningRefusal / lowering.refuseElementWidening,exact
Refused,"a value of type SuperExpression seen as SourceMapRange | undefined, whose readonly field pos becomes writable: a readonly field may hold something narrower than number, which a write of number would replace",1,0,False,stage3 adaptation,adaptation,internal/lower/invariance.go / lowering.wideningRefusal,exact
Refused,"a value of type SuperExpression seen as TextRange, whose readonly field pos becomes writable: a readonly field may hold something narrower than number, which a write of number would replace",1,0,False,stage3 adaptation,adaptation,internal/lower/invariance.go / lowering.wideningRefusal,exact
Refused,"a value of type SwitchStatement seen as Mutable<SwitchStatement>, whose readonly field pos becomes writable: a readonly field may hold something narrower than number, which a write of number would replace",1,0,False,stage3 adaptation,adaptation,internal/lower/invariance.go / lowering.wideningRefusal,exact
Refused,"a value of type Symbol seen as Type | undefined, which can write TypeFlags where SymbolFlags is read",1,0,False,stage3 adaptation,adaptation,internal/lower/invariance.go / lowering.wideningRefusal / lowering.refuseElementWidening,exact
Refused,"a value of type Symbol seen as Type, which can write TypeFlags where SymbolFlags is read",1,0,False,stage3 adaptation,adaptation,internal/lower/invariance.go / lowering.wideningRefusal / lowering.refuseElementWidening,exact
Refused,"a value of type Symbol | undefined seen as GenericType | undefined, which can write TypeFlags where SymbolFlags is read",1,0,False,stage3 adaptation,adaptation,internal/lower/invariance.go / lowering.wideningRefusal / lowering.refuseElementWidening,exact
Refused,"a value of type Symbol | undefined seen as Node | undefined, which can write number | undefined where number is read",1,0,False,stage3 adaptation,adaptation,internal/lower/invariance.go / lowering.wideningRefusal / lowering.refuseElementWidening,exact
Refused,"a value of type Symbol | undefined seen as SourceFile | undefined, which can write number | undefined where number is read",1,0,False,stage3 adaptation,adaptation,internal/lower/invariance.go / lowering.wideningRefusal / lowering.refuseElementWidening,exact
Refused,"a value of type Symbol[] seen as (Symbol | undefined)[], which can write Symbol | undefined where Symbol is read",1,0,False,stage3 adaptation,adaptation,internal/lower/invariance.go / lowering.wideningRefusal / lowering.refuseElementWidening,exact
Refused,"a value of type Symbol[] seen as Symbol[], which can write Symbol where never is read",1,0,False,stage3 adaptation,adaptation,internal/lower/invariance.go / lowering.wideningRefusal / lowering.refuseElementWidening,exact
Refused,"a value of type SyntheticSuper seen as string | BindingName, whose readonly field emitNode becomes writable: a readonly field may hold something narrower than EmitNode & { autoGenerate: AutoGenerateInfo; }, which a write of EmitNode | undefined would replace",1,0,False,stage3 adaptation,adaptation,internal/lower/invariance.go / lowering.wideningRefusal,exact
Refused,"a value of type T seen as T, a type parameter whose constraint ClassDeclaration | ClassExpression | GetAccessorDeclaration | MethodDeclaration | ParameterDeclaration | PropertyDeclaration | SetAccessorDeclaration can be written, so it can write what T can't hold",1,0,False,stage3 adaptation,adaptation,internal/lower/invariance.go / lowering.wideningRefusal,exact
Refused,"a value of type T seen as T, a type parameter whose constraint EntityNameOrEntityNameExpression can be written, so it can write what T can't hold",1,0,False,stage3 adaptation,adaptation,internal/lower/invariance.go / lowering.wideningRefusal,exact
Refused,"a value of type T seen as T, a type parameter whose constraint HasModifiers can be written, so it can write what T can't hold",1,0,False,stage3 adaptation,adaptation,internal/lower/invariance.go / lowering.wideningRefusal,exact
Refused,"a value of type T seen as T, a type parameter whose constraint MethodDeclaration | MethodSignature | PropertyAssignment | PropertyDeclaration | PropertySignature | AccessorDeclaration can be written, so it can write what T can't hold",1,0,False,stage3 adaptation,adaptation,internal/lower/invariance.go / lowering.wideningRefusal,exact
Refused,"a value of type T seen as T, a type parameter whose constraint ModifierSyntaxKind can be written, so it can write what T can't hold",1,0,False,stage3 adaptation,adaptation,internal/lower/invariance.go / lowering.wideningRefusal,exact
Refused,"a value of type T seen as T, a type parameter whose constraint Node | undefined can be written, so it can write what T can't hold",1,0,False,stage3 adaptation,adaptation,internal/lower/invariance.go / lowering.wideningRefusal,exact
Refused,"a value of type TKind seen as TKind, a type parameter whose constraint KeywordTypeSyntaxKind can be written, so it can write what TKind can't hold",1,0,False,stage3 adaptation,adaptation,internal/lower/invariance.go / lowering.wideningRefusal,exact
Refused,"a value of type ThisCapturingVariableDeclaration seen as VariableDeclaration, which can write EmitNode | undefined where EmitNode & { autoGenerate: AutoGenerateInfo; } is read",1,0,False,stage3 adaptation,adaptation,internal/lower/invariance.go / lowering.wideningRefusal / lowering.refuseElementWidening,exact
Refused,"a value of type TransientSymbol[] seen as Symbol[], which can write Symbol where TransientSymbol is read",1,0,False,stage3 adaptation,adaptation,internal/lower/invariance.go / lowering.wideningRefusal / lowering.refuseElementWidening,exact
Refused,"a value of type Type seen as TypeNode, which can write number | undefined where number is read",1,0,False,stage3 adaptation,adaptation,internal/lower/invariance.go / lowering.wideningRefusal / lowering.refuseElementWidening,exact
Refused,"a value of type Type | undefined seen as Expression | undefined, which can write number | undefined where number is read",1,0,False,stage3 adaptation,adaptation,internal/lower/invariance.go / lowering.wideningRefusal / lowering.refuseElementWidening,exact
Refused,"a value of type Type | undefined seen as JSDocTypeExpression | undefined, which can write number | undefined where number is read",1,0,False,stage3 adaptation,adaptation,internal/lower/invariance.go / lowering.wideningRefusal / lowering.refuseElementWidening,exact
Refused,"a value of type Type | undefined seen as Signature | undefined, which can write SignatureFlags where TypeFlags is read",1,0,False,stage3 adaptation,adaptation,internal/lower/invariance.go / lowering.wideningRefusal / lowering.refuseElementWidening,exact
Refused,"a value of type TypeNode seen as TextRange, whose readonly field pos becomes writable: a readonly field may hold something narrower than number, which a write of number would replace",1,0,False,stage3 adaptation,adaptation,internal/lower/invariance.go / lowering.wideningRefusal,exact
Refused,"a value of type TypeOperatorNode seen as Mutable<TypeOperatorNode>, whose readonly field pos becomes writable: a readonly field may hold something narrower than number, which a write of number would replace",1,0,False,stage3 adaptation,adaptation,internal/lower/invariance.go / lowering.wideningRefusal,exact
Refused,"a value of type TypeParameterDeclaration seen as Mutable<TypeParameterDeclaration>, whose readonly field pos becomes writable: a readonly field may hold something narrower than number, which a write of number would replace",1,0,False,stage3 adaptation,adaptation,internal/lower/invariance.go / lowering.wideningRefusal,exact
Refused,"a value of type TypeParameterDeclaration | undefined seen as Symbol | undefined, whose readonly field flags becomes writable: a readonly field may hold something narrower than NodeFlags, which a write of SymbolFlags would replace",1,0,False,stage3 adaptation,adaptation,internal/lower/invariance.go / lowering.wideningRefusal,exact
Refused,"a value of type TypeVariable[] seen as (Type | undefined)[], which can write Type | undefined where TypeVariable is read",1,0,False,stage3 adaptation,adaptation,internal/lower/invariance.go / lowering.wideningRefusal / lowering.refuseElementWidening,exact
Refused,"a value of type Type[] seen as (Type | undefined)[], which can write Type | undefined where Type is read",1,0,False,stage3 adaptation,adaptation,internal/lower/invariance.go / lowering.wideningRefusal / lowering.refuseElementWidening,exact
Refused,"a value of type VariableDeclarationList seen as TextRange, whose readonly field pos becomes writable: a readonly field may hold something narrower than number, which a write of number would replace",1,0,False,stage3 adaptation,adaptation,internal/lower/invariance.go / lowering.wideningRefusal,exact
Refused,"a value of type YieldExpression seen as Mutable<YieldExpression>, whose readonly field pos becomes writable: a readonly field may hold something narrower than number, which a write of number would replace",1,0,False,stage3 adaptation,adaptation,internal/lower/invariance.go / lowering.wideningRefusal,exact
Refused,"a value of type [() => Type, __String][] seen as (readonly [() => Type, __String])[], which can write readonly [() => Type, __String] where [() => Type, __String] is read",1,0,False,stage3 adaptation,adaptation,internal/lower/invariance.go / lowering.wideningRefusal / lowering.refuseElementWidening,exact
Refused,"a value of type never[] seen as (JSDocCallbackTag | JSDocEnumTag | JSDocTypedefTag)[], which can write JSDocCallbackTag | JSDocEnumTag | JSDocTypedefTag where never is read",1,0,False,stage3 adaptation,adaptation,internal/lower/invariance.go / lowering.wideningRefusal / lowering.refuseElementWidening,exact
Refused,"a value of type never[] seen as (readonly (Identifier | StringLiteral)[])[], which can write readonly (Identifier | StringLiteral)[] where never is read",1,0,False,stage3 adaptation,adaptation,internal/lower/invariance.go / lowering.wideningRefusal / lowering.refuseElementWidening,exact
Refused,"a value of type never[] seen as BindingElement[], which can write BindingElement where never is read",1,0,False,stage3 adaptation,adaptation,internal/lower/invariance.go / lowering.wideningRefusal / lowering.refuseElementWidening,exact
Refused,"a value of type never[] seen as FlowNode[], which can write FlowNode where never is read",1,0,False,stage3 adaptation,adaptation,internal/lower/invariance.go / lowering.wideningRefusal / lowering.refuseElementWidening,exact
Refused,"a value of type never[] seen as JSDocImportTag[], which can write JSDocImportTag where never is read",1,0,False,stage3 adaptation,adaptation,internal/lower/invariance.go / lowering.wideningRefusal / lowering.refuseElementWidening,exact
Refused,"a value of type never[] seen as SymbolTable[], which can write SymbolTable where never is read",1,0,False,stage3 adaptation,adaptation,internal/lower/invariance.go / lowering.wideningRefusal / lowering.refuseElementWidening,exact
Refused,"a value of type never[] seen as Symbol[] | undefined, which can write Symbol where never is read",1,0,False,stage3 adaptation,adaptation,internal/lower/invariance.go / lowering.wideningRefusal / lowering.refuseElementWidening,exact
Refused,"a value of type never[] seen as VarianceFlags[], which can write VarianceFlags where never is read",1,0,False,stage3 adaptation,adaptation,internal/lower/invariance.go / lowering.wideningRefusal / lowering.refuseElementWidening,exact
Refused,"a value of type readonly TypeParameter[] | undefined seen as TypeParameterDeclaration[] | undefined, which can write TypeParameterDeclaration where TypeParameter is read",1,0,False,stage3 adaptation,adaptation,internal/lower/invariance.go / lowering.wideningRefusal / lowering.refuseElementWidening,exact
Refused,"a value of type string[] seen as DiagnosticArguments, which can write string | number | boolean | readonly string[] | SourceFile | undefined where string is read",1,0,False,stage3 adaptation,adaptation,internal/lower/invariance.go / lowering.wideningRefusal / lowering.refuseElementWidening,exact
Refused,"a value of type { introducesError: boolean; node: Identifier | PropertyAccessEntityNameExpression; sym?: never; } | { introducesError: boolean; node: Identifier | PropertyAccessEntityNameExpression; sym: Symbol | undefined; } seen as { introducesError: boolean; node: LeftHandSideExpression; }, which can write LeftHandSideExpression where Identifier | PropertyAccessEntityNameExpression is read",1,0,False,stage3 adaptation,adaptation,internal/lower/invariance.go / lowering.wideningRefusal / lowering.refuseElementWidening,exact
Refused,"a value of type { noInferenceFallback?: boolean | undefined; enclosingDeclaration: ModuleDeclaration; enclosingFile: SourceFile | undefined; flags: NodeBuilderFlags; ... 28 more ...; out: WriterContextOut; } seen as NodeBuilderContext, which can write Node | undefined where ModuleDeclaration is read",1,0,False,stage3 adaptation,adaptation,internal/lower/invariance.go / lowering.wideningRefusal / lowering.refuseElementWidening,exact
Refused,an unproven relation from NodeArray<BindingElement> | NodeArray<Expression> | NodeArray<ArrayBindingElement> to NodeArray<Node>: optional field concat.parameter.element.slice.element.propertyName has no proven compatible presence/type,1,0,False,stage3 adaptation,adaptation,internal/lower/proven_relations.go / lowering.provenRelation,exact
Refused,an unproven value assigned to a numeric literal or enum member slot NodeFlags.Const,1,0,False,stage3 adaptation,adaptation,internal/lower/invariance.go / lowering.wideningRefusal,exact
Refused,an unproven value assigned to a numeric literal or enum member slot SyntaxKind.Block,1,0,False,stage3 adaptation,adaptation,internal/lower/invariance.go / lowering.wideningRefusal,exact
Refused,an unproven value assigned to a numeric literal or enum member slot SyntaxKind.ConditionalType,1,0,False,stage3 adaptation,adaptation,internal/lower/invariance.go / lowering.wideningRefusal,exact
Refused,an unproven value assigned to a numeric literal or enum member slot SyntaxKind.DotDotDotToken,1,0,False,stage3 adaptation,adaptation,internal/lower/invariance.go / lowering.wideningRefusal,exact
Refused,an unproven value assigned to a numeric literal or enum member slot SyntaxKind.ExportAssignment,1,0,False,stage3 adaptation,adaptation,internal/lower/invariance.go / lowering.wideningRefusal,exact
Refused,an unproven value assigned to a numeric literal or enum member slot SyntaxKind.ImportAttributes,1,0,False,stage3 adaptation,adaptation,internal/lower/invariance.go / lowering.wideningRefusal,exact
Refused,an unproven value assigned to a numeric literal or enum member slot SyntaxKind.MethodSignature | SyntaxKind.MethodDeclaration | SyntaxKind.Constructor | SyntaxKind.GetAccessor | SyntaxKind.SetAccessor | SyntaxKind.CallSignature | SyntaxKind.ConstructSignature | ... 6 more ... | SyntaxKind.JSDocFunctionType,1,0,False,stage3 adaptation,adaptation,internal/lower/invariance.go / lowering.wideningRefusal,exact
Refused,an unproven value assigned to a numeric literal or enum member slot SyntaxKind.Parameter,1,0,False,stage3 adaptation,adaptation,internal/lower/invariance.go / lowering.wideningRefusal,exact
Refused,an unproven value assigned to a numeric literal or enum member slot SyntaxKind.QuestionToken,1,0,False,stage3 adaptation,adaptation,internal/lower/invariance.go / lowering.wideningRefusal,exact
Refused,an unproven value assigned to a numeric literal or enum member slot TempFlags,1,0,False,stage3 adaptation,adaptation,internal/lower/invariance.go / lowering.wideningRefusal,exact
Refused,an unproven value assigned to a numeric literal or enum member slot Ternary.False,1,0,False,stage3 adaptation,adaptation,internal/lower/invariance.go / lowering.wideningRefusal,exact
Refused,an unproven value assigned to a numeric literal or enum member slot VarianceFlags.Contravariant,1,0,False,stage3 adaptation,adaptation,internal/lower/invariance.go / lowering.wideningRefusal,exact
