run,site,input,assignments,violations,reads,outOfTypeReads
fixtures,flags,fixtures-witness,1,0,1,0
fixtures,parent,fixtures-witness,1,0,1,0
flags,flags,flags-witness,1,1,1,1
parent,parent,parent-witness.ts,1,1,1,1
mutant-flags,flags,compatible-control,1,1,1,0
mutant-parent,flags,compatible-control,1,0,1,0
mutant-parent,parent,compatible-control,1,1,1,0
mutant-reads-flags,flags,flags-witness,1,1,0,0
mutant-reads-parent,parent,parent-witness.ts,1,1,0,0
static,flags,/tmp/two-writes-typescript/src/compiler/checker.ts,1,0,2,0
acceptance,flags,/tmp/two-writes-final/acceptance-projects/012_expandoFunctionExpressionsWithDynamicNames2/expandoFunctionExpressionsWithDynamicNames2.ts,2,0,4,0
acceptance,flags,/tmp/two-writes-final/acceptance-projects/014_keyofObjectWithGlobalSymbolIncluded/keyofObjectWithGlobalSymbolIncluded.ts,1,0,2,0
acceptance,flags,/tmp/two-writes-final/acceptance-projects/048_uniqueSymbolAssignmentOnGlobalAugmentationSuceeds/uniqueSymbolAssignmentOnGlobalAugmentationSuceeds.ts,1,0,1,0
acceptance,flags,/tmp/two-writes-final/acceptance-projects/055_modularizeLibrary_UsingES5LibES6ArrayLibES6WellknownSymbolLib/modularizeLibrary_UsingES5LibES6ArrayLibES6WellknownSymbolLib.ts,1,0,2,0
acceptance,flags,/tmp/two-writes-final/acceptance-projects/069_computedPropertiesInDestructuring1/computedPropertiesInDestructuring1.ts,5,0,2,0
acceptance,flags,/tmp/two-writes-final/acceptance-projects/072_noImplicitAnyForIn/noImplicitAnyForIn.ts,4,0,14,0
acceptance,flags,/tmp/two-writes-final/acceptance-projects/097_mappedTypeGenericWithKnownKeys/mappedTypeGenericWithKnownKeys.ts,1,0,2,0
acceptance,flags,/tmp/two-writes-final/acceptance-projects/119_yieldExpressionInFlowLoop/yieldExpressionInFlowLoop.ts,1,0,2,0
acceptance,flags,/tmp/two-writes-final/acceptance-projects/123_narrowByEquality/narrowByEquality.ts,7,0,98,0
acceptance,flags,/tmp/two-writes-final/acceptance-projects/126_restInvalidArgumentType/restInvalidArgumentType.ts,18,0,35,0
acceptance,flags,/tmp/two-writes-final/acceptance-projects/141_forInStrictNullChecksNoError/forInStrictNullChecksNoError.ts,1,0,1,0
acceptance,flags,/tmp/two-writes-final/acceptance-projects/150_useUnknownInCatchVariables01/useUnknownInCatchVariables01.ts,1,0,7,0
acceptance,flags,/tmp/two-writes-final/acceptance-projects/162_instanceofWithPrimitiveUnion/instanceofWithPrimitiveUnion.ts,2,0,2,0
acceptance,flags,/tmp/two-writes-final/acceptance-projects/193_capturedParametersInInitializers1/capturedParametersInInitializers1.ts,1,0,1,0
acceptance,flags,/tmp/two-writes-final/acceptance-projects/207_uniqueSymbolAllowsIndexInObjectWithIndexSignature/uniqueSymbolAllowsIndexInObjectWithIndexSignature.ts,2,0,4,0
acceptance,flags,/tmp/two-writes-final/acceptance-projects/228_inKeywordAndUnknown/inKeywordAndUnknown.ts,8,0,8,0
acceptance,flags,/tmp/two-writes-final/acceptance-projects/277_useBeforeDeclaration_destructuring/useBeforeDeclaration_destructuring.ts,1,0,0,0
acceptance,flags,/tmp/two-writes-final/acceptance-projects/290_contextuallyTypingOrOperator/contextuallyTypingOrOperator.ts,4,0,14,0
compiler,flags,resolvingClassDeclarationWhenInBaseTypeResolution.ts,1372,0,5488,0
compiler,flags,a.js,3117,0,12462,0
compiler,flags,recursiveConditionalTypes.ts,29,0,154,0
compiler,flags,binaryArithmeticControlFlowGraphNotTooLarge.ts,12469,0,78199,0
compiler,flags,errorInfoForRelatedIndexTypesNoConstraintElaboration.ts,1,0,5,0
compiler,flags,ramdaToolsNoInfinite2.ts,1,0,5,0
compiler,flags,underscoreTest1_underscoreTests.ts,357,0,1886,0
compiler,flags,tsxNotUsingApparentTypeOfSFC.tsx,6,0,36,0
compiler,flags,jsxFragmentFactoryNoUnusedLocals.tsx,4,0,18,0
compiler,flags,parserRealSource7.ts,1678,0,36280,0
compiler,flags,reactReadonlyHOCAssignabilityReal.tsx,5,0,33,0
compiler,flags,jsxCallElaborationCheckNoCrash1.tsx,2,0,10,0
compiler,flags,a.tsx,11,0,52,0
compiler,flags,mappedTypeRecursiveInference.ts,35,0,305,0
compiler,flags,index.ts,325,0,1493,0
compiler,flags,jsxIntrinsicElementsCompatability.tsx,1,0,5,0
compiler,flags,reactHOCSpreadprops.tsx,5,0,31,0
compiler,flags,keyofAndIndexedAccess.ts,378,0,1881,0
compiler,flags,promisePermutations3.ts,270,0,1431,0
compiler,flags,index.mts,148,0,740,0
compiler,flags,/.src/index.cts,204,0,1036,0
compiler,flags,/.src/index.ts,140,0,699,0
compiler,flags,controlFlowOptionalChain.ts,1232,0,32160,0
compiler,flags,genericDefaults.ts,414,0,2071,0
compiler,flags,parserindenter.ts,991,0,9627,0
compiler,flags,promisePermutations2.ts,270,0,1431,0
compiler,flags,declarationsWithRecursiveInternalTypesProduceUniqueTypeParams.ts,64,0,1144,0
compiler,flags,awaitedTypeStrictNull.ts,7,0,38,0
compiler,flags,promiseTypeStrictNull.ts,384,0,2070,0
compiler,flags,nonNullableTypes1.ts,21,0,172,0
compiler,flags,conditionalTypes1.ts,109,0,532,0
compiler,flags,indexSignatures1.ts,325,0,1859,0
compiler,flags,/.src/other.ts,24,0,126,0
compiler,flags,modularizeLibrary_Worker.iterable.ts,2,0,10,0
compiler,flags,mappedTypeRelationships.ts,325,0,1759,0
compiler,flags,arrowFunctionContexts.ts,34,0,162,0
compiler,flags,/.src/index.mts,68,0,356,0
compiler,flags,typedArrays.ts,668,0,3484,0
compiler,flags,inferTypePredicates.ts,280,0,1462,0
compiler,flags,isomorphicMappedTypeInference.ts,84,0,528,0
compiler,flags,a.ts,120,0,691,0
compiler,flags,b.ts,54,0,309,0
compiler,flags,index.js,371,0,2752,0
compiler,flags,/.src/index.mjs,68,0,372,0
compiler,flags,/.src/index.cjs,68,0,372,0
compiler,flags,objectLiteralGettersAndSetters.ts,12,0,60,0
compiler,flags,modularizeLibrary_Worker.asynciterable.ts,6,0,37,0
compiler,flags,part1.ts,10,0,64,0
compiler,flags,part3.ts,6,0,32,0
compiler,flags,index.cts,12,0,60,0
compiler,flags,esDecorators-classDeclaration-fields-static.ts,16,0,78,0
compiler,flags,staticAnonymousTypeNotReferencingTypeParameter.ts,190,0,1014,0
compiler,flags,templateLiteralTypes4.ts,12,0,66,0
compiler,flags,errorCause.ts,78,0,408,0
compiler,flags,emitAccessExpressionOfCastedObjectLiteralExpressionInArrowFunctionES6.ts,2,0,8,0
compiler,flags,typeOfThisInStaticMembers11.ts,232,0,960,0
compiler,flags,subtypingWithConstructSignatures2.ts,120,0,788,0
compiler,flags,flatArrayNoExcessiveStackDepth.ts,17,0,83,0
compiler,flags,localTypes1.ts,62,0,304,0
compiler,flags,arrayBestCommonTypes.ts,102,0,730,0
compiler,flags,b.mts,160,0,832,0
compiler,flags,source.js,194,0,1390,0
compiler,flags,referencer.js,2,0,10,0
compiler,flags,parserStatementIsNotAMemberVariableDeclaration1.ts,8,0,32,0
compiler,flags,usingDeclarationsTopLevelOfModule.3.ts,8,0,40,0
compiler,flags,iterableTReturnTNext.ts,50,0,284,0
compiler,flags,setMethods.ts,103,0,548,0
compiler,flags,thisTypeInFunctionsNegative.ts,190,0,994,0
compiler,flags,comparisonOperatorWithNoRelationshipObjectsOnCallSignature.ts,336,0,1568,0
compiler,flags,comparisonOperatorWithSubtypeObjectOnConstructorSignature.ts,432,0,2016,0
compiler,flags,subfolder/index.ts,16,0,112,0
compiler,flags,capturedLetConstInLoop5.ts,254,0,1134,0
compiler,flags,indexAt.ts,33,0,165,0
compiler,flags,comparisonOperatorWithSubtypeObjectOnInstantiatedCallSignature.ts,288,0,1344,0
compiler,flags,typeParameterConstModifiersReturnsAndYields.ts,13,0,68,0
compiler,flags,asyncMethodWithSuper_es6.ts,66,0,281,0
compiler,flags,1.ts,54,0,279,0
compiler,flags,2.ts,78,0,461,0
compiler,flags,node_modules/prop-types/index.d.ts,1,0,5,0
compiler,flags,file.ts,53,0,339,0
compiler,flags,thisTypeInFunctions.ts,290,0,1662,0
compiler,flags,/index.ts,20,0,120,0
compiler,flags,neverAsDiscriminantType.ts,30,0,171,0
compiler,flags,typeOfThisInStaticMembers12.ts,36,0,312,0
compiler,flags,findLast.ts,156,0,676,0
compiler,flags,localesObjectArgument.ts,157,0,828,0
compiler,flags,reverseMappedTypeIntersectionConstraint.ts,15,0,86,0
compiler,flags,comparisonOperatorWithNoRelationshipObjectsOnConstructorSignature.ts,336,0,1568,0
compiler,flags,index.mjs,12,0,60,0
compiler,flags,index.cjs,12,0,60,0
compiler,flags,es2020IntlAPIs.ts,67,0,390,0
compiler,flags,privacyImport.ts,96,0,528,0
compiler,flags,isolatedDeclarationErrorsExpressions.ts,25,0,138,0
compiler,flags,typeOfThisInStaticMembers5.ts,4,0,12,0
compiler,flags,assignmentCompatWithCallSignatures3.ts,72,0,324,0
compiler,flags,deleteOperatorWithAnyOtherType.ts,122,0,512,0
compiler,flags,narrowingUnionToUnion.ts,146,0,1060,0
compiler,flags,privateNameFieldDestructuredBinding.ts,180,0,1071,0
compiler,flags,unspecializedConstraints.ts,195,0,1436,0
compiler,flags,normalizedIntersectionTooComplex.ts,5,0,26,0
compiler,flags,awaitUsingDeclarationsInForOf.1.ts,20,0,100,0
compiler,flags,contextualTypeShouldBeLiteral.ts,17,0,72,0
compiler,flags,esDecorators-classDeclaration-methods-static.ts,8,0,39,0
compiler,flags,commentsdoNotEmitComments.ts,22,0,110,0
compiler,flags,other.tsx,4,0,22,0
compiler,flags,genericContextualTypes1.ts,33,0,178,0
compiler,flags,comparisonOperatorWithNoRelationshipObjectsOnInstantiatedCallSignature.ts,288,0,1344,0
compiler,flags,jsDeclarationsExportAssignedConstructorFunctionWithSub.js,44,0,392,0
compiler,flags,sourceMapValidationDecorators.ts,24,0,100,0
compiler,flags,objectSpreadRepeatedComplexity.ts,80,0,1019,0
compiler,flags,sourceMapValidationDestructuringForObjectBindingPatternDefaultValues.ts,90,0,430,0
compiler,flags,functionLiterals.ts,80,0,416,0
compiler,flags,exponentiationOperatorInTemplateStringWithSyntaxError2.ts,436,0,1592,0
compiler,flags,main.ts,111,0,619,0
compiler,flags,renamingDestructuredPropertyInFunctionType.ts,12,0,60,0
compiler,flags,destructuringParameterDeclaration3ES5iterable.ts,10,0,36,0
compiler,flags,noInfer.ts,6,0,29,0
compiler,flags,bigintWithLib.ts,80,0,419,0
compiler,flags,esDecorators-classDeclaration-accessors-static.ts,16,0,78,0
compiler,flags,capturedLetConstInLoop5_ES6.ts,254,0,1134,0
compiler,flags,uniqueSymbolsErrors.ts,1,0,5,0
compiler,flags,comparisonOperatorWithOneOperandIsUndefined.ts,384,0,1792,0
compiler,flags,superPropertyAccess.ts,16,0,154,0
compiler,flags,subtypingWithCallSignatures4.ts,65,0,307,0
compiler,flags,esDecorators-classDeclaration-fields-nonStaticAbstract.ts,8,0,28,0
compiler,flags,genericCallWithConstraintsTypeArgumentInference.ts,79,0,509,0
compiler,flags,declarationEmitClassMemberWithComputedPropertyName.ts,35,0,212,0
compiler,flags,declarationEmitClassMemberWithComputedPropertyName.d.ts,16,0,40,0
compiler,flags,esDecorators-classDeclaration-accessors-nonStatic.ts,16,0,62,0
compiler,flags,capturedLetConstInLoop7_ES6.ts,256,0,1080,0
compiler,flags,assignmentTypeNarrowing.ts,12,0,70,0
compiler,flags,literalTypes2.ts,45,0,217,0
compiler,flags,intersectionWithConflictingPrivates.ts,30,0,204,0
compiler,flags,typeofThis.ts,76,0,413,0
compiler,flags,arrayToLocaleStringES2020.ts,108,0,584,0
compiler,flags,narrowByInstanceof.ts,58,0,403,0
compiler,flags,objectLiteralNormalization.ts,36,0,198,0
compiler,flags,/packages/search-prefix/src/Store/NotificationStore.ts,4,0,20,0
compiler,flags,classStaticBlock5.ts,20,0,108,0
compiler,flags,contextuallyTypedSymbolNamedProperties.ts,21,0,161,0
compiler,flags,comparisonOperatorWithNoRelationshipObjectsOnIndexSignature.ts,192,0,896,0
compiler,flags,emitClassExpressionInDeclarationFile.ts,5,0,99,0
compiler,flags,recursiveMappedTypes.ts,5,0,33,0
compiler,flags,typeGuardFunctionErrors.ts,14,0,92,0
compiler,flags,v1.ts,1,0,5,0
compiler,flags,v2.ts,3,0,15,0
compiler,flags,genericFunctionsAndConditionalInference.ts,19,0,99,0
compiler,flags,assignmentCompatWithConstructSignatures5.ts,44,0,198,0
compiler,flags,capturedLetConstInLoop9_ES6.ts,57,0,269,0
compiler,flags,mappedTypes6.ts,102,0,478,0
compiler,flags,genericClassPropertyInheritanceSpecialization.ts,2,0,11,0
compiler,flags,capturedLetConstInLoop9.ts,57,0,269,0
compiler,flags,regexpExecAndMatchTypeUsages.ts,92,0,458,0
compiler,flags,objectTypesIdentityWithGenericConstructSignaturesOptionalParams.ts,10,0,110,0
compiler,flags,typeGuardsWithInstanceOfByConstructorSignature.ts,300,0,4030,0
compiler,flags,declFileTypeAnnotationTupleType.ts,4,0,20,0
compiler,flags,file.tsx,163,0,1093,0
compiler,flags,parserS7.6_A4.2_T1.ts,66,0,264,0
compiler,flags,typeofOperatorWithAnyOtherType.ts,69,0,297,0
compiler,flags,typeResolution.ts,54,0,297,0
compiler,flags,src/index.ts,3,0,16,0
compiler,flags,/main.ts,4,0,20,0
compiler,flags,thislessFunctionsNotContextSensitive2.ts,16,0,71,0
compiler,flags,classStaticBlock2.ts,16,0,80,0
compiler,flags,mappedTypeGenericIndexedAccess.ts,40,0,274,0
compiler,flags,intersectionTypeMembers.ts,23,0,112,0
compiler,flags,emptyAssignmentPatterns02_ES5.ts,16,0,48,0
compiler,flags,privateNamesAndMethods.ts,46,0,162,0
compiler,flags,typeMatch2.ts,32,0,189,0
compiler,flags,objectTypesIdentityWithGenericConstructSignaturesDifferingTypeParameterCounts.ts,9,0,137,0
compiler,flags,thisTypeInAccessorsNegative.ts,14,0,56,0
compiler,flags,classStaticBlock13.ts,12,0,57,0
compiler,flags,declarationEmitKeywordDestructuring.ts,5,0,25,0
compiler,flags,types.asyncGenerators.es2018.2.ts,2,0,11,0
compiler,flags,emitArrowFunctionWhenUsingArguments03.ts,2,0,10,0
compiler,flags,classStaticBlock11.ts,18,0,75,0
compiler,flags,isolatedDeclarationErrorsClassesExpressions.ts,1,0,9,0
compiler,flags,assignmentCompatWithConstructSignaturesWithOptionalParameters.ts,90,0,450,0
compiler,flags,generatorTypeCheck62.ts,13,0,63,0
compiler,flags,useObjectValuesAndEntries1.ts,76,0,410,0
compiler,flags,modularizeLibrary_NoErrorDuplicateLibOptions1.ts,48,0,276,0
compiler,flags,declarationEmitDestructuringArrayPattern2.ts,7,0,49,0
compiler,flags,parserUsingConstructorAsIdentifier.ts,58,0,307,0
compiler,flags,generatorReturnContextualType.ts,10,0,54,0
compiler,flags,Element.ts,8,0,42,0
compiler,flags,test.tsx,7,0,33,0
compiler,flags,invalidNumberAssignments.ts,12,0,57,0
compiler,flags,typeGuardsInProperties.ts,98,0,454,0
compiler,flags,mixinAbstractClasses.2.ts,2,0,10,0
compiler,flags,potentiallyUncalledDecorators.ts,9,0,52,0
compiler,flags,controlFlowAliasedDiscriminants.ts,91,0,2938,0
compiler,flags,/test.tsx,16,0,84,0
compiler,flags,contextualParamTypeVsNestedReturnTypeInference4.ts,1,0,5,0
compiler,flags,arrayOfSubtypeIsAssignableToReadonlyArray.ts,16,0,72,0
compiler,flags,taggedTemplateStringsTypeArgumentInference.ts,25,0,122,0
compiler,flags,mixinClassesMembers.ts,68,0,353,0
compiler,flags,privacyTypeParametersOfClassDeclFile.ts,22,0,110,0
compiler,flags,declarationEmitTypeParameterNameInOuterScope.ts,4,0,20,0
compiler,flags,partiallyNamedTuples2.ts,3,0,16,0
compiler,flags,propertyAccess.ts,76,0,360,0
compiler,flags,c:/root/src/file1.ts,4,0,22,0
compiler,flags,c:/root/generated/src/project/file2.ts,5,0,22,0
compiler,flags,excessPropertyCheckWithUnions.ts,7,0,60,0
compiler,flags,mixinClassesAnonymous.ts,35,0,167,0
compiler,flags,taggedTemplateStringsWithCurriedFunction.ts,14,0,64,0
compiler,flags,map.ts,10,0,84,0
compiler,flags,service.ts,64,0,376,0
compiler,flags,collisionThisExpressionAndLocalVarInAccessors.ts,16,0,64,0
compiler,flags,namedTupleMembers.ts,32,0,144,0
compiler,flags,matchReturnTypeInAllBranches.ts,30,0,135,0
compiler,flags,chainedCallsWithTypeParameterConstrainedToOtherTypeParameter2.ts,26,0,130,0
compiler,flags,abstractPropertyNegative.ts,6,0,28,0
compiler,flags,mappedTypes5.ts,28,0,152,0
compiler,flags,controlFlowAssignmentPatternOrder.ts,124,0,1192,0
compiler,flags,file1.ts,136,0,765,0
compiler,flags,emitClassExpressionInDeclarationFile2.ts,3,0,89,0
compiler,flags,booleanLiteralsContextuallyTypedFromUnion.tsx,18,0,143,0
compiler,flags,ES5For-ofTypeCheck7.ts,2,0,10,0
compiler,flags,esDecorators-preservesThis.ts,11,0,45,0
compiler,flags,privateNameStaticsAndStaticMethods.ts,22,0,80,0
compiler,flags,distributiveConditionalTypeConstraints.ts,38,0,170,0
compiler,flags,APISample_WatchWithOwnWatchHost.ts,6,0,36,0
compiler,flags,comparisonOperatorWithSubtypeObjectOnInstantiatedConstructorSignature.ts,288,0,1344,0
compiler,flags,enumAssignmentCompat3.ts,43,0,257,0
compiler,flags,abstractPropertyInConstructor.ts,78,0,377,0
compiler,flags,genericTypeAliases.ts,18,0,100,0
compiler,flags,incrementOperatorWithUnsupportedStringType.ts,71,0,294,0
compiler,flags,abstractProperty.ts,8,0,40,0
compiler,flags,operationsAvailableOnPromisedType.ts,74,0,350,0
compiler,flags,file2.ts,13,0,63,0
compiler,flags,file3.ts,8,0,44,0
compiler,flags,computedPropertyNames52.js,36,0,220,0
compiler,flags,useBeforeDeclaration_destructuring.ts,5,0,40,0
compiler,flags,optionalChainWithInstantiationExpression1.ts,14,0,100,0
compiler,flags,infinitelyExpandingOverloads.ts,1,0,5,0
compiler,flags,deepExcessPropertyCheckingWhenTargetIsIntersection.ts,2,0,10,0
compiler,flags,/.src/b.ts,4,0,22,0
compiler,flags,usingDeclarationsDeclarationEmit.2.ts,8,0,68,0
compiler,flags,/.src/module.js,4,0,43,0
compiler,flags,typedefOnStatements.js,39,0,231,0
compiler,flags,arrayLiteralInference.ts,1,0,5,0
compiler,flags,vueLikeDataAndPropsInference.ts,3,0,11,0
compiler,flags,overrideBaseIntersectionMethod.ts,18,0,79,0
compiler,flags,external.ts,12,0,87,0
compiler,flags,script.ts,4,0,20,0
compiler,flags,src/settings/spacing.ts,2,0,10,0
compiler,flags,builtinIteratorReturn.ts,66,0,348,0
compiler,flags,arithmeticOperatorWithNullValueAndInvalidOperands.ts,120,0,480,0
compiler,flags,mixinPrivateAndProtected.ts,43,0,345,0
compiler,flags,es5-asyncFunctionLongObjectLiteral.ts,60,0,330,0
compiler,flags,contextualReturnTypeOfIIFE3.ts,9,0,66,0
compiler,flags,genericCallWithGenericSignatureArguments2.ts,24,0,160,0
compiler,flags,callSignatureWithOptionalParameterAndInitializer.ts,32,0,172,0
compiler,flags,comparisonOperatorWithOneOperandIsNull.ts,256,0,1024,0
compiler,flags,classStaticBlock15.ts,9,0,48,0
compiler,flags,narrowingTypeofDiscriminant.ts,31,0,187,0
compiler,flags,deeplyNestedAssignabilityErrorsCombined.ts,4,0,18,0
compiler,flags,everyTypeWithInitializer.ts,4,0,21,0
compiler,flags,sourceMapValidationDestructuringParametertArrayBindingPatternDefaultValues.ts,32,0,168,0
compiler,flags,narrowingOfQualifiedNames.ts,91,0,587,0
compiler,flags,moduleAssignmentCompat1.ts,4,0,18,0
compiler,flags,contextualTypeSelfReferencing.ts,1,0,5,0
compiler,flags,typeOfThisGeneral.ts,65,0,280,0
compiler,flags,generatorTypeCheck63.ts,12,0,58,0
compiler,flags,accessorsOverrideProperty8.ts,2,0,11,0
compiler,flags,reverseMappedTypeDeepDeclarationEmit.ts,7,0,93,0
compiler,flags,internalAliasInitializedModuleInsideTopLevelModuleWithExport.ts,2,0,11,0
compiler,flags,functionSubtypingOfVarArgs.ts,5,0,25,0
compiler,flags,/a.js,101,0,701,0
compiler,flags,comparisonOperatorWithIdenticalPrimitiveType.ts,120,0,560,0
compiler,flags,computedPropertyNamesContextualType2_ES5.ts,8,0,44,0
compiler,flags,unusedVariablesWithUnderscoreInBindingElement.ts,20,0,106,0
compiler,flags,stableTypeOrdering.ts,14,0,74,0
compiler,flags,parseBigInt.ts,10,0,48,0
compiler,flags,/.src/monorepo/pkg3/src/keys.ts,4,0,22,0
compiler,flags,one.ts,4,0,22,0
compiler,flags,two.ts,4,0,22,0
compiler,flags,three.ts,27,0,153,0
compiler,flags,stringLiteralTypesAndTuples01.ts,7,0,29,0
compiler,flags,computedPropertyNames11_ES6.ts,28,0,140,0
compiler,flags,sourceMapValidationDestructuringVariableStatementArrayBindingPatternDefaultValues2.ts,26,0,172,0
compiler,flags,/a.mts,1,0,5,0
compiler,flags,/b.cts,1,0,5,0
compiler,flags,/c.ts,3,0,15,0
compiler,flags,fatarrowfunctions.ts,67,0,300,0
compiler,flags,emitDecoratorMetadata_object.ts,4,0,20,0
compiler,flags,assignmentCompatability32.ts,4,0,20,0
compiler,flags,intersectionReductionStrict.ts,33,0,182,0
compiler,flags,privateNameFieldsESNext.ts,40,0,170,0
compiler,flags,unionExcessPropertyCheckNoApparentPropTypeMismatchErrors.ts,2,0,8,0
compiler,flags,readonlyTupleAndArrayElaboration.ts,29,0,139,0
compiler,flags,innerExtern.ts,2,0,19,0
compiler,flags,enumMemberNameNonIdentifier.ts,3,0,12,0
compiler,flags,commentsVarDecl.ts,16,0,74,0
compiler,flags,genericClassWithFunctionTypedMemberArguments.ts,38,0,205,0
compiler,flags,assignmentCompatWithNumericIndexer3.ts,16,0,72,0
compiler,flags,base.js,1,0,5,0
compiler,flags,src/index.tsx,3,0,16,0
compiler,flags,targetTypeTest1.ts,48,0,312,0
compiler,flags,protoAssignment.ts,18,0,140,0
compiler,flags,f.ts,7,0,42,0
compiler,flags,declarationEmitSimpleComputedNames1.ts,23,0,159,0
compiler,flags,declarationEmitSimpleComputedNames1.d.ts,8,0,28,0
compiler,flags,commentsTypeParameters.ts,9,0,42,0
compiler,flags,capturedLetConstInLoop6.ts,176,0,760,0
compiler,flags,asserts.ts,6,0,28,0
compiler,flags,test.ts,14,0,78,0
compiler,flags,stringLiteralTypesOverloads02.ts,25,0,123,0
compiler,flags,ES5For-of30.ts,6,0,30,0
compiler,flags,/src/bar.cts,1,0,5,0
compiler,flags,m2.ts,16,0,80,0
compiler,flags,inferenceContextualReturnTypeUnion3.ts,27,0,131,0
compiler,flags,exportPrivateType.ts,1,0,6,0
compiler,flags,deleteExpressionMustBeOptional.ts,84,0,425,0
compiler,flags,noUncheckedIndexedAccessDestructuring.ts,59,0,328,0
compiler,flags,typeGuardsWithAny.ts,76,0,401,0
compiler,flags,symbolProperty4.ts,9,0,60,0
compiler,flags,privateNameClassExpressionLoop.ts,6,0,27,0
compiler,flags,extendedEscapesForAstralsInVarsAndClasses.ts,22,0,106,0
compiler,flags,modularizeLibrary_TargetES5UsingES6Lib.ts,48,0,276,0
compiler,flags,functionOverloads40.ts,1,0,5,0
compiler,flags,es6ImportNamedImportAmd_0.ts,2,0,10,0
compiler,flags,es6ImportNamedImportAmd_1.ts,12,0,60,0
compiler,flags,/p1/index.ts,3,0,15,0
compiler,flags,stringLiteralTypesWithVariousOperators01.ts,56,0,244,0
compiler,flags,generatorReturnTypeInferenceNonStrict.ts,20,0,93,0
compiler,flags,destructuringParameterDeclaration10.ts,6,0,30,0
compiler,flags,vararg.ts,63,0,319,0
compiler,flags,subtypeReductionWithAnyFunctionType.ts,6,0,31,0
compiler,flags,reverseInferenceInContextualInstantiation.ts,2,0,11,0
compiler,flags,regexMatchAll.ts,8,0,33,0
compiler,flags,mappedToToIndexSignatureInference.ts,2,0,10,0
compiler,flags,inferParameterWithMethodCallInitializer.ts,10,0,45,0
compiler,flags,callOfConditionalTypeWithConcreteBranches.ts,9,0,47,0
compiler,flags,genericCallWithOverloadedFunctionTypedArguments.ts,13,0,127,0
compiler,flags,subtypesOfTypeParameterWithConstraints4.ts,30,0,132,0
compiler,flags,recursiveTypesWithTypeof.ts,43,0,460,0
compiler,flags,index2.js,14,0,116,0
compiler,flags,/.src/out/index2.d.ts,4,0,10,0
compiler,flags,decrementOperatorWithEnumType.ts,6,0,17,0
compiler,flags,objectLiteralShorthandPropertiesErrorFromNoneExistingIdentifier.ts,1,0,7,0
compiler,flags,classStaticBlock3.ts,20,0,116,0
compiler,flags,strictFunctionTypes1.ts,9,0,41,0
compiler,flags,/.src/e.ts,6,0,60,0
compiler,flags,indexingTypesWithNever.ts,3,0,14,0
compiler,flags,esModuleInteropUsesExportStarWhenDefaultPlusNames.ts,2,0,10,0
compiler,flags,assignmentCompatability11.ts,4,0,20,0
compiler,flags,ES5For-of29.ts,4,0,20,0
compiler,flags,parserMissingLambdaOpenBrace1.ts,9,0,56,0
compiler,flags,typeGuardsInDoStatement.ts,17,0,75,0
compiler,flags,protectedClassPropertyAccessibleWithinNestedSubclass.ts,64,0,324,0
compiler,flags,Folder/monorepo/core/index.ts,1,0,5,0
compiler,flags,multiExtendsSplitInterfaces1.ts,2,0,11,0
compiler,flags,missingCloseParenStatements.ts,62,0,246,0
compiler,flags,getterSetterNonAccessor.ts,2,0,11,0
compiler,flags,downlevelLetConst17.ts,28,0,140,0
compiler,flags,declarationEmitFirstTypeArgumentGenericFunctionType.ts,4,0,20,0
compiler,flags,unionTypeWithIndexSignature.ts,44,0,214,0
compiler,flags,propertyAccessOnTypeParameterWithConstraints4.ts,25,0,147,0
compiler,flags,arithmeticOperatorWithUndefinedValueAndValidOperands.ts,80,0,360,0
compiler,flags,computedPropertyNames12_ES5.ts,44,0,279,0
compiler,flags,controlFlowIterationErrorsAsync.ts,83,0,423,0
compiler,flags,privateNameAccessorsAccess.ts,9,0,39,0
compiler,flags,typedArraysSubarray.ts,63,0,342,0
compiler,flags,simpleRecursionWithBaseCase1.ts,9,0,37,0
compiler,flags,functionWithSameNameAsField.ts,5,0,21,0
compiler,flags,es5SetterparameterDestructuringNotElided.ts,4,0,20,0
compiler,flags,capturedLetConstInLoop1.ts,139,0,615,0
compiler,flags,objectTypesIdentity2.ts,5,0,55,0
compiler,flags,propertyAccessOnTypeParameterWithConstraints2.ts,36,0,183,0
compiler,flags,foo_1.ts,33,0,184,0
compiler,flags,arrayLiteralExpressionContextualTyping.ts,9,0,30,0
compiler,flags,emitCompoundExponentiationAssignmentWithPropertyAccessingOnLHS1.ts,4,0,16,0
compiler,flags,emitArrowFunctionWhenUsingArguments05.ts,2,0,10,0
compiler,flags,narrowingUnionWithBang.ts,49,0,442,0
compiler,flags,lift.ts,15,0,63,0
compiler,flags,isolatedDeclarationErrors.ts,6,0,34,0
compiler,flags,doesNotNarrowUnionOfConstructorsWithInstanceof.ts,22,0,127,0
compiler,flags,declFileEnums.ts,2,0,11,0
compiler,flags,contextualOverloadListFromUnionWithPrimitiveNoImplicitAny.ts,2,0,14,0
compiler,flags,operatorsAndIntersectionTypes.ts,42,0,202,0
compiler,flags,objectLiteralShorthandPropertiesWithModuleES6.ts,3,0,17,0
compiler,flags,intlNumberFormatES2020.ts,7,0,42,0
compiler,flags,controlFlowDestructuringDeclaration.ts,20,0,108,0
compiler,flags,variableDeclaratorResolvedDuringContextualTyping.ts,15,0,81,0
compiler,flags,stringIndexerAssignments2.ts,4,0,18,0
compiler,flags,recursiveTupleTypes1.ts,4,0,18,0
compiler,flags,overload1.ts,22,0,121,0
compiler,flags,mappedTypeUnionConstraintInferences.ts,1,0,9,0
compiler,flags,interfaceAssignmentCompat.ts,63,0,370,0
compiler,flags,forwardRefInTypeDeclaration.ts,24,0,138,0
compiler,flags,deleteOperator1.ts,6,0,24,0
compiler,flags,main.d.ts,2,0,10,0
compiler,flags,classStaticInitializersUsePropertiesBeforeDeclaration.ts,3,0,17,0
compiler,flags,argumentsObjectIterator02_ES5.ts,20,0,100,0
compiler,flags,genericCallWithObjectTypeArgsAndInitializers.ts,6,0,30,0
compiler,flags,booleanLiteralTypes2.ts,54,0,296,0
compiler,flags,typeGuardOfFormTypeOfString.ts,82,0,866,0
compiler,flags,privateNameFieldAssignment.ts,39,0,130,0
compiler,flags,unionOfClassCalls.ts,31,0,179,0
compiler,flags,tsxAttributeQuickinfoTypesSameAsObjectLiteral.tsx,4,0,25,0
compiler,flags,strictModeReservedWordInClassDeclaration.ts,3,0,12,0
compiler,flags,/.src/src/thing.ts,2,0,11,0
compiler,flags,indexerA.ts,3,0,14,0
compiler,flags,classFieldSuperAccessible.ts,10,0,57,0
compiler,flags,parametersWithNoAnnotationAreAny.ts,8,0,40,0
compiler,flags,callChain.3.ts,14,0,171,0
compiler,flags,ES5SymbolProperty7.ts,12,0,76,0
compiler,flags,unusedLocalsAndParametersDeferred.ts,31,0,151,0
compiler,flags,typeInferenceLiteralUnion.ts,6,0,27,0
compiler,flags,narrowByClauseExpressionInSwitchTrue4.ts,6,0,26,0
compiler,flags,jsFileFunctionOverloads.js,17,0,88,0
compiler,flags,genericCallAtYieldExpressionInGenericCall3.ts,5,0,24,0
compiler,flags,constIndexedAccess.ts,18,0,80,0
compiler,flags,capturedLetConstInLoop8_ES6.ts,94,0,576,0
compiler,flags,callSignatureWithoutReturnTypeAnnotationInference.ts,9,0,66,0
compiler,flags,typeGuardOfFormTypeOfBoolean.ts,80,0,832,0
compiler,flags,additionOperatorWithAnyAndEveryType.ts,50,0,228,0
compiler,flags,computedPropertyNames23_ES5.ts,10,0,64,0
compiler,flags,decoratorChecksFunctionBodies.ts,4,0,20,0
compiler,flags,asyncUseStrict_es5.ts,8,0,32,0
compiler,flags,/mod2.ts,2,0,10,0
compiler,flags,file.js,11,0,130,0
compiler,flags,nonInferrableTypePropagation2.ts,4,0,18,0
compiler,flags,functionOverloads41.ts,1,0,5,0
compiler,flags,FinalClass.ts,2,0,10,0
compiler,flags,Main.ts,3,0,15,0
compiler,flags,discriminantElementAccessCheck.ts,29,0,199,0
compiler,flags,classExtendsClauseClassNotReferringConstructor.ts,1,0,5,0
compiler,flags,stringLiteralTypesAndLogicalOrExpressions01.ts,6,0,26,0
compiler,flags,mappedTypeWithAny.ts,15,0,82,0
compiler,flags,test.js,61,0,543,0
compiler,flags,/.src/moduleExportAliasDuplicateAlias.js,18,0,140,0
compiler,flags,d.ts,1,0,5,0
compiler,flags,octalIntegerLiteralES6.ts,40,0,243,0
compiler,flags,/.src/main.ts,2,0,10,0
compiler,flags,classStaticBlockUseBeforeDef5.ts,3,0,12,0
compiler,flags,uncalledFunctionChecksInConditionalPerf.ts,77,0,608,0
compiler,flags,statics.ts,54,0,270,0
compiler,flags,nonNullReferenceMatching.ts,135,0,898,0
compiler,flags,instanceofOperator.ts,12,0,52,0
compiler,flags,A:/bar.ts,3,0,14,0
compiler,flags,A:/foo.ts,5,0,25,0
compiler,flags,B:/baz.ts,5,0,25,0
compiler,flags,assignmentCompatability39.ts,4,0,20,0
compiler,flags,arrayOfFunctionTypes3.ts,19,0,91,0
compiler,flags,intersectionThisTypes.ts,14,0,77,0
compiler,flags,mod.js,12,0,130,0
compiler,flags,parserConstructorAmbiguity1.ts,1,0,5,0
compiler,flags,emptyVariableDeclarationBindingPatterns01_ES5.ts,60,0,300,0
compiler,flags,emitArrowFunctionWhenUsingArguments15_ES6.ts,6,0,32,0
compiler,flags,typeArgumentInferenceWithRecursivelyReferencedTypeAliasToTypeLiteral01.ts,4,0,22,0
compiler,flags,prototypes.ts,4,0,22,0
compiler,flags,parameterPropertyInConstructorWithPrologues.ts,16,0,84,0
compiler,flags,noImplicitAnyIndexingSuppressed.ts,20,0,95,0
compiler,flags,mixingApparentTypeOverrides.ts,5,0,20,0
compiler,flags,higherOrderMappedIndexLookupInference.ts,14,0,80,0
compiler,flags,foo.js,168,0,7338,0
compiler,flags,declFileObjectLiteralWithOnlyGetter.ts,6,0,64,0
compiler,flags,objectTypesIdentityWithGenericCallSignatures.ts,10,0,148,0
compiler,flags,variance.ts,6,0,30,0
compiler,flags,typeGuardFunctionOfFormThisErrors.ts,41,0,243,0
compiler,flags,nullishCoalescingAssignmentVsPrivateFieldsJsEmit1.ts,4,0,15,0
compiler,flags,emitArrowFunctionWhenUsingArguments07_ES6.ts,2,0,10,0
compiler,flags,typeOfThisInstanceMemberNarrowedWithLoopAntecedent.ts,21,0,132,0
compiler,flags,unusedPrivateMembers.ts,30,0,158,0
compiler,flags,twiceNestedKeyofIndexInference.ts,1,0,5,0
compiler,flags,functionWithThrowButNoReturn1.ts,1,0,5,0
compiler,flags,funcdecl.ts,6,0,42,0
compiler,flags,es6ImportNamedImport_0.ts,2,0,10,0
compiler,flags,es6ImportNamedImport_1.ts,12,0,60,0
compiler,flags,conflictingTypeParameterSymbolTransfer.ts,8,0,36,0
compiler,flags,functionLiteral.ts,1,0,5,0
compiler,flags,expando.ts,22,0,96,0
compiler,flags,/a.ts,11,0,55,0
compiler,flags,/b.ts,13,0,78,0
compiler,flags,MC.js,10,0,83,0
compiler,flags,/.src/MW.js,14,0,94,0
compiler,flags,implementingAnInterfaceExtendingClassWithPrivates2.ts,6,0,39,0
compiler,flags,consumer.ts,20,0,107,0
compiler,flags,/.src/expGeneric.ts,1,0,9,0
compiler,flags,arrowFunctionExpressions.ts,41,0,198,0
compiler,flags,m1.ts,28,0,196,0
compiler,flags,symbolProperty46.ts,14,0,80,0
compiler,flags,controlFlowIIFE.ts,33,0,161,0
compiler,flags,privateNameAccessorsCallExpression.ts,19,0,72,0
compiler,flags,typeParameterFixingWithContextSensitiveArguments4.ts,8,0,38,0
compiler,flags,switchCaseNarrowsMatchingClausesEvenWhenNonMatchingClausesExist.ts,14,0,70,0
compiler,flags,prototypeInstantiatedWithBaseConstraint.ts,3,0,31,0
compiler,flags,nonexistentPropertyOnUnion.ts,2,0,14,0
compiler,flags,moduleExports1.ts,3,0,14,0
compiler,flags,/src/a.js,15,0,110,0
compiler,flags,innerTypeArgumentInference.ts,1,0,5,0
compiler,flags,incompatibleTypes.ts,1,0,5,0
compiler,flags,extendingClassFromAliasAndUsageInIndexer_main.ts,10,0,52,0
compiler,flags,/.src/extendingClassFromAliasAndUsageInIndexer_moduleA.ts,2,0,16,0
compiler,flags,/.src/extendingClassFromAliasAndUsageInIndexer_moduleB.ts,2,0,16,0
compiler,flags,doWhileUnreachableCode.ts,3,0,13,0
compiler,flags,a.d.ts,2,0,38,0
compiler,flags,c.ts,14,0,84,0
compiler,flags,classPropertyInferenceFromBroaderTypeConst.ts,9,0,44,0
compiler,flags,arrayConcat2.ts,7,0,38,0
compiler,flags,genericCallWithTupleType.ts,53,0,451,0
compiler,flags,arrayTypeOfFunctionTypes2.ts,12,0,57,0
compiler,flags,stringMappingOverPatternLiterals.ts,113,0,514,0
compiler,flags,parserForOfStatement23.ts,1,0,5,0
compiler,flags,app.tsx,22,0,133,0
compiler,flags,propertyAccessChain.2.ts,8,0,45,0
compiler,flags,iterableArrayPattern24.ts,2,0,25,0
compiler,flags,classStaticBlock6.ts,12,0,54,0
compiler,flags,typeArgumentInferenceApparentType2.ts,1,0,5,0
compiler,flags,/.src/Math/Math.ts,2,0,11,0
compiler,flags,internalAliasClassInsideLocalModuleWithoutExport.ts,4,0,29,0
compiler,flags,functionWithDefaultParameterWithNoStatements9.ts,4,0,22,0
compiler,flags,f2.ts,107,0,510,0
compiler,flags,es6ImportNameSpaceImportAmd_1.ts,2,0,11,0
compiler,flags,destructuringAssignmentWithDefault2.ts,25,0,97,0
compiler,flags,declFileForExportedImport_1.ts,4,0,22,0
compiler,flags,functionConstraintSatisfaction.ts,19,0,95,0
compiler,flags,objectTypeWithConstructSignatureHidingMembersOfFunction.ts,12,0,66,0
compiler,flags,parserParenthesizedVariableAndFunctionInTernary.ts,3,0,10,0
compiler,flags,typeGuardOfFormNotExpr.ts,81,0,2034,0
compiler,flags,destructuringParameterProperties4.ts,34,0,294,0
compiler,flags,spreadsAndContextualTupleTypes.ts,57,0,222,0
compiler,flags,enum2.ts,1,0,5,0
compiler,flags,getAndSetNotIdenticalType2.ts,12,0,58,0
compiler,flags,forInModule.ts,7,0,30,0
compiler,flags,classUpdateTests.ts,5,0,21,0
compiler,flags,/packages/shared/index.js,1,0,5,0
compiler,flags,propertyAccessOnTypeParameterWithConstraints5.ts,27,0,158,0
compiler,flags,parenthesizedTypes.ts,3,0,15,0
compiler,flags,validMultipleVariableDeclarations.ts,4,0,20,0
compiler,flags,parserES5SymbolProperty6.ts,6,0,48,0
compiler,flags,conditionalOperatorConditoinIsStringType.ts,143,0,741,0
compiler,flags,generatorTypeCheck64.ts,4,0,22,0
compiler,flags,computedPropertyNames6_ES6.ts,10,0,63,0
compiler,flags,emitArrowFunctionWhenUsingArguments15.ts,10,0,54,0
compiler,flags,accessorsOverrideProperty2.ts,8,0,40,0
compiler,flags,privateNameNestedMethodAccess.ts,6,0,31,0
compiler,flags,awaitCallExpression7_es5.ts,12,0,58,0
compiler,flags,unusedParameterUsedInTypeOf.ts,4,0,20,0
compiler,flags,typePredicatesInUnion3.ts,16,0,82,0
compiler,flags,typeInterfaceDeclarationsInBlockStatements1.ts,8,0,44,0
compiler,flags,strictNullEmptyDestructuring.ts,24,0,132,0
compiler,flags,reverseMappedTypeLimitedConstraint.ts,2,0,18,0
compiler,flags,noEmitHelpers2.ts,4,0,20,0
compiler,flags,f3.ts,8,0,73,0
compiler,flags,f4.ts,2,0,12,0
compiler,flags,genericConditionalConstrainedToUnknownNotAssignableToConcreteObject.ts,5,0,26,0
compiler,flags,controlFlowArrayErrors.ts,32,0,172,0
compiler,flags,capturedParametersInInitializers2.ts,44,0,246,0
compiler,flags,assignmentNestedInLiterals.ts,11,0,51,0
compiler,flags,argumentsSpreadRestIterables.tsx,28,0,112,0
compiler,flags,subtypingWithObjectMembersOptionality.ts,6,0,28,0
compiler,flags,equalityWithIntersectionTypes01.ts,36,0,524,0
compiler,flags,thisTypeInAccessors.ts,64,0,268,0
compiler,flags,contextuallyTypedBindingInitializerNegative.ts,9,0,76,0
compiler,flags,everyTypeWithAnnotationAndInvalidInitializer.ts,6,0,30,0
compiler,flags,usage.js,41,0,266,0
compiler,flags,/.src/lateBoundAssignmentDeclarationSupport4.js,24,0,151,0
compiler,flags,newWithSpread.ts,131,0,563,0
compiler,flags,for-of55.ts,2,0,10,0
compiler,flags,binaryIntegerLiteralES6.ts,40,0,243,0
compiler,flags,targetTypeCalls.ts,3,0,15,0
compiler,flags,returnTypeInferenceContextualTypeIgnoreAnyUnknown1.ts,6,0,30,0
compiler,flags,protectedMembers.ts,44,0,214,0
compiler,flags,nestedInfinitelyExpandedRecursiveTypes.ts,4,0,18,0
compiler,flags,_apply.js,31,0,206,0
compiler,flags,second.ts,1,0,5,0
compiler,flags,genericCallInferenceWithGenericLocalFunction.ts,19,0,133,0
compiler,flags,exportAssignmentFunction_B.ts,1,0,5,0
compiler,flags,controlFlowPrivateClassField.ts,18,0,74,0
compiler,flags,commentsOnObjectLiteral3.ts,12,0,54,0
compiler,flags,arrayFakeFlatNoCrashInferenceDeclarations.ts,2,0,10,0
compiler,flags,typesWithSpecializedConstructSignatures.ts,11,0,51,0
compiler,flags,ES5For-of7.ts,8,0,38,0
compiler,flags,module.js,7,0,151,0
compiler,flags,someview.js,24,0,180,0
compiler,flags,application.js,12,0,69,0
compiler,flags,main.js,42,0,249,0
compiler,flags,enumTagOnExports.js,3,0,20,0
compiler,flags,typeAssertions.ts,27,0,105,0
compiler,flags,additionOperatorWithInvalidOperands.ts,38,0,174,0
compiler,flags,usePromiseFinally.ts,2,0,10,0
compiler,flags,awaitCallExpression3_es6.ts,4,0,18,0
compiler,flags,awaitCallExpression5_es2017.ts,5,0,26,0
compiler,flags,b1.ts,3,0,23,0
compiler,flags,b2.ts,3,0,23,0
compiler,flags,publicGetterProtectedSetterFromThisParameter.ts,72,0,312,0
compiler,flags,noImplicitAnyMissingGetAccessor.ts,8,0,36,0
compiler,flags,mergedDeclarations1.ts,17,0,117,0
compiler,flags,instantiationExpressionErrorNoCrash.ts,5,0,40,0
compiler,flags,identityRelationNeverTypes.ts,6,0,32,0
compiler,flags,escapedIdentifiers.ts,44,0,200,0
compiler,flags,doYouNeedToChangeYourTargetLibraryES2023.ts,56,0,368,0
compiler,flags,classExpressionTest2.ts,4,0,33,0
compiler,flags,thisTypeInClasses.ts,6,0,20,0
compiler,flags,for-inStatements.ts,45,0,205,0
compiler,flags,typeGuardsInFunction.ts,130,0,586,0
compiler,flags,incrementAndDecrement.ts,72,0,288,0
compiler,flags,esDecorators-classDeclaration-classSuper.3.ts,4,0,18,0
compiler,flags,iteratorSpreadInArray11.ts,3,0,10,0
compiler,flags,for-of15.ts,4,0,27,0
compiler,flags,computedPropertyNames10_ES5.ts,56,0,282,0
compiler,flags,useSharedArrayBuffer5.ts,18,0,90,0
compiler,flags,declarationEmitIdentifierPredicatesWithPrivateName01.ts,4,0,18,0
compiler,flags,privateNameMethodAsync.ts,16,0,69,0
compiler,flags,asyncGeneratorGenericNonWrappedReturn.ts,1,0,5,0
compiler,flags,typeParameterConstrainedToOuterTypeParameter.ts,1,0,5,0
compiler,flags,targetTypeCastTest.ts,8,0,35,0
compiler,flags,referenceSatisfiesExpression.ts,45,0,186,0
compiler,flags,objectLiteralThisWidenedOnUse.ts,11,0,64,0
compiler,flags,multipleInferenceContexts.ts,5,0,24,0
compiler,flags,jsxNamespacePrefixInName.tsx,1,0,3,0
compiler,flags,genericTypeAssertions4.ts,13,0,56,0
compiler,flags,exportAssignmentWithoutIdentifier1.ts,5,0,59,0
compiler,flags,awaitInNonAsyncFunction.ts,15,0,58,0
compiler,flags,genericCallWithObjectTypeArgs.ts,5,0,33,0
compiler,flags,objectTypesIdentityWithGenericCallSignaturesOptionalParams.ts,10,0,148,0
compiler,flags,typeParameterAsTypeParameterConstraint.ts,4,0,40,0
compiler,flags,stringLiteralMatchedInSwitch01.ts,4,0,15,0
compiler,flags,typeParameterUsedAsTypeParameterConstraint2.ts,18,0,84,0
compiler,flags,forStatementsMultipleInvalidDecl.ts,3,0,16,0
compiler,flags,superSymbolIndexedAccess1.ts,8,0,50,0
compiler,flags,esnextSharedMemory.ts,4,0,22,0
compiler,flags,destructuringReassignsRightHandSide.ts,8,0,30,0
compiler,flags,computedPropertyNames5_ES5.ts,8,0,72,0
compiler,flags,derivedClassTransitivity4.ts,6,0,31,0
compiler,flags,usingModuleWithExportImportInValuePosition.ts,1,0,6,0
compiler,flags,file1.tsx,5,0,31,0
compiler,flags,recursiveProperties.ts,12,0,54,0
compiler,flags,/src/app.ts,7,0,32,0
compiler,flags,internalAliasFunctionInsideTopLevelModuleWithoutExport.ts,3,0,31,0
compiler,flags,es6ImportDefaultBindingFollowedWithNamedImport1_1.ts,6,0,30,0
compiler,flags,contextualSignatureInstantiation2.ts,6,0,30,0
compiler,flags,classBlockScoping.ts,2,0,10,0
compiler,flags,arrayAssignmentTest1.ts,53,0,239,0
compiler,flags,thisTypeOptionalCall.ts,3,0,17,0
compiler,flags,switchStatements.ts,7,0,35,0
compiler,flags,input.js,41,0,336,0
compiler,flags,parserArgumentList1.ts,14,0,70,0
compiler,flags,conditionalOperatorWithIdenticalBCT.ts,33,0,164,0
compiler,flags,additionOperatorWithStringAndEveryType.ts,54,0,246,0
compiler,flags,symbolProperty28.ts,7,0,44,0
compiler,flags,decoratorOnClassMethod17.ts,1,0,5,0
compiler,flags,derivedUninitializedPropertyDeclaration.ts,12,0,55,0
compiler,flags,sourceMapValidationDestructuringVariableStatementArrayBindingPattern2.ts,30,0,238,0
compiler,flags,protectedAccessThroughContextualThis.ts,22,0,95,0
compiler,flags,primitiveConstraints2.ts,4,0,22,0
compiler,flags,c:/root/folder1/file1.ts,4,0,22,0
compiler,flags,c:/root/folder2/file2.ts,6,0,28,0
compiler,flags,optionalPropertiesTest.ts,12,0,65,0
compiler,flags,src/foo.mts,5,0,28,0
compiler,flags,nanEquality.ts,97,0,2386,0
compiler,flags,jsCheckObjectDefineThisNoCrash.js,7,0,42,0
compiler,flags,genericOfACloduleType2.ts,3,0,24,0
compiler,flags,extendedUnicodeEscapeSequenceIdentifiers.ts,5,0,25,0
compiler,flags,b.js,28,0,218,0
compiler,flags,assignToInvalidLHS.ts,1,0,5,0
compiler,flags,arrayBindingPatternOmittedExpressions.ts,9,0,41,0
compiler,flags,unionTypePropertyAccessibility.ts,30,0,225,0
compiler,flags,bestCommonTypeOfTuple.ts,8,0,36,0
compiler,flags,neverTypeErrors1.ts,1,0,5,0
compiler,flags,for-of38.ts,4,0,22,0
compiler,flags,symbolProperty23.ts,5,0,35,0
compiler,flags,privateNameStaticFieldClassExpression.ts,11,0,53,0
compiler,flags,derivedClassWithoutExplicitConstructor3.ts,19,0,87,0
compiler,flags,typeVariableConstraintIntersections.ts,29,0,150,0
compiler,flags,typeGuardNarrowByUntypedField.ts,3,0,17,0
compiler,flags,templateLiteralsInTypes.ts,4,0,17,0
compiler,flags,nonNullFullInference.ts,26,0,127,0
compiler,flags,missingSelf.ts,8,0,40,0
compiler,flags,consumer.tsx,1,0,5,0
compiler,flags,jsElementAccessNoContextualTypeCrash.js,9,0,60,0
compiler,flags,internalAliasEnumInsideLocalModuleWithoutExport.ts,2,0,11,0
compiler,flags,register.ts,3,0,16,0
compiler,flags,data1.ts,1,0,5,0
compiler,flags,reexporter.ts,1,0,5,0
compiler,flags,declarationEmitForDefaultExportClassExtendingExpression01.ts,1,0,5,0
compiler,flags,collisionThisExpressionAndParameter.ts,11,0,47,0
compiler,flags,circularInlineMappedGenericTupleTypeNoCrash.ts,7,0,35,0
compiler,flags,awaitCallExpressionInSyncFunction.ts,3,0,16,0
compiler,flags,objectTypesIdentityWithStringIndexers2.ts,9,0,111,0
compiler,flags,invalidBooleanAssignments.ts,15,0,72,0
compiler,flags,commonTypeIntersection.ts,2,0,10,0
compiler,flags,privateConstructorFunction.js,3,0,20,0
compiler,flags,parserES5SymbolProperty5.ts,6,0,60,0
compiler,flags,parameterInitializersForwardReferencing1_es6.ts,16,0,88,0
compiler,flags,nullishCoalescingOperator_es2020.ts,90,0,424,0
compiler,flags,emitCompoundExponentiationOperator2.ts,140,0,560,0
compiler,flags,FunctionDeclaration3_es6.ts,1,0,5,0
compiler,flags,useSharedArrayBuffer1.ts,10,0,54,0
compiler,flags,controlFlowCommaOperator.ts,20,0,127,0
compiler,flags,derivedClassWithPrivateStaticShadowingPublicStatic.ts,4,0,24,0
compiler,flags,withStatement.ts,8,0,104,0
compiler,flags,qualify.ts,10,0,49,0
compiler,flags,optionalParameterRetainsNull.ts,2,0,11,0
compiler,flags,importUsedInExtendsList1_1.ts,4,0,27,0
compiler,flags,genericClassesInModule2.ts,2,0,6,0
compiler,flags,functionArgShadowing.ts,3,0,19,0
compiler,flags,main.mts,1,0,5,0
compiler,flags,enumFromExternalModule_1.ts,3,0,17,0
compiler,flags,duplicateLocalVariable2.ts,27,0,159,0
compiler,flags,destructuredMaappedTypeIsNotImplicitlyAny.ts,6,0,30,0
compiler,flags,contextualTypeAppliedToVarArgs.ts,5,0,31,0
compiler,flags,cloduleTest2.ts,12,0,78,0
compiler,flags,castTest.ts,13,0,60,0
compiler,flags,assignmentCompatability24.ts,5,0,37,0
compiler,flags,objectTypesIdentityWithNumericIndexers1.ts,9,0,111,0
compiler,flags,innerTypeParameterShadowingOuterOne.ts,8,0,44,0
compiler,flags,invalidAssignmentsToVoid.ts,6,0,27,0
compiler,flags,intersectionWithIndexSignatures.ts,20,0,102,0
compiler,flags,awaitUsingDeclarations.17.ts,10,0,50,0
compiler,flags,jsdocDisallowedInTypescript.ts,13,0,73,0
compiler,flags,voidOperatorWithAnyOtherType.ts,34,0,172,0
compiler,flags,TypeGuardWithEnumUnion.ts,19,0,75,0
compiler,flags,templateStringWithEmbeddedInstanceOf.ts,3,0,10,0
compiler,flags,computedPropertyNames2_ES5.ts,24,0,214,0
compiler,flags,globalThisBlockscopedProperties.ts,6,0,28,0
compiler,flags,component.ts,4,0,20,0
compiler,flags,privateNamesInterfaceExtendingClass.ts,6,0,24,0
compiler,flags,asyncAwaitIsolatedModules_es2017.ts,4,0,20,0
compiler,flags,unusedDestructuring.ts,8,0,40,0
compiler,flags,tupleTypeInference.ts,18,0,99,0
compiler,flags,templateExpressionNoInlininingOfConstantBindingWithInitializer.ts,8,0,31,0
compiler,flags,objectInstantiationFromUnionSpread.ts,10,0,84,0
compiler,flags,multivar.ts,6,0,24,0
compiler,flags,emitMethodCalledNew.ts,6,0,24,0
compiler,flags,destructuringFromUnionSpread.ts,2,0,9,0
compiler,flags,concatTuples.ts,2,0,11,0
compiler,flags,commentInMethodCall.ts,2,0,11,0
compiler,flags,circularOptionalityRemoval.ts,6,0,25,0
compiler,flags,assignmentCompatability30.ts,4,0,20,0
compiler,flags,ambientWithStatements.ts,4,0,20,0
compiler,flags,unionTypeFromArrayLiteral.ts,13,0,62,0
compiler,flags,contextualTypeTupleEnd.ts,28,0,155,0
compiler,flags,typeofAnExportedType.ts,11,0,57,0
compiler,flags,intersectionTypeInference.ts,13,0,63,0
compiler,flags,ES5For-of20.ts,4,0,16,0
compiler,flags,parserErrorRecovery_IncompleteMemberVariable1.ts,15,0,68,0
compiler,flags,/importer-cjs.cjs,2,0,10,0
compiler,flags,/importer-cts.cts,6,0,30,0
compiler,flags,logicalNotOperatorWithNumberType.ts,42,0,167,0
compiler,flags,taggedTemplateContextualTyping2.ts,10,0,50,0
compiler,flags,decoratorOnClassMethodParameter3.ts,2,0,8,0
compiler,flags,privateNameMethod.ts,6,0,21,0
compiler,flags,protectedStaticClassPropertyAccessibleWithinSubclass2.ts,16,0,78,0
compiler,flags,withStatementNestedScope.ts,1,0,5,0
compiler,flags,typeUsedAsTypeLiteralIndex.ts,2,0,10,0
compiler,flags,typeAliasDeclarationEmit3.ts,10,0,49,0
compiler,flags,sourceMapValidationFor.ts,45,0,184,0
compiler,flags,promiseWithResolvers.ts,2,0,11,0
compiler,flags,optionalFunctionArgAssignability.ts,2,0,9,0
compiler,flags,numberAssignableToEnumInsideUnion.ts,1,0,5,0
compiler,flags,noAsConstNameLookup.ts,7,0,33,0
compiler,flags,narrowedConstInMethod.ts,8,0,38,0
compiler,flags,mergedDeclarations3.ts,2,0,12,0
compiler,flags,keywordExpressionInternalComments.ts,7,0,32,0
compiler,flags,genericAssignmentCompatOfFunctionSignatures1.ts,4,0,18,0
compiler,flags,forIn.ts,43,0,192,0
compiler,flags,contextualSignature_objectLiteralMethodMayReturnNever.ts,1,0,5,0
compiler,flags,collisionCodeGenModuleWithConstructorChildren.ts,3,0,15,0
compiler,flags,arrayConstructors1.ts,6,0,30,0
compiler,flags,spreadOverwritesProperty.ts,11,0,65,0
compiler,flags,usingDeclarationsWithIteratorObject.ts,8,0,41,0
compiler,flags,/.src/lateBoundAssignmentDeclarationSupport5.js,24,0,170,0
compiler,flags,parserSymbolProperty8.ts,2,0,11,0
compiler,flags,0.tsx,2,0,10,0
compiler,flags,mergeThreeInterfaces2.ts,26,0,143,0
compiler,flags,typeGuardOfFormExpr1AndExpr2.ts,56,0,602,0
compiler,flags,comparisonOperatorWithTypeParameter.ts,192,0,896,0
compiler,flags,iteratorSpreadInCall8.ts,9,0,59,0
compiler,flags,iterableArrayPattern6.ts,4,0,27,0
compiler,flags,destructuringArrayBindingPatternAndAssignment1ES6.ts,3,0,10,0
compiler,flags,emitArrowFunctionWhenUsingArguments14_ES6.ts,6,0,32,0
compiler,flags,classStaticBlockUseBeforeDef1.ts,22,0,112,0
compiler,flags,asyncAwait_es6.ts,5,0,25,0
compiler,flags,unusedFunctionsinNamespaces5.ts,1,0,5,0
compiler,flags,tsxDiscriminantPropertyInference.tsx,7,0,38,0
compiler,flags,shorthandOfExportedEntity02_targetES5_CommonJS.ts,2,0,10,0
compiler,flags,nestedLoops.ts,18,0,82,0
compiler,flags,listFailure.ts,15,0,76,0
compiler,flags,inferentialTypingObjectLiteralMethod1.ts,2,0,11,0
compiler,flags,importDeclarationUsedAsTypeQuery_1.ts,1,0,5,0
compiler,flags,functionOverloadAmbiguity1.ts,4,0,25,0
compiler,flags,es5-asyncFunctionHoisting.ts,12,0,60,0
compiler,flags,dottedModuleName.ts,1,0,5,0
compiler,flags,capturedParametersInInitializers1.ts,17,0,83,0
compiler,flags,badInferenceLowerPriorityThanGoodInference.ts,4,0,21,0
compiler,flags,arrayAssignmentTest5.ts,14,0,75,0
compiler,flags,genericCallWithObjectLiteralArgs.ts,1,0,37,0
compiler,flags,typeParameterAssignability2.ts,74,0,336,0
compiler,flags,spreadTypeVariable.ts,12,0,63,0
compiler,flags,objectTypeWithCallSignatureAppearsToBeFunctionType.ts,6,0,32,0
compiler,flags,narrowExceptionVariableInCatchClause.ts,20,0,114,0
compiler,flags,ES5For-of26.ts,4,0,20,0
compiler,flags,exportedAliasedEnumTag.js,6,0,50,0
compiler,flags,usage.ts,5,0,27,0
compiler,flags,superSymbolIndexedAccess4.ts,6,0,34,0
compiler,flags,arrayLiterals3.ts,11,0,38,0
compiler,flags,esDecorators-classDeclaration-commonjs.ts,1,0,5,0
compiler,flags,for-of31.ts,4,0,27,0
compiler,flags,destructuringObjectBindingPatternAndAssignment4.ts,4,0,20,0
compiler,flags,computedPropertyNames14_ES6.ts,2,0,13,0
compiler,flags,unusedPrivateMethodInClass4.ts,2,0,9,0
compiler,flags,unknownLikeUnionObjectFlagsNotPropagated.ts,11,0,60,0
compiler,flags,scopeCheckStaticInitializer.ts,2,0,12,0
compiler,flags,recursiveBaseConstructorCreation3.ts,2,0,14,0
compiler,flags,prefixIncrementAsOperandOfPlusExpression.ts,6,0,20,0
compiler,flags,overloadResolutionOverNonCTLambdas.ts,18,0,86,0
compiler,flags,noImplicitAnyInContextuallyTypesFunctionParamter.ts,3,0,16,0
compiler,flags,mappedTypeWithCombinedTypeMappers.ts,3,0,17,0
compiler,flags,letDeclarations-invalidContexts.ts,5,0,21,0
compiler,flags,indexedAccessNormalization.ts,7,0,34,0
compiler,flags,genericAssignmentCompatWithInterfaces1.ts,3,0,15,0
compiler,flags,exhaustiveSwitchCheckCircularity.ts,6,0,29,0
compiler,flags,declarationEmitMappedTypePropertyFromNumericStringKey.ts,1,0,5,0
compiler,flags,cyclicGenericTypeInstantiationInference.ts,8,0,84,0
compiler,flags,contextuallyTypeGeneratorReturnTypeFromUnion.ts,6,0,29,0
compiler,flags,instantiateNonGenericTypeWithTypeArguments.ts,2,0,10,0
compiler,flags,invalidUndefinedValues.ts,8,0,36,0
compiler,flags,nonPrimitiveConstraintOfIndexAccessType.ts,20,0,90,0
compiler,flags,ES5For-of25.ts,6,0,30,0
compiler,flags,lovefield.js,3,0,35,0
compiler,flags,/.src/button.tsx,2,0,16,0
compiler,flags,typeGuardsWithInstanceOf.ts,23,0,149,0
compiler,flags,commaOperatorWithSecondOperandObjectType.ts,58,0,269,0
compiler,flags,iteratorSpreadInCall5.ts,9,0,59,0
compiler,flags,emptyAssignmentPatterns01_ES5iterable.ts,12,0,40,0
compiler,flags,symbolProperty31.ts,3,0,24,0
compiler,flags,symbolDeclarationEmit3.ts,9,0,70,0
compiler,flags,symbolDeclarationEmit3.d.ts,4,0,16,0
compiler,flags,controlFlowAssignmentExpression.ts,19,0,119,0
compiler,flags,genericSetterInClassType.ts,11,0,49,0
compiler,flags,classExtendsShadowedConstructorFunction.ts,1,0,5,0
compiler,flags,awaitBinaryExpression2_es6.ts,4,0,16,0
compiler,flags,voidReturnIndexUnionInference.ts,7,0,38,0
compiler,flags,unknownSymbolInGenericReturnType.ts,21,0,110,0
compiler,flags,typeMatch1.ts,6,0,29,0
compiler,flags,switchCaseCircularRefeference.ts,3,0,16,0
compiler,flags,spyComparisonChecking.ts,9,0,120,0
compiler,flags,objectLiteralFunctionArgContextualTyping2.ts,4,0,24,0
compiler,flags,letDeclarations-validContexts.ts,7,0,31,0
compiler,flags,deeplyNestedConstraints.ts,2,0,11,0
compiler,flags,constEnumToStringWithComments.ts,12,0,54,0
compiler,flags,collisionThisExpressionAndLocalVarInProperty.ts,4,0,16,0
compiler,flags,classExpressionWithStaticProperties1.ts,3,0,16,0
compiler,flags,discriminatedUnionTypes4.ts,38,0,274,0
compiler,flags,independentPropertyVariance.ts,3,0,14,0
compiler,flags,typeRelationships.ts,81,0,364,0
compiler,flags,objectSpreadIndexSignature.ts,19,0,98,0
compiler,flags,ES5For-ofTypeCheck10.ts,8,0,54,0
compiler,flags,/.src/mod1.js,48,0,361,0
compiler,flags,mod1.js,8,0,49,0
compiler,flags,mod2.js,10,0,70,0
compiler,flags,mod3.js,10,0,75,0
compiler,flags,use.js,46,0,272,0
compiler,flags,decrementOperatorWithAnyOtherType.ts,70,0,292,0
compiler,flags,for-of28.ts,4,0,27,0
compiler,flags,superCallBeforeThisAccessing1.ts,7,0,39,0
compiler,flags,symbolProperty38.ts,4,0,22,0
compiler,flags,privateNameStaticFieldAssignment.ts,24,0,84,0
compiler,flags,awaitCallExpression4_es6.ts,6,0,25,0
compiler,flags,awaitBinaryExpression3_es2017.ts,4,0,16,0
compiler,flags,varianceCantBeStrictWhileStructureIsnt.ts,16,0,72,0
compiler,flags,unusedImportDeclaration_testerA.ts,4,0,16,0
compiler,flags,subtypeReductionUnionConstraints.ts,10,0,54,0
compiler,flags,reverseMappedTypeRecursiveInference.ts,4,0,21,0
compiler,flags,recursiveConditionalEvaluationNonInfinite.ts,2,0,10,0
compiler,flags,promiseChaining.ts,9,0,44,0
compiler,flags,overloadOnConstNoAnyImplementation2.ts,13,0,69,0
compiler,flags,objectCreationOfElementAccessExpression.ts,19,0,84,0
compiler,flags,nestedLoopWithOnlyInnerLetCaptured.ts,8,0,48,0
compiler,flags,moduleAssignmentCompat2.ts,4,0,18,0
compiler,flags,instanceofOnInstantiationExpression.ts,14,0,57,0
compiler,flags,infinitelyExpandingTypes1.ts,9,0,42,0
compiler,flags,inferenceExactOptionalProperties2.ts,5,0,39,0
compiler,flags,functionOverloads42.ts,1,0,5,0
compiler,flags,functionAssignment.ts,6,0,36,0
compiler,flags,exportAssignmentOfGenericType1_1.ts,2,0,11,0
compiler,flags,idx.ts,4,0,22,0
compiler,flags,Usage1.ts,4,0,22,0
compiler,flags,Usage2.ts,2,0,11,0
compiler,flags,Usage3.ts,2,0,11,0
compiler,flags,classMemberInitializerWithLamdaScoping5.ts,3,0,16,0
compiler,flags,cannotIndexGenericWritingError.ts,13,0,69,0
compiler,flags,assignmentCompatability43.ts,4,0,20,0
compiler,flags,arrayFilter.ts,4,0,22,0
compiler,flags,ambientModuleExports.ts,2,0,12,0
compiler,flags,wrappedAndRecursiveConstraints3.ts,4,0,41,0
compiler,flags,intrinsicKeyword.ts,1,0,5,0
compiler,flags,nonPrimitiveAccessProperty.ts,7,0,53,0
compiler,flags,ES5For-of31.ts,4,0,20,0
compiler,flags,plainJSRedeclare.js,2,0,12,0
compiler,flags,override8.ts,6,0,28,0
compiler,flags,tsxSpreadChildren.tsx,13,0,69,0
compiler,flags,0.js,33,0,171,0
compiler,flags,bitwiseNotOperatorWithNumberType.ts,42,0,167,0
compiler,flags,typeGuardOfFormTypeOfIsOrderIndependent.ts,28,0,196,0
compiler,flags,commaOperatorWithSecondOperandNumberType.ts,49,0,208,0
compiler,flags,emitCompoundExponentiationAssignmentWithIndexingOnLHS1.ts,80,0,288,0
compiler,flags,for-of33.ts,4,0,29,0
compiler,flags,computedPropertyNames51_ES5.ts,7,0,53,0
compiler,flags,symbolProperty27.ts,6,0,48,0
compiler,flags,enumConstantMembers.ts,8,0,36,0
compiler,flags,staticIndexSignature4.ts,46,0,426,0
compiler,flags,privateNameBadAssignment.ts,6,0,30,0
compiler,flags,emitStatementsBeforeSuperCall.ts,5,0,23,0
compiler,flags,classAbstractClinterfaceAssignability.ts,3,0,14,0
compiler,flags,ambientModuleDeclarationWithReservedIdentifierInDottedPath2.ts,1,0,6,0
compiler,flags,varianceRepeatedlyPropegatesWithUnreliableFlag.ts,4,0,21,0
compiler,flags,typeArgumentInferenceWithRecursivelyReferencedTypeAliasToTypeLiteral02.ts,4,0,22,0
compiler,flags,superWithTypeArgument2.ts,1,0,5,0
compiler,flags,sourceMapValidationDestructuringVariableStatementNestedObjectBindingPatternWithDefaultValues.ts,11,0,72,0
compiler,flags,recursiveLetConst.ts,17,0,90,0
compiler,flags,overloadsWithProvisionalErrors.ts,3,0,15,0
compiler,flags,augment.ts,5,0,28,0
compiler,flags,internalAliasClassInsideTopLevelModuleWithExport.ts,4,0,29,0
compiler,flags,inferentialTypingUsingApparentType3.ts,3,0,17,0
compiler,flags,incompatibleGenericTypes.ts,1,0,5,0
compiler,flags,genericTypeAssertions6.ts,12,0,56,0
compiler,flags,genericFunctions1.ts,1,0,9,0
compiler,flags,enumLiteralUnionNotWidened.ts,2,0,10,0
compiler,flags,defaultBestCommonTypesHaveDecls.ts,8,0,56,0
compiler,flags,controlFlowDestructuringLoop.ts,12,0,61,0
compiler,flags,classOrder1.ts,2,0,11,0
compiler,flags,blockScopedSameNameFunctionDeclarationStrictES6.ts,2,0,8,0
compiler,flags,autolift3.ts,5,0,33,0
compiler,flags,assignmentCompatability9.ts,4,0,20,0
compiler,flags,aliasUsageInOrExpression_main.ts,17,0,88,0
compiler,flags,/.src/aliasUsageInOrExpression_moduleA.ts,2,0,16,0
compiler,flags,genericCallWithConstructorTypedArguments5.ts,10,0,52,0
compiler,flags,objectTypesIdentityWithCallSignatures3.ts,4,0,56,0
compiler,flags,optionalTupleElements1.ts,32,0,144,0
compiler,flags,nonPrimitiveNarrow.ts,16,0,110,0
compiler,flags,classWithProtectedProperty.ts,12,0,67,0
compiler,flags,mappedTypeAsClauseRelationships.ts,6,0,30,0
compiler,flags,contextuallyTypeCommaOperator02.ts,2,0,10,0
compiler,flags,/a/b/consumer.ts,4,0,22,0
compiler,flags,parserAmbiguityWithBinaryOperator1.ts,9,0,34,0
compiler,flags,forgot.js,6,0,51,0
compiler,flags,cb_nested.js,1,0,5,0
compiler,flags,incrementOperatorWithNumberTypeInvalidOperations.ts,20,0,78,0
compiler,flags,iteratorSpreadInCall4.ts,5,0,32,0
compiler,flags,for-of43.ts,3,0,21,0
compiler,flags,computedPropertyNames17_ES5.ts,4,0,30,0
compiler,flags,declarationEmitThisPredicatesWithPrivateName01.ts,2,0,7,0
compiler,flags,privateNamesInNestedClasses-1.ts,9,0,44,0
compiler,flags,derivedTypeDoesNotRequireExtendsClause.ts,7,0,32,0
compiler,flags,awaitCallExpression6_es2017.ts,6,0,29,0
compiler,flags,unusedPrivateVariableInClass5.ts,2,0,9,0
compiler,flags,typeVal.ts,3,0,14,0
compiler,flags,typeArgumentInferenceWithConstraintAsCommonRoot.ts,2,0,10,0
compiler,flags,thisIndexOnExistingReadonlyFieldIsNotNever.ts,6,0,31,0
compiler,flags,stringIndexerAssignments1.ts,4,0,18,0
compiler,flags,spreadBooleanRespectsFreshness.ts,10,0,44,0
compiler,flags,scopeCheckExtendedClassInsideStaticMethod1.ts,3,0,17,0
compiler,flags,noUnusedLocals_writeOnly.ts,13,0,57,0
compiler,flags,nestedBlockScopedBindings4.ts,36,0,140,0
compiler,flags,narrowingAssignmentReadonlyRespectsAssertion.ts,18,0,107,0
compiler,flags,methodChainError.ts,1,0,3,0
compiler,flags,initializerWithThisPropertyAccess.ts,17,0,75,0
compiler,flags,genericStaticAnyTypeFunction.ts,4,0,19,0
compiler,flags,genericDerivedTypeWithSpecializedBase.ts,2,0,9,0
compiler,flags,functionSignatureAssignmentCompat1.ts,6,0,33,0
compiler,flags,extendGenericArray.ts,2,0,11,0
compiler,flags,declarations.d.ts,1,0,7,0
compiler,flags,es6ClassTest8.ts,24,0,115,0
compiler,flags,enumPropertyAccess.ts,8,0,53,0
compiler,flags,declarationEmitInferredTypeAlias8.ts,1,0,5,0
compiler,flags,declarationEmitClassInherritsAny.ts,1,0,5,0
compiler,flags,controlFlowLoopAnalysis.ts,27,0,148,0
compiler,flags,conditionallyDuplicateOverloadsCausedByOverloadResolution.ts,5,0,67,0
compiler,flags,app.ts,1,0,5,0
compiler,flags,user.ts,1,0,5,0
compiler,flags,contextualTypeWithUnionTypeCallSignatures.ts,9,0,55,0
compiler,flags,typeParametersAvailableInNestedScope3.ts,4,0,44,0
compiler,flags,callNonGenericFunctionWithTypeArguments.ts,8,0,42,0
compiler,flags,stringLiteralTypesOverloadAssignability04.ts,4,0,18,0
compiler,flags,validNumberAssignments.ts,6,0,29,0
compiler,flags,templateLiteralTypes5.ts,3,0,15,0
compiler,flags,intersectionTypeEquivalence.ts,2,0,10,0
compiler,flags,ES5For-ofTypeCheck11.ts,2,0,10,0
compiler,flags,for-inStatementsArray.ts,84,0,435,0
compiler,flags,awaitUsingDeclarationsWithAsyncIteratorObject.ts,3,0,15,0
compiler,flags,propertyAssignmentUseParentType2.js,9,0,45,0
compiler,flags,parserVariableDeclaration3.ts,1,0,5,0
compiler,flags,inFunctionDeclWithDeclIsError.ts,1,0,5,0
compiler,flags,inFunctionDeclWithExprIsError.ts,1,0,5,0
compiler,flags,inAsyncFunctionWithDeclIsOk.ts,1,0,5,0
compiler,flags,inAsyncFunctionWithExprIsOk.ts,1,0,5,0
compiler,flags,inAsyncGeneratorWithDeclIsOk.ts,1,0,5,0
compiler,flags,inAsyncGeneratorWithExpressionIsOk.ts,1,0,5,0
compiler,flags,inGeneratorWithDeclIsError.ts,1,0,5,0
compiler,flags,inGeneratorWithExprIsError.ts,1,0,5,0
compiler,flags,circularImportAlias.ts,2,0,16,0
compiler,flags,class.ts,8,0,36,0
compiler,flags,simple.ts,1,0,6,0
compiler,flags,deleteOperatorWithEnumType.ts,14,0,36,0
compiler,flags,additionOperatorWithTypeParameter.ts,56,0,257,0
compiler,flags,generatorTypeCheck45.ts,2,0,11,0
compiler,flags,iteratorSpreadInCall6.ts,9,0,59,0
compiler,flags,iterableArrayPattern19.ts,4,0,27,0
compiler,flags,destructuringParameterDeclaration8.ts,2,0,10,0
compiler,flags,symbolProperty16.ts,6,0,40,0
compiler,flags,decoratorOnClassMethod15.ts,1,0,5,0
compiler,flags,privateNameStaticAccessors.ts,6,0,30,0
compiler,flags,awaitCallExpression1_es2017.ts,3,0,15,0
compiler,flags,unusedParametersThis.ts,16,0,66,0
compiler,flags,unreachable.ts,3,0,13,0
compiler,flags,typePredicatesOptionalChaining1.ts,17,0,95,0
compiler,flags,check.ts,11,0,70,0
compiler,flags,check.js,18,0,116,0
compiler,flags,thisExpressionOfGenericObject.ts,1,0,3,0
compiler,flags,strictNullLogicalAndOr.ts,20,0,103,0
compiler,flags,spreadExpressionContextualType.ts,5,0,21,0
compiler,flags,jsDocOptionality.js,11,0,101,0
compiler,flags,selfRef.ts,2,0,8,0
compiler,flags,reverseMappedIntersectionInference1.ts,4,0,20,0
compiler,flags,overloadresolutionWithConstraintCheckingDeferred.ts,6,0,30,0
compiler,flags,objectLitPropertyScoping.ts,11,0,51,0
compiler,flags,noCollisionThisExpressionAndVarInGlobal.ts,1,0,5,0
compiler,flags,nestedTypeVariableInfersLiteral.ts,5,0,25,0
compiler,flags,nestedBlockScopedBindings2.ts,12,0,60,0
compiler,flags,narrowingTypeofUndefined2.ts,9,0,35,0
compiler,flags,/x.ts,15,0,100,0
compiler,flags,modularizeLibrary_UsingES5LibAndES6ArrayLib.ts,4,0,22,0
compiler,flags,inKeywordNarrowingWithNoUncheckedIndexedAccess.ts,24,0,147,0
compiler,flags,genericOfACloduleType1.ts,3,0,24,0
compiler,flags,genericConstraint1.ts,2,0,11,0
compiler,flags,genericArgumentCallSigAssignmentCompat.ts,8,0,44,0
compiler,flags,fallbackToBindingPatternForTypeInference.ts,2,0,10,0
compiler,flags,exportAssignClassAndModule_1.ts,2,0,11,0
compiler,flags,client.ts,2,0,11,0
compiler,flags,destructuringWithConstraint.ts,3,0,13,0
compiler,flags,this.ts,2,0,11,0
compiler,flags,declarationEmitBindingPatterns.ts,4,0,20,0
compiler,flags,controlFlowForIndexSignatures.ts,20,0,117,0
compiler,flags,controlFlowDestructuringVariablesInTryCatch.ts,7,0,36,0
compiler,flags,constraintPropagationThroughReturnTypes.ts,3,0,15,0
compiler,flags,concatError.ts,4,0,22,0
compiler,flags,c.js,1,0,5,0
compiler,flags,baseIndexSignatureResolution.ts,2,0,9,0
compiler,flags,assignmentCompatability8.ts,4,0,20,0
compiler,flags,assignmentCompatability13.ts,4,0,20,0
compiler,flags,interfaceDoesNotDependOnBaseTypes.ts,7,0,44,0
compiler,flags,thisTypeInFunctions2.ts,18,0,89,0
compiler,flags,objectRestReadonly.ts,4,0,19,0
compiler,flags,invalidStringAssignments.ts,13,0,62,0
compiler,flags,ES5For-of5.ts,2,0,10,0
compiler,flags,parserES5ForOfStatement18.ts,2,0,10,0
compiler,flags,parserClass2.ts,6,0,42,0
compiler,flags,parserUnicode1.ts,8,0,28,0
compiler,flags,tsxDynamicTagName1.tsx,2,0,10,0
compiler,flags,jsxAndTypeAssertion.tsx,1,0,5,0
compiler,flags,bar.js,12,0,128,0
compiler,flags,mod4.js,4,0,20,0
compiler,flags,mod5.js,7,0,50,0
compiler,flags,mod6.js,2,0,12,0
compiler,flags,overloadTag1.js,24,0,149,0
compiler,flags,typeofOperatorWithEnumType.ts,15,0,39,0
compiler,flags,plusOperatorWithStringType.ts,29,0,123,0
compiler,flags,incrementOperatorWithEnumTypeInvalidOperations.ts,10,0,24,0
compiler,flags,bitwiseNotOperatorWithEnumType.ts,17,0,46,0
compiler,flags,superSymbolIndexedAccess6.ts,12,0,92,0
compiler,flags,superSymbolIndexedAccess2.ts,9,0,63,0
compiler,flags,elementAccessChain.2.ts,14,0,72,0
compiler,flags,contextuallyTypedFunctionExpressionsAndReturnAnnotations.ts,4,0,22,0
compiler,flags,taggedTemplateContextualTyping1.ts,15,0,75,0
compiler,flags,superCallParameterContextualTyping1.ts,3,0,16,0
compiler,flags,exponentiationOperatorWithTypeParameter.ts,33,0,154,0
compiler,flags,templateStringWithCommentsInArrowFunction.ts,4,0,14,0
compiler,flags,taggedTemplateUntypedTagCall01.ts,1,0,5,0
compiler,flags,iteratorSpreadInCall.ts,5,0,32,0
compiler,flags,iterableArrayPattern14.ts,4,0,27,0
compiler,flags,iterableArrayPattern10.ts,4,0,27,0
compiler,flags,destructuringParameterProperties5.ts,34,0,278,0
compiler,flags,destructuringArrayBindingPatternAndAssignment4.ts,2,0,10,0
compiler,flags,destructuringArrayBindingPatternAndAssignment3.ts,12,0,66,0
compiler,flags,computedPropertyNames16_ES6.ts,20,0,128,0
compiler,flags,disallowLineTerminatorBeforeArrow.ts,11,0,54,0
compiler,flags,symbolProperty30.ts,3,0,24,0
compiler,flags,symbolProperty11.ts,3,0,16,0
compiler,flags,symbolDeclarationEmit4.ts,6,0,50,0
compiler,flags,symbolDeclarationEmit4.d.ts,4,0,16,0
compiler,flags,symbolDeclarationEmit14.ts,6,0,50,0
compiler,flags,symbolDeclarationEmit14.d.ts,4,0,16,0
compiler,flags,useObjectValuesAndEntries4.ts,7,0,37,0
compiler,flags,importCallExpressionDeclarationEmit1.ts,6,0,25,0
compiler,flags,decoratorInAmbientContext.ts,3,0,20,0
compiler,flags,constEnumNoObjectPrototypePropertyAccess.ts,14,0,77,0
compiler,flags,propertyOverridesAccessors2.ts,8,0,40,0
compiler,flags,privateNamesAndGenericClasses-2.ts,25,0,108,0
compiler,flags,privateNamesAndFields.ts,6,0,20,0
compiler,flags,privateNameStaticAccessorsAccess.ts,7,0,33,0
compiler,flags,privateNameMethodClassExpression.ts,13,0,63,0
compiler,flags,derivedClassTransitivity3.ts,6,0,31,0
compiler,flags,classExtendsEveryObjectType.ts,1,0,5,0
compiler,flags,classDeclarationLoop.ts,7,0,32,0
compiler,flags,asyncArrowFunction9_es2017.ts,1,0,5,0
compiler,flags,unusedTypeParameterInLambda2.ts,1,0,5,0
compiler,flags,undefinedAssignableToGenericMappedIntersection.ts,7,0,55,0
compiler,flags,uncaughtCompilerError1.ts,37,0,233,0
compiler,flags,typeofProperty.ts,5,0,27,0
compiler,flags,typeValueConflict2.ts,2,0,17,0
compiler,flags,typePredicateWithThisParameter.ts,12,0,54,0
compiler,flags,typeParameterFixingWithContextSensitiveArguments.ts,14,0,71,0
compiler,flags,index.tsx,2,0,10,0
compiler,flags,tsxAttributesHasInferrableIndex.tsx,1,0,5,0
compiler,flags,thisConditionalOnMethodReturnOfGenericInstance.ts,2,0,11,0
compiler,flags,systemModuleTargetES6.ts,1,0,6,0
compiler,flags,superAccessInFatArrow1.ts,2,0,9,0
compiler,flags,strictModeReservedWord.ts,2,0,10,0
compiler,flags,staticVisibility.ts,5,0,25,0
compiler,flags,staticMethodReferencingTypeArgument1.ts,9,0,45,0
compiler,flags,specializeVarArgs1.ts,2,0,11,0
compiler,flags,sourceMapValidationTryCatchFinally.ts,19,0,71,0
compiler,flags,reachabilityChecksIgnored.ts,6,0,32,0
compiler,flags,reachabilityChecks5.ts,19,0,89,0
compiler,flags,propertySignatures.ts,10,0,49,0
compiler,flags,propertyOrdering2.ts,4,0,24,0
compiler,flags,propagationOfPromiseInitialization.ts,4,0,22,0
compiler,flags,privacyTypeParametersOfClass.ts,6,0,30,0
compiler,flags,prefixUnaryOperatorsOnExportedVariables.ts,26,0,154,0
compiler,flags,parenthesizedAsyncArrowFunction.ts,1,0,5,0
compiler,flags,optionalParamAssignmentCompat.ts,4,0,22,0
compiler,flags,objectCreate-errors.ts,16,0,88,0
compiler,flags,/a/b/main.ts,5,0,28,0
compiler,flags,noStrictGenericChecks.ts,4,0,18,0
compiler,flags,noImplicitReturnsInAsync2.ts,10,0,40,0
compiler,flags,namespaceDisambiguationInUnion.ts,2,0,10,0
compiler,flags,multiModuleClodule1.ts,4,0,21,0
compiler,flags,eslint.config.js,3,0,17,0
compiler,flags,/.src/eslint-plugin-react.js,7,0,274,0
compiler,flags,/.src/typescript-eslint.js,3,0,28,0
compiler,flags,mergedClassNamespaceRecordCast.ts,1,0,6,0
compiler,flags,bestCommonTypeWithContextualTyping.ts,10,0,47,0
compiler,flags,awaitedTypeNoLib.ts,6,0,33,0
compiler,flags,assignmentCompatability21.ts,4,0,20,0
compiler,flags,assignmentCompatability14.ts,4,0,20,0
compiler,flags,asiArith.ts,10,0,36,0
compiler,flags,arithmeticOnInvalidTypes2.ts,13,0,61,0
compiler,flags,argumentsObjectIterator03_ES5.ts,8,0,40,0
compiler,flags,/proj/component/file.ts,4,0,20,0
compiler,flags,amdDependencyComment1.ts,2,0,14,0
compiler,flags,ambiguousGenericAssertion1.ts,6,0,24,0
compiler,flags,aliasUsageInArray_main.ts,7,0,32,0
compiler,flags,/.src/aliasUsageInArray_moduleA.ts,2,0,16,0
compiler,flags,arrayLiteralWidened.ts,6,0,25,0
compiler,flags,genericCallWithObjectTypeArgsAndIndexers.ts,7,0,41,0
compiler,flags,genericCallWithNonSymmetricSubtypes.ts,21,0,145,0
compiler,flags,objectTypesIdentityWithGenericCallSignaturesDifferingTypeParameterCounts2.ts,4,0,56,0
compiler,flags,objectTypeWithRecursiveWrappedPropertyCheckedNominally.ts,34,0,153,0
compiler,flags,assignmentCompatWithGenericCallSignatures4.ts,4,0,18,0
compiler,flags,typeParameterAsTypeParameterConstraintTransitively2.ts,13,0,65,0
compiler,flags,emptyTuplesTypeAssertion02.ts,2,0,9,0
compiler,flags,stringLiteralTypesWithVariousOperators02.ts,28,0,120,0
compiler,flags,stringLiteralTypesOverloadAssignability02.ts,4,0,18,0
compiler,flags,typeofClass2.ts,1,0,5,0
compiler,flags,genericRestArity.ts,6,0,28,0
compiler,flags,validEnumAssignments.ts,10,0,45,0
compiler,flags,stringNamedPropertyAccess.ts,9,0,44,0
compiler,flags,stringIndexingResults.ts,24,0,111,0
compiler,flags,callSignaturesWithOptionalParameters.ts,32,0,172,0
compiler,flags,nonPrimitiveRhsSideOfInExpression.ts,2,0,8,0
compiler,flags,literalTypes3.ts,52,0,279,0
compiler,flags,contextualIntersectionType.ts,2,0,10,0
compiler,flags,parserES5SymbolProperty8.ts,4,0,22,0
compiler,flags,parserES5SymbolProperty4.ts,6,0,54,0
compiler,flags,parserRegularExpressionDivideAmbiguity5.ts,8,0,32,0
compiler,flags,parserParenthesizedVariableAndParenthesizedFunctionInTernary.ts,6,0,20,0
compiler,flags,importer.js,30,0,172,0
compiler,flags,ClassAndModuleThatMergeWithModulesExportedGenericFunctionAndNonGenericClassStaticFunctionOfTheSameName.ts,1,0,5,0
compiler,flags,mergeThreeInterfaces.ts,24,0,132,0
compiler,flags,/imports.ts,5,0,25,0
compiler,flags,/d.ts,1,0,5,0
compiler,flags,/g.ts,1,0,5,0
compiler,flags,plusOperatorWithEnumType.ts,7,0,19,0
compiler,flags,negateOperatorWithNumberType.ts,32,0,135,0
compiler,flags,typeGuardOfFormIsType.ts,38,0,196,0
compiler,flags,typeGuardNarrowsPrimitiveIntersection.ts,6,0,30,0
compiler,flags,typeGuardInClass.ts,5,0,20,0
compiler,flags,commaOperatorsMultipleOperators.ts,70,0,288,0
compiler,flags,commaOperatorWithSecondOperandAnyType.ts,62,0,262,0
compiler,flags,instanceofOperatorWithInvalidStaticToString.ts,6,0,27,0
compiler,flags,instanceofOperatorWithInvalidOperands.ts,49,0,219,0
compiler,flags,compoundAdditionAssignmentWithInvalidOperands.ts,59,0,252,0
compiler,flags,compoundExponentiationAssignmentLHSIsReference.ts,32,0,140,0
compiler,flags,taggedTemplateStringsWithTypedTags.ts,12,0,62,0
compiler,flags,iteratorSpreadInCall12.ts,9,0,59,0
compiler,flags,arrayLiteralSpread.ts,33,0,114,0
compiler,flags,for-of48.ts,3,0,15,0
compiler,flags,for-of22.ts,5,0,32,0
compiler,flags,iterableArrayPattern25.ts,1,0,5,0
compiler,flags,iterableArrayPattern20.ts,4,0,27,0
compiler,flags,emptyAssignmentPatterns04_ES6.ts,8,0,24,0
compiler,flags,computedPropertyNames10_ES6.ts,28,0,138,0
compiler,flags,targetTypingOnFunctions.ts,4,0,22,0
compiler,flags,core-js.d.ts,2,0,12,0
compiler,flags,greeter.ts,2,0,10,0
compiler,flags,superPropertyAccess_ES6.ts,12,0,55,0
compiler,flags,superCallWithCommentEmit01.ts,1,0,5,0
compiler,flags,spreadTupleAccessedByTypeParameter.ts,6,0,41,0
compiler,flags,sourceMap-StringLiteralWithNewLine.ts,4,0,22,0
compiler,flags,reverseMappedTypeInferenceSameSource1.ts,4,0,34,0
compiler,flags,restUnion2.ts,4,0,40,0
compiler,flags,recursiveReverseMappedType.ts,4,0,15,0
compiler,flags,recursiveInheritance3.ts,1,0,5,0
compiler,flags,promiseEmptyTupleNoException.ts,1,0,5,0
compiler,flags,overloadCrash.ts,2,0,10,0
compiler,flags,orderMattersForSignatureGroupIdentity.ts,2,0,10,0
compiler,flags,omitTypeTestErrors01.ts,4,0,28,0
compiler,flags,objectLiteralIndexers.ts,11,0,69,0
compiler,flags,objectLitGetterSetter.ts,3,0,16,0
compiler,flags,nonNullParameterExtendingStringAssignableToString.ts,10,0,47,0
compiler,flags,noCollisionThisExpressionAndLocalVarInConstructor.ts,4,0,20,0
compiler,flags,nestedLoopTypeGuards.ts,28,0,110,0
compiler,flags,mutuallyRecursiveGenericBaseTypes1.ts,2,0,11,0
compiler,flags,mutrec.ts,6,0,46,0
compiler,flags,mergedInterfaceFromMultipleFiles1_1.ts,8,0,44,0
compiler,flags,lateBoundMethodNameAssigmentJS.js,13,0,68,0
compiler,flags,lateBoundMethodNameAssigmentJS.d.ts,2,0,5,0
compiler,flags,/b.js,6,0,40,0
compiler,flags,/test.js,10,0,95,0
compiler,flags,taggedTemplateStringsWithTypedTagsES6.ts,12,0,62,0
compiler,flags,iteratorSpreadInArray2.ts,9,0,59,0
compiler,flags,for-of46.ts,4,0,22,0
compiler,flags,for-of40.ts,4,0,22,0
compiler,flags,for-of37.ts,3,0,15,0
compiler,flags,for-of30.ts,4,0,27,0
compiler,flags,for-of3.ts,2,0,8,0
compiler,flags,restElementWithAssignmentPattern4.ts,3,0,20,0
compiler,flags,iterableArrayPattern9.ts,4,0,25,0
compiler,flags,iterableArrayPattern18.ts,4,0,27,0
compiler,flags,iterableArrayPattern13.ts,4,0,27,0
compiler,flags,computedPropertyNamesContextualType3_ES6.ts,4,0,22,0
compiler,flags,emitClassDeclarationWithExtensionInES6.ts,2,0,10,0
compiler,flags,symbolProperty42.ts,9,0,70,0
compiler,flags,symbolDeclarationEmit7.ts,2,0,11,0
compiler,flags,symbolDeclarationEmit12.ts,15,0,124,0
compiler,flags,es2024SharedMemory.ts,29,0,171,0
compiler,flags,enumShadowedInfinityNaN.ts,2,0,10,0
compiler,flags,controlFlowInstanceOfGuardPrimitives.ts,27,0,154,0
compiler,flags,privateNameNestedClassAccessorsShadowing.ts,8,0,41,0
compiler,flags,privateNameMethodInStaticFieldInit.ts,3,0,17,0
compiler,flags,privateNameMethodAccess.ts,9,0,39,0
compiler,flags,privateNameAndAny.ts,30,0,157,0
compiler,flags,privateStaticMemberAccessibility.ts,2,0,12,0
compiler,flags,derivedClassWithoutExplicitConstructor.ts,9,0,41,0
compiler,flags,constructorFunctionTypeIsAssignableToBaseType2.ts,2,0,10,0
compiler,flags,classBodyWithStatements.ts,2,0,8,0
compiler,flags,classAbstractSuperCalls.ts,4,0,18,0
compiler,flags,classAbstractInstantiations2.ts,7,0,34,0
compiler,flags,awaitCallExpression8_es6.ts,7,0,30,0
compiler,flags,awaitBinaryExpression5_es6.ts,5,0,22,0
compiler,flags,awaitBinaryExpression4_es5.ts,10,0,36,0
compiler,flags,asyncArrowFunctionCapturesArguments_es5.ts,2,0,6,0
compiler,flags,awaitClassExpression_es5.ts,4,0,16,0
compiler,flags,awaitBinaryExpression4_es2017.ts,5,0,18,0
compiler,flags,awaitBinaryExpression1_es2017.ts,4,0,16,0
compiler,flags,asyncUseStrict_es2017.ts,4,0,16,0
compiler,flags,useBeforeDeclaration_jsx.tsx,6,0,36,0
compiler,flags,unusedGetterInClass.ts,4,0,18,0
compiler,flags,assignmentCompatibilityForConstrainedTypeParameters.ts,2,0,9,0
compiler,flags,assignmentCompatability7.ts,4,0,20,0
compiler,flags,assignmentCompatability37.ts,4,0,20,0
compiler,flags,assignmentCompatability27.ts,4,0,20,0
compiler,flags,assignmentCompatability22.ts,4,0,20,0
compiler,flags,assignmentCompatability17.ts,4,0,20,0
compiler,flags,assertionFunctionsCanNarrowByDiscriminant.ts,8,0,66,0
compiler,flags,argsInScope.ts,7,0,34,0
compiler,flags,aliasUsageInIndexerOfClass_main.ts,4,0,21,0
compiler,flags,/.src/aliasUsageInIndexerOfClass_moduleA.ts,2,0,16,0
compiler,flags,aliasInstantiationExpressionGenericIntersectionNoCrash1.ts,2,0,10,0
compiler,flags,accessOverriddenBaseClassMember1.ts,12,0,48,0
compiler,flags,subtypingWithCallSignaturesA.ts,1,0,11,0
compiler,flags,objectTypeWithRecursiveWrappedProperty.ts,4,0,18,0
compiler,flags,narrowingConstrainedTypeVariable.ts,12,0,57,0
compiler,flags,typeAssertionsWithUnionTypes01.ts,6,0,30,0
compiler,flags,functionWithMultipleReturnStatements2.ts,6,0,30,0
compiler,flags,assignmentCompatWithGenericCallSignatures3.ts,2,0,9,0
compiler,flags,assignmentCompatWithCallSignatures.ts,20,0,90,0
compiler,flags,thisTypeSyntacticContext.ts,23,0,101,0
compiler,flags,typeofClassWithPrivates.ts,1,0,5,0
compiler,flags,objectRest2.ts,2,0,10,0
compiler,flags,propertyNameWithoutTypeAnnotation.ts,4,0,22,0
compiler,flags,nonPrimitiveAndTypeVariables.ts,2,0,10,0
compiler,flags,typesWithOptionalProperty.ts,16,0,72,0
compiler,flags,objectTypeWithConstructSignatureAppearsToBeFunctionType.ts,8,0,42,0
compiler,flags,augmentedTypeAssignmentCompatIndexSignature.ts,2,0,10,0
compiler,flags,circularIndexedAccessErrors.ts,2,0,11,0
compiler,flags,ES5for-of32.ts,12,0,62,0
compiler,flags,awaitUsingDeclarations.15.ts,2,0,10,0
compiler,flags,scannerS7.2_A1.5_T2.ts,10,0,36,0
compiler,flags,/.src/ex.js,8,0,62,0
compiler,flags,/.src/minimatch.js,7,0,46,0
compiler,flags,lateBoundClassMemberAssignmentJS2.js,11,0,64,0
compiler,flags,parserSymbolProperty7.ts,3,0,24,0
compiler,flags,parserSymbolProperty1.ts,2,0,11,0
compiler,flags,parserNotHexLiteral1.ts,8,0,44,0
compiler,flags,parser536727.ts,7,0,37,0
compiler,flags,parserConditionalExpression1.ts,4,0,8,0
compiler,flags,parserAutomaticSemicolonInsertion1.ts,8,0,36,0
compiler,flags,fileJs.js,4,0,60,0
compiler,flags,fileTs.ts,4,0,54,0
compiler,flags,internalAliasVarInsideLocalModuleWithoutExport.ts,1,0,5,0
compiler,flags,internalAliasInitializedModuleInsideTopLevelModuleWithoutExport.ts,2,0,11,0
compiler,flags,inlineConditionalHasSimilarAssignability.ts,8,0,36,0
compiler,flags,infinitelyExpandingBaseTypes2.ts,1,0,5,0
compiler,flags,indexerReturningTypeParameter1.ts,4,0,24,0
compiler,flags,other.ts,4,0,22,0
compiler,flags,identicalGenericConditionalsWithInferRelated.ts,5,0,27,0
compiler,flags,i3.ts,4,0,18,0
compiler,flags,hidingCallSignatures.ts,4,0,20,0
compiler,flags,grammarAmbiguities1.ts,2,0,26,0
compiler,flags,genericReversingTypeParameters.ts,6,0,33,0
compiler,flags,genericInstanceOf.ts,5,0,22,0
compiler,flags,genericConstructorFunction1.ts,12,0,58,0
compiler,flags,generativeRecursionWithTypeOf.ts,2,0,10,0
compiler,flags,functionSubtypingOfVarArgs2.ts,5,0,25,0
compiler,flags,for.ts,26,0,106,0
compiler,flags,externalModuleReferenceOfImportDeclarationWithExportModifier_1.ts,2,0,11,0
compiler,flags,extendAndImplementTheSameBaseType2.ts,8,0,44,0
compiler,flags,expressionWithJSDocTypeArguments.ts,1,0,5,0
compiler,flags,exportingContainingVisibleType.ts,1,0,5,0
compiler,flags,exportedVariable1.ts,3,0,17,0
compiler,flags,exportedBlockScopedDeclarations.ts,8,0,40,0
compiler,flags,expandoFunctionContextualTypes.ts,3,0,29,0
compiler,flags,exhaustiveSwitchWithWideningLiteralTypes.ts,2,0,11,0
compiler,flags,es6ClassTest5.ts,1,0,5,0
compiler,flags,duplicateOverloadInTypeAugmentation1.ts,5,0,25,0
compiler,flags,duplicateObjectLiteralProperty_computedName2.ts,14,0,112,0
compiler,flags,voidOperatorWithBooleanType.ts,9,0,49,0
compiler,flags,bitwiseNotOperatorWithBooleanType.ts,17,0,72,0
compiler,flags,nullishCoalescingOperator7.ts,21,0,84,0
compiler,flags,nullishCoalescingOperator6.ts,2,0,8,0
compiler,flags,nullishCoalescingOperator4.ts,8,0,62,0
compiler,flags,logicalOrExpressionIsNotContextuallyTyped.ts,8,0,41,0
compiler,flags,comparisonOperatorWithNoRelationshipObjectsOnOptionalProperty.ts,48,0,224,0
compiler,flags,comparisonOperatorWithIntersectionType.ts,4,0,16,0
compiler,flags,additionOperatorWithUndefinedValueAndValidOperator.ts,20,0,86,0
compiler,flags,compoundArithmeticAssignmentLHSCanBeAssigned.ts,39,0,177,0
compiler,flags,asOperator1.ts,1,0,5,0
compiler,flags,exponentiationOperatorWithEnum.ts,23,0,106,0
compiler,flags,taggedTemplateStringsWithManyCallAndMemberExpressions.ts,1,0,5,0
compiler,flags,iteratorSpreadInArray7.ts,7,0,43,0
compiler,flags,iteratorSpreadInArray.ts,5,0,32,0
compiler,flags,for-of34.ts,5,0,32,0
compiler,flags,for-of27.ts,3,0,24,0
compiler,flags,for-of21.ts,5,0,32,0
compiler,flags,for-of18.ts,4,0,27,0
compiler,flags,iterableArrayPattern4.ts,4,0,27,0
compiler,flags,iterableArrayPattern30.ts,1,0,5,0
compiler,flags,computedPropertyNames8_ES6.ts,7,0,49,0
compiler,flags,computedPropertyNames14_ES5.ts,4,0,29,0
compiler,flags,emitArrowFunctionWhenUsingArguments18_ES6.ts,2,0,11,0
compiler,flags,emitArrowFunctionWhenUsingArguments05_ES6.ts,2,0,10,0
compiler,flags,symbolType8.ts,31,0,129,0
compiler,flags,symbolType4.ts,6,0,27,0
compiler,flags,symbolType2.ts,6,0,28,0
compiler,flags,symbolType11.ts,16,0,82,0
compiler,flags,symbolProperty51.ts,3,0,24,0
compiler,flags,symbolProperty18.ts,31,0,221,0
compiler,flags,controlFlowNoIntermediateErrors.ts,15,0,59,0
compiler,flags,typeOfThisInAccessor.ts,5,0,15,0
compiler,flags,privateNameStaticFieldAccess.ts,7,0,37,0
compiler,flags,privateNameFieldDerivedClasses.ts,8,0,41,0
compiler,flags,derivedClassOverridesProtectedMembers4.ts,3,0,15,0
compiler,flags,classPropertyAsProtected.ts,11,0,59,0
compiler,flags,emitStatementsBeforeSuperCallWithDefineFields.ts,5,0,23,0
compiler,flags,destructureTupleWithVariableElement.ts,14,0,76,0
compiler,flags,deleteReadonlyInStrictNullChecks.ts,2,0,9,0
compiler,flags,deduplicateImportsInSystem.ts,13,0,57,0
compiler,flags,declareIdentifierAsBeginningOfStatementExpression01.ts,2,0,9,0
compiler,flags,declarationEmitGenericTypeParamerSerialization.ts,2,0,34,0
compiler,flags,declFileForTypeParameters.ts,2,0,9,0
compiler,flags,declFileForInterfaceWithRestParams.ts,3,0,15,0
compiler,flags,couldNotSelectGenericOverload.ts,3,0,15,0
compiler,flags,continueLabel.ts,4,0,16,0
compiler,flags,contextuallyTypingRestParameters.ts,5,0,25,0
compiler,flags,contextualTypingOfConditionalExpression2.ts,2,0,11,0
compiler,flags,contextualTyping14.ts,1,0,5,0
compiler,flags,contextualTypeOnYield2.ts,3,0,16,0
compiler,flags,contextualSignatureInstantiation1.ts,6,0,32,0
compiler,flags,constructorOverloads3.ts,7,0,36,0
compiler,flags,compoundVarDecl1.ts,3,0,11,0
compiler,flags,compositeGenericFunction.ts,1,0,13,0
compiler,flags,/app/src/index.ts,1,0,5,0
compiler,flags,commentsAfterCaseClauses3.ts,1,0,5,0
compiler,flags,commentOnParenthesizedExpressionOpenParen1.ts,1,0,5,0
compiler,flags,commaOperator1.ts,5,0,22,0
compiler,flags,collisionThisExpressionAndLocalVarInConstructor.ts,4,0,16,0
compiler,flags,collisionCodeGenModuleWithMethodChildren.ts,3,0,15,0
compiler,flags,collisionCodeGenModuleWithFunctionChildren.ts,3,0,15,0
compiler,flags,classVarianceCircularity.ts,8,0,38,0
compiler,flags,classPropertyErrorOnNameOnly.ts,2,0,10,0
compiler,flags,classImplementsClass2.ts,4,0,18,0
compiler,flags,classExtendsClauseClassMergedWithModuleNotReferingConstructor.ts,1,0,5,0
compiler,flags,classDeclarationShouldBeOutOfScopeInComputedNames.ts,10,0,86,0
compiler,flags,checkingObjectWithThisInNamePositionNoCrash.ts,21,0,195,0
compiler,flags,checkSwitchStatementIfCaseTypeIsString.ts,4,0,21,0
compiler,flags,noSuperInJSDocExtends.js,5,0,26,0
compiler,flags,global.d.ts,1,0,5,0
compiler,flags,/bar.jsx,1,0,5,0
compiler,flags,captureThisInSuperCall.ts,2,0,9,0
compiler,flags,blockScopedBindingsReassignedInLoop4.ts,15,0,58,0
compiler,flags,blockScopedBindingCaptureThisInFunction.ts,1,0,5,0
compiler,flags,asyncFunctionTempVariableScoping.ts,6,0,26,0
compiler,flags,assignmentCompatability36.ts,4,0,20,0
compiler,flags,targetTypeTest2.ts,5,0,29,0
compiler,flags,systemModule16.ts,9,0,38,0
compiler,flags,superCallFromFunction1.ts,2,0,10,0
compiler,flags,superCallFromClassThatDerivesNonGenericTypeButWithTypeArguments1.ts,2,0,10,0
compiler,flags,strictNullNotNullIndexTypeNoLib.ts,12,0,57,0
compiler,flags,staticOffOfInstance2.ts,2,0,15,0
compiler,flags,staticInstanceResolution3_1.ts,3,0,17,0
compiler,flags,spreadTypeRemovesReadonly.ts,5,0,23,0
compiler,flags,QSpinner.js,3,0,24,0
compiler,flags,selfReferencingSpreadInLoop.ts,7,0,48,0
compiler,flags,selfInLambdas.ts,15,0,82,0
compiler,flags,restElementAssignable.ts,2,0,10,0
compiler,flags,recursiveTypeComparison.ts,1,0,5,0
compiler,flags,recursiveTupleTypes2.ts,4,0,18,0
compiler,flags,recursiveInferenceBug.ts,2,0,10,0
compiler,flags,readonlyFloat32ArrayAssignableWithFloat32Array.ts,14,0,61,0
compiler,flags,propertyAccessibility1.ts,2,0,11,0
compiler,flags,propertyAccessExpressionInnerComments.ts,16,0,88,0
compiler,flags,parameterReferencesOtherParameter1.ts,2,0,11,0
compiler,flags,parameterPropertyInitializerInInitializers.ts,1,0,5,0
compiler,flags,overloadResolutionWithAny.ts,12,0,60,0
compiler,flags,overloadOnConstInCallback1.ts,4,0,20,0
compiler,flags,optionalParamterAndVariableDeclaration.ts,3,0,10,0
compiler,flags,objectSpreadWithinMethodWithinObjectWithSpread.ts,4,0,34,0
compiler,flags,nonNullMappedType.ts,4,0,18,0
compiler,flags,nonArrayRestArgs.ts,3,0,14,0
compiler,flags,noImplicitThisFunctions.ts,8,0,32,0
compiler,flags,noImplicitAnyDestructuringInPrivateMethod.ts,1,0,5,0
compiler,flags,nestedBlockScopedBindings8.ts,1,0,5,0
compiler,flags,nestedBlockScopedBindings13.ts,1,0,5,0
compiler,flags,narrowingConstrainedTypeParameter.ts,8,0,41,0
compiler,flags,narrowUnknownByTypeofObject.ts,4,0,15,0
compiler,flags,neverIntersectionNotCallable.ts,1,0,5,0
compiler,flags,stringLiteralsWithTypeAssertions01.ts,4,0,20,0
compiler,flags,stringLiteralsWithSwitchStatements02.ts,20,0,78,0
compiler,flags,stringLiteralsWithEqualityChecks04.ts,44,0,166,0
compiler,flags,contextuallyTypeCommaOperator01.ts,1,0,5,0
compiler,flags,bug26877.js,13,0,90,0
compiler,flags,second.js,3,0,18,0
compiler,flags,bug28014.js,3,0,19,0
compiler,flags,/.src/lateBoundAssignmentDeclarationSupport7.js,16,0,98,0
compiler,flags,bug39167.js,11,0,88,0
compiler,flags,parser_continueLabel.ts,4,0,16,0
compiler,flags,parser519458.ts,2,0,14,0
compiler,flags,parserNotRegex2.ts,5,0,20,0
compiler,flags,thisPrototypeMethodCompoundAssignment.ts,10,0,124,0
compiler,flags,parseLinkTag.ts,1,0,5,0
compiler,flags,/.src/first.js,5,0,73,0
compiler,flags,ExportVariableOfGenericTypeWithInaccessibleTypeAsTypeArgument.ts,1,0,5,0
compiler,flags,asiPreventsParsingAsInterface03.ts,2,0,10,0
compiler,flags,spreadIntersection.ts,4,0,19,0
compiler,flags,sourceMapValidationDo.ts,8,0,32,0
compiler,flags,sourceMapValidationDestructuringParameterObjectBindingPattern.ts,12,0,63,0
compiler,flags,selfInCallback.ts,6,0,26,0
compiler,flags,scopeTests.ts,6,0,24,0
compiler,flags,scopeCheckInsideStaticMethod1.ts,3,0,17,0
compiler,flags,reversedRecusiveTypeInstantiation.ts,4,0,20,0
compiler,flags,restParameterTypeInstantiation.ts,2,0,14,0
compiler,flags,/src/projects/file1.ts,1,0,5,0
compiler,flags,reorderProperties.ts,1,0,5,0
compiler,flags,recursiveInference1.ts,8,0,32,0
compiler,flags,recursiveGenericUnionType1.ts,5,0,31,0
compiler,flags,reachabilityCheckWithEmptyDefault.ts,1,0,5,0
compiler,flags,propertyNamesWithStringLiteral.ts,6,0,34,0
compiler,flags,propertyAccess6.ts,3,0,16,0
compiler,flags,parameterReferencesOtherParameter2.ts,2,0,11,0
compiler,flags,nonInferrableTypePropagation3.ts,7,0,36,0
compiler,flags,noUnusedLocals_typeParameterMergedWithParameter.ts,2,0,10,0
compiler,flags,noSubtypeReduction.ts,9,0,55,0
compiler,flags,noRepeatedPropertyNames.ts,2,0,11,0
compiler,flags,noImplicitAnyWithOverloads.ts,2,0,11,0
compiler,flags,noCollisionThisExpressionAndLocalVarInMethod.ts,4,0,20,0
compiler,flags,nestedBlockScopedBindings3.ts,34,0,138,0
compiler,flags,nestedBlockScopedBindings15.ts,2,0,10,0
compiler,flags,nestedBlockScopedBindings14.ts,1,0,5,0
compiler,flags,nativeToBoxedTypes.ts,11,0,51,0
compiler,flags,narrowByClauseExpressionInSwitchTrue9.ts,4,0,19,0
compiler,flags,nameCollisionsInPropertyAssignments.ts,2,0,8,0
compiler,flags,moduleIdentifiers.ts,1,0,6,0
compiler,flags,modularizeLibrary_UsingES5LibAndES6FeatureLibs.ts,8,0,33,0
compiler,flags,letDeclarations.ts,4,0,16,0
compiler,flags,keywordField.ts,7,0,37,0
compiler,flags,ExportFunctionWithInaccessibleTypesInReturnTypeAnnotation.ts,1,0,5,0
compiler,flags,interfaceExtendingClass.ts,9,0,47,0
compiler,flags,interfaceWithOverloadedCallAndConstructSignatures.ts,4,0,20,0
compiler,flags,interfaceWithCallAndConstructSignature.ts,2,0,10,0
compiler,flags,asiPreventsParsingAsInterface04.ts,3,0,15,0
compiler,flags,foo3.ts,1,0,5,0
compiler,flags,/.src/foo2.ts,2,0,11,0
compiler,flags,/bar.js,3,0,14,0
compiler,flags,voidOperatorWithEnumType.ts,9,0,27,0
compiler,flags,plusOperatorWithBooleanType.ts,14,0,62,0
compiler,flags,negateOperatorWithBooleanType.ts,14,0,62,0
compiler,flags,typeGuardsInForStatement.ts,17,0,73,0
compiler,flags,typeGuardOfFormTypeOfNotEqualHasNoEffect.ts,20,0,110,0
compiler,flags,taggedTemplateChain.ts,2,0,10,0
compiler,flags,thisMethodCall.ts,2,0,9,0
compiler,flags,asOperatorContextualType.ts,1,0,5,0
compiler,flags,exponentiationOperatorWithNullValueAndInvalidOperands.ts,12,0,48,0
compiler,flags,exponentiationOperatorWithNew.ts,16,0,65,0
compiler,flags,bug25149.js,5,0,26,0
compiler,flags,alsoFails.ts,5,0,19,0
compiler,flags,generatorTypeCheck31.ts,2,0,14,0
compiler,flags,templateStringWithEmbeddedUnaryPlus.ts,3,0,10,0
compiler,flags,templateStringInFunctionParameterType.ts,1,0,5,0
compiler,flags,objectLiteralShorthandPropertiesAssignmentError.ts,3,0,21,0
compiler,flags,for-of57.ts,1,0,5,0
compiler,flags,for-of4.ts,1,0,5,0
compiler,flags,for-of35.ts,6,0,40,0
compiler,flags,iterableArrayPattern12.ts,4,0,27,0
compiler,flags,computedPropertyNamesContextualType2_ES6.ts,4,0,22,0
compiler,flags,superCallBeforeThisAccessing6.ts,1,0,3,0
compiler,flags,emitClassDeclarationWithTypeArgumentInES6.ts,12,0,54,0
compiler,flags,emitArrowFunctionWhenUsingArguments19_ES6.ts,1,0,5,0
compiler,flags,symbolType3.ts,18,0,85,0
compiler,flags,symbolType15.ts,4,0,18,0
compiler,flags,symbolType14.ts,1,0,5,0
compiler,flags,symbolProperty60.ts,6,0,32,0
compiler,flags,symbolProperty54.ts,5,0,34,0
compiler,flags,symbolProperty44.ts,6,0,48,0
compiler,flags,symbolProperty41.ts,17,0,108,0
compiler,flags,symbolProperty17.ts,6,0,31,0
compiler,flags,symbolDeclarationEmit5.ts,2,0,11,0
compiler,flags,callSignaturesShouldBeResolvedBeforeSpecialization.ts,2,0,10,0
compiler,flags,callOverloads3.ts,2,0,11,0
compiler,flags,callOverloads2.ts,4,0,25,0
compiler,flags,badArraySyntax.ts,6,0,17,0
compiler,flags,assignToObjectTypeWithPrototypeProperty.ts,1,0,6,0
compiler,flags,anonymousClassExpression2.ts,5,0,27,0
compiler,flags,amdModuleName2.ts,3,0,12,0
compiler,flags,amdDependencyComment2.ts,2,0,14,0
compiler,flags,ambientModuleWithTemplateLiterals.ts,7,0,38,0
compiler,flags,aliasesInSystemModule1.ts,8,0,48,0
compiler,flags,accessorInferredReturnTypeErrorInReturnStatement.ts,5,0,46,0
compiler,flags,typeParameterAssignability.ts,4,0,18,0
compiler,flags,numberAssignableToEnum.ts,4,0,18,0
compiler,flags,constraintSatisfactionWithAny2.ts,2,0,10,0
compiler,flags,typeofTypeParameter.ts,2,0,10,0
compiler,flags,typeQueryWithReservedWords.ts,6,0,36,0
compiler,flags,stringPropertyAccessWithError.ts,2,0,10,0
compiler,flags,numberPropertyAccess.ts,8,0,42,0
compiler,flags,booleanPropertyAccess.ts,4,0,21,0
compiler,flags,stringMappingReduction.ts,2,0,10,0
compiler,flags,types.forAwait.es2018.1.ts,12,0,60,0
compiler,flags,/.src/mod.js,7,0,39,0
compiler,flags,bug24703.js,24,0,179,0
compiler,flags,privateIdentifierExpando.js,4,0,28,0
compiler,flags,x.js,3,0,18,0
compiler,flags,axios.js,11,0,83,0
compiler,flags,bug24062.js,3,0,28,0
compiler,flags,parserSymbolProperty9.ts,2,0,11,0
compiler,flags,parserSymbolProperty2.ts,2,0,11,0
compiler,flags,parserForOfStatement19.ts,1,0,5,0
compiler,flags,parser509667.ts,2,0,15,0
compiler,flags,parserConstructorAmbiguity4.ts,1,0,5,0
compiler,flags,overloadOnGenericClassAndNonGenericClass.ts,1,0,5,0
compiler,flags,objectMembersOnTypes.ts,6,0,33,0
compiler,flags,objectLitArrayDeclNoNew.ts,3,0,15,0
compiler,flags,nullableFunctionError.ts,1,0,5,0
compiler,flags,nestedModulePrivateAccess.ts,1,0,5,0
compiler,flags,narrowingUnionToNeverAssigment.ts,6,0,27,0
compiler,flags,moduleSharesNameWithImportDeclarationInsideIt.ts,2,0,11,0
compiler,flags,localVariablesReturnedFromCatchBlocks.ts,3,0,19,0
compiler,flags,/x.js,7,0,44,0
compiler,flags,invalidThisEmitInContextualObjectLiteral.ts,3,0,12,0
compiler,flags,invalidSymbolInTypeParameter1.ts,1,0,5,0
compiler,flags,internalAliasInitializedModuleInsideLocalModuleWithExport.ts,2,0,11,0
compiler,flags,interfaceInheritance2.ts,1,0,5,0
compiler,flags,inheritanceMemberPropertyOverridingAccessor.ts,6,0,27,0
compiler,flags,infinitelyExpandingTypeAssignability.ts,1,0,5,0
compiler,flags,indexer.ts,3,0,14,0
compiler,flags,importOnAliasedIdentifiers.ts,1,0,5,0
compiler,flags,importInsideModule_file2.ts,2,0,14,0
compiler,flags,implicitAnyDeclareVariablesWithoutTypeAndInit.ts,3,0,15,0
compiler,flags,genericWithCallSignatures_1.ts,2,0,9,0
compiler,flags,genericFunduleInModule.ts,1,0,5,0
compiler,flags,generatorES6_6.ts,3,0,24,0
compiler,flags,functionReturnTypeQuery.ts,4,0,20,0
compiler,flags,functionOverloads36.ts,1,0,5,0
compiler,flags,fatarrowfunctionsInFunctionParameterDefaults.ts,2,0,14,0
compiler,flags,code.ts,1,0,7,0
compiler,flags,exportAssignmentVariable_B.ts,1,0,5,0
compiler,flags,library_StringSlice.ts,9,0,51,0
compiler,flags,instanceofWithPrimitiveUnion.ts,10,0,62,0
compiler,flags,innerOverloads.ts,1,0,5,0
compiler,flags,indexWithUndefinedAndNull.ts,10,0,40,0
compiler,flags,indexSignatureTypeCheck.ts,7,0,34,0
compiler,flags,genericCallOnMemberReturningClosedOverObject.ts,3,0,107,0
compiler,flags,flowAfterFinally1.ts,1,0,5,0
compiler,flags,extendGenericArray2.ts,2,0,11,0
compiler,flags,es5-asyncFunction.ts,4,0,16,0
compiler,flags,elaborationForPossiblyCallableTypeStillReferencesArgumentAtTopLevel.ts,1,0,5,0
compiler,flags,discriminantUsingEvaluatableTemplateExpression.ts,1,0,5,0
compiler,flags,defaultOfAnyInStrictNullChecks.ts,2,0,14,0
compiler,flags,index.d.ts,2,0,17,0
compiler,flags,controlFlowForStatementContinueIntoIncrementor1.ts,20,0,94,0
compiler,flags,controlFlowFavorAssertedTypeThroughTypePredicate.ts,20,0,136,0
compiler,flags,contextualTyping22.ts,2,0,10,0
compiler,flags,contextualSignatureInArrayElementLibEs2015.ts,1,0,5,0
compiler,flags,constDeclarations-scopes2.ts,6,0,26,0
compiler,flags,collisionSuperAndNameResolution.ts,3,0,16,0
compiler,flags,ts.ts,5,0,26,0
compiler,flags,something.js,3,0,17,0
compiler,flags,assignmentToAnyArrayRestParameters.ts,4,0,20,0
compiler,flags,addMoreCallSignaturesToBaseSignature.ts,1,0,5,0
compiler,flags,boolInsteadOfBoolean.ts,3,0,14,0
compiler,flags,anyAsGenericFunctionCall.ts,6,0,30,0
compiler,flags,typeFromPropertyAssignment38.ts,3,0,15,0
compiler,flags,webpackLibNormalModule.js,24,0,186,0
compiler,flags,bug24024.js,7,0,45,0
compiler,flags,/.src/lateBoundAssignmentDeclarationSupport2.js,16,0,84,0
compiler,flags,callConstructAssignment.ts,4,0,18,0
compiler,flags,autoTypeAssignedUsingDestructuringFromNeverNoCrash.ts,6,0,34,0
compiler,flags,app.js,6,0,44,0
compiler,flags,bug28576.js,3,0,17,0
compiler,flags,Eloquent.js,3,0,19,0
compiler,flags,circularMultipleAssignmentDeclaration.js,10,0,134,0
compiler,flags,parserObjectCreation1.ts,1,0,5,0
compiler,flags,parserConstructorAmbiguity2.ts,1,0,5,0
compiler,flags,paramTagNestedWithoutTopLevelObject4.js,3,0,27,0
compiler,flags,errorIsolation.js,2,0,12,0
compiler,flags,value.js,2,0,12,0
compiler,flags,asiPreventsParsingAsNamespace04.ts,2,0,8,0
compiler,flags,typeofOperatorInvalidOperations.ts,1,0,5,0
compiler,flags,logicalNotOperatorInvalidOperations.ts,6,0,24,0
compiler,flags,asOpEmitParens.ts,6,0,29,0
compiler,flags,generatorTypeCheck32.ts,1,0,5,0
compiler,flags,templateStringWithEmbeddedInstanceOfES6.ts,3,0,10,0
compiler,flags,computedPropertyNames15_ES6.ts,6,0,45,0
compiler,flags,es5DateAPIs.ts,4,0,22,0
compiler,flags,templateLiteralTypes1.ts,22,0,109,0
compiler,flags,jsDeclarationsReactComponents1.jsx,18,0,176,0
compiler,flags,jsDeclarationsReactComponents2.jsx,6,0,60,0
compiler,flags,jsDeclarationsReactComponents3.jsx,6,0,60,0
compiler,flags,jsDeclarationsReactComponents4.jsx,10,0,96,0
compiler,flags,jsDeclarationsReactComponents5.jsx,8,0,48,0
compiler,flags,objectTypeHidingMembersOfExtendedObject.ts,26,0,131,0
compiler,flags,objectTypeWithStringIndexerHidingObjectIndexer.ts,8,0,36,0
compiler,flags,reactTagNameComponentWithPropsNoOOM2.tsx,5,0,27,0
compiler,flags,reactDefaultPropsInferenceSuccess.tsx,25,0,127,0
compiler,flags,promisePermutations.ts,270,0,1431,0
compiler,flags,generatedContextualTyping.ts,1172,0,6143,0
compiler,flags,index.tsx,37,0,182,0
compiler,flags,callsOnComplexSignatures.tsx,35,0,178,0
compiler,flags,jsxFunctionTypeChildren.tsx,7,0,41,0
compiler,flags,jsxIntrinsicUnions.tsx,4,0,29,0
compiler,flags,deeplyNestedMappedTypes.ts,18,0,91,0
compiler,flags,staticPropertyNameConflicts.ts,840,0,6500,0
compiler,flags,spellingSuggestionJSXAttribute.tsx,2,0,16,0
compiler,flags,controlFlowOptionalChain3.tsx,24,0,149,0
compiler,flags,returnTypePredicateIsInstantiateInContextOfTarget.tsx,2,0,16,0
compiler,flags,parserRealSource10.ts,160,0,753,0
compiler,flags,jsxExcessPropsAndAssignability.tsx,4,0,24,0
compiler,flags,/other4.ts,16,0,72,0
compiler,flags,jsxComplexSignatureHasApplicabilityError.tsx,14,0,95,0
compiler,flags,intersectionsOfLargeUnions.ts,19,0,104,0
compiler,flags,intraExpressionInferences.ts,90,0,458,0
compiler,flags,awaitUsingDeclarations.1.ts,230,0,1150,0
compiler,flags,variadicTuples1.ts,183,0,859,0
compiler,flags,arithmeticOperatorWithInvalidOperands.ts,1320,0,6120,0
compiler,flags,usingDeclarationsTopLevelOfModule.1.ts,8,0,40,0
compiler,flags,type.ts,5,0,50,0
compiler,flags,duplicateLocalVariable1.ts,503,0,3839,0
compiler,flags,declFileMethods_0.ts,48,0,232,0
compiler,flags,declFileMethods_1.ts,48,0,232,0
compiler,flags,index.ts,85,0,476,0
compiler,flags,genericFunctionInference1.ts,88,0,440,0
compiler,flags,mixinAccessors1.ts,8,0,93,0
compiler,flags,typeGuardOfFormTypeOfEqualEqualHasNoEffect.ts,20,0,110,0
compiler,flags,b.ts,117,0,605,0
compiler,flags,index.mts,11,0,59,0
compiler,flags,index.cts,11,0,59,0
compiler,flags,esDecorators-classDeclaration-outerThisReference.ts,64,0,376,0
compiler,flags,bluebirdStaticThis.ts,6,0,30,0
compiler,flags,correlatedUnions.ts,144,0,739,0
compiler,flags,/index.ts,55,0,299,0
compiler,flags,comparisonOperatorWithSubtypeObjectOnCallSignature.ts,528,0,2464,0
compiler,flags,inferTypes1.ts,13,0,75,0
compiler,flags,src/index.mts,22,0,129,0
compiler,flags,thislessFunctionsNotContextSensitive1.ts,28,0,164,0
compiler,flags,derivedClassSuperProperties.ts,152,0,728,0
compiler,flags,giant.ts,8,0,40,0
compiler,flags,strictBindCallApply1.ts,90,0,484,0
compiler,flags,divideAndConquerIntersections.ts,16,0,78,0
compiler,flags,sourceMapValidationDestructuringForOfObjectBindingPattern2.ts,164,0,932,0
compiler,flags,ambientExternalModuleMerging_use.ts,4,0,22,0
compiler,flags,enumNumbering1.ts,4,0,22,0
compiler,flags,bigintWithoutLib.ts,118,0,762,0
compiler,flags,subtypingWithConstructSignatures3.ts,71,0,477,0
compiler,flags,parserAstSpans1.ts,276,0,1486,0
compiler,flags,logicalAssignment2.ts,216,0,3792,0
compiler,flags,commentsInheritance.ts,20,0,90,0
compiler,flags,capturedLetConstInLoop7.ts,256,0,1080,0
compiler,flags,ES5SymbolProperty3.ts,12,0,76,0
compiler,flags,constAssertions.ts,104,0,482,0
compiler,flags,destructuringAssignment_private.ts,4,0,74,0
compiler,flags,mappedTypesArraysTuples.ts,22,0,112,0
compiler,flags,subtypingWithCallSignatures2.ts,130,0,884,0
compiler,flags,tsxLibraryManagedAttributes.tsx,20,0,126,0
compiler,flags,sourceMapValidationDestructuringForOfArrayBindingPattern.ts,224,0,1212,0
compiler,flags,mappedTypeErrors.ts,61,0,347,0
compiler,flags,timer.js,20,0,120,0
compiler,flags,hook.js,20,0,120,0
compiler,flags,/.src/context.js,30,0,208,0
compiler,flags,unionAndIntersectionInference3.ts,17,0,82,0
compiler,flags,commentsClassMembers.ts,372,0,1752,0
compiler,flags,awaitUsingDeclarationsInForAwaitOf.ts,20,0,100,0
compiler,flags,declarationsAndAssignments.ts,60,0,315,0
compiler,flags,privateNameStaticFieldDestructuredBinding.ts,48,0,234,0
compiler,flags,file.tsx,119,0,744,0
compiler,flags,plainJSGrammarErrors.js,52,0,324,0
compiler,flags,subfolder/index.js,4,0,24,0
compiler,flags,index.js,308,0,2178,0
compiler,flags,contextualTyping.ts,115,0,841,0
compiler,flags,narrowingByTypeofInSwitch.ts,203,0,1360,0
compiler,flags,privateNameComputedPropertyName1.ts,153,0,630,0
compiler,flags,autoAccessor5.ts,12,0,88,0
compiler,flags,implicitAnyGenericTypeInference.ts,7,0,38,0
compiler,flags,/.src/not-a-module.ts,12,0,66,0
compiler,flags,destructuringVariableDeclaration1ES6.ts,8,0,82,0
compiler,flags,arrayFromAsync.ts,77,0,423,0
compiler,flags,instantiationExpressions.ts,69,0,321,0
compiler,flags,2.ts,50,0,285,0
compiler,flags,logicalAssignment8.ts,72,0,396,0
compiler,flags,reactReduxLikeDeferredInferenceAllowsAssignment.ts,9,0,101,0
compiler,flags,file.ts,45,0,410,0
compiler,flags,sourceMapValidationDestructuringForOfObjectBindingPattern.ts,84,0,516,0
compiler,flags,exhaustiveSwitchStatements1.ts,111,0,780,0
compiler,flags,usingDeclarationsInForAwaitOf.ts,10,0,50,0
compiler,flags,sourceMapValidationDestructuringForOfArrayBindingPatternDefaultValues.ts,198,0,1070,0
compiler,flags,awaitUsingDeclarationsInFor.ts,20,0,100,0
compiler,flags,declFileFunctions_0.ts,26,0,126,0
compiler,flags,declFileFunctions_1.ts,12,0,58,0
compiler,flags,promiseTry.ts,34,0,187,0
compiler,flags,arrayToLocaleStringES5.ts,154,0,836,0
compiler,flags,enumLiteralTypes3.ts,127,0,606,0
compiler,flags,/main.mts,16,0,100,0
compiler,flags,/loosey.cts,16,0,100,0
compiler,flags,typeOfThisInStaticMembers8.ts,60,0,308,0
compiler,flags,commentsModules.ts,2,0,18,0
compiler,flags,sourceMapValidationDestructuringVariableStatementArrayBindingPatternDefaultValues3.ts,44,0,208,0
compiler,flags,typeOfThisInStaticMembers13.ts,36,0,308,0
compiler,flags,restTuplesFromContextualTypes.ts,53,0,313,0
compiler,flags,controlFlowSelfReferentialLoop.ts,599,0,2742,0
compiler,flags,forwardRefInClassProperties.ts,4,0,20,0
compiler,flags,commentsExternalModules_1.ts,28,0,160,0
compiler,flags,/.src/commentsExternalModules2_0.ts,4,0,36,0
compiler,flags,typeOfThisInStaticMembers4.ts,44,0,180,0
compiler,flags,comparisonOperatorWithNoRelationshipPrimitiveType.ts,480,0,2240,0
compiler,flags,discriminateWithOptionalProperty2.ts,134,0,882,0
compiler,flags,sourceMapValidationDestructuringForObjectBindingPattern2.ts,194,0,890,0
compiler,flags,functionImplementations.ts,12,0,59,0
compiler,flags,asyncAwait_es2017.ts,5,0,25,0
compiler,flags,uncalledFunctionChecksInConditional2.ts,89,0,1573,0
compiler,flags,intTypeCheck.ts,40,0,184,0
compiler,flags,exponentiationOperatorInTemplateStringWithSyntaxError1.ts,436,0,1592,0
compiler,flags,exportImportCanSubstituteConstEnumForValue.ts,20,0,108,0
compiler,flags,comparisonOperatorWithNoRelationshipObjectsOnInstantiatedConstructorSignature.ts,288,0,1344,0
compiler,flags,excessPropertyCheckIntersectionWithRecursiveType.ts,7,0,56,0
compiler,flags,privacyGloImport.ts,36,0,196,0
compiler,flags,index.mjs,4,0,20,0
compiler,flags,index.cjs,4,0,20,0
compiler,flags,invalidTaggedTemplateEscapeSequences.ts,3,0,15,0
compiler,flags,contextualTypeWithUnionTypeObjectLiteral.ts,36,0,190,0
compiler,flags,typeOfThisInStaticMembers9.ts,8,0,36,0
compiler,flags,constructorWithIncompleteTypeAnnotation.ts,210,0,1110,0
compiler,flags,newWithSpreadES5.ts,262,0,1126,0
compiler,flags,/packages/compiler-sfc/src/index.ts,2,0,10,0
compiler,flags,commentsInterface.ts,74,0,390,0
compiler,flags,source.js,40,0,324,0
compiler,flags,referencer.js,18,0,96,0
compiler,flags,controlFlowGenericTypes.ts,132,0,730,0
compiler,flags,privacyFunctionReturnTypeDeclFile_consumer.ts,64,0,352,0
compiler,flags,/.src/privacyFunctionReturnTypeDeclFile_exporter.ts,10,0,58,0
compiler,flags,narrowingPastLastAssignment.ts,60,0,307,0
compiler,flags,exportImportAlias.ts,1,0,6,0
compiler,flags,parenthesizedContexualTyping1.ts,42,0,198,0
compiler,flags,privateWriteOnlyAccessorRead.ts,73,0,488,0
compiler,flags,heterogeneousArrayLiterals.ts,131,0,656,0
compiler,flags,typeGuardsWithInstanceOfBySymbolHasInstance.ts,316,0,4122,0
compiler,flags,src/inferred-comp-export.ts,1,0,5,0
compiler,flags,file1.ts,53,0,318,0
compiler,flags,propertyNamesOfReservedWords.ts,12,0,66,0
compiler,flags,computedPropertyNamesContextualType1_ES5.ts,8,0,44,0
compiler,flags,optionalParamArgsTest.ts,89,0,540,0
compiler,flags,commentsemitComments.ts,22,0,110,0
compiler,flags,typeGuardConstructorClassAndNumber.ts,125,0,2792,0
compiler,flags,unionTypeInference.ts,18,0,100,0
compiler,flags,scannertest1.ts,39,0,169,0
compiler,flags,esDecorators-classDeclaration-fields-nonStaticAbstractAccessor.ts,6,0,21,0
compiler,flags,child1.ts,7,0,47,0
compiler,flags,/.src/parent.ts,2,0,11,0
compiler,flags,strictPropertyInitialization.ts,73,0,344,0
compiler,flags,narrowingByDiscriminantInLoop.ts,59,0,507,0
compiler,flags,mappedTypes4.ts,24,0,164,0
compiler,flags,base.js,7,0,59,0
compiler,flags,file.js,42,0,331,0
compiler,flags,classStaticBlock1.ts,4,0,20,0
compiler,flags,typeGuardConstructorDerivedClass.ts,36,0,385,0
compiler,flags,esDecorators-classDeclaration-fields-staticAmbient.ts,8,0,36,0
compiler,flags,privateNamesAndStaticMethods.ts,22,0,80,0
compiler,flags,valueOfTypedArray.ts,10,0,50,0
compiler,flags,fatarrowfunctionsOptionalArgs.ts,18,0,108,0
compiler,flags,restTupleElements1.ts,23,0,112,0
compiler,flags,optionalChainingInTypeAssertions.ts,40,0,582,0
compiler,flags,overshifts.ts,48,0,192,0
compiler,flags,es5-asyncFunctionForOfStatements.ts,148,0,664,0
compiler,flags,asyncAwaitWithCapturedBlockScopeVar.ts,56,0,256,0
compiler,flags,contextuallyTypeAsyncFunctionReturnType.ts,20,0,101,0
compiler,flags,classStaticBlock23.ts,22,0,116,0
compiler,flags,discriminatedUnionJsxElement.tsx,4,0,21,0
compiler,flags,objectTypesIdentityWithGenericCallSignaturesDifferingByConstraints3.ts,9,0,111,0
compiler,flags,esDecorators-classDeclaration-fields-staticAccessor.ts,6,0,27,0
compiler,flags,emptyAssignmentPatterns01_ES5.ts,12,0,40,0
compiler,flags,/mod1.ts,6,0,60,0
compiler,flags,/mod2.ts,4,0,21,0
compiler,flags,conditionalEqualityOnLiteralObjects.ts,32,0,384,0
compiler,flags,objectRestParameterES5.ts,14,0,74,0
compiler,flags,esDecorators-classExpression-namedEvaluation.10.ts,4,0,28,0
compiler,flags,methodContainingLocalFunction.ts,4,0,18,0
compiler,flags,index1.ts,2,0,9,0
compiler,flags,index2.ts,2,0,9,0
compiler,flags,parserRealSource1.ts,137,0,623,0
compiler,flags,typeGuardsOnClassProperty.ts,35,0,202,0
compiler,flags,superInLambdas.ts,4,0,24,0
compiler,flags,indexSignatureAndMappedType.ts,12,0,54,0
compiler,flags,APISample_linter.ts,5,0,45,0
compiler,flags,anyAssignabilityInInheritance.ts,17,0,85,0
compiler,flags,declarationNoDanglingGenerics.ts,19,0,100,0
compiler,flags,capturedLetConstInLoop4.ts,194,0,868,0
compiler,flags,callWithSpread.ts,92,0,412,0
compiler,flags,protectedClassPropertyAccessibleWithinNestedClass.ts,76,0,378,0
compiler,flags,destructuringInitializerContextualTypeFromContext.ts,8,0,38,0
compiler,flags,subtypesOfTypeParameterWithRecursiveConstraints.ts,54,0,228,0
compiler,flags,stringEnumLiteralTypes1.ts,63,0,333,0
compiler,flags,typeGuardOfFromPropNameInUnionType.ts,86,0,435,0
compiler,flags,taggedTemplateStringsWithOverloadResolution3_ES6.ts,7,0,47,0
compiler,flags,privacyLocalInternalReferenceImportWithoutExport.ts,56,0,296,0
compiler,flags,jsFileMethodOverloads2.js,18,0,126,0
compiler,flags,implicitConstParameters.ts,27,0,137,0
compiler,flags,ambientConstLiterals.ts,8,0,41,0
compiler,flags,unusedIdentifiersConsolidated1.ts,11,0,51,0
compiler,flags,client.ts,34,0,170,0
compiler,flags,declarationEmitLateBoundAssignments2.ts,60,0,455,0
compiler,flags,APISample_WatchWithDefaults.ts,6,0,36,0
compiler,flags,controlFlowWhileStatement.ts,38,0,203,0
compiler,flags,modularizeLibrary_TargetES6UsingES6Lib.ts,33,0,209,0
compiler,flags,classdecl.ts,12,0,84,0
compiler,flags,arrayConcatMap.ts,2,0,14,0
compiler,flags,usingDeclarationsTopLevelOfModule.2.ts,4,0,20,0
compiler,flags,emitArrowFunctionWhenUsingArguments16.ts,14,0,68,0
compiler,flags,typedArrays-es5.ts,80,0,300,0
compiler,flags,complicatedIndexedAccessKeyofReliesOnKeyofNeverUpperBound.ts,7,0,36,0
compiler,flags,optionalMethods.ts,56,0,341,0
compiler,flags,arithmeticOperatorWithNullValueAndValidOperands.ts,80,0,320,0
compiler,flags,symbolProperty21.ts,13,0,139,0
compiler,flags,superPropertyAccess1.ts,6,0,36,0
compiler,flags,genericClassWithStaticFactory.ts,215,0,1053,0
compiler,flags,capturedLetConstInLoop3.ts,214,0,974,0
compiler,flags,booleanLiteralTypes1.ts,54,0,296,0
compiler,flags,awaitCallExpression3_es5.ts,8,0,36,0
compiler,flags,commentsAfterSpread.ts,27,0,149,0
compiler,flags,arrayLiteralWithMultipleBestCommonTypes.ts,10,0,48,0
compiler,flags,typeofOperatorWithNumberType.ts,54,0,220,0
compiler,flags,constructBigint.ts,9,0,45,0
compiler,flags,sourceMapValidationDestructuringParametertArrayBindingPattern.ts,32,0,168,0
compiler,flags,external.ts,14,0,78,0
compiler,flags,script.ts,14,0,78,0
compiler,flags,stringEnumLiteralTypes3.ts,127,0,606,0
compiler,flags,emitArrowFunctionWhenUsingArguments04.ts,2,0,10,0
compiler,flags,ES5SymbolProperty2.ts,18,0,120,0
compiler,flags,partialOfLargeAPIIsAbleToBeWorkedWith.ts,18,0,156,0
compiler,flags,interfaceImplementation5.ts,2,0,10,0
compiler,flags,es5-asyncFunctionBinaryExpressions.ts,376,0,1636,0
compiler,flags,complexClassRelationships.ts,18,0,90,0
compiler,flags,ES5For-of13.ts,2,0,10,0
compiler,flags,ES5SymbolProperty5.ts,12,0,76,0
compiler,flags,circularContextualReturnType.ts,4,0,22,0
compiler,flags,assignmentCompatWithConstructSignatures6.ts,49,0,245,0
compiler,flags,destructuringVariableDeclaration1ES5.ts,8,0,82,0
compiler,flags,main.ts,50,0,230,0
compiler,flags,truthinessCallExpressionCoercion1.ts,57,0,346,0
compiler,flags,objectGroupBy.ts,18,0,90,0
compiler,flags,declarationEmitClassMixinLocalClassDeclaration.ts,1,0,5,0
compiler,flags,unionTypeReduction2.ts,47,0,237,0
compiler,flags,spreadMethods.ts,51,0,303,0
compiler,flags,usingDeclarationsDeclarationEmit.1.ts,6,0,40,0
compiler,flags,instantiateTemplateTagTypeParameterOnVariableStatement.js,4,0,20,0
compiler,flags,derivedClassOverridesPublicMembers.ts,50,0,304,0
compiler,flags,objectFromEntries.ts,19,0,102,0
compiler,flags,functionType.ts,1,0,5,0
compiler,flags,derivedClassConstructorWithExplicitReturns01.ts,14,0,72,0
compiler,flags,declarationEmitLateBoundAssignments.ts,21,0,185,0
compiler,flags,computedEnumTypeWidening.ts,27,0,140,0
compiler,flags,awaitUsingDeclarationsWithIteratorObject.ts,8,0,41,0
compiler,flags,deleteOperatorWithBooleanType.ts,17,0,72,0
compiler,flags,esDecorators-classDeclaration-methods-nonStatic.ts,8,0,31,0
compiler,flags,protectedClassPropertyAccessibleWithinSubclass.ts,44,0,196,0
compiler,flags,sourceMapValidationStatements.ts,81,0,375,0
compiler,flags,multiLinePropertyAccessAndArrowFunctionIndent1.ts,3,0,19,0
compiler,flags,server.ts,4,0,20,0
compiler,flags,objectTypesIdentityWithGenericCallSignaturesDifferingByConstraints.ts,9,0,111,0
compiler,flags,everyTypeWithAnnotationAndInitializer.ts,4,0,21,0
compiler,flags,usage.js,18,0,104,0
compiler,flags,bluebird.d.ts,2,0,10,0
compiler,flags,witness.ts,57,0,256,0
compiler,flags,templateInsideCallback.js,15,0,79,0
compiler,flags,elementAccessChain.3.ts,91,0,904,0
compiler,flags,decoratorOnClassMethod18.ts,1,0,5,0
compiler,flags,asyncAwaitIsolatedModules_es5.ts,8,0,40,0
compiler,flags,staticFieldWithInterfaceContext.ts,15,0,142,0
compiler,flags,isolatedDeclarationErrorsObjects.ts,27,0,244,0
compiler,flags,intersectionsAndOptionalProperties3.ts,44,0,244,0
compiler,flags,genericCallWithObjectTypeArgs2.ts,8,0,47,0
compiler,flags,foo.js,46,0,286,0
compiler,flags,computedPropertyNames6_ES5.ts,20,0,132,0
compiler,flags,logicalAssignment9.ts,6,0,31,0
compiler,flags,global.ts,2,0,11,0
compiler,flags,narrowCommaOperatorNestedWithinLHS.ts,26,0,151,0
compiler,flags,es5-asyncFunctionCallExpressions.ts,222,0,986,0
compiler,flags,deleteExpressionMustBeOptional_exactOptionalPropertyTypes.ts,144,0,728,0
compiler,flags,customAsyncIterator.ts,6,0,39,0
compiler,flags,file2.ts,16,0,84,0
compiler,flags,file3.ts,5,0,28,0
compiler,flags,contextualTypeWithUnionTypeMembers.ts,49,0,424,0
compiler,flags,arrayLiterals2ES5.ts,45,0,156,0
compiler,flags,intlNumberFormatES2023.ts,25,0,144,0
compiler,flags,privateNameStaticMethodCallExpression.ts,12,0,49,0
compiler,flags,ES5SymbolProperty6.ts,12,0,76,0
compiler,flags,staticGetter2.ts,2,0,6,0
compiler,flags,newOperator.ts,9,0,43,0
compiler,flags,contextualTypingTwoInstancesOfSameTypeParameter.ts,2,0,9,0
compiler,flags,/a.js,59,0,380,0
compiler,flags,assignmentCompatWithObjectMembers4.ts,76,0,342,0
compiler,flags,first.js,39,0,335,0
compiler,flags,generic.js,13,0,101,0
compiler,flags,second.ts,8,0,41,0
compiler,flags,file2.js,5,0,20,0
compiler,flags,plusOperatorInvalidOperations.ts,2,0,8,0
compiler,flags,globalThisUnknownNoImplicitAny.ts,6,0,32,0
compiler,flags,asyncGeneratorPromiseNextType.ts,27,0,161,0
compiler,flags,transformParenthesizesConditionalSubexpression.ts,22,0,220,0
compiler,flags,sourceMapValidationDestructuringParametertArrayBindingPattern2.ts,32,0,168,0
compiler,flags,noCircularitySelfReferentialGetter2.ts,8,0,52,0
compiler,flags,es6ImportDefaultBindingFollowedWithNamespaceBindingInEs5_1.ts,4,0,22,0
compiler,flags,a.ts,68,0,372,0
compiler,flags,classExpressionWithStaticProperties2.ts,6,0,30,0
compiler,flags,esDecorators-classExpression-classSuper.5.ts,4,0,18,0
compiler,flags,exportStarFromEmptyModule_module4.ts,12,0,86,0
compiler,flags,discriminantOrderIndependence.ts,28,0,554,0
compiler,flags,genericCallWithFunctionTypedArguments2.ts,17,0,85,0
compiler,flags,a.js,265,0,2262,0
compiler,flags,/mainJs.js,8,0,44,0
compiler,flags,esDecorators-classDeclaration-methods-nonStaticAbstract.ts,8,0,28,0
compiler,flags,objectLiteralParameterResolution.ts,2,0,11,0
compiler,flags,narrowingDestructuring.ts,31,0,186,0
compiler,flags,genericCombinators2.ts,11,0,59,0
compiler,flags,mjts.ts,2,0,10,0
compiler,flags,importStatementsInterfaces.ts,3,0,14,0
compiler,flags,enumErrorOnConstantBindingWithInitializer.ts,2,0,10,0
compiler,flags,superCallFromClassThatDerivesFromGenericTypeButWithIncorrectNumberOfTypeArguments1.ts,2,0,10,0
compiler,flags,mappedTypeIndexedAccessConstraint.ts,52,0,270,0
compiler,flags,inheritedGenericCallSignature.ts,3,0,16,0
compiler,flags,externalModuleExportingGenericClass_file1.ts,2,0,10,0
compiler,flags,reexport.ts,4,0,43,0
compiler,flags,genericClassWithObjectTypeArgsAndConstraints.ts,34,0,210,0
compiler,flags,assignmentCompatWithStringIndexer2.ts,24,0,108,0
compiler,flags,intersectionTypeInference3.ts,8,0,43,0
compiler,flags,/.src/index.js,13,0,109,0
compiler,flags,test.js,9,0,55,0
compiler,flags,/.src/rectangle.js,5,0,40,0
compiler,flags,overloadResolutionClassConstructors.ts,6,0,39,0
compiler,flags,m2.ts,37,0,205,0
compiler,flags,privateNameSetterExprReturnValue.ts,7,0,28,0
compiler,flags,templateLiteralsAndDecoratorMetadata.ts,1,0,5,0
compiler,flags,moduleVisibilityTest1.ts,10,0,53,0
compiler,flags,inferenceUnionOfObjectsMappedContextualType.ts,4,0,22,0
compiler,flags,evolvingArrayResolvedAssert.ts,4,0,21,0
compiler,flags,contextuallyTypingOrOperator2.ts,12,0,72,0
compiler,flags,enumLiteralTypes1.ts,92,0,463,0
compiler,flags,foo2.ts,20,0,109,0
compiler,flags,/.src/foo1.ts,14,0,76,0
compiler,flags,arithmeticOperatorWithTypeParameter.ts,330,0,1540,0
compiler,flags,objectLiteralShorthandPropertiesAssignmentES6.ts,5,0,49,0
compiler,flags,protectedClassPropertyAccessibleWithinSubclass2.ts,60,0,330,0
compiler,flags,reverseMappedTypeInferenceWidening1.ts,25,0,261,0
compiler,flags,Element.ts,8,0,42,0
compiler,flags,test.tsx,10,0,49,0
compiler,flags,declarationEmitNestedGenerics.ts,5,0,31,0
compiler,flags,objectTypesIdentityWithConstructSignatures2.ts,8,0,100,0
compiler,flags,/.src/main.ts,2,0,10,0
compiler,flags,nullishCoalescingOperator2.ts,18,0,72,0
compiler,flags,emitCompoundExponentiationAssignmentWithIndexingOnLHS2.ts,4,0,16,0
compiler,flags,/b.ts,13,0,78,0
compiler,flags,moduleVisibilityTest2.ts,8,0,42,0
compiler,flags,capturedVarInLoop.ts,16,0,74,0
compiler,flags,objectTypesIdentityWithGenericConstructSignaturesDifferingByReturnType.ts,10,0,128,0
compiler,flags,assignmentCompatWithObjectMembersNumericNames.ts,38,0,171,0
compiler,flags,callWithSpread2.ts,36,0,144,0
compiler,flags,emitExponentiationOperator3.ts,312,0,896,0
compiler,flags,classStaticBlockUseBeforeDef4.ts,13,0,66,0
compiler,flags,noPropertyAccessFromIndexSignature1.ts,24,0,138,0
compiler,flags,genericTypeParameterEquivalence2.ts,32,0,163,0
compiler,flags,downlevelIterationDeprecated.ts,6,0,30,0
compiler,flags,callWithMissingVoid.ts,27,0,205,0
compiler,flags,iteratorSpreadInArray3.ts,5,0,32,0
compiler,flags,destructuringObjectBindingPatternAndAssignment1ES5.ts,2,0,24,0
compiler,flags,binaryIntegerLiteral.ts,80,0,486,0
compiler,flags,decoratorMetadata-jsdoc.ts,6,0,30,0
compiler,flags,typeGuardNarrowsIndexedAccessOfKnownProperty9.ts,3,0,12,0
compiler,flags,selfReferencesInFunctionParameters.ts,5,0,26,0
compiler,flags,partiallyDiscriminantedUnions.ts,16,0,101,0
compiler,flags,f3.ts,12,0,134,0
compiler,flags,f4.ts,8,0,52,0
compiler,flags,b.js,68,0,402,0
compiler,flags,discriminantNarrowingCouldBeCircular.ts,40,0,262,0
compiler,flags,/a.ts,33,0,213,0
compiler,flags,betterErrorForUnionCall.ts,3,0,15,0
compiler,flags,contextualSignatureInstantiation.ts,4,0,20,0
compiler,flags,unionThisTypeInFunctions.ts,2,0,11,0
compiler,flags,usingDeclarations.12.ts,4,0,20,0
compiler,flags,/a/b/consumer.ts,6,0,33,0
compiler,flags,es2022LocalesObjectArgument.ts,17,0,98,0
compiler,flags,unknownSymbols2.ts,3,0,13,0
compiler,flags,tupleTypes.ts,48,0,227,0
compiler,flags,jsdocArrayObjectPromiseNoImplicitAny.js,7,0,39,0
compiler,flags,indirectTypeParameterReferences.ts,13,0,88,0
compiler,flags,es6ImportDefaultBinding_1.ts,1,0,5,0
compiler,flags,doubleMixinConditionalTypeBaseClassWorks.ts,4,0,20,0
compiler,flags,classNonUniqueSymbolMethodHasSymbolIndexer.ts,10,0,60,0
compiler,flags,classNonUniqueSymbolMethodHasSymbolIndexer.d.ts,2,0,7,0
compiler,flags,asiPreventsParsingAsTypeAlias02.ts,3,0,14,0
compiler,flags,ES3For-ofTypeCheck6.ts,2,0,10,0
compiler,flags,typeGuardsInIfStatement.ts,109,0,464,0
compiler,flags,compoundExponentiationAssignmentLHSCannotBeAssigned.ts,98,0,420,0
compiler,flags,asyncMethodWithSuperConflict_es6.ts,14,0,59,0
compiler,flags,reachabilityChecksNoCrash1.ts,3,0,10,0
compiler,flags,narrowingTypeofUndefined1.ts,20,0,176,0
compiler,flags,f2.ts,2,0,11,0
compiler,flags,es6ImportDefaultBindingFollowedWithNamespaceBinding_1.ts,3,0,16,0
compiler,flags,controlFlowManyCallExpressionStatementsPerf.ts,170,0,738,0
compiler,flags,unionAndIntersectionInference2.ts,9,0,45,0
compiler,flags,stringLiteralTypesAsTags02.ts,10,0,50,0
compiler,flags,ES5For-ofTypeCheck8.ts,2,0,10,0
compiler,flags,c.ts,4,0,21,0
compiler,flags,typeGuardOfFormTypeOfOther.ts,52,0,400,0
compiler,flags,arithmeticOperatorWithEnum.ts,230,0,1060,0
compiler,flags,for-of39.ts,4,0,22,0
compiler,flags,intlNumberFormatES5UseGrouping.ts,8,0,48,0
compiler,flags,asyncArrowFunction8_es6.ts,2,0,10,0
compiler,flags,variableDeclarationDeclarationEmitUniqueSymbolPartialStatement.ts,4,0,27,0
compiler,flags,variableDeclarationDeclarationEmitUniqueSymbolPartialStatement.d.ts,2,0,5,0
compiler,flags,targetTypeObjectLiteralToAny.ts,6,0,38,0
compiler,flags,objectLiteralFunctionArgContextualTyping.ts,4,0,24,0
compiler,flags,inferenceOptionalPropertiesToIndexSignatures.ts,17,0,123,0
compiler,flags,externalModuleAssignToVar_core.ts,9,0,42,0
compiler,flags,classStaticPropertyTypeGuard.ts,4,0,24,0
compiler,flags,unionAndIntersectionInference1.ts,32,0,182,0
compiler,flags,arityAndOrderCompatibility01.ts,21,0,105,0
compiler,flags,invalidVoidAssignments.ts,12,0,57,0
compiler,flags,ES3For-ofTypeCheck4.ts,2,0,10,0
compiler,flags,0.js,24,0,131,0
compiler,flags,exponentiationOperatorWithUndefinedValueAndValidOperands.ts,8,0,36,0
compiler,flags,computedPropertyNames4_ES6.ts,30,0,187,0
compiler,flags,1.ts,24,0,132,0
compiler,flags,undeclaredModuleError.ts,6,0,35,0
compiler,flags,sourceMapValidationDestructuringVariableStatement1.ts,21,0,122,0
compiler,flags,functionOnlyHasThrow.ts,1,0,5,0
compiler,flags,/.src/packages/lab/src/index.ts,1,0,5,0
compiler,flags,/.src/packages/core/src/utils.d.ts,1,0,5,0
compiler,flags,assignmentCompatability4.ts,4,0,20,0
compiler,flags,thisTypeAccessibility.ts,85,0,430,0
compiler,flags,mappedTypes3.ts,17,0,93,0
compiler,flags,thisPropertyAssignmentCircular.js,21,0,197,0
compiler,flags,TwoInternalModulesThatMergeEachWithExportedAndNonExportedClassesOfTheSameName.ts,5,0,29,0
compiler,flags,deleteChain.ts,62,0,1672,0
compiler,flags,compoundAdditionAssignmentLHSCannotBeAssigned.ts,10,0,40,0
compiler,flags,controlFlowBindingPatternOrder.ts,20,0,108,0
compiler,flags,uncalledFunctionChecksInConditional.ts,25,0,478,0
compiler,flags,/monorepo/core/src/usage.ts,2,0,11,0
compiler,flags,noIterationTypeErrorsInCFA.ts,14,0,83,0
compiler,flags,/app/app.ts,2,0,10,0
compiler,flags,generatorTransformFinalLabel.ts,6,0,34,0
compiler,flags,es6ImportDefaultBindingFollowedWithNamedImport1InEs5_1.ts,12,0,60,0
compiler,flags,deleteReadonly.ts,13,0,44,0
compiler,flags,conditionalTypesSimplifyWhenTrivial.ts,28,0,126,0
compiler,flags,unionTypeCallSignatures.ts,45,0,225,0
compiler,flags,stringLiteralTypesAsTags01.ts,10,0,50,0
compiler,flags,partiallyAnnotatedFunctionInferenceWithTypeParameter.ts,4,0,22,0
compiler,flags,input.js,45,0,278,0
compiler,flags,folder/mod1.js,4,0,24,0
compiler,flags,typeSatisfaction_errorLocations1.ts,21,0,81,0
compiler,flags,nullishCoalescingOperator12.ts,4,0,34,0
compiler,flags,es2021LocalesObjectArgument.ts,17,0,98,0
compiler,flags,controlFlowIfStatement.ts,26,0,127,0
compiler,flags,/.src/file1.ts,1,0,5,0
compiler,flags,super2.ts,6,0,33,0
compiler,flags,privacyTopLevelInternalReferenceImportWithoutExport.ts,28,0,148,0
compiler,flags,narrowByClauseExpressionInSwitchTrue1.ts,34,0,168,0
compiler,flags,letDeclarations-scopes2.ts,8,0,40,0
compiler,flags,genericCallWithinOwnBodyCastTypeParameterIdentity.ts,10,0,50,0
compiler,flags,functionOverloads2.ts,1,0,5,0
compiler,flags,es6MemberScoping.ts,3,0,25,0
compiler,flags,es5ExportEqualsDts.ts,2,0,10,0
compiler,flags,cachedContextualTypes.ts,1,0,5,0
compiler,flags,aliasUsageInGenericFunction_main.ts,5,0,34,0
compiler,flags,/.src/aliasUsageInGenericFunction_moduleA.ts,2,0,16,0
compiler,flags,objectTypesIdentityWithCallSignatures.ts,9,0,111,0
compiler,flags,unionsOfTupleTypes1.ts,61,0,273,0
compiler,flags,objectTypeWithConstructSignatureHidingMembersOfExtendedFunction.ts,20,0,106,0
compiler,flags,overrideLateBindableName1.ts,20,0,150,0
compiler,flags,linkTagEmit1.js,2,0,9,0
compiler,flags,test.ts,5,0,30,0
compiler,flags,typeGuardOfFormTypeOfNumber.ts,80,0,846,0
compiler,flags,emitCompoundExponentiationAssignmentWithIndexingOnLHS3.ts,46,0,194,0
compiler,flags,symbolType12.ts,68,0,300,0
compiler,flags,controlFlowInOperator.ts,66,0,336,0
compiler,flags,assignParameterPropertyToPropertyDeclarationES2022.ts,37,0,169,0
compiler,flags,recursiveTypeAliasWithSpreadConditionalReturnNotCircular.ts,12,0,63,0
compiler,flags,omitTypeHelperModifiers01.ts,19,0,96,0
compiler,flags,nestedGenericSpreadInference.ts,1,0,5,0
compiler,flags,consumer.tsx,4,0,21,0
compiler,flags,inferFromNestedSameShapeTuple.ts,5,0,23,0
compiler,flags,declarationEmitOverloadedPrivateInference.ts,4,0,18,0
compiler,flags,collisionCodeGenModuleWithModuleReopening.ts,1,0,5,0
compiler,flags,/.src/nested/base.ts,1,0,5,0
compiler,flags,/.src/nested/derived.ts,1,0,5,0
compiler,flags,arrayFlatMap.ts,4,0,22,0
compiler,flags,uniqueSymbolsPropertyNames.ts,38,0,321,0
compiler,flags,parserForOfStatement25.ts,6,0,32,0
compiler,flags,bug25127.js,26,0,164,0
compiler,flags,superPropertyAccessNoError.ts,6,0,28,0
compiler,flags,generatorNoImplicitReturns.ts,2,0,11,0
compiler,flags,arrayLiteralSpreadES5iterable.ts,66,0,228,0
compiler,flags,typeOfThisInInstanceMember2.ts,38,0,198,0
compiler,flags,wellKnownSymbolExpando.ts,7,0,33,0
compiler,flags,typeGuardNarrowsIndexedAccessOfKnownProperty7.ts,7,0,45,0
compiler,flags,superPropertyAccess2.ts,2,0,12,0
compiler,flags,usage.ts,1,0,5,0
compiler,flags,internalAliasUninitializedModuleInsideTopLevelModuleWithExport.ts,2,0,11,0
compiler,flags,genericCallWithObjectLiteralArguments1.ts,1,0,25,0
compiler,flags,destructuringUnspreadableIntoRest.ts,110,0,844,0
compiler,flags,ambiguousCallsWhereReturnTypesAgree.ts,6,0,28,0
compiler,flags,typeParameterAsTypeParameterConstraintTransitively.ts,15,0,75,0
compiler,flags,classWithOnlyPublicMembersEquivalentToInterface2.ts,8,0,36,0
compiler,flags,usingDeclarations.17.ts,10,0,50,0
compiler,flags,/.src/mod1.js,53,0,351,0
compiler,flags,validator.ts,35,0,172,0
compiler,flags,typeGuardRedundancy.ts,52,0,302,0
compiler,flags,destructuringArrayBindingPatternAndAssignment5SiblingInitializer.ts,14,0,76,0
compiler,flags,staticIndexSignature1.ts,2,0,6,0
compiler,flags,/foo/bar/a.ts,5,0,22,0
compiler,flags,objectLiteralArraySpecialization.ts,5,0,25,0
compiler,flags,modularizeLibrary_NoErrorDuplicateLibOptions2.ts,48,0,276,0
compiler,flags,inheritance1.ts,48,0,216,0
compiler,flags,es5-asyncFunctionElementAccess.ts,32,0,118,0
compiler,flags,constructorWithParameterPropertiesAndPrivateFields.es2015.ts,28,0,120,0
compiler,flags,circularlySimplifyingConditionalTypesNoCrash.ts,5,0,25,0
compiler,flags,argumentsUsedInClassFieldInitializerOrStaticInitializationBlock.ts,5,0,35,0
compiler,flags,stringLiteralTypesAsTypeParameterConstraint02.ts,6,0,31,0
compiler,flags,intersectionNarrowing.ts,17,0,77,0
compiler,flags,usingDeclarations.15.ts,2,0,10,0
compiler,flags,typeArgumentInferenceWithObjectLiteral.ts,11,0,53,0
compiler,flags,comparisonOperatorWithNumericLiteral.ts,48,0,192,0
compiler,flags,destructuringObjectBindingPatternAndAssignment9SiblingInitializer.ts,14,0,128,0
compiler,flags,decoratorOnClassMethod16.ts,1,0,5,0
compiler,flags,propertyOverridesAccessors3.ts,14,0,69,0
compiler,flags,privateInstanceMemberAccessibility.ts,4,0,24,0
compiler,flags,A.ts,3,0,14,0
compiler,flags,typeVariableTypeGuards.ts,48,0,278,0
compiler,flags,typeParameterDiamond2.ts,6,0,27,0
compiler,flags,superElementAccess.ts,13,0,73,0
compiler,flags,/.src/src/thing.ts,2,0,11,0
compiler,flags,d.ts,13,0,125,0
compiler,flags,inferenceDoesNotAddUndefinedOrNull.ts,20,0,107,0
compiler,flags,getAccessorWithImpliedReturnTypeAndFunctionClassMerge.ts,1,0,5,0
compiler,flags,forStatementInnerComments.ts,7,0,35,0
compiler,flags,crashRegressionTest.ts,12,0,59,0
compiler,flags,contextualTypeForInitalizedVariablesFiltersUndefined.ts,5,0,33,0
compiler,flags,constraints0.ts,3,0,17,0
compiler,flags,commentEmitOnParenthesizedAssertionInReturnStatement2.ts,5,0,26,0
compiler,flags,assignmentToInstantiationExpression.ts,13,0,91,0
compiler,flags,arrayDestructuringInSwitch2.ts,6,0,40,0
compiler,flags,typeAssertionsWithIntersectionTypes01.ts,6,0,30,0
compiler,flags,assignmentCompatWithGenericCallSignatures2.ts,4,0,18,0
compiler,flags,mixedPropertyElementAccessAssignmentDeclaration.ts,6,0,46,0
compiler,flags,override21.ts,3,0,20,0
compiler,flags,tsxIntrinsicAttributeErrors.tsx,1,0,7,0
compiler,flags,privateIdentifierChain.1.ts,7,0,72,0
compiler,flags,compoundAssignmentLHSIsReference.ts,64,0,280,0
compiler,flags,emitExponentiationOperatorInTemplateString3.ts,374,0,1492,0
compiler,flags,computedPropertyNames2_ES6.ts,12,0,96,0
compiler,flags,thisInFunctionCall.ts,46,0,262,0
compiler,flags,sourceMapSample.ts,33,0,155,0
compiler,flags,qualifiedName_ImportDeclarations-entity-names-referencing-a-var.ts,1,0,6,0
compiler,flags,lastPropertyInLiteralWins.ts,2,0,11,0
compiler,flags,interfaceImplementation1.ts,5,0,23,0
compiler,flags,es6ClassTest2.ts,51,0,261,0
compiler,flags,service.ts,16,0,84,0
compiler,flags,computedPropertyBindingElementDeclarationNoCrash1.ts,9,0,76,0
compiler,flags,castNewObjectBug.ts,1,0,5,0
compiler,flags,arraySigChecking.ts,7,0,35,0
compiler,flags,objectTypesIdentityWithCallSignaturesWithOverloads.ts,9,0,111,0
compiler,flags,nonPrimitiveInGeneric.ts,7,0,35,0
compiler,flags,forStatementsMultipleValidDecl.ts,4,0,20,0
compiler,flags,usingDeclarationsNamedEvaluationDecoratorsAndClassFields.ts,8,0,48,0
compiler,flags,nonInstantiatedModule.ts,3,0,17,0
compiler,flags,foo_1.ts,22,0,131,0
compiler,flags,/.src/foo_0.ts,1,0,5,0
compiler,flags,grammarAmbiguities.ts,8,0,34,0
compiler,flags,unusedLocalsAndParameters.ts,10,0,44,0
compiler,flags,typeCheckingInsideFunctionExpressionInArray.ts,1,0,5,0
compiler,flags,shorthandOfExportedEntity01_targetES2015_CommonJS.ts,1,0,5,0
compiler,flags,partialDiscriminatedUnionMemberHasGoodError.ts,2,0,11,0
compiler,flags,noImplicitReturnsInAsync1.ts,4,0,27,0
compiler,flags,moduleExportsUnaryExpression.ts,40,0,160,0
compiler,flags,incompleteDottedExpressionAtEOF.ts,2,0,14,0
compiler,flags,exportAssignmentClass_B.ts,3,0,16,0
compiler,flags,declarationEmitConstantNoWidening.ts,1,0,5,0
compiler,flags,contextualParameterAndSelfReferentialConstraint1.ts,2,0,10,0
compiler,flags,baseTypeWrappingInstantiationChain.ts,2,0,6,0
compiler,flags,assignmentCompatWithObjectMembers2.ts,38,0,171,0
compiler,flags,jsdocSignatureOnReturnedFunction.js,12,0,64,0
compiler,flags,mergeTwoInterfaces.ts,16,0,88,0
compiler,flags,logicalNotOperatorWithAnyOtherType.ts,55,0,228,0
compiler,flags,propertyAccessChain.ts,28,0,161,0
compiler,flags,iteratorSpreadInCall11.ts,7,0,41,0
compiler,flags,computedPropertyNames13_ES5.ts,40,0,265,0
compiler,flags,resizableArrayBuffer.ts,3,0,16,0
compiler,flags,privateNameStaticFieldUnaryMutation.ts,52,0,210,0
compiler,flags,classAppearsToHaveMembersOfObject.ts,6,0,32,0
compiler,flags,typeConstraintsWithConstructSignatures.ts,4,0,18,0
compiler,flags,staticMemberOfClassAndPublicMemberOfAnotherClassAssignment.ts,4,0,18,0
compiler,flags,/.src/recursiveExportAssignmentAndFindAliasedType7_moduleC.ts,1,0,5,0
compiler,flags,primitiveMembers.ts,12,0,65,0
compiler,flags,nonexistentPropertyUnavailableOnPromisedType.ts,2,0,14,0
compiler,flags,letDeclarations-scopes.ts,59,0,265,0
compiler,flags,internalAliasEnumInsideLocalModuleWithExport.ts,2,0,11,0
compiler,flags,genericFunctionInference2.ts,4,0,21,0
compiler,flags,es5-asyncFunctionForInStatements.ts,64,0,318,0
compiler,flags,declFileObjectLiteralWithOnlySetter.ts,14,0,64,0
compiler,flags,bestCommonTypeWithOptionalProperties.ts,24,0,120,0
compiler,flags,arrayAssignmentTest2.ts,21,0,95,0
compiler,flags,genericCallWithObjectTypeArgsAndIndexersErrors.ts,9,0,50,0
compiler,flags,objectTypesIdentityWithGenericConstructSignaturesDifferingByConstraints2.ts,8,0,100,0
compiler,flags,assignmentCompatWithObjectMembers.ts,82,0,462,0
compiler,flags,stringLiteralTypesInUnionTypes01.ts,20,0,99,0
compiler,flags,constructSignaturesWithOverloads2.ts,2,0,10,0
compiler,flags,contextuallyTypeLogicalAnd01.ts,4,0,30,0
compiler,flags,parserSymbolProperty6.ts,3,0,24,0
compiler,flags,typeGuardOfFormInstanceOfOnInterface.ts,77,0,509,0
compiler,flags,emptyAssignmentPatterns02_ES5iterable.ts,16,0,48,0
compiler,flags,computedPropertyNamesContextualType1_ES6.ts,4,0,22,0
compiler,flags,useSharedArrayBuffer6.ts,10,0,66,0
compiler,flags,staticIndexSignature3.ts,8,0,24,0
compiler,flags,voidUndefinedReduction.ts,10,0,51,0
compiler,flags,promisesWithConstraints.ts,8,0,36,0
compiler,flags,numericLiteralsWithTrailingDecimalPoints01.ts,4,0,21,0
compiler,flags,narrowByEquality.ts,58,0,759,0
compiler,flags,intersectionTypeNormalization.ts,12,0,73,0
compiler,flags,other.ts,4,0,22,0
compiler,flags,funduleSplitAcrossFiles_module.ts,1,0,6,0
compiler,flags,forInStatement7.ts,1,0,5,0
compiler,flags,emitCapturingThisInTupleDestructuring1.ts,2,0,8,0
compiler,flags,contextualTypeCaching.ts,2,0,10,0
compiler,flags,classOrderBug.ts,3,0,12,0
compiler,flags,asyncFunctionNoReturnType.ts,1,0,5,0
compiler,flags,asiPreventsParsingAsTypeAlias01.ts,3,0,14,0
compiler,flags,spreadUnion2.ts,16,0,68,0
compiler,flags,anyAsFunctionCall.ts,4,0,20,0
compiler,flags,parserInExpression1.ts,2,0,11,0
compiler,flags,overloadResolutionConstructors.ts,30,0,155,0
compiler,flags,additionOperatorWithUndefinedValueAndInvalidOperands.ts,14,0,63,0
compiler,flags,classStaticBlock12.ts,1,0,4,0
compiler,flags,superAccessCastedCall.ts,5,0,23,0
compiler,flags,returnTypeInferenceNotTooBroad.ts,1,0,5,0
compiler,flags,recursiveGenericMethodCall.ts,1,0,5,0
compiler,flags,c:/root/folder1/file1.ts,10,0,55,0
compiler,flags,narrowingPastLastAssignmentInModule.ts,5,0,25,0
compiler,flags,modularizeLibrary_Dom.asynciterable.ts,6,0,37,0
compiler,flags,indexedAccessWithFreshObjectLiteral.ts,14,0,56,0
compiler,flags,genericReduce.ts,33,0,185,0
compiler,flags,genericBaseClassLiteralProperty2.ts,9,0,50,0
compiler,flags,forAwaitForUnion.ts,1,0,5,0
compiler,flags,enumPropertyAccessBeforeInitalisation.ts,1,0,4,0
compiler,flags,blockScopedBindingsReassignedInLoop3.ts,100,0,414,0
compiler,flags,assignmentCompatability10.ts,4,0,20,0
compiler,flags,arrayConcat3.ts,3,0,16,0
compiler,flags,aliasOnMergedModuleInterface_1.ts,2,0,11,0
compiler,flags,objectTypesIdentityWithGenericConstructSignaturesDifferingTypeParameterNames.ts,9,0,105,0
compiler,flags,infiniteExpansionThroughTypeInference.ts,1,0,5,0
compiler,flags,typeOfThisInConstructorParamList.ts,1,0,3,0
compiler,flags,emptyVariableDeclarationBindingPatterns01_ES5iterable.ts,60,0,300,0
compiler,flags,symbolProperty32.ts,3,0,24,0
compiler,flags,constructorParameterShadowsOuterScopes2.ts,2,0,10,0
compiler,flags,typeOfThisInStaticMembers2.ts,2,0,6,0
compiler,flags,derivedClassParameterProperties.ts,27,0,108,0
compiler,flags,weakTypeAndPrimitiveNarrowing.ts,8,0,36,0
compiler,flags,unusedLocalsInForInOrOf1.ts,9,0,45,0
compiler,flags,typeInferenceFBoundedTypeParams.ts,10,0,51,0
compiler,flags,thisInArrowFunctionInStaticInitializer1.ts,1,0,3,0
compiler,flags,propertyParameterWithQuestionMark.ts,2,0,9,0
compiler,flags,lateBoundConstraintTypeChecksCorrectly.ts,15,0,72,0
compiler,flags,inferenceContextualReturnTypeUnion2.ts,1,0,5,0
compiler,flags,importAliasWithDottedName.ts,3,0,17,0
compiler,flags,fatArrowSelf.ts,5,0,24,0
compiler,flags,computedPropertyNameAndTypeParameterConflict.ts,2,0,13,0
compiler,flags,computedPropertyNameAndTypeParameterConflict.d.ts,2,0,5,0
compiler,flags,blockScopedBindingsReassignedInLoop2.ts,60,0,232,0
compiler,flags,assignmentCompatability5.ts,4,0,20,0
compiler,flags,genericCallWithOverloadedConstructorTypedArguments2.ts,10,0,76,0
compiler,flags,localTypes2.ts,18,0,96,0
compiler,flags,for-inStatementsInvalid.ts,43,0,195,0
compiler,flags,interfaceWithConstructSignaturesThatHidesBaseSignature.ts,1,0,5,0
compiler,flags,propertyAccessStringIndexSignature.ts,24,0,160,0
compiler,flags,additionOperatorWithNullValueAndInvalidOperator.ts,14,0,56,0
compiler,flags,emitExponentiationOperatorInTemplateString2ES6.ts,187,0,746,0
compiler,flags,useSharedArrayBuffer4.ts,13,0,67,0
compiler,flags,declarationEmitIdentifierPredicates01.ts,3,0,10,0
compiler,flags,privateNameStaticFieldCallExpression.ts,14,0,58,0
compiler,flags,typeIdentityConsidersBrands.ts,6,0,28,0
compiler,flags,thisBinding.ts,9,0,75,0
compiler,flags,recursiveTupleTypeInference.ts,1,0,5,0
compiler,flags,c:/root/folder2/file2.ts,3,0,14,0
compiler,flags,overloadAssignmentCompat.ts,10,0,42,0
compiler,flags,nonNullableReduction.ts,6,0,28,0
compiler,flags,narrowByClauseExpressionInSwitchTrue10.ts,24,0,164,0
compiler,flags,internalAliasVar.ts,1,0,5,0
compiler,flags,inferObjectTypeFromStringLiteralToKeyof.ts,3,0,15,0
compiler,flags,inOperatorWithGeneric.ts,1,0,5,0
compiler,flags,implicitAnyCastedValue.ts,12,0,54,0
compiler,flags,genericGetter2.ts,2,0,9,0
compiler,flags,functionExpressionShadowedByParams.ts,7,0,41,0
compiler,flags,evolvingArrayTypeInAssert.ts,4,0,21,0
compiler,flags,debuggerEmit.ts,1,0,5,0
compiler,flags,contextualTypesNegatedTypeLikeConstraintInGenericMappedType2.ts,7,0,37,0
compiler,flags,commentsOnPropertyOfObjectLiteral1.ts,8,0,56,0
compiler,flags,coAndContraVariantInferences4.ts,2,0,10,0
compiler,flags,chainedSpecializationToObjectTypeLiteral.ts,8,0,44,0
compiler,flags,assignmentCompatability31.ts,4,0,20,0
compiler,flags,objectTypesIdentityWithPublics.ts,9,0,111,0
compiler,flags,objectRestNegative.ts,16,0,82,0
compiler,flags,stringLiteralsWithSwitchStatements04.ts,9,0,37,0
compiler,flags,ES5For-of3.ts,2,0,10,0
compiler,flags,bug43713.js,1,0,5,0
compiler,flags,/.src/commonJSAliasedExport.js,9,0,103,0
compiler,flags,parserRegularExpression6.ts,2,0,8,0
compiler,flags,tsxCorrectlyParseLessThanComparison1.tsx,4,0,18,0
compiler,flags,mergedInterfacesWithInheritedPrivates2.ts,4,0,22,0
compiler,flags,voidOperatorWithNumberType.ts,26,0,125,0
compiler,flags,typeGuardTypeOfUndefined.ts,144,0,600,0
compiler,flags,conditionalOperatorConditionIsBooleanType.ts,123,0,632,0
compiler,flags,for-of42.ts,3,0,19,0
compiler,flags,globalThisPropertyAssignment.js,3,0,17,0
compiler,flags,controlFlowAliasing2.ts,150,0,1016,0
compiler,flags,varianceCallbacksAndIndexedAccesses.ts,2,0,9,0
compiler,flags,typeParameterHasSelfAsConstraint.ts,1,0,5,0
compiler,flags,thisInTupleTypeParameterConstraints.ts,1,0,5,0
compiler,flags,sourceMapValidationModule.ts,3,0,14,0
compiler,flags,reverseMappedUnionInference.ts,9,0,60,0
compiler,flags,narrowingTypeofFunction.ts,14,0,55,0
compiler,flags,letShadowedByNameInNestedScope.ts,3,0,16,0
compiler,flags,inferenceDoesntCompareAgainstUninstantiatedTypeParameter.ts,8,0,84,0
compiler,flags,genericInference2.ts,15,0,84,0
compiler,flags,emptyArrayDestructuringExpressionVisitedByTransformer.ts,2,0,10,0
compiler,flags,detachedCommentAtStartOfFunctionBody2.ts,4,0,23,0
compiler,flags,/.src/packages/b/src/index.ts,2,0,10,0
compiler,flags,contextualTypingOfObjectLiterals.ts,4,0,19,0
compiler,flags,circularBaseTypes.ts,2,0,14,0
compiler,flags,consumer.ts,4,0,22,0
compiler,flags,anonterface.ts,6,0,29,0
compiler,flags,assignmentCompatWithObjectMembers5.ts,4,0,18,0
compiler,flags,stringLiteralTypesAsTags03.ts,10,0,50,0
compiler,flags,literalTypes1.ts,35,0,198,0
compiler,flags,ES5For-ofTypeCheck13.ts,12,0,64,0
compiler,flags,jsdocAccessibilityTag.js,29,0,323,0
compiler,flags,foo1.ts,2,0,8,0
compiler,flags,foo7.ts,3,0,15,0
compiler,flags,propertyAccessWidening.ts,41,0,307,0
compiler,flags,computedPropertyNames8_ES5.ts,14,0,102,0
compiler,flags,es2022IntlAPIs.ts,6,0,42,0
compiler,flags,memberFunctionsWithPrivateOverloads.ts,4,0,22,0
compiler,flags,privateNameStaticAccessorsCallExpression.ts,19,0,72,0
compiler,flags,constructorHasPrototypeProperty.ts,12,0,68,0
compiler,flags,classExpressionLoop.ts,7,0,32,0
compiler,flags,inferFromBindingPattern.ts,1,0,5,0
compiler,flags,unusedTypeParameterInMethod3.ts,2,0,10,0
compiler,flags,typeInferenceCacheInvalidation.ts,2,0,10,0
compiler,flags,topLevel.ts,24,0,97,0
compiler,flags,stradac.ts,2,0,8,0
compiler,flags,recursiveConditionalTypes2.ts,2,0,11,0
compiler,flags,propertyAccessibility2.ts,1,0,6,0
compiler,flags,numericEnumMappedType.ts,20,0,114,0
compiler,flags,narrowingOrderIndependent.ts,26,0,377,0
compiler,flags,map.ts,5,0,42,0
compiler,flags,lambdaParameterWithTupleArgsHasCorrectAssignability.ts,8,0,44,0
compiler,flags,internalAliasVarInsideLocalModuleWithExport.ts,1,0,5,0
compiler,flags,forLoopEndingMultilineComments.ts,4,0,20,0
compiler,flags,es6ImportDefaultBindingMergeErrors_1.ts,2,0,10,0
compiler,flags,emptyThenWithoutWarning.ts,8,0,34,0
compiler,flags,/src/a.ts,4,0,20,0
compiler,flags,didYouMeanElaborationsForExpressionsWhichCouldBeCalled.ts,4,0,22,0
compiler,flags,controlFlowCommaExpressionAssertionWithinTernary.ts,9,0,41,0
compiler,flags,collisionCodeGenModuleWithMemberVariable.ts,2,0,11,0
compiler,flags,assignmentCompatability2.ts,4,0,20,0
compiler,flags,stringLiteralTypeAssertion01.ts,24,0,96,0
compiler,flags,for-inStatementsArrayErrors.ts,15,0,72,0
compiler,flags,enums.js,6,0,32,0
compiler,flags,fileJs.js,1,0,5,0
compiler,flags,fileTs.ts,1,0,5,0
compiler,flags,mergedInterfacesWithMultipleBases.ts,2,0,11,0
compiler,flags,typeGuardsInRightOperandOfOrOrOperator.ts,80,0,449,0
compiler,flags,instanceofOperatorWithInvalidOperands.es2015.ts,59,0,273,0
compiler,flags,generatorTypeCheck28.ts,5,0,39,0
compiler,flags,emptyAssignmentPatterns03_ES5.ts,16,0,48,0
compiler,flags,controlFlowInstanceofExtendsFunction.ts,17,0,118,0
compiler,flags,readonlyConstructorAssignment.ts,18,0,75,0
compiler,flags,typeComparisonCaching.ts,4,0,18,0
compiler,flags,sourceMapValidationDestructuringParameterNestedObjectBindingPattern.ts,13,0,69,0
compiler,flags,parameterReferenceInInitializer1.ts,5,0,25,0
compiler,flags,/pkg/src/index.ts,2,0,11,0
compiler,flags,newLexicalEnvironmentForConvertedLoop.ts,20,0,134,0
compiler,flags,moduleScopingBug.ts,3,0,15,0
compiler,flags,indexSignatureOfTypeUnknownStillRequiresIndexSignature.ts,1,0,5,0
compiler,flags,genericClassWithStaticsUsingTypeArguments.ts,4,0,20,0
compiler,flags,/.src/namespacey.js,7,0,40,0
compiler,flags,/.src/namespacer.js,10,0,56,0
compiler,flags,constructorOverloads1.ts,9,0,47,0
compiler,flags,constDeclarationShadowedByVarDeclaration3.ts,5,0,23,0
compiler,flags,commentsOnObjectLiteral2.ts,2,0,8,0
compiler,flags,classExpressionWithStaticProperties3.ts,30,0,154,0
compiler,flags,bindingPatternInParameter01.ts,6,0,32,0
compiler,flags,assignmentCompatability3.ts,4,0,20,0
compiler,flags,genericCallWithObjectTypeArgsAndNumericIndexer.ts,9,0,59,0
compiler,flags,infiniteExpansionThroughInstantiation.ts,4,0,18,0
compiler,flags,stringLiteralTypesOverloads01.ts,25,0,123,0
compiler,flags,validVoidAssignments.ts,6,0,27,0
compiler,flags,objectTypeWithCallSignatureHidingMembersOfFunctionAssignmentCompat.ts,8,0,36,0
compiler,flags,narrowFromAnyWithInstanceof.ts,86,0,541,0
compiler,flags,parserS7.2_A1.5_T2.ts,10,0,36,0
compiler,flags,moduleWithStatementsOfEveryKind.ts,4,0,16,0
compiler,flags,component.ts,18,0,124,0
compiler,flags,framework-hooks.ts,1,0,5,0
compiler,flags,comparisonOperatorWithTwoOperandsAreAny.ts,24,0,112,0
compiler,flags,computedPropertyNames48_ES6.ts,3,0,34,0
compiler,flags,symbolDeclarationEmit13.ts,6,0,50,0
compiler,flags,symbolDeclarationEmit13.d.ts,4,0,16,0
compiler,flags,controlFlowComputedPropertyNames.ts,69,0,527,0
compiler,flags,typePredicatesInUnion_noMatch.ts,6,0,32,0
compiler,flags,sourceMapValidationDestructuringParameterObjectBindingPatternDefaultValues.ts,12,0,63,0
compiler,flags,recursiveGenericSignatureInstantiation.ts,1,0,5,0
compiler,flags,propertyAccess7.ts,2,0,11,0
compiler,flags,overloadsWithComputedNames.ts,24,0,156,0
compiler,flags,noImplicitThisBigThis.ts,12,0,36,0
compiler,flags,nestedBlockScopedBindings5.ts,43,0,167,0
compiler,flags,mismatchedExplicitTypeParameterAndArgumentType.ts,19,0,133,0
compiler,flags,localClassesInLoop_ES6.ts,10,0,45,0
compiler,flags,jsdocInTypeScript.ts,13,0,63,0
compiler,flags,/test.js,3,0,39,0
compiler,flags,instanceAndStaticDeclarations1.ts,22,0,105,0
compiler,flags,genericFunctionsWithOptionalParameters3.ts,14,0,73,0
compiler,flags,emptyObjectNotSubtypeOfIndexSignatureContainingObject1.ts,7,0,34,0
compiler,flags,defaultArgsInFunctionExpressions.ts,13,0,97,0
compiler,flags,aliasUsageInObjectLiteral_main.ts,10,0,65,0
compiler,flags,/.src/aliasUsageInObjectLiteral_moduleA.ts,2,0,16,0
compiler,flags,objectRestParameter.ts,7,0,37,0
compiler,flags,contextuallyTypedClassExpressionMethodDeclaration02.ts,18,0,96,0
compiler,flags,spellingUncheckedJS.js,16,0,110,0
compiler,flags,global.js,6,0,42,0
compiler,flags,incrementOperatorWithAnyOtherTypeInvalidOperations.ts,37,0,157,0
compiler,flags,assignmentLHSIsReference.ts,26,0,114,0
compiler,flags,emitArrowFunctionWhenUsingArguments03_ES6.ts,2,0,10,0
compiler,flags,symbolDeclarationEmit8.ts,7,0,58,0
compiler,flags,controlFlowTypeofObject.ts,44,0,180,0
compiler,flags,derivedGenericClassWithAny.ts,6,0,29,0
compiler,flags,classStaticBlock16.ts,12,0,54,0
compiler,flags,user.ts,11,0,55,0
compiler,flags,untypedFunctionCallsWithTypeParameters1.ts,9,0,45,0
compiler,flags,staticGetter1.ts,1,0,3,0
compiler,flags,quickIntersectionCheckCorrectlyCachesErrors.tsx,2,0,10,0
compiler,flags,objectRestBindingContextualInference.ts,1,0,5,0
compiler,flags,nestedBlockScopedBindings11.ts,2,0,10,0
compiler,flags,genericRecursiveImplicitConstructorErrors3.ts,28,0,279,0
compiler,flags,expandoFunctionBlockShadowing.ts,12,0,66,0
compiler,flags,contextualSignatureInstantiation3.ts,12,0,74,0
compiler,flags,constantEnumAssert.ts,8,0,35,0
compiler,flags,weird.js,8,0,52,0
compiler,flags,assignmentCompatBug3.ts,15,0,70,0
compiler,flags,unionTypeCallSignatures4.ts,12,0,60,0
compiler,flags,stringLiteralTypesInUnionTypes04.ts,26,0,142,0
compiler,flags,constructSignaturesWithIdenticalOverloads.ts,4,0,20,0
compiler,flags,ES5For-of15.ts,4,0,20,0
compiler,flags,thisPropertyAssignmentInherited.js,7,0,34,0
compiler,flags,parserForInStatement8.ts,12,0,64,0
compiler,flags,tsxAttributeErrors.tsx,1,0,5,0
compiler,flags,github20832.js,1,0,5,0
compiler,flags,/c.ts,5,0,26,0
compiler,flags,/e.ts,3,0,15,0
compiler,flags,thisInInvalidContexts.ts,2,0,6,0
compiler,flags,iteratorSpreadInArray4.ts,5,0,32,0
compiler,flags,for-of44.ts,4,0,22,0
compiler,flags,emitArrowFunctionThisCapturingES6.ts,2,0,8,0
compiler,flags,symbolProperty22.ts,8,0,62,0
compiler,flags,derivedTypeAccessesHiddenBaseCallViaSuperPropertyAccess.ts,2,0,9,0
compiler,flags,privateNamesNoDelete.ts,3,0,10,0
compiler,flags,awaitAndYieldInProperty.ts,8,0,28,0
compiler,flags,typeofClass.ts,8,0,56,0
compiler,flags,switchStatementsWithMultipleDefaults.ts,11,0,52,0
compiler,flags,m.js,2,0,10,0
compiler,flags,noCollisionThisExpressionAndLocalVarInAccessors.ts,8,0,40,0
compiler,flags,libMembers.ts,13,0,78,0
compiler,flags,intersectionsAndOptionalProperties2.ts,44,0,244,0
compiler,flags,inheritedOverloadedSpecializedSignatures.ts,10,0,50,0
compiler,flags,inferentialTypingWithFunctionTypeSyntacticScenarios.ts,5,0,26,0
compiler,flags,genericClasses2.ts,8,0,45,0
compiler,flags,elaboratedErrors.ts,8,0,36,0
compiler,flags,defineVariables_useDefineForClassFields.ts,2,0,10,0
compiler,flags,declarationEmitDuplicateParameterDestructuring.ts,6,0,28,0
compiler,flags,createArray.ts,9,0,35,0
compiler,flags,contextualSignatureInstatiationContravariance.ts,4,0,18,0
compiler,flags,cloduleStaticMembers.ts,2,0,12,0
compiler,flags,classExtendsNull.ts,4,0,22,0
compiler,flags,arrayOfExportedClass_1.ts,4,0,18,0
compiler,flags,objectTypesIdentityWithCallSignaturesDifferingParamCounts.ts,9,0,111,0
compiler,flags,callGenericFunctionWithIncorrectNumberOfTypeArguments.ts,12,0,64,0
compiler,flags,spreadUnion3.ts,11,0,50,0
compiler,flags,nonPrimitiveAssignError.ts,26,0,117,0
compiler,flags,stringLiteralsWithSwitchStatements03.ts,16,0,81,0
compiler,flags,assignAnyToEveryType.ts,19,0,90,0
compiler,flags,assignmentToVoidZero2.js,22,0,161,0
compiler,flags,importer.js,3,0,16,0
compiler,flags,typeGuardOfFormTypeOfPrimitiveSubtype.ts,24,0,162,0
compiler,flags,symbolProperty29.ts,3,0,24,0
compiler,flags,constLocalsInFunctionExpressions.ts,25,0,105,0
compiler,flags,privateNameMethodsDerivedClasses.ts,8,0,41,0
compiler,flags,derivedClassWithAny.ts,6,0,29,0
compiler,flags,awaitBinaryExpression1_es5.ts,8,0,32,0
compiler,flags,awaitCallExpression4_es2017.ts,6,0,25,0
compiler,flags,typeArgumentsInFunctionExpressions.ts,2,0,10,0
compiler,flags,promiseChaining1.ts,9,0,44,0
compiler,flags,mappedTypeNestedGenericInstantiation.ts,4,0,19,0
compiler,flags,internalAliasEnumInsideTopLevelModuleWithExport.ts,2,0,11,0
compiler,flags,genericTypeWithMultipleBases2.ts,6,0,33,0
compiler,flags,genericInterfaceFunctionTypeParameter.ts,1,0,5,0
compiler,flags,functionOverloads37.ts,1,0,5,0
compiler,flags,fakeInfinity3.ts,1,0,5,0
compiler,flags,errorElaboration.ts,1,0,5,0
compiler,flags,declarationEmitInvalidExport.ts,1,0,5,0
compiler,flags,controlFlowForFunctionLike1.ts,24,0,228,0
compiler,flags,contextualTypingOfLambdaReturnExpression.ts,4,0,28,0
compiler,flags,contextualTypeOfIndexedAccessParameter.ts,3,0,14,0
compiler,flags,a/bar.ts,3,0,14,0
compiler,flags,/.src/a/foo.ts,5,0,25,0
compiler,flags,/.src/baz.ts,5,0,25,0
compiler,flags,checkDestructuringShorthandAssigment2.ts,5,0,39,0
compiler,flags,assignmentStricterConstraints.ts,5,0,23,0
compiler,flags,arrayFlatNoCrashInferenceDeclarations.ts,3,0,16,0
compiler,flags,aliasUsageInTypeArgumentOfExtendsClause_main.ts,3,0,16,0
compiler,flags,/.src/aliasUsageInTypeArgumentOfExtendsClause_moduleA.ts,2,0,16,0
compiler,flags,initializersWidened.ts,6,0,26,0
compiler,flags,wrappedAndRecursiveConstraints4.ts,4,0,41,0
compiler,flags,circularTypeofWithVarOrFunc.ts,8,0,41,0
compiler,flags,nonPrimitiveUnionIntersection.ts,4,0,18,0
compiler,flags,localTypes3.ts,18,0,96,0
compiler,flags,intersectionTypeOverloading.ts,2,0,10,0
compiler,flags,ES5For-ofTypeCheck3.ts,2,0,10,0
compiler,flags,main.js,1,0,5,0
compiler,flags,/.src/first.js,4,0,33,0
compiler,flags,/.src/second.js,3,0,29,0
compiler,flags,parserES5SymbolProperty7.ts,6,0,48,0
compiler,flags,parserErrorRecovery_IncompleteMemberVariable2.ts,15,0,68,0
compiler,flags,/importer-cjs.cjs,1,0,5,0
compiler,flags,/importer-cts.cts,3,0,15,0
compiler,flags,0.tsx,2,0,10,0
compiler,flags,callbackTagVariadicType.js,1,0,5,0
compiler,flags,generatorTypeCheck30.ts,2,0,11,0
compiler,flags,readonlyRestParameters.ts,25,0,105,0
compiler,flags,for-of49.ts,4,0,22,0
compiler,flags,emitClassDeclarationWithPropertyAssignmentInES6.ts,6,0,24,0
compiler,flags,symbolProperty13.ts,6,0,40,0
compiler,flags,decoratorOnClassMethod14.ts,1,0,5,0
compiler,flags,initializerReferencingConstructorParameters.ts,6,0,27,0
compiler,flags,awaitCallExpression8_es2017.ts,7,0,30,0
compiler,flags,widenedTypes.ts,6,0,22,0
compiler,flags,unusedTypeParameterInFunction3.ts,2,0,10,0
compiler,flags,unusedLocalsinConstructor2.ts,3,0,11,0
compiler,flags,typeofAmbientExternalModules_2.ts,8,0,38,0
compiler,flags,typeParameterFixingWithConstraints.ts,2,0,11,0
compiler,flags,thisShadowingErrorSpans.ts,2,0,9,0
compiler,flags,templateLiteralIntersection2.ts,3,0,12,0
compiler,flags,subtypeRelationForNever.ts,10,0,46,0
compiler,flags,sourceMap-FileWithComments.ts,15,0,68,0
compiler,flags,reducibleIndexedAccessTypes.ts,3,0,16,0
compiler,flags,primaryExpressionMods.ts,3,0,20,0
compiler,flags,narrowingInCaseClauseAfterCaseClauseWithReturn.ts,29,0,188,0
compiler,flags,moduleMemberWithoutTypeAnnotation1.ts,6,0,27,0
compiler,flags,/b.js,2,0,12,0
compiler,flags,intersectionsAndReadonlyProperties.ts,9,0,42,0
compiler,flags,interfaceContextualType.ts,14,0,167,0
compiler,flags,inferentialTypingWithObjectLiteralProperties.ts,1,0,5,0
compiler,flags,homomorphicMappedTypeIntersectionAssignability.ts,4,0,18,0
compiler,flags,genericTypeWithNonGenericBaseMisMatch.ts,1,0,5,0
compiler,flags,genericFunctions0.ts,1,0,9,0
compiler,flags,functionOverloads29.ts,1,0,5,0
compiler,flags,externModule.ts,4,0,28,0
compiler,flags,es6ModuleInternalImport.ts,15,0,70,0
compiler,flags,es5-asyncFunctionIfStatements.ts,24,0,108,0
compiler,flags,/a/src/index.ts,1,0,5,0
compiler,flags,helloworld.ts,5,0,22,0
compiler,flags,coAndContraVariantInferences6.ts,4,0,24,0
compiler,flags,circularAccessorAnnotations.ts,6,0,45,0
compiler,flags,assignmentCompatability20.ts,4,0,20,0
compiler,flags,ambientExternalModuleWithInternalImportDeclaration_1.ts,1,0,5,0
compiler,flags,unionTypeCallSignatures2.ts,9,0,45,0
compiler,flags,assignmentCompatWithStringIndexer3.ts,8,0,36,0
compiler,flags,innerTypeParameterShadowingOuterOne2.ts,8,0,44,0
compiler,flags,stringLiteralTypesTypePredicates01.ts,9,0,44,0
compiler,flags,spreadNonObject1.ts,2,0,10,0
compiler,flags,typeParameterUsedAsTypeParameterConstraint.ts,18,0,84,0
compiler,flags,objectTypeHidingMembersOfObjectAssignmentCompat2.ts,12,0,54,0
compiler,flags,intersectionTypeInference2.ts,4,0,20,0
compiler,flags,contextuallyTypedStringLiteralsInJsxAttributes01.tsx,6,0,43,0
compiler,flags,ES5For-of18.ts,4,0,20,0
compiler,flags,typeTagOnFunctionReferencesGeneric.js,3,0,15,0
compiler,flags,file2.tsx,1,0,5,0
compiler,flags,/.src/foo.d.ts,2,0,10,0
compiler,flags,voidOperatorInvalidOperations.ts,1,0,5,0
compiler,flags,superCallParameterContextualTyping3.ts,4,0,22,0
compiler,flags,objectLiteralShorthandPropertiesFunctionArgument.ts,5,0,30,0
compiler,flags,iterableArrayPattern29.ts,1,0,5,0
compiler,flags,destructuringParameterProperties1.ts,25,0,216,0
compiler,flags,destructuringCatch.ts,9,0,42,0
compiler,flags,symbolProperty50.ts,3,0,24,0
compiler,flags,privateNameStaticAccessorssDerivedClasses.ts,8,0,44,0
compiler,flags,privateNameCircularReference.ts,6,0,22,0
compiler,flags,awaitUnion_es5.ts,20,0,80,0
compiler,flags,thisInConstructorParameter2.ts,14,0,52,0
compiler,flags,systemModule8.ts,36,0,144,0
compiler,flags,superCallArgsMustMatch.ts,2,0,9,0
compiler,flags,spreadObjectNoCircular1.ts,3,0,12,0
compiler,flags,specializedSignatureAsCallbackParameter1.ts,2,0,10,0
compiler,flags,signatureCombiningRestParameters2.ts,10,0,59,0
compiler,flags,restTypeRetainsMappyness.ts,3,0,13,0
compiler,flags,restParameterAssignmentCompatibility.ts,4,0,18,0
compiler,flags,recursiveReturns.ts,4,0,16,0
compiler,flags,overloadingOnConstants1.ts,16,0,88,0
compiler,flags,objectLiteralComputedNameNoDeclarationError.ts,7,0,62,0
compiler,flags,objectLitIndexerContextualType.ts,12,0,56,0
compiler,flags,noInferCommonPropertyCheck1.ts,8,0,40,0
compiler,flags,nestedBlockScopedBindings6.ts,44,0,172,0
compiler,flags,nearbyIdenticalGenericLambdasAssignable.ts,15,0,75,0
compiler,flags,narrowingNoInfer1.ts,18,0,117,0
compiler,flags,narrowUnknownByTypePredicate.ts,12,0,90,0
compiler,flags,/.src/map.ts,5,0,42,0
compiler,flags,inheritedModuleMembersForClodule.ts,2,0,9,0
compiler,flags,indexedAccessRelation.ts,4,0,19,0
compiler,flags,/main.cts,2,0,14,0
compiler,flags,identityAndDivergentNormalizedTypes.ts,5,0,25,0
compiler,flags,getAndSetAsMemberNames.ts,2,0,8,0
compiler,flags,genericMergedDeclarationUsingTypeParameter.ts,1,0,5,0
compiler,flags,genericCapturingFunctionNarrowing.ts,11,0,65,0
compiler,flags,fallFromLastCase1.ts,2,0,10,0
compiler,flags,discriminateWithOptionalProperty1.ts,8,0,54,0
compiler,flags,declarationEmitDestructuringArrayPattern1.ts,2,0,10,0
compiler,flags,crashIntypeCheckInvocationExpression.ts,4,0,24,0
compiler,flags,controlFlowForCompoundAssignmentToThisMember.ts,25,0,176,0
compiler,flags,contextuallyTypedOptionalProperty.ts,8,0,32,0
compiler,flags,classExpressionTest1.ts,3,0,28,0
compiler,flags,baseCheck.ts,7,0,32,0
compiler,flags,assignmentCompatability18.ts,4,0,20,0
compiler,flags,assignmentCompatability12.ts,4,0,20,0
compiler,flags,arrayLiteralContextualType.ts,2,0,10,0
compiler,flags,aliasInstantiationExpressionGenericIntersectionNoCrash2.ts,1,0,5,0
compiler,flags,abstractClassUnionInstantiation.ts,7,0,35,0
compiler,flags,unionTypeCallSignatures7.ts,1,0,5,0
compiler,flags,narrowingGenericTypeFromInstanceof01.ts,12,0,56,0
compiler,flags,strictTupleLength.ts,15,0,77,0
compiler,flags,stringLiteralTypesOverloads03.ts,6,0,30,0
compiler,flags,invalidUndefinedAssignments.ts,14,0,62,0
compiler,flags,numericIndexingResults.ts,60,0,286,0
compiler,flags,objectTypeWithStringAndNumberIndexSignatureToAny.ts,72,0,324,0
compiler,flags,ES5For-ofTypeCheck9.ts,2,0,10,0
compiler,flags,work.js,7,0,60,0
compiler,flags,use.js,14,0,84,0
compiler,flags,npm.js,13,0,101,0
compiler,flags,/.src/mod.js,5,0,33,0
compiler,flags,parserForStatement9.ts,16,0,84,0
compiler,flags,parserES5ForOfStatement19.ts,2,0,10,0
compiler,flags,uniqueSymbolAssignmentOnGlobalAugmentationSuceeds.ts,8,0,44,0
compiler,flags,unionTypeWithRecursiveSubtypeReduction2.ts,4,0,18,0
compiler,flags,input.ts,4,0,26,0
compiler,flags,typePredicatesOptionalChaining3.ts,13,0,108,0
compiler,flags,typeParameterFixingWithContextSensitiveArguments2.ts,8,0,38,0
compiler,flags,typeParameterArgumentEquivalence5.ts,4,0,18,0
compiler,flags,typeLiteralCallback.ts,10,0,54,0
compiler,flags,typeGuardNarrowsIndexedAccessOfKnownProperty3.ts,16,0,175,0
compiler,flags,typeGuardNarrowsIndexedAccessOfKnownProperty2.ts,8,0,57,0
compiler,flags,thisInSuperCall2.ts,2,0,6,0
compiler,flags,thisInLambda.ts,5,0,21,0
compiler,flags,thisInClassBodyStaticESNext.ts,5,0,15,0
compiler,flags,taggedPrimitiveNarrowing.ts,12,0,56,0
compiler,flags,systemModule14.ts,1,0,13,0
compiler,flags,superWithGenericSpecialization.ts,4,0,22,0
compiler,flags,File.js,3,0,20,0
compiler,flags,stringRawType.ts,2,0,11,0
compiler,flags,specializationsShouldNotAffectEachOther.ts,7,0,38,0
compiler,flags,sourceMapValidationDestructuringVariableStatementNestedObjectBindingPattern.ts,11,0,72,0
compiler,flags,sliceResultCast.ts,2,0,11,0
compiler,flags,simpleRecursionWithBaseCase3.ts,3,0,16,0
compiler,flags,scopeCheckExtendedClassInsidePublicMethod2.ts,3,0,12,0
compiler,flags,returnStatement1.ts,1,0,5,0
compiler,flags,returnInfiniteIntersection.ts,2,0,17,0
compiler,flags,returnInConstructor1.ts,4,0,15,0
compiler,flags,restUnion3.ts,4,0,40,0
compiler,flags,/user.js,8,0,54,0
compiler,flags,/js.js,3,0,32,0
compiler,flags,relationalOperatorComparable.ts,23,0,98,0
compiler,flags,rectype.ts,3,0,15,0
compiler,flags,reachabilityChecks6.ts,19,0,89,0
compiler,flags,promiseTypeInference.ts,1,0,5,0
compiler,flags,overloadOnConstNoStringImplementation2.ts,13,0,69,0
compiler,flags,overloadOnConstNoStringImplementation.ts,7,0,35,0
compiler,flags,objectLiteralFreshnessWithSpread.ts,2,0,14,0
compiler,flags,nestedBlockScopedBindings16.ts,2,0,10,0
compiler,flags,overrideParameterProperty.ts,6,0,27,0
compiler,flags,mod1.js,4,0,26,0
compiler,flags,cb.js,8,0,39,0
compiler,flags,ExportFunctionWithAccessibleTypesInParameterAndReturnTypeAnnotation.ts,1,0,5,0
compiler,flags,part1.ts,5,0,29,0
compiler,flags,interfaceExtendingClassWithProtecteds.ts,4,0,22,0
compiler,flags,c.js,1,0,5,0
compiler,flags,/d.ts,2,0,10,0
compiler,flags,test/foo_3.ts,8,0,50,0
compiler,flags,typeSatisfaction_contextualTyping1.ts,6,0,20,0
compiler,flags,typeGuardsInGlobal.ts,8,0,36,0
compiler,flags,typeGuardsDefeat.ts,25,0,112,0
compiler,flags,callChain.2.ts,5,0,32,0
compiler,flags,nullishCoalescingOperator_not_strict.ts,18,0,72,0
compiler,flags,typeOfThisInFunctionExpression.ts,2,0,6,0
compiler,flags,callOverload.ts,4,0,16,0
compiler,flags,stringEnumInElementAccess01.ts,3,0,14,0
compiler,flags,inOperatorWithValidOperands.ts,42,0,189,0
compiler,flags,additionOperatorWithNullValueAndValidOperator.ts,20,0,76,0
compiler,flags,exponentiationOperatorWithNullValueAndValidOperands.ts,8,0,32,0
compiler,flags,generatorTypeCheck29.ts,2,0,11,0
compiler,flags,taggedTemplateStringsWithTagsTypedAsAnyES6.ts,18,0,116,0
compiler,flags,taggedTemplateStringsWithManyCallAndMemberExpressionsES6.ts,1,0,5,0
compiler,flags,iteratorSpreadInCall7.ts,11,0,68,0
compiler,flags,for-of29.ts,3,0,18,0
compiler,flags,restElementWithInitializer1.ts,3,0,25,0
compiler,flags,iterableArrayPattern7.ts,4,0,27,0
compiler,flags,iterableArrayPattern5.ts,4,0,27,0
compiler,flags,emptyAssignmentPatterns02_ES6.ts,8,0,24,0
compiler,flags,decoratorOnClass6.es6.ts,1,0,6,0
compiler,flags,detachedCommentAtStartOfConstructor1.ts,8,0,35,0
compiler,flags,destructuringPropertyAssignmentNameIsNotAssignmentTarget.ts,4,0,15,0
compiler,flags,destructureOfVariableSameAsShorthand.ts,4,0,22,0
compiler,flags,derivedInterfaceCallSignature.ts,2,0,11,0
compiler,flags,declarationEmitTypeParameterNameShadowedInternally.ts,5,0,32,0
compiler,flags,dataViewConstructor.ts,2,0,10,0
compiler,flags,controlFlowBreakContinueWithLabel.ts,2,0,10,0
compiler,flags,contextualTypingWithGenericAndNonGenericSignature.ts,2,0,10,0
compiler,flags,contextualTypingOfLambdaWithMultipleSignatures.ts,4,0,33,0
compiler,flags,constructorArgWithGenericCallSignature.ts,2,0,10,0
compiler,flags,conditionalReturnExpression.ts,15,0,74,0
compiler,flags,classOrder2.ts,4,0,20,0
compiler,flags,checkSuperCallBeforeThisAccessing8.ts,1,0,3,0
compiler,flags,castParentheses.ts,4,0,30,0
compiler,flags,callOverloads5.ts,2,0,11,0
compiler,flags,blockScopedSameNameFunctionDeclarationES6.ts,2,0,8,0
compiler,flags,blockScopedBindingsReassignedInLoop1.ts,6,0,24,0
compiler,flags,assignmentToConditionalBrandedStringTemplateOrMapping.ts,4,0,22,0
compiler,flags,assignmentCompatability25.ts,4,0,20,0
compiler,flags,assignmentCompat1.ts,8,0,36,0
compiler,flags,assignToPrototype1.ts,5,0,51,0
compiler,flags,arrayEvery.ts,9,0,50,0
compiler,flags,aliasUsedAsNameValue_2.ts,3,0,16,0
compiler,flags,subtypingWithObjectMembersOptionality2.ts,3,0,14,0
compiler,flags,subtypesOfTypeParameterWithConstraints3.ts,18,0,84,0
compiler,flags,arrayLiteralsWithRecursiveGenerics.ts,11,0,50,0
compiler,flags,switchCaseWithIntersectionTypes01.ts,6,0,30,0
compiler,flags,equalityWithEnumTypes.ts,24,0,104,0
compiler,flags,typeParameterAssignability3.ts,22,0,98,0
compiler,flags,thisTypeInTuples.ts,6,0,33,0
compiler,flags,thisTypeErrors2.ts,4,0,15,0
compiler,flags,contextualThisType.ts,4,0,21,0
compiler,flags,stringLiteralTypesInUnionTypes02.ts,19,0,89,0
compiler,flags,spreadUnion.ts,7,0,37,0
compiler,flags,objectSpreadComputedProperty.ts,23,0,154,0
compiler,flags,genericTypeReferenceWithoutTypeArgument.ts,3,0,15,0
compiler,flags,recursiveUnionTypeInference.ts,1,0,5,0
compiler,flags,recursiveFieldSetting.ts,13,0,77,0
compiler,flags,propertyAccessOfReadonlyIndexSignature.ts,3,0,16,0
compiler,flags,propertyAccess3.ts,2,0,14,0
compiler,flags,prespecializedGenericMembers1.ts,3,0,16,0
compiler,flags,partialTypeNarrowedToByTypeGuard.ts,3,0,17,0
compiler,flags,overloadReturnTypes.ts,5,0,21,0
compiler,flags,overloadResolutionOverCTLambda.ts,1,0,5,0
compiler,flags,optionalParamReferencingOtherParams1.ts,6,0,27,0
compiler,flags,optionalArgsWithDefaultValues.ts,1,0,5,0
compiler,flags,numericLiteralsWithTrailingDecimalPoints02.ts,4,0,21,0
compiler,flags,numericIndexerConstraint2.ts,2,0,9,0
compiler,flags,numericIndexExpressions.ts,12,0,48,0
compiler,flags,numberToString.ts,1,0,5,0
compiler,flags,nonNullableReductionNonStrict.ts,6,0,28,0
compiler,flags,/a/b/main.ts,5,0,28,0
compiler,flags,noImplicitReturnsExclusions.ts,21,0,113,0
compiler,flags,noCircularitySelfReferentialGetter3.ts,1,0,5,0
compiler,flags,newOnInstanceSymbol.ts,1,0,5,0
compiler,flags,newLineInTypeofInstantiation.ts,1,0,5,0
compiler,flags,newExpressionWithTypeParameterConstrainedToOuterTypeParameter.ts,1,0,5,0
compiler,flags,narrowByClauseExpressionInSwitchTrue3.ts,28,0,288,0
compiler,flags,namedFunctionExpressionCallErrors.ts,1,0,5,0
compiler,flags,moduleSharesNameWithImportDeclarationInsideIt4.ts,2,0,11,0
compiler,flags,augment.ts,10,0,56,0
compiler,flags,modularizeLibrary_Dom.iterable.ts,4,0,22,0
compiler,flags,modifiersInObjectLiterals.ts,11,0,54,0
compiler,flags,mergedModuleDeclarationWithSharedExportedVar.ts,2,0,10,0
compiler,flags,memberAccessOnConstructorType.ts,3,0,14,0
compiler,flags,mappedTypeParameterConstraint.ts,1,0,5,0
compiler,flags,mappedTypeInferenceAliasSubstitution.ts,4,0,20,0
compiler,flags,mappedTypeGenericWithKnownKeys.ts,14,0,77,0
compiler,flags,jsdocReadonly.js,9,0,48,0
compiler,flags,jsdocOuterTypeParameters1.js,4,0,32,0
compiler,flags,nestedModules.ts,2,0,11,0
compiler,flags,TwoInternalModulesThatMergeEachWithExportedModulesOfTheSameName.ts,1,0,6,0
compiler,flags,interfaceExtendingClassWithProtecteds2.ts,6,0,33,0
compiler,flags,foo_2.ts,5,0,27,0
compiler,flags,incrementOperatorWithEnumType.ts,4,0,12,0
compiler,flags,deleteOperatorInvalidOperations.ts,3,0,13,0
compiler,flags,decrementOperatorWithEnumTypeInvalidOperations.ts,8,0,18,0
compiler,flags,typeGuardsInExternalModule.ts,15,0,78,0
compiler,flags,typeGuardNarrowsToLiteralTypeUnion.ts,3,0,15,0
compiler,flags,TypeGuardWithArrayUnion.ts,9,0,45,0
compiler,flags,nullishCoalescingOperator3.ts,12,0,63,0
compiler,flags,typeArgumentInferenceTransitiveConstraints.ts,7,0,39,0
compiler,flags,superCallParameterContextualTyping2.ts,2,0,10,0
compiler,flags,bar.ts,2,0,10,0
compiler,flags,exponentiationOperatorWithUndefinedValueAndInvalidOperands.ts,12,0,54,0
compiler,flags,generatorTypeCheck27.ts,2,0,11,0
compiler,flags,objectLiteralShorthandPropertiesAssignmentErrorFromMissingIdentifier.ts,3,0,21,0
compiler,flags,objectLiteralShorthandPropertiesAssignment.ts,5,0,49,0
compiler,flags,src/a.ts,1,0,5,0
compiler,flags,/.src/src/b.ts,1,0,5,0
compiler,flags,for-of50.ts,4,0,26,0
compiler,flags,for-of41.ts,3,0,19,0
compiler,flags,for-of20.ts,5,0,32,0
compiler,flags,for-of19.ts,5,0,32,0
compiler,flags,for-of16.ts,4,0,27,0
compiler,flags,nonIterableRestElement3.ts,2,0,12,0
compiler,flags,iterableArrayPattern11.ts,4,0,27,0
compiler,flags,computedPropertyNames51_ES6.ts,7,0,53,0
compiler,flags,computedPropertyNames22_ES6.ts,3,0,12,0
compiler,flags,computedPropertyNames21_ES6.ts,2,0,9,0
compiler,flags,superCallBeforeThisAccessing2.ts,2,0,9,0
compiler,flags,emitClassDeclarationWithConstructorInES6.ts,5,0,21,0
compiler,flags,emitArrowFunctionWhenUsingArguments11_ES6.ts,2,0,10,0
compiler,flags,genericCloneReturnTypes2.ts,18,0,86,0
compiler,flags,genericClasses0.ts,2,0,11,0
compiler,flags,genericArrayPropertyAssignment.ts,3,0,14,0
compiler,flags,functionOverloads30.ts,1,0,5,0
compiler,flags,functionOverloads28.ts,1,0,5,0
compiler,flags,functionCall7.ts,6,0,29,0
compiler,flags,forInStatement6.ts,1,0,5,0
compiler,flags,exportEqualNamespaces.ts,1,0,5,0
compiler,flags,exportAssignmentInternalModule_B.ts,2,0,11,0
compiler,flags,es5-asyncFunctionNestedLoops.ts,10,0,46,0
compiler,flags,errorMessagesIntersectionTypes04.ts,8,0,36,0
compiler,flags,errorMessagesIntersectionTypes03.ts,12,0,54,0
compiler,flags,errorForUsingPropertyOfTypeAsType02.ts,2,0,11,0
compiler,flags,enumMapBackIntoItself.ts,4,0,17,0
compiler,flags,discriminantsAndNullOrUndefined.ts,8,0,47,0
compiler,flags,disallowedBlockScopedInPresenceOfParseErrors1.ts,14,0,74,0
compiler,flags,derivedClasses.ts,14,0,72,0
compiler,flags,deleteOperatorInStrictMode.ts,2,0,8,0
compiler,flags,declarationEmitExpressionInExtends.ts,2,0,11,0
compiler,flags,customEventDetail.ts,5,0,38,0
compiler,flags,crashIntypeCheckObjectCreationExpression.ts,3,0,14,0
compiler,flags,copyrightWithNewLine1.ts,7,0,44,0
compiler,flags,controlFlowWithIncompleteTypes.ts,18,0,104,0
compiler,flags,controlFlowPropertyInitializer.ts,1,0,5,0
compiler,flags,controlFlowAnalysisOnBareThisKeyword.ts,7,0,20,0
compiler,flags,contextualTypingWithGenericSignature.ts,1,0,5,0
compiler,flags,contextualTypingWithFixedTypeParameters1.ts,6,0,38,0
compiler,flags,contextualTypesNegatedTypeLikeConstraintInGenericMappedType1.ts,4,0,20,0
compiler,flags,controlFlowStringIndex.ts,10,0,80,0
compiler,flags,controlFlowConditionalExpression.ts,3,0,13,0
compiler,flags,assertionTypePredicates2.js,6,0,31,0
compiler,flags,staticMemberInitialization.ts,1,0,6,0
compiler,flags,privateNameNestedClassMethodShadowing.ts,8,0,41,0
compiler,flags,derivedClassTransitivity2.ts,6,0,31,0
compiler,flags,classWithStaticMembers.ts,9,0,47,0
compiler,flags,classConstructorParametersAccessibility3.ts,5,0,25,0
compiler,flags,classStaticBlockUseBeforeDef3.ts,11,0,58,0
compiler,flags,classStaticBlock8.ts,27,0,111,0
compiler,flags,classStaticBlock28.ts,3,0,16,0
compiler,flags,asyncFunctionDeclaration3_es6.ts,1,0,5,0
compiler,flags,awaitCallExpression2_es6.ts,4,0,18,0
compiler,flags,asyncUnParenthesizedArrowFunction_es6.ts,2,0,10,0
compiler,flags,arrowFunctionWithParameterNameAsync_es6.ts,2,0,10,0
compiler,flags,await_unaryExpression_es6_3.ts,6,0,20,0
compiler,flags,asyncArrowFunction3_es5.ts,2,0,10,0
compiler,flags,awaitCallExpression3_es2017.ts,4,0,18,0
compiler,flags,arrowFunctionWithParameterNameAsync_es2017.ts,2,0,10,0
compiler,flags,varInFunctionInVarInitializer.ts,1,0,5,0
compiler,flags,unusedTypeParameters3.ts,2,0,9,0
compiler,flags,unusedTypeParameterInMethod2.ts,2,0,10,0
compiler,flags,unusedTypeParameterInFunction2.ts,1,0,5,0
compiler,flags,unusedLocalProperty.ts,4,0,19,0
compiler,flags,uniqueSymbolAllowsIndexInObjectWithIndexSignature.ts,10,0,70,0
compiler,flags,unionTypeWithRecursiveSubtypeReduction1.ts,2,0,11,0
compiler,flags,unionOfFunctionAndSignatureIsCallable.ts,11,0,51,0
compiler,flags,umdDependencyCommentName2.ts,2,0,14,0
compiler,flags,typeofStrictNull.ts,1,0,5,0
compiler,flags,typeParameterConstraintInstantiation.ts,3,0,16,0
compiler,flags,typeParameterAndArgumentOfSameName1.ts,2,0,11,0
compiler,flags,typeGuardNarrowsIndexedAccessOfKnownProperty12.ts,6,0,29,0
compiler,flags,typeGuardNarrowByMutableUntypedField.ts,3,0,17,0
compiler,flags,typeAssertionToGenericFunctionType.ts,5,0,27,0
compiler,flags,thisInAccessors.ts,4,0,12,0
compiler,flags,subtypingTransitivity.ts,8,0,37,0
compiler,flags,stringLiteralPropertyNameWithLineContinuation1.ts,3,0,14,0
compiler,flags,staticVisibility2.ts,4,0,23,0
compiler,flags,staticMethodsReferencingClassTypeParameters.ts,1,0,5,0
compiler,flags,spreadIntersectionJsx.tsx,1,0,5,0
compiler,flags,arrayTypeOfTypeOf.ts,5,0,25,0
compiler,flags,classWithPublicProperty.ts,12,0,67,0
compiler,flags,stringLiteralsWithEqualityChecks01.ts,44,0,166,0
compiler,flags,intersectionOfUnionNarrowing.ts,9,0,65,0
compiler,flags,contextuallyTypeCommaOperator03.ts,2,0,10,0
compiler,flags,withStatements.ts,1,0,5,0
compiler,flags,def.js,3,0,17,0
compiler,flags,module.js,26,0,281,0
compiler,flags,bug25926.js,16,0,116,0
compiler,flags,prototypePropertyAssignmentMergeAcrossFiles2.js,14,0,114,0
compiler,flags,other.js,9,0,77,0
compiler,flags,/.src/npmlog.js,20,0,180,0
compiler,flags,/.src/lateBoundAssignmentDeclarationSupport1.js,9,0,43,0
compiler,flags,inferringClassMembersFromAssignments7.js,21,0,138,0
compiler,flags,constructorFunctionMethodTypeParameters.js,16,0,136,0
compiler,flags,/consumer.ts,2,0,11,0
compiler,flags,/src/consumer.ts,2,0,11,0
compiler,flags,parserForOfStatement18.ts,1,0,5,0
compiler,flags,parserS7.3_A1.1_T2.ts,5,0,18,0
compiler,flags,parserS12.11_A3_T4.ts,6,0,30,0
compiler,flags,app.tsx,6,0,31,0
compiler,flags,38572.js,2,0,12,0
compiler,flags,in.js,10,0,45,0
compiler,flags,ExportModuleWithAccessibleTypesOnItsExportedMembers.ts,1,0,5,0
compiler,flags,genericReturnTypeFromGetter1.ts,2,0,9,0
compiler,flags,genericFunctionsNotContextSensitive.ts,2,0,10,0
compiler,flags,genericCallInferenceConditionalType1.ts,3,0,15,0
compiler,flags,functionsInClassExpressions.ts,8,0,33,0
compiler,flags,functionWithDefaultParameterWithNoStatements14.ts,4,0,16,0
compiler,flags,functionWithDefaultParameterWithNoStatements12.ts,4,0,16,0
compiler,flags,forInStatement2.ts,1,0,5,0
compiler,flags,forInStatement1.ts,1,0,5,0
compiler,flags,t.ts,3,0,15,0
compiler,flags,/node_modules/eslint-plugin-import-x/lib/index.d.ts,2,0,26,0
compiler,flags,exportAssignmentEnum_B.ts,6,0,33,0
compiler,flags,excessPropertyCheckWithSpread.ts,5,0,27,0
compiler,flags,exactOptionalPropertyTypesIdentical.ts,1,0,5,0
compiler,flags,evalAfter0.ts,3,0,10,0
compiler,flags,es6ImportNamedImportNoExportMember_0.ts,1,0,5,0
compiler,flags,es6ClassTest3.ts,6,0,24,0
compiler,flags,emitOneLineVariableDeclarationRemoveCommentsFalse.ts,4,0,20,0
compiler,flags,dynamicImportWithNestedThis_es2015.ts,4,0,20,0
compiler,flags,duplicateErrorAssignability.ts,8,0,37,0
compiler,flags,discriminatingUnionWithUnionPropertyAgainstUndefinedWithoutStrictNullChecks.ts,9,0,57,0
compiler,flags,detachedCommentAtStartOfLambdaFunction1.ts,4,0,18,0
compiler,flags,destructuringTempOccursAfterPrologue.ts,3,0,11,0
compiler,flags,destructureComputedProperty.ts,3,0,15,0
compiler,flags,destructionAssignmentError.ts,6,0,28,0
compiler,flags,derivedTypeCallingBaseImplWithOptionalParams.ts,4,0,22,0
compiler,flags,contextualTypingOfArrayLiterals1.ts,5,0,25,0
compiler,flags,constructorAsType.ts,2,0,9,0
compiler,flags,commentsAfterCaseClauses2.ts,1,0,5,0
compiler,flags,commentsAfterCaseClauses1.ts,1,0,5,0
compiler,flags,collisionThisExpressionAndNameResolution.ts,3,0,16,0
compiler,flags,cloduleSplitAcrossFiles_module.ts,1,0,6,0
compiler,flags,classPropInitializationInferenceWithElementAccess.ts,27,0,241,0
compiler,flags,circularInferredTypeOfVariable.ts,3,0,13,0
compiler,flags,checkSuperCallBeforeThisAccessing5.ts,2,0,9,0
compiler,flags,checkSuperCallBeforeThisAccessing1.ts,5,0,18,0
compiler,flags,decoratorOnClass7.es6.ts,1,0,6,0
compiler,flags,decoratorOnClass5.es6.ts,1,0,6,0
compiler,flags,computedPropertyNamesOnOverloads_ES6.ts,6,0,45,0
compiler,flags,computedPropertyNames17_ES6.ts,2,0,13,0
compiler,flags,superCallBeforeThisAccessing8.ts,3,0,16,0
compiler,flags,superCallBeforeThisAccessing7.ts,3,0,14,0
compiler,flags,superCallBeforeThisAccessing5.ts,2,0,9,0
compiler,flags,emitClassDeclarationWithMethodInES6.ts,3,0,14,0
compiler,flags,symbolType7.ts,17,0,77,0
compiler,flags,symbolType16.ts,2,0,11,0
compiler,flags,symbolType1.ts,12,0,56,0
compiler,flags,symbolProperty9.ts,6,0,40,0
compiler,flags,symbolProperty45.ts,6,0,48,0
compiler,flags,symbolProperty35.ts,4,0,22,0
compiler,flags,symbolProperty33.ts,3,0,24,0
compiler,flags,syncIteratorHelpers.ts,5,0,18,0
compiler,flags,controlFlowForInStatement2.ts,18,0,120,0
compiler,flags,staticFactory1.ts,3,0,14,0
compiler,flags,privateNameJsBadAssignment.js,6,0,32,0
compiler,flags,privateNameHashCharName.ts,2,0,7,0
compiler,flags,privateIndexer2.ts,4,0,23,0
compiler,flags,classExpression4.ts,2,0,10,0
compiler,flags,asyncFunctionDeclaration3_es2017.ts,1,0,5,0
compiler,flags,awaitClassExpression_es2017.ts,2,0,8,0
compiler,flags,variancePropagation.ts,1,0,5,0
compiler,flags,declaration.d.ts,4,0,34,0
compiler,flags,unusedTypeParameterInFunction4.ts,2,0,10,0
compiler,flags,unusedSetterInClass2.ts,3,0,12,0
compiler,flags,unionSignaturesWithThisParameter.ts,2,0,10,0
compiler,flags,typeParametersShouldNotBeEqual.ts,8,0,36,0
compiler,flags,typeAliasDeclareKeywordNewlines.ts,3,0,15,0
compiler,flags,tooManyTypeParameters1.ts,1,0,5,0
compiler,flags,thisInConstructorParameter1.ts,2,0,9,0
compiler,flags,staticOffOfInstance1.ts,2,0,15,0
compiler,flags,staticMemberWithStringAndNumberNames.ts,6,0,24,0
compiler,flags,restIntersection.ts,1,0,5,0
compiler,flags,redefineArray.ts,1,0,5,0
compiler,flags,recursiveIdenticalAssignment.ts,1,0,5,0
compiler,flags,recursiveGenericUnionType2.ts,5,0,31,0
compiler,flags,reachabilityChecks3.ts,4,0,16,0
compiler,flags,reachabilityChecks10.ts,5,0,27,0
compiler,flags,superCallBeforeThisAccessing3.ts,5,0,23,0
compiler,flags,symbolType19.ts,6,0,25,0
compiler,flags,symbolProperty49.ts,3,0,30,0
compiler,flags,symbolProperty34.ts,3,0,24,0
compiler,flags,intlDurationFormat.ts,1,0,7,0
compiler,flags,privateNameImplicitDeclaration.js,2,0,11,0
compiler,flags,classAbstractCrashedOnce.ts,2,0,15,0
compiler,flags,awaitClassExpression_es6.ts,2,0,8,0
compiler,flags,asyncArrowFunction9_es5.ts,2,0,10,0
compiler,flags,voidReturnLambdaValue.ts,4,0,20,0
compiler,flags,voidIsInitialized.ts,8,0,34,0
compiler,flags,unusedVariablesinForLoop4.ts,1,0,5,0
compiler,flags,unusedTypeParameterInMethod1.ts,2,0,10,0
compiler,flags,unusedPrivateVariableInClass4.ts,2,0,9,0
compiler,flags,unusedParametersinConstructor2.ts,3,0,11,0
compiler,flags,unmatchedParameterPositions.ts,2,0,10,0
compiler,flags,undefinedTypeAssignment1.ts,1,0,5,0
compiler,flags,typeParameterArgumentEquivalence4.ts,4,0,18,0
compiler,flags,typeParameterArgumentEquivalence3.ts,4,0,18,0
compiler,flags,typeOfThisInStatics.ts,2,0,6,0
compiler,flags,topFunctionTypeNotCallable.ts,1,0,5,0
compiler,flags,thisInSuperCall1.ts,1,0,3,0
compiler,flags,targetTypeVoidFunc.ts,1,0,5,0
compiler,flags,targetTypeTest3.ts,5,0,29,0
compiler,flags,switchComparableCompatForBrands.ts,1,0,5,0
compiler,flags,superCallFromClassThatHasNoBaseType1.ts,2,0,10,0
compiler,flags,styleOptions.ts,3,0,14,0
compiler,flags,sourceMapValidationWithComments.ts,18,0,72,0
compiler,flags,sourceMapValidationImport.ts,2,0,10,0
compiler,flags,setterWithReturn.ts,1,0,5,0
compiler,flags,recursiveObjectLiteral.ts,2,0,10,0
compiler,flags,bar.js,3,0,17,0
compiler,flags,prototypeOnConstructorFunctions.ts,5,0,38,0
compiler,flags,propertyAccess2.ts,2,0,14,0
compiler,flags,promiseAllOnAny01.ts,5,0,26,0
compiler,flags,parse1.ts,2,0,14,0
compiler,flags,optionalConstructorArgInSuper.ts,2,0,11,0
compiler,flags,numericIndexerTyping2.ts,4,0,18,0
compiler,flags,numberOnLeftSideOfInExpression.ts,3,0,14,0
compiler,flags,noCollisionThisExpressionInFunctionAndVarInGlobal.ts,2,0,11,0
compiler,flags,nestedThisContainer.ts,14,0,102,0
compiler,flags,narrowByParenthesizedSwitchExpression.ts,7,0,46,0
compiler,flags,namedFunctionExpressionCall.ts,1,0,5,0
compiler,flags,multipleExports.ts,1,0,5,0
compiler,flags,app.js,3,0,24,0
compiler,flags,typeofThisInMethodSignature.ts,2,0,13,0
compiler,flags,parserPrivateIdentifierInArrayAssignment.ts,1,0,2,0
compiler,flags,optionalParamterAndVariableDeclaration2.ts,3,0,10,0
compiler,flags,noUnusedLocals_potentialPredicateUnusedParam.ts,2,0,11,0
compiler,flags,noCollisionThisExpressionAndLocalVarInFunction.ts,3,0,16,0
compiler,flags,narrowingTypeofParenthesized1.ts,11,0,42,0
compiler,flags,narrowByClauseExpressionInSwitchTrue2.ts,15,0,67,0
compiler,flags,moduleVariables.ts,9,0,57,0
compiler,flags,declarationEmitVarInElidedBlock.ts,1,0,5,0
compiler,flags,classExpressionPropertyModifiers.ts,2,0,8,0
compiler,flags,prototypePropertyAssignmentMergeAcrossFiles.js,3,0,27,0
compiler,flags,mod.js,4,0,32,0
compiler,flags,bug24754.js,8,0,46,0
compiler,flags,parserForOfStatement20.ts,1,0,5,0
compiler,flags,/main.ts,2,0,10,0
compiler,flags,mod2.js,7,0,39,0
compiler,flags,typeTagOnPropertyAssignment.js,4,0,24,0
compiler,flags,paramTagNestedWithoutTopLevelObject3.js,3,0,27,0
compiler,flags,paramTagNestedWithoutTopLevelObject.js,2,0,15,0
compiler,flags,bug27342.js,3,0,20,0
compiler,flags,classthisboth.js,6,0,26,0
compiler,flags,objectLiteralShorthandPropertiesFunctionArgument2.ts,2,0,13,0
compiler,flags,for-of24.ts,1,0,5,0
compiler,flags,parserRealSource11.ts,3348,0,21403,0
compiler,flags,parserharness.ts,2662,0,16503,0
compiler,flags,fixSignatureCaching.ts,926,0,9541,0
compiler,flags,test.tsx,145,0,754,0
compiler,flags,react.tsx,4,0,20,0
compiler,flags,/.src/preact.tsx,4,0,20,0
compiler,flags,jsxElementType.tsx,37,0,227,0
compiler,flags,tsxReactPropsInferenceSucceedsOnIntersections.tsx,3,0,21,0
compiler,flags,contextuallyTypedJsxChildren2.tsx,23,0,152,0
compiler,flags,checkJsxUnionSFXContextualTypeInferredCorrectly.tsx,6,0,32,0
compiler,flags,intraExpressionInferencesJsx.tsx,17,0,527,0
compiler,flags,conditionalTypeVarianceBigArrayConstraintsPerformance.ts,2,0,10,0
compiler,flags,/other4.ts,16,0,72,0
compiler,flags,intersectionsOfLargeUnions2.ts,19,0,104,0
compiler,flags,complexNarrowingWithAny.ts,1279,0,168683,0
compiler,flags,reactSFCAndFunctionResolvable.tsx,12,0,67,0
compiler,flags,jsDeclarationsNonIdentifierInferredNames.jsx,1,0,5,0
compiler,flags,awaitedType.ts,64,0,292,0
compiler,flags,tsxInvokeComponentType.tsx,4,0,24,0
compiler,flags,jsxGenericComponentWithSpreadingResultOfGenericFunction.tsx,1,0,5,0
compiler,flags,arbitraryModuleNamespaceIdentifiers_module.ts,196,0,1582,0
compiler,flags,APISample_watcher.ts,6,0,30,0
compiler,flags,truthinessCallExpressionCoercion2.ts,257,0,4893,0
compiler,flags,uniqueSymbols.ts,226,0,1239,0
compiler,flags,promiseType.ts,394,0,2125,0
compiler,flags,index.ts,103,0,585,0
compiler,flags,index.mts,32,0,160,0
compiler,flags,/.src/index.cts,4,0,20,0
compiler,flags,privacyCannotNameAccessorDeclFile_consumer.ts,96,0,528,0
compiler,flags,/.src/privacyCannotNameAccessorDeclFile_exporter.ts,20,0,116,0
compiler,flags,identicalTypesNoDifferByCheckOrder.ts,4,0,20,0
compiler,flags,bin.js,4,0,22,0
compiler,flags,privacyImportParseErrors.ts,192,0,1200,0
compiler,flags,index.cts,28,0,140,0
compiler,flags,sourceMapValidationDestructuringForArrayBindingPattern2.ts,388,0,1780,0
compiler,flags,conditionalTypes2.ts,34,0,160,0
compiler,flags,sourceMapValidationDestructuringForArrayBindingPatternDefaultValues2.ts,336,0,1550,0
compiler,flags,nonnullAssertionPropegatesContextualType.ts,2,0,11,0
compiler,flags,contextuallyTypedByDiscriminableUnion.ts,12,0,73,0
compiler,flags,mapUpsert.ts,40,0,232,0
compiler,flags,initializationOrdering1.ts,42,0,210,0
compiler,flags,src/index.mts,22,0,129,0
compiler,flags,parserRealSource9.ts,475,0,4361,0
compiler,flags,identifierVariableWithEscape1.ts,6,0,24,0
compiler,flags,identifierVariableWithEscape2.ts,6,0,24,0
compiler,flags,identifierVariableWithExtendedEscape1.ts,6,0,24,0
compiler,flags,identifierVariableWithExtendedEscape2.ts,6,0,24,0
compiler,flags,IdentifierNameWithEscape1.ts,18,0,72,0
compiler,flags,IdentifierNameWithEscape2.ts,18,0,72,0
compiler,flags,IdentifierNameWithExtendedEscape1.ts,18,0,72,0
compiler,flags,IdentifierNameWithExtendedEscape2.ts,18,0,72,0
compiler,flags,PrivateIdentifierNameWithEscape1.ts,18,0,60,0
compiler,flags,PrivateIdentifierNameWithEscape2.ts,18,0,60,0
compiler,flags,PrivateIdentifierNameWithExtendedEscape1.ts,18,0,60,0
compiler,flags,PrivateIdentifierNameWithExtendedEscape2.ts,18,0,60,0
compiler,flags,index.tsx,7,0,48,0
compiler,flags,privacyFunctionCannotNameParameterTypeDeclFile_consumer.ts,112,0,616,0
compiler,flags,/.src/privacyFunctionCannotNameParameterTypeDeclFile_exporter.ts,10,0,58,0
compiler,flags,index.js,315,0,2183,0
compiler,flags,genericRestParameters1.ts,159,0,721,0
compiler,flags,genericsManyTypeParameters.ts,109,0,653,0
compiler,flags,recursiveTypeReferences1.ts,75,0,391,0
compiler,flags,parserRealSource4.ts,417,0,2226,0
compiler,flags,1.ts,87,0,475,0
compiler,flags,2.ts,246,0,1420,0
compiler,flags,sourceMapValidationDestructuringForOfArrayBindingPatternDefaultValues2.ts,198,0,1070,0
compiler,flags,genericRestParameters3.ts,41,0,183,0
compiler,flags,main.ts,123,0,797,0
compiler,flags,esNextWeakRefs_IterableWeakMap.ts,133,0,756,0
compiler,flags,inferFromGenericFunctionReturnTypes3.ts,34,0,182,0
compiler,flags,esDecorators-classDeclaration-fields-nonStatic.ts,16,0,62,0
compiler,flags,typeParameterConstModifiers.ts,11,0,72,0
compiler,flags,unknownControlFlow.ts,257,0,1579,0
compiler,flags,objectTypeWithStringNamedNumericProperty.ts,280,0,1380,0
compiler,flags,typeOfThisInStaticMembers10.ts,232,0,960,0
compiler,flags,numberVsBigIntOperations.ts,239,0,1100,0
compiler,flags,cjs.js,8,0,66,0
compiler,flags,cjs2.js,8,0,48,0
compiler,flags,cjs3.js,10,0,62,0
compiler,flags,cjs4.js,10,0,62,0
compiler,flags,usingDeclarations.3.ts,20,0,100,0
compiler,flags,/index.ts,24,0,123,0
compiler,flags,variadicTuples2.ts,38,0,173,0
compiler,flags,neverReturningFunctions1.ts,124,0,653,0
compiler,flags,assignmentCompatWithDiscriminatedUnion.ts,45,0,220,0
compiler,flags,inferTypesWithExtends1.ts,2,0,10,0
compiler,flags,exponentiationOperatorInTemplateStringWithSyntaxError3.ts,436,0,1592,0
compiler,flags,parserRealSource2.ts,34,0,175,0
compiler,flags,blockScopedVariablesUseBeforeDef.ts,68,0,372,0
compiler,flags,es6ImportNamedImportInEs5_0.ts,4,0,20,0
compiler,flags,es6ImportNamedImportInEs5_1.ts,24,0,120,0
compiler,flags,autoAccessor6.ts,6,0,36,0
compiler,flags,contextualTypeFunctionObjectPropertyIntersection.ts,11,0,57,0
compiler,flags,strictSubtypeAndNarrowing.ts,76,0,374,0
compiler,flags,a.ts,100,0,711,0
compiler,flags,b.ts,90,0,568,0
compiler,flags,declarationEmitHigherOrderRetainedGenerics.ts,18,0,92,0
compiler,flags,keyofAndIndexedAccessErrors.ts,143,0,759,0
compiler,flags,subfolder/index.ts,12,0,80,0
compiler,flags,file.ts,8,0,56,0
compiler,flags,unknownType1.ts,74,0,397,0
compiler,flags,privateNameInInExpression.ts,154,0,790,0
compiler,flags,exponentiationOperatorSyntaxError2.ts,348,0,1054,0
compiler,flags,objectSpreadRepeatedNullCheckPerf.ts,183,0,1745,0
compiler,flags,privacyGloImportParseErrors.ts,68,0,420,0
compiler,flags,contextuallyTypedParametersWithInitializers1.ts,26,0,137,0
compiler,flags,derivedClassOverridesProtectedMembers3.ts,82,0,410,0
compiler,flags,assignmentCompatWithGenericCallSignaturesWithOptionalParameters.ts,269,0,1643,0
compiler,flags,builtinIterator.ts,34,0,166,0
compiler,flags,mappedTypeConstraints2.ts,44,0,203,0
compiler,flags,subfolder/index.js,24,0,180,0
compiler,flags,privateNameInInExpressionTransform.ts,135,0,573,0
compiler,flags,declFileConstructors_0.ts,10,0,48,0
compiler,flags,declFileConstructors_1.ts,10,0,48,0
compiler,flags,emitExponentiationOperatorInTempalteString4.ts,366,0,1260,0
compiler,flags,file.js,63,0,371,0
compiler,flags,reverseMappedPartiallyInferableTypes.ts,35,0,339,0
compiler,flags,/foo.ts,16,0,56,0
compiler,flags,arrayFrom.ts,55,0,340,0
compiler,flags,comparisonOperatorWithNoRelationshipTypeParameter.ts,360,0,1680,0
compiler,flags,mixinClassesAnnotated.ts,34,0,162,0
compiler,flags,m2.ts,36,0,289,0
compiler,flags,m4.ts,20,0,184,0
compiler,flags,test.ts,51,0,350,0
compiler,flags,instantiationExpressionErrors.ts,95,0,447,0
compiler,flags,logicalAssignment11.ts,57,0,339,0
compiler,flags,narrowingMutualSubtypes.ts,118,0,675,0
compiler,flags,file.tsx,224,0,1370,0
compiler,flags,constEnums.ts,54,0,320,0
compiler,flags,readonlyMembers.ts,144,0,606,0
compiler,flags,APISample_jsdoc.ts,15,0,93,0
compiler,flags,restPropertyWithBindingPattern.ts,4,0,44,0
compiler,flags,privateNameComputedPropertyName3.ts,51,0,240,0
compiler,flags,c.ts,4,0,28,0
compiler,flags,typeArgumentInference.ts,34,0,171,0
compiler,flags,privacyLocalInternalReferenceImportWithExport.ts,56,0,296,0
compiler,flags,sourceMapValidationDestructuringForOfArrayBindingPattern2.ts,224,0,1212,0
compiler,flags,asyncFunctionReturnType.ts,53,0,284,0
compiler,flags,mixinAbstractClassesReturnTypeInference.ts,1,0,5,0
compiler,flags,varianceAnnotations.ts,23,0,103,0
compiler,flags,typeGuardsInClassAccessors.ts,288,0,1280,0
compiler,flags,taggedTemplatesWithTypeArguments1.ts,40,0,227,0
compiler,flags,controlFlowPropertyDeclarations.ts,89,0,576,0
compiler,flags,jsxChildrenGenericContextualTypes.tsx,19,0,248,0
compiler,flags,/.src/monorepo/pkg3/src/keys.ts,2,0,11,0
compiler,flags,taggedTemplateStringsTypeArgumentInferenceES6.ts,25,0,122,0
compiler,flags,autoAccessor2.ts,36,0,120,0
compiler,flags,genericCallToOverloadedMethodWithOverloadedArguments.ts,12,0,66,0
compiler,flags,esDecorators-classDeclaration-accessors-nonStaticAbstract.ts,16,0,56,0
compiler,flags,unusedLocalsInMethod4.ts,86,0,454,0
compiler,flags,controlFlowFunctionLikeCircular_1.ts,2,0,17,0
compiler,flags,controlFlowFunctionLikeCircular_2.ts,4,0,21,0
compiler,flags,controlFlowFunctionLikeCircular_3.ts,6,0,31,0
compiler,flags,controlFlowFunctionLikeCircular_4.ts,5,0,26,0
compiler,flags,controlFlowFunctionLikeCircular_5.ts,7,0,73,0
compiler,flags,controlFlowFunctionLikeCircular_6.ts,7,0,66,0
compiler,flags,controlFlowFunctionLikeCircular_7.ts,7,0,59,0
compiler,flags,controlFlowFunctionLikeCircular_8.ts,7,0,33,0
compiler,flags,controlFlowFunctionLikeCircular_9.ts,10,0,77,0
compiler,flags,controlFlowFunctionLikeCircular_10.ts,9,0,77,0
compiler,flags,circularlyConstrainedMappedTypeContainingConditionalNoInfiniteInstantiationDepth.ts,1,0,5,0
compiler,flags,assignmentCompatWithCallSignatures6.ts,49,0,245,0
compiler,flags,newWithSpreadES6.ts,131,0,563,0
compiler,flags,divergentAccessorsVisibility1.ts,288,0,1296,0
compiler,flags,enumLiteralTypes2.ts,92,0,463,0
compiler,flags,controlFlowArrays.ts,128,0,699,0
compiler,flags,classStaticBlock4.ts,16,0,78,0
compiler,flags,gettersAndSetters.ts,39,0,203,0
compiler,flags,commentsExternalModules_1.ts,28,0,160,0
compiler,flags,/.src/commentsExternalModules_0.ts,4,0,36,0
compiler,flags,yieldInForInInDownlevelGenerator.ts,12,0,58,0
compiler,flags,mapOnTupleTypes01.ts,40,0,202,0
compiler,flags,expr.ts,570,0,2725,0
compiler,flags,enumAssignability.ts,36,0,172,0
compiler,flags,workspace/packageC/index.ts,6,0,36,0
compiler,flags,declarationEmitPromise.ts,34,0,168,0
compiler,flags,privateNamesAssertion.ts,32,0,132,0
compiler,flags,asyncAwait_es5.ts,10,0,50,0
compiler,flags,conditionalTypeAssignabilityWhenDeferred.ts,28,0,134,0
compiler,flags,assignmentCompatWithConstructSignatures3.ts,72,0,324,0
compiler,flags,scannerS7.6_A4.2_T1.ts,66,0,264,0
compiler,flags,derivedClassOverridesProtectedMembers2.ts,100,0,608,0
compiler,flags,capturedLetConstInLoop2_ES6.ts,196,0,904,0
compiler,flags,contextualTypeWithTuple.ts,14,0,63,0
compiler,flags,functionImplementationErrors.ts,4,0,20,0
compiler,flags,button.ts,1,0,5,0
compiler,flags,/.src/lit.ts,4,0,45,0
compiler,flags,library_DatePrototypeProperties.ts,132,0,748,0
compiler,flags,downlevelLetConst15.ts,38,0,190,0
compiler,flags,comparisonOperatorWithIdenticalObjects.ts,336,0,1568,0
compiler,flags,classStaticBlock9.ts,16,0,72,0
compiler,flags,contextualTypeLogicalOr.ts,62,0,3381,0
compiler,flags,subtypesOfTypeParameter.ts,112,0,516,0
compiler,flags,jsDeclarationsExportAssignedConstructorFunction.js,24,0,196,0
compiler,flags,/b.ts,31,0,158,0
compiler,flags,/c.ts,9,0,51,0
compiler,flags,/d.ts,12,0,63,0
compiler,flags,/f.ts,14,0,75,0
compiler,flags,/g.ts,6,0,32,0
compiler,flags,/i.ts,3,0,16,0
compiler,flags,/l.ts,2,0,11,0
compiler,flags,protectedInstanceMemberAccessibility.ts,66,0,408,0
compiler,flags,client.ts,35,0,178,0
compiler,flags,objectTypesIdentityWithNumericIndexers3.ts,9,0,111,0
compiler,flags,parserRegularExpressionDivideAmbiguity6.ts,340,0,1126,0
compiler,flags,decrementOperatorWithUnsupportedStringType.ts,71,0,294,0
compiler,flags,C8.ts,2,0,9,0
compiler,flags,typeOfThisInStaticMembers3.ts,44,0,180,0
compiler,flags,unreachableDeclarations.ts,88,0,488,0
compiler,flags,asyncFunctionContextuallyTypedReturns.ts,28,0,156,0
compiler,flags,assignmentCompatWithCallSignatures4.ts,48,0,216,0
compiler,flags,comparisonOperatorWithSubtypeEnumAndNumber.ts,80,0,368,0
compiler,flags,typeOfThisInStaticMembers7.ts,60,0,212,0
compiler,flags,doYouNeedToChangeYourTargetLibraryES2016Plus.ts,21,0,132,0
compiler,flags,capturedShorthandPropertyAssignmentNoCheck.ts,20,0,166,0
compiler,flags,contextuallyTypedIifeStrict.ts,40,0,187,0
compiler,flags,sharedMemory.ts,29,0,172,0
compiler,flags,typeGuardsAsAssertions.ts,100,0,532,0
compiler,flags,genericCallInferenceInConditionalTypes1.ts,4,0,20,0
compiler,flags,wrapClass.ts,5,0,99,0
compiler,flags,spreadObjectOrFalsy.ts,41,0,279,0
compiler,flags,validate.ts,33,0,164,0
compiler,flags,/.src/index.js,41,0,241,0
compiler,flags,compoundAssignmentLHSIsValue.ts,148,0,608,0
compiler,flags,restUnion.ts,3,0,15,0
compiler,flags,narrowingIntersection.ts,9,0,52,0
compiler,flags,implicitIndexSignatures.ts,18,0,86,0
compiler,flags,declarationEmitExactOptionalPropertyTypesNodeNotReused.ts,2,0,10,0
compiler,flags,argumentsObjectIterator01_ES5.ts,12,0,60,0
compiler,flags,assignmentToParenthesizedIdentifiers.ts,38,0,146,0
compiler,flags,awaitCallExpression4_es5.ts,12,0,50,0
compiler,flags,/types.ts,2,0,10,0
compiler,flags,/a.js,88,0,578,0
compiler,flags,declarationEmitMappedTypePreservesTypeParameterConstraint.ts,3,0,16,0
compiler,flags,/app.ts,13,0,65,0
compiler,flags,narrowingTruthyObject.ts,71,0,2395,0
compiler,flags,Card.ts,5,0,131,0
compiler,flags,asyncFunctionReturnType.2.ts,1,0,3,0
compiler,flags,numericStringLiteralTypes.ts,11,0,52,0
compiler,flags,ES5SymbolProperty1.ts,20,0,110,0
compiler,flags,functionsWithImplicitReturnTypeAssignableToUndefined.ts,24,0,132,0
compiler,flags,usage.ts,6,0,29,0
compiler,flags,contextSensitiveReturnTypeInference.ts,31,0,267,0
compiler,flags,unionTypeIndexSignature.ts,24,0,96,0
compiler,flags,ES5For-of22.ts,6,0,32,0
compiler,flags,emitArrowFunctionWhenUsingArguments13_ES6.ts,2,0,10,0
compiler,flags,typeGuardNarrowsIndexedAccessOfKnownProperty1.ts,89,0,809,0
compiler,flags,decl.ts,6,0,58,0
compiler,flags,capturedLetConstInLoop6_ES6.ts,176,0,760,0
compiler,flags,mappedTypeModifiers.ts,23,0,110,0
compiler,flags,destructuringArrayBindingPatternAndAssignment2.ts,8,0,64,0
compiler,flags,privacyTopLevelInternalReferenceImportWithExport.ts,28,0,148,0
compiler,flags,contextuallyTypeAsyncFunctionReturnTypeFromUnion.ts,8,0,43,0
compiler,flags,ifDoWhileStatements.ts,39,0,195,0
compiler,flags,sourceMapValidationDestructuringVariableStatementArrayBindingPattern.ts,20,0,116,0
compiler,flags,Element.ts,8,0,42,0
compiler,flags,other.ts,12,0,84,0
compiler,flags,commentsCommentParsing.ts,28,0,126,0
compiler,flags,objectTypesIdentityWithGenericCallSignaturesDifferingByReturnType.ts,9,0,111,0
compiler,flags,emitArrowFunctionWhenUsingArguments06.ts,2,0,10,0
compiler,flags,awaitCallExpression1_es5.ts,6,0,30,0
compiler,flags,global.ts,2,0,10,0
compiler,flags,module.ts,2,0,10,0
compiler,flags,genericIndexedAccessMethodIntersectionCanBeAccessed.ts,8,0,36,0
compiler,flags,contextualParamTypeVsNestedReturnTypeInference3.ts,1,0,5,0
compiler,flags,assignmentCompatWithCallSignaturesWithOptionalParameters.ts,90,0,450,0
compiler,flags,parserES5SymbolProperty3.ts,6,0,44,0
compiler,flags,file2.js,21,0,125,0
compiler,flags,/.src/file.js,2,0,12,0
compiler,flags,readonlyInDeclarationFile.ts,2,0,10,0
compiler,flags,noCircularitySelfReferentialGetter1.ts,1,0,5,0
compiler,flags,genericChainedCalls.ts,20,0,116,0
compiler,flags,covariantCallbacks.ts,44,0,198,0
compiler,flags,emptyAssignmentPatterns04_ES5.ts,16,0,48,0
compiler,flags,optionalParamReferencingOtherParams2.ts,5,0,25,0
compiler,flags,external.tsx,2,0,10,0
compiler,flags,script.tsx,2,0,10,0
compiler,flags,destructuringTypeGuardFlow.ts,35,0,364,0
compiler,flags,aliasErrors.ts,7,0,39,0
compiler,flags,functionConstraintSatisfaction2.ts,11,0,55,0
compiler,flags,foo.js,36,0,215,0
compiler,flags,esDecorators-classDeclaration-fields-nonStaticAmbient.ts,8,0,28,0
compiler,flags,decoratorOnClass9.ts,6,0,34,0
compiler,flags,discriminateWithOptionalProperty3.ts,20,0,122,0
compiler,flags,correctOrderOfPromiseMethod.ts,16,0,122,0
compiler,flags,spreadObjectWithIndexDoesNotAddUndefinedToLocalIndex.ts,2,0,11,0
compiler,flags,privacyCannotNameVarTypeDeclFile_consumer.ts,64,0,352,0
compiler,flags,/.src/privacyCannotNameVarTypeDeclFile_exporter.ts,10,0,58,0
compiler,flags,narrowByClauseExpressionInSwitchTrue7.ts,67,0,407,0
compiler,flags,/test.tsx,8,0,42,0
compiler,flags,declFileTypeAnnotationVisibilityErrorTypeLiteral.ts,6,0,30,0
compiler,flags,bigIntWithTargetES2016.ts,6,0,28,0
compiler,flags,numericLiteralTypes3.ts,116,0,531,0
compiler,flags,a.js,318,0,2433,0
compiler,flags,assignmentGenericLookupTypeNarrowing.ts,7,0,34,0
compiler,flags,/call.ts,1,0,5,0
compiler,flags,/new.ts,1,0,5,0
compiler,flags,/callAny.ts,2,0,10,0
compiler,flags,/super.ts,1,0,5,0
compiler,flags,/.src/MyComponent.ts,4,0,18,0
compiler,flags,controlFlowInstanceofWithSymbolHasInstance.ts,84,0,630,0
compiler,flags,templateLiteralTypes2.ts,102,0,435,0
compiler,flags,bitwiseNotOperatorWithStringType.ts,39,0,155,0
compiler,flags,restElementWithAssignmentPattern2.ts,2,0,26,0
compiler,flags,mixinAbstractClasses.ts,9,0,49,0
compiler,flags,mappedTypeRecursiveInference2.ts,6,0,33,0
compiler,flags,isolatedDeclarationErrorsClasses.ts,14,0,108,0
compiler,flags,es5-asyncFunctionNewExpressions.ts,222,0,986,0
compiler,flags,/p1/index.ts,1,0,5,0
compiler,flags,collisionCodeGenModuleWithModuleChildren.ts,5,0,25,0
compiler,flags,app.js,11,0,72,0
compiler,flags,awaitUsingDeclarationsTopLevelOfModule.1.ts,4,0,20,0
compiler,flags,symbolDeclarationEmit9.ts,7,0,59,0
compiler,flags,paramsOnlyHaveLiteralTypesWhenAppropriatelyContextualized.ts,21,0,129,0
compiler,flags,isolatedDeclarationErrorsEnums.ts,7,0,26,0
compiler,flags,es5-asyncFunctionDoStatements.ts,88,0,384,0
compiler,flags,destructuredLateBoundNameHasCorrectTypes.ts,6,0,31,0
compiler,flags,complicatedIndexesOfIntersectionsAreInferencable.ts,2,0,11,0
compiler,flags,accessorDeclarationOrder.ts,16,0,68,0
compiler,flags,propertyAccessOnTypeParameterWithConstraints3.ts,30,0,153,0
compiler,flags,parameterInitializersForwardReferencing1.ts,32,0,176,0
compiler,flags,emitArrowFunctionWhenUsingArguments07.ts,2,0,10,0
compiler,flags,typeArgInference.ts,24,0,108,0
compiler,flags,objectFreeze.ts,22,0,110,0
compiler,flags,/a.ts,7,0,39,0
compiler,flags,bigint64ArraySubarray.ts,7,0,38,0
compiler,flags,objectTypesIdentityWithNumericIndexers2.ts,9,0,111,0
compiler,flags,ES5For-of19.ts,8,0,40,0
compiler,flags,mixinAccessors3.ts,2,0,72,0
compiler,flags,file1.tsx,2,0,21,0
compiler,flags,sourceMapValidationDestructuringParametertArrayBindingPatternDefaultValues2.ts,24,0,126,0
compiler,flags,overloadErrorMatchesImplementationElaboaration.ts,2,0,11,0
compiler,flags,implicitAnyFromCircularInference.ts,18,0,84,0
compiler,flags,service.ts,16,0,84,0
compiler,flags,callOverloadViaElementAccessExpression.ts,4,0,20,0
compiler,flags,assignmentCompatWithStringIndexer.ts,24,0,108,0
compiler,flags,twoMergedInterfacesWithDifferingOverloads.ts,6,0,33,0
compiler,flags,compoundExponentiationAssignmentLHSIsValue.ts,74,0,304,0
compiler,flags,privateNameStaticMethodInStaticFieldInit.ts,3,0,17,0
compiler,flags,genericCallAtYieldExpressionInGenericCall2.ts,10,0,49,0
compiler,flags,discriminantsAndTypePredicates.ts,24,0,134,0
compiler,flags,genericCallWithOverloadedFunctionTypedArguments2.ts,9,0,71,0
compiler,flags,parameterInitializersForwardReferencing.ts,48,0,248,0
compiler,flags,targetTypeArgs.ts,4,0,20,0
compiler,flags,narrowingOfDottedNames.ts,36,0,203,0
compiler,flags,expandoFunctionSymbolProperty.ts,5,0,31,0
compiler,flags,file3.ts,3,0,16,0
compiler,flags,arrowFunctionParsingDoesNotConfuseParenthesizedObjectForArrowHead.ts,6,0,55,0
compiler,flags,base.js,7,0,59,0
compiler,flags,/e.ts,4,0,21,0
compiler,flags,t2.ts,8,0,44,0
compiler,flags,emitArrowFunctionWhenUsingArguments13.ts,4,0,20,0
compiler,flags,dependentDestructuredVariablesFromNestedPatterns.ts,31,0,188,0
compiler,flags,superPropertyAccess_ES5.ts,24,0,110,0
compiler,flags,map.ts,10,0,84,0
compiler,flags,child1.ts,7,0,47,0
compiler,flags,/.src/parent.ts,2,0,11,0
compiler,flags,fatarrowfunctionsInFunctions.ts,5,0,35,0
compiler,flags,dynamicNamesErrors.ts,54,0,400,0
compiler,flags,contextualParamTypeVsNestedReturnTypeInference2.ts,1,0,5,0
compiler,flags,objectTypesIdentityWithGenericCallSignaturesOptionalParams3.ts,10,0,148,0
compiler,flags,constructSignatureAssignabilityInInheritance.ts,2,0,11,0
compiler,flags,keyofAndForIn.ts,51,0,240,0
compiler,flags,lateBoundClassMemberAssignmentJS.d.ts,2,0,5,0
compiler,flags,lateBoundClassMemberAssignmentJS.js,12,0,69,0
compiler,flags,autoAccessorExperimentalDecorators.ts,12,0,60,0
compiler,flags,undefinedAsDiscriminantWithUnknown.ts,10,0,56,0
compiler,flags,internalAliasFunctionInsideTopLevelModuleWithExport.ts,3,0,31,0
compiler,flags,getterSetterSubtypeAssignment.ts,113,0,523,0
compiler,flags,es6ImportDefaultBindingAmd_1.ts,2,0,10,0
compiler,flags,declFileTypeofFunction.ts,4,0,38,0
compiler,flags,numericLiteralTypes2.ts,113,0,578,0
compiler,flags,foo_2.ts,1,0,5,0
compiler,flags,comparisonOperatorWithSubtypeObjectOnIndexSignature.ts,192,0,896,0
compiler,flags,taggedTemplateStringsWithIncompatibleTypedTags.ts,13,0,67,0
compiler,flags,computedPropertyNamesOnOverloads_ES5.ts,12,0,93,0
compiler,flags,privateNameInInExpressionUnused.ts,4,0,18,0
compiler,flags,unionTypeErrorMessageTypeRefs01.ts,12,0,54,0
compiler,flags,silentNeverPropagation.ts,8,0,45,0
compiler,flags,c:/root/src/file1.ts,4,0,22,0
compiler,flags,map1.ts,5,0,42,0
compiler,flags,map2.ts,5,0,42,0
compiler,flags,literalFreshnessPropagationOnNarrowing.ts,27,0,129,0
compiler,flags,externModuleClobber.ts,2,0,11,0
compiler,flags,decoratorWithUnderscoreMethod.ts,5,0,25,0
compiler,flags,objectTypesIdentityWithGenericConstructSignaturesDifferingByConstraints.ts,8,0,100,0
compiler,flags,callSignaturesWithOptionalParameters2.ts,26,0,140,0
compiler,flags,emitExponentiationOperatorInTemplateString3ES6.ts,187,0,746,0
compiler,flags,destructuringParameterProperties2.ts,45,0,346,0
compiler,flags,instanceMemberInitialization.ts,10,0,51,0
compiler,flags,promiseTypeInferenceUnion.ts,15,0,81,0
compiler,flags,/index.js,15,0,84,0
compiler,flags,extension.ts,8,0,47,0
compiler,flags,errorsInGenericTypeReference.ts,2,0,12,0
compiler,flags,file1.ts,42,0,257,0
compiler,flags,classAccessorInitializationInferenceWithElementAccess1.ts,43,0,310,0
compiler,flags,genericCallWithOverloadedConstructorTypedArguments.ts,14,0,110,0
compiler,flags,equalityStrictNulls.ts,49,0,221,0
compiler,flags,typeGuardOfFormInstanceOf.ts,75,0,500,0
compiler,flags,requiredMappedTypeModifierTrumpsVariance.ts,22,0,148,0
compiler,flags,jsFileMethodOverloads.js,18,0,126,0
compiler,flags,inferringReturnTypeFromConstructSignatureGeneric.ts,12,0,96,0
compiler,flags,enumAssignmentCompat4.ts,3,0,16,0
compiler,flags,objectTypesIdentityWithGenericCallSignaturesOptionalParams2.ts,10,0,148,0
compiler,flags,ES5For-of37.ts,20,0,102,0
compiler,flags,nullishCoalescingOperator1.ts,46,0,264,0
compiler,flags,computedPropertyNames11_ES5.ts,56,0,292,0
compiler,flags,staticPropertyNotInClassType.ts,18,0,130,0
compiler,flags,unionWithIndexSignature.ts,14,0,78,0
compiler,flags,sourceMapValidationDestructuringParameterNestedObjectBindingPatternDefaultValues.ts,20,0,134,0
compiler,flags,internalAliasFunction.ts,3,0,31,0
compiler,flags,es6ImportDefaultBindingFollowedWithNamespaceBindingInEs5_1.ts,2,0,10,0
compiler,flags,errorsOnUnionsOfOverlappingObjects01.ts,4,0,20,0
compiler,flags,controlFlowJavascript.js,26,0,130,0
compiler,flags,contextualTypeWithUnionTypeIndexSignatures.ts,10,0,52,0
compiler,flags,typeParameterConstModifiersReverseMappedTypes.ts,3,0,33,0
compiler,flags,override20.ts,1,0,5,0
compiler,flags,exponentiationOperatorWithEnumUnion.ts,23,0,106,0
compiler,flags,emitArrowFunctionWhenUsingArguments11.ts,2,0,10,0
compiler,flags,controlFlowSuperPropertyAccess.ts,3,0,17,0
compiler,flags,unusedLocalsOnFunctionExpressionWithinFunctionDeclaration2.ts,2,0,10,0
compiler,flags,typeAssignabilityErrorMessage.ts,2,0,10,0
compiler,flags,thisExpressionInCallExpressionWithTypeArguments.ts,1,0,3,0
compiler,flags,propertyAssignment.ts,6,0,28,0
compiler,flags,inferenceShouldFailOnEvolvingArrays.ts,13,0,70,0
compiler,flags,/a/test.ts,4,0,25,0
compiler,flags,/a/b/test.ts,4,0,25,0
compiler,flags,first.ts,6,0,31,0
compiler,flags,another.ts,3,0,14,0
compiler,flags,intersectionWithUnionConstraint.ts,10,0,50,0
compiler,flags,incrementOperatorWithNumberType.ts,48,0,205,0
compiler,flags,exponentiationOperatorWithInvalidOperands.ts,132,0,612,0
compiler,flags,b.js,56,0,395,0
compiler,flags,actual.ts,16,0,96,0
compiler,flags,some_module.ts,4,0,22,0
compiler,flags,emits.ts,8,0,44,0
compiler,flags,strictNullNotNullIndexTypeShouldWork.ts,12,0,57,0
compiler,flags,one.ts,14,0,71,0
compiler,flags,two.ts,12,0,60,0
compiler,flags,three.ts,12,0,60,0
compiler,flags,four.ts,12,0,60,0
compiler,flags,parameterListAsTupleType.ts,1,0,5,0
compiler,flags,noImplicitAnyIndexing.ts,20,0,95,0
compiler,flags,example.ts,3,0,14,0
compiler,flags,importNotElidedWhenNotFound.ts,5,0,25,0
compiler,flags,declFileTypeAnnotationStringLiteral.ts,10,0,50,0
compiler,flags,avoidCycleWithVoidExpressionReturnedFromArrow.ts,6,0,32,0
compiler,flags,readonlyArraysAndTuples.ts,45,0,184,0
compiler,flags,/test/foo.ts,5,0,26,0
compiler,flags,plusOperatorWithAnyOtherType.ts,45,0,196,0
compiler,flags,argumentExpressionContextualTyping.ts,7,0,30,0
compiler,flags,emitArrowFunctionThisCapturing.ts,4,0,16,0
compiler,flags,varianceProblingAndZeroOrderIndexSignatureRelationsAlign.ts,5,0,22,0
compiler,flags,unknownSymbolOffContextualType1.ts,23,0,121,0
compiler,flags,spliceTuples.ts,24,0,84,0
compiler,flags,noUnusedLocals_selfReference.ts,2,0,9,0
compiler,flags,discriminatedUnionTypes1.ts,132,0,1025,0
compiler,flags,objectRestForOf.ts,18,0,108,0
compiler,flags,ES5For-of35.ts,4,0,20,0
compiler,flags,weakType.ts,7,0,37,0
compiler,flags,typedArrays-es6.ts,40,0,150,0
compiler,flags,overloadedConstructorFixesInferencesAppropriately.ts,2,0,11,0
compiler,flags,internalAliasUninitializedModuleInsideTopLevelModuleWithoutExport.ts,2,0,11,0
compiler,flags,genericDerivedTypeWithSpecializedBase2.ts,2,0,9,0
compiler,flags,server.ts,18,0,74,0
compiler,flags,cyclicGenericTypeInstantiation.ts,8,0,77,0
compiler,flags,computedPropertiesNarrowed.ts,43,0,333,0
compiler,flags,circularReferenceInReturnType2.ts,4,0,29,0
compiler,flags,genericCallWithFunctionTypedArguments5.ts,6,0,32,0
compiler,flags,ModuleWithExportedAndNonExportedImportAlias.ts,5,0,28,0
compiler,flags,typeGuardOfFormThisMemberErrors.ts,50,0,264,0
compiler,flags,arithmeticOperatorWithAnyAndNumber.ts,170,0,740,0
compiler,flags,typeGuardsNestedAssignments.ts,20,0,127,0
compiler,flags,protectedStaticClassPropertyAccessibleWithinSubclass.ts,20,0,120,0
compiler,flags,symbolObserverMismatchingPolyfillsWorkTogether.ts,7,0,58,0
compiler,flags,requireEmitSemicolon_1.ts,3,0,17,0
compiler,flags,infinitelyExpandingTypes2.ts,4,0,21,0
compiler,flags,genericCallSpecializedToTypeArg.ts,5,0,32,0
compiler,flags,destructureOptionalParameter.ts,2,0,10,0
compiler,flags,constructorWithSuperAndPrologue.es5.ts,8,0,44,0
compiler,flags,acceptSymbolAsWeakType.ts,40,0,207,0
compiler,flags,intersectionsAndEmptyObjects.ts,28,0,141,0
compiler,flags,index.d.ts,2,0,10,0
compiler,flags,callChainInference.ts,5,0,27,0
compiler,flags,symbolProperty61.ts,16,0,85,0
compiler,flags,symbolProperty61.d.ts,2,0,5,0
compiler,flags,awaitBinaryExpression5_es5.ts,10,0,44,0
compiler,flags,monorepo/core/src/usage.ts,2,0,11,0
compiler,flags,shadowedReservedCompilerDeclarationsWithNoEmit.ts,8,0,32,0
compiler,flags,privateVisibility.ts,14,0,75,0
compiler,flags,narrowingTypeofObject.ts,8,0,30,0
compiler,flags,functionOverloadsOutOfOrder.ts,4,0,28,0
compiler,flags,escapedReservedCompilerNamedIdentifier.ts,12,0,60,0
compiler,flags,declFileGenericType2.ts,4,0,24,0
compiler,flags,checkSuperCallBeforeThisAccess.ts,42,0,225,0
compiler,flags,capturedLetConstInLoop11.ts,3,0,15,0
compiler,flags,objectTypesIdentityWithGenericConstructSignaturesOptionalParams2.ts,10,0,110,0
compiler,flags,intrinsicTypes.ts,14,0,64,0
compiler,flags,objectTypeWithNumericProperty.ts,32,0,160,0
compiler,flags,typeSatisfaction.ts,2,0,11,0
compiler,flags,destructuringObjectBindingPatternAndAssignment6.ts,26,0,206,0
compiler,flags,computedPropertyNames22_ES5.ts,6,0,24,0
compiler,flags,definiteAssignmentAssertionsWithObjectShortHand.ts,1,0,5,0
compiler,flags,controlFlowAliasingCatchVariables.ts,44,0,218,0
compiler,flags,classStaticBlockUseBeforeDef2.ts,6,0,24,0
compiler,flags,typeOfYieldWithUnionInContextualReturnType.ts,16,0,68,0
compiler,flags,relatedViaDiscriminatedTypeNoError2.ts,5,0,31,0
compiler,flags,invokingNonGenericMethodWithTypeArguments2.ts,2,0,9,0
compiler,flags,inferentialTypingWithFunctionTypeZip.ts,5,0,24,0
compiler,flags,typed_component.ts,11,0,84,0
compiler,flags,classFieldSuperNotAccessible.ts,1,0,6,0
compiler,flags,asyncYieldStarContextualType.ts,10,0,53,0
compiler,flags,2dArrays.ts,5,0,26,0
compiler,flags,extendBooleanInterface.ts,8,0,42,0
compiler,flags,ES5For-ofTypeCheck5.ts,2,0,10,0
compiler,flags,typeTagNoErasure.js,3,0,15,0
compiler,flags,typeGuardsInRightOperandOfAndAndOperator.ts,80,0,422,0
compiler,flags,generatorTypeCheck38.ts,2,0,10,0
compiler,flags,taggedTemplateStringsWithOverloadResolution3.ts,7,0,47,0
compiler,flags,emptyAssignmentPatterns03_ES6.ts,8,0,24,0
compiler,flags,emitArrowFunctionWhenUsingArguments06_ES6.ts,2,0,10,0
compiler,flags,privateNameAccessors.ts,14,0,56,0
compiler,flags,asyncArrowFunctionCapturesThis_es2017.ts,2,0,6,0
compiler,flags,typeInferenceReturnTypeCallback.ts,2,0,9,0
compiler,flags,systemModule9.ts,10,0,62,0
compiler,flags,intersectionTypeInference1.ts,5,0,34,0
compiler,flags,inferStringLiteralUnionForBindingElement.ts,8,0,42,0
compiler,flags,genericFunctionHasFreshTypeArgs.ts,2,0,11,0
compiler,flags,forOfTransformsExpression.ts,7,0,39,0
compiler,flags,divergentAccessorsTypes5.ts,24,0,112,0
compiler,flags,bar.ts,2,0,10,0
compiler,flags,unionTypesAssignability.ts,82,0,386,0
compiler,flags,genericObjectRest.ts,21,0,110,0
compiler,flags,templateTagWithNestedTypeLiteral.js,27,0,250,0
compiler,flags,typeGuardsInModule.ts,79,0,380,0
compiler,flags,logicalAndOperatorWithEveryType.ts,256,0,1240,0
compiler,flags,controlFlowElementAccess.ts,12,0,54,0
compiler,flags,typeofObjectInference.ts,14,0,100,0
compiler,flags,jsxSpreadFirstUnionNoErrors.tsx,10,0,67,0
compiler,flags,node_modules/some-dep/dist/index.d.ts,3,0,72,0
compiler,flags,src/index.ts,2,0,9,0
compiler,flags,contextualTypesNegatedTypeLikeConstraintInGenericMappedType3.ts,4,0,20,0
compiler,flags,assigningFromObjectToAnythingElse.ts,7,0,36,0
compiler,flags,genericCallWithObjectTypeArgsAndConstraints4.ts,12,0,151,0
compiler,flags,assignmentCompatWithObjectMembersOptionality2.ts,53,0,239,0
compiler,flags,thisTypeInTaggedTemplateCall.ts,1,0,2,0
compiler,flags,typesWithProtectedConstructor.ts,4,0,28,0
compiler,flags,usingDeclarationsWithObjectLiterals2.ts,20,0,140,0
compiler,flags,/.src/b.js,92,0,601,0
compiler,flags,foo3.ts,2,0,18,0
compiler,flags,/.src/foo2.ts,2,0,10,0
compiler,flags,typeSatisfaction_propertyNameFulfillment.ts,8,0,51,0
compiler,flags,comparisonOperatorWithSubtypeObjectOnOptionalProperty.ts,48,0,224,0
compiler,flags,computedPropertyNames21_ES5.ts,4,0,18,0
compiler,flags,controlFlowOptionalChain2.ts,54,0,469,0
compiler,flags,typeParameterExtendingUnion1.ts,5,0,27,0
compiler,flags,intraBindingPatternReferences.ts,14,0,90,0
compiler,flags,inferentialTypingUsingApparentType1.ts,2,0,11,0
compiler,flags,es5-asyncFunctionForStatements.ts,62,0,294,0
compiler,flags,doNotElaborateAssignabilityToTypeParameters.ts,4,0,20,0
compiler,flags,declFileInternalAliases.ts,2,0,10,0
compiler,flags,constructorOverloads7.ts,7,0,30,0
compiler,flags,assignmentCompatability23.ts,4,0,20,0
compiler,flags,arguments.ts,1,0,3,0
compiler,flags,weakTypesAndLiterals01.ts,34,0,140,0
compiler,flags,assignmentCompatWithNumericIndexer2.ts,20,0,90,0
compiler,flags,objectSpreadStrictNull.ts,38,0,170,0
compiler,flags,forStatements.ts,4,0,21,0
compiler,flags,bug27025.js,5,0,32,0
compiler,flags,checkJsxSubtleSkipContextSensitiveBug.tsx,3,0,21,0
compiler,flags,conditionalOperatorConditionIsObjectType.ts,138,0,737,0
compiler,flags,exponentiationOperatorSyntaxError1.ts,184,0,560,0
compiler,flags,symbolProperty48.ts,3,0,30,0
compiler,flags,workspace/packageB/index.d.ts,1,0,19,0
compiler,flags,sourceMapValidationClasses.ts,33,0,155,0
compiler,flags,overloadBindingAcrossDeclarationBoundaries.ts,4,0,21,0
compiler,flags,internalAliasClass.ts,1,0,5,0
compiler,flags,fixingTypeParametersRepeatedly2.ts,6,0,32,0
compiler,flags,constEnumSyntheticNodesComments.ts,12,0,88,0
compiler,flags,amdDependencyCommentName1.ts,2,0,14,0
compiler,flags,inferTypes2.ts,3,0,15,0
compiler,flags,bug27099.js,8,0,44,0
compiler,flags,callbackOnConstructor.js,3,0,17,0
compiler,flags,typeArgumentInferenceErrors.ts,3,0,15,0
compiler,flags,for-of45.ts,4,0,22,0
compiler,flags,classPropertyAsPrivate.ts,11,0,59,0
compiler,flags,typeInferenceWithExcessProperties.ts,1,0,5,0
compiler,flags,trivialSubtypeReductionNoStructuralCheck2.ts,6,0,24,0
compiler,flags,promiseVoidErrorCallback.ts,11,0,54,0
compiler,flags,test.d.ts,1,0,5,0
compiler,flags,internalAliasEnumInsideLocalModuleWithoutExportAccessError.ts,2,0,11,0
compiler,flags,indexIntoEnum.ts,1,0,3,0
compiler,flags,es6ImportDefaultBindingFollowedWithNamedImportInEs5_0.ts,4,0,20,0
compiler,flags,es6ImportDefaultBindingFollowedWithNamedImportInEs5_1.ts,12,0,60,0
compiler,flags,dynamicImportWithNestedThis_es5.ts,8,0,40,0
compiler,flags,cf.ts,45,0,182,0
compiler,flags,assignmentNonObjectTypeConstraints.ts,2,0,10,0
compiler,flags,recursiveTypesUsedAsFunctionParameters.ts,2,0,10,0
compiler,flags,typesWithPublicConstructor.ts,4,0,22,0
compiler,flags,negateOperatorWithAnyOtherType.ts,45,0,188,0
compiler,flags,superSymbolIndexedAccess5.ts,12,0,84,0
compiler,flags,templateStringWithEmbeddedArrowFunction.ts,1,0,5,0
compiler,flags,topLevelVarHoistingCommonJS.ts,2,0,6,0
compiler,flags,emitArrowFunctionWhenUsingArguments01_ES6.ts,4,0,12,0
compiler,flags,privateNamesInGenericClasses.ts,36,0,165,0
compiler,flags,privateClassPropertyAccessibleWithinNestedClass.ts,76,0,378,0
compiler,flags,typeofInternalModules.ts,8,0,41,0
compiler,flags,typeGuardNarrowsIndexedAccessOfKnownProperty5.ts,28,0,266,0
compiler,flags,thisBinding2.ts,12,0,54,0
compiler,flags,null.ts,2,0,8,0
compiler,flags,mutuallyRecursiveInference.ts,4,0,18,0
compiler,flags,getterControlFlowStrictNull.ts,12,0,66,0
compiler,flags,genericGetter.ts,4,0,20,0
compiler,flags,es5-asyncFunctionWithStatements.ts,20,0,92,0
compiler,flags,differentTypesWithSameName.ts,1,0,5,0
compiler,flags,declFileExportAssignmentOfGenericInterface_1.ts,2,0,11,0
compiler,flags,assignmentCompatability33.ts,4,0,20,0
compiler,flags,stringLiteralTypesInUnionTypes03.ts,20,0,99,0
compiler,flags,spreadDuplicateExact.ts,28,0,204,0
compiler,flags,mappedTypesAndObjects.ts,8,0,36,0
compiler,flags,parserES5ForOfStatement20.ts,2,0,10,0
compiler,flags,react-consumer.tsx,1,0,5,0
compiler,flags,deleteOperatorWithStringType.ts,39,0,155,0
compiler,flags,nullishCoalescingOperator5.ts,68,0,341,0
compiler,flags,emitExponentiationOperator4.ts,180,0,558,0
compiler,flags,constEnumPropertyAccess1.ts,3,0,13,0
compiler,flags,privateNameStaticMethodAsync.ts,13,0,53,0
compiler,flags,awaitCallExpression5_es5.ts,10,0,52,0
compiler,flags,typeParameterWithInvalidConstraintType.ts,6,0,33,0
compiler,flags,systemJsForInNoException.ts,9,0,56,0
compiler,flags,objectLitTargetTypeCallSite.ts,2,0,11,0
compiler,flags,moduleAliasAsFunctionArgument_1.ts,3,0,16,0
compiler,flags,indexedAccessCanBeHighOrder.ts,14,0,62,0
compiler,flags,heterogeneousArrayAndOverloads.ts,8,0,36,0
compiler,flags,genericClasses4.ts,20,0,98,0
compiler,flags,functionOverloads34.ts,1,0,5,0
compiler,flags,emitDecoratorMetadata_restArgs.ts,8,0,40,0
compiler,flags,classVarianceResolveCircularity1.ts,2,0,6,0
compiler,flags,constraintSatisfactionWithAny.ts,12,0,60,0
compiler,flags,declarationFiles.ts,22,0,144,0
compiler,flags,main.js,25,0,178,0
compiler,flags,interfaceWithPropertyOfEveryType.ts,1,0,5,0
compiler,flags,esnextmodulekindWithES5Target11.ts,2,0,12,0
compiler,flags,voidOperatorWithStringType.ts,25,0,119,0
compiler,flags,commaOperatorOtherInvalidOperation.ts,7,0,30,0
compiler,flags,emitExponentiationOperatorInTemplateString1ES6.ts,187,0,746,0
compiler,flags,restElementWithAssignmentPattern3.ts,2,0,8,0
compiler,flags,es2018IntlAPIs.ts,13,0,72,0
compiler,flags,instanceMemberAssignsToClassPrototype.ts,21,0,217,0
compiler,flags,unusedLocalsAndParametersTypeAliases.ts,3,0,14,0
compiler,flags,typeofEnum.ts,2,0,11,0
compiler,flags,reverseMappedTypeContextualTypeNotCircular.ts,1,0,5,0
compiler,flags,recursiveTypeParameterReferenceError1.ts,4,0,22,0
compiler,flags,recursiveClassBaseType.ts,2,0,10,0
compiler,flags,c:/root/folder1/file1.ts,10,0,55,0
compiler,flags,nestedCallbackErrorNotFlattened.ts,2,0,9,0
compiler,flags,jsxEmptyExpressionNotCountedAsChild2.tsx,2,0,10,0
compiler,flags,intersectionSatisfiesConstraint.ts,6,0,31,0
compiler,flags,genericWithOpenTypeParameters1.ts,10,0,55,0
compiler,flags,genericContextualTypingSpecialization.ts,5,0,25,0
compiler,flags,forInStrictNullChecksNoError.ts,11,0,60,0
compiler,flags,exhaustiveSwitchImplicitReturn.ts,9,0,46,0
compiler,flags,duplicateObjectLiteralProperty_computedNameNegative1.ts,15,0,111,0
compiler,flags,divergentAccessorsTypes4.ts,32,0,156,0
compiler,flags,classInConvertedLoopES5.ts,16,0,112,0
compiler,flags,blockScopedSameNameFunctionDeclarationES5.ts,4,0,16,0
compiler,flags,assignmentCompatability28.ts,4,0,20,0
compiler,flags,mytest.js,2,0,8,0
compiler,flags,indirection.d.ts,3,0,14,0
compiler,flags,indirection2.d.ts,2,0,8,0
compiler,flags,genericCallWithObjectTypeArgsAndConstraints2.ts,7,0,47,0
compiler,flags,objectSpreadNoTransform.ts,5,0,24,0
compiler,flags,plainJSBinderErrors.js,6,0,28,0
compiler,flags,simple.ts,1,0,6,0
compiler,flags,typeGuardOfFormExpr1OrExpr2.ts,61,0,451,0
compiler,flags,iterableArrayPattern17.ts,4,0,27,0
compiler,flags,computedPropertyNames15_ES5.ts,12,0,99,0
compiler,flags,symbolDeclarationEmit10.ts,13,0,93,0
compiler,flags,privateNameAccessorssDerivedClasses.ts,8,0,41,0
compiler,flags,genericSetterInClassTypeJsDoc.js,12,0,50,0
compiler,flags,ES5SymbolProperty4.ts,12,0,76,0
compiler,flags,unusedLocalsOnFunctionDeclarationWithinFunctionDeclaration2.ts,1,0,5,0
compiler,flags,typeParameterConstrainedToOuterTypeParameter2.ts,1,0,5,0
compiler,flags,thisInPropertyBoundDeclarations.ts,17,0,64,0
compiler,flags,setterBeforeGetter.ts,6,0,27,0
compiler,flags,protectedMembersThisParameter.ts,66,0,340,0
compiler,flags,narrowByClauseExpressionInSwitchTrue5.ts,90,0,1109,0
compiler,flags,internalAliasUninitializedModuleInsideLocalModuleWithExport.ts,2,0,11,0
compiler,flags,inferringAnyFunctionType3.ts,2,0,10,0
compiler,flags,defaultIndexProps1.ts,4,0,20,0
compiler,flags,classMemberInitializerWithLamdaScoping3_1.ts,4,0,22,0
compiler,flags,assignmentToParenthesizedExpression1.ts,4,0,12,0
compiler,flags,uniqueSymbolsDeclarationsInJs.js,6,0,30,0
compiler,flags,assignmentCompatWithCallSignatures2.ts,20,0,90,0
compiler,flags,neverInference.ts,11,0,55,0
compiler,flags,ES5For-of16.ts,8,0,36,0
compiler,flags,importStatements.ts,10,0,50,0
compiler,flags,typeGuardsInFunctionAndModuleBlock.ts,93,0,466,0
compiler,flags,comparisonOperatorWithSubtypeObjectOnProperty.ts,96,0,448,0
compiler,flags,exponentiationOperatorWithTemplateStringInvalid.ts,16,0,64,0
compiler,flags,generatorTypeCheck46.ts,6,0,48,0
compiler,flags,taggedTemplateStringsWithIncompatibleTypedTagsES6.ts,13,0,67,0
compiler,flags,destructuringControlFlow.ts,38,0,280,0
compiler,flags,emitArrowFunctionWhenUsingArguments19.ts,2,0,10,0
compiler,flags,accessorsOverrideProperty.ts,6,0,27,0
compiler,flags,classAbstractConstructorAssignability.ts,3,0,15,0
compiler,flags,typeNamedUndefined2.ts,6,0,30,0
compiler,flags,/src/projects/file1.ts,11,0,64,0
compiler,flags,privacyCheckAnonymousFunctionParameter2.ts,1,0,9,0
compiler,flags,objectCreate2.ts,22,0,120,0
compiler,flags,narrowingRestGenericCall.ts,7,0,37,0
compiler,flags,indexedAccessAndNullableNarrowing.ts,34,0,181,0
compiler,flags,genericTypeAssertions1.ts,1,0,5,0
compiler,flags,functionOverloads7.ts,4,0,18,0
compiler,flags,emptyModuleName.ts,1,0,5,0
compiler,flags,divergentAccessorsTypes3.ts,60,0,280,0
compiler,flags,controlFlowDestructuringParameters.ts,1,0,5,0
compiler,flags,constDeclarations-access3.ts,13,0,66,0
compiler,flags,classAttributeInferenceTemplate.ts,24,0,86,0
compiler,flags,blockScopedSameNameFunctionDeclarationStrictES5.ts,4,0,16,0
compiler,flags,assignmentCompatability6.ts,4,0,20,0
compiler,flags,arrayLiteralAndArrayConstructorEquivalence1.ts,14,0,64,0
compiler,flags,genericCallWithFunctionTypedArguments.ts,5,0,25,0
compiler,flags,bestCommonTypeOfConditionalExpressions.ts,15,0,70,0
compiler,flags,emptyTuplesTypeAssertion01.ts,2,0,9,0
compiler,flags,returnStatements.ts,1,0,5,0
compiler,flags,mod.js,19,0,182,0
compiler,flags,use.js,27,0,180,0
compiler,flags,twoInterfacesDifferentRootModule2.ts,16,0,112,0
compiler,flags,typeGuardsInClassMethods.ts,105,0,465,0
compiler,flags,callWithSpread5.ts,6,0,26,0
compiler,flags,destructuringVoid.ts,1,0,5,0
compiler,flags,arbitraryModuleNamespaceIdentifiers_exportEmpty.ts,1,0,5,0
compiler,flags,foo2.ts,3,0,16,0
compiler,flags,awaitBinaryExpression5_es2017.ts,5,0,22,0
compiler,flags,varianceProblingAndZeroOrderIndexSignatureRelationsAlign2.ts,4,0,17,0
compiler,flags,unusedLocalsAndObjectSpread2.ts,2,0,10,0
compiler,flags,thisReferencedInFunctionInsideArrowFunction1.ts,1,0,5,0
compiler,flags,signatureCombiningRestParameters3.ts,4,0,21,0
compiler,flags,recursiveExcessPropertyChecks.ts,1,0,5,0
compiler,flags,noImplicitAnyLoopCrash.ts,10,0,40,0
compiler,flags,jsdocTypeCast.js,8,0,36,0
compiler,flags,dynamicImportTrailingComma.ts,1,0,5,0
compiler,flags,classSideInheritance2.ts,2,0,8,0
compiler,flags,circularConstructorWithReturn.ts,6,0,22,0
compiler,flags,anyInferenceAnonymousFunctions.ts,20,0,125,0
compiler,flags,aliasUsage1_main.ts,12,0,58,0
compiler,flags,/.src/aliasUsage1_moduleA.ts,4,0,32,0
compiler,flags,assignmentCompatWithObjectMembersOptionality.ts,53,0,239,0
compiler,flags,stringLiteralTypesOverloadAssignability05.ts,4,0,18,0
compiler,flags,objectTypeWithCallSignatureHidingMembersOfExtendedFunction.ts,20,0,106,0
compiler,flags,throwInEnclosingStatements.ts,16,0,73,0
compiler,flags,paren.js,4,0,22,0
compiler,flags,twoInterfacesDifferentRootModule.ts,8,0,56,0
compiler,flags,/src/buzz.mts,1,0,5,0
compiler,flags,typeGuardNesting.ts,70,0,1016,0
compiler,flags,emitExponentiationOperatorInTempalteString4ES6.ts,183,0,630,0
compiler,flags,iteratorSpreadInCall9.ts,9,0,59,0
compiler,flags,awaitBinaryExpression2_es2017.ts,4,0,16,0
compiler,flags,C:/a/b/d.ts,2,0,8,0
compiler,flags,substitutionTypeNoMergeOfAssignableType.ts,2,0,11,0
compiler,flags,signatureCombiningRestParameters5.ts,6,0,42,0
compiler,flags,reachabilityChecks4.ts,9,0,48,0
compiler,flags,objectBindingPatternContextuallyTypesArgument.ts,4,0,22,0
compiler,flags,nestedBlockScopedBindings7.ts,1,0,5,0
compiler,flags,modulePreserveTopLevelAwait1.ts,4,0,22,0
compiler,flags,letConstInCaseClauses.ts,20,0,124,0
compiler,flags,interfaceExtendsClassWithPrivate2.ts,5,0,25,0
compiler,flags,indexTypeCheck.ts,26,0,113,0
compiler,flags,genericWithNoConstraintComparableWithCurlyCurly.ts,6,0,30,0
compiler,flags,decoratorUsedBeforeDeclaration.ts,44,0,192,0
compiler,flags,controlFlowNoImplicitAny.ts,32,0,160,0
compiler,flags,classExpressionWithStaticPropertiesES63.ts,15,0,77,0
compiler,flags,assignmentCompatability26.ts,4,0,20,0
compiler,flags,invalidVoidValues.ts,6,0,27,0
compiler,flags,ES5For-of2.ts,2,0,10,0
compiler,flags,expando.ts,23,0,101,0
compiler,flags,bug24492.js,4,0,24,0
compiler,flags,overloadTag2.js,10,0,43,0
compiler,flags,ExportFunctionWithInaccessibleTypesInParameterTypeAnnotation.ts,1,0,5,0
compiler,flags,typeofOperatorWithStringType.ts,51,0,208,0
compiler,flags,propertyAccessChain.3.ts,91,0,1275,0
compiler,flags,additionOperatorWithConstrainedTypeParameter.ts,23,0,99,0
compiler,flags,computedPropertyNamesContextualType3_ES5.ts,8,0,44,0
compiler,flags,globalThisUnknown.ts,6,0,29,0
compiler,flags,declarationEmitThisPredicatesWithPrivateName02.ts,12,0,79,0
compiler,flags,privateProtectedMembersAreNotAccessibleDestructuring.ts,7,0,29,0
compiler,flags,varArgsOnConstructorTypes.ts,11,0,52,0
compiler,flags,typePredicatesCanNarrowByDiscriminant.ts,11,0,73,0
compiler,flags,thisInStaticMethod1.ts,2,0,9,0
compiler,flags,spreadOfObjectLiteralAssignableToIndexSignature.ts,58,0,668,0
compiler,flags,restParameterNoTypeAnnotation.ts,3,0,14,0
compiler,flags,newMap.ts,2,0,10,0
compiler,flags,multiLineErrors.ts,2,0,9,0
compiler,flags,/.src/map.ts,5,0,42,0
compiler,flags,index2.js,2,0,9,0
compiler,flags,index3.js,2,0,9,0
compiler,flags,index4.js,2,0,9,0
compiler,flags,index5.js,2,0,9,0
compiler,flags,index6.js,2,0,9,0
compiler,flags,index7.js,2,0,9,0
compiler,flags,inferenceAndSelfReferentialConstraint.ts,1,0,17,0
compiler,flags,extendedUnicodePlaneIdentifiers.ts,30,0,150,0
compiler,flags,es6ModuleLet.ts,17,0,87,0
compiler,flags,errorSupression1.ts,2,0,14,0
compiler,flags,crashInYieldStarInAsyncFunction.ts,7,0,70,0
compiler,flags,constDeclarations-access2.ts,13,0,58,0
compiler,flags,classExtendsInterfaceThatExtendsClassWithPrivates1.ts,3,0,15,0
compiler,flags,assignmentCompatability42.ts,4,0,20,0
compiler,flags,objectLiteralWidened.ts,8,0,65,0
compiler,flags,tupleLengthCheck.ts,14,0,65,0
compiler,flags,typeofANonExportedType.ts,11,0,57,0
compiler,flags,objectTypeWithStringNamedPropertyOfIllegalCharacters.ts,32,0,156,0
compiler,flags,Compilation.js,6,0,57,0
compiler,flags,github17339.js,1,0,5,0
compiler,flags,generatorAssignability.ts,45,0,228,0
compiler,flags,foo_1.ts,20,0,114,0
compiler,flags,conditionalOperatorConditoinIsAnyType.ts,146,0,796,0
compiler,flags,destructuringVariableDeclaration2.ts,3,0,60,0
compiler,flags,symbolProperty26.ts,6,0,48,0
compiler,flags,controlFlowNullishCoalesce.ts,9,0,62,0
compiler,flags,privateNameMethodCallExpression.ts,32,0,127,0
compiler,flags,optionalChainWithInstantiationExpression2.ts,6,0,26,0
compiler,flags,src/foo.mts,5,0,28,0
compiler,flags,nestedBlockScopedBindings9.ts,2,0,10,0
compiler,flags,jsxLibraryManagedAttributesUnusedGeneric.tsx,3,0,23,0
compiler,flags,genericReversingTypeParameters2.ts,4,0,22,0
compiler,flags,fixingTypeParametersRepeatedly3.ts,6,0,32,0
compiler,flags,es2018ObjectAssign.ts,4,0,22,0
compiler,flags,declInput.ts,2,0,8,0
compiler,flags,controlFlowForCatchAndFinally.ts,27,0,161,0
compiler,flags,contextualReturnTypeOfIIFE.ts,2,0,10,0
compiler,flags,file2.ts,8,0,40,0
compiler,flags,unionTypeCallSignatures6.ts,16,0,86,0
compiler,flags,equalityWithUnionTypes01.ts,44,0,800,0
compiler,flags,stringLiteralTypesAsTypeParameterConstraint01.ts,9,0,57,0
compiler,flags,typeParameterUsedAsTypeParameterConstraint4.ts,13,0,61,0
compiler,flags,types.forAwait.es2018.2.ts,4,0,20,0
compiler,flags,module.js,19,0,167,0
compiler,flags,usage.js,14,0,76,0
compiler,flags,/.src/lateBoundAssignmentDeclarationSupport3.js,16,0,94,0
compiler,flags,0.tsx,2,0,10,0
compiler,flags,0.js,6,0,36,0
compiler,flags,foo.d.ts,1,0,5,0
compiler,flags,logicalNotOperatorWithStringType.ts,39,0,155,0
compiler,flags,taggedTemplatesWithTypeArguments2.ts,5,0,25,0
compiler,flags,newTargetNarrowing.ts,3,0,15,0
compiler,flags,iterableArrayPattern8.ts,5,0,30,0
compiler,flags,destructuringParameterDeclaration3ES5.ts,5,0,18,0
compiler,flags,emitArrowFunctionWhenUsingArguments04_ES6.ts,2,0,10,0
compiler,flags,symbolProperty19.ts,19,0,147,0
compiler,flags,decoratorOnClassConstructor4.ts,6,0,30,0
compiler,flags,privateNameUnused.ts,12,0,54,0
compiler,flags,asyncArrowFunction8_es5.ts,4,0,20,0
compiler,flags,typeParameterLeak.ts,4,0,22,0
compiler,flags,thisCapture1.ts,5,0,26,0
compiler,flags,stringMatchAll.ts,5,0,19,0
compiler,flags,reachabilityChecks7.ts,2,0,10,0
compiler,flags,overloadResolutionOverNonCTObjectLit.ts,4,0,22,0
compiler,flags,nestedSelf.ts,4,0,18,0
compiler,flags,mapConstructor.ts,5,0,25,0
compiler,flags,keyofIsLiteralContexualType.ts,2,0,17,0
compiler,flags,inferFromAnnotatedReturn1.ts,2,0,33,0
compiler,flags,genericTypeArgumentInference1.ts,16,0,88,0
compiler,flags,fatarrowfunctionsErrors.ts,2,0,10,0
compiler,flags,input.js,18,0,187,0
compiler,flags,dottedSymbolResolution1.ts,5,0,27,0
compiler,flags,constructorWithCapturedSuper.ts,14,0,59,0
compiler,flags,computerPropertiesInES5ShouldBeTransformed.ts,2,0,10,0
compiler,flags,classVarianceResolveCircularity2.ts,6,0,24,0
compiler,flags,capturedLetConstInLoop10.ts,24,0,138,0
compiler,flags,assignmentCompatability1.ts,4,0,20,0
compiler,flags,objectTypesIdentity.ts,9,0,111,0
compiler,flags,partiallyNamedTuples.ts,1,0,5,0
compiler,flags,context.js,7,0,36,0
compiler,flags,mappedTypeInferenceErrors.ts,2,0,8,0
compiler,flags,ES5For-of17.ts,12,0,52,0
compiler,flags,thisTypeOfConstructorFunctions.js,44,0,333,0
compiler,flags,/src/consumer.ts,2,0,11,0
compiler,flags,reexport.js,4,0,33,0
compiler,flags,/.src/thing.js,3,0,28,0
compiler,flags,/.src/mod.js,12,0,91,0
compiler,flags,asiPreventsParsingAsNamespace05.ts,2,0,11,0
compiler,flags,bitwiseNotOperatorWithAnyOtherType.ts,62,0,258,0
compiler,flags,for-of58.ts,5,0,27,0
compiler,flags,symbolProperty3.ts,11,0,63,0
compiler,flags,typeOfThisInInstanceMember.ts,34,0,182,0
compiler,flags,classExtendingNonConstructor.ts,1,0,5,0
compiler,flags,asyncArrowFunctionCapturesArguments_es2017.ts,1,0,3,0
compiler,flags,typeParameterAssignmentCompat1.ts,6,0,28,0
compiler,flags,templateLiteralIntersection.ts,2,0,10,0
compiler,flags,propertyOrdering.ts,12,0,90,0
compiler,flags,noUncheckedIndexAccess.ts,10,0,43,0
compiler,flags,noCollisionThisExpressionAndLocalVarInLambda.ts,5,0,26,0
compiler,flags,moduleSharesNameWithImportDeclarationInsideIt2.ts,2,0,11,0
compiler,flags,internalAliasEnum.ts,2,0,11,0
compiler,flags,inlineSourceMap.ts,6,0,32,0
compiler,flags,indexerAssignability.ts,12,0,54,0
compiler,flags,genericCloduleInModule.ts,2,0,11,0
compiler,flags,functionOverloads38.ts,1,0,5,0
compiler,flags,exportAssignmentInterface_B.ts,2,0,11,0
compiler,flags,emptyObjectNotSubtypeOfIndexSignatureContainingObject2.ts,10,0,50,0
compiler,flags,contextualTyping38.ts,1,0,5,0
compiler,flags,classDeclarationBlockScoping2.ts,2,0,9,0
compiler,flags,callbacksDontShareTypes.ts,20,0,107,0
compiler,flags,arrayAugment.ts,2,0,11,0
compiler,flags,aliasUsageInFunctionExpression_main.ts,4,0,25,0
compiler,flags,/.src/aliasUsageInFunctionExpression_moduleA.ts,2,0,16,0
compiler,flags,bivariantInferences.ts,3,0,16,0
compiler,flags,everyTypeAssignableToAny.ts,42,0,189,0
compiler,flags,stringLiteralTypesOverloads04.ts,1,0,5,0
compiler,flags,callSignaturesThatDifferOnlyByReturnType2.ts,4,0,22,0
compiler,flags,narrowFromAnyWithTypePredicate.ts,24,0,142,0
compiler,flags,ES5For-of24.ts,2,0,10,0
compiler,flags,chrome-devtools-DOMExtension.js,7,0,61,0
compiler,flags,exportCodeGen.ts,4,0,16,0
compiler,flags,typeSatisfaction_optionalMemberConformance.ts,7,0,45,0
compiler,flags,optionalChainingInference.ts,31,0,359,0
compiler,flags,logicalOrOperatorWithTypeParameters.ts,40,0,212,0
compiler,flags,templateStringWithEmbeddedArrowFunctionES6.ts,1,0,5,0
compiler,flags,restElementWithAssignmentPattern5.ts,2,0,21,0
compiler,flags,computedPropertyNamesWithStaticProperty.ts,14,0,142,0
compiler,flags,symbolDeclarationEmit11.ts,12,0,108,0
compiler,flags,symbolDeclarationEmit11.d.ts,8,0,32,0
compiler,flags,enumBasics.ts,3,0,15,0
compiler,flags,controlFlowForInStatement.ts,8,0,47,0
compiler,flags,accessorsOverrideProperty9.ts,2,0,8,0
compiler,flags,privateNameAndObjectRestSpread.ts,13,0,78,0
compiler,flags,classConstructorParametersAccessibility2.ts,9,0,47,0
compiler,flags,awaitBinaryExpression2_es5.ts,8,0,32,0
compiler,flags,awaitCallExpression7_es2017.ts,6,0,29,0
compiler,flags,useBeforeDeclaration_propertyAssignment.ts,27,0,176,0
compiler,flags,typeInferenceTypePredicate2.ts,4,0,19,0
compiler,flags,a.d.ts,6,0,30,0
compiler,flags,narrowTypeByInstanceof.ts,18,0,170,0
compiler,flags,mappedTypeNotMistakenlyHomomorphic.ts,4,0,18,0
compiler,flags,knockout.ts,18,0,113,0
compiler,flags,internalAliasInitializedModule.ts,2,0,11,0
compiler,flags,instantiateContextuallyTypedGenericThis.ts,7,0,35,0
compiler,flags,genericWithCallSignatureReturningSpecialization.ts,1,0,5,0
compiler,flags,genericObjectSpreadResultInSwitch.ts,11,0,77,0
compiler,flags,genericArrayAssignment1.ts,2,0,9,0
compiler,flags,forInStatement3.ts,1,0,5,0
compiler,flags,declarationEmitDestructuringObjectLiteralPattern.ts,4,0,92,0
compiler,flags,cyclicTypeInstantiation.ts,6,0,83,0
compiler,flags,collisionThisExpressionAndPropertyNameAsConstuctorParameter.ts,4,0,12,0
compiler,flags,awaitUnionPromise.ts,8,0,44,0
compiler,flags,assignmentCompatability19.ts,4,0,20,0
compiler,flags,genericCallWithArrayLiteralArgs.ts,1,0,37,0
compiler,flags,anyAssignableToEveryType.ts,28,0,134,0
compiler,flags,genericInstantiationEquivalentToObjectLiteral.ts,8,0,38,0
compiler,flags,mappedTypesGenericTuples2.ts,8,0,40,0
compiler,flags,localTypes4.ts,9,0,42,0
compiler,flags,literalTypesWidenInParameterPosition.ts,6,0,24,0
compiler,flags,ES5For-of28.ts,4,0,20,0
compiler,flags,ModuleWithExportedAndNonExportedVariables.ts,1,0,6,0
compiler,flags,test/file1.ts,8,0,54,0
compiler,flags,typeSatisfaction_propNameConstraining.ts,8,0,51,0
compiler,flags,exponentiationOperatorWithTemplateStringInvalidES6.ts,6,0,24,0
compiler,flags,iterableArrayPattern26.ts,1,0,5,0
compiler,flags,computedPropertyNames12_ES6.ts,22,0,138,0
compiler,flags,symbolType9.ts,22,0,99,0
compiler,flags,es2017DateAPIs.ts,2,0,11,0
compiler,flags,constEnumPropertyAccess3.ts,10,0,45,0
compiler,flags,instancePropertiesInheritedIntoClassType.ts,24,0,122,0
compiler,flags,unusedTypeParameters2.ts,2,0,9,0
compiler,flags,typePredicatesOptionalChaining2.ts,16,0,83,0
compiler,flags,strictModeInConstructor.ts,2,0,9,0
compiler,flags,sourceMapValidationForIn.ts,16,0,90,0
compiler,flags,simpleRecursionWithBaseCase2.ts,14,0,76,0
compiler,flags,parameterReferenceInInitializer2.ts,1,0,5,0
compiler,flags,narrowingWithNonNullExpression.ts,11,0,64,0
compiler,flags,narrowByClauseExpressionInSwitchTrue8.ts,10,0,54,0
compiler,flags,modularizeLibrary_ErrorFromUsingES6FeaturesWithOnlyES5Lib.ts,16,0,112,0
compiler,flags,lambdaPropSelf.ts,10,0,49,0
compiler,flags,enumDef.js,11,0,182,0
compiler,flags,interfaceExtendsClassWithPrivate1.ts,15,0,69,0
compiler,flags,implicitAnyWidenToAny.ts,1,0,5,0
compiler,flags,genericFunctions2.ts,3,0,16,0
compiler,flags,genericArray0.ts,1,0,5,0
compiler,flags,functionOverloads32.ts,2,0,10,0
compiler,flags,forAwaitForIntersection1.ts,6,0,30,0
compiler,flags,declarationEmitMergedAliasWithConst.ts,1,0,5,0
compiler,flags,declarationEmitFunctionDuplicateNamespace.ts,1,0,5,0
compiler,flags,contextualTypingOfConditionalExpression.ts,8,0,44,0
compiler,flags,coAndContraVariantInferences7.ts,4,0,40,0
compiler,flags,circularGetAccessor.ts,4,0,18,0
compiler,flags,capturedLetConstInLoop12.ts,17,0,66,0
compiler,flags,assignmentCompatability35.ts,4,0,20,0
compiler,flags,aliasAssignments_1.ts,3,0,14,0
compiler,flags,subtypingWithObjectMembersOptionality3.ts,3,0,14,0
compiler,flags,propertyAccessOnTypeParameterWithConstraints.ts,23,0,118,0
compiler,flags,directDependenceBetweenTypeAliases.ts,3,0,15,0
compiler,flags,stringLiteralTypesOverloadAssignability03.ts,4,0,18,0
compiler,flags,typesWithPrivateConstructor.ts,4,0,28,0
compiler,flags,stringLiteralsWithEqualityChecks02.ts,44,0,166,0
compiler,flags,contextuallyTypedClassExpressionMethodDeclaration01.ts,18,0,88,0
compiler,flags,ES5For-of27.ts,4,0,20,0
compiler,flags,mod1.js,3,0,45,0
compiler,flags,badTypeArguments.js,5,0,34,0
compiler,flags,asiPreventsParsingAsInterface05.ts,1,0,5,0
compiler,flags,file4.ts,6,0,34,0
compiler,flags,file5.ts,1,0,5,0
compiler,flags,decrementOperatorWithNumberType.ts,48,0,205,0
compiler,flags,arrayLiterals2ES6.ts,43,0,150,0
compiler,flags,generatorTypeCheck26.ts,6,0,33,0
compiler,flags,iteratorSpreadInArray8.ts,1,0,5,0
compiler,flags,iterableArrayPattern3.ts,4,0,27,0
compiler,flags,destructuringObjectBindingPatternAndAssignment1ES6.ts,2,0,24,0
compiler,flags,emitArrowFunctionWhenUsingArguments08_ES6.ts,2,0,10,0
compiler,flags,intlDateTimeFormatRangeES2021.ts,4,0,22,0
compiler,flags,controlFlowTruthiness.ts,27,0,135,0
compiler,flags,privateNameSetterNoGetter.ts,6,0,26,0
compiler,flags,privateClassPropertyAccessibleWithinClass.ts,40,0,178,0
compiler,flags,asyncArrowFunctionCapturesArguments_es6.ts,2,0,9,0
compiler,flags,awaitBinaryExpression3_es5.ts,8,0,32,0
compiler,flags,unusedSetterInClass.ts,8,0,36,0
compiler,flags,unusedLocalsAndParametersOverloadSignatures.ts,12,0,56,0
compiler,flags,typeGuardConstructorNarrowAny.ts,96,0,1364,0
compiler,flags,maxConstraints.ts,7,0,38,0
compiler,flags,mappedTypeAsStringTemplate.ts,1,0,5,0
compiler,flags,mapConstructorOnReadonlyTuple.ts,4,0,20,0
compiler,flags,localClassesInLoop.ts,10,0,45,0
compiler,flags,letConstMatchingParameterNames.ts,4,0,20,0
compiler,flags,keyofDoesntContainSymbols.ts,29,0,210,0
compiler,flags,jsxHasLiteralType.tsx,2,0,16,0
compiler,flags,internalAliasVarInsideTopLevelModuleWithExport.ts,1,0,5,0
compiler,flags,internalAliasUninitializedModuleInsideLocalModuleWithoutExportAccessError.ts,2,0,11,0
compiler,flags,internalAliasUninitializedModule.ts,2,0,11,0
compiler,flags,internalAliasInitializedModuleInsideLocalModuleWithoutExport.ts,2,0,11,0
compiler,flags,internalAliasFunctionInsideLocalModuleWithExport.ts,3,0,31,0
compiler,flags,internalAliasEnumInsideTopLevelModuleWithoutExport.ts,2,0,11,0
compiler,flags,interfaceClassMerging.ts,20,0,102,0
compiler,flags,inferringAnyFunctionType4.ts,2,0,10,0
compiler,flags,inferentialTypingUsingApparentType2.ts,2,0,11,0
compiler,flags,inferenceOfNullableObjectTypesWithCommonBase.ts,32,0,160,0
compiler,flags,indirectGlobalSymbolPartOfObjectType.ts,4,0,20,0
compiler,flags,indirectDiscriminantAndExcessProperty.ts,6,0,45,0
compiler,flags,indexedAccessImplicitlyAny.ts,4,0,26,0
compiler,flags,incompleteObjectLiteral1.ts,1,0,5,0
compiler,flags,importInTypePosition.ts,1,0,5,0
compiler,flags,implicitAnyAnyReturningFunction.ts,2,0,10,0
compiler,flags,getAndSetNotIdenticalType3.ts,12,0,58,0
compiler,flags,genericPrototypeProperty.ts,5,0,28,0
compiler,flags,genericObjectLitReturnType.ts,7,0,48,0
compiler,flags,genericInterfaceTypeCall.ts,10,0,54,0
compiler,flags,genericGetter3.ts,4,0,20,0
compiler,flags,genericFunctionsWithOptionalParameters1.ts,8,0,44,0
compiler,flags,genericClasses1.ts,2,0,11,0
compiler,flags,genericCallInferenceUsingThisTypeNoInvalidCacheReuseAfterMappedTypeApplication1.ts,8,0,42,0
compiler,flags,genericArrayAssignmentCompatErrors.ts,26,0,118,0
compiler,flags,genericArray1.ts,2,0,11,0
compiler,flags,functionToFunctionWithPropError.ts,4,0,18,0
compiler,flags,functionCallOnConstrainedTypeVariable.ts,8,0,43,0
compiler,flags,forOfStringConstituents.ts,2,0,11,0
compiler,flags,flowControlTypeGuardThenSwitch.ts,5,0,31,0
compiler,flags,fatArrowfunctionAsType.ts,2,0,9,0
compiler,flags,fakeInfinity1.ts,8,0,37,0
compiler,flags,extendArray.ts,36,0,215,0
compiler,flags,expandoFunctionExpressionsWithDynamicNames2.ts,12,0,90,0
compiler,flags,es6DeclOrdering.ts,7,0,50,0
compiler,flags,es5-asyncFunctionReturnStatements.ts,14,0,58,0
compiler,flags,es5-asyncFunctionConditionals.ts,38,0,166,0
compiler,flags,errorMessageOnObjectLiteralType.ts,4,0,31,0
compiler,flags,emitSkipsThisWithRestParameter.ts,7,0,28,0
compiler,flags,emitCapturingThisInTupleDestructuring2.ts,9,0,40,0
compiler,flags,discriminantPropertyInference.ts,7,0,38,0
compiler,flags,declarationEmitInferredTypeAlias4.ts,1,0,5,0
compiler,flags,declarationEmitComputedNameWithQuestionToken.ts,5,0,28,0
compiler,flags,declarationEmitComputedNameWithQuestionToken.d.ts,2,0,7,0
compiler,flags,context.ts,2,0,10,0
compiler,flags,contextuallyTypedParametersWithQuestionToken.ts,2,0,10,0
compiler,flags,contextualTypingOfTooShortOverloads.ts,3,0,16,0
compiler,flags,contextualTypingOfLambdaWithMultipleSignatures2.ts,2,0,14,0
compiler,flags,contextualTypingFunctionReturningFunction2.ts,1,0,5,0
compiler,flags,contextualSignatureInstantiationWithTypeParameterConstrainedToOuterTypeParameter.ts,1,0,5,0
compiler,flags,contextualOuterTypeParameters.ts,8,0,40,0
compiler,flags,contextualComputedNonBindablePropertyType.ts,5,0,78,0
compiler,flags,constDeclarations_access_2.ts,78,0,365,0
compiler,flags,constDeclarations-access4.ts,13,0,66,0
compiler,flags,commentEmitOnParenthesizedAssertionInReturnStatement.ts,5,0,26,0
compiler,flags,collisionThisExpressionAndLocalVarInLambda.ts,4,0,21,0
compiler,flags,classSideInheritance1.ts,4,0,34,0
compiler,flags,classMemberInitializerScoping.ts,11,0,47,0
compiler,flags,classExtendingAbstractClassWithMemberCalledTheSameAsItsOwnTypeParam.ts,1,0,5,0
compiler,flags,circularObjectLiteralAccessors.ts,12,0,62,0
compiler,flags,circularConstraintYieldsAppropriateError.ts,3,0,17,0
compiler,flags,blockScopedBindingsReassignedInLoop5.ts,15,0,58,0
compiler,flags,symbolProperty58.ts,5,0,33,0
compiler,flags,symbolProperty56.ts,10,0,58,0
compiler,flags,symbolProperty12.ts,6,0,40,0
compiler,flags,symbolDeclarationEmit1.ts,3,0,25,0
compiler,flags,useRegexpGroups.ts,19,0,134,0
compiler,flags,es2016IntlAPIs.ts,8,0,47,0
compiler,flags,importCallExpressionGrammarError.ts,2,0,8,0
compiler,flags,controlFlowWithTemplateLiterals.ts,10,0,55,0
compiler,flags,controlFlowElementAccess2.ts,24,0,151,0
compiler,flags,controlFlowBinaryOrExpression.ts,14,0,81,0
compiler,flags,staticIndexSignature6.ts,14,0,82,0
compiler,flags,staticMemberAssignsToConstructorFunctionMembers.ts,1,0,5,0
compiler,flags,bar.js,3,0,20,0
compiler,flags,thisInInstanceMemberInitializer.ts,2,0,6,0
compiler,flags,initializerReferencingConstructorLocals.ts,8,0,54,0
compiler,flags,privateNameStaticMethodClassExpression.ts,10,0,53,0
compiler,flags,privateNameStaticMethodAssignment.ts,13,0,81,0
compiler,flags,privateNameNestedClassFieldShadowing.ts,8,0,41,0
compiler,flags,privateNameDeclarationMerging.ts,4,0,20,0
compiler,flags,derivedClassWithoutExplicitConstructor2.ts,14,0,66,0
compiler,flags,quotedConstructors.ts,15,0,70,0
compiler,flags,classStaticBlock17.ts,23,0,106,0
compiler,flags,classExpression3.ts,7,0,38,0
compiler,flags,classExtendingClass.ts,12,0,66,0
compiler,flags,awaitCallExpression1_es6.ts,3,0,15,0
compiler,flags,asyncMethodWithSuper_es2017.ts,14,0,59,0
compiler,flags,ambientDeclarations.ts,2,0,12,0
compiler,flags,ES5SymbolType1.ts,4,0,22,0
compiler,flags,wrappedRecursiveGenericType.ts,18,0,92,0
compiler,flags,voidAsNonAmbiguousReturnType_1.ts,2,0,11,0
compiler,flags,unusedParametersInLambda2.ts,1,0,5,0
compiler,flags,unresolvableSelfReferencingAwaitedUnion.ts,14,0,92,0
compiler,flags,unknownTypeArgOnCall.ts,2,0,12,0
compiler,flags,unionOfEnumInference.ts,1,0,5,0
compiler,flags,underscoreThisInDerivedClass01.ts,4,0,22,0
compiler,flags,typeofUsedBeforeBlockScoped.ts,7,0,38,0
compiler,flags,typeofSimple.ts,5,0,25,0
compiler,flags,/src/a.ts,1,0,5,0
compiler,flags,/mod1.ts,6,0,56,0
compiler,flags,/mod2.ts,4,0,21,0
compiler,flags,typeParameterDiamond3.ts,6,0,27,0
compiler,flags,typeParameterCompatibilityAccrossDeclarations.ts,8,0,36,0
compiler,flags,typeGuardNarrowsIndexedAccessOfKnownProperty11.ts,6,0,29,0
compiler,flags,thisInTypeQuery.ts,14,0,76,0
compiler,flags,internalAliasUninitializedModuleInsideLocalModuleWithoutExport.ts,2,0,11,0
compiler,flags,internalAliasInitializedModuleInsideLocalModuleWithoutExportAccessError.ts,2,0,11,0
compiler,flags,internalAliasClassInsideLocalModuleWithoutExportAccessError.ts,4,0,29,0
compiler,flags,infinitelyExpandingTypes3.ts,2,0,9,0
compiler,flags,inferenceFromIncompleteSource.ts,1,0,5,0
compiler,flags,indirectUniqueSymbolDeclarationEmit.ts,5,0,24,0
compiler,flags,inKeywordAndIntersection.ts,14,0,94,0
compiler,flags,implicitAnyGetAndSetAccessorWithAnyReturnType.ts,6,0,27,0
compiler,flags,genericSpecializations3.ts,8,0,40,0
compiler,flags,genericRestArgs.ts,5,0,29,0
compiler,flags,genericConstraintSatisfaction1.ts,2,0,11,0
compiler,flags,genericCloneReturnTypes.ts,12,0,56,0
compiler,flags,genericCallbacksAndClassHierarchy.ts,7,0,38,0
compiler,flags,genericCallbackInvokedInsideItsContainingFunction1.ts,16,0,80,0
compiler,flags,fakeInfinity2.ts,1,0,5,0
compiler,flags,extendGlobalThis2.ts,2,0,11,0
compiler,flags,exportImportMultipleFiles_userCode.ts,3,0,17,0
compiler,flags,/.src/exportImportMultipleFiles_math.ts,3,0,14,0
compiler,flags,/.src/exportImportMultipleFiles_library.ts,2,0,11,0
compiler,flags,excessPropertyCheckingIntersectionWithConditional.ts,2,0,13,0
compiler,flags,emptyArgumentsListComment.ts,2,0,10,0
compiler,flags,elidedEmbeddedStatementsReplacedWithSemicolon.ts,1,0,5,0
compiler,flags,dynamicImportEvaluateSpecifier.ts,7,0,31,0
compiler,flags,duplicateVariablesByScope.ts,8,0,32,0
compiler,flags,detachedCommentAtStartOfLambdaFunction2.ts,4,0,18,0
compiler,flags,destructuringWithGenericParameter.ts,6,0,32,0
compiler,flags,declarationQuotedMembers.ts,1,0,5,0
compiler,flags,bug.ts,6,0,41,0
compiler,flags,declarationEmitPrivateSymbolCausesVarDeclarationToBeEmitted.ts,3,0,20,0
compiler,flags,declarationEmitPrivateSymbolCausesVarDeclarationToBeEmitted.d.ts,2,0,5,0
compiler,flags,covariance1.ts,4,0,20,0
compiler,flags,copyrightWithoutNewLine1.ts,7,0,44,0
compiler,flags,typeFromPropertyAssignment30.ts,3,0,20,0
compiler,flags,propertyAssignmentUseParentType1.ts,9,0,45,0
compiler,flags,/.src/lateBoundAssignmentDeclarationSupport6.js,27,0,168,0
compiler,flags,parserForStatement2.ts,13,0,78,0
compiler,flags,parser509534.ts,8,0,54,0
compiler,flags,parserArrowFunctionExpression6.ts,9,0,31,0
compiler,flags,fileJs.js,1,0,5,0
compiler,flags,fileTs.ts,1,0,5,0
compiler,flags,override6.ts,1,0,5,0
compiler,flags,/.src/mod1.js,13,0,126,0
compiler,flags,jsdocOuterTypeParameters1.js,4,0,32,0
compiler,flags,interfaceExtendingClassWithPrivates.ts,4,0,22,0
compiler,flags,asiPreventsParsingAsInterface02.ts,2,0,10,0
compiler,flags,asiPreventsParsingAsInterface01.ts,2,0,10,0
compiler,flags,plusOperatorWithNumberType.ts,32,0,135,0
compiler,flags,incrementOperatorWithAnyOtherType.ts,70,0,292,0
compiler,flags,typeGuardOfFormFunctionEquality.ts,1,0,5,0
compiler,flags,newOperatorConformance.ts,7,0,35,0
compiler,flags,scopeResolutionIdentifiers.ts,8,0,38,0
compiler,flags,functionCalls.ts,14,0,70,0
compiler,flags,iterableContextualTyping1.ts,2,0,11,0
compiler,flags,conditionalOperatorWithoutIdenticalBCT.ts,31,0,158,0
compiler,flags,esDecorators-classDeclaration-commonjs-classNamespaceMerge.ts,1,0,5,0
compiler,flags,compoundExponentiationAssignmentLHSCanBeAssigned1.ts,39,0,177,0
compiler,flags,es5-asyncFunctionPropertyAccess.ts,24,0,112,0
compiler,flags,errorWithTruncatedType.ts,1,0,5,0
compiler,flags,dottedModuleName2.ts,2,0,12,0
compiler,flags,divergentAccessorsTypes7.ts,16,0,96,0
compiler,flags,discriminateWithMissingProperty.ts,1,0,5,0
compiler,flags,decoratorMetadataPromise.ts,4,0,20,0
compiler,flags,decoratorMetadataForMethodWithNoReturnTypeAnnotation01.ts,2,0,10,0
compiler,flags,declarationEmitDestructuringObjectLiteralPattern2.ts,4,0,92,0
compiler,flags,declInput3.ts,2,0,8,0
compiler,flags,controlFlowInitializedDestructuringVariables.ts,3,0,13,0
compiler,flags,contravariantTypeAliasInference.ts,6,0,30,0
compiler,flags,contextuallyTypingOrOperator.ts,20,0,128,0
compiler,flags,contextuallyTypedByDiscriminableUnion2.ts,3,0,20,0
compiler,flags,contextualTypeAny.ts,4,0,21,0
compiler,flags,constructorOverloads6.ts,7,0,36,0
compiler,flags,constructorOverloads2.ts,8,0,41,0
compiler,flags,constEnumBadPropertyNames.ts,1,0,3,0
compiler,flags,/app/index.ts,3,0,14,0
compiler,flags,commaOperatorInConditionalExpression.ts,14,0,85,0
compiler,flags,collisionThisExpressionAndLocalVarInMethod.ts,4,0,16,0
compiler,flags,collisionExportsRequireAndInternalModuleAliasInGlobalFile.ts,6,0,30,0
compiler,flags,checkInfiniteExpansionTermination.ts,2,0,9,0
compiler,flags,chainedImportAlias_file1.ts,3,0,17,0
compiler,flags,capturedLetConstInLoop13.ts,12,0,67,0
compiler,flags,bigIntWithTargetLessThanES2016.ts,6,0,28,0
compiler,flags,bases.ts,4,0,30,0
compiler,flags,baseConstraintOfDecorator.ts,11,0,47,0
compiler,flags,/.src/b.ts,2,0,11,0
compiler,flags,asyncFunctionWithForStatementNoInitializer.ts,12,0,52,0
compiler,flags,assignmentToObject.ts,2,0,10,0
compiler,flags,topLevelExports.ts,2,0,14,0
compiler,flags,toStringOnPrimitives.ts,2,0,11,0
compiler,flags,thisWhenTypeCheckFails.ts,2,0,9,0
compiler,flags,thisInSuperCall.ts,3,0,9,0
compiler,flags,taggedTemplatesInDifferentScopes.ts,2,0,9,0
compiler,flags,superNewCall1.ts,2,0,10,0
compiler,flags,stripMembersOptionality.ts,8,0,44,0
compiler,flags,strictTypeofUnionNarrowing.ts,24,0,104,0
compiler,flags,specialIntersectionsInMappedTypes.ts,6,0,39,0
compiler,flags,sourceMapValidationWhile.ts,8,0,32,0
compiler,flags,sourceMapValidationFunctionExpressions.ts,6,0,26,0
compiler,flags,sourceMapValidationClassWithDefaultConstructorAndCapturedThisStatement.ts,2,0,9,0
compiler,flags,scopingInCatchBlocks.ts,1,0,5,0
compiler,flags,restArgAssignmentCompat.ts,9,0,36,0
compiler,flags,recursiveIdenticalOverloadResolution.ts,3,0,15,0
compiler,flags,reactNamespaceJSXEmit.tsx,9,0,45,0
compiler,flags,reachabilityChecks1.ts,3,0,15,0
compiler,flags,privateVisibles.ts,4,0,18,0
compiler,flags,privateAccessInSubclass1.ts,2,0,9,0
compiler,flags,privacyCheckOnTypeParameterReferenceInConstructorParameter.ts,1,0,3,0
compiler,flags,c:/root/folder2/file2.ts,3,0,14,0
compiler,flags,optionalParamTypeComparison.ts,4,0,18,0
compiler,flags,objectFreezeLiteralsDontWiden.ts,7,0,37,0
compiler,flags,numericIndexerTyping1.ts,4,0,18,0
compiler,flags,numericIndexerConstraint1.ts,2,0,9,0
compiler,flags,nongenericPartialInstantiationsRelatedInBothDirections.ts,4,0,18,0
compiler,flags,noUnusedLocals_destructuringAssignment.ts,8,0,26,0
compiler,flags,noObjectKeysToKeyofT.ts,2,0,11,0
compiler,flags,noImplicitSymbolToString.ts,36,0,140,0
compiler,flags,noCollisionThisExpressionAndLocalVarInProperty.ts,3,0,15,0
compiler,flags,nestedRecursiveLambda.ts,4,0,20,0
compiler,flags,moduleUnassignedVariable.ts,2,0,10,0
compiler,flags,moduleAssignmentCompat3.ts,4,0,18,0
compiler,flags,missingPropertiesOfClassExpression.ts,2,0,15,0
compiler,flags,C:/foo/bar/Baz/src/sample.ts,1,0,5,0
compiler,flags,lateBoundDestructuringImplicitAnyError.ts,28,0,140,0
compiler,flags,constructorParameterProperties.ts,14,0,83,0
compiler,flags,classStaticBlock27.ts,15,0,78,0
compiler,flags,classAbstractImportInstantiation.ts,1,0,5,0
compiler,flags,mergedInheritedClassInterface.ts,24,0,132,0
compiler,flags,awaitCallExpression6_es6.ts,6,0,29,0
compiler,flags,awaitBinaryExpression4_es6.ts,5,0,18,0
compiler,flags,awaitBinaryExpression1_es6.ts,4,0,16,0
compiler,flags,asyncUnParenthesizedArrowFunction_es5.ts,4,0,20,0
compiler,flags,withStatementErrors.ts,8,0,104,0
compiler,flags,varianceReferences.ts,20,0,90,0
compiler,flags,useBeforeDeclaration_superClass.ts,6,0,27,0
compiler,flags,unwitnessedTypeParameterVariance.ts,4,0,19,0
compiler,flags,unusedParameterProperty2.ts,1,0,5,0
compiler,flags,unionPropertyExistence.ts,22,0,169,0
compiler,flags,umdDependencyCommentName1.ts,2,0,14,0
compiler,flags,typeofStripsFreshness.ts,4,0,20,0
compiler,flags,typePartameterConstraintInstantiatedWithDefaultWhenCheckingDefault.ts,5,0,23,0
compiler,flags,typeParametersShouldNotBeEqual3.ts,8,0,36,0
compiler,flags,typeParameterExtendingUnion2.ts,5,0,27,0
compiler,flags,typeParameterArgumentEquivalence.ts,4,0,18,0
compiler,flags,typeOfPrototype.ts,3,0,16,0
compiler,flags,typeOfOnTypeArg.ts,1,0,11,0
compiler,flags,typeGuardNarrowsIndexedAccessOfKnownProperty10.ts,6,0,31,0
compiler,flags,typeAliasExport.ts,1,0,5,0
compiler,flags,/index.mts,1,0,5,0
compiler,flags,thisExpressionInIndexExpression.ts,2,0,8,0
compiler,flags,ternaryExpressionSourceMap.ts,2,0,12,0
compiler,flags,taggedTemplateStringWithSymbolExpression01.ts,2,0,7,0
compiler,flags,superPropertyElementNoUnusedLexicalThisCapture.ts,1,0,4,0
compiler,flags,super.ts,4,0,22,0
compiler,flags,strictBooleanMemberAssignability.ts,3,0,12,0
compiler,flags,sourceMapValidationLambdaSpanningMultipleLines.ts,1,0,5,0
compiler,flags,sourceMapValidationFunctions.ts,6,0,26,0
compiler,flags,f.ts,1,0,5,0
compiler,flags,assignToFn.ts,3,0,14,0
compiler,flags,arrowFunctionMissingCurlyWithSemicolon.ts,3,0,14,0
compiler,flags,arrayAssignmentTest4.ts,2,0,9,0
compiler,flags,arithmeticOnInvalidTypes.ts,12,0,56,0
compiler,flags,genericContextualTypes3.ts,3,0,14,0
compiler,flags,genericCallWithObjectTypeArgsAndStringIndexer.ts,9,0,59,0
compiler,flags,optionalPropertyAssignableToStringIndexSignature.ts,8,0,37,0
compiler,flags,typeParametersAvailableInNestedScope.ts,13,0,87,0
compiler,flags,wrappedAndRecursiveConstraints.ts,5,0,34,0
compiler,flags,classDoesNotDependOnBaseTypes.ts,9,0,32,0
compiler,flags,genericRestArityStrict.ts,6,0,28,0
compiler,flags,assignFromBooleanInterface2.ts,12,0,54,0
compiler,flags,callSignaturesWithParameterInitializers2.ts,8,0,44,0
compiler,flags,nonPrimitiveIndexingWithForInNoImplicitAny.ts,7,0,34,0
compiler,flags,nonPrimitiveIndexingWithForIn.ts,7,0,34,0
compiler,flags,assignObjectToNonPrimitive.ts,4,0,18,0
compiler,flags,stringLiteralsWithSwitchStatements01.ts,3,0,16,0
compiler,flags,literalTypesAndDestructuring.ts,16,0,78,0
compiler,flags,recursiveIntersectionTypes.ts,18,0,98,0
compiler,flags,intersectionTypeReadonly.ts,15,0,70,0
compiler,flags,intersectionMemberOfUnionNarrowsCorrectly.ts,2,0,11,0
compiler,flags,contextuallyTypeLogicalAnd03.ts,2,0,10,0
compiler,flags,assignEveryTypeToAny.ts,23,0,104,0
compiler,flags,typeFromPropertyAssignment40.js,6,0,37,0
compiler,flags,npm-install.js,17,0,146,0
compiler,flags,38379.js,4,0,22,0
compiler,flags,bug40140.js,6,0,42,0
compiler,flags,/.src/semver.js,9,0,52,0
compiler,flags,first.js,1,0,5,0
compiler,flags,second.js,1,0,5,0
compiler,flags,parser630933.ts,2,0,11,0
compiler,flags,parserAmbiguityWithBinaryOperator2.ts,9,0,34,0
compiler,flags,parserErrantSemicolonInClass1.ts,2,0,14,0
compiler,flags,a.tsx,4,0,21,0
compiler,flags,narrowSwitchOptionalChainContainmentEvolvingArrayNoCrash1.ts,9,0,74,0
compiler,flags,moduleProperty2.ts,2,0,11,0
compiler,flags,mixinOverMappedTypeNoCrash.ts,2,0,8,0
compiler,flags,memberOverride.ts,2,0,11,0
compiler,flags,memberAccessMustUseModuleInstances_1.ts,3,0,17,0
compiler,flags,mappedTypeWithNameClauseAppliedToArrayType.ts,1,0,5,0
compiler,flags,localAliasExportAssignment_1.ts,1,0,5,0
compiler,flags,keyofObjectWithGlobalSymbolIncluded.ts,7,0,50,0
compiler,flags,jsxNestedWithinTernaryParsesCorrectly.tsx,3,0,10,0
compiler,flags,jsxImportSourceNonPragmaComment.tsx,1,0,5,0
compiler,flags,internalAliasVarInsideTopLevelModuleWithoutExport.ts,1,0,5,0
compiler,flags,instanceOfInExternalModules_1.ts,4,0,20,0
compiler,flags,inferentialTypingObjectLiteralMethod2.ts,2,0,11,0
compiler,flags,inferenceFromParameterlessLambda.ts,2,0,11,0
compiler,flags,inferTypeParameterConstraints.ts,3,0,16,0
compiler,flags,indexWithUndefinedAndNullStrictNullChecks.ts,10,0,40,0
compiler,flags,incrementOnNullAssertion.ts,22,0,150,0
compiler,flags,incorrectNumberOfTypeArgumentsDuringErrorReporting.ts,1,0,5,0
compiler,flags,/node_modules/foo/src/index.js,3,0,17,0
compiler,flags,implicitAnyInCatch.ts,4,0,19,0
compiler,flags,genericWithIndexerOfTypeParameterType1.ts,4,0,23,0
compiler,flags,genericTypeWithCallableMembers.ts,4,0,18,0
compiler,flags,genericTemplateOverloadResolution.ts,1,0,5,0
compiler,flags,genericFunctionTypedArgumentsAreFixed.ts,2,0,14,0
compiler,flags,twoMergedInterfacesWithDifferingOverloads2.ts,7,0,35,0
compiler,flags,mergedInterfacesWithInheritedPrivates.ts,2,0,11,0
compiler,flags,mergedInterfacesWithIndexers.ts,6,0,27,0
compiler,flags,mergeTwoInterfaces2.ts,16,0,88,0
compiler,flags,d.ts,3,0,19,0
compiler,flags,e.ts,2,0,11,0
compiler,flags,logicalNotOperatorWithEnumType.ts,12,0,32,0
compiler,flags,thisInObjectLiterals.ts,6,0,35,0
compiler,flags,nullishCoalescingOperator8.ts,14,0,74,0
compiler,flags,nullishCoalescingOperator11.ts,4,0,31,0
compiler,flags,letIdentifierInElementAccess01.ts,4,0,13,0
compiler,flags,commaOperatorOtherValidOperation.ts,18,0,76,0
compiler,flags,commaOperatorInvalidAssignmentType.ts,30,0,114,0
compiler,flags,instanceofOperatorWithLHSIsObject.ts,12,0,56,0
compiler,flags,file1.js,18,0,133,0
compiler,flags,file3.js,1,0,5,0
compiler,flags,file4.js,1,0,5,0
compiler,flags,file5.js,1,0,5,0
compiler,flags,file6.js,2,0,10,0
compiler,flags,file7.js,2,0,10,0
compiler,flags,templateStringWithEmbeddedNewOperatorES6.ts,1,0,5,0
compiler,flags,templateStringWithEmbeddedNewOperator.ts,1,0,5,0
compiler,flags,taggedTemplateStringsWithTagsTypedAsAny.ts,18,0,116,0
compiler,flags,iteratorSpreadInCall10.ts,7,0,41,0
compiler,flags,iteratorSpreadInArray9.ts,5,0,32,0
compiler,flags,iteratorSpreadInArray5.ts,5,0,32,0
compiler,flags,objectLiteralShorthandPropertiesES6.ts,4,0,29,0
compiler,flags,src/a.ts,1,0,5,0
compiler,flags,/.src/src/b.ts,1,0,5,0
compiler,flags,for-of5.ts,1,0,5,0
compiler,flags,for-of47.ts,3,0,15,0
compiler,flags,for-of23.ts,4,0,27,0
compiler,flags,restElementWithInitializer2.ts,6,0,21,0
compiler,flags,iterableArrayPattern27.ts,1,0,5,0
compiler,flags,iterableArrayPattern2.ts,5,0,32,0
compiler,flags,iterableArrayPattern15.ts,4,0,27,0
compiler,flags,emptyVariableDeclarationBindingPatterns01_ES6.ts,30,0,150,0
compiler,flags,computedPropertyNames23_ES6.ts,5,0,31,0
compiler,flags,emitClassDeclarationWithGetterSetterInES6.ts,2,0,9,0
compiler,flags,emitArrowFunctionWhenUsingArguments12_ES6.ts,1,0,5,0
compiler,flags,symbolType17.ts,6,0,25,0
compiler,flags,symbolProperty7.ts,12,0,68,0
compiler,flags,symbolProperty6.ts,12,0,96,0
compiler,flags,symbolProperty59.ts,2,0,11,0
compiler,flags,symbolProperty47.ts,14,0,80,0
compiler,flags,symbolProperty36.ts,9,0,66,0
compiler,flags,symbolProperty14.ts,6,0,40,0
compiler,flags,symbolDeclarationEmit6.ts,2,0,11,0
compiler,flags,importCallExpressionShouldNotGetParen.ts,7,0,27,0
compiler,flags,declarationEmitMultipleComputedNamesSameDomain.ts,4,0,28,0
compiler,flags,declarationEmitMultipleComputedNamesSameDomain.d.ts,4,0,12,0
compiler,flags,declFileClassWithStaticMethodReturningConstructor.ts,1,0,3,0
compiler,flags,controlFlowOuterVariable.ts,7,0,36,0
compiler,flags,controlFlowFinallyNoCatchAssignments.ts,9,0,54,0
compiler,flags,contextuallyTypingOrOperator3.ts,3,0,15,0
compiler,flags,contextualTypingArrayDestructuringWithDefaults.ts,1,0,5,0
compiler,flags,constraintsUsedInPrototypeProperty.ts,1,0,6,0
compiler,flags,constDeclarations-useBeforeDefinition.ts,2,0,10,0
compiler,flags,computedPropertiesInDestructuring2_ES6.ts,1,0,5,0
compiler,flags,use.ts,2,0,11,0
compiler,flags,collisionExportsRequireAndInternalModuleAlias.ts,6,0,30,0
compiler,flags,classMergedWithInterfaceMultipleBasesNoError.ts,2,0,9,0
compiler,flags,classFunctionMerging2.ts,4,0,22,0
compiler,flags,chainedAssignment1.ts,5,0,21,0
compiler,flags,callOverloads4.ts,2,0,11,0
compiler,flags,assignmentCompatability29.ts,4,0,20,0
compiler,flags,assignmentCompatForEnums.ts,2,0,9,0
compiler,flags,assigningFunctionToTupleIssuesError.ts,1,0,5,0
compiler,flags,anyAndUnknownHaveFalsyComponents.ts,12,0,108,0
compiler,flags,amdModuleName1.ts,3,0,12,0
compiler,flags,amdDependencyCommentName4.ts,4,0,20,0
compiler,flags,amdDependencyCommentName3.ts,2,0,14,0
compiler,flags,amdDependencyCommentName2.ts,2,0,14,0
compiler,flags,ambientExternalModuleWithoutInternalImportDeclaration_1.ts,1,0,5,0
compiler,flags,aliasesInSystemModule2.ts,8,0,48,0
compiler,flags,objectTypesIdentityWithPrivates3.ts,2,0,10,0
compiler,flags,objectTypesIdentityWithCallSignaturesDifferingParamCounts2.ts,4,0,56,0
compiler,flags,subtypingWithCallSignatures.ts,2,0,46,0
compiler,flags,bestCommonTypeOfConditionalExpressions2.ts,12,0,56,0
compiler,flags,intersectionIncludingPropFromGlobalAugmentation.ts,6,0,30,0
compiler,flags,assignmentCompatBetweenTupleAndArray.ts,14,0,63,0
compiler,flags,thisTypeInFunctions3.ts,3,0,12,0
compiler,flags,stringLiteralCheckedInIf02.ts,9,0,40,0
compiler,flags,parameterPropertyReferencingOtherParameter.ts,1,0,5,0
compiler,flags,overloadOnConstNoAnyImplementation.ts,7,0,35,0
compiler,flags,optionalParamReferencingOtherParams3.ts,4,0,20,0
compiler,flags,objectLiteralWithGetAccessorInsideFunction.ts,1,0,5,0
compiler,flags,objectLiteralIndexerErrors.ts,7,0,43,0
compiler,flags,objectIndexer.ts,4,0,29,0
compiler,flags,numericIndexerConstraint5.ts,2,0,10,0
compiler,flags,nonExportedElementsOfMergedModules.ts,1,0,6,0
compiler,flags,nonContextuallyTypedLogicalOr.ts,5,0,22,0
compiler,flags,noUsedBeforeDefinedErrorInTypeContext.ts,4,0,20,0
compiler,flags,noUnusedLocals_writeOnlyProperty_dynamicNames.ts,13,0,72,0
compiler,flags,noUnusedLocals_writeOnlyProperty.ts,3,0,12,0
compiler,flags,noImplicitReturnsWithoutReturnExpression.ts,1,0,5,0
compiler,flags,noImplicitAnyUnionNormalizedObjectLiteral1.ts,3,0,10,0
compiler,flags,noImplicitAnyFunctions.ts,2,0,10,0
compiler,flags,newArrays.ts,9,0,39,0
compiler,flags,multiCallOverloads.ts,2,0,10,0
compiler,flags,moduleImport.ts,12,0,57,0
compiler,flags,moduleAssignmentCompat4.ts,4,0,18,0
compiler,flags,modularizeLibrary_UsingES5LibES6ArrayLibES6WellknownSymbolLib.ts,10,0,63,0
compiler,flags,memberVariableDeclarations1.ts,14,0,66,0
compiler,flags,literals-negative.ts,2,0,8,0
compiler,flags,literalWideningWithCompoundLikeAssignments.ts,56,0,240,0
compiler,flags,library_ArraySlice.ts,9,0,51,0
compiler,flags,letDeclarations-access.ts,43,0,178,0
compiler,flags,lambdaArgCrash.ts,9,0,49,0
compiler,flags,jsdocArrayObjectPromiseImplicitAny.js,7,0,39,0
compiler,flags,iteratorsAndStrictNullChecks.ts,6,0,30,0
compiler,flags,isArray.ts,7,0,45,0
compiler,flags,internalAliasVarInsideLocalModuleWithoutExportAccessError.ts,1,0,5,0
compiler,flags,instanceofTypeAliasToGenericClass.ts,6,0,27,0
compiler,flags,instanceofNarrowReadonlyArray.ts,10,0,49,0
compiler,flags,indexSignatureTypeCheck2.ts,7,0,34,0
compiler,flags,incrementOnTypeParameter.ts,9,0,37,0
compiler,flags,inOperatorWithFunction.ts,2,0,14,0
compiler,flags,generics4.ts,2,0,9,0
compiler,flags,genericTypeAssertions5.ts,13,0,56,0
compiler,flags,doNotInferUnrelatedTypes.ts,1,0,5,0
compiler,flags,detachedCommentAtStartOfFunctionBody1.ts,4,0,23,0
compiler,flags,derivedClassOverridesPrivateFunction1.ts,2,0,9,0
compiler,flags,decrementAndIncrementOperators.ts,47,0,166,0
compiler,flags,decoratorMetadataNoStrictNull.ts,2,0,10,0
compiler,flags,bar.d.ts,1,0,5,0
compiler,flags,controlFlowUnionContainingTypeParameter1.ts,19,0,121,0
compiler,flags,contextuallyTypedParametersWithInitializers2.ts,1,0,5,0
compiler,flags,contextualTypingOfObjectLiterals2.ts,2,0,14,0
compiler,flags,contextualTypingOfAccessors.ts,1,0,13,0
compiler,flags,contextualTyping13.ts,1,0,5,0
compiler,flags,constructorReturningAPrimitive.ts,1,0,5,0
compiler,flags,conditionalEqualityTestingNullability.ts,2,0,10,0
compiler,flags,compositeContextualSignature.ts,2,0,11,0
compiler,flags,comparabilityTypeParametersRelatedByUnion.ts,8,0,36,0
compiler,flags,commentsArgumentsOfCallExpression2.ts,10,0,44,0
compiler,flags,collisionRestParameterUnderscoreIUsage.ts,3,0,16,0
compiler,flags,coAndContraVariantInferences8.ts,6,0,32,0
compiler,flags,coAndContraVariantInferences5.ts,1,0,7,0
compiler,flags,cloduleGenericOnSelfMember.ts,1,0,6,0
compiler,flags,classExpressionWithStaticPropertiesES62.ts,3,0,15,0
compiler,flags,checkSuperCallBeforeThisAccessing7.ts,1,0,3,0
compiler,flags,checkSuperCallBeforeThisAccessing3.ts,7,0,27,0
compiler,flags,callOverloads1.ts,3,0,16,0
compiler,flags,binopAssignmentShouldHaveType.ts,7,0,36,0
compiler,flags,avoidNarrowingUsingConstVariableFromBindingElementWithLiteralInitializer.ts,6,0,33,0
compiler,flags,arrayIndexWithArrayFails.ts,4,0,17,0
compiler,flags,anyPlusAny1.ts,6,0,30,0
compiler,flags,ambientExternalModuleInAnotherExternalModule.ts,1,0,5,0
compiler,flags,SystemModuleForStatementNoInitializer.ts,7,0,30,0
compiler,flags,discriminatedUnionTypes3.ts,5,0,31,0
compiler,flags,switchCaseWithUnionTypes01.ts,6,0,30,0
compiler,flags,variadicTuples3.ts,3,0,15,0
compiler,flags,spreadContextualTypedBindingPattern.ts,3,0,13,0
compiler,flags,assignFromBooleanInterface.ts,5,0,31,0
compiler,flags,nonPrimitiveIndexingWithForInSupressError.ts,7,0,38,0
compiler,flags,objectTypeWithConstructSignatureHidingMembersOfFunctionAssignmentCompat.ts,8,0,36,0
compiler,flags,recursiveInitializer.ts,34,0,147,0
compiler,flags,bug26885.js,15,0,133,0
compiler,flags,bluebird.js,11,0,81,0
compiler,flags,prototypePropertyAssignmentMergedTypeReference.js,5,0,34,0
compiler,flags,bug24658.js,3,0,17,0
compiler,flags,plainJSRedeclare.js,2,0,12,0
compiler,flags,x.js,3,0,18,0
compiler,flags,async.js,4,0,21,0
compiler,flags,loop.js,6,0,34,0
compiler,flags,parserShorthandPropertyAssignment5.ts,1,0,5,0
compiler,flags,parserShorthandPropertyAssignment1.ts,1,0,7,0
compiler,flags,parserConstructorAmbiguity3.ts,1,0,5,0
compiler,flags,bug25618.js,1,0,5,0
compiler,flags,ref.js,2,0,12,0
compiler,flags,jsdocTypeReferenceToMergedClass.js,9,0,68,0
compiler,flags,jsdocParseMatchingBackticks.js,11,0,52,0
compiler,flags,/b.js,2,0,9,0
compiler,flags,ClassAndModuleThatMergeWithModulesExportedGenericFunctionAndGenericClassStaticFunctionOfTheSameName.ts,1,0,5,0
compiler,flags,interfaceWithSpecializedCallAndConstructSignatures.ts,4,0,20,0
compiler,flags,interfaceWithConstructSignaturesThatHidesBaseSignature2.ts,1,0,5,0
compiler,flags,typeGuardTautologicalConsistiency.ts,15,0,57,0
compiler,flags,voidParamAssignmentCompatibility.ts,3,0,15,0
compiler,flags,instanceofOperatorWithRHSIsSubtypeOfFunction.ts,16,0,73,0
compiler,flags,comparisonOperatorWithNumberOperand.ts,2,0,8,0
compiler,flags,exponentiationOperatorWithAnyAndNumber.ts,17,0,74,0
compiler,flags,templateStringWithEmbeddedUnaryPlusES6.ts,3,0,10,0
compiler,flags,templateStringInInstanceOf.ts,2,0,8,0
compiler,flags,templateStringInArrowFunction.ts,2,0,7,0
compiler,flags,objectLiteralShorthandPropertiesWithModule.ts,3,0,17,0
compiler,flags,for-of32.ts,1,0,5,0
compiler,flags,restElementWithAssignmentPattern1.ts,2,0,21,0
compiler,flags,arrayAssignmentPatternWithAny.ts,2,0,8,0
compiler,flags,narrowRefinedConstLikeParameterBIndingElementNameInInnerScope.ts,3,0,14,0
compiler,flags,bug38934.js,3,0,11,0
compiler,flags,axios.js,9,0,59,0
compiler,flags,paramTagNestedWithoutTopLevelObject2.js,3,0,27,0
compiler,flags,privateNameUncheckedJsOptionalChain.js,4,0,19,0
compiler,flags,jsNegativeELementAccessNotBound.js,3,0,11,0
compiler,flags,typedefTagExtraneousProperty.js,7,0,37,0
compiler,flags,relationComplexityError.ts,4,0,18,0
compiler,flags,immutable.ts,8,0,44,0
compiler,flags,temporal.ts,1944,0,10922,0
compiler,flags,foo.js,3045,0,15564,0
compiler,flags,genericInferenceDefaultTypeParameterJsxReact.tsx,2,0,11,0
compiler,flags,jsxEmptyExpressionNotCountedAsChild.tsx,6,0,33,0
compiler,flags,jsxJsxsCjsTransformNestedSelfClosingChild.tsx,16,0,86,0
compiler,flags,jsxJsxsCjsTransformKeyPropCustomImport.tsx,4,0,20,0
compiler,flags,jsxJsxsCjsTransformKeyProp.tsx,4,0,20,0
compiler,flags,reactTagNameComponentWithPropsNoOOM.tsx,5,0,27,0
compiler,flags,jsxDeclarationsWithEsModuleInteropNoCrash.jsx,8,0,46,0
compiler,flags,enumLiteralsSubtypeReduction.ts,1,0,5,0
compiler,flags,contextuallyTypedJsxChildren.tsx,5,0,43,0
compiler,flags,typeInferenceWithExcessPropertiesJsx.tsx,2,0,11,0
compiler,flags,excessivelyLargeTupleSpread.ts,84,0,294,0
compiler,flags,checkJsxChildrenCanBeTupleType.tsx,2,0,16,0
compiler,flags,jsxPartialSpread.tsx,5,0,22,0
compiler,flags,index.js,375,0,2493,0
compiler,flags,/.src/index.cjs,148,0,740,0
compiler,flags,/.src/index.mjs,148,0,740,0
compiler,flags,longObjectInstantiationChain2.ts,146,0,871,0
compiler,flags,example.ts,176,0,904,0
compiler,flags,assignmentTargets.ts,24,0,120,0
compiler,flags,parserRealSource12.ts,1336,0,9266,0
compiler,flags,parserRealSource14.ts,1659,0,13964,0
compiler,flags,thisTypeInObjectLiterals2.ts,354,0,1970,0
compiler,flags,longObjectInstantiationChain3.ts,133,0,706,0
compiler,flags,inKeywordTypeguard.ts,740,0,5516,0
compiler,flags,controlFlowManyConsecutiveConditionsNoTimeout.ts,1073,0,104981,0
compiler,flags,dependentDestructuredVariables.ts,272,0,2108,0
compiler,flags,sourceMapValidationDestructuringForOfObjectBindingPatternDefaultValues2.ts,164,0,932,0
compiler,flags,usingDeclarations.1.ts,340,0,1700,0
compiler,flags,longObjectInstantiationChain1.ts,133,0,706,0
compiler,flags,objectSpread.ts,296,0,1670,0
compiler,flags,jsxInferenceProducesLiteralAsExpected.tsx,2,0,10,0
compiler,flags,parserRealSource8.ts,913,0,29160,0
compiler,flags,index.ts,173,0,937,0
compiler,flags,/.src/index.mts,36,0,180,0
compiler,flags,/.src/index.cts,36,0,180,0
compiler,flags,/.src/node_modules/inner/index.d.ts,12,0,60,0
compiler,flags,/.src/node_modules/inner/index.d.mts,12,0,60,0
compiler,flags,/.src/node_modules/inner/index.d.cts,12,0,60,0
compiler,flags,typedArraysCrossAssignability01.ts,153,0,693,0
compiler,flags,defineProperty.ts,20,0,101,0
compiler,flags,index.cts,44,0,232,0
compiler,flags,index.mts,44,0,232,0
compiler,flags,conditionalTypeDoesntSpinForever.ts,99,0,868,0
compiler,flags,index.mjs,24,0,120,0
compiler,flags,index.cjs,24,0,120,0
compiler,flags,APISample_Watch.ts,6,0,34,0
compiler,flags,subtypingWithConstructSignatures4.ts,65,0,307,0
compiler,flags,sourceMapValidationDestructuringForArrayBindingPatternDefaultValues.ts,312,0,1490,0
compiler,flags,assertionTypePredicates1.ts,189,0,1168,0
compiler,flags,sourceMapValidationDestructuringForArrayBindingPattern.ts,358,0,1740,0
compiler,flags,uniqueSymbolsDeclarations.ts,216,0,1185,0
compiler,flags,file1.ts,17,0,94,0
compiler,flags,file2.ts,11,0,60,0
compiler,flags,file3.ts,6,0,30,0
compiler,flags,file4.ts,6,0,30,0
compiler,flags,file5.ts,5,0,25,0
compiler,flags,file6.ts,6,0,30,0
compiler,flags,file7.ts,6,0,30,0
compiler,flags,esDecorators-classDeclaration-sourceMap.ts,66,0,330,0
compiler,flags,moduledecl.ts,4,0,24,0
compiler,flags,/main1.ts,19,0,105,0
compiler,flags,/main2.mts,5,0,32,0
compiler,flags,typeArgumentInferenceWithConstraints.ts,39,0,203,0
compiler,flags,webworkerIterable.ts,4,0,21,0
compiler,flags,templateLiteralTypes3.ts,101,0,415,0
compiler,flags,component.tsx,29,0,164,0
compiler,flags,index.tsx,41,0,236,0
compiler,flags,instanceofOperatorWithRHSHasSymbolHasInstance.ts,352,0,2286,0
compiler,flags,strictOptionalProperties1.ts,209,0,1117,0
compiler,flags,tsxSpreadChildrenInvalidType.tsx,76,0,368,0
compiler,flags,subfolder/index.js,4,0,20,0
compiler,flags,/.src/index.js,8,0,44,0
compiler,flags,keyofAndIndexedAccess2.ts,231,0,1219,0
compiler,flags,downlevelLetConst16.ts,142,0,710,0
compiler,flags,logicalAssignment4.ts,180,0,1372,0
compiler,flags,/index.ts,24,0,144,0
compiler,flags,parserRealSource13.ts,34,0,187,0
compiler,flags,declarationEmitGlobalThisPreserved.ts,55,0,321,0
compiler,flags,subfolder/index.ts,4,0,20,0
compiler,flags,/.src/index.ts,4,0,20,0
compiler,flags,arithmeticOperatorWithEnumUnion.ts,230,0,1060,0
compiler,flags,controlFlowAliasing.ts,257,0,1528,0
compiler,flags,awaitUsingDeclarations.3.ts,20,0,100,0
compiler,flags,unknownType2.ts,317,0,3906,0
compiler,flags,declarationEmitNestedAnonymousMappedType.ts,2,0,11,0
compiler,flags,subfolder/file.js,16,0,96,0
compiler,flags,file.js,19,0,115,0
compiler,flags,sourceMapValidationDestructuringForOfObjectBindingPatternDefaultValues.ts,84,0,516,0
compiler,flags,unionTypeCallSignatures3.ts,1,0,5,0
compiler,flags,classStaticBlock22.ts,28,0,140,0
compiler,flags,awaitUsingDeclarations.2.ts,20,0,100,0
compiler,flags,decoratorsOnComputedProperties.ts,183,0,1516,0
compiler,flags,/d.ts,9,0,54,0
compiler,flags,logicalAssignment5.ts,72,0,396,0
compiler,flags,destructuringVariableDeclaration1ES5iterable.ts,16,0,164,0
compiler,flags,sourceMapValidationDestructuringForObjectBindingPatternDefaultValues2.ts,194,0,890,0
compiler,flags,convertClassExpressionToFunctionFromObjectProperty1.ts,468,0,2496,0
compiler,flags,usingDeclarationsInFor.ts,10,0,50,0
compiler,flags,tryCatchFinallyControlFlow.ts,62,0,346,0
compiler,flags,privateNameComputedPropertyName2.ts,21,0,120,0
compiler,flags,doYouNeedToChangeYourTargetLibraryES2015.ts,79,0,433,0
compiler,flags,usingDeclarationsInForOf.1.ts,10,0,50,0
compiler,flags,inferFromGenericFunctionReturnTypes2.ts,85,0,430,0
compiler,flags,comparisonOperatorWithOneOperandIsAny.ts,384,0,1792,0
compiler,flags,src/core/foo.ts,5,0,28,0
compiler,flags,src/other/bar.ts,5,0,28,0
compiler,flags,noImplicitAnyStringIndexerOnObject.ts,64,0,316,0
compiler,flags,classUsedBeforeInitializedVariables.ts,76,0,438,0
compiler,flags,coAndContraVariantInferences2.ts,18,0,90,0
compiler,flags,optionalParameterInDestructuringWithInitializer.ts,16,0,80,0
compiler,flags,subtypingWithCallSignatures3.ts,64,0,444,0
compiler,flags,commentsExternalModules_1.ts,28,0,160,0
compiler,flags,/.src/commentsExternalModules2_0.ts,4,0,36,0
compiler,flags,genericRestParameters2.ts,128,0,576,0
compiler,flags,declarationEmitBindingPatternsUnused.ts,47,0,247,0
compiler,flags,/.src/obj.js,12,0,74,0
compiler,flags,module.ts,13,0,80,0
compiler,flags,main.ts,171,0,919,0
compiler,flags,parserRealSource6.ts,307,0,3567,0
compiler,flags,logicalAssignment3.ts,72,0,660,0
compiler,flags,coAndContraVariantInferences3.ts,76,0,782,0
compiler,flags,privateNameFieldUnaryMutation.ts,150,0,552,0
compiler,flags,mappedTypeAsClauses.ts,1,0,9,0
compiler,flags,usingDeclarations.2.ts,20,0,100,0
compiler,flags,C8.ts,6,0,27,0
compiler,flags,assignmentCompatWithCallSignatures5.ts,44,0,198,0
compiler,flags,validator.ts,68,0,334,0
compiler,flags,/.src/mod1.js,42,0,282,0
compiler,flags,/.src/mod2.js,25,0,159,0
compiler,flags,objectSpreadNegative.ts,98,0,566,0
compiler,flags,emitExponentiationOperator2.ts,346,0,1148,0
compiler,flags,forAwaitPerIterationBindingDownlevel.ts,8,0,58,0
compiler,flags,jsDeclarationsClassMethod.js,32,0,199,0
compiler,flags,assignmentCompatWithConstructSignatures4.ts,48,0,216,0
compiler,flags,typeArgumentInferenceConstructSignatures.ts,80,0,408,0
compiler,flags,thislessFunctionsNotContextSensitive3.ts,16,0,76,0
compiler,flags,lib.js,2,0,10,0
compiler,flags,computedPropertiesInDestructuring1.ts,26,0,254,0
compiler,flags,emitExponentiationOperatorInTemplateString1.ts,374,0,1492,0
compiler,flags,a.ts,52,0,488,0
compiler,flags,g.ts,17,0,69,0
compiler,flags,file.tsx,100,0,542,0
compiler,flags,instantiateContextualTypes.ts,23,0,116,0
compiler,flags,typeGuardFunctionOfFormThis.ts,85,0,435,0
compiler,flags,quickinfoTypeAtReturnPositionsInaccurate.ts,49,0,247,0
compiler,flags,objectTypesIdentityWithGenericCallSignatures2.ts,10,0,148,0
compiler,flags,importMetaNarrowing.ts,6,0,36,0
compiler,flags,strictFunctionTypesErrors.ts,120,0,540,0
compiler,flags,logicalOrOperatorWithEveryType.ts,256,0,1240,0
compiler,flags,computedPropertiesInDestructuring1_ES6.ts,26,0,254,0
compiler,flags,excessPropertyChecksWithNestedIntersections.ts,2,0,11,0
compiler,flags,generatorYieldContextualType.ts,20,0,106,0
compiler,flags,destructureCatchClause.ts,84,0,420,0
compiler,flags,emitArrowFunctionWhenUsingArguments18.ts,4,0,22,0
compiler,flags,arrayToLocaleStringES2015.ts,87,0,471,0
compiler,flags,discriminantPropertyCheck.ts,155,0,1211,0
compiler,flags,stringEnumLiteralTypes2.ts,63,0,333,0
compiler,flags,contextuallyTypedIife.ts,40,0,187,0
compiler,flags,logicalAssignment10.ts,40,0,152,0
compiler,flags,importDecl_1.ts,38,0,216,0
compiler,flags,discriminatedUnionTypes2.ts,75,0,511,0
compiler,flags,intersectionReduction.ts,38,0,188,0
compiler,flags,esDecorators-classExpression-namedEvaluation.2.ts,4,0,20,0
compiler,flags,derivedClassSuperStatementPosition.ts,74,0,370,0
compiler,flags,capturedLetConstInLoop2.ts,196,0,904,0
compiler,flags,typeGuardsObjectMethods.ts,144,0,720,0
compiler,flags,jsFileFunctionOverloads2.js,17,0,88,0
compiler,flags,objectTypesIdentityWithGenericCallSignaturesDifferingByConstraints2.ts,9,0,111,0
compiler,flags,errorSuperPropertyAccess.ts,16,0,88,0
compiler,flags,decoratorOnClassMethod19.ts,18,0,84,0
compiler,flags,contravariantInferenceAndTypeGuard.ts,11,0,49,0
compiler,flags,narrowByClauseExpressionInSwitchTrue6.ts,60,0,2290,0
compiler,flags,genericCallAtYieldExpressionInGenericCall1.ts,24,0,188,0
compiler,flags,asyncArrowFunction11_es5.ts,6,0,28,0
compiler,flags,topLevelAwaitNonModule.ts,8,0,42,0
compiler,flags,accessorsOverrideProperty6.ts,6,0,27,0
compiler,flags,asyncMethodWithSuper_es5.ts,28,0,118,0
compiler,flags,noCrashOnThisTypeUsage.ts,4,0,23,0
compiler,flags,subtypesOfTypeParameterWithConstraints2.ts,148,0,676,0
compiler,flags,objectRest.ts,27,0,127,0
compiler,flags,unionTypeConstructSignatures.ts,44,0,220,0
compiler,flags,enumErrors.ts,5,0,25,0
compiler,flags,awaitCallExpression6_es5.ts,12,0,58,0
compiler,flags,classMemberInitializerScoping2.ts,1,0,5,0
compiler,flags,typeFromPropertyAssignment29.ts,92,0,617,0
compiler,flags,assignParameterPropertyToPropertyDeclarationESNext.ts,37,0,169,0
compiler,flags,app.ts,11,0,77,0
compiler,flags,uniqueSymbolsDeclarationsErrors.ts,30,0,200,0
compiler,flags,uniqueSymbolsDeclarationsErrors.d.ts,16,0,40,0
compiler,flags,/.src/main.ts,8,0,40,0
compiler,flags,capturedLetConstInLoop4_ES6.ts,194,0,868,0
compiler,flags,ES5For-of1.ts,6,0,32,0
compiler,flags,emitArrowFunctionWhenUsingArguments08.ts,4,0,20,0
compiler,flags,vardecl.ts,14,0,59,0
compiler,flags,/.src/dist/index.d.ts,2,0,5,0
compiler,flags,bindingPatternCannotBeOnlyInferenceSource.ts,16,0,77,0
compiler,flags,assignmentCompatWithObjectMembersAccessibility.ts,88,0,396,0
compiler,flags,callChain.ts,50,0,1319,0
compiler,flags,inferenceOuterResultNotIncorrectlyInstantiatedWithInnerResult.ts,10,0,47,0
compiler,flags,contextualExpressionTypecheckingDoesntBlowStack.ts,66,0,462,0
compiler,flags,typeGuardOfFormThisMember.ts,96,0,832,0
compiler,flags,destructuringObjectBindingPatternAndAssignment7.ts,8,0,42,0
compiler,flags,asyncArrowFunctionCapturesThis_es6.ts,2,0,6,0
compiler,flags,iterableWithNeverAsUnionMember.ts,22,0,114,0
compiler,flags,looseThisTypeInFunctions.ts,61,0,343,0
compiler,flags,a.js,177,0,1380,0
compiler,flags,arithmeticOperatorWithUndefinedValueAndInvalidOperands.ts,120,0,540,0
compiler,flags,parameterDestructuringObjectLiteral.ts,2,0,10,0
compiler,flags,ipromise4.ts,5,0,27,0
compiler,flags,divergentAccessorsTypes6.ts,11,0,57,0
compiler,flags,mixinAccessors2.ts,2,0,60,0
compiler,flags,sourceMapValidationDestructuringVariableStatementArrayBindingPattern3.ts,48,0,224,0
compiler,flags,exportEqualErrorType_1.ts,3,0,20,0
compiler,flags,declarationEmitProtectedMembers.ts,20,0,84,0
compiler,flags,objectRestAssignment.ts,7,0,25,0
compiler,flags,comparisonOperatorWithNoRelationshipObjectsOnProperty.ts,96,0,448,0
compiler,flags,recursiveTypeComparison2.ts,1,0,7,0
compiler,flags,unionTypeMembers.ts,37,0,227,0
compiler,flags,templateLiteralTypesPatterns.ts,20,0,87,0
compiler,flags,noUncheckedIndexedAccess.ts,113,0,568,0
compiler,flags,mixinAccessors4.ts,2,0,65,0
compiler,flags,truthinessCallExpressionCoercion.ts,45,0,298,0
compiler,flags,/src/b.js,2,0,19,0
compiler,flags,discriminateWithOptionalProperty4.ts,62,0,492,0
compiler,flags,test.ts,4,0,22,0
compiler,flags,/.src/api.ts,4,0,20,0
compiler,flags,arrayIterationLibES5TargetDifferent.ts,42,0,210,0
compiler,flags,ES5For-ofTypeCheck6.ts,2,0,10,0
compiler,flags,source.js,16,0,108,0
compiler,flags,t3.ts,55,0,290,0
compiler,flags,1.ts,18,0,98,0
compiler,flags,vueLikeDataAndPropsInference2.ts,3,0,11,0
compiler,flags,inDoesNotOperateOnPrimitiveTypes.ts,42,0,171,0
compiler,flags,b.ts,28,0,149,0
compiler,flags,coAndContraVariantInferences.ts,13,0,90,0
compiler,flags,typeArgumentsWithStringLiteralTypes01.ts,53,0,261,0
compiler,flags,emitExponentiationOperatorInTemplateString2.ts,374,0,1492,0
compiler,flags,Element.ts,24,0,126,0
compiler,flags,test.tsx,12,0,57,0
compiler,flags,declFileObjectLiteralWithAccessors.ts,20,0,96,0
compiler,flags,arrowFunctionParsingGenericInObject.ts,8,0,40,0
compiler,flags,genericCallWithGenericSignatureArguments.ts,21,0,149,0
compiler,flags,literalTypeWidening.ts,86,0,443,0
compiler,flags,jsdocAccessibilityTagDeclarations.js,31,0,208,0
compiler,flags,decrementOperatorWithAnyOtherTypeInvalidOperations.ts,45,0,187,0
compiler,flags,namedFunctionExpressionInModule.ts,1,0,5,0
compiler,flags,es5-asyncFunctionTryStatements.ts,68,0,308,0
compiler,flags,objectTypesIdentityWithGenericCallSignaturesDifferingByReturnType2.ts,9,0,111,0
compiler,flags,parserRealSource5.ts,69,0,325,0
compiler,flags,typeGuardIntersectionTypes.ts,48,0,274,0
compiler,flags,controlFlowIterationErrors.ts,57,0,330,0
compiler,flags,typePredicateFreshLiteralWidening.ts,19,0,120,0
compiler,flags,f3.ts,18,0,180,0
compiler,flags,f4.ts,14,0,86,0
compiler,flags,inferredReturnTypeIncorrectReuse1.ts,6,0,32,0
compiler,flags,controlFlowInstanceof.ts,74,0,584,0
compiler,flags,uglify.js,9,0,67,0
compiler,flags,genericFunctionParameters.ts,6,0,33,0
compiler,flags,a-ext.js,3,0,27,0
compiler,flags,b-ext.js,3,0,27,0
compiler,flags,b.js,3,0,17,0
compiler,flags,c-ext.js,3,0,27,0
compiler,flags,c.js,2,0,12,0
compiler,flags,d-ext.js,3,0,27,0
compiler,flags,d.js,2,0,12,0
compiler,flags,e-ext.js,3,0,27,0
compiler,flags,e.js,2,0,12,0
compiler,flags,f.js,5,0,39,0
compiler,flags,g.js,5,0,39,0
compiler,flags,h.js,5,0,39,0
compiler,flags,main.js,57,0,334,0
compiler,flags,/.src/lib.js,12,0,104,0
compiler,flags,generatorReturnTypeInference.ts,20,0,93,0
compiler,flags,overloadResolutionTest1.ts,3,0,15,0
compiler,flags,genericsAndHigherOrderFunctions.ts,7,0,35,0
compiler,flags,emitAccessExpressionOfCastedObjectLiteralExpressionInArrowFunctionES5.ts,4,0,16,0
compiler,flags,emitCompoundExponentiationAssignmentWithIndexingOnLHS4.ts,68,0,336,0
compiler,flags,varianceAnnotationValidation.ts,4,0,18,0
compiler,flags,recursiveTypeRelations.ts,35,0,203,0
compiler,flags,downlevelLetConst14.ts,38,0,190,0
compiler,flags,anonymousModules.ts,1,0,5,0
compiler,flags,typeParameterAsTypeParameterConstraint2.ts,3,0,27,0
compiler,flags,intersectionAsWeakTypeSource.ts,3,0,16,0
compiler,flags,assignmentLHSIsValue.ts,74,0,304,0
compiler,flags,typeGuardNarrowsIndexedAccessOfKnownProperty6.ts,28,0,290,0
compiler,flags,overloadBindingAcrossDeclarationBoundaries_file1.ts,4,0,21,0
compiler,flags,instanceOfAssignability.ts,30,0,150,0
compiler,flags,dissallowSymbolAsWeakType.ts,40,0,207,0
compiler,flags,declarationEmitTypeofThisInClass.ts,2,0,9,0
compiler,flags,r/entry.ts,3,0,15,0
compiler,flags,genericCallWithGenericSignatureArguments3.ts,5,0,73,0
compiler,flags,bar.ts,14,0,76,0
compiler,flags,commaOperatorWithSecondOperandStringType.ts,67,0,274,0
compiler,flags,esDecorators-contextualTypes.2.ts,29,0,162,0
compiler,flags,typeGuardConstructorPrimitiveTypes.ts,148,0,3832,0
compiler,flags,narrowBySwitchDiscriminantUndefinedCase1.ts,32,0,164,0
compiler,flags,api.ts,3,0,13,0
compiler,flags,declarationEmitBindingPatternsFunctionExpr.ts,2,0,10,0
compiler,flags,capturedLetConstInLoop8.ts,94,0,576,0
compiler,flags,overrideLateBindableIndexSignature1.ts,22,0,180,0
compiler,flags,parenthesizedContexualTyping2.ts,61,0,293,0
compiler,flags,regexMatchAll-esnext.ts,8,0,33,0
compiler,flags,inferFromGenericFunctionReturnTypes1.ts,60,0,302,0
compiler,flags,projD/index.ts,1,0,5,0
compiler,flags,classStaticPropertyAccess.ts,14,0,82,0
compiler,flags,classWithOnlyPublicMembersEquivalentToInterface.ts,8,0,36,0
compiler,flags,emitArrowFunctionWhenUsingArguments16_ES6.ts,8,0,40,0
compiler,flags,mixinAccessModifiers.ts,51,0,300,0
compiler,flags,typeVariableConstraintedToAliasNotAssignableToUnion.ts,24,0,108,0
compiler,flags,sourceMapValidationClass.ts,24,0,100,0
compiler,flags,es5-asyncFunctionWhileStatements.ts,88,0,384,0
compiler,flags,declarationEmitGenericTypeParamerSerialization3.ts,4,0,86,0
compiler,flags,constDeclarations-validContexts.ts,14,0,62,0
compiler,flags,Class.ts,1,0,5,0
compiler,flags,/.src/Configurable.ts,2,0,8,0
compiler,flags,overloadResolution.ts,4,0,25,0
compiler,flags,emitArrowFunctionWhenUsingArguments14.ts,10,0,54,0
compiler,flags,reverseMappedIntersectionInference2.ts,4,0,20,0
compiler,flags,mappedTypeWithAsClauseAndLateBoundProperty.ts,2,0,9,0
compiler,flags,continueInLoopsWithCapturedBlockScopedBindings1.ts,6,0,26,0
compiler,flags,aliasUsageInVarAssignment_main.ts,4,0,21,0
compiler,flags,/.src/aliasUsageInVarAssignment_moduleA.ts,2,0,16,0
compiler,flags,types.asyncGenerators.es2018.1.ts,32,0,176,0
compiler,flags,cls.js,38,0,260,0
compiler,flags,/.src/bar.js,6,0,38,0
compiler,flags,octalIntegerLiteral.ts,80,0,486,0
compiler,flags,controlFlowDoWhileStatement.ts,26,0,138,0
compiler,flags,protectedClassPropertyAccessibleWithinNestedSubclass1.ts,60,0,330,0
compiler,flags,underscoreMapFirst.ts,5,0,35,0
compiler,flags,ref/a.ts,2,0,10,0
compiler,flags,initializedDestructuringAssignmentTypes.ts,2,0,17,0
compiler,flags,commaOperatorLeftSideUnused.ts,102,0,361,0
compiler,flags,genericCallTypeArgumentInference.ts,43,0,315,0
compiler,flags,spreadOverwritesPropertyStrict.ts,28,0,201,0
compiler,flags,generatorExplicitReturnType.ts,4,0,16,0
compiler,flags,esDecorators-classDeclaration-classSuper.5.ts,4,0,18,0
compiler,flags,destructuringArrayBindingPatternAndAssignment1ES5.ts,3,0,10,0
compiler,flags,unionOfArraysFilterCall.ts,14,0,67,0
compiler,flags,spreadInvalidArgumentType.ts,38,0,137,0
compiler,flags,privateNameJsx.tsx,2,0,15,0
compiler,flags,inferenceOptionalProperties.ts,2,0,10,0
compiler,flags,downlevelLetConst19.ts,10,0,50,0
compiler,flags,declarationEmitFBoundedTypeParams.ts,4,0,21,0
compiler,flags,collisionSuperAndParameter.ts,10,0,30,0
compiler,flags,capturedLetConstInLoop3_ES6.ts,214,0,974,0
compiler,flags,intersectionAndUnionTypes.ts,44,0,259,0
compiler,flags,ES5For-of14.ts,2,0,10,0
compiler,flags,thisInInvalidContextsExternalModule.ts,4,0,12,0
compiler,flags,esDecorators-classDeclaration-fields-nonStaticAccessor.ts,6,0,21,0
compiler,flags,computedPropertyNames4_ES5.ts,60,0,380,0
compiler,flags,typeFromPrivatePropertyAssignment.ts,12,0,77,0
compiler,flags,deferredLookupTypeResolution.ts,2,0,10,0
compiler,flags,assignmentToExpandingArrayType.ts,96,0,936,0
compiler,flags,jsdocReadonlyDeclarations.js,11,0,68,0
compiler,flags,callWithSpread4.ts,18,0,79,0
compiler,flags,useObjectValuesAndEntries2.ts,14,0,86,0
compiler,flags,classStaticBlock25.ts,8,0,40,0
compiler,flags,typeofExternalModules_core.ts,8,0,38,0
compiler,flags,predicateSemantics.ts,85,0,283,0
compiler,flags,noUncheckedIndexedAccessCompoundAssignments.ts,40,0,212,0
compiler,flags,destructuringTuple.ts,10,0,50,0
compiler,flags,truthinessPromiseCoercion.ts,53,0,413,0
compiler,flags,staticMemberExportAccess.ts,13,0,97,0
compiler,flags,returnTypeInferenceContextualParameterTypesInGenerator1.ts,4,0,21,0
compiler,flags,privacyTopLevelAmbientExternalModuleImportWithoutExport_core.ts,16,0,88,0
compiler,flags,d.ts,8,0,71,0
compiler,flags,e.ts,8,0,70,0
compiler,flags,lambdaParamTypes.ts,48,0,310,0
compiler,flags,incorrectRecursiveMappedTypeConstraint.ts,5,0,22,0
compiler,flags,src/settings/spacing.ts,2,0,10,0
compiler,flags,objectTypesIdentityWithPrivates.ts,9,0,111,0
compiler,flags,nullIsSubtypeOfEverythingButUndefined.ts,38,0,158,0
compiler,flags,mappedTypeConstraints.ts,20,0,104,0
compiler,flags,typeGuardOfFormIsTypeOnInterfaces.ts,38,0,196,0
compiler,flags,file8.ts,1,0,5,0
compiler,flags,file9.ts,1,0,5,0
compiler,flags,file10.ts,1,0,5,0
compiler,flags,file11.ts,1,0,5,0
compiler,flags,file12.ts,1,0,5,0
compiler,flags,file13.ts,1,0,5,0
compiler,flags,file14.ts,1,0,5,0
compiler,flags,file15.ts,1,0,5,0
compiler,flags,asyncArrowFunction3_es2017.ts,1,0,5,0
compiler,flags,intersectionPropertyCheck.ts,5,0,25,0
compiler,flags,usage.ts,6,0,31,0
compiler,flags,decoratorMetadataOnInferredType.ts,4,0,22,0
compiler,flags,mappedTypes2.ts,20,0,108,0
compiler,flags,parenthesizedContexualTyping3.ts,15,0,75,0
compiler,flags,destructuringParameterDeclaration3ES6.ts,5,0,18,0
compiler,flags,varianceMeasurement.ts,12,0,60,0
compiler,flags,sourceMapValidationSwitch.ts,16,0,64,0
compiler,flags,privacyTopLevelAmbientExternalModuleImportWithExport_core.ts,16,0,88,0
compiler,flags,mapGroupBy.ts,18,0,90,0
compiler,flags,divergentAccessorsTypes8.ts,100,0,468,0
compiler,flags,type.ts,5,0,62,0
compiler,flags,keyofInferenceLowerPriorityThanReturn.ts,2,0,10,0
compiler,flags,indexerWithTuple.ts,54,0,258,0
compiler,flags,index1.js,8,0,86,0
compiler,flags,compoundAdditionAssignmentLHSCanBeAssigned.ts,73,0,318,0
compiler,flags,emitArrowFunctionWhenUsingArguments17_ES6.ts,8,0,40,0
compiler,flags,accessorsAreNotContextuallyTyped.ts,2,0,11,0
compiler,flags,topLevelLambda3.ts,1,0,6,0
compiler,flags,returnTypeParameterWithModules.ts,17,0,92,0
compiler,flags,literalsInComputedProperties1.ts,38,0,188,0
compiler,flags,ipromise3.ts,3,0,16,0
compiler,flags,extractInferenceImprovement.ts,14,0,68,0
compiler,flags,es5-asyncFunctionSwitchStatements.ts,102,0,478,0
compiler,flags,service.ts,32,0,168,0
compiler,flags,ExtendedClass.js,8,0,51,0
compiler,flags,objectTypeWithRecursiveWrappedProperty2.ts,4,0,18,0
compiler,flags,objectTypeHidingMembersOfObjectAssignmentCompat.ts,12,0,54,0
compiler,flags,es6modulekindWithES5Target11.ts,2,0,12,0
compiler,flags,foo_1.ts,18,0,93,0
compiler,flags,esDecorators-classExpression-classSuper.3.ts,4,0,18,0
compiler,flags,symbolProperty5.ts,13,0,104,0
compiler,flags,simpleArrowFunctionParameterReferencedInObjectLiteral1.ts,3,0,28,0
compiler,flags,jsxComponentTypeErrors.tsx,9,0,48,0
compiler,flags,instanceofWithStructurallyIdenticalTypes.ts,45,0,234,0
compiler,flags,genericConstraint2.ts,12,0,52,0
compiler,flags,divergentAccessorsTypes1.ts,47,0,235,0
compiler,flags,controlFlowCaching.ts,265,0,1916,0
compiler,flags,objectTypesIdentityWithStringIndexers.ts,9,0,111,0
compiler,flags,contextuallyTypedBindingInitializer.ts,12,0,94,0
compiler,flags,functions.js,37,0,217,0
compiler,flags,typeGuardsInConditionalExpression.ts,144,0,720,0
compiler,flags,emitCompoundExponentiationOperator1.ts,186,0,708,0
compiler,flags,emptyAssignmentPatterns03_ES5iterable.ts,16,0,48,0
compiler,flags,computedPropertyNames16_ES5.ts,40,0,271,0
compiler,flags,privateNameBadSuperUseDefineForClassFields.ts,2,0,6,0
compiler,flags,spreadIdenticalTypesRemoved.ts,15,0,85,0
compiler,flags,recursiveFunctionTypes.ts,3,0,33,0
compiler,flags,invariantGenericErrorElaboration.ts,3,0,15,0
compiler,flags,inferenceOptionalPropertiesStrict.ts,2,0,10,0
compiler,flags,declarationAssertionNodeNotReusedWhenTypeNotEquivalent1.ts,1,0,5,0
compiler,flags,circularResolvedSignature.ts,4,0,20,0
compiler,flags,conditionalTypesExcessProperties.ts,7,0,55,0
compiler,flags,requireTwoPropertyAccesses.js,3,0,17,0
compiler,flags,/.src/mod.js,21,0,213,0
compiler,flags,/a.js,68,0,456,0
compiler,flags,destructuringObjectBindingPatternAndAssignment8.ts,34,0,284,0
compiler,flags,protectedClassPropertyAccessibleWithinClass.ts,80,0,356,0
compiler,flags,truthinessCallExpressionCoercion3.ts,6,0,30,0
compiler,flags,keyRemappingKeyofResult.ts,14,0,78,0
compiler,flags,declarations.d.ts,1,0,7,0
compiler,flags,emptyAnonymousObjectNarrowing.ts,90,0,718,0
compiler,flags,c.ts,2,0,10,0
compiler,flags,declarationEmitClassMemberNameConflict2.ts,2,0,10,0
compiler,flags,arrayDestructuringInSwitch1.ts,18,0,96,0
compiler,flags,templateLiteralTypes7.ts,3,0,15,0
compiler,flags,usage.js,23,0,154,0
compiler,flags,incrementOperatorWithUnsupportedBooleanType.ts,41,0,182,0
compiler,flags,functionExpressionContextualTyping1.ts,15,0,82,0
compiler,flags,transferableArrayBuffer.ts,7,0,38,0
compiler,flags,asyncAwaitIsolatedModules_es6.ts,4,0,20,0
compiler,flags,withExportDecl.ts,2,0,11,0
compiler,flags,super_inside-object-literal-getters-and-setters.ts,4,0,16,0
compiler,flags,parseErrorIncorrectReturnToken.ts,2,0,11,0
compiler,flags,isolatedDeclarationLazySymbols.ts,31,0,277,0
compiler,flags,functionLikeInParameterInitializer.ts,4,0,20,0
compiler,flags,emitThisInObjectLiteralGetter.ts,2,0,10,0
compiler,flags,booleanFilterAnyArray.ts,12,0,62,0
compiler,flags,assignmentCompatWithNumericIndexer.ts,20,0,90,0
compiler,flags,nonPrimitiveStrictNull.ts,51,0,368,0
compiler,flags,use.js,16,0,94,0
compiler,flags,emitArrowFunctionWhenUsingArguments17.ts,14,0,68,0
compiler,flags,component.ts,4,0,20,0
compiler,flags,unknownSymbols1.ts,4,0,22,0
compiler,flags,spreadExpressionContextualTypeWithNamespace_1.ts,19,0,130,0
compiler,flags,promiseTest.ts,5,0,27,0
compiler,flags,ipromise2.ts,4,0,22,0
compiler,flags,genericIndexedAccessVarianceComparisonResultCorrect.ts,4,0,18,0
compiler,flags,formatToPartsFractionalSecond.ts,4,0,20,0
compiler,flags,anyIdenticalToItself.ts,1,0,5,0
compiler,flags,genericTypeReferenceWithoutTypeArgument2.ts,3,0,15,0
compiler,flags,ES5For-ofTypeCheck4.ts,2,0,10,0
compiler,flags,overrideDynamicName1.ts,20,0,170,0
compiler,flags,iteratorSpreadInArray6.ts,7,0,43,0
compiler,flags,symbolProperty15.ts,3,0,16,0
compiler,flags,controlFlowIteration.ts,7,0,40,0
compiler,flags,typedGenericPrototypeMember.ts,2,0,12,0
compiler,flags,spreadObjectPermutations.ts,96,0,420,0
compiler,flags,readonlyAssignmentInSubclassOfClassExpression.ts,3,0,12,0
compiler,flags,mixinIntersectionIsValidbaseType.ts,5,0,29,0
compiler,flags,es6ImportDefaultBindingFollowedWithNamedImport_0.ts,2,0,10,0
compiler,flags,es6ImportDefaultBindingFollowedWithNamedImport_1.ts,6,0,30,0
compiler,flags,downlevelLetConst18.ts,14,0,70,0
compiler,flags,packages/somepackage/index.d.ts,1,0,5,0
compiler,flags,packages/secondpackage/index.ts,1,0,5,0
compiler,flags,constDeclarations-scopes.ts,108,0,486,0
compiler,flags,assignFromNumberInterface2.ts,12,0,54,0
compiler,flags,tsxDynamicTagName4.tsx,2,0,10,0
compiler,flags,instantiatedModule.ts,16,0,90,0
compiler,flags,jsfile.js,16,0,96,0
compiler,flags,tsfile.ts,16,0,88,0
compiler,flags,emptyAssignmentPatterns01_ES6.ts,6,0,20,0
compiler,flags,emitArrowFunctionWhenUsingArguments01.ts,10,0,30,0
compiler,flags,declarationEmitThisPredicates02.ts,12,0,79,0
compiler,flags,genericMethodOverspecialization.ts,14,0,74,0
compiler,flags,discriminantsAndPrimitives.ts,41,0,276,0
compiler,flags,controlFlowCommaExpressionFunctionCall.ts,5,0,20,0
compiler,flags,classMemberWithMissingIdentifier2.ts,2,0,8,0
compiler,flags,equalityWithtNullishCoalescingAssignment.ts,20,0,108,0
compiler,flags,numericLiteralTypes1.ts,113,0,578,0
compiler,flags,ES5For-of36.ts,4,0,20,0
compiler,flags,jsxEsprimaFbTestSuite.tsx,37,0,183,0
compiler,flags,typeGuardFunctionGenerics.ts,6,0,32,0
compiler,flags,asyncFunctionDeclaration15_es6.ts,9,0,39,0
compiler,flags,unusedLocalsOnFunctionDeclarationWithinFunctionExpression2.ts,1,0,5,0
compiler,flags,tsxSpreadDoesNotReportExcessProps.tsx,4,0,26,0
compiler,flags,specializedInheritedConstructors1.ts,2,0,10,0
compiler,flags,es6ImportNameSpaceImportInEs5_1.ts,4,0,22,0
compiler,flags,enumAssignmentCompat5.ts,6,0,28,0
compiler,flags,declarationEmitInferredTypeAlias9.ts,1,0,5,0
compiler,flags,chainedAssignment3.ts,6,0,28,0
compiler,flags,assignmentCompatability34.ts,4,0,20,0
compiler,flags,objectTypesIdentityWithGenericConstructSignaturesOptionalParams3.ts,10,0,110,0
compiler,flags,callGenericFunctionWithZeroTypeArguments.ts,6,0,32,0
compiler,flags,constructSignaturesWithOverloads.ts,4,0,20,0
compiler,flags,ES5For-ofTypeCheck14.ts,2,0,10,0
compiler,flags,lateBoundClassMemberAssignmentJS.js,16,0,135,0
compiler,flags,lateBoundClassMemberAssignmentJS.d.ts,2,0,5,0
compiler,flags,class.ts,8,0,36,0
compiler,flags,simple.ts,1,0,6,0
compiler,flags,typeSatisfaction_propertyValueConformance2.ts,18,0,108,0
compiler,flags,arbitraryModuleNamespaceIdentifiers_importEmpty.ts,4,0,20,0
compiler,flags,anonymousClassAccessorsDeclarationEmit1.ts,2,0,38,0
compiler,flags,controlFlowBindingElement.ts,31,0,156,0
compiler,flags,typeParameterAsElementType.ts,2,0,8,0
compiler,flags,subclassWithPolymorphicThisIsAssignable.ts,2,0,10,0
compiler,flags,nonInferrableTypePropagation1.ts,8,0,42,0
compiler,flags,genericRestTypes.ts,5,0,25,0
compiler,flags,destructuringAssignmentWithDefault.ts,77,0,494,0
compiler,flags,decoratorMetadataWithConstructorType.ts,4,0,22,0
compiler,flags,controlFlowAutoAccessor1.ts,46,0,214,0
compiler,flags,classMemberInitializerWithLamdaScoping.ts,14,0,74,0
compiler,flags,bestChoiceType.ts,18,0,100,0
compiler,flags,objectTypesIdentityWithGenericConstructSignaturesDifferingByConstraints3.ts,8,0,100,0
compiler,flags,assignFromStringInterface2.ts,12,0,54,0
compiler,flags,throwStatements.ts,24,0,121,0
compiler,flags,logicalAndOperatorStrictMode.ts,197,0,1048,0
compiler,flags,emptyAssignmentPatterns04_ES5iterable.ts,16,0,48,0
compiler,flags,computedPropertyNames3_ES5.ts,14,0,98,0
compiler,flags,memberFunctionsWithPublicPrivateOverloads.ts,4,0,22,0
compiler,flags,asyncFunctionDeclaration15_es5.ts,18,0,78,0
compiler,flags,typeParameterExtendsPrimitive.ts,19,0,97,0
compiler,flags,spreadUnionPropOverride.ts,18,0,103,0
compiler,flags,overEagerReturnTypeSpecialization.ts,12,0,66,0
compiler,flags,/src/app.ts,4,0,18,0
compiler,flags,/index.js,2,0,10,0
compiler,flags,genericInference1.ts,2,0,11,0
compiler,flags,exportEqualMemberMissing_1.ts,3,0,20,0
compiler,flags,defaultParameterAddsUndefinedWithStrictNullChecks.ts,27,0,126,0
compiler,flags,commentsFunction.ts,26,0,124,0
compiler,flags,booleanAssignment.ts,5,0,23,0
compiler,flags,objectTypesIdentityWithGenericConstructSignaturesDifferingByReturnType2.ts,8,0,100,0
compiler,flags,castingTuple.ts,16,0,79,0
compiler,flags,objectTypeHidingMembersOfObject.ts,8,0,44,0
compiler,flags,mod.js,3,0,118,0
compiler,flags,parser15.4.4.14-9-2.ts,12,0,64,0
compiler,flags,mod2.js,13,0,78,0
compiler,flags,/c.ts,6,0,31,0
compiler,flags,/e.ts,5,0,29,0
compiler,flags,deleteOperatorWithNumberType.ts,42,0,167,0
compiler,flags,typeGuardFunction.ts,16,0,117,0
compiler,flags,esDecorators-privateFieldAccess.ts,12,0,56,0
compiler,flags,protectedClassPropertyAccessibleWithinSubclass3.ts,10,0,48,0
compiler,flags,voidFunctionAssignmentCompat.ts,3,0,15,0
compiler,flags,workspace/packageC/index.ts,2,0,12,0
compiler,flags,signatureCombiningRestParameters1.ts,6,0,29,0
compiler,flags,neverNullishThroughParentheses.ts,22,0,80,0
compiler,flags,library_ObjectPrototypeProperties.ts,22,0,124,0
compiler,flags,internalAliasClassInsideLocalModuleWithExport.ts,4,0,29,0
compiler,flags,client.ts,12,0,60,0
compiler,flags,discriminateWithDivergentAccessors1.ts,8,0,60,0
compiler,flags,declarationEmitBindingPatternWithReservedWord.ts,1,0,5,0
compiler,flags,constEnumErrors.ts,6,0,22,0
compiler,flags,classSideInheritance3.ts,2,0,10,0
compiler,flags,assignmentCompatability15.ts,4,0,20,0
compiler,flags,indexSignatureTypeInference.ts,4,0,20,0
compiler,flags,assignmentCompatWithObjectMembersStringNumericNames.ts,78,0,351,0
compiler,flags,typeInferenceWithTupleType.ts,37,0,193,0
compiler,flags,neverType.ts,29,0,142,0
compiler,flags,ES5For-of23.ts,6,0,32,0
compiler,flags,/.src/semver.js,9,0,52,0
compiler,flags,0.js,23,0,121,0
compiler,flags,/b.ts,12,0,64,0
compiler,flags,typeSatisfaction_propertyValueConformance1.ts,18,0,108,0
compiler,flags,commaOperatorWithSecondOperandBooleanType.ts,59,0,230,0
compiler,flags,iterableArrayPattern16.ts,8,0,50,0
compiler,flags,symbolType6.ts,34,0,139,0
compiler,flags,privateNameMethodAssignment.ts,26,0,170,0
compiler,flags,asyncAwaitNestedClasses_es5.ts,10,0,56,0
compiler,flags,typeParameterFixingWithContextSensitiveArguments3.ts,9,0,44,0
compiler,flags,tooFewArgumentsInGenericFunctionTypedArgument.ts,11,0,59,0
compiler,flags,reachabilityChecks11.ts,3,0,15,0
compiler,flags,mixedTypeEnumComparison.ts,13,0,59,0
compiler,flags,inlineSourceMap2.ts,6,0,32,0
compiler,flags,funduleOfFunctionWithoutReturnTypeAnnotation.ts,1,0,6,0
compiler,flags,string.ts,8,0,36,0
compiler,flags,number.ts,8,0,36,0
compiler,flags,boolean.ts,8,0,36,0
compiler,flags,contextualSignatureConditionalTypeInstantiationUsingDefault.ts,2,0,11,0
compiler,flags,asyncIteratorExtraParameters.ts,2,0,32,0
compiler,flags,assignmentCompatability41.ts,4,0,20,0
compiler,flags,argumentsObjectIterator02_ES6.ts,10,0,50,0
compiler,flags,bestCommonTypeOfTuple2.ts,10,0,45,0
compiler,flags,anyAsConstructor.ts,6,0,30,0
compiler,flags,scannerClass2.ts,6,0,42,0
compiler,flags,typeGuardOfFormTypeOfFunction.ts,60,0,252,0
compiler,flags,callWithSpread3.ts,50,0,200,0
compiler,flags,emitArrowFunctionWhenUsingArguments12.ts,1,0,5,0
compiler,flags,definiteAssignmentAssertions.ts,11,0,49,0
compiler,flags,foo.ts,2,0,18,0
compiler,flags,sourceMapValidationDestructuringForObjectBindingPattern.ts,90,0,430,0
compiler,flags,narrowByBooleanComparison.ts,70,0,435,0
compiler,flags,library_RegExpExecArraySlice.ts,6,0,33,0
compiler,flags,intersectionsAndOptionalProperties.ts,12,0,58,0
compiler,flags,freshLiteralTypesInIntersections.ts,1,0,5,0
compiler,flags,divergentAccessors1.ts,10,0,50,0
compiler,flags,constructorOverloads9.ts,6,0,27,0
compiler,flags,classReferencedInContextualParameterWithinItsOwnBaseExpression.ts,4,0,21,0
compiler,flags,blockScopedBindingsReassignedInLoop6.ts,34,0,136,0
compiler,flags,assignmentCompatWithConstructSignatures2.ts,20,0,90,0
compiler,flags,contextuallyTypedObjectLiteralMethodDeclaration01.ts,18,0,84,0
compiler,flags,ES5For-of33.ts,6,0,32,0
compiler,flags,plainJSGrammarErrors4.js,4,0,18,0
compiler,flags,tsxDynamicTagName6.tsx,2,0,11,0
compiler,flags,asiPreventsParsingAsNamespace01.ts,2,0,10,0
compiler,flags,elementAccessChain.ts,51,0,274,0
compiler,flags,compoundArithmeticAssignmentWithInvalidOperands.ts,98,0,420,0
compiler,flags,typeGuardsTypeParameters.ts,26,0,134,0
compiler,flags,asyncWithVarShadowing_es6.ts,31,0,155,0
compiler,flags,ambientModuleDeclarationWithReservedIdentifierInDottedPath.ts,1,0,6,0
compiler,flags,untypedArgumentInLambdaExpression.ts,2,0,8,0
compiler,flags,typePredicateStructuralMatch.ts,14,0,88,0
compiler,flags,/index.mts,2,0,11,0
compiler,flags,protoAsIndexInIndexExpression_1.ts,4,0,17,0
compiler,flags,noImplicitAnyForIn.ts,39,0,234,0
compiler,flags,f2.ts,2,0,11,0
compiler,flags,indexer3.ts,2,0,9,0
compiler,flags,file.ts,2,0,14,0
compiler,flags,divergentAccessorsTypes2.ts,9,0,43,0
compiler,flags,constEnumOnlyModuleMerging.ts,5,0,28,0
compiler,flags,classImplementsClass3.ts,4,0,18,0
compiler,flags,asyncFunctionsAndStrictNullChecks.ts,4,0,18,0
compiler,flags,unionTypeCallSignatures5.ts,1,0,5,0
compiler,flags,stringLiteralTypesOverloadAssignability01.ts,4,0,18,0
compiler,flags,parserES5SymbolProperty9.ts,4,0,22,0
compiler,flags,0.tsx,2,0,10,0
compiler,flags,negateOperatorWithStringType.ts,29,0,123,0
compiler,flags,typeGuardNarrowsToLiteralType.ts,3,0,15,0
compiler,flags,computedPropertyNames48_ES5.ts,6,0,70,0
compiler,flags,emitClassDeclarationWithTypeArgumentAndOverloadInES6.ts,12,0,54,0
compiler,flags,controlFlowForStatement.ts,28,0,132,0
compiler,flags,typeNamedUndefined1.ts,4,0,20,0
compiler,flags,signatureCombiningRestParameters4.ts,4,0,21,0
compiler,flags,crash.ts,1,0,5,0
compiler,flags,objectLiteralPropertyImplicitlyAny.ts,6,0,42,0
compiler,flags,mappedTypeTupleConstraintAssignability.ts,1,0,5,0
compiler,flags,inKeywordAndUnknown.ts,85,0,494,0
compiler,flags,genericMemberFunction.ts,3,0,20,0
compiler,flags,declFileImportModuleWithExportAssignment_1.ts,3,0,19,0
compiler,flags,contextualTypingOfGenericFunctionTypedArguments1.ts,11,0,59,0
compiler,flags,objectTypesIdentityWithGenericCallSignaturesDifferingTypeParameterCounts.ts,10,0,148,0
compiler,flags,spreadExcessProperty.ts,2,0,8,0
compiler,flags,test.js,21,0,148,0
compiler,flags,/.src/moduleExportAliasDuplicateAlias.js,2,0,14,0
compiler,flags,mixed.js,6,0,50,0
compiler,flags,negateOperatorWithEnumType.ts,8,0,23,0
compiler,flags,accessorsOverrideProperty4.ts,6,0,27,0
compiler,flags,classConstructorAccessibility2.ts,3,0,15,0
compiler,flags,templateLiteralIntersection3.ts,14,0,75,0
compiler,flags,sourceMap-Comments.ts,2,0,10,0
compiler,flags,recursiveArrayNotCircular.ts,13,0,99,0
compiler,flags,potentiallyUnassignedVariableInCatch.ts,3,0,16,0
compiler,flags,genericIsNeverEmptyObject.ts,5,0,32,0
compiler,flags,functionTypeArgumentAssignmentCompat.ts,6,0,31,0
compiler,flags,declarationEmitComputedNamesInaccessible.ts,35,0,388,0
compiler,flags,checkSuperCallBeforeThisAccessing4.ts,7,0,24,0
compiler,flags,argumentsAsPropertyName.ts,9,0,41,0
compiler,flags,fluentClasses.ts,5,0,20,0
compiler,flags,parserES5SymbolProperty1.ts,4,0,22,0
compiler,flags,conn.js,3,0,19,0
compiler,flags,foo2.ts,2,0,14,0
compiler,flags,conditionalOperatorConditionIsNumberType.ts,129,0,647,0
compiler,flags,additionOperatorWithNumberAndEnum.ts,35,0,154,0
compiler,flags,symbolDeclarationEmit2.ts,3,0,25,0
compiler,flags,symbolDeclarationEmit2.d.ts,2,0,8,0
compiler,flags,awaitCallExpression8_es5.ts,14,0,60,0
compiler,flags,recursiveClassReferenceTest.ts,10,0,42,0
compiler,flags,c:/root/src/file1.ts,4,0,22,0
compiler,flags,c:/root/generated/src/project/file2.ts,5,0,22,0
compiler,flags,objectAssignLikeNonUnionResult.ts,5,0,26,0
compiler,flags,inferenceErasedSignatures.ts,2,0,7,0
compiler,flags,icomparable.ts,1,0,5,0
compiler,flags,genericLambaArgWithoutTypeArguments.ts,2,0,14,0
compiler,flags,freshLiteralInference.ts,5,0,27,0
compiler,flags,caller.js,5,0,29,0
compiler,flags,capturedLetConstInLoop1_ES6.ts,96,0,440,0
compiler,flags,argumentsObjectIterator01_ES6.ts,6,0,30,0
compiler,flags,genericCallWithObjectTypeArgsAndConstraints3.ts,6,0,42,0
compiler,flags,subtypingWithConstructSignatures.ts,6,0,66,0
compiler,flags,typeFromPropertyAssignment31.ts,22,0,96,0
compiler,flags,assertionsAndNonReturningFunctions.js,30,0,147,0
compiler,flags,functionOverloadErrors.ts,1,0,11,0
compiler,flags,decrementOperatorWithNumberTypeInvalidOperations.ts,20,0,78,0
compiler,flags,nonIterableRestElement1.ts,2,0,12,0
compiler,flags,symbolProperty1.ts,10,0,55,0
compiler,flags,controlFlowBinaryAndExpression.ts,4,0,21,0
compiler,flags,privateNameJsPrototype.js,6,0,26,0
compiler,flags,derivedClassOverridesProtectedMembers.ts,46,0,230,0
compiler,flags,classConstructorParametersAccessibility.ts,9,0,47,0
compiler,flags,unusedPrivateStaticMembers.ts,22,0,104,0
compiler,flags,typeParameterExplicitlyExtendsAny.ts,18,0,106,0
compiler,flags,thisInStatics.ts,3,0,11,0
compiler,flags,quotedPropertyName3.ts,3,0,13,0
compiler,flags,mappedTypeInferenceCircularity.ts,3,0,16,0
compiler,flags,declarationEmitExpandoWithGenericConstraint.ts,8,0,85,0
compiler,flags,crashInGetTextOfComputedPropertyName.ts,14,0,64,0
compiler,flags,constEnumToStringNoComments.ts,12,0,54,0
compiler,flags,collisionCodeGenModuleWithAccessorChildren.ts,14,0,64,0
compiler,flags,augmentedTypeBracketNamedPropertyAccess.ts,8,0,39,0
compiler,flags,arrayBufferIsViewNarrowsType.ts,4,0,21,0
compiler,flags,objectTypesIdentityWithCallSignatures2.ts,9,0,111,0
compiler,flags,callSignaturesWithParameterInitializers.ts,32,0,172,0
compiler,flags,ES5For-of6.ts,6,0,28,0
compiler,flags,/.src/other.js,6,0,43,0
compiler,flags,jsxReactTestSuite.tsx,40,0,219,0
compiler,flags,/f.ts,3,0,24,0
compiler,flags,/g.ts,2,0,11,0
compiler,flags,callWithSpreadES6.ts,57,0,257,0
compiler,flags,destructuringVoidStrictNullChecks.ts,1,0,5,0
compiler,flags,assignSharedArrayBufferToArrayBuffer.ts,2,0,10,0
compiler,flags,instancePropertyInClassType.ts,24,0,122,0
compiler,flags,withImportDecl_1.ts,4,0,22,0
compiler,flags,typePredicateTopLevelTypeParameter.ts,7,0,33,0
compiler,flags,transformArrowInBlockScopedLoopVarInitializer.ts,2,0,10,0
compiler,flags,superAccess.ts,4,0,24,0
compiler,flags,restInvalidArgumentType.ts,37,0,360,0
compiler,flags,propertyAccess1.ts,6,0,30,0
compiler,flags,jsxChildrenSingleChildConfusableWithMultipleChildrenNoError.tsx,2,0,16,0
compiler,flags,indexedAccessTypeConstraints.ts,8,0,36,0
compiler,flags,genericClasses3.ts,6,0,33,0
compiler,flags,declarationEmitPropertyNumericStringKey.ts,12,0,112,0
compiler,flags,constructorArgs.ts,2,0,11,0
compiler,flags,castExpressionParentheses.ts,25,0,136,0
compiler,flags,accessorAccidentalCallDiagnostic.ts,4,0,22,0
compiler,flags,objectTypesIdentityWithGenericCallSignaturesDifferingTypeParameterNames.ts,10,0,148,0
compiler,flags,partiallyNamedTuples3.ts,3,0,13,0
compiler,flags,assignFromNumberInterface.ts,4,0,18,0
compiler,flags,catchClauseWithTypeAnnotation.ts,32,0,198,0
compiler,flags,bug24730.js,18,0,147,0
compiler,flags,interfaceExtendingClassWithPrivates2.ts,6,0,33,0
compiler,flags,decrementOperatorWithUnsupportedBooleanType.ts,41,0,182,0
compiler,flags,destructuringWithLiteralInitializers2.ts,10,0,44,0
compiler,flags,enumClassification.ts,2,0,11,0
compiler,flags,constructorParameterProperties2.ts,8,0,44,0
compiler,flags,yieldStarContextualType.ts,2,0,10,0
compiler,flags,unusedVariablesWithUnderscoreInForOfLoop.ts,6,0,32,0
compiler,flags,/package1/other.ts,2,0,15,0
compiler,flags,parameterNamesInTypeParameterList.ts,12,0,84,0
compiler,flags,letDeclarations-useBeforeDefinition.ts,2,0,10,0
compiler,flags,excessPropertyCheckWithEmptyObject.ts,3,0,16,0
compiler,flags,es5-asyncFunctionArrayLiterals.ts,98,0,372,0
compiler,flags,elidingImportNames_test.ts,3,0,15,0
compiler,flags,autoLift2.ts,16,0,105,0
compiler,flags,argumentsAsPropertyName2.ts,5,0,21,0
compiler,flags,objectTypesIdentityWithConstructSignaturesDifferingParamCounts.ts,8,0,100,0
compiler,flags,thisTypeInFunctions4.ts,6,0,21,0
compiler,flags,assignFromStringInterface.ts,4,0,18,0
compiler,flags,contextuallyTypeAsyncFunctionAwaitOperand.ts,2,0,10,0
compiler,flags,usingDeclarationsWithObjectLiterals1.ts,34,0,242,0
compiler,flags,module.js,7,0,151,0
compiler,flags,someview.js,24,0,180,0
compiler,flags,application.js,12,0,69,0
compiler,flags,part1.ts,5,0,29,0
compiler,flags,f.ts,2,0,10,0
compiler,flags,logicalNotOperatorWithBooleanType.ts,17,0,72,0
compiler,flags,privateStaticNotAccessibleInClodule2.ts,1,0,6,0
compiler,flags,awaitUnion_es6.ts,10,0,40,0
compiler,flags,/app.ts,3,0,15,0
compiler,flags,trivialSubtypeReductionNoStructuralCheck.ts,6,0,26,0
compiler,flags,recursiveComplicatedClasses.ts,2,0,10,0
compiler,flags,omitTypeTests01.ts,4,0,22,0
compiler,flags,newAbstractInstance.ts,1,0,5,0
compiler,flags,modifierParenCast.ts,8,0,40,0
compiler,flags,letDeclarations-es5.ts,8,0,32,0
compiler,flags,iteratorExtraParameters.ts,2,0,40,0
compiler,flags,functionOverloads33.ts,1,0,5,0
compiler,flags,errorInUnnamedClassExpression.ts,3,0,12,0
compiler,flags,deepKeysIndexing.ts,6,0,33,0
compiler,flags,consistentAliasVsNonAliasRecordBehavior.ts,16,0,72,0
compiler,flags,assignmentCompatability40.ts,4,0,20,0
compiler,flags,typeAliases.ts,8,0,40,0
compiler,flags,intersectionTypeAssignment.ts,20,0,90,0
compiler,flags,invalidMultipleVariableDeclarations.ts,3,0,16,0
compiler,flags,inferringClassMembersFromAssignments6.js,24,0,162,0
compiler,flags,parserES5SymbolProperty2.ts,4,0,22,0
compiler,flags,restParameterInDownlevelGenerator.ts,2,0,10,0
compiler,flags,comparisonOperatorWithIdenticalTypeParameter.ts,24,0,112,0
compiler,flags,arraySpreadInCall.ts,2,0,11,0
compiler,flags,iterableArrayPattern28.ts,1,0,5,0
compiler,flags,symbolProperty57.ts,10,0,58,0
compiler,flags,privateNameBadDeclaration.ts,6,0,26,0
compiler,flags,genericClassExpressionInFunction.ts,9,0,42,0
compiler,flags,awaitCallExpression2_es5.ts,8,0,36,0
compiler,flags,this_inside-object-literal-getters-and-setters.ts,8,0,36,0
compiler,flags,promiseChaining2.ts,9,0,44,0
compiler,flags,observableInferenceCanBeMade.ts,6,0,24,0
compiler,flags,json.stringify.ts,15,0,80,0
compiler,flags,interfaceClassMerging2.ts,6,0,26,0
compiler,flags,hello.ts,3,0,15,0
compiler,flags,declarationEmitImportInExportAssignmentModule.ts,1,0,5,0
compiler,flags,constDeclarations-invalidContexts.ts,10,0,42,0
compiler,flags,conditionalTypeRelaxingConstraintAssignability.ts,2,0,10,0
compiler,flags,collectionPatternNoError.ts,6,0,28,0
compiler,flags,capturedLetConstInLoop10_ES6.ts,24,0,138,0
compiler,flags,/a.ts,8,0,43,0
compiler,flags,objectTypesIdentityWithConstructSignatures.ts,5,0,61,0
compiler,flags,spreadDuplicate.ts,28,0,204,0
compiler,flags,typesWithSpecializedCallSignatures.ts,19,0,92,0
compiler,flags,classWithPrivateProperty.ts,12,0,67,0
compiler,flags,anyPropertyAccess.ts,15,0,94,0
compiler,flags,tsxTypeErrors.tsx,1,0,5,0
compiler,flags,superSymbolIndexedAccess3.ts,7,0,45,0
compiler,flags,exponentiationOperatorWithInvalidSimpleUnaryExpressionOperands.ts,128,0,352,0
compiler,flags,iteratorSpreadInArray10.ts,4,0,27,0
compiler,flags,m2.ts,2,0,10,0
compiler,flags,iterableArrayPattern1.ts,5,0,32,0
compiler,flags,destructuringArrayBindingPatternAndAssignment1ES5iterable.ts,3,0,10,0
compiler,flags,declarationEmitThisPredicates01.ts,2,0,7,0
compiler,flags,classExtendingClassLikeType.ts,18,0,72,0
compiler,flags,unusedParametersinConstructor3.ts,3,0,11,0
compiler,flags,unionReductionMutualSubtypes.ts,6,0,33,0
compiler,flags,topLevelLambda2.ts,1,0,6,0
compiler,flags,reachabilityChecks9.ts,16,0,96,0
compiler,flags,objectCreate.ts,22,0,120,0
compiler,flags,moduleMemberWithoutTypeAnnotation2.ts,4,0,24,0
compiler,flags,jsxNamespacePrefixInNameReact.tsx,1,0,3,0
compiler,flags,internalAliasFunctionInsideLocalModuleWithoutExportAccessError.ts,3,0,31,0
compiler,flags,initializePropertiesWithRenamedLet.ts,6,0,30,0
compiler,flags,functionOverloads39.ts,1,0,5,0
compiler,flags,extendAndImplementTheSameBaseType.ts,6,0,33,0
compiler,flags,consumer.ts,2,0,11,0
compiler,flags,es6ImportNameSpaceImport_1.ts,2,0,11,0
compiler,flags,es5-asyncFunctionObjectLiterals.ts,90,0,590,0
compiler,flags,enumMemberReduction.ts,12,0,54,0
compiler,flags,duplicateErrorClassExpression.ts,3,0,14,0
compiler,flags,controlFlowNullTypeAndLiteral.ts,44,0,522,0
compiler,flags,contextualTupleTypeParameterReadonly.ts,8,0,40,0
compiler,flags,unionTypeReadonly.ts,15,0,75,0
compiler,flags,subtypingWithOptionalProperties.ts,9,0,61,0
compiler,flags,readonlyArraysAndTuples2.ts,2,0,10,0
compiler,flags,extendNumberInterface.ts,8,0,42,0
compiler,flags,objectTypeWithCallSignatureHidingMembersOfFunction.ts,12,0,66,0
compiler,flags,propertiesOfGenericConstructorFunctions.js,57,0,515,0
compiler,flags,file.jsx,1,0,5,0
compiler,flags,/.src/component.d.ts,2,0,16,0
compiler,flags,example.js,5,0,30,0
compiler,flags,mergedInterfacesWithMultipleBases2.ts,2,0,11,0
compiler,flags,typeofOperatorWithBooleanType.ts,27,0,117,0
compiler,flags,nullOrUndefinedTypeGuardIsOrderIndependent.ts,10,0,48,0
compiler,flags,inOperatorWithInvalidOperands.ts,53,0,237,0
compiler,flags,objectLiteralShorthandProperties.ts,8,0,58,0
compiler,flags,nonIterableRestElement2.ts,2,0,12,0
compiler,flags,destructuringParameterProperties3.ts,51,0,379,0
compiler,flags,superCallBeforeThisAccessing4.ts,4,0,18,0
compiler,flags,symbolProperty20.ts,15,0,105,0
compiler,flags,useSharedArrayBuffer3.ts,4,0,28,0
compiler,flags,constructorDefaultValuesReferencingThis.ts,5,0,18,0
compiler,flags,classAbstractGeneric.ts,4,0,18,0
compiler,flags,useUnknownInCatchVariables01.ts,36,0,236,0
compiler,flags,typeGuardConstructorNarrowPrimitivesInUnion.ts,36,0,462,0
compiler,flags,stringPropCodeGen.ts,5,0,28,0
compiler,flags,sourceMapValidationDestructuringVariableStatementArrayBindingPatternDefaultValues.ts,20,0,116,0
compiler,flags,src/components/TabBar.js,2,0,12,0
compiler,flags,src/modules/navigation/NavigationView.js,3,0,21,0
compiler,flags,parameterInitializerBeforeDestructuringEmit.ts,6,0,32,0
compiler,flags,objectLiteralEnumPropertyNames.ts,28,0,236,0
compiler,flags,inferTypeArgumentsInSignatureWithRestParameters.ts,4,0,20,0
compiler,flags,implicitAnyFunctionInvocationWithAnyArguements.ts,6,0,30,0
compiler,flags,firstMatchRegExpMatchArray.ts,6,0,30,0
compiler,flags,es6ClassTest.ts,10,0,45,0
compiler,flags,controlFlowCommaExpressionAssertionMultiple.ts,10,0,62,0
compiler,flags,contextualParamTypeVsNestedReturnTypeInference1.ts,2,0,10,0
compiler,flags,constDeclarations.ts,5,0,22,0
compiler,flags,assignmentCompatability38.ts,4,0,20,0
compiler,flags,arrayconcat.ts,18,0,89,0
compiler,flags,ambiguousOverload.ts,2,0,10,0
compiler,flags,objectTypesIdentityWithOptionality.ts,6,0,72,0
compiler,flags,propertyAccessOnTypeParameterWithoutConstraints.ts,22,0,113,0
compiler,flags,thisTypeInObjectLiterals.ts,23,0,108,0
compiler,flags,methodSignaturesWithOverloads2.ts,24,0,134,0
compiler,flags,nonPrimitiveAndEmptyObject.ts,3,0,16,0
compiler,flags,ES5For-of4.ts,4,0,20,0
compiler,flags,typeFromPropertyAssignment36.ts,25,0,170,0
compiler,flags,jsdocConstructorFunctionTypeReference.js,9,0,68,0
compiler,flags,utils/index.js,4,0,33,0
compiler,flags,/.src/utils/errors.js,5,0,35,0
compiler,flags,contextuallyTypedGenericAssignment.ts,2,0,12,0
compiler,flags,contextualTypeOnYield1.ts,3,0,16,0
compiler,flags,contextualTypeBasedOnIntersectionWithAnyInTheMix5.ts,4,0,19,0
compiler,flags,contextualTypeBasedOnIntersectionWithAnyInTheMix1.ts,2,0,10,0
compiler,flags,contextualSignatureInObjectFreeze.ts,2,0,11,0
compiler,flags,contextualReturnTypeOfIIFE2.ts,3,0,19,0
compiler,flags,constraintCheckInGenericBaseTypeReference.ts,2,0,12,0
compiler,flags,classTypeParametersInStatics.ts,27,0,135,0
compiler,flags,checkSuperCallBeforeThisAccessing2.ts,7,0,27,0
compiler,flags,checkInheritedProperty.ts,2,0,9,0
compiler,flags,chainedAssignmentChecking.ts,3,0,12,0
compiler,flags,capturedLetConstInLoop11_ES6.ts,3,0,15,0
compiler,flags,blockScopedBindingsInDownlevelGenerator.ts,6,0,26,0
compiler,flags,bitwiseCompoundAssignmentOperators.ts,36,0,168,0
compiler,flags,autolift4.ts,34,0,153,0
compiler,flags,assignmentCompatability16.ts,4,0,20,0
compiler,flags,arrayFlatNoCrashInference.ts,3,0,16,0
compiler,flags,arrayFind.ts,8,0,37,0
compiler,flags,argumentsObjectIterator03_ES6.ts,4,0,20,0
compiler,flags,genericCallWithObjectTypeArgsAndConstraints5.ts,5,0,49,0
compiler,flags,genericCallWithObjectTypeArgsAndConstraints.ts,10,0,66,0
compiler,flags,genericCallWithFunctionTypedArguments3.ts,3,0,23,0
compiler,flags,subtypingWithObjectMembersOptionality4.ts,3,0,14,0
compiler,flags,assignmentCompatWithObjectMembers3.ts,38,0,171,0
compiler,flags,functionConstraintSatisfaction3.ts,11,0,55,0
compiler,flags,thisTypeAndConstraints.ts,9,0,47,0
compiler,flags,stringLiteralCheckedInIf01.ts,8,0,33,0
compiler,flags,typeQueryOnClass.ts,4,0,19,0
compiler,flags,arrayTypeOfFunctionTypes.ts,12,0,57,0
compiler,flags,validStringAssignments.ts,4,0,20,0
compiler,flags,callSignatureWithoutAnnotationsOrBody.ts,6,0,32,0
compiler,flags,objectTypePropertyAccess.ts,24,0,126,0
compiler,flags,stringLiteralsWithEqualityChecks03.ts,44,0,166,0
compiler,flags,multiExtendsSplitInterfaces2.ts,8,0,44,0
compiler,flags,moduleVariableArrayIndexer.ts,4,0,17,0
compiler,flags,moduleSharesNameWithImportDeclarationInsideIt3.ts,2,0,11,0
compiler,flags,moduleProperty1.ts,4,0,18,0
compiler,flags,augment.ts,10,0,56,0
compiler,flags,modularizeLibrary_ErrorFromUsingWellknownSymbolWithOutES6WellknownSymbolLib.ts,5,0,21,0
compiler,flags,mergedInstantiationAssignment.ts,9,0,42,0
compiler,flags,mergedDeclarations4.ts,3,0,18,0
compiler,flags,mappedTypeInferenceFromApparentType.ts,2,0,9,0
compiler,flags,localImportNameVsGlobalName.ts,6,0,33,0
compiler,flags,jsFileESModuleWithEnumTag.js,17,0,143,0
compiler,flags,internalAliasFunctionInsideLocalModuleWithoutExport.ts,3,0,31,0
compiler,flags,internalAliasClassInsideTopLevelModuleWithoutExport.ts,4,0,29,0
compiler,flags,infinitelyExpandingTypes4.ts,4,0,18,0
compiler,flags,inferringAnyFunctionType2.ts,2,0,10,0
compiler,flags,inferringAnyFunctionType1.ts,2,0,10,0
compiler,flags,inferSecondaryParameter.ts,3,0,16,0
compiler,flags,indexedAccessConstraints.ts,15,0,76,0
compiler,flags,indexIntoArraySubclass.ts,2,0,9,0
compiler,flags,incompatibleAssignmentOfIdenticallyNamedTypes.ts,4,0,18,0
compiler,flags,importAliasInModuleAugmentation.ts,3,0,16,0
compiler,flags,hidingConstructSignatures.ts,4,0,20,0
compiler,flags,globalThisCapture.ts,3,0,15,0
compiler,flags,global.ts,3,0,14,0
compiler,flags,getsetReturnTypes.ts,1,0,29,0
compiler,flags,generics3.ts,2,0,9,0
compiler,flags,generics0.ts,2,0,11,0
compiler,flags,genericParameterAssignability1.ts,1,0,9,0
compiler,flags,genericFunctionCallSignatureReturnTypeMismatch.ts,6,0,31,0
compiler,flags,genericCallInferenceConditionalType2.ts,4,0,20,0
compiler,flags,functionDeclarationWithArgumentOfTypeFunctionTypeArray.ts,2,0,11,0
compiler,flags,forLoopWithDestructuringDoesNotElideFollowingStatement.ts,2,0,10,0
compiler,flags,fixingTypeParametersRepeatedly1.ts,4,0,22,0
compiler,flags,externalModuleRefernceResolutionOrderInImportDeclaration_file3.ts,4,0,25,0
compiler,flags,externalModuleQualification.ts,1,0,5,0
compiler,flags,extendedInterfaceGenericType.ts,4,0,22,0
compiler,flags,imp.ts,2,0,14,0
compiler,flags,exportEqualCallable_1.ts,1,0,5,0
compiler,flags,expandoFunctionExpressionsWithDynamicNames.ts,12,0,132,0
compiler,flags,computedPropertyNames5_ES6.ts,4,0,35,0
compiler,flags,computedPropertyNames3_ES6.ts,7,0,48,0
compiler,flags,computedPropertyNames29_ES6.ts,3,0,12,0
compiler,flags,computedPropertyNames29_ES5.ts,6,0,24,0
compiler,flags,classExpressionES63.ts,7,0,38,0
compiler,flags,emitClassDeclarationWithThisKeywordInES6.ts,11,0,48,0
compiler,flags,symbolType5.ts,15,0,69,0
compiler,flags,symbolType10.ts,15,0,69,0
compiler,flags,symbolProperty8.ts,4,0,22,0
compiler,flags,symbolProperty52.ts,10,0,63,0
compiler,flags,symbolProperty39.ts,12,0,92,0
compiler,flags,symbolProperty25.ts,5,0,35,0
compiler,flags,symbolProperty24.ts,5,0,35,0
compiler,flags,symbolProperty10.ts,6,0,40,0
compiler,flags,switchWithConstrainedTypeVariable.ts,5,0,27,0
compiler,flags,controlFlowDeleteOperator.ts,28,0,140,0
compiler,flags,staticIndexSignature2.ts,2,0,6,0
compiler,flags,instanceMemberWithComputedPropertyName.ts,2,0,15,0
compiler,flags,accessorsOverrideProperty3.ts,6,0,27,0
compiler,flags,privateNameFieldCallExpression.ts,21,0,79,0
compiler,flags,derivedClassIncludesInheritedMembers.ts,15,0,77,0
compiler,flags,indexersInClassType.ts,7,0,35,0
compiler,flags,classAbstractUsingAbstractMethod1.ts,4,0,22,0
compiler,flags,awaitCallExpression7_es6.ts,6,0,29,0
compiler,flags,asyncArrowFunction9_es6.ts,1,0,5,0
compiler,flags,awaitCallExpression2_es2017.ts,4,0,18,0
compiler,flags,await_unaryExpression_es2017_3.ts,6,0,20,0
compiler,flags,awaitInheritedPromise_es2017.ts,2,0,8,0
compiler,flags,reExportUser.ts,2,0,10,0
compiler,flags,yieldExpressionInFlowLoop.ts,5,0,25,0
compiler,flags,visibilityOfCrossModuleTypeUsage_fs.ts,5,0,28,0
compiler,flags,unusedVariablesinNamespaces3.ts,3,0,16,0
compiler,flags,unusedParameterProperty1.ts,1,0,5,0
compiler,flags,unusedLocalsAndObjectSpread.ts,10,0,52,0
compiler,flags,typePredicateInLoop.ts,10,0,51,0
compiler,flags,typeParameterFixingWithContextSensitiveArguments5.ts,9,0,44,0
compiler,flags,typeParameterDiamond1.ts,6,0,27,0
compiler,flags,typeParameterArgumentEquivalence2.ts,4,0,18,0
compiler,flags,typeInferenceWithTypeAnnotation.ts,1,0,5,0
compiler,flags,typeInferenceConflictingCandidates.ts,1,0,5,0
compiler,flags,typeArgumentsOnFunctionsWithNoTypeParameters.ts,4,0,20,0
compiler,flags,arrayLiteral.ts,4,0,20,0
compiler,flags,invalidEnumAssignments.ts,2,0,9,0
compiler,flags,validBooleanAssignments.ts,4,0,20,0
compiler,flags,typeParameterAsTypeArgument.ts,2,0,10,0
compiler,flags,nonPrimitiveInFunction.ts,3,0,15,0
compiler,flags,neverTypeErrors2.ts,1,0,5,0
compiler,flags,localTypes5.ts,2,0,13,0
compiler,flags,templateLiteralTypes6.ts,3,0,12,0
compiler,flags,contextuallyTypeLogicalAnd02.ts,5,0,35,0
compiler,flags,scannerS7.3_A1.1_T2.ts,5,0,18,0
compiler,flags,/lib/constants.js,3,0,38,0
compiler,flags,plainJSRedeclare.js,2,0,12,0
compiler,flags,myFile02.js,2,0,12,0
compiler,flags,inferringClassMembersFromAssignments8.ts,6,0,46,0
compiler,flags,/src/consumer.ts,2,0,11,0
compiler,flags,parserSuperExpression3.ts,2,0,15,0
compiler,flags,parserModule1.ts,10,0,55,0
compiler,flags,parserAmbiguityWithBinaryOperator4.ts,3,0,13,0
compiler,flags,parserNoASIOnCallAfterFunctionExpression1.ts,1,0,5,0
compiler,flags,/importer-cjs.cjs,1,0,5,0
compiler,flags,/importer-cts.cts,3,0,15,0
compiler,flags,react-consumer.tsx,1,0,5,0
compiler,flags,tsxDynamicTagName3.tsx,2,0,10,0
compiler,flags,typeParameterExtendsUnionConstraintDistributed.ts,2,0,10,0
compiler,flags,classPoint.ts,8,0,36,0
compiler,flags,interfaceWithCallSignaturesThatHidesBaseSignature2.ts,1,0,5,0
compiler,flags,/.src/foo.d.ts,1,0,5,0
compiler,flags,foo_2.ts,2,0,11,0
compiler,flags,/.src/foo_0.ts,2,0,11,0
compiler,flags,/.src/foo_1.ts,2,0,11,0
compiler,flags,mapOnTupleTypes02.ts,4,0,19,0
compiler,flags,consumer.tsx,1,0,5,0
compiler,flags,intersectionOfMixinConstructorTypeAndNonConstructorType.ts,1,0,5,0
compiler,flags,interfaceInheritance.ts,8,0,36,0
compiler,flags,interfaceDeclaration1.ts,1,0,5,0
compiler,flags,innerAliases.ts,2,0,11,0
compiler,flags,inferringAnyFunctionType5.ts,2,0,10,0
compiler,flags,inOperator.ts,6,0,27,0
compiler,flags,implicitAnyDeclareFunctionWithoutFormalType2.ts,3,0,15,0
compiler,flags,globalThis.ts,2,0,11,0
compiler,flags,genericUnboundedTypeParamAssignability.ts,11,0,65,0
compiler,flags,genericTypeWithMultipleBases1.ts,6,0,33,0
compiler,flags,genericNewInterface.ts,2,0,10,0
compiler,flags,genericFunduleInModule2.ts,1,0,5,0
compiler,flags,genericFunctionsWithOptionalParameters2.ts,8,0,44,0
compiler,flags,genericConstraintOnExtendedBuiltinTypes2.ts,6,0,28,0
compiler,flags,genericConstraintOnExtendedBuiltinTypes.ts,6,0,28,0
compiler,flags,genericCloduleInModule2.ts,2,0,14,0
compiler,flags,fuzzy.ts,5,0,37,0
compiler,flags,functionWithDefaultParameterWithNoStatements11.ts,4,0,18,0
compiler,flags,functionOverloads43.ts,3,0,17,0
compiler,flags,forInStatement5.ts,1,0,5,0
compiler,flags,flowInFinally1.ts,3,0,16,0
compiler,flags,BaseB.js,4,0,20,0
compiler,flags,SubB.js,1,0,5,0
compiler,flags,fallFromLastCase2.ts,2,0,10,0
compiler,flags,extendFromAny.ts,11,0,103,0
compiler,flags,/.src/a.ts,1,0,7,0
compiler,flags,idx.ts,4,0,20,0
compiler,flags,esModuleInteropImportDefaultWhenAllNamedAreDefaultAlias.ts,2,0,10,0
compiler,flags,es6ModuleVariableStatement.ts,17,0,87,0
compiler,flags,es6ImportNamedImportParsingError_0.ts,2,0,10,0
compiler,flags,es6ImportNamedImportParsingError_1.ts,1,0,5,0
compiler,flags,symbolType18.ts,6,0,25,0
compiler,flags,symbolProperty55.ts,10,0,61,0
compiler,flags,symbolProperty43.ts,6,0,44,0
compiler,flags,symbolProperty40.ts,17,0,108,0
compiler,flags,symbolProperty37.ts,4,0,22,0
compiler,flags,symbolProperty2.ts,11,0,60,0
compiler,flags,regExpEscape.ts,5,0,27,0
compiler,flags,useSharedArrayBuffer2.ts,8,0,56,0
compiler,flags,importCallExpressionSpecifierNotStringTypeError.ts,6,0,33,0
compiler,flags,controlFlowParameter.ts,6,0,31,0
compiler,flags,constEnum2.ts,9,0,49,0
compiler,flags,privateNamesUseBeforeDef.ts,10,0,35,0
compiler,flags,privateNamesUnique-3.ts,2,0,11,0
compiler,flags,privateNameReadonly.ts,8,0,37,0
compiler,flags,privateNameInLhsReceiverExpression.ts,8,0,30,0
compiler,flags,privateNameFieldParenthesisLeftAssignment.ts,24,0,86,0
compiler,flags,privateNameFieldAccess.ts,4,0,18,0
compiler,flags,privateNameField.ts,4,0,16,0
compiler,flags,privateNameBadSuper.ts,1,0,3,0
compiler,flags,privateNameAndIndexSignature.ts,8,0,30,0
compiler,flags,typeOfThisInStaticMembers.ts,16,0,72,0
compiler,flags,classPropertyIsPublicByDefault.ts,11,0,59,0
compiler,flags,derivedClassSuperCallsWithThisArg.ts,3,0,9,0
compiler,flags,constructorImplementationWithDefaultValues2.ts,5,0,25,0
compiler,flags,classWithEmptyBody.ts,2,0,10,0
compiler,flags,awaitCallExpression5_es6.ts,5,0,26,0
compiler,flags,asyncArrowFunction3_es6.ts,1,0,5,0
compiler,flags,asyncUseStrict_es6.ts,4,0,16,0
compiler,flags,asyncArrowFunctionCapturesThis_es5.ts,4,0,12,0
compiler,flags,arrowFunctionWithParameterNameAsync_es5.ts,2,0,10,0
compiler,flags,asyncUnParenthesizedArrowFunction_es2017.ts,2,0,10,0
compiler,flags,asyncArrowFunction8_es2017.ts,2,0,10,0
compiler,flags,visibilityOfTypeParameters.ts,1,0,5,0
compiler,flags,variableDeclarator1.ts,1,0,5,0
compiler,flags,validUseOfThisInSuper.ts,1,0,3,0
compiler,flags,unusedVariablesinNamespaces2.ts,3,0,16,0
compiler,flags,unusedLocalsOnFunctionExpressionWithinFunctionExpression2.ts,2,0,10,0
compiler,flags,unusedFunctionsinNamespaces6.ts,1,0,5,0
compiler,flags,unreachable.ts,3,0,13,0
compiler,flags,unionTypeWithRecursiveSubtypeReduction3.ts,2,0,10,0
compiler,flags,unionTypeParameterInference.ts,1,0,5,0
compiler,flags,underscoreEscapedNameInEnum.ts,2,0,6,0
compiler,flags,umdDependencyComment2.ts,2,0,14,0
compiler,flags,typeParametersShouldNotBeEqual2.ts,16,0,72,0
compiler,flags,typeParameterOrderReversal.ts,2,0,10,0
compiler,flags,typeParameterDiamond4.ts,6,0,27,0
compiler,flags,typeParameterAssignmentWithConstraints.ts,2,0,9,0
compiler,flags,typeGuardNarrowsIndexedAccessOfKnownProperty4.ts,10,0,41,0
compiler,flags,trailingCommaInHeterogenousArrayLiteral1.ts,4,0,18,0
compiler,flags,thisInGenericStaticMembers.ts,8,0,38,0
compiler,flags,templateExpressionAsPossiblyDiscriminantValue.ts,3,0,16,0
compiler,flags,contextualSignatureInstatiationCovariance.ts,4,0,18,0
compiler,flags,usages.ts,6,0,33,0
compiler,flags,constDeclarations-errors.ts,6,0,24,0
compiler,flags,computedPropertiesTransformedInOtherwiseNonTSClasses.ts,3,0,24,0
compiler,flags,computedPropertiesInDestructuring2.ts,1,0,5,0
compiler,flags,/foo/test.ts,2,0,11,0
compiler,flags,compareTypeParameterConstrainedByLiteralToLiteral.ts,4,0,16,0
compiler,flags,collisionExportsRequireAndAlias_file2.ts,4,0,22,0
compiler,flags,classImplementsClass6.ts,8,0,52,0
compiler,flags,classImplementsClass5.ts,4,0,18,0
compiler,flags,classImplementsClass4.ts,4,0,18,0
compiler,flags,classExpressionWithStaticPropertiesES61.ts,2,0,9,0
compiler,flags,circularReferenceInReturnType.ts,5,0,29,0
compiler,flags,checkSuperCallBeforeThisAccessing6.ts,1,0,3,0
compiler,flags,checkInfiniteExpansionTermination2.ts,1,0,5,0
compiler,flags,callExpressionWithTypeParameterConstrainedToOuterTypeParameter.ts,1,0,5,0
compiler,flags,blockScopedBindingUsedBeforeDef.ts,3,0,15,0
compiler,flags,baseExpressionTypeParameters.ts,1,0,6,0
compiler,flags,badThisBinding.ts,1,0,3,0
compiler,flags,asyncIIFE.ts,1,0,5,0
compiler,flags,mytest.js,4,0,16,0
compiler,flags,arraySlice.ts,2,0,11,0
compiler,flags,argumentsUsedInObjectLiteralProperty.ts,2,0,11,0
compiler,flags,anyAsReturnTypeForNewOnCall.ts,6,0,30,0
compiler,flags,ambiguousOverloadResolution.ts,2,0,10,0
compiler,flags,aliasBug.ts,4,0,22,0
compiler,flags,addMoreCallSignaturesToBaseSignature2.ts,1,0,5,0
compiler,flags,unionTypeReduction.ts,5,0,25,0
compiler,flags,unionTypeEquivalence.ts,2,0,10,0
compiler,flags,genericContextualTypes2.ts,3,0,14,0
compiler,flags,genericCallWithFunctionTypedArguments4.ts,3,0,23,0
compiler,flags,genericCallWithConstraintsTypeArgumentInference2.ts,3,0,35,0
compiler,flags,functionWithMultipleReturnStatements.ts,4,0,20,0
compiler,flags,assignmentCompatWithGenericCallSignatures.ts,4,0,18,0
compiler,flags,assignmentCompatWithConstructSignatures.ts,20,0,90,0
compiler,flags,thisTypeInTypePredicate.ts,3,0,10,0
compiler,flags,fluentInterfaces.ts,2,0,11,0
compiler,flags,spreadUnion4.ts,3,0,13,0
compiler,flags,spreadNonPrimitive.ts,2,0,14,0
compiler,flags,functionLiteralForOverloads.ts,4,0,20,0
compiler,flags,validUndefinedAssignments.ts,14,0,66,0
compiler,flags,stringPropertyAccess.ts,8,0,42,0
compiler,flags,extendStringInterface.ts,8,0,42,0
compiler,flags,jqueryInference.ts,1,0,5,0
compiler,flags,invokingNonGenericMethodWithTypeArguments1.ts,2,0,15,0
compiler,flags,innerAliases2.ts,3,0,16,0
compiler,flags,inheritedConstructorPropertyContextualType.ts,4,0,35,0
compiler,flags,inferentialTypingWithFunctionType2.ts,1,0,5,0
compiler,flags,inferenceAndHKTs.ts,6,0,30,0
compiler,flags,inferPropertyWithContextSensitiveReturnStatement.ts,2,0,8,0
compiler,flags,indexClassByNumber.ts,3,0,11,0
compiler,flags,importAsBaseClass_1.ts,1,0,5,0
compiler,flags,importAliasAnExternalModuleInsideAnInternalModule_file1.ts,3,0,17,0
compiler,flags,genericTypeWithMultipleBases3.ts,4,0,22,0
compiler,flags,genericTypeWithCallableMembers2.ts,2,0,10,0
compiler,flags,genericConstructSignatureInInterface.ts,1,0,5,0
compiler,flags,genericBaseClassLiteralProperty.ts,4,0,18,0
compiler,flags,genericAndNonGenericOverload1.ts,1,0,5,0
compiler,flags,functionOverloads35.ts,1,0,5,0
compiler,flags,functionOverloads31.ts,1,0,5,0
compiler,flags,forwardRefInEnum.ts,2,0,8,0
compiler,flags,forInStatement4.ts,1,0,5,0
compiler,flags,exportAssignmentOfDeclaredExternalModule_1.ts,2,0,10,0
compiler,flags,exportAssignValueAndType.ts,1,0,5,0
compiler,flags,mjts.ts,3,0,15,0
compiler,flags,es6ModuleConst.ts,17,0,87,0
compiler,flags,es6ImportNamedImportMergeErrors_0.ts,3,0,15,0
compiler,flags,errorSpanForUnclosedJsxTag.tsx,3,0,16,0
compiler,flags,errorHandlingInInstanceOf.ts,4,0,16,0
compiler,flags,errorForBareSpecifierWithImplicitModuleResolutionNone.ts,1,0,5,0
compiler,flags,errorConstructorSubtypes.ts,7,0,34,0
compiler,flags,enumOperations.ts,26,0,120,0
compiler,flags,enumIndexer.ts,7,0,34,0
compiler,flags,emptyIndexer.ts,3,0,14,0
compiler,flags,elaboratedErrorsOnNullableTargets01.ts,5,0,31,0
compiler,flags,dynamicModuleTypecheckError.ts,7,0,27,0
compiler,flags,detachedCommentAtStartOfConstructor2.ts,8,0,35,0
compiler,flags,destructuringControlFlowNoCrash.ts,4,0,28,0
compiler,flags,definiteAssignmentOfDestructuredVariable.ts,8,0,35,0
compiler,flags,useObjectValuesAndEntries3.ts,7,0,43,0
compiler,flags,dependentDestructuredVariablesWithExport.ts,4,0,26,0
compiler,flags,controlFlowForOfStatement.ts,4,0,24,0
compiler,flags,typeOfThisInMemberFunctions.ts,6,0,18,0
compiler,flags,propertyOverridesAccessors.ts,6,0,27,0
compiler,flags,privateStaticNameShadowing.ts,2,0,10,0
compiler,flags,privateNamesUnique-4.ts,1,0,5,0
compiler,flags,privateNameStaticFieldDerivedClasses.ts,1,0,4,0
compiler,flags,privateNameFieldClassExpression.ts,2,0,11,0
compiler,flags,privateNameConstructorSignature.ts,4,0,19,0
compiler,flags,derivedClassTransitivity.ts,6,0,31,0
compiler,flags,protectedStaticNotAccessibleInClodule.ts,2,0,12,0
compiler,flags,awaitBinaryExpression3_es6.ts,4,0,16,0
compiler,flags,asyncFunctionDeclaration3_es5.ts,2,0,10,0
compiler,flags,unusedDestructuringParameters.ts,3,0,15,0
compiler,flags,unresolvedTypeAssertionSymbol.ts,1,0,5,0
compiler,flags,unionExcessPropsWithPartialMember.ts,3,0,15,0
compiler,flags,unionCallMixedTypeParameterPresence.ts,3,0,16,0
compiler,flags,undefinedTypeArgument1.ts,1,0,5,0
compiler,flags,undeclaredMethod.ts,4,0,28,0
compiler,flags,typeValueConflict1.ts,2,0,17,0
compiler,flags,typePredicatesInUnion.ts,4,0,21,0
compiler,flags,typeOfOperator1.ts,4,0,16,0
compiler,flags,tsxNoTypeAnnotatedSFC.tsx,2,0,10,0
compiler,flags,transitiveTypeArgumentInference1.ts,1,0,5,0
compiler,flags,thisInSuperCall3.ts,1,0,3,0
compiler,flags,thisInOuterClassBody.ts,13,0,66,0
compiler,flags,templateLiteralConstantEvaluation.ts,10,0,44,0
compiler,flags,switchStatementsWithMultipleDefaults1.ts,4,0,19,0
compiler,flags,switchFallThroughs.ts,2,0,10,0
compiler,flags,switchCasesExpressionTypeMismatch.ts,3,0,15,0
compiler,flags,superCallFromClassThatDerivesFromGenericTypeButWithNoTypeArguments1.ts,2,0,10,0
compiler,flags,staticInstanceResolution.ts,5,0,25,0
compiler,flags,spellingSuggestionLeadingUnderscores01.ts,2,0,17,0
compiler,flags,sourceMapValidationIfElse.ts,18,0,72,0
compiler,flags,sourceMapValidationDestructuringVariableStatementDefaultValues.ts,11,0,72,0
compiler,flags,sourceMapValidationDestructuringVariableStatement.ts,11,0,72,0
compiler,flags,simpleRecursionWithBaseCase4.ts,13,0,66,0
compiler,flags,satisfiesEmit.ts,2,0,8,0
compiler,flags,renamingDestructuredPropertyInFunctionType3.ts,5,0,27,0
compiler,flags,recursiveInheritance2.ts,5,0,24,0
compiler,flags,recursiveGetterAccess.ts,2,0,9,0
compiler,flags,qualifiedName_entity-name-resolution-does-not-affect-class-heritage.ts,1,0,8,0
compiler,flags,protoInIndexer.ts,3,0,9,0
compiler,flags,privateInstanceVisibility.ts,10,0,47,0
compiler,flags,parserS7.9_A5.7_T1.ts,3,0,13,0
compiler,flags,parserExportAsFunctionIdentifier.ts,2,0,11,0
compiler,flags,tsxDynamicTagName2.tsx,2,0,6,0
compiler,flags,/.src/LazySet.js,6,0,42,0
compiler,flags,templateTagOnConstructorFunctions.js,26,0,244,0
compiler,flags,templateTagOnClasses.js,13,0,101,0
compiler,flags,jsdocOuterTypeParameters3.js,3,0,27,0
compiler,flags,constructorTagOnNestedBinaryExpression.js,3,0,15,0
compiler,flags,callOfPropertylessConstructorFunction.js,1,0,5,0
compiler,flags,asiPreventsParsingAsNamespace02.ts,2,0,10,0
compiler,flags,asiPreventsParsingAsAmbientExternalModule01.ts,2,0,10,0
compiler,flags,typeGuardsInWhileStatement.ts,17,0,73,0
compiler,flags,typeGuardEnums.ts,10,0,40,0
compiler,flags,superMethodCall.ts,2,0,12,0
compiler,flags,nullishCoalescingOperator9.ts,16,0,78,0
compiler,flags,functionExpressionContextualTyping2.ts,1,0,5,0
compiler,flags,logicalAndOperatorWithTypeParameters.ts,30,0,157,0
compiler,flags,instanceofOperatorWithLHSIsTypeParameter.ts,3,0,14,0
compiler,flags,instanceofOperatorWithAny.ts,3,0,14,0
compiler,flags,asOperatorAmbiguity.ts,4,0,28,0
compiler,flags,templateStringInInstanceOfES6.ts,2,0,8,0
compiler,flags,taggedTemplateWithConstructableTag02.ts,1,0,5,0
compiler,flags,iteratorSpreadInCall3.ts,5,0,32,0
compiler,flags,iteratorSpreadInCall2.ts,5,0,32,0
compiler,flags,for-of36.ts,2,0,12,0
compiler,flags,for-of25.ts,4,0,29,0
compiler,flags,bug24252.js,5,0,26,0
compiler,flags,/src/foo.ts,2,0,11,0
compiler,flags,/foo/consumer.ts,2,0,11,0
compiler,flags,parserSymbolProperty5.ts,3,0,24,0
compiler,flags,parserSymbolProperty4.ts,3,0,22,0
compiler,flags,parserSymbolProperty3.ts,3,0,22,0
compiler,flags,parserAmbiguityWithBinaryOperator3.ts,9,0,34,0
compiler,flags,parserErrantAccessibilityModifierInModule1.ts,2,0,8,0
compiler,flags,bug27327.js,3,0,17,0
compiler,flags,jsdocTypeReferenceToImport.js,10,0,58,0
compiler,flags,indices.js,6,0,34,0
compiler,flags,enumTagOnExports.js,4,0,32,0
compiler,flags,mod1.js,6,0,39,0
compiler,flags,asiPreventsParsingAsNamespace03.ts,2,0,10,0
compiler,flags,interfaceWithCallSignaturesThatHidesBaseSignature.ts,1,0,5,0
compiler,flags,asiPreventsParsingAsAmbientExternalModule02.ts,2,0,10,0
compiler,flags,bitwiseNotOperatorInvalidOperations.ts,1,0,5,0
compiler,flags,typeSatisfaction_contextualTyping3.ts,4,0,20,0
compiler,flags,commaOperatorWithoutOperand.ts,30,0,100,0
compiler,flags,asOperatorNames.ts,2,0,10,0
compiler,flags,templateStringInYieldKeyword.ts,3,0,9,0
compiler,flags,templateStringInFunctionParameterTypeES6.ts,1,0,5,0
compiler,flags,templateStringInArrowFunctionES6.ts,2,0,7,0
compiler,flags,for-of8.ts,1,0,5,0
compiler,flags,for-of26.ts,5,0,32,0
compiler,flags,for-of17.ts,4,0,27,0
compiler,flags,computedPropertyNames13_ES6.ts,20,0,128,0
compiler,flags,emitClassDeclarationWithExtensionAndTypeArgumentInES6.ts,1,0,5,0
compiler,flags,symbolType13.ts,3,0,15,0
compiler,flags,symbolProperty53.ts,10,0,55,0
compiler,flags,float16Array.ts,1,0,5,0
compiler,flags,decoratorOnFunctionParameter.ts,7,0,29,0
compiler,flags,controlFlowElementAccessNoCrash1.ts,11,0,55,0
compiler,flags,instanceMemberWithComputedPropertyName2.ts,2,0,15,0
compiler,flags,privateStaticNotAccessibleInClodule.ts,1,0,6,0
compiler,flags,constructorImplementationWithDefaultValues.ts,3,0,15,0
compiler,flags,unusedLocalsInRecursiveReturn.ts,5,0,24,0
compiler,flags,unreachableFlowAfterFinally.ts,1,0,5,0
compiler,flags,unicodeIdentifierName2.ts,1,0,5,0
compiler,flags,typeofInterface.ts,3,0,16,0
compiler,flags,typeGuardOnContainerTypeNoHang.ts,4,0,12,0
compiler,flags,recur1.ts,12,0,100,0
compiler,flags,parseErrorDoubleCommaInCall.ts,1,0,5,0
compiler,flags,noCrashOnNoLib.ts,7,0,50,0
compiler,flags,noCircularitySelfReferentialGetter4.ts,8,0,46,0
compiler,flags,modKeyword.ts,4,0,22,0
compiler,flags,indexedAccessWithVariableElement.ts,8,0,36,0
compiler,flags,hidingIndexSignatures.ts,4,0,18,0
compiler,flags,errorMessageOnIntersectionsWithDiscriminants01.ts,2,0,9,0
compiler,flags,elementAccessExpressionInternalComments.ts,4,0,20,0
compiler,flags,doubleUnderscoreLabels.ts,8,0,32,0
compiler,flags,declareDottedExtend.ts,2,0,16,0
compiler,flags,contextuallyTypedParametersWithInitializers3.ts,1,0,5,0
compiler,flags,contextualTypingReturnStatementWithReturnTypeAnnotation.ts,1,0,5,0
compiler,flags,contextualSignatureInArrayElementLibEs5.ts,1,0,5,0
compiler,flags,collisionThisExpressionAndLocalVarInFunction.ts,2,0,11,0
compiler,flags,classMemberInitializerWithLamdaScoping2_1.ts,2,0,11,0
