where,reason,operator,left,right,whole,expression
src/compiler/binder.ts:1006:17,a BinaryExpression with a number and a boolean,&&,number,boolean,0 | boolean,"containerFlags & ContainerFlags.IsFunctionExpression &&
                !hasSyntacticModifier(node, ModifierFlags.Async)"
src/compiler/binder.ts:1507:16,a BinaryExpression with a value and a boolean,&&,ActiveLabel | undefined,boolean,boolean | undefined,label && node.parent.kind === SyntaxKind.LabeledStatement
src/compiler/binder.ts:1698:21,a BinaryExpression with a value and a value,&&,FlowLabel | undefined,FlowNode[] | undefined,FlowNode[] | undefined,currentReturnTarget && returnLabel.antecedent
src/compiler/binder.ts:1703:21,a BinaryExpression with a value and a value,&&,FlowLabel | undefined,FlowNode[] | undefined,FlowNode[] | undefined,currentExceptionTarget && exceptionLabel.antecedent
src/compiler/binder.ts:2018:17,a BinaryExpression with a value and a boolean,&&,Node,boolean,boolean,node && isBinaryExpression(node)
src/compiler/binder.ts:2072:13,a BinaryExpression with a value and a boolean,||,Expression | undefined,boolean,boolean | Expression,node.initializer || isForInOrOfStatement(node.parent.parent)
src/compiler/binder.ts:2116:13,a BinaryExpression with a boolean and a value,&&,boolean,Identifier | JSDocNamespaceDeclaration | undefined,false | Identifier | JSDocNamespaceDeclaration | undefined,node.kind !== SyntaxKind.JSDocEnumTag && node.fullName
src/compiler/binder.ts:2129:13,a BinaryExpression with a value and a boolean,&&,SignatureDeclaration | undefined,boolean,boolean | undefined,host && host.kind !== SyntaxKind.MethodDeclaration
src/compiler/binder.ts:2184:49,a BinaryExpression with a value and a value,||,FlowLabel | undefined,FlowLabel,FlowLabel,preChainLabel || trueTarget
src/compiler/binder.ts:2344:13,a BinaryExpression with a number and a boolean,&&,number,boolean,0 | boolean,node.flags & NodeFlags.Ambient && !hasExportDeclarations(node)
src/compiler/binder.ts:2629:13,a BinaryExpression with a boolean and a value,&&,boolean,VariableDeclaration | undefined,false | VariableDeclaration | undefined,inStrictMode && node.variableDeclaration
src/compiler/binder.ts:2649:13,a BinaryExpression with a value and a boolean,&&,Node | undefined,boolean,boolean | undefined,name && name.kind === SyntaxKind.Identifier
src/compiler/binder.ts:3160:41,a BinaryExpression with a value and a value,||,SymbolTable | undefined,SymbolTable,SymbolTable,file.symbol.globalExports || createSymbolTable()
src/compiler/binder.ts:331:9,a BinaryExpression with a value and a boolean,&&,ModuleBody | undefined,false,false | undefined,node.body && !node.body.parent
src/compiler/binder.ts:3547:13,a BinaryExpression with a value and a boolean,&&,Declaration | undefined,boolean,boolean | undefined,node && isCallExpression(node)
src/compiler/binder.ts:3555:16,a BinaryExpression with a value and a value,&&,Expression | undefined,Expression,Expression | undefined,init && getRightMostAssignedExpression(init)
src/compiler/binder.ts:3745:13,a BinaryExpression with a value and a boolean,&&,FlowNode,boolean,boolean,currentFlow && isObjectLiteralOrClassExpressionMethodOrAccessor(node)
src/compiler/binder.ts:3910:9,a BinaryExpression with a boolean and a value,&&,boolean,SymbolTable | undefined,false | SymbolTable | undefined,isSourceFile(container) && container.jsGlobalAugmentations
src/compiler/binder.ts:423:18,a BinaryExpression with a value and a value,||,ModuleExportName | undefined,ModuleExportName,ModuleExportName,specifier.propertyName || specifier.name
src/compiler/binder.ts:641:13,a BinaryExpression with a number and a boolean,&&,number,boolean,0 | boolean,symbolFlags & (SymbolFlags.Class | SymbolFlags.Enum | SymbolFlags.Module | SymbolFlags.Variable) && !symbol.exports
src/compiler/binder.ts:645:13,a BinaryExpression with a number and a boolean,&&,number,boolean,0 | boolean,symbolFlags & (SymbolFlags.Class | SymbolFlags.Interface | SymbolFlags.TypeLiteral | SymbolFlags.ObjectLiteral) && !symbol.members
src/compiler/binder.ts:756:15,a BinaryExpression with a boolean and a value,&&,boolean,Symbol | undefined,false | Symbol | undefined,isDefaultExport && parent
src/compiler/binder.ts:933:13,a BinaryExpression with a value and a boolean,&&,Node,boolean,boolean,node.parent && isModuleDeclaration(node)
src/compiler/builder.ts:1424:16,a BinaryExpression with a number and a number,=,number,number,number,root.length = root.length - 1
src/compiler/builder.ts:1613:74,a BinaryExpression with a value and a value,||,readonly Diagnostic[] | undefined,never[],readonly Diagnostic[],configFileParsingDiagnostics || emptyArray
src/compiler/builder.ts:2030:21,a BinaryExpression with a value and a value,=,AffectedFileResult<EmitResult>,AffectedFileResult<EmitResult>,AffectedFileResult<EmitResult>,"affectedEmitResult = emitNextAffectedFile(
                        writeFile,
                        cancellationToken,
                        emitOnlyDtsFiles,
                        customTransformers,
                    )"
src/compiler/builder.ts:2044:34,a BinaryExpression with a value and a value,||,Diagnostic[] | undefined,never[],Diagnostic[],diagnostics || emptyArray
src/compiler/builder.ts:2096:17,a BinaryExpression with a value and a value,=,AffectedFileResult<EmitResult>,AffectedFileResult<EmitResult>,AffectedFileResult<EmitResult>,"affectedEmitResult = emitNextAffectedFileOrDtsErrors(
                    /*writeFile*/ undefined,
                    cancellationToken,
                    /*emitOnlyDtsFiles*/ undefined,
                    /*customTransformers*/ undefined,
                    /*isForDtsErrors*/ true,
                )"
src/compiler/builder.ts:2214:16,a BinaryExpression with a value and a value,||,Diagnostic[] | undefined,never[],Diagnostic[],diagnostics || emptyArray
src/compiler/builder.ts:2250:40,a BinaryExpression with a value and a value,||,CompilerOptions | undefined,{},CompilerOptions,options || {}
src/compiler/builderState.ts:221:13,a BinaryExpression with a value and a boolean,&&,readonly StringLiteralLike[],boolean,boolean,sourceFile.imports && sourceFile.imports.length > 0
src/compiler/builderState.ts:231:13,a BinaryExpression with a value and a boolean,&&,readonly FileReference[],boolean,boolean,sourceFile.referencedFiles && sourceFile.referencedFiles.length > 0
src/compiler/builderState.ts:279:21,a BinaryExpression with a value and a boolean,&&,SourceFile,boolean,boolean,"declarationSourceFile &&
                    declarationSourceFile !== sourceFile"
src/compiler/builderState.ts:288:34,a BinaryExpression with a value and a value,=,Set<Path> | undefined,Set<Path>,Set<Path>,referencedFiles = new Set()
src/compiler/builderState.ts:296:16,a BinaryExpression with a value and a boolean,&&,BuilderState | undefined,boolean,boolean | undefined,oldState && !oldState.referencedMap === !newReferencedMap
src/compiler/builderState.ts:562:53,a BinaryExpression with a value and a value,||,SourceFile[] | undefined,never[],SourceFile[],result || emptyArray
src/compiler/checker.ts:10158:23,a BinaryExpression with a number and a boolean,&&,number,boolean,0 | boolean,symbol.flags & (SymbolFlags.ValueModule | SymbolFlags.NamespaceModule) && !!symbol.exports
src/compiler/checker.ts:10173:21,a BinaryExpression with a value and a value,&&,JSDocSignature | SignatureDeclaration | undefined,ClassDeclaration | ClassExpression | InterfaceDeclaration | Node | ObjectLiteralExpression | TypeLiteralNode,ClassDeclaration | ClassExpression | InterfaceDeclaration | Node | ObjectLiteralExpression | TypeLiteralNode | undefined,signature.declaration && signature.declaration.parent
src/compiler/checker.ts:10259:23,a BinaryExpression with a number and a boolean,||,number,boolean,number | boolean,"p.flags & SymbolFlags.Prototype || p.escapedName === ""prototype"""
src/compiler/checker.ts:10659:35,a BinaryExpression with a value and a value,&&,Declaration[] | undefined,Declaration | undefined,Declaration | undefined,symbol.declarations && getDeclarationOfAliasSymbol(symbol)
src/compiler/checker.ts:11074:21,a BinaryExpression with a value and a boolean,&&,GenericType,boolean,boolean,"(t as TypeReference).target && isSymbolAccessibleByFlags((t as TypeReference).target.symbol, enclosingDeclaration, flags)"
src/compiler/checker.ts:11161:17,a BinaryExpression with a value and a boolean,&&,Declaration | undefined,boolean,boolean | undefined,s.valueDeclaration && isNamedDeclaration(s.valueDeclaration)
src/compiler/checker.ts:11182:32,a BinaryExpression with a value and a value,&&,Node | undefined,SourceFile,SourceFile | undefined,enclosingDeclaration && getSourceFileOfNode(enclosingDeclaration)
src/compiler/checker.ts:11211:16,a BinaryExpression with a value and a value,||,Type[],readonly Type[],Type[],result || types
src/compiler/checker.ts:11235:16,a BinaryExpression with a value and a value,&&,Node,Node,Node,node && node.parent
src/compiler/checker.ts:11275:13,a BinaryExpression with a value and a boolean,&&,NodeBuilderContext | undefined,boolean,boolean | undefined,context && symbol.escapedName === InternalSymbolName.Default
src/compiler/checker.ts:11342:31,a BinaryExpression with a value and a value,&&,Node,Node,Node,node.parent && node.parent.parent
src/compiler/checker.ts:11435:13,a BinaryExpression with a boolean and a value,&&,boolean,Node,false | Node,node.kind !== SyntaxKind.StringLiteral && node.parent
src/compiler/checker.ts:11592:16,a BinaryExpression with a value and a boolean,&&,Type | undefined,boolean,boolean | undefined,type && (type.flags & TypeFlags.Any) !== 0
src/compiler/checker.ts:11608:16,a BinaryExpression with a value and a value,&&,Symbol,Type | undefined,Type | undefined,symbol && getSymbolLinks(symbol).type
src/compiler/checker.ts:11667:75,a BinaryExpression with a value and a value,||,Type | undefined,IntrinsicType,Type,getBaseConstraintOfType(type) || unknownType
src/compiler/checker.ts:11691:13,a BinaryExpression with a value and a boolean,&&,Expression | undefined,boolean,boolean | undefined,parentAccess && canHaveFlowNode(parentAccess)
src/compiler/checker.ts:11743:16,a BinaryExpression with a value and a value,&&,Type | undefined,Type,Type | undefined,"parentType && getBindingElementTypeFromParentType(declaration, parentType, /*noTupleBoundsCheck*/ false)"
src/compiler/checker.ts:11766:21,a BinaryExpression with a number and a boolean,||,number,boolean,number | boolean,parentType.flags & TypeFlags.Unknown || !isValidSpreadType(parentType)
src/compiler/checker.ts:11780:30,a BinaryExpression with a value and a value,||,PropertyName | undefined,Identifier,PropertyName,declaration.propertyName || declaration.name as Identifier
src/compiler/checker.ts:11862:20,a BinaryExpression with a value and a value,||,Type,IntrinsicType,Type,checkRightHandSideOfForOf(forOfStatement) || anyType
src/compiler/checker.ts:11900:17,a BinaryExpression with a value and a boolean,&&,Expression | undefined,boolean,boolean | undefined,declaration.initializer && isEmptyArrayLiteral(declaration.initializer)
src/compiler/checker.ts:11955:24,a BinaryExpression with a value and a value,&&,Type | undefined,Type,Type | undefined,"type && addOptionality(type, /*isProperty*/ true, isOptional)"
src/compiler/checker.ts:11986:13,a BinaryExpression with a value and a boolean,&&,Declaration | undefined,boolean,boolean | undefined,symbol.valueDeclaration && isBinaryExpression(symbol.valueDeclaration)
src/compiler/checker.ts:12005:16,a BinaryExpression with a value and a boolean,&&,Declaration | undefined,boolean,boolean | undefined,declaration && isPropertyDeclaration(declaration)
src/compiler/checker.ts:12088:17,a BinaryExpression with a value and a value,&&,JSDocTypeTag | undefined,JSDocTypeExpression,JSDocTypeExpression | undefined,tag && tag.typeExpression
src/compiler/checker.ts:12091:41,a BinaryExpression with a value and a value,&&,Declaration | undefined,Type | undefined,Type | undefined,"symbol.valueDeclaration && getJSContainerObjectType(symbol.valueDeclaration, symbol, container)"
src/compiler/checker.ts:12152:13,a BinaryExpression with a value and a boolean,&&,Declaration | undefined,boolean,boolean | undefined,symbol.valueDeclaration && isInJSFile(symbol.valueDeclaration)
src/compiler/checker.ts:12242:13,a BinaryExpression with a number and a boolean,&&,number,boolean,0 | boolean,"type.flags & TypeFlags.Object &&
            kind === AssignmentDeclarationKind.ModuleExports"
src/compiler/checker.ts:12345:20,a BinaryExpression with a value and a boolean,&&,BinaryExpression | undefined,boolean,boolean | undefined,expression && isDeclarationInConstructor(expression)
src/compiler/checker.ts:12477:16,a BinaryExpression with a value and a value,&&,Symbol | undefined,Symbol | undefined,Symbol | undefined,globalSymbol && symbol
src/compiler/checker.ts:12594:17,a BinaryExpression with a number and a boolean,&&,number,boolean,0 | boolean,symbol.flags & SymbolFlags.ValueModule && !(symbol.flags & SymbolFlags.Assignment)
src/compiler/checker.ts:12628:17,a BinaryExpression with a value and a value,||,Type | undefined,IntrinsicType,Type,tryGetTypeFromEffectiveTypeNode(declaration) || anyType
src/compiler/checker.ts:12631:20,a BinaryExpression with a value and a value,||,Type | undefined,Type,Type,tryGetTypeFromEffectiveTypeNode(declaration) || checkPropertyAssignment(declaration)
src/compiler/checker.ts:12634:20,a BinaryExpression with a value and a value,||,Type | undefined,Type,Type,tryGetTypeFromEffectiveTypeNode(declaration) || checkJsxAttribute(declaration)
src/compiler/checker.ts:12637:20,a BinaryExpression with a value and a value,||,Type | undefined,Type,Type,"tryGetTypeFromEffectiveTypeNode(declaration) || checkExpressionForMutableLocation(declaration.name, CheckMode.Normal)"
src/compiler/checker.ts:12640:20,a BinaryExpression with a value and a value,||,Type | undefined,Type,Type,"tryGetTypeFromEffectiveTypeNode(declaration) || checkObjectLiteralMethod(declaration, CheckMode.Normal)"
src/compiler/checker.ts:12666:17,a BinaryExpression with a number and a boolean,&&,number,boolean,0 | boolean,symbol.flags & SymbolFlags.ValueModule && !(symbol.flags & SymbolFlags.Assignment)
src/compiler/checker.ts:12694:16,a BinaryExpression with a value and a value,&&,TypeNode | undefined,Type,Type | undefined,node && getTypeFromTypeNode(node)
src/compiler/checker.ts:12699:16,a BinaryExpression with a value and a value,&&,ParameterDeclaration | undefined,Symbol,Symbol | undefined,parameter && parameter.symbol
src/compiler/checker.ts:12789:29,a BinaryExpression with a value and a value,&&,Declaration | undefined,Symbol | undefined,Symbol | undefined,"symbol.valueDeclaration && getSymbolOfExpando(symbol.valueDeclaration, /*allowDeclaration*/ false)"
src/compiler/checker.ts:12798:34,a BinaryExpression with a value and a value,=,Type | undefined,Type,Type,links.type = getTypeOfFuncClassEnumModuleWorker(symbol)
src/compiler/checker.ts:12805:13,a BinaryExpression with a number and a boolean,&&,number,boolean,0 | boolean,symbol.flags & SymbolFlags.Module && isShorthandAmbientModuleSymbol(symbol)
src/compiler/checker.ts:12841:31,a BinaryExpression with a value and a value,=,Type | undefined,Type,Type,links.type = getDeclaredTypeOfEnumMember(symbol)
src/compiler/checker.ts:12851:34,a BinaryExpression with a value and a value,&&,Declaration[] | undefined,Symbol | undefined,Symbol | undefined,"symbol.declarations && getTargetOfAliasDeclaration(getDeclarationOfAliasSymbol(symbol)!, /*dontRecursivelyResolve*/ true)"
src/compiler/checker.ts:12875:31,a BinaryExpression with a value and a value,=,Type | undefined,Type,Type,"links.type = instantiateType(getTypeOfSymbol(links.target!), links.mapper)"
src/compiler/checker.ts:12880:36,a BinaryExpression with a value and a value,=,Type,Type,Type,"links.writeType = instantiateType(getWriteTypeOfSymbol(links.target!), links.mapper)"
src/compiler/checker.ts:12920:13,a BinaryExpression with a boolean and a value,&&,boolean,Type[] | undefined,false | Type[] | undefined,!links.writeType && links.deferralWriteConstituents
src/compiler/checker.ts:12937:17,a BinaryExpression with a value and a value,||,Type | undefined,Type,Type,getWriteTypeOfSymbolWithDeferredType(symbol) || getTypeOfSymbolWithDeferredType(symbol)
src/compiler/checker.ts:13040:17,a BinaryExpression with a value and a boolean,&&,Node,boolean,boolean,node && isBinaryExpression(node)
src/compiler/checker.ts:13112:30,a BinaryExpression with a number and a number,||,number,number,number,symbol.flags & SymbolFlags.Class || symbol.flags & SymbolFlags.Function
src/compiler/checker.ts:13183:16,a BinaryExpression with a value and a value,&&,ClassLikeDeclaration | undefined,ExpressionWithTypeArguments | undefined,ExpressionWithTypeArguments | undefined,decl && getEffectiveBaseTypeNode(decl)
src/compiler/checker.ts:13209:30,a BinaryExpression with a value and a value,&&,ClassLikeDeclaration | undefined,ExpressionWithTypeArguments | undefined,ExpressionWithTypeArguments | undefined,decl && getEffectiveBaseTypeNode(decl)
src/compiler/checker.ts:13212:24,a BinaryExpression with a value and a value,=,Type,IntrinsicType,IntrinsicType,type.resolvedBaseConstructorType = undefinedType
src/compiler/checker.ts:13299:21,a BinaryExpression with a boolean and a value,&&,boolean,Declaration[] | undefined,false | Declaration[] | undefined,!popTypeResolution() && type.symbol.declarations
src/compiler/checker.ts:13321:20,a BinaryExpression with a value and a value,=,BaseType[],never[],never[],type.resolvedBaseTypes = emptyArray
src/compiler/checker.ts:13351:20,a BinaryExpression with a value and a value,=,BaseType[],never[],never[],type.resolvedBaseTypes = emptyArray
src/compiler/checker.ts:13358:20,a BinaryExpression with a value and a value,=,BaseType[],never[],never[],type.resolvedBaseTypes = emptyArray
src/compiler/checker.ts:13362:20,a BinaryExpression with a value and a value,=,BaseType[],never[],never[],type.resolvedBaseTypes = emptyArray
src/compiler/checker.ts:13371:16,a BinaryExpression with a value and a value,=,BaseType[],BaseType[],BaseType[],type.resolvedBaseTypes = [reducedBaseType]
src/compiler/checker.ts:13396:19,a BinaryExpression with a number and a boolean,&&,number,boolean,0 | boolean,type.flags & (TypeFlags.Object | TypeFlags.NonPrimitive | TypeFlags.Any) && !isGenericMappedType(type)
src/compiler/checker.ts:13401:34,a BinaryExpression with a value and a value,||,BaseType[],never[],BaseType[],type.resolvedBaseTypes || emptyArray
src/compiler/checker.ts:13404:21,a BinaryExpression with a boolean and a value,&&,boolean,NodeArray<ExpressionWithTypeArguments> | undefined,false | NodeArray<ExpressionWithTypeArguments> | undefined,declaration.kind === SyntaxKind.InterfaceDeclaration && getInterfaceBaseTypeNodes(declaration as InterfaceDeclaration)
src/compiler/checker.ts:13468:51,a BinaryExpression with a value and a value,&&,Declaration | undefined,Symbol | undefined,Symbol | undefined,symbol.valueDeclaration && getAssignedClassSymbol(symbol.valueDeclaration)
src/compiler/checker.ts:13475:55,a BinaryExpression with a value and a value,=,Type,InterfaceType,InterfaceType,"links.declaredType = createObjectType(kind, symbol) as InterfaceType"
src/compiler/checker.ts:13483:17,a BinaryExpression with a value and a value,||,TypeParameter[] | undefined,TypeParameter[] | undefined,TypeParameter[] | undefined,outerTypeParameters || localTypeParameters
src/compiler/checker.ts:13541:16,a BinaryExpression with a number and a number,&&,number,number,number,type.flags & TypeFlags.EnumLike && type.symbol.flags & SymbolFlags.EnumMember
src/compiler/checker.ts:13602:39,a BinaryExpression with a value and a value,=,Type,TypeParameter,TypeParameter,links.declaredType = createTypeParameter(symbol)
src/compiler/checker.ts:13607:39,a BinaryExpression with a value and a value,=,Type,Type,Type,links.declaredType = getDeclaredTypeOfSymbol(resolveAlias(symbol))
src/compiler/checker.ts:13611:16,a BinaryExpression with a value and a value,||,Type | undefined,IntrinsicType,Type,tryGetDeclaredTypeOfSymbol(symbol) || errorType
src/compiler/checker.ts:13700:13,a BinaryExpression with a value and a boolean,&&,Declaration[] | undefined,boolean,boolean | undefined,symbol.declarations && symbol.declarations.length === 1
src/compiler/checker.ts:13738:20,a BinaryExpression with a value and a boolean,&&,Declaration | undefined,boolean,boolean | undefined,"derived.valueDeclaration
                    && isBinaryExpression(derived.valueDeclaration)"
src/compiler/checker.ts:13896:62,a BinaryExpression with a value and a value,=,TransientSymbol | undefined,TransientSymbol,TransientSymbol,"lateSymbol = createSymbol(SymbolFlags.None, memberName, CheckFlags.Late)"
src/compiler/checker.ts:13899:37,a BinaryExpression with a value and a value,&&,SymbolTable | undefined,Symbol | undefined,Symbol | undefined,earlySymbols && earlySymbols.get(memberName)
src/compiler/checker.ts:13918:24,a BinaryExpression with a value and a value,=,Symbol | undefined,TransientSymbol,TransientSymbol,links.resolvedSymbol = lateSymbol
src/compiler/checker.ts:14028:15,a BinaryExpression with a value and a value,||,SymbolTable | undefined,SymbolTable,SymbolTable,symbol.members || emptySymbols
src/compiler/checker.ts:14038:13,a BinaryExpression with a number and a boolean,&&,number,boolean,0 | boolean,symbol.flags & SymbolFlags.ClassMember && symbol.escapedName === InternalSymbolName.Computed
src/compiler/checker.ts:14089:17,a BinaryExpression with a value and a boolean,&&,Symbol,boolean,boolean,source.symbol && members === getMembersOfSymbol(source.symbol)
src/compiler/checker.ts:14299:19,a BinaryExpression with a value and a value,||,Signature | undefined,Signature | undefined,Signature | undefined,"findMatchingSignature(signatureLists[i]!, signature, /*partialMatch*/ false, /*ignoreThisTypes*/ false, /*ignoreReturnTypes*/ true)
                    || findMatchingSignature(signatureLists[i]!, signature, /*partialMatch*/ true, /*ignoreThisTypes*/ false, /*ignoreReturnTypes*/ true)"
src/compiler/checker.ts:14338:37,a BinaryExpression with a value and a value,=,Signature[] | undefined,never[],never[],result = []
src/compiler/checker.ts:14362:16,a BinaryExpression with a value and a value,||,Signature[] | undefined,never[],Signature[],result || emptyArray
src/compiler/checker.ts:14379:36,a BinaryExpression with a value and a value,||,Type | undefined,IntrinsicType,Type,getConstraintFromTypeParameter(source) || unknownType
src/compiler/checker.ts:14391:20,a BinaryExpression with a value and a value,||,Symbol | undefined,Symbol | undefined,Symbol | undefined,left || right
src/compiler/checker.ts:14414:36,a BinaryExpression with a value and a value,||,Type | undefined,IntrinsicType,Type,"tryGetTypeAtPosition(shorter, i) || unknownType"
src/compiler/checker.ts:14448:28,a BinaryExpression with a value and a value,||,readonly TypeParameter[] | undefined,readonly TypeParameter[] | undefined,readonly TypeParameter[] | undefined,left.typeParameters || right.typeParameters
src/compiler/checker.ts:14450:13,a BinaryExpression with a value and a value,&&,readonly TypeParameter[] | undefined,readonly TypeParameter[] | undefined,readonly TypeParameter[] | undefined,left.typeParameters && right.typeParameters
src/compiler/checker.ts:14478:18,a BinaryExpression with a boolean and a value,&&,boolean,TypeMapper | undefined,false | TypeMapper | undefined,left.compositeKind !== TypeFlags.Intersection && left.mapper
src/compiler/checker.ts:14567:54,a BinaryExpression with a value and a value,||,Signature[] | undefined,never[],Signature[],callSignatures || emptyArray
src/compiler/checker.ts:14701:15,a BinaryExpression with a number and a number,||,number,number,number,constraint.flags & TypeFlags.Union || constraint.flags & TypeFlags.Intersection
src/compiler/checker.ts:14717:69,a BinaryExpression with a value and a value,||,Type | undefined,IntrinsicType,Type,"inferReverseMappedType(indexInfo.type, type.mappedType, type.constraintType) || unknownType"
src/compiler/checker.ts:14834:73,a BinaryExpression with a value and a value,||,IndexInfo[] | undefined,never[],IndexInfo[],indexInfos || emptyArray
src/compiler/checker.ts:14914:14,a BinaryExpression with a value and a value,=,TypeParameter,TypeParameter,TypeParameter,type.typeParameter = getDeclaredTypeOfTypeParameter(getSymbolOfDeclaration(type.declaration.typeParameter))
src/compiler/checker.ts:14919:36,a BinaryExpression with a value and a value,||,Type | undefined,IntrinsicType,Type,getConstraintOfTypeParameter(getTypeParameterFromMappedType(type)) || errorType
src/compiler/checker.ts:14924:31,a BinaryExpression with a value and a value,=,Type,Type,Type,"type.nameType = instantiateType(getTypeFromTypeNode(type.declaration.nameType), type.mapper)"
src/compiler/checker.ts:14930:14,a BinaryExpression with a value and a value,=,Type,Type,Type,"type.templateType = type.declaration.type ?
                instantiateType(addOptionality(getTypeFromTypeNode(type.declaration.type), /*isProperty*/ true, !!(getMappedTypeModifiers(type) & MappedTypeModifiers.IncludeOptional)), type.mapper) :
                errorType"
src/compiler/checker.ts:14984:20,a BinaryExpression with a number and a number,||,number,number,number,getMappedTypeOptionality(type as MappedType) || getCombinedMappedTypeOptionality(getModifiersTypeFromMappedType(type as MappedType))
src/compiler/checker.ts:14994:19,a BinaryExpression with a number and a number,&&,number,number,number,getObjectFlags(type) & ObjectFlags.Mapped && getMappedTypeModifiers(type as MappedType) & MappedTypeModifiers.IncludeOptional
src/compiler/checker.ts:15007:17,a BinaryExpression with a value and a boolean,&&,Type | undefined,boolean,boolean | undefined,"nameType && isGenericIndexType(instantiateType(nameType, makeUnaryTypeMapper(getTypeParameterFromMappedType(type as MappedType), constraint)))"
src/compiler/checker.ts:15072:17,a BinaryExpression with a value and a boolean,&&,Symbol | undefined,boolean,boolean | undefined,symbol && symbolIsValue(symbol)
src/compiler/checker.ts:15092:21,a BinaryExpression with a number and a boolean,&&,number,boolean,0 | boolean,type.flags & TypeFlags.Union && getIndexInfosOfType(current).length === 0
src/compiler/checker.ts:15192:13,a BinaryExpression with a value and a boolean,&&,Type | undefined,boolean,boolean | undefined,indexConstraint && indexConstraint !== type.indexType
src/compiler/checker.ts:15199:13,a BinaryExpression with a value and a boolean,&&,Type | undefined,boolean,boolean | undefined,objectConstraint && objectConstraint !== type.objectType
src/compiler/checker.ts:15237:17,a BinaryExpression with a value and a boolean,&&,Type | undefined,boolean,boolean | undefined,constraint && constraint !== type.checkType
src/compiler/checker.ts:15250:16,a BinaryExpression with a value and a value,||,Type | undefined,Type,Type,getConstraintOfDistributiveConditionalType(type) || getDefaultConstraintOfConditionalType(type)
src/compiler/checker.ts:15275:22,a BinaryExpression with a number and a boolean,||,number,boolean,number | boolean,t.flags & TypeFlags.DisjointDomains || isEmptyAnonymousObjectType(t)
src/compiler/checker.ts:15281:13,a BinaryExpression with a value and a boolean,&&,Type[] | undefined,boolean,boolean | undefined,constraints && (targetIsUnion || hasDisjointDomainType)
src/compiler/checker.ts:15298:13,a BinaryExpression with a number and a boolean,||,number,boolean,number | boolean,type.flags & (TypeFlags.InstantiableNonPrimitive | TypeFlags.UnionOrIntersection | TypeFlags.TemplateLiteral | TypeFlags.StringMapping) || isGenericTupleType(type)
src/compiler/checker.ts:15310:16,a BinaryExpression with a value and a value,||,Type | undefined,Type,Type,getBaseConstraintOfType(type) || type
src/compiler/checker.ts:15327:16,a BinaryExpression with a value and a value,=,Type,Type,Type,type.resolvedBaseConstraint = getImmediateBaseConstraint(type)
src/compiler/checker.ts:15352:33,a BinaryExpression with a value and a boolean,&&,Node | undefined,boolean,boolean | undefined,"currentNode && !isNodeDescendantOf(errorNode, currentNode)"
src/compiler/checker.ts:15395:24,a BinaryExpression with a number and a boolean,&&,number,boolean,0 | boolean,t.flags & TypeFlags.Union && baseTypes.length === types.length
src/compiler/checker.ts:15415:24,a BinaryExpression with a value and a boolean,&&,Type | undefined,boolean,boolean | undefined,constraint && constraint !== (t as StringMappingType).type
src/compiler/checker.ts:15425:43,a BinaryExpression with a value and a value,&&,Type | undefined,Type | undefined,Type | undefined,baseObjectType && baseIndexType
src/compiler/checker.ts:15430:24,a BinaryExpression with a value and a value,&&,Type,Type | undefined,Type | undefined,constraint && getBaseConstraint(constraint)
src/compiler/checker.ts:15450:50,a BinaryExpression with a value and a value,=,Type,Type,Type,"type.resolvedApparentType = getTypeWithThisArgument(type, thisArgument, /*needApparentType*/ true)"
src/compiler/checker.ts:15504:46,a BinaryExpression with a value and a value,=,Type,Type,Type,type.resolvedApparentType = getResolvedApparentTypeOfMappedType(type)
src/compiler/checker.ts:15510:13,a BinaryExpression with a value and a boolean,&&,TypeParameter | undefined,boolean,boolean | undefined,typeVariable && !target.declaration.nameType
src/compiler/checker.ts:15543:57,a BinaryExpression with a value and a value,||,Type | undefined,IntrinsicType,Type,getBaseConstraintOfType(type) || unknownType
src/compiler/checker.ts:15802:16,a BinaryExpression with a value and a boolean,&&,Symbol | undefined,boolean,boolean | undefined,property && !(getCheckFlags(property) & CheckFlags.ReadPartial)
src/compiler/checker.ts:15812:13,a BinaryExpression with a number and a number,&&,number,number,number,type.flags & TypeFlags.Union && (type as UnionType).objectFlags & ObjectFlags.ContainsIntersections
src/compiler/checker.ts:15862:19,a BinaryExpression with a number and a number,&&,number,number,number,type.flags & TypeFlags.Union && (type as UnionType).objectFlags & ObjectFlags.ContainsIntersections
src/compiler/checker.ts:15867:72,a BinaryExpression with a value and a value,=,Type,Type,Type,"type.uniqueLiteralFilledInstantiation = instantiateType(type, uniqueLiteralMapper)"
src/compiler/checker.ts:15872:13,a BinaryExpression with a number and a number,&&,number,number,number,type.flags & TypeFlags.Intersection && getObjectFlags(type) & ObjectFlags.IsNeverIntersection
src/compiler/checker.ts:15898:17,a BinaryExpression with a value and a boolean,&&,Symbol | undefined,boolean,boolean | undefined,symbol && !includeTypeOnlyMembers
src/compiler/checker.ts:15904:17,a BinaryExpression with a value and a boolean,&&,Symbol | undefined,boolean,boolean | undefined,"symbol && symbolIsValue(symbol, includeTypeOnlyMembers)"
src/compiler/checker.ts:15999:42,a BinaryExpression with a value and a value,=,IndexInfo[] | undefined,IndexInfo[],IndexInfo[],applicableInfos = [applicableInfo]
src/compiler/checker.ts:16084:16,a BinaryExpression with a value and a boolean,&&,Symbol | undefined,boolean,boolean | undefined,symbol && withAugmentations
src/compiler/checker.ts:16118:16,a BinaryExpression with a boolean and a value,&&,boolean,QuestionToken | undefined,false | QuestionToken | undefined,isPropertyDeclaration(node) && !hasAccessorModifier(node) && node.questionToken
src/compiler/checker.ts:16174:16,a BinaryExpression with a value and a value,&&,readonly Type[] | undefined,Type[],Type[] | undefined,typeArguments && typeArguments.slice()
src/compiler/checker.ts:16250:17,a BinaryExpression with a value and a value,&&,JSDocThisTag | undefined,JSDocTypeExpression,JSDocTypeExpression | undefined,thisTag && thisTag.typeExpression
src/compiler/checker.ts:16255:31,a BinaryExpression with a value and a boolean,&&,Node | undefined,boolean,boolean | undefined,hostDeclaration && isConstructorDeclaration(hostDeclaration)
src/compiler/checker.ts:16313:16,a BinaryExpression with a value and a value,&&,JSDocTypeExpression | undefined,Signature | undefined,Signature | undefined,typeTag?.typeExpression && getSingleCallSignature(getTypeFromTypeNode(typeTag.typeExpression))
src/compiler/checker.ts:16325:16,a BinaryExpression with a value and a value,&&,Signature | undefined,Type,Type | undefined,signature && getReturnTypeOfSignature(signature)
src/compiler/checker.ts:16375:17,a BinaryExpression with a boolean and a value,&&,boolean,ConciseBody | undefined,false | ConciseBody | undefined,i > 0 && (decl as FunctionLikeDeclaration).body
src/compiler/checker.ts:16381:17,a BinaryExpression with a boolean and a value,&&,boolean,JSDocArray | undefined,false | JSDocArray | undefined,isInJSFile(decl) && decl.jsDoc
src/compiler/checker.ts:16397:18,a BinaryExpression with a boolean and a value,&&,boolean,Signature | undefined,false | Signature | undefined,"!isFunctionExpressionOrArrowFunction(decl) &&
                    !isObjectLiteralMethod(decl) &&
                    getSignatureOfTypeTag(decl)"
src/compiler/checker.ts:16431:51,a BinaryExpression with a value and a value,||,TypePredicate | undefined,TypePredicate,TypePredicate,"getUnionOrIntersectionTypePredicate(signature.compositeSignatures, signature.compositeKind) || noTypePredicate"
src/compiler/checker.ts:16434:30,a BinaryExpression with a value and a value,&&,JSDocSignature | SignatureDeclaration | undefined,TypeNode | undefined,TypeNode | undefined,signature.declaration && getEffectiveReturnTypeNode(signature.declaration)
src/compiler/checker.ts:16463:22,a BinaryExpression with a value and a value,&&,TypeNode | undefined,Type,Type | undefined,node.type && getTypeFromTypeNode(node.type)
src/compiler/checker.ts:16530:31,a BinaryExpression with a boolean and a value,&&,boolean,Type | undefined,false | Type | undefined,isInJSFile(declaration) && getTypeForDeclarationFromJSDocComment(declaration)
src/compiler/checker.ts:16549:16,a BinaryExpression with a value and a value,||,Type | undefined,IntrinsicType,Type,tryGetRestTypeOfSignature(signature) || anyType
src/compiler/checker.ts:16556:20,a BinaryExpression with a value and a value,&&,Type | undefined,Type | undefined,Type | undefined,"restType && getIndexTypeOfType(restType, numberType)"
src/compiler/checker.ts:16579:61,a BinaryExpression with a value and a value,=,"Map<string, Signature>","Map<string, Signature>","Map<string, Signature>","signature.instantiations = new Map<string, Signature>()"
src/compiler/checker.ts:16602:48,a BinaryExpression with a value and a value,=,Signature,Signature,Signature,signature.erasedSignatureCache = createErasedSignature(signature)
src/compiler/checker.ts:16613:51,a BinaryExpression with a value and a value,=,Signature,Signature,Signature,signature.canonicalSignatureCache = createCanonicalSignature(signature)
src/compiler/checker.ts:16837:16,a BinaryExpression with a value and a value,&&,Type[] | undefined,Type,Type | undefined,inferences && getIntersectionType(inferences)
src/compiler/checker.ts:16850:48,a BinaryExpression with a value and a value,||,Type | undefined,ResolvedType,Type,getInferredTypeParameterConstraint(typeParameter) || noConstraintType
src/compiler/checker.ts:16854:25,a BinaryExpression with a number and a boolean,&&,number,boolean,0 | boolean,type.flags & TypeFlags.Any && !isErrorType(type)
src/compiler/checker.ts:17031:17,a BinaryExpression with a boolean and a value,&&,boolean,readonly Type[] | undefined,false | readonly Type[] | undefined,typeKind !== undefined && typeArguments
src/compiler/checker.ts:17040:43,a BinaryExpression with a value and a value,=,Type | undefined,Type,Type,"instantiation = instantiateTypeWithAlias(type, createTypeMapper(typeParameters, fillMissingTypeArguments(typeArguments, typeParameters, getMinTypeArgumentCount(typeParameters), isInJSFile(symbol.valueDeclaration))), aliasSymbol, aliasTypeArguments)"
src/compiler/checker.ts:17085:34,a BinaryExpression with a value and a boolean,&&,Symbol | undefined,boolean,boolean | undefined,aliasSymbol && (isLocalTypeAlias(symbol) || !isLocalTypeAlias(aliasSymbol))
src/compiler/checker.ts:17145:45,a BinaryExpression with a value and a value,=,TransientSymbol | undefined,TransientSymbol,TransientSymbol,"result = createSymbol(SymbolFlags.TypeAlias, text, CheckFlags.Unresolved)"
src/compiler/checker.ts:17160:16,a BinaryExpression with a value and a boolean,&&,Symbol | undefined,boolean,boolean | undefined,symbol && symbol !== unknownSymbol
src/compiler/checker.ts:17168:18,a BinaryExpression with a value and a value,||,Symbol | undefined,Symbol,Symbol,getExpandoSymbol(symbol) || symbol
src/compiler/checker.ts:17180:13,a BinaryExpression with a number and a boolean,&&,number,boolean,0 | boolean,symbol.flags & SymbolFlags.Value && isJSDocTypeReference(node)
src/compiler/checker.ts:17204:51,a BinaryExpression with a boolean and a value,&&,boolean,EntityName | undefined,false | EntityName | undefined,node.kind === SyntaxKind.ImportType && (node as ImportTypeNode).qualifier
src/compiler/checker.ts:17206:21,a BinaryExpression with a value and a boolean,&&,Symbol,boolean,boolean,valueType.symbol && valueType.symbol !== symbol
src/compiler/checker.ts:17231:19,a BinaryExpression with a number and a number,&&,number,number,number,type.flags & TypeFlags.Substitution && (type as SubstitutionType).constraint.flags & TypeFlags.Unknown
src/compiler/checker.ts:17235:16,a BinaryExpression with a number and a boolean,||,number,boolean,number | boolean,constraint.flags & TypeFlags.AnyOrUnknown || constraint === baseType
src/compiler/checker.ts:17270:16,a BinaryExpression with a value and a boolean,&&,Node,boolean,boolean,node && !isStatement(node)
src/compiler/checker.ts:17350:25,a BinaryExpression with a value and a boolean,&&,NodeArray<TypeNode> | undefined,boolean,boolean | undefined,typeArgs && typeArgs.length === 2
src/compiler/checker.ts:17376:24,a BinaryExpression with a value and a value,=,Type,Type,Type,links.resolvedType = checkExpressionCached(node.parent.expression)
src/compiler/checker.ts:17641:16,a BinaryExpression with a value and a value,&&,Symbol | undefined,GenericType,GenericType | undefined,"symbol && getTypeOfGlobalSymbol(symbol, arity) as GenericType"
src/compiler/checker.ts:17646:41,a BinaryExpression with a value and a value,||,Symbol | undefined,TransientSymbol,Symbol,"getGlobalTypeAliasSymbol(""Extract"" as __String, /*arity*/ 2, /*reportErrors*/ true) || unknownSymbol"
src/compiler/checker.ts:17652:38,a BinaryExpression with a value and a value,||,Symbol | undefined,TransientSymbol,Symbol,"getGlobalTypeAliasSymbol(""Omit"" as __String, /*arity*/ 2, /*reportErrors*/ true) || unknownSymbol"
src/compiler/checker.ts:17658:41,a BinaryExpression with a value and a value,||,Symbol | undefined,TransientSymbol | undefined,Symbol | undefined,"getGlobalTypeAliasSymbol(""Awaited"" as __String, /*arity*/ 1, reportErrors) || (reportErrors ? unknownSymbol : undefined)"
src/compiler/checker.ts:17703:40,a BinaryExpression with a value and a value,||,Symbol | undefined,TransientSymbol,Symbol,"getGlobalTypeAliasSymbol(""Record"" as __String, /*arity*/ 2, /*reportErrors*/ true) || unknownSymbol"
src/compiler/checker.ts:18016:17,a BinaryExpression with a number and a boolean,&&,number,boolean,0 | boolean,flags & ElementFlags.Rest && firstRestIndex < 0
src/compiler/checker.ts:18031:45,a BinaryExpression with a value and a value,||,ObjectType | undefined,Type,Type,getRestArrayTypeOfTupleType(type) || createTupleType(emptyArray)
src/compiler/checker.ts:18087:17,a BinaryExpression with a number and a number,&&,number,number,number,flags & TypeFlags.Intersection && getObjectFlags(type) & ObjectFlags.IsConstrainedTypeVariable
src/compiler/checker.ts:18207:28,a BinaryExpression with a number and a number,&&,number,number,number,flags & (TypeFlags.StringLiteral | TypeFlags.TemplateLiteral | TypeFlags.StringMapping) && includes & TypeFlags.String
src/compiler/checker.ts:18243:17,a BinaryExpression with a number and a number,&&,number,number,number,type.flags & TypeFlags.Intersection && getObjectFlags(type) & ObjectFlags.IsConstrainedTypeVariable
src/compiler/checker.ts:18255:21,a BinaryExpression with a number and a number,&&,number,number,number,type.flags & TypeFlags.Intersection && getObjectFlags(type) & ObjectFlags.IsConstrainedTypeVariable
src/compiler/checker.ts:18270:25,a BinaryExpression with a number and a number,&&,number,number,number,type.flags & TypeFlags.Intersection && getObjectFlags(type) & ObjectFlags.IsConstrainedTypeVariable
src/compiler/checker.ts:18283:52,a BinaryExpression with a value and a value,||,Symbol | undefined,Type | undefined,Symbol | Type | undefined,type.aliasSymbol || (type as UnionType).origin
src/compiler/checker.ts:18290:38,a BinaryExpression with a value and a boolean,&&,Type | undefined,boolean,boolean | undefined,origin && !(origin.flags & TypeFlags.Union)
src/compiler/checker.ts:18321:47,a BinaryExpression with a number and a number,||,number,number,number,types[0]!.flags & TypeFlags.Union || types[1]!.flags & TypeFlags.Union
src/compiler/checker.ts:18406:107,a BinaryExpression with a value and a boolean,&&,TypePredicate | undefined,boolean,boolean | undefined,"last && !typePredicateKindsMatch(last, pred)"
src/compiler/checker.ts:18492:25,a BinaryExpression with a number and a number,&&,number,number,number,type.flags & TypeFlags.Unit && includes & TypeFlags.Unit
src/compiler/checker.ts:18519:28,a BinaryExpression with a number and a number,&&,number,number,number,t.flags & TypeFlags.String && includes & (TypeFlags.StringLiteral | TypeFlags.TemplateLiteral | TypeFlags.StringMapping)
src/compiler/checker.ts:18833:16,a BinaryExpression with a boolean and a value,||,boolean,Symbol | undefined,true | Symbol | undefined,!(type.flags & TypeFlags.UnionOrIntersection) || type.aliasSymbol
src/compiler/checker.ts:18873:46,a BinaryExpression with a value and a value,=,IndexType,IndexType,IndexType,"type.resolvedStringIndexType = createIndexType(type, IndexFlags.StringsOnly)"
src/compiler/checker.ts:18915:13,a BinaryExpression with a number and a number,&&,number,number,number,result.flags & TypeFlags.Union && constraintType.flags & TypeFlags.Union
src/compiler/checker.ts:18977:19,a BinaryExpression with a number and a boolean,||,number,boolean,number | boolean,"type.flags & TypeFlags.InstantiableNonPrimitive ||
            isGenericTupleType(type)"
src/compiler/checker.ts:19160:40,a BinaryExpression with a value and a value,=,StringMappingType | undefined,StringMappingType,StringMappingType,"result = createStringMappingType(symbol, type)"
src/compiler/checker.ts:19213:13,a BinaryExpression with a value and a boolean,&&,ArrayBindingPattern | ElementAccessExpression | IndexedAccessTypeNode | ObjectBindingPattern | SyntheticExpression | PropertyName | undefined,boolean,boolean | undefined,accessNode && isPropertyName(accessNode)
src/compiler/checker.ts:19231:34,a BinaryExpression with a value and a boolean,&&,ArrayBindingPattern | BigIntLiteral | ComputedPropertyName | ElementAccessExpression | ... 8 more ... | undefined,boolean,boolean | undefined,accessNode && accessNode.kind === SyntaxKind.ElementAccessExpression
src/compiler/checker.ts:19232:26,a BinaryExpression with a value and a boolean,&&,ArrayBindingPattern | BigIntLiteral | ComputedPropertyName | ElementAccessExpression | ... 8 more ... | undefined,boolean,boolean | undefined,accessNode && isPrivateIdentifier(accessNode)
src/compiler/checker.ts:19236:24,a BinaryExpression with a value and a value,||,Type | undefined,IntrinsicType,Type,"getTypeOfPropertyOfContextualType(objectType, propName) || anyType"
src/compiler/checker.ts:19258:24,a BinaryExpression with a value and a boolean,&&,ElementAccessExpression | undefined,boolean,boolean | undefined,accessExpression && getAssignmentTargetKind(accessExpression) !== AssignmentKind.Definite
src/compiler/checker.ts:19264:21,a BinaryExpression with a value and a boolean,&&,ArrayBindingPattern | BigIntLiteral | ComputedPropertyName | ElementAccessExpression | ... 8 more ... | undefined,boolean,boolean | undefined,"accessNode && everyType(objectType, t => !((t as TupleTypeReference).target.combinedFlags & ElementFlags.Variable))"
src/compiler/checker.ts:19289:31,a BinaryExpression with a value and a value,||,IndexInfo | undefined,IndexInfo | undefined,IndexInfo | undefined,"getApplicableIndexInfo(objectType, indexType) || getIndexInfoOfType(objectType, stringType)"
src/compiler/checker.ts:19329:17,a BinaryExpression with a value and a boolean,&&,ElementAccessExpression | undefined,boolean,boolean | undefined,accessExpression && !isConstEnumObjectType(objectType)
src/compiler/checker.ts:19399:13,a BinaryExpression with a number and a boolean,&&,number,boolean,0 | boolean,accessFlags & AccessFlags.AllowMissing && isObjectLiteralType(objectType)
src/compiler/checker.ts:19424:17,a BinaryExpression with a value and a boolean,&&,IndexInfo | undefined,boolean,boolean | undefined,indexInfo && indexInfo.isReadonly
src/compiler/checker.ts:19443:21,a BinaryExpression with a number and a boolean,||,number,boolean,number | boolean,t.flags & (TypeFlags.Literal | TypeFlags.Nullable) || isPatternLiteralPlaceholderType(t)
src/compiler/checker.ts:19493:17,a BinaryExpression with a number and a boolean,||,number,boolean,number | boolean,type.flags & TypeFlags.InstantiableNonPrimitive || isGenericMappedType(type)
src/compiler/checker.ts:19508:51,a BinaryExpression with a number and a boolean,&&,number,boolean,0 | boolean,objectType.flags & TypeFlags.Intersection && !shouldDeferIndexType(objectType)
src/compiler/checker.ts:19581:13,a BinaryExpression with a number and a boolean,&&,number,boolean,0 | boolean,falseType.flags & TypeFlags.Never && getActualTypeVariable(trueType) === getActualTypeVariable(checkType)
src/compiler/checker.ts:19601:13,a BinaryExpression with a boolean and a value,&&,boolean,Type | undefined,false | Type | undefined,isGenericMappedType(type.type) && getNameTypeFromMappedType(type.type)
src/compiler/checker.ts:1960:34,a BinaryExpression with a value and a value,||,Signature | undefined,Signature,Signature,signature.target || signature
src/compiler/checker.ts:19638:16,a BinaryExpression with a value and a value,||,Type | undefined,IntrinsicType,Type,"getIndexedAccessTypeOrUndefined(objectType, indexType, accessFlags, accessNode, aliasSymbol, aliasTypeArguments) || (accessNode ? errorType : unknownType)"
src/compiler/checker.ts:19674:47,a BinaryExpression with a value and a boolean,&&,ArrayBindingPattern | BigIntLiteral | ComputedPropertyName | ElementAccessExpression | ... 8 more ... | undefined,boolean,boolean | undefined,accessNode && accessNode.kind !== SyntaxKind.IndexedAccessType
src/compiler/checker.ts:19695:13,a BinaryExpression with a number and a boolean,&&,number,boolean,0 | boolean,indexType.flags & TypeFlags.Union && !(indexType.flags & TypeFlags.Boolean)
src/compiler/checker.ts:19754:17,a BinaryExpression with a number and a number,||,number,number,number,"(type as IndexedAccessType).objectType.flags & TypeFlags.Substitution ||
                (type as IndexedAccessType).indexType.flags & TypeFlags.Substitution"
src/compiler/checker.ts:19922:42,a BinaryExpression with a value and a value,=,Type,Type,Type,"type.resolvedTrueType = instantiateType(getTypeFromTypeNode(type.root.node.trueType), type.mapper)"
src/compiler/checker.ts:19926:43,a BinaryExpression with a value and a value,=,Type,Type,Type,"type.resolvedFalseType = instantiateType(getTypeFromTypeNode(type.root.node.falseType), type.mapper)"
src/compiler/checker.ts:19930:50,a BinaryExpression with a value and a value,=,Type,Type,Type,"type.resolvedInferredTrueType = type.combinedMapper ? instantiateType(getTypeFromTypeNode(type.root.node.trueType), type.combinedMapper) : getTrueTypeFromConditionalType(type)"
src/compiler/checker.ts:20003:24,a BinaryExpression with a value and a value,=,Type,IntrinsicType,IntrinsicType,links.resolvedType = errorType
src/compiler/checker.ts:20135:47,a BinaryExpression with a number and a boolean,&&,number,boolean,0 | boolean,prop.flags & SymbolFlags.SetAccessor && !(prop.flags & SymbolFlags.GetAccessor)
src/compiler/checker.ts:20157:13,a BinaryExpression with a number and a number,||,number,number,number,left.flags & TypeFlags.Any || right.flags & TypeFlags.Any
src/compiler/checker.ts:20160:13,a BinaryExpression with a number and a number,||,number,number,number,left.flags & TypeFlags.Unknown || right.flags & TypeFlags.Unknown
src/compiler/checker.ts:20259:35,a BinaryExpression with a number and a boolean,&&,number,boolean,0 | boolean,prop.flags & SymbolFlags.SetAccessor && !(prop.flags & SymbolFlags.GetAccessor)
src/compiler/checker.ts:20279:28,a BinaryExpression with a value and a value,||,LiteralType | undefined,LiteralType,LiteralType,regularType || type
src/compiler/checker.ts:20297:81,a BinaryExpression with a value and a value,=,UnionType,UnionType,UnionType,"(type as UnionType).regularType = mapType(type, getRegularTypeOfLiteralType) as UnionType"
src/compiler/checker.ts:20360:53,a BinaryExpression with a value and a value,=,Type,UniqueESSymbolType,UniqueESSymbolType,links.uniqueESSymbolType = createUniqueESSymbolType(symbol)
src/compiler/checker.ts:20385:13,a BinaryExpression with a value and a boolean,&&,SignatureDeclaration | undefined,boolean,boolean | undefined,host && isFunctionExpression(host)
src/compiler/checker.ts:20405:36,a BinaryExpression with a value and a value,||,TypeNode | undefined,TypeNode,TypeNode,getArrayElementTypeNode(node.type) || node.type
src/compiler/checker.ts:20415:62,a BinaryExpression with a boolean and a value,&&,boolean,Token<SyntaxKind.DotDotDotToken> | undefined,false | Token<SyntaxKind.DotDotDotToken> | undefined,node.kind === SyntaxKind.NamedTupleMember && (node as NamedTupleMember).dotDotDotToken
src/compiler/checker.ts:20428:39,a BinaryExpression with a value and a value,=,Type,Type,Type,"links.resolvedType = node.dotDotDotToken ? getTypeFromRestTypeNode(node) :
            addOptionality(getTypeFromTypeNode(node.type), /*isProperty*/ true, !!node.questionToken)"
src/compiler/checker.ts:20684:13,a BinaryExpression with a value and a boolean,&&,readonly TypeParameter[] | undefined,boolean,boolean | undefined,signature.typeParameters && !eraseTypeParameters
src/compiler/checker.ts:20697:84,a BinaryExpression with a value and a value,&&,Symbol | undefined,Symbol,Symbol | undefined,"signature.thisParameter && instantiateSymbol(signature.thisParameter, mapper)"
src/compiler/checker.ts:20707:13,a BinaryExpression with a value and a boolean,&&,Type | undefined,boolean,boolean | undefined,links.type && !couldContainTypeVariables(links.type)
src/compiler/checker.ts:20810:18,a BinaryExpression with a boolean and a value,&&,boolean,NodeArray<TypeNode> | undefined,false | NodeArray<TypeNode> | undefined,node.parent.kind === SyntaxKind.TypeReference && (node.parent as TypeReferenceNode).typeArguments
src/compiler/checker.ts:20819:13,a BinaryExpression with a value and a value,&&,Symbol,Declaration[] | undefined,Declaration[] | undefined,tp.symbol && tp.symbol.declarations
src/compiler/checker.ts:20896:17,a BinaryExpression with a number and a boolean,&&,number,boolean,0 | boolean,t.flags & (TypeFlags.AnyOrUnknown | TypeFlags.InstantiableNonPrimitive | TypeFlags.Object | TypeFlags.Intersection) && t !== wildcardType
src/compiler/checker.ts:20982:30,a BinaryExpression with a value and a value,||,Symbol | undefined,Symbol | undefined,Symbol | undefined,aliasSymbol || type.aliasSymbol
src/compiler/checker.ts:21017:16,a BinaryExpression with a value and a value,&&,Type | undefined,TypeMapper | undefined,TypeMapper | undefined,type && mapper
src/compiler/checker.ts:21064:21,a BinaryExpression with a number and a boolean,&&,number,boolean,0 | boolean,objectFlags & ObjectFlags.Reference && !(type as TypeReference).node
src/compiler/checker.ts:21083:36,a BinaryExpression with a value and a value,||,Symbol | undefined,Symbol | undefined,Symbol | undefined,aliasSymbol || type.aliasSymbol
src/compiler/checker.ts:21099:36,a BinaryExpression with a value and a value,||,Symbol | undefined,Symbol | undefined,Symbol | undefined,aliasSymbol || type.aliasSymbol
src/compiler/checker.ts:21121:17,a BinaryExpression with a number and a boolean,&&,number,boolean,0 | boolean,newBaseType.flags & TypeFlags.TypeVariable && isGenericType(newConstraint)
src/compiler/checker.ts:21124:17,a BinaryExpression with a number and a boolean,||,number,boolean,number | boolean,"newConstraint.flags & TypeFlags.AnyOrUnknown || isTypeAssignableTo(getRestrictiveInstantiation(newBaseType), getRestrictiveInstantiation(newConstraint))"
src/compiler/checker.ts:21154:46,a BinaryExpression with a value and a value,=,Type,Type,Type,"type.permissiveInstantiation = instantiateType(type, permissiveMapper)"
src/compiler/checker.ts:21225:13,a BinaryExpression with a value and a value,||,NodeArray<TypeParameterDeclaration> | undefined,TypeNode | undefined,NodeArray<TypeParameterDeclaration> | TypeNode | undefined,node.typeParameters || getEffectiveReturnTypeNode(node)
src/compiler/checker.ts:21253:17,a BinaryExpression with a number and a number,||,number,number,number,resolved.constructSignatures.length || resolved.callSignatures.length
src/compiler/checker.ts:21916:23,a BinaryExpression with a number and a number,&&,number,number,number,restType.flags & (TypeFlags.Any | TypeFlags.Never) && getReturnTypeOfSignature(s).flags & TypeFlags.AnyOrUnknown
src/compiler/checker.ts:21930:15,a BinaryExpression with a number and a boolean,&&,number,boolean,0 | boolean,checkMode & SignatureCheckMode.StrictTopSignature && isTopSignature(source)
src/compiler/checker.ts:21933:13,a BinaryExpression with a number and a boolean,&&,number,boolean,0 | boolean,checkMode & SignatureCheckMode.StrictTopSignature && isTopSignature(source)
src/compiler/checker.ts:21949:13,a BinaryExpression with a value and a boolean,&&,readonly TypeParameter[] | undefined,boolean,boolean | undefined,source.typeParameters && source.typeParameters !== target.typeParameters
src/compiler/checker.ts:21957:13,a BinaryExpression with a value and a value,||,Type | undefined,Type | undefined,Type | undefined,sourceRestType || targetRestType
src/compiler/checker.ts:21967:13,a BinaryExpression with a value and a boolean,&&,Type | undefined,boolean,boolean | undefined,sourceThisType && sourceThisType !== voidType
src/compiler/checker.ts:21983:28,a BinaryExpression with a value and a value,||,Type | undefined,Type | undefined,Type | undefined,sourceRestType || targetRestType
src/compiler/checker.ts:21984:27,a BinaryExpression with a value and a value,||,Type | undefined,Type | undefined,Type | undefined,sourceRestType || targetRestType
src/compiler/checker.ts:22023:19,a BinaryExpression with a value and a boolean,&&,JSDocSignature | SignatureDeclaration | undefined,boolean,boolean | undefined,target.declaration && isJSConstructor(target.declaration)
src/compiler/checker.ts:22029:19,a BinaryExpression with a value and a boolean,&&,JSDocSignature | SignatureDeclaration | undefined,boolean,boolean | undefined,source.declaration && isJSConstructor(source.declaration)
src/compiler/checker.ts:22052:21,a BinaryExpression with a boolean and a value,&&,boolean,"((source: Type, target: Type) => void) | undefined","false | ((source: Type, target: Type) => void) | undefined",!result && reportErrors && incompatibleErrorReporter
src/compiler/checker.ts:22087:13,a BinaryExpression with a value and a value,&&,Type | undefined,Type | undefined,Type | undefined,source.type && target.type
src/compiler/checker.ts:22131:13,a BinaryExpression with a value and a boolean,&&,SymbolTable,boolean,boolean,(type as ResolvedType).members && isEmptyResolvedType(type as ResolvedType)
src/compiler/checker.ts:22158:16,a BinaryExpression with a number and a boolean,&&,number,boolean,0 | boolean,type.flags & TypeFlags.Object && !isGenericMappedType(type)
src/compiler/checker.ts:22231:13,a BinaryExpression with a number and a number,||,number,number,number,t & TypeFlags.Any || s & TypeFlags.Never
src/compiler/checker.ts:22234:13,a BinaryExpression with a number and a number,&&,number,number,number,s & TypeFlags.StringLike && t & TypeFlags.String
src/compiler/checker.ts:22236:13,a BinaryExpression with a number and a number,&&,number,number,number,s & TypeFlags.StringLiteral && s & TypeFlags.EnumLiteral
src/compiler/checker.ts:22240:13,a BinaryExpression with a number and a number,&&,number,number,number,s & TypeFlags.NumberLike && t & TypeFlags.Number
src/compiler/checker.ts:22242:13,a BinaryExpression with a number and a number,&&,number,number,number,s & TypeFlags.NumberLiteral && s & TypeFlags.EnumLiteral
src/compiler/checker.ts:22246:13,a BinaryExpression with a number and a number,&&,number,number,number,s & TypeFlags.BigIntLike && t & TypeFlags.BigInt
src/compiler/checker.ts:22247:13,a BinaryExpression with a number and a number,&&,number,number,number,s & TypeFlags.BooleanLike && t & TypeFlags.Boolean
src/compiler/checker.ts:22248:13,a BinaryExpression with a number and a number,&&,number,number,number,s & TypeFlags.ESSymbolLike && t & TypeFlags.ESSymbol
src/compiler/checker.ts:22250:13,a BinaryExpression with a number and a number,&&,number,number,number,s & TypeFlags.Enum && t & TypeFlags.Enum
src/compiler/checker.ts:22253:13,a BinaryExpression with a number and a number,&&,number,number,number,s & TypeFlags.EnumLiteral && t & TypeFlags.EnumLiteral
src/compiler/checker.ts:22264:13,a BinaryExpression with a number and a number,&&,number,number,number,s & TypeFlags.Object && t & TypeFlags.NonPrimitive
src/compiler/checker.ts:22270:64,a BinaryExpression with a number and a number,&&,number,number,number,t & TypeFlags.NumberLiteral && t & TypeFlags.EnumLiteral
src/compiler/checker.ts:22272:17,a BinaryExpression with a number and a boolean,&&,number,boolean,0 | boolean,s & TypeFlags.NumberLiteral && !(s & TypeFlags.EnumLiteral)
src/compiler/checker.ts:22302:13,a BinaryExpression with a number and a number,&&,number,number,number,source.flags & TypeFlags.Object && target.flags & TypeFlags.Object
src/compiler/checker.ts:22308:13,a BinaryExpression with a number and a number,||,number,number,number,source.flags & TypeFlags.StructuredOrInstantiable || target.flags & TypeFlags.StructuredOrInstantiable
src/compiler/checker.ts:22315:16,a BinaryExpression with a number and a boolean,&&,number,boolean,0 | boolean,getObjectFlags(source) & ObjectFlags.JsxAttributes && isHyphenatedJsxName(sourceProp.escapedName)
src/compiler/checker.ts:22322:190,a BinaryExpression with a value and a value,||,Type | undefined,Type,Type,getSingleBaseForNonAugmentingSubtype(type) || type
src/compiler/checker.ts:22337:13,a BinaryExpression with a number and a boolean,&&,number,boolean,0 | boolean,type.flags & TypeFlags.Intersection && shouldNormalizeIntersection(type as IntersectionType)
src/compiler/checker.ts:22643:33,a BinaryExpression with a number and a boolean,&&,number,boolean,0 | boolean,target.flags & TypeFlags.IndexedAccess && !(source.flags & TypeFlags.IndexedAccess)
src/compiler/checker.ts:22764:17,a BinaryExpression with a number and a number,&&,number,number,number,originalSource.flags & TypeFlags.Object && originalTarget.flags & TypeFlags.Primitive
src/compiler/checker.ts:22798:17,a BinaryExpression with a number and a boolean,&&,number,boolean,0 | boolean,source.flags & TypeFlags.TypeParameter && getConstraintOfType(source) === target
src/compiler/checker.ts:22804:17,a BinaryExpression with a number and a number,&&,number,number,number,source.flags & TypeFlags.DefinitelyNonNullable && target.flags & TypeFlags.Union
src/compiler/checker.ts:22820:17,a BinaryExpression with a number and a number,||,number,number,number,source.flags & TypeFlags.StructuredOrInstantiable || target.flags & TypeFlags.StructuredOrInstantiable
src/compiler/checker.ts:22877:23,a BinaryExpression with a value and a boolean,||,Symbol | undefined,boolean,boolean | Symbol,originalSource.aliasSymbol || sourceHasBase
src/compiler/checker.ts:22878:23,a BinaryExpression with a value and a boolean,||,Symbol | undefined,boolean,boolean | Symbol,originalTarget.aliasSymbol || targetHasBase
src/compiler/checker.ts:22883:17,a BinaryExpression with a number and a number,&&,number,number,number,source.flags & TypeFlags.Object && target.flags & TypeFlags.Object
src/compiler/checker.ts:22890:17,a BinaryExpression with a number and a number,&&,number,number,number,source.flags & TypeFlags.Object && target.flags & TypeFlags.Primitive
src/compiler/checker.ts:22919:21,a BinaryExpression with a value and a boolean,&&,DiagnosticMessageChain | undefined,boolean,boolean | undefined,errorInfo && errorInfo !== savedErrorState.errorInfo
src/compiler/checker.ts:22946:17,a BinaryExpression with a number and a number,&&,number,number,number,(source.flags & TypeFlags.UnionOrIntersection) && (target.flags & TypeFlags.UnionOrIntersection)
src/compiler/checker.ts:22974:34,a BinaryExpression with a value and a value,&&,Symbol | undefined,Type,Type | undefined,prop && getTypeOfSymbol(prop)
src/compiler/checker.ts:22994:33,a BinaryExpression with a value and a value,||,Type | undefined,Type,Type,"findMatchingDiscriminantType(source, target as UnionType, isRelatedTo) || filterPrimitivesIfContainsNonPrimitive(target as UnionType)"
src/compiler/checker.ts:23011:37,a BinaryExpression with a value and a boolean,&&,Declaration | undefined,boolean,boolean | undefined,prop.valueDeclaration && isJsxAttribute(prop.valueDeclaration)
src/compiler/checker.ts:23051:25,a BinaryExpression with a value and a boolean,&&,Type[] | undefined,boolean,boolean | undefined,"checkTypes && !isRelatedTo(getTypeOfSymbol(prop), getTypeOfPropertyInTypes(checkTypes, prop.escapedName), RecursionFlags.Both, reportErrors)"
src/compiler/checker.ts:23063:20,a BinaryExpression with a value and a value,&&,Declaration | undefined,Declaration | undefined,Declaration | undefined,prop.valueDeclaration && container.valueDeclaration
src/compiler/checker.ts:23199:17,a BinaryExpression with a number and a boolean,&&,number,boolean,0 | boolean,"source.flags & TypeFlags.Union && containsType(sourceTypes, target)"
src/compiler/checker.ts:23214:17,a BinaryExpression with a number and a number,&&,number,number,number,source.flags & TypeFlags.Union && target.flags & TypeFlags.Union
src/compiler/checker.ts:23230:21,a BinaryExpression with a number and a boolean,&&,number,boolean,0 | boolean,undefinedStrippedTarget.flags & TypeFlags.Union && sourceTypes.length >= (undefinedStrippedTarget as UnionType).types.length
src/compiler/checker.ts:23486:74,a BinaryExpression with a number and a number,&&,number,number,number,source.flags & TypeFlags.TypeParameter && target.flags & TypeFlags.Union
src/compiler/checker.ts:23503:21,a BinaryExpression with a number and a boolean,&&,Ternary,boolean,boolean | Ternary.False,result && !(intersectionState & IntersectionState.Target)
src/compiler/checker.ts:23563:25,a BinaryExpression with a number and a number,=,Ternary,Ternary,Ternary,"result = isRelatedTo((source as IndexedAccessType).objectType, (target as IndexedAccessType).objectType, RecursionFlags.Both, /*reportErrors*/ false)"
src/compiler/checker.ts:23571:29,a BinaryExpression with a number and a number,=,Ternary,Ternary,Ternary,"result = isRelatedTo((source as ConditionalType).checkType, (target as ConditionalType).checkType, RecursionFlags.Both, /*reportErrors*/ false)"
src/compiler/checker.ts:23583:25,a BinaryExpression with a number and a number,=,Ternary,Ternary,Ternary,"result = isRelatedTo((source as SubstitutionType).baseType, (target as SubstitutionType).baseType, RecursionFlags.Both, /*reportErrors*/ false)"
src/compiler/checker.ts:23611:22,a BinaryExpression with a number and a number,||,number,number,number,sourceFlags & TypeFlags.UnionOrIntersection || targetFlags & TypeFlags.UnionOrIntersection
src/compiler/checker.ts:23654:88,a BinaryExpression with a number and a number,=,Ternary,Ternary,Ternary,"result = isRelatedTo(getTypeArguments(source)[0]!, target, RecursionFlags.Source)"
src/compiler/checker.ts:23662:21,a BinaryExpression with a number and a boolean,&&,number,boolean,0 | boolean,getObjectFlags(source) & ObjectFlags.Mapped && !(source as MappedType).declaration.nameType
src/compiler/checker.ts:23690:25,a BinaryExpression with a number and a number,=,Ternary,Ternary,Ternary,"result = isRelatedTo(targetType, (source as IndexType).type, RecursionFlags.Both, /*reportErrors*/ false)"
src/compiler/checker.ts:23697:25,a BinaryExpression with a number and a number,=,Ternary,Ternary,Ternary,"result = isRelatedTo(source, getKnownKeysOfTupleType(targetType), RecursionFlags.Target, reportErrors)"
src/compiler/checker.ts:23722:29,a BinaryExpression with a value and a boolean,&&,Type | undefined,boolean,boolean | undefined,nameType && isMappedTypeWithKeyofConstraintDeclaration(targetType)
src/compiler/checker.ts:23742:25,a BinaryExpression with a number and a number,=,Ternary,Ternary,Ternary,"result = isRelatedTo((source as IndexedAccessType).objectType, (target as IndexedAccessType).objectType, RecursionFlags.Both, reportErrors)"
src/compiler/checker.ts:23757:44,a BinaryExpression with a value and a value,||,Type | undefined,Type,Type,getBaseConstraintOfType(objectType) || objectType
src/compiler/checker.ts:23758:43,a BinaryExpression with a value and a value,||,Type | undefined,Type,Type,getBaseConstraintOfType(indexType) || indexType
src/compiler/checker.ts:23861:90,a BinaryExpression with a number and a boolean,&&,number,boolean,0 | boolean,source.flags & TypeFlags.Conditional && (source as ConditionalType).root === c.root
src/compiler/checker.ts:23897:23,a BinaryExpression with a number and a number,&&,number,number,number,sourceFlags & TypeFlags.IndexedAccess && targetFlags & TypeFlags.IndexedAccess
src/compiler/checker.ts:23938:22,a BinaryExpression with a number and a boolean,&&,number,boolean,0 | boolean,sourceFlags & TypeFlags.TemplateLiteral && !(targetFlags & TypeFlags.Object)
src/compiler/checker.ts:24125:21,a BinaryExpression with a number and a number,=,Ternary,Ternary,Ternary,"result = typeArgumentsRelatedTo(sourceTypeArguments, targetTypeArguments, variances, reportErrors, intersectionState)"
src/compiler/checker.ts:24137:49,a BinaryExpression with a value and a boolean,&&,readonly Type[] | undefined,boolean,boolean | undefined,"targetTypeArguments && hasCovariantVoidArgument(targetTypeArguments, variances)"
src/compiler/checker.ts:24177:21,a BinaryExpression with a number and a number,=,Ternary,Ternary,Ternary,"result = isRelatedTo(targetConstraint, sourceConstraint, RecursionFlags.Both, reportErrors)"
src/compiler/checker.ts:2420:100,a BinaryExpression with a value and a value,||,Symbol | undefined,TransientSymbol,Symbol,"getGlobalSymbol(""Symbol"" as __String, SymbolFlags.Value | SymbolFlags.ExportValue, /*diagnostic*/ undefined) || unknownSymbol"
src/compiler/checker.ts:24267:29,a BinaryExpression with a number and a boolean,&&,Ternary,boolean,boolean | Ternary.False,result && !(isTupleType(source) && isTupleType(type))
src/compiler/checker.ts:24296:20,a BinaryExpression with a value and a value,||,Symbol[] | undefined,Symbol[],Symbol[],result || properties
src/compiler/checker.ts:24313:17,a BinaryExpression with a number and a number,||,number,number,number,sourcePropFlags & ModifierFlags.Private || targetPropFlags & ModifierFlags.Private
src/compiler/checker.ts:24382:17,a BinaryExpression with a value and a boolean,&&,Declaration | undefined,boolean,boolean | undefined,"unmatchedProperty.valueDeclaration
                && isNamedDeclaration(unmatchedProperty.valueDeclaration)"
src/compiler/checker.ts:24461:51,a BinaryExpression with a number and a boolean,||,number,boolean,number | boolean,sourceRestFlag || targetArity < sourceArity
src/compiler/checker.ts:24487:29,a BinaryExpression with a number and a boolean,&&,number,boolean,0 | boolean,targetFlags & ElementFlags.Variadic && !(sourceFlags & ElementFlags.Variadic)
src/compiler/checker.ts:24493:29,a BinaryExpression with a number and a boolean,&&,number,boolean,0 | boolean,sourceFlags & ElementFlags.Variadic && !(targetFlags & ElementFlags.Variable)
src/compiler/checker.ts:24499:29,a BinaryExpression with a number and a boolean,&&,number,boolean,0 | boolean,targetFlags & ElementFlags.Required && !(sourceFlags & ElementFlags.Required)
src/compiler/checker.ts:24507:33,a BinaryExpression with a number and a number,||,number,number,number,sourceFlags & ElementFlags.Variable || targetFlags & ElementFlags.Variable
src/compiler/checker.ts:24518:49,a BinaryExpression with a number and a number,&&,number,number,number,sourceFlags & ElementFlags.Variadic && targetFlags & ElementFlags.Rest
src/compiler/checker.ts:24579:19,a BinaryExpression with a number and a number,&&,number,number,number,source.flags & TypeFlags.Object && target.flags & TypeFlags.Object
src/compiler/checker.ts:24614:43,a BinaryExpression with a value and a boolean,&&,Symbol,boolean,boolean,source.symbol && isJSConstructor(source.symbol.valueDeclaration)
src/compiler/checker.ts:24615:43,a BinaryExpression with a value and a boolean,&&,Symbol,boolean,boolean,target.symbol && isJSConstructor(target.symbol.valueDeclaration)
src/compiler/checker.ts:24651:17,a BinaryExpression with a number and a number,&&,number,number,number,sourceObjectFlags & ObjectFlags.Instantiated && targetObjectFlags & ObjectFlags.Instantiated
src/compiler/checker.ts:24715:18,a BinaryExpression with a number and a number,||,number,number,number,typeCallSignatures.length || typeConstructSignatures.length
src/compiler/checker.ts:24916:17,a BinaryExpression with a value and a boolean,&&,Type | undefined,boolean,boolean | undefined,constraint && constraint !== type
src/compiler/checker.ts:24939:16,a BinaryExpression with a value and a value,||,Type | undefined,Type | undefined,Type | undefined,"findMatchingDiscriminantType(source, target, isRelatedTo) ||
            findMatchingTypeReferenceOrTypeAliasReference(source, target)"
src/compiler/checker.ts:24948:51,a BinaryExpression with a number and a number,||,number,number,number,t.flags & TypeFlags.Primitive || getReducedType(t).flags & TypeFlags.Never
src/compiler/checker.ts:25113:16,a BinaryExpression with a number and a boolean,&&,number,boolean,0 | boolean,type.flags & TypeFlags.TypeParameter && !getConstraintOfTypeParameter(type as TypeParameter)
src/compiler/checker.ts:25200:31,a BinaryExpression with a value and a value,&&,InterfaceType | undefined,BaseType | undefined,BaseType | undefined,classType && getBaseTypes(classType)[0]
src/compiler/checker.ts:25417:47,a BinaryExpression with a value and a value,||,Type | undefined,IntrinsicType,Type,"instantiateType(getConstraintFromTypeParameter(s), mapper) || unknownType"
src/compiler/checker.ts:25452:23,a BinaryExpression with a value and a value,||,TypePredicate | undefined,TypePredicate | undefined,TypePredicate | undefined,sourceTypePredicate || targetTypePredicate
src/compiler/checker.ts:25460:18,a BinaryExpression with a value and a value,&&,TypePredicate | undefined,TypePredicate | undefined,TypePredicate | undefined,source && target
src/compiler/checker.ts:25560:17,a BinaryExpression with a value and a boolean,&&,ExpressionWithTypeArguments | undefined,boolean,boolean | undefined,baseTypeNode && baseTypeNode.expression.kind !== SyntaxKind.Identifier
src/compiler/checker.ts:25662:16,a BinaryExpression with a number and a boolean,&&,number,boolean,0 | boolean,type.flags & TypeFlags.EnumLike && isFreshLiteralType(type)
src/compiler/checker.ts:25685:13,a BinaryExpression with a value and a boolean,&&,Type | undefined,boolean,boolean | undefined,type && isUnitType(type)
src/compiler/checker.ts:25695:13,a BinaryExpression with a value and a boolean,&&,Type | undefined,boolean,boolean | undefined,type && isUnitType(type)
src/compiler/checker.ts:25708:19,a BinaryExpression with a number and a number,&&,number,number,number,getObjectFlags(type) & ObjectFlags.Reference && (type as TypeReference).target.objectFlags & ObjectFlags.Tuple
src/compiler/checker.ts:25730:17,a BinaryExpression with a value and a boolean,&&,Type | undefined,boolean,boolean | undefined,undefinedOrMissingType && index >= getTotalFixedElementCount(tupleType.target)
src/compiler/checker.ts:25739:16,a BinaryExpression with a value and a value,&&,Type | undefined,ObjectType,ObjectType | undefined,restType && createArrayType(restType)
src/compiler/checker.ts:25802:47,a BinaryExpression with a number and a boolean,&&,number,boolean,0 | boolean,type.flags & TypeFlags.Union && (type as UnionType).types[0] === missingOrUndefined
src/compiler/checker.ts:25807:50,a BinaryExpression with a value and a value,||,Symbol | undefined,TransientSymbol,Symbol,"getGlobalSymbol(""NonNullable"" as __String, SymbolFlags.TypeAlias, /*diagnostic*/ undefined) || unknownSymbol"
src/compiler/checker.ts:25984:29,a BinaryExpression with a value and a value,&&,WideningContext | undefined,WideningContext,WideningContext | undefined,"context && createWideningContext(context, prop.escapedName, /*siblings*/ undefined)"
src/compiler/checker.ts:26023:17,a BinaryExpression with a boolean and a value,&&,boolean,Type | undefined,false | Type | undefined,context === undefined && type.widened
src/compiler/checker.ts:26034:38,a BinaryExpression with a value and a value,||,WideningContext | undefined,WideningContext,WideningContext,"context || createWideningContext(/*parent*/ undefined, /*propertyName*/ undefined, (type as UnionType).types)"
src/compiler/checker.ts:26047:17,a BinaryExpression with a value and a boolean,&&,Type | undefined,boolean,boolean | undefined,result && context === undefined
src/compiler/checker.ts:26050:20,a BinaryExpression with a value and a value,||,Type | undefined,Type,Type,result || type
src/compiler/checker.ts:26248:17,a BinaryExpression with a value and a boolean,&&,TypePredicate | undefined,boolean,boolean | undefined,"sourceTypePredicate && typePredicateKindsMatch(sourceTypePredicate, targetTypePredicate)"
src/compiler/checker.ts:26361:25,a BinaryExpression with a value and a value,&&,Type[] | undefined,Type[],Type[] | undefined,inference.candidates && inference.candidates.slice()
src/compiler/checker.ts:26391:13,a BinaryExpression with a number and a boolean,&&,number,boolean,0 | boolean,type.flags & TypeFlags.Object && !isNonGenericTopLevelType(type)
src/compiler/checker.ts:26404:13,a BinaryExpression with a value and a boolean,&&,Symbol | undefined,boolean,boolean | undefined,type.aliasSymbol && !type.aliasTypeArguments
src/compiler/checker.ts:26475:15,a BinaryExpression with a value and a boolean,||,IndexInfo | undefined,boolean,boolean | IndexInfo,"getIndexInfoOfType(source, stringType) || getPropertiesOfType(source).length !== 0 && isPartiallyInferableType(source)"
src/compiler/checker.ts:26509:26,a BinaryExpression with a value and a value,||,Type | undefined,IntrinsicType,Type,"inferReverseMappedType(symbol.links.propertyType, symbol.links.mappedType, symbol.links.constraintType) || unknownType"
src/compiler/checker.ts:26519:31,a BinaryExpression with a value and a value,||,Type | undefined,IntrinsicType,Type,getTypeFromInference(inference) || unknownType
src/compiler/checker.ts:26550:48,a BinaryExpression with a number and a number,||,number,number,number,targetProp.flags & SymbolFlags.Optional || getCheckFlags(targetProp) & CheckFlags.Partial
src/compiler/checker.ts:26659:13,a BinaryExpression with a number and a boolean,||,number,boolean,number | boolean,"target.flags & TypeFlags.String || isTypeAssignableTo(source, target)"
src/compiler/checker.ts:26664:23,a BinaryExpression with a number and a boolean,&&,number,boolean,0 | boolean,"target.flags & TypeFlags.Number && isValidNumberString(value, /*roundTripOnly*/ false)"
src/compiler/checker.ts:26798:17,a BinaryExpression with a value and a boolean,&&,Symbol | undefined,boolean,boolean | undefined,source.aliasSymbol && source.aliasSymbol === target.aliasSymbol
src/compiler/checker.ts:26887:25,a BinaryExpression with a number and a boolean,||,number,boolean,number | boolean,getObjectFlags(source) & ObjectFlags.NonInferrableType || source === nonInferrableAnyType
src/compiler/checker.ts:26891:43,a BinaryExpression with a value and a value,||,Type,Type,Type,propagationType || source
src/compiler/checker.ts:26934:29,a BinaryExpression with a value and a boolean,&&,Type | undefined,boolean,boolean | undefined,simplified && simplified !== target
src/compiler/checker.ts:26941:17,a BinaryExpression with a number and a number,&&,number,number,number,getObjectFlags(source) & ObjectFlags.Reference && getObjectFlags(target) & ObjectFlags.Reference
src/compiler/checker.ts:27214:17,a BinaryExpression with a number and a number,||,number,number,number,(constraintType.flags & TypeFlags.Union) || (constraintType.flags & TypeFlags.Intersection)
src/compiler/checker.ts:27227:21,a BinaryExpression with a value and a boolean,&&,InferenceInfo | undefined,boolean,boolean | undefined,inference && !inference.isFixed
src/compiler/checker.ts:27253:21,a BinaryExpression with a value and a boolean,&&,Type | undefined,boolean,boolean | undefined,"extendedConstraint && inferToMappedType(source, target, extendedConstraint)"
src/compiler/checker.ts:27354:17,a BinaryExpression with a value and a value,&&,Type | undefined,Type | undefined,Type | undefined,sourceNameType && targetNameType
src/compiler/checker.ts:27359:17,a BinaryExpression with a number and a number,&&,number,number,number,getObjectFlags(source) & ObjectFlags.Reference && getObjectFlags(target) & ObjectFlags.Reference
src/compiler/checker.ts:27370:17,a BinaryExpression with a number and a boolean,&&,number,boolean,0 | boolean,getObjectFlags(target) & ObjectFlags.Mapped && !(target as MappedType).declaration.nameType
src/compiler/checker.ts:27551:44,a BinaryExpression with a number and a number,&&,number,number,number,t.flags & TypeFlags.String && s.flags & TypeFlags.StringLiteral
src/compiler/checker.ts:27555:19,a BinaryExpression with a number and a number,&&,number,number,number,s.flags & TypeFlags.Object && t.flags & TypeFlags.Object
src/compiler/checker.ts:27616:21,a BinaryExpression with a value and a value,||,Type | undefined,Type | undefined,Type | undefined,inferredCovariantType || inferredContravariantType
src/compiler/checker.ts:2764:37,a BinaryExpression with a number and a number,||,number,number,number,target.flags & SymbolFlags.Enum || source.flags & SymbolFlags.Enum
src/compiler/checker.ts:27654:38,a BinaryExpression with a value and a value,||,Type | undefined,Type,Type,inferredType || getDefaultTypeArgumentType(!!(context.flags & InferenceFlags.AnyDefault))
src/compiler/checker.ts:2765:44,a BinaryExpression with a number and a number,||,number,number,number,target.flags & SymbolFlags.BlockScopedVariable || source.flags & SymbolFlags.BlockScopedVariable
src/compiler/checker.ts:2769:38,a BinaryExpression with a value and a value,&&,Declaration[] | undefined,SourceFile | undefined,SourceFile | undefined,source.declarations && getSourceFileOfNode(source.declarations[0])
src/compiler/checker.ts:2770:38,a BinaryExpression with a value and a value,&&,Declaration[] | undefined,SourceFile | undefined,SourceFile | undefined,target.declarations && getSourceFileOfNode(target.declarations[0])
src/compiler/checker.ts:2807:27,a BinaryExpression with a value and a value,||,DeclarationName | undefined,Declaration,ArrayBindingPattern | BigIntLiteral | ComputedPropertyName | Declaration | JsxNamespacedName | ObjectBindingPattern | PrivateIdentifier,"(getExpandoInitializer(node, /*isPrototypeAssignment*/ false) ? getNameOfExpando(node) : getNameOfDeclaration(node)) || node"
src/compiler/checker.ts:2809:35,a BinaryExpression with a value and a value,||,readonly Declaration[] | undefined,never[],readonly Declaration[],relatedNodes || emptyArray
src/compiler/checker.ts:28132:29,a BinaryExpression with a number and a boolean,&&,number,boolean,0 | boolean,assignedType.flags & TypeFlags.BooleanLiteral && isFreshLiteralType(assignedType)
src/compiler/checker.ts:28147:19,a BinaryExpression with a number and a number,||,number,number,number,resolved.callSignatures.length || resolved.constructSignatures.length
src/compiler/checker.ts:28161:20,a BinaryExpression with a value and a value,||,Type | undefined,IntrinsicType,Type,getBaseConstraintOfType(type) || unknownType
src/compiler/checker.ts:28168:29,a BinaryExpression with a number and a boolean,&&,number,boolean,0 | boolean,"flags & TypeFlags.StringLiteral && (type as StringLiteralType).value === """""
src/compiler/checker.ts:28210:20,a BinaryExpression with a number and a boolean,&&,number,boolean,0 | boolean,getObjectFlags(type) & ObjectFlags.Anonymous && isEmptyObjectType(type as ObjectType)
src/compiler/checker.ts:28312:16,a BinaryExpression with a value and a value,||,Type | undefined,Type | undefined,Type | undefined,"getTypeOfPropertyOfType(type, text) || includeUndefinedInIndexSignature(getApplicableIndexInfoForName(type, text)?.type)"
src/compiler/checker.ts:28316:16,a BinaryExpression with a boolean and a value,&&,boolean,Type | undefined,false | Type | undefined,"everyType(type, isTupleLikeType) && getTupleElementType(type, index)"
src/compiler/checker.ts:28329:32,a BinaryExpression with a value and a value,||,Type,IntrinsicType,Type,"checkIteratedTypeOrElementType(IterationUse.Destructuring, type, undefinedType, /*errorNode*/ undefined) || errorType"
src/compiler/checker.ts:2833:17,a BinaryExpression with a value and a value,&&,Symbol | undefined,Symbol | undefined,Symbol | undefined,mergedParent && targetSymbol
src/compiler/checker.ts:28367:24,a BinaryExpression with a value and a value,||,Type,IntrinsicType,Type,checkRightHandSideOfForOf(parent as ForOfStatement) || errorType
src/compiler/checker.ts:28388:55,a BinaryExpression with a value and a value,||,PropertyName | undefined,Identifier,PropertyName,node.propertyName || node.name as Identifier
src/compiler/checker.ts:28400:16,a BinaryExpression with a value and a value,||,Type | undefined,Type,Type,links.resolvedType || getTypeOfExpression(node)
src/compiler/checker.ts:28411:20,a BinaryExpression with a value and a value,||,Type,IntrinsicType,Type,checkRightHandSideOfForOf(node.parent.parent) || errorType
src/compiler/checker.ts:28504:13,a BinaryExpression with a number and a boolean,&&,number,boolean,0 | boolean,source.flags & TypeFlags.EnumLike && getBaseTypeOfEnumLikeType(source as LiteralType) === target
src/compiler/checker.ts:28554:16,a BinaryExpression with a number and a boolean,||,number,boolean,number | boolean,type.flags & TypeFlags.Never || f(type)
src/compiler/checker.ts:28593:26,a BinaryExpression with a value and a value,&&,Type[] | undefined,Type,Type | undefined,"mappedTypes && getUnionType(mappedTypes, noReductions ? UnionReduction.None : UnionReduction.Literal)"
src/compiler/checker.ts:28648:55,a BinaryExpression with a value and a value,=,EvolvingArrayType,EvolvingArrayType,EvolvingArrayType,evolvingArrayTypes[elementType.id] = createEvolvingArrayType(elementType)
src/compiler/checker.ts:28671:53,a BinaryExpression with a value and a value,=,Type,Type,Type,evolvingArrayType.finalArrayType = createFinalArrayType(evolvingArrayType.elementType)
src/compiler/checker.ts:28719:17,a BinaryExpression with a boolean and a value,&&,boolean,Expression | undefined,false | Expression | undefined,isInJSFile(node) && hasInitializer(node) && node.initializer
src/compiler/checker.ts:28730:21,a BinaryExpression with a value and a value,&&,Symbol | undefined,Type | undefined,Type | undefined,origin && getExplicitTypeOfSymbol(origin)
src/compiler/checker.ts:28819:52,a BinaryExpression with a value and a value,&&,Type | undefined,Type,Type | undefined,funcType && getApparentType(funcType)
src/compiler/checker.ts:28830:39,a BinaryExpression with a value and a value,||,Type | undefined,IntrinsicType,Type,getReturnTypeFromAnnotation(signature.declaration) || unknownType
src/compiler/checker.ts:29183:25,a BinaryExpression with a value and a boolean,&&,Expression | undefined,boolean,boolean | undefined,init && (init.kind === SyntaxKind.FunctionExpression || init.kind === SyntaxKind.ArrowFunction)
src/compiler/checker.ts:29221:21,a BinaryExpression with a value and a boolean,&&,TypePredicate | undefined,boolean,boolean | undefined,predicate && (predicate.kind === TypePredicateKind.AssertsThis || predicate.kind === TypePredicateKind.AssertsIdentifier)
src/compiler/checker.ts:29376:50,a BinaryExpression with a value and a value,=,"Map<string, Type>","Map<string, Type>","Map<string, Type>","flowLoopCaches[id] = new Map<string, Type>()"
src/compiler/checker.ts:29478:25,a BinaryExpression with a value and a boolean,&&,Declaration | undefined,boolean,boolean | undefined,declaration && (isBindingElement(declaration) || isParameter(declaration))
src/compiler/checker.ts:29495:25,a BinaryExpression with a value and a boolean,&&,Expression | undefined,boolean,boolean | undefined,initializer && isAccessExpression(initializer)
src/compiler/checker.ts:29501:29,a BinaryExpression with a value and a boolean,&&,Expression | undefined,boolean,boolean | undefined,initializer && (isIdentifier(initializer) || isAccessExpression(initializer))
src/compiler/checker.ts:29510:24,a BinaryExpression with a boolean and a value,&&,boolean,Expression | undefined,false | Expression | undefined,isVariableDeclaration(node) && !node.type && node.initializer
src/compiler/checker.ts:29518:17,a BinaryExpression with a number and a number,||,number,number,number,declaredType.flags & TypeFlags.Union || computedType.flags & TypeFlags.Union
src/compiler/checker.ts:29547:42,a BinaryExpression with a value and a value,||,Type | undefined,IntrinsicType,Type,"getTypeOfPropertyOrIndexSignatureOfType(t, propName) || unknownType"
src/compiler/checker.ts:29595:20,a BinaryExpression with a number and a number,||,number,number,number,prop.flags & SymbolFlags.Optional || getCheckFlags(prop) & CheckFlags.Partial
src/compiler/checker.ts:29773:39,a BinaryExpression with a number and a boolean,||,number,boolean,number | boolean,"type.flags & TypeFlags.Unknown || someType(type, isEmptyAnonymousObjectType)"
src/compiler/checker.ts:29994:21,a BinaryExpression with a number and a number,&&,number,number,number,source.flags & TypeFlags.Object && getObjectFlags(source) & ObjectFlags.Class
src/compiler/checker.ts:30023:31,a BinaryExpression with a value and a value,&&,Signature | undefined,TypePredicate | undefined,TypePredicate | undefined,signature && getTypePredicateOfSignature(signature)
src/compiler/checker.ts:30035:34,a BinaryExpression with a number and a boolean,&&,number,boolean,0 | boolean,instanceType.flags & TypeFlags.Object && !isEmptyAnonymousObjectType(instanceType)
src/compiler/checker.ts:30044:17,a BinaryExpression with a value and a boolean,&&,Type | undefined,boolean,boolean | undefined,prototypePropertyType && !isTypeAny(prototypePropertyType)
src/compiler/checker.ts:30116:35,a BinaryExpression with a value and a value,&&,Signature | undefined,TypePredicate | undefined,TypePredicate | undefined,signature && getTypePredicateOfSignature(signature)
src/compiler/checker.ts:30138:17,a BinaryExpression with a value and a boolean,&&,Type | undefined,boolean,boolean | undefined,predicate.type && !(isTypeAny(type) && (predicate.type === globalObjectType || predicate.type === globalFunctionType))
src/compiler/checker.ts:30180:33,a BinaryExpression with a value and a boolean,&&,Declaration | undefined,boolean,boolean | undefined,declaration && isVariableDeclaration(declaration)
src/compiler/checker.ts:30245:13,a BinaryExpression with a boolean and a value,&&,boolean,TypeNode | undefined,false | TypeNode | undefined,isDeclarationName(location) && isSetAccessor(location.parent) && getAnnotatedAccessorTypeNode(location.parent)
src/compiler/checker.ts:30291:45,a BinaryExpression with a value and a boolean,&&,Node | undefined,boolean,boolean | undefined,location && Math.abs(symbol.lastAssignmentPos) < location.pos
src/compiler/checker.ts:30368:16,a BinaryExpression with a value and a boolean,&&,Node,boolean,boolean,node && node.pos > declaration.pos
src/compiler/checker.ts:30390:16,a BinaryExpression with a number and a boolean,&&,number,boolean,0 | boolean,symbol.flags & SymbolFlags.Variable && (getDeclarationNodeFlagsFromSymbol(symbol) & NodeFlags.Constant) !== 0
src/compiler/checker.ts:30395:29,a BinaryExpression with a value and a value,&&,Declaration | undefined,Node,Node | undefined,symbol.valueDeclaration && getRootDeclaration(symbol.valueDeclaration)
src/compiler/checker.ts:30405:13,a BinaryExpression with a number and a boolean,||,number,boolean,number | boolean,"getCombinedModifierFlags(declaration) & ModifierFlags.Export ||
            declaration.parent.parent.kind === SyntaxKind.VariableStatement && isGlobalSourceFile(declaration.parent.parent.parent)"
src/compiler/checker.ts:30434:33,a BinaryExpression with a boolean and a value,&&,boolean,Expression | undefined,false | Expression | undefined,"strictNullChecks &&
            declaration.kind === SyntaxKind.Parameter &&
            declaration.initializer"
src/compiler/checker.ts:30539:13,a BinaryExpression with a number and a boolean,&&,number,boolean,0 | boolean,location.flags & NodeFlags.Ambient && !isPropertySignature(location)
src/compiler/checker.ts:30616:13,a BinaryExpression with a value and a boolean,&&,Symbol,boolean,boolean,symbol && symbol !== argumentsSymbol
src/compiler/checker.ts:30645:26,a BinaryExpression with a value and a value,||,Type | undefined,Type,Type,parentType || checkExpressionCached(left)
src/compiler/checker.ts:30653:43,a BinaryExpression with a boolean and a value,&&,boolean,Symbol | undefined,false | Symbol | undefined,"isPrivateIdentifier(right) && lookupSymbolForPrivateIdentifierDeclaration(right.escapedText, right)"
src/compiler/checker.ts:30659:66,a BinaryExpression with a number and a boolean,&&,number,boolean,0 | boolean,prop.flags & SymbolFlags.EnumMember && location.parent.kind === SyntaxKind.EnumMember
src/compiler/checker.ts:30680:38,a BinaryExpression with a value and a boolean,&&,DiagnosticCollection,boolean,boolean,diagnostics && compilerOptions.jsx === JsxEmit.React
src/compiler/checker.ts:30744:34,a BinaryExpression with a value and a value,||,ModuleExportName | undefined,ModuleExportName,ModuleExportName,location.propertyName || location.name
src/compiler/checker.ts:30862:18,a BinaryExpression with a number and a boolean,&&,number,boolean,0 | boolean,"(getSymbolFlags(symbol, /*excludeTypeOnlyMeanings*/ true) & SymbolFlags.Value) && !isConstEnumOrConstEnumOnlyModule(target)"
src/compiler/checker.ts:30906:53,a BinaryExpression with a value and a value,&&,TypeNode | undefined,EntityNameOrEntityNameExpression | undefined,EntityNameOrEntityNameExpression | undefined,node && getEntityNameFromTypeNode(node)
src/compiler/checker.ts:30918:13,a BinaryExpression with a value and a boolean,&&,EntityName | undefined,boolean,boolean | undefined,entityName && isEntityName(entityName)
src/compiler/checker.ts:30998:25,a BinaryExpression with a value and a boolean,&&,Signature | undefined,boolean,boolean | undefined,contextualSignature && contextualSignature.parameters.length === 1
src/compiler/checker.ts:31043:24,a BinaryExpression with a value and a boolean,&&,SignatureDeclaration | undefined,boolean,boolean | undefined,container && isArrowFunction(container)
src/compiler/checker.ts:31111:13,a BinaryExpression with a value and a boolean,&&,Declaration | undefined,boolean,boolean | undefined,declaration && declaration.kind === SyntaxKind.BindingElement
src/compiler/checker.ts:31173:55,a BinaryExpression with a value and a value,&&,Node,Node,Node,node.parent && node.parent.parent
src/compiler/checker.ts:31196:36,a BinaryExpression with a value and a boolean,&&,Declaration | undefined,boolean,boolean | undefined,immediateDeclaration && isVariableDeclaration(immediateDeclaration)
src/compiler/checker.ts:31249:17,a BinaryExpression with a value and a boolean,&&,Node,boolean,boolean,greatGrandparent && isExportDeclaration(greatGrandparent)
src/compiler/checker.ts:31297:25,a BinaryExpression with a value and a boolean,&&,Node | undefined,boolean,boolean | undefined,varDeclList && varDeclList.parent === container
src/compiler/checker.ts:31321:21,a BinaryExpression with a value and a boolean,&&,Node | undefined,boolean,boolean | undefined,varDeclList && varDeclList.parent === container
src/compiler/checker.ts:31402:13,a BinaryExpression with a value and a boolean,&&,ExpressionWithTypeArguments | undefined,boolean,boolean | undefined,baseTypeNode && !classDeclarationExtendsNull(containingClassDecl)
src/compiler/checker.ts:31411:13,a BinaryExpression with a boolean and a value,&&,boolean,Expression | undefined,false | Expression | undefined,"isPropertyDeclaration(container) && hasStaticModifier(container) && legacyDecorators &&
            container.initializer"
src/compiler/checker.ts:31617:13,a BinaryExpression with a value and a value,&&,JSDocThisTag | undefined,JSDocTypeExpression,JSDocTypeExpression | undefined,thisTag && thisTag.typeExpression
src/compiler/checker.ts:31640:20,a BinaryExpression with a value and a boolean,&&,SuperContainerOrFunctions | undefined,boolean,boolean | undefined,container && container.kind === SyntaxKind.ArrowFunction
src/compiler/checker.ts:31645:17,a BinaryExpression with a value and a boolean,&&,FunctionDeclaration | FunctionExpression | SuperContainer | undefined,boolean,boolean | undefined,"container && hasSyntacticModifier(container, ModifierFlags.Async)"
src/compiler/checker.ts:31797:31,a BinaryExpression with a value and a value,&&,InterfaceType,BaseType | undefined,BaseType | undefined,classType && getBaseTypes(classType)[0]
src/compiler/checker.ts:31859:16,a BinaryExpression with a number and a boolean,&&,number,boolean,0 | boolean,getObjectFlags(type) & ObjectFlags.Reference && (type as TypeReference).target === globalThisType
src/compiler/checker.ts:31924:29,a BinaryExpression with a value and a boolean,&&,Node | undefined,boolean,boolean | undefined,sourceFile.commonJsModuleIndicator && getResolvedSymbol(expression) === sourceFile.symbol
src/compiler/checker.ts:31943:13,a BinaryExpression with a value and a value,&&,CallExpression | undefined,NodeArray<Expression>,NodeArray<Expression> | undefined,iife && iife.arguments
src/compiler/checker.ts:31968:26,a BinaryExpression with a value and a value,||,TypeNode | undefined,TypeNode | undefined,TypeNode | undefined,getEffectiveTypeAnnotationNode(declaration) || (isInJSFile(declaration) ? tryGetJSDocSatisfiesTypeNode(declaration) : undefined)
src/compiler/checker.ts:31987:22,a BinaryExpression with a value and a value,||,PropertyName | undefined,BindingName,ArrayBindingPattern | BigIntLiteral | ComputedPropertyName | Identifier | NoSubstitutionTemplateLiteral | NumericLiteral | ObjectBindingPattern | PrivateIdentifier | StringLiteral,declaration.propertyName || declaration.name
src/compiler/checker.ts:31989:13,a BinaryExpression with a boolean and a value,&&,boolean,Expression | undefined,false | Expression | undefined,parent.kind !== SyntaxKind.BindingElement && parent.initializer
src/compiler/checker.ts:32004:28,a BinaryExpression with a boolean and a value,&&,boolean,Type | undefined,false | Type | undefined,"isExpression(declaration.parent) && getContextualType(declaration.parent, contextFlags)"
src/compiler/checker.ts:32102:16,a BinaryExpression with a value and a boolean,&&,Node,boolean,boolean,node.parent && !isFunctionLike(node.parent)
src/compiler/checker.ts:32120:20,a BinaryExpression with a value and a value,||,Type | undefined,undefined,Type | undefined,"getIterationTypeOfGeneratorFunctionReturnType(kind, contextualReturnType, isAsync)
                || undefined"
src/compiler/checker.ts:32137:13,a BinaryExpression with a value and a boolean,&&,Signature | undefined,boolean,boolean | undefined,signature && !isResolvingReturnTypeOfSignature(signature)
src/compiler/checker.ts:3217:17,a BinaryExpression with a value and a boolean,&&,Node | undefined,boolean,boolean | undefined,errorLocation && !result
src/compiler/checker.ts:32231:13,a BinaryExpression with a boolean and a value,&&,boolean,Symbol,false | Symbol,canHaveSymbol(e) && e.symbol
src/compiler/checker.ts:32253:20,a BinaryExpression with a value and a value,&&,Symbol | undefined,Symbol | undefined,Symbol | undefined,"lexicallyScopedSymbol && getPrivateIdentifierPropertyOfType(type, lexicallyScopedSymbol)"
src/compiler/checker.ts:32365:19,a BinaryExpression with a number and a boolean,&&,number,boolean,0 | boolean,getCheckFlags(symbol) & CheckFlags.Mapped && !(symbol as MappedSymbol).links.type
src/compiler/checker.ts:32437:34,a BinaryExpression with a value and a value,||,Type | undefined,StringLiteralType,Type,nameType || getStringLiteralType(unescapeLeadingUnderscores(name))
src/compiler/checker.ts:32443:40,a BinaryExpression with a value and a value,||,Type | undefined,Type,Type,getBaseConstraintOfType(constraint) || constraint
src/compiler/checker.ts:32465:77,a BinaryExpression with a value and a value,||,Type | undefined,StringLiteralType,Type,nameType || getStringLiteralType(unescapeLeadingUnderscores(name))
src/compiler/checker.ts:32482:40,a BinaryExpression with a boolean and a value,&&,boolean,Type | undefined,false | Type | undefined,"isPropertyAssignment(element) && getContextualTypeForVariableLikeDeclaration(element, contextFlags)"
src/compiler/checker.ts:32497:21,a BinaryExpression with a value and a boolean,&&,DeclarationName | undefined,boolean,boolean | undefined,name && isComputedPropertyName(name)
src/compiler/checker.ts:32526:16,a BinaryExpression with a value and a value,&&,Type | undefined,Type | undefined,Type | undefined,"type && mapType(type, t => {
            if (isTupleType(t)) {
                // If index is before any spread element and within the fixed part of the contextual tuple type, return
                // the type of the contextual tuple element.
                if ((firstSpreadIndex === undefined || index < firstSpreadIndex) && index < t.target.fixedLength) {
                    return removeMissingType(getTypeArguments(t)[index]!, !!(t.target.elementFlags[index]! && ElementFlags.Optional));
                }
                // When the length is known and the index is after all spread elements we compute the offset from the element
                // to the end and the number of ending fixed elements in the contextual tuple type.
                const offset = length !== undefined && (lastSpreadIndex === undefined || index > lastSpreadIndex) ? length - index : 0;
                const fixedEndLength = offset > 0 && (t.target.combinedFlags & ElementFlags.Variable) ? getEndElementCount(t.target, ElementFlags.Fixed) : 0;
                // If the offset is within the ending fixed part of the contextual tuple type, return the type of the contextual
                // tuple element.
                if (offset > 0 && offset <= fixedEndLength) {
                    return getTypeArguments(t)[getTypeReferenceArity(t) - offset];
                }
                // Return a union of the possible contextual element types with no subtype reduction.
                return getElementTypeOfSliceOfTupleType(t, firstSpreadIndex === undefined ? t.target.fixedLength : Math.min(t.target.fixedLength, firstSpreadIndex), length === undefined || lastSpreadIndex === undefined ? fixedEndLength : Math.min(fixedEndLength, length - lastSpreadIndex), /*writing*/ false, /*noReductions*/ true);
            }
            // If element index is known and a contextual property with that name exists, return it. Otherwise return the
            // iterated or element type of the contextual type.
            return (!firstSpreadIndex || index < firstSpreadIndex) && getTypeOfPropertyOfContextualType(t, """" + index as __String) ||
                getIteratedTypeOrElementType(IterationUse.Element, t, undefinedType, /*errorNode*/ undefined, /*checkAssignability*/ false);
        }, /*noReductions*/ true)"
src/compiler/checker.ts:32531:78,a BinaryExpression with a number and a number,&&,ElementFlags,ElementFlags.Optional,ElementFlags.Optional,t.target.elementFlags[index]! && ElementFlags.Optional
src/compiler/checker.ts:32562:15,a BinaryExpression with a value and a boolean,&&,Type | undefined,boolean,boolean | undefined,attributesType && !isTypeAny(attributesType)
src/compiler/checker.ts:32568:16,a BinaryExpression with a value and a value,&&,Type | undefined,Type,Type | undefined,"childFieldType && (realChildren.length === 1 ? childFieldType : mapType(childFieldType, t => {
            if (isArrayLikeType(t)) {
                return getIndexedAccessType(t, getNumberLiteralType(childIndex));
            }
            else {
                return t;
            }
        }, /*noReductions*/ true))"
src/compiler/checker.ts:32719:13,a BinaryExpression with a value and a boolean,&&,Type | undefined,boolean,boolean | undefined,"contextualType && maybeTypeOfKind(contextualType, TypeFlags.Instantiable)"
src/compiler/checker.ts:32841:25,a BinaryExpression with a value and a boolean,&&,JSDocTypeTag | undefined,boolean,boolean | undefined,typeTag && !isConstTypeReference(typeTag.typeExpression.type)
src/compiler/checker.ts:3308:40,a BinaryExpression with a value and a boolean,&&,Node | undefined,boolean,boolean | undefined,lastLocation && isSourceFile(lastLocation)
src/compiler/checker.ts:33099:20,a BinaryExpression with a value and a value,||,Symbol | undefined,Symbol | undefined,Symbol | undefined,left || right
src/compiler/checker.ts:33122:36,a BinaryExpression with a value and a value,||,Type | undefined,IntrinsicType,Type,"tryGetTypeAtPosition(shorter, i) || unknownType"
src/compiler/checker.ts:33156:28,a BinaryExpression with a value and a value,||,readonly TypeParameter[] | undefined,readonly TypeParameter[] | undefined,readonly TypeParameter[] | undefined,left.typeParameters || right.typeParameters
src/compiler/checker.ts:33158:13,a BinaryExpression with a value and a value,&&,readonly TypeParameter[] | undefined,readonly TypeParameter[] | undefined,readonly TypeParameter[] | undefined,left.typeParameters && right.typeParameters
src/compiler/checker.ts:3323:23,a BinaryExpression with a number and a number,||,number,number,number,meaning & SymbolFlags.Class || meaning & SymbolFlags.Enum
src/compiler/checker.ts:3340:17,a BinaryExpression with a value and a boolean,&&,BindingElement | ParameterDeclaration | undefined,boolean,boolean | undefined,associatedDeclarationForContainingInitializerOrBindingName && !withinDeferredContext
src/compiler/checker.ts:33413:27,a BinaryExpression with a value and a value,=,TypeReference,TypeReference,TypeReference,(type as TypeReference).literalType = cloneTypeReference(type as TypeReference)
src/compiler/checker.ts:33447:24,a BinaryExpression with a value and a value,=,Type,IntrinsicType,IntrinsicType,links.resolvedType = errorType
src/compiler/checker.ts:33467:17,a BinaryExpression with a number and a boolean,||,number,boolean,number | boolean,"links.resolvedType.flags & TypeFlags.Nullable ||
                !isTypeAssignableToKind(links.resolvedType, TypeFlags.StringLike | TypeFlags.NumberLike | TypeFlags.ESSymbolLike) &&
                    !isTypeAssignableTo(links.resolvedType, stringNumberSymbolType)"
src/compiler/checker.ts:33539:42,a BinaryExpression with a value and a value,&&,Type | undefined,DestructuringPattern | undefined,DestructuringPattern | undefined,contextualType && contextualType.pattern
src/compiler/checker.ts:33748:16,a BinaryExpression with a value and a value,||,Type,IntrinsicType,Type,getJsxElementTypeAt(node) || anyType
src/compiler/checker.ts:33769:16,a BinaryExpression with a value and a value,||,Type,IntrinsicType,Type,getJsxElementTypeAt(node) || anyType
src/compiler/checker.ts:33939:13,a BinaryExpression with a value and a boolean,&&,Type | undefined,boolean,boolean | undefined,typeToIntersect && spread !== emptyJsxObjectType
src/compiler/checker.ts:33942:16,a BinaryExpression with a value and a value,||,Type | undefined,Type,Type,typeToIntersect || (spread === emptyJsxObjectType ? createJsxAttributesTypeHelper() : spread)
src/compiler/checker.ts:34003:25,a BinaryExpression with a value and a value,&&,Symbol,SymbolTable,SymbolTable,namespace && getExportsOfSymbol(namespace)
src/compiler/checker.ts:34055:22,a BinaryExpression with a value and a value,&&,Node | undefined,SourceFile,SourceFile | undefined,location && getSourceFileOfNode(location)
src/compiler/checker.ts:34081:23,a BinaryExpression with a value and a value,&&,Node | undefined,NodeLinks,NodeLinks | undefined,location && getNodeLinks(location)
src/compiler/checker.ts:34123:50,a BinaryExpression with a value and a value,&&,Symbol,Symbol | undefined,Symbol | undefined,"jsxNamespace && getSymbol(jsxNamespace.exports!, nameOfAttribPropContainer, SymbolFlags.Type)"
src/compiler/checker.ts:34265:65,a BinaryExpression with a value and a value,||,Type,IntrinsicType,Type,getTypeOfSymbol(symbol) || errorType
src/compiler/checker.ts:34272:24,a BinaryExpression with a value and a value,=,Type,IntrinsicType,IntrinsicType,links.resolvedJsxElementAttributesType = errorType
src/compiler/checker.ts:34394:17,a BinaryExpression with a value and a value,||,Symbol | undefined,IndexInfo | undefined,IndexInfo | Symbol | undefined,"getPropertyOfObjectType(targetType, name) ||
                getApplicableIndexInfoForName(targetType, name)"
src/compiler/checker.ts:3439:13,a BinaryExpression with a value and a value,&&,EntityNameExpression | undefined,Symbol | undefined,Symbol | undefined,"expression && resolveEntityName(expression, SymbolFlags.Interface, /*ignoreErrors*/ true)"
src/compiler/checker.ts:34406:13,a BinaryExpression with a number and a boolean,&&,number,boolean,0 | boolean,targetType.flags & TypeFlags.UnionOrIntersection && isExcessPropertyCheckTarget(targetType)
src/compiler/checker.ts:34417:19,a BinaryExpression with a number and a boolean,&&,number,boolean,0 | boolean,type.flags & TypeFlags.Object && !(getObjectFlags(type) & ObjectFlags.ObjectLiteralPatternWithComputedProperties)
src/compiler/checker.ts:34428:17,a BinaryExpression with a value and a boolean,&&,Token<SyntaxKind.DotDotDotToken> | undefined,boolean,boolean | undefined,node.dotDotDotToken && type !== anyType
src/compiler/checker.ts:34447:13,a BinaryExpression with a number and a number,||,number,number,number,symbol.flags & SymbolFlags.Method || getCheckFlags(symbol) & CheckFlags.SyntheticMethod
src/compiler/checker.ts:34452:20,a BinaryExpression with a value and a boolean,&&,Node,boolean,boolean,parent && isBinaryExpression(parent)
src/compiler/checker.ts:34476:13,a BinaryExpression with a boolean and a value,&&,boolean,PropertyName | undefined,false | PropertyName | undefined,node.kind === SyntaxKind.BindingElement && node.propertyName
src/compiler/checker.ts:34532:13,a BinaryExpression with a number and a boolean,&&,number,boolean,0 | boolean,(flags & ModifierFlags.Abstract) && symbolHasNonMethodDeclaration(prop)
src/compiler/checker.ts:34610:24,a BinaryExpression with a value and a value,&&,TypeNode | undefined,Type,Type | undefined,thisParameter?.type && getTypeFromTypeNode(thisParameter.type)
src/compiler/checker.ts:34768:27,a BinaryExpression with a value and a value,&&,SymbolTable | undefined,Symbol | undefined,Symbol | undefined,symbol.members && symbol.members.get(name)
src/compiler/checker.ts:34919:20,a BinaryExpression with a value and a value,&&,Symbol | undefined,Symbol | undefined,Symbol | undefined,"lexicallyScopedSymbol && getPrivateIdentifierPropertyOfType(leftType, lexicallyScopedSymbol)"
src/compiler/checker.ts:34926:21,a BinaryExpression with a value and a boolean,&&,ClassLikeDeclaration | undefined,boolean,boolean | undefined,"containingClass && isPlainJsFile(getSourceFileOfNode(containingClass), compilerOptions.checkJs)"
src/compiler/checker.ts:34931:43,a BinaryExpression with a number and a boolean,&&,number,boolean,0 | boolean,prop.flags & SymbolFlags.SetAccessor && !(prop.flags & SymbolFlags.GetAccessor)
src/compiler/checker.ts:34939:21,a BinaryExpression with a boolean and a value,&&,boolean,Symbol | undefined,false | Symbol | undefined,isIdentifier(left) && parentSymbol
src/compiler/checker.ts:34952:19,a BinaryExpression with a value and a value,&&,IndexInfo | undefined,Type,Type | undefined,indexInfo && indexInfo.type
src/compiler/checker.ts:34982:17,a BinaryExpression with a value and a boolean,&&,IndexSignatureDeclaration | undefined,boolean,boolean | undefined,indexInfo.declaration && isDeprecatedDeclaration(indexInfo.declaration)
src/compiler/checker.ts:35039:13,a BinaryExpression with a value and a boolean,&&,Symbol | undefined,boolean,boolean | undefined,"prop &&
            !(prop.flags & (SymbolFlags.Variable | SymbolFlags.Property | SymbolFlags.Accessor))"
src/compiler/checker.ts:35056:33,a BinaryExpression with a value and a value,&&,Symbol | undefined,Declaration | undefined,Declaration | undefined,prop && prop.valueDeclaration
src/compiler/checker.ts:35067:13,a BinaryExpression with a boolean and a value,&&,boolean,Symbol | undefined,false | Symbol | undefined,strictNullChecks && prop
src/compiler/checker.ts:35174:17,a BinaryExpression with a value and a value,&&,Type | undefined,Symbol | undefined,Symbol | undefined,"promisedType && getPropertyOfType(promisedType, propNode.escapedText)"
src/compiler/checker.ts:3519:21,a BinaryExpression with a value and a value,&&,Node,Node,Node,grandparent && grandparent.parent
src/compiler/checker.ts:35210:17,a BinaryExpression with a value and a boolean,&&,string[] | undefined,boolean,boolean | undefined,"compilerOptions.lib && !compilerOptions.lib.includes(""lib.dom.d.ts"")"
src/compiler/checker.ts:35216:22,a BinaryExpression with a value and a value,&&,Symbol,Symbol | undefined,Symbol | undefined,"containingType.symbol && getPropertyOfType(getTypeOfSymbol(containingType.symbol), propName)"
src/compiler/checker.ts:35300:16,a BinaryExpression with a value and a value,&&,SymbolTable | undefined,Symbol | undefined,Symbol | undefined,"targetModule.exports && getSpellingSuggestionForName(idText(name), sortSymbolsIfTSGoCompat(getExportsOfModuleAsArray(targetModule)), SymbolFlags.ModuleMember)"
src/compiler/checker.ts:35380:38,a BinaryExpression with a value and a boolean,&&,Declaration | undefined,boolean,boolean | undefined,prop.valueDeclaration && isNamedDeclaration(prop.valueDeclaration)
src/compiler/checker.ts:35384:13,a BinaryExpression with a value and a boolean,&&,Node | undefined,boolean,boolean | undefined,nodeForCheckWriteOnly && isWriteOnlyAccess(nodeForCheckWriteOnly)
src/compiler/checker.ts:35468:13,a BinaryExpression with a value and a boolean,&&,Declaration | undefined,boolean,boolean | undefined,property.valueDeclaration && isPrivateIdentifierClassElementDeclaration(property.valueDeclaration)
src/compiler/checker.ts:35565:35,a BinaryExpression with a value and a value,||,Type | undefined,IntrinsicType,Type,"getIndexedAccessTypeOrUndefined(objectType, effectiveIndexType, accessFlags, node) || errorType"
src/compiler/checker.ts:35619:28,a BinaryExpression with a value and a value,&&,JSDocSignature | SignatureDeclaration | undefined,Symbol,Symbol | undefined,signature.declaration && getSymbolOfDeclaration(signature.declaration)
src/compiler/checker.ts:35620:28,a BinaryExpression with a value and a value,&&,JSDocSignature | SignatureDeclaration | undefined,ClassDeclaration | ClassExpression | InterfaceDeclaration | Node | ObjectLiteralExpression | TypeLiteralNode,ClassDeclaration | ClassExpression | InterfaceDeclaration | Node | ObjectLiteralExpression | TypeLiteralNode | undefined,signature.declaration && signature.declaration.parent
src/compiler/checker.ts:35769:16,a BinaryExpression with a value and a value,||,Signature | undefined,Signature | undefined,Signature | undefined,"getSingleSignature(type, SignatureKind.Call, /*allowMembers*/ false) ||
            getSingleSignature(type, SignatureKind.Construct, /*allowMembers*/ false)"
src/compiler/checker.ts:35900:13,a BinaryExpression with a value and a boolean,&&,Type | undefined,boolean,boolean | undefined,thisType && couldContainTypeVariables(thisType)
src/compiler/checker.ts:35916:13,a BinaryExpression with a value and a boolean,&&,Type | undefined,boolean,boolean | undefined,restType && couldContainTypeVariables(restType)
src/compiler/checker.ts:35926:65,a BinaryExpression with a value and a value,||,Type | undefined,Type,Type,getBaseConstraintOfType(type) || type
src/compiler/checker.ts:35967:21,a BinaryExpression with a value and a value,||,Type | undefined,IntrinsicType,Type,"getContextualTypeForElementExpression(restType, i - index, argCount - index) || unknownType"
src/compiler/checker.ts:35974:17,a BinaryExpression with a boolean and a value,&&,boolean,NamedTupleMember | ParameterDeclaration | undefined,false | NamedTupleMember | ParameterDeclaration | undefined,arg.kind === SyntaxKind.SyntheticExpression && (arg as SyntheticExpression).tupleNameSource
src/compiler/checker.ts:35993:35,a BinaryExpression with a boolean and a value,&&,boolean,DiagnosticMessage | undefined,false | DiagnosticMessage | undefined,reportErrors && headMessage
src/compiler/checker.ts:35994:49,a BinaryExpression with a value and a value,||,DiagnosticMessage | undefined,DiagnosticMessage,DiagnosticMessage,headMessage || Diagnostics.Type_0_does_not_satisfy_the_constraint_1
src/compiler/checker.ts:3602:13,a BinaryExpression with a number and a number,&&,number,number,number,result.flags & (SymbolFlags.Function | SymbolFlags.FunctionScopedVariable | SymbolFlags.Assignment) && result.flags & SymbolFlags.Class
src/compiler/checker.ts:36163:24,a BinaryExpression with a value and a value,||,Diagnostic[] | undefined,never[],Diagnostic[],errorOutputContainer.errors || emptyArray
src/compiler/checker.ts:36168:13,a BinaryExpression with a value and a boolean,&&,Type | undefined,boolean,boolean | undefined,thisType && thisType !== voidType
src/compiler/checker.ts:36197:28,a BinaryExpression with a value and a value,||,Diagnostic[] | undefined,never[],Diagnostic[],errorOutputContainer.errors || emptyArray
src/compiler/checker.ts:36217:17,a BinaryExpression with a value and a boolean,&&,Node | undefined,boolean,boolean | undefined,errorNode && reportErrors
src/compiler/checker.ts:36285:22,a BinaryExpression with a value and a value,||,NodeArray<Expression> | undefined,never[],never[] | NodeArray<Expression>,node.arguments || emptyArray
src/compiler/checker.ts:36586:22,a BinaryExpression with a value and a value,||,Signature[] | undefined,never[],Signature[],candidatesOutArray || []
src/compiler/checker.ts:36693:33,a BinaryExpression with a value and a boolean,&&,JSDocSignature | SignatureDeclaration | undefined,boolean,boolean | undefined,last.declaration && candidatesForArgumentError.length > 3
src/compiler/checker.ts:36775:49,a BinaryExpression with a value and a value,||,Declaration[] | undefined,never[],Declaration[],failed.declaration?.symbol?.declarations || emptyArray
src/compiler/checker.ts:36831:129,a BinaryExpression with a value and a value,&&,InferenceContext | undefined,readonly TypeParameter[] | undefined,readonly TypeParameter[] | undefined,inferenceContext && inferenceContext.inferredTypeParameters
src/compiler/checker.ts:36834:25,a BinaryExpression with a value and a boolean,&&,Type | undefined,boolean,boolean | undefined,"getNonArrayRestType(candidate) && !hasCorrectArity(node, args, checkCandidate, signatureHelpTrailingComma)"
src/compiler/checker.ts:36844:53,a BinaryExpression with a value and a value,=,Signature[] | undefined,never[],never[],candidatesForArgumentError = []
src/compiler/checker.ts:36857:29,a BinaryExpression with a value and a boolean,&&,Type | undefined,boolean,boolean | undefined,"getNonArrayRestType(candidate) && !hasCorrectArity(node, args, checkCandidate, signatureHelpTrailingComma)"
src/compiler/checker.ts:36864:57,a BinaryExpression with a value and a value,=,Signature[] | undefined,never[],never[],candidatesForArgumentError = []
src/compiler/checker.ts:36974:32,a BinaryExpression with a value and a value,||,Type | undefined,Type | undefined,Type | undefined,getDefaultFromTypeParameter(typeParameters[typeArguments.length]!) || getConstraintOfTypeParameter(typeParameters[typeArguments.length]!)
src/compiler/checker.ts:37067:17,a BinaryExpression with a boolean and a value,&&,boolean,NodeArray<TypeNode> | undefined,false | NodeArray<TypeNode> | undefined,!isErrorType(funcType) && node.typeArguments
src/compiler/checker.ts:37103:13,a BinaryExpression with a number and a boolean,&&,number,boolean,0 | boolean,checkMode & CheckMode.SkipGenericFunctions && !node.typeArguments
src/compiler/checker.ts:37117:19,a BinaryExpression with a value and a boolean,&&,readonly TypeParameter[] | undefined,boolean,boolean | undefined,signature.typeParameters && isFunctionType(getReturnTypeOfSignature(signature))
src/compiler/checker.ts:37175:31,a BinaryExpression with a value and a value,&&,Symbol,ClassLikeDeclaration | undefined,ClassLikeDeclaration | undefined,expressionType.symbol && getClassLikeDeclarationOfSymbol(expressionType.symbol)
src/compiler/checker.ts:37192:21,a BinaryExpression with a value and a boolean,&&,JSDocSignature | SignatureDeclaration | undefined,boolean,boolean | undefined,signature.declaration && !isJSConstructor(signature.declaration)
src/compiler/checker.ts:37389:13,a BinaryExpression with a value and a boolean,&&,ImportCall | ImportDeclaration | undefined,boolean,boolean | undefined,importNode && !isImportCall(importNode)
src/compiler/checker.ts:37492:25,a BinaryExpression with a value and a value,&&,Symbol,SymbolTable,SymbolTable,namespace && getExportsOfSymbol(namespace)
src/compiler/checker.ts:37521:52,a BinaryExpression with a value and a value,=,Type,IntrinsicType,IntrinsicType,sourceFileLinks.jsxFragmentType = anyType
src/compiler/checker.ts:37665:13,a BinaryExpression with a value and a boolean,&&,Signature | undefined,boolean,boolean | undefined,cached && cached !== resolvingSignature
src/compiler/checker.ts:37701:13,a BinaryExpression with a boolean and a value,&&,boolean,Expression | undefined,false | Expression | undefined,(isVariableDeclaration(node) || isPropertyAssignment(node)) && node.initializer
src/compiler/checker.ts:37722:36,a BinaryExpression with a value and a value,||,SymbolTable | undefined,SymbolTable,SymbolTable,inferred.exports || createSymbolTable()
src/compiler/checker.ts:37723:36,a BinaryExpression with a value and a value,||,SymbolTable | undefined,SymbolTable,SymbolTable,inferred.members || createSymbolTable()
src/compiler/checker.ts:37739:34,a BinaryExpression with a value and a value,&&,Declaration,Symbol | undefined,Symbol | undefined,"decl && getSymbolOfExpando(decl, /*allowDeclaration*/ true)"
src/compiler/checker.ts:37796:16,a BinaryExpression with a value and a boolean,&&,Node,boolean,boolean,parent && parent.kind === SyntaxKind.PropertyAccessExpression
src/compiler/checker.ts:37799:13,a BinaryExpression with a value and a boolean,&&,Node,boolean,boolean,parent && isBinaryExpression(parent)
src/compiler/checker.ts:37830:17,a BinaryExpression with a value and a boolean,&&,JSDocSignature | SignatureDeclaration | undefined,boolean,boolean | undefined,"declaration &&
                declaration.kind !== SyntaxKind.Constructor"
src/compiler/checker.ts:3784:36,a BinaryExpression with a value and a value,&&,Symbol | undefined,SourceFile | undefined,SourceFile | undefined,resolvedModule && getSourceFileOfModule(resolvedModule)
src/compiler/checker.ts:37854:13,a BinaryExpression with a number and a boolean,&&,number,boolean,0 | boolean,returnType.flags & TypeFlags.ESSymbolLike && isSymbolOrSymbolForCall(node)
src/compiler/checker.ts:38008:13,a BinaryExpression with a boolean and a value,&&,boolean,Type,false | Type,allowSyntheticDefaultImports && type
src/compiler/checker.ts:38070:17,a BinaryExpression with a value and a boolean,&&,SourceFile,boolean,boolean,"file && fileExtensionIsOneOf(file.fileName, [Extension.Cts, Extension.Mts])"
src/compiler/checker.ts:38450:31,a BinaryExpression with a value and a value,||,Symbol | undefined,TransientSymbol,Symbol,signature.parameters[paramCount] || unknownSymbol
src/compiler/checker.ts:38478:16,a BinaryExpression with a value and a boolean,&&,Declaration | undefined,boolean,boolean | undefined,symbol.valueDeclaration && isParameter(symbol.valueDeclaration)
src/compiler/checker.ts:38481:59,a BinaryExpression with a boolean and a value,&&,boolean,BindingName,false | BindingName,isParameter(d) && d.name
src/compiler/checker.ts:38488:20,a BinaryExpression with a value and a boolean,&&,Declaration | undefined,boolean,boolean | undefined,decl && isValidDeclarationForTupleLabel(decl)
src/compiler/checker.ts:38490:31,a BinaryExpression with a value and a value,||,Symbol | undefined,TransientSymbol,Symbol,signature.parameters[paramCount] || unknownSymbol
src/compiler/checker.ts:38501:16,a BinaryExpression with a value and a value,||,Type | undefined,IntrinsicType,Type,"tryGetTypeAtPosition(signature, pos) || anyType"
src/compiler/checker.ts:38526:13,a BinaryExpression with a value and a boolean,&&,Type | undefined,boolean,boolean | undefined,restType && pos >= parameterCount - 1
src/compiler/checker.ts:38551:29,a BinaryExpression with a value and a value,&&,Type,Type | undefined,Type | undefined,restType && getElementTypeOfArrayType(restType)
src/compiler/checker.ts:38573:13,a BinaryExpression with a number and a boolean,||,number,boolean,number | boolean,voidIsNonOptional || signature.resolvedMinArgumentCount === undefined
src/compiler/checker.ts:38629:16,a BinaryExpression with a value and a boolean,&&,Type | undefined,boolean,boolean | undefined,restType && !isArrayType(restType)
src/compiler/checker.ts:38651:26,a BinaryExpression with a value and a value,&&,JSDocSignature | SignatureDeclaration | undefined,TypeNode | undefined,TypeNode | undefined,signature.declaration && getEffectiveReturnTypeNode(signature.declaration)
src/compiler/checker.ts:38670:31,a BinaryExpression with a value and a boolean,&&,Declaration | undefined,boolean,boolean | undefined,parameter.valueDeclaration && !(parameter.valueDeclaration as ParameterDeclaration).type
src/compiler/checker.ts:39244:69,a BinaryExpression with a value and a value,||,Type | undefined,IntrinsicType,Type,"unwrapReturnType(contextualReturnType, functionFlags) || voidType"
src/compiler/checker.ts:39253:13,a BinaryExpression with a value and a value,||,Type | undefined,Type | undefined,Type | undefined,returnType || yieldType
src/compiler/checker.ts:39283:17,a BinaryExpression with a value and a value,||,Type | undefined,IntrinsicType,Type,yieldType || neverType
src/compiler/checker.ts:39294:37,a BinaryExpression with a value and a value,||,Type | undefined,Type,Type,returnType || fallbackReturnType
src/compiler/checker.ts:39302:21,a BinaryExpression with a value and a value,||,Type | undefined,IntrinsicType,Type,"resolver.resolveIterationType(yieldType, /*errorNode*/ undefined) || unknownType"
src/compiler/checker.ts:39303:22,a BinaryExpression with a value and a value,||,Type | undefined,IntrinsicType,Type,"resolver.resolveIterationType(returnType, /*errorNode*/ undefined) || unknownType"
src/compiler/checker.ts:39347:27,a BinaryExpression with a value and a value,||,Expression | undefined,YieldExpression,Expression,node.expression || node
src/compiler/checker.ts:39412:16,a BinaryExpression with a value and a boolean,&&,FlowNode | undefined,boolean,boolean | undefined,func.endFlowNode && isReachableFlowNode(func.endFlowNode)
src/compiler/checker.ts:39493:13,a BinaryExpression with a value and a boolean,&&,ConciseBody | undefined,boolean,boolean | undefined,func.body && func.body.kind !== SyntaxKind.Block
src/compiler/checker.ts:39525:28,a BinaryExpression with a boolean and a value,&&,boolean,FlowNode | undefined,false | FlowNode | undefined,canHaveFlowNode(expr) && expr.flowNode
src/compiler/checker.ts:39555:26,a BinaryExpression with a value and a value,&&,Type | undefined,Type | undefined,Type | undefined,"returnType && unwrapReturnType(returnType, functionFlags)"
src/compiler/checker.ts:39570:31,a BinaryExpression with a value and a value,||,TypeNode | undefined,FunctionLikeDeclaration,TypeNode | FunctionLikeDeclaration,getEffectiveReturnTypeNode(func) || func
src/compiler/checker.ts:39675:26,a BinaryExpression with a value and a boolean,&&,Signature | undefined,boolean,boolean | undefined,contextualSignature && !node.typeParameters
src/compiler/checker.ts:39681:21,a BinaryExpression with a value and a boolean,&&,Signature | undefined,boolean,boolean | undefined,contextualSignature && !getReturnTypeFromAnnotation(node)
src/compiler/checker.ts:39719:46,a BinaryExpression with a value and a value,&&,Type | undefined,Type | undefined,Type | undefined,"returnType && unwrapReturnType(returnType, functionFlags)"
src/compiler/checker.ts:39780:13,a BinaryExpression with a number and a number,&&,number,number,number,symbol.flags & SymbolFlags.Property && getDeclarationModifierFlagsFromSymbol(symbol) & ModifierFlags.Readonly
src/compiler/checker.ts:39795:17,a BinaryExpression with a number and a boolean,&&,number,boolean,0 | boolean,"symbol.flags & SymbolFlags.Property &&
                isAccessExpression(expr)"
src/compiler/checker.ts:39895:13,a BinaryExpression with a value and a boolean,&&,ClassStaticBlockDeclaration | SignatureDeclaration | undefined,boolean,boolean | undefined,container && isClassStaticBlockDeclaration(container)
src/compiler/checker.ts:3989:27,a BinaryExpression with a value and a value,&&,Expression | undefined,Symbol | undefined,Symbol | undefined,"moduleSpecifier && resolveExternalModuleName(node, moduleSpecifier)"
src/compiler/checker.ts:40143:21,a BinaryExpression with a value and a boolean,&&,Type,boolean,boolean,"hasInstancePropertyType && getSignaturesOfType(hasInstancePropertyType, SignatureKind.Call).length !== 0"
src/compiler/checker.ts:40207:17,a BinaryExpression with a boolean and a value,&&,boolean,ClassLikeDeclaration | undefined,false | ClassLikeDeclaration | undefined,!getNodeLinks(left).resolvedSymbol && getContainingClass(left)
src/compiler/checker.ts:4023:25,a BinaryExpression with a value and a value,||,Symbol | undefined,Symbol | undefined,Symbol | undefined,valueSymbol.parent || typeSymbol.parent
src/compiler/checker.ts:40294:41,a BinaryExpression with a value and a value,||,Type,IntrinsicType,Type,"checkIteratedTypeOrElementType(IterationUse.Destructuring | IterationUse.PossiblyOutOfBounds, sourceType, undefinedType, node) || errorType"
src/compiler/checker.ts:40507:17,a BinaryExpression with a boolean and a value,&&,boolean,Expression | undefined,false | Expression | undefined,isInJSFile(node) && getAssignedExpandoInitializer(node)
src/compiler/checker.ts:4052:22,a BinaryExpression with a boolean and a value,&&,boolean,BigIntLiteral | ComputedPropertyName | Identifier | NoSubstitutionTemplateLiteral | NumericLiteral | PrivateIdentifier | StringLiteral | undefined,false | BigIntLiteral | ComputedPropertyName | Identifier | NoSubstitutionTemplateLiteral | NumericLiteral | PrivateIdentifier | StringLiteral | undefined,!isPropertyAccessExpression(specifier) && specifier.propertyName
src/compiler/checker.ts:41113:29,a BinaryExpression with a value and a value,||,Node | undefined,BinaryOperatorToken,Node,errorNode || operatorToken
src/compiler/checker.ts:41124:17,a BinaryExpression with a boolean and a value,&&,boolean,"((left: Type, right: Type) => boolean) | undefined","false | ((left: Type, right: Type) => boolean) | undefined",!wouldWorkWithAwait && isRelated
src/compiler/checker.ts:41225:32,a BinaryExpression with a value and a value,&&,Type | undefined,IterationTypes | undefined,IterationTypes | undefined,"returnType && getIterationTypesOfGeneratorFunctionReturnType(returnType, isAsync)"
src/compiler/checker.ts:41226:36,a BinaryExpression with a value and a value,&&,IterationTypes | undefined,Type,Type | undefined,iterationTypes && iterationTypes.yieldType
src/compiler/checker.ts:41227:35,a BinaryExpression with a value and a value,&&,IterationTypes | undefined,Type,Type | undefined,iterationTypes && iterationTypes.nextType
src/compiler/checker.ts:41230:13,a BinaryExpression with a value and a value,&&,Type | undefined,Type | undefined,Type | undefined,returnType && yieldedType
src/compiler/checker.ts:41236:20,a BinaryExpression with a value and a value,||,Type | undefined,IntrinsicType,Type,"getIterationTypeOfIterable(use, IterationTypeKind.Return, yieldExpressionType, node.expression)
                || anyType"
src/compiler/checker.ts:41240:20,a BinaryExpression with a value and a value,||,Type | undefined,IntrinsicType,Type,"getIterationTypeOfGeneratorFunctionReturnType(IterationTypeKind.Next, returnType, isAsync)
                || anyType"
src/compiler/checker.ts:41297:80,a BinaryExpression with a value and a value,||,Type | undefined,IntrinsicType,Type,"getContextualType(node, /*contextFlags*/ undefined) || unknownType"
src/compiler/checker.ts:41305:80,a BinaryExpression with a value and a value,||,Type | undefined,IntrinsicType,Type,getBaseConstraintOfType(type) || unknownType
src/compiler/checker.ts:41322:13,a BinaryExpression with a value and a value,&&,InferenceContext | undefined,IntraExpressionInferenceSite[] | undefined,IntraExpressionInferenceSite[] | undefined,inferenceContext && inferenceContext.intraExpressionInferenceSites
src/compiler/checker.ts:41375:108,a BinaryExpression with a number and a number,||,CheckMode,CheckMode.Normal,CheckMode,checkMode || CheckMode.Normal
src/compiler/checker.ts:41416:57,a BinaryExpression with a value and a value,||,PropertyName | undefined,Identifier,PropertyName,e.propertyName || e.name as Identifier
src/compiler/checker.ts:41421:13,a BinaryExpression with a number and a boolean,||,number,boolean,number | boolean,type.target.combinedFlags & ElementFlags.Variable || getTypeReferenceArity(type) >= pattern.elements.length
src/compiler/checker.ts:41456:16,a BinaryExpression with a number and a boolean,||,number,boolean,number | boolean,getCombinedNodeFlagsCached(declaration) & NodeFlags.Constant || isDeclarationReadonly(declaration)
src/compiler/checker.ts:41469:36,a BinaryExpression with a value and a value,||,Type | undefined,IntrinsicType,Type,getBaseConstraintOfType(contextualType) || unknownType
src/compiler/checker.ts:41478:23,a BinaryExpression with a number and a boolean,&&,number,boolean,0 | boolean,"contextualType.flags & (TypeFlags.StringLiteral | TypeFlags.Index | TypeFlags.TemplateLiteral | TypeFlags.StringMapping) && maybeTypeOfKind(candidateType, TypeFlags.StringLiteral)"
src/compiler/checker.ts:41597:19,a BinaryExpression with a value and a value,||,Type[] | undefined,Type[] | undefined,Type[] | undefined,info.candidates || info.contraCandidates
src/compiler/checker.ts:41601:19,a BinaryExpression with a value and a value,||,Type[] | undefined,Type[] | undefined,Type[] | undefined,info.candidates || info.contraCandidates
src/compiler/checker.ts:41667:13,a BinaryExpression with a value and a boolean,&&,Signature | undefined,boolean,boolean | undefined,signature && !signature.typeParameters
src/compiler/checker.ts:41676:16,a BinaryExpression with a value and a value,&&,Type | undefined,Type,Type | undefined,"returnType && propagateOptionalTypeMarker(returnType, expr, nonOptionalType !== funcType)"
src/compiler/checker.ts:41700:45,a BinaryExpression with a value and a value,=,Type[] | undefined,never[],never[],flowTypeCache = []
src/compiler/checker.ts:41748:22,a BinaryExpression with a value and a value,=,Type,Type,Type,"links.contextFreeType = checkExpression(node, CheckMode.SkipContextSensitive)"
src/compiler/checker.ts:4174:66,a BinaryExpression with a value and a value,||,ModuleExportName | undefined,Identifier,ModuleExportName,node.propertyName || node.name
src/compiler/checker.ts:4183:56,a BinaryExpression with a value and a value,||,PropertyAccessExpression | undefined,BindingElement | ImportSpecifier,BindingElement | ImportSpecifier | PropertyAccessExpression,commonJSPropertyAccess || node
src/compiler/checker.ts:4184:22,a BinaryExpression with a value and a value,||,BigIntLiteral | ComputedPropertyName | Identifier | NoSubstitutionTemplateLiteral | NumericLiteral | PrivateIdentifier | StringLiteral | undefined,BindingName,BigIntLiteral | ComputedPropertyName | NoSubstitutionTemplateLiteral | NumericLiteral | PrivateIdentifier | StringLiteral | BindingName,node.propertyName || node.name
src/compiler/checker.ts:4193:13,a BinaryExpression with a boolean and a value,&&,boolean,Expression | undefined,false | Expression | undefined,isVariableDeclaration(node) && node.initializer
src/compiler/checker.ts:41961:13,a BinaryExpression with a value and a value,&&,Type | undefined,Type | undefined,Type | undefined,constraintType && defaultType
src/compiler/checker.ts:42011:13,a BinaryExpression with a boolean and a value,&&,boolean,ConciseBody | undefined,false | ConciseBody | undefined,!node.initializer && isOptionalDeclaration(node) && isBindingPattern(node.name) && (func as FunctionLikeDeclaration).body
src/compiler/checker.ts:42014:13,a BinaryExpression with a value and a boolean,&&,BindingName,boolean,boolean,node.name && isIdentifier(node.name)
src/compiler/checker.ts:42031:13,a BinaryExpression with a value and a boolean,&&,DotDotDotToken | undefined,boolean,boolean | undefined,node.dotDotDotToken && !isBindingPattern(node.name)
src/compiler/checker.ts:4207:22,a BinaryExpression with a value and a value,||,ModuleExportName | undefined,ModuleExportName,ModuleExportName,node.propertyName || node.name
src/compiler/checker.ts:42181:21,a BinaryExpression with a value and a value,&&,JSDocTypeTag | undefined,JSDocTypeExpression,JSDocTypeExpression | undefined,typeTag && typeTag.typeExpression
src/compiler/checker.ts:42201:17,a BinaryExpression with a value and a value,&&,TypeNode | undefined,TypeNode | undefined,TypeNode | undefined,returnTypeNode && returnTypeErrorLocation
src/compiler/checker.ts:42229:36,a BinaryExpression with a value and a value,||,Type | undefined,IntrinsicType,Type,"getIterationTypeOfGeneratorFunctionReturnType(IterationTypeKind.Yield, returnType, (functionFlags & FunctionFlags.Async) !== 0) || anyType"
src/compiler/checker.ts:42231:35,a BinaryExpression with a value and a value,||,Type | undefined,IntrinsicType,Type,"getIterationTypeOfGeneratorFunctionReturnType(IterationTypeKind.Next, returnType, (functionFlags & FunctionFlags.Async) !== 0) || unknownType"
src/compiler/checker.ts:42385:17,a BinaryExpression with a value and a boolean,&&,Declaration[] | undefined,boolean,boolean | undefined,nodeSymbol.declarations && nodeSymbol.declarations.length > 0
src/compiler/checker.ts:42430:13,a BinaryExpression with a boolean and a value,&&,boolean,Expression | undefined,false | Expression | undefined,"hasSyntacticModifier(node, ModifierFlags.Abstract) && node.kind === SyntaxKind.PropertyDeclaration && node.initializer"
src/compiler/checker.ts:42446:13,a BinaryExpression with a boolean and a value,&&,boolean,AsteriskToken | undefined,false | AsteriskToken | undefined,isMethodDeclaration(node) && node.asteriskToken
src/compiler/checker.ts:42454:13,a BinaryExpression with a boolean and a value,&&,boolean,Block | undefined,false | Block | undefined,"hasSyntacticModifier(node, ModifierFlags.Abstract) && node.kind === SyntaxKind.MethodDeclaration && node.body"
src/compiler/checker.ts:42669:13,a BinaryExpression with a value and a boolean,&&,NodeArray<TypeNode> | undefined,boolean,boolean | undefined,node.typeArguments && index < node.typeArguments.length
src/compiler/checker.ts:42767:13,a BinaryExpression with a boolean and a value,&&,boolean,NodeArray<TypeNode> | undefined,false | NodeArray<TypeNode> | undefined,node.kind === SyntaxKind.TypeReference && !isInJSFile(node) && !isInJSDoc(node) && node.typeArguments
src/compiler/checker.ts:4292:92,a BinaryExpression with a number and a number,&&,number,number,number,symbol.flags & SymbolFlags.Alias && symbol.flags & SymbolFlags.Assignment
src/compiler/checker.ts:43004:13,a BinaryExpression with a value and a boolean,&&,Declaration[] | undefined,boolean,boolean | undefined,symbol.declarations && symbol.declarations.length > 1
src/compiler/checker.ts:43044:13,a BinaryExpression with a value and a value,&&,Token<SyntaxKind.DotDotDotToken> | undefined,Token<SyntaxKind.QuestionToken> | undefined,Token<SyntaxKind.QuestionToken> | undefined,node.dotDotDotToken && node.questionToken
src/compiler/checker.ts:4310:37,a BinaryExpression with a value and a value,||,Symbol | undefined,TransientSymbol,Symbol,target || unknownSymbol
src/compiler/checker.ts:43164:17,a BinaryExpression with a value and a boolean,&&,PropertyName | undefined,boolean,boolean | undefined,node.name && nodeIsMissing(node.name)
src/compiler/checker.ts:43212:37,a BinaryExpression with a value and a value,||,PropertyName | undefined,SignatureDeclaration,PropertyName | SignatureDeclaration,node.name || node
src/compiler/checker.ts:43288:21,a BinaryExpression with a boolean and a value,&&,boolean,JSDocArray | undefined,false | JSDocArray | undefined,isInJSFile(current) && isFunctionLike(current) && current.jsDoc
src/compiler/checker.ts:43327:13,a BinaryExpression with a value and a boolean,&&,FunctionLikeDeclaration | undefined,boolean,boolean | undefined,lastSeenNonAmbientDeclaration && !lastSeenNonAmbientDeclaration.body
src/compiler/checker.ts:43344:43,a BinaryExpression with a value and a boolean,&&,JSDocSignature | SignatureDeclaration | undefined,boolean,boolean | undefined,signature.declaration && isJSDocSignature(signature.declaration)
src/compiler/checker.ts:43406:13,a BinaryExpression with a number and a number,||,number,number,number,commonDeclarationSpacesForExportsAndLocals || commonDeclarationSpacesForDefaultAndNonDefault
src/compiler/checker.ts:43641:21,a BinaryExpression with a number and a boolean,||,number,boolean,number | boolean,baseConstraint.flags & TypeFlags.AnyOrUnknown || isEmptyObjectType(baseConstraint)
src/compiler/checker.ts:43916:30,a BinaryExpression with a value and a value,&&,EntityNameOrEntityNameExpression,Identifier,Identifier,promiseConstructorName && getFirstIdentifier(promiseConstructorName)
src/compiler/checker.ts:44288:13,a BinaryExpression with a value and a boolean,&&,Node | undefined,boolean,boolean | undefined,host && isArrowFunction(host)
src/compiler/checker.ts:44355:13,a BinaryExpression with a value and a boolean,&&,PropertyName | undefined,boolean,boolean | undefined,node.name && node.name.kind === SyntaxKind.ComputedPropertyName
src/compiler/checker.ts:44366:33,a BinaryExpression with a value and a value,||,Symbol | undefined,Symbol,Symbol,node.localSymbol || symbol
src/compiler/checker.ts:44396:17,a BinaryExpression with a value and a value,&&,JSDocTypeTag | undefined,JSDocTypeExpression,JSDocTypeExpression | undefined,typeTag && typeTag.typeExpression
src/compiler/checker.ts:44409:21,a BinaryExpression with a number and a boolean,&&,number,boolean,0 | boolean,functionFlags & FunctionFlags.Generator && nodeIsPresent(body)
src/compiler/checker.ts:44487:22,a BinaryExpression with a value and a value,||,DeclarationName | undefined,Declaration,ArrayBindingPattern | BigIntLiteral | ComputedPropertyName | Declaration | JsxNamespacedName | ObjectBindingPattern | PrivateIdentifier,getNameOfDeclaration(declaration) || declaration
src/compiler/checker.ts:44603:27,a BinaryExpression with a value and a boolean,&&,PropertyName | undefined,boolean,boolean | undefined,declaration.propertyName && isIdentifierThatStartsWithUnderscore(declaration.name)
src/compiler/checker.ts:44619:61,a BinaryExpression with a number and a boolean,&&,number,boolean,0 | boolean,local.flags & SymbolFlags.Variable && !(local.isReferenced! & SymbolFlags.Variable)
src/compiler/checker.ts:44647:43,a BinaryExpression with a value and a value,&&,Declaration | undefined,ParameterDeclaration | undefined,ParameterDeclaration | undefined,local.valueDeclaration && tryGetRootParameterDeclaration(local.valueDeclaration)
src/compiler/checker.ts:44648:38,a BinaryExpression with a value and a value,&&,Declaration | undefined,DeclarationName | undefined,DeclarationName | undefined,local.valueDeclaration && getNameOfDeclaration(local.valueDeclaration)
src/compiler/checker.ts:44931:13,a BinaryExpression with a value and a boolean,&&,Identifier | undefined,boolean,boolean | undefined,name && languageVersion >= ScriptTarget.ES2015
src/compiler/checker.ts:45074:17,a BinaryExpression with a boolean and a value,&&,boolean,Expression | undefined,false | Expression | undefined,hasOnlyExpressionInitializer(node) && node.initializer
src/compiler/checker.ts:45081:17,a BinaryExpression with a value and a boolean,&&,PropertyName | undefined,boolean,boolean | undefined,"node.propertyName &&
                isIdentifier(node.name)"
src/compiler/checker.ts:45094:17,a BinaryExpression with a boolean and a value,&&,boolean,DotDotDotToken | undefined,false | DotDotDotToken | undefined,isObjectBindingPattern(node.parent) && node.dotDotDotToken
src/compiler/checker.ts:45098:17,a BinaryExpression with a value and a boolean,&&,PropertyName | undefined,boolean,boolean | undefined,node.propertyName && node.propertyName.kind === SyntaxKind.ComputedPropertyName
src/compiler/checker.ts:45106:26,a BinaryExpression with a value and a value,||,PropertyName | undefined,BindingName,ArrayBindingPattern | BigIntLiteral | ComputedPropertyName | Identifier | NoSubstitutionTemplateLiteral | NumericLiteral | ObjectBindingPattern | PrivateIdentifier | StringLiteral,node.propertyName || node.name
src/compiler/checker.ts:45129:13,a BinaryExpression with a value and a boolean,&&,Expression | undefined,boolean,boolean | undefined,node.initializer && isPartOfParameterDeclaration(node)
src/compiler/checker.ts:45138:42,a BinaryExpression with a boolean and a value,&&,boolean,Expression | undefined,false | Expression | undefined,hasOnlyExpressionInitializer(node) && node.initializer
src/compiler/checker.ts:45166:13,a BinaryExpression with a number and a boolean,&&,number,boolean,0 | boolean,symbol.flags & SymbolFlags.Alias && (isVariableDeclarationInitializedToBareOrAccessedRequire(node) || isBindingElementOfBareOrAccessedRequire(node))
src/compiler/checker.ts:45179:33,a BinaryExpression with a boolean and a value,&&,boolean,Expression | undefined,false | Expression | undefined,hasOnlyExpressionInitializer(node) && getEffectiveInitializer(node)
src/compiler/checker.ts:45206:17,a BinaryExpression with a value and a boolean,&&,Declaration[] | undefined,boolean,boolean | undefined,symbol.declarations && symbol.declarations.length > 1
src/compiler/checker.ts:45224:17,a BinaryExpression with a boolean and a value,&&,boolean,Expression | undefined,false | Expression | undefined,hasOnlyExpressionInitializer(node) && node.initializer
src/compiler/checker.ts:45227:17,a BinaryExpression with a value and a boolean,&&,Declaration | undefined,boolean,boolean | undefined,"symbol.valueDeclaration && !areDeclarationFlagsIdentical(node, symbol.valueDeclaration)"
src/compiler/checker.ts:4543:50,a BinaryExpression with a value and a value,||,Node | undefined,Identifier,Node,location || name
src/compiler/checker.ts:45537:17,a BinaryExpression with a value and a boolean,&&,ForInitializer | undefined,boolean,boolean | undefined,node.initializer && node.initializer.kind === SyntaxKind.VariableDeclarationList
src/compiler/checker.ts:45564:17,a BinaryExpression with a value and a boolean,&&,ClassStaticBlockDeclaration | SignatureDeclaration | undefined,boolean,boolean | undefined,container && isClassStaticBlockDeclaration(container)
src/compiler/checker.ts:45597:55,a BinaryExpression with a value and a value,||,Type,IntrinsicType,Type,iteratedType || errorType
src/compiler/checker.ts:4559:17,a BinaryExpression with a value and a boolean,&&,Declaration | undefined,boolean,boolean | undefined,"namespace.valueDeclaration &&
                isInJSFile(namespace.valueDeclaration)"
src/compiler/checker.ts:45684:16,a BinaryExpression with a value and a value,||,Type | undefined,IntrinsicType,Type,"getIteratedTypeOrElementType(use, inputType, sentType, errorNode, /*checkAssignability*/ true) || anyType"
src/compiler/checker.ts:45724:17,a BinaryExpression with a value and a boolean,||,IterationTypes | undefined,boolean,boolean | IterationTypes,iterationTypes || uplevelIteration
src/compiler/checker.ts:45779:13,a BinaryExpression with a boolean and a value,&&,boolean,Type | undefined,false | Type | undefined,hasStringConstituent && arrayElementType
src/compiler/checker.ts:45852:13,a BinaryExpression with a number and a number,&&,number,number,number,"yieldType.flags & TypeFlags.Intrinsic &&
            returnType.flags & (TypeFlags.Any | TypeFlags.Never | TypeFlags.Unknown | TypeFlags.Void | TypeFlags.Undefined)"
src/compiler/checker.ts:45889:13,a BinaryExpression with a value and a value,||,Type[] | undefined,Type[] | undefined,Type[] | undefined,yieldTypes || returnTypes
src/compiler/checker.ts:4590:53,a BinaryExpression with a boolean and a value,&&,boolean,QualifiedName,false | QualifiedName,isQualifiedName(name) && getContainingQualifiedNameNode(name)
src/compiler/checker.ts:46021:34,a BinaryExpression with a value and a value,||,IterationTypes | undefined,IterationTypes | undefined,IterationTypes | undefined,"getIterationTypesOfIterableCached(type, asyncIterationTypesResolver) ||
                getIterationTypesOfIterableFast(type, asyncIterationTypesResolver)"
src/compiler/checker.ts:46041:34,a BinaryExpression with a value and a value,||,IterationTypes | undefined,IterationTypes | undefined,IterationTypes | undefined,"getIterationTypesOfIterableCached(type, syncIterationTypesResolver) ||
                getIterationTypesOfIterableFast(type, syncIterationTypesResolver)"
src/compiler/checker.ts:4605:25,a BinaryExpression with a number and a boolean,&&,number,boolean,0 | boolean,meaning & SymbolFlags.Namespace && isQualifiedName(name.parent)
src/compiler/checker.ts:46134:28,a BinaryExpression with a value and a value,&&,Symbol | undefined,Type | undefined,Type | undefined,"ctorType && getTypeOfPropertyOfType(getTypeOfSymbol(ctorType), escapeLeadingUnderscores(symbolName))"
src/compiler/checker.ts:46211:30,a BinaryExpression with a value and a value,||,IterationTypes | undefined,IterationTypes | undefined,IterationTypes | undefined,"getIterationTypesOfIteratorCached(type, resolver) ||
            getIterationTypesOfIteratorFast(type, resolver)"
src/compiler/checker.ts:4626:64,a BinaryExpression with a number and a boolean,||,number,boolean,number | boolean,symbol.flags & SymbolFlags.Alias || name.parent.kind === SyntaxKind.ExportAssignment
src/compiler/checker.ts:46283:26,a BinaryExpression with a value and a value,||,Type | undefined,FreshableIntrinsicType,Type,"getTypeOfPropertyOfType(type, ""done"" as __String) || falseType"
src/compiler/checker.ts:46338:112,a BinaryExpression with a value and a value,||,Type | undefined,IntrinsicType,Type,returnType || voidType
src/compiler/checker.ts:46427:53,a BinaryExpression with a value and a value,||,Type | undefined,IntrinsicType,Type,"resolver.resolveIterationType(methodParameterType, errorNode) || anyType"
src/compiler/checker.ts:46435:42,a BinaryExpression with a value and a value,||,Type | undefined,IntrinsicType,Type,"resolver.resolveIterationType(methodReturnType, errorNode) || anyType"
src/compiler/checker.ts:46498:16,a BinaryExpression with a value and a value,||,IterationTypes | undefined,IterationTypes | undefined,IterationTypes | undefined,"getIterationTypesOfIterable(type, use, /*errorNode*/ undefined) ||
            getIterationTypesOfIterator(type, resolver, /*errorNode*/ undefined, /*errorOutputContainer*/ undefined)"
src/compiler/checker.ts:46534:13,a BinaryExpression with a value and a boolean,&&,ClassStaticBlockDeclaration | SignatureDeclaration | undefined,boolean,boolean | undefined,container && isClassStaticBlockDeclaration(container)
src/compiler/checker.ts:46546:13,a BinaryExpression with a boolean and a value,||,boolean,Expression | undefined,true | Expression | undefined,strictNullChecks || node.expression
src/compiler/checker.ts:46601:31,a BinaryExpression with a value and a value,&&,Expression | undefined,Expression,Expression | undefined,expr && getEffectiveCheckNode(expr)
src/compiler/checker.ts:46688:13,a BinaryExpression with a number and a boolean,&&,number,boolean,0 | boolean,node.label.flags & NodeFlags.Unreachable && compilerOptions.allowUnusedLabels !== true
src/compiler/checker.ts:46762:13,a BinaryExpression with a value and a boolean,&&,Declaration | undefined,boolean,boolean | undefined,typeDeclaration && isClassLike(typeDeclaration)
src/compiler/checker.ts:46786:13,a BinaryExpression with a value and a boolean,&&,DeclarationName | undefined,boolean,boolean | undefined,name && isPrivateIdentifier(name)
src/compiler/checker.ts:46791:33,a BinaryExpression with a value and a boolean,&&,Declaration | undefined,boolean,boolean | undefined,declaration && declaration.kind === SyntaxKind.BinaryExpression
src/compiler/checker.ts:46795:43,a BinaryExpression with a value and a boolean,&&,IndexSignatureDeclaration | undefined,boolean,boolean | undefined,info.declaration && getParentOfSymbol(getSymbolOfDeclaration(info.declaration)) === type.symbol
src/compiler/checker.ts:4679:13,a BinaryExpression with a value and a boolean,&&,Node | undefined,boolean,boolean | undefined,sig && isFunctionLike(sig)
src/compiler/checker.ts:46815:39,a BinaryExpression with a value and a boolean,&&,IndexSignatureDeclaration | undefined,boolean,boolean | undefined,declaration && getParentOfSymbol(getSymbolOfDeclaration(declaration)) === type.symbol
src/compiler/checker.ts:46818:43,a BinaryExpression with a value and a boolean,&&,IndexSignatureDeclaration | undefined,boolean,boolean | undefined,info.declaration && getParentOfSymbol(getSymbolOfDeclaration(info.declaration)) === type.symbol
src/compiler/checker.ts:4693:16,a BinaryExpression with a value and a value,||,Expression | undefined,Declaration,Declaration | Expression,initializer || decl
src/compiler/checker.ts:46959:13,a BinaryExpression with a value and a boolean,&&,Declaration[] | undefined,boolean,boolean | undefined,symbol.declarations && symbol.declarations.length === 1
src/compiler/checker.ts:47133:17,a BinaryExpression with a value and a boolean,&&,ExpressionWithTypeArguments | undefined,boolean,boolean | undefined,extendsNode && extendsNode !== baseTypeNode
src/compiler/checker.ts:47159:101,a BinaryExpression with a value and a value,||,Identifier | undefined,ClassLikeDeclaration,Identifier | ClassLikeDeclaration,node.name || node
src/compiler/checker.ts:47229:27,a BinaryExpression with a value and a value,&&,ExpressionWithTypeArguments | undefined,BaseType[],BaseType[] | undefined,baseTypeNode && getBaseTypes(type)
src/compiler/checker.ts:4731:13,a BinaryExpression with a value and a boolean,&&,Node | undefined,boolean,boolean | undefined,"errorNode && startsWith(moduleReference, ""@types/"")"
src/compiler/checker.ts:47329:13,a BinaryExpression with a boolean and a value,&&,boolean,Declaration | undefined,false | Declaration | undefined,memberHasOverrideModifier && member?.valueDeclaration
src/compiler/checker.ts:47439:63,a BinaryExpression with a value and a value,||,Identifier | undefined,ClassLikeDeclaration,Identifier | ClassLikeDeclaration,node.name || node
src/compiler/checker.ts:47447:17,a BinaryExpression with a value and a boolean,&&,JSDocSignature | SignatureDeclaration | undefined,boolean,boolean | undefined,"declaration && hasEffectiveModifier(declaration, ModifierFlags.Private)"
src/compiler/checker.ts:4744:59,a BinaryExpression with a value and a boolean,&&,Node,boolean,boolean,location.parent && isModuleDeclaration(location.parent)
src/compiler/checker.ts:47474:27,a BinaryExpression with a value and a value,&&,ExpressionWithTypeArguments | undefined,BaseType[],BaseType[] | undefined,baseTypeNode && getBaseTypes(type)
src/compiler/checker.ts:4750:22,a BinaryExpression with a value and a boolean,&&,Expression | undefined,boolean,boolean | undefined,contextSpecifier && isStringLiteralLike(contextSpecifier)
src/compiler/checker.ts:47558:21,a BinaryExpression with a number and a boolean,&&,number,boolean,0 | boolean,"baseDeclarationFlags & ModifierFlags.Abstract && (!derivedClassDecl || !hasSyntacticModifier(derivedClassDecl, ModifierFlags.Abstract))"
src/compiler/checker.ts:4755:38,a BinaryExpression with a value and a value,&&,Node | undefined,ResolvedModuleFull | undefined,ResolvedModuleFull | undefined,errorNode && resolvedModule
src/compiler/checker.ts:4756:28,a BinaryExpression with a value and a boolean,&&,ResolvedModuleFull | undefined,boolean,boolean | undefined,"resolvedModule
            && (!resolutionDiagnostic || resolutionDiagnostic === Diagnostics.Module_0_was_resolved_to_1_but_jsx_is_not_set)"
src/compiler/checker.ts:47580:21,a BinaryExpression with a number and a number,||,number,number,number,baseDeclarationFlags & ModifierFlags.Private || derivedDeclarationFlags & ModifierFlags.Private
src/compiler/checker.ts:47588:21,a BinaryExpression with a number and a number,&&,number,number,number,basePropertyFlags && derivedPropertyFlags
src/compiler/checker.ts:47691:16,a BinaryExpression with a number and a boolean,&&,number,boolean,0 | boolean,baseDeclarationFlags & ModifierFlags.Abstract && (!isPropertyDeclaration(declaration) || !declaration.initializer)
src/compiler/checker.ts:47708:21,a BinaryExpression with a value and a boolean,&&,Symbol | undefined,boolean,boolean | undefined,existing && prop.parent === existing.parent
src/compiler/checker.ts:47918:13,a BinaryExpression with a number and a boolean,&&,number,boolean,0 | boolean,member.parent.flags & NodeFlags.Ambient && !isEnumConst(member.parent)
src/compiler/checker.ts:47929:13,a BinaryExpression with a boolean and a value,&&,boolean,Expression | undefined,false | Expression | undefined,getIsolatedModules(compilerOptions) && previous?.initializer
src/compiler/checker.ts:47993:17,a BinaryExpression with a value and a boolean,&&,Declaration | undefined,boolean,boolean | undefined,declaration && isVariableDeclaration(declaration)
src/compiler/checker.ts:48188:17,a BinaryExpression with a number and a boolean,&&,number,boolean,0 | boolean,"symbol.flags & SymbolFlags.ValueModule
                && !inAmbientContext"
src/compiler/checker.ts:4828:21,a BinaryExpression with a value and a boolean,&&,Node | undefined,boolean,boolean | undefined,errorNode && (moduleKind === ModuleKind.Node16 || moduleKind === ModuleKind.Node18)
src/compiler/checker.ts:48368:13,a BinaryExpression with a boolean and a value,&&,boolean,ImportAttributes | undefined,false | ImportAttributes | undefined,!isImportEqualsDeclaration(node) && node.attributes
src/compiler/checker.ts:48597:43,a BinaryExpression with a value and a value,||,ModuleExportName | undefined,Identifier,ModuleExportName,node.propertyName || node.name
src/compiler/checker.ts:4860:17,a BinaryExpression with a value and a value,&&,Node | undefined,DiagnosticMessage | undefined,DiagnosticMessage | undefined,errorNode && moduleNotFoundError
src/compiler/checker.ts:48638:17,a BinaryExpression with a value and a boolean,&&,Expression | undefined,boolean,boolean | undefined,declaration.moduleSpecifier && getEmitSyntaxForModuleSpecifierExpression(declaration.moduleSpecifier) === ModuleKind.CommonJS
src/compiler/checker.ts:48667:13,a BinaryExpression with a boolean and a value,&&,boolean,NodeArray<ModifierLike> | undefined,false | NodeArray<ModifierLike> | undefined,!checkGrammarModifiers(node) && node.modifiers
src/compiler/checker.ts:48673:17,a BinaryExpression with a value and a boolean,&&,ImportClause | undefined,boolean,boolean | undefined,importClause && !checkGrammarImportClause(importClause)
src/compiler/checker.ts:48762:17,a BinaryExpression with a value and a boolean,&&,NamedExportBindings | undefined,boolean,boolean | undefined,node.exportClause && !isNamespaceExport(node.exportClause)
src/compiler/checker.ts:48824:34,a BinaryExpression with a value and a value,||,ModuleExportName | undefined,ModuleExportName,ModuleExportName,node.propertyName || node.name
src/compiler/checker.ts:48827:34,a BinaryExpression with a value and a value,||,ModuleExportName | undefined,ModuleExportName,ModuleExportName,node.propertyName || node.name
src/compiler/checker.ts:4887:13,a BinaryExpression with a value and a boolean,&&,ResolvedModuleFull | undefined,boolean,boolean | undefined,resolvedModule && !resolutionExtensionIsTSOrJson(resolvedModule.extension)
src/compiler/checker.ts:48976:13,a BinaryExpression with a number and a boolean,&&,number,boolean,0 | boolean,(node.flags & NodeFlags.Ambient) && !isEntityNameExpression(node.expression)
src/compiler/checker.ts:49047:16,a BinaryExpression with a value and a boolean,&&,Declaration[] | undefined,boolean,boolean | undefined,"declarations
            && declarations.length > 1"
src/compiler/checker.ts:49351:18,a BinaryExpression with a boolean and a value,&&,boolean,FlowNode | undefined,false | FlowNode | undefined,canHaveFlowNode(node) && node.flowNode
src/compiler/checker.ts:49574:16,a BinaryExpression with a value and a value,||,PotentiallyUnusedIdentifier[] | undefined,never[],PotentiallyUnusedIdentifier[],allPotentiallyUnusedIdentifiers.get(sourceFile.path) || emptyArray
src/compiler/checker.ts:49673:48,a BinaryExpression with a value and a value,=,Node[],never[],never[],links.potentialThisCollisions = []
src/compiler/checker.ts:49674:53,a BinaryExpression with a value and a value,=,Node[],never[],never[],links.potentialNewTargetCollisions = []
src/compiler/checker.ts:49675:54,a BinaryExpression with a value and a value,=,Node[],never[],never[],links.potentialWeakMapSetCollisions = []
src/compiler/checker.ts:49676:51,a BinaryExpression with a value and a value,=,Node[],never[],never[],links.potentialReflectCollisions = []
src/compiler/checker.ts:49677:69,a BinaryExpression with a value and a value,=,BindingElement[],never[],never[],links.potentialUnusedRenamedBindingElementsInTypes = []
src/compiler/checker.ts:4970:13,a BinaryExpression with a boolean and a value,&&,boolean,PackageId | undefined,false | PackageId | undefined,!isExternalModuleNameRelative(moduleReference) && packageId
src/compiler/checker.ts:49783:21,a BinaryExpression with a boolean and a value,&&,boolean,SymbolTable | undefined,false | SymbolTable | undefined,canHaveLocals(location) && location.locals
src/compiler/checker.ts:4991:20,a BinaryExpression with a value and a value,||,Symbol | undefined,Symbol,Symbol,getMergedSymbol(exported) || moduleSymbol
src/compiler/checker.ts:49968:13,a BinaryExpression with a value and a boolean,&&,Node,boolean,boolean,parent && parent.kind === SyntaxKind.ImportType
src/compiler/checker.ts:50010:17,a BinaryExpression with a value and a boolean,&&,Symbol | undefined,boolean,boolean | undefined,success && success !== unknownSymbol
src/compiler/checker.ts:50125:20,a BinaryExpression with a value and a boolean,&&,Symbol | undefined,boolean,boolean | undefined,symbol && symbol !== unknownSymbol
src/compiler/checker.ts:50174:17,a BinaryExpression with a boolean and a value,&&,boolean,Symbol | undefined,false | Symbol | undefined,!symbol && isIdentifier(name) && container
src/compiler/checker.ts:5020:16,a BinaryExpression with a value and a value,=,Symbol,Symbol,Symbol,links.cjsExportMerged = merged
src/compiler/checker.ts:5029:13,a BinaryExpression with a boolean and a value,&&,boolean,Symbol | undefined,false | Symbol | undefined,!dontResolveAlias && symbol
src/compiler/checker.ts:50362:13,a BinaryExpression with a value and a boolean,&&,Node | undefined,boolean,boolean | undefined,location && location.kind === SyntaxKind.ShorthandPropertyAssignment
src/compiler/checker.ts:50371:26,a BinaryExpression with a value and a value,||,ModuleExportName | undefined,ModuleExportName,ModuleExportName,node.propertyName || node.name
src/compiler/checker.ts:50393:27,a BinaryExpression with a value and a value,&&,ClassImplementingOrExtendingExpressionWithTypeArguments | undefined,InterfaceType,InterfaceType | undefined,classDecl && getDeclaredTypeOfClassOrInterface(getSymbolOfDeclaration(classDecl.class))
src/compiler/checker.ts:50422:20,a BinaryExpression with a value and a value,||,Type | undefined,IntrinsicType,Type,"getTypeForVariableLikeDeclaration(node, /*includeOptionality*/ true, CheckMode.Normal) || errorType"
src/compiler/checker.ts:50440:20,a BinaryExpression with a value and a value,||,Type | undefined,IntrinsicType,Type,"getTypeForVariableLikeDeclaration(node.parent, /*includeOptionality*/ true, CheckMode.Normal) || errorType"
src/compiler/checker.ts:50475:55,a BinaryExpression with a value and a value,||,Type,IntrinsicType,Type,iteratedType || errorType
src/compiler/checker.ts:50481:55,a BinaryExpression with a value and a value,||,Type,IntrinsicType,Type,iteratedType || errorType
src/compiler/checker.ts:50586:16,a BinaryExpression with a value and a value,=,Symbol | undefined,Symbol | undefined,Symbol | undefined,next = getSymbolLinks(next).target
src/compiler/checker.ts:50669:16,a BinaryExpression with a value and a boolean,&&,Declaration | undefined,boolean,boolean | undefined,"symbol.valueDeclaration
            && isBindingElement(symbol.valueDeclaration)"
src/compiler/checker.ts:50788:28,a BinaryExpression with a value and a value,&&,SourceFile | undefined,Symbol,Symbol | undefined,container && getSymbolOfDeclaration(container)
src/compiler/checker.ts:50811:27,a BinaryExpression with a value and a value,&&,Symbol,SymbolLinks,SymbolLinks,symbol && getSymbolLinks(symbol)
src/compiler/checker.ts:51026:25,a BinaryExpression with a value and a boolean,&&,Symbol,boolean,boolean,s && s !== unknownSymbol
src/compiler/checker.ts:51080:24,a BinaryExpression with a value and a value,||,Symbol | undefined,Symbol | undefined,Symbol | undefined,"getNodeLinks(node).resolvedSymbol || (isEntityNameExpression(node) ? resolveEntityName(node, SymbolFlags.Value, /*ignoreErrors*/ true) : undefined)"
src/compiler/checker.ts:51253:13,a BinaryExpression with a value and a boolean,&&,Symbol | undefined,boolean,boolean | undefined,resolvedSymbol && resolvedSymbol !== unknownSymbol
src/compiler/checker.ts:51342:56,a BinaryExpression with a value and a value,||,EntityName | undefined,EntityName | undefined,EntityName | undefined,getSourceFileOfNode(location).localJsxFactory || _jsxFactoryEntity
src/compiler/checker.ts:5169:18,a BinaryExpression with a number and a number,||,number,number,number,"resolvedExternalModuleType.flags & TypeFlags.Primitive ||
            getObjectFlags(resolvedExternalModuleType) & ObjectFlags.Class"
src/compiler/checker.ts:51789:43,a BinaryExpression with a value and a value,||,Symbol | undefined,TransientSymbol,Symbol,"resolveExternalModule(getImportHelpersImportSpecifier(file), externalHelpersModuleNameText, Diagnostics.This_syntax_requires_an_imported_helper_but_module_0_cannot_be_found, errorNode) || unknownSymbol"
src/compiler/checker.ts:5179:13,a BinaryExpression with a value and a value,||,SymbolTable | undefined,SymbolTable,SymbolTable,symbol.exports || emptySymbols
src/compiler/checker.ts:5211:21,a BinaryExpression with a value and a value,&&,ExportCollisionTrackerTable | undefined,ExportDeclaration | undefined,ExportDeclaration | undefined,lookupTable && exportNode
src/compiler/checker.ts:5217:22,a BinaryExpression with a value and a value,&&,ExportCollisionTrackerTable | undefined,ExportDeclaration | undefined,ExportDeclaration | undefined,lookupTable && exportNode
src/compiler/checker.ts:52305:13,a BinaryExpression with a value and a boolean,&&,NodeArray<Node> | undefined,boolean,boolean | undefined,list && list.hasTrailingComma
src/compiler/checker.ts:52312:13,a BinaryExpression with a value and a boolean,&&,NodeArray<TypeParameterDeclaration> | undefined,boolean,boolean | undefined,typeParameters && typeParameters.length === 0
src/compiler/checker.ts:52360:40,a BinaryExpression with a value and a boolean,&&,ConciseBody | undefined,boolean,boolean | undefined,node.body && isBlock(node.body)
src/compiler/checker.ts:5236:25,a BinaryExpression with a value and a value,||,SymbolTable | undefined,SymbolTable,SymbolTable,visit(moduleSymbol) || emptySymbols
src/compiler/checker.ts:52460:13,a BinaryExpression with a value and a boolean,&&,NodeArray<TypeNode> | undefined,boolean,boolean | undefined,typeArguments && typeArguments.length === 0
src/compiler/checker.ts:52486:13,a BinaryExpression with a value and a boolean,&&,NodeArray<ExpressionWithTypeArguments>,boolean,boolean,types && types.length === 0
src/compiler/checker.ts:52494:13,a BinaryExpression with a boolean and a value,&&,boolean,NodeArray<TypeNode> | undefined,false | NodeArray<TypeNode> | undefined,isExpressionWithTypeArguments(node) && isImportKeyword(node.expression) && node.typeArguments
src/compiler/checker.ts:52504:13,a BinaryExpression with a boolean and a value,&&,boolean,NodeArray<HeritageClause> | undefined,false | NodeArray<HeritageClause> | undefined,!checkGrammarModifiers(node) && node.heritageClauses
src/compiler/checker.ts:5250:17,a BinaryExpression with a boolean and a value,&&,boolean,SymbolTable | undefined,false | SymbolTable | undefined,!isTypeOnly && symbol?.exports
src/compiler/checker.ts:5256:19,a BinaryExpression with a value and a value,&&,Symbol | undefined,SymbolTable | undefined,SymbolTable | undefined,symbol && symbol.exports
src/compiler/checker.ts:52747:13,a BinaryExpression with a value and a boolean,&&,Expression | undefined,boolean,boolean | undefined,node.expression && isCommaSequence(node.expression)
src/compiler/checker.ts:52757:13,a BinaryExpression with a boolean and a value,&&,boolean,AwaitKeyword | undefined,false | AwaitKeyword | undefined,forInOrOfStatement.kind === SyntaxKind.ForOfStatement && forInOrOfStatement.awaitModifier
src/compiler/checker.ts:52911:16,a BinaryExpression with a value and a boolean,||,ParameterDeclaration | undefined,boolean,boolean | ParameterDeclaration,getAccessorThisParameter(accessor) || accessor.parameters.length === (accessor.kind === SyntaxKind.GetAccessor ? 0 : 1)
src/compiler/checker.ts:53038:25,a BinaryExpression with a value and a boolean,&&,Identifier | undefined,boolean,boolean | undefined,node.label && (current as LabeledStatement).label.escapedText === node.label.escapedText
src/compiler/checker.ts:53096:13,a BinaryExpression with a value and a value,&&,DotDotDotToken | undefined,Expression | undefined,Expression | undefined,node.dotDotDotToken && node.initializer
src/compiler/checker.ts:5315:32,a BinaryExpression with a value and a value,&&,Symbol,Symbol,Symbol,node.symbol && getLateBoundSymbol(node.symbol)
src/compiler/checker.ts:53175:39,a BinaryExpression with a boolean and a value,||,boolean,Expression | undefined,true | Expression | undefined,node.parent.parent.kind !== SyntaxKind.VariableStatement || !node.type || node.initializer
src/compiler/checker.ts:5327:32,a BinaryExpression with a value and a value,&&,Symbol | undefined,Symbol,Symbol | undefined,symbol.parent && getLateBoundSymbol(symbol.parent)
src/compiler/checker.ts:5332:15,a BinaryExpression with a value and a value,||,Symbol | undefined,Symbol,Symbol,getSymbolOfNode(symbol.valueDeclaration.parent) || symbol
src/compiler/checker.ts:53390:22,a BinaryExpression with a value and a value,||,TypeNode | undefined,TypeNode | undefined,TypeNode | undefined,node.type || getEffectiveReturnTypeNode(node)
src/compiler/checker.ts:5341:48,a BinaryExpression with a value and a value,=,Symbol[] | undefined,Symbol[] | undefined,Symbol[] | undefined,results = links.extendedContainersByFile.get(id)
src/compiler/checker.ts:53444:13,a BinaryExpression with a boolean and a value,&&,boolean,ExclamationToken | undefined,false | ExclamationToken | undefined,isPropertyDeclaration(node) && node.exclamationToken
src/compiler/checker.ts:5344:13,a BinaryExpression with a value and a value,&&,SourceFile,readonly StringLiteralLike[],readonly StringLiteralLike[],containingFile && containingFile.imports
src/compiler/checker.ts:53594:17,a BinaryExpression with a value and a value,&&,Identifier | undefined,NamedImportBindings | undefined,NamedImportBindings | undefined,node.name && node.namedBindings
src/compiler/checker.ts:53672:13,a BinaryExpression with a number and a number,&&,number,number,number,sourceObjectFlags & (ObjectFlags.Reference | ObjectFlags.Anonymous) && unionTarget.flags & TypeFlags.Union
src/compiler/checker.ts:53689:13,a BinaryExpression with a number and a boolean,&&,number,boolean,0 | boolean,"getObjectFlags(source) & ObjectFlags.ObjectLiteral && someType(unionTarget, isArrayLikeType)"
src/compiler/checker.ts:5371:43,a BinaryExpression with a value and a value,||,Symbol[] | undefined,never[],Symbol[],results || emptyArray
src/compiler/checker.ts:53742:13,a BinaryExpression with a number and a number,&&,number,number,number,target.flags & TypeFlags.Union && source.flags & (TypeFlags.Intersection | TypeFlags.Object)
src/compiler/checker.ts:53815:13,a BinaryExpression with a boolean and a value,&&,boolean,Symbol[] | undefined,false | Symbol[] | undefined,stableTypeOrdering && array
src/compiler/checker.ts:5381:13,a BinaryExpression with a value and a boolean,&&,Symbol | undefined,boolean,boolean | undefined,container && !(symbol.flags & SymbolFlags.TypeParameter)
src/compiler/checker.ts:53879:17,a BinaryExpression with a number and a number,&&,number,number,number,getObjectFlags(t1) & ObjectFlags.Reference && getObjectFlags(t2) & ObjectFlags.Reference
src/compiler/checker.ts:54077:13,a BinaryExpression with a number and a boolean,&&,number,boolean,0 | boolean,t.flags & (TypeFlags.EnumLiteral | TypeFlags.Enum) && !(t.flags & TypeFlags.Union)
src/compiler/checker.ts:54105:13,a BinaryExpression with a number and a number,||,number,number,number,t.flags & (TypeFlags.TypeParameter | TypeFlags.StringMapping) || getObjectFlags(t) & (ObjectFlags.ClassOrInterface | ObjectFlags.Reference)
src/compiler/checker.ts:5421:40,a BinaryExpression with a value and a value,&&,Node | undefined,Symbol[],Symbol[] | undefined,"enclosingDeclaration && getAlternativeContainingModules(symbol, enclosingDeclaration)"
src/compiler/checker.ts:5450:20,a BinaryExpression with a value and a value,&&,Symbol | undefined,Symbol | undefined,Symbol | undefined,"container && getFileSymbolIfFileSymbolExportEqualsContainer(d, container)"
src/compiler/checker.ts:5468:26,a BinaryExpression with a value and a value,&&,Symbol | undefined,SymbolTable | undefined,SymbolTable | undefined,fileSymbol && fileSymbol.exports
src/compiler/checker.ts:5479:30,a BinaryExpression with a value and a value,&&,SymbolTable | undefined,Symbol | undefined,Symbol | undefined,container.exports && container.exports.get(InternalSymbolName.ExportEquals)
src/compiler/checker.ts:5485:13,a BinaryExpression with a value and a value,&&,Symbol | undefined,Symbol | undefined,Symbol | undefined,"quick && getSymbolIfSameReference(quick, symbol)"
src/compiler/checker.ts:5507:32,a BinaryExpression with a value and a boolean,&&,Symbol | undefined,boolean,boolean | undefined,symbol && (symbol.flags & SymbolFlags.ExportValue) !== 0
src/compiler/checker.ts:5513:13,a BinaryExpression with a number and a number,&&,number,number,number,"symbol.flags & SymbolFlags.Alias && getSymbolFlags(symbol, !includeTypeOnlyMembers) & SymbolFlags.Value"
src/compiler/checker.ts:5623:17,a BinaryExpression with a value and a value,&&,Declaration | undefined,Declaration[] | undefined,Declaration[] | undefined,declaration && container.declarations
src/compiler/checker.ts:5738:15,a BinaryExpression with a value and a boolean,&&,Symbol | undefined,boolean,boolean | undefined,symbol && !isPropertyOrMethodDeclarationSymbol(symbol)
src/compiler/checker.ts:5753:44,a BinaryExpression with a value and a value,=,SymbolTable[] | undefined,never[],never[],visitedSymbolTables = []
src/compiler/checker.ts:5780:33,a BinaryExpression with a value and a value,||,Symbol | undefined,Symbol,Symbol,resolvedAliasSymbol || symbolFromSymbolTable
src/compiler/checker.ts:5834:50,a BinaryExpression with a value and a value,&&,SymbolTable,Symbol[] | undefined,Symbol[] | undefined,"candidateTable && getAccessibleSymbolChainFromSymbolTable(candidateTable, /*ignoreQualification*/ true)"
src/compiler/checker.ts:5985:13,a BinaryExpression with a value and a value,&&,Symbol | undefined,Node | undefined,Node | undefined,symbol && enclosingDeclaration
src/compiler/checker.ts:6044:21,a BinaryExpression with a value and a boolean,&&,AnyImportOrJsDocImport | undefined,boolean,boolean | undefined,"anyImportSyntax &&
                    !hasSyntacticModifier(anyImportSyntax, ModifierFlags.Export)"
src/compiler/checker.ts:6196:32,a BinaryExpression with a value and a value,&&,Node | undefined,SourceFile,SourceFile | undefined,enclosingDeclaration && getSourceFileOfNode(enclosingDeclaration)
src/compiler/checker.ts:6234:32,a BinaryExpression with a value and a value,&&,Node | undefined,SourceFile,SourceFile | undefined,enclosingDeclaration && getSourceFileOfNode(enclosingDeclaration)
src/compiler/checker.ts:6265:28,a BinaryExpression with a value and a value,&&,Node | undefined,SourceFile,SourceFile | undefined,enclosingDeclaration && getSourceFileOfNode(enclosingDeclaration)
src/compiler/checker.ts:6291:16,a BinaryExpression with a value and a boolean,&&,Symbol,boolean,boolean,symbol && !!symbol.valueDeclaration
src/compiler/checker.ts:6544:25,a BinaryExpression with a value and a boolean,&&,DeclarationName | undefined,boolean,boolean | undefined,name && isComputedPropertyName(name)
src/compiler/checker.ts:7044:21,a BinaryExpression with a number and a boolean,&&,number,boolean,0 | boolean,context.flags & NodeBuilderFlags.GenerateNamesForShadowedTypeParams && type.root.isDistributive
src/compiler/checker.ts:7221:26,a BinaryExpression with a number and a boolean,&&,number,boolean,0 | boolean,"symbol.flags & SymbolFlags.Class
                                && !forceClassExpansion"
src/compiler/checker.ts:7355:25,a BinaryExpression with a value and a boolean,&&,NodeArray<Node> | undefined,boolean,boolean | undefined,nodes && nodes.length === 0
src/compiler/checker.ts:7990:49,a BinaryExpression with a value and a value,||,Type,IntrinsicType,Type,indexInfo.type || anyType
src/compiler/checker.ts:8186:17,a BinaryExpression with a value and a value,&&,Node | undefined,ConditionalTypeNode | IntroducesNewScopeNode | undefined,ConditionalTypeNode | IntroducesNewScopeNode | undefined,context.enclosingDeclaration && declaration
src/compiler/checker.ts:8271:30,a BinaryExpression with a value and a boolean,&&,Node,boolean,boolean,context.enclosingDeclaration.parent && getNodeLinks(context.enclosingDeclaration.parent).fakeScopeForSignatureDeclaration === kind
src/compiler/checker.ts:8326:17,a BinaryExpression with a value and a boolean,&&,JSDocSignature | SignatureDeclaration | undefined,boolean,boolean | undefined,signature.declaration && isInJSFile(signature.declaration)
src/compiler/checker.ts:8346:42,a BinaryExpression with a value and a value,&&,Type | undefined,TypeNode,TypeNode | undefined,"defaultParameter && typeToTypeNodeHelper(defaultParameter, context)"
src/compiler/checker.ts:8352:20,a BinaryExpression with a boolean and a value,&&,boolean,TypeNode | undefined,false | TypeNode | undefined,"!canPossiblyExpandType(type, context) && typeNode"
src/compiler/checker.ts:8357:36,a BinaryExpression with a value and a value,&&,Type | undefined,TypeNode,TypeNode | undefined,"constraint && typeToTypeNodeHelperWithPossibleReusableTypeNode(constraint, getConstraintDeclaration(type), context)"
src/compiler/checker.ts:8368:30,a BinaryExpression with a value and a value,&&,Type | undefined,TypeNode,TypeNode | undefined,"typePredicate.type && typeToTypeNodeHelper(typePredicate.type, context)"
src/compiler/checker.ts:8389:28,a BinaryExpression with a value and a boolean,&&,JSDocParameterTag | ParameterDeclaration | undefined,boolean,boolean | undefined,parameterDeclaration && isRestParameter(parameterDeclaration)
src/compiler/checker.ts:8392:32,a BinaryExpression with a value and a boolean,&&,JSDocParameterTag | ParameterDeclaration | undefined,boolean,boolean | undefined,parameterDeclaration && isOptionalParameter(parameterDeclaration)
src/compiler/checker.ts:8767:25,a BinaryExpression with a value and a value,&&,Symbol | undefined,SymbolTable,SymbolTable | undefined,parent && getExportsOfSymbol(parent)
src/compiler/checker.ts:8792:21,a BinaryExpression with a boolean and a value,&&,boolean,Symbol | undefined,false | Symbol | undefined,!(context.flags & NodeBuilderFlags.ForbidIndexedAccessSymbolReferences) && parent
src/compiler/checker.ts:8982:23,a BinaryExpression with a value and a boolean,&&,DeclarationName | undefined,boolean,boolean | undefined,name && isStringLiteral(name)
src/compiler/checker.ts:9064:36,a BinaryExpression with a value and a value,&&,Symbol | undefined,Type,Type | undefined,symbol && getDeclaredTypeOfSymbol(symbol)
src/compiler/checker.ts:9082:17,a BinaryExpression with a number and a boolean,&&,number,boolean,0 | boolean,"type.flags & TypeFlags.UniqueESSymbol &&
                type.symbol === symbol"
src/compiler/checker.ts:9100:46,a BinaryExpression with a value and a boolean,&&,Declaration | undefined,boolean,boolean | undefined,declaration && (isParameter(declaration) || isJSDocParameterTag(declaration))
src/compiler/checker.ts:9132:17,a BinaryExpression with a boolean and a value,&&,boolean,QuestionToken | undefined,false | QuestionToken | undefined,(isPropertySignature(annotatedDeclaration) || isPropertyDeclaration(annotatedDeclaration)) && annotatedDeclaration.questionToken
src/compiler/checker.ts:9312:30,a BinaryExpression with a value and a boolean,&&,TypeMapper | undefined,boolean,boolean | undefined,"context.mapper && getMappedType(declaredType, context.mapper) !== declaredType"
src/compiler/checker.ts:9325:51,a BinaryExpression with a value and a value,&&,Node | undefined,Node,Node | undefined,context.enclosingDeclaration && getEnclosingDeclarationIgnoringFakeScope(context.enclosingDeclaration)
src/compiler/checker.ts:9558:21,a BinaryExpression with a value and a boolean,&&,Node,boolean,boolean,"enclosingDeclaration &&
                    ((isSourceFile(enclosingDeclaration) && isExternalOrCommonJsModule(enclosingDeclaration)) || isModuleDeclaration(enclosingDeclaration))"
src/compiler/checker.ts:9652:45,a BinaryExpression with a number and a number,&&,number,number,number,"symbol.flags & SymbolFlags.Module &&
                    symbol.flags & (SymbolFlags.BlockScopedVariable | SymbolFlags.FunctionScopedVariable | SymbolFlags.Property)"
src/compiler/checker.ts:9665:21,a BinaryExpression with a number and a boolean,&&,number,boolean,0 | boolean,"symbol.flags & (SymbolFlags.BlockScopedVariable | SymbolFlags.FunctionScopedVariable | SymbolFlags.Property | SymbolFlags.Accessor)
                    && escapedSymbolName !== InternalSymbolName.ExportEquals"
src/compiler/checker.ts:9803:21,a BinaryExpression with a number and a boolean,&&,number,boolean,0 | boolean,symbol.flags & SymbolFlags.Interface && !(symbol.flags & SymbolFlags.Class)
src/compiler/checker.ts:9809:21,a BinaryExpression with a number and a boolean,&&,number,boolean,0 | boolean,symbol.flags & SymbolFlags.Property && symbol.escapedName === InternalSymbolName.ExportEquals
src/compiler/checker.ts:9871:50,a BinaryExpression with a value and a value,&&,Node | undefined,Node,Node | undefined,"context.enclosingDeclaration &&
                        (isJSDocTypeAlias(context.enclosingDeclaration) ? getSourceFileOfNode(context.enclosingDeclaration) : context.enclosingDeclaration)"
src/compiler/checker.ts:9889:25,a BinaryExpression with a number and a boolean,&&,number,boolean,0 | boolean,(additionalModifierFlags & ModifierFlags.Default) && (isClassDeclaration(node) || isInterfaceDeclaration(node) || isFunctionDeclaration(node))
src/compiler/commandLineParser.ts:1993:117,a BinaryExpression with a value and a value,=,WatchOptions | undefined,{},{},watchOptions = {}
src/compiler/commandLineParser.ts:2159:41,a BinaryExpression with a value and a value,=,OptionsNameMap,OptionsNameMap,OptionsNameMap,buildOptionsNameMapCache = createOptionNameMap(buildOpts)
src/compiler/commandLineParser.ts:2318:41,a BinaryExpression with a value and a value,=,OptionsNameMap,OptionsNameMap,OptionsNameMap,watchOptionsNameMapCache = createOptionNameMap(optionsForWatch)
src/compiler/commandLineParser.ts:2330:51,a BinaryExpression with a value and a value,=,"Map<string, CommandLineOption>","Map<string, CommandLineOption>","Map<string, CommandLineOption>",commandLineCompilerOptionsMapCache = commandLineOptionsToMap(optionDeclarations)
src/compiler/commandLineParser.ts:2334:48,a BinaryExpression with a value and a value,=,"Map<string, CommandLineOption>","Map<string, CommandLineOption>","Map<string, CommandLineOption>",commandLineWatchOptionsMapCache = commandLineOptionsToMap(optionsForWatch)
src/compiler/commandLineParser.ts:2338:51,a BinaryExpression with a value and a value,=,"Map<string, CommandLineOption>","Map<string, CommandLineOption>","Map<string, CommandLineOption>",commandLineTypeAcquisitionMapCache = commandLineOptionsToMap(typeAcquisitionDeclarations)
src/compiler/commandLineParser.ts:2786:34,a BinaryExpression with a value and a value,&&,{ configFilePath: string; useCaseSensitiveFileNames: boolean; } | undefined,GetCanonicalFileName,GetCanonicalFileName | undefined,pathOptions && createGetCanonicalFileName(pathOptions.useCaseSensitiveFileNames)
src/compiler/commandLineParser.ts:3460:13,a BinaryExpression with a value and a boolean,&&,ParsedTsconfig | undefined,boolean,boolean | undefined,extendedConfig && isSuccessfulParsedTsconfig(extendedConfig)
src/compiler/commandLineParser.ts:3698:33,a BinaryExpression with a value and a value,=,ExtendedConfigCacheEntry | undefined,ExtendedConfigCacheEntry | undefined,ExtendedConfigCacheEntry | undefined,value = extendedConfigCache.get(path)
src/compiler/core.ts:1998:12,a BinaryExpression with a number and a number,||,Comparison,Comparison,Comparison,"compareValues(a?.start, b?.start) || compareValues(a?.length, b?.length)"
src/compiler/debug.ts:1045:20,a BinaryExpression with a number and a number,=,number,number,number,node.level = level
src/compiler/debug.ts:1192:37,a BinaryExpression with a number and a boolean,&&,number,boolean,0 | boolean,connector & Connection.Right && column < columnCount - 1
src/compiler/debug.ts:128:13,a BinaryExpression with a value and a boolean,&&,LoggingHost | undefined,boolean,boolean | undefined,loggingHost && shouldLog(level)
src/compiler/emitter.ts:1386:30,a BinaryExpression with a value and a value,=,EmitTextWriter,EmitTextWriter,EmitTextWriter,ownWriter = createTextWriter(newLine)
src/compiler/emitter.ts:1507:82,a BinaryExpression with a value and a value,||,Node,Node,Node,"substituteNode(emitHint, node) || node"
src/compiler/emitter.ts:1912:40,a BinaryExpression with a value and a value,||,Node,Expression,Node,"substituteNode(hint, node) || node"
src/compiler/emitter.ts:2051:13,a BinaryExpression with a value and a boolean,&&,Bundle | undefined,boolean,boolean | undefined,bundle && moduleKind === ModuleKind.None
src/compiler/emitter.ts:2226:13,a BinaryExpression with a value and a boolean,&&,SignatureDeclaration,boolean,boolean,node.parent && node.parent.kind === SyntaxKind.JSDocFunctionType
src/compiler/emitter.ts:2628:36,a BinaryExpression with a value and a boolean,&&,SourceFile | undefined,boolean,boolean | undefined,currentSourceFile && !isJsonSourceFile(currentSourceFile)
src/compiler/emitter.ts:2974:40,a BinaryExpression with a value and a value,&&,Expression | undefined,Expression,Expression | undefined,node.expression && parenthesizeExpressionForNoAsi(node.expression)
src/compiler/emitter.ts:3341:40,a BinaryExpression with a value and a value,&&,Expression | undefined,Expression,Expression | undefined,node.expression && parenthesizeExpressionForNoAsi(node.expression)
src/compiler/emitter.ts:3386:36,a BinaryExpression with a value and a value,||,CatchClause | undefined,Block,Block | CatchClause,node.catchClause || node.tryBlock
src/compiler/emitter.ts:3387:62,a BinaryExpression with a value and a value,||,CatchClause | undefined,Block,Block | CatchClause,node.catchClause || node.tryBlock
src/compiler/emitter.ts:3493:13,a BinaryExpression with a boolean and a value,&&,boolean,SourceFile | undefined,false | SourceFile | undefined,!nodeIsSynthesized(body) && currentSourceFile
src/compiler/emitter.ts:3640:16,a BinaryExpression with a value and a boolean,&&,ModuleBody | undefined,boolean,boolean | undefined,body && isModuleDeclaration(body)
src/compiler/emitter.ts:3711:13,a BinaryExpression with a value and a value,&&,Identifier | undefined,NamedImportBindings | undefined,NamedImportBindings | undefined,node.name && node.namedBindings
src/compiler/emitter.ts:3905:17,a BinaryExpression with a value and a boolean,&&,NodeArray<JsxAttributeLike>,boolean,boolean,node.attributes.properties && node.attributes.properties.length > 0
src/compiler/emitter.ts:3960:13,a BinaryExpression with a value and a boolean,||,Expression | undefined,boolean,boolean | Expression,node.expression || (!commentsDisabled && !nodeIsSynthesized(node) && hasCommentsAtPosition(node.pos))
src/compiler/emitter.ts:4205:13,a BinaryExpression with a value and a boolean,&&,JSDocTypeExpression | JSDocTypeLiteral | undefined,boolean,boolean | undefined,tag.typeExpression && tag.typeExpression.kind === SyntaxKind.JSDocTypeLiteral
src/compiler/emitter.ts:4306:35,a BinaryExpression with a value and a value,||,readonly FileReference[] | undefined,never[],readonly FileReference[],node.syntheticFileReferences || []
src/compiler/emitter.ts:4318:13,a BinaryExpression with a value and a value,&&,SourceFile | undefined,readonly AmdDependency[],readonly AmdDependency[] | undefined,currentSourceFile && currentSourceFile.amdDependencies
src/compiler/emitter.ts:4509:17,a BinaryExpression with a value and a boolean,&&,ModifierLike | undefined,boolean,boolean | undefined,lastModifier && !positionIsSynthesized(lastModifier.end)
src/compiler/emitter.ts:4601:13,a BinaryExpression with a boolean and a value,&&,boolean,NodeArray<TypeNode> | undefined,false | NodeArray<TypeNode> | undefined,isFunctionLike(parentNode) && parentNode.typeArguments
src/compiler/emitter.ts:4769:21,a BinaryExpression with a number and a boolean,&&,number,boolean,0 | boolean,format & ListFormat.DelimitersMask && previousSibling.end !== (parentNode ? parentNode.end : -1)
src/compiler/emitter.ts:4840:13,a BinaryExpression with a value and a boolean,&&,Node | undefined,boolean,boolean | undefined,previousSibling && (parentNode ? parentNode.end : -1) !== previousSibling.end
src/compiler/emitter.ts:5138:13,a BinaryExpression with a number and a boolean,&&,number,boolean,0 | boolean,format & ListFormat.MultiLine && !(format & ListFormat.NoTrailingNewLine)
src/compiler/emitter.ts:5210:13,a BinaryExpression with a value and a boolean,&&,SourceFile | undefined,boolean,boolean | undefined,currentSourceFile && !nodeIsSynthesized(parent)
src/compiler/emitter.ts:5245:13,a BinaryExpression with a boolean and a value,&&,boolean,BigIntLiteral | Identifier | JsxNamespacedName | NumericLiteral | PrivateIdentifier | StringLiteralLike | undefined,false | BigIntLiteral | Identifier | JsxNamespacedName | NumericLiteral | PrivateIdentifier | StringLiteralLike | undefined,isStringLiteral(node) && node.textSourceNode
src/compiler/emitter.ts:5270:13,a BinaryExpression with a boolean and a value,&&,boolean,BigIntLiteral | Identifier | JsxNamespacedName | NumericLiteral | PrivateIdentifier | StringLiteralLike | undefined,false | BigIntLiteral | Identifier | JsxNamespacedName | NumericLiteral | PrivateIdentifier | StringLiteralLike | undefined,node.kind === SyntaxKind.StringLiteral && (node as StringLiteral).textSourceNode
src/compiler/emitter.ts:5421:38,a BinaryExpression with a value and a value,||,ModuleExportName | undefined,Identifier,ModuleExportName,(node as ImportSpecifier).propertyName || (node as ImportSpecifier).name
src/compiler/emitter.ts:5528:36,a BinaryExpression with a value and a boolean,&&,HasLocals | undefined,boolean,boolean | undefined,"node && isNodeDescendantOf(node, container)"
src/compiler/emitter.ts:5580:13,a BinaryExpression with a number and a boolean,&&,TempFlags,boolean,boolean | TempFlags.Auto,flags && !(tempFlags & flags)
src/compiler/emitter.ts:602:26,a BinaryExpression with a value and a value,=,string[] | undefined,never[],never[],outputs = []
src/compiler/emitter.ts:606:16,a BinaryExpression with a value and a value,||,string[] | undefined,never[],string[],outputs || emptyArray
src/compiler/emitter.ts:6107:13,a BinaryExpression with a value and a boolean,&&,SourceFile | undefined,boolean,boolean | undefined,currentSourceFile && (containerPos === -1 || pos !== containerPos)
src/compiler/emitter.ts:6119:13,a BinaryExpression with a value and a boolean,&&,SourceFile | undefined,boolean,boolean | undefined,currentSourceFile && (containerEnd === -1 || (end !== containerEnd && end !== declarationListContainerEnd))
src/compiler/emitter.ts:6143:44,a BinaryExpression with a value and a value,&&,SourceFile | undefined,DetachedCommentInfo | undefined,DetachedCommentInfo | undefined,"currentSourceFile && emitDetachedComments(currentSourceFile.text, getCurrentLineMap(), writer, emitComment, range, newLine, commentsDisabled)"
src/compiler/emitter.ts:6183:24,a BinaryExpression with a value and a value,||,SourceMapSource | undefined,SourceMapSource,SourceMapSource,sourceMapRange.source || sourceMapSource
src/compiler/emitter.ts:6189:27,a BinaryExpression with a value and a value,||,SourceMapSource | undefined,SourceMapSource,SourceMapSource,sourceMapRange.source || sourceMapSource
src/compiler/emitter.ts:6209:27,a BinaryExpression with a value and a value,||,SourceMapSource | undefined,SourceMapSource,SourceMapSource,sourceMapRange.source || sourceMapSource
src/compiler/emitter.ts:6266:35,a BinaryExpression with a value and a boolean,&&,Node | undefined,boolean,boolean | undefined,node && isInJsonFile(node)
src/compiler/emitter.ts:6270:26,a BinaryExpression with a value and a value,&&,Node | undefined,EmitNode | undefined,EmitNode | undefined,node && node.emitNode
src/compiler/emitter.ts:810:13,a BinaryExpression with a boolean and a value,||,boolean,SourceFile | undefined,true | SourceFile | undefined,!buildInfoPath || targetSourceFile
src/compiler/expressionToTypeNode.ts:1235:35,a BinaryExpression with a value and a value,&&,Node | undefined,Node,Node | undefined,owner && walkUpParenthesizedExpressions(owner).parent
src/compiler/expressionToTypeNode.ts:1284:13,a BinaryExpression with a value and a boolean,&&,FunctionLikeDeclaration | undefined,boolean,boolean | undefined,declaration && !nodeIsMissing(declaration.body)
src/compiler/expressionToTypeNode.ts:1313:21,a BinaryExpression with a value and a boolean,&&,TypeNode | undefined,boolean,boolean | undefined,type && !isConstTypeReference(type)
src/compiler/expressionToTypeNode.ts:605:45,a BinaryExpression with a value and a boolean,&&,TypeNode | undefined,boolean,boolean | undefined,p.type && isJSDocVariadicType(p.type)
src/compiler/expressionToTypeNode.ts:610:24,a BinaryExpression with a value and a boolean,&&,BindingName,boolean,boolean,p.name && isIdentifier(p.name)
src/compiler/expressionToTypeNode.ts:744:20,a BinaryExpression with a boolean and a value,&&,boolean,TypeNode | undefined,false | TypeNode | undefined,isInJSFile(accessor) && getJSDocType(accessor)
src/compiler/expressionToTypeNode.ts:753:13,a BinaryExpression with a boolean and a value,&&,boolean,AccessorDeclaration | undefined,false | AccessorDeclaration | undefined,!accessorType && accessors.secondAccessor
src/compiler/expressionToTypeNode.ts:794:18,a BinaryExpression with a boolean and a value,&&,boolean,Expression | undefined,false | Expression | undefined,isParameter(node) && node.initializer
src/compiler/expressionToTypeNode.ts:823:17,a BinaryExpression with a value and a boolean,&&,Expression | undefined,boolean,boolean | undefined,initializer && !isContextuallyTyped(node)
src/compiler/expressionToTypeNode.ts:875:28,a BinaryExpression with a value and a value,&&,GetAccessorDeclaration | undefined,TypeNode,TypeNode | undefined,"allAccessors.getAccessor && createReturnFromSignature(allAccessors.getAccessor, symbol, context, reportFallback)"
src/compiler/factory/emitNode.ts:291:31,a BinaryExpression with a value and a value,&&,EmitNode | undefined,EmitHelper[] | undefined,EmitHelper[] | undefined,sourceEmitNode && sourceEmitNode.helpers
src/compiler/factory/nodeFactory.ts:1636:16,a BinaryExpression with a value and a value,!==,NodeArray<Modifier> | undefined,readonly Modifier[] | undefined,boolean,node.modifiers !== modifiers
src/compiler/factory/nodeFactory.ts:1689:16,a BinaryExpression with a value and a value,!==,NodeArray<ModifierLike> | undefined,readonly ModifierLike[] | undefined,boolean,node.modifiers !== modifiers
src/compiler/factory/nodeFactory.ts:1748:16,a BinaryExpression with a value and a value,!==,NodeArray<Modifier> | undefined,readonly Modifier[] | undefined,boolean,node.modifiers !== modifiers
src/compiler/factory/nodeFactory.ts:1802:16,a BinaryExpression with a value and a value,!==,NodeArray<ModifierLike> | undefined,readonly ModifierLike[] | undefined,boolean,node.modifiers !== modifiers
src/compiler/factory/nodeFactory.ts:1847:16,a BinaryExpression with a value and a value,!==,NodeArray<Modifier> | undefined,readonly Modifier[] | undefined,boolean,node.modifiers !== modifiers
src/compiler/factory/nodeFactory.ts:1925:16,a BinaryExpression with a value and a value,!==,NodeArray<ModifierLike> | undefined,readonly ModifierLike[] | undefined,boolean,node.modifiers !== modifiers
src/compiler/factory/nodeFactory.ts:2019:16,a BinaryExpression with a value and a value,!==,NodeArray<ModifierLike> | undefined,readonly ModifierLike[] | undefined,boolean,node.modifiers !== modifiers
src/compiler/factory/nodeFactory.ts:2081:16,a BinaryExpression with a value and a value,!==,NodeArray<ModifierLike> | undefined,readonly ModifierLike[] | undefined,boolean,node.modifiers !== modifiers
src/compiler/factory/nodeFactory.ts:2142:16,a BinaryExpression with a value and a value,!==,NodeArray<ModifierLike> | undefined,readonly ModifierLike[] | undefined,boolean,node.modifiers !== modifiers
src/compiler/factory/nodeFactory.ts:2251:16,a BinaryExpression with a value and a value,!==,NodeArray<ParameterDeclaration>,readonly ParameterDeclaration[],boolean,node.parameters !== parameters
src/compiler/factory/nodeFactory.ts:2412:16,a BinaryExpression with a value and a value,!==,NodeArray<Modifier> | undefined,readonly Modifier[] | undefined,boolean,node.modifiers !== modifiers
src/compiler/factory/nodeFactory.ts:2442:20,a BinaryExpression with a value and a value,!==,NodeArray<TypeNode> | undefined,readonly TypeNode[] | undefined,boolean,node.typeArguments !== typeArguments
src/compiler/factory/nodeFactory.ts:2487:16,a BinaryExpression with a value and a value,!==,NodeArray<NamedTupleMember | TypeNode>,readonly (NamedTupleMember | TypeNode)[],boolean,node.elements !== elements
src/compiler/factory/nodeFactory.ts:2629:20,a BinaryExpression with a value and a value,!==,NodeArray<TemplateLiteralTypeSpan>,readonly TemplateLiteralTypeSpan[],boolean,node.templateSpans !== templateSpans
src/compiler/factory/nodeFactory.ts:2667:20,a BinaryExpression with a value and a value,!==,NodeArray<TypeNode> | undefined,readonly TypeNode[] | undefined,boolean,node.typeArguments !== typeArguments
src/compiler/factory/nodeFactory.ts:2753:20,a BinaryExpression with a value and a value,!==,NodeArray<TypeElement> | undefined,readonly TypeElement[] | undefined,boolean,node.members !== members
src/compiler/factory/nodeFactory.ts:2793:16,a BinaryExpression with a value and a value,!==,NodeArray<BindingElement>,readonly BindingElement[],boolean,node.elements !== elements
src/compiler/factory/nodeFactory.ts:2810:16,a BinaryExpression with a value and a value,!==,NodeArray<ArrayBindingElement>,readonly ArrayBindingElement[],boolean,node.elements !== elements
src/compiler/factory/nodeFactory.ts:2863:16,a BinaryExpression with a value and a value,!==,NodeArray<Expression>,readonly Expression[],boolean,node.elements !== elements
src/compiler/factory/nodeFactory.ts:2881:16,a BinaryExpression with a value and a value,!==,NodeArray<ObjectLiteralElementLike>,readonly ObjectLiteralElementLike[],boolean,node.properties !== properties
src/compiler/factory/nodeFactory.ts:3057:20,a BinaryExpression with a value and a value,!==,NodeArray<TypeNode> | undefined,readonly TypeNode[] | undefined,boolean,node.typeArguments !== typeArguments
src/compiler/factory/nodeFactory.ts:3081:20,a BinaryExpression with a value and a value,!==,NodeArray<TypeNode> | undefined,readonly TypeNode[] | undefined,boolean,node.typeArguments !== typeArguments
src/compiler/factory/nodeFactory.ts:3106:20,a BinaryExpression with a value and a value,!==,NodeArray<TypeNode> | undefined,readonly TypeNode[] | undefined,boolean,node.typeArguments !== typeArguments
src/compiler/factory/nodeFactory.ts:3134:20,a BinaryExpression with a value and a value,!==,NodeArray<TypeNode> | undefined,readonly TypeNode[] | undefined,boolean,node.typeArguments !== typeArguments
src/compiler/factory/nodeFactory.ts:3235:20,a BinaryExpression with a value and a value,!==,NodeArray<Modifier> | undefined,readonly Modifier[] | undefined,boolean,node.modifiers !== modifiers
src/compiler/factory/nodeFactory.ts:3294:16,a BinaryExpression with a value and a value,!==,NodeArray<Modifier> | undefined,readonly Modifier[] | undefined,boolean,node.modifiers !== modifiers
src/compiler/factory/nodeFactory.ts:3522:20,a BinaryExpression with a value and a value,!==,NodeArray<TemplateSpan>,readonly TemplateSpan[],boolean,node.templateSpans !== templateSpans
src/compiler/factory/nodeFactory.ts:3685:16,a BinaryExpression with a value and a value,!==,NodeArray<ModifierLike> | undefined,readonly ModifierLike[] | undefined,boolean,node.modifiers !== modifiers
src/compiler/factory/nodeFactory.ts:3713:20,a BinaryExpression with a value and a value,!==,NodeArray<TypeNode> | undefined,readonly TypeNode[] | undefined,boolean,node.typeArguments !== typeArguments
src/compiler/factory/nodeFactory.ts:3870:16,a BinaryExpression with a value and a value,!==,NodeArray<Statement>,readonly Statement[],boolean,node.statements !== statements
src/compiler/factory/nodeFactory.ts:3893:16,a BinaryExpression with a value and a value,!==,NodeArray<ModifierLike> | undefined,readonly ModifierLike[] | undefined,boolean,node.modifiers !== modifiers
src/compiler/factory/nodeFactory.ts:4294:16,a BinaryExpression with a value and a value,!==,NodeArray<VariableDeclaration>,readonly VariableDeclaration[],boolean,node.declarations !== declarations
src/compiler/factory/nodeFactory.ts:4361:16,a BinaryExpression with a value and a value,!==,NodeArray<ModifierLike> | undefined,readonly Modifier[] | undefined,boolean,node.modifiers !== modifiers
src/compiler/factory/nodeFactory.ts:4426:16,a BinaryExpression with a value and a value,!==,NodeArray<ModifierLike> | undefined,readonly ModifierLike[] | undefined,boolean,node.modifiers !== modifiers
src/compiler/factory/nodeFactory.ts:4464:16,a BinaryExpression with a value and a value,!==,NodeArray<ModifierLike> | undefined,readonly ModifierLike[] | undefined,boolean,node.modifiers !== modifiers
src/compiler/factory/nodeFactory.ts:4501:16,a BinaryExpression with a value and a value,!==,NodeArray<ModifierLike> | undefined,readonly ModifierLike[] | undefined,boolean,node.modifiers !== modifiers
src/compiler/factory/nodeFactory.ts:4536:16,a BinaryExpression with a value and a value,!==,NodeArray<ModifierLike> | undefined,readonly ModifierLike[] | undefined,boolean,node.modifiers !== modifiers
src/compiler/factory/nodeFactory.ts:4579:16,a BinaryExpression with a value and a value,!==,NodeArray<ModifierLike> | undefined,readonly ModifierLike[] | undefined,boolean,node.modifiers !== modifiers
src/compiler/factory/nodeFactory.ts:4598:16,a BinaryExpression with a value and a value,!==,NodeArray<Statement>,readonly Statement[],boolean,node.statements !== statements
src/compiler/factory/nodeFactory.ts:4616:16,a BinaryExpression with a value and a value,!==,NodeArray<CaseOrDefaultClause>,readonly CaseOrDefaultClause[],boolean,node.clauses !== clauses
src/compiler/factory/nodeFactory.ts:4682:16,a BinaryExpression with a value and a value,!==,NodeArray<ModifierLike> | undefined,readonly ModifierLike[] | undefined,boolean,node.modifiers !== modifiers
src/compiler/factory/nodeFactory.ts:4718:16,a BinaryExpression with a value and a value,!==,NodeArray<ModifierLike> | undefined,readonly ModifierLike[] | undefined,boolean,node.modifiers !== modifiers
src/compiler/factory/nodeFactory.ts:4769:16,a BinaryExpression with a value and a value,!==,NodeArray<ImportAttribute>,readonly AssertEntry[],boolean,node.elements !== elements
src/compiler/factory/nodeFactory.ts:4822:16,a BinaryExpression with a value and a value,!==,NodeArray<ImportAttribute>,readonly ImportAttribute[],boolean,node.elements !== elements
src/compiler/factory/nodeFactory.ts:4889:16,a BinaryExpression with a value and a value,!==,NodeArray<ImportSpecifier>,readonly ImportSpecifier[],boolean,node.elements !== elements
src/compiler/factory/nodeFactory.ts:4940:16,a BinaryExpression with a value and a value,!==,NodeArray<ModifierLike> | undefined,readonly ModifierLike[] | undefined,boolean,node.modifiers !== modifiers
src/compiler/factory/nodeFactory.ts:4978:16,a BinaryExpression with a value and a value,!==,NodeArray<ModifierLike> | undefined,readonly Modifier[] | undefined,boolean,node.modifiers !== modifiers
src/compiler/factory/nodeFactory.ts:5008:16,a BinaryExpression with a value and a value,!==,NodeArray<ExportSpecifier>,readonly ExportSpecifier[],boolean,node.elements !== elements
src/compiler/factory/nodeFactory.ts:5133:16,a BinaryExpression with a value and a value,!==,NodeArray<ParameterDeclaration>,readonly ParameterDeclaration[],boolean,node.parameters !== parameters
src/compiler/factory/nodeFactory.ts:5225:20,a BinaryExpression with a value and a value,!==,NodeArray<TypeParameterDeclaration>,readonly TypeParameterDeclaration[],boolean,node.typeParameters !== typeParameters
src/compiler/factory/nodeFactory.ts:5617:20,a BinaryExpression with a value and a value,!==,NodeArray<JsxChild>,readonly JsxChild[],boolean,node.children !== children
src/compiler/factory/nodeFactory.ts:5642:20,a BinaryExpression with a value and a value,!==,NodeArray<TypeNode> | undefined,readonly TypeNode[] | undefined,boolean,node.typeArguments !== typeArguments
src/compiler/factory/nodeFactory.ts:5667:20,a BinaryExpression with a value and a value,!==,NodeArray<TypeNode> | undefined,readonly TypeNode[] | undefined,boolean,node.typeArguments !== typeArguments
src/compiler/factory/nodeFactory.ts:5705:20,a BinaryExpression with a value and a value,!==,NodeArray<JsxChild>,readonly JsxChild[],boolean,node.children !== children
src/compiler/factory/nodeFactory.ts:5772:16,a BinaryExpression with a value and a value,!==,NodeArray<JsxAttributeLike>,readonly JsxAttributeLike[],boolean,node.properties !== properties
src/compiler/factory/nodeFactory.ts:5849:20,a BinaryExpression with a value and a value,!==,NodeArray<Statement>,readonly Statement[],boolean,node.statements !== statements
src/compiler/factory/nodeFactory.ts:5864:16,a BinaryExpression with a value and a value,!==,NodeArray<Statement>,readonly Statement[],boolean,node.statements !== statements
src/compiler/factory/nodeFactory.ts:5890:16,a BinaryExpression with a value and a value,!==,NodeArray<ExpressionWithTypeArguments>,readonly ExpressionWithTypeArguments[],boolean,node.types !== types
src/compiler/factory/nodeFactory.ts:6187:16,a BinaryExpression with a value and a value,!==,NodeArray<Statement>,readonly Statement[],boolean,node.statements !== statements
src/compiler/factory/nodeFactory.ts:6303:16,a BinaryExpression with a value and a value,!==,NodeArray<Expression>,readonly Expression[],boolean,node.elements !== elements
src/compiler/factory/nodeFactory.ts:6607:13,a BinaryExpression with a value and a boolean,&&,Expression | undefined,boolean,boolean | undefined,"outerExpression && isOuterExpression(outerExpression, kinds)"
src/compiler/factory/nodeFactory.ts:6760:47,a BinaryExpression with a value and a value,&&,Declaration | undefined,DeclarationName | undefined,DeclarationName | undefined,node && getNonAssignedNameOfDeclaration(node)
src/compiler/factory/nodeFactory.ts:6858:13,a BinaryExpression with a value and a boolean,&&,Identifier | undefined,boolean,boolean | undefined,"ns && hasSyntacticModifier(node, ModifierFlags.Export)"
src/compiler/factory/nodeFactory.ts:6928:17,a BinaryExpression with a number and a boolean,&&,number,boolean,0 | boolean,getEmitFlags(statement) & EmitFlags.CustomPrologue && filter(statement)
src/compiler/factory/nodeFactory.ts:7168:56,a BinaryExpression with a value and a boolean,&&,VariableDeclaration | BindingName | undefined,boolean,boolean | undefined,variableDeclaration && !isVariableDeclaration(variableDeclaration)
src/compiler/factory/nodeFactory.ts:7287:12,a BinaryExpression with a value and a boolean,&&,BindingPattern | PropertyName | undefined,boolean,boolean | undefined,node && isIdentifier(node)
src/compiler/factory/parenthesizerRules.ts:660:16,a BinaryExpression with a boolean and a value,&&,boolean,NodeArray<TypeParameterDeclaration> | undefined,false | NodeArray<TypeParameterDeclaration> | undefined,isFunctionOrConstructorTypeNode(node) && node.typeParameters
src/compiler/factory/utilities.ts:1053:17,a BinaryExpression with a value and a boolean,&&,PropertyName | undefined,boolean,boolean | undefined,bindingElement.name && isPrivateIdentifier(bindingElement.name)
src/compiler/factory/utilities.ts:1060:9,a BinaryExpression with a value and a boolean,&&,BindingOrAssignmentElementTarget | undefined,boolean,boolean | undefined,target && isPropertyName(target)
src/compiler/factory/utilities.ts:1746:17,a BinaryExpression with a value and a boolean,&&,BindingOrAssignmentElementTarget | undefined,boolean,boolean | undefined,target && isAssignmentPattern(target)
src/compiler/factory/utilities.ts:253:9,a BinaryExpression with a value and a boolean,&&,readonly Expression[] | undefined,boolean,boolean | undefined,children && children.length > 0
src/compiler/factory/utilities.ts:284:9,a BinaryExpression with a value and a boolean,&&,readonly Expression[],boolean,boolean,children && children.length > 0
src/compiler/factory/utilities.ts:466:9,a BinaryExpression with a value and a boolean,&&,PropertyName | undefined,boolean,boolean | undefined,property.name && isPrivateIdentifier(property.name)
src/compiler/factory/utilities.ts:634:17,a BinaryExpression with a number and a boolean,&&,number,boolean,0 | boolean,kinds & OuterExpressionKinds.ExcludeJSDocTypeAssertion && isJSDocTypeAssertion(node)
src/compiler/factory/utilities.ts:788:9,a BinaryExpression with a value and a boolean,&&,ImportEqualsDeclaration | NamespaceExport | NamespaceImport | undefined,boolean,boolean | undefined,namespaceDeclaration && !isDefaultImport(node)
src/compiler/factory/utilities.ts:795:9,a BinaryExpression with a boolean and a value,&&,boolean,ImportClause | undefined,false | ImportClause | undefined,node.kind === SyntaxKind.ImportDeclaration && node.importClause
src/compiler/factory/utilities.ts:798:9,a BinaryExpression with a boolean and a value,&&,boolean,Expression | undefined,false | Expression | undefined,node.kind === SyntaxKind.ExportDeclaration && node.moduleSpecifier
src/compiler/factory/utilities.ts:816:9,a BinaryExpression with a value and a boolean,&&,Expression | undefined,boolean,boolean | undefined,moduleName && isStringLiteral(moduleName)
src/compiler/moduleNameResolver.ts:1569:9,a BinaryExpression with a value and a boolean,&&,MapLike<string[]> | undefined,boolean,boolean | undefined,paths && !pathIsRelative(moduleName)
src/compiler/moduleNameResolver.ts:1921:17,a BinaryExpression with a number and a boolean,&&,number,boolean,0 | boolean,"features & NodeResolutionFeatures.Imports && startsWith(moduleName, ""#"")"
src/compiler/moduleNameResolver.ts:1931:28,a BinaryExpression with a value and a value,&&,Resolved | undefined,{ value: { resolved: Resolved; isExternalLibraryImport: false; }; },{ value: { resolved: Resolved; isExternalLibraryImport: false; }; } | undefined,"resolved.value && { value: { resolved: resolved.value, isExternalLibraryImport: false } }"
src/compiler/moduleNameResolver.ts:1950:41,a BinaryExpression with a value and a value,&&,Resolved | undefined,{ resolved: Resolved; isExternalLibraryImport: true; },{ resolved: Resolved; isExternalLibraryImport: true; } | undefined,"resolved.value && { resolved: resolved.value, isExternalLibraryImport: true }"
src/compiler/moduleNameResolver.ts:2114:9,a BinaryExpression with a number and a boolean,&&,number,boolean,0 | boolean,"extensions & Extensions.TypeScript && fileExtensionIsOneOf(candidate, supportedTSImplementationExtensions)"
src/compiler/moduleNameResolver.ts:2164:59,a BinaryExpression with a value and a value,||,PathAndExtension | undefined,PathAndExtension | undefined,PathAndExtension | undefined,"tryExtension(Extension.Tsx, originalExtension === Extension.Tsx) || tryExtension(Extension.Ts, originalExtension === Extension.Tsx)"
src/compiler/moduleNameResolver.ts:2172:59,a BinaryExpression with a value and a value,||,PathAndExtension | undefined,PathAndExtension | undefined,PathAndExtension | undefined,"tryExtension(Extension.Ts, originalExtension === Extension.Ts || originalExtension === Extension.Dts) || tryExtension(Extension.Tsx, originalExtension === Extension.Ts || originalExtension === Extension.Dts)"
src/compiler/moduleNameResolver.ts:2178:20,a BinaryExpression with a number and a boolean,&&,number,boolean,0 | boolean,extensions & Extensions.Declaration && !isDeclarationFileName(candidate + originalExtension)
src/compiler/moduleNameResolver.ts:237:9,a BinaryExpression with a boolean and a value,&&,boolean,Resolved | undefined,false | Resolved | undefined,"!state.resultFromCache &&
        !state.compilerOptions.preserveSymlinks &&
        resolved"
src/compiler/moduleNameResolver.ts:2490:26,a BinaryExpression with a value and a value,&&,PackageJsonInfo | undefined,VersionPaths | undefined,VersionPaths | undefined,"packageJson && getVersionPathsOfPackageJsonInfo(packageJson, state)"
src/compiler/moduleNameResolver.ts:2492:9,a BinaryExpression with a value and a boolean,&&,PackageJsonInfo | undefined,boolean,boolean | undefined,"packageJson && arePathsEqual(packageJson?.packageDirectory, candidate, state.host)"
src/compiler/moduleNameResolver.ts:2556:12,a BinaryExpression with a number and a boolean,&&,number,boolean,0 | boolean,extensions & Extensions.JavaScript && (extension === Extension.Js || extension === Extension.Jsx || extension === Extension.Mjs || extension === Extension.Cjs)
src/compiler/moduleNameResolver.ts:3007:54,a BinaryExpression with a number and a boolean,||,number,boolean,number | boolean,"state.features & NodeResolutionFeatures.EsmMode || state.conditions.includes(""import"")"
src/compiler/moduleNameResolver.ts:3023:9,a BinaryExpression with a number and a boolean,&&,number,boolean,0 | boolean,secondaryExtensions && !typesScopeOnly
src/compiler/moduleNameResolver.ts:3101:9,a BinaryExpression with a boolean and a value,&&,boolean,PackageJsonInfo | undefined,false | PackageJsonInfo | undefined,"rest !== """" && packageInfo"
src/compiler/moduleNameResolver.ts:3154:26,a BinaryExpression with a boolean and a value,&&,boolean,PackageJsonInfo | undefined,false | PackageJsonInfo | undefined,"rest !== """" && packageInfo"
src/compiler/moduleNameResolver.ts:3283:22,a BinaryExpression with a value and a value,||,SearchResult<Resolved>,SearchResult<Resolved>,SearchResult<Resolved>,"tryResolve(Extensions.TypeScript | Extensions.Declaration) ||
        tryResolve(Extensions.JavaScript | (compilerOptions.resolveJsonModule ? Extensions.Json : 0))"
src/compiler/moduleNameResolver.ts:3288:9,a BinaryExpression with a value and a value,&&,SearchResult<Resolved>,Resolved | undefined,Resolved | undefined,resolved && resolved.value
src/compiler/moduleNameResolver.ts:820:9,a BinaryExpression with a value and a value,&&,((directoryName: string) => boolean) | undefined,((path: string) => string[]) | undefined,((path: string) => string[]) | undefined,host.directoryExists && host.getDirectories
src/compiler/moduleSpecifiers.ts:332:12,a BinaryExpression with a value and a value,&&,readonly string[] | undefined,"{ kind: ""ambient"" | ""node_modules"" | ""paths"" | ""redirect"" | ""relative"" | undefined; moduleSpecifiers: readonly string[]; computedWithoutCache: false; }","{ kind: ""ambient"" | ""node_modules"" | ""paths"" | ""redirect"" | ""relative"" | undefined; moduleSpecifiers: readonly string[]; computedWithoutCache: false; } | undefined","result[1] && { kind: result[0], moduleSpecifiers: result[1], computedWithoutCache: false }"
src/compiler/moduleSpecifiers.ts:695:12,a BinaryExpression with a number and a number,||,Comparison,Comparison,Comparison,"compareBooleans(b.isRedirect, a.isRedirect) || compareNumberOfDirectorySeparators(a.path, b.path)"
src/compiler/parser.ts:10467:25,a BinaryExpression with a value and a boolean,&&,Node | undefined,boolean,boolean | undefined,current && current.end === position
src/compiler/parser.ts:10594:25,a BinaryExpression with a value and a value,||,CommentRange[] | undefined,never[],CommentRange[],"getLeadingCommentRanges(sourceText, 0) || emptyArray"
src/compiler/parser.ts:10761:16,a BinaryExpression with a value and a value,=,RegExpExecArray | null,RegExpExecArray | null,RegExpExecArray | null,multiLineMatch = multiLinePragmaRegEx.exec(text)
src/compiler/parser.ts:2466:13,a BinaryExpression with a value and a boolean,&&,TypeNode | undefined,boolean,boolean | undefined,type && !canParseSemicolon()
src/compiler/parser.ts:4827:20,a BinaryExpression with a boolean and a value,&&,boolean,TypeNode | undefined,false | TypeNode | undefined,hasLeadingOperator && parseFunctionOrConstructorTypeToError(isUnionType)
src/compiler/parser.ts:5097:33,a BinaryExpression with a value and a value,||,Expression | undefined,ArrowFunction | undefined,Expression | undefined,tryParseParenthesizedArrowFunctionExpression(allowReturnTypeInArrowFunction) || tryParseAsyncSimpleArrowFunctionExpression(allowReturnTypeInArrowFunction)
src/compiler/parser.ts:5389:40,a BinaryExpression with a value and a value,=,Set<number> | undefined,Set<number>,Set<number>,notParenthesizedArrow = new Set()
src/compiler/parser.ts:5469:13,a BinaryExpression with a value and a boolean,&&,TypeNode | undefined,boolean,boolean | undefined,type && !allowAmbiguity
src/compiler/parser.ts:5489:38,a BinaryExpression with a value and a boolean,&&,TypeNode | undefined,boolean,boolean | undefined,unwrappedType && isJSDocFunctionType(unwrappedType)
src/compiler/parser.ts:6417:33,a BinaryExpression with a value and a boolean,||,QuestionDotToken | undefined,boolean,boolean | QuestionDotToken,questionDotToken || tryReparseOptionalChain(expression)
src/compiler/parser.ts:6424:13,a BinaryExpression with a boolean and a value,&&,boolean,NodeArray<TypeNode> | undefined,false | NodeArray<TypeNode> | undefined,isExpressionWithTypeArguments(expression) && expression.typeArguments
src/compiler/parser.ts:6447:31,a BinaryExpression with a value and a boolean,||,QuestionDotToken | undefined,boolean,boolean | QuestionDotToken,questionDotToken || tryReparseOptionalChain(expression)
src/compiler/parser.ts:6471:18,a BinaryExpression with a value and a boolean,||,QuestionDotToken | undefined,boolean,boolean | QuestionDotToken,questionDotToken || !inDecoratorContext()
src/compiler/parser.ts:6532:17,a BinaryExpression with a value and a boolean,||,NodeArray<TypeNode> | undefined,boolean,boolean | NodeArray<TypeNode>,typeArguments || token() === SyntaxKind.OpenParenToken
src/compiler/parser.ts:8412:13,a BinaryExpression with a value and a boolean,&&,Identifier | undefined,boolean,boolean | undefined,identifier && !tokenAfterImportedIdentifierDefinitelyProducesImportDeclaration()
src/compiler/parser.ts:8431:13,a BinaryExpression with a value and a boolean,||,Identifier | undefined,boolean,boolean | Identifier,"identifier || // import id
            token() === SyntaxKind.AsteriskToken"
src/compiler/parser.ts:8727:13,a BinaryExpression with a value and a boolean,&&,Expression | undefined,boolean,boolean | undefined,moduleSpecifier && (currentToken === SyntaxKind.WithKeyword || currentToken === SyntaxKind.AssertKeyword)
src/compiler/parser.ts:9016:21,a BinaryExpression with a number and a number,&&,number,number,number,parts.length && trimmedComments.length
src/compiler/parser.ts:9025:24,a BinaryExpression with a number and a boolean,&&,number,boolean,0 | boolean,"comments.length && (comments[0] === ""\n"" || comments[0] === ""\r"")"
src/compiler/parser.ts:9447:21,a BinaryExpression with a value and a boolean,&&,JSDocTypeExpression | undefined,boolean,boolean | undefined,typeExpression && isObjectOrObjectArrayTypeReference(typeExpression.type)
src/compiler/parser.ts:9646:45,a BinaryExpression with a value and a boolean,&&,JSDocTypeExpression | undefined,boolean,boolean | undefined,typeExpression && typeExpression.type.kind === SyntaxKind.ArrayType
src/compiler/parser.ts:9648:42,a BinaryExpression with a value and a value,&&,JSDocTypeTag | undefined,JSDocTypeExpression,JSDocTypeExpression | undefined,childTypeTag && childTypeTag.typeExpression
src/compiler/path.ts:452:9,a BinaryExpression with a number and a boolean,&&,number,boolean,0 | boolean,rest.length && !lastOrUndefined(rest)
src/compiler/performanceCore.ts:77:9,a BinaryExpression with a value and a boolean,&&,PerformanceTime | undefined,boolean,boolean | undefined,"hooks.performanceTime &&
        typeof performance.mark === ""function"""
src/compiler/program.ts:1267:9,a BinaryExpression with a value and a value,&&,TsConfigSourceFile | undefined,TsConfigSourceFile | undefined,TsConfigSourceFile | undefined,currentOptions.configFile && newOptions.configFile
src/compiler/program.ts:1303:35,a BinaryExpression with a value and a value,=,ResolvedProjectReference[] | undefined,never[],never[],seenResolvedRefs = []
src/compiler/program.ts:2045:13,a BinaryExpression with a value and a boolean,||,"((moduleLiterals: readonly StringLiteralLike[], containingFile: string, redirectedReference: ResolvedProjectReference | undefined, options: CompilerOptions, containingSourceFile: SourceFile, reusedNames: ... | undefined) => ...) | undefined",boolean,"boolean | ((moduleLiterals: readonly StringLiteralLike[], containingFile: string, redirectedReference: ResolvedProjectReference | undefined, options: CompilerOptions, containingSourceFile: SourceFile, reusedNames: ... | undefined) => ...)",host.resolveModuleNameLiterals || !host.resolveModuleNames
src/compiler/program.ts:2108:13,a BinaryExpression with a value and a boolean,||,ResolvedRefAndOutputDts | undefined,boolean,boolean | ResolvedRefAndOutputDts,redirect || !isDeclarationFileName(file.originalFileName)
src/compiler/program.ts:2685:32,a BinaryExpression with a value and a value,=,TypeChecker,TypeChecker,TypeChecker,typeChecker = createTypeChecker(program)
src/compiler/program.ts:3111:26,a BinaryExpression with a boolean and a value,&&,boolean,NodeArray<ModifierLike> | undefined,false | NodeArray<ModifierLike> | undefined,canHaveDecorators(parent) && parent.modifiers
src/compiler/program.ts:3288:16,a BinaryExpression with a value and a value,||,readonly Diagnostic[] | undefined,never[],readonly Diagnostic[],configFileParsingDiagnostics || emptyArray
src/compiler/program.ts:3352:13,a BinaryExpression with a number and a boolean,||,number,boolean,number | boolean,(file.flags & NodeFlags.PossiblyContainsDynamicImport) || isJavaScriptFile
src/compiler/program.ts:3359:24,a BinaryExpression with a value and a value,||,StringLiteralLike[] | undefined,never[],StringLiteralLike[],imports || emptyArray
src/compiler/program.ts:3360:36,a BinaryExpression with a value and a value,||,(Identifier | StringLiteral)[] | undefined,never[],(Identifier | StringLiteral)[],moduleAugmentations || emptyArray
src/compiler/program.ts:3361:35,a BinaryExpression with a value and a value,||,string[] | undefined,never[],string[],ambientModules || emptyArray
src/compiler/program.ts:3371:21,a BinaryExpression with a value and a boolean,&&,Expression | undefined,boolean,boolean | undefined,moduleNameExpr && isStringLiteral(moduleNameExpr)
src/compiler/program.ts:3396:50,a BinaryExpression with a value and a value,=,(Identifier | StringLiteral)[] | undefined,never[],never[],moduleAugmentations = []
src/compiler/program.ts:3401:49,a BinaryExpression with a value and a value,=,string[] | undefined,never[],never[],ambientModules = []
src/compiler/program.ts:3525:27,a BinaryExpression with a boolean and a value,||,boolean,undefined,true | undefined,isDefaultLib || undefined
src/compiler/program.ts:3554:17,a BinaryExpression with a boolean and a value,&&,boolean,((path: string) => string) | undefined,false | ((path: string) => string) | undefined,"!source &&
                host.realpath"
src/compiler/program.ts:3719:50,a BinaryExpression with a value and a boolean,||,SourceFile | undefined,false,false | SourceFile,file || false
src/compiler/program.ts:3850:13,a BinaryExpression with a boolean and a value,&&,boolean,Program | undefined,false | Program | undefined,structureIsReused !== StructureIsReused.Not && oldProgram
src/compiler/program.ts:3913:13,a BinaryExpression with a number and a number,||,number,number,number,file.imports.length || file.moduleAugmentations.length
src/compiler/program.ts:5152:20,a BinaryExpression with a value and a value,||,DiagnosticMessage | undefined,DiagnosticMessage | undefined,DiagnosticMessage | undefined,needJsx() || needAllowJs()
src/compiler/program.ts:792:13,a BinaryExpression with a value and a boolean,&&,SourceFile | undefined,boolean,boolean | undefined,diagnostic.file && diagnostic.code !== Diagnostics.File_appears_to_be_binary.code
src/compiler/program.ts:946:9,a BinaryExpression with a value and a boolean,&&,Node,boolean,boolean,usage.parent.parent && isImportTypeNode(usage.parent.parent)
src/compiler/program.ts:953:9,a BinaryExpression with a value and a boolean,&&,CompilerOptions | undefined,boolean,boolean | undefined,compilerOptions && importSyntaxAffectsModuleResolution(compilerOptions)
src/compiler/program.ts:965:9,a BinaryExpression with a value and a boolean,&&,Node,boolean,boolean,exprParentParent && isImportEqualsDeclaration(exprParentParent)
src/compiler/programDiagnostics.ts:238:13,a BinaryExpression with a value and a value,&&,Set<FileIncludeReason> | undefined,FileReasonToChainCache | undefined,FileReasonToChainCache | undefined,seenReasons && cachedChain
src/compiler/programDiagnostics.ts:284:63,a BinaryExpression with a boolean and a value,&&,boolean,DiagnosticMessageChain | undefined,false | DiagnosticMessageChain | undefined,!processedExtraReason && fileIncludeReasonDetails
src/compiler/programDiagnostics.ts:295:26,a BinaryExpression with a value and a value,&&,ReferencedFile | undefined,ReferenceFileLocation | SyntheticReferenceFileLocation,ReferenceFileLocation | SyntheticReferenceFileLocation | undefined,"locationReason && getReferencedFileLocation(program, locationReason)"
src/compiler/programDiagnostics.ts:296:16,a BinaryExpression with a value and a boolean,&&,ReferenceFileLocation | SyntheticReferenceFileLocation | undefined,boolean,boolean | undefined,location && isReferenceFileLocation(location)
src/compiler/resolutionCache.ts:1573:17,a BinaryExpression with a value and a value,||,Set<Path> | undefined,Set<Path> | undefined,Set<Path> | undefined,failedLookupChecks || startsWithPathChecks
src/compiler/scanner.ts:1583:25,a BinaryExpression with a number and a boolean,&&,number,boolean,0 | boolean,flags & EscapeSequenceScanningFlags.RegularExpression && !(flags & EscapeSequenceScanningFlags.AtomEscape)
src/compiler/scanner.ts:1597:25,a BinaryExpression with a number and a boolean,&&,number,boolean,0 | boolean,flags & EscapeSequenceScanningFlags.RegularExpression && !(flags & EscapeSequenceScanningFlags.AtomEscape)
src/compiler/scanner.ts:1824:28,a BinaryExpression with a number and a number,=,SyntaxKind,KeywordSyntaxKind,KeywordSyntaxKind,token = keyword
src/compiler/scanner.ts:1828:16,a BinaryExpression with a number and a number,=,SyntaxKind,SyntaxKind.Identifier,SyntaxKind.Identifier,token = SyntaxKind.Identifier
src/compiler/scanner.ts:1898:24,a BinaryExpression with a number and a number,=,SyntaxKind,SyntaxKind.EndOfFileToken,SyntaxKind.EndOfFileToken,token = SyntaxKind.EndOfFileToken
src/compiler/scanner.ts:1910:32,a BinaryExpression with a number and a number,=,SyntaxKind,SyntaxKind.ShebangTrivia,SyntaxKind.ShebangTrivia,token = SyntaxKind.ShebangTrivia
src/compiler/scanner.ts:1931:32,a BinaryExpression with a number and a number,=,SyntaxKind,SyntaxKind.NewLineTrivia,SyntaxKind.NewLineTrivia,token = SyntaxKind.NewLineTrivia
src/compiler/scanner.ts:1963:32,a BinaryExpression with a number and a number,=,SyntaxKind,SyntaxKind.WhitespaceTrivia,SyntaxKind.WhitespaceTrivia,token = SyntaxKind.WhitespaceTrivia
src/compiler/scanner.ts:1973:28,a BinaryExpression with a number and a number,=,SyntaxKind,SyntaxKind.ExclamationToken,SyntaxKind.ExclamationToken,token = SyntaxKind.ExclamationToken
src/compiler/scanner.ts:1977:28,a BinaryExpression with a number and a number,=,SyntaxKind,SyntaxKind.StringLiteral,SyntaxKind.StringLiteral,token = SyntaxKind.StringLiteral
src/compiler/scanner.ts:1979:28,a BinaryExpression with a number and a number,=,SyntaxKind,SyntaxKind,SyntaxKind,token = scanTemplateAndSetTokenValue(/*shouldEmitInvalidEscapeError*/ false)
src/compiler/scanner.ts:1985:28,a BinaryExpression with a number and a number,=,SyntaxKind,SyntaxKind.PercentToken,SyntaxKind.PercentToken,token = SyntaxKind.PercentToken
src/compiler/scanner.ts:1997:28,a BinaryExpression with a number and a number,=,SyntaxKind,SyntaxKind.AmpersandToken,SyntaxKind.AmpersandToken,token = SyntaxKind.AmpersandToken
src/compiler/scanner.ts:2000:28,a BinaryExpression with a number and a number,=,SyntaxKind,SyntaxKind.OpenParenToken,SyntaxKind.OpenParenToken,token = SyntaxKind.OpenParenToken
src/compiler/scanner.ts:2003:28,a BinaryExpression with a number and a number,=,SyntaxKind,SyntaxKind.CloseParenToken,SyntaxKind.CloseParenToken,token = SyntaxKind.CloseParenToken
src/compiler/scanner.ts:2016:25,a BinaryExpression with a number and a boolean,&&,number,boolean,0 | boolean,"skipJsDocLeadingAsterisks &&
                        (tokenFlags & TokenFlags.PrecedingJSDocLeadingAsterisks) === 0"
src/compiler/scanner.ts:2024:28,a BinaryExpression with a number and a number,=,SyntaxKind,SyntaxKind.AsteriskToken,SyntaxKind.AsteriskToken,token = SyntaxKind.AsteriskToken
src/compiler/scanner.ts:2033:28,a BinaryExpression with a number and a number,=,SyntaxKind,SyntaxKind.PlusToken,SyntaxKind.PlusToken,token = SyntaxKind.PlusToken
src/compiler/scanner.ts:2036:28,a BinaryExpression with a number and a number,=,SyntaxKind,SyntaxKind.CommaToken,SyntaxKind.CommaToken,token = SyntaxKind.CommaToken
src/compiler/scanner.ts:2045:28,a BinaryExpression with a number and a number,=,SyntaxKind,SyntaxKind.MinusToken,SyntaxKind.MinusToken,token = SyntaxKind.MinusToken
src/compiler/scanner.ts:2049:32,a BinaryExpression with a number and a number,=,SyntaxKind,SyntaxKind.NumericLiteral,SyntaxKind.NumericLiteral,token = SyntaxKind.NumericLiteral
src/compiler/scanner.ts:2055:28,a BinaryExpression with a number and a number,=,SyntaxKind,SyntaxKind.DotToken,SyntaxKind.DotToken,token = SyntaxKind.DotToken
src/compiler/scanner.ts:2079:36,a BinaryExpression with a number and a number,=,SyntaxKind,SyntaxKind.SingleLineCommentTrivia,SyntaxKind.SingleLineCommentTrivia,token = SyntaxKind.SingleLineCommentTrivia
src/compiler/scanner.ts:2123:36,a BinaryExpression with a number and a number,=,SyntaxKind,SyntaxKind.MultiLineCommentTrivia,SyntaxKind.MultiLineCommentTrivia,token = SyntaxKind.MultiLineCommentTrivia
src/compiler/scanner.ts:2132:28,a BinaryExpression with a number and a number,=,SyntaxKind,SyntaxKind.SlashToken,SyntaxKind.SlashToken,token = SyntaxKind.SlashToken
src/compiler/scanner.ts:2144:32,a BinaryExpression with a number and a number,=,SyntaxKind,SyntaxKind,SyntaxKind,token = checkBigIntSuffix()
src/compiler/scanner.ts:2155:32,a BinaryExpression with a number and a number,=,SyntaxKind,SyntaxKind,SyntaxKind,token = checkBigIntSuffix()
src/compiler/scanner.ts:2166:32,a BinaryExpression with a number and a number,=,SyntaxKind,SyntaxKind,SyntaxKind,token = checkBigIntSuffix()
src/compiler/scanner.ts:2178:28,a BinaryExpression with a number and a number,=,SyntaxKind,SyntaxKind,SyntaxKind,token = scanNumber()
src/compiler/scanner.ts:2181:28,a BinaryExpression with a number and a number,=,SyntaxKind,SyntaxKind.ColonToken,SyntaxKind.ColonToken,token = SyntaxKind.ColonToken
src/compiler/scanner.ts:2184:28,a BinaryExpression with a number and a number,=,SyntaxKind,SyntaxKind.SemicolonToken,SyntaxKind.SemicolonToken,token = SyntaxKind.SemicolonToken
src/compiler/scanner.ts:2192:36,a BinaryExpression with a number and a number,=,SyntaxKind,SyntaxKind.ConflictMarkerTrivia,SyntaxKind.ConflictMarkerTrivia,token = SyntaxKind.ConflictMarkerTrivia
src/compiler/scanner.ts:2213:28,a BinaryExpression with a number and a number,=,SyntaxKind,SyntaxKind.LessThanToken,SyntaxKind.LessThanToken,token = SyntaxKind.LessThanToken
src/compiler/scanner.ts:2221:36,a BinaryExpression with a number and a number,=,SyntaxKind,SyntaxKind.ConflictMarkerTrivia,SyntaxKind.ConflictMarkerTrivia,token = SyntaxKind.ConflictMarkerTrivia
src/compiler/scanner.ts:2235:28,a BinaryExpression with a number and a number,=,SyntaxKind,SyntaxKind.EqualsToken,SyntaxKind.EqualsToken,token = SyntaxKind.EqualsToken
src/compiler/scanner.ts:2243:36,a BinaryExpression with a number and a number,=,SyntaxKind,SyntaxKind.ConflictMarkerTrivia,SyntaxKind.ConflictMarkerTrivia,token = SyntaxKind.ConflictMarkerTrivia
src/compiler/scanner.ts:2248:28,a BinaryExpression with a number and a number,=,SyntaxKind,SyntaxKind.GreaterThanToken,SyntaxKind.GreaterThanToken,token = SyntaxKind.GreaterThanToken
src/compiler/scanner.ts:2260:28,a BinaryExpression with a number and a number,=,SyntaxKind,SyntaxKind.QuestionToken,SyntaxKind.QuestionToken,token = SyntaxKind.QuestionToken
src/compiler/scanner.ts:2263:28,a BinaryExpression with a number and a number,=,SyntaxKind,SyntaxKind.OpenBracketToken,SyntaxKind.OpenBracketToken,token = SyntaxKind.OpenBracketToken
src/compiler/scanner.ts:2266:28,a BinaryExpression with a number and a number,=,SyntaxKind,SyntaxKind.CloseBracketToken,SyntaxKind.CloseBracketToken,token = SyntaxKind.CloseBracketToken
src/compiler/scanner.ts:2272:28,a BinaryExpression with a number and a number,=,SyntaxKind,SyntaxKind.CaretToken,SyntaxKind.CaretToken,token = SyntaxKind.CaretToken
src/compiler/scanner.ts:2275:28,a BinaryExpression with a number and a number,=,SyntaxKind,SyntaxKind.OpenBraceToken,SyntaxKind.OpenBraceToken,token = SyntaxKind.OpenBraceToken
src/compiler/scanner.ts:2283:36,a BinaryExpression with a number and a number,=,SyntaxKind,SyntaxKind.ConflictMarkerTrivia,SyntaxKind.ConflictMarkerTrivia,token = SyntaxKind.ConflictMarkerTrivia
src/compiler/scanner.ts:2297:28,a BinaryExpression with a number and a number,=,SyntaxKind,SyntaxKind.BarToken,SyntaxKind.BarToken,token = SyntaxKind.BarToken
src/compiler/scanner.ts:2300:28,a BinaryExpression with a number and a number,=,SyntaxKind,SyntaxKind.CloseBraceToken,SyntaxKind.CloseBraceToken,token = SyntaxKind.CloseBraceToken
src/compiler/scanner.ts:2303:28,a BinaryExpression with a number and a number,=,SyntaxKind,SyntaxKind.TildeToken,SyntaxKind.TildeToken,token = SyntaxKind.TildeToken
src/compiler/scanner.ts:2306:28,a BinaryExpression with a number and a number,=,SyntaxKind,SyntaxKind.AtToken,SyntaxKind.AtToken,token = SyntaxKind.AtToken
src/compiler/scanner.ts:2415:15,a BinaryExpression with a number and a number,=,number,number,number,tokenStart = fullStartPos
src/compiler/scanner.ts:2420:20,a BinaryExpression with a number and a number,=,SyntaxKind,SyntaxKind.Identifier | KeywordSyntaxKind,SyntaxKind.Identifier | KeywordSyntaxKind,token = identifierKind
src/compiler/scanner.ts:2430:50,a BinaryExpression with a number and a number,=,number,number,number,ch = codePointUnchecked(pos)
src/compiler/scanner.ts:2453:24,a BinaryExpression with a number and a number,=,SyntaxKind,SyntaxKind.GreaterThanGreaterThanToken,SyntaxKind.GreaterThanGreaterThanToken,token = SyntaxKind.GreaterThanGreaterThanToken
src/compiler/scanner.ts:2457:24,a BinaryExpression with a number and a number,=,SyntaxKind,SyntaxKind.GreaterThanEqualsToken,SyntaxKind.GreaterThanEqualsToken,token = SyntaxKind.GreaterThanEqualsToken
src/compiler/scanner.ts:2466:16,a BinaryExpression with a number and a number,=,SyntaxKind,SyntaxKind.EqualsToken,SyntaxKind.EqualsToken,token = SyntaxKind.EqualsToken
src/compiler/scanner.ts:3662:16,a BinaryExpression with a number and a number,=,SyntaxKind,SyntaxKind,SyntaxKind,token = scanTemplateAndSetTokenValue(!isTaggedTemplate)
src/compiler/scanner.ts:3667:16,a BinaryExpression with a number and a number,=,SyntaxKind,SyntaxKind,SyntaxKind,token = scanTemplateAndSetTokenValue(/*shouldEmitInvalidEscapeError*/ true)
src/compiler/scanner.ts:3671:15,a BinaryExpression with a number and a number,=,number,number,number,tokenStart = fullStartPos
src/compiler/scanner.ts:3672:16,a BinaryExpression with a number and a number,=,SyntaxKind,JsxTokenSyntaxKind,JsxTokenSyntaxKind,token = scanJsxToken(allowMultilineJsxText)
src/compiler/scanner.ts:3678:20,a BinaryExpression with a number and a number,=,SyntaxKind,SyntaxKind.LessThanToken,SyntaxKind.LessThanToken,token = SyntaxKind.LessThanToken
src/compiler/scanner.ts:3686:20,a BinaryExpression with a number and a number,=,SyntaxKind,SyntaxKind.HashToken,SyntaxKind.HashToken,token = SyntaxKind.HashToken
src/compiler/scanner.ts:3694:16,a BinaryExpression with a number and a number,=,SyntaxKind,SyntaxKind.QuestionToken,SyntaxKind.QuestionToken,token = SyntaxKind.QuestionToken
src/compiler/scanner.ts:3698:24,a BinaryExpression with a number and a number,=,number,number,number,tokenStart = pos
src/compiler/scanner.ts:3701:20,a BinaryExpression with a number and a number,=,SyntaxKind,SyntaxKind.EndOfFileToken,SyntaxKind.EndOfFileToken,token = SyntaxKind.EndOfFileToken
src/compiler/scanner.ts:3708:24,a BinaryExpression with a number and a number,=,SyntaxKind,SyntaxKind.LessThanSlashToken,SyntaxKind.LessThanSlashToken,token = SyntaxKind.LessThanSlashToken
src/compiler/scanner.ts:3711:20,a BinaryExpression with a number and a number,=,SyntaxKind,SyntaxKind.LessThanToken,SyntaxKind.LessThanToken,token = SyntaxKind.LessThanToken
src/compiler/scanner.ts:3716:20,a BinaryExpression with a number and a number,=,SyntaxKind,SyntaxKind.OpenBraceToken,SyntaxKind.OpenBraceToken,token = SyntaxKind.OpenBraceToken
src/compiler/scanner.ts:3733:28,a BinaryExpression with a number and a number,=,SyntaxKind,SyntaxKind.ConflictMarkerTrivia,SyntaxKind.ConflictMarkerTrivia,token = SyntaxKind.ConflictMarkerTrivia
src/compiler/scanner.ts:3803:24,a BinaryExpression with a number and a number,=,SyntaxKind,SyntaxKind.StringLiteral,SyntaxKind.StringLiteral,token = SyntaxKind.StringLiteral
src/compiler/scanner.ts:3811:15,a BinaryExpression with a number and a number,=,number,number,number,tokenStart = fullStartPos
src/compiler/scanner.ts:3816:24,a BinaryExpression with a number and a number,=,number,number,number,tokenStart = pos
src/compiler/scanner.ts:3819:20,a BinaryExpression with a number and a number,=,SyntaxKind,SyntaxKind.EndOfFileToken,SyntaxKind.EndOfFileToken,token = SyntaxKind.EndOfFileToken
src/compiler/scanner.ts:3840:16,a BinaryExpression with a number and a number,=,SyntaxKind,SyntaxKind.JSDocCommentTextToken,SyntaxKind.JSDocCommentTextToken,token = SyntaxKind.JSDocCommentTextToken
src/compiler/scanner.ts:3844:24,a BinaryExpression with a number and a number,=,number,number,number,tokenStart = pos
src/compiler/scanner.ts:3847:20,a BinaryExpression with a number and a number,=,SyntaxKind,SyntaxKind.EndOfFileToken,SyntaxKind.EndOfFileToken,token = SyntaxKind.EndOfFileToken
src/compiler/scanner.ts:3860:24,a BinaryExpression with a number and a number,=,SyntaxKind,SyntaxKind.WhitespaceTrivia,SyntaxKind.WhitespaceTrivia,token = SyntaxKind.WhitespaceTrivia
src/compiler/scanner.ts:3862:24,a BinaryExpression with a number and a number,=,SyntaxKind,SyntaxKind.AtToken,SyntaxKind.AtToken,token = SyntaxKind.AtToken
src/compiler/scanner.ts:3870:24,a BinaryExpression with a number and a number,=,SyntaxKind,SyntaxKind.NewLineTrivia,SyntaxKind.NewLineTrivia,token = SyntaxKind.NewLineTrivia
src/compiler/scanner.ts:3872:24,a BinaryExpression with a number and a number,=,SyntaxKind,SyntaxKind.AsteriskToken,SyntaxKind.AsteriskToken,token = SyntaxKind.AsteriskToken
src/compiler/scanner.ts:3874:24,a BinaryExpression with a number and a number,=,SyntaxKind,SyntaxKind.OpenBraceToken,SyntaxKind.OpenBraceToken,token = SyntaxKind.OpenBraceToken
src/compiler/scanner.ts:3876:24,a BinaryExpression with a number and a number,=,SyntaxKind,SyntaxKind.CloseBraceToken,SyntaxKind.CloseBraceToken,token = SyntaxKind.CloseBraceToken
src/compiler/scanner.ts:3878:24,a BinaryExpression with a number and a number,=,SyntaxKind,SyntaxKind.OpenBracketToken,SyntaxKind.OpenBracketToken,token = SyntaxKind.OpenBracketToken
src/compiler/scanner.ts:3880:24,a BinaryExpression with a number and a number,=,SyntaxKind,SyntaxKind.CloseBracketToken,SyntaxKind.CloseBracketToken,token = SyntaxKind.CloseBracketToken
src/compiler/scanner.ts:3882:24,a BinaryExpression with a number and a number,=,SyntaxKind,SyntaxKind.OpenParenToken,SyntaxKind.OpenParenToken,token = SyntaxKind.OpenParenToken
src/compiler/scanner.ts:3884:24,a BinaryExpression with a number and a number,=,SyntaxKind,SyntaxKind.CloseParenToken,SyntaxKind.CloseParenToken,token = SyntaxKind.CloseParenToken
src/compiler/scanner.ts:3886:24,a BinaryExpression with a number and a number,=,SyntaxKind,SyntaxKind.LessThanToken,SyntaxKind.LessThanToken,token = SyntaxKind.LessThanToken
src/compiler/scanner.ts:3888:24,a BinaryExpression with a number and a number,=,SyntaxKind,SyntaxKind.GreaterThanToken,SyntaxKind.GreaterThanToken,token = SyntaxKind.GreaterThanToken
src/compiler/scanner.ts:3890:24,a BinaryExpression with a number and a number,=,SyntaxKind,SyntaxKind.EqualsToken,SyntaxKind.EqualsToken,token = SyntaxKind.EqualsToken
src/compiler/scanner.ts:3892:24,a BinaryExpression with a number and a number,=,SyntaxKind,SyntaxKind.CommaToken,SyntaxKind.CommaToken,token = SyntaxKind.CommaToken
src/compiler/scanner.ts:3894:24,a BinaryExpression with a number and a number,=,SyntaxKind,SyntaxKind.DotToken,SyntaxKind.DotToken,token = SyntaxKind.DotToken
src/compiler/scanner.ts:3896:24,a BinaryExpression with a number and a number,=,SyntaxKind,SyntaxKind.BacktickToken,SyntaxKind.BacktickToken,token = SyntaxKind.BacktickToken
src/compiler/scanner.ts:3898:24,a BinaryExpression with a number and a number,=,SyntaxKind,SyntaxKind.HashToken,SyntaxKind.HashToken,token = SyntaxKind.HashToken
src/compiler/scanner.ts:3920:50,a BinaryExpression with a number and a number,=,number,number,number,char = codePointUnchecked(pos)
src/compiler/scanner.ts:3925:20,a BinaryExpression with a number and a number,=,SyntaxKind,SyntaxKind.Identifier | KeywordSyntaxKind,SyntaxKind.Identifier | KeywordSyntaxKind,token = getIdentifierToken()
src/compiler/scanner.ts:3928:20,a BinaryExpression with a number and a number,=,SyntaxKind,SyntaxKind.Unknown,SyntaxKind.Unknown,token = SyntaxKind.Unknown
src/compiler/scanner.ts:504:35,a BinaryExpression with a value and a value,=,readonly number[],number[],number[],sourceFile.lineMap = computeLineStarts(sourceFile.text)
src/compiler/scanner.ts:994:31,a BinaryExpression with a number and a number,=,number,number,number,"ch = codePointAt(name, i)"
src/compiler/semver.ts:103:16,a BinaryExpression with a number and a number,||,Comparison,Comparison,Comparison,"compareValues(this.major, other.major)
            || compareValues(this.minor, other.minor)"
src/compiler/sourcemap.ts:760:57,a BinaryExpression with a value and a value,=,SourceMappedPosition[] | undefined,never[],never[],list = []
src/compiler/sys.ts:1063:13,a BinaryExpression with a value and a boolean,&&,WatchOptions | undefined,boolean,boolean | undefined,options && options.watchFile !== undefined
src/compiler/sys.ts:112:12,a BinaryExpression with a value and a value,||,Date | undefined,Date,Date,host.getModifiedTime(fileName) || missingFileModifiedTime
src/compiler/sys.ts:1171:13,a BinaryExpression with a value and a boolean,&&,WatchOptions | undefined,boolean,boolean | undefined,options && options.watchDirectory !== undefined
src/compiler/sys.ts:1345:42,a BinaryExpression with a value and a value,||,Date | undefined,Date,Date,getModifiedTime(fileOrDirectory) || missingFileModifiedTime
src/compiler/sys.ts:1362:28,a BinaryExpression with a value and a value,||,Date | undefined,Date,Date,getModifiedTime(fileOrDirectory) || missingFileModifiedTime
src/compiler/sys.ts:139:24,a BinaryExpression with a value and a value,||,{ 250: number; 500: number; 2000: number; } | undefined,{ 250: number; 500: number; 2000: number; },{ 250: number; 500: number; 2000: number; },"getCustomPollingBasedLevels(""TSC_WATCH_POLLINGCHUNKSIZE"", defaultChunkLevels) || pollingChunkSize"
src/compiler/sys.ts:140:31,a BinaryExpression with a value and a value,||,{ 250: number; 500: number; 2000: number; } | undefined,{ 2000: number; 250: number; 500: number; },{ 250: number; 500: number; 2000: number; },"getCustomPollingBasedLevels(""TSC_WATCH_UNCHANGEDPOLLTHRESHOLDS"", defaultChunkLevels) || unchangedPollThresholds"
src/compiler/sys.ts:156:35,a BinaryExpression with a value and a value,=,Partial<Levels> | undefined,{},{},customLevels = {}
src/compiler/sys.ts:178:17,a BinaryExpression with a boolean and a value,||,boolean,Partial<Levels> | undefined,true | Partial<Levels> | undefined,pollingIntervalChanged || customLevels
src/compiler/sys.ts:195:39,a BinaryExpression with a number and a number,&&,number,number,number,chunkSize && canVisit
src/compiler/sys.ts:1972:5,a BinaryExpression with a value and a value,&&,System,(name: string) => string,(name: string) => string,sys && sys.getEnvironmentVariable
src/compiler/sys.ts:674:31,a BinaryExpression with a value and a value,&&,DirectoryWatcherCallback | undefined,{ dirName: string; callback: DirectoryWatcherCallback; },{ dirName: string; callback: DirectoryWatcherCallback; } | undefined,"callback && { dirName, callback }"
src/compiler/sys.ts:747:13,a BinaryExpression with a value and a boolean,&&,HostDirectoryWatcher | undefined,boolean,boolean | undefined,"parentWatcher && fileSystemEntryExists(dirName, FileSystemEntryKind.Directory)"
src/compiler/sys.ts:875:34,a BinaryExpression with a value and a value,=,ChildDirectoryWatcher[] | undefined,never[],never[],newChildWatches = []
src/compiler/sys.ts:935:13,a BinaryExpression with a value and a value,||,string[] | undefined,string[] | undefined,string[] | undefined,options?.excludeDirectories || options?.excludeFiles
src/compiler/transformer.ts:387:16,a BinaryExpression with a value and a boolean,&&,Node,boolean,boolean,node && isSubstitutionEnabled(node)
src/compiler/transformer.ts:623:46,a BinaryExpression with a value and a value,=,Identifier[],never[],never[],blockScopedVariableDeclarations = []
src/compiler/transformers/classFields.ts:1162:13,a BinaryExpression with a boolean and a value,&&,boolean,ClassElement | undefined,false | ClassElement | undefined,"shouldTransformSuperInStaticInitializers &&
            currentClassElement"
src/compiler/transformers/classFields.ts:1190:13,a BinaryExpression with a boolean and a value,&&,boolean,ClassElement | undefined,false | ClassElement | undefined,"shouldTransformSuperInStaticInitializers &&
            currentClassElement"
src/compiler/transformers/classFields.ts:1340:13,a BinaryExpression with a boolean and a value,&&,boolean,PrivateIdentifierAccessorInfo | PrivateIdentifierInstanceFieldInfo | PrivateIdentifierMethodInfo | PrivateIdentifierStaticFieldInfo | undefined,false | PrivateIdentifierAccessorInfo | PrivateIdentifierInstanceFieldInfo | PrivateIdentifierMethodInfo | PrivateIdentifierStaticFieldInfo | undefined,"isPrivateIdentifierPropertyAccessExpression(node.expression) &&
            accessPrivateIdentifier(node.expression.name)"
src/compiler/transformers/classFields.ts:1365:13,a BinaryExpression with a boolean and a value,&&,boolean,ClassElement | undefined,false | ClassElement | undefined,"shouldTransformSuperInStaticInitializers &&
            currentClassElement"
src/compiler/transformers/classFields.ts:1390:13,a BinaryExpression with a boolean and a value,&&,boolean,PrivateIdentifierAccessorInfo | PrivateIdentifierInstanceFieldInfo | PrivateIdentifierMethodInfo | PrivateIdentifierStaticFieldInfo | undefined,false | PrivateIdentifierAccessorInfo | PrivateIdentifierInstanceFieldInfo | PrivateIdentifierMethodInfo | PrivateIdentifierStaticFieldInfo | undefined,"isPrivateIdentifierPropertyAccessExpression(node.tag) &&
            accessPrivateIdentifier(node.tag.name)"
src/compiler/transformers/classFields.ts:1407:13,a BinaryExpression with a boolean and a value,&&,boolean,ClassElement | undefined,false | ClassElement | undefined,"shouldTransformSuperInStaticInitializers &&
            currentClassElement"
src/compiler/transformers/classFields.ts:1664:24,a BinaryExpression with a value and a value,||,Expression | undefined,Expression,Expression,initializeExpression || readExpression
src/compiler/transformers/classFields.ts:1875:17,a BinaryExpression with a boolean and a value,&&,boolean,Identifier | undefined,false | Identifier | undefined,shouldTransformPrivateElementsOrClassStaticBlocks && node.emitNode?.classThis
src/compiler/transformers/classFields.ts:1980:17,a BinaryExpression with a boolean and a value,&&,boolean,Identifier | undefined,false | Identifier | undefined,shouldTransformPrivateElementsOrClassStaticBlocks && node.emitNode?.classThis
src/compiler/transformers/classFields.ts:2087:13,a BinaryExpression with a boolean and a value,&&,boolean,ClassElement | undefined,false | ClassElement | undefined,shouldTransformThisInStaticInitializers && currentClassElement
src/compiler/transformers/classFields.ts:2181:13,a BinaryExpression with a value and a value,||,ConstructorDeclaration | undefined,ClassStaticBlockDeclaration | undefined,ClassStaticBlockDeclaration | ConstructorDeclaration | undefined,syntheticConstructor || syntheticStaticBlock
src/compiler/transformers/classFields.ts:2522:13,a BinaryExpression with a value and a boolean,&&,AssignmentExpression<EqualsToken> | CallExpression | undefined,boolean,boolean | undefined,transformed && hasStaticModifier(property)
src/compiler/transformers/classFields.ts:3018:13,a BinaryExpression with a boolean and a value,&&,boolean,ClassElement | undefined,false | ClassElement | undefined,"shouldTransformSuperInStaticInitializers &&
            currentClassElement"
src/compiler/transformers/classFields.ts:3290:16,a BinaryExpression with a value and a value,||,Expression | undefined,Identifier,Expression,trySubstituteClassAlias(node) || node
src/compiler/transformers/classFields.ts:987:13,a BinaryExpression with a boolean and a value,&&,boolean,ClassLexicalEnvironment | undefined,false | ClassLexicalEnvironment | undefined,shouldTransformInitializersUsingSet && !isStatic(node) && lexicalEnvironment?.data
src/compiler/transformers/declarations.ts:1879:9,a BinaryExpression with a number and a boolean,&&,number,boolean,0 | boolean,flags & ModifierFlags.Default && !(flags & ModifierFlags.Export)
src/compiler/transformers/declarations.ts:1884:9,a BinaryExpression with a number and a number,&&,number,number,number,flags & ModifierFlags.Default && flags & ModifierFlags.Ambient
src/compiler/transformers/declarations.ts:376:13,a BinaryExpression with a value and a value,||,DeclarationName | undefined,Declaration | undefined,ArrayBindingPattern | BigIntLiteral | ComputedPropertyName | Declaration | JsxNamespacedName | ObjectBindingPattern | PrivateIdentifier | undefined,errorNameNode || errorFallbackNode
src/compiler/transformers/declarations.ts:388:13,a BinaryExpression with a value and a value,&&,Declaration | undefined,DeclarationName | undefined,DeclarationName | undefined,errorFallbackNode && getNameOfDeclaration(errorFallbackNode)
src/compiler/transformers/declarations.ts:394:13,a BinaryExpression with a value and a value,||,DeclarationName | undefined,Declaration | undefined,ArrayBindingPattern | BigIntLiteral | ComputedPropertyName | Declaration | JsxNamespacedName | ObjectBindingPattern | PrivateIdentifier | undefined,errorNameNode || errorFallbackNode
src/compiler/transformers/declarations.ts:400:13,a BinaryExpression with a value and a value,||,DeclarationName | undefined,Declaration | undefined,ArrayBindingPattern | BigIntLiteral | ComputedPropertyName | Declaration | JsxNamespacedName | ObjectBindingPattern | PrivateIdentifier | undefined,errorNameNode || errorFallbackNode
src/compiler/transformers/declarations.ts:406:13,a BinaryExpression with a value and a value,||,DeclarationName | undefined,Declaration | undefined,ArrayBindingPattern | BigIntLiteral | ComputedPropertyName | Declaration | JsxNamespacedName | ObjectBindingPattern | PrivateIdentifier | undefined,errorNameNode || errorFallbackNode
src/compiler/transformers/declarations.ts:412:13,a BinaryExpression with a value and a value,||,DeclarationName | undefined,Declaration | undefined,ArrayBindingPattern | BigIntLiteral | ComputedPropertyName | Declaration | JsxNamespacedName | ObjectBindingPattern | PrivateIdentifier | undefined,errorNameNode || errorFallbackNode
src/compiler/transformers/declarations.ts:423:13,a BinaryExpression with a value and a value,||,DeclarationName | undefined,Declaration | undefined,ArrayBindingPattern | BigIntLiteral | ComputedPropertyName | Declaration | JsxNamespacedName | ObjectBindingPattern | PrivateIdentifier | undefined,errorNameNode || errorFallbackNode
src/compiler/transformers/declarations.ts:442:13,a BinaryExpression with a value and a value,||,DeclarationName | undefined,Declaration | undefined,ArrayBindingPattern | BigIntLiteral | ComputedPropertyName | Declaration | JsxNamespacedName | ObjectBindingPattern | PrivateIdentifier | undefined,errorNameNode || errorFallbackNode
src/compiler/transformers/declarations.ts:449:50,a BinaryExpression with a value and a boolean,&&,Node | undefined,boolean,boolean | undefined,s.errorNode && canProduceDiagnostics(s.errorNode)
src/compiler/transformers/declarations.ts:687:13,a BinaryExpression with a boolean and a value,&&,boolean,TypeNode | undefined,false | TypeNode | undefined,"!isExportAssignment(node)
            && !isBindingElement(node)
            && node.type"
src/compiler/transformers/declarations.ts:884:39,a BinaryExpression with a value and a value,&&,ImportClause,Identifier | undefined,Identifier | undefined,decl.importClause && decl.importClause.name
src/compiler/transformers/declarations.ts:950:16,a BinaryExpression with a value and a boolean,&&,ImportAttributes | undefined,boolean,boolean | undefined,node && mode !== undefined
src/compiler/transformers/declarations/diagnostics.ts:418:24,a BinaryExpression with a value and a value,||,DeclarationName | undefined,CallSignatureDeclaration | ConstructSignatureDeclaration | FunctionDeclaration | IndexSignatureDeclaration | MethodDeclaration | MethodSignature,CallSignatureDeclaration | ConstructSignatureDeclaration | FunctionDeclaration | IndexSignatureDeclaration | MethodDeclaration | MethodSignature | DeclarationName,(node as NamedDeclaration).name || node
src/compiler/transformers/destructuring.ts:113:28,a BinaryExpression with a value and a value,=,VariableDeclaration | DestructuringAssignment,DestructuringAssignment,DestructuringAssignment,node = value
src/compiler/transformers/destructuring.ts:220:9,a BinaryExpression with a value and a boolean,&&,BigIntLiteral | ComputedPropertyName | Identifier | NoSubstitutionTemplateLiteral | NumericLiteral | StringLiteral | undefined,boolean,boolean | undefined,propertyName && isComputedPropertyName(propertyName)
src/compiler/transformers/destructuring.ts:272:13,a BinaryExpression with a value and a boolean,&&,Expression | undefined,boolean,boolean | undefined,"initializer && (isIdentifier(initializer) && bindingOrAssignmentElementAssignsToName(node, initializer.escapedText) ||
                bindingOrAssignmentElementContainsNonLiteralComputedName(node))"
src/compiler/transformers/destructuring.ts:526:9,a BinaryExpression with a value and a boolean,&&,BigIntLiteral | ComputedPropertyName | Identifier | NoSubstitutionTemplateLiteral | NumericLiteral | StringLiteral | undefined,boolean,boolean | undefined,propertyName && !isPropertyNameLiteral(propertyName)
src/compiler/transformers/destructuring.ts:528:9,a BinaryExpression with a value and a boolean,&&,Expression | undefined,boolean,boolean | undefined,initializer && !isSimpleInlineableExpression(initializer)
src/compiler/transformers/es2015.ts:1683:13,a BinaryExpression with a number and a number,||,number,number,number,"original.transformFlags & TransformFlags.ContainsLexicalThis ||
            hierarchyFacts & HierarchyFacts.LexicalThis"
src/compiler/transformers/es2015.ts:2030:19,a BinaryExpression with a value and a value,&&,ParameterDeclaration | undefined,DotDotDotToken | undefined,DotDotDotToken | undefined,node && node.dotDotDotToken
src/compiler/transformers/es2015.ts:2152:13,a BinaryExpression with a number and a boolean,&&,number,boolean,0 | boolean,hierarchyFacts & HierarchyFacts.CapturedLexicalThis && node.kind !== SyntaxKind.ArrowFunction
src/compiler/transformers/es2015.ts:2417:13,a BinaryExpression with a number and a boolean,&&,number,boolean,0 | boolean,node.transformFlags & TransformFlags.ContainsLexicalThis && !(hierarchyFacts & HierarchyFacts.StaticInitializer)
src/compiler/transformers/es2015.ts:2515:31,a BinaryExpression with a value and a boolean,&&,Node | undefined,boolean,boolean | undefined,container && isClassLike(container)
src/compiler/transformers/es2015.ts:2520:13,a BinaryExpression with a number and a boolean,&&,number,boolean,0 | boolean,hierarchyFacts & HierarchyFacts.NewTarget && !name
src/compiler/transformers/es2015.ts:2736:13,a BinaryExpression with a value and a boolean,&&,ConvertedLoopState | undefined,boolean,boolean | undefined,convertedLoopState && (node.declarationList.flags & NodeFlags.BlockScoped) === 0
src/compiler/transformers/es2015.ts:2944:13,a BinaryExpression with a value and a boolean,&&,ConvertedLoopState | undefined,boolean,boolean | undefined,convertedLoopState && !convertedLoopState.labels
src/compiler/transformers/es2015.ts:2947:65,a BinaryExpression with a value and a value,&&,ConvertedLoopState | undefined,(node: LabeledStatement) => void,((node: LabeledStatement) => void) | undefined,convertedLoopState && recordLabel
src/compiler/transformers/es2015.ts:3505:40,a BinaryExpression with a value and a boolean,&&,Expression | undefined,boolean,boolean | undefined,node.condition && shouldConvertPartOfIterationStatement(node.condition)
src/compiler/transformers/es2015.ts:3611:48,a BinaryExpression with a value and a value,=,VariableDeclaration[] | undefined,never[],never[],extraVariableDeclarations = []
src/compiler/transformers/es2015.ts:3633:48,a BinaryExpression with a value and a value,=,VariableDeclaration[] | undefined,never[],never[],extraVariableDeclarations = []
src/compiler/transformers/es2015.ts:3998:17,a BinaryExpression with a value and a value,||,"Map<string, string> | undefined","Map<string, string> | undefined","Map<string, string> | undefined",state.labeledNonLocalBreaks || state.labeledNonLocalContinues
src/compiler/transformers/es2015.ts:4526:13,a BinaryExpression with a number and a boolean,||,number,boolean,number | boolean,"node.transformFlags & TransformFlags.ContainsRestOrSpread ||
            node.expression.kind === SyntaxKind.SuperKeyword"
src/compiler/transformers/es2015.ts:4856:13,a BinaryExpression with a number and a boolean,&&,number,boolean,0 | boolean,enabledSubstitutions & ES2015SubstitutionFlags.CapturedThis && isFunctionLike(node)
src/compiler/transformers/es2015.ts:4926:13,a BinaryExpression with a number and a boolean,&&,number,boolean,0 | boolean,enabledSubstitutions & ES2015SubstitutionFlags.BlockScopedBindings && !isInternalName(node)
src/compiler/transformers/es2015.ts:4978:13,a BinaryExpression with a number and a boolean,&&,number,boolean,0 | boolean,enabledSubstitutions & ES2015SubstitutionFlags.BlockScopedBindings && !isInternalName(node)
src/compiler/transformers/es2015.ts:5019:13,a BinaryExpression with a number and a number,&&,number,number,number,"enabledSubstitutions & ES2015SubstitutionFlags.CapturedThis
            && hierarchyFacts & HierarchyFacts.CapturesThis"
src/compiler/transformers/es2015.ts:578:16,a BinaryExpression with a number and a boolean,&&,number,boolean,0 | boolean,"node.transformFlags & TransformFlags.ContainsHoistedDeclarationOrCompletion
            && (isReturnStatement(node)
                || isIfStatement(node)
                || isWithStatement(node)
                || isSwitchStatement(node)
                || isCaseBlock(node)
                || isCaseClause(node)
                || isDefaultClause(node)
                || isTryStatement(node)
                || isCatchClause(node)
                || isLabeledStatement(node)
                || isIterationStatement(node, /*lookInLabeledStatements*/ false)
                || isBlock(node))"
src/compiler/transformers/es2015.ts:856:13,a BinaryExpression with a number and a boolean,&&,number,boolean,0 | boolean,hierarchyFacts & HierarchyFacts.ArrowFunction && !(hierarchyFacts & HierarchyFacts.StaticInitializer)
src/compiler/transformers/es2015.ts:899:44,a BinaryExpression with a value and a value,&&,Identifier | undefined,"Map<string, boolean> | undefined","Map<string, boolean> | undefined",node.label && convertedLoopState.labels
src/compiler/transformers/es2017.ts:258:21,a BinaryExpression with a value and a boolean,&&,Set<__String>,boolean,boolean,capturedSuperProperties && isPropertyAccessExpression(node)
src/compiler/transformers/es2017.ts:264:21,a BinaryExpression with a value and a boolean,&&,Set<__String>,boolean,boolean,capturedSuperProperties && (node as ElementAccessExpression).expression.kind === SyntaxKind.SuperKeyword
src/compiler/transformers/es2017.ts:884:26,a BinaryExpression with a value and a value,&&,TypeNode | undefined,EntityNameOrEntityNameExpression | undefined,EntityNameOrEntityNameExpression | undefined,type && getEntityNameFromTypeNode(type)
src/compiler/transformers/es2017.ts:929:13,a BinaryExpression with a number and a boolean,&&,number,boolean,0 | boolean,enabledSubstitutions & ES2017SubstitutionFlags.AsyncMethodsWithSuper && isSuperContainer(node)
src/compiler/transformers/es2018.ts:1363:13,a BinaryExpression with a number and a boolean,&&,number,boolean,0 | boolean,enabledSubstitutions & ESNextSubstitutionFlags.AsyncMethodsWithSuper && isSuperContainer(node)
src/compiler/transformers/es2018.ts:373:21,a BinaryExpression with a value and a boolean,&&,Set<__String>,boolean,boolean,capturedSuperProperties && isPropertyAccessExpression(node)
src/compiler/transformers/es2018.ts:378:21,a BinaryExpression with a value and a boolean,&&,Set<__String>,boolean,boolean,capturedSuperProperties && (node as ElementAccessExpression).expression.kind === SyntaxKind.SuperKeyword
src/compiler/transformers/es2018.ts:396:13,a BinaryExpression with a number and a number,&&,number,number,number,enclosingFunctionFlags & FunctionFlags.Async && enclosingFunctionFlags & FunctionFlags.Generator
src/compiler/transformers/es2018.ts:409:13,a BinaryExpression with a number and a number,&&,number,number,number,enclosingFunctionFlags & FunctionFlags.Async && enclosingFunctionFlags & FunctionFlags.Generator
src/compiler/transformers/es2018.ts:459:13,a BinaryExpression with a number and a number,&&,number,number,number,enclosingFunctionFlags & FunctionFlags.Async && enclosingFunctionFlags & FunctionFlags.Generator
src/compiler/transformers/es2018.ts:474:17,a BinaryExpression with a boolean and a value,&&,boolean,AwaitKeyword | undefined,false | AwaitKeyword | undefined,statement.kind === SyntaxKind.ForOfStatement && (statement as ForOfStatement).awaitModifier
src/compiler/transformers/es2018.ts:534:17,a BinaryExpression with a number and a boolean,&&,number,boolean,0 | boolean,objects.length && objects[0]!.kind !== SyntaxKind.ObjectLiteralExpression
src/compiler/transformers/es2018.ts:645:13,a BinaryExpression with a value and a boolean,&&,VariableDeclaration | undefined,boolean,boolean | undefined,"node.variableDeclaration &&
            isBindingPattern(node.variableDeclaration.name)"
src/compiler/transformers/es2018.ts:732:13,a BinaryExpression with a number and a boolean,||,number,boolean,number | boolean,"node.initializer.transformFlags & TransformFlags.ContainsObjectRestOrSpread ||
            isAssignmentPattern(node.initializer) && containsObjectRestOrSpread(node.initializer)"
src/compiler/transformers/esDecorators.ts:1200:13,a BinaryExpression with a value and a value,&&,Block | undefined,ClassInfo | undefined,ClassInfo | undefined,node.body && classInfo
src/compiler/transformers/esDecorators.ts:1527:13,a BinaryExpression with a boolean and a value,&&,boolean,ClassInfo | undefined,false | ClassInfo | undefined,isStatic(node) && classInfo
src/compiler/transformers/esDecorators.ts:1635:13,a BinaryExpression with a boolean and a value,&&,boolean,Identifier | undefined,false | Identifier | undefined,isSuperProperty(node.expression) && classThis
src/compiler/transformers/esDecorators.ts:1648:13,a BinaryExpression with a boolean and a value,&&,boolean,Identifier | undefined,false | Identifier | undefined,isSuperProperty(node.tag) && classThis
src/compiler/transformers/esDecorators.ts:1661:13,a BinaryExpression with a boolean and a value,&&,boolean,Identifier | undefined,false | Identifier | undefined,isSuperProperty(node) && isIdentifier(node.name) && classThis
src/compiler/transformers/esDecorators.ts:1673:13,a BinaryExpression with a boolean and a value,&&,boolean,Identifier | undefined,false | Identifier | undefined,isSuperProperty(node) && classThis
src/compiler/transformers/esDecorators.ts:1793:17,a BinaryExpression with a boolean and a value,&&,boolean,Identifier | undefined,false | Identifier | undefined,isSuperProperty(node.left) && classThis
src/compiler/transformers/esDecorators.ts:2031:13,a BinaryExpression with a boolean and a value,&&,boolean,Identifier | undefined,false | Identifier | undefined,isSuperProperty(node) && classThis
src/compiler/transformers/esDecorators.ts:549:31,a BinaryExpression with a value and a boolean,&&,PropertyName | undefined,boolean,boolean | undefined,node.name && isIdentifier(node.name)
src/compiler/transformers/esDecorators.ts:555:13,a BinaryExpression with a value and a boolean,&&,PropertyName | undefined,boolean,boolean | undefined,node.name && isPrivateIdentifier(node.name)
src/compiler/transformers/esnext.ts:257:13,a BinaryExpression with a value and a boolean,&&,ForInitializer | undefined,boolean,boolean | undefined,node.initializer && isUsingVariableDeclarationList(node.initializer)
src/compiler/transformers/esnext.ts:500:13,a BinaryExpression with a boolean and a value,&&,boolean,Identifier | undefined,false | Identifier | undefined,!node.name && defaultExportBinding
src/compiler/transformers/generators.ts:1590:13,a BinaryExpression with a value and a boolean,&&,ForInitializer | undefined,boolean,boolean | undefined,initializer && isVariableDeclarationList(initializer)
src/compiler/transformers/generators.ts:2068:13,a BinaryExpression with a boolean and a value,&&,boolean,"Map<string, boolean>","false | Map<string, boolean>",!isGeneratedIdentifier(node) && renamedCatchVariables
src/compiler/transformers/generators.ts:2827:13,a BinaryExpression with a value and a value,&&,Statement[] | undefined,CaseClause[] | undefined,CaseClause[] | undefined,statements && clauses
src/compiler/transformers/generators.ts:2854:17,a BinaryExpression with a boolean and a value,&&,boolean,Mutable<LiteralExpression>[] | undefined,false | Mutable<LiteralExpression>[] | undefined,labelOffsets[label] === operationIndex && labelExpressions[label]
src/compiler/transformers/generators.ts:425:18,a BinaryExpression with a boolean and a value,&&,boolean,AsteriskToken | undefined,false | AsteriskToken | undefined,isFunctionLikeDeclaration(node) && node.asteriskToken
src/compiler/transformers/jsx.ts:458:16,a BinaryExpression with a number and a boolean,&&,ScriptTarget,boolean,boolean | ScriptTarget.ES3,target && target >= ScriptTarget.ES2018
src/compiler/transformers/legacyDecorators.ts:485:13,a BinaryExpression with a number and a boolean,||,number,boolean,number | boolean,"node.flags & NodeFlags.Ambient || hasSyntacticModifier(node, ModifierFlags.Ambient)"
src/compiler/transformers/legacyDecorators.ts:688:28,a BinaryExpression with a value and a value,&&,Identifier[],Identifier | undefined,Identifier | undefined,classAliases && classAliases[getOriginalNodeId(node)]
src/compiler/transformers/module/esnextAnd2015.ts:424:43,a BinaryExpression with a value and a value,&&,SourceFile | undefined,Identifier | undefined,Identifier | undefined,currentSourceFile && getExternalHelpersModuleName(currentSourceFile)
src/compiler/transformers/module/module.ts:1340:30,a BinaryExpression with a value and a boolean,&&,Expression | undefined,boolean,boolean | undefined,arg && !isSimpleInlineableExpression(arg)
src/compiler/transformers/module/module.ts:1636:13,a BinaryExpression with a value and a boolean,&&,NamedExportBindings | undefined,boolean,boolean | undefined,node.exportClause && isNamedExports(node.exportClause)
src/compiler/transformers/module/module.ts:2066:56,a BinaryExpression with a boolean and a value,||,boolean,Expression | undefined,true | Expression | undefined,!isVariableDeclaration(decl) || decl.initializer
src/compiler/transformers/module/module.ts:262:13,a BinaryExpression with a boolean and a value,&&,boolean,Node | undefined,false | Node | undefined,hasJSFileExtension(currentSourceFile.fileName) && currentSourceFile.commonJsModuleIndicator
src/compiler/transformers/module/module.ts:326:32,a BinaryExpression with a boolean and a value,&&,boolean,JsonSourceFile,false | JsonSourceFile,isJsonSourceFile(node) && node
src/compiler/transformers/module/module.ts:587:21,a BinaryExpression with a boolean and a value,&&,boolean,Identifier | undefined,false | Identifier | undefined,includeNonAmdDependencies && importAliasName
src/compiler/transformers/module/module.ts:899:13,a BinaryExpression with a boolean and a value,&&,boolean,ForInitializer | undefined,false | ForInitializer | undefined,isTopLevel && node.initializer
src/compiler/transformers/module/system.ts:206:22,a BinaryExpression with a value and a value,=,ExternalModuleInfo,ExternalModuleInfo,ExternalModuleInfo,"moduleInfoMap[id] = collectExternalModuleInfo(context, node)"
src/compiler/transformers/ts.ts:1302:27,a BinaryExpression with a number and a boolean,||,number,boolean,number | boolean,"node.flags & NodeFlags.Ambient || hasSyntacticModifier(node, ModifierFlags.Abstract)"
src/compiler/transformers/ts.ts:2621:13,a BinaryExpression with a number and a boolean,&&,number,boolean,0 | boolean,enabledSubstitutions & TypeScriptSubstitutionFlags.NamespaceExports && isTransformedModuleDeclaration(node)
src/compiler/transformers/ts.ts:2625:13,a BinaryExpression with a number and a boolean,&&,number,boolean,0 | boolean,enabledSubstitutions & TypeScriptSubstitutionFlags.NonQualifiedEnumMembers && isTransformedEnumDeclaration(node)
src/compiler/transformers/ts.ts:2684:16,a BinaryExpression with a value and a value,||,Expression | undefined,Identifier,Expression,"trySubstituteNamespaceExportedName(node)
            || node"
src/compiler/transformers/ts.ts:2690:13,a BinaryExpression with a number and a boolean,&&,number,boolean,0 | boolean,enabledSubstitutions & applicableSubstitutions && !isGeneratedIdentifier(node)
src/compiler/transformers/ts.ts:529:18,a BinaryExpression with a number and a boolean,||,number,boolean,number | boolean,"node.transformFlags & TransformFlags.ContainsTypeScript || hasSyntacticModifier(node, ModifierFlags.Export)"
src/compiler/transformers/ts.ts:630:18,a BinaryExpression with a value and a boolean,&&,ModuleDeclaration,boolean,boolean,currentNamespace && node.kind === SyntaxKind.ExportKeyword
src/compiler/transformers/typeSerializer.ts:171:16,a BinaryExpression with a value and a value,&&,SetAccessorDeclaration | undefined,TypeNode | undefined,TypeNode | undefined,accessors.setAccessor && getSetAccessorTypeAnnotationNode(accessors.setAccessor)
src/compiler/transformers/typeSerializer.ts:229:13,a BinaryExpression with a value and a boolean,&&,ClassLikeDeclaration,boolean,boolean,container && node.kind === SyntaxKind.GetAccessor
src/compiler/transformers/typeSerializer.ts:243:13,a BinaryExpression with a boolean and a value,&&,boolean,TypeNode | undefined,false | TypeNode | undefined,isFunctionLike(node) && node.type
src/compiler/transformers/utilities.ts:131:38,a BinaryExpression with a value and a value,||,ModuleExportName | undefined,ModuleExportName,ModuleExportName,e.propertyName || e.name
src/compiler/transformers/utilities.ts:157:22,a BinaryExpression with a value and a value,&&,ImportClause | undefined,NamedImportBindings | undefined,NamedImportBindings | undefined,node.importClause && node.importClause.namedBindings
src/compiler/transformers/utilities.ts:736:9,a BinaryExpression with a value and a boolean,&&,AccessorDeclaration | undefined,boolean,boolean | undefined,secondAccessor && hasDecorators(secondAccessor)
src/compiler/utilities.ts:10088:16,a BinaryExpression with a value and a boolean,&&,SourceFile | undefined,boolean,boolean | undefined,sourceFile && usesExtensionsOnImports(sourceFile)
src/compiler/utilities.ts:10141:12,a BinaryExpression with a value and a value,||,RequireOrImportCall[] | undefined,never[],RequireOrImportCall[],requires || emptyArray
src/compiler/utilities.ts:1063:14,a BinaryExpression with a value and a boolean,&&,((name: string) => boolean) | undefined,boolean,boolean | undefined,hasGlobalName && hasGlobalName(name)
src/compiler/utilities.ts:11082:9,a BinaryExpression with a value and a boolean,&&,TypeNode | undefined,boolean,boolean | undefined,node.type && node.type.kind === SyntaxKind.JSDocOptionalType
src/compiler/utilities.ts:11123:12,a BinaryExpression with a value and a value,&&,JSDocSatisfiesTag | undefined,JSDocTypeExpression,JSDocTypeExpression | undefined,tag && tag.typeExpression
src/compiler/utilities.ts:11535:17,a BinaryExpression with a boolean and a value,&&,boolean,Node | undefined,false | Node | undefined,isModuleOrEnumDeclaration(location) && lastLocation
src/compiler/utilities.ts:11542:17,a BinaryExpression with a boolean and a value,&&,boolean,SymbolTable | undefined,false | SymbolTable | undefined,canHaveLocals(location) && location.locals
src/compiler/utilities.ts:11859:55,a BinaryExpression with a value and a value,||,JSDocCallbackTag | JSDocEnumTag | JSDocTypedefTag | SignatureDeclaration | undefined,JSDoc | JSDocTypeLiteral,JSDoc | JSDocCallbackTag | JSDocEnumTag | JSDocTypeLiteral | JSDocTypedefTag | SignatureDeclaration,getEffectiveContainerForJSDocTemplateTag(location) || location.parent
src/compiler/utilities.ts:11867:13,a BinaryExpression with a boolean and a value,&&,boolean,Symbol | undefined,false | Symbol | undefined,isUse && result
src/compiler/utilities.ts:11884:17,a BinaryExpression with a value and a boolean,&&,Node | undefined,boolean,boolean | undefined,originalLocation && isInJSFile(originalLocation)
src/compiler/utilities.ts:11910:13,a BinaryExpression with a boolean and a value,&&,boolean,ConciseBody | undefined,false | ConciseBody | undefined,"isParameter(lastLocation)
            && functionLocation.body"
src/compiler/utilities.ts:11961:25,a BinaryExpression with a boolean and a value,&&,boolean,DotDotDotToken | undefined,false | DotDotDotToken | undefined,isBindingElement(node) && node.dotDotDotToken
src/compiler/utilities.ts:12292:12,a BinaryExpression with a value and a value,&&,ObjectLiteralExpression | undefined,StringLiteral | undefined,StringLiteral | undefined,"optionsObject && getPropertyArrayElementValue(optionsObject, name, value)"
src/compiler/utilities.ts:1282:24,a BinaryExpression with a value and a value,||,SourceFileLike | undefined,SourceFile,SourceFile | SourceFileLike,sourceFile || getSourceFileOfNode(node)
src/compiler/utilities.ts:1296:15,a BinaryExpression with a boolean and a value,&&,boolean,NamedExportBindings | undefined,false | NamedExportBindings | undefined,isExportDeclaration(node) && node.exportClause
src/compiler/utilities.ts:1983:9,a BinaryExpression with a value and a boolean,&&,SourceFile | undefined,boolean,boolean | undefined,"sourceFile && canUseOriginalText(node, flags)"
src/compiler/utilities.ts:1992:17,a BinaryExpression with a number and a number,||,number,number,number,flags & GetLiteralTextFlags.NeverAsciiEscape || (getEmitFlags(node) & EmitFlags.NoAsciiEscaping)
src/compiler/utilities.ts:2007:32,a BinaryExpression with a number and a number,||,number,number,number,flags & GetLiteralTextFlags.NeverAsciiEscape || (getEmitFlags(node) & EmitFlags.NoAsciiEscaping)
src/compiler/utilities.ts:2527:9,a BinaryExpression with a value and a boolean,&&,ConciseBody,boolean,boolean,node.body && node.body.kind === SyntaxKind.Block
src/compiler/utilities.ts:2654:15,a BinaryExpression with a number and a boolean,&&,number,boolean,0 | boolean,"getCombinedModifierFlags(declaration) & ModifierFlags.Readonly && !isParameterPropertyDeclaration(declaration, declaration.parent)"
src/compiler/utilities.ts:2971:9,a BinaryExpression with a value and a boolean,&&,TypeNode | undefined,boolean,boolean | undefined,node && node.kind === SyntaxKind.ArrayType
src/compiler/utilities.ts:3069:12,a BinaryExpression with a value and a boolean,&&,Node,boolean,boolean,node && node.kind === SyntaxKind.Block
src/compiler/utilities.ts:3074:12,a BinaryExpression with a value and a boolean,&&,Node,boolean,boolean,node && node.kind === SyntaxKind.MethodDeclaration
src/compiler/utilities.ts:3086:12,a BinaryExpression with a value and a boolean,&&,TypePredicate,boolean,boolean,predicate && predicate.kind === TypePredicateKind.Identifier
src/compiler/utilities.ts:3091:12,a BinaryExpression with a value and a boolean,&&,TypePredicate,boolean,boolean,predicate && predicate.kind === TypePredicateKind.This
src/compiler/utilities.ts:3581:13,a BinaryExpression with a value and a boolean,&&,AccessorDeclaration | undefined,boolean,boolean | undefined,secondAccessor && hasDecorators(secondAccessor)
src/compiler/utilities.ts:3825:12,a BinaryExpression with a boolean and a value,&&,boolean,NodeArray<TypeNode> | undefined,false | NodeArray<TypeNode> | undefined,"isTypeReferenceNode(node) &&
        isIdentifier(node.typeName) &&
        node.typeName.escapedText === ""Object"" &&
        node.typeArguments"
src/compiler/utilities.ts:3933:9,a BinaryExpression with a boolean and a value,&&,boolean,Expression | undefined,false | Expression | undefined,isInJSFile(node) && node.initializer
src/compiler/utilities.ts:3950:12,a BinaryExpression with a value and a value,&&,Expression | undefined,Expression | undefined,Expression | undefined,"init && getExpandoInitializer(init, isPrototypeAccess(node.name))"
src/compiler/utilities.ts:3969:9,a BinaryExpression with a value and a value,&&,Node | undefined,Node,Node | undefined,node && node.parent
src/compiler/utilities.ts:3974:9,a BinaryExpression with a value and a boolean,&&,Node | undefined,boolean,boolean | undefined,node && isCallExpression(node)
src/compiler/utilities.ts:4020:15,a BinaryExpression with a boolean and a value,&&,boolean,Expression | undefined,false | Expression | undefined,"isBinaryExpression(initializer)
        && (initializer.operatorToken.kind === SyntaxKind.BarBarToken || initializer.operatorToken.kind === SyntaxKind.QuestionQuestionToken)
        && getExpandoInitializer(initializer.right, isPrototypeAssignment)"
src/compiler/utilities.ts:4033:12,a BinaryExpression with a value and a value,&&,ArrayBindingPattern | Expression | ObjectBindingPattern | undefined,Expression | undefined,Expression | undefined,"name && getExpandoInitializer(node.right, isPrototypeAccess(name))"
src/compiler/utilities.ts:4300:12,a BinaryExpression with a boolean and a value,&&,boolean,Node,false | Node,"isInJSFile(expr) &&
        expr.parent"
src/compiler/utilities.ts:4311:11,a BinaryExpression with a number and a boolean,&&,number,boolean,0 | boolean,node.flags & NodeFlags.Ambient && !isInJSFile(node)
src/compiler/utilities.ts:4326:60,a BinaryExpression with a boolean and a value,&&,boolean,Expression | undefined,false | Expression | undefined,isVariableDeclaration(decl) && decl.initializer
src/compiler/utilities.ts:4527:12,a BinaryExpression with a boolean and a value,&&,boolean,ModuleBody | undefined,false | ModuleBody | undefined,"isModuleDeclaration(node) &&
            node.body"
src/compiler/utilities.ts:4666:12,a BinaryExpression with a value and a value,&&,Node | undefined,Node,Node | undefined,node && node.parent
src/compiler/utilities.ts:4681:12,a BinaryExpression with a value and a value,||,(JSDoc | JSDocTag)[] | undefined,never[],(JSDoc | JSDocTag)[],result || emptyArray
src/compiler/utilities.ts:4713:9,a BinaryExpression with a boolean and a value,||,boolean,Node | undefined,true | Node | undefined,"parent.kind === SyntaxKind.PropertyAssignment ||
        parent.kind === SyntaxKind.ExportAssignment ||
        parent.kind === SyntaxKind.PropertyDeclaration ||
        parent.kind === SyntaxKind.ExpressionStatement && node.kind === SyntaxKind.PropertyAccessExpression ||
        parent.kind === SyntaxKind.ReturnStatement ||
        getNestedModuleDeclaration(parent)"
src/compiler/utilities.ts:4768:9,a BinaryExpression with a boolean and a value,&&,boolean,NodeArray<JSDocTag> | undefined,false | NodeArray<JSDocTag> | undefined,isJSDoc(node.parent) && node.parent.tags
src/compiler/utilities.ts:4788:16,a BinaryExpression with a boolean and a value,&&,boolean,TypeNode | undefined,false | TypeNode | undefined,isPropertySignature(host) && host.type
src/compiler/utilities.ts:5002:12,a BinaryExpression with a value and a boolean,&&,Node,boolean,boolean,node && node.kind === kind
src/compiler/utilities.ts:5027:12,a BinaryExpression with a value and a boolean,&&,Node,boolean,boolean,node && node.kind === SyntaxKind.ParenthesizedType
src/compiler/utilities.ts:5059:12,a BinaryExpression with a value and a boolean,&&,Node,boolean,boolean,node && node.kind === SyntaxKind.DeleteExpression
src/compiler/utilities.ts:5197:9,a BinaryExpression with a value and a boolean,&&,ExpressionWithTypeArguments | undefined,boolean,boolean | undefined,baseType && isInJSFile(node)
src/compiler/utilities.ts:5210:12,a BinaryExpression with a value and a boolean,&&,HeritageClause | undefined,boolean,boolean | undefined,heritageClause && heritageClause.types.length > 0
src/compiler/utilities.ts:5230:43,a BinaryExpression with a value and a value,||,NodeArray<ExpressionWithTypeArguments> | undefined,never[],never[] | NodeArray<ExpressionWithTypeArguments>,getInterfaceBaseTypeNodes(node) || emptyArray
src/compiler/utilities.ts:6517:9,a BinaryExpression with a value and a boolean,&&,Expression | undefined,boolean,boolean | undefined,specifier && isStringLiteralLike(specifier)
src/compiler/utilities.ts:6765:9,a BinaryExpression with a value and a boolean,&&,SetAccessorDeclaration,boolean,boolean,accessor && accessor.parameters.length > 0
src/compiler/utilities.ts:6778:12,a BinaryExpression with a value and a value,&&,ParameterDeclaration | undefined,TypeNode | undefined,TypeNode | undefined,parameter && parameter.type
src/compiler/utilities.ts:6897:43,a BinaryExpression with a value and a value,&&,JSDocTypeExpression | undefined,TypeNode,TypeNode | undefined,node.typeExpression && node.typeExpression.type
src/compiler/utilities.ts:6913:9,a BinaryExpression with a value and a value,&&,JSDocReturnTag | undefined,JSDocTypeExpression | undefined,JSDocTypeExpression | undefined,node.type && node.type.typeExpression
src/compiler/utilities.ts:6935:12,a BinaryExpression with a value and a value,&&,ParameterDeclaration | undefined,TypeNode | undefined,TypeNode | undefined,parameter && getEffectiveTypeAnnotationNode(parameter)
src/compiler/utilities.ts:6973:9,a BinaryExpression with a value and a boolean,&&,readonly CommentRange[] | undefined,boolean,boolean | undefined,comments && comments.length > 0
src/compiler/utilities.ts:7260:13,a BinaryExpression with a boolean and a value,&&,boolean,Node,false | Node,!(node.modifierFlagsCache & ModifierFlags.HasComputedJSDocModifiers) && node.parent
src/compiler/utilities.ts:7446:12,a BinaryExpression with a value and a boolean,&&,ClassImplementingOrExtendingExpressionWithTypeArguments | undefined,boolean,boolean | undefined,cls && !cls.isImplements
src/compiler/utilities.ts:7462:17,a BinaryExpression with a value and a boolean,&&,Node | undefined,boolean,boolean | undefined,host && isClassLike(host)
src/compiler/utilities.ts:7618:12,a BinaryExpression with a value and a boolean,&&,Symbol,boolean,boolean,symbol && length(symbol.declarations) > 0
src/compiler/utilities.ts:7692:21,a BinaryExpression with a number and a number,=,number,64,64,byte4 = 64
src/compiler/utilities.ts:7742:9,a BinaryExpression with a value and a value,&&,{ base64encode?(input: string): string; } | undefined,((input: string) => string) | undefined,((input: string) => string) | undefined,host && host.base64encode
src/compiler/utilities.ts:7750:9,a BinaryExpression with a value and a value,&&,{ base64decode?(input: string): string; } | undefined,((input: string) => string) | undefined,((input: string) => string) | undefined,host && host.base64decode
src/compiler/utilities.ts:7897:12,a BinaryExpression with a value and a boolean,&&,AbstractKeyword | AccessorKeyword | AsyncKeyword | ConstKeyword | DeclareKeyword | Decorator | ... 10 more ... | undefined,boolean,boolean | undefined,lastModifier && !positionIsSynthesized(lastModifier.end)
src/compiler/utilities.ts:8047:30,a BinaryExpression with a boolean and a value,&&,boolean,Declaration[] | undefined,false | Declaration[] | undefined,isWrite && s.declarations
src/compiler/utilities.ts:8598:9,a BinaryExpression with a boolean and a value,&&,boolean,(() => MapLike<string> | undefined) | undefined,false | (() => MapLike<string> | undefined) | undefined,!localizedDiagnosticMessages && getMessages
src/compiler/utilities.ts:877:20,a BinaryExpression with a value and a boolean,&&,PackageJsonInfo | undefined,boolean,boolean | undefined,scope && !scope.contents.packageJsonContent.type
src/compiler/utilities.ts:8782:12,a BinaryExpression with a number and a number,||,Comparison,Comparison,Comparison,"compareDiagnosticsSkipRelatedInformation(d1, d2) ||
        compareRelatedInformation(d1, d2)"
src/compiler/utilities.ts:8790:12,a BinaryExpression with a number and a number,||,Comparison,Comparison,Comparison,"compareStringsCaseSensitive(getDiagnosticFilePath(d1), getDiagnosticFilePath(d2)) ||
        compareValues(d1.start, d2.start)"
src/compiler/utilities.ts:8804:9,a BinaryExpression with a value and a value,&&,DiagnosticRelatedInformation[] | undefined,DiagnosticRelatedInformation[] | undefined,DiagnosticRelatedInformation[] | undefined,d1.relatedInformation && d2.relatedInformation
src/compiler/utilities.ts:8840:9,a BinaryExpression with a value and a boolean,&&,CanonicalDiagnostic | undefined,boolean,boolean | undefined,d1.canonicalHead && !d2.canonicalHead
src/compiler/utilities.ts:8843:9,a BinaryExpression with a value and a boolean,&&,CanonicalDiagnostic | undefined,boolean,boolean | undefined,d2.canonicalHead && !d1.canonicalHead
src/compiler/utilities.ts:8866:12,a BinaryExpression with a number and a number,||,Comparison,Comparison,Comparison,"compareMessageChainSize(c1, c2) || compareMessageChainContent(c1, c2)"
src/compiler/utilities.ts:9545:50,a BinaryExpression with a value and a value,||,"[string, string] | undefined",never[],"never[] | [string, string]","guessDirectorySymlink(resolvedFileName, originalPath, cwd, getCanonicalFileName) || emptyArray"
src/compiler/utilities.ts:9832:32,a BinaryExpression with a value and a value,&&,readonly string[] | undefined,RegExp[],RegExp[] | undefined,"patterns.includeFilePatterns && patterns.includeFilePatterns.map(pattern => getRegexFromPattern(pattern, useCaseSensitiveFileNames))"
src/compiler/utilities.ts:9856:17,a BinaryExpression with a value and a boolean,&&,readonly string[] | undefined,boolean,boolean | undefined,"extensions && !fileExtensionIsOneOf(name, extensions)"
src/compiler/utilities.ts:985:12,a BinaryExpression with a value and a boolean,&&,Node | undefined,boolean,boolean | undefined,node && node.kind !== SyntaxKind.SourceFile
src/compiler/utilities.ts:993:32,a BinaryExpression with a value and a value,||,Declaration | undefined,Declaration | undefined,Declaration | undefined,module.valueDeclaration || getNonAugmentationDeclaration(module)
src/compiler/utilitiesPublic.ts:1207:9,a BinaryExpression with a value and a value,&&,JSDocTypeTag | undefined,JSDocTypeExpression,JSDocTypeExpression | undefined,tag && tag.typeExpression
src/compiler/utilitiesPublic.ts:1230:12,a BinaryExpression with a value and a value,&&,JSDocParameterTag | JSDocTypeTag | undefined,JSDocTypeExpression | undefined,JSDocTypeExpression | undefined,tag && tag.typeExpression
src/compiler/utilitiesPublic.ts:1241:9,a BinaryExpression with a value and a value,&&,JSDocReturnTag | undefined,JSDocTypeExpression | undefined,JSDocTypeExpression | undefined,returnTag && returnTag.typeExpression
src/compiler/utilitiesPublic.ts:1245:9,a BinaryExpression with a value and a value,&&,JSDocTypeTag | undefined,JSDocTypeExpression,JSDocTypeExpression | undefined,typeTag && typeTag.typeExpression
src/compiler/utilitiesPublic.ts:1304:19,a BinaryExpression with a value and a boolean,&&,JSDocMemberName | EntityName | undefined,boolean,boolean | undefined,"link.name && (link.text === """" || link.text.startsWith(""://""))"
src/compiler/utilitiesPublic.ts:1335:9,a BinaryExpression with a boolean and a value,&&,boolean,undefined,false | undefined,canHaveIllegalTypeParameters(node) && node.typeParameters
src/compiler/utilitiesPublic.ts:1344:13,a BinaryExpression with a value and a boolean,&&,TypeNode | undefined,boolean,boolean | undefined,typeTag && isFunctionTypeNode(typeTag)
src/compiler/utilitiesPublic.ts:1686:12,a BinaryExpression with a value and a boolean,&&,Node,boolean,boolean,node && isFunctionLikeDeclarationKind(node.kind)
src/compiler/utilitiesPublic.ts:1745:12,a BinaryExpression with a value and a boolean,&&,Node,boolean,boolean,node && (node.kind === SyntaxKind.ClassDeclaration || node.kind === SyntaxKind.ClassExpression)
src/compiler/utilitiesPublic.ts:1749:12,a BinaryExpression with a value and a boolean,&&,Node,boolean,boolean,node && (node.kind === SyntaxKind.GetAccessor || node.kind === SyntaxKind.SetAccessor)
src/compiler/utilitiesPublic.ts:1761:12,a BinaryExpression with a value and a boolean,&&,Node,boolean,boolean,node.parent && isClassLike(node.parent)
src/compiler/utilitiesPublic.ts:2400:17,a BinaryExpression with a value and a boolean,&&,Node,boolean,boolean,node.parent && node.parent.kind !== SyntaxKind.JSDocTemplateTag
src/compiler/utilitiesPublic.ts:2639:47,a BinaryExpression with a value and a value,&&,JSDocTypeExpression | undefined,TypeNode,TypeNode | undefined,node.typeExpression && node.typeExpression.type
src/compiler/utilitiesPublic.ts:2651:9,a BinaryExpression with a value and a boolean,&&,Node | undefined,boolean,boolean | undefined,parseTreeNode && parseTreeNode.kind === SyntaxKind.Parameter
src/compiler/utilitiesPublic.ts:2666:34,a BinaryExpression with a value and a value,&&,Node | undefined,CommentRange[] | undefined,CommentRange[] | undefined,"parseTreeNode && getLeadingCommentRangesOfNode(parseTreeNode, sourceFile)"
src/compiler/utilitiesPublic.ts:386:12,a BinaryExpression with a value and a boolean,&&,TextSpan | undefined,boolean,boolean | undefined,overlap && overlap.length === 0
src/compiler/utilitiesPublic.ts:604:9,a BinaryExpression with a value and a boolean,&&,Declaration,boolean,boolean,d && d.kind === SyntaxKind.TypeParameter
src/compiler/utilitiesPublic.ts:652:9,a BinaryExpression with a value and a boolean,&&,Node,boolean,boolean,node && node.kind === SyntaxKind.VariableDeclarationList
src/compiler/utilitiesPublic.ts:656:9,a BinaryExpression with a value and a boolean,&&,Node,boolean,boolean,node && node.kind === SyntaxKind.VariableStatement
src/compiler/utilitiesPublic.ts:871:9,a BinaryExpression with a value and a boolean,&&,Declaration | undefined,boolean,boolean | undefined,symbol.valueDeclaration && isPrivateIdentifierClassElementDeclaration(symbol.valueDeclaration)
src/compiler/utilitiesPublic.ts:927:12,a BinaryExpression with a value and a boolean,&&,DeclarationName | undefined,boolean,boolean | undefined,name && isIdentifier(name)
src/compiler/utilitiesPublic.ts:942:12,a BinaryExpression with a value and a value,||,Identifier | undefined,Identifier | PrivateIdentifier | undefined,Identifier | PrivateIdentifier | undefined,declaration.name || nameForNamelessJSDocTypedef(declaration)
src/compiler/utilitiesPublic.ts:999:12,a BinaryExpression with a value and a value,||,DeclarationName | undefined,DeclarationName | undefined,DeclarationName | undefined,"getNonAssignedNameOfDeclaration(declaration) ||
        (isFunctionExpression(declaration) || isArrowFunction(declaration) || isClassExpression(declaration) ? getAssignedName(declaration) : undefined)"
src/compiler/watch.ts:126:41,a BinaryExpression with a boolean and a value,&&,boolean,FormatDiagnosticsHost | undefined,false | FormatDiagnosticsHost | undefined,system === sys && sysFormatDiagnosticsHost
src/compiler/watch.ts:148:9,a BinaryExpression with a value and a boolean,&&,(() => void) | undefined,boolean,boolean | undefined,"system.clearScreen &&
        !options.preserveWatchOutput"
src/compiler/watch.ts:797:25,a BinaryExpression with a number and a boolean,&&,number,boolean,0 | boolean,pos && text.charCodeAt(pos - 1) === CharacterCodes.carriageReturn
src/compiler/watch.ts:988:20,a BinaryExpression with a value and a value,||,System | undefined,System,System,input.system || sys
src/compiler/watchPublic.ts:1207:13,a BinaryExpression with a value and a value,||,WatchOptions | undefined,WatchOptions | undefined,WatchOptions | undefined,commandLine.parsedCommandLine?.watchOptions || watchOptions
src/compiler/watchPublic.ts:1259:13,a BinaryExpression with a value and a value,||,WatchOptions | undefined,WatchOptions | undefined,WatchOptions | undefined,commandLine.parsedCommandLine?.watchOptions || watchOptions
src/compiler/watchPublic.ts:732:36,a BinaryExpression with a value and a value,||,CompilerOptions | undefined,CompilerOptions,CompilerOptions,compilerOptions || optionsToExtendForConfigFile
src/compiler/watchUtilities.ts:281:17,a BinaryExpression with a value and a boolean,&&,FileSystemEntries | undefined,boolean,boolean | undefined,rootSymLinkResult && path === rootDirPath
