=== RUN   TestNoUnreachableLoopFires
=== PAUSE TestNoUnreachableLoopFires
=== RUN   TestNoUnreachableLoopStaysSilent
=== PAUSE TestNoUnreachableLoopStaysSilent
=== RUN   TestNoUnreachableLoopOptions
=== PAUSE TestNoUnreachableLoopOptions
=== RUN   TestNoUnreachableLoopHandlesNilOptions
=== PAUSE TestNoUnreachableLoopHandlesNilOptions
=== RUN   TestNoUnreachableLoopSpans
=== PAUSE TestNoUnreachableLoopSpans
=== RUN   TestNoUnreachableLoopMessage
=== PAUSE TestNoUnreachableLoopMessage
=== RUN   TestNoUnreachableLoopIgnoringEveryKindDisablesTheRule
=== PAUSE TestNoUnreachableLoopIgnoringEveryKindDisablesTheRule
=== RUN   TestNoUnreachableLoopJudgesEachRootSeparately
=== PAUSE TestNoUnreachableLoopJudgesEachRootSeparately
=== RUN   TestNoUnreachableLoopInNonFunctionRoots
=== PAUSE TestNoUnreachableLoopInNonFunctionRoots
=== CONT  TestNoUnreachableLoopFires
=== RUN   TestNoUnreachableLoopFires/while_(a)_break;
=== PAUSE TestNoUnreachableLoopFires/while_(a)_break;
=== CONT  TestNoUnreachableLoopMessage
=== RUN   TestNoUnreachableLoopFires/while_(a)_{_break;_}
=== PAUSE TestNoUnreachableLoopFires/while_(a)_{_break;_}
=== CONT  TestNoUnreachableLoopSpans
=== RUN   TestNoUnreachableLoopSpans/the_whole_while_statement
=== RUN   TestNoUnreachableLoopFires/function_someFunc()_{_while_(a)_return;_}
=== PAUSE TestNoUnreachableLoopSpans/the_whole_while_statement
=== PAUSE TestNoUnreachableLoopFires/function_someFunc()_{_while_(a)_return;_}
=== RUN   TestNoUnreachableLoopSpans/the_whole_do-while_statement,_whose_last_token_is_the_closing_paren
=== PAUSE TestNoUnreachableLoopSpans/the_whole_do-while_statement,_whose_last_token_is_the_closing_paren
=== RUN   TestNoUnreachableLoopSpans/a_loop_indented_inside_another,_pointing_past_the_leading_whitespace
=== PAUSE TestNoUnreachableLoopSpans/a_loop_indented_inside_another,_pointing_past_the_leading_whitespace
=== RUN   TestNoUnreachableLoopSpans/outer_before_inner,_in_source_order_rather_than_discovery_order
=== PAUSE TestNoUnreachableLoopSpans/outer_before_inner,_in_source_order_rather_than_discovery_order
=== RUN   TestNoUnreachableLoopFires/function_someFunc()_{_while_(a)_{_return;_}_}
=== PAUSE TestNoUnreachableLoopFires/function_someFunc()_{_while_(a)_{_return;_}_}
=== CONT  TestNoUnreachableLoopOptions
=== RUN   TestNoUnreachableLoopOptions/while_(a)_break;_{"ignore":["WhileStatement"]}
=== PAUSE TestNoUnreachableLoopOptions/while_(a)_break;_{"ignore":["WhileStatement"]}
=== RUN   TestNoUnreachableLoopFires/while_(a)_throw_err;
=== PAUSE TestNoUnreachableLoopFires/while_(a)_throw_err;
=== RUN   TestNoUnreachableLoopOptions/do_break;_while_(a)_{"ignore":["DoWhileStatement"]}
=== RUN   TestNoUnreachableLoopFires/while_(a)_{_throw_err;_}
=== PAUSE TestNoUnreachableLoopFires/while_(a)_{_throw_err;_}
=== PAUSE TestNoUnreachableLoopOptions/do_break;_while_(a)_{"ignore":["DoWhileStatement"]}
=== RUN   TestNoUnreachableLoopFires/while_(a)_{_foo();_break;_}
=== PAUSE TestNoUnreachableLoopFires/while_(a)_{_foo();_break;_}
=== RUN   TestNoUnreachableLoopFires/while_(a)_{_break;_foo();_}
=== PAUSE TestNoUnreachableLoopFires/while_(a)_{_break;_foo();_}
=== RUN   TestNoUnreachableLoopFires/function_someFunc()_{_while_(a)_if_(foo)_break;_else_return;_}
=== PAUSE TestNoUnreachableLoopFires/function_someFunc()_{_while_(a)_if_(foo)_break;_else_return;_}
=== RUN   TestNoUnreachableLoopFires/function_someFunc()_{_while_(a)_{_if_(foo)_{_return;_}_else_{_break;_}_bar();_}_}
=== PAUSE TestNoUnreachableLoopFires/function_someFunc()_{_while_(a)_{_if_(foo)_{_return;_}_else_{_break;_}_bar();_}_}
=== RUN   TestNoUnreachableLoopOptions/for_(a;_b;_c)_break;_{"ignore":["ForStatement"]}
=== RUN   TestNoUnreachableLoopFires/function_someFunc()_{_while_(a)_{_if_(foo)_{_return;_}_throw_err;_}_}
=== PAUSE TestNoUnreachableLoopFires/function_someFunc()_{_while_(a)_{_if_(foo)_{_return;_}_throw_err;_}_}
=== PAUSE TestNoUnreachableLoopOptions/for_(a;_b;_c)_break;_{"ignore":["ForStatement"]}
=== RUN   TestNoUnreachableLoopSpans/a_loop_inside_a_function,_reported_at_the_loop_and_not_at_the_function
=== RUN   TestNoUnreachableLoopOptions/for_(a_in_b)_break;_{"ignore":["ForInStatement"]}
=== PAUSE TestNoUnreachableLoopOptions/for_(a_in_b)_break;_{"ignore":["ForInStatement"]}
=== RUN   TestNoUnreachableLoopOptions/for_(a_of_b)_break;_{"ignore":["ForOfStatement"]}
=== CONT  TestNoUnreachableLoopStaysSilent
=== PAUSE TestNoUnreachableLoopOptions/for_(a_of_b)_break;_{"ignore":["ForOfStatement"]}
=== RUN   TestNoUnreachableLoopStaysSilent/while_(a)_;
=== RUN   TestNoUnreachableLoopOptions/for_(var_key_in_obj)_{_hasEnumerableProperties_=_true;_break;_}_for_(const_a_of_b)_break;_{"ignore":["ForInStatement","ForOfStatement"]}
=== PAUSE TestNoUnreachableLoopOptions/for_(var_key_in_obj)_{_hasEnumerableProperties_=_true;_break;_}_for_(const_a_of_b)_break;_{"ignore":["ForInStatement","ForOfStatement"]}
=== PAUSE TestNoUnreachableLoopStaysSilent/while_(a)_;
=== RUN   TestNoUnreachableLoopOptions/while_(a)_break;_{"ignore":["WhileStatement","DoWhileStatement","ForStatement","ForInStatement","ForOfStatement"]}
=== RUN   TestNoUnreachableLoopStaysSilent/while_(a)_{}
=== PAUSE TestNoUnreachableLoopOptions/while_(a)_break;_{"ignore":["WhileStatement","DoWhileStatement","ForStatement","ForInStatement","ForOfStatement"]}
=== RUN   TestNoUnreachableLoopOptions/while_(a)_break;_do_break;_while_(b);_for_(;;)_break;_for_(c_in_d)_break;_for_(e_of_f)_break;_{"ignore":[]}
=== PAUSE TestNoUnreachableLoopStaysSilent/while_(a)_{}
=== PAUSE TestNoUnreachableLoopOptions/while_(a)_break;_do_break;_while_(b);_for_(;;)_break;_for_(c_in_d)_break;_for_(e_of_f)_break;_{"ignore":[]}
=== RUN   TestNoUnreachableLoopFires/while_(a)_{_switch_(foo)_{_default:_throw_err;_}_}
=== RUN   TestNoUnreachableLoopOptions/while_(a)_break;_{"ignore":["DoWhileStatement"]}
=== PAUSE TestNoUnreachableLoopFires/while_(a)_{_switch_(foo)_{_default:_throw_err;_}_}
=== RUN   TestNoUnreachableLoopFires/function_someFunc()_{_while_(a)_{_switch_(foo)_{_case_1:_throw_err;_default:_return;_}_}_}
=== PAUSE TestNoUnreachableLoopOptions/while_(a)_break;_{"ignore":["DoWhileStatement"]}
=== PAUSE TestNoUnreachableLoopFires/function_someFunc()_{_while_(a)_{_switch_(foo)_{_case_1:_throw_err;_default:_return;_}_}_}
=== RUN   TestNoUnreachableLoopFires/function_someFunc()_{_while_(a)_{_switch_(foo)_{_case_1:_something();_default:_return;_}_}_}
=== PAUSE TestNoUnreachableLoopFires/function_someFunc()_{_while_(a)_{_switch_(foo)_{_case_1:_something();_default:_return;_}_}_}
=== RUN   TestNoUnreachableLoopOptions/do_break;_while_(a)_{"ignore":["WhileStatement"]}
=== PAUSE TestNoUnreachableLoopOptions/do_break;_while_(a)_{"ignore":["WhileStatement"]}
=== RUN   TestNoUnreachableLoopFires/function_someFunc()_{_while_(a)_{_try_{_return_bar();_}_catch_(e)_{_break;_}_}_}
=== PAUSE TestNoUnreachableLoopFires/function_someFunc()_{_while_(a)_{_try_{_return_bar();_}_catch_(e)_{_break;_}_}_}
--- PASS: TestNoUnreachableLoopMessage (0.00s)
=== RUN   TestNoUnreachableLoopFires/while_(a)_{_break;_continue;_}
=== PAUSE TestNoUnreachableLoopFires/while_(a)_{_break;_continue;_}
=== RUN   TestNoUnreachableLoopStaysSilent/while_(a)_{_bar();_}
=== RUN   TestNoUnreachableLoopFires/while_(a)_{_()_=>_a;_break;_}
=== PAUSE TestNoUnreachableLoopStaysSilent/while_(a)_{_bar();_}
=== RUN   TestNoUnreachableLoopStaysSilent/while_(a)_continue;
=== PAUSE TestNoUnreachableLoopStaysSilent/while_(a)_continue;
=== RUN   TestNoUnreachableLoopStaysSilent/while_(a)_{_continue;_}
=== PAUSE TestNoUnreachableLoopStaysSilent/while_(a)_{_continue;_}
=== RUN   TestNoUnreachableLoopStaysSilent/while_(a)_{_if_(foo)_break;_}
=== PAUSE TestNoUnreachableLoopStaysSilent/while_(a)_{_if_(foo)_break;_}
=== PAUSE TestNoUnreachableLoopFires/while_(a)_{_()_=>_a;_break;_}
=== RUN   TestNoUnreachableLoopFires/while_(a)_{_(()_=>_a)();_break;_}
=== PAUSE TestNoUnreachableLoopFires/while_(a)_{_(()_=>_a)();_break;_}
=== RUN   TestNoUnreachableLoopFires/while_(a)_{_while_(a);_break;_}
=== PAUSE TestNoUnreachableLoopFires/while_(a)_{_while_(a);_break;_}
=== RUN   TestNoUnreachableLoopFires/while_(a)_{_do_;_while_(a)_break;_}
=== PAUSE TestNoUnreachableLoopFires/while_(a)_{_do_;_while_(a)_break;_}
=== CONT  TestNoUnreachableLoopHandlesNilOptions
=== RUN   TestNoUnreachableLoopFires/while_(a)_{_for_(a;_b;_c);_break;_}
=== PAUSE TestNoUnreachableLoopFires/while_(a)_{_for_(a;_b;_c);_break;_}
=== RUN   TestNoUnreachableLoopFires/while_(a)_{_for_(;_b;);_break;_}
=== PAUSE TestNoUnreachableLoopFires/while_(a)_{_for_(;_b;);_break;_}
=== RUN   TestNoUnreachableLoopFires/while_(a)_{_for_(;_;_c)_if_(foo)_break;_break;_}
=== PAUSE TestNoUnreachableLoopFires/while_(a)_{_for_(;_;_c)_if_(foo)_break;_break;_}
=== RUN   TestNoUnreachableLoopFires/while_(a)_{_for(;;)_if_(foo)_break;_break;_}
=== RUN   TestNoUnreachableLoopOptions/for_(a_in_b)_break;_for_(c_of_d)_break;_{"ignore":["ForStatement"]}
=== PAUSE TestNoUnreachableLoopFires/while_(a)_{_for(;;)_if_(foo)_break;_break;_}
=== PAUSE TestNoUnreachableLoopOptions/for_(a_in_b)_break;_for_(c_of_d)_break;_{"ignore":["ForStatement"]}
=== RUN   TestNoUnreachableLoopOptions/for_(a_in_b)_break;_for_(;;)_break;_for_(c_of_d)_break;_{"ignore":["ForInStatement","ForOfStatement"]}
=== RUN   TestNoUnreachableLoopFires/while_(a)_{_for_(a_in_b);_break;_}
=== PAUSE TestNoUnreachableLoopOptions/for_(a_in_b)_break;_for_(;;)_break;_for_(c_of_d)_break;_{"ignore":["ForInStatement","ForOfStatement"]}
=== PAUSE TestNoUnreachableLoopFires/while_(a)_{_for_(a_in_b);_break;_}
=== CONT  TestNoUnreachableLoopJudgesEachRootSeparately
=== RUN   TestNoUnreachableLoopFires/while_(a)_{_for_(a_of_b);_break;_}
=== PAUSE TestNoUnreachableLoopFires/while_(a)_{_for_(a_of_b);_break;_}
=== RUN   TestNoUnreachableLoopFires/while_(a)_for_(;;);
=== PAUSE TestNoUnreachableLoopFires/while_(a)_for_(;;);
=== RUN   TestNoUnreachableLoopFires/while_(a)_{_for_(var_i_=_0;_;_i<_10)_{_foo();_}_}
=== PAUSE TestNoUnreachableLoopFires/while_(a)_{_for_(var_i_=_0;_;_i<_10)_{_foo();_}_}
=== RUN   TestNoUnreachableLoopStaysSilent/function_someFunc()_{_while_(a)_{_if_(foo)_{_return;_}_bar();_}_}
=== RUN   TestNoUnreachableLoopFires/while_(a)_while_(true);
=== PAUSE TestNoUnreachableLoopFires/while_(a)_while_(true);
=== PAUSE TestNoUnreachableLoopStaysSilent/function_someFunc()_{_while_(a)_{_if_(foo)_{_return;_}_bar();_}_}
=== RUN   TestNoUnreachableLoopStaysSilent/while_(a)_{_if_(foo)_{_bar();_}_else_{_break;_}_}
=== PAUSE TestNoUnreachableLoopStaysSilent/while_(a)_{_if_(foo)_{_bar();_}_else_{_break;_}_}
=== RUN   TestNoUnreachableLoopStaysSilent/function_someFunc()_{_while_(a)_{_if_(foo)_{_continue;_}_return;_}_}
=== PAUSE TestNoUnreachableLoopStaysSilent/function_someFunc()_{_while_(a)_{_if_(foo)_{_continue;_}_return;_}_}
=== RUN   TestNoUnreachableLoopStaysSilent/function_someFunc()_{_while_(a)_{_switch_(foo)_{_case_1:_return;_}_}_}
=== PAUSE TestNoUnreachableLoopStaysSilent/function_someFunc()_{_while_(a)_{_switch_(foo)_{_case_1:_return;_}_}_}
=== RUN   TestNoUnreachableLoopStaysSilent/function_someFunc()_{_while_(a)_{_switch_(foo)_{_case_1:_break;_default:_return;_}_}_}
=== PAUSE TestNoUnreachableLoopStaysSilent/function_someFunc()_{_while_(a)_{_switch_(foo)_{_case_1:_break;_default:_return;_}_}_}
--- PASS: TestNoUnreachableLoopHandlesNilOptions (0.00s)
--- PASS: TestNoUnreachableLoopJudgesEachRootSeparately (0.00s)
=== RUN   TestNoUnreachableLoopFires/while_(a_&&_b)_break;
=== PAUSE TestNoUnreachableLoopFires/while_(a_&&_b)_break;
=== RUN   TestNoUnreachableLoopFires/while_(a_&&_b)_{_break;_}
=== PAUSE TestNoUnreachableLoopFires/while_(a_&&_b)_{_break;_}
=== RUN   TestNoUnreachableLoopFires/function_someFunc()_{_while_(a_&&_b)_return;_}
=== PAUSE TestNoUnreachableLoopSpans/a_loop_inside_a_function,_reported_at_the_loop_and_not_at_the_function
=== PAUSE TestNoUnreachableLoopFires/function_someFunc()_{_while_(a_&&_b)_return;_}
=== RUN   TestNoUnreachableLoopFires/function_someFunc()_{_while_(a_&&_b)_{_return;_}_}
=== CONT  TestNoUnreachableLoopInNonFunctionRoots
=== PAUSE TestNoUnreachableLoopFires/function_someFunc()_{_while_(a_&&_b)_{_return;_}_}
=== RUN   TestNoUnreachableLoopFires/while_(a_&&_b)_throw_err;
=== CONT  TestNoUnreachableLoopIgnoringEveryKindDisablesTheRule
=== PAUSE TestNoUnreachableLoopFires/while_(a_&&_b)_throw_err;
=== RUN   TestNoUnreachableLoopFires/while_(a_&&_b)_{_throw_err;_}
=== PAUSE TestNoUnreachableLoopFires/while_(a_&&_b)_{_throw_err;_}
=== RUN   TestNoUnreachableLoopFires/while_(a_&&_b)_{_foo();_break;_}
=== PAUSE TestNoUnreachableLoopFires/while_(a_&&_b)_{_foo();_break;_}
=== RUN   TestNoUnreachableLoopFires/while_(a_&&_b)_{_break;_foo();_}
=== PAUSE TestNoUnreachableLoopFires/while_(a_&&_b)_{_break;_foo();_}
=== RUN   TestNoUnreachableLoopFires/function_someFunc()_{_while_(a_&&_b)_if_(foo)_break;_else_return;_}
=== PAUSE TestNoUnreachableLoopFires/function_someFunc()_{_while_(a_&&_b)_if_(foo)_break;_else_return;_}
=== RUN   TestNoUnreachableLoopFires/function_someFunc()_{_while_(a_&&_b)_{_if_(foo)_{_return;_}_else_{_break;_}_bar();_}_}
=== PAUSE TestNoUnreachableLoopFires/function_someFunc()_{_while_(a_&&_b)_{_if_(foo)_{_return;_}_else_{_break;_}_bar();_}_}
=== RUN   TestNoUnreachableLoopFires/function_someFunc()_{_while_(a_&&_b)_{_if_(foo)_{_return;_}_throw_err;_}_}
=== PAUSE TestNoUnreachableLoopFires/function_someFunc()_{_while_(a_&&_b)_{_if_(foo)_{_return;_}_throw_err;_}_}
--- PASS: TestNoUnreachableLoopIgnoringEveryKindDisablesTheRule (0.00s)
=== CONT  TestNoUnreachableLoopOptions/while_(a)_break;_{"ignore":["WhileStatement"]}
=== RUN   TestNoUnreachableLoopInNonFunctionRoots/a_class_static_block
=== PAUSE TestNoUnreachableLoopInNonFunctionRoots/a_class_static_block
=== CONT  TestNoUnreachableLoopOptions/for_(a_in_b)_break;_for_(;;)_break;_for_(c_of_d)_break;_{"ignore":["ForInStatement","ForOfStatement"]}
=== CONT  TestNoUnreachableLoopOptions/for_(a_in_b)_break;_for_(c_of_d)_break;_{"ignore":["ForStatement"]}
=== CONT  TestNoUnreachableLoopOptions/while_(a)_break;_{"ignore":["WhileStatement","DoWhileStatement","ForStatement","ForInStatement","ForOfStatement"]}
=== CONT  TestNoUnreachableLoopOptions/do_break;_while_(a)_{"ignore":["WhileStatement"]}
=== CONT  TestNoUnreachableLoopOptions/while_(a)_break;_{"ignore":["DoWhileStatement"]}
=== CONT  TestNoUnreachableLoopOptions/while_(a)_break;_do_break;_while_(b);_for_(;;)_break;_for_(c_in_d)_break;_for_(e_of_f)_break;_{"ignore":[]}
=== RUN   TestNoUnreachableLoopStaysSilent/function_someFunc()_{_while_(a)_{_switch_(foo)_{_case_1:_continue;_default:_return;_}_throw_err;_}_}
=== PAUSE TestNoUnreachableLoopStaysSilent/function_someFunc()_{_while_(a)_{_switch_(foo)_{_case_1:_continue;_default:_return;_}_throw_err;_}_}
=== RUN   TestNoUnreachableLoopStaysSilent/function_someFunc()_{_while_(a)_{_try_{_return_bar();_}_catch_(e)_{}_}_}
=== CONT  TestNoUnreachableLoopOptions/for_(a_in_b)_break;_{"ignore":["ForInStatement"]}
=== PAUSE TestNoUnreachableLoopStaysSilent/function_someFunc()_{_while_(a)_{_try_{_return_bar();_}_catch_(e)_{}_}_}
=== RUN   TestNoUnreachableLoopStaysSilent/while_(a)_{_continue;_break;_}
=== PAUSE TestNoUnreachableLoopStaysSilent/while_(a)_{_continue;_break;_}
=== RUN   TestNoUnreachableLoopStaysSilent/while_(a)_()_=>_a;
=== PAUSE TestNoUnreachableLoopStaysSilent/while_(a)_()_=>_a;
=== RUN   TestNoUnreachableLoopStaysSilent/while_(a)_{_()_=>_a_}
=== PAUSE TestNoUnreachableLoopStaysSilent/while_(a)_{_()_=>_a_}
=== RUN   TestNoUnreachableLoopFires/while_(a_&&_b)_{_switch_(foo)_{_default:_throw_err;_}_}
=== RUN   TestNoUnreachableLoopInNonFunctionRoots/a_property_initializer,_whose_loop_lives_in_an_arrow_inside_it
=== PAUSE TestNoUnreachableLoopFires/while_(a_&&_b)_{_switch_(foo)_{_default:_throw_err;_}_}
=== RUN   TestNoUnreachableLoopFires/function_someFunc()_{_while_(a_&&_b)_{_switch_(foo)_{_case_1:_throw_err;_default:_return;_}_}_}
=== PAUSE TestNoUnreachableLoopFires/function_someFunc()_{_while_(a_&&_b)_{_switch_(foo)_{_case_1:_throw_err;_default:_return;_}_}_}
=== PAUSE TestNoUnreachableLoopInNonFunctionRoots/a_property_initializer,_whose_loop_lives_in_an_arrow_inside_it
=== RUN   TestNoUnreachableLoopFires/function_someFunc()_{_while_(a_&&_b)_{_switch_(foo)_{_case_1:_something();_default:_return;_}_}_}
=== CONT  TestNoUnreachableLoopOptions/for_(var_key_in_obj)_{_hasEnumerableProperties_=_true;_break;_}_for_(const_a_of_b)_break;_{"ignore":["ForInStatement","ForOfStatement"]}
=== PAUSE TestNoUnreachableLoopFires/function_someFunc()_{_while_(a_&&_b)_{_switch_(foo)_{_case_1:_something();_default:_return;_}_}_}
=== CONT  TestNoUnreachableLoopOptions/for_(a_of_b)_break;_{"ignore":["ForOfStatement"]}
=== RUN   TestNoUnreachableLoopFires/function_someFunc()_{_while_(a_&&_b)_{_try_{_return_bar();_}_catch_(e)_{_break;_}_}_}
=== RUN   TestNoUnreachableLoopStaysSilent/while_(a)_(()_=>_a)();
=== PAUSE TestNoUnreachableLoopFires/function_someFunc()_{_while_(a_&&_b)_{_try_{_return_bar();_}_catch_(e)_{_break;_}_}_}
=== RUN   TestNoUnreachableLoopFires/while_(a_&&_b)_{_break;_continue;_}
=== PAUSE TestNoUnreachableLoopStaysSilent/while_(a)_(()_=>_a)();
=== PAUSE TestNoUnreachableLoopFires/while_(a_&&_b)_{_break;_continue;_}
=== CONT  TestNoUnreachableLoopSpans/the_whole_while_statement
=== RUN   TestNoUnreachableLoopFires/while_(a_&&_b)_{_()_=>_a;_break;_}
=== PAUSE TestNoUnreachableLoopFires/while_(a_&&_b)_{_()_=>_a;_break;_}
=== RUN   TestNoUnreachableLoopFires/while_(a_&&_b)_{_(()_=>_a)();_break;_}
=== PAUSE TestNoUnreachableLoopFires/while_(a_&&_b)_{_(()_=>_a)();_break;_}
=== RUN   TestNoUnreachableLoopFires/while_(a_&&_b)_{_while_(a);_break;_}
=== CONT  TestNoUnreachableLoopOptions/for_(a;_b;_c)_break;_{"ignore":["ForStatement"]}
=== PAUSE TestNoUnreachableLoopFires/while_(a_&&_b)_{_while_(a);_break;_}
=== RUN   TestNoUnreachableLoopFires/while_(a_&&_b)_{_do_;_while_(a)_break;_}
=== PAUSE TestNoUnreachableLoopFires/while_(a_&&_b)_{_do_;_while_(a)_break;_}
=== RUN   TestNoUnreachableLoopFires/while_(a_&&_b)_{_for_(a;_b;_c);_break;_}
=== CONT  TestNoUnreachableLoopSpans/a_loop_inside_a_function,_reported_at_the_loop_and_not_at_the_function
=== PAUSE TestNoUnreachableLoopFires/while_(a_&&_b)_{_for_(a;_b;_c);_break;_}
=== RUN   TestNoUnreachableLoopFires/while_(a_&&_b)_{_for_(;_b;);_break;_}
=== PAUSE TestNoUnreachableLoopFires/while_(a_&&_b)_{_for_(;_b;);_break;_}
=== RUN   TestNoUnreachableLoopStaysSilent/while_(a)_{_(()_=>_a)()_}
=== RUN   TestNoUnreachableLoopFires/while_(a_&&_b)_{_for_(;_;_c)_if_(foo)_break;_break;_}
=== PAUSE TestNoUnreachableLoopFires/while_(a_&&_b)_{_for_(;_;_c)_if_(foo)_break;_break;_}
=== PAUSE TestNoUnreachableLoopStaysSilent/while_(a)_{_(()_=>_a)()_}
=== CONT  TestNoUnreachableLoopSpans/outer_before_inner,_in_source_order_rather_than_discovery_order
=== CONT  TestNoUnreachableLoopSpans/a_loop_indented_inside_another,_pointing_past_the_leading_whitespace
=== RUN   TestNoUnreachableLoopStaysSilent/while_(a)_while_(a);
=== PAUSE TestNoUnreachableLoopStaysSilent/while_(a)_while_(a);
=== RUN   TestNoUnreachableLoopStaysSilent/while_(a)_do_;_while_(a)
=== PAUSE TestNoUnreachableLoopStaysSilent/while_(a)_do_;_while_(a)
=== RUN   TestNoUnreachableLoopStaysSilent/while_(a)_for_(a;_b;_c);
=== PAUSE TestNoUnreachableLoopStaysSilent/while_(a)_for_(a;_b;_c);
=== RUN   TestNoUnreachableLoopStaysSilent/while_(a)_for_(;_b;);
=== PAUSE TestNoUnreachableLoopStaysSilent/while_(a)_for_(;_b;);
=== CONT  TestNoUnreachableLoopSpans/the_whole_do-while_statement,_whose_last_token_is_the_closing_paren
=== RUN   TestNoUnreachableLoopStaysSilent/while_(a)_for_(;_;_c)_if_(foo)_break;
=== CONT  TestNoUnreachableLoopInNonFunctionRoots/a_class_static_block
=== PAUSE TestNoUnreachableLoopStaysSilent/while_(a)_for_(;_;_c)_if_(foo)_break;
=== RUN   TestNoUnreachableLoopStaysSilent/while_(a)_for_(;;)_if_(foo)_break;
=== PAUSE TestNoUnreachableLoopStaysSilent/while_(a)_for_(;;)_if_(foo)_break;
=== RUN   TestNoUnreachableLoopStaysSilent/while_(a)_while_(true)_if_(foo)_break;
=== PAUSE TestNoUnreachableLoopStaysSilent/while_(a)_while_(true)_if_(foo)_break;
--- PASS: TestNoUnreachableLoopSpans (0.00s)
    --- PASS: TestNoUnreachableLoopSpans/the_whole_while_statement (0.00s)
    --- PASS: TestNoUnreachableLoopSpans/a_loop_inside_a_function,_reported_at_the_loop_and_not_at_the_function (0.00s)
    --- PASS: TestNoUnreachableLoopSpans/a_loop_indented_inside_another,_pointing_past_the_leading_whitespace (0.00s)
    --- PASS: TestNoUnreachableLoopSpans/the_whole_do-while_statement,_whose_last_token_is_the_closing_paren (0.00s)
    --- PASS: TestNoUnreachableLoopSpans/outer_before_inner,_in_source_order_rather_than_discovery_order (0.00s)
=== RUN   TestNoUnreachableLoopStaysSilent/function_someFunc()_{_while_(a)_while_(foo)_if_(bar)_return;_}
=== RUN   TestNoUnreachableLoopFires/while_(a_&&_b)_{_for(;;)_if_(foo)_break;_break;_}
=== PAUSE TestNoUnreachableLoopStaysSilent/function_someFunc()_{_while_(a)_while_(foo)_if_(bar)_return;_}
=== PAUSE TestNoUnreachableLoopFires/while_(a_&&_b)_{_for(;;)_if_(foo)_break;_break;_}
=== CONT  TestNoUnreachableLoopInNonFunctionRoots/a_property_initializer,_whose_loop_lives_in_an_arrow_inside_it
=== RUN   TestNoUnreachableLoopFires/while_(a_&&_b)_{_for_(a_in_b);_break;_}
=== PAUSE TestNoUnreachableLoopFires/while_(a_&&_b)_{_for_(a_in_b);_break;_}
=== RUN   TestNoUnreachableLoopFires/while_(a_&&_b)_{_for_(a_of_b);_break;_}
=== PAUSE TestNoUnreachableLoopFires/while_(a_&&_b)_{_for_(a_of_b);_break;_}
=== RUN   TestNoUnreachableLoopFires/while_(a_&&_b)_for_(;;);
=== PAUSE TestNoUnreachableLoopFires/while_(a_&&_b)_for_(;;);
=== CONT  TestNoUnreachableLoopOptions/do_break;_while_(a)_{"ignore":["DoWhileStatement"]}
=== RUN   TestNoUnreachableLoopFires/while_(a_&&_b)_{_for_(var_i_=_0;_;_i<_10)_{_foo();_}_}
=== PAUSE TestNoUnreachableLoopFires/while_(a_&&_b)_{_for_(var_i_=_0;_;_i<_10)_{_foo();_}_}
=== RUN   TestNoUnreachableLoopFires/while_(a_&&_b)_while_(true);
=== PAUSE TestNoUnreachableLoopFires/while_(a_&&_b)_while_(true);
=== RUN   TestNoUnreachableLoopStaysSilent/while_(a)_for_(a_in_b);
=== RUN   TestNoUnreachableLoopFires/do_break;_while_(a)
=== PAUSE TestNoUnreachableLoopStaysSilent/while_(a)_for_(a_in_b);
=== PAUSE TestNoUnreachableLoopFires/do_break;_while_(a)
=== RUN   TestNoUnreachableLoopFires/do_{_break;_}_while_(a)
=== PAUSE TestNoUnreachableLoopFires/do_{_break;_}_while_(a)
=== RUN   TestNoUnreachableLoopFires/function_someFunc()_{_do_return;_while_(a)_}
=== PAUSE TestNoUnreachableLoopFires/function_someFunc()_{_do_return;_while_(a)_}
=== RUN   TestNoUnreachableLoopFires/function_someFunc()_{_do_{_return;_}_while_(a)_}
=== PAUSE TestNoUnreachableLoopFires/function_someFunc()_{_do_{_return;_}_while_(a)_}
--- PASS: TestNoUnreachableLoopInNonFunctionRoots (0.00s)
    --- PASS: TestNoUnreachableLoopInNonFunctionRoots/a_class_static_block (0.00s)
    --- PASS: TestNoUnreachableLoopInNonFunctionRoots/a_property_initializer,_whose_loop_lives_in_an_arrow_inside_it (0.00s)
=== RUN   TestNoUnreachableLoopStaysSilent/while_(a)_for_(a_of_b);
=== PAUSE TestNoUnreachableLoopStaysSilent/while_(a)_for_(a_of_b);
=== RUN   TestNoUnreachableLoopFires/do_throw_err;_while_(a)
--- PASS: TestNoUnreachableLoopOptions (0.00s)
    --- PASS: TestNoUnreachableLoopOptions/while_(a)_break;_{"ignore":["WhileStatement"]} (0.00s)
    --- PASS: TestNoUnreachableLoopOptions/for_(a_in_b)_break;_for_(;;)_break;_for_(c_of_d)_break;_{"ignore":["ForInStatement","ForOfStatement"]} (0.00s)
    --- PASS: TestNoUnreachableLoopOptions/for_(a_in_b)_break;_for_(c_of_d)_break;_{"ignore":["ForStatement"]} (0.00s)
    --- PASS: TestNoUnreachableLoopOptions/do_break;_while_(a)_{"ignore":["WhileStatement"]} (0.00s)
    --- PASS: TestNoUnreachableLoopOptions/while_(a)_break;_{"ignore":["DoWhileStatement"]} (0.00s)
    --- PASS: TestNoUnreachableLoopOptions/while_(a)_break;_do_break;_while_(b);_for_(;;)_break;_for_(c_in_d)_break;_for_(e_of_f)_break;_{"ignore":[]} (0.00s)
    --- PASS: TestNoUnreachableLoopOptions/for_(a_in_b)_break;_{"ignore":["ForInStatement"]} (0.00s)
    --- PASS: TestNoUnreachableLoopOptions/for_(a_of_b)_break;_{"ignore":["ForOfStatement"]} (0.00s)
    --- PASS: TestNoUnreachableLoopOptions/while_(a)_break;_{"ignore":["WhileStatement","DoWhileStatement","ForStatement","ForInStatement","ForOfStatement"]} (0.00s)
    --- PASS: TestNoUnreachableLoopOptions/for_(var_key_in_obj)_{_hasEnumerableProperties_=_true;_break;_}_for_(const_a_of_b)_break;_{"ignore":["ForInStatement","ForOfStatement"]} (0.00s)
    --- PASS: TestNoUnreachableLoopOptions/for_(a;_b;_c)_break;_{"ignore":["ForStatement"]} (0.00s)
    --- PASS: TestNoUnreachableLoopOptions/do_break;_while_(a)_{"ignore":["DoWhileStatement"]} (0.00s)
=== PAUSE TestNoUnreachableLoopFires/do_throw_err;_while_(a)
=== RUN   TestNoUnreachableLoopStaysSilent/while_(a_&&_b)_;
=== PAUSE TestNoUnreachableLoopStaysSilent/while_(a_&&_b)_;
=== RUN   TestNoUnreachableLoopFires/do_{_throw_err;_}_while_(a)
=== PAUSE TestNoUnreachableLoopFires/do_{_throw_err;_}_while_(a)
=== RUN   TestNoUnreachableLoopStaysSilent/while_(a_&&_b)_{}
=== RUN   TestNoUnreachableLoopFires/do_{_foo();_break;_}_while_(a)
=== PAUSE TestNoUnreachableLoopFires/do_{_foo();_break;_}_while_(a)
=== PAUSE TestNoUnreachableLoopStaysSilent/while_(a_&&_b)_{}
=== RUN   TestNoUnreachableLoopStaysSilent/while_(a_&&_b)_{_bar();_}
=== PAUSE TestNoUnreachableLoopStaysSilent/while_(a_&&_b)_{_bar();_}
=== RUN   TestNoUnreachableLoopStaysSilent/while_(a_&&_b)_continue;
=== PAUSE TestNoUnreachableLoopStaysSilent/while_(a_&&_b)_continue;
=== RUN   TestNoUnreachableLoopStaysSilent/while_(a_&&_b)_{_continue;_}
=== PAUSE TestNoUnreachableLoopStaysSilent/while_(a_&&_b)_{_continue;_}
=== RUN   TestNoUnreachableLoopFires/do_{_break;_foo();_}_while_(a)
=== PAUSE TestNoUnreachableLoopFires/do_{_break;_foo();_}_while_(a)
=== RUN   TestNoUnreachableLoopStaysSilent/while_(a_&&_b)_{_if_(foo)_break;_}
=== RUN   TestNoUnreachableLoopFires/function_someFunc()_{_do_if_(foo)_break;_else_return;_while_(a)_}
=== PAUSE TestNoUnreachableLoopFires/function_someFunc()_{_do_if_(foo)_break;_else_return;_while_(a)_}
=== RUN   TestNoUnreachableLoopFires/function_someFunc()_{_do_{_if_(foo)_{_return;_}_else_{_break;_}_bar();_}_while_(a)_}
=== PAUSE TestNoUnreachableLoopFires/function_someFunc()_{_do_{_if_(foo)_{_return;_}_else_{_break;_}_bar();_}_while_(a)_}
=== RUN   TestNoUnreachableLoopFires/function_someFunc()_{_do_{_if_(foo)_{_return;_}_throw_err;_}_while_(a)_}
=== PAUSE TestNoUnreachableLoopFires/function_someFunc()_{_do_{_if_(foo)_{_return;_}_throw_err;_}_while_(a)_}
=== RUN   TestNoUnreachableLoopFires/do_{_switch_(foo)_{_default:_throw_err;_}_}_while_(a)
=== PAUSE TestNoUnreachableLoopFires/do_{_switch_(foo)_{_default:_throw_err;_}_}_while_(a)
=== RUN   TestNoUnreachableLoopFires/function_someFunc()_{_do_{_switch_(foo)_{_case_1:_throw_err;_default:_return;_}_}_while_(a)_}
=== PAUSE TestNoUnreachableLoopFires/function_someFunc()_{_do_{_switch_(foo)_{_case_1:_throw_err;_default:_return;_}_}_while_(a)_}
=== RUN   TestNoUnreachableLoopFires/function_someFunc()_{_do_{_switch_(foo)_{_case_1:_something();_default:_return;_}_}_while_(a)_}
=== PAUSE TestNoUnreachableLoopFires/function_someFunc()_{_do_{_switch_(foo)_{_case_1:_something();_default:_return;_}_}_while_(a)_}
=== RUN   TestNoUnreachableLoopFires/function_someFunc()_{_do_{_try_{_return_bar();_}_catch_(e)_{_break;_}_}_while_(a)_}
=== PAUSE TestNoUnreachableLoopFires/function_someFunc()_{_do_{_try_{_return_bar();_}_catch_(e)_{_break;_}_}_while_(a)_}
=== RUN   TestNoUnreachableLoopFires/do_{_break;_continue;_}_while_(a)
=== PAUSE TestNoUnreachableLoopFires/do_{_break;_continue;_}_while_(a)
=== PAUSE TestNoUnreachableLoopStaysSilent/while_(a_&&_b)_{_if_(foo)_break;_}
=== RUN   TestNoUnreachableLoopFires/do_{_()_=>_a;_break;_}_while_(a)
=== RUN   TestNoUnreachableLoopStaysSilent/function_someFunc()_{_while_(a_&&_b)_{_if_(foo)_{_return;_}_bar();_}_}
=== PAUSE TestNoUnreachableLoopStaysSilent/function_someFunc()_{_while_(a_&&_b)_{_if_(foo)_{_return;_}_bar();_}_}
=== PAUSE TestNoUnreachableLoopFires/do_{_()_=>_a;_break;_}_while_(a)
=== RUN   TestNoUnreachableLoopStaysSilent/while_(a_&&_b)_{_if_(foo)_{_bar();_}_else_{_break;_}_}
=== PAUSE TestNoUnreachableLoopStaysSilent/while_(a_&&_b)_{_if_(foo)_{_bar();_}_else_{_break;_}_}
=== RUN   TestNoUnreachableLoopStaysSilent/function_someFunc()_{_while_(a_&&_b)_{_if_(foo)_{_continue;_}_return;_}_}
=== PAUSE TestNoUnreachableLoopStaysSilent/function_someFunc()_{_while_(a_&&_b)_{_if_(foo)_{_continue;_}_return;_}_}
=== RUN   TestNoUnreachableLoopFires/do_{_(()_=>_a)();_break;_}_while_(a)
=== PAUSE TestNoUnreachableLoopFires/do_{_(()_=>_a)();_break;_}_while_(a)
=== RUN   TestNoUnreachableLoopFires/do_{_while_(a);_break;_}_while_(a)
=== PAUSE TestNoUnreachableLoopFires/do_{_while_(a);_break;_}_while_(a)
=== RUN   TestNoUnreachableLoopFires/do_{_do_;_while_(a)_break;_}_while_(a)
=== RUN   TestNoUnreachableLoopStaysSilent/function_someFunc()_{_while_(a_&&_b)_{_switch_(foo)_{_case_1:_return;_}_}_}
=== PAUSE TestNoUnreachableLoopFires/do_{_do_;_while_(a)_break;_}_while_(a)
=== RUN   TestNoUnreachableLoopFires/do_{_for_(a;_b;_c);_break;_}_while_(a)
=== PAUSE TestNoUnreachableLoopStaysSilent/function_someFunc()_{_while_(a_&&_b)_{_switch_(foo)_{_case_1:_return;_}_}_}
=== PAUSE TestNoUnreachableLoopFires/do_{_for_(a;_b;_c);_break;_}_while_(a)
=== RUN   TestNoUnreachableLoopStaysSilent/function_someFunc()_{_while_(a_&&_b)_{_switch_(foo)_{_case_1:_break;_default:_return;_}_}_}
=== RUN   TestNoUnreachableLoopFires/do_{_for_(;_b;);_break;_}_while_(a)
=== PAUSE TestNoUnreachableLoopFires/do_{_for_(;_b;);_break;_}_while_(a)
=== RUN   TestNoUnreachableLoopFires/do_{_for_(;_;_c)_if_(foo)_break;_break;_}_while_(a)
=== PAUSE TestNoUnreachableLoopFires/do_{_for_(;_;_c)_if_(foo)_break;_break;_}_while_(a)
=== RUN   TestNoUnreachableLoopFires/do_{_for(;;)_if_(foo)_break;_break;_}_while_(a)
=== PAUSE TestNoUnreachableLoopFires/do_{_for(;;)_if_(foo)_break;_break;_}_while_(a)
=== PAUSE TestNoUnreachableLoopStaysSilent/function_someFunc()_{_while_(a_&&_b)_{_switch_(foo)_{_case_1:_break;_default:_return;_}_}_}
=== RUN   TestNoUnreachableLoopFires/do_{_for_(a_in_b);_break;_}_while_(a)
=== RUN   TestNoUnreachableLoopStaysSilent/function_someFunc()_{_while_(a_&&_b)_{_switch_(foo)_{_case_1:_continue;_default:_return;_}_throw_err;_}_}
=== PAUSE TestNoUnreachableLoopStaysSilent/function_someFunc()_{_while_(a_&&_b)_{_switch_(foo)_{_case_1:_continue;_default:_return;_}_throw_err;_}_}
=== RUN   TestNoUnreachableLoopStaysSilent/function_someFunc()_{_while_(a_&&_b)_{_try_{_return_bar();_}_catch_(e)_{}_}_}
=== PAUSE TestNoUnreachableLoopStaysSilent/function_someFunc()_{_while_(a_&&_b)_{_try_{_return_bar();_}_catch_(e)_{}_}_}
=== RUN   TestNoUnreachableLoopStaysSilent/while_(a_&&_b)_{_continue;_break;_}
=== PAUSE TestNoUnreachableLoopFires/do_{_for_(a_in_b);_break;_}_while_(a)
=== PAUSE TestNoUnreachableLoopStaysSilent/while_(a_&&_b)_{_continue;_break;_}
=== RUN   TestNoUnreachableLoopStaysSilent/while_(a_&&_b)_()_=>_a;
=== PAUSE TestNoUnreachableLoopStaysSilent/while_(a_&&_b)_()_=>_a;
=== RUN   TestNoUnreachableLoopFires/do_{_for_(a_of_b);_break;_}_while_(a)
=== RUN   TestNoUnreachableLoopStaysSilent/while_(a_&&_b)_{_()_=>_a_}
=== PAUSE TestNoUnreachableLoopFires/do_{_for_(a_of_b);_break;_}_while_(a)
=== PAUSE TestNoUnreachableLoopStaysSilent/while_(a_&&_b)_{_()_=>_a_}
=== RUN   TestNoUnreachableLoopFires/do_for_(;;);_while_(a)
=== RUN   TestNoUnreachableLoopStaysSilent/while_(a_&&_b)_(()_=>_a)();
=== PAUSE TestNoUnreachableLoopFires/do_for_(;;);_while_(a)
=== RUN   TestNoUnreachableLoopFires/do_{_for_(var_i_=_0;_;_i<_10)_{_foo();_}_}_while_(a)
=== PAUSE TestNoUnreachableLoopFires/do_{_for_(var_i_=_0;_;_i<_10)_{_foo();_}_}_while_(a)
=== RUN   TestNoUnreachableLoopFires/do_while_(true);_while_(a)
=== PAUSE TestNoUnreachableLoopFires/do_while_(true);_while_(a)
=== RUN   TestNoUnreachableLoopFires/do_break;_while_(a_&&_b)
=== PAUSE TestNoUnreachableLoopFires/do_break;_while_(a_&&_b)
=== PAUSE TestNoUnreachableLoopStaysSilent/while_(a_&&_b)_(()_=>_a)();
=== RUN   TestNoUnreachableLoopFires/do_{_break;_}_while_(a_&&_b)
=== PAUSE TestNoUnreachableLoopFires/do_{_break;_}_while_(a_&&_b)
=== RUN   TestNoUnreachableLoopStaysSilent/while_(a_&&_b)_{_(()_=>_a)()_}
=== RUN   TestNoUnreachableLoopFires/function_someFunc()_{_do_return;_while_(a_&&_b)_}
=== PAUSE TestNoUnreachableLoopStaysSilent/while_(a_&&_b)_{_(()_=>_a)()_}
=== PAUSE TestNoUnreachableLoopFires/function_someFunc()_{_do_return;_while_(a_&&_b)_}
=== RUN   TestNoUnreachableLoopFires/function_someFunc()_{_do_{_return;_}_while_(a_&&_b)_}
=== PAUSE TestNoUnreachableLoopFires/function_someFunc()_{_do_{_return;_}_while_(a_&&_b)_}
=== RUN   TestNoUnreachableLoopFires/do_throw_err;_while_(a_&&_b)
=== PAUSE TestNoUnreachableLoopFires/do_throw_err;_while_(a_&&_b)
=== RUN   TestNoUnreachableLoopFires/do_{_throw_err;_}_while_(a_&&_b)
=== PAUSE TestNoUnreachableLoopFires/do_{_throw_err;_}_while_(a_&&_b)
=== RUN   TestNoUnreachableLoopFires/do_{_foo();_break;_}_while_(a_&&_b)
=== PAUSE TestNoUnreachableLoopFires/do_{_foo();_break;_}_while_(a_&&_b)
=== RUN   TestNoUnreachableLoopFires/do_{_break;_foo();_}_while_(a_&&_b)
=== PAUSE TestNoUnreachableLoopFires/do_{_break;_foo();_}_while_(a_&&_b)
=== RUN   TestNoUnreachableLoopFires/function_someFunc()_{_do_if_(foo)_break;_else_return;_while_(a_&&_b)_}
=== PAUSE TestNoUnreachableLoopFires/function_someFunc()_{_do_if_(foo)_break;_else_return;_while_(a_&&_b)_}
=== RUN   TestNoUnreachableLoopFires/function_someFunc()_{_do_{_if_(foo)_{_return;_}_else_{_break;_}_bar();_}_while_(a_&&_b)_}
=== PAUSE TestNoUnreachableLoopFires/function_someFunc()_{_do_{_if_(foo)_{_return;_}_else_{_break;_}_bar();_}_while_(a_&&_b)_}
=== RUN   TestNoUnreachableLoopFires/function_someFunc()_{_do_{_if_(foo)_{_return;_}_throw_err;_}_while_(a_&&_b)_}
=== RUN   TestNoUnreachableLoopStaysSilent/while_(a_&&_b)_while_(a);
=== PAUSE TestNoUnreachableLoopFires/function_someFunc()_{_do_{_if_(foo)_{_return;_}_throw_err;_}_while_(a_&&_b)_}
=== PAUSE TestNoUnreachableLoopStaysSilent/while_(a_&&_b)_while_(a);
=== RUN   TestNoUnreachableLoopFires/do_{_switch_(foo)_{_default:_throw_err;_}_}_while_(a_&&_b)
=== PAUSE TestNoUnreachableLoopFires/do_{_switch_(foo)_{_default:_throw_err;_}_}_while_(a_&&_b)
=== RUN   TestNoUnreachableLoopFires/function_someFunc()_{_do_{_switch_(foo)_{_case_1:_throw_err;_default:_return;_}_}_while_(a_&&_b)_}
=== PAUSE TestNoUnreachableLoopFires/function_someFunc()_{_do_{_switch_(foo)_{_case_1:_throw_err;_default:_return;_}_}_while_(a_&&_b)_}
=== RUN   TestNoUnreachableLoopStaysSilent/while_(a_&&_b)_do_;_while_(a)
=== PAUSE TestNoUnreachableLoopStaysSilent/while_(a_&&_b)_do_;_while_(a)
=== RUN   TestNoUnreachableLoopStaysSilent/while_(a_&&_b)_for_(a;_b;_c);
=== PAUSE TestNoUnreachableLoopStaysSilent/while_(a_&&_b)_for_(a;_b;_c);
=== RUN   TestNoUnreachableLoopFires/function_someFunc()_{_do_{_switch_(foo)_{_case_1:_something();_default:_return;_}_}_while_(a_&&_b)_}
=== PAUSE TestNoUnreachableLoopFires/function_someFunc()_{_do_{_switch_(foo)_{_case_1:_something();_default:_return;_}_}_while_(a_&&_b)_}
=== RUN   TestNoUnreachableLoopFires/function_someFunc()_{_do_{_try_{_return_bar();_}_catch_(e)_{_break;_}_}_while_(a_&&_b)_}
=== PAUSE TestNoUnreachableLoopFires/function_someFunc()_{_do_{_try_{_return_bar();_}_catch_(e)_{_break;_}_}_while_(a_&&_b)_}
=== RUN   TestNoUnreachableLoopStaysSilent/while_(a_&&_b)_for_(;_b;);
=== RUN   TestNoUnreachableLoopFires/do_{_break;_continue;_}_while_(a_&&_b)
=== PAUSE TestNoUnreachableLoopStaysSilent/while_(a_&&_b)_for_(;_b;);
=== RUN   TestNoUnreachableLoopStaysSilent/while_(a_&&_b)_for_(;_;_c)_if_(foo)_break;
=== PAUSE TestNoUnreachableLoopStaysSilent/while_(a_&&_b)_for_(;_;_c)_if_(foo)_break;
=== PAUSE TestNoUnreachableLoopFires/do_{_break;_continue;_}_while_(a_&&_b)
=== RUN   TestNoUnreachableLoopStaysSilent/while_(a_&&_b)_for_(;;)_if_(foo)_break;
=== PAUSE TestNoUnreachableLoopStaysSilent/while_(a_&&_b)_for_(;;)_if_(foo)_break;
=== RUN   TestNoUnreachableLoopFires/do_{_()_=>_a;_break;_}_while_(a_&&_b)
=== RUN   TestNoUnreachableLoopStaysSilent/while_(a_&&_b)_while_(true)_if_(foo)_break;
=== PAUSE TestNoUnreachableLoopStaysSilent/while_(a_&&_b)_while_(true)_if_(foo)_break;
=== PAUSE TestNoUnreachableLoopFires/do_{_()_=>_a;_break;_}_while_(a_&&_b)
=== RUN   TestNoUnreachableLoopFires/do_{_(()_=>_a)();_break;_}_while_(a_&&_b)
=== PAUSE TestNoUnreachableLoopFires/do_{_(()_=>_a)();_break;_}_while_(a_&&_b)
=== RUN   TestNoUnreachableLoopFires/do_{_while_(a);_break;_}_while_(a_&&_b)
=== PAUSE TestNoUnreachableLoopFires/do_{_while_(a);_break;_}_while_(a_&&_b)
=== RUN   TestNoUnreachableLoopStaysSilent/function_someFunc()_{_while_(a_&&_b)_while_(foo)_if_(bar)_return;_}
=== RUN   TestNoUnreachableLoopFires/do_{_do_;_while_(a)_break;_}_while_(a_&&_b)
=== PAUSE TestNoUnreachableLoopStaysSilent/function_someFunc()_{_while_(a_&&_b)_while_(foo)_if_(bar)_return;_}
=== PAUSE TestNoUnreachableLoopFires/do_{_do_;_while_(a)_break;_}_while_(a_&&_b)
=== RUN   TestNoUnreachableLoopStaysSilent/while_(a_&&_b)_for_(a_in_b);
=== PAUSE TestNoUnreachableLoopStaysSilent/while_(a_&&_b)_for_(a_in_b);
=== RUN   TestNoUnreachableLoopStaysSilent/while_(a_&&_b)_for_(a_of_b);
=== PAUSE TestNoUnreachableLoopStaysSilent/while_(a_&&_b)_for_(a_of_b);
=== RUN   TestNoUnreachableLoopFires/do_{_for_(a;_b;_c);_break;_}_while_(a_&&_b)
=== PAUSE TestNoUnreachableLoopFires/do_{_for_(a;_b;_c);_break;_}_while_(a_&&_b)
=== RUN   TestNoUnreachableLoopStaysSilent/do_;_while_(a)
=== RUN   TestNoUnreachableLoopFires/do_{_for_(;_b;);_break;_}_while_(a_&&_b)
=== PAUSE TestNoUnreachableLoopStaysSilent/do_;_while_(a)
=== PAUSE TestNoUnreachableLoopFires/do_{_for_(;_b;);_break;_}_while_(a_&&_b)
=== RUN   TestNoUnreachableLoopFires/do_{_for_(;_;_c)_if_(foo)_break;_break;_}_while_(a_&&_b)
=== PAUSE TestNoUnreachableLoopFires/do_{_for_(;_;_c)_if_(foo)_break;_break;_}_while_(a_&&_b)
=== RUN   TestNoUnreachableLoopFires/do_{_for(;;)_if_(foo)_break;_break;_}_while_(a_&&_b)
=== PAUSE TestNoUnreachableLoopFires/do_{_for(;;)_if_(foo)_break;_break;_}_while_(a_&&_b)
=== RUN   TestNoUnreachableLoopFires/do_{_for_(a_in_b);_break;_}_while_(a_&&_b)
=== PAUSE TestNoUnreachableLoopFires/do_{_for_(a_in_b);_break;_}_while_(a_&&_b)
=== RUN   TestNoUnreachableLoopFires/do_{_for_(a_of_b);_break;_}_while_(a_&&_b)
=== PAUSE TestNoUnreachableLoopFires/do_{_for_(a_of_b);_break;_}_while_(a_&&_b)
=== RUN   TestNoUnreachableLoopFires/do_for_(;;);_while_(a_&&_b)
=== PAUSE TestNoUnreachableLoopFires/do_for_(;;);_while_(a_&&_b)
=== RUN   TestNoUnreachableLoopFires/do_{_for_(var_i_=_0;_;_i<_10)_{_foo();_}_}_while_(a_&&_b)
=== RUN   TestNoUnreachableLoopStaysSilent/do_{}_while_(a)
=== PAUSE TestNoUnreachableLoopFires/do_{_for_(var_i_=_0;_;_i<_10)_{_foo();_}_}_while_(a_&&_b)
=== PAUSE TestNoUnreachableLoopStaysSilent/do_{}_while_(a)
=== RUN   TestNoUnreachableLoopFires/do_while_(true);_while_(a_&&_b)
=== PAUSE TestNoUnreachableLoopFires/do_while_(true);_while_(a_&&_b)
=== RUN   TestNoUnreachableLoopFires/for_(a;_b;_c)_break;
=== PAUSE TestNoUnreachableLoopFires/for_(a;_b;_c)_break;
=== RUN   TestNoUnreachableLoopStaysSilent/do_{_bar();_}_while_(a)
=== PAUSE TestNoUnreachableLoopStaysSilent/do_{_bar();_}_while_(a)
=== RUN   TestNoUnreachableLoopFires/for_(a;_b;_c)_{_break;_}
=== PAUSE TestNoUnreachableLoopFires/for_(a;_b;_c)_{_break;_}
=== RUN   TestNoUnreachableLoopFires/function_someFunc()_{_for_(a;_b;_c)_return;_}
=== PAUSE TestNoUnreachableLoopFires/function_someFunc()_{_for_(a;_b;_c)_return;_}
=== RUN   TestNoUnreachableLoopFires/function_someFunc()_{_for_(a;_b;_c)_{_return;_}_}
=== PAUSE TestNoUnreachableLoopFires/function_someFunc()_{_for_(a;_b;_c)_{_return;_}_}
=== RUN   TestNoUnreachableLoopFires/for_(a;_b;_c)_throw_err;
=== PAUSE TestNoUnreachableLoopFires/for_(a;_b;_c)_throw_err;
=== RUN   TestNoUnreachableLoopFires/for_(a;_b;_c)_{_throw_err;_}
=== RUN   TestNoUnreachableLoopStaysSilent/do_continue;_while_(a)
=== PAUSE TestNoUnreachableLoopFires/for_(a;_b;_c)_{_throw_err;_}
=== PAUSE TestNoUnreachableLoopStaysSilent/do_continue;_while_(a)
=== RUN   TestNoUnreachableLoopFires/for_(a;_b;_c)_{_foo();_break;_}
=== RUN   TestNoUnreachableLoopStaysSilent/do_{_continue;_}_while_(a)
=== PAUSE TestNoUnreachableLoopStaysSilent/do_{_continue;_}_while_(a)
=== PAUSE TestNoUnreachableLoopFires/for_(a;_b;_c)_{_foo();_break;_}
=== RUN   TestNoUnreachableLoopStaysSilent/do_{_if_(foo)_break;_}_while_(a)
=== RUN   TestNoUnreachableLoopFires/for_(a;_b;_c)_{_break;_foo();_}
=== PAUSE TestNoUnreachableLoopFires/for_(a;_b;_c)_{_break;_foo();_}
=== PAUSE TestNoUnreachableLoopStaysSilent/do_{_if_(foo)_break;_}_while_(a)
=== RUN   TestNoUnreachableLoopStaysSilent/function_someFunc()_{_do_{_if_(foo)_{_return;_}_bar();_}_while_(a)_}
=== PAUSE TestNoUnreachableLoopStaysSilent/function_someFunc()_{_do_{_if_(foo)_{_return;_}_bar();_}_while_(a)_}
=== RUN   TestNoUnreachableLoopFires/function_someFunc()_{_for_(a;_b;_c)_if_(foo)_break;_else_return;_}
=== RUN   TestNoUnreachableLoopStaysSilent/do_{_if_(foo)_{_bar();_}_else_{_break;_}_}_while_(a)
=== PAUSE TestNoUnreachableLoopFires/function_someFunc()_{_for_(a;_b;_c)_if_(foo)_break;_else_return;_}
=== PAUSE TestNoUnreachableLoopStaysSilent/do_{_if_(foo)_{_bar();_}_else_{_break;_}_}_while_(a)
=== RUN   TestNoUnreachableLoopStaysSilent/function_someFunc()_{_do_{_if_(foo)_{_continue;_}_return;_}_while_(a)_}
=== PAUSE TestNoUnreachableLoopStaysSilent/function_someFunc()_{_do_{_if_(foo)_{_continue;_}_return;_}_while_(a)_}
=== RUN   TestNoUnreachableLoopStaysSilent/function_someFunc()_{_do_{_switch_(foo)_{_case_1:_return;_}_}_while_(a)_}
=== PAUSE TestNoUnreachableLoopStaysSilent/function_someFunc()_{_do_{_switch_(foo)_{_case_1:_return;_}_}_while_(a)_}
=== RUN   TestNoUnreachableLoopStaysSilent/function_someFunc()_{_do_{_switch_(foo)_{_case_1:_break;_default:_return;_}_}_while_(a)_}
=== PAUSE TestNoUnreachableLoopStaysSilent/function_someFunc()_{_do_{_switch_(foo)_{_case_1:_break;_default:_return;_}_}_while_(a)_}
=== RUN   TestNoUnreachableLoopStaysSilent/function_someFunc()_{_do_{_switch_(foo)_{_case_1:_continue;_default:_return;_}_throw_err;_}_while_(a)_}
=== PAUSE TestNoUnreachableLoopStaysSilent/function_someFunc()_{_do_{_switch_(foo)_{_case_1:_continue;_default:_return;_}_throw_err;_}_while_(a)_}
=== RUN   TestNoUnreachableLoopStaysSilent/function_someFunc()_{_do_{_try_{_return_bar();_}_catch_(e)_{}_}_while_(a)_}
=== PAUSE TestNoUnreachableLoopStaysSilent/function_someFunc()_{_do_{_try_{_return_bar();_}_catch_(e)_{}_}_while_(a)_}
=== RUN   TestNoUnreachableLoopStaysSilent/do_{_continue;_break;_}_while_(a)
=== PAUSE TestNoUnreachableLoopStaysSilent/do_{_continue;_break;_}_while_(a)
=== RUN   TestNoUnreachableLoopStaysSilent/do_()_=>_a;_while_(a)
=== PAUSE TestNoUnreachableLoopStaysSilent/do_()_=>_a;_while_(a)
=== RUN   TestNoUnreachableLoopStaysSilent/do_{_()_=>_a_}_while_(a)
=== PAUSE TestNoUnreachableLoopStaysSilent/do_{_()_=>_a_}_while_(a)
=== RUN   TestNoUnreachableLoopStaysSilent/do_(()_=>_a)();_while_(a)
=== PAUSE TestNoUnreachableLoopStaysSilent/do_(()_=>_a)();_while_(a)
=== RUN   TestNoUnreachableLoopStaysSilent/do_{_(()_=>_a)()_}_while_(a)
=== PAUSE TestNoUnreachableLoopStaysSilent/do_{_(()_=>_a)()_}_while_(a)
=== RUN   TestNoUnreachableLoopStaysSilent/do_while_(a);_while_(a)
=== PAUSE TestNoUnreachableLoopStaysSilent/do_while_(a);_while_(a)
=== RUN   TestNoUnreachableLoopStaysSilent/do_do_;_while_(a)_while_(a)
=== PAUSE TestNoUnreachableLoopStaysSilent/do_do_;_while_(a)_while_(a)
=== RUN   TestNoUnreachableLoopStaysSilent/do_for_(a;_b;_c);_while_(a)
=== PAUSE TestNoUnreachableLoopStaysSilent/do_for_(a;_b;_c);_while_(a)
=== RUN   TestNoUnreachableLoopStaysSilent/do_for_(;_b;);_while_(a)
=== PAUSE TestNoUnreachableLoopStaysSilent/do_for_(;_b;);_while_(a)
=== RUN   TestNoUnreachableLoopFires/function_someFunc()_{_for_(a;_b;_c)_{_if_(foo)_{_return;_}_else_{_break;_}_bar();_}_}
=== PAUSE TestNoUnreachableLoopFires/function_someFunc()_{_for_(a;_b;_c)_{_if_(foo)_{_return;_}_else_{_break;_}_bar();_}_}
=== RUN   TestNoUnreachableLoopStaysSilent/do_for_(;_;_c)_if_(foo)_break;_while_(a)
=== PAUSE TestNoUnreachableLoopStaysSilent/do_for_(;_;_c)_if_(foo)_break;_while_(a)
=== RUN   TestNoUnreachableLoopFires/function_someFunc()_{_for_(a;_b;_c)_{_if_(foo)_{_return;_}_throw_err;_}_}
=== PAUSE TestNoUnreachableLoopFires/function_someFunc()_{_for_(a;_b;_c)_{_if_(foo)_{_return;_}_throw_err;_}_}
=== RUN   TestNoUnreachableLoopFires/for_(a;_b;_c)_{_switch_(foo)_{_default:_throw_err;_}_}
=== PAUSE TestNoUnreachableLoopFires/for_(a;_b;_c)_{_switch_(foo)_{_default:_throw_err;_}_}
=== RUN   TestNoUnreachableLoopFires/function_someFunc()_{_for_(a;_b;_c)_{_switch_(foo)_{_case_1:_throw_err;_default:_return;_}_}_}
=== PAUSE TestNoUnreachableLoopFires/function_someFunc()_{_for_(a;_b;_c)_{_switch_(foo)_{_case_1:_throw_err;_default:_return;_}_}_}
=== RUN   TestNoUnreachableLoopStaysSilent/do_for_(;;)_if_(foo)_break;_while_(a)
=== PAUSE TestNoUnreachableLoopStaysSilent/do_for_(;;)_if_(foo)_break;_while_(a)
=== RUN   TestNoUnreachableLoopFires/function_someFunc()_{_for_(a;_b;_c)_{_switch_(foo)_{_case_1:_something();_default:_return;_}_}_}
=== RUN   TestNoUnreachableLoopStaysSilent/do_while_(true)_if_(foo)_break;_while_(a)
=== PAUSE TestNoUnreachableLoopFires/function_someFunc()_{_for_(a;_b;_c)_{_switch_(foo)_{_case_1:_something();_default:_return;_}_}_}
=== PAUSE TestNoUnreachableLoopStaysSilent/do_while_(true)_if_(foo)_break;_while_(a)
=== RUN   TestNoUnreachableLoopFires/function_someFunc()_{_for_(a;_b;_c)_{_try_{_return_bar();_}_catch_(e)_{_break;_}_}_}
=== PAUSE TestNoUnreachableLoopFires/function_someFunc()_{_for_(a;_b;_c)_{_try_{_return_bar();_}_catch_(e)_{_break;_}_}_}
=== RUN   TestNoUnreachableLoopStaysSilent/function_someFunc()_{_do_while_(foo)_if_(bar)_return;_while_(a)_}
=== PAUSE TestNoUnreachableLoopStaysSilent/function_someFunc()_{_do_while_(foo)_if_(bar)_return;_while_(a)_}
=== RUN   TestNoUnreachableLoopFires/for_(a;_b;_c)_{_break;_continue;_}
=== RUN   TestNoUnreachableLoopStaysSilent/do_for_(a_in_b);_while_(a)
=== PAUSE TestNoUnreachableLoopFires/for_(a;_b;_c)_{_break;_continue;_}
=== PAUSE TestNoUnreachableLoopStaysSilent/do_for_(a_in_b);_while_(a)
=== RUN   TestNoUnreachableLoopFires/for_(a;_b;_c)_{_()_=>_a;_break;_}
=== PAUSE TestNoUnreachableLoopFires/for_(a;_b;_c)_{_()_=>_a;_break;_}
=== RUN   TestNoUnreachableLoopStaysSilent/do_for_(a_of_b);_while_(a)
=== RUN   TestNoUnreachableLoopFires/for_(a;_b;_c)_{_(()_=>_a)();_break;_}
=== PAUSE TestNoUnreachableLoopFires/for_(a;_b;_c)_{_(()_=>_a)();_break;_}
=== PAUSE TestNoUnreachableLoopStaysSilent/do_for_(a_of_b);_while_(a)
=== RUN   TestNoUnreachableLoopFires/for_(a;_b;_c)_{_while_(a);_break;_}
=== RUN   TestNoUnreachableLoopStaysSilent/do_;_while_(a_&&_b)
=== PAUSE TestNoUnreachableLoopStaysSilent/do_;_while_(a_&&_b)
=== RUN   TestNoUnreachableLoopStaysSilent/do_{}_while_(a_&&_b)
=== PAUSE TestNoUnreachableLoopFires/for_(a;_b;_c)_{_while_(a);_break;_}
=== PAUSE TestNoUnreachableLoopStaysSilent/do_{}_while_(a_&&_b)
=== RUN   TestNoUnreachableLoopStaysSilent/do_{_bar();_}_while_(a_&&_b)
=== RUN   TestNoUnreachableLoopFires/for_(a;_b;_c)_{_do_;_while_(a)_break;_}
=== PAUSE TestNoUnreachableLoopStaysSilent/do_{_bar();_}_while_(a_&&_b)
=== PAUSE TestNoUnreachableLoopFires/for_(a;_b;_c)_{_do_;_while_(a)_break;_}
=== RUN   TestNoUnreachableLoopStaysSilent/do_continue;_while_(a_&&_b)
=== PAUSE TestNoUnreachableLoopStaysSilent/do_continue;_while_(a_&&_b)
=== RUN   TestNoUnreachableLoopStaysSilent/do_{_continue;_}_while_(a_&&_b)
=== RUN   TestNoUnreachableLoopFires/for_(a;_b;_c)_{_for_(a;_b;_c);_break;_}
=== PAUSE TestNoUnreachableLoopStaysSilent/do_{_continue;_}_while_(a_&&_b)
=== PAUSE TestNoUnreachableLoopFires/for_(a;_b;_c)_{_for_(a;_b;_c);_break;_}
=== RUN   TestNoUnreachableLoopFires/for_(a;_b;_c)_{_for_(;_b;);_break;_}
=== PAUSE TestNoUnreachableLoopFires/for_(a;_b;_c)_{_for_(;_b;);_break;_}
=== RUN   TestNoUnreachableLoopFires/for_(a;_b;_c)_{_for_(;_;_c)_if_(foo)_break;_break;_}
=== PAUSE TestNoUnreachableLoopFires/for_(a;_b;_c)_{_for_(;_;_c)_if_(foo)_break;_break;_}
=== RUN   TestNoUnreachableLoopStaysSilent/do_{_if_(foo)_break;_}_while_(a_&&_b)
=== RUN   TestNoUnreachableLoopFires/for_(a;_b;_c)_{_for(;;)_if_(foo)_break;_break;_}
=== PAUSE TestNoUnreachableLoopStaysSilent/do_{_if_(foo)_break;_}_while_(a_&&_b)
=== PAUSE TestNoUnreachableLoopFires/for_(a;_b;_c)_{_for(;;)_if_(foo)_break;_break;_}
=== RUN   TestNoUnreachableLoopStaysSilent/function_someFunc()_{_do_{_if_(foo)_{_return;_}_bar();_}_while_(a_&&_b)_}
=== RUN   TestNoUnreachableLoopFires/for_(a;_b;_c)_{_for_(a_in_b);_break;_}
=== PAUSE TestNoUnreachableLoopStaysSilent/function_someFunc()_{_do_{_if_(foo)_{_return;_}_bar();_}_while_(a_&&_b)_}
=== PAUSE TestNoUnreachableLoopFires/for_(a;_b;_c)_{_for_(a_in_b);_break;_}
=== RUN   TestNoUnreachableLoopStaysSilent/do_{_if_(foo)_{_bar();_}_else_{_break;_}_}_while_(a_&&_b)
=== PAUSE TestNoUnreachableLoopStaysSilent/do_{_if_(foo)_{_bar();_}_else_{_break;_}_}_while_(a_&&_b)
=== RUN   TestNoUnreachableLoopStaysSilent/function_someFunc()_{_do_{_if_(foo)_{_continue;_}_return;_}_while_(a_&&_b)_}
=== RUN   TestNoUnreachableLoopFires/for_(a;_b;_c)_{_for_(a_of_b);_break;_}
=== PAUSE TestNoUnreachableLoopStaysSilent/function_someFunc()_{_do_{_if_(foo)_{_continue;_}_return;_}_while_(a_&&_b)_}
=== PAUSE TestNoUnreachableLoopFires/for_(a;_b;_c)_{_for_(a_of_b);_break;_}
=== RUN   TestNoUnreachableLoopStaysSilent/function_someFunc()_{_do_{_switch_(foo)_{_case_1:_return;_}_}_while_(a_&&_b)_}
=== PAUSE TestNoUnreachableLoopStaysSilent/function_someFunc()_{_do_{_switch_(foo)_{_case_1:_return;_}_}_while_(a_&&_b)_}
=== RUN   TestNoUnreachableLoopFires/for_(a;_b;_c)_for_(;;);
=== RUN   TestNoUnreachableLoopStaysSilent/function_someFunc()_{_do_{_switch_(foo)_{_case_1:_break;_default:_return;_}_}_while_(a_&&_b)_}
=== PAUSE TestNoUnreachableLoopFires/for_(a;_b;_c)_for_(;;);
=== PAUSE TestNoUnreachableLoopStaysSilent/function_someFunc()_{_do_{_switch_(foo)_{_case_1:_break;_default:_return;_}_}_while_(a_&&_b)_}
=== RUN   TestNoUnreachableLoopStaysSilent/function_someFunc()_{_do_{_switch_(foo)_{_case_1:_continue;_default:_return;_}_throw_err;_}_while_(a_&&_b)_}
=== PAUSE TestNoUnreachableLoopStaysSilent/function_someFunc()_{_do_{_switch_(foo)_{_case_1:_continue;_default:_return;_}_throw_err;_}_while_(a_&&_b)_}
=== RUN   TestNoUnreachableLoopStaysSilent/function_someFunc()_{_do_{_try_{_return_bar();_}_catch_(e)_{}_}_while_(a_&&_b)_}
=== PAUSE TestNoUnreachableLoopStaysSilent/function_someFunc()_{_do_{_try_{_return_bar();_}_catch_(e)_{}_}_while_(a_&&_b)_}
=== RUN   TestNoUnreachableLoopFires/for_(a;_b;_c)_{_for_(var_i_=_0;_;_i<_10)_{_foo();_}_}
=== RUN   TestNoUnreachableLoopStaysSilent/do_{_continue;_break;_}_while_(a_&&_b)
=== PAUSE TestNoUnreachableLoopStaysSilent/do_{_continue;_break;_}_while_(a_&&_b)
=== PAUSE TestNoUnreachableLoopFires/for_(a;_b;_c)_{_for_(var_i_=_0;_;_i<_10)_{_foo();_}_}
=== RUN   TestNoUnreachableLoopFires/for_(a;_b;_c)_while_(true);
=== PAUSE TestNoUnreachableLoopFires/for_(a;_b;_c)_while_(true);
=== RUN   TestNoUnreachableLoopFires/for_(var_i_=_0;_i_<_a.length;_i++)_break;
=== PAUSE TestNoUnreachableLoopFires/for_(var_i_=_0;_i_<_a.length;_i++)_break;
=== RUN   TestNoUnreachableLoopFires/for_(var_i_=_0;_i_<_a.length;_i++)_{_break;_}
=== RUN   TestNoUnreachableLoopStaysSilent/do_()_=>_a;_while_(a_&&_b)
=== PAUSE TestNoUnreachableLoopFires/for_(var_i_=_0;_i_<_a.length;_i++)_{_break;_}
=== PAUSE TestNoUnreachableLoopStaysSilent/do_()_=>_a;_while_(a_&&_b)
=== RUN   TestNoUnreachableLoopFires/function_someFunc()_{_for_(var_i_=_0;_i_<_a.length;_i++)_return;_}
=== PAUSE TestNoUnreachableLoopFires/function_someFunc()_{_for_(var_i_=_0;_i_<_a.length;_i++)_return;_}
=== RUN   TestNoUnreachableLoopFires/function_someFunc()_{_for_(var_i_=_0;_i_<_a.length;_i++)_{_return;_}_}
=== RUN   TestNoUnreachableLoopStaysSilent/do_{_()_=>_a_}_while_(a_&&_b)
=== PAUSE TestNoUnreachableLoopFires/function_someFunc()_{_for_(var_i_=_0;_i_<_a.length;_i++)_{_return;_}_}
=== RUN   TestNoUnreachableLoopFires/for_(var_i_=_0;_i_<_a.length;_i++)_throw_err;
=== PAUSE TestNoUnreachableLoopFires/for_(var_i_=_0;_i_<_a.length;_i++)_throw_err;
=== RUN   TestNoUnreachableLoopFires/for_(var_i_=_0;_i_<_a.length;_i++)_{_throw_err;_}
=== PAUSE TestNoUnreachableLoopFires/for_(var_i_=_0;_i_<_a.length;_i++)_{_throw_err;_}
=== RUN   TestNoUnreachableLoopFires/for_(var_i_=_0;_i_<_a.length;_i++)_{_foo();_break;_}
=== PAUSE TestNoUnreachableLoopFires/for_(var_i_=_0;_i_<_a.length;_i++)_{_foo();_break;_}
=== RUN   TestNoUnreachableLoopFires/for_(var_i_=_0;_i_<_a.length;_i++)_{_break;_foo();_}
=== PAUSE TestNoUnreachableLoopFires/for_(var_i_=_0;_i_<_a.length;_i++)_{_break;_foo();_}
=== RUN   TestNoUnreachableLoopFires/function_someFunc()_{_for_(var_i_=_0;_i_<_a.length;_i++)_if_(foo)_break;_else_return;_}
=== PAUSE TestNoUnreachableLoopFires/function_someFunc()_{_for_(var_i_=_0;_i_<_a.length;_i++)_if_(foo)_break;_else_return;_}
=== RUN   TestNoUnreachableLoopFires/function_someFunc()_{_for_(var_i_=_0;_i_<_a.length;_i++)_{_if_(foo)_{_return;_}_else_{_break;_}_bar();_}_}
=== PAUSE TestNoUnreachableLoopFires/function_someFunc()_{_for_(var_i_=_0;_i_<_a.length;_i++)_{_if_(foo)_{_return;_}_else_{_break;_}_bar();_}_}
=== RUN   TestNoUnreachableLoopFires/function_someFunc()_{_for_(var_i_=_0;_i_<_a.length;_i++)_{_if_(foo)_{_return;_}_throw_err;_}_}
=== PAUSE TestNoUnreachableLoopFires/function_someFunc()_{_for_(var_i_=_0;_i_<_a.length;_i++)_{_if_(foo)_{_return;_}_throw_err;_}_}
=== RUN   TestNoUnreachableLoopFires/for_(var_i_=_0;_i_<_a.length;_i++)_{_switch_(foo)_{_default:_throw_err;_}_}
=== PAUSE TestNoUnreachableLoopFires/for_(var_i_=_0;_i_<_a.length;_i++)_{_switch_(foo)_{_default:_throw_err;_}_}
=== RUN   TestNoUnreachableLoopFires/function_someFunc()_{_for_(var_i_=_0;_i_<_a.length;_i++)_{_switch_(foo)_{_case_1:_throw_err;_default:_return;_}_}_}
=== PAUSE TestNoUnreachableLoopFires/function_someFunc()_{_for_(var_i_=_0;_i_<_a.length;_i++)_{_switch_(foo)_{_case_1:_throw_err;_default:_return;_}_}_}
=== RUN   TestNoUnreachableLoopFires/function_someFunc()_{_for_(var_i_=_0;_i_<_a.length;_i++)_{_switch_(foo)_{_case_1:_something();_default:_return;_}_}_}
=== PAUSE TestNoUnreachableLoopFires/function_someFunc()_{_for_(var_i_=_0;_i_<_a.length;_i++)_{_switch_(foo)_{_case_1:_something();_default:_return;_}_}_}
=== PAUSE TestNoUnreachableLoopStaysSilent/do_{_()_=>_a_}_while_(a_&&_b)
=== RUN   TestNoUnreachableLoopFires/function_someFunc()_{_for_(var_i_=_0;_i_<_a.length;_i++)_{_try_{_return_bar();_}_catch_(e)_{_break;_}_}_}
=== PAUSE TestNoUnreachableLoopFires/function_someFunc()_{_for_(var_i_=_0;_i_<_a.length;_i++)_{_try_{_return_bar();_}_catch_(e)_{_break;_}_}_}
=== RUN   TestNoUnreachableLoopStaysSilent/do_(()_=>_a)();_while_(a_&&_b)
=== RUN   TestNoUnreachableLoopFires/for_(var_i_=_0;_i_<_a.length;_i++)_{_break;_continue;_}
=== PAUSE TestNoUnreachableLoopFires/for_(var_i_=_0;_i_<_a.length;_i++)_{_break;_continue;_}
=== PAUSE TestNoUnreachableLoopStaysSilent/do_(()_=>_a)();_while_(a_&&_b)
=== RUN   TestNoUnreachableLoopFires/for_(var_i_=_0;_i_<_a.length;_i++)_{_()_=>_a;_break;_}
=== PAUSE TestNoUnreachableLoopFires/for_(var_i_=_0;_i_<_a.length;_i++)_{_()_=>_a;_break;_}
=== RUN   TestNoUnreachableLoopFires/for_(var_i_=_0;_i_<_a.length;_i++)_{_(()_=>_a)();_break;_}
=== RUN   TestNoUnreachableLoopStaysSilent/do_{_(()_=>_a)()_}_while_(a_&&_b)
=== PAUSE TestNoUnreachableLoopStaysSilent/do_{_(()_=>_a)()_}_while_(a_&&_b)
=== PAUSE TestNoUnreachableLoopFires/for_(var_i_=_0;_i_<_a.length;_i++)_{_(()_=>_a)();_break;_}
=== RUN   TestNoUnreachableLoopStaysSilent/do_while_(a);_while_(a_&&_b)
=== PAUSE TestNoUnreachableLoopStaysSilent/do_while_(a);_while_(a_&&_b)
=== RUN   TestNoUnreachableLoopFires/for_(var_i_=_0;_i_<_a.length;_i++)_{_while_(a);_break;_}
=== RUN   TestNoUnreachableLoopStaysSilent/do_do_;_while_(a)_while_(a_&&_b)
=== PAUSE TestNoUnreachableLoopStaysSilent/do_do_;_while_(a)_while_(a_&&_b)
=== PAUSE TestNoUnreachableLoopFires/for_(var_i_=_0;_i_<_a.length;_i++)_{_while_(a);_break;_}
=== RUN   TestNoUnreachableLoopStaysSilent/do_for_(a;_b;_c);_while_(a_&&_b)
=== PAUSE TestNoUnreachableLoopStaysSilent/do_for_(a;_b;_c);_while_(a_&&_b)
=== RUN   TestNoUnreachableLoopFires/for_(var_i_=_0;_i_<_a.length;_i++)_{_do_;_while_(a)_break;_}
=== RUN   TestNoUnreachableLoopStaysSilent/do_for_(;_b;);_while_(a_&&_b)
=== PAUSE TestNoUnreachableLoopStaysSilent/do_for_(;_b;);_while_(a_&&_b)
=== PAUSE TestNoUnreachableLoopFires/for_(var_i_=_0;_i_<_a.length;_i++)_{_do_;_while_(a)_break;_}
=== RUN   TestNoUnreachableLoopStaysSilent/do_for_(;_;_c)_if_(foo)_break;_while_(a_&&_b)
=== PAUSE TestNoUnreachableLoopStaysSilent/do_for_(;_;_c)_if_(foo)_break;_while_(a_&&_b)
=== RUN   TestNoUnreachableLoopStaysSilent/do_for_(;;)_if_(foo)_break;_while_(a_&&_b)
=== RUN   TestNoUnreachableLoopFires/for_(var_i_=_0;_i_<_a.length;_i++)_{_for_(a;_b;_c);_break;_}
=== PAUSE TestNoUnreachableLoopStaysSilent/do_for_(;;)_if_(foo)_break;_while_(a_&&_b)
=== RUN   TestNoUnreachableLoopStaysSilent/do_while_(true)_if_(foo)_break;_while_(a_&&_b)
=== PAUSE TestNoUnreachableLoopStaysSilent/do_while_(true)_if_(foo)_break;_while_(a_&&_b)
=== RUN   TestNoUnreachableLoopStaysSilent/function_someFunc()_{_do_while_(foo)_if_(bar)_return;_while_(a_&&_b)_}
=== PAUSE TestNoUnreachableLoopStaysSilent/function_someFunc()_{_do_while_(foo)_if_(bar)_return;_while_(a_&&_b)_}
=== PAUSE TestNoUnreachableLoopFires/for_(var_i_=_0;_i_<_a.length;_i++)_{_for_(a;_b;_c);_break;_}
=== RUN   TestNoUnreachableLoopStaysSilent/do_for_(a_in_b);_while_(a_&&_b)
=== RUN   TestNoUnreachableLoopFires/for_(var_i_=_0;_i_<_a.length;_i++)_{_for_(;_b;);_break;_}
=== PAUSE TestNoUnreachableLoopFires/for_(var_i_=_0;_i_<_a.length;_i++)_{_for_(;_b;);_break;_}
=== PAUSE TestNoUnreachableLoopStaysSilent/do_for_(a_in_b);_while_(a_&&_b)
=== RUN   TestNoUnreachableLoopFires/for_(var_i_=_0;_i_<_a.length;_i++)_{_for_(;_;_c)_if_(foo)_break;_break;_}
=== PAUSE TestNoUnreachableLoopFires/for_(var_i_=_0;_i_<_a.length;_i++)_{_for_(;_;_c)_if_(foo)_break;_break;_}
=== RUN   TestNoUnreachableLoopFires/for_(var_i_=_0;_i_<_a.length;_i++)_{_for(;;)_if_(foo)_break;_break;_}
=== RUN   TestNoUnreachableLoopStaysSilent/do_for_(a_of_b);_while_(a_&&_b)
=== PAUSE TestNoUnreachableLoopStaysSilent/do_for_(a_of_b);_while_(a_&&_b)
=== RUN   TestNoUnreachableLoopStaysSilent/for_(a;_b;_c)_;
=== PAUSE TestNoUnreachableLoopFires/for_(var_i_=_0;_i_<_a.length;_i++)_{_for(;;)_if_(foo)_break;_break;_}
=== PAUSE TestNoUnreachableLoopStaysSilent/for_(a;_b;_c)_;
=== RUN   TestNoUnreachableLoopFires/for_(var_i_=_0;_i_<_a.length;_i++)_{_for_(a_in_b);_break;_}
=== RUN   TestNoUnreachableLoopStaysSilent/for_(a;_b;_c)_{}
=== PAUSE TestNoUnreachableLoopFires/for_(var_i_=_0;_i_<_a.length;_i++)_{_for_(a_in_b);_break;_}
=== PAUSE TestNoUnreachableLoopStaysSilent/for_(a;_b;_c)_{}
=== RUN   TestNoUnreachableLoopStaysSilent/for_(a;_b;_c)_{_bar();_}
=== PAUSE TestNoUnreachableLoopStaysSilent/for_(a;_b;_c)_{_bar();_}
=== RUN   TestNoUnreachableLoopStaysSilent/for_(a;_b;_c)_continue;
=== RUN   TestNoUnreachableLoopFires/for_(var_i_=_0;_i_<_a.length;_i++)_{_for_(a_of_b);_break;_}
=== PAUSE TestNoUnreachableLoopStaysSilent/for_(a;_b;_c)_continue;
=== PAUSE TestNoUnreachableLoopFires/for_(var_i_=_0;_i_<_a.length;_i++)_{_for_(a_of_b);_break;_}
=== RUN   TestNoUnreachableLoopStaysSilent/for_(a;_b;_c)_{_continue;_}
=== PAUSE TestNoUnreachableLoopStaysSilent/for_(a;_b;_c)_{_continue;_}
=== RUN   TestNoUnreachableLoopFires/for_(var_i_=_0;_i_<_a.length;_i++)_for_(;;);
=== PAUSE TestNoUnreachableLoopFires/for_(var_i_=_0;_i_<_a.length;_i++)_for_(;;);
=== RUN   TestNoUnreachableLoopStaysSilent/for_(a;_b;_c)_{_if_(foo)_break;_}
=== PAUSE TestNoUnreachableLoopStaysSilent/for_(a;_b;_c)_{_if_(foo)_break;_}
=== RUN   TestNoUnreachableLoopFires/for_(var_i_=_0;_i_<_a.length;_i++)_{_for_(var_i_=_0;_;_i<_10)_{_foo();_}_}
=== PAUSE TestNoUnreachableLoopFires/for_(var_i_=_0;_i_<_a.length;_i++)_{_for_(var_i_=_0;_;_i<_10)_{_foo();_}_}
=== RUN   TestNoUnreachableLoopStaysSilent/function_someFunc()_{_for_(a;_b;_c)_{_if_(foo)_{_return;_}_bar();_}_}
=== RUN   TestNoUnreachableLoopFires/for_(var_i_=_0;_i_<_a.length;_i++)_while_(true);
=== PAUSE TestNoUnreachableLoopStaysSilent/function_someFunc()_{_for_(a;_b;_c)_{_if_(foo)_{_return;_}_bar();_}_}
=== PAUSE TestNoUnreachableLoopFires/for_(var_i_=_0;_i_<_a.length;_i++)_while_(true);
=== RUN   TestNoUnreachableLoopStaysSilent/for_(a;_b;_c)_{_if_(foo)_{_bar();_}_else_{_break;_}_}
=== RUN   TestNoUnreachableLoopFires/for_(;_b;_c)_break;
=== PAUSE TestNoUnreachableLoopStaysSilent/for_(a;_b;_c)_{_if_(foo)_{_bar();_}_else_{_break;_}_}
=== PAUSE TestNoUnreachableLoopFires/for_(;_b;_c)_break;
=== RUN   TestNoUnreachableLoopStaysSilent/function_someFunc()_{_for_(a;_b;_c)_{_if_(foo)_{_continue;_}_return;_}_}
=== PAUSE TestNoUnreachableLoopStaysSilent/function_someFunc()_{_for_(a;_b;_c)_{_if_(foo)_{_continue;_}_return;_}_}
=== RUN   TestNoUnreachableLoopFires/for_(;_b;_c)_{_break;_}
=== PAUSE TestNoUnreachableLoopFires/for_(;_b;_c)_{_break;_}
=== RUN   TestNoUnreachableLoopFires/function_someFunc()_{_for_(;_b;_c)_return;_}
=== PAUSE TestNoUnreachableLoopFires/function_someFunc()_{_for_(;_b;_c)_return;_}
=== RUN   TestNoUnreachableLoopFires/function_someFunc()_{_for_(;_b;_c)_{_return;_}_}
=== PAUSE TestNoUnreachableLoopFires/function_someFunc()_{_for_(;_b;_c)_{_return;_}_}
=== RUN   TestNoUnreachableLoopFires/for_(;_b;_c)_throw_err;
=== PAUSE TestNoUnreachableLoopFires/for_(;_b;_c)_throw_err;
=== RUN   TestNoUnreachableLoopStaysSilent/function_someFunc()_{_for_(a;_b;_c)_{_switch_(foo)_{_case_1:_return;_}_}_}
=== RUN   TestNoUnreachableLoopFires/for_(;_b;_c)_{_throw_err;_}
=== PAUSE TestNoUnreachableLoopFires/for_(;_b;_c)_{_throw_err;_}
=== PAUSE TestNoUnreachableLoopStaysSilent/function_someFunc()_{_for_(a;_b;_c)_{_switch_(foo)_{_case_1:_return;_}_}_}
=== RUN   TestNoUnreachableLoopFires/for_(;_b;_c)_{_foo();_break;_}
=== RUN   TestNoUnreachableLoopStaysSilent/function_someFunc()_{_for_(a;_b;_c)_{_switch_(foo)_{_case_1:_break;_default:_return;_}_}_}
=== PAUSE TestNoUnreachableLoopStaysSilent/function_someFunc()_{_for_(a;_b;_c)_{_switch_(foo)_{_case_1:_break;_default:_return;_}_}_}
=== RUN   TestNoUnreachableLoopStaysSilent/function_someFunc()_{_for_(a;_b;_c)_{_switch_(foo)_{_case_1:_continue;_default:_return;_}_throw_err;_}_}
=== PAUSE TestNoUnreachableLoopStaysSilent/function_someFunc()_{_for_(a;_b;_c)_{_switch_(foo)_{_case_1:_continue;_default:_return;_}_throw_err;_}_}
=== RUN   TestNoUnreachableLoopStaysSilent/function_someFunc()_{_for_(a;_b;_c)_{_try_{_return_bar();_}_catch_(e)_{}_}_}
=== PAUSE TestNoUnreachableLoopStaysSilent/function_someFunc()_{_for_(a;_b;_c)_{_try_{_return_bar();_}_catch_(e)_{}_}_}
=== RUN   TestNoUnreachableLoopStaysSilent/for_(a;_b;_c)_{_continue;_break;_}
=== PAUSE TestNoUnreachableLoopStaysSilent/for_(a;_b;_c)_{_continue;_break;_}
=== RUN   TestNoUnreachableLoopStaysSilent/for_(a;_b;_c)_()_=>_a;
=== PAUSE TestNoUnreachableLoopStaysSilent/for_(a;_b;_c)_()_=>_a;
=== RUN   TestNoUnreachableLoopStaysSilent/for_(a;_b;_c)_{_()_=>_a_}
=== PAUSE TestNoUnreachableLoopStaysSilent/for_(a;_b;_c)_{_()_=>_a_}
=== RUN   TestNoUnreachableLoopStaysSilent/for_(a;_b;_c)_(()_=>_a)();
=== PAUSE TestNoUnreachableLoopStaysSilent/for_(a;_b;_c)_(()_=>_a)();
=== RUN   TestNoUnreachableLoopStaysSilent/for_(a;_b;_c)_{_(()_=>_a)()_}
=== PAUSE TestNoUnreachableLoopFires/for_(;_b;_c)_{_foo();_break;_}
=== RUN   TestNoUnreachableLoopFires/for_(;_b;_c)_{_break;_foo();_}
=== PAUSE TestNoUnreachableLoopFires/for_(;_b;_c)_{_break;_foo();_}
=== PAUSE TestNoUnreachableLoopStaysSilent/for_(a;_b;_c)_{_(()_=>_a)()_}
=== RUN   TestNoUnreachableLoopFires/function_someFunc()_{_for_(;_b;_c)_if_(foo)_break;_else_return;_}
=== PAUSE TestNoUnreachableLoopFires/function_someFunc()_{_for_(;_b;_c)_if_(foo)_break;_else_return;_}
=== RUN   TestNoUnreachableLoopStaysSilent/for_(a;_b;_c)_while_(a);
=== PAUSE TestNoUnreachableLoopStaysSilent/for_(a;_b;_c)_while_(a);
=== RUN   TestNoUnreachableLoopStaysSilent/for_(a;_b;_c)_do_;_while_(a)
=== RUN   TestNoUnreachableLoopFires/function_someFunc()_{_for_(;_b;_c)_{_if_(foo)_{_return;_}_else_{_break;_}_bar();_}_}
=== PAUSE TestNoUnreachableLoopFires/function_someFunc()_{_for_(;_b;_c)_{_if_(foo)_{_return;_}_else_{_break;_}_bar();_}_}
=== RUN   TestNoUnreachableLoopFires/function_someFunc()_{_for_(;_b;_c)_{_if_(foo)_{_return;_}_throw_err;_}_}
=== PAUSE TestNoUnreachableLoopFires/function_someFunc()_{_for_(;_b;_c)_{_if_(foo)_{_return;_}_throw_err;_}_}
=== RUN   TestNoUnreachableLoopFires/for_(;_b;_c)_{_switch_(foo)_{_default:_throw_err;_}_}
=== PAUSE TestNoUnreachableLoopFires/for_(;_b;_c)_{_switch_(foo)_{_default:_throw_err;_}_}
=== RUN   TestNoUnreachableLoopFires/function_someFunc()_{_for_(;_b;_c)_{_switch_(foo)_{_case_1:_throw_err;_default:_return;_}_}_}
=== PAUSE TestNoUnreachableLoopFires/function_someFunc()_{_for_(;_b;_c)_{_switch_(foo)_{_case_1:_throw_err;_default:_return;_}_}_}
=== PAUSE TestNoUnreachableLoopStaysSilent/for_(a;_b;_c)_do_;_while_(a)
=== RUN   TestNoUnreachableLoopFires/function_someFunc()_{_for_(;_b;_c)_{_switch_(foo)_{_case_1:_something();_default:_return;_}_}_}
=== RUN   TestNoUnreachableLoopStaysSilent/for_(a;_b;_c)_for_(a;_b;_c);
=== PAUSE TestNoUnreachableLoopStaysSilent/for_(a;_b;_c)_for_(a;_b;_c);
=== PAUSE TestNoUnreachableLoopFires/function_someFunc()_{_for_(;_b;_c)_{_switch_(foo)_{_case_1:_something();_default:_return;_}_}_}
=== RUN   TestNoUnreachableLoopStaysSilent/for_(a;_b;_c)_for_(;_b;);
=== PAUSE TestNoUnreachableLoopStaysSilent/for_(a;_b;_c)_for_(;_b;);
=== RUN   TestNoUnreachableLoopStaysSilent/for_(a;_b;_c)_for_(;_;_c)_if_(foo)_break;
=== PAUSE TestNoUnreachableLoopStaysSilent/for_(a;_b;_c)_for_(;_;_c)_if_(foo)_break;
=== RUN   TestNoUnreachableLoopFires/function_someFunc()_{_for_(;_b;_c)_{_try_{_return_bar();_}_catch_(e)_{_break;_}_}_}
=== PAUSE TestNoUnreachableLoopFires/function_someFunc()_{_for_(;_b;_c)_{_try_{_return_bar();_}_catch_(e)_{_break;_}_}_}
=== RUN   TestNoUnreachableLoopFires/for_(;_b;_c)_{_break;_continue;_}
=== RUN   TestNoUnreachableLoopStaysSilent/for_(a;_b;_c)_for_(;;)_if_(foo)_break;
=== PAUSE TestNoUnreachableLoopStaysSilent/for_(a;_b;_c)_for_(;;)_if_(foo)_break;
=== PAUSE TestNoUnreachableLoopFires/for_(;_b;_c)_{_break;_continue;_}
=== RUN   TestNoUnreachableLoopStaysSilent/for_(a;_b;_c)_while_(true)_if_(foo)_break;
=== PAUSE TestNoUnreachableLoopStaysSilent/for_(a;_b;_c)_while_(true)_if_(foo)_break;
=== RUN   TestNoUnreachableLoopStaysSilent/function_someFunc()_{_for_(a;_b;_c)_while_(foo)_if_(bar)_return;_}
=== RUN   TestNoUnreachableLoopFires/for_(;_b;_c)_{_()_=>_a;_break;_}
=== PAUSE TestNoUnreachableLoopFires/for_(;_b;_c)_{_()_=>_a;_break;_}
=== PAUSE TestNoUnreachableLoopStaysSilent/function_someFunc()_{_for_(a;_b;_c)_while_(foo)_if_(bar)_return;_}
=== RUN   TestNoUnreachableLoopFires/for_(;_b;_c)_{_(()_=>_a)();_break;_}
=== PAUSE TestNoUnreachableLoopFires/for_(;_b;_c)_{_(()_=>_a)();_break;_}
=== RUN   TestNoUnreachableLoopStaysSilent/for_(a;_b;_c)_for_(a_in_b);
=== RUN   TestNoUnreachableLoopFires/for_(;_b;_c)_{_while_(a);_break;_}
=== PAUSE TestNoUnreachableLoopFires/for_(;_b;_c)_{_while_(a);_break;_}
=== RUN   TestNoUnreachableLoopFires/for_(;_b;_c)_{_do_;_while_(a)_break;_}
=== PAUSE TestNoUnreachableLoopStaysSilent/for_(a;_b;_c)_for_(a_in_b);
=== PAUSE TestNoUnreachableLoopFires/for_(;_b;_c)_{_do_;_while_(a)_break;_}
=== RUN   TestNoUnreachableLoopFires/for_(;_b;_c)_{_for_(a;_b;_c);_break;_}
=== PAUSE TestNoUnreachableLoopFires/for_(;_b;_c)_{_for_(a;_b;_c);_break;_}
=== RUN   TestNoUnreachableLoopStaysSilent/for_(a;_b;_c)_for_(a_of_b);
=== PAUSE TestNoUnreachableLoopStaysSilent/for_(a;_b;_c)_for_(a_of_b);
=== RUN   TestNoUnreachableLoopStaysSilent/for_(var_i_=_0;_i_<_a.length;_i++)_;
=== RUN   TestNoUnreachableLoopFires/for_(;_b;_c)_{_for_(;_b;);_break;_}
=== PAUSE TestNoUnreachableLoopStaysSilent/for_(var_i_=_0;_i_<_a.length;_i++)_;
=== PAUSE TestNoUnreachableLoopFires/for_(;_b;_c)_{_for_(;_b;);_break;_}
=== RUN   TestNoUnreachableLoopFires/for_(;_b;_c)_{_for_(;_;_c)_if_(foo)_break;_break;_}
=== RUN   TestNoUnreachableLoopStaysSilent/for_(var_i_=_0;_i_<_a.length;_i++)_{}
=== PAUSE TestNoUnreachableLoopStaysSilent/for_(var_i_=_0;_i_<_a.length;_i++)_{}
=== PAUSE TestNoUnreachableLoopFires/for_(;_b;_c)_{_for_(;_;_c)_if_(foo)_break;_break;_}
=== RUN   TestNoUnreachableLoopStaysSilent/for_(var_i_=_0;_i_<_a.length;_i++)_{_bar();_}
=== PAUSE TestNoUnreachableLoopStaysSilent/for_(var_i_=_0;_i_<_a.length;_i++)_{_bar();_}
=== RUN   TestNoUnreachableLoopStaysSilent/for_(var_i_=_0;_i_<_a.length;_i++)_continue;
=== RUN   TestNoUnreachableLoopFires/for_(;_b;_c)_{_for(;;)_if_(foo)_break;_break;_}
=== PAUSE TestNoUnreachableLoopFires/for_(;_b;_c)_{_for(;;)_if_(foo)_break;_break;_}
=== RUN   TestNoUnreachableLoopFires/for_(;_b;_c)_{_for_(a_in_b);_break;_}
=== PAUSE TestNoUnreachableLoopStaysSilent/for_(var_i_=_0;_i_<_a.length;_i++)_continue;
=== RUN   TestNoUnreachableLoopStaysSilent/for_(var_i_=_0;_i_<_a.length;_i++)_{_continue;_}
=== PAUSE TestNoUnreachableLoopFires/for_(;_b;_c)_{_for_(a_in_b);_break;_}
=== PAUSE TestNoUnreachableLoopStaysSilent/for_(var_i_=_0;_i_<_a.length;_i++)_{_continue;_}
=== RUN   TestNoUnreachableLoopStaysSilent/for_(var_i_=_0;_i_<_a.length;_i++)_{_if_(foo)_break;_}
=== RUN   TestNoUnreachableLoopFires/for_(;_b;_c)_{_for_(a_of_b);_break;_}
=== PAUSE TestNoUnreachableLoopStaysSilent/for_(var_i_=_0;_i_<_a.length;_i++)_{_if_(foo)_break;_}
=== PAUSE TestNoUnreachableLoopFires/for_(;_b;_c)_{_for_(a_of_b);_break;_}
=== RUN   TestNoUnreachableLoopStaysSilent/function_someFunc()_{_for_(var_i_=_0;_i_<_a.length;_i++)_{_if_(foo)_{_return;_}_bar();_}_}
=== RUN   TestNoUnreachableLoopFires/for_(;_b;_c)_for_(;;);
=== PAUSE TestNoUnreachableLoopStaysSilent/function_someFunc()_{_for_(var_i_=_0;_i_<_a.length;_i++)_{_if_(foo)_{_return;_}_bar();_}_}
=== PAUSE TestNoUnreachableLoopFires/for_(;_b;_c)_for_(;;);
=== RUN   TestNoUnreachableLoopStaysSilent/for_(var_i_=_0;_i_<_a.length;_i++)_{_if_(foo)_{_bar();_}_else_{_break;_}_}
=== PAUSE TestNoUnreachableLoopStaysSilent/for_(var_i_=_0;_i_<_a.length;_i++)_{_if_(foo)_{_bar();_}_else_{_break;_}_}
=== RUN   TestNoUnreachableLoopFires/for_(;_b;_c)_{_for_(var_i_=_0;_;_i<_10)_{_foo();_}_}
=== PAUSE TestNoUnreachableLoopFires/for_(;_b;_c)_{_for_(var_i_=_0;_;_i<_10)_{_foo();_}_}
=== RUN   TestNoUnreachableLoopStaysSilent/function_someFunc()_{_for_(var_i_=_0;_i_<_a.length;_i++)_{_if_(foo)_{_continue;_}_return;_}_}
=== PAUSE TestNoUnreachableLoopStaysSilent/function_someFunc()_{_for_(var_i_=_0;_i_<_a.length;_i++)_{_if_(foo)_{_continue;_}_return;_}_}
=== RUN   TestNoUnreachableLoopFires/for_(;_b;_c)_while_(true);
=== PAUSE TestNoUnreachableLoopFires/for_(;_b;_c)_while_(true);
=== RUN   TestNoUnreachableLoopStaysSilent/function_someFunc()_{_for_(var_i_=_0;_i_<_a.length;_i++)_{_switch_(foo)_{_case_1:_return;_}_}_}
=== PAUSE TestNoUnreachableLoopStaysSilent/function_someFunc()_{_for_(var_i_=_0;_i_<_a.length;_i++)_{_switch_(foo)_{_case_1:_return;_}_}_}
=== RUN   TestNoUnreachableLoopFires/for_(;_b_<_foo;_c++)_break;
=== PAUSE TestNoUnreachableLoopFires/for_(;_b_<_foo;_c++)_break;
=== RUN   TestNoUnreachableLoopStaysSilent/function_someFunc()_{_for_(var_i_=_0;_i_<_a.length;_i++)_{_switch_(foo)_{_case_1:_break;_default:_return;_}_}_}
=== PAUSE TestNoUnreachableLoopStaysSilent/function_someFunc()_{_for_(var_i_=_0;_i_<_a.length;_i++)_{_switch_(foo)_{_case_1:_break;_default:_return;_}_}_}
=== RUN   TestNoUnreachableLoopFires/for_(;_b_<_foo;_c++)_{_break;_}
=== PAUSE TestNoUnreachableLoopFires/for_(;_b_<_foo;_c++)_{_break;_}
=== RUN   TestNoUnreachableLoopStaysSilent/function_someFunc()_{_for_(var_i_=_0;_i_<_a.length;_i++)_{_switch_(foo)_{_case_1:_continue;_default:_return;_}_throw_err;_}_}
=== PAUSE TestNoUnreachableLoopStaysSilent/function_someFunc()_{_for_(var_i_=_0;_i_<_a.length;_i++)_{_switch_(foo)_{_case_1:_continue;_default:_return;_}_throw_err;_}_}
=== RUN   TestNoUnreachableLoopStaysSilent/function_someFunc()_{_for_(var_i_=_0;_i_<_a.length;_i++)_{_try_{_return_bar();_}_catch_(e)_{}_}_}
=== RUN   TestNoUnreachableLoopFires/function_someFunc()_{_for_(;_b_<_foo;_c++)_return;_}
=== PAUSE TestNoUnreachableLoopFires/function_someFunc()_{_for_(;_b_<_foo;_c++)_return;_}
=== RUN   TestNoUnreachableLoopFires/function_someFunc()_{_for_(;_b_<_foo;_c++)_{_return;_}_}
=== PAUSE TestNoUnreachableLoopStaysSilent/function_someFunc()_{_for_(var_i_=_0;_i_<_a.length;_i++)_{_try_{_return_bar();_}_catch_(e)_{}_}_}
=== PAUSE TestNoUnreachableLoopFires/function_someFunc()_{_for_(;_b_<_foo;_c++)_{_return;_}_}
=== RUN   TestNoUnreachableLoopStaysSilent/for_(var_i_=_0;_i_<_a.length;_i++)_{_continue;_break;_}
=== RUN   TestNoUnreachableLoopFires/for_(;_b_<_foo;_c++)_throw_err;
=== PAUSE TestNoUnreachableLoopStaysSilent/for_(var_i_=_0;_i_<_a.length;_i++)_{_continue;_break;_}
=== PAUSE TestNoUnreachableLoopFires/for_(;_b_<_foo;_c++)_throw_err;
=== RUN   TestNoUnreachableLoopStaysSilent/for_(var_i_=_0;_i_<_a.length;_i++)_()_=>_a;
=== RUN   TestNoUnreachableLoopFires/for_(;_b_<_foo;_c++)_{_throw_err;_}
=== PAUSE TestNoUnreachableLoopStaysSilent/for_(var_i_=_0;_i_<_a.length;_i++)_()_=>_a;
=== PAUSE TestNoUnreachableLoopFires/for_(;_b_<_foo;_c++)_{_throw_err;_}
=== RUN   TestNoUnreachableLoopStaysSilent/for_(var_i_=_0;_i_<_a.length;_i++)_{_()_=>_a_}
=== PAUSE TestNoUnreachableLoopStaysSilent/for_(var_i_=_0;_i_<_a.length;_i++)_{_()_=>_a_}
=== RUN   TestNoUnreachableLoopFires/for_(;_b_<_foo;_c++)_{_foo();_break;_}
=== PAUSE TestNoUnreachableLoopFires/for_(;_b_<_foo;_c++)_{_foo();_break;_}
=== RUN   TestNoUnreachableLoopStaysSilent/for_(var_i_=_0;_i_<_a.length;_i++)_(()_=>_a)();
=== PAUSE TestNoUnreachableLoopStaysSilent/for_(var_i_=_0;_i_<_a.length;_i++)_(()_=>_a)();
=== RUN   TestNoUnreachableLoopFires/for_(;_b_<_foo;_c++)_{_break;_foo();_}
=== PAUSE TestNoUnreachableLoopFires/for_(;_b_<_foo;_c++)_{_break;_foo();_}
=== RUN   TestNoUnreachableLoopStaysSilent/for_(var_i_=_0;_i_<_a.length;_i++)_{_(()_=>_a)()_}
=== RUN   TestNoUnreachableLoopFires/function_someFunc()_{_for_(;_b_<_foo;_c++)_if_(foo)_break;_else_return;_}
=== PAUSE TestNoUnreachableLoopFires/function_someFunc()_{_for_(;_b_<_foo;_c++)_if_(foo)_break;_else_return;_}
=== PAUSE TestNoUnreachableLoopStaysSilent/for_(var_i_=_0;_i_<_a.length;_i++)_{_(()_=>_a)()_}
=== RUN   TestNoUnreachableLoopFires/function_someFunc()_{_for_(;_b_<_foo;_c++)_{_if_(foo)_{_return;_}_else_{_break;_}_bar();_}_}
=== PAUSE TestNoUnreachableLoopFires/function_someFunc()_{_for_(;_b_<_foo;_c++)_{_if_(foo)_{_return;_}_else_{_break;_}_bar();_}_}
=== RUN   TestNoUnreachableLoopFires/function_someFunc()_{_for_(;_b_<_foo;_c++)_{_if_(foo)_{_return;_}_throw_err;_}_}
=== RUN   TestNoUnreachableLoopStaysSilent/for_(var_i_=_0;_i_<_a.length;_i++)_while_(a);
=== PAUSE TestNoUnreachableLoopStaysSilent/for_(var_i_=_0;_i_<_a.length;_i++)_while_(a);
=== PAUSE TestNoUnreachableLoopFires/function_someFunc()_{_for_(;_b_<_foo;_c++)_{_if_(foo)_{_return;_}_throw_err;_}_}
=== RUN   TestNoUnreachableLoopStaysSilent/for_(var_i_=_0;_i_<_a.length;_i++)_do_;_while_(a)
=== PAUSE TestNoUnreachableLoopStaysSilent/for_(var_i_=_0;_i_<_a.length;_i++)_do_;_while_(a)
=== RUN   TestNoUnreachableLoopStaysSilent/for_(var_i_=_0;_i_<_a.length;_i++)_for_(a;_b;_c);
=== RUN   TestNoUnreachableLoopFires/for_(;_b_<_foo;_c++)_{_switch_(foo)_{_default:_throw_err;_}_}
=== PAUSE TestNoUnreachableLoopFires/for_(;_b_<_foo;_c++)_{_switch_(foo)_{_default:_throw_err;_}_}
=== PAUSE TestNoUnreachableLoopStaysSilent/for_(var_i_=_0;_i_<_a.length;_i++)_for_(a;_b;_c);
=== RUN   TestNoUnreachableLoopFires/function_someFunc()_{_for_(;_b_<_foo;_c++)_{_switch_(foo)_{_case_1:_throw_err;_default:_return;_}_}_}
=== PAUSE TestNoUnreachableLoopFires/function_someFunc()_{_for_(;_b_<_foo;_c++)_{_switch_(foo)_{_case_1:_throw_err;_default:_return;_}_}_}
=== RUN   TestNoUnreachableLoopFires/function_someFunc()_{_for_(;_b_<_foo;_c++)_{_switch_(foo)_{_case_1:_something();_default:_return;_}_}_}
=== PAUSE TestNoUnreachableLoopFires/function_someFunc()_{_for_(;_b_<_foo;_c++)_{_switch_(foo)_{_case_1:_something();_default:_return;_}_}_}
=== RUN   TestNoUnreachableLoopFires/function_someFunc()_{_for_(;_b_<_foo;_c++)_{_try_{_return_bar();_}_catch_(e)_{_break;_}_}_}
=== PAUSE TestNoUnreachableLoopFires/function_someFunc()_{_for_(;_b_<_foo;_c++)_{_try_{_return_bar();_}_catch_(e)_{_break;_}_}_}
=== RUN   TestNoUnreachableLoopFires/for_(;_b_<_foo;_c++)_{_break;_continue;_}
=== PAUSE TestNoUnreachableLoopFires/for_(;_b_<_foo;_c++)_{_break;_continue;_}
=== RUN   TestNoUnreachableLoopFires/for_(;_b_<_foo;_c++)_{_()_=>_a;_break;_}
=== PAUSE TestNoUnreachableLoopFires/for_(;_b_<_foo;_c++)_{_()_=>_a;_break;_}
=== RUN   TestNoUnreachableLoopFires/for_(;_b_<_foo;_c++)_{_(()_=>_a)();_break;_}
=== PAUSE TestNoUnreachableLoopFires/for_(;_b_<_foo;_c++)_{_(()_=>_a)();_break;_}
=== RUN   TestNoUnreachableLoopFires/for_(;_b_<_foo;_c++)_{_while_(a);_break;_}
=== PAUSE TestNoUnreachableLoopFires/for_(;_b_<_foo;_c++)_{_while_(a);_break;_}
=== RUN   TestNoUnreachableLoopFires/for_(;_b_<_foo;_c++)_{_do_;_while_(a)_break;_}
=== PAUSE TestNoUnreachableLoopFires/for_(;_b_<_foo;_c++)_{_do_;_while_(a)_break;_}
=== RUN   TestNoUnreachableLoopFires/for_(;_b_<_foo;_c++)_{_for_(a;_b;_c);_break;_}
=== PAUSE TestNoUnreachableLoopFires/for_(;_b_<_foo;_c++)_{_for_(a;_b;_c);_break;_}
=== RUN   TestNoUnreachableLoopFires/for_(;_b_<_foo;_c++)_{_for_(;_b;);_break;_}
=== PAUSE TestNoUnreachableLoopFires/for_(;_b_<_foo;_c++)_{_for_(;_b;);_break;_}
=== RUN   TestNoUnreachableLoopFires/for_(;_b_<_foo;_c++)_{_for_(;_;_c)_if_(foo)_break;_break;_}
=== RUN   TestNoUnreachableLoopStaysSilent/for_(var_i_=_0;_i_<_a.length;_i++)_for_(;_b;);
=== PAUSE TestNoUnreachableLoopFires/for_(;_b_<_foo;_c++)_{_for_(;_;_c)_if_(foo)_break;_break;_}
=== PAUSE TestNoUnreachableLoopStaysSilent/for_(var_i_=_0;_i_<_a.length;_i++)_for_(;_b;);
=== RUN   TestNoUnreachableLoopFires/for_(;_b_<_foo;_c++)_{_for(;;)_if_(foo)_break;_break;_}
=== PAUSE TestNoUnreachableLoopFires/for_(;_b_<_foo;_c++)_{_for(;;)_if_(foo)_break;_break;_}
=== RUN   TestNoUnreachableLoopStaysSilent/for_(var_i_=_0;_i_<_a.length;_i++)_for_(;_;_c)_if_(foo)_break;
=== PAUSE TestNoUnreachableLoopStaysSilent/for_(var_i_=_0;_i_<_a.length;_i++)_for_(;_;_c)_if_(foo)_break;
=== RUN   TestNoUnreachableLoopFires/for_(;_b_<_foo;_c++)_{_for_(a_in_b);_break;_}
=== PAUSE TestNoUnreachableLoopFires/for_(;_b_<_foo;_c++)_{_for_(a_in_b);_break;_}
=== RUN   TestNoUnreachableLoopStaysSilent/for_(var_i_=_0;_i_<_a.length;_i++)_for_(;;)_if_(foo)_break;
=== PAUSE TestNoUnreachableLoopStaysSilent/for_(var_i_=_0;_i_<_a.length;_i++)_for_(;;)_if_(foo)_break;
=== RUN   TestNoUnreachableLoopFires/for_(;_b_<_foo;_c++)_{_for_(a_of_b);_break;_}
=== PAUSE TestNoUnreachableLoopFires/for_(;_b_<_foo;_c++)_{_for_(a_of_b);_break;_}
=== RUN   TestNoUnreachableLoopStaysSilent/for_(var_i_=_0;_i_<_a.length;_i++)_while_(true)_if_(foo)_break;
=== PAUSE TestNoUnreachableLoopStaysSilent/for_(var_i_=_0;_i_<_a.length;_i++)_while_(true)_if_(foo)_break;
=== RUN   TestNoUnreachableLoopStaysSilent/function_someFunc()_{_for_(var_i_=_0;_i_<_a.length;_i++)_while_(foo)_if_(bar)_return;_}
=== PAUSE TestNoUnreachableLoopStaysSilent/function_someFunc()_{_for_(var_i_=_0;_i_<_a.length;_i++)_while_(foo)_if_(bar)_return;_}
=== RUN   TestNoUnreachableLoopStaysSilent/for_(var_i_=_0;_i_<_a.length;_i++)_for_(a_in_b);
=== PAUSE TestNoUnreachableLoopStaysSilent/for_(var_i_=_0;_i_<_a.length;_i++)_for_(a_in_b);
=== RUN   TestNoUnreachableLoopStaysSilent/for_(var_i_=_0;_i_<_a.length;_i++)_for_(a_of_b);
=== PAUSE TestNoUnreachableLoopStaysSilent/for_(var_i_=_0;_i_<_a.length;_i++)_for_(a_of_b);
=== RUN   TestNoUnreachableLoopFires/for_(;_b_<_foo;_c++)_for_(;;);
=== RUN   TestNoUnreachableLoopStaysSilent/for_(;_b;_c)_;
=== PAUSE TestNoUnreachableLoopFires/for_(;_b_<_foo;_c++)_for_(;;);
=== PAUSE TestNoUnreachableLoopStaysSilent/for_(;_b;_c)_;
=== RUN   TestNoUnreachableLoopFires/for_(;_b_<_foo;_c++)_{_for_(var_i_=_0;_;_i<_10)_{_foo();_}_}
=== RUN   TestNoUnreachableLoopStaysSilent/for_(;_b;_c)_{}
=== PAUSE TestNoUnreachableLoopFires/for_(;_b_<_foo;_c++)_{_for_(var_i_=_0;_;_i<_10)_{_foo();_}_}
=== PAUSE TestNoUnreachableLoopStaysSilent/for_(;_b;_c)_{}
=== RUN   TestNoUnreachableLoopFires/for_(;_b_<_foo;_c++)_while_(true);
=== RUN   TestNoUnreachableLoopStaysSilent/for_(;_b;_c)_{_bar();_}
=== PAUSE TestNoUnreachableLoopFires/for_(;_b_<_foo;_c++)_while_(true);
=== PAUSE TestNoUnreachableLoopStaysSilent/for_(;_b;_c)_{_bar();_}
=== RUN   TestNoUnreachableLoopFires/for_(a;_;_c)_break;
=== PAUSE TestNoUnreachableLoopFires/for_(a;_;_c)_break;
=== RUN   TestNoUnreachableLoopStaysSilent/for_(;_b;_c)_continue;
=== PAUSE TestNoUnreachableLoopStaysSilent/for_(;_b;_c)_continue;
=== RUN   TestNoUnreachableLoopFires/for_(a;_;_c)_{_break;_}
=== PAUSE TestNoUnreachableLoopFires/for_(a;_;_c)_{_break;_}
=== RUN   TestNoUnreachableLoopStaysSilent/for_(;_b;_c)_{_continue;_}
=== PAUSE TestNoUnreachableLoopStaysSilent/for_(;_b;_c)_{_continue;_}
=== RUN   TestNoUnreachableLoopStaysSilent/for_(;_b;_c)_{_if_(foo)_break;_}
=== RUN   TestNoUnreachableLoopFires/function_someFunc()_{_for_(a;_;_c)_return;_}
=== PAUSE TestNoUnreachableLoopStaysSilent/for_(;_b;_c)_{_if_(foo)_break;_}
=== PAUSE TestNoUnreachableLoopFires/function_someFunc()_{_for_(a;_;_c)_return;_}
=== RUN   TestNoUnreachableLoopStaysSilent/function_someFunc()_{_for_(;_b;_c)_{_if_(foo)_{_return;_}_bar();_}_}
=== PAUSE TestNoUnreachableLoopStaysSilent/function_someFunc()_{_for_(;_b;_c)_{_if_(foo)_{_return;_}_bar();_}_}
=== RUN   TestNoUnreachableLoopFires/function_someFunc()_{_for_(a;_;_c)_{_return;_}_}
=== PAUSE TestNoUnreachableLoopFires/function_someFunc()_{_for_(a;_;_c)_{_return;_}_}
=== RUN   TestNoUnreachableLoopStaysSilent/for_(;_b;_c)_{_if_(foo)_{_bar();_}_else_{_break;_}_}
=== PAUSE TestNoUnreachableLoopStaysSilent/for_(;_b;_c)_{_if_(foo)_{_bar();_}_else_{_break;_}_}
=== RUN   TestNoUnreachableLoopStaysSilent/function_someFunc()_{_for_(;_b;_c)_{_if_(foo)_{_continue;_}_return;_}_}
=== RUN   TestNoUnreachableLoopFires/for_(a;_;_c)_throw_err;
=== PAUSE TestNoUnreachableLoopFires/for_(a;_;_c)_throw_err;
=== RUN   TestNoUnreachableLoopFires/for_(a;_;_c)_{_throw_err;_}
=== PAUSE TestNoUnreachableLoopFires/for_(a;_;_c)_{_throw_err;_}
=== PAUSE TestNoUnreachableLoopStaysSilent/function_someFunc()_{_for_(;_b;_c)_{_if_(foo)_{_continue;_}_return;_}_}
=== RUN   TestNoUnreachableLoopStaysSilent/function_someFunc()_{_for_(;_b;_c)_{_switch_(foo)_{_case_1:_return;_}_}_}
=== RUN   TestNoUnreachableLoopFires/for_(a;_;_c)_{_foo();_break;_}
=== PAUSE TestNoUnreachableLoopStaysSilent/function_someFunc()_{_for_(;_b;_c)_{_switch_(foo)_{_case_1:_return;_}_}_}
=== PAUSE TestNoUnreachableLoopFires/for_(a;_;_c)_{_foo();_break;_}
=== RUN   TestNoUnreachableLoopStaysSilent/function_someFunc()_{_for_(;_b;_c)_{_switch_(foo)_{_case_1:_break;_default:_return;_}_}_}
=== PAUSE TestNoUnreachableLoopStaysSilent/function_someFunc()_{_for_(;_b;_c)_{_switch_(foo)_{_case_1:_break;_default:_return;_}_}_}
=== RUN   TestNoUnreachableLoopStaysSilent/function_someFunc()_{_for_(;_b;_c)_{_switch_(foo)_{_case_1:_continue;_default:_return;_}_throw_err;_}_}
=== RUN   TestNoUnreachableLoopFires/for_(a;_;_c)_{_break;_foo();_}
=== PAUSE TestNoUnreachableLoopFires/for_(a;_;_c)_{_break;_foo();_}
=== PAUSE TestNoUnreachableLoopStaysSilent/function_someFunc()_{_for_(;_b;_c)_{_switch_(foo)_{_case_1:_continue;_default:_return;_}_throw_err;_}_}
=== RUN   TestNoUnreachableLoopFires/function_someFunc()_{_for_(a;_;_c)_if_(foo)_break;_else_return;_}
=== PAUSE TestNoUnreachableLoopFires/function_someFunc()_{_for_(a;_;_c)_if_(foo)_break;_else_return;_}
=== RUN   TestNoUnreachableLoopFires/function_someFunc()_{_for_(a;_;_c)_{_if_(foo)_{_return;_}_else_{_break;_}_bar();_}_}
=== RUN   TestNoUnreachableLoopStaysSilent/function_someFunc()_{_for_(;_b;_c)_{_try_{_return_bar();_}_catch_(e)_{}_}_}
=== PAUSE TestNoUnreachableLoopStaysSilent/function_someFunc()_{_for_(;_b;_c)_{_try_{_return_bar();_}_catch_(e)_{}_}_}
=== RUN   TestNoUnreachableLoopStaysSilent/for_(;_b;_c)_{_continue;_break;_}
=== PAUSE TestNoUnreachableLoopStaysSilent/for_(;_b;_c)_{_continue;_break;_}
=== RUN   TestNoUnreachableLoopStaysSilent/for_(;_b;_c)_()_=>_a;
=== PAUSE TestNoUnreachableLoopStaysSilent/for_(;_b;_c)_()_=>_a;
=== RUN   TestNoUnreachableLoopStaysSilent/for_(;_b;_c)_{_()_=>_a_}
=== PAUSE TestNoUnreachableLoopStaysSilent/for_(;_b;_c)_{_()_=>_a_}
=== RUN   TestNoUnreachableLoopStaysSilent/for_(;_b;_c)_(()_=>_a)();
=== PAUSE TestNoUnreachableLoopStaysSilent/for_(;_b;_c)_(()_=>_a)();
=== RUN   TestNoUnreachableLoopStaysSilent/for_(;_b;_c)_{_(()_=>_a)()_}
=== PAUSE TestNoUnreachableLoopStaysSilent/for_(;_b;_c)_{_(()_=>_a)()_}
=== RUN   TestNoUnreachableLoopStaysSilent/for_(;_b;_c)_while_(a);
=== PAUSE TestNoUnreachableLoopStaysSilent/for_(;_b;_c)_while_(a);
=== PAUSE TestNoUnreachableLoopFires/function_someFunc()_{_for_(a;_;_c)_{_if_(foo)_{_return;_}_else_{_break;_}_bar();_}_}
=== RUN   TestNoUnreachableLoopStaysSilent/for_(;_b;_c)_do_;_while_(a)
=== PAUSE TestNoUnreachableLoopStaysSilent/for_(;_b;_c)_do_;_while_(a)
=== RUN   TestNoUnreachableLoopFires/function_someFunc()_{_for_(a;_;_c)_{_if_(foo)_{_return;_}_throw_err;_}_}
=== PAUSE TestNoUnreachableLoopFires/function_someFunc()_{_for_(a;_;_c)_{_if_(foo)_{_return;_}_throw_err;_}_}
=== RUN   TestNoUnreachableLoopStaysSilent/for_(;_b;_c)_for_(a;_b;_c);
=== RUN   TestNoUnreachableLoopFires/for_(a;_;_c)_{_switch_(foo)_{_default:_throw_err;_}_}
=== PAUSE TestNoUnreachableLoopFires/for_(a;_;_c)_{_switch_(foo)_{_default:_throw_err;_}_}
=== PAUSE TestNoUnreachableLoopStaysSilent/for_(;_b;_c)_for_(a;_b;_c);
=== RUN   TestNoUnreachableLoopStaysSilent/for_(;_b;_c)_for_(;_b;);
=== PAUSE TestNoUnreachableLoopStaysSilent/for_(;_b;_c)_for_(;_b;);
=== RUN   TestNoUnreachableLoopFires/function_someFunc()_{_for_(a;_;_c)_{_switch_(foo)_{_case_1:_throw_err;_default:_return;_}_}_}
=== PAUSE TestNoUnreachableLoopFires/function_someFunc()_{_for_(a;_;_c)_{_switch_(foo)_{_case_1:_throw_err;_default:_return;_}_}_}
=== RUN   TestNoUnreachableLoopStaysSilent/for_(;_b;_c)_for_(;_;_c)_if_(foo)_break;
=== RUN   TestNoUnreachableLoopFires/function_someFunc()_{_for_(a;_;_c)_{_switch_(foo)_{_case_1:_something();_default:_return;_}_}_}
=== PAUSE TestNoUnreachableLoopFires/function_someFunc()_{_for_(a;_;_c)_{_switch_(foo)_{_case_1:_something();_default:_return;_}_}_}
=== PAUSE TestNoUnreachableLoopStaysSilent/for_(;_b;_c)_for_(;_;_c)_if_(foo)_break;
=== RUN   TestNoUnreachableLoopFires/function_someFunc()_{_for_(a;_;_c)_{_try_{_return_bar();_}_catch_(e)_{_break;_}_}_}
=== PAUSE TestNoUnreachableLoopFires/function_someFunc()_{_for_(a;_;_c)_{_try_{_return_bar();_}_catch_(e)_{_break;_}_}_}
=== RUN   TestNoUnreachableLoopFires/for_(a;_;_c)_{_break;_continue;_}
=== PAUSE TestNoUnreachableLoopFires/for_(a;_;_c)_{_break;_continue;_}
=== RUN   TestNoUnreachableLoopStaysSilent/for_(;_b;_c)_for_(;;)_if_(foo)_break;
=== PAUSE TestNoUnreachableLoopStaysSilent/for_(;_b;_c)_for_(;;)_if_(foo)_break;
=== RUN   TestNoUnreachableLoopFires/for_(a;_;_c)_{_()_=>_a;_break;_}
=== RUN   TestNoUnreachableLoopStaysSilent/for_(;_b;_c)_while_(true)_if_(foo)_break;
=== PAUSE TestNoUnreachableLoopStaysSilent/for_(;_b;_c)_while_(true)_if_(foo)_break;
=== RUN   TestNoUnreachableLoopStaysSilent/function_someFunc()_{_for_(;_b;_c)_while_(foo)_if_(bar)_return;_}
=== PAUSE TestNoUnreachableLoopStaysSilent/function_someFunc()_{_for_(;_b;_c)_while_(foo)_if_(bar)_return;_}
=== PAUSE TestNoUnreachableLoopFires/for_(a;_;_c)_{_()_=>_a;_break;_}
=== RUN   TestNoUnreachableLoopStaysSilent/for_(;_b;_c)_for_(a_in_b);
=== PAUSE TestNoUnreachableLoopStaysSilent/for_(;_b;_c)_for_(a_in_b);
=== RUN   TestNoUnreachableLoopStaysSilent/for_(;_b;_c)_for_(a_of_b);
=== PAUSE TestNoUnreachableLoopStaysSilent/for_(;_b;_c)_for_(a_of_b);
=== RUN   TestNoUnreachableLoopFires/for_(a;_;_c)_{_(()_=>_a)();_break;_}
=== RUN   TestNoUnreachableLoopStaysSilent/for_(;_b_<_foo;_c++)_;
=== PAUSE TestNoUnreachableLoopFires/for_(a;_;_c)_{_(()_=>_a)();_break;_}
=== PAUSE TestNoUnreachableLoopStaysSilent/for_(;_b_<_foo;_c++)_;
=== RUN   TestNoUnreachableLoopFires/for_(a;_;_c)_{_while_(a);_break;_}
=== PAUSE TestNoUnreachableLoopFires/for_(a;_;_c)_{_while_(a);_break;_}
=== RUN   TestNoUnreachableLoopStaysSilent/for_(;_b_<_foo;_c++)_{}
=== PAUSE TestNoUnreachableLoopStaysSilent/for_(;_b_<_foo;_c++)_{}
=== RUN   TestNoUnreachableLoopStaysSilent/for_(;_b_<_foo;_c++)_{_bar();_}
=== PAUSE TestNoUnreachableLoopStaysSilent/for_(;_b_<_foo;_c++)_{_bar();_}
=== RUN   TestNoUnreachableLoopStaysSilent/for_(;_b_<_foo;_c++)_continue;
=== PAUSE TestNoUnreachableLoopStaysSilent/for_(;_b_<_foo;_c++)_continue;
=== RUN   TestNoUnreachableLoopStaysSilent/for_(;_b_<_foo;_c++)_{_continue;_}
=== PAUSE TestNoUnreachableLoopStaysSilent/for_(;_b_<_foo;_c++)_{_continue;_}
=== RUN   TestNoUnreachableLoopStaysSilent/for_(;_b_<_foo;_c++)_{_if_(foo)_break;_}
=== PAUSE TestNoUnreachableLoopStaysSilent/for_(;_b_<_foo;_c++)_{_if_(foo)_break;_}
=== RUN   TestNoUnreachableLoopStaysSilent/function_someFunc()_{_for_(;_b_<_foo;_c++)_{_if_(foo)_{_return;_}_bar();_}_}
=== RUN   TestNoUnreachableLoopFires/for_(a;_;_c)_{_do_;_while_(a)_break;_}
=== PAUSE TestNoUnreachableLoopStaysSilent/function_someFunc()_{_for_(;_b_<_foo;_c++)_{_if_(foo)_{_return;_}_bar();_}_}
=== PAUSE TestNoUnreachableLoopFires/for_(a;_;_c)_{_do_;_while_(a)_break;_}
=== RUN   TestNoUnreachableLoopStaysSilent/for_(;_b_<_foo;_c++)_{_if_(foo)_{_bar();_}_else_{_break;_}_}
=== PAUSE TestNoUnreachableLoopStaysSilent/for_(;_b_<_foo;_c++)_{_if_(foo)_{_bar();_}_else_{_break;_}_}
=== RUN   TestNoUnreachableLoopStaysSilent/function_someFunc()_{_for_(;_b_<_foo;_c++)_{_if_(foo)_{_continue;_}_return;_}_}
=== PAUSE TestNoUnreachableLoopStaysSilent/function_someFunc()_{_for_(;_b_<_foo;_c++)_{_if_(foo)_{_continue;_}_return;_}_}
=== RUN   TestNoUnreachableLoopStaysSilent/function_someFunc()_{_for_(;_b_<_foo;_c++)_{_switch_(foo)_{_case_1:_return;_}_}_}
=== RUN   TestNoUnreachableLoopFires/for_(a;_;_c)_{_for_(a;_b;_c);_break;_}
=== PAUSE TestNoUnreachableLoopFires/for_(a;_;_c)_{_for_(a;_b;_c);_break;_}
=== PAUSE TestNoUnreachableLoopStaysSilent/function_someFunc()_{_for_(;_b_<_foo;_c++)_{_switch_(foo)_{_case_1:_return;_}_}_}
=== RUN   TestNoUnreachableLoopFires/for_(a;_;_c)_{_for_(;_b;);_break;_}
=== PAUSE TestNoUnreachableLoopFires/for_(a;_;_c)_{_for_(;_b;);_break;_}
=== RUN   TestNoUnreachableLoopStaysSilent/function_someFunc()_{_for_(;_b_<_foo;_c++)_{_switch_(foo)_{_case_1:_break;_default:_return;_}_}_}
=== PAUSE TestNoUnreachableLoopStaysSilent/function_someFunc()_{_for_(;_b_<_foo;_c++)_{_switch_(foo)_{_case_1:_break;_default:_return;_}_}_}
=== RUN   TestNoUnreachableLoopFires/for_(a;_;_c)_{_for_(;_;_c)_if_(foo)_break;_break;_}
=== PAUSE TestNoUnreachableLoopFires/for_(a;_;_c)_{_for_(;_;_c)_if_(foo)_break;_break;_}
=== RUN   TestNoUnreachableLoopStaysSilent/function_someFunc()_{_for_(;_b_<_foo;_c++)_{_switch_(foo)_{_case_1:_continue;_default:_return;_}_throw_err;_}_}
=== PAUSE TestNoUnreachableLoopStaysSilent/function_someFunc()_{_for_(;_b_<_foo;_c++)_{_switch_(foo)_{_case_1:_continue;_default:_return;_}_throw_err;_}_}
=== RUN   TestNoUnreachableLoopFires/for_(a;_;_c)_{_for(;;)_if_(foo)_break;_break;_}
=== PAUSE TestNoUnreachableLoopFires/for_(a;_;_c)_{_for(;;)_if_(foo)_break;_break;_}
=== RUN   TestNoUnreachableLoopStaysSilent/function_someFunc()_{_for_(;_b_<_foo;_c++)_{_try_{_return_bar();_}_catch_(e)_{}_}_}
=== RUN   TestNoUnreachableLoopFires/for_(a;_;_c)_{_for_(a_in_b);_break;_}
=== PAUSE TestNoUnreachableLoopFires/for_(a;_;_c)_{_for_(a_in_b);_break;_}
=== RUN   TestNoUnreachableLoopFires/for_(a;_;_c)_{_for_(a_of_b);_break;_}
=== PAUSE TestNoUnreachableLoopStaysSilent/function_someFunc()_{_for_(;_b_<_foo;_c++)_{_try_{_return_bar();_}_catch_(e)_{}_}_}
=== PAUSE TestNoUnreachableLoopFires/for_(a;_;_c)_{_for_(a_of_b);_break;_}
=== RUN   TestNoUnreachableLoopStaysSilent/for_(;_b_<_foo;_c++)_{_continue;_break;_}
=== PAUSE TestNoUnreachableLoopStaysSilent/for_(;_b_<_foo;_c++)_{_continue;_break;_}
=== RUN   TestNoUnreachableLoopFires/for_(a;_;_c)_for_(;;);
=== PAUSE TestNoUnreachableLoopFires/for_(a;_;_c)_for_(;;);
=== RUN   TestNoUnreachableLoopFires/for_(a;_;_c)_{_for_(var_i_=_0;_;_i<_10)_{_foo();_}_}
=== RUN   TestNoUnreachableLoopStaysSilent/for_(;_b_<_foo;_c++)_()_=>_a;
=== PAUSE TestNoUnreachableLoopFires/for_(a;_;_c)_{_for_(var_i_=_0;_;_i<_10)_{_foo();_}_}
=== RUN   TestNoUnreachableLoopFires/for_(a;_;_c)_while_(true);
=== PAUSE TestNoUnreachableLoopFires/for_(a;_;_c)_while_(true);
=== RUN   TestNoUnreachableLoopFires/for_(a_=_0;_;_c++)_break;
=== PAUSE TestNoUnreachableLoopStaysSilent/for_(;_b_<_foo;_c++)_()_=>_a;
=== PAUSE TestNoUnreachableLoopFires/for_(a_=_0;_;_c++)_break;
=== RUN   TestNoUnreachableLoopStaysSilent/for_(;_b_<_foo;_c++)_{_()_=>_a_}
=== PAUSE TestNoUnreachableLoopStaysSilent/for_(;_b_<_foo;_c++)_{_()_=>_a_}
=== RUN   TestNoUnreachableLoopFires/for_(a_=_0;_;_c++)_{_break;_}
=== PAUSE TestNoUnreachableLoopFires/for_(a_=_0;_;_c++)_{_break;_}
=== RUN   TestNoUnreachableLoopFires/function_someFunc()_{_for_(a_=_0;_;_c++)_return;_}
=== RUN   TestNoUnreachableLoopStaysSilent/for_(;_b_<_foo;_c++)_(()_=>_a)();
=== PAUSE TestNoUnreachableLoopFires/function_someFunc()_{_for_(a_=_0;_;_c++)_return;_}
=== RUN   TestNoUnreachableLoopFires/function_someFunc()_{_for_(a_=_0;_;_c++)_{_return;_}_}
=== PAUSE TestNoUnreachableLoopStaysSilent/for_(;_b_<_foo;_c++)_(()_=>_a)();
=== RUN   TestNoUnreachableLoopStaysSilent/for_(;_b_<_foo;_c++)_{_(()_=>_a)()_}
=== PAUSE TestNoUnreachableLoopStaysSilent/for_(;_b_<_foo;_c++)_{_(()_=>_a)()_}
=== RUN   TestNoUnreachableLoopStaysSilent/for_(;_b_<_foo;_c++)_while_(a);
=== PAUSE TestNoUnreachableLoopStaysSilent/for_(;_b_<_foo;_c++)_while_(a);
=== RUN   TestNoUnreachableLoopStaysSilent/for_(;_b_<_foo;_c++)_do_;_while_(a)
=== PAUSE TestNoUnreachableLoopStaysSilent/for_(;_b_<_foo;_c++)_do_;_while_(a)
=== RUN   TestNoUnreachableLoopStaysSilent/for_(;_b_<_foo;_c++)_for_(a;_b;_c);
=== PAUSE TestNoUnreachableLoopStaysSilent/for_(;_b_<_foo;_c++)_for_(a;_b;_c);
=== PAUSE TestNoUnreachableLoopFires/function_someFunc()_{_for_(a_=_0;_;_c++)_{_return;_}_}
=== RUN   TestNoUnreachableLoopStaysSilent/for_(;_b_<_foo;_c++)_for_(;_b;);
=== PAUSE TestNoUnreachableLoopStaysSilent/for_(;_b_<_foo;_c++)_for_(;_b;);
=== RUN   TestNoUnreachableLoopFires/for_(a_=_0;_;_c++)_throw_err;
=== RUN   TestNoUnreachableLoopStaysSilent/for_(;_b_<_foo;_c++)_for_(;_;_c)_if_(foo)_break;
=== PAUSE TestNoUnreachableLoopFires/for_(a_=_0;_;_c++)_throw_err;
=== PAUSE TestNoUnreachableLoopStaysSilent/for_(;_b_<_foo;_c++)_for_(;_;_c)_if_(foo)_break;
=== RUN   TestNoUnreachableLoopFires/for_(a_=_0;_;_c++)_{_throw_err;_}
=== PAUSE TestNoUnreachableLoopFires/for_(a_=_0;_;_c++)_{_throw_err;_}
=== RUN   TestNoUnreachableLoopStaysSilent/for_(;_b_<_foo;_c++)_for_(;;)_if_(foo)_break;
=== PAUSE TestNoUnreachableLoopStaysSilent/for_(;_b_<_foo;_c++)_for_(;;)_if_(foo)_break;
=== RUN   TestNoUnreachableLoopStaysSilent/for_(;_b_<_foo;_c++)_while_(true)_if_(foo)_break;
=== PAUSE TestNoUnreachableLoopStaysSilent/for_(;_b_<_foo;_c++)_while_(true)_if_(foo)_break;
=== RUN   TestNoUnreachableLoopStaysSilent/function_someFunc()_{_for_(;_b_<_foo;_c++)_while_(foo)_if_(bar)_return;_}
=== PAUSE TestNoUnreachableLoopStaysSilent/function_someFunc()_{_for_(;_b_<_foo;_c++)_while_(foo)_if_(bar)_return;_}
=== RUN   TestNoUnreachableLoopStaysSilent/for_(;_b_<_foo;_c++)_for_(a_in_b);
=== PAUSE TestNoUnreachableLoopStaysSilent/for_(;_b_<_foo;_c++)_for_(a_in_b);
=== RUN   TestNoUnreachableLoopStaysSilent/for_(;_b_<_foo;_c++)_for_(a_of_b);
=== PAUSE TestNoUnreachableLoopStaysSilent/for_(;_b_<_foo;_c++)_for_(a_of_b);
=== RUN   TestNoUnreachableLoopFires/for_(a_=_0;_;_c++)_{_foo();_break;_}
=== PAUSE TestNoUnreachableLoopFires/for_(a_=_0;_;_c++)_{_foo();_break;_}
=== RUN   TestNoUnreachableLoopStaysSilent/for_(a;_;_c)_;
=== RUN   TestNoUnreachableLoopFires/for_(a_=_0;_;_c++)_{_break;_foo();_}
=== PAUSE TestNoUnreachableLoopStaysSilent/for_(a;_;_c)_;
=== RUN   TestNoUnreachableLoopStaysSilent/for_(a;_;_c)_{}
=== PAUSE TestNoUnreachableLoopStaysSilent/for_(a;_;_c)_{}
=== RUN   TestNoUnreachableLoopStaysSilent/for_(a;_;_c)_{_bar();_}
=== PAUSE TestNoUnreachableLoopStaysSilent/for_(a;_;_c)_{_bar();_}
=== RUN   TestNoUnreachableLoopStaysSilent/for_(a;_;_c)_continue;
=== PAUSE TestNoUnreachableLoopStaysSilent/for_(a;_;_c)_continue;
=== RUN   TestNoUnreachableLoopStaysSilent/for_(a;_;_c)_{_continue;_}
=== PAUSE TestNoUnreachableLoopStaysSilent/for_(a;_;_c)_{_continue;_}
=== PAUSE TestNoUnreachableLoopFires/for_(a_=_0;_;_c++)_{_break;_foo();_}
=== RUN   TestNoUnreachableLoopFires/function_someFunc()_{_for_(a_=_0;_;_c++)_if_(foo)_break;_else_return;_}
=== RUN   TestNoUnreachableLoopStaysSilent/for_(a;_;_c)_{_if_(foo)_break;_}
=== PAUSE TestNoUnreachableLoopFires/function_someFunc()_{_for_(a_=_0;_;_c++)_if_(foo)_break;_else_return;_}
=== PAUSE TestNoUnreachableLoopStaysSilent/for_(a;_;_c)_{_if_(foo)_break;_}
=== RUN   TestNoUnreachableLoopFires/function_someFunc()_{_for_(a_=_0;_;_c++)_{_if_(foo)_{_return;_}_else_{_break;_}_bar();_}_}
=== PAUSE TestNoUnreachableLoopFires/function_someFunc()_{_for_(a_=_0;_;_c++)_{_if_(foo)_{_return;_}_else_{_break;_}_bar();_}_}
=== RUN   TestNoUnreachableLoopFires/function_someFunc()_{_for_(a_=_0;_;_c++)_{_if_(foo)_{_return;_}_throw_err;_}_}
=== RUN   TestNoUnreachableLoopStaysSilent/function_someFunc()_{_for_(a;_;_c)_{_if_(foo)_{_return;_}_bar();_}_}
=== PAUSE TestNoUnreachableLoopStaysSilent/function_someFunc()_{_for_(a;_;_c)_{_if_(foo)_{_return;_}_bar();_}_}
=== PAUSE TestNoUnreachableLoopFires/function_someFunc()_{_for_(a_=_0;_;_c++)_{_if_(foo)_{_return;_}_throw_err;_}_}
=== RUN   TestNoUnreachableLoopFires/for_(a_=_0;_;_c++)_{_switch_(foo)_{_default:_throw_err;_}_}
=== RUN   TestNoUnreachableLoopStaysSilent/for_(a;_;_c)_{_if_(foo)_{_bar();_}_else_{_break;_}_}
=== PAUSE TestNoUnreachableLoopStaysSilent/for_(a;_;_c)_{_if_(foo)_{_bar();_}_else_{_break;_}_}
=== RUN   TestNoUnreachableLoopStaysSilent/function_someFunc()_{_for_(a;_;_c)_{_if_(foo)_{_continue;_}_return;_}_}
=== PAUSE TestNoUnreachableLoopStaysSilent/function_someFunc()_{_for_(a;_;_c)_{_if_(foo)_{_continue;_}_return;_}_}
=== RUN   TestNoUnreachableLoopStaysSilent/function_someFunc()_{_for_(a;_;_c)_{_switch_(foo)_{_case_1:_return;_}_}_}
=== PAUSE TestNoUnreachableLoopStaysSilent/function_someFunc()_{_for_(a;_;_c)_{_switch_(foo)_{_case_1:_return;_}_}_}
=== RUN   TestNoUnreachableLoopStaysSilent/function_someFunc()_{_for_(a;_;_c)_{_switch_(foo)_{_case_1:_break;_default:_return;_}_}_}
=== PAUSE TestNoUnreachableLoopStaysSilent/function_someFunc()_{_for_(a;_;_c)_{_switch_(foo)_{_case_1:_break;_default:_return;_}_}_}
=== RUN   TestNoUnreachableLoopStaysSilent/function_someFunc()_{_for_(a;_;_c)_{_switch_(foo)_{_case_1:_continue;_default:_return;_}_throw_err;_}_}
=== PAUSE TestNoUnreachableLoopStaysSilent/function_someFunc()_{_for_(a;_;_c)_{_switch_(foo)_{_case_1:_continue;_default:_return;_}_throw_err;_}_}
=== RUN   TestNoUnreachableLoopStaysSilent/function_someFunc()_{_for_(a;_;_c)_{_try_{_return_bar();_}_catch_(e)_{}_}_}
=== PAUSE TestNoUnreachableLoopStaysSilent/function_someFunc()_{_for_(a;_;_c)_{_try_{_return_bar();_}_catch_(e)_{}_}_}
=== RUN   TestNoUnreachableLoopStaysSilent/for_(a;_;_c)_{_continue;_break;_}
=== PAUSE TestNoUnreachableLoopFires/for_(a_=_0;_;_c++)_{_switch_(foo)_{_default:_throw_err;_}_}
=== RUN   TestNoUnreachableLoopFires/function_someFunc()_{_for_(a_=_0;_;_c++)_{_switch_(foo)_{_case_1:_throw_err;_default:_return;_}_}_}
=== PAUSE TestNoUnreachableLoopFires/function_someFunc()_{_for_(a_=_0;_;_c++)_{_switch_(foo)_{_case_1:_throw_err;_default:_return;_}_}_}
=== RUN   TestNoUnreachableLoopFires/function_someFunc()_{_for_(a_=_0;_;_c++)_{_switch_(foo)_{_case_1:_something();_default:_return;_}_}_}
=== PAUSE TestNoUnreachableLoopStaysSilent/for_(a;_;_c)_{_continue;_break;_}
=== RUN   TestNoUnreachableLoopStaysSilent/for_(a;_;_c)_()_=>_a;
=== PAUSE TestNoUnreachableLoopStaysSilent/for_(a;_;_c)_()_=>_a;
=== RUN   TestNoUnreachableLoopStaysSilent/for_(a;_;_c)_{_()_=>_a_}
=== PAUSE TestNoUnreachableLoopFires/function_someFunc()_{_for_(a_=_0;_;_c++)_{_switch_(foo)_{_case_1:_something();_default:_return;_}_}_}
=== PAUSE TestNoUnreachableLoopStaysSilent/for_(a;_;_c)_{_()_=>_a_}
=== RUN   TestNoUnreachableLoopFires/function_someFunc()_{_for_(a_=_0;_;_c++)_{_try_{_return_bar();_}_catch_(e)_{_break;_}_}_}
=== PAUSE TestNoUnreachableLoopFires/function_someFunc()_{_for_(a_=_0;_;_c++)_{_try_{_return_bar();_}_catch_(e)_{_break;_}_}_}
=== RUN   TestNoUnreachableLoopFires/for_(a_=_0;_;_c++)_{_break;_continue;_}
=== RUN   TestNoUnreachableLoopStaysSilent/for_(a;_;_c)_(()_=>_a)();
=== PAUSE TestNoUnreachableLoopStaysSilent/for_(a;_;_c)_(()_=>_a)();
=== RUN   TestNoUnreachableLoopStaysSilent/for_(a;_;_c)_{_(()_=>_a)()_}
=== PAUSE TestNoUnreachableLoopFires/for_(a_=_0;_;_c++)_{_break;_continue;_}
=== PAUSE TestNoUnreachableLoopStaysSilent/for_(a;_;_c)_{_(()_=>_a)()_}
=== RUN   TestNoUnreachableLoopStaysSilent/for_(a;_;_c)_while_(a);
=== RUN   TestNoUnreachableLoopFires/for_(a_=_0;_;_c++)_{_()_=>_a;_break;_}
=== PAUSE TestNoUnreachableLoopStaysSilent/for_(a;_;_c)_while_(a);
=== PAUSE TestNoUnreachableLoopFires/for_(a_=_0;_;_c++)_{_()_=>_a;_break;_}
=== RUN   TestNoUnreachableLoopStaysSilent/for_(a;_;_c)_do_;_while_(a)
=== PAUSE TestNoUnreachableLoopStaysSilent/for_(a;_;_c)_do_;_while_(a)
=== RUN   TestNoUnreachableLoopStaysSilent/for_(a;_;_c)_for_(a;_b;_c);
=== PAUSE TestNoUnreachableLoopStaysSilent/for_(a;_;_c)_for_(a;_b;_c);
=== RUN   TestNoUnreachableLoopStaysSilent/for_(a;_;_c)_for_(;_b;);
=== PAUSE TestNoUnreachableLoopStaysSilent/for_(a;_;_c)_for_(;_b;);
=== RUN   TestNoUnreachableLoopStaysSilent/for_(a;_;_c)_for_(;_;_c)_if_(foo)_break;
=== PAUSE TestNoUnreachableLoopStaysSilent/for_(a;_;_c)_for_(;_;_c)_if_(foo)_break;
=== RUN   TestNoUnreachableLoopStaysSilent/for_(a;_;_c)_for_(;;)_if_(foo)_break;
=== PAUSE TestNoUnreachableLoopStaysSilent/for_(a;_;_c)_for_(;;)_if_(foo)_break;
=== RUN   TestNoUnreachableLoopStaysSilent/for_(a;_;_c)_while_(true)_if_(foo)_break;
=== PAUSE TestNoUnreachableLoopStaysSilent/for_(a;_;_c)_while_(true)_if_(foo)_break;
=== RUN   TestNoUnreachableLoopFires/for_(a_=_0;_;_c++)_{_(()_=>_a)();_break;_}
=== RUN   TestNoUnreachableLoopStaysSilent/function_someFunc()_{_for_(a;_;_c)_while_(foo)_if_(bar)_return;_}
=== PAUSE TestNoUnreachableLoopFires/for_(a_=_0;_;_c++)_{_(()_=>_a)();_break;_}
=== PAUSE TestNoUnreachableLoopStaysSilent/function_someFunc()_{_for_(a;_;_c)_while_(foo)_if_(bar)_return;_}
=== RUN   TestNoUnreachableLoopFires/for_(a_=_0;_;_c++)_{_while_(a);_break;_}
=== PAUSE TestNoUnreachableLoopFires/for_(a_=_0;_;_c++)_{_while_(a);_break;_}
=== RUN   TestNoUnreachableLoopFires/for_(a_=_0;_;_c++)_{_do_;_while_(a)_break;_}
=== PAUSE TestNoUnreachableLoopFires/for_(a_=_0;_;_c++)_{_do_;_while_(a)_break;_}
=== RUN   TestNoUnreachableLoopStaysSilent/for_(a;_;_c)_for_(a_in_b);
=== PAUSE TestNoUnreachableLoopStaysSilent/for_(a;_;_c)_for_(a_in_b);
=== RUN   TestNoUnreachableLoopFires/for_(a_=_0;_;_c++)_{_for_(a;_b;_c);_break;_}
=== PAUSE TestNoUnreachableLoopFires/for_(a_=_0;_;_c++)_{_for_(a;_b;_c);_break;_}
=== RUN   TestNoUnreachableLoopStaysSilent/for_(a;_;_c)_for_(a_of_b);
=== PAUSE TestNoUnreachableLoopStaysSilent/for_(a;_;_c)_for_(a_of_b);
=== RUN   TestNoUnreachableLoopStaysSilent/for_(a_=_0;_;_c++)_;
=== RUN   TestNoUnreachableLoopFires/for_(a_=_0;_;_c++)_{_for_(;_b;);_break;_}
=== PAUSE TestNoUnreachableLoopStaysSilent/for_(a_=_0;_;_c++)_;
=== PAUSE TestNoUnreachableLoopFires/for_(a_=_0;_;_c++)_{_for_(;_b;);_break;_}
=== RUN   TestNoUnreachableLoopFires/for_(a_=_0;_;_c++)_{_for_(;_;_c)_if_(foo)_break;_break;_}
=== PAUSE TestNoUnreachableLoopFires/for_(a_=_0;_;_c++)_{_for_(;_;_c)_if_(foo)_break;_break;_}
=== RUN   TestNoUnreachableLoopFires/for_(a_=_0;_;_c++)_{_for(;;)_if_(foo)_break;_break;_}
=== RUN   TestNoUnreachableLoopStaysSilent/for_(a_=_0;_;_c++)_{}
=== PAUSE TestNoUnreachableLoopFires/for_(a_=_0;_;_c++)_{_for(;;)_if_(foo)_break;_break;_}
=== RUN   TestNoUnreachableLoopFires/for_(a_=_0;_;_c++)_{_for_(a_in_b);_break;_}
=== PAUSE TestNoUnreachableLoopStaysSilent/for_(a_=_0;_;_c++)_{}
=== RUN   TestNoUnreachableLoopStaysSilent/for_(a_=_0;_;_c++)_{_bar();_}
=== PAUSE TestNoUnreachableLoopFires/for_(a_=_0;_;_c++)_{_for_(a_in_b);_break;_}
=== PAUSE TestNoUnreachableLoopStaysSilent/for_(a_=_0;_;_c++)_{_bar();_}
=== RUN   TestNoUnreachableLoopStaysSilent/for_(a_=_0;_;_c++)_continue;
=== PAUSE TestNoUnreachableLoopStaysSilent/for_(a_=_0;_;_c++)_continue;
=== RUN   TestNoUnreachableLoopStaysSilent/for_(a_=_0;_;_c++)_{_continue;_}
=== PAUSE TestNoUnreachableLoopStaysSilent/for_(a_=_0;_;_c++)_{_continue;_}
=== RUN   TestNoUnreachableLoopStaysSilent/for_(a_=_0;_;_c++)_{_if_(foo)_break;_}
=== PAUSE TestNoUnreachableLoopStaysSilent/for_(a_=_0;_;_c++)_{_if_(foo)_break;_}
=== RUN   TestNoUnreachableLoopStaysSilent/function_someFunc()_{_for_(a_=_0;_;_c++)_{_if_(foo)_{_return;_}_bar();_}_}
=== PAUSE TestNoUnreachableLoopStaysSilent/function_someFunc()_{_for_(a_=_0;_;_c++)_{_if_(foo)_{_return;_}_bar();_}_}
=== RUN   TestNoUnreachableLoopStaysSilent/for_(a_=_0;_;_c++)_{_if_(foo)_{_bar();_}_else_{_break;_}_}
=== PAUSE TestNoUnreachableLoopStaysSilent/for_(a_=_0;_;_c++)_{_if_(foo)_{_bar();_}_else_{_break;_}_}
=== RUN   TestNoUnreachableLoopFires/for_(a_=_0;_;_c++)_{_for_(a_of_b);_break;_}
=== RUN   TestNoUnreachableLoopStaysSilent/function_someFunc()_{_for_(a_=_0;_;_c++)_{_if_(foo)_{_continue;_}_return;_}_}
=== PAUSE TestNoUnreachableLoopStaysSilent/function_someFunc()_{_for_(a_=_0;_;_c++)_{_if_(foo)_{_continue;_}_return;_}_}
=== RUN   TestNoUnreachableLoopStaysSilent/function_someFunc()_{_for_(a_=_0;_;_c++)_{_switch_(foo)_{_case_1:_return;_}_}_}
=== PAUSE TestNoUnreachableLoopFires/for_(a_=_0;_;_c++)_{_for_(a_of_b);_break;_}
=== PAUSE TestNoUnreachableLoopStaysSilent/function_someFunc()_{_for_(a_=_0;_;_c++)_{_switch_(foo)_{_case_1:_return;_}_}_}
=== RUN   TestNoUnreachableLoopFires/for_(a_=_0;_;_c++)_for_(;;);
=== RUN   TestNoUnreachableLoopStaysSilent/function_someFunc()_{_for_(a_=_0;_;_c++)_{_switch_(foo)_{_case_1:_break;_default:_return;_}_}_}
=== PAUSE TestNoUnreachableLoopFires/for_(a_=_0;_;_c++)_for_(;;);
=== RUN   TestNoUnreachableLoopFires/for_(a_=_0;_;_c++)_{_for_(var_i_=_0;_;_i<_10)_{_foo();_}_}
=== PAUSE TestNoUnreachableLoopFires/for_(a_=_0;_;_c++)_{_for_(var_i_=_0;_;_i<_10)_{_foo();_}_}
=== RUN   TestNoUnreachableLoopFires/for_(a_=_0;_;_c++)_while_(true);
=== PAUSE TestNoUnreachableLoopFires/for_(a_=_0;_;_c++)_while_(true);
=== RUN   TestNoUnreachableLoopFires/for_(a;_b;)_break;
=== PAUSE TestNoUnreachableLoopStaysSilent/function_someFunc()_{_for_(a_=_0;_;_c++)_{_switch_(foo)_{_case_1:_break;_default:_return;_}_}_}
=== PAUSE TestNoUnreachableLoopFires/for_(a;_b;)_break;
=== RUN   TestNoUnreachableLoopStaysSilent/function_someFunc()_{_for_(a_=_0;_;_c++)_{_switch_(foo)_{_case_1:_continue;_default:_return;_}_throw_err;_}_}
=== PAUSE TestNoUnreachableLoopStaysSilent/function_someFunc()_{_for_(a_=_0;_;_c++)_{_switch_(foo)_{_case_1:_continue;_default:_return;_}_throw_err;_}_}
=== RUN   TestNoUnreachableLoopFires/for_(a;_b;)_{_break;_}
=== PAUSE TestNoUnreachableLoopFires/for_(a;_b;)_{_break;_}
=== RUN   TestNoUnreachableLoopStaysSilent/function_someFunc()_{_for_(a_=_0;_;_c++)_{_try_{_return_bar();_}_catch_(e)_{}_}_}
=== PAUSE TestNoUnreachableLoopStaysSilent/function_someFunc()_{_for_(a_=_0;_;_c++)_{_try_{_return_bar();_}_catch_(e)_{}_}_}
=== RUN   TestNoUnreachableLoopFires/function_someFunc()_{_for_(a;_b;)_return;_}
=== PAUSE TestNoUnreachableLoopFires/function_someFunc()_{_for_(a;_b;)_return;_}
=== RUN   TestNoUnreachableLoopFires/function_someFunc()_{_for_(a;_b;)_{_return;_}_}
=== PAUSE TestNoUnreachableLoopFires/function_someFunc()_{_for_(a;_b;)_{_return;_}_}
=== RUN   TestNoUnreachableLoopFires/for_(a;_b;)_throw_err;
=== RUN   TestNoUnreachableLoopStaysSilent/for_(a_=_0;_;_c++)_{_continue;_break;_}
=== PAUSE TestNoUnreachableLoopFires/for_(a;_b;)_throw_err;
=== PAUSE TestNoUnreachableLoopStaysSilent/for_(a_=_0;_;_c++)_{_continue;_break;_}
=== RUN   TestNoUnreachableLoopStaysSilent/for_(a_=_0;_;_c++)_()_=>_a;
=== RUN   TestNoUnreachableLoopFires/for_(a;_b;)_{_throw_err;_}
=== PAUSE TestNoUnreachableLoopStaysSilent/for_(a_=_0;_;_c++)_()_=>_a;
=== PAUSE TestNoUnreachableLoopFires/for_(a;_b;)_{_throw_err;_}
=== RUN   TestNoUnreachableLoopStaysSilent/for_(a_=_0;_;_c++)_{_()_=>_a_}
=== PAUSE TestNoUnreachableLoopStaysSilent/for_(a_=_0;_;_c++)_{_()_=>_a_}
=== RUN   TestNoUnreachableLoopFires/for_(a;_b;)_{_foo();_break;_}
=== RUN   TestNoUnreachableLoopStaysSilent/for_(a_=_0;_;_c++)_(()_=>_a)();
=== PAUSE TestNoUnreachableLoopFires/for_(a;_b;)_{_foo();_break;_}
=== PAUSE TestNoUnreachableLoopStaysSilent/for_(a_=_0;_;_c++)_(()_=>_a)();
=== RUN   TestNoUnreachableLoopFires/for_(a;_b;)_{_break;_foo();_}
=== PAUSE TestNoUnreachableLoopFires/for_(a;_b;)_{_break;_foo();_}
=== RUN   TestNoUnreachableLoopFires/function_someFunc()_{_for_(a;_b;)_if_(foo)_break;_else_return;_}
=== PAUSE TestNoUnreachableLoopFires/function_someFunc()_{_for_(a;_b;)_if_(foo)_break;_else_return;_}
=== RUN   TestNoUnreachableLoopStaysSilent/for_(a_=_0;_;_c++)_{_(()_=>_a)()_}
=== PAUSE TestNoUnreachableLoopStaysSilent/for_(a_=_0;_;_c++)_{_(()_=>_a)()_}
=== RUN   TestNoUnreachableLoopStaysSilent/for_(a_=_0;_;_c++)_while_(a);
=== RUN   TestNoUnreachableLoopFires/function_someFunc()_{_for_(a;_b;)_{_if_(foo)_{_return;_}_else_{_break;_}_bar();_}_}
=== PAUSE TestNoUnreachableLoopStaysSilent/for_(a_=_0;_;_c++)_while_(a);
=== PAUSE TestNoUnreachableLoopFires/function_someFunc()_{_for_(a;_b;)_{_if_(foo)_{_return;_}_else_{_break;_}_bar();_}_}
=== RUN   TestNoUnreachableLoopStaysSilent/for_(a_=_0;_;_c++)_do_;_while_(a)
=== PAUSE TestNoUnreachableLoopStaysSilent/for_(a_=_0;_;_c++)_do_;_while_(a)
=== RUN   TestNoUnreachableLoopStaysSilent/for_(a_=_0;_;_c++)_for_(a;_b;_c);
=== PAUSE TestNoUnreachableLoopStaysSilent/for_(a_=_0;_;_c++)_for_(a;_b;_c);
=== RUN   TestNoUnreachableLoopStaysSilent/for_(a_=_0;_;_c++)_for_(;_b;);
=== PAUSE TestNoUnreachableLoopStaysSilent/for_(a_=_0;_;_c++)_for_(;_b;);
=== RUN   TestNoUnreachableLoopStaysSilent/for_(a_=_0;_;_c++)_for_(;_;_c)_if_(foo)_break;
=== PAUSE TestNoUnreachableLoopStaysSilent/for_(a_=_0;_;_c++)_for_(;_;_c)_if_(foo)_break;
=== RUN   TestNoUnreachableLoopStaysSilent/for_(a_=_0;_;_c++)_for_(;;)_if_(foo)_break;
=== PAUSE TestNoUnreachableLoopStaysSilent/for_(a_=_0;_;_c++)_for_(;;)_if_(foo)_break;
=== RUN   TestNoUnreachableLoopStaysSilent/for_(a_=_0;_;_c++)_while_(true)_if_(foo)_break;
=== PAUSE TestNoUnreachableLoopStaysSilent/for_(a_=_0;_;_c++)_while_(true)_if_(foo)_break;
=== RUN   TestNoUnreachableLoopFires/function_someFunc()_{_for_(a;_b;)_{_if_(foo)_{_return;_}_throw_err;_}_}
=== RUN   TestNoUnreachableLoopStaysSilent/function_someFunc()_{_for_(a_=_0;_;_c++)_while_(foo)_if_(bar)_return;_}
=== PAUSE TestNoUnreachableLoopFires/function_someFunc()_{_for_(a;_b;)_{_if_(foo)_{_return;_}_throw_err;_}_}
=== PAUSE TestNoUnreachableLoopStaysSilent/function_someFunc()_{_for_(a_=_0;_;_c++)_while_(foo)_if_(bar)_return;_}
=== RUN   TestNoUnreachableLoopStaysSilent/for_(a_=_0;_;_c++)_for_(a_in_b);
=== PAUSE TestNoUnreachableLoopStaysSilent/for_(a_=_0;_;_c++)_for_(a_in_b);
=== RUN   TestNoUnreachableLoopFires/for_(a;_b;)_{_switch_(foo)_{_default:_throw_err;_}_}
=== RUN   TestNoUnreachableLoopStaysSilent/for_(a_=_0;_;_c++)_for_(a_of_b);
=== PAUSE TestNoUnreachableLoopStaysSilent/for_(a_=_0;_;_c++)_for_(a_of_b);
=== PAUSE TestNoUnreachableLoopFires/for_(a;_b;)_{_switch_(foo)_{_default:_throw_err;_}_}
=== RUN   TestNoUnreachableLoopFires/function_someFunc()_{_for_(a;_b;)_{_switch_(foo)_{_case_1:_throw_err;_default:_return;_}_}_}
=== PAUSE TestNoUnreachableLoopFires/function_someFunc()_{_for_(a;_b;)_{_switch_(foo)_{_case_1:_throw_err;_default:_return;_}_}_}
=== RUN   TestNoUnreachableLoopFires/function_someFunc()_{_for_(a;_b;)_{_switch_(foo)_{_case_1:_something();_default:_return;_}_}_}
=== RUN   TestNoUnreachableLoopStaysSilent/for_(a;_b;)_;
=== PAUSE TestNoUnreachableLoopStaysSilent/for_(a;_b;)_;
=== RUN   TestNoUnreachableLoopStaysSilent/for_(a;_b;)_{}
=== PAUSE TestNoUnreachableLoopStaysSilent/for_(a;_b;)_{}
=== PAUSE TestNoUnreachableLoopFires/function_someFunc()_{_for_(a;_b;)_{_switch_(foo)_{_case_1:_something();_default:_return;_}_}_}
=== RUN   TestNoUnreachableLoopFires/function_someFunc()_{_for_(a;_b;)_{_try_{_return_bar();_}_catch_(e)_{_break;_}_}_}
=== PAUSE TestNoUnreachableLoopFires/function_someFunc()_{_for_(a;_b;)_{_try_{_return_bar();_}_catch_(e)_{_break;_}_}_}
=== RUN   TestNoUnreachableLoopFires/for_(a;_b;)_{_break;_continue;_}
=== PAUSE TestNoUnreachableLoopFires/for_(a;_b;)_{_break;_continue;_}
=== RUN   TestNoUnreachableLoopFires/for_(a;_b;)_{_()_=>_a;_break;_}
=== PAUSE TestNoUnreachableLoopFires/for_(a;_b;)_{_()_=>_a;_break;_}
=== RUN   TestNoUnreachableLoopFires/for_(a;_b;)_{_(()_=>_a)();_break;_}
=== RUN   TestNoUnreachableLoopStaysSilent/for_(a;_b;)_{_bar();_}
=== PAUSE TestNoUnreachableLoopFires/for_(a;_b;)_{_(()_=>_a)();_break;_}
=== PAUSE TestNoUnreachableLoopStaysSilent/for_(a;_b;)_{_bar();_}
=== RUN   TestNoUnreachableLoopFires/for_(a;_b;)_{_while_(a);_break;_}
=== PAUSE TestNoUnreachableLoopFires/for_(a;_b;)_{_while_(a);_break;_}
=== RUN   TestNoUnreachableLoopStaysSilent/for_(a;_b;)_continue;
=== RUN   TestNoUnreachableLoopFires/for_(a;_b;)_{_do_;_while_(a)_break;_}
=== PAUSE TestNoUnreachableLoopStaysSilent/for_(a;_b;)_continue;
=== RUN   TestNoUnreachableLoopStaysSilent/for_(a;_b;)_{_continue;_}
=== PAUSE TestNoUnreachableLoopStaysSilent/for_(a;_b;)_{_continue;_}
=== RUN   TestNoUnreachableLoopStaysSilent/for_(a;_b;)_{_if_(foo)_break;_}
=== PAUSE TestNoUnreachableLoopStaysSilent/for_(a;_b;)_{_if_(foo)_break;_}
=== PAUSE TestNoUnreachableLoopFires/for_(a;_b;)_{_do_;_while_(a)_break;_}
=== RUN   TestNoUnreachableLoopFires/for_(a;_b;)_{_for_(a;_b;_c);_break;_}
=== PAUSE TestNoUnreachableLoopFires/for_(a;_b;)_{_for_(a;_b;_c);_break;_}
=== RUN   TestNoUnreachableLoopStaysSilent/function_someFunc()_{_for_(a;_b;)_{_if_(foo)_{_return;_}_bar();_}_}
=== RUN   TestNoUnreachableLoopFires/for_(a;_b;)_{_for_(;_b;);_break;_}
=== PAUSE TestNoUnreachableLoopStaysSilent/function_someFunc()_{_for_(a;_b;)_{_if_(foo)_{_return;_}_bar();_}_}
=== PAUSE TestNoUnreachableLoopFires/for_(a;_b;)_{_for_(;_b;);_break;_}
=== RUN   TestNoUnreachableLoopStaysSilent/for_(a;_b;)_{_if_(foo)_{_bar();_}_else_{_break;_}_}
=== RUN   TestNoUnreachableLoopFires/for_(a;_b;)_{_for_(;_;_c)_if_(foo)_break;_break;_}
=== PAUSE TestNoUnreachableLoopFires/for_(a;_b;)_{_for_(;_;_c)_if_(foo)_break;_break;_}
=== RUN   TestNoUnreachableLoopFires/for_(a;_b;)_{_for(;;)_if_(foo)_break;_break;_}
=== PAUSE TestNoUnreachableLoopStaysSilent/for_(a;_b;)_{_if_(foo)_{_bar();_}_else_{_break;_}_}
=== RUN   TestNoUnreachableLoopStaysSilent/function_someFunc()_{_for_(a;_b;)_{_if_(foo)_{_continue;_}_return;_}_}
=== PAUSE TestNoUnreachableLoopStaysSilent/function_someFunc()_{_for_(a;_b;)_{_if_(foo)_{_continue;_}_return;_}_}
=== PAUSE TestNoUnreachableLoopFires/for_(a;_b;)_{_for(;;)_if_(foo)_break;_break;_}
=== RUN   TestNoUnreachableLoopStaysSilent/function_someFunc()_{_for_(a;_b;)_{_switch_(foo)_{_case_1:_return;_}_}_}
=== PAUSE TestNoUnreachableLoopStaysSilent/function_someFunc()_{_for_(a;_b;)_{_switch_(foo)_{_case_1:_return;_}_}_}
=== RUN   TestNoUnreachableLoopFires/for_(a;_b;)_{_for_(a_in_b);_break;_}
=== PAUSE TestNoUnreachableLoopFires/for_(a;_b;)_{_for_(a_in_b);_break;_}
=== RUN   TestNoUnreachableLoopFires/for_(a;_b;)_{_for_(a_of_b);_break;_}
=== PAUSE TestNoUnreachableLoopFires/for_(a;_b;)_{_for_(a_of_b);_break;_}
=== RUN   TestNoUnreachableLoopStaysSilent/function_someFunc()_{_for_(a;_b;)_{_switch_(foo)_{_case_1:_break;_default:_return;_}_}_}
=== PAUSE TestNoUnreachableLoopStaysSilent/function_someFunc()_{_for_(a;_b;)_{_switch_(foo)_{_case_1:_break;_default:_return;_}_}_}
=== RUN   TestNoUnreachableLoopFires/for_(a;_b;)_for_(;;);
=== PAUSE TestNoUnreachableLoopFires/for_(a;_b;)_for_(;;);
=== RUN   TestNoUnreachableLoopFires/for_(a;_b;)_{_for_(var_i_=_0;_;_i<_10)_{_foo();_}_}
=== PAUSE TestNoUnreachableLoopFires/for_(a;_b;)_{_for_(var_i_=_0;_;_i<_10)_{_foo();_}_}
=== RUN   TestNoUnreachableLoopFires/for_(a;_b;)_while_(true);
=== PAUSE TestNoUnreachableLoopFires/for_(a;_b;)_while_(true);
=== RUN   TestNoUnreachableLoopFires/for_(a_=_0;_b_<_foo;_)_break;
=== RUN   TestNoUnreachableLoopStaysSilent/function_someFunc()_{_for_(a;_b;)_{_switch_(foo)_{_case_1:_continue;_default:_return;_}_throw_err;_}_}
=== PAUSE TestNoUnreachableLoopFires/for_(a_=_0;_b_<_foo;_)_break;
=== PAUSE TestNoUnreachableLoopStaysSilent/function_someFunc()_{_for_(a;_b;)_{_switch_(foo)_{_case_1:_continue;_default:_return;_}_throw_err;_}_}
=== RUN   TestNoUnreachableLoopStaysSilent/function_someFunc()_{_for_(a;_b;)_{_try_{_return_bar();_}_catch_(e)_{}_}_}
=== RUN   TestNoUnreachableLoopFires/for_(a_=_0;_b_<_foo;_)_{_break;_}
=== PAUSE TestNoUnreachableLoopStaysSilent/function_someFunc()_{_for_(a;_b;)_{_try_{_return_bar();_}_catch_(e)_{}_}_}
=== PAUSE TestNoUnreachableLoopFires/for_(a_=_0;_b_<_foo;_)_{_break;_}
=== RUN   TestNoUnreachableLoopStaysSilent/for_(a;_b;)_{_continue;_break;_}
=== PAUSE TestNoUnreachableLoopStaysSilent/for_(a;_b;)_{_continue;_break;_}
=== RUN   TestNoUnreachableLoopFires/function_someFunc()_{_for_(a_=_0;_b_<_foo;_)_return;_}
=== PAUSE TestNoUnreachableLoopFires/function_someFunc()_{_for_(a_=_0;_b_<_foo;_)_return;_}
=== RUN   TestNoUnreachableLoopStaysSilent/for_(a;_b;)_()_=>_a;
=== RUN   TestNoUnreachableLoopFires/function_someFunc()_{_for_(a_=_0;_b_<_foo;_)_{_return;_}_}
=== PAUSE TestNoUnreachableLoopFires/function_someFunc()_{_for_(a_=_0;_b_<_foo;_)_{_return;_}_}
=== RUN   TestNoUnreachableLoopFires/for_(a_=_0;_b_<_foo;_)_throw_err;
=== PAUSE TestNoUnreachableLoopStaysSilent/for_(a;_b;)_()_=>_a;
=== RUN   TestNoUnreachableLoopStaysSilent/for_(a;_b;)_{_()_=>_a_}
=== PAUSE TestNoUnreachableLoopStaysSilent/for_(a;_b;)_{_()_=>_a_}
=== RUN   TestNoUnreachableLoopStaysSilent/for_(a;_b;)_(()_=>_a)();
=== PAUSE TestNoUnreachableLoopStaysSilent/for_(a;_b;)_(()_=>_a)();
=== PAUSE TestNoUnreachableLoopFires/for_(a_=_0;_b_<_foo;_)_throw_err;
=== RUN   TestNoUnreachableLoopFires/for_(a_=_0;_b_<_foo;_)_{_throw_err;_}
=== PAUSE TestNoUnreachableLoopFires/for_(a_=_0;_b_<_foo;_)_{_throw_err;_}
=== RUN   TestNoUnreachableLoopStaysSilent/for_(a;_b;)_{_(()_=>_a)()_}
=== RUN   TestNoUnreachableLoopFires/for_(a_=_0;_b_<_foo;_)_{_foo();_break;_}
=== PAUSE TestNoUnreachableLoopStaysSilent/for_(a;_b;)_{_(()_=>_a)()_}
=== RUN   TestNoUnreachableLoopStaysSilent/for_(a;_b;)_while_(a);
=== PAUSE TestNoUnreachableLoopStaysSilent/for_(a;_b;)_while_(a);
=== RUN   TestNoUnreachableLoopStaysSilent/for_(a;_b;)_do_;_while_(a)
=== PAUSE TestNoUnreachableLoopStaysSilent/for_(a;_b;)_do_;_while_(a)
=== RUN   TestNoUnreachableLoopStaysSilent/for_(a;_b;)_for_(a;_b;_c);
=== PAUSE TestNoUnreachableLoopStaysSilent/for_(a;_b;)_for_(a;_b;_c);
=== RUN   TestNoUnreachableLoopStaysSilent/for_(a;_b;)_for_(;_b;);
=== PAUSE TestNoUnreachableLoopFires/for_(a_=_0;_b_<_foo;_)_{_foo();_break;_}
=== PAUSE TestNoUnreachableLoopStaysSilent/for_(a;_b;)_for_(;_b;);
=== RUN   TestNoUnreachableLoopStaysSilent/for_(a;_b;)_for_(;_;_c)_if_(foo)_break;
=== RUN   TestNoUnreachableLoopFires/for_(a_=_0;_b_<_foo;_)_{_break;_foo();_}
=== PAUSE TestNoUnreachableLoopStaysSilent/for_(a;_b;)_for_(;_;_c)_if_(foo)_break;
=== PAUSE TestNoUnreachableLoopFires/for_(a_=_0;_b_<_foo;_)_{_break;_foo();_}
=== RUN   TestNoUnreachableLoopStaysSilent/for_(a;_b;)_for_(;;)_if_(foo)_break;
=== RUN   TestNoUnreachableLoopFires/function_someFunc()_{_for_(a_=_0;_b_<_foo;_)_if_(foo)_break;_else_return;_}
=== PAUSE TestNoUnreachableLoopFires/function_someFunc()_{_for_(a_=_0;_b_<_foo;_)_if_(foo)_break;_else_return;_}
=== RUN   TestNoUnreachableLoopFires/function_someFunc()_{_for_(a_=_0;_b_<_foo;_)_{_if_(foo)_{_return;_}_else_{_break;_}_bar();_}_}
=== PAUSE TestNoUnreachableLoopFires/function_someFunc()_{_for_(a_=_0;_b_<_foo;_)_{_if_(foo)_{_return;_}_else_{_break;_}_bar();_}_}
=== RUN   TestNoUnreachableLoopFires/function_someFunc()_{_for_(a_=_0;_b_<_foo;_)_{_if_(foo)_{_return;_}_throw_err;_}_}
=== PAUSE TestNoUnreachableLoopStaysSilent/for_(a;_b;)_for_(;;)_if_(foo)_break;
=== RUN   TestNoUnreachableLoopStaysSilent/for_(a;_b;)_while_(true)_if_(foo)_break;
=== PAUSE TestNoUnreachableLoopStaysSilent/for_(a;_b;)_while_(true)_if_(foo)_break;
=== PAUSE TestNoUnreachableLoopFires/function_someFunc()_{_for_(a_=_0;_b_<_foo;_)_{_if_(foo)_{_return;_}_throw_err;_}_}
=== RUN   TestNoUnreachableLoopStaysSilent/function_someFunc()_{_for_(a;_b;)_while_(foo)_if_(bar)_return;_}
=== PAUSE TestNoUnreachableLoopStaysSilent/function_someFunc()_{_for_(a;_b;)_while_(foo)_if_(bar)_return;_}
=== RUN   TestNoUnreachableLoopStaysSilent/for_(a;_b;)_for_(a_in_b);
=== PAUSE TestNoUnreachableLoopStaysSilent/for_(a;_b;)_for_(a_in_b);
=== RUN   TestNoUnreachableLoopFires/for_(a_=_0;_b_<_foo;_)_{_switch_(foo)_{_default:_throw_err;_}_}
=== PAUSE TestNoUnreachableLoopFires/for_(a_=_0;_b_<_foo;_)_{_switch_(foo)_{_default:_throw_err;_}_}
=== RUN   TestNoUnreachableLoopStaysSilent/for_(a;_b;)_for_(a_of_b);
=== RUN   TestNoUnreachableLoopFires/function_someFunc()_{_for_(a_=_0;_b_<_foo;_)_{_switch_(foo)_{_case_1:_throw_err;_default:_return;_}_}_}
=== PAUSE TestNoUnreachableLoopFires/function_someFunc()_{_for_(a_=_0;_b_<_foo;_)_{_switch_(foo)_{_case_1:_throw_err;_default:_return;_}_}_}
=== PAUSE TestNoUnreachableLoopStaysSilent/for_(a;_b;)_for_(a_of_b);
=== RUN   TestNoUnreachableLoopFires/function_someFunc()_{_for_(a_=_0;_b_<_foo;_)_{_switch_(foo)_{_case_1:_something();_default:_return;_}_}_}
=== PAUSE TestNoUnreachableLoopFires/function_someFunc()_{_for_(a_=_0;_b_<_foo;_)_{_switch_(foo)_{_case_1:_something();_default:_return;_}_}_}
=== RUN   TestNoUnreachableLoopFires/function_someFunc()_{_for_(a_=_0;_b_<_foo;_)_{_try_{_return_bar();_}_catch_(e)_{_break;_}_}_}
=== PAUSE TestNoUnreachableLoopFires/function_someFunc()_{_for_(a_=_0;_b_<_foo;_)_{_try_{_return_bar();_}_catch_(e)_{_break;_}_}_}
=== RUN   TestNoUnreachableLoopFires/for_(a_=_0;_b_<_foo;_)_{_break;_continue;_}
=== PAUSE TestNoUnreachableLoopFires/for_(a_=_0;_b_<_foo;_)_{_break;_continue;_}
=== RUN   TestNoUnreachableLoopFires/for_(a_=_0;_b_<_foo;_)_{_()_=>_a;_break;_}
=== PAUSE TestNoUnreachableLoopFires/for_(a_=_0;_b_<_foo;_)_{_()_=>_a;_break;_}
=== RUN   TestNoUnreachableLoopFires/for_(a_=_0;_b_<_foo;_)_{_(()_=>_a)();_break;_}
=== PAUSE TestNoUnreachableLoopFires/for_(a_=_0;_b_<_foo;_)_{_(()_=>_a)();_break;_}
=== RUN   TestNoUnreachableLoopFires/for_(a_=_0;_b_<_foo;_)_{_while_(a);_break;_}
=== PAUSE TestNoUnreachableLoopFires/for_(a_=_0;_b_<_foo;_)_{_while_(a);_break;_}
=== RUN   TestNoUnreachableLoopFires/for_(a_=_0;_b_<_foo;_)_{_do_;_while_(a)_break;_}
=== PAUSE TestNoUnreachableLoopFires/for_(a_=_0;_b_<_foo;_)_{_do_;_while_(a)_break;_}
=== RUN   TestNoUnreachableLoopFires/for_(a_=_0;_b_<_foo;_)_{_for_(a;_b;_c);_break;_}
=== PAUSE TestNoUnreachableLoopFires/for_(a_=_0;_b_<_foo;_)_{_for_(a;_b;_c);_break;_}
=== RUN   TestNoUnreachableLoopStaysSilent/for_(a_=_0;_b_<_foo;_)_;
=== RUN   TestNoUnreachableLoopFires/for_(a_=_0;_b_<_foo;_)_{_for_(;_b;);_break;_}
=== PAUSE TestNoUnreachableLoopFires/for_(a_=_0;_b_<_foo;_)_{_for_(;_b;);_break;_}
=== RUN   TestNoUnreachableLoopFires/for_(a_=_0;_b_<_foo;_)_{_for_(;_;_c)_if_(foo)_break;_break;_}
=== PAUSE TestNoUnreachableLoopFires/for_(a_=_0;_b_<_foo;_)_{_for_(;_;_c)_if_(foo)_break;_break;_}
=== RUN   TestNoUnreachableLoopFires/for_(a_=_0;_b_<_foo;_)_{_for(;;)_if_(foo)_break;_break;_}
=== PAUSE TestNoUnreachableLoopFires/for_(a_=_0;_b_<_foo;_)_{_for(;;)_if_(foo)_break;_break;_}
=== RUN   TestNoUnreachableLoopFires/for_(a_=_0;_b_<_foo;_)_{_for_(a_in_b);_break;_}
=== PAUSE TestNoUnreachableLoopFires/for_(a_=_0;_b_<_foo;_)_{_for_(a_in_b);_break;_}
=== PAUSE TestNoUnreachableLoopStaysSilent/for_(a_=_0;_b_<_foo;_)_;
=== RUN   TestNoUnreachableLoopStaysSilent/for_(a_=_0;_b_<_foo;_)_{}
=== PAUSE TestNoUnreachableLoopStaysSilent/for_(a_=_0;_b_<_foo;_)_{}
=== RUN   TestNoUnreachableLoopStaysSilent/for_(a_=_0;_b_<_foo;_)_{_bar();_}
=== PAUSE TestNoUnreachableLoopStaysSilent/for_(a_=_0;_b_<_foo;_)_{_bar();_}
=== RUN   TestNoUnreachableLoopFires/for_(a_=_0;_b_<_foo;_)_{_for_(a_of_b);_break;_}
=== RUN   TestNoUnreachableLoopStaysSilent/for_(a_=_0;_b_<_foo;_)_continue;
=== PAUSE TestNoUnreachableLoopFires/for_(a_=_0;_b_<_foo;_)_{_for_(a_of_b);_break;_}
=== PAUSE TestNoUnreachableLoopStaysSilent/for_(a_=_0;_b_<_foo;_)_continue;
=== RUN   TestNoUnreachableLoopFires/for_(a_=_0;_b_<_foo;_)_for_(;;);
=== RUN   TestNoUnreachableLoopStaysSilent/for_(a_=_0;_b_<_foo;_)_{_continue;_}
=== PAUSE TestNoUnreachableLoopStaysSilent/for_(a_=_0;_b_<_foo;_)_{_continue;_}
=== RUN   TestNoUnreachableLoopStaysSilent/for_(a_=_0;_b_<_foo;_)_{_if_(foo)_break;_}
=== PAUSE TestNoUnreachableLoopStaysSilent/for_(a_=_0;_b_<_foo;_)_{_if_(foo)_break;_}
=== RUN   TestNoUnreachableLoopStaysSilent/function_someFunc()_{_for_(a_=_0;_b_<_foo;_)_{_if_(foo)_{_return;_}_bar();_}_}
=== PAUSE TestNoUnreachableLoopStaysSilent/function_someFunc()_{_for_(a_=_0;_b_<_foo;_)_{_if_(foo)_{_return;_}_bar();_}_}
=== RUN   TestNoUnreachableLoopStaysSilent/for_(a_=_0;_b_<_foo;_)_{_if_(foo)_{_bar();_}_else_{_break;_}_}
=== PAUSE TestNoUnreachableLoopStaysSilent/for_(a_=_0;_b_<_foo;_)_{_if_(foo)_{_bar();_}_else_{_break;_}_}
=== RUN   TestNoUnreachableLoopStaysSilent/function_someFunc()_{_for_(a_=_0;_b_<_foo;_)_{_if_(foo)_{_continue;_}_return;_}_}
=== PAUSE TestNoUnreachableLoopStaysSilent/function_someFunc()_{_for_(a_=_0;_b_<_foo;_)_{_if_(foo)_{_continue;_}_return;_}_}
=== RUN   TestNoUnreachableLoopStaysSilent/function_someFunc()_{_for_(a_=_0;_b_<_foo;_)_{_switch_(foo)_{_case_1:_return;_}_}_}
=== PAUSE TestNoUnreachableLoopStaysSilent/function_someFunc()_{_for_(a_=_0;_b_<_foo;_)_{_switch_(foo)_{_case_1:_return;_}_}_}
=== RUN   TestNoUnreachableLoopStaysSilent/function_someFunc()_{_for_(a_=_0;_b_<_foo;_)_{_switch_(foo)_{_case_1:_break;_default:_return;_}_}_}
=== PAUSE TestNoUnreachableLoopStaysSilent/function_someFunc()_{_for_(a_=_0;_b_<_foo;_)_{_switch_(foo)_{_case_1:_break;_default:_return;_}_}_}
=== PAUSE TestNoUnreachableLoopFires/for_(a_=_0;_b_<_foo;_)_for_(;;);
=== RUN   TestNoUnreachableLoopStaysSilent/function_someFunc()_{_for_(a_=_0;_b_<_foo;_)_{_switch_(foo)_{_case_1:_continue;_default:_return;_}_throw_err;_}_}
=== PAUSE TestNoUnreachableLoopStaysSilent/function_someFunc()_{_for_(a_=_0;_b_<_foo;_)_{_switch_(foo)_{_case_1:_continue;_default:_return;_}_throw_err;_}_}
=== RUN   TestNoUnreachableLoopStaysSilent/function_someFunc()_{_for_(a_=_0;_b_<_foo;_)_{_try_{_return_bar();_}_catch_(e)_{}_}_}
=== RUN   TestNoUnreachableLoopFires/for_(a_=_0;_b_<_foo;_)_{_for_(var_i_=_0;_;_i<_10)_{_foo();_}_}
=== PAUSE TestNoUnreachableLoopStaysSilent/function_someFunc()_{_for_(a_=_0;_b_<_foo;_)_{_try_{_return_bar();_}_catch_(e)_{}_}_}
=== RUN   TestNoUnreachableLoopStaysSilent/for_(a_=_0;_b_<_foo;_)_{_continue;_break;_}
=== PAUSE TestNoUnreachableLoopStaysSilent/for_(a_=_0;_b_<_foo;_)_{_continue;_break;_}
=== RUN   TestNoUnreachableLoopStaysSilent/for_(a_=_0;_b_<_foo;_)_()_=>_a;
=== PAUSE TestNoUnreachableLoopStaysSilent/for_(a_=_0;_b_<_foo;_)_()_=>_a;
=== RUN   TestNoUnreachableLoopStaysSilent/for_(a_=_0;_b_<_foo;_)_{_()_=>_a_}
=== PAUSE TestNoUnreachableLoopStaysSilent/for_(a_=_0;_b_<_foo;_)_{_()_=>_a_}
=== RUN   TestNoUnreachableLoopStaysSilent/for_(a_=_0;_b_<_foo;_)_(()_=>_a)();
=== PAUSE TestNoUnreachableLoopStaysSilent/for_(a_=_0;_b_<_foo;_)_(()_=>_a)();
=== PAUSE TestNoUnreachableLoopFires/for_(a_=_0;_b_<_foo;_)_{_for_(var_i_=_0;_;_i<_10)_{_foo();_}_}
=== RUN   TestNoUnreachableLoopStaysSilent/for_(a_=_0;_b_<_foo;_)_{_(()_=>_a)()_}
=== PAUSE TestNoUnreachableLoopStaysSilent/for_(a_=_0;_b_<_foo;_)_{_(()_=>_a)()_}
=== RUN   TestNoUnreachableLoopStaysSilent/for_(a_=_0;_b_<_foo;_)_while_(a);
=== PAUSE TestNoUnreachableLoopStaysSilent/for_(a_=_0;_b_<_foo;_)_while_(a);
=== RUN   TestNoUnreachableLoopStaysSilent/for_(a_=_0;_b_<_foo;_)_do_;_while_(a)
=== RUN   TestNoUnreachableLoopFires/for_(a_=_0;_b_<_foo;_)_while_(true);
=== PAUSE TestNoUnreachableLoopStaysSilent/for_(a_=_0;_b_<_foo;_)_do_;_while_(a)
=== PAUSE TestNoUnreachableLoopFires/for_(a_=_0;_b_<_foo;_)_while_(true);
=== RUN   TestNoUnreachableLoopFires/for_(;_;_c)_break;
=== PAUSE TestNoUnreachableLoopFires/for_(;_;_c)_break;
=== RUN   TestNoUnreachableLoopFires/for_(;_;_c)_{_break;_}
=== RUN   TestNoUnreachableLoopStaysSilent/for_(a_=_0;_b_<_foo;_)_for_(a;_b;_c);
=== PAUSE TestNoUnreachableLoopFires/for_(;_;_c)_{_break;_}
=== PAUSE TestNoUnreachableLoopStaysSilent/for_(a_=_0;_b_<_foo;_)_for_(a;_b;_c);
=== RUN   TestNoUnreachableLoopStaysSilent/for_(a_=_0;_b_<_foo;_)_for_(;_b;);
=== PAUSE TestNoUnreachableLoopStaysSilent/for_(a_=_0;_b_<_foo;_)_for_(;_b;);
=== RUN   TestNoUnreachableLoopFires/function_someFunc()_{_for_(;_;_c)_return;_}
=== RUN   TestNoUnreachableLoopStaysSilent/for_(a_=_0;_b_<_foo;_)_for_(;_;_c)_if_(foo)_break;
=== PAUSE TestNoUnreachableLoopFires/function_someFunc()_{_for_(;_;_c)_return;_}
=== PAUSE TestNoUnreachableLoopStaysSilent/for_(a_=_0;_b_<_foo;_)_for_(;_;_c)_if_(foo)_break;
=== RUN   TestNoUnreachableLoopFires/function_someFunc()_{_for_(;_;_c)_{_return;_}_}
=== RUN   TestNoUnreachableLoopStaysSilent/for_(a_=_0;_b_<_foo;_)_for_(;;)_if_(foo)_break;
=== PAUSE TestNoUnreachableLoopStaysSilent/for_(a_=_0;_b_<_foo;_)_for_(;;)_if_(foo)_break;
=== PAUSE TestNoUnreachableLoopFires/function_someFunc()_{_for_(;_;_c)_{_return;_}_}
=== RUN   TestNoUnreachableLoopFires/for_(;_;_c)_throw_err;
=== PAUSE TestNoUnreachableLoopFires/for_(;_;_c)_throw_err;
=== RUN   TestNoUnreachableLoopFires/for_(;_;_c)_{_throw_err;_}
=== PAUSE TestNoUnreachableLoopFires/for_(;_;_c)_{_throw_err;_}
=== RUN   TestNoUnreachableLoopFires/for_(;_;_c)_{_foo();_break;_}
=== PAUSE TestNoUnreachableLoopFires/for_(;_;_c)_{_foo();_break;_}
=== RUN   TestNoUnreachableLoopFires/for_(;_;_c)_{_break;_foo();_}
=== PAUSE TestNoUnreachableLoopFires/for_(;_;_c)_{_break;_foo();_}
=== RUN   TestNoUnreachableLoopFires/function_someFunc()_{_for_(;_;_c)_if_(foo)_break;_else_return;_}
=== PAUSE TestNoUnreachableLoopFires/function_someFunc()_{_for_(;_;_c)_if_(foo)_break;_else_return;_}
=== RUN   TestNoUnreachableLoopStaysSilent/for_(a_=_0;_b_<_foo;_)_while_(true)_if_(foo)_break;
=== PAUSE TestNoUnreachableLoopStaysSilent/for_(a_=_0;_b_<_foo;_)_while_(true)_if_(foo)_break;
=== RUN   TestNoUnreachableLoopStaysSilent/function_someFunc()_{_for_(a_=_0;_b_<_foo;_)_while_(foo)_if_(bar)_return;_}
=== PAUSE TestNoUnreachableLoopStaysSilent/function_someFunc()_{_for_(a_=_0;_b_<_foo;_)_while_(foo)_if_(bar)_return;_}
=== RUN   TestNoUnreachableLoopStaysSilent/for_(a_=_0;_b_<_foo;_)_for_(a_in_b);
=== PAUSE TestNoUnreachableLoopStaysSilent/for_(a_=_0;_b_<_foo;_)_for_(a_in_b);
=== RUN   TestNoUnreachableLoopFires/function_someFunc()_{_for_(;_;_c)_{_if_(foo)_{_return;_}_else_{_break;_}_bar();_}_}
=== RUN   TestNoUnreachableLoopStaysSilent/for_(a_=_0;_b_<_foo;_)_for_(a_of_b);
=== PAUSE TestNoUnreachableLoopFires/function_someFunc()_{_for_(;_;_c)_{_if_(foo)_{_return;_}_else_{_break;_}_bar();_}_}
=== PAUSE TestNoUnreachableLoopStaysSilent/for_(a_=_0;_b_<_foo;_)_for_(a_of_b);
=== RUN   TestNoUnreachableLoopFires/function_someFunc()_{_for_(;_;_c)_{_if_(foo)_{_return;_}_throw_err;_}_}
=== RUN   TestNoUnreachableLoopStaysSilent/for_(;_;_c)_;
=== PAUSE TestNoUnreachableLoopFires/function_someFunc()_{_for_(;_;_c)_{_if_(foo)_{_return;_}_throw_err;_}_}
=== PAUSE TestNoUnreachableLoopStaysSilent/for_(;_;_c)_;
=== RUN   TestNoUnreachableLoopStaysSilent/for_(;_;_c)_{}
=== PAUSE TestNoUnreachableLoopStaysSilent/for_(;_;_c)_{}
=== RUN   TestNoUnreachableLoopFires/for_(;_;_c)_{_switch_(foo)_{_default:_throw_err;_}_}
=== RUN   TestNoUnreachableLoopStaysSilent/for_(;_;_c)_{_bar();_}
=== PAUSE TestNoUnreachableLoopFires/for_(;_;_c)_{_switch_(foo)_{_default:_throw_err;_}_}
=== PAUSE TestNoUnreachableLoopStaysSilent/for_(;_;_c)_{_bar();_}
=== RUN   TestNoUnreachableLoopStaysSilent/for_(;_;_c)_continue;
=== RUN   TestNoUnreachableLoopFires/function_someFunc()_{_for_(;_;_c)_{_switch_(foo)_{_case_1:_throw_err;_default:_return;_}_}_}
=== PAUSE TestNoUnreachableLoopStaysSilent/for_(;_;_c)_continue;
=== PAUSE TestNoUnreachableLoopFires/function_someFunc()_{_for_(;_;_c)_{_switch_(foo)_{_case_1:_throw_err;_default:_return;_}_}_}
=== RUN   TestNoUnreachableLoopStaysSilent/for_(;_;_c)_{_continue;_}
=== PAUSE TestNoUnreachableLoopStaysSilent/for_(;_;_c)_{_continue;_}
=== RUN   TestNoUnreachableLoopFires/function_someFunc()_{_for_(;_;_c)_{_switch_(foo)_{_case_1:_something();_default:_return;_}_}_}
=== RUN   TestNoUnreachableLoopStaysSilent/for_(;_;_c)_{_if_(foo)_break;_}
=== PAUSE TestNoUnreachableLoopFires/function_someFunc()_{_for_(;_;_c)_{_switch_(foo)_{_case_1:_something();_default:_return;_}_}_}
=== RUN   TestNoUnreachableLoopFires/function_someFunc()_{_for_(;_;_c)_{_try_{_return_bar();_}_catch_(e)_{_break;_}_}_}
=== PAUSE TestNoUnreachableLoopFires/function_someFunc()_{_for_(;_;_c)_{_try_{_return_bar();_}_catch_(e)_{_break;_}_}_}
=== RUN   TestNoUnreachableLoopFires/for_(;_;_c)_{_break;_continue;_}
=== PAUSE TestNoUnreachableLoopFires/for_(;_;_c)_{_break;_continue;_}
=== RUN   TestNoUnreachableLoopFires/for_(;_;_c)_{_()_=>_a;_break;_}
=== PAUSE TestNoUnreachableLoopFires/for_(;_;_c)_{_()_=>_a;_break;_}
=== RUN   TestNoUnreachableLoopFires/for_(;_;_c)_{_(()_=>_a)();_break;_}
=== PAUSE TestNoUnreachableLoopFires/for_(;_;_c)_{_(()_=>_a)();_break;_}
=== RUN   TestNoUnreachableLoopFires/for_(;_;_c)_{_while_(a);_break;_}
=== PAUSE TestNoUnreachableLoopFires/for_(;_;_c)_{_while_(a);_break;_}
=== RUN   TestNoUnreachableLoopFires/for_(;_;_c)_{_do_;_while_(a)_break;_}
=== PAUSE TestNoUnreachableLoopFires/for_(;_;_c)_{_do_;_while_(a)_break;_}
=== PAUSE TestNoUnreachableLoopStaysSilent/for_(;_;_c)_{_if_(foo)_break;_}
=== RUN   TestNoUnreachableLoopFires/for_(;_;_c)_{_for_(a;_b;_c);_break;_}
=== PAUSE TestNoUnreachableLoopFires/for_(;_;_c)_{_for_(a;_b;_c);_break;_}
=== RUN   TestNoUnreachableLoopFires/for_(;_;_c)_{_for_(;_b;);_break;_}
=== PAUSE TestNoUnreachableLoopFires/for_(;_;_c)_{_for_(;_b;);_break;_}
=== RUN   TestNoUnreachableLoopFires/for_(;_;_c)_{_for_(;_;_c)_if_(foo)_break;_break;_}
=== RUN   TestNoUnreachableLoopStaysSilent/function_someFunc()_{_for_(;_;_c)_{_if_(foo)_{_return;_}_bar();_}_}
=== PAUSE TestNoUnreachableLoopStaysSilent/function_someFunc()_{_for_(;_;_c)_{_if_(foo)_{_return;_}_bar();_}_}
=== RUN   TestNoUnreachableLoopStaysSilent/for_(;_;_c)_{_if_(foo)_{_bar();_}_else_{_break;_}_}
=== PAUSE TestNoUnreachableLoopStaysSilent/for_(;_;_c)_{_if_(foo)_{_bar();_}_else_{_break;_}_}
=== RUN   TestNoUnreachableLoopStaysSilent/function_someFunc()_{_for_(;_;_c)_{_if_(foo)_{_continue;_}_return;_}_}
=== PAUSE TestNoUnreachableLoopStaysSilent/function_someFunc()_{_for_(;_;_c)_{_if_(foo)_{_continue;_}_return;_}_}
=== RUN   TestNoUnreachableLoopStaysSilent/function_someFunc()_{_for_(;_;_c)_{_switch_(foo)_{_case_1:_return;_}_}_}
=== PAUSE TestNoUnreachableLoopStaysSilent/function_someFunc()_{_for_(;_;_c)_{_switch_(foo)_{_case_1:_return;_}_}_}
=== RUN   TestNoUnreachableLoopStaysSilent/function_someFunc()_{_for_(;_;_c)_{_switch_(foo)_{_case_1:_break;_default:_return;_}_}_}
=== PAUSE TestNoUnreachableLoopStaysSilent/function_someFunc()_{_for_(;_;_c)_{_switch_(foo)_{_case_1:_break;_default:_return;_}_}_}
=== RUN   TestNoUnreachableLoopStaysSilent/function_someFunc()_{_for_(;_;_c)_{_switch_(foo)_{_case_1:_continue;_default:_return;_}_throw_err;_}_}
=== PAUSE TestNoUnreachableLoopFires/for_(;_;_c)_{_for_(;_;_c)_if_(foo)_break;_break;_}
=== PAUSE TestNoUnreachableLoopStaysSilent/function_someFunc()_{_for_(;_;_c)_{_switch_(foo)_{_case_1:_continue;_default:_return;_}_throw_err;_}_}
=== RUN   TestNoUnreachableLoopStaysSilent/function_someFunc()_{_for_(;_;_c)_{_try_{_return_bar();_}_catch_(e)_{}_}_}
=== RUN   TestNoUnreachableLoopFires/for_(;_;_c)_{_for(;;)_if_(foo)_break;_break;_}
=== PAUSE TestNoUnreachableLoopStaysSilent/function_someFunc()_{_for_(;_;_c)_{_try_{_return_bar();_}_catch_(e)_{}_}_}
=== RUN   TestNoUnreachableLoopStaysSilent/for_(;_;_c)_{_continue;_break;_}
=== PAUSE TestNoUnreachableLoopStaysSilent/for_(;_;_c)_{_continue;_break;_}
=== PAUSE TestNoUnreachableLoopFires/for_(;_;_c)_{_for(;;)_if_(foo)_break;_break;_}
=== RUN   TestNoUnreachableLoopStaysSilent/for_(;_;_c)_()_=>_a;
=== PAUSE TestNoUnreachableLoopStaysSilent/for_(;_;_c)_()_=>_a;
=== RUN   TestNoUnreachableLoopFires/for_(;_;_c)_{_for_(a_in_b);_break;_}
=== PAUSE TestNoUnreachableLoopFires/for_(;_;_c)_{_for_(a_in_b);_break;_}
=== RUN   TestNoUnreachableLoopStaysSilent/for_(;_;_c)_{_()_=>_a_}
=== PAUSE TestNoUnreachableLoopStaysSilent/for_(;_;_c)_{_()_=>_a_}
=== RUN   TestNoUnreachableLoopFires/for_(;_;_c)_{_for_(a_of_b);_break;_}
=== RUN   TestNoUnreachableLoopStaysSilent/for_(;_;_c)_(()_=>_a)();
=== PAUSE TestNoUnreachableLoopFires/for_(;_;_c)_{_for_(a_of_b);_break;_}
=== PAUSE TestNoUnreachableLoopStaysSilent/for_(;_;_c)_(()_=>_a)();
=== RUN   TestNoUnreachableLoopStaysSilent/for_(;_;_c)_{_(()_=>_a)()_}
=== PAUSE TestNoUnreachableLoopStaysSilent/for_(;_;_c)_{_(()_=>_a)()_}
=== RUN   TestNoUnreachableLoopStaysSilent/for_(;_;_c)_while_(a);
=== RUN   TestNoUnreachableLoopFires/for_(;_;_c)_for_(;;);
=== PAUSE TestNoUnreachableLoopStaysSilent/for_(;_;_c)_while_(a);
=== PAUSE TestNoUnreachableLoopFires/for_(;_;_c)_for_(;;);
=== RUN   TestNoUnreachableLoopStaysSilent/for_(;_;_c)_do_;_while_(a)
=== PAUSE TestNoUnreachableLoopStaysSilent/for_(;_;_c)_do_;_while_(a)
=== RUN   TestNoUnreachableLoopStaysSilent/for_(;_;_c)_for_(a;_b;_c);
=== RUN   TestNoUnreachableLoopFires/for_(;_;_c)_{_for_(var_i_=_0;_;_i<_10)_{_foo();_}_}
=== PAUSE TestNoUnreachableLoopFires/for_(;_;_c)_{_for_(var_i_=_0;_;_i<_10)_{_foo();_}_}
=== PAUSE TestNoUnreachableLoopStaysSilent/for_(;_;_c)_for_(a;_b;_c);
=== RUN   TestNoUnreachableLoopFires/for_(;_;_c)_while_(true);
=== PAUSE TestNoUnreachableLoopFires/for_(;_;_c)_while_(true);
=== RUN   TestNoUnreachableLoopFires/for_(;_;_c++)_break;
=== PAUSE TestNoUnreachableLoopFires/for_(;_;_c++)_break;
=== RUN   TestNoUnreachableLoopFires/for_(;_;_c++)_{_break;_}
=== PAUSE TestNoUnreachableLoopFires/for_(;_;_c++)_{_break;_}
=== RUN   TestNoUnreachableLoopFires/function_someFunc()_{_for_(;_;_c++)_return;_}
=== PAUSE TestNoUnreachableLoopFires/function_someFunc()_{_for_(;_;_c++)_return;_}
=== RUN   TestNoUnreachableLoopFires/function_someFunc()_{_for_(;_;_c++)_{_return;_}_}
=== PAUSE TestNoUnreachableLoopFires/function_someFunc()_{_for_(;_;_c++)_{_return;_}_}
=== RUN   TestNoUnreachableLoopFires/for_(;_;_c++)_throw_err;
=== PAUSE TestNoUnreachableLoopFires/for_(;_;_c++)_throw_err;
=== RUN   TestNoUnreachableLoopFires/for_(;_;_c++)_{_throw_err;_}
=== PAUSE TestNoUnreachableLoopFires/for_(;_;_c++)_{_throw_err;_}
=== RUN   TestNoUnreachableLoopFires/for_(;_;_c++)_{_foo();_break;_}
=== PAUSE TestNoUnreachableLoopFires/for_(;_;_c++)_{_foo();_break;_}
=== RUN   TestNoUnreachableLoopFires/for_(;_;_c++)_{_break;_foo();_}
=== PAUSE TestNoUnreachableLoopFires/for_(;_;_c++)_{_break;_foo();_}
=== RUN   TestNoUnreachableLoopFires/function_someFunc()_{_for_(;_;_c++)_if_(foo)_break;_else_return;_}
=== PAUSE TestNoUnreachableLoopFires/function_someFunc()_{_for_(;_;_c++)_if_(foo)_break;_else_return;_}
=== RUN   TestNoUnreachableLoopStaysSilent/for_(;_;_c)_for_(;_b;);
=== RUN   TestNoUnreachableLoopFires/function_someFunc()_{_for_(;_;_c++)_{_if_(foo)_{_return;_}_else_{_break;_}_bar();_}_}
=== PAUSE TestNoUnreachableLoopStaysSilent/for_(;_;_c)_for_(;_b;);
=== PAUSE TestNoUnreachableLoopFires/function_someFunc()_{_for_(;_;_c++)_{_if_(foo)_{_return;_}_else_{_break;_}_bar();_}_}
=== RUN   TestNoUnreachableLoopFires/function_someFunc()_{_for_(;_;_c++)_{_if_(foo)_{_return;_}_throw_err;_}_}
=== PAUSE TestNoUnreachableLoopFires/function_someFunc()_{_for_(;_;_c++)_{_if_(foo)_{_return;_}_throw_err;_}_}
=== RUN   TestNoUnreachableLoopStaysSilent/for_(;_;_c)_for_(;_;_c)_if_(foo)_break;
=== PAUSE TestNoUnreachableLoopStaysSilent/for_(;_;_c)_for_(;_;_c)_if_(foo)_break;
=== RUN   TestNoUnreachableLoopFires/for_(;_;_c++)_{_switch_(foo)_{_default:_throw_err;_}_}
=== RUN   TestNoUnreachableLoopStaysSilent/for_(;_;_c)_for_(;;)_if_(foo)_break;
=== PAUSE TestNoUnreachableLoopStaysSilent/for_(;_;_c)_for_(;;)_if_(foo)_break;
=== RUN   TestNoUnreachableLoopStaysSilent/for_(;_;_c)_while_(true)_if_(foo)_break;
=== PAUSE TestNoUnreachableLoopFires/for_(;_;_c++)_{_switch_(foo)_{_default:_throw_err;_}_}
=== PAUSE TestNoUnreachableLoopStaysSilent/for_(;_;_c)_while_(true)_if_(foo)_break;
=== RUN   TestNoUnreachableLoopFires/function_someFunc()_{_for_(;_;_c++)_{_switch_(foo)_{_case_1:_throw_err;_default:_return;_}_}_}
=== PAUSE TestNoUnreachableLoopFires/function_someFunc()_{_for_(;_;_c++)_{_switch_(foo)_{_case_1:_throw_err;_default:_return;_}_}_}
=== RUN   TestNoUnreachableLoopStaysSilent/function_someFunc()_{_for_(;_;_c)_while_(foo)_if_(bar)_return;_}
=== RUN   TestNoUnreachableLoopFires/function_someFunc()_{_for_(;_;_c++)_{_switch_(foo)_{_case_1:_something();_default:_return;_}_}_}
=== PAUSE TestNoUnreachableLoopFires/function_someFunc()_{_for_(;_;_c++)_{_switch_(foo)_{_case_1:_something();_default:_return;_}_}_}
=== RUN   TestNoUnreachableLoopFires/function_someFunc()_{_for_(;_;_c++)_{_try_{_return_bar();_}_catch_(e)_{_break;_}_}_}
=== PAUSE TestNoUnreachableLoopFires/function_someFunc()_{_for_(;_;_c++)_{_try_{_return_bar();_}_catch_(e)_{_break;_}_}_}
=== PAUSE TestNoUnreachableLoopStaysSilent/function_someFunc()_{_for_(;_;_c)_while_(foo)_if_(bar)_return;_}
=== RUN   TestNoUnreachableLoopFires/for_(;_;_c++)_{_break;_continue;_}
=== PAUSE TestNoUnreachableLoopFires/for_(;_;_c++)_{_break;_continue;_}
=== RUN   TestNoUnreachableLoopStaysSilent/for_(;_;_c)_for_(a_in_b);
=== RUN   TestNoUnreachableLoopFires/for_(;_;_c++)_{_()_=>_a;_break;_}
=== PAUSE TestNoUnreachableLoopFires/for_(;_;_c++)_{_()_=>_a;_break;_}
=== PAUSE TestNoUnreachableLoopStaysSilent/for_(;_;_c)_for_(a_in_b);
=== RUN   TestNoUnreachableLoopFires/for_(;_;_c++)_{_(()_=>_a)();_break;_}
=== RUN   TestNoUnreachableLoopStaysSilent/for_(;_;_c)_for_(a_of_b);
=== PAUSE TestNoUnreachableLoopStaysSilent/for_(;_;_c)_for_(a_of_b);
=== RUN   TestNoUnreachableLoopStaysSilent/for_(;_;_c++)_;
=== PAUSE TestNoUnreachableLoopFires/for_(;_;_c++)_{_(()_=>_a)();_break;_}
=== PAUSE TestNoUnreachableLoopStaysSilent/for_(;_;_c++)_;
=== RUN   TestNoUnreachableLoopStaysSilent/for_(;_;_c++)_{}
=== PAUSE TestNoUnreachableLoopStaysSilent/for_(;_;_c++)_{}
=== RUN   TestNoUnreachableLoopFires/for_(;_;_c++)_{_while_(a);_break;_}
=== RUN   TestNoUnreachableLoopStaysSilent/for_(;_;_c++)_{_bar();_}
=== PAUSE TestNoUnreachableLoopStaysSilent/for_(;_;_c++)_{_bar();_}
=== PAUSE TestNoUnreachableLoopFires/for_(;_;_c++)_{_while_(a);_break;_}
=== RUN   TestNoUnreachableLoopFires/for_(;_;_c++)_{_do_;_while_(a)_break;_}
=== PAUSE TestNoUnreachableLoopFires/for_(;_;_c++)_{_do_;_while_(a)_break;_}
=== RUN   TestNoUnreachableLoopFires/for_(;_;_c++)_{_for_(a;_b;_c);_break;_}
=== PAUSE TestNoUnreachableLoopFires/for_(;_;_c++)_{_for_(a;_b;_c);_break;_}
=== RUN   TestNoUnreachableLoopFires/for_(;_;_c++)_{_for_(;_b;);_break;_}
=== PAUSE TestNoUnreachableLoopFires/for_(;_;_c++)_{_for_(;_b;);_break;_}
=== RUN   TestNoUnreachableLoopFires/for_(;_;_c++)_{_for_(;_;_c)_if_(foo)_break;_break;_}
=== PAUSE TestNoUnreachableLoopFires/for_(;_;_c++)_{_for_(;_;_c)_if_(foo)_break;_break;_}
=== RUN   TestNoUnreachableLoopFires/for_(;_;_c++)_{_for(;;)_if_(foo)_break;_break;_}
=== PAUSE TestNoUnreachableLoopFires/for_(;_;_c++)_{_for(;;)_if_(foo)_break;_break;_}
=== RUN   TestNoUnreachableLoopFires/for_(;_;_c++)_{_for_(a_in_b);_break;_}
=== PAUSE TestNoUnreachableLoopFires/for_(;_;_c++)_{_for_(a_in_b);_break;_}
=== RUN   TestNoUnreachableLoopFires/for_(;_;_c++)_{_for_(a_of_b);_break;_}
=== PAUSE TestNoUnreachableLoopFires/for_(;_;_c++)_{_for_(a_of_b);_break;_}
=== RUN   TestNoUnreachableLoopFires/for_(;_;_c++)_for_(;;);
=== PAUSE TestNoUnreachableLoopFires/for_(;_;_c++)_for_(;;);
=== RUN   TestNoUnreachableLoopFires/for_(;_;_c++)_{_for_(var_i_=_0;_;_i<_10)_{_foo();_}_}
=== PAUSE TestNoUnreachableLoopFires/for_(;_;_c++)_{_for_(var_i_=_0;_;_i<_10)_{_foo();_}_}
=== RUN   TestNoUnreachableLoopFires/for_(;_;_c++)_while_(true);
=== PAUSE TestNoUnreachableLoopFires/for_(;_;_c++)_while_(true);
=== RUN   TestNoUnreachableLoopFires/for_(;_b;)_break;
=== PAUSE TestNoUnreachableLoopFires/for_(;_b;)_break;
=== RUN   TestNoUnreachableLoopStaysSilent/for_(;_;_c++)_continue;
=== RUN   TestNoUnreachableLoopFires/for_(;_b;)_{_break;_}
=== PAUSE TestNoUnreachableLoopStaysSilent/for_(;_;_c++)_continue;
=== PAUSE TestNoUnreachableLoopFires/for_(;_b;)_{_break;_}
=== RUN   TestNoUnreachableLoopStaysSilent/for_(;_;_c++)_{_continue;_}
=== RUN   TestNoUnreachableLoopFires/function_someFunc()_{_for_(;_b;)_return;_}
=== PAUSE TestNoUnreachableLoopFires/function_someFunc()_{_for_(;_b;)_return;_}
=== RUN   TestNoUnreachableLoopFires/function_someFunc()_{_for_(;_b;)_{_return;_}_}
=== PAUSE TestNoUnreachableLoopFires/function_someFunc()_{_for_(;_b;)_{_return;_}_}
=== RUN   TestNoUnreachableLoopFires/for_(;_b;)_throw_err;
=== PAUSE TestNoUnreachableLoopStaysSilent/for_(;_;_c++)_{_continue;_}
=== PAUSE TestNoUnreachableLoopFires/for_(;_b;)_throw_err;
=== RUN   TestNoUnreachableLoopStaysSilent/for_(;_;_c++)_{_if_(foo)_break;_}
=== PAUSE TestNoUnreachableLoopStaysSilent/for_(;_;_c++)_{_if_(foo)_break;_}
=== RUN   TestNoUnreachableLoopFires/for_(;_b;)_{_throw_err;_}
=== RUN   TestNoUnreachableLoopStaysSilent/function_someFunc()_{_for_(;_;_c++)_{_if_(foo)_{_return;_}_bar();_}_}
=== PAUSE TestNoUnreachableLoopStaysSilent/function_someFunc()_{_for_(;_;_c++)_{_if_(foo)_{_return;_}_bar();_}_}
=== PAUSE TestNoUnreachableLoopFires/for_(;_b;)_{_throw_err;_}
=== RUN   TestNoUnreachableLoopStaysSilent/for_(;_;_c++)_{_if_(foo)_{_bar();_}_else_{_break;_}_}
=== RUN   TestNoUnreachableLoopFires/for_(;_b;)_{_foo();_break;_}
=== PAUSE TestNoUnreachableLoopStaysSilent/for_(;_;_c++)_{_if_(foo)_{_bar();_}_else_{_break;_}_}
=== PAUSE TestNoUnreachableLoopFires/for_(;_b;)_{_foo();_break;_}
=== RUN   TestNoUnreachableLoopFires/for_(;_b;)_{_break;_foo();_}
=== PAUSE TestNoUnreachableLoopFires/for_(;_b;)_{_break;_foo();_}
=== RUN   TestNoUnreachableLoopFires/function_someFunc()_{_for_(;_b;)_if_(foo)_break;_else_return;_}
=== PAUSE TestNoUnreachableLoopFires/function_someFunc()_{_for_(;_b;)_if_(foo)_break;_else_return;_}
=== RUN   TestNoUnreachableLoopFires/function_someFunc()_{_for_(;_b;)_{_if_(foo)_{_return;_}_else_{_break;_}_bar();_}_}
=== PAUSE TestNoUnreachableLoopFires/function_someFunc()_{_for_(;_b;)_{_if_(foo)_{_return;_}_else_{_break;_}_bar();_}_}
=== RUN   TestNoUnreachableLoopStaysSilent/function_someFunc()_{_for_(;_;_c++)_{_if_(foo)_{_continue;_}_return;_}_}
=== PAUSE TestNoUnreachableLoopStaysSilent/function_someFunc()_{_for_(;_;_c++)_{_if_(foo)_{_continue;_}_return;_}_}
=== RUN   TestNoUnreachableLoopStaysSilent/function_someFunc()_{_for_(;_;_c++)_{_switch_(foo)_{_case_1:_return;_}_}_}
=== PAUSE TestNoUnreachableLoopStaysSilent/function_someFunc()_{_for_(;_;_c++)_{_switch_(foo)_{_case_1:_return;_}_}_}
=== RUN   TestNoUnreachableLoopStaysSilent/function_someFunc()_{_for_(;_;_c++)_{_switch_(foo)_{_case_1:_break;_default:_return;_}_}_}
=== PAUSE TestNoUnreachableLoopStaysSilent/function_someFunc()_{_for_(;_;_c++)_{_switch_(foo)_{_case_1:_break;_default:_return;_}_}_}
=== RUN   TestNoUnreachableLoopStaysSilent/function_someFunc()_{_for_(;_;_c++)_{_switch_(foo)_{_case_1:_continue;_default:_return;_}_throw_err;_}_}
=== RUN   TestNoUnreachableLoopFires/function_someFunc()_{_for_(;_b;)_{_if_(foo)_{_return;_}_throw_err;_}_}
=== PAUSE TestNoUnreachableLoopStaysSilent/function_someFunc()_{_for_(;_;_c++)_{_switch_(foo)_{_case_1:_continue;_default:_return;_}_throw_err;_}_}
=== PAUSE TestNoUnreachableLoopFires/function_someFunc()_{_for_(;_b;)_{_if_(foo)_{_return;_}_throw_err;_}_}
=== RUN   TestNoUnreachableLoopFires/for_(;_b;)_{_switch_(foo)_{_default:_throw_err;_}_}
=== PAUSE TestNoUnreachableLoopFires/for_(;_b;)_{_switch_(foo)_{_default:_throw_err;_}_}
=== RUN   TestNoUnreachableLoopStaysSilent/function_someFunc()_{_for_(;_;_c++)_{_try_{_return_bar();_}_catch_(e)_{}_}_}
=== RUN   TestNoUnreachableLoopFires/function_someFunc()_{_for_(;_b;)_{_switch_(foo)_{_case_1:_throw_err;_default:_return;_}_}_}
=== PAUSE TestNoUnreachableLoopStaysSilent/function_someFunc()_{_for_(;_;_c++)_{_try_{_return_bar();_}_catch_(e)_{}_}_}
=== PAUSE TestNoUnreachableLoopFires/function_someFunc()_{_for_(;_b;)_{_switch_(foo)_{_case_1:_throw_err;_default:_return;_}_}_}
=== RUN   TestNoUnreachableLoopFires/function_someFunc()_{_for_(;_b;)_{_switch_(foo)_{_case_1:_something();_default:_return;_}_}_}
=== PAUSE TestNoUnreachableLoopFires/function_someFunc()_{_for_(;_b;)_{_switch_(foo)_{_case_1:_something();_default:_return;_}_}_}
=== RUN   TestNoUnreachableLoopFires/function_someFunc()_{_for_(;_b;)_{_try_{_return_bar();_}_catch_(e)_{_break;_}_}_}
=== RUN   TestNoUnreachableLoopStaysSilent/for_(;_;_c++)_{_continue;_break;_}
=== PAUSE TestNoUnreachableLoopFires/function_someFunc()_{_for_(;_b;)_{_try_{_return_bar();_}_catch_(e)_{_break;_}_}_}
=== RUN   TestNoUnreachableLoopFires/for_(;_b;)_{_break;_continue;_}
=== PAUSE TestNoUnreachableLoopFires/for_(;_b;)_{_break;_continue;_}
=== RUN   TestNoUnreachableLoopFires/for_(;_b;)_{_()_=>_a;_break;_}
=== PAUSE TestNoUnreachableLoopFires/for_(;_b;)_{_()_=>_a;_break;_}
=== RUN   TestNoUnreachableLoopFires/for_(;_b;)_{_(()_=>_a)();_break;_}
=== PAUSE TestNoUnreachableLoopFires/for_(;_b;)_{_(()_=>_a)();_break;_}
=== RUN   TestNoUnreachableLoopFires/for_(;_b;)_{_while_(a);_break;_}
=== PAUSE TestNoUnreachableLoopFires/for_(;_b;)_{_while_(a);_break;_}
=== PAUSE TestNoUnreachableLoopStaysSilent/for_(;_;_c++)_{_continue;_break;_}
=== RUN   TestNoUnreachableLoopFires/for_(;_b;)_{_do_;_while_(a)_break;_}
=== PAUSE TestNoUnreachableLoopFires/for_(;_b;)_{_do_;_while_(a)_break;_}
=== RUN   TestNoUnreachableLoopStaysSilent/for_(;_;_c++)_()_=>_a;
=== RUN   TestNoUnreachableLoopFires/for_(;_b;)_{_for_(a;_b;_c);_break;_}
=== PAUSE TestNoUnreachableLoopStaysSilent/for_(;_;_c++)_()_=>_a;
=== RUN   TestNoUnreachableLoopStaysSilent/for_(;_;_c++)_{_()_=>_a_}
=== PAUSE TestNoUnreachableLoopStaysSilent/for_(;_;_c++)_{_()_=>_a_}
=== RUN   TestNoUnreachableLoopStaysSilent/for_(;_;_c++)_(()_=>_a)();
=== PAUSE TestNoUnreachableLoopStaysSilent/for_(;_;_c++)_(()_=>_a)();
=== RUN   TestNoUnreachableLoopStaysSilent/for_(;_;_c++)_{_(()_=>_a)()_}
=== PAUSE TestNoUnreachableLoopStaysSilent/for_(;_;_c++)_{_(()_=>_a)()_}
=== RUN   TestNoUnreachableLoopStaysSilent/for_(;_;_c++)_while_(a);
=== PAUSE TestNoUnreachableLoopStaysSilent/for_(;_;_c++)_while_(a);
=== PAUSE TestNoUnreachableLoopFires/for_(;_b;)_{_for_(a;_b;_c);_break;_}
=== RUN   TestNoUnreachableLoopStaysSilent/for_(;_;_c++)_do_;_while_(a)
=== RUN   TestNoUnreachableLoopFires/for_(;_b;)_{_for_(;_b;);_break;_}
=== PAUSE TestNoUnreachableLoopStaysSilent/for_(;_;_c++)_do_;_while_(a)
=== PAUSE TestNoUnreachableLoopFires/for_(;_b;)_{_for_(;_b;);_break;_}
=== RUN   TestNoUnreachableLoopStaysSilent/for_(;_;_c++)_for_(a;_b;_c);
=== PAUSE TestNoUnreachableLoopStaysSilent/for_(;_;_c++)_for_(a;_b;_c);
=== RUN   TestNoUnreachableLoopFires/for_(;_b;)_{_for_(;_;_c)_if_(foo)_break;_break;_}
=== PAUSE TestNoUnreachableLoopFires/for_(;_b;)_{_for_(;_;_c)_if_(foo)_break;_break;_}
=== RUN   TestNoUnreachableLoopFires/for_(;_b;)_{_for(;;)_if_(foo)_break;_break;_}
=== PAUSE TestNoUnreachableLoopFires/for_(;_b;)_{_for(;;)_if_(foo)_break;_break;_}
=== RUN   TestNoUnreachableLoopStaysSilent/for_(;_;_c++)_for_(;_b;);
=== PAUSE TestNoUnreachableLoopStaysSilent/for_(;_;_c++)_for_(;_b;);
=== RUN   TestNoUnreachableLoopFires/for_(;_b;)_{_for_(a_in_b);_break;_}
=== RUN   TestNoUnreachableLoopStaysSilent/for_(;_;_c++)_for_(;_;_c)_if_(foo)_break;
=== PAUSE TestNoUnreachableLoopStaysSilent/for_(;_;_c++)_for_(;_;_c)_if_(foo)_break;
=== RUN   TestNoUnreachableLoopStaysSilent/for_(;_;_c++)_for_(;;)_if_(foo)_break;
=== PAUSE TestNoUnreachableLoopFires/for_(;_b;)_{_for_(a_in_b);_break;_}
=== PAUSE TestNoUnreachableLoopStaysSilent/for_(;_;_c++)_for_(;;)_if_(foo)_break;
=== RUN   TestNoUnreachableLoopStaysSilent/for_(;_;_c++)_while_(true)_if_(foo)_break;
=== RUN   TestNoUnreachableLoopFires/for_(;_b;)_{_for_(a_of_b);_break;_}
=== PAUSE TestNoUnreachableLoopFires/for_(;_b;)_{_for_(a_of_b);_break;_}
=== RUN   TestNoUnreachableLoopFires/for_(;_b;)_for_(;;);
=== PAUSE TestNoUnreachableLoopFires/for_(;_b;)_for_(;;);
=== PAUSE TestNoUnreachableLoopStaysSilent/for_(;_;_c++)_while_(true)_if_(foo)_break;
=== RUN   TestNoUnreachableLoopFires/for_(;_b;)_{_for_(var_i_=_0;_;_i<_10)_{_foo();_}_}
=== PAUSE TestNoUnreachableLoopFires/for_(;_b;)_{_for_(var_i_=_0;_;_i<_10)_{_foo();_}_}
=== RUN   TestNoUnreachableLoopStaysSilent/function_someFunc()_{_for_(;_;_c++)_while_(foo)_if_(bar)_return;_}
=== PAUSE TestNoUnreachableLoopStaysSilent/function_someFunc()_{_for_(;_;_c++)_while_(foo)_if_(bar)_return;_}
=== RUN   TestNoUnreachableLoopFires/for_(;_b;)_while_(true);
=== RUN   TestNoUnreachableLoopStaysSilent/for_(;_;_c++)_for_(a_in_b);
=== PAUSE TestNoUnreachableLoopFires/for_(;_b;)_while_(true);
=== PAUSE TestNoUnreachableLoopStaysSilent/for_(;_;_c++)_for_(a_in_b);
=== RUN   TestNoUnreachableLoopFires/for_(;_b_<_foo;_)_break;
=== RUN   TestNoUnreachableLoopStaysSilent/for_(;_;_c++)_for_(a_of_b);
=== PAUSE TestNoUnreachableLoopStaysSilent/for_(;_;_c++)_for_(a_of_b);
=== PAUSE TestNoUnreachableLoopFires/for_(;_b_<_foo;_)_break;
=== RUN   TestNoUnreachableLoopStaysSilent/for_(;_b;)_;
=== PAUSE TestNoUnreachableLoopStaysSilent/for_(;_b;)_;
=== RUN   TestNoUnreachableLoopFires/for_(;_b_<_foo;_)_{_break;_}
=== PAUSE TestNoUnreachableLoopFires/for_(;_b_<_foo;_)_{_break;_}
=== RUN   TestNoUnreachableLoopFires/function_someFunc()_{_for_(;_b_<_foo;_)_return;_}
=== PAUSE TestNoUnreachableLoopFires/function_someFunc()_{_for_(;_b_<_foo;_)_return;_}
=== RUN   TestNoUnreachableLoopFires/function_someFunc()_{_for_(;_b_<_foo;_)_{_return;_}_}
=== PAUSE TestNoUnreachableLoopFires/function_someFunc()_{_for_(;_b_<_foo;_)_{_return;_}_}
=== RUN   TestNoUnreachableLoopStaysSilent/for_(;_b;)_{}
=== RUN   TestNoUnreachableLoopFires/for_(;_b_<_foo;_)_throw_err;
=== PAUSE TestNoUnreachableLoopFires/for_(;_b_<_foo;_)_throw_err;
=== RUN   TestNoUnreachableLoopFires/for_(;_b_<_foo;_)_{_throw_err;_}
=== PAUSE TestNoUnreachableLoopFires/for_(;_b_<_foo;_)_{_throw_err;_}
=== RUN   TestNoUnreachableLoopFires/for_(;_b_<_foo;_)_{_foo();_break;_}
=== PAUSE TestNoUnreachableLoopFires/for_(;_b_<_foo;_)_{_foo();_break;_}
=== PAUSE TestNoUnreachableLoopStaysSilent/for_(;_b;)_{}
=== RUN   TestNoUnreachableLoopFires/for_(;_b_<_foo;_)_{_break;_foo();_}
=== PAUSE TestNoUnreachableLoopFires/for_(;_b_<_foo;_)_{_break;_foo();_}
=== RUN   TestNoUnreachableLoopStaysSilent/for_(;_b;)_{_bar();_}
=== RUN   TestNoUnreachableLoopFires/function_someFunc()_{_for_(;_b_<_foo;_)_if_(foo)_break;_else_return;_}
=== PAUSE TestNoUnreachableLoopFires/function_someFunc()_{_for_(;_b_<_foo;_)_if_(foo)_break;_else_return;_}
=== PAUSE TestNoUnreachableLoopStaysSilent/for_(;_b;)_{_bar();_}
=== RUN   TestNoUnreachableLoopStaysSilent/for_(;_b;)_continue;
=== PAUSE TestNoUnreachableLoopStaysSilent/for_(;_b;)_continue;
=== RUN   TestNoUnreachableLoopFires/function_someFunc()_{_for_(;_b_<_foo;_)_{_if_(foo)_{_return;_}_else_{_break;_}_bar();_}_}
=== RUN   TestNoUnreachableLoopStaysSilent/for_(;_b;)_{_continue;_}
=== PAUSE TestNoUnreachableLoopFires/function_someFunc()_{_for_(;_b_<_foo;_)_{_if_(foo)_{_return;_}_else_{_break;_}_bar();_}_}
=== RUN   TestNoUnreachableLoopFires/function_someFunc()_{_for_(;_b_<_foo;_)_{_if_(foo)_{_return;_}_throw_err;_}_}
=== PAUSE TestNoUnreachableLoopStaysSilent/for_(;_b;)_{_continue;_}
=== PAUSE TestNoUnreachableLoopFires/function_someFunc()_{_for_(;_b_<_foo;_)_{_if_(foo)_{_return;_}_throw_err;_}_}
=== RUN   TestNoUnreachableLoopFires/for_(;_b_<_foo;_)_{_switch_(foo)_{_default:_throw_err;_}_}
=== RUN   TestNoUnreachableLoopStaysSilent/for_(;_b;)_{_if_(foo)_break;_}
=== PAUSE TestNoUnreachableLoopStaysSilent/for_(;_b;)_{_if_(foo)_break;_}
=== RUN   TestNoUnreachableLoopStaysSilent/function_someFunc()_{_for_(;_b;)_{_if_(foo)_{_return;_}_bar();_}_}
=== PAUSE TestNoUnreachableLoopFires/for_(;_b_<_foo;_)_{_switch_(foo)_{_default:_throw_err;_}_}
=== PAUSE TestNoUnreachableLoopStaysSilent/function_someFunc()_{_for_(;_b;)_{_if_(foo)_{_return;_}_bar();_}_}
=== RUN   TestNoUnreachableLoopFires/function_someFunc()_{_for_(;_b_<_foo;_)_{_switch_(foo)_{_case_1:_throw_err;_default:_return;_}_}_}
=== PAUSE TestNoUnreachableLoopFires/function_someFunc()_{_for_(;_b_<_foo;_)_{_switch_(foo)_{_case_1:_throw_err;_default:_return;_}_}_}
=== RUN   TestNoUnreachableLoopFires/function_someFunc()_{_for_(;_b_<_foo;_)_{_switch_(foo)_{_case_1:_something();_default:_return;_}_}_}
=== RUN   TestNoUnreachableLoopStaysSilent/for_(;_b;)_{_if_(foo)_{_bar();_}_else_{_break;_}_}
=== PAUSE TestNoUnreachableLoopFires/function_someFunc()_{_for_(;_b_<_foo;_)_{_switch_(foo)_{_case_1:_something();_default:_return;_}_}_}
=== PAUSE TestNoUnreachableLoopStaysSilent/for_(;_b;)_{_if_(foo)_{_bar();_}_else_{_break;_}_}
=== RUN   TestNoUnreachableLoopStaysSilent/function_someFunc()_{_for_(;_b;)_{_if_(foo)_{_continue;_}_return;_}_}
=== PAUSE TestNoUnreachableLoopStaysSilent/function_someFunc()_{_for_(;_b;)_{_if_(foo)_{_continue;_}_return;_}_}
=== RUN   TestNoUnreachableLoopStaysSilent/function_someFunc()_{_for_(;_b;)_{_switch_(foo)_{_case_1:_return;_}_}_}
=== PAUSE TestNoUnreachableLoopStaysSilent/function_someFunc()_{_for_(;_b;)_{_switch_(foo)_{_case_1:_return;_}_}_}
=== RUN   TestNoUnreachableLoopStaysSilent/function_someFunc()_{_for_(;_b;)_{_switch_(foo)_{_case_1:_break;_default:_return;_}_}_}
=== PAUSE TestNoUnreachableLoopStaysSilent/function_someFunc()_{_for_(;_b;)_{_switch_(foo)_{_case_1:_break;_default:_return;_}_}_}
=== RUN   TestNoUnreachableLoopStaysSilent/function_someFunc()_{_for_(;_b;)_{_switch_(foo)_{_case_1:_continue;_default:_return;_}_throw_err;_}_}
=== PAUSE TestNoUnreachableLoopStaysSilent/function_someFunc()_{_for_(;_b;)_{_switch_(foo)_{_case_1:_continue;_default:_return;_}_throw_err;_}_}
=== RUN   TestNoUnreachableLoopStaysSilent/function_someFunc()_{_for_(;_b;)_{_try_{_return_bar();_}_catch_(e)_{}_}_}
=== RUN   TestNoUnreachableLoopFires/function_someFunc()_{_for_(;_b_<_foo;_)_{_try_{_return_bar();_}_catch_(e)_{_break;_}_}_}
=== PAUSE TestNoUnreachableLoopStaysSilent/function_someFunc()_{_for_(;_b;)_{_try_{_return_bar();_}_catch_(e)_{}_}_}
=== PAUSE TestNoUnreachableLoopFires/function_someFunc()_{_for_(;_b_<_foo;_)_{_try_{_return_bar();_}_catch_(e)_{_break;_}_}_}
=== RUN   TestNoUnreachableLoopFires/for_(;_b_<_foo;_)_{_break;_continue;_}
=== PAUSE TestNoUnreachableLoopFires/for_(;_b_<_foo;_)_{_break;_continue;_}
=== RUN   TestNoUnreachableLoopStaysSilent/for_(;_b;)_{_continue;_break;_}
=== RUN   TestNoUnreachableLoopFires/for_(;_b_<_foo;_)_{_()_=>_a;_break;_}
=== PAUSE TestNoUnreachableLoopFires/for_(;_b_<_foo;_)_{_()_=>_a;_break;_}
=== PAUSE TestNoUnreachableLoopStaysSilent/for_(;_b;)_{_continue;_break;_}
=== RUN   TestNoUnreachableLoopFires/for_(;_b_<_foo;_)_{_(()_=>_a)();_break;_}
=== PAUSE TestNoUnreachableLoopFires/for_(;_b_<_foo;_)_{_(()_=>_a)();_break;_}
=== RUN   TestNoUnreachableLoopStaysSilent/for_(;_b;)_()_=>_a;
=== RUN   TestNoUnreachableLoopFires/for_(;_b_<_foo;_)_{_while_(a);_break;_}
=== PAUSE TestNoUnreachableLoopStaysSilent/for_(;_b;)_()_=>_a;
=== PAUSE TestNoUnreachableLoopFires/for_(;_b_<_foo;_)_{_while_(a);_break;_}
=== RUN   TestNoUnreachableLoopFires/for_(;_b_<_foo;_)_{_do_;_while_(a)_break;_}
=== PAUSE TestNoUnreachableLoopFires/for_(;_b_<_foo;_)_{_do_;_while_(a)_break;_}
=== RUN   TestNoUnreachableLoopFires/for_(;_b_<_foo;_)_{_for_(a;_b;_c);_break;_}
=== RUN   TestNoUnreachableLoopStaysSilent/for_(;_b;)_{_()_=>_a_}
=== PAUSE TestNoUnreachableLoopFires/for_(;_b_<_foo;_)_{_for_(a;_b;_c);_break;_}
=== PAUSE TestNoUnreachableLoopStaysSilent/for_(;_b;)_{_()_=>_a_}
=== RUN   TestNoUnreachableLoopStaysSilent/for_(;_b;)_(()_=>_a)();
=== PAUSE TestNoUnreachableLoopStaysSilent/for_(;_b;)_(()_=>_a)();
=== RUN   TestNoUnreachableLoopFires/for_(;_b_<_foo;_)_{_for_(;_b;);_break;_}
=== RUN   TestNoUnreachableLoopStaysSilent/for_(;_b;)_{_(()_=>_a)()_}
=== PAUSE TestNoUnreachableLoopFires/for_(;_b_<_foo;_)_{_for_(;_b;);_break;_}
=== PAUSE TestNoUnreachableLoopStaysSilent/for_(;_b;)_{_(()_=>_a)()_}
=== RUN   TestNoUnreachableLoopStaysSilent/for_(;_b;)_while_(a);
=== PAUSE TestNoUnreachableLoopStaysSilent/for_(;_b;)_while_(a);
=== RUN   TestNoUnreachableLoopFires/for_(;_b_<_foo;_)_{_for_(;_;_c)_if_(foo)_break;_break;_}
=== RUN   TestNoUnreachableLoopStaysSilent/for_(;_b;)_do_;_while_(a)
=== PAUSE TestNoUnreachableLoopFires/for_(;_b_<_foo;_)_{_for_(;_;_c)_if_(foo)_break;_break;_}
=== PAUSE TestNoUnreachableLoopStaysSilent/for_(;_b;)_do_;_while_(a)
=== RUN   TestNoUnreachableLoopFires/for_(;_b_<_foo;_)_{_for(;;)_if_(foo)_break;_break;_}
=== RUN   TestNoUnreachableLoopStaysSilent/for_(;_b;)_for_(a;_b;_c);
=== PAUSE TestNoUnreachableLoopStaysSilent/for_(;_b;)_for_(a;_b;_c);
=== RUN   TestNoUnreachableLoopStaysSilent/for_(;_b;)_for_(;_b;);
=== PAUSE TestNoUnreachableLoopStaysSilent/for_(;_b;)_for_(;_b;);
=== PAUSE TestNoUnreachableLoopFires/for_(;_b_<_foo;_)_{_for(;;)_if_(foo)_break;_break;_}
=== RUN   TestNoUnreachableLoopStaysSilent/for_(;_b;)_for_(;_;_c)_if_(foo)_break;
=== PAUSE TestNoUnreachableLoopStaysSilent/for_(;_b;)_for_(;_;_c)_if_(foo)_break;
=== RUN   TestNoUnreachableLoopFires/for_(;_b_<_foo;_)_{_for_(a_in_b);_break;_}
=== RUN   TestNoUnreachableLoopStaysSilent/for_(;_b;)_for_(;;)_if_(foo)_break;
=== PAUSE TestNoUnreachableLoopFires/for_(;_b_<_foo;_)_{_for_(a_in_b);_break;_}
=== PAUSE TestNoUnreachableLoopStaysSilent/for_(;_b;)_for_(;;)_if_(foo)_break;
=== RUN   TestNoUnreachableLoopFires/for_(;_b_<_foo;_)_{_for_(a_of_b);_break;_}
=== PAUSE TestNoUnreachableLoopFires/for_(;_b_<_foo;_)_{_for_(a_of_b);_break;_}
=== RUN   TestNoUnreachableLoopStaysSilent/for_(;_b;)_while_(true)_if_(foo)_break;
=== PAUSE TestNoUnreachableLoopStaysSilent/for_(;_b;)_while_(true)_if_(foo)_break;
=== RUN   TestNoUnreachableLoopFires/for_(;_b_<_foo;_)_for_(;;);
=== PAUSE TestNoUnreachableLoopFires/for_(;_b_<_foo;_)_for_(;;);
=== RUN   TestNoUnreachableLoopFires/for_(;_b_<_foo;_)_{_for_(var_i_=_0;_;_i<_10)_{_foo();_}_}
=== PAUSE TestNoUnreachableLoopFires/for_(;_b_<_foo;_)_{_for_(var_i_=_0;_;_i<_10)_{_foo();_}_}
=== RUN   TestNoUnreachableLoopStaysSilent/function_someFunc()_{_for_(;_b;)_while_(foo)_if_(bar)_return;_}
=== PAUSE TestNoUnreachableLoopStaysSilent/function_someFunc()_{_for_(;_b;)_while_(foo)_if_(bar)_return;_}
=== RUN   TestNoUnreachableLoopFires/for_(;_b_<_foo;_)_while_(true);
=== RUN   TestNoUnreachableLoopStaysSilent/for_(;_b;)_for_(a_in_b);
=== PAUSE TestNoUnreachableLoopStaysSilent/for_(;_b;)_for_(a_in_b);
=== PAUSE TestNoUnreachableLoopFires/for_(;_b_<_foo;_)_while_(true);
=== RUN   TestNoUnreachableLoopStaysSilent/for_(;_b;)_for_(a_of_b);
=== PAUSE TestNoUnreachableLoopStaysSilent/for_(;_b;)_for_(a_of_b);
=== RUN   TestNoUnreachableLoopFires/for_(a;_;)_break;
=== RUN   TestNoUnreachableLoopStaysSilent/for_(;_b_<_foo;_)_;
=== PAUSE TestNoUnreachableLoopFires/for_(a;_;)_break;
=== PAUSE TestNoUnreachableLoopStaysSilent/for_(;_b_<_foo;_)_;
=== RUN   TestNoUnreachableLoopFires/for_(a;_;)_{_break;_}
=== RUN   TestNoUnreachableLoopStaysSilent/for_(;_b_<_foo;_)_{}
=== PAUSE TestNoUnreachableLoopFires/for_(a;_;)_{_break;_}
=== RUN   TestNoUnreachableLoopFires/function_someFunc()_{_for_(a;_;)_return;_}
=== PAUSE TestNoUnreachableLoopStaysSilent/for_(;_b_<_foo;_)_{}
=== RUN   TestNoUnreachableLoopStaysSilent/for_(;_b_<_foo;_)_{_bar();_}
=== PAUSE TestNoUnreachableLoopStaysSilent/for_(;_b_<_foo;_)_{_bar();_}
=== RUN   TestNoUnreachableLoopStaysSilent/for_(;_b_<_foo;_)_continue;
=== PAUSE TestNoUnreachableLoopStaysSilent/for_(;_b_<_foo;_)_continue;
=== RUN   TestNoUnreachableLoopStaysSilent/for_(;_b_<_foo;_)_{_continue;_}
=== PAUSE TestNoUnreachableLoopStaysSilent/for_(;_b_<_foo;_)_{_continue;_}
=== RUN   TestNoUnreachableLoopStaysSilent/for_(;_b_<_foo;_)_{_if_(foo)_break;_}
=== PAUSE TestNoUnreachableLoopStaysSilent/for_(;_b_<_foo;_)_{_if_(foo)_break;_}
=== RUN   TestNoUnreachableLoopStaysSilent/function_someFunc()_{_for_(;_b_<_foo;_)_{_if_(foo)_{_return;_}_bar();_}_}
=== PAUSE TestNoUnreachableLoopFires/function_someFunc()_{_for_(a;_;)_return;_}
=== PAUSE TestNoUnreachableLoopStaysSilent/function_someFunc()_{_for_(;_b_<_foo;_)_{_if_(foo)_{_return;_}_bar();_}_}
=== RUN   TestNoUnreachableLoopFires/function_someFunc()_{_for_(a;_;)_{_return;_}_}
=== RUN   TestNoUnreachableLoopStaysSilent/for_(;_b_<_foo;_)_{_if_(foo)_{_bar();_}_else_{_break;_}_}
=== PAUSE TestNoUnreachableLoopStaysSilent/for_(;_b_<_foo;_)_{_if_(foo)_{_bar();_}_else_{_break;_}_}
=== PAUSE TestNoUnreachableLoopFires/function_someFunc()_{_for_(a;_;)_{_return;_}_}
=== RUN   TestNoUnreachableLoopStaysSilent/function_someFunc()_{_for_(;_b_<_foo;_)_{_if_(foo)_{_continue;_}_return;_}_}
=== PAUSE TestNoUnreachableLoopStaysSilent/function_someFunc()_{_for_(;_b_<_foo;_)_{_if_(foo)_{_continue;_}_return;_}_}
=== RUN   TestNoUnreachableLoopFires/for_(a;_;)_throw_err;
=== PAUSE TestNoUnreachableLoopFires/for_(a;_;)_throw_err;
=== RUN   TestNoUnreachableLoopStaysSilent/function_someFunc()_{_for_(;_b_<_foo;_)_{_switch_(foo)_{_case_1:_return;_}_}_}
=== PAUSE TestNoUnreachableLoopStaysSilent/function_someFunc()_{_for_(;_b_<_foo;_)_{_switch_(foo)_{_case_1:_return;_}_}_}
=== RUN   TestNoUnreachableLoopFires/for_(a;_;)_{_throw_err;_}
=== PAUSE TestNoUnreachableLoopFires/for_(a;_;)_{_throw_err;_}
=== RUN   TestNoUnreachableLoopStaysSilent/function_someFunc()_{_for_(;_b_<_foo;_)_{_switch_(foo)_{_case_1:_break;_default:_return;_}_}_}
=== RUN   TestNoUnreachableLoopFires/for_(a;_;)_{_foo();_break;_}
=== PAUSE TestNoUnreachableLoopStaysSilent/function_someFunc()_{_for_(;_b_<_foo;_)_{_switch_(foo)_{_case_1:_break;_default:_return;_}_}_}
=== PAUSE TestNoUnreachableLoopFires/for_(a;_;)_{_foo();_break;_}
=== RUN   TestNoUnreachableLoopFires/for_(a;_;)_{_break;_foo();_}
=== PAUSE TestNoUnreachableLoopFires/for_(a;_;)_{_break;_foo();_}
=== RUN   TestNoUnreachableLoopFires/function_someFunc()_{_for_(a;_;)_if_(foo)_break;_else_return;_}
=== PAUSE TestNoUnreachableLoopFires/function_someFunc()_{_for_(a;_;)_if_(foo)_break;_else_return;_}
=== RUN   TestNoUnreachableLoopFires/function_someFunc()_{_for_(a;_;)_{_if_(foo)_{_return;_}_else_{_break;_}_bar();_}_}
=== PAUSE TestNoUnreachableLoopFires/function_someFunc()_{_for_(a;_;)_{_if_(foo)_{_return;_}_else_{_break;_}_bar();_}_}
=== RUN   TestNoUnreachableLoopFires/function_someFunc()_{_for_(a;_;)_{_if_(foo)_{_return;_}_throw_err;_}_}
=== PAUSE TestNoUnreachableLoopFires/function_someFunc()_{_for_(a;_;)_{_if_(foo)_{_return;_}_throw_err;_}_}
=== RUN   TestNoUnreachableLoopFires/for_(a;_;)_{_switch_(foo)_{_default:_throw_err;_}_}
=== RUN   TestNoUnreachableLoopStaysSilent/function_someFunc()_{_for_(;_b_<_foo;_)_{_switch_(foo)_{_case_1:_continue;_default:_return;_}_throw_err;_}_}
=== PAUSE TestNoUnreachableLoopStaysSilent/function_someFunc()_{_for_(;_b_<_foo;_)_{_switch_(foo)_{_case_1:_continue;_default:_return;_}_throw_err;_}_}
=== RUN   TestNoUnreachableLoopStaysSilent/function_someFunc()_{_for_(;_b_<_foo;_)_{_try_{_return_bar();_}_catch_(e)_{}_}_}
=== PAUSE TestNoUnreachableLoopStaysSilent/function_someFunc()_{_for_(;_b_<_foo;_)_{_try_{_return_bar();_}_catch_(e)_{}_}_}
=== RUN   TestNoUnreachableLoopStaysSilent/for_(;_b_<_foo;_)_{_continue;_break;_}
=== PAUSE TestNoUnreachableLoopStaysSilent/for_(;_b_<_foo;_)_{_continue;_break;_}
=== RUN   TestNoUnreachableLoopStaysSilent/for_(;_b_<_foo;_)_()_=>_a;
=== PAUSE TestNoUnreachableLoopStaysSilent/for_(;_b_<_foo;_)_()_=>_a;
=== RUN   TestNoUnreachableLoopStaysSilent/for_(;_b_<_foo;_)_{_()_=>_a_}
=== PAUSE TestNoUnreachableLoopStaysSilent/for_(;_b_<_foo;_)_{_()_=>_a_}
=== RUN   TestNoUnreachableLoopStaysSilent/for_(;_b_<_foo;_)_(()_=>_a)();
=== PAUSE TestNoUnreachableLoopFires/for_(a;_;)_{_switch_(foo)_{_default:_throw_err;_}_}
=== PAUSE TestNoUnreachableLoopStaysSilent/for_(;_b_<_foo;_)_(()_=>_a)();
=== RUN   TestNoUnreachableLoopFires/function_someFunc()_{_for_(a;_;)_{_switch_(foo)_{_case_1:_throw_err;_default:_return;_}_}_}
=== PAUSE TestNoUnreachableLoopFires/function_someFunc()_{_for_(a;_;)_{_switch_(foo)_{_case_1:_throw_err;_default:_return;_}_}_}
=== RUN   TestNoUnreachableLoopStaysSilent/for_(;_b_<_foo;_)_{_(()_=>_a)()_}
=== RUN   TestNoUnreachableLoopFires/function_someFunc()_{_for_(a;_;)_{_switch_(foo)_{_case_1:_something();_default:_return;_}_}_}
=== PAUSE TestNoUnreachableLoopFires/function_someFunc()_{_for_(a;_;)_{_switch_(foo)_{_case_1:_something();_default:_return;_}_}_}
=== RUN   TestNoUnreachableLoopFires/function_someFunc()_{_for_(a;_;)_{_try_{_return_bar();_}_catch_(e)_{_break;_}_}_}
=== PAUSE TestNoUnreachableLoopStaysSilent/for_(;_b_<_foo;_)_{_(()_=>_a)()_}
=== PAUSE TestNoUnreachableLoopFires/function_someFunc()_{_for_(a;_;)_{_try_{_return_bar();_}_catch_(e)_{_break;_}_}_}
=== RUN   TestNoUnreachableLoopFires/for_(a;_;)_{_break;_continue;_}
=== PAUSE TestNoUnreachableLoopFires/for_(a;_;)_{_break;_continue;_}
=== RUN   TestNoUnreachableLoopFires/for_(a;_;)_{_()_=>_a;_break;_}
=== PAUSE TestNoUnreachableLoopFires/for_(a;_;)_{_()_=>_a;_break;_}
=== RUN   TestNoUnreachableLoopFires/for_(a;_;)_{_(()_=>_a)();_break;_}
=== RUN   TestNoUnreachableLoopStaysSilent/for_(;_b_<_foo;_)_while_(a);
=== PAUSE TestNoUnreachableLoopFires/for_(a;_;)_{_(()_=>_a)();_break;_}
=== PAUSE TestNoUnreachableLoopStaysSilent/for_(;_b_<_foo;_)_while_(a);
=== RUN   TestNoUnreachableLoopFires/for_(a;_;)_{_while_(a);_break;_}
=== PAUSE TestNoUnreachableLoopFires/for_(a;_;)_{_while_(a);_break;_}
=== RUN   TestNoUnreachableLoopFires/for_(a;_;)_{_do_;_while_(a)_break;_}
=== PAUSE TestNoUnreachableLoopFires/for_(a;_;)_{_do_;_while_(a)_break;_}
=== RUN   TestNoUnreachableLoopFires/for_(a;_;)_{_for_(a;_b;_c);_break;_}
=== PAUSE TestNoUnreachableLoopFires/for_(a;_;)_{_for_(a;_b;_c);_break;_}
=== RUN   TestNoUnreachableLoopFires/for_(a;_;)_{_for_(;_b;);_break;_}
=== RUN   TestNoUnreachableLoopStaysSilent/for_(;_b_<_foo;_)_do_;_while_(a)
=== PAUSE TestNoUnreachableLoopFires/for_(a;_;)_{_for_(;_b;);_break;_}
=== PAUSE TestNoUnreachableLoopStaysSilent/for_(;_b_<_foo;_)_do_;_while_(a)
=== RUN   TestNoUnreachableLoopFires/for_(a;_;)_{_for_(;_;_c)_if_(foo)_break;_break;_}
=== RUN   TestNoUnreachableLoopStaysSilent/for_(;_b_<_foo;_)_for_(a;_b;_c);
=== PAUSE TestNoUnreachableLoopFires/for_(a;_;)_{_for_(;_;_c)_if_(foo)_break;_break;_}
=== PAUSE TestNoUnreachableLoopStaysSilent/for_(;_b_<_foo;_)_for_(a;_b;_c);
=== RUN   TestNoUnreachableLoopFires/for_(a;_;)_{_for(;;)_if_(foo)_break;_break;_}
=== RUN   TestNoUnreachableLoopStaysSilent/for_(;_b_<_foo;_)_for_(;_b;);
=== PAUSE TestNoUnreachableLoopFires/for_(a;_;)_{_for(;;)_if_(foo)_break;_break;_}
=== PAUSE TestNoUnreachableLoopStaysSilent/for_(;_b_<_foo;_)_for_(;_b;);
=== RUN   TestNoUnreachableLoopFires/for_(a;_;)_{_for_(a_in_b);_break;_}
=== PAUSE TestNoUnreachableLoopFires/for_(a;_;)_{_for_(a_in_b);_break;_}
=== RUN   TestNoUnreachableLoopStaysSilent/for_(;_b_<_foo;_)_for_(;_;_c)_if_(foo)_break;
=== PAUSE TestNoUnreachableLoopStaysSilent/for_(;_b_<_foo;_)_for_(;_;_c)_if_(foo)_break;
=== RUN   TestNoUnreachableLoopStaysSilent/for_(;_b_<_foo;_)_for_(;;)_if_(foo)_break;
=== PAUSE TestNoUnreachableLoopStaysSilent/for_(;_b_<_foo;_)_for_(;;)_if_(foo)_break;
=== RUN   TestNoUnreachableLoopStaysSilent/for_(;_b_<_foo;_)_while_(true)_if_(foo)_break;
=== PAUSE TestNoUnreachableLoopStaysSilent/for_(;_b_<_foo;_)_while_(true)_if_(foo)_break;
=== RUN   TestNoUnreachableLoopStaysSilent/function_someFunc()_{_for_(;_b_<_foo;_)_while_(foo)_if_(bar)_return;_}
=== PAUSE TestNoUnreachableLoopStaysSilent/function_someFunc()_{_for_(;_b_<_foo;_)_while_(foo)_if_(bar)_return;_}
=== RUN   TestNoUnreachableLoopStaysSilent/for_(;_b_<_foo;_)_for_(a_in_b);
=== PAUSE TestNoUnreachableLoopStaysSilent/for_(;_b_<_foo;_)_for_(a_in_b);
=== RUN   TestNoUnreachableLoopStaysSilent/for_(;_b_<_foo;_)_for_(a_of_b);
=== PAUSE TestNoUnreachableLoopStaysSilent/for_(;_b_<_foo;_)_for_(a_of_b);
=== RUN   TestNoUnreachableLoopStaysSilent/for_(a;_;)_;
=== PAUSE TestNoUnreachableLoopStaysSilent/for_(a;_;)_;
=== RUN   TestNoUnreachableLoopStaysSilent/for_(a;_;)_{}
=== PAUSE TestNoUnreachableLoopStaysSilent/for_(a;_;)_{}
=== RUN   TestNoUnreachableLoopFires/for_(a;_;)_{_for_(a_of_b);_break;_}
=== PAUSE TestNoUnreachableLoopFires/for_(a;_;)_{_for_(a_of_b);_break;_}
=== RUN   TestNoUnreachableLoopStaysSilent/for_(a;_;)_{_bar();_}
=== RUN   TestNoUnreachableLoopFires/for_(a;_;)_for_(;;);
=== PAUSE TestNoUnreachableLoopStaysSilent/for_(a;_;)_{_bar();_}
=== RUN   TestNoUnreachableLoopStaysSilent/for_(a;_;)_continue;
=== PAUSE TestNoUnreachableLoopStaysSilent/for_(a;_;)_continue;
=== RUN   TestNoUnreachableLoopStaysSilent/for_(a;_;)_{_continue;_}
=== PAUSE TestNoUnreachableLoopStaysSilent/for_(a;_;)_{_continue;_}
=== RUN   TestNoUnreachableLoopStaysSilent/for_(a;_;)_{_if_(foo)_break;_}
=== PAUSE TestNoUnreachableLoopStaysSilent/for_(a;_;)_{_if_(foo)_break;_}
=== RUN   TestNoUnreachableLoopStaysSilent/function_someFunc()_{_for_(a;_;)_{_if_(foo)_{_return;_}_bar();_}_}
=== PAUSE TestNoUnreachableLoopStaysSilent/function_someFunc()_{_for_(a;_;)_{_if_(foo)_{_return;_}_bar();_}_}
=== RUN   TestNoUnreachableLoopStaysSilent/for_(a;_;)_{_if_(foo)_{_bar();_}_else_{_break;_}_}
=== PAUSE TestNoUnreachableLoopFires/for_(a;_;)_for_(;;);
=== PAUSE TestNoUnreachableLoopStaysSilent/for_(a;_;)_{_if_(foo)_{_bar();_}_else_{_break;_}_}
=== RUN   TestNoUnreachableLoopFires/for_(a;_;)_{_for_(var_i_=_0;_;_i<_10)_{_foo();_}_}
=== RUN   TestNoUnreachableLoopStaysSilent/function_someFunc()_{_for_(a;_;)_{_if_(foo)_{_continue;_}_return;_}_}
=== PAUSE TestNoUnreachableLoopStaysSilent/function_someFunc()_{_for_(a;_;)_{_if_(foo)_{_continue;_}_return;_}_}
=== PAUSE TestNoUnreachableLoopFires/for_(a;_;)_{_for_(var_i_=_0;_;_i<_10)_{_foo();_}_}
=== RUN   TestNoUnreachableLoopFires/for_(a;_;)_while_(true);
=== PAUSE TestNoUnreachableLoopFires/for_(a;_;)_while_(true);
=== RUN   TestNoUnreachableLoopStaysSilent/function_someFunc()_{_for_(a;_;)_{_switch_(foo)_{_case_1:_return;_}_}_}
=== RUN   TestNoUnreachableLoopFires/for_(a_=_0;_;)_break;
=== PAUSE TestNoUnreachableLoopFires/for_(a_=_0;_;)_break;
=== PAUSE TestNoUnreachableLoopStaysSilent/function_someFunc()_{_for_(a;_;)_{_switch_(foo)_{_case_1:_return;_}_}_}
=== RUN   TestNoUnreachableLoopStaysSilent/function_someFunc()_{_for_(a;_;)_{_switch_(foo)_{_case_1:_break;_default:_return;_}_}_}
=== RUN   TestNoUnreachableLoopFires/for_(a_=_0;_;)_{_break;_}
=== PAUSE TestNoUnreachableLoopStaysSilent/function_someFunc()_{_for_(a;_;)_{_switch_(foo)_{_case_1:_break;_default:_return;_}_}_}
=== PAUSE TestNoUnreachableLoopFires/for_(a_=_0;_;)_{_break;_}
=== RUN   TestNoUnreachableLoopStaysSilent/function_someFunc()_{_for_(a;_;)_{_switch_(foo)_{_case_1:_continue;_default:_return;_}_throw_err;_}_}
=== RUN   TestNoUnreachableLoopFires/function_someFunc()_{_for_(a_=_0;_;)_return;_}
=== PAUSE TestNoUnreachableLoopStaysSilent/function_someFunc()_{_for_(a;_;)_{_switch_(foo)_{_case_1:_continue;_default:_return;_}_throw_err;_}_}
=== PAUSE TestNoUnreachableLoopFires/function_someFunc()_{_for_(a_=_0;_;)_return;_}
=== RUN   TestNoUnreachableLoopFires/function_someFunc()_{_for_(a_=_0;_;)_{_return;_}_}
=== PAUSE TestNoUnreachableLoopFires/function_someFunc()_{_for_(a_=_0;_;)_{_return;_}_}
=== RUN   TestNoUnreachableLoopFires/for_(a_=_0;_;)_throw_err;
=== PAUSE TestNoUnreachableLoopFires/for_(a_=_0;_;)_throw_err;
=== RUN   TestNoUnreachableLoopStaysSilent/function_someFunc()_{_for_(a;_;)_{_try_{_return_bar();_}_catch_(e)_{}_}_}
=== RUN   TestNoUnreachableLoopFires/for_(a_=_0;_;)_{_throw_err;_}
=== PAUSE TestNoUnreachableLoopStaysSilent/function_someFunc()_{_for_(a;_;)_{_try_{_return_bar();_}_catch_(e)_{}_}_}
=== RUN   TestNoUnreachableLoopStaysSilent/for_(a;_;)_{_continue;_break;_}
=== PAUSE TestNoUnreachableLoopStaysSilent/for_(a;_;)_{_continue;_break;_}
=== PAUSE TestNoUnreachableLoopFires/for_(a_=_0;_;)_{_throw_err;_}
=== RUN   TestNoUnreachableLoopStaysSilent/for_(a;_;)_()_=>_a;
=== PAUSE TestNoUnreachableLoopStaysSilent/for_(a;_;)_()_=>_a;
=== RUN   TestNoUnreachableLoopFires/for_(a_=_0;_;)_{_foo();_break;_}
=== RUN   TestNoUnreachableLoopStaysSilent/for_(a;_;)_{_()_=>_a_}
=== PAUSE TestNoUnreachableLoopFires/for_(a_=_0;_;)_{_foo();_break;_}
=== PAUSE TestNoUnreachableLoopStaysSilent/for_(a;_;)_{_()_=>_a_}
=== RUN   TestNoUnreachableLoopStaysSilent/for_(a;_;)_(()_=>_a)();
=== PAUSE TestNoUnreachableLoopStaysSilent/for_(a;_;)_(()_=>_a)();
=== RUN   TestNoUnreachableLoopStaysSilent/for_(a;_;)_{_(()_=>_a)()_}
=== PAUSE TestNoUnreachableLoopStaysSilent/for_(a;_;)_{_(()_=>_a)()_}
=== RUN   TestNoUnreachableLoopStaysSilent/for_(a;_;)_while_(a);
=== PAUSE TestNoUnreachableLoopStaysSilent/for_(a;_;)_while_(a);
=== RUN   TestNoUnreachableLoopStaysSilent/for_(a;_;)_do_;_while_(a)
=== PAUSE TestNoUnreachableLoopStaysSilent/for_(a;_;)_do_;_while_(a)
=== RUN   TestNoUnreachableLoopFires/for_(a_=_0;_;)_{_break;_foo();_}
=== PAUSE TestNoUnreachableLoopFires/for_(a_=_0;_;)_{_break;_foo();_}
=== RUN   TestNoUnreachableLoopStaysSilent/for_(a;_;)_for_(a;_b;_c);
=== PAUSE TestNoUnreachableLoopStaysSilent/for_(a;_;)_for_(a;_b;_c);
=== RUN   TestNoUnreachableLoopStaysSilent/for_(a;_;)_for_(;_b;);
=== PAUSE TestNoUnreachableLoopStaysSilent/for_(a;_;)_for_(;_b;);
=== RUN   TestNoUnreachableLoopStaysSilent/for_(a;_;)_for_(;_;_c)_if_(foo)_break;
=== PAUSE TestNoUnreachableLoopStaysSilent/for_(a;_;)_for_(;_;_c)_if_(foo)_break;
=== RUN   TestNoUnreachableLoopStaysSilent/for_(a;_;)_for_(;;)_if_(foo)_break;
=== RUN   TestNoUnreachableLoopFires/function_someFunc()_{_for_(a_=_0;_;)_if_(foo)_break;_else_return;_}
=== PAUSE TestNoUnreachableLoopStaysSilent/for_(a;_;)_for_(;;)_if_(foo)_break;
=== RUN   TestNoUnreachableLoopStaysSilent/for_(a;_;)_while_(true)_if_(foo)_break;
=== PAUSE TestNoUnreachableLoopFires/function_someFunc()_{_for_(a_=_0;_;)_if_(foo)_break;_else_return;_}
=== RUN   TestNoUnreachableLoopFires/function_someFunc()_{_for_(a_=_0;_;)_{_if_(foo)_{_return;_}_else_{_break;_}_bar();_}_}
=== PAUSE TestNoUnreachableLoopFires/function_someFunc()_{_for_(a_=_0;_;)_{_if_(foo)_{_return;_}_else_{_break;_}_bar();_}_}
=== RUN   TestNoUnreachableLoopFires/function_someFunc()_{_for_(a_=_0;_;)_{_if_(foo)_{_return;_}_throw_err;_}_}
=== PAUSE TestNoUnreachableLoopFires/function_someFunc()_{_for_(a_=_0;_;)_{_if_(foo)_{_return;_}_throw_err;_}_}
=== RUN   TestNoUnreachableLoopFires/for_(a_=_0;_;)_{_switch_(foo)_{_default:_throw_err;_}_}
=== PAUSE TestNoUnreachableLoopFires/for_(a_=_0;_;)_{_switch_(foo)_{_default:_throw_err;_}_}
=== RUN   TestNoUnreachableLoopFires/function_someFunc()_{_for_(a_=_0;_;)_{_switch_(foo)_{_case_1:_throw_err;_default:_return;_}_}_}
=== PAUSE TestNoUnreachableLoopFires/function_someFunc()_{_for_(a_=_0;_;)_{_switch_(foo)_{_case_1:_throw_err;_default:_return;_}_}_}
=== RUN   TestNoUnreachableLoopFires/function_someFunc()_{_for_(a_=_0;_;)_{_switch_(foo)_{_case_1:_something();_default:_return;_}_}_}
=== PAUSE TestNoUnreachableLoopFires/function_someFunc()_{_for_(a_=_0;_;)_{_switch_(foo)_{_case_1:_something();_default:_return;_}_}_}
=== RUN   TestNoUnreachableLoopFires/function_someFunc()_{_for_(a_=_0;_;)_{_try_{_return_bar();_}_catch_(e)_{_break;_}_}_}
=== PAUSE TestNoUnreachableLoopFires/function_someFunc()_{_for_(a_=_0;_;)_{_try_{_return_bar();_}_catch_(e)_{_break;_}_}_}
=== RUN   TestNoUnreachableLoopFires/for_(a_=_0;_;)_{_break;_continue;_}
=== PAUSE TestNoUnreachableLoopFires/for_(a_=_0;_;)_{_break;_continue;_}
=== RUN   TestNoUnreachableLoopFires/for_(a_=_0;_;)_{_()_=>_a;_break;_}
=== PAUSE TestNoUnreachableLoopFires/for_(a_=_0;_;)_{_()_=>_a;_break;_}
=== RUN   TestNoUnreachableLoopFires/for_(a_=_0;_;)_{_(()_=>_a)();_break;_}
=== PAUSE TestNoUnreachableLoopFires/for_(a_=_0;_;)_{_(()_=>_a)();_break;_}
=== RUN   TestNoUnreachableLoopFires/for_(a_=_0;_;)_{_while_(a);_break;_}
=== PAUSE TestNoUnreachableLoopFires/for_(a_=_0;_;)_{_while_(a);_break;_}
=== RUN   TestNoUnreachableLoopFires/for_(a_=_0;_;)_{_do_;_while_(a)_break;_}
=== PAUSE TestNoUnreachableLoopFires/for_(a_=_0;_;)_{_do_;_while_(a)_break;_}
=== RUN   TestNoUnreachableLoopFires/for_(a_=_0;_;)_{_for_(a;_b;_c);_break;_}
=== PAUSE TestNoUnreachableLoopFires/for_(a_=_0;_;)_{_for_(a;_b;_c);_break;_}
=== RUN   TestNoUnreachableLoopFires/for_(a_=_0;_;)_{_for_(;_b;);_break;_}
=== PAUSE TestNoUnreachableLoopFires/for_(a_=_0;_;)_{_for_(;_b;);_break;_}
=== RUN   TestNoUnreachableLoopFires/for_(a_=_0;_;)_{_for_(;_;_c)_if_(foo)_break;_break;_}
=== PAUSE TestNoUnreachableLoopFires/for_(a_=_0;_;)_{_for_(;_;_c)_if_(foo)_break;_break;_}
=== RUN   TestNoUnreachableLoopFires/for_(a_=_0;_;)_{_for(;;)_if_(foo)_break;_break;_}
=== PAUSE TestNoUnreachableLoopFires/for_(a_=_0;_;)_{_for(;;)_if_(foo)_break;_break;_}
=== RUN   TestNoUnreachableLoopFires/for_(a_=_0;_;)_{_for_(a_in_b);_break;_}
=== PAUSE TestNoUnreachableLoopFires/for_(a_=_0;_;)_{_for_(a_in_b);_break;_}
=== RUN   TestNoUnreachableLoopFires/for_(a_=_0;_;)_{_for_(a_of_b);_break;_}
=== PAUSE TestNoUnreachableLoopFires/for_(a_=_0;_;)_{_for_(a_of_b);_break;_}
=== RUN   TestNoUnreachableLoopFires/for_(a_=_0;_;)_for_(;;);
=== PAUSE TestNoUnreachableLoopStaysSilent/for_(a;_;)_while_(true)_if_(foo)_break;
=== RUN   TestNoUnreachableLoopStaysSilent/function_someFunc()_{_for_(a;_;)_while_(foo)_if_(bar)_return;_}
=== PAUSE TestNoUnreachableLoopStaysSilent/function_someFunc()_{_for_(a;_;)_while_(foo)_if_(bar)_return;_}
=== RUN   TestNoUnreachableLoopStaysSilent/for_(a;_;)_for_(a_in_b);
=== PAUSE TestNoUnreachableLoopStaysSilent/for_(a;_;)_for_(a_in_b);
=== RUN   TestNoUnreachableLoopStaysSilent/for_(a;_;)_for_(a_of_b);
=== PAUSE TestNoUnreachableLoopStaysSilent/for_(a;_;)_for_(a_of_b);
=== RUN   TestNoUnreachableLoopStaysSilent/for_(a_=_0;_;)_;
=== PAUSE TestNoUnreachableLoopStaysSilent/for_(a_=_0;_;)_;
=== RUN   TestNoUnreachableLoopStaysSilent/for_(a_=_0;_;)_{}
=== PAUSE TestNoUnreachableLoopStaysSilent/for_(a_=_0;_;)_{}
=== PAUSE TestNoUnreachableLoopFires/for_(a_=_0;_;)_for_(;;);
=== RUN   TestNoUnreachableLoopFires/for_(a_=_0;_;)_{_for_(var_i_=_0;_;_i<_10)_{_foo();_}_}
=== RUN   TestNoUnreachableLoopStaysSilent/for_(a_=_0;_;)_{_bar();_}
=== PAUSE TestNoUnreachableLoopStaysSilent/for_(a_=_0;_;)_{_bar();_}
=== RUN   TestNoUnreachableLoopStaysSilent/for_(a_=_0;_;)_continue;
=== PAUSE TestNoUnreachableLoopStaysSilent/for_(a_=_0;_;)_continue;
=== RUN   TestNoUnreachableLoopStaysSilent/for_(a_=_0;_;)_{_continue;_}
=== PAUSE TestNoUnreachableLoopStaysSilent/for_(a_=_0;_;)_{_continue;_}
=== RUN   TestNoUnreachableLoopStaysSilent/for_(a_=_0;_;)_{_if_(foo)_break;_}
=== PAUSE TestNoUnreachableLoopStaysSilent/for_(a_=_0;_;)_{_if_(foo)_break;_}
=== RUN   TestNoUnreachableLoopStaysSilent/function_someFunc()_{_for_(a_=_0;_;)_{_if_(foo)_{_return;_}_bar();_}_}
=== PAUSE TestNoUnreachableLoopStaysSilent/function_someFunc()_{_for_(a_=_0;_;)_{_if_(foo)_{_return;_}_bar();_}_}
=== RUN   TestNoUnreachableLoopStaysSilent/for_(a_=_0;_;)_{_if_(foo)_{_bar();_}_else_{_break;_}_}
=== PAUSE TestNoUnreachableLoopStaysSilent/for_(a_=_0;_;)_{_if_(foo)_{_bar();_}_else_{_break;_}_}
=== RUN   TestNoUnreachableLoopStaysSilent/function_someFunc()_{_for_(a_=_0;_;)_{_if_(foo)_{_continue;_}_return;_}_}
=== PAUSE TestNoUnreachableLoopFires/for_(a_=_0;_;)_{_for_(var_i_=_0;_;_i<_10)_{_foo();_}_}
=== PAUSE TestNoUnreachableLoopStaysSilent/function_someFunc()_{_for_(a_=_0;_;)_{_if_(foo)_{_continue;_}_return;_}_}
=== RUN   TestNoUnreachableLoopFires/for_(a_=_0;_;)_while_(true);
=== PAUSE TestNoUnreachableLoopFires/for_(a_=_0;_;)_while_(true);
=== RUN   TestNoUnreachableLoopFires/for_(;;)_break;
=== PAUSE TestNoUnreachableLoopFires/for_(;;)_break;
=== RUN   TestNoUnreachableLoopFires/for_(;;)_{_break;_}
=== PAUSE TestNoUnreachableLoopFires/for_(;;)_{_break;_}
=== RUN   TestNoUnreachableLoopStaysSilent/function_someFunc()_{_for_(a_=_0;_;)_{_switch_(foo)_{_case_1:_return;_}_}_}
=== PAUSE TestNoUnreachableLoopStaysSilent/function_someFunc()_{_for_(a_=_0;_;)_{_switch_(foo)_{_case_1:_return;_}_}_}
=== RUN   TestNoUnreachableLoopStaysSilent/function_someFunc()_{_for_(a_=_0;_;)_{_switch_(foo)_{_case_1:_break;_default:_return;_}_}_}
=== PAUSE TestNoUnreachableLoopStaysSilent/function_someFunc()_{_for_(a_=_0;_;)_{_switch_(foo)_{_case_1:_break;_default:_return;_}_}_}
=== RUN   TestNoUnreachableLoopStaysSilent/function_someFunc()_{_for_(a_=_0;_;)_{_switch_(foo)_{_case_1:_continue;_default:_return;_}_throw_err;_}_}
=== PAUSE TestNoUnreachableLoopStaysSilent/function_someFunc()_{_for_(a_=_0;_;)_{_switch_(foo)_{_case_1:_continue;_default:_return;_}_throw_err;_}_}
=== RUN   TestNoUnreachableLoopFires/function_someFunc()_{_for_(;;)_return;_}
=== RUN   TestNoUnreachableLoopStaysSilent/function_someFunc()_{_for_(a_=_0;_;)_{_try_{_return_bar();_}_catch_(e)_{}_}_}
=== PAUSE TestNoUnreachableLoopStaysSilent/function_someFunc()_{_for_(a_=_0;_;)_{_try_{_return_bar();_}_catch_(e)_{}_}_}
=== PAUSE TestNoUnreachableLoopFires/function_someFunc()_{_for_(;;)_return;_}
=== RUN   TestNoUnreachableLoopStaysSilent/for_(a_=_0;_;)_{_continue;_break;_}
=== RUN   TestNoUnreachableLoopFires/function_someFunc()_{_for_(;;)_{_return;_}_}
=== PAUSE TestNoUnreachableLoopStaysSilent/for_(a_=_0;_;)_{_continue;_break;_}
=== RUN   TestNoUnreachableLoopStaysSilent/for_(a_=_0;_;)_()_=>_a;
=== PAUSE TestNoUnreachableLoopStaysSilent/for_(a_=_0;_;)_()_=>_a;
=== RUN   TestNoUnreachableLoopStaysSilent/for_(a_=_0;_;)_{_()_=>_a_}
=== PAUSE TestNoUnreachableLoopStaysSilent/for_(a_=_0;_;)_{_()_=>_a_}
=== RUN   TestNoUnreachableLoopStaysSilent/for_(a_=_0;_;)_(()_=>_a)();
=== PAUSE TestNoUnreachableLoopStaysSilent/for_(a_=_0;_;)_(()_=>_a)();
=== RUN   TestNoUnreachableLoopStaysSilent/for_(a_=_0;_;)_{_(()_=>_a)()_}
=== PAUSE TestNoUnreachableLoopStaysSilent/for_(a_=_0;_;)_{_(()_=>_a)()_}
=== RUN   TestNoUnreachableLoopStaysSilent/for_(a_=_0;_;)_while_(a);
=== PAUSE TestNoUnreachableLoopStaysSilent/for_(a_=_0;_;)_while_(a);
=== RUN   TestNoUnreachableLoopStaysSilent/for_(a_=_0;_;)_do_;_while_(a)
=== PAUSE TestNoUnreachableLoopStaysSilent/for_(a_=_0;_;)_do_;_while_(a)
=== RUN   TestNoUnreachableLoopStaysSilent/for_(a_=_0;_;)_for_(a;_b;_c);
=== PAUSE TestNoUnreachableLoopStaysSilent/for_(a_=_0;_;)_for_(a;_b;_c);
=== PAUSE TestNoUnreachableLoopFires/function_someFunc()_{_for_(;;)_{_return;_}_}
=== RUN   TestNoUnreachableLoopStaysSilent/for_(a_=_0;_;)_for_(;_b;);
=== PAUSE TestNoUnreachableLoopStaysSilent/for_(a_=_0;_;)_for_(;_b;);
=== RUN   TestNoUnreachableLoopStaysSilent/for_(a_=_0;_;)_for_(;_;_c)_if_(foo)_break;
=== PAUSE TestNoUnreachableLoopStaysSilent/for_(a_=_0;_;)_for_(;_;_c)_if_(foo)_break;
=== RUN   TestNoUnreachableLoopStaysSilent/for_(a_=_0;_;)_for_(;;)_if_(foo)_break;
=== PAUSE TestNoUnreachableLoopStaysSilent/for_(a_=_0;_;)_for_(;;)_if_(foo)_break;
=== RUN   TestNoUnreachableLoopStaysSilent/for_(a_=_0;_;)_while_(true)_if_(foo)_break;
=== PAUSE TestNoUnreachableLoopStaysSilent/for_(a_=_0;_;)_while_(true)_if_(foo)_break;
=== RUN   TestNoUnreachableLoopStaysSilent/function_someFunc()_{_for_(a_=_0;_;)_while_(foo)_if_(bar)_return;_}
=== PAUSE TestNoUnreachableLoopStaysSilent/function_someFunc()_{_for_(a_=_0;_;)_while_(foo)_if_(bar)_return;_}
=== RUN   TestNoUnreachableLoopStaysSilent/for_(a_=_0;_;)_for_(a_in_b);
=== PAUSE TestNoUnreachableLoopStaysSilent/for_(a_=_0;_;)_for_(a_in_b);
=== RUN   TestNoUnreachableLoopStaysSilent/for_(a_=_0;_;)_for_(a_of_b);
=== PAUSE TestNoUnreachableLoopStaysSilent/for_(a_=_0;_;)_for_(a_of_b);
=== RUN   TestNoUnreachableLoopFires/for_(;;)_throw_err;
=== RUN   TestNoUnreachableLoopStaysSilent/for_(;;)_;
=== PAUSE TestNoUnreachableLoopFires/for_(;;)_throw_err;
=== RUN   TestNoUnreachableLoopFires/for_(;;)_{_throw_err;_}
=== PAUSE TestNoUnreachableLoopFires/for_(;;)_{_throw_err;_}
=== RUN   TestNoUnreachableLoopFires/for_(;;)_{_foo();_break;_}
=== PAUSE TestNoUnreachableLoopStaysSilent/for_(;;)_;
=== PAUSE TestNoUnreachableLoopFires/for_(;;)_{_foo();_break;_}
=== RUN   TestNoUnreachableLoopStaysSilent/for_(;;)_{}
=== PAUSE TestNoUnreachableLoopStaysSilent/for_(;;)_{}
=== RUN   TestNoUnreachableLoopFires/for_(;;)_{_break;_foo();_}
=== RUN   TestNoUnreachableLoopStaysSilent/for_(;;)_{_bar();_}
=== PAUSE TestNoUnreachableLoopStaysSilent/for_(;;)_{_bar();_}
=== RUN   TestNoUnreachableLoopStaysSilent/for_(;;)_continue;
=== PAUSE TestNoUnreachableLoopStaysSilent/for_(;;)_continue;
=== RUN   TestNoUnreachableLoopStaysSilent/for_(;;)_{_continue;_}
=== PAUSE TestNoUnreachableLoopFires/for_(;;)_{_break;_foo();_}
=== PAUSE TestNoUnreachableLoopStaysSilent/for_(;;)_{_continue;_}
=== RUN   TestNoUnreachableLoopFires/function_someFunc()_{_for_(;;)_if_(foo)_break;_else_return;_}
=== RUN   TestNoUnreachableLoopStaysSilent/for_(;;)_{_if_(foo)_break;_}
=== PAUSE TestNoUnreachableLoopFires/function_someFunc()_{_for_(;;)_if_(foo)_break;_else_return;_}
=== RUN   TestNoUnreachableLoopFires/function_someFunc()_{_for_(;;)_{_if_(foo)_{_return;_}_else_{_break;_}_bar();_}_}
=== PAUSE TestNoUnreachableLoopFires/function_someFunc()_{_for_(;;)_{_if_(foo)_{_return;_}_else_{_break;_}_bar();_}_}
=== PAUSE TestNoUnreachableLoopStaysSilent/for_(;;)_{_if_(foo)_break;_}
=== RUN   TestNoUnreachableLoopFires/function_someFunc()_{_for_(;;)_{_if_(foo)_{_return;_}_throw_err;_}_}
=== RUN   TestNoUnreachableLoopStaysSilent/function_someFunc()_{_for_(;;)_{_if_(foo)_{_return;_}_bar();_}_}
=== PAUSE TestNoUnreachableLoopStaysSilent/function_someFunc()_{_for_(;;)_{_if_(foo)_{_return;_}_bar();_}_}
=== PAUSE TestNoUnreachableLoopFires/function_someFunc()_{_for_(;;)_{_if_(foo)_{_return;_}_throw_err;_}_}
=== RUN   TestNoUnreachableLoopStaysSilent/for_(;;)_{_if_(foo)_{_bar();_}_else_{_break;_}_}
=== PAUSE TestNoUnreachableLoopStaysSilent/for_(;;)_{_if_(foo)_{_bar();_}_else_{_break;_}_}
=== RUN   TestNoUnreachableLoopFires/for_(;;)_{_switch_(foo)_{_default:_throw_err;_}_}
=== RUN   TestNoUnreachableLoopStaysSilent/function_someFunc()_{_for_(;;)_{_if_(foo)_{_continue;_}_return;_}_}
=== PAUSE TestNoUnreachableLoopFires/for_(;;)_{_switch_(foo)_{_default:_throw_err;_}_}
=== PAUSE TestNoUnreachableLoopStaysSilent/function_someFunc()_{_for_(;;)_{_if_(foo)_{_continue;_}_return;_}_}
=== RUN   TestNoUnreachableLoopFires/function_someFunc()_{_for_(;;)_{_switch_(foo)_{_case_1:_throw_err;_default:_return;_}_}_}
=== RUN   TestNoUnreachableLoopStaysSilent/function_someFunc()_{_for_(;;)_{_switch_(foo)_{_case_1:_return;_}_}_}
=== PAUSE TestNoUnreachableLoopFires/function_someFunc()_{_for_(;;)_{_switch_(foo)_{_case_1:_throw_err;_default:_return;_}_}_}
=== RUN   TestNoUnreachableLoopFires/function_someFunc()_{_for_(;;)_{_switch_(foo)_{_case_1:_something();_default:_return;_}_}_}
=== PAUSE TestNoUnreachableLoopFires/function_someFunc()_{_for_(;;)_{_switch_(foo)_{_case_1:_something();_default:_return;_}_}_}
=== PAUSE TestNoUnreachableLoopStaysSilent/function_someFunc()_{_for_(;;)_{_switch_(foo)_{_case_1:_return;_}_}_}
=== RUN   TestNoUnreachableLoopFires/function_someFunc()_{_for_(;;)_{_try_{_return_bar();_}_catch_(e)_{_break;_}_}_}
=== RUN   TestNoUnreachableLoopStaysSilent/function_someFunc()_{_for_(;;)_{_switch_(foo)_{_case_1:_break;_default:_return;_}_}_}
=== PAUSE TestNoUnreachableLoopFires/function_someFunc()_{_for_(;;)_{_try_{_return_bar();_}_catch_(e)_{_break;_}_}_}
=== PAUSE TestNoUnreachableLoopStaysSilent/function_someFunc()_{_for_(;;)_{_switch_(foo)_{_case_1:_break;_default:_return;_}_}_}
=== RUN   TestNoUnreachableLoopStaysSilent/function_someFunc()_{_for_(;;)_{_switch_(foo)_{_case_1:_continue;_default:_return;_}_throw_err;_}_}
=== RUN   TestNoUnreachableLoopFires/for_(;;)_{_break;_continue;_}
=== PAUSE TestNoUnreachableLoopFires/for_(;;)_{_break;_continue;_}
=== PAUSE TestNoUnreachableLoopStaysSilent/function_someFunc()_{_for_(;;)_{_switch_(foo)_{_case_1:_continue;_default:_return;_}_throw_err;_}_}
=== RUN   TestNoUnreachableLoopFires/for_(;;)_{_()_=>_a;_break;_}
=== RUN   TestNoUnreachableLoopStaysSilent/function_someFunc()_{_for_(;;)_{_try_{_return_bar();_}_catch_(e)_{}_}_}
=== PAUSE TestNoUnreachableLoopFires/for_(;;)_{_()_=>_a;_break;_}
=== RUN   TestNoUnreachableLoopFires/for_(;;)_{_(()_=>_a)();_break;_}
=== PAUSE TestNoUnreachableLoopFires/for_(;;)_{_(()_=>_a)();_break;_}
=== PAUSE TestNoUnreachableLoopStaysSilent/function_someFunc()_{_for_(;;)_{_try_{_return_bar();_}_catch_(e)_{}_}_}
=== RUN   TestNoUnreachableLoopFires/for_(;;)_{_while_(a);_break;_}
=== PAUSE TestNoUnreachableLoopFires/for_(;;)_{_while_(a);_break;_}
=== RUN   TestNoUnreachableLoopFires/for_(;;)_{_do_;_while_(a)_break;_}
=== PAUSE TestNoUnreachableLoopFires/for_(;;)_{_do_;_while_(a)_break;_}
=== RUN   TestNoUnreachableLoopStaysSilent/for_(;;)_{_continue;_break;_}
=== PAUSE TestNoUnreachableLoopStaysSilent/for_(;;)_{_continue;_break;_}
=== RUN   TestNoUnreachableLoopFires/for_(;;)_{_for_(a;_b;_c);_break;_}
=== PAUSE TestNoUnreachableLoopFires/for_(;;)_{_for_(a;_b;_c);_break;_}
=== RUN   TestNoUnreachableLoopStaysSilent/for_(;;)_()_=>_a;
=== PAUSE TestNoUnreachableLoopStaysSilent/for_(;;)_()_=>_a;
=== RUN   TestNoUnreachableLoopStaysSilent/for_(;;)_{_()_=>_a_}
=== PAUSE TestNoUnreachableLoopStaysSilent/for_(;;)_{_()_=>_a_}
=== RUN   TestNoUnreachableLoopStaysSilent/for_(;;)_(()_=>_a)();
=== PAUSE TestNoUnreachableLoopStaysSilent/for_(;;)_(()_=>_a)();
=== RUN   TestNoUnreachableLoopStaysSilent/for_(;;)_{_(()_=>_a)()_}
=== RUN   TestNoUnreachableLoopFires/for_(;;)_{_for_(;_b;);_break;_}
=== PAUSE TestNoUnreachableLoopStaysSilent/for_(;;)_{_(()_=>_a)()_}
=== PAUSE TestNoUnreachableLoopFires/for_(;;)_{_for_(;_b;);_break;_}
=== RUN   TestNoUnreachableLoopStaysSilent/for_(;;)_while_(a);
=== RUN   TestNoUnreachableLoopFires/for_(;;)_{_for_(;_;_c)_if_(foo)_break;_break;_}
=== PAUSE TestNoUnreachableLoopStaysSilent/for_(;;)_while_(a);
=== PAUSE TestNoUnreachableLoopFires/for_(;;)_{_for_(;_;_c)_if_(foo)_break;_break;_}
=== RUN   TestNoUnreachableLoopFires/for_(;;)_{_for(;;)_if_(foo)_break;_break;_}
=== PAUSE TestNoUnreachableLoopFires/for_(;;)_{_for(;;)_if_(foo)_break;_break;_}
=== RUN   TestNoUnreachableLoopFires/for_(;;)_{_for_(a_in_b);_break;_}
=== PAUSE TestNoUnreachableLoopFires/for_(;;)_{_for_(a_in_b);_break;_}
=== RUN   TestNoUnreachableLoopFires/for_(;;)_{_for_(a_of_b);_break;_}
=== RUN   TestNoUnreachableLoopStaysSilent/for_(;;)_do_;_while_(a)
=== PAUSE TestNoUnreachableLoopFires/for_(;;)_{_for_(a_of_b);_break;_}
=== PAUSE TestNoUnreachableLoopStaysSilent/for_(;;)_do_;_while_(a)
=== RUN   TestNoUnreachableLoopStaysSilent/for_(;;)_for_(a;_b;_c);
=== RUN   TestNoUnreachableLoopFires/for_(;;)_for_(;;);
=== PAUSE TestNoUnreachableLoopStaysSilent/for_(;;)_for_(a;_b;_c);
=== PAUSE TestNoUnreachableLoopFires/for_(;;)_for_(;;);
=== RUN   TestNoUnreachableLoopFires/for_(;;)_{_for_(var_i_=_0;_;_i<_10)_{_foo();_}_}
=== PAUSE TestNoUnreachableLoopFires/for_(;;)_{_for_(var_i_=_0;_;_i<_10)_{_foo();_}_}
=== RUN   TestNoUnreachableLoopFires/for_(;;)_while_(true);
=== RUN   TestNoUnreachableLoopStaysSilent/for_(;;)_for_(;_b;);
=== PAUSE TestNoUnreachableLoopFires/for_(;;)_while_(true);
=== PAUSE TestNoUnreachableLoopStaysSilent/for_(;;)_for_(;_b;);
=== RUN   TestNoUnreachableLoopFires/for_(a_in_b)_break;
=== PAUSE TestNoUnreachableLoopFires/for_(a_in_b)_break;
=== RUN   TestNoUnreachableLoopFires/for_(a_in_b)_{_break;_}
=== PAUSE TestNoUnreachableLoopFires/for_(a_in_b)_{_break;_}
=== RUN   TestNoUnreachableLoopFires/function_someFunc()_{_for_(a_in_b)_return;_}
=== PAUSE TestNoUnreachableLoopFires/function_someFunc()_{_for_(a_in_b)_return;_}
=== RUN   TestNoUnreachableLoopFires/function_someFunc()_{_for_(a_in_b)_{_return;_}_}
=== PAUSE TestNoUnreachableLoopFires/function_someFunc()_{_for_(a_in_b)_{_return;_}_}
=== RUN   TestNoUnreachableLoopFires/for_(a_in_b)_throw_err;
=== PAUSE TestNoUnreachableLoopFires/for_(a_in_b)_throw_err;
=== RUN   TestNoUnreachableLoopFires/for_(a_in_b)_{_throw_err;_}
=== PAUSE TestNoUnreachableLoopFires/for_(a_in_b)_{_throw_err;_}
=== RUN   TestNoUnreachableLoopFires/for_(a_in_b)_{_foo();_break;_}
=== PAUSE TestNoUnreachableLoopFires/for_(a_in_b)_{_foo();_break;_}
=== RUN   TestNoUnreachableLoopFires/for_(a_in_b)_{_break;_foo();_}
=== PAUSE TestNoUnreachableLoopFires/for_(a_in_b)_{_break;_foo();_}
=== RUN   TestNoUnreachableLoopFires/function_someFunc()_{_for_(a_in_b)_if_(foo)_break;_else_return;_}
=== PAUSE TestNoUnreachableLoopFires/function_someFunc()_{_for_(a_in_b)_if_(foo)_break;_else_return;_}
=== RUN   TestNoUnreachableLoopFires/function_someFunc()_{_for_(a_in_b)_{_if_(foo)_{_return;_}_else_{_break;_}_bar();_}_}
=== PAUSE TestNoUnreachableLoopFires/function_someFunc()_{_for_(a_in_b)_{_if_(foo)_{_return;_}_else_{_break;_}_bar();_}_}
=== RUN   TestNoUnreachableLoopFires/function_someFunc()_{_for_(a_in_b)_{_if_(foo)_{_return;_}_throw_err;_}_}
=== PAUSE TestNoUnreachableLoopFires/function_someFunc()_{_for_(a_in_b)_{_if_(foo)_{_return;_}_throw_err;_}_}
=== RUN   TestNoUnreachableLoopStaysSilent/for_(;;)_for_(;_;_c)_if_(foo)_break;
=== RUN   TestNoUnreachableLoopFires/for_(a_in_b)_{_switch_(foo)_{_default:_throw_err;_}_}
=== PAUSE TestNoUnreachableLoopFires/for_(a_in_b)_{_switch_(foo)_{_default:_throw_err;_}_}
=== PAUSE TestNoUnreachableLoopStaysSilent/for_(;;)_for_(;_;_c)_if_(foo)_break;
=== RUN   TestNoUnreachableLoopFires/function_someFunc()_{_for_(a_in_b)_{_switch_(foo)_{_case_1:_throw_err;_default:_return;_}_}_}
=== RUN   TestNoUnreachableLoopStaysSilent/for_(;;)_for_(;;)_if_(foo)_break;
=== PAUSE TestNoUnreachableLoopStaysSilent/for_(;;)_for_(;;)_if_(foo)_break;
=== PAUSE TestNoUnreachableLoopFires/function_someFunc()_{_for_(a_in_b)_{_switch_(foo)_{_case_1:_throw_err;_default:_return;_}_}_}
=== RUN   TestNoUnreachableLoopStaysSilent/for_(;;)_while_(true)_if_(foo)_break;
=== RUN   TestNoUnreachableLoopFires/function_someFunc()_{_for_(a_in_b)_{_switch_(foo)_{_case_1:_something();_default:_return;_}_}_}
=== PAUSE TestNoUnreachableLoopFires/function_someFunc()_{_for_(a_in_b)_{_switch_(foo)_{_case_1:_something();_default:_return;_}_}_}
=== RUN   TestNoUnreachableLoopFires/function_someFunc()_{_for_(a_in_b)_{_try_{_return_bar();_}_catch_(e)_{_break;_}_}_}
=== PAUSE TestNoUnreachableLoopFires/function_someFunc()_{_for_(a_in_b)_{_try_{_return_bar();_}_catch_(e)_{_break;_}_}_}
=== RUN   TestNoUnreachableLoopFires/for_(a_in_b)_{_break;_continue;_}
=== PAUSE TestNoUnreachableLoopFires/for_(a_in_b)_{_break;_continue;_}
=== RUN   TestNoUnreachableLoopFires/for_(a_in_b)_{_()_=>_a;_break;_}
=== PAUSE TestNoUnreachableLoopFires/for_(a_in_b)_{_()_=>_a;_break;_}
=== RUN   TestNoUnreachableLoopFires/for_(a_in_b)_{_(()_=>_a)();_break;_}
=== PAUSE TestNoUnreachableLoopStaysSilent/for_(;;)_while_(true)_if_(foo)_break;
=== PAUSE TestNoUnreachableLoopFires/for_(a_in_b)_{_(()_=>_a)();_break;_}
=== RUN   TestNoUnreachableLoopStaysSilent/function_someFunc()_{_for_(;;)_while_(foo)_if_(bar)_return;_}
=== RUN   TestNoUnreachableLoopFires/for_(a_in_b)_{_while_(a);_break;_}
=== PAUSE TestNoUnreachableLoopStaysSilent/function_someFunc()_{_for_(;;)_while_(foo)_if_(bar)_return;_}
=== PAUSE TestNoUnreachableLoopFires/for_(a_in_b)_{_while_(a);_break;_}
=== RUN   TestNoUnreachableLoopStaysSilent/for_(;;)_for_(a_in_b);
=== RUN   TestNoUnreachableLoopFires/for_(a_in_b)_{_do_;_while_(a)_break;_}
=== PAUSE TestNoUnreachableLoopStaysSilent/for_(;;)_for_(a_in_b);
=== RUN   TestNoUnreachableLoopStaysSilent/for_(;;)_for_(a_of_b);
=== PAUSE TestNoUnreachableLoopStaysSilent/for_(;;)_for_(a_of_b);
=== PAUSE TestNoUnreachableLoopFires/for_(a_in_b)_{_do_;_while_(a)_break;_}
=== RUN   TestNoUnreachableLoopFires/for_(a_in_b)_{_for_(a;_b;_c);_break;_}
=== RUN   TestNoUnreachableLoopStaysSilent/for_(a_in_b)_;
=== PAUSE TestNoUnreachableLoopFires/for_(a_in_b)_{_for_(a;_b;_c);_break;_}
=== PAUSE TestNoUnreachableLoopStaysSilent/for_(a_in_b)_;
=== RUN   TestNoUnreachableLoopFires/for_(a_in_b)_{_for_(;_b;);_break;_}
=== PAUSE TestNoUnreachableLoopFires/for_(a_in_b)_{_for_(;_b;);_break;_}
=== RUN   TestNoUnreachableLoopFires/for_(a_in_b)_{_for_(;_;_c)_if_(foo)_break;_break;_}
=== PAUSE TestNoUnreachableLoopFires/for_(a_in_b)_{_for_(;_;_c)_if_(foo)_break;_break;_}
=== RUN   TestNoUnreachableLoopStaysSilent/for_(a_in_b)_{}
=== RUN   TestNoUnreachableLoopFires/for_(a_in_b)_{_for(;;)_if_(foo)_break;_break;_}
=== PAUSE TestNoUnreachableLoopStaysSilent/for_(a_in_b)_{}
=== PAUSE TestNoUnreachableLoopFires/for_(a_in_b)_{_for(;;)_if_(foo)_break;_break;_}
=== RUN   TestNoUnreachableLoopStaysSilent/for_(a_in_b)_{_bar();_}
=== PAUSE TestNoUnreachableLoopStaysSilent/for_(a_in_b)_{_bar();_}
=== RUN   TestNoUnreachableLoopStaysSilent/for_(a_in_b)_continue;
=== PAUSE TestNoUnreachableLoopStaysSilent/for_(a_in_b)_continue;
=== RUN   TestNoUnreachableLoopStaysSilent/for_(a_in_b)_{_continue;_}
=== PAUSE TestNoUnreachableLoopStaysSilent/for_(a_in_b)_{_continue;_}
=== RUN   TestNoUnreachableLoopStaysSilent/for_(a_in_b)_{_if_(foo)_break;_}
=== PAUSE TestNoUnreachableLoopStaysSilent/for_(a_in_b)_{_if_(foo)_break;_}
=== RUN   TestNoUnreachableLoopStaysSilent/function_someFunc()_{_for_(a_in_b)_{_if_(foo)_{_return;_}_bar();_}_}
=== PAUSE TestNoUnreachableLoopStaysSilent/function_someFunc()_{_for_(a_in_b)_{_if_(foo)_{_return;_}_bar();_}_}
=== RUN   TestNoUnreachableLoopStaysSilent/for_(a_in_b)_{_if_(foo)_{_bar();_}_else_{_break;_}_}
=== PAUSE TestNoUnreachableLoopStaysSilent/for_(a_in_b)_{_if_(foo)_{_bar();_}_else_{_break;_}_}
=== RUN   TestNoUnreachableLoopFires/for_(a_in_b)_{_for_(a_in_b);_break;_}
=== RUN   TestNoUnreachableLoopStaysSilent/function_someFunc()_{_for_(a_in_b)_{_if_(foo)_{_continue;_}_return;_}_}
=== PAUSE TestNoUnreachableLoopStaysSilent/function_someFunc()_{_for_(a_in_b)_{_if_(foo)_{_continue;_}_return;_}_}
=== PAUSE TestNoUnreachableLoopFires/for_(a_in_b)_{_for_(a_in_b);_break;_}
=== RUN   TestNoUnreachableLoopStaysSilent/function_someFunc()_{_for_(a_in_b)_{_switch_(foo)_{_case_1:_return;_}_}_}
=== PAUSE TestNoUnreachableLoopStaysSilent/function_someFunc()_{_for_(a_in_b)_{_switch_(foo)_{_case_1:_return;_}_}_}
=== RUN   TestNoUnreachableLoopFires/for_(a_in_b)_{_for_(a_of_b);_break;_}
=== RUN   TestNoUnreachableLoopStaysSilent/function_someFunc()_{_for_(a_in_b)_{_switch_(foo)_{_case_1:_break;_default:_return;_}_}_}
=== PAUSE TestNoUnreachableLoopFires/for_(a_in_b)_{_for_(a_of_b);_break;_}
=== RUN   TestNoUnreachableLoopFires/for_(a_in_b)_for_(;;);
=== PAUSE TestNoUnreachableLoopFires/for_(a_in_b)_for_(;;);
=== RUN   TestNoUnreachableLoopFires/for_(a_in_b)_{_for_(var_i_=_0;_;_i<_10)_{_foo();_}_}
=== PAUSE TestNoUnreachableLoopFires/for_(a_in_b)_{_for_(var_i_=_0;_;_i<_10)_{_foo();_}_}
=== RUN   TestNoUnreachableLoopFires/for_(a_in_b)_while_(true);
=== PAUSE TestNoUnreachableLoopFires/for_(a_in_b)_while_(true);
=== RUN   TestNoUnreachableLoopFires/for_(a_in_f(b))_break;
=== PAUSE TestNoUnreachableLoopFires/for_(a_in_f(b))_break;
=== RUN   TestNoUnreachableLoopFires/for_(a_in_f(b))_{_break;_}
=== PAUSE TestNoUnreachableLoopFires/for_(a_in_f(b))_{_break;_}
=== RUN   TestNoUnreachableLoopFires/function_someFunc()_{_for_(a_in_f(b))_return;_}
=== PAUSE TestNoUnreachableLoopFires/function_someFunc()_{_for_(a_in_f(b))_return;_}
=== RUN   TestNoUnreachableLoopFires/function_someFunc()_{_for_(a_in_f(b))_{_return;_}_}
=== PAUSE TestNoUnreachableLoopFires/function_someFunc()_{_for_(a_in_f(b))_{_return;_}_}
=== RUN   TestNoUnreachableLoopFires/for_(a_in_f(b))_throw_err;
=== PAUSE TestNoUnreachableLoopFires/for_(a_in_f(b))_throw_err;
=== RUN   TestNoUnreachableLoopFires/for_(a_in_f(b))_{_throw_err;_}
=== PAUSE TestNoUnreachableLoopFires/for_(a_in_f(b))_{_throw_err;_}
=== RUN   TestNoUnreachableLoopFires/for_(a_in_f(b))_{_foo();_break;_}
=== PAUSE TestNoUnreachableLoopFires/for_(a_in_f(b))_{_foo();_break;_}
=== PAUSE TestNoUnreachableLoopStaysSilent/function_someFunc()_{_for_(a_in_b)_{_switch_(foo)_{_case_1:_break;_default:_return;_}_}_}
=== RUN   TestNoUnreachableLoopFires/for_(a_in_f(b))_{_break;_foo();_}
=== PAUSE TestNoUnreachableLoopFires/for_(a_in_f(b))_{_break;_foo();_}
=== RUN   TestNoUnreachableLoopFires/function_someFunc()_{_for_(a_in_f(b))_if_(foo)_break;_else_return;_}
=== PAUSE TestNoUnreachableLoopFires/function_someFunc()_{_for_(a_in_f(b))_if_(foo)_break;_else_return;_}
=== RUN   TestNoUnreachableLoopStaysSilent/function_someFunc()_{_for_(a_in_b)_{_switch_(foo)_{_case_1:_continue;_default:_return;_}_throw_err;_}_}
=== RUN   TestNoUnreachableLoopFires/function_someFunc()_{_for_(a_in_f(b))_{_if_(foo)_{_return;_}_else_{_break;_}_bar();_}_}
=== PAUSE TestNoUnreachableLoopStaysSilent/function_someFunc()_{_for_(a_in_b)_{_switch_(foo)_{_case_1:_continue;_default:_return;_}_throw_err;_}_}
=== PAUSE TestNoUnreachableLoopFires/function_someFunc()_{_for_(a_in_f(b))_{_if_(foo)_{_return;_}_else_{_break;_}_bar();_}_}
=== RUN   TestNoUnreachableLoopStaysSilent/function_someFunc()_{_for_(a_in_b)_{_try_{_return_bar();_}_catch_(e)_{}_}_}
=== RUN   TestNoUnreachableLoopFires/function_someFunc()_{_for_(a_in_f(b))_{_if_(foo)_{_return;_}_throw_err;_}_}
=== PAUSE TestNoUnreachableLoopStaysSilent/function_someFunc()_{_for_(a_in_b)_{_try_{_return_bar();_}_catch_(e)_{}_}_}
=== RUN   TestNoUnreachableLoopStaysSilent/for_(a_in_b)_{_continue;_break;_}
=== PAUSE TestNoUnreachableLoopStaysSilent/for_(a_in_b)_{_continue;_break;_}
=== RUN   TestNoUnreachableLoopStaysSilent/for_(a_in_b)_()_=>_a;
=== PAUSE TestNoUnreachableLoopStaysSilent/for_(a_in_b)_()_=>_a;
=== PAUSE TestNoUnreachableLoopFires/function_someFunc()_{_for_(a_in_f(b))_{_if_(foo)_{_return;_}_throw_err;_}_}
=== RUN   TestNoUnreachableLoopStaysSilent/for_(a_in_b)_{_()_=>_a_}
=== PAUSE TestNoUnreachableLoopStaysSilent/for_(a_in_b)_{_()_=>_a_}
=== RUN   TestNoUnreachableLoopStaysSilent/for_(a_in_b)_(()_=>_a)();
=== PAUSE TestNoUnreachableLoopStaysSilent/for_(a_in_b)_(()_=>_a)();
=== RUN   TestNoUnreachableLoopStaysSilent/for_(a_in_b)_{_(()_=>_a)()_}
=== PAUSE TestNoUnreachableLoopStaysSilent/for_(a_in_b)_{_(()_=>_a)()_}
=== RUN   TestNoUnreachableLoopFires/for_(a_in_f(b))_{_switch_(foo)_{_default:_throw_err;_}_}
=== RUN   TestNoUnreachableLoopStaysSilent/for_(a_in_b)_while_(a);
=== PAUSE TestNoUnreachableLoopStaysSilent/for_(a_in_b)_while_(a);
=== PAUSE TestNoUnreachableLoopFires/for_(a_in_f(b))_{_switch_(foo)_{_default:_throw_err;_}_}
=== RUN   TestNoUnreachableLoopStaysSilent/for_(a_in_b)_do_;_while_(a)
=== PAUSE TestNoUnreachableLoopStaysSilent/for_(a_in_b)_do_;_while_(a)
=== RUN   TestNoUnreachableLoopStaysSilent/for_(a_in_b)_for_(a;_b;_c);
=== RUN   TestNoUnreachableLoopFires/function_someFunc()_{_for_(a_in_f(b))_{_switch_(foo)_{_case_1:_throw_err;_default:_return;_}_}_}
=== PAUSE TestNoUnreachableLoopStaysSilent/for_(a_in_b)_for_(a;_b;_c);
=== RUN   TestNoUnreachableLoopStaysSilent/for_(a_in_b)_for_(;_b;);
=== PAUSE TestNoUnreachableLoopStaysSilent/for_(a_in_b)_for_(;_b;);
=== RUN   TestNoUnreachableLoopStaysSilent/for_(a_in_b)_for_(;_;_c)_if_(foo)_break;
=== PAUSE TestNoUnreachableLoopStaysSilent/for_(a_in_b)_for_(;_;_c)_if_(foo)_break;
=== PAUSE TestNoUnreachableLoopFires/function_someFunc()_{_for_(a_in_f(b))_{_switch_(foo)_{_case_1:_throw_err;_default:_return;_}_}_}
=== RUN   TestNoUnreachableLoopStaysSilent/for_(a_in_b)_for_(;;)_if_(foo)_break;
=== PAUSE TestNoUnreachableLoopStaysSilent/for_(a_in_b)_for_(;;)_if_(foo)_break;
=== RUN   TestNoUnreachableLoopFires/function_someFunc()_{_for_(a_in_f(b))_{_switch_(foo)_{_case_1:_something();_default:_return;_}_}_}
=== RUN   TestNoUnreachableLoopStaysSilent/for_(a_in_b)_while_(true)_if_(foo)_break;
=== PAUSE TestNoUnreachableLoopFires/function_someFunc()_{_for_(a_in_f(b))_{_switch_(foo)_{_case_1:_something();_default:_return;_}_}_}
=== PAUSE TestNoUnreachableLoopStaysSilent/for_(a_in_b)_while_(true)_if_(foo)_break;
=== RUN   TestNoUnreachableLoopStaysSilent/function_someFunc()_{_for_(a_in_b)_while_(foo)_if_(bar)_return;_}
=== RUN   TestNoUnreachableLoopFires/function_someFunc()_{_for_(a_in_f(b))_{_try_{_return_bar();_}_catch_(e)_{_break;_}_}_}
=== PAUSE TestNoUnreachableLoopStaysSilent/function_someFunc()_{_for_(a_in_b)_while_(foo)_if_(bar)_return;_}
=== PAUSE TestNoUnreachableLoopFires/function_someFunc()_{_for_(a_in_f(b))_{_try_{_return_bar();_}_catch_(e)_{_break;_}_}_}
=== RUN   TestNoUnreachableLoopFires/for_(a_in_f(b))_{_break;_continue;_}
=== PAUSE TestNoUnreachableLoopFires/for_(a_in_f(b))_{_break;_continue;_}
=== RUN   TestNoUnreachableLoopFires/for_(a_in_f(b))_{_()_=>_a;_break;_}
=== PAUSE TestNoUnreachableLoopFires/for_(a_in_f(b))_{_()_=>_a;_break;_}
=== RUN   TestNoUnreachableLoopFires/for_(a_in_f(b))_{_(()_=>_a)();_break;_}
=== RUN   TestNoUnreachableLoopStaysSilent/for_(a_in_b)_for_(a_in_b);
=== PAUSE TestNoUnreachableLoopFires/for_(a_in_f(b))_{_(()_=>_a)();_break;_}
=== PAUSE TestNoUnreachableLoopStaysSilent/for_(a_in_b)_for_(a_in_b);
=== RUN   TestNoUnreachableLoopFires/for_(a_in_f(b))_{_while_(a);_break;_}
=== PAUSE TestNoUnreachableLoopFires/for_(a_in_f(b))_{_while_(a);_break;_}
=== RUN   TestNoUnreachableLoopFires/for_(a_in_f(b))_{_do_;_while_(a)_break;_}
=== PAUSE TestNoUnreachableLoopFires/for_(a_in_f(b))_{_do_;_while_(a)_break;_}
=== RUN   TestNoUnreachableLoopFires/for_(a_in_f(b))_{_for_(a;_b;_c);_break;_}
=== PAUSE TestNoUnreachableLoopFires/for_(a_in_f(b))_{_for_(a;_b;_c);_break;_}
=== RUN   TestNoUnreachableLoopFires/for_(a_in_f(b))_{_for_(;_b;);_break;_}
=== RUN   TestNoUnreachableLoopStaysSilent/for_(a_in_b)_for_(a_of_b);
=== PAUSE TestNoUnreachableLoopFires/for_(a_in_f(b))_{_for_(;_b;);_break;_}
=== PAUSE TestNoUnreachableLoopStaysSilent/for_(a_in_b)_for_(a_of_b);
=== RUN   TestNoUnreachableLoopFires/for_(a_in_f(b))_{_for_(;_;_c)_if_(foo)_break;_break;_}
=== RUN   TestNoUnreachableLoopStaysSilent/for_(a_in_f(b))_;
=== PAUSE TestNoUnreachableLoopStaysSilent/for_(a_in_f(b))_;
=== RUN   TestNoUnreachableLoopStaysSilent/for_(a_in_f(b))_{}
=== PAUSE TestNoUnreachableLoopStaysSilent/for_(a_in_f(b))_{}
=== RUN   TestNoUnreachableLoopStaysSilent/for_(a_in_f(b))_{_bar();_}
=== PAUSE TestNoUnreachableLoopStaysSilent/for_(a_in_f(b))_{_bar();_}
=== RUN   TestNoUnreachableLoopStaysSilent/for_(a_in_f(b))_continue;
=== PAUSE TestNoUnreachableLoopFires/for_(a_in_f(b))_{_for_(;_;_c)_if_(foo)_break;_break;_}
=== PAUSE TestNoUnreachableLoopStaysSilent/for_(a_in_f(b))_continue;
=== RUN   TestNoUnreachableLoopFires/for_(a_in_f(b))_{_for(;;)_if_(foo)_break;_break;_}
=== PAUSE TestNoUnreachableLoopFires/for_(a_in_f(b))_{_for(;;)_if_(foo)_break;_break;_}
=== RUN   TestNoUnreachableLoopStaysSilent/for_(a_in_f(b))_{_continue;_}
=== PAUSE TestNoUnreachableLoopStaysSilent/for_(a_in_f(b))_{_continue;_}
=== RUN   TestNoUnreachableLoopStaysSilent/for_(a_in_f(b))_{_if_(foo)_break;_}
=== RUN   TestNoUnreachableLoopFires/for_(a_in_f(b))_{_for_(a_in_b);_break;_}
=== PAUSE TestNoUnreachableLoopFires/for_(a_in_f(b))_{_for_(a_in_b);_break;_}
=== RUN   TestNoUnreachableLoopFires/for_(a_in_f(b))_{_for_(a_of_b);_break;_}
=== PAUSE TestNoUnreachableLoopFires/for_(a_in_f(b))_{_for_(a_of_b);_break;_}
=== RUN   TestNoUnreachableLoopFires/for_(a_in_f(b))_for_(;;);
=== PAUSE TestNoUnreachableLoopStaysSilent/for_(a_in_f(b))_{_if_(foo)_break;_}
=== PAUSE TestNoUnreachableLoopFires/for_(a_in_f(b))_for_(;;);
=== RUN   TestNoUnreachableLoopStaysSilent/function_someFunc()_{_for_(a_in_f(b))_{_if_(foo)_{_return;_}_bar();_}_}
=== PAUSE TestNoUnreachableLoopStaysSilent/function_someFunc()_{_for_(a_in_f(b))_{_if_(foo)_{_return;_}_bar();_}_}
=== RUN   TestNoUnreachableLoopStaysSilent/for_(a_in_f(b))_{_if_(foo)_{_bar();_}_else_{_break;_}_}
=== RUN   TestNoUnreachableLoopFires/for_(a_in_f(b))_{_for_(var_i_=_0;_;_i<_10)_{_foo();_}_}
=== PAUSE TestNoUnreachableLoopStaysSilent/for_(a_in_f(b))_{_if_(foo)_{_bar();_}_else_{_break;_}_}
=== RUN   TestNoUnreachableLoopStaysSilent/function_someFunc()_{_for_(a_in_f(b))_{_if_(foo)_{_continue;_}_return;_}_}
=== PAUSE TestNoUnreachableLoopStaysSilent/function_someFunc()_{_for_(a_in_f(b))_{_if_(foo)_{_continue;_}_return;_}_}
=== RUN   TestNoUnreachableLoopStaysSilent/function_someFunc()_{_for_(a_in_f(b))_{_switch_(foo)_{_case_1:_return;_}_}_}
=== PAUSE TestNoUnreachableLoopStaysSilent/function_someFunc()_{_for_(a_in_f(b))_{_switch_(foo)_{_case_1:_return;_}_}_}
=== RUN   TestNoUnreachableLoopStaysSilent/function_someFunc()_{_for_(a_in_f(b))_{_switch_(foo)_{_case_1:_break;_default:_return;_}_}_}
=== PAUSE TestNoUnreachableLoopStaysSilent/function_someFunc()_{_for_(a_in_f(b))_{_switch_(foo)_{_case_1:_break;_default:_return;_}_}_}
=== RUN   TestNoUnreachableLoopStaysSilent/function_someFunc()_{_for_(a_in_f(b))_{_switch_(foo)_{_case_1:_continue;_default:_return;_}_throw_err;_}_}
=== PAUSE TestNoUnreachableLoopStaysSilent/function_someFunc()_{_for_(a_in_f(b))_{_switch_(foo)_{_case_1:_continue;_default:_return;_}_throw_err;_}_}
=== RUN   TestNoUnreachableLoopStaysSilent/function_someFunc()_{_for_(a_in_f(b))_{_try_{_return_bar();_}_catch_(e)_{}_}_}
=== PAUSE TestNoUnreachableLoopStaysSilent/function_someFunc()_{_for_(a_in_f(b))_{_try_{_return_bar();_}_catch_(e)_{}_}_}
=== PAUSE TestNoUnreachableLoopFires/for_(a_in_f(b))_{_for_(var_i_=_0;_;_i<_10)_{_foo();_}_}
=== RUN   TestNoUnreachableLoopStaysSilent/for_(a_in_f(b))_{_continue;_break;_}
=== PAUSE TestNoUnreachableLoopStaysSilent/for_(a_in_f(b))_{_continue;_break;_}
=== RUN   TestNoUnreachableLoopStaysSilent/for_(a_in_f(b))_()_=>_a;
=== PAUSE TestNoUnreachableLoopStaysSilent/for_(a_in_f(b))_()_=>_a;
=== RUN   TestNoUnreachableLoopStaysSilent/for_(a_in_f(b))_{_()_=>_a_}
=== PAUSE TestNoUnreachableLoopStaysSilent/for_(a_in_f(b))_{_()_=>_a_}
=== RUN   TestNoUnreachableLoopStaysSilent/for_(a_in_f(b))_(()_=>_a)();
=== PAUSE TestNoUnreachableLoopStaysSilent/for_(a_in_f(b))_(()_=>_a)();
=== RUN   TestNoUnreachableLoopStaysSilent/for_(a_in_f(b))_{_(()_=>_a)()_}
=== PAUSE TestNoUnreachableLoopStaysSilent/for_(a_in_f(b))_{_(()_=>_a)()_}
=== RUN   TestNoUnreachableLoopStaysSilent/for_(a_in_f(b))_while_(a);
=== PAUSE TestNoUnreachableLoopStaysSilent/for_(a_in_f(b))_while_(a);
=== RUN   TestNoUnreachableLoopStaysSilent/for_(a_in_f(b))_do_;_while_(a)
=== PAUSE TestNoUnreachableLoopStaysSilent/for_(a_in_f(b))_do_;_while_(a)
=== RUN   TestNoUnreachableLoopStaysSilent/for_(a_in_f(b))_for_(a;_b;_c);
=== PAUSE TestNoUnreachableLoopStaysSilent/for_(a_in_f(b))_for_(a;_b;_c);
=== RUN   TestNoUnreachableLoopStaysSilent/for_(a_in_f(b))_for_(;_b;);
=== PAUSE TestNoUnreachableLoopStaysSilent/for_(a_in_f(b))_for_(;_b;);
=== RUN   TestNoUnreachableLoopStaysSilent/for_(a_in_f(b))_for_(;_;_c)_if_(foo)_break;
=== PAUSE TestNoUnreachableLoopStaysSilent/for_(a_in_f(b))_for_(;_;_c)_if_(foo)_break;
=== RUN   TestNoUnreachableLoopStaysSilent/for_(a_in_f(b))_for_(;;)_if_(foo)_break;
=== PAUSE TestNoUnreachableLoopStaysSilent/for_(a_in_f(b))_for_(;;)_if_(foo)_break;
=== RUN   TestNoUnreachableLoopStaysSilent/for_(a_in_f(b))_while_(true)_if_(foo)_break;
=== PAUSE TestNoUnreachableLoopStaysSilent/for_(a_in_f(b))_while_(true)_if_(foo)_break;
=== RUN   TestNoUnreachableLoopFires/for_(a_in_f(b))_while_(true);
=== RUN   TestNoUnreachableLoopStaysSilent/function_someFunc()_{_for_(a_in_f(b))_while_(foo)_if_(bar)_return;_}
=== PAUSE TestNoUnreachableLoopStaysSilent/function_someFunc()_{_for_(a_in_f(b))_while_(foo)_if_(bar)_return;_}
=== RUN   TestNoUnreachableLoopStaysSilent/for_(a_in_f(b))_for_(a_in_b);
=== PAUSE TestNoUnreachableLoopStaysSilent/for_(a_in_f(b))_for_(a_in_b);
=== RUN   TestNoUnreachableLoopStaysSilent/for_(a_in_f(b))_for_(a_of_b);
=== PAUSE TestNoUnreachableLoopFires/for_(a_in_f(b))_while_(true);
=== RUN   TestNoUnreachableLoopFires/for_(var_a_in_b)_break;
=== PAUSE TestNoUnreachableLoopFires/for_(var_a_in_b)_break;
=== PAUSE TestNoUnreachableLoopStaysSilent/for_(a_in_f(b))_for_(a_of_b);
=== RUN   TestNoUnreachableLoopStaysSilent/for_(var_a_in_b)_;
=== RUN   TestNoUnreachableLoopFires/for_(var_a_in_b)_{_break;_}
=== PAUSE TestNoUnreachableLoopFires/for_(var_a_in_b)_{_break;_}
=== RUN   TestNoUnreachableLoopFires/function_someFunc()_{_for_(var_a_in_b)_return;_}
=== PAUSE TestNoUnreachableLoopFires/function_someFunc()_{_for_(var_a_in_b)_return;_}
=== PAUSE TestNoUnreachableLoopStaysSilent/for_(var_a_in_b)_;
=== RUN   TestNoUnreachableLoopFires/function_someFunc()_{_for_(var_a_in_b)_{_return;_}_}
=== PAUSE TestNoUnreachableLoopFires/function_someFunc()_{_for_(var_a_in_b)_{_return;_}_}
=== RUN   TestNoUnreachableLoopStaysSilent/for_(var_a_in_b)_{}
=== PAUSE TestNoUnreachableLoopStaysSilent/for_(var_a_in_b)_{}
=== RUN   TestNoUnreachableLoopStaysSilent/for_(var_a_in_b)_{_bar();_}
=== RUN   TestNoUnreachableLoopFires/for_(var_a_in_b)_throw_err;
=== PAUSE TestNoUnreachableLoopStaysSilent/for_(var_a_in_b)_{_bar();_}
=== PAUSE TestNoUnreachableLoopFires/for_(var_a_in_b)_throw_err;
=== RUN   TestNoUnreachableLoopStaysSilent/for_(var_a_in_b)_continue;
=== PAUSE TestNoUnreachableLoopStaysSilent/for_(var_a_in_b)_continue;
=== RUN   TestNoUnreachableLoopStaysSilent/for_(var_a_in_b)_{_continue;_}
=== PAUSE TestNoUnreachableLoopStaysSilent/for_(var_a_in_b)_{_continue;_}
=== RUN   TestNoUnreachableLoopFires/for_(var_a_in_b)_{_throw_err;_}
=== RUN   TestNoUnreachableLoopStaysSilent/for_(var_a_in_b)_{_if_(foo)_break;_}
=== PAUSE TestNoUnreachableLoopFires/for_(var_a_in_b)_{_throw_err;_}
=== PAUSE TestNoUnreachableLoopStaysSilent/for_(var_a_in_b)_{_if_(foo)_break;_}
=== RUN   TestNoUnreachableLoopStaysSilent/function_someFunc()_{_for_(var_a_in_b)_{_if_(foo)_{_return;_}_bar();_}_}
=== PAUSE TestNoUnreachableLoopStaysSilent/function_someFunc()_{_for_(var_a_in_b)_{_if_(foo)_{_return;_}_bar();_}_}
=== RUN   TestNoUnreachableLoopStaysSilent/for_(var_a_in_b)_{_if_(foo)_{_bar();_}_else_{_break;_}_}
=== PAUSE TestNoUnreachableLoopStaysSilent/for_(var_a_in_b)_{_if_(foo)_{_bar();_}_else_{_break;_}_}
=== RUN   TestNoUnreachableLoopStaysSilent/function_someFunc()_{_for_(var_a_in_b)_{_if_(foo)_{_continue;_}_return;_}_}
=== PAUSE TestNoUnreachableLoopStaysSilent/function_someFunc()_{_for_(var_a_in_b)_{_if_(foo)_{_continue;_}_return;_}_}
=== RUN   TestNoUnreachableLoopStaysSilent/function_someFunc()_{_for_(var_a_in_b)_{_switch_(foo)_{_case_1:_return;_}_}_}
=== PAUSE TestNoUnreachableLoopStaysSilent/function_someFunc()_{_for_(var_a_in_b)_{_switch_(foo)_{_case_1:_return;_}_}_}
=== RUN   TestNoUnreachableLoopFires/for_(var_a_in_b)_{_foo();_break;_}
=== PAUSE TestNoUnreachableLoopFires/for_(var_a_in_b)_{_foo();_break;_}
=== RUN   TestNoUnreachableLoopStaysSilent/function_someFunc()_{_for_(var_a_in_b)_{_switch_(foo)_{_case_1:_break;_default:_return;_}_}_}
=== PAUSE TestNoUnreachableLoopStaysSilent/function_someFunc()_{_for_(var_a_in_b)_{_switch_(foo)_{_case_1:_break;_default:_return;_}_}_}
=== RUN   TestNoUnreachableLoopStaysSilent/function_someFunc()_{_for_(var_a_in_b)_{_switch_(foo)_{_case_1:_continue;_default:_return;_}_throw_err;_}_}
=== PAUSE TestNoUnreachableLoopStaysSilent/function_someFunc()_{_for_(var_a_in_b)_{_switch_(foo)_{_case_1:_continue;_default:_return;_}_throw_err;_}_}
=== RUN   TestNoUnreachableLoopStaysSilent/function_someFunc()_{_for_(var_a_in_b)_{_try_{_return_bar();_}_catch_(e)_{}_}_}
=== PAUSE TestNoUnreachableLoopStaysSilent/function_someFunc()_{_for_(var_a_in_b)_{_try_{_return_bar();_}_catch_(e)_{}_}_}
=== RUN   TestNoUnreachableLoopStaysSilent/for_(var_a_in_b)_{_continue;_break;_}
=== PAUSE TestNoUnreachableLoopStaysSilent/for_(var_a_in_b)_{_continue;_break;_}
=== RUN   TestNoUnreachableLoopStaysSilent/for_(var_a_in_b)_()_=>_a;
=== PAUSE TestNoUnreachableLoopStaysSilent/for_(var_a_in_b)_()_=>_a;
=== RUN   TestNoUnreachableLoopFires/for_(var_a_in_b)_{_break;_foo();_}
=== RUN   TestNoUnreachableLoopStaysSilent/for_(var_a_in_b)_{_()_=>_a_}
=== PAUSE TestNoUnreachableLoopStaysSilent/for_(var_a_in_b)_{_()_=>_a_}
=== PAUSE TestNoUnreachableLoopFires/for_(var_a_in_b)_{_break;_foo();_}
=== RUN   TestNoUnreachableLoopStaysSilent/for_(var_a_in_b)_(()_=>_a)();
=== PAUSE TestNoUnreachableLoopStaysSilent/for_(var_a_in_b)_(()_=>_a)();
=== RUN   TestNoUnreachableLoopFires/function_someFunc()_{_for_(var_a_in_b)_if_(foo)_break;_else_return;_}
=== RUN   TestNoUnreachableLoopStaysSilent/for_(var_a_in_b)_{_(()_=>_a)()_}
=== PAUSE TestNoUnreachableLoopFires/function_someFunc()_{_for_(var_a_in_b)_if_(foo)_break;_else_return;_}
=== RUN   TestNoUnreachableLoopFires/function_someFunc()_{_for_(var_a_in_b)_{_if_(foo)_{_return;_}_else_{_break;_}_bar();_}_}
=== PAUSE TestNoUnreachableLoopFires/function_someFunc()_{_for_(var_a_in_b)_{_if_(foo)_{_return;_}_else_{_break;_}_bar();_}_}
=== PAUSE TestNoUnreachableLoopStaysSilent/for_(var_a_in_b)_{_(()_=>_a)()_}
=== RUN   TestNoUnreachableLoopFires/function_someFunc()_{_for_(var_a_in_b)_{_if_(foo)_{_return;_}_throw_err;_}_}
=== RUN   TestNoUnreachableLoopStaysSilent/for_(var_a_in_b)_while_(a);
=== PAUSE TestNoUnreachableLoopStaysSilent/for_(var_a_in_b)_while_(a);
=== RUN   TestNoUnreachableLoopStaysSilent/for_(var_a_in_b)_do_;_while_(a)
=== PAUSE TestNoUnreachableLoopFires/function_someFunc()_{_for_(var_a_in_b)_{_if_(foo)_{_return;_}_throw_err;_}_}
=== RUN   TestNoUnreachableLoopFires/for_(var_a_in_b)_{_switch_(foo)_{_default:_throw_err;_}_}
=== PAUSE TestNoUnreachableLoopStaysSilent/for_(var_a_in_b)_do_;_while_(a)
=== RUN   TestNoUnreachableLoopStaysSilent/for_(var_a_in_b)_for_(a;_b;_c);
=== PAUSE TestNoUnreachableLoopStaysSilent/for_(var_a_in_b)_for_(a;_b;_c);
=== RUN   TestNoUnreachableLoopStaysSilent/for_(var_a_in_b)_for_(;_b;);
=== PAUSE TestNoUnreachableLoopFires/for_(var_a_in_b)_{_switch_(foo)_{_default:_throw_err;_}_}
=== RUN   TestNoUnreachableLoopFires/function_someFunc()_{_for_(var_a_in_b)_{_switch_(foo)_{_case_1:_throw_err;_default:_return;_}_}_}
=== PAUSE TestNoUnreachableLoopFires/function_someFunc()_{_for_(var_a_in_b)_{_switch_(foo)_{_case_1:_throw_err;_default:_return;_}_}_}
=== RUN   TestNoUnreachableLoopFires/function_someFunc()_{_for_(var_a_in_b)_{_switch_(foo)_{_case_1:_something();_default:_return;_}_}_}
=== PAUSE TestNoUnreachableLoopFires/function_someFunc()_{_for_(var_a_in_b)_{_switch_(foo)_{_case_1:_something();_default:_return;_}_}_}
=== RUN   TestNoUnreachableLoopFires/function_someFunc()_{_for_(var_a_in_b)_{_try_{_return_bar();_}_catch_(e)_{_break;_}_}_}
=== PAUSE TestNoUnreachableLoopFires/function_someFunc()_{_for_(var_a_in_b)_{_try_{_return_bar();_}_catch_(e)_{_break;_}_}_}
=== RUN   TestNoUnreachableLoopFires/for_(var_a_in_b)_{_break;_continue;_}
=== PAUSE TestNoUnreachableLoopFires/for_(var_a_in_b)_{_break;_continue;_}
=== PAUSE TestNoUnreachableLoopStaysSilent/for_(var_a_in_b)_for_(;_b;);
=== RUN   TestNoUnreachableLoopFires/for_(var_a_in_b)_{_()_=>_a;_break;_}
=== RUN   TestNoUnreachableLoopStaysSilent/for_(var_a_in_b)_for_(;_;_c)_if_(foo)_break;
=== PAUSE TestNoUnreachableLoopFires/for_(var_a_in_b)_{_()_=>_a;_break;_}
=== PAUSE TestNoUnreachableLoopStaysSilent/for_(var_a_in_b)_for_(;_;_c)_if_(foo)_break;
=== RUN   TestNoUnreachableLoopFires/for_(var_a_in_b)_{_(()_=>_a)();_break;_}
=== RUN   TestNoUnreachableLoopStaysSilent/for_(var_a_in_b)_for_(;;)_if_(foo)_break;
=== PAUSE TestNoUnreachableLoopStaysSilent/for_(var_a_in_b)_for_(;;)_if_(foo)_break;
=== RUN   TestNoUnreachableLoopStaysSilent/for_(var_a_in_b)_while_(true)_if_(foo)_break;
=== PAUSE TestNoUnreachableLoopFires/for_(var_a_in_b)_{_(()_=>_a)();_break;_}
=== PAUSE TestNoUnreachableLoopStaysSilent/for_(var_a_in_b)_while_(true)_if_(foo)_break;
=== RUN   TestNoUnreachableLoopFires/for_(var_a_in_b)_{_while_(a);_break;_}
=== RUN   TestNoUnreachableLoopStaysSilent/function_someFunc()_{_for_(var_a_in_b)_while_(foo)_if_(bar)_return;_}
=== PAUSE TestNoUnreachableLoopFires/for_(var_a_in_b)_{_while_(a);_break;_}
=== PAUSE TestNoUnreachableLoopStaysSilent/function_someFunc()_{_for_(var_a_in_b)_while_(foo)_if_(bar)_return;_}
=== RUN   TestNoUnreachableLoopStaysSilent/for_(var_a_in_b)_for_(a_in_b);
=== RUN   TestNoUnreachableLoopFires/for_(var_a_in_b)_{_do_;_while_(a)_break;_}
=== PAUSE TestNoUnreachableLoopStaysSilent/for_(var_a_in_b)_for_(a_in_b);
=== PAUSE TestNoUnreachableLoopFires/for_(var_a_in_b)_{_do_;_while_(a)_break;_}
=== RUN   TestNoUnreachableLoopStaysSilent/for_(var_a_in_b)_for_(a_of_b);
=== PAUSE TestNoUnreachableLoopStaysSilent/for_(var_a_in_b)_for_(a_of_b);
=== RUN   TestNoUnreachableLoopFires/for_(var_a_in_b)_{_for_(a;_b;_c);_break;_}
=== RUN   TestNoUnreachableLoopStaysSilent/for_(let_a_in_f(b))_;
=== PAUSE TestNoUnreachableLoopStaysSilent/for_(let_a_in_f(b))_;
=== RUN   TestNoUnreachableLoopStaysSilent/for_(let_a_in_f(b))_{}
=== PAUSE TestNoUnreachableLoopStaysSilent/for_(let_a_in_f(b))_{}
=== RUN   TestNoUnreachableLoopStaysSilent/for_(let_a_in_f(b))_{_bar();_}
=== PAUSE TestNoUnreachableLoopStaysSilent/for_(let_a_in_f(b))_{_bar();_}
=== PAUSE TestNoUnreachableLoopFires/for_(var_a_in_b)_{_for_(a;_b;_c);_break;_}
=== RUN   TestNoUnreachableLoopFires/for_(var_a_in_b)_{_for_(;_b;);_break;_}
=== PAUSE TestNoUnreachableLoopFires/for_(var_a_in_b)_{_for_(;_b;);_break;_}
=== RUN   TestNoUnreachableLoopFires/for_(var_a_in_b)_{_for_(;_;_c)_if_(foo)_break;_break;_}
=== PAUSE TestNoUnreachableLoopFires/for_(var_a_in_b)_{_for_(;_;_c)_if_(foo)_break;_break;_}
=== RUN   TestNoUnreachableLoopFires/for_(var_a_in_b)_{_for(;;)_if_(foo)_break;_break;_}
=== PAUSE TestNoUnreachableLoopFires/for_(var_a_in_b)_{_for(;;)_if_(foo)_break;_break;_}
=== RUN   TestNoUnreachableLoopFires/for_(var_a_in_b)_{_for_(a_in_b);_break;_}
=== PAUSE TestNoUnreachableLoopFires/for_(var_a_in_b)_{_for_(a_in_b);_break;_}
=== RUN   TestNoUnreachableLoopFires/for_(var_a_in_b)_{_for_(a_of_b);_break;_}
=== PAUSE TestNoUnreachableLoopFires/for_(var_a_in_b)_{_for_(a_of_b);_break;_}
=== RUN   TestNoUnreachableLoopStaysSilent/for_(let_a_in_f(b))_continue;
=== PAUSE TestNoUnreachableLoopStaysSilent/for_(let_a_in_f(b))_continue;
=== RUN   TestNoUnreachableLoopStaysSilent/for_(let_a_in_f(b))_{_continue;_}
=== PAUSE TestNoUnreachableLoopStaysSilent/for_(let_a_in_f(b))_{_continue;_}
=== RUN   TestNoUnreachableLoopStaysSilent/for_(let_a_in_f(b))_{_if_(foo)_break;_}
=== PAUSE TestNoUnreachableLoopStaysSilent/for_(let_a_in_f(b))_{_if_(foo)_break;_}
=== RUN   TestNoUnreachableLoopStaysSilent/function_someFunc()_{_for_(let_a_in_f(b))_{_if_(foo)_{_return;_}_bar();_}_}
=== PAUSE TestNoUnreachableLoopStaysSilent/function_someFunc()_{_for_(let_a_in_f(b))_{_if_(foo)_{_return;_}_bar();_}_}
=== RUN   TestNoUnreachableLoopStaysSilent/for_(let_a_in_f(b))_{_if_(foo)_{_bar();_}_else_{_break;_}_}
=== PAUSE TestNoUnreachableLoopStaysSilent/for_(let_a_in_f(b))_{_if_(foo)_{_bar();_}_else_{_break;_}_}
=== RUN   TestNoUnreachableLoopStaysSilent/function_someFunc()_{_for_(let_a_in_f(b))_{_if_(foo)_{_continue;_}_return;_}_}
=== RUN   TestNoUnreachableLoopFires/for_(var_a_in_b)_for_(;;);
=== PAUSE TestNoUnreachableLoopStaysSilent/function_someFunc()_{_for_(let_a_in_f(b))_{_if_(foo)_{_continue;_}_return;_}_}
=== PAUSE TestNoUnreachableLoopFires/for_(var_a_in_b)_for_(;;);
=== RUN   TestNoUnreachableLoopFires/for_(var_a_in_b)_{_for_(var_i_=_0;_;_i<_10)_{_foo();_}_}
=== PAUSE TestNoUnreachableLoopFires/for_(var_a_in_b)_{_for_(var_i_=_0;_;_i<_10)_{_foo();_}_}
=== RUN   TestNoUnreachableLoopFires/for_(var_a_in_b)_while_(true);
=== PAUSE TestNoUnreachableLoopFires/for_(var_a_in_b)_while_(true);
=== RUN   TestNoUnreachableLoopStaysSilent/function_someFunc()_{_for_(let_a_in_f(b))_{_switch_(foo)_{_case_1:_return;_}_}_}
=== PAUSE TestNoUnreachableLoopStaysSilent/function_someFunc()_{_for_(let_a_in_f(b))_{_switch_(foo)_{_case_1:_return;_}_}_}
=== RUN   TestNoUnreachableLoopStaysSilent/function_someFunc()_{_for_(let_a_in_f(b))_{_switch_(foo)_{_case_1:_break;_default:_return;_}_}_}
=== PAUSE TestNoUnreachableLoopStaysSilent/function_someFunc()_{_for_(let_a_in_f(b))_{_switch_(foo)_{_case_1:_break;_default:_return;_}_}_}
=== RUN   TestNoUnreachableLoopStaysSilent/function_someFunc()_{_for_(let_a_in_f(b))_{_switch_(foo)_{_case_1:_continue;_default:_return;_}_throw_err;_}_}
=== PAUSE TestNoUnreachableLoopStaysSilent/function_someFunc()_{_for_(let_a_in_f(b))_{_switch_(foo)_{_case_1:_continue;_default:_return;_}_throw_err;_}_}
=== RUN   TestNoUnreachableLoopFires/for_(let_a_in_f(b))_break;
=== PAUSE TestNoUnreachableLoopFires/for_(let_a_in_f(b))_break;
=== RUN   TestNoUnreachableLoopFires/for_(let_a_in_f(b))_{_break;_}
=== PAUSE TestNoUnreachableLoopFires/for_(let_a_in_f(b))_{_break;_}
=== RUN   TestNoUnreachableLoopStaysSilent/function_someFunc()_{_for_(let_a_in_f(b))_{_try_{_return_bar();_}_catch_(e)_{}_}_}
=== PAUSE TestNoUnreachableLoopStaysSilent/function_someFunc()_{_for_(let_a_in_f(b))_{_try_{_return_bar();_}_catch_(e)_{}_}_}
=== RUN   TestNoUnreachableLoopFires/function_someFunc()_{_for_(let_a_in_f(b))_return;_}
=== PAUSE TestNoUnreachableLoopFires/function_someFunc()_{_for_(let_a_in_f(b))_return;_}
=== RUN   TestNoUnreachableLoopFires/function_someFunc()_{_for_(let_a_in_f(b))_{_return;_}_}
=== PAUSE TestNoUnreachableLoopFires/function_someFunc()_{_for_(let_a_in_f(b))_{_return;_}_}
=== RUN   TestNoUnreachableLoopFires/for_(let_a_in_f(b))_throw_err;
=== PAUSE TestNoUnreachableLoopFires/for_(let_a_in_f(b))_throw_err;
=== RUN   TestNoUnreachableLoopFires/for_(let_a_in_f(b))_{_throw_err;_}
=== PAUSE TestNoUnreachableLoopFires/for_(let_a_in_f(b))_{_throw_err;_}
=== RUN   TestNoUnreachableLoopStaysSilent/for_(let_a_in_f(b))_{_continue;_break;_}
=== RUN   TestNoUnreachableLoopFires/for_(let_a_in_f(b))_{_foo();_break;_}
=== PAUSE TestNoUnreachableLoopStaysSilent/for_(let_a_in_f(b))_{_continue;_break;_}
=== RUN   TestNoUnreachableLoopStaysSilent/for_(let_a_in_f(b))_()_=>_a;
=== PAUSE TestNoUnreachableLoopFires/for_(let_a_in_f(b))_{_foo();_break;_}
=== PAUSE TestNoUnreachableLoopStaysSilent/for_(let_a_in_f(b))_()_=>_a;
=== RUN   TestNoUnreachableLoopStaysSilent/for_(let_a_in_f(b))_{_()_=>_a_}
=== PAUSE TestNoUnreachableLoopStaysSilent/for_(let_a_in_f(b))_{_()_=>_a_}
=== RUN   TestNoUnreachableLoopStaysSilent/for_(let_a_in_f(b))_(()_=>_a)();
=== PAUSE TestNoUnreachableLoopStaysSilent/for_(let_a_in_f(b))_(()_=>_a)();
=== RUN   TestNoUnreachableLoopStaysSilent/for_(let_a_in_f(b))_{_(()_=>_a)()_}
=== PAUSE TestNoUnreachableLoopStaysSilent/for_(let_a_in_f(b))_{_(()_=>_a)()_}
=== RUN   TestNoUnreachableLoopStaysSilent/for_(let_a_in_f(b))_while_(a);
=== PAUSE TestNoUnreachableLoopStaysSilent/for_(let_a_in_f(b))_while_(a);
=== RUN   TestNoUnreachableLoopFires/for_(let_a_in_f(b))_{_break;_foo();_}
=== RUN   TestNoUnreachableLoopStaysSilent/for_(let_a_in_f(b))_do_;_while_(a)
=== PAUSE TestNoUnreachableLoopFires/for_(let_a_in_f(b))_{_break;_foo();_}
=== PAUSE TestNoUnreachableLoopStaysSilent/for_(let_a_in_f(b))_do_;_while_(a)
=== RUN   TestNoUnreachableLoopFires/function_someFunc()_{_for_(let_a_in_f(b))_if_(foo)_break;_else_return;_}
=== PAUSE TestNoUnreachableLoopFires/function_someFunc()_{_for_(let_a_in_f(b))_if_(foo)_break;_else_return;_}
=== RUN   TestNoUnreachableLoopStaysSilent/for_(let_a_in_f(b))_for_(a;_b;_c);
=== RUN   TestNoUnreachableLoopFires/function_someFunc()_{_for_(let_a_in_f(b))_{_if_(foo)_{_return;_}_else_{_break;_}_bar();_}_}
=== PAUSE TestNoUnreachableLoopFires/function_someFunc()_{_for_(let_a_in_f(b))_{_if_(foo)_{_return;_}_else_{_break;_}_bar();_}_}
=== PAUSE TestNoUnreachableLoopStaysSilent/for_(let_a_in_f(b))_for_(a;_b;_c);
=== RUN   TestNoUnreachableLoopStaysSilent/for_(let_a_in_f(b))_for_(;_b;);
=== PAUSE TestNoUnreachableLoopStaysSilent/for_(let_a_in_f(b))_for_(;_b;);
=== RUN   TestNoUnreachableLoopStaysSilent/for_(let_a_in_f(b))_for_(;_;_c)_if_(foo)_break;
=== PAUSE TestNoUnreachableLoopStaysSilent/for_(let_a_in_f(b))_for_(;_;_c)_if_(foo)_break;
=== RUN   TestNoUnreachableLoopStaysSilent/for_(let_a_in_f(b))_for_(;;)_if_(foo)_break;
=== PAUSE TestNoUnreachableLoopStaysSilent/for_(let_a_in_f(b))_for_(;;)_if_(foo)_break;
=== RUN   TestNoUnreachableLoopStaysSilent/for_(let_a_in_f(b))_while_(true)_if_(foo)_break;
=== PAUSE TestNoUnreachableLoopStaysSilent/for_(let_a_in_f(b))_while_(true)_if_(foo)_break;
=== RUN   TestNoUnreachableLoopStaysSilent/function_someFunc()_{_for_(let_a_in_f(b))_while_(foo)_if_(bar)_return;_}
=== PAUSE TestNoUnreachableLoopStaysSilent/function_someFunc()_{_for_(let_a_in_f(b))_while_(foo)_if_(bar)_return;_}
=== RUN   TestNoUnreachableLoopStaysSilent/for_(let_a_in_f(b))_for_(a_in_b);
=== PAUSE TestNoUnreachableLoopStaysSilent/for_(let_a_in_f(b))_for_(a_in_b);
=== RUN   TestNoUnreachableLoopStaysSilent/for_(let_a_in_f(b))_for_(a_of_b);
=== RUN   TestNoUnreachableLoopFires/function_someFunc()_{_for_(let_a_in_f(b))_{_if_(foo)_{_return;_}_throw_err;_}_}
=== PAUSE TestNoUnreachableLoopStaysSilent/for_(let_a_in_f(b))_for_(a_of_b);
=== RUN   TestNoUnreachableLoopStaysSilent/for_(a_of_b)_;
=== PAUSE TestNoUnreachableLoopFires/function_someFunc()_{_for_(let_a_in_f(b))_{_if_(foo)_{_return;_}_throw_err;_}_}
=== PAUSE TestNoUnreachableLoopStaysSilent/for_(a_of_b)_;
=== RUN   TestNoUnreachableLoopFires/for_(let_a_in_f(b))_{_switch_(foo)_{_default:_throw_err;_}_}
=== RUN   TestNoUnreachableLoopStaysSilent/for_(a_of_b)_{}
=== PAUSE TestNoUnreachableLoopFires/for_(let_a_in_f(b))_{_switch_(foo)_{_default:_throw_err;_}_}
=== RUN   TestNoUnreachableLoopFires/function_someFunc()_{_for_(let_a_in_f(b))_{_switch_(foo)_{_case_1:_throw_err;_default:_return;_}_}_}
=== PAUSE TestNoUnreachableLoopFires/function_someFunc()_{_for_(let_a_in_f(b))_{_switch_(foo)_{_case_1:_throw_err;_default:_return;_}_}_}
=== RUN   TestNoUnreachableLoopFires/function_someFunc()_{_for_(let_a_in_f(b))_{_switch_(foo)_{_case_1:_something();_default:_return;_}_}_}
=== PAUSE TestNoUnreachableLoopFires/function_someFunc()_{_for_(let_a_in_f(b))_{_switch_(foo)_{_case_1:_something();_default:_return;_}_}_}
=== RUN   TestNoUnreachableLoopFires/function_someFunc()_{_for_(let_a_in_f(b))_{_try_{_return_bar();_}_catch_(e)_{_break;_}_}_}
=== PAUSE TestNoUnreachableLoopFires/function_someFunc()_{_for_(let_a_in_f(b))_{_try_{_return_bar();_}_catch_(e)_{_break;_}_}_}
=== RUN   TestNoUnreachableLoopFires/for_(let_a_in_f(b))_{_break;_continue;_}
=== PAUSE TestNoUnreachableLoopFires/for_(let_a_in_f(b))_{_break;_continue;_}
=== RUN   TestNoUnreachableLoopFires/for_(let_a_in_f(b))_{_()_=>_a;_break;_}
=== PAUSE TestNoUnreachableLoopFires/for_(let_a_in_f(b))_{_()_=>_a;_break;_}
=== RUN   TestNoUnreachableLoopFires/for_(let_a_in_f(b))_{_(()_=>_a)();_break;_}
=== PAUSE TestNoUnreachableLoopFires/for_(let_a_in_f(b))_{_(()_=>_a)();_break;_}
=== RUN   TestNoUnreachableLoopFires/for_(let_a_in_f(b))_{_while_(a);_break;_}
=== PAUSE TestNoUnreachableLoopFires/for_(let_a_in_f(b))_{_while_(a);_break;_}
=== RUN   TestNoUnreachableLoopFires/for_(let_a_in_f(b))_{_do_;_while_(a)_break;_}
=== PAUSE TestNoUnreachableLoopFires/for_(let_a_in_f(b))_{_do_;_while_(a)_break;_}
=== PAUSE TestNoUnreachableLoopStaysSilent/for_(a_of_b)_{}
=== RUN   TestNoUnreachableLoopStaysSilent/for_(a_of_b)_{_bar();_}
=== PAUSE TestNoUnreachableLoopStaysSilent/for_(a_of_b)_{_bar();_}
=== RUN   TestNoUnreachableLoopFires/for_(let_a_in_f(b))_{_for_(a;_b;_c);_break;_}
=== RUN   TestNoUnreachableLoopStaysSilent/for_(a_of_b)_continue;
=== PAUSE TestNoUnreachableLoopFires/for_(let_a_in_f(b))_{_for_(a;_b;_c);_break;_}
=== PAUSE TestNoUnreachableLoopStaysSilent/for_(a_of_b)_continue;
=== RUN   TestNoUnreachableLoopFires/for_(let_a_in_f(b))_{_for_(;_b;);_break;_}
=== PAUSE TestNoUnreachableLoopFires/for_(let_a_in_f(b))_{_for_(;_b;);_break;_}
=== RUN   TestNoUnreachableLoopStaysSilent/for_(a_of_b)_{_continue;_}
=== RUN   TestNoUnreachableLoopFires/for_(let_a_in_f(b))_{_for_(;_;_c)_if_(foo)_break;_break;_}
=== PAUSE TestNoUnreachableLoopStaysSilent/for_(a_of_b)_{_continue;_}
=== PAUSE TestNoUnreachableLoopFires/for_(let_a_in_f(b))_{_for_(;_;_c)_if_(foo)_break;_break;_}
=== RUN   TestNoUnreachableLoopStaysSilent/for_(a_of_b)_{_if_(foo)_break;_}
=== RUN   TestNoUnreachableLoopFires/for_(let_a_in_f(b))_{_for(;;)_if_(foo)_break;_break;_}
=== PAUSE TestNoUnreachableLoopFires/for_(let_a_in_f(b))_{_for(;;)_if_(foo)_break;_break;_}
=== RUN   TestNoUnreachableLoopFires/for_(let_a_in_f(b))_{_for_(a_in_b);_break;_}
=== PAUSE TestNoUnreachableLoopFires/for_(let_a_in_f(b))_{_for_(a_in_b);_break;_}
=== RUN   TestNoUnreachableLoopFires/for_(let_a_in_f(b))_{_for_(a_of_b);_break;_}
=== PAUSE TestNoUnreachableLoopFires/for_(let_a_in_f(b))_{_for_(a_of_b);_break;_}
=== RUN   TestNoUnreachableLoopFires/for_(let_a_in_f(b))_for_(;;);
=== PAUSE TestNoUnreachableLoopFires/for_(let_a_in_f(b))_for_(;;);
=== PAUSE TestNoUnreachableLoopStaysSilent/for_(a_of_b)_{_if_(foo)_break;_}
=== RUN   TestNoUnreachableLoopFires/for_(let_a_in_f(b))_{_for_(var_i_=_0;_;_i<_10)_{_foo();_}_}
=== PAUSE TestNoUnreachableLoopFires/for_(let_a_in_f(b))_{_for_(var_i_=_0;_;_i<_10)_{_foo();_}_}
=== RUN   TestNoUnreachableLoopFires/for_(let_a_in_f(b))_while_(true);
=== PAUSE TestNoUnreachableLoopFires/for_(let_a_in_f(b))_while_(true);
=== RUN   TestNoUnreachableLoopStaysSilent/function_someFunc()_{_for_(a_of_b)_{_if_(foo)_{_return;_}_bar();_}_}
=== RUN   TestNoUnreachableLoopFires/for_(a_of_b)_break;
=== PAUSE TestNoUnreachableLoopStaysSilent/function_someFunc()_{_for_(a_of_b)_{_if_(foo)_{_return;_}_bar();_}_}
=== RUN   TestNoUnreachableLoopStaysSilent/for_(a_of_b)_{_if_(foo)_{_bar();_}_else_{_break;_}_}
=== PAUSE TestNoUnreachableLoopStaysSilent/for_(a_of_b)_{_if_(foo)_{_bar();_}_else_{_break;_}_}
=== RUN   TestNoUnreachableLoopStaysSilent/function_someFunc()_{_for_(a_of_b)_{_if_(foo)_{_continue;_}_return;_}_}
=== PAUSE TestNoUnreachableLoopStaysSilent/function_someFunc()_{_for_(a_of_b)_{_if_(foo)_{_continue;_}_return;_}_}
=== RUN   TestNoUnreachableLoopStaysSilent/function_someFunc()_{_for_(a_of_b)_{_switch_(foo)_{_case_1:_return;_}_}_}
=== PAUSE TestNoUnreachableLoopStaysSilent/function_someFunc()_{_for_(a_of_b)_{_switch_(foo)_{_case_1:_return;_}_}_}
=== RUN   TestNoUnreachableLoopStaysSilent/function_someFunc()_{_for_(a_of_b)_{_switch_(foo)_{_case_1:_break;_default:_return;_}_}_}
=== PAUSE TestNoUnreachableLoopStaysSilent/function_someFunc()_{_for_(a_of_b)_{_switch_(foo)_{_case_1:_break;_default:_return;_}_}_}
=== RUN   TestNoUnreachableLoopStaysSilent/function_someFunc()_{_for_(a_of_b)_{_switch_(foo)_{_case_1:_continue;_default:_return;_}_throw_err;_}_}
=== PAUSE TestNoUnreachableLoopStaysSilent/function_someFunc()_{_for_(a_of_b)_{_switch_(foo)_{_case_1:_continue;_default:_return;_}_throw_err;_}_}
=== RUN   TestNoUnreachableLoopStaysSilent/function_someFunc()_{_for_(a_of_b)_{_try_{_return_bar();_}_catch_(e)_{}_}_}
=== PAUSE TestNoUnreachableLoopStaysSilent/function_someFunc()_{_for_(a_of_b)_{_try_{_return_bar();_}_catch_(e)_{}_}_}
=== RUN   TestNoUnreachableLoopStaysSilent/for_(a_of_b)_{_continue;_break;_}
=== PAUSE TestNoUnreachableLoopFires/for_(a_of_b)_break;
=== RUN   TestNoUnreachableLoopFires/for_(a_of_b)_{_break;_}
=== PAUSE TestNoUnreachableLoopFires/for_(a_of_b)_{_break;_}
=== RUN   TestNoUnreachableLoopFires/function_someFunc()_{_for_(a_of_b)_return;_}
=== PAUSE TestNoUnreachableLoopFires/function_someFunc()_{_for_(a_of_b)_return;_}
=== PAUSE TestNoUnreachableLoopStaysSilent/for_(a_of_b)_{_continue;_break;_}
=== RUN   TestNoUnreachableLoopFires/function_someFunc()_{_for_(a_of_b)_{_return;_}_}
=== PAUSE TestNoUnreachableLoopFires/function_someFunc()_{_for_(a_of_b)_{_return;_}_}
=== RUN   TestNoUnreachableLoopStaysSilent/for_(a_of_b)_()_=>_a;
=== PAUSE TestNoUnreachableLoopStaysSilent/for_(a_of_b)_()_=>_a;
=== RUN   TestNoUnreachableLoopStaysSilent/for_(a_of_b)_{_()_=>_a_}
=== PAUSE TestNoUnreachableLoopStaysSilent/for_(a_of_b)_{_()_=>_a_}
=== RUN   TestNoUnreachableLoopStaysSilent/for_(a_of_b)_(()_=>_a)();
=== PAUSE TestNoUnreachableLoopStaysSilent/for_(a_of_b)_(()_=>_a)();
=== RUN   TestNoUnreachableLoopStaysSilent/for_(a_of_b)_{_(()_=>_a)()_}
=== PAUSE TestNoUnreachableLoopStaysSilent/for_(a_of_b)_{_(()_=>_a)()_}
=== RUN   TestNoUnreachableLoopStaysSilent/for_(a_of_b)_while_(a);
=== PAUSE TestNoUnreachableLoopStaysSilent/for_(a_of_b)_while_(a);
=== RUN   TestNoUnreachableLoopStaysSilent/for_(a_of_b)_do_;_while_(a)
=== PAUSE TestNoUnreachableLoopStaysSilent/for_(a_of_b)_do_;_while_(a)
=== RUN   TestNoUnreachableLoopStaysSilent/for_(a_of_b)_for_(a;_b;_c);
=== PAUSE TestNoUnreachableLoopStaysSilent/for_(a_of_b)_for_(a;_b;_c);
=== RUN   TestNoUnreachableLoopStaysSilent/for_(a_of_b)_for_(;_b;);
=== PAUSE TestNoUnreachableLoopStaysSilent/for_(a_of_b)_for_(;_b;);
=== RUN   TestNoUnreachableLoopStaysSilent/for_(a_of_b)_for_(;_;_c)_if_(foo)_break;
=== PAUSE TestNoUnreachableLoopStaysSilent/for_(a_of_b)_for_(;_;_c)_if_(foo)_break;
=== RUN   TestNoUnreachableLoopStaysSilent/for_(a_of_b)_for_(;;)_if_(foo)_break;
=== PAUSE TestNoUnreachableLoopStaysSilent/for_(a_of_b)_for_(;;)_if_(foo)_break;
=== RUN   TestNoUnreachableLoopStaysSilent/for_(a_of_b)_while_(true)_if_(foo)_break;
=== PAUSE TestNoUnreachableLoopStaysSilent/for_(a_of_b)_while_(true)_if_(foo)_break;
=== RUN   TestNoUnreachableLoopStaysSilent/function_someFunc()_{_for_(a_of_b)_while_(foo)_if_(bar)_return;_}
=== PAUSE TestNoUnreachableLoopStaysSilent/function_someFunc()_{_for_(a_of_b)_while_(foo)_if_(bar)_return;_}
=== RUN   TestNoUnreachableLoopFires/for_(a_of_b)_throw_err;
=== RUN   TestNoUnreachableLoopStaysSilent/for_(a_of_b)_for_(a_in_b);
=== PAUSE TestNoUnreachableLoopFires/for_(a_of_b)_throw_err;
=== PAUSE TestNoUnreachableLoopStaysSilent/for_(a_of_b)_for_(a_in_b);
=== RUN   TestNoUnreachableLoopFires/for_(a_of_b)_{_throw_err;_}
=== RUN   TestNoUnreachableLoopStaysSilent/for_(a_of_b)_for_(a_of_b);
=== PAUSE TestNoUnreachableLoopStaysSilent/for_(a_of_b)_for_(a_of_b);
=== RUN   TestNoUnreachableLoopStaysSilent/for_(a_of_f(b))_;
=== PAUSE TestNoUnreachableLoopStaysSilent/for_(a_of_f(b))_;
=== RUN   TestNoUnreachableLoopStaysSilent/for_(a_of_f(b))_{}
=== PAUSE TestNoUnreachableLoopStaysSilent/for_(a_of_f(b))_{}
=== RUN   TestNoUnreachableLoopStaysSilent/for_(a_of_f(b))_{_bar();_}
=== PAUSE TestNoUnreachableLoopStaysSilent/for_(a_of_f(b))_{_bar();_}
=== RUN   TestNoUnreachableLoopStaysSilent/for_(a_of_f(b))_continue;
=== PAUSE TestNoUnreachableLoopStaysSilent/for_(a_of_f(b))_continue;
=== PAUSE TestNoUnreachableLoopFires/for_(a_of_b)_{_throw_err;_}
=== RUN   TestNoUnreachableLoopStaysSilent/for_(a_of_f(b))_{_continue;_}
=== PAUSE TestNoUnreachableLoopStaysSilent/for_(a_of_f(b))_{_continue;_}
=== RUN   TestNoUnreachableLoopStaysSilent/for_(a_of_f(b))_{_if_(foo)_break;_}
=== PAUSE TestNoUnreachableLoopStaysSilent/for_(a_of_f(b))_{_if_(foo)_break;_}
=== RUN   TestNoUnreachableLoopStaysSilent/function_someFunc()_{_for_(a_of_f(b))_{_if_(foo)_{_return;_}_bar();_}_}
=== PAUSE TestNoUnreachableLoopStaysSilent/function_someFunc()_{_for_(a_of_f(b))_{_if_(foo)_{_return;_}_bar();_}_}
=== RUN   TestNoUnreachableLoopStaysSilent/for_(a_of_f(b))_{_if_(foo)_{_bar();_}_else_{_break;_}_}
=== PAUSE TestNoUnreachableLoopStaysSilent/for_(a_of_f(b))_{_if_(foo)_{_bar();_}_else_{_break;_}_}
=== RUN   TestNoUnreachableLoopFires/for_(a_of_b)_{_foo();_break;_}
=== RUN   TestNoUnreachableLoopStaysSilent/function_someFunc()_{_for_(a_of_f(b))_{_if_(foo)_{_continue;_}_return;_}_}
=== PAUSE TestNoUnreachableLoopStaysSilent/function_someFunc()_{_for_(a_of_f(b))_{_if_(foo)_{_continue;_}_return;_}_}
=== RUN   TestNoUnreachableLoopStaysSilent/function_someFunc()_{_for_(a_of_f(b))_{_switch_(foo)_{_case_1:_return;_}_}_}
=== PAUSE TestNoUnreachableLoopStaysSilent/function_someFunc()_{_for_(a_of_f(b))_{_switch_(foo)_{_case_1:_return;_}_}_}
=== PAUSE TestNoUnreachableLoopFires/for_(a_of_b)_{_foo();_break;_}
=== RUN   TestNoUnreachableLoopStaysSilent/function_someFunc()_{_for_(a_of_f(b))_{_switch_(foo)_{_case_1:_break;_default:_return;_}_}_}
=== RUN   TestNoUnreachableLoopFires/for_(a_of_b)_{_break;_foo();_}
=== PAUSE TestNoUnreachableLoopStaysSilent/function_someFunc()_{_for_(a_of_f(b))_{_switch_(foo)_{_case_1:_break;_default:_return;_}_}_}
=== RUN   TestNoUnreachableLoopStaysSilent/function_someFunc()_{_for_(a_of_f(b))_{_switch_(foo)_{_case_1:_continue;_default:_return;_}_throw_err;_}_}
=== PAUSE TestNoUnreachableLoopStaysSilent/function_someFunc()_{_for_(a_of_f(b))_{_switch_(foo)_{_case_1:_continue;_default:_return;_}_throw_err;_}_}
=== RUN   TestNoUnreachableLoopStaysSilent/function_someFunc()_{_for_(a_of_f(b))_{_try_{_return_bar();_}_catch_(e)_{}_}_}
=== PAUSE TestNoUnreachableLoopStaysSilent/function_someFunc()_{_for_(a_of_f(b))_{_try_{_return_bar();_}_catch_(e)_{}_}_}
=== PAUSE TestNoUnreachableLoopFires/for_(a_of_b)_{_break;_foo();_}
=== RUN   TestNoUnreachableLoopFires/function_someFunc()_{_for_(a_of_b)_if_(foo)_break;_else_return;_}
=== RUN   TestNoUnreachableLoopStaysSilent/for_(a_of_f(b))_{_continue;_break;_}
=== PAUSE TestNoUnreachableLoopFires/function_someFunc()_{_for_(a_of_b)_if_(foo)_break;_else_return;_}
=== RUN   TestNoUnreachableLoopFires/function_someFunc()_{_for_(a_of_b)_{_if_(foo)_{_return;_}_else_{_break;_}_bar();_}_}
=== PAUSE TestNoUnreachableLoopFires/function_someFunc()_{_for_(a_of_b)_{_if_(foo)_{_return;_}_else_{_break;_}_bar();_}_}
=== RUN   TestNoUnreachableLoopFires/function_someFunc()_{_for_(a_of_b)_{_if_(foo)_{_return;_}_throw_err;_}_}
=== PAUSE TestNoUnreachableLoopFires/function_someFunc()_{_for_(a_of_b)_{_if_(foo)_{_return;_}_throw_err;_}_}
=== RUN   TestNoUnreachableLoopFires/for_(a_of_b)_{_switch_(foo)_{_default:_throw_err;_}_}
=== PAUSE TestNoUnreachableLoopFires/for_(a_of_b)_{_switch_(foo)_{_default:_throw_err;_}_}
=== RUN   TestNoUnreachableLoopFires/function_someFunc()_{_for_(a_of_b)_{_switch_(foo)_{_case_1:_throw_err;_default:_return;_}_}_}
=== PAUSE TestNoUnreachableLoopFires/function_someFunc()_{_for_(a_of_b)_{_switch_(foo)_{_case_1:_throw_err;_default:_return;_}_}_}
=== RUN   TestNoUnreachableLoopFires/function_someFunc()_{_for_(a_of_b)_{_switch_(foo)_{_case_1:_something();_default:_return;_}_}_}
=== PAUSE TestNoUnreachableLoopFires/function_someFunc()_{_for_(a_of_b)_{_switch_(foo)_{_case_1:_something();_default:_return;_}_}_}
=== PAUSE TestNoUnreachableLoopStaysSilent/for_(a_of_f(b))_{_continue;_break;_}
=== RUN   TestNoUnreachableLoopFires/function_someFunc()_{_for_(a_of_b)_{_try_{_return_bar();_}_catch_(e)_{_break;_}_}_}
=== PAUSE TestNoUnreachableLoopFires/function_someFunc()_{_for_(a_of_b)_{_try_{_return_bar();_}_catch_(e)_{_break;_}_}_}
=== RUN   TestNoUnreachableLoopStaysSilent/for_(a_of_f(b))_()_=>_a;
=== RUN   TestNoUnreachableLoopFires/for_(a_of_b)_{_break;_continue;_}
=== PAUSE TestNoUnreachableLoopFires/for_(a_of_b)_{_break;_continue;_}
=== RUN   TestNoUnreachableLoopFires/for_(a_of_b)_{_()_=>_a;_break;_}
=== PAUSE TestNoUnreachableLoopStaysSilent/for_(a_of_f(b))_()_=>_a;
=== PAUSE TestNoUnreachableLoopFires/for_(a_of_b)_{_()_=>_a;_break;_}
=== RUN   TestNoUnreachableLoopFires/for_(a_of_b)_{_(()_=>_a)();_break;_}
=== PAUSE TestNoUnreachableLoopFires/for_(a_of_b)_{_(()_=>_a)();_break;_}
=== RUN   TestNoUnreachableLoopFires/for_(a_of_b)_{_while_(a);_break;_}
=== PAUSE TestNoUnreachableLoopFires/for_(a_of_b)_{_while_(a);_break;_}
=== RUN   TestNoUnreachableLoopFires/for_(a_of_b)_{_do_;_while_(a)_break;_}
=== PAUSE TestNoUnreachableLoopFires/for_(a_of_b)_{_do_;_while_(a)_break;_}
=== RUN   TestNoUnreachableLoopFires/for_(a_of_b)_{_for_(a;_b;_c);_break;_}
=== RUN   TestNoUnreachableLoopStaysSilent/for_(a_of_f(b))_{_()_=>_a_}
=== PAUSE TestNoUnreachableLoopFires/for_(a_of_b)_{_for_(a;_b;_c);_break;_}
=== PAUSE TestNoUnreachableLoopStaysSilent/for_(a_of_f(b))_{_()_=>_a_}
=== RUN   TestNoUnreachableLoopStaysSilent/for_(a_of_f(b))_(()_=>_a)();
=== PAUSE TestNoUnreachableLoopStaysSilent/for_(a_of_f(b))_(()_=>_a)();
=== RUN   TestNoUnreachableLoopStaysSilent/for_(a_of_f(b))_{_(()_=>_a)()_}
=== RUN   TestNoUnreachableLoopFires/for_(a_of_b)_{_for_(;_b;);_break;_}
=== PAUSE TestNoUnreachableLoopStaysSilent/for_(a_of_f(b))_{_(()_=>_a)()_}
=== PAUSE TestNoUnreachableLoopFires/for_(a_of_b)_{_for_(;_b;);_break;_}
=== RUN   TestNoUnreachableLoopFires/for_(a_of_b)_{_for_(;_;_c)_if_(foo)_break;_break;_}
=== PAUSE TestNoUnreachableLoopFires/for_(a_of_b)_{_for_(;_;_c)_if_(foo)_break;_break;_}
=== RUN   TestNoUnreachableLoopFires/for_(a_of_b)_{_for(;;)_if_(foo)_break;_break;_}
=== PAUSE TestNoUnreachableLoopFires/for_(a_of_b)_{_for(;;)_if_(foo)_break;_break;_}
=== RUN   TestNoUnreachableLoopFires/for_(a_of_b)_{_for_(a_in_b);_break;_}
=== PAUSE TestNoUnreachableLoopFires/for_(a_of_b)_{_for_(a_in_b);_break;_}
=== RUN   TestNoUnreachableLoopFires/for_(a_of_b)_{_for_(a_of_b);_break;_}
=== PAUSE TestNoUnreachableLoopFires/for_(a_of_b)_{_for_(a_of_b);_break;_}
=== RUN   TestNoUnreachableLoopFires/for_(a_of_b)_for_(;;);
=== PAUSE TestNoUnreachableLoopFires/for_(a_of_b)_for_(;;);
=== RUN   TestNoUnreachableLoopFires/for_(a_of_b)_{_for_(var_i_=_0;_;_i<_10)_{_foo();_}_}
=== PAUSE TestNoUnreachableLoopFires/for_(a_of_b)_{_for_(var_i_=_0;_;_i<_10)_{_foo();_}_}
=== RUN   TestNoUnreachableLoopStaysSilent/for_(a_of_f(b))_while_(a);
=== RUN   TestNoUnreachableLoopFires/for_(a_of_b)_while_(true);
=== PAUSE TestNoUnreachableLoopStaysSilent/for_(a_of_f(b))_while_(a);
=== RUN   TestNoUnreachableLoopStaysSilent/for_(a_of_f(b))_do_;_while_(a)
=== PAUSE TestNoUnreachableLoopStaysSilent/for_(a_of_f(b))_do_;_while_(a)
=== PAUSE TestNoUnreachableLoopFires/for_(a_of_b)_while_(true);
=== RUN   TestNoUnreachableLoopFires/for_(a_of_f(b))_break;
=== RUN   TestNoUnreachableLoopStaysSilent/for_(a_of_f(b))_for_(a;_b;_c);
=== PAUSE TestNoUnreachableLoopFires/for_(a_of_f(b))_break;
=== PAUSE TestNoUnreachableLoopStaysSilent/for_(a_of_f(b))_for_(a;_b;_c);
=== RUN   TestNoUnreachableLoopStaysSilent/for_(a_of_f(b))_for_(;_b;);
=== PAUSE TestNoUnreachableLoopStaysSilent/for_(a_of_f(b))_for_(;_b;);
=== RUN   TestNoUnreachableLoopFires/for_(a_of_f(b))_{_break;_}
=== RUN   TestNoUnreachableLoopStaysSilent/for_(a_of_f(b))_for_(;_;_c)_if_(foo)_break;
=== PAUSE TestNoUnreachableLoopStaysSilent/for_(a_of_f(b))_for_(;_;_c)_if_(foo)_break;
=== PAUSE TestNoUnreachableLoopFires/for_(a_of_f(b))_{_break;_}
=== RUN   TestNoUnreachableLoopFires/function_someFunc()_{_for_(a_of_f(b))_return;_}
=== PAUSE TestNoUnreachableLoopFires/function_someFunc()_{_for_(a_of_f(b))_return;_}
=== RUN   TestNoUnreachableLoopStaysSilent/for_(a_of_f(b))_for_(;;)_if_(foo)_break;
=== PAUSE TestNoUnreachableLoopStaysSilent/for_(a_of_f(b))_for_(;;)_if_(foo)_break;
=== RUN   TestNoUnreachableLoopFires/function_someFunc()_{_for_(a_of_f(b))_{_return;_}_}
=== PAUSE TestNoUnreachableLoopFires/function_someFunc()_{_for_(a_of_f(b))_{_return;_}_}
=== RUN   TestNoUnreachableLoopStaysSilent/for_(a_of_f(b))_while_(true)_if_(foo)_break;
=== PAUSE TestNoUnreachableLoopStaysSilent/for_(a_of_f(b))_while_(true)_if_(foo)_break;
=== RUN   TestNoUnreachableLoopStaysSilent/function_someFunc()_{_for_(a_of_f(b))_while_(foo)_if_(bar)_return;_}
=== PAUSE TestNoUnreachableLoopStaysSilent/function_someFunc()_{_for_(a_of_f(b))_while_(foo)_if_(bar)_return;_}
=== RUN   TestNoUnreachableLoopStaysSilent/for_(a_of_f(b))_for_(a_in_b);
=== PAUSE TestNoUnreachableLoopStaysSilent/for_(a_of_f(b))_for_(a_in_b);
=== RUN   TestNoUnreachableLoopStaysSilent/for_(a_of_f(b))_for_(a_of_b);
=== PAUSE TestNoUnreachableLoopStaysSilent/for_(a_of_f(b))_for_(a_of_b);
=== RUN   TestNoUnreachableLoopStaysSilent/for_({_a,_b_}_of_c)_;
=== PAUSE TestNoUnreachableLoopStaysSilent/for_({_a,_b_}_of_c)_;
=== RUN   TestNoUnreachableLoopStaysSilent/for_({_a,_b_}_of_c)_{}
=== RUN   TestNoUnreachableLoopFires/for_(a_of_f(b))_throw_err;
=== PAUSE TestNoUnreachableLoopStaysSilent/for_({_a,_b_}_of_c)_{}
=== PAUSE TestNoUnreachableLoopFires/for_(a_of_f(b))_throw_err;
=== RUN   TestNoUnreachableLoopFires/for_(a_of_f(b))_{_throw_err;_}
=== RUN   TestNoUnreachableLoopStaysSilent/for_({_a,_b_}_of_c)_{_bar();_}
=== PAUSE TestNoUnreachableLoopStaysSilent/for_({_a,_b_}_of_c)_{_bar();_}
=== PAUSE TestNoUnreachableLoopFires/for_(a_of_f(b))_{_throw_err;_}
=== RUN   TestNoUnreachableLoopStaysSilent/for_({_a,_b_}_of_c)_continue;
=== RUN   TestNoUnreachableLoopFires/for_(a_of_f(b))_{_foo();_break;_}
=== PAUSE TestNoUnreachableLoopStaysSilent/for_({_a,_b_}_of_c)_continue;
=== PAUSE TestNoUnreachableLoopFires/for_(a_of_f(b))_{_foo();_break;_}
=== RUN   TestNoUnreachableLoopStaysSilent/for_({_a,_b_}_of_c)_{_continue;_}
=== PAUSE TestNoUnreachableLoopStaysSilent/for_({_a,_b_}_of_c)_{_continue;_}
=== RUN   TestNoUnreachableLoopFires/for_(a_of_f(b))_{_break;_foo();_}
=== RUN   TestNoUnreachableLoopStaysSilent/for_({_a,_b_}_of_c)_{_if_(foo)_break;_}
=== PAUSE TestNoUnreachableLoopFires/for_(a_of_f(b))_{_break;_foo();_}
=== RUN   TestNoUnreachableLoopFires/function_someFunc()_{_for_(a_of_f(b))_if_(foo)_break;_else_return;_}
=== PAUSE TestNoUnreachableLoopFires/function_someFunc()_{_for_(a_of_f(b))_if_(foo)_break;_else_return;_}
=== RUN   TestNoUnreachableLoopFires/function_someFunc()_{_for_(a_of_f(b))_{_if_(foo)_{_return;_}_else_{_break;_}_bar();_}_}
=== PAUSE TestNoUnreachableLoopFires/function_someFunc()_{_for_(a_of_f(b))_{_if_(foo)_{_return;_}_else_{_break;_}_bar();_}_}
=== PAUSE TestNoUnreachableLoopStaysSilent/for_({_a,_b_}_of_c)_{_if_(foo)_break;_}
=== RUN   TestNoUnreachableLoopFires/function_someFunc()_{_for_(a_of_f(b))_{_if_(foo)_{_return;_}_throw_err;_}_}
=== RUN   TestNoUnreachableLoopStaysSilent/function_someFunc()_{_for_({_a,_b_}_of_c)_{_if_(foo)_{_return;_}_bar();_}_}
=== PAUSE TestNoUnreachableLoopStaysSilent/function_someFunc()_{_for_({_a,_b_}_of_c)_{_if_(foo)_{_return;_}_bar();_}_}
=== PAUSE TestNoUnreachableLoopFires/function_someFunc()_{_for_(a_of_f(b))_{_if_(foo)_{_return;_}_throw_err;_}_}
=== RUN   TestNoUnreachableLoopFires/for_(a_of_f(b))_{_switch_(foo)_{_default:_throw_err;_}_}
=== RUN   TestNoUnreachableLoopStaysSilent/for_({_a,_b_}_of_c)_{_if_(foo)_{_bar();_}_else_{_break;_}_}
=== PAUSE TestNoUnreachableLoopStaysSilent/for_({_a,_b_}_of_c)_{_if_(foo)_{_bar();_}_else_{_break;_}_}
=== PAUSE TestNoUnreachableLoopFires/for_(a_of_f(b))_{_switch_(foo)_{_default:_throw_err;_}_}
=== RUN   TestNoUnreachableLoopFires/function_someFunc()_{_for_(a_of_f(b))_{_switch_(foo)_{_case_1:_throw_err;_default:_return;_}_}_}
=== RUN   TestNoUnreachableLoopStaysSilent/function_someFunc()_{_for_({_a,_b_}_of_c)_{_if_(foo)_{_continue;_}_return;_}_}
=== PAUSE TestNoUnreachableLoopStaysSilent/function_someFunc()_{_for_({_a,_b_}_of_c)_{_if_(foo)_{_continue;_}_return;_}_}
=== RUN   TestNoUnreachableLoopStaysSilent/function_someFunc()_{_for_({_a,_b_}_of_c)_{_switch_(foo)_{_case_1:_return;_}_}_}
=== PAUSE TestNoUnreachableLoopFires/function_someFunc()_{_for_(a_of_f(b))_{_switch_(foo)_{_case_1:_throw_err;_default:_return;_}_}_}
=== PAUSE TestNoUnreachableLoopStaysSilent/function_someFunc()_{_for_({_a,_b_}_of_c)_{_switch_(foo)_{_case_1:_return;_}_}_}
=== RUN   TestNoUnreachableLoopStaysSilent/function_someFunc()_{_for_({_a,_b_}_of_c)_{_switch_(foo)_{_case_1:_break;_default:_return;_}_}_}
=== PAUSE TestNoUnreachableLoopStaysSilent/function_someFunc()_{_for_({_a,_b_}_of_c)_{_switch_(foo)_{_case_1:_break;_default:_return;_}_}_}
=== RUN   TestNoUnreachableLoopFires/function_someFunc()_{_for_(a_of_f(b))_{_switch_(foo)_{_case_1:_something();_default:_return;_}_}_}
=== PAUSE TestNoUnreachableLoopFires/function_someFunc()_{_for_(a_of_f(b))_{_switch_(foo)_{_case_1:_something();_default:_return;_}_}_}
=== RUN   TestNoUnreachableLoopFires/function_someFunc()_{_for_(a_of_f(b))_{_try_{_return_bar();_}_catch_(e)_{_break;_}_}_}
=== RUN   TestNoUnreachableLoopStaysSilent/function_someFunc()_{_for_({_a,_b_}_of_c)_{_switch_(foo)_{_case_1:_continue;_default:_return;_}_throw_err;_}_}
=== PAUSE TestNoUnreachableLoopFires/function_someFunc()_{_for_(a_of_f(b))_{_try_{_return_bar();_}_catch_(e)_{_break;_}_}_}
=== PAUSE TestNoUnreachableLoopStaysSilent/function_someFunc()_{_for_({_a,_b_}_of_c)_{_switch_(foo)_{_case_1:_continue;_default:_return;_}_throw_err;_}_}
=== RUN   TestNoUnreachableLoopFires/for_(a_of_f(b))_{_break;_continue;_}
=== RUN   TestNoUnreachableLoopStaysSilent/function_someFunc()_{_for_({_a,_b_}_of_c)_{_try_{_return_bar();_}_catch_(e)_{}_}_}
=== PAUSE TestNoUnreachableLoopFires/for_(a_of_f(b))_{_break;_continue;_}
=== RUN   TestNoUnreachableLoopFires/for_(a_of_f(b))_{_()_=>_a;_break;_}
=== PAUSE TestNoUnreachableLoopFires/for_(a_of_f(b))_{_()_=>_a;_break;_}
=== RUN   TestNoUnreachableLoopFires/for_(a_of_f(b))_{_(()_=>_a)();_break;_}
=== PAUSE TestNoUnreachableLoopStaysSilent/function_someFunc()_{_for_({_a,_b_}_of_c)_{_try_{_return_bar();_}_catch_(e)_{}_}_}
=== PAUSE TestNoUnreachableLoopFires/for_(a_of_f(b))_{_(()_=>_a)();_break;_}
=== RUN   TestNoUnreachableLoopStaysSilent/for_({_a,_b_}_of_c)_{_continue;_break;_}
=== PAUSE TestNoUnreachableLoopStaysSilent/for_({_a,_b_}_of_c)_{_continue;_break;_}
=== RUN   TestNoUnreachableLoopFires/for_(a_of_f(b))_{_while_(a);_break;_}
=== PAUSE TestNoUnreachableLoopFires/for_(a_of_f(b))_{_while_(a);_break;_}
=== RUN   TestNoUnreachableLoopFires/for_(a_of_f(b))_{_do_;_while_(a)_break;_}
=== RUN   TestNoUnreachableLoopStaysSilent/for_({_a,_b_}_of_c)_()_=>_a;
=== PAUSE TestNoUnreachableLoopStaysSilent/for_({_a,_b_}_of_c)_()_=>_a;
=== RUN   TestNoUnreachableLoopStaysSilent/for_({_a,_b_}_of_c)_{_()_=>_a_}
=== PAUSE TestNoUnreachableLoopFires/for_(a_of_f(b))_{_do_;_while_(a)_break;_}
=== RUN   TestNoUnreachableLoopFires/for_(a_of_f(b))_{_for_(a;_b;_c);_break;_}
=== PAUSE TestNoUnreachableLoopFires/for_(a_of_f(b))_{_for_(a;_b;_c);_break;_}
=== RUN   TestNoUnreachableLoopFires/for_(a_of_f(b))_{_for_(;_b;);_break;_}
=== PAUSE TestNoUnreachableLoopFires/for_(a_of_f(b))_{_for_(;_b;);_break;_}
=== PAUSE TestNoUnreachableLoopStaysSilent/for_({_a,_b_}_of_c)_{_()_=>_a_}
=== RUN   TestNoUnreachableLoopFires/for_(a_of_f(b))_{_for_(;_;_c)_if_(foo)_break;_break;_}
=== PAUSE TestNoUnreachableLoopFires/for_(a_of_f(b))_{_for_(;_;_c)_if_(foo)_break;_break;_}
=== RUN   TestNoUnreachableLoopFires/for_(a_of_f(b))_{_for(;;)_if_(foo)_break;_break;_}
=== RUN   TestNoUnreachableLoopStaysSilent/for_({_a,_b_}_of_c)_(()_=>_a)();
=== PAUSE TestNoUnreachableLoopFires/for_(a_of_f(b))_{_for(;;)_if_(foo)_break;_break;_}
=== RUN   TestNoUnreachableLoopFires/for_(a_of_f(b))_{_for_(a_in_b);_break;_}
=== PAUSE TestNoUnreachableLoopStaysSilent/for_({_a,_b_}_of_c)_(()_=>_a)();
=== RUN   TestNoUnreachableLoopStaysSilent/for_({_a,_b_}_of_c)_{_(()_=>_a)()_}
=== PAUSE TestNoUnreachableLoopStaysSilent/for_({_a,_b_}_of_c)_{_(()_=>_a)()_}
=== PAUSE TestNoUnreachableLoopFires/for_(a_of_f(b))_{_for_(a_in_b);_break;_}
=== RUN   TestNoUnreachableLoopStaysSilent/for_({_a,_b_}_of_c)_while_(a);
=== PAUSE TestNoUnreachableLoopStaysSilent/for_({_a,_b_}_of_c)_while_(a);
=== RUN   TestNoUnreachableLoopFires/for_(a_of_f(b))_{_for_(a_of_b);_break;_}
=== PAUSE TestNoUnreachableLoopFires/for_(a_of_f(b))_{_for_(a_of_b);_break;_}
=== RUN   TestNoUnreachableLoopFires/for_(a_of_f(b))_for_(;;);
=== PAUSE TestNoUnreachableLoopFires/for_(a_of_f(b))_for_(;;);
=== RUN   TestNoUnreachableLoopFires/for_(a_of_f(b))_{_for_(var_i_=_0;_;_i<_10)_{_foo();_}_}
=== PAUSE TestNoUnreachableLoopFires/for_(a_of_f(b))_{_for_(var_i_=_0;_;_i<_10)_{_foo();_}_}
=== RUN   TestNoUnreachableLoopFires/for_(a_of_f(b))_while_(true);
=== RUN   TestNoUnreachableLoopStaysSilent/for_({_a,_b_}_of_c)_do_;_while_(a)
=== PAUSE TestNoUnreachableLoopFires/for_(a_of_f(b))_while_(true);
=== PAUSE TestNoUnreachableLoopStaysSilent/for_({_a,_b_}_of_c)_do_;_while_(a)
=== RUN   TestNoUnreachableLoopStaysSilent/for_({_a,_b_}_of_c)_for_(a;_b;_c);
=== PAUSE TestNoUnreachableLoopStaysSilent/for_({_a,_b_}_of_c)_for_(a;_b;_c);
=== RUN   TestNoUnreachableLoopStaysSilent/for_({_a,_b_}_of_c)_for_(;_b;);
=== PAUSE TestNoUnreachableLoopStaysSilent/for_({_a,_b_}_of_c)_for_(;_b;);
=== RUN   TestNoUnreachableLoopFires/for_({_a,_b_}_of_c)_break;
=== RUN   TestNoUnreachableLoopStaysSilent/for_({_a,_b_}_of_c)_for_(;_;_c)_if_(foo)_break;
=== PAUSE TestNoUnreachableLoopStaysSilent/for_({_a,_b_}_of_c)_for_(;_;_c)_if_(foo)_break;
=== RUN   TestNoUnreachableLoopStaysSilent/for_({_a,_b_}_of_c)_for_(;;)_if_(foo)_break;
=== PAUSE TestNoUnreachableLoopStaysSilent/for_({_a,_b_}_of_c)_for_(;;)_if_(foo)_break;
=== RUN   TestNoUnreachableLoopStaysSilent/for_({_a,_b_}_of_c)_while_(true)_if_(foo)_break;
=== PAUSE TestNoUnreachableLoopStaysSilent/for_({_a,_b_}_of_c)_while_(true)_if_(foo)_break;
=== RUN   TestNoUnreachableLoopStaysSilent/function_someFunc()_{_for_({_a,_b_}_of_c)_while_(foo)_if_(bar)_return;_}
=== PAUSE TestNoUnreachableLoopStaysSilent/function_someFunc()_{_for_({_a,_b_}_of_c)_while_(foo)_if_(bar)_return;_}
=== RUN   TestNoUnreachableLoopStaysSilent/for_({_a,_b_}_of_c)_for_(a_in_b);
=== PAUSE TestNoUnreachableLoopStaysSilent/for_({_a,_b_}_of_c)_for_(a_in_b);
=== RUN   TestNoUnreachableLoopStaysSilent/for_({_a,_b_}_of_c)_for_(a_of_b);
=== PAUSE TestNoUnreachableLoopStaysSilent/for_({_a,_b_}_of_c)_for_(a_of_b);
=== RUN   TestNoUnreachableLoopStaysSilent/for_(var_a_of_f(b))_;
=== PAUSE TestNoUnreachableLoopStaysSilent/for_(var_a_of_f(b))_;
=== RUN   TestNoUnreachableLoopStaysSilent/for_(var_a_of_f(b))_{}
=== PAUSE TestNoUnreachableLoopStaysSilent/for_(var_a_of_f(b))_{}
=== RUN   TestNoUnreachableLoopStaysSilent/for_(var_a_of_f(b))_{_bar();_}
=== PAUSE TestNoUnreachableLoopStaysSilent/for_(var_a_of_f(b))_{_bar();_}
=== RUN   TestNoUnreachableLoopStaysSilent/for_(var_a_of_f(b))_continue;
=== PAUSE TestNoUnreachableLoopStaysSilent/for_(var_a_of_f(b))_continue;
=== PAUSE TestNoUnreachableLoopFires/for_({_a,_b_}_of_c)_break;
=== RUN   TestNoUnreachableLoopFires/for_({_a,_b_}_of_c)_{_break;_}
=== RUN   TestNoUnreachableLoopStaysSilent/for_(var_a_of_f(b))_{_continue;_}
=== PAUSE TestNoUnreachableLoopStaysSilent/for_(var_a_of_f(b))_{_continue;_}
=== PAUSE TestNoUnreachableLoopFires/for_({_a,_b_}_of_c)_{_break;_}
=== RUN   TestNoUnreachableLoopStaysSilent/for_(var_a_of_f(b))_{_if_(foo)_break;_}
=== PAUSE TestNoUnreachableLoopStaysSilent/for_(var_a_of_f(b))_{_if_(foo)_break;_}
=== RUN   TestNoUnreachableLoopFires/function_someFunc()_{_for_({_a,_b_}_of_c)_return;_}
=== RUN   TestNoUnreachableLoopStaysSilent/function_someFunc()_{_for_(var_a_of_f(b))_{_if_(foo)_{_return;_}_bar();_}_}
=== PAUSE TestNoUnreachableLoopFires/function_someFunc()_{_for_({_a,_b_}_of_c)_return;_}
=== RUN   TestNoUnreachableLoopFires/function_someFunc()_{_for_({_a,_b_}_of_c)_{_return;_}_}
=== PAUSE TestNoUnreachableLoopFires/function_someFunc()_{_for_({_a,_b_}_of_c)_{_return;_}_}
=== RUN   TestNoUnreachableLoopFires/for_({_a,_b_}_of_c)_throw_err;
=== PAUSE TestNoUnreachableLoopFires/for_({_a,_b_}_of_c)_throw_err;
=== RUN   TestNoUnreachableLoopFires/for_({_a,_b_}_of_c)_{_throw_err;_}
=== PAUSE TestNoUnreachableLoopFires/for_({_a,_b_}_of_c)_{_throw_err;_}
=== RUN   TestNoUnreachableLoopFires/for_({_a,_b_}_of_c)_{_foo();_break;_}
=== PAUSE TestNoUnreachableLoopFires/for_({_a,_b_}_of_c)_{_foo();_break;_}
=== RUN   TestNoUnreachableLoopFires/for_({_a,_b_}_of_c)_{_break;_foo();_}
=== PAUSE TestNoUnreachableLoopFires/for_({_a,_b_}_of_c)_{_break;_foo();_}
=== PAUSE TestNoUnreachableLoopStaysSilent/function_someFunc()_{_for_(var_a_of_f(b))_{_if_(foo)_{_return;_}_bar();_}_}
=== RUN   TestNoUnreachableLoopFires/function_someFunc()_{_for_({_a,_b_}_of_c)_if_(foo)_break;_else_return;_}
=== PAUSE TestNoUnreachableLoopFires/function_someFunc()_{_for_({_a,_b_}_of_c)_if_(foo)_break;_else_return;_}
=== RUN   TestNoUnreachableLoopStaysSilent/for_(var_a_of_f(b))_{_if_(foo)_{_bar();_}_else_{_break;_}_}
=== RUN   TestNoUnreachableLoopFires/function_someFunc()_{_for_({_a,_b_}_of_c)_{_if_(foo)_{_return;_}_else_{_break;_}_bar();_}_}
=== PAUSE TestNoUnreachableLoopFires/function_someFunc()_{_for_({_a,_b_}_of_c)_{_if_(foo)_{_return;_}_else_{_break;_}_bar();_}_}
=== RUN   TestNoUnreachableLoopFires/function_someFunc()_{_for_({_a,_b_}_of_c)_{_if_(foo)_{_return;_}_throw_err;_}_}
=== PAUSE TestNoUnreachableLoopFires/function_someFunc()_{_for_({_a,_b_}_of_c)_{_if_(foo)_{_return;_}_throw_err;_}_}
=== RUN   TestNoUnreachableLoopFires/for_({_a,_b_}_of_c)_{_switch_(foo)_{_default:_throw_err;_}_}
=== PAUSE TestNoUnreachableLoopFires/for_({_a,_b_}_of_c)_{_switch_(foo)_{_default:_throw_err;_}_}
=== RUN   TestNoUnreachableLoopFires/function_someFunc()_{_for_({_a,_b_}_of_c)_{_switch_(foo)_{_case_1:_throw_err;_default:_return;_}_}_}
=== PAUSE TestNoUnreachableLoopFires/function_someFunc()_{_for_({_a,_b_}_of_c)_{_switch_(foo)_{_case_1:_throw_err;_default:_return;_}_}_}
=== RUN   TestNoUnreachableLoopFires/function_someFunc()_{_for_({_a,_b_}_of_c)_{_switch_(foo)_{_case_1:_something();_default:_return;_}_}_}
=== PAUSE TestNoUnreachableLoopFires/function_someFunc()_{_for_({_a,_b_}_of_c)_{_switch_(foo)_{_case_1:_something();_default:_return;_}_}_}
=== RUN   TestNoUnreachableLoopFires/function_someFunc()_{_for_({_a,_b_}_of_c)_{_try_{_return_bar();_}_catch_(e)_{_break;_}_}_}
=== PAUSE TestNoUnreachableLoopFires/function_someFunc()_{_for_({_a,_b_}_of_c)_{_try_{_return_bar();_}_catch_(e)_{_break;_}_}_}
=== RUN   TestNoUnreachableLoopFires/for_({_a,_b_}_of_c)_{_break;_continue;_}
=== PAUSE TestNoUnreachableLoopFires/for_({_a,_b_}_of_c)_{_break;_continue;_}
=== RUN   TestNoUnreachableLoopFires/for_({_a,_b_}_of_c)_{_()_=>_a;_break;_}
=== PAUSE TestNoUnreachableLoopFires/for_({_a,_b_}_of_c)_{_()_=>_a;_break;_}
=== RUN   TestNoUnreachableLoopFires/for_({_a,_b_}_of_c)_{_(()_=>_a)();_break;_}
=== PAUSE TestNoUnreachableLoopFires/for_({_a,_b_}_of_c)_{_(()_=>_a)();_break;_}
=== PAUSE TestNoUnreachableLoopStaysSilent/for_(var_a_of_f(b))_{_if_(foo)_{_bar();_}_else_{_break;_}_}
=== RUN   TestNoUnreachableLoopStaysSilent/function_someFunc()_{_for_(var_a_of_f(b))_{_if_(foo)_{_continue;_}_return;_}_}
=== RUN   TestNoUnreachableLoopFires/for_({_a,_b_}_of_c)_{_while_(a);_break;_}
=== PAUSE TestNoUnreachableLoopFires/for_({_a,_b_}_of_c)_{_while_(a);_break;_}
=== RUN   TestNoUnreachableLoopFires/for_({_a,_b_}_of_c)_{_do_;_while_(a)_break;_}
=== PAUSE TestNoUnreachableLoopFires/for_({_a,_b_}_of_c)_{_do_;_while_(a)_break;_}
=== RUN   TestNoUnreachableLoopFires/for_({_a,_b_}_of_c)_{_for_(a;_b;_c);_break;_}
=== PAUSE TestNoUnreachableLoopStaysSilent/function_someFunc()_{_for_(var_a_of_f(b))_{_if_(foo)_{_continue;_}_return;_}_}
=== RUN   TestNoUnreachableLoopStaysSilent/function_someFunc()_{_for_(var_a_of_f(b))_{_switch_(foo)_{_case_1:_return;_}_}_}
=== PAUSE TestNoUnreachableLoopFires/for_({_a,_b_}_of_c)_{_for_(a;_b;_c);_break;_}
=== RUN   TestNoUnreachableLoopFires/for_({_a,_b_}_of_c)_{_for_(;_b;);_break;_}
=== PAUSE TestNoUnreachableLoopFires/for_({_a,_b_}_of_c)_{_for_(;_b;);_break;_}
=== PAUSE TestNoUnreachableLoopStaysSilent/function_someFunc()_{_for_(var_a_of_f(b))_{_switch_(foo)_{_case_1:_return;_}_}_}
=== RUN   TestNoUnreachableLoopFires/for_({_a,_b_}_of_c)_{_for_(;_;_c)_if_(foo)_break;_break;_}
=== PAUSE TestNoUnreachableLoopFires/for_({_a,_b_}_of_c)_{_for_(;_;_c)_if_(foo)_break;_break;_}
=== RUN   TestNoUnreachableLoopFires/for_({_a,_b_}_of_c)_{_for(;;)_if_(foo)_break;_break;_}
=== PAUSE TestNoUnreachableLoopFires/for_({_a,_b_}_of_c)_{_for(;;)_if_(foo)_break;_break;_}
=== RUN   TestNoUnreachableLoopFires/for_({_a,_b_}_of_c)_{_for_(a_in_b);_break;_}
=== RUN   TestNoUnreachableLoopStaysSilent/function_someFunc()_{_for_(var_a_of_f(b))_{_switch_(foo)_{_case_1:_break;_default:_return;_}_}_}
=== PAUSE TestNoUnreachableLoopFires/for_({_a,_b_}_of_c)_{_for_(a_in_b);_break;_}
=== PAUSE TestNoUnreachableLoopStaysSilent/function_someFunc()_{_for_(var_a_of_f(b))_{_switch_(foo)_{_case_1:_break;_default:_return;_}_}_}
=== RUN   TestNoUnreachableLoopFires/for_({_a,_b_}_of_c)_{_for_(a_of_b);_break;_}
=== PAUSE TestNoUnreachableLoopFires/for_({_a,_b_}_of_c)_{_for_(a_of_b);_break;_}
=== RUN   TestNoUnreachableLoopFires/for_({_a,_b_}_of_c)_for_(;;);
=== PAUSE TestNoUnreachableLoopFires/for_({_a,_b_}_of_c)_for_(;;);
=== RUN   TestNoUnreachableLoopFires/for_({_a,_b_}_of_c)_{_for_(var_i_=_0;_;_i<_10)_{_foo();_}_}
=== PAUSE TestNoUnreachableLoopFires/for_({_a,_b_}_of_c)_{_for_(var_i_=_0;_;_i<_10)_{_foo();_}_}
=== RUN   TestNoUnreachableLoopStaysSilent/function_someFunc()_{_for_(var_a_of_f(b))_{_switch_(foo)_{_case_1:_continue;_default:_return;_}_throw_err;_}_}
=== RUN   TestNoUnreachableLoopFires/for_({_a,_b_}_of_c)_while_(true);
=== PAUSE TestNoUnreachableLoopFires/for_({_a,_b_}_of_c)_while_(true);
=== RUN   TestNoUnreachableLoopFires/for_(var_a_of_f(b))_break;
=== PAUSE TestNoUnreachableLoopFires/for_(var_a_of_f(b))_break;
=== RUN   TestNoUnreachableLoopFires/for_(var_a_of_f(b))_{_break;_}
=== PAUSE TestNoUnreachableLoopFires/for_(var_a_of_f(b))_{_break;_}
=== RUN   TestNoUnreachableLoopFires/function_someFunc()_{_for_(var_a_of_f(b))_return;_}
=== PAUSE TestNoUnreachableLoopFires/function_someFunc()_{_for_(var_a_of_f(b))_return;_}
=== RUN   TestNoUnreachableLoopFires/function_someFunc()_{_for_(var_a_of_f(b))_{_return;_}_}
=== PAUSE TestNoUnreachableLoopFires/function_someFunc()_{_for_(var_a_of_f(b))_{_return;_}_}
=== RUN   TestNoUnreachableLoopFires/for_(var_a_of_f(b))_throw_err;
=== PAUSE TestNoUnreachableLoopFires/for_(var_a_of_f(b))_throw_err;
=== PAUSE TestNoUnreachableLoopStaysSilent/function_someFunc()_{_for_(var_a_of_f(b))_{_switch_(foo)_{_case_1:_continue;_default:_return;_}_throw_err;_}_}
=== RUN   TestNoUnreachableLoopFires/for_(var_a_of_f(b))_{_throw_err;_}
=== PAUSE TestNoUnreachableLoopFires/for_(var_a_of_f(b))_{_throw_err;_}
=== RUN   TestNoUnreachableLoopStaysSilent/function_someFunc()_{_for_(var_a_of_f(b))_{_try_{_return_bar();_}_catch_(e)_{}_}_}
=== PAUSE TestNoUnreachableLoopStaysSilent/function_someFunc()_{_for_(var_a_of_f(b))_{_try_{_return_bar();_}_catch_(e)_{}_}_}
=== RUN   TestNoUnreachableLoopFires/for_(var_a_of_f(b))_{_foo();_break;_}
=== RUN   TestNoUnreachableLoopStaysSilent/for_(var_a_of_f(b))_{_continue;_break;_}
=== PAUSE TestNoUnreachableLoopFires/for_(var_a_of_f(b))_{_foo();_break;_}
=== RUN   TestNoUnreachableLoopFires/for_(var_a_of_f(b))_{_break;_foo();_}
=== PAUSE TestNoUnreachableLoopFires/for_(var_a_of_f(b))_{_break;_foo();_}
=== PAUSE TestNoUnreachableLoopStaysSilent/for_(var_a_of_f(b))_{_continue;_break;_}
=== RUN   TestNoUnreachableLoopFires/function_someFunc()_{_for_(var_a_of_f(b))_if_(foo)_break;_else_return;_}
=== PAUSE TestNoUnreachableLoopFires/function_someFunc()_{_for_(var_a_of_f(b))_if_(foo)_break;_else_return;_}
=== RUN   TestNoUnreachableLoopStaysSilent/for_(var_a_of_f(b))_()_=>_a;
=== RUN   TestNoUnreachableLoopFires/function_someFunc()_{_for_(var_a_of_f(b))_{_if_(foo)_{_return;_}_else_{_break;_}_bar();_}_}
=== PAUSE TestNoUnreachableLoopFires/function_someFunc()_{_for_(var_a_of_f(b))_{_if_(foo)_{_return;_}_else_{_break;_}_bar();_}_}
=== RUN   TestNoUnreachableLoopFires/function_someFunc()_{_for_(var_a_of_f(b))_{_if_(foo)_{_return;_}_throw_err;_}_}
=== PAUSE TestNoUnreachableLoopFires/function_someFunc()_{_for_(var_a_of_f(b))_{_if_(foo)_{_return;_}_throw_err;_}_}
=== RUN   TestNoUnreachableLoopFires/for_(var_a_of_f(b))_{_switch_(foo)_{_default:_throw_err;_}_}
=== PAUSE TestNoUnreachableLoopFires/for_(var_a_of_f(b))_{_switch_(foo)_{_default:_throw_err;_}_}
=== RUN   TestNoUnreachableLoopFires/function_someFunc()_{_for_(var_a_of_f(b))_{_switch_(foo)_{_case_1:_throw_err;_default:_return;_}_}_}
=== PAUSE TestNoUnreachableLoopFires/function_someFunc()_{_for_(var_a_of_f(b))_{_switch_(foo)_{_case_1:_throw_err;_default:_return;_}_}_}
=== PAUSE TestNoUnreachableLoopStaysSilent/for_(var_a_of_f(b))_()_=>_a;
=== RUN   TestNoUnreachableLoopFires/function_someFunc()_{_for_(var_a_of_f(b))_{_switch_(foo)_{_case_1:_something();_default:_return;_}_}_}
=== PAUSE TestNoUnreachableLoopFires/function_someFunc()_{_for_(var_a_of_f(b))_{_switch_(foo)_{_case_1:_something();_default:_return;_}_}_}
=== RUN   TestNoUnreachableLoopFires/function_someFunc()_{_for_(var_a_of_f(b))_{_try_{_return_bar();_}_catch_(e)_{_break;_}_}_}
=== PAUSE TestNoUnreachableLoopFires/function_someFunc()_{_for_(var_a_of_f(b))_{_try_{_return_bar();_}_catch_(e)_{_break;_}_}_}
=== RUN   TestNoUnreachableLoopFires/for_(var_a_of_f(b))_{_break;_continue;_}
=== PAUSE TestNoUnreachableLoopFires/for_(var_a_of_f(b))_{_break;_continue;_}
=== RUN   TestNoUnreachableLoopFires/for_(var_a_of_f(b))_{_()_=>_a;_break;_}
=== PAUSE TestNoUnreachableLoopFires/for_(var_a_of_f(b))_{_()_=>_a;_break;_}
=== RUN   TestNoUnreachableLoopFires/for_(var_a_of_f(b))_{_(()_=>_a)();_break;_}
=== PAUSE TestNoUnreachableLoopFires/for_(var_a_of_f(b))_{_(()_=>_a)();_break;_}
=== RUN   TestNoUnreachableLoopFires/for_(var_a_of_f(b))_{_while_(a);_break;_}
=== PAUSE TestNoUnreachableLoopFires/for_(var_a_of_f(b))_{_while_(a);_break;_}
=== RUN   TestNoUnreachableLoopFires/for_(var_a_of_f(b))_{_do_;_while_(a)_break;_}
=== PAUSE TestNoUnreachableLoopFires/for_(var_a_of_f(b))_{_do_;_while_(a)_break;_}
=== RUN   TestNoUnreachableLoopFires/for_(var_a_of_f(b))_{_for_(a;_b;_c);_break;_}
=== PAUSE TestNoUnreachableLoopFires/for_(var_a_of_f(b))_{_for_(a;_b;_c);_break;_}
=== RUN   TestNoUnreachableLoopFires/for_(var_a_of_f(b))_{_for_(;_b;);_break;_}
=== RUN   TestNoUnreachableLoopStaysSilent/for_(var_a_of_f(b))_{_()_=>_a_}
=== PAUSE TestNoUnreachableLoopFires/for_(var_a_of_f(b))_{_for_(;_b;);_break;_}
=== RUN   TestNoUnreachableLoopFires/for_(var_a_of_f(b))_{_for_(;_;_c)_if_(foo)_break;_break;_}
=== PAUSE TestNoUnreachableLoopStaysSilent/for_(var_a_of_f(b))_{_()_=>_a_}
=== PAUSE TestNoUnreachableLoopFires/for_(var_a_of_f(b))_{_for_(;_;_c)_if_(foo)_break;_break;_}
=== RUN   TestNoUnreachableLoopStaysSilent/for_(var_a_of_f(b))_(()_=>_a)();
=== PAUSE TestNoUnreachableLoopStaysSilent/for_(var_a_of_f(b))_(()_=>_a)();
=== RUN   TestNoUnreachableLoopStaysSilent/for_(var_a_of_f(b))_{_(()_=>_a)()_}
=== PAUSE TestNoUnreachableLoopStaysSilent/for_(var_a_of_f(b))_{_(()_=>_a)()_}
=== RUN   TestNoUnreachableLoopFires/for_(var_a_of_f(b))_{_for(;;)_if_(foo)_break;_break;_}
=== RUN   TestNoUnreachableLoopStaysSilent/for_(var_a_of_f(b))_while_(a);
=== PAUSE TestNoUnreachableLoopStaysSilent/for_(var_a_of_f(b))_while_(a);
=== RUN   TestNoUnreachableLoopStaysSilent/for_(var_a_of_f(b))_do_;_while_(a)
=== PAUSE TestNoUnreachableLoopStaysSilent/for_(var_a_of_f(b))_do_;_while_(a)
=== RUN   TestNoUnreachableLoopStaysSilent/for_(var_a_of_f(b))_for_(a;_b;_c);
=== PAUSE TestNoUnreachableLoopFires/for_(var_a_of_f(b))_{_for(;;)_if_(foo)_break;_break;_}
=== PAUSE TestNoUnreachableLoopStaysSilent/for_(var_a_of_f(b))_for_(a;_b;_c);
=== RUN   TestNoUnreachableLoopFires/for_(var_a_of_f(b))_{_for_(a_in_b);_break;_}
=== RUN   TestNoUnreachableLoopStaysSilent/for_(var_a_of_f(b))_for_(;_b;);
=== PAUSE TestNoUnreachableLoopFires/for_(var_a_of_f(b))_{_for_(a_in_b);_break;_}
=== PAUSE TestNoUnreachableLoopStaysSilent/for_(var_a_of_f(b))_for_(;_b;);
=== RUN   TestNoUnreachableLoopStaysSilent/for_(var_a_of_f(b))_for_(;_;_c)_if_(foo)_break;
=== PAUSE TestNoUnreachableLoopStaysSilent/for_(var_a_of_f(b))_for_(;_;_c)_if_(foo)_break;
=== RUN   TestNoUnreachableLoopFires/for_(var_a_of_f(b))_{_for_(a_of_b);_break;_}
=== PAUSE TestNoUnreachableLoopFires/for_(var_a_of_f(b))_{_for_(a_of_b);_break;_}
=== RUN   TestNoUnreachableLoopFires/for_(var_a_of_f(b))_for_(;;);
=== PAUSE TestNoUnreachableLoopFires/for_(var_a_of_f(b))_for_(;;);
=== RUN   TestNoUnreachableLoopFires/for_(var_a_of_f(b))_{_for_(var_i_=_0;_;_i<_10)_{_foo();_}_}
=== PAUSE TestNoUnreachableLoopFires/for_(var_a_of_f(b))_{_for_(var_i_=_0;_;_i<_10)_{_foo();_}_}
=== RUN   TestNoUnreachableLoopFires/for_(var_a_of_f(b))_while_(true);
=== PAUSE TestNoUnreachableLoopFires/for_(var_a_of_f(b))_while_(true);
=== RUN   TestNoUnreachableLoopFires/async_function_foo()_{_for_await_(const_a_of_b)_break;_}
=== PAUSE TestNoUnreachableLoopFires/async_function_foo()_{_for_await_(const_a_of_b)_break;_}
=== RUN   TestNoUnreachableLoopStaysSilent/for_(var_a_of_f(b))_for_(;;)_if_(foo)_break;
=== RUN   TestNoUnreachableLoopFires/async_function_foo()_{_for_await_(const_a_of_b)_{_break;_}_}
=== PAUSE TestNoUnreachableLoopStaysSilent/for_(var_a_of_f(b))_for_(;;)_if_(foo)_break;
=== RUN   TestNoUnreachableLoopStaysSilent/for_(var_a_of_f(b))_while_(true)_if_(foo)_break;
=== PAUSE TestNoUnreachableLoopStaysSilent/for_(var_a_of_f(b))_while_(true)_if_(foo)_break;
=== RUN   TestNoUnreachableLoopStaysSilent/function_someFunc()_{_for_(var_a_of_f(b))_while_(foo)_if_(bar)_return;_}
=== PAUSE TestNoUnreachableLoopStaysSilent/function_someFunc()_{_for_(var_a_of_f(b))_while_(foo)_if_(bar)_return;_}
=== RUN   TestNoUnreachableLoopStaysSilent/for_(var_a_of_f(b))_for_(a_in_b);
=== PAUSE TestNoUnreachableLoopStaysSilent/for_(var_a_of_f(b))_for_(a_in_b);
=== PAUSE TestNoUnreachableLoopFires/async_function_foo()_{_for_await_(const_a_of_b)_{_break;_}_}
=== RUN   TestNoUnreachableLoopFires/async_function_foo()_{_for_await_(const_a_of_b)_return;_}
=== PAUSE TestNoUnreachableLoopFires/async_function_foo()_{_for_await_(const_a_of_b)_return;_}
=== RUN   TestNoUnreachableLoopFires/async_function_foo()_{_for_await_(const_a_of_b)_{_return;_}_}
=== PAUSE TestNoUnreachableLoopFires/async_function_foo()_{_for_await_(const_a_of_b)_{_return;_}_}
=== RUN   TestNoUnreachableLoopStaysSilent/for_(var_a_of_f(b))_for_(a_of_b);
=== PAUSE TestNoUnreachableLoopStaysSilent/for_(var_a_of_f(b))_for_(a_of_b);
=== RUN   TestNoUnreachableLoopStaysSilent/async_function_foo()_{_for_await_(const_a_of_b)_;_}
=== PAUSE TestNoUnreachableLoopStaysSilent/async_function_foo()_{_for_await_(const_a_of_b)_;_}
=== RUN   TestNoUnreachableLoopFires/async_function_foo()_{_for_await_(const_a_of_b)_throw_err;_}
=== RUN   TestNoUnreachableLoopStaysSilent/async_function_foo()_{_for_await_(const_a_of_b)_{}_}
=== PAUSE TestNoUnreachableLoopFires/async_function_foo()_{_for_await_(const_a_of_b)_throw_err;_}
=== PAUSE TestNoUnreachableLoopStaysSilent/async_function_foo()_{_for_await_(const_a_of_b)_{}_}
=== RUN   TestNoUnreachableLoopFires/async_function_foo()_{_for_await_(const_a_of_b)_{_throw_err;_}_}
=== PAUSE TestNoUnreachableLoopFires/async_function_foo()_{_for_await_(const_a_of_b)_{_throw_err;_}_}
=== RUN   TestNoUnreachableLoopFires/async_function_foo()_{_for_await_(const_a_of_b)_{_foo();_break;_}_}
=== RUN   TestNoUnreachableLoopStaysSilent/async_function_foo()_{_for_await_(const_a_of_b)_{_bar();_}_}
=== PAUSE TestNoUnreachableLoopStaysSilent/async_function_foo()_{_for_await_(const_a_of_b)_{_bar();_}_}
=== RUN   TestNoUnreachableLoopStaysSilent/async_function_foo()_{_for_await_(const_a_of_b)_continue;_}
=== PAUSE TestNoUnreachableLoopFires/async_function_foo()_{_for_await_(const_a_of_b)_{_foo();_break;_}_}
=== PAUSE TestNoUnreachableLoopStaysSilent/async_function_foo()_{_for_await_(const_a_of_b)_continue;_}
=== RUN   TestNoUnreachableLoopFires/async_function_foo()_{_for_await_(const_a_of_b)_{_break;_foo();_}_}
=== PAUSE TestNoUnreachableLoopFires/async_function_foo()_{_for_await_(const_a_of_b)_{_break;_foo();_}_}
=== RUN   TestNoUnreachableLoopStaysSilent/async_function_foo()_{_for_await_(const_a_of_b)_{_continue;_}_}
=== RUN   TestNoUnreachableLoopFires/async_function_foo()_{_for_await_(const_a_of_b)_if_(foo)_break;_else_return;_}
=== PAUSE TestNoUnreachableLoopFires/async_function_foo()_{_for_await_(const_a_of_b)_if_(foo)_break;_else_return;_}
=== PAUSE TestNoUnreachableLoopStaysSilent/async_function_foo()_{_for_await_(const_a_of_b)_{_continue;_}_}
=== RUN   TestNoUnreachableLoopFires/async_function_foo()_{_for_await_(const_a_of_b)_{_if_(foo)_{_return;_}_else_{_break;_}_bar();_}_}
=== PAUSE TestNoUnreachableLoopFires/async_function_foo()_{_for_await_(const_a_of_b)_{_if_(foo)_{_return;_}_else_{_break;_}_bar();_}_}
=== RUN   TestNoUnreachableLoopFires/async_function_foo()_{_for_await_(const_a_of_b)_{_if_(foo)_{_return;_}_throw_err;_}_}
=== RUN   TestNoUnreachableLoopStaysSilent/async_function_foo()_{_for_await_(const_a_of_b)_{_if_(foo)_break;_}_}
=== PAUSE TestNoUnreachableLoopStaysSilent/async_function_foo()_{_for_await_(const_a_of_b)_{_if_(foo)_break;_}_}
=== PAUSE TestNoUnreachableLoopFires/async_function_foo()_{_for_await_(const_a_of_b)_{_if_(foo)_{_return;_}_throw_err;_}_}
=== RUN   TestNoUnreachableLoopStaysSilent/async_function_foo()_{_for_await_(const_a_of_b)_{_if_(foo)_{_return;_}_bar();_}_}
=== PAUSE TestNoUnreachableLoopStaysSilent/async_function_foo()_{_for_await_(const_a_of_b)_{_if_(foo)_{_return;_}_bar();_}_}
=== RUN   TestNoUnreachableLoopFires/async_function_foo()_{_for_await_(const_a_of_b)_{_switch_(foo)_{_default:_throw_err;_}_}_}
=== PAUSE TestNoUnreachableLoopFires/async_function_foo()_{_for_await_(const_a_of_b)_{_switch_(foo)_{_default:_throw_err;_}_}_}
=== RUN   TestNoUnreachableLoopStaysSilent/async_function_foo()_{_for_await_(const_a_of_b)_{_if_(foo)_{_bar();_}_else_{_break;_}_}_}
=== PAUSE TestNoUnreachableLoopStaysSilent/async_function_foo()_{_for_await_(const_a_of_b)_{_if_(foo)_{_bar();_}_else_{_break;_}_}_}
=== RUN   TestNoUnreachableLoopFires/async_function_foo()_{_for_await_(const_a_of_b)_{_switch_(foo)_{_case_1:_throw_err;_default:_return;_}_}_}
=== RUN   TestNoUnreachableLoopStaysSilent/async_function_foo()_{_for_await_(const_a_of_b)_{_if_(foo)_{_continue;_}_return;_}_}
=== PAUSE TestNoUnreachableLoopStaysSilent/async_function_foo()_{_for_await_(const_a_of_b)_{_if_(foo)_{_continue;_}_return;_}_}
=== PAUSE TestNoUnreachableLoopFires/async_function_foo()_{_for_await_(const_a_of_b)_{_switch_(foo)_{_case_1:_throw_err;_default:_return;_}_}_}
=== RUN   TestNoUnreachableLoopStaysSilent/async_function_foo()_{_for_await_(const_a_of_b)_{_switch_(foo)_{_case_1:_return;_}_}_}
=== RUN   TestNoUnreachableLoopFires/async_function_foo()_{_for_await_(const_a_of_b)_{_switch_(foo)_{_case_1:_something();_default:_return;_}_}_}
=== PAUSE TestNoUnreachableLoopStaysSilent/async_function_foo()_{_for_await_(const_a_of_b)_{_switch_(foo)_{_case_1:_return;_}_}_}
=== PAUSE TestNoUnreachableLoopFires/async_function_foo()_{_for_await_(const_a_of_b)_{_switch_(foo)_{_case_1:_something();_default:_return;_}_}_}
=== RUN   TestNoUnreachableLoopStaysSilent/async_function_foo()_{_for_await_(const_a_of_b)_{_switch_(foo)_{_case_1:_break;_default:_return;_}_}_}
=== RUN   TestNoUnreachableLoopFires/async_function_foo()_{_for_await_(const_a_of_b)_{_try_{_return_bar();_}_catch_(e)_{_break;_}_}_}
=== PAUSE TestNoUnreachableLoopFires/async_function_foo()_{_for_await_(const_a_of_b)_{_try_{_return_bar();_}_catch_(e)_{_break;_}_}_}
=== PAUSE TestNoUnreachableLoopStaysSilent/async_function_foo()_{_for_await_(const_a_of_b)_{_switch_(foo)_{_case_1:_break;_default:_return;_}_}_}
=== RUN   TestNoUnreachableLoopFires/async_function_foo()_{_for_await_(const_a_of_b)_{_break;_continue;_}_}
=== PAUSE TestNoUnreachableLoopFires/async_function_foo()_{_for_await_(const_a_of_b)_{_break;_continue;_}_}
=== RUN   TestNoUnreachableLoopFires/async_function_foo()_{_for_await_(const_a_of_b)_{_()_=>_a;_break;_}_}
=== RUN   TestNoUnreachableLoopStaysSilent/async_function_foo()_{_for_await_(const_a_of_b)_{_switch_(foo)_{_case_1:_continue;_default:_return;_}_throw_err;_}_}
=== PAUSE TestNoUnreachableLoopStaysSilent/async_function_foo()_{_for_await_(const_a_of_b)_{_switch_(foo)_{_case_1:_continue;_default:_return;_}_throw_err;_}_}
=== RUN   TestNoUnreachableLoopStaysSilent/async_function_foo()_{_for_await_(const_a_of_b)_{_try_{_return_bar();_}_catch_(e)_{}_}_}
=== PAUSE TestNoUnreachableLoopStaysSilent/async_function_foo()_{_for_await_(const_a_of_b)_{_try_{_return_bar();_}_catch_(e)_{}_}_}
=== PAUSE TestNoUnreachableLoopFires/async_function_foo()_{_for_await_(const_a_of_b)_{_()_=>_a;_break;_}_}
=== RUN   TestNoUnreachableLoopStaysSilent/async_function_foo()_{_for_await_(const_a_of_b)_{_continue;_break;_}_}
=== PAUSE TestNoUnreachableLoopStaysSilent/async_function_foo()_{_for_await_(const_a_of_b)_{_continue;_break;_}_}
=== RUN   TestNoUnreachableLoopFires/async_function_foo()_{_for_await_(const_a_of_b)_{_(()_=>_a)();_break;_}_}
=== PAUSE TestNoUnreachableLoopFires/async_function_foo()_{_for_await_(const_a_of_b)_{_(()_=>_a)();_break;_}_}
=== RUN   TestNoUnreachableLoopStaysSilent/async_function_foo()_{_for_await_(const_a_of_b)_()_=>_a;_}
=== RUN   TestNoUnreachableLoopFires/async_function_foo()_{_for_await_(const_a_of_b)_{_while_(a);_break;_}_}
=== PAUSE TestNoUnreachableLoopFires/async_function_foo()_{_for_await_(const_a_of_b)_{_while_(a);_break;_}_}
=== PAUSE TestNoUnreachableLoopStaysSilent/async_function_foo()_{_for_await_(const_a_of_b)_()_=>_a;_}
=== RUN   TestNoUnreachableLoopFires/async_function_foo()_{_for_await_(const_a_of_b)_{_do_;_while_(a)_break;_}_}
=== PAUSE TestNoUnreachableLoopFires/async_function_foo()_{_for_await_(const_a_of_b)_{_do_;_while_(a)_break;_}_}
=== RUN   TestNoUnreachableLoopFires/async_function_foo()_{_for_await_(const_a_of_b)_{_for_(a;_b;_c);_break;_}_}
=== PAUSE TestNoUnreachableLoopFires/async_function_foo()_{_for_await_(const_a_of_b)_{_for_(a;_b;_c);_break;_}_}
=== RUN   TestNoUnreachableLoopStaysSilent/async_function_foo()_{_for_await_(const_a_of_b)_{_()_=>_a_}_}
=== PAUSE TestNoUnreachableLoopStaysSilent/async_function_foo()_{_for_await_(const_a_of_b)_{_()_=>_a_}_}
=== RUN   TestNoUnreachableLoopFires/async_function_foo()_{_for_await_(const_a_of_b)_{_for_(;_b;);_break;_}_}
=== PAUSE TestNoUnreachableLoopFires/async_function_foo()_{_for_await_(const_a_of_b)_{_for_(;_b;);_break;_}_}
=== RUN   TestNoUnreachableLoopFires/async_function_foo()_{_for_await_(const_a_of_b)_{_for_(;_;_c)_if_(foo)_break;_break;_}_}
=== RUN   TestNoUnreachableLoopStaysSilent/async_function_foo()_{_for_await_(const_a_of_b)_(()_=>_a)();_}
=== PAUSE TestNoUnreachableLoopStaysSilent/async_function_foo()_{_for_await_(const_a_of_b)_(()_=>_a)();_}
=== PAUSE TestNoUnreachableLoopFires/async_function_foo()_{_for_await_(const_a_of_b)_{_for_(;_;_c)_if_(foo)_break;_break;_}_}
=== RUN   TestNoUnreachableLoopStaysSilent/async_function_foo()_{_for_await_(const_a_of_b)_{_(()_=>_a)()_}_}
=== PAUSE TestNoUnreachableLoopStaysSilent/async_function_foo()_{_for_await_(const_a_of_b)_{_(()_=>_a)()_}_}
=== RUN   TestNoUnreachableLoopFires/async_function_foo()_{_for_await_(const_a_of_b)_{_for(;;)_if_(foo)_break;_break;_}_}
=== RUN   TestNoUnreachableLoopStaysSilent/async_function_foo()_{_for_await_(const_a_of_b)_while_(a);_}
=== PAUSE TestNoUnreachableLoopFires/async_function_foo()_{_for_await_(const_a_of_b)_{_for(;;)_if_(foo)_break;_break;_}_}
=== RUN   TestNoUnreachableLoopFires/async_function_foo()_{_for_await_(const_a_of_b)_{_for_(a_in_b);_break;_}_}
=== PAUSE TestNoUnreachableLoopStaysSilent/async_function_foo()_{_for_await_(const_a_of_b)_while_(a);_}
=== PAUSE TestNoUnreachableLoopFires/async_function_foo()_{_for_await_(const_a_of_b)_{_for_(a_in_b);_break;_}_}
=== RUN   TestNoUnreachableLoopStaysSilent/async_function_foo()_{_for_await_(const_a_of_b)_do_;_while_(a)_}
=== PAUSE TestNoUnreachableLoopStaysSilent/async_function_foo()_{_for_await_(const_a_of_b)_do_;_while_(a)_}
=== RUN   TestNoUnreachableLoopStaysSilent/async_function_foo()_{_for_await_(const_a_of_b)_for_(a;_b;_c);_}
=== PAUSE TestNoUnreachableLoopStaysSilent/async_function_foo()_{_for_await_(const_a_of_b)_for_(a;_b;_c);_}
=== RUN   TestNoUnreachableLoopFires/async_function_foo()_{_for_await_(const_a_of_b)_{_for_(a_of_b);_break;_}_}
=== RUN   TestNoUnreachableLoopStaysSilent/async_function_foo()_{_for_await_(const_a_of_b)_for_(;_b;);_}
=== PAUSE TestNoUnreachableLoopFires/async_function_foo()_{_for_await_(const_a_of_b)_{_for_(a_of_b);_break;_}_}
=== PAUSE TestNoUnreachableLoopStaysSilent/async_function_foo()_{_for_await_(const_a_of_b)_for_(;_b;);_}
=== RUN   TestNoUnreachableLoopStaysSilent/async_function_foo()_{_for_await_(const_a_of_b)_for_(;_;_c)_if_(foo)_break;_}
=== RUN   TestNoUnreachableLoopFires/async_function_foo()_{_for_await_(const_a_of_b)_for_(;;);_}
=== PAUSE TestNoUnreachableLoopFires/async_function_foo()_{_for_await_(const_a_of_b)_for_(;;);_}
=== PAUSE TestNoUnreachableLoopStaysSilent/async_function_foo()_{_for_await_(const_a_of_b)_for_(;_;_c)_if_(foo)_break;_}
=== RUN   TestNoUnreachableLoopFires/async_function_foo()_{_for_await_(const_a_of_b)_{_for_(var_i_=_0;_;_i<_10)_{_foo();_}_}_}
=== PAUSE TestNoUnreachableLoopFires/async_function_foo()_{_for_await_(const_a_of_b)_{_for_(var_i_=_0;_;_i<_10)_{_foo();_}_}_}
=== RUN   TestNoUnreachableLoopStaysSilent/async_function_foo()_{_for_await_(const_a_of_b)_for_(;;)_if_(foo)_break;_}
=== RUN   TestNoUnreachableLoopFires/async_function_foo()_{_for_await_(const_a_of_b)_while_(true);_}
=== PAUSE TestNoUnreachableLoopFires/async_function_foo()_{_for_await_(const_a_of_b)_while_(true);_}
=== PAUSE TestNoUnreachableLoopStaysSilent/async_function_foo()_{_for_await_(const_a_of_b)_for_(;;)_if_(foo)_break;_}
=== RUN   TestNoUnreachableLoopStaysSilent/async_function_foo()_{_for_await_(const_a_of_b)_while_(true)_if_(foo)_break;_}
=== PAUSE TestNoUnreachableLoopStaysSilent/async_function_foo()_{_for_await_(const_a_of_b)_while_(true)_if_(foo)_break;_}
=== RUN   TestNoUnreachableLoopFires/while_(foo)_{_for_(a_of_b)_{_if_(baz)_{_break;_}_else_{_throw_err;_}_}_}
=== PAUSE TestNoUnreachableLoopFires/while_(foo)_{_for_(a_of_b)_{_if_(baz)_{_break;_}_else_{_throw_err;_}_}_}
=== RUN   TestNoUnreachableLoopStaysSilent/async_function_foo()_{_for_await_(const_a_of_b)_while_(foo)_if_(bar)_return;_}
=== PAUSE TestNoUnreachableLoopStaysSilent/async_function_foo()_{_for_await_(const_a_of_b)_while_(foo)_if_(bar)_return;_}
=== RUN   TestNoUnreachableLoopFires/lbl:_for_(var_i_=_0;_i_<_10;_i++)_{_while_(foo)_break_lbl;_}_/*_outer_is_valid_because_inner_can_have_0_iterations_*/
=== RUN   TestNoUnreachableLoopStaysSilent/async_function_foo()_{_for_await_(const_a_of_b)_for_(a_in_b);_}
=== PAUSE TestNoUnreachableLoopFires/lbl:_for_(var_i_=_0;_i_<_10;_i++)_{_while_(foo)_break_lbl;_}_/*_outer_is_valid_because_inner_can_have_0_iterations_*/
=== PAUSE TestNoUnreachableLoopStaysSilent/async_function_foo()_{_for_await_(const_a_of_b)_for_(a_in_b);_}
=== RUN   TestNoUnreachableLoopFires/for_(a_in_b)_{_while_(foo)_{_if(baz)_{_break;_}_else_{_break;_}_}_break;_}
=== RUN   TestNoUnreachableLoopStaysSilent/async_function_foo()_{_for_await_(const_a_of_b)_for_(a_of_b);_}
=== PAUSE TestNoUnreachableLoopFires/for_(a_in_b)_{_while_(foo)_{_if(baz)_{_break;_}_else_{_break;_}_}_break;_}
=== PAUSE TestNoUnreachableLoopStaysSilent/async_function_foo()_{_for_await_(const_a_of_b)_for_(a_of_b);_}
=== RUN   TestNoUnreachableLoopStaysSilent/while_(false)_{_foo();_}
=== PAUSE TestNoUnreachableLoopStaysSilent/while_(false)_{_foo();_}
=== RUN   TestNoUnreachableLoopStaysSilent/while_(bar)_{_foo();_if_(true)_{_break;_}_}
=== PAUSE TestNoUnreachableLoopStaysSilent/while_(bar)_{_foo();_if_(true)_{_break;_}_}
=== RUN   TestNoUnreachableLoopStaysSilent/do_foo();_while_(false)
=== PAUSE TestNoUnreachableLoopStaysSilent/do_foo();_while_(false)
=== RUN   TestNoUnreachableLoopStaysSilent/for_(x_=_1;_x_<_10;_i++)_{_if_(x_>_0)_{_foo();_throw_err;_}_}
=== PAUSE TestNoUnreachableLoopStaysSilent/for_(x_=_1;_x_<_10;_i++)_{_if_(x_>_0)_{_foo();_throw_err;_}_}
=== RUN   TestNoUnreachableLoopStaysSilent/for_(x_of_[]);
=== RUN   TestNoUnreachableLoopFires/function_foo()_{_for_(var_i_=_0;_i_<_10;_i++)_{_do_{_return;_}_while(i)_}_}
=== PAUSE TestNoUnreachableLoopStaysSilent/for_(x_of_[]);
=== PAUSE TestNoUnreachableLoopFires/function_foo()_{_for_(var_i_=_0;_i_<_10;_i++)_{_do_{_return;_}_while(i)_}_}
=== RUN   TestNoUnreachableLoopFires/lbl:_while(foo)_{_do_{_break_lbl;_}_while(baz)_}
=== PAUSE TestNoUnreachableLoopFires/lbl:_while(foo)_{_do_{_break_lbl;_}_while(baz)_}
=== RUN   TestNoUnreachableLoopStaysSilent/for_(x_of_[1]);
=== PAUSE TestNoUnreachableLoopStaysSilent/for_(x_of_[1]);
=== RUN   TestNoUnreachableLoopFires/lbl:_for_(a_in_b)_{_while(foo)_{_continue_lbl;_}_}
=== RUN   TestNoUnreachableLoopStaysSilent/function_foo()_{_return;_while_(a);_}
=== PAUSE TestNoUnreachableLoopFires/lbl:_for_(a_in_b)_{_while(foo)_{_continue_lbl;_}_}
=== PAUSE TestNoUnreachableLoopStaysSilent/function_foo()_{_return;_while_(a);_}
=== RUN   TestNoUnreachableLoopFires/for_(a_of_b)_{_for(;;)_{_if_(foo)_{_throw_err;_}_}_}
=== PAUSE TestNoUnreachableLoopFires/for_(a_of_b)_{_for(;;)_{_if_(foo)_{_throw_err;_}_}_}
=== RUN   TestNoUnreachableLoopFires/function_foo_()_{_for_(a_in_b)_{_while_(true)_{_if_(bar)_{_return;_}_}_}_}
=== PAUSE TestNoUnreachableLoopFires/function_foo_()_{_for_(a_in_b)_{_while_(true)_{_if_(bar)_{_return;_}_}_}_}
=== RUN   TestNoUnreachableLoopFires/do_for_(var_i_=_1;_i_<_10;_i++)_break;_while(foo)
=== PAUSE TestNoUnreachableLoopFires/do_for_(var_i_=_1;_i_<_10;_i++)_break;_while(foo)
=== RUN   TestNoUnreachableLoopFires/do_{_for_(var_i_=_1;_i_<_10;_i++)_continue;_break;_}_while(foo)
=== PAUSE TestNoUnreachableLoopFires/do_{_for_(var_i_=_1;_i_<_10;_i++)_continue;_break;_}_while(foo)
=== RUN   TestNoUnreachableLoopFires/for_(;;)_{_for_(var_i_=_1;_i_<_10;_i_++)_break;_if_(foo)_break;_continue;_}
=== PAUSE TestNoUnreachableLoopFires/for_(;;)_{_for_(var_i_=_1;_i_<_10;_i_++)_break;_if_(foo)_break;_continue;_}
=== RUN   TestNoUnreachableLoopStaysSilent/function_foo()_{_return;_while_(a)_break;_}
=== PAUSE TestNoUnreachableLoopStaysSilent/function_foo()_{_return;_while_(a)_break;_}
=== RUN   TestNoUnreachableLoopStaysSilent/while(true);_while(true);
=== PAUSE TestNoUnreachableLoopStaysSilent/while(true);_while(true);
=== RUN   TestNoUnreachableLoopStaysSilent/while(true);_while(true)_break;
=== PAUSE TestNoUnreachableLoopStaysSilent/while(true);_while(true)_break;
=== CONT  TestNoUnreachableLoopFires/for_(a_of_f(b))_{_for_(a_in_b);_break;_}
=== CONT  TestNoUnreachableLoopFires/function_foo_()_{_for_(a_in_b)_{_while_(true)_{_if_(bar)_{_return;_}_}_}_}
=== CONT  TestNoUnreachableLoopFires/for_(a_of_b)_{_for(;;)_{_if_(foo)_{_throw_err;_}_}_}
=== CONT  TestNoUnreachableLoopFires/lbl:_for_(a_in_b)_{_while(foo)_{_continue_lbl;_}_}
=== CONT  TestNoUnreachableLoopFires/for_(a_of_f(b))_{_for(;;)_if_(foo)_break;_break;_}
=== CONT  TestNoUnreachableLoopFires/lbl:_while(foo)_{_do_{_break_lbl;_}_while(baz)_}
=== CONT  TestNoUnreachableLoopFires/function_foo()_{_for_(var_i_=_0;_i_<_10;_i++)_{_do_{_return;_}_while(i)_}_}
=== CONT  TestNoUnreachableLoopFires/for_(a_in_b)_{_while_(foo)_{_if(baz)_{_break;_}_else_{_break;_}_}_break;_}
=== CONT  TestNoUnreachableLoopFires/lbl:_for_(var_i_=_0;_i_<_10;_i++)_{_while_(foo)_break_lbl;_}_/*_outer_is_valid_because_inner_can_have_0_iterations_*/
=== CONT  TestNoUnreachableLoopFires/while_(foo)_{_for_(a_of_b)_{_if_(baz)_{_break;_}_else_{_throw_err;_}_}_}
WAVE02_THROWN:9,true,false,,true,9,true,9,9,false,false,,
=== CONT  TestNoUnreachableLoopFires/async_function_foo()_{_for_await_(const_a_of_b)_while_(true);_}
WAVE02_THROWN:7,true,false,,true,7,true,7,7,false,false,,
=== CONT  TestNoUnreachableLoopFires/for_(;;)_{_for_(var_i_=_1;_i_<_10;_i_++)_break;_if_(foo)_break;_continue;_}
=== CONT  TestNoUnreachableLoopFires/async_function_foo()_{_for_await_(const_a_of_b)_{_for_(a_of_b);_break;_}_}
=== CONT  TestNoUnreachableLoopFires/do_{_for_(var_i_=_1;_i_<_10;_i++)_continue;_break;_}_while(foo)
=== CONT  TestNoUnreachableLoopFires/while_(a)_break;
=== CONT  TestNoUnreachableLoopFires/do_for_(var_i_=_1;_i_<_10;_i++)_break;_while(foo)
=== CONT  TestNoUnreachableLoopFires/async_function_foo()_{_for_await_(const_a_of_b)_{_for_(a_in_b);_break;_}_}
=== CONT  TestNoUnreachableLoopFires/for_(;_b_<_foo;_c++)_{_break;_}
=== CONT  TestNoUnreachableLoopFires/async_function_foo()_{_for_await_(const_a_of_b)_{_for_(var_i_=_0;_;_i<_10)_{_foo();_}_}_}
=== CONT  TestNoUnreachableLoopFires/for_(;_b_<_foo;_c++)_break;
=== CONT  TestNoUnreachableLoopFires/async_function_foo()_{_for_await_(const_a_of_b)_{_for_(;_;_c)_if_(foo)_break;_break;_}_}
=== CONT  TestNoUnreachableLoopFires/for_(;_b;_c)_while_(true);
=== CONT  TestNoUnreachableLoopFires/async_function_foo()_{_for_await_(const_a_of_b)_{_for(;;)_if_(foo)_break;_break;_}_}
=== CONT  TestNoUnreachableLoopFires/for_(;_b;_c)_for_(;;);
=== CONT  TestNoUnreachableLoopFires/async_function_foo()_{_for_await_(const_a_of_b)_{_for_(;_b;);_break;_}_}
=== CONT  TestNoUnreachableLoopFires/for_(;_b;_c)_{_for_(a_of_b);_break;_}
=== CONT  TestNoUnreachableLoopFires/async_function_foo()_{_for_await_(const_a_of_b)_{_for_(a;_b;_c);_break;_}_}
=== CONT  TestNoUnreachableLoopFires/for_(;_b;_c)_{_for_(var_i_=_0;_;_i<_10)_{_foo();_}_}
=== CONT  TestNoUnreachableLoopFires/for_(;_b;_c)_{_for_(a_in_b);_break;_}
=== CONT  TestNoUnreachableLoopFires/async_function_foo()_{_for_await_(const_a_of_b)_{_while_(a);_break;_}_}
=== CONT  TestNoUnreachableLoopFires/async_function_foo()_{_for_await_(const_a_of_b)_for_(;;);_}
=== CONT  TestNoUnreachableLoopFires/async_function_foo()_{_for_await_(const_a_of_b)_{_(()_=>_a)();_break;_}_}
=== CONT  TestNoUnreachableLoopFires/async_function_foo()_{_for_await_(const_a_of_b)_{_do_;_while_(a)_break;_}_}
=== CONT  TestNoUnreachableLoopFires/for_(;_b;_c)_{_for(;;)_if_(foo)_break;_break;_}
=== CONT  TestNoUnreachableLoopFires/async_function_foo()_{_for_await_(const_a_of_b)_{_()_=>_a;_break;_}_}
=== CONT  TestNoUnreachableLoopFires/async_function_foo()_{_for_await_(const_a_of_b)_{_break;_continue;_}_}
=== CONT  TestNoUnreachableLoopFires/for_(;_b;_c)_{_for_(;_;_c)_if_(foo)_break;_break;_}
=== CONT  TestNoUnreachableLoopFires/async_function_foo()_{_for_await_(const_a_of_b)_{_try_{_return_bar();_}_catch_(e)_{_break;_}_}_}
=== CONT  TestNoUnreachableLoopFires/for_(;_b;_c)_{_for_(;_b;);_break;_}
=== CONT  TestNoUnreachableLoopFires/async_function_foo()_{_for_await_(const_a_of_b)_{_switch_(foo)_{_case_1:_something();_default:_return;_}_}_}
=== CONT  TestNoUnreachableLoopFires/async_function_foo()_{_for_await_(const_a_of_b)_{_switch_(foo)_{_case_1:_throw_err;_default:_return;_}_}_}
=== CONT  TestNoUnreachableLoopFires/async_function_foo()_{_for_await_(const_a_of_b)_{_switch_(foo)_{_default:_throw_err;_}_}_}
=== CONT  TestNoUnreachableLoopFires/async_function_foo()_{_for_await_(const_a_of_b)_{_if_(foo)_{_return;_}_throw_err;_}_}
=== CONT  TestNoUnreachableLoopFires/for_(;_b;_c)_{_for_(a;_b;_c);_break;_}
=== CONT  TestNoUnreachableLoopFires/for_(;_b;_c)_{_do_;_while_(a)_break;_}
WAVE02_THROWN:4,true,false,,true,4,true,4,4,false,false,5,5
=== CONT  TestNoUnreachableLoopFires/for_(;_b;_c)_{_while_(a);_break;_}
=== CONT  TestNoUnreachableLoopFires/async_function_foo()_{_for_await_(const_a_of_b)_{_if_(foo)_{_return;_}_else_{_break;_}_bar();_}_}
=== CONT  TestNoUnreachableLoopFires/for_(;_b;_c)_{_(()_=>_a)();_break;_}
=== CONT  TestNoUnreachableLoopFires/async_function_foo()_{_for_await_(const_a_of_b)_if_(foo)_break;_else_return;_}
WAVE02_THROWN:5,true,false,,true,5,true,5,5,false,false,,
WAVE02_THROWN:5,true,false,,true,5,true,5,5,false,false,,
=== CONT  TestNoUnreachableLoopFires/for_(;_b;_c)_{_()_=>_a;_break;_}
=== CONT  TestNoUnreachableLoopFires/for_(;_b;_c)_{_break;_continue;_}
=== CONT  TestNoUnreachableLoopFires/async_function_foo()_{_for_await_(const_a_of_b)_{_break;_foo();_}_}
=== CONT  TestNoUnreachableLoopFires/async_function_foo()_{_for_await_(const_a_of_b)_{_foo();_break;_}_}
=== CONT  TestNoUnreachableLoopFires/function_someFunc()_{_for_(;_b;_c)_{_try_{_return_bar();_}_catch_(e)_{_break;_}_}_}
=== CONT  TestNoUnreachableLoopFires/async_function_foo()_{_for_await_(const_a_of_b)_{_throw_err;_}_}
=== CONT  TestNoUnreachableLoopFires/function_someFunc()_{_for_(;_b;_c)_{_switch_(foo)_{_case_1:_something();_default:_return;_}_}_}
=== CONT  TestNoUnreachableLoopFires/async_function_foo()_{_for_await_(const_a_of_b)_throw_err;_}
WAVE02_THROWN:3,true,false,,true,3,true,3,3,false,false,,
=== CONT  TestNoUnreachableLoopFires/function_someFunc()_{_for_(;_b;_c)_{_switch_(foo)_{_case_1:_throw_err;_default:_return;_}_}_}
=== CONT  TestNoUnreachableLoopFires/async_function_foo()_{_for_await_(const_a_of_b)_{_return;_}_}
WAVE02_THROWN:3,true,false,,true,3,true,3,3,false,false,,
=== CONT  TestNoUnreachableLoopFires/async_function_foo()_{_for_await_(const_a_of_b)_return;_}
=== CONT  TestNoUnreachableLoopFires/for_(;_b;_c)_{_switch_(foo)_{_default:_throw_err;_}_}
=== CONT  TestNoUnreachableLoopFires/async_function_foo()_{_for_await_(const_a_of_b)_{_break;_}_}
=== CONT  TestNoUnreachableLoopFires/function_someFunc()_{_for_(;_b;_c)_{_if_(foo)_{_return;_}_throw_err;_}_}
WAVE02_THROWN:6,true,false,,true,6,true,6,6,false,false,,
=== CONT  TestNoUnreachableLoopFires/async_function_foo()_{_for_await_(const_a_of_b)_break;_}
=== CONT  TestNoUnreachableLoopFires/function_someFunc()_{_for_(;_b;_c)_{_if_(foo)_{_return;_}_else_{_break;_}_bar();_}_}
=== CONT  TestNoUnreachableLoopFires/for_(var_a_of_f(b))_while_(true);
WAVE02_THROWN:5,true,false,,true,5,true,5,5,false,false,6,6
=== CONT  TestNoUnreachableLoopFires/for_(var_a_of_f(b))_{_for_(var_i_=_0;_;_i<_10)_{_foo();_}_}
=== CONT  TestNoUnreachableLoopFires/for_(;_b;_c)_{_break;_foo();_}
WAVE02_THROWN:6,true,false,,true,6,true,6,6,false,false,,
=== CONT  TestNoUnreachableLoopFires/function_someFunc()_{_for_(;_b;_c)_if_(foo)_break;_else_return;_}
=== CONT  TestNoUnreachableLoopFires/for_(var_a_of_f(b))_for_(;;);
=== CONT  TestNoUnreachableLoopFires/for_(;_b;_c)_{_foo();_break;_}
=== CONT  TestNoUnreachableLoopFires/for_(var_a_of_f(b))_{_for_(a_of_b);_break;_}
=== CONT  TestNoUnreachableLoopFires/for_(var_a_of_f(b))_{_for_(a_in_b);_break;_}
=== CONT  TestNoUnreachableLoopFires/for_(;_b;_c)_{_throw_err;_}
WAVE02_THROWN:3,true,false,,true,3,true,3,3,false,false,,
=== CONT  TestNoUnreachableLoopFires/for_(;_b;_c)_throw_err;
=== CONT  TestNoUnreachableLoopFires/function_someFunc()_{_for_(;_b;_c)_{_return;_}_}
=== CONT  TestNoUnreachableLoopFires/for_(var_a_of_f(b))_{_for_(;_;_c)_if_(foo)_break;_break;_}
WAVE02_THROWN:3,true,false,,true,3,true,3,3,false,false,,
=== CONT  TestNoUnreachableLoopFires/function_someFunc()_{_for_(;_b;_c)_return;_}
=== CONT  TestNoUnreachableLoopFires/for_(var_a_of_f(b))_{_for_(;_b;);_break;_}
=== CONT  TestNoUnreachableLoopFires/for_(var_a_of_f(b))_{_for_(a;_b;_c);_break;_}
=== CONT  TestNoUnreachableLoopFires/for_(;_b;_c)_{_break;_}
=== CONT  TestNoUnreachableLoopFires/for_(;_b;_c)_break;
=== CONT  TestNoUnreachableLoopFires/for_(var_a_of_f(b))_{_do_;_while_(a)_break;_}
=== CONT  TestNoUnreachableLoopFires/for_(a_of_f(b))_{_for_(;_;_c)_if_(foo)_break;_break;_}
=== CONT  TestNoUnreachableLoopFires/for_(var_a_of_f(b))_{_while_(a);_break;_}
=== CONT  TestNoUnreachableLoopFires/for_(var_i_=_0;_i_<_a.length;_i++)_{_for_(var_i_=_0;_;_i<_10)_{_foo();_}_}
=== CONT  TestNoUnreachableLoopFires/for_(var_i_=_0;_i_<_a.length;_i++)_while_(true);
=== CONT  TestNoUnreachableLoopFires/for_(var_a_of_f(b))_{_()_=>_a;_break;_}
=== CONT  TestNoUnreachableLoopFires/for_(a_of_f(b))_{_for_(;_b;);_break;_}
=== CONT  TestNoUnreachableLoopFires/for_(var_i_=_0;_i_<_a.length;_i++)_for_(;;);
=== CONT  TestNoUnreachableLoopFires/for_(var_a_of_f(b))_{_break;_continue;_}
=== CONT  TestNoUnreachableLoopFires/for_(var_i_=_0;_i_<_a.length;_i++)_{_for_(a_in_b);_break;_}
=== CONT  TestNoUnreachableLoopFires/function_someFunc()_{_for_(var_a_of_f(b))_{_try_{_return_bar();_}_catch_(e)_{_break;_}_}_}
=== CONT  TestNoUnreachableLoopFires/for_(var_i_=_0;_i_<_a.length;_i++)_{_for(;;)_if_(foo)_break;_break;_}
=== CONT  TestNoUnreachableLoopFires/for_(var_a_of_f(b))_{_(()_=>_a)();_break;_}
=== CONT  TestNoUnreachableLoopFires/for_(var_i_=_0;_i_<_a.length;_i++)_{_for_(;_;_c)_if_(foo)_break;_break;_}
=== CONT  TestNoUnreachableLoopFires/function_someFunc()_{_for_(var_a_of_f(b))_{_switch_(foo)_{_case_1:_something();_default:_return;_}_}_}
=== CONT  TestNoUnreachableLoopFires/for_(var_i_=_0;_i_<_a.length;_i++)_{_for_(;_b;);_break;_}
=== CONT  TestNoUnreachableLoopFires/for_(a_of_f(b))_{_for_(a;_b;_c);_break;_}
=== CONT  TestNoUnreachableLoopFires/for_(var_i_=_0;_i_<_a.length;_i++)_{_for_(a;_b;_c);_break;_}
=== CONT  TestNoUnreachableLoopFires/for_(var_a_of_f(b))_{_for(;;)_if_(foo)_break;_break;_}
=== CONT  TestNoUnreachableLoopFires/for_(var_i_=_0;_i_<_a.length;_i++)_{_do_;_while_(a)_break;_}
=== CONT  TestNoUnreachableLoopFires/for_(a_of_f(b))_{_do_;_while_(a)_break;_}
=== CONT  TestNoUnreachableLoopFires/for_(a_of_f(b))_{_while_(a);_break;_}
=== CONT  TestNoUnreachableLoopFires/for_(var_i_=_0;_i_<_a.length;_i++)_{_while_(a);_break;_}
=== CONT  TestNoUnreachableLoopFires/for_(a_of_f(b))_{_(()_=>_a)();_break;_}
=== CONT  TestNoUnreachableLoopFires/for_(a_of_f(b))_{_()_=>_a;_break;_}
=== CONT  TestNoUnreachableLoopFires/for_(a_of_f(b))_{_break;_continue;_}
=== CONT  TestNoUnreachableLoopFires/function_someFunc()_{_for_(a_of_f(b))_{_try_{_return_bar();_}_catch_(e)_{_break;_}_}_}
=== CONT  TestNoUnreachableLoopFires/function_someFunc()_{_for_(a_of_f(b))_{_switch_(foo)_{_case_1:_something();_default:_return;_}_}_}
=== CONT  TestNoUnreachableLoopFires/function_someFunc()_{_for_(a_of_f(b))_{_switch_(foo)_{_case_1:_throw_err;_default:_return;_}_}_}
=== CONT  TestNoUnreachableLoopFires/for_(a_of_f(b))_{_switch_(foo)_{_default:_throw_err;_}_}
WAVE02_THROWN:5,true,false,,true,5,true,5,5,false,false,,
=== CONT  TestNoUnreachableLoopFires/for_(var_i_=_0;_i_<_a.length;_i++)_{_for_(a_of_b);_break;_}
=== CONT  TestNoUnreachableLoopFires/function_someFunc()_{_for_(a_of_f(b))_{_if_(foo)_{_return;_}_else_{_break;_}_bar();_}_}
WAVE02_THROWN:5,true,false,,true,5,true,5,5,false,false,,
=== CONT  TestNoUnreachableLoopFires/function_someFunc()_{_for_(a_of_f(b))_if_(foo)_break;_else_return;_}
=== CONT  TestNoUnreachableLoopFires/for_(var_i_=_0;_i_<_a.length;_i++)_{_()_=>_a;_break;_}
=== CONT  TestNoUnreachableLoopFires/for_(var_i_=_0;_i_<_a.length;_i++)_{_(()_=>_a)();_break;_}
=== CONT  TestNoUnreachableLoopFires/for_(a_of_f(b))_{_break;_foo();_}
=== CONT  TestNoUnreachableLoopFires/for_(var_i_=_0;_i_<_a.length;_i++)_{_break;_continue;_}
=== CONT  TestNoUnreachableLoopFires/for_(var_a_in_b)_{_throw_err;_}
=== CONT  TestNoUnreachableLoopFires/function_someFunc()_{_for_(var_i_=_0;_i_<_a.length;_i++)_{_switch_(foo)_{_case_1:_something();_default:_return;_}_}_}
=== CONT  TestNoUnreachableLoopFires/for_(a_of_f(b))_{_foo();_break;_}
=== CONT  TestNoUnreachableLoopFires/function_someFunc()_{_for_(var_i_=_0;_i_<_a.length;_i++)_{_switch_(foo)_{_case_1:_throw_err;_default:_return;_}_}_}
=== CONT  TestNoUnreachableLoopFires/function_someFunc()_{_for_(var_i_=_0;_i_<_a.length;_i++)_{_try_{_return_bar();_}_catch_(e)_{_break;_}_}_}
=== CONT  TestNoUnreachableLoopFires/function_someFunc()_{_for_(a_of_f(b))_{_if_(foo)_{_return;_}_throw_err;_}_}
=== CONT  TestNoUnreachableLoopFires/for_(var_i_=_0;_i_<_a.length;_i++)_{_switch_(foo)_{_default:_throw_err;_}_}
WAVE02_THROWN:6,true,false,,true,6,true,6,6,false,false,,
=== CONT  TestNoUnreachableLoopFires/for_(a_of_f(b))_{_throw_err;_}
WAVE02_THROWN:6,true,false,,true,6,true,6,6,false,false,,
WAVE02_THROWN:3,true,false,,true,3,true,3,3,false,false,,
=== CONT  TestNoUnreachableLoopFires/for_(a_of_f(b))_throw_err;
WAVE02_THROWN:4,true,false,,true,4,true,4,4,false,false,5,5
=== CONT  TestNoUnreachableLoopFires/function_someFunc()_{_for_(var_i_=_0;_i_<_a.length;_i++)_{_if_(foo)_{_return;_}_else_{_break;_}_bar();_}_}
WAVE02_THROWN:3,true,false,,true,3,true,3,3,false,false,,
=== CONT  TestNoUnreachableLoopFires/function_someFunc()_{_for_(var_i_=_0;_i_<_a.length;_i++)_{_if_(foo)_{_return;_}_throw_err;_}_}
=== CONT  TestNoUnreachableLoopFires/function_someFunc()_{_for_(a_of_f(b))_{_return;_}_}
=== CONT  TestNoUnreachableLoopFires/function_someFunc()_{_for_(var_i_=_0;_i_<_a.length;_i++)_if_(foo)_break;_else_return;_}
WAVE02_THROWN:5,true,false,,true,5,true,5,5,false,false,6,6
=== CONT  TestNoUnreachableLoopFires/function_someFunc()_{_for_(a_of_f(b))_return;_}
=== CONT  TestNoUnreachableLoopFires/function_someFunc()_{_for_(var_a_of_f(b))_{_switch_(foo)_{_case_1:_throw_err;_default:_return;_}_}_}
=== CONT  TestNoUnreachableLoopFires/for_(a_of_f(b))_{_break;_}
=== CONT  TestNoUnreachableLoopFires/function_someFunc()_{_for_(;;)_{_if_(foo)_{_return;_}_else_{_break;_}_bar();_}_}
=== CONT  TestNoUnreachableLoopFires/for_(var_i_=_0;_i_<_a.length;_i++)_{_break;_foo();_}
=== CONT  TestNoUnreachableLoopFires/for_(var_i_=_0;_i_<_a.length;_i++)_{_foo();_break;_}
WAVE02_THROWN:3,true,false,,true,3,true,3,3,false,false,,
=== CONT  TestNoUnreachableLoopFires/for_(a_of_f(b))_break;
=== CONT  TestNoUnreachableLoopFires/for_(var_i_=_0;_i_<_a.length;_i++)_{_throw_err;_}
=== CONT  TestNoUnreachableLoopFires/for_(a_of_b)_while_(true);
=== CONT  TestNoUnreachableLoopFires/for_(a_of_b)_{_for_(var_i_=_0;_;_i<_10)_{_foo();_}_}
=== CONT  TestNoUnreachableLoopFires/for_(var_i_=_0;_i_<_a.length;_i++)_throw_err;
WAVE02_THROWN:3,true,false,,true,3,true,3,3,false,false,,
WAVE02_THROWN:3,true,false,,true,3,true,3,3,false,false,,
=== CONT  TestNoUnreachableLoopFires/for_(a_of_b)_for_(;;);
WAVE02_THROWN:5,true,false,,true,5,true,5,5,false,false,,
=== CONT  TestNoUnreachableLoopFires/for_(a_of_b)_{_for_(a_of_b);_break;_}
=== CONT  TestNoUnreachableLoopFires/for_(a_of_b)_{_for(;;)_if_(foo)_break;_break;_}
=== CONT  TestNoUnreachableLoopFires/for_(a_of_b)_{_for_(;_b;);_break;_}
=== CONT  TestNoUnreachableLoopFires/for_(a_of_b)_{_for_(a;_b;_c);_break;_}
=== CONT  TestNoUnreachableLoopFires/for_(a_of_b)_{_while_(a);_break;_}
=== CONT  TestNoUnreachableLoopFires/for_(a_of_b)_{_()_=>_a;_break;_}
=== CONT  TestNoUnreachableLoopFires/for_(a_of_b)_{_(()_=>_a)();_break;_}
=== CONT  TestNoUnreachableLoopFires/for_(a_of_b)_{_do_;_while_(a)_break;_}
=== CONT  TestNoUnreachableLoopFires/function_someFunc()_{_for_(var_i_=_0;_i_<_a.length;_i++)_{_return;_}_}
=== CONT  TestNoUnreachableLoopFires/for_(a_of_b)_{_break;_continue;_}
=== CONT  TestNoUnreachableLoopFires/function_someFunc()_{_for_(var_i_=_0;_i_<_a.length;_i++)_return;_}
=== CONT  TestNoUnreachableLoopFires/for_(a_of_b)_{_for_(;_;_c)_if_(foo)_break;_break;_}
=== CONT  TestNoUnreachableLoopFires/for_(var_i_=_0;_i_<_a.length;_i++)_{_break;_}
=== CONT  TestNoUnreachableLoopFires/function_someFunc()_{_for_(a_of_b)_{_switch_(foo)_{_case_1:_something();_default:_return;_}_}_}
=== CONT  TestNoUnreachableLoopFires/function_someFunc()_{_for_(a_of_b)_{_try_{_return_bar();_}_catch_(e)_{_break;_}_}_}
=== CONT  TestNoUnreachableLoopFires/function_someFunc()_{_for_(a_of_b)_{_switch_(foo)_{_case_1:_throw_err;_default:_return;_}_}_}
=== CONT  TestNoUnreachableLoopFires/for_(var_i_=_0;_i_<_a.length;_i++)_break;
=== CONT  TestNoUnreachableLoopFires/for_(a_of_b)_{_switch_(foo)_{_default:_throw_err;_}_}
=== CONT  TestNoUnreachableLoopFires/function_someFunc()_{_for_(a_of_b)_{_if_(foo)_{_return;_}_throw_err;_}_}
WAVE02_THROWN:4,true,false,,true,4,true,4,4,false,false,5,5
=== CONT  TestNoUnreachableLoopFires/function_someFunc()_{_for_(a_of_b)_{_if_(foo)_{_return;_}_else_{_break;_}_bar();_}_}
=== CONT  TestNoUnreachableLoopFires/function_someFunc()_{_for_(a_of_b)_if_(foo)_break;_else_return;_}
WAVE02_THROWN:5,true,false,,true,5,true,5,5,false,false,,
=== CONT  TestNoUnreachableLoopFires/for_(a_of_b)_{_break;_foo();_}
=== CONT  TestNoUnreachableLoopFires/for_(a_of_b)_{_foo();_break;_}
=== CONT  TestNoUnreachableLoopFires/for_(var_a_of_f(b))_{_switch_(foo)_{_default:_throw_err;_}_}
=== CONT  TestNoUnreachableLoopFires/function_someFunc()_{_for_(var_a_of_f(b))_{_if_(foo)_{_return;_}_throw_err;_}_}
=== CONT  TestNoUnreachableLoopFires/for_(a;_b;_c)_while_(true);
=== CONT  TestNoUnreachableLoopFires/for_(a_of_b)_{_for_(a_in_b);_break;_}
WAVE02_THROWN:4,true,false,,true,4,true,4,4,false,false,5,5
=== CONT  TestNoUnreachableLoopFires/for_(a;_b;_c)_{_for_(var_i_=_0;_;_i<_10)_{_foo();_}_}
=== CONT  TestNoUnreachableLoopFires/function_someFunc()_{_for_(var_a_of_f(b))_{_if_(foo)_{_return;_}_else_{_break;_}_bar();_}_}
WAVE02_THROWN:5,true,false,,true,5,true,5,5,false,false,,
=== CONT  TestNoUnreachableLoopFires/for_(a;_b;_c)_for_(;;);
=== CONT  TestNoUnreachableLoopFires/for_(a_of_b)_{_throw_err;_}
=== CONT  TestNoUnreachableLoopFires/function_someFunc()_{_for_(var_a_of_f(b))_if_(foo)_break;_else_return;_}
=== CONT  TestNoUnreachableLoopFires/for_(a_of_b)_throw_err;
WAVE02_THROWN:3,true,false,,true,3,true,3,3,false,false,,
=== CONT  TestNoUnreachableLoopFires/for_(var_a_of_f(b))_{_break;_foo();_}
WAVE02_THROWN:3,true,false,,true,3,true,3,3,false,false,,
=== CONT  TestNoUnreachableLoopFires/for_(a;_b;_c)_{_for_(a_of_b);_break;_}
=== CONT  TestNoUnreachableLoopFires/function_someFunc()_{_for_(a_of_b)_{_return;_}_}
=== CONT  TestNoUnreachableLoopFires/for_(var_a_of_f(b))_{_foo();_break;_}
=== CONT  TestNoUnreachableLoopFires/function_someFunc()_{_for_(a_of_b)_return;_}
=== CONT  TestNoUnreachableLoopFires/for_(var_a_of_f(b))_{_throw_err;_}
=== CONT  TestNoUnreachableLoopFires/for_(a_of_b)_{_break;_}
=== CONT  TestNoUnreachableLoopFires/for_(a_of_b)_break;
WAVE02_THROWN:3,true,false,,true,3,true,3,3,false,false,,
=== CONT  TestNoUnreachableLoopFires/for_(let_a_in_f(b))_while_(true);
=== CONT  TestNoUnreachableLoopFires/for_(let_a_in_f(b))_{_for_(var_i_=_0;_;_i<_10)_{_foo();_}_}
=== CONT  TestNoUnreachableLoopFires/for_(let_a_in_f(b))_for_(;;);
=== CONT  TestNoUnreachableLoopFires/for_(let_a_in_f(b))_{_for_(a_of_b);_break;_}
=== CONT  TestNoUnreachableLoopFires/for_(let_a_in_f(b))_{_for_(a_in_b);_break;_}
=== CONT  TestNoUnreachableLoopFires/for_(let_a_in_f(b))_{_for(;;)_if_(foo)_break;_break;_}
=== CONT  TestNoUnreachableLoopFires/for_(let_a_in_f(b))_{_for_(;_;_c)_if_(foo)_break;_break;_}
=== CONT  TestNoUnreachableLoopFires/for_(let_a_in_f(b))_{_for_(;_b;);_break;_}
=== CONT  TestNoUnreachableLoopFires/for_(let_a_in_f(b))_{_for_(a;_b;_c);_break;_}
=== CONT  TestNoUnreachableLoopFires/for_(let_a_in_f(b))_{_do_;_while_(a)_break;_}
=== CONT  TestNoUnreachableLoopFires/for_(let_a_in_f(b))_{_while_(a);_break;_}
=== CONT  TestNoUnreachableLoopFires/for_(let_a_in_f(b))_{_(()_=>_a)();_break;_}
=== CONT  TestNoUnreachableLoopFires/for_(let_a_in_f(b))_{_()_=>_a;_break;_}
=== CONT  TestNoUnreachableLoopFires/function_someFunc()_{_for_(let_a_in_f(b))_{_try_{_return_bar();_}_catch_(e)_{_break;_}_}_}
=== CONT  TestNoUnreachableLoopFires/for_(let_a_in_f(b))_{_break;_continue;_}
=== CONT  TestNoUnreachableLoopFires/function_someFunc()_{_for_(let_a_in_f(b))_{_switch_(foo)_{_case_1:_throw_err;_default:_return;_}_}_}
=== CONT  TestNoUnreachableLoopFires/function_someFunc()_{_for_(let_a_in_f(b))_{_switch_(foo)_{_case_1:_something();_default:_return;_}_}_}
=== CONT  TestNoUnreachableLoopFires/for_(var_a_of_f(b))_throw_err;
=== CONT  TestNoUnreachableLoopFires/function_someFunc()_{_for_(var_a_of_f(b))_{_return;_}_}
WAVE02_THROWN:3,true,false,,true,3,true,3,3,false,false,,
=== CONT  TestNoUnreachableLoopFires/for_(var_a_in_b)_throw_err;
WAVE02_THROWN:5,true,false,,true,5,true,5,5,false,false,,
=== CONT  TestNoUnreachableLoopFires/function_someFunc()_{_for_(;;)_if_(foo)_break;_else_return;_}
=== CONT  TestNoUnreachableLoopFires/for_(let_a_in_f(b))_{_switch_(foo)_{_default:_throw_err;_}_}
WAVE02_THROWN:3,true,false,,true,3,true,3,3,false,false,,
=== CONT  TestNoUnreachableLoopFires/function_someFunc()_{_for_(var_a_of_f(b))_return;_}
WAVE02_THROWN:5,true,false,,true,5,true,5,5,false,false,,
=== CONT  TestNoUnreachableLoopFires/function_someFunc()_{_for_(let_a_in_f(b))_{_if_(foo)_{_return;_}_throw_err;_}_}
=== CONT  TestNoUnreachableLoopFires/for_(var_a_of_f(b))_{_break;_}
=== CONT  TestNoUnreachableLoopFires/function_someFunc()_{_for_(let_a_in_f(b))_{_if_(foo)_{_return;_}_else_{_break;_}_bar();_}_}
WAVE02_THROWN:5,true,false,,true,5,true,5,5,false,false,,
=== CONT  TestNoUnreachableLoopFires/for_(var_a_of_f(b))_break;
=== CONT  TestNoUnreachableLoopFires/function_someFunc()_{_for_(var_a_in_b)_{_return;_}_}
=== CONT  TestNoUnreachableLoopFires/function_someFunc()_{_for_(let_a_in_f(b))_if_(foo)_break;_else_return;_}
WAVE02_THROWN:4,true,false,,true,4,true,4,4,false,false,5,5
=== CONT  TestNoUnreachableLoopFires/function_someFunc()_{_for_(var_a_in_b)_return;_}
=== CONT  TestNoUnreachableLoopFires/for_(var_a_in_b)_{_break;_}
=== CONT  TestNoUnreachableLoopFires/for_({_a,_b_}_of_c)_{_for_(var_i_=_0;_;_i<_10)_{_foo();_}_}
=== CONT  TestNoUnreachableLoopFires/for_({_a,_b_}_of_c)_while_(true);
=== CONT  TestNoUnreachableLoopFires/for_(var_a_in_b)_break;
=== CONT  TestNoUnreachableLoopFires/for_({_a,_b_}_of_c)_for_(;;);
=== CONT  TestNoUnreachableLoopFires/for_({_a,_b_}_of_c)_{_for_(a_of_b);_break;_}
=== CONT  TestNoUnreachableLoopFires/for_({_a,_b_}_of_c)_{_for_(a_in_b);_break;_}
=== CONT  TestNoUnreachableLoopFires/for_(a_in_f(b))_while_(true);
=== CONT  TestNoUnreachableLoopFires/for_({_a,_b_}_of_c)_{_for(;;)_if_(foo)_break;_break;_}
=== CONT  TestNoUnreachableLoopFires/for_({_a,_b_}_of_c)_{_for_(;_;_c)_if_(foo)_break;_break;_}
=== CONT  TestNoUnreachableLoopFires/for_(a_in_f(b))_{_for_(var_i_=_0;_;_i<_10)_{_foo();_}_}
=== CONT  TestNoUnreachableLoopFires/for_({_a,_b_}_of_c)_{_for_(;_b;);_break;_}
=== CONT  TestNoUnreachableLoopFires/for_(a_in_f(b))_for_(;;);
=== CONT  TestNoUnreachableLoopFires/for_(let_a_in_f(b))_{_break;_foo();_}
=== CONT  TestNoUnreachableLoopFires/for_(a_in_f(b))_{_for_(a_of_b);_break;_}
=== CONT  TestNoUnreachableLoopFires/for_(let_a_in_f(b))_{_foo();_break;_}
=== CONT  TestNoUnreachableLoopFires/for_({_a,_b_}_of_c)_{_for_(a;_b;_c);_break;_}
=== CONT  TestNoUnreachableLoopFires/for_(let_a_in_f(b))_{_throw_err;_}
=== CONT  TestNoUnreachableLoopFires/for_(a_in_f(b))_{_for_(a_in_b);_break;_}
=== CONT  TestNoUnreachableLoopFires/for_({_a,_b_}_of_c)_{_do_;_while_(a)_break;_}
=== CONT  TestNoUnreachableLoopFires/for_(;;)_{_break;_foo();_}
=== CONT  TestNoUnreachableLoopFires/for_({_a,_b_}_of_c)_{_while_(a);_break;_}
=== CONT  TestNoUnreachableLoopFires/for_({_a,_b_}_of_c)_{_(()_=>_a)();_break;_}
=== CONT  TestNoUnreachableLoopFires/for_(a;_b;_c)_{_for_(a_in_b);_break;_}
=== CONT  TestNoUnreachableLoopFires/for_({_a,_b_}_of_c)_{_()_=>_a;_break;_}
=== CONT  TestNoUnreachableLoopFires/for_(a;_b;_c)_{_for(;;)_if_(foo)_break;_break;_}
=== CONT  TestNoUnreachableLoopFires/for_({_a,_b_}_of_c)_{_break;_continue;_}
=== CONT  TestNoUnreachableLoopFires/for_(a_in_f(b))_{_for_(;_;_c)_if_(foo)_break;_break;_}
=== CONT  TestNoUnreachableLoopFires/function_someFunc()_{_for_({_a,_b_}_of_c)_{_try_{_return_bar();_}_catch_(e)_{_break;_}_}_}
=== CONT  TestNoUnreachableLoopFires/for_(a_in_f(b))_{_for_(;_b;);_break;_}
WAVE02_THROWN:3,true,false,,true,3,true,3,3,false,false,,
=== CONT  TestNoUnreachableLoopFires/function_someFunc()_{_for_({_a,_b_}_of_c)_{_switch_(foo)_{_case_1:_something();_default:_return;_}_}_}
=== CONT  TestNoUnreachableLoopFires/for_(a_in_f(b))_{_for(;;)_if_(foo)_break;_break;_}
=== CONT  TestNoUnreachableLoopFires/function_someFunc()_{_for_({_a,_b_}_of_c)_{_switch_(foo)_{_case_1:_throw_err;_default:_return;_}_}_}
=== CONT  TestNoUnreachableLoopFires/for_(a;_b;_c)_{_for_(;_;_c)_if_(foo)_break;_break;_}
=== CONT  TestNoUnreachableLoopFires/for_({_a,_b_}_of_c)_{_switch_(foo)_{_default:_throw_err;_}_}
WAVE02_THROWN:5,true,false,,true,5,true,5,5,false,false,,
=== CONT  TestNoUnreachableLoopFires/for_(a;_b;_c)_{_for_(;_b;);_break;_}
=== CONT  TestNoUnreachableLoopFires/for_(a_in_f(b))_{_for_(a;_b;_c);_break;_}
=== CONT  TestNoUnreachableLoopFires/for_(a_in_f(b))_{_do_;_while_(a)_break;_}
=== CONT  TestNoUnreachableLoopFires/for_(a;_b;_c)_{_for_(a;_b;_c);_break;_}
=== CONT  TestNoUnreachableLoopFires/for_(a_in_f(b))_{_while_(a);_break;_}
WAVE02_THROWN:5,true,false,,true,5,true,5,5,false,false,,
=== CONT  TestNoUnreachableLoopFires/for_(a_in_f(b))_{_(()_=>_a)();_break;_}
=== CONT  TestNoUnreachableLoopFires/for_(a_in_f(b))_{_()_=>_a;_break;_}
=== CONT  TestNoUnreachableLoopFires/for_(a_in_f(b))_{_break;_continue;_}
=== CONT  TestNoUnreachableLoopFires/function_someFunc()_{_for_(a_in_f(b))_{_try_{_return_bar();_}_catch_(e)_{_break;_}_}_}
=== CONT  TestNoUnreachableLoopFires/function_someFunc()_{_for_(a_in_f(b))_{_switch_(foo)_{_case_1:_something();_default:_return;_}_}_}
=== CONT  TestNoUnreachableLoopFires/function_someFunc()_{_for_(a_in_f(b))_{_switch_(foo)_{_case_1:_throw_err;_default:_return;_}_}_}
=== CONT  TestNoUnreachableLoopFires/for_(;_b_<_foo;_)_while_(true);
=== CONT  TestNoUnreachableLoopFires/for_(a_in_f(b))_{_switch_(foo)_{_default:_throw_err;_}_}
=== CONT  TestNoUnreachableLoopFires/function_someFunc()_{_for_(a_in_f(b))_{_if_(foo)_{_return;_}_throw_err;_}_}
WAVE02_THROWN:5,true,false,,true,5,true,5,5,false,false,,
=== CONT  TestNoUnreachableLoopFires/function_someFunc()_{_for_(a_in_f(b))_{_if_(foo)_{_return;_}_else_{_break;_}_bar();_}_}
=== CONT  TestNoUnreachableLoopFires/function_someFunc()_{_for_(a_in_f(b))_if_(foo)_break;_else_return;_}
WAVE02_THROWN:5,true,false,,true,5,true,5,5,false,false,,
WAVE02_THROWN:4,true,false,,true,4,true,4,4,false,false,5,5
=== CONT  TestNoUnreachableLoopFires/for_(a_in_f(b))_{_break;_foo();_}
=== CONT  TestNoUnreachableLoopFires/for_(a_in_f(b))_{_throw_err;_}
=== CONT  TestNoUnreachableLoopFires/for_(;;)_{_foo();_break;_}
=== CONT  TestNoUnreachableLoopFires/for_(a;_b;_c)_{_do_;_while_(a)_break;_}
WAVE02_THROWN:3,true,false,,true,3,true,3,3,false,false,,
=== CONT  TestNoUnreachableLoopFires/for_(a_in_f(b))_throw_err;
=== CONT  TestNoUnreachableLoopFires/for_(a;_b;_c)_{_while_(a);_break;_}
=== CONT  TestNoUnreachableLoopFires/for_(a;_b;_c)_{_(()_=>_a)();_break;_}
WAVE02_THROWN:3,true,false,,true,3,true,3,3,false,false,,
=== CONT  TestNoUnreachableLoopFires/for_(a;_b;_c)_{_()_=>_a;_break;_}
=== CONT  TestNoUnreachableLoopFires/for_(a;_b;_c)_{_break;_continue;_}
=== CONT  TestNoUnreachableLoopFires/function_someFunc()_{_for_(a;_b;_c)_{_try_{_return_bar();_}_catch_(e)_{_break;_}_}_}
=== CONT  TestNoUnreachableLoopFires/for_(a_in_f(b))_{_foo();_break;_}
=== CONT  TestNoUnreachableLoopFires/function_someFunc()_{_for_(a;_b;_c)_{_switch_(foo)_{_case_1:_something();_default:_return;_}_}_}
=== CONT  TestNoUnreachableLoopFires/function_someFunc()_{_for_(a;_b;_c)_{_switch_(foo)_{_case_1:_throw_err;_default:_return;_}_}_}
=== CONT  TestNoUnreachableLoopFires/for_(a;_b;_c)_{_switch_(foo)_{_default:_throw_err;_}_}
WAVE02_THROWN:6,true,false,,true,6,true,6,6,false,false,,
=== CONT  TestNoUnreachableLoopFires/function_someFunc()_{_for_(a;_b;_c)_{_if_(foo)_{_return;_}_throw_err;_}_}
=== CONT  TestNoUnreachableLoopFires/function_someFunc()_{_for_(a;_b;_c)_{_if_(foo)_{_return;_}_else_{_break;_}_bar();_}_}
=== CONT  TestNoUnreachableLoopFires/function_someFunc()_{_for_(a;_b;_c)_if_(foo)_break;_else_return;_}
WAVE02_THROWN:5,true,false,,true,5,true,5,5,false,false,6,6
=== CONT  TestNoUnreachableLoopFires/for_(a;_b;_c)_{_break;_foo();_}
=== CONT  TestNoUnreachableLoopFires/function_someFunc()_{_for_(a_in_f(b))_{_return;_}_}
=== CONT  TestNoUnreachableLoopFires/for_(a;_b;_c)_{_foo();_break;_}
=== CONT  TestNoUnreachableLoopFires/function_someFunc()_{_for_(a_in_f(b))_return;_}
=== CONT  TestNoUnreachableLoopFires/for_(a;_b;_c)_{_throw_err;_}
WAVE02_THROWN:6,true,false,,true,6,true,6,6,false,false,,
=== CONT  TestNoUnreachableLoopFires/for_(a_in_f(b))_{_break;_}
=== CONT  TestNoUnreachableLoopFires/for_(a;_b;_c)_throw_err;
=== CONT  TestNoUnreachableLoopFires/function_someFunc()_{_for_({_a,_b_}_of_c)_{_if_(foo)_{_return;_}_throw_err;_}_}
=== CONT  TestNoUnreachableLoopFires/for_(a_in_f(b))_break;
=== CONT  TestNoUnreachableLoopFires/function_someFunc()_{_for_(a;_b;_c)_{_return;_}_}
WAVE02_THROWN:3,true,false,,true,3,true,3,3,false,false,,
WAVE02_THROWN:4,true,false,,true,4,true,4,4,false,false,5,5
=== CONT  TestNoUnreachableLoopFires/for_(let_a_in_f(b))_throw_err;
=== CONT  TestNoUnreachableLoopFires/for_(a_in_b)_while_(true);
=== CONT  TestNoUnreachableLoopFires/function_someFunc()_{_for_(let_a_in_f(b))_{_return;_}_}
=== CONT  TestNoUnreachableLoopFires/for_(a_in_b)_{_for_(var_i_=_0;_;_i<_10)_{_foo();_}_}
WAVE02_THROWN:3,true,false,,true,3,true,3,3,false,false,,
=== CONT  TestNoUnreachableLoopFires/function_someFunc()_{_for_(let_a_in_f(b))_return;_}
=== CONT  TestNoUnreachableLoopFires/for_(a_in_b)_for_(;;);
=== CONT  TestNoUnreachableLoopFires/for_(let_a_in_f(b))_{_break;_}
WAVE02_THROWN:3,true,false,,true,3,true,3,3,false,false,,
=== CONT  TestNoUnreachableLoopFires/for_(a_in_b)_{_for_(a_of_b);_break;_}
=== CONT  TestNoUnreachableLoopFires/function_someFunc()_{_for_({_a,_b_}_of_c)_{_if_(foo)_{_return;_}_else_{_break;_}_bar();_}_}
=== CONT  TestNoUnreachableLoopFires/for_(let_a_in_f(b))_break;
=== CONT  TestNoUnreachableLoopFires/for_(a_in_b)_{_for_(a_in_b);_break;_}
=== CONT  TestNoUnreachableLoopFires/for_(var_a_in_b)_while_(true);
=== CONT  TestNoUnreachableLoopFires/for_(a_in_b)_{_for(;;)_if_(foo)_break;_break;_}
=== CONT  TestNoUnreachableLoopFires/for_(a_in_b)_{_for_(;_;_c)_if_(foo)_break;_break;_}
=== CONT  TestNoUnreachableLoopFires/for_(var_a_in_b)_{_for_(var_i_=_0;_;_i<_10)_{_foo();_}_}
=== CONT  TestNoUnreachableLoopFires/for_(a_in_b)_{_for_(;_b;);_break;_}
=== CONT  TestNoUnreachableLoopFires/for_(var_a_in_b)_for_(;;);
=== CONT  TestNoUnreachableLoopFires/for_(a_in_b)_{_for_(a;_b;_c);_break;_}
=== CONT  TestNoUnreachableLoopFires/for_(a_in_b)_{_do_;_while_(a)_break;_}
=== CONT  TestNoUnreachableLoopFires/for_(a_in_b)_{_while_(a);_break;_}
=== CONT  TestNoUnreachableLoopFires/for_(a_in_b)_{_(()_=>_a)();_break;_}
=== CONT  TestNoUnreachableLoopFires/for_(var_a_in_b)_{_for_(a_of_b);_break;_}
=== CONT  TestNoUnreachableLoopFires/for_(var_a_in_b)_{_for_(a_in_b);_break;_}
=== CONT  TestNoUnreachableLoopFires/for_(a_in_b)_{_()_=>_a;_break;_}
=== CONT  TestNoUnreachableLoopFires/for_(var_a_in_b)_{_for(;;)_if_(foo)_break;_break;_}
=== CONT  TestNoUnreachableLoopFires/function_someFunc()_{_for_({_a,_b_}_of_c)_if_(foo)_break;_else_return;_}
=== CONT  TestNoUnreachableLoopFires/for_(var_a_in_b)_{_for_(;_;_c)_if_(foo)_break;_break;_}
=== CONT  TestNoUnreachableLoopFires/for_({_a,_b_}_of_c)_{_break;_foo();_}
=== CONT  TestNoUnreachableLoopFires/function_someFunc()_{_for_(a;_b;_c)_return;_}
=== CONT  TestNoUnreachableLoopFires/for_(a_in_b)_{_break;_continue;_}
=== CONT  TestNoUnreachableLoopFires/for_(a;_b;_c)_{_break;_}
=== CONT  TestNoUnreachableLoopFires/for_({_a,_b_}_of_c)_{_foo();_break;_}
=== CONT  TestNoUnreachableLoopFires/for_(a;_b;_c)_break;
=== CONT  TestNoUnreachableLoopFires/do_while_(true);_while_(a_&&_b)
=== CONT  TestNoUnreachableLoopFires/do_{_for_(var_i_=_0;_;_i<_10)_{_foo();_}_}_while_(a_&&_b)
=== CONT  TestNoUnreachableLoopFires/do_for_(;;);_while_(a_&&_b)
=== CONT  TestNoUnreachableLoopFires/do_{_for_(a_of_b);_break;_}_while_(a_&&_b)
=== CONT  TestNoUnreachableLoopFires/do_{_for_(a_in_b);_break;_}_while_(a_&&_b)
=== CONT  TestNoUnreachableLoopFires/do_{_for(;;)_if_(foo)_break;_break;_}_while_(a_&&_b)
=== CONT  TestNoUnreachableLoopFires/do_{_for_(;_;_c)_if_(foo)_break;_break;_}_while_(a_&&_b)
=== CONT  TestNoUnreachableLoopFires/do_{_for_(;_b;);_break;_}_while_(a_&&_b)
=== CONT  TestNoUnreachableLoopFires/do_{_for_(a;_b;_c);_break;_}_while_(a_&&_b)
=== CONT  TestNoUnreachableLoopFires/do_{_do_;_while_(a)_break;_}_while_(a_&&_b)
=== CONT  TestNoUnreachableLoopFires/do_{_while_(a);_break;_}_while_(a_&&_b)
=== CONT  TestNoUnreachableLoopFires/do_{_(()_=>_a)();_break;_}_while_(a_&&_b)
=== CONT  TestNoUnreachableLoopFires/do_{_()_=>_a;_break;_}_while_(a_&&_b)
=== CONT  TestNoUnreachableLoopFires/do_{_break;_continue;_}_while_(a_&&_b)
=== CONT  TestNoUnreachableLoopFires/function_someFunc()_{_do_{_try_{_return_bar();_}_catch_(e)_{_break;_}_}_while_(a_&&_b)_}
=== CONT  TestNoUnreachableLoopFires/function_someFunc()_{_do_{_switch_(foo)_{_case_1:_something();_default:_return;_}_}_while_(a_&&_b)_}
=== CONT  TestNoUnreachableLoopFires/function_someFunc()_{_do_{_switch_(foo)_{_case_1:_throw_err;_default:_return;_}_}_while_(a_&&_b)_}
=== CONT  TestNoUnreachableLoopFires/do_{_switch_(foo)_{_default:_throw_err;_}_}_while_(a_&&_b)
WAVE02_THROWN:5,true,false,,true,5,true,5,5,false,false,,
=== CONT  TestNoUnreachableLoopFires/function_someFunc()_{_do_{_if_(foo)_{_return;_}_throw_err;_}_while_(a_&&_b)_}
=== CONT  TestNoUnreachableLoopFires/function_someFunc()_{_do_{_if_(foo)_{_return;_}_else_{_break;_}_bar();_}_while_(a_&&_b)_}
WAVE02_THROWN:5,true,false,,true,5,true,5,5,false,false,,
=== CONT  TestNoUnreachableLoopFires/for_({_a,_b_}_of_c)_{_throw_err;_}
=== CONT  TestNoUnreachableLoopFires/for_({_a,_b_}_of_c)_throw_err;
=== CONT  TestNoUnreachableLoopFires/function_someFunc()_{_do_if_(foo)_break;_else_return;_while_(a_&&_b)_}
WAVE02_THROWN:4,true,false,,true,4,true,4,4,false,false,5,5
=== CONT  TestNoUnreachableLoopFires/function_someFunc()_{_for_({_a,_b_}_of_c)_return;_}
WAVE02_THROWN:3,true,false,,true,3,true,3,3,false,false,,
=== CONT  TestNoUnreachableLoopFires/function_someFunc()_{_for_({_a,_b_}_of_c)_{_return;_}_}
=== CONT  TestNoUnreachableLoopFires/for_({_a,_b_}_of_c)_{_break;_}
=== CONT  TestNoUnreachableLoopFires/for_({_a,_b_}_of_c)_break;
WAVE02_THROWN:3,true,false,,true,3,true,3,3,false,false,,
=== CONT  TestNoUnreachableLoopFires/for_(a_of_f(b))_{_for_(var_i_=_0;_;_i<_10)_{_foo();_}_}
=== CONT  TestNoUnreachableLoopFires/for_(a_of_f(b))_for_(;;);
=== CONT  TestNoUnreachableLoopFires/for_(a_of_f(b))_while_(true);
=== CONT  TestNoUnreachableLoopFires/for_(a_of_f(b))_{_for_(a_of_b);_break;_}
=== CONT  TestNoUnreachableLoopFires/do_{_foo();_break;_}_while_(a_&&_b)
=== CONT  TestNoUnreachableLoopFires/do_{_break;_foo();_}_while_(a_&&_b)
=== CONT  TestNoUnreachableLoopFires/function_someFunc()_{_for_(a_in_b)_{_try_{_return_bar();_}_catch_(e)_{_break;_}_}_}
=== CONT  TestNoUnreachableLoopFires/for_(;_b_<_foo;_)_{_for_(var_i_=_0;_;_i<_10)_{_foo();_}_}
=== CONT  TestNoUnreachableLoopFires/for_(;;)_{_throw_err;_}
=== CONT  TestNoUnreachableLoopFires/do_{_throw_err;_}_while_(a_&&_b)
=== CONT  TestNoUnreachableLoopFires/for_(;;)_throw_err;
WAVE02_THROWN:1,true,false,,true,1,true,1,1,false,false,,
WAVE02_THROWN:1,true,false,,true,1,true,1,1,false,false,,
=== CONT  TestNoUnreachableLoopFires/function_someFunc()_{_for_(;;)_{_return;_}_}
=== CONT  TestNoUnreachableLoopFires/do_throw_err;_while_(a_&&_b)
WAVE02_THROWN:1,true,false,,true,1,true,1,1,false,false,,
=== CONT  TestNoUnreachableLoopFires/function_someFunc()_{_do_{_return;_}_while_(a_&&_b)_}
=== CONT  TestNoUnreachableLoopFires/for_(var_a_in_b)_{_for_(;_b;);_break;_}
WAVE02_THROWN:1,true,false,,true,1,true,1,1,false,false,,
=== CONT  TestNoUnreachableLoopFires/function_someFunc()_{_do_return;_while_(a_&&_b)_}
=== CONT  TestNoUnreachableLoopFires/for_(var_a_in_b)_{_for_(a;_b;_c);_break;_}
=== CONT  TestNoUnreachableLoopFires/function_someFunc()_{_for_(;;)_return;_}
=== CONT  TestNoUnreachableLoopFires/for_(var_a_in_b)_{_do_;_while_(a)_break;_}
=== CONT  TestNoUnreachableLoopFires/do_{_break;_}_while_(a_&&_b)
=== CONT  TestNoUnreachableLoopFires/for_(;;)_{_break;_}
=== CONT  TestNoUnreachableLoopFires/do_break;_while_(a_&&_b)
=== CONT  TestNoUnreachableLoopFires/for_(;;)_break;
=== CONT  TestNoUnreachableLoopFires/do_while_(true);_while_(a)
=== CONT  TestNoUnreachableLoopFires/for_(a_=_0;_;)_while_(true);
=== CONT  TestNoUnreachableLoopFires/do_{_for_(var_i_=_0;_;_i<_10)_{_foo();_}_}_while_(a)
=== CONT  TestNoUnreachableLoopFires/for_(a_=_0;_;)_{_for_(var_i_=_0;_;_i<_10)_{_foo();_}_}
=== CONT  TestNoUnreachableLoopFires/do_for_(;;);_while_(a)
=== CONT  TestNoUnreachableLoopFires/for_(a_=_0;_;)_for_(;;);
=== CONT  TestNoUnreachableLoopFires/do_{_for_(a_of_b);_break;_}_while_(a)
=== CONT  TestNoUnreachableLoopFires/do_{_for_(a_in_b);_break;_}_while_(a)
=== CONT  TestNoUnreachableLoopFires/for_(a_=_0;_;)_{_for_(a_of_b);_break;_}
=== CONT  TestNoUnreachableLoopFires/for_(var_a_in_b)_{_while_(a);_break;_}
=== CONT  TestNoUnreachableLoopFires/for_(a_=_0;_;)_{_for_(a_in_b);_break;_}
=== CONT  TestNoUnreachableLoopFires/function_someFunc()_{_for_(a_in_b)_{_switch_(foo)_{_case_1:_something();_default:_return;_}_}_}
=== CONT  TestNoUnreachableLoopFires/function_someFunc()_{_for_(a_in_b)_{_switch_(foo)_{_case_1:_throw_err;_default:_return;_}_}_}
=== CONT  TestNoUnreachableLoopFires/for_(a_=_0;_;)_{_for(;;)_if_(foo)_break;_break;_}
=== CONT  TestNoUnreachableLoopFires/for_(a_=_0;_;)_{_for_(;_;_c)_if_(foo)_break;_break;_}
=== CONT  TestNoUnreachableLoopFires/for_(a_in_b)_{_switch_(foo)_{_default:_throw_err;_}_}
WAVE02_THROWN:5,true,false,,true,5,true,5,5,false,false,,
=== CONT  TestNoUnreachableLoopFires/for_(a_=_0;_;)_{_for_(;_b;);_break;_}
=== CONT  TestNoUnreachableLoopFires/for_(a_=_0;_;)_{_for_(a;_b;_c);_break;_}
=== CONT  TestNoUnreachableLoopFires/for_(var_a_in_b)_{_(()_=>_a)();_break;_}
WAVE02_THROWN:5,true,false,,true,5,true,5,5,false,false,,
=== CONT  TestNoUnreachableLoopFires/for_(a_=_0;_;)_{_do_;_while_(a)_break;_}
=== CONT  TestNoUnreachableLoopFires/for_(a_=_0;_;)_{_while_(a);_break;_}
=== CONT  TestNoUnreachableLoopFires/for_(a_=_0;_;)_{_(()_=>_a)();_break;_}
=== CONT  TestNoUnreachableLoopFires/for_(a_=_0;_;)_{_()_=>_a;_break;_}
=== CONT  TestNoUnreachableLoopFires/for_(a_=_0;_;)_{_break;_continue;_}
=== CONT  TestNoUnreachableLoopFires/function_someFunc()_{_for_(a_=_0;_;)_{_switch_(foo)_{_case_1:_something();_default:_return;_}_}_}
=== CONT  TestNoUnreachableLoopFires/function_someFunc()_{_for_(a_=_0;_;)_{_try_{_return_bar();_}_catch_(e)_{_break;_}_}_}
=== CONT  TestNoUnreachableLoopFires/function_someFunc()_{_for_(a_=_0;_;)_{_switch_(foo)_{_case_1:_throw_err;_default:_return;_}_}_}
=== CONT  TestNoUnreachableLoopFires/for_(a_=_0;_;)_{_switch_(foo)_{_default:_throw_err;_}_}
=== CONT  TestNoUnreachableLoopFires/for_(;_b_<_foo;_)_for_(;;);
=== CONT  TestNoUnreachableLoopFires/function_someFunc()_{_for_(a_=_0;_;)_{_if_(foo)_{_return;_}_throw_err;_}_}
=== CONT  TestNoUnreachableLoopFires/function_someFunc()_{_for_(a_=_0;_;)_{_if_(foo)_{_return;_}_else_{_break;_}_bar();_}_}
WAVE02_THROWN:4,true,false,,true,4,true,4,4,false,false,,
=== CONT  TestNoUnreachableLoopFires/function_someFunc()_{_for_(a_=_0;_;)_if_(foo)_break;_else_return;_}
=== CONT  TestNoUnreachableLoopFires/for_(a_=_0;_;)_{_break;_foo();_}
WAVE02_THROWN:3,true,false,,true,3,true,3,3,false,false,4,4
=== CONT  TestNoUnreachableLoopFires/for_(var_a_in_b)_{_()_=>_a;_break;_}
=== CONT  TestNoUnreachableLoopFires/for_(a_=_0;_;)_{_throw_err;_}
=== CONT  TestNoUnreachableLoopFires/for_(var_a_in_b)_{_break;_continue;_}
WAVE02_THROWN:1,true,false,,true,1,true,1,1,false,false,,
=== CONT  TestNoUnreachableLoopFires/function_someFunc()_{_for_(var_a_in_b)_{_try_{_return_bar();_}_catch_(e)_{_break;_}_}_}
=== CONT  TestNoUnreachableLoopFires/for_(a_=_0;_;)_{_foo();_break;_}
=== CONT  TestNoUnreachableLoopFires/for_(a_=_0;_;)_throw_err;
=== CONT  TestNoUnreachableLoopFires/function_someFunc()_{_for_(var_a_in_b)_{_switch_(foo)_{_case_1:_something();_default:_return;_}_}_}
WAVE02_THROWN:4,true,false,,true,4,true,4,4,false,false,,
=== CONT  TestNoUnreachableLoopFires/do_{_for(;;)_if_(foo)_break;_break;_}_while_(a)
WAVE02_THROWN:1,true,false,,true,1,true,1,1,false,false,,
=== CONT  TestNoUnreachableLoopFires/do_{_for_(;_;_c)_if_(foo)_break;_break;_}_while_(a)
=== CONT  TestNoUnreachableLoopFires/function_someFunc()_{_for_(var_a_in_b)_{_switch_(foo)_{_case_1:_throw_err;_default:_return;_}_}_}
=== CONT  TestNoUnreachableLoopFires/do_{_for_(;_b;);_break;_}_while_(a)
=== CONT  TestNoUnreachableLoopFires/do_{_for_(a;_b;_c);_break;_}_while_(a)
=== CONT  TestNoUnreachableLoopFires/for_(var_a_in_b)_{_switch_(foo)_{_default:_throw_err;_}_}
=== CONT  TestNoUnreachableLoopFires/function_someFunc()_{_for_(var_a_in_b)_{_if_(foo)_{_return;_}_throw_err;_}_}
=== CONT  TestNoUnreachableLoopFires/do_{_do_;_while_(a)_break;_}_while_(a)
=== CONT  TestNoUnreachableLoopFires/do_{_(()_=>_a)();_break;_}_while_(a)
WAVE02_THROWN:5,true,false,,true,5,true,5,5,false,false,,
WAVE02_THROWN:4,true,false,,true,4,true,4,4,false,false,5,5
=== CONT  TestNoUnreachableLoopFires/function_someFunc()_{_for_(var_a_in_b)_{_if_(foo)_{_return;_}_else_{_break;_}_bar();_}_}
=== CONT  TestNoUnreachableLoopFires/do_{_()_=>_a;_break;_}_while_(a)
=== CONT  TestNoUnreachableLoopFires/function_someFunc()_{_for_(var_a_in_b)_if_(foo)_break;_else_return;_}
=== CONT  TestNoUnreachableLoopFires/do_{_break;_continue;_}_while_(a)
=== CONT  TestNoUnreachableLoopFires/function_someFunc()_{_do_{_try_{_return_bar();_}_catch_(e)_{_break;_}_}_while_(a)_}
=== CONT  TestNoUnreachableLoopFires/for_(var_a_in_b)_{_break;_foo();_}
=== CONT  TestNoUnreachableLoopFires/function_someFunc()_{_for_(a_=_0;_;)_{_return;_}_}
=== CONT  TestNoUnreachableLoopFires/function_someFunc()_{_for_(a_=_0;_;)_return;_}
=== CONT  TestNoUnreachableLoopFires/function_someFunc()_{_do_{_switch_(foo)_{_case_1:_something();_default:_return;_}_}_while_(a)_}
WAVE02_THROWN:5,true,false,,true,5,true,5,5,false,false,,
=== CONT  TestNoUnreachableLoopFires/for_(var_a_in_b)_{_foo();_break;_}
=== CONT  TestNoUnreachableLoopFires/function_someFunc()_{_do_{_switch_(foo)_{_case_1:_throw_err;_default:_return;_}_}_while_(a)_}
=== CONT  TestNoUnreachableLoopFires/for_(a_=_0;_;)_{_break;_}
=== CONT  TestNoUnreachableLoopFires/do_{_switch_(foo)_{_default:_throw_err;_}_}_while_(a)
=== CONT  TestNoUnreachableLoopFires/function_someFunc()_{_for_(a_in_b)_{_if_(foo)_{_return;_}_throw_err;_}_}
WAVE02_THROWN:5,true,false,,true,5,true,5,5,false,false,,
=== CONT  TestNoUnreachableLoopFires/for_(a_=_0;_;)_break;
WAVE02_THROWN:4,true,false,,true,4,true,4,4,false,false,5,5
=== CONT  TestNoUnreachableLoopFires/function_someFunc()_{_for_(a_in_b)_{_if_(foo)_{_return;_}_else_{_break;_}_bar();_}_}
=== CONT  TestNoUnreachableLoopFires/for_(a;_;)_while_(true);
=== CONT  TestNoUnreachableLoopFires/function_someFunc()_{_for_(a_in_b)_if_(foo)_break;_else_return;_}
=== CONT  TestNoUnreachableLoopFires/for_(a_in_b)_{_break;_foo();_}
=== CONT  TestNoUnreachableLoopFires/function_someFunc()_{_do_{_if_(foo)_{_return;_}_throw_err;_}_while_(a)_}
=== CONT  TestNoUnreachableLoopFires/function_someFunc()_{_do_{_if_(foo)_{_return;_}_else_{_break;_}_bar();_}_while_(a)_}
=== CONT  TestNoUnreachableLoopFires/for_(a;_;)_for_(;;);
WAVE02_THROWN:5,true,false,,true,5,true,5,5,false,false,,
=== CONT  TestNoUnreachableLoopFires/for_(a;_;)_{_for_(var_i_=_0;_;_i<_10)_{_foo();_}_}
WAVE02_THROWN:4,true,false,,true,4,true,4,4,false,false,5,5
=== CONT  TestNoUnreachableLoopFires/for_(a_in_b)_{_foo();_break;_}
=== CONT  TestNoUnreachableLoopFires/function_someFunc()_{_do_if_(foo)_break;_else_return;_while_(a)_}
=== CONT  TestNoUnreachableLoopFires/for_(a;_;)_{_for_(a_of_b);_break;_}
=== CONT  TestNoUnreachableLoopFires/do_{_break;_foo();_}_while_(a)
=== CONT  TestNoUnreachableLoopFires/for_(a;_;)_{_for_(a_in_b);_break;_}
=== CONT  TestNoUnreachableLoopFires/for_(a;_;)_{_for(;;)_if_(foo)_break;_break;_}
=== CONT  TestNoUnreachableLoopFires/for_(a;_;)_{_for_(;_;_c)_if_(foo)_break;_break;_}
=== CONT  TestNoUnreachableLoopFires/for_(a;_;)_{_for_(;_b;);_break;_}
=== CONT  TestNoUnreachableLoopFires/for_(a;_;)_{_for_(a;_b;_c);_break;_}
=== CONT  TestNoUnreachableLoopFires/for_(a;_;)_{_do_;_while_(a)_break;_}
=== CONT  TestNoUnreachableLoopFires/for_(a;_;)_{_while_(a);_break;_}
=== CONT  TestNoUnreachableLoopFires/for_(a;_;)_{_(()_=>_a)();_break;_}
=== CONT  TestNoUnreachableLoopFires/do_{_foo();_break;_}_while_(a)
=== CONT  TestNoUnreachableLoopFires/do_{_throw_err;_}_while_(a)
=== CONT  TestNoUnreachableLoopFires/for_(a_in_b)_{_throw_err;_}
=== CONT  TestNoUnreachableLoopFires/do_throw_err;_while_(a)
=== CONT  TestNoUnreachableLoopFires/for_(a_in_b)_throw_err;
WAVE02_THROWN:1,true,false,,true,1,true,1,1,false,false,,
=== CONT  TestNoUnreachableLoopFires/function_someFunc()_{_do_{_return;_}_while_(a)_}
WAVE02_THROWN:1,true,false,,true,1,true,1,1,false,false,,
=== CONT  TestNoUnreachableLoopFires/function_someFunc()_{_for_(a_in_b)_{_return;_}_}
WAVE02_THROWN:3,true,false,,true,3,true,3,3,false,false,,
=== CONT  TestNoUnreachableLoopFires/function_someFunc()_{_for_(a_in_b)_return;_}
=== CONT  TestNoUnreachableLoopFires/for_(a;_;)_{_()_=>_a;_break;_}
=== CONT  TestNoUnreachableLoopFires/for_(a_in_b)_{_break;_}
=== CONT  TestNoUnreachableLoopFires/for_(a_in_b)_break;
=== CONT  TestNoUnreachableLoopFires/function_someFunc()_{_do_return;_while_(a)_}
=== CONT  TestNoUnreachableLoopFires/for_(;_b_<_foo;_)_{_for_(a_of_b);_break;_}
=== CONT  TestNoUnreachableLoopFires/for_(;;)_while_(true);
=== CONT  TestNoUnreachableLoopFires/for_(;_b_<_foo;_)_{_for_(a_in_b);_break;_}
=== CONT  TestNoUnreachableLoopFires/for_(;;)_{_for_(var_i_=_0;_;_i<_10)_{_foo();_}_}
=== CONT  TestNoUnreachableLoopFires/for_(;_b_<_foo;_)_{_for(;;)_if_(foo)_break;_break;_}
=== CONT  TestNoUnreachableLoopFires/do_{_break;_}_while_(a)
WAVE02_THROWN:3,true,false,,true,3,true,3,3,false,false,,
=== CONT  TestNoUnreachableLoopFires/for_(;_b_<_foo;_)_{_for_(;_;_c)_if_(foo)_break;_break;_}
=== CONT  TestNoUnreachableLoopFires/do_break;_while_(a)
=== CONT  TestNoUnreachableLoopFires/for_(;;)_for_(;;);
=== CONT  TestNoUnreachableLoopFires/for_(;;)_{_for_(a_of_b);_break;_}
=== CONT  TestNoUnreachableLoopFires/for_(;_b_<_foo;_)_{_for_(;_b;);_break;_}
=== CONT  TestNoUnreachableLoopFires/while_(a_&&_b)_while_(true);
=== CONT  TestNoUnreachableLoopFires/for_(;_b_<_foo;_)_{_for_(a;_b;_c);_break;_}
=== CONT  TestNoUnreachableLoopFires/for_(;_b_<_foo;_)_{_do_;_while_(a)_break;_}
=== CONT  TestNoUnreachableLoopFires/for_(;_b_<_foo;_)_{_while_(a);_break;_}
=== CONT  TestNoUnreachableLoopFires/for_(;;)_{_for_(a_in_b);_break;_}
=== CONT  TestNoUnreachableLoopFires/for_(;_b_<_foo;_)_{_(()_=>_a)();_break;_}
=== CONT  TestNoUnreachableLoopFires/for_(;;)_{_for(;;)_if_(foo)_break;_break;_}
=== CONT  TestNoUnreachableLoopFires/for_(;_b_<_foo;_)_{_()_=>_a;_break;_}
=== CONT  TestNoUnreachableLoopFires/for_(;;)_{_for_(;_;_c)_if_(foo)_break;_break;_}
=== CONT  TestNoUnreachableLoopFires/for_(;_b_<_foo;_)_{_break;_continue;_}
=== CONT  TestNoUnreachableLoopFires/for_(;;)_{_for_(;_b;);_break;_}
=== CONT  TestNoUnreachableLoopFires/function_someFunc()_{_for_(;_b_<_foo;_)_{_try_{_return_bar();_}_catch_(e)_{_break;_}_}_}
=== CONT  TestNoUnreachableLoopFires/for_(;;)_{_for_(a;_b;_c);_break;_}
=== CONT  TestNoUnreachableLoopFires/for_(;;)_{_while_(a);_break;_}
=== CONT  TestNoUnreachableLoopFires/for_(;;)_{_(()_=>_a)();_break;_}
=== CONT  TestNoUnreachableLoopFires/function_someFunc()_{_for_(;_b_<_foo;_)_{_switch_(foo)_{_case_1:_throw_err;_default:_return;_}_}_}
=== CONT  TestNoUnreachableLoopFires/for_(;;)_{_()_=>_a;_break;_}
WAVE02_THROWN:5,true,false,,true,5,true,5,5,false,false,,
=== CONT  TestNoUnreachableLoopFires/for_(;;)_{_break;_continue;_}
=== CONT  TestNoUnreachableLoopFires/function_someFunc()_{_for_(a;_;)_{_try_{_return_bar();_}_catch_(e)_{_break;_}_}_}
=== CONT  TestNoUnreachableLoopFires/function_someFunc()_{_for_(a;_;)_{_switch_(foo)_{_case_1:_something();_default:_return;_}_}_}
=== CONT  TestNoUnreachableLoopFires/for_(;;)_{_do_;_while_(a)_break;_}
=== CONT  TestNoUnreachableLoopFires/function_someFunc()_{_for_(;;)_{_switch_(foo)_{_case_1:_something();_default:_return;_}_}_}
=== CONT  TestNoUnreachableLoopFires/function_someFunc()_{_for_(a;_;)_{_switch_(foo)_{_case_1:_throw_err;_default:_return;_}_}_}
=== CONT  TestNoUnreachableLoopFires/function_someFunc()_{_for_(;;)_{_switch_(foo)_{_case_1:_throw_err;_default:_return;_}_}_}
=== CONT  TestNoUnreachableLoopFires/function_someFunc()_{_for_(;;)_{_try_{_return_bar();_}_catch_(e)_{_break;_}_}_}
WAVE02_THROWN:4,true,false,,true,4,true,4,4,false,false,,
=== CONT  TestNoUnreachableLoopFires/for_(;;)_{_switch_(foo)_{_default:_throw_err;_}_}
WAVE02_THROWN:4,true,false,,true,4,true,4,4,false,false,,
=== CONT  TestNoUnreachableLoopFires/for_(;_b_<_foo;_)_{_switch_(foo)_{_default:_throw_err;_}_}
WAVE02_THROWN:5,true,false,,true,5,true,5,5,false,false,,
=== CONT  TestNoUnreachableLoopFires/function_someFunc()_{_for_(;;)_{_if_(foo)_{_return;_}_throw_err;_}_}
=== CONT  TestNoUnreachableLoopFires/for_(a;_;)_{_switch_(foo)_{_default:_throw_err;_}_}
WAVE02_THROWN:4,true,false,,true,4,true,4,4,false,false,,
WAVE02_THROWN:3,true,false,,true,3,true,3,3,false,false,4,4
=== CONT  TestNoUnreachableLoopFires/function_someFunc()_{_for_(;_b_<_foo;_)_{_switch_(foo)_{_case_1:_something();_default:_return;_}_}_}
=== CONT  TestNoUnreachableLoopFires/function_someFunc()_{_for_(a;_;)_{_if_(foo)_{_return;_}_throw_err;_}_}
=== CONT  TestNoUnreachableLoopStaysSilent/while_(a)_;
WAVE02_THROWN:3,true,false,,true,3,true,3,3,false,false,4,4
=== CONT  TestNoUnreachableLoopFires/function_someFunc()_{_for_(;_b_<_foo;_)_{_if_(foo)_{_return;_}_throw_err;_}_}
WAVE02_THROWN:4,true,false,,true,4,true,4,4,false,false,5,5
=== CONT  TestNoUnreachableLoopStaysSilent/function_someFunc()_{_for_(var_i_=_0;_i_<_a.length;_i++)_{_switch_(foo)_{_case_1:_continue;_default:_return;_}_throw_err;_}_}
=== CONT  TestNoUnreachableLoopFires/function_someFunc()_{_for_(;_b_<_foo;_)_{_if_(foo)_{_return;_}_else_{_break;_}_bar();_}_}
WAVE02_THROWN:4,true,false,,true,4,true,4,4,false,false,,
=== CONT  TestNoUnreachableLoopStaysSilent/function_someFunc()_{_for_(var_i_=_0;_i_<_a.length;_i++)_{_switch_(foo)_{_case_1:_break;_default:_return;_}_}_}
=== CONT  TestNoUnreachableLoopFires/function_someFunc()_{_for_(a;_;)_{_if_(foo)_{_return;_}_else_{_break;_}_bar();_}_}
=== CONT  TestNoUnreachableLoopFires/while_(a_&&_b)_{_for_(var_i_=_0;_;_i<_10)_{_foo();_}_}
=== CONT  TestNoUnreachableLoopFires/for_(a;_;)_{_break;_continue;_}
=== CONT  TestNoUnreachableLoopFires/function_someFunc()_{_for_(a;_;)_if_(foo)_break;_else_return;_}
=== CONT  TestNoUnreachableLoopFires/function_someFunc()_{_for_(;_b_<_foo;_)_if_(foo)_break;_else_return;_}
=== CONT  TestNoUnreachableLoopFires/for_(;_b_<_foo;_)_{_break;_foo();_}
=== CONT  TestNoUnreachableLoopFires/for_(a;_;)_{_break;_foo();_}
=== CONT  TestNoUnreachableLoopFires/for_(;_b_<_foo;_)_{_foo();_break;_}
=== CONT  TestNoUnreachableLoopFires/function_someFunc()_{_for_(a_=_0;_b_<_foo;_)_{_switch_(foo)_{_case_1:_something();_default:_return;_}_}_}
=== CONT  TestNoUnreachableLoopFires/for_(;_b_<_foo;_)_{_throw_err;_}
=== CONT  TestNoUnreachableLoopFires/function_someFunc()_{_for_(a_=_0;_b_<_foo;_)_{_switch_(foo)_{_case_1:_throw_err;_default:_return;_}_}_}
=== CONT  TestNoUnreachableLoopFires/for_(;_b_<_foo;_)_throw_err;
WAVE02_THROWN:3,true,false,,true,3,true,3,3,false,false,,
WAVE02_THROWN:3,true,false,,true,3,true,3,3,false,false,,
=== CONT  TestNoUnreachableLoopFires/for_(a;_;)_{_foo();_break;_}
=== CONT  TestNoUnreachableLoopFires/for_(a_=_0;_b_<_foo;_)_{_switch_(foo)_{_default:_throw_err;_}_}
=== CONT  TestNoUnreachableLoopFires/function_someFunc()_{_for_(;_b_<_foo;_)_{_return;_}_}
=== CONT  TestNoUnreachableLoopFires/for_(a;_;)_{_throw_err;_}
WAVE02_THROWN:5,true,false,,true,5,true,5,5,false,false,,
WAVE02_THROWN:5,true,false,,true,5,true,5,5,false,false,,
=== CONT  TestNoUnreachableLoopFires/function_someFunc()_{_for_(a_=_0;_b_<_foo;_)_{_if_(foo)_{_return;_}_throw_err;_}_}
=== CONT  TestNoUnreachableLoopFires/function_someFunc()_{_for_(;_b_<_foo;_)_return;_}
=== CONT  TestNoUnreachableLoopFires/function_someFunc()_{_for_(a;_;)_{_return;_}_}
=== CONT  TestNoUnreachableLoopFires/for_(;_b_<_foo;_)_{_break;_}
WAVE02_THROWN:4,true,false,,true,4,true,4,4,false,false,5,5
=== CONT  TestNoUnreachableLoopFires/function_someFunc()_{_for_(a_=_0;_b_<_foo;_)_{_if_(foo)_{_return;_}_else_{_break;_}_bar();_}_}
=== CONT  TestNoUnreachableLoopFires/function_someFunc()_{_for_(a;_;)_return;_}
=== CONT  TestNoUnreachableLoopFires/while_(a_&&_b)_for_(;;);
=== CONT  TestNoUnreachableLoopFires/function_someFunc()_{_for_(a_=_0;_b_<_foo;_)_if_(foo)_break;_else_return;_}
=== CONT  TestNoUnreachableLoopFires/while_(a_&&_b)_{_for_(a_of_b);_break;_}
WAVE02_THROWN:1,true,false,,true,1,true,1,1,false,false,,
=== CONT  TestNoUnreachableLoopFires/for_(a;_;)_throw_err;
=== CONT  TestNoUnreachableLoopFires/for_(a_=_0;_b_<_foo;_)_{_break;_foo();_}
=== CONT  TestNoUnreachableLoopFires/while_(a_&&_b)_{_for_(a_in_b);_break;_}
=== CONT  TestNoUnreachableLoopFires/while_(a_&&_b)_{_for(;;)_if_(foo)_break;_break;_}
=== CONT  TestNoUnreachableLoopFires/for_(;_b_<_foo;_)_break;
WAVE02_THROWN:1,true,false,,true,1,true,1,1,false,false,,
=== CONT  TestNoUnreachableLoopFires/while_(a_&&_b)_{_for_(;_b;);_break;_}
=== CONT  TestNoUnreachableLoopFires/while_(a_&&_b)_{_for_(a;_b;_c);_break;_}
=== CONT  TestNoUnreachableLoopFires/while_(a_&&_b)_{_for_(;_;_c)_if_(foo)_break;_break;_}
=== CONT  TestNoUnreachableLoopFires/while_(a_&&_b)_{_do_;_while_(a)_break;_}
=== CONT  TestNoUnreachableLoopFires/while_(a_&&_b)_{_while_(a);_break;_}
=== CONT  TestNoUnreachableLoopStaysSilent/function_someFunc()_{_for_(var_i_=_0;_i_<_a.length;_i++)_{_switch_(foo)_{_case_1:_return;_}_}_}
=== CONT  TestNoUnreachableLoopStaysSilent/function_someFunc()_{_for_(var_i_=_0;_i_<_a.length;_i++)_{_if_(foo)_{_continue;_}_return;_}_}
=== CONT  TestNoUnreachableLoopStaysSilent/for_(var_i_=_0;_i_<_a.length;_i++)_{_if_(foo)_{_bar();_}_else_{_break;_}_}
=== CONT  TestNoUnreachableLoopFires/while_(a_&&_b)_{_(()_=>_a)();_break;_}
=== CONT  TestNoUnreachableLoopStaysSilent/function_someFunc()_{_for_(var_i_=_0;_i_<_a.length;_i++)_{_if_(foo)_{_return;_}_bar();_}_}
=== CONT  TestNoUnreachableLoopFires/while_(a_&&_b)_{_()_=>_a;_break;_}
=== CONT  TestNoUnreachableLoopFires/while_(a_&&_b)_{_break;_continue;_}
=== CONT  TestNoUnreachableLoopStaysSilent/for_(var_i_=_0;_i_<_a.length;_i++)_{_if_(foo)_break;_}
=== CONT  TestNoUnreachableLoopFires/function_someFunc()_{_while_(a_&&_b)_{_try_{_return_bar();_}_catch_(e)_{_break;_}_}_}
=== CONT  TestNoUnreachableLoopFires/for_(a;_;)_{_break;_}
=== CONT  TestNoUnreachableLoopStaysSilent/for_(var_i_=_0;_i_<_a.length;_i++)_{_continue;_}
=== CONT  TestNoUnreachableLoopFires/while_(a)_{_do_;_while_(a)_break;_}
=== CONT  TestNoUnreachableLoopFires/for_(;_b;)_while_(true);
=== CONT  TestNoUnreachableLoopFires/for_(;_b;)_{_for_(var_i_=_0;_;_i<_10)_{_foo();_}_}
=== CONT  TestNoUnreachableLoopFires/function_someFunc()_{_while_(a_&&_b)_{_switch_(foo)_{_case_1:_throw_err;_default:_return;_}_}_}
=== CONT  TestNoUnreachableLoopFires/function_someFunc()_{_while_(a_&&_b)_{_switch_(foo)_{_case_1:_something();_default:_return;_}_}_}
=== CONT  TestNoUnreachableLoopFires/while_(a_&&_b)_{_switch_(foo)_{_default:_throw_err;_}_}
=== CONT  TestNoUnreachableLoopFires/function_someFunc()_{_while_(a_&&_b)_{_if_(foo)_{_return;_}_throw_err;_}_}
=== CONT  TestNoUnreachableLoopFires/for_(;_b;)_{_for_(a_in_b);_break;_}
WAVE02_THROWN:5,true,false,,true,5,true,5,5,false,false,6,6
=== CONT  TestNoUnreachableLoopFires/for_(;_b;)_for_(;;);
WAVE02_THROWN:6,true,false,,true,6,true,6,6,false,false,,
=== CONT  TestNoUnreachableLoopFires/for_(a;_;)_break;
WAVE02_THROWN:6,true,false,,true,6,true,6,6,false,false,,
=== CONT  TestNoUnreachableLoopFires/for_(;_b;)_{_for(;;)_if_(foo)_break;_break;_}
=== CONT  TestNoUnreachableLoopFires/for_(;_b;)_{_for_(a_of_b);_break;_}
=== CONT  TestNoUnreachableLoopStaysSilent/for_(a_of_b)_for_(;_;_c)_if_(foo)_break;
=== CONT  TestNoUnreachableLoopFires/function_someFunc()_{_while_(a_&&_b)_{_if_(foo)_{_return;_}_else_{_break;_}_bar();_}_}
=== CONT  TestNoUnreachableLoopFires/while_(a_&&_b)_{_break;_foo();_}
=== CONT  TestNoUnreachableLoopFires/while_(a_&&_b)_{_foo();_break;_}
=== CONT  TestNoUnreachableLoopFires/while_(a_&&_b)_{_throw_err;_}
=== CONT  TestNoUnreachableLoopFires/while_(a_&&_b)_throw_err;
=== CONT  TestNoUnreachableLoopFires/function_someFunc()_{_while_(a_&&_b)_{_return;_}_}
=== CONT  TestNoUnreachableLoopStaysSilent/for_(a_of_b)_for_(;;)_if_(foo)_break;
WAVE02_THROWN:3,true,false,,true,3,true,3,3,false,false,,
WAVE02_THROWN:3,true,false,,true,3,true,3,3,false,false,,
=== CONT  TestNoUnreachableLoopFires/while_(a_&&_b)_{_break;_}
=== CONT  TestNoUnreachableLoopFires/for_(;_b;)_{_for_(;_;_c)_if_(foo)_break;_break;_}
=== CONT  TestNoUnreachableLoopFires/while_(a_&&_b)_break;
=== CONT  TestNoUnreachableLoopFires/for_(;_b;)_{_for_(;_b;);_break;_}
=== CONT  TestNoUnreachableLoopFires/while_(a)_while_(true);
=== CONT  TestNoUnreachableLoopFires/for_(a_=_0;_b_<_foo;_)_{_break;_continue;_}
=== CONT  TestNoUnreachableLoopFires/while_(a)_{_for_(var_i_=_0;_;_i<_10)_{_foo();_}_}
=== CONT  TestNoUnreachableLoopFires/for_(;_b;)_{_for_(a;_b;_c);_break;_}
=== CONT  TestNoUnreachableLoopFires/function_someFunc()_{_while_(a_&&_b)_return;_}
=== CONT  TestNoUnreachableLoopFires/for_(;_b;)_{_do_;_while_(a)_break;_}
=== CONT  TestNoUnreachableLoopFires/function_someFunc()_{_while_(a_&&_b)_if_(foo)_break;_else_return;_}
=== CONT  TestNoUnreachableLoopFires/while_(a)_for_(;;);
=== CONT  TestNoUnreachableLoopFires/while_(a)_{_for_(a_of_b);_break;_}
=== CONT  TestNoUnreachableLoopFires/for_(;_b;)_{_while_(a);_break;_}
=== CONT  TestNoUnreachableLoopFires/for_(;_b;)_{_(()_=>_a)();_break;_}
=== CONT  TestNoUnreachableLoopFires/while_(a)_{_for_(a_in_b);_break;_}
=== CONT  TestNoUnreachableLoopFires/for_(;_b;)_{_()_=>_a;_break;_}
=== CONT  TestNoUnreachableLoopFires/for_(;_b;)_{_break;_continue;_}
=== CONT  TestNoUnreachableLoopFires/function_someFunc()_{_for_(;_b;)_{_try_{_return_bar();_}_catch_(e)_{_break;_}_}_}
=== CONT  TestNoUnreachableLoopFires/function_someFunc()_{_for_(;_b;)_{_switch_(foo)_{_case_1:_something();_default:_return;_}_}_}
=== CONT  TestNoUnreachableLoopFires/while_(a)_{_for_(;_;_c)_if_(foo)_break;_break;_}
=== CONT  TestNoUnreachableLoopFires/while_(a)_{_for(;;)_if_(foo)_break;_break;_}
=== CONT  TestNoUnreachableLoopFires/function_someFunc()_{_for_(;_b;)_{_switch_(foo)_{_case_1:_throw_err;_default:_return;_}_}_}
=== CONT  TestNoUnreachableLoopFires/while_(a)_{_(()_=>_a)();_break;_}
=== CONT  TestNoUnreachableLoopFires/while_(a)_{_()_=>_a;_break;_}
=== CONT  TestNoUnreachableLoopFires/function_someFunc()_{_while_(a)_{_try_{_return_bar();_}_catch_(e)_{_break;_}_}_}
=== CONT  TestNoUnreachableLoopFires/while_(a)_{_break;_continue;_}
=== CONT  TestNoUnreachableLoopFires/function_someFunc()_{_while_(a)_{_switch_(foo)_{_case_1:_something();_default:_return;_}_}_}
WAVE02_THROWN:5,true,false,,true,5,true,5,5,false,false,,
=== CONT  TestNoUnreachableLoopFires/function_someFunc()_{_while_(a)_{_switch_(foo)_{_case_1:_throw_err;_default:_return;_}_}_}
=== CONT  TestNoUnreachableLoopFires/while_(a)_{_switch_(foo)_{_default:_throw_err;_}_}
=== CONT  TestNoUnreachableLoopFires/function_someFunc()_{_while_(a)_{_if_(foo)_{_return;_}_throw_err;_}_}
=== CONT  TestNoUnreachableLoopFires/function_someFunc()_{_while_(a)_{_if_(foo)_{_return;_}_else_{_break;_}_bar();_}_}
WAVE02_THROWN:5,true,false,,true,5,true,5,5,false,false,,
WAVE02_THROWN:5,true,false,,true,5,true,5,5,false,false,,
WAVE02_THROWN:4,true,false,,true,4,true,4,4,false,false,5,5
=== CONT  TestNoUnreachableLoopFires/function_someFunc()_{_while_(a)_if_(foo)_break;_else_return;_}
=== CONT  TestNoUnreachableLoopFires/while_(a)_{_break;_foo();_}
=== CONT  TestNoUnreachableLoopFires/while_(a)_{_foo();_break;_}
=== CONT  TestNoUnreachableLoopFires/while_(a)_{_throw_err;_}
=== CONT  TestNoUnreachableLoopFires/while_(a)_throw_err;
WAVE02_THROWN:3,true,false,,true,3,true,3,3,false,false,,
=== CONT  TestNoUnreachableLoopFires/function_someFunc()_{_while_(a)_{_return;_}_}
=== CONT  TestNoUnreachableLoopFires/function_someFunc()_{_while_(a)_return;_}
WAVE02_THROWN:3,true,false,,true,3,true,3,3,false,false,,
=== CONT  TestNoUnreachableLoopFires/while_(a)_{_for_(a;_b;_c);_break;_}
=== CONT  TestNoUnreachableLoopStaysSilent/for_(a_of_b)_for_(;_b;);
=== CONT  TestNoUnreachableLoopStaysSilent/for_(var_i_=_0;_i_<_a.length;_i++)_continue;
=== CONT  TestNoUnreachableLoopFires/while_(a)_{_while_(a);_break;_}
=== CONT  TestNoUnreachableLoopStaysSilent/for_(var_i_=_0;_i_<_a.length;_i++)_{_bar();_}
=== CONT  TestNoUnreachableLoopStaysSilent/for_(a_of_b)_for_(a;_b;_c);
=== CONT  TestNoUnreachableLoopStaysSilent/for_(var_i_=_0;_i_<_a.length;_i++)_{}
=== CONT  TestNoUnreachableLoopStaysSilent/for_(a_of_b)_do_;_while_(a)
=== CONT  TestNoUnreachableLoopFires/while_(a)_{_for_(;_b;);_break;_}
=== CONT  TestNoUnreachableLoopStaysSilent/for_(a;_b;_c)_for_(a_of_b);
=== CONT  TestNoUnreachableLoopStaysSilent/for_(a;_b;_c)_for_(a_in_b);
=== CONT  TestNoUnreachableLoopStaysSilent/for_(var_i_=_0;_i_<_a.length;_i++)_;
=== CONT  TestNoUnreachableLoopStaysSilent/function_someFunc()_{_for_(a;_b;_c)_while_(foo)_if_(bar)_return;_}
=== CONT  TestNoUnreachableLoopStaysSilent/for_(a_of_b)_while_(a);
=== CONT  TestNoUnreachableLoopStaysSilent/for_(a;_b;_c)_for_(;_;_c)_if_(foo)_break;
=== CONT  TestNoUnreachableLoopStaysSilent/for_(a;_b;_c)_for_(;_b;);
=== CONT  TestNoUnreachableLoopStaysSilent/for_(a_of_b)_{_(()_=>_a)()_}
=== CONT  TestNoUnreachableLoopStaysSilent/for_(a;_b;_c)_do_;_while_(a)
=== CONT  TestNoUnreachableLoopStaysSilent/for_(a;_b;_c)_while_(true)_if_(foo)_break;
=== CONT  TestNoUnreachableLoopStaysSilent/for_(a;_b;_c)_while_(a);
=== CONT  TestNoUnreachableLoopStaysSilent/for_(a;_b;_c)_for_(a;_b;_c);
=== CONT  TestNoUnreachableLoopStaysSilent/for_(a;_b;_c)_{_(()_=>_a)()_}
=== CONT  TestNoUnreachableLoopStaysSilent/for_(a;_b;_c)_{_()_=>_a_}
=== CONT  TestNoUnreachableLoopStaysSilent/for_(a;_b;_c)_(()_=>_a)();
=== CONT  TestNoUnreachableLoopStaysSilent/for_(a;_b;_c)_{_continue;_break;_}
=== CONT  TestNoUnreachableLoopStaysSilent/for_(a;_b;_c)_()_=>_a;
=== CONT  TestNoUnreachableLoopStaysSilent/for_(a;_b;_c)_for_(;;)_if_(foo)_break;
=== CONT  TestNoUnreachableLoopStaysSilent/function_someFunc()_{_for_(a;_b;_c)_{_try_{_return_bar();_}_catch_(e)_{}_}_}
=== CONT  TestNoUnreachableLoopStaysSilent/function_someFunc()_{_for_(a;_b;_c)_{_switch_(foo)_{_case_1:_continue;_default:_return;_}_throw_err;_}_}
=== CONT  TestNoUnreachableLoopStaysSilent/function_someFunc()_{_for_(a;_b;_c)_{_switch_(foo)_{_case_1:_break;_default:_return;_}_}_}
=== CONT  TestNoUnreachableLoopStaysSilent/function_someFunc()_{_for_(a;_b;_c)_{_if_(foo)_{_continue;_}_return;_}_}
=== CONT  TestNoUnreachableLoopStaysSilent/for_(a;_b;_c)_{_if_(foo)_{_bar();_}_else_{_break;_}_}
=== CONT  TestNoUnreachableLoopStaysSilent/function_someFunc()_{_for_(a;_b;_c)_{_if_(foo)_{_return;_}_bar();_}_}
=== CONT  TestNoUnreachableLoopStaysSilent/for_(a;_b;_c)_{_if_(foo)_break;_}
=== CONT  TestNoUnreachableLoopStaysSilent/for_(a;_b;_c)_{_continue;_}
=== CONT  TestNoUnreachableLoopStaysSilent/function_someFunc()_{_for_(a;_b;_c)_{_switch_(foo)_{_case_1:_return;_}_}_}
=== CONT  TestNoUnreachableLoopStaysSilent/for_(a;_b;_c)_continue;
=== CONT  TestNoUnreachableLoopStaysSilent/for_(a;_b;_c)_{_bar();_}
=== CONT  TestNoUnreachableLoopFires/while_(a)_{_break;_}
=== CONT  TestNoUnreachableLoopStaysSilent/for_(a_of_b)_(()_=>_a)();
=== CONT  TestNoUnreachableLoopStaysSilent/for_(a;_b;_c)_{}
=== CONT  TestNoUnreachableLoopStaysSilent/for_(a_of_b)_{_()_=>_a_}
=== CONT  TestNoUnreachableLoopStaysSilent/for_(a;_b;_c)_;
=== CONT  TestNoUnreachableLoopStaysSilent/for_(a_of_b)_{_continue;_break;_}
=== CONT  TestNoUnreachableLoopStaysSilent/do_for_(a_of_b);_while_(a_&&_b)
=== CONT  TestNoUnreachableLoopStaysSilent/do_for_(a_in_b);_while_(a_&&_b)
=== CONT  TestNoUnreachableLoopStaysSilent/function_someFunc()_{_do_while_(foo)_if_(bar)_return;_while_(a_&&_b)_}
=== CONT  TestNoUnreachableLoopStaysSilent/function_someFunc()_{_for_(a_of_b)_{_switch_(foo)_{_case_1:_continue;_default:_return;_}_throw_err;_}_}
=== CONT  TestNoUnreachableLoopStaysSilent/function_someFunc()_{_for_(a_of_b)_{_switch_(foo)_{_case_1:_break;_default:_return;_}_}_}
=== CONT  TestNoUnreachableLoopStaysSilent/function_someFunc()_{_for_(a_of_b)_{_try_{_return_bar();_}_catch_(e)_{}_}_}
=== CONT  TestNoUnreachableLoopStaysSilent/do_for_(;;)_if_(foo)_break;_while_(a_&&_b)
=== CONT  TestNoUnreachableLoopStaysSilent/function_someFunc()_{_for_(a_of_b)_{_switch_(foo)_{_case_1:_return;_}_}_}
=== CONT  TestNoUnreachableLoopStaysSilent/for_(a_in_f(b))_{_bar();_}
=== CONT  TestNoUnreachableLoopStaysSilent/do_for_(;_;_c)_if_(foo)_break;_while_(a_&&_b)
=== CONT  TestNoUnreachableLoopStaysSilent/do_for_(;_b;);_while_(a_&&_b)
=== CONT  TestNoUnreachableLoopStaysSilent/for_(a_of_b)_{_if_(foo)_{_bar();_}_else_{_break;_}_}
=== CONT  TestNoUnreachableLoopStaysSilent/do_while_(true)_if_(foo)_break;_while_(a_&&_b)
=== CONT  TestNoUnreachableLoopStaysSilent/do_for_(a;_b;_c);_while_(a_&&_b)
=== CONT  TestNoUnreachableLoopStaysSilent/function_someFunc()_{_for_(a_of_b)_{_if_(foo)_{_return;_}_bar();_}_}
=== CONT  TestNoUnreachableLoopStaysSilent/do_do_;_while_(a)_while_(a_&&_b)
=== CONT  TestNoUnreachableLoopStaysSilent/for_(a_of_b)_{_if_(foo)_break;_}
=== CONT  TestNoUnreachableLoopFires/for_(;_b;)_{_switch_(foo)_{_default:_throw_err;_}_}
=== CONT  TestNoUnreachableLoopStaysSilent/for_(a_of_b)_{_continue;_}
WAVE02_THROWN:5,true,false,,true,5,true,5,5,false,false,,
=== CONT  TestNoUnreachableLoopStaysSilent/function_someFunc()_{_for_(a_of_b)_{_if_(foo)_{_continue;_}_return;_}_}
=== CONT  TestNoUnreachableLoopStaysSilent/for_(a_of_b)_continue;
=== CONT  TestNoUnreachableLoopStaysSilent/for_(a_of_b)_{_bar();_}
=== CONT  TestNoUnreachableLoopStaysSilent/do_{_(()_=>_a)()_}_while_(a_&&_b)
=== CONT  TestNoUnreachableLoopStaysSilent/for_(a_of_b)_{}
=== CONT  TestNoUnreachableLoopFires/function_someFunc()_{_for_(;_b;)_{_if_(foo)_{_return;_}_throw_err;_}_}
=== CONT  TestNoUnreachableLoopStaysSilent/for_(a_of_b)_()_=>_a;
WAVE02_THROWN:4,true,false,,true,4,true,4,4,false,false,5,5
=== CONT  TestNoUnreachableLoopStaysSilent/do_(()_=>_a)();_while_(a_&&_b)
=== CONT  TestNoUnreachableLoopStaysSilent/for_(let_a_in_f(b))_for_(a_in_b);
=== CONT  TestNoUnreachableLoopStaysSilent/function_someFunc()_{_for_(let_a_in_f(b))_while_(foo)_if_(bar)_return;_}
=== CONT  TestNoUnreachableLoopStaysSilent/do_while_(a);_while_(a_&&_b)
=== CONT  TestNoUnreachableLoopStaysSilent/for_(let_a_in_f(b))_for_(;;)_if_(foo)_break;
=== CONT  TestNoUnreachableLoopStaysSilent/for_(let_a_in_f(b))_for_(;_b;);
=== CONT  TestNoUnreachableLoopStaysSilent/for_(a_in_f(b))_{}
=== CONT  TestNoUnreachableLoopStaysSilent/for_(let_a_in_f(b))_for_(a_of_b);
=== CONT  TestNoUnreachableLoopStaysSilent/for_(let_a_in_f(b))_for_(a;_b;_c);
=== CONT  TestNoUnreachableLoopStaysSilent/for_(let_a_in_f(b))_while_(true)_if_(foo)_break;
=== CONT  TestNoUnreachableLoopStaysSilent/for_(let_a_in_f(b))_do_;_while_(a)
=== CONT  TestNoUnreachableLoopStaysSilent/for_(let_a_in_f(b))_while_(a);
=== CONT  TestNoUnreachableLoopStaysSilent/for_(let_a_in_f(b))_{_(()_=>_a)()_}
=== CONT  TestNoUnreachableLoopStaysSilent/for_(let_a_in_f(b))_(()_=>_a)();
=== CONT  TestNoUnreachableLoopStaysSilent/for_(let_a_in_f(b))_{_()_=>_a_}
=== CONT  TestNoUnreachableLoopStaysSilent/for_(let_a_in_f(b))_()_=>_a;
=== CONT  TestNoUnreachableLoopStaysSilent/for_(a_of_b)_;
=== CONT  TestNoUnreachableLoopStaysSilent/for_(let_a_in_f(b))_{_continue;_break;_}
=== CONT  TestNoUnreachableLoopStaysSilent/function_someFunc()_{_for_(let_a_in_f(b))_{_try_{_return_bar();_}_catch_(e)_{}_}_}
=== CONT  TestNoUnreachableLoopStaysSilent/function_someFunc()_{_for_(let_a_in_f(b))_{_switch_(foo)_{_case_1:_continue;_default:_return;_}_throw_err;_}_}
=== CONT  TestNoUnreachableLoopStaysSilent/function_someFunc()_{_for_(let_a_in_f(b))_{_switch_(foo)_{_case_1:_break;_default:_return;_}_}_}
=== CONT  TestNoUnreachableLoopStaysSilent/for_(let_a_in_f(b))_for_(;_;_c)_if_(foo)_break;
=== CONT  TestNoUnreachableLoopStaysSilent/function_someFunc()_{_for_(let_a_in_f(b))_{_switch_(foo)_{_case_1:_return;_}_}_}
=== CONT  TestNoUnreachableLoopStaysSilent/function_someFunc()_{_for_(let_a_in_f(b))_{_if_(foo)_{_continue;_}_return;_}_}
=== CONT  TestNoUnreachableLoopStaysSilent/for_(let_a_in_f(b))_{_if_(foo)_{_bar();_}_else_{_break;_}_}
=== CONT  TestNoUnreachableLoopStaysSilent/for_(let_a_in_f(b))_{_if_(foo)_break;_}
=== CONT  TestNoUnreachableLoopStaysSilent/function_someFunc()_{_for_(let_a_in_f(b))_{_if_(foo)_{_return;_}_bar();_}_}
=== CONT  TestNoUnreachableLoopStaysSilent/for_(let_a_in_f(b))_{_continue;_}
=== CONT  TestNoUnreachableLoopStaysSilent/for_(let_a_in_f(b))_continue;
=== CONT  TestNoUnreachableLoopFires/function_someFunc()_{_for_(;_b;)_{_if_(foo)_{_return;_}_else_{_break;_}_bar();_}_}
=== CONT  TestNoUnreachableLoopFires/function_someFunc()_{_for_(;_b;)_if_(foo)_break;_else_return;_}
=== CONT  TestNoUnreachableLoopStaysSilent/for_(let_a_in_f(b))_{_bar();_}
=== CONT  TestNoUnreachableLoopStaysSilent/for_(let_a_in_f(b))_{}
=== CONT  TestNoUnreachableLoopFires/for_(;_b;)_{_foo();_break;_}
=== CONT  TestNoUnreachableLoopFires/for_(;_b;)_{_break;_foo();_}
=== CONT  TestNoUnreachableLoopStaysSilent/for_(let_a_in_f(b))_;
=== CONT  TestNoUnreachableLoopStaysSilent/for_(var_a_in_b)_for_(a_of_b);
=== CONT  TestNoUnreachableLoopFires/for_(;_b;)_{_throw_err;_}
=== CONT  TestNoUnreachableLoopStaysSilent/for_(var_a_in_b)_for_(a_in_b);
=== CONT  TestNoUnreachableLoopStaysSilent/function_someFunc()_{_for_(var_a_in_b)_while_(foo)_if_(bar)_return;_}
WAVE02_THROWN:3,true,false,,true,3,true,3,3,false,false,,
=== CONT  TestNoUnreachableLoopStaysSilent/for_(var_a_in_b)_for_(;;)_if_(foo)_break;
=== CONT  TestNoUnreachableLoopStaysSilent/for_(var_a_in_b)_for_(;_;_c)_if_(foo)_break;
=== CONT  TestNoUnreachableLoopFires/for_(;_b;)_throw_err;
=== CONT  TestNoUnreachableLoopFires/function_someFunc()_{_for_(;_b;)_return;_}
=== CONT  TestNoUnreachableLoopStaysSilent/for_(var_a_in_b)_for_(;_b;);
WAVE02_THROWN:3,true,false,,true,3,true,3,3,false,false,,
=== CONT  TestNoUnreachableLoopFires/for_(;_b;)_{_break;_}
=== CONT  TestNoUnreachableLoopFires/for_(;_b;)_break;
=== CONT  TestNoUnreachableLoopStaysSilent/for_(var_a_in_b)_for_(a;_b;_c);
=== CONT  TestNoUnreachableLoopFires/for_(;_;_c++)_while_(true);
=== CONT  TestNoUnreachableLoopStaysSilent/for_(var_a_in_b)_do_;_while_(a)
=== CONT  TestNoUnreachableLoopFires/for_(;_;_c++)_{_for_(var_i_=_0;_;_i<_10)_{_foo();_}_}
=== CONT  TestNoUnreachableLoopStaysSilent/for_(var_a_in_b)_while_(a);
=== CONT  TestNoUnreachableLoopStaysSilent/for_(var_a_in_b)_while_(true)_if_(foo)_break;
=== CONT  TestNoUnreachableLoopFires/for_(;_;_c++)_for_(;;);
=== CONT  TestNoUnreachableLoopStaysSilent/for_(var_a_in_b)_{_(()_=>_a)()_}
=== CONT  TestNoUnreachableLoopFires/for_(;_;_c++)_{_for_(a_in_b);_break;_}
=== CONT  TestNoUnreachableLoopStaysSilent/for_(var_a_in_b)_(()_=>_a)();
=== CONT  TestNoUnreachableLoopFires/for_(;_;_c++)_{_for(;;)_if_(foo)_break;_break;_}
=== CONT  TestNoUnreachableLoopStaysSilent/for_(var_a_in_b)_{_()_=>_a_}
=== CONT  TestNoUnreachableLoopFires/for_(;_;_c++)_{_for_(;_;_c)_if_(foo)_break;_break;_}
=== CONT  TestNoUnreachableLoopFires/for_(;_;_c++)_{_for_(a_of_b);_break;_}
=== CONT  TestNoUnreachableLoopFires/for_(;_;_c++)_{_for_(;_b;);_break;_}
=== CONT  TestNoUnreachableLoopFires/for_(;_;_c++)_{_do_;_while_(a)_break;_}
=== CONT  TestNoUnreachableLoopFires/for_(;_;_c++)_{_for_(a;_b;_c);_break;_}
=== CONT  TestNoUnreachableLoopFires/for_(;_;_c++)_{_while_(a);_break;_}
=== CONT  TestNoUnreachableLoopStaysSilent/for_(var_a_in_b)_()_=>_a;
=== CONT  TestNoUnreachableLoopStaysSilent/for_(var_a_in_b)_{_continue;_break;_}
=== CONT  TestNoUnreachableLoopStaysSilent/function_someFunc()_{_for_(var_a_in_b)_{_try_{_return_bar();_}_catch_(e)_{}_}_}
=== CONT  TestNoUnreachableLoopFires/for_(;_;_c++)_{_(()_=>_a)();_break;_}
=== CONT  TestNoUnreachableLoopStaysSilent/function_someFunc()_{_for_(var_a_in_b)_{_switch_(foo)_{_case_1:_break;_default:_return;_}_}_}
=== CONT  TestNoUnreachableLoopStaysSilent/function_someFunc()_{_for_(var_a_in_b)_{_switch_(foo)_{_case_1:_return;_}_}_}
=== CONT  TestNoUnreachableLoopStaysSilent/for_(var_a_in_b)_{_if_(foo)_{_bar();_}_else_{_break;_}_}
=== CONT  TestNoUnreachableLoopStaysSilent/function_someFunc()_{_for_(var_a_in_b)_{_if_(foo)_{_continue;_}_return;_}_}
=== CONT  TestNoUnreachableLoopStaysSilent/function_someFunc()_{_for_(var_a_in_b)_{_if_(foo)_{_return;_}_bar();_}_}
=== CONT  TestNoUnreachableLoopStaysSilent/for_(var_a_in_b)_{_if_(foo)_break;_}
=== CONT  TestNoUnreachableLoopStaysSilent/for_(var_a_in_b)_{_continue;_}
=== CONT  TestNoUnreachableLoopStaysSilent/for_(var_a_in_b)_continue;
=== CONT  TestNoUnreachableLoopStaysSilent/for_(var_a_in_b)_{_bar();_}
=== CONT  TestNoUnreachableLoopStaysSilent/for_(var_a_in_b)_{}
=== CONT  TestNoUnreachableLoopFires/function_someFunc()_{_for_(;_b;)_{_return;_}_}
=== CONT  TestNoUnreachableLoopStaysSilent/for_(var_a_in_b)_;
=== CONT  TestNoUnreachableLoopStaysSilent/function_someFunc()_{_for_(var_a_in_b)_{_switch_(foo)_{_case_1:_continue;_default:_return;_}_throw_err;_}_}
=== CONT  TestNoUnreachableLoopStaysSilent/for_(a_in_f(b))_for_(a_of_b);
=== CONT  TestNoUnreachableLoopFires/for_(;_;_c++)_{_()_=>_a;_break;_}
=== CONT  TestNoUnreachableLoopFires/for_(;_;_c++)_{_break;_continue;_}
=== CONT  TestNoUnreachableLoopStaysSilent/for_(a_in_f(b))_for_(a_in_b);
=== CONT  TestNoUnreachableLoopStaysSilent/function_someFunc()_{_for_(a_in_f(b))_while_(foo)_if_(bar)_return;_}
=== CONT  TestNoUnreachableLoopFires/function_someFunc()_{_for_(;_;_c++)_{_try_{_return_bar();_}_catch_(e)_{_break;_}_}_}
=== CONT  TestNoUnreachableLoopFires/function_someFunc()_{_for_(;_;_c++)_{_switch_(foo)_{_case_1:_something();_default:_return;_}_}_}
=== CONT  TestNoUnreachableLoopFires/function_someFunc()_{_for_(;_;_c++)_{_switch_(foo)_{_case_1:_throw_err;_default:_return;_}_}_}
=== CONT  TestNoUnreachableLoopStaysSilent/for_(a_in_f(b))_while_(true)_if_(foo)_break;
=== CONT  TestNoUnreachableLoopStaysSilent/for_(a_in_f(b))_for_(;;)_if_(foo)_break;
=== CONT  TestNoUnreachableLoopStaysSilent/do_{_()_=>_a_}_while_(a_&&_b)
=== CONT  TestNoUnreachableLoopStaysSilent/do_()_=>_a;_while_(a_&&_b)
=== CONT  TestNoUnreachableLoopFires/function_someFunc()_{_for_(;_;_c++)_{_if_(foo)_{_return;_}_else_{_break;_}_bar();_}_}
WAVE02_THROWN:6,true,false,,true,6,true,6,6,false,false,,
=== CONT  TestNoUnreachableLoopFires/function_someFunc()_{_for_(;_;_c++)_if_(foo)_break;_else_return;_}
=== CONT  TestNoUnreachableLoopStaysSilent/do_{_continue;_break;_}_while_(a_&&_b)
=== CONT  TestNoUnreachableLoopFires/for_(;_;_c++)_{_break;_foo();_}
=== CONT  TestNoUnreachableLoopFires/for_(;_;_c++)_{_foo();_break;_}
=== CONT  TestNoUnreachableLoopFires/for_(;_;_c++)_{_throw_err;_}
=== CONT  TestNoUnreachableLoopFires/for_(;_;_c++)_throw_err;
WAVE02_THROWN:3,true,false,,true,3,true,3,3,false,false,,
=== CONT  TestNoUnreachableLoopFires/function_someFunc()_{_for_(;_;_c++)_{_return;_}_}
=== CONT  TestNoUnreachableLoopFires/function_someFunc()_{_for_(;_;_c++)_return;_}
WAVE02_THROWN:3,true,false,,true,3,true,3,3,false,false,,
=== CONT  TestNoUnreachableLoopFires/for_(;_;_c++)_{_break;_}
=== CONT  TestNoUnreachableLoopFires/for_(;_;_c++)_break;
=== CONT  TestNoUnreachableLoopFires/for_(;_;_c)_while_(true);
=== CONT  TestNoUnreachableLoopFires/function_someFunc()_{_for_(;_;_c++)_{_if_(foo)_{_return;_}_throw_err;_}_}
=== CONT  TestNoUnreachableLoopFires/for_(;_;_c++)_{_switch_(foo)_{_default:_throw_err;_}_}
=== CONT  TestNoUnreachableLoopFires/for_(;_;_c)_{_for_(var_i_=_0;_;_i<_10)_{_foo();_}_}
=== CONT  TestNoUnreachableLoopFires/for_(;_;_c)_for_(;;);
WAVE02_THROWN:5,true,false,,true,5,true,5,5,false,false,6,6
=== CONT  TestNoUnreachableLoopFires/for_(;_;_c)_{_for_(a_of_b);_break;_}
=== CONT  TestNoUnreachableLoopFires/for_(a_=_0;_b_<_foo;_)_{_foo();_break;_}
=== CONT  TestNoUnreachableLoopFires/for_(;_;_c)_{_for(;;)_if_(foo)_break;_break;_}
=== CONT  TestNoUnreachableLoopFires/for_(a_=_0;_b_<_foo;_)_{_throw_err;_}
=== CONT  TestNoUnreachableLoopFires/for_(;_;_c)_{_for_(;_;_c)_if_(foo)_break;_break;_}
=== CONT  TestNoUnreachableLoopFires/for_(a_=_0;_b_<_foo;_)_throw_err;
=== CONT  TestNoUnreachableLoopFires/for_(;_;_c)_{_for_(;_b;);_break;_}
WAVE02_THROWN:3,true,false,,true,3,true,3,3,false,false,,
=== CONT  TestNoUnreachableLoopFires/function_someFunc()_{_for_(a_=_0;_b_<_foo;_)_{_return;_}_}
WAVE02_THROWN:6,true,false,,true,6,true,6,6,false,false,,
=== CONT  TestNoUnreachableLoopFires/function_someFunc()_{_for_(a_=_0;_b_<_foo;_)_return;_}
=== CONT  TestNoUnreachableLoopStaysSilent/for_(a_in_f(b))_;
WAVE02_THROWN:3,true,false,,true,3,true,3,3,false,false,,
=== CONT  TestNoUnreachableLoopFires/for_(a_=_0;_b_<_foo;_)_{_break;_}
=== CONT  TestNoUnreachableLoopFires/for_(;_;_c)_{_for_(a;_b;_c);_break;_}
=== CONT  TestNoUnreachableLoopFires/for_(a_=_0;_b_<_foo;_)_break;
=== CONT  TestNoUnreachableLoopFires/for_(;_;_c)_{_do_;_while_(a)_break;_}
=== CONT  TestNoUnreachableLoopFires/for_(a;_b;)_while_(true);
=== CONT  TestNoUnreachableLoopFires/for_(;_;_c)_{_while_(a);_break;_}
=== CONT  TestNoUnreachableLoopFires/for_(;_;_c)_{_(()_=>_a)();_break;_}
=== CONT  TestNoUnreachableLoopFires/for_(;_;_c)_{_()_=>_a;_break;_}
=== CONT  TestNoUnreachableLoopFires/function_someFunc()_{_for_(;_;_c)_{_try_{_return_bar();_}_catch_(e)_{_break;_}_}_}
=== CONT  TestNoUnreachableLoopFires/for_(;_;_c)_{_break;_continue;_}
=== CONT  TestNoUnreachableLoopFires/function_someFunc()_{_for_(;_;_c)_{_switch_(foo)_{_case_1:_something();_default:_return;_}_}_}
=== CONT  TestNoUnreachableLoopFires/function_someFunc()_{_for_(;_;_c)_{_switch_(foo)_{_case_1:_throw_err;_default:_return;_}_}_}
=== CONT  TestNoUnreachableLoopFires/for_(;_;_c)_{_switch_(foo)_{_default:_throw_err;_}_}
=== CONT  TestNoUnreachableLoopFires/function_someFunc()_{_for_(;_;_c)_{_if_(foo)_{_return;_}_throw_err;_}_}
WAVE02_THROWN:6,true,false,,true,6,true,6,6,false,false,,
=== CONT  TestNoUnreachableLoopFires/function_someFunc()_{_for_(;_;_c)_{_if_(foo)_{_return;_}_else_{_break;_}_bar();_}_}
WAVE02_THROWN:6,true,false,,true,6,true,6,6,false,false,,
=== CONT  TestNoUnreachableLoopFires/for_(a;_b;)_{_for_(var_i_=_0;_;_i<_10)_{_foo();_}_}
=== CONT  TestNoUnreachableLoopFires/for_(a;_b;)_for_(;;);
=== CONT  TestNoUnreachableLoopFires/function_someFunc()_{_for_(;_;_c)_if_(foo)_break;_else_return;_}
=== CONT  TestNoUnreachableLoopFires/for_(;_;_c)_{_for_(a_in_b);_break;_}
=== CONT  TestNoUnreachableLoopFires/for_(a;_b;)_{_for_(a_of_b);_break;_}
=== CONT  TestNoUnreachableLoopFires/for_(a;_b;)_{_for_(a_in_b);_break;_}
=== CONT  TestNoUnreachableLoopStaysSilent/for_(a_in_f(b))_for_(;_;_c)_if_(foo)_break;
=== CONT  TestNoUnreachableLoopFires/for_(a;_b;)_{_for(;;)_if_(foo)_break;_break;_}
=== CONT  TestNoUnreachableLoopStaysSilent/for_(a_in_f(b))_for_(;_b;);
=== CONT  TestNoUnreachableLoopFires/for_(;_;_c)_{_break;_foo();_}
=== CONT  TestNoUnreachableLoopFires/for_(;_;_c)_{_foo();_break;_}
=== CONT  TestNoUnreachableLoopFires/for_(;_;_c)_{_throw_err;_}
=== CONT  TestNoUnreachableLoopStaysSilent/for_(a_in_f(b))_for_(a;_b;_c);
=== CONT  TestNoUnreachableLoopFires/for_(;_;_c)_throw_err;
=== CONT  TestNoUnreachableLoopStaysSilent/for_(a_in_f(b))_do_;_while_(a)
WAVE02_THROWN:3,true,false,,true,3,true,3,3,false,false,,
WAVE02_THROWN:5,true,false,,true,5,true,5,5,false,false,6,6
=== CONT  TestNoUnreachableLoopStaysSilent/for_(a_in_f(b))_while_(a);
=== CONT  TestNoUnreachableLoopStaysSilent/for_(a_in_f(b))_{_(()_=>_a)()_}
=== CONT  TestNoUnreachableLoopFires/for_(a;_b;)_{_for_(;_;_c)_if_(foo)_break;_break;_}
=== CONT  TestNoUnreachableLoopFires/function_someFunc()_{_for_(;_;_c)_{_return;_}_}
=== CONT  TestNoUnreachableLoopStaysSilent/for_(a_in_b)_for_(a_of_b);
=== CONT  TestNoUnreachableLoopFires/for_(a;_b;)_{_for_(a;_b;_c);_break;_}
=== CONT  TestNoUnreachableLoopFires/for_(a;_b;)_{_for_(;_b;);_break;_}
=== CONT  TestNoUnreachableLoopStaysSilent/function_someFunc()_{_do_{_try_{_return_bar();_}_catch_(e)_{}_}_while_(a_&&_b)_}
=== CONT  TestNoUnreachableLoopFires/for_(;_;_c)_{_break;_}
=== CONT  TestNoUnreachableLoopStaysSilent/for_(a_in_f(b))_(()_=>_a)();
=== CONT  TestNoUnreachableLoopFires/for_(a;_b;)_{_do_;_while_(a)_break;_}
=== CONT  TestNoUnreachableLoopFires/for_(a;_b;)_{_while_(a);_break;_}
=== CONT  TestNoUnreachableLoopFires/for_(;_;_c)_break;
=== CONT  TestNoUnreachableLoopStaysSilent/for_(a_in_f(b))_{_()_=>_a_}
=== CONT  TestNoUnreachableLoopFires/function_someFunc()_{_for_(;_;_c)_return;_}
=== CONT  TestNoUnreachableLoopStaysSilent/for_(a_in_f(b))_()_=>_a;
=== CONT  TestNoUnreachableLoopFires/for_(a;_b;)_{_(()_=>_a)();_break;_}
=== CONT  TestNoUnreachableLoopStaysSilent/function_someFunc()_{_do_{_switch_(foo)_{_case_1:_continue;_default:_return;_}_throw_err;_}_while_(a_&&_b)_}
=== CONT  TestNoUnreachableLoopFires/for_(a;_b;)_{_break;_continue;_}
=== CONT  TestNoUnreachableLoopFires/for_(a;_b;)_{_()_=>_a;_break;_}
=== CONT  TestNoUnreachableLoopStaysSilent/for_(a_in_f(b))_{_continue;_break;_}
=== CONT  TestNoUnreachableLoopFires/function_someFunc()_{_for_(a;_b;)_{_try_{_return_bar();_}_catch_(e)_{_break;_}_}_}
=== CONT  TestNoUnreachableLoopFires/function_someFunc()_{_for_(a;_b;)_{_switch_(foo)_{_case_1:_something();_default:_return;_}_}_}
=== CONT  TestNoUnreachableLoopStaysSilent/function_someFunc()_{_do_{_switch_(foo)_{_case_1:_break;_default:_return;_}_}_while_(a_&&_b)_}
=== CONT  TestNoUnreachableLoopStaysSilent/function_someFunc()_{_for_(a_in_f(b))_{_switch_(foo)_{_case_1:_continue;_default:_return;_}_throw_err;_}_}
=== CONT  TestNoUnreachableLoopFires/for_(a;_b;)_{_switch_(foo)_{_default:_throw_err;_}_}
=== CONT  TestNoUnreachableLoopStaysSilent/function_someFunc()_{_for_(a_in_f(b))_{_switch_(foo)_{_case_1:_break;_default:_return;_}_}_}
WAVE02_THROWN:5,true,false,,true,5,true,5,5,false,false,,
=== CONT  TestNoUnreachableLoopStaysSilent/function_someFunc()_{_for_(a_in_f(b))_{_switch_(foo)_{_case_1:_return;_}_}_}
=== CONT  TestNoUnreachableLoopFires/function_someFunc()_{_for_(a;_b;)_{_if_(foo)_{_return;_}_throw_err;_}_}
=== CONT  TestNoUnreachableLoopStaysSilent/function_someFunc()_{_for_(a_in_f(b))_{_if_(foo)_{_continue;_}_return;_}_}
WAVE02_THROWN:4,true,false,,true,4,true,4,4,false,false,5,5
WAVE02_THROWN:3,true,false,,true,3,true,3,3,false,false,,
=== CONT  TestNoUnreachableLoopFires/function_someFunc()_{_for_(a;_b;)_{_switch_(foo)_{_case_1:_throw_err;_default:_return;_}_}_}
WAVE02_THROWN:5,true,false,,true,5,true,5,5,false,false,,
=== CONT  TestNoUnreachableLoopStaysSilent/function_someFunc()_{_for_(a_in_f(b))_{_if_(foo)_{_return;_}_bar();_}_}
=== CONT  TestNoUnreachableLoopStaysSilent/function_someFunc()_{_for_(a_in_f(b))_{_try_{_return_bar();_}_catch_(e)_{}_}_}
=== CONT  TestNoUnreachableLoopStaysSilent/for_(a_in_f(b))_{_if_(foo)_break;_}
=== CONT  TestNoUnreachableLoopFires/for_(a;_b;)_{_break;_foo();_}
=== CONT  TestNoUnreachableLoopStaysSilent/for_(a_in_f(b))_{_continue;_}
=== CONT  TestNoUnreachableLoopFires/for_(a;_b;)_{_foo();_break;_}
=== CONT  TestNoUnreachableLoopStaysSilent/for_(a_in_f(b))_continue;
=== CONT  TestNoUnreachableLoopFires/for_(a;_b;)_{_throw_err;_}
WAVE02_THROWN:3,true,false,,true,3,true,3,3,false,false,,
=== CONT  TestNoUnreachableLoopFires/for_(a;_b;)_throw_err;
WAVE02_THROWN:3,true,false,,true,3,true,3,3,false,false,,
=== CONT  TestNoUnreachableLoopFires/function_someFunc()_{_for_(a;_b;)_return;_}
=== CONT  TestNoUnreachableLoopFires/function_someFunc()_{_for_(a;_b;)_{_if_(foo)_{_return;_}_else_{_break;_}_bar();_}_}
=== CONT  TestNoUnreachableLoopStaysSilent/for_(a_in_f(b))_{_if_(foo)_{_bar();_}_else_{_break;_}_}
=== CONT  TestNoUnreachableLoopFires/for_(a;_b;)_break;
=== CONT  TestNoUnreachableLoopFires/for_(a_=_0;_;_c++)_while_(true);
=== CONT  TestNoUnreachableLoopFires/for_(a_=_0;_;_c++)_{_for_(var_i_=_0;_;_i<_10)_{_foo();_}_}
=== CONT  TestNoUnreachableLoopFires/for_(a_=_0;_;_c++)_for_(;;);
=== CONT  TestNoUnreachableLoopStaysSilent/function_someFunc()_{_do_{_switch_(foo)_{_case_1:_return;_}_}_while_(a_&&_b)_}
=== CONT  TestNoUnreachableLoopStaysSilent/function_someFunc()_{_do_{_if_(foo)_{_continue;_}_return;_}_while_(a_&&_b)_}
=== CONT  TestNoUnreachableLoopFires/function_someFunc()_{_for_(a;_b;)_if_(foo)_break;_else_return;_}
=== CONT  TestNoUnreachableLoopStaysSilent/function_someFunc()_{_do_{_if_(foo)_{_return;_}_bar();_}_while_(a_&&_b)_}
=== CONT  TestNoUnreachableLoopStaysSilent/do_{_if_(foo)_{_bar();_}_else_{_break;_}_}_while_(a_&&_b)
=== CONT  TestNoUnreachableLoopStaysSilent/for_(a_in_b)_for_(a_in_b);
=== CONT  TestNoUnreachableLoopStaysSilent/function_someFunc()_{_for_(a_in_b)_while_(foo)_if_(bar)_return;_}
=== CONT  TestNoUnreachableLoopStaysSilent/do_{_if_(foo)_break;_}_while_(a_&&_b)
=== CONT  TestNoUnreachableLoopStaysSilent/do_{_continue;_}_while_(a_&&_b)
=== CONT  TestNoUnreachableLoopStaysSilent/for_(a_in_b)_while_(true)_if_(foo)_break;
=== CONT  TestNoUnreachableLoopStaysSilent/do_continue;_while_(a_&&_b)
=== CONT  TestNoUnreachableLoopStaysSilent/do_{_bar();_}_while_(a_&&_b)
=== CONT  TestNoUnreachableLoopStaysSilent/do_;_while_(a_&&_b)
=== CONT  TestNoUnreachableLoopStaysSilent/do_{}_while_(a_&&_b)
=== CONT  TestNoUnreachableLoopFires/function_someFunc()_{_for_(a;_b;)_{_return;_}_}
=== CONT  TestNoUnreachableLoopStaysSilent/for_(a_in_b)_for_(;;)_if_(foo)_break;
=== CONT  TestNoUnreachableLoopStaysSilent/do_for_(a_of_b);_while_(a)
=== CONT  TestNoUnreachableLoopStaysSilent/for_(a_in_b)_for_(;_;_c)_if_(foo)_break;
=== CONT  TestNoUnreachableLoopStaysSilent/for_(a_in_b)_for_(a;_b;_c);
=== CONT  TestNoUnreachableLoopStaysSilent/for_(a_in_b)_for_(;_b;);
=== CONT  TestNoUnreachableLoopStaysSilent/for_(a_in_b)_do_;_while_(a)
=== CONT  TestNoUnreachableLoopStaysSilent/for_(a_in_b)_while_(a);
=== CONT  TestNoUnreachableLoopFires/for_(a_=_0;_b_<_foo;_)_while_(true);
=== CONT  TestNoUnreachableLoopStaysSilent/for_(a_in_b)_{_(()_=>_a)()_}
=== CONT  TestNoUnreachableLoopStaysSilent/for_(a_in_b)_(()_=>_a)();
=== CONT  TestNoUnreachableLoopFires/for_(a_=_0;_b_<_foo;_)_for_(;;);
=== CONT  TestNoUnreachableLoopFires/for_(a_=_0;_b_<_foo;_)_{_for_(var_i_=_0;_;_i<_10)_{_foo();_}_}
=== CONT  TestNoUnreachableLoopStaysSilent/for_(a_in_b)_{_()_=>_a_}
=== CONT  TestNoUnreachableLoopFires/for_(a_=_0;_b_<_foo;_)_{_for_(a_of_b);_break;_}
=== CONT  TestNoUnreachableLoopFires/for_(a_=_0;_b_<_foo;_)_{_for_(a_in_b);_break;_}
=== CONT  TestNoUnreachableLoopFires/for_(a_=_0;_b_<_foo;_)_{_for(;;)_if_(foo)_break;_break;_}
=== CONT  TestNoUnreachableLoopFires/for_(a_=_0;_b_<_foo;_)_{_for_(;_;_c)_if_(foo)_break;_break;_}
=== CONT  TestNoUnreachableLoopFires/for_(a_=_0;_b_<_foo;_)_{_for_(;_b;);_break;_}
=== CONT  TestNoUnreachableLoopFires/for_(a;_b;)_{_break;_}
=== CONT  TestNoUnreachableLoopFires/for_(a_=_0;_b_<_foo;_)_{_do_;_while_(a)_break;_}
=== CONT  TestNoUnreachableLoopFires/for_(a_=_0;_b_<_foo;_)_{_while_(a);_break;_}
=== CONT  TestNoUnreachableLoopFires/for_(a_=_0;_b_<_foo;_)_{_(()_=>_a)();_break;_}
=== CONT  TestNoUnreachableLoopFires/for_(a_=_0;_b_<_foo;_)_{_()_=>_a;_break;_}
=== CONT  TestNoUnreachableLoopStaysSilent/for_(a_in_b)_()_=>_a;
=== CONT  TestNoUnreachableLoopFires/function_someFunc()_{_for_(;_b_<_foo;_c++)_return;_}
=== CONT  TestNoUnreachableLoopFires/function_someFunc()_{_for_(a_=_0;_b_<_foo;_)_{_try_{_return_bar();_}_catch_(e)_{_break;_}_}_}
=== CONT  TestNoUnreachableLoopStaysSilent/for_(a_in_b)_{_continue;_break;_}
=== CONT  TestNoUnreachableLoopStaysSilent/function_someFunc()_{_for_(a_in_b)_{_try_{_return_bar();_}_catch_(e)_{}_}_}
=== CONT  TestNoUnreachableLoopStaysSilent/function_someFunc()_{_for_(a_in_b)_{_switch_(foo)_{_case_1:_continue;_default:_return;_}_throw_err;_}_}
=== CONT  TestNoUnreachableLoopStaysSilent/function_someFunc()_{_for_(a_in_b)_{_switch_(foo)_{_case_1:_break;_default:_return;_}_}_}
=== CONT  TestNoUnreachableLoopStaysSilent/do_for_(a_in_b);_while_(a)
=== CONT  TestNoUnreachableLoopStaysSilent/function_someFunc()_{_for_(a_in_b)_{_switch_(foo)_{_case_1:_return;_}_}_}
=== CONT  TestNoUnreachableLoopStaysSilent/function_someFunc()_{_do_while_(foo)_if_(bar)_return;_while_(a)_}
=== CONT  TestNoUnreachableLoopStaysSilent/function_someFunc()_{_for_(a_in_b)_{_if_(foo)_{_continue;_}_return;_}_}
=== CONT  TestNoUnreachableLoopStaysSilent/do_while_(true)_if_(foo)_break;_while_(a)
=== CONT  TestNoUnreachableLoopStaysSilent/function_someFunc()_{_for_(a_in_b)_{_if_(foo)_{_return;_}_bar();_}_}
=== CONT  TestNoUnreachableLoopFires/for_(a_=_0;_b_<_foo;_)_{_for_(a;_b;_c);_break;_}
=== CONT  TestNoUnreachableLoopStaysSilent/do_for_(;;)_if_(foo)_break;_while_(a)
=== CONT  TestNoUnreachableLoopStaysSilent/for_(a_=_0;_;)_;
=== CONT  TestNoUnreachableLoopStaysSilent/do_for_(;_;_c)_if_(foo)_break;_while_(a)
=== CONT  TestNoUnreachableLoopStaysSilent/for_(a;_;)_for_(a_of_b);
=== CONT  TestNoUnreachableLoopStaysSilent/for_(a_in_b)_{_if_(foo)_break;_}
=== CONT  TestNoUnreachableLoopStaysSilent/do_for_(;_b;);_while_(a)
=== CONT  TestNoUnreachableLoopStaysSilent/for_(a_in_b)_{_continue;_}
=== CONT  TestNoUnreachableLoopStaysSilent/for_(a;_;)_for_(a_in_b);
=== CONT  TestNoUnreachableLoopStaysSilent/do_for_(a;_b;_c);_while_(a)
=== CONT  TestNoUnreachableLoopStaysSilent/for_(a_in_b)_continue;
=== CONT  TestNoUnreachableLoopStaysSilent/do_do_;_while_(a)_while_(a)
=== CONT  TestNoUnreachableLoopStaysSilent/do_while_(a);_while_(a)
=== CONT  TestNoUnreachableLoopStaysSilent/do_{_(()_=>_a)()_}_while_(a)
=== CONT  TestNoUnreachableLoopFires/for_(a_=_0;_;_c++)_{_for_(a_of_b);_break;_}
=== CONT  TestNoUnreachableLoopFires/for_(a_=_0;_;_c++)_{_for_(a_in_b);_break;_}
=== CONT  TestNoUnreachableLoopStaysSilent/do_(()_=>_a)();_while_(a)
=== CONT  TestNoUnreachableLoopFires/for_(a_=_0;_;_c++)_{_for(;;)_if_(foo)_break;_break;_}
=== CONT  TestNoUnreachableLoopStaysSilent/do_{_()_=>_a_}_while_(a)
=== CONT  TestNoUnreachableLoopFires/for_(a_=_0;_;_c++)_{_for_(;_;_c)_if_(foo)_break;_break;_}
=== CONT  TestNoUnreachableLoopFires/for_(a_=_0;_;_c++)_{_for_(;_b;);_break;_}
=== CONT  TestNoUnreachableLoopFires/for_(a_=_0;_;_c++)_{_for_(a;_b;_c);_break;_}
=== CONT  TestNoUnreachableLoopStaysSilent/do_{_continue;_break;_}_while_(a)
=== CONT  TestNoUnreachableLoopStaysSilent/for_(a_in_b)_{_bar();_}
=== CONT  TestNoUnreachableLoopStaysSilent/for_(;_b;)_while_(a);
=== CONT  TestNoUnreachableLoopStaysSilent/function_someFunc()_{_do_{_try_{_return_bar();_}_catch_(e)_{}_}_while_(a)_}
=== CONT  TestNoUnreachableLoopFires/for_(a_=_0;_;_c++)_{_while_(a);_break;_}
=== CONT  TestNoUnreachableLoopFires/for_(a_=_0;_;_c++)_{_do_;_while_(a)_break;_}
=== CONT  TestNoUnreachableLoopStaysSilent/for_(a_in_b)_{}
=== CONT  TestNoUnreachableLoopFires/for_(a_=_0;_;_c++)_{_(()_=>_a)();_break;_}
=== CONT  TestNoUnreachableLoopStaysSilent/function_someFunc()_{_do_{_switch_(foo)_{_case_1:_continue;_default:_return;_}_throw_err;_}_while_(a)_}
=== CONT  TestNoUnreachableLoopStaysSilent/for_(a_in_b)_;
=== CONT  TestNoUnreachableLoopStaysSilent/function_someFunc()_{_for_(a;_;)_while_(foo)_if_(bar)_return;_}
=== CONT  TestNoUnreachableLoopStaysSilent/for_(;;)_for_(a_of_b);
=== CONT  TestNoUnreachableLoopFires/for_(a_=_0;_;_c++)_{_()_=>_a;_break;_}
=== CONT  TestNoUnreachableLoopStaysSilent/for_(;;)_for_(a_in_b);
=== CONT  TestNoUnreachableLoopFires/for_(a_=_0;_;_c++)_{_break;_continue;_}
=== CONT  TestNoUnreachableLoopFires/function_someFunc()_{_for_(a_=_0;_;_c++)_{_try_{_return_bar();_}_catch_(e)_{_break;_}_}_}
=== CONT  TestNoUnreachableLoopFires/function_someFunc()_{_for_(a_=_0;_;_c++)_{_switch_(foo)_{_case_1:_something();_default:_return;_}_}_}
=== CONT  TestNoUnreachableLoopStaysSilent/do_()_=>_a;_while_(a)
=== CONT  TestNoUnreachableLoopFires/for_(a_=_0;_;_c++)_{_switch_(foo)_{_default:_throw_err;_}_}
=== CONT  TestNoUnreachableLoopFires/function_someFunc()_{_for_(a_=_0;_;_c++)_{_if_(foo)_{_return;_}_throw_err;_}_}
WAVE02_THROWN:6,true,false,,true,6,true,6,6,false,false,,
=== CONT  TestNoUnreachableLoopFires/function_someFunc()_{_for_(a_=_0;_;_c++)_{_if_(foo)_{_return;_}_else_{_break;_}_bar();_}_}
WAVE02_THROWN:5,true,false,,true,5,true,5,5,false,false,6,6
=== CONT  TestNoUnreachableLoopFires/function_someFunc()_{_for_(a_=_0;_;_c++)_if_(foo)_break;_else_return;_}
=== CONT  TestNoUnreachableLoopFires/for_(a_=_0;_;_c++)_{_break;_foo();_}
=== CONT  TestNoUnreachableLoopStaysSilent/function_someFunc()_{_for_(;;)_while_(foo)_if_(bar)_return;_}
=== CONT  TestNoUnreachableLoopStaysSilent/for_(;;)_while_(true)_if_(foo)_break;
=== CONT  TestNoUnreachableLoopFires/function_someFunc()_{_for_(a_=_0;_;_c++)_{_switch_(foo)_{_case_1:_throw_err;_default:_return;_}_}_}
=== CONT  TestNoUnreachableLoopFires/for_(a_=_0;_;_c++)_{_throw_err;_}
=== CONT  TestNoUnreachableLoopStaysSilent/for_(;;)_for_(;;)_if_(foo)_break;
WAVE02_THROWN:3,true,false,,true,3,true,3,3,false,false,,
=== CONT  TestNoUnreachableLoopStaysSilent/for_(a;_b;)_{}
=== CONT  TestNoUnreachableLoopStaysSilent/for_(a;_;)_while_(true)_if_(foo)_break;
=== CONT  TestNoUnreachableLoopFires/for_(a_=_0;_;_c++)_throw_err;
WAVE02_THROWN:3,true,false,,true,3,true,3,3,false,false,,
WAVE02_THROWN:6,true,false,,true,6,true,6,6,false,false,,
=== CONT  TestNoUnreachableLoopFires/function_someFunc()_{_for_(a_=_0;_;_c++)_{_return;_}_}
=== CONT  TestNoUnreachableLoopFires/for_(a_=_0;_;_c++)_{_foo();_break;_}
=== CONT  TestNoUnreachableLoopFires/function_someFunc()_{_for_(a_=_0;_;_c++)_return;_}
=== CONT  TestNoUnreachableLoopStaysSilent/for_(a;_;)_for_(;_;_c)_if_(foo)_break;
=== CONT  TestNoUnreachableLoopStaysSilent/for_(a;_;)_for_(;_b;);
=== CONT  TestNoUnreachableLoopFires/for_(a_=_0;_;_c++)_{_break;_}
=== CONT  TestNoUnreachableLoopStaysSilent/for_(a;_;)_for_(a;_b;_c);
=== CONT  TestNoUnreachableLoopStaysSilent/for_(a;_;)_for_(;;)_if_(foo)_break;
=== CONT  TestNoUnreachableLoopStaysSilent/for_(a;_;)_do_;_while_(a)
=== CONT  TestNoUnreachableLoopFires/for_(a_=_0;_;_c++)_break;
=== CONT  TestNoUnreachableLoopStaysSilent/for_(a;_;)_while_(a);
=== CONT  TestNoUnreachableLoopFires/for_(a;_;_c)_while_(true);
=== CONT  TestNoUnreachableLoopStaysSilent/for_(;;)_for_(;_;_c)_if_(foo)_break;
=== CONT  TestNoUnreachableLoopStaysSilent/for_(a;_;)_{_(()_=>_a)()_}
=== CONT  TestNoUnreachableLoopStaysSilent/for_(;;)_for_(;_b;);
=== CONT  TestNoUnreachableLoopStaysSilent/for_(a;_;)_(()_=>_a)();
=== CONT  TestNoUnreachableLoopFires/for_(a;_;_c)_{_for_(var_i_=_0;_;_i<_10)_{_foo();_}_}
=== CONT  TestNoUnreachableLoopStaysSilent/for_(a;_;)_{_()_=>_a_}
=== CONT  TestNoUnreachableLoopFires/for_(a;_;_c)_for_(;;);
=== CONT  TestNoUnreachableLoopStaysSilent/for_(a;_;)_()_=>_a;
=== CONT  TestNoUnreachableLoopFires/for_(a;_;_c)_{_for_(a_of_b);_break;_}
=== CONT  TestNoUnreachableLoopStaysSilent/for_(a;_;)_{_continue;_break;_}
=== CONT  TestNoUnreachableLoopStaysSilent/for_(;;)_for_(a;_b;_c);
=== CONT  TestNoUnreachableLoopStaysSilent/function_someFunc()_{_for_(a;_;)_{_try_{_return_bar();_}_catch_(e)_{}_}_}
=== CONT  TestNoUnreachableLoopFires/for_(a;_;_c)_{_for_(a_in_b);_break;_}
=== CONT  TestNoUnreachableLoopStaysSilent/function_someFunc()_{_for_(a;_;)_{_switch_(foo)_{_case_1:_continue;_default:_return;_}_throw_err;_}_}
=== CONT  TestNoUnreachableLoopStaysSilent/for_(;;)_do_;_while_(a)
=== CONT  TestNoUnreachableLoopStaysSilent/function_someFunc()_{_for_(a;_;)_{_switch_(foo)_{_case_1:_break;_default:_return;_}_}_}
=== CONT  TestNoUnreachableLoopStaysSilent/for_(;;)_while_(a);
=== CONT  TestNoUnreachableLoopStaysSilent/function_someFunc()_{_for_(a;_;)_{_switch_(foo)_{_case_1:_return;_}_}_}
=== CONT  TestNoUnreachableLoopStaysSilent/function_someFunc()_{_for_(a;_;)_{_if_(foo)_{_continue;_}_return;_}_}
=== CONT  TestNoUnreachableLoopFires/for_(a;_;_c)_{_for(;;)_if_(foo)_break;_break;_}
=== CONT  TestNoUnreachableLoopFires/for_(a;_;_c)_{_for_(a;_b;_c);_break;_}
=== CONT  TestNoUnreachableLoopStaysSilent/for_(;;)_{_(()_=>_a)()_}
=== CONT  TestNoUnreachableLoopFires/for_(a;_;_c)_{_do_;_while_(a)_break;_}
=== CONT  TestNoUnreachableLoopStaysSilent/for_(a;_;)_{_if_(foo)_{_bar();_}_else_{_break;_}_}
=== CONT  TestNoUnreachableLoopStaysSilent/function_someFunc()_{_for_(a;_;)_{_if_(foo)_{_return;_}_bar();_}_}
=== CONT  TestNoUnreachableLoopStaysSilent/for_(;;)_{_()_=>_a_}
=== CONT  TestNoUnreachableLoopStaysSilent/for_(a;_;)_{_if_(foo)_break;_}
=== CONT  TestNoUnreachableLoopStaysSilent/for_(;;)_()_=>_a;
=== CONT  TestNoUnreachableLoopStaysSilent/for_(;_b;)_{_(()_=>_a)()_}
=== CONT  TestNoUnreachableLoopFires/for_(a;_;_c)_{_while_(a);_break;_}
=== CONT  TestNoUnreachableLoopFires/for_(a;_;_c)_{_for_(;_b;);_break;_}
=== CONT  TestNoUnreachableLoopStaysSilent/for_(a;_;)_{_continue;_}
=== CONT  TestNoUnreachableLoopFires/for_(a;_;_c)_{_(()_=>_a)();_break;_}
=== CONT  TestNoUnreachableLoopFires/for_(a;_;_c)_{_()_=>_a;_break;_}
=== CONT  TestNoUnreachableLoopStaysSilent/for_(;;)_{_continue;_break;_}
=== CONT  TestNoUnreachableLoopFires/for_(a;_;_c)_{_break;_continue;_}
=== CONT  TestNoUnreachableLoopStaysSilent/function_someFunc()_{_do_{_switch_(foo)_{_case_1:_break;_default:_return;_}_}_while_(a)_}
=== CONT  TestNoUnreachableLoopFires/function_someFunc()_{_for_(a;_;_c)_{_try_{_return_bar();_}_catch_(e)_{_break;_}_}_}
=== CONT  TestNoUnreachableLoopStaysSilent/function_someFunc()_{_do_{_switch_(foo)_{_case_1:_return;_}_}_while_(a)_}
=== CONT  TestNoUnreachableLoopFires/function_someFunc()_{_for_(a;_;_c)_{_switch_(foo)_{_case_1:_something();_default:_return;_}_}_}
=== CONT  TestNoUnreachableLoopFires/for_(a;_;_c)_{_for_(;_;_c)_if_(foo)_break;_break;_}
=== CONT  TestNoUnreachableLoopFires/function_someFunc()_{_for_(a;_;_c)_{_switch_(foo)_{_case_1:_throw_err;_default:_return;_}_}_}
=== CONT  TestNoUnreachableLoopStaysSilent/for_(;;)_(()_=>_a)();
=== CONT  TestNoUnreachableLoopFires/for_(a;_;_c)_{_switch_(foo)_{_default:_throw_err;_}_}
=== CONT  TestNoUnreachableLoopFires/function_someFunc()_{_for_(a;_;_c)_{_if_(foo)_{_return;_}_throw_err;_}_}
WAVE02_THROWN:6,true,false,,true,6,true,6,6,false,false,,
WAVE02_THROWN:6,true,false,,true,6,true,6,6,false,false,,
=== CONT  TestNoUnreachableLoopFires/function_someFunc()_{_for_(a;_;_c)_{_if_(foo)_{_return;_}_else_{_break;_}_bar();_}_}
=== CONT  TestNoUnreachableLoopFires/function_someFunc()_{_for_(a;_;_c)_if_(foo)_break;_else_return;_}
=== CONT  TestNoUnreachableLoopFires/for_(a;_;_c)_{_break;_foo();_}
WAVE02_THROWN:5,true,false,,true,5,true,5,5,false,false,6,6
=== CONT  TestNoUnreachableLoopFires/for_(a;_;_c)_{_foo();_break;_}
=== CONT  TestNoUnreachableLoopStaysSilent/function_someFunc()_{_for_(;;)_{_try_{_return_bar();_}_catch_(e)_{}_}_}
=== CONT  TestNoUnreachableLoopStaysSilent/function_someFunc()_{_for_(;;)_{_switch_(foo)_{_case_1:_continue;_default:_return;_}_throw_err;_}_}
=== CONT  TestNoUnreachableLoopFires/for_(a;_;_c)_{_throw_err;_}
=== CONT  TestNoUnreachableLoopFires/for_(a;_;_c)_throw_err;
=== CONT  TestNoUnreachableLoopStaysSilent/function_someFunc()_{_for_(;;)_{_switch_(foo)_{_case_1:_break;_default:_return;_}_}_}
WAVE02_THROWN:3,true,false,,true,3,true,3,3,false,false,,
=== CONT  TestNoUnreachableLoopStaysSilent/function_someFunc()_{_for_(;;)_{_switch_(foo)_{_case_1:_return;_}_}_}
=== CONT  TestNoUnreachableLoopStaysSilent/for_(a;_;)_continue;
WAVE02_THROWN:3,true,false,,true,3,true,3,3,false,false,,
=== CONT  TestNoUnreachableLoopStaysSilent/for_(;_b;)_(()_=>_a)();
=== CONT  TestNoUnreachableLoopStaysSilent/function_someFunc()_{_for_(;;)_{_if_(foo)_{_continue;_}_return;_}_}
=== CONT  TestNoUnreachableLoopFires/function_someFunc()_{_for_(a;_;_c)_{_return;_}_}
=== CONT  TestNoUnreachableLoopStaysSilent/for_(;;)_{_if_(foo)_{_bar();_}_else_{_break;_}_}
=== CONT  TestNoUnreachableLoopFires/function_someFunc()_{_for_(a;_;_c)_return;_}
=== CONT  TestNoUnreachableLoopStaysSilent/function_someFunc()_{_for_(;;)_{_if_(foo)_{_return;_}_bar();_}_}
=== CONT  TestNoUnreachableLoopStaysSilent/for_(a;_;)_{_bar();_}
=== CONT  TestNoUnreachableLoopStaysSilent/for_(;;)_{_if_(foo)_break;_}
=== CONT  TestNoUnreachableLoopStaysSilent/for_(;;)_{_continue;_}
=== CONT  TestNoUnreachableLoopFires/for_(a;_;_c)_{_break;_}
=== CONT  TestNoUnreachableLoopStaysSilent/for_(;;)_continue;
=== CONT  TestNoUnreachableLoopStaysSilent/for_(;;)_{_bar();_}
=== CONT  TestNoUnreachableLoopStaysSilent/for_(;;)_{}
=== CONT  TestNoUnreachableLoopStaysSilent/for_(;;)_;
=== CONT  TestNoUnreachableLoopStaysSilent/for_(a_=_0;_;)_for_(a_of_b);
=== CONT  TestNoUnreachableLoopStaysSilent/for_(a_=_0;_;)_for_(a_in_b);
=== CONT  TestNoUnreachableLoopStaysSilent/function_someFunc()_{_for_(a_=_0;_;)_while_(foo)_if_(bar)_return;_}
=== CONT  TestNoUnreachableLoopStaysSilent/for_(a_=_0;_;)_while_(true)_if_(foo)_break;
=== CONT  TestNoUnreachableLoopFires/for_(a;_;_c)_break;
=== CONT  TestNoUnreachableLoopStaysSilent/for_(a_=_0;_;)_for_(;;)_if_(foo)_break;
=== CONT  TestNoUnreachableLoopStaysSilent/for_(a_=_0;_;)_for_(;_;_c)_if_(foo)_break;
=== CONT  TestNoUnreachableLoopStaysSilent/for_(a_=_0;_;)_for_(;_b;);
=== CONT  TestNoUnreachableLoopFires/for_(;_b_<_foo;_c++)_while_(true);
=== CONT  TestNoUnreachableLoopStaysSilent/for_(a_=_0;_;)_for_(a;_b;_c);
=== CONT  TestNoUnreachableLoopStaysSilent/for_(a_=_0;_;)_do_;_while_(a)
=== CONT  TestNoUnreachableLoopStaysSilent/for_(a_=_0;_;)_while_(a);
=== CONT  TestNoUnreachableLoopStaysSilent/for_(a_=_0;_;)_{_(()_=>_a)()_}
=== CONT  TestNoUnreachableLoopStaysSilent/for_(a;_;)_{}
=== CONT  TestNoUnreachableLoopStaysSilent/for_(a_=_0;_;)_(()_=>_a)();
=== CONT  TestNoUnreachableLoopStaysSilent/for_(a;_;)_;
=== CONT  TestNoUnreachableLoopStaysSilent/for_(a_=_0;_;)_()_=>_a;
=== CONT  TestNoUnreachableLoopStaysSilent/for_(;_b_<_foo;_)_for_(a_of_b);
=== CONT  TestNoUnreachableLoopStaysSilent/for_(a_=_0;_;)_{_()_=>_a_}
=== CONT  TestNoUnreachableLoopStaysSilent/for_(a_=_0;_;)_{_continue;_break;_}
=== CONT  TestNoUnreachableLoopStaysSilent/for_(;_b_<_foo;_)_for_(a_in_b);
=== CONT  TestNoUnreachableLoopStaysSilent/function_someFunc()_{_for_(;_b_<_foo;_)_while_(foo)_if_(bar)_return;_}
=== CONT  TestNoUnreachableLoopFires/for_(;_b_<_foo;_c++)_{_for_(var_i_=_0;_;_i<_10)_{_foo();_}_}
=== CONT  TestNoUnreachableLoopStaysSilent/function_someFunc()_{_for_(a_=_0;_;)_{_try_{_return_bar();_}_catch_(e)_{}_}_}
=== CONT  TestNoUnreachableLoopStaysSilent/for_(;_b_<_foo;_)_while_(true)_if_(foo)_break;
=== CONT  TestNoUnreachableLoopFires/for_(;_b_<_foo;_c++)_for_(;;);
=== CONT  TestNoUnreachableLoopStaysSilent/for_(;_b_<_foo;_)_for_(;;)_if_(foo)_break;
=== CONT  TestNoUnreachableLoopFires/for_(;_b_<_foo;_c++)_{_for_(a_of_b);_break;_}
=== CONT  TestNoUnreachableLoopStaysSilent/function_someFunc()_{_for_(a_=_0;_;)_{_switch_(foo)_{_case_1:_continue;_default:_return;_}_throw_err;_}_}
=== CONT  TestNoUnreachableLoopFires/for_(;_b_<_foo;_c++)_{_for_(a_in_b);_break;_}
=== CONT  TestNoUnreachableLoopStaysSilent/function_someFunc()_{_for_(a_=_0;_;)_{_switch_(foo)_{_case_1:_break;_default:_return;_}_}_}
=== CONT  TestNoUnreachableLoopFires/for_(;_b_<_foo;_c++)_{_for(;;)_if_(foo)_break;_break;_}
=== CONT  TestNoUnreachableLoopStaysSilent/function_someFunc()_{_for_(a_=_0;_;)_{_switch_(foo)_{_case_1:_return;_}_}_}
=== CONT  TestNoUnreachableLoopFires/for_(;_b_<_foo;_c++)_{_for_(;_;_c)_if_(foo)_break;_break;_}
=== CONT  TestNoUnreachableLoopStaysSilent/function_someFunc()_{_for_(a_=_0;_;)_{_if_(foo)_{_continue;_}_return;_}_}
=== CONT  TestNoUnreachableLoopStaysSilent/for_(a_=_0;_;)_{_if_(foo)_{_bar();_}_else_{_break;_}_}
=== CONT  TestNoUnreachableLoopStaysSilent/for_(;_b_<_foo;_)_for_(;_;_c)_if_(foo)_break;
=== CONT  TestNoUnreachableLoopStaysSilent/function_someFunc()_{_for_(a_=_0;_;)_{_if_(foo)_{_return;_}_bar();_}_}
=== CONT  TestNoUnreachableLoopStaysSilent/for_(;_b_<_foo;_)_for_(;_b;);
=== CONT  TestNoUnreachableLoopStaysSilent/for_(a_=_0;_;)_{_if_(foo)_break;_}
=== CONT  TestNoUnreachableLoopStaysSilent/for_(;_b_<_foo;_)_for_(a;_b;_c);
=== CONT  TestNoUnreachableLoopStaysSilent/for_(a_=_0;_;)_{_continue;_}
=== CONT  TestNoUnreachableLoopStaysSilent/for_(;_b_<_foo;_)_do_;_while_(a)
=== CONT  TestNoUnreachableLoopStaysSilent/for_(a_=_0;_;)_continue;
=== CONT  TestNoUnreachableLoopStaysSilent/function_someFunc()_{_do_{_if_(foo)_{_continue;_}_return;_}_while_(a)_}
=== CONT  TestNoUnreachableLoopStaysSilent/for_(a_=_0;_;)_{_bar();_}
=== CONT  TestNoUnreachableLoopStaysSilent/for_(a_=_0;_;)_{}
=== CONT  TestNoUnreachableLoopStaysSilent/for_(;_b;)_{_()_=>_a_}
=== CONT  TestNoUnreachableLoopStaysSilent/for_(;_b;)_()_=>_a;
=== CONT  TestNoUnreachableLoopStaysSilent/for_(;_b_<_foo;_)_while_(a);
=== CONT  TestNoUnreachableLoopStaysSilent/function_someFunc()_{_for_(;_b;)_{_try_{_return_bar();_}_catch_(e)_{}_}_}
=== CONT  TestNoUnreachableLoopStaysSilent/function_someFunc()_{_for_(;_b;)_{_switch_(foo)_{_case_1:_continue;_default:_return;_}_throw_err;_}_}
=== CONT  TestNoUnreachableLoopStaysSilent/function_someFunc()_{_for_(;_b;)_{_switch_(foo)_{_case_1:_break;_default:_return;_}_}_}
=== CONT  TestNoUnreachableLoopStaysSilent/function_someFunc()_{_for_(;_b;)_{_switch_(foo)_{_case_1:_return;_}_}_}
=== CONT  TestNoUnreachableLoopStaysSilent/for_(;_b;)_{_continue;_break;_}
=== CONT  TestNoUnreachableLoopStaysSilent/function_someFunc()_{_for_(;_b;)_{_if_(foo)_{_continue;_}_return;_}_}
=== CONT  TestNoUnreachableLoopStaysSilent/for_(;_b;)_{_if_(foo)_{_bar();_}_else_{_break;_}_}
=== CONT  TestNoUnreachableLoopStaysSilent/function_someFunc()_{_for_(;_b;)_{_if_(foo)_{_return;_}_bar();_}_}
=== CONT  TestNoUnreachableLoopStaysSilent/for_(;_b;)_{_if_(foo)_break;_}
=== CONT  TestNoUnreachableLoopStaysSilent/for_(;_b;)_continue;
=== CONT  TestNoUnreachableLoopStaysSilent/for_(;_b;)_{_bar();_}
=== CONT  TestNoUnreachableLoopStaysSilent/for_(;_b;)_{_continue;_}
=== CONT  TestNoUnreachableLoopStaysSilent/for_(;_b_<_foo;_)_{_(()_=>_a)()_}
=== CONT  TestNoUnreachableLoopStaysSilent/for_(;_b;)_{}
=== CONT  TestNoUnreachableLoopStaysSilent/for_(;_b_<_foo;_)_(()_=>_a)();
=== CONT  TestNoUnreachableLoopStaysSilent/do_{_if_(foo)_{_bar();_}_else_{_break;_}_}_while_(a)
=== CONT  TestNoUnreachableLoopStaysSilent/for_(;_b;)_;
=== CONT  TestNoUnreachableLoopStaysSilent/function_someFunc()_{_do_{_if_(foo)_{_return;_}_bar();_}_while_(a)_}
=== CONT  TestNoUnreachableLoopStaysSilent/do_{_if_(foo)_break;_}_while_(a)
=== CONT  TestNoUnreachableLoopStaysSilent/for_(;_;_c++)_for_(a_of_b);
=== CONT  TestNoUnreachableLoopStaysSilent/for_(;_;_c++)_for_(a_in_b);
=== CONT  TestNoUnreachableLoopStaysSilent/do_{_continue;_}_while_(a)
=== CONT  TestNoUnreachableLoopStaysSilent/for_(;_b_<_foo;_)_{_()_=>_a_}
=== CONT  TestNoUnreachableLoopStaysSilent/do_continue;_while_(a)
=== CONT  TestNoUnreachableLoopFires/for_(;_b_<_foo;_c++)_{_for_(;_b;);_break;_}
=== CONT  TestNoUnreachableLoopStaysSilent/do_{_bar();_}_while_(a)
=== CONT  TestNoUnreachableLoopFires/for_(;_b_<_foo;_c++)_{_for_(a;_b;_c);_break;_}
=== CONT  TestNoUnreachableLoopFires/for_(;_b_<_foo;_c++)_{_do_;_while_(a)_break;_}
=== CONT  TestNoUnreachableLoopFires/for_(;_b_<_foo;_c++)_{_while_(a);_break;_}
=== CONT  TestNoUnreachableLoopFires/for_(;_b_<_foo;_c++)_{_(()_=>_a)();_break;_}
=== CONT  TestNoUnreachableLoopFires/for_(;_b_<_foo;_c++)_{_break;_continue;_}
=== CONT  TestNoUnreachableLoopFires/for_(;_b_<_foo;_c++)_{_()_=>_a;_break;_}
=== CONT  TestNoUnreachableLoopFires/function_someFunc()_{_for_(;_b_<_foo;_c++)_{_try_{_return_bar();_}_catch_(e)_{_break;_}_}_}
=== CONT  TestNoUnreachableLoopFires/function_someFunc()_{_for_(;_b_<_foo;_c++)_{_switch_(foo)_{_case_1:_something();_default:_return;_}_}_}
=== CONT  TestNoUnreachableLoopFires/for_(;_b_<_foo;_c++)_{_switch_(foo)_{_default:_throw_err;_}_}
=== CONT  TestNoUnreachableLoopFires/function_someFunc()_{_for_(;_b_<_foo;_c++)_{_switch_(foo)_{_case_1:_throw_err;_default:_return;_}_}_}
=== CONT  TestNoUnreachableLoopStaysSilent/do_{}_while_(a)
WAVE02_THROWN:6,true,false,,true,6,true,6,6,false,false,,
=== CONT  TestNoUnreachableLoopFires/function_someFunc()_{_for_(;_b_<_foo;_c++)_{_if_(foo)_{_return;_}_throw_err;_}_}
=== CONT  TestNoUnreachableLoopStaysSilent/do_;_while_(a)
WAVE02_THROWN:5,true,false,,true,5,true,5,5,false,false,6,6
=== CONT  TestNoUnreachableLoopFires/function_someFunc()_{_for_(;_b_<_foo;_c++)_{_if_(foo)_{_return;_}_else_{_break;_}_bar();_}_}
=== CONT  TestNoUnreachableLoopStaysSilent/while_(a_&&_b)_for_(a_of_b);
=== CONT  TestNoUnreachableLoopStaysSilent/while_(a_&&_b)_for_(a_in_b);
=== CONT  TestNoUnreachableLoopFires/function_someFunc()_{_for_(;_b_<_foo;_c++)_if_(foo)_break;_else_return;_}
=== CONT  TestNoUnreachableLoopStaysSilent/function_someFunc()_{_while_(a_&&_b)_while_(foo)_if_(bar)_return;_}
=== CONT  TestNoUnreachableLoopFires/for_(;_b_<_foo;_c++)_{_break;_foo();_}
WAVE02_THROWN:6,true,false,,true,6,true,6,6,false,false,,
=== CONT  TestNoUnreachableLoopStaysSilent/while_(a_&&_b)_while_(true)_if_(foo)_break;
=== CONT  TestNoUnreachableLoopFires/function_someFunc()_{_for_(;_b_<_foo;_c++)_{_return;_}_}
=== CONT  TestNoUnreachableLoopStaysSilent/while_(a_&&_b)_for_(;_;_c)_if_(foo)_break;
=== CONT  TestNoUnreachableLoopStaysSilent/for_(;_;_c)_do_;_while_(a)
=== CONT  TestNoUnreachableLoopStaysSilent/while_(a_&&_b)_for_(;_b;);
=== CONT  TestNoUnreachableLoopFires/do_{_while_(a);_break;_}_while_(a)
=== CONT  TestNoUnreachableLoopFires/for_(;_b_<_foo;_c++)_{_throw_err;_}
=== CONT  TestNoUnreachableLoopStaysSilent/function_someFunc()_{_for_(;_;_c++)_while_(foo)_if_(bar)_return;_}
WAVE02_THROWN:3,true,false,,true,3,true,3,3,false,false,,
=== CONT  TestNoUnreachableLoopStaysSilent/for_(;_;_c++)_while_(a);
=== CONT  TestNoUnreachableLoopStaysSilent/while_(a_&&_b)_for_(a;_b;_c);
=== CONT  TestNoUnreachableLoopStaysSilent/for_(;_;_c++)_{_(()_=>_a)()_}
=== CONT  TestNoUnreachableLoopFires/for_(;_b_<_foo;_c++)_{_foo();_break;_}
=== CONT  TestNoUnreachableLoopStaysSilent/for_(;_;_c++)_(()_=>_a)();
=== CONT  TestNoUnreachableLoopStaysSilent/for_(;_;_c++)_{_()_=>_a_}
=== CONT  TestNoUnreachableLoopStaysSilent/for_(;_;_c++)_{_continue;_break;_}
=== CONT  TestNoUnreachableLoopStaysSilent/function_someFunc()_{_for_(;_;_c++)_{_try_{_return_bar();_}_catch_(e)_{}_}_}
=== CONT  TestNoUnreachableLoopStaysSilent/for_(a_=_0;_b_<_foo;_)_{_continue;_}
=== CONT  TestNoUnreachableLoopFires/for_(;_b_<_foo;_c++)_throw_err;
=== CONT  TestNoUnreachableLoopStaysSilent/function_someFunc()_{_for_(;_;_c++)_{_switch_(foo)_{_case_1:_continue;_default:_return;_}_throw_err;_}_}
WAVE02_THROWN:3,true,false,,true,3,true,3,3,false,false,,
=== CONT  TestNoUnreachableLoopStaysSilent/for_(;_;_c++)_()_=>_a;
=== CONT  TestNoUnreachableLoopStaysSilent/while_(a_&&_b)_for_(;;)_if_(foo)_break;
=== CONT  TestNoUnreachableLoopStaysSilent/while_(a_&&_b)_{_(()_=>_a)()_}
=== CONT  TestNoUnreachableLoopStaysSilent/function_someFunc()_{_for_(;_;_c++)_{_if_(foo)_{_continue;_}_return;_}_}
=== CONT  TestNoUnreachableLoopStaysSilent/for_(;_;_c++)_{_if_(foo)_{_bar();_}_else_{_break;_}_}
=== CONT  TestNoUnreachableLoopStaysSilent/while_(a_&&_b)_(()_=>_a)();
=== CONT  TestNoUnreachableLoopStaysSilent/while_(a_&&_b)_while_(a);
=== CONT  TestNoUnreachableLoopStaysSilent/function_someFunc()_{_for_(;_;_c++)_{_if_(foo)_{_return;_}_bar();_}_}
=== CONT  TestNoUnreachableLoopStaysSilent/while_(a_&&_b)_{_()_=>_a_}
=== CONT  TestNoUnreachableLoopStaysSilent/while_(a_&&_b)_()_=>_a;
=== CONT  TestNoUnreachableLoopStaysSilent/for_(;_;_c++)_{_if_(foo)_break;_}
=== CONT  TestNoUnreachableLoopStaysSilent/function_someFunc()_{_for_(;_;_c++)_{_switch_(foo)_{_case_1:_return;_}_}_}
=== CONT  TestNoUnreachableLoopStaysSilent/for_(;_b_<_foo;_)_{_continue;_}
=== CONT  TestNoUnreachableLoopStaysSilent/while_(a_&&_b)_{_continue;_break;_}
=== CONT  TestNoUnreachableLoopStaysSilent/for_(;_;_c++)_{_continue;_}
=== CONT  TestNoUnreachableLoopStaysSilent/for_(;_;_c)_{_continue;_}
=== CONT  TestNoUnreachableLoopStaysSilent/for_(;_;_c++)_while_(true)_if_(foo)_break;
=== CONT  TestNoUnreachableLoopStaysSilent/function_someFunc()_{_while_(a_&&_b)_{_switch_(foo)_{_case_1:_continue;_default:_return;_}_throw_err;_}_}
=== CONT  TestNoUnreachableLoopStaysSilent/for_(;_;_c++)_for_(;;)_if_(foo)_break;
=== CONT  TestNoUnreachableLoopStaysSilent/function_someFunc()_{_for_(;_b_<_foo;_)_{_try_{_return_bar();_}_catch_(e)_{}_}_}
=== CONT  TestNoUnreachableLoopStaysSilent/function_someFunc()_{_while_(a_&&_b)_{_switch_(foo)_{_case_1:_break;_default:_return;_}_}_}
=== CONT  TestNoUnreachableLoopStaysSilent/for_(;_;_c)_while_(a);
=== CONT  TestNoUnreachableLoopStaysSilent/function_someFunc()_{_while_(a_&&_b)_{_try_{_return_bar();_}_catch_(e)_{}_}_}
=== CONT  TestNoUnreachableLoopStaysSilent/for_(;_;_c)_continue;
=== CONT  TestNoUnreachableLoopStaysSilent/for_(;_;_c)_{_bar();_}
=== CONT  TestNoUnreachableLoopStaysSilent/function_someFunc()_{_for_(;_b_<_foo;_)_{_switch_(foo)_{_case_1:_continue;_default:_return;_}_throw_err;_}_}
=== CONT  TestNoUnreachableLoopStaysSilent/for_(;_b_<_foo;_)_{_continue;_break;_}
=== CONT  TestNoUnreachableLoopStaysSilent/for_(;_;_c)_{_(()_=>_a)()_}
=== CONT  TestNoUnreachableLoopStaysSilent/for_(;_;_c)_{}
=== CONT  TestNoUnreachableLoopStaysSilent/for_(;_;_c++)_continue;
--- PASS: TestNoUnreachableLoopFires (0.03s)
    --- PASS: TestNoUnreachableLoopFires/for_(a_of_f(b))_{_for_(a_in_b);_break;_} (0.00s)
    --- PASS: TestNoUnreachableLoopFires/function_foo_()_{_for_(a_in_b)_{_while_(true)_{_if_(bar)_{_return;_}_}_}_} (0.00s)
    --- PASS: TestNoUnreachableLoopFires/lbl:_for_(a_in_b)_{_while(foo)_{_continue_lbl;_}_} (0.00s)
    --- PASS: TestNoUnreachableLoopFires/for_(a_of_f(b))_{_for(;;)_if_(foo)_break;_break;_} (0.00s)
    --- PASS: TestNoUnreachableLoopFires/lbl:_while(foo)_{_do_{_break_lbl;_}_while(baz)_} (0.00s)
    --- PASS: TestNoUnreachableLoopFires/function_foo()_{_for_(var_i_=_0;_i_<_10;_i++)_{_do_{_return;_}_while(i)_}_} (0.00s)
    --- PASS: TestNoUnreachableLoopFires/for_(a_in_b)_{_while_(foo)_{_if(baz)_{_break;_}_else_{_break;_}_}_break;_} (0.00s)
    --- PASS: TestNoUnreachableLoopFires/lbl:_for_(var_i_=_0;_i_<_10;_i++)_{_while_(foo)_break_lbl;_}_/*_outer_is_valid_because_inner_can_have_0_iterations_*/ (0.00s)
    --- PASS: TestNoUnreachableLoopFires/while_(foo)_{_for_(a_of_b)_{_if_(baz)_{_break;_}_else_{_throw_err;_}_}_} (0.00s)
    --- PASS: TestNoUnreachableLoopFires/async_function_foo()_{_for_await_(const_a_of_b)_while_(true);_} (0.00s)
    --- PASS: TestNoUnreachableLoopFires/for_(a_of_b)_{_for(;;)_{_if_(foo)_{_throw_err;_}_}_} (0.00s)
    --- PASS: TestNoUnreachableLoopFires/for_(;;)_{_for_(var_i_=_1;_i_<_10;_i_++)_break;_if_(foo)_break;_continue;_} (0.00s)
    --- PASS: TestNoUnreachableLoopFires/async_function_foo()_{_for_await_(const_a_of_b)_{_for_(a_of_b);_break;_}_} (0.00s)
    --- PASS: TestNoUnreachableLoopFires/while_(a)_break; (0.00s)
    --- PASS: TestNoUnreachableLoopFires/async_function_foo()_{_for_await_(const_a_of_b)_{_for_(a_in_b);_break;_}_} (0.00s)
    --- PASS: TestNoUnreachableLoopFires/do_{_for_(var_i_=_1;_i_<_10;_i++)_continue;_break;_}_while(foo) (0.00s)
    --- PASS: TestNoUnreachableLoopFires/for_(;_b_<_foo;_c++)_{_break;_} (0.00s)
    --- PASS: TestNoUnreachableLoopFires/do_for_(var_i_=_1;_i_<_10;_i++)_break;_while(foo) (0.00s)
    --- PASS: TestNoUnreachableLoopFires/for_(;_b_<_foo;_c++)_break; (0.00s)
    --- PASS: TestNoUnreachableLoopFires/for_(;_b;_c)_while_(true); (0.00s)
    --- PASS: TestNoUnreachableLoopFires/async_function_foo()_{_for_await_(const_a_of_b)_{_for_(var_i_=_0;_;_i<_10)_{_foo();_}_}_} (0.00s)
    --- PASS: TestNoUnreachableLoopFires/async_function_foo()_{_for_await_(const_a_of_b)_{_for_(;_;_c)_if_(foo)_break;_break;_}_} (0.00s)
    --- PASS: TestNoUnreachableLoopFires/for_(;_b;_c)_for_(;;); (0.00s)
    --- PASS: TestNoUnreachableLoopFires/async_function_foo()_{_for_await_(const_a_of_b)_{_for_(;_b;);_break;_}_} (0.00s)
    --- PASS: TestNoUnreachableLoopFires/for_(;_b;_c)_{_for_(a_of_b);_break;_} (0.00s)
    --- PASS: TestNoUnreachableLoopFires/async_function_foo()_{_for_await_(const_a_of_b)_{_for_(a;_b;_c);_break;_}_} (0.00s)
    --- PASS: TestNoUnreachableLoopFires/for_(;_b;_c)_{_for_(a_in_b);_break;_} (0.00s)
    --- PASS: TestNoUnreachableLoopFires/async_function_foo()_{_for_await_(const_a_of_b)_{_while_(a);_break;_}_} (0.00s)
    --- PASS: TestNoUnreachableLoopFires/for_(;_b;_c)_{_for_(var_i_=_0;_;_i<_10)_{_foo();_}_} (0.00s)
    --- PASS: TestNoUnreachableLoopFires/async_function_foo()_{_for_await_(const_a_of_b)_for_(;;);_} (0.00s)
    --- PASS: TestNoUnreachableLoopFires/async_function_foo()_{_for_await_(const_a_of_b)_{_(()_=>_a)();_break;_}_} (0.00s)
    --- PASS: TestNoUnreachableLoopFires/async_function_foo()_{_for_await_(const_a_of_b)_{_for(;;)_if_(foo)_break;_break;_}_} (0.00s)
    --- PASS: TestNoUnreachableLoopFires/async_function_foo()_{_for_await_(const_a_of_b)_{_break;_continue;_}_} (0.00s)
    --- PASS: TestNoUnreachableLoopFires/for_(;_b;_c)_{_for(;;)_if_(foo)_break;_break;_} (0.00s)
    --- PASS: TestNoUnreachableLoopFires/async_function_foo()_{_for_await_(const_a_of_b)_{_()_=>_a;_break;_}_} (0.00s)
    --- PASS: TestNoUnreachableLoopFires/for_(;_b;_c)_{_for_(;_;_c)_if_(foo)_break;_break;_} (0.00s)
    --- PASS: TestNoUnreachableLoopFires/for_(;_b;_c)_{_for_(;_b;);_break;_} (0.00s)
    --- PASS: TestNoUnreachableLoopFires/async_function_foo()_{_for_await_(const_a_of_b)_{_do_;_while_(a)_break;_}_} (0.00s)
    --- PASS: TestNoUnreachableLoopFires/async_function_foo()_{_for_await_(const_a_of_b)_{_try_{_return_bar();_}_catch_(e)_{_break;_}_}_} (0.00s)
    --- PASS: TestNoUnreachableLoopFires/for_(;_b;_c)_{_for_(a;_b;_c);_break;_} (0.00s)
    --- PASS: TestNoUnreachableLoopFires/async_function_foo()_{_for_await_(const_a_of_b)_{_if_(foo)_{_return;_}_throw_err;_}_} (0.00s)
    --- PASS: TestNoUnreachableLoopFires/for_(;_b;_c)_{_do_;_while_(a)_break;_} (0.00s)
    --- PASS: TestNoUnreachableLoopFires/for_(;_b;_c)_{_while_(a);_break;_} (0.00s)
    --- PASS: TestNoUnreachableLoopFires/async_function_foo()_{_for_await_(const_a_of_b)_{_if_(foo)_{_return;_}_else_{_break;_}_bar();_}_} (0.00s)
    --- PASS: TestNoUnreachableLoopFires/async_function_foo()_{_for_await_(const_a_of_b)_{_switch_(foo)_{_case_1:_something();_default:_return;_}_}_} (0.00s)
    --- PASS: TestNoUnreachableLoopFires/async_function_foo()_{_for_await_(const_a_of_b)_{_switch_(foo)_{_case_1:_throw_err;_default:_return;_}_}_} (0.00s)
    --- PASS: TestNoUnreachableLoopFires/async_function_foo()_{_for_await_(const_a_of_b)_{_switch_(foo)_{_default:_throw_err;_}_}_} (0.00s)
    --- PASS: TestNoUnreachableLoopFires/async_function_foo()_{_for_await_(const_a_of_b)_if_(foo)_break;_else_return;_} (0.00s)
    --- PASS: TestNoUnreachableLoopFires/for_(;_b;_c)_{_(()_=>_a)();_break;_} (0.00s)
    --- PASS: TestNoUnreachableLoopFires/for_(;_b;_c)_{_()_=>_a;_break;_} (0.00s)
    --- PASS: TestNoUnreachableLoopFires/async_function_foo()_{_for_await_(const_a_of_b)_{_break;_foo();_}_} (0.00s)
    --- PASS: TestNoUnreachableLoopFires/async_function_foo()_{_for_await_(const_a_of_b)_{_foo();_break;_}_} (0.00s)
    --- PASS: TestNoUnreachableLoopFires/for_(;_b;_c)_{_break;_continue;_} (0.00s)
    --- PASS: TestNoUnreachableLoopFires/async_function_foo()_{_for_await_(const_a_of_b)_{_throw_err;_}_} (0.00s)
    --- PASS: TestNoUnreachableLoopFires/async_function_foo()_{_for_await_(const_a_of_b)_throw_err;_} (0.00s)
    --- PASS: TestNoUnreachableLoopFires/function_someFunc()_{_for_(;_b;_c)_{_try_{_return_bar();_}_catch_(e)_{_break;_}_}_} (0.00s)
    --- PASS: TestNoUnreachableLoopFires/async_function_foo()_{_for_await_(const_a_of_b)_{_return;_}_} (0.00s)
    --- PASS: TestNoUnreachableLoopFires/async_function_foo()_{_for_await_(const_a_of_b)_return;_} (0.00s)
    --- PASS: TestNoUnreachableLoopFires/for_(;_b;_c)_{_switch_(foo)_{_default:_throw_err;_}_} (0.00s)
    --- PASS: TestNoUnreachableLoopFires/async_function_foo()_{_for_await_(const_a_of_b)_{_break;_}_} (0.00s)
    --- PASS: TestNoUnreachableLoopFires/async_function_foo()_{_for_await_(const_a_of_b)_break;_} (0.00s)
    --- PASS: TestNoUnreachableLoopFires/function_someFunc()_{_for_(;_b;_c)_{_switch_(foo)_{_case_1:_something();_default:_return;_}_}_} (0.00s)
    --- PASS: TestNoUnreachableLoopFires/function_someFunc()_{_for_(;_b;_c)_{_if_(foo)_{_return;_}_throw_err;_}_} (0.00s)
    --- PASS: TestNoUnreachableLoopFires/function_someFunc()_{_for_(;_b;_c)_{_if_(foo)_{_return;_}_else_{_break;_}_bar();_}_} (0.00s)
    --- PASS: TestNoUnreachableLoopFires/for_(var_a_of_f(b))_while_(true); (0.00s)
    --- PASS: TestNoUnreachableLoopFires/function_someFunc()_{_for_(;_b;_c)_{_switch_(foo)_{_case_1:_throw_err;_default:_return;_}_}_} (0.00s)
    --- PASS: TestNoUnreachableLoopFires/for_(;_b;_c)_{_break;_foo();_} (0.00s)
    --- PASS: TestNoUnreachableLoopFires/for_(var_a_of_f(b))_for_(;;); (0.00s)
    --- PASS: TestNoUnreachableLoopFires/for_(var_a_of_f(b))_{_for_(var_i_=_0;_;_i<_10)_{_foo();_}_} (0.00s)
    --- PASS: TestNoUnreachableLoopFires/for_(var_a_of_f(b))_{_for_(a_of_b);_break;_} (0.00s)
    --- PASS: TestNoUnreachableLoopFires/for_(;_b;_c)_{_foo();_break;_} (0.00s)
    --- PASS: TestNoUnreachableLoopFires/for_(;_b;_c)_{_throw_err;_} (0.00s)
    --- PASS: TestNoUnreachableLoopFires/for_(var_a_of_f(b))_{_for_(a_in_b);_break;_} (0.00s)
    --- PASS: TestNoUnreachableLoopFires/function_someFunc()_{_for_(;_b;_c)_{_return;_}_} (0.00s)
    --- PASS: TestNoUnreachableLoopFires/for_(;_b;_c)_throw_err; (0.00s)
    --- PASS: TestNoUnreachableLoopFires/function_someFunc()_{_for_(;_b;_c)_if_(foo)_break;_else_return;_} (0.00s)
    --- PASS: TestNoUnreachableLoopFires/function_someFunc()_{_for_(;_b;_c)_return;_} (0.00s)
    --- PASS: TestNoUnreachableLoopFires/for_(var_a_of_f(b))_{_for_(;_b;);_break;_} (0.00s)
    --- PASS: TestNoUnreachableLoopFires/for_(;_b;_c)_{_break;_} (0.00s)
    --- PASS: TestNoUnreachableLoopFires/for_(;_b;_c)_break; (0.00s)
    --- PASS: TestNoUnreachableLoopFires/for_(var_a_of_f(b))_{_for_(a;_b;_c);_break;_} (0.00s)
    --- PASS: TestNoUnreachableLoopFires/for_(var_a_of_f(b))_{_for_(;_;_c)_if_(foo)_break;_break;_} (0.00s)
    --- PASS: TestNoUnreachableLoopFires/for_(a_of_f(b))_{_for_(;_;_c)_if_(foo)_break;_break;_} (0.00s)
    --- PASS: TestNoUnreachableLoopFires/for_(var_a_of_f(b))_{_do_;_while_(a)_break;_} (0.00s)
    --- PASS: TestNoUnreachableLoopFires/for_(var_a_of_f(b))_{_while_(a);_break;_} (0.00s)
    --- PASS: TestNoUnreachableLoopFires/for_(var_i_=_0;_i_<_a.length;_i++)_{_for_(var_i_=_0;_;_i<_10)_{_foo();_}_} (0.00s)
    --- PASS: TestNoUnreachableLoopFires/for_(a_of_f(b))_{_for_(;_b;);_break;_} (0.00s)
    --- PASS: TestNoUnreachableLoopFires/for_(var_a_of_f(b))_{_()_=>_a;_break;_} (0.00s)
    --- PASS: TestNoUnreachableLoopFires/for_(var_i_=_0;_i_<_a.length;_i++)_while_(true); (0.00s)
    --- PASS: TestNoUnreachableLoopFires/for_(var_i_=_0;_i_<_a.length;_i++)_for_(;;); (0.00s)
    --- PASS: TestNoUnreachableLoopFires/for_(var_a_of_f(b))_{_break;_continue;_} (0.00s)
    --- PASS: TestNoUnreachableLoopFires/for_(var_i_=_0;_i_<_a.length;_i++)_{_for_(a_in_b);_break;_} (0.00s)
    --- PASS: TestNoUnreachableLoopFires/for_(var_i_=_0;_i_<_a.length;_i++)_{_for(;;)_if_(foo)_break;_break;_} (0.00s)
    --- PASS: TestNoUnreachableLoopFires/function_someFunc()_{_for_(var_a_of_f(b))_{_try_{_return_bar();_}_catch_(e)_{_break;_}_}_} (0.00s)
    --- PASS: TestNoUnreachableLoopFires/for_(var_i_=_0;_i_<_a.length;_i++)_{_for_(;_;_c)_if_(foo)_break;_break;_} (0.00s)
    --- PASS: TestNoUnreachableLoopFires/for_(var_a_of_f(b))_{_(()_=>_a)();_break;_} (0.00s)
    --- PASS: TestNoUnreachableLoopFires/for_(var_i_=_0;_i_<_a.length;_i++)_{_for_(;_b;);_break;_} (0.00s)
    --- PASS: TestNoUnreachableLoopFires/for_(a_of_f(b))_{_for_(a;_b;_c);_break;_} (0.00s)
    --- PASS: TestNoUnreachableLoopFires/function_someFunc()_{_for_(var_a_of_f(b))_{_switch_(foo)_{_case_1:_something();_default:_return;_}_}_} (0.00s)
    --- PASS: TestNoUnreachableLoopFires/for_(var_a_of_f(b))_{_for(;;)_if_(foo)_break;_break;_} (0.00s)
    --- PASS: TestNoUnreachableLoopFires/for_(var_i_=_0;_i_<_a.length;_i++)_{_do_;_while_(a)_break;_} (0.00s)
    --- PASS: TestNoUnreachableLoopFires/for_(a_of_f(b))_{_while_(a);_break;_} (0.00s)
    --- PASS: TestNoUnreachableLoopFires/for_(a_of_f(b))_{_do_;_while_(a)_break;_} (0.00s)
    --- PASS: TestNoUnreachableLoopFires/for_(a_of_f(b))_{_(()_=>_a)();_break;_} (0.00s)
    --- PASS: TestNoUnreachableLoopFires/for_(var_i_=_0;_i_<_a.length;_i++)_{_while_(a);_break;_} (0.00s)
    --- PASS: TestNoUnreachableLoopFires/for_(a_of_f(b))_{_break;_continue;_} (0.00s)
    --- PASS: TestNoUnreachableLoopFires/for_(a_of_f(b))_{_()_=>_a;_break;_} (0.00s)
    --- PASS: TestNoUnreachableLoopFires/function_someFunc()_{_for_(a_of_f(b))_{_try_{_return_bar();_}_catch_(e)_{_break;_}_}_} (0.00s)
    --- PASS: TestNoUnreachableLoopFires/for_(a_of_f(b))_{_switch_(foo)_{_default:_throw_err;_}_} (0.00s)
    --- PASS: TestNoUnreachableLoopFires/function_someFunc()_{_for_(a_of_f(b))_{_switch_(foo)_{_case_1:_something();_default:_return;_}_}_} (0.00s)
    --- PASS: TestNoUnreachableLoopFires/for_(var_i_=_0;_i_<_a.length;_i++)_{_for_(a;_b;_c);_break;_} (0.00s)
    --- PASS: TestNoUnreachableLoopFires/function_someFunc()_{_for_(a_of_f(b))_{_switch_(foo)_{_case_1:_throw_err;_default:_return;_}_}_} (0.00s)
    --- PASS: TestNoUnreachableLoopFires/for_(var_i_=_0;_i_<_a.length;_i++)_{_for_(a_of_b);_break;_} (0.00s)
    --- PASS: TestNoUnreachableLoopFires/function_someFunc()_{_for_(a_of_f(b))_{_if_(foo)_{_return;_}_else_{_break;_}_bar();_}_} (0.00s)
    --- PASS: TestNoUnreachableLoopFires/for_(var_i_=_0;_i_<_a.length;_i++)_{_()_=>_a;_break;_} (0.00s)
    --- PASS: TestNoUnreachableLoopFires/function_someFunc()_{_for_(a_of_f(b))_if_(foo)_break;_else_return;_} (0.00s)
    --- PASS: TestNoUnreachableLoopFires/for_(var_i_=_0;_i_<_a.length;_i++)_{_(()_=>_a)();_break;_} (0.00s)
    --- PASS: TestNoUnreachableLoopFires/for_(a_of_f(b))_{_break;_foo();_} (0.00s)
    --- PASS: TestNoUnreachableLoopFires/for_(var_i_=_0;_i_<_a.length;_i++)_{_break;_continue;_} (0.00s)
    --- PASS: TestNoUnreachableLoopFires/for_(a_of_f(b))_{_foo();_break;_} (0.00s)
    --- PASS: TestNoUnreachableLoopFires/function_someFunc()_{_for_(var_i_=_0;_i_<_a.length;_i++)_{_switch_(foo)_{_case_1:_something();_default:_return;_}_}_} (0.00s)
    --- PASS: TestNoUnreachableLoopFires/function_someFunc()_{_for_(var_i_=_0;_i_<_a.length;_i++)_{_switch_(foo)_{_case_1:_throw_err;_default:_return;_}_}_} (0.00s)
    --- PASS: TestNoUnreachableLoopFires/for_(var_i_=_0;_i_<_a.length;_i++)_{_switch_(foo)_{_default:_throw_err;_}_} (0.00s)
    --- PASS: TestNoUnreachableLoopFires/for_(a_of_f(b))_{_throw_err;_} (0.00s)
    --- PASS: TestNoUnreachableLoopFires/function_someFunc()_{_for_(a_of_f(b))_{_if_(foo)_{_return;_}_throw_err;_}_} (0.00s)
    --- PASS: TestNoUnreachableLoopFires/for_(a_of_f(b))_throw_err; (0.00s)
    --- PASS: TestNoUnreachableLoopFires/function_someFunc()_{_for_(var_i_=_0;_i_<_a.length;_i++)_{_try_{_return_bar();_}_catch_(e)_{_break;_}_}_} (0.00s)
    --- PASS: TestNoUnreachableLoopFires/function_someFunc()_{_for_(a_of_f(b))_{_return;_}_} (0.00s)
    --- PASS: TestNoUnreachableLoopFires/function_someFunc()_{_for_(var_i_=_0;_i_<_a.length;_i++)_{_if_(foo)_{_return;_}_else_{_break;_}_bar();_}_} (0.00s)
    --- PASS: TestNoUnreachableLoopFires/function_someFunc()_{_for_(var_i_=_0;_i_<_a.length;_i++)_{_if_(foo)_{_return;_}_throw_err;_}_} (0.00s)
    --- PASS: TestNoUnreachableLoopFires/function_someFunc()_{_for_(a_of_f(b))_return;_} (0.00s)
    --- PASS: TestNoUnreachableLoopFires/for_(a_of_f(b))_{_break;_} (0.00s)
    --- PASS: TestNoUnreachableLoopFires/function_someFunc()_{_for_(var_i_=_0;_i_<_a.length;_i++)_if_(foo)_break;_else_return;_} (0.00s)
    --- PASS: TestNoUnreachableLoopFires/function_someFunc()_{_for_(;;)_{_if_(foo)_{_return;_}_else_{_break;_}_bar();_}_} (0.00s)
    --- PASS: TestNoUnreachableLoopFires/for_(var_a_in_b)_{_throw_err;_} (0.00s)
    --- PASS: TestNoUnreachableLoopFires/for_(a_of_f(b))_break; (0.00s)
    --- PASS: TestNoUnreachableLoopFires/for_(var_i_=_0;_i_<_a.length;_i++)_{_break;_foo();_} (0.00s)
    --- PASS: TestNoUnreachableLoopFires/for_(a_of_b)_while_(true); (0.00s)
    --- PASS: TestNoUnreachableLoopFires/for_(var_i_=_0;_i_<_a.length;_i++)_{_throw_err;_} (0.00s)
    --- PASS: TestNoUnreachableLoopFires/for_(var_i_=_0;_i_<_a.length;_i++)_throw_err; (0.00s)
    --- PASS: TestNoUnreachableLoopFires/for_(a_of_b)_{_for_(var_i_=_0;_;_i<_10)_{_foo();_}_} (0.00s)
    --- PASS: TestNoUnreachableLoopFires/function_someFunc()_{_for_(var_a_of_f(b))_{_switch_(foo)_{_case_1:_throw_err;_default:_return;_}_}_} (0.00s)
    --- PASS: TestNoUnreachableLoopFires/for_(var_i_=_0;_i_<_a.length;_i++)_{_foo();_break;_} (0.00s)
    --- PASS: TestNoUnreachableLoopFires/for_(a_of_b)_for_(;;); (0.00s)
    --- PASS: TestNoUnreachableLoopFires/for_(a_of_b)_{_for_(;_b;);_break;_} (0.00s)
    --- PASS: TestNoUnreachableLoopFires/for_(a_of_b)_{_for(;;)_if_(foo)_break;_break;_} (0.00s)
    --- PASS: TestNoUnreachableLoopFires/for_(a_of_b)_{_for_(a;_b;_c);_break;_} (0.00s)
    --- PASS: TestNoUnreachableLoopFires/for_(a_of_b)_{_while_(a);_break;_} (0.00s)
    --- PASS: TestNoUnreachableLoopFires/for_(a_of_b)_{_for_(a_of_b);_break;_} (0.00s)
    --- PASS: TestNoUnreachableLoopFires/for_(a_of_b)_{_()_=>_a;_break;_} (0.00s)
    --- PASS: TestNoUnreachableLoopFires/for_(a_of_b)_{_(()_=>_a)();_break;_} (0.00s)
    --- PASS: TestNoUnreachableLoopFires/for_(a_of_b)_{_do_;_while_(a)_break;_} (0.00s)
    --- PASS: TestNoUnreachableLoopFires/function_someFunc()_{_for_(var_i_=_0;_i_<_a.length;_i++)_{_return;_}_} (0.00s)
    --- PASS: TestNoUnreachableLoopFires/for_(a_of_b)_{_break;_continue;_} (0.00s)
    --- PASS: TestNoUnreachableLoopFires/function_someFunc()_{_for_(var_i_=_0;_i_<_a.length;_i++)_return;_} (0.00s)
    --- PASS: TestNoUnreachableLoopFires/for_(var_i_=_0;_i_<_a.length;_i++)_{_break;_} (0.00s)
    --- PASS: TestNoUnreachableLoopFires/for_(a_of_b)_{_for_(;_;_c)_if_(foo)_break;_break;_} (0.00s)
    --- PASS: TestNoUnreachableLoopFires/function_someFunc()_{_for_(a_of_b)_{_switch_(foo)_{_case_1:_something();_default:_return;_}_}_} (0.00s)
    --- PASS: TestNoUnreachableLoopFires/for_(var_i_=_0;_i_<_a.length;_i++)_break; (0.00s)
    --- PASS: TestNoUnreachableLoopFires/function_someFunc()_{_for_(a_of_b)_{_if_(foo)_{_return;_}_throw_err;_}_} (0.00s)
    --- PASS: TestNoUnreachableLoopFires/function_someFunc()_{_for_(a_of_b)_{_if_(foo)_{_return;_}_else_{_break;_}_bar();_}_} (0.00s)
    --- PASS: TestNoUnreachableLoopFires/for_(a_of_b)_{_switch_(foo)_{_default:_throw_err;_}_} (0.00s)
    --- PASS: TestNoUnreachableLoopFires/function_someFunc()_{_for_(a_of_b)_if_(foo)_break;_else_return;_} (0.00s)
    --- PASS: TestNoUnreachableLoopFires/for_(a_of_b)_{_break;_foo();_} (0.00s)
    --- PASS: TestNoUnreachableLoopFires/for_(a_of_b)_{_foo();_break;_} (0.00s)
    --- PASS: TestNoUnreachableLoopFires/function_someFunc()_{_for_(a_of_b)_{_try_{_return_bar();_}_catch_(e)_{_break;_}_}_} (0.00s)
    --- PASS: TestNoUnreachableLoopFires/for_(a_of_b)_{_for_(a_in_b);_break;_} (0.00s)
    --- PASS: TestNoUnreachableLoopFires/for_(a;_b;_c)_while_(true); (0.00s)
    --- PASS: TestNoUnreachableLoopFires/function_someFunc()_{_for_(var_a_of_f(b))_{_if_(foo)_{_return;_}_throw_err;_}_} (0.00s)
    --- PASS: TestNoUnreachableLoopFires/function_someFunc()_{_for_(a_of_b)_{_switch_(foo)_{_case_1:_throw_err;_default:_return;_}_}_} (0.00s)
    --- PASS: TestNoUnreachableLoopFires/for_(a;_b;_c)_{_for_(var_i_=_0;_;_i<_10)_{_foo();_}_} (0.00s)
    --- PASS: TestNoUnreachableLoopFires/function_someFunc()_{_for_(var_a_of_f(b))_{_if_(foo)_{_return;_}_else_{_break;_}_bar();_}_} (0.00s)
    --- PASS: TestNoUnreachableLoopFires/for_(a_of_b)_{_throw_err;_} (0.00s)
    --- PASS: TestNoUnreachableLoopFires/for_(a;_b;_c)_for_(;;); (0.00s)
    --- PASS: TestNoUnreachableLoopFires/function_someFunc()_{_for_(var_a_of_f(b))_if_(foo)_break;_else_return;_} (0.00s)
    --- PASS: TestNoUnreachableLoopFires/for_(a_of_b)_throw_err; (0.00s)
    --- PASS: TestNoUnreachableLoopFires/function_someFunc()_{_for_(a_of_b)_{_return;_}_} (0.00s)
    --- PASS: TestNoUnreachableLoopFires/for_(var_a_of_f(b))_{_foo();_break;_} (0.00s)
    --- PASS: TestNoUnreachableLoopFires/for_(a;_b;_c)_{_for_(a_of_b);_break;_} (0.00s)
    --- PASS: TestNoUnreachableLoopFires/for_(var_a_of_f(b))_{_break;_foo();_} (0.00s)
    --- PASS: TestNoUnreachableLoopFires/function_someFunc()_{_for_(a_of_b)_return;_} (0.00s)
    --- PASS: TestNoUnreachableLoopFires/for_(var_a_of_f(b))_{_throw_err;_} (0.00s)
    --- PASS: TestNoUnreachableLoopFires/for_(a_of_b)_break; (0.00s)
    --- PASS: TestNoUnreachableLoopFires/for_(let_a_in_f(b))_while_(true); (0.00s)
    --- PASS: TestNoUnreachableLoopFires/for_(a_of_b)_{_break;_} (0.00s)
    --- PASS: TestNoUnreachableLoopFires/for_(let_a_in_f(b))_{_for_(var_i_=_0;_;_i<_10)_{_foo();_}_} (0.00s)
    --- PASS: TestNoUnreachableLoopFires/for_(let_a_in_f(b))_for_(;;); (0.00s)
    --- PASS: TestNoUnreachableLoopFires/for_(let_a_in_f(b))_{_for_(a_of_b);_break;_} (0.00s)
    --- PASS: TestNoUnreachableLoopFires/for_(let_a_in_f(b))_{_for(;;)_if_(foo)_break;_break;_} (0.00s)
    --- PASS: TestNoUnreachableLoopFires/for_(let_a_in_f(b))_{_for_(a_in_b);_break;_} (0.00s)
    --- PASS: TestNoUnreachableLoopFires/for_(let_a_in_f(b))_{_for_(;_;_c)_if_(foo)_break;_break;_} (0.00s)
    --- PASS: TestNoUnreachableLoopFires/for_(let_a_in_f(b))_{_for_(;_b;);_break;_} (0.00s)
    --- PASS: TestNoUnreachableLoopFires/for_(let_a_in_f(b))_{_for_(a;_b;_c);_break;_} (0.00s)
    --- PASS: TestNoUnreachableLoopFires/for_(let_a_in_f(b))_{_(()_=>_a)();_break;_} (0.00s)
    --- PASS: TestNoUnreachableLoopFires/for_(let_a_in_f(b))_{_while_(a);_break;_} (0.00s)
    --- PASS: TestNoUnreachableLoopFires/for_(let_a_in_f(b))_{_()_=>_a;_break;_} (0.00s)
    --- PASS: TestNoUnreachableLoopFires/for_(let_a_in_f(b))_{_break;_continue;_} (0.00s)
    --- PASS: TestNoUnreachableLoopFires/for_(let_a_in_f(b))_{_do_;_while_(a)_break;_} (0.00s)
    --- PASS: TestNoUnreachableLoopFires/function_someFunc()_{_for_(let_a_in_f(b))_{_try_{_return_bar();_}_catch_(e)_{_break;_}_}_} (0.00s)
    --- PASS: TestNoUnreachableLoopFires/for_(var_a_of_f(b))_throw_err; (0.00s)
    --- PASS: TestNoUnreachableLoopFires/function_someFunc()_{_for_(var_a_of_f(b))_{_return;_}_} (0.00s)
    --- PASS: TestNoUnreachableLoopFires/function_someFunc()_{_for_(let_a_in_f(b))_{_switch_(foo)_{_case_1:_throw_err;_default:_return;_}_}_} (0.00s)
    --- PASS: TestNoUnreachableLoopFires/for_(var_a_in_b)_throw_err; (0.00s)
    --- PASS: TestNoUnreachableLoopFires/function_someFunc()_{_for_(;;)_if_(foo)_break;_else_return;_} (0.00s)
    --- PASS: TestNoUnreachableLoopFires/for_(let_a_in_f(b))_{_switch_(foo)_{_default:_throw_err;_}_} (0.00s)
    --- PASS: TestNoUnreachableLoopFires/function_someFunc()_{_for_(var_a_of_f(b))_return;_} (0.00s)
    --- PASS: TestNoUnreachableLoopFires/for_(var_a_of_f(b))_{_switch_(foo)_{_default:_throw_err;_}_} (0.00s)
    --- PASS: TestNoUnreachableLoopFires/for_(var_a_of_f(b))_{_break;_} (0.00s)
    --- PASS: TestNoUnreachableLoopFires/function_someFunc()_{_for_(let_a_in_f(b))_{_if_(foo)_{_return;_}_else_{_break;_}_bar();_}_} (0.00s)
    --- PASS: TestNoUnreachableLoopFires/function_someFunc()_{_for_(let_a_in_f(b))_{_switch_(foo)_{_case_1:_something();_default:_return;_}_}_} (0.00s)
    --- PASS: TestNoUnreachableLoopFires/function_someFunc()_{_for_(var_a_in_b)_{_return;_}_} (0.00s)
    --- PASS: TestNoUnreachableLoopFires/function_someFunc()_{_for_(let_a_in_f(b))_if_(foo)_break;_else_return;_} (0.00s)
    --- PASS: TestNoUnreachableLoopFires/function_someFunc()_{_for_(let_a_in_f(b))_{_if_(foo)_{_return;_}_throw_err;_}_} (0.00s)
    --- PASS: TestNoUnreachableLoopFires/function_someFunc()_{_for_(var_a_in_b)_return;_} (0.00s)
    --- PASS: TestNoUnreachableLoopFires/for_(var_a_in_b)_{_break;_} (0.00s)
    --- PASS: TestNoUnreachableLoopFires/for_({_a,_b_}_of_c)_{_for_(var_i_=_0;_;_i<_10)_{_foo();_}_} (0.00s)
    --- PASS: TestNoUnreachableLoopFires/for_({_a,_b_}_of_c)_while_(true); (0.00s)
    --- PASS: TestNoUnreachableLoopFires/for_({_a,_b_}_of_c)_for_(;;); (0.00s)
    --- PASS: TestNoUnreachableLoopFires/for_({_a,_b_}_of_c)_{_for_(a_of_b);_break;_} (0.00s)
    --- PASS: TestNoUnreachableLoopFires/for_(var_a_in_b)_break; (0.00s)
    --- PASS: TestNoUnreachableLoopFires/for_(var_a_of_f(b))_break; (0.00s)
    --- PASS: TestNoUnreachableLoopFires/for_({_a,_b_}_of_c)_{_for_(a_in_b);_break;_} (0.00s)
    --- PASS: TestNoUnreachableLoopFires/for_(a_in_f(b))_while_(true); (0.00s)
    --- PASS: TestNoUnreachableLoopFires/for_({_a,_b_}_of_c)_{_for(;;)_if_(foo)_break;_break;_} (0.00s)
    --- PASS: TestNoUnreachableLoopFires/for_(a_in_f(b))_for_(;;); (0.00s)
    --- PASS: TestNoUnreachableLoopFires/for_(a_in_f(b))_{_for_(var_i_=_0;_;_i<_10)_{_foo();_}_} (0.00s)
    --- PASS: TestNoUnreachableLoopFires/for_(a_in_f(b))_{_for_(a_of_b);_break;_} (0.00s)
    --- PASS: TestNoUnreachableLoopFires/for_(let_a_in_f(b))_{_break;_foo();_} (0.00s)
    --- PASS: TestNoUnreachableLoopFires/for_({_a,_b_}_of_c)_{_for_(a;_b;_c);_break;_} (0.00s)
    --- PASS: TestNoUnreachableLoopFires/for_(let_a_in_f(b))_{_foo();_break;_} (0.00s)
    --- PASS: TestNoUnreachableLoopFires/for_({_a,_b_}_of_c)_{_for_(;_b;);_break;_} (0.00s)
    --- PASS: TestNoUnreachableLoopFires/for_({_a,_b_}_of_c)_{_for_(;_;_c)_if_(foo)_break;_break;_} (0.00s)
    --- PASS: TestNoUnreachableLoopFires/for_(a_in_f(b))_{_for_(a_in_b);_break;_} (0.00s)
    --- PASS: TestNoUnreachableLoopFires/for_({_a,_b_}_of_c)_{_do_;_while_(a)_break;_} (0.00s)
    --- PASS: TestNoUnreachableLoopFires/for_(;;)_{_break;_foo();_} (0.00s)
    --- PASS: TestNoUnreachableLoopFires/for_({_a,_b_}_of_c)_{_(()_=>_a)();_break;_} (0.00s)
    --- PASS: TestNoUnreachableLoopFires/for_(a;_b;_c)_{_for_(a_in_b);_break;_} (0.00s)
    --- PASS: TestNoUnreachableLoopFires/for_({_a,_b_}_of_c)_{_while_(a);_break;_} (0.00s)
    --- PASS: TestNoUnreachableLoopFires/for_({_a,_b_}_of_c)_{_()_=>_a;_break;_} (0.00s)
    --- PASS: TestNoUnreachableLoopFires/for_(a;_b;_c)_{_for(;;)_if_(foo)_break;_break;_} (0.00s)
    --- PASS: TestNoUnreachableLoopFires/for_(a_in_f(b))_{_for_(;_;_c)_if_(foo)_break;_break;_} (0.00s)
    --- PASS: TestNoUnreachableLoopFires/for_(let_a_in_f(b))_{_throw_err;_} (0.00s)
    --- PASS: TestNoUnreachableLoopFires/for_(a_in_f(b))_{_for_(;_b;);_break;_} (0.00s)
    --- PASS: TestNoUnreachableLoopFires/for_({_a,_b_}_of_c)_{_break;_continue;_} (0.00s)
    --- PASS: TestNoUnreachableLoopFires/function_someFunc()_{_for_({_a,_b_}_of_c)_{_try_{_return_bar();_}_catch_(e)_{_break;_}_}_} (0.00s)
    --- PASS: TestNoUnreachableLoopFires/for_(a;_b;_c)_{_for_(;_;_c)_if_(foo)_break;_break;_} (0.00s)
    --- PASS: TestNoUnreachableLoopFires/for_(a_in_f(b))_{_for(;;)_if_(foo)_break;_break;_} (0.00s)
    --- PASS: TestNoUnreachableLoopFires/for_({_a,_b_}_of_c)_{_switch_(foo)_{_default:_throw_err;_}_} (0.00s)
    --- PASS: TestNoUnreachableLoopFires/function_someFunc()_{_for_({_a,_b_}_of_c)_{_switch_(foo)_{_case_1:_something();_default:_return;_}_}_} (0.00s)
    --- PASS: TestNoUnreachableLoopFires/for_(a_in_f(b))_{_do_;_while_(a)_break;_} (0.00s)
    --- PASS: TestNoUnreachableLoopFires/for_(a;_b;_c)_{_for_(;_b;);_break;_} (0.00s)
    --- PASS: TestNoUnreachableLoopFires/for_(a_in_f(b))_{_for_(a;_b;_c);_break;_} (0.00s)
    --- PASS: TestNoUnreachableLoopFires/function_someFunc()_{_for_({_a,_b_}_of_c)_{_switch_(foo)_{_case_1:_throw_err;_default:_return;_}_}_} (0.00s)
    --- PASS: TestNoUnreachableLoopFires/for_(a;_b;_c)_{_for_(a;_b;_c);_break;_} (0.00s)
    --- PASS: TestNoUnreachableLoopFires/for_(a_in_f(b))_{_while_(a);_break;_} (0.00s)
    --- PASS: TestNoUnreachableLoopFires/for_(a_in_f(b))_{_break;_continue;_} (0.00s)
    --- PASS: TestNoUnreachableLoopFires/for_(a_in_f(b))_{_()_=>_a;_break;_} (0.00s)
    --- PASS: TestNoUnreachableLoopFires/for_(a_in_f(b))_{_(()_=>_a)();_break;_} (0.00s)
    --- PASS: TestNoUnreachableLoopFires/for_(;_b_<_foo;_)_while_(true); (0.00s)
    --- PASS: TestNoUnreachableLoopFires/function_someFunc()_{_for_(a_in_f(b))_{_switch_(foo)_{_case_1:_something();_default:_return;_}_}_} (0.00s)
    --- PASS: TestNoUnreachableLoopFires/function_someFunc()_{_for_(a_in_f(b))_{_try_{_return_bar();_}_catch_(e)_{_break;_}_}_} (0.00s)
    --- PASS: TestNoUnreachableLoopFires/function_someFunc()_{_for_(a_in_f(b))_{_switch_(foo)_{_case_1:_throw_err;_default:_return;_}_}_} (0.00s)
    --- PASS: TestNoUnreachableLoopFires/for_(a_in_f(b))_{_switch_(foo)_{_default:_throw_err;_}_} (0.00s)
    --- PASS: TestNoUnreachableLoopFires/function_someFunc()_{_for_(a_in_f(b))_if_(foo)_break;_else_return;_} (0.00s)
    --- PASS: TestNoUnreachableLoopFires/function_someFunc()_{_for_(a_in_f(b))_{_if_(foo)_{_return;_}_else_{_break;_}_bar();_}_} (0.00s)
    --- PASS: TestNoUnreachableLoopFires/function_someFunc()_{_for_(a_in_f(b))_{_if_(foo)_{_return;_}_throw_err;_}_} (0.00s)
    --- PASS: TestNoUnreachableLoopFires/for_(;;)_{_foo();_break;_} (0.00s)
    --- PASS: TestNoUnreachableLoopFires/for_(a_in_f(b))_{_throw_err;_} (0.00s)
    --- PASS: TestNoUnreachableLoopFires/for_(a;_b;_c)_{_do_;_while_(a)_break;_} (0.00s)
    --- PASS: TestNoUnreachableLoopFires/for_(a;_b;_c)_{_while_(a);_break;_} (0.00s)
    --- PASS: TestNoUnreachableLoopFires/for_(a_in_f(b))_{_break;_foo();_} (0.00s)
    --- PASS: TestNoUnreachableLoopFires/for_(a_in_f(b))_throw_err; (0.00s)
    --- PASS: TestNoUnreachableLoopFires/for_(a;_b;_c)_{_()_=>_a;_break;_} (0.00s)
    --- PASS: TestNoUnreachableLoopFires/for_(a;_b;_c)_{_(()_=>_a)();_break;_} (0.00s)
    --- PASS: TestNoUnreachableLoopFires/for_(a;_b;_c)_{_break;_continue;_} (0.00s)
    --- PASS: TestNoUnreachableLoopFires/function_someFunc()_{_for_(a;_b;_c)_{_try_{_return_bar();_}_catch_(e)_{_break;_}_}_} (0.00s)
    --- PASS: TestNoUnreachableLoopFires/function_someFunc()_{_for_(a;_b;_c)_{_switch_(foo)_{_case_1:_something();_default:_return;_}_}_} (0.00s)
    --- PASS: TestNoUnreachableLoopFires/for_(a;_b;_c)_{_switch_(foo)_{_default:_throw_err;_}_} (0.00s)
    --- PASS: TestNoUnreachableLoopFires/function_someFunc()_{_for_(a;_b;_c)_{_if_(foo)_{_return;_}_else_{_break;_}_bar();_}_} (0.00s)
    --- PASS: TestNoUnreachableLoopFires/function_someFunc()_{_for_(a;_b;_c)_{_if_(foo)_{_return;_}_throw_err;_}_} (0.00s)
    --- PASS: TestNoUnreachableLoopFires/function_someFunc()_{_for_(a;_b;_c)_if_(foo)_break;_else_return;_} (0.00s)
    --- PASS: TestNoUnreachableLoopFires/for_(a;_b;_c)_{_break;_foo();_} (0.00s)
    --- PASS: TestNoUnreachableLoopFires/function_someFunc()_{_for_(a_in_f(b))_{_return;_}_} (0.00s)
    --- PASS: TestNoUnreachableLoopFires/for_(a_in_f(b))_{_foo();_break;_} (0.00s)
    --- PASS: TestNoUnreachableLoopFires/function_someFunc()_{_for_(a;_b;_c)_{_switch_(foo)_{_case_1:_throw_err;_default:_return;_}_}_} (0.00s)
    --- PASS: TestNoUnreachableLoopFires/function_someFunc()_{_for_(a_in_f(b))_return;_} (0.00s)
    --- PASS: TestNoUnreachableLoopFires/for_(a_in_f(b))_{_break;_} (0.00s)
    --- PASS: TestNoUnreachableLoopFires/for_(a;_b;_c)_{_foo();_break;_} (0.00s)
    --- PASS: TestNoUnreachableLoopFires/for_(a;_b;_c)_throw_err; (0.00s)
    --- PASS: TestNoUnreachableLoopFires/function_someFunc()_{_for_({_a,_b_}_of_c)_{_if_(foo)_{_return;_}_throw_err;_}_} (0.00s)
    --- PASS: TestNoUnreachableLoopFires/for_(a_in_f(b))_break; (0.00s)
    --- PASS: TestNoUnreachableLoopFires/function_someFunc()_{_for_(a;_b;_c)_{_return;_}_} (0.00s)
    --- PASS: TestNoUnreachableLoopFires/for_(a_in_b)_while_(true); (0.00s)
    --- PASS: TestNoUnreachableLoopFires/for_(let_a_in_f(b))_throw_err; (0.00s)
    --- PASS: TestNoUnreachableLoopFires/function_someFunc()_{_for_(let_a_in_f(b))_{_return;_}_} (0.00s)
    --- PASS: TestNoUnreachableLoopFires/function_someFunc()_{_for_(let_a_in_f(b))_return;_} (0.00s)
    --- PASS: TestNoUnreachableLoopFires/for_(a_in_b)_{_for_(var_i_=_0;_;_i<_10)_{_foo();_}_} (0.00s)
    --- PASS: TestNoUnreachableLoopFires/for_(a;_b;_c)_{_throw_err;_} (0.00s)
    --- PASS: TestNoUnreachableLoopFires/for_(let_a_in_f(b))_{_break;_} (0.00s)
    --- PASS: TestNoUnreachableLoopFires/for_(a_in_b)_{_for_(a_of_b);_break;_} (0.00s)
    --- PASS: TestNoUnreachableLoopFires/for_(a_in_b)_for_(;;); (0.00s)
    --- PASS: TestNoUnreachableLoopFires/for_(let_a_in_f(b))_break; (0.00s)
    --- PASS: TestNoUnreachableLoopFires/function_someFunc()_{_for_({_a,_b_}_of_c)_{_if_(foo)_{_return;_}_else_{_break;_}_bar();_}_} (0.00s)
    --- PASS: TestNoUnreachableLoopFires/for_(a_in_b)_{_for_(a_in_b);_break;_} (0.00s)
    --- PASS: TestNoUnreachableLoopFires/for_(var_a_in_b)_while_(true); (0.00s)
    --- PASS: TestNoUnreachableLoopFires/for_(a_in_b)_{_for_(;_;_c)_if_(foo)_break;_break;_} (0.00s)
    --- PASS: TestNoUnreachableLoopFires/for_(a_in_b)_{_for(;;)_if_(foo)_break;_break;_} (0.00s)
    --- PASS: TestNoUnreachableLoopFires/for_(a_in_b)_{_for_(;_b;);_break;_} (0.00s)
    --- PASS: TestNoUnreachableLoopFires/for_(a_in_b)_{_while_(a);_break;_} (0.00s)
    --- PASS: TestNoUnreachableLoopFires/for_(a_in_b)_{_do_;_while_(a)_break;_} (0.00s)
    --- PASS: TestNoUnreachableLoopFires/for_(a_in_b)_{_(()_=>_a)();_break;_} (0.00s)
    --- PASS: TestNoUnreachableLoopFires/for_(var_a_in_b)_for_(;;); (0.00s)
    --- PASS: TestNoUnreachableLoopFires/for_(var_a_in_b)_{_for_(var_i_=_0;_;_i<_10)_{_foo();_}_} (0.00s)
    --- PASS: TestNoUnreachableLoopFires/for_(var_a_in_b)_{_for_(a_of_b);_break;_} (0.00s)
    --- PASS: TestNoUnreachableLoopFires/for_(a_in_b)_{_for_(a;_b;_c);_break;_} (0.00s)
    --- PASS: TestNoUnreachableLoopFires/for_(var_a_in_b)_{_for_(a_in_b);_break;_} (0.00s)
    --- PASS: TestNoUnreachableLoopFires/for_(a_in_b)_{_()_=>_a;_break;_} (0.00s)
    --- PASS: TestNoUnreachableLoopFires/function_someFunc()_{_for_({_a,_b_}_of_c)_if_(foo)_break;_else_return;_} (0.00s)
    --- PASS: TestNoUnreachableLoopFires/for_(var_a_in_b)_{_for(;;)_if_(foo)_break;_break;_} (0.00s)
    --- PASS: TestNoUnreachableLoopFires/for_(var_a_in_b)_{_for_(;_;_c)_if_(foo)_break;_break;_} (0.00s)
    --- PASS: TestNoUnreachableLoopFires/function_someFunc()_{_for_(a;_b;_c)_return;_} (0.00s)
    --- PASS: TestNoUnreachableLoopFires/for_({_a,_b_}_of_c)_{_break;_foo();_} (0.00s)
    --- PASS: TestNoUnreachableLoopFires/for_(a_in_b)_{_break;_continue;_} (0.00s)
    --- PASS: TestNoUnreachableLoopFires/for_(a;_b;_c)_{_break;_} (0.00s)
    --- PASS: TestNoUnreachableLoopFires/do_{_for_(var_i_=_0;_;_i<_10)_{_foo();_}_}_while_(a_&&_b) (0.00s)
    --- PASS: TestNoUnreachableLoopFires/for_(a;_b;_c)_break; (0.00s)
    --- PASS: TestNoUnreachableLoopFires/for_({_a,_b_}_of_c)_{_foo();_break;_} (0.00s)
    --- PASS: TestNoUnreachableLoopFires/do_for_(;;);_while_(a_&&_b) (0.00s)
    --- PASS: TestNoUnreachableLoopFires/do_{_for_(a_of_b);_break;_}_while_(a_&&_b) (0.00s)
    --- PASS: TestNoUnreachableLoopFires/do_{_for_(a_in_b);_break;_}_while_(a_&&_b) (0.00s)
    --- PASS: TestNoUnreachableLoopFires/do_while_(true);_while_(a_&&_b) (0.00s)
    --- PASS: TestNoUnreachableLoopFires/do_{_for(;;)_if_(foo)_break;_break;_}_while_(a_&&_b) (0.00s)
    --- PASS: TestNoUnreachableLoopFires/do_{_for_(;_;_c)_if_(foo)_break;_break;_}_while_(a_&&_b) (0.00s)
    --- PASS: TestNoUnreachableLoopFires/do_{_for_(;_b;);_break;_}_while_(a_&&_b) (0.00s)
    --- PASS: TestNoUnreachableLoopFires/do_{_while_(a);_break;_}_while_(a_&&_b) (0.00s)
    --- PASS: TestNoUnreachableLoopFires/do_{_do_;_while_(a)_break;_}_while_(a_&&_b) (0.00s)
    --- PASS: TestNoUnreachableLoopFires/do_{_(()_=>_a)();_break;_}_while_(a_&&_b) (0.00s)
    --- PASS: TestNoUnreachableLoopFires/do_{_()_=>_a;_break;_}_while_(a_&&_b) (0.00s)
    --- PASS: TestNoUnreachableLoopFires/do_{_break;_continue;_}_while_(a_&&_b) (0.00s)
    --- PASS: TestNoUnreachableLoopFires/do_{_switch_(foo)_{_default:_throw_err;_}_}_while_(a_&&_b) (0.00s)
    --- PASS: TestNoUnreachableLoopFires/function_someFunc()_{_do_{_try_{_return_bar();_}_catch_(e)_{_break;_}_}_while_(a_&&_b)_} (0.00s)
    --- PASS: TestNoUnreachableLoopFires/function_someFunc()_{_do_{_switch_(foo)_{_case_1:_something();_default:_return;_}_}_while_(a_&&_b)_} (0.00s)
    --- PASS: TestNoUnreachableLoopFires/function_someFunc()_{_do_{_switch_(foo)_{_case_1:_throw_err;_default:_return;_}_}_while_(a_&&_b)_} (0.00s)
    --- PASS: TestNoUnreachableLoopFires/function_someFunc()_{_do_{_if_(foo)_{_return;_}_else_{_break;_}_bar();_}_while_(a_&&_b)_} (0.00s)
    --- PASS: TestNoUnreachableLoopFires/function_someFunc()_{_do_{_if_(foo)_{_return;_}_throw_err;_}_while_(a_&&_b)_} (0.00s)
    --- PASS: TestNoUnreachableLoopFires/do_{_for_(a;_b;_c);_break;_}_while_(a_&&_b) (0.00s)
    --- PASS: TestNoUnreachableLoopFires/for_({_a,_b_}_of_c)_throw_err; (0.00s)
    --- PASS: TestNoUnreachableLoopFires/function_someFunc()_{_do_if_(foo)_break;_else_return;_while_(a_&&_b)_} (0.00s)
    --- PASS: TestNoUnreachableLoopFires/for_({_a,_b_}_of_c)_{_throw_err;_} (0.00s)
    --- PASS: TestNoUnreachableLoopFires/function_someFunc()_{_for_({_a,_b_}_of_c)_{_return;_}_} (0.00s)
    --- PASS: TestNoUnreachableLoopFires/function_someFunc()_{_for_({_a,_b_}_of_c)_return;_} (0.00s)
    --- PASS: TestNoUnreachableLoopFires/for_({_a,_b_}_of_c)_{_break;_} (0.00s)
    --- PASS: TestNoUnreachableLoopFires/for_(a_of_f(b))_{_for_(var_i_=_0;_;_i<_10)_{_foo();_}_} (0.00s)
    --- PASS: TestNoUnreachableLoopFires/for_(a_of_f(b))_for_(;;); (0.00s)
    --- PASS: TestNoUnreachableLoopFires/for_({_a,_b_}_of_c)_break; (0.00s)
    --- PASS: TestNoUnreachableLoopFires/for_(a_of_f(b))_while_(true); (0.00s)
    --- PASS: TestNoUnreachableLoopFires/for_(a_of_f(b))_{_for_(a_of_b);_break;_} (0.00s)
    --- PASS: TestNoUnreachableLoopFires/do_{_foo();_break;_}_while_(a_&&_b) (0.00s)
    --- PASS: TestNoUnreachableLoopFires/do_{_break;_foo();_}_while_(a_&&_b) (0.00s)
    --- PASS: TestNoUnreachableLoopFires/for_(;;)_throw_err; (0.00s)
    --- PASS: TestNoUnreachableLoopFires/do_{_throw_err;_}_while_(a_&&_b) (0.00s)
    --- PASS: TestNoUnreachableLoopFires/for_(;_b_<_foo;_)_{_for_(var_i_=_0;_;_i<_10)_{_foo();_}_} (0.00s)
    --- PASS: TestNoUnreachableLoopFires/for_(;;)_{_throw_err;_} (0.00s)
    --- PASS: TestNoUnreachableLoopFires/do_throw_err;_while_(a_&&_b) (0.00s)
    --- PASS: TestNoUnreachableLoopFires/function_someFunc()_{_do_{_return;_}_while_(a_&&_b)_} (0.00s)
    --- PASS: TestNoUnreachableLoopFires/for_(var_a_in_b)_{_for_(;_b;);_break;_} (0.00s)
    --- PASS: TestNoUnreachableLoopFires/function_someFunc()_{_for_(;;)_{_return;_}_} (0.00s)
    --- PASS: TestNoUnreachableLoopFires/function_someFunc()_{_for_(a_in_b)_{_try_{_return_bar();_}_catch_(e)_{_break;_}_}_} (0.00s)
    --- PASS: TestNoUnreachableLoopFires/for_(var_a_in_b)_{_do_;_while_(a)_break;_} (0.00s)
    --- PASS: TestNoUnreachableLoopFires/function_someFunc()_{_for_(;;)_return;_} (0.00s)
    --- PASS: TestNoUnreachableLoopFires/function_someFunc()_{_do_return;_while_(a_&&_b)_} (0.00s)
    --- PASS: TestNoUnreachableLoopFires/for_(;;)_{_break;_} (0.00s)
    --- PASS: TestNoUnreachableLoopFires/do_{_break;_}_while_(a_&&_b) (0.00s)
    --- PASS: TestNoUnreachableLoopFires/for_(;;)_break; (0.00s)
    --- PASS: TestNoUnreachableLoopFires/do_break;_while_(a_&&_b) (0.00s)
    --- PASS: TestNoUnreachableLoopFires/do_while_(true);_while_(a) (0.00s)
    --- PASS: TestNoUnreachableLoopFires/for_(a_=_0;_;)_while_(true); (0.00s)
    --- PASS: TestNoUnreachableLoopFires/do_{_for_(var_i_=_0;_;_i<_10)_{_foo();_}_}_while_(a) (0.00s)
    --- PASS: TestNoUnreachableLoopFires/for_(a_=_0;_;)_{_for_(var_i_=_0;_;_i<_10)_{_foo();_}_} (0.00s)
    --- PASS: TestNoUnreachableLoopFires/do_for_(;;);_while_(a) (0.00s)
    --- PASS: TestNoUnreachableLoopFires/for_(var_a_in_b)_{_for_(a;_b;_c);_break;_} (0.00s)
    --- PASS: TestNoUnreachableLoopFires/do_{_for_(a_of_b);_break;_}_while_(a) (0.00s)
    --- PASS: TestNoUnreachableLoopFires/for_(a_=_0;_;)_for_(;;); (0.00s)
    --- PASS: TestNoUnreachableLoopFires/do_{_for_(a_in_b);_break;_}_while_(a) (0.00s)
    --- PASS: TestNoUnreachableLoopFires/for_(a_=_0;_;)_{_for_(a_of_b);_break;_} (0.00s)
    --- PASS: TestNoUnreachableLoopFires/for_(a_=_0;_;)_{_for_(a_in_b);_break;_} (0.00s)
    --- PASS: TestNoUnreachableLoopFires/for_(var_a_in_b)_{_while_(a);_break;_} (0.00s)
    --- PASS: TestNoUnreachableLoopFires/for_(a_in_b)_{_switch_(foo)_{_default:_throw_err;_}_} (0.00s)
    --- PASS: TestNoUnreachableLoopFires/for_(a_=_0;_;)_{_for(;;)_if_(foo)_break;_break;_} (0.00s)
    --- PASS: TestNoUnreachableLoopFires/for_(a_=_0;_;)_{_for_(;_;_c)_if_(foo)_break;_break;_} (0.00s)
    --- PASS: TestNoUnreachableLoopFires/function_someFunc()_{_for_(a_in_b)_{_switch_(foo)_{_case_1:_throw_err;_default:_return;_}_}_} (0.00s)
    --- PASS: TestNoUnreachableLoopFires/for_(a_=_0;_;)_{_for_(;_b;);_break;_} (0.00s)
    --- PASS: TestNoUnreachableLoopFires/for_(a_=_0;_;)_{_for_(a;_b;_c);_break;_} (0.00s)
    --- PASS: TestNoUnreachableLoopFires/for_(var_a_in_b)_{_(()_=>_a)();_break;_} (0.00s)
    --- PASS: TestNoUnreachableLoopFires/function_someFunc()_{_for_(a_in_b)_{_switch_(foo)_{_case_1:_something();_default:_return;_}_}_} (0.00s)
    --- PASS: TestNoUnreachableLoopFires/for_(a_=_0;_;)_{_do_;_while_(a)_break;_} (0.00s)
    --- PASS: TestNoUnreachableLoopFires/for_(a_=_0;_;)_{_while_(a);_break;_} (0.00s)
    --- PASS: TestNoUnreachableLoopFires/for_(a_=_0;_;)_{_()_=>_a;_break;_} (0.00s)
    --- PASS: TestNoUnreachableLoopFires/for_(a_=_0;_;)_{_break;_continue;_} (0.00s)
    --- PASS: TestNoUnreachableLoopFires/function_someFunc()_{_for_(a_=_0;_;)_{_try_{_return_bar();_}_catch_(e)_{_break;_}_}_} (0.00s)
    --- PASS: TestNoUnreachableLoopFires/for_(a_=_0;_;)_{_(()_=>_a)();_break;_} (0.00s)
    --- PASS: TestNoUnreachableLoopFires/function_someFunc()_{_for_(a_=_0;_;)_{_switch_(foo)_{_case_1:_something();_default:_return;_}_}_} (0.00s)
    --- PASS: TestNoUnreachableLoopFires/for_(;_b_<_foo;_)_for_(;;); (0.00s)
    --- PASS: TestNoUnreachableLoopFires/function_someFunc()_{_for_(a_=_0;_;)_{_switch_(foo)_{_case_1:_throw_err;_default:_return;_}_}_} (0.00s)
    --- PASS: TestNoUnreachableLoopFires/function_someFunc()_{_for_(a_=_0;_;)_if_(foo)_break;_else_return;_} (0.00s)
    --- PASS: TestNoUnreachableLoopFires/for_(var_a_in_b)_{_()_=>_a;_break;_} (0.00s)
    --- PASS: TestNoUnreachableLoopFires/function_someFunc()_{_for_(a_=_0;_;)_{_if_(foo)_{_return;_}_else_{_break;_}_bar();_}_} (0.00s)
    --- PASS: TestNoUnreachableLoopFires/for_(a_=_0;_;)_{_break;_foo();_} (0.00s)
    --- PASS: TestNoUnreachableLoopFires/function_someFunc()_{_for_(a_=_0;_;)_{_if_(foo)_{_return;_}_throw_err;_}_} (0.00s)
    --- PASS: TestNoUnreachableLoopFires/for_(a_=_0;_;)_{_throw_err;_} (0.00s)
    --- PASS: TestNoUnreachableLoopFires/for_(var_a_in_b)_{_break;_continue;_} (0.00s)
    --- PASS: TestNoUnreachableLoopFires/for_(a_=_0;_;)_{_foo();_break;_} (0.00s)
    --- PASS: TestNoUnreachableLoopFires/for_(a_=_0;_;)_{_switch_(foo)_{_default:_throw_err;_}_} (0.00s)
    --- PASS: TestNoUnreachableLoopFires/for_(a_=_0;_;)_throw_err; (0.00s)
    --- PASS: TestNoUnreachableLoopFires/do_{_for(;;)_if_(foo)_break;_break;_}_while_(a) (0.00s)
    --- PASS: TestNoUnreachableLoopFires/function_someFunc()_{_for_(var_a_in_b)_{_try_{_return_bar();_}_catch_(e)_{_break;_}_}_} (0.00s)
    --- PASS: TestNoUnreachableLoopFires/do_{_for_(;_b;);_break;_}_while_(a) (0.00s)
    --- PASS: TestNoUnreachableLoopFires/do_{_for_(;_;_c)_if_(foo)_break;_break;_}_while_(a) (0.00s)
    --- PASS: TestNoUnreachableLoopFires/function_someFunc()_{_for_(var_a_in_b)_{_switch_(foo)_{_case_1:_something();_default:_return;_}_}_} (0.00s)
    --- PASS: TestNoUnreachableLoopFires/do_{_for_(a;_b;_c);_break;_}_while_(a) (0.00s)
    --- PASS: TestNoUnreachableLoopFires/for_(var_a_in_b)_{_switch_(foo)_{_default:_throw_err;_}_} (0.00s)
    --- PASS: TestNoUnreachableLoopFires/function_someFunc()_{_for_(var_a_in_b)_{_if_(foo)_{_return;_}_throw_err;_}_} (0.00s)
    --- PASS: TestNoUnreachableLoopFires/do_{_do_;_while_(a)_break;_}_while_(a) (0.00s)
    --- PASS: TestNoUnreachableLoopFires/do_{_(()_=>_a)();_break;_}_while_(a) (0.00s)
    --- PASS: TestNoUnreachableLoopFires/do_{_()_=>_a;_break;_}_while_(a) (0.00s)
    --- PASS: TestNoUnreachableLoopFires/function_someFunc()_{_for_(var_a_in_b)_{_if_(foo)_{_return;_}_else_{_break;_}_bar();_}_} (0.00s)
    --- PASS: TestNoUnreachableLoopFires/function_someFunc()_{_for_(var_a_in_b)_if_(foo)_break;_else_return;_} (0.00s)
    --- PASS: TestNoUnreachableLoopFires/do_{_break;_continue;_}_while_(a) (0.00s)
    --- PASS: TestNoUnreachableLoopFires/for_(var_a_in_b)_{_break;_foo();_} (0.00s)
    --- PASS: TestNoUnreachableLoopFires/function_someFunc()_{_for_(a_=_0;_;)_return;_} (0.00s)
    --- PASS: TestNoUnreachableLoopFires/function_someFunc()_{_for_(a_=_0;_;)_{_return;_}_} (0.00s)
    --- PASS: TestNoUnreachableLoopFires/function_someFunc()_{_for_(var_a_in_b)_{_switch_(foo)_{_case_1:_throw_err;_default:_return;_}_}_} (0.00s)
    --- PASS: TestNoUnreachableLoopFires/function_someFunc()_{_do_{_try_{_return_bar();_}_catch_(e)_{_break;_}_}_while_(a)_} (0.00s)
    --- PASS: TestNoUnreachableLoopFires/for_(var_a_in_b)_{_foo();_break;_} (0.00s)
    --- PASS: TestNoUnreachableLoopFires/do_{_switch_(foo)_{_default:_throw_err;_}_}_while_(a) (0.00s)
    --- PASS: TestNoUnreachableLoopFires/for_(a_=_0;_;)_{_break;_} (0.00s)
    --- PASS: TestNoUnreachableLoopFires/function_someFunc()_{_for_(a_in_b)_{_if_(foo)_{_return;_}_throw_err;_}_} (0.00s)
    --- PASS: TestNoUnreachableLoopFires/function_someFunc()_{_do_{_switch_(foo)_{_case_1:_something();_default:_return;_}_}_while_(a)_} (0.00s)
    --- PASS: TestNoUnreachableLoopFires/for_(a_=_0;_;)_break; (0.00s)
    --- PASS: TestNoUnreachableLoopFires/for_(a;_;)_while_(true); (0.00s)
    --- PASS: TestNoUnreachableLoopFires/for_(a_in_b)_{_break;_foo();_} (0.00s)
    --- PASS: TestNoUnreachableLoopFires/function_someFunc()_{_for_(a_in_b)_{_if_(foo)_{_return;_}_else_{_break;_}_bar();_}_} (0.00s)
    --- PASS: TestNoUnreachableLoopFires/function_someFunc()_{_for_(a_in_b)_if_(foo)_break;_else_return;_} (0.00s)
    --- PASS: TestNoUnreachableLoopFires/function_someFunc()_{_do_{_switch_(foo)_{_case_1:_throw_err;_default:_return;_}_}_while_(a)_} (0.00s)
    --- PASS: TestNoUnreachableLoopFires/function_someFunc()_{_do_{_if_(foo)_{_return;_}_throw_err;_}_while_(a)_} (0.00s)
    --- PASS: TestNoUnreachableLoopFires/function_someFunc()_{_do_{_if_(foo)_{_return;_}_else_{_break;_}_bar();_}_while_(a)_} (0.00s)
    --- PASS: TestNoUnreachableLoopFires/for_(a;_;)_for_(;;); (0.00s)
    --- PASS: TestNoUnreachableLoopFires/for_(a_in_b)_{_foo();_break;_} (0.00s)
    --- PASS: TestNoUnreachableLoopFires/for_(a;_;)_{_for_(var_i_=_0;_;_i<_10)_{_foo();_}_} (0.00s)
    --- PASS: TestNoUnreachableLoopFires/for_(a;_;)_{_for_(a_of_b);_break;_} (0.00s)
    --- PASS: TestNoUnreachableLoopFires/do_{_break;_foo();_}_while_(a) (0.00s)
    --- PASS: TestNoUnreachableLoopFires/function_someFunc()_{_do_if_(foo)_break;_else_return;_while_(a)_} (0.00s)
    --- PASS: TestNoUnreachableLoopFires/for_(a;_;)_{_for_(a_in_b);_break;_} (0.00s)
    --- PASS: TestNoUnreachableLoopFires/for_(a;_;)_{_for_(;_;_c)_if_(foo)_break;_break;_} (0.00s)
    --- PASS: TestNoUnreachableLoopFires/for_(a;_;)_{_for_(;_b;);_break;_} (0.00s)
    --- PASS: TestNoUnreachableLoopFires/for_(a;_;)_{_for(;;)_if_(foo)_break;_break;_} (0.00s)
    --- PASS: TestNoUnreachableLoopFires/for_(a;_;)_{_for_(a;_b;_c);_break;_} (0.00s)
    --- PASS: TestNoUnreachableLoopFires/for_(a;_;)_{_do_;_while_(a)_break;_} (0.00s)
    --- PASS: TestNoUnreachableLoopFires/for_(a;_;)_{_while_(a);_break;_} (0.00s)
    --- PASS: TestNoUnreachableLoopFires/for_(a;_;)_{_(()_=>_a)();_break;_} (0.00s)
    --- PASS: TestNoUnreachableLoopFires/do_{_foo();_break;_}_while_(a) (0.00s)
    --- PASS: TestNoUnreachableLoopFires/do_{_throw_err;_}_while_(a) (0.00s)
    --- PASS: TestNoUnreachableLoopFires/do_throw_err;_while_(a) (0.00s)
    --- PASS: TestNoUnreachableLoopFires/for_(a_in_b)_throw_err; (0.00s)
    --- PASS: TestNoUnreachableLoopFires/function_someFunc()_{_do_{_return;_}_while_(a)_} (0.00s)
    --- PASS: TestNoUnreachableLoopFires/function_someFunc()_{_for_(a_in_b)_return;_} (0.00s)
    --- PASS: TestNoUnreachableLoopFires/for_(a;_;)_{_()_=>_a;_break;_} (0.00s)
    --- PASS: TestNoUnreachableLoopFires/function_someFunc()_{_for_(a_in_b)_{_return;_}_} (0.00s)
    --- PASS: TestNoUnreachableLoopFires/function_someFunc()_{_do_return;_while_(a)_} (0.00s)
    --- PASS: TestNoUnreachableLoopFires/for_(a_in_b)_break; (0.00s)
    --- PASS: TestNoUnreachableLoopFires/for_(;_b_<_foo;_)_{_for_(a_of_b);_break;_} (0.00s)
    --- PASS: TestNoUnreachableLoopFires/for_(a_in_b)_{_break;_} (0.00s)
    --- PASS: TestNoUnreachableLoopFires/for_(;;)_while_(true); (0.00s)
    --- PASS: TestNoUnreachableLoopFires/for_(;_b_<_foo;_)_{_for_(a_in_b);_break;_} (0.00s)
    --- PASS: TestNoUnreachableLoopFires/for_(a_in_b)_{_throw_err;_} (0.00s)
    --- PASS: TestNoUnreachableLoopFires/for_(;_b_<_foo;_)_{_for(;;)_if_(foo)_break;_break;_} (0.00s)
    --- PASS: TestNoUnreachableLoopFires/do_{_break;_}_while_(a) (0.00s)
    --- PASS: TestNoUnreachableLoopFires/for_(;;)_{_for_(var_i_=_0;_;_i<_10)_{_foo();_}_} (0.00s)
    --- PASS: TestNoUnreachableLoopFires/for_(;_b_<_foo;_)_{_for_(;_;_c)_if_(foo)_break;_break;_} (0.00s)
    --- PASS: TestNoUnreachableLoopFires/do_break;_while_(a) (0.00s)
    --- PASS: TestNoUnreachableLoopFires/for_(;;)_{_for_(a_of_b);_break;_} (0.00s)
    --- PASS: TestNoUnreachableLoopFires/for_(;_b_<_foo;_)_{_for_(;_b;);_break;_} (0.00s)
    --- PASS: TestNoUnreachableLoopFires/while_(a_&&_b)_while_(true); (0.00s)
    --- PASS: TestNoUnreachableLoopFires/for_(;;)_for_(;;); (0.00s)
    --- PASS: TestNoUnreachableLoopFires/for_(;_b_<_foo;_)_{_do_;_while_(a)_break;_} (0.00s)
    --- PASS: TestNoUnreachableLoopFires/for_(;_b_<_foo;_)_{_for_(a;_b;_c);_break;_} (0.00s)
    --- PASS: TestNoUnreachableLoopFires/for_(;_b_<_foo;_)_{_while_(a);_break;_} (0.00s)
    --- PASS: TestNoUnreachableLoopFires/for_(;;)_{_for(;;)_if_(foo)_break;_break;_} (0.00s)
    --- PASS: TestNoUnreachableLoopFires/for_(;;)_{_for_(a_in_b);_break;_} (0.00s)
    --- PASS: TestNoUnreachableLoopFires/for_(;_b_<_foo;_)_{_break;_continue;_} (0.00s)
    --- PASS: TestNoUnreachableLoopFires/for_(;_b_<_foo;_)_{_(()_=>_a)();_break;_} (0.00s)
    --- PASS: TestNoUnreachableLoopFires/for_(;;)_{_for_(;_b;);_break;_} (0.00s)
    --- PASS: TestNoUnreachableLoopFires/for_(;;)_{_for_(;_;_c)_if_(foo)_break;_break;_} (0.00s)
    --- PASS: TestNoUnreachableLoopFires/function_someFunc()_{_for_(;_b_<_foo;_)_{_try_{_return_bar();_}_catch_(e)_{_break;_}_}_} (0.00s)
    --- PASS: TestNoUnreachableLoopFires/for_(;;)_{_for_(a;_b;_c);_break;_} (0.00s)
    --- PASS: TestNoUnreachableLoopFires/for_(;;)_{_while_(a);_break;_} (0.00s)
    --- PASS: TestNoUnreachableLoopFires/for_(;;)_{_(()_=>_a)();_break;_} (0.00s)
    --- PASS: TestNoUnreachableLoopFires/for_(;;)_{_()_=>_a;_break;_} (0.00s)
    --- PASS: TestNoUnreachableLoopFires/function_someFunc()_{_for_(;_b_<_foo;_)_{_switch_(foo)_{_case_1:_throw_err;_default:_return;_}_}_} (0.00s)
    --- PASS: TestNoUnreachableLoopFires/for_(;_b_<_foo;_)_{_()_=>_a;_break;_} (0.00s)
    --- PASS: TestNoUnreachableLoopFires/for_(;;)_{_break;_continue;_} (0.00s)
    --- PASS: TestNoUnreachableLoopFires/function_someFunc()_{_for_(a;_;)_{_try_{_return_bar();_}_catch_(e)_{_break;_}_}_} (0.00s)
    --- PASS: TestNoUnreachableLoopFires/for_(;;)_{_do_;_while_(a)_break;_} (0.00s)
    --- PASS: TestNoUnreachableLoopFires/function_someFunc()_{_for_(a;_;)_{_switch_(foo)_{_case_1:_something();_default:_return;_}_}_} (0.00s)
    --- PASS: TestNoUnreachableLoopFires/function_someFunc()_{_for_(;;)_{_switch_(foo)_{_case_1:_something();_default:_return;_}_}_} (0.00s)
    --- PASS: TestNoUnreachableLoopFires/function_someFunc()_{_for_(a;_;)_{_switch_(foo)_{_case_1:_throw_err;_default:_return;_}_}_} (0.00s)
    --- PASS: TestNoUnreachableLoopFires/for_(;;)_{_switch_(foo)_{_default:_throw_err;_}_} (0.00s)
    --- PASS: TestNoUnreachableLoopFires/function_someFunc()_{_for_(;;)_{_try_{_return_bar();_}_catch_(e)_{_break;_}_}_} (0.00s)
    --- PASS: TestNoUnreachableLoopFires/for_(;_b_<_foo;_)_{_switch_(foo)_{_default:_throw_err;_}_} (0.00s)
    --- PASS: TestNoUnreachableLoopFires/function_someFunc()_{_for_(;;)_{_if_(foo)_{_return;_}_throw_err;_}_} (0.00s)
    --- PASS: TestNoUnreachableLoopFires/function_someFunc()_{_for_(;;)_{_switch_(foo)_{_case_1:_throw_err;_default:_return;_}_}_} (0.00s)
    --- PASS: TestNoUnreachableLoopFires/function_someFunc()_{_for_(a;_;)_{_if_(foo)_{_return;_}_throw_err;_}_} (0.00s)
    --- PASS: TestNoUnreachableLoopFires/function_someFunc()_{_for_(;_b_<_foo;_)_{_if_(foo)_{_return;_}_throw_err;_}_} (0.00s)
    --- PASS: TestNoUnreachableLoopFires/function_someFunc()_{_for_(;_b_<_foo;_)_{_switch_(foo)_{_case_1:_something();_default:_return;_}_}_} (0.00s)
    --- PASS: TestNoUnreachableLoopFires/for_(a;_;)_{_switch_(foo)_{_default:_throw_err;_}_} (0.00s)
    --- PASS: TestNoUnreachableLoopFires/function_someFunc()_{_for_(;_b_<_foo;_)_{_if_(foo)_{_return;_}_else_{_break;_}_bar();_}_} (0.00s)
    --- PASS: TestNoUnreachableLoopFires/while_(a_&&_b)_{_for_(var_i_=_0;_;_i<_10)_{_foo();_}_} (0.00s)
    --- PASS: TestNoUnreachableLoopFires/function_someFunc()_{_for_(a;_;)_if_(foo)_break;_else_return;_} (0.00s)
    --- PASS: TestNoUnreachableLoopFires/function_someFunc()_{_for_(a;_;)_{_if_(foo)_{_return;_}_else_{_break;_}_bar();_}_} (0.00s)
    --- PASS: TestNoUnreachableLoopFires/for_(a;_;)_{_break;_continue;_} (0.00s)
    --- PASS: TestNoUnreachableLoopFires/function_someFunc()_{_for_(;_b_<_foo;_)_if_(foo)_break;_else_return;_} (0.00s)
    --- PASS: TestNoUnreachableLoopFires/for_(;_b_<_foo;_)_{_break;_foo();_} (0.00s)
    --- PASS: TestNoUnreachableLoopFires/for_(a;_;)_{_break;_foo();_} (0.00s)
    --- PASS: TestNoUnreachableLoopFires/for_(;_b_<_foo;_)_{_foo();_break;_} (0.00s)
    --- PASS: TestNoUnreachableLoopFires/for_(;_b_<_foo;_)_throw_err; (0.00s)
    --- PASS: TestNoUnreachableLoopFires/for_(;_b_<_foo;_)_{_throw_err;_} (0.00s)
    --- PASS: TestNoUnreachableLoopFires/function_someFunc()_{_for_(a_=_0;_b_<_foo;_)_{_switch_(foo)_{_case_1:_something();_default:_return;_}_}_} (0.00s)
    --- PASS: TestNoUnreachableLoopFires/function_someFunc()_{_for_(;_b_<_foo;_)_{_return;_}_} (0.00s)
    --- PASS: TestNoUnreachableLoopFires/for_(a_=_0;_b_<_foo;_)_{_switch_(foo)_{_default:_throw_err;_}_} (0.00s)
    --- PASS: TestNoUnreachableLoopFires/function_someFunc()_{_for_(a_=_0;_b_<_foo;_)_{_switch_(foo)_{_case_1:_throw_err;_default:_return;_}_}_} (0.00s)
    --- PASS: TestNoUnreachableLoopFires/for_(a;_;)_{_foo();_break;_} (0.00s)
    --- PASS: TestNoUnreachableLoopFires/function_someFunc()_{_for_(;_b_<_foo;_)_return;_} (0.00s)
    --- PASS: TestNoUnreachableLoopFires/function_someFunc()_{_for_(a_=_0;_b_<_foo;_)_{_if_(foo)_{_return;_}_throw_err;_}_} (0.00s)
    --- PASS: TestNoUnreachableLoopFires/for_(;_b_<_foo;_)_{_break;_} (0.00s)
    --- PASS: TestNoUnreachableLoopFires/function_someFunc()_{_for_(a;_;)_{_return;_}_} (0.00s)
    --- PASS: TestNoUnreachableLoopFires/function_someFunc()_{_for_(a_=_0;_b_<_foo;_)_{_if_(foo)_{_return;_}_else_{_break;_}_bar();_}_} (0.00s)
    --- PASS: TestNoUnreachableLoopFires/function_someFunc()_{_for_(a;_;)_return;_} (0.00s)
    --- PASS: TestNoUnreachableLoopFires/for_(a;_;)_{_throw_err;_} (0.00s)
    --- PASS: TestNoUnreachableLoopFires/while_(a_&&_b)_{_for_(a_of_b);_break;_} (0.00s)
    --- PASS: TestNoUnreachableLoopFires/function_someFunc()_{_for_(a_=_0;_b_<_foo;_)_if_(foo)_break;_else_return;_} (0.00s)
    --- PASS: TestNoUnreachableLoopFires/while_(a_&&_b)_for_(;;); (0.00s)
    --- PASS: TestNoUnreachableLoopFires/for_(a;_;)_throw_err; (0.00s)
    --- PASS: TestNoUnreachableLoopFires/while_(a_&&_b)_{_for(;;)_if_(foo)_break;_break;_} (0.00s)
    --- PASS: TestNoUnreachableLoopFires/while_(a_&&_b)_{_for_(a_in_b);_break;_} (0.00s)
    --- PASS: TestNoUnreachableLoopFires/for_(;_b_<_foo;_)_break; (0.00s)
    --- PASS: TestNoUnreachableLoopFires/for_(a_=_0;_b_<_foo;_)_{_break;_foo();_} (0.00s)
    --- PASS: TestNoUnreachableLoopFires/while_(a_&&_b)_{_for_(;_b;);_break;_} (0.00s)
    --- PASS: TestNoUnreachableLoopFires/while_(a_&&_b)_{_for_(a;_b;_c);_break;_} (0.00s)
    --- PASS: TestNoUnreachableLoopFires/while_(a_&&_b)_{_do_;_while_(a)_break;_} (0.00s)
    --- PASS: TestNoUnreachableLoopFires/while_(a_&&_b)_{_while_(a);_break;_} (0.00s)
    --- PASS: TestNoUnreachableLoopFires/while_(a_&&_b)_{_for_(;_;_c)_if_(foo)_break;_break;_} (0.00s)
    --- PASS: TestNoUnreachableLoopFires/while_(a_&&_b)_{_()_=>_a;_break;_} (0.00s)
    --- PASS: TestNoUnreachableLoopFires/while_(a_&&_b)_{_(()_=>_a)();_break;_} (0.00s)
    --- PASS: TestNoUnreachableLoopFires/for_(a;_;)_{_break;_} (0.00s)
    --- PASS: TestNoUnreachableLoopFires/for_(;_b;)_while_(true); (0.00s)
    --- PASS: TestNoUnreachableLoopFires/while_(a)_{_do_;_while_(a)_break;_} (0.00s)
    --- PASS: TestNoUnreachableLoopFires/for_(;_b;)_{_for_(var_i_=_0;_;_i<_10)_{_foo();_}_} (0.00s)
    --- PASS: TestNoUnreachableLoopFires/while_(a_&&_b)_{_break;_continue;_} (0.00s)
    --- PASS: TestNoUnreachableLoopFires/function_someFunc()_{_while_(a_&&_b)_{_try_{_return_bar();_}_catch_(e)_{_break;_}_}_} (0.00s)
    --- PASS: TestNoUnreachableLoopFires/function_someFunc()_{_while_(a_&&_b)_{_if_(foo)_{_return;_}_throw_err;_}_} (0.00s)
    --- PASS: TestNoUnreachableLoopFires/for_(;_b;)_{_for_(a_in_b);_break;_} (0.00s)
    --- PASS: TestNoUnreachableLoopFires/function_someFunc()_{_while_(a_&&_b)_{_switch_(foo)_{_case_1:_throw_err;_default:_return;_}_}_} (0.00s)
    --- PASS: TestNoUnreachableLoopFires/while_(a_&&_b)_{_switch_(foo)_{_default:_throw_err;_}_} (0.00s)
    --- PASS: TestNoUnreachableLoopFires/for_(;_b;)_for_(;;); (0.00s)
    --- PASS: TestNoUnreachableLoopFires/for_(;_b;)_{_for(;;)_if_(foo)_break;_break;_} (0.00s)
    --- PASS: TestNoUnreachableLoopFires/for_(;_b;)_{_for_(a_of_b);_break;_} (0.00s)
    --- PASS: TestNoUnreachableLoopFires/function_someFunc()_{_while_(a_&&_b)_{_switch_(foo)_{_case_1:_something();_default:_return;_}_}_} (0.00s)
    --- PASS: TestNoUnreachableLoopFires/for_(a;_;)_break; (0.00s)
    --- PASS: TestNoUnreachableLoopFires/function_someFunc()_{_while_(a_&&_b)_{_if_(foo)_{_return;_}_else_{_break;_}_bar();_}_} (0.00s)
    --- PASS: TestNoUnreachableLoopFires/while_(a_&&_b)_{_break;_foo();_} (0.00s)
    --- PASS: TestNoUnreachableLoopFires/while_(a_&&_b)_{_foo();_break;_} (0.00s)
    --- PASS: TestNoUnreachableLoopFires/while_(a_&&_b)_{_break;_} (0.00s)
    --- PASS: TestNoUnreachableLoopFires/function_someFunc()_{_while_(a_&&_b)_{_return;_}_} (0.00s)
    --- PASS: TestNoUnreachableLoopFires/while_(a_&&_b)_throw_err; (0.00s)
    --- PASS: TestNoUnreachableLoopFires/while_(a_&&_b)_{_throw_err;_} (0.00s)
    --- PASS: TestNoUnreachableLoopFires/while_(a_&&_b)_break; (0.00s)
    --- PASS: TestNoUnreachableLoopFires/for_(;_b;)_{_for_(;_;_c)_if_(foo)_break;_break;_} (0.00s)
    --- PASS: TestNoUnreachableLoopFires/while_(a)_while_(true); (0.00s)
    --- PASS: TestNoUnreachableLoopFires/for_(a_=_0;_b_<_foo;_)_{_break;_continue;_} (0.00s)
    --- PASS: TestNoUnreachableLoopFires/for_(;_b;)_{_for_(;_b;);_break;_} (0.00s)
    --- PASS: TestNoUnreachableLoopFires/function_someFunc()_{_while_(a_&&_b)_if_(foo)_break;_else_return;_} (0.00s)
    --- PASS: TestNoUnreachableLoopFires/for_(;_b;)_{_for_(a;_b;_c);_break;_} (0.00s)
    --- PASS: TestNoUnreachableLoopFires/for_(;_b;)_{_do_;_while_(a)_break;_} (0.00s)
    --- PASS: TestNoUnreachableLoopFires/while_(a)_{_for_(var_i_=_0;_;_i<_10)_{_foo();_}_} (0.00s)
    --- PASS: TestNoUnreachableLoopFires/function_someFunc()_{_while_(a_&&_b)_return;_} (0.00s)
    --- PASS: TestNoUnreachableLoopFires/for_(;_b;)_{_while_(a);_break;_} (0.00s)
    --- PASS: TestNoUnreachableLoopFires/for_(;_b;)_{_(()_=>_a)();_break;_} (0.00s)
    --- PASS: TestNoUnreachableLoopFires/while_(a)_{_for_(a_of_b);_break;_} (0.00s)
    --- PASS: TestNoUnreachableLoopFires/while_(a)_for_(;;); (0.00s)
    --- PASS: TestNoUnreachableLoopFires/while_(a)_{_for_(a_in_b);_break;_} (0.00s)
    --- PASS: TestNoUnreachableLoopFires/for_(;_b;)_{_()_=>_a;_break;_} (0.00s)
    --- PASS: TestNoUnreachableLoopFires/for_(;_b;)_{_break;_continue;_} (0.00s)
    --- PASS: TestNoUnreachableLoopFires/while_(a)_{_for(;;)_if_(foo)_break;_break;_} (0.00s)
    --- PASS: TestNoUnreachableLoopFires/while_(a)_{_for_(;_;_c)_if_(foo)_break;_break;_} (0.00s)
    --- PASS: TestNoUnreachableLoopFires/function_someFunc()_{_for_(;_b;)_{_try_{_return_bar();_}_catch_(e)_{_break;_}_}_} (0.00s)
    --- PASS: TestNoUnreachableLoopFires/function_someFunc()_{_for_(;_b;)_{_switch_(foo)_{_case_1:_something();_default:_return;_}_}_} (0.00s)
    --- PASS: TestNoUnreachableLoopFires/while_(a)_{_(()_=>_a)();_break;_} (0.00s)
    --- PASS: TestNoUnreachableLoopFires/function_someFunc()_{_for_(;_b;)_{_switch_(foo)_{_case_1:_throw_err;_default:_return;_}_}_} (0.00s)
    --- PASS: TestNoUnreachableLoopFires/while_(a)_{_()_=>_a;_break;_} (0.00s)
    --- PASS: TestNoUnreachableLoopFires/while_(a)_{_break;_continue;_} (0.00s)
    --- PASS: TestNoUnreachableLoopFires/function_someFunc()_{_while_(a)_{_switch_(foo)_{_case_1:_something();_default:_return;_}_}_} (0.00s)
    --- PASS: TestNoUnreachableLoopFires/while_(a)_{_switch_(foo)_{_default:_throw_err;_}_} (0.00s)
    --- PASS: TestNoUnreachableLoopFires/function_someFunc()_{_while_(a)_{_switch_(foo)_{_case_1:_throw_err;_default:_return;_}_}_} (0.00s)
    --- PASS: TestNoUnreachableLoopFires/function_someFunc()_{_while_(a)_{_if_(foo)_{_return;_}_throw_err;_}_} (0.00s)
    --- PASS: TestNoUnreachableLoopFires/function_someFunc()_{_while_(a)_{_try_{_return_bar();_}_catch_(e)_{_break;_}_}_} (0.00s)
    --- PASS: TestNoUnreachableLoopFires/while_(a)_{_break;_foo();_} (0.00s)
    --- PASS: TestNoUnreachableLoopFires/function_someFunc()_{_while_(a)_{_if_(foo)_{_return;_}_else_{_break;_}_bar();_}_} (0.00s)
    --- PASS: TestNoUnreachableLoopFires/while_(a)_{_foo();_break;_} (0.00s)
    --- PASS: TestNoUnreachableLoopFires/function_someFunc()_{_while_(a)_if_(foo)_break;_else_return;_} (0.00s)
    --- PASS: TestNoUnreachableLoopFires/while_(a)_{_throw_err;_} (0.00s)
    --- PASS: TestNoUnreachableLoopFires/while_(a)_throw_err; (0.00s)
    --- PASS: TestNoUnreachableLoopFires/while_(a)_{_for_(a;_b;_c);_break;_} (0.00s)
    --- PASS: TestNoUnreachableLoopFires/function_someFunc()_{_while_(a)_return;_} (0.00s)
    --- PASS: TestNoUnreachableLoopFires/function_someFunc()_{_while_(a)_{_return;_}_} (0.00s)
    --- PASS: TestNoUnreachableLoopFires/while_(a)_{_while_(a);_break;_} (0.00s)
    --- PASS: TestNoUnreachableLoopFires/while_(a)_{_for_(;_b;);_break;_} (0.00s)
    --- PASS: TestNoUnreachableLoopFires/while_(a)_{_break;_} (0.00s)
    --- PASS: TestNoUnreachableLoopFires/for_(;_b;)_{_switch_(foo)_{_default:_throw_err;_}_} (0.00s)
    --- PASS: TestNoUnreachableLoopFires/function_someFunc()_{_for_(;_b;)_{_if_(foo)_{_return;_}_throw_err;_}_} (0.00s)
    --- PASS: TestNoUnreachableLoopFires/function_someFunc()_{_for_(;_b;)_{_if_(foo)_{_return;_}_else_{_break;_}_bar();_}_} (0.00s)
    --- PASS: TestNoUnreachableLoopFires/for_(;_b;)_{_foo();_break;_} (0.00s)
    --- PASS: TestNoUnreachableLoopFires/function_someFunc()_{_for_(;_b;)_if_(foo)_break;_else_return;_} (0.00s)
    --- PASS: TestNoUnreachableLoopFires/for_(;_b;)_{_break;_foo();_} (0.00s)
    --- PASS: TestNoUnreachableLoopFires/for_(;_b;)_{_throw_err;_} (0.00s)
    --- PASS: TestNoUnreachableLoopFires/function_someFunc()_{_for_(;_b;)_return;_} (0.00s)
    --- PASS: TestNoUnreachableLoopFires/for_(;_b;)_throw_err; (0.00s)
    --- PASS: TestNoUnreachableLoopFires/for_(;_b;)_{_break;_} (0.00s)
    --- PASS: TestNoUnreachableLoopFires/for_(;_b;)_break; (0.00s)
    --- PASS: TestNoUnreachableLoopFires/for_(;_;_c++)_while_(true); (0.00s)
    --- PASS: TestNoUnreachableLoopFires/for_(;_;_c++)_{_for_(var_i_=_0;_;_i<_10)_{_foo();_}_} (0.00s)
    --- PASS: TestNoUnreachableLoopFires/for_(;_;_c++)_for_(;;); (0.00s)
    --- PASS: TestNoUnreachableLoopFires/for_(;_;_c++)_{_for_(a_in_b);_break;_} (0.00s)
    --- PASS: TestNoUnreachableLoopFires/for_(;_;_c++)_{_for_(;_;_c)_if_(foo)_break;_break;_} (0.00s)
    --- PASS: TestNoUnreachableLoopFires/for_(;_;_c++)_{_for(;;)_if_(foo)_break;_break;_} (0.00s)
    --- PASS: TestNoUnreachableLoopFires/for_(;_;_c++)_{_for_(a_of_b);_break;_} (0.00s)
    --- PASS: TestNoUnreachableLoopFires/for_(;_;_c++)_{_for_(;_b;);_break;_} (0.00s)
    --- PASS: TestNoUnreachableLoopFires/for_(;_;_c++)_{_for_(a;_b;_c);_break;_} (0.00s)
    --- PASS: TestNoUnreachableLoopFires/for_(;_;_c++)_{_do_;_while_(a)_break;_} (0.00s)
    --- PASS: TestNoUnreachableLoopFires/for_(;_;_c++)_{_while_(a);_break;_} (0.00s)
    --- PASS: TestNoUnreachableLoopFires/for_(;_;_c++)_{_(()_=>_a)();_break;_} (0.00s)
    --- PASS: TestNoUnreachableLoopFires/function_someFunc()_{_for_(;_b;)_{_return;_}_} (0.00s)
    --- PASS: TestNoUnreachableLoopFires/for_(;_;_c++)_{_()_=>_a;_break;_} (0.00s)
    --- PASS: TestNoUnreachableLoopFires/function_someFunc()_{_for_(;_;_c++)_{_try_{_return_bar();_}_catch_(e)_{_break;_}_}_} (0.00s)
    --- PASS: TestNoUnreachableLoopFires/function_someFunc()_{_for_(;_;_c++)_{_switch_(foo)_{_case_1:_something();_default:_return;_}_}_} (0.00s)
    --- PASS: TestNoUnreachableLoopFires/for_(;_;_c++)_{_break;_continue;_} (0.00s)
    --- PASS: TestNoUnreachableLoopFires/function_someFunc()_{_for_(;_;_c++)_{_switch_(foo)_{_case_1:_throw_err;_default:_return;_}_}_} (0.00s)
    --- PASS: TestNoUnreachableLoopFires/function_someFunc()_{_for_(;_;_c++)_{_if_(foo)_{_return;_}_else_{_break;_}_bar();_}_} (0.00s)
    --- PASS: TestNoUnreachableLoopFires/function_someFunc()_{_for_(;_;_c++)_if_(foo)_break;_else_return;_} (0.00s)
    --- PASS: TestNoUnreachableLoopFires/for_(;_;_c++)_{_break;_foo();_} (0.00s)
    --- PASS: TestNoUnreachableLoopFires/for_(;_;_c++)_{_foo();_break;_} (0.00s)
    --- PASS: TestNoUnreachableLoopFires/for_(;_;_c++)_{_throw_err;_} (0.00s)
    --- PASS: TestNoUnreachableLoopFires/function_someFunc()_{_for_(;_;_c++)_{_return;_}_} (0.00s)
    --- PASS: TestNoUnreachableLoopFires/for_(;_;_c++)_throw_err; (0.00s)
    --- PASS: TestNoUnreachableLoopFires/function_someFunc()_{_for_(;_;_c++)_return;_} (0.00s)
    --- PASS: TestNoUnreachableLoopFires/for_(;_;_c++)_{_break;_} (0.00s)
    --- PASS: TestNoUnreachableLoopFires/for_(;_;_c)_while_(true); (0.00s)
    --- PASS: TestNoUnreachableLoopFires/for_(;_;_c)_{_for_(var_i_=_0;_;_i<_10)_{_foo();_}_} (0.00s)
    --- PASS: TestNoUnreachableLoopFires/function_someFunc()_{_for_(;_;_c++)_{_if_(foo)_{_return;_}_throw_err;_}_} (0.00s)
    --- PASS: TestNoUnreachableLoopFires/for_(;_;_c++)_break; (0.00s)
    --- PASS: TestNoUnreachableLoopFires/for_(;_;_c)_for_(;;); (0.00s)
    --- PASS: TestNoUnreachableLoopFires/for_(a_=_0;_b_<_foo;_)_{_foo();_break;_} (0.00s)
    --- PASS: TestNoUnreachableLoopFires/for_(;_;_c)_{_for_(a_of_b);_break;_} (0.00s)
    --- PASS: TestNoUnreachableLoopFires/for_(;_;_c)_{_for(;;)_if_(foo)_break;_break;_} (0.00s)
    --- PASS: TestNoUnreachableLoopFires/for_(;_;_c)_{_for_(;_;_c)_if_(foo)_break;_break;_} (0.00s)
    --- PASS: TestNoUnreachableLoopFires/for_(;_;_c)_{_for_(;_b;);_break;_} (0.00s)
    --- PASS: TestNoUnreachableLoopFires/for_(a_=_0;_b_<_foo;_)_throw_err; (0.00s)
    --- PASS: TestNoUnreachableLoopFires/for_(;_;_c++)_{_switch_(foo)_{_default:_throw_err;_}_} (0.00s)
    --- PASS: TestNoUnreachableLoopFires/for_(a_=_0;_b_<_foo;_)_{_throw_err;_} (0.00s)
    --- PASS: TestNoUnreachableLoopFires/function_someFunc()_{_for_(a_=_0;_b_<_foo;_)_{_return;_}_} (0.00s)
    --- PASS: TestNoUnreachableLoopFires/function_someFunc()_{_for_(a_=_0;_b_<_foo;_)_return;_} (0.00s)
    --- PASS: TestNoUnreachableLoopFires/for_(a_=_0;_b_<_foo;_)_{_break;_} (0.00s)
    --- PASS: TestNoUnreachableLoopFires/for_(a_=_0;_b_<_foo;_)_break; (0.00s)
    --- PASS: TestNoUnreachableLoopFires/for_(;_;_c)_{_for_(a;_b;_c);_break;_} (0.00s)
    --- PASS: TestNoUnreachableLoopFires/for_(;_;_c)_{_do_;_while_(a)_break;_} (0.00s)
    --- PASS: TestNoUnreachableLoopFires/for_(;_;_c)_{_while_(a);_break;_} (0.00s)
    --- PASS: TestNoUnreachableLoopFires/for_(a;_b;)_while_(true); (0.00s)
    --- PASS: TestNoUnreachableLoopFires/for_(;_;_c)_{_(()_=>_a)();_break;_} (0.00s)
    --- PASS: TestNoUnreachableLoopFires/for_(;_;_c)_{_()_=>_a;_break;_} (0.00s)
    --- PASS: TestNoUnreachableLoopFires/for_(;_;_c)_{_break;_continue;_} (0.00s)
    --- PASS: TestNoUnreachableLoopFires/function_someFunc()_{_for_(;_;_c)_{_try_{_return_bar();_}_catch_(e)_{_break;_}_}_} (0.00s)
    --- PASS: TestNoUnreachableLoopFires/for_(;_;_c)_{_switch_(foo)_{_default:_throw_err;_}_} (0.00s)
    --- PASS: TestNoUnreachableLoopFires/function_someFunc()_{_for_(;_;_c)_{_switch_(foo)_{_case_1:_throw_err;_default:_return;_}_}_} (0.00s)
    --- PASS: TestNoUnreachableLoopFires/function_someFunc()_{_for_(;_;_c)_{_if_(foo)_{_return;_}_else_{_break;_}_bar();_}_} (0.00s)
    --- PASS: TestNoUnreachableLoopFires/function_someFunc()_{_for_(;_;_c)_{_switch_(foo)_{_case_1:_something();_default:_return;_}_}_} (0.00s)
    --- PASS: TestNoUnreachableLoopFires/for_(a;_b;)_{_for_(var_i_=_0;_;_i<_10)_{_foo();_}_} (0.00s)
    --- PASS: TestNoUnreachableLoopFires/for_(a;_b;)_for_(;;); (0.00s)
    --- PASS: TestNoUnreachableLoopFires/function_someFunc()_{_for_(;_;_c)_if_(foo)_break;_else_return;_} (0.00s)
    --- PASS: TestNoUnreachableLoopFires/for_(a;_b;)_{_for_(a_in_b);_break;_} (0.00s)
    --- PASS: TestNoUnreachableLoopFires/for_(;_;_c)_{_for_(a_in_b);_break;_} (0.00s)
    --- PASS: TestNoUnreachableLoopFires/for_(a;_b;)_{_for_(a_of_b);_break;_} (0.00s)
    --- PASS: TestNoUnreachableLoopFires/for_(a;_b;)_{_for(;;)_if_(foo)_break;_break;_} (0.00s)
    --- PASS: TestNoUnreachableLoopFires/for_(;_;_c)_{_foo();_break;_} (0.00s)
    --- PASS: TestNoUnreachableLoopFires/for_(;_;_c)_{_break;_foo();_} (0.00s)
    --- PASS: TestNoUnreachableLoopFires/for_(;_;_c)_{_throw_err;_} (0.00s)
    --- PASS: TestNoUnreachableLoopFires/function_someFunc()_{_for_(;_;_c)_{_if_(foo)_{_return;_}_throw_err;_}_} (0.00s)
    --- PASS: TestNoUnreachableLoopFires/for_(a;_b;)_{_for_(;_;_c)_if_(foo)_break;_break;_} (0.00s)
    --- PASS: TestNoUnreachableLoopFires/function_someFunc()_{_for_(;_;_c)_{_return;_}_} (0.00s)
    --- PASS: TestNoUnreachableLoopFires/for_(a;_b;)_{_for_(a;_b;_c);_break;_} (0.00s)
    --- PASS: TestNoUnreachableLoopFires/for_(a;_b;)_{_for_(;_b;);_break;_} (0.00s)
    --- PASS: TestNoUnreachableLoopFires/for_(a;_b;)_{_do_;_while_(a)_break;_} (0.00s)
    --- PASS: TestNoUnreachableLoopFires/for_(;_;_c)_{_break;_} (0.00s)
    --- PASS: TestNoUnreachableLoopFires/for_(a;_b;)_{_while_(a);_break;_} (0.00s)
    --- PASS: TestNoUnreachableLoopFires/for_(;_;_c)_break; (0.00s)
    --- PASS: TestNoUnreachableLoopFires/function_someFunc()_{_for_(;_;_c)_return;_} (0.00s)
    --- PASS: TestNoUnreachableLoopFires/for_(a;_b;)_{_break;_continue;_} (0.00s)
    --- PASS: TestNoUnreachableLoopFires/for_(a;_b;)_{_(()_=>_a)();_break;_} (0.00s)
    --- PASS: TestNoUnreachableLoopFires/for_(a;_b;)_{_()_=>_a;_break;_} (0.00s)
    --- PASS: TestNoUnreachableLoopFires/function_someFunc()_{_for_(a;_b;)_{_try_{_return_bar();_}_catch_(e)_{_break;_}_}_} (0.00s)
    --- PASS: TestNoUnreachableLoopFires/function_someFunc()_{_for_(a;_b;)_{_switch_(foo)_{_case_1:_something();_default:_return;_}_}_} (0.00s)
    --- PASS: TestNoUnreachableLoopFires/for_(a;_b;)_{_switch_(foo)_{_default:_throw_err;_}_} (0.00s)
    --- PASS: TestNoUnreachableLoopFires/function_someFunc()_{_for_(a;_b;)_{_if_(foo)_{_return;_}_throw_err;_}_} (0.00s)
    --- PASS: TestNoUnreachableLoopFires/for_(;_;_c)_throw_err; (0.00s)
    --- PASS: TestNoUnreachableLoopFires/function_someFunc()_{_for_(a;_b;)_{_switch_(foo)_{_case_1:_throw_err;_default:_return;_}_}_} (0.00s)
    --- PASS: TestNoUnreachableLoopFires/for_(a;_b;)_{_break;_foo();_} (0.00s)
    --- PASS: TestNoUnreachableLoopFires/for_(a;_b;)_{_foo();_break;_} (0.00s)
    --- PASS: TestNoUnreachableLoopFires/for_(a;_b;)_{_throw_err;_} (0.00s)
    --- PASS: TestNoUnreachableLoopFires/for_(a;_b;)_throw_err; (0.00s)
    --- PASS: TestNoUnreachableLoopFires/function_someFunc()_{_for_(a;_b;)_return;_} (0.00s)
    --- PASS: TestNoUnreachableLoopFires/function_someFunc()_{_for_(a;_b;)_{_if_(foo)_{_return;_}_else_{_break;_}_bar();_}_} (0.00s)
    --- PASS: TestNoUnreachableLoopFires/for_(a;_b;)_break; (0.00s)
    --- PASS: TestNoUnreachableLoopFires/for_(a_=_0;_;_c++)_{_for_(var_i_=_0;_;_i<_10)_{_foo();_}_} (0.00s)
    --- PASS: TestNoUnreachableLoopFires/for_(a_=_0;_;_c++)_for_(;;); (0.00s)
    --- PASS: TestNoUnreachableLoopFires/for_(a_=_0;_;_c++)_while_(true); (0.00s)
    --- PASS: TestNoUnreachableLoopFires/function_someFunc()_{_for_(a;_b;)_if_(foo)_break;_else_return;_} (0.00s)
    --- PASS: TestNoUnreachableLoopFires/function_someFunc()_{_for_(a;_b;)_{_return;_}_} (0.00s)
    --- PASS: TestNoUnreachableLoopFires/for_(a_=_0;_b_<_foo;_)_while_(true); (0.00s)
    --- PASS: TestNoUnreachableLoopFires/for_(a_=_0;_b_<_foo;_)_for_(;;); (0.00s)
    --- PASS: TestNoUnreachableLoopFires/for_(a_=_0;_b_<_foo;_)_{_for_(var_i_=_0;_;_i<_10)_{_foo();_}_} (0.00s)
    --- PASS: TestNoUnreachableLoopFires/for_(a_=_0;_b_<_foo;_)_{_for_(a_of_b);_break;_} (0.00s)
    --- PASS: TestNoUnreachableLoopFires/for_(a_=_0;_b_<_foo;_)_{_for_(a_in_b);_break;_} (0.00s)
    --- PASS: TestNoUnreachableLoopFires/for_(a_=_0;_b_<_foo;_)_{_for(;;)_if_(foo)_break;_break;_} (0.00s)
    --- PASS: TestNoUnreachableLoopFires/for_(a_=_0;_b_<_foo;_)_{_do_;_while_(a)_break;_} (0.00s)
    --- PASS: TestNoUnreachableLoopFires/for_(a_=_0;_b_<_foo;_)_{_for_(;_b;);_break;_} (0.00s)
    --- PASS: TestNoUnreachableLoopFires/for_(a;_b;)_{_break;_} (0.00s)
    --- PASS: TestNoUnreachableLoopFires/for_(a_=_0;_b_<_foo;_)_{_for_(;_;_c)_if_(foo)_break;_break;_} (0.00s)
    --- PASS: TestNoUnreachableLoopFires/for_(a_=_0;_b_<_foo;_)_{_while_(a);_break;_} (0.00s)
    --- PASS: TestNoUnreachableLoopFires/for_(a_=_0;_b_<_foo;_)_{_(()_=>_a)();_break;_} (0.00s)
    --- PASS: TestNoUnreachableLoopFires/for_(a_=_0;_b_<_foo;_)_{_()_=>_a;_break;_} (0.00s)
    --- PASS: TestNoUnreachableLoopFires/function_someFunc()_{_for_(;_b_<_foo;_c++)_return;_} (0.00s)
    --- PASS: TestNoUnreachableLoopFires/function_someFunc()_{_for_(a_=_0;_b_<_foo;_)_{_try_{_return_bar();_}_catch_(e)_{_break;_}_}_} (0.00s)
    --- PASS: TestNoUnreachableLoopFires/for_(a_=_0;_b_<_foo;_)_{_for_(a;_b;_c);_break;_} (0.00s)
    --- PASS: TestNoUnreachableLoopFires/for_(a_=_0;_;_c++)_{_for_(a_of_b);_break;_} (0.00s)
    --- PASS: TestNoUnreachableLoopFires/for_(a_=_0;_;_c++)_{_for_(a_in_b);_break;_} (0.00s)
    --- PASS: TestNoUnreachableLoopFires/for_(a_=_0;_;_c++)_{_for(;;)_if_(foo)_break;_break;_} (0.00s)
    --- PASS: TestNoUnreachableLoopFires/for_(a_=_0;_;_c++)_{_for_(;_b;);_break;_} (0.00s)
    --- PASS: TestNoUnreachableLoopFires/for_(a_=_0;_;_c++)_{_for_(;_;_c)_if_(foo)_break;_break;_} (0.00s)
    --- PASS: TestNoUnreachableLoopFires/for_(a_=_0;_;_c++)_{_for_(a;_b;_c);_break;_} (0.00s)
    --- PASS: TestNoUnreachableLoopFires/for_(a_=_0;_;_c++)_{_do_;_while_(a)_break;_} (0.00s)
    --- PASS: TestNoUnreachableLoopFires/for_(a_=_0;_;_c++)_{_while_(a);_break;_} (0.00s)
    --- PASS: TestNoUnreachableLoopFires/for_(a_=_0;_;_c++)_{_(()_=>_a)();_break;_} (0.00s)
    --- PASS: TestNoUnreachableLoopFires/for_(a_=_0;_;_c++)_{_break;_continue;_} (0.00s)
    --- PASS: TestNoUnreachableLoopFires/for_(a_=_0;_;_c++)_{_()_=>_a;_break;_} (0.00s)
    --- PASS: TestNoUnreachableLoopFires/for_(a_=_0;_;_c++)_{_switch_(foo)_{_default:_throw_err;_}_} (0.00s)
    --- PASS: TestNoUnreachableLoopFires/function_someFunc()_{_for_(a_=_0;_;_c++)_{_switch_(foo)_{_case_1:_something();_default:_return;_}_}_} (0.00s)
    --- PASS: TestNoUnreachableLoopFires/function_someFunc()_{_for_(a_=_0;_;_c++)_{_if_(foo)_{_return;_}_throw_err;_}_} (0.00s)
    --- PASS: TestNoUnreachableLoopFires/function_someFunc()_{_for_(a_=_0;_;_c++)_{_try_{_return_bar();_}_catch_(e)_{_break;_}_}_} (0.00s)
    --- PASS: TestNoUnreachableLoopFires/function_someFunc()_{_for_(a_=_0;_;_c++)_{_if_(foo)_{_return;_}_else_{_break;_}_bar();_}_} (0.00s)
    --- PASS: TestNoUnreachableLoopFires/for_(a_=_0;_;_c++)_{_break;_foo();_} (0.00s)
    --- PASS: TestNoUnreachableLoopFires/function_someFunc()_{_for_(a_=_0;_;_c++)_if_(foo)_break;_else_return;_} (0.00s)
    --- PASS: TestNoUnreachableLoopFires/for_(a_=_0;_;_c++)_{_throw_err;_} (0.00s)
    --- PASS: TestNoUnreachableLoopFires/for_(a_=_0;_;_c++)_throw_err; (0.00s)
    --- PASS: TestNoUnreachableLoopFires/function_someFunc()_{_for_(a_=_0;_;_c++)_{_switch_(foo)_{_case_1:_throw_err;_default:_return;_}_}_} (0.00s)
    --- PASS: TestNoUnreachableLoopFires/for_(a_=_0;_;_c++)_{_foo();_break;_} (0.00s)
    --- PASS: TestNoUnreachableLoopFires/function_someFunc()_{_for_(a_=_0;_;_c++)_{_return;_}_} (0.00s)
    --- PASS: TestNoUnreachableLoopFires/function_someFunc()_{_for_(a_=_0;_;_c++)_return;_} (0.00s)
    --- PASS: TestNoUnreachableLoopFires/for_(a_=_0;_;_c++)_{_break;_} (0.00s)
    --- PASS: TestNoUnreachableLoopFires/for_(a_=_0;_;_c++)_break; (0.00s)
    --- PASS: TestNoUnreachableLoopFires/for_(a;_;_c)_while_(true); (0.00s)
    --- PASS: TestNoUnreachableLoopFires/for_(a;_;_c)_{_for_(var_i_=_0;_;_i<_10)_{_foo();_}_} (0.00s)
    --- PASS: TestNoUnreachableLoopFires/for_(a;_;_c)_{_for_(a_of_b);_break;_} (0.00s)
    --- PASS: TestNoUnreachableLoopFires/for_(a;_;_c)_for_(;;); (0.00s)
    --- PASS: TestNoUnreachableLoopFires/for_(a;_;_c)_{_for_(a_in_b);_break;_} (0.00s)
    --- PASS: TestNoUnreachableLoopFires/for_(a;_;_c)_{_for(;;)_if_(foo)_break;_break;_} (0.00s)
    --- PASS: TestNoUnreachableLoopFires/for_(a;_;_c)_{_for_(a;_b;_c);_break;_} (0.00s)
    --- PASS: TestNoUnreachableLoopFires/for_(a;_;_c)_{_do_;_while_(a)_break;_} (0.00s)
    --- PASS: TestNoUnreachableLoopFires/for_(a;_;_c)_{_while_(a);_break;_} (0.00s)
    --- PASS: TestNoUnreachableLoopFires/for_(a;_;_c)_{_for_(;_b;);_break;_} (0.00s)
    --- PASS: TestNoUnreachableLoopFires/for_(a;_;_c)_{_(()_=>_a)();_break;_} (0.00s)
    --- PASS: TestNoUnreachableLoopFires/for_(a;_;_c)_{_()_=>_a;_break;_} (0.00s)
    --- PASS: TestNoUnreachableLoopFires/for_(a;_;_c)_{_break;_continue;_} (0.00s)
    --- PASS: TestNoUnreachableLoopFires/for_(a;_;_c)_{_for_(;_;_c)_if_(foo)_break;_break;_} (0.00s)
    --- PASS: TestNoUnreachableLoopFires/function_someFunc()_{_for_(a;_;_c)_{_try_{_return_bar();_}_catch_(e)_{_break;_}_}_} (0.00s)
    --- PASS: TestNoUnreachableLoopFires/for_(a;_;_c)_{_switch_(foo)_{_default:_throw_err;_}_} (0.00s)
    --- PASS: TestNoUnreachableLoopFires/function_someFunc()_{_for_(a;_;_c)_{_switch_(foo)_{_case_1:_throw_err;_default:_return;_}_}_} (0.00s)
    --- PASS: TestNoUnreachableLoopFires/function_someFunc()_{_for_(a;_;_c)_{_if_(foo)_{_return;_}_throw_err;_}_} (0.00s)
    --- PASS: TestNoUnreachableLoopFires/function_someFunc()_{_for_(a;_;_c)_{_switch_(foo)_{_case_1:_something();_default:_return;_}_}_} (0.00s)
    --- PASS: TestNoUnreachableLoopFires/for_(a;_;_c)_{_break;_foo();_} (0.00s)
    --- PASS: TestNoUnreachableLoopFires/function_someFunc()_{_for_(a;_;_c)_if_(foo)_break;_else_return;_} (0.00s)
    --- PASS: TestNoUnreachableLoopFires/function_someFunc()_{_for_(a;_;_c)_{_if_(foo)_{_return;_}_else_{_break;_}_bar();_}_} (0.00s)
    --- PASS: TestNoUnreachableLoopFires/for_(a;_;_c)_{_foo();_break;_} (0.00s)
    --- PASS: TestNoUnreachableLoopFires/for_(a;_;_c)_{_throw_err;_} (0.00s)
    --- PASS: TestNoUnreachableLoopFires/for_(a;_;_c)_throw_err; (0.00s)
    --- PASS: TestNoUnreachableLoopFires/function_someFunc()_{_for_(a;_;_c)_{_return;_}_} (0.00s)
    --- PASS: TestNoUnreachableLoopFires/function_someFunc()_{_for_(a;_;_c)_return;_} (0.00s)
    --- PASS: TestNoUnreachableLoopFires/for_(a;_;_c)_{_break;_} (0.00s)
    --- PASS: TestNoUnreachableLoopFires/for_(a;_;_c)_break; (0.00s)
    --- PASS: TestNoUnreachableLoopFires/for_(;_b_<_foo;_c++)_while_(true); (0.00s)
    --- PASS: TestNoUnreachableLoopFires/for_(;_b_<_foo;_c++)_{_for_(var_i_=_0;_;_i<_10)_{_foo();_}_} (0.00s)
    --- PASS: TestNoUnreachableLoopFires/for_(;_b_<_foo;_c++)_{_for_(a_of_b);_break;_} (0.00s)
    --- PASS: TestNoUnreachableLoopFires/for_(;_b_<_foo;_c++)_for_(;;); (0.00s)
    --- PASS: TestNoUnreachableLoopFires/for_(;_b_<_foo;_c++)_{_for_(a_in_b);_break;_} (0.00s)
    --- PASS: TestNoUnreachableLoopFires/for_(;_b_<_foo;_c++)_{_for(;;)_if_(foo)_break;_break;_} (0.00s)
    --- PASS: TestNoUnreachableLoopFires/for_(;_b_<_foo;_c++)_{_for_(;_;_c)_if_(foo)_break;_break;_} (0.00s)
    --- PASS: TestNoUnreachableLoopFires/for_(;_b_<_foo;_c++)_{_for_(;_b;);_break;_} (0.00s)
    --- PASS: TestNoUnreachableLoopFires/for_(;_b_<_foo;_c++)_{_for_(a;_b;_c);_break;_} (0.00s)
    --- PASS: TestNoUnreachableLoopFires/for_(;_b_<_foo;_c++)_{_do_;_while_(a)_break;_} (0.00s)
    --- PASS: TestNoUnreachableLoopFires/for_(;_b_<_foo;_c++)_{_(()_=>_a)();_break;_} (0.00s)
    --- PASS: TestNoUnreachableLoopFires/for_(;_b_<_foo;_c++)_{_break;_continue;_} (0.00s)
    --- PASS: TestNoUnreachableLoopFires/for_(;_b_<_foo;_c++)_{_while_(a);_break;_} (0.00s)
    --- PASS: TestNoUnreachableLoopFires/for_(;_b_<_foo;_c++)_{_()_=>_a;_break;_} (0.00s)
    --- PASS: TestNoUnreachableLoopFires/for_(;_b_<_foo;_c++)_{_switch_(foo)_{_default:_throw_err;_}_} (0.00s)
    --- PASS: TestNoUnreachableLoopFires/function_someFunc()_{_for_(;_b_<_foo;_c++)_{_try_{_return_bar();_}_catch_(e)_{_break;_}_}_} (0.00s)
    --- PASS: TestNoUnreachableLoopFires/function_someFunc()_{_for_(;_b_<_foo;_c++)_{_if_(foo)_{_return;_}_throw_err;_}_} (0.00s)
    --- PASS: TestNoUnreachableLoopFires/function_someFunc()_{_for_(;_b_<_foo;_c++)_{_switch_(foo)_{_case_1:_something();_default:_return;_}_}_} (0.00s)
    --- PASS: TestNoUnreachableLoopFires/function_someFunc()_{_for_(;_b_<_foo;_c++)_{_if_(foo)_{_return;_}_else_{_break;_}_bar();_}_} (0.00s)
    --- PASS: TestNoUnreachableLoopFires/function_someFunc()_{_for_(;_b_<_foo;_c++)_if_(foo)_break;_else_return;_} (0.00s)
    --- PASS: TestNoUnreachableLoopFires/for_(;_b_<_foo;_c++)_{_break;_foo();_} (0.00s)
    --- PASS: TestNoUnreachableLoopFires/function_someFunc()_{_for_(;_b_<_foo;_c++)_{_switch_(foo)_{_case_1:_throw_err;_default:_return;_}_}_} (0.00s)
    --- PASS: TestNoUnreachableLoopFires/function_someFunc()_{_for_(;_b_<_foo;_c++)_{_return;_}_} (0.00s)
    --- PASS: TestNoUnreachableLoopFires/do_{_while_(a);_break;_}_while_(a) (0.00s)
    --- PASS: TestNoUnreachableLoopFires/for_(;_b_<_foo;_c++)_{_throw_err;_} (0.00s)
    --- PASS: TestNoUnreachableLoopFires/for_(;_b_<_foo;_c++)_{_foo();_break;_} (0.00s)
    --- PASS: TestNoUnreachableLoopFires/for_(;_b_<_foo;_c++)_throw_err; (0.00s)
=== CONT  TestNoUnreachableLoopStaysSilent/function_someFunc()_{_for_(;_b_<_foo;_)_{_switch_(foo)_{_case_1:_break;_default:_return;_}_}_}
=== CONT  TestNoUnreachableLoopStaysSilent/function_someFunc()_{_for_(;_;_c)_{_switch_(foo)_{_case_1:_break;_default:_return;_}_}_}
=== CONT  TestNoUnreachableLoopStaysSilent/function_someFunc()_{_for_(;_;_c++)_{_switch_(foo)_{_case_1:_break;_default:_return;_}_}_}
=== CONT  TestNoUnreachableLoopStaysSilent/function_someFunc()_{_for_(;_;_c)_{_switch_(foo)_{_case_1:_return;_}_}_}
=== CONT  TestNoUnreachableLoopStaysSilent/function_someFunc()_{_for_(;_;_c)_{_if_(foo)_{_continue;_}_return;_}_}
=== CONT  TestNoUnreachableLoopStaysSilent/for_(;_;_c)_{_if_(foo)_{_bar();_}_else_{_break;_}_}
=== CONT  TestNoUnreachableLoopStaysSilent/function_someFunc()_{_for_(;_b_<_foo;_)_{_switch_(foo)_{_case_1:_return;_}_}_}
=== CONT  TestNoUnreachableLoopStaysSilent/function_someFunc()_{_for_(;_b_<_foo;_)_{_if_(foo)_{_continue;_}_return;_}_}
=== CONT  TestNoUnreachableLoopStaysSilent/for_(;_;_c)_()_=>_a;
=== CONT  TestNoUnreachableLoopStaysSilent/for_(;_;_c++)_{}
=== CONT  TestNoUnreachableLoopStaysSilent/for_(;_;_c++)_;
=== CONT  TestNoUnreachableLoopStaysSilent/for_(;_b_<_foo;_)_{_if_(foo)_{_bar();_}_else_{_break;_}_}
=== CONT  TestNoUnreachableLoopStaysSilent/for_(;_;_c)_for_(a_of_b);
=== CONT  TestNoUnreachableLoopStaysSilent/function_someFunc()_{_for_(;_;_c)_{_try_{_return_bar();_}_catch_(e)_{}_}_}
=== CONT  TestNoUnreachableLoopStaysSilent/for_(;_;_c++)_for_(;_b;);
=== CONT  TestNoUnreachableLoopStaysSilent/function_someFunc()_{_for_(;_b_<_foo;_)_{_if_(foo)_{_return;_}_bar();_}_}
=== CONT  TestNoUnreachableLoopStaysSilent/for_(;_;_c)_for_(a_in_b);
=== CONT  TestNoUnreachableLoopStaysSilent/function_someFunc()_{_for_(;_;_c)_{_switch_(foo)_{_case_1:_continue;_default:_return;_}_throw_err;_}_}
=== CONT  TestNoUnreachableLoopStaysSilent/for_(;_;_c++)_for_(a;_b;_c);
=== CONT  TestNoUnreachableLoopStaysSilent/function_someFunc()_{_for_(;_;_c)_while_(foo)_if_(bar)_return;_}
=== CONT  TestNoUnreachableLoopStaysSilent/for_(;_b_<_foo;_)_{_if_(foo)_break;_}
=== CONT  TestNoUnreachableLoopStaysSilent/for_(;_;_c)_while_(true)_if_(foo)_break;
=== CONT  TestNoUnreachableLoopStaysSilent/for_(;_;_c)_(()_=>_a)();
=== CONT  TestNoUnreachableLoopStaysSilent/for_(;_;_c)_{_if_(foo)_break;_}
=== CONT  TestNoUnreachableLoopStaysSilent/for_(;_;_c)_for_(;;)_if_(foo)_break;
=== CONT  TestNoUnreachableLoopStaysSilent/for_(;_;_c)_{_continue;_break;_}
=== CONT  TestNoUnreachableLoopStaysSilent/for_(;_;_c)_{_()_=>_a_}
=== CONT  TestNoUnreachableLoopStaysSilent/for_(;_;_c)_for_(;_;_c)_if_(foo)_break;
=== CONT  TestNoUnreachableLoopStaysSilent/function_someFunc()_{_while_(a_&&_b)_{_switch_(foo)_{_case_1:_return;_}_}_}
=== CONT  TestNoUnreachableLoopStaysSilent/for_(;_;_c++)_do_;_while_(a)
=== CONT  TestNoUnreachableLoopStaysSilent/for_(;_;_c++)_{_bar();_}
=== CONT  TestNoUnreachableLoopStaysSilent/for_(;_;_c)_for_(;_b;);
=== CONT  TestNoUnreachableLoopStaysSilent/for_(;_;_c++)_for_(;_;_c)_if_(foo)_break;
=== CONT  TestNoUnreachableLoopStaysSilent/function_someFunc()_{_while_(a_&&_b)_{_if_(foo)_{_continue;_}_return;_}_}
=== CONT  TestNoUnreachableLoopStaysSilent/for_(;_b_<_foo;_)_()_=>_a;
=== CONT  TestNoUnreachableLoopStaysSilent/for_(;_;_c)_;
=== CONT  TestNoUnreachableLoopStaysSilent/for_(a_=_0;_b_<_foo;_)_for_(a_of_b);
=== CONT  TestNoUnreachableLoopStaysSilent/for_(a_=_0;_b_<_foo;_)_for_(a_in_b);
=== CONT  TestNoUnreachableLoopStaysSilent/function_someFunc()_{_for_(a_=_0;_b_<_foo;_)_while_(foo)_if_(bar)_return;_}
=== CONT  TestNoUnreachableLoopStaysSilent/for_(a_=_0;_b_<_foo;_)_while_(true)_if_(foo)_break;
=== CONT  TestNoUnreachableLoopStaysSilent/for_(a_=_0;_b_<_foo;_)_for_(;;)_if_(foo)_break;
=== CONT  TestNoUnreachableLoopStaysSilent/for_(a_=_0;_b_<_foo;_)_for_(;_;_c)_if_(foo)_break;
=== CONT  TestNoUnreachableLoopStaysSilent/for_(a_=_0;_b_<_foo;_)_for_(;_b;);
=== CONT  TestNoUnreachableLoopStaysSilent/for_(;_;_c)_for_(a;_b;_c);
=== CONT  TestNoUnreachableLoopStaysSilent/function_someFunc()_{_for_(;_;_c)_{_if_(foo)_{_return;_}_bar();_}_}
=== CONT  TestNoUnreachableLoopStaysSilent/for_(a_=_0;_b_<_foo;_)_for_(a;_b;_c);
=== CONT  TestNoUnreachableLoopStaysSilent/for_(a_=_0;_b_<_foo;_)_do_;_while_(a)
=== CONT  TestNoUnreachableLoopStaysSilent/for_(a_=_0;_b_<_foo;_)_while_(a);
=== CONT  TestNoUnreachableLoopStaysSilent/for_(a_=_0;_b_<_foo;_)_{_(()_=>_a)()_}
=== CONT  TestNoUnreachableLoopStaysSilent/while_(a_&&_b)_{_if_(foo)_{_bar();_}_else_{_break;_}_}
=== CONT  TestNoUnreachableLoopStaysSilent/for_(a_=_0;_b_<_foo;_)_continue;
=== CONT  TestNoUnreachableLoopStaysSilent/function_someFunc()_{_while_(a_&&_b)_{_if_(foo)_{_return;_}_bar();_}_}
=== CONT  TestNoUnreachableLoopStaysSilent/for_(a_=_0;_b_<_foo;_)_(()_=>_a)();
=== CONT  TestNoUnreachableLoopStaysSilent/for_(a_=_0;_b_<_foo;_)_{_if_(foo)_break;_}
=== CONT  TestNoUnreachableLoopStaysSilent/while_(a_&&_b)_{_if_(foo)_break;_}
=== CONT  TestNoUnreachableLoopStaysSilent/while_(a_&&_b)_{_continue;_}
=== CONT  TestNoUnreachableLoopStaysSilent/while_(a_&&_b)_do_;_while_(a)
=== CONT  TestNoUnreachableLoopStaysSilent/for_(;_b_<_foo;_)_continue;
=== CONT  TestNoUnreachableLoopStaysSilent/while_(a_&&_b)_continue;
=== CONT  TestNoUnreachableLoopStaysSilent/for_(;_b_<_foo;_)_{_bar();_}
=== CONT  TestNoUnreachableLoopStaysSilent/while_(a_&&_b)_{_bar();_}
=== CONT  TestNoUnreachableLoopStaysSilent/while_(a_&&_b)_{}
=== CONT  TestNoUnreachableLoopStaysSilent/for_(;_b_<_foo;_)_{}
=== CONT  TestNoUnreachableLoopStaysSilent/while_(a_&&_b)_;
=== CONT  TestNoUnreachableLoopStaysSilent/for_(;_b_<_foo;_)_;
=== CONT  TestNoUnreachableLoopStaysSilent/while_(a)_for_(a_of_b);
=== CONT  TestNoUnreachableLoopStaysSilent/for_(a_=_0;_b_<_foo;_)_{_()_=>_a_}
=== CONT  TestNoUnreachableLoopStaysSilent/while_(a)_for_(a_in_b);
=== CONT  TestNoUnreachableLoopStaysSilent/for_(;_b;)_for_(a_of_b);
=== CONT  TestNoUnreachableLoopStaysSilent/function_someFunc()_{_while_(a)_while_(foo)_if_(bar)_return;_}
=== CONT  TestNoUnreachableLoopStaysSilent/while_(a)_while_(true)_if_(foo)_break;
=== CONT  TestNoUnreachableLoopStaysSilent/while_(a)_for_(;_;_c)_if_(foo)_break;
=== CONT  TestNoUnreachableLoopStaysSilent/for_(a_=_0;_b_<_foo;_)_{_bar();_}
=== CONT  TestNoUnreachableLoopStaysSilent/for_(a_=_0;_b_<_foo;_)_{}
=== CONT  TestNoUnreachableLoopStaysSilent/for_(a_=_0;_b_<_foo;_)_;
=== CONT  TestNoUnreachableLoopStaysSilent/for_(a;_b;)_for_(a_of_b);
=== CONT  TestNoUnreachableLoopStaysSilent/for_(a;_b;)_for_(a_in_b);
=== CONT  TestNoUnreachableLoopStaysSilent/function_someFunc()_{_for_(a;_b;)_while_(foo)_if_(bar)_return;_}
=== CONT  TestNoUnreachableLoopStaysSilent/for_(a_=_0;_b_<_foo;_)_()_=>_a;
=== CONT  TestNoUnreachableLoopStaysSilent/for_(a_=_0;_b_<_foo;_)_{_continue;_break;_}
=== CONT  TestNoUnreachableLoopStaysSilent/for_(a;_b;)_while_(true)_if_(foo)_break;
=== CONT  TestNoUnreachableLoopStaysSilent/function_someFunc()_{_for_(a_=_0;_b_<_foo;_)_{_try_{_return_bar();_}_catch_(e)_{}_}_}
=== CONT  TestNoUnreachableLoopStaysSilent/function_someFunc()_{_for_(a_=_0;_b_<_foo;_)_{_switch_(foo)_{_case_1:_continue;_default:_return;_}_throw_err;_}_}
=== CONT  TestNoUnreachableLoopStaysSilent/for_(a;_b;)_for_(;;)_if_(foo)_break;
=== CONT  TestNoUnreachableLoopStaysSilent/for_(a;_b;)_for_(;_;_c)_if_(foo)_break;
=== CONT  TestNoUnreachableLoopStaysSilent/for_(a;_b;)_for_(;_b;);
=== CONT  TestNoUnreachableLoopStaysSilent/function_someFunc()_{_for_(a_=_0;_b_<_foo;_)_{_switch_(foo)_{_case_1:_break;_default:_return;_}_}_}
=== CONT  TestNoUnreachableLoopStaysSilent/function_someFunc()_{_for_(a_=_0;_b_<_foo;_)_{_switch_(foo)_{_case_1:_return;_}_}_}
=== CONT  TestNoUnreachableLoopStaysSilent/for_(a;_b;)_for_(a;_b;_c);
=== CONT  TestNoUnreachableLoopStaysSilent/function_someFunc()_{_for_(a_=_0;_b_<_foo;_)_{_if_(foo)_{_continue;_}_return;_}_}
=== CONT  TestNoUnreachableLoopStaysSilent/for_(a;_b;)_do_;_while_(a)
=== CONT  TestNoUnreachableLoopStaysSilent/for_(a_=_0;_b_<_foo;_)_{_if_(foo)_{_bar();_}_else_{_break;_}_}
=== CONT  TestNoUnreachableLoopStaysSilent/function_someFunc()_{_for_(a_=_0;_b_<_foo;_)_{_if_(foo)_{_return;_}_bar();_}_}
=== CONT  TestNoUnreachableLoopStaysSilent/for_(a;_b;)_{_(()_=>_a)()_}
=== CONT  TestNoUnreachableLoopStaysSilent/for_(a;_b;)_(()_=>_a)();
=== CONT  TestNoUnreachableLoopStaysSilent/for_(a;_b;)_{_()_=>_a_}
=== CONT  TestNoUnreachableLoopStaysSilent/for_(a;_b;)_()_=>_a;
=== CONT  TestNoUnreachableLoopStaysSilent/for_(a_=_0;_;_c++)_for_(a_in_b);
=== CONT  TestNoUnreachableLoopStaysSilent/for_(a;_b;)_{_continue;_break;_}
=== CONT  TestNoUnreachableLoopStaysSilent/function_someFunc()_{_for_(a;_b;)_{_try_{_return_bar();_}_catch_(e)_{}_}_}
=== CONT  TestNoUnreachableLoopStaysSilent/function_someFunc()_{_for_(a_=_0;_;_c++)_while_(foo)_if_(bar)_return;_}
=== CONT  TestNoUnreachableLoopStaysSilent/for_(a;_b;)_while_(a);
=== CONT  TestNoUnreachableLoopStaysSilent/function_someFunc()_{_for_(a;_b;)_{_switch_(foo)_{_case_1:_continue;_default:_return;_}_throw_err;_}_}
=== CONT  TestNoUnreachableLoopStaysSilent/for_(a_=_0;_;_c++)_while_(true)_if_(foo)_break;
=== CONT  TestNoUnreachableLoopStaysSilent/function_someFunc()_{_for_(a;_b;)_{_if_(foo)_{_continue;_}_return;_}_}
=== CONT  TestNoUnreachableLoopStaysSilent/function_someFunc()_{_for_(a;_b;)_{_switch_(foo)_{_case_1:_break;_default:_return;_}_}_}
=== CONT  TestNoUnreachableLoopStaysSilent/for_(a;_b;)_{_if_(foo)_{_bar();_}_else_{_break;_}_}
=== CONT  TestNoUnreachableLoopStaysSilent/function_someFunc()_{_for_(a;_b;)_{_switch_(foo)_{_case_1:_return;_}_}_}
=== CONT  TestNoUnreachableLoopStaysSilent/function_someFunc()_{_for_(a;_b;)_{_if_(foo)_{_return;_}_bar();_}_}
=== CONT  TestNoUnreachableLoopStaysSilent/for_(a_=_0;_;_c++)_for_(;;)_if_(foo)_break;
=== CONT  TestNoUnreachableLoopStaysSilent/for_(;_b;)_for_(a_in_b);
=== CONT  TestNoUnreachableLoopStaysSilent/function_someFunc()_{_for_(;_b;)_while_(foo)_if_(bar)_return;_}
=== CONT  TestNoUnreachableLoopStaysSilent/for_(a;_b;)_{_if_(foo)_break;_}
=== CONT  TestNoUnreachableLoopStaysSilent/for_(;_b;)_for_(;;)_if_(foo)_break;
=== CONT  TestNoUnreachableLoopStaysSilent/for_(;_b;)_while_(true)_if_(foo)_break;
=== CONT  TestNoUnreachableLoopStaysSilent/for_(;_b;)_for_(;_;_c)_if_(foo)_break;
=== CONT  TestNoUnreachableLoopStaysSilent/for_(;_b;)_for_(;_b;);
=== CONT  TestNoUnreachableLoopStaysSilent/for_(;_b;)_for_(a;_b;_c);
=== CONT  TestNoUnreachableLoopStaysSilent/for_(;_b;)_do_;_while_(a)
=== CONT  TestNoUnreachableLoopStaysSilent/for_(a_=_0;_;_c++)_;
=== CONT  TestNoUnreachableLoopStaysSilent/for_(a;_b;)_{_continue;_}
=== CONT  TestNoUnreachableLoopStaysSilent/while_(a)_for_(;_b;);
=== CONT  TestNoUnreachableLoopStaysSilent/for_(a;_b;)_continue;
=== CONT  TestNoUnreachableLoopStaysSilent/while_(a)_for_(a;_b;_c);
=== CONT  TestNoUnreachableLoopStaysSilent/for_(a;_;_c)_for_(a_of_b);
=== CONT  TestNoUnreachableLoopStaysSilent/for_(a;_b;)_{_bar();_}
=== CONT  TestNoUnreachableLoopStaysSilent/while_(a)_do_;_while_(a)
=== CONT  TestNoUnreachableLoopStaysSilent/for_(a;_;_c)_for_(a_in_b);
=== CONT  TestNoUnreachableLoopStaysSilent/function_someFunc()_{_for_(var_i_=_0;_i_<_a.length;_i++)_{_try_{_return_bar();_}_catch_(e)_{}_}_}
=== CONT  TestNoUnreachableLoopStaysSilent/for_(a_=_0;_;_c++)_for_(;_;_c)_if_(foo)_break;
=== CONT  TestNoUnreachableLoopStaysSilent/while_(a)_while_(a);
=== CONT  TestNoUnreachableLoopStaysSilent/for_(a;_b;)_;
=== CONT  TestNoUnreachableLoopStaysSilent/for_(a;_;_c)_while_(true)_if_(foo)_break;
=== CONT  TestNoUnreachableLoopStaysSilent/for_(a_=_0;_;_c++)_for_(;_b;);
=== CONT  TestNoUnreachableLoopStaysSilent/while_(a)_{_(()_=>_a)()_}
=== CONT  TestNoUnreachableLoopStaysSilent/for_(a;_;_c)_{_if_(foo)_{_bar();_}_else_{_break;_}_}
=== CONT  TestNoUnreachableLoopStaysSilent/while_(a)_(()_=>_a)();
=== CONT  TestNoUnreachableLoopStaysSilent/for_(a_=_0;_;_c++)_for_(a;_b;_c);
=== CONT  TestNoUnreachableLoopStaysSilent/function_someFunc()_{_for_(a;_;_c)_while_(foo)_if_(bar)_return;_}
=== CONT  TestNoUnreachableLoopStaysSilent/while_(a)_{_()_=>_a_}
=== CONT  TestNoUnreachableLoopStaysSilent/for_(a_=_0;_;_c++)_for_(a_of_b);
=== CONT  TestNoUnreachableLoopStaysSilent/function_someFunc()_{_for_(a;_;_c)_{_if_(foo)_{_return;_}_bar();_}_}
=== CONT  TestNoUnreachableLoopStaysSilent/for_(a_=_0;_;_c++)_do_;_while_(a)
=== CONT  TestNoUnreachableLoopStaysSilent/for_(a_=_0;_;_c++)_while_(a);
=== CONT  TestNoUnreachableLoopStaysSilent/for_(a_=_0;_;_c++)_{_(()_=>_a)()_}
=== CONT  TestNoUnreachableLoopStaysSilent/for_(a_=_0;_;_c++)_{_()_=>_a_}
=== CONT  TestNoUnreachableLoopStaysSilent/for_(a_=_0;_;_c++)_(()_=>_a)();
=== CONT  TestNoUnreachableLoopStaysSilent/for_(a;_;_c)_{_if_(foo)_break;_}
=== CONT  TestNoUnreachableLoopStaysSilent/for_(a;_;_c)_{_continue;_}
=== CONT  TestNoUnreachableLoopStaysSilent/while_(a)_()_=>_a;
=== CONT  TestNoUnreachableLoopStaysSilent/for_(a;_;_c)_continue;
=== CONT  TestNoUnreachableLoopStaysSilent/while_(a)_{_continue;_break;_}
=== CONT  TestNoUnreachableLoopStaysSilent/for_(a;_;_c)_{_bar();_}
=== CONT  TestNoUnreachableLoopStaysSilent/for_(a_=_0;_;_c++)_()_=>_a;
=== CONT  TestNoUnreachableLoopStaysSilent/function_someFunc()_{_while_(a)_{_try_{_return_bar();_}_catch_(e)_{}_}_}
=== CONT  TestNoUnreachableLoopStaysSilent/for_(a;_;_c)_{}
=== CONT  TestNoUnreachableLoopStaysSilent/function_someFunc()_{_while_(a)_{_switch_(foo)_{_case_1:_continue;_default:_return;_}_throw_err;_}_}
=== CONT  TestNoUnreachableLoopStaysSilent/for_(a_=_0;_;_c++)_{_continue;_break;_}
=== CONT  TestNoUnreachableLoopStaysSilent/function_someFunc()_{_while_(a)_{_switch_(foo)_{_case_1:_break;_default:_return;_}_}_}
=== CONT  TestNoUnreachableLoopStaysSilent/function_someFunc()_{_while_(a)_{_switch_(foo)_{_case_1:_return;_}_}_}
=== CONT  TestNoUnreachableLoopStaysSilent/function_someFunc()_{_while_(a)_{_if_(foo)_{_continue;_}_return;_}_}
=== CONT  TestNoUnreachableLoopStaysSilent/while_(a)_{_if_(foo)_{_bar();_}_else_{_break;_}_}
=== CONT  TestNoUnreachableLoopStaysSilent/function_someFunc()_{_while_(a)_{_if_(foo)_{_return;_}_bar();_}_}
=== CONT  TestNoUnreachableLoopStaysSilent/while_(a)_{_if_(foo)_break;_}
=== CONT  TestNoUnreachableLoopStaysSilent/while_(a)_{_continue;_}
=== CONT  TestNoUnreachableLoopStaysSilent/for_(a;_;_c)_for_(;;)_if_(foo)_break;
=== CONT  TestNoUnreachableLoopStaysSilent/while_(a)_continue;
=== CONT  TestNoUnreachableLoopStaysSilent/for_(a;_;_c)_for_(;_;_c)_if_(foo)_break;
=== CONT  TestNoUnreachableLoopStaysSilent/function_someFunc()_{_for_(a_=_0;_;_c++)_{_try_{_return_bar();_}_catch_(e)_{}_}_}
=== CONT  TestNoUnreachableLoopStaysSilent/for_(a;_;_c)_for_(;_b;);
=== CONT  TestNoUnreachableLoopStaysSilent/for_(a;_;_c)_for_(a;_b;_c);
=== CONT  TestNoUnreachableLoopStaysSilent/function_someFunc()_{_for_(a_=_0;_;_c++)_{_switch_(foo)_{_case_1:_continue;_default:_return;_}_throw_err;_}_}
=== CONT  TestNoUnreachableLoopStaysSilent/function_someFunc()_{_for_(a_=_0;_;_c++)_{_switch_(foo)_{_case_1:_break;_default:_return;_}_}_}
=== CONT  TestNoUnreachableLoopStaysSilent/for_(a;_;_c)_do_;_while_(a)
=== CONT  TestNoUnreachableLoopStaysSilent/while_(a)_{_bar();_}
=== CONT  TestNoUnreachableLoopStaysSilent/for_(a;_;_c)_while_(a);
=== CONT  TestNoUnreachableLoopStaysSilent/for_(;_b_<_foo;_c++)_while_(a);
=== CONT  TestNoUnreachableLoopStaysSilent/for_(a;_;_c)_{_(()_=>_a)()_}
=== CONT  TestNoUnreachableLoopStaysSilent/for_(a;_;_c)_;
=== CONT  TestNoUnreachableLoopStaysSilent/function_someFunc()_{_for_(a_=_0;_;_c++)_{_switch_(foo)_{_case_1:_return;_}_}_}
=== CONT  TestNoUnreachableLoopStaysSilent/while_(a)_{}
=== CONT  TestNoUnreachableLoopStaysSilent/for_(a;_;_c)_(()_=>_a)();
=== CONT  TestNoUnreachableLoopStaysSilent/for_(;_b_<_foo;_c++)_for_(a_of_b);
=== CONT  TestNoUnreachableLoopStaysSilent/for_(;_b_<_foo;_c++)_for_(a_in_b);
=== CONT  TestNoUnreachableLoopStaysSilent/for_(a;_;_c)_{_()_=>_a_}
=== CONT  TestNoUnreachableLoopStaysSilent/function_someFunc()_{_for_(;_b_<_foo;_c++)_while_(foo)_if_(bar)_return;_}
=== CONT  TestNoUnreachableLoopStaysSilent/for_(a;_;_c)_()_=>_a;
=== CONT  TestNoUnreachableLoopStaysSilent/for_(;_b_<_foo;_c++)_{_(()_=>_a)()_}
=== CONT  TestNoUnreachableLoopStaysSilent/for_(a;_;_c)_{_continue;_break;_}
=== CONT  TestNoUnreachableLoopStaysSilent/for_(;_b_<_foo;_c++)_while_(true)_if_(foo)_break;
=== CONT  TestNoUnreachableLoopStaysSilent/for_(;_b_<_foo;_c++)_for_(;;)_if_(foo)_break;
=== CONT  TestNoUnreachableLoopStaysSilent/for_(;_b_<_foo;_c++)_(()_=>_a)();
=== CONT  TestNoUnreachableLoopStaysSilent/for_(;_b_<_foo;_c++)_for_(;_;_c)_if_(foo)_break;
=== CONT  TestNoUnreachableLoopStaysSilent/for_(;_b_<_foo;_c++)_for_(;_b;);
=== CONT  TestNoUnreachableLoopStaysSilent/for_(;_b_<_foo;_c++)_for_(a;_b;_c);
=== CONT  TestNoUnreachableLoopStaysSilent/for_(;_b_<_foo;_c++)_do_;_while_(a)
=== CONT  TestNoUnreachableLoopStaysSilent/function_someFunc()_{_for_(a;_;_c)_{_try_{_return_bar();_}_catch_(e)_{}_}_}
=== CONT  TestNoUnreachableLoopStaysSilent/for_(;_b_<_foo;_c++)_continue;
=== CONT  TestNoUnreachableLoopStaysSilent/for_(;_b_<_foo;_c++)_{_continue;_}
=== CONT  TestNoUnreachableLoopStaysSilent/for_(;_b_<_foo;_c++)_{_bar();_}
=== CONT  TestNoUnreachableLoopStaysSilent/for_(;_b_<_foo;_c++)_{}
=== CONT  TestNoUnreachableLoopStaysSilent/for_(;_b_<_foo;_c++)_;
=== CONT  TestNoUnreachableLoopStaysSilent/for_(;_b;_c)_for_(a_of_b);
=== CONT  TestNoUnreachableLoopStaysSilent/for_(;_b;_c)_for_(a_in_b);
=== CONT  TestNoUnreachableLoopStaysSilent/function_someFunc()_{_for_(;_b;_c)_while_(foo)_if_(bar)_return;_}
=== CONT  TestNoUnreachableLoopStaysSilent/for_(;_b_<_foo;_c++)_{_()_=>_a_}
=== CONT  TestNoUnreachableLoopStaysSilent/for_(;_b;_c)_while_(true)_if_(foo)_break;
=== CONT  TestNoUnreachableLoopStaysSilent/function_someFunc()_{_for_(a;_;_c)_{_switch_(foo)_{_case_1:_continue;_default:_return;_}_throw_err;_}_}
=== CONT  TestNoUnreachableLoopStaysSilent/function_someFunc()_{_for_(a;_;_c)_{_switch_(foo)_{_case_1:_break;_default:_return;_}_}_}
=== CONT  TestNoUnreachableLoopStaysSilent/function_someFunc()_{_for_(a;_;_c)_{_switch_(foo)_{_case_1:_return;_}_}_}
=== CONT  TestNoUnreachableLoopStaysSilent/for_(;_b;_c)_for_(;_;_c)_if_(foo)_break;
=== CONT  TestNoUnreachableLoopStaysSilent/function_someFunc()_{_for_(a;_;_c)_{_if_(foo)_{_continue;_}_return;_}_}
=== CONT  TestNoUnreachableLoopStaysSilent/for_(;_b;_c)_for_(;_b;);
=== CONT  TestNoUnreachableLoopStaysSilent/for_(;_b;_c)_{_continue;_break;_}
=== CONT  TestNoUnreachableLoopStaysSilent/function_someFunc()_{_for_(;_b;_c)_{_try_{_return_bar();_}_catch_(e)_{}_}_}
=== CONT  TestNoUnreachableLoopStaysSilent/function_someFunc()_{_for_(a_=_0;_;_c++)_{_if_(foo)_{_continue;_}_return;_}_}
=== CONT  TestNoUnreachableLoopStaysSilent/function_someFunc()_{_for_(;_b;_c)_{_switch_(foo)_{_case_1:_continue;_default:_return;_}_throw_err;_}_}
=== CONT  TestNoUnreachableLoopStaysSilent/for_(a_=_0;_;_c++)_{_if_(foo)_{_bar();_}_else_{_break;_}_}
=== CONT  TestNoUnreachableLoopStaysSilent/function_someFunc()_{_for_(;_b;_c)_{_switch_(foo)_{_case_1:_break;_default:_return;_}_}_}
=== CONT  TestNoUnreachableLoopStaysSilent/for_(;_b;_c)_for_(a;_b;_c);
=== CONT  TestNoUnreachableLoopStaysSilent/for_(;_b;_c)_do_;_while_(a)
=== CONT  TestNoUnreachableLoopStaysSilent/function_someFunc()_{_for_(a_=_0;_;_c++)_{_if_(foo)_{_return;_}_bar();_}_}
=== CONT  TestNoUnreachableLoopStaysSilent/function_someFunc()_{_for_(;_b;_c)_{_switch_(foo)_{_case_1:_return;_}_}_}
=== CONT  TestNoUnreachableLoopStaysSilent/for_(a_=_0;_;_c++)_{_if_(foo)_break;_}
=== CONT  TestNoUnreachableLoopStaysSilent/function_someFunc()_{_for_(;_b;_c)_{_if_(foo)_{_continue;_}_return;_}_}
=== CONT  TestNoUnreachableLoopStaysSilent/for_(a_=_0;_;_c++)_{_continue;_}
=== CONT  TestNoUnreachableLoopStaysSilent/for_(;_b;_c)_{_if_(foo)_{_bar();_}_else_{_break;_}_}
=== CONT  TestNoUnreachableLoopStaysSilent/for_(;_b;_c)_while_(a);
=== CONT  TestNoUnreachableLoopStaysSilent/function_someFunc()_{_for_(;_b;_c)_{_if_(foo)_{_return;_}_bar();_}_}
=== CONT  TestNoUnreachableLoopStaysSilent/for_(;_b;_c)_{_(()_=>_a)()_}
=== CONT  TestNoUnreachableLoopStaysSilent/for_(;_b;_c)_for_(;;)_if_(foo)_break;
=== CONT  TestNoUnreachableLoopStaysSilent/for_(a_=_0;_;_c++)_continue;
=== CONT  TestNoUnreachableLoopStaysSilent/for_(;_b;_c)_{_continue;_}
=== CONT  TestNoUnreachableLoopStaysSilent/for_(a_=_0;_;_c++)_{_bar();_}
=== CONT  TestNoUnreachableLoopStaysSilent/for_(;_b;_c)_{_if_(foo)_break;_}
=== CONT  TestNoUnreachableLoopStaysSilent/for_(;_b;_c)_continue;
=== CONT  TestNoUnreachableLoopStaysSilent/for_(a_=_0;_;_c++)_{}
=== CONT  TestNoUnreachableLoopStaysSilent/for_(;_b;_c)_(()_=>_a)();
=== CONT  TestNoUnreachableLoopStaysSilent/for_(;_b;_c)_{_bar();_}
=== CONT  TestNoUnreachableLoopStaysSilent/for_(;_b;_c)_{}
=== CONT  TestNoUnreachableLoopStaysSilent/for_(;_b;_c)_{_()_=>_a_}
=== CONT  TestNoUnreachableLoopStaysSilent/function_someFunc()_{_for_(var_i_=_0;_i_<_a.length;_i++)_while_(foo)_if_(bar)_return;_}
=== CONT  TestNoUnreachableLoopStaysSilent/for_(;_b;_c)_()_=>_a;
=== CONT  TestNoUnreachableLoopStaysSilent/for_(var_i_=_0;_i_<_a.length;_i++)_while_(true)_if_(foo)_break;
=== CONT  TestNoUnreachableLoopStaysSilent/for_(;_b;_c)_;
=== CONT  TestNoUnreachableLoopStaysSilent/for_(var_i_=_0;_i_<_a.length;_i++)_for_(;_;_c)_if_(foo)_break;
=== CONT  TestNoUnreachableLoopStaysSilent/for_(var_i_=_0;_i_<_a.length;_i++)_for_(;;)_if_(foo)_break;
=== CONT  TestNoUnreachableLoopStaysSilent/for_(var_i_=_0;_i_<_a.length;_i++)_for_(a_of_b);
=== CONT  TestNoUnreachableLoopStaysSilent/for_(var_i_=_0;_i_<_a.length;_i++)_for_(;_b;);
=== CONT  TestNoUnreachableLoopStaysSilent/for_(var_i_=_0;_i_<_a.length;_i++)_do_;_while_(a)
=== CONT  TestNoUnreachableLoopStaysSilent/for_(var_i_=_0;_i_<_a.length;_i++)_for_(a;_b;_c);
=== CONT  TestNoUnreachableLoopStaysSilent/for_(var_i_=_0;_i_<_a.length;_i++)_for_(a_in_b);
=== CONT  TestNoUnreachableLoopStaysSilent/for_(var_i_=_0;_i_<_a.length;_i++)_while_(a);
=== CONT  TestNoUnreachableLoopStaysSilent/for_(var_i_=_0;_i_<_a.length;_i++)_{_()_=>_a_}
=== CONT  TestNoUnreachableLoopStaysSilent/for_(var_i_=_0;_i_<_a.length;_i++)_{_(()_=>_a)()_}
=== CONT  TestNoUnreachableLoopStaysSilent/for_(var_i_=_0;_i_<_a.length;_i++)_{_continue;_break;_}
=== CONT  TestNoUnreachableLoopStaysSilent/for_(var_i_=_0;_i_<_a.length;_i++)_(()_=>_a)();
=== CONT  TestNoUnreachableLoopStaysSilent/while_(a)_for_(;;)_if_(foo)_break;
=== CONT  TestNoUnreachableLoopStaysSilent/for_(;_b_<_foo;_c++)_{_continue;_break;_}
=== CONT  TestNoUnreachableLoopStaysSilent/function_someFunc()_{_for_(;_b_<_foo;_c++)_{_switch_(foo)_{_case_1:_return;_}_}_}
=== CONT  TestNoUnreachableLoopStaysSilent/function_someFunc()_{_for_(;_b_<_foo;_c++)_{_try_{_return_bar();_}_catch_(e)_{}_}_}
=== CONT  TestNoUnreachableLoopStaysSilent/function_someFunc()_{_for_(;_b_<_foo;_c++)_{_switch_(foo)_{_case_1:_continue;_default:_return;_}_throw_err;_}_}
=== CONT  TestNoUnreachableLoopStaysSilent/for_(;_b_<_foo;_c++)_{_if_(foo)_{_bar();_}_else_{_break;_}_}
=== CONT  TestNoUnreachableLoopStaysSilent/function_someFunc()_{_for_(;_b_<_foo;_c++)_{_if_(foo)_{_return;_}_bar();_}_}
=== CONT  TestNoUnreachableLoopStaysSilent/function_someFunc()_{_for_(;_b_<_foo;_c++)_{_switch_(foo)_{_case_1:_break;_default:_return;_}_}_}
=== CONT  TestNoUnreachableLoopStaysSilent/function_someFunc()_{_for_(;_b_<_foo;_c++)_{_if_(foo)_{_continue;_}_return;_}_}
=== CONT  TestNoUnreachableLoopStaysSilent/for_(var_i_=_0;_i_<_a.length;_i++)_()_=>_a;
=== CONT  TestNoUnreachableLoopStaysSilent/for_(var_a_of_f(b))_{}
=== CONT  TestNoUnreachableLoopStaysSilent/for_(;_b_<_foo;_c++)_{_if_(foo)_break;_}
=== CONT  TestNoUnreachableLoopStaysSilent/async_function_foo()_{_for_await_(const_a_of_b)_{_if_(foo)_break;_}_}
=== CONT  TestNoUnreachableLoopStaysSilent/async_function_foo()_{_for_await_(const_a_of_b)_{_if_(foo)_{_return;_}_bar();_}_}
=== CONT  TestNoUnreachableLoopStaysSilent/async_function_foo()_{_for_await_(const_a_of_b)_for_(;_b;);_}
=== CONT  TestNoUnreachableLoopStaysSilent/async_function_foo()_{_for_await_(const_a_of_b)_for_(;_;_c)_if_(foo)_break;_}
=== CONT  TestNoUnreachableLoopStaysSilent/async_function_foo()_{_for_await_(const_a_of_b)_for_(a;_b;_c);_}
=== CONT  TestNoUnreachableLoopStaysSilent/async_function_foo()_{_for_await_(const_a_of_b)_continue;_}
=== CONT  TestNoUnreachableLoopStaysSilent/while(true);_while(true)_break;
=== CONT  TestNoUnreachableLoopStaysSilent/while(true);_while(true);
=== CONT  TestNoUnreachableLoopStaysSilent/async_function_foo()_{_for_await_(const_a_of_b)_do_;_while_(a)_}
=== CONT  TestNoUnreachableLoopStaysSilent/async_function_foo()_{_for_await_(const_a_of_b)_{_bar();_}_}
=== CONT  TestNoUnreachableLoopStaysSilent/function_foo()_{_return;_while_(a)_break;_}
=== CONT  TestNoUnreachableLoopStaysSilent/async_function_foo()_{_for_await_(const_a_of_b)_while_(a);_}
=== CONT  TestNoUnreachableLoopStaysSilent/function_foo()_{_return;_while_(a);_}
=== CONT  TestNoUnreachableLoopStaysSilent/async_function_foo()_{_for_await_(const_a_of_b)_{_(()_=>_a)()_}_}
=== CONT  TestNoUnreachableLoopStaysSilent/for_(x_of_[1]);
=== CONT  TestNoUnreachableLoopStaysSilent/async_function_foo()_{_for_await_(const_a_of_b)_(()_=>_a)();_}
=== CONT  TestNoUnreachableLoopStaysSilent/async_function_foo()_{_for_await_(const_a_of_b)_{}_}
=== CONT  TestNoUnreachableLoopStaysSilent/async_function_foo()_{_for_await_(const_a_of_b)_{_continue;_}_}
=== CONT  TestNoUnreachableLoopStaysSilent/for_(x_of_[]);
=== CONT  TestNoUnreachableLoopStaysSilent/async_function_foo()_{_for_await_(const_a_of_b)_{_()_=>_a_}_}
=== CONT  TestNoUnreachableLoopStaysSilent/for_(x_=_1;_x_<_10;_i++)_{_if_(x_>_0)_{_foo();_throw_err;_}_}
=== CONT  TestNoUnreachableLoopStaysSilent/async_function_foo()_{_for_await_(const_a_of_b)_;_}
=== CONT  TestNoUnreachableLoopStaysSilent/do_foo();_while_(false)
=== CONT  TestNoUnreachableLoopStaysSilent/for_(var_a_of_f(b))_for_(a_of_b);
=== CONT  TestNoUnreachableLoopStaysSilent/while_(bar)_{_foo();_if_(true)_{_break;_}_}
=== CONT  TestNoUnreachableLoopStaysSilent/while_(false)_{_foo();_}
=== CONT  TestNoUnreachableLoopStaysSilent/for_(var_a_of_f(b))_for_(a_in_b);
=== CONT  TestNoUnreachableLoopStaysSilent/async_function_foo()_{_for_await_(const_a_of_b)_()_=>_a;_}
=== CONT  TestNoUnreachableLoopStaysSilent/function_someFunc()_{_for_(var_a_of_f(b))_while_(foo)_if_(bar)_return;_}
=== CONT  TestNoUnreachableLoopStaysSilent/for_(;_b_<_foo;_c++)_()_=>_a;
=== CONT  TestNoUnreachableLoopStaysSilent/async_function_foo()_{_for_await_(const_a_of_b)_for_(a_of_b);_}
=== CONT  TestNoUnreachableLoopStaysSilent/async_function_foo()_{_for_await_(const_a_of_b)_{_try_{_return_bar();_}_catch_(e)_{}_}_}
=== CONT  TestNoUnreachableLoopStaysSilent/async_function_foo()_{_for_await_(const_a_of_b)_{_switch_(foo)_{_case_1:_break;_default:_return;_}_}_}
=== CONT  TestNoUnreachableLoopStaysSilent/async_function_foo()_{_for_await_(const_a_of_b)_{_switch_(foo)_{_case_1:_continue;_default:_return;_}_throw_err;_}_}
=== CONT  TestNoUnreachableLoopStaysSilent/function_someFunc()_{_for_(a_of_f(b))_while_(foo)_if_(bar)_return;_}
=== CONT  TestNoUnreachableLoopStaysSilent/for_(var_a_of_f(b))_;
=== CONT  TestNoUnreachableLoopStaysSilent/for_({_a,_b_}_of_c)_for_(a_of_b);
=== CONT  TestNoUnreachableLoopStaysSilent/for_({_a,_b_}_of_c)_for_(a_in_b);
=== CONT  TestNoUnreachableLoopStaysSilent/function_someFunc()_{_for_({_a,_b_}_of_c)_while_(foo)_if_(bar)_return;_}
=== CONT  TestNoUnreachableLoopStaysSilent/async_function_foo()_{_for_await_(const_a_of_b)_for_(a_in_b);_}
=== CONT  TestNoUnreachableLoopStaysSilent/for_({_a,_b_}_of_c)_while_(true)_if_(foo)_break;
=== CONT  TestNoUnreachableLoopStaysSilent/async_function_foo()_{_for_await_(const_a_of_b)_while_(foo)_if_(bar)_return;_}
=== CONT  TestNoUnreachableLoopStaysSilent/for_({_a,_b_}_of_c)_for_(;;)_if_(foo)_break;
=== CONT  TestNoUnreachableLoopStaysSilent/async_function_foo()_{_for_await_(const_a_of_b)_while_(true)_if_(foo)_break;_}
=== CONT  TestNoUnreachableLoopStaysSilent/for_({_a,_b_}_of_c)_for_(;_;_c)_if_(foo)_break;
=== CONT  TestNoUnreachableLoopStaysSilent/async_function_foo()_{_for_await_(const_a_of_b)_for_(;;)_if_(foo)_break;_}
=== CONT  TestNoUnreachableLoopStaysSilent/for_({_a,_b_}_of_c)_for_(;_b;);
=== CONT  TestNoUnreachableLoopStaysSilent/for_(var_a_of_f(b))_while_(true)_if_(foo)_break;
=== CONT  TestNoUnreachableLoopStaysSilent/function_someFunc()_{_for_(a_of_f(b))_{_switch_(foo)_{_case_1:_return;_}_}_}
=== CONT  TestNoUnreachableLoopStaysSilent/for_(var_a_of_f(b))_for_(;;)_if_(foo)_break;
=== CONT  TestNoUnreachableLoopStaysSilent/for_({_a,_b_}_of_c)_for_(a;_b;_c);
=== CONT  TestNoUnreachableLoopStaysSilent/for_(a_of_f(b))_while_(true)_if_(foo)_break;
=== CONT  TestNoUnreachableLoopStaysSilent/for_(a_of_f(b))_for_(;;)_if_(foo)_break;
WAVE02_THROWN:6,true,false,,true,6,true,6,6,false,false,,
=== CONT  TestNoUnreachableLoopStaysSilent/for_(var_a_of_f(b))_for_(;_;_c)_if_(foo)_break;
=== CONT  TestNoUnreachableLoopStaysSilent/for_(a_of_f(b))_for_(;_b;);
=== CONT  TestNoUnreachableLoopStaysSilent/for_(a_of_f(b))_for_(;_;_c)_if_(foo)_break;
=== CONT  TestNoUnreachableLoopStaysSilent/for_(var_a_of_f(b))_for_(;_b;);
=== CONT  TestNoUnreachableLoopStaysSilent/for_(a_of_f(b))_for_(a;_b;_c);
=== CONT  TestNoUnreachableLoopStaysSilent/for_(var_a_of_f(b))_for_(a;_b;_c);
=== CONT  TestNoUnreachableLoopStaysSilent/for_(a_of_f(b))_do_;_while_(a)
=== CONT  TestNoUnreachableLoopStaysSilent/for_(var_a_of_f(b))_do_;_while_(a)
=== CONT  TestNoUnreachableLoopStaysSilent/for_(a_of_f(b))_while_(a);
=== CONT  TestNoUnreachableLoopStaysSilent/for_(var_a_of_f(b))_while_(a);
=== CONT  TestNoUnreachableLoopStaysSilent/for_(a_of_f(b))_()_=>_a;
=== CONT  TestNoUnreachableLoopStaysSilent/for_(var_a_of_f(b))_(()_=>_a)();
=== CONT  TestNoUnreachableLoopStaysSilent/for_(var_a_of_f(b))_{_()_=>_a_}
=== CONT  TestNoUnreachableLoopStaysSilent/for_(var_a_of_f(b))_()_=>_a;
=== CONT  TestNoUnreachableLoopStaysSilent/for_(var_a_of_f(b))_{_continue;_break;_}
=== CONT  TestNoUnreachableLoopStaysSilent/function_someFunc()_{_for_(var_a_of_f(b))_{_try_{_return_bar();_}_catch_(e)_{}_}_}
=== CONT  TestNoUnreachableLoopStaysSilent/for_(var_a_of_f(b))_{_(()_=>_a)()_}
=== CONT  TestNoUnreachableLoopStaysSilent/for_(a_of_f(b))_{_continue;_break;_}
=== CONT  TestNoUnreachableLoopStaysSilent/function_someFunc()_{_for_(var_a_of_f(b))_{_switch_(foo)_{_case_1:_break;_default:_return;_}_}_}
=== CONT  TestNoUnreachableLoopStaysSilent/function_someFunc()_{_for_(var_a_of_f(b))_{_switch_(foo)_{_case_1:_continue;_default:_return;_}_throw_err;_}_}
=== CONT  TestNoUnreachableLoopStaysSilent/function_someFunc()_{_for_(a_of_f(b))_{_try_{_return_bar();_}_catch_(e)_{}_}_}
=== CONT  TestNoUnreachableLoopStaysSilent/function_someFunc()_{_for_(var_a_of_f(b))_{_switch_(foo)_{_case_1:_return;_}_}_}
=== CONT  TestNoUnreachableLoopStaysSilent/function_someFunc()_{_for_(var_a_of_f(b))_{_if_(foo)_{_continue;_}_return;_}_}
=== CONT  TestNoUnreachableLoopStaysSilent/function_someFunc()_{_for_(a_of_f(b))_{_switch_(foo)_{_case_1:_continue;_default:_return;_}_throw_err;_}_}
=== CONT  TestNoUnreachableLoopStaysSilent/function_someFunc()_{_for_(a_of_f(b))_{_switch_(foo)_{_case_1:_break;_default:_return;_}_}_}
=== CONT  TestNoUnreachableLoopStaysSilent/for_(var_a_of_f(b))_{_if_(foo)_{_bar();_}_else_{_break;_}_}
=== CONT  TestNoUnreachableLoopStaysSilent/function_someFunc()_{_for_(var_a_of_f(b))_{_if_(foo)_{_return;_}_bar();_}_}
=== CONT  TestNoUnreachableLoopStaysSilent/for_({_a,_b_}_of_c)_do_;_while_(a)
=== CONT  TestNoUnreachableLoopStaysSilent/async_function_foo()_{_for_await_(const_a_of_b)_{_continue;_break;_}_}
=== CONT  TestNoUnreachableLoopStaysSilent/for_(var_a_of_f(b))_{_continue;_}
=== CONT  TestNoUnreachableLoopStaysSilent/for_(a_of_f(b))_(()_=>_a)();
=== CONT  TestNoUnreachableLoopStaysSilent/for_(var_a_of_f(b))_continue;
=== CONT  TestNoUnreachableLoopStaysSilent/for_(a_of_f(b))_{_()_=>_a_}
=== CONT  TestNoUnreachableLoopStaysSilent/for_(var_a_of_f(b))_{_if_(foo)_break;_}
=== CONT  TestNoUnreachableLoopStaysSilent/for_(a_of_f(b))_{_(()_=>_a)()_}
=== CONT  TestNoUnreachableLoopStaysSilent/async_function_foo()_{_for_await_(const_a_of_b)_{_if_(foo)_{_continue;_}_return;_}_}
=== CONT  TestNoUnreachableLoopStaysSilent/function_someFunc()_{_for_({_a,_b_}_of_c)_{_if_(foo)_{_continue;_}_return;_}_}
=== CONT  TestNoUnreachableLoopStaysSilent/for_({_a,_b_}_of_c)_{_(()_=>_a)()_}
=== CONT  TestNoUnreachableLoopStaysSilent/for_({_a,_b_}_of_c)_(()_=>_a)();
=== CONT  TestNoUnreachableLoopStaysSilent/async_function_foo()_{_for_await_(const_a_of_b)_{_if_(foo)_{_bar();_}_else_{_break;_}_}_}
=== CONT  TestNoUnreachableLoopStaysSilent/for_({_a,_b_}_of_c)_()_=>_a;
=== CONT  TestNoUnreachableLoopStaysSilent/for_({_a,_b_}_of_c)_{_()_=>_a_}
=== CONT  TestNoUnreachableLoopStaysSilent/for_({_a,_b_}_of_c)_continue;
=== CONT  TestNoUnreachableLoopStaysSilent/async_function_foo()_{_for_await_(const_a_of_b)_{_switch_(foo)_{_case_1:_return;_}_}_}
=== CONT  TestNoUnreachableLoopStaysSilent/for_({_a,_b_}_of_c)_;
=== CONT  TestNoUnreachableLoopStaysSilent/function_someFunc()_{_for_({_a,_b_}_of_c)_{_if_(foo)_{_return;_}_bar();_}_}
=== CONT  TestNoUnreachableLoopStaysSilent/for_({_a,_b_}_of_c)_{_bar();_}
=== CONT  TestNoUnreachableLoopStaysSilent/for_({_a,_b_}_of_c)_{_if_(foo)_{_bar();_}_else_{_break;_}_}
=== CONT  TestNoUnreachableLoopStaysSilent/function_someFunc()_{_for_({_a,_b_}_of_c)_{_try_{_return_bar();_}_catch_(e)_{}_}_}
=== CONT  TestNoUnreachableLoopStaysSilent/function_someFunc()_{_for_({_a,_b_}_of_c)_{_switch_(foo)_{_case_1:_continue;_default:_return;_}_throw_err;_}_}
=== CONT  TestNoUnreachableLoopStaysSilent/for_({_a,_b_}_of_c)_{_continue;_}
=== CONT  TestNoUnreachableLoopStaysSilent/function_someFunc()_{_for_({_a,_b_}_of_c)_{_switch_(foo)_{_case_1:_break;_default:_return;_}_}_}
=== CONT  TestNoUnreachableLoopStaysSilent/function_someFunc()_{_for_({_a,_b_}_of_c)_{_switch_(foo)_{_case_1:_return;_}_}_}
=== CONT  TestNoUnreachableLoopStaysSilent/for_(a_of_f(b))_{}
=== CONT  TestNoUnreachableLoopStaysSilent/for_({_a,_b_}_of_c)_{_if_(foo)_break;_}
=== CONT  TestNoUnreachableLoopStaysSilent/for_(a_of_f(b))_{_if_(foo)_break;_}
=== CONT  TestNoUnreachableLoopStaysSilent/for_(a_of_f(b))_{_continue;_}
=== CONT  TestNoUnreachableLoopStaysSilent/for_(a_of_f(b))_{_if_(foo)_{_bar();_}_else_{_break;_}_}
=== CONT  TestNoUnreachableLoopStaysSilent/for_(a_of_f(b))_continue;
=== CONT  TestNoUnreachableLoopStaysSilent/function_someFunc()_{_for_(a_of_f(b))_{_if_(foo)_{_return;_}_bar();_}_}
=== CONT  TestNoUnreachableLoopStaysSilent/function_someFunc()_{_for_(a_of_b)_while_(foo)_if_(bar)_return;_}
=== CONT  TestNoUnreachableLoopStaysSilent/for_(a_of_f(b))_;
=== CONT  TestNoUnreachableLoopStaysSilent/function_someFunc()_{_for_(a_of_f(b))_{_if_(foo)_{_continue;_}_return;_}_}
=== CONT  TestNoUnreachableLoopStaysSilent/for_(a_of_f(b))_{_bar();_}
=== CONT  TestNoUnreachableLoopStaysSilent/for_(a_in_b)_{_if_(foo)_{_bar();_}_else_{_break;_}_}
=== CONT  TestNoUnreachableLoopStaysSilent/for_(a_of_b)_for_(a_of_b);
=== CONT  TestNoUnreachableLoopStaysSilent/for_(a_of_b)_for_(a_in_b);
=== CONT  TestNoUnreachableLoopStaysSilent/for_(a_of_f(b))_for_(a_of_b);
=== CONT  TestNoUnreachableLoopStaysSilent/for_({_a,_b_}_of_c)_{}
=== CONT  TestNoUnreachableLoopStaysSilent/for_(a_of_b)_while_(true)_if_(foo)_break;
=== CONT  TestNoUnreachableLoopStaysSilent/for_(a_of_f(b))_for_(a_in_b);
=== CONT  TestNoUnreachableLoopStaysSilent/for_({_a,_b_}_of_c)_while_(a);
=== CONT  TestNoUnreachableLoopStaysSilent/for_({_a,_b_}_of_c)_{_continue;_break;_}
=== CONT  TestNoUnreachableLoopStaysSilent/for_(var_a_of_f(b))_{_bar();_}
--- PASS: TestNoUnreachableLoopStaysSilent (0.03s)
    --- PASS: TestNoUnreachableLoopStaysSilent/while_(a)_; (0.00s)
    --- PASS: TestNoUnreachableLoopStaysSilent/function_someFunc()_{_for_(var_i_=_0;_i_<_a.length;_i++)_{_switch_(foo)_{_case_1:_break;_default:_return;_}_}_} (0.00s)
    --- PASS: TestNoUnreachableLoopStaysSilent/function_someFunc()_{_for_(var_i_=_0;_i_<_a.length;_i++)_{_switch_(foo)_{_case_1:_continue;_default:_return;_}_throw_err;_}_} (0.00s)
    --- PASS: TestNoUnreachableLoopStaysSilent/function_someFunc()_{_for_(var_i_=_0;_i_<_a.length;_i++)_{_if_(foo)_{_continue;_}_return;_}_} (0.00s)
    --- PASS: TestNoUnreachableLoopStaysSilent/function_someFunc()_{_for_(var_i_=_0;_i_<_a.length;_i++)_{_switch_(foo)_{_case_1:_return;_}_}_} (0.00s)
    --- PASS: TestNoUnreachableLoopStaysSilent/for_(var_i_=_0;_i_<_a.length;_i++)_{_if_(foo)_{_bar();_}_else_{_break;_}_} (0.00s)
    --- PASS: TestNoUnreachableLoopStaysSilent/function_someFunc()_{_for_(var_i_=_0;_i_<_a.length;_i++)_{_if_(foo)_{_return;_}_bar();_}_} (0.00s)
    --- PASS: TestNoUnreachableLoopStaysSilent/for_(var_i_=_0;_i_<_a.length;_i++)_{_if_(foo)_break;_} (0.00s)
    --- PASS: TestNoUnreachableLoopStaysSilent/for_(var_i_=_0;_i_<_a.length;_i++)_{_continue;_} (0.00s)
    --- PASS: TestNoUnreachableLoopStaysSilent/for_(a_of_b)_for_(;_;_c)_if_(foo)_break; (0.00s)
    --- PASS: TestNoUnreachableLoopStaysSilent/for_(a_of_b)_for_(;;)_if_(foo)_break; (0.00s)
    --- PASS: TestNoUnreachableLoopStaysSilent/for_(a_of_b)_for_(;_b;); (0.00s)
    --- PASS: TestNoUnreachableLoopStaysSilent/for_(var_i_=_0;_i_<_a.length;_i++)_continue; (0.00s)
    --- PASS: TestNoUnreachableLoopStaysSilent/for_(var_i_=_0;_i_<_a.length;_i++)_{_bar();_} (0.00s)
    --- PASS: TestNoUnreachableLoopStaysSilent/for_(a_of_b)_for_(a;_b;_c); (0.00s)
    --- PASS: TestNoUnreachableLoopStaysSilent/for_(var_i_=_0;_i_<_a.length;_i++)_{} (0.00s)
    --- PASS: TestNoUnreachableLoopStaysSilent/for_(a_of_b)_do_;_while_(a) (0.00s)
    --- PASS: TestNoUnreachableLoopStaysSilent/for_(var_i_=_0;_i_<_a.length;_i++)_; (0.00s)
    --- PASS: TestNoUnreachableLoopStaysSilent/for_(a;_b;_c)_for_(a_of_b); (0.00s)
    --- PASS: TestNoUnreachableLoopStaysSilent/for_(a;_b;_c)_for_(a_in_b); (0.00s)
    --- PASS: TestNoUnreachableLoopStaysSilent/for_(a_of_b)_while_(a); (0.00s)
    --- PASS: TestNoUnreachableLoopStaysSilent/function_someFunc()_{_for_(a;_b;_c)_while_(foo)_if_(bar)_return;_} (0.00s)
    --- PASS: TestNoUnreachableLoopStaysSilent/for_(a;_b;_c)_for_(;_;_c)_if_(foo)_break; (0.00s)
    --- PASS: TestNoUnreachableLoopStaysSilent/for_(a;_b;_c)_for_(;_b;); (0.00s)
    --- PASS: TestNoUnreachableLoopStaysSilent/for_(a_of_b)_{_(()_=>_a)()_} (0.00s)
    --- PASS: TestNoUnreachableLoopStaysSilent/for_(a;_b;_c)_do_;_while_(a) (0.00s)
    --- PASS: TestNoUnreachableLoopStaysSilent/for_(a;_b;_c)_while_(a); (0.00s)
    --- PASS: TestNoUnreachableLoopStaysSilent/for_(a;_b;_c)_while_(true)_if_(foo)_break; (0.00s)
    --- PASS: TestNoUnreachableLoopStaysSilent/for_(a;_b;_c)_{_(()_=>_a)()_} (0.00s)
    --- PASS: TestNoUnreachableLoopStaysSilent/for_(a;_b;_c)_{_()_=>_a_} (0.00s)
    --- PASS: TestNoUnreachableLoopStaysSilent/for_(a;_b;_c)_for_(a;_b;_c); (0.00s)
    --- PASS: TestNoUnreachableLoopStaysSilent/for_(a;_b;_c)_(()_=>_a)(); (0.00s)
    --- PASS: TestNoUnreachableLoopStaysSilent/for_(a;_b;_c)_()_=>_a; (0.00s)
    --- PASS: TestNoUnreachableLoopStaysSilent/for_(a;_b;_c)_for_(;;)_if_(foo)_break; (0.00s)
    --- PASS: TestNoUnreachableLoopStaysSilent/for_(a;_b;_c)_{_continue;_break;_} (0.00s)
    --- PASS: TestNoUnreachableLoopStaysSilent/function_someFunc()_{_for_(a;_b;_c)_{_try_{_return_bar();_}_catch_(e)_{}_}_} (0.00s)
    --- PASS: TestNoUnreachableLoopStaysSilent/function_someFunc()_{_for_(a;_b;_c)_{_switch_(foo)_{_case_1:_break;_default:_return;_}_}_} (0.00s)
    --- PASS: TestNoUnreachableLoopStaysSilent/function_someFunc()_{_for_(a;_b;_c)_{_switch_(foo)_{_case_1:_continue;_default:_return;_}_throw_err;_}_} (0.00s)
    --- PASS: TestNoUnreachableLoopStaysSilent/for_(a;_b;_c)_{_if_(foo)_{_bar();_}_else_{_break;_}_} (0.00s)
    --- PASS: TestNoUnreachableLoopStaysSilent/function_someFunc()_{_for_(a;_b;_c)_{_if_(foo)_{_continue;_}_return;_}_} (0.00s)
    --- PASS: TestNoUnreachableLoopStaysSilent/for_(a;_b;_c)_{_if_(foo)_break;_} (0.00s)
    --- PASS: TestNoUnreachableLoopStaysSilent/for_(a;_b;_c)_{_continue;_} (0.00s)
    --- PASS: TestNoUnreachableLoopStaysSilent/function_someFunc()_{_for_(a;_b;_c)_{_if_(foo)_{_return;_}_bar();_}_} (0.00s)
    --- PASS: TestNoUnreachableLoopStaysSilent/for_(a;_b;_c)_{_bar();_} (0.00s)
    --- PASS: TestNoUnreachableLoopStaysSilent/for_(a;_b;_c)_continue; (0.00s)
    --- PASS: TestNoUnreachableLoopStaysSilent/for_(a_of_b)_{_()_=>_a_} (0.00s)
    --- PASS: TestNoUnreachableLoopStaysSilent/for_(a;_b;_c)_{} (0.00s)
    --- PASS: TestNoUnreachableLoopStaysSilent/for_(a_of_b)_(()_=>_a)(); (0.00s)
    --- PASS: TestNoUnreachableLoopStaysSilent/function_someFunc()_{_for_(a;_b;_c)_{_switch_(foo)_{_case_1:_return;_}_}_} (0.00s)
    --- PASS: TestNoUnreachableLoopStaysSilent/for_(a;_b;_c)_; (0.00s)
    --- PASS: TestNoUnreachableLoopStaysSilent/do_for_(a_of_b);_while_(a_&&_b) (0.00s)
    --- PASS: TestNoUnreachableLoopStaysSilent/for_(a_of_b)_{_continue;_break;_} (0.00s)
    --- PASS: TestNoUnreachableLoopStaysSilent/do_for_(a_in_b);_while_(a_&&_b) (0.00s)
    --- PASS: TestNoUnreachableLoopStaysSilent/function_someFunc()_{_do_while_(foo)_if_(bar)_return;_while_(a_&&_b)_} (0.00s)
    --- PASS: TestNoUnreachableLoopStaysSilent/function_someFunc()_{_for_(a_of_b)_{_switch_(foo)_{_case_1:_continue;_default:_return;_}_throw_err;_}_} (0.00s)
    --- PASS: TestNoUnreachableLoopStaysSilent/function_someFunc()_{_for_(a_of_b)_{_switch_(foo)_{_case_1:_break;_default:_return;_}_}_} (0.00s)
    --- PASS: TestNoUnreachableLoopStaysSilent/function_someFunc()_{_for_(a_of_b)_{_try_{_return_bar();_}_catch_(e)_{}_}_} (0.00s)
    --- PASS: TestNoUnreachableLoopStaysSilent/function_someFunc()_{_for_(a_of_b)_{_switch_(foo)_{_case_1:_return;_}_}_} (0.00s)
    --- PASS: TestNoUnreachableLoopStaysSilent/for_(a_in_f(b))_{_bar();_} (0.00s)
    --- PASS: TestNoUnreachableLoopStaysSilent/do_for_(;_;_c)_if_(foo)_break;_while_(a_&&_b) (0.00s)
    --- PASS: TestNoUnreachableLoopStaysSilent/do_for_(;_b;);_while_(a_&&_b) (0.00s)
    --- PASS: TestNoUnreachableLoopStaysSilent/do_for_(;;)_if_(foo)_break;_while_(a_&&_b) (0.00s)
    --- PASS: TestNoUnreachableLoopStaysSilent/for_(a_of_b)_{_if_(foo)_{_bar();_}_else_{_break;_}_} (0.00s)
    --- PASS: TestNoUnreachableLoopStaysSilent/do_while_(true)_if_(foo)_break;_while_(a_&&_b) (0.00s)
    --- PASS: TestNoUnreachableLoopStaysSilent/do_for_(a;_b;_c);_while_(a_&&_b) (0.00s)
    --- PASS: TestNoUnreachableLoopStaysSilent/function_someFunc()_{_for_(a_of_b)_{_if_(foo)_{_return;_}_bar();_}_} (0.00s)
    --- PASS: TestNoUnreachableLoopStaysSilent/do_do_;_while_(a)_while_(a_&&_b) (0.00s)
    --- PASS: TestNoUnreachableLoopStaysSilent/for_(a_of_b)_{_if_(foo)_break;_} (0.00s)
    --- PASS: TestNoUnreachableLoopStaysSilent/function_someFunc()_{_for_(a_of_b)_{_if_(foo)_{_continue;_}_return;_}_} (0.00s)
    --- PASS: TestNoUnreachableLoopStaysSilent/for_(a_of_b)_{_continue;_} (0.00s)
    --- PASS: TestNoUnreachableLoopStaysSilent/for_(a_of_b)_{_bar();_} (0.00s)
    --- PASS: TestNoUnreachableLoopStaysSilent/do_{_(()_=>_a)()_}_while_(a_&&_b) (0.00s)
    --- PASS: TestNoUnreachableLoopStaysSilent/for_(a_of_b)_{} (0.00s)
    --- PASS: TestNoUnreachableLoopStaysSilent/for_(a_of_b)_continue; (0.00s)
    --- PASS: TestNoUnreachableLoopStaysSilent/for_(a_of_b)_()_=>_a; (0.00s)
    --- PASS: TestNoUnreachableLoopStaysSilent/for_(let_a_in_f(b))_for_(a_in_b); (0.00s)
    --- PASS: TestNoUnreachableLoopStaysSilent/do_(()_=>_a)();_while_(a_&&_b) (0.00s)
    --- PASS: TestNoUnreachableLoopStaysSilent/function_someFunc()_{_for_(let_a_in_f(b))_while_(foo)_if_(bar)_return;_} (0.00s)
    --- PASS: TestNoUnreachableLoopStaysSilent/do_while_(a);_while_(a_&&_b) (0.00s)
    --- PASS: TestNoUnreachableLoopStaysSilent/for_(let_a_in_f(b))_for_(;;)_if_(foo)_break; (0.00s)
    --- PASS: TestNoUnreachableLoopStaysSilent/for_(let_a_in_f(b))_for_(;_b;); (0.00s)
    --- PASS: TestNoUnreachableLoopStaysSilent/for_(a_in_f(b))_{} (0.00s)
    --- PASS: TestNoUnreachableLoopStaysSilent/for_(let_a_in_f(b))_for_(a;_b;_c); (0.00s)
    --- PASS: TestNoUnreachableLoopStaysSilent/for_(let_a_in_f(b))_for_(a_of_b); (0.00s)
    --- PASS: TestNoUnreachableLoopStaysSilent/for_(let_a_in_f(b))_do_;_while_(a) (0.00s)
    --- PASS: TestNoUnreachableLoopStaysSilent/for_(let_a_in_f(b))_while_(true)_if_(foo)_break; (0.00s)
    --- PASS: TestNoUnreachableLoopStaysSilent/for_(let_a_in_f(b))_while_(a); (0.00s)
    --- PASS: TestNoUnreachableLoopStaysSilent/for_(let_a_in_f(b))_{_(()_=>_a)()_} (0.00s)
    --- PASS: TestNoUnreachableLoopStaysSilent/for_(let_a_in_f(b))_{_()_=>_a_} (0.00s)
    --- PASS: TestNoUnreachableLoopStaysSilent/for_(let_a_in_f(b))_(()_=>_a)(); (0.00s)
    --- PASS: TestNoUnreachableLoopStaysSilent/for_(let_a_in_f(b))_()_=>_a; (0.00s)
    --- PASS: TestNoUnreachableLoopStaysSilent/for_(let_a_in_f(b))_{_continue;_break;_} (0.00s)
    --- PASS: TestNoUnreachableLoopStaysSilent/for_(a_of_b)_; (0.00s)
    --- PASS: TestNoUnreachableLoopStaysSilent/function_someFunc()_{_for_(let_a_in_f(b))_{_switch_(foo)_{_case_1:_continue;_default:_return;_}_throw_err;_}_} (0.00s)
    --- PASS: TestNoUnreachableLoopStaysSilent/function_someFunc()_{_for_(let_a_in_f(b))_{_if_(foo)_{_continue;_}_return;_}_} (0.00s)
    --- PASS: TestNoUnreachableLoopStaysSilent/for_(let_a_in_f(b))_for_(;_;_c)_if_(foo)_break; (0.00s)
    --- PASS: TestNoUnreachableLoopStaysSilent/function_someFunc()_{_for_(let_a_in_f(b))_{_switch_(foo)_{_case_1:_return;_}_}_} (0.00s)
    --- PASS: TestNoUnreachableLoopStaysSilent/function_someFunc()_{_for_(let_a_in_f(b))_{_try_{_return_bar();_}_catch_(e)_{}_}_} (0.00s)
    --- PASS: TestNoUnreachableLoopStaysSilent/for_(let_a_in_f(b))_{_continue;_} (0.00s)
    --- PASS: TestNoUnreachableLoopStaysSilent/for_(let_a_in_f(b))_continue; (0.00s)
    --- PASS: TestNoUnreachableLoopStaysSilent/function_someFunc()_{_for_(let_a_in_f(b))_{_switch_(foo)_{_case_1:_break;_default:_return;_}_}_} (0.00s)
    --- PASS: TestNoUnreachableLoopStaysSilent/for_(let_a_in_f(b))_{_if_(foo)_{_bar();_}_else_{_break;_}_} (0.00s)
    --- PASS: TestNoUnreachableLoopStaysSilent/for_(let_a_in_f(b))_{_if_(foo)_break;_} (0.00s)
    --- PASS: TestNoUnreachableLoopStaysSilent/function_someFunc()_{_for_(let_a_in_f(b))_{_if_(foo)_{_return;_}_bar();_}_} (0.00s)
    --- PASS: TestNoUnreachableLoopStaysSilent/for_(let_a_in_f(b))_{} (0.00s)
    --- PASS: TestNoUnreachableLoopStaysSilent/for_(let_a_in_f(b))_; (0.00s)
    --- PASS: TestNoUnreachableLoopStaysSilent/for_(let_a_in_f(b))_{_bar();_} (0.00s)
    --- PASS: TestNoUnreachableLoopStaysSilent/for_(var_a_in_b)_for_(a_of_b); (0.00s)
    --- PASS: TestNoUnreachableLoopStaysSilent/for_(var_a_in_b)_for_(a_in_b); (0.00s)
    --- PASS: TestNoUnreachableLoopStaysSilent/function_someFunc()_{_for_(var_a_in_b)_while_(foo)_if_(bar)_return;_} (0.00s)
    --- PASS: TestNoUnreachableLoopStaysSilent/for_(var_a_in_b)_for_(;_;_c)_if_(foo)_break; (0.00s)
    --- PASS: TestNoUnreachableLoopStaysSilent/for_(var_a_in_b)_for_(;;)_if_(foo)_break; (0.00s)
    --- PASS: TestNoUnreachableLoopStaysSilent/for_(var_a_in_b)_for_(;_b;); (0.00s)
    --- PASS: TestNoUnreachableLoopStaysSilent/for_(var_a_in_b)_for_(a;_b;_c); (0.00s)
    --- PASS: TestNoUnreachableLoopStaysSilent/for_(var_a_in_b)_while_(a); (0.00s)
    --- PASS: TestNoUnreachableLoopStaysSilent/for_(var_a_in_b)_do_;_while_(a) (0.00s)
    --- PASS: TestNoUnreachableLoopStaysSilent/for_(var_a_in_b)_while_(true)_if_(foo)_break; (0.00s)
    --- PASS: TestNoUnreachableLoopStaysSilent/for_(var_a_in_b)_{_(()_=>_a)()_} (0.00s)
    --- PASS: TestNoUnreachableLoopStaysSilent/for_(var_a_in_b)_(()_=>_a)(); (0.00s)
    --- PASS: TestNoUnreachableLoopStaysSilent/for_(var_a_in_b)_{_()_=>_a_} (0.00s)
    --- PASS: TestNoUnreachableLoopStaysSilent/for_(var_a_in_b)_()_=>_a; (0.00s)
    --- PASS: TestNoUnreachableLoopStaysSilent/for_(var_a_in_b)_{_continue;_break;_} (0.00s)
    --- PASS: TestNoUnreachableLoopStaysSilent/function_someFunc()_{_for_(var_a_in_b)_{_try_{_return_bar();_}_catch_(e)_{}_}_} (0.00s)
    --- PASS: TestNoUnreachableLoopStaysSilent/function_someFunc()_{_for_(var_a_in_b)_{_switch_(foo)_{_case_1:_break;_default:_return;_}_}_} (0.00s)
    --- PASS: TestNoUnreachableLoopStaysSilent/function_someFunc()_{_for_(var_a_in_b)_{_switch_(foo)_{_case_1:_return;_}_}_} (0.00s)
    --- PASS: TestNoUnreachableLoopStaysSilent/for_(var_a_in_b)_{_if_(foo)_{_bar();_}_else_{_break;_}_} (0.00s)
    --- PASS: TestNoUnreachableLoopStaysSilent/function_someFunc()_{_for_(var_a_in_b)_{_if_(foo)_{_continue;_}_return;_}_} (0.00s)
    --- PASS: TestNoUnreachableLoopStaysSilent/function_someFunc()_{_for_(var_a_in_b)_{_if_(foo)_{_return;_}_bar();_}_} (0.00s)
    --- PASS: TestNoUnreachableLoopStaysSilent/for_(var_a_in_b)_{_if_(foo)_break;_} (0.00s)
    --- PASS: TestNoUnreachableLoopStaysSilent/for_(var_a_in_b)_{_continue;_} (0.00s)
    --- PASS: TestNoUnreachableLoopStaysSilent/for_(var_a_in_b)_{_bar();_} (0.00s)
    --- PASS: TestNoUnreachableLoopStaysSilent/for_(var_a_in_b)_continue; (0.00s)
    --- PASS: TestNoUnreachableLoopStaysSilent/for_(var_a_in_b)_{} (0.00s)
    --- PASS: TestNoUnreachableLoopStaysSilent/function_someFunc()_{_for_(var_a_in_b)_{_switch_(foo)_{_case_1:_continue;_default:_return;_}_throw_err;_}_} (0.00s)
    --- PASS: TestNoUnreachableLoopStaysSilent/for_(var_a_in_b)_; (0.00s)
    --- PASS: TestNoUnreachableLoopStaysSilent/for_(a_in_f(b))_for_(a_of_b); (0.00s)
    --- PASS: TestNoUnreachableLoopStaysSilent/function_someFunc()_{_for_(a_in_f(b))_while_(foo)_if_(bar)_return;_} (0.00s)
    --- PASS: TestNoUnreachableLoopStaysSilent/for_(a_in_f(b))_while_(true)_if_(foo)_break; (0.00s)
    --- PASS: TestNoUnreachableLoopStaysSilent/for_(a_in_f(b))_for_(a_in_b); (0.00s)
    --- PASS: TestNoUnreachableLoopStaysSilent/for_(a_in_f(b))_for_(;;)_if_(foo)_break; (0.00s)
    --- PASS: TestNoUnreachableLoopStaysSilent/do_()_=>_a;_while_(a_&&_b) (0.00s)
    --- PASS: TestNoUnreachableLoopStaysSilent/do_{_continue;_break;_}_while_(a_&&_b) (0.00s)
    --- PASS: TestNoUnreachableLoopStaysSilent/do_{_()_=>_a_}_while_(a_&&_b) (0.00s)
    --- PASS: TestNoUnreachableLoopStaysSilent/for_(a_in_f(b))_; (0.00s)
    --- PASS: TestNoUnreachableLoopStaysSilent/for_(a_in_f(b))_for_(;_;_c)_if_(foo)_break; (0.00s)
    --- PASS: TestNoUnreachableLoopStaysSilent/for_(a_in_f(b))_for_(;_b;); (0.00s)
    --- PASS: TestNoUnreachableLoopStaysSilent/for_(a_in_f(b))_do_;_while_(a) (0.00s)
    --- PASS: TestNoUnreachableLoopStaysSilent/for_(a_in_f(b))_for_(a;_b;_c); (0.00s)
    --- PASS: TestNoUnreachableLoopStaysSilent/for_(a_in_f(b))_while_(a); (0.00s)
    --- PASS: TestNoUnreachableLoopStaysSilent/for_(a_in_f(b))_{_(()_=>_a)()_} (0.00s)
    --- PASS: TestNoUnreachableLoopStaysSilent/for_(a_in_b)_for_(a_of_b); (0.00s)
    --- PASS: TestNoUnreachableLoopStaysSilent/for_(a_in_f(b))_(()_=>_a)(); (0.00s)
    --- PASS: TestNoUnreachableLoopStaysSilent/for_(a_in_f(b))_{_()_=>_a_} (0.00s)
    --- PASS: TestNoUnreachableLoopStaysSilent/function_someFunc()_{_do_{_try_{_return_bar();_}_catch_(e)_{}_}_while_(a_&&_b)_} (0.00s)
    --- PASS: TestNoUnreachableLoopStaysSilent/for_(a_in_f(b))_()_=>_a; (0.00s)
    --- PASS: TestNoUnreachableLoopStaysSilent/function_someFunc()_{_do_{_switch_(foo)_{_case_1:_continue;_default:_return;_}_throw_err;_}_while_(a_&&_b)_} (0.00s)
    --- PASS: TestNoUnreachableLoopStaysSilent/for_(a_in_f(b))_{_continue;_break;_} (0.00s)
    --- PASS: TestNoUnreachableLoopStaysSilent/function_someFunc()_{_do_{_switch_(foo)_{_case_1:_break;_default:_return;_}_}_while_(a_&&_b)_} (0.00s)
    --- PASS: TestNoUnreachableLoopStaysSilent/function_someFunc()_{_for_(a_in_f(b))_{_switch_(foo)_{_case_1:_continue;_default:_return;_}_throw_err;_}_} (0.00s)
    --- PASS: TestNoUnreachableLoopStaysSilent/function_someFunc()_{_for_(a_in_f(b))_{_switch_(foo)_{_case_1:_break;_default:_return;_}_}_} (0.00s)
    --- PASS: TestNoUnreachableLoopStaysSilent/function_someFunc()_{_for_(a_in_f(b))_{_switch_(foo)_{_case_1:_return;_}_}_} (0.00s)
    --- PASS: TestNoUnreachableLoopStaysSilent/function_someFunc()_{_for_(a_in_f(b))_{_if_(foo)_{_continue;_}_return;_}_} (0.00s)
    --- PASS: TestNoUnreachableLoopStaysSilent/function_someFunc()_{_for_(a_in_f(b))_{_if_(foo)_{_return;_}_bar();_}_} (0.00s)
    --- PASS: TestNoUnreachableLoopStaysSilent/for_(a_in_f(b))_{_if_(foo)_break;_} (0.00s)
    --- PASS: TestNoUnreachableLoopStaysSilent/for_(a_in_f(b))_{_continue;_} (0.00s)
    --- PASS: TestNoUnreachableLoopStaysSilent/function_someFunc()_{_for_(a_in_f(b))_{_try_{_return_bar();_}_catch_(e)_{}_}_} (0.00s)
    --- PASS: TestNoUnreachableLoopStaysSilent/for_(a_in_f(b))_continue; (0.00s)
    --- PASS: TestNoUnreachableLoopStaysSilent/for_(a_in_f(b))_{_if_(foo)_{_bar();_}_else_{_break;_}_} (0.00s)
    --- PASS: TestNoUnreachableLoopStaysSilent/function_someFunc()_{_do_{_switch_(foo)_{_case_1:_return;_}_}_while_(a_&&_b)_} (0.00s)
    --- PASS: TestNoUnreachableLoopStaysSilent/function_someFunc()_{_do_{_if_(foo)_{_return;_}_bar();_}_while_(a_&&_b)_} (0.00s)
    --- PASS: TestNoUnreachableLoopStaysSilent/function_someFunc()_{_do_{_if_(foo)_{_continue;_}_return;_}_while_(a_&&_b)_} (0.00s)
    --- PASS: TestNoUnreachableLoopStaysSilent/for_(a_in_b)_for_(a_in_b); (0.00s)
    --- PASS: TestNoUnreachableLoopStaysSilent/do_{_if_(foo)_break;_}_while_(a_&&_b) (0.00s)
    --- PASS: TestNoUnreachableLoopStaysSilent/do_{_if_(foo)_{_bar();_}_else_{_break;_}_}_while_(a_&&_b) (0.00s)
    --- PASS: TestNoUnreachableLoopStaysSilent/function_someFunc()_{_for_(a_in_b)_while_(foo)_if_(bar)_return;_} (0.00s)
    --- PASS: TestNoUnreachableLoopStaysSilent/do_{_continue;_}_while_(a_&&_b) (0.00s)
    --- PASS: TestNoUnreachableLoopStaysSilent/do_continue;_while_(a_&&_b) (0.00s)
    --- PASS: TestNoUnreachableLoopStaysSilent/do_{_bar();_}_while_(a_&&_b) (0.00s)
    --- PASS: TestNoUnreachableLoopStaysSilent/do_;_while_(a_&&_b) (0.00s)
    --- PASS: TestNoUnreachableLoopStaysSilent/do_{}_while_(a_&&_b) (0.00s)
    --- PASS: TestNoUnreachableLoopStaysSilent/for_(a_in_b)_while_(true)_if_(foo)_break; (0.00s)
    --- PASS: TestNoUnreachableLoopStaysSilent/do_for_(a_of_b);_while_(a) (0.00s)
    --- PASS: TestNoUnreachableLoopStaysSilent/for_(a_in_b)_for_(;;)_if_(foo)_break; (0.00s)
    --- PASS: TestNoUnreachableLoopStaysSilent/for_(a_in_b)_for_(;_;_c)_if_(foo)_break; (0.00s)
    --- PASS: TestNoUnreachableLoopStaysSilent/for_(a_in_b)_for_(a;_b;_c); (0.00s)
    --- PASS: TestNoUnreachableLoopStaysSilent/for_(a_in_b)_do_;_while_(a) (0.00s)
    --- PASS: TestNoUnreachableLoopStaysSilent/for_(a_in_b)_while_(a); (0.00s)
    --- PASS: TestNoUnreachableLoopStaysSilent/for_(a_in_b)_for_(;_b;); (0.00s)
    --- PASS: TestNoUnreachableLoopStaysSilent/for_(a_in_b)_{_(()_=>_a)()_} (0.00s)
    --- PASS: TestNoUnreachableLoopStaysSilent/for_(a_in_b)_(()_=>_a)(); (0.00s)
    --- PASS: TestNoUnreachableLoopStaysSilent/for_(a_in_b)_{_()_=>_a_} (0.00s)
    --- PASS: TestNoUnreachableLoopStaysSilent/for_(a_in_b)_()_=>_a; (0.00s)
    --- PASS: TestNoUnreachableLoopStaysSilent/for_(a_in_b)_{_continue;_break;_} (0.00s)
    --- PASS: TestNoUnreachableLoopStaysSilent/function_someFunc()_{_for_(a_in_b)_{_switch_(foo)_{_case_1:_continue;_default:_return;_}_throw_err;_}_} (0.00s)
    --- PASS: TestNoUnreachableLoopStaysSilent/function_someFunc()_{_for_(a_in_b)_{_switch_(foo)_{_case_1:_break;_default:_return;_}_}_} (0.00s)
    --- PASS: TestNoUnreachableLoopStaysSilent/do_for_(a_in_b);_while_(a) (0.00s)
    --- PASS: TestNoUnreachableLoopStaysSilent/function_someFunc()_{_for_(a_in_b)_{_if_(foo)_{_continue;_}_return;_}_} (0.00s)
    --- PASS: TestNoUnreachableLoopStaysSilent/function_someFunc()_{_for_(a_in_b)_{_switch_(foo)_{_case_1:_return;_}_}_} (0.00s)
    --- PASS: TestNoUnreachableLoopStaysSilent/function_someFunc()_{_do_while_(foo)_if_(bar)_return;_while_(a)_} (0.00s)
    --- PASS: TestNoUnreachableLoopStaysSilent/function_someFunc()_{_for_(a_in_b)_{_try_{_return_bar();_}_catch_(e)_{}_}_} (0.00s)
    --- PASS: TestNoUnreachableLoopStaysSilent/do_while_(true)_if_(foo)_break;_while_(a) (0.00s)
    --- PASS: TestNoUnreachableLoopStaysSilent/function_someFunc()_{_for_(a_in_b)_{_if_(foo)_{_return;_}_bar();_}_} (0.00s)
    --- PASS: TestNoUnreachableLoopStaysSilent/for_(a_=_0;_;)_; (0.00s)
    --- PASS: TestNoUnreachableLoopStaysSilent/do_for_(;_;_c)_if_(foo)_break;_while_(a) (0.00s)
    --- PASS: TestNoUnreachableLoopStaysSilent/do_for_(;;)_if_(foo)_break;_while_(a) (0.00s)
    --- PASS: TestNoUnreachableLoopStaysSilent/for_(a;_;)_for_(a_of_b); (0.00s)
    --- PASS: TestNoUnreachableLoopStaysSilent/for_(a_in_b)_{_if_(foo)_break;_} (0.00s)
    --- PASS: TestNoUnreachableLoopStaysSilent/do_for_(;_b;);_while_(a) (0.00s)
    --- PASS: TestNoUnreachableLoopStaysSilent/do_for_(a;_b;_c);_while_(a) (0.00s)
    --- PASS: TestNoUnreachableLoopStaysSilent/for_(a;_;)_for_(a_in_b); (0.00s)
    --- PASS: TestNoUnreachableLoopStaysSilent/for_(a_in_b)_{_continue;_} (0.00s)
    --- PASS: TestNoUnreachableLoopStaysSilent/for_(a_in_b)_continue; (0.00s)
    --- PASS: TestNoUnreachableLoopStaysSilent/do_do_;_while_(a)_while_(a) (0.00s)
    --- PASS: TestNoUnreachableLoopStaysSilent/do_{_(()_=>_a)()_}_while_(a) (0.00s)
    --- PASS: TestNoUnreachableLoopStaysSilent/do_while_(a);_while_(a) (0.00s)
    --- PASS: TestNoUnreachableLoopStaysSilent/do_(()_=>_a)();_while_(a) (0.00s)
    --- PASS: TestNoUnreachableLoopStaysSilent/do_{_()_=>_a_}_while_(a) (0.00s)
    --- PASS: TestNoUnreachableLoopStaysSilent/for_(a_in_b)_{_bar();_} (0.00s)
    --- PASS: TestNoUnreachableLoopStaysSilent/do_{_continue;_break;_}_while_(a) (0.00s)
    --- PASS: TestNoUnreachableLoopStaysSilent/for_(;_b;)_while_(a); (0.00s)
    --- PASS: TestNoUnreachableLoopStaysSilent/for_(a_in_b)_{} (0.00s)
    --- PASS: TestNoUnreachableLoopStaysSilent/function_someFunc()_{_do_{_switch_(foo)_{_case_1:_continue;_default:_return;_}_throw_err;_}_while_(a)_} (0.00s)
    --- PASS: TestNoUnreachableLoopStaysSilent/for_(a_in_b)_; (0.00s)
    --- PASS: TestNoUnreachableLoopStaysSilent/function_someFunc()_{_do_{_try_{_return_bar();_}_catch_(e)_{}_}_while_(a)_} (0.00s)
    --- PASS: TestNoUnreachableLoopStaysSilent/for_(;;)_for_(a_of_b); (0.00s)
    --- PASS: TestNoUnreachableLoopStaysSilent/function_someFunc()_{_for_(a;_;)_while_(foo)_if_(bar)_return;_} (0.00s)
    --- PASS: TestNoUnreachableLoopStaysSilent/for_(;;)_for_(a_in_b); (0.00s)
    --- PASS: TestNoUnreachableLoopStaysSilent/do_()_=>_a;_while_(a) (0.00s)
    --- PASS: TestNoUnreachableLoopStaysSilent/function_someFunc()_{_for_(;;)_while_(foo)_if_(bar)_return;_} (0.00s)
    --- PASS: TestNoUnreachableLoopStaysSilent/for_(;;)_while_(true)_if_(foo)_break; (0.00s)
    --- PASS: TestNoUnreachableLoopStaysSilent/for_(;;)_for_(;;)_if_(foo)_break; (0.00s)
    --- PASS: TestNoUnreachableLoopStaysSilent/for_(a;_b;)_{} (0.00s)
    --- PASS: TestNoUnreachableLoopStaysSilent/for_(a;_;)_while_(true)_if_(foo)_break; (0.00s)
    --- PASS: TestNoUnreachableLoopStaysSilent/for_(a;_;)_for_(;_b;); (0.00s)
    --- PASS: TestNoUnreachableLoopStaysSilent/for_(a;_;)_for_(;_;_c)_if_(foo)_break; (0.00s)
    --- PASS: TestNoUnreachableLoopStaysSilent/for_(a;_;)_for_(a;_b;_c); (0.00s)
    --- PASS: TestNoUnreachableLoopStaysSilent/for_(a;_;)_do_;_while_(a) (0.00s)
    --- PASS: TestNoUnreachableLoopStaysSilent/for_(a;_;)_while_(a); (0.00s)
    --- PASS: TestNoUnreachableLoopStaysSilent/for_(;;)_for_(;_;_c)_if_(foo)_break; (0.00s)
    --- PASS: TestNoUnreachableLoopStaysSilent/for_(a;_;)_{_(()_=>_a)()_} (0.00s)
    --- PASS: TestNoUnreachableLoopStaysSilent/for_(a;_;)_for_(;;)_if_(foo)_break; (0.00s)
    --- PASS: TestNoUnreachableLoopStaysSilent/for_(;;)_for_(;_b;); (0.00s)
    --- PASS: TestNoUnreachableLoopStaysSilent/for_(a;_;)_{_()_=>_a_} (0.00s)
    --- PASS: TestNoUnreachableLoopStaysSilent/for_(a;_;)_()_=>_a; (0.00s)
    --- PASS: TestNoUnreachableLoopStaysSilent/for_(a;_;)_(()_=>_a)(); (0.00s)
    --- PASS: TestNoUnreachableLoopStaysSilent/for_(;;)_for_(a;_b;_c); (0.00s)
    --- PASS: TestNoUnreachableLoopStaysSilent/for_(a;_;)_{_continue;_break;_} (0.00s)
    --- PASS: TestNoUnreachableLoopStaysSilent/for_(;;)_do_;_while_(a) (0.00s)
    --- PASS: TestNoUnreachableLoopStaysSilent/function_someFunc()_{_for_(a;_;)_{_switch_(foo)_{_case_1:_break;_default:_return;_}_}_} (0.00s)
    --- PASS: TestNoUnreachableLoopStaysSilent/function_someFunc()_{_for_(a;_;)_{_switch_(foo)_{_case_1:_continue;_default:_return;_}_throw_err;_}_} (0.00s)
    --- PASS: TestNoUnreachableLoopStaysSilent/function_someFunc()_{_for_(a;_;)_{_try_{_return_bar();_}_catch_(e)_{}_}_} (0.00s)
    --- PASS: TestNoUnreachableLoopStaysSilent/for_(;;)_while_(a); (0.00s)
    --- PASS: TestNoUnreachableLoopStaysSilent/function_someFunc()_{_for_(a;_;)_{_if_(foo)_{_continue;_}_return;_}_} (0.00s)
    --- PASS: TestNoUnreachableLoopStaysSilent/function_someFunc()_{_for_(a;_;)_{_switch_(foo)_{_case_1:_return;_}_}_} (0.00s)
    --- PASS: TestNoUnreachableLoopStaysSilent/for_(;;)_{_(()_=>_a)()_} (0.00s)
    --- PASS: TestNoUnreachableLoopStaysSilent/for_(a;_;)_{_if_(foo)_{_bar();_}_else_{_break;_}_} (0.00s)
    --- PASS: TestNoUnreachableLoopStaysSilent/function_someFunc()_{_for_(a;_;)_{_if_(foo)_{_return;_}_bar();_}_} (0.00s)
    --- PASS: TestNoUnreachableLoopStaysSilent/for_(;;)_{_()_=>_a_} (0.00s)
    --- PASS: TestNoUnreachableLoopStaysSilent/for_(;;)_()_=>_a; (0.00s)
    --- PASS: TestNoUnreachableLoopStaysSilent/for_(a;_;)_{_if_(foo)_break;_} (0.00s)
    --- PASS: TestNoUnreachableLoopStaysSilent/for_(;_b;)_{_(()_=>_a)()_} (0.00s)
    --- PASS: TestNoUnreachableLoopStaysSilent/for_(a;_;)_{_continue;_} (0.00s)
    --- PASS: TestNoUnreachableLoopStaysSilent/for_(;;)_{_continue;_break;_} (0.00s)
    --- PASS: TestNoUnreachableLoopStaysSilent/function_someFunc()_{_do_{_switch_(foo)_{_case_1:_break;_default:_return;_}_}_while_(a)_} (0.00s)
    --- PASS: TestNoUnreachableLoopStaysSilent/function_someFunc()_{_do_{_switch_(foo)_{_case_1:_return;_}_}_while_(a)_} (0.00s)
    --- PASS: TestNoUnreachableLoopStaysSilent/for_(;;)_(()_=>_a)(); (0.00s)
    --- PASS: TestNoUnreachableLoopStaysSilent/function_someFunc()_{_for_(;;)_{_switch_(foo)_{_case_1:_continue;_default:_return;_}_throw_err;_}_} (0.00s)
    --- PASS: TestNoUnreachableLoopStaysSilent/function_someFunc()_{_for_(;;)_{_switch_(foo)_{_case_1:_break;_default:_return;_}_}_} (0.00s)
    --- PASS: TestNoUnreachableLoopStaysSilent/function_someFunc()_{_for_(;;)_{_switch_(foo)_{_case_1:_return;_}_}_} (0.00s)
    --- PASS: TestNoUnreachableLoopStaysSilent/for_(a;_;)_continue; (0.00s)
    --- PASS: TestNoUnreachableLoopStaysSilent/for_(;_b;)_(()_=>_a)(); (0.00s)
    --- PASS: TestNoUnreachableLoopStaysSilent/function_someFunc()_{_for_(;;)_{_if_(foo)_{_continue;_}_return;_}_} (0.00s)
    --- PASS: TestNoUnreachableLoopStaysSilent/for_(;;)_{_if_(foo)_{_bar();_}_else_{_break;_}_} (0.00s)
    --- PASS: TestNoUnreachableLoopStaysSilent/function_someFunc()_{_for_(;;)_{_try_{_return_bar();_}_catch_(e)_{}_}_} (0.00s)
    --- PASS: TestNoUnreachableLoopStaysSilent/function_someFunc()_{_for_(;;)_{_if_(foo)_{_return;_}_bar();_}_} (0.00s)
    --- PASS: TestNoUnreachableLoopStaysSilent/for_(;;)_{_if_(foo)_break;_} (0.00s)
    --- PASS: TestNoUnreachableLoopStaysSilent/for_(a;_;)_{_bar();_} (0.00s)
    --- PASS: TestNoUnreachableLoopStaysSilent/for_(;;)_{_bar();_} (0.00s)
    --- PASS: TestNoUnreachableLoopStaysSilent/for_(;;)_{_continue;_} (0.00s)
    --- PASS: TestNoUnreachableLoopStaysSilent/for_(;;)_continue; (0.00s)
    --- PASS: TestNoUnreachableLoopStaysSilent/for_(;;)_; (0.00s)
    --- PASS: TestNoUnreachableLoopStaysSilent/for_(a_=_0;_;)_for_(a_of_b); (0.00s)
    --- PASS: TestNoUnreachableLoopStaysSilent/for_(;;)_{} (0.00s)
    --- PASS: TestNoUnreachableLoopStaysSilent/function_someFunc()_{_for_(a_=_0;_;)_while_(foo)_if_(bar)_return;_} (0.00s)
    --- PASS: TestNoUnreachableLoopStaysSilent/for_(a_=_0;_;)_for_(a_in_b); (0.00s)
    --- PASS: TestNoUnreachableLoopStaysSilent/for_(a_=_0;_;)_while_(true)_if_(foo)_break; (0.00s)
    --- PASS: TestNoUnreachableLoopStaysSilent/for_(a_=_0;_;)_for_(;;)_if_(foo)_break; (0.00s)
    --- PASS: TestNoUnreachableLoopStaysSilent/for_(a_=_0;_;)_for_(;_;_c)_if_(foo)_break; (0.00s)
    --- PASS: TestNoUnreachableLoopStaysSilent/for_(a_=_0;_;)_for_(;_b;); (0.00s)
    --- PASS: TestNoUnreachableLoopStaysSilent/for_(a_=_0;_;)_while_(a); (0.00s)
    --- PASS: TestNoUnreachableLoopStaysSilent/for_(a_=_0;_;)_do_;_while_(a) (0.00s)
    --- PASS: TestNoUnreachableLoopStaysSilent/for_(a_=_0;_;)_{_(()_=>_a)()_} (0.00s)
    --- PASS: TestNoUnreachableLoopStaysSilent/for_(a;_;)_{} (0.00s)
    --- PASS: TestNoUnreachableLoopStaysSilent/for_(a_=_0;_;)_for_(a;_b;_c); (0.00s)
    --- PASS: TestNoUnreachableLoopStaysSilent/for_(a_=_0;_;)_(()_=>_a)(); (0.00s)
    --- PASS: TestNoUnreachableLoopStaysSilent/for_(a_=_0;_;)_()_=>_a; (0.00s)
    --- PASS: TestNoUnreachableLoopStaysSilent/for_(a;_;)_; (0.00s)
    --- PASS: TestNoUnreachableLoopStaysSilent/for_(a_=_0;_;)_{_continue;_break;_} (0.00s)
    --- PASS: TestNoUnreachableLoopStaysSilent/for_(;_b_<_foo;_)_for_(a_of_b); (0.00s)
    --- PASS: TestNoUnreachableLoopStaysSilent/for_(a_=_0;_;)_{_()_=>_a_} (0.00s)
    --- PASS: TestNoUnreachableLoopStaysSilent/for_(;_b_<_foo;_)_for_(a_in_b); (0.00s)
    --- PASS: TestNoUnreachableLoopStaysSilent/function_someFunc()_{_for_(;_b_<_foo;_)_while_(foo)_if_(bar)_return;_} (0.00s)
    --- PASS: TestNoUnreachableLoopStaysSilent/for_(;_b_<_foo;_)_for_(;;)_if_(foo)_break; (0.00s)
    --- PASS: TestNoUnreachableLoopStaysSilent/for_(;_b_<_foo;_)_while_(true)_if_(foo)_break; (0.00s)
    --- PASS: TestNoUnreachableLoopStaysSilent/function_someFunc()_{_for_(a_=_0;_;)_{_switch_(foo)_{_case_1:_continue;_default:_return;_}_throw_err;_}_} (0.00s)
    --- PASS: TestNoUnreachableLoopStaysSilent/function_someFunc()_{_for_(a_=_0;_;)_{_switch_(foo)_{_case_1:_break;_default:_return;_}_}_} (0.00s)
    --- PASS: TestNoUnreachableLoopStaysSilent/function_someFunc()_{_for_(a_=_0;_;)_{_switch_(foo)_{_case_1:_return;_}_}_} (0.00s)
    --- PASS: TestNoUnreachableLoopStaysSilent/function_someFunc()_{_for_(a_=_0;_;)_{_try_{_return_bar();_}_catch_(e)_{}_}_} (0.00s)
    --- PASS: TestNoUnreachableLoopStaysSilent/function_someFunc()_{_for_(a_=_0;_;)_{_if_(foo)_{_continue;_}_return;_}_} (0.00s)
    --- PASS: TestNoUnreachableLoopStaysSilent/for_(a_=_0;_;)_{_if_(foo)_{_bar();_}_else_{_break;_}_} (0.00s)
    --- PASS: TestNoUnreachableLoopStaysSilent/for_(;_b_<_foo;_)_for_(;_;_c)_if_(foo)_break; (0.00s)
    --- PASS: TestNoUnreachableLoopStaysSilent/for_(;_b_<_foo;_)_for_(;_b;); (0.00s)
    --- PASS: TestNoUnreachableLoopStaysSilent/for_(a_=_0;_;)_{_if_(foo)_break;_} (0.00s)
    --- PASS: TestNoUnreachableLoopStaysSilent/function_someFunc()_{_for_(a_=_0;_;)_{_if_(foo)_{_return;_}_bar();_}_} (0.00s)
    --- PASS: TestNoUnreachableLoopStaysSilent/for_(;_b_<_foo;_)_for_(a;_b;_c); (0.00s)
    --- PASS: TestNoUnreachableLoopStaysSilent/for_(a_=_0;_;)_continue; (0.00s)
    --- PASS: TestNoUnreachableLoopStaysSilent/for_(;_b_<_foo;_)_do_;_while_(a) (0.00s)
    --- PASS: TestNoUnreachableLoopStaysSilent/for_(a_=_0;_;)_{_continue;_} (0.00s)
    --- PASS: TestNoUnreachableLoopStaysSilent/for_(a_=_0;_;)_{_bar();_} (0.00s)
    --- PASS: TestNoUnreachableLoopStaysSilent/function_someFunc()_{_do_{_if_(foo)_{_continue;_}_return;_}_while_(a)_} (0.00s)
    --- PASS: TestNoUnreachableLoopStaysSilent/for_(a_=_0;_;)_{} (0.00s)
    --- PASS: TestNoUnreachableLoopStaysSilent/for_(;_b_<_foo;_)_while_(a); (0.00s)
    --- PASS: TestNoUnreachableLoopStaysSilent/for_(;_b;)_{_()_=>_a_} (0.00s)
    --- PASS: TestNoUnreachableLoopStaysSilent/for_(;_b;)_()_=>_a; (0.00s)
    --- PASS: TestNoUnreachableLoopStaysSilent/function_someFunc()_{_for_(;_b;)_{_switch_(foo)_{_case_1:_break;_default:_return;_}_}_} (0.00s)
    --- PASS: TestNoUnreachableLoopStaysSilent/function_someFunc()_{_for_(;_b;)_{_switch_(foo)_{_case_1:_continue;_default:_return;_}_throw_err;_}_} (0.00s)
    --- PASS: TestNoUnreachableLoopStaysSilent/function_someFunc()_{_for_(;_b;)_{_switch_(foo)_{_case_1:_return;_}_}_} (0.00s)
    --- PASS: TestNoUnreachableLoopStaysSilent/function_someFunc()_{_for_(;_b;)_{_try_{_return_bar();_}_catch_(e)_{}_}_} (0.00s)
    --- PASS: TestNoUnreachableLoopStaysSilent/for_(;_b;)_{_continue;_break;_} (0.00s)
    --- PASS: TestNoUnreachableLoopStaysSilent/for_(;_b;)_{_if_(foo)_{_bar();_}_else_{_break;_}_} (0.00s)
    --- PASS: TestNoUnreachableLoopStaysSilent/function_someFunc()_{_for_(;_b;)_{_if_(foo)_{_continue;_}_return;_}_} (0.00s)
    --- PASS: TestNoUnreachableLoopStaysSilent/for_(;_b;)_{_if_(foo)_break;_} (0.00s)
    --- PASS: TestNoUnreachableLoopStaysSilent/function_someFunc()_{_for_(;_b;)_{_if_(foo)_{_return;_}_bar();_}_} (0.00s)
    --- PASS: TestNoUnreachableLoopStaysSilent/for_(;_b;)_{_bar();_} (0.00s)
    --- PASS: TestNoUnreachableLoopStaysSilent/for_(;_b;)_continue; (0.00s)
    --- PASS: TestNoUnreachableLoopStaysSilent/for_(;_b_<_foo;_)_{_(()_=>_a)()_} (0.00s)
    --- PASS: TestNoUnreachableLoopStaysSilent/for_(;_b_<_foo;_)_(()_=>_a)(); (0.00s)
    --- PASS: TestNoUnreachableLoopStaysSilent/for_(;_b;)_{_continue;_} (0.00s)
    --- PASS: TestNoUnreachableLoopStaysSilent/do_{_if_(foo)_{_bar();_}_else_{_break;_}_}_while_(a) (0.00s)
    --- PASS: TestNoUnreachableLoopStaysSilent/for_(;_b;)_; (0.00s)
    --- PASS: TestNoUnreachableLoopStaysSilent/for_(;_b;)_{} (0.00s)
    --- PASS: TestNoUnreachableLoopStaysSilent/do_{_if_(foo)_break;_}_while_(a) (0.00s)
    --- PASS: TestNoUnreachableLoopStaysSilent/function_someFunc()_{_do_{_if_(foo)_{_return;_}_bar();_}_while_(a)_} (0.00s)
    --- PASS: TestNoUnreachableLoopStaysSilent/for_(;_;_c++)_for_(a_in_b); (0.00s)
    --- PASS: TestNoUnreachableLoopStaysSilent/for_(;_;_c++)_for_(a_of_b); (0.00s)
    --- PASS: TestNoUnreachableLoopStaysSilent/for_(;_b_<_foo;_)_{_()_=>_a_} (0.00s)
    --- PASS: TestNoUnreachableLoopStaysSilent/do_continue;_while_(a) (0.00s)
    --- PASS: TestNoUnreachableLoopStaysSilent/do_{_continue;_}_while_(a) (0.00s)
    --- PASS: TestNoUnreachableLoopStaysSilent/do_{_bar();_}_while_(a) (0.00s)
    --- PASS: TestNoUnreachableLoopStaysSilent/do_{}_while_(a) (0.00s)
    --- PASS: TestNoUnreachableLoopStaysSilent/while_(a_&&_b)_for_(a_of_b); (0.00s)
    --- PASS: TestNoUnreachableLoopStaysSilent/do_;_while_(a) (0.00s)
    --- PASS: TestNoUnreachableLoopStaysSilent/while_(a_&&_b)_for_(a_in_b); (0.00s)
    --- PASS: TestNoUnreachableLoopStaysSilent/function_someFunc()_{_while_(a_&&_b)_while_(foo)_if_(bar)_return;_} (0.00s)
    --- PASS: TestNoUnreachableLoopStaysSilent/while_(a_&&_b)_while_(true)_if_(foo)_break; (0.00s)
    --- PASS: TestNoUnreachableLoopStaysSilent/while_(a_&&_b)_for_(;_;_c)_if_(foo)_break; (0.00s)
    --- PASS: TestNoUnreachableLoopStaysSilent/for_(;_;_c)_do_;_while_(a) (0.00s)
    --- PASS: TestNoUnreachableLoopStaysSilent/while_(a_&&_b)_for_(;_b;); (0.00s)
    --- PASS: TestNoUnreachableLoopStaysSilent/function_someFunc()_{_for_(;_;_c++)_while_(foo)_if_(bar)_return;_} (0.00s)
    --- PASS: TestNoUnreachableLoopStaysSilent/for_(;_;_c++)_while_(a); (0.00s)
    --- PASS: TestNoUnreachableLoopStaysSilent/while_(a_&&_b)_for_(a;_b;_c); (0.00s)
    --- PASS: TestNoUnreachableLoopStaysSilent/for_(;_;_c++)_(()_=>_a)(); (0.00s)
    --- PASS: TestNoUnreachableLoopStaysSilent/for_(;_;_c++)_{_(()_=>_a)()_} (0.00s)
    --- PASS: TestNoUnreachableLoopStaysSilent/for_(;_;_c++)_{_()_=>_a_} (0.00s)
    --- PASS: TestNoUnreachableLoopStaysSilent/for_(;_;_c++)_{_continue;_break;_} (0.00s)
    --- PASS: TestNoUnreachableLoopStaysSilent/for_(a_=_0;_b_<_foo;_)_{_continue;_} (0.00s)
    --- PASS: TestNoUnreachableLoopStaysSilent/function_someFunc()_{_for_(;_;_c++)_{_switch_(foo)_{_case_1:_continue;_default:_return;_}_throw_err;_}_} (0.00s)
    --- PASS: TestNoUnreachableLoopStaysSilent/function_someFunc()_{_for_(;_;_c++)_{_try_{_return_bar();_}_catch_(e)_{}_}_} (0.00s)
    --- PASS: TestNoUnreachableLoopStaysSilent/for_(;_;_c++)_()_=>_a; (0.00s)
    --- PASS: TestNoUnreachableLoopStaysSilent/while_(a_&&_b)_{_(()_=>_a)()_} (0.00s)
    --- PASS: TestNoUnreachableLoopStaysSilent/while_(a_&&_b)_for_(;;)_if_(foo)_break; (0.00s)
    --- PASS: TestNoUnreachableLoopStaysSilent/function_someFunc()_{_for_(;_;_c++)_{_if_(foo)_{_continue;_}_return;_}_} (0.00s)
    --- PASS: TestNoUnreachableLoopStaysSilent/for_(;_;_c++)_{_if_(foo)_{_bar();_}_else_{_break;_}_} (0.00s)
    --- PASS: TestNoUnreachableLoopStaysSilent/while_(a_&&_b)_(()_=>_a)(); (0.00s)
    --- PASS: TestNoUnreachableLoopStaysSilent/function_someFunc()_{_for_(;_;_c++)_{_if_(foo)_{_return;_}_bar();_}_} (0.00s)
    --- PASS: TestNoUnreachableLoopStaysSilent/while_(a_&&_b)_while_(a); (0.00s)
    --- PASS: TestNoUnreachableLoopStaysSilent/while_(a_&&_b)_()_=>_a; (0.00s)
    --- PASS: TestNoUnreachableLoopStaysSilent/for_(;_;_c++)_{_if_(foo)_break;_} (0.00s)
    --- PASS: TestNoUnreachableLoopStaysSilent/while_(a_&&_b)_{_()_=>_a_} (0.00s)
    --- PASS: TestNoUnreachableLoopStaysSilent/function_someFunc()_{_for_(;_;_c++)_{_switch_(foo)_{_case_1:_return;_}_}_} (0.00s)
    --- PASS: TestNoUnreachableLoopStaysSilent/for_(;_b_<_foo;_)_{_continue;_} (0.00s)
    --- PASS: TestNoUnreachableLoopStaysSilent/while_(a_&&_b)_{_continue;_break;_} (0.00s)
    --- PASS: TestNoUnreachableLoopStaysSilent/for_(;_;_c)_{_continue;_} (0.00s)
    --- PASS: TestNoUnreachableLoopStaysSilent/for_(;_;_c++)_while_(true)_if_(foo)_break; (0.00s)
    --- PASS: TestNoUnreachableLoopStaysSilent/for_(;_;_c++)_{_continue;_} (0.00s)
    --- PASS: TestNoUnreachableLoopStaysSilent/function_someFunc()_{_while_(a_&&_b)_{_switch_(foo)_{_case_1:_continue;_default:_return;_}_throw_err;_}_} (0.00s)
    --- PASS: TestNoUnreachableLoopStaysSilent/for_(;_;_c++)_for_(;;)_if_(foo)_break; (0.00s)
    --- PASS: TestNoUnreachableLoopStaysSilent/for_(;_;_c)_while_(a); (0.00s)
    --- PASS: TestNoUnreachableLoopStaysSilent/function_someFunc()_{_while_(a_&&_b)_{_switch_(foo)_{_case_1:_break;_default:_return;_}_}_} (0.00s)
    --- PASS: TestNoUnreachableLoopStaysSilent/for_(;_;_c)_{_bar();_} (0.00s)
    --- PASS: TestNoUnreachableLoopStaysSilent/for_(;_;_c)_continue; (0.00s)
    --- PASS: TestNoUnreachableLoopStaysSilent/function_someFunc()_{_for_(;_b_<_foo;_)_{_switch_(foo)_{_case_1:_continue;_default:_return;_}_throw_err;_}_} (0.00s)
    --- PASS: TestNoUnreachableLoopStaysSilent/for_(;_b_<_foo;_)_{_continue;_break;_} (0.00s)
    --- PASS: TestNoUnreachableLoopStaysSilent/function_someFunc()_{_for_(;_b_<_foo;_)_{_try_{_return_bar();_}_catch_(e)_{}_}_} (0.00s)
    --- PASS: TestNoUnreachableLoopStaysSilent/function_someFunc()_{_while_(a_&&_b)_{_try_{_return_bar();_}_catch_(e)_{}_}_} (0.00s)
    --- PASS: TestNoUnreachableLoopStaysSilent/for_(;_;_c)_{_(()_=>_a)()_} (0.00s)
    --- PASS: TestNoUnreachableLoopStaysSilent/for_(;_;_c)_{} (0.00s)
    --- PASS: TestNoUnreachableLoopStaysSilent/for_(;_;_c++)_continue; (0.00s)
    --- PASS: TestNoUnreachableLoopStaysSilent/function_someFunc()_{_for_(;_b_<_foo;_)_{_switch_(foo)_{_case_1:_break;_default:_return;_}_}_} (0.00s)
    --- PASS: TestNoUnreachableLoopStaysSilent/function_someFunc()_{_for_(;_;_c)_{_switch_(foo)_{_case_1:_break;_default:_return;_}_}_} (0.00s)
    --- PASS: TestNoUnreachableLoopStaysSilent/function_someFunc()_{_for_(;_;_c++)_{_switch_(foo)_{_case_1:_break;_default:_return;_}_}_} (0.00s)
    --- PASS: TestNoUnreachableLoopStaysSilent/function_someFunc()_{_for_(;_;_c)_{_switch_(foo)_{_case_1:_return;_}_}_} (0.00s)
    --- PASS: TestNoUnreachableLoopStaysSilent/function_someFunc()_{_for_(;_;_c)_{_if_(foo)_{_continue;_}_return;_}_} (0.00s)
    --- PASS: TestNoUnreachableLoopStaysSilent/for_(;_;_c)_{_if_(foo)_{_bar();_}_else_{_break;_}_} (0.00s)
    --- PASS: TestNoUnreachableLoopStaysSilent/function_someFunc()_{_for_(;_b_<_foo;_)_{_switch_(foo)_{_case_1:_return;_}_}_} (0.00s)
    --- PASS: TestNoUnreachableLoopStaysSilent/function_someFunc()_{_for_(;_b_<_foo;_)_{_if_(foo)_{_continue;_}_return;_}_} (0.00s)
    --- PASS: TestNoUnreachableLoopStaysSilent/for_(;_;_c)_()_=>_a; (0.00s)
    --- PASS: TestNoUnreachableLoopStaysSilent/for_(;_;_c++)_{} (0.00s)
    --- PASS: TestNoUnreachableLoopStaysSilent/for_(;_;_c++)_; (0.00s)
    --- PASS: TestNoUnreachableLoopStaysSilent/for_(;_b_<_foo;_)_{_if_(foo)_{_bar();_}_else_{_break;_}_} (0.00s)
    --- PASS: TestNoUnreachableLoopStaysSilent/for_(;_;_c)_for_(a_of_b); (0.00s)
    --- PASS: TestNoUnreachableLoopStaysSilent/for_(;_;_c++)_for_(;_b;); (0.00s)
    --- PASS: TestNoUnreachableLoopStaysSilent/function_someFunc()_{_for_(;_;_c)_{_try_{_return_bar();_}_catch_(e)_{}_}_} (0.00s)
    --- PASS: TestNoUnreachableLoopStaysSilent/function_someFunc()_{_for_(;_b_<_foo;_)_{_if_(foo)_{_return;_}_bar();_}_} (0.00s)
    --- PASS: TestNoUnreachableLoopStaysSilent/for_(;_;_c)_for_(a_in_b); (0.00s)
    --- PASS: TestNoUnreachableLoopStaysSilent/function_someFunc()_{_for_(;_;_c)_while_(foo)_if_(bar)_return;_} (0.00s)
    --- PASS: TestNoUnreachableLoopStaysSilent/for_(;_;_c++)_for_(a;_b;_c); (0.00s)
    --- PASS: TestNoUnreachableLoopStaysSilent/for_(;_;_c)_while_(true)_if_(foo)_break; (0.00s)
    --- PASS: TestNoUnreachableLoopStaysSilent/for_(;_b_<_foo;_)_{_if_(foo)_break;_} (0.00s)
    --- PASS: TestNoUnreachableLoopStaysSilent/function_someFunc()_{_for_(;_;_c)_{_switch_(foo)_{_case_1:_continue;_default:_return;_}_throw_err;_}_} (0.00s)
    --- PASS: TestNoUnreachableLoopStaysSilent/for_(;_;_c)_{_if_(foo)_break;_} (0.00s)
    --- PASS: TestNoUnreachableLoopStaysSilent/for_(;_;_c)_(()_=>_a)(); (0.00s)
    --- PASS: TestNoUnreachableLoopStaysSilent/for_(;_;_c)_for_(;;)_if_(foo)_break; (0.00s)
    --- PASS: TestNoUnreachableLoopStaysSilent/for_(;_;_c)_{_()_=>_a_} (0.00s)
    --- PASS: TestNoUnreachableLoopStaysSilent/for_(;_;_c)_{_continue;_break;_} (0.00s)
    --- PASS: TestNoUnreachableLoopStaysSilent/for_(;_;_c++)_do_;_while_(a) (0.00s)
    --- PASS: TestNoUnreachableLoopStaysSilent/function_someFunc()_{_while_(a_&&_b)_{_switch_(foo)_{_case_1:_return;_}_}_} (0.00s)
    --- PASS: TestNoUnreachableLoopStaysSilent/for_(;_;_c)_for_(;_;_c)_if_(foo)_break; (0.00s)
    --- PASS: TestNoUnreachableLoopStaysSilent/for_(;_;_c)_for_(;_b;); (0.00s)
    --- PASS: TestNoUnreachableLoopStaysSilent/for_(;_;_c++)_for_(;_;_c)_if_(foo)_break; (0.00s)
    --- PASS: TestNoUnreachableLoopStaysSilent/for_(;_;_c++)_{_bar();_} (0.00s)
    --- PASS: TestNoUnreachableLoopStaysSilent/for_(;_b_<_foo;_)_()_=>_a; (0.00s)
    --- PASS: TestNoUnreachableLoopStaysSilent/function_someFunc()_{_while_(a_&&_b)_{_if_(foo)_{_continue;_}_return;_}_} (0.00s)
    --- PASS: TestNoUnreachableLoopStaysSilent/for_(;_;_c)_; (0.00s)
    --- PASS: TestNoUnreachableLoopStaysSilent/for_(a_=_0;_b_<_foo;_)_for_(a_in_b); (0.00s)
    --- PASS: TestNoUnreachableLoopStaysSilent/for_(a_=_0;_b_<_foo;_)_for_(a_of_b); (0.00s)
    --- PASS: TestNoUnreachableLoopStaysSilent/for_(a_=_0;_b_<_foo;_)_while_(true)_if_(foo)_break; (0.00s)
    --- PASS: TestNoUnreachableLoopStaysSilent/function_someFunc()_{_for_(a_=_0;_b_<_foo;_)_while_(foo)_if_(bar)_return;_} (0.00s)
    --- PASS: TestNoUnreachableLoopStaysSilent/for_(a_=_0;_b_<_foo;_)_for_(;;)_if_(foo)_break; (0.00s)
    --- PASS: TestNoUnreachableLoopStaysSilent/for_(a_=_0;_b_<_foo;_)_for_(;_b;); (0.00s)
    --- PASS: TestNoUnreachableLoopStaysSilent/for_(a_=_0;_b_<_foo;_)_for_(;_;_c)_if_(foo)_break; (0.00s)
    --- PASS: TestNoUnreachableLoopStaysSilent/for_(a_=_0;_b_<_foo;_)_for_(a;_b;_c); (0.00s)
    --- PASS: TestNoUnreachableLoopStaysSilent/for_(a_=_0;_b_<_foo;_)_do_;_while_(a) (0.00s)
    --- PASS: TestNoUnreachableLoopStaysSilent/for_(;_;_c)_for_(a;_b;_c); (0.00s)
    --- PASS: TestNoUnreachableLoopStaysSilent/function_someFunc()_{_for_(;_;_c)_{_if_(foo)_{_return;_}_bar();_}_} (0.00s)
    --- PASS: TestNoUnreachableLoopStaysSilent/for_(a_=_0;_b_<_foo;_)_{_(()_=>_a)()_} (0.00s)
    --- PASS: TestNoUnreachableLoopStaysSilent/for_(a_=_0;_b_<_foo;_)_while_(a); (0.00s)
    --- PASS: TestNoUnreachableLoopStaysSilent/while_(a_&&_b)_{_if_(foo)_{_bar();_}_else_{_break;_}_} (0.00s)
    --- PASS: TestNoUnreachableLoopStaysSilent/for_(a_=_0;_b_<_foo;_)_continue; (0.00s)
    --- PASS: TestNoUnreachableLoopStaysSilent/function_someFunc()_{_while_(a_&&_b)_{_if_(foo)_{_return;_}_bar();_}_} (0.00s)
    --- PASS: TestNoUnreachableLoopStaysSilent/for_(a_=_0;_b_<_foo;_)_{_if_(foo)_break;_} (0.00s)
    --- PASS: TestNoUnreachableLoopStaysSilent/for_(a_=_0;_b_<_foo;_)_(()_=>_a)(); (0.00s)
    --- PASS: TestNoUnreachableLoopStaysSilent/while_(a_&&_b)_{_if_(foo)_break;_} (0.00s)
    --- PASS: TestNoUnreachableLoopStaysSilent/for_(;_b_<_foo;_)_continue; (0.00s)
    --- PASS: TestNoUnreachableLoopStaysSilent/while_(a_&&_b)_do_;_while_(a) (0.00s)
    --- PASS: TestNoUnreachableLoopStaysSilent/while_(a_&&_b)_continue; (0.00s)
    --- PASS: TestNoUnreachableLoopStaysSilent/while_(a_&&_b)_{_continue;_} (0.00s)
    --- PASS: TestNoUnreachableLoopStaysSilent/while_(a_&&_b)_{_bar();_} (0.00s)
    --- PASS: TestNoUnreachableLoopStaysSilent/for_(;_b_<_foo;_)_{_bar();_} (0.00s)
    --- PASS: TestNoUnreachableLoopStaysSilent/for_(;_b_<_foo;_)_{} (0.00s)
    --- PASS: TestNoUnreachableLoopStaysSilent/while_(a_&&_b)_{} (0.00s)
    --- PASS: TestNoUnreachableLoopStaysSilent/for_(;_b_<_foo;_)_; (0.00s)
    --- PASS: TestNoUnreachableLoopStaysSilent/while_(a)_for_(a_of_b); (0.00s)
    --- PASS: TestNoUnreachableLoopStaysSilent/for_(a_=_0;_b_<_foo;_)_{_()_=>_a_} (0.00s)
    --- PASS: TestNoUnreachableLoopStaysSilent/while_(a)_for_(a_in_b); (0.00s)
    --- PASS: TestNoUnreachableLoopStaysSilent/while_(a_&&_b)_; (0.00s)
    --- PASS: TestNoUnreachableLoopStaysSilent/for_(;_b;)_for_(a_of_b); (0.00s)
    --- PASS: TestNoUnreachableLoopStaysSilent/while_(a)_for_(;_;_c)_if_(foo)_break; (0.00s)
    --- PASS: TestNoUnreachableLoopStaysSilent/while_(a)_while_(true)_if_(foo)_break; (0.00s)
    --- PASS: TestNoUnreachableLoopStaysSilent/function_someFunc()_{_while_(a)_while_(foo)_if_(bar)_return;_} (0.00s)
    --- PASS: TestNoUnreachableLoopStaysSilent/for_(a_=_0;_b_<_foo;_)_{_bar();_} (0.00s)
    --- PASS: TestNoUnreachableLoopStaysSilent/for_(a_=_0;_b_<_foo;_)_; (0.00s)
    --- PASS: TestNoUnreachableLoopStaysSilent/for_(a_=_0;_b_<_foo;_)_{} (0.00s)
    --- PASS: TestNoUnreachableLoopStaysSilent/for_(a;_b;)_for_(a_of_b); (0.00s)
    --- PASS: TestNoUnreachableLoopStaysSilent/for_(a;_b;)_for_(a_in_b); (0.00s)
    --- PASS: TestNoUnreachableLoopStaysSilent/function_someFunc()_{_for_(a;_b;)_while_(foo)_if_(bar)_return;_} (0.00s)
    --- PASS: TestNoUnreachableLoopStaysSilent/for_(a_=_0;_b_<_foo;_)_()_=>_a; (0.00s)
    --- PASS: TestNoUnreachableLoopStaysSilent/for_(a_=_0;_b_<_foo;_)_{_continue;_break;_} (0.00s)
    --- PASS: TestNoUnreachableLoopStaysSilent/for_(a;_b;)_while_(true)_if_(foo)_break; (0.00s)
    --- PASS: TestNoUnreachableLoopStaysSilent/for_(a;_b;)_for_(;;)_if_(foo)_break; (0.00s)
    --- PASS: TestNoUnreachableLoopStaysSilent/for_(a;_b;)_for_(;_;_c)_if_(foo)_break; (0.00s)
    --- PASS: TestNoUnreachableLoopStaysSilent/function_someFunc()_{_for_(a_=_0;_b_<_foo;_)_{_switch_(foo)_{_case_1:_continue;_default:_return;_}_throw_err;_}_} (0.00s)
    --- PASS: TestNoUnreachableLoopStaysSilent/for_(a;_b;)_for_(;_b;); (0.00s)
    --- PASS: TestNoUnreachableLoopStaysSilent/function_someFunc()_{_for_(a_=_0;_b_<_foo;_)_{_switch_(foo)_{_case_1:_break;_default:_return;_}_}_} (0.00s)
    --- PASS: TestNoUnreachableLoopStaysSilent/function_someFunc()_{_for_(a_=_0;_b_<_foo;_)_{_switch_(foo)_{_case_1:_return;_}_}_} (0.00s)
    --- PASS: TestNoUnreachableLoopStaysSilent/function_someFunc()_{_for_(a_=_0;_b_<_foo;_)_{_if_(foo)_{_continue;_}_return;_}_} (0.00s)
    --- PASS: TestNoUnreachableLoopStaysSilent/for_(a;_b;)_for_(a;_b;_c); (0.00s)
    --- PASS: TestNoUnreachableLoopStaysSilent/for_(a;_b;)_do_;_while_(a) (0.00s)
    --- PASS: TestNoUnreachableLoopStaysSilent/function_someFunc()_{_for_(a_=_0;_b_<_foo;_)_{_if_(foo)_{_return;_}_bar();_}_} (0.00s)
    --- PASS: TestNoUnreachableLoopStaysSilent/function_someFunc()_{_for_(a_=_0;_b_<_foo;_)_{_try_{_return_bar();_}_catch_(e)_{}_}_} (0.00s)
    --- PASS: TestNoUnreachableLoopStaysSilent/for_(a;_b;)_{_(()_=>_a)()_} (0.00s)
    --- PASS: TestNoUnreachableLoopStaysSilent/for_(a_=_0;_b_<_foo;_)_{_if_(foo)_{_bar();_}_else_{_break;_}_} (0.00s)
    --- PASS: TestNoUnreachableLoopStaysSilent/for_(a;_b;)_(()_=>_a)(); (0.00s)
    --- PASS: TestNoUnreachableLoopStaysSilent/for_(a;_b;)_{_()_=>_a_} (0.00s)
    --- PASS: TestNoUnreachableLoopStaysSilent/for_(a;_b;)_()_=>_a; (0.00s)
    --- PASS: TestNoUnreachableLoopStaysSilent/for_(a;_b;)_{_continue;_break;_} (0.00s)
    --- PASS: TestNoUnreachableLoopStaysSilent/for_(a_=_0;_;_c++)_for_(a_in_b); (0.00s)
    --- PASS: TestNoUnreachableLoopStaysSilent/for_(a;_b;)_while_(a); (0.00s)
    --- PASS: TestNoUnreachableLoopStaysSilent/for_(a_=_0;_;_c++)_while_(true)_if_(foo)_break; (0.00s)
    --- PASS: TestNoUnreachableLoopStaysSilent/function_someFunc()_{_for_(a_=_0;_;_c++)_while_(foo)_if_(bar)_return;_} (0.00s)
    --- PASS: TestNoUnreachableLoopStaysSilent/function_someFunc()_{_for_(a;_b;)_{_switch_(foo)_{_case_1:_continue;_default:_return;_}_throw_err;_}_} (0.00s)
    --- PASS: TestNoUnreachableLoopStaysSilent/for_(a;_b;)_{_if_(foo)_{_bar();_}_else_{_break;_}_} (0.00s)
    --- PASS: TestNoUnreachableLoopStaysSilent/function_someFunc()_{_for_(a;_b;)_{_switch_(foo)_{_case_1:_return;_}_}_} (0.00s)
    --- PASS: TestNoUnreachableLoopStaysSilent/function_someFunc()_{_for_(a;_b;)_{_switch_(foo)_{_case_1:_break;_default:_return;_}_}_} (0.00s)
    --- PASS: TestNoUnreachableLoopStaysSilent/function_someFunc()_{_for_(a;_b;)_{_if_(foo)_{_continue;_}_return;_}_} (0.00s)
    --- PASS: TestNoUnreachableLoopStaysSilent/function_someFunc()_{_for_(a;_b;)_{_try_{_return_bar();_}_catch_(e)_{}_}_} (0.00s)
    --- PASS: TestNoUnreachableLoopStaysSilent/function_someFunc()_{_for_(a;_b;)_{_if_(foo)_{_return;_}_bar();_}_} (0.00s)
    --- PASS: TestNoUnreachableLoopStaysSilent/for_(;_b;)_for_(a_in_b); (0.00s)
    --- PASS: TestNoUnreachableLoopStaysSilent/for_(a_=_0;_;_c++)_for_(;;)_if_(foo)_break; (0.00s)
    --- PASS: TestNoUnreachableLoopStaysSilent/for_(a;_b;)_{_if_(foo)_break;_} (0.00s)
    --- PASS: TestNoUnreachableLoopStaysSilent/function_someFunc()_{_for_(;_b;)_while_(foo)_if_(bar)_return;_} (0.00s)
    --- PASS: TestNoUnreachableLoopStaysSilent/for_(;_b;)_for_(;;)_if_(foo)_break; (0.00s)
    --- PASS: TestNoUnreachableLoopStaysSilent/for_(;_b;)_while_(true)_if_(foo)_break; (0.00s)
    --- PASS: TestNoUnreachableLoopStaysSilent/for_(;_b;)_do_;_while_(a) (0.00s)
    --- PASS: TestNoUnreachableLoopStaysSilent/for_(a_=_0;_;_c++)_; (0.00s)
    --- PASS: TestNoUnreachableLoopStaysSilent/for_(;_b;)_for_(;_;_c)_if_(foo)_break; (0.00s)
    --- PASS: TestNoUnreachableLoopStaysSilent/for_(;_b;)_for_(a;_b;_c); (0.00s)
    --- PASS: TestNoUnreachableLoopStaysSilent/while_(a)_for_(;_b;); (0.00s)
    --- PASS: TestNoUnreachableLoopStaysSilent/for_(a;_b;)_{_continue;_} (0.00s)
    --- PASS: TestNoUnreachableLoopStaysSilent/for_(a;_;_c)_for_(a_of_b); (0.00s)
    --- PASS: TestNoUnreachableLoopStaysSilent/for_(a;_b;)_{_bar();_} (0.00s)
    --- PASS: TestNoUnreachableLoopStaysSilent/while_(a)_for_(a;_b;_c); (0.00s)
    --- PASS: TestNoUnreachableLoopStaysSilent/for_(a;_b;)_continue; (0.00s)
    --- PASS: TestNoUnreachableLoopStaysSilent/for_(a;_;_c)_for_(a_in_b); (0.00s)
    --- PASS: TestNoUnreachableLoopStaysSilent/while_(a)_do_;_while_(a) (0.00s)
    --- PASS: TestNoUnreachableLoopStaysSilent/for_(a_=_0;_;_c++)_for_(;_;_c)_if_(foo)_break; (0.00s)
    --- PASS: TestNoUnreachableLoopStaysSilent/while_(a)_while_(a); (0.00s)
    --- PASS: TestNoUnreachableLoopStaysSilent/for_(a;_b;)_; (0.00s)
    --- PASS: TestNoUnreachableLoopStaysSilent/for_(a;_;_c)_while_(true)_if_(foo)_break; (0.00s)
    --- PASS: TestNoUnreachableLoopStaysSilent/while_(a)_{_(()_=>_a)()_} (0.00s)
    --- PASS: TestNoUnreachableLoopStaysSilent/for_(a_=_0;_;_c++)_for_(;_b;); (0.00s)
    --- PASS: TestNoUnreachableLoopStaysSilent/for_(a;_;_c)_{_if_(foo)_{_bar();_}_else_{_break;_}_} (0.00s)
    --- PASS: TestNoUnreachableLoopStaysSilent/while_(a)_(()_=>_a)(); (0.00s)
    --- PASS: TestNoUnreachableLoopStaysSilent/function_someFunc()_{_for_(var_i_=_0;_i_<_a.length;_i++)_{_try_{_return_bar();_}_catch_(e)_{}_}_} (0.00s)
    --- PASS: TestNoUnreachableLoopStaysSilent/for_(a_=_0;_;_c++)_for_(a;_b;_c); (0.00s)
    --- PASS: TestNoUnreachableLoopStaysSilent/function_someFunc()_{_for_(a;_;_c)_while_(foo)_if_(bar)_return;_} (0.00s)
    --- PASS: TestNoUnreachableLoopStaysSilent/while_(a)_{_()_=>_a_} (0.00s)
    --- PASS: TestNoUnreachableLoopStaysSilent/for_(a_=_0;_;_c++)_for_(a_of_b); (0.00s)
    --- PASS: TestNoUnreachableLoopStaysSilent/for_(a_=_0;_;_c++)_do_;_while_(a) (0.00s)
    --- PASS: TestNoUnreachableLoopStaysSilent/for_(a_=_0;_;_c++)_while_(a); (0.00s)
    --- PASS: TestNoUnreachableLoopStaysSilent/function_someFunc()_{_for_(a;_;_c)_{_if_(foo)_{_return;_}_bar();_}_} (0.00s)
    --- PASS: TestNoUnreachableLoopStaysSilent/for_(a_=_0;_;_c++)_{_()_=>_a_} (0.00s)
    --- PASS: TestNoUnreachableLoopStaysSilent/for_(a_=_0;_;_c++)_(()_=>_a)(); (0.00s)
    --- PASS: TestNoUnreachableLoopStaysSilent/for_(a_=_0;_;_c++)_{_(()_=>_a)()_} (0.00s)
    --- PASS: TestNoUnreachableLoopStaysSilent/for_(a;_;_c)_{_if_(foo)_break;_} (0.00s)
    --- PASS: TestNoUnreachableLoopStaysSilent/while_(a)_()_=>_a; (0.00s)
    --- PASS: TestNoUnreachableLoopStaysSilent/for_(a;_;_c)_{_continue;_} (0.00s)
    --- PASS: TestNoUnreachableLoopStaysSilent/for_(a;_;_c)_{_bar();_} (0.00s)
    --- PASS: TestNoUnreachableLoopStaysSilent/for_(a_=_0;_;_c++)_()_=>_a; (0.00s)
    --- PASS: TestNoUnreachableLoopStaysSilent/for_(a;_;_c)_continue; (0.00s)
    --- PASS: TestNoUnreachableLoopStaysSilent/while_(a)_{_continue;_break;_} (0.00s)
    --- PASS: TestNoUnreachableLoopStaysSilent/for_(a;_;_c)_{} (0.00s)
    --- PASS: TestNoUnreachableLoopStaysSilent/for_(a_=_0;_;_c++)_{_continue;_break;_} (0.00s)
    --- PASS: TestNoUnreachableLoopStaysSilent/function_someFunc()_{_while_(a)_{_switch_(foo)_{_case_1:_continue;_default:_return;_}_throw_err;_}_} (0.00s)
    --- PASS: TestNoUnreachableLoopStaysSilent/function_someFunc()_{_while_(a)_{_try_{_return_bar();_}_catch_(e)_{}_}_} (0.00s)
    --- PASS: TestNoUnreachableLoopStaysSilent/function_someFunc()_{_while_(a)_{_switch_(foo)_{_case_1:_break;_default:_return;_}_}_} (0.00s)
    --- PASS: TestNoUnreachableLoopStaysSilent/for_(;_b;)_for_(;_b;); (0.00s)
    --- PASS: TestNoUnreachableLoopStaysSilent/while_(a)_{_if_(foo)_{_bar();_}_else_{_break;_}_} (0.00s)
    --- PASS: TestNoUnreachableLoopStaysSilent/function_someFunc()_{_while_(a)_{_switch_(foo)_{_case_1:_return;_}_}_} (0.00s)
    --- PASS: TestNoUnreachableLoopStaysSilent/function_someFunc()_{_while_(a)_{_if_(foo)_{_return;_}_bar();_}_} (0.00s)
    --- PASS: TestNoUnreachableLoopStaysSilent/function_someFunc()_{_while_(a)_{_if_(foo)_{_continue;_}_return;_}_} (0.00s)
    --- PASS: TestNoUnreachableLoopStaysSilent/while_(a)_{_if_(foo)_break;_} (0.00s)
    --- PASS: TestNoUnreachableLoopStaysSilent/while_(a)_{_continue;_} (0.00s)
    --- PASS: TestNoUnreachableLoopStaysSilent/for_(a;_;_c)_for_(;;)_if_(foo)_break; (0.00s)
    --- PASS: TestNoUnreachableLoopStaysSilent/while_(a)_continue; (0.00s)
    --- PASS: TestNoUnreachableLoopStaysSilent/for_(a;_;_c)_for_(;_b;); (0.00s)
    --- PASS: TestNoUnreachableLoopStaysSilent/for_(a;_;_c)_for_(;_;_c)_if_(foo)_break; (0.00s)
    --- PASS: TestNoUnreachableLoopStaysSilent/for_(a;_;_c)_for_(a;_b;_c); (0.00s)
    --- PASS: TestNoUnreachableLoopStaysSilent/function_someFunc()_{_for_(a_=_0;_;_c++)_{_switch_(foo)_{_case_1:_break;_default:_return;_}_}_} (0.00s)
    --- PASS: TestNoUnreachableLoopStaysSilent/while_(a)_{_bar();_} (0.00s)
    --- PASS: TestNoUnreachableLoopStaysSilent/function_someFunc()_{_for_(a_=_0;_;_c++)_{_switch_(foo)_{_case_1:_continue;_default:_return;_}_throw_err;_}_} (0.00s)
    --- PASS: TestNoUnreachableLoopStaysSilent/for_(a;_;_c)_do_;_while_(a) (0.00s)
    --- PASS: TestNoUnreachableLoopStaysSilent/for_(a;_;_c)_while_(a); (0.00s)
    --- PASS: TestNoUnreachableLoopStaysSilent/for_(;_b_<_foo;_c++)_while_(a); (0.00s)
    --- PASS: TestNoUnreachableLoopStaysSilent/function_someFunc()_{_for_(a_=_0;_;_c++)_{_try_{_return_bar();_}_catch_(e)_{}_}_} (0.00s)
    --- PASS: TestNoUnreachableLoopStaysSilent/for_(a;_;_c)_{_(()_=>_a)()_} (0.00s)
    --- PASS: TestNoUnreachableLoopStaysSilent/function_someFunc()_{_for_(a_=_0;_;_c++)_{_switch_(foo)_{_case_1:_return;_}_}_} (0.00s)
    --- PASS: TestNoUnreachableLoopStaysSilent/while_(a)_{} (0.00s)
    --- PASS: TestNoUnreachableLoopStaysSilent/for_(a;_;_c)_(()_=>_a)(); (0.00s)
    --- PASS: TestNoUnreachableLoopStaysSilent/for_(a;_;_c)_; (0.00s)
    --- PASS: TestNoUnreachableLoopStaysSilent/for_(;_b_<_foo;_c++)_for_(a_in_b); (0.00s)
    --- PASS: TestNoUnreachableLoopStaysSilent/for_(a;_;_c)_{_()_=>_a_} (0.00s)
    --- PASS: TestNoUnreachableLoopStaysSilent/for_(;_b_<_foo;_c++)_for_(a_of_b); (0.00s)
    --- PASS: TestNoUnreachableLoopStaysSilent/for_(a;_;_c)_()_=>_a; (0.00s)
    --- PASS: TestNoUnreachableLoopStaysSilent/for_(;_b_<_foo;_c++)_for_(;;)_if_(foo)_break; (0.00s)
    --- PASS: TestNoUnreachableLoopStaysSilent/for_(;_b_<_foo;_c++)_{_(()_=>_a)()_} (0.00s)
    --- PASS: TestNoUnreachableLoopStaysSilent/function_someFunc()_{_for_(;_b_<_foo;_c++)_while_(foo)_if_(bar)_return;_} (0.00s)
    --- PASS: TestNoUnreachableLoopStaysSilent/for_(a;_;_c)_{_continue;_break;_} (0.00s)
    --- PASS: TestNoUnreachableLoopStaysSilent/for_(;_b_<_foo;_c++)_for_(;_;_c)_if_(foo)_break; (0.00s)
    --- PASS: TestNoUnreachableLoopStaysSilent/for_(;_b_<_foo;_c++)_(()_=>_a)(); (0.00s)
    --- PASS: TestNoUnreachableLoopStaysSilent/for_(;_b_<_foo;_c++)_for_(a;_b;_c); (0.00s)
    --- PASS: TestNoUnreachableLoopStaysSilent/for_(;_b_<_foo;_c++)_while_(true)_if_(foo)_break; (0.00s)
    --- PASS: TestNoUnreachableLoopStaysSilent/for_(;_b_<_foo;_c++)_for_(;_b;); (0.00s)
    --- PASS: TestNoUnreachableLoopStaysSilent/for_(;_b_<_foo;_c++)_do_;_while_(a) (0.00s)
    --- PASS: TestNoUnreachableLoopStaysSilent/for_(;_b_<_foo;_c++)_continue; (0.00s)
    --- PASS: TestNoUnreachableLoopStaysSilent/for_(;_b_<_foo;_c++)_{_continue;_} (0.00s)
    --- PASS: TestNoUnreachableLoopStaysSilent/for_(;_b_<_foo;_c++)_{_bar();_} (0.00s)
    --- PASS: TestNoUnreachableLoopStaysSilent/for_(;_b_<_foo;_c++)_{} (0.00s)
    --- PASS: TestNoUnreachableLoopStaysSilent/for_(;_b_<_foo;_c++)_; (0.00s)
    --- PASS: TestNoUnreachableLoopStaysSilent/function_someFunc()_{_for_(a;_;_c)_{_try_{_return_bar();_}_catch_(e)_{}_}_} (0.00s)
    --- PASS: TestNoUnreachableLoopStaysSilent/function_someFunc()_{_for_(;_b;_c)_while_(foo)_if_(bar)_return;_} (0.00s)
    --- PASS: TestNoUnreachableLoopStaysSilent/for_(;_b;_c)_for_(a_of_b); (0.00s)
    --- PASS: TestNoUnreachableLoopStaysSilent/for_(;_b;_c)_for_(a_in_b); (0.00s)
    --- PASS: TestNoUnreachableLoopStaysSilent/for_(;_b_<_foo;_c++)_{_()_=>_a_} (0.00s)
    --- PASS: TestNoUnreachableLoopStaysSilent/for_(;_b;_c)_while_(true)_if_(foo)_break; (0.00s)
    --- PASS: TestNoUnreachableLoopStaysSilent/function_someFunc()_{_for_(a;_;_c)_{_switch_(foo)_{_case_1:_continue;_default:_return;_}_throw_err;_}_} (0.00s)
    --- PASS: TestNoUnreachableLoopStaysSilent/function_someFunc()_{_for_(a;_;_c)_{_switch_(foo)_{_case_1:_break;_default:_return;_}_}_} (0.00s)
    --- PASS: TestNoUnreachableLoopStaysSilent/for_(;_b;_c)_for_(;_;_c)_if_(foo)_break; (0.00s)
    --- PASS: TestNoUnreachableLoopStaysSilent/for_(;_b;_c)_for_(;_b;); (0.00s)
    --- PASS: TestNoUnreachableLoopStaysSilent/function_someFunc()_{_for_(a;_;_c)_{_switch_(foo)_{_case_1:_return;_}_}_} (0.00s)
    --- PASS: TestNoUnreachableLoopStaysSilent/function_someFunc()_{_for_(a;_;_c)_{_if_(foo)_{_continue;_}_return;_}_} (0.00s)
    --- PASS: TestNoUnreachableLoopStaysSilent/function_someFunc()_{_for_(a_=_0;_;_c++)_{_if_(foo)_{_continue;_}_return;_}_} (0.00s)
    --- PASS: TestNoUnreachableLoopStaysSilent/for_(;_b;_c)_{_continue;_break;_} (0.00s)
    --- PASS: TestNoUnreachableLoopStaysSilent/function_someFunc()_{_for_(;_b;_c)_{_switch_(foo)_{_case_1:_continue;_default:_return;_}_throw_err;_}_} (0.00s)
    --- PASS: TestNoUnreachableLoopStaysSilent/for_(a_=_0;_;_c++)_{_if_(foo)_{_bar();_}_else_{_break;_}_} (0.00s)
    --- PASS: TestNoUnreachableLoopStaysSilent/function_someFunc()_{_for_(;_b;_c)_{_switch_(foo)_{_case_1:_break;_default:_return;_}_}_} (0.00s)
    --- PASS: TestNoUnreachableLoopStaysSilent/function_someFunc()_{_for_(;_b;_c)_{_try_{_return_bar();_}_catch_(e)_{}_}_} (0.00s)
    --- PASS: TestNoUnreachableLoopStaysSilent/for_(;_b;_c)_for_(a;_b;_c); (0.00s)
    --- PASS: TestNoUnreachableLoopStaysSilent/for_(;_b;_c)_do_;_while_(a) (0.00s)
    --- PASS: TestNoUnreachableLoopStaysSilent/function_someFunc()_{_for_(a_=_0;_;_c++)_{_if_(foo)_{_return;_}_bar();_}_} (0.00s)
    --- PASS: TestNoUnreachableLoopStaysSilent/for_(a_=_0;_;_c++)_{_if_(foo)_break;_} (0.00s)
    --- PASS: TestNoUnreachableLoopStaysSilent/function_someFunc()_{_for_(;_b;_c)_{_switch_(foo)_{_case_1:_return;_}_}_} (0.00s)
    --- PASS: TestNoUnreachableLoopStaysSilent/for_(a_=_0;_;_c++)_{_continue;_} (0.00s)
    --- PASS: TestNoUnreachableLoopStaysSilent/for_(;_b;_c)_{_if_(foo)_{_bar();_}_else_{_break;_}_} (0.00s)
    --- PASS: TestNoUnreachableLoopStaysSilent/function_someFunc()_{_for_(;_b;_c)_{_if_(foo)_{_continue;_}_return;_}_} (0.00s)
    --- PASS: TestNoUnreachableLoopStaysSilent/for_(;_b;_c)_while_(a); (0.00s)
    --- PASS: TestNoUnreachableLoopStaysSilent/function_someFunc()_{_for_(;_b;_c)_{_if_(foo)_{_return;_}_bar();_}_} (0.00s)
    --- PASS: TestNoUnreachableLoopStaysSilent/for_(;_b;_c)_for_(;;)_if_(foo)_break; (0.00s)
    --- PASS: TestNoUnreachableLoopStaysSilent/for_(;_b;_c)_{_(()_=>_a)()_} (0.00s)
    --- PASS: TestNoUnreachableLoopStaysSilent/for_(a_=_0;_;_c++)_continue; (0.00s)
    --- PASS: TestNoUnreachableLoopStaysSilent/for_(a_=_0;_;_c++)_{_bar();_} (0.00s)
    --- PASS: TestNoUnreachableLoopStaysSilent/for_(;_b;_c)_{_if_(foo)_break;_} (0.00s)
    --- PASS: TestNoUnreachableLoopStaysSilent/for_(;_b;_c)_{_continue;_} (0.00s)
    --- PASS: TestNoUnreachableLoopStaysSilent/for_(;_b;_c)_(()_=>_a)(); (0.00s)
    --- PASS: TestNoUnreachableLoopStaysSilent/for_(a_=_0;_;_c++)_{} (0.00s)
    --- PASS: TestNoUnreachableLoopStaysSilent/for_(;_b;_c)_{_bar();_} (0.00s)
    --- PASS: TestNoUnreachableLoopStaysSilent/for_(;_b;_c)_continue; (0.00s)
    --- PASS: TestNoUnreachableLoopStaysSilent/for_(;_b;_c)_{} (0.00s)
    --- PASS: TestNoUnreachableLoopStaysSilent/for_(;_b;_c)_{_()_=>_a_} (0.00s)
    --- PASS: TestNoUnreachableLoopStaysSilent/for_(;_b;_c)_()_=>_a; (0.00s)
    --- PASS: TestNoUnreachableLoopStaysSilent/function_someFunc()_{_for_(var_i_=_0;_i_<_a.length;_i++)_while_(foo)_if_(bar)_return;_} (0.00s)
    --- PASS: TestNoUnreachableLoopStaysSilent/for_(;_b;_c)_; (0.00s)
    --- PASS: TestNoUnreachableLoopStaysSilent/for_(var_i_=_0;_i_<_a.length;_i++)_while_(true)_if_(foo)_break; (0.00s)
    --- PASS: TestNoUnreachableLoopStaysSilent/for_(var_i_=_0;_i_<_a.length;_i++)_for_(;;)_if_(foo)_break; (0.00s)
    --- PASS: TestNoUnreachableLoopStaysSilent/for_(var_i_=_0;_i_<_a.length;_i++)_for_(a;_b;_c); (0.00s)
    --- PASS: TestNoUnreachableLoopStaysSilent/for_(var_i_=_0;_i_<_a.length;_i++)_for_(;_b;); (0.00s)
    --- PASS: TestNoUnreachableLoopStaysSilent/for_(var_i_=_0;_i_<_a.length;_i++)_do_;_while_(a) (0.00s)
    --- PASS: TestNoUnreachableLoopStaysSilent/for_(var_i_=_0;_i_<_a.length;_i++)_for_(a_of_b); (0.00s)
    --- PASS: TestNoUnreachableLoopStaysSilent/for_(var_i_=_0;_i_<_a.length;_i++)_for_(;_;_c)_if_(foo)_break; (0.00s)
    --- PASS: TestNoUnreachableLoopStaysSilent/for_(var_i_=_0;_i_<_a.length;_i++)_for_(a_in_b); (0.00s)
    --- PASS: TestNoUnreachableLoopStaysSilent/for_(var_i_=_0;_i_<_a.length;_i++)_while_(a); (0.00s)
    --- PASS: TestNoUnreachableLoopStaysSilent/for_(var_i_=_0;_i_<_a.length;_i++)_(()_=>_a)(); (0.00s)
    --- PASS: TestNoUnreachableLoopStaysSilent/for_(var_i_=_0;_i_<_a.length;_i++)_{_continue;_break;_} (0.00s)
    --- PASS: TestNoUnreachableLoopStaysSilent/for_(var_i_=_0;_i_<_a.length;_i++)_{_()_=>_a_} (0.00s)
    --- PASS: TestNoUnreachableLoopStaysSilent/for_(var_i_=_0;_i_<_a.length;_i++)_{_(()_=>_a)()_} (0.00s)
    --- PASS: TestNoUnreachableLoopStaysSilent/while_(a)_for_(;;)_if_(foo)_break; (0.00s)
    --- PASS: TestNoUnreachableLoopStaysSilent/for_(;_b_<_foo;_c++)_{_continue;_break;_} (0.00s)
    --- PASS: TestNoUnreachableLoopStaysSilent/function_someFunc()_{_for_(;_b_<_foo;_c++)_{_switch_(foo)_{_case_1:_return;_}_}_} (0.00s)
    --- PASS: TestNoUnreachableLoopStaysSilent/for_(;_b_<_foo;_c++)_{_if_(foo)_{_bar();_}_else_{_break;_}_} (0.00s)
    --- PASS: TestNoUnreachableLoopStaysSilent/function_someFunc()_{_for_(;_b_<_foo;_c++)_{_switch_(foo)_{_case_1:_continue;_default:_return;_}_throw_err;_}_} (0.00s)
    --- PASS: TestNoUnreachableLoopStaysSilent/function_someFunc()_{_for_(;_b_<_foo;_c++)_{_if_(foo)_{_return;_}_bar();_}_} (0.00s)
    --- PASS: TestNoUnreachableLoopStaysSilent/function_someFunc()_{_for_(;_b_<_foo;_c++)_{_switch_(foo)_{_case_1:_break;_default:_return;_}_}_} (0.00s)
    --- PASS: TestNoUnreachableLoopStaysSilent/function_someFunc()_{_for_(;_b_<_foo;_c++)_{_if_(foo)_{_continue;_}_return;_}_} (0.00s)
    --- PASS: TestNoUnreachableLoopStaysSilent/for_(var_a_of_f(b))_{} (0.00s)
    --- PASS: TestNoUnreachableLoopStaysSilent/for_(var_i_=_0;_i_<_a.length;_i++)_()_=>_a; (0.00s)
    --- PASS: TestNoUnreachableLoopStaysSilent/for_(;_b_<_foo;_c++)_{_if_(foo)_break;_} (0.00s)
    --- PASS: TestNoUnreachableLoopStaysSilent/function_someFunc()_{_for_(;_b_<_foo;_c++)_{_try_{_return_bar();_}_catch_(e)_{}_}_} (0.00s)
    --- PASS: TestNoUnreachableLoopStaysSilent/async_function_foo()_{_for_await_(const_a_of_b)_{_if_(foo)_{_return;_}_bar();_}_} (0.00s)
    --- PASS: TestNoUnreachableLoopStaysSilent/async_function_foo()_{_for_await_(const_a_of_b)_{_if_(foo)_break;_}_} (0.00s)
    --- PASS: TestNoUnreachableLoopStaysSilent/async_function_foo()_{_for_await_(const_a_of_b)_for_(;_b;);_} (0.00s)
    --- PASS: TestNoUnreachableLoopStaysSilent/async_function_foo()_{_for_await_(const_a_of_b)_for_(a;_b;_c);_} (0.00s)
    --- PASS: TestNoUnreachableLoopStaysSilent/async_function_foo()_{_for_await_(const_a_of_b)_continue;_} (0.00s)
    --- PASS: TestNoUnreachableLoopStaysSilent/async_function_foo()_{_for_await_(const_a_of_b)_for_(;_;_c)_if_(foo)_break;_} (0.00s)
    --- PASS: TestNoUnreachableLoopStaysSilent/while(true);_while(true)_break; (0.00s)
    --- PASS: TestNoUnreachableLoopStaysSilent/while(true);_while(true); (0.00s)
    --- PASS: TestNoUnreachableLoopStaysSilent/async_function_foo()_{_for_await_(const_a_of_b)_do_;_while_(a)_} (0.00s)
    --- PASS: TestNoUnreachableLoopStaysSilent/function_foo()_{_return;_while_(a)_break;_} (0.00s)
    --- PASS: TestNoUnreachableLoopStaysSilent/async_function_foo()_{_for_await_(const_a_of_b)_while_(a);_} (0.00s)
    --- PASS: TestNoUnreachableLoopStaysSilent/function_foo()_{_return;_while_(a);_} (0.00s)
    --- PASS: TestNoUnreachableLoopStaysSilent/async_function_foo()_{_for_await_(const_a_of_b)_{_bar();_}_} (0.00s)
    --- PASS: TestNoUnreachableLoopStaysSilent/for_(x_of_[1]); (0.00s)
    --- PASS: TestNoUnreachableLoopStaysSilent/async_function_foo()_{_for_await_(const_a_of_b)_(()_=>_a)();_} (0.00s)
    --- PASS: TestNoUnreachableLoopStaysSilent/async_function_foo()_{_for_await_(const_a_of_b)_{}_} (0.00s)
    --- PASS: TestNoUnreachableLoopStaysSilent/async_function_foo()_{_for_await_(const_a_of_b)_{_(()_=>_a)()_}_} (0.00s)
    --- PASS: TestNoUnreachableLoopStaysSilent/async_function_foo()_{_for_await_(const_a_of_b)_{_()_=>_a_}_} (0.00s)
    --- PASS: TestNoUnreachableLoopStaysSilent/for_(x_of_[]); (0.00s)
    --- PASS: TestNoUnreachableLoopStaysSilent/async_function_foo()_{_for_await_(const_a_of_b)_{_continue;_}_} (0.00s)
    --- PASS: TestNoUnreachableLoopStaysSilent/async_function_foo()_{_for_await_(const_a_of_b)_;_} (0.00s)
    --- PASS: TestNoUnreachableLoopStaysSilent/while_(false)_{_foo();_} (0.00s)
    --- PASS: TestNoUnreachableLoopStaysSilent/for_(var_a_of_f(b))_for_(a_in_b); (0.00s)
    --- PASS: TestNoUnreachableLoopStaysSilent/for_(var_a_of_f(b))_for_(a_of_b); (0.00s)
    --- PASS: TestNoUnreachableLoopStaysSilent/async_function_foo()_{_for_await_(const_a_of_b)_()_=>_a;_} (0.00s)
    --- PASS: TestNoUnreachableLoopStaysSilent/do_foo();_while_(false) (0.00s)
    --- PASS: TestNoUnreachableLoopStaysSilent/for_(;_b_<_foo;_c++)_()_=>_a; (0.00s)
    --- PASS: TestNoUnreachableLoopStaysSilent/function_someFunc()_{_for_(var_a_of_f(b))_while_(foo)_if_(bar)_return;_} (0.00s)
    --- PASS: TestNoUnreachableLoopStaysSilent/async_function_foo()_{_for_await_(const_a_of_b)_for_(a_of_b);_} (0.00s)
    --- PASS: TestNoUnreachableLoopStaysSilent/async_function_foo()_{_for_await_(const_a_of_b)_{_switch_(foo)_{_case_1:_break;_default:_return;_}_}_} (0.00s)
    --- PASS: TestNoUnreachableLoopStaysSilent/async_function_foo()_{_for_await_(const_a_of_b)_{_switch_(foo)_{_case_1:_continue;_default:_return;_}_throw_err;_}_} (0.00s)
    --- PASS: TestNoUnreachableLoopStaysSilent/async_function_foo()_{_for_await_(const_a_of_b)_{_try_{_return_bar();_}_catch_(e)_{}_}_} (0.00s)
    --- PASS: TestNoUnreachableLoopStaysSilent/function_someFunc()_{_for_(a_of_f(b))_while_(foo)_if_(bar)_return;_} (0.00s)
    --- PASS: TestNoUnreachableLoopStaysSilent/for_(var_a_of_f(b))_; (0.00s)
    --- PASS: TestNoUnreachableLoopStaysSilent/for_({_a,_b_}_of_c)_for_(a_in_b); (0.00s)
    --- PASS: TestNoUnreachableLoopStaysSilent/for_({_a,_b_}_of_c)_for_(a_of_b); (0.00s)
    --- PASS: TestNoUnreachableLoopStaysSilent/function_someFunc()_{_for_({_a,_b_}_of_c)_while_(foo)_if_(bar)_return;_} (0.00s)
    --- PASS: TestNoUnreachableLoopStaysSilent/async_function_foo()_{_for_await_(const_a_of_b)_for_(a_in_b);_} (0.00s)
    --- PASS: TestNoUnreachableLoopStaysSilent/for_({_a,_b_}_of_c)_while_(true)_if_(foo)_break; (0.00s)
    --- PASS: TestNoUnreachableLoopStaysSilent/async_function_foo()_{_for_await_(const_a_of_b)_while_(foo)_if_(bar)_return;_} (0.00s)
    --- PASS: TestNoUnreachableLoopStaysSilent/for_({_a,_b_}_of_c)_for_(;;)_if_(foo)_break; (0.00s)
    --- PASS: TestNoUnreachableLoopStaysSilent/for_({_a,_b_}_of_c)_for_(;_;_c)_if_(foo)_break; (0.00s)
    --- PASS: TestNoUnreachableLoopStaysSilent/async_function_foo()_{_for_await_(const_a_of_b)_for_(;;)_if_(foo)_break;_} (0.00s)
    --- PASS: TestNoUnreachableLoopStaysSilent/async_function_foo()_{_for_await_(const_a_of_b)_while_(true)_if_(foo)_break;_} (0.00s)
    --- PASS: TestNoUnreachableLoopStaysSilent/for_({_a,_b_}_of_c)_for_(;_b;); (0.00s)
    --- PASS: TestNoUnreachableLoopStaysSilent/for_(var_a_of_f(b))_while_(true)_if_(foo)_break; (0.00s)
    --- PASS: TestNoUnreachableLoopStaysSilent/for_(var_a_of_f(b))_for_(;;)_if_(foo)_break; (0.00s)
    --- PASS: TestNoUnreachableLoopStaysSilent/for_({_a,_b_}_of_c)_for_(a;_b;_c); (0.00s)
    --- PASS: TestNoUnreachableLoopStaysSilent/for_(x_=_1;_x_<_10;_i++)_{_if_(x_>_0)_{_foo();_throw_err;_}_} (0.00s)
    --- PASS: TestNoUnreachableLoopStaysSilent/function_someFunc()_{_for_(a_of_f(b))_{_switch_(foo)_{_case_1:_return;_}_}_} (0.00s)
    --- PASS: TestNoUnreachableLoopStaysSilent/for_(a_of_f(b))_while_(true)_if_(foo)_break; (0.00s)
    --- PASS: TestNoUnreachableLoopStaysSilent/for_(a_of_f(b))_for_(;;)_if_(foo)_break; (0.00s)
    --- PASS: TestNoUnreachableLoopStaysSilent/for_(a_of_f(b))_for_(;_b;); (0.00s)
    --- PASS: TestNoUnreachableLoopStaysSilent/for_(var_a_of_f(b))_for_(;_b;); (0.00s)
    --- PASS: TestNoUnreachableLoopStaysSilent/for_(var_a_of_f(b))_for_(;_;_c)_if_(foo)_break; (0.00s)
    --- PASS: TestNoUnreachableLoopStaysSilent/for_(a_of_f(b))_for_(;_;_c)_if_(foo)_break; (0.00s)
    --- PASS: TestNoUnreachableLoopStaysSilent/for_(a_of_f(b))_for_(a;_b;_c); (0.00s)
    --- PASS: TestNoUnreachableLoopStaysSilent/for_(var_a_of_f(b))_for_(a;_b;_c); (0.00s)
    --- PASS: TestNoUnreachableLoopStaysSilent/for_(a_of_f(b))_while_(a); (0.00s)
    --- PASS: TestNoUnreachableLoopStaysSilent/for_(a_of_f(b))_do_;_while_(a) (0.00s)
    --- PASS: TestNoUnreachableLoopStaysSilent/for_(var_a_of_f(b))_do_;_while_(a) (0.00s)
    --- PASS: TestNoUnreachableLoopStaysSilent/while_(bar)_{_foo();_if_(true)_{_break;_}_} (0.00s)
    --- PASS: TestNoUnreachableLoopStaysSilent/for_(var_a_of_f(b))_while_(a); (0.00s)
    --- PASS: TestNoUnreachableLoopStaysSilent/for_(a_of_f(b))_()_=>_a; (0.00s)
    --- PASS: TestNoUnreachableLoopStaysSilent/for_(var_a_of_f(b))_(()_=>_a)(); (0.00s)
    --- PASS: TestNoUnreachableLoopStaysSilent/for_(var_a_of_f(b))_{_()_=>_a_} (0.00s)
    --- PASS: TestNoUnreachableLoopStaysSilent/for_(var_a_of_f(b))_()_=>_a; (0.00s)
    --- PASS: TestNoUnreachableLoopStaysSilent/for_(var_a_of_f(b))_{_continue;_break;_} (0.00s)
    --- PASS: TestNoUnreachableLoopStaysSilent/for_(var_a_of_f(b))_{_(()_=>_a)()_} (0.00s)
    --- PASS: TestNoUnreachableLoopStaysSilent/function_someFunc()_{_for_(var_a_of_f(b))_{_try_{_return_bar();_}_catch_(e)_{}_}_} (0.00s)
    --- PASS: TestNoUnreachableLoopStaysSilent/for_(a_of_f(b))_{_continue;_break;_} (0.00s)
    --- PASS: TestNoUnreachableLoopStaysSilent/function_someFunc()_{_for_(var_a_of_f(b))_{_switch_(foo)_{_case_1:_break;_default:_return;_}_}_} (0.00s)
    --- PASS: TestNoUnreachableLoopStaysSilent/function_someFunc()_{_for_(var_a_of_f(b))_{_switch_(foo)_{_case_1:_continue;_default:_return;_}_throw_err;_}_} (0.00s)
    --- PASS: TestNoUnreachableLoopStaysSilent/function_someFunc()_{_for_(a_of_f(b))_{_try_{_return_bar();_}_catch_(e)_{}_}_} (0.00s)
    --- PASS: TestNoUnreachableLoopStaysSilent/function_someFunc()_{_for_(var_a_of_f(b))_{_switch_(foo)_{_case_1:_return;_}_}_} (0.00s)
    --- PASS: TestNoUnreachableLoopStaysSilent/function_someFunc()_{_for_(var_a_of_f(b))_{_if_(foo)_{_continue;_}_return;_}_} (0.00s)
    --- PASS: TestNoUnreachableLoopStaysSilent/function_someFunc()_{_for_(a_of_f(b))_{_switch_(foo)_{_case_1:_continue;_default:_return;_}_throw_err;_}_} (0.00s)
    --- PASS: TestNoUnreachableLoopStaysSilent/function_someFunc()_{_for_(a_of_f(b))_{_switch_(foo)_{_case_1:_break;_default:_return;_}_}_} (0.00s)
    --- PASS: TestNoUnreachableLoopStaysSilent/for_(var_a_of_f(b))_{_if_(foo)_{_bar();_}_else_{_break;_}_} (0.00s)
    --- PASS: TestNoUnreachableLoopStaysSilent/function_someFunc()_{_for_(var_a_of_f(b))_{_if_(foo)_{_return;_}_bar();_}_} (0.00s)
    --- PASS: TestNoUnreachableLoopStaysSilent/for_({_a,_b_}_of_c)_do_;_while_(a) (0.00s)
    --- PASS: TestNoUnreachableLoopStaysSilent/for_(var_a_of_f(b))_{_continue;_} (0.00s)
    --- PASS: TestNoUnreachableLoopStaysSilent/for_(a_of_f(b))_(()_=>_a)(); (0.00s)
    --- PASS: TestNoUnreachableLoopStaysSilent/for_(var_a_of_f(b))_continue; (0.00s)
    --- PASS: TestNoUnreachableLoopStaysSilent/for_(var_a_of_f(b))_{_if_(foo)_break;_} (0.00s)
    --- PASS: TestNoUnreachableLoopStaysSilent/async_function_foo()_{_for_await_(const_a_of_b)_{_continue;_break;_}_} (0.00s)
    --- PASS: TestNoUnreachableLoopStaysSilent/for_(a_of_f(b))_{_()_=>_a_} (0.00s)
    --- PASS: TestNoUnreachableLoopStaysSilent/async_function_foo()_{_for_await_(const_a_of_b)_{_if_(foo)_{_continue;_}_return;_}_} (0.00s)
    --- PASS: TestNoUnreachableLoopStaysSilent/for_(a_of_f(b))_{_(()_=>_a)()_} (0.00s)
    --- PASS: TestNoUnreachableLoopStaysSilent/function_someFunc()_{_for_({_a,_b_}_of_c)_{_if_(foo)_{_continue;_}_return;_}_} (0.00s)
    --- PASS: TestNoUnreachableLoopStaysSilent/for_({_a,_b_}_of_c)_{_(()_=>_a)()_} (0.00s)
    --- PASS: TestNoUnreachableLoopStaysSilent/for_({_a,_b_}_of_c)_()_=>_a; (0.00s)
    --- PASS: TestNoUnreachableLoopStaysSilent/async_function_foo()_{_for_await_(const_a_of_b)_{_if_(foo)_{_bar();_}_else_{_break;_}_}_} (0.00s)
    --- PASS: TestNoUnreachableLoopStaysSilent/for_({_a,_b_}_of_c)_{_()_=>_a_} (0.00s)
    --- PASS: TestNoUnreachableLoopStaysSilent/for_({_a,_b_}_of_c)_(()_=>_a)(); (0.00s)
    --- PASS: TestNoUnreachableLoopStaysSilent/for_({_a,_b_}_of_c)_continue; (0.00s)
    --- PASS: TestNoUnreachableLoopStaysSilent/async_function_foo()_{_for_await_(const_a_of_b)_{_switch_(foo)_{_case_1:_return;_}_}_} (0.00s)
    --- PASS: TestNoUnreachableLoopStaysSilent/for_({_a,_b_}_of_c)_; (0.00s)
    --- PASS: TestNoUnreachableLoopStaysSilent/function_someFunc()_{_for_({_a,_b_}_of_c)_{_if_(foo)_{_return;_}_bar();_}_} (0.00s)
    --- PASS: TestNoUnreachableLoopStaysSilent/for_({_a,_b_}_of_c)_{_bar();_} (0.00s)
    --- PASS: TestNoUnreachableLoopStaysSilent/for_({_a,_b_}_of_c)_{_if_(foo)_{_bar();_}_else_{_break;_}_} (0.00s)
    --- PASS: TestNoUnreachableLoopStaysSilent/function_someFunc()_{_for_({_a,_b_}_of_c)_{_try_{_return_bar();_}_catch_(e)_{}_}_} (0.00s)
    --- PASS: TestNoUnreachableLoopStaysSilent/for_({_a,_b_}_of_c)_{_continue;_} (0.00s)
    --- PASS: TestNoUnreachableLoopStaysSilent/function_someFunc()_{_for_({_a,_b_}_of_c)_{_switch_(foo)_{_case_1:_continue;_default:_return;_}_throw_err;_}_} (0.00s)
    --- PASS: TestNoUnreachableLoopStaysSilent/function_someFunc()_{_for_({_a,_b_}_of_c)_{_switch_(foo)_{_case_1:_break;_default:_return;_}_}_} (0.00s)
    --- PASS: TestNoUnreachableLoopStaysSilent/function_someFunc()_{_for_({_a,_b_}_of_c)_{_switch_(foo)_{_case_1:_return;_}_}_} (0.00s)
    --- PASS: TestNoUnreachableLoopStaysSilent/for_(a_of_f(b))_{} (0.00s)
    --- PASS: TestNoUnreachableLoopStaysSilent/for_({_a,_b_}_of_c)_{_if_(foo)_break;_} (0.00s)
    --- PASS: TestNoUnreachableLoopStaysSilent/for_(a_of_f(b))_{_continue;_} (0.00s)
    --- PASS: TestNoUnreachableLoopStaysSilent/for_(a_of_f(b))_{_if_(foo)_break;_} (0.00s)
    --- PASS: TestNoUnreachableLoopStaysSilent/for_(a_of_f(b))_{_if_(foo)_{_bar();_}_else_{_break;_}_} (0.00s)
    --- PASS: TestNoUnreachableLoopStaysSilent/for_(a_of_f(b))_continue; (0.00s)
    --- PASS: TestNoUnreachableLoopStaysSilent/for_({_a,_b_}_of_c)_while_(a); (0.00s)
    --- PASS: TestNoUnreachableLoopStaysSilent/function_someFunc()_{_for_(a_of_f(b))_{_if_(foo)_{_return;_}_bar();_}_} (0.00s)
    --- PASS: TestNoUnreachableLoopStaysSilent/function_someFunc()_{_for_(a_of_b)_while_(foo)_if_(bar)_return;_} (0.00s)
    --- PASS: TestNoUnreachableLoopStaysSilent/for_(a_of_f(b))_; (0.00s)
    --- PASS: TestNoUnreachableLoopStaysSilent/function_someFunc()_{_for_(a_of_f(b))_{_if_(foo)_{_continue;_}_return;_}_} (0.00s)
    --- PASS: TestNoUnreachableLoopStaysSilent/for_(a_of_f(b))_{_bar();_} (0.00s)
    --- PASS: TestNoUnreachableLoopStaysSilent/for_(a_in_b)_{_if_(foo)_{_bar();_}_else_{_break;_}_} (0.00s)
    --- PASS: TestNoUnreachableLoopStaysSilent/for_(a_of_b)_for_(a_of_b); (0.00s)
    --- PASS: TestNoUnreachableLoopStaysSilent/for_({_a,_b_}_of_c)_{_continue;_break;_} (0.00s)
    --- PASS: TestNoUnreachableLoopStaysSilent/for_(a_of_b)_for_(a_in_b); (0.00s)
    --- PASS: TestNoUnreachableLoopStaysSilent/for_(a_of_f(b))_for_(a_of_b); (0.00s)
    --- PASS: TestNoUnreachableLoopStaysSilent/for_({_a,_b_}_of_c)_{} (0.00s)
    --- PASS: TestNoUnreachableLoopStaysSilent/for_(a_of_b)_while_(true)_if_(foo)_break; (0.00s)
    --- PASS: TestNoUnreachableLoopStaysSilent/for_(a_of_f(b))_for_(a_in_b); (0.00s)
    --- PASS: TestNoUnreachableLoopStaysSilent/for_(var_a_of_f(b))_{_bar();_} (0.00s)
PASS
ok  	github.com/system-inc/cohere/internal/lint/rules/core	0.062s
