=== RUN   TestCheckedViewNodeArrayRecords
=== PAUSE TestCheckedViewNodeArrayRecords
=== RUN   TestCheckedViewArraySearch
=== PAUSE TestCheckedViewArraySearch
=== RUN   TestCheckedViewNativeArrays
=== PAUSE TestCheckedViewNativeArrays
=== RUN   TestCheckedViewArrays
=== PAUSE TestCheckedViewArrays
=== RUN   TestCheckedViewCallableContractControl
=== PAUSE TestCheckedViewCallableContractControl
=== RUN   TestCheckedViewCallables
=== PAUSE TestCheckedViewCallables
=== RUN   TestCheckedViewOpaqueSignature
=== PAUSE TestCheckedViewOpaqueSignature
=== RUN   TestCheckedViewGenericArrayCast
=== PAUSE TestCheckedViewGenericArrayCast
=== RUN   TestCheckedViewSameMap
--- PASS: TestCheckedViewSameMap (2.37s)
=== RUN   TestCheckedViewParserReturns
=== RUN   TestCheckedViewParserReturns/native-same-map-return-cast
=== RUN   TestCheckedViewParserReturns/native-sorted-empty-conditional
=== RUN   TestCheckedViewParserReturns/optional-sort
--- PASS: TestCheckedViewParserReturns (7.80s)
    --- PASS: TestCheckedViewParserReturns/native-same-map-return-cast (3.24s)
    --- PASS: TestCheckedViewParserReturns/native-sorted-empty-conditional (1.78s)
    --- PASS: TestCheckedViewParserReturns/optional-sort (2.78s)
=== RUN   TestCheckedViewDictionaryComponents
=== PAUSE TestCheckedViewDictionaryComponents
=== RUN   TestCheckedViewDictionaryComponentMutants
=== PAUSE TestCheckedViewDictionaryComponentMutants
=== RUN   TestCheckedViewDictionaryJavaScriptGuards
=== PAUSE TestCheckedViewDictionaryJavaScriptGuards
=== RUN   TestCheckedViewDictionaryNativeStorageGuard
=== PAUSE TestCheckedViewDictionaryNativeStorageGuard
=== RUN   TestCheckedViewShapeErasure
=== RUN   TestCheckedViewShapeErasure/proven
=== RUN   TestCheckedViewShapeErasure/proven-property
=== RUN   TestCheckedViewShapeErasure/nonconforming-property
    checked_views_erasure_test.go:38: mutant exit=0 stdout="true\nfalse\n"
    checked_views_erasure_test.go:38: mutant exit=0 stdout="true\n0\n"
    checked_views_erasure_test.go:43: unsafe erasure mutant caught by pinned output and exit with valid release C
=== RUN   TestCheckedViewShapeErasure/nonconforming
    checked_views_erasure_test.go:38: mutant exit=0 stdout="true\nfalse\n"
    checked_views_erasure_test.go:38: mutant exit=0 stdout="true\n0\n"
    checked_views_erasure_test.go:43: unsafe erasure mutant caught by pinned output and exit with valid release C
=== RUN   TestCheckedViewShapeErasure/uninitialized
    checked_views_erasure_test.go:38: mutant exit=0 stdout="false\n"
    checked_views_erasure_test.go:38: mutant exit=0 stdout="false\n"
    checked_views_erasure_test.go:43: unsafe erasure mutant caught by pinned output and exit with valid release C
--- PASS: TestCheckedViewShapeErasure (5.03s)
    --- PASS: TestCheckedViewShapeErasure/proven (0.56s)
    --- PASS: TestCheckedViewShapeErasure/proven-property (0.65s)
    --- PASS: TestCheckedViewShapeErasure/nonconforming-property (0.81s)
    --- PASS: TestCheckedViewShapeErasure/nonconforming (0.69s)
    --- PASS: TestCheckedViewShapeErasure/uninitialized (2.31s)
=== RUN   TestCheckedViewInterfaces
=== RUN   TestCheckedViewInterfaces/interfaces-good
=== RUN   TestCheckedViewInterfaces/interfaces-missing-inherited
=== RUN   TestCheckedViewInterfaces/interfaces-wrong-inherited
=== RUN   TestCheckedViewInterfaces/interfaces-uninitialized-object
--- PASS: TestCheckedViewInterfaces (8.68s)
    --- PASS: TestCheckedViewInterfaces/interfaces-good (4.06s)
    --- PASS: TestCheckedViewInterfaces/interfaces-missing-inherited (1.35s)
    --- PASS: TestCheckedViewInterfaces/interfaces-wrong-inherited (1.85s)
    --- PASS: TestCheckedViewInterfaces/interfaces-uninitialized-object (1.41s)
=== RUN   TestCheckedViewIntersectionConjunction
=== RUN   TestCheckedViewIntersectionConjunction/good
=== RUN   TestCheckedViewIntersectionConjunction/wrong
=== RUN   TestCheckedViewIntersectionConjunction/nested
=== RUN   TestCheckedViewIntersectionConjunction/absent
--- PASS: TestCheckedViewIntersectionConjunction (2.59s)
    --- PASS: TestCheckedViewIntersectionConjunction/good (0.35s)
    --- PASS: TestCheckedViewIntersectionConjunction/wrong (0.34s)
    --- PASS: TestCheckedViewIntersectionConjunction/nested (0.76s)
    --- PASS: TestCheckedViewIntersectionConjunction/absent (0.99s)
=== RUN   TestCheckedViewIntersectionComponentMutants
=== RUN   TestCheckedViewIntersectionComponentMutants/skip_check
    checked_views_intersections_test.go:79: component refusal pin catches mutant: exit 0, stdout "name:true\n"
    checked_views_intersections_test.go:79: component refusal pin catches mutant: exit 0, stdout "name:true\n"
=== RUN   TestCheckedViewIntersectionComponentMutants/accept_wrong_shape
    checked_views_intersections_test.go:79: component refusal pin catches mutant: exit 0, stdout "name:true\n"
    checked_views_intersections_test.go:79: component refusal pin catches mutant: exit 0, stdout "name:true\n"
=== RUN   TestCheckedViewIntersectionComponentMutants/drop_nested_adapter
    checked_views_intersections_test.go:79: component refusal pin catches mutant: exit 0, stdout "name:bad\n"
    checked_views_intersections_test.go:79: component refusal pin catches mutant: exit 0, stdout "name:bad\n"
--- PASS: TestCheckedViewIntersectionComponentMutants (1.63s)
    --- PASS: TestCheckedViewIntersectionComponentMutants/skip_check (0.38s)
    --- PASS: TestCheckedViewIntersectionComponentMutants/accept_wrong_shape (0.77s)
    --- PASS: TestCheckedViewIntersectionComponentMutants/drop_nested_adapter (0.47s)
=== RUN   TestCheckedViewLazyUnread
=== RUN   TestCheckedViewLazyUnread/unread
=== RUN   TestCheckedViewLazyUnread/unread-untagged
=== RUN   TestCheckedViewLazyUnread/unread-mixed
=== RUN   TestCheckedViewLazyUnread/optional-error
=== RUN   TestCheckedViewLazyUnread/optional-error-fields
--- PASS: TestCheckedViewLazyUnread (9.57s)
    --- PASS: TestCheckedViewLazyUnread/unread (1.78s)
    --- PASS: TestCheckedViewLazyUnread/unread-untagged (2.58s)
    --- PASS: TestCheckedViewLazyUnread/unread-mixed (2.00s)
    --- PASS: TestCheckedViewLazyUnread/optional-error (2.17s)
    --- PASS: TestCheckedViewLazyUnread/optional-error-fields (1.04s)
=== RUN   TestCheckedViewLazyHelperMutant
=== RUN   TestCheckedViewLazyHelperMutant/helper
    checked_views_lazy_test.go:52: caught helper mutant: /workspace/adamic/stage3/interface-downcasts/lazy/helper-mutant.a:9:72: Adamic 0.1 refuses checked view read of field opaque with unsupported callable contract; prove or implement the callable contract before reading this field
=== RUN   TestCheckedViewLazyHelperMutant/generic
    checked_views_lazy_test.go:52: caught helper mutant: /workspace/adamic/stage3/interface-downcasts/lazy/generic-mutant.a:9:85: Adamic 0.1 refuses checked view read of field opaque with unsupported callable contract; prove or implement the callable contract before reading this field
=== RUN   TestCheckedViewLazyHelperMutant/callback
    checked_views_lazy_test.go:52: caught helper mutant: /workspace/adamic/stage3/interface-downcasts/lazy/callback-mutant.a:9:72: Adamic 0.1 refuses checked view read of field opaque with unsupported callable contract; prove or implement the callable contract before reading this field
=== RUN   TestCheckedViewLazyHelperMutant/field
    checked_views_lazy_test.go:52: caught helper mutant: /workspace/adamic/stage3/interface-downcasts/lazy/field-mutant.a:9:72: Adamic 0.1 refuses checked view read of field opaque with unsupported callable contract; prove or implement the callable contract before reading this field
--- PASS: TestCheckedViewLazyHelperMutant (0.49s)
    --- PASS: TestCheckedViewLazyHelperMutant/helper (0.03s)
    --- PASS: TestCheckedViewLazyHelperMutant/generic (0.17s)
    --- PASS: TestCheckedViewLazyHelperMutant/callback (0.19s)
    --- PASS: TestCheckedViewLazyHelperMutant/field (0.10s)
=== RUN   TestCheckedViewLazyMissingNameMutant
    checked_views_lazy_test.go:69: caught missing-name mutant: adamic: panic: field read failed: value.name is not initialized; expected string, found missing
    checked_views_lazy_test.go:69: caught missing-name mutant: adamic: panic: field read failed: value.name is not initialized; expected string, found missing
    checked_views_lazy_test.go:69: caught missing-name mutant: adamic: panic: field read failed: value.name is not initialized; expected string, found missing
--- PASS: TestCheckedViewLazyMissingNameMutant (0.84s)
=== RUN   TestCheckedViewLazyOptionalCodeMutants
=== RUN   TestCheckedViewLazyOptionalCodeMutants/number
    checked_views_lazy_test.go:91: caught optional number mutant: adamic: panic: field read failed: error.code matches no member of string | undefined; expected string | undefined, found number
    checked_views_lazy_test.go:91: caught optional number mutant: adamic: panic: field read failed: error.code matches no member of string | undefined; expected string | undefined, found number
    checked_views_lazy_test.go:91: caught optional number mutant: adamic: panic: field read failed: error.code matches no member of string | undefined; expected string | undefined, found number
=== RUN   TestCheckedViewLazyOptionalCodeMutants/null
    checked_views_lazy_test.go:91: caught optional null mutant: adamic: panic: field read failed: error.code matches no member of string | undefined; expected string | undefined, found null
    checked_views_lazy_test.go:91: caught optional null mutant: adamic: panic: field read failed: error.code matches no member of string | undefined; expected string | undefined, found null
    checked_views_lazy_test.go:91: caught optional null mutant: adamic: panic: field read failed: error.code matches no member of string | undefined; expected string | undefined, found null
--- PASS: TestCheckedViewLazyOptionalCodeMutants (3.12s)
    --- PASS: TestCheckedViewLazyOptionalCodeMutants/number (1.02s)
    --- PASS: TestCheckedViewLazyOptionalCodeMutants/null (2.10s)
=== RUN   TestCheckedViewLane4HelperReads
=== RUN   TestCheckedViewLane4HelperReads/helper-good
=== RUN   TestCheckedViewLane4HelperReads/helper-wrong
    checked_views_mixed_unions_test.go:51: unchecked helper mutant caught: exit 0 stdout "true\nfalse\n"
    checked_views_mixed_unions_test.go:51: unchecked helper mutant caught: exit 0 stdout "true\n42\n"
--- PASS: TestCheckedViewLane4HelperReads (0.81s)
    --- PASS: TestCheckedViewLane4HelperReads/helper-good (0.38s)
    --- PASS: TestCheckedViewLane4HelperReads/helper-wrong (0.43s)
=== RUN   TestCheckedViewLane4UnsupportedHelper
    checked_views_mixed_unions_test.go:74: current eager compile refusal: /workspace/adamic/stage3/interface-downcasts/lane4/read-fixtures/helper-unsupported.a:3:56: stage 0 can't lower a field of type string | number yet
--- PASS: TestCheckedViewLane4UnsupportedHelper (0.37s)
=== RUN   TestCheckedViewMixedSelection
=== RUN   TestCheckedViewMixedSelection/string-number-undefined
=== RUN   TestCheckedViewMixedSelection/string-object
=== RUN   TestCheckedViewMixedSelection/untagged-objects
=== RUN   TestCheckedViewMixedSelection/false-string-undefined
--- PASS: TestCheckedViewMixedSelection (3.93s)
    --- PASS: TestCheckedViewMixedSelection/string-number-undefined (0.96s)
    --- PASS: TestCheckedViewMixedSelection/string-object (0.90s)
    --- PASS: TestCheckedViewMixedSelection/untagged-objects (0.97s)
    --- PASS: TestCheckedViewMixedSelection/false-string-undefined (0.63s)
=== RUN   TestCheckedViewBrandString
=== RUN   TestCheckedViewBrandString/good
=== RUN   TestCheckedViewBrandString/wrong
    checked_views_mixed_unions_test.go:297: brand read mutant caught: exit 0 stdout "unchecked\n"
    checked_views_mixed_unions_test.go:297: brand read mutant caught: exit 0 stdout "unchecked\n"
=== RUN   TestCheckedViewBrandString/literal-good
=== RUN   TestCheckedViewBrandString/literal-wrong
    checked_views_mixed_unions_test.go:297: brand read mutant caught: exit 0 stdout "unchecked\n"
    checked_views_mixed_unions_test.go:297: brand read mutant caught: exit 0 stdout "unchecked\n"
--- PASS: TestCheckedViewBrandString (3.85s)
    --- PASS: TestCheckedViewBrandString/good (0.69s)
    --- PASS: TestCheckedViewBrandString/wrong (1.71s)
    --- PASS: TestCheckedViewBrandString/literal-good (0.91s)
    --- PASS: TestCheckedViewBrandString/literal-wrong (0.55s)
=== RUN   TestCheckedViewNullableSelection
=== RUN   TestCheckedViewNullableSelection/scalar-null
    checked_views_nullish_selection_test.go:34: Node exit=0 stdout="string:false:false\nallowed\nobject:true:false\n"; mutation=""
=== RUN   TestCheckedViewNullableSelection/scalar-null-wrong
    checked_views_nullish_selection_test.go:34: Node exit=0 stdout="string:false:false\nnot-allowed\nobject:true:false\n"; mutation="-wrong"
=== RUN   TestCheckedViewNullableSelection/scalar-undefined
    checked_views_nullish_selection_test.go:34: Node exit=0 stdout="string:false:false\nallowed\nundefined:false:true\n"; mutation=""
=== RUN   TestCheckedViewNullableSelection/scalar-undefined-wrong
    checked_views_nullish_selection_test.go:34: Node exit=0 stdout="string:false:false\nnot-allowed\nundefined:false:true\n"; mutation="-wrong"
=== RUN   TestCheckedViewNullableSelection/scalar-both
    checked_views_nullish_selection_test.go:34: Node exit=0 stdout="string:false:false\nallowed\nobject:true:false\nundefined:false:true\n"; mutation=""
=== RUN   TestCheckedViewNullableSelection/scalar-both-wrong
    checked_views_nullish_selection_test.go:34: Node exit=0 stdout="string:false:false\nnot-allowed\nobject:true:false\nundefined:false:true\n"; mutation="-wrong"
=== RUN   TestCheckedViewNullableSelection/tagged-null
    checked_views_nullish_selection_test.go:34: Node exit=0 stdout="object:false:false\nmade-here\nobject:true:false\n"; mutation=""
=== RUN   TestCheckedViewNullableSelection/tagged-null-wrong
    checked_views_nullish_selection_test.go:34: Node exit=0 stdout="object:false:false\nundefined\nobject:true:false\n"; mutation="-wrong"
=== RUN   TestCheckedViewNullableSelection/tagged-null-nested
    checked_views_nullish_selection_test.go:34: Node exit=0 stdout="object:false:false\n42\nobject:true:false\n"; mutation="-nested"
=== RUN   TestCheckedViewNullableSelection/tagged-undefined
    checked_views_nullish_selection_test.go:34: Node exit=0 stdout="object:false:false\nmade-here\nundefined:false:true\n"; mutation=""
=== RUN   TestCheckedViewNullableSelection/tagged-undefined-wrong
    checked_views_nullish_selection_test.go:34: Node exit=0 stdout="object:false:false\nundefined\nundefined:false:true\n"; mutation="-wrong"
=== RUN   TestCheckedViewNullableSelection/tagged-undefined-nested
    checked_views_nullish_selection_test.go:34: Node exit=0 stdout="object:false:false\n42\nundefined:false:true\n"; mutation="-nested"
=== RUN   TestCheckedViewNullableSelection/tagged-both
    checked_views_nullish_selection_test.go:34: Node exit=0 stdout="object:false:false\nmade-here\nobject:true:false\nundefined:false:true\n"; mutation=""
=== RUN   TestCheckedViewNullableSelection/tagged-both-wrong
    checked_views_nullish_selection_test.go:34: Node exit=0 stdout="object:false:false\nundefined\nobject:true:false\nundefined:false:true\n"; mutation="-wrong"
=== RUN   TestCheckedViewNullableSelection/tagged-both-nested
    checked_views_nullish_selection_test.go:34: Node exit=0 stdout="object:false:false\n42\nobject:true:false\nundefined:false:true\n"; mutation="-nested"
=== RUN   TestCheckedViewNullableSelection/object-null
    checked_views_nullish_selection_test.go:34: Node exit=0 stdout="object:false:false\nmade-here\nobject:true:false\n"; mutation=""
=== RUN   TestCheckedViewNullableSelection/object-null-wrong
    checked_views_nullish_selection_test.go:34: Node exit=0 stdout="number:false:false\nundefined\nobject:true:false\n"; mutation="-wrong"
=== RUN   TestCheckedViewNullableSelection/object-undefined
    checked_views_nullish_selection_test.go:34: Node exit=0 stdout="object:false:false\nmade-here\nundefined:false:true\n"; mutation=""
=== RUN   TestCheckedViewNullableSelection/object-undefined-wrong
    checked_views_nullish_selection_test.go:34: Node exit=0 stdout="number:false:false\nundefined\nundefined:false:true\n"; mutation="-wrong"
=== RUN   TestCheckedViewNullableSelection/object-both
    checked_views_nullish_selection_test.go:34: Node exit=0 stdout="object:false:false\nmade-here\nobject:true:false\nundefined:false:true\n"; mutation=""
=== RUN   TestCheckedViewNullableSelection/object-both-wrong
    checked_views_nullish_selection_test.go:34: Node exit=0 stdout="number:false:false\nundefined\nobject:true:false\nundefined:false:true\n"; mutation="-wrong"
--- PASS: TestCheckedViewNullableSelection (11.39s)
    --- PASS: TestCheckedViewNullableSelection/scalar-null (0.62s)
    --- PASS: TestCheckedViewNullableSelection/scalar-null-wrong (0.61s)
    --- PASS: TestCheckedViewNullableSelection/scalar-undefined (0.65s)
    --- PASS: TestCheckedViewNullableSelection/scalar-undefined-wrong (0.46s)
    --- PASS: TestCheckedViewNullableSelection/scalar-both (0.57s)
    --- PASS: TestCheckedViewNullableSelection/scalar-both-wrong (0.64s)
    --- PASS: TestCheckedViewNullableSelection/tagged-null (0.55s)
    --- PASS: TestCheckedViewNullableSelection/tagged-null-wrong (0.68s)
    --- PASS: TestCheckedViewNullableSelection/tagged-null-nested (0.57s)
    --- PASS: TestCheckedViewNullableSelection/tagged-undefined (0.63s)
    --- PASS: TestCheckedViewNullableSelection/tagged-undefined-wrong (0.51s)
    --- PASS: TestCheckedViewNullableSelection/tagged-undefined-nested (0.56s)
    --- PASS: TestCheckedViewNullableSelection/tagged-both (0.44s)
    --- PASS: TestCheckedViewNullableSelection/tagged-both-wrong (0.43s)
    --- PASS: TestCheckedViewNullableSelection/tagged-both-nested (0.44s)
    --- PASS: TestCheckedViewNullableSelection/object-null (0.43s)
    --- PASS: TestCheckedViewNullableSelection/object-null-wrong (0.41s)
    --- PASS: TestCheckedViewNullableSelection/object-undefined (0.41s)
    --- PASS: TestCheckedViewNullableSelection/object-undefined-wrong (0.47s)
    --- PASS: TestCheckedViewNullableSelection/object-both (0.68s)
    --- PASS: TestCheckedViewNullableSelection/object-both-wrong (0.62s)
=== RUN   TestCheckedViewNullish
=== RUN   TestCheckedViewNullish/number-null
    checked_views_nullish_test.go:28: Node and both backends: "number:false:false\n8\nobject:true:false\n"
=== RUN   TestCheckedViewNullish/number-undefined
    checked_views_nullish_test.go:28: Node and both backends: "number:false:false\n8\nundefined:false:true\n"
=== RUN   TestCheckedViewNullish/number-both
    checked_views_nullish_test.go:28: Node and both backends: "number:false:false\n8\nobject:true:false\nundefined:false:true\n"
=== RUN   TestCheckedViewNullish/number-coalesce
    checked_views_nullish_test.go:28: Node and both backends: "7\ntrue\nnumber:false:false\n8\n0\nfalse\nobject:true:false\n0\nfalse\nundefined:false:true\n"
=== RUN   TestCheckedViewNullish/boolean-null
    checked_views_nullish_test.go:28: Node and both backends: "boolean:false:false\ntrue\nobject:true:false\n"
=== RUN   TestCheckedViewNullish/boolean-undefined
    checked_views_nullish_test.go:28: Node and both backends: "boolean:false:false\ntrue\nundefined:false:true\n"
=== RUN   TestCheckedViewNullish/boolean-both
    checked_views_nullish_test.go:28: Node and both backends: "boolean:false:false\ntrue\nobject:true:false\nundefined:false:true\n"
=== RUN   TestCheckedViewNullish/boolean-coalesce
    checked_views_nullish_test.go:28: Node and both backends: "false\nfalse\nboolean:false:false\ntrue\ntrue\nfalse\nobject:true:false\ntrue\nfalse\nundefined:false:true\n"
=== RUN   TestCheckedViewNullish/string-null
    checked_views_nullish_test.go:28: Node and both backends: "string:false:false\nmade-here:present\nobject:true:false\n"
=== RUN   TestCheckedViewNullish/string-undefined
    checked_views_nullish_test.go:28: Node and both backends: "string:false:false\nmade-here:present\nundefined:false:true\n"
=== RUN   TestCheckedViewNullish/string-both
    checked_views_nullish_test.go:28: Node and both backends: "string:false:false\nmade-here:present\nobject:true:false\nundefined:false:true\n"
=== RUN   TestCheckedViewNullish/string-coalesce
    checked_views_nullish_test.go:28: Node and both backends: "made-here\ntrue\nstring:false:false\nmade-here:present\nfallback\nfalse\nobject:true:false\nfallback\nfalse\nundefined:false:true\n"
=== RUN   TestCheckedViewNullish/object-null
    checked_views_nullish_test.go:28: Node and both backends: "object:false:false\nmade-here\nobject:true:false\n"
=== RUN   TestCheckedViewNullish/object-undefined
    checked_views_nullish_test.go:28: Node and both backends: "object:false:false\nmade-here\nundefined:false:true\n"
=== RUN   TestCheckedViewNullish/object-both
    checked_views_nullish_test.go:28: Node and both backends: "object:false:false\nmade-here\nobject:true:false\nundefined:false:true\n"
=== RUN   TestCheckedViewNullish/object-coalesce
    checked_views_nullish_test.go:28: Node and both backends: "made-here\ntrue\nobject:false:false\nmade-here\nfallback\nfalse\nobject:true:false\nfallback\nfalse\nundefined:false:true\n"
=== RUN   TestCheckedViewNullish/array-null
    checked_views_nullish_test.go:28: Node and both backends: "object:false:false\nmade-here\nobject:true:false\n"
=== RUN   TestCheckedViewNullish/array-undefined
    checked_views_nullish_test.go:28: Node and both backends: "object:false:false\nmade-here\nundefined:false:true\n"
=== RUN   TestCheckedViewNullish/array-both
    checked_views_nullish_test.go:28: Node and both backends: "object:false:false\nmade-here\nobject:true:false\nundefined:false:true\n"
=== RUN   TestCheckedViewNullish/array-coalesce
    checked_views_nullish_test.go:28: Node and both backends: "made-here\ntrue\nobject:false:false\nmade-here\nfallback\nfalse\nobject:true:false\nfallback\nfalse\nundefined:false:true\n"
=== RUN   TestCheckedViewNullish/callable-null
    checked_views_nullish_test.go:28: Node and both backends: "function:false:false\nordinary\nfunction:false:false\nmade-here\nobject:true:false\n"
=== RUN   TestCheckedViewNullish/callable-undefined
    checked_views_nullish_test.go:28: Node and both backends: "function:false:false\nordinary\nfunction:false:false\nmade-here\nundefined:false:true\n"
=== RUN   TestCheckedViewNullish/callable-both
    checked_views_nullish_test.go:28: Node and both backends: "function:false:false\nordinary\nfunction:false:false\nmade-here\nobject:true:false\nundefined:false:true\n"
=== RUN   TestCheckedViewNullish/callable-coalesce
    checked_views_nullish_test.go:28: Node and both backends: "ordinary\ntrue\nfunction:false:false\nordinary\nmade-here\ntrue\nfunction:false:false\nmade-here\nfallback\nfalse\nobject:true:false\nfallback\nfalse\nundefined:false:true\n"
--- PASS: TestCheckedViewNullish (13.28s)
    --- PASS: TestCheckedViewNullish/number-null (0.72s)
    --- PASS: TestCheckedViewNullish/number-undefined (0.66s)
    --- PASS: TestCheckedViewNullish/number-both (0.59s)
    --- PASS: TestCheckedViewNullish/number-coalesce (0.60s)
    --- PASS: TestCheckedViewNullish/boolean-null (0.53s)
    --- PASS: TestCheckedViewNullish/boolean-undefined (0.56s)
    --- PASS: TestCheckedViewNullish/boolean-both (0.51s)
    --- PASS: TestCheckedViewNullish/boolean-coalesce (0.63s)
    --- PASS: TestCheckedViewNullish/string-null (0.49s)
    --- PASS: TestCheckedViewNullish/string-undefined (0.50s)
    --- PASS: TestCheckedViewNullish/string-both (0.65s)
    --- PASS: TestCheckedViewNullish/string-coalesce (0.65s)
    --- PASS: TestCheckedViewNullish/object-null (0.54s)
    --- PASS: TestCheckedViewNullish/object-undefined (0.41s)
    --- PASS: TestCheckedViewNullish/object-both (0.45s)
    --- PASS: TestCheckedViewNullish/object-coalesce (0.44s)
    --- PASS: TestCheckedViewNullish/array-null (0.43s)
    --- PASS: TestCheckedViewNullish/array-undefined (0.42s)
    --- PASS: TestCheckedViewNullish/array-both (0.44s)
    --- PASS: TestCheckedViewNullish/array-coalesce (0.56s)
    --- PASS: TestCheckedViewNullish/callable-null (0.71s)
    --- PASS: TestCheckedViewNullish/callable-undefined (0.59s)
    --- PASS: TestCheckedViewNullish/callable-both (0.67s)
    --- PASS: TestCheckedViewNullish/callable-coalesce (0.52s)
=== RUN   TestCheckedViewNullishMutants
=== RUN   TestCheckedViewNullishMutants/number-null-wrong
    checked_views_nullish_test.go:46: source Node: exit=0 stdout="string:false:false\nwrong1\nobject:true:false\n" stderr=""
    checked_views_nullish_test.go:52: caught wrong: adamic: panic: field read failed: node.value matches no member of number | null; expected number | null, found string
    checked_views_nullish_test.go:52: caught wrong: adamic: panic: field read failed: node.value matches no member of number | null; expected number | null, found string
    checked_views_nullish_test.go:52: caught wrong: adamic: panic: field read failed: node.value matches no member of number | null; expected number | null, found string
=== RUN   TestCheckedViewNullishMutants/number-null-missing
    checked_views_nullish_test.go:46: source Node: exit=0 stdout="undefined:false:true\nobject:true:false\n" stderr=""
    checked_views_nullish_test.go:52: caught missing: adamic: panic: field read failed: node.value is not initialized; expected number | null, found missing
    checked_views_nullish_test.go:52: caught missing: adamic: panic: field read failed: node.value is not initialized; expected number | null, found missing
    checked_views_nullish_test.go:52: caught missing: adamic: panic: field read failed: node.value is not initialized; expected number | null, found missing
=== RUN   TestCheckedViewNullishMutants/number-null-opposite
    checked_views_nullish_test.go:46: source Node: exit=0 stdout="undefined:false:true\nobject:true:false\n" stderr=""
    checked_views_nullish_test.go:52: caught opposite: adamic: panic: field read failed: node.value matches no member of number | null; expected number | null, found undefined
    checked_views_nullish_test.go:52: caught opposite: adamic: panic: field read failed: node.value matches no member of number | null; expected number | null, found undefined
    checked_views_nullish_test.go:52: caught opposite: adamic: panic: field read failed: node.value matches no member of number | null; expected number | null, found undefined
=== RUN   TestCheckedViewNullishMutants/number-undefined-wrong
    checked_views_nullish_test.go:46: source Node: exit=0 stdout="string:false:false\nwrong1\nundefined:false:true\n" stderr=""
    checked_views_nullish_test.go:52: caught wrong: adamic: panic: field read failed: node.value matches no member of number | undefined; expected number | undefined, found string
    checked_views_nullish_test.go:52: caught wrong: adamic: panic: field read failed: node.value matches no member of number | undefined; expected number | undefined, found string
    checked_views_nullish_test.go:52: caught wrong: adamic: panic: field read failed: node.value matches no member of number | undefined; expected number | undefined, found string
=== RUN   TestCheckedViewNullishMutants/number-undefined-missing
    checked_views_nullish_test.go:46: source Node: exit=0 stdout="undefined:false:true\nundefined:false:true\n" stderr=""
    checked_views_nullish_test.go:52: caught missing: adamic: panic: field read failed: node.value is not initialized; expected number | undefined, found missing
    checked_views_nullish_test.go:52: caught missing: adamic: panic: field read failed: node.value is not initialized; expected number | undefined, found missing
    checked_views_nullish_test.go:52: caught missing: adamic: panic: field read failed: node.value is not initialized; expected number | undefined, found missing
=== RUN   TestCheckedViewNullishMutants/number-undefined-opposite
    checked_views_nullish_test.go:46: source Node: exit=0 stdout="object:true:false\nundefined:false:true\n" stderr=""
    checked_views_nullish_test.go:52: caught opposite: adamic: panic: field read failed: node.value matches no member of number | undefined; expected number | undefined, found null
    checked_views_nullish_test.go:52: caught opposite: adamic: panic: field read failed: node.value matches no member of number | undefined; expected number | undefined, found null
    checked_views_nullish_test.go:52: caught opposite: adamic: panic: field read failed: node.value matches no member of number | undefined; expected number | undefined, found null
=== RUN   TestCheckedViewNullishMutants/number-both-wrong
    checked_views_nullish_test.go:46: source Node: exit=0 stdout="string:false:false\nwrong1\nobject:true:false\nundefined:false:true\n" stderr=""
    checked_views_nullish_test.go:52: caught wrong: adamic: panic: field read failed: node.value matches no member of number | null | undefined; expected number | null | undefined, found string
    checked_views_nullish_test.go:52: caught wrong: adamic: panic: field read failed: node.value matches no member of number | null | undefined; expected number | null | undefined, found string
    checked_views_nullish_test.go:52: caught wrong: adamic: panic: field read failed: node.value matches no member of number | null | undefined; expected number | null | undefined, found string
=== RUN   TestCheckedViewNullishMutants/number-both-missing
    checked_views_nullish_test.go:46: source Node: exit=0 stdout="undefined:false:true\nobject:true:false\nundefined:false:true\n" stderr=""
    checked_views_nullish_test.go:52: caught missing: adamic: panic: field read failed: node.value is not initialized; expected number | null | undefined, found missing
    checked_views_nullish_test.go:52: caught missing: adamic: panic: field read failed: node.value is not initialized; expected number | null | undefined, found missing
    checked_views_nullish_test.go:52: caught missing: adamic: panic: field read failed: node.value is not initialized; expected number | null | undefined, found missing
=== RUN   TestCheckedViewNullishMutants/boolean-null-wrong
    checked_views_nullish_test.go:46: source Node: exit=0 stdout="string:false:false\nfalse\nobject:true:false\n" stderr=""
    checked_views_nullish_test.go:52: caught wrong: adamic: panic: field read failed: node.value matches no member of boolean | null; expected boolean | null, found string
    checked_views_nullish_test.go:52: caught wrong: adamic: panic: field read failed: node.value matches no member of boolean | null; expected boolean | null, found string
    checked_views_nullish_test.go:52: caught wrong: adamic: panic: field read failed: node.value matches no member of boolean | null; expected boolean | null, found string
=== RUN   TestCheckedViewNullishMutants/boolean-null-missing
    checked_views_nullish_test.go:46: source Node: exit=0 stdout="undefined:false:true\nobject:true:false\n" stderr=""
    checked_views_nullish_test.go:52: caught missing: adamic: panic: field read failed: node.value is not initialized; expected boolean | null, found missing
    checked_views_nullish_test.go:52: caught missing: adamic: panic: field read failed: node.value is not initialized; expected boolean | null, found missing
    checked_views_nullish_test.go:52: caught missing: adamic: panic: field read failed: node.value is not initialized; expected boolean | null, found missing
=== RUN   TestCheckedViewNullishMutants/boolean-null-opposite
    checked_views_nullish_test.go:46: source Node: exit=0 stdout="undefined:false:true\nobject:true:false\n" stderr=""
    checked_views_nullish_test.go:52: caught opposite: adamic: panic: field read failed: node.value matches no member of boolean | null; expected boolean | null, found undefined
    checked_views_nullish_test.go:52: caught opposite: adamic: panic: field read failed: node.value matches no member of boolean | null; expected boolean | null, found undefined
    checked_views_nullish_test.go:52: caught opposite: adamic: panic: field read failed: node.value matches no member of boolean | null; expected boolean | null, found undefined
=== RUN   TestCheckedViewNullishMutants/boolean-undefined-wrong
    checked_views_nullish_test.go:46: source Node: exit=0 stdout="string:false:false\nfalse\nundefined:false:true\n" stderr=""
    checked_views_nullish_test.go:52: caught wrong: adamic: panic: field read failed: node.value matches no member of boolean | undefined; expected boolean | undefined, found string
    checked_views_nullish_test.go:52: caught wrong: adamic: panic: field read failed: node.value matches no member of boolean | undefined; expected boolean | undefined, found string
    checked_views_nullish_test.go:52: caught wrong: adamic: panic: field read failed: node.value matches no member of boolean | undefined; expected boolean | undefined, found string
=== RUN   TestCheckedViewNullishMutants/boolean-undefined-missing
    checked_views_nullish_test.go:46: source Node: exit=0 stdout="undefined:false:true\nundefined:false:true\n" stderr=""
    checked_views_nullish_test.go:52: caught missing: adamic: panic: field read failed: node.value is not initialized; expected boolean | undefined, found missing
    checked_views_nullish_test.go:52: caught missing: adamic: panic: field read failed: node.value is not initialized; expected boolean | undefined, found missing
    checked_views_nullish_test.go:52: caught missing: adamic: panic: field read failed: node.value is not initialized; expected boolean | undefined, found missing
=== RUN   TestCheckedViewNullishMutants/boolean-undefined-opposite
    checked_views_nullish_test.go:46: source Node: exit=0 stdout="object:true:false\nundefined:false:true\n" stderr=""
    checked_views_nullish_test.go:52: caught opposite: adamic: panic: field read failed: node.value matches no member of boolean | undefined; expected boolean | undefined, found null
    checked_views_nullish_test.go:52: caught opposite: adamic: panic: field read failed: node.value matches no member of boolean | undefined; expected boolean | undefined, found null
    checked_views_nullish_test.go:52: caught opposite: adamic: panic: field read failed: node.value matches no member of boolean | undefined; expected boolean | undefined, found null
=== RUN   TestCheckedViewNullishMutants/boolean-both-wrong
    checked_views_nullish_test.go:46: source Node: exit=0 stdout="string:false:false\nfalse\nobject:true:false\nundefined:false:true\n" stderr=""
    checked_views_nullish_test.go:52: caught wrong: adamic: panic: field read failed: node.value matches no member of boolean | null | undefined; expected boolean | null | undefined, found string
    checked_views_nullish_test.go:52: caught wrong: adamic: panic: field read failed: node.value matches no member of boolean | null | undefined; expected boolean | null | undefined, found string
    checked_views_nullish_test.go:52: caught wrong: adamic: panic: field read failed: node.value matches no member of boolean | null | undefined; expected boolean | null | undefined, found string
=== RUN   TestCheckedViewNullishMutants/boolean-both-missing
    checked_views_nullish_test.go:46: source Node: exit=0 stdout="undefined:false:true\nobject:true:false\nundefined:false:true\n" stderr=""
    checked_views_nullish_test.go:52: caught missing: adamic: panic: field read failed: node.value is not initialized; expected boolean | null | undefined, found missing
    checked_views_nullish_test.go:52: caught missing: adamic: panic: field read failed: node.value is not initialized; expected boolean | null | undefined, found missing
    checked_views_nullish_test.go:52: caught missing: adamic: panic: field read failed: node.value is not initialized; expected boolean | null | undefined, found missing
=== RUN   TestCheckedViewNullishMutants/string-null-wrong
    checked_views_nullish_test.go:46: source Node: exit=0 stdout="number:false:false\n42:present\nobject:true:false\n" stderr=""
    checked_views_nullish_test.go:52: caught wrong: adamic: panic: field read failed: node.value matches no member of string | null; expected string | null, found number
    checked_views_nullish_test.go:52: caught wrong: adamic: panic: field read failed: node.value matches no member of string | null; expected string | null, found number
    checked_views_nullish_test.go:52: caught wrong: adamic: panic: field read failed: node.value matches no member of string | null; expected string | null, found number
=== RUN   TestCheckedViewNullishMutants/string-null-missing
    checked_views_nullish_test.go:46: source Node: exit=0 stdout="undefined:false:true\nobject:true:false\n" stderr=""
    checked_views_nullish_test.go:52: caught missing: adamic: panic: field read failed: node.value is not initialized; expected string | null, found missing
    checked_views_nullish_test.go:52: caught missing: adamic: panic: field read failed: node.value is not initialized; expected string | null, found missing
    checked_views_nullish_test.go:52: caught missing: adamic: panic: field read failed: node.value is not initialized; expected string | null, found missing
=== RUN   TestCheckedViewNullishMutants/string-null-opposite
    checked_views_nullish_test.go:46: source Node: exit=0 stdout="undefined:false:true\nobject:true:false\n" stderr=""
    checked_views_nullish_test.go:52: caught opposite: adamic: panic: field read failed: node.value matches no member of string | null; expected string | null, found undefined
    checked_views_nullish_test.go:52: caught opposite: adamic: panic: field read failed: node.value matches no member of string | null; expected string | null, found undefined
    checked_views_nullish_test.go:52: caught opposite: adamic: panic: field read failed: node.value matches no member of string | null; expected string | null, found undefined
=== RUN   TestCheckedViewNullishMutants/string-undefined-wrong
    checked_views_nullish_test.go:46: source Node: exit=0 stdout="number:false:false\n42:present\nundefined:false:true\n" stderr=""
    checked_views_nullish_test.go:52: caught wrong: adamic: panic: field read failed: node.value matches no member of string | undefined; expected string | undefined, found number
    checked_views_nullish_test.go:52: caught wrong: adamic: panic: field read failed: node.value matches no member of string | undefined; expected string | undefined, found number
    checked_views_nullish_test.go:52: caught wrong: adamic: panic: field read failed: node.value matches no member of string | undefined; expected string | undefined, found number
=== RUN   TestCheckedViewNullishMutants/string-undefined-missing
    checked_views_nullish_test.go:46: source Node: exit=0 stdout="undefined:false:true\nundefined:false:true\n" stderr=""
    checked_views_nullish_test.go:52: caught missing: adamic: panic: field read failed: node.value is not initialized; expected string | undefined, found missing
    checked_views_nullish_test.go:52: caught missing: adamic: panic: field read failed: node.value is not initialized; expected string | undefined, found missing
    checked_views_nullish_test.go:52: caught missing: adamic: panic: field read failed: node.value is not initialized; expected string | undefined, found missing
=== RUN   TestCheckedViewNullishMutants/string-undefined-opposite
    checked_views_nullish_test.go:46: source Node: exit=0 stdout="object:true:false\nundefined:false:true\n" stderr=""
    checked_views_nullish_test.go:52: caught opposite: adamic: panic: field read failed: node.value matches no member of string | undefined; expected string | undefined, found null
    checked_views_nullish_test.go:52: caught opposite: adamic: panic: field read failed: node.value matches no member of string | undefined; expected string | undefined, found null
    checked_views_nullish_test.go:52: caught opposite: adamic: panic: field read failed: node.value matches no member of string | undefined; expected string | undefined, found null
=== RUN   TestCheckedViewNullishMutants/string-both-wrong
    checked_views_nullish_test.go:46: source Node: exit=0 stdout="number:false:false\n42:present\nobject:true:false\nundefined:false:true\n" stderr=""
    checked_views_nullish_test.go:52: caught wrong: adamic: panic: field read failed: node.value matches no member of string | null | undefined; expected string | null | undefined, found number
    checked_views_nullish_test.go:52: caught wrong: adamic: panic: field read failed: node.value matches no member of string | null | undefined; expected string | null | undefined, found number
    checked_views_nullish_test.go:52: caught wrong: adamic: panic: field read failed: node.value matches no member of string | null | undefined; expected string | null | undefined, found number
=== RUN   TestCheckedViewNullishMutants/string-both-missing
    checked_views_nullish_test.go:46: source Node: exit=0 stdout="undefined:false:true\nobject:true:false\nundefined:false:true\n" stderr=""
    checked_views_nullish_test.go:52: caught missing: adamic: panic: field read failed: node.value is not initialized; expected string | null | undefined, found missing
    checked_views_nullish_test.go:52: caught missing: adamic: panic: field read failed: node.value is not initialized; expected string | null | undefined, found missing
    checked_views_nullish_test.go:52: caught missing: adamic: panic: field read failed: node.value is not initialized; expected string | null | undefined, found missing
=== RUN   TestCheckedViewNullishMutants/object-null-wrong
    checked_views_nullish_test.go:46: source Node: exit=0 stdout="string:false:false\nundefined\nobject:true:false\n" stderr=""
    checked_views_nullish_test.go:52: caught wrong: adamic: panic: field read failed: node.value matches no member of { readonly label: string; } | null; expected { readonly label: string; } | null, found string
    checked_views_nullish_test.go:52: caught wrong: adamic: panic: field read failed: node.value matches no member of { readonly label: string; } | null; expected { readonly label: string; } | null, found string
    checked_views_nullish_test.go:52: caught wrong: adamic: panic: field read failed: node.value matches no member of { readonly label: string; } | null; expected { readonly label: string; } | null, found string
=== RUN   TestCheckedViewNullishMutants/object-null-missing
    checked_views_nullish_test.go:46: source Node: exit=0 stdout="undefined:false:true\nobject:true:false\n" stderr=""
    checked_views_nullish_test.go:52: caught missing: adamic: panic: field read failed: node.value is not initialized; expected { readonly label: string; } | null, found missing
    checked_views_nullish_test.go:52: caught missing: adamic: panic: field read failed: node.value is not initialized; expected { readonly label: string; } | null, found missing
    checked_views_nullish_test.go:52: caught missing: adamic: panic: field read failed: node.value is not initialized; expected { readonly label: string; } | null, found missing
=== RUN   TestCheckedViewNullishMutants/object-null-opposite
    checked_views_nullish_test.go:46: source Node: exit=0 stdout="undefined:false:true\nobject:true:false\n" stderr=""
    checked_views_nullish_test.go:52: caught opposite: adamic: panic: field read failed: node.value matches no member of { readonly label: string; } | null; expected { readonly label: string; } | null, found undefined
    checked_views_nullish_test.go:52: caught opposite: adamic: panic: field read failed: node.value matches no member of { readonly label: string; } | null; expected { readonly label: string; } | null, found undefined
    checked_views_nullish_test.go:52: caught opposite: adamic: panic: field read failed: node.value matches no member of { readonly label: string; } | null; expected { readonly label: string; } | null, found undefined
=== RUN   TestCheckedViewNullishMutants/object-undefined-wrong
    checked_views_nullish_test.go:46: source Node: exit=0 stdout="string:false:false\nundefined\nundefined:false:true\n" stderr=""
    checked_views_nullish_test.go:52: caught wrong: adamic: panic: field read failed: node.value matches no member of { readonly label: string; } | undefined; expected { readonly label: string; } | undefined, found string
    checked_views_nullish_test.go:52: caught wrong: adamic: panic: field read failed: node.value matches no member of { readonly label: string; } | undefined; expected { readonly label: string; } | undefined, found string
    checked_views_nullish_test.go:52: caught wrong: adamic: panic: field read failed: node.value matches no member of { readonly label: string; } | undefined; expected { readonly label: string; } | undefined, found string
=== RUN   TestCheckedViewNullishMutants/object-undefined-missing
    checked_views_nullish_test.go:46: source Node: exit=0 stdout="undefined:false:true\nundefined:false:true\n" stderr=""
    checked_views_nullish_test.go:52: caught missing: adamic: panic: field read failed: node.value is not initialized; expected { readonly label: string; } | undefined, found missing
    checked_views_nullish_test.go:52: caught missing: adamic: panic: field read failed: node.value is not initialized; expected { readonly label: string; } | undefined, found missing
    checked_views_nullish_test.go:52: caught missing: adamic: panic: field read failed: node.value is not initialized; expected { readonly label: string; } | undefined, found missing
=== RUN   TestCheckedViewNullishMutants/object-undefined-opposite
    checked_views_nullish_test.go:46: source Node: exit=0 stdout="object:true:false\nundefined:false:true\n" stderr=""
    checked_views_nullish_test.go:52: caught opposite: adamic: panic: field read failed: node.value matches no member of { readonly label: string; } | undefined; expected { readonly label: string; } | undefined, found null
    checked_views_nullish_test.go:52: caught opposite: adamic: panic: field read failed: node.value matches no member of { readonly label: string; } | undefined; expected { readonly label: string; } | undefined, found null
    checked_views_nullish_test.go:52: caught opposite: adamic: panic: field read failed: node.value matches no member of { readonly label: string; } | undefined; expected { readonly label: string; } | undefined, found null
=== RUN   TestCheckedViewNullishMutants/object-both-wrong
    checked_views_nullish_test.go:46: source Node: exit=0 stdout="string:false:false\nundefined\nobject:true:false\nundefined:false:true\n" stderr=""
    checked_views_nullish_test.go:52: caught wrong: adamic: panic: field read failed: node.value matches no member of { readonly label: string; } | null | undefined; expected { readonly label: string; } | null | undefined, found string
    checked_views_nullish_test.go:52: caught wrong: adamic: panic: field read failed: node.value matches no member of { readonly label: string; } | null | undefined; expected { readonly label: string; } | null | undefined, found string
    checked_views_nullish_test.go:52: caught wrong: adamic: panic: field read failed: node.value matches no member of { readonly label: string; } | null | undefined; expected { readonly label: string; } | null | undefined, found string
=== RUN   TestCheckedViewNullishMutants/object-both-missing
    checked_views_nullish_test.go:46: source Node: exit=0 stdout="undefined:false:true\nobject:true:false\nundefined:false:true\n" stderr=""
    checked_views_nullish_test.go:52: caught missing: adamic: panic: field read failed: node.value is not initialized; expected { readonly label: string; } | null | undefined, found missing
    checked_views_nullish_test.go:52: caught missing: adamic: panic: field read failed: node.value is not initialized; expected { readonly label: string; } | null | undefined, found missing
    checked_views_nullish_test.go:52: caught missing: adamic: panic: field read failed: node.value is not initialized; expected { readonly label: string; } | null | undefined, found missing
=== RUN   TestCheckedViewNullishMutants/array-null-wrong
    checked_views_nullish_test.go:46: source Node: exit=70 stdout="string:false:false\n" stderr="adamic: panic: TypeError: value.join is not a function\n"
    checked_views_nullish_test.go:52: caught wrong: adamic: panic: field read failed: node.value matches no member of readonly string[] | null; expected readonly string[] | null, found string
    checked_views_nullish_test.go:52: caught wrong: adamic: panic: field read failed: node.value matches no member of readonly string[] | null; expected readonly string[] | null, found string
    checked_views_nullish_test.go:52: caught wrong: adamic: panic: field read failed: node.value matches no member of readonly string[] | null; expected readonly string[] | null, found string
=== RUN   TestCheckedViewNullishMutants/array-null-missing
    checked_views_nullish_test.go:46: source Node: exit=0 stdout="undefined:false:true\nobject:true:false\n" stderr=""
    checked_views_nullish_test.go:52: caught missing: adamic: panic: field read failed: node.value is not initialized; expected readonly string[] | null, found missing
    checked_views_nullish_test.go:52: caught missing: adamic: panic: field read failed: node.value is not initialized; expected readonly string[] | null, found missing
    checked_views_nullish_test.go:52: caught missing: adamic: panic: field read failed: node.value is not initialized; expected readonly string[] | null, found missing
=== RUN   TestCheckedViewNullishMutants/array-null-opposite
    checked_views_nullish_test.go:46: source Node: exit=0 stdout="undefined:false:true\nobject:true:false\n" stderr=""
    checked_views_nullish_test.go:52: caught opposite: adamic: panic: field read failed: node.value matches no member of readonly string[] | null; expected readonly string[] | null, found undefined
    checked_views_nullish_test.go:52: caught opposite: adamic: panic: field read failed: node.value matches no member of readonly string[] | null; expected readonly string[] | null, found undefined
    checked_views_nullish_test.go:52: caught opposite: adamic: panic: field read failed: node.value matches no member of readonly string[] | null; expected readonly string[] | null, found undefined
=== RUN   TestCheckedViewNullishMutants/array-undefined-wrong
    checked_views_nullish_test.go:46: source Node: exit=70 stdout="string:false:false\n" stderr="adamic: panic: TypeError: value.join is not a function\n"
    checked_views_nullish_test.go:52: caught wrong: adamic: panic: field read failed: node.value matches no member of readonly string[] | undefined; expected readonly string[] | undefined, found string
    checked_views_nullish_test.go:52: caught wrong: adamic: panic: field read failed: node.value matches no member of readonly string[] | undefined; expected readonly string[] | undefined, found string
    checked_views_nullish_test.go:52: caught wrong: adamic: panic: field read failed: node.value matches no member of readonly string[] | undefined; expected readonly string[] | undefined, found string
=== RUN   TestCheckedViewNullishMutants/array-undefined-missing
    checked_views_nullish_test.go:46: source Node: exit=0 stdout="undefined:false:true\nundefined:false:true\n" stderr=""
    checked_views_nullish_test.go:52: caught missing: adamic: panic: field read failed: node.value is not initialized; expected readonly string[] | undefined, found missing
    checked_views_nullish_test.go:52: caught missing: adamic: panic: field read failed: node.value is not initialized; expected readonly string[] | undefined, found missing
    checked_views_nullish_test.go:52: caught missing: adamic: panic: field read failed: node.value is not initialized; expected readonly string[] | undefined, found missing
=== RUN   TestCheckedViewNullishMutants/array-undefined-opposite
    checked_views_nullish_test.go:46: source Node: exit=0 stdout="object:true:false\nundefined:false:true\n" stderr=""
    checked_views_nullish_test.go:52: caught opposite: adamic: panic: field read failed: node.value matches no member of readonly string[] | undefined; expected readonly string[] | undefined, found null
    checked_views_nullish_test.go:52: caught opposite: adamic: panic: field read failed: node.value matches no member of readonly string[] | undefined; expected readonly string[] | undefined, found null
    checked_views_nullish_test.go:52: caught opposite: adamic: panic: field read failed: node.value matches no member of readonly string[] | undefined; expected readonly string[] | undefined, found null
=== RUN   TestCheckedViewNullishMutants/array-both-wrong
    checked_views_nullish_test.go:46: source Node: exit=70 stdout="string:false:false\n" stderr="adamic: panic: TypeError: value.join is not a function\n"
    checked_views_nullish_test.go:52: caught wrong: adamic: panic: field read failed: node.value matches no member of readonly string[] | null | undefined; expected readonly string[] | null | undefined, found string
    checked_views_nullish_test.go:52: caught wrong: adamic: panic: field read failed: node.value matches no member of readonly string[] | null | undefined; expected readonly string[] | null | undefined, found string
    checked_views_nullish_test.go:52: caught wrong: adamic: panic: field read failed: node.value matches no member of readonly string[] | null | undefined; expected readonly string[] | null | undefined, found string
=== RUN   TestCheckedViewNullishMutants/array-both-missing
    checked_views_nullish_test.go:46: source Node: exit=0 stdout="undefined:false:true\nobject:true:false\nundefined:false:true\n" stderr=""
    checked_views_nullish_test.go:52: caught missing: adamic: panic: field read failed: node.value is not initialized; expected readonly string[] | null | undefined, found missing
    checked_views_nullish_test.go:52: caught missing: adamic: panic: field read failed: node.value is not initialized; expected readonly string[] | null | undefined, found missing
    checked_views_nullish_test.go:52: caught missing: adamic: panic: field read failed: node.value is not initialized; expected readonly string[] | null | undefined, found missing
=== RUN   TestCheckedViewNullishMutants/callable-null-wrong
    checked_views_nullish_test.go:46: source Node: exit=70 stdout="function:false:false\nordinary\nstring:false:false\n" stderr="adamic: panic: TypeError: value is not a function\n"
    checked_views_nullish_test.go:52: caught wrong: adamic: panic: field read failed: node.value matches no member of (() => string) | null; expected (() => string) | null, found string
    checked_views_nullish_test.go:52: caught wrong: adamic: panic: field read failed: node.value matches no member of (() => string) | null; expected (() => string) | null, found string
    checked_views_nullish_test.go:52: caught wrong: adamic: panic: field read failed: node.value matches no member of (() => string) | null; expected (() => string) | null, found string
=== RUN   TestCheckedViewNullishMutants/callable-null-missing
    checked_views_nullish_test.go:46: source Node: exit=0 stdout="function:false:false\nordinary\nundefined:false:true\nobject:true:false\n" stderr=""
    checked_views_nullish_test.go:52: caught missing: adamic: panic: field read failed: node.value is not initialized; expected (() => string) | null, found missing
    checked_views_nullish_test.go:52: caught missing: adamic: panic: field read failed: node.value is not initialized; expected (() => string) | null, found missing
    checked_views_nullish_test.go:52: caught missing: adamic: panic: field read failed: node.value is not initialized; expected (() => string) | null, found missing
=== RUN   TestCheckedViewNullishMutants/callable-null-opposite
    checked_views_nullish_test.go:46: source Node: exit=0 stdout="function:false:false\nordinary\nundefined:false:true\nobject:true:false\n" stderr=""
    checked_views_nullish_test.go:52: caught opposite: adamic: panic: field read failed: node.value matches no member of (() => string) | null; expected (() => string) | null, found undefined
    checked_views_nullish_test.go:52: caught opposite: adamic: panic: field read failed: node.value matches no member of (() => string) | null; expected (() => string) | null, found undefined
    checked_views_nullish_test.go:52: caught opposite: adamic: panic: field read failed: node.value matches no member of (() => string) | null; expected (() => string) | null, found undefined
=== RUN   TestCheckedViewNullishMutants/callable-undefined-wrong
    checked_views_nullish_test.go:46: source Node: exit=70 stdout="function:false:false\nordinary\nstring:false:false\n" stderr="adamic: panic: TypeError: value is not a function\n"
    checked_views_nullish_test.go:52: caught wrong: adamic: panic: field read failed: node.value matches no member of (() => string) | undefined; expected (() => string) | undefined, found string
    checked_views_nullish_test.go:52: caught wrong: adamic: panic: field read failed: node.value matches no member of (() => string) | undefined; expected (() => string) | undefined, found string
    checked_views_nullish_test.go:52: caught wrong: adamic: panic: field read failed: node.value matches no member of (() => string) | undefined; expected (() => string) | undefined, found string
=== RUN   TestCheckedViewNullishMutants/callable-undefined-missing
    checked_views_nullish_test.go:46: source Node: exit=0 stdout="function:false:false\nordinary\nundefined:false:true\nundefined:false:true\n" stderr=""
    checked_views_nullish_test.go:52: caught missing: adamic: panic: field read failed: node.value is not initialized; expected (() => string) | undefined, found missing
    checked_views_nullish_test.go:52: caught missing: adamic: panic: field read failed: node.value is not initialized; expected (() => string) | undefined, found missing
    checked_views_nullish_test.go:52: caught missing: adamic: panic: field read failed: node.value is not initialized; expected (() => string) | undefined, found missing
=== RUN   TestCheckedViewNullishMutants/callable-undefined-opposite
    checked_views_nullish_test.go:46: source Node: exit=0 stdout="function:false:false\nordinary\nobject:true:false\nundefined:false:true\n" stderr=""
    checked_views_nullish_test.go:52: caught opposite: adamic: panic: field read failed: node.value matches no member of (() => string) | undefined; expected (() => string) | undefined, found null
    checked_views_nullish_test.go:52: caught opposite: adamic: panic: field read failed: node.value matches no member of (() => string) | undefined; expected (() => string) | undefined, found null
    checked_views_nullish_test.go:52: caught opposite: adamic: panic: field read failed: node.value matches no member of (() => string) | undefined; expected (() => string) | undefined, found null
=== RUN   TestCheckedViewNullishMutants/callable-both-wrong
    checked_views_nullish_test.go:46: source Node: exit=70 stdout="function:false:false\nordinary\nstring:false:false\n" stderr="adamic: panic: TypeError: value is not a function\n"
    checked_views_nullish_test.go:52: caught wrong: adamic: panic: field read failed: node.value matches no member of (() => string) | null | undefined; expected (() => string) | null | undefined, found string
    checked_views_nullish_test.go:52: caught wrong: adamic: panic: field read failed: node.value matches no member of (() => string) | null | undefined; expected (() => string) | null | undefined, found string
    checked_views_nullish_test.go:52: caught wrong: adamic: panic: field read failed: node.value matches no member of (() => string) | null | undefined; expected (() => string) | null | undefined, found string
=== RUN   TestCheckedViewNullishMutants/callable-both-missing
    checked_views_nullish_test.go:46: source Node: exit=0 stdout="function:false:false\nordinary\nundefined:false:true\nobject:true:false\nundefined:false:true\n" stderr=""
    checked_views_nullish_test.go:52: caught missing: adamic: panic: field read failed: node.value is not initialized; expected (() => string) | null | undefined, found missing
    checked_views_nullish_test.go:52: caught missing: adamic: panic: field read failed: node.value is not initialized; expected (() => string) | null | undefined, found missing
    checked_views_nullish_test.go:52: caught missing: adamic: panic: field read failed: node.value is not initialized; expected (() => string) | null | undefined, found missing
--- PASS: TestCheckedViewNullishMutants (25.03s)
    --- PASS: TestCheckedViewNullishMutants/number-null-wrong (0.55s)
    --- PASS: TestCheckedViewNullishMutants/number-null-missing (0.51s)
    --- PASS: TestCheckedViewNullishMutants/number-null-opposite (0.70s)
    --- PASS: TestCheckedViewNullishMutants/number-undefined-wrong (0.50s)
    --- PASS: TestCheckedViewNullishMutants/number-undefined-missing (0.52s)
    --- PASS: TestCheckedViewNullishMutants/number-undefined-opposite (0.53s)
    --- PASS: TestCheckedViewNullishMutants/number-both-wrong (0.53s)
    --- PASS: TestCheckedViewNullishMutants/number-both-missing (0.48s)
    --- PASS: TestCheckedViewNullishMutants/boolean-null-wrong (0.59s)
    --- PASS: TestCheckedViewNullishMutants/boolean-null-missing (0.56s)
    --- PASS: TestCheckedViewNullishMutants/boolean-null-opposite (0.45s)
    --- PASS: TestCheckedViewNullishMutants/boolean-undefined-wrong (0.50s)
    --- PASS: TestCheckedViewNullishMutants/boolean-undefined-missing (0.42s)
    --- PASS: TestCheckedViewNullishMutants/boolean-undefined-opposite (0.42s)
    --- PASS: TestCheckedViewNullishMutants/boolean-both-wrong (0.43s)
    --- PASS: TestCheckedViewNullishMutants/boolean-both-missing (0.42s)
    --- PASS: TestCheckedViewNullishMutants/string-null-wrong (0.40s)
    --- PASS: TestCheckedViewNullishMutants/string-null-missing (0.39s)
    --- PASS: TestCheckedViewNullishMutants/string-null-opposite (0.49s)
    --- PASS: TestCheckedViewNullishMutants/string-undefined-wrong (0.59s)
    --- PASS: TestCheckedViewNullishMutants/string-undefined-missing (0.57s)
    --- PASS: TestCheckedViewNullishMutants/string-undefined-opposite (0.72s)
    --- PASS: TestCheckedViewNullishMutants/string-both-wrong (0.61s)
    --- PASS: TestCheckedViewNullishMutants/string-both-missing (0.66s)
    --- PASS: TestCheckedViewNullishMutants/object-null-wrong (0.59s)
    --- PASS: TestCheckedViewNullishMutants/object-null-missing (0.49s)
    --- PASS: TestCheckedViewNullishMutants/object-null-opposite (0.44s)
    --- PASS: TestCheckedViewNullishMutants/object-undefined-wrong (0.57s)
    --- PASS: TestCheckedViewNullishMutants/object-undefined-missing (0.52s)
    --- PASS: TestCheckedViewNullishMutants/object-undefined-opposite (0.56s)
    --- PASS: TestCheckedViewNullishMutants/object-both-wrong (0.55s)
    --- PASS: TestCheckedViewNullishMutants/object-both-missing (0.48s)
    --- PASS: TestCheckedViewNullishMutants/array-null-wrong (0.50s)
    --- PASS: TestCheckedViewNullishMutants/array-null-missing (0.63s)
    --- PASS: TestCheckedViewNullishMutants/array-null-opposite (0.46s)
    --- PASS: TestCheckedViewNullishMutants/array-undefined-wrong (0.41s)
    --- PASS: TestCheckedViewNullishMutants/array-undefined-missing (0.40s)
    --- PASS: TestCheckedViewNullishMutants/array-undefined-opposite (0.40s)
    --- PASS: TestCheckedViewNullishMutants/array-both-wrong (0.42s)
    --- PASS: TestCheckedViewNullishMutants/array-both-missing (0.41s)
    --- PASS: TestCheckedViewNullishMutants/callable-null-wrong (0.43s)
    --- PASS: TestCheckedViewNullishMutants/callable-null-missing (0.42s)
    --- PASS: TestCheckedViewNullishMutants/callable-null-opposite (0.75s)
    --- PASS: TestCheckedViewNullishMutants/callable-undefined-wrong (0.64s)
    --- PASS: TestCheckedViewNullishMutants/callable-undefined-missing (0.63s)
    --- PASS: TestCheckedViewNullishMutants/callable-undefined-opposite (0.42s)
    --- PASS: TestCheckedViewNullishMutants/callable-both-wrong (0.63s)
    --- PASS: TestCheckedViewNullishMutants/callable-both-missing (0.71s)
=== RUN   TestCheckedViewNullishTransitiveMutants
=== RUN   TestCheckedViewNullishTransitiveMutants/object
    checked_views_nullish_test.go:65: Node: exit=0 stdout="object:false:false\n42\nobject:true:false\nundefined:false:true\n"
    checked_views_nullish_test.go:71: caught nested read: adamic: panic: field read failed: value.label is not a string; expected string, found number
    checked_views_nullish_test.go:71: caught nested read: adamic: panic: field read failed: value.label is not a string; expected string, found number
    checked_views_nullish_test.go:71: caught nested read: adamic: panic: field read failed: value.label is not a string; expected string, found number
=== RUN   TestCheckedViewNullishTransitiveMutants/array
    checked_views_nullish_test.go:65: Node: exit=0 stdout="object:false:false\n42\nobject:true:false\nundefined:false:true\n"
    checked_views_nullish_test.go:71: caught nested read: adamic: panic: element read failed: value[element] expected string, found number
    checked_views_nullish_test.go:71: caught nested read: adamic: panic: element read failed: value[element] expected string, found number
    checked_views_nullish_test.go:71: caught nested read: adamic: panic: element read failed: value[element] expected string, found number
--- PASS: TestCheckedViewNullishTransitiveMutants (1.34s)
    --- PASS: TestCheckedViewNullishTransitiveMutants/object (0.60s)
    --- PASS: TestCheckedViewNullishTransitiveMutants/array (0.74s)
=== RUN   TestCheckedViewNullishRegexIdentity
    checked_views_nullish_test.go:89: Node and both backends: "true\nfalse\nfalse\ntrue\n"
--- PASS: TestCheckedViewNullishRegexIdentity (0.64s)
=== RUN   TestCheckedViewNullishCallableSignatureMutant
    checked_views_nullish_test.go:100: Node source: exit=0 stdout="function:false:false\nordinary\nfunction:false:false\n42\nobject:true:false\nundefined:false:true\n"
    checked_views_nullish_test.go:104: caught signature mutant: /workspace/adamic/stage3/interface-downcasts/nullish/fixtures/callable-signature-mutant.a:10:14: Adamic 0.1 refuses checked view read of field value with unsupported callable contract; prove or implement the callable contract before reading this field
--- PASS: TestCheckedViewNullishCallableSignatureMutant (0.19s)
=== RUN   TestCheckedViewNullishMapUnread
=== RUN   TestCheckedViewNullishMapUnread/null
    checked_views_nullish_test.go:121: unread map admitted, Node and both backends: "box\nbox\n"
=== RUN   TestCheckedViewNullishMapUnread/undefined
    checked_views_nullish_test.go:121: unread map admitted, Node and both backends: "box\nbox\n"
=== RUN   TestCheckedViewNullishMapUnread/both
    checked_views_nullish_test.go:121: unread map admitted, Node and both backends: "box\nbox\nbox\n"
--- PASS: TestCheckedViewNullishMapUnread (1.94s)
    --- PASS: TestCheckedViewNullishMapUnread/null (0.74s)
    --- PASS: TestCheckedViewNullishMapUnread/undefined (0.57s)
    --- PASS: TestCheckedViewNullishMapUnread/both (0.63s)
=== RUN   TestCheckedViewNullishMapReadRefusals
=== RUN   TestCheckedViewNullishMapReadRefusals/null
    checked_views_nullish_test.go:138: Node source: exit=0 stdout="object:false:false\nempty\nobject:true:false\n"
    checked_views_nullish_test.go:146: caught unsupported map read: /workspace/adamic/stage3/interface-downcasts/nullish/fixtures/map-null.a:9:14: Adamic 0.1 refuses checked view read of field value with unsupported collection contract; prove or implement the collection contract before reading this field
=== RUN   TestCheckedViewNullishMapReadRefusals/null-wrong
    checked_views_nullish_test.go:138: Node source: exit=70 stdout="string:false:false\n"
    checked_views_nullish_test.go:146: caught unsupported map read: /workspace/adamic/stage3/interface-downcasts/nullish/fixtures/map-null-wrong.a:9:14: Adamic 0.1 refuses checked view read of field value with unsupported collection contract; prove or implement the collection contract before reading this field
=== RUN   TestCheckedViewNullishMapReadRefusals/null-opposite
    checked_views_nullish_test.go:138: Node source: exit=0 stdout="undefined:false:true\nobject:true:false\n"
    checked_views_nullish_test.go:146: caught unsupported map read: /workspace/adamic/stage3/interface-downcasts/nullish/fixtures/map-null-opposite.a:9:14: Adamic 0.1 refuses checked view read of field value with unsupported collection contract; prove or implement the collection contract before reading this field
=== RUN   TestCheckedViewNullishMapReadRefusals/undefined
    checked_views_nullish_test.go:138: Node source: exit=0 stdout="object:false:false\nempty\nundefined:false:true\n"
    checked_views_nullish_test.go:146: caught unsupported map read: /workspace/adamic/stage3/interface-downcasts/nullish/fixtures/map-undefined.a:9:14: Adamic 0.1 refuses checked view read of field value with unsupported collection contract; prove or implement the collection contract before reading this field
=== RUN   TestCheckedViewNullishMapReadRefusals/undefined-wrong
    checked_views_nullish_test.go:138: Node source: exit=70 stdout="string:false:false\n"
    checked_views_nullish_test.go:146: caught unsupported map read: /workspace/adamic/stage3/interface-downcasts/nullish/fixtures/map-undefined-wrong.a:9:14: Adamic 0.1 refuses checked view read of field value with unsupported collection contract; prove or implement the collection contract before reading this field
=== RUN   TestCheckedViewNullishMapReadRefusals/undefined-opposite
    checked_views_nullish_test.go:138: Node source: exit=0 stdout="object:true:false\nundefined:false:true\n"
    checked_views_nullish_test.go:146: caught unsupported map read: /workspace/adamic/stage3/interface-downcasts/nullish/fixtures/map-undefined-opposite.a:9:14: Adamic 0.1 refuses checked view read of field value with unsupported collection contract; prove or implement the collection contract before reading this field
=== RUN   TestCheckedViewNullishMapReadRefusals/both
    checked_views_nullish_test.go:138: Node source: exit=0 stdout="object:false:false\nempty\nobject:true:false\nundefined:false:true\n"
    checked_views_nullish_test.go:146: caught unsupported map read: /workspace/adamic/stage3/interface-downcasts/nullish/fixtures/map-both.a:10:14: Adamic 0.1 refuses checked view read of field value with unsupported collection contract; prove or implement the collection contract before reading this field
=== RUN   TestCheckedViewNullishMapReadRefusals/both-wrong
    checked_views_nullish_test.go:138: Node source: exit=70 stdout="string:false:false\n"
    checked_views_nullish_test.go:146: caught unsupported map read: /workspace/adamic/stage3/interface-downcasts/nullish/fixtures/map-both-wrong.a:10:14: Adamic 0.1 refuses checked view read of field value with unsupported collection contract; prove or implement the collection contract before reading this field
--- PASS: TestCheckedViewNullishMapReadRefusals (1.16s)
    --- PASS: TestCheckedViewNullishMapReadRefusals/null (0.11s)
    --- PASS: TestCheckedViewNullishMapReadRefusals/null-wrong (0.16s)
    --- PASS: TestCheckedViewNullishMapReadRefusals/null-opposite (0.13s)
    --- PASS: TestCheckedViewNullishMapReadRefusals/undefined (0.14s)
    --- PASS: TestCheckedViewNullishMapReadRefusals/undefined-wrong (0.26s)
    --- PASS: TestCheckedViewNullishMapReadRefusals/undefined-opposite (0.11s)
    --- PASS: TestCheckedViewNullishMapReadRefusals/both (0.11s)
    --- PASS: TestCheckedViewNullishMapReadRefusals/both-wrong (0.13s)
=== RUN   TestCheckedViewNullishLiterals
=== RUN   TestCheckedViewNullishLiterals/literal
    checked_views_nullish_test.go:172: Node: exit=0 stdout="string:false:false\nmade-here:present\nobject:true:false\nundefined:false:true\n"; checked literal variant ""
=== RUN   TestCheckedViewNullishLiterals/literal-wrong
    checked_views_nullish_test.go:172: Node: exit=0 stdout="string:false:false\nnot-allowed:present\nobject:true:false\nundefined:false:true\n"; checked literal variant "-wrong"
--- PASS: TestCheckedViewNullishLiterals (0.86s)
    --- PASS: TestCheckedViewNullishLiterals/literal (0.43s)
    --- PASS: TestCheckedViewNullishLiterals/literal-wrong (0.43s)
=== RUN   TestCheckedViewObjectPrimitiveSource
=== RUN   TestCheckedViewObjectPrimitiveSource/optional-absent
    checked_views_object_primitive_unions_test.go:82: optional policy rollback caught: exit 70 stdout ""
    checked_views_object_primitive_unions_test.go:82: optional policy rollback caught: exit 70 stdout ""
=== RUN   TestCheckedViewObjectPrimitiveSource/optional-receiver
    checked_views_object_primitive_unions_test.go:82: optional policy rollback caught: exit 70 stdout "ok\n"
    checked_views_object_primitive_unions_test.go:82: optional policy rollback caught: exit 70 stdout "ok\n"
=== RUN   TestCheckedViewObjectPrimitiveSource/required-missing
=== RUN   TestCheckedViewObjectPrimitiveSource/comment-good
=== RUN   TestCheckedViewObjectPrimitiveSource/comment-flags-wrong
    checked_views_object_primitive_unions_test.go:160: wrong-shape acceptance caught: exit 0 stdout "nested:0\n"
    checked_views_object_primitive_unions_test.go:160: wrong-shape acceptance caught: exit 0 stdout "nested:false\n"
    checked_views_object_primitive_unions_test.go:190: read check removal caught (comment-flags-wrong): exit 0 stdout "nested:0\n"
    checked_views_object_primitive_unions_test.go:190: read check removal caught (comment-flags-wrong): exit 0 stdout "nested:false\n"
=== RUN   TestCheckedViewObjectPrimitiveSource/comment-boolean
    checked_views_object_primitive_unions_test.go:103: outer wrong-member acceptance caught (comment-boolean): exit 0 stdout "wrong\n"
    checked_views_object_primitive_unions_test.go:103: outer wrong-member acceptance caught (comment-boolean): exit 0 stdout "wrong\n"
    checked_views_object_primitive_unions_test.go:190: read check removal caught (comment-boolean): exit 0 stdout "absent\n"
    checked_views_object_primitive_unions_test.go:190: read check removal caught (comment-boolean): exit 0 stdout "wrong\n"
=== RUN   TestCheckedViewObjectPrimitiveSource/literal-good
=== RUN   TestCheckedViewObjectPrimitiveSource/literal-boolean
    checked_views_object_primitive_unions_test.go:103: outer wrong-member acceptance caught (literal-boolean): exit 0 stdout "wrong\n"
    checked_views_object_primitive_unions_test.go:103: outer wrong-member acceptance caught (literal-boolean): exit 0 stdout "wrong\n"
    checked_views_object_primitive_unions_test.go:190: read check removal caught (literal-boolean): exit 0 stdout "wrong\n"
    checked_views_object_primitive_unions_test.go:190: read check removal caught (literal-boolean): exit 0 stdout "wrong\n"
=== RUN   TestCheckedViewObjectPrimitiveSource/literal-negative-wrong
    checked_views_object_primitive_unions_test.go:160: wrong-shape acceptance caught: exit 0 stdout "true:123\n"
    checked_views_object_primitive_unions_test.go:160: wrong-shape acceptance caught: exit 0 stdout "42:123\n"
    checked_views_object_primitive_unions_test.go:190: read check removal caught (literal-negative-wrong): exit 0 stdout "false:123\n"
    checked_views_object_primitive_unions_test.go:190: read check removal caught (literal-negative-wrong): exit 0 stdout "42:123\n"
=== RUN   TestCheckedViewObjectPrimitiveSource/literal-text-wrong
=== RUN   TestCheckedViewObjectPrimitiveSource/node-indicator-false
    checked_views_object_primitive_unions_test.go:130: wrong-member acceptance caught: exit 0 stdout "false\n"
    checked_views_object_primitive_unions_test.go:130: wrong-member acceptance caught: exit 0 stdout "false\n"
    checked_views_object_primitive_unions_test.go:190: read check removal caught (node-indicator-false): exit 0 stdout "absent\n"
    checked_views_object_primitive_unions_test.go:190: read check removal caught (node-indicator-false): exit 0 stdout "false\n"
=== RUN   TestCheckedViewObjectPrimitiveSource/diagnostic-boolean
=== RUN   TestCheckedViewObjectPrimitiveSource/diagnostic-code-wrong
    checked_views_object_primitive_unions_test.go:160: wrong-shape acceptance caught: exit 0 stdout "0\n"
    checked_views_object_primitive_unions_test.go:160: wrong-shape acceptance caught: exit 0 stdout "false\n"
    checked_views_object_primitive_unions_test.go:190: read check removal caught (diagnostic-code-wrong): exit 0 stdout "0\n"
    checked_views_object_primitive_unions_test.go:190: read check removal caught (diagnostic-code-wrong): exit 0 stdout "false\n"
=== RUN   TestCheckedViewObjectPrimitiveSource/node-indicator-flags-wrong
    checked_views_object_primitive_unions_test.go:160: wrong-shape acceptance caught: exit 0 stdout "0\n"
    checked_views_object_primitive_unions_test.go:160: wrong-shape acceptance caught: exit 0 stdout "false\n"
    checked_views_object_primitive_unions_test.go:190: read check removal caught (node-indicator-flags-wrong): exit 0 stdout "0\n"
    checked_views_object_primitive_unions_test.go:190: read check removal caught (node-indicator-flags-wrong): exit 0 stdout "false\n"
=== RUN   TestCheckedViewObjectPrimitiveSource/diagnostic-good
=== RUN   TestCheckedViewObjectPrimitiveSource/diagnostic-wrong
=== RUN   TestCheckedViewObjectPrimitiveSource/node-indicator-good
=== RUN   TestCheckedViewObjectPrimitiveSource/node-indicator-wrong
--- PASS: TestCheckedViewObjectPrimitiveSource (12.89s)
    --- PASS: TestCheckedViewObjectPrimitiveSource/optional-absent (0.55s)
    --- PASS: TestCheckedViewObjectPrimitiveSource/optional-receiver (0.56s)
    --- PASS: TestCheckedViewObjectPrimitiveSource/required-missing (0.43s)
    --- PASS: TestCheckedViewObjectPrimitiveSource/comment-good (0.54s)
    --- PASS: TestCheckedViewObjectPrimitiveSource/comment-flags-wrong (1.04s)
    --- PASS: TestCheckedViewObjectPrimitiveSource/comment-boolean (0.80s)
    --- PASS: TestCheckedViewObjectPrimitiveSource/literal-good (0.68s)
    --- PASS: TestCheckedViewObjectPrimitiveSource/literal-boolean (1.04s)
    --- PASS: TestCheckedViewObjectPrimitiveSource/literal-negative-wrong (1.03s)
    --- PASS: TestCheckedViewObjectPrimitiveSource/literal-text-wrong (0.63s)
    --- PASS: TestCheckedViewObjectPrimitiveSource/node-indicator-false (0.95s)
    --- PASS: TestCheckedViewObjectPrimitiveSource/diagnostic-boolean (0.62s)
    --- PASS: TestCheckedViewObjectPrimitiveSource/diagnostic-code-wrong (0.92s)
    --- PASS: TestCheckedViewObjectPrimitiveSource/node-indicator-flags-wrong (1.29s)
    --- PASS: TestCheckedViewObjectPrimitiveSource/diagnostic-good (0.49s)
    --- PASS: TestCheckedViewObjectPrimitiveSource/diagnostic-wrong (0.42s)
    --- PASS: TestCheckedViewObjectPrimitiveSource/node-indicator-good (0.46s)
    --- PASS: TestCheckedViewObjectPrimitiveSource/node-indicator-wrong (0.44s)
=== RUN   TestCheckedViewObjectPrimitiveOriginalPairs
=== RUN   TestCheckedViewObjectPrimitiveOriginalPairs/source-file-helpers-good
=== RUN   TestCheckedViewObjectPrimitiveOriginalPairs/source-file-helpers-false
    checked_views_object_primitive_unions_test.go:349: accept wrong union member caught: exit 0 stdout "false\n"
    checked_views_object_primitive_unions_test.go:349: accept wrong union member caught: exit 0 stdout "false\n"
    checked_views_object_primitive_unions_test.go:349: skip outer union check caught: exit 0 stdout "absent\n"
    checked_views_object_primitive_unions_test.go:349: skip outer union check caught: exit 0 stdout "false\n"
=== RUN   TestCheckedViewObjectPrimitiveOriginalPairs/source-file-uninitialized
    checked_views_object_primitive_unions_test.go:349: treat uninitialized optional slot as undefined caught: exit 0 stdout "absent\n"
    checked_views_object_primitive_unions_test.go:349: treat uninitialized optional slot as undefined caught: exit 0 stdout "absent\n"
=== RUN   TestCheckedViewObjectPrimitiveOriginalPairs/source-file-good
    checked_views_object_primitive_unions_test.go:386: reject allowed absence caught: exit 70 stdout "true\n80\nabsent\n"
    checked_views_object_primitive_unions_test.go:386: reject allowed absence caught: exit 70 stdout "true\n80\nabsent\n"
=== RUN   TestCheckedViewObjectPrimitiveOriginalPairs/source-file-false
    checked_views_object_primitive_unions_test.go:349: accept wrong union member caught: exit 0 stdout "false\n"
    checked_views_object_primitive_unions_test.go:349: accept wrong union member caught: exit 0 stdout "false\n"
    checked_views_object_primitive_unions_test.go:349: skip outer union check caught: exit 0 stdout "absent\n"
    checked_views_object_primitive_unions_test.go:349: skip outer union check caught: exit 0 stdout "false\n"
=== RUN   TestCheckedViewObjectPrimitiveOriginalPairs/source-file-kind-wrong
    checked_views_object_primitive_unions_test.go:349: accept wrong nested shape caught: exit 0 stdout "0\n"
    checked_views_object_primitive_unions_test.go:349: accept wrong nested shape caught: exit 0 stdout "false\n"
    checked_views_object_primitive_unions_test.go:349: drop transitive check caught: exit 0 stdout "0\n"
    checked_views_object_primitive_unions_test.go:349: drop transitive check caught: exit 0 stdout "false\n"
=== RUN   TestCheckedViewObjectPrimitiveOriginalPairs/diagnostic-good
=== RUN   TestCheckedViewObjectPrimitiveOriginalPairs/diagnostic-boolean
    checked_views_object_primitive_unions_test.go:349: accept wrong union member caught: exit 0 stdout "wrong\n"
    checked_views_object_primitive_unions_test.go:349: accept wrong union member caught: exit 0 stdout "wrong\n"
    checked_views_object_primitive_unions_test.go:349: skip outer union check caught: exit 0 stdout "wrong\n"
    checked_views_object_primitive_unions_test.go:349: skip outer union check caught: exit 0 stdout "wrong\n"
=== RUN   TestCheckedViewObjectPrimitiveOriginalPairs/diagnostic-code-wrong
    checked_views_object_primitive_unions_test.go:349: accept wrong nested shape caught: exit 0 stdout "chain:0\n"
    checked_views_object_primitive_unions_test.go:349: accept wrong nested shape caught: exit 0 stdout "chain:false\n"
    checked_views_object_primitive_unions_test.go:349: drop transitive check caught: exit 0 stdout "chain:0\n"
    checked_views_object_primitive_unions_test.go:349: drop transitive check caught: exit 0 stdout "chain:false\n"
--- PASS: TestCheckedViewObjectPrimitiveOriginalPairs (13.77s)
    --- PASS: TestCheckedViewObjectPrimitiveOriginalPairs/source-file-helpers-good (1.08s)
    --- PASS: TestCheckedViewObjectPrimitiveOriginalPairs/source-file-helpers-false (1.94s)
    --- PASS: TestCheckedViewObjectPrimitiveOriginalPairs/source-file-uninitialized (1.60s)
    --- PASS: TestCheckedViewObjectPrimitiveOriginalPairs/source-file-good (2.02s)
    --- PASS: TestCheckedViewObjectPrimitiveOriginalPairs/source-file-false (1.64s)
    --- PASS: TestCheckedViewObjectPrimitiveOriginalPairs/source-file-kind-wrong (1.99s)
    --- PASS: TestCheckedViewObjectPrimitiveOriginalPairs/diagnostic-good (0.96s)
    --- PASS: TestCheckedViewObjectPrimitiveOriginalPairs/diagnostic-boolean (1.15s)
    --- PASS: TestCheckedViewObjectPrimitiveOriginalPairs/diagnostic-code-wrong (1.38s)
=== RUN   TestCheckedViewObjects
=== RUN   TestCheckedViewObjects/objects-good
=== RUN   TestCheckedViewObjects/objects-untagged-good
=== RUN   TestCheckedViewObjects/objects-untagged-wrong
=== RUN   TestCheckedViewObjects/objects-wrong-nested
    checked_views_objects_test.go:44: skip transitive view caught by pinned exit/message with valid C
=== RUN   TestCheckedViewObjects/objects-missing-nested
=== RUN   TestCheckedViewObjects/objects-uninitialized-nested
--- PASS: TestCheckedViewObjects (3.39s)
    --- PASS: TestCheckedViewObjects/objects-good (0.74s)
    --- PASS: TestCheckedViewObjects/objects-untagged-good (0.58s)
    --- PASS: TestCheckedViewObjects/objects-untagged-wrong (0.51s)
    --- PASS: TestCheckedViewObjects/objects-wrong-nested (0.61s)
    --- PASS: TestCheckedViewObjects/objects-missing-nested (0.43s)
    --- PASS: TestCheckedViewObjects/objects-uninitialized-nested (0.51s)
=== RUN   TestCheckedViewOptionalDeclarations
=== PAUSE TestCheckedViewOptionalDeclarations
=== RUN   TestCheckedViewObjectUnions
=== RUN   TestCheckedViewObjectUnions/unions-objects-good
=== RUN   TestCheckedViewObjectUnions/unions-objects-wrong-payload
=== RUN   TestCheckedViewObjectUnions/unions-objects-wrong-tag
=== RUN   TestCheckedViewObjectUnions/unions-objects-missing-tag
--- PASS: TestCheckedViewObjectUnions (2.01s)
    --- PASS: TestCheckedViewObjectUnions/unions-objects-good (0.50s)
    --- PASS: TestCheckedViewObjectUnions/unions-objects-wrong-payload (0.56s)
    --- PASS: TestCheckedViewObjectUnions/unions-objects-wrong-tag (0.43s)
    --- PASS: TestCheckedViewObjectUnions/unions-objects-missing-tag (0.52s)
=== RUN   TestCheckedViewUntaggedSelection
=== RUN   TestCheckedViewUntaggedSelection/binding-name
=== RUN   TestCheckedViewUntaggedSelection/option-element
=== RUN   TestCheckedViewUntaggedSelection/structural
--- PASS: TestCheckedViewUntaggedSelection (3.81s)
    --- PASS: TestCheckedViewUntaggedSelection/binding-name (1.28s)
    --- PASS: TestCheckedViewUntaggedSelection/option-element (1.28s)
    --- PASS: TestCheckedViewUntaggedSelection/structural (0.86s)
=== RUN   TestCheckedViewUntaggedSourceFrontier
=== RUN   TestCheckedViewUntaggedSourceFrontier/binding-name
    checked_views_untagged_unions_test.go:185: shared frontend refusal (both backends): /workspace/adamic/stage3/interface-downcasts/untagged/fixtures/binding-name-view-read.a:19:15: Adamic 0.1 refuses checked view read of field value with unsupported untagged object union contract; prove or implement the untagged object union contract before reading this field
    checked_views_untagged_unions_test.go:188: | stage3/interface-downcasts/untagged/fixtures/binding-name-absent.a | 2 | 2 | 0 | 3 | 2 | 0 | 0 | 0 |
=== RUN   TestCheckedViewUntaggedSourceFrontier/option-element
    checked_views_untagged_unions_test.go:185: shared frontend refusal (both backends): /workspace/adamic/stage3/interface-downcasts/untagged/fixtures/option-element-view-read.a:12:15: Adamic 0.1 refuses checked view read of field value with unsupported untagged object union contract; prove or implement the untagged object union contract before reading this field
    checked_views_untagged_unions_test.go:188: | stage3/interface-downcasts/untagged/fixtures/option-element-absent.a | 2 | 2 | 0 | 3 | 2 | 0 | 0 | 0 |
=== RUN   TestCheckedViewUntaggedSourceFrontier/structural
    checked_views_untagged_unions_test.go:185: shared frontend refusal (both backends): /workspace/adamic/stage3/interface-downcasts/untagged/fixtures/structural-view-read.a:9:15: Adamic 0.1 refuses checked view read of field value with unsupported untagged object union contract; prove or implement the untagged object union contract before reading this field
    checked_views_untagged_unions_test.go:188: | stage3/interface-downcasts/untagged/fixtures/structural-absent.a | 2 | 2 | 0 | 3 | 2 | 0 | 0 | 0 |
--- PASS: TestCheckedViewUntaggedSourceFrontier (1.33s)
    --- PASS: TestCheckedViewUntaggedSourceFrontier/binding-name (0.45s)
    --- PASS: TestCheckedViewUntaggedSourceFrontier/option-element (0.44s)
    --- PASS: TestCheckedViewUntaggedSourceFrontier/structural (0.44s)
=== RUN   TestNativeAgreesWithNode
=== PAUSE TestNativeAgreesWithNode
=== RUN   TestPhantomUndefinedReview
=== PAUSE TestPhantomUndefinedReview
=== RUN   TestPhantomSortedArrayProbe
=== PAUSE TestPhantomSortedArrayProbe
=== RUN   TestRequiredViewFieldPrimitive
=== RUN   TestRequiredViewFieldPrimitive/number
=== RUN   TestRequiredViewFieldPrimitive/boolean
=== RUN   TestRequiredViewFieldPrimitive/string
=== RUN   TestRequiredViewFieldPrimitive/wrong_string
=== RUN   TestRequiredViewFieldPrimitive/missing
=== RUN   TestRequiredViewFieldPrimitive/uninitialized
    view_fields_test.go:72: drop field check mutant caught by pinned exit/message, with valid C
    view_fields_test.go:84: drop initialization tracking mutant caught by pinned exit/message
=== RUN   TestRequiredViewFieldPrimitive/wrong_type
    view_fields_test.go:72: drop field check mutant caught by pinned exit/message, with valid C
--- PASS: TestRequiredViewFieldPrimitive (3.62s)
    --- PASS: TestRequiredViewFieldPrimitive/number (0.37s)
    --- PASS: TestRequiredViewFieldPrimitive/boolean (0.37s)
    --- PASS: TestRequiredViewFieldPrimitive/string (0.72s)
    --- PASS: TestRequiredViewFieldPrimitive/wrong_string (0.40s)
    --- PASS: TestRequiredViewFieldPrimitive/missing (0.34s)
    --- PASS: TestRequiredViewFieldPrimitive/uninitialized (0.83s)
    --- PASS: TestRequiredViewFieldPrimitive/wrong_type (0.59s)
=== RUN   TestRequiredViewFieldOperandOnce
--- PASS: TestRequiredViewFieldOperandOnce (0.56s)
=== RUN   TestViewFieldInheritedStaticReadiness
--- PASS: TestViewFieldInheritedStaticReadiness (0.69s)
=== RUN   TestDefaultTaggedSourceViews
=== RUN   TestDefaultTaggedSourceViews/default-staged
=== RUN   TestDefaultTaggedSourceViews/default-boxed-string
=== RUN   TestDefaultTaggedSourceViews/default-boxed-write
=== RUN   TestDefaultTaggedSourceViews/default-destructure
=== RUN   TestDefaultTaggedSourceViews/default-wrong-type
=== RUN   TestDefaultTaggedSourceViews/default-wrong-boolean
=== RUN   TestDefaultTaggedSourceViews/default-literal
=== RUN   TestDefaultTaggedSourceViews/default-read-before-set
--- PASS: TestDefaultTaggedSourceViews (3.76s)
    --- PASS: TestDefaultTaggedSourceViews/default-staged (0.52s)
    --- PASS: TestDefaultTaggedSourceViews/default-boxed-string (0.51s)
    --- PASS: TestDefaultTaggedSourceViews/default-boxed-write (0.42s)
    --- PASS: TestDefaultTaggedSourceViews/default-destructure (0.56s)
    --- PASS: TestDefaultTaggedSourceViews/default-wrong-type (0.51s)
    --- PASS: TestDefaultTaggedSourceViews/default-wrong-boolean (0.41s)
    --- PASS: TestDefaultTaggedSourceViews/default-literal (0.44s)
    --- PASS: TestDefaultTaggedSourceViews/default-read-before-set (0.38s)
=== CONT  TestCheckedViewNodeArrayRecords
=== CONT  TestCheckedViewDictionaryComponents
=== RUN   TestCheckedViewNodeArrayRecords/node-array-reads
=== CONT  TestCheckedViewCallableContractControl
=== CONT  TestCheckedViewOpaqueSignature
=== CONT  TestCheckedViewOptionalDeclarations
=== PAUSE TestCheckedViewNodeArrayRecords/node-array-reads
=== RUN   TestCheckedViewOptionalDeclarations/optional-declarations-present
=== RUN   TestCheckedViewNodeArrayRecords/node-array-lazy
=== PAUSE TestCheckedViewNodeArrayRecords/node-array-lazy
=== PAUSE TestCheckedViewOptionalDeclarations/optional-declarations-present
=== RUN   TestCheckedViewNodeArrayRecords/node-array-properties-copy
=== PAUSE TestCheckedViewNodeArrayRecords/node-array-properties-copy
=== RUN   TestCheckedViewOptionalDeclarations/optional-declarations-absent
=== PAUSE TestCheckedViewOptionalDeclarations/optional-declarations-absent
=== RUN   TestCheckedViewOptionalDeclarations/optional-declarations-undefined
=== PAUSE TestCheckedViewOptionalDeclarations/optional-declarations-undefined
=== RUN   TestCheckedViewOptionalDeclarations/optional-declarations-lazy
=== PAUSE TestCheckedViewOptionalDeclarations/optional-declarations-lazy
=== RUN   TestCheckedViewNodeArrayRecords/node-array-own-mutation
=== PAUSE TestCheckedViewNodeArrayRecords/node-array-own-mutation
=== RUN   TestCheckedViewNodeArrayRecords/node-array-missing-own
=== PAUSE TestCheckedViewNodeArrayRecords/node-array-missing-own
=== RUN   TestCheckedViewOptionalDeclarations/optional-declarations-wrong-array
=== RUN   TestCheckedViewNodeArrayRecords/node-array-wrong-own
=== PAUSE TestCheckedViewOptionalDeclarations/optional-declarations-wrong-array
=== RUN   TestCheckedViewOptionalDeclarations/optional-declarations-wrong-element
=== PAUSE TestCheckedViewOptionalDeclarations/optional-declarations-wrong-element
=== RUN   TestCheckedViewOptionalDeclarations/optional-declarations-wrong-field
=== PAUSE TestCheckedViewOptionalDeclarations/optional-declarations-wrong-field
=== PAUSE TestCheckedViewNodeArrayRecords/node-array-wrong-own
=== RUN   TestCheckedViewNodeArrayRecords/node-array-wrong-reference
=== PAUSE TestCheckedViewNodeArrayRecords/node-array-wrong-reference
=== RUN   TestCheckedViewNodeArrayRecords/node-array-wrong-element
=== PAUSE TestCheckedViewNodeArrayRecords/node-array-wrong-element
=== RUN   TestCheckedViewNodeArrayRecords/node-array-wrong-field
=== PAUSE TestCheckedViewNodeArrayRecords/node-array-wrong-field
=== RUN   TestCheckedViewNodeArrayRecords/node-array-wrong-array
=== PAUSE TestCheckedViewNodeArrayRecords/node-array-wrong-array
=== RUN   TestCheckedViewNodeArrayRecords/node-array-write-literal
=== PAUSE TestCheckedViewNodeArrayRecords/node-array-write-literal
=== CONT  TestPhantomSortedArrayProbe
=== CONT  TestCheckedViewGenericArrayCast
--- PASS: TestCheckedViewOpaqueSignature (0.13s)
=== CONT  TestPhantomUndefinedReview
=== RUN   TestCheckedViewDictionaryComponents/options-good
=== RUN   TestCheckedViewDictionaryComponents/options-wrong
--- PASS: TestCheckedViewGenericArrayCast (0.86s)
=== CONT  TestNativeAgreesWithNode
=== RUN   TestNativeAgreesWithNode/internal/oracle/testdata/non_null_array.a
=== PAUSE TestNativeAgreesWithNode/internal/oracle/testdata/non_null_array.a
=== RUN   TestNativeAgreesWithNode/internal/oracle/testdata/non_null_union.a
=== PAUSE TestNativeAgreesWithNode/internal/oracle/testdata/non_null_union.a
=== RUN   TestNativeAgreesWithNode/internal/oracle/testdata/string_views_lifetime.a
=== PAUSE TestNativeAgreesWithNode/internal/oracle/testdata/string_views_lifetime.a
=== RUN   TestNativeAgreesWithNode/internal/oracle/testdata/string_views_holders.a
=== PAUSE TestNativeAgreesWithNode/internal/oracle/testdata/string_views_holders.a
=== RUN   TestNativeAgreesWithNode/internal/oracle/testdata/string_views_throw.a
=== PAUSE TestNativeAgreesWithNode/internal/oracle/testdata/string_views_throw.a
=== RUN   TestNativeAgreesWithNode/internal/oracle/testdata/string_views_loops.a
=== PAUSE TestNativeAgreesWithNode/internal/oracle/testdata/string_views_loops.a
=== RUN   TestNativeAgreesWithNode/internal/oracle/testdata/string_views_policy.a
=== PAUSE TestNativeAgreesWithNode/internal/oracle/testdata/string_views_policy.a
=== RUN   TestNativeAgreesWithNode/internal/oracle/testdata/string_views_methods.a
=== PAUSE TestNativeAgreesWithNode/internal/oracle/testdata/string_views_methods.a
=== RUN   TestNativeAgreesWithNode/internal/oracle/testdata/string_views_characters.a
=== PAUSE TestNativeAgreesWithNode/internal/oracle/testdata/string_views_characters.a
=== RUN   TestNativeAgreesWithNode/internal/oracle/testdata/string_views_calls.a
=== PAUSE TestNativeAgreesWithNode/internal/oracle/testdata/string_views_calls.a
=== RUN   TestNativeAgreesWithNode/internal/oracle/testdata/string_views_surrogates.a
=== PAUSE TestNativeAgreesWithNode/internal/oracle/testdata/string_views_surrogates.a
=== RUN   TestNativeAgreesWithNode/internal/oracle/testdata/map_foreach_arrays.a
=== PAUSE TestNativeAgreesWithNode/internal/oracle/testdata/map_foreach_arrays.a
=== RUN   TestNativeAgreesWithNode/internal/oracle/testdata/set_foreach_arrays.a
=== PAUSE TestNativeAgreesWithNode/internal/oracle/testdata/set_foreach_arrays.a
=== RUN   TestNativeAgreesWithNode/internal/oracle/testdata/weak_region_review.a
=== PAUSE TestNativeAgreesWithNode/internal/oracle/testdata/weak_region_review.a
=== RUN   TestNativeAgreesWithNode/internal/oracle/testdata/library_array_join.a
=== PAUSE TestNativeAgreesWithNode/internal/oracle/testdata/library_array_join.a
=== RUN   TestNativeAgreesWithNode/internal/oracle/testdata/library_array_iterators.a
=== PAUSE TestNativeAgreesWithNode/internal/oracle/testdata/library_array_iterators.a
=== RUN   TestNativeAgreesWithNode/internal/oracle/testdata/library_array_metadata.a
=== PAUSE TestNativeAgreesWithNode/internal/oracle/testdata/library_array_metadata.a
=== RUN   TestNativeAgreesWithNode/internal/oracle/testdata/library_array_with.a
=== PAUSE TestNativeAgreesWithNode/internal/oracle/testdata/library_array_with.a
=== RUN   TestNativeAgreesWithNode/internal/oracle/testdata/library_array_flat_map.a
=== PAUSE TestNativeAgreesWithNode/internal/oracle/testdata/library_array_flat_map.a
=== RUN   TestNativeAgreesWithNode/internal/oracle/testdata/library_array_flat.a
=== PAUSE TestNativeAgreesWithNode/internal/oracle/testdata/library_array_flat.a
=== RUN   TestNativeAgreesWithNode/internal/oracle/testdata/library_array_spliced.a
=== PAUSE TestNativeAgreesWithNode/internal/oracle/testdata/library_array_spliced.a
=== RUN   TestNativeAgreesWithNode/internal/oracle/testdata/library_array_copy_within.a
=== PAUSE TestNativeAgreesWithNode/internal/oracle/testdata/library_array_copy_within.a
=== RUN   TestNativeAgreesWithNode/internal/oracle/testdata/library_array_search.a
=== PAUSE TestNativeAgreesWithNode/internal/oracle/testdata/library_array_search.a
=== RUN   TestNativeAgreesWithNode/internal/oracle/testdata/library_array_copy.a
=== PAUSE TestNativeAgreesWithNode/internal/oracle/testdata/library_array_copy.a
=== RUN   TestNativeAgreesWithNode/internal/oracle/testdata/library_array_find_last.a
=== PAUSE TestNativeAgreesWithNode/internal/oracle/testdata/library_array_find_last.a
=== RUN   TestNativeAgreesWithNode/internal/oracle/testdata/optional_numbers.a
=== PAUSE TestNativeAgreesWithNode/internal/oracle/testdata/optional_numbers.a
--- PASS: TestCheckedViewCallableContractControl (0.97s)
=== CONT  TestCheckedViewCallables
=== RUN   TestNativeAgreesWithNode/internal/oracle/testdata/array_from.a
=== PAUSE TestNativeAgreesWithNode/internal/oracle/testdata/array_from.a
=== RUN   TestNativeAgreesWithNode/internal/oracle/testdata/array_from_length.a
=== PAUSE TestNativeAgreesWithNode/internal/oracle/testdata/array_from_length.a
=== RUN   TestCheckedViewCallables/function-field
=== PAUSE TestCheckedViewCallables/function-field
=== RUN   TestNativeAgreesWithNode/internal/oracle/testdata/array_from_undefined.a
=== PAUSE TestNativeAgreesWithNode/internal/oracle/testdata/array_from_undefined.a
--- PASS: TestPhantomUndefinedReview (0.84s)
=== CONT  TestCheckedViewDictionaryJavaScriptGuards
=== RUN   TestCheckedViewDictionaryJavaScriptGuards/container
=== RUN   TestNativeAgreesWithNode/internal/oracle/testdata/unions.a
=== PAUSE TestNativeAgreesWithNode/internal/oracle/testdata/unions.a
=== RUN   TestCheckedViewCallables/class-method
=== PAUSE TestCheckedViewCallables/class-method
=== CONT  TestCheckedViewDictionaryNativeStorageGuard
=== RUN   TestNativeAgreesWithNode/internal/oracle/testdata/nbody_optional_references.a
=== PAUSE TestNativeAgreesWithNode/internal/oracle/testdata/nbody_optional_references.a
=== RUN   TestNativeAgreesWithNode/internal/oracle/testdata/optional_class_method.a
=== PAUSE TestNativeAgreesWithNode/internal/oracle/testdata/optional_class_method.a
=== RUN   TestNativeAgreesWithNode/internal/oracle/testdata/reuse_arrays.a
=== PAUSE TestNativeAgreesWithNode/internal/oracle/testdata/reuse_arrays.a
=== RUN   TestNativeAgreesWithNode/internal/oracle/testdata/optional_strings.a
=== PAUSE TestNativeAgreesWithNode/internal/oracle/testdata/optional_strings.a
=== RUN   TestNativeAgreesWithNode/internal/oracle/testdata/utf8_view.a
=== PAUSE TestNativeAgreesWithNode/internal/oracle/testdata/utf8_view.a
=== RUN   TestNativeAgreesWithNode/internal/oracle/testdata/utf8_view_fails.a
=== PAUSE TestNativeAgreesWithNode/internal/oracle/testdata/utf8_view_fails.a
=== RUN   TestNativeAgreesWithNode/internal/oracle/testdata/library_array_holes_scanner_probe.a
=== PAUSE TestNativeAgreesWithNode/internal/oracle/testdata/library_array_holes_scanner_probe.a
=== RUN   TestNativeAgreesWithNode/internal/oracle/testdata/array-holes-boundaries/library_array_holes_length.a
=== PAUSE TestNativeAgreesWithNode/internal/oracle/testdata/array-holes-boundaries/library_array_holes_length.a
=== RUN   TestNativeAgreesWithNode/internal/oracle/testdata/array-holes-boundaries/library_array_holes_range.a
=== PAUSE TestNativeAgreesWithNode/internal/oracle/testdata/array-holes-boundaries/library_array_holes_range.a
=== RUN   TestNativeAgreesWithNode/internal/oracle/testdata/library_array_holes_references.a
=== PAUSE TestNativeAgreesWithNode/internal/oracle/testdata/library_array_holes_references.a
=== RUN   TestNativeAgreesWithNode/internal/oracle/testdata/library_array_holes_resize.a
=== PAUSE TestNativeAgreesWithNode/internal/oracle/testdata/library_array_holes_resize.a
=== RUN   TestNativeAgreesWithNode/internal/oracle/testdata/library_array_holes_toString.a
=== PAUSE TestNativeAgreesWithNode/internal/oracle/testdata/library_array_holes_toString.a
=== RUN   TestNativeAgreesWithNode/internal/oracle/testdata/library_array_holes_keys.a
=== PAUSE TestNativeAgreesWithNode/internal/oracle/testdata/library_array_holes_keys.a
=== RUN   TestNativeAgreesWithNode/internal/oracle/testdata/library_array_holes_catch.a
=== PAUSE TestNativeAgreesWithNode/internal/oracle/testdata/library_array_holes_catch.a
=== RUN   TestNativeAgreesWithNode/internal/oracle/testdata/library_array_holes_objects.a
=== PAUSE TestNativeAgreesWithNode/internal/oracle/testdata/library_array_holes_objects.a
=== RUN   TestNativeAgreesWithNode/internal/oracle/testdata/cast_subunion_fails.a
=== PAUSE TestNativeAgreesWithNode/internal/oracle/testdata/cast_subunion_fails.a
=== RUN   TestNativeAgreesWithNode/internal/oracle/testdata/cast_subunion_string_fails.a
=== PAUSE TestNativeAgreesWithNode/internal/oracle/testdata/cast_subunion_string_fails.a
=== RUN   TestNativeAgreesWithNode/internal/oracle/testdata/cast_subunion_const_numeric_fails.a
=== PAUSE TestNativeAgreesWithNode/internal/oracle/testdata/cast_subunion_const_numeric_fails.a
=== RUN   TestNativeAgreesWithNode/internal/oracle/testdata/cast_subunion_const_string_fails.a
=== PAUSE TestNativeAgreesWithNode/internal/oracle/testdata/cast_subunion_const_string_fails.a
=== RUN   TestNativeAgreesWithNode/internal/oracle/testdata/cast_class_union_fails.a
=== PAUSE TestNativeAgreesWithNode/internal/oracle/testdata/cast_class_union_fails.a
=== RUN   TestNativeAgreesWithNode/internal/oracle/testdata/census_optional_values_system.a
=== PAUSE TestNativeAgreesWithNode/internal/oracle/testdata/census_optional_values_system.a
=== RUN   TestNativeAgreesWithNode/internal/oracle/testdata/census_optional_values_forms.a
=== PAUSE TestNativeAgreesWithNode/internal/oracle/testdata/census_optional_values_forms.a
=== RUN   TestNativeAgreesWithNode/internal/oracle/testdata/census_optional_values_receivers.a
=== PAUSE TestNativeAgreesWithNode/internal/oracle/testdata/census_optional_values_receivers.a
=== RUN   TestNativeAgreesWithNode/internal/oracle/testdata/census_optional_values_padding.a
=== PAUSE TestNativeAgreesWithNode/internal/oracle/testdata/census_optional_values_padding.a
=== RUN   TestNativeAgreesWithNode/internal/oracle/testdata/e4eec87_u02_optional_absent.a
=== PAUSE TestNativeAgreesWithNode/internal/oracle/testdata/e4eec87_u02_optional_absent.a
=== RUN   TestNativeAgreesWithNode/internal/oracle/testdata/literal_optional_shapes.a
=== PAUSE TestNativeAgreesWithNode/internal/oracle/testdata/literal_optional_shapes.a
=== RUN   TestNativeAgreesWithNode/internal/oracle/testdata/047cb0d_n_optional.a
=== PAUSE TestNativeAgreesWithNode/internal/oracle/testdata/047cb0d_n_optional.a
=== RUN   TestNativeAgreesWithNode/internal/oracle/testdata/047cb0d_n_arrayindex.a
=== PAUSE TestNativeAgreesWithNode/internal/oracle/testdata/047cb0d_n_arrayindex.a
=== RUN   TestNativeAgreesWithNode/internal/oracle/testdata/e4eec87_f2_union_narrow_call.a
=== PAUSE TestNativeAgreesWithNode/internal/oracle/testdata/e4eec87_f2_union_narrow_call.a
=== RUN   TestNativeAgreesWithNode/internal/oracle/testdata/e4eec87_f2b_union_narrow_number.a
=== PAUSE TestNativeAgreesWithNode/internal/oracle/testdata/e4eec87_f2b_union_narrow_number.a
=== RUN   TestNativeAgreesWithNode/internal/oracle/testdata/narrowed_union_valid.a
=== PAUSE TestNativeAgreesWithNode/internal/oracle/testdata/narrowed_union_valid.a
=== RUN   TestNativeAgreesWithNode/internal/oracle/testdata/nested_array.a
=== PAUSE TestNativeAgreesWithNode/internal/oracle/testdata/nested_array.a
=== RUN   TestNativeAgreesWithNode/internal/oracle/testdata/optional_widening_class.a
=== PAUSE TestNativeAgreesWithNode/internal/oracle/testdata/optional_widening_class.a
=== RUN   TestNativeAgreesWithNode/internal/oracle/testdata/optional_widening_fresh.a
=== PAUSE TestNativeAgreesWithNode/internal/oracle/testdata/optional_widening_fresh.a
=== RUN   TestNativeAgreesWithNode/internal/oracle/testdata/optional_widening_declared.a
=== PAUSE TestNativeAgreesWithNode/internal/oracle/testdata/optional_widening_declared.a
=== RUN   TestNativeAgreesWithNode/internal/oracle/testdata/optional_widening_subclass.a
=== PAUSE TestNativeAgreesWithNode/internal/oracle/testdata/optional_widening_subclass.a
=== RUN   TestNativeAgreesWithNode/internal/oracle/testdata/optional_widening_generic_subclass.a
=== PAUSE TestNativeAgreesWithNode/internal/oracle/testdata/optional_widening_generic_subclass.a
=== RUN   TestNativeAgreesWithNode/internal/oracle/testdata/optional_widening_boolean_as_number.a
=== PAUSE TestNativeAgreesWithNode/internal/oracle/testdata/optional_widening_boolean_as_number.a
=== RUN   TestNativeAgreesWithNode/internal/oracle/testdata/optional_widening_boolean_as_number_array.a
=== PAUSE TestNativeAgreesWithNode/internal/oracle/testdata/optional_widening_boolean_as_number_array.a
=== RUN   TestNativeAgreesWithNode/internal/oracle/testdata/optional_widening_boolean_as_number_ops.a
=== PAUSE TestNativeAgreesWithNode/internal/oracle/testdata/optional_widening_boolean_as_number_ops.a
=== RUN   TestNativeAgreesWithNode/internal/oracle/testdata/optional_widening_boolean_as_number_parameter.a
=== PAUSE TestNativeAgreesWithNode/internal/oracle/testdata/optional_widening_boolean_as_number_parameter.a
=== RUN   TestNativeAgreesWithNode/internal/oracle/testdata/optional_widening_boolean_as_number_return.a
=== PAUSE TestNativeAgreesWithNode/internal/oracle/testdata/optional_widening_boolean_as_number_return.a
=== RUN   TestNativeAgreesWithNode/internal/oracle/testdata/optional_widening_false_as_number.a
=== PAUSE TestNativeAgreesWithNode/internal/oracle/testdata/optional_widening_false_as_number.a
=== RUN   TestNativeAgreesWithNode/internal/oracle/testdata/phantom_brands.a
=== PAUSE TestNativeAgreesWithNode/internal/oracle/testdata/phantom_brands.a
=== RUN   TestNativeAgreesWithNode/internal/oracle/testdata/phantom_array_brands.a
=== PAUSE TestNativeAgreesWithNode/internal/oracle/testdata/phantom_array_brands.a
=== RUN   TestNativeAgreesWithNode/internal/oracle/testdata/native-sorted-array-brand.a
=== PAUSE TestNativeAgreesWithNode/internal/oracle/testdata/native-sorted-array-brand.a
=== RUN   TestNativeAgreesWithNode/internal/oracle/testdata/non_null_uninitialized_optional.a
=== PAUSE TestNativeAgreesWithNode/internal/oracle/testdata/non_null_uninitialized_optional.a
=== CONT  TestCheckedViewNativeArrays
=== RUN   TestCheckedViewNativeArrays/native-array-join
=== PAUSE TestCheckedViewNativeArrays/native-array-join
=== RUN   TestCheckedViewNativeArrays/native-array-join-evaluation
=== PAUSE TestCheckedViewNativeArrays/native-array-join-evaluation
=== RUN   TestCheckedViewNativeArrays/native-array-large-field
=== PAUSE TestCheckedViewNativeArrays/native-array-large-field
=== RUN   TestCheckedViewNativeArrays/native-array-join-boolean
=== PAUSE TestCheckedViewNativeArrays/native-array-join-boolean
=== RUN   TestCheckedViewNativeArrays/native-array-mutation
=== PAUSE TestCheckedViewNativeArrays/native-array-mutation
=== RUN   TestCheckedViewNativeArrays/native-array-string-mutation
=== PAUSE TestCheckedViewNativeArrays/native-array-string-mutation
=== RUN   TestCheckedViewNativeArrays/native-array-sparse
=== PAUSE TestCheckedViewNativeArrays/native-array-sparse
=== RUN   TestCheckedViewNativeArrays/native-array-sparse-pop-hole
=== PAUSE TestCheckedViewNativeArrays/native-array-sparse-pop-hole
=== RUN   TestCheckedViewNativeArrays/native-array-join-bad
=== PAUSE TestCheckedViewNativeArrays/native-array-join-bad
=== RUN   TestCheckedViewNativeArrays/native-array-join-literal
=== PAUSE TestCheckedViewNativeArrays/native-array-join-literal
=== RUN   TestCheckedViewNativeArrays/native-array-write-bad
=== PAUSE TestCheckedViewNativeArrays/native-array-write-bad
=== RUN   TestCheckedViewNativeArrays/native-array-push-bad
=== PAUSE TestCheckedViewNativeArrays/native-array-push-bad
=== RUN   TestCheckedViewNativeArrays/native-array-copy-bad
=== PAUSE TestCheckedViewNativeArrays/native-array-copy-bad
=== CONT  TestCheckedViewArrays
=== RUN   TestCheckedViewArrays/array-lazy
=== PAUSE TestCheckedViewArrays/array-lazy
=== RUN   TestCheckedViewArrays/array-iteration
=== PAUSE TestCheckedViewArrays/array-iteration
=== RUN   TestCheckedViewArrays/array-map
=== PAUSE TestCheckedViewArrays/array-map
=== RUN   TestCheckedViewArrays/array-pop
=== PAUSE TestCheckedViewArrays/array-pop
=== RUN   TestCheckedViewArrays/array-bounds
=== PAUSE TestCheckedViewArrays/array-bounds
=== RUN   TestCheckedViewArrays/array-second
=== PAUSE TestCheckedViewArrays/array-second
=== RUN   TestCheckedViewArrays/array-length-kind
=== PAUSE TestCheckedViewArrays/array-length-kind
=== RUN   TestCheckedViewArrays/callable-missing
=== PAUSE TestCheckedViewArrays/callable-missing
=== RUN   TestCheckedViewArrays/callable-uninitialized
=== PAUSE TestCheckedViewArrays/callable-uninitialized
=== RUN   TestCheckedViewArrays/callable-kind
=== PAUSE TestCheckedViewArrays/callable-kind
=== RUN   TestCheckedViewArrays/array-missing
=== PAUSE TestCheckedViewArrays/array-missing
=== RUN   TestCheckedViewArrays/array-uninitialized
=== PAUSE TestCheckedViewArrays/array-uninitialized
=== RUN   TestCheckedViewArrays/array-boolean
=== PAUSE TestCheckedViewArrays/array-boolean
=== RUN   TestCheckedViewArrays/array-iteration-bad
=== PAUSE TestCheckedViewArrays/array-iteration-bad
=== RUN   TestCheckedViewArrays/array-map-bad
=== PAUSE TestCheckedViewArrays/array-map-bad
=== RUN   TestCheckedViewArrays/array-alias
=== PAUSE TestCheckedViewArrays/array-alias
=== RUN   TestCheckedViewArrays/array-undefined
=== PAUSE TestCheckedViewArrays/array-undefined
=== RUN   TestCheckedViewArrays/array-string-literal
=== PAUSE TestCheckedViewArrays/array-string-literal
=== RUN   TestCheckedViewArrays/nullable-array-string
=== PAUSE TestCheckedViewArrays/nullable-array-string
=== RUN   TestCheckedViewArrays/nullable-array-element
=== PAUSE TestCheckedViewArrays/nullable-array-element
=== RUN   TestCheckedViewArrays/generic-array-element
=== PAUSE TestCheckedViewArrays/generic-array-element
=== RUN   TestCheckedViewArrays/array-field
=== PAUSE TestCheckedViewArrays/array-field
=== RUN   TestCheckedViewArrays/array-element
=== PAUSE TestCheckedViewArrays/array-element
=== RUN   TestCheckedViewArrays/object-element
=== PAUSE TestCheckedViewArrays/object-element
=== RUN   TestCheckedViewArrays/non-array
=== PAUSE TestCheckedViewArrays/non-array
=== CONT  TestCheckedViewDictionaryComponentMutants
=== RUN   TestCheckedViewDictionaryComponentMutants/skip-check
=== RUN   TestCheckedViewDictionaryJavaScriptGuards/accessor
=== NAME  TestPhantomSortedArrayProbe
    phantom_brands_test.go:94: native: stdout "2\n", stderr "", exit 0
    phantom_brands_test.go:94: JavaScript: stdout "2\n", stderr "", exit 0
    phantom_brands_test.go:94: release: stdout "2\n", stderr "", exit 0
--- PASS: TestPhantomSortedArrayProbe (1.16s)
=== CONT  TestCheckedViewArraySearch
=== RUN   TestCheckedViewArraySearch/native-array-search
=== PAUSE TestCheckedViewArraySearch/native-array-search
=== RUN   TestCheckedViewArraySearch/native-array-search-lazy
=== PAUSE TestCheckedViewArraySearch/native-array-search-lazy
=== RUN   TestCheckedViewArraySearch/native-array-search-object
=== PAUSE TestCheckedViewArraySearch/native-array-search-object
=== RUN   TestCheckedViewArraySearch/native-array-search-sparse
=== PAUSE TestCheckedViewArraySearch/native-array-search-sparse
=== RUN   TestCheckedViewArraySearch/native-array-search-evaluation
=== PAUSE TestCheckedViewArraySearch/native-array-search-evaluation
=== RUN   TestCheckedViewArraySearch/native-array-search-boolean
=== PAUSE TestCheckedViewArraySearch/native-array-search-boolean
=== RUN   TestCheckedViewArraySearch/native-array-reference-write
=== PAUSE TestCheckedViewArraySearch/native-array-reference-write
=== RUN   TestCheckedViewArraySearch/native-array-search-bad
=== PAUSE TestCheckedViewArraySearch/native-array-search-bad
=== RUN   TestCheckedViewArraySearch/native-array-search-literal
=== PAUSE TestCheckedViewArraySearch/native-array-search-literal
=== CONT  TestCheckedViewOptionalDeclarations/optional-declarations-present
=== RUN   TestCheckedViewDictionaryComponents/nested-good
=== NAME  TestCheckedViewDictionaryComponentMutants/skip-check
    checked_views_dictionaries_test.go:97: pinned exit-70 diagnostic catches mutant: exit=0 stdout="[object Object]\nundefined\n"
    checked_views_dictionaries_test.go:97: pinned exit-70 diagnostic catches mutant: exit=0 stdout="[object Object]\nundefined\n"
--- PASS: TestCheckedViewDictionaryNativeStorageGuard (0.27s)
=== CONT  TestCheckedViewNodeArrayRecords/node-array-reads
=== RUN   TestCheckedViewDictionaryComponentMutants/accept-wrong-shape
=== RUN   TestCheckedViewDictionaryJavaScriptGuards/missing-child
=== RUN   TestCheckedViewDictionaryJavaScriptGuards/required-missing
=== NAME  TestCheckedViewDictionaryComponentMutants/accept-wrong-shape
    checked_views_dictionaries_test.go:97: pinned exit-70 diagnostic catches mutant: exit=0 stdout="undefined\n"
    checked_views_dictionaries_test.go:97: pinned exit-70 diagnostic catches mutant: exit=0 stdout="undefined\n"
=== RUN   TestCheckedViewDictionaryComponentMutants/drop-transitive-contract
=== RUN   TestCheckedViewDictionaryComponents/nested-wrong
--- PASS: TestCheckedViewDictionaryJavaScriptGuards (0.56s)
    --- PASS: TestCheckedViewDictionaryJavaScriptGuards/container (0.14s)
    --- PASS: TestCheckedViewDictionaryJavaScriptGuards/accessor (0.15s)
    --- PASS: TestCheckedViewDictionaryJavaScriptGuards/missing-child (0.13s)
    --- PASS: TestCheckedViewDictionaryJavaScriptGuards/required-missing (0.12s)
=== CONT  TestCheckedViewNodeArrayRecords/node-array-write-literal
=== NAME  TestCheckedViewDictionaryComponentMutants/drop-transitive-contract
    checked_views_dictionaries_test.go:97: pinned exit-70 diagnostic catches mutant: exit=0 stdout="42\n"
    checked_views_dictionaries_test.go:97: pinned exit-70 diagnostic catches mutant: exit=0 stdout="42\n"
--- PASS: TestCheckedViewDictionaryComponentMutants (0.56s)
    --- PASS: TestCheckedViewDictionaryComponentMutants/skip-check (0.21s)
    --- PASS: TestCheckedViewDictionaryComponentMutants/accept-wrong-shape (0.18s)
    --- PASS: TestCheckedViewDictionaryComponentMutants/drop-transitive-contract (0.18s)
=== CONT  TestCheckedViewOptionalDeclarations/optional-declarations-wrong-field
=== RUN   TestCheckedViewDictionaryComponents/array-wrong
=== CONT  TestCheckedViewOptionalDeclarations/optional-declarations-wrong-element
--- PASS: TestCheckedViewDictionaryComponents (1.96s)
    --- PASS: TestCheckedViewDictionaryComponents/options-good (0.29s)
    --- PASS: TestCheckedViewDictionaryComponents/options-wrong (0.48s)
    --- PASS: TestCheckedViewDictionaryComponents/nested-good (0.29s)
    --- PASS: TestCheckedViewDictionaryComponents/nested-wrong (0.23s)
    --- PASS: TestCheckedViewDictionaryComponents/array-wrong (0.26s)
=== CONT  TestCheckedViewOptionalDeclarations/optional-declarations-wrong-array
=== CONT  TestCheckedViewOptionalDeclarations/optional-declarations-lazy
=== CONT  TestCheckedViewOptionalDeclarations/optional-declarations-undefined
=== CONT  TestCheckedViewOptionalDeclarations/optional-declarations-absent
=== CONT  TestCheckedViewNodeArrayRecords/node-array-wrong-own
=== CONT  TestCheckedViewNodeArrayRecords/node-array-wrong-array
=== CONT  TestCheckedViewNodeArrayRecords/node-array-wrong-field
=== CONT  TestCheckedViewNodeArrayRecords/node-array-wrong-element
--- PASS: TestCheckedViewOptionalDeclarations (0.00s)
    --- PASS: TestCheckedViewOptionalDeclarations/optional-declarations-present (0.73s)
    --- PASS: TestCheckedViewOptionalDeclarations/optional-declarations-wrong-field (0.69s)
    --- PASS: TestCheckedViewOptionalDeclarations/optional-declarations-wrong-array (0.58s)
    --- PASS: TestCheckedViewOptionalDeclarations/optional-declarations-wrong-element (0.69s)
    --- PASS: TestCheckedViewOptionalDeclarations/optional-declarations-lazy (0.77s)
    --- PASS: TestCheckedViewOptionalDeclarations/optional-declarations-undefined (0.68s)
    --- PASS: TestCheckedViewOptionalDeclarations/optional-declarations-absent (0.69s)
=== CONT  TestCheckedViewNodeArrayRecords/node-array-wrong-reference
=== CONT  TestCheckedViewNodeArrayRecords/node-array-own-mutation
=== CONT  TestCheckedViewNodeArrayRecords/node-array-missing-own
=== CONT  TestCheckedViewNodeArrayRecords/node-array-properties-copy
=== CONT  TestCheckedViewNodeArrayRecords/node-array-lazy
=== CONT  TestCheckedViewCallables/function-field
=== CONT  TestCheckedViewCallables/class-method
=== CONT  TestNativeAgreesWithNode/internal/oracle/testdata/non_null_array.a
=== CONT  TestNativeAgreesWithNode/internal/oracle/testdata/library_array_holes_references.a
--- PASS: TestCheckedViewNodeArrayRecords (0.01s)
    --- PASS: TestCheckedViewNodeArrayRecords/node-array-reads (0.71s)
    --- PASS: TestCheckedViewNodeArrayRecords/node-array-write-literal (0.77s)
    --- PASS: TestCheckedViewNodeArrayRecords/node-array-wrong-own (0.77s)
    --- PASS: TestCheckedViewNodeArrayRecords/node-array-wrong-array (0.76s)
    --- PASS: TestCheckedViewNodeArrayRecords/node-array-wrong-field (0.68s)
    --- PASS: TestCheckedViewNodeArrayRecords/node-array-wrong-element (0.72s)
    --- PASS: TestCheckedViewNodeArrayRecords/node-array-wrong-reference (0.80s)
    --- PASS: TestCheckedViewNodeArrayRecords/node-array-missing-own (0.70s)
    --- PASS: TestCheckedViewNodeArrayRecords/node-array-own-mutation (0.98s)
    --- PASS: TestCheckedViewNodeArrayRecords/node-array-properties-copy (0.96s)
    --- PASS: TestCheckedViewNodeArrayRecords/node-array-lazy (0.84s)
=== CONT  TestNativeAgreesWithNode/internal/oracle/testdata/non_null_uninitialized_optional.a
=== CONT  TestNativeAgreesWithNode/internal/oracle/testdata/native-sorted-array-brand.a
--- PASS: TestCheckedViewCallables (0.02s)
    --- PASS: TestCheckedViewCallables/function-field (0.75s)
    --- PASS: TestCheckedViewCallables/class-method (0.66s)
=== CONT  TestNativeAgreesWithNode/internal/oracle/testdata/phantom_array_brands.a
=== CONT  TestNativeAgreesWithNode/internal/oracle/testdata/phantom_brands.a
=== CONT  TestNativeAgreesWithNode/internal/oracle/testdata/optional_widening_false_as_number.a
=== CONT  TestNativeAgreesWithNode/internal/oracle/testdata/optional_widening_boolean_as_number_return.a
=== CONT  TestNativeAgreesWithNode/internal/oracle/testdata/optional_widening_boolean_as_number_parameter.a
=== CONT  TestNativeAgreesWithNode/internal/oracle/testdata/optional_widening_boolean_as_number_ops.a
=== CONT  TestNativeAgreesWithNode/internal/oracle/testdata/optional_widening_boolean_as_number_array.a
=== CONT  TestNativeAgreesWithNode/internal/oracle/testdata/optional_widening_boolean_as_number.a
=== CONT  TestNativeAgreesWithNode/internal/oracle/testdata/optional_widening_generic_subclass.a
=== CONT  TestNativeAgreesWithNode/internal/oracle/testdata/optional_widening_subclass.a
=== CONT  TestNativeAgreesWithNode/internal/oracle/testdata/optional_widening_declared.a
=== CONT  TestNativeAgreesWithNode/internal/oracle/testdata/optional_widening_fresh.a
=== CONT  TestNativeAgreesWithNode/internal/oracle/testdata/optional_widening_class.a
=== CONT  TestNativeAgreesWithNode/internal/oracle/testdata/nested_array.a
=== CONT  TestNativeAgreesWithNode/internal/oracle/testdata/narrowed_union_valid.a
=== CONT  TestNativeAgreesWithNode/internal/oracle/testdata/e4eec87_f2b_union_narrow_number.a
=== CONT  TestNativeAgreesWithNode/internal/oracle/testdata/e4eec87_f2_union_narrow_call.a
=== CONT  TestNativeAgreesWithNode/internal/oracle/testdata/047cb0d_n_arrayindex.a
=== CONT  TestNativeAgreesWithNode/internal/oracle/testdata/047cb0d_n_optional.a
=== CONT  TestNativeAgreesWithNode/internal/oracle/testdata/literal_optional_shapes.a
=== CONT  TestNativeAgreesWithNode/internal/oracle/testdata/e4eec87_u02_optional_absent.a
=== CONT  TestNativeAgreesWithNode/internal/oracle/testdata/census_optional_values_padding.a
=== CONT  TestNativeAgreesWithNode/internal/oracle/testdata/census_optional_values_receivers.a
=== CONT  TestNativeAgreesWithNode/internal/oracle/testdata/census_optional_values_forms.a
=== CONT  TestNativeAgreesWithNode/internal/oracle/testdata/census_optional_values_system.a
=== CONT  TestNativeAgreesWithNode/internal/oracle/testdata/cast_class_union_fails.a
=== CONT  TestNativeAgreesWithNode/internal/oracle/testdata/cast_subunion_const_string_fails.a
=== CONT  TestNativeAgreesWithNode/internal/oracle/testdata/cast_subunion_const_numeric_fails.a
=== CONT  TestNativeAgreesWithNode/internal/oracle/testdata/cast_subunion_string_fails.a
=== CONT  TestNativeAgreesWithNode/internal/oracle/testdata/cast_subunion_fails.a
=== CONT  TestNativeAgreesWithNode/internal/oracle/testdata/library_array_holes_objects.a
=== CONT  TestNativeAgreesWithNode/internal/oracle/testdata/library_array_holes_catch.a
=== CONT  TestNativeAgreesWithNode/internal/oracle/testdata/library_array_holes_keys.a
=== CONT  TestNativeAgreesWithNode/internal/oracle/testdata/library_array_holes_toString.a
=== CONT  TestNativeAgreesWithNode/internal/oracle/testdata/library_array_holes_resize.a
=== CONT  TestNativeAgreesWithNode/internal/oracle/testdata/library_array_spliced.a
=== CONT  TestNativeAgreesWithNode/internal/oracle/testdata/array-holes-boundaries/library_array_holes_range.a
=== CONT  TestNativeAgreesWithNode/internal/oracle/testdata/array-holes-boundaries/library_array_holes_length.a
=== CONT  TestNativeAgreesWithNode/internal/oracle/testdata/library_array_holes_scanner_probe.a
=== CONT  TestNativeAgreesWithNode/internal/oracle/testdata/utf8_view_fails.a
=== CONT  TestNativeAgreesWithNode/internal/oracle/testdata/utf8_view.a
=== CONT  TestNativeAgreesWithNode/internal/oracle/testdata/optional_strings.a
=== CONT  TestNativeAgreesWithNode/internal/oracle/testdata/reuse_arrays.a
=== CONT  TestNativeAgreesWithNode/internal/oracle/testdata/optional_class_method.a
=== CONT  TestNativeAgreesWithNode/internal/oracle/testdata/nbody_optional_references.a
=== CONT  TestNativeAgreesWithNode/internal/oracle/testdata/unions.a
=== CONT  TestNativeAgreesWithNode/internal/oracle/testdata/array_from_undefined.a
=== CONT  TestNativeAgreesWithNode/internal/oracle/testdata/array_from_length.a
=== CONT  TestNativeAgreesWithNode/internal/oracle/testdata/array_from.a
=== CONT  TestNativeAgreesWithNode/internal/oracle/testdata/optional_numbers.a
=== CONT  TestNativeAgreesWithNode/internal/oracle/testdata/library_array_find_last.a
=== CONT  TestNativeAgreesWithNode/internal/oracle/testdata/library_array_copy.a
=== CONT  TestNativeAgreesWithNode/internal/oracle/testdata/library_array_search.a
=== CONT  TestNativeAgreesWithNode/internal/oracle/testdata/library_array_copy_within.a
=== CONT  TestNativeAgreesWithNode/internal/oracle/testdata/string_views_surrogates.a
=== CONT  TestNativeAgreesWithNode/internal/oracle/testdata/library_array_flat.a
=== CONT  TestNativeAgreesWithNode/internal/oracle/testdata/library_array_flat_map.a
=== CONT  TestNativeAgreesWithNode/internal/oracle/testdata/library_array_with.a
=== CONT  TestNativeAgreesWithNode/internal/oracle/testdata/library_array_metadata.a
=== CONT  TestNativeAgreesWithNode/internal/oracle/testdata/library_array_iterators.a
=== CONT  TestNativeAgreesWithNode/internal/oracle/testdata/library_array_join.a
=== CONT  TestNativeAgreesWithNode/internal/oracle/testdata/weak_region_review.a
=== CONT  TestNativeAgreesWithNode/internal/oracle/testdata/set_foreach_arrays.a
=== CONT  TestNativeAgreesWithNode/internal/oracle/testdata/map_foreach_arrays.a
=== CONT  TestNativeAgreesWithNode/internal/oracle/testdata/string_views_loops.a
=== CONT  TestNativeAgreesWithNode/internal/oracle/testdata/string_views_calls.a
=== CONT  TestNativeAgreesWithNode/internal/oracle/testdata/string_views_characters.a
=== CONT  TestNativeAgreesWithNode/internal/oracle/testdata/string_views_methods.a
=== CONT  TestNativeAgreesWithNode/internal/oracle/testdata/string_views_policy.a
=== CONT  TestNativeAgreesWithNode/internal/oracle/testdata/string_views_holders.a
=== CONT  TestNativeAgreesWithNode/internal/oracle/testdata/string_views_throw.a
=== CONT  TestNativeAgreesWithNode/internal/oracle/testdata/string_views_lifetime.a
=== CONT  TestNativeAgreesWithNode/internal/oracle/testdata/non_null_union.a
=== CONT  TestCheckedViewNativeArrays/native-array-join
=== CONT  TestCheckedViewArrays/array-lazy
=== CONT  TestCheckedViewNativeArrays/native-array-copy-bad
=== CONT  TestCheckedViewNativeArrays/native-array-push-bad
--- PASS: TestNativeAgreesWithNode (0.18s)
    --- PASS: TestNativeAgreesWithNode/internal/oracle/testdata/non_null_array.a (0.71s)
    --- PASS: TestNativeAgreesWithNode/internal/oracle/testdata/library_array_holes_references.a (0.72s)
    --- PASS: TestNativeAgreesWithNode/internal/oracle/testdata/native-sorted-array-brand.a (0.75s)
    --- PASS: TestNativeAgreesWithNode/internal/oracle/testdata/non_null_uninitialized_optional.a (0.77s)
    --- PASS: TestNativeAgreesWithNode/internal/oracle/testdata/phantom_array_brands.a (1.11s)
    --- PASS: TestNativeAgreesWithNode/internal/oracle/testdata/phantom_brands.a (0.90s)
    --- PASS: TestNativeAgreesWithNode/internal/oracle/testdata/optional_widening_false_as_number.a (1.10s)
    --- PASS: TestNativeAgreesWithNode/internal/oracle/testdata/optional_widening_boolean_as_number_parameter.a (1.09s)
    --- PASS: TestNativeAgreesWithNode/internal/oracle/testdata/optional_widening_boolean_as_number_return.a (1.18s)
    --- PASS: TestNativeAgreesWithNode/internal/oracle/testdata/optional_widening_boolean_as_number_ops.a (1.35s)
    --- PASS: TestNativeAgreesWithNode/internal/oracle/testdata/optional_widening_boolean_as_number_array.a (1.40s)
    --- PASS: TestNativeAgreesWithNode/internal/oracle/testdata/optional_widening_boolean_as_number.a (1.20s)
    --- PASS: TestNativeAgreesWithNode/internal/oracle/testdata/optional_widening_generic_subclass.a (1.12s)
    --- PASS: TestNativeAgreesWithNode/internal/oracle/testdata/optional_widening_subclass.a (1.13s)
    --- PASS: TestNativeAgreesWithNode/internal/oracle/testdata/optional_widening_declared.a (0.80s)
    --- PASS: TestNativeAgreesWithNode/internal/oracle/testdata/optional_widening_fresh.a (0.70s)
    --- PASS: TestNativeAgreesWithNode/internal/oracle/testdata/optional_widening_class.a (0.94s)
    --- PASS: TestNativeAgreesWithNode/internal/oracle/testdata/nested_array.a (1.08s)
    --- PASS: TestNativeAgreesWithNode/internal/oracle/testdata/e4eec87_f2b_union_narrow_number.a (0.85s)
    --- PASS: TestNativeAgreesWithNode/internal/oracle/testdata/narrowed_union_valid.a (1.24s)
    --- PASS: TestNativeAgreesWithNode/internal/oracle/testdata/e4eec87_f2_union_narrow_call.a (1.23s)
    --- PASS: TestNativeAgreesWithNode/internal/oracle/testdata/047cb0d_n_optional.a (0.98s)
    --- PASS: TestNativeAgreesWithNode/internal/oracle/testdata/e4eec87_u02_optional_absent.a (1.03s)
    --- PASS: TestNativeAgreesWithNode/internal/oracle/testdata/047cb0d_n_arrayindex.a (1.63s)
    --- PASS: TestNativeAgreesWithNode/internal/oracle/testdata/literal_optional_shapes.a (1.64s)
    --- PASS: TestNativeAgreesWithNode/internal/oracle/testdata/census_optional_values_padding.a (1.43s)
    --- PASS: TestNativeAgreesWithNode/internal/oracle/testdata/census_optional_values_receivers.a (1.12s)
    --- PASS: TestNativeAgreesWithNode/internal/oracle/testdata/census_optional_values_forms.a (1.02s)
    --- PASS: TestNativeAgreesWithNode/internal/oracle/testdata/census_optional_values_system.a (1.06s)
    --- PASS: TestNativeAgreesWithNode/internal/oracle/testdata/cast_class_union_fails.a (0.69s)
    --- PASS: TestNativeAgreesWithNode/internal/oracle/testdata/cast_subunion_const_string_fails.a (0.63s)
    --- PASS: TestNativeAgreesWithNode/internal/oracle/testdata/cast_subunion_const_numeric_fails.a (0.74s)
    --- PASS: TestNativeAgreesWithNode/internal/oracle/testdata/cast_subunion_string_fails.a (0.77s)
    --- PASS: TestNativeAgreesWithNode/internal/oracle/testdata/cast_subunion_fails.a (0.67s)
    --- PASS: TestNativeAgreesWithNode/internal/oracle/testdata/library_array_holes_objects.a (0.76s)
    --- PASS: TestNativeAgreesWithNode/internal/oracle/testdata/library_array_holes_keys.a (0.61s)
    --- PASS: TestNativeAgreesWithNode/internal/oracle/testdata/library_array_holes_catch.a (0.77s)
    --- PASS: TestNativeAgreesWithNode/internal/oracle/testdata/library_array_holes_toString.a (0.76s)
    --- PASS: TestNativeAgreesWithNode/internal/oracle/testdata/library_array_holes_resize.a (1.13s)
    --- PASS: TestNativeAgreesWithNode/internal/oracle/testdata/array-holes-boundaries/library_array_holes_length.a (1.11s)
    --- PASS: TestNativeAgreesWithNode/internal/oracle/testdata/array-holes-boundaries/library_array_holes_range.a (1.18s)
    --- PASS: TestNativeAgreesWithNode/internal/oracle/testdata/library_array_spliced.a (2.13s)
    --- PASS: TestNativeAgreesWithNode/internal/oracle/testdata/library_array_holes_scanner_probe.a (1.64s)
    --- PASS: TestNativeAgreesWithNode/internal/oracle/testdata/utf8_view_fails.a (1.78s)
    --- PASS: TestNativeAgreesWithNode/internal/oracle/testdata/utf8_view.a (1.72s)
    --- PASS: TestNativeAgreesWithNode/internal/oracle/testdata/optional_strings.a (1.79s)
    --- PASS: TestNativeAgreesWithNode/internal/oracle/testdata/reuse_arrays.a (1.17s)
    --- PASS: TestNativeAgreesWithNode/internal/oracle/testdata/optional_class_method.a (1.69s)
    --- PASS: TestNativeAgreesWithNode/internal/oracle/testdata/nbody_optional_references.a (1.68s)
    --- PASS: TestNativeAgreesWithNode/internal/oracle/testdata/array_from_undefined.a (1.74s)
    --- PASS: TestNativeAgreesWithNode/internal/oracle/testdata/array_from_length.a (1.66s)
    --- PASS: TestNativeAgreesWithNode/internal/oracle/testdata/unions.a (2.02s)
    --- PASS: TestNativeAgreesWithNode/internal/oracle/testdata/optional_numbers.a (1.51s)
    --- PASS: TestNativeAgreesWithNode/internal/oracle/testdata/array_from.a (2.29s)
    --- PASS: TestNativeAgreesWithNode/internal/oracle/testdata/library_array_copy.a (1.22s)
    --- PASS: TestNativeAgreesWithNode/internal/oracle/testdata/library_array_search.a (1.28s)
    --- PASS: TestNativeAgreesWithNode/internal/oracle/testdata/library_array_find_last.a (1.83s)
    --- PASS: TestNativeAgreesWithNode/internal/oracle/testdata/string_views_surrogates.a (1.12s)
    --- PASS: TestNativeAgreesWithNode/internal/oracle/testdata/library_array_copy_within.a (1.77s)
    --- PASS: TestNativeAgreesWithNode/internal/oracle/testdata/library_array_with.a (1.02s)
    --- PASS: TestNativeAgreesWithNode/internal/oracle/testdata/library_array_flat_map.a (1.72s)
    --- PASS: TestNativeAgreesWithNode/internal/oracle/testdata/library_array_metadata.a (0.85s)
    --- PASS: TestNativeAgreesWithNode/internal/oracle/testdata/library_array_flat.a (2.05s)
    --- PASS: TestNativeAgreesWithNode/internal/oracle/testdata/library_array_join.a (1.06s)
    --- PASS: TestNativeAgreesWithNode/internal/oracle/testdata/library_array_iterators.a (1.22s)
    --- PASS: TestNativeAgreesWithNode/internal/oracle/testdata/weak_region_review.a (1.13s)
    --- PASS: TestNativeAgreesWithNode/internal/oracle/testdata/set_foreach_arrays.a (1.35s)
    --- PASS: TestNativeAgreesWithNode/internal/oracle/testdata/string_views_loops.a (0.85s)
    --- PASS: TestNativeAgreesWithNode/internal/oracle/testdata/map_foreach_arrays.a (1.55s)
    --- PASS: TestNativeAgreesWithNode/internal/oracle/testdata/string_views_calls.a (1.29s)
    --- PASS: TestNativeAgreesWithNode/internal/oracle/testdata/string_views_characters.a (1.20s)
    --- PASS: TestNativeAgreesWithNode/internal/oracle/testdata/string_views_methods.a (1.31s)
    --- PASS: TestNativeAgreesWithNode/internal/oracle/testdata/string_views_policy.a (1.32s)
    --- PASS: TestNativeAgreesWithNode/internal/oracle/testdata/string_views_holders.a (1.13s)
    --- PASS: TestNativeAgreesWithNode/internal/oracle/testdata/string_views_throw.a (1.06s)
    --- PASS: TestNativeAgreesWithNode/internal/oracle/testdata/string_views_lifetime.a (0.95s)
    --- PASS: TestNativeAgreesWithNode/internal/oracle/testdata/non_null_union.a (0.69s)
=== CONT  TestCheckedViewNativeArrays/native-array-write-bad
=== CONT  TestCheckedViewNativeArrays/native-array-join-literal
=== CONT  TestCheckedViewNativeArrays/native-array-join-bad
=== CONT  TestCheckedViewNativeArrays/native-array-sparse-pop-hole
=== CONT  TestCheckedViewNativeArrays/native-array-sparse
=== CONT  TestCheckedViewNativeArrays/native-array-string-mutation
=== CONT  TestCheckedViewNativeArrays/native-array-mutation
=== CONT  TestCheckedViewNativeArrays/native-array-join-boolean
=== CONT  TestCheckedViewNativeArrays/native-array-large-field
=== CONT  TestCheckedViewNativeArrays/native-array-join-evaluation
=== CONT  TestCheckedViewArrays/array-boolean
=== CONT  TestCheckedViewArrays/non-array
=== CONT  TestCheckedViewArrays/object-element
=== CONT  TestCheckedViewArrays/array-element
=== CONT  TestCheckedViewArrays/array-field
=== CONT  TestCheckedViewArrays/generic-array-element
=== CONT  TestCheckedViewArrays/nullable-array-element
--- PASS: TestCheckedViewNativeArrays (0.00s)
    --- PASS: TestCheckedViewNativeArrays/native-array-join (0.82s)
    --- PASS: TestCheckedViewNativeArrays/native-array-copy-bad (1.33s)
    --- PASS: TestCheckedViewNativeArrays/native-array-join-literal (1.09s)
    --- PASS: TestCheckedViewNativeArrays/native-array-push-bad (1.62s)
    --- PASS: TestCheckedViewNativeArrays/native-array-write-bad (1.69s)
    --- PASS: TestCheckedViewNativeArrays/native-array-join-bad (1.25s)
    --- PASS: TestCheckedViewNativeArrays/native-array-sparse-pop-hole (1.42s)
    --- PASS: TestCheckedViewNativeArrays/native-array-sparse (1.50s)
    --- PASS: TestCheckedViewNativeArrays/native-array-string-mutation (1.52s)
    --- PASS: TestCheckedViewNativeArrays/native-array-mutation (1.71s)
    --- PASS: TestCheckedViewNativeArrays/native-array-join-boolean (1.99s)
    --- PASS: TestCheckedViewNativeArrays/native-array-large-field (1.46s)
    --- PASS: TestCheckedViewNativeArrays/native-array-join-evaluation (1.50s)
=== CONT  TestCheckedViewArrays/nullable-array-string
=== CONT  TestCheckedViewArrays/array-string-literal
=== CONT  TestCheckedViewArrays/array-undefined
=== CONT  TestCheckedViewArrays/array-alias
=== CONT  TestCheckedViewArrays/array-map-bad
=== CONT  TestCheckedViewArrays/array-iteration-bad
=== CONT  TestCheckedViewArrays/array-length-kind
=== CONT  TestCheckedViewArrays/array-uninitialized
=== CONT  TestCheckedViewArrays/array-missing
=== CONT  TestCheckedViewArrays/callable-kind
=== CONT  TestCheckedViewArrays/callable-uninitialized
=== CONT  TestCheckedViewArrays/callable-missing
=== CONT  TestCheckedViewArrays/array-pop
=== CONT  TestCheckedViewArrays/array-second
=== CONT  TestCheckedViewArrays/array-bounds
=== CONT  TestCheckedViewArrays/array-iteration
=== CONT  TestCheckedViewArrays/array-map
=== CONT  TestCheckedViewArraySearch/native-array-search
=== CONT  TestCheckedViewArraySearch/native-array-search-evaluation
=== CONT  TestCheckedViewArraySearch/native-array-search-literal
=== CONT  TestCheckedViewArraySearch/native-array-search-bad
--- PASS: TestCheckedViewArrays (0.00s)
    --- PASS: TestCheckedViewArrays/array-lazy (1.07s)
    --- PASS: TestCheckedViewArrays/array-boolean (1.14s)
    --- PASS: TestCheckedViewArrays/non-array (0.72s)
    --- PASS: TestCheckedViewArrays/object-element (1.02s)
    --- PASS: TestCheckedViewArrays/nullable-array-element (0.78s)
    --- PASS: TestCheckedViewArrays/array-element (1.17s)
    --- PASS: TestCheckedViewArrays/generic-array-element (1.04s)
    --- PASS: TestCheckedViewArrays/array-field (1.25s)
    --- PASS: TestCheckedViewArrays/nullable-array-string (0.68s)
    --- PASS: TestCheckedViewArrays/array-alias (0.60s)
    --- PASS: TestCheckedViewArrays/array-string-literal (0.85s)
    --- PASS: TestCheckedViewArrays/array-map-bad (0.69s)
    --- PASS: TestCheckedViewArrays/array-undefined (0.98s)
    --- PASS: TestCheckedViewArrays/array-iteration-bad (0.67s)
    --- PASS: TestCheckedViewArrays/array-length-kind (0.73s)
    --- PASS: TestCheckedViewArrays/array-missing (0.61s)
    --- PASS: TestCheckedViewArrays/array-uninitialized (0.76s)
    --- PASS: TestCheckedViewArrays/callable-uninitialized (0.74s)
    --- PASS: TestCheckedViewArrays/callable-kind (0.77s)
    --- PASS: TestCheckedViewArrays/callable-missing (0.82s)
    --- PASS: TestCheckedViewArrays/array-second (0.66s)
    --- PASS: TestCheckedViewArrays/array-pop (0.98s)
    --- PASS: TestCheckedViewArrays/array-bounds (0.91s)
    --- PASS: TestCheckedViewArrays/array-iteration (0.89s)
    --- PASS: TestCheckedViewArrays/array-map (0.97s)
=== CONT  TestCheckedViewArraySearch/native-array-reference-write
=== CONT  TestCheckedViewArraySearch/native-array-search-boolean
=== CONT  TestCheckedViewArraySearch/native-array-search-object
=== CONT  TestCheckedViewArraySearch/native-array-search-sparse
=== CONT  TestCheckedViewArraySearch/native-array-search-lazy
--- PASS: TestCheckedViewArraySearch (0.00s)
    --- PASS: TestCheckedViewArraySearch/native-array-search (1.02s)
    --- PASS: TestCheckedViewArraySearch/native-array-search-bad (0.73s)
    --- PASS: TestCheckedViewArraySearch/native-array-search-literal (0.74s)
    --- PASS: TestCheckedViewArraySearch/native-array-search-evaluation (1.06s)
    --- PASS: TestCheckedViewArraySearch/native-array-reference-write (1.02s)
    --- PASS: TestCheckedViewArraySearch/native-array-search-object (0.86s)
    --- PASS: TestCheckedViewArraySearch/native-array-search-lazy (0.85s)
    --- PASS: TestCheckedViewArraySearch/native-array-search-sparse (1.03s)
    --- PASS: TestCheckedViewArraySearch/native-array-search-boolean (1.13s)
PASS
gate cache: native hits=0 misses=269
gate cache: node hits=0 misses=763
gate cache: probe hits=0 misses=0
ok  	github.com/system-inc/adamic/internal/oracle	185.782s
