=== RUN   TestCheckedViewDictionaryCommandOptions
=== RUN   TestCheckedViewDictionaryCommandOptions/good
=== RUN   TestCheckedViewDictionaryCommandOptions/wrong
=== RUN   TestCheckedViewDictionaryCommandOptions/missing
--- PASS: TestCheckedViewDictionaryCommandOptions (6.49s)
    --- PASS: TestCheckedViewDictionaryCommandOptions/good (2.49s)
    --- PASS: TestCheckedViewDictionaryCommandOptions/wrong (1.83s)
    --- PASS: TestCheckedViewDictionaryCommandOptions/missing (2.16s)
=== RUN   TestCheckedViewDictionaryContainerBatch
=== RUN   TestCheckedViewDictionaryContainerBatch/wildcard-directories-good
=== RUN   TestCheckedViewDictionaryContainerBatch/wildcard-directories-wrong
=== RUN   TestCheckedViewDictionaryContainerBatch/wildcard-directories-missing
=== RUN   TestCheckedViewDictionaryContainerBatch/watch-options-good
=== RUN   TestCheckedViewDictionaryContainerBatch/watch-options-wrong
=== RUN   TestCheckedViewDictionaryContainerBatch/watch-options-missing
=== RUN   TestCheckedViewDictionaryContainerBatch/version-paths-good
=== RUN   TestCheckedViewDictionaryContainerBatch/version-paths-wrong
=== RUN   TestCheckedViewDictionaryContainerBatch/version-paths-missing
=== RUN   TestCheckedViewDictionaryContainerBatch/incremental-multi-options-good
=== RUN   TestCheckedViewDictionaryContainerBatch/incremental-multi-options-wrong
=== RUN   TestCheckedViewDictionaryContainerBatch/incremental-multi-options-missing
=== RUN   TestCheckedViewDictionaryContainerBatch/incremental-bundle-options-good
=== RUN   TestCheckedViewDictionaryContainerBatch/incremental-bundle-options-wrong
=== RUN   TestCheckedViewDictionaryContainerBatch/incremental-bundle-options-missing
=== RUN   TestCheckedViewDictionaryContainerBatch/incremental-options-good
=== RUN   TestCheckedViewDictionaryContainerBatch/incremental-options-wrong
=== RUN   TestCheckedViewDictionaryContainerBatch/incremental-options-missing
=== RUN   TestCheckedViewDictionaryContainerBatch/reusable-state-options-good
=== RUN   TestCheckedViewDictionaryContainerBatch/reusable-state-options-wrong
=== RUN   TestCheckedViewDictionaryContainerBatch/reusable-state-options-missing
=== RUN   TestCheckedViewDictionaryContainerBatch/builder-state-options-good
=== RUN   TestCheckedViewDictionaryContainerBatch/builder-state-options-wrong
=== RUN   TestCheckedViewDictionaryContainerBatch/builder-state-options-missing
--- PASS: TestCheckedViewDictionaryContainerBatch (37.71s)
    --- PASS: TestCheckedViewDictionaryContainerBatch/wildcard-directories-good (6.51s)
    --- PASS: TestCheckedViewDictionaryContainerBatch/wildcard-directories-wrong (2.30s)
    --- PASS: TestCheckedViewDictionaryContainerBatch/wildcard-directories-missing (1.43s)
    --- PASS: TestCheckedViewDictionaryContainerBatch/watch-options-good (1.09s)
    --- PASS: TestCheckedViewDictionaryContainerBatch/watch-options-wrong (0.86s)
    --- PASS: TestCheckedViewDictionaryContainerBatch/watch-options-missing (1.00s)
    --- PASS: TestCheckedViewDictionaryContainerBatch/version-paths-good (1.92s)
    --- PASS: TestCheckedViewDictionaryContainerBatch/version-paths-wrong (1.54s)
    --- PASS: TestCheckedViewDictionaryContainerBatch/version-paths-missing (0.69s)
    --- PASS: TestCheckedViewDictionaryContainerBatch/incremental-multi-options-good (1.46s)
    --- PASS: TestCheckedViewDictionaryContainerBatch/incremental-multi-options-wrong (1.66s)
    --- PASS: TestCheckedViewDictionaryContainerBatch/incremental-multi-options-missing (1.80s)
    --- PASS: TestCheckedViewDictionaryContainerBatch/incremental-bundle-options-good (2.04s)
    --- PASS: TestCheckedViewDictionaryContainerBatch/incremental-bundle-options-wrong (1.68s)
    --- PASS: TestCheckedViewDictionaryContainerBatch/incremental-bundle-options-missing (1.45s)
    --- PASS: TestCheckedViewDictionaryContainerBatch/incremental-options-good (1.09s)
    --- PASS: TestCheckedViewDictionaryContainerBatch/incremental-options-wrong (0.55s)
    --- PASS: TestCheckedViewDictionaryContainerBatch/incremental-options-missing (1.07s)
    --- PASS: TestCheckedViewDictionaryContainerBatch/reusable-state-options-good (1.49s)
    --- PASS: TestCheckedViewDictionaryContainerBatch/reusable-state-options-wrong (1.49s)
    --- PASS: TestCheckedViewDictionaryContainerBatch/reusable-state-options-missing (1.35s)
    --- PASS: TestCheckedViewDictionaryContainerBatch/builder-state-options-good (1.41s)
    --- PASS: TestCheckedViewDictionaryContainerBatch/builder-state-options-wrong (0.65s)
    --- PASS: TestCheckedViewDictionaryContainerBatch/builder-state-options-missing (1.15s)
=== RUN   TestCheckedViewDictionaryContainerMutant
    checked_view_dictionary_container_test.go:127: container bypass caught by pinned wrong-value control: exit=0 stdout="object\n"
    checked_view_dictionary_container_test.go:127: container bypass caught by pinned wrong-value control: exit=0 stdout="number\n"
--- PASS: TestCheckedViewDictionaryContainerMutant (0.49s)
=== RUN   TestCheckedViewDictionaryFiniteKeys
=== RUN   TestCheckedViewDictionaryFiniteKeys/indexed-cache-good
=== RUN   TestCheckedViewDictionaryFiniteKeys/indexed-cache-wrong
=== RUN   TestCheckedViewDictionaryFiniteKeys/indexed-cache-missing
=== RUN   TestCheckedViewDictionaryFiniteKeys/indexed-cache-nested-wrong
=== RUN   TestCheckedViewDictionaryFiniteKeys/indexed-cache-wrong-array
=== RUN   TestCheckedViewDictionaryFiniteKeys/iteration-cache-good
=== RUN   TestCheckedViewDictionaryFiniteKeys/iteration-cache-wrong
=== RUN   TestCheckedViewDictionaryFiniteKeys/iteration-cache-missing
=== RUN   TestCheckedViewDictionaryFiniteKeys/iteration-cache-nested-wrong
=== RUN   TestCheckedViewDictionaryFiniteKeys/iteration-cache-wrong-array
=== RUN   TestCheckedViewDictionaryFiniteKeys/iterable-cache-good
=== RUN   TestCheckedViewDictionaryFiniteKeys/iterable-cache-wrong
=== RUN   TestCheckedViewDictionaryFiniteKeys/iterable-cache-missing
=== RUN   TestCheckedViewDictionaryFiniteKeys/iterable-cache-nested-wrong
=== RUN   TestCheckedViewDictionaryFiniteKeys/iterable-cache-wrong-array
=== RUN   TestCheckedViewDictionaryFiniteKeys/signature-cache-good
=== RUN   TestCheckedViewDictionaryFiniteKeys/signature-cache-wrong
=== RUN   TestCheckedViewDictionaryFiniteKeys/signature-cache-missing
=== RUN   TestCheckedViewDictionaryFiniteKeys/signature-cache-nested-wrong
=== RUN   TestCheckedViewDictionaryFiniteKeys/signature-cache-wrong-array
--- PASS: TestCheckedViewDictionaryFiniteKeys (36.73s)
    --- PASS: TestCheckedViewDictionaryFiniteKeys/indexed-cache-good (1.63s)
    --- PASS: TestCheckedViewDictionaryFiniteKeys/indexed-cache-wrong (2.41s)
    --- PASS: TestCheckedViewDictionaryFiniteKeys/indexed-cache-missing (3.16s)
    --- PASS: TestCheckedViewDictionaryFiniteKeys/indexed-cache-nested-wrong (1.84s)
    --- PASS: TestCheckedViewDictionaryFiniteKeys/indexed-cache-wrong-array (3.53s)
    --- PASS: TestCheckedViewDictionaryFiniteKeys/iteration-cache-good (2.99s)
    --- PASS: TestCheckedViewDictionaryFiniteKeys/iteration-cache-wrong (2.16s)
    --- PASS: TestCheckedViewDictionaryFiniteKeys/iteration-cache-missing (2.40s)
    --- PASS: TestCheckedViewDictionaryFiniteKeys/iteration-cache-nested-wrong (1.67s)
    --- PASS: TestCheckedViewDictionaryFiniteKeys/iteration-cache-wrong-array (1.47s)
    --- PASS: TestCheckedViewDictionaryFiniteKeys/iterable-cache-good (1.65s)
    --- PASS: TestCheckedViewDictionaryFiniteKeys/iterable-cache-wrong (1.44s)
    --- PASS: TestCheckedViewDictionaryFiniteKeys/iterable-cache-missing (1.47s)
    --- PASS: TestCheckedViewDictionaryFiniteKeys/iterable-cache-nested-wrong (1.24s)
    --- PASS: TestCheckedViewDictionaryFiniteKeys/iterable-cache-wrong-array (1.43s)
    --- PASS: TestCheckedViewDictionaryFiniteKeys/signature-cache-good (1.51s)
    --- PASS: TestCheckedViewDictionaryFiniteKeys/signature-cache-wrong (1.14s)
    --- PASS: TestCheckedViewDictionaryFiniteKeys/signature-cache-missing (1.11s)
    --- PASS: TestCheckedViewDictionaryFiniteKeys/signature-cache-nested-wrong (1.08s)
    --- PASS: TestCheckedViewDictionaryFiniteKeys/signature-cache-wrong-array (1.39s)
=== RUN   TestCheckedViewDictionaryFiniteMutants
=== RUN   TestCheckedViewDictionaryFiniteMutants/skip-check
    checked_view_dictionary_finite_test.go:89: pinned finite-key control catches skip-check: exit=0 stdout="object\n"
    checked_view_dictionary_finite_test.go:89: pinned finite-key control catches skip-check: exit=0 stdout="object\n"
=== RUN   TestCheckedViewDictionaryFiniteMutants/accept-wrong-shape
    checked_view_dictionary_finite_test.go:89: pinned finite-key control catches accept-wrong-shape: exit=0 stdout="object\n"
    checked_view_dictionary_finite_test.go:89: pinned finite-key control catches accept-wrong-shape: exit=0 stdout="object\n"
=== RUN   TestCheckedViewDictionaryFiniteMutants/drop-transitive-check
    checked_view_dictionary_finite_test.go:89: pinned finite-key control catches drop-transitive-check: exit=0 stdout="42\n"
    checked_view_dictionary_finite_test.go:89: pinned finite-key control catches drop-transitive-check: exit=0 stdout="wrong\n"
--- PASS: TestCheckedViewDictionaryFiniteMutants (1.13s)
    --- PASS: TestCheckedViewDictionaryFiniteMutants/skip-check (0.43s)
    --- PASS: TestCheckedViewDictionaryFiniteMutants/accept-wrong-shape (0.35s)
    --- PASS: TestCheckedViewDictionaryFiniteMutants/drop-transitive-check (0.35s)
=== RUN   TestCheckedViewDictionaryOptionalShortCircuitMutant
    checked_view_dictionary_finite_test.go:130: Node absent-receiver control catches forced read: exit=70 stderr="adamic: panic: field read failed: view?.paths; expected MapLike<string[]> | undefined, found undefined\n"
    checked_view_dictionary_finite_test.go:130: Node absent-receiver control catches forced read: exit=70 stderr="adamic: panic: field read failed: view?.paths; expected MapLike<string[]> | undefined, found undefined\n"
--- PASS: TestCheckedViewDictionaryOptionalShortCircuitMutant (1.06s)
=== RUN   TestCheckedViewDictionaryOptionalRequiredField
=== RUN   TestCheckedViewDictionaryOptionalRequiredField/good
=== RUN   TestCheckedViewDictionaryOptionalRequiredField/missing
=== RUN   TestCheckedViewDictionaryOptionalRequiredField/receiver-missing
=== RUN   TestCheckedViewDictionaryOptionalRequiredField/undefined
--- PASS: TestCheckedViewDictionaryOptionalRequiredField (4.57s)
    --- PASS: TestCheckedViewDictionaryOptionalRequiredField/good (1.19s)
    --- PASS: TestCheckedViewDictionaryOptionalRequiredField/missing (1.06s)
    --- PASS: TestCheckedViewDictionaryOptionalRequiredField/receiver-missing (1.03s)
    --- PASS: TestCheckedViewDictionaryOptionalRequiredField/undefined (1.30s)
=== RUN   TestCheckedViewDictionaryEnumMap
=== RUN   TestCheckedViewDictionaryEnumMap/enum-map-good
=== RUN   TestCheckedViewDictionaryEnumMap/enum-map-open-number
=== RUN   TestCheckedViewDictionaryEnumMap/enum-map-wrong
=== RUN   TestCheckedViewDictionaryEnumMap/enum-map-missing
=== RUN   TestCheckedViewDictionaryEnumMap/enum-map-producer-good
=== RUN   TestCheckedViewDictionaryEnumMap/enum-map-producer-open-number
=== RUN   TestCheckedViewDictionaryEnumMap/enum-map-producer-wrong
=== RUN   TestCheckedViewDictionaryEnumMap/enum-map-producer-missing
--- PASS: TestCheckedViewDictionaryEnumMap (9.50s)
    --- PASS: TestCheckedViewDictionaryEnumMap/enum-map-good (1.03s)
    --- PASS: TestCheckedViewDictionaryEnumMap/enum-map-open-number (1.33s)
    --- PASS: TestCheckedViewDictionaryEnumMap/enum-map-wrong (1.19s)
    --- PASS: TestCheckedViewDictionaryEnumMap/enum-map-missing (1.07s)
    --- PASS: TestCheckedViewDictionaryEnumMap/enum-map-producer-good (1.31s)
    --- PASS: TestCheckedViewDictionaryEnumMap/enum-map-producer-open-number (1.15s)
    --- PASS: TestCheckedViewDictionaryEnumMap/enum-map-producer-wrong (1.30s)
    --- PASS: TestCheckedViewDictionaryEnumMap/enum-map-producer-missing (1.13s)
=== RUN   TestCheckedViewDictionaryLookupBatch
=== RUN   TestCheckedViewDictionaryLookupBatch/map-string-good
=== RUN   TestCheckedViewDictionaryLookupBatch/map-string-producer-good
=== RUN   TestCheckedViewDictionaryLookupBatch/map-string-missing
=== RUN   TestCheckedViewDictionaryLookupBatch/map-string-producer-missing
=== RUN   TestCheckedViewDictionaryLookupBatch/map-string-wrong
=== RUN   TestCheckedViewDictionaryLookupBatch/map-string-producer-wrong
=== RUN   TestCheckedViewDictionaryLookupBatch/map-generic-good
=== RUN   TestCheckedViewDictionaryLookupBatch/map-generic-producer-good
=== RUN   TestCheckedViewDictionaryLookupBatch/map-generic-missing
=== RUN   TestCheckedViewDictionaryLookupBatch/map-generic-producer-missing
=== RUN   TestCheckedViewDictionaryLookupBatch/map-generic-wrong
=== RUN   TestCheckedViewDictionaryLookupBatch/map-generic-producer-wrong
=== RUN   TestCheckedViewDictionaryLookupBatch/package-paths-good
=== RUN   TestCheckedViewDictionaryLookupBatch/package-paths-producer-good
=== RUN   TestCheckedViewDictionaryLookupBatch/package-paths-missing
=== RUN   TestCheckedViewDictionaryLookupBatch/package-paths-producer-missing
=== RUN   TestCheckedViewDictionaryLookupBatch/package-paths-wrong
=== RUN   TestCheckedViewDictionaryLookupBatch/package-paths-producer-wrong
=== RUN   TestCheckedViewDictionaryLookupBatch/package-paths-nested-wrong
=== RUN   TestCheckedViewDictionaryLookupBatch/package-paths-producer-nested-wrong
--- PASS: TestCheckedViewDictionaryLookupBatch (20.37s)
    --- PASS: TestCheckedViewDictionaryLookupBatch/map-string-good (1.30s)
    --- PASS: TestCheckedViewDictionaryLookupBatch/map-string-producer-good (1.21s)
    --- PASS: TestCheckedViewDictionaryLookupBatch/map-string-missing (0.94s)
    --- PASS: TestCheckedViewDictionaryLookupBatch/map-string-producer-missing (1.05s)
    --- PASS: TestCheckedViewDictionaryLookupBatch/map-string-wrong (0.69s)
    --- PASS: TestCheckedViewDictionaryLookupBatch/map-string-producer-wrong (0.94s)
    --- PASS: TestCheckedViewDictionaryLookupBatch/map-generic-good (0.88s)
    --- PASS: TestCheckedViewDictionaryLookupBatch/map-generic-producer-good (1.15s)
    --- PASS: TestCheckedViewDictionaryLookupBatch/map-generic-missing (0.98s)
    --- PASS: TestCheckedViewDictionaryLookupBatch/map-generic-producer-missing (1.02s)
    --- PASS: TestCheckedViewDictionaryLookupBatch/map-generic-wrong (1.03s)
    --- PASS: TestCheckedViewDictionaryLookupBatch/map-generic-producer-wrong (1.40s)
    --- PASS: TestCheckedViewDictionaryLookupBatch/package-paths-good (1.11s)
    --- PASS: TestCheckedViewDictionaryLookupBatch/package-paths-producer-good (0.89s)
    --- PASS: TestCheckedViewDictionaryLookupBatch/package-paths-missing (0.95s)
    --- PASS: TestCheckedViewDictionaryLookupBatch/package-paths-producer-missing (0.95s)
    --- PASS: TestCheckedViewDictionaryLookupBatch/package-paths-wrong (0.95s)
    --- PASS: TestCheckedViewDictionaryLookupBatch/package-paths-producer-wrong (1.30s)
    --- PASS: TestCheckedViewDictionaryLookupBatch/package-paths-nested-wrong (0.70s)
    --- PASS: TestCheckedViewDictionaryLookupBatch/package-paths-producer-nested-wrong (0.93s)
=== RUN   TestCheckedViewDictionaryLookupOriginMutant
    checked_view_dictionary_lookup_test.go:83: origin mutant caught by named control: native loses field contract and reaches ordinary storage refusal
    checked_view_dictionary_lookup_test.go:92: origin mutant caught by named control: JavaScript exit=0 stdout="42\n"
--- PASS: TestCheckedViewDictionaryLookupOriginMutant (0.45s)
=== RUN   TestCheckedViewDictionaryOptionalContainers
=== RUN   TestCheckedViewDictionaryOptionalContainers/optional-watch-good
=== RUN   TestCheckedViewDictionaryOptionalContainers/optional-watch-wrong
=== RUN   TestCheckedViewDictionaryOptionalContainers/optional-watch-missing
=== RUN   TestCheckedViewDictionaryOptionalContainers/optional-watch-receiver-missing
=== RUN   TestCheckedViewDictionaryOptionalContainers/optional-watch-undefined
=== RUN   TestCheckedViewDictionaryOptionalContainers/optional-options-good
=== RUN   TestCheckedViewDictionaryOptionalContainers/optional-options-wrong
=== RUN   TestCheckedViewDictionaryOptionalContainers/optional-options-missing
=== RUN   TestCheckedViewDictionaryOptionalContainers/optional-options-receiver-missing
=== RUN   TestCheckedViewDictionaryOptionalContainers/optional-options-undefined
=== RUN   TestCheckedViewDictionaryOptionalContainers/optional-wildcard-good
=== RUN   TestCheckedViewDictionaryOptionalContainers/optional-wildcard-wrong
=== RUN   TestCheckedViewDictionaryOptionalContainers/optional-wildcard-missing
=== RUN   TestCheckedViewDictionaryOptionalContainers/optional-wildcard-receiver-missing
=== RUN   TestCheckedViewDictionaryOptionalContainers/optional-wildcard-undefined
--- PASS: TestCheckedViewDictionaryOptionalContainers (17.19s)
    --- PASS: TestCheckedViewDictionaryOptionalContainers/optional-watch-good (1.13s)
    --- PASS: TestCheckedViewDictionaryOptionalContainers/optional-watch-wrong (1.06s)
    --- PASS: TestCheckedViewDictionaryOptionalContainers/optional-watch-missing (1.20s)
    --- PASS: TestCheckedViewDictionaryOptionalContainers/optional-watch-receiver-missing (1.01s)
    --- PASS: TestCheckedViewDictionaryOptionalContainers/optional-watch-undefined (0.99s)
    --- PASS: TestCheckedViewDictionaryOptionalContainers/optional-options-good (1.12s)
    --- PASS: TestCheckedViewDictionaryOptionalContainers/optional-options-wrong (1.50s)
    --- PASS: TestCheckedViewDictionaryOptionalContainers/optional-options-missing (0.90s)
    --- PASS: TestCheckedViewDictionaryOptionalContainers/optional-options-receiver-missing (1.53s)
    --- PASS: TestCheckedViewDictionaryOptionalContainers/optional-options-undefined (1.19s)
    --- PASS: TestCheckedViewDictionaryOptionalContainers/optional-wildcard-good (1.30s)
    --- PASS: TestCheckedViewDictionaryOptionalContainers/optional-wildcard-wrong (1.25s)
    --- PASS: TestCheckedViewDictionaryOptionalContainers/optional-wildcard-missing (0.98s)
    --- PASS: TestCheckedViewDictionaryOptionalContainers/optional-wildcard-receiver-missing (0.92s)
    --- PASS: TestCheckedViewDictionaryOptionalContainers/optional-wildcard-undefined (1.10s)
=== RUN   TestCheckedViewDictionaryOptionalAbsenceMutant
    checked_view_dictionary_optional_test.go:92: optional absence mutant caught by required-field control: exit=0 stdout="undefined\n"
    checked_view_dictionary_optional_test.go:92: optional absence mutant caught by required-field control: exit=0 stdout="undefined\n"
--- PASS: TestCheckedViewDictionaryOptionalAbsenceMutant (0.34s)
=== RUN   TestCheckedViewDictionaryPropagation
=== RUN   TestCheckedViewDictionaryPropagation/helper-good
=== RUN   TestCheckedViewDictionaryPropagation/helper-wrong
=== RUN   TestCheckedViewDictionaryPropagation/generic-good
=== RUN   TestCheckedViewDictionaryPropagation/generic-wrong
=== RUN   TestCheckedViewDictionaryPropagation/callback-good
=== RUN   TestCheckedViewDictionaryPropagation/callback-wrong
=== RUN   TestCheckedViewDictionaryPropagation/field-good
=== RUN   TestCheckedViewDictionaryPropagation/field-wrong
--- PASS: TestCheckedViewDictionaryPropagation (9.46s)
    --- PASS: TestCheckedViewDictionaryPropagation/helper-good (1.05s)
    --- PASS: TestCheckedViewDictionaryPropagation/helper-wrong (1.20s)
    --- PASS: TestCheckedViewDictionaryPropagation/generic-good (1.45s)
    --- PASS: TestCheckedViewDictionaryPropagation/generic-wrong (1.01s)
    --- PASS: TestCheckedViewDictionaryPropagation/callback-good (1.22s)
    --- PASS: TestCheckedViewDictionaryPropagation/callback-wrong (0.87s)
    --- PASS: TestCheckedViewDictionaryPropagation/field-good (1.28s)
    --- PASS: TestCheckedViewDictionaryPropagation/field-wrong (1.37s)
=== RUN   TestCheckedViewDictionaryArrays
=== RUN   TestCheckedViewDictionaryArrays/paths-producer-good
=== RUN   TestCheckedViewDictionaryArrays/paths-good
=== RUN   TestCheckedViewDictionaryArrays/paths-missing
=== RUN   TestCheckedViewDictionaryArrays/paths-container-wrong
    checked_view_dictionary_propagation_test.go:76: pinned exit 70: adamic: panic: field read failed: view.paths matches no member of MapLike<string[]> | undefined; expected MapLike<string[]> | undefined, found number
    checked_view_dictionary_propagation_test.go:76: pinned exit 70: adamic: panic: field read failed: view.paths matches no member of MapLike<string[]> | undefined; expected MapLike<string[]> | undefined, found number
    checked_view_dictionary_propagation_test.go:76: pinned exit 70: adamic: panic: field read failed: view.paths matches no member of MapLike<string[]> | undefined; expected MapLike<string[]> | undefined, found number
=== RUN   TestCheckedViewDictionaryArrays/paths-wrong
    checked_view_dictionary_propagation_test.go:76: pinned exit 70: adamic: panic: field read failed: table['item']; expected string[] | undefined, found number
    checked_view_dictionary_propagation_test.go:76: pinned exit 70: adamic: panic: field read failed: table['item']; expected string[] | undefined, found number
    checked_view_dictionary_propagation_test.go:76: pinned exit 70: adamic: panic: field read failed: table['item']; expected string[] | undefined, found number
=== RUN   TestCheckedViewDictionaryArrays/paths-element-wrong
    checked_view_dictionary_propagation_test.go:76: pinned exit 70: adamic: panic: element read failed: values[0] expected string, found number
    checked_view_dictionary_propagation_test.go:76: pinned exit 70: adamic: panic: element read failed: values[0] expected string, found number
    checked_view_dictionary_propagation_test.go:76: pinned exit 70: adamic: panic: element read failed: values[0] expected string, found number
=== RUN   TestCheckedViewDictionaryArrays/paths-key-missing
--- PASS: TestCheckedViewDictionaryArrays (6.75s)
    --- PASS: TestCheckedViewDictionaryArrays/paths-producer-good (1.01s)
    --- PASS: TestCheckedViewDictionaryArrays/paths-good (0.93s)
    --- PASS: TestCheckedViewDictionaryArrays/paths-missing (0.96s)
    --- PASS: TestCheckedViewDictionaryArrays/paths-container-wrong (0.80s)
    --- PASS: TestCheckedViewDictionaryArrays/paths-wrong (1.00s)
    --- PASS: TestCheckedViewDictionaryArrays/paths-element-wrong (1.02s)
    --- PASS: TestCheckedViewDictionaryArrays/paths-key-missing (1.05s)
=== RUN   TestCheckedViewDictionaryRoot
=== RUN   TestCheckedViewDictionaryRoot/good
=== RUN   TestCheckedViewDictionaryRoot/wrong
--- PASS: TestCheckedViewDictionaryRoot (2.48s)
    --- PASS: TestCheckedViewDictionaryRoot/good (1.27s)
    --- PASS: TestCheckedViewDictionaryRoot/wrong (1.21s)
=== RUN   TestCheckedViewDictionaryWriteGuard
--- PASS: TestCheckedViewDictionaryWriteGuard (0.37s)
=== RUN   TestCheckedViewDictionaryCompilerPaths
=== RUN   TestCheckedViewDictionaryCompilerPaths/compiler-paths-good
=== RUN   TestCheckedViewDictionaryCompilerPaths/compiler-paths-missing
=== RUN   TestCheckedViewDictionaryCompilerPaths/compiler-paths-container-wrong
    checked_view_dictionary_propagation_test.go:165: pinned exit 70: adamic: panic: field read failed: view.paths; expected MapLike<string[]> | undefined, found number
    checked_view_dictionary_propagation_test.go:165: pinned exit 70: adamic: panic: field read failed: view.paths; expected MapLike<string[]> | undefined, found number
    checked_view_dictionary_propagation_test.go:165: pinned exit 70: adamic: panic: field read failed: view.paths; expected MapLike<string[]> | undefined, found number
=== RUN   TestCheckedViewDictionaryCompilerPaths/compiler-paths-wrong
    checked_view_dictionary_propagation_test.go:165: pinned exit 70: adamic: panic: field read failed: table['item']; expected string[] | undefined, found number
    checked_view_dictionary_propagation_test.go:165: pinned exit 70: adamic: panic: field read failed: table['item']; expected string[] | undefined, found number
    checked_view_dictionary_propagation_test.go:165: pinned exit 70: adamic: panic: field read failed: table['item']; expected string[] | undefined, found number
=== RUN   TestCheckedViewDictionaryCompilerPaths/compiler-paths-element-wrong
    checked_view_dictionary_propagation_test.go:165: pinned exit 70: adamic: panic: element read failed: values[0] expected string, found number
    checked_view_dictionary_propagation_test.go:165: pinned exit 70: adamic: panic: element read failed: values[0] expected string, found number
    checked_view_dictionary_propagation_test.go:165: pinned exit 70: adamic: panic: element read failed: values[0] expected string, found number
=== RUN   TestCheckedViewDictionaryCompilerPaths/compiler-paths-key-missing
--- PASS: TestCheckedViewDictionaryCompilerPaths (6.93s)
    --- PASS: TestCheckedViewDictionaryCompilerPaths/compiler-paths-good (1.45s)
    --- PASS: TestCheckedViewDictionaryCompilerPaths/compiler-paths-missing (1.08s)
    --- PASS: TestCheckedViewDictionaryCompilerPaths/compiler-paths-container-wrong (1.18s)
    --- PASS: TestCheckedViewDictionaryCompilerPaths/compiler-paths-wrong (0.99s)
    --- PASS: TestCheckedViewDictionaryCompilerPaths/compiler-paths-element-wrong (1.00s)
    --- PASS: TestCheckedViewDictionaryCompilerPaths/compiler-paths-key-missing (1.23s)
=== RUN   TestCheckedViewDictionaryOptionalPaths
=== RUN   TestCheckedViewDictionaryOptionalPaths/optional-paths-once
=== RUN   TestCheckedViewDictionaryOptionalPaths/optional-paths-receiver-missing
=== RUN   TestCheckedViewDictionaryOptionalPaths/optional-paths-good
=== RUN   TestCheckedViewDictionaryOptionalPaths/optional-paths-missing
=== RUN   TestCheckedViewDictionaryOptionalPaths/optional-paths-container-wrong
    checked_view_dictionary_propagation_test.go:209: pinned exit 70: adamic: panic: field read failed: view?.paths; expected MapLike<string[]> | undefined, found number
    checked_view_dictionary_propagation_test.go:209: pinned exit 70: adamic: panic: field read failed: view?.paths; expected MapLike<string[]> | undefined, found number
    checked_view_dictionary_propagation_test.go:209: pinned exit 70: adamic: panic: field read failed: view?.paths; expected MapLike<string[]> | undefined, found number
=== RUN   TestCheckedViewDictionaryOptionalPaths/optional-paths-wrong
    checked_view_dictionary_propagation_test.go:209: pinned exit 70: adamic: panic: field read failed: table['item']; expected string[] | undefined, found number
    checked_view_dictionary_propagation_test.go:209: pinned exit 70: adamic: panic: field read failed: table['item']; expected string[] | undefined, found number
    checked_view_dictionary_propagation_test.go:209: pinned exit 70: adamic: panic: field read failed: table['item']; expected string[] | undefined, found number
=== RUN   TestCheckedViewDictionaryOptionalPaths/optional-paths-element-wrong
    checked_view_dictionary_propagation_test.go:209: pinned exit 70: adamic: panic: element read failed: values[0] expected string, found number
    checked_view_dictionary_propagation_test.go:209: pinned exit 70: adamic: panic: element read failed: values[0] expected string, found number
    checked_view_dictionary_propagation_test.go:209: pinned exit 70: adamic: panic: element read failed: values[0] expected string, found number
=== RUN   TestCheckedViewDictionaryOptionalPaths/optional-paths-key-missing
--- PASS: TestCheckedViewDictionaryOptionalPaths (7.06s)
    --- PASS: TestCheckedViewDictionaryOptionalPaths/optional-paths-once (1.17s)
    --- PASS: TestCheckedViewDictionaryOptionalPaths/optional-paths-receiver-missing (0.77s)
    --- PASS: TestCheckedViewDictionaryOptionalPaths/optional-paths-good (0.85s)
    --- PASS: TestCheckedViewDictionaryOptionalPaths/optional-paths-missing (0.87s)
    --- PASS: TestCheckedViewDictionaryOptionalPaths/optional-paths-container-wrong (0.82s)
    --- PASS: TestCheckedViewDictionaryOptionalPaths/optional-paths-wrong (0.86s)
    --- PASS: TestCheckedViewDictionaryOptionalPaths/optional-paths-element-wrong (0.77s)
    --- PASS: TestCheckedViewDictionaryOptionalPaths/optional-paths-key-missing (0.95s)
=== RUN   TestCheckedViewDictionarySource
=== RUN   TestCheckedViewDictionarySource/options-good
=== RUN   TestCheckedViewDictionarySource/options-read-wrong
=== RUN   TestCheckedViewDictionarySource/array-read-wrong
=== RUN   TestCheckedViewDictionarySource/options-wrong
=== RUN   TestCheckedViewDictionarySource/nested-good
=== RUN   TestCheckedViewDictionarySource/nested-wrong
=== RUN   TestCheckedViewDictionarySource/array-wrong
--- PASS: TestCheckedViewDictionarySource (6.05s)
    --- PASS: TestCheckedViewDictionarySource/options-good (1.02s)
    --- PASS: TestCheckedViewDictionarySource/options-read-wrong (0.73s)
    --- PASS: TestCheckedViewDictionarySource/array-read-wrong (0.84s)
    --- PASS: TestCheckedViewDictionarySource/options-wrong (0.95s)
    --- PASS: TestCheckedViewDictionarySource/nested-good (0.91s)
    --- PASS: TestCheckedViewDictionarySource/nested-wrong (0.85s)
    --- PASS: TestCheckedViewDictionarySource/array-wrong (0.75s)
=== RUN   TestCheckedViewDictionarySourceMutants
=== RUN   TestCheckedViewDictionarySourceMutants/skip-check
    checked_view_dictionary_source_test.go:84: pinned source read catches skip-check: exit=0 stdout="object\n" stderr=""
    checked_view_dictionary_source_test.go:84: pinned source read catches skip-check: exit=0 stdout="object\n" stderr=""
=== RUN   TestCheckedViewDictionarySourceMutants/accept-wrong-shape
    checked_view_dictionary_source_test.go:84: pinned source read catches accept-wrong-shape: exit=0 stdout="object\n" stderr=""
    checked_view_dictionary_source_test.go:84: pinned source read catches accept-wrong-shape: exit=0 stdout="object\n" stderr=""
=== RUN   TestCheckedViewDictionarySourceMutants/drop-transitive-check
    checked_view_dictionary_source_test.go:84: pinned source read catches drop-transitive-check: exit=0 stdout="42\n" stderr=""
    checked_view_dictionary_source_test.go:84: pinned source read catches drop-transitive-check: exit=0 stdout="42\n" stderr=""
--- PASS: TestCheckedViewDictionarySourceMutants (1.57s)
    --- PASS: TestCheckedViewDictionarySourceMutants/skip-check (0.50s)
    --- PASS: TestCheckedViewDictionarySourceMutants/accept-wrong-shape (0.60s)
    --- PASS: TestCheckedViewDictionarySourceMutants/drop-transitive-check (0.47s)
=== RUN   TestCheckedViewDictionaryStorageMutants
=== RUN   TestCheckedViewDictionaryStorageMutants/skip-check
    checked_view_dictionary_source_test.go:126: pinned source read catches skip-check: exit=0 stdout="object\n" stderr=""
    checked_view_dictionary_source_test.go:126: pinned source read catches skip-check: exit=0 stdout="object\n" stderr=""
=== RUN   TestCheckedViewDictionaryStorageMutants/accept-wrong-shape
    checked_view_dictionary_source_test.go:126: pinned source read catches accept-wrong-shape: exit=0 stdout="object\n" stderr=""
    checked_view_dictionary_source_test.go:126: pinned source read catches accept-wrong-shape: exit=0 stdout="object\n" stderr=""
=== RUN   TestCheckedViewDictionaryStorageMutants/drop-transitive-check
    checked_view_dictionary_source_test.go:126: pinned source read catches drop-transitive-check: exit=0 stdout="42\n" stderr=""
    checked_view_dictionary_source_test.go:126: pinned source read catches drop-transitive-check: exit=0 stdout="42\n" stderr=""
--- PASS: TestCheckedViewDictionaryStorageMutants (1.50s)
    --- PASS: TestCheckedViewDictionaryStorageMutants/skip-check (0.48s)
    --- PASS: TestCheckedViewDictionaryStorageMutants/accept-wrong-shape (0.51s)
    --- PASS: TestCheckedViewDictionaryStorageMutants/drop-transitive-check (0.51s)
=== RUN   TestCheckedViewDictionaryStorage
=== RUN   TestCheckedViewDictionaryStorage/mutable-good
=== RUN   TestCheckedViewDictionaryStorage/mutable-wrong
=== RUN   TestCheckedViewDictionaryStorage/array-shape-wrong
=== RUN   TestCheckedViewDictionaryStorage/union-shape-wrong
=== RUN   TestCheckedViewDictionaryStorage/number-good
=== RUN   TestCheckedViewDictionaryStorage/number-wrong
=== RUN   TestCheckedViewDictionaryStorage/boolean-good
=== RUN   TestCheckedViewDictionaryStorage/boolean-wrong
=== RUN   TestCheckedViewDictionaryStorage/string-good
=== RUN   TestCheckedViewDictionaryStorage/union-good
=== RUN   TestCheckedViewDictionaryStorage/partial-good
=== RUN   TestCheckedViewDictionaryStorage/partial-wrong
=== RUN   TestCheckedViewDictionaryStorage/object-good
=== RUN   TestCheckedViewDictionaryStorage/object-wrong
=== RUN   TestCheckedViewDictionaryStorage/array-good
=== RUN   TestCheckedViewDictionaryStorage/array-wrong
--- PASS: TestCheckedViewDictionaryStorage (15.46s)
    --- PASS: TestCheckedViewDictionaryStorage/mutable-good (1.03s)
    --- PASS: TestCheckedViewDictionaryStorage/mutable-wrong (1.10s)
    --- PASS: TestCheckedViewDictionaryStorage/array-shape-wrong (0.96s)
    --- PASS: TestCheckedViewDictionaryStorage/union-shape-wrong (0.94s)
    --- PASS: TestCheckedViewDictionaryStorage/number-good (0.90s)
    --- PASS: TestCheckedViewDictionaryStorage/number-wrong (1.03s)
    --- PASS: TestCheckedViewDictionaryStorage/boolean-good (0.94s)
    --- PASS: TestCheckedViewDictionaryStorage/boolean-wrong (1.06s)
    --- PASS: TestCheckedViewDictionaryStorage/string-good (1.17s)
    --- PASS: TestCheckedViewDictionaryStorage/union-good (0.99s)
    --- PASS: TestCheckedViewDictionaryStorage/partial-good (1.00s)
    --- PASS: TestCheckedViewDictionaryStorage/partial-wrong (0.90s)
    --- PASS: TestCheckedViewDictionaryStorage/object-good (0.90s)
    --- PASS: TestCheckedViewDictionaryStorage/object-wrong (0.83s)
    --- PASS: TestCheckedViewDictionaryStorage/array-good (0.79s)
    --- PASS: TestCheckedViewDictionaryStorage/array-wrong (0.90s)
=== RUN   TestCheckedViewDictionaryProducerCertificateMutant
    checked_view_dictionary_storage_test.go:83: wrong producer certificate caught only by record storage check, exit 70
--- PASS: TestCheckedViewDictionaryProducerCertificateMutant (0.35s)
=== RUN   TestCheckedViewRankedArrayCounts
--- PASS: TestCheckedViewRankedArrayCounts (14.43s)
=== RUN   TestCheckedViewNodeArrayRecords
=== PAUSE TestCheckedViewNodeArrayRecords
=== RUN   TestCheckedViewArrayReferenceWrites
=== PAUSE TestCheckedViewArrayReferenceWrites
=== RUN   TestCheckedViewArraySearch
=== PAUSE TestCheckedViewArraySearch
=== RUN   TestCheckedViewNativeArrays
=== PAUSE TestCheckedViewNativeArrays
=== RUN   TestCheckedViewArrays
=== PAUSE TestCheckedViewArrays
=== RUN   TestCheckedViewCallableCanonicalWitness
=== RUN   TestCheckedViewCallableCanonicalWitness/good
=== RUN   TestCheckedViewCallableCanonicalWitness/wrong-value
=== RUN   TestCheckedViewCallableCanonicalWitness/wrong-arity
=== RUN   TestCheckedViewCallableCanonicalWitness/wrong-result
--- PASS: TestCheckedViewCallableCanonicalWitness (2.88s)
    --- PASS: TestCheckedViewCallableCanonicalWitness/good (1.02s)
    --- PASS: TestCheckedViewCallableCanonicalWitness/wrong-value (0.75s)
    --- PASS: TestCheckedViewCallableCanonicalWitness/wrong-arity (0.65s)
    --- PASS: TestCheckedViewCallableCanonicalWitness/wrong-result (0.46s)
=== RUN   TestCheckedViewCallableWatcherWitness
=== RUN   TestCheckedViewCallableWatcherWitness/good
=== RUN   TestCheckedViewCallableWatcherWitness/wrong-value
=== RUN   TestCheckedViewCallableWatcherWitness/wrong-arity
=== RUN   TestCheckedViewCallableWatcherWitness/wrong-result
--- PASS: TestCheckedViewCallableWatcherWitness (1.84s)
    --- PASS: TestCheckedViewCallableWatcherWitness/good (0.46s)
    --- PASS: TestCheckedViewCallableWatcherWitness/wrong-value (0.47s)
    --- PASS: TestCheckedViewCallableWatcherWitness/wrong-arity (0.47s)
    --- PASS: TestCheckedViewCallableWatcherWitness/wrong-result (0.45s)
=== RUN   TestCheckedViewCallablePendingBoundaries
=== RUN   TestCheckedViewCallablePendingBoundaries/debug-assert-contract
=== RUN   TestCheckedViewCallablePendingBoundaries/intrinsic-member-read
--- PASS: TestCheckedViewCallablePendingBoundaries (0.31s)
    --- PASS: TestCheckedViewCallablePendingBoundaries/debug-assert-contract (0.15s)
    --- PASS: TestCheckedViewCallablePendingBoundaries/intrinsic-member-read (0.16s)
=== RUN   TestCheckedViewCallableNullableArity
--- PASS: TestCheckedViewCallableNullableArity (0.51s)
=== RUN   TestCheckedViewCallableContractControl
=== PAUSE TestCheckedViewCallableContractControl
=== RUN   TestCheckedViewCallableCounts
--- PASS: TestCheckedViewCallableCounts (9.51s)
=== RUN   TestCheckedViewCallableScalarWitnesses
=== RUN   TestCheckedViewCallableScalarWitnesses/scanner/good
=== RUN   TestCheckedViewCallableScalarWitnesses/scanner/wrong-value
=== RUN   TestCheckedViewCallableScalarWitnesses/scanner/wrong-arity
=== RUN   TestCheckedViewCallableScalarWitnesses/scanner/wrong-result
=== RUN   TestCheckedViewCallableScalarWitnesses/performance/good
=== RUN   TestCheckedViewCallableScalarWitnesses/performance/wrong-value
=== RUN   TestCheckedViewCallableScalarWitnesses/performance/wrong-arity
=== RUN   TestCheckedViewCallableScalarWitnesses/performance/wrong-result
--- PASS: TestCheckedViewCallableScalarWitnesses (9.97s)
    --- PASS: TestCheckedViewCallableScalarWitnesses/scanner/good (1.12s)
    --- PASS: TestCheckedViewCallableScalarWitnesses/scanner/wrong-value (1.36s)
    --- PASS: TestCheckedViewCallableScalarWitnesses/scanner/wrong-arity (1.23s)
    --- PASS: TestCheckedViewCallableScalarWitnesses/scanner/wrong-result (1.31s)
    --- PASS: TestCheckedViewCallableScalarWitnesses/performance/good (1.27s)
    --- PASS: TestCheckedViewCallableScalarWitnesses/performance/wrong-value (1.29s)
    --- PASS: TestCheckedViewCallableScalarWitnesses/performance/wrong-arity (1.05s)
    --- PASS: TestCheckedViewCallableScalarWitnesses/performance/wrong-result (1.34s)
=== RUN   TestCheckedViewCallableMixedResultBoundary
--- PASS: TestCheckedViewCallableMixedResultBoundary (0.53s)
=== RUN   TestCheckedViewCallableSourceContracts
=== RUN   TestCheckedViewCallableSourceContracts/number-good
=== RUN   TestCheckedViewCallableSourceContracts/number-wrong-value
=== RUN   TestCheckedViewCallableSourceContracts/number-wrong-arity
=== RUN   TestCheckedViewCallableSourceContracts/optional-absent
--- PASS: TestCheckedViewCallableSourceContracts (4.01s)
    --- PASS: TestCheckedViewCallableSourceContracts/number-good (1.38s)
    --- PASS: TestCheckedViewCallableSourceContracts/number-wrong-value (1.33s)
    --- PASS: TestCheckedViewCallableSourceContracts/number-wrong-arity (0.75s)
    --- PASS: TestCheckedViewCallableSourceContracts/optional-absent (0.55s)
=== RUN   TestCheckedViewCallableDirectoryPairs
=== RUN   TestCheckedViewCallableDirectoryPairs/getCurrentDirectory/good
=== RUN   TestCheckedViewCallableDirectoryPairs/getCurrentDirectory/wrong-value
=== RUN   TestCheckedViewCallableDirectoryPairs/getCurrentDirectory/wrong-arity
=== RUN   TestCheckedViewCallableDirectoryPairs/getCurrentDirectory/wrong-result
=== RUN   TestCheckedViewCallableDirectoryPairs/getCurrentDirectory/generic
=== RUN   TestCheckedViewCallableDirectoryPairs/getCurrentDirectory/callback
=== RUN   TestCheckedViewCallableDirectoryPairs/getCurrentDirectory/stored
=== RUN   TestCheckedViewCallableDirectoryPairs/getCurrentDirectory/direct-good
=== RUN   TestCheckedViewCallableDirectoryPairs/getCurrentDirectory/direct-arity
=== RUN   TestCheckedViewCallableDirectoryPairs/getCommonSourceDirectory/good
=== RUN   TestCheckedViewCallableDirectoryPairs/getCommonSourceDirectory/wrong-value
=== RUN   TestCheckedViewCallableDirectoryPairs/getCommonSourceDirectory/wrong-arity
=== RUN   TestCheckedViewCallableDirectoryPairs/getCommonSourceDirectory/wrong-result
=== RUN   TestCheckedViewCallableDirectoryPairs/getCommonSourceDirectory/generic
=== RUN   TestCheckedViewCallableDirectoryPairs/getCommonSourceDirectory/callback
=== RUN   TestCheckedViewCallableDirectoryPairs/getCommonSourceDirectory/stored
=== RUN   TestCheckedViewCallableDirectoryPairs/getCommonSourceDirectory/direct-good
=== RUN   TestCheckedViewCallableDirectoryPairs/getCommonSourceDirectory/direct-arity
--- PASS: TestCheckedViewCallableDirectoryPairs (8.98s)
    --- PASS: TestCheckedViewCallableDirectoryPairs/getCurrentDirectory/good (0.51s)
    --- PASS: TestCheckedViewCallableDirectoryPairs/getCurrentDirectory/wrong-value (0.50s)
    --- PASS: TestCheckedViewCallableDirectoryPairs/getCurrentDirectory/wrong-arity (0.45s)
    --- PASS: TestCheckedViewCallableDirectoryPairs/getCurrentDirectory/wrong-result (0.51s)
    --- PASS: TestCheckedViewCallableDirectoryPairs/getCurrentDirectory/generic (0.48s)
    --- PASS: TestCheckedViewCallableDirectoryPairs/getCurrentDirectory/callback (0.52s)
    --- PASS: TestCheckedViewCallableDirectoryPairs/getCurrentDirectory/stored (0.49s)
    --- PASS: TestCheckedViewCallableDirectoryPairs/getCurrentDirectory/direct-good (0.53s)
    --- PASS: TestCheckedViewCallableDirectoryPairs/getCurrentDirectory/direct-arity (0.48s)
    --- PASS: TestCheckedViewCallableDirectoryPairs/getCommonSourceDirectory/good (0.54s)
    --- PASS: TestCheckedViewCallableDirectoryPairs/getCommonSourceDirectory/wrong-value (0.44s)
    --- PASS: TestCheckedViewCallableDirectoryPairs/getCommonSourceDirectory/wrong-arity (0.45s)
    --- PASS: TestCheckedViewCallableDirectoryPairs/getCommonSourceDirectory/wrong-result (0.48s)
    --- PASS: TestCheckedViewCallableDirectoryPairs/getCommonSourceDirectory/generic (0.51s)
    --- PASS: TestCheckedViewCallableDirectoryPairs/getCommonSourceDirectory/callback (0.57s)
    --- PASS: TestCheckedViewCallableDirectoryPairs/getCommonSourceDirectory/stored (0.51s)
    --- PASS: TestCheckedViewCallableDirectoryPairs/getCommonSourceDirectory/direct-good (0.48s)
    --- PASS: TestCheckedViewCallableDirectoryPairs/getCommonSourceDirectory/direct-arity (0.53s)
=== RUN   TestCheckedViewCallableMarker
=== RUN   TestCheckedViewCallableMarker/parser-cache
=== RUN   TestCheckedViewCallableMarker/discarded
=== RUN   TestCheckedViewCallableMarker/discarded-wrong-arity
=== RUN   TestCheckedViewCallableMarker/write-back
=== RUN   TestCheckedViewCallableMarker/discarded-required
=== RUN   TestCheckedViewCallableMarker/stored-call
--- PASS: TestCheckedViewCallableMarker (2.62s)
    --- PASS: TestCheckedViewCallableMarker/parser-cache (0.48s)
    --- PASS: TestCheckedViewCallableMarker/discarded (0.55s)
    --- PASS: TestCheckedViewCallableMarker/discarded-wrong-arity (0.49s)
    --- PASS: TestCheckedViewCallableMarker/write-back (0.14s)
    --- PASS: TestCheckedViewCallableMarker/discarded-required (0.51s)
    --- PASS: TestCheckedViewCallableMarker/stored-call (0.45s)
=== RUN   TestCheckedViewCallableMethods
=== RUN   TestCheckedViewCallableMethods/method-good
=== RUN   TestCheckedViewCallableMethods/method-wrong-arity
=== RUN   TestCheckedViewCallableMethods/method-wrong-result
--- PASS: TestCheckedViewCallableMethods (1.71s)
    --- PASS: TestCheckedViewCallableMethods/method-good (0.60s)
    --- PASS: TestCheckedViewCallableMethods/method-wrong-arity (0.56s)
    --- PASS: TestCheckedViewCallableMethods/method-wrong-result (0.55s)
=== RUN   TestCheckedViewStoredMarkerCalls
=== RUN   TestCheckedViewStoredMarkerCalls/boolean
=== RUN   TestCheckedViewStoredMarkerCalls/number
=== RUN   TestCheckedViewStoredMarkerCalls/string
=== RUN   TestCheckedViewStoredMarkerCalls/object
=== RUN   TestCheckedViewStoredMarkerCalls/array
=== RUN   TestCheckedViewStoredMarkerCalls/record
=== RUN   TestCheckedViewStoredMarkerCalls/void
=== RUN   TestCheckedViewStoredMarkerCalls/wrong-arity
=== RUN   TestCheckedViewStoredMarkerCalls/field-good
=== RUN   TestCheckedViewStoredMarkerCalls/observed
--- PASS: TestCheckedViewStoredMarkerCalls (4.57s)
    --- PASS: TestCheckedViewStoredMarkerCalls/boolean (0.51s)
    --- PASS: TestCheckedViewStoredMarkerCalls/number (0.48s)
    --- PASS: TestCheckedViewStoredMarkerCalls/string (0.56s)
    --- PASS: TestCheckedViewStoredMarkerCalls/object (0.42s)
    --- PASS: TestCheckedViewStoredMarkerCalls/array (0.46s)
    --- PASS: TestCheckedViewStoredMarkerCalls/record (0.47s)
    --- PASS: TestCheckedViewStoredMarkerCalls/void (0.47s)
    --- PASS: TestCheckedViewStoredMarkerCalls/wrong-arity (0.44s)
    --- PASS: TestCheckedViewStoredMarkerCalls/field-good (0.48s)
    --- PASS: TestCheckedViewStoredMarkerCalls/observed (0.28s)
=== RUN   TestCheckedViewCallables
=== PAUSE TestCheckedViewCallables
=== RUN   TestCheckedViewOpaqueSignature
=== PAUSE TestCheckedViewOpaqueSignature
=== RUN   TestCheckedViewGenericArrayCast
=== PAUSE TestCheckedViewGenericArrayCast
=== RUN   TestCheckedViewSameMap
--- PASS: TestCheckedViewSameMap (0.51s)
=== RUN   TestCheckedViewParserReturns
=== RUN   TestCheckedViewParserReturns/native-same-map-return-cast
=== RUN   TestCheckedViewParserReturns/native-sorted-empty-conditional
=== RUN   TestCheckedViewParserReturns/optional-sort
--- PASS: TestCheckedViewParserReturns (1.28s)
    --- PASS: TestCheckedViewParserReturns/native-same-map-return-cast (0.39s)
    --- PASS: TestCheckedViewParserReturns/native-sorted-empty-conditional (0.45s)
    --- PASS: TestCheckedViewParserReturns/optional-sort (0.44s)
=== RUN   TestCheckedViewDictionaryComponents
=== PAUSE TestCheckedViewDictionaryComponents
=== RUN   TestCheckedViewDictionaryComponentMutants
=== PAUSE TestCheckedViewDictionaryComponentMutants
=== RUN   TestCheckedViewDictionaryJavaScriptGuards
=== PAUSE TestCheckedViewDictionaryJavaScriptGuards
=== RUN   TestCheckedViewDictionaryNativeStorageGuard
=== PAUSE TestCheckedViewDictionaryNativeStorageGuard
=== RUN   TestCheckedViewShapeErasure
=== RUN   TestCheckedViewShapeErasure/proven
=== RUN   TestCheckedViewShapeErasure/proven-property
=== RUN   TestCheckedViewShapeErasure/nonconforming-property
    checked_views_erasure_test.go:38: mutant exit=0 stdout="true\nfalse\n"
    checked_views_erasure_test.go:38: mutant exit=0 stdout="true\n0\n"
    checked_views_erasure_test.go:43: unsafe erasure mutant caught by pinned output and exit with valid release C
=== RUN   TestCheckedViewShapeErasure/nonconforming
    checked_views_erasure_test.go:38: mutant exit=0 stdout="true\nfalse\n"
    checked_views_erasure_test.go:38: mutant exit=0 stdout="true\n0\n"
    checked_views_erasure_test.go:43: unsafe erasure mutant caught by pinned output and exit with valid release C
=== RUN   TestCheckedViewShapeErasure/uninitialized
    checked_views_erasure_test.go:38: mutant exit=0 stdout="false\n"
    checked_views_erasure_test.go:38: mutant exit=0 stdout="false\n"
    checked_views_erasure_test.go:43: unsafe erasure mutant caught by pinned output and exit with valid release C
--- PASS: TestCheckedViewShapeErasure (2.21s)
    --- PASS: TestCheckedViewShapeErasure/proven (0.39s)
    --- PASS: TestCheckedViewShapeErasure/proven-property (0.43s)
    --- PASS: TestCheckedViewShapeErasure/nonconforming-property (0.50s)
    --- PASS: TestCheckedViewShapeErasure/nonconforming (0.48s)
    --- PASS: TestCheckedViewShapeErasure/uninitialized (0.42s)
=== RUN   TestCheckedViewInterfaces
=== RUN   TestCheckedViewInterfaces/interfaces-good
=== RUN   TestCheckedViewInterfaces/interfaces-missing-inherited
=== RUN   TestCheckedViewInterfaces/interfaces-wrong-inherited
=== RUN   TestCheckedViewInterfaces/interfaces-uninitialized-object
--- PASS: TestCheckedViewInterfaces (1.67s)
    --- PASS: TestCheckedViewInterfaces/interfaces-good (0.45s)
    --- PASS: TestCheckedViewInterfaces/interfaces-missing-inherited (0.38s)
    --- PASS: TestCheckedViewInterfaces/interfaces-wrong-inherited (0.49s)
    --- PASS: TestCheckedViewInterfaces/interfaces-uninitialized-object (0.35s)
=== RUN   TestCheckedViewIntersectionOriginalPairs
=== RUN   TestCheckedViewIntersectionOriginalPairs/tracker-good
=== RUN   TestCheckedViewIntersectionOriginalPairs/tracker-helpers-good
=== RUN   TestCheckedViewIntersectionOriginalPairs/tracker-absent
=== RUN   TestCheckedViewIntersectionOriginalPairs/tracker-undefined
=== RUN   TestCheckedViewIntersectionOriginalPairs/tracker-wrong
=== RUN   TestCheckedViewIntersectionOriginalPairs/tracker-helpers-wrong
=== RUN   TestCheckedViewIntersectionOriginalPairs/tracker-missing
=== RUN   TestCheckedViewIntersectionOriginalPairs/tracker-root-wrong
--- PASS: TestCheckedViewIntersectionOriginalPairs (5.86s)
    --- PASS: TestCheckedViewIntersectionOriginalPairs/tracker-good (0.70s)
    --- PASS: TestCheckedViewIntersectionOriginalPairs/tracker-helpers-good (0.72s)
    --- PASS: TestCheckedViewIntersectionOriginalPairs/tracker-absent (0.66s)
    --- PASS: TestCheckedViewIntersectionOriginalPairs/tracker-undefined (0.80s)
    --- PASS: TestCheckedViewIntersectionOriginalPairs/tracker-wrong (0.75s)
    --- PASS: TestCheckedViewIntersectionOriginalPairs/tracker-helpers-wrong (0.74s)
    --- PASS: TestCheckedViewIntersectionOriginalPairs/tracker-missing (0.75s)
    --- PASS: TestCheckedViewIntersectionOriginalPairs/tracker-root-wrong (0.74s)
=== RUN   TestCheckedViewIntersectionRequiredUndefinedPresence
=== RUN   TestCheckedViewIntersectionRequiredUndefinedPresence/finite-missing
=== RUN   TestCheckedViewIntersectionRequiredUndefinedPresence/finite-undefined
=== RUN   TestCheckedViewIntersectionRequiredUndefinedPresence/recursive-missing
=== RUN   TestCheckedViewIntersectionRequiredUndefinedPresence/recursive-undefined
--- PASS: TestCheckedViewIntersectionRequiredUndefinedPresence (1.90s)
    --- PASS: TestCheckedViewIntersectionRequiredUndefinedPresence/finite-missing (0.43s)
    --- PASS: TestCheckedViewIntersectionRequiredUndefinedPresence/finite-undefined (0.49s)
    --- PASS: TestCheckedViewIntersectionRequiredUndefinedPresence/recursive-missing (0.48s)
    --- PASS: TestCheckedViewIntersectionRequiredUndefinedPresence/recursive-undefined (0.50s)
=== RUN   TestCheckedViewIntersectionConjunction
=== RUN   TestCheckedViewIntersectionConjunction/good
=== RUN   TestCheckedViewIntersectionConjunction/wrong
=== RUN   TestCheckedViewIntersectionConjunction/nested
=== RUN   TestCheckedViewIntersectionConjunction/absent
--- PASS: TestCheckedViewIntersectionConjunction (0.64s)
    --- PASS: TestCheckedViewIntersectionConjunction/good (0.15s)
    --- PASS: TestCheckedViewIntersectionConjunction/wrong (0.14s)
    --- PASS: TestCheckedViewIntersectionConjunction/nested (0.13s)
    --- PASS: TestCheckedViewIntersectionConjunction/absent (0.15s)
=== RUN   TestCheckedViewIntersectionComponentMutants
=== RUN   TestCheckedViewIntersectionComponentMutants/skip_check
    checked_views_intersections_test.go:80: component refusal pin catches mutant: exit 0, stdout "name:true\n"
    checked_views_intersections_test.go:80: component refusal pin catches mutant: exit 0, stdout "name:true\n"
=== RUN   TestCheckedViewIntersectionComponentMutants/accept_wrong_shape
    checked_views_intersections_test.go:80: component refusal pin catches mutant: exit 0, stdout "name:true\n"
    checked_views_intersections_test.go:80: component refusal pin catches mutant: exit 0, stdout "name:true\n"
=== RUN   TestCheckedViewIntersectionComponentMutants/drop_nested_adapter
    checked_views_intersections_test.go:80: component refusal pin catches mutant: exit 0, stdout "name:bad\n"
    checked_views_intersections_test.go:80: component refusal pin catches mutant: exit 0, stdout "name:bad\n"
--- PASS: TestCheckedViewIntersectionComponentMutants (0.32s)
    --- PASS: TestCheckedViewIntersectionComponentMutants/skip_check (0.11s)
    --- PASS: TestCheckedViewIntersectionComponentMutants/accept_wrong_shape (0.10s)
    --- PASS: TestCheckedViewIntersectionComponentMutants/drop_nested_adapter (0.11s)
=== RUN   TestCheckedViewIntersectionSource
=== RUN   TestCheckedViewIntersectionSource/emit-good
=== RUN   TestCheckedViewIntersectionSource/emit-absent
=== RUN   TestCheckedViewIntersectionSource/emit-wrong
=== RUN   TestCheckedViewIntersectionSource/emit-nested
=== RUN   TestCheckedViewIntersectionSource/emit-root-wrong
=== RUN   TestCheckedViewIntersectionSource/emit-root-nested
=== RUN   TestCheckedViewIntersectionSource/brand-good
=== RUN   TestCheckedViewIntersectionSource/brand-wrong
=== RUN   TestCheckedViewIntersectionSource/duplicate-good
=== RUN   TestCheckedViewIntersectionSource/duplicate-absent
=== RUN   TestCheckedViewIntersectionSource/duplicate-wrong
=== RUN   TestCheckedViewIntersectionSource/duplicate-literal
=== RUN   TestCheckedViewIntersectionSource/good
=== RUN   TestCheckedViewIntersectionSource/absent
=== RUN   TestCheckedViewIntersectionSource/wrong
=== RUN   TestCheckedViewIntersectionSource/nested
--- PASS: TestCheckedViewIntersectionSource (7.02s)
    --- PASS: TestCheckedViewIntersectionSource/emit-good (0.46s)
    --- PASS: TestCheckedViewIntersectionSource/emit-absent (0.42s)
    --- PASS: TestCheckedViewIntersectionSource/emit-wrong (0.42s)
    --- PASS: TestCheckedViewIntersectionSource/emit-nested (0.46s)
    --- PASS: TestCheckedViewIntersectionSource/emit-root-wrong (0.44s)
    --- PASS: TestCheckedViewIntersectionSource/emit-root-nested (0.46s)
    --- PASS: TestCheckedViewIntersectionSource/brand-good (0.42s)
    --- PASS: TestCheckedViewIntersectionSource/brand-wrong (0.41s)
    --- PASS: TestCheckedViewIntersectionSource/duplicate-good (0.46s)
    --- PASS: TestCheckedViewIntersectionSource/duplicate-absent (0.46s)
    --- PASS: TestCheckedViewIntersectionSource/duplicate-wrong (0.43s)
    --- PASS: TestCheckedViewIntersectionSource/duplicate-literal (0.44s)
    --- PASS: TestCheckedViewIntersectionSource/good (0.43s)
    --- PASS: TestCheckedViewIntersectionSource/absent (0.45s)
    --- PASS: TestCheckedViewIntersectionSource/wrong (0.42s)
    --- PASS: TestCheckedViewIntersectionSource/nested (0.44s)
=== RUN   TestCheckedViewIntersectionProductionMutants
=== RUN   TestCheckedViewIntersectionProductionMutants/skip
    checked_views_intersections_test.go:213: production refusal pin catches skip mutant: exit=0 stdout="true\n"
    checked_views_intersections_test.go:213: production refusal pin catches skip mutant: exit=0 stdout="true\n"
=== RUN   TestCheckedViewIntersectionProductionMutants/shape
    checked_views_intersections_test.go:213: production refusal pin catches shape mutant: exit=0 stdout="true\n"
    checked_views_intersections_test.go:213: production refusal pin catches shape mutant: exit=0 stdout="true\n"
=== RUN   TestCheckedViewIntersectionProductionMutants/nested
    checked_views_intersections_test.go:213: production refusal pin catches nested mutant: exit=0 stdout="true\n"
    checked_views_intersections_test.go:213: production refusal pin catches nested mutant: exit=0 stdout="true\n"
--- PASS: TestCheckedViewIntersectionProductionMutants (0.47s)
    --- PASS: TestCheckedViewIntersectionProductionMutants/skip (0.16s)
    --- PASS: TestCheckedViewIntersectionProductionMutants/shape (0.15s)
    --- PASS: TestCheckedViewIntersectionProductionMutants/nested (0.16s)
=== RUN   TestCheckedViewIntersectionRootConjunctionProbe
--- PASS: TestCheckedViewIntersectionRootConjunctionProbe (0.23s)
=== RUN   TestCheckedViewIntersectionCompoundDemand
--- PASS: TestCheckedViewIntersectionCompoundDemand (0.35s)
=== RUN   TestCheckedViewIntersectionRecursiveDemand
=== RUN   TestCheckedViewIntersectionRecursiveDemand/recursive-good
=== RUN   TestCheckedViewIntersectionRecursiveDemand/recursive-absent
=== RUN   TestCheckedViewIntersectionRecursiveDemand/recursive-optional-absent
=== RUN   TestCheckedViewIntersectionRecursiveDemand/recursive-null-root-absent
=== RUN   TestCheckedViewIntersectionRecursiveDemand/recursive-null-root-wrong
=== RUN   TestCheckedViewIntersectionRecursiveDemand/recursive-optional-root
=== RUN   TestCheckedViewIntersectionRecursiveDemand/recursive-literal-good
=== RUN   TestCheckedViewIntersectionRecursiveDemand/recursive-literal-wrong
=== RUN   TestCheckedViewIntersectionRecursiveDemand/recursive-number-literal
=== RUN   TestCheckedViewIntersectionRecursiveDemand/recursive-boolean-literal
=== RUN   TestCheckedViewIntersectionRecursiveDemand/recursive-read
=== RUN   TestCheckedViewIntersectionRecursiveDemand/recursive-deep-wrong
=== RUN   TestCheckedViewIntersectionRecursiveDemand/recursive-missing
=== RUN   TestCheckedViewIntersectionRecursiveDemand/recursive-object-wrong
--- PASS: TestCheckedViewIntersectionRecursiveDemand (5.94s)
    --- PASS: TestCheckedViewIntersectionRecursiveDemand/recursive-good (0.48s)
    --- PASS: TestCheckedViewIntersectionRecursiveDemand/recursive-absent (0.41s)
    --- PASS: TestCheckedViewIntersectionRecursiveDemand/recursive-optional-absent (0.43s)
    --- PASS: TestCheckedViewIntersectionRecursiveDemand/recursive-null-root-absent (0.43s)
    --- PASS: TestCheckedViewIntersectionRecursiveDemand/recursive-null-root-wrong (0.39s)
    --- PASS: TestCheckedViewIntersectionRecursiveDemand/recursive-optional-root (0.39s)
    --- PASS: TestCheckedViewIntersectionRecursiveDemand/recursive-literal-good (0.41s)
    --- PASS: TestCheckedViewIntersectionRecursiveDemand/recursive-literal-wrong (0.40s)
    --- PASS: TestCheckedViewIntersectionRecursiveDemand/recursive-number-literal (0.40s)
    --- PASS: TestCheckedViewIntersectionRecursiveDemand/recursive-boolean-literal (0.41s)
    --- PASS: TestCheckedViewIntersectionRecursiveDemand/recursive-read (0.40s)
    --- PASS: TestCheckedViewIntersectionRecursiveDemand/recursive-deep-wrong (0.41s)
    --- PASS: TestCheckedViewIntersectionRecursiveDemand/recursive-missing (0.39s)
    --- PASS: TestCheckedViewIntersectionRecursiveDemand/recursive-object-wrong (0.39s)
=== RUN   TestCheckedViewIntersectionSelectedArms
=== RUN   TestCheckedViewIntersectionSelectedArms/leading-access-identifier
=== RUN   TestCheckedViewIntersectionSelectedArms/leading-access-element
=== RUN   TestCheckedViewIntersectionSelectedArms/leading-access-property
=== RUN   TestCheckedViewIntersectionSelectedArms/leading-access-wrong
=== RUN   TestCheckedViewIntersectionSelectedArms/leading-access-unknown-tag
=== RUN   TestCheckedViewIntersectionSelectedArms/leading-access-missing
=== RUN   TestCheckedViewIntersectionSelectedArms/compound-read
--- PASS: TestCheckedViewIntersectionSelectedArms (2.96s)
    --- PASS: TestCheckedViewIntersectionSelectedArms/leading-access-identifier (0.43s)
    --- PASS: TestCheckedViewIntersectionSelectedArms/leading-access-element (0.44s)
    --- PASS: TestCheckedViewIntersectionSelectedArms/leading-access-property (0.45s)
    --- PASS: TestCheckedViewIntersectionSelectedArms/leading-access-wrong (0.43s)
    --- PASS: TestCheckedViewIntersectionSelectedArms/leading-access-unknown-tag (0.42s)
    --- PASS: TestCheckedViewIntersectionSelectedArms/leading-access-missing (0.41s)
    --- PASS: TestCheckedViewIntersectionSelectedArms/compound-read (0.38s)
=== RUN   TestCheckedViewLazyUnread
=== RUN   TestCheckedViewLazyUnread/unread
=== RUN   TestCheckedViewLazyUnread/unread-untagged
=== RUN   TestCheckedViewLazyUnread/unread-mixed
=== RUN   TestCheckedViewLazyUnread/optional-error
=== RUN   TestCheckedViewLazyUnread/optional-error-fields
--- PASS: TestCheckedViewLazyUnread (2.32s)
    --- PASS: TestCheckedViewLazyUnread/unread (0.38s)
    --- PASS: TestCheckedViewLazyUnread/unread-untagged (0.37s)
    --- PASS: TestCheckedViewLazyUnread/unread-mixed (0.39s)
    --- PASS: TestCheckedViewLazyUnread/optional-error (0.60s)
    --- PASS: TestCheckedViewLazyUnread/optional-error-fields (0.58s)
=== RUN   TestCheckedViewLazyHelperMutant
=== RUN   TestCheckedViewLazyHelperMutant/helper
=== RUN   TestCheckedViewLazyHelperMutant/generic
=== RUN   TestCheckedViewLazyHelperMutant/callback
=== RUN   TestCheckedViewLazyHelperMutant/field
--- PASS: TestCheckedViewLazyHelperMutant (1.31s)
    --- PASS: TestCheckedViewLazyHelperMutant/helper (0.32s)
    --- PASS: TestCheckedViewLazyHelperMutant/generic (0.32s)
    --- PASS: TestCheckedViewLazyHelperMutant/callback (0.34s)
    --- PASS: TestCheckedViewLazyHelperMutant/field (0.33s)
=== RUN   TestCheckedViewLazyMissingNameMutant
    checked_views_lazy_test.go:78: caught missing-name mutant: adamic: panic: field read failed: value.name is not initialized; expected string, found missing
    checked_views_lazy_test.go:78: caught missing-name mutant: adamic: panic: field read failed: value.name is not initialized; expected string, found missing
    checked_views_lazy_test.go:78: caught missing-name mutant: adamic: panic: field read failed: value.name is not initialized; expected string, found missing
--- PASS: TestCheckedViewLazyMissingNameMutant (0.37s)
=== RUN   TestCheckedViewLazyOptionalCodeMutants
=== RUN   TestCheckedViewLazyOptionalCodeMutants/number
    checked_views_lazy_test.go:100: caught optional number mutant: adamic: panic: field read failed: error.code matches no member of string | undefined; expected string | undefined, found number
    checked_views_lazy_test.go:100: caught optional number mutant: adamic: panic: field read failed: error.code matches no member of string | undefined; expected string | undefined, found number
    checked_views_lazy_test.go:100: caught optional number mutant: adamic: panic: field read failed: error.code matches no member of string | undefined; expected string | undefined, found number
=== RUN   TestCheckedViewLazyOptionalCodeMutants/null
    checked_views_lazy_test.go:100: caught optional null mutant: adamic: panic: field read failed: error.code matches no member of string | undefined; expected string | undefined, found null
    checked_views_lazy_test.go:100: caught optional null mutant: adamic: panic: field read failed: error.code matches no member of string | undefined; expected string | undefined, found null
    checked_views_lazy_test.go:100: caught optional null mutant: adamic: panic: field read failed: error.code matches no member of string | undefined; expected string | undefined, found null
--- PASS: TestCheckedViewLazyOptionalCodeMutants (0.75s)
    --- PASS: TestCheckedViewLazyOptionalCodeMutants/number (0.37s)
    --- PASS: TestCheckedViewLazyOptionalCodeMutants/null (0.37s)
=== RUN   TestCheckedViewMapCertificates
=== RUN   TestCheckedViewMapCertificates/key-schema
    checked_views_map_certificates_test.go:42: Node exit=0 stdout="object:false:false\n0\nobject:true:false\nundefined:false:true\n"; mutant=true
=== RUN   TestCheckedViewMapCertificates/readonly-covariant
    checked_views_map_certificates_test.go:42: Node exit=0 stdout="object:false:false\n2\nobject:true:false\nundefined:false:true\n"; mutant=false
=== RUN   TestCheckedViewMapCertificates/mutable-invariant
    checked_views_map_certificates_test.go:42: Node exit=0 stdout="object:false:false\n2\nobject:true:false\nundefined:false:true\n"; mutant=true
=== RUN   TestCheckedViewMapCertificates/clone
    checked_views_map_certificates_test.go:42: Node exit=0 stdout="object:false:false\n8\nobject:true:false\nundefined:false:true\n"; mutant=false
=== RUN   TestCheckedViewMapCertificates/boolean
    checked_views_map_certificates_test.go:42: Node exit=0 stdout="object:false:false\nfalse\nobject:true:false\nundefined:false:true\n"; mutant=false
=== RUN   TestCheckedViewMapCertificates/structural
    checked_views_map_certificates_test.go:42: Node exit=0 stdout="7\n"; mutant=false
=== RUN   TestCheckedViewMapCertificates/structural-schema
    checked_views_map_certificates_test.go:42: Node exit=0 stdout="seven\n"; mutant=true
=== RUN   TestCheckedViewMapCertificates/structural-covariant
    checked_views_map_certificates_test.go:42: Node exit=0 stdout="7\n"; mutant=false
=== RUN   TestCheckedViewMapCertificates/structural-payload-wrong
    checked_views_map_certificates_test.go:42: Node exit=0 stdout="1\nwrong\n"; mutant=true
=== RUN   TestCheckedViewMapCertificates/structural-mutable-invariant
    checked_views_map_certificates_test.go:42: Node exit=0 stdout="7\n"; mutant=true
=== RUN   TestCheckedViewMapCertificates/object-key
    checked_views_map_certificates_test.go:42: Node exit=0 stdout="8\n"; mutant=false
=== RUN   TestCheckedViewMapCertificates/object-key-schema
    checked_views_map_certificates_test.go:42: Node exit=0 stdout="0\n"; mutant=true
=== RUN   TestCheckedViewMapCertificates/structural-schema-unused-payload
    checked_views_map_certificates_test.go:42: Node exit=0 stdout="object\n"; mutant=true
=== RUN   TestCheckedViewMapCertificates/optional-number
    checked_views_map_certificates_test.go:42: Node exit=0 stdout="true\n9\n7\n"; mutant=false
=== RUN   TestCheckedViewMapCertificates/array
    checked_views_map_certificates_test.go:42: Node exit=0 stdout="7\n"; mutant=false
=== RUN   TestCheckedViewMapCertificates/array-schema
    checked_views_map_certificates_test.go:42: Node exit=0 stdout="seven\n"; mutant=true
=== RUN   TestCheckedViewMapCertificates/array-payload-wrong
    checked_views_map_certificates_test.go:42: Node exit=0 stdout="1\nwrong\n"; mutant=true
=== RUN   TestCheckedViewMapCertificates/array-covariant
    checked_views_map_certificates_test.go:42: Node exit=0 stdout="7\n"; mutant=false
=== RUN   TestCheckedViewMapCertificates/array-mutable-invariant
    checked_views_map_certificates_test.go:42: Node exit=0 stdout="7\n"; mutant=true
=== RUN   TestCheckedViewMapCertificates/array-mutable
    checked_views_map_certificates_test.go:42: Node exit=0 stdout="7\n"; mutant=false
=== RUN   TestCheckedViewMapCertificates/array-schema-unused-payload
    checked_views_map_certificates_test.go:42: Node exit=0 stdout="object\n"; mutant=true
=== RUN   TestCheckedViewMapCertificates/array-recursive
    checked_views_map_certificates_test.go:42: Node exit=0 stdout="0\n"; mutant=false
=== RUN   TestCheckedViewMapCertificates/node-array
    checked_views_map_certificates_test.go:42: Node exit=0 stdout="3\n7\n"; mutant=false
=== RUN   TestCheckedViewMapCertificates/node-array-own-schema
    checked_views_map_certificates_test.go:42: Node exit=0 stdout="three\n7\n"; mutant=true
=== RUN   TestCheckedViewMapCertificates/node-array-readonly-schema
    checked_views_map_certificates_test.go:42: Node exit=0 stdout="object\n"; mutant=true
=== RUN   TestCheckedViewMapCertificates/node-array-covariant
    checked_views_map_certificates_test.go:42: Node exit=0 stdout="3\n7\n"; mutant=false
=== RUN   TestCheckedViewMapCertificates/node-array-own-schema-unused-payload
    checked_views_map_certificates_test.go:42: Node exit=0 stdout="object\n"; mutant=true
=== RUN   TestCheckedViewMapCertificates/optional-array
    checked_views_map_certificates_test.go:42: Node exit=0 stdout="true\nundefined\n7\n"; mutant=false
=== RUN   TestCheckedViewMapCertificates/optional-array-schema
    checked_views_map_certificates_test.go:42: Node exit=0 stdout="object\n"; mutant=true
=== RUN   TestCheckedViewMapCertificates/optional-object
    checked_views_map_certificates_test.go:42: Node exit=0 stdout="true\nundefined\n7\n"; mutant=false
=== RUN   TestCheckedViewMapCertificates/scalar-null
    checked_views_map_certificates_test.go:42: Node exit=0 stdout="object:false:false\n8\nobject:true:false\n"; mutant=false
=== RUN   TestCheckedViewMapCertificates/scalar-null-wrong
    checked_views_map_certificates_test.go:42: Node exit=70 stdout="number:false:false\n"; mutant=true
=== RUN   TestCheckedViewMapCertificates/scalar-null-value-schema
    checked_views_map_certificates_test.go:42: Node exit=0 stdout="object:false:false\nfalse\nobject:true:false\n"; mutant=true
=== RUN   TestCheckedViewMapCertificates/scalar-null-opposite
    checked_views_map_certificates_test.go:42: Node exit=0 stdout="object:false:false\n8\nundefined:false:true\n"; mutant=true
=== RUN   TestCheckedViewMapCertificates/scalar-undefined
    checked_views_map_certificates_test.go:42: Node exit=0 stdout="object:false:false\n8\nundefined:false:true\n"; mutant=false
=== RUN   TestCheckedViewMapCertificates/scalar-undefined-wrong
    checked_views_map_certificates_test.go:42: Node exit=70 stdout="number:false:false\n"; mutant=true
=== RUN   TestCheckedViewMapCertificates/scalar-undefined-value-schema
    checked_views_map_certificates_test.go:42: Node exit=0 stdout="object:false:false\nfalse\nundefined:false:true\n"; mutant=true
=== RUN   TestCheckedViewMapCertificates/scalar-undefined-opposite
    checked_views_map_certificates_test.go:42: Node exit=0 stdout="object:false:false\n8\nobject:true:false\n"; mutant=true
=== RUN   TestCheckedViewMapCertificates/scalar-both
    checked_views_map_certificates_test.go:42: Node exit=0 stdout="object:false:false\n8\nobject:true:false\nundefined:false:true\n"; mutant=false
=== RUN   TestCheckedViewMapCertificates/scalar-both-wrong
    checked_views_map_certificates_test.go:42: Node exit=70 stdout="number:false:false\n"; mutant=true
=== RUN   TestCheckedViewMapCertificates/scalar-both-value-schema
    checked_views_map_certificates_test.go:42: Node exit=0 stdout="object:false:false\nfalse\nobject:true:false\nundefined:false:true\n"; mutant=true
=== RUN   TestCheckedViewMapCertificates/mixed-null
    checked_views_map_certificates_test.go:42: Node exit=0 stdout="object:false:false\n8\nobject:true:false\n"; mutant=false
=== RUN   TestCheckedViewMapCertificates/mixed-null-schema
    checked_views_map_certificates_test.go:42: Node exit=0 stdout="object:false:false\nfalse\nobject:true:false\n"; mutant=true
=== RUN   TestCheckedViewMapCertificates/mixed-undefined
    checked_views_map_certificates_test.go:42: Node exit=0 stdout="object:false:false\n8\nundefined:false:true\n"; mutant=false
=== RUN   TestCheckedViewMapCertificates/mixed-undefined-schema
    checked_views_map_certificates_test.go:42: Node exit=0 stdout="object:false:false\nfalse\nundefined:false:true\n"; mutant=true
=== RUN   TestCheckedViewMapCertificates/mixed-both
    checked_views_map_certificates_test.go:42: Node exit=0 stdout="object:false:false\n8\nobject:true:false\nundefined:false:true\n"; mutant=false
=== RUN   TestCheckedViewMapCertificates/mixed-both-schema
    checked_views_map_certificates_test.go:42: Node exit=0 stdout="object:false:false\nfalse\nobject:true:false\nundefined:false:true\n"; mutant=true
--- PASS: TestCheckedViewMapCertificates (26.77s)
    --- PASS: TestCheckedViewMapCertificates/key-schema (0.40s)
    --- PASS: TestCheckedViewMapCertificates/readonly-covariant (0.41s)
    --- PASS: TestCheckedViewMapCertificates/mutable-invariant (0.41s)
    --- PASS: TestCheckedViewMapCertificates/clone (0.42s)
    --- PASS: TestCheckedViewMapCertificates/boolean (0.42s)
    --- PASS: TestCheckedViewMapCertificates/structural (0.40s)
    --- PASS: TestCheckedViewMapCertificates/structural-schema (0.39s)
    --- PASS: TestCheckedViewMapCertificates/structural-covariant (0.40s)
    --- PASS: TestCheckedViewMapCertificates/structural-payload-wrong (0.41s)
    --- PASS: TestCheckedViewMapCertificates/structural-mutable-invariant (0.42s)
    --- PASS: TestCheckedViewMapCertificates/object-key (0.41s)
    --- PASS: TestCheckedViewMapCertificates/object-key-schema (0.43s)
    --- PASS: TestCheckedViewMapCertificates/structural-schema-unused-payload (0.61s)
    --- PASS: TestCheckedViewMapCertificates/optional-number (0.47s)
    --- PASS: TestCheckedViewMapCertificates/array (0.76s)
    --- PASS: TestCheckedViewMapCertificates/array-schema (0.57s)
    --- PASS: TestCheckedViewMapCertificates/array-payload-wrong (0.99s)
    --- PASS: TestCheckedViewMapCertificates/array-covariant (0.73s)
    --- PASS: TestCheckedViewMapCertificates/array-mutable-invariant (0.64s)
    --- PASS: TestCheckedViewMapCertificates/array-mutable (0.96s)
    --- PASS: TestCheckedViewMapCertificates/array-schema-unused-payload (1.22s)
    --- PASS: TestCheckedViewMapCertificates/array-recursive (0.96s)
    --- PASS: TestCheckedViewMapCertificates/node-array (0.80s)
    --- PASS: TestCheckedViewMapCertificates/node-array-own-schema (0.64s)
    --- PASS: TestCheckedViewMapCertificates/node-array-readonly-schema (0.60s)
    --- PASS: TestCheckedViewMapCertificates/node-array-covariant (0.59s)
    --- PASS: TestCheckedViewMapCertificates/node-array-own-schema-unused-payload (0.53s)
    --- PASS: TestCheckedViewMapCertificates/optional-array (0.58s)
    --- PASS: TestCheckedViewMapCertificates/optional-array-schema (0.45s)
    --- PASS: TestCheckedViewMapCertificates/optional-object (0.64s)
    --- PASS: TestCheckedViewMapCertificates/scalar-null (0.56s)
    --- PASS: TestCheckedViewMapCertificates/scalar-null-wrong (0.66s)
    --- PASS: TestCheckedViewMapCertificates/scalar-null-value-schema (0.51s)
    --- PASS: TestCheckedViewMapCertificates/scalar-null-opposite (0.40s)
    --- PASS: TestCheckedViewMapCertificates/scalar-undefined (0.40s)
    --- PASS: TestCheckedViewMapCertificates/scalar-undefined-wrong (0.40s)
    --- PASS: TestCheckedViewMapCertificates/scalar-undefined-value-schema (0.40s)
    --- PASS: TestCheckedViewMapCertificates/scalar-undefined-opposite (0.41s)
    --- PASS: TestCheckedViewMapCertificates/scalar-both (0.42s)
    --- PASS: TestCheckedViewMapCertificates/scalar-both-wrong (0.45s)
    --- PASS: TestCheckedViewMapCertificates/scalar-both-value-schema (0.46s)
    --- PASS: TestCheckedViewMapCertificates/mixed-null (0.56s)
    --- PASS: TestCheckedViewMapCertificates/mixed-null-schema (0.60s)
    --- PASS: TestCheckedViewMapCertificates/mixed-undefined (0.76s)
    --- PASS: TestCheckedViewMapCertificates/mixed-undefined-schema (0.71s)
    --- PASS: TestCheckedViewMapCertificates/mixed-both (0.67s)
    --- PASS: TestCheckedViewMapCertificates/mixed-both-schema (0.74s)
=== RUN   TestCheckedViewMapCertificateWrites
=== RUN   TestCheckedViewMapCertificateWrites/write-good
    checked_views_map_certificates_test.go:80: Node exit=0 stdout="2\n"
=== RUN   TestCheckedViewMapCertificateWrites/write-wrong
    checked_views_map_certificates_test.go:60: Node stdout="3\n"; caught existing invariant check: /workspace/adamic/stage3/interface-downcasts/nullish/maps/write-wrong.a:2:31: Adamic 0.1 refuses a value of type Map<string, 1 | 2> seen as Map<string, number>, which can write number where 1 | 2 is read; make the wider type readonly (readonly T[], ReadonlyMap, readonly fields), which can't write; or copy the value ([...items], { ...item }) (adamic/invariant-mutable)
=== RUN   TestCheckedViewMapCertificateWrites/unknown
    checked_views_map_certificates_test.go:80: Node exit=0 stdout="entry\n"
--- PASS: TestCheckedViewMapCertificateWrites (1.59s)
    --- PASS: TestCheckedViewMapCertificateWrites/write-good (0.87s)
    --- PASS: TestCheckedViewMapCertificateWrites/write-wrong (0.17s)
    --- PASS: TestCheckedViewMapCertificateWrites/unknown (0.55s)
=== RUN   TestCheckedViewMapPhantomRefusal
    checked_views_map_certificates_test.go:95: Node stdout="object\n"; caught unsupported brand at read: /workspace/adamic/stage3/interface-downcasts/nullish/maps/phantom-refused.a:5:52: Adamic 0.1 refuses checked view read of field value with unsupported Map key/value certificate contract; prove or implement the Map key/value certificate contract before reading this field
--- PASS: TestCheckedViewMapPhantomRefusal (0.24s)
=== RUN   TestCheckedViewMapEntryFamilyBoundaries
=== RUN   TestCheckedViewMapEntryFamilyBoundaries/nullable-entry-read
    checked_views_map_certificates_test.go:122: Node stdout="object\n"; named read refusal: /workspace/adamic/stage3/interface-downcasts/nullish/maps/nullable-entry-read.a:4:52: Adamic 0.1 refuses checked view read of field value with unsupported Map key/value certificate contract; prove or implement the Map key/value certificate contract before reading this field
=== RUN   TestCheckedViewMapEntryFamilyBoundaries/nullable-entry-unread
=== RUN   TestCheckedViewMapEntryFamilyBoundaries/mixed-entry-read
    checked_views_map_certificates_test.go:122: Node stdout="object\n"; named read refusal: /workspace/adamic/stage3/interface-downcasts/nullish/maps/mixed-entry-read.a:4:52: Adamic 0.1 refuses checked view read of field value with unsupported Map key/value certificate contract; prove or implement the Map key/value certificate contract before reading this field
=== RUN   TestCheckedViewMapEntryFamilyBoundaries/mixed-entry-unread
=== RUN   TestCheckedViewMapEntryFamilyBoundaries/callable-entry-read
    checked_views_map_certificates_test.go:122: Node stdout="object\n"; named read refusal: /workspace/adamic/stage3/interface-downcasts/nullish/maps/callable-entry-read.a:4:52: Adamic 0.1 refuses checked view read of field value with unsupported Map key/value certificate contract; prove or implement the Map key/value certificate contract before reading this field
=== RUN   TestCheckedViewMapEntryFamilyBoundaries/callable-entry-unread
=== RUN   TestCheckedViewMapEntryFamilyBoundaries/tuple-entry-read
    checked_views_map_certificates_test.go:122: Node stdout="object\n"; named read refusal: /workspace/adamic/stage3/interface-downcasts/nullish/maps/tuple-entry-read.a:4:52: Adamic 0.1 refuses checked view read of field value with unsupported Map key/value certificate contract; prove or implement the Map key/value certificate contract before reading this field
=== RUN   TestCheckedViewMapEntryFamilyBoundaries/tuple-entry-unread
=== RUN   TestCheckedViewMapEntryFamilyBoundaries/nested-array-brand-read
    checked_views_map_certificates_test.go:122: Node stdout="object\n"; named read refusal: /workspace/adamic/stage3/interface-downcasts/nullish/maps/nested-array-brand-read.a:5:52: Adamic 0.1 refuses checked view read of field value with unsupported Map key/value certificate contract; prove or implement the Map key/value certificate contract before reading this field
=== RUN   TestCheckedViewMapEntryFamilyBoundaries/nested-array-brand-unread
=== RUN   TestCheckedViewMapEntryFamilyBoundaries/nested-object-brand-read
    checked_views_map_certificates_test.go:122: Node stdout="object\n"; named read refusal: /workspace/adamic/stage3/interface-downcasts/nullish/maps/nested-object-brand-read.a:5:52: Adamic 0.1 refuses checked view read of field value with unsupported Map key/value certificate contract; prove or implement the Map key/value certificate contract before reading this field
=== RUN   TestCheckedViewMapEntryFamilyBoundaries/nested-object-brand-unread
--- PASS: TestCheckedViewMapEntryFamilyBoundaries (4.78s)
    --- PASS: TestCheckedViewMapEntryFamilyBoundaries/nullable-entry-read (0.14s)
    --- PASS: TestCheckedViewMapEntryFamilyBoundaries/nullable-entry-unread (0.64s)
    --- PASS: TestCheckedViewMapEntryFamilyBoundaries/mixed-entry-read (0.14s)
    --- PASS: TestCheckedViewMapEntryFamilyBoundaries/mixed-entry-unread (0.99s)
    --- PASS: TestCheckedViewMapEntryFamilyBoundaries/callable-entry-read (0.19s)
    --- PASS: TestCheckedViewMapEntryFamilyBoundaries/callable-entry-unread (0.66s)
    --- PASS: TestCheckedViewMapEntryFamilyBoundaries/tuple-entry-read (0.17s)
    --- PASS: TestCheckedViewMapEntryFamilyBoundaries/tuple-entry-unread (0.53s)
    --- PASS: TestCheckedViewMapEntryFamilyBoundaries/nested-array-brand-read (0.18s)
    --- PASS: TestCheckedViewMapEntryFamilyBoundaries/nested-array-brand-unread (0.47s)
    --- PASS: TestCheckedViewMapEntryFamilyBoundaries/nested-object-brand-read (0.19s)
    --- PASS: TestCheckedViewMapEntryFamilyBoundaries/nested-object-brand-unread (0.48s)
=== RUN   TestCheckedViewLane4HelperReads
=== RUN   TestCheckedViewLane4HelperReads/helper-good
=== RUN   TestCheckedViewLane4HelperReads/helper-wrong
    checked_views_mixed_unions_test.go:51: unchecked helper mutant caught: exit 0 stdout "true\nfalse\n"
    checked_views_mixed_unions_test.go:51: unchecked helper mutant caught: exit 0 stdout "true\n42\n"
--- PASS: TestCheckedViewLane4HelperReads (2.31s)
    --- PASS: TestCheckedViewLane4HelperReads/helper-good (0.71s)
    --- PASS: TestCheckedViewLane4HelperReads/helper-wrong (1.60s)
=== RUN   TestCheckedViewLane4UnsupportedHelper
    checked_views_mixed_unions_test.go:74: current eager compile refusal: /workspace/adamic/stage3/interface-downcasts/lane4/read-fixtures/helper-unsupported.a:3:56: stage 0 can't lower a field of type string | number yet
--- PASS: TestCheckedViewLane4UnsupportedHelper (0.77s)
=== RUN   TestCheckedViewMixedSelection
=== RUN   TestCheckedViewMixedSelection/string-number-undefined
=== RUN   TestCheckedViewMixedSelection/string-object
=== RUN   TestCheckedViewMixedSelection/untagged-objects
=== RUN   TestCheckedViewMixedSelection/false-string-undefined
--- PASS: TestCheckedViewMixedSelection (5.41s)
    --- PASS: TestCheckedViewMixedSelection/string-number-undefined (1.73s)
    --- PASS: TestCheckedViewMixedSelection/string-object (0.50s)
    --- PASS: TestCheckedViewMixedSelection/untagged-objects (0.87s)
    --- PASS: TestCheckedViewMixedSelection/false-string-undefined (1.32s)
=== RUN   TestCheckedViewBrandString
=== RUN   TestCheckedViewBrandString/good
=== RUN   TestCheckedViewBrandString/wrong
    checked_views_mixed_unions_test.go:301: brand read mutant caught: exit 0 stdout "unchecked\n"
    checked_views_mixed_unions_test.go:301: brand read mutant caught: exit 0 stdout "unchecked\n"
=== RUN   TestCheckedViewBrandString/literal-good
=== RUN   TestCheckedViewBrandString/literal-wrong
    checked_views_mixed_unions_test.go:301: brand read mutant caught: exit 0 stdout "unchecked\n"
    checked_views_mixed_unions_test.go:301: brand read mutant caught: exit 0 stdout "unchecked\n"
--- PASS: TestCheckedViewBrandString (2.90s)
    --- PASS: TestCheckedViewBrandString/good (1.63s)
    --- PASS: TestCheckedViewBrandString/wrong (0.42s)
    --- PASS: TestCheckedViewBrandString/literal-good (0.47s)
    --- PASS: TestCheckedViewBrandString/literal-wrong (0.37s)
=== RUN   TestCheckedViewCompleteBrand
=== RUN   TestCheckedViewCompleteBrand/good
=== RUN   TestCheckedViewCompleteBrand/undefined
    checked_views_mixed_unions_test.go:368: first-member substitution caught: exit 0 stdout "wordword\n"
    checked_views_mixed_unions_test.go:368: first-member substitution caught: exit 0 stdout "wordword\n"
=== RUN   TestCheckedViewCompleteBrand/wrong
    checked_views_mixed_unions_test.go:352: member-check removal caught: exit 0 stdout "uncheckedunchecked\n"
    checked_views_mixed_unions_test.go:352: member-check removal caught: exit 0 stdout "uncheckedunchecked\n"
=== RUN   TestCheckedViewCompleteBrand/null
    checked_views_mixed_unions_test.go:352: member-check removal caught: exit 0 stdout "uncheckedunchecked\n"
    checked_views_mixed_unions_test.go:352: member-check removal caught: exit 0 stdout "uncheckedunchecked\n"
=== RUN   TestCheckedViewCompleteBrand/missing
    checked_views_mixed_unions_test.go:352: member-check removal caught: exit 0 stdout "uncheckedunchecked\n"
    checked_views_mixed_unions_test.go:352: member-check removal caught: exit 0 stdout "uncheckedunchecked\n"
=== RUN   TestCheckedViewCompleteBrand/internal
=== RUN   TestCheckedViewCompleteBrand/object
    checked_views_mixed_unions_test.go:352: member-check removal caught: exit 0 stdout "uncheckedunchecked\n"
    checked_views_mixed_unions_test.go:352: member-check removal caught: exit 0 stdout "uncheckedunchecked\n"
=== RUN   TestCheckedViewCompleteBrand/symbol-good
=== RUN   TestCheckedViewCompleteBrand/symbol-undefined
    checked_views_mixed_unions_test.go:368: first-member substitution caught: exit 0 stdout "wordword\n"
    checked_views_mixed_unions_test.go:368: first-member substitution caught: exit 0 stdout "wordword\n"
=== RUN   TestCheckedViewCompleteBrand/symbol-wrong
    checked_views_mixed_unions_test.go:352: member-check removal caught: exit 0 stdout "uncheckedunchecked\n"
    checked_views_mixed_unions_test.go:352: member-check removal caught: exit 0 stdout "uncheckedunchecked\n"
=== RUN   TestCheckedViewCompleteBrand/symbol-null
    checked_views_mixed_unions_test.go:352: member-check removal caught: exit 0 stdout "uncheckedunchecked\n"
    checked_views_mixed_unions_test.go:352: member-check removal caught: exit 0 stdout "uncheckedunchecked\n"
--- PASS: TestCheckedViewCompleteBrand (8.92s)
    --- PASS: TestCheckedViewCompleteBrand/good (0.42s)
    --- PASS: TestCheckedViewCompleteBrand/undefined (0.54s)
    --- PASS: TestCheckedViewCompleteBrand/wrong (0.45s)
    --- PASS: TestCheckedViewCompleteBrand/null (1.08s)
    --- PASS: TestCheckedViewCompleteBrand/missing (0.87s)
    --- PASS: TestCheckedViewCompleteBrand/internal (1.48s)
    --- PASS: TestCheckedViewCompleteBrand/object (0.72s)
    --- PASS: TestCheckedViewCompleteBrand/symbol-good (0.70s)
    --- PASS: TestCheckedViewCompleteBrand/symbol-undefined (1.08s)
    --- PASS: TestCheckedViewCompleteBrand/symbol-wrong (0.83s)
    --- PASS: TestCheckedViewCompleteBrand/symbol-null (0.75s)
=== RUN   TestCheckedViewNullishCallableArity
    checked_views_nullish_callable_integration_test.go:31: optional callable certificate omission caught by refusal pin: exit=0 stdout="present\n"
    checked_views_nullish_callable_integration_test.go:31: optional callable certificate omission caught by refusal pin: exit=0 stdout="present\n"
--- PASS: TestCheckedViewNullishCallableArity (1.16s)
=== RUN   TestCheckedViewNullableSelection
=== RUN   TestCheckedViewNullableSelection/scalar-null
    checked_views_nullish_selection_test.go:34: Node exit=0 stdout="string:false:false\nallowed\nobject:true:false\n"; mutation=""
=== RUN   TestCheckedViewNullableSelection/scalar-null-wrong
    checked_views_nullish_selection_test.go:34: Node exit=0 stdout="string:false:false\nnot-allowed\nobject:true:false\n"; mutation="-wrong"
=== RUN   TestCheckedViewNullableSelection/scalar-undefined
    checked_views_nullish_selection_test.go:34: Node exit=0 stdout="string:false:false\nallowed\nundefined:false:true\n"; mutation=""
=== RUN   TestCheckedViewNullableSelection/scalar-undefined-wrong
    checked_views_nullish_selection_test.go:34: Node exit=0 stdout="string:false:false\nnot-allowed\nundefined:false:true\n"; mutation="-wrong"
=== RUN   TestCheckedViewNullableSelection/scalar-both
    checked_views_nullish_selection_test.go:34: Node exit=0 stdout="string:false:false\nallowed\nobject:true:false\nundefined:false:true\n"; mutation=""
=== RUN   TestCheckedViewNullableSelection/scalar-both-wrong
    checked_views_nullish_selection_test.go:34: Node exit=0 stdout="string:false:false\nnot-allowed\nobject:true:false\nundefined:false:true\n"; mutation="-wrong"
=== RUN   TestCheckedViewNullableSelection/tagged-null
    checked_views_nullish_selection_test.go:34: Node exit=0 stdout="object:false:false\nmade-here\nobject:true:false\n"; mutation=""
=== RUN   TestCheckedViewNullableSelection/tagged-null-wrong
    checked_views_nullish_selection_test.go:34: Node exit=0 stdout="object:false:false\nundefined\nobject:true:false\n"; mutation="-wrong"
=== RUN   TestCheckedViewNullableSelection/tagged-null-nested
    checked_views_nullish_selection_test.go:34: Node exit=0 stdout="object:false:false\n42\nobject:true:false\n"; mutation="-nested"
=== RUN   TestCheckedViewNullableSelection/tagged-undefined
    checked_views_nullish_selection_test.go:34: Node exit=0 stdout="object:false:false\nmade-here\nundefined:false:true\n"; mutation=""
=== RUN   TestCheckedViewNullableSelection/tagged-undefined-wrong
    checked_views_nullish_selection_test.go:34: Node exit=0 stdout="object:false:false\nundefined\nundefined:false:true\n"; mutation="-wrong"
=== RUN   TestCheckedViewNullableSelection/tagged-undefined-nested
    checked_views_nullish_selection_test.go:34: Node exit=0 stdout="object:false:false\n42\nundefined:false:true\n"; mutation="-nested"
=== RUN   TestCheckedViewNullableSelection/tagged-both
    checked_views_nullish_selection_test.go:34: Node exit=0 stdout="object:false:false\nmade-here\nobject:true:false\nundefined:false:true\n"; mutation=""
=== RUN   TestCheckedViewNullableSelection/tagged-both-wrong
    checked_views_nullish_selection_test.go:34: Node exit=0 stdout="object:false:false\nundefined\nobject:true:false\nundefined:false:true\n"; mutation="-wrong"
=== RUN   TestCheckedViewNullableSelection/tagged-both-nested
    checked_views_nullish_selection_test.go:34: Node exit=0 stdout="object:false:false\n42\nobject:true:false\nundefined:false:true\n"; mutation="-nested"
=== RUN   TestCheckedViewNullableSelection/object-null
    checked_views_nullish_selection_test.go:34: Node exit=0 stdout="object:false:false\nmade-here\nobject:true:false\n"; mutation=""
=== RUN   TestCheckedViewNullableSelection/object-null-wrong
    checked_views_nullish_selection_test.go:34: Node exit=0 stdout="number:false:false\nundefined\nobject:true:false\n"; mutation="-wrong"
=== RUN   TestCheckedViewNullableSelection/object-undefined
    checked_views_nullish_selection_test.go:34: Node exit=0 stdout="object:false:false\nmade-here\nundefined:false:true\n"; mutation=""
=== RUN   TestCheckedViewNullableSelection/object-undefined-wrong
    checked_views_nullish_selection_test.go:34: Node exit=0 stdout="number:false:false\nundefined\nundefined:false:true\n"; mutation="-wrong"
=== RUN   TestCheckedViewNullableSelection/object-both
    checked_views_nullish_selection_test.go:34: Node exit=0 stdout="object:false:false\nmade-here\nobject:true:false\nundefined:false:true\n"; mutation=""
=== RUN   TestCheckedViewNullableSelection/object-both-wrong
    checked_views_nullish_selection_test.go:34: Node exit=0 stdout="number:false:false\nundefined\nobject:true:false\nundefined:false:true\n"; mutation="-wrong"
--- PASS: TestCheckedViewNullableSelection (12.32s)
    --- PASS: TestCheckedViewNullableSelection/scalar-null (1.12s)
    --- PASS: TestCheckedViewNullableSelection/scalar-null-wrong (0.42s)
    --- PASS: TestCheckedViewNullableSelection/scalar-undefined (0.43s)
    --- PASS: TestCheckedViewNullableSelection/scalar-undefined-wrong (0.40s)
    --- PASS: TestCheckedViewNullableSelection/scalar-both (0.42s)
    --- PASS: TestCheckedViewNullableSelection/scalar-both-wrong (0.43s)
    --- PASS: TestCheckedViewNullableSelection/tagged-null (0.54s)
    --- PASS: TestCheckedViewNullableSelection/tagged-null-wrong (0.63s)
    --- PASS: TestCheckedViewNullableSelection/tagged-null-nested (0.58s)
    --- PASS: TestCheckedViewNullableSelection/tagged-undefined (0.65s)
    --- PASS: TestCheckedViewNullableSelection/tagged-undefined-wrong (0.55s)
    --- PASS: TestCheckedViewNullableSelection/tagged-undefined-nested (0.72s)
    --- PASS: TestCheckedViewNullableSelection/tagged-both (0.69s)
    --- PASS: TestCheckedViewNullableSelection/tagged-both-wrong (0.63s)
    --- PASS: TestCheckedViewNullableSelection/tagged-both-nested (0.54s)
    --- PASS: TestCheckedViewNullableSelection/object-null (0.55s)
    --- PASS: TestCheckedViewNullableSelection/object-null-wrong (0.57s)
    --- PASS: TestCheckedViewNullableSelection/object-undefined (0.58s)
    --- PASS: TestCheckedViewNullableSelection/object-undefined-wrong (0.66s)
    --- PASS: TestCheckedViewNullableSelection/object-both (0.68s)
    --- PASS: TestCheckedViewNullableSelection/object-both-wrong (0.53s)
=== RUN   TestCheckedViewNullish
=== RUN   TestCheckedViewNullish/number-null
    checked_views_nullish_test.go:28: Node and both backends: "number:false:false\n8\nobject:true:false\n"
=== RUN   TestCheckedViewNullish/number-undefined
    checked_views_nullish_test.go:28: Node and both backends: "number:false:false\n8\nundefined:false:true\n"
=== RUN   TestCheckedViewNullish/number-both
    checked_views_nullish_test.go:28: Node and both backends: "number:false:false\n8\nobject:true:false\nundefined:false:true\n"
=== RUN   TestCheckedViewNullish/number-coalesce
    checked_views_nullish_test.go:28: Node and both backends: "7\ntrue\nnumber:false:false\n8\n0\nfalse\nobject:true:false\n0\nfalse\nundefined:false:true\n"
=== RUN   TestCheckedViewNullish/boolean-null
    checked_views_nullish_test.go:28: Node and both backends: "boolean:false:false\ntrue\nobject:true:false\n"
=== RUN   TestCheckedViewNullish/boolean-undefined
    checked_views_nullish_test.go:28: Node and both backends: "boolean:false:false\ntrue\nundefined:false:true\n"
=== RUN   TestCheckedViewNullish/boolean-both
    checked_views_nullish_test.go:28: Node and both backends: "boolean:false:false\ntrue\nobject:true:false\nundefined:false:true\n"
=== RUN   TestCheckedViewNullish/boolean-coalesce
    checked_views_nullish_test.go:28: Node and both backends: "false\nfalse\nboolean:false:false\ntrue\ntrue\nfalse\nobject:true:false\ntrue\nfalse\nundefined:false:true\n"
=== RUN   TestCheckedViewNullish/string-null
    checked_views_nullish_test.go:28: Node and both backends: "string:false:false\nmade-here:present\nobject:true:false\n"
=== RUN   TestCheckedViewNullish/string-undefined
    checked_views_nullish_test.go:28: Node and both backends: "string:false:false\nmade-here:present\nundefined:false:true\n"
=== RUN   TestCheckedViewNullish/string-both
    checked_views_nullish_test.go:28: Node and both backends: "string:false:false\nmade-here:present\nobject:true:false\nundefined:false:true\n"
=== RUN   TestCheckedViewNullish/string-coalesce
    checked_views_nullish_test.go:28: Node and both backends: "made-here\ntrue\nstring:false:false\nmade-here:present\nfallback\nfalse\nobject:true:false\nfallback\nfalse\nundefined:false:true\n"
=== RUN   TestCheckedViewNullish/object-null
    checked_views_nullish_test.go:28: Node and both backends: "object:false:false\nmade-here\nobject:true:false\n"
=== RUN   TestCheckedViewNullish/object-undefined
    checked_views_nullish_test.go:28: Node and both backends: "object:false:false\nmade-here\nundefined:false:true\n"
=== RUN   TestCheckedViewNullish/object-both
    checked_views_nullish_test.go:28: Node and both backends: "object:false:false\nmade-here\nobject:true:false\nundefined:false:true\n"
=== RUN   TestCheckedViewNullish/object-coalesce
    checked_views_nullish_test.go:28: Node and both backends: "made-here\ntrue\nobject:false:false\nmade-here\nfallback\nfalse\nobject:true:false\nfallback\nfalse\nundefined:false:true\n"
=== RUN   TestCheckedViewNullish/array-null
    checked_views_nullish_test.go:28: Node and both backends: "object:false:false\nmade-here\nobject:true:false\n"
=== RUN   TestCheckedViewNullish/array-undefined
    checked_views_nullish_test.go:28: Node and both backends: "object:false:false\nmade-here\nundefined:false:true\n"
=== RUN   TestCheckedViewNullish/array-both
    checked_views_nullish_test.go:28: Node and both backends: "object:false:false\nmade-here\nobject:true:false\nundefined:false:true\n"
=== RUN   TestCheckedViewNullish/array-coalesce
    checked_views_nullish_test.go:28: Node and both backends: "made-here\ntrue\nobject:false:false\nmade-here\nfallback\nfalse\nobject:true:false\nfallback\nfalse\nundefined:false:true\n"
=== RUN   TestCheckedViewNullish/callable-null
    checked_views_nullish_test.go:28: Node and both backends: "function:false:false\nordinary\nfunction:false:false\nmade-here\nobject:true:false\n"
=== RUN   TestCheckedViewNullish/callable-undefined
    checked_views_nullish_test.go:28: Node and both backends: "function:false:false\nordinary\nfunction:false:false\nmade-here\nundefined:false:true\n"
=== RUN   TestCheckedViewNullish/callable-both
    checked_views_nullish_test.go:28: Node and both backends: "function:false:false\nordinary\nfunction:false:false\nmade-here\nobject:true:false\nundefined:false:true\n"
=== RUN   TestCheckedViewNullish/callable-coalesce
    checked_views_nullish_test.go:28: Node and both backends: "ordinary\ntrue\nfunction:false:false\nordinary\nmade-here\ntrue\nfunction:false:false\nmade-here\nfallback\nfalse\nobject:true:false\nfallback\nfalse\nundefined:false:true\n"
--- PASS: TestCheckedViewNullish (13.36s)
    --- PASS: TestCheckedViewNullish/number-null (0.53s)
    --- PASS: TestCheckedViewNullish/number-undefined (0.43s)
    --- PASS: TestCheckedViewNullish/number-both (0.43s)
    --- PASS: TestCheckedViewNullish/number-coalesce (0.43s)
    --- PASS: TestCheckedViewNullish/boolean-null (0.42s)
    --- PASS: TestCheckedViewNullish/boolean-undefined (0.43s)
    --- PASS: TestCheckedViewNullish/boolean-both (0.70s)
    --- PASS: TestCheckedViewNullish/boolean-coalesce (0.75s)
    --- PASS: TestCheckedViewNullish/string-null (0.50s)
    --- PASS: TestCheckedViewNullish/string-undefined (0.72s)
    --- PASS: TestCheckedViewNullish/string-both (0.65s)
    --- PASS: TestCheckedViewNullish/string-coalesce (0.55s)
    --- PASS: TestCheckedViewNullish/object-null (0.61s)
    --- PASS: TestCheckedViewNullish/object-undefined (0.69s)
    --- PASS: TestCheckedViewNullish/object-both (0.53s)
    --- PASS: TestCheckedViewNullish/object-coalesce (0.59s)
    --- PASS: TestCheckedViewNullish/array-null (0.64s)
    --- PASS: TestCheckedViewNullish/array-undefined (0.47s)
    --- PASS: TestCheckedViewNullish/array-both (0.68s)
    --- PASS: TestCheckedViewNullish/array-coalesce (0.61s)
    --- PASS: TestCheckedViewNullish/callable-null (0.56s)
    --- PASS: TestCheckedViewNullish/callable-undefined (0.52s)
    --- PASS: TestCheckedViewNullish/callable-both (0.45s)
    --- PASS: TestCheckedViewNullish/callable-coalesce (0.46s)
=== RUN   TestCheckedViewNullishMutants
=== RUN   TestCheckedViewNullishMutants/number-null-wrong
    checked_views_nullish_test.go:46: source Node: exit=0 stdout="string:false:false\nwrong1\nobject:true:false\n" stderr=""
    checked_views_nullish_test.go:52: caught wrong: adamic: panic: field read failed: node.value matches no member of number | null; expected number | null, found string
    checked_views_nullish_test.go:52: caught wrong: adamic: panic: field read failed: node.value matches no member of number | null; expected number | null, found string
    checked_views_nullish_test.go:52: caught wrong: adamic: panic: field read failed: node.value matches no member of number | null; expected number | null, found string
=== RUN   TestCheckedViewNullishMutants/number-null-missing
    checked_views_nullish_test.go:46: source Node: exit=0 stdout="undefined:false:true\nobject:true:false\n" stderr=""
    checked_views_nullish_test.go:52: caught missing: adamic: panic: field read failed: node.value is not initialized; expected number | null, found missing
    checked_views_nullish_test.go:52: caught missing: adamic: panic: field read failed: node.value is not initialized; expected number | null, found missing
    checked_views_nullish_test.go:52: caught missing: adamic: panic: field read failed: node.value is not initialized; expected number | null, found missing
=== RUN   TestCheckedViewNullishMutants/number-null-opposite
    checked_views_nullish_test.go:46: source Node: exit=0 stdout="undefined:false:true\nobject:true:false\n" stderr=""
    checked_views_nullish_test.go:52: caught opposite: adamic: panic: field read failed: node.value matches no member of number | null; expected number | null, found undefined
    checked_views_nullish_test.go:52: caught opposite: adamic: panic: field read failed: node.value matches no member of number | null; expected number | null, found undefined
    checked_views_nullish_test.go:52: caught opposite: adamic: panic: field read failed: node.value matches no member of number | null; expected number | null, found undefined
=== RUN   TestCheckedViewNullishMutants/number-undefined-wrong
    checked_views_nullish_test.go:46: source Node: exit=0 stdout="string:false:false\nwrong1\nundefined:false:true\n" stderr=""
    checked_views_nullish_test.go:52: caught wrong: adamic: panic: field read failed: node.value matches no member of number | undefined; expected number | undefined, found string
    checked_views_nullish_test.go:52: caught wrong: adamic: panic: field read failed: node.value matches no member of number | undefined; expected number | undefined, found string
    checked_views_nullish_test.go:52: caught wrong: adamic: panic: field read failed: node.value matches no member of number | undefined; expected number | undefined, found string
=== RUN   TestCheckedViewNullishMutants/number-undefined-missing
    checked_views_nullish_test.go:46: source Node: exit=0 stdout="undefined:false:true\nundefined:false:true\n" stderr=""
    checked_views_nullish_test.go:52: caught missing: adamic: panic: field read failed: node.value is not initialized; expected number | undefined, found missing
    checked_views_nullish_test.go:52: caught missing: adamic: panic: field read failed: node.value is not initialized; expected number | undefined, found missing
    checked_views_nullish_test.go:52: caught missing: adamic: panic: field read failed: node.value is not initialized; expected number | undefined, found missing
=== RUN   TestCheckedViewNullishMutants/number-undefined-opposite
    checked_views_nullish_test.go:46: source Node: exit=0 stdout="object:true:false\nundefined:false:true\n" stderr=""
    checked_views_nullish_test.go:52: caught opposite: adamic: panic: field read failed: node.value matches no member of number | undefined; expected number | undefined, found null
    checked_views_nullish_test.go:52: caught opposite: adamic: panic: field read failed: node.value matches no member of number | undefined; expected number | undefined, found null
    checked_views_nullish_test.go:52: caught opposite: adamic: panic: field read failed: node.value matches no member of number | undefined; expected number | undefined, found null
=== RUN   TestCheckedViewNullishMutants/number-both-wrong
    checked_views_nullish_test.go:46: source Node: exit=0 stdout="string:false:false\nwrong1\nobject:true:false\nundefined:false:true\n" stderr=""
    checked_views_nullish_test.go:52: caught wrong: adamic: panic: field read failed: node.value matches no member of number | null | undefined; expected number | null | undefined, found string
    checked_views_nullish_test.go:52: caught wrong: adamic: panic: field read failed: node.value matches no member of number | null | undefined; expected number | null | undefined, found string
    checked_views_nullish_test.go:52: caught wrong: adamic: panic: field read failed: node.value matches no member of number | null | undefined; expected number | null | undefined, found string
=== RUN   TestCheckedViewNullishMutants/number-both-missing
    checked_views_nullish_test.go:46: source Node: exit=0 stdout="undefined:false:true\nobject:true:false\nundefined:false:true\n" stderr=""
    checked_views_nullish_test.go:52: caught missing: adamic: panic: field read failed: node.value is not initialized; expected number | null | undefined, found missing
    checked_views_nullish_test.go:52: caught missing: adamic: panic: field read failed: node.value is not initialized; expected number | null | undefined, found missing
    checked_views_nullish_test.go:52: caught missing: adamic: panic: field read failed: node.value is not initialized; expected number | null | undefined, found missing
=== RUN   TestCheckedViewNullishMutants/boolean-null-wrong
    checked_views_nullish_test.go:46: source Node: exit=0 stdout="string:false:false\nfalse\nobject:true:false\n" stderr=""
    checked_views_nullish_test.go:52: caught wrong: adamic: panic: field read failed: node.value matches no member of boolean | null; expected boolean | null, found string
    checked_views_nullish_test.go:52: caught wrong: adamic: panic: field read failed: node.value matches no member of boolean | null; expected boolean | null, found string
    checked_views_nullish_test.go:52: caught wrong: adamic: panic: field read failed: node.value matches no member of boolean | null; expected boolean | null, found string
=== RUN   TestCheckedViewNullishMutants/boolean-null-missing
    checked_views_nullish_test.go:46: source Node: exit=0 stdout="undefined:false:true\nobject:true:false\n" stderr=""
    checked_views_nullish_test.go:52: caught missing: adamic: panic: field read failed: node.value is not initialized; expected boolean | null, found missing
    checked_views_nullish_test.go:52: caught missing: adamic: panic: field read failed: node.value is not initialized; expected boolean | null, found missing
    checked_views_nullish_test.go:52: caught missing: adamic: panic: field read failed: node.value is not initialized; expected boolean | null, found missing
=== RUN   TestCheckedViewNullishMutants/boolean-null-opposite
    checked_views_nullish_test.go:46: source Node: exit=0 stdout="undefined:false:true\nobject:true:false\n" stderr=""
    checked_views_nullish_test.go:52: caught opposite: adamic: panic: field read failed: node.value matches no member of boolean | null; expected boolean | null, found undefined
    checked_views_nullish_test.go:52: caught opposite: adamic: panic: field read failed: node.value matches no member of boolean | null; expected boolean | null, found undefined
    checked_views_nullish_test.go:52: caught opposite: adamic: panic: field read failed: node.value matches no member of boolean | null; expected boolean | null, found undefined
=== RUN   TestCheckedViewNullishMutants/boolean-undefined-wrong
    checked_views_nullish_test.go:46: source Node: exit=0 stdout="string:false:false\nfalse\nundefined:false:true\n" stderr=""
    checked_views_nullish_test.go:52: caught wrong: adamic: panic: field read failed: node.value matches no member of boolean | undefined; expected boolean | undefined, found string
    checked_views_nullish_test.go:52: caught wrong: adamic: panic: field read failed: node.value matches no member of boolean | undefined; expected boolean | undefined, found string
    checked_views_nullish_test.go:52: caught wrong: adamic: panic: field read failed: node.value matches no member of boolean | undefined; expected boolean | undefined, found string
=== RUN   TestCheckedViewNullishMutants/boolean-undefined-missing
    checked_views_nullish_test.go:46: source Node: exit=0 stdout="undefined:false:true\nundefined:false:true\n" stderr=""
    checked_views_nullish_test.go:52: caught missing: adamic: panic: field read failed: node.value is not initialized; expected boolean | undefined, found missing
    checked_views_nullish_test.go:52: caught missing: adamic: panic: field read failed: node.value is not initialized; expected boolean | undefined, found missing
    checked_views_nullish_test.go:52: caught missing: adamic: panic: field read failed: node.value is not initialized; expected boolean | undefined, found missing
=== RUN   TestCheckedViewNullishMutants/boolean-undefined-opposite
    checked_views_nullish_test.go:46: source Node: exit=0 stdout="object:true:false\nundefined:false:true\n" stderr=""
    checked_views_nullish_test.go:52: caught opposite: adamic: panic: field read failed: node.value matches no member of boolean | undefined; expected boolean | undefined, found null
    checked_views_nullish_test.go:52: caught opposite: adamic: panic: field read failed: node.value matches no member of boolean | undefined; expected boolean | undefined, found null
    checked_views_nullish_test.go:52: caught opposite: adamic: panic: field read failed: node.value matches no member of boolean | undefined; expected boolean | undefined, found null
=== RUN   TestCheckedViewNullishMutants/boolean-both-wrong
    checked_views_nullish_test.go:46: source Node: exit=0 stdout="string:false:false\nfalse\nobject:true:false\nundefined:false:true\n" stderr=""
    checked_views_nullish_test.go:52: caught wrong: adamic: panic: field read failed: node.value matches no member of boolean | null | undefined; expected boolean | null | undefined, found string
    checked_views_nullish_test.go:52: caught wrong: adamic: panic: field read failed: node.value matches no member of boolean | null | undefined; expected boolean | null | undefined, found string
    checked_views_nullish_test.go:52: caught wrong: adamic: panic: field read failed: node.value matches no member of boolean | null | undefined; expected boolean | null | undefined, found string
=== RUN   TestCheckedViewNullishMutants/boolean-both-missing
    checked_views_nullish_test.go:46: source Node: exit=0 stdout="undefined:false:true\nobject:true:false\nundefined:false:true\n" stderr=""
    checked_views_nullish_test.go:52: caught missing: adamic: panic: field read failed: node.value is not initialized; expected boolean | null | undefined, found missing
    checked_views_nullish_test.go:52: caught missing: adamic: panic: field read failed: node.value is not initialized; expected boolean | null | undefined, found missing
    checked_views_nullish_test.go:52: caught missing: adamic: panic: field read failed: node.value is not initialized; expected boolean | null | undefined, found missing
=== RUN   TestCheckedViewNullishMutants/string-null-wrong
    checked_views_nullish_test.go:46: source Node: exit=0 stdout="number:false:false\n42:present\nobject:true:false\n" stderr=""
    checked_views_nullish_test.go:52: caught wrong: adamic: panic: field read failed: node.value matches no member of string | null; expected string | null, found number
    checked_views_nullish_test.go:52: caught wrong: adamic: panic: field read failed: node.value matches no member of string | null; expected string | null, found number
    checked_views_nullish_test.go:52: caught wrong: adamic: panic: field read failed: node.value matches no member of string | null; expected string | null, found number
=== RUN   TestCheckedViewNullishMutants/string-null-missing
    checked_views_nullish_test.go:46: source Node: exit=0 stdout="undefined:false:true\nobject:true:false\n" stderr=""
    checked_views_nullish_test.go:52: caught missing: adamic: panic: field read failed: node.value is not initialized; expected string | null, found missing
    checked_views_nullish_test.go:52: caught missing: adamic: panic: field read failed: node.value is not initialized; expected string | null, found missing
    checked_views_nullish_test.go:52: caught missing: adamic: panic: field read failed: node.value is not initialized; expected string | null, found missing
=== RUN   TestCheckedViewNullishMutants/string-null-opposite
    checked_views_nullish_test.go:46: source Node: exit=0 stdout="undefined:false:true\nobject:true:false\n" stderr=""
    checked_views_nullish_test.go:52: caught opposite: adamic: panic: field read failed: node.value matches no member of string | null; expected string | null, found undefined
    checked_views_nullish_test.go:52: caught opposite: adamic: panic: field read failed: node.value matches no member of string | null; expected string | null, found undefined
    checked_views_nullish_test.go:52: caught opposite: adamic: panic: field read failed: node.value matches no member of string | null; expected string | null, found undefined
=== RUN   TestCheckedViewNullishMutants/string-undefined-wrong
    checked_views_nullish_test.go:46: source Node: exit=0 stdout="number:false:false\n42:present\nundefined:false:true\n" stderr=""
    checked_views_nullish_test.go:52: caught wrong: adamic: panic: field read failed: node.value matches no member of string | undefined; expected string | undefined, found number
    checked_views_nullish_test.go:52: caught wrong: adamic: panic: field read failed: node.value matches no member of string | undefined; expected string | undefined, found number
    checked_views_nullish_test.go:52: caught wrong: adamic: panic: field read failed: node.value matches no member of string | undefined; expected string | undefined, found number
=== RUN   TestCheckedViewNullishMutants/string-undefined-missing
    checked_views_nullish_test.go:46: source Node: exit=0 stdout="undefined:false:true\nundefined:false:true\n" stderr=""
    checked_views_nullish_test.go:52: caught missing: adamic: panic: field read failed: node.value is not initialized; expected string | undefined, found missing
    checked_views_nullish_test.go:52: caught missing: adamic: panic: field read failed: node.value is not initialized; expected string | undefined, found missing
    checked_views_nullish_test.go:52: caught missing: adamic: panic: field read failed: node.value is not initialized; expected string | undefined, found missing
=== RUN   TestCheckedViewNullishMutants/string-undefined-opposite
    checked_views_nullish_test.go:46: source Node: exit=0 stdout="object:true:false\nundefined:false:true\n" stderr=""
    checked_views_nullish_test.go:52: caught opposite: adamic: panic: field read failed: node.value matches no member of string | undefined; expected string | undefined, found null
    checked_views_nullish_test.go:52: caught opposite: adamic: panic: field read failed: node.value matches no member of string | undefined; expected string | undefined, found null
    checked_views_nullish_test.go:52: caught opposite: adamic: panic: field read failed: node.value matches no member of string | undefined; expected string | undefined, found null
=== RUN   TestCheckedViewNullishMutants/string-both-wrong
    checked_views_nullish_test.go:46: source Node: exit=0 stdout="number:false:false\n42:present\nobject:true:false\nundefined:false:true\n" stderr=""
    checked_views_nullish_test.go:52: caught wrong: adamic: panic: field read failed: node.value matches no member of string | null | undefined; expected string | null | undefined, found number
    checked_views_nullish_test.go:52: caught wrong: adamic: panic: field read failed: node.value matches no member of string | null | undefined; expected string | null | undefined, found number
    checked_views_nullish_test.go:52: caught wrong: adamic: panic: field read failed: node.value matches no member of string | null | undefined; expected string | null | undefined, found number
=== RUN   TestCheckedViewNullishMutants/string-both-missing
    checked_views_nullish_test.go:46: source Node: exit=0 stdout="undefined:false:true\nobject:true:false\nundefined:false:true\n" stderr=""
    checked_views_nullish_test.go:52: caught missing: adamic: panic: field read failed: node.value is not initialized; expected string | null | undefined, found missing
    checked_views_nullish_test.go:52: caught missing: adamic: panic: field read failed: node.value is not initialized; expected string | null | undefined, found missing
    checked_views_nullish_test.go:52: caught missing: adamic: panic: field read failed: node.value is not initialized; expected string | null | undefined, found missing
=== RUN   TestCheckedViewNullishMutants/object-null-wrong
    checked_views_nullish_test.go:46: source Node: exit=0 stdout="string:false:false\nundefined\nobject:true:false\n" stderr=""
    checked_views_nullish_test.go:52: caught wrong: adamic: panic: field read failed: node.value matches no member of { readonly label: string; } | null; expected { readonly label: string; } | null, found string
    checked_views_nullish_test.go:52: caught wrong: adamic: panic: field read failed: node.value matches no member of { readonly label: string; } | null; expected { readonly label: string; } | null, found string
    checked_views_nullish_test.go:52: caught wrong: adamic: panic: field read failed: node.value matches no member of { readonly label: string; } | null; expected { readonly label: string; } | null, found string
=== RUN   TestCheckedViewNullishMutants/object-null-missing
    checked_views_nullish_test.go:46: source Node: exit=0 stdout="undefined:false:true\nobject:true:false\n" stderr=""
    checked_views_nullish_test.go:52: caught missing: adamic: panic: field read failed: node.value is not initialized; expected { readonly label: string; } | null, found missing
    checked_views_nullish_test.go:52: caught missing: adamic: panic: field read failed: node.value is not initialized; expected { readonly label: string; } | null, found missing
    checked_views_nullish_test.go:52: caught missing: adamic: panic: field read failed: node.value is not initialized; expected { readonly label: string; } | null, found missing
=== RUN   TestCheckedViewNullishMutants/object-null-opposite
    checked_views_nullish_test.go:46: source Node: exit=0 stdout="undefined:false:true\nobject:true:false\n" stderr=""
    checked_views_nullish_test.go:52: caught opposite: adamic: panic: field read failed: node.value matches no member of { readonly label: string; } | null; expected { readonly label: string; } | null, found undefined
    checked_views_nullish_test.go:52: caught opposite: adamic: panic: field read failed: node.value matches no member of { readonly label: string; } | null; expected { readonly label: string; } | null, found undefined
    checked_views_nullish_test.go:52: caught opposite: adamic: panic: field read failed: node.value matches no member of { readonly label: string; } | null; expected { readonly label: string; } | null, found undefined
=== RUN   TestCheckedViewNullishMutants/object-undefined-wrong
    checked_views_nullish_test.go:46: source Node: exit=0 stdout="string:false:false\nundefined\nundefined:false:true\n" stderr=""
    checked_views_nullish_test.go:52: caught wrong: adamic: panic: field read failed: node.value matches no member of { readonly label: string; } | undefined; expected { readonly label: string; } | undefined, found string
    checked_views_nullish_test.go:52: caught wrong: adamic: panic: field read failed: node.value matches no member of { readonly label: string; } | undefined; expected { readonly label: string; } | undefined, found string
    checked_views_nullish_test.go:52: caught wrong: adamic: panic: field read failed: node.value matches no member of { readonly label: string; } | undefined; expected { readonly label: string; } | undefined, found string
=== RUN   TestCheckedViewNullishMutants/object-undefined-missing
    checked_views_nullish_test.go:46: source Node: exit=0 stdout="undefined:false:true\nundefined:false:true\n" stderr=""
    checked_views_nullish_test.go:52: caught missing: adamic: panic: field read failed: node.value is not initialized; expected { readonly label: string; } | undefined, found missing
    checked_views_nullish_test.go:52: caught missing: adamic: panic: field read failed: node.value is not initialized; expected { readonly label: string; } | undefined, found missing
    checked_views_nullish_test.go:52: caught missing: adamic: panic: field read failed: node.value is not initialized; expected { readonly label: string; } | undefined, found missing
=== RUN   TestCheckedViewNullishMutants/object-undefined-opposite
    checked_views_nullish_test.go:46: source Node: exit=0 stdout="object:true:false\nundefined:false:true\n" stderr=""
    checked_views_nullish_test.go:52: caught opposite: adamic: panic: field read failed: node.value matches no member of { readonly label: string; } | undefined; expected { readonly label: string; } | undefined, found null
    checked_views_nullish_test.go:52: caught opposite: adamic: panic: field read failed: node.value matches no member of { readonly label: string; } | undefined; expected { readonly label: string; } | undefined, found null
    checked_views_nullish_test.go:52: caught opposite: adamic: panic: field read failed: node.value matches no member of { readonly label: string; } | undefined; expected { readonly label: string; } | undefined, found null
=== RUN   TestCheckedViewNullishMutants/object-both-wrong
    checked_views_nullish_test.go:46: source Node: exit=0 stdout="string:false:false\nundefined\nobject:true:false\nundefined:false:true\n" stderr=""
    checked_views_nullish_test.go:52: caught wrong: adamic: panic: field read failed: node.value matches no member of { readonly label: string; } | null | undefined; expected { readonly label: string; } | null | undefined, found string
    checked_views_nullish_test.go:52: caught wrong: adamic: panic: field read failed: node.value matches no member of { readonly label: string; } | null | undefined; expected { readonly label: string; } | null | undefined, found string
    checked_views_nullish_test.go:52: caught wrong: adamic: panic: field read failed: node.value matches no member of { readonly label: string; } | null | undefined; expected { readonly label: string; } | null | undefined, found string
=== RUN   TestCheckedViewNullishMutants/object-both-missing
    checked_views_nullish_test.go:46: source Node: exit=0 stdout="undefined:false:true\nobject:true:false\nundefined:false:true\n" stderr=""
    checked_views_nullish_test.go:52: caught missing: adamic: panic: field read failed: node.value is not initialized; expected { readonly label: string; } | null | undefined, found missing
    checked_views_nullish_test.go:52: caught missing: adamic: panic: field read failed: node.value is not initialized; expected { readonly label: string; } | null | undefined, found missing
    checked_views_nullish_test.go:52: caught missing: adamic: panic: field read failed: node.value is not initialized; expected { readonly label: string; } | null | undefined, found missing
=== RUN   TestCheckedViewNullishMutants/array-null-wrong
    checked_views_nullish_test.go:46: source Node: exit=70 stdout="string:false:false\n" stderr="adamic: panic: TypeError: value.join is not a function\n"
    checked_views_nullish_test.go:52: caught wrong: adamic: panic: field read failed: node.value matches no member of readonly string[] | null; expected readonly string[] | null, found string
    checked_views_nullish_test.go:52: caught wrong: adamic: panic: field read failed: node.value matches no member of readonly string[] | null; expected readonly string[] | null, found string
    checked_views_nullish_test.go:52: caught wrong: adamic: panic: field read failed: node.value matches no member of readonly string[] | null; expected readonly string[] | null, found string
=== RUN   TestCheckedViewNullishMutants/array-null-missing
    checked_views_nullish_test.go:46: source Node: exit=0 stdout="undefined:false:true\nobject:true:false\n" stderr=""
    checked_views_nullish_test.go:52: caught missing: adamic: panic: field read failed: node.value is not initialized; expected readonly string[] | null, found missing
    checked_views_nullish_test.go:52: caught missing: adamic: panic: field read failed: node.value is not initialized; expected readonly string[] | null, found missing
    checked_views_nullish_test.go:52: caught missing: adamic: panic: field read failed: node.value is not initialized; expected readonly string[] | null, found missing
=== RUN   TestCheckedViewNullishMutants/array-null-opposite
    checked_views_nullish_test.go:46: source Node: exit=0 stdout="undefined:false:true\nobject:true:false\n" stderr=""
    checked_views_nullish_test.go:52: caught opposite: adamic: panic: field read failed: node.value matches no member of readonly string[] | null; expected readonly string[] | null, found undefined
    checked_views_nullish_test.go:52: caught opposite: adamic: panic: field read failed: node.value matches no member of readonly string[] | null; expected readonly string[] | null, found undefined
    checked_views_nullish_test.go:52: caught opposite: adamic: panic: field read failed: node.value matches no member of readonly string[] | null; expected readonly string[] | null, found undefined
=== RUN   TestCheckedViewNullishMutants/array-undefined-wrong
    checked_views_nullish_test.go:46: source Node: exit=70 stdout="string:false:false\n" stderr="adamic: panic: TypeError: value.join is not a function\n"
    checked_views_nullish_test.go:52: caught wrong: adamic: panic: field read failed: node.value matches no member of readonly string[] | undefined; expected readonly string[] | undefined, found string
    checked_views_nullish_test.go:52: caught wrong: adamic: panic: field read failed: node.value matches no member of readonly string[] | undefined; expected readonly string[] | undefined, found string
    checked_views_nullish_test.go:52: caught wrong: adamic: panic: field read failed: node.value matches no member of readonly string[] | undefined; expected readonly string[] | undefined, found string
=== RUN   TestCheckedViewNullishMutants/array-undefined-missing
    checked_views_nullish_test.go:46: source Node: exit=0 stdout="undefined:false:true\nundefined:false:true\n" stderr=""
    checked_views_nullish_test.go:52: caught missing: adamic: panic: field read failed: node.value is not initialized; expected readonly string[] | undefined, found missing
    checked_views_nullish_test.go:52: caught missing: adamic: panic: field read failed: node.value is not initialized; expected readonly string[] | undefined, found missing
    checked_views_nullish_test.go:52: caught missing: adamic: panic: field read failed: node.value is not initialized; expected readonly string[] | undefined, found missing
=== RUN   TestCheckedViewNullishMutants/array-undefined-opposite
    checked_views_nullish_test.go:46: source Node: exit=0 stdout="object:true:false\nundefined:false:true\n" stderr=""
    checked_views_nullish_test.go:52: caught opposite: adamic: panic: field read failed: node.value matches no member of readonly string[] | undefined; expected readonly string[] | undefined, found null
    checked_views_nullish_test.go:52: caught opposite: adamic: panic: field read failed: node.value matches no member of readonly string[] | undefined; expected readonly string[] | undefined, found null
    checked_views_nullish_test.go:52: caught opposite: adamic: panic: field read failed: node.value matches no member of readonly string[] | undefined; expected readonly string[] | undefined, found null
=== RUN   TestCheckedViewNullishMutants/array-both-wrong
    checked_views_nullish_test.go:46: source Node: exit=70 stdout="string:false:false\n" stderr="adamic: panic: TypeError: value.join is not a function\n"
    checked_views_nullish_test.go:52: caught wrong: adamic: panic: field read failed: node.value matches no member of readonly string[] | null | undefined; expected readonly string[] | null | undefined, found string
    checked_views_nullish_test.go:52: caught wrong: adamic: panic: field read failed: node.value matches no member of readonly string[] | null | undefined; expected readonly string[] | null | undefined, found string
    checked_views_nullish_test.go:52: caught wrong: adamic: panic: field read failed: node.value matches no member of readonly string[] | null | undefined; expected readonly string[] | null | undefined, found string
=== RUN   TestCheckedViewNullishMutants/array-both-missing
    checked_views_nullish_test.go:46: source Node: exit=0 stdout="undefined:false:true\nobject:true:false\nundefined:false:true\n" stderr=""
    checked_views_nullish_test.go:52: caught missing: adamic: panic: field read failed: node.value is not initialized; expected readonly string[] | null | undefined, found missing
    checked_views_nullish_test.go:52: caught missing: adamic: panic: field read failed: node.value is not initialized; expected readonly string[] | null | undefined, found missing
    checked_views_nullish_test.go:52: caught missing: adamic: panic: field read failed: node.value is not initialized; expected readonly string[] | null | undefined, found missing
=== RUN   TestCheckedViewNullishMutants/callable-null-wrong
    checked_views_nullish_test.go:46: source Node: exit=70 stdout="function:false:false\nordinary\nstring:false:false\n" stderr="adamic: panic: TypeError: value is not a function\n"
    checked_views_nullish_test.go:52: caught wrong: adamic: panic: field read failed: node.value matches no member of (() => string) | null; expected (() => string) | null, found string
    checked_views_nullish_test.go:52: caught wrong: adamic: panic: field read failed: node.value matches no member of (() => string) | null; expected (() => string) | null, found string
    checked_views_nullish_test.go:52: caught wrong: adamic: panic: field read failed: node.value matches no member of (() => string) | null; expected (() => string) | null, found string
=== RUN   TestCheckedViewNullishMutants/callable-null-missing
    checked_views_nullish_test.go:46: source Node: exit=0 stdout="function:false:false\nordinary\nundefined:false:true\nobject:true:false\n" stderr=""
    checked_views_nullish_test.go:52: caught missing: adamic: panic: field read failed: node.value is not initialized; expected (() => string) | null, found missing
    checked_views_nullish_test.go:52: caught missing: adamic: panic: field read failed: node.value is not initialized; expected (() => string) | null, found missing
    checked_views_nullish_test.go:52: caught missing: adamic: panic: field read failed: node.value is not initialized; expected (() => string) | null, found missing
=== RUN   TestCheckedViewNullishMutants/callable-null-opposite
    checked_views_nullish_test.go:46: source Node: exit=0 stdout="function:false:false\nordinary\nundefined:false:true\nobject:true:false\n" stderr=""
    checked_views_nullish_test.go:52: caught opposite: adamic: panic: field read failed: node.value matches no member of (() => string) | null; expected (() => string) | null, found undefined
    checked_views_nullish_test.go:52: caught opposite: adamic: panic: field read failed: node.value matches no member of (() => string) | null; expected (() => string) | null, found undefined
    checked_views_nullish_test.go:52: caught opposite: adamic: panic: field read failed: node.value matches no member of (() => string) | null; expected (() => string) | null, found undefined
=== RUN   TestCheckedViewNullishMutants/callable-undefined-wrong
    checked_views_nullish_test.go:46: source Node: exit=70 stdout="function:false:false\nordinary\nstring:false:false\n" stderr="adamic: panic: TypeError: value is not a function\n"
    checked_views_nullish_test.go:52: caught wrong: adamic: panic: field read failed: node.value matches no member of (() => string) | undefined; expected (() => string) | undefined, found string
    checked_views_nullish_test.go:52: caught wrong: adamic: panic: field read failed: node.value matches no member of (() => string) | undefined; expected (() => string) | undefined, found string
    checked_views_nullish_test.go:52: caught wrong: adamic: panic: field read failed: node.value matches no member of (() => string) | undefined; expected (() => string) | undefined, found string
=== RUN   TestCheckedViewNullishMutants/callable-undefined-missing
    checked_views_nullish_test.go:46: source Node: exit=0 stdout="function:false:false\nordinary\nundefined:false:true\nundefined:false:true\n" stderr=""
    checked_views_nullish_test.go:52: caught missing: adamic: panic: field read failed: node.value is not initialized; expected (() => string) | undefined, found missing
    checked_views_nullish_test.go:52: caught missing: adamic: panic: field read failed: node.value is not initialized; expected (() => string) | undefined, found missing
    checked_views_nullish_test.go:52: caught missing: adamic: panic: field read failed: node.value is not initialized; expected (() => string) | undefined, found missing
=== RUN   TestCheckedViewNullishMutants/callable-undefined-opposite
    checked_views_nullish_test.go:46: source Node: exit=0 stdout="function:false:false\nordinary\nobject:true:false\nundefined:false:true\n" stderr=""
    checked_views_nullish_test.go:52: caught opposite: adamic: panic: field read failed: node.value matches no member of (() => string) | undefined; expected (() => string) | undefined, found null
    checked_views_nullish_test.go:52: caught opposite: adamic: panic: field read failed: node.value matches no member of (() => string) | undefined; expected (() => string) | undefined, found null
    checked_views_nullish_test.go:52: caught opposite: adamic: panic: field read failed: node.value matches no member of (() => string) | undefined; expected (() => string) | undefined, found null
=== RUN   TestCheckedViewNullishMutants/callable-both-wrong
    checked_views_nullish_test.go:46: source Node: exit=70 stdout="function:false:false\nordinary\nstring:false:false\n" stderr="adamic: panic: TypeError: value is not a function\n"
    checked_views_nullish_test.go:52: caught wrong: adamic: panic: field read failed: node.value matches no member of (() => string) | null | undefined; expected (() => string) | null | undefined, found string
    checked_views_nullish_test.go:52: caught wrong: adamic: panic: field read failed: node.value matches no member of (() => string) | null | undefined; expected (() => string) | null | undefined, found string
    checked_views_nullish_test.go:52: caught wrong: adamic: panic: field read failed: node.value matches no member of (() => string) | null | undefined; expected (() => string) | null | undefined, found string
=== RUN   TestCheckedViewNullishMutants/callable-both-missing
    checked_views_nullish_test.go:46: source Node: exit=0 stdout="function:false:false\nordinary\nundefined:false:true\nobject:true:false\nundefined:false:true\n" stderr=""
    checked_views_nullish_test.go:52: caught missing: adamic: panic: field read failed: node.value is not initialized; expected (() => string) | null | undefined, found missing
    checked_views_nullish_test.go:52: caught missing: adamic: panic: field read failed: node.value is not initialized; expected (() => string) | null | undefined, found missing
    checked_views_nullish_test.go:52: caught missing: adamic: panic: field read failed: node.value is not initialized; expected (() => string) | null | undefined, found missing
--- PASS: TestCheckedViewNullishMutants (25.49s)
    --- PASS: TestCheckedViewNullishMutants/number-null-wrong (0.40s)
    --- PASS: TestCheckedViewNullishMutants/number-null-missing (0.40s)
    --- PASS: TestCheckedViewNullishMutants/number-null-opposite (0.42s)
    --- PASS: TestCheckedViewNullishMutants/number-undefined-wrong (0.53s)
    --- PASS: TestCheckedViewNullishMutants/number-undefined-missing (0.57s)
    --- PASS: TestCheckedViewNullishMutants/number-undefined-opposite (0.55s)
    --- PASS: TestCheckedViewNullishMutants/number-both-wrong (0.48s)
    --- PASS: TestCheckedViewNullishMutants/number-both-missing (0.51s)
    --- PASS: TestCheckedViewNullishMutants/boolean-null-wrong (0.56s)
    --- PASS: TestCheckedViewNullishMutants/boolean-null-missing (0.51s)
    --- PASS: TestCheckedViewNullishMutants/boolean-null-opposite (0.48s)
    --- PASS: TestCheckedViewNullishMutants/boolean-undefined-wrong (0.44s)
    --- PASS: TestCheckedViewNullishMutants/boolean-undefined-missing (0.50s)
    --- PASS: TestCheckedViewNullishMutants/boolean-undefined-opposite (0.57s)
    --- PASS: TestCheckedViewNullishMutants/boolean-both-wrong (0.56s)
    --- PASS: TestCheckedViewNullishMutants/boolean-both-missing (0.55s)
    --- PASS: TestCheckedViewNullishMutants/string-null-wrong (0.59s)
    --- PASS: TestCheckedViewNullishMutants/string-null-missing (0.63s)
    --- PASS: TestCheckedViewNullishMutants/string-null-opposite (0.53s)
    --- PASS: TestCheckedViewNullishMutants/string-undefined-wrong (0.56s)
    --- PASS: TestCheckedViewNullishMutants/string-undefined-missing (0.46s)
    --- PASS: TestCheckedViewNullishMutants/string-undefined-opposite (0.41s)
    --- PASS: TestCheckedViewNullishMutants/string-both-wrong (0.42s)
    --- PASS: TestCheckedViewNullishMutants/string-both-missing (0.43s)
    --- PASS: TestCheckedViewNullishMutants/object-null-wrong (0.41s)
    --- PASS: TestCheckedViewNullishMutants/object-null-missing (0.40s)
    --- PASS: TestCheckedViewNullishMutants/object-null-opposite (0.41s)
    --- PASS: TestCheckedViewNullishMutants/object-undefined-wrong (0.49s)
    --- PASS: TestCheckedViewNullishMutants/object-undefined-missing (0.60s)
    --- PASS: TestCheckedViewNullishMutants/object-undefined-opposite (0.54s)
    --- PASS: TestCheckedViewNullishMutants/object-both-wrong (0.60s)
    --- PASS: TestCheckedViewNullishMutants/object-both-missing (0.63s)
    --- PASS: TestCheckedViewNullishMutants/array-null-wrong (0.68s)
    --- PASS: TestCheckedViewNullishMutants/array-null-missing (0.66s)
    --- PASS: TestCheckedViewNullishMutants/array-null-opposite (0.57s)
    --- PASS: TestCheckedViewNullishMutants/array-undefined-wrong (0.58s)
    --- PASS: TestCheckedViewNullishMutants/array-undefined-missing (0.77s)
    --- PASS: TestCheckedViewNullishMutants/array-undefined-opposite (0.76s)
    --- PASS: TestCheckedViewNullishMutants/array-both-wrong (0.60s)
    --- PASS: TestCheckedViewNullishMutants/array-both-missing (0.79s)
    --- PASS: TestCheckedViewNullishMutants/callable-null-wrong (0.68s)
    --- PASS: TestCheckedViewNullishMutants/callable-null-missing (0.64s)
    --- PASS: TestCheckedViewNullishMutants/callable-null-opposite (0.44s)
    --- PASS: TestCheckedViewNullishMutants/callable-undefined-wrong (0.43s)
    --- PASS: TestCheckedViewNullishMutants/callable-undefined-missing (0.42s)
    --- PASS: TestCheckedViewNullishMutants/callable-undefined-opposite (0.43s)
    --- PASS: TestCheckedViewNullishMutants/callable-both-wrong (0.45s)
    --- PASS: TestCheckedViewNullishMutants/callable-both-missing (0.45s)
=== RUN   TestCheckedViewNullishTransitiveMutants
=== RUN   TestCheckedViewNullishTransitiveMutants/object
    checked_views_nullish_test.go:65: Node: exit=0 stdout="object:false:false\n42\nobject:true:false\nundefined:false:true\n"
    checked_views_nullish_test.go:71: caught nested read: adamic: panic: field read failed: value.label is not a string; expected string, found number
    checked_views_nullish_test.go:71: caught nested read: adamic: panic: field read failed: value.label is not a string; expected string, found number
    checked_views_nullish_test.go:71: caught nested read: adamic: panic: field read failed: value.label is not a string; expected string, found number
=== RUN   TestCheckedViewNullishTransitiveMutants/array
    checked_views_nullish_test.go:65: Node: exit=0 stdout="object:false:false\n42\nobject:true:false\nundefined:false:true\n"
    checked_views_nullish_test.go:71: caught nested read: adamic: panic: element read failed: value[element] expected string, found number
    checked_views_nullish_test.go:71: caught nested read: adamic: panic: element read failed: value[element] expected string, found number
    checked_views_nullish_test.go:71: caught nested read: adamic: panic: element read failed: value[element] expected string, found number
--- PASS: TestCheckedViewNullishTransitiveMutants (1.52s)
    --- PASS: TestCheckedViewNullishTransitiveMutants/object (0.81s)
    --- PASS: TestCheckedViewNullishTransitiveMutants/array (0.71s)
=== RUN   TestCheckedViewNullishRegexIdentity
    checked_views_nullish_test.go:89: Node and both backends: "true\nfalse\nfalse\ntrue\n"
--- PASS: TestCheckedViewNullishRegexIdentity (0.60s)
=== RUN   TestCheckedViewNullishCallableSignatureMutant
--- PASS: TestCheckedViewNullishCallableSignatureMutant (0.60s)
=== RUN   TestCheckedViewNullishMapUnread
=== RUN   TestCheckedViewNullishMapUnread/null
    checked_views_nullish_test.go:130: unread map admitted, Node and both backends: "box\nbox\n"
=== RUN   TestCheckedViewNullishMapUnread/undefined
    checked_views_nullish_test.go:130: unread map admitted, Node and both backends: "box\nbox\n"
=== RUN   TestCheckedViewNullishMapUnread/both
    checked_views_nullish_test.go:130: unread map admitted, Node and both backends: "box\nbox\nbox\n"
--- PASS: TestCheckedViewNullishMapUnread (1.72s)
    --- PASS: TestCheckedViewNullishMapUnread/null (0.45s)
    --- PASS: TestCheckedViewNullishMapUnread/undefined (0.44s)
    --- PASS: TestCheckedViewNullishMapUnread/both (0.82s)
=== RUN   TestCheckedViewNullishMapReads
=== RUN   TestCheckedViewNullishMapReads/null
    checked_views_nullish_test.go:158: Node exit=0 stdout="object:false:false\nempty\nobject:true:false\n", mutation=""
=== RUN   TestCheckedViewNullishMapReads/null-wrong
    checked_views_nullish_test.go:158: Node exit=70 stdout="string:false:false\n", mutation="-wrong"
=== RUN   TestCheckedViewNullishMapReads/null-opposite
    checked_views_nullish_test.go:158: Node exit=0 stdout="undefined:false:true\nobject:true:false\n", mutation="-opposite"
=== RUN   TestCheckedViewNullishMapReads/undefined
    checked_views_nullish_test.go:158: Node exit=0 stdout="object:false:false\nempty\nundefined:false:true\n", mutation=""
=== RUN   TestCheckedViewNullishMapReads/undefined-wrong
    checked_views_nullish_test.go:158: Node exit=70 stdout="string:false:false\n", mutation="-wrong"
=== RUN   TestCheckedViewNullishMapReads/undefined-opposite
    checked_views_nullish_test.go:158: Node exit=0 stdout="object:true:false\nundefined:false:true\n", mutation="-opposite"
=== RUN   TestCheckedViewNullishMapReads/both
    checked_views_nullish_test.go:158: Node exit=0 stdout="object:false:false\nempty\nobject:true:false\nundefined:false:true\n", mutation=""
=== RUN   TestCheckedViewNullishMapReads/both-wrong
    checked_views_nullish_test.go:158: Node exit=70 stdout="string:false:false\n", mutation="-wrong"
--- PASS: TestCheckedViewNullishMapReads (5.04s)
    --- PASS: TestCheckedViewNullishMapReads/null (0.57s)
    --- PASS: TestCheckedViewNullishMapReads/null-wrong (0.66s)
    --- PASS: TestCheckedViewNullishMapReads/null-opposite (0.77s)
    --- PASS: TestCheckedViewNullishMapReads/undefined (0.52s)
    --- PASS: TestCheckedViewNullishMapReads/undefined-wrong (0.63s)
    --- PASS: TestCheckedViewNullishMapReads/undefined-opposite (0.69s)
    --- PASS: TestCheckedViewNullishMapReads/both (0.72s)
    --- PASS: TestCheckedViewNullishMapReads/both-wrong (0.48s)
=== RUN   TestCheckedViewNullishLiterals
=== RUN   TestCheckedViewNullishLiterals/literal
    checked_views_nullish_test.go:184: Node: exit=0 stdout="string:false:false\nmade-here:present\nobject:true:false\nundefined:false:true\n"; checked literal variant ""
=== RUN   TestCheckedViewNullishLiterals/literal-wrong
    checked_views_nullish_test.go:184: Node: exit=0 stdout="string:false:false\nnot-allowed:present\nobject:true:false\nundefined:false:true\n"; checked literal variant "-wrong"
--- PASS: TestCheckedViewNullishLiterals (0.86s)
    --- PASS: TestCheckedViewNullishLiterals/literal (0.44s)
    --- PASS: TestCheckedViewNullishLiterals/literal-wrong (0.42s)
=== RUN   TestCheckedViewObjectPrimitiveSource
=== RUN   TestCheckedViewObjectPrimitiveSource/optional-absent
    checked_views_object_primitive_unions_test.go:82: optional policy rollback caught: exit 70 stdout ""
    checked_views_object_primitive_unions_test.go:82: optional policy rollback caught: exit 70 stdout ""
=== RUN   TestCheckedViewObjectPrimitiveSource/optional-receiver
    checked_views_object_primitive_unions_test.go:82: optional policy rollback caught: exit 70 stdout "ok\n"
    checked_views_object_primitive_unions_test.go:82: optional policy rollback caught: exit 70 stdout "ok\n"
=== RUN   TestCheckedViewObjectPrimitiveSource/required-missing
=== RUN   TestCheckedViewObjectPrimitiveSource/comment-good
=== RUN   TestCheckedViewObjectPrimitiveSource/comment-flags-wrong
    checked_views_object_primitive_unions_test.go:160: wrong-shape acceptance caught: exit 0 stdout "nested:0\n"
    checked_views_object_primitive_unions_test.go:160: wrong-shape acceptance caught: exit 0 stdout "nested:false\n"
    checked_views_object_primitive_unions_test.go:190: read check removal caught (comment-flags-wrong): exit 0 stdout "nested:0\n"
    checked_views_object_primitive_unions_test.go:190: read check removal caught (comment-flags-wrong): exit 0 stdout "nested:false\n"
=== RUN   TestCheckedViewObjectPrimitiveSource/comment-boolean
    checked_views_object_primitive_unions_test.go:103: outer wrong-member acceptance caught (comment-boolean): exit 0 stdout "wrong\n"
    checked_views_object_primitive_unions_test.go:103: outer wrong-member acceptance caught (comment-boolean): exit 0 stdout "wrong\n"
    checked_views_object_primitive_unions_test.go:190: read check removal caught (comment-boolean): exit 0 stdout "absent\n"
    checked_views_object_primitive_unions_test.go:190: read check removal caught (comment-boolean): exit 0 stdout "wrong\n"
=== RUN   TestCheckedViewObjectPrimitiveSource/literal-good
=== RUN   TestCheckedViewObjectPrimitiveSource/literal-boolean
    checked_views_object_primitive_unions_test.go:103: outer wrong-member acceptance caught (literal-boolean): exit 0 stdout "wrong\n"
    checked_views_object_primitive_unions_test.go:103: outer wrong-member acceptance caught (literal-boolean): exit 0 stdout "wrong\n"
    checked_views_object_primitive_unions_test.go:190: read check removal caught (literal-boolean): exit 0 stdout "wrong\n"
    checked_views_object_primitive_unions_test.go:190: read check removal caught (literal-boolean): exit 0 stdout "wrong\n"
=== RUN   TestCheckedViewObjectPrimitiveSource/literal-negative-wrong
    checked_views_object_primitive_unions_test.go:160: wrong-shape acceptance caught: exit 0 stdout "true:123\n"
    checked_views_object_primitive_unions_test.go:160: wrong-shape acceptance caught: exit 0 stdout "42:123\n"
    checked_views_object_primitive_unions_test.go:190: read check removal caught (literal-negative-wrong): exit 0 stdout "false:123\n"
    checked_views_object_primitive_unions_test.go:190: read check removal caught (literal-negative-wrong): exit 0 stdout "42:123\n"
=== RUN   TestCheckedViewObjectPrimitiveSource/literal-text-wrong
=== RUN   TestCheckedViewObjectPrimitiveSource/node-indicator-false
    checked_views_object_primitive_unions_test.go:130: wrong-member acceptance caught: exit 0 stdout "false\n"
    checked_views_object_primitive_unions_test.go:130: wrong-member acceptance caught: exit 0 stdout "false\n"
    checked_views_object_primitive_unions_test.go:190: read check removal caught (node-indicator-false): exit 0 stdout "absent\n"
    checked_views_object_primitive_unions_test.go:190: read check removal caught (node-indicator-false): exit 0 stdout "false\n"
=== RUN   TestCheckedViewObjectPrimitiveSource/diagnostic-boolean
=== RUN   TestCheckedViewObjectPrimitiveSource/diagnostic-code-wrong
    checked_views_object_primitive_unions_test.go:160: wrong-shape acceptance caught: exit 0 stdout "0\n"
    checked_views_object_primitive_unions_test.go:160: wrong-shape acceptance caught: exit 0 stdout "false\n"
    checked_views_object_primitive_unions_test.go:190: read check removal caught (diagnostic-code-wrong): exit 0 stdout "0\n"
    checked_views_object_primitive_unions_test.go:190: read check removal caught (diagnostic-code-wrong): exit 0 stdout "false\n"
=== RUN   TestCheckedViewObjectPrimitiveSource/node-indicator-flags-wrong
    checked_views_object_primitive_unions_test.go:160: wrong-shape acceptance caught: exit 0 stdout "0\n"
    checked_views_object_primitive_unions_test.go:160: wrong-shape acceptance caught: exit 0 stdout "false\n"
    checked_views_object_primitive_unions_test.go:190: read check removal caught (node-indicator-flags-wrong): exit 0 stdout "0\n"
    checked_views_object_primitive_unions_test.go:190: read check removal caught (node-indicator-flags-wrong): exit 0 stdout "false\n"
=== RUN   TestCheckedViewObjectPrimitiveSource/diagnostic-good
=== RUN   TestCheckedViewObjectPrimitiveSource/diagnostic-wrong
=== RUN   TestCheckedViewObjectPrimitiveSource/node-indicator-good
=== RUN   TestCheckedViewObjectPrimitiveSource/node-indicator-wrong
--- PASS: TestCheckedViewObjectPrimitiveSource (12.89s)
    --- PASS: TestCheckedViewObjectPrimitiveSource/optional-absent (0.54s)
    --- PASS: TestCheckedViewObjectPrimitiveSource/optional-receiver (0.59s)
    --- PASS: TestCheckedViewObjectPrimitiveSource/required-missing (0.46s)
    --- PASS: TestCheckedViewObjectPrimitiveSource/comment-good (0.83s)
    --- PASS: TestCheckedViewObjectPrimitiveSource/comment-flags-wrong (1.09s)
    --- PASS: TestCheckedViewObjectPrimitiveSource/comment-boolean (0.92s)
    --- PASS: TestCheckedViewObjectPrimitiveSource/literal-good (0.70s)
    --- PASS: TestCheckedViewObjectPrimitiveSource/literal-boolean (1.04s)
    --- PASS: TestCheckedViewObjectPrimitiveSource/literal-negative-wrong (0.96s)
    --- PASS: TestCheckedViewObjectPrimitiveSource/literal-text-wrong (0.56s)
    --- PASS: TestCheckedViewObjectPrimitiveSource/node-indicator-false (1.04s)
    --- PASS: TestCheckedViewObjectPrimitiveSource/diagnostic-boolean (0.54s)
    --- PASS: TestCheckedViewObjectPrimitiveSource/diagnostic-code-wrong (1.03s)
    --- PASS: TestCheckedViewObjectPrimitiveSource/node-indicator-flags-wrong (0.82s)
    --- PASS: TestCheckedViewObjectPrimitiveSource/diagnostic-good (0.43s)
    --- PASS: TestCheckedViewObjectPrimitiveSource/diagnostic-wrong (0.43s)
    --- PASS: TestCheckedViewObjectPrimitiveSource/node-indicator-good (0.47s)
    --- PASS: TestCheckedViewObjectPrimitiveSource/node-indicator-wrong (0.43s)
=== RUN   TestCheckedViewObjectPrimitiveOriginalPairs
=== RUN   TestCheckedViewObjectPrimitiveOriginalPairs/conditional-good
=== RUN   TestCheckedViewObjectPrimitiveOriginalPairs/conditional-true
    checked_views_object_primitive_unions_test.go:371: accept wrong union member caught: exit 0 stdout "true\n"
    checked_views_object_primitive_unions_test.go:371: accept wrong union member caught: exit 0 stdout "true\n"
    checked_views_object_primitive_unions_test.go:371: skip outer union check caught: exit 0 stdout "true\n"
    checked_views_object_primitive_unions_test.go:371: skip outer union check caught: exit 0 stdout "true\n"
=== RUN   TestCheckedViewObjectPrimitiveOriginalPairs/conditional-flags-wrong
    checked_views_object_primitive_unions_test.go:371: accept wrong nested shape caught: exit 0 stdout "0\n"
    checked_views_object_primitive_unions_test.go:371: accept wrong nested shape caught: exit 0 stdout "false\n"
    checked_views_object_primitive_unions_test.go:371: drop transitive check caught: exit 0 stdout "0\n"
    checked_views_object_primitive_unions_test.go:371: drop transitive check caught: exit 0 stdout "false\n"
=== RUN   TestCheckedViewObjectPrimitiveOriginalPairs/location-good
=== RUN   TestCheckedViewObjectPrimitiveOriginalPairs/location-boolean
    checked_views_object_primitive_unions_test.go:371: accept wrong union member caught: exit 0 stdout "wrong\n"
    checked_views_object_primitive_unions_test.go:371: accept wrong union member caught: exit 0 stdout "wrong\n"
    checked_views_object_primitive_unions_test.go:371: skip outer union check caught: exit 0 stdout "wrong\n"
    checked_views_object_primitive_unions_test.go:371: skip outer union check caught: exit 0 stdout "wrong\n"
=== RUN   TestCheckedViewObjectPrimitiveOriginalPairs/location-code-wrong
    checked_views_object_primitive_unions_test.go:371: accept wrong nested shape caught: exit 0 stdout "chain:0\n"
    checked_views_object_primitive_unions_test.go:371: accept wrong nested shape caught: exit 0 stdout "chain:false\n"
    checked_views_object_primitive_unions_test.go:371: drop transitive check caught: exit 0 stdout "chain:0\n"
    checked_views_object_primitive_unions_test.go:371: drop transitive check caught: exit 0 stdout "chain:false\n"
=== RUN   TestCheckedViewObjectPrimitiveOriginalPairs/detached-good
=== RUN   TestCheckedViewObjectPrimitiveOriginalPairs/detached-boolean
    checked_views_object_primitive_unions_test.go:371: accept wrong union member caught: exit 0 stdout "wrong\n"
    checked_views_object_primitive_unions_test.go:371: accept wrong union member caught: exit 0 stdout "wrong\n"
    checked_views_object_primitive_unions_test.go:371: skip outer union check caught: exit 0 stdout "wrong\n"
    checked_views_object_primitive_unions_test.go:371: skip outer union check caught: exit 0 stdout "wrong\n"
=== RUN   TestCheckedViewObjectPrimitiveOriginalPairs/detached-code-wrong
    checked_views_object_primitive_unions_test.go:371: accept wrong nested shape caught: exit 0 stdout "chain:0\n"
    checked_views_object_primitive_unions_test.go:371: accept wrong nested shape caught: exit 0 stdout "chain:false\n"
    checked_views_object_primitive_unions_test.go:371: drop transitive check caught: exit 0 stdout "chain:0\n"
    checked_views_object_primitive_unions_test.go:371: drop transitive check caught: exit 0 stdout "chain:false\n"
=== RUN   TestCheckedViewObjectPrimitiveOriginalPairs/related-good
=== RUN   TestCheckedViewObjectPrimitiveOriginalPairs/related-boolean
    checked_views_object_primitive_unions_test.go:371: accept wrong union member caught: exit 0 stdout "wrong\n"
    checked_views_object_primitive_unions_test.go:371: accept wrong union member caught: exit 0 stdout "wrong\n"
    checked_views_object_primitive_unions_test.go:371: skip outer union check caught: exit 0 stdout "wrong\n"
    checked_views_object_primitive_unions_test.go:371: skip outer union check caught: exit 0 stdout "wrong\n"
=== RUN   TestCheckedViewObjectPrimitiveOriginalPairs/related-code-wrong
    checked_views_object_primitive_unions_test.go:371: accept wrong nested shape caught: exit 0 stdout "chain:0\n"
    checked_views_object_primitive_unions_test.go:371: accept wrong nested shape caught: exit 0 stdout "chain:false\n"
    checked_views_object_primitive_unions_test.go:371: drop transitive check caught: exit 0 stdout "chain:0\n"
    checked_views_object_primitive_unions_test.go:371: drop transitive check caught: exit 0 stdout "chain:false\n"
=== RUN   TestCheckedViewObjectPrimitiveOriginalPairs/generated-good
=== RUN   TestCheckedViewObjectPrimitiveOriginalPairs/generated-boolean
    checked_views_object_primitive_unions_test.go:371: accept wrong union member caught: exit 0 stdout "wrong\n"
    checked_views_object_primitive_unions_test.go:371: accept wrong union member caught: exit 0 stdout "wrong\n"
    checked_views_object_primitive_unions_test.go:371: skip outer union check caught: exit 0 stdout "wrong\n"
    checked_views_object_primitive_unions_test.go:371: skip outer union check caught: exit 0 stdout "wrong\n"
=== RUN   TestCheckedViewObjectPrimitiveOriginalPairs/generated-prefix-wrong
    checked_views_object_primitive_unions_test.go:371: drop transitive check caught: exit 0 stdout "undefined\n"
    checked_views_object_primitive_unions_test.go:371: drop transitive check caught: exit 0 stdout "false\n"
=== RUN   TestCheckedViewObjectPrimitiveOriginalPairs/literal-good
=== RUN   TestCheckedViewObjectPrimitiveOriginalPairs/literal-boolean
    checked_views_object_primitive_unions_test.go:371: accept wrong union member caught: exit 0 stdout "wrong\n"
    checked_views_object_primitive_unions_test.go:371: accept wrong union member caught: exit 0 stdout "wrong\n"
    checked_views_object_primitive_unions_test.go:371: skip outer union check caught: exit 0 stdout "wrong\n"
    checked_views_object_primitive_unions_test.go:371: skip outer union check caught: exit 0 stdout "wrong\n"
=== RUN   TestCheckedViewObjectPrimitiveOriginalPairs/literal-negative-wrong
    checked_views_object_primitive_unions_test.go:371: accept wrong nested shape caught: exit 0 stdout "true:123\n"
    checked_views_object_primitive_unions_test.go:371: accept wrong nested shape caught: exit 0 stdout "42:123\n"
    checked_views_object_primitive_unions_test.go:371: drop transitive check caught: exit 0 stdout "false:123\n"
    checked_views_object_primitive_unions_test.go:371: drop transitive check caught: exit 0 stdout "42:123\n"
=== RUN   TestCheckedViewObjectPrimitiveOriginalPairs/literal-text-wrong
=== RUN   TestCheckedViewObjectPrimitiveOriginalPairs/source-file-helpers-good
=== RUN   TestCheckedViewObjectPrimitiveOriginalPairs/source-file-helpers-false
    checked_views_object_primitive_unions_test.go:371: accept wrong union member caught: exit 0 stdout "false\n"
    checked_views_object_primitive_unions_test.go:371: accept wrong union member caught: exit 0 stdout "false\n"
    checked_views_object_primitive_unions_test.go:371: skip outer union check caught: exit 0 stdout "absent\n"
    checked_views_object_primitive_unions_test.go:371: skip outer union check caught: exit 0 stdout "false\n"
=== RUN   TestCheckedViewObjectPrimitiveOriginalPairs/source-file-uninitialized
    checked_views_object_primitive_unions_test.go:371: treat uninitialized optional slot as undefined caught: exit 0 stdout "absent\n"
    checked_views_object_primitive_unions_test.go:371: treat uninitialized optional slot as undefined caught: exit 0 stdout "absent\n"
=== RUN   TestCheckedViewObjectPrimitiveOriginalPairs/source-file-good
    checked_views_object_primitive_unions_test.go:408: reject allowed absence caught: exit 70 stdout "true\n80\nabsent\n"
    checked_views_object_primitive_unions_test.go:408: reject allowed absence caught: exit 70 stdout "true\n80\nabsent\n"
=== RUN   TestCheckedViewObjectPrimitiveOriginalPairs/source-file-false
    checked_views_object_primitive_unions_test.go:371: accept wrong union member caught: exit 0 stdout "false\n"
    checked_views_object_primitive_unions_test.go:371: accept wrong union member caught: exit 0 stdout "false\n"
    checked_views_object_primitive_unions_test.go:371: skip outer union check caught: exit 0 stdout "absent\n"
    checked_views_object_primitive_unions_test.go:371: skip outer union check caught: exit 0 stdout "false\n"
=== RUN   TestCheckedViewObjectPrimitiveOriginalPairs/source-file-kind-wrong
    checked_views_object_primitive_unions_test.go:371: accept wrong nested shape caught: exit 0 stdout "0\n"
    checked_views_object_primitive_unions_test.go:371: accept wrong nested shape caught: exit 0 stdout "false\n"
    checked_views_object_primitive_unions_test.go:371: drop transitive check caught: exit 0 stdout "0\n"
    checked_views_object_primitive_unions_test.go:371: drop transitive check caught: exit 0 stdout "false\n"
=== RUN   TestCheckedViewObjectPrimitiveOriginalPairs/diagnostic-good
=== RUN   TestCheckedViewObjectPrimitiveOriginalPairs/diagnostic-boolean
    checked_views_object_primitive_unions_test.go:371: accept wrong union member caught: exit 0 stdout "wrong\n"
    checked_views_object_primitive_unions_test.go:371: accept wrong union member caught: exit 0 stdout "wrong\n"
    checked_views_object_primitive_unions_test.go:371: skip outer union check caught: exit 0 stdout "wrong\n"
    checked_views_object_primitive_unions_test.go:371: skip outer union check caught: exit 0 stdout "wrong\n"
=== RUN   TestCheckedViewObjectPrimitiveOriginalPairs/diagnostic-code-wrong
    checked_views_object_primitive_unions_test.go:371: accept wrong nested shape caught: exit 0 stdout "chain:0\n"
    checked_views_object_primitive_unions_test.go:371: accept wrong nested shape caught: exit 0 stdout "chain:false\n"
    checked_views_object_primitive_unions_test.go:371: drop transitive check caught: exit 0 stdout "chain:0\n"
    checked_views_object_primitive_unions_test.go:371: drop transitive check caught: exit 0 stdout "chain:false\n"
=== RUN   TestCheckedViewObjectPrimitiveOriginalPairs/bindable-expression-unread
=== RUN   TestCheckedViewObjectPrimitiveOriginalPairs/bindable-expression-frontier
    checked_views_object_primitive_unions_test.go:505: uncertified original pair: checked view read of field kind with unsupported union intersection contract
=== RUN   TestCheckedViewObjectPrimitiveOriginalPairs/jsdoc-parent-probe
    checked_views_object_primitive_unions_test.go:505: uncertified original pair: checked view read of field kind with unsupported union intersection contract
=== RUN   TestCheckedViewObjectPrimitiveOriginalPairs/compiler-options-key-probe
    checked_views_object_primitive_unions_test.go:505: uncertified original pair: a cast the runtime can't check
=== RUN   TestCheckedViewObjectPrimitiveOriginalPairs/bindable-static-left-probe
    checked_views_object_primitive_unions_test.go:505: uncertified original pair: checked view read of field kind with unsupported union intersection contract
=== RUN   TestCheckedViewObjectPrimitiveOriginalPairs/bindable-left-probe
    checked_views_object_primitive_unions_test.go:505: uncertified original pair: checked view read of field kind with unsupported union intersection contract
=== RUN   TestCheckedViewObjectPrimitiveOriginalPairs/jsdoc-comment-probe
    checked_views_object_primitive_unions_test.go:513: uncertified original pair: a template interpolating a union with an object, an array, a map or a function in it
--- PASS: TestCheckedViewObjectPrimitiveOriginalPairs (47.00s)
    --- PASS: TestCheckedViewObjectPrimitiveOriginalPairs/conditional-good (1.52s)
    --- PASS: TestCheckedViewObjectPrimitiveOriginalPairs/conditional-true (2.03s)
    --- PASS: TestCheckedViewObjectPrimitiveOriginalPairs/conditional-flags-wrong (2.02s)
    --- PASS: TestCheckedViewObjectPrimitiveOriginalPairs/location-good (1.54s)
    --- PASS: TestCheckedViewObjectPrimitiveOriginalPairs/location-boolean (1.76s)
    --- PASS: TestCheckedViewObjectPrimitiveOriginalPairs/location-code-wrong (1.68s)
    --- PASS: TestCheckedViewObjectPrimitiveOriginalPairs/detached-good (1.05s)
    --- PASS: TestCheckedViewObjectPrimitiveOriginalPairs/detached-boolean (1.19s)
    --- PASS: TestCheckedViewObjectPrimitiveOriginalPairs/detached-code-wrong (1.65s)
    --- PASS: TestCheckedViewObjectPrimitiveOriginalPairs/related-good (1.34s)
    --- PASS: TestCheckedViewObjectPrimitiveOriginalPairs/related-boolean (1.68s)
    --- PASS: TestCheckedViewObjectPrimitiveOriginalPairs/related-code-wrong (1.79s)
    --- PASS: TestCheckedViewObjectPrimitiveOriginalPairs/generated-good (1.48s)
    --- PASS: TestCheckedViewObjectPrimitiveOriginalPairs/generated-boolean (1.64s)
    --- PASS: TestCheckedViewObjectPrimitiveOriginalPairs/generated-prefix-wrong (1.14s)
    --- PASS: TestCheckedViewObjectPrimitiveOriginalPairs/literal-good (1.12s)
    --- PASS: TestCheckedViewObjectPrimitiveOriginalPairs/literal-boolean (2.01s)
    --- PASS: TestCheckedViewObjectPrimitiveOriginalPairs/literal-negative-wrong (1.88s)
    --- PASS: TestCheckedViewObjectPrimitiveOriginalPairs/literal-text-wrong (1.54s)
    --- PASS: TestCheckedViewObjectPrimitiveOriginalPairs/source-file-helpers-good (1.45s)
    --- PASS: TestCheckedViewObjectPrimitiveOriginalPairs/source-file-helpers-false (1.66s)
    --- PASS: TestCheckedViewObjectPrimitiveOriginalPairs/source-file-uninitialized (1.39s)
    --- PASS: TestCheckedViewObjectPrimitiveOriginalPairs/source-file-good (1.21s)
    --- PASS: TestCheckedViewObjectPrimitiveOriginalPairs/source-file-false (1.51s)
    --- PASS: TestCheckedViewObjectPrimitiveOriginalPairs/source-file-kind-wrong (1.83s)
    --- PASS: TestCheckedViewObjectPrimitiveOriginalPairs/diagnostic-good (1.18s)
    --- PASS: TestCheckedViewObjectPrimitiveOriginalPairs/diagnostic-boolean (1.46s)
    --- PASS: TestCheckedViewObjectPrimitiveOriginalPairs/diagnostic-code-wrong (1.54s)
    --- PASS: TestCheckedViewObjectPrimitiveOriginalPairs/bindable-expression-unread (1.32s)
    --- PASS: TestCheckedViewObjectPrimitiveOriginalPairs/bindable-expression-frontier (0.57s)
    --- PASS: TestCheckedViewObjectPrimitiveOriginalPairs/jsdoc-parent-probe (0.54s)
    --- PASS: TestCheckedViewObjectPrimitiveOriginalPairs/compiler-options-key-probe (0.37s)
    --- PASS: TestCheckedViewObjectPrimitiveOriginalPairs/bindable-static-left-probe (0.31s)
    --- PASS: TestCheckedViewObjectPrimitiveOriginalPairs/bindable-left-probe (0.31s)
    --- PASS: TestCheckedViewObjectPrimitiveOriginalPairs/jsdoc-comment-probe (0.28s)
=== RUN   TestCheckedViewObjects
=== RUN   TestCheckedViewObjects/objects-good
=== RUN   TestCheckedViewObjects/objects-untagged-good
=== RUN   TestCheckedViewObjects/objects-untagged-wrong
=== RUN   TestCheckedViewObjects/objects-wrong-nested
    checked_views_objects_test.go:44: skip transitive view caught by pinned exit/message with valid C
=== RUN   TestCheckedViewObjects/objects-missing-nested
=== RUN   TestCheckedViewObjects/objects-uninitialized-nested
--- PASS: TestCheckedViewObjects (2.38s)
    --- PASS: TestCheckedViewObjects/objects-good (0.40s)
    --- PASS: TestCheckedViewObjects/objects-untagged-good (0.39s)
    --- PASS: TestCheckedViewObjects/objects-untagged-wrong (0.32s)
    --- PASS: TestCheckedViewObjects/objects-wrong-nested (0.42s)
    --- PASS: TestCheckedViewObjects/objects-missing-nested (0.43s)
    --- PASS: TestCheckedViewObjects/objects-uninitialized-nested (0.41s)
=== RUN   TestCheckedViewOptionalDeclarations
=== PAUSE TestCheckedViewOptionalDeclarations
=== RUN   TestCheckedViewPrimitiveHeap
--- PASS: TestCheckedViewPrimitiveHeap (0.59s)
=== RUN   TestCheckedViewBrandCandidatePairs
=== RUN   TestCheckedViewBrandCandidatePairs/7618:escapedText/good
=== RUN   TestCheckedViewBrandCandidatePairs/7618:escapedText/undefined
=== RUN   TestCheckedViewBrandCandidatePairs/7618:escapedText/wrong
    checked_views_primitive_pairs_test.go:74: read-check bypass caught: exit 0 stdout "uncheckedunchecked\n"
    checked_views_primitive_pairs_test.go:74: read-check bypass caught: exit 0 stdout "uncheckedunchecked\n"
=== RUN   TestCheckedViewBrandCandidatePairs/7618:escapedText/null
=== RUN   TestCheckedViewBrandCandidatePairs/7618:escapedText/missing
=== RUN   TestCheckedViewBrandCandidatePairs/7619:escapedText/good
=== RUN   TestCheckedViewBrandCandidatePairs/7619:escapedText/undefined
=== RUN   TestCheckedViewBrandCandidatePairs/7619:escapedText/wrong
    checked_views_primitive_pairs_test.go:74: read-check bypass caught: exit 0 stdout "uncheckedunchecked\n"
    checked_views_primitive_pairs_test.go:74: read-check bypass caught: exit 0 stdout "uncheckedunchecked\n"
=== RUN   TestCheckedViewBrandCandidatePairs/7619:escapedText/null
=== RUN   TestCheckedViewBrandCandidatePairs/7619:escapedText/missing
=== RUN   TestCheckedViewBrandCandidatePairs/10393:escapedName/good
=== RUN   TestCheckedViewBrandCandidatePairs/10393:escapedName/undefined
=== RUN   TestCheckedViewBrandCandidatePairs/10393:escapedName/wrong
    checked_views_primitive_pairs_test.go:74: read-check bypass caught: exit 0 stdout "uncheckedunchecked\n"
    checked_views_primitive_pairs_test.go:74: read-check bypass caught: exit 0 stdout "uncheckedunchecked\n"
=== RUN   TestCheckedViewBrandCandidatePairs/10393:escapedName/null
=== RUN   TestCheckedViewBrandCandidatePairs/10393:escapedName/missing
=== RUN   TestCheckedViewBrandCandidatePairs/9170:escapedText/good
=== RUN   TestCheckedViewBrandCandidatePairs/9170:escapedText/undefined
=== RUN   TestCheckedViewBrandCandidatePairs/9170:escapedText/wrong
    checked_views_primitive_pairs_test.go:74: read-check bypass caught: exit 0 stdout "uncheckedunchecked\n"
    checked_views_primitive_pairs_test.go:74: read-check bypass caught: exit 0 stdout "uncheckedunchecked\n"
=== RUN   TestCheckedViewBrandCandidatePairs/9170:escapedText/null
=== RUN   TestCheckedViewBrandCandidatePairs/9170:escapedText/missing
=== RUN   TestCheckedViewBrandCandidatePairs/9228:escapedText/good
=== RUN   TestCheckedViewBrandCandidatePairs/9228:escapedText/undefined
=== RUN   TestCheckedViewBrandCandidatePairs/9228:escapedText/wrong
    checked_views_primitive_pairs_test.go:74: read-check bypass caught: exit 0 stdout "uncheckedunchecked\n"
    checked_views_primitive_pairs_test.go:74: read-check bypass caught: exit 0 stdout "uncheckedunchecked\n"
=== RUN   TestCheckedViewBrandCandidatePairs/9228:escapedText/null
=== RUN   TestCheckedViewBrandCandidatePairs/9228:escapedText/missing
=== RUN   TestCheckedViewBrandCandidatePairs/8654:keyPropertyName/good
=== RUN   TestCheckedViewBrandCandidatePairs/8654:keyPropertyName/undefined
=== RUN   TestCheckedViewBrandCandidatePairs/8654:keyPropertyName/wrong
    checked_views_primitive_pairs_test.go:74: read-check bypass caught: exit 0 stdout "uncheckedunchecked\n"
    checked_views_primitive_pairs_test.go:74: read-check bypass caught: exit 0 stdout "uncheckedunchecked\n"
=== RUN   TestCheckedViewBrandCandidatePairs/8654:keyPropertyName/null
=== RUN   TestCheckedViewBrandCandidatePairs/8654:keyPropertyName/missing
=== RUN   TestCheckedViewBrandCandidatePairs/10782:escapedName/good
=== RUN   TestCheckedViewBrandCandidatePairs/10782:escapedName/undefined
=== RUN   TestCheckedViewBrandCandidatePairs/10782:escapedName/wrong
    checked_views_primitive_pairs_test.go:74: read-check bypass caught: exit 0 stdout "uncheckedunchecked\n"
    checked_views_primitive_pairs_test.go:74: read-check bypass caught: exit 0 stdout "uncheckedunchecked\n"
=== RUN   TestCheckedViewBrandCandidatePairs/10782:escapedName/null
=== RUN   TestCheckedViewBrandCandidatePairs/10782:escapedName/missing
=== RUN   TestCheckedViewBrandCandidatePairs/6998:localJsxFragmentNamespace/good
=== RUN   TestCheckedViewBrandCandidatePairs/6998:localJsxFragmentNamespace/undefined
=== RUN   TestCheckedViewBrandCandidatePairs/6998:localJsxFragmentNamespace/wrong
    checked_views_primitive_pairs_test.go:74: read-check bypass caught: exit 0 stdout "uncheckedunchecked\n"
    checked_views_primitive_pairs_test.go:74: read-check bypass caught: exit 0 stdout "uncheckedunchecked\n"
=== RUN   TestCheckedViewBrandCandidatePairs/6998:localJsxFragmentNamespace/null
=== RUN   TestCheckedViewBrandCandidatePairs/6998:localJsxFragmentNamespace/missing
=== RUN   TestCheckedViewBrandCandidatePairs/6998:localJsxNamespace/good
=== RUN   TestCheckedViewBrandCandidatePairs/6998:localJsxNamespace/undefined
=== RUN   TestCheckedViewBrandCandidatePairs/6998:localJsxNamespace/wrong
    checked_views_primitive_pairs_test.go:74: read-check bypass caught: exit 0 stdout "uncheckedunchecked\n"
    checked_views_primitive_pairs_test.go:74: read-check bypass caught: exit 0 stdout "uncheckedunchecked\n"
=== RUN   TestCheckedViewBrandCandidatePairs/6998:localJsxNamespace/null
=== RUN   TestCheckedViewBrandCandidatePairs/6998:localJsxNamespace/missing
=== RUN   TestCheckedViewBrandCandidatePairs/7612:escapedText/good
=== RUN   TestCheckedViewBrandCandidatePairs/7612:escapedText/undefined
=== RUN   TestCheckedViewBrandCandidatePairs/7612:escapedText/wrong
    checked_views_primitive_pairs_test.go:74: read-check bypass caught: exit 0 stdout "uncheckedunchecked\n"
    checked_views_primitive_pairs_test.go:74: read-check bypass caught: exit 0 stdout "uncheckedunchecked\n"
=== RUN   TestCheckedViewBrandCandidatePairs/7612:escapedText/null
=== RUN   TestCheckedViewBrandCandidatePairs/7612:escapedText/missing
=== RUN   TestCheckedViewBrandCandidatePairs/9477:escapedText/good
=== RUN   TestCheckedViewBrandCandidatePairs/9477:escapedText/undefined
=== RUN   TestCheckedViewBrandCandidatePairs/9477:escapedText/wrong
    checked_views_primitive_pairs_test.go:74: read-check bypass caught: exit 0 stdout "uncheckedunchecked\n"
    checked_views_primitive_pairs_test.go:74: read-check bypass caught: exit 0 stdout "uncheckedunchecked\n"
=== RUN   TestCheckedViewBrandCandidatePairs/9477:escapedText/null
=== RUN   TestCheckedViewBrandCandidatePairs/9477:escapedText/missing
=== RUN   TestCheckedViewBrandCandidatePairs/8588:escapedName/good
=== RUN   TestCheckedViewBrandCandidatePairs/8588:escapedName/undefined
=== RUN   TestCheckedViewBrandCandidatePairs/8588:escapedName/wrong
    checked_views_primitive_pairs_test.go:74: read-check bypass caught: exit 0 stdout "uncheckedunchecked\n"
    checked_views_primitive_pairs_test.go:74: read-check bypass caught: exit 0 stdout "uncheckedunchecked\n"
=== RUN   TestCheckedViewBrandCandidatePairs/8588:escapedName/null
=== RUN   TestCheckedViewBrandCandidatePairs/8588:escapedName/missing
--- PASS: TestCheckedViewBrandCandidatePairs (38.08s)
    --- PASS: TestCheckedViewBrandCandidatePairs/7618:escapedText/good (0.61s)
    --- PASS: TestCheckedViewBrandCandidatePairs/7618:escapedText/undefined (0.57s)
    --- PASS: TestCheckedViewBrandCandidatePairs/7618:escapedText/wrong (0.50s)
    --- PASS: TestCheckedViewBrandCandidatePairs/7618:escapedText/null (0.28s)
    --- PASS: TestCheckedViewBrandCandidatePairs/7618:escapedText/missing (0.42s)
    --- PASS: TestCheckedViewBrandCandidatePairs/7619:escapedText/good (0.53s)
    --- PASS: TestCheckedViewBrandCandidatePairs/7619:escapedText/undefined (0.53s)
    --- PASS: TestCheckedViewBrandCandidatePairs/7619:escapedText/wrong (0.61s)
    --- PASS: TestCheckedViewBrandCandidatePairs/7619:escapedText/null (0.28s)
    --- PASS: TestCheckedViewBrandCandidatePairs/7619:escapedText/missing (0.50s)
    --- PASS: TestCheckedViewBrandCandidatePairs/10393:escapedName/good (0.74s)
    --- PASS: TestCheckedViewBrandCandidatePairs/10393:escapedName/undefined (0.60s)
    --- PASS: TestCheckedViewBrandCandidatePairs/10393:escapedName/wrong (0.57s)
    --- PASS: TestCheckedViewBrandCandidatePairs/10393:escapedName/null (0.30s)
    --- PASS: TestCheckedViewBrandCandidatePairs/10393:escapedName/missing (0.32s)
    --- PASS: TestCheckedViewBrandCandidatePairs/9170:escapedText/good (0.50s)
    --- PASS: TestCheckedViewBrandCandidatePairs/9170:escapedText/undefined (0.40s)
    --- PASS: TestCheckedViewBrandCandidatePairs/9170:escapedText/wrong (0.32s)
    --- PASS: TestCheckedViewBrandCandidatePairs/9170:escapedText/null (0.22s)
    --- PASS: TestCheckedViewBrandCandidatePairs/9170:escapedText/missing (0.21s)
    --- PASS: TestCheckedViewBrandCandidatePairs/9228:escapedText/good (0.39s)
    --- PASS: TestCheckedViewBrandCandidatePairs/9228:escapedText/undefined (0.39s)
    --- PASS: TestCheckedViewBrandCandidatePairs/9228:escapedText/wrong (0.33s)
    --- PASS: TestCheckedViewBrandCandidatePairs/9228:escapedText/null (0.22s)
    --- PASS: TestCheckedViewBrandCandidatePairs/9228:escapedText/missing (0.22s)
    --- PASS: TestCheckedViewBrandCandidatePairs/8654:keyPropertyName/good (0.52s)
    --- PASS: TestCheckedViewBrandCandidatePairs/8654:keyPropertyName/undefined (0.58s)
    --- PASS: TestCheckedViewBrandCandidatePairs/8654:keyPropertyName/wrong (0.50s)
    --- PASS: TestCheckedViewBrandCandidatePairs/8654:keyPropertyName/null (0.24s)
    --- PASS: TestCheckedViewBrandCandidatePairs/8654:keyPropertyName/missing (0.53s)
    --- PASS: TestCheckedViewBrandCandidatePairs/10782:escapedName/good (0.69s)
    --- PASS: TestCheckedViewBrandCandidatePairs/10782:escapedName/undefined (0.96s)
    --- PASS: TestCheckedViewBrandCandidatePairs/10782:escapedName/wrong (1.78s)
    --- PASS: TestCheckedViewBrandCandidatePairs/10782:escapedName/null (1.12s)
    --- PASS: TestCheckedViewBrandCandidatePairs/10782:escapedName/missing (1.45s)
    --- PASS: TestCheckedViewBrandCandidatePairs/6998:localJsxFragmentNamespace/good (2.40s)
    --- PASS: TestCheckedViewBrandCandidatePairs/6998:localJsxFragmentNamespace/undefined (4.32s)
    --- PASS: TestCheckedViewBrandCandidatePairs/6998:localJsxFragmentNamespace/wrong (3.22s)
    --- PASS: TestCheckedViewBrandCandidatePairs/6998:localJsxFragmentNamespace/null (0.76s)
    --- PASS: TestCheckedViewBrandCandidatePairs/6998:localJsxFragmentNamespace/missing (0.72s)
    --- PASS: TestCheckedViewBrandCandidatePairs/6998:localJsxNamespace/good (0.50s)
    --- PASS: TestCheckedViewBrandCandidatePairs/6998:localJsxNamespace/undefined (0.51s)
    --- PASS: TestCheckedViewBrandCandidatePairs/6998:localJsxNamespace/wrong (0.47s)
    --- PASS: TestCheckedViewBrandCandidatePairs/6998:localJsxNamespace/null (0.22s)
    --- PASS: TestCheckedViewBrandCandidatePairs/6998:localJsxNamespace/missing (0.39s)
    --- PASS: TestCheckedViewBrandCandidatePairs/7612:escapedText/good (0.39s)
    --- PASS: TestCheckedViewBrandCandidatePairs/7612:escapedText/undefined (0.38s)
    --- PASS: TestCheckedViewBrandCandidatePairs/7612:escapedText/wrong (0.33s)
    --- PASS: TestCheckedViewBrandCandidatePairs/7612:escapedText/null (0.22s)
    --- PASS: TestCheckedViewBrandCandidatePairs/7612:escapedText/missing (0.21s)
    --- PASS: TestCheckedViewBrandCandidatePairs/9477:escapedText/good (0.38s)
    --- PASS: TestCheckedViewBrandCandidatePairs/9477:escapedText/undefined (0.39s)
    --- PASS: TestCheckedViewBrandCandidatePairs/9477:escapedText/wrong (0.56s)
    --- PASS: TestCheckedViewBrandCandidatePairs/9477:escapedText/null (0.27s)
    --- PASS: TestCheckedViewBrandCandidatePairs/9477:escapedText/missing (0.42s)
    --- PASS: TestCheckedViewBrandCandidatePairs/8588:escapedName/good (0.59s)
    --- PASS: TestCheckedViewBrandCandidatePairs/8588:escapedName/undefined (0.52s)
    --- PASS: TestCheckedViewBrandCandidatePairs/8588:escapedName/wrong (0.40s)
    --- PASS: TestCheckedViewBrandCandidatePairs/8588:escapedName/null (0.25s)
    --- PASS: TestCheckedViewBrandCandidatePairs/8588:escapedName/missing (0.35s)
=== RUN   TestCheckedViewFiniteStringKeyComponent
=== RUN   TestCheckedViewFiniteStringKeyComponent/9761/target
=== RUN   TestCheckedViewFiniteStringKeyComponent/9761/strict
=== RUN   TestCheckedViewFiniteStringKeyComponent/9761/undefined
=== RUN   TestCheckedViewFiniteStringKeyComponent/9761/missing
=== RUN   TestCheckedViewFiniteStringKeyComponent/9761/wrong
    checked_views_primitive_pairs_test.go:127: literal-member bypass caught: exit 0 stdout "uncheckedunchecked\n"
    checked_views_primitive_pairs_test.go:127: literal-member bypass caught: exit 0 stdout "uncheckedunchecked\n"
=== RUN   TestCheckedViewFiniteStringKeyComponent/9761/number
=== RUN   TestCheckedViewFiniteStringKeyComponent/9761/null
=== RUN   TestCheckedViewFiniteStringKeyComponent/97180/target
=== RUN   TestCheckedViewFiniteStringKeyComponent/97180/strict
=== RUN   TestCheckedViewFiniteStringKeyComponent/97180/undefined
=== RUN   TestCheckedViewFiniteStringKeyComponent/97180/missing
=== RUN   TestCheckedViewFiniteStringKeyComponent/97180/wrong
    checked_views_primitive_pairs_test.go:127: literal-member bypass caught: exit 0 stdout "uncheckedunchecked\n"
    checked_views_primitive_pairs_test.go:127: literal-member bypass caught: exit 0 stdout "uncheckedunchecked\n"
=== RUN   TestCheckedViewFiniteStringKeyComponent/97180/number
=== RUN   TestCheckedViewFiniteStringKeyComponent/97180/null
--- PASS: TestCheckedViewFiniteStringKeyComponent (6.49s)
    --- PASS: TestCheckedViewFiniteStringKeyComponent/9761/target (0.52s)
    --- PASS: TestCheckedViewFiniteStringKeyComponent/9761/strict (0.54s)
    --- PASS: TestCheckedViewFiniteStringKeyComponent/9761/undefined (0.54s)
    --- PASS: TestCheckedViewFiniteStringKeyComponent/9761/missing (0.62s)
    --- PASS: TestCheckedViewFiniteStringKeyComponent/9761/wrong (0.51s)
    --- PASS: TestCheckedViewFiniteStringKeyComponent/9761/number (0.25s)
    --- PASS: TestCheckedViewFiniteStringKeyComponent/9761/null (0.26s)
    --- PASS: TestCheckedViewFiniteStringKeyComponent/97180/target (0.53s)
    --- PASS: TestCheckedViewFiniteStringKeyComponent/97180/strict (0.66s)
    --- PASS: TestCheckedViewFiniteStringKeyComponent/97180/undefined (0.56s)
    --- PASS: TestCheckedViewFiniteStringKeyComponent/97180/missing (0.69s)
    --- PASS: TestCheckedViewFiniteStringKeyComponent/97180/wrong (0.37s)
    --- PASS: TestCheckedViewFiniteStringKeyComponent/97180/number (0.23s)
    --- PASS: TestCheckedViewFiniteStringKeyComponent/97180/null (0.21s)
=== RUN   TestCheckedViewPrimitiveArrayPairGap
=== RUN   TestCheckedViewPrimitiveArrayPairGap/string
=== RUN   TestCheckedViewPrimitiveArrayPairGap/number
=== RUN   TestCheckedViewPrimitiveArrayPairGap/plain-number
=== RUN   TestCheckedViewPrimitiveArrayPairGap/plain-string
=== RUN   TestCheckedViewPrimitiveArrayPairGap/wrong
=== RUN   TestCheckedViewPrimitiveArrayPairGap/bounds
--- PASS: TestCheckedViewPrimitiveArrayPairGap (0.79s)
    --- PASS: TestCheckedViewPrimitiveArrayPairGap/string (0.14s)
    --- PASS: TestCheckedViewPrimitiveArrayPairGap/number (0.14s)
    --- PASS: TestCheckedViewPrimitiveArrayPairGap/plain-number (0.13s)
    --- PASS: TestCheckedViewPrimitiveArrayPairGap/plain-string (0.13s)
    --- PASS: TestCheckedViewPrimitiveArrayPairGap/wrong (0.13s)
    --- PASS: TestCheckedViewPrimitiveArrayPairGap/bounds (0.13s)
=== RUN   TestCheckedViewOpenCompilerOptionKeySelection
=== RUN   TestCheckedViewOpenCompilerOptionKeySelection/9761/string
=== RUN   TestCheckedViewOpenCompilerOptionKeySelection/9761/number
=== RUN   TestCheckedViewOpenCompilerOptionKeySelection/9761/undefined
=== RUN   TestCheckedViewOpenCompilerOptionKeySelection/9761/missing
=== RUN   TestCheckedViewOpenCompilerOptionKeySelection/9761/wrong
    checked_views_primitive_pairs_test.go:197: open-key read bypass caught: exit 0 stdout "uncheckedunchecked\n"
    checked_views_primitive_pairs_test.go:197: open-key read bypass caught: exit 0 stdout "uncheckedunchecked\n"
=== RUN   TestCheckedViewOpenCompilerOptionKeySelection/9761/null
    checked_views_primitive_pairs_test.go:197: open-key read bypass caught: exit 0 stdout "uncheckedunchecked\n"
    checked_views_primitive_pairs_test.go:197: open-key read bypass caught: exit 0 stdout "uncheckedunchecked\n"
=== RUN   TestCheckedViewOpenCompilerOptionKeySelection/97180/string
=== RUN   TestCheckedViewOpenCompilerOptionKeySelection/97180/number
=== RUN   TestCheckedViewOpenCompilerOptionKeySelection/97180/undefined
=== RUN   TestCheckedViewOpenCompilerOptionKeySelection/97180/missing
=== RUN   TestCheckedViewOpenCompilerOptionKeySelection/97180/wrong
    checked_views_primitive_pairs_test.go:197: open-key read bypass caught: exit 0 stdout "uncheckedunchecked\n"
    checked_views_primitive_pairs_test.go:197: open-key read bypass caught: exit 0 stdout "uncheckedunchecked\n"
=== RUN   TestCheckedViewOpenCompilerOptionKeySelection/97180/null
    checked_views_primitive_pairs_test.go:197: open-key read bypass caught: exit 0 stdout "uncheckedunchecked\n"
    checked_views_primitive_pairs_test.go:197: open-key read bypass caught: exit 0 stdout "uncheckedunchecked\n"
--- PASS: TestCheckedViewOpenCompilerOptionKeySelection (7.11s)
    --- PASS: TestCheckedViewOpenCompilerOptionKeySelection/9761/string (0.40s)
    --- PASS: TestCheckedViewOpenCompilerOptionKeySelection/9761/number (0.40s)
    --- PASS: TestCheckedViewOpenCompilerOptionKeySelection/9761/undefined (0.39s)
    --- PASS: TestCheckedViewOpenCompilerOptionKeySelection/9761/missing (0.51s)
    --- PASS: TestCheckedViewOpenCompilerOptionKeySelection/9761/wrong (0.87s)
    --- PASS: TestCheckedViewOpenCompilerOptionKeySelection/9761/null (0.82s)
    --- PASS: TestCheckedViewOpenCompilerOptionKeySelection/97180/string (0.60s)
    --- PASS: TestCheckedViewOpenCompilerOptionKeySelection/97180/number (0.52s)
    --- PASS: TestCheckedViewOpenCompilerOptionKeySelection/97180/undefined (0.55s)
    --- PASS: TestCheckedViewOpenCompilerOptionKeySelection/97180/missing (0.55s)
    --- PASS: TestCheckedViewOpenCompilerOptionKeySelection/97180/wrong (0.66s)
    --- PASS: TestCheckedViewOpenCompilerOptionKeySelection/97180/null (0.84s)
=== RUN   TestCheckedViewPrimitiveProbe
--- PASS: TestCheckedViewPrimitiveProbe (0.61s)
=== RUN   TestCheckedViewRankedArrayUnionContracts
=== PAUSE TestCheckedViewRankedArrayUnionContracts
=== RUN   TestCheckedViewMutableArrayUnionRefusal
=== PAUSE TestCheckedViewMutableArrayUnionRefusal
=== RUN   TestCheckedViewRankedArrayContracts
=== PAUSE TestCheckedViewRankedArrayContracts
=== RUN   TestCheckedViewRankedParserArrayContracts
=== PAUSE TestCheckedViewRankedParserArrayContracts
=== RUN   TestCheckedViewObjectUnions
=== RUN   TestCheckedViewObjectUnions/unions-objects-good
=== RUN   TestCheckedViewObjectUnions/unions-objects-wrong-payload
=== RUN   TestCheckedViewObjectUnions/unions-objects-wrong-tag
=== RUN   TestCheckedViewObjectUnions/unions-objects-missing-tag
--- PASS: TestCheckedViewObjectUnions (3.20s)
    --- PASS: TestCheckedViewObjectUnions/unions-objects-good (0.77s)
    --- PASS: TestCheckedViewObjectUnions/unions-objects-wrong-payload (0.52s)
    --- PASS: TestCheckedViewObjectUnions/unions-objects-wrong-tag (0.79s)
    --- PASS: TestCheckedViewObjectUnions/unions-objects-missing-tag (1.12s)
=== RUN   TestCheckedViewUntaggedSelection
=== RUN   TestCheckedViewUntaggedSelection/binding-name
=== RUN   TestCheckedViewUntaggedSelection/option-element
=== RUN   TestCheckedViewUntaggedSelection/structural
--- PASS: TestCheckedViewUntaggedSelection (7.61s)
    --- PASS: TestCheckedViewUntaggedSelection/binding-name (3.61s)
    --- PASS: TestCheckedViewUntaggedSelection/option-element (1.54s)
    --- PASS: TestCheckedViewUntaggedSelection/structural (1.47s)
=== RUN   TestCheckedViewUntaggedSourceFrontier
=== RUN   TestCheckedViewUntaggedSourceFrontier/binding-name
    checked_views_untagged_unions_test.go:185: shared frontend refusal (both backends): /workspace/adamic/stage3/interface-downcasts/untagged/fixtures/binding-name-view-read.a:19:15: Adamic 0.1 refuses checked view read of field value with unsupported untagged object union contract; prove or implement the untagged object union contract before reading this field
    checked_views_untagged_unions_test.go:188: | stage3/interface-downcasts/untagged/fixtures/binding-name-absent.a | 2 | 2 | 0 | 3 | 2 | 0 | 0 | 0 |
=== RUN   TestCheckedViewUntaggedSourceFrontier/option-element
    checked_views_untagged_unions_test.go:185: shared frontend refusal (both backends): /workspace/adamic/stage3/interface-downcasts/untagged/fixtures/option-element-view-read.a:12:15: Adamic 0.1 refuses checked view read of field value with unsupported untagged object union contract; prove or implement the untagged object union contract before reading this field
    checked_views_untagged_unions_test.go:188: | stage3/interface-downcasts/untagged/fixtures/option-element-absent.a | 2 | 2 | 0 | 3 | 2 | 0 | 0 | 0 |
=== RUN   TestCheckedViewUntaggedSourceFrontier/structural
    checked_views_untagged_unions_test.go:185: shared frontend refusal (both backends): /workspace/adamic/stage3/interface-downcasts/untagged/fixtures/structural-view-read.a:9:15: Adamic 0.1 refuses checked view read of field value with unsupported untagged object union contract; prove or implement the untagged object union contract before reading this field
    checked_views_untagged_unions_test.go:188: | stage3/interface-downcasts/untagged/fixtures/structural-absent.a | 2 | 2 | 0 | 3 | 2 | 0 | 0 | 0 |
--- PASS: TestCheckedViewUntaggedSourceFrontier (2.13s)
    --- PASS: TestCheckedViewUntaggedSourceFrontier/binding-name (0.72s)
    --- PASS: TestCheckedViewUntaggedSourceFrontier/option-element (0.67s)
    --- PASS: TestCheckedViewUntaggedSourceFrontier/structural (0.75s)
=== RUN   TestNativeAgreesWithNode
=== PAUSE TestNativeAgreesWithNode
=== RUN   TestPhantomUndefinedReview
=== PAUSE TestPhantomUndefinedReview
=== RUN   TestPhantomSortedArrayProbe
=== PAUSE TestPhantomSortedArrayProbe
=== RUN   TestPredicateDirectionCountsAreRecorded
=== PAUSE TestPredicateDirectionCountsAreRecorded
=== RUN   TestRequiredViewFieldPrimitive
=== RUN   TestRequiredViewFieldPrimitive/number
=== RUN   TestRequiredViewFieldPrimitive/boolean
=== RUN   TestRequiredViewFieldPrimitive/string
=== RUN   TestRequiredViewFieldPrimitive/wrong_string
=== RUN   TestRequiredViewFieldPrimitive/missing
=== RUN   TestRequiredViewFieldPrimitive/uninitialized
    view_fields_test.go:72: drop field check mutant caught by pinned exit/message, with valid C
    view_fields_test.go:84: drop initialization tracking mutant caught by pinned exit/message
=== RUN   TestRequiredViewFieldPrimitive/wrong_type
    view_fields_test.go:72: drop field check mutant caught by pinned exit/message, with valid C
--- PASS: TestRequiredViewFieldPrimitive (3.51s)
    --- PASS: TestRequiredViewFieldPrimitive/number (0.69s)
    --- PASS: TestRequiredViewFieldPrimitive/boolean (0.70s)
    --- PASS: TestRequiredViewFieldPrimitive/string (0.63s)
    --- PASS: TestRequiredViewFieldPrimitive/wrong_string (0.33s)
    --- PASS: TestRequiredViewFieldPrimitive/missing (0.28s)
    --- PASS: TestRequiredViewFieldPrimitive/uninitialized (0.50s)
    --- PASS: TestRequiredViewFieldPrimitive/wrong_type (0.38s)
=== RUN   TestRequiredViewFieldOperandOnce
--- PASS: TestRequiredViewFieldOperandOnce (0.37s)
=== RUN   TestViewFieldInheritedStaticReadiness
--- PASS: TestViewFieldInheritedStaticReadiness (0.47s)
=== RUN   TestDefaultTaggedSourceViews
=== RUN   TestDefaultTaggedSourceViews/default-staged
=== RUN   TestDefaultTaggedSourceViews/default-boxed-string
=== RUN   TestDefaultTaggedSourceViews/default-boxed-write
=== RUN   TestDefaultTaggedSourceViews/default-destructure
=== RUN   TestDefaultTaggedSourceViews/default-wrong-type
=== RUN   TestDefaultTaggedSourceViews/default-wrong-boolean
=== RUN   TestDefaultTaggedSourceViews/default-literal
=== RUN   TestDefaultTaggedSourceViews/default-read-before-set
--- PASS: TestDefaultTaggedSourceViews (4.18s)
    --- PASS: TestDefaultTaggedSourceViews/default-staged (0.40s)
    --- PASS: TestDefaultTaggedSourceViews/default-boxed-string (0.74s)
    --- PASS: TestDefaultTaggedSourceViews/default-boxed-write (0.61s)
    --- PASS: TestDefaultTaggedSourceViews/default-destructure (0.65s)
    --- PASS: TestDefaultTaggedSourceViews/default-wrong-type (0.41s)
    --- PASS: TestDefaultTaggedSourceViews/default-wrong-boolean (0.48s)
    --- PASS: TestDefaultTaggedSourceViews/default-literal (0.48s)
    --- PASS: TestDefaultTaggedSourceViews/default-read-before-set (0.41s)
=== CONT  TestCheckedViewNodeArrayRecords
=== CONT  TestCheckedViewCallables
=== CONT  TestCheckedViewDictionaryComponentMutants
=== RUN   TestCheckedViewNodeArrayRecords/node-array-reads
=== RUN   TestCheckedViewDictionaryComponentMutants/skip-check
=== PAUSE TestCheckedViewNodeArrayRecords/node-array-reads
=== RUN   TestCheckedViewNodeArrayRecords/node-array-lazy
=== PAUSE TestCheckedViewNodeArrayRecords/node-array-lazy
=== RUN   TestCheckedViewNodeArrayRecords/node-array-properties-copy
=== PAUSE TestCheckedViewNodeArrayRecords/node-array-properties-copy
=== RUN   TestCheckedViewNodeArrayRecords/node-array-own-mutation
=== PAUSE TestCheckedViewNodeArrayRecords/node-array-own-mutation
=== RUN   TestCheckedViewNodeArrayRecords/node-array-missing-own
=== PAUSE TestCheckedViewNodeArrayRecords/node-array-missing-own
=== RUN   TestCheckedViewNodeArrayRecords/node-array-wrong-own
=== PAUSE TestCheckedViewNodeArrayRecords/node-array-wrong-own
=== RUN   TestCheckedViewNodeArrayRecords/node-array-wrong-reference
=== PAUSE TestCheckedViewNodeArrayRecords/node-array-wrong-reference
=== RUN   TestCheckedViewNodeArrayRecords/node-array-wrong-element
=== PAUSE TestCheckedViewNodeArrayRecords/node-array-wrong-element
=== RUN   TestCheckedViewNodeArrayRecords/node-array-wrong-field
=== PAUSE TestCheckedViewNodeArrayRecords/node-array-wrong-field
=== RUN   TestCheckedViewNodeArrayRecords/node-array-wrong-array
=== PAUSE TestCheckedViewNodeArrayRecords/node-array-wrong-array
=== RUN   TestCheckedViewNodeArrayRecords/node-array-write-literal
=== PAUSE TestCheckedViewNodeArrayRecords/node-array-write-literal
=== CONT  TestCheckedViewNodeArrayRecords/node-array-reads
=== CONT  TestCheckedViewDictionaryJavaScriptGuards
=== RUN   TestCheckedViewDictionaryJavaScriptGuards/container
=== CONT  TestCheckedViewGenericArrayCast
=== RUN   TestCheckedViewCallables/function-field
=== PAUSE TestCheckedViewCallables/function-field
=== RUN   TestCheckedViewCallables/class-method
=== PAUSE TestCheckedViewCallables/class-method
=== CONT  TestCheckedViewDictionaryComponents
=== RUN   TestCheckedViewDictionaryJavaScriptGuards/accessor
=== RUN   TestCheckedViewDictionaryJavaScriptGuards/missing-child
=== NAME  TestCheckedViewDictionaryComponentMutants/skip-check
    checked_views_dictionaries_test.go:96: pinned exit-70 diagnostic catches mutant: exit=0 stdout="[object Object]\nundefined\n"
    checked_views_dictionaries_test.go:96: pinned exit-70 diagnostic catches mutant: exit=0 stdout="[object Object]\nundefined\n"
=== RUN   TestCheckedViewDictionaryComponentMutants/accept-wrong-shape
=== RUN   TestCheckedViewDictionaryJavaScriptGuards/required-missing
--- PASS: TestCheckedViewDictionaryJavaScriptGuards (0.61s)
    --- PASS: TestCheckedViewDictionaryJavaScriptGuards/container (0.14s)
    --- PASS: TestCheckedViewDictionaryJavaScriptGuards/accessor (0.18s)
    --- PASS: TestCheckedViewDictionaryJavaScriptGuards/missing-child (0.17s)
    --- PASS: TestCheckedViewDictionaryJavaScriptGuards/required-missing (0.11s)
=== CONT  TestCheckedViewRankedParserArrayContracts
=== RUN   TestCheckedViewRankedParserArrayContracts/ranked2-variables
=== PAUSE TestCheckedViewRankedParserArrayContracts/ranked2-variables
=== RUN   TestCheckedViewRankedParserArrayContracts/ranked2-variables-wrong-array
=== PAUSE TestCheckedViewRankedParserArrayContracts/ranked2-variables-wrong-array
=== RUN   TestCheckedViewRankedParserArrayContracts/ranked2-call
=== PAUSE TestCheckedViewRankedParserArrayContracts/ranked2-call
=== RUN   TestCheckedViewRankedParserArrayContracts/ranked2-call-wrong-array
=== PAUSE TestCheckedViewRankedParserArrayContracts/ranked2-call-wrong-array
=== RUN   TestCheckedViewRankedParserArrayContracts/ranked2-object
=== PAUSE TestCheckedViewRankedParserArrayContracts/ranked2-object
=== RUN   TestCheckedViewRankedParserArrayContracts/ranked2-object-wrong-array
=== PAUSE TestCheckedViewRankedParserArrayContracts/ranked2-object-wrong-array
=== RUN   TestCheckedViewRankedParserArrayContracts/ranked2-tuple
=== PAUSE TestCheckedViewRankedParserArrayContracts/ranked2-tuple
=== RUN   TestCheckedViewRankedParserArrayContracts/ranked2-tuple-wrong-array
=== PAUSE TestCheckedViewRankedParserArrayContracts/ranked2-tuple-wrong-array
=== RUN   TestCheckedViewRankedParserArrayContracts/ranked2-array
=== PAUSE TestCheckedViewRankedParserArrayContracts/ranked2-array
=== RUN   TestCheckedViewRankedParserArrayContracts/ranked2-array-wrong-array
=== PAUSE TestCheckedViewRankedParserArrayContracts/ranked2-array-wrong-array
=== RUN   TestCheckedViewRankedParserArrayContracts/ranked2-tuple-number
=== PAUSE TestCheckedViewRankedParserArrayContracts/ranked2-tuple-number
=== RUN   TestCheckedViewRankedParserArrayContracts/ranked2-tuple-wrong-member
=== PAUSE TestCheckedViewRankedParserArrayContracts/ranked2-tuple-wrong-member
=== RUN   TestCheckedViewRankedParserArrayContracts/ranked2-tuple-wrong-flag
=== PAUSE TestCheckedViewRankedParserArrayContracts/ranked2-tuple-wrong-flag
=== RUN   TestCheckedViewRankedParserArrayContracts/ranked2-call-lazy
=== PAUSE TestCheckedViewRankedParserArrayContracts/ranked2-call-lazy
=== CONT  TestPredicateDirectionCountsAreRecorded
=== RUN   TestCheckedViewDictionaryComponents/options-good
=== NAME  TestCheckedViewDictionaryComponentMutants/accept-wrong-shape
    checked_views_dictionaries_test.go:96: pinned exit-70 diagnostic catches mutant: exit=0 stdout="undefined\n"
    checked_views_dictionaries_test.go:96: pinned exit-70 diagnostic catches mutant: exit=0 stdout="undefined\n"
=== RUN   TestCheckedViewDictionaryComponentMutants/drop-transitive-contract
=== RUN   TestCheckedViewDictionaryComponents/options-wrong
=== CONT  TestPhantomSortedArrayProbe
=== NAME  TestCheckedViewDictionaryComponentMutants/drop-transitive-contract
    checked_views_dictionaries_test.go:96: pinned exit-70 diagnostic catches mutant: exit=0 stdout="42\n"
    checked_views_dictionaries_test.go:96: pinned exit-70 diagnostic catches mutant: exit=0 stdout="42\n"
--- PASS: TestCheckedViewDictionaryComponentMutants (0.98s)
    --- PASS: TestCheckedViewDictionaryComponentMutants/skip-check (0.35s)
    --- PASS: TestCheckedViewDictionaryComponentMutants/accept-wrong-shape (0.31s)
    --- PASS: TestCheckedViewDictionaryComponentMutants/drop-transitive-contract (0.31s)
=== CONT  TestPhantomUndefinedReview
--- PASS: TestCheckedViewGenericArrayCast (0.98s)
=== CONT  TestNativeAgreesWithNode
=== RUN   TestNativeAgreesWithNode/internal/oracle/testdata/non_null_array.a
=== PAUSE TestNativeAgreesWithNode/internal/oracle/testdata/non_null_array.a
=== RUN   TestNativeAgreesWithNode/internal/oracle/testdata/non_null_union.a
=== PAUSE TestNativeAgreesWithNode/internal/oracle/testdata/non_null_union.a
=== RUN   TestNativeAgreesWithNode/internal/oracle/testdata/string_views_lifetime.a
=== PAUSE TestNativeAgreesWithNode/internal/oracle/testdata/string_views_lifetime.a
=== RUN   TestNativeAgreesWithNode/internal/oracle/testdata/string_views_holders.a
=== PAUSE TestNativeAgreesWithNode/internal/oracle/testdata/string_views_holders.a
=== RUN   TestNativeAgreesWithNode/internal/oracle/testdata/string_views_throw.a
=== PAUSE TestNativeAgreesWithNode/internal/oracle/testdata/string_views_throw.a
=== RUN   TestNativeAgreesWithNode/internal/oracle/testdata/string_views_loops.a
=== PAUSE TestNativeAgreesWithNode/internal/oracle/testdata/string_views_loops.a
=== RUN   TestNativeAgreesWithNode/internal/oracle/testdata/string_views_policy.a
=== PAUSE TestNativeAgreesWithNode/internal/oracle/testdata/string_views_policy.a
=== RUN   TestNativeAgreesWithNode/internal/oracle/testdata/string_views_methods.a
=== PAUSE TestNativeAgreesWithNode/internal/oracle/testdata/string_views_methods.a
=== RUN   TestNativeAgreesWithNode/internal/oracle/testdata/string_views_characters.a
=== PAUSE TestNativeAgreesWithNode/internal/oracle/testdata/string_views_characters.a
=== RUN   TestNativeAgreesWithNode/internal/oracle/testdata/string_views_calls.a
=== PAUSE TestNativeAgreesWithNode/internal/oracle/testdata/string_views_calls.a
=== RUN   TestNativeAgreesWithNode/internal/oracle/testdata/string_views_surrogates.a
=== PAUSE TestNativeAgreesWithNode/internal/oracle/testdata/string_views_surrogates.a
=== RUN   TestNativeAgreesWithNode/internal/oracle/testdata/map_foreach_arrays.a
=== PAUSE TestNativeAgreesWithNode/internal/oracle/testdata/map_foreach_arrays.a
=== RUN   TestNativeAgreesWithNode/internal/oracle/testdata/set_foreach_arrays.a
=== PAUSE TestNativeAgreesWithNode/internal/oracle/testdata/set_foreach_arrays.a
=== RUN   TestNativeAgreesWithNode/internal/oracle/testdata/weak_region_review.a
=== PAUSE TestNativeAgreesWithNode/internal/oracle/testdata/weak_region_review.a
=== RUN   TestNativeAgreesWithNode/internal/oracle/testdata/library_array_join.a
=== PAUSE TestNativeAgreesWithNode/internal/oracle/testdata/library_array_join.a
=== RUN   TestNativeAgreesWithNode/internal/oracle/testdata/library_array_iterators.a
=== PAUSE TestNativeAgreesWithNode/internal/oracle/testdata/library_array_iterators.a
=== RUN   TestNativeAgreesWithNode/internal/oracle/testdata/library_array_metadata.a
=== PAUSE TestNativeAgreesWithNode/internal/oracle/testdata/library_array_metadata.a
=== RUN   TestNativeAgreesWithNode/internal/oracle/testdata/library_array_with.a
=== PAUSE TestNativeAgreesWithNode/internal/oracle/testdata/library_array_with.a
=== RUN   TestNativeAgreesWithNode/internal/oracle/testdata/library_array_flat_map.a
=== PAUSE TestNativeAgreesWithNode/internal/oracle/testdata/library_array_flat_map.a
=== RUN   TestNativeAgreesWithNode/internal/oracle/testdata/library_array_flat.a
=== PAUSE TestNativeAgreesWithNode/internal/oracle/testdata/library_array_flat.a
=== RUN   TestNativeAgreesWithNode/internal/oracle/testdata/library_array_spliced.a
=== PAUSE TestNativeAgreesWithNode/internal/oracle/testdata/library_array_spliced.a
=== RUN   TestNativeAgreesWithNode/internal/oracle/testdata/library_array_copy_within.a
=== PAUSE TestNativeAgreesWithNode/internal/oracle/testdata/library_array_copy_within.a
=== RUN   TestNativeAgreesWithNode/internal/oracle/testdata/library_array_search.a
=== PAUSE TestNativeAgreesWithNode/internal/oracle/testdata/library_array_search.a
=== RUN   TestNativeAgreesWithNode/internal/oracle/testdata/library_array_copy.a
=== PAUSE TestNativeAgreesWithNode/internal/oracle/testdata/library_array_copy.a
=== RUN   TestNativeAgreesWithNode/internal/oracle/testdata/library_array_find_last.a
=== PAUSE TestNativeAgreesWithNode/internal/oracle/testdata/library_array_find_last.a
=== RUN   TestNativeAgreesWithNode/internal/oracle/testdata/optional_numbers.a
=== PAUSE TestNativeAgreesWithNode/internal/oracle/testdata/optional_numbers.a
=== RUN   TestNativeAgreesWithNode/internal/oracle/testdata/array_from.a
=== PAUSE TestNativeAgreesWithNode/internal/oracle/testdata/array_from.a
=== RUN   TestNativeAgreesWithNode/internal/oracle/testdata/array_from_length.a
=== PAUSE TestNativeAgreesWithNode/internal/oracle/testdata/array_from_length.a
=== RUN   TestNativeAgreesWithNode/internal/oracle/testdata/array_from_undefined.a
=== PAUSE TestNativeAgreesWithNode/internal/oracle/testdata/array_from_undefined.a
=== RUN   TestNativeAgreesWithNode/internal/oracle/testdata/unions.a
=== PAUSE TestNativeAgreesWithNode/internal/oracle/testdata/unions.a
=== RUN   TestNativeAgreesWithNode/internal/oracle/testdata/nbody_optional_references.a
=== PAUSE TestNativeAgreesWithNode/internal/oracle/testdata/nbody_optional_references.a
=== RUN   TestNativeAgreesWithNode/internal/oracle/testdata/optional_class_method.a
=== PAUSE TestNativeAgreesWithNode/internal/oracle/testdata/optional_class_method.a
=== RUN   TestNativeAgreesWithNode/internal/oracle/testdata/reuse_arrays.a
=== PAUSE TestNativeAgreesWithNode/internal/oracle/testdata/reuse_arrays.a
=== RUN   TestNativeAgreesWithNode/internal/oracle/testdata/optional_strings.a
=== PAUSE TestNativeAgreesWithNode/internal/oracle/testdata/optional_strings.a
=== RUN   TestNativeAgreesWithNode/internal/oracle/testdata/utf8_view.a
=== PAUSE TestNativeAgreesWithNode/internal/oracle/testdata/utf8_view.a
=== RUN   TestNativeAgreesWithNode/internal/oracle/testdata/utf8_view_fails.a
=== PAUSE TestNativeAgreesWithNode/internal/oracle/testdata/utf8_view_fails.a
=== RUN   TestNativeAgreesWithNode/internal/oracle/testdata/library_array_holes_scanner_probe.a
=== PAUSE TestNativeAgreesWithNode/internal/oracle/testdata/library_array_holes_scanner_probe.a
=== RUN   TestNativeAgreesWithNode/internal/oracle/testdata/array-holes-boundaries/library_array_holes_length.a
=== PAUSE TestNativeAgreesWithNode/internal/oracle/testdata/array-holes-boundaries/library_array_holes_length.a
=== RUN   TestNativeAgreesWithNode/internal/oracle/testdata/array-holes-boundaries/library_array_holes_range.a
=== PAUSE TestNativeAgreesWithNode/internal/oracle/testdata/array-holes-boundaries/library_array_holes_range.a
=== RUN   TestNativeAgreesWithNode/internal/oracle/testdata/library_array_holes_references.a
=== PAUSE TestNativeAgreesWithNode/internal/oracle/testdata/library_array_holes_references.a
=== RUN   TestNativeAgreesWithNode/internal/oracle/testdata/library_array_holes_callbacks.a
=== PAUSE TestNativeAgreesWithNode/internal/oracle/testdata/library_array_holes_callbacks.a
=== RUN   TestNativeAgreesWithNode/internal/oracle/testdata/library_array_holes_resize.a
=== PAUSE TestNativeAgreesWithNode/internal/oracle/testdata/library_array_holes_resize.a
=== RUN   TestNativeAgreesWithNode/internal/oracle/testdata/library_array_holes_toString.a
=== PAUSE TestNativeAgreesWithNode/internal/oracle/testdata/library_array_holes_toString.a
=== RUN   TestNativeAgreesWithNode/internal/oracle/testdata/library_array_holes_keys.a
=== PAUSE TestNativeAgreesWithNode/internal/oracle/testdata/library_array_holes_keys.a
=== RUN   TestNativeAgreesWithNode/internal/oracle/testdata/library_array_holes_catch.a
=== PAUSE TestNativeAgreesWithNode/internal/oracle/testdata/library_array_holes_catch.a
=== RUN   TestNativeAgreesWithNode/internal/oracle/testdata/library_array_holes_objects.a
=== PAUSE TestNativeAgreesWithNode/internal/oracle/testdata/library_array_holes_objects.a
=== RUN   TestNativeAgreesWithNode/internal/oracle/testdata/cast_subunion_fails.a
=== PAUSE TestNativeAgreesWithNode/internal/oracle/testdata/cast_subunion_fails.a
=== RUN   TestNativeAgreesWithNode/internal/oracle/testdata/cast_subunion_string_fails.a
=== PAUSE TestNativeAgreesWithNode/internal/oracle/testdata/cast_subunion_string_fails.a
=== RUN   TestNativeAgreesWithNode/internal/oracle/testdata/cast_subunion_const_numeric_fails.a
=== PAUSE TestNativeAgreesWithNode/internal/oracle/testdata/cast_subunion_const_numeric_fails.a
=== RUN   TestNativeAgreesWithNode/internal/oracle/testdata/cast_subunion_const_string_fails.a
=== PAUSE TestNativeAgreesWithNode/internal/oracle/testdata/cast_subunion_const_string_fails.a
=== RUN   TestNativeAgreesWithNode/internal/oracle/testdata/cast_class_union_fails.a
=== PAUSE TestNativeAgreesWithNode/internal/oracle/testdata/cast_class_union_fails.a
=== RUN   TestNativeAgreesWithNode/internal/oracle/testdata/census_optional_values_system.a
=== PAUSE TestNativeAgreesWithNode/internal/oracle/testdata/census_optional_values_system.a
=== RUN   TestNativeAgreesWithNode/internal/oracle/testdata/census_optional_values_forms.a
=== PAUSE TestNativeAgreesWithNode/internal/oracle/testdata/census_optional_values_forms.a
=== RUN   TestNativeAgreesWithNode/internal/oracle/testdata/census_optional_values_receivers.a
=== PAUSE TestNativeAgreesWithNode/internal/oracle/testdata/census_optional_values_receivers.a
=== RUN   TestNativeAgreesWithNode/internal/oracle/testdata/census_optional_values_padding.a
=== PAUSE TestNativeAgreesWithNode/internal/oracle/testdata/census_optional_values_padding.a
=== RUN   TestNativeAgreesWithNode/internal/oracle/testdata/e4eec87_u02_optional_absent.a
=== PAUSE TestNativeAgreesWithNode/internal/oracle/testdata/e4eec87_u02_optional_absent.a
=== RUN   TestNativeAgreesWithNode/internal/oracle/testdata/literal_optional_shapes.a
=== PAUSE TestNativeAgreesWithNode/internal/oracle/testdata/literal_optional_shapes.a
=== RUN   TestNativeAgreesWithNode/internal/oracle/testdata/047cb0d_n_optional.a
=== PAUSE TestNativeAgreesWithNode/internal/oracle/testdata/047cb0d_n_optional.a
=== RUN   TestNativeAgreesWithNode/internal/oracle/testdata/047cb0d_n_arrayindex.a
=== PAUSE TestNativeAgreesWithNode/internal/oracle/testdata/047cb0d_n_arrayindex.a
=== RUN   TestNativeAgreesWithNode/internal/oracle/testdata/e4eec87_f2_union_narrow_call.a
=== PAUSE TestNativeAgreesWithNode/internal/oracle/testdata/e4eec87_f2_union_narrow_call.a
=== RUN   TestNativeAgreesWithNode/internal/oracle/testdata/e4eec87_f2b_union_narrow_number.a
=== PAUSE TestNativeAgreesWithNode/internal/oracle/testdata/e4eec87_f2b_union_narrow_number.a
=== RUN   TestNativeAgreesWithNode/internal/oracle/testdata/narrowed_union_valid.a
=== PAUSE TestNativeAgreesWithNode/internal/oracle/testdata/narrowed_union_valid.a
=== RUN   TestNativeAgreesWithNode/internal/oracle/testdata/nested_array.a
=== PAUSE TestNativeAgreesWithNode/internal/oracle/testdata/nested_array.a
=== RUN   TestNativeAgreesWithNode/internal/oracle/testdata/optional_widening_class.a
=== PAUSE TestNativeAgreesWithNode/internal/oracle/testdata/optional_widening_class.a
=== RUN   TestNativeAgreesWithNode/internal/oracle/testdata/optional_widening_fresh.a
=== PAUSE TestNativeAgreesWithNode/internal/oracle/testdata/optional_widening_fresh.a
=== RUN   TestNativeAgreesWithNode/internal/oracle/testdata/optional_widening_declared.a
=== PAUSE TestNativeAgreesWithNode/internal/oracle/testdata/optional_widening_declared.a
=== RUN   TestNativeAgreesWithNode/internal/oracle/testdata/optional_widening_subclass.a
=== PAUSE TestNativeAgreesWithNode/internal/oracle/testdata/optional_widening_subclass.a
=== RUN   TestNativeAgreesWithNode/internal/oracle/testdata/optional_widening_generic_subclass.a
=== PAUSE TestNativeAgreesWithNode/internal/oracle/testdata/optional_widening_generic_subclass.a
=== RUN   TestNativeAgreesWithNode/internal/oracle/testdata/optional_widening_boolean_as_number.a
=== PAUSE TestNativeAgreesWithNode/internal/oracle/testdata/optional_widening_boolean_as_number.a
=== RUN   TestNativeAgreesWithNode/internal/oracle/testdata/optional_widening_boolean_as_number_array.a
=== PAUSE TestNativeAgreesWithNode/internal/oracle/testdata/optional_widening_boolean_as_number_array.a
=== RUN   TestNativeAgreesWithNode/internal/oracle/testdata/optional_widening_boolean_as_number_ops.a
=== PAUSE TestNativeAgreesWithNode/internal/oracle/testdata/optional_widening_boolean_as_number_ops.a
=== RUN   TestNativeAgreesWithNode/internal/oracle/testdata/optional_widening_boolean_as_number_parameter.a
=== PAUSE TestNativeAgreesWithNode/internal/oracle/testdata/optional_widening_boolean_as_number_parameter.a
=== RUN   TestNativeAgreesWithNode/internal/oracle/testdata/optional_widening_boolean_as_number_return.a
=== PAUSE TestNativeAgreesWithNode/internal/oracle/testdata/optional_widening_boolean_as_number_return.a
=== RUN   TestNativeAgreesWithNode/internal/oracle/testdata/optional_widening_false_as_number.a
=== PAUSE TestNativeAgreesWithNode/internal/oracle/testdata/optional_widening_false_as_number.a
=== RUN   TestNativeAgreesWithNode/internal/oracle/testdata/phantom_brands.a
=== PAUSE TestNativeAgreesWithNode/internal/oracle/testdata/phantom_brands.a
=== RUN   TestNativeAgreesWithNode/internal/oracle/testdata/phantom_array_brands.a
=== PAUSE TestNativeAgreesWithNode/internal/oracle/testdata/phantom_array_brands.a
=== RUN   TestNativeAgreesWithNode/internal/oracle/testdata/native-sorted-array-brand.a
=== PAUSE TestNativeAgreesWithNode/internal/oracle/testdata/native-sorted-array-brand.a
=== RUN   TestNativeAgreesWithNode/internal/oracle/testdata/non_null_uninitialized_optional.a
=== PAUSE TestNativeAgreesWithNode/internal/oracle/testdata/non_null_uninitialized_optional.a
=== RUN   TestNativeAgreesWithNode/internal/oracle/testdata/records_partial_views.a
=== PAUSE TestNativeAgreesWithNode/internal/oracle/testdata/records_partial_views.a
=== RUN   TestNativeAgreesWithNode/internal/oracle/testdata/records_optional.a
=== PAUSE TestNativeAgreesWithNode/internal/oracle/testdata/records_optional.a
=== CONT  TestCheckedViewNodeArrayRecords/node-array-wrong-array
=== RUN   TestCheckedViewDictionaryComponents/nested-good
=== RUN   TestCheckedViewDictionaryComponents/nested-wrong
--- PASS: TestPredicateDirectionCountsAreRecorded (1.03s)
=== CONT  TestCheckedViewCallableContractControl
=== RUN   TestCheckedViewDictionaryComponents/array-wrong
=== NAME  TestPhantomSortedArrayProbe
    phantom_brands_test.go:94: native: stdout "2\n", stderr "", exit 0
    phantom_brands_test.go:94: JavaScript: stdout "2\n", stderr "", exit 0
    phantom_brands_test.go:94: release: stdout "2\n", stderr "", exit 0
--- PASS: TestPhantomSortedArrayProbe (0.91s)
=== CONT  TestCheckedViewArrays
=== RUN   TestCheckedViewArrays/array-lazy
=== PAUSE TestCheckedViewArrays/array-lazy
=== RUN   TestCheckedViewArrays/array-iteration
=== PAUSE TestCheckedViewArrays/array-iteration
=== RUN   TestCheckedViewArrays/array-map
=== PAUSE TestCheckedViewArrays/array-map
=== RUN   TestCheckedViewArrays/array-pop
=== PAUSE TestCheckedViewArrays/array-pop
=== RUN   TestCheckedViewArrays/array-bounds
=== PAUSE TestCheckedViewArrays/array-bounds
=== RUN   TestCheckedViewArrays/array-second
=== PAUSE TestCheckedViewArrays/array-second
=== RUN   TestCheckedViewArrays/array-length-kind
=== PAUSE TestCheckedViewArrays/array-length-kind
=== RUN   TestCheckedViewArrays/callable-missing
=== PAUSE TestCheckedViewArrays/callable-missing
=== RUN   TestCheckedViewArrays/callable-uninitialized
=== PAUSE TestCheckedViewArrays/callable-uninitialized
=== RUN   TestCheckedViewArrays/callable-kind
=== PAUSE TestCheckedViewArrays/callable-kind
=== RUN   TestCheckedViewArrays/array-missing
=== PAUSE TestCheckedViewArrays/array-missing
=== RUN   TestCheckedViewArrays/array-uninitialized
=== PAUSE TestCheckedViewArrays/array-uninitialized
=== RUN   TestCheckedViewArrays/array-boolean
=== PAUSE TestCheckedViewArrays/array-boolean
=== RUN   TestCheckedViewArrays/array-iteration-bad
=== PAUSE TestCheckedViewArrays/array-iteration-bad
=== RUN   TestCheckedViewArrays/array-map-bad
=== PAUSE TestCheckedViewArrays/array-map-bad
=== RUN   TestCheckedViewArrays/array-alias
=== PAUSE TestCheckedViewArrays/array-alias
=== RUN   TestCheckedViewArrays/array-undefined
=== PAUSE TestCheckedViewArrays/array-undefined
=== RUN   TestCheckedViewArrays/array-string-literal
=== PAUSE TestCheckedViewArrays/array-string-literal
=== RUN   TestCheckedViewArrays/nullable-array-string
=== PAUSE TestCheckedViewArrays/nullable-array-string
=== RUN   TestCheckedViewArrays/nullable-array-element
=== PAUSE TestCheckedViewArrays/nullable-array-element
=== RUN   TestCheckedViewArrays/generic-array-element
=== PAUSE TestCheckedViewArrays/generic-array-element
=== RUN   TestCheckedViewArrays/array-field
=== PAUSE TestCheckedViewArrays/array-field
=== RUN   TestCheckedViewArrays/array-element
=== PAUSE TestCheckedViewArrays/array-element
=== RUN   TestCheckedViewArrays/object-element
=== PAUSE TestCheckedViewArrays/object-element
=== RUN   TestCheckedViewArrays/non-array
=== PAUSE TestCheckedViewArrays/non-array
=== CONT  TestCheckedViewNativeArrays
=== RUN   TestCheckedViewNativeArrays/native-array-join
=== PAUSE TestCheckedViewNativeArrays/native-array-join
=== RUN   TestCheckedViewNativeArrays/native-array-join-evaluation
=== PAUSE TestCheckedViewNativeArrays/native-array-join-evaluation
=== RUN   TestCheckedViewNativeArrays/native-array-large-field
=== PAUSE TestCheckedViewNativeArrays/native-array-large-field
=== RUN   TestCheckedViewNativeArrays/native-array-join-boolean
=== PAUSE TestCheckedViewNativeArrays/native-array-join-boolean
=== RUN   TestCheckedViewNativeArrays/native-array-mutation
=== PAUSE TestCheckedViewNativeArrays/native-array-mutation
=== RUN   TestCheckedViewNativeArrays/native-array-string-mutation
=== PAUSE TestCheckedViewNativeArrays/native-array-string-mutation
=== RUN   TestCheckedViewNativeArrays/native-array-sparse
=== PAUSE TestCheckedViewNativeArrays/native-array-sparse
=== RUN   TestCheckedViewNativeArrays/native-array-sparse-pop-hole
=== PAUSE TestCheckedViewNativeArrays/native-array-sparse-pop-hole
=== RUN   TestCheckedViewNativeArrays/native-array-join-bad
=== PAUSE TestCheckedViewNativeArrays/native-array-join-bad
=== RUN   TestCheckedViewNativeArrays/native-array-join-literal
=== PAUSE TestCheckedViewNativeArrays/native-array-join-literal
=== RUN   TestCheckedViewNativeArrays/native-array-write-bad
=== PAUSE TestCheckedViewNativeArrays/native-array-write-bad
=== RUN   TestCheckedViewNativeArrays/native-array-push-bad
=== PAUSE TestCheckedViewNativeArrays/native-array-push-bad
=== RUN   TestCheckedViewNativeArrays/native-array-copy-bad
=== PAUSE TestCheckedViewNativeArrays/native-array-copy-bad
=== CONT  TestCheckedViewArraySearch
=== RUN   TestCheckedViewArraySearch/native-array-search
=== PAUSE TestCheckedViewArraySearch/native-array-search
=== RUN   TestCheckedViewArraySearch/native-array-search-lazy
=== PAUSE TestCheckedViewArraySearch/native-array-search-lazy
=== RUN   TestCheckedViewArraySearch/native-array-search-object
=== PAUSE TestCheckedViewArraySearch/native-array-search-object
=== RUN   TestCheckedViewArraySearch/native-array-search-sparse
=== PAUSE TestCheckedViewArraySearch/native-array-search-sparse
=== RUN   TestCheckedViewArraySearch/native-array-search-evaluation
=== PAUSE TestCheckedViewArraySearch/native-array-search-evaluation
=== RUN   TestCheckedViewArraySearch/native-array-search-boolean
=== PAUSE TestCheckedViewArraySearch/native-array-search-boolean
=== RUN   TestCheckedViewArraySearch/native-array-reference-write
=== PAUSE TestCheckedViewArraySearch/native-array-reference-write
=== RUN   TestCheckedViewArraySearch/native-array-search-bad
=== PAUSE TestCheckedViewArraySearch/native-array-search-bad
=== RUN   TestCheckedViewArraySearch/native-array-search-literal
=== PAUSE TestCheckedViewArraySearch/native-array-search-literal
=== CONT  TestCheckedViewArrayReferenceWrites
=== RUN   TestCheckedViewArrayReferenceWrites/reference-array-set
=== PAUSE TestCheckedViewArrayReferenceWrites/reference-array-set
=== RUN   TestCheckedViewArrayReferenceWrites/reference-array-push
=== PAUSE TestCheckedViewArrayReferenceWrites/reference-array-push
=== RUN   TestCheckedViewArrayReferenceWrites/reference-array-alias
=== PAUSE TestCheckedViewArrayReferenceWrites/reference-array-alias
=== RUN   TestCheckedViewArrayReferenceWrites/reference-array-empty
=== PAUSE TestCheckedViewArrayReferenceWrites/reference-array-empty
=== RUN   TestCheckedViewArrayReferenceWrites/reference-array-slice
=== PAUSE TestCheckedViewArrayReferenceWrites/reference-array-slice
=== RUN   TestCheckedViewArrayReferenceWrites/reference-array-lazy
=== PAUSE TestCheckedViewArrayReferenceWrites/reference-array-lazy
=== RUN   TestCheckedViewArrayReferenceWrites/reference-array-missing-field
=== PAUSE TestCheckedViewArrayReferenceWrites/reference-array-missing-field
=== RUN   TestCheckedViewArrayReferenceWrites/reference-array-narrow-field
=== PAUSE TestCheckedViewArrayReferenceWrites/reference-array-narrow-field
=== RUN   TestCheckedViewArrayReferenceWrites/reference-array-readonly-incoming
=== PAUSE TestCheckedViewArrayReferenceWrites/reference-array-readonly-incoming
=== RUN   TestCheckedViewArrayReferenceWrites/reference-array-mutable-incoming
=== PAUSE TestCheckedViewArrayReferenceWrites/reference-array-mutable-incoming
=== RUN   TestCheckedViewArrayReferenceWrites/reference-array-uncertified
=== PAUSE TestCheckedViewArrayReferenceWrites/reference-array-uncertified
=== RUN   TestCheckedViewArrayReferenceWrites/reference-array-source-alias
=== PAUSE TestCheckedViewArrayReferenceWrites/reference-array-source-alias
=== RUN   TestCheckedViewArrayReferenceWrites/reference-array-uninitialized
=== PAUSE TestCheckedViewArrayReferenceWrites/reference-array-uninitialized
=== RUN   TestCheckedViewArrayReferenceWrites/reference-array-evaluation
=== PAUSE TestCheckedViewArrayReferenceWrites/reference-array-evaluation
=== CONT  TestCheckedViewNodeArrayRecords/node-array-wrong-field
=== CONT  TestCheckedViewNodeArrayRecords/node-array-wrong-element
--- PASS: TestPhantomUndefinedReview (1.04s)
=== CONT  TestCheckedViewNodeArrayRecords/node-array-wrong-reference
--- PASS: TestCheckedViewDictionaryComponents (2.04s)
    --- PASS: TestCheckedViewDictionaryComponents/options-good (0.24s)
    --- PASS: TestCheckedViewDictionaryComponents/options-wrong (0.31s)
    --- PASS: TestCheckedViewDictionaryComponents/nested-good (0.31s)
    --- PASS: TestCheckedViewDictionaryComponents/nested-wrong (0.23s)
    --- PASS: TestCheckedViewDictionaryComponents/array-wrong (0.31s)
=== CONT  TestCheckedViewNodeArrayRecords/node-array-wrong-own
=== CONT  TestCheckedViewNodeArrayRecords/node-array-missing-own
--- PASS: TestCheckedViewCallableContractControl (0.88s)
=== CONT  TestCheckedViewNodeArrayRecords/node-array-own-mutation
=== CONT  TestCheckedViewNodeArrayRecords/node-array-properties-copy
=== CONT  TestCheckedViewNodeArrayRecords/node-array-lazy
=== CONT  TestCheckedViewOpaqueSignature
=== CONT  TestCheckedViewRankedArrayUnionContracts
=== RUN   TestCheckedViewRankedArrayUnionContracts/ranked3-pattern
=== PAUSE TestCheckedViewRankedArrayUnionContracts/ranked3-pattern
=== RUN   TestCheckedViewRankedArrayUnionContracts/ranked3-pattern-wrong-array
=== PAUSE TestCheckedViewRankedArrayUnionContracts/ranked3-pattern-wrong-array
=== RUN   TestCheckedViewRankedArrayUnionContracts/ranked3-types
=== PAUSE TestCheckedViewRankedArrayUnionContracts/ranked3-types
=== RUN   TestCheckedViewRankedArrayUnionContracts/ranked3-types-wrong-array
=== PAUSE TestCheckedViewRankedArrayUnionContracts/ranked3-types-wrong-array
=== RUN   TestCheckedViewRankedArrayUnionContracts/ranked3-signature
=== PAUSE TestCheckedViewRankedArrayUnionContracts/ranked3-signature
=== RUN   TestCheckedViewRankedArrayUnionContracts/ranked3-signature-wrong-array
=== PAUSE TestCheckedViewRankedArrayUnionContracts/ranked3-signature-wrong-array
=== RUN   TestCheckedViewRankedArrayUnionContracts/ranked3-class
=== PAUSE TestCheckedViewRankedArrayUnionContracts/ranked3-class
=== RUN   TestCheckedViewRankedArrayUnionContracts/ranked3-class-wrong-array
=== PAUSE TestCheckedViewRankedArrayUnionContracts/ranked3-class-wrong-array
=== RUN   TestCheckedViewRankedArrayUnionContracts/ranked3-reference
=== PAUSE TestCheckedViewRankedArrayUnionContracts/ranked3-reference
=== RUN   TestCheckedViewRankedArrayUnionContracts/ranked3-reference-wrong-array
=== PAUSE TestCheckedViewRankedArrayUnionContracts/ranked3-reference-wrong-array
=== RUN   TestCheckedViewRankedArrayUnionContracts/ranked3-pattern-lazy
=== PAUSE TestCheckedViewRankedArrayUnionContracts/ranked3-pattern-lazy
=== RUN   TestCheckedViewRankedArrayUnionContracts/ranked3-pattern-wrong-element
=== PAUSE TestCheckedViewRankedArrayUnionContracts/ranked3-pattern-wrong-element
=== RUN   TestCheckedViewRankedArrayUnionContracts/ranked3-pattern-wrong-tag
=== PAUSE TestCheckedViewRankedArrayUnionContracts/ranked3-pattern-wrong-tag
=== RUN   TestCheckedViewRankedArrayUnionContracts/ranked3-mutable-array-unread
=== PAUSE TestCheckedViewRankedArrayUnionContracts/ranked3-mutable-array-unread
=== RUN   TestCheckedViewRankedArrayUnionContracts/ranked3-reference-absent
=== PAUSE TestCheckedViewRankedArrayUnionContracts/ranked3-reference-absent
=== CONT  TestCheckedViewRankedArrayContracts
=== RUN   TestCheckedViewRankedArrayContracts/ranked-union-types
=== PAUSE TestCheckedViewRankedArrayContracts/ranked-union-types
=== RUN   TestCheckedViewRankedArrayContracts/ranked-intersection-types
=== PAUSE TestCheckedViewRankedArrayContracts/ranked-intersection-types
=== RUN   TestCheckedViewRankedArrayContracts/ranked-signature-type-parameters
=== PAUSE TestCheckedViewRankedArrayContracts/ranked-signature-type-parameters
=== RUN   TestCheckedViewRankedArrayContracts/ranked-signature-parameters
=== PAUSE TestCheckedViewRankedArrayContracts/ranked-signature-parameters
=== RUN   TestCheckedViewRankedArrayContracts/ranked-source-statements
=== PAUSE TestCheckedViewRankedArrayContracts/ranked-source-statements
=== RUN   TestCheckedViewRankedArrayContracts/ranked-signature-absent
=== PAUSE TestCheckedViewRankedArrayContracts/ranked-signature-absent
=== RUN   TestCheckedViewRankedArrayContracts/ranked-union-lazy
=== PAUSE TestCheckedViewRankedArrayContracts/ranked-union-lazy
=== RUN   TestCheckedViewRankedArrayContracts/ranked-union-wrong-array
=== PAUSE TestCheckedViewRankedArrayContracts/ranked-union-wrong-array
=== RUN   TestCheckedViewRankedArrayContracts/ranked-intersection-wrong-field
=== PAUSE TestCheckedViewRankedArrayContracts/ranked-intersection-wrong-field
=== RUN   TestCheckedViewRankedArrayContracts/ranked-signature-wrong-array
=== PAUSE TestCheckedViewRankedArrayContracts/ranked-signature-wrong-array
=== RUN   TestCheckedViewRankedArrayContracts/ranked-signature-wrong-element
=== PAUSE TestCheckedViewRankedArrayContracts/ranked-signature-wrong-element
=== RUN   TestCheckedViewRankedArrayContracts/ranked-source-wrong-array
=== PAUSE TestCheckedViewRankedArrayContracts/ranked-source-wrong-array
=== CONT  TestCheckedViewMutableArrayUnionRefusal
=== CONT  TestCheckedViewNodeArrayRecords/node-array-write-literal
=== CONT  TestCheckedViewOptionalDeclarations
=== RUN   TestCheckedViewOptionalDeclarations/optional-declarations-present
=== PAUSE TestCheckedViewOptionalDeclarations/optional-declarations-present
=== RUN   TestCheckedViewOptionalDeclarations/optional-declarations-absent
=== PAUSE TestCheckedViewOptionalDeclarations/optional-declarations-absent
=== RUN   TestCheckedViewOptionalDeclarations/optional-declarations-undefined
=== PAUSE TestCheckedViewOptionalDeclarations/optional-declarations-undefined
=== RUN   TestCheckedViewOptionalDeclarations/optional-declarations-lazy
=== PAUSE TestCheckedViewOptionalDeclarations/optional-declarations-lazy
=== RUN   TestCheckedViewOptionalDeclarations/optional-declarations-wrong-array
=== PAUSE TestCheckedViewOptionalDeclarations/optional-declarations-wrong-array
=== RUN   TestCheckedViewOptionalDeclarations/optional-declarations-wrong-element
=== PAUSE TestCheckedViewOptionalDeclarations/optional-declarations-wrong-element
=== RUN   TestCheckedViewOptionalDeclarations/optional-declarations-wrong-field
=== PAUSE TestCheckedViewOptionalDeclarations/optional-declarations-wrong-field
=== CONT  TestCheckedViewDictionaryNativeStorageGuard
--- PASS: TestCheckedViewMutableArrayUnionRefusal (0.44s)
=== CONT  TestCheckedViewCallables/function-field
--- PASS: TestCheckedViewDictionaryNativeStorageGuard (0.42s)
=== CONT  TestCheckedViewCallables/class-method
=== CONT  TestCheckedViewRankedParserArrayContracts/ranked2-variables
--- PASS: TestCheckedViewNodeArrayRecords (0.00s)
    --- PASS: TestCheckedViewNodeArrayRecords/node-array-reads (0.91s)
    --- PASS: TestCheckedViewNodeArrayRecords/node-array-wrong-array (0.82s)
    --- PASS: TestCheckedViewNodeArrayRecords/node-array-wrong-field (0.66s)
    --- PASS: TestCheckedViewNodeArrayRecords/node-array-wrong-reference (0.93s)
    --- PASS: TestCheckedViewNodeArrayRecords/node-array-missing-own (0.67s)
    --- PASS: TestCheckedViewNodeArrayRecords/node-array-wrong-own (1.18s)
    --- PASS: TestCheckedViewNodeArrayRecords/node-array-own-mutation (0.78s)
    --- PASS: TestCheckedViewNodeArrayRecords/node-array-wrong-element (1.53s)
    --- PASS: TestCheckedViewNodeArrayRecords/node-array-properties-copy (0.72s)
    --- PASS: TestCheckedViewNodeArrayRecords/node-array-lazy (0.97s)
    --- PASS: TestCheckedViewNodeArrayRecords/node-array-write-literal (1.05s)
=== CONT  TestCheckedViewRankedParserArrayContracts/ranked2-tuple-wrong-member
=== CONT  TestCheckedViewRankedParserArrayContracts/ranked2-tuple-number
--- PASS: TestCheckedViewOpaqueSignature (1.60s)
=== CONT  TestCheckedViewRankedParserArrayContracts/ranked2-array-wrong-array
=== CONT  TestCheckedViewRankedParserArrayContracts/ranked2-array
--- PASS: TestCheckedViewCallables (0.01s)
    --- PASS: TestCheckedViewCallables/function-field (0.98s)
    --- PASS: TestCheckedViewCallables/class-method (1.23s)
=== CONT  TestCheckedViewRankedParserArrayContracts/ranked2-tuple-wrong-array
=== CONT  TestCheckedViewRankedParserArrayContracts/ranked2-tuple
=== CONT  TestCheckedViewRankedParserArrayContracts/ranked2-object-wrong-array
=== CONT  TestCheckedViewRankedParserArrayContracts/ranked2-object
=== CONT  TestCheckedViewRankedParserArrayContracts/ranked2-call-wrong-array
=== CONT  TestCheckedViewRankedParserArrayContracts/ranked2-call
=== CONT  TestCheckedViewRankedParserArrayContracts/ranked2-variables-wrong-array
=== CONT  TestCheckedViewRankedParserArrayContracts/ranked2-tuple-wrong-flag
=== CONT  TestCheckedViewRankedParserArrayContracts/ranked2-call-lazy
=== CONT  TestNativeAgreesWithNode/internal/oracle/testdata/non_null_array.a
=== CONT  TestNativeAgreesWithNode/internal/oracle/testdata/library_array_holes_callbacks.a
=== CONT  TestNativeAgreesWithNode/internal/oracle/testdata/records_optional.a
=== CONT  TestNativeAgreesWithNode/internal/oracle/testdata/records_partial_views.a
=== CONT  TestNativeAgreesWithNode/internal/oracle/testdata/non_null_uninitialized_optional.a
--- PASS: TestCheckedViewRankedParserArrayContracts (0.00s)
    --- PASS: TestCheckedViewRankedParserArrayContracts/ranked2-variables (0.99s)
    --- PASS: TestCheckedViewRankedParserArrayContracts/ranked2-tuple-wrong-member (0.98s)
    --- PASS: TestCheckedViewRankedParserArrayContracts/ranked2-tuple-number (0.86s)
    --- PASS: TestCheckedViewRankedParserArrayContracts/ranked2-array-wrong-array (1.01s)
    --- PASS: TestCheckedViewRankedParserArrayContracts/ranked2-tuple-wrong-array (0.62s)
    --- PASS: TestCheckedViewRankedParserArrayContracts/ranked2-array (1.06s)
    --- PASS: TestCheckedViewRankedParserArrayContracts/ranked2-tuple (0.80s)
    --- PASS: TestCheckedViewRankedParserArrayContracts/ranked2-object-wrong-array (0.74s)
    --- PASS: TestCheckedViewRankedParserArrayContracts/ranked2-object (0.75s)
    --- PASS: TestCheckedViewRankedParserArrayContracts/ranked2-call-wrong-array (0.67s)
    --- PASS: TestCheckedViewRankedParserArrayContracts/ranked2-call (0.72s)
    --- PASS: TestCheckedViewRankedParserArrayContracts/ranked2-variables-wrong-array (0.66s)
    --- PASS: TestCheckedViewRankedParserArrayContracts/ranked2-tuple-wrong-flag (0.79s)
    --- PASS: TestCheckedViewRankedParserArrayContracts/ranked2-call-lazy (0.69s)
=== CONT  TestNativeAgreesWithNode/internal/oracle/testdata/native-sorted-array-brand.a
=== CONT  TestNativeAgreesWithNode/internal/oracle/testdata/phantom_array_brands.a
=== CONT  TestNativeAgreesWithNode/internal/oracle/testdata/phantom_brands.a
=== CONT  TestNativeAgreesWithNode/internal/oracle/testdata/optional_widening_false_as_number.a
=== CONT  TestNativeAgreesWithNode/internal/oracle/testdata/optional_widening_boolean_as_number_return.a
=== CONT  TestNativeAgreesWithNode/internal/oracle/testdata/optional_widening_boolean_as_number_parameter.a
=== CONT  TestNativeAgreesWithNode/internal/oracle/testdata/optional_widening_boolean_as_number_ops.a
=== CONT  TestNativeAgreesWithNode/internal/oracle/testdata/optional_widening_boolean_as_number_array.a
=== CONT  TestNativeAgreesWithNode/internal/oracle/testdata/optional_widening_boolean_as_number.a
=== CONT  TestNativeAgreesWithNode/internal/oracle/testdata/optional_widening_generic_subclass.a
=== CONT  TestNativeAgreesWithNode/internal/oracle/testdata/optional_widening_subclass.a
=== CONT  TestNativeAgreesWithNode/internal/oracle/testdata/optional_widening_declared.a
=== CONT  TestNativeAgreesWithNode/internal/oracle/testdata/optional_widening_fresh.a
=== CONT  TestNativeAgreesWithNode/internal/oracle/testdata/optional_widening_class.a
=== CONT  TestNativeAgreesWithNode/internal/oracle/testdata/nested_array.a
=== CONT  TestNativeAgreesWithNode/internal/oracle/testdata/narrowed_union_valid.a
=== CONT  TestNativeAgreesWithNode/internal/oracle/testdata/e4eec87_f2b_union_narrow_number.a
=== CONT  TestNativeAgreesWithNode/internal/oracle/testdata/e4eec87_f2_union_narrow_call.a
=== CONT  TestNativeAgreesWithNode/internal/oracle/testdata/047cb0d_n_arrayindex.a
=== CONT  TestNativeAgreesWithNode/internal/oracle/testdata/047cb0d_n_optional.a
=== CONT  TestNativeAgreesWithNode/internal/oracle/testdata/literal_optional_shapes.a
=== CONT  TestNativeAgreesWithNode/internal/oracle/testdata/e4eec87_u02_optional_absent.a
=== CONT  TestNativeAgreesWithNode/internal/oracle/testdata/census_optional_values_padding.a
=== CONT  TestNativeAgreesWithNode/internal/oracle/testdata/census_optional_values_receivers.a
=== CONT  TestNativeAgreesWithNode/internal/oracle/testdata/census_optional_values_forms.a
=== CONT  TestNativeAgreesWithNode/internal/oracle/testdata/census_optional_values_system.a
=== CONT  TestNativeAgreesWithNode/internal/oracle/testdata/cast_class_union_fails.a
=== CONT  TestNativeAgreesWithNode/internal/oracle/testdata/cast_subunion_const_string_fails.a
=== CONT  TestNativeAgreesWithNode/internal/oracle/testdata/cast_subunion_const_numeric_fails.a
=== CONT  TestNativeAgreesWithNode/internal/oracle/testdata/cast_subunion_string_fails.a
=== CONT  TestNativeAgreesWithNode/internal/oracle/testdata/cast_subunion_fails.a
=== CONT  TestNativeAgreesWithNode/internal/oracle/testdata/library_array_holes_objects.a
=== CONT  TestNativeAgreesWithNode/internal/oracle/testdata/library_array_holes_catch.a
=== CONT  TestNativeAgreesWithNode/internal/oracle/testdata/library_array_holes_keys.a
=== CONT  TestNativeAgreesWithNode/internal/oracle/testdata/library_array_holes_toString.a
=== CONT  TestNativeAgreesWithNode/internal/oracle/testdata/library_array_holes_resize.a
=== CONT  TestNativeAgreesWithNode/internal/oracle/testdata/library_array_spliced.a
=== CONT  TestNativeAgreesWithNode/internal/oracle/testdata/library_array_holes_references.a
=== CONT  TestNativeAgreesWithNode/internal/oracle/testdata/array-holes-boundaries/library_array_holes_range.a
=== CONT  TestNativeAgreesWithNode/internal/oracle/testdata/array-holes-boundaries/library_array_holes_length.a
=== CONT  TestNativeAgreesWithNode/internal/oracle/testdata/library_array_holes_scanner_probe.a
=== CONT  TestNativeAgreesWithNode/internal/oracle/testdata/utf8_view_fails.a
=== CONT  TestNativeAgreesWithNode/internal/oracle/testdata/utf8_view.a
=== CONT  TestNativeAgreesWithNode/internal/oracle/testdata/optional_strings.a
=== CONT  TestNativeAgreesWithNode/internal/oracle/testdata/reuse_arrays.a
=== CONT  TestNativeAgreesWithNode/internal/oracle/testdata/optional_class_method.a
=== CONT  TestNativeAgreesWithNode/internal/oracle/testdata/nbody_optional_references.a
=== CONT  TestNativeAgreesWithNode/internal/oracle/testdata/unions.a
=== CONT  TestNativeAgreesWithNode/internal/oracle/testdata/array_from_undefined.a
=== CONT  TestNativeAgreesWithNode/internal/oracle/testdata/array_from_length.a
=== CONT  TestNativeAgreesWithNode/internal/oracle/testdata/array_from.a
=== CONT  TestNativeAgreesWithNode/internal/oracle/testdata/optional_numbers.a
=== CONT  TestNativeAgreesWithNode/internal/oracle/testdata/library_array_find_last.a
=== CONT  TestNativeAgreesWithNode/internal/oracle/testdata/library_array_copy.a
=== CONT  TestNativeAgreesWithNode/internal/oracle/testdata/library_array_search.a
=== CONT  TestNativeAgreesWithNode/internal/oracle/testdata/library_array_copy_within.a
=== CONT  TestNativeAgreesWithNode/internal/oracle/testdata/string_views_surrogates.a
=== CONT  TestNativeAgreesWithNode/internal/oracle/testdata/library_array_flat.a
=== CONT  TestNativeAgreesWithNode/internal/oracle/testdata/library_array_flat_map.a
=== CONT  TestNativeAgreesWithNode/internal/oracle/testdata/library_array_with.a
=== CONT  TestNativeAgreesWithNode/internal/oracle/testdata/library_array_metadata.a
=== CONT  TestNativeAgreesWithNode/internal/oracle/testdata/library_array_iterators.a
=== CONT  TestNativeAgreesWithNode/internal/oracle/testdata/library_array_join.a
=== CONT  TestNativeAgreesWithNode/internal/oracle/testdata/weak_region_review.a
=== CONT  TestNativeAgreesWithNode/internal/oracle/testdata/set_foreach_arrays.a
=== CONT  TestNativeAgreesWithNode/internal/oracle/testdata/map_foreach_arrays.a
=== CONT  TestNativeAgreesWithNode/internal/oracle/testdata/string_views_loops.a
=== CONT  TestNativeAgreesWithNode/internal/oracle/testdata/string_views_calls.a
=== CONT  TestNativeAgreesWithNode/internal/oracle/testdata/string_views_characters.a
=== CONT  TestNativeAgreesWithNode/internal/oracle/testdata/string_views_methods.a
=== CONT  TestNativeAgreesWithNode/internal/oracle/testdata/string_views_policy.a
=== CONT  TestNativeAgreesWithNode/internal/oracle/testdata/string_views_holders.a
=== CONT  TestNativeAgreesWithNode/internal/oracle/testdata/string_views_throw.a
=== CONT  TestNativeAgreesWithNode/internal/oracle/testdata/string_views_lifetime.a
=== CONT  TestNativeAgreesWithNode/internal/oracle/testdata/non_null_union.a
=== CONT  TestCheckedViewArrays/array-lazy
=== CONT  TestCheckedViewNativeArrays/native-array-join
=== CONT  TestCheckedViewArrays/non-array
=== CONT  TestCheckedViewArrays/object-element
=== CONT  TestCheckedViewArrays/array-element
--- PASS: TestNativeAgreesWithNode (0.13s)
    --- PASS: TestNativeAgreesWithNode/internal/oracle/testdata/non_null_array.a (0.65s)
    --- PASS: TestNativeAgreesWithNode/internal/oracle/testdata/records_optional.a (0.69s)
    --- PASS: TestNativeAgreesWithNode/internal/oracle/testdata/records_partial_views.a (0.75s)
    --- PASS: TestNativeAgreesWithNode/internal/oracle/testdata/library_array_holes_callbacks.a (0.99s)
    --- PASS: TestNativeAgreesWithNode/internal/oracle/testdata/native-sorted-array-brand.a (0.69s)
    --- PASS: TestNativeAgreesWithNode/internal/oracle/testdata/non_null_uninitialized_optional.a (0.74s)
    --- PASS: TestNativeAgreesWithNode/internal/oracle/testdata/phantom_brands.a (0.84s)
    --- PASS: TestNativeAgreesWithNode/internal/oracle/testdata/phantom_array_brands.a (1.28s)
    --- PASS: TestNativeAgreesWithNode/internal/oracle/testdata/optional_widening_false_as_number.a (1.05s)
    --- PASS: TestNativeAgreesWithNode/internal/oracle/testdata/optional_widening_boolean_as_number_parameter.a (0.97s)
    --- PASS: TestNativeAgreesWithNode/internal/oracle/testdata/optional_widening_boolean_as_number_return.a (1.08s)
    --- PASS: TestNativeAgreesWithNode/internal/oracle/testdata/optional_widening_boolean_as_number_ops.a (1.57s)
    --- PASS: TestNativeAgreesWithNode/internal/oracle/testdata/optional_widening_boolean_as_number.a (1.70s)
    --- PASS: TestNativeAgreesWithNode/internal/oracle/testdata/optional_widening_subclass.a (1.62s)
    --- PASS: TestNativeAgreesWithNode/internal/oracle/testdata/optional_widening_generic_subclass.a (2.07s)
    --- PASS: TestNativeAgreesWithNode/internal/oracle/testdata/optional_widening_boolean_as_number_array.a (2.27s)
    --- PASS: TestNativeAgreesWithNode/internal/oracle/testdata/optional_widening_declared.a (1.03s)
    --- PASS: TestNativeAgreesWithNode/internal/oracle/testdata/optional_widening_class.a (0.95s)
    --- PASS: TestNativeAgreesWithNode/internal/oracle/testdata/optional_widening_fresh.a (1.05s)
    --- PASS: TestNativeAgreesWithNode/internal/oracle/testdata/nested_array.a (1.03s)
    --- PASS: TestNativeAgreesWithNode/internal/oracle/testdata/narrowed_union_valid.a (0.93s)
    --- PASS: TestNativeAgreesWithNode/internal/oracle/testdata/e4eec87_f2b_union_narrow_number.a (0.83s)
    --- PASS: TestNativeAgreesWithNode/internal/oracle/testdata/047cb0d_n_arrayindex.a (0.89s)
    --- PASS: TestNativeAgreesWithNode/internal/oracle/testdata/e4eec87_f2_union_narrow_call.a (1.13s)
    --- PASS: TestNativeAgreesWithNode/internal/oracle/testdata/e4eec87_u02_optional_absent.a (0.97s)
    --- PASS: TestNativeAgreesWithNode/internal/oracle/testdata/047cb0d_n_optional.a (1.09s)
    --- PASS: TestNativeAgreesWithNode/internal/oracle/testdata/literal_optional_shapes.a (1.11s)
    --- PASS: TestNativeAgreesWithNode/internal/oracle/testdata/census_optional_values_receivers.a (1.12s)
    --- PASS: TestNativeAgreesWithNode/internal/oracle/testdata/census_optional_values_padding.a (1.36s)
    --- PASS: TestNativeAgreesWithNode/internal/oracle/testdata/cast_class_union_fails.a (1.10s)
    --- PASS: TestNativeAgreesWithNode/internal/oracle/testdata/census_optional_values_forms.a (1.32s)
    --- PASS: TestNativeAgreesWithNode/internal/oracle/testdata/census_optional_values_system.a (1.45s)
    --- PASS: TestNativeAgreesWithNode/internal/oracle/testdata/cast_subunion_const_numeric_fails.a (0.77s)
    --- PASS: TestNativeAgreesWithNode/internal/oracle/testdata/cast_subunion_const_string_fails.a (0.97s)
    --- PASS: TestNativeAgreesWithNode/internal/oracle/testdata/cast_subunion_fails.a (0.86s)
    --- PASS: TestNativeAgreesWithNode/internal/oracle/testdata/cast_subunion_string_fails.a (1.16s)
    --- PASS: TestNativeAgreesWithNode/internal/oracle/testdata/library_array_holes_objects.a (0.96s)
    --- PASS: TestNativeAgreesWithNode/internal/oracle/testdata/library_array_holes_catch.a (1.00s)
    --- PASS: TestNativeAgreesWithNode/internal/oracle/testdata/library_array_holes_keys.a (1.13s)
    --- PASS: TestNativeAgreesWithNode/internal/oracle/testdata/library_array_holes_toString.a (0.99s)
    --- PASS: TestNativeAgreesWithNode/internal/oracle/testdata/library_array_holes_resize.a (1.09s)
    --- PASS: TestNativeAgreesWithNode/internal/oracle/testdata/library_array_holes_references.a (0.97s)
    --- PASS: TestNativeAgreesWithNode/internal/oracle/testdata/array-holes-boundaries/library_array_holes_range.a (0.86s)
    --- PASS: TestNativeAgreesWithNode/internal/oracle/testdata/library_array_spliced.a (1.33s)
    --- PASS: TestNativeAgreesWithNode/internal/oracle/testdata/library_array_holes_scanner_probe.a (0.74s)
    --- PASS: TestNativeAgreesWithNode/internal/oracle/testdata/array-holes-boundaries/library_array_holes_length.a (1.13s)
    --- PASS: TestNativeAgreesWithNode/internal/oracle/testdata/utf8_view_fails.a (0.95s)
    --- PASS: TestNativeAgreesWithNode/internal/oracle/testdata/utf8_view.a (0.82s)
    --- PASS: TestNativeAgreesWithNode/internal/oracle/testdata/optional_strings.a (0.84s)
    --- PASS: TestNativeAgreesWithNode/internal/oracle/testdata/reuse_arrays.a (0.90s)
    --- PASS: TestNativeAgreesWithNode/internal/oracle/testdata/optional_class_method.a (0.82s)
    --- PASS: TestNativeAgreesWithNode/internal/oracle/testdata/nbody_optional_references.a (0.97s)
    --- PASS: TestNativeAgreesWithNode/internal/oracle/testdata/array_from_undefined.a (0.86s)
    --- PASS: TestNativeAgreesWithNode/internal/oracle/testdata/unions.a (0.98s)
    --- PASS: TestNativeAgreesWithNode/internal/oracle/testdata/array_from_length.a (0.77s)
    --- PASS: TestNativeAgreesWithNode/internal/oracle/testdata/array_from.a (1.03s)
    --- PASS: TestNativeAgreesWithNode/internal/oracle/testdata/optional_numbers.a (0.73s)
    --- PASS: TestNativeAgreesWithNode/internal/oracle/testdata/library_array_find_last.a (0.86s)
    --- PASS: TestNativeAgreesWithNode/internal/oracle/testdata/library_array_copy.a (0.92s)
    --- PASS: TestNativeAgreesWithNode/internal/oracle/testdata/library_array_search.a (0.80s)
    --- PASS: TestNativeAgreesWithNode/internal/oracle/testdata/string_views_surrogates.a (0.70s)
    --- PASS: TestNativeAgreesWithNode/internal/oracle/testdata/library_array_copy_within.a (0.91s)
    --- PASS: TestNativeAgreesWithNode/internal/oracle/testdata/library_array_flat_map.a (0.94s)
    --- PASS: TestNativeAgreesWithNode/internal/oracle/testdata/library_array_flat.a (1.05s)
    --- PASS: TestNativeAgreesWithNode/internal/oracle/testdata/library_array_with.a (1.40s)
    --- PASS: TestNativeAgreesWithNode/internal/oracle/testdata/library_array_metadata.a (1.38s)
    --- PASS: TestNativeAgreesWithNode/internal/oracle/testdata/library_array_join.a (1.65s)
    --- PASS: TestNativeAgreesWithNode/internal/oracle/testdata/weak_region_review.a (2.07s)
    --- PASS: TestNativeAgreesWithNode/internal/oracle/testdata/library_array_iterators.a (2.46s)
    --- PASS: TestNativeAgreesWithNode/internal/oracle/testdata/set_foreach_arrays.a (1.52s)
    --- PASS: TestNativeAgreesWithNode/internal/oracle/testdata/map_foreach_arrays.a (1.51s)
    --- PASS: TestNativeAgreesWithNode/internal/oracle/testdata/string_views_loops.a (1.07s)
    --- PASS: TestNativeAgreesWithNode/internal/oracle/testdata/string_views_characters.a (1.00s)
    --- PASS: TestNativeAgreesWithNode/internal/oracle/testdata/string_views_calls.a (1.29s)
    --- PASS: TestNativeAgreesWithNode/internal/oracle/testdata/string_views_policy.a (1.15s)
    --- PASS: TestNativeAgreesWithNode/internal/oracle/testdata/string_views_methods.a (1.36s)
    --- PASS: TestNativeAgreesWithNode/internal/oracle/testdata/string_views_holders.a (1.18s)
    --- PASS: TestNativeAgreesWithNode/internal/oracle/testdata/string_views_throw.a (1.18s)
    --- PASS: TestNativeAgreesWithNode/internal/oracle/testdata/non_null_union.a (0.89s)
    --- PASS: TestNativeAgreesWithNode/internal/oracle/testdata/string_views_lifetime.a (1.26s)
=== CONT  TestCheckedViewArrays/array-field
=== CONT  TestCheckedViewArrays/generic-array-element
=== CONT  TestCheckedViewArrays/nullable-array-element
=== CONT  TestCheckedViewArrays/nullable-array-string
=== CONT  TestCheckedViewArrays/array-string-literal
=== CONT  TestCheckedViewArrays/array-undefined
=== CONT  TestCheckedViewArrays/array-alias
=== CONT  TestCheckedViewArrays/array-map-bad
=== CONT  TestCheckedViewArrays/array-iteration-bad
=== CONT  TestCheckedViewArrays/array-boolean
=== CONT  TestCheckedViewArrays/array-uninitialized
=== CONT  TestCheckedViewArrays/array-missing
=== CONT  TestCheckedViewArrays/callable-kind
=== CONT  TestCheckedViewArrays/callable-uninitialized
=== CONT  TestCheckedViewArrays/callable-missing
=== CONT  TestCheckedViewArrays/array-length-kind
=== CONT  TestCheckedViewArrays/array-second
=== CONT  TestCheckedViewArrays/array-bounds
=== CONT  TestCheckedViewArrays/array-pop
=== CONT  TestCheckedViewArrays/array-map
=== CONT  TestCheckedViewArrays/array-iteration
=== CONT  TestCheckedViewArraySearch/native-array-search
=== CONT  TestCheckedViewNativeArrays/native-array-copy-bad
=== CONT  TestCheckedViewNativeArrays/native-array-push-bad
=== CONT  TestCheckedViewNativeArrays/native-array-write-bad
=== CONT  TestCheckedViewNativeArrays/native-array-join-literal
--- PASS: TestCheckedViewArrays (0.00s)
    --- PASS: TestCheckedViewArrays/array-lazy (0.84s)
    --- PASS: TestCheckedViewArrays/non-array (0.82s)
    --- PASS: TestCheckedViewArrays/array-element (0.88s)
    --- PASS: TestCheckedViewArrays/object-element (0.93s)
    --- PASS: TestCheckedViewArrays/array-field (0.94s)
    --- PASS: TestCheckedViewArrays/nullable-array-element (0.58s)
    --- PASS: TestCheckedViewArrays/nullable-array-string (0.73s)
    --- PASS: TestCheckedViewArrays/generic-array-element (0.94s)
    --- PASS: TestCheckedViewArrays/array-string-literal (0.69s)
    --- PASS: TestCheckedViewArrays/array-undefined (0.65s)
    --- PASS: TestCheckedViewArrays/array-alias (0.77s)
    --- PASS: TestCheckedViewArrays/array-boolean (0.59s)
    --- PASS: TestCheckedViewArrays/array-iteration-bad (0.66s)
    --- PASS: TestCheckedViewArrays/array-map-bad (1.00s)
    --- PASS: TestCheckedViewArrays/array-uninitialized (1.00s)
    --- PASS: TestCheckedViewArrays/callable-kind (0.82s)
    --- PASS: TestCheckedViewArrays/array-missing (0.87s)
    --- PASS: TestCheckedViewArrays/callable-uninitialized (1.05s)
    --- PASS: TestCheckedViewArrays/array-length-kind (0.69s)
    --- PASS: TestCheckedViewArrays/callable-missing (0.99s)
    --- PASS: TestCheckedViewArrays/array-second (0.68s)
    --- PASS: TestCheckedViewArrays/array-bounds (1.17s)
    --- PASS: TestCheckedViewArrays/array-pop (0.95s)
    --- PASS: TestCheckedViewArrays/array-map (1.02s)
    --- PASS: TestCheckedViewArrays/array-iteration (1.06s)
=== CONT  TestCheckedViewNativeArrays/native-array-join-bad
=== CONT  TestCheckedViewNativeArrays/native-array-sparse-pop-hole
=== CONT  TestCheckedViewNativeArrays/native-array-sparse
=== CONT  TestCheckedViewNativeArrays/native-array-string-mutation
=== CONT  TestCheckedViewNativeArrays/native-array-mutation
=== CONT  TestCheckedViewNativeArrays/native-array-join-boolean
=== CONT  TestCheckedViewNativeArrays/native-array-large-field
=== CONT  TestCheckedViewNativeArrays/native-array-join-evaluation
=== CONT  TestCheckedViewArrayReferenceWrites/reference-array-set
=== CONT  TestCheckedViewArraySearch/native-array-search-literal
=== CONT  TestCheckedViewArraySearch/native-array-search-bad
=== CONT  TestCheckedViewArraySearch/native-array-reference-write
--- PASS: TestCheckedViewNativeArrays (0.00s)
    --- PASS: TestCheckedViewNativeArrays/native-array-join (1.54s)
    --- PASS: TestCheckedViewNativeArrays/native-array-copy-bad (0.77s)
    --- PASS: TestCheckedViewNativeArrays/native-array-push-bad (0.81s)
    --- PASS: TestCheckedViewNativeArrays/native-array-write-bad (0.67s)
    --- PASS: TestCheckedViewNativeArrays/native-array-join-bad (0.70s)
    --- PASS: TestCheckedViewNativeArrays/native-array-join-literal (0.73s)
    --- PASS: TestCheckedViewNativeArrays/native-array-string-mutation (0.60s)
    --- PASS: TestCheckedViewNativeArrays/native-array-sparse-pop-hole (0.74s)
    --- PASS: TestCheckedViewNativeArrays/native-array-sparse (0.81s)
    --- PASS: TestCheckedViewNativeArrays/native-array-join-boolean (0.67s)
    --- PASS: TestCheckedViewNativeArrays/native-array-mutation (0.77s)
    --- PASS: TestCheckedViewNativeArrays/native-array-large-field (0.69s)
    --- PASS: TestCheckedViewNativeArrays/native-array-join-evaluation (0.68s)
=== CONT  TestCheckedViewArraySearch/native-array-search-boolean
=== CONT  TestCheckedViewArraySearch/native-array-search-evaluation
=== CONT  TestCheckedViewArraySearch/native-array-search-sparse
=== CONT  TestCheckedViewArraySearch/native-array-search-object
=== CONT  TestCheckedViewArraySearch/native-array-search-lazy
=== CONT  TestCheckedViewArrayReferenceWrites/reference-array-narrow-field
=== CONT  TestCheckedViewArrayReferenceWrites/reference-array-evaluation
=== CONT  TestCheckedViewArrayReferenceWrites/reference-array-uninitialized
=== CONT  TestCheckedViewArrayReferenceWrites/reference-array-source-alias
=== CONT  TestCheckedViewArrayReferenceWrites/reference-array-uncertified
--- PASS: TestCheckedViewArraySearch (0.00s)
    --- PASS: TestCheckedViewArraySearch/native-array-search (0.91s)
    --- PASS: TestCheckedViewArraySearch/native-array-search-bad (0.68s)
    --- PASS: TestCheckedViewArraySearch/native-array-search-literal (0.80s)
    --- PASS: TestCheckedViewArraySearch/native-array-reference-write (0.72s)
    --- PASS: TestCheckedViewArraySearch/native-array-search-boolean (0.71s)
    --- PASS: TestCheckedViewArraySearch/native-array-search-evaluation (0.70s)
    --- PASS: TestCheckedViewArraySearch/native-array-search-lazy (0.71s)
    --- PASS: TestCheckedViewArraySearch/native-array-search-sparse (1.04s)
    --- PASS: TestCheckedViewArraySearch/native-array-search-object (1.59s)
=== CONT  TestCheckedViewArrayReferenceWrites/reference-array-mutable-incoming
=== CONT  TestCheckedViewArrayReferenceWrites/reference-array-readonly-incoming
=== CONT  TestCheckedViewArrayReferenceWrites/reference-array-slice
=== CONT  TestCheckedViewArrayReferenceWrites/reference-array-missing-field
=== CONT  TestCheckedViewArrayReferenceWrites/reference-array-lazy
=== CONT  TestCheckedViewArrayReferenceWrites/reference-array-alias
=== CONT  TestCheckedViewArrayReferenceWrites/reference-array-empty
=== CONT  TestCheckedViewArrayReferenceWrites/reference-array-push
=== CONT  TestCheckedViewRankedArrayUnionContracts/ranked3-pattern
=== CONT  TestCheckedViewRankedArrayUnionContracts/ranked3-reference
=== CONT  TestCheckedViewRankedArrayUnionContracts/ranked3-reference-absent
=== CONT  TestCheckedViewRankedArrayUnionContracts/ranked3-mutable-array-unread
=== CONT  TestCheckedViewRankedArrayUnionContracts/ranked3-pattern-wrong-tag
--- PASS: TestCheckedViewArrayReferenceWrites (0.00s)
    --- PASS: TestCheckedViewArrayReferenceWrites/reference-array-set (0.62s)
    --- PASS: TestCheckedViewArrayReferenceWrites/reference-array-narrow-field (1.01s)
    --- PASS: TestCheckedViewArrayReferenceWrites/reference-array-evaluation (1.88s)
    --- PASS: TestCheckedViewArrayReferenceWrites/reference-array-uninitialized (1.38s)
    --- PASS: TestCheckedViewArrayReferenceWrites/reference-array-uncertified (1.12s)
    --- PASS: TestCheckedViewArrayReferenceWrites/reference-array-source-alias (1.50s)
    --- PASS: TestCheckedViewArrayReferenceWrites/reference-array-readonly-incoming (0.73s)
    --- PASS: TestCheckedViewArrayReferenceWrites/reference-array-mutable-incoming (1.57s)
    --- PASS: TestCheckedViewArrayReferenceWrites/reference-array-lazy (0.98s)
    --- PASS: TestCheckedViewArrayReferenceWrites/reference-array-slice (1.16s)
    --- PASS: TestCheckedViewArrayReferenceWrites/reference-array-missing-field (1.42s)
    --- PASS: TestCheckedViewArrayReferenceWrites/reference-array-empty (0.97s)
    --- PASS: TestCheckedViewArrayReferenceWrites/reference-array-alias (1.28s)
    --- PASS: TestCheckedViewArrayReferenceWrites/reference-array-push (0.88s)
=== CONT  TestCheckedViewRankedArrayUnionContracts/ranked3-pattern-wrong-element
=== CONT  TestCheckedViewRankedArrayUnionContracts/ranked3-pattern-lazy
=== CONT  TestCheckedViewRankedArrayUnionContracts/ranked3-reference-wrong-array
=== CONT  TestCheckedViewRankedArrayUnionContracts/ranked3-signature
=== CONT  TestCheckedViewRankedArrayUnionContracts/ranked3-class-wrong-array
=== CONT  TestCheckedViewRankedArrayUnionContracts/ranked3-class
=== CONT  TestCheckedViewRankedArrayUnionContracts/ranked3-signature-wrong-array
=== CONT  TestCheckedViewRankedArrayUnionContracts/ranked3-types
=== CONT  TestCheckedViewRankedArrayUnionContracts/ranked3-types-wrong-array
=== CONT  TestCheckedViewRankedArrayUnionContracts/ranked3-pattern-wrong-array
=== CONT  TestCheckedViewRankedArrayContracts/ranked-union-types
=== CONT  TestCheckedViewRankedArrayContracts/ranked-union-lazy
=== CONT  TestCheckedViewRankedArrayContracts/ranked-source-wrong-array
=== CONT  TestCheckedViewRankedArrayContracts/ranked-signature-wrong-element
--- PASS: TestCheckedViewRankedArrayUnionContracts (0.00s)
    --- PASS: TestCheckedViewRankedArrayUnionContracts/ranked3-pattern (1.07s)
    --- PASS: TestCheckedViewRankedArrayUnionContracts/ranked3-reference (1.00s)
    --- PASS: TestCheckedViewRankedArrayUnionContracts/ranked3-reference-absent (0.91s)
    --- PASS: TestCheckedViewRankedArrayUnionContracts/ranked3-mutable-array-unread (0.94s)
    --- PASS: TestCheckedViewRankedArrayUnionContracts/ranked3-pattern-wrong-tag (1.02s)
    --- PASS: TestCheckedViewRankedArrayUnionContracts/ranked3-pattern-wrong-element (1.08s)
    --- PASS: TestCheckedViewRankedArrayUnionContracts/ranked3-pattern-lazy (1.10s)
    --- PASS: TestCheckedViewRankedArrayUnionContracts/ranked3-reference-wrong-array (1.36s)
    --- PASS: TestCheckedViewRankedArrayUnionContracts/ranked3-class-wrong-array (1.04s)
    --- PASS: TestCheckedViewRankedArrayUnionContracts/ranked3-signature (1.23s)
    --- PASS: TestCheckedViewRankedArrayUnionContracts/ranked3-class (1.08s)
    --- PASS: TestCheckedViewRankedArrayUnionContracts/ranked3-signature-wrong-array (1.01s)
    --- PASS: TestCheckedViewRankedArrayUnionContracts/ranked3-types (0.93s)
    --- PASS: TestCheckedViewRankedArrayUnionContracts/ranked3-pattern-wrong-array (1.05s)
    --- PASS: TestCheckedViewRankedArrayUnionContracts/ranked3-types-wrong-array (1.10s)
=== CONT  TestCheckedViewRankedArrayContracts/ranked-signature-wrong-array
=== CONT  TestCheckedViewRankedArrayContracts/ranked-intersection-wrong-field
=== CONT  TestCheckedViewRankedArrayContracts/ranked-union-wrong-array
=== CONT  TestCheckedViewRankedArrayContracts/ranked-signature-parameters
=== CONT  TestCheckedViewRankedArrayContracts/ranked-signature-absent
=== CONT  TestCheckedViewRankedArrayContracts/ranked-source-statements
=== CONT  TestCheckedViewRankedArrayContracts/ranked-signature-type-parameters
=== CONT  TestCheckedViewRankedArrayContracts/ranked-intersection-types
=== CONT  TestCheckedViewOptionalDeclarations/optional-declarations-present
=== CONT  TestCheckedViewOptionalDeclarations/optional-declarations-lazy
=== CONT  TestCheckedViewOptionalDeclarations/optional-declarations-wrong-field
=== CONT  TestCheckedViewOptionalDeclarations/optional-declarations-wrong-element
--- PASS: TestCheckedViewRankedArrayContracts (0.00s)
    --- PASS: TestCheckedViewRankedArrayContracts/ranked-union-types (1.15s)
    --- PASS: TestCheckedViewRankedArrayContracts/ranked-union-lazy (1.14s)
    --- PASS: TestCheckedViewRankedArrayContracts/ranked-source-wrong-array (1.00s)
    --- PASS: TestCheckedViewRankedArrayContracts/ranked-signature-wrong-element (1.18s)
    --- PASS: TestCheckedViewRankedArrayContracts/ranked-signature-wrong-array (1.53s)
    --- PASS: TestCheckedViewRankedArrayContracts/ranked-signature-parameters (0.74s)
    --- PASS: TestCheckedViewRankedArrayContracts/ranked-union-wrong-array (0.98s)
    --- PASS: TestCheckedViewRankedArrayContracts/ranked-intersection-wrong-field (1.23s)
    --- PASS: TestCheckedViewRankedArrayContracts/ranked-signature-absent (0.99s)
    --- PASS: TestCheckedViewRankedArrayContracts/ranked-intersection-types (0.98s)
    --- PASS: TestCheckedViewRankedArrayContracts/ranked-signature-type-parameters (1.00s)
    --- PASS: TestCheckedViewRankedArrayContracts/ranked-source-statements (1.08s)
=== CONT  TestCheckedViewOptionalDeclarations/optional-declarations-wrong-array
=== CONT  TestCheckedViewOptionalDeclarations/optional-declarations-absent
=== CONT  TestCheckedViewOptionalDeclarations/optional-declarations-undefined
--- PASS: TestCheckedViewOptionalDeclarations (0.00s)
    --- PASS: TestCheckedViewOptionalDeclarations/optional-declarations-present (1.04s)
    --- PASS: TestCheckedViewOptionalDeclarations/optional-declarations-lazy (0.74s)
    --- PASS: TestCheckedViewOptionalDeclarations/optional-declarations-wrong-field (0.61s)
    --- PASS: TestCheckedViewOptionalDeclarations/optional-declarations-wrong-element (0.68s)
    --- PASS: TestCheckedViewOptionalDeclarations/optional-declarations-absent (0.62s)
    --- PASS: TestCheckedViewOptionalDeclarations/optional-declarations-wrong-array (0.67s)
    --- PASS: TestCheckedViewOptionalDeclarations/optional-declarations-undefined (0.52s)
PASS
gate cache: native hits=0 misses=526
gate cache: node hits=0 misses=1855
gate cache: probe hits=0 misses=0
ok  	github.com/system-inc/adamic/internal/oracle	588.603s
