measurement	github.com/system-inc/adamic/cmd/adamic-test262	TestCompilerStartupMeasurement	TestCompilerStartupMeasurement:c4a4cc95e992b9399ab2a21ae7e3a1caca9c71a5d9b0b7f5d48200073d19ce03	Opt-in timing or profile artifact comparison; does not replace correctness verification.
measurement	github.com/system-inc/adamic/internal/native	TestNormalizeLongMeasurements	TestNormalizeLongMeasurements:6dcd1081c12d5b6018fcc9cefc4b64e74675be953be75185fa2be02d217f45de	ADAMIC_NORMALIZE_BENCH_LOG names a writable JSONL output for opt-in long-string timing and RSS observations.
measurement	github.com/system-inc/adamic/internal/native	TestRecordBenchmark	TestRecordBenchmark:06ee23e4bcdbf34555e793a31d7dc4a10bdb21fb5c9a110c068aa7683ad1f84d	Opt-in benchmark: set ADAMIC_RECORD_BENCH=1 for five-round Node timing comparisons; no timing threshold verifies correctness.
unknown	github.com/system-inc/adamic/internal/native	TestWASIUnit00
unknown	github.com/system-inc/adamic/internal/native	TestWASIUnit01
unknown	github.com/system-inc/adamic/internal/native	TestWASIUnit02
unknown	github.com/system-inc/adamic/internal/native	TestWASIUnit03
unknown	github.com/system-inc/adamic/internal/native	TestWASIUnit04
unknown	github.com/system-inc/adamic/internal/native	TestWASIUnit05
unknown	github.com/system-inc/adamic/internal/native	TestWASIUnit06
unknown	github.com/system-inc/adamic/internal/native	TestWASIUnit07
unknown	github.com/system-inc/adamic/internal/native	TestWASIUnit08
unknown	github.com/system-inc/adamic/internal/native	TestWASIUnit09
unknown	github.com/system-inc/adamic/internal/native	TestWASIUnit10
unknown	github.com/system-inc/adamic/internal/native	TestWASIUnit11
unknown	github.com/system-inc/adamic/internal/native	TestWASIUnit12
unknown	github.com/system-inc/adamic/internal/native	TestWASIUnit13
unknown	github.com/system-inc/adamic/internal/native	TestWASIUnit14
unknown	github.com/system-inc/adamic/internal/native	TestWASIUnit15
unknown	github.com/system-inc/adamic/internal/native	TestWASIUnit16
unknown	github.com/system-inc/adamic/internal/native	TestWASIUnit17
unknown	github.com/system-inc/adamic/internal/native	TestWASIUnit18
unknown	github.com/system-inc/adamic/internal/native	TestWASIUnit19
unknown	github.com/system-inc/adamic/internal/native	TestWASIUnit20
unknown	github.com/system-inc/adamic/internal/native	TestWASIUnit21
unknown	github.com/system-inc/adamic/internal/native	TestWASIUnit22
unknown	github.com/system-inc/adamic/internal/native	TestWASIUnit23
unknown	github.com/system-inc/adamic/internal/native	TestWASIUnit24
unknown	github.com/system-inc/adamic/internal/native	TestWASIUnit25
unknown	github.com/system-inc/adamic/internal/native	TestWASIUnit26
unknown	github.com/system-inc/adamic/internal/native	TestWASIUnit27
unknown	github.com/system-inc/adamic/internal/native	TestWASIUnit28
unknown	github.com/system-inc/adamic/internal/native	TestWASIUnit29
unknown	github.com/system-inc/adamic/internal/native	TestWASIUnit30
unknown	github.com/system-inc/adamic/internal/native	TestWASIUnit31
unknown	github.com/system-inc/adamic/internal/native	TestWASIUnit32
unknown	github.com/system-inc/adamic/internal/native	TestWASIUnit33
unknown	github.com/system-inc/adamic/internal/native	TestWASIUnit34
unknown	github.com/system-inc/adamic/internal/native	TestWASIUnit35
pending	github.com/system-inc/adamic/internal/oracle	TestEntriesAcceptance	TestEntriesAcceptance:extra	awaits codex/step12-entries-fixtures
not-applicable	github.com/system-inc/adamic/internal/oracle	TestStage3FixtureHook	TestStage3FixtureHook:071bee04ebc1306585f9ad6a0a4aa5333046920fcb7bc52d74b659e6bbc9199d	Dormant entry point called by the Stage 3 fixture runner, not an independent correctness check. With ADAMIC_STAGE3_FIXTURE empty there is no runner request, so the hook is not applicable to a whole run. stage3/fixtures supplies the fixture source and ADAMIC_STAGE3_RESULT writable result path when invoking it; opted-in execution failures still fail.
opt-in-lane	github.com/system-inc/adamic/stage1/cohere/estree	TestCorpusNativeRefusals	TestCorpusNativeRefusals:extra	The estree corpus audit lane: needs the completed frozen corpus that audit produces, not provisioned by the gate.
measurement	github.com/system-inc/adamic/stage1/cohere/graphql/printer	TestPrinterThroughput	TestPrinterThroughput:extra	Opt-in throughput measurement; does not replace correctness verification.
measurement	github.com/system-inc/adamic/stage1/cohere/lint	TestJsxLintReleaseAndThroughput	TestJsxLintReleaseAndThroughput:0ac2731cc03aa88aa1db988e0910063d36067cbcb25e2a776be9408d8e4d1ebf	ADAMIC_LINT_BENCH=1 enables five-round JSX throughput comparisons; ordinary JSX correctness is held separately by TestJsxLintTrees and the lint oracle.
measurement	github.com/system-inc/adamic/stage1/cohere/lint	TestProfileArtifacts	TestProfileArtifacts:03683169fb662d98215fb4465dea1cc535cddd2f3b736fc257b8ceee2618bd70	Opt-in timing or profile artifact comparison; does not replace correctness verification.
measurement	github.com/system-inc/adamic/stage1/typescript/parser	TestPerformance	TestPerformance,TestWholePerformance:70379d1136172e1ccb3d2e6ce37b3c25fb71607b9927b3d32cd60151ea1b9a26	Opt-in timing or profile artifact comparison; does not replace correctness verification.
measurement	github.com/system-inc/adamic/stage1/typescript/scanner	TestProfileArtifacts	TestProfileArtifacts:03683169fb662d98215fb4465dea1cc535cddd2f3b736fc257b8ceee2618bd70	Opt-in timing or profile artifact comparison; does not replace correctness verification.
measurement	github.com/system-inc/adamic/stage1/typescript/scanner	TestPerformance	TestPerformance:fc2cecddef6499ecfc230850eb4569d7b20ef412ad51c601308d2654dfebb2e1	Opt-in timing or profile artifact comparison; does not replace correctness verification.
not-applicable	github.com/system-inc/adamic/internal/oracle	TestWASIEmission/internal/oracle/testdata/notyet_element_access/fields.a	TestWASIEmission:01adf590dfb4d6d0d1ab0c887e7724905ac27af2f60ef5b900d00a0f2adc4dc9	The fixture is declared refused in the oracle's fixture table (lowers false): lowering refuses it by design, so it has nothing to emit. A refused fixture is not-applicable, never a missing input (@system_adamic's ruling, Oct 7).
not-applicable	github.com/system-inc/adamic/internal/oracle	TestWASIEmission/internal/oracle/testdata/notyet_element_access/numeric_record.a	TestWASIEmission:01adf590dfb4d6d0d1ab0c887e7724905ac27af2f60ef5b900d00a0f2adc4dc9	The fixture is declared refused in the oracle's fixture table (lowers false): lowering refuses it by design, so it has nothing to emit. A refused fixture is not-applicable, never a missing input (@system_adamic's ruling, Oct 7).
not-applicable	github.com/system-inc/adamic/internal/oracle	TestWASIEmission/internal/oracle/testdata/notyet_element_access/jsdoc.a	TestWASIEmission:01adf590dfb4d6d0d1ab0c887e7724905ac27af2f60ef5b900d00a0f2adc4dc9	The fixture is declared refused in the oracle's fixture table (lowers false): lowering refuses it by design, so it has nothing to emit. A refused fixture is not-applicable, never a missing input (@system_adamic's ruling, Oct 7).
not-applicable	github.com/system-inc/adamic/internal/oracle	TestWASIEmission/internal/oracle/testdata/notyet_element_access/sorted.a	TestWASIEmission:01adf590dfb4d6d0d1ab0c887e7724905ac27af2f60ef5b900d00a0f2adc4dc9	The fixture is declared refused in the oracle's fixture table (lowers false): lowering refuses it by design, so it has nothing to emit. A refused fixture is not-applicable, never a missing input (@system_adamic's ruling, Oct 7).
not-applicable	github.com/system-inc/adamic/internal/oracle	TestWASIEmission/internal/oracle/testdata/notyet_element_access/nodearray.a	TestWASIEmission:01adf590dfb4d6d0d1ab0c887e7724905ac27af2f60ef5b900d00a0f2adc4dc9	The fixture is declared refused in the oracle's fixture table (lowers false): lowering refuses it by design, so it has nothing to emit. A refused fixture is not-applicable, never a missing input (@system_adamic's ruling, Oct 7).
not-applicable	github.com/system-inc/adamic/internal/oracle	TestWASIEmission/internal/oracle/testdata/notyet_element_access/template.a	TestWASIEmission:01adf590dfb4d6d0d1ab0c887e7724905ac27af2f60ef5b900d00a0f2adc4dc9	The fixture is declared refused in the oracle's fixture table (lowers false): lowering refuses it by design, so it has nothing to emit. A refused fixture is not-applicable, never a missing input (@system_adamic's ruling, Oct 7).
not-applicable	github.com/system-inc/adamic/internal/oracle	TestWASIEmission/internal/oracle/testdata/notyet_element_access/paths.a	TestWASIEmission:01adf590dfb4d6d0d1ab0c887e7724905ac27af2f60ef5b900d00a0f2adc4dc9	The fixture is declared refused in the oracle's fixture table (lowers false): lowering refuses it by design, so it has nothing to emit. A refused fixture is not-applicable, never a missing input (@system_adamic's ruling, Oct 7).
not-applicable	github.com/system-inc/adamic/internal/oracle	TestWASIEmission/internal/oracle/testdata/reland_refused/generic_instance_key_json.a	TestWASIEmission:01adf590dfb4d6d0d1ab0c887e7724905ac27af2f60ef5b900d00a0f2adc4dc9	The fixture is declared refused in the oracle's fixture table (lowers false): lowering refuses it by design, so it has nothing to emit. A refused fixture is not-applicable, never a missing input (@system_adamic's ruling, Oct 7).
not-applicable	github.com/system-inc/adamic/internal/oracle	TestWASIEmission/internal/oracle/testdata/census_small_stopped/census_small_default_stopped.a	TestWASIEmission:01adf590dfb4d6d0d1ab0c887e7724905ac27af2f60ef5b900d00a0f2adc4dc9	The fixture is declared refused in the oracle's fixture table (lowers false): lowering refuses it by design, so it has nothing to emit. A refused fixture is not-applicable, never a missing input (@system_adamic's ruling, Oct 7).
not-applicable	github.com/system-inc/adamic/internal/oracle	TestWASIEmission/internal/oracle/testdata/census_small_stopped/census_small_optional_stopped.a	TestWASIEmission:01adf590dfb4d6d0d1ab0c887e7724905ac27af2f60ef5b900d00a0f2adc4dc9	The fixture is declared refused in the oracle's fixture table (lowers false): lowering refuses it by design, so it has nothing to emit. A refused fixture is not-applicable, never a missing input (@system_adamic's ruling, Oct 7).
not-applicable	github.com/system-inc/adamic/internal/oracle	TestWASIEmission/internal/oracle/testdata/presence_refused/optional_field_write.a	TestWASIEmission:01adf590dfb4d6d0d1ab0c887e7724905ac27af2f60ef5b900d00a0f2adc4dc9	The fixture is declared refused in the oracle's fixture table (lowers false): lowering refuses it by design, so it has nothing to emit. A refused fixture is not-applicable, never a missing input (@system_adamic's ruling, Oct 7).
not-applicable	github.com/system-inc/adamic/internal/oracle	TestWASIEmission/stage3/fixtures/taste/17_binder_flow.a	TestWASIEmission:01adf590dfb4d6d0d1ab0c887e7724905ac27af2f60ef5b900d00a0f2adc4dc9	The fixture is declared refused in the oracle's fixture table (lowers false): lowering refuses it by design, so it has nothing to emit. A refused fixture is not-applicable, never a missing input (@system_adamic's ruling, Oct 7).
not-applicable	github.com/system-inc/adamic/internal/oracle	TestWASIEmission/internal/oracle/testdata/new_expression_class_cache_capture_notyet.a	TestWASIEmission:01adf590dfb4d6d0d1ab0c887e7724905ac27af2f60ef5b900d00a0f2adc4dc9	The fixture is declared refused in the oracle's fixture table (lowers false): lowering refuses it by design, so it has nothing to emit. A refused fixture is not-applicable, never a missing input (@system_adamic's ruling, Oct 7).
not-applicable	github.com/system-inc/adamic/internal/oracle	TestWASIEmission/internal/oracle/testdata/new_expression_uint16_notyet.a	TestWASIEmission:01adf590dfb4d6d0d1ab0c887e7724905ac27af2f60ef5b900d00a0f2adc4dc9	The fixture is declared refused in the oracle's fixture table (lowers false): lowering refuses it by design, so it has nothing to emit. A refused fixture is not-applicable, never a missing input (@system_adamic's ruling, Oct 7).
not-applicable	github.com/system-inc/adamic/internal/oracle	TestWASIEmission/internal/oracle/testdata/new_expression_uint16.a	TestWASIEmission:01adf590dfb4d6d0d1ab0c887e7724905ac27af2f60ef5b900d00a0f2adc4dc9	The fixture is declared refused in the oracle's fixture table (lowers false): lowering refuses it by design, so it has nothing to emit. A refused fixture is not-applicable, never a missing input (@system_adamic's ruling, Oct 7).
not-applicable	github.com/system-inc/adamic/internal/oracle	TestWASIEmission/internal/oracle/testdata/logical_and_reference_refused/logical_and_reference_null.a	TestWASIEmission:01adf590dfb4d6d0d1ab0c887e7724905ac27af2f60ef5b900d00a0f2adc4dc9	The fixture is declared refused in the oracle's fixture table (lowers false): lowering refuses it by design, so it has nothing to emit. A refused fixture is not-applicable, never a missing input (@system_adamic's ruling, Oct 7).
measurement	github.com/system-inc/adamic/internal/lower	TestOptionalWideningCensus	TestOptionalWideningCensus:6db2c24faa7463ea36fb143a758faf5111de53a4d3f94c7e93eaf86c24f8af9e	Opt-in inventory of a project's optional-widening sites (OPTIONAL_WIDENING_CONFIG and OPTIONAL_WIDENING_OUTPUT); measurement, never a required input of the gate.
measurement	github.com/system-inc/adamic/internal/native	TestMeasureClangUnits	TestMeasureClangUnits:03683169fb662d98215fb4465dea1cc535cddd2f3b736fc257b8ceee2618bd70	Opt-in timing or profile artifact comparison; does not replace correctness verification.
measurement	github.com/system-inc/adamic/stage1/cohere/css	TestCSSProfileArtifacts	TestCSSProfileArtifacts:03683169fb662d98215fb4465dea1cc535cddd2f3b736fc257b8ceee2618bd70	Opt-in timing or profile artifact comparison; does not replace correctness verification.
opt-in-lane	github.com/system-inc/adamic/stage1/cohere/estree	TestRepositoryAgreement	TestRepositoryAgreement:extra	The estree corpus audit lane: runs against a completed Go/Node corpus audit directory (ADAMIC_ESTREE_CORPUS) produced by that audit, not provisioned by the gate, like the GCC and release-flags lanes.
measurement	github.com/system-inc/adamic/stage1/cohere/json	TestProfileSnapshotsAgree	TestProfileSnapshotsAgree:0c806cf55aaf661dc1cd0ca6f410d2e8cd783d596f2a608e77da9ec5f091cf66	Opt-in timing or profile artifact comparison; does not replace correctness verification.
measurement	github.com/system-inc/adamic/stage1/typescript/parser	TestWholePerformance	TestPerformance,TestWholePerformance:70379d1136172e1ccb3d2e6ce37b3c25fb71607b9927b3d32cd60151ea1b9a26	Opt-in timing or profile artifact comparison; does not replace correctness verification.
measurement	github.com/system-inc/adamic/stage1/typescript/scanner	TestProfileSnapshotsAgree	TestProfileSnapshotsAgree:3bd24aa7ec39b0814f83da55e2fa69db6694d0b9024893cf146dc5f7e1cbb1b4	Opt-in timing or profile artifact comparison; does not replace correctness verification.
unknown	github.com/system-inc/adamic/bridge/tsgo	TestBridgeOracleChecker
unknown	github.com/system-inc/adamic/bridge/tsgo	TestBridgeTimingRound1Checker
unknown	github.com/system-inc/adamic/bridge/tsgo	TestBridgeTimingRound2Checker
unknown	github.com/system-inc/adamic/bridge/tsgo	TestBridgeTimingRound3Checker
unknown	github.com/system-inc/adamic/bridge/tsgo	TestBridgeWrongPositionChecker
unknown	github.com/system-inc/adamic/bridge/tsgo	TestBridgeOracleParser
unknown	github.com/system-inc/adamic/bridge/tsgo	TestBridgeTimingRound1Parser
unknown	github.com/system-inc/adamic/bridge/tsgo	TestBridgeTimingRound2Parser
unknown	github.com/system-inc/adamic/bridge/tsgo	TestBridgeTimingRound3Parser
unknown	github.com/system-inc/adamic/bridge/tsgo	TestBridgeWrongPositionParser
unknown	github.com/system-inc/adamic/bridge/tsgo	TestBridgeOracleTypes
unknown	github.com/system-inc/adamic/bridge/tsgo	TestBridgeTimingRound1Types
unknown	github.com/system-inc/adamic/bridge/tsgo	TestBridgeTimingRound2Types
unknown	github.com/system-inc/adamic/bridge/tsgo	TestBridgeTimingRound3Types
unknown	github.com/system-inc/adamic/bridge/tsgo	TestBridgeWrongPositionTypes
unknown	github.com/system-inc/adamic/bridge/tsgo	TestBridgeOracleUtilities
unknown	github.com/system-inc/adamic/bridge/tsgo	TestBridgeTimingRound1Utilities
unknown	github.com/system-inc/adamic/bridge/tsgo	TestBridgeTimingRound2Utilities
unknown	github.com/system-inc/adamic/bridge/tsgo	TestBridgeTimingRound3Utilities
unknown	github.com/system-inc/adamic/bridge/tsgo	TestBridgeWrongPositionUtilities
unknown	github.com/system-inc/adamic/stage1/cohere/json	TestPortMatchesGoCohere_8158
unknown	github.com/system-inc/adamic/stage1/cohere/json	TestPortMatchesGoCohere_8157
unknown	github.com/system-inc/adamic/stage1/cohere/json	TestPortMatchesGoCohere_8156
unknown	github.com/system-inc/adamic/stage1/cohere/json	TestPortMatchesGoCohere_8155
unknown	github.com/system-inc/adamic/stage1/cohere/json	TestPortMatchesGoCohere_8154
unknown	github.com/system-inc/adamic/stage1/cohere/json	TestPortMatchesGoCohere_8153
unknown	github.com/system-inc/adamic/stage1/cohere/json	TestPortMatchesGoCohere_8152
unknown	github.com/system-inc/adamic/stage1/cohere/json	TestPortMatchesGoCohere_8151
unknown	github.com/system-inc/adamic/stage1/cohere/json	TestPortMatchesGoCohere_8026
unknown	github.com/system-inc/adamic/stage1/cohere/json	TestPortMatchesGoCohere_8150
unknown	github.com/system-inc/adamic/stage1/cohere/json	TestPortMatchesGoCohere_8149
unknown	github.com/system-inc/adamic/stage1/cohere/json	TestPortMatchesGoCohere_8148
unknown	github.com/system-inc/adamic/stage1/cohere/json	TestPortMatchesGoCohere_8147
unknown	github.com/system-inc/adamic/stage1/cohere/json	TestPortMatchesGoCohere_8146
unknown	github.com/system-inc/adamic/stage1/cohere/json	TestPortMatchesGoCohere_8145
unknown	github.com/system-inc/adamic/stage1/cohere/json	TestPortMatchesGoCohere_8144
unknown	github.com/system-inc/adamic/stage1/cohere/json	TestPortMatchesGoCohere_8143
unknown	github.com/system-inc/adamic/stage1/cohere/json	TestPortMatchesGoCohere_8025
unknown	github.com/system-inc/adamic/stage1/cohere/json	TestPortMatchesGoCohere_8142
unknown	github.com/system-inc/adamic/stage1/cohere/json	TestPortMatchesGoCohere_8024
unknown	github.com/system-inc/adamic/stage1/cohere/json	TestPortMatchesGoCohere_8141
unknown	github.com/system-inc/adamic/stage1/cohere/json	TestPortMatchesGoCohere_8023
unknown	github.com/system-inc/adamic/stage1/cohere/json	TestPortMatchesGoCohere_7897
unknown	github.com/system-inc/adamic/stage1/cohere/json	TestPortMatchesGoCohere_8022
unknown	github.com/system-inc/adamic/stage1/cohere/json	TestPortMatchesGoCohere_8140
unknown	github.com/system-inc/adamic/stage1/cohere/json	TestPortMatchesGoCohere_8021
unknown	github.com/system-inc/adamic/stage1/cohere/json	TestPortMatchesGoCohere_8139
unknown	github.com/system-inc/adamic/stage1/cohere/json	TestPortMatchesGoCohere_8070
unknown	github.com/system-inc/adamic/stage1/cohere/json	TestPortMatchesGoCohere_8020
unknown	github.com/system-inc/adamic/stage1/cohere/json	TestPortMatchesGoCohere_8138
unknown	github.com/system-inc/adamic/stage1/cohere/json	TestPortMatchesGoCohere_8137
unknown	github.com/system-inc/adamic/stage1/cohere/json	TestPortMatchesGoCohere_8019
unknown	github.com/system-inc/adamic/stage1/cohere/json	TestPortMatchesGoCohere_8018
unknown	github.com/system-inc/adamic/stage1/cohere/json	TestPortMatchesGoCohere_8136
unknown	github.com/system-inc/adamic/stage1/cohere/json	TestPortMatchesGoCohere_8017
unknown	github.com/system-inc/adamic/stage1/cohere/json	TestPortMatchesGoCohere_8135
unknown	github.com/system-inc/adamic/stage1/cohere/json	TestPortMatchesGoCohere_8016
unknown	github.com/system-inc/adamic/stage1/cohere/json	TestPortMatchesGoCohere_8015
unknown	github.com/system-inc/adamic/stage1/cohere/json	TestPortMatchesGoCohere_8134
unknown	github.com/system-inc/adamic/stage1/cohere/json	TestPortMatchesGoCohere_8014
unknown	github.com/system-inc/adamic/stage1/cohere/json	TestPortMatchesGoCohere_8133
unknown	github.com/system-inc/adamic/stage1/cohere/json	TestPortMatchesGoCohere_8013
unknown	github.com/system-inc/adamic/stage1/cohere/json	TestPortMatchesGoCohere_8012
unknown	github.com/system-inc/adamic/stage1/cohere/json	TestPortMatchesGoCohere_8132
unknown	github.com/system-inc/adamic/stage1/cohere/json	TestPortMatchesGoCohere_8011
unknown	github.com/system-inc/adamic/stage1/cohere/json	TestPortMatchesGoCohere_8190
unknown	github.com/system-inc/adamic/stage1/cohere/json	TestPortMatchesGoCohere_8191
unknown	github.com/system-inc/adamic/stage1/cohere/json	TestPortMatchesGoCohere_8189
unknown	github.com/system-inc/adamic/stage1/cohere/json	TestPortMatchesGoCohere_8010
unknown	github.com/system-inc/adamic/stage1/cohere/json	TestPortMatchesGoCohere_8131
unknown	github.com/system-inc/adamic/stage1/cohere/json	TestPortMatchesGoCohere_8188
unknown	github.com/system-inc/adamic/stage1/cohere/json	TestPortMatchesGoCohere_8187
unknown	github.com/system-inc/adamic/stage1/cohere/json	TestPortMatchesGoCohere_8186
unknown	github.com/system-inc/adamic/stage1/cohere/json	TestPortMatchesGoCohere_8130
unknown	github.com/system-inc/adamic/stage1/cohere/json	TestPortMatchesGoCohere_8185
unknown	github.com/system-inc/adamic/stage1/cohere/json	TestPortMatchesGoCohere_8129
unknown	github.com/system-inc/adamic/stage1/cohere/json	TestPortMatchesGoCohere_8184
unknown	github.com/system-inc/adamic/stage1/cohere/json	TestPortMatchesGoCohere_8127
unknown	github.com/system-inc/adamic/stage1/cohere/json	TestPortMatchesGoCohere_8128
unknown	github.com/system-inc/adamic/stage1/cohere/json	TestPortMatchesGoCohere_8182
unknown	github.com/system-inc/adamic/stage1/cohere/json	TestPortMatchesGoCohere_8126
unknown	github.com/system-inc/adamic/stage1/cohere/json	TestPortMatchesGoCohere_8183
unknown	github.com/system-inc/adamic/stage1/cohere/json	TestPortMatchesGoCohere_8125
unknown	github.com/system-inc/adamic/stage1/cohere/json	TestPortMatchesGoCohere_8181
unknown	github.com/system-inc/adamic/stage1/cohere/json	TestPortMatchesGoCohere_8123
unknown	github.com/system-inc/adamic/stage1/cohere/json	TestPortMatchesGoCohere_8124
unknown	github.com/system-inc/adamic/stage1/cohere/json	TestPortMatchesGoCohere_8179
unknown	github.com/system-inc/adamic/stage1/cohere/json	TestPortMatchesGoCohere_8008
unknown	github.com/system-inc/adamic/stage1/cohere/json	TestPortMatchesGoCohere_8009
unknown	github.com/system-inc/adamic/stage1/cohere/json	TestPortMatchesGoCohere_8180
unknown	github.com/system-inc/adamic/stage1/cohere/json	TestPortMatchesGoCohere_8006
unknown	github.com/system-inc/adamic/stage1/cohere/json	TestPortMatchesGoCohere_8007
unknown	github.com/system-inc/adamic/stage1/cohere/json	TestPortMatchesGoCohere_8122
unknown	github.com/system-inc/adamic/stage1/cohere/json	TestPortMatchesGoCohere_8178
unknown	github.com/system-inc/adamic/stage1/cohere/json	TestPortMatchesGoCohere_8005
unknown	github.com/system-inc/adamic/stage1/cohere/json	TestPortMatchesGoCohere_8121
unknown	github.com/system-inc/adamic/stage1/cohere/json	TestPortMatchesGoCohere_8177
unknown	github.com/system-inc/adamic/stage1/cohere/json	TestPortMatchesGoCohere_8176
unknown	github.com/system-inc/adamic/stage1/cohere/json	TestPortMatchesGoCohere_8120
unknown	github.com/system-inc/adamic/stage1/cohere/json	TestPortMatchesGoCohere_8004
unknown	github.com/system-inc/adamic/stage1/cohere/json	TestPortMatchesGoCohere_8174
unknown	github.com/system-inc/adamic/stage1/cohere/json	TestPortMatchesGoCohere_8175
unknown	github.com/system-inc/adamic/stage1/cohere/json	TestPortMatchesGoCohere_8119
unknown	github.com/system-inc/adamic/stage1/cohere/json	TestPortMatchesGoCohere_8173
unknown	github.com/system-inc/adamic/stage1/cohere/json	TestPortMatchesGoCohere_8118
unknown	github.com/system-inc/adamic/stage1/cohere/json	TestPortMatchesGoCohere_8002
unknown	github.com/system-inc/adamic/stage1/cohere/json	TestPortMatchesGoCohere_8003
unknown	github.com/system-inc/adamic/stage1/cohere/json	TestPortMatchesGoCohere_8172
unknown	github.com/system-inc/adamic/stage1/cohere/json	TestPortMatchesGoCohere_8117
unknown	github.com/system-inc/adamic/stage1/cohere/json	TestPortMatchesGoCohere_8001
unknown	github.com/system-inc/adamic/stage1/cohere/json	TestPortMatchesGoCohere_8116
unknown	github.com/system-inc/adamic/stage1/cohere/json	TestPortMatchesGoCohere_8170
unknown	github.com/system-inc/adamic/stage1/cohere/json	TestPortMatchesGoCohere_8000
unknown	github.com/system-inc/adamic/stage1/cohere/json	TestPortMatchesGoCohere_8171
unknown	github.com/system-inc/adamic/stage1/cohere/json	TestPortMatchesGoCohere_8115
unknown	github.com/system-inc/adamic/stage1/cohere/json	TestPortMatchesGoCohere_8114
unknown	github.com/system-inc/adamic/stage1/cohere/json	TestPortMatchesGoCohere_8169
unknown	github.com/system-inc/adamic/stage1/cohere/json	TestPortMatchesGoCohere_7999
unknown	github.com/system-inc/adamic/stage1/cohere/json	TestPortMatchesGoCohere_8168
unknown	github.com/system-inc/adamic/stage1/cohere/json	TestPortMatchesGoCohere_8113
unknown	github.com/system-inc/adamic/stage1/cohere/json	TestPortMatchesGoCohere_8167
unknown	github.com/system-inc/adamic/stage1/cohere/json	TestPortMatchesGoCohere_7998
unknown	github.com/system-inc/adamic/stage1/cohere/json	TestPortMatchesGoCohere_8112
unknown	github.com/system-inc/adamic/stage1/cohere/json	TestPortMatchesGoCohere_7997
unknown	github.com/system-inc/adamic/stage1/cohere/json	TestPortMatchesGoCohere_8166
unknown	github.com/system-inc/adamic/stage1/cohere/json	TestPortMatchesGoCohere_8111
unknown	github.com/system-inc/adamic/stage1/cohere/json	TestPortMatchesGoCohere_8110
unknown	github.com/system-inc/adamic/stage1/cohere/json	TestPortMatchesGoCohere_8165
unknown	github.com/system-inc/adamic/stage1/cohere/json	TestPortMatchesGoCohere_7996
unknown	github.com/system-inc/adamic/stage1/cohere/json	TestPortMatchesGoCohere_8164
unknown	github.com/system-inc/adamic/stage1/cohere/json	TestPortMatchesGoCohere_7995
unknown	github.com/system-inc/adamic/stage1/cohere/json	TestPortMatchesGoCohere_8109
unknown	github.com/system-inc/adamic/stage1/cohere/json	TestPortMatchesGoCohere_8163
unknown	github.com/system-inc/adamic/stage1/cohere/json	TestPortMatchesGoCohere_8108
unknown	github.com/system-inc/adamic/stage1/cohere/json	TestPortMatchesGoCohere_7994
unknown	github.com/system-inc/adamic/stage1/cohere/json	TestPortMatchesGoCohere_8107
unknown	github.com/system-inc/adamic/stage1/cohere/json	TestPortMatchesGoCohere_7993
unknown	github.com/system-inc/adamic/stage1/cohere/json	TestPortMatchesGoCohere_7992
unknown	github.com/system-inc/adamic/stage1/cohere/json	TestPortMatchesGoCohere_8162
unknown	github.com/system-inc/adamic/stage1/cohere/json	TestPortMatchesGoCohere_8106
unknown	github.com/system-inc/adamic/stage1/cohere/json	TestPortMatchesGoCohere_7991
unknown	github.com/system-inc/adamic/stage1/cohere/json	TestPortMatchesGoCohere_8161
unknown	github.com/system-inc/adamic/stage1/cohere/json	TestPortMatchesGoCohere_8104
unknown	github.com/system-inc/adamic/stage1/cohere/json	TestPortMatchesGoCohere_7990
unknown	github.com/system-inc/adamic/stage1/cohere/json	TestPortMatchesGoCohere_8103
unknown	github.com/system-inc/adamic/stage1/cohere/json	TestPortMatchesGoCohere_7989
unknown	github.com/system-inc/adamic/stage1/cohere/json	TestPortMatchesGoCohere_8160
unknown	github.com/system-inc/adamic/stage1/cohere/json	TestPortMatchesGoCohere_8105
unknown	github.com/system-inc/adamic/stage1/cohere/json	TestPortMatchesGoCohere_7988
unknown	github.com/system-inc/adamic/stage1/cohere/json	TestPortMatchesGoCohere_8159
unknown	github.com/system-inc/adamic/stage1/cohere/json	TestPortMatchesGoCohere_7987
unknown	github.com/system-inc/adamic/stage1/cohere/json	TestPortMatchesGoCohere_7986
unknown	github.com/system-inc/adamic/stage1/cohere/json	TestPortMatchesGoCohere_7984
unknown	github.com/system-inc/adamic/stage1/cohere/json	TestPortMatchesGoCohere_7896
unknown	github.com/system-inc/adamic/stage1/cohere/json	TestPortMatchesGoCohere_7985
unknown	github.com/system-inc/adamic/stage1/cohere/json	TestPortMatchesGoCohere_7983
unknown	github.com/system-inc/adamic/stage1/cohere/json	TestPortMatchesGoCohere_7982
unknown	github.com/system-inc/adamic/stage1/cohere/json	TestPortMatchesGoCohere_7981
unknown	github.com/system-inc/adamic/stage1/cohere/json	TestPortMatchesGoCohere_7980
unknown	github.com/system-inc/adamic/stage1/cohere/json	TestPortMatchesGoCohere_7978
unknown	github.com/system-inc/adamic/stage1/cohere/json	TestPortMatchesGoCohere_7979
unknown	github.com/system-inc/adamic/stage1/cohere/json	TestPortMatchesGoCohere_7977
unknown	github.com/system-inc/adamic/stage1/cohere/json	TestPortMatchesGoCohere_7976
unknown	github.com/system-inc/adamic/stage1/cohere/json	TestPortMatchesGoCohere_7974
unknown	github.com/system-inc/adamic/stage1/cohere/json	TestPortMatchesGoCohere_7975
unknown	github.com/system-inc/adamic/stage1/cohere/json	TestPortMatchesGoCohere_7973
unknown	github.com/system-inc/adamic/stage1/cohere/json	TestPortMatchesGoCohere_7767
unknown	github.com/system-inc/adamic/stage1/cohere/json	TestPortMatchesGoCohere_7895
unknown	github.com/system-inc/adamic/stage1/cohere/json	TestPortMatchesGoCohere_7972
unknown	github.com/system-inc/adamic/stage1/cohere/json	TestPortMatchesGoCohere_7894
unknown	github.com/system-inc/adamic/stage1/cohere/json	TestPortMatchesGoCohere_7970
unknown	github.com/system-inc/adamic/stage1/cohere/json	TestPortMatchesGoCohere_7971
unknown	github.com/system-inc/adamic/stage1/cohere/json	TestPortMatchesGoCohere_7893
unknown	github.com/system-inc/adamic/stage1/cohere/json	TestPortMatchesGoCohere_7892
unknown	github.com/system-inc/adamic/stage1/cohere/json	TestPortMatchesGoCohere_7891
unknown	github.com/system-inc/adamic/stage1/cohere/json	TestPortMatchesGoCohere_7890
unknown	github.com/system-inc/adamic/stage1/cohere/json	TestPortMatchesGoCohere_7889
unknown	github.com/system-inc/adamic/stage1/cohere/json	TestPortMatchesGoCohere_7969
unknown	github.com/system-inc/adamic/stage1/cohere/json	TestPortMatchesGoCohere_7968
unknown	github.com/system-inc/adamic/stage1/cohere/json	TestPortMatchesGoCohere_7888
unknown	github.com/system-inc/adamic/stage1/cohere/json	TestPortMatchesGoCohere_7967
unknown	github.com/system-inc/adamic/stage1/cohere/json	TestPortMatchesGoCohere_7966
unknown	github.com/system-inc/adamic/stage1/cohere/json	TestPortMatchesGoCohere_7886
unknown	github.com/system-inc/adamic/stage1/cohere/json	TestPortMatchesGoCohere_7965
unknown	github.com/system-inc/adamic/stage1/cohere/json	TestPortMatchesGoCohere_7887
unknown	github.com/system-inc/adamic/stage1/cohere/json	TestPortMatchesGoCohere_7964
unknown	github.com/system-inc/adamic/stage1/cohere/json	TestPortMatchesGoCohere_7885
unknown	github.com/system-inc/adamic/stage1/cohere/json	TestPortMatchesGoCohere_7963
unknown	github.com/system-inc/adamic/stage1/cohere/json	TestPortMatchesGoCohere_7884
unknown	github.com/system-inc/adamic/stage1/cohere/json	TestPortMatchesGoCohere_7962
unknown	github.com/system-inc/adamic/stage1/cohere/json	TestPortMatchesGoCohere_7883
unknown	github.com/system-inc/adamic/stage1/cohere/json	TestPortMatchesGoCohere_7961
unknown	github.com/system-inc/adamic/stage1/cohere/json	TestPortMatchesGoCohere_7882
unknown	github.com/system-inc/adamic/stage1/cohere/json	TestPortMatchesGoCohere_7960
unknown	github.com/system-inc/adamic/stage1/cohere/json	TestPortMatchesGoCohere_7881
unknown	github.com/system-inc/adamic/stage1/cohere/json	TestPortMatchesGoCohere_7959
unknown	github.com/system-inc/adamic/stage1/cohere/json	TestPortMatchesGoCohere_7958
unknown	github.com/system-inc/adamic/stage1/cohere/json	TestPortMatchesGoCohere_7880
unknown	github.com/system-inc/adamic/stage1/cohere/json	TestPortMatchesGoCohere_7879
unknown	github.com/system-inc/adamic/stage1/cohere/json	TestPortMatchesGoCohere_7957
unknown	github.com/system-inc/adamic/stage1/cohere/json	TestPortMatchesGoCohere_7878
unknown	github.com/system-inc/adamic/stage1/cohere/json	TestPortMatchesGoCohere_7956
unknown	github.com/system-inc/adamic/stage1/cohere/json	TestPortMatchesGoCohere_7877
unknown	github.com/system-inc/adamic/stage1/cohere/json	TestPortMatchesGoCohere_8102
unknown	github.com/system-inc/adamic/stage1/cohere/json	TestPortMatchesGoCohere_7955
unknown	github.com/system-inc/adamic/stage1/cohere/json	TestPortMatchesGoCohere_7876
unknown	github.com/system-inc/adamic/stage1/cohere/json	TestPortMatchesGoCohere_8101
unknown	github.com/system-inc/adamic/stage1/cohere/json	TestPortMatchesGoCohere_8100
unknown	github.com/system-inc/adamic/stage1/cohere/json	TestPortMatchesGoCohere_8099
unknown	github.com/system-inc/adamic/stage1/cohere/json	TestPortMatchesGoCohere_8098
unknown	github.com/system-inc/adamic/stage1/cohere/json	TestPortMatchesGoCohere_8096
unknown	github.com/system-inc/adamic/stage1/cohere/json	TestPortMatchesGoCohere_8097
unknown	github.com/system-inc/adamic/stage1/cohere/json	TestPortMatchesGoCohere_8095
unknown	github.com/system-inc/adamic/stage1/cohere/json	TestPortMatchesGoCohere_8094
unknown	github.com/system-inc/adamic/stage1/cohere/json	TestPortMatchesGoCohere_8093
unknown	github.com/system-inc/adamic/stage1/cohere/json	TestPortMatchesGoCohere_8092
unknown	github.com/system-inc/adamic/stage1/cohere/json	TestPortMatchesGoCohere_8091
unknown	github.com/system-inc/adamic/stage1/cohere/json	TestPortMatchesGoCohere_8090
unknown	github.com/system-inc/adamic/stage1/cohere/json	TestPortMatchesGoCohere_8089
unknown	github.com/system-inc/adamic/stage1/cohere/json	TestPortMatchesGoCohere_8087
unknown	github.com/system-inc/adamic/stage1/cohere/json	TestPortMatchesGoCohere_8088
unknown	github.com/system-inc/adamic/stage1/cohere/json	TestPortMatchesGoCohere_8086
unknown	github.com/system-inc/adamic/stage1/cohere/json	TestPortMatchesGoCohere_8084
unknown	github.com/system-inc/adamic/stage1/cohere/json	TestPortMatchesGoCohere_8083
unknown	github.com/system-inc/adamic/stage1/cohere/json	TestPortMatchesGoCohere_8082
unknown	github.com/system-inc/adamic/stage1/cohere/json	TestPortMatchesGoCohere_8085
unknown	github.com/system-inc/adamic/stage1/cohere/json	TestPortMatchesGoCohere_7953
unknown	github.com/system-inc/adamic/stage1/cohere/json	TestPortMatchesGoCohere_7954
unknown	github.com/system-inc/adamic/stage1/cohere/json	TestPortMatchesGoCohere_8081
unknown	github.com/system-inc/adamic/stage1/cohere/json	TestPortMatchesGoCohere_7952
unknown	github.com/system-inc/adamic/stage1/cohere/json	TestPortMatchesGoCohere_7951
unknown	github.com/system-inc/adamic/stage1/cohere/json	TestPortMatchesGoCohere_7766
unknown	github.com/system-inc/adamic/stage1/cohere/json	TestPortMatchesGoCohere_8080
unknown	github.com/system-inc/adamic/stage1/cohere/json	TestPortMatchesGoCohere_7950
unknown	github.com/system-inc/adamic/stage1/cohere/json	TestPortMatchesGoCohere_7949
unknown	github.com/system-inc/adamic/stage1/cohere/json	TestPortMatchesGoCohere_7948
unknown	github.com/system-inc/adamic/stage1/cohere/json	TestPortMatchesGoCohere_7947
unknown	github.com/system-inc/adamic/stage1/cohere/json	TestPortMatchesGoCohere_8079
unknown	github.com/system-inc/adamic/stage1/cohere/json	TestPortMatchesGoCohere_7946
unknown	github.com/system-inc/adamic/stage1/cohere/json	TestPortMatchesGoCohere_7945
unknown	github.com/system-inc/adamic/stage1/cohere/json	TestPortMatchesGoCohere_7875
unknown	github.com/system-inc/adamic/stage1/cohere/json	TestPortMatchesGoCohere_8078
unknown	github.com/system-inc/adamic/stage1/cohere/json	TestPortMatchesGoCohere_8077
unknown	github.com/system-inc/adamic/stage1/cohere/json	TestPortMatchesGoCohere_7944
unknown	github.com/system-inc/adamic/stage1/cohere/json	TestPortMatchesGoCohere_7942
unknown	github.com/system-inc/adamic/stage1/cohere/json	TestPortMatchesGoCohere_7874
unknown	github.com/system-inc/adamic/stage1/cohere/json	TestPortMatchesGoCohere_7943
unknown	github.com/system-inc/adamic/stage1/cohere/json	TestPortMatchesGoCohere_7873
unknown	github.com/system-inc/adamic/stage1/cohere/json	TestPortMatchesGoCohere_8076
unknown	github.com/system-inc/adamic/stage1/cohere/json	TestPortMatchesGoCohere_8075
unknown	github.com/system-inc/adamic/stage1/cohere/json	TestPortMatchesGoCohere_7812
unknown	github.com/system-inc/adamic/stage1/cohere/json	TestPortMatchesGoCohere_7872
unknown	github.com/system-inc/adamic/stage1/cohere/json	TestPortMatchesGoCohere_7871
unknown	github.com/system-inc/adamic/stage1/cohere/json	TestPortMatchesGoCohere_8074
unknown	github.com/system-inc/adamic/stage1/cohere/json	TestPortMatchesGoCohere_7939
unknown	github.com/system-inc/adamic/stage1/cohere/json	TestPortMatchesGoCohere_8073
unknown	github.com/system-inc/adamic/stage1/cohere/json	TestPortMatchesGoCohere_7940
unknown	github.com/system-inc/adamic/stage1/cohere/json	TestPortMatchesGoCohere_7870
unknown	github.com/system-inc/adamic/stage1/cohere/json	TestPortMatchesGoCohere_7937
unknown	github.com/system-inc/adamic/stage1/cohere/json	TestPortMatchesGoCohere_8072
unknown	github.com/system-inc/adamic/stage1/cohere/json	TestPortMatchesGoCohere_7869
unknown	github.com/system-inc/adamic/stage1/cohere/json	TestPortMatchesGoCohere_7938
unknown	github.com/system-inc/adamic/stage1/cohere/json	TestPortMatchesGoCohere_7868
unknown	github.com/system-inc/adamic/stage1/cohere/json	TestPortMatchesGoCohere_7935
unknown	github.com/system-inc/adamic/stage1/cohere/json	TestPortMatchesGoCohere_7941
unknown	github.com/system-inc/adamic/stage1/cohere/json	TestPortMatchesGoCohere_7936
unknown	github.com/system-inc/adamic/stage1/cohere/json	TestPortMatchesGoCohere_8071
unknown	github.com/system-inc/adamic/stage1/cohere/json	TestPortMatchesGoCohere_7866
unknown	github.com/system-inc/adamic/stage1/cohere/json	TestPortMatchesGoCohere_8069
unknown	github.com/system-inc/adamic/stage1/cohere/json	TestPortMatchesGoCohere_7934
unknown	github.com/system-inc/adamic/stage1/cohere/json	TestPortMatchesGoCohere_7867
unknown	github.com/system-inc/adamic/stage1/cohere/json	TestPortMatchesGoCohere_7933
unknown	github.com/system-inc/adamic/stage1/cohere/json	TestPortMatchesGoCohere_8068
unknown	github.com/system-inc/adamic/stage1/cohere/json	TestPortMatchesGoCohere_7865
unknown	github.com/system-inc/adamic/stage1/cohere/json	TestPortMatchesGoCohere_7932
unknown	github.com/system-inc/adamic/stage1/cohere/json	TestPortMatchesGoCohere_7931
unknown	github.com/system-inc/adamic/stage1/cohere/json	TestPortMatchesGoCohere_8067
unknown	github.com/system-inc/adamic/stage1/cohere/json	TestPortMatchesGoCohere_7864
unknown	github.com/system-inc/adamic/stage1/cohere/json	TestPortMatchesGoCohere_7930
unknown	github.com/system-inc/adamic/stage1/cohere/json	TestPortMatchesGoCohere_8066
unknown	github.com/system-inc/adamic/stage1/cohere/json	TestPortMatchesGoCohere_7929
unknown	github.com/system-inc/adamic/stage1/cohere/json	TestPortMatchesGoCohere_8065
unknown	github.com/system-inc/adamic/stage1/cohere/json	TestPortMatchesGoCohere_7928
unknown	github.com/system-inc/adamic/stage1/cohere/json	TestPortMatchesGoCohere_8064
unknown	github.com/system-inc/adamic/stage1/cohere/json	TestPortMatchesGoCohere_7927
unknown	github.com/system-inc/adamic/stage1/cohere/json	TestPortMatchesGoCohere_8063
unknown	github.com/system-inc/adamic/stage1/cohere/json	TestPortMatchesGoCohere_7863
unknown	github.com/system-inc/adamic/stage1/cohere/json	TestPortMatchesGoCohere_8062
unknown	github.com/system-inc/adamic/stage1/cohere/json	TestPortMatchesGoCohere_7925
unknown	github.com/system-inc/adamic/stage1/cohere/json	TestPortMatchesGoCohere_7926
unknown	github.com/system-inc/adamic/stage1/cohere/json	TestPortMatchesGoCohere_7924
unknown	github.com/system-inc/adamic/stage1/cohere/json	TestPortMatchesGoCohere_8061
unknown	github.com/system-inc/adamic/stage1/cohere/json	TestPortMatchesGoCohere_7862
unknown	github.com/system-inc/adamic/stage1/cohere/json	TestPortMatchesGoCohere_8058
unknown	github.com/system-inc/adamic/stage1/cohere/json	TestPortMatchesGoCohere_8060
unknown	github.com/system-inc/adamic/stage1/cohere/json	TestPortMatchesGoCohere_7923
unknown	github.com/system-inc/adamic/stage1/cohere/json	TestPortMatchesGoCohere_8059
unknown	github.com/system-inc/adamic/stage1/cohere/json	TestPortMatchesGoCohere_7861
unknown	github.com/system-inc/adamic/stage1/cohere/json	TestPortMatchesGoCohere_8057
unknown	github.com/system-inc/adamic/stage1/cohere/json	TestPortMatchesGoCohere_8056
unknown	github.com/system-inc/adamic/stage1/cohere/json	TestPortMatchesGoCohere_7860
unknown	github.com/system-inc/adamic/stage1/cohere/json	TestPortMatchesGoCohere_7765
unknown	github.com/system-inc/adamic/stage1/cohere/json	TestPortMatchesGoCohere_7859
unknown	github.com/system-inc/adamic/stage1/cohere/json	TestPortMatchesGoCohere_7857
unknown	github.com/system-inc/adamic/stage1/cohere/json	TestPortMatchesGoCohere_7858
unknown	github.com/system-inc/adamic/stage1/cohere/json	TestPortMatchesGoCohere_7922
unknown	github.com/system-inc/adamic/stage1/cohere/json	TestPortMatchesGoCohere_8055
unknown	github.com/system-inc/adamic/stage1/cohere/json	TestPortMatchesGoCohere_7920
unknown	github.com/system-inc/adamic/stage1/cohere/json	TestPortMatchesGoCohere_7856
unknown	github.com/system-inc/adamic/stage1/cohere/json	TestPortMatchesGoCohere_7919
unknown	github.com/system-inc/adamic/stage1/cohere/json	TestPortMatchesGoCohere_7921
unknown	github.com/system-inc/adamic/stage1/cohere/json	TestPortMatchesGoCohere_8054
unknown	github.com/system-inc/adamic/stage1/cohere/json	TestPortMatchesGoCohere_7855
unknown	github.com/system-inc/adamic/stage1/cohere/json	TestPortMatchesGoCohere_7918
unknown	github.com/system-inc/adamic/stage1/cohere/json	TestPortMatchesGoCohere_8053
unknown	github.com/system-inc/adamic/stage1/cohere/json	TestPortMatchesGoCohere_7854
unknown	github.com/system-inc/adamic/stage1/cohere/json	TestPortMatchesGoCohere_7853
unknown	github.com/system-inc/adamic/stage1/cohere/json	TestPortMatchesGoCohere_7917
unknown	github.com/system-inc/adamic/stage1/cohere/json	TestPortMatchesGoCohere_7916
unknown	github.com/system-inc/adamic/stage1/cohere/json	TestPortMatchesGoCohere_7852
unknown	github.com/system-inc/adamic/stage1/cohere/json	TestPortMatchesGoCohere_7915
unknown	github.com/system-inc/adamic/stage1/cohere/json	TestPortMatchesGoCohere_7850
unknown	github.com/system-inc/adamic/stage1/cohere/json	TestPortMatchesGoCohere_7851
unknown	github.com/system-inc/adamic/stage1/cohere/json	TestPortMatchesGoCohere_8052
unknown	github.com/system-inc/adamic/stage1/cohere/json	TestPortMatchesGoCohere_7914
unknown	github.com/system-inc/adamic/stage1/cohere/json	TestPortMatchesGoCohere_7913
unknown	github.com/system-inc/adamic/stage1/cohere/json	TestPortMatchesGoCohere_8051
unknown	github.com/system-inc/adamic/stage1/cohere/json	TestPortMatchesGoCohere_7849
unknown	github.com/system-inc/adamic/stage1/cohere/json	TestPortMatchesGoCohere_8050
unknown	github.com/system-inc/adamic/stage1/cohere/json	TestPortMatchesGoCohere_7911
unknown	github.com/system-inc/adamic/stage1/cohere/json	TestPortMatchesGoCohere_7848
unknown	github.com/system-inc/adamic/stage1/cohere/json	TestPortMatchesGoCohere_8049
unknown	github.com/system-inc/adamic/stage1/cohere/json	TestPortMatchesGoCohere_7910
unknown	github.com/system-inc/adamic/stage1/cohere/json	TestPortMatchesGoCohere_7912
unknown	github.com/system-inc/adamic/stage1/cohere/json	TestPortMatchesGoCohere_7847
unknown	github.com/system-inc/adamic/stage1/cohere/json	TestPortMatchesGoCohere_7846
unknown	github.com/system-inc/adamic/stage1/cohere/json	TestPortMatchesGoCohere_7909
unknown	github.com/system-inc/adamic/stage1/cohere/json	TestPortMatchesGoCohere_8047
unknown	github.com/system-inc/adamic/stage1/cohere/json	TestPortMatchesGoCohere_8048
unknown	github.com/system-inc/adamic/stage1/cohere/json	TestPortMatchesGoCohere_7908
unknown	github.com/system-inc/adamic/stage1/cohere/json	TestPortMatchesGoCohere_8046
unknown	github.com/system-inc/adamic/stage1/cohere/json	TestPortMatchesGoCohere_7845
unknown	github.com/system-inc/adamic/stage1/cohere/json	TestPortMatchesGoCohere_8045
unknown	github.com/system-inc/adamic/stage1/cohere/json	TestPortMatchesGoCohere_7844
unknown	github.com/system-inc/adamic/stage1/cohere/json	TestPortMatchesGoCohere_7907
unknown	github.com/system-inc/adamic/stage1/cohere/json	TestPortMatchesGoCohere_7842
unknown	github.com/system-inc/adamic/stage1/cohere/json	TestPortMatchesGoCohere_7906
unknown	github.com/system-inc/adamic/stage1/cohere/json	TestPortMatchesGoCohere_7843
unknown	github.com/system-inc/adamic/stage1/cohere/json	TestPortMatchesGoCohere_7841
unknown	github.com/system-inc/adamic/stage1/cohere/json	TestPortMatchesGoCohere_8042
unknown	github.com/system-inc/adamic/stage1/cohere/json	TestPortMatchesGoCohere_7905
unknown	github.com/system-inc/adamic/stage1/cohere/json	TestPortMatchesGoCohere_8044
unknown	github.com/system-inc/adamic/stage1/cohere/json	TestPortMatchesGoCohere_8041
unknown	github.com/system-inc/adamic/stage1/cohere/json	TestPortMatchesGoCohere_7840
unknown	github.com/system-inc/adamic/stage1/cohere/json	TestPortMatchesGoCohere_7904
unknown	github.com/system-inc/adamic/stage1/cohere/json	TestPortMatchesGoCohere_8040
unknown	github.com/system-inc/adamic/stage1/cohere/json	TestPortMatchesGoCohere_7839
unknown	github.com/system-inc/adamic/stage1/cohere/json	TestPortMatchesGoCohere_7903
unknown	github.com/system-inc/adamic/stage1/cohere/json	TestPortMatchesGoCohere_7902
unknown	github.com/system-inc/adamic/stage1/cohere/json	TestPortMatchesGoCohere_8039
unknown	github.com/system-inc/adamic/stage1/cohere/json	TestPortMatchesGoCohere_8038
unknown	github.com/system-inc/adamic/stage1/cohere/json	TestPortMatchesGoCohere_8037
unknown	github.com/system-inc/adamic/stage1/cohere/json	TestPortMatchesGoCohere_7901
unknown	github.com/system-inc/adamic/stage1/cohere/json	TestPortMatchesGoCohere_7838
unknown	github.com/system-inc/adamic/stage1/cohere/json	TestPortMatchesGoCohere_7900
unknown	github.com/system-inc/adamic/stage1/cohere/json	TestPortMatchesGoCohere_8043
unknown	github.com/system-inc/adamic/stage1/cohere/json	TestPortMatchesGoCohere_7837
unknown	github.com/system-inc/adamic/stage1/cohere/json	TestPortMatchesGoCohere_8036
unknown	github.com/system-inc/adamic/stage1/cohere/json	TestPortMatchesGoCohere_7899
unknown	github.com/system-inc/adamic/stage1/cohere/json	TestPortMatchesGoCohere_7836
unknown	github.com/system-inc/adamic/stage1/cohere/json	TestPortMatchesGoCohere_7835
unknown	github.com/system-inc/adamic/stage1/cohere/json	TestPortMatchesGoCohere_7898
unknown	github.com/system-inc/adamic/stage1/cohere/json	TestPortMatchesGoCohere_8035
unknown	github.com/system-inc/adamic/stage1/cohere/json	TestPortMatchesGoCohere_8033
unknown	github.com/system-inc/adamic/stage1/cohere/json	TestPortMatchesGoCohere_8032
unknown	github.com/system-inc/adamic/stage1/cohere/json	TestPortMatchesGoCohere_8034
unknown	github.com/system-inc/adamic/stage1/cohere/json	TestPortMatchesGoCohere_7764
unknown	github.com/system-inc/adamic/stage1/cohere/json	TestPortMatchesGoCohere_7636
unknown	github.com/system-inc/adamic/stage1/cohere/json	TestPortMatchesGoCohere_8031
unknown	github.com/system-inc/adamic/stage1/cohere/json	TestPortMatchesGoCohere_7834
unknown	github.com/system-inc/adamic/stage1/cohere/json	TestPortMatchesGoCohere_7763
unknown	github.com/system-inc/adamic/stage1/cohere/json	TestPortMatchesGoCohere_7832
unknown	github.com/system-inc/adamic/stage1/cohere/json	TestPortMatchesGoCohere_7762
unknown	github.com/system-inc/adamic/stage1/cohere/json	TestPortMatchesGoCohere_7761
unknown	github.com/system-inc/adamic/stage1/cohere/json	TestPortMatchesGoCohere_7833
unknown	github.com/system-inc/adamic/stage1/cohere/json	TestPortMatchesGoCohere_7760
unknown	github.com/system-inc/adamic/stage1/cohere/json	TestPortMatchesGoCohere_7831
unknown	github.com/system-inc/adamic/stage1/cohere/json	TestPortMatchesGoCohere_7830
unknown	github.com/system-inc/adamic/stage1/cohere/json	TestPortMatchesGoCohere_8030
unknown	github.com/system-inc/adamic/stage1/cohere/json	TestPortMatchesGoCohere_7759
unknown	github.com/system-inc/adamic/stage1/cohere/json	TestPortMatchesGoCohere_8029
unknown	github.com/system-inc/adamic/stage1/cohere/json	TestPortMatchesGoCohere_7829
unknown	github.com/system-inc/adamic/stage1/cohere/json	TestPortMatchesGoCohere_7828
unknown	github.com/system-inc/adamic/stage1/cohere/json	TestPortMatchesGoCohere_8028
unknown	github.com/system-inc/adamic/stage1/cohere/json	TestPortMatchesGoCohere_7827
unknown	github.com/system-inc/adamic/stage1/cohere/json	TestPortMatchesGoCohere_8027
unknown	github.com/system-inc/adamic/stage1/cohere/json	TestPortMatchesGoCohere_7826
unknown	github.com/system-inc/adamic/stage1/cohere/json	TestPortMatchesGoCohere_7758
unknown	github.com/system-inc/adamic/stage1/cohere/json	TestPortMatchesGoCohere_7825
unknown	github.com/system-inc/adamic/stage1/cohere/json	TestPortMatchesGoCohere_7757
unknown	github.com/system-inc/adamic/stage1/cohere/json	TestPortMatchesGoCohere_7756
unknown	github.com/system-inc/adamic/stage1/cohere/json	TestPortMatchesGoCohere_7823
unknown	github.com/system-inc/adamic/stage1/cohere/json	TestPortMatchesGoCohere_7824
unknown	github.com/system-inc/adamic/stage1/cohere/json	TestPortMatchesGoCohere_7754
unknown	github.com/system-inc/adamic/stage1/cohere/json	TestPortMatchesGoCohere_7755
unknown	github.com/system-inc/adamic/stage1/cohere/json	TestPortMatchesGoCohere_7822
unknown	github.com/system-inc/adamic/stage1/cohere/json	TestPortMatchesGoCohere_7821
unknown	github.com/system-inc/adamic/stage1/cohere/json	TestPortMatchesGoCohere_7753
unknown	github.com/system-inc/adamic/stage1/cohere/json	TestPortMatchesGoCohere_7635
unknown	github.com/system-inc/adamic/stage1/cohere/json	TestPortMatchesGoCohere_7820
unknown	github.com/system-inc/adamic/stage1/cohere/json	TestPortMatchesGoCohere_7634
unknown	github.com/system-inc/adamic/stage1/cohere/json	TestPortMatchesGoCohere_7752
unknown	github.com/system-inc/adamic/stage1/cohere/json	TestPortMatchesGoCohere_7751
unknown	github.com/system-inc/adamic/stage1/cohere/json	TestPortMatchesGoCohere_7819
unknown	github.com/system-inc/adamic/stage1/cohere/json	TestPortMatchesGoCohere_7633
unknown	github.com/system-inc/adamic/stage1/cohere/json	TestPortMatchesGoCohere_7750
unknown	github.com/system-inc/adamic/stage1/cohere/json	TestPortMatchesGoCohere_7749
unknown	github.com/system-inc/adamic/stage1/cohere/json	TestPortMatchesGoCohere_7818
unknown	github.com/system-inc/adamic/stage1/cohere/json	TestPortMatchesGoCohere_7748
unknown	github.com/system-inc/adamic/stage1/cohere/json	TestPortMatchesGoCohere_7632
unknown	github.com/system-inc/adamic/stage1/cohere/json	TestPortMatchesGoCohere_7817
unknown	github.com/system-inc/adamic/stage1/cohere/json	TestPortMatchesGoCohere_7631
unknown	github.com/system-inc/adamic/stage1/cohere/json	TestPortMatchesGoCohere_7816
unknown	github.com/system-inc/adamic/stage1/cohere/json	TestPortMatchesGoCohere_7814
unknown	github.com/system-inc/adamic/stage1/cohere/json	TestPortMatchesGoCohere_7815
unknown	github.com/system-inc/adamic/stage1/cohere/json	TestPortMatchesGoCohere_7813
unknown	github.com/system-inc/adamic/stage1/cohere/json	TestPortMatchesGoCohere_7630
unknown	github.com/system-inc/adamic/stage1/cohere/json	TestPortMatchesGoCohere_7747
unknown	github.com/system-inc/adamic/stage1/cohere/json	TestPortMatchesGoCohere_7507
unknown	github.com/system-inc/adamic/stage1/cohere/json	TestPortMatchesGoCohere_7746
unknown	github.com/system-inc/adamic/stage1/cohere/json	TestPortMatchesGoCohere_7683
unknown	github.com/system-inc/adamic/stage1/cohere/json	TestPortMatchesGoCohere_7629
unknown	github.com/system-inc/adamic/stage1/cohere/json	TestPortMatchesGoCohere_7744
unknown	github.com/system-inc/adamic/stage1/cohere/json	TestPortMatchesGoCohere_7628
unknown	github.com/system-inc/adamic/stage1/cohere/json	TestPortMatchesGoCohere_7811
unknown	github.com/system-inc/adamic/stage1/cohere/json	TestPortMatchesGoCohere_7745
unknown	github.com/system-inc/adamic/stage1/cohere/json	TestPortMatchesGoCohere_7810
unknown	github.com/system-inc/adamic/stage1/cohere/json	TestPortMatchesGoCohere_7627
unknown	github.com/system-inc/adamic/stage1/cohere/json	TestPortMatchesGoCohere_7742
unknown	github.com/system-inc/adamic/stage1/cohere/json	TestPortMatchesGoCohere_7809
unknown	github.com/system-inc/adamic/stage1/cohere/json	TestPortMatchesGoCohere_7625
unknown	github.com/system-inc/adamic/stage1/cohere/json	TestPortMatchesGoCohere_7808
unknown	github.com/system-inc/adamic/stage1/cohere/json	TestPortMatchesGoCohere_7626
unknown	github.com/system-inc/adamic/stage1/cohere/json	TestPortMatchesGoCohere_7624
unknown	github.com/system-inc/adamic/stage1/cohere/json	TestPortMatchesGoCohere_7623
unknown	github.com/system-inc/adamic/stage1/cohere/json	TestPortMatchesGoCohere_7807
unknown	github.com/system-inc/adamic/stage1/cohere/json	TestPortMatchesGoCohere_7741
unknown	github.com/system-inc/adamic/stage1/cohere/json	TestPortMatchesGoCohere_7622
unknown	github.com/system-inc/adamic/stage1/cohere/json	TestPortMatchesGoCohere_7806
unknown	github.com/system-inc/adamic/stage1/cohere/json	TestPortMatchesGoCohere_7743
unknown	github.com/system-inc/adamic/stage1/cohere/json	TestPortMatchesGoCohere_7621
unknown	github.com/system-inc/adamic/stage1/cohere/json	TestPortMatchesGoCohere_7805
unknown	github.com/system-inc/adamic/stage1/cohere/json	TestPortMatchesGoCohere_7739
unknown	github.com/system-inc/adamic/stage1/cohere/json	TestPortMatchesGoCohere_7620
unknown	github.com/system-inc/adamic/stage1/cohere/json	TestPortMatchesGoCohere_7804
unknown	github.com/system-inc/adamic/stage1/cohere/json	TestPortMatchesGoCohere_7803
unknown	github.com/system-inc/adamic/stage1/cohere/json	TestPortMatchesGoCohere_7740
unknown	github.com/system-inc/adamic/stage1/cohere/json	TestPortMatchesGoCohere_7619
unknown	github.com/system-inc/adamic/stage1/cohere/json	TestPortMatchesGoCohere_7802
unknown	github.com/system-inc/adamic/stage1/cohere/json	TestPortMatchesGoCohere_7801
unknown	github.com/system-inc/adamic/stage1/cohere/json	TestPortMatchesGoCohere_7737
unknown	github.com/system-inc/adamic/stage1/cohere/json	TestPortMatchesGoCohere_7800
unknown	github.com/system-inc/adamic/stage1/cohere/json	TestPortMatchesGoCohere_7738
unknown	github.com/system-inc/adamic/stage1/cohere/json	TestPortMatchesGoCohere_7617
unknown	github.com/system-inc/adamic/stage1/cohere/json	TestPortMatchesGoCohere_7798
unknown	github.com/system-inc/adamic/stage1/cohere/json	TestPortMatchesGoCohere_7799
unknown	github.com/system-inc/adamic/stage1/cohere/json	TestPortMatchesGoCohere_7618
unknown	github.com/system-inc/adamic/stage1/cohere/json	TestPortMatchesGoCohere_7736
unknown	github.com/system-inc/adamic/stage1/cohere/json	TestPortMatchesGoCohere_7734
unknown	github.com/system-inc/adamic/stage1/cohere/json	TestPortMatchesGoCohere_7796
unknown	github.com/system-inc/adamic/stage1/cohere/json	TestPortMatchesGoCohere_7735
unknown	github.com/system-inc/adamic/stage1/cohere/json	TestPortMatchesGoCohere_7616
unknown	github.com/system-inc/adamic/stage1/cohere/json	TestPortMatchesGoCohere_7797
unknown	github.com/system-inc/adamic/stage1/cohere/json	TestPortMatchesGoCohere_7615
unknown	github.com/system-inc/adamic/stage1/cohere/json	TestPortMatchesGoCohere_7795
unknown	github.com/system-inc/adamic/stage1/cohere/json	TestPortMatchesGoCohere_7614
unknown	github.com/system-inc/adamic/stage1/cohere/json	TestPortMatchesGoCohere_7733
unknown	github.com/system-inc/adamic/stage1/cohere/json	TestPortMatchesGoCohere_7613
unknown	github.com/system-inc/adamic/stage1/cohere/json	TestPortMatchesGoCohere_7612
unknown	github.com/system-inc/adamic/stage1/cohere/json	TestPortMatchesGoCohere_7732
unknown	github.com/system-inc/adamic/stage1/cohere/json	TestPortMatchesGoCohere_7611
unknown	github.com/system-inc/adamic/stage1/cohere/json	TestPortMatchesGoCohere_7794
unknown	github.com/system-inc/adamic/stage1/cohere/json	TestPortMatchesGoCohere_7610
unknown	github.com/system-inc/adamic/stage1/cohere/json	TestPortMatchesGoCohere_7731
unknown	github.com/system-inc/adamic/stage1/cohere/json	TestPortMatchesGoCohere_7793
unknown	github.com/system-inc/adamic/stage1/cohere/json	TestPortMatchesGoCohere_7730
unknown	github.com/system-inc/adamic/stage1/cohere/json	TestPortMatchesGoCohere_7609
unknown	github.com/system-inc/adamic/stage1/cohere/json	TestPortMatchesGoCohere_7792
unknown	github.com/system-inc/adamic/stage1/cohere/json	TestPortMatchesGoCohere_7791
unknown	github.com/system-inc/adamic/stage1/cohere/json	TestPortMatchesGoCohere_7506
unknown	github.com/system-inc/adamic/stage1/cohere/json	TestPortMatchesGoCohere_7729
unknown	github.com/system-inc/adamic/stage1/cohere/json	TestPortMatchesGoCohere_7790
unknown	github.com/system-inc/adamic/stage1/cohere/json	TestPortMatchesGoCohere_7728
unknown	github.com/system-inc/adamic/stage1/cohere/json	TestPortMatchesGoCohere_7608
unknown	github.com/system-inc/adamic/stage1/cohere/json	TestPortMatchesGoCohere_7789
unknown	github.com/system-inc/adamic/stage1/cohere/json	TestPortMatchesGoCohere_7788
unknown	github.com/system-inc/adamic/stage1/cohere/json	TestPortMatchesGoCohere_7607
unknown	github.com/system-inc/adamic/stage1/cohere/json	TestPortMatchesGoCohere_7727
unknown	github.com/system-inc/adamic/stage1/cohere/json	TestPortMatchesGoCohere_7725
unknown	github.com/system-inc/adamic/stage1/cohere/json	TestPortMatchesGoCohere_7606
unknown	github.com/system-inc/adamic/stage1/cohere/json	TestPortMatchesGoCohere_7724
unknown	github.com/system-inc/adamic/stage1/cohere/json	TestPortMatchesGoCohere_7723
unknown	github.com/system-inc/adamic/stage1/cohere/json	TestPortMatchesGoCohere_7722
unknown	github.com/system-inc/adamic/stage1/cohere/json	TestPortMatchesGoCohere_7726
unknown	github.com/system-inc/adamic/stage1/cohere/json	TestPortMatchesGoCohere_7721
unknown	github.com/system-inc/adamic/stage1/cohere/json	TestPortMatchesGoCohere_7720
unknown	github.com/system-inc/adamic/stage1/cohere/json	TestPortMatchesGoCohere_7719
unknown	github.com/system-inc/adamic/stage1/cohere/json	TestPortMatchesGoCohere_7718
unknown	github.com/system-inc/adamic/stage1/cohere/json	TestPortMatchesGoCohere_7715
unknown	github.com/system-inc/adamic/stage1/cohere/json	TestPortMatchesGoCohere_7716
unknown	github.com/system-inc/adamic/stage1/cohere/json	TestPortMatchesGoCohere_7717
unknown	github.com/system-inc/adamic/stage1/cohere/json	TestPortMatchesGoCohere_7713
unknown	github.com/system-inc/adamic/stage1/cohere/json	TestPortMatchesGoCohere_7714
unknown	github.com/system-inc/adamic/stage1/cohere/json	TestPortMatchesGoCohere_7712
unknown	github.com/system-inc/adamic/stage1/cohere/json	TestPortMatchesGoCohere_7711
unknown	github.com/system-inc/adamic/stage1/cohere/json	TestPortMatchesGoCohere_7710
unknown	github.com/system-inc/adamic/stage1/cohere/json	TestPortMatchesGoCohere_7709
unknown	github.com/system-inc/adamic/stage1/cohere/json	TestPortMatchesGoCohere_7708
unknown	github.com/system-inc/adamic/stage1/cohere/json	TestPortMatchesGoCohere_7706
unknown	github.com/system-inc/adamic/stage1/cohere/json	TestPortMatchesGoCohere_7707
unknown	github.com/system-inc/adamic/stage1/cohere/json	TestPortMatchesGoCohere_7705
unknown	github.com/system-inc/adamic/stage1/cohere/json	TestPortMatchesGoCohere_7605
unknown	github.com/system-inc/adamic/stage1/cohere/json	TestPortMatchesGoCohere_7703
unknown	github.com/system-inc/adamic/stage1/cohere/json	TestPortMatchesGoCohere_7604
unknown	github.com/system-inc/adamic/stage1/cohere/json	TestPortMatchesGoCohere_7704
unknown	github.com/system-inc/adamic/stage1/cohere/json	TestPortMatchesGoCohere_7787
unknown	github.com/system-inc/adamic/stage1/cohere/json	TestPortMatchesGoCohere_7786
unknown	github.com/system-inc/adamic/stage1/cohere/json	TestPortMatchesGoCohere_7603
unknown	github.com/system-inc/adamic/stage1/cohere/json	TestPortMatchesGoCohere_7702
unknown	github.com/system-inc/adamic/stage1/cohere/json	TestPortMatchesGoCohere_7602
unknown	github.com/system-inc/adamic/stage1/cohere/json	TestPortMatchesGoCohere_7701
unknown	github.com/system-inc/adamic/stage1/cohere/json	TestPortMatchesGoCohere_7700
unknown	github.com/system-inc/adamic/stage1/cohere/json	TestPortMatchesGoCohere_7785
unknown	github.com/system-inc/adamic/stage1/cohere/json	TestPortMatchesGoCohere_7601
unknown	github.com/system-inc/adamic/stage1/cohere/json	TestPortMatchesGoCohere_7699
unknown	github.com/system-inc/adamic/stage1/cohere/json	TestPortMatchesGoCohere_7600
unknown	github.com/system-inc/adamic/stage1/cohere/json	TestPortMatchesGoCohere_7698
unknown	github.com/system-inc/adamic/stage1/cohere/json	TestPortMatchesGoCohere_7599
unknown	github.com/system-inc/adamic/stage1/cohere/json	TestPortMatchesGoCohere_7784
unknown	github.com/system-inc/adamic/stage1/cohere/json	TestPortMatchesGoCohere_7697
unknown	github.com/system-inc/adamic/stage1/cohere/json	TestPortMatchesGoCohere_7783
unknown	github.com/system-inc/adamic/stage1/cohere/json	TestPortMatchesGoCohere_7696
unknown	github.com/system-inc/adamic/stage1/cohere/json	TestPortMatchesGoCohere_7781
unknown	github.com/system-inc/adamic/stage1/cohere/json	TestPortMatchesGoCohere_7780
unknown	github.com/system-inc/adamic/stage1/cohere/json	TestPortMatchesGoCohere_7597
unknown	github.com/system-inc/adamic/stage1/cohere/json	TestPortMatchesGoCohere_7598
unknown	github.com/system-inc/adamic/stage1/cohere/json	TestPortMatchesGoCohere_7695
unknown	github.com/system-inc/adamic/stage1/cohere/json	TestPortMatchesGoCohere_7596
unknown	github.com/system-inc/adamic/stage1/cohere/json	TestPortMatchesGoCohere_7779
unknown	github.com/system-inc/adamic/stage1/cohere/json	TestPortMatchesGoCohere_7595
unknown	github.com/system-inc/adamic/stage1/cohere/json	TestPortMatchesGoCohere_7694
unknown	github.com/system-inc/adamic/stage1/cohere/json	TestPortMatchesGoCohere_7594
unknown	github.com/system-inc/adamic/stage1/cohere/json	TestPortMatchesGoCohere_7693
unknown	github.com/system-inc/adamic/stage1/cohere/json	TestPortMatchesGoCohere_7778
unknown	github.com/system-inc/adamic/stage1/cohere/json	TestPortMatchesGoCohere_7593
unknown	github.com/system-inc/adamic/stage1/cohere/json	TestPortMatchesGoCohere_7592
unknown	github.com/system-inc/adamic/stage1/cohere/json	TestPortMatchesGoCohere_7692
unknown	github.com/system-inc/adamic/stage1/cohere/json	TestPortMatchesGoCohere_7777
unknown	github.com/system-inc/adamic/stage1/cohere/json	TestPortMatchesGoCohere_7591
unknown	github.com/system-inc/adamic/stage1/cohere/json	TestPortMatchesGoCohere_7690
unknown	github.com/system-inc/adamic/stage1/cohere/json	TestPortMatchesGoCohere_7691
unknown	github.com/system-inc/adamic/stage1/cohere/json	TestPortMatchesGoCohere_7782
unknown	github.com/system-inc/adamic/stage1/cohere/json	TestPortMatchesGoCohere_7590
unknown	github.com/system-inc/adamic/stage1/cohere/json	TestPortMatchesGoCohere_7776
unknown	github.com/system-inc/adamic/stage1/cohere/json	TestPortMatchesGoCohere_7689
unknown	github.com/system-inc/adamic/stage1/cohere/json	TestPortMatchesGoCohere_7589
unknown	github.com/system-inc/adamic/stage1/cohere/json	TestPortMatchesGoCohere_7775
unknown	github.com/system-inc/adamic/stage1/cohere/json	TestPortMatchesGoCohere_7588
unknown	github.com/system-inc/adamic/stage1/cohere/json	TestPortMatchesGoCohere_7688
unknown	github.com/system-inc/adamic/stage1/cohere/json	TestPortMatchesGoCohere_7505
unknown	github.com/system-inc/adamic/stage1/cohere/json	TestPortMatchesGoCohere_7687
unknown	github.com/system-inc/adamic/stage1/cohere/json	TestPortMatchesGoCohere_7773
unknown	github.com/system-inc/adamic/stage1/cohere/json	TestPortMatchesGoCohere_7774
unknown	github.com/system-inc/adamic/stage1/cohere/json	TestPortMatchesGoCohere_7586
unknown	github.com/system-inc/adamic/stage1/cohere/json	TestPortMatchesGoCohere_7772
unknown	github.com/system-inc/adamic/stage1/cohere/json	TestPortMatchesGoCohere_7685
unknown	github.com/system-inc/adamic/stage1/cohere/json	TestPortMatchesGoCohere_7686
unknown	github.com/system-inc/adamic/stage1/cohere/json	TestPortMatchesGoCohere_7585
unknown	github.com/system-inc/adamic/stage1/cohere/json	TestPortMatchesGoCohere_7684
unknown	github.com/system-inc/adamic/stage1/cohere/json	TestPortMatchesGoCohere_7771
unknown	github.com/system-inc/adamic/stage1/cohere/json	TestPortMatchesGoCohere_7584
unknown	github.com/system-inc/adamic/stage1/cohere/json	TestPortMatchesGoCohere_7587
unknown	github.com/system-inc/adamic/stage1/cohere/json	TestPortMatchesGoCohere_7682
unknown	github.com/system-inc/adamic/stage1/cohere/json	TestPortMatchesGoCohere_7583
unknown	github.com/system-inc/adamic/stage1/cohere/json	TestPortMatchesGoCohere_7554
unknown	github.com/system-inc/adamic/stage1/cohere/json	TestPortMatchesGoCohere_7770
unknown	github.com/system-inc/adamic/stage1/cohere/json	TestPortMatchesGoCohere_7582
unknown	github.com/system-inc/adamic/stage1/cohere/json	TestPortMatchesGoCohere_7768
unknown	github.com/system-inc/adamic/stage1/cohere/json	TestPortMatchesGoCohere_7769
unknown	github.com/system-inc/adamic/stage1/cohere/json	TestPortMatchesGoCohere_7681
unknown	github.com/system-inc/adamic/stage1/cohere/json	TestPortMatchesGoCohere_7581
unknown	github.com/system-inc/adamic/stage1/cohere/json	TestPortMatchesGoCohere_7680
unknown	github.com/system-inc/adamic/stage1/cohere/json	TestPortMatchesGoCohere_7580
unknown	github.com/system-inc/adamic/stage1/cohere/json	TestPortMatchesGoCohere_7579
unknown	github.com/system-inc/adamic/stage1/cohere/json	TestPortMatchesGoCohere_7679
unknown	github.com/system-inc/adamic/stage1/cohere/json	TestPortMatchesGoCohere_7677
unknown	github.com/system-inc/adamic/stage1/cohere/json	TestPortMatchesGoCohere_7678
unknown	github.com/system-inc/adamic/stage1/cohere/json	TestPortMatchesGoCohere_7503
unknown	github.com/system-inc/adamic/stage1/cohere/json	TestPortMatchesGoCohere_7675
unknown	github.com/system-inc/adamic/stage1/cohere/json	TestPortMatchesGoCohere_7676
unknown	github.com/system-inc/adamic/stage1/cohere/json	TestPortMatchesGoCohere_7504
unknown	github.com/system-inc/adamic/stage1/cohere/json	TestPortMatchesGoCohere_7502
unknown	github.com/system-inc/adamic/stage1/cohere/json	TestPortMatchesGoCohere_7499
unknown	github.com/system-inc/adamic/stage1/cohere/json	TestPortMatchesGoCohere_7500
unknown	github.com/system-inc/adamic/stage1/cohere/json	TestPortMatchesGoCohere_7501
unknown	github.com/system-inc/adamic/stage1/cohere/json	TestPortMatchesGoCohere_7578
unknown	github.com/system-inc/adamic/stage1/cohere/json	TestPortMatchesGoCohere_7674
unknown	github.com/system-inc/adamic/stage1/cohere/json	TestPortMatchesGoCohere_7577
unknown	github.com/system-inc/adamic/stage1/cohere/json	TestPortMatchesGoCohere_7498
unknown	github.com/system-inc/adamic/stage1/cohere/json	TestPortMatchesGoCohere_7496
unknown	github.com/system-inc/adamic/stage1/cohere/json	TestPortMatchesGoCohere_7576
unknown	github.com/system-inc/adamic/stage1/cohere/json	TestPortMatchesGoCohere_7497
unknown	github.com/system-inc/adamic/stage1/cohere/json	TestPortMatchesGoCohere_7575
unknown	github.com/system-inc/adamic/stage1/cohere/json	TestPortMatchesGoCohere_7574
unknown	github.com/system-inc/adamic/stage1/cohere/json	TestPortMatchesGoCohere_7673
unknown	github.com/system-inc/adamic/stage1/cohere/json	TestPortMatchesGoCohere_7672
unknown	github.com/system-inc/adamic/stage1/cohere/json	TestPortMatchesGoCohere_7573
unknown	github.com/system-inc/adamic/stage1/cohere/json	TestPortMatchesGoCohere_7495
unknown	github.com/system-inc/adamic/stage1/cohere/json	TestPortMatchesGoCohere_7671
unknown	github.com/system-inc/adamic/stage1/cohere/json	TestPortMatchesGoCohere_7572
unknown	github.com/system-inc/adamic/stage1/cohere/json	TestPortMatchesGoCohere_7670
unknown	github.com/system-inc/adamic/stage1/cohere/json	TestPortMatchesGoCohere_7493
unknown	github.com/system-inc/adamic/stage1/cohere/json	TestPortMatchesGoCohere_7570
unknown	github.com/system-inc/adamic/stage1/cohere/json	TestPortMatchesGoCohere_7376
unknown	github.com/system-inc/adamic/stage1/cohere/json	TestPortMatchesGoCohere_7571
unknown	github.com/system-inc/adamic/stage1/cohere/json	TestPortMatchesGoCohere_7375
unknown	github.com/system-inc/adamic/stage1/cohere/json	TestPortMatchesGoCohere_7494
unknown	github.com/system-inc/adamic/stage1/cohere/json	TestPortMatchesGoCohere_7669
unknown	github.com/system-inc/adamic/stage1/cohere/json	TestPortMatchesGoCohere_7492
unknown	github.com/system-inc/adamic/stage1/cohere/json	TestPortMatchesGoCohere_7491
unknown	github.com/system-inc/adamic/stage1/cohere/json	TestPortMatchesGoCohere_7568
unknown	github.com/system-inc/adamic/stage1/cohere/json	TestPortMatchesGoCohere_7490
unknown	github.com/system-inc/adamic/stage1/cohere/json	TestPortMatchesGoCohere_7569
unknown	github.com/system-inc/adamic/stage1/cohere/json	TestPortMatchesGoCohere_7668
unknown	github.com/system-inc/adamic/stage1/cohere/json	TestPortMatchesGoCohere_7667
unknown	github.com/system-inc/adamic/stage1/cohere/json	TestPortMatchesGoCohere_7489
unknown	github.com/system-inc/adamic/stage1/cohere/json	TestPortMatchesGoCohere_7488
unknown	github.com/system-inc/adamic/stage1/cohere/json	TestPortMatchesGoCohere_7666
unknown	github.com/system-inc/adamic/stage1/cohere/json	TestPortMatchesGoCohere_7566
unknown	github.com/system-inc/adamic/stage1/cohere/json	TestPortMatchesGoCohere_7487
unknown	github.com/system-inc/adamic/stage1/cohere/json	TestPortMatchesGoCohere_7665
unknown	github.com/system-inc/adamic/stage1/cohere/json	TestPortMatchesGoCohere_7567
unknown	github.com/system-inc/adamic/stage1/cohere/json	TestPortMatchesGoCohere_7664
unknown	github.com/system-inc/adamic/stage1/cohere/json	TestPortMatchesGoCohere_7565
unknown	github.com/system-inc/adamic/stage1/cohere/json	TestPortMatchesGoCohere_7663
unknown	github.com/system-inc/adamic/stage1/cohere/json	TestPortMatchesGoCohere_7485
unknown	github.com/system-inc/adamic/stage1/cohere/json	TestPortMatchesGoCohere_7563
unknown	github.com/system-inc/adamic/stage1/cohere/json	TestPortMatchesGoCohere_7486
unknown	github.com/system-inc/adamic/stage1/cohere/json	TestPortMatchesGoCohere_7484
unknown	github.com/system-inc/adamic/stage1/cohere/json	TestPortMatchesGoCohere_7564
unknown	github.com/system-inc/adamic/stage1/cohere/json	TestPortMatchesGoCohere_7562
unknown	github.com/system-inc/adamic/stage1/cohere/json	TestPortMatchesGoCohere_7661
unknown	github.com/system-inc/adamic/stage1/cohere/json	TestPortMatchesGoCohere_7660
unknown	github.com/system-inc/adamic/stage1/cohere/json	TestPortMatchesGoCohere_7662
unknown	github.com/system-inc/adamic/stage1/cohere/json	TestPortMatchesGoCohere_7561
unknown	github.com/system-inc/adamic/stage1/cohere/json	TestPortMatchesGoCohere_7483
unknown	github.com/system-inc/adamic/stage1/cohere/json	TestPortMatchesGoCohere_7658
unknown	github.com/system-inc/adamic/stage1/cohere/json	TestPortMatchesGoCohere_7560
unknown	github.com/system-inc/adamic/stage1/cohere/json	TestPortMatchesGoCohere_7482
unknown	github.com/system-inc/adamic/stage1/cohere/json	TestPortMatchesGoCohere_7481
unknown	github.com/system-inc/adamic/stage1/cohere/json	TestPortMatchesGoCohere_7657
unknown	github.com/system-inc/adamic/stage1/cohere/json	TestPortMatchesGoCohere_7559
unknown	github.com/system-inc/adamic/stage1/cohere/json	TestPortMatchesGoCohere_7656
unknown	github.com/system-inc/adamic/stage1/cohere/json	TestPortMatchesGoCohere_7555
unknown	github.com/system-inc/adamic/stage1/cohere/json	TestPortMatchesGoCohere_7653
unknown	github.com/system-inc/adamic/stage1/cohere/json	TestPortMatchesGoCohere_7659
unknown	github.com/system-inc/adamic/stage1/cohere/json	TestPortMatchesGoCohere_7558
unknown	github.com/system-inc/adamic/stage1/cohere/json	TestPortMatchesGoCohere_7655
unknown	github.com/system-inc/adamic/stage1/cohere/json	TestPortMatchesGoCohere_7478
unknown	github.com/system-inc/adamic/stage1/cohere/json	TestPortMatchesGoCohere_7479
unknown	github.com/system-inc/adamic/stage1/cohere/json	TestPortMatchesGoCohere_7654
unknown	github.com/system-inc/adamic/stage1/cohere/json	TestPortMatchesGoCohere_7480
unknown	github.com/system-inc/adamic/stage1/cohere/json	TestPortMatchesGoCohere_7477
unknown	github.com/system-inc/adamic/stage1/cohere/json	TestPortMatchesGoCohere_7557
unknown	github.com/system-inc/adamic/stage1/cohere/json	TestPortMatchesGoCohere_7556
unknown	github.com/system-inc/adamic/stage1/cohere/json	TestPortMatchesGoCohere_7476
unknown	github.com/system-inc/adamic/stage1/cohere/json	TestPortMatchesGoCohere_7425
unknown	github.com/system-inc/adamic/stage1/cohere/json	TestPortMatchesGoCohere_7475
unknown	github.com/system-inc/adamic/stage1/cohere/json	TestPortMatchesGoCohere_7474
unknown	github.com/system-inc/adamic/stage1/cohere/json	TestPortMatchesGoCohere_7553
unknown	github.com/system-inc/adamic/stage1/cohere/json	TestPortMatchesGoCohere_7473
unknown	github.com/system-inc/adamic/stage1/cohere/json	TestPortMatchesGoCohere_7472
unknown	github.com/system-inc/adamic/stage1/cohere/json	TestPortMatchesGoCohere_7652
unknown	github.com/system-inc/adamic/stage1/cohere/json	TestPortMatchesGoCohere_7552
unknown	github.com/system-inc/adamic/stage1/cohere/json	TestPortMatchesGoCohere_7470
unknown	github.com/system-inc/adamic/stage1/cohere/json	TestPortMatchesGoCohere_7551
unknown	github.com/system-inc/adamic/stage1/cohere/json	TestPortMatchesGoCohere_7471
unknown	github.com/system-inc/adamic/stage1/cohere/json	TestPortMatchesGoCohere_7469
unknown	github.com/system-inc/adamic/stage1/cohere/json	TestPortMatchesGoCohere_7651
unknown	github.com/system-inc/adamic/stage1/cohere/json	TestPortMatchesGoCohere_7550
unknown	github.com/system-inc/adamic/stage1/cohere/json	TestPortMatchesGoCohere_7468
unknown	github.com/system-inc/adamic/stage1/cohere/json	TestPortMatchesGoCohere_7650
unknown	github.com/system-inc/adamic/stage1/cohere/json	TestPortMatchesGoCohere_7649
unknown	github.com/system-inc/adamic/stage1/cohere/json	TestPortMatchesGoCohere_7548
unknown	github.com/system-inc/adamic/stage1/cohere/json	TestPortMatchesGoCohere_7549
unknown	github.com/system-inc/adamic/stage1/cohere/json	TestPortMatchesGoCohere_7648
unknown	github.com/system-inc/adamic/stage1/cohere/json	TestPortMatchesGoCohere_7466
unknown	github.com/system-inc/adamic/stage1/cohere/json	TestPortMatchesGoCohere_7547
unknown	github.com/system-inc/adamic/stage1/cohere/json	TestPortMatchesGoCohere_7546
unknown	github.com/system-inc/adamic/stage1/cohere/json	TestPortMatchesGoCohere_7467
unknown	github.com/system-inc/adamic/stage1/cohere/json	TestPortMatchesGoCohere_7545
unknown	github.com/system-inc/adamic/stage1/cohere/json	TestPortMatchesGoCohere_7647
unknown	github.com/system-inc/adamic/stage1/cohere/json	TestPortMatchesGoCohere_7464
unknown	github.com/system-inc/adamic/stage1/cohere/json	TestPortMatchesGoCohere_7465
unknown	github.com/system-inc/adamic/stage1/cohere/json	TestPortMatchesGoCohere_7544
unknown	github.com/system-inc/adamic/stage1/cohere/json	TestPortMatchesGoCohere_7543
unknown	github.com/system-inc/adamic/stage1/cohere/json	TestPortMatchesGoCohere_7542
unknown	github.com/system-inc/adamic/stage1/cohere/json	TestPortMatchesGoCohere_7463
unknown	github.com/system-inc/adamic/stage1/cohere/json	TestPortMatchesGoCohere_7646
unknown	github.com/system-inc/adamic/stage1/cohere/json	TestPortMatchesGoCohere_7462
unknown	github.com/system-inc/adamic/stage1/cohere/json	TestPortMatchesGoCohere_7645
unknown	github.com/system-inc/adamic/stage1/cohere/json	TestPortMatchesGoCohere_7541
unknown	github.com/system-inc/adamic/stage1/cohere/json	TestPortMatchesGoCohere_7461
unknown	github.com/system-inc/adamic/stage1/cohere/json	TestPortMatchesGoCohere_7643
unknown	github.com/system-inc/adamic/stage1/cohere/json	TestPortMatchesGoCohere_7540
unknown	github.com/system-inc/adamic/stage1/cohere/json	TestPortMatchesGoCohere_7460
unknown	github.com/system-inc/adamic/stage1/cohere/json	TestPortMatchesGoCohere_7644
unknown	github.com/system-inc/adamic/stage1/cohere/json	TestPortMatchesGoCohere_7459
unknown	github.com/system-inc/adamic/stage1/cohere/json	TestPortMatchesGoCohere_7538
unknown	github.com/system-inc/adamic/stage1/cohere/json	TestPortMatchesGoCohere_7642
unknown	github.com/system-inc/adamic/stage1/cohere/json	TestPortMatchesGoCohere_7539
unknown	github.com/system-inc/adamic/stage1/cohere/json	TestPortMatchesGoCohere_7641
unknown	github.com/system-inc/adamic/stage1/cohere/json	TestPortMatchesGoCohere_7457
unknown	github.com/system-inc/adamic/stage1/cohere/json	TestPortMatchesGoCohere_7537
unknown	github.com/system-inc/adamic/stage1/cohere/json	TestPortMatchesGoCohere_7458
unknown	github.com/system-inc/adamic/stage1/cohere/json	TestPortMatchesGoCohere_7536
unknown	github.com/system-inc/adamic/stage1/cohere/json	TestPortMatchesGoCohere_7455
unknown	github.com/system-inc/adamic/stage1/cohere/json	TestPortMatchesGoCohere_7456
unknown	github.com/system-inc/adamic/stage1/cohere/json	TestPortMatchesGoCohere_7640
unknown	github.com/system-inc/adamic/stage1/cohere/json	TestPortMatchesGoCohere_7639
unknown	github.com/system-inc/adamic/stage1/cohere/json	TestPortMatchesGoCohere_7454
unknown	github.com/system-inc/adamic/stage1/cohere/json	TestPortMatchesGoCohere_7535
unknown	github.com/system-inc/adamic/stage1/cohere/json	TestPortMatchesGoCohere_7638
unknown	github.com/system-inc/adamic/stage1/cohere/json	TestPortMatchesGoCohere_7534
unknown	github.com/system-inc/adamic/stage1/cohere/json	TestPortMatchesGoCohere_7453
unknown	github.com/system-inc/adamic/stage1/cohere/json	TestPortMatchesGoCohere_7452
unknown	github.com/system-inc/adamic/stage1/cohere/json	TestPortMatchesGoCohere_7637
unknown	github.com/system-inc/adamic/stage1/cohere/json	TestPortMatchesGoCohere_7533
unknown	github.com/system-inc/adamic/stage1/cohere/json	TestPortMatchesGoCohere_7530
unknown	github.com/system-inc/adamic/stage1/cohere/json	TestPortMatchesGoCohere_7374
unknown	github.com/system-inc/adamic/stage1/cohere/json	TestPortMatchesGoCohere_7532
unknown	github.com/system-inc/adamic/stage1/cohere/json	TestPortMatchesGoCohere_7531
unknown	github.com/system-inc/adamic/stage1/cohere/json	TestPortMatchesGoCohere_7529
unknown	github.com/system-inc/adamic/stage1/cohere/json	TestPortMatchesGoCohere_7373
unknown	github.com/system-inc/adamic/stage1/cohere/json	TestPortMatchesGoCohere_7528
unknown	github.com/system-inc/adamic/stage1/cohere/json	TestPortMatchesGoCohere_7527
unknown	github.com/system-inc/adamic/stage1/cohere/json	TestPortMatchesGoCohere_7246
unknown	github.com/system-inc/adamic/stage1/cohere/json	TestPortMatchesGoCohere_7526
unknown	github.com/system-inc/adamic/stage1/cohere/json	TestPortMatchesGoCohere_7371
unknown	github.com/system-inc/adamic/stage1/cohere/json	TestPortMatchesGoCohere_7370
unknown	github.com/system-inc/adamic/stage1/cohere/json	TestPortMatchesGoCohere_7451
unknown	github.com/system-inc/adamic/stage1/cohere/json	TestPortMatchesGoCohere_7524
unknown	github.com/system-inc/adamic/stage1/cohere/json	TestPortMatchesGoCohere_7368
unknown	github.com/system-inc/adamic/stage1/cohere/json	TestPortMatchesGoCohere_7372
unknown	github.com/system-inc/adamic/stage1/cohere/json	TestPortMatchesGoCohere_7525
unknown	github.com/system-inc/adamic/stage1/cohere/json	TestPortMatchesGoCohere_7367
unknown	github.com/system-inc/adamic/stage1/cohere/json	TestPortMatchesGoCohere_7523
unknown	github.com/system-inc/adamic/stage1/cohere/json	TestPortMatchesGoCohere_7449
unknown	github.com/system-inc/adamic/stage1/cohere/json	TestPortMatchesGoCohere_7522
unknown	github.com/system-inc/adamic/stage1/cohere/json	TestPortMatchesGoCohere_7450
unknown	github.com/system-inc/adamic/stage1/cohere/json	TestPortMatchesGoCohere_7369
unknown	github.com/system-inc/adamic/stage1/cohere/json	TestPortMatchesGoCohere_7521
unknown	github.com/system-inc/adamic/stage1/cohere/json	TestPortMatchesGoCohere_7365
unknown	github.com/system-inc/adamic/stage1/cohere/json	TestPortMatchesGoCohere_7366
unknown	github.com/system-inc/adamic/stage1/cohere/json	TestPortMatchesGoCohere_7364
unknown	github.com/system-inc/adamic/stage1/cohere/json	TestPortMatchesGoCohere_7520
unknown	github.com/system-inc/adamic/stage1/cohere/json	TestPortMatchesGoCohere_7363
unknown	github.com/system-inc/adamic/stage1/cohere/json	TestPortMatchesGoCohere_7446
unknown	github.com/system-inc/adamic/stage1/cohere/json	TestPortMatchesGoCohere_7447
unknown	github.com/system-inc/adamic/stage1/cohere/json	TestPortMatchesGoCohere_7445
unknown	github.com/system-inc/adamic/stage1/cohere/json	TestPortMatchesGoCohere_7448
unknown	github.com/system-inc/adamic/stage1/cohere/json	TestPortMatchesGoCohere_7361
unknown	github.com/system-inc/adamic/stage1/cohere/json	TestPortMatchesGoCohere_7362
unknown	github.com/system-inc/adamic/stage1/cohere/json	TestPortMatchesGoCohere_7519
unknown	github.com/system-inc/adamic/stage1/cohere/json	TestPortMatchesGoCohere_7444
unknown	github.com/system-inc/adamic/stage1/cohere/json	TestPortMatchesGoCohere_7517
unknown	github.com/system-inc/adamic/stage1/cohere/json	TestPortMatchesGoCohere_7442
unknown	github.com/system-inc/adamic/stage1/cohere/json	TestPortMatchesGoCohere_7518
unknown	github.com/system-inc/adamic/stage1/cohere/json	TestPortMatchesGoCohere_7443
unknown	github.com/system-inc/adamic/stage1/cohere/json	TestPortMatchesGoCohere_7360
unknown	github.com/system-inc/adamic/stage1/cohere/json	TestPortMatchesGoCohere_7441
unknown	github.com/system-inc/adamic/stage1/cohere/json	TestPortMatchesGoCohere_7440
unknown	github.com/system-inc/adamic/stage1/cohere/json	TestPortMatchesGoCohere_7516
unknown	github.com/system-inc/adamic/stage1/cohere/json	TestPortMatchesGoCohere_7358
unknown	github.com/system-inc/adamic/stage1/cohere/json	TestPortMatchesGoCohere_7515
unknown	github.com/system-inc/adamic/stage1/cohere/json	TestPortMatchesGoCohere_7439
unknown	github.com/system-inc/adamic/stage1/cohere/json	TestPortMatchesGoCohere_7438
unknown	github.com/system-inc/adamic/stage1/cohere/json	TestPortMatchesGoCohere_7359
unknown	github.com/system-inc/adamic/stage1/cohere/json	TestPortMatchesGoCohere_7356
unknown	github.com/system-inc/adamic/stage1/cohere/json	TestPortMatchesGoCohere_7437
unknown	github.com/system-inc/adamic/stage1/cohere/json	TestPortMatchesGoCohere_7357
unknown	github.com/system-inc/adamic/stage1/cohere/json	TestPortMatchesGoCohere_7355
unknown	github.com/system-inc/adamic/stage1/cohere/json	TestPortMatchesGoCohere_7514
unknown	github.com/system-inc/adamic/stage1/cohere/json	TestPortMatchesGoCohere_7436
unknown	github.com/system-inc/adamic/stage1/cohere/json	TestPortMatchesGoCohere_7513
unknown	github.com/system-inc/adamic/stage1/cohere/json	TestPortMatchesGoCohere_7435
unknown	github.com/system-inc/adamic/stage1/cohere/json	TestPortMatchesGoCohere_7354
unknown	github.com/system-inc/adamic/stage1/cohere/json	TestPortMatchesGoCohere_7352
unknown	github.com/system-inc/adamic/stage1/cohere/json	TestPortMatchesGoCohere_7434
unknown	github.com/system-inc/adamic/stage1/cohere/json	TestPortMatchesGoCohere_7353
unknown	github.com/system-inc/adamic/stage1/cohere/json	TestPortMatchesGoCohere_7351
unknown	github.com/system-inc/adamic/stage1/cohere/json	TestPortMatchesGoCohere_7512
unknown	github.com/system-inc/adamic/stage1/cohere/json	TestPortMatchesGoCohere_7511
unknown	github.com/system-inc/adamic/stage1/cohere/json	TestPortMatchesGoCohere_7350
unknown	github.com/system-inc/adamic/stage1/cohere/json	TestPortMatchesGoCohere_7433
unknown	github.com/system-inc/adamic/stage1/cohere/json	TestPortMatchesGoCohere_7348
unknown	github.com/system-inc/adamic/stage1/cohere/json	TestPortMatchesGoCohere_7510
unknown	github.com/system-inc/adamic/stage1/cohere/json	TestPortMatchesGoCohere_7349
unknown	github.com/system-inc/adamic/stage1/cohere/json	TestPortMatchesGoCohere_7244
unknown	github.com/system-inc/adamic/stage1/cohere/json	TestPortMatchesGoCohere_7245
unknown	github.com/system-inc/adamic/stage1/cohere/json	TestPortMatchesGoCohere_7509
unknown	github.com/system-inc/adamic/stage1/cohere/json	TestPortMatchesGoCohere_7343
unknown	github.com/system-inc/adamic/stage1/cohere/json	TestPortMatchesGoCohere_7347
unknown	github.com/system-inc/adamic/stage1/cohere/json	TestPortMatchesGoCohere_7431
unknown	github.com/system-inc/adamic/stage1/cohere/json	TestPortMatchesGoCohere_7430
unknown	github.com/system-inc/adamic/stage1/cohere/json	TestPortMatchesGoCohere_7346
unknown	github.com/system-inc/adamic/stage1/cohere/json	TestPortMatchesGoCohere_7508
unknown	github.com/system-inc/adamic/stage1/cohere/json	TestPortMatchesGoCohere_7345
unknown	github.com/system-inc/adamic/stage1/cohere/json	TestPortMatchesGoCohere_7429
unknown	github.com/system-inc/adamic/stage1/cohere/json	TestPortMatchesGoCohere_7344
unknown	github.com/system-inc/adamic/stage1/cohere/json	TestPortMatchesGoCohere_7432
unknown	github.com/system-inc/adamic/stage1/cohere/json	TestPortMatchesGoCohere_7428
unknown	github.com/system-inc/adamic/stage1/cohere/json	TestPortMatchesGoCohere_7243
unknown	github.com/system-inc/adamic/stage1/cohere/json	TestPortMatchesGoCohere_7242
unknown	github.com/system-inc/adamic/stage1/cohere/json	TestPortMatchesGoCohere_7342
unknown	github.com/system-inc/adamic/stage1/cohere/json	TestPortMatchesGoCohere_7241
unknown	github.com/system-inc/adamic/stage1/cohere/json	TestPortMatchesGoCohere_7240
unknown	github.com/system-inc/adamic/stage1/cohere/json	TestPortMatchesGoCohere_7239
unknown	github.com/system-inc/adamic/stage1/cohere/json	TestPortMatchesGoCohere_7238
unknown	github.com/system-inc/adamic/stage1/cohere/json	TestPortMatchesGoCohere_7341
unknown	github.com/system-inc/adamic/stage1/cohere/json	TestPortMatchesGoCohere_7340
unknown	github.com/system-inc/adamic/stage1/cohere/json	TestPortMatchesGoCohere_7237
unknown	github.com/system-inc/adamic/stage1/cohere/json	TestPortMatchesGoCohere_7427
unknown	github.com/system-inc/adamic/stage1/cohere/json	TestPortMatchesGoCohere_7339
unknown	github.com/system-inc/adamic/stage1/cohere/json	TestPortMatchesGoCohere_7236
unknown	github.com/system-inc/adamic/stage1/cohere/json	TestPortMatchesGoCohere_7338
unknown	github.com/system-inc/adamic/stage1/cohere/json	TestPortMatchesGoCohere_7235
unknown	github.com/system-inc/adamic/stage1/cohere/json	TestPortMatchesGoCohere_7337
unknown	github.com/system-inc/adamic/stage1/cohere/json	TestPortMatchesGoCohere_7336
unknown	github.com/system-inc/adamic/stage1/cohere/json	TestPortMatchesGoCohere_7426
unknown	github.com/system-inc/adamic/stage1/cohere/json	TestPortMatchesGoCohere_7234
unknown	github.com/system-inc/adamic/stage1/cohere/json	TestPortMatchesGoCohere_7335
unknown	github.com/system-inc/adamic/stage1/cohere/json	TestPortMatchesGoCohere_7296
unknown	github.com/system-inc/adamic/stage1/cohere/json	TestPortMatchesGoCohere_7233
unknown	github.com/system-inc/adamic/stage1/cohere/json	TestPortMatchesGoCohere_7232
unknown	github.com/system-inc/adamic/stage1/cohere/json	TestPortMatchesGoCohere_7424
unknown	github.com/system-inc/adamic/stage1/cohere/json	TestPortMatchesGoCohere_7333
unknown	github.com/system-inc/adamic/stage1/cohere/json	TestPortMatchesGoCohere_7334
unknown	github.com/system-inc/adamic/stage1/cohere/json	TestPortMatchesGoCohere_7231
unknown	github.com/system-inc/adamic/stage1/cohere/json	TestPortMatchesGoCohere_7423
unknown	github.com/system-inc/adamic/stage1/cohere/json	TestPortMatchesGoCohere_7332
unknown	github.com/system-inc/adamic/stage1/cohere/json	TestPortMatchesGoCohere_7230
unknown	github.com/system-inc/adamic/stage1/cohere/json	TestPortMatchesGoCohere_7229
unknown	github.com/system-inc/adamic/stage1/cohere/json	TestPortMatchesGoCohere_7228
unknown	github.com/system-inc/adamic/stage1/cohere/json	TestPortMatchesGoCohere_7227
unknown	github.com/system-inc/adamic/stage1/cohere/json	TestPortMatchesGoCohere_7226
unknown	github.com/system-inc/adamic/stage1/cohere/json	TestPortMatchesGoCohere_7225
unknown	github.com/system-inc/adamic/stage1/cohere/json	TestPortMatchesGoCohere_7330
unknown	github.com/system-inc/adamic/stage1/cohere/json	TestPortMatchesGoCohere_7223
unknown	github.com/system-inc/adamic/stage1/cohere/json	TestPortMatchesGoCohere_7331
unknown	github.com/system-inc/adamic/stage1/cohere/json	TestPortMatchesGoCohere_7224
unknown	github.com/system-inc/adamic/stage1/cohere/json	TestPortMatchesGoCohere_7222
unknown	github.com/system-inc/adamic/stage1/cohere/json	TestPortMatchesGoCohere_7328
unknown	github.com/system-inc/adamic/stage1/cohere/json	TestPortMatchesGoCohere_7221
unknown	github.com/system-inc/adamic/stage1/cohere/json	TestPortMatchesGoCohere_7327
unknown	github.com/system-inc/adamic/stage1/cohere/json	TestPortMatchesGoCohere_7329
unknown	github.com/system-inc/adamic/stage1/cohere/json	TestPortMatchesGoCohere_7326
unknown	github.com/system-inc/adamic/stage1/cohere/json	TestPortMatchesGoCohere_7220
unknown	github.com/system-inc/adamic/stage1/cohere/json	TestPortMatchesGoCohere_7323
unknown	github.com/system-inc/adamic/stage1/cohere/json	TestPortMatchesGoCohere_7324
unknown	github.com/system-inc/adamic/stage1/cohere/json	TestPortMatchesGoCohere_7322
unknown	github.com/system-inc/adamic/stage1/cohere/json	TestPortMatchesGoCohere_7321
unknown	github.com/system-inc/adamic/stage1/cohere/json	TestPortMatchesGoCohere_7422
unknown	github.com/system-inc/adamic/stage1/cohere/json	TestPortMatchesGoCohere_7420
unknown	github.com/system-inc/adamic/stage1/cohere/json	TestPortMatchesGoCohere_7219
unknown	github.com/system-inc/adamic/stage1/cohere/json	TestPortMatchesGoCohere_7218
unknown	github.com/system-inc/adamic/stage1/cohere/json	TestPortMatchesGoCohere_7325
unknown	github.com/system-inc/adamic/stage1/cohere/json	TestPortMatchesGoCohere_7421
unknown	github.com/system-inc/adamic/stage1/cohere/json	TestPortMatchesGoCohere_7418
unknown	github.com/system-inc/adamic/stage1/cohere/json	TestPortMatchesGoCohere_7217
unknown	github.com/system-inc/adamic/stage1/cohere/json	TestPortMatchesGoCohere_7419
unknown	github.com/system-inc/adamic/stage1/cohere/json	TestPortMatchesGoCohere_7416
unknown	github.com/system-inc/adamic/stage1/cohere/json	TestPortMatchesGoCohere_7216
unknown	github.com/system-inc/adamic/stage1/cohere/json	TestPortMatchesGoCohere_7415
unknown	github.com/system-inc/adamic/stage1/cohere/json	TestPortMatchesGoCohere_7215
unknown	github.com/system-inc/adamic/stage1/cohere/json	TestPortMatchesGoCohere_7320
unknown	github.com/system-inc/adamic/stage1/cohere/json	TestPortMatchesGoCohere_7417
unknown	github.com/system-inc/adamic/stage1/cohere/json	TestPortMatchesGoCohere_7413
unknown	github.com/system-inc/adamic/stage1/cohere/json	TestPortMatchesGoCohere_7414
unknown	github.com/system-inc/adamic/stage1/cohere/json	TestPortMatchesGoCohere_7319
unknown	github.com/system-inc/adamic/stage1/cohere/json	TestPortMatchesGoCohere_7412
unknown	github.com/system-inc/adamic/stage1/cohere/json	TestPortMatchesGoCohere_7318
unknown	github.com/system-inc/adamic/stage1/cohere/json	TestPortMatchesGoCohere_7214
unknown	github.com/system-inc/adamic/stage1/cohere/json	TestPortMatchesGoCohere_7213
unknown	github.com/system-inc/adamic/stage1/cohere/json	TestPortMatchesGoCohere_7411
unknown	github.com/system-inc/adamic/stage1/cohere/json	TestPortMatchesGoCohere_7410
unknown	github.com/system-inc/adamic/stage1/cohere/json	TestPortMatchesGoCohere_7212
unknown	github.com/system-inc/adamic/stage1/cohere/json	TestPortMatchesGoCohere_7409
unknown	github.com/system-inc/adamic/stage1/cohere/json	TestPortMatchesGoCohere_7317
unknown	github.com/system-inc/adamic/stage1/cohere/json	TestPortMatchesGoCohere_7210
unknown	github.com/system-inc/adamic/stage1/cohere/json	TestPortMatchesGoCohere_7316
unknown	github.com/system-inc/adamic/stage1/cohere/json	TestPortMatchesGoCohere_7209
unknown	github.com/system-inc/adamic/stage1/cohere/json	TestPortMatchesGoCohere_7211
unknown	github.com/system-inc/adamic/stage1/cohere/json	TestPortMatchesGoCohere_7407
unknown	github.com/system-inc/adamic/stage1/cohere/json	TestPortMatchesGoCohere_7408
unknown	github.com/system-inc/adamic/stage1/cohere/json	TestPortMatchesGoCohere_7208
unknown	github.com/system-inc/adamic/stage1/cohere/json	TestPortMatchesGoCohere_7315
unknown	github.com/system-inc/adamic/stage1/cohere/json	TestPortMatchesGoCohere_7207
unknown	github.com/system-inc/adamic/stage1/cohere/json	TestPortMatchesGoCohere_7314
unknown	github.com/system-inc/adamic/stage1/cohere/json	TestPortMatchesGoCohere_7406
unknown	github.com/system-inc/adamic/stage1/cohere/json	TestPortMatchesGoCohere_7405
unknown	github.com/system-inc/adamic/stage1/cohere/json	TestPortMatchesGoCohere_7313
unknown	github.com/system-inc/adamic/stage1/cohere/json	TestPortMatchesGoCohere_7404
unknown	github.com/system-inc/adamic/stage1/cohere/json	TestPortMatchesGoCohere_7206
unknown	github.com/system-inc/adamic/stage1/cohere/json	TestPortMatchesGoCohere_7312
unknown	github.com/system-inc/adamic/stage1/cohere/json	TestPortMatchesGoCohere_7311
unknown	github.com/system-inc/adamic/stage1/cohere/json	TestPortMatchesGoCohere_7205
unknown	github.com/system-inc/adamic/stage1/cohere/json	TestPortMatchesGoCohere_7403
unknown	github.com/system-inc/adamic/stage1/cohere/json	TestPortMatchesGoCohere_7310
unknown	github.com/system-inc/adamic/stage1/cohere/json	TestPortMatchesGoCohere_7402
unknown	github.com/system-inc/adamic/stage1/cohere/json	TestPortMatchesGoCohere_7203
unknown	github.com/system-inc/adamic/stage1/cohere/json	TestPortMatchesGoCohere_7401
unknown	github.com/system-inc/adamic/stage1/cohere/json	TestPortMatchesGoCohere_7309
unknown	github.com/system-inc/adamic/stage1/cohere/json	TestPortMatchesGoCohere_7308
unknown	github.com/system-inc/adamic/stage1/cohere/json	TestPortMatchesGoCohere_7400
unknown	github.com/system-inc/adamic/stage1/cohere/json	TestPortMatchesGoCohere_7399
unknown	github.com/system-inc/adamic/stage1/cohere/json	TestPortMatchesGoCohere_7204
unknown	github.com/system-inc/adamic/stage1/cohere/json	TestPortMatchesGoCohere_7202
unknown	github.com/system-inc/adamic/stage1/cohere/json	TestPortMatchesGoCohere_7307
unknown	github.com/system-inc/adamic/stage1/cohere/json	TestPortMatchesGoCohere_7201
unknown	github.com/system-inc/adamic/stage1/cohere/json	TestPortMatchesGoCohere_7398
unknown	github.com/system-inc/adamic/stage1/cohere/json	TestPortMatchesGoCohere_7397
unknown	github.com/system-inc/adamic/stage1/cohere/json	TestPortMatchesGoCohere_7200
unknown	github.com/system-inc/adamic/stage1/cohere/json	TestPortMatchesGoCohere_7396
unknown	github.com/system-inc/adamic/stage1/cohere/json	TestPortMatchesGoCohere_7395
unknown	github.com/system-inc/adamic/stage1/cohere/json	TestPortMatchesGoCohere_7306
unknown	github.com/system-inc/adamic/stage1/cohere/json	TestPortMatchesGoCohere_7394
unknown	github.com/system-inc/adamic/stage1/cohere/json	TestPortMatchesGoCohere_7305
unknown	github.com/system-inc/adamic/stage1/cohere/json	TestPortMatchesGoCohere_7198
unknown	github.com/system-inc/adamic/stage1/cohere/json	TestPortMatchesGoCohere_7393
unknown	github.com/system-inc/adamic/stage1/cohere/json	TestPortMatchesGoCohere_7392
unknown	github.com/system-inc/adamic/stage1/cohere/json	TestPortMatchesGoCohere_7197
unknown	github.com/system-inc/adamic/stage1/cohere/json	TestPortMatchesGoCohere_7199
unknown	github.com/system-inc/adamic/stage1/cohere/json	TestPortMatchesGoCohere_7303
unknown	github.com/system-inc/adamic/stage1/cohere/json	TestPortMatchesGoCohere_7196
unknown	github.com/system-inc/adamic/stage1/cohere/json	TestPortMatchesGoCohere_7302
unknown	github.com/system-inc/adamic/stage1/cohere/json	TestPortMatchesGoCohere_7391
unknown	github.com/system-inc/adamic/stage1/cohere/json	TestPortMatchesGoCohere_7195
unknown	github.com/system-inc/adamic/stage1/cohere/json	TestPortMatchesGoCohere_7194
unknown	github.com/system-inc/adamic/stage1/cohere/json	TestPortMatchesGoCohere_7304
unknown	github.com/system-inc/adamic/stage1/cohere/json	TestPortMatchesGoCohere_7301
unknown	github.com/system-inc/adamic/stage1/cohere/json	TestPortMatchesGoCohere_7193
unknown	github.com/system-inc/adamic/stage1/cohere/json	TestPortMatchesGoCohere_7115
unknown	github.com/system-inc/adamic/stage1/cohere/json	TestPortMatchesGoCohere_7300
unknown	github.com/system-inc/adamic/stage1/cohere/json	TestPortMatchesGoCohere_7191
unknown	github.com/system-inc/adamic/stage1/cohere/json	TestPortMatchesGoCohere_7390
unknown	github.com/system-inc/adamic/stage1/cohere/json	TestPortMatchesGoCohere_7192
unknown	github.com/system-inc/adamic/stage1/cohere/json	TestPortMatchesGoCohere_7299
unknown	github.com/system-inc/adamic/stage1/cohere/json	TestPortMatchesGoCohere_7190
unknown	github.com/system-inc/adamic/stage1/cohere/json	TestPortMatchesGoCohere_7389
unknown	github.com/system-inc/adamic/stage1/cohere/json	TestPortMatchesGoCohere_7298
unknown	github.com/system-inc/adamic/stage1/cohere/json	TestPortMatchesGoCohere_7388
unknown	github.com/system-inc/adamic/stage1/cohere/json	TestPortMatchesGoCohere_7297
unknown	github.com/system-inc/adamic/stage1/cohere/json	TestPortMatchesGoCohere_7189
unknown	github.com/system-inc/adamic/stage1/cohere/json	TestPortMatchesGoCohere_7188
unknown	github.com/system-inc/adamic/stage1/cohere/json	TestPortMatchesGoCohere_7387
unknown	github.com/system-inc/adamic/stage1/cohere/json	TestPortMatchesGoCohere_7167
unknown	github.com/system-inc/adamic/stage1/cohere/json	TestPortMatchesGoCohere_7386
unknown	github.com/system-inc/adamic/stage1/cohere/json	TestPortMatchesGoCohere_7385
unknown	github.com/system-inc/adamic/stage1/cohere/json	TestPortMatchesGoCohere_7186
unknown	github.com/system-inc/adamic/stage1/cohere/json	TestPortMatchesGoCohere_7294
unknown	github.com/system-inc/adamic/stage1/cohere/json	TestPortMatchesGoCohere_7295
unknown	github.com/system-inc/adamic/stage1/cohere/json	TestPortMatchesGoCohere_7187
unknown	github.com/system-inc/adamic/stage1/cohere/json	TestPortMatchesGoCohere_7384
unknown	github.com/system-inc/adamic/stage1/cohere/json	TestPortMatchesGoCohere_7383
unknown	github.com/system-inc/adamic/stage1/cohere/json	TestPortMatchesGoCohere_7293
unknown	github.com/system-inc/adamic/stage1/cohere/json	TestPortMatchesGoCohere_7114
unknown	github.com/system-inc/adamic/stage1/cohere/json	TestPortMatchesGoCohere_7185
unknown	github.com/system-inc/adamic/stage1/cohere/json	TestPortMatchesGoCohere_7292
unknown	github.com/system-inc/adamic/stage1/cohere/json	TestPortMatchesGoCohere_7184
unknown	github.com/system-inc/adamic/stage1/cohere/json	TestPortMatchesGoCohere_7381
unknown	github.com/system-inc/adamic/stage1/cohere/json	TestPortMatchesGoCohere_7380
unknown	github.com/system-inc/adamic/stage1/cohere/json	TestPortMatchesGoCohere_7290
unknown	github.com/system-inc/adamic/stage1/cohere/json	TestPortMatchesGoCohere_7183
unknown	github.com/system-inc/adamic/stage1/cohere/json	TestPortMatchesGoCohere_7382
unknown	github.com/system-inc/adamic/stage1/cohere/json	TestPortMatchesGoCohere_7291
unknown	github.com/system-inc/adamic/stage1/cohere/json	TestPortMatchesGoCohere_7379
unknown	github.com/system-inc/adamic/stage1/cohere/json	TestPortMatchesGoCohere_7182
unknown	github.com/system-inc/adamic/stage1/cohere/json	TestPortMatchesGoCohere_7378
unknown	github.com/system-inc/adamic/stage1/cohere/json	TestPortMatchesGoCohere_7180
unknown	github.com/system-inc/adamic/stage1/cohere/json	TestPortMatchesGoCohere_7181
unknown	github.com/system-inc/adamic/stage1/cohere/json	TestPortMatchesGoCohere_7289
unknown	github.com/system-inc/adamic/stage1/cohere/json	TestPortMatchesGoCohere_7288
unknown	github.com/system-inc/adamic/stage1/cohere/json	TestPortMatchesGoCohere_7179
unknown	github.com/system-inc/adamic/stage1/cohere/json	TestPortMatchesGoCohere_7178
unknown	github.com/system-inc/adamic/stage1/cohere/json	TestPortMatchesGoCohere_7377
unknown	github.com/system-inc/adamic/stage1/cohere/json	TestPortMatchesGoCohere_7177
unknown	github.com/system-inc/adamic/stage1/cohere/json	TestPortMatchesGoCohere_7113
unknown	github.com/system-inc/adamic/stage1/cohere/json	TestPortMatchesGoCohere_7112
unknown	github.com/system-inc/adamic/stage1/cohere/json	TestPortMatchesGoCohere_7111
unknown	github.com/system-inc/adamic/stage1/cohere/json	TestPortMatchesGoCohere_7175
unknown	github.com/system-inc/adamic/stage1/cohere/json	TestPortMatchesGoCohere_6985
unknown	github.com/system-inc/adamic/stage1/cohere/json	TestPortMatchesGoCohere_7176
unknown	github.com/system-inc/adamic/stage1/cohere/json	TestPortMatchesGoCohere_7110
unknown	github.com/system-inc/adamic/stage1/cohere/json	TestPortMatchesGoCohere_7174
unknown	github.com/system-inc/adamic/stage1/cohere/json	TestPortMatchesGoCohere_7286
unknown	github.com/system-inc/adamic/stage1/cohere/json	TestPortMatchesGoCohere_7173
unknown	github.com/system-inc/adamic/stage1/cohere/json	TestPortMatchesGoCohere_7287
unknown	github.com/system-inc/adamic/stage1/cohere/json	TestPortMatchesGoCohere_7285
unknown	github.com/system-inc/adamic/stage1/cohere/json	TestPortMatchesGoCohere_7172
unknown	github.com/system-inc/adamic/stage1/cohere/json	TestPortMatchesGoCohere_7109
unknown	github.com/system-inc/adamic/stage1/cohere/json	TestPortMatchesGoCohere_7284
unknown	github.com/system-inc/adamic/stage1/cohere/json	TestPortMatchesGoCohere_7171
unknown	github.com/system-inc/adamic/stage1/cohere/json	TestPortMatchesGoCohere_7170
unknown	github.com/system-inc/adamic/stage1/cohere/json	TestPortMatchesGoCohere_7282
unknown	github.com/system-inc/adamic/stage1/cohere/json	TestPortMatchesGoCohere_7169
unknown	github.com/system-inc/adamic/stage1/cohere/json	TestPortMatchesGoCohere_7283
unknown	github.com/system-inc/adamic/stage1/cohere/json	TestPortMatchesGoCohere_7108
unknown	github.com/system-inc/adamic/stage1/cohere/json	TestPortMatchesGoCohere_7168
unknown	github.com/system-inc/adamic/stage1/cohere/json	TestPortMatchesGoCohere_7281
unknown	github.com/system-inc/adamic/stage1/cohere/json	TestPortMatchesGoCohere_7038
unknown	github.com/system-inc/adamic/stage1/cohere/json	TestPortMatchesGoCohere_7106
unknown	github.com/system-inc/adamic/stage1/cohere/json	TestPortMatchesGoCohere_7107
unknown	github.com/system-inc/adamic/stage1/cohere/json	TestPortMatchesGoCohere_7166
unknown	github.com/system-inc/adamic/stage1/cohere/json	TestPortMatchesGoCohere_7280
unknown	github.com/system-inc/adamic/stage1/cohere/json	TestPortMatchesGoCohere_7165
unknown	github.com/system-inc/adamic/stage1/cohere/json	TestPortMatchesGoCohere_7279
unknown	github.com/system-inc/adamic/stage1/cohere/json	TestPortMatchesGoCohere_7104
unknown	github.com/system-inc/adamic/stage1/cohere/json	TestPortMatchesGoCohere_7164
unknown	github.com/system-inc/adamic/stage1/cohere/json	TestPortMatchesGoCohere_7105
unknown	github.com/system-inc/adamic/stage1/cohere/json	TestPortMatchesGoCohere_7278
unknown	github.com/system-inc/adamic/stage1/cohere/json	TestPortMatchesGoCohere_7277
unknown	github.com/system-inc/adamic/stage1/cohere/json	TestPortMatchesGoCohere_7276
unknown	github.com/system-inc/adamic/stage1/cohere/json	TestPortMatchesGoCohere_7103
unknown	github.com/system-inc/adamic/stage1/cohere/json	TestPortMatchesGoCohere_7163
unknown	github.com/system-inc/adamic/stage1/cohere/json	TestPortMatchesGoCohere_7102
unknown	github.com/system-inc/adamic/stage1/cohere/json	TestPortMatchesGoCohere_7275
unknown	github.com/system-inc/adamic/stage1/cohere/json	TestPortMatchesGoCohere_7162
unknown	github.com/system-inc/adamic/stage1/cohere/json	TestPortMatchesGoCohere_7161
unknown	github.com/system-inc/adamic/stage1/cohere/json	TestPortMatchesGoCohere_7273
unknown	github.com/system-inc/adamic/stage1/cohere/json	TestPortMatchesGoCohere_7160
unknown	github.com/system-inc/adamic/stage1/cohere/json	TestPortMatchesGoCohere_7101
unknown	github.com/system-inc/adamic/stage1/cohere/json	TestPortMatchesGoCohere_7159
unknown	github.com/system-inc/adamic/stage1/cohere/json	TestPortMatchesGoCohere_7158
unknown	github.com/system-inc/adamic/stage1/cohere/json	TestPortMatchesGoCohere_7100
unknown	github.com/system-inc/adamic/stage1/cohere/json	TestPortMatchesGoCohere_7274
unknown	github.com/system-inc/adamic/stage1/cohere/json	TestPortMatchesGoCohere_7272
unknown	github.com/system-inc/adamic/stage1/cohere/json	TestPortMatchesGoCohere_7271
unknown	github.com/system-inc/adamic/stage1/cohere/json	TestPortMatchesGoCohere_7099
unknown	github.com/system-inc/adamic/stage1/cohere/json	TestPortMatchesGoCohere_7157
unknown	github.com/system-inc/adamic/stage1/cohere/json	TestPortMatchesGoCohere_7098
unknown	github.com/system-inc/adamic/stage1/cohere/json	TestPortMatchesGoCohere_7156
unknown	github.com/system-inc/adamic/stage1/cohere/json	TestPortMatchesGoCohere_7097
unknown	github.com/system-inc/adamic/stage1/cohere/json	TestPortMatchesGoCohere_7096
unknown	github.com/system-inc/adamic/stage1/cohere/json	TestPortMatchesGoCohere_7270
unknown	github.com/system-inc/adamic/stage1/cohere/json	TestPortMatchesGoCohere_7155
unknown	github.com/system-inc/adamic/stage1/cohere/json	TestPortMatchesGoCohere_7095
unknown	github.com/system-inc/adamic/stage1/cohere/json	TestPortMatchesGoCohere_7094
unknown	github.com/system-inc/adamic/stage1/cohere/json	TestPortMatchesGoCohere_7154
unknown	github.com/system-inc/adamic/stage1/cohere/json	TestPortMatchesGoCohere_7153
unknown	github.com/system-inc/adamic/stage1/cohere/json	TestPortMatchesGoCohere_7093
unknown	github.com/system-inc/adamic/stage1/cohere/json	TestPortMatchesGoCohere_7269
unknown	github.com/system-inc/adamic/stage1/cohere/json	TestPortMatchesGoCohere_7092
unknown	github.com/system-inc/adamic/stage1/cohere/json	TestPortMatchesGoCohere_7268
unknown	github.com/system-inc/adamic/stage1/cohere/json	TestPortMatchesGoCohere_7152
unknown	github.com/system-inc/adamic/stage1/cohere/json	TestPortMatchesGoCohere_7267
unknown	github.com/system-inc/adamic/stage1/cohere/json	TestPortMatchesGoCohere_7151
unknown	github.com/system-inc/adamic/stage1/cohere/json	TestPortMatchesGoCohere_7091
unknown	github.com/system-inc/adamic/stage1/cohere/json	TestPortMatchesGoCohere_7266
unknown	github.com/system-inc/adamic/stage1/cohere/json	TestPortMatchesGoCohere_7265
unknown	github.com/system-inc/adamic/stage1/cohere/json	TestPortMatchesGoCohere_7090
unknown	github.com/system-inc/adamic/stage1/cohere/json	TestPortMatchesGoCohere_7089
unknown	github.com/system-inc/adamic/stage1/cohere/json	TestPortMatchesGoCohere_7150
unknown	github.com/system-inc/adamic/stage1/cohere/json	TestPortMatchesGoCohere_7088
unknown	github.com/system-inc/adamic/stage1/cohere/json	TestPortMatchesGoCohere_7087
unknown	github.com/system-inc/adamic/stage1/cohere/json	TestPortMatchesGoCohere_7264
unknown	github.com/system-inc/adamic/stage1/cohere/json	TestPortMatchesGoCohere_7263
unknown	github.com/system-inc/adamic/stage1/cohere/json	TestPortMatchesGoCohere_7149
unknown	github.com/system-inc/adamic/stage1/cohere/json	TestPortMatchesGoCohere_7086
unknown	github.com/system-inc/adamic/stage1/cohere/json	TestPortMatchesGoCohere_7262
unknown	github.com/system-inc/adamic/stage1/cohere/json	TestPortMatchesGoCohere_7085
unknown	github.com/system-inc/adamic/stage1/cohere/json	TestPortMatchesGoCohere_7148
unknown	github.com/system-inc/adamic/stage1/cohere/json	TestPortMatchesGoCohere_7083
unknown	github.com/system-inc/adamic/stage1/cohere/json	TestPortMatchesGoCohere_7147
unknown	github.com/system-inc/adamic/stage1/cohere/json	TestPortMatchesGoCohere_7146
unknown	github.com/system-inc/adamic/stage1/cohere/json	TestPortMatchesGoCohere_7084
unknown	github.com/system-inc/adamic/stage1/cohere/json	TestPortMatchesGoCohere_7261
unknown	github.com/system-inc/adamic/stage1/cohere/json	TestPortMatchesGoCohere_7144
unknown	github.com/system-inc/adamic/stage1/cohere/json	TestPortMatchesGoCohere_7145
unknown	github.com/system-inc/adamic/stage1/cohere/json	TestPortMatchesGoCohere_7260
unknown	github.com/system-inc/adamic/stage1/cohere/json	TestPortMatchesGoCohere_7081
unknown	github.com/system-inc/adamic/stage1/cohere/json	TestPortMatchesGoCohere_7080
unknown	github.com/system-inc/adamic/stage1/cohere/json	TestPortMatchesGoCohere_7082
unknown	github.com/system-inc/adamic/stage1/cohere/json	TestPortMatchesGoCohere_7079
unknown	github.com/system-inc/adamic/stage1/cohere/json	TestPortMatchesGoCohere_7142
unknown	github.com/system-inc/adamic/stage1/cohere/json	TestPortMatchesGoCohere_7143
unknown	github.com/system-inc/adamic/stage1/cohere/json	TestPortMatchesGoCohere_7141
unknown	github.com/system-inc/adamic/stage1/cohere/json	TestPortMatchesGoCohere_7076
unknown	github.com/system-inc/adamic/stage1/cohere/json	TestPortMatchesGoCohere_7077
unknown	github.com/system-inc/adamic/stage1/cohere/json	TestPortMatchesGoCohere_7259
unknown	github.com/system-inc/adamic/stage1/cohere/json	TestPortMatchesGoCohere_7075
unknown	github.com/system-inc/adamic/stage1/cohere/json	TestPortMatchesGoCohere_7258
unknown	github.com/system-inc/adamic/stage1/cohere/json	TestPortMatchesGoCohere_7140
unknown	github.com/system-inc/adamic/stage1/cohere/json	TestPortMatchesGoCohere_7139
unknown	github.com/system-inc/adamic/stage1/cohere/json	TestPortMatchesGoCohere_7078
unknown	github.com/system-inc/adamic/stage1/cohere/json	TestPortMatchesGoCohere_7257
unknown	github.com/system-inc/adamic/stage1/cohere/json	TestPortMatchesGoCohere_7138
unknown	github.com/system-inc/adamic/stage1/cohere/json	TestPortMatchesGoCohere_7073
unknown	github.com/system-inc/adamic/stage1/cohere/json	TestPortMatchesGoCohere_7137
unknown	github.com/system-inc/adamic/stage1/cohere/json	TestPortMatchesGoCohere_7255
unknown	github.com/system-inc/adamic/stage1/cohere/json	TestPortMatchesGoCohere_7256
unknown	github.com/system-inc/adamic/stage1/cohere/json	TestPortMatchesGoCohere_7071
unknown	github.com/system-inc/adamic/stage1/cohere/json	TestPortMatchesGoCohere_7136
unknown	github.com/system-inc/adamic/stage1/cohere/json	TestPortMatchesGoCohere_7072
unknown	github.com/system-inc/adamic/stage1/cohere/json	TestPortMatchesGoCohere_7070
unknown	github.com/system-inc/adamic/stage1/cohere/json	TestPortMatchesGoCohere_7074
unknown	github.com/system-inc/adamic/stage1/cohere/json	TestPortMatchesGoCohere_7069
unknown	github.com/system-inc/adamic/stage1/cohere/json	TestPortMatchesGoCohere_7254
unknown	github.com/system-inc/adamic/stage1/cohere/json	TestPortMatchesGoCohere_7135
unknown	github.com/system-inc/adamic/stage1/cohere/json	TestPortMatchesGoCohere_7253
unknown	github.com/system-inc/adamic/stage1/cohere/json	TestPortMatchesGoCohere_7252
unknown	github.com/system-inc/adamic/stage1/cohere/json	TestPortMatchesGoCohere_7134
unknown	github.com/system-inc/adamic/stage1/cohere/json	TestPortMatchesGoCohere_7251
unknown	github.com/system-inc/adamic/stage1/cohere/json	TestPortMatchesGoCohere_7068
unknown	github.com/system-inc/adamic/stage1/cohere/json	TestPortMatchesGoCohere_7250
unknown	github.com/system-inc/adamic/stage1/cohere/json	TestPortMatchesGoCohere_7133
unknown	github.com/system-inc/adamic/stage1/cohere/json	TestPortMatchesGoCohere_6984
unknown	github.com/system-inc/adamic/stage1/cohere/json	TestPortMatchesGoCohere_7249
unknown	github.com/system-inc/adamic/stage1/cohere/json	TestPortMatchesGoCohere_7067
unknown	github.com/system-inc/adamic/stage1/cohere/json	TestPortMatchesGoCohere_7132
unknown	github.com/system-inc/adamic/stage1/cohere/json	TestPortMatchesGoCohere_7131
unknown	github.com/system-inc/adamic/stage1/cohere/json	TestPortMatchesGoCohere_7248
unknown	github.com/system-inc/adamic/stage1/cohere/json	TestPortMatchesGoCohere_7066
unknown	github.com/system-inc/adamic/stage1/cohere/json	TestPortMatchesGoCohere_7247
unknown	github.com/system-inc/adamic/stage1/cohere/json	TestPortMatchesGoCohere_7065
unknown	github.com/system-inc/adamic/stage1/cohere/json	TestPortMatchesGoCohere_7130
unknown	github.com/system-inc/adamic/stage1/cohere/json	TestPortMatchesGoCohere_7129
unknown	github.com/system-inc/adamic/stage1/cohere/json	TestPortMatchesGoCohere_7128
unknown	github.com/system-inc/adamic/stage1/cohere/json	TestPortMatchesGoCohere_7063
unknown	github.com/system-inc/adamic/stage1/cohere/json	TestPortMatchesGoCohere_7064
unknown	github.com/system-inc/adamic/stage1/cohere/json	TestPortMatchesGoCohere_7127
unknown	github.com/system-inc/adamic/stage1/cohere/json	TestPortMatchesGoCohere_7062
unknown	github.com/system-inc/adamic/stage1/cohere/json	TestPortMatchesGoCohere_7126
unknown	github.com/system-inc/adamic/stage1/cohere/json	TestPortMatchesGoCohere_7061
unknown	github.com/system-inc/adamic/stage1/cohere/json	TestPortMatchesGoCohere_6983
unknown	github.com/system-inc/adamic/stage1/cohere/json	TestPortMatchesGoCohere_7060
unknown	github.com/system-inc/adamic/stage1/cohere/json	TestPortMatchesGoCohere_6855
unknown	github.com/system-inc/adamic/stage1/cohere/json	TestPortMatchesGoCohere_7059
unknown	github.com/system-inc/adamic/stage1/cohere/json	TestPortMatchesGoCohere_7125
unknown	github.com/system-inc/adamic/stage1/cohere/json	TestPortMatchesGoCohere_7124
unknown	github.com/system-inc/adamic/stage1/cohere/json	TestPortMatchesGoCohere_6982
unknown	github.com/system-inc/adamic/stage1/cohere/json	TestPortMatchesGoCohere_7058
unknown	github.com/system-inc/adamic/stage1/cohere/json	TestPortMatchesGoCohere_7057
unknown	github.com/system-inc/adamic/stage1/cohere/json	TestPortMatchesGoCohere_7123
unknown	github.com/system-inc/adamic/stage1/cohere/json	TestPortMatchesGoCohere_6981
unknown	github.com/system-inc/adamic/stage1/cohere/json	TestPortMatchesGoCohere_7122
unknown	github.com/system-inc/adamic/stage1/cohere/json	TestPortMatchesGoCohere_6980
unknown	github.com/system-inc/adamic/stage1/cohere/json	TestPortMatchesGoCohere_6979
unknown	github.com/system-inc/adamic/stage1/cohere/json	TestPortMatchesGoCohere_7056
unknown	github.com/system-inc/adamic/stage1/cohere/json	TestPortMatchesGoCohere_7055
unknown	github.com/system-inc/adamic/stage1/cohere/json	TestPortMatchesGoCohere_7121
unknown	github.com/system-inc/adamic/stage1/cohere/json	TestPortMatchesGoCohere_7054
unknown	github.com/system-inc/adamic/stage1/cohere/json	TestPortMatchesGoCohere_6978
unknown	github.com/system-inc/adamic/stage1/cohere/json	TestPortMatchesGoCohere_7120
unknown	github.com/system-inc/adamic/stage1/cohere/json	TestPortMatchesGoCohere_7053
unknown	github.com/system-inc/adamic/stage1/cohere/json	TestPortMatchesGoCohere_7119
unknown	github.com/system-inc/adamic/stage1/cohere/json	TestPortMatchesGoCohere_6977
unknown	github.com/system-inc/adamic/stage1/cohere/json	TestPortMatchesGoCohere_7118
unknown	github.com/system-inc/adamic/stage1/cohere/json	TestPortMatchesGoCohere_7052
unknown	github.com/system-inc/adamic/stage1/cohere/json	TestPortMatchesGoCohere_7117
unknown	github.com/system-inc/adamic/stage1/cohere/json	TestPortMatchesGoCohere_6976
unknown	github.com/system-inc/adamic/stage1/cohere/json	TestPortMatchesGoCohere_6975
unknown	github.com/system-inc/adamic/stage1/cohere/json	TestPortMatchesGoCohere_7116
unknown	github.com/system-inc/adamic/stage1/cohere/json	TestPortMatchesGoCohere_6974
unknown	github.com/system-inc/adamic/stage1/cohere/json	TestPortMatchesGoCohere_6973
unknown	github.com/system-inc/adamic/stage1/cohere/json	TestPortMatchesGoCohere_7051
unknown	github.com/system-inc/adamic/stage1/cohere/json	TestPortMatchesGoCohere_7049
unknown	github.com/system-inc/adamic/stage1/cohere/json	TestPortMatchesGoCohere_7048
unknown	github.com/system-inc/adamic/stage1/cohere/json	TestPortMatchesGoCohere_6972
unknown	github.com/system-inc/adamic/stage1/cohere/json	TestPortMatchesGoCohere_7050
unknown	github.com/system-inc/adamic/stage1/cohere/json	TestPortMatchesGoCohere_6854
unknown	github.com/system-inc/adamic/stage1/cohere/json	TestPortMatchesGoCohere_7046
unknown	github.com/system-inc/adamic/stage1/cohere/json	TestPortMatchesGoCohere_7047
unknown	github.com/system-inc/adamic/stage1/cohere/json	TestPortMatchesGoCohere_6971
unknown	github.com/system-inc/adamic/stage1/cohere/json	TestPortMatchesGoCohere_7045
unknown	github.com/system-inc/adamic/stage1/cohere/json	TestPortMatchesGoCohere_6970
unknown	github.com/system-inc/adamic/stage1/cohere/json	TestPortMatchesGoCohere_6853
unknown	github.com/system-inc/adamic/stage1/cohere/json	TestPortMatchesGoCohere_6852
unknown	github.com/system-inc/adamic/stage1/cohere/json	TestPortMatchesGoCohere_6969
unknown	github.com/system-inc/adamic/stage1/cohere/json	TestPortMatchesGoCohere_7044
unknown	github.com/system-inc/adamic/stage1/cohere/json	TestPortMatchesGoCohere_6851
unknown	github.com/system-inc/adamic/stage1/cohere/json	TestPortMatchesGoCohere_6850
unknown	github.com/system-inc/adamic/stage1/cohere/json	TestPortMatchesGoCohere_6968
unknown	github.com/system-inc/adamic/stage1/cohere/json	TestPortMatchesGoCohere_7043
unknown	github.com/system-inc/adamic/stage1/cohere/json	TestPortMatchesGoCohere_6849
unknown	github.com/system-inc/adamic/stage1/cohere/json	TestPortMatchesGoCohere_7042
unknown	github.com/system-inc/adamic/stage1/cohere/json	TestPortMatchesGoCohere_6967
unknown	github.com/system-inc/adamic/stage1/cohere/json	TestPortMatchesGoCohere_6847
unknown	github.com/system-inc/adamic/stage1/cohere/json	TestPortMatchesGoCohere_7041
unknown	github.com/system-inc/adamic/stage1/cohere/json	TestPortMatchesGoCohere_7040
unknown	github.com/system-inc/adamic/stage1/cohere/json	TestPortMatchesGoCohere_6726
unknown	github.com/system-inc/adamic/stage1/cohere/json	TestPortMatchesGoCohere_6965
unknown	github.com/system-inc/adamic/stage1/cohere/json	TestPortMatchesGoCohere_6848
unknown	github.com/system-inc/adamic/stage1/cohere/json	TestPortMatchesGoCohere_6846
unknown	github.com/system-inc/adamic/stage1/cohere/json	TestPortMatchesGoCohere_7039
unknown	github.com/system-inc/adamic/stage1/cohere/json	TestPortMatchesGoCohere_6964
unknown	github.com/system-inc/adamic/stage1/cohere/json	TestPortMatchesGoCohere_6963
unknown	github.com/system-inc/adamic/stage1/cohere/json	TestPortMatchesGoCohere_6909
unknown	github.com/system-inc/adamic/stage1/cohere/json	TestPortMatchesGoCohere_6966
unknown	github.com/system-inc/adamic/stage1/cohere/json	TestPortMatchesGoCohere_6844
unknown	github.com/system-inc/adamic/stage1/cohere/json	TestPortMatchesGoCohere_6845
unknown	github.com/system-inc/adamic/stage1/cohere/json	TestPortMatchesGoCohere_6962
unknown	github.com/system-inc/adamic/stage1/cohere/json	TestPortMatchesGoCohere_7037
unknown	github.com/system-inc/adamic/stage1/cohere/json	TestPortMatchesGoCohere_7036
unknown	github.com/system-inc/adamic/stage1/cohere/json	TestPortMatchesGoCohere_6843
unknown	github.com/system-inc/adamic/stage1/cohere/json	TestPortMatchesGoCohere_6842
unknown	github.com/system-inc/adamic/stage1/cohere/json	TestPortMatchesGoCohere_6841
unknown	github.com/system-inc/adamic/stage1/cohere/json	TestPortMatchesGoCohere_6961
unknown	github.com/system-inc/adamic/stage1/cohere/json	TestPortMatchesGoCohere_7034
unknown	github.com/system-inc/adamic/stage1/cohere/json	TestPortMatchesGoCohere_6960
unknown	github.com/system-inc/adamic/stage1/cohere/json	TestPortMatchesGoCohere_7035
unknown	github.com/system-inc/adamic/stage1/cohere/json	TestPortMatchesGoCohere_7033
unknown	github.com/system-inc/adamic/stage1/cohere/json	TestPortMatchesGoCohere_6840
unknown	github.com/system-inc/adamic/stage1/cohere/json	TestPortMatchesGoCohere_6958
unknown	github.com/system-inc/adamic/stage1/cohere/json	TestPortMatchesGoCohere_6959
unknown	github.com/system-inc/adamic/stage1/cohere/json	TestPortMatchesGoCohere_6839
unknown	github.com/system-inc/adamic/stage1/cohere/json	TestPortMatchesGoCohere_6838
unknown	github.com/system-inc/adamic/stage1/cohere/json	TestPortMatchesGoCohere_6957
unknown	github.com/system-inc/adamic/stage1/cohere/json	TestPortMatchesGoCohere_7032
unknown	github.com/system-inc/adamic/stage1/cohere/json	TestPortMatchesGoCohere_6956
unknown	github.com/system-inc/adamic/stage1/cohere/json	TestPortMatchesGoCohere_6837
unknown	github.com/system-inc/adamic/stage1/cohere/json	TestPortMatchesGoCohere_7031
unknown	github.com/system-inc/adamic/stage1/cohere/json	TestPortMatchesGoCohere_6836
unknown	github.com/system-inc/adamic/stage1/cohere/json	TestPortMatchesGoCohere_6955
unknown	github.com/system-inc/adamic/stage1/cohere/json	TestPortMatchesGoCohere_6835
unknown	github.com/system-inc/adamic/stage1/cohere/json	TestPortMatchesGoCohere_6834
unknown	github.com/system-inc/adamic/stage1/cohere/json	TestPortMatchesGoCohere_6953
unknown	github.com/system-inc/adamic/stage1/cohere/json	TestPortMatchesGoCohere_6833
unknown	github.com/system-inc/adamic/stage1/cohere/json	TestPortMatchesGoCohere_6952
unknown	github.com/system-inc/adamic/stage1/cohere/json	TestPortMatchesGoCohere_6832
unknown	github.com/system-inc/adamic/stage1/cohere/json	TestPortMatchesGoCohere_7030
unknown	github.com/system-inc/adamic/stage1/cohere/json	TestPortMatchesGoCohere_7029
unknown	github.com/system-inc/adamic/stage1/cohere/json	TestPortMatchesGoCohere_6830
unknown	github.com/system-inc/adamic/stage1/cohere/json	TestPortMatchesGoCohere_6954
unknown	github.com/system-inc/adamic/stage1/cohere/json	TestPortMatchesGoCohere_7027
unknown	github.com/system-inc/adamic/stage1/cohere/json	TestPortMatchesGoCohere_7028
unknown	github.com/system-inc/adamic/stage1/cohere/json	TestPortMatchesGoCohere_6951
unknown	github.com/system-inc/adamic/stage1/cohere/json	TestPortMatchesGoCohere_6831
unknown	github.com/system-inc/adamic/stage1/cohere/json	TestPortMatchesGoCohere_6950
unknown	github.com/system-inc/adamic/stage1/cohere/json	TestPortMatchesGoCohere_6829
unknown	github.com/system-inc/adamic/stage1/cohere/json	TestPortMatchesGoCohere_7026
unknown	github.com/system-inc/adamic/stage1/cohere/json	TestPortMatchesGoCohere_6949
unknown	github.com/system-inc/adamic/stage1/cohere/json	TestPortMatchesGoCohere_7025
unknown	github.com/system-inc/adamic/stage1/cohere/json	TestPortMatchesGoCohere_6948
unknown	github.com/system-inc/adamic/stage1/cohere/json	TestPortMatchesGoCohere_6947
unknown	github.com/system-inc/adamic/stage1/cohere/json	TestPortMatchesGoCohere_7024
unknown	github.com/system-inc/adamic/stage1/cohere/json	TestPortMatchesGoCohere_7023
unknown	github.com/system-inc/adamic/stage1/cohere/json	TestPortMatchesGoCohere_6946
unknown	github.com/system-inc/adamic/stage1/cohere/json	TestPortMatchesGoCohere_7022
unknown	github.com/system-inc/adamic/stage1/cohere/json	TestPortMatchesGoCohere_6945
unknown	github.com/system-inc/adamic/stage1/cohere/json	TestPortMatchesGoCohere_6828
unknown	github.com/system-inc/adamic/stage1/cohere/json	TestPortMatchesGoCohere_7021
unknown	github.com/system-inc/adamic/stage1/cohere/json	TestPortMatchesGoCohere_6944
unknown	github.com/system-inc/adamic/stage1/cohere/json	TestPortMatchesGoCohere_7019
unknown	github.com/system-inc/adamic/stage1/cohere/json	TestPortMatchesGoCohere_6943
unknown	github.com/system-inc/adamic/stage1/cohere/json	TestPortMatchesGoCohere_6827
unknown	github.com/system-inc/adamic/stage1/cohere/json	TestPortMatchesGoCohere_7020
unknown	github.com/system-inc/adamic/stage1/cohere/json	TestPortMatchesGoCohere_6942
unknown	github.com/system-inc/adamic/stage1/cohere/json	TestPortMatchesGoCohere_6826
unknown	github.com/system-inc/adamic/stage1/cohere/json	TestPortMatchesGoCohere_6941
unknown	github.com/system-inc/adamic/stage1/cohere/json	TestPortMatchesGoCohere_7018
unknown	github.com/system-inc/adamic/stage1/cohere/json	TestPortMatchesGoCohere_6940
unknown	github.com/system-inc/adamic/stage1/cohere/json	TestPortMatchesGoCohere_6825
unknown	github.com/system-inc/adamic/stage1/cohere/json	TestPortMatchesGoCohere_7016
unknown	github.com/system-inc/adamic/stage1/cohere/json	TestPortMatchesGoCohere_7017
unknown	github.com/system-inc/adamic/stage1/cohere/json	TestPortMatchesGoCohere_6824
unknown	github.com/system-inc/adamic/stage1/cohere/json	TestPortMatchesGoCohere_7015
unknown	github.com/system-inc/adamic/stage1/cohere/json	TestPortMatchesGoCohere_6939
unknown	github.com/system-inc/adamic/stage1/cohere/json	TestPortMatchesGoCohere_6936
unknown	github.com/system-inc/adamic/stage1/cohere/json	TestPortMatchesGoCohere_6823
unknown	github.com/system-inc/adamic/stage1/cohere/json	TestPortMatchesGoCohere_6937
unknown	github.com/system-inc/adamic/stage1/cohere/json	TestPortMatchesGoCohere_7014
unknown	github.com/system-inc/adamic/stage1/cohere/json	TestPortMatchesGoCohere_6938
unknown	github.com/system-inc/adamic/stage1/cohere/json	TestPortMatchesGoCohere_6822
unknown	github.com/system-inc/adamic/stage1/cohere/json	TestPortMatchesGoCohere_6935
unknown	github.com/system-inc/adamic/stage1/cohere/json	TestPortMatchesGoCohere_6934
unknown	github.com/system-inc/adamic/stage1/cohere/json	TestPortMatchesGoCohere_7012
unknown	github.com/system-inc/adamic/stage1/cohere/json	TestPortMatchesGoCohere_6933
unknown	github.com/system-inc/adamic/stage1/cohere/json	TestPortMatchesGoCohere_7013
unknown	github.com/system-inc/adamic/stage1/cohere/json	TestPortMatchesGoCohere_6821
unknown	github.com/system-inc/adamic/stage1/cohere/json	TestPortMatchesGoCohere_6820
unknown	github.com/system-inc/adamic/stage1/cohere/json	TestPortMatchesGoCohere_6932
unknown	github.com/system-inc/adamic/stage1/cohere/json	TestPortMatchesGoCohere_7011
unknown	github.com/system-inc/adamic/stage1/cohere/json	TestPortMatchesGoCohere_6931
unknown	github.com/system-inc/adamic/stage1/cohere/json	TestPortMatchesGoCohere_7010
unknown	github.com/system-inc/adamic/stage1/cohere/json	TestPortMatchesGoCohere_7009
unknown	github.com/system-inc/adamic/stage1/cohere/json	TestPortMatchesGoCohere_6819
unknown	github.com/system-inc/adamic/stage1/cohere/json	TestPortMatchesGoCohere_6930
unknown	github.com/system-inc/adamic/stage1/cohere/json	TestPortMatchesGoCohere_6725
unknown	github.com/system-inc/adamic/stage1/cohere/json	TestPortMatchesGoCohere_6928
unknown	github.com/system-inc/adamic/stage1/cohere/json	TestPortMatchesGoCohere_7008
unknown	github.com/system-inc/adamic/stage1/cohere/json	TestPortMatchesGoCohere_6818
unknown	github.com/system-inc/adamic/stage1/cohere/json	TestPortMatchesGoCohere_6929
unknown	github.com/system-inc/adamic/stage1/cohere/json	TestPortMatchesGoCohere_7007
unknown	github.com/system-inc/adamic/stage1/cohere/json	TestPortMatchesGoCohere_6816
unknown	github.com/system-inc/adamic/stage1/cohere/json	TestPortMatchesGoCohere_7006
unknown	github.com/system-inc/adamic/stage1/cohere/json	TestPortMatchesGoCohere_6814
unknown	github.com/system-inc/adamic/stage1/cohere/json	TestPortMatchesGoCohere_7005
unknown	github.com/system-inc/adamic/stage1/cohere/json	TestPortMatchesGoCohere_6815
unknown	github.com/system-inc/adamic/stage1/cohere/json	TestPortMatchesGoCohere_6817
unknown	github.com/system-inc/adamic/stage1/cohere/json	TestPortMatchesGoCohere_6927
unknown	github.com/system-inc/adamic/stage1/cohere/json	TestPortMatchesGoCohere_6813
unknown	github.com/system-inc/adamic/stage1/cohere/json	TestPortMatchesGoCohere_7003
unknown	github.com/system-inc/adamic/stage1/cohere/json	TestPortMatchesGoCohere_6926
unknown	github.com/system-inc/adamic/stage1/cohere/json	TestPortMatchesGoCohere_6812
unknown	github.com/system-inc/adamic/stage1/cohere/json	TestPortMatchesGoCohere_7002
unknown	github.com/system-inc/adamic/stage1/cohere/json	TestPortMatchesGoCohere_7004
unknown	github.com/system-inc/adamic/stage1/cohere/json	TestPortMatchesGoCohere_6925
unknown	github.com/system-inc/adamic/stage1/cohere/json	TestPortMatchesGoCohere_7001
unknown	github.com/system-inc/adamic/stage1/cohere/json	TestPortMatchesGoCohere_6924
unknown	github.com/system-inc/adamic/stage1/cohere/json	TestPortMatchesGoCohere_6809
unknown	github.com/system-inc/adamic/stage1/cohere/json	TestPortMatchesGoCohere_6811
unknown	github.com/system-inc/adamic/stage1/cohere/json	TestPortMatchesGoCohere_6810
unknown	github.com/system-inc/adamic/stage1/cohere/json	TestPortMatchesGoCohere_7000
unknown	github.com/system-inc/adamic/stage1/cohere/json	TestPortMatchesGoCohere_6923
unknown	github.com/system-inc/adamic/stage1/cohere/json	TestPortMatchesGoCohere_6921
unknown	github.com/system-inc/adamic/stage1/cohere/json	TestPortMatchesGoCohere_6807
unknown	github.com/system-inc/adamic/stage1/cohere/json	TestPortMatchesGoCohere_6922
unknown	github.com/system-inc/adamic/stage1/cohere/json	TestPortMatchesGoCohere_6999
unknown	github.com/system-inc/adamic/stage1/cohere/json	TestPortMatchesGoCohere_6808
unknown	github.com/system-inc/adamic/stage1/cohere/json	TestPortMatchesGoCohere_6806
unknown	github.com/system-inc/adamic/stage1/cohere/json	TestPortMatchesGoCohere_6998
unknown	github.com/system-inc/adamic/stage1/cohere/json	TestPortMatchesGoCohere_6997
unknown	github.com/system-inc/adamic/stage1/cohere/json	TestPortMatchesGoCohere_6920
unknown	github.com/system-inc/adamic/stage1/cohere/json	TestPortMatchesGoCohere_6918
unknown	github.com/system-inc/adamic/stage1/cohere/json	TestPortMatchesGoCohere_6919
unknown	github.com/system-inc/adamic/stage1/cohere/json	TestPortMatchesGoCohere_6805
unknown	github.com/system-inc/adamic/stage1/cohere/json	TestPortMatchesGoCohere_6724
unknown	github.com/system-inc/adamic/stage1/cohere/json	TestPortMatchesGoCohere_6996
unknown	github.com/system-inc/adamic/stage1/cohere/json	TestPortMatchesGoCohere_6804
unknown	github.com/system-inc/adamic/stage1/cohere/json	TestPortMatchesGoCohere_6917
unknown	github.com/system-inc/adamic/stage1/cohere/json	TestPortMatchesGoCohere_6916
unknown	github.com/system-inc/adamic/stage1/cohere/json	TestPortMatchesGoCohere_6915
unknown	github.com/system-inc/adamic/stage1/cohere/json	TestPortMatchesGoCohere_6995
unknown	github.com/system-inc/adamic/stage1/cohere/json	TestPortMatchesGoCohere_6803
unknown	github.com/system-inc/adamic/stage1/cohere/json	TestPortMatchesGoCohere_6994
unknown	github.com/system-inc/adamic/stage1/cohere/json	TestPortMatchesGoCohere_6914
unknown	github.com/system-inc/adamic/stage1/cohere/json	TestPortMatchesGoCohere_6802
unknown	github.com/system-inc/adamic/stage1/cohere/json	TestPortMatchesGoCohere_6913
unknown	github.com/system-inc/adamic/stage1/cohere/json	TestPortMatchesGoCohere_6801
unknown	github.com/system-inc/adamic/stage1/cohere/json	TestPortMatchesGoCohere_6992
unknown	github.com/system-inc/adamic/stage1/cohere/json	TestPortMatchesGoCohere_6800
unknown	github.com/system-inc/adamic/stage1/cohere/json	TestPortMatchesGoCohere_6991
unknown	github.com/system-inc/adamic/stage1/cohere/json	TestPortMatchesGoCohere_6990
unknown	github.com/system-inc/adamic/stage1/cohere/json	TestPortMatchesGoCohere_6912
unknown	github.com/system-inc/adamic/stage1/cohere/json	TestPortMatchesGoCohere_6799
unknown	github.com/system-inc/adamic/stage1/cohere/json	TestPortMatchesGoCohere_6989
unknown	github.com/system-inc/adamic/stage1/cohere/json	TestPortMatchesGoCohere_6993
unknown	github.com/system-inc/adamic/stage1/cohere/json	TestPortMatchesGoCohere_6911
unknown	github.com/system-inc/adamic/stage1/cohere/json	TestPortMatchesGoCohere_6988
unknown	github.com/system-inc/adamic/stage1/cohere/json	TestPortMatchesGoCohere_6910
unknown	github.com/system-inc/adamic/stage1/cohere/json	TestPortMatchesGoCohere_6798
unknown	github.com/system-inc/adamic/stage1/cohere/json	TestPortMatchesGoCohere_6908
unknown	github.com/system-inc/adamic/stage1/cohere/json	TestPortMatchesGoCohere_6986
unknown	github.com/system-inc/adamic/stage1/cohere/json	TestPortMatchesGoCohere_6907
unknown	github.com/system-inc/adamic/stage1/cohere/json	TestPortMatchesGoCohere_6780
unknown	github.com/system-inc/adamic/stage1/cohere/json	TestPortMatchesGoCohere_6797
unknown	github.com/system-inc/adamic/stage1/cohere/json	TestPortMatchesGoCohere_6796
unknown	github.com/system-inc/adamic/stage1/cohere/json	TestPortMatchesGoCohere_6987
unknown	github.com/system-inc/adamic/stage1/cohere/json	TestPortMatchesGoCohere_6906
unknown	github.com/system-inc/adamic/stage1/cohere/json	TestPortMatchesGoCohere_6795
unknown	github.com/system-inc/adamic/stage1/cohere/json	TestPortMatchesGoCohere_6794
unknown	github.com/system-inc/adamic/stage1/cohere/json	TestPortMatchesGoCohere_6905
unknown	github.com/system-inc/adamic/stage1/cohere/json	TestPortMatchesGoCohere_6793
unknown	github.com/system-inc/adamic/stage1/cohere/json	TestPortMatchesGoCohere_6595
unknown	github.com/system-inc/adamic/stage1/cohere/json	TestPortMatchesGoCohere_6723
unknown	github.com/system-inc/adamic/stage1/cohere/json	TestPortMatchesGoCohere_6722
unknown	github.com/system-inc/adamic/stage1/cohere/json	TestPortMatchesGoCohere_6721
unknown	github.com/system-inc/adamic/stage1/cohere/json	TestPortMatchesGoCohere_6904
unknown	github.com/system-inc/adamic/stage1/cohere/json	TestPortMatchesGoCohere_6792
unknown	github.com/system-inc/adamic/stage1/cohere/json	TestPortMatchesGoCohere_6903
unknown	github.com/system-inc/adamic/stage1/cohere/json	TestPortMatchesGoCohere_6791
unknown	github.com/system-inc/adamic/stage1/cohere/json	TestPortMatchesGoCohere_6720
unknown	github.com/system-inc/adamic/stage1/cohere/json	TestPortMatchesGoCohere_6790
unknown	github.com/system-inc/adamic/stage1/cohere/json	TestPortMatchesGoCohere_6902
unknown	github.com/system-inc/adamic/stage1/cohere/json	TestPortMatchesGoCohere_6718
unknown	github.com/system-inc/adamic/stage1/cohere/json	TestPortMatchesGoCohere_6901
unknown	github.com/system-inc/adamic/stage1/cohere/json	TestPortMatchesGoCohere_6789
unknown	github.com/system-inc/adamic/stage1/cohere/json	TestPortMatchesGoCohere_6719
unknown	github.com/system-inc/adamic/stage1/cohere/json	TestPortMatchesGoCohere_6900
unknown	github.com/system-inc/adamic/stage1/cohere/json	TestPortMatchesGoCohere_6717
unknown	github.com/system-inc/adamic/stage1/cohere/json	TestPortMatchesGoCohere_6716
unknown	github.com/system-inc/adamic/stage1/cohere/json	TestPortMatchesGoCohere_6899
unknown	github.com/system-inc/adamic/stage1/cohere/json	TestPortMatchesGoCohere_6898
unknown	github.com/system-inc/adamic/stage1/cohere/json	TestPortMatchesGoCohere_6788
unknown	github.com/system-inc/adamic/stage1/cohere/json	TestPortMatchesGoCohere_6715
unknown	github.com/system-inc/adamic/stage1/cohere/json	TestPortMatchesGoCohere_6786
unknown	github.com/system-inc/adamic/stage1/cohere/json	TestPortMatchesGoCohere_6787
unknown	github.com/system-inc/adamic/stage1/cohere/json	TestPortMatchesGoCohere_6897
unknown	github.com/system-inc/adamic/stage1/cohere/json	TestPortMatchesGoCohere_6785
unknown	github.com/system-inc/adamic/stage1/cohere/json	TestPortMatchesGoCohere_6714
unknown	github.com/system-inc/adamic/stage1/cohere/json	TestPortMatchesGoCohere_6713
unknown	github.com/system-inc/adamic/stage1/cohere/json	TestPortMatchesGoCohere_6896
unknown	github.com/system-inc/adamic/stage1/cohere/json	TestPortMatchesGoCohere_6784
unknown	github.com/system-inc/adamic/stage1/cohere/json	TestPortMatchesGoCohere_6711
unknown	github.com/system-inc/adamic/stage1/cohere/json	TestPortMatchesGoCohere_6712
unknown	github.com/system-inc/adamic/stage1/cohere/json	TestPortMatchesGoCohere_6895
unknown	github.com/system-inc/adamic/stage1/cohere/json	TestPortMatchesGoCohere_6894
unknown	github.com/system-inc/adamic/stage1/cohere/json	TestPortMatchesGoCohere_6710
unknown	github.com/system-inc/adamic/stage1/cohere/json	TestPortMatchesGoCohere_6782
unknown	github.com/system-inc/adamic/stage1/cohere/json	TestPortMatchesGoCohere_6709
unknown	github.com/system-inc/adamic/stage1/cohere/json	TestPortMatchesGoCohere_6783
unknown	github.com/system-inc/adamic/stage1/cohere/json	TestPortMatchesGoCohere_6893
unknown	github.com/system-inc/adamic/stage1/cohere/json	TestPortMatchesGoCohere_6781
unknown	github.com/system-inc/adamic/stage1/cohere/json	TestPortMatchesGoCohere_6892
unknown	github.com/system-inc/adamic/stage1/cohere/json	TestPortMatchesGoCohere_6708
unknown	github.com/system-inc/adamic/stage1/cohere/json	TestPortMatchesGoCohere_6651
unknown	github.com/system-inc/adamic/stage1/cohere/json	TestPortMatchesGoCohere_6707
unknown	github.com/system-inc/adamic/stage1/cohere/json	TestPortMatchesGoCohere_6706
unknown	github.com/system-inc/adamic/stage1/cohere/json	TestPortMatchesGoCohere_6891
unknown	github.com/system-inc/adamic/stage1/cohere/json	TestPortMatchesGoCohere_6890
unknown	github.com/system-inc/adamic/stage1/cohere/json	TestPortMatchesGoCohere_6705
unknown	github.com/system-inc/adamic/stage1/cohere/json	TestPortMatchesGoCohere_6889
unknown	github.com/system-inc/adamic/stage1/cohere/json	TestPortMatchesGoCohere_6778
unknown	github.com/system-inc/adamic/stage1/cohere/json	TestPortMatchesGoCohere_6704
unknown	github.com/system-inc/adamic/stage1/cohere/json	TestPortMatchesGoCohere_6888
unknown	github.com/system-inc/adamic/stage1/cohere/json	TestPortMatchesGoCohere_6887
unknown	github.com/system-inc/adamic/stage1/cohere/json	TestPortMatchesGoCohere_6779
unknown	github.com/system-inc/adamic/stage1/cohere/json	TestPortMatchesGoCohere_6777
unknown	github.com/system-inc/adamic/stage1/cohere/json	TestPortMatchesGoCohere_6776
unknown	github.com/system-inc/adamic/stage1/cohere/json	TestPortMatchesGoCohere_6703
unknown	github.com/system-inc/adamic/stage1/cohere/json	TestPortMatchesGoCohere_6702
unknown	github.com/system-inc/adamic/stage1/cohere/json	TestPortMatchesGoCohere_6886
unknown	github.com/system-inc/adamic/stage1/cohere/json	TestPortMatchesGoCohere_6775
unknown	github.com/system-inc/adamic/stage1/cohere/json	TestPortMatchesGoCohere_6885
unknown	github.com/system-inc/adamic/stage1/cohere/json	TestPortMatchesGoCohere_6884
unknown	github.com/system-inc/adamic/stage1/cohere/json	TestPortMatchesGoCohere_6774
unknown	github.com/system-inc/adamic/stage1/cohere/json	TestPortMatchesGoCohere_6883
unknown	github.com/system-inc/adamic/stage1/cohere/json	TestPortMatchesGoCohere_6882
unknown	github.com/system-inc/adamic/stage1/cohere/json	TestPortMatchesGoCohere_6773
unknown	github.com/system-inc/adamic/stage1/cohere/json	TestPortMatchesGoCohere_6881
unknown	github.com/system-inc/adamic/stage1/cohere/json	TestPortMatchesGoCohere_6701
unknown	github.com/system-inc/adamic/stage1/cohere/json	TestPortMatchesGoCohere_6772
unknown	github.com/system-inc/adamic/stage1/cohere/json	TestPortMatchesGoCohere_6700
unknown	github.com/system-inc/adamic/stage1/cohere/json	TestPortMatchesGoCohere_6771
unknown	github.com/system-inc/adamic/stage1/cohere/json	TestPortMatchesGoCohere_6880
unknown	github.com/system-inc/adamic/stage1/cohere/json	TestPortMatchesGoCohere_6770
unknown	github.com/system-inc/adamic/stage1/cohere/json	TestPortMatchesGoCohere_6879
unknown	github.com/system-inc/adamic/stage1/cohere/json	TestPortMatchesGoCohere_6699
unknown	github.com/system-inc/adamic/stage1/cohere/json	TestPortMatchesGoCohere_6768
unknown	github.com/system-inc/adamic/stage1/cohere/json	TestPortMatchesGoCohere_6769
unknown	github.com/system-inc/adamic/stage1/cohere/json	TestPortMatchesGoCohere_6878
unknown	github.com/system-inc/adamic/stage1/cohere/json	TestPortMatchesGoCohere_6767
unknown	github.com/system-inc/adamic/stage1/cohere/json	TestPortMatchesGoCohere_6877
unknown	github.com/system-inc/adamic/stage1/cohere/json	TestPortMatchesGoCohere_6766
unknown	github.com/system-inc/adamic/stage1/cohere/json	TestPortMatchesGoCohere_6876
unknown	github.com/system-inc/adamic/stage1/cohere/json	TestPortMatchesGoCohere_6765
unknown	github.com/system-inc/adamic/stage1/cohere/json	TestPortMatchesGoCohere_6698
unknown	github.com/system-inc/adamic/stage1/cohere/json	TestPortMatchesGoCohere_6875
unknown	github.com/system-inc/adamic/stage1/cohere/json	TestPortMatchesGoCohere_6763
unknown	github.com/system-inc/adamic/stage1/cohere/json	TestPortMatchesGoCohere_6697
unknown	github.com/system-inc/adamic/stage1/cohere/json	TestPortMatchesGoCohere_6764
unknown	github.com/system-inc/adamic/stage1/cohere/json	TestPortMatchesGoCohere_6696
unknown	github.com/system-inc/adamic/stage1/cohere/json	TestPortMatchesGoCohere_6695
unknown	github.com/system-inc/adamic/stage1/cohere/json	TestPortMatchesGoCohere_6874
unknown	github.com/system-inc/adamic/stage1/cohere/json	TestPortMatchesGoCohere_6762
unknown	github.com/system-inc/adamic/stage1/cohere/json	TestPortMatchesGoCohere_6761
unknown	github.com/system-inc/adamic/stage1/cohere/json	TestPortMatchesGoCohere_6694
unknown	github.com/system-inc/adamic/stage1/cohere/json	TestPortMatchesGoCohere_6872
unknown	github.com/system-inc/adamic/stage1/cohere/json	TestPortMatchesGoCohere_6693
unknown	github.com/system-inc/adamic/stage1/cohere/json	TestPortMatchesGoCohere_6759
unknown	github.com/system-inc/adamic/stage1/cohere/json	TestPortMatchesGoCohere_6873
unknown	github.com/system-inc/adamic/stage1/cohere/json	TestPortMatchesGoCohere_6760
unknown	github.com/system-inc/adamic/stage1/cohere/json	TestPortMatchesGoCohere_6871
unknown	github.com/system-inc/adamic/stage1/cohere/json	TestPortMatchesGoCohere_6692
unknown	github.com/system-inc/adamic/stage1/cohere/json	TestPortMatchesGoCohere_6870
unknown	github.com/system-inc/adamic/stage1/cohere/json	TestPortMatchesGoCohere_6869
unknown	github.com/system-inc/adamic/stage1/cohere/json	TestPortMatchesGoCohere_6690
unknown	github.com/system-inc/adamic/stage1/cohere/json	TestPortMatchesGoCohere_6757
unknown	github.com/system-inc/adamic/stage1/cohere/json	TestPortMatchesGoCohere_6689
unknown	github.com/system-inc/adamic/stage1/cohere/json	TestPortMatchesGoCohere_6868
unknown	github.com/system-inc/adamic/stage1/cohere/json	TestPortMatchesGoCohere_6691
unknown	github.com/system-inc/adamic/stage1/cohere/json	TestPortMatchesGoCohere_6758
unknown	github.com/system-inc/adamic/stage1/cohere/json	TestPortMatchesGoCohere_6688
unknown	github.com/system-inc/adamic/stage1/cohere/json	TestPortMatchesGoCohere_6756
unknown	github.com/system-inc/adamic/stage1/cohere/json	TestPortMatchesGoCohere_6867
unknown	github.com/system-inc/adamic/stage1/cohere/json	TestPortMatchesGoCohere_6866
unknown	github.com/system-inc/adamic/stage1/cohere/json	TestPortMatchesGoCohere_6754
unknown	github.com/system-inc/adamic/stage1/cohere/json	TestPortMatchesGoCohere_6594
unknown	github.com/system-inc/adamic/stage1/cohere/json	TestPortMatchesGoCohere_6865
unknown	github.com/system-inc/adamic/stage1/cohere/json	TestPortMatchesGoCohere_6687
unknown	github.com/system-inc/adamic/stage1/cohere/json	TestPortMatchesGoCohere_6686
unknown	github.com/system-inc/adamic/stage1/cohere/json	TestPortMatchesGoCohere_6753
unknown	github.com/system-inc/adamic/stage1/cohere/json	TestPortMatchesGoCohere_6752
unknown	github.com/system-inc/adamic/stage1/cohere/json	TestPortMatchesGoCohere_6685
unknown	github.com/system-inc/adamic/stage1/cohere/json	TestPortMatchesGoCohere_6755
unknown	github.com/system-inc/adamic/stage1/cohere/json	TestPortMatchesGoCohere_6684
unknown	github.com/system-inc/adamic/stage1/cohere/json	TestPortMatchesGoCohere_6751
unknown	github.com/system-inc/adamic/stage1/cohere/json	TestPortMatchesGoCohere_6750
unknown	github.com/system-inc/adamic/stage1/cohere/json	TestPortMatchesGoCohere_6864
unknown	github.com/system-inc/adamic/stage1/cohere/json	TestPortMatchesGoCohere_6749
unknown	github.com/system-inc/adamic/stage1/cohere/json	TestPortMatchesGoCohere_6682
unknown	github.com/system-inc/adamic/stage1/cohere/json	TestPortMatchesGoCohere_6681
unknown	github.com/system-inc/adamic/stage1/cohere/json	TestPortMatchesGoCohere_6863
unknown	github.com/system-inc/adamic/stage1/cohere/json	TestPortMatchesGoCohere_6683
unknown	github.com/system-inc/adamic/stage1/cohere/json	TestPortMatchesGoCohere_6748
unknown	github.com/system-inc/adamic/stage1/cohere/json	TestPortMatchesGoCohere_6862
unknown	github.com/system-inc/adamic/stage1/cohere/json	TestPortMatchesGoCohere_6680
unknown	github.com/system-inc/adamic/stage1/cohere/json	TestPortMatchesGoCohere_6746
unknown	github.com/system-inc/adamic/stage1/cohere/json	TestPortMatchesGoCohere_6679
unknown	github.com/system-inc/adamic/stage1/cohere/json	TestPortMatchesGoCohere_6747
unknown	github.com/system-inc/adamic/stage1/cohere/json	TestPortMatchesGoCohere_6745
unknown	github.com/system-inc/adamic/stage1/cohere/json	TestPortMatchesGoCohere_6861
unknown	github.com/system-inc/adamic/stage1/cohere/json	TestPortMatchesGoCohere_6678
unknown	github.com/system-inc/adamic/stage1/cohere/json	TestPortMatchesGoCohere_6860
unknown	github.com/system-inc/adamic/stage1/cohere/json	TestPortMatchesGoCohere_6593
unknown	github.com/system-inc/adamic/stage1/cohere/json	TestPortMatchesGoCohere_6859
unknown	github.com/system-inc/adamic/stage1/cohere/json	TestPortMatchesGoCohere_6744
unknown	github.com/system-inc/adamic/stage1/cohere/json	TestPortMatchesGoCohere_6677
unknown	github.com/system-inc/adamic/stage1/cohere/json	TestPortMatchesGoCohere_6857
unknown	github.com/system-inc/adamic/stage1/cohere/json	TestPortMatchesGoCohere_6743
unknown	github.com/system-inc/adamic/stage1/cohere/json	TestPortMatchesGoCohere_6676
unknown	github.com/system-inc/adamic/stage1/cohere/json	TestPortMatchesGoCohere_6858
unknown	github.com/system-inc/adamic/stage1/cohere/json	TestPortMatchesGoCohere_6856
unknown	github.com/system-inc/adamic/stage1/cohere/json	TestPortMatchesGoCohere_6741
unknown	github.com/system-inc/adamic/stage1/cohere/json	TestPortMatchesGoCohere_6675
unknown	github.com/system-inc/adamic/stage1/cohere/json	TestPortMatchesGoCohere_6674
unknown	github.com/system-inc/adamic/stage1/cohere/json	TestPortMatchesGoCohere_6742
unknown	github.com/system-inc/adamic/stage1/cohere/json	TestPortMatchesGoCohere_6739
unknown	github.com/system-inc/adamic/stage1/cohere/json	TestPortMatchesGoCohere_6673
unknown	github.com/system-inc/adamic/stage1/cohere/json	TestPortMatchesGoCohere_6672
unknown	github.com/system-inc/adamic/stage1/cohere/json	TestPortMatchesGoCohere_6738
unknown	github.com/system-inc/adamic/stage1/cohere/json	TestPortMatchesGoCohere_6740
unknown	github.com/system-inc/adamic/stage1/cohere/json	TestPortMatchesGoCohere_6592
unknown	github.com/system-inc/adamic/stage1/cohere/json	TestPortMatchesGoCohere_6737
unknown	github.com/system-inc/adamic/stage1/cohere/json	TestPortMatchesGoCohere_6591
unknown	github.com/system-inc/adamic/stage1/cohere/json	TestPortMatchesGoCohere_6670
unknown	github.com/system-inc/adamic/stage1/cohere/json	TestPortMatchesGoCohere_6671
unknown	github.com/system-inc/adamic/stage1/cohere/json	TestPortMatchesGoCohere_6736
unknown	github.com/system-inc/adamic/stage1/cohere/json	TestPortMatchesGoCohere_6668
unknown	github.com/system-inc/adamic/stage1/cohere/json	TestPortMatchesGoCohere_6667
unknown	github.com/system-inc/adamic/stage1/cohere/json	TestPortMatchesGoCohere_6735
unknown	github.com/system-inc/adamic/stage1/cohere/json	TestPortMatchesGoCohere_6734
unknown	github.com/system-inc/adamic/stage1/cohere/json	TestPortMatchesGoCohere_6666
unknown	github.com/system-inc/adamic/stage1/cohere/json	TestPortMatchesGoCohere_6590
unknown	github.com/system-inc/adamic/stage1/cohere/json	TestPortMatchesGoCohere_6665
unknown	github.com/system-inc/adamic/stage1/cohere/json	TestPortMatchesGoCohere_6589
unknown	github.com/system-inc/adamic/stage1/cohere/json	TestPortMatchesGoCohere_6733
unknown	github.com/system-inc/adamic/stage1/cohere/json	TestPortMatchesGoCohere_6664
unknown	github.com/system-inc/adamic/stage1/cohere/json	TestPortMatchesGoCohere_6663
unknown	github.com/system-inc/adamic/stage1/cohere/json	TestPortMatchesGoCohere_6732
unknown	github.com/system-inc/adamic/stage1/cohere/json	TestPortMatchesGoCohere_6662
unknown	github.com/system-inc/adamic/stage1/cohere/json	TestPortMatchesGoCohere_6588
unknown	github.com/system-inc/adamic/stage1/cohere/json	TestPortMatchesGoCohere_6669
unknown	github.com/system-inc/adamic/stage1/cohere/json	TestPortMatchesGoCohere_6731
unknown	github.com/system-inc/adamic/stage1/cohere/json	TestPortMatchesGoCohere_6587
unknown	github.com/system-inc/adamic/stage1/cohere/json	TestPortMatchesGoCohere_6661
unknown	github.com/system-inc/adamic/stage1/cohere/json	TestPortMatchesGoCohere_6586
unknown	github.com/system-inc/adamic/stage1/cohere/json	TestPortMatchesGoCohere_6730
unknown	github.com/system-inc/adamic/stage1/cohere/json	TestPortMatchesGoCohere_6729
unknown	github.com/system-inc/adamic/stage1/cohere/json	TestPortMatchesGoCohere_6728
unknown	github.com/system-inc/adamic/stage1/cohere/json	TestPortMatchesGoCohere_6660
unknown	github.com/system-inc/adamic/stage1/cohere/json	TestPortMatchesGoCohere_6727
unknown	github.com/system-inc/adamic/stage1/cohere/json	TestPortMatchesGoCohere_6585
unknown	github.com/system-inc/adamic/stage1/cohere/json	TestPortMatchesGoCohere_6464
unknown	github.com/system-inc/adamic/stage1/cohere/json	TestPortMatchesGoCohere_6463
unknown	github.com/system-inc/adamic/stage1/cohere/json	TestPortMatchesGoCohere_6462
unknown	github.com/system-inc/adamic/stage1/cohere/json	TestPortMatchesGoCohere_6461
unknown	github.com/system-inc/adamic/stage1/cohere/json	TestPortMatchesGoCohere_6658
unknown	github.com/system-inc/adamic/stage1/cohere/json	TestPortMatchesGoCohere_6657
unknown	github.com/system-inc/adamic/stage1/cohere/json	TestPortMatchesGoCohere_6659
unknown	github.com/system-inc/adamic/stage1/cohere/json	TestPortMatchesGoCohere_6655
unknown	github.com/system-inc/adamic/stage1/cohere/json	TestPortMatchesGoCohere_6656
unknown	github.com/system-inc/adamic/stage1/cohere/json	TestPortMatchesGoCohere_6654
unknown	github.com/system-inc/adamic/stage1/cohere/json	TestPortMatchesGoCohere_6653
unknown	github.com/system-inc/adamic/stage1/cohere/json	TestPortMatchesGoCohere_6652
unknown	github.com/system-inc/adamic/stage1/cohere/json	TestPortMatchesGoCohere_6460
unknown	github.com/system-inc/adamic/stage1/cohere/json	TestPortMatchesGoCohere_6522
unknown	github.com/system-inc/adamic/stage1/cohere/json	TestPortMatchesGoCohere_6459
unknown	github.com/system-inc/adamic/stage1/cohere/json	TestPortMatchesGoCohere_6650
unknown	github.com/system-inc/adamic/stage1/cohere/json	TestPortMatchesGoCohere_6649
unknown	github.com/system-inc/adamic/stage1/cohere/json	TestPortMatchesGoCohere_6458
unknown	github.com/system-inc/adamic/stage1/cohere/json	TestPortMatchesGoCohere_6584
unknown	github.com/system-inc/adamic/stage1/cohere/json	TestPortMatchesGoCohere_6457
unknown	github.com/system-inc/adamic/stage1/cohere/json	TestPortMatchesGoCohere_6648
unknown	github.com/system-inc/adamic/stage1/cohere/json	TestPortMatchesGoCohere_6583
unknown	github.com/system-inc/adamic/stage1/cohere/json	TestPortMatchesGoCohere_6455
unknown	github.com/system-inc/adamic/stage1/cohere/json	TestPortMatchesGoCohere_6582
unknown	github.com/system-inc/adamic/stage1/cohere/json	TestPortMatchesGoCohere_6647
unknown	github.com/system-inc/adamic/stage1/cohere/json	TestPortMatchesGoCohere_6456
unknown	github.com/system-inc/adamic/stage1/cohere/json	TestPortMatchesGoCohere_6645
unknown	github.com/system-inc/adamic/stage1/cohere/json	TestPortMatchesGoCohere_6336
unknown	github.com/system-inc/adamic/stage1/cohere/json	TestPortMatchesGoCohere_6454
unknown	github.com/system-inc/adamic/stage1/cohere/json	TestPortMatchesGoCohere_6644
unknown	github.com/system-inc/adamic/stage1/cohere/json	TestPortMatchesGoCohere_6452
unknown	github.com/system-inc/adamic/stage1/cohere/json	TestPortMatchesGoCohere_6643
unknown	github.com/system-inc/adamic/stage1/cohere/json	TestPortMatchesGoCohere_6453
unknown	github.com/system-inc/adamic/stage1/cohere/json	TestPortMatchesGoCohere_6581
unknown	github.com/system-inc/adamic/stage1/cohere/json	TestPortMatchesGoCohere_6451
unknown	github.com/system-inc/adamic/stage1/cohere/json	TestPortMatchesGoCohere_6580
unknown	github.com/system-inc/adamic/stage1/cohere/json	TestPortMatchesGoCohere_6646
unknown	github.com/system-inc/adamic/stage1/cohere/json	TestPortMatchesGoCohere_6450
unknown	github.com/system-inc/adamic/stage1/cohere/json	TestPortMatchesGoCohere_6642
unknown	github.com/system-inc/adamic/stage1/cohere/json	TestPortMatchesGoCohere_6449
unknown	github.com/system-inc/adamic/stage1/cohere/json	TestPortMatchesGoCohere_6579
unknown	github.com/system-inc/adamic/stage1/cohere/json	TestPortMatchesGoCohere_6578
unknown	github.com/system-inc/adamic/stage1/cohere/json	TestPortMatchesGoCohere_6448
unknown	github.com/system-inc/adamic/stage1/cohere/json	TestPortMatchesGoCohere_6577
unknown	github.com/system-inc/adamic/stage1/cohere/json	TestPortMatchesGoCohere_6640
unknown	github.com/system-inc/adamic/stage1/cohere/json	TestPortMatchesGoCohere_6576
unknown	github.com/system-inc/adamic/stage1/cohere/json	TestPortMatchesGoCohere_6641
unknown	github.com/system-inc/adamic/stage1/cohere/json	TestPortMatchesGoCohere_6639
unknown	github.com/system-inc/adamic/stage1/cohere/json	TestPortMatchesGoCohere_6447
unknown	github.com/system-inc/adamic/stage1/cohere/json	TestPortMatchesGoCohere_6575
unknown	github.com/system-inc/adamic/stage1/cohere/json	TestPortMatchesGoCohere_6637
unknown	github.com/system-inc/adamic/stage1/cohere/json	TestPortMatchesGoCohere_6574
unknown	github.com/system-inc/adamic/stage1/cohere/json	TestPortMatchesGoCohere_6636
unknown	github.com/system-inc/adamic/stage1/cohere/json	TestPortMatchesGoCohere_6638
unknown	github.com/system-inc/adamic/stage1/cohere/json	TestPortMatchesGoCohere_6445
unknown	github.com/system-inc/adamic/stage1/cohere/json	TestPortMatchesGoCohere_6573
unknown	github.com/system-inc/adamic/stage1/cohere/json	TestPortMatchesGoCohere_6572
unknown	github.com/system-inc/adamic/stage1/cohere/json	TestPortMatchesGoCohere_6446
unknown	github.com/system-inc/adamic/stage1/cohere/json	TestPortMatchesGoCohere_6635
unknown	github.com/system-inc/adamic/stage1/cohere/json	TestPortMatchesGoCohere_6444
unknown	github.com/system-inc/adamic/stage1/cohere/json	TestPortMatchesGoCohere_6570
unknown	github.com/system-inc/adamic/stage1/cohere/json	TestPortMatchesGoCohere_6571
unknown	github.com/system-inc/adamic/stage1/cohere/json	TestPortMatchesGoCohere_6634
unknown	github.com/system-inc/adamic/stage1/cohere/json	TestPortMatchesGoCohere_6633
unknown	github.com/system-inc/adamic/stage1/cohere/json	TestPortMatchesGoCohere_6443
unknown	github.com/system-inc/adamic/stage1/cohere/json	TestPortMatchesGoCohere_6569
unknown	github.com/system-inc/adamic/stage1/cohere/json	TestPortMatchesGoCohere_6441
unknown	github.com/system-inc/adamic/stage1/cohere/json	TestPortMatchesGoCohere_6568
unknown	github.com/system-inc/adamic/stage1/cohere/json	TestPortMatchesGoCohere_6566
unknown	github.com/system-inc/adamic/stage1/cohere/json	TestPortMatchesGoCohere_6442
unknown	github.com/system-inc/adamic/stage1/cohere/json	TestPortMatchesGoCohere_6567
unknown	github.com/system-inc/adamic/stage1/cohere/json	TestPortMatchesGoCohere_6565
unknown	github.com/system-inc/adamic/stage1/cohere/json	TestPortMatchesGoCohere_6563
unknown	github.com/system-inc/adamic/stage1/cohere/json	TestPortMatchesGoCohere_6440
unknown	github.com/system-inc/adamic/stage1/cohere/json	TestPortMatchesGoCohere_6561
unknown	github.com/system-inc/adamic/stage1/cohere/json	TestPortMatchesGoCohere_6562
unknown	github.com/system-inc/adamic/stage1/cohere/json	TestPortMatchesGoCohere_6564
unknown	github.com/system-inc/adamic/stage1/cohere/json	TestPortMatchesGoCohere_6438
unknown	github.com/system-inc/adamic/stage1/cohere/json	TestPortMatchesGoCohere_6437
unknown	github.com/system-inc/adamic/stage1/cohere/json	TestPortMatchesGoCohere_6560
unknown	github.com/system-inc/adamic/stage1/cohere/json	TestPortMatchesGoCohere_6439
unknown	github.com/system-inc/adamic/stage1/cohere/json	TestPortMatchesGoCohere_6559
unknown	github.com/system-inc/adamic/stage1/cohere/json	TestPortMatchesGoCohere_6436
unknown	github.com/system-inc/adamic/stage1/cohere/json	TestPortMatchesGoCohere_6557
unknown	github.com/system-inc/adamic/stage1/cohere/json	TestPortMatchesGoCohere_6434
unknown	github.com/system-inc/adamic/stage1/cohere/json	TestPortMatchesGoCohere_6556
unknown	github.com/system-inc/adamic/stage1/cohere/json	TestPortMatchesGoCohere_6558
unknown	github.com/system-inc/adamic/stage1/cohere/json	TestPortMatchesGoCohere_6435
unknown	github.com/system-inc/adamic/stage1/cohere/json	TestPortMatchesGoCohere_6432
unknown	github.com/system-inc/adamic/stage1/cohere/json	TestPortMatchesGoCohere_6554
unknown	github.com/system-inc/adamic/stage1/cohere/json	TestPortMatchesGoCohere_6433
unknown	github.com/system-inc/adamic/stage1/cohere/json	TestPortMatchesGoCohere_6555
unknown	github.com/system-inc/adamic/stage1/cohere/json	TestPortMatchesGoCohere_6431
unknown	github.com/system-inc/adamic/stage1/cohere/json	TestPortMatchesGoCohere_6553
unknown	github.com/system-inc/adamic/stage1/cohere/json	TestPortMatchesGoCohere_6430
unknown	github.com/system-inc/adamic/stage1/cohere/json	TestPortMatchesGoCohere_6550
unknown	github.com/system-inc/adamic/stage1/cohere/json	TestPortMatchesGoCohere_6429
unknown	github.com/system-inc/adamic/stage1/cohere/json	TestPortMatchesGoCohere_6551
unknown	github.com/system-inc/adamic/stage1/cohere/json	TestPortMatchesGoCohere_6428
unknown	github.com/system-inc/adamic/stage1/cohere/json	TestPortMatchesGoCohere_6548
unknown	github.com/system-inc/adamic/stage1/cohere/json	TestPortMatchesGoCohere_6549
unknown	github.com/system-inc/adamic/stage1/cohere/json	TestPortMatchesGoCohere_6552
unknown	github.com/system-inc/adamic/stage1/cohere/json	TestPortMatchesGoCohere_6547
unknown	github.com/system-inc/adamic/stage1/cohere/json	TestPortMatchesGoCohere_6427
unknown	github.com/system-inc/adamic/stage1/cohere/json	TestPortMatchesGoCohere_6426
unknown	github.com/system-inc/adamic/stage1/cohere/json	TestPortMatchesGoCohere_6425
unknown	github.com/system-inc/adamic/stage1/cohere/json	TestPortMatchesGoCohere_6546
unknown	github.com/system-inc/adamic/stage1/cohere/json	TestPortMatchesGoCohere_6545
unknown	github.com/system-inc/adamic/stage1/cohere/json	TestPortMatchesGoCohere_6544
unknown	github.com/system-inc/adamic/stage1/cohere/json	TestPortMatchesGoCohere_6423
unknown	github.com/system-inc/adamic/stage1/cohere/json	TestPortMatchesGoCohere_6424
unknown	github.com/system-inc/adamic/stage1/cohere/json	TestPortMatchesGoCohere_6542
unknown	github.com/system-inc/adamic/stage1/cohere/json	TestPortMatchesGoCohere_6543
unknown	github.com/system-inc/adamic/stage1/cohere/json	TestPortMatchesGoCohere_6422
unknown	github.com/system-inc/adamic/stage1/cohere/json	TestPortMatchesGoCohere_6335
unknown	github.com/system-inc/adamic/stage1/cohere/json	TestPortMatchesGoCohere_6541
unknown	github.com/system-inc/adamic/stage1/cohere/json	TestPortMatchesGoCohere_6421
unknown	github.com/system-inc/adamic/stage1/cohere/json	TestPortMatchesGoCohere_6420
unknown	github.com/system-inc/adamic/stage1/cohere/json	TestPortMatchesGoCohere_6540
unknown	github.com/system-inc/adamic/stage1/cohere/json	TestPortMatchesGoCohere_6539
unknown	github.com/system-inc/adamic/stage1/cohere/json	TestPortMatchesGoCohere_6419
unknown	github.com/system-inc/adamic/stage1/cohere/json	TestPortMatchesGoCohere_6538
unknown	github.com/system-inc/adamic/stage1/cohere/json	TestPortMatchesGoCohere_6535
unknown	github.com/system-inc/adamic/stage1/cohere/json	TestPortMatchesGoCohere_6418
unknown	github.com/system-inc/adamic/stage1/cohere/json	TestPortMatchesGoCohere_6536
unknown	github.com/system-inc/adamic/stage1/cohere/json	TestPortMatchesGoCohere_6537
unknown	github.com/system-inc/adamic/stage1/cohere/json	TestPortMatchesGoCohere_6534
unknown	github.com/system-inc/adamic/stage1/cohere/json	TestPortMatchesGoCohere_6417
unknown	github.com/system-inc/adamic/stage1/cohere/json	TestPortMatchesGoCohere_6531
unknown	github.com/system-inc/adamic/stage1/cohere/json	TestPortMatchesGoCohere_6533
unknown	github.com/system-inc/adamic/stage1/cohere/json	TestPortMatchesGoCohere_6416
unknown	github.com/system-inc/adamic/stage1/cohere/json	TestPortMatchesGoCohere_6532
unknown	github.com/system-inc/adamic/stage1/cohere/json	TestPortMatchesGoCohere_6415
unknown	github.com/system-inc/adamic/stage1/cohere/json	TestPortMatchesGoCohere_6529
unknown	github.com/system-inc/adamic/stage1/cohere/json	TestPortMatchesGoCohere_6530
unknown	github.com/system-inc/adamic/stage1/cohere/json	TestPortMatchesGoCohere_6414
unknown	github.com/system-inc/adamic/stage1/cohere/json	TestPortMatchesGoCohere_6528
unknown	github.com/system-inc/adamic/stage1/cohere/json	TestPortMatchesGoCohere_6413
unknown	github.com/system-inc/adamic/stage1/cohere/json	TestPortMatchesGoCohere_6412
unknown	github.com/system-inc/adamic/stage1/cohere/json	TestPortMatchesGoCohere_6527
unknown	github.com/system-inc/adamic/stage1/cohere/json	TestPortMatchesGoCohere_6411
unknown	github.com/system-inc/adamic/stage1/cohere/json	TestPortMatchesGoCohere_6526
unknown	github.com/system-inc/adamic/stage1/cohere/json	TestPortMatchesGoCohere_6525
unknown	github.com/system-inc/adamic/stage1/cohere/json	TestPortMatchesGoCohere_6524
unknown	github.com/system-inc/adamic/stage1/cohere/json	TestPortMatchesGoCohere_6410
unknown	github.com/system-inc/adamic/stage1/cohere/json	TestPortMatchesGoCohere_6408
unknown	github.com/system-inc/adamic/stage1/cohere/json	TestPortMatchesGoCohere_6523
unknown	github.com/system-inc/adamic/stage1/cohere/json	TestPortMatchesGoCohere_6409
unknown	github.com/system-inc/adamic/stage1/cohere/json	TestPortMatchesGoCohere_6407
unknown	github.com/system-inc/adamic/stage1/cohere/json	TestPortMatchesGoCohere_6393
unknown	github.com/system-inc/adamic/stage1/cohere/json	TestPortMatchesGoCohere_6406
unknown	github.com/system-inc/adamic/stage1/cohere/json	TestPortMatchesGoCohere_6334
unknown	github.com/system-inc/adamic/stage1/cohere/json	TestPortMatchesGoCohere_6405
unknown	github.com/system-inc/adamic/stage1/cohere/json	TestPortMatchesGoCohere_6521
unknown	github.com/system-inc/adamic/stage1/cohere/json	TestPortMatchesGoCohere_6404
unknown	github.com/system-inc/adamic/stage1/cohere/json	TestPortMatchesGoCohere_6520
unknown	github.com/system-inc/adamic/stage1/cohere/json	TestPortMatchesGoCohere_6403
unknown	github.com/system-inc/adamic/stage1/cohere/json	TestPortMatchesGoCohere_6402
unknown	github.com/system-inc/adamic/stage1/cohere/json	TestPortMatchesGoCohere_6518
unknown	github.com/system-inc/adamic/stage1/cohere/json	TestPortMatchesGoCohere_6519
unknown	github.com/system-inc/adamic/stage1/cohere/json	TestPortMatchesGoCohere_6517
unknown	github.com/system-inc/adamic/stage1/cohere/json	TestPortMatchesGoCohere_6400
unknown	github.com/system-inc/adamic/stage1/cohere/json	TestPortMatchesGoCohere_6399
unknown	github.com/system-inc/adamic/stage1/cohere/json	TestPortMatchesGoCohere_6401
unknown	github.com/system-inc/adamic/stage1/cohere/json	TestPortMatchesGoCohere_6516
unknown	github.com/system-inc/adamic/stage1/cohere/json	TestPortMatchesGoCohere_6397
unknown	github.com/system-inc/adamic/stage1/cohere/json	TestPortMatchesGoCohere_6515
unknown	github.com/system-inc/adamic/stage1/cohere/json	TestPortMatchesGoCohere_6398
unknown	github.com/system-inc/adamic/stage1/cohere/json	TestPortMatchesGoCohere_6396
unknown	github.com/system-inc/adamic/stage1/cohere/json	TestPortMatchesGoCohere_6514
unknown	github.com/system-inc/adamic/stage1/cohere/json	TestPortMatchesGoCohere_6513
unknown	github.com/system-inc/adamic/stage1/cohere/json	TestPortMatchesGoCohere_6395
unknown	github.com/system-inc/adamic/stage1/cohere/json	TestPortMatchesGoCohere_6512
unknown	github.com/system-inc/adamic/stage1/cohere/json	TestPortMatchesGoCohere_6394
unknown	github.com/system-inc/adamic/stage1/cohere/json	TestPortMatchesGoCohere_6264
unknown	github.com/system-inc/adamic/stage1/cohere/json	TestPortMatchesGoCohere_6511
unknown	github.com/system-inc/adamic/stage1/cohere/json	TestPortMatchesGoCohere_6510
unknown	github.com/system-inc/adamic/stage1/cohere/json	TestPortMatchesGoCohere_6509
unknown	github.com/system-inc/adamic/stage1/cohere/json	TestPortMatchesGoCohere_6392
unknown	github.com/system-inc/adamic/stage1/cohere/json	TestPortMatchesGoCohere_6508
unknown	github.com/system-inc/adamic/stage1/cohere/json	TestPortMatchesGoCohere_6391
unknown	github.com/system-inc/adamic/stage1/cohere/json	TestPortMatchesGoCohere_6507
unknown	github.com/system-inc/adamic/stage1/cohere/json	TestPortMatchesGoCohere_6505
unknown	github.com/system-inc/adamic/stage1/cohere/json	TestPortMatchesGoCohere_6389
unknown	github.com/system-inc/adamic/stage1/cohere/json	TestPortMatchesGoCohere_6390
unknown	github.com/system-inc/adamic/stage1/cohere/json	TestPortMatchesGoCohere_6504
unknown	github.com/system-inc/adamic/stage1/cohere/json	TestPortMatchesGoCohere_6506
unknown	github.com/system-inc/adamic/stage1/cohere/json	TestPortMatchesGoCohere_6503
unknown	github.com/system-inc/adamic/stage1/cohere/json	TestPortMatchesGoCohere_6386
unknown	github.com/system-inc/adamic/stage1/cohere/json	TestPortMatchesGoCohere_6387
unknown	github.com/system-inc/adamic/stage1/cohere/json	TestPortMatchesGoCohere_6502
unknown	github.com/system-inc/adamic/stage1/cohere/json	TestPortMatchesGoCohere_6385
unknown	github.com/system-inc/adamic/stage1/cohere/json	TestPortMatchesGoCohere_6384
unknown	github.com/system-inc/adamic/stage1/cohere/json	TestPortMatchesGoCohere_6388
unknown	github.com/system-inc/adamic/stage1/cohere/json	TestPortMatchesGoCohere_6383
unknown	github.com/system-inc/adamic/stage1/cohere/json	TestPortMatchesGoCohere_6501
unknown	github.com/system-inc/adamic/stage1/cohere/json	TestPortMatchesGoCohere_6500
unknown	github.com/system-inc/adamic/stage1/cohere/json	TestPortMatchesGoCohere_6499
unknown	github.com/system-inc/adamic/stage1/cohere/json	TestPortMatchesGoCohere_6381
unknown	github.com/system-inc/adamic/stage1/cohere/json	TestPortMatchesGoCohere_6380
unknown	github.com/system-inc/adamic/stage1/cohere/json	TestPortMatchesGoCohere_6379
unknown	github.com/system-inc/adamic/stage1/cohere/json	TestPortMatchesGoCohere_6382
unknown	github.com/system-inc/adamic/stage1/cohere/json	TestPortMatchesGoCohere_6498
unknown	github.com/system-inc/adamic/stage1/cohere/json	TestPortMatchesGoCohere_6378
unknown	github.com/system-inc/adamic/stage1/cohere/json	TestPortMatchesGoCohere_6497
unknown	github.com/system-inc/adamic/stage1/cohere/json	TestPortMatchesGoCohere_6632
unknown	github.com/system-inc/adamic/stage1/cohere/json	TestPortMatchesGoCohere_6496
unknown	github.com/system-inc/adamic/stage1/cohere/json	TestPortMatchesGoCohere_6631
unknown	github.com/system-inc/adamic/stage1/cohere/json	TestPortMatchesGoCohere_6377
unknown	github.com/system-inc/adamic/stage1/cohere/json	TestPortMatchesGoCohere_6494
unknown	github.com/system-inc/adamic/stage1/cohere/json	TestPortMatchesGoCohere_6630
unknown	github.com/system-inc/adamic/stage1/cohere/json	TestPortMatchesGoCohere_6495
unknown	github.com/system-inc/adamic/stage1/cohere/json	TestPortMatchesGoCohere_6376
unknown	github.com/system-inc/adamic/stage1/cohere/json	TestPortMatchesGoCohere_6493
unknown	github.com/system-inc/adamic/stage1/cohere/json	TestPortMatchesGoCohere_6629
unknown	github.com/system-inc/adamic/stage1/cohere/json	TestPortMatchesGoCohere_6375
unknown	github.com/system-inc/adamic/stage1/cohere/json	TestPortMatchesGoCohere_6492
unknown	github.com/system-inc/adamic/stage1/cohere/json	TestPortMatchesGoCohere_6374
unknown	github.com/system-inc/adamic/stage1/cohere/json	TestPortMatchesGoCohere_6628
unknown	github.com/system-inc/adamic/stage1/cohere/json	TestPortMatchesGoCohere_6491
unknown	github.com/system-inc/adamic/stage1/cohere/json	TestPortMatchesGoCohere_6373
unknown	github.com/system-inc/adamic/stage1/cohere/json	TestPortMatchesGoCohere_6490
unknown	github.com/system-inc/adamic/stage1/cohere/json	TestPortMatchesGoCohere_6627
unknown	github.com/system-inc/adamic/stage1/cohere/json	TestPortMatchesGoCohere_6372
unknown	github.com/system-inc/adamic/stage1/cohere/json	TestPortMatchesGoCohere_6371
unknown	github.com/system-inc/adamic/stage1/cohere/json	TestPortMatchesGoCohere_6488
unknown	github.com/system-inc/adamic/stage1/cohere/json	TestPortMatchesGoCohere_6489
unknown	github.com/system-inc/adamic/stage1/cohere/json	TestPortMatchesGoCohere_6487
unknown	github.com/system-inc/adamic/stage1/cohere/json	TestPortMatchesGoCohere_6333
unknown	github.com/system-inc/adamic/stage1/cohere/json	TestPortMatchesGoCohere_6486
unknown	github.com/system-inc/adamic/stage1/cohere/json	TestPortMatchesGoCohere_6626
unknown	github.com/system-inc/adamic/stage1/cohere/json	TestPortMatchesGoCohere_6485
unknown	github.com/system-inc/adamic/stage1/cohere/json	TestPortMatchesGoCohere_6370
unknown	github.com/system-inc/adamic/stage1/cohere/json	TestPortMatchesGoCohere_6369
unknown	github.com/system-inc/adamic/stage1/cohere/json	TestPortMatchesGoCohere_6368
unknown	github.com/system-inc/adamic/stage1/cohere/json	TestPortMatchesGoCohere_6484
unknown	github.com/system-inc/adamic/stage1/cohere/json	TestPortMatchesGoCohere_6625
unknown	github.com/system-inc/adamic/stage1/cohere/json	TestPortMatchesGoCohere_6483
unknown	github.com/system-inc/adamic/stage1/cohere/json	TestPortMatchesGoCohere_6367
unknown	github.com/system-inc/adamic/stage1/cohere/json	TestPortMatchesGoCohere_6624
unknown	github.com/system-inc/adamic/stage1/cohere/json	TestPortMatchesGoCohere_6482
unknown	github.com/system-inc/adamic/stage1/cohere/json	TestPortMatchesGoCohere_6481
unknown	github.com/system-inc/adamic/stage1/cohere/json	TestPortMatchesGoCohere_6366
unknown	github.com/system-inc/adamic/stage1/cohere/json	TestPortMatchesGoCohere_6622
unknown	github.com/system-inc/adamic/stage1/cohere/json	TestPortMatchesGoCohere_6621
unknown	github.com/system-inc/adamic/stage1/cohere/json	TestPortMatchesGoCohere_6623
unknown	github.com/system-inc/adamic/stage1/cohere/json	TestPortMatchesGoCohere_6480
unknown	github.com/system-inc/adamic/stage1/cohere/json	TestPortMatchesGoCohere_6365
unknown	github.com/system-inc/adamic/stage1/cohere/json	TestPortMatchesGoCohere_6620
unknown	github.com/system-inc/adamic/stage1/cohere/json	TestPortMatchesGoCohere_6619
unknown	github.com/system-inc/adamic/stage1/cohere/json	TestPortMatchesGoCohere_6364
unknown	github.com/system-inc/adamic/stage1/cohere/json	TestPortMatchesGoCohere_6618
unknown	github.com/system-inc/adamic/stage1/cohere/json	TestPortMatchesGoCohere_6479
unknown	github.com/system-inc/adamic/stage1/cohere/json	TestPortMatchesGoCohere_6617
unknown	github.com/system-inc/adamic/stage1/cohere/json	TestPortMatchesGoCohere_6363
unknown	github.com/system-inc/adamic/stage1/cohere/json	TestPortMatchesGoCohere_6478
unknown	github.com/system-inc/adamic/stage1/cohere/json	TestPortMatchesGoCohere_6332
unknown	github.com/system-inc/adamic/stage1/cohere/json	TestPortMatchesGoCohere_6615
unknown	github.com/system-inc/adamic/stage1/cohere/json	TestPortMatchesGoCohere_6616
unknown	github.com/system-inc/adamic/stage1/cohere/json	TestPortMatchesGoCohere_6362
unknown	github.com/system-inc/adamic/stage1/cohere/json	TestPortMatchesGoCohere_6477
unknown	github.com/system-inc/adamic/stage1/cohere/json	TestPortMatchesGoCohere_6476
unknown	github.com/system-inc/adamic/stage1/cohere/json	TestPortMatchesGoCohere_6614
unknown	github.com/system-inc/adamic/stage1/cohere/json	TestPortMatchesGoCohere_6613
unknown	github.com/system-inc/adamic/stage1/cohere/json	TestPortMatchesGoCohere_6361
unknown	github.com/system-inc/adamic/stage1/cohere/json	TestPortMatchesGoCohere_6360
unknown	github.com/system-inc/adamic/stage1/cohere/json	TestPortMatchesGoCohere_6475
unknown	github.com/system-inc/adamic/stage1/cohere/json	TestPortMatchesGoCohere_6474
unknown	github.com/system-inc/adamic/stage1/cohere/json	TestPortMatchesGoCohere_6611
unknown	github.com/system-inc/adamic/stage1/cohere/json	TestPortMatchesGoCohere_6358
unknown	github.com/system-inc/adamic/stage1/cohere/json	TestPortMatchesGoCohere_6359
unknown	github.com/system-inc/adamic/stage1/cohere/json	TestPortMatchesGoCohere_6612
unknown	github.com/system-inc/adamic/stage1/cohere/json	TestPortMatchesGoCohere_6473
unknown	github.com/system-inc/adamic/stage1/cohere/json	TestPortMatchesGoCohere_6610
unknown	github.com/system-inc/adamic/stage1/cohere/json	TestPortMatchesGoCohere_6356
unknown	github.com/system-inc/adamic/stage1/cohere/json	TestPortMatchesGoCohere_6357
unknown	github.com/system-inc/adamic/stage1/cohere/json	TestPortMatchesGoCohere_6472
unknown	github.com/system-inc/adamic/stage1/cohere/json	TestPortMatchesGoCohere_6355
unknown	github.com/system-inc/adamic/stage1/cohere/json	TestPortMatchesGoCohere_6609
unknown	github.com/system-inc/adamic/stage1/cohere/json	TestPortMatchesGoCohere_6608
unknown	github.com/system-inc/adamic/stage1/cohere/json	TestPortMatchesGoCohere_6354
unknown	github.com/system-inc/adamic/stage1/cohere/json	TestPortMatchesGoCohere_6469
unknown	github.com/system-inc/adamic/stage1/cohere/json	TestPortMatchesGoCohere_6471
unknown	github.com/system-inc/adamic/stage1/cohere/json	TestPortMatchesGoCohere_6470
unknown	github.com/system-inc/adamic/stage1/cohere/json	TestPortMatchesGoCohere_6468
unknown	github.com/system-inc/adamic/stage1/cohere/json	TestPortMatchesGoCohere_6466
unknown	github.com/system-inc/adamic/stage1/cohere/json	TestPortMatchesGoCohere_6467
unknown	github.com/system-inc/adamic/stage1/cohere/json	TestPortMatchesGoCohere_6331
unknown	github.com/system-inc/adamic/stage1/cohere/json	TestPortMatchesGoCohere_6329
unknown	github.com/system-inc/adamic/stage1/cohere/json	TestPortMatchesGoCohere_6330
unknown	github.com/system-inc/adamic/stage1/cohere/json	TestPortMatchesGoCohere_6465
unknown	github.com/system-inc/adamic/stage1/cohere/json	TestPortMatchesGoCohere_6353
unknown	github.com/system-inc/adamic/stage1/cohere/json	TestPortMatchesGoCohere_6328
unknown	github.com/system-inc/adamic/stage1/cohere/json	TestPortMatchesGoCohere_6326
unknown	github.com/system-inc/adamic/stage1/cohere/json	TestPortMatchesGoCohere_6325
unknown	github.com/system-inc/adamic/stage1/cohere/json	TestPortMatchesGoCohere_6352
unknown	github.com/system-inc/adamic/stage1/cohere/json	TestPortMatchesGoCohere_6203
unknown	github.com/system-inc/adamic/stage1/cohere/json	TestPortMatchesGoCohere_6327
unknown	github.com/system-inc/adamic/stage1/cohere/json	TestPortMatchesGoCohere_6324
unknown	github.com/system-inc/adamic/stage1/cohere/json	TestPortMatchesGoCohere_6322
unknown	github.com/system-inc/adamic/stage1/cohere/json	TestPortMatchesGoCohere_6323
unknown	github.com/system-inc/adamic/stage1/cohere/json	TestPortMatchesGoCohere_6350
unknown	github.com/system-inc/adamic/stage1/cohere/json	TestPortMatchesGoCohere_6351
unknown	github.com/system-inc/adamic/stage1/cohere/json	TestPortMatchesGoCohere_6607
unknown	github.com/system-inc/adamic/stage1/cohere/json	TestPortMatchesGoCohere_6349
unknown	github.com/system-inc/adamic/stage1/cohere/json	TestPortMatchesGoCohere_6321
unknown	github.com/system-inc/adamic/stage1/cohere/json	TestPortMatchesGoCohere_6347
unknown	github.com/system-inc/adamic/stage1/cohere/json	TestPortMatchesGoCohere_6319
unknown	github.com/system-inc/adamic/stage1/cohere/json	TestPortMatchesGoCohere_6320
unknown	github.com/system-inc/adamic/stage1/cohere/json	TestPortMatchesGoCohere_6348
unknown	github.com/system-inc/adamic/stage1/cohere/json	TestPortMatchesGoCohere_6606
unknown	github.com/system-inc/adamic/stage1/cohere/json	TestPortMatchesGoCohere_6346
unknown	github.com/system-inc/adamic/stage1/cohere/json	TestPortMatchesGoCohere_6318
unknown	github.com/system-inc/adamic/stage1/cohere/json	TestPortMatchesGoCohere_6605
unknown	github.com/system-inc/adamic/stage1/cohere/json	TestPortMatchesGoCohere_6604
unknown	github.com/system-inc/adamic/stage1/cohere/json	TestPortMatchesGoCohere_6317
unknown	github.com/system-inc/adamic/stage1/cohere/json	TestPortMatchesGoCohere_6344
unknown	github.com/system-inc/adamic/stage1/cohere/json	TestPortMatchesGoCohere_6603
unknown	github.com/system-inc/adamic/stage1/cohere/json	TestPortMatchesGoCohere_6345
unknown	github.com/system-inc/adamic/stage1/cohere/json	TestPortMatchesGoCohere_6316
unknown	github.com/system-inc/adamic/stage1/cohere/json	TestPortMatchesGoCohere_6314
unknown	github.com/system-inc/adamic/stage1/cohere/json	TestPortMatchesGoCohere_6343
unknown	github.com/system-inc/adamic/stage1/cohere/json	TestPortMatchesGoCohere_6342
unknown	github.com/system-inc/adamic/stage1/cohere/json	TestPortMatchesGoCohere_6602
unknown	github.com/system-inc/adamic/stage1/cohere/json	TestPortMatchesGoCohere_6315
unknown	github.com/system-inc/adamic/stage1/cohere/json	TestPortMatchesGoCohere_6601
unknown	github.com/system-inc/adamic/stage1/cohere/json	TestPortMatchesGoCohere_6313
unknown	github.com/system-inc/adamic/stage1/cohere/json	TestPortMatchesGoCohere_6341
unknown	github.com/system-inc/adamic/stage1/cohere/json	TestPortMatchesGoCohere_6312
unknown	github.com/system-inc/adamic/stage1/cohere/json	TestPortMatchesGoCohere_6599
unknown	github.com/system-inc/adamic/stage1/cohere/json	TestPortMatchesGoCohere_6600
unknown	github.com/system-inc/adamic/stage1/cohere/json	TestPortMatchesGoCohere_6339
unknown	github.com/system-inc/adamic/stage1/cohere/json	TestPortMatchesGoCohere_6340
unknown	github.com/system-inc/adamic/stage1/cohere/json	TestPortMatchesGoCohere_6311
unknown	github.com/system-inc/adamic/stage1/cohere/json	TestPortMatchesGoCohere_6598
unknown	github.com/system-inc/adamic/stage1/cohere/json	TestPortMatchesGoCohere_6337
unknown	github.com/system-inc/adamic/stage1/cohere/json	TestPortMatchesGoCohere_6596
unknown	github.com/system-inc/adamic/stage1/cohere/json	TestPortMatchesGoCohere_6597
unknown	github.com/system-inc/adamic/stage1/cohere/json	TestPortMatchesGoCohere_6308
unknown	github.com/system-inc/adamic/stage1/cohere/json	TestPortMatchesGoCohere_6338
unknown	github.com/system-inc/adamic/stage1/cohere/json	TestPortMatchesGoCohere_6310
unknown	github.com/system-inc/adamic/stage1/cohere/json	TestPortMatchesGoCohere_6309
unknown	github.com/system-inc/adamic/stage1/cohere/json	TestPortMatchesGoCohere_6202
unknown	github.com/system-inc/adamic/stage1/cohere/json	TestPortMatchesGoCohere_6307
unknown	github.com/system-inc/adamic/stage1/cohere/json	TestPortMatchesGoCohere_6305
unknown	github.com/system-inc/adamic/stage1/cohere/json	TestPortMatchesGoCohere_6306
unknown	github.com/system-inc/adamic/stage1/cohere/json	TestPortMatchesGoCohere_6303
unknown	github.com/system-inc/adamic/stage1/cohere/json	TestPortMatchesGoCohere_6304
unknown	github.com/system-inc/adamic/stage1/cohere/json	TestPortMatchesGoCohere_6074
unknown	github.com/system-inc/adamic/stage1/cohere/json	TestPortMatchesGoCohere_6072
unknown	github.com/system-inc/adamic/stage1/cohere/json	TestPortMatchesGoCohere_6073
unknown	github.com/system-inc/adamic/stage1/cohere/json	TestPortMatchesGoCohere_6201
unknown	github.com/system-inc/adamic/stage1/cohere/json	TestPortMatchesGoCohere_6070
unknown	github.com/system-inc/adamic/stage1/cohere/json	TestPortMatchesGoCohere_6071
unknown	github.com/system-inc/adamic/stage1/cohere/json	TestPortMatchesGoCohere_6199
unknown	github.com/system-inc/adamic/stage1/cohere/json	TestPortMatchesGoCohere_6069
unknown	github.com/system-inc/adamic/stage1/cohere/json	TestPortMatchesGoCohere_6200
unknown	github.com/system-inc/adamic/stage1/cohere/json	TestPortMatchesGoCohere_6068
unknown	github.com/system-inc/adamic/stage1/cohere/json	TestPortMatchesGoCohere_6198
unknown	github.com/system-inc/adamic/stage1/cohere/json	TestPortMatchesGoCohere_6065
unknown	github.com/system-inc/adamic/stage1/cohere/json	TestPortMatchesGoCohere_6067
unknown	github.com/system-inc/adamic/stage1/cohere/json	TestPortMatchesGoCohere_6064
unknown	github.com/system-inc/adamic/stage1/cohere/json	TestPortMatchesGoCohere_6066
unknown	github.com/system-inc/adamic/stage1/cohere/json	TestPortMatchesGoCohere_6197
unknown	github.com/system-inc/adamic/stage1/cohere/json	TestPortMatchesGoCohere_6196
unknown	github.com/system-inc/adamic/stage1/cohere/json	TestPortMatchesGoCohere_6062
unknown	github.com/system-inc/adamic/stage1/cohere/json	TestPortMatchesGoCohere_6195
unknown	github.com/system-inc/adamic/stage1/cohere/json	TestPortMatchesGoCohere_6063
unknown	github.com/system-inc/adamic/stage1/cohere/json	TestPortMatchesGoCohere_6302
unknown	github.com/system-inc/adamic/stage1/cohere/json	TestPortMatchesGoCohere_6194
unknown	github.com/system-inc/adamic/stage1/cohere/json	TestPortMatchesGoCohere_6301
unknown	github.com/system-inc/adamic/stage1/cohere/json	TestPortMatchesGoCohere_6193
unknown	github.com/system-inc/adamic/stage1/cohere/json	TestPortMatchesGoCohere_6061
unknown	github.com/system-inc/adamic/stage1/cohere/json	TestPortMatchesGoCohere_6060
unknown	github.com/system-inc/adamic/stage1/cohere/json	TestPortMatchesGoCohere_6300
unknown	github.com/system-inc/adamic/stage1/cohere/json	TestPortMatchesGoCohere_6192
unknown	github.com/system-inc/adamic/stage1/cohere/json	TestPortMatchesGoCohere_6299
unknown	github.com/system-inc/adamic/stage1/cohere/json	TestPortMatchesGoCohere_6059
unknown	github.com/system-inc/adamic/stage1/cohere/json	TestPortMatchesGoCohere_6191
unknown	github.com/system-inc/adamic/stage1/cohere/json	TestPortMatchesGoCohere_6058
unknown	github.com/system-inc/adamic/stage1/cohere/json	TestPortMatchesGoCohere_6298
unknown	github.com/system-inc/adamic/stage1/cohere/json	TestPortMatchesGoCohere_6057
unknown	github.com/system-inc/adamic/stage1/cohere/json	TestPortMatchesGoCohere_6056
unknown	github.com/system-inc/adamic/stage1/cohere/json	TestPortMatchesGoCohere_6190
unknown	github.com/system-inc/adamic/stage1/cohere/json	TestPortMatchesGoCohere_6297
unknown	github.com/system-inc/adamic/stage1/cohere/json	TestPortMatchesGoCohere_6055
unknown	github.com/system-inc/adamic/stage1/cohere/json	TestPortMatchesGoCohere_6054
unknown	github.com/system-inc/adamic/stage1/cohere/json	TestPortMatchesGoCohere_6189
unknown	github.com/system-inc/adamic/stage1/cohere/json	TestPortMatchesGoCohere_6296
unknown	github.com/system-inc/adamic/stage1/cohere/json	TestPortMatchesGoCohere_6187
unknown	github.com/system-inc/adamic/stage1/cohere/json	TestPortMatchesGoCohere_6053
unknown	github.com/system-inc/adamic/stage1/cohere/json	TestPortMatchesGoCohere_6295
unknown	github.com/system-inc/adamic/stage1/cohere/json	TestPortMatchesGoCohere_6294
unknown	github.com/system-inc/adamic/stage1/cohere/json	TestPortMatchesGoCohere_6188
unknown	github.com/system-inc/adamic/stage1/cohere/json	TestPortMatchesGoCohere_6186
unknown	github.com/system-inc/adamic/stage1/cohere/json	TestPortMatchesGoCohere_6293
unknown	github.com/system-inc/adamic/stage1/cohere/json	TestPortMatchesGoCohere_6050
unknown	github.com/system-inc/adamic/stage1/cohere/json	TestPortMatchesGoCohere_6052
unknown	github.com/system-inc/adamic/stage1/cohere/json	TestPortMatchesGoCohere_6051
unknown	github.com/system-inc/adamic/stage1/cohere/json	TestPortMatchesGoCohere_6185
unknown	github.com/system-inc/adamic/stage1/cohere/json	TestPortMatchesGoCohere_6292
unknown	github.com/system-inc/adamic/stage1/cohere/json	TestPortMatchesGoCohere_6049
unknown	github.com/system-inc/adamic/stage1/cohere/json	TestPortMatchesGoCohere_6048
unknown	github.com/system-inc/adamic/stage1/cohere/json	TestPortMatchesGoCohere_5946
unknown	github.com/system-inc/adamic/stage1/cohere/json	TestPortMatchesGoCohere_6047
unknown	github.com/system-inc/adamic/stage1/cohere/json	TestPortMatchesGoCohere_6183
unknown	github.com/system-inc/adamic/stage1/cohere/json	TestPortMatchesGoCohere_6046
unknown	github.com/system-inc/adamic/stage1/cohere/json	TestPortMatchesGoCohere_6182
unknown	github.com/system-inc/adamic/stage1/cohere/json	TestPortMatchesGoCohere_6184
unknown	github.com/system-inc/adamic/stage1/cohere/json	TestPortMatchesGoCohere_6181
unknown	github.com/system-inc/adamic/stage1/cohere/json	TestPortMatchesGoCohere_6291
unknown	github.com/system-inc/adamic/stage1/cohere/json	TestPortMatchesGoCohere_6180
unknown	github.com/system-inc/adamic/stage1/cohere/json	TestPortMatchesGoCohere_6290
unknown	github.com/system-inc/adamic/stage1/cohere/json	TestPortMatchesGoCohere_6043
unknown	github.com/system-inc/adamic/stage1/cohere/json	TestPortMatchesGoCohere_6044
unknown	github.com/system-inc/adamic/stage1/cohere/json	TestPortMatchesGoCohere_6042
unknown	github.com/system-inc/adamic/stage1/cohere/json	TestPortMatchesGoCohere_6179
unknown	github.com/system-inc/adamic/stage1/cohere/json	TestPortMatchesGoCohere_6289
unknown	github.com/system-inc/adamic/stage1/cohere/json	TestPortMatchesGoCohere_6288
unknown	github.com/system-inc/adamic/stage1/cohere/json	TestPortMatchesGoCohere_6041
unknown	github.com/system-inc/adamic/stage1/cohere/json	TestPortMatchesGoCohere_6045
unknown	github.com/system-inc/adamic/stage1/cohere/json	TestPortMatchesGoCohere_6178
unknown	github.com/system-inc/adamic/stage1/cohere/json	TestPortMatchesGoCohere_6039
unknown	github.com/system-inc/adamic/stage1/cohere/json	TestPortMatchesGoCohere_6040
unknown	github.com/system-inc/adamic/stage1/cohere/json	TestPortMatchesGoCohere_6287
unknown	github.com/system-inc/adamic/stage1/cohere/json	TestPortMatchesGoCohere_6176
unknown	github.com/system-inc/adamic/stage1/cohere/json	TestPortMatchesGoCohere_6037
unknown	github.com/system-inc/adamic/stage1/cohere/json	TestPortMatchesGoCohere_6177
unknown	github.com/system-inc/adamic/stage1/cohere/json	TestPortMatchesGoCohere_6038
unknown	github.com/system-inc/adamic/stage1/cohere/json	TestPortMatchesGoCohere_6286
unknown	github.com/system-inc/adamic/stage1/cohere/json	TestPortMatchesGoCohere_6285
unknown	github.com/system-inc/adamic/stage1/cohere/json	TestPortMatchesGoCohere_6175
unknown	github.com/system-inc/adamic/stage1/cohere/json	TestPortMatchesGoCohere_6284
unknown	github.com/system-inc/adamic/stage1/cohere/json	TestPortMatchesGoCohere_6174
unknown	github.com/system-inc/adamic/stage1/cohere/json	TestPortMatchesGoCohere_6036
unknown	github.com/system-inc/adamic/stage1/cohere/json	TestPortMatchesGoCohere_6282
unknown	github.com/system-inc/adamic/stage1/cohere/json	TestPortMatchesGoCohere_6173
unknown	github.com/system-inc/adamic/stage1/cohere/json	TestPortMatchesGoCohere_6035
unknown	github.com/system-inc/adamic/stage1/cohere/json	TestPortMatchesGoCohere_6283
unknown	github.com/system-inc/adamic/stage1/cohere/json	TestPortMatchesGoCohere_6281
unknown	github.com/system-inc/adamic/stage1/cohere/json	TestPortMatchesGoCohere_6280
unknown	github.com/system-inc/adamic/stage1/cohere/json	TestPortMatchesGoCohere_6034
unknown	github.com/system-inc/adamic/stage1/cohere/json	TestPortMatchesGoCohere_6172
unknown	github.com/system-inc/adamic/stage1/cohere/json	TestPortMatchesGoCohere_6171
unknown	github.com/system-inc/adamic/stage1/cohere/json	TestPortMatchesGoCohere_6033
unknown	github.com/system-inc/adamic/stage1/cohere/json	TestPortMatchesGoCohere_6279
unknown	github.com/system-inc/adamic/stage1/cohere/json	TestPortMatchesGoCohere_6170
unknown	github.com/system-inc/adamic/stage1/cohere/json	TestPortMatchesGoCohere_6278
unknown	github.com/system-inc/adamic/stage1/cohere/json	TestPortMatchesGoCohere_6032
unknown	github.com/system-inc/adamic/stage1/cohere/json	TestPortMatchesGoCohere_6169
unknown	github.com/system-inc/adamic/stage1/cohere/json	TestPortMatchesGoCohere_6277
unknown	github.com/system-inc/adamic/stage1/cohere/json	TestPortMatchesGoCohere_5945
unknown	github.com/system-inc/adamic/stage1/cohere/json	TestPortMatchesGoCohere_6031
unknown	github.com/system-inc/adamic/stage1/cohere/json	TestPortMatchesGoCohere_6030
unknown	github.com/system-inc/adamic/stage1/cohere/json	TestPortMatchesGoCohere_6276
unknown	github.com/system-inc/adamic/stage1/cohere/json	TestPortMatchesGoCohere_6028
unknown	github.com/system-inc/adamic/stage1/cohere/json	TestPortMatchesGoCohere_6168
unknown	github.com/system-inc/adamic/stage1/cohere/json	TestPortMatchesGoCohere_6029
unknown	github.com/system-inc/adamic/stage1/cohere/json	TestPortMatchesGoCohere_6275
unknown	github.com/system-inc/adamic/stage1/cohere/json	TestPortMatchesGoCohere_6167
unknown	github.com/system-inc/adamic/stage1/cohere/json	TestPortMatchesGoCohere_6274
unknown	github.com/system-inc/adamic/stage1/cohere/json	TestPortMatchesGoCohere_6027
unknown	github.com/system-inc/adamic/stage1/cohere/json	TestPortMatchesGoCohere_6166
unknown	github.com/system-inc/adamic/stage1/cohere/json	TestPortMatchesGoCohere_6026
unknown	github.com/system-inc/adamic/stage1/cohere/json	TestPortMatchesGoCohere_6165
unknown	github.com/system-inc/adamic/stage1/cohere/json	TestPortMatchesGoCohere_6025
unknown	github.com/system-inc/adamic/stage1/cohere/json	TestPortMatchesGoCohere_6273
unknown	github.com/system-inc/adamic/stage1/cohere/json	TestPortMatchesGoCohere_6024
unknown	github.com/system-inc/adamic/stage1/cohere/json	TestPortMatchesGoCohere_6164
unknown	github.com/system-inc/adamic/stage1/cohere/json	TestPortMatchesGoCohere_6023
unknown	github.com/system-inc/adamic/stage1/cohere/json	TestPortMatchesGoCohere_6272
unknown	github.com/system-inc/adamic/stage1/cohere/json	TestPortMatchesGoCohere_6163
unknown	github.com/system-inc/adamic/stage1/cohere/json	TestPortMatchesGoCohere_6271
unknown	github.com/system-inc/adamic/stage1/cohere/json	TestPortMatchesGoCohere_6022
unknown	github.com/system-inc/adamic/stage1/cohere/json	TestPortMatchesGoCohere_6021
unknown	github.com/system-inc/adamic/stage1/cohere/json	TestPortMatchesGoCohere_6162
unknown	github.com/system-inc/adamic/stage1/cohere/json	TestPortMatchesGoCohere_6269
unknown	github.com/system-inc/adamic/stage1/cohere/json	TestPortMatchesGoCohere_6270
unknown	github.com/system-inc/adamic/stage1/cohere/json	TestPortMatchesGoCohere_6020
unknown	github.com/system-inc/adamic/stage1/cohere/json	TestPortMatchesGoCohere_6161
unknown	github.com/system-inc/adamic/stage1/cohere/json	TestPortMatchesGoCohere_5944
unknown	github.com/system-inc/adamic/stage1/cohere/json	TestPortMatchesGoCohere_6018
unknown	github.com/system-inc/adamic/stage1/cohere/json	TestPortMatchesGoCohere_6019
unknown	github.com/system-inc/adamic/stage1/cohere/json	TestPortMatchesGoCohere_6160
unknown	github.com/system-inc/adamic/stage1/cohere/json	TestPortMatchesGoCohere_6017
unknown	github.com/system-inc/adamic/stage1/cohere/json	TestPortMatchesGoCohere_6159
unknown	github.com/system-inc/adamic/stage1/cohere/json	TestPortMatchesGoCohere_6268
unknown	github.com/system-inc/adamic/stage1/cohere/json	TestPortMatchesGoCohere_6016
unknown	github.com/system-inc/adamic/stage1/cohere/json	TestPortMatchesGoCohere_6267
unknown	github.com/system-inc/adamic/stage1/cohere/json	TestPortMatchesGoCohere_6158
unknown	github.com/system-inc/adamic/stage1/cohere/json	TestPortMatchesGoCohere_6266
unknown	github.com/system-inc/adamic/stage1/cohere/json	TestPortMatchesGoCohere_6157
unknown	github.com/system-inc/adamic/stage1/cohere/json	TestPortMatchesGoCohere_6014
unknown	github.com/system-inc/adamic/stage1/cohere/json	TestPortMatchesGoCohere_6265
unknown	github.com/system-inc/adamic/stage1/cohere/json	TestPortMatchesGoCohere_6015
unknown	github.com/system-inc/adamic/stage1/cohere/json	TestPortMatchesGoCohere_6155
unknown	github.com/system-inc/adamic/stage1/cohere/json	TestPortMatchesGoCohere_6156
unknown	github.com/system-inc/adamic/stage1/cohere/json	TestPortMatchesGoCohere_6012
unknown	github.com/system-inc/adamic/stage1/cohere/json	TestPortMatchesGoCohere_6135
unknown	github.com/system-inc/adamic/stage1/cohere/json	TestPortMatchesGoCohere_6154
unknown	github.com/system-inc/adamic/stage1/cohere/json	TestPortMatchesGoCohere_6013
unknown	github.com/system-inc/adamic/stage1/cohere/json	TestPortMatchesGoCohere_6011
unknown	github.com/system-inc/adamic/stage1/cohere/json	TestPortMatchesGoCohere_6263
unknown	github.com/system-inc/adamic/stage1/cohere/json	TestPortMatchesGoCohere_6153
unknown	github.com/system-inc/adamic/stage1/cohere/json	TestPortMatchesGoCohere_6010
unknown	github.com/system-inc/adamic/stage1/cohere/json	TestPortMatchesGoCohere_6262
unknown	github.com/system-inc/adamic/stage1/cohere/json	TestPortMatchesGoCohere_6151
unknown	github.com/system-inc/adamic/stage1/cohere/json	TestPortMatchesGoCohere_6009
unknown	github.com/system-inc/adamic/stage1/cohere/json	TestPortMatchesGoCohere_6261
unknown	github.com/system-inc/adamic/stage1/cohere/json	TestPortMatchesGoCohere_6260
unknown	github.com/system-inc/adamic/stage1/cohere/json	TestPortMatchesGoCohere_6150
unknown	github.com/system-inc/adamic/stage1/cohere/json	TestPortMatchesGoCohere_6259
unknown	github.com/system-inc/adamic/stage1/cohere/json	TestPortMatchesGoCohere_6152
unknown	github.com/system-inc/adamic/stage1/cohere/json	TestPortMatchesGoCohere_6007
unknown	github.com/system-inc/adamic/stage1/cohere/json	TestPortMatchesGoCohere_6008
unknown	github.com/system-inc/adamic/stage1/cohere/json	TestPortMatchesGoCohere_6148
unknown	github.com/system-inc/adamic/stage1/cohere/json	TestPortMatchesGoCohere_6149
unknown	github.com/system-inc/adamic/stage1/cohere/json	TestPortMatchesGoCohere_6258
unknown	github.com/system-inc/adamic/stage1/cohere/json	TestPortMatchesGoCohere_5877
unknown	github.com/system-inc/adamic/stage1/cohere/json	TestPortMatchesGoCohere_6256
unknown	github.com/system-inc/adamic/stage1/cohere/json	TestPortMatchesGoCohere_6147
unknown	github.com/system-inc/adamic/stage1/cohere/json	TestPortMatchesGoCohere_6257
unknown	github.com/system-inc/adamic/stage1/cohere/json	TestPortMatchesGoCohere_6003
unknown	github.com/system-inc/adamic/stage1/cohere/json	TestPortMatchesGoCohere_6146
unknown	github.com/system-inc/adamic/stage1/cohere/json	TestPortMatchesGoCohere_6005
unknown	github.com/system-inc/adamic/stage1/cohere/json	TestPortMatchesGoCohere_6002
unknown	github.com/system-inc/adamic/stage1/cohere/json	TestPortMatchesGoCohere_6004
unknown	github.com/system-inc/adamic/stage1/cohere/json	TestPortMatchesGoCohere_6145
unknown	github.com/system-inc/adamic/stage1/cohere/json	TestPortMatchesGoCohere_6254
unknown	github.com/system-inc/adamic/stage1/cohere/json	TestPortMatchesGoCohere_6001
unknown	github.com/system-inc/adamic/stage1/cohere/json	TestPortMatchesGoCohere_6255
unknown	github.com/system-inc/adamic/stage1/cohere/json	TestPortMatchesGoCohere_6144
unknown	github.com/system-inc/adamic/stage1/cohere/json	TestPortMatchesGoCohere_5999
unknown	github.com/system-inc/adamic/stage1/cohere/json	TestPortMatchesGoCohere_6143
unknown	github.com/system-inc/adamic/stage1/cohere/json	TestPortMatchesGoCohere_6000
unknown	github.com/system-inc/adamic/stage1/cohere/json	TestPortMatchesGoCohere_6142
unknown	github.com/system-inc/adamic/stage1/cohere/json	TestPortMatchesGoCohere_5997
unknown	github.com/system-inc/adamic/stage1/cohere/json	TestPortMatchesGoCohere_5998
unknown	github.com/system-inc/adamic/stage1/cohere/json	TestPortMatchesGoCohere_6253
unknown	github.com/system-inc/adamic/stage1/cohere/json	TestPortMatchesGoCohere_6252
unknown	github.com/system-inc/adamic/stage1/cohere/json	TestPortMatchesGoCohere_6140
unknown	github.com/system-inc/adamic/stage1/cohere/json	TestPortMatchesGoCohere_5995
unknown	github.com/system-inc/adamic/stage1/cohere/json	TestPortMatchesGoCohere_6139
unknown	github.com/system-inc/adamic/stage1/cohere/json	TestPortMatchesGoCohere_5994
unknown	github.com/system-inc/adamic/stage1/cohere/json	TestPortMatchesGoCohere_5996
unknown	github.com/system-inc/adamic/stage1/cohere/json	TestPortMatchesGoCohere_6138
unknown	github.com/system-inc/adamic/stage1/cohere/json	TestPortMatchesGoCohere_6141
unknown	github.com/system-inc/adamic/stage1/cohere/json	TestPortMatchesGoCohere_5993
unknown	github.com/system-inc/adamic/stage1/cohere/json	TestPortMatchesGoCohere_6251
unknown	github.com/system-inc/adamic/stage1/cohere/json	TestPortMatchesGoCohere_6250
unknown	github.com/system-inc/adamic/stage1/cohere/json	TestPortMatchesGoCohere_6137
unknown	github.com/system-inc/adamic/stage1/cohere/json	TestPortMatchesGoCohere_5992
unknown	github.com/system-inc/adamic/stage1/cohere/json	TestPortMatchesGoCohere_6134
unknown	github.com/system-inc/adamic/stage1/cohere/json	TestPortMatchesGoCohere_6132
unknown	github.com/system-inc/adamic/stage1/cohere/json	TestPortMatchesGoCohere_6006
unknown	github.com/system-inc/adamic/stage1/cohere/json	TestPortMatchesGoCohere_6136
unknown	github.com/system-inc/adamic/stage1/cohere/json	TestPortMatchesGoCohere_6133
unknown	github.com/system-inc/adamic/stage1/cohere/json	TestPortMatchesGoCohere_5991
unknown	github.com/system-inc/adamic/stage1/cohere/json	TestPortMatchesGoCohere_6130
unknown	github.com/system-inc/adamic/stage1/cohere/json	TestPortMatchesGoCohere_6131
unknown	github.com/system-inc/adamic/stage1/cohere/json	TestPortMatchesGoCohere_5990
unknown	github.com/system-inc/adamic/stage1/cohere/json	TestPortMatchesGoCohere_5989
unknown	github.com/system-inc/adamic/stage1/cohere/json	TestPortMatchesGoCohere_6129
unknown	github.com/system-inc/adamic/stage1/cohere/json	TestPortMatchesGoCohere_5988
unknown	github.com/system-inc/adamic/stage1/cohere/json	TestPortMatchesGoCohere_6128
unknown	github.com/system-inc/adamic/stage1/cohere/json	TestPortMatchesGoCohere_5986
unknown	github.com/system-inc/adamic/stage1/cohere/json	TestPortMatchesGoCohere_5987
unknown	github.com/system-inc/adamic/stage1/cohere/json	TestPortMatchesGoCohere_6127
unknown	github.com/system-inc/adamic/stage1/cohere/json	TestPortMatchesGoCohere_5943
unknown	github.com/system-inc/adamic/stage1/cohere/json	TestPortMatchesGoCohere_6126
unknown	github.com/system-inc/adamic/stage1/cohere/json	TestPortMatchesGoCohere_6125
unknown	github.com/system-inc/adamic/stage1/cohere/json	TestPortMatchesGoCohere_5985
unknown	github.com/system-inc/adamic/stage1/cohere/json	TestPortMatchesGoCohere_6124
unknown	github.com/system-inc/adamic/stage1/cohere/json	TestPortMatchesGoCohere_5983
unknown	github.com/system-inc/adamic/stage1/cohere/json	TestPortMatchesGoCohere_5984
unknown	github.com/system-inc/adamic/stage1/cohere/json	TestPortMatchesGoCohere_6123
unknown	github.com/system-inc/adamic/stage1/cohere/json	TestPortMatchesGoCohere_6122
unknown	github.com/system-inc/adamic/stage1/cohere/json	TestPortMatchesGoCohere_5982
unknown	github.com/system-inc/adamic/stage1/cohere/json	TestPortMatchesGoCohere_5981
unknown	github.com/system-inc/adamic/stage1/cohere/json	TestPortMatchesGoCohere_6121
unknown	github.com/system-inc/adamic/stage1/cohere/json	TestPortMatchesGoCohere_6120
unknown	github.com/system-inc/adamic/stage1/cohere/json	TestPortMatchesGoCohere_5980
unknown	github.com/system-inc/adamic/stage1/cohere/json	TestPortMatchesGoCohere_5979
unknown	github.com/system-inc/adamic/stage1/cohere/json	TestPortMatchesGoCohere_6119
unknown	github.com/system-inc/adamic/stage1/cohere/json	TestPortMatchesGoCohere_6118
unknown	github.com/system-inc/adamic/stage1/cohere/json	TestPortMatchesGoCohere_5978
unknown	github.com/system-inc/adamic/stage1/cohere/json	TestPortMatchesGoCohere_5977
unknown	github.com/system-inc/adamic/stage1/cohere/json	TestPortMatchesGoCohere_6117
unknown	github.com/system-inc/adamic/stage1/cohere/json	TestPortMatchesGoCohere_5976
unknown	github.com/system-inc/adamic/stage1/cohere/json	TestPortMatchesGoCohere_6116
unknown	github.com/system-inc/adamic/stage1/cohere/json	TestPortMatchesGoCohere_5975
unknown	github.com/system-inc/adamic/stage1/cohere/json	TestPortMatchesGoCohere_5973
unknown	github.com/system-inc/adamic/stage1/cohere/json	TestPortMatchesGoCohere_5972
unknown	github.com/system-inc/adamic/stage1/cohere/json	TestPortMatchesGoCohere_6114
unknown	github.com/system-inc/adamic/stage1/cohere/json	TestPortMatchesGoCohere_6115
unknown	github.com/system-inc/adamic/stage1/cohere/json	TestPortMatchesGoCohere_5974
unknown	github.com/system-inc/adamic/stage1/cohere/json	TestPortMatchesGoCohere_6113
unknown	github.com/system-inc/adamic/stage1/cohere/json	TestPortMatchesGoCohere_5971
unknown	github.com/system-inc/adamic/stage1/cohere/json	TestPortMatchesGoCohere_5970
unknown	github.com/system-inc/adamic/stage1/cohere/json	TestPortMatchesGoCohere_5969
unknown	github.com/system-inc/adamic/stage1/cohere/json	TestPortMatchesGoCohere_5968
unknown	github.com/system-inc/adamic/stage1/cohere/json	TestPortMatchesGoCohere_6111
unknown	github.com/system-inc/adamic/stage1/cohere/json	TestPortMatchesGoCohere_6110
unknown	github.com/system-inc/adamic/stage1/cohere/json	TestPortMatchesGoCohere_6109
unknown	github.com/system-inc/adamic/stage1/cohere/json	TestPortMatchesGoCohere_5942
unknown	github.com/system-inc/adamic/stage1/cohere/json	TestPortMatchesGoCohere_5966
unknown	github.com/system-inc/adamic/stage1/cohere/json	TestPortMatchesGoCohere_6112
unknown	github.com/system-inc/adamic/stage1/cohere/json	TestPortMatchesGoCohere_6108
unknown	github.com/system-inc/adamic/stage1/cohere/json	TestPortMatchesGoCohere_5964
unknown	github.com/system-inc/adamic/stage1/cohere/json	TestPortMatchesGoCohere_6107
unknown	github.com/system-inc/adamic/stage1/cohere/json	TestPortMatchesGoCohere_5965
unknown	github.com/system-inc/adamic/stage1/cohere/json	TestPortMatchesGoCohere_5967
unknown	github.com/system-inc/adamic/stage1/cohere/json	TestPortMatchesGoCohere_5963
unknown	github.com/system-inc/adamic/stage1/cohere/json	TestPortMatchesGoCohere_5962
unknown	github.com/system-inc/adamic/stage1/cohere/json	TestPortMatchesGoCohere_6106
unknown	github.com/system-inc/adamic/stage1/cohere/json	TestPortMatchesGoCohere_6104
unknown	github.com/system-inc/adamic/stage1/cohere/json	TestPortMatchesGoCohere_6105
unknown	github.com/system-inc/adamic/stage1/cohere/json	TestPortMatchesGoCohere_5960
unknown	github.com/system-inc/adamic/stage1/cohere/json	TestPortMatchesGoCohere_5961
unknown	github.com/system-inc/adamic/stage1/cohere/json	TestPortMatchesGoCohere_6103
unknown	github.com/system-inc/adamic/stage1/cohere/json	TestPortMatchesGoCohere_5958
unknown	github.com/system-inc/adamic/stage1/cohere/json	TestPortMatchesGoCohere_5959
unknown	github.com/system-inc/adamic/stage1/cohere/json	TestPortMatchesGoCohere_6100
unknown	github.com/system-inc/adamic/stage1/cohere/json	TestPortMatchesGoCohere_5957
unknown	github.com/system-inc/adamic/stage1/cohere/json	TestPortMatchesGoCohere_6101
unknown	github.com/system-inc/adamic/stage1/cohere/json	TestPortMatchesGoCohere_6102
unknown	github.com/system-inc/adamic/stage1/cohere/json	TestPortMatchesGoCohere_6099
unknown	github.com/system-inc/adamic/stage1/cohere/json	TestPortMatchesGoCohere_5956
unknown	github.com/system-inc/adamic/stage1/cohere/json	TestPortMatchesGoCohere_5955
unknown	github.com/system-inc/adamic/stage1/cohere/json	TestPortMatchesGoCohere_5953
unknown	github.com/system-inc/adamic/stage1/cohere/json	TestPortMatchesGoCohere_5952
unknown	github.com/system-inc/adamic/stage1/cohere/json	TestPortMatchesGoCohere_6098
unknown	github.com/system-inc/adamic/stage1/cohere/json	TestPortMatchesGoCohere_5948
unknown	github.com/system-inc/adamic/stage1/cohere/json	TestPortMatchesGoCohere_5949
unknown	github.com/system-inc/adamic/stage1/cohere/json	TestPortMatchesGoCohere_5950
unknown	github.com/system-inc/adamic/stage1/cohere/json	TestPortMatchesGoCohere_5951
unknown	github.com/system-inc/adamic/stage1/cohere/json	TestPortMatchesGoCohere_5954
unknown	github.com/system-inc/adamic/stage1/cohere/json	TestPortMatchesGoCohere_6095
unknown	github.com/system-inc/adamic/stage1/cohere/json	TestPortMatchesGoCohere_6097
unknown	github.com/system-inc/adamic/stage1/cohere/json	TestPortMatchesGoCohere_6096
unknown	github.com/system-inc/adamic/stage1/cohere/json	TestPortMatchesGoCohere_5947
unknown	github.com/system-inc/adamic/stage1/cohere/json	TestPortMatchesGoCohere_6094
unknown	github.com/system-inc/adamic/stage1/cohere/json	TestPortMatchesGoCohere_6093
unknown	github.com/system-inc/adamic/stage1/cohere/json	TestPortMatchesGoCohere_6092
unknown	github.com/system-inc/adamic/stage1/cohere/json	TestPortMatchesGoCohere_5941
unknown	github.com/system-inc/adamic/stage1/cohere/json	TestPortMatchesGoCohere_5939
unknown	github.com/system-inc/adamic/stage1/cohere/json	TestPortMatchesGoCohere_6091
unknown	github.com/system-inc/adamic/stage1/cohere/json	TestPortMatchesGoCohere_5938
unknown	github.com/system-inc/adamic/stage1/cohere/json	TestPortMatchesGoCohere_6090
unknown	github.com/system-inc/adamic/stage1/cohere/json	TestPortMatchesGoCohere_6089
unknown	github.com/system-inc/adamic/stage1/cohere/json	TestPortMatchesGoCohere_5937
unknown	github.com/system-inc/adamic/stage1/cohere/json	TestPortMatchesGoCohere_6088
unknown	github.com/system-inc/adamic/stage1/cohere/json	TestPortMatchesGoCohere_5936
unknown	github.com/system-inc/adamic/stage1/cohere/json	TestPortMatchesGoCohere_5940
unknown	github.com/system-inc/adamic/stage1/cohere/json	TestPortMatchesGoCohere_6087
unknown	github.com/system-inc/adamic/stage1/cohere/json	TestPortMatchesGoCohere_6086
unknown	github.com/system-inc/adamic/stage1/cohere/json	TestPortMatchesGoCohere_5935
unknown	github.com/system-inc/adamic/stage1/cohere/json	TestPortMatchesGoCohere_6084
unknown	github.com/system-inc/adamic/stage1/cohere/json	TestPortMatchesGoCohere_6085
unknown	github.com/system-inc/adamic/stage1/cohere/json	TestPortMatchesGoCohere_5934
unknown	github.com/system-inc/adamic/stage1/cohere/json	TestPortMatchesGoCohere_5933
unknown	github.com/system-inc/adamic/stage1/cohere/json	TestPortMatchesGoCohere_5932
unknown	github.com/system-inc/adamic/stage1/cohere/json	TestPortMatchesGoCohere_6083
unknown	github.com/system-inc/adamic/stage1/cohere/json	TestPortMatchesGoCohere_5931
unknown	github.com/system-inc/adamic/stage1/cohere/json	TestPortMatchesGoCohere_6081
unknown	github.com/system-inc/adamic/stage1/cohere/json	TestPortMatchesGoCohere_5930
unknown	github.com/system-inc/adamic/stage1/cohere/json	TestPortMatchesGoCohere_6082
unknown	github.com/system-inc/adamic/stage1/cohere/json	TestPortMatchesGoCohere_6080
unknown	github.com/system-inc/adamic/stage1/cohere/json	TestPortMatchesGoCohere_5929
unknown	github.com/system-inc/adamic/stage1/cohere/json	TestPortMatchesGoCohere_6079
unknown	github.com/system-inc/adamic/stage1/cohere/json	TestPortMatchesGoCohere_5928
unknown	github.com/system-inc/adamic/stage1/cohere/json	TestPortMatchesGoCohere_5927
unknown	github.com/system-inc/adamic/stage1/cohere/json	TestPortMatchesGoCohere_6078
unknown	github.com/system-inc/adamic/stage1/cohere/json	TestPortMatchesGoCohere_6077
unknown	github.com/system-inc/adamic/stage1/cohere/json	TestPortMatchesGoCohere_5926
unknown	github.com/system-inc/adamic/stage1/cohere/json	TestPortMatchesGoCohere_5925
unknown	github.com/system-inc/adamic/stage1/cohere/json	TestPortMatchesGoCohere_6076
unknown	github.com/system-inc/adamic/stage1/cohere/json	TestPortMatchesGoCohere_6075
unknown	github.com/system-inc/adamic/stage1/cohere/json	TestPortMatchesGoCohere_5924
unknown	github.com/system-inc/adamic/stage1/cohere/json	TestPortMatchesGoCohere_5923
unknown	github.com/system-inc/adamic/stage1/cohere/json	TestPortMatchesGoCohere_5921
unknown	github.com/system-inc/adamic/stage1/cohere/json	TestPortMatchesGoCohere_5922
unknown	github.com/system-inc/adamic/stage1/cohere/json	TestPortMatchesGoCohere_5685
unknown	github.com/system-inc/adamic/stage1/cohere/json	TestPortMatchesGoCohere_5812
unknown	github.com/system-inc/adamic/stage1/cohere/json	TestPortMatchesGoCohere_5813
unknown	github.com/system-inc/adamic/stage1/cohere/json	TestPortMatchesGoCohere_5920
unknown	github.com/system-inc/adamic/stage1/cohere/json	TestPortMatchesGoCohere_5811
unknown	github.com/system-inc/adamic/stage1/cohere/json	TestPortMatchesGoCohere_5919
unknown	github.com/system-inc/adamic/stage1/cohere/json	TestPortMatchesGoCohere_5810
unknown	github.com/system-inc/adamic/stage1/cohere/json	TestPortMatchesGoCohere_5918
unknown	github.com/system-inc/adamic/stage1/cohere/json	TestPortMatchesGoCohere_5809
unknown	github.com/system-inc/adamic/stage1/cohere/json	TestPortMatchesGoCohere_5808
unknown	github.com/system-inc/adamic/stage1/cohere/json	TestPortMatchesGoCohere_5917
unknown	github.com/system-inc/adamic/stage1/cohere/json	TestPortMatchesGoCohere_5807
unknown	github.com/system-inc/adamic/stage1/cohere/json	TestPortMatchesGoCohere_5915
unknown	github.com/system-inc/adamic/stage1/cohere/json	TestPortMatchesGoCohere_5916
unknown	github.com/system-inc/adamic/stage1/cohere/json	TestPortMatchesGoCohere_5914
unknown	github.com/system-inc/adamic/stage1/cohere/json	TestPortMatchesGoCohere_5806
unknown	github.com/system-inc/adamic/stage1/cohere/json	TestPortMatchesGoCohere_5805
unknown	github.com/system-inc/adamic/stage1/cohere/json	TestPortMatchesGoCohere_5804
unknown	github.com/system-inc/adamic/stage1/cohere/json	TestPortMatchesGoCohere_5913
unknown	github.com/system-inc/adamic/stage1/cohere/json	TestPortMatchesGoCohere_5803
unknown	github.com/system-inc/adamic/stage1/cohere/json	TestPortMatchesGoCohere_5911
unknown	github.com/system-inc/adamic/stage1/cohere/json	TestPortMatchesGoCohere_5912
unknown	github.com/system-inc/adamic/stage1/cohere/json	TestPortMatchesGoCohere_5801
unknown	github.com/system-inc/adamic/stage1/cohere/json	TestPortMatchesGoCohere_5802
unknown	github.com/system-inc/adamic/stage1/cohere/json	TestPortMatchesGoCohere_5910
unknown	github.com/system-inc/adamic/stage1/cohere/json	TestPortMatchesGoCohere_5908
unknown	github.com/system-inc/adamic/stage1/cohere/json	TestPortMatchesGoCohere_5906
unknown	github.com/system-inc/adamic/stage1/cohere/json	TestPortMatchesGoCohere_5909
unknown	github.com/system-inc/adamic/stage1/cohere/json	TestPortMatchesGoCohere_5800
unknown	github.com/system-inc/adamic/stage1/cohere/json	TestPortMatchesGoCohere_5907
unknown	github.com/system-inc/adamic/stage1/cohere/json	TestPortMatchesGoCohere_5905
unknown	github.com/system-inc/adamic/stage1/cohere/json	TestPortMatchesGoCohere_5903
unknown	github.com/system-inc/adamic/stage1/cohere/json	TestPortMatchesGoCohere_5798
unknown	github.com/system-inc/adamic/stage1/cohere/json	TestPortMatchesGoCohere_5799
unknown	github.com/system-inc/adamic/stage1/cohere/json	TestPortMatchesGoCohere_5902
unknown	github.com/system-inc/adamic/stage1/cohere/json	TestPortMatchesGoCohere_5904
unknown	github.com/system-inc/adamic/stage1/cohere/json	TestPortMatchesGoCohere_5797
unknown	github.com/system-inc/adamic/stage1/cohere/json	TestPortMatchesGoCohere_5901
unknown	github.com/system-inc/adamic/stage1/cohere/json	TestPortMatchesGoCohere_5796
unknown	github.com/system-inc/adamic/stage1/cohere/json	TestPortMatchesGoCohere_5900
unknown	github.com/system-inc/adamic/stage1/cohere/json	TestPortMatchesGoCohere_5899
unknown	github.com/system-inc/adamic/stage1/cohere/json	TestPortMatchesGoCohere_5898
unknown	github.com/system-inc/adamic/stage1/cohere/json	TestPortMatchesGoCohere_5795
unknown	github.com/system-inc/adamic/stage1/cohere/json	TestPortMatchesGoCohere_5897
unknown	github.com/system-inc/adamic/stage1/cohere/json	TestPortMatchesGoCohere_5793
unknown	github.com/system-inc/adamic/stage1/cohere/json	TestPortMatchesGoCohere_5794
unknown	github.com/system-inc/adamic/stage1/cohere/json	TestPortMatchesGoCohere_5895
unknown	github.com/system-inc/adamic/stage1/cohere/json	TestPortMatchesGoCohere_5896
unknown	github.com/system-inc/adamic/stage1/cohere/json	TestPortMatchesGoCohere_5792
unknown	github.com/system-inc/adamic/stage1/cohere/json	TestPortMatchesGoCohere_5894
unknown	github.com/system-inc/adamic/stage1/cohere/json	TestPortMatchesGoCohere_5892
unknown	github.com/system-inc/adamic/stage1/cohere/json	TestPortMatchesGoCohere_5893
unknown	github.com/system-inc/adamic/stage1/cohere/json	TestPortMatchesGoCohere_5791
unknown	github.com/system-inc/adamic/stage1/cohere/json	TestPortMatchesGoCohere_5890
unknown	github.com/system-inc/adamic/stage1/cohere/json	TestPortMatchesGoCohere_5891
unknown	github.com/system-inc/adamic/stage1/cohere/json	TestPortMatchesGoCohere_5888
unknown	github.com/system-inc/adamic/stage1/cohere/json	TestPortMatchesGoCohere_5889
unknown	github.com/system-inc/adamic/stage1/cohere/json	TestPortMatchesGoCohere_5789
unknown	github.com/system-inc/adamic/stage1/cohere/json	TestPortMatchesGoCohere_5887
unknown	github.com/system-inc/adamic/stage1/cohere/json	TestPortMatchesGoCohere_5790
unknown	github.com/system-inc/adamic/stage1/cohere/json	TestPortMatchesGoCohere_5885
unknown	github.com/system-inc/adamic/stage1/cohere/json	TestPortMatchesGoCohere_5788
unknown	github.com/system-inc/adamic/stage1/cohere/json	TestPortMatchesGoCohere_5883
unknown	github.com/system-inc/adamic/stage1/cohere/json	TestPortMatchesGoCohere_5787
unknown	github.com/system-inc/adamic/stage1/cohere/json	TestPortMatchesGoCohere_5684
unknown	github.com/system-inc/adamic/stage1/cohere/json	TestPortMatchesGoCohere_5884
unknown	github.com/system-inc/adamic/stage1/cohere/json	TestPortMatchesGoCohere_5882
unknown	github.com/system-inc/adamic/stage1/cohere/json	TestPortMatchesGoCohere_5786
unknown	github.com/system-inc/adamic/stage1/cohere/json	TestPortMatchesGoCohere_5881
unknown	github.com/system-inc/adamic/stage1/cohere/json	TestPortMatchesGoCohere_5880
unknown	github.com/system-inc/adamic/stage1/cohere/json	TestPortMatchesGoCohere_5879
unknown	github.com/system-inc/adamic/stage1/cohere/json	TestPortMatchesGoCohere_5784
unknown	github.com/system-inc/adamic/stage1/cohere/json	TestPortMatchesGoCohere_5785
unknown	github.com/system-inc/adamic/stage1/cohere/json	TestPortMatchesGoCohere_5878
unknown	github.com/system-inc/adamic/stage1/cohere/json	TestPortMatchesGoCohere_5876
unknown	github.com/system-inc/adamic/stage1/cohere/json	TestPortMatchesGoCohere_5748
unknown	github.com/system-inc/adamic/stage1/cohere/json	TestPortMatchesGoCohere_5782
unknown	github.com/system-inc/adamic/stage1/cohere/json	TestPortMatchesGoCohere_5783
unknown	github.com/system-inc/adamic/stage1/cohere/json	TestPortMatchesGoCohere_5886
unknown	github.com/system-inc/adamic/stage1/cohere/json	TestPortMatchesGoCohere_5781
unknown	github.com/system-inc/adamic/stage1/cohere/json	TestPortMatchesGoCohere_5874
unknown	github.com/system-inc/adamic/stage1/cohere/json	TestPortMatchesGoCohere_5873
unknown	github.com/system-inc/adamic/stage1/cohere/json	TestPortMatchesGoCohere_5875
unknown	github.com/system-inc/adamic/stage1/cohere/json	TestPortMatchesGoCohere_5779
unknown	github.com/system-inc/adamic/stage1/cohere/json	TestPortMatchesGoCohere_5778
unknown	github.com/system-inc/adamic/stage1/cohere/json	TestPortMatchesGoCohere_5871
unknown	github.com/system-inc/adamic/stage1/cohere/json	TestPortMatchesGoCohere_5872
unknown	github.com/system-inc/adamic/stage1/cohere/json	TestPortMatchesGoCohere_5777
unknown	github.com/system-inc/adamic/stage1/cohere/json	TestPortMatchesGoCohere_5776
unknown	github.com/system-inc/adamic/stage1/cohere/json	TestPortMatchesGoCohere_5780
unknown	github.com/system-inc/adamic/stage1/cohere/json	TestPortMatchesGoCohere_5870
unknown	github.com/system-inc/adamic/stage1/cohere/json	TestPortMatchesGoCohere_5775
unknown	github.com/system-inc/adamic/stage1/cohere/json	TestPortMatchesGoCohere_5774
unknown	github.com/system-inc/adamic/stage1/cohere/json	TestPortMatchesGoCohere_5869
unknown	github.com/system-inc/adamic/stage1/cohere/json	TestPortMatchesGoCohere_5773
unknown	github.com/system-inc/adamic/stage1/cohere/json	TestPortMatchesGoCohere_5868
unknown	github.com/system-inc/adamic/stage1/cohere/json	TestPortMatchesGoCohere_5867
unknown	github.com/system-inc/adamic/stage1/cohere/json	TestPortMatchesGoCohere_5772
unknown	github.com/system-inc/adamic/stage1/cohere/json	TestPortMatchesGoCohere_5771
unknown	github.com/system-inc/adamic/stage1/cohere/json	TestPortMatchesGoCohere_5865
unknown	github.com/system-inc/adamic/stage1/cohere/json	TestPortMatchesGoCohere_5866
unknown	github.com/system-inc/adamic/stage1/cohere/json	TestPortMatchesGoCohere_5864
unknown	github.com/system-inc/adamic/stage1/cohere/json	TestPortMatchesGoCohere_5770
unknown	github.com/system-inc/adamic/stage1/cohere/json	TestPortMatchesGoCohere_5862
unknown	github.com/system-inc/adamic/stage1/cohere/json	TestPortMatchesGoCohere_5769
unknown	github.com/system-inc/adamic/stage1/cohere/json	TestPortMatchesGoCohere_5863
unknown	github.com/system-inc/adamic/stage1/cohere/json	TestPortMatchesGoCohere_5861
unknown	github.com/system-inc/adamic/stage1/cohere/json	TestPortMatchesGoCohere_5768
unknown	github.com/system-inc/adamic/stage1/cohere/json	TestPortMatchesGoCohere_5683
unknown	github.com/system-inc/adamic/stage1/cohere/json	TestPortMatchesGoCohere_5860
unknown	github.com/system-inc/adamic/stage1/cohere/json	TestPortMatchesGoCohere_5767
unknown	github.com/system-inc/adamic/stage1/cohere/json	TestPortMatchesGoCohere_5766
unknown	github.com/system-inc/adamic/stage1/cohere/json	TestPortMatchesGoCohere_5859
unknown	github.com/system-inc/adamic/stage1/cohere/json	TestPortMatchesGoCohere_5765
unknown	github.com/system-inc/adamic/stage1/cohere/json	TestPortMatchesGoCohere_5858
unknown	github.com/system-inc/adamic/stage1/cohere/json	TestPortMatchesGoCohere_5764
unknown	github.com/system-inc/adamic/stage1/cohere/json	TestPortMatchesGoCohere_5856
unknown	github.com/system-inc/adamic/stage1/cohere/json	TestPortMatchesGoCohere_5855
unknown	github.com/system-inc/adamic/stage1/cohere/json	TestPortMatchesGoCohere_5763
unknown	github.com/system-inc/adamic/stage1/cohere/json	TestPortMatchesGoCohere_5857
unknown	github.com/system-inc/adamic/stage1/cohere/json	TestPortMatchesGoCohere_5854
unknown	github.com/system-inc/adamic/stage1/cohere/json	TestPortMatchesGoCohere_5762
unknown	github.com/system-inc/adamic/stage1/cohere/json	TestPortMatchesGoCohere_5853
unknown	github.com/system-inc/adamic/stage1/cohere/json	TestPortMatchesGoCohere_5852
unknown	github.com/system-inc/adamic/stage1/cohere/json	TestPortMatchesGoCohere_5761
unknown	github.com/system-inc/adamic/stage1/cohere/json	TestPortMatchesGoCohere_5851
unknown	github.com/system-inc/adamic/stage1/cohere/json	TestPortMatchesGoCohere_5850
unknown	github.com/system-inc/adamic/stage1/cohere/json	TestPortMatchesGoCohere_5759
unknown	github.com/system-inc/adamic/stage1/cohere/json	TestPortMatchesGoCohere_5849
unknown	github.com/system-inc/adamic/stage1/cohere/json	TestPortMatchesGoCohere_5760
unknown	github.com/system-inc/adamic/stage1/cohere/json	TestPortMatchesGoCohere_5758
unknown	github.com/system-inc/adamic/stage1/cohere/json	TestPortMatchesGoCohere_5848
unknown	github.com/system-inc/adamic/stage1/cohere/json	TestPortMatchesGoCohere_5757
unknown	github.com/system-inc/adamic/stage1/cohere/json	TestPortMatchesGoCohere_5847
unknown	github.com/system-inc/adamic/stage1/cohere/json	TestPortMatchesGoCohere_5756
unknown	github.com/system-inc/adamic/stage1/cohere/json	TestPortMatchesGoCohere_5846
unknown	github.com/system-inc/adamic/stage1/cohere/json	TestPortMatchesGoCohere_5844
unknown	github.com/system-inc/adamic/stage1/cohere/json	TestPortMatchesGoCohere_5845
unknown	github.com/system-inc/adamic/stage1/cohere/json	TestPortMatchesGoCohere_5755
unknown	github.com/system-inc/adamic/stage1/cohere/json	TestPortMatchesGoCohere_5843
unknown	github.com/system-inc/adamic/stage1/cohere/json	TestPortMatchesGoCohere_5754
unknown	github.com/system-inc/adamic/stage1/cohere/json	TestPortMatchesGoCohere_5842
unknown	github.com/system-inc/adamic/stage1/cohere/json	TestPortMatchesGoCohere_5841
unknown	github.com/system-inc/adamic/stage1/cohere/json	TestPortMatchesGoCohere_5753
unknown	github.com/system-inc/adamic/stage1/cohere/json	TestPortMatchesGoCohere_5840
unknown	github.com/system-inc/adamic/stage1/cohere/json	TestPortMatchesGoCohere_5752
unknown	github.com/system-inc/adamic/stage1/cohere/json	TestPortMatchesGoCohere_5839
unknown	github.com/system-inc/adamic/stage1/cohere/json	TestPortMatchesGoCohere_5751
unknown	github.com/system-inc/adamic/stage1/cohere/json	TestPortMatchesGoCohere_5838
unknown	github.com/system-inc/adamic/stage1/cohere/json	TestPortMatchesGoCohere_5837
unknown	github.com/system-inc/adamic/stage1/cohere/json	TestPortMatchesGoCohere_5750
unknown	github.com/system-inc/adamic/stage1/cohere/json	TestPortMatchesGoCohere_5749
unknown	github.com/system-inc/adamic/stage1/cohere/json	TestPortMatchesGoCohere_5836
unknown	github.com/system-inc/adamic/stage1/cohere/json	TestPortMatchesGoCohere_5835
unknown	github.com/system-inc/adamic/stage1/cohere/json	TestPortMatchesGoCohere_5619
unknown	github.com/system-inc/adamic/stage1/cohere/json	TestPortMatchesGoCohere_5747
unknown	github.com/system-inc/adamic/stage1/cohere/json	TestPortMatchesGoCohere_5834
unknown	github.com/system-inc/adamic/stage1/cohere/json	TestPortMatchesGoCohere_5833
unknown	github.com/system-inc/adamic/stage1/cohere/json	TestPortMatchesGoCohere_5746
unknown	github.com/system-inc/adamic/stage1/cohere/json	TestPortMatchesGoCohere_5745
unknown	github.com/system-inc/adamic/stage1/cohere/json	TestPortMatchesGoCohere_5832
unknown	github.com/system-inc/adamic/stage1/cohere/json	TestPortMatchesGoCohere_5831
unknown	github.com/system-inc/adamic/stage1/cohere/json	TestPortMatchesGoCohere_5830
unknown	github.com/system-inc/adamic/stage1/cohere/json	TestPortMatchesGoCohere_5829
unknown	github.com/system-inc/adamic/stage1/cohere/json	TestPortMatchesGoCohere_5827
unknown	github.com/system-inc/adamic/stage1/cohere/json	TestPortMatchesGoCohere_5744
unknown	github.com/system-inc/adamic/stage1/cohere/json	TestPortMatchesGoCohere_5743
unknown	github.com/system-inc/adamic/stage1/cohere/json	TestPortMatchesGoCohere_5828
unknown	github.com/system-inc/adamic/stage1/cohere/json	TestPortMatchesGoCohere_5742
unknown	github.com/system-inc/adamic/stage1/cohere/json	TestPortMatchesGoCohere_5826
unknown	github.com/system-inc/adamic/stage1/cohere/json	TestPortMatchesGoCohere_5741
unknown	github.com/system-inc/adamic/stage1/cohere/json	TestPortMatchesGoCohere_5738
unknown	github.com/system-inc/adamic/stage1/cohere/json	TestPortMatchesGoCohere_5739
unknown	github.com/system-inc/adamic/stage1/cohere/json	TestPortMatchesGoCohere_5824
unknown	github.com/system-inc/adamic/stage1/cohere/json	TestPortMatchesGoCohere_5740
unknown	github.com/system-inc/adamic/stage1/cohere/json	TestPortMatchesGoCohere_5737
unknown	github.com/system-inc/adamic/stage1/cohere/json	TestPortMatchesGoCohere_5823
unknown	github.com/system-inc/adamic/stage1/cohere/json	TestPortMatchesGoCohere_5736
unknown	github.com/system-inc/adamic/stage1/cohere/json	TestPortMatchesGoCohere_5822
unknown	github.com/system-inc/adamic/stage1/cohere/json	TestPortMatchesGoCohere_5735
unknown	github.com/system-inc/adamic/stage1/cohere/json	TestPortMatchesGoCohere_5734
unknown	github.com/system-inc/adamic/stage1/cohere/json	TestPortMatchesGoCohere_5733
unknown	github.com/system-inc/adamic/stage1/cohere/json	TestPortMatchesGoCohere_5820
unknown	github.com/system-inc/adamic/stage1/cohere/json	TestPortMatchesGoCohere_5821
unknown	github.com/system-inc/adamic/stage1/cohere/json	TestPortMatchesGoCohere_5819
unknown	github.com/system-inc/adamic/stage1/cohere/json	TestPortMatchesGoCohere_5825
unknown	github.com/system-inc/adamic/stage1/cohere/json	TestPortMatchesGoCohere_5732
unknown	github.com/system-inc/adamic/stage1/cohere/json	TestPortMatchesGoCohere_5818
unknown	github.com/system-inc/adamic/stage1/cohere/json	TestPortMatchesGoCohere_5730
unknown	github.com/system-inc/adamic/stage1/cohere/json	TestPortMatchesGoCohere_5817
unknown	github.com/system-inc/adamic/stage1/cohere/json	TestPortMatchesGoCohere_5816
unknown	github.com/system-inc/adamic/stage1/cohere/json	TestPortMatchesGoCohere_5815
unknown	github.com/system-inc/adamic/stage1/cohere/json	TestPortMatchesGoCohere_5814
unknown	github.com/system-inc/adamic/stage1/cohere/json	TestPortMatchesGoCohere_5729
unknown	github.com/system-inc/adamic/stage1/cohere/json	TestPortMatchesGoCohere_5728
unknown	github.com/system-inc/adamic/stage1/cohere/json	TestPortMatchesGoCohere_5681
unknown	github.com/system-inc/adamic/stage1/cohere/json	TestPortMatchesGoCohere_5682
unknown	github.com/system-inc/adamic/stage1/cohere/json	TestPortMatchesGoCohere_5731
unknown	github.com/system-inc/adamic/stage1/cohere/json	TestPortMatchesGoCohere_5554
unknown	github.com/system-inc/adamic/stage1/cohere/json	TestPortMatchesGoCohere_5727
unknown	github.com/system-inc/adamic/stage1/cohere/json	TestPortMatchesGoCohere_5680
unknown	github.com/system-inc/adamic/stage1/cohere/json	TestPortMatchesGoCohere_5679
unknown	github.com/system-inc/adamic/stage1/cohere/json	TestPortMatchesGoCohere_5678
unknown	github.com/system-inc/adamic/stage1/cohere/json	TestPortMatchesGoCohere_5677
unknown	github.com/system-inc/adamic/stage1/cohere/json	TestPortMatchesGoCohere_5725
unknown	github.com/system-inc/adamic/stage1/cohere/json	TestPortMatchesGoCohere_5676
unknown	github.com/system-inc/adamic/stage1/cohere/json	TestPortMatchesGoCohere_5726
unknown	github.com/system-inc/adamic/stage1/cohere/json	TestPortMatchesGoCohere_5724
unknown	github.com/system-inc/adamic/stage1/cohere/json	TestPortMatchesGoCohere_5723
unknown	github.com/system-inc/adamic/stage1/cohere/json	TestPortMatchesGoCohere_5675
unknown	github.com/system-inc/adamic/stage1/cohere/json	TestPortMatchesGoCohere_5674
unknown	github.com/system-inc/adamic/stage1/cohere/json	TestPortMatchesGoCohere_5722
unknown	github.com/system-inc/adamic/stage1/cohere/json	TestPortMatchesGoCohere_5673
unknown	github.com/system-inc/adamic/stage1/cohere/json	TestPortMatchesGoCohere_5721
unknown	github.com/system-inc/adamic/stage1/cohere/json	TestPortMatchesGoCohere_5672
unknown	github.com/system-inc/adamic/stage1/cohere/json	TestPortMatchesGoCohere_5720
unknown	github.com/system-inc/adamic/stage1/cohere/json	TestPortMatchesGoCohere_5671
unknown	github.com/system-inc/adamic/stage1/cohere/json	TestPortMatchesGoCohere_5719
unknown	github.com/system-inc/adamic/stage1/cohere/json	TestPortMatchesGoCohere_5670
unknown	github.com/system-inc/adamic/stage1/cohere/json	TestPortMatchesGoCohere_5669
unknown	github.com/system-inc/adamic/stage1/cohere/json	TestPortMatchesGoCohere_5717
unknown	github.com/system-inc/adamic/stage1/cohere/json	TestPortMatchesGoCohere_5667
unknown	github.com/system-inc/adamic/stage1/cohere/json	TestPortMatchesGoCohere_5718
unknown	github.com/system-inc/adamic/stage1/cohere/json	TestPortMatchesGoCohere_5668
unknown	github.com/system-inc/adamic/stage1/cohere/json	TestPortMatchesGoCohere_5553
unknown	github.com/system-inc/adamic/stage1/cohere/json	TestPortMatchesGoCohere_5666
unknown	github.com/system-inc/adamic/stage1/cohere/json	TestPortMatchesGoCohere_5716
unknown	github.com/system-inc/adamic/stage1/cohere/json	TestPortMatchesGoCohere_5664
unknown	github.com/system-inc/adamic/stage1/cohere/json	TestPortMatchesGoCohere_5665
unknown	github.com/system-inc/adamic/stage1/cohere/json	TestPortMatchesGoCohere_5715
unknown	github.com/system-inc/adamic/stage1/cohere/json	TestPortMatchesGoCohere_5663
unknown	github.com/system-inc/adamic/stage1/cohere/json	TestPortMatchesGoCohere_5714
unknown	github.com/system-inc/adamic/stage1/cohere/json	TestPortMatchesGoCohere_5662
unknown	github.com/system-inc/adamic/stage1/cohere/json	TestPortMatchesGoCohere_5713
unknown	github.com/system-inc/adamic/stage1/cohere/json	TestPortMatchesGoCohere_5661
unknown	github.com/system-inc/adamic/stage1/cohere/json	TestPortMatchesGoCohere_5711
unknown	github.com/system-inc/adamic/stage1/cohere/json	TestPortMatchesGoCohere_5712
unknown	github.com/system-inc/adamic/stage1/cohere/json	TestPortMatchesGoCohere_5659
unknown	github.com/system-inc/adamic/stage1/cohere/json	TestPortMatchesGoCohere_5710
unknown	github.com/system-inc/adamic/stage1/cohere/json	TestPortMatchesGoCohere_5660
unknown	github.com/system-inc/adamic/stage1/cohere/json	TestPortMatchesGoCohere_5658
unknown	github.com/system-inc/adamic/stage1/cohere/json	TestPortMatchesGoCohere_5657
unknown	github.com/system-inc/adamic/stage1/cohere/json	TestPortMatchesGoCohere_5709
unknown	github.com/system-inc/adamic/stage1/cohere/json	TestPortMatchesGoCohere_5656
unknown	github.com/system-inc/adamic/stage1/cohere/json	TestPortMatchesGoCohere_5708
unknown	github.com/system-inc/adamic/stage1/cohere/json	TestPortMatchesGoCohere_5707
unknown	github.com/system-inc/adamic/stage1/cohere/json	TestPortMatchesGoCohere_5655
unknown	github.com/system-inc/adamic/stage1/cohere/json	TestPortMatchesGoCohere_5705
unknown	github.com/system-inc/adamic/stage1/cohere/json	TestPortMatchesGoCohere_5706
unknown	github.com/system-inc/adamic/stage1/cohere/json	TestPortMatchesGoCohere_5704
unknown	github.com/system-inc/adamic/stage1/cohere/json	TestPortMatchesGoCohere_5654
unknown	github.com/system-inc/adamic/stage1/cohere/json	TestPortMatchesGoCohere_5652
unknown	github.com/system-inc/adamic/stage1/cohere/json	TestPortMatchesGoCohere_5653
unknown	github.com/system-inc/adamic/stage1/cohere/json	TestPortMatchesGoCohere_5702
unknown	github.com/system-inc/adamic/stage1/cohere/json	TestPortMatchesGoCohere_5703
unknown	github.com/system-inc/adamic/stage1/cohere/json	TestPortMatchesGoCohere_5650
unknown	github.com/system-inc/adamic/stage1/cohere/json	TestPortMatchesGoCohere_5649
unknown	github.com/system-inc/adamic/stage1/cohere/json	TestPortMatchesGoCohere_5651
unknown	github.com/system-inc/adamic/stage1/cohere/json	TestPortMatchesGoCohere_5700
unknown	github.com/system-inc/adamic/stage1/cohere/json	TestPortMatchesGoCohere_5701
unknown	github.com/system-inc/adamic/stage1/cohere/json	TestPortMatchesGoCohere_5648
unknown	github.com/system-inc/adamic/stage1/cohere/json	TestPortMatchesGoCohere_5699
unknown	github.com/system-inc/adamic/stage1/cohere/json	TestPortMatchesGoCohere_5647
unknown	github.com/system-inc/adamic/stage1/cohere/json	TestPortMatchesGoCohere_5646
unknown	github.com/system-inc/adamic/stage1/cohere/json	TestPortMatchesGoCohere_5698
unknown	github.com/system-inc/adamic/stage1/cohere/json	TestPortMatchesGoCohere_6249
unknown	github.com/system-inc/adamic/stage1/cohere/json	TestPortMatchesGoCohere_5697
unknown	github.com/system-inc/adamic/stage1/cohere/json	TestPortMatchesGoCohere_5645
unknown	github.com/system-inc/adamic/stage1/cohere/json	TestPortMatchesGoCohere_6248
unknown	github.com/system-inc/adamic/stage1/cohere/json	TestPortMatchesGoCohere_5644
unknown	github.com/system-inc/adamic/stage1/cohere/json	TestPortMatchesGoCohere_5643
unknown	github.com/system-inc/adamic/stage1/cohere/json	TestPortMatchesGoCohere_5696
unknown	github.com/system-inc/adamic/stage1/cohere/json	TestPortMatchesGoCohere_5642
unknown	github.com/system-inc/adamic/stage1/cohere/json	TestPortMatchesGoCohere_6247
unknown	github.com/system-inc/adamic/stage1/cohere/json	TestPortMatchesGoCohere_5641
unknown	github.com/system-inc/adamic/stage1/cohere/json	TestPortMatchesGoCohere_6246
unknown	github.com/system-inc/adamic/stage1/cohere/json	TestPortMatchesGoCohere_6244
unknown	github.com/system-inc/adamic/stage1/cohere/json	TestPortMatchesGoCohere_6245
unknown	github.com/system-inc/adamic/stage1/cohere/json	TestPortMatchesGoCohere_6242
unknown	github.com/system-inc/adamic/stage1/cohere/json	TestPortMatchesGoCohere_6243
unknown	github.com/system-inc/adamic/stage1/cohere/json	TestPortMatchesGoCohere_6241
unknown	github.com/system-inc/adamic/stage1/cohere/json	TestPortMatchesGoCohere_6239
unknown	github.com/system-inc/adamic/stage1/cohere/json	TestPortMatchesGoCohere_6237
unknown	github.com/system-inc/adamic/stage1/cohere/json	TestPortMatchesGoCohere_6240
unknown	github.com/system-inc/adamic/stage1/cohere/json	TestPortMatchesGoCohere_6238
unknown	github.com/system-inc/adamic/stage1/cohere/json	TestPortMatchesGoCohere_6235
unknown	github.com/system-inc/adamic/stage1/cohere/json	TestPortMatchesGoCohere_6234
unknown	github.com/system-inc/adamic/stage1/cohere/json	TestPortMatchesGoCohere_6236
unknown	github.com/system-inc/adamic/stage1/cohere/json	TestPortMatchesGoCohere_6233
unknown	github.com/system-inc/adamic/stage1/cohere/json	TestPortMatchesGoCohere_6232
unknown	github.com/system-inc/adamic/stage1/cohere/json	TestPortMatchesGoCohere_6231
unknown	github.com/system-inc/adamic/stage1/cohere/json	TestPortMatchesGoCohere_5639
unknown	github.com/system-inc/adamic/stage1/cohere/json	TestPortMatchesGoCohere_6230
unknown	github.com/system-inc/adamic/stage1/cohere/json	TestPortMatchesGoCohere_5638
unknown	github.com/system-inc/adamic/stage1/cohere/json	TestPortMatchesGoCohere_5636
unknown	github.com/system-inc/adamic/stage1/cohere/json	TestPortMatchesGoCohere_6228
unknown	github.com/system-inc/adamic/stage1/cohere/json	TestPortMatchesGoCohere_5637
unknown	github.com/system-inc/adamic/stage1/cohere/json	TestPortMatchesGoCohere_5635
unknown	github.com/system-inc/adamic/stage1/cohere/json	TestPortMatchesGoCohere_6227
unknown	github.com/system-inc/adamic/stage1/cohere/json	TestPortMatchesGoCohere_5640
unknown	github.com/system-inc/adamic/stage1/cohere/json	TestPortMatchesGoCohere_5634
unknown	github.com/system-inc/adamic/stage1/cohere/json	TestPortMatchesGoCohere_6229
unknown	github.com/system-inc/adamic/stage1/cohere/json	TestPortMatchesGoCohere_5633
unknown	github.com/system-inc/adamic/stage1/cohere/json	TestPortMatchesGoCohere_5632
unknown	github.com/system-inc/adamic/stage1/cohere/json	TestPortMatchesGoCohere_6225
unknown	github.com/system-inc/adamic/stage1/cohere/json	TestPortMatchesGoCohere_5631
unknown	github.com/system-inc/adamic/stage1/cohere/json	TestPortMatchesGoCohere_5630
unknown	github.com/system-inc/adamic/stage1/cohere/json	TestPortMatchesGoCohere_6224
unknown	github.com/system-inc/adamic/stage1/cohere/json	TestPortMatchesGoCohere_6223
unknown	github.com/system-inc/adamic/stage1/cohere/json	TestPortMatchesGoCohere_6222
unknown	github.com/system-inc/adamic/stage1/cohere/json	TestPortMatchesGoCohere_5629
unknown	github.com/system-inc/adamic/stage1/cohere/json	TestPortMatchesGoCohere_5628
unknown	github.com/system-inc/adamic/stage1/cohere/json	TestPortMatchesGoCohere_6221
unknown	github.com/system-inc/adamic/stage1/cohere/json	TestPortMatchesGoCohere_6226
unknown	github.com/system-inc/adamic/stage1/cohere/json	TestPortMatchesGoCohere_6219
unknown	github.com/system-inc/adamic/stage1/cohere/json	TestPortMatchesGoCohere_5627
unknown	github.com/system-inc/adamic/stage1/cohere/json	TestPortMatchesGoCohere_6220
unknown	github.com/system-inc/adamic/stage1/cohere/json	TestPortMatchesGoCohere_5695
unknown	github.com/system-inc/adamic/stage1/cohere/json	TestPortMatchesGoCohere_5625
unknown	github.com/system-inc/adamic/stage1/cohere/json	TestPortMatchesGoCohere_5626
unknown	github.com/system-inc/adamic/stage1/cohere/json	TestPortMatchesGoCohere_5694
unknown	github.com/system-inc/adamic/stage1/cohere/json	TestPortMatchesGoCohere_5624
unknown	github.com/system-inc/adamic/stage1/cohere/json	TestPortMatchesGoCohere_5693
unknown	github.com/system-inc/adamic/stage1/cohere/json	TestPortMatchesGoCohere_5623
unknown	github.com/system-inc/adamic/stage1/cohere/json	TestPortMatchesGoCohere_6218
unknown	github.com/system-inc/adamic/stage1/cohere/json	TestPortMatchesGoCohere_5692
unknown	github.com/system-inc/adamic/stage1/cohere/json	TestPortMatchesGoCohere_5622
unknown	github.com/system-inc/adamic/stage1/cohere/json	TestPortMatchesGoCohere_5621
unknown	github.com/system-inc/adamic/stage1/cohere/json	TestPortMatchesGoCohere_6217
unknown	github.com/system-inc/adamic/stage1/cohere/json	TestPortMatchesGoCohere_5620
unknown	github.com/system-inc/adamic/stage1/cohere/json	TestPortMatchesGoCohere_5691
unknown	github.com/system-inc/adamic/stage1/cohere/json	TestPortMatchesGoCohere_5490
unknown	github.com/system-inc/adamic/stage1/cohere/json	TestPortMatchesGoCohere_6216
unknown	github.com/system-inc/adamic/stage1/cohere/json	TestPortMatchesGoCohere_5690
unknown	github.com/system-inc/adamic/stage1/cohere/json	TestPortMatchesGoCohere_6215
unknown	github.com/system-inc/adamic/stage1/cohere/json	TestPortMatchesGoCohere_5618
unknown	github.com/system-inc/adamic/stage1/cohere/json	TestPortMatchesGoCohere_5689
unknown	github.com/system-inc/adamic/stage1/cohere/json	TestPortMatchesGoCohere_6214
unknown	github.com/system-inc/adamic/stage1/cohere/json	TestPortMatchesGoCohere_5617
unknown	github.com/system-inc/adamic/stage1/cohere/json	TestPortMatchesGoCohere_5688
unknown	github.com/system-inc/adamic/stage1/cohere/json	TestPortMatchesGoCohere_6213
unknown	github.com/system-inc/adamic/stage1/cohere/json	TestPortMatchesGoCohere_5687
unknown	github.com/system-inc/adamic/stage1/cohere/json	TestPortMatchesGoCohere_5616
unknown	github.com/system-inc/adamic/stage1/cohere/json	TestPortMatchesGoCohere_6212
unknown	github.com/system-inc/adamic/stage1/cohere/json	TestPortMatchesGoCohere_5686
unknown	github.com/system-inc/adamic/stage1/cohere/json	TestPortMatchesGoCohere_6210
unknown	github.com/system-inc/adamic/stage1/cohere/json	TestPortMatchesGoCohere_5615
unknown	github.com/system-inc/adamic/stage1/cohere/json	TestPortMatchesGoCohere_6211
unknown	github.com/system-inc/adamic/stage1/cohere/json	TestPortMatchesGoCohere_5614
unknown	github.com/system-inc/adamic/stage1/cohere/json	TestPortMatchesGoCohere_6209
unknown	github.com/system-inc/adamic/stage1/cohere/json	TestPortMatchesGoCohere_5612
unknown	github.com/system-inc/adamic/stage1/cohere/json	TestPortMatchesGoCohere_5610
unknown	github.com/system-inc/adamic/stage1/cohere/json	TestPortMatchesGoCohere_5611
unknown	github.com/system-inc/adamic/stage1/cohere/json	TestPortMatchesGoCohere_5613
unknown	github.com/system-inc/adamic/stage1/cohere/json	TestPortMatchesGoCohere_5552
unknown	github.com/system-inc/adamic/stage1/cohere/json	TestPortMatchesGoCohere_6208
unknown	github.com/system-inc/adamic/stage1/cohere/json	TestPortMatchesGoCohere_5424
unknown	github.com/system-inc/adamic/stage1/cohere/json	TestPortMatchesGoCohere_5423
unknown	github.com/system-inc/adamic/stage1/cohere/json	TestPortMatchesGoCohere_5609
unknown	github.com/system-inc/adamic/stage1/cohere/json	TestPortMatchesGoCohere_5551
unknown	github.com/system-inc/adamic/stage1/cohere/json	TestPortMatchesGoCohere_5550
unknown	github.com/system-inc/adamic/stage1/cohere/json	TestPortMatchesGoCohere_5549
unknown	github.com/system-inc/adamic/stage1/cohere/json	TestPortMatchesGoCohere_5608
unknown	github.com/system-inc/adamic/stage1/cohere/json	TestPortMatchesGoCohere_6207
unknown	github.com/system-inc/adamic/stage1/cohere/json	TestPortMatchesGoCohere_6206
unknown	github.com/system-inc/adamic/stage1/cohere/json	TestPortMatchesGoCohere_6205
unknown	github.com/system-inc/adamic/stage1/cohere/json	TestPortMatchesGoCohere_5548
unknown	github.com/system-inc/adamic/stage1/cohere/json	TestPortMatchesGoCohere_5547
unknown	github.com/system-inc/adamic/stage1/cohere/json	TestPortMatchesGoCohere_5607
unknown	github.com/system-inc/adamic/stage1/cohere/json	TestPortMatchesGoCohere_5546
unknown	github.com/system-inc/adamic/stage1/cohere/json	TestPortMatchesGoCohere_5606
unknown	github.com/system-inc/adamic/stage1/cohere/json	TestPortMatchesGoCohere_6204
unknown	github.com/system-inc/adamic/stage1/cohere/json	TestPortMatchesGoCohere_5605
unknown	github.com/system-inc/adamic/stage1/cohere/json	TestPortMatchesGoCohere_5604
unknown	github.com/system-inc/adamic/stage1/cohere/json	TestPortMatchesGoCohere_5545
unknown	github.com/system-inc/adamic/stage1/cohere/json	TestPortMatchesGoCohere_5603
unknown	github.com/system-inc/adamic/stage1/cohere/json	TestPortMatchesGoCohere_5544
unknown	github.com/system-inc/adamic/stage1/cohere/json	TestPortMatchesGoCohere_5601
unknown	github.com/system-inc/adamic/stage1/cohere/json	TestPortMatchesGoCohere_5541
unknown	github.com/system-inc/adamic/stage1/cohere/json	TestPortMatchesGoCohere_5602
unknown	github.com/system-inc/adamic/stage1/cohere/json	TestPortMatchesGoCohere_5542
unknown	github.com/system-inc/adamic/stage1/cohere/json	TestPortMatchesGoCohere_5543
unknown	github.com/system-inc/adamic/stage1/cohere/json	TestPortMatchesGoCohere_5540
unknown	github.com/system-inc/adamic/stage1/cohere/json	TestPortMatchesGoCohere_5600
unknown	github.com/system-inc/adamic/stage1/cohere/json	TestPortMatchesGoCohere_5599
unknown	github.com/system-inc/adamic/stage1/cohere/json	TestPortMatchesGoCohere_5598
unknown	github.com/system-inc/adamic/stage1/cohere/json	TestPortMatchesGoCohere_5539
unknown	github.com/system-inc/adamic/stage1/cohere/json	TestPortMatchesGoCohere_5538
unknown	github.com/system-inc/adamic/stage1/cohere/json	TestPortMatchesGoCohere_5597
unknown	github.com/system-inc/adamic/stage1/cohere/json	TestPortMatchesGoCohere_5596
unknown	github.com/system-inc/adamic/stage1/cohere/json	TestPortMatchesGoCohere_5595
unknown	github.com/system-inc/adamic/stage1/cohere/json	TestPortMatchesGoCohere_5537
unknown	github.com/system-inc/adamic/stage1/cohere/json	TestPortMatchesGoCohere_5536
unknown	github.com/system-inc/adamic/stage1/cohere/json	TestPortMatchesGoCohere_5593
unknown	github.com/system-inc/adamic/stage1/cohere/json	TestPortMatchesGoCohere_5594
unknown	github.com/system-inc/adamic/stage1/cohere/json	TestPortMatchesGoCohere_5592
unknown	github.com/system-inc/adamic/stage1/cohere/json	TestPortMatchesGoCohere_5535
unknown	github.com/system-inc/adamic/stage1/cohere/json	TestPortMatchesGoCohere_5591
unknown	github.com/system-inc/adamic/stage1/cohere/json	TestPortMatchesGoCohere_5589
unknown	github.com/system-inc/adamic/stage1/cohere/json	TestPortMatchesGoCohere_5294
unknown	github.com/system-inc/adamic/stage1/cohere/json	TestPortMatchesGoCohere_5590
unknown	github.com/system-inc/adamic/stage1/cohere/json	TestPortMatchesGoCohere_5588
unknown	github.com/system-inc/adamic/stage1/cohere/json	TestPortMatchesGoCohere_5534
unknown	github.com/system-inc/adamic/stage1/cohere/json	TestPortMatchesGoCohere_5585
unknown	github.com/system-inc/adamic/stage1/cohere/json	TestPortMatchesGoCohere_5587
unknown	github.com/system-inc/adamic/stage1/cohere/json	TestPortMatchesGoCohere_5533
unknown	github.com/system-inc/adamic/stage1/cohere/json	TestPortMatchesGoCohere_5532
unknown	github.com/system-inc/adamic/stage1/cohere/json	TestPortMatchesGoCohere_5584
unknown	github.com/system-inc/adamic/stage1/cohere/json	TestPortMatchesGoCohere_5586
unknown	github.com/system-inc/adamic/stage1/cohere/json	TestPortMatchesGoCohere_5531
unknown	github.com/system-inc/adamic/stage1/cohere/json	TestPortMatchesGoCohere_5529
unknown	github.com/system-inc/adamic/stage1/cohere/json	TestPortMatchesGoCohere_5582
unknown	github.com/system-inc/adamic/stage1/cohere/json	TestPortMatchesGoCohere_5583
unknown	github.com/system-inc/adamic/stage1/cohere/json	TestPortMatchesGoCohere_5528
unknown	github.com/system-inc/adamic/stage1/cohere/json	TestPortMatchesGoCohere_5581
unknown	github.com/system-inc/adamic/stage1/cohere/json	TestPortMatchesGoCohere_5580
unknown	github.com/system-inc/adamic/stage1/cohere/json	TestPortMatchesGoCohere_5579
unknown	github.com/system-inc/adamic/stage1/cohere/json	TestPortMatchesGoCohere_5527
unknown	github.com/system-inc/adamic/stage1/cohere/json	TestPortMatchesGoCohere_5526
unknown	github.com/system-inc/adamic/stage1/cohere/json	TestPortMatchesGoCohere_5578
unknown	github.com/system-inc/adamic/stage1/cohere/json	TestPortMatchesGoCohere_5530
unknown	github.com/system-inc/adamic/stage1/cohere/json	TestPortMatchesGoCohere_5525
unknown	github.com/system-inc/adamic/stage1/cohere/json	TestPortMatchesGoCohere_5524
unknown	github.com/system-inc/adamic/stage1/cohere/json	TestPortMatchesGoCohere_5574
unknown	github.com/system-inc/adamic/stage1/cohere/json	TestPortMatchesGoCohere_5576
unknown	github.com/system-inc/adamic/stage1/cohere/json	TestPortMatchesGoCohere_5523
unknown	github.com/system-inc/adamic/stage1/cohere/json	TestPortMatchesGoCohere_5577
unknown	github.com/system-inc/adamic/stage1/cohere/json	TestPortMatchesGoCohere_5575
unknown	github.com/system-inc/adamic/stage1/cohere/json	TestPortMatchesGoCohere_5573
unknown	github.com/system-inc/adamic/stage1/cohere/json	TestPortMatchesGoCohere_5522
unknown	github.com/system-inc/adamic/stage1/cohere/json	TestPortMatchesGoCohere_5571
unknown	github.com/system-inc/adamic/stage1/cohere/json	TestPortMatchesGoCohere_5572
unknown	github.com/system-inc/adamic/stage1/cohere/json	TestPortMatchesGoCohere_5570
unknown	github.com/system-inc/adamic/stage1/cohere/json	TestPortMatchesGoCohere_5569
unknown	github.com/system-inc/adamic/stage1/cohere/json	TestPortMatchesGoCohere_5521
unknown	github.com/system-inc/adamic/stage1/cohere/json	TestPortMatchesGoCohere_5567
unknown	github.com/system-inc/adamic/stage1/cohere/json	TestPortMatchesGoCohere_5568
unknown	github.com/system-inc/adamic/stage1/cohere/json	TestPortMatchesGoCohere_5520
unknown	github.com/system-inc/adamic/stage1/cohere/json	TestPortMatchesGoCohere_5519
unknown	github.com/system-inc/adamic/stage1/cohere/json	TestPortMatchesGoCohere_5518
unknown	github.com/system-inc/adamic/stage1/cohere/json	TestPortMatchesGoCohere_5565
unknown	github.com/system-inc/adamic/stage1/cohere/json	TestPortMatchesGoCohere_5566
unknown	github.com/system-inc/adamic/stage1/cohere/json	TestPortMatchesGoCohere_5422
unknown	github.com/system-inc/adamic/stage1/cohere/json	TestPortMatchesGoCohere_5564
unknown	github.com/system-inc/adamic/stage1/cohere/json	TestPortMatchesGoCohere_5517
unknown	github.com/system-inc/adamic/stage1/cohere/json	TestPortMatchesGoCohere_5563
unknown	github.com/system-inc/adamic/stage1/cohere/json	TestPortMatchesGoCohere_5516
unknown	github.com/system-inc/adamic/stage1/cohere/json	TestPortMatchesGoCohere_5562
unknown	github.com/system-inc/adamic/stage1/cohere/json	TestPortMatchesGoCohere_5515
unknown	github.com/system-inc/adamic/stage1/cohere/json	TestPortMatchesGoCohere_5561
unknown	github.com/system-inc/adamic/stage1/cohere/json	TestPortMatchesGoCohere_5421
unknown	github.com/system-inc/adamic/stage1/cohere/json	TestPortMatchesGoCohere_5514
unknown	github.com/system-inc/adamic/stage1/cohere/json	TestPortMatchesGoCohere_5513
unknown	github.com/system-inc/adamic/stage1/cohere/json	TestPortMatchesGoCohere_5560
unknown	github.com/system-inc/adamic/stage1/cohere/json	TestPortMatchesGoCohere_5420
unknown	github.com/system-inc/adamic/stage1/cohere/json	TestPortMatchesGoCohere_5559
unknown	github.com/system-inc/adamic/stage1/cohere/json	TestPortMatchesGoCohere_5419
unknown	github.com/system-inc/adamic/stage1/cohere/json	TestPortMatchesGoCohere_5558
unknown	github.com/system-inc/adamic/stage1/cohere/json	TestPortMatchesGoCohere_5557
unknown	github.com/system-inc/adamic/stage1/cohere/json	TestPortMatchesGoCohere_5512
unknown	github.com/system-inc/adamic/stage1/cohere/json	TestPortMatchesGoCohere_5418
unknown	github.com/system-inc/adamic/stage1/cohere/json	TestPortMatchesGoCohere_5417
unknown	github.com/system-inc/adamic/stage1/cohere/json	TestPortMatchesGoCohere_5511
unknown	github.com/system-inc/adamic/stage1/cohere/json	TestPortMatchesGoCohere_5416
unknown	github.com/system-inc/adamic/stage1/cohere/json	TestPortMatchesGoCohere_5555
unknown	github.com/system-inc/adamic/stage1/cohere/json	TestPortMatchesGoCohere_5510
unknown	github.com/system-inc/adamic/stage1/cohere/json	TestPortMatchesGoCohere_5556
unknown	github.com/system-inc/adamic/stage1/cohere/json	TestPortMatchesGoCohere_5415
unknown	github.com/system-inc/adamic/stage1/cohere/json	TestPortMatchesGoCohere_5509
unknown	github.com/system-inc/adamic/stage1/cohere/json	TestPortMatchesGoCohere_5508
unknown	github.com/system-inc/adamic/stage1/cohere/json	TestPortMatchesGoCohere_5414
unknown	github.com/system-inc/adamic/stage1/cohere/json	TestPortMatchesGoCohere_5293
unknown	github.com/system-inc/adamic/stage1/cohere/json	TestPortMatchesGoCohere_5413
unknown	github.com/system-inc/adamic/stage1/cohere/json	TestPortMatchesGoCohere_5507
unknown	github.com/system-inc/adamic/stage1/cohere/json	TestPortMatchesGoCohere_5506
unknown	github.com/system-inc/adamic/stage1/cohere/json	TestPortMatchesGoCohere_5505
unknown	github.com/system-inc/adamic/stage1/cohere/json	TestPortMatchesGoCohere_5292
unknown	github.com/system-inc/adamic/stage1/cohere/json	TestPortMatchesGoCohere_5291
unknown	github.com/system-inc/adamic/stage1/cohere/json	TestPortMatchesGoCohere_5412
unknown	github.com/system-inc/adamic/stage1/cohere/json	TestPortMatchesGoCohere_5504
unknown	github.com/system-inc/adamic/stage1/cohere/json	TestPortMatchesGoCohere_5503
unknown	github.com/system-inc/adamic/stage1/cohere/json	TestPortMatchesGoCohere_5502
unknown	github.com/system-inc/adamic/stage1/cohere/json	TestPortMatchesGoCohere_5411
unknown	github.com/system-inc/adamic/stage1/cohere/json	TestPortMatchesGoCohere_5290
unknown	github.com/system-inc/adamic/stage1/cohere/json	TestPortMatchesGoCohere_5501
unknown	github.com/system-inc/adamic/stage1/cohere/json	TestPortMatchesGoCohere_5410
unknown	github.com/system-inc/adamic/stage1/cohere/json	TestPortMatchesGoCohere_5500
unknown	github.com/system-inc/adamic/stage1/cohere/json	TestPortMatchesGoCohere_5289
unknown	github.com/system-inc/adamic/stage1/cohere/json	TestPortMatchesGoCohere_5409
unknown	github.com/system-inc/adamic/stage1/cohere/json	TestPortMatchesGoCohere_5498
unknown	github.com/system-inc/adamic/stage1/cohere/json	TestPortMatchesGoCohere_5499
unknown	github.com/system-inc/adamic/stage1/cohere/json	TestPortMatchesGoCohere_5497
unknown	github.com/system-inc/adamic/stage1/cohere/json	TestPortMatchesGoCohere_5408
unknown	github.com/system-inc/adamic/stage1/cohere/json	TestPortMatchesGoCohere_5407
unknown	github.com/system-inc/adamic/stage1/cohere/json	TestPortMatchesGoCohere_5165
unknown	github.com/system-inc/adamic/stage1/cohere/json	TestPortMatchesGoCohere_5288
unknown	github.com/system-inc/adamic/stage1/cohere/json	TestPortMatchesGoCohere_5496
unknown	github.com/system-inc/adamic/stage1/cohere/json	TestPortMatchesGoCohere_5287
unknown	github.com/system-inc/adamic/stage1/cohere/json	TestPortMatchesGoCohere_5286
unknown	github.com/system-inc/adamic/stage1/cohere/json	TestPortMatchesGoCohere_5406
unknown	github.com/system-inc/adamic/stage1/cohere/json	TestPortMatchesGoCohere_5404
unknown	github.com/system-inc/adamic/stage1/cohere/json	TestPortMatchesGoCohere_5494
unknown	github.com/system-inc/adamic/stage1/cohere/json	TestPortMatchesGoCohere_5405
unknown	github.com/system-inc/adamic/stage1/cohere/json	TestPortMatchesGoCohere_5285
unknown	github.com/system-inc/adamic/stage1/cohere/json	TestPortMatchesGoCohere_5403
unknown	github.com/system-inc/adamic/stage1/cohere/json	TestPortMatchesGoCohere_5495
unknown	github.com/system-inc/adamic/stage1/cohere/json	TestPortMatchesGoCohere_5493
unknown	github.com/system-inc/adamic/stage1/cohere/json	TestPortMatchesGoCohere_5402
unknown	github.com/system-inc/adamic/stage1/cohere/json	TestPortMatchesGoCohere_5284
unknown	github.com/system-inc/adamic/stage1/cohere/json	TestPortMatchesGoCohere_5283
unknown	github.com/system-inc/adamic/stage1/cohere/json	TestPortMatchesGoCohere_5401
unknown	github.com/system-inc/adamic/stage1/cohere/json	TestPortMatchesGoCohere_5282
unknown	github.com/system-inc/adamic/stage1/cohere/json	TestPortMatchesGoCohere_5400
unknown	github.com/system-inc/adamic/stage1/cohere/json	TestPortMatchesGoCohere_5281
unknown	github.com/system-inc/adamic/stage1/cohere/json	TestPortMatchesGoCohere_5399
unknown	github.com/system-inc/adamic/stage1/cohere/json	TestPortMatchesGoCohere_5280
unknown	github.com/system-inc/adamic/stage1/cohere/json	TestPortMatchesGoCohere_5279
unknown	github.com/system-inc/adamic/stage1/cohere/json	TestPortMatchesGoCohere_5398
unknown	github.com/system-inc/adamic/stage1/cohere/json	TestPortMatchesGoCohere_5277
unknown	github.com/system-inc/adamic/stage1/cohere/json	TestPortMatchesGoCohere_5278
unknown	github.com/system-inc/adamic/stage1/cohere/json	TestPortMatchesGoCohere_5276
unknown	github.com/system-inc/adamic/stage1/cohere/json	TestPortMatchesGoCohere_5274
unknown	github.com/system-inc/adamic/stage1/cohere/json	TestPortMatchesGoCohere_5272
unknown	github.com/system-inc/adamic/stage1/cohere/json	TestPortMatchesGoCohere_5492
unknown	github.com/system-inc/adamic/stage1/cohere/json	TestPortMatchesGoCohere_5273
unknown	github.com/system-inc/adamic/stage1/cohere/json	TestPortMatchesGoCohere_5491
unknown	github.com/system-inc/adamic/stage1/cohere/json	TestPortMatchesGoCohere_5271
unknown	github.com/system-inc/adamic/stage1/cohere/json	TestPortMatchesGoCohere_5361
unknown	github.com/system-inc/adamic/stage1/cohere/json	TestPortMatchesGoCohere_5397
unknown	github.com/system-inc/adamic/stage1/cohere/json	TestPortMatchesGoCohere_5270
unknown	github.com/system-inc/adamic/stage1/cohere/json	TestPortMatchesGoCohere_5275
unknown	github.com/system-inc/adamic/stage1/cohere/json	TestPortMatchesGoCohere_5396
unknown	github.com/system-inc/adamic/stage1/cohere/json	TestPortMatchesGoCohere_5489
unknown	github.com/system-inc/adamic/stage1/cohere/json	TestPortMatchesGoCohere_5488
unknown	github.com/system-inc/adamic/stage1/cohere/json	TestPortMatchesGoCohere_5269
unknown	github.com/system-inc/adamic/stage1/cohere/json	TestPortMatchesGoCohere_5395
unknown	github.com/system-inc/adamic/stage1/cohere/json	TestPortMatchesGoCohere_5268
unknown	github.com/system-inc/adamic/stage1/cohere/json	TestPortMatchesGoCohere_5486
unknown	github.com/system-inc/adamic/stage1/cohere/json	TestPortMatchesGoCohere_5394
unknown	github.com/system-inc/adamic/stage1/cohere/json	TestPortMatchesGoCohere_5267
unknown	github.com/system-inc/adamic/stage1/cohere/json	TestPortMatchesGoCohere_5485
unknown	github.com/system-inc/adamic/stage1/cohere/json	TestPortMatchesGoCohere_5484
unknown	github.com/system-inc/adamic/stage1/cohere/json	TestPortMatchesGoCohere_5393
unknown	github.com/system-inc/adamic/stage1/cohere/json	TestPortMatchesGoCohere_5266
unknown	github.com/system-inc/adamic/stage1/cohere/json	TestPortMatchesGoCohere_5265
unknown	github.com/system-inc/adamic/stage1/cohere/json	TestPortMatchesGoCohere_5392
unknown	github.com/system-inc/adamic/stage1/cohere/json	TestPortMatchesGoCohere_5487
unknown	github.com/system-inc/adamic/stage1/cohere/json	TestPortMatchesGoCohere_5263
unknown	github.com/system-inc/adamic/stage1/cohere/json	TestPortMatchesGoCohere_5483
unknown	github.com/system-inc/adamic/stage1/cohere/json	TestPortMatchesGoCohere_5391
unknown	github.com/system-inc/adamic/stage1/cohere/json	TestPortMatchesGoCohere_5264
unknown	github.com/system-inc/adamic/stage1/cohere/json	TestPortMatchesGoCohere_5390
unknown	github.com/system-inc/adamic/stage1/cohere/json	TestPortMatchesGoCohere_5389
unknown	github.com/system-inc/adamic/stage1/cohere/json	TestPortMatchesGoCohere_5481
unknown	github.com/system-inc/adamic/stage1/cohere/json	TestPortMatchesGoCohere_5482
unknown	github.com/system-inc/adamic/stage1/cohere/json	TestPortMatchesGoCohere_5262
unknown	github.com/system-inc/adamic/stage1/cohere/json	TestPortMatchesGoCohere_5388
unknown	github.com/system-inc/adamic/stage1/cohere/json	TestPortMatchesGoCohere_5261
unknown	github.com/system-inc/adamic/stage1/cohere/json	TestPortMatchesGoCohere_5480
unknown	github.com/system-inc/adamic/stage1/cohere/json	TestPortMatchesGoCohere_5385
unknown	github.com/system-inc/adamic/stage1/cohere/json	TestPortMatchesGoCohere_5478
unknown	github.com/system-inc/adamic/stage1/cohere/json	TestPortMatchesGoCohere_5387
unknown	github.com/system-inc/adamic/stage1/cohere/json	TestPortMatchesGoCohere_5386
unknown	github.com/system-inc/adamic/stage1/cohere/json	TestPortMatchesGoCohere_5479
unknown	github.com/system-inc/adamic/stage1/cohere/json	TestPortMatchesGoCohere_5477
unknown	github.com/system-inc/adamic/stage1/cohere/json	TestPortMatchesGoCohere_5383
unknown	github.com/system-inc/adamic/stage1/cohere/json	TestPortMatchesGoCohere_5384
unknown	github.com/system-inc/adamic/stage1/cohere/json	TestPortMatchesGoCohere_5476
unknown	github.com/system-inc/adamic/stage1/cohere/json	TestPortMatchesGoCohere_5475
unknown	github.com/system-inc/adamic/stage1/cohere/json	TestPortMatchesGoCohere_5260
unknown	github.com/system-inc/adamic/stage1/cohere/json	TestPortMatchesGoCohere_5382
unknown	github.com/system-inc/adamic/stage1/cohere/json	TestPortMatchesGoCohere_5380
unknown	github.com/system-inc/adamic/stage1/cohere/json	TestPortMatchesGoCohere_5381
unknown	github.com/system-inc/adamic/stage1/cohere/json	TestPortMatchesGoCohere_5379
unknown	github.com/system-inc/adamic/stage1/cohere/json	TestPortMatchesGoCohere_5164
unknown	github.com/system-inc/adamic/stage1/cohere/json	TestPortMatchesGoCohere_5474
unknown	github.com/system-inc/adamic/stage1/cohere/json	TestPortMatchesGoCohere_5259
unknown	github.com/system-inc/adamic/stage1/cohere/json	TestPortMatchesGoCohere_5378
unknown	github.com/system-inc/adamic/stage1/cohere/json	TestPortMatchesGoCohere_5473
unknown	github.com/system-inc/adamic/stage1/cohere/json	TestPortMatchesGoCohere_5258
unknown	github.com/system-inc/adamic/stage1/cohere/json	TestPortMatchesGoCohere_5257
unknown	github.com/system-inc/adamic/stage1/cohere/json	TestPortMatchesGoCohere_5472
unknown	github.com/system-inc/adamic/stage1/cohere/json	TestPortMatchesGoCohere_5256
unknown	github.com/system-inc/adamic/stage1/cohere/json	TestPortMatchesGoCohere_5255
unknown	github.com/system-inc/adamic/stage1/cohere/json	TestPortMatchesGoCohere_5471
unknown	github.com/system-inc/adamic/stage1/cohere/json	TestPortMatchesGoCohere_5254
unknown	github.com/system-inc/adamic/stage1/cohere/json	TestPortMatchesGoCohere_5470
unknown	github.com/system-inc/adamic/stage1/cohere/json	TestPortMatchesGoCohere_5377
unknown	github.com/system-inc/adamic/stage1/cohere/json	TestPortMatchesGoCohere_5469
unknown	github.com/system-inc/adamic/stage1/cohere/json	TestPortMatchesGoCohere_5253
unknown	github.com/system-inc/adamic/stage1/cohere/json	TestPortMatchesGoCohere_5376
unknown	github.com/system-inc/adamic/stage1/cohere/json	TestPortMatchesGoCohere_5468
unknown	github.com/system-inc/adamic/stage1/cohere/json	TestPortMatchesGoCohere_5375
unknown	github.com/system-inc/adamic/stage1/cohere/json	TestPortMatchesGoCohere_5467
unknown	github.com/system-inc/adamic/stage1/cohere/json	TestPortMatchesGoCohere_5252
unknown	github.com/system-inc/adamic/stage1/cohere/json	TestPortMatchesGoCohere_5374
unknown	github.com/system-inc/adamic/stage1/cohere/json	TestPortMatchesGoCohere_5373
unknown	github.com/system-inc/adamic/stage1/cohere/json	TestPortMatchesGoCohere_5372
unknown	github.com/system-inc/adamic/stage1/cohere/json	TestPortMatchesGoCohere_5251
unknown	github.com/system-inc/adamic/stage1/cohere/json	TestPortMatchesGoCohere_5466
unknown	github.com/system-inc/adamic/stage1/cohere/json	TestPortMatchesGoCohere_5465
unknown	github.com/system-inc/adamic/stage1/cohere/json	TestPortMatchesGoCohere_5249
unknown	github.com/system-inc/adamic/stage1/cohere/json	TestPortMatchesGoCohere_5371
unknown	github.com/system-inc/adamic/stage1/cohere/json	TestPortMatchesGoCohere_5250
unknown	github.com/system-inc/adamic/stage1/cohere/json	TestPortMatchesGoCohere_5464
unknown	github.com/system-inc/adamic/stage1/cohere/json	TestPortMatchesGoCohere_5370
unknown	github.com/system-inc/adamic/stage1/cohere/json	TestPortMatchesGoCohere_5247
unknown	github.com/system-inc/adamic/stage1/cohere/json	TestPortMatchesGoCohere_5248
unknown	github.com/system-inc/adamic/stage1/cohere/json	TestPortMatchesGoCohere_5369
unknown	github.com/system-inc/adamic/stage1/cohere/json	TestPortMatchesGoCohere_5462
unknown	github.com/system-inc/adamic/stage1/cohere/json	TestPortMatchesGoCohere_5368
unknown	github.com/system-inc/adamic/stage1/cohere/json	TestPortMatchesGoCohere_5460
unknown	github.com/system-inc/adamic/stage1/cohere/json	TestPortMatchesGoCohere_5163
unknown	github.com/system-inc/adamic/stage1/cohere/json	TestPortMatchesGoCohere_5459
unknown	github.com/system-inc/adamic/stage1/cohere/json	TestPortMatchesGoCohere_5246
unknown	github.com/system-inc/adamic/stage1/cohere/json	TestPortMatchesGoCohere_5463
unknown	github.com/system-inc/adamic/stage1/cohere/json	TestPortMatchesGoCohere_5367
unknown	github.com/system-inc/adamic/stage1/cohere/json	TestPortMatchesGoCohere_5461
unknown	github.com/system-inc/adamic/stage1/cohere/json	TestPortMatchesGoCohere_5366
unknown	github.com/system-inc/adamic/stage1/cohere/json	TestPortMatchesGoCohere_5458
unknown	github.com/system-inc/adamic/stage1/cohere/json	TestPortMatchesGoCohere_5245
unknown	github.com/system-inc/adamic/stage1/cohere/json	TestPortMatchesGoCohere_5456
unknown	github.com/system-inc/adamic/stage1/cohere/json	TestPortMatchesGoCohere_5457
unknown	github.com/system-inc/adamic/stage1/cohere/json	TestPortMatchesGoCohere_5244
unknown	github.com/system-inc/adamic/stage1/cohere/json	TestPortMatchesGoCohere_5365
unknown	github.com/system-inc/adamic/stage1/cohere/json	TestPortMatchesGoCohere_5455
unknown	github.com/system-inc/adamic/stage1/cohere/json	TestPortMatchesGoCohere_5364
unknown	github.com/system-inc/adamic/stage1/cohere/json	TestPortMatchesGoCohere_5243
unknown	github.com/system-inc/adamic/stage1/cohere/json	TestPortMatchesGoCohere_5454
unknown	github.com/system-inc/adamic/stage1/cohere/json	TestPortMatchesGoCohere_5363
unknown	github.com/system-inc/adamic/stage1/cohere/json	TestPortMatchesGoCohere_5242
unknown	github.com/system-inc/adamic/stage1/cohere/json	TestPortMatchesGoCohere_5453
unknown	github.com/system-inc/adamic/stage1/cohere/json	TestPortMatchesGoCohere_5362
unknown	github.com/system-inc/adamic/stage1/cohere/json	TestPortMatchesGoCohere_5452
unknown	github.com/system-inc/adamic/stage1/cohere/json	TestPortMatchesGoCohere_5232
unknown	github.com/system-inc/adamic/stage1/cohere/json	TestPortMatchesGoCohere_5241
unknown	github.com/system-inc/adamic/stage1/cohere/json	TestPortMatchesGoCohere_5451
unknown	github.com/system-inc/adamic/stage1/cohere/json	TestPortMatchesGoCohere_5450
unknown	github.com/system-inc/adamic/stage1/cohere/json	TestPortMatchesGoCohere_5240
unknown	github.com/system-inc/adamic/stage1/cohere/json	TestPortMatchesGoCohere_5360
unknown	github.com/system-inc/adamic/stage1/cohere/json	TestPortMatchesGoCohere_5238
unknown	github.com/system-inc/adamic/stage1/cohere/json	TestPortMatchesGoCohere_5448
unknown	github.com/system-inc/adamic/stage1/cohere/json	TestPortMatchesGoCohere_5449
unknown	github.com/system-inc/adamic/stage1/cohere/json	TestPortMatchesGoCohere_5239
unknown	github.com/system-inc/adamic/stage1/cohere/json	TestPortMatchesGoCohere_5236
unknown	github.com/system-inc/adamic/stage1/cohere/json	TestPortMatchesGoCohere_5447
unknown	github.com/system-inc/adamic/stage1/cohere/json	TestPortMatchesGoCohere_5359
unknown	github.com/system-inc/adamic/stage1/cohere/json	TestPortMatchesGoCohere_5237
unknown	github.com/system-inc/adamic/stage1/cohere/json	TestPortMatchesGoCohere_5358
unknown	github.com/system-inc/adamic/stage1/cohere/json	TestPortMatchesGoCohere_5235
unknown	github.com/system-inc/adamic/stage1/cohere/json	TestPortMatchesGoCohere_5445
unknown	github.com/system-inc/adamic/stage1/cohere/json	TestPortMatchesGoCohere_5357
unknown	github.com/system-inc/adamic/stage1/cohere/json	TestPortMatchesGoCohere_5233
unknown	github.com/system-inc/adamic/stage1/cohere/json	TestPortMatchesGoCohere_5446
unknown	github.com/system-inc/adamic/stage1/cohere/json	TestPortMatchesGoCohere_5356
unknown	github.com/system-inc/adamic/stage1/cohere/json	TestPortMatchesGoCohere_5103
unknown	github.com/system-inc/adamic/stage1/cohere/json	TestPortMatchesGoCohere_5444
unknown	github.com/system-inc/adamic/stage1/cohere/json	TestPortMatchesGoCohere_5355
unknown	github.com/system-inc/adamic/stage1/cohere/json	TestPortMatchesGoCohere_5234
unknown	github.com/system-inc/adamic/stage1/cohere/json	TestPortMatchesGoCohere_5231
unknown	github.com/system-inc/adamic/stage1/cohere/json	TestPortMatchesGoCohere_5443
unknown	github.com/system-inc/adamic/stage1/cohere/json	TestPortMatchesGoCohere_5354
unknown	github.com/system-inc/adamic/stage1/cohere/json	TestPortMatchesGoCohere_5230
unknown	github.com/system-inc/adamic/stage1/cohere/json	TestPortMatchesGoCohere_5353
unknown	github.com/system-inc/adamic/stage1/cohere/json	TestPortMatchesGoCohere_5442
unknown	github.com/system-inc/adamic/stage1/cohere/json	TestPortMatchesGoCohere_5162
unknown	github.com/system-inc/adamic/stage1/cohere/json	TestPortMatchesGoCohere_5441
unknown	github.com/system-inc/adamic/stage1/cohere/json	TestPortMatchesGoCohere_5352
unknown	github.com/system-inc/adamic/stage1/cohere/json	TestPortMatchesGoCohere_5229
unknown	github.com/system-inc/adamic/stage1/cohere/json	TestPortMatchesGoCohere_5228
unknown	github.com/system-inc/adamic/stage1/cohere/json	TestPortMatchesGoCohere_5440
unknown	github.com/system-inc/adamic/stage1/cohere/json	TestPortMatchesGoCohere_5439
unknown	github.com/system-inc/adamic/stage1/cohere/json	TestPortMatchesGoCohere_5350
unknown	github.com/system-inc/adamic/stage1/cohere/json	TestPortMatchesGoCohere_5227
unknown	github.com/system-inc/adamic/stage1/cohere/json	TestPortMatchesGoCohere_5226
unknown	github.com/system-inc/adamic/stage1/cohere/json	TestPortMatchesGoCohere_5351
unknown	github.com/system-inc/adamic/stage1/cohere/json	TestPortMatchesGoCohere_5349
unknown	github.com/system-inc/adamic/stage1/cohere/json	TestPortMatchesGoCohere_5225
unknown	github.com/system-inc/adamic/stage1/cohere/json	TestPortMatchesGoCohere_5437
unknown	github.com/system-inc/adamic/stage1/cohere/json	TestPortMatchesGoCohere_5438
unknown	github.com/system-inc/adamic/stage1/cohere/json	TestPortMatchesGoCohere_5348
unknown	github.com/system-inc/adamic/stage1/cohere/json	TestPortMatchesGoCohere_5224
unknown	github.com/system-inc/adamic/stage1/cohere/json	TestPortMatchesGoCohere_5436
unknown	github.com/system-inc/adamic/stage1/cohere/json	TestPortMatchesGoCohere_5347
unknown	github.com/system-inc/adamic/stage1/cohere/json	TestPortMatchesGoCohere_5346
unknown	github.com/system-inc/adamic/stage1/cohere/json	TestPortMatchesGoCohere_5435
unknown	github.com/system-inc/adamic/stage1/cohere/json	TestPortMatchesGoCohere_5223
unknown	github.com/system-inc/adamic/stage1/cohere/json	TestPortMatchesGoCohere_5345
unknown	github.com/system-inc/adamic/stage1/cohere/json	TestPortMatchesGoCohere_5344
unknown	github.com/system-inc/adamic/stage1/cohere/json	TestPortMatchesGoCohere_5222
unknown	github.com/system-inc/adamic/stage1/cohere/json	TestPortMatchesGoCohere_5221
unknown	github.com/system-inc/adamic/stage1/cohere/json	TestPortMatchesGoCohere_5343
unknown	github.com/system-inc/adamic/stage1/cohere/json	TestPortMatchesGoCohere_5434
unknown	github.com/system-inc/adamic/stage1/cohere/json	TestPortMatchesGoCohere_5432
unknown	github.com/system-inc/adamic/stage1/cohere/json	TestPortMatchesGoCohere_5220
unknown	github.com/system-inc/adamic/stage1/cohere/json	TestPortMatchesGoCohere_5342
unknown	github.com/system-inc/adamic/stage1/cohere/json	TestPortMatchesGoCohere_5433
unknown	github.com/system-inc/adamic/stage1/cohere/json	TestPortMatchesGoCohere_5219
unknown	github.com/system-inc/adamic/stage1/cohere/json	TestPortMatchesGoCohere_5341
unknown	github.com/system-inc/adamic/stage1/cohere/json	TestPortMatchesGoCohere_5431
unknown	github.com/system-inc/adamic/stage1/cohere/json	TestPortMatchesGoCohere_5340
unknown	github.com/system-inc/adamic/stage1/cohere/json	TestPortMatchesGoCohere_5218
unknown	github.com/system-inc/adamic/stage1/cohere/json	TestPortMatchesGoCohere_5430
unknown	github.com/system-inc/adamic/stage1/cohere/json	TestPortMatchesGoCohere_5339
unknown	github.com/system-inc/adamic/stage1/cohere/json	TestPortMatchesGoCohere_5217
unknown	github.com/system-inc/adamic/stage1/cohere/json	TestPortMatchesGoCohere_5429
unknown	github.com/system-inc/adamic/stage1/cohere/json	TestPortMatchesGoCohere_5338
unknown	github.com/system-inc/adamic/stage1/cohere/json	TestPortMatchesGoCohere_5216
unknown	github.com/system-inc/adamic/stage1/cohere/json	TestPortMatchesGoCohere_5337
unknown	github.com/system-inc/adamic/stage1/cohere/json	TestPortMatchesGoCohere_5215
unknown	github.com/system-inc/adamic/stage1/cohere/json	TestPortMatchesGoCohere_5428
unknown	github.com/system-inc/adamic/stage1/cohere/json	TestPortMatchesGoCohere_5214
unknown	github.com/system-inc/adamic/stage1/cohere/json	TestPortMatchesGoCohere_5336
unknown	github.com/system-inc/adamic/stage1/cohere/json	TestPortMatchesGoCohere_5335
unknown	github.com/system-inc/adamic/stage1/cohere/json	TestPortMatchesGoCohere_5213
unknown	github.com/system-inc/adamic/stage1/cohere/json	TestPortMatchesGoCohere_5427
unknown	github.com/system-inc/adamic/stage1/cohere/json	TestPortMatchesGoCohere_5212
unknown	github.com/system-inc/adamic/stage1/cohere/json	TestPortMatchesGoCohere_5211
unknown	github.com/system-inc/adamic/stage1/cohere/json	TestPortMatchesGoCohere_5426
unknown	github.com/system-inc/adamic/stage1/cohere/json	TestPortMatchesGoCohere_5334
unknown	github.com/system-inc/adamic/stage1/cohere/json	TestPortMatchesGoCohere_5210
unknown	github.com/system-inc/adamic/stage1/cohere/json	TestPortMatchesGoCohere_5333
unknown	github.com/system-inc/adamic/stage1/cohere/json	TestPortMatchesGoCohere_5425
unknown	github.com/system-inc/adamic/stage1/cohere/json	TestPortMatchesGoCohere_5332
unknown	github.com/system-inc/adamic/stage1/cohere/json	TestPortMatchesGoCohere_5209
unknown	github.com/system-inc/adamic/stage1/cohere/json	TestPortMatchesGoCohere_5331
unknown	github.com/system-inc/adamic/stage1/cohere/json	TestPortMatchesGoCohere_5208
unknown	github.com/system-inc/adamic/stage1/cohere/json	TestPortMatchesGoCohere_5330
unknown	github.com/system-inc/adamic/stage1/cohere/json	TestPortMatchesGoCohere_5207
unknown	github.com/system-inc/adamic/stage1/cohere/json	TestPortMatchesGoCohere_5329
unknown	github.com/system-inc/adamic/stage1/cohere/json	TestPortMatchesGoCohere_5328
unknown	github.com/system-inc/adamic/stage1/cohere/json	TestPortMatchesGoCohere_5206
unknown	github.com/system-inc/adamic/stage1/cohere/json	TestPortMatchesGoCohere_5327
unknown	github.com/system-inc/adamic/stage1/cohere/json	TestPortMatchesGoCohere_5205
unknown	github.com/system-inc/adamic/stage1/cohere/json	TestPortMatchesGoCohere_5161
unknown	github.com/system-inc/adamic/stage1/cohere/json	TestPortMatchesGoCohere_5326
unknown	github.com/system-inc/adamic/stage1/cohere/json	TestPortMatchesGoCohere_5204
unknown	github.com/system-inc/adamic/stage1/cohere/json	TestPortMatchesGoCohere_5325
unknown	github.com/system-inc/adamic/stage1/cohere/json	TestPortMatchesGoCohere_5160
unknown	github.com/system-inc/adamic/stage1/cohere/json	TestPortMatchesGoCohere_5203
unknown	github.com/system-inc/adamic/stage1/cohere/json	TestPortMatchesGoCohere_5324
unknown	github.com/system-inc/adamic/stage1/cohere/json	TestPortMatchesGoCohere_5202
unknown	github.com/system-inc/adamic/stage1/cohere/json	TestPortMatchesGoCohere_5323
unknown	github.com/system-inc/adamic/stage1/cohere/json	TestPortMatchesGoCohere_5159
unknown	github.com/system-inc/adamic/stage1/cohere/json	TestPortMatchesGoCohere_5322
unknown	github.com/system-inc/adamic/stage1/cohere/json	TestPortMatchesGoCohere_5201
unknown	github.com/system-inc/adamic/stage1/cohere/json	TestPortMatchesGoCohere_5158
unknown	github.com/system-inc/adamic/stage1/cohere/json	TestPortMatchesGoCohere_5200
unknown	github.com/system-inc/adamic/stage1/cohere/json	TestPortMatchesGoCohere_5157
unknown	github.com/system-inc/adamic/stage1/cohere/json	TestPortMatchesGoCohere_5156
unknown	github.com/system-inc/adamic/stage1/cohere/json	TestPortMatchesGoCohere_5321
unknown	github.com/system-inc/adamic/stage1/cohere/json	TestPortMatchesGoCohere_5199
unknown	github.com/system-inc/adamic/stage1/cohere/json	TestPortMatchesGoCohere_5320
unknown	github.com/system-inc/adamic/stage1/cohere/json	TestPortMatchesGoCohere_5198
unknown	github.com/system-inc/adamic/stage1/cohere/json	TestPortMatchesGoCohere_5155
unknown	github.com/system-inc/adamic/stage1/cohere/json	TestPortMatchesGoCohere_5197
unknown	github.com/system-inc/adamic/stage1/cohere/json	TestPortMatchesGoCohere_5196
unknown	github.com/system-inc/adamic/stage1/cohere/json	TestPortMatchesGoCohere_5194
unknown	github.com/system-inc/adamic/stage1/cohere/json	TestPortMatchesGoCohere_5193
unknown	github.com/system-inc/adamic/stage1/cohere/json	TestPortMatchesGoCohere_5195
unknown	github.com/system-inc/adamic/stage1/cohere/json	TestPortMatchesGoCohere_5191
unknown	github.com/system-inc/adamic/stage1/cohere/json	TestPortMatchesGoCohere_5190
unknown	github.com/system-inc/adamic/stage1/cohere/json	TestPortMatchesGoCohere_5189
unknown	github.com/system-inc/adamic/stage1/cohere/json	TestPortMatchesGoCohere_5188
unknown	github.com/system-inc/adamic/stage1/cohere/json	TestPortMatchesGoCohere_5187
unknown	github.com/system-inc/adamic/stage1/cohere/json	TestPortMatchesGoCohere_5154
unknown	github.com/system-inc/adamic/stage1/cohere/json	TestPortMatchesGoCohere_5152
unknown	github.com/system-inc/adamic/stage1/cohere/json	TestPortMatchesGoCohere_5153
unknown	github.com/system-inc/adamic/stage1/cohere/json	TestPortMatchesGoCohere_5185
unknown	github.com/system-inc/adamic/stage1/cohere/json	TestPortMatchesGoCohere_5192
unknown	github.com/system-inc/adamic/stage1/cohere/json	TestPortMatchesGoCohere_5186
unknown	github.com/system-inc/adamic/stage1/cohere/json	TestPortMatchesGoCohere_5183
unknown	github.com/system-inc/adamic/stage1/cohere/json	TestPortMatchesGoCohere_5182
unknown	github.com/system-inc/adamic/stage1/cohere/json	TestPortMatchesGoCohere_5184
unknown	github.com/system-inc/adamic/stage1/cohere/json	TestPortMatchesGoCohere_5151
unknown	github.com/system-inc/adamic/stage1/cohere/json	TestPortMatchesGoCohere_5181
unknown	github.com/system-inc/adamic/stage1/cohere/json	TestPortMatchesGoCohere_5150
unknown	github.com/system-inc/adamic/stage1/cohere/json	TestPortMatchesGoCohere_5148
unknown	github.com/system-inc/adamic/stage1/cohere/json	TestPortMatchesGoCohere_5147
unknown	github.com/system-inc/adamic/stage1/cohere/json	TestPortMatchesGoCohere_5033
unknown	github.com/system-inc/adamic/stage1/cohere/json	TestPortMatchesGoCohere_5146
unknown	github.com/system-inc/adamic/stage1/cohere/json	TestPortMatchesGoCohere_5149
unknown	github.com/system-inc/adamic/stage1/cohere/json	TestPortMatchesGoCohere_5144
unknown	github.com/system-inc/adamic/stage1/cohere/json	TestPortMatchesGoCohere_5143
unknown	github.com/system-inc/adamic/stage1/cohere/json	TestPortMatchesGoCohere_5319
unknown	github.com/system-inc/adamic/stage1/cohere/json	TestPortMatchesGoCohere_5141
unknown	github.com/system-inc/adamic/stage1/cohere/json	TestPortMatchesGoCohere_5145
unknown	github.com/system-inc/adamic/stage1/cohere/json	TestPortMatchesGoCohere_5318
unknown	github.com/system-inc/adamic/stage1/cohere/json	TestPortMatchesGoCohere_5139
unknown	github.com/system-inc/adamic/stage1/cohere/json	TestPortMatchesGoCohere_5317
unknown	github.com/system-inc/adamic/stage1/cohere/json	TestPortMatchesGoCohere_5138
unknown	github.com/system-inc/adamic/stage1/cohere/json	TestPortMatchesGoCohere_5140
unknown	github.com/system-inc/adamic/stage1/cohere/json	TestPortMatchesGoCohere_5142
unknown	github.com/system-inc/adamic/stage1/cohere/json	TestPortMatchesGoCohere_5316
unknown	github.com/system-inc/adamic/stage1/cohere/json	TestPortMatchesGoCohere_5315
unknown	github.com/system-inc/adamic/stage1/cohere/json	TestPortMatchesGoCohere_5137
unknown	github.com/system-inc/adamic/stage1/cohere/json	TestPortMatchesGoCohere_5136
unknown	github.com/system-inc/adamic/stage1/cohere/json	TestPortMatchesGoCohere_5314
unknown	github.com/system-inc/adamic/stage1/cohere/json	TestPortMatchesGoCohere_5135
unknown	github.com/system-inc/adamic/stage1/cohere/json	TestPortMatchesGoCohere_5313
unknown	github.com/system-inc/adamic/stage1/cohere/json	TestPortMatchesGoCohere_5134
unknown	github.com/system-inc/adamic/stage1/cohere/json	TestPortMatchesGoCohere_5133
unknown	github.com/system-inc/adamic/stage1/cohere/json	TestPortMatchesGoCohere_5312
unknown	github.com/system-inc/adamic/stage1/cohere/json	TestPortMatchesGoCohere_5132
unknown	github.com/system-inc/adamic/stage1/cohere/json	TestPortMatchesGoCohere_5311
unknown	github.com/system-inc/adamic/stage1/cohere/json	TestPortMatchesGoCohere_5310
unknown	github.com/system-inc/adamic/stage1/cohere/json	TestPortMatchesGoCohere_5131
unknown	github.com/system-inc/adamic/stage1/cohere/json	TestPortMatchesGoCohere_5309
unknown	github.com/system-inc/adamic/stage1/cohere/json	TestPortMatchesGoCohere_5130
unknown	github.com/system-inc/adamic/stage1/cohere/json	TestPortMatchesGoCohere_5129
unknown	github.com/system-inc/adamic/stage1/cohere/json	TestPortMatchesGoCohere_5308
unknown	github.com/system-inc/adamic/stage1/cohere/json	TestPortMatchesGoCohere_5180
unknown	github.com/system-inc/adamic/stage1/cohere/json	TestPortMatchesGoCohere_5179
unknown	github.com/system-inc/adamic/stage1/cohere/json	TestPortMatchesGoCohere_5128
unknown	github.com/system-inc/adamic/stage1/cohere/json	TestPortMatchesGoCohere_5032
unknown	github.com/system-inc/adamic/stage1/cohere/json	TestPortMatchesGoCohere_5126
unknown	github.com/system-inc/adamic/stage1/cohere/json	TestPortMatchesGoCohere_5127
unknown	github.com/system-inc/adamic/stage1/cohere/json	TestPortMatchesGoCohere_5178
unknown	github.com/system-inc/adamic/stage1/cohere/json	TestPortMatchesGoCohere_5307
unknown	github.com/system-inc/adamic/stage1/cohere/json	TestPortMatchesGoCohere_5125
unknown	github.com/system-inc/adamic/stage1/cohere/json	TestPortMatchesGoCohere_5177
unknown	github.com/system-inc/adamic/stage1/cohere/json	TestPortMatchesGoCohere_5176
unknown	github.com/system-inc/adamic/stage1/cohere/json	TestPortMatchesGoCohere_5124
unknown	github.com/system-inc/adamic/stage1/cohere/json	TestPortMatchesGoCohere_5306
unknown	github.com/system-inc/adamic/stage1/cohere/json	TestPortMatchesGoCohere_5123
unknown	github.com/system-inc/adamic/stage1/cohere/json	TestPortMatchesGoCohere_5175
unknown	github.com/system-inc/adamic/stage1/cohere/json	TestPortMatchesGoCohere_5305
unknown	github.com/system-inc/adamic/stage1/cohere/json	TestPortMatchesGoCohere_5174
unknown	github.com/system-inc/adamic/stage1/cohere/json	TestPortMatchesGoCohere_5304
unknown	github.com/system-inc/adamic/stage1/cohere/json	TestPortMatchesGoCohere_5122
unknown	github.com/system-inc/adamic/stage1/cohere/json	TestPortMatchesGoCohere_5173
unknown	github.com/system-inc/adamic/stage1/cohere/json	TestPortMatchesGoCohere_5303
unknown	github.com/system-inc/adamic/stage1/cohere/json	TestPortMatchesGoCohere_5121
unknown	github.com/system-inc/adamic/stage1/cohere/json	TestPortMatchesGoCohere_5302
unknown	github.com/system-inc/adamic/stage1/cohere/json	TestPortMatchesGoCohere_5172
unknown	github.com/system-inc/adamic/stage1/cohere/json	TestPortMatchesGoCohere_5171
unknown	github.com/system-inc/adamic/stage1/cohere/json	TestPortMatchesGoCohere_5301
unknown	github.com/system-inc/adamic/stage1/cohere/json	TestPortMatchesGoCohere_5170
unknown	github.com/system-inc/adamic/stage1/cohere/json	TestPortMatchesGoCohere_5120
unknown	github.com/system-inc/adamic/stage1/cohere/json	TestPortMatchesGoCohere_5300
unknown	github.com/system-inc/adamic/stage1/cohere/json	TestPortMatchesGoCohere_5118
unknown	github.com/system-inc/adamic/stage1/cohere/json	TestPortMatchesGoCohere_5119
unknown	github.com/system-inc/adamic/stage1/cohere/json	TestPortMatchesGoCohere_5031
unknown	github.com/system-inc/adamic/stage1/cohere/json	TestPortMatchesGoCohere_5299
unknown	github.com/system-inc/adamic/stage1/cohere/json	TestPortMatchesGoCohere_5169
unknown	github.com/system-inc/adamic/stage1/cohere/json	TestPortMatchesGoCohere_5117
unknown	github.com/system-inc/adamic/stage1/cohere/json	TestPortMatchesGoCohere_5116
unknown	github.com/system-inc/adamic/stage1/cohere/json	TestPortMatchesGoCohere_5114
unknown	github.com/system-inc/adamic/stage1/cohere/json	TestPortMatchesGoCohere_5168
unknown	github.com/system-inc/adamic/stage1/cohere/json	TestPortMatchesGoCohere_5115
unknown	github.com/system-inc/adamic/stage1/cohere/json	TestPortMatchesGoCohere_5167
unknown	github.com/system-inc/adamic/stage1/cohere/json	TestPortMatchesGoCohere_5298
unknown	github.com/system-inc/adamic/stage1/cohere/json	TestPortMatchesGoCohere_5297
unknown	github.com/system-inc/adamic/stage1/cohere/json	TestPortMatchesGoCohere_5113
unknown	github.com/system-inc/adamic/stage1/cohere/json	TestPortMatchesGoCohere_5166
unknown	github.com/system-inc/adamic/stage1/cohere/json	TestPortMatchesGoCohere_5112
unknown	github.com/system-inc/adamic/stage1/cohere/json	TestPortMatchesGoCohere_5296
unknown	github.com/system-inc/adamic/stage1/cohere/json	TestPortMatchesGoCohere_5111
unknown	github.com/system-inc/adamic/stage1/cohere/json	TestPortMatchesGoCohere_5295
unknown	github.com/system-inc/adamic/stage1/cohere/json	TestPortMatchesGoCohere_5110
unknown	github.com/system-inc/adamic/stage1/cohere/json	TestPortMatchesGoCohere_5030
unknown	github.com/system-inc/adamic/stage1/cohere/json	TestPortMatchesGoCohere_5109
unknown	github.com/system-inc/adamic/stage1/cohere/json	TestPortMatchesGoCohere_5029
unknown	github.com/system-inc/adamic/stage1/cohere/json	TestPortMatchesGoCohere_5108
unknown	github.com/system-inc/adamic/stage1/cohere/json	TestPortMatchesGoCohere_5028
unknown	github.com/system-inc/adamic/stage1/cohere/json	TestPortMatchesGoCohere_5027
unknown	github.com/system-inc/adamic/stage1/cohere/json	TestPortMatchesGoCohere_5107
unknown	github.com/system-inc/adamic/stage1/cohere/json	TestPortMatchesGoCohere_4902
unknown	github.com/system-inc/adamic/stage1/cohere/json	TestPortMatchesGoCohere_5025
unknown	github.com/system-inc/adamic/stage1/cohere/json	TestPortMatchesGoCohere_4901
unknown	github.com/system-inc/adamic/stage1/cohere/json	TestPortMatchesGoCohere_5106
unknown	github.com/system-inc/adamic/stage1/cohere/json	TestPortMatchesGoCohere_5026
unknown	github.com/system-inc/adamic/stage1/cohere/json	TestPortMatchesGoCohere_5024
unknown	github.com/system-inc/adamic/stage1/cohere/json	TestPortMatchesGoCohere_4900
unknown	github.com/system-inc/adamic/stage1/cohere/json	TestPortMatchesGoCohere_5022
unknown	github.com/system-inc/adamic/stage1/cohere/json	TestPortMatchesGoCohere_5105
unknown	github.com/system-inc/adamic/stage1/cohere/json	TestPortMatchesGoCohere_4899
unknown	github.com/system-inc/adamic/stage1/cohere/json	TestPortMatchesGoCohere_4898
unknown	github.com/system-inc/adamic/stage1/cohere/json	TestPortMatchesGoCohere_5104
unknown	github.com/system-inc/adamic/stage1/cohere/json	TestPortMatchesGoCohere_5021
unknown	github.com/system-inc/adamic/stage1/cohere/json	TestPortMatchesGoCohere_5023
unknown	github.com/system-inc/adamic/stage1/cohere/json	TestPortMatchesGoCohere_4897
unknown	github.com/system-inc/adamic/stage1/cohere/json	TestPortMatchesGoCohere_5020
unknown	github.com/system-inc/adamic/stage1/cohere/json	TestPortMatchesGoCohere_5019
unknown	github.com/system-inc/adamic/stage1/cohere/json	TestPortMatchesGoCohere_4974
unknown	github.com/system-inc/adamic/stage1/cohere/json	TestPortMatchesGoCohere_4895
unknown	github.com/system-inc/adamic/stage1/cohere/json	TestPortMatchesGoCohere_5102
unknown	github.com/system-inc/adamic/stage1/cohere/json	TestPortMatchesGoCohere_5018
unknown	github.com/system-inc/adamic/stage1/cohere/json	TestPortMatchesGoCohere_4896
unknown	github.com/system-inc/adamic/stage1/cohere/json	TestPortMatchesGoCohere_5101
unknown	github.com/system-inc/adamic/stage1/cohere/json	TestPortMatchesGoCohere_5016
unknown	github.com/system-inc/adamic/stage1/cohere/json	TestPortMatchesGoCohere_4893
unknown	github.com/system-inc/adamic/stage1/cohere/json	TestPortMatchesGoCohere_4894
unknown	github.com/system-inc/adamic/stage1/cohere/json	TestPortMatchesGoCohere_5100
unknown	github.com/system-inc/adamic/stage1/cohere/json	TestPortMatchesGoCohere_5017
unknown	github.com/system-inc/adamic/stage1/cohere/json	TestPortMatchesGoCohere_5015
unknown	github.com/system-inc/adamic/stage1/cohere/json	TestPortMatchesGoCohere_5098
unknown	github.com/system-inc/adamic/stage1/cohere/json	TestPortMatchesGoCohere_5099
unknown	github.com/system-inc/adamic/stage1/cohere/json	TestPortMatchesGoCohere_5014
unknown	github.com/system-inc/adamic/stage1/cohere/json	TestPortMatchesGoCohere_4891
unknown	github.com/system-inc/adamic/stage1/cohere/json	TestPortMatchesGoCohere_5097
unknown	github.com/system-inc/adamic/stage1/cohere/json	TestPortMatchesGoCohere_4892
unknown	github.com/system-inc/adamic/stage1/cohere/json	TestPortMatchesGoCohere_5012
unknown	github.com/system-inc/adamic/stage1/cohere/json	TestPortMatchesGoCohere_5011
unknown	github.com/system-inc/adamic/stage1/cohere/json	TestPortMatchesGoCohere_5013
unknown	github.com/system-inc/adamic/stage1/cohere/json	TestPortMatchesGoCohere_4890
unknown	github.com/system-inc/adamic/stage1/cohere/json	TestPortMatchesGoCohere_5096
unknown	github.com/system-inc/adamic/stage1/cohere/json	TestPortMatchesGoCohere_4889
unknown	github.com/system-inc/adamic/stage1/cohere/json	TestPortMatchesGoCohere_5094
unknown	github.com/system-inc/adamic/stage1/cohere/json	TestPortMatchesGoCohere_5010
unknown	github.com/system-inc/adamic/stage1/cohere/json	TestPortMatchesGoCohere_5095
unknown	github.com/system-inc/adamic/stage1/cohere/json	TestPortMatchesGoCohere_4888
unknown	github.com/system-inc/adamic/stage1/cohere/json	TestPortMatchesGoCohere_5008
unknown	github.com/system-inc/adamic/stage1/cohere/json	TestPortMatchesGoCohere_5009
unknown	github.com/system-inc/adamic/stage1/cohere/json	TestPortMatchesGoCohere_5093
unknown	github.com/system-inc/adamic/stage1/cohere/json	TestPortMatchesGoCohere_4887
unknown	github.com/system-inc/adamic/stage1/cohere/json	TestPortMatchesGoCohere_5007
unknown	github.com/system-inc/adamic/stage1/cohere/json	TestPortMatchesGoCohere_5092
unknown	github.com/system-inc/adamic/stage1/cohere/json	TestPortMatchesGoCohere_5006
unknown	github.com/system-inc/adamic/stage1/cohere/json	TestPortMatchesGoCohere_4886
unknown	github.com/system-inc/adamic/stage1/cohere/json	TestPortMatchesGoCohere_4885
unknown	github.com/system-inc/adamic/stage1/cohere/json	TestPortMatchesGoCohere_4774
unknown	github.com/system-inc/adamic/stage1/cohere/json	TestPortMatchesGoCohere_4884
unknown	github.com/system-inc/adamic/stage1/cohere/json	TestPortMatchesGoCohere_4883
unknown	github.com/system-inc/adamic/stage1/cohere/json	TestPortMatchesGoCohere_5005
unknown	github.com/system-inc/adamic/stage1/cohere/json	TestPortMatchesGoCohere_4882
unknown	github.com/system-inc/adamic/stage1/cohere/json	TestPortMatchesGoCohere_5091
unknown	github.com/system-inc/adamic/stage1/cohere/json	TestPortMatchesGoCohere_4881
unknown	github.com/system-inc/adamic/stage1/cohere/json	TestPortMatchesGoCohere_5090
unknown	github.com/system-inc/adamic/stage1/cohere/json	TestPortMatchesGoCohere_4880
unknown	github.com/system-inc/adamic/stage1/cohere/json	TestPortMatchesGoCohere_5089
unknown	github.com/system-inc/adamic/stage1/cohere/json	TestPortMatchesGoCohere_5088
unknown	github.com/system-inc/adamic/stage1/cohere/json	TestPortMatchesGoCohere_5004
unknown	github.com/system-inc/adamic/stage1/cohere/json	TestPortMatchesGoCohere_4879
unknown	github.com/system-inc/adamic/stage1/cohere/json	TestPortMatchesGoCohere_4878
unknown	github.com/system-inc/adamic/stage1/cohere/json	TestPortMatchesGoCohere_5086
unknown	github.com/system-inc/adamic/stage1/cohere/json	TestPortMatchesGoCohere_5087
unknown	github.com/system-inc/adamic/stage1/cohere/json	TestPortMatchesGoCohere_5003
unknown	github.com/system-inc/adamic/stage1/cohere/json	TestPortMatchesGoCohere_4877
unknown	github.com/system-inc/adamic/stage1/cohere/json	TestPortMatchesGoCohere_5085
unknown	github.com/system-inc/adamic/stage1/cohere/json	TestPortMatchesGoCohere_4876
unknown	github.com/system-inc/adamic/stage1/cohere/json	TestPortMatchesGoCohere_4875
unknown	github.com/system-inc/adamic/stage1/cohere/json	TestPortMatchesGoCohere_5002
unknown	github.com/system-inc/adamic/stage1/cohere/json	TestPortMatchesGoCohere_5084
unknown	github.com/system-inc/adamic/stage1/cohere/json	TestPortMatchesGoCohere_4874
unknown	github.com/system-inc/adamic/stage1/cohere/json	TestPortMatchesGoCohere_5001
unknown	github.com/system-inc/adamic/stage1/cohere/json	TestPortMatchesGoCohere_4873
unknown	github.com/system-inc/adamic/stage1/cohere/json	TestPortMatchesGoCohere_5000
unknown	github.com/system-inc/adamic/stage1/cohere/json	TestPortMatchesGoCohere_4872
unknown	github.com/system-inc/adamic/stage1/cohere/json	TestPortMatchesGoCohere_4999
unknown	github.com/system-inc/adamic/stage1/cohere/json	TestPortMatchesGoCohere_4871
unknown	github.com/system-inc/adamic/stage1/cohere/json	TestPortMatchesGoCohere_4998
unknown	github.com/system-inc/adamic/stage1/cohere/json	TestPortMatchesGoCohere_5083
unknown	github.com/system-inc/adamic/stage1/cohere/json	TestPortMatchesGoCohere_4870
unknown	github.com/system-inc/adamic/stage1/cohere/json	TestPortMatchesGoCohere_4997
unknown	github.com/system-inc/adamic/stage1/cohere/json	TestPortMatchesGoCohere_4996
unknown	github.com/system-inc/adamic/stage1/cohere/json	TestPortMatchesGoCohere_5082
unknown	github.com/system-inc/adamic/stage1/cohere/json	TestPortMatchesGoCohere_4869
unknown	github.com/system-inc/adamic/stage1/cohere/json	TestPortMatchesGoCohere_4995
unknown	github.com/system-inc/adamic/stage1/cohere/json	TestPortMatchesGoCohere_5081
unknown	github.com/system-inc/adamic/stage1/cohere/json	TestPortMatchesGoCohere_4868
unknown	github.com/system-inc/adamic/stage1/cohere/json	TestPortMatchesGoCohere_4994
unknown	github.com/system-inc/adamic/stage1/cohere/json	TestPortMatchesGoCohere_4867
unknown	github.com/system-inc/adamic/stage1/cohere/json	TestPortMatchesGoCohere_4993
unknown	github.com/system-inc/adamic/stage1/cohere/json	TestPortMatchesGoCohere_5080
unknown	github.com/system-inc/adamic/stage1/cohere/json	TestPortMatchesGoCohere_4992
unknown	github.com/system-inc/adamic/stage1/cohere/json	TestPortMatchesGoCohere_5079
unknown	github.com/system-inc/adamic/stage1/cohere/json	TestPortMatchesGoCohere_4991
unknown	github.com/system-inc/adamic/stage1/cohere/json	TestPortMatchesGoCohere_4990
unknown	github.com/system-inc/adamic/stage1/cohere/json	TestPortMatchesGoCohere_5078
unknown	github.com/system-inc/adamic/stage1/cohere/json	TestPortMatchesGoCohere_5077
unknown	github.com/system-inc/adamic/stage1/cohere/json	TestPortMatchesGoCohere_4866
unknown	github.com/system-inc/adamic/stage1/cohere/json	TestPortMatchesGoCohere_5076
unknown	github.com/system-inc/adamic/stage1/cohere/json	TestPortMatchesGoCohere_4989
unknown	github.com/system-inc/adamic/stage1/cohere/json	TestPortMatchesGoCohere_4865
unknown	github.com/system-inc/adamic/stage1/cohere/json	TestPortMatchesGoCohere_4988
unknown	github.com/system-inc/adamic/stage1/cohere/json	TestPortMatchesGoCohere_4864
unknown	github.com/system-inc/adamic/stage1/cohere/json	TestPortMatchesGoCohere_5075
unknown	github.com/system-inc/adamic/stage1/cohere/json	TestPortMatchesGoCohere_5074
unknown	github.com/system-inc/adamic/stage1/cohere/json	TestPortMatchesGoCohere_4986
unknown	github.com/system-inc/adamic/stage1/cohere/json	TestPortMatchesGoCohere_4862
unknown	github.com/system-inc/adamic/stage1/cohere/json	TestPortMatchesGoCohere_4863
unknown	github.com/system-inc/adamic/stage1/cohere/json	TestPortMatchesGoCohere_4861
unknown	github.com/system-inc/adamic/stage1/cohere/json	TestPortMatchesGoCohere_5073
unknown	github.com/system-inc/adamic/stage1/cohere/json	TestPortMatchesGoCohere_4987
unknown	github.com/system-inc/adamic/stage1/cohere/json	TestPortMatchesGoCohere_4985
unknown	github.com/system-inc/adamic/stage1/cohere/json	TestPortMatchesGoCohere_4860
unknown	github.com/system-inc/adamic/stage1/cohere/json	TestPortMatchesGoCohere_4984
unknown	github.com/system-inc/adamic/stage1/cohere/json	TestPortMatchesGoCohere_4859
unknown	github.com/system-inc/adamic/stage1/cohere/json	TestPortMatchesGoCohere_5072
unknown	github.com/system-inc/adamic/stage1/cohere/json	TestPortMatchesGoCohere_5070
unknown	github.com/system-inc/adamic/stage1/cohere/json	TestPortMatchesGoCohere_5071
unknown	github.com/system-inc/adamic/stage1/cohere/json	TestPortMatchesGoCohere_4983
unknown	github.com/system-inc/adamic/stage1/cohere/json	TestPortMatchesGoCohere_4858
unknown	github.com/system-inc/adamic/stage1/cohere/json	TestPortMatchesGoCohere_4982
unknown	github.com/system-inc/adamic/stage1/cohere/json	TestPortMatchesGoCohere_5068
unknown	github.com/system-inc/adamic/stage1/cohere/json	TestPortMatchesGoCohere_4857
unknown	github.com/system-inc/adamic/stage1/cohere/json	TestPortMatchesGoCohere_4980
unknown	github.com/system-inc/adamic/stage1/cohere/json	TestPortMatchesGoCohere_5069
unknown	github.com/system-inc/adamic/stage1/cohere/json	TestPortMatchesGoCohere_4856
unknown	github.com/system-inc/adamic/stage1/cohere/json	TestPortMatchesGoCohere_5067
unknown	github.com/system-inc/adamic/stage1/cohere/json	TestPortMatchesGoCohere_4979
unknown	github.com/system-inc/adamic/stage1/cohere/json	TestPortMatchesGoCohere_4978
unknown	github.com/system-inc/adamic/stage1/cohere/json	TestPortMatchesGoCohere_4977
unknown	github.com/system-inc/adamic/stage1/cohere/json	TestPortMatchesGoCohere_4855
unknown	github.com/system-inc/adamic/stage1/cohere/json	TestPortMatchesGoCohere_4773
unknown	github.com/system-inc/adamic/stage1/cohere/json	TestPortMatchesGoCohere_4981
unknown	github.com/system-inc/adamic/stage1/cohere/json	TestPortMatchesGoCohere_4976
unknown	github.com/system-inc/adamic/stage1/cohere/json	TestPortMatchesGoCohere_4854
unknown	github.com/system-inc/adamic/stage1/cohere/json	TestPortMatchesGoCohere_4975
unknown	github.com/system-inc/adamic/stage1/cohere/json	TestPortMatchesGoCohere_4845
unknown	github.com/system-inc/adamic/stage1/cohere/json	TestPortMatchesGoCohere_4853
unknown	github.com/system-inc/adamic/stage1/cohere/json	TestPortMatchesGoCohere_5065
unknown	github.com/system-inc/adamic/stage1/cohere/json	TestPortMatchesGoCohere_5064
unknown	github.com/system-inc/adamic/stage1/cohere/json	TestPortMatchesGoCohere_4852
unknown	github.com/system-inc/adamic/stage1/cohere/json	TestPortMatchesGoCohere_5063
unknown	github.com/system-inc/adamic/stage1/cohere/json	TestPortMatchesGoCohere_5066
unknown	github.com/system-inc/adamic/stage1/cohere/json	TestPortMatchesGoCohere_4973
unknown	github.com/system-inc/adamic/stage1/cohere/json	TestPortMatchesGoCohere_4851
unknown	github.com/system-inc/adamic/stage1/cohere/json	TestPortMatchesGoCohere_5062
unknown	github.com/system-inc/adamic/stage1/cohere/json	TestPortMatchesGoCohere_4850
unknown	github.com/system-inc/adamic/stage1/cohere/json	TestPortMatchesGoCohere_4849
unknown	github.com/system-inc/adamic/stage1/cohere/json	TestPortMatchesGoCohere_4772
unknown	github.com/system-inc/adamic/stage1/cohere/json	TestPortMatchesGoCohere_4848
unknown	github.com/system-inc/adamic/stage1/cohere/json	TestPortMatchesGoCohere_5061
unknown	github.com/system-inc/adamic/stage1/cohere/json	TestPortMatchesGoCohere_4847
unknown	github.com/system-inc/adamic/stage1/cohere/json	TestPortMatchesGoCohere_4716
unknown	github.com/system-inc/adamic/stage1/cohere/json	TestPortMatchesGoCohere_4844
unknown	github.com/system-inc/adamic/stage1/cohere/json	TestPortMatchesGoCohere_4843
unknown	github.com/system-inc/adamic/stage1/cohere/json	TestPortMatchesGoCohere_4842
unknown	github.com/system-inc/adamic/stage1/cohere/json	TestPortMatchesGoCohere_4841
unknown	github.com/system-inc/adamic/stage1/cohere/json	TestPortMatchesGoCohere_4840
unknown	github.com/system-inc/adamic/stage1/cohere/json	TestPortMatchesGoCohere_4846
unknown	github.com/system-inc/adamic/stage1/cohere/json	TestPortMatchesGoCohere_4839
unknown	github.com/system-inc/adamic/stage1/cohere/json	TestPortMatchesGoCohere_4838
unknown	github.com/system-inc/adamic/stage1/cohere/json	TestPortMatchesGoCohere_4837
unknown	github.com/system-inc/adamic/stage1/cohere/json	TestPortMatchesGoCohere_5060
unknown	github.com/system-inc/adamic/stage1/cohere/json	TestPortMatchesGoCohere_5059
unknown	github.com/system-inc/adamic/stage1/cohere/json	TestPortMatchesGoCohere_4836
unknown	github.com/system-inc/adamic/stage1/cohere/json	TestPortMatchesGoCohere_4835
unknown	github.com/system-inc/adamic/stage1/cohere/json	TestPortMatchesGoCohere_5058
unknown	github.com/system-inc/adamic/stage1/cohere/json	TestPortMatchesGoCohere_4972
unknown	github.com/system-inc/adamic/stage1/cohere/json	TestPortMatchesGoCohere_4834
unknown	github.com/system-inc/adamic/stage1/cohere/json	TestPortMatchesGoCohere_4833
unknown	github.com/system-inc/adamic/stage1/cohere/json	TestPortMatchesGoCohere_5056
unknown	github.com/system-inc/adamic/stage1/cohere/json	TestPortMatchesGoCohere_5057
unknown	github.com/system-inc/adamic/stage1/cohere/json	TestPortMatchesGoCohere_4832
unknown	github.com/system-inc/adamic/stage1/cohere/json	TestPortMatchesGoCohere_4971
unknown	github.com/system-inc/adamic/stage1/cohere/json	TestPortMatchesGoCohere_5055
unknown	github.com/system-inc/adamic/stage1/cohere/json	TestPortMatchesGoCohere_4831
unknown	github.com/system-inc/adamic/stage1/cohere/json	TestPortMatchesGoCohere_4970
unknown	github.com/system-inc/adamic/stage1/cohere/json	TestPortMatchesGoCohere_4969
unknown	github.com/system-inc/adamic/stage1/cohere/json	TestPortMatchesGoCohere_5054
unknown	github.com/system-inc/adamic/stage1/cohere/json	TestPortMatchesGoCohere_4968
unknown	github.com/system-inc/adamic/stage1/cohere/json	TestPortMatchesGoCohere_4830
unknown	github.com/system-inc/adamic/stage1/cohere/json	TestPortMatchesGoCohere_5053
unknown	github.com/system-inc/adamic/stage1/cohere/json	TestPortMatchesGoCohere_5052
unknown	github.com/system-inc/adamic/stage1/cohere/json	TestPortMatchesGoCohere_4829
unknown	github.com/system-inc/adamic/stage1/cohere/json	TestPortMatchesGoCohere_4966
unknown	github.com/system-inc/adamic/stage1/cohere/json	TestPortMatchesGoCohere_4828
unknown	github.com/system-inc/adamic/stage1/cohere/json	TestPortMatchesGoCohere_5050
unknown	github.com/system-inc/adamic/stage1/cohere/json	TestPortMatchesGoCohere_4964
unknown	github.com/system-inc/adamic/stage1/cohere/json	TestPortMatchesGoCohere_4967
unknown	github.com/system-inc/adamic/stage1/cohere/json	TestPortMatchesGoCohere_4965
unknown	github.com/system-inc/adamic/stage1/cohere/json	TestPortMatchesGoCohere_5049
unknown	github.com/system-inc/adamic/stage1/cohere/json	TestPortMatchesGoCohere_4963
unknown	github.com/system-inc/adamic/stage1/cohere/json	TestPortMatchesGoCohere_5048
unknown	github.com/system-inc/adamic/stage1/cohere/json	TestPortMatchesGoCohere_5051
unknown	github.com/system-inc/adamic/stage1/cohere/json	TestPortMatchesGoCohere_4826
unknown	github.com/system-inc/adamic/stage1/cohere/json	TestPortMatchesGoCohere_4827
unknown	github.com/system-inc/adamic/stage1/cohere/json	TestPortMatchesGoCohere_5047
unknown	github.com/system-inc/adamic/stage1/cohere/json	TestPortMatchesGoCohere_4962
unknown	github.com/system-inc/adamic/stage1/cohere/json	TestPortMatchesGoCohere_5046
unknown	github.com/system-inc/adamic/stage1/cohere/json	TestPortMatchesGoCohere_5045
unknown	github.com/system-inc/adamic/stage1/cohere/json	TestPortMatchesGoCohere_4825
unknown	github.com/system-inc/adamic/stage1/cohere/json	TestPortMatchesGoCohere_4824
unknown	github.com/system-inc/adamic/stage1/cohere/json	TestPortMatchesGoCohere_5044
unknown	github.com/system-inc/adamic/stage1/cohere/json	TestPortMatchesGoCohere_4823
unknown	github.com/system-inc/adamic/stage1/cohere/json	TestPortMatchesGoCohere_5043
unknown	github.com/system-inc/adamic/stage1/cohere/json	TestPortMatchesGoCohere_4822
unknown	github.com/system-inc/adamic/stage1/cohere/json	TestPortMatchesGoCohere_4961
unknown	github.com/system-inc/adamic/stage1/cohere/json	TestPortMatchesGoCohere_4821
unknown	github.com/system-inc/adamic/stage1/cohere/json	TestPortMatchesGoCohere_5041
unknown	github.com/system-inc/adamic/stage1/cohere/json	TestPortMatchesGoCohere_4960
unknown	github.com/system-inc/adamic/stage1/cohere/json	TestPortMatchesGoCohere_5042
unknown	github.com/system-inc/adamic/stage1/cohere/json	TestPortMatchesGoCohere_4959
unknown	github.com/system-inc/adamic/stage1/cohere/json	TestPortMatchesGoCohere_4820
unknown	github.com/system-inc/adamic/stage1/cohere/json	TestPortMatchesGoCohere_5039
unknown	github.com/system-inc/adamic/stage1/cohere/json	TestPortMatchesGoCohere_5038
unknown	github.com/system-inc/adamic/stage1/cohere/json	TestPortMatchesGoCohere_4819
unknown	github.com/system-inc/adamic/stage1/cohere/json	TestPortMatchesGoCohere_5040
unknown	github.com/system-inc/adamic/stage1/cohere/json	TestPortMatchesGoCohere_5037
unknown	github.com/system-inc/adamic/stage1/cohere/json	TestPortMatchesGoCohere_4818
unknown	github.com/system-inc/adamic/stage1/cohere/json	TestPortMatchesGoCohere_5036
unknown	github.com/system-inc/adamic/stage1/cohere/json	TestPortMatchesGoCohere_4958
unknown	github.com/system-inc/adamic/stage1/cohere/json	TestPortMatchesGoCohere_4817
unknown	github.com/system-inc/adamic/stage1/cohere/json	TestPortMatchesGoCohere_5035
unknown	github.com/system-inc/adamic/stage1/cohere/json	TestPortMatchesGoCohere_4957
unknown	github.com/system-inc/adamic/stage1/cohere/json	TestPortMatchesGoCohere_4816
unknown	github.com/system-inc/adamic/stage1/cohere/json	TestPortMatchesGoCohere_4956
unknown	github.com/system-inc/adamic/stage1/cohere/json	TestPortMatchesGoCohere_4955
unknown	github.com/system-inc/adamic/stage1/cohere/json	TestPortMatchesGoCohere_5034
unknown	github.com/system-inc/adamic/stage1/cohere/json	TestPortMatchesGoCohere_4815
unknown	github.com/system-inc/adamic/stage1/cohere/json	TestPortMatchesGoCohere_4954
unknown	github.com/system-inc/adamic/stage1/cohere/json	TestPortMatchesGoCohere_4814
unknown	github.com/system-inc/adamic/stage1/cohere/json	TestPortMatchesGoCohere_4953
unknown	github.com/system-inc/adamic/stage1/cohere/json	TestPortMatchesGoCohere_4813
unknown	github.com/system-inc/adamic/stage1/cohere/json	TestPortMatchesGoCohere_4952
unknown	github.com/system-inc/adamic/stage1/cohere/json	TestPortMatchesGoCohere_4951
unknown	github.com/system-inc/adamic/stage1/cohere/json	TestPortMatchesGoCohere_4812
unknown	github.com/system-inc/adamic/stage1/cohere/json	TestPortMatchesGoCohere_4950
unknown	github.com/system-inc/adamic/stage1/cohere/json	TestPortMatchesGoCohere_4949
unknown	github.com/system-inc/adamic/stage1/cohere/json	TestPortMatchesGoCohere_4771
unknown	github.com/system-inc/adamic/stage1/cohere/json	TestPortMatchesGoCohere_4811
unknown	github.com/system-inc/adamic/stage1/cohere/json	TestPortMatchesGoCohere_4948
unknown	github.com/system-inc/adamic/stage1/cohere/json	TestPortMatchesGoCohere_4810
unknown	github.com/system-inc/adamic/stage1/cohere/json	TestPortMatchesGoCohere_4770
unknown	github.com/system-inc/adamic/stage1/cohere/json	TestPortMatchesGoCohere_4947
unknown	github.com/system-inc/adamic/stage1/cohere/json	TestPortMatchesGoCohere_4809
unknown	github.com/system-inc/adamic/stage1/cohere/json	TestPortMatchesGoCohere_4643
unknown	github.com/system-inc/adamic/stage1/cohere/json	TestPortMatchesGoCohere_4808
unknown	github.com/system-inc/adamic/stage1/cohere/json	TestPortMatchesGoCohere_4945
unknown	github.com/system-inc/adamic/stage1/cohere/json	TestPortMatchesGoCohere_4769
unknown	github.com/system-inc/adamic/stage1/cohere/json	TestPortMatchesGoCohere_4807
unknown	github.com/system-inc/adamic/stage1/cohere/json	TestPortMatchesGoCohere_4806
unknown	github.com/system-inc/adamic/stage1/cohere/json	TestPortMatchesGoCohere_4766
unknown	github.com/system-inc/adamic/stage1/cohere/json	TestPortMatchesGoCohere_4767
unknown	github.com/system-inc/adamic/stage1/cohere/json	TestPortMatchesGoCohere_4946
unknown	github.com/system-inc/adamic/stage1/cohere/json	TestPortMatchesGoCohere_4765
unknown	github.com/system-inc/adamic/stage1/cohere/json	TestPortMatchesGoCohere_4762
unknown	github.com/system-inc/adamic/stage1/cohere/json	TestPortMatchesGoCohere_4764
unknown	github.com/system-inc/adamic/stage1/cohere/json	TestPortMatchesGoCohere_4763
unknown	github.com/system-inc/adamic/stage1/cohere/json	TestPortMatchesGoCohere_4768
unknown	github.com/system-inc/adamic/stage1/cohere/json	TestPortMatchesGoCohere_4760
unknown	github.com/system-inc/adamic/stage1/cohere/json	TestPortMatchesGoCohere_4758
unknown	github.com/system-inc/adamic/stage1/cohere/json	TestPortMatchesGoCohere_4757
unknown	github.com/system-inc/adamic/stage1/cohere/json	TestPortMatchesGoCohere_4756
unknown	github.com/system-inc/adamic/stage1/cohere/json	TestPortMatchesGoCohere_4805
unknown	github.com/system-inc/adamic/stage1/cohere/json	TestPortMatchesGoCohere_4759
unknown	github.com/system-inc/adamic/stage1/cohere/json	TestPortMatchesGoCohere_4761
unknown	github.com/system-inc/adamic/stage1/cohere/json	TestPortMatchesGoCohere_4804
unknown	github.com/system-inc/adamic/stage1/cohere/json	TestPortMatchesGoCohere_4755
unknown	github.com/system-inc/adamic/stage1/cohere/json	TestPortMatchesGoCohere_4802
unknown	github.com/system-inc/adamic/stage1/cohere/json	TestPortMatchesGoCohere_4944
unknown	github.com/system-inc/adamic/stage1/cohere/json	TestPortMatchesGoCohere_4754
unknown	github.com/system-inc/adamic/stage1/cohere/json	TestPortMatchesGoCohere_4943
unknown	github.com/system-inc/adamic/stage1/cohere/json	TestPortMatchesGoCohere_4801
unknown	github.com/system-inc/adamic/stage1/cohere/json	TestPortMatchesGoCohere_4753
unknown	github.com/system-inc/adamic/stage1/cohere/json	TestPortMatchesGoCohere_4752
unknown	github.com/system-inc/adamic/stage1/cohere/json	TestPortMatchesGoCohere_4942
unknown	github.com/system-inc/adamic/stage1/cohere/json	TestPortMatchesGoCohere_4751
unknown	github.com/system-inc/adamic/stage1/cohere/json	TestPortMatchesGoCohere_4803
unknown	github.com/system-inc/adamic/stage1/cohere/json	TestPortMatchesGoCohere_4941
unknown	github.com/system-inc/adamic/stage1/cohere/json	TestPortMatchesGoCohere_4800
unknown	github.com/system-inc/adamic/stage1/cohere/json	TestPortMatchesGoCohere_4799
unknown	github.com/system-inc/adamic/stage1/cohere/json	TestPortMatchesGoCohere_4940
unknown	github.com/system-inc/adamic/stage1/cohere/json	TestPortMatchesGoCohere_4750
unknown	github.com/system-inc/adamic/stage1/cohere/json	TestPortMatchesGoCohere_4749
unknown	github.com/system-inc/adamic/stage1/cohere/json	TestPortMatchesGoCohere_4939
unknown	github.com/system-inc/adamic/stage1/cohere/json	TestPortMatchesGoCohere_4798
unknown	github.com/system-inc/adamic/stage1/cohere/json	TestPortMatchesGoCohere_4748
unknown	github.com/system-inc/adamic/stage1/cohere/json	TestPortMatchesGoCohere_4797
unknown	github.com/system-inc/adamic/stage1/cohere/json	TestPortMatchesGoCohere_4746
unknown	github.com/system-inc/adamic/stage1/cohere/json	TestPortMatchesGoCohere_4747
unknown	github.com/system-inc/adamic/stage1/cohere/json	TestPortMatchesGoCohere_4938
unknown	github.com/system-inc/adamic/stage1/cohere/json	TestPortMatchesGoCohere_4796
unknown	github.com/system-inc/adamic/stage1/cohere/json	TestPortMatchesGoCohere_4745
unknown	github.com/system-inc/adamic/stage1/cohere/json	TestPortMatchesGoCohere_4936
unknown	github.com/system-inc/adamic/stage1/cohere/json	TestPortMatchesGoCohere_4642
unknown	github.com/system-inc/adamic/stage1/cohere/json	TestPortMatchesGoCohere_4935
unknown	github.com/system-inc/adamic/stage1/cohere/json	TestPortMatchesGoCohere_4937
unknown	github.com/system-inc/adamic/stage1/cohere/json	TestPortMatchesGoCohere_4795
unknown	github.com/system-inc/adamic/stage1/cohere/json	TestPortMatchesGoCohere_4794
unknown	github.com/system-inc/adamic/stage1/cohere/json	TestPortMatchesGoCohere_4793
unknown	github.com/system-inc/adamic/stage1/cohere/json	TestPortMatchesGoCohere_4744
unknown	github.com/system-inc/adamic/stage1/cohere/json	TestPortMatchesGoCohere_4934
unknown	github.com/system-inc/adamic/stage1/cohere/json	TestPortMatchesGoCohere_4743
unknown	github.com/system-inc/adamic/stage1/cohere/json	TestPortMatchesGoCohere_4792
unknown	github.com/system-inc/adamic/stage1/cohere/json	TestPortMatchesGoCohere_4933
unknown	github.com/system-inc/adamic/stage1/cohere/json	TestPortMatchesGoCohere_4742
unknown	github.com/system-inc/adamic/stage1/cohere/json	TestPortMatchesGoCohere_4791
unknown	github.com/system-inc/adamic/stage1/cohere/json	TestPortMatchesGoCohere_4741
unknown	github.com/system-inc/adamic/stage1/cohere/json	TestPortMatchesGoCohere_4789
unknown	github.com/system-inc/adamic/stage1/cohere/json	TestPortMatchesGoCohere_4790
unknown	github.com/system-inc/adamic/stage1/cohere/json	TestPortMatchesGoCohere_4787
unknown	github.com/system-inc/adamic/stage1/cohere/json	TestPortMatchesGoCohere_4788
unknown	github.com/system-inc/adamic/stage1/cohere/json	TestPortMatchesGoCohere_4786
unknown	github.com/system-inc/adamic/stage1/cohere/json	TestPortMatchesGoCohere_4783
unknown	github.com/system-inc/adamic/stage1/cohere/json	TestPortMatchesGoCohere_4782
unknown	github.com/system-inc/adamic/stage1/cohere/json	TestPortMatchesGoCohere_4781
unknown	github.com/system-inc/adamic/stage1/cohere/json	TestPortMatchesGoCohere_4780
unknown	github.com/system-inc/adamic/stage1/cohere/json	TestPortMatchesGoCohere_4778
unknown	github.com/system-inc/adamic/stage1/cohere/json	TestPortMatchesGoCohere_4779
unknown	github.com/system-inc/adamic/stage1/cohere/json	TestPortMatchesGoCohere_4785
unknown	github.com/system-inc/adamic/stage1/cohere/json	TestPortMatchesGoCohere_4784
unknown	github.com/system-inc/adamic/stage1/cohere/json	TestPortMatchesGoCohere_4776
unknown	github.com/system-inc/adamic/stage1/cohere/json	TestPortMatchesGoCohere_4777
unknown	github.com/system-inc/adamic/stage1/cohere/json	TestPortMatchesGoCohere_4740
unknown	github.com/system-inc/adamic/stage1/cohere/json	TestPortMatchesGoCohere_4932
unknown	github.com/system-inc/adamic/stage1/cohere/json	TestPortMatchesGoCohere_4738
unknown	github.com/system-inc/adamic/stage1/cohere/json	TestPortMatchesGoCohere_4775
unknown	github.com/system-inc/adamic/stage1/cohere/json	TestPortMatchesGoCohere_4739
unknown	github.com/system-inc/adamic/stage1/cohere/json	TestPortMatchesGoCohere_4737
unknown	github.com/system-inc/adamic/stage1/cohere/json	TestPortMatchesGoCohere_4931
unknown	github.com/system-inc/adamic/stage1/cohere/json	TestPortMatchesGoCohere_4641
unknown	github.com/system-inc/adamic/stage1/cohere/json	TestPortMatchesGoCohere_4930
unknown	github.com/system-inc/adamic/stage1/cohere/json	TestPortMatchesGoCohere_4736
unknown	github.com/system-inc/adamic/stage1/cohere/json	TestPortMatchesGoCohere_4735
unknown	github.com/system-inc/adamic/stage1/cohere/json	TestPortMatchesGoCohere_4929
unknown	github.com/system-inc/adamic/stage1/cohere/json	TestPortMatchesGoCohere_4640
unknown	github.com/system-inc/adamic/stage1/cohere/json	TestPortMatchesGoCohere_4734
unknown	github.com/system-inc/adamic/stage1/cohere/json	TestPortMatchesGoCohere_4639
unknown	github.com/system-inc/adamic/stage1/cohere/json	TestPortMatchesGoCohere_4638
unknown	github.com/system-inc/adamic/stage1/cohere/json	TestPortMatchesGoCohere_4927
unknown	github.com/system-inc/adamic/stage1/cohere/json	TestPortMatchesGoCohere_4733
unknown	github.com/system-inc/adamic/stage1/cohere/json	TestPortMatchesGoCohere_4732
unknown	github.com/system-inc/adamic/stage1/cohere/json	TestPortMatchesGoCohere_4928
unknown	github.com/system-inc/adamic/stage1/cohere/json	TestPortMatchesGoCohere_4926
unknown	github.com/system-inc/adamic/stage1/cohere/json	TestPortMatchesGoCohere_4925
unknown	github.com/system-inc/adamic/stage1/cohere/json	TestPortMatchesGoCohere_4636
unknown	github.com/system-inc/adamic/stage1/cohere/json	TestPortMatchesGoCohere_4637
unknown	github.com/system-inc/adamic/stage1/cohere/json	TestPortMatchesGoCohere_4635
unknown	github.com/system-inc/adamic/stage1/cohere/json	TestPortMatchesGoCohere_4924
unknown	github.com/system-inc/adamic/stage1/cohere/json	TestPortMatchesGoCohere_4731
unknown	github.com/system-inc/adamic/stage1/cohere/json	TestPortMatchesGoCohere_4634
unknown	github.com/system-inc/adamic/stage1/cohere/json	TestPortMatchesGoCohere_4730
unknown	github.com/system-inc/adamic/stage1/cohere/json	TestPortMatchesGoCohere_4633
unknown	github.com/system-inc/adamic/stage1/cohere/json	TestPortMatchesGoCohere_4923
unknown	github.com/system-inc/adamic/stage1/cohere/json	TestPortMatchesGoCohere_4632
unknown	github.com/system-inc/adamic/stage1/cohere/json	TestPortMatchesGoCohere_4729
unknown	github.com/system-inc/adamic/stage1/cohere/json	TestPortMatchesGoCohere_4922
unknown	github.com/system-inc/adamic/stage1/cohere/json	TestPortMatchesGoCohere_4631
unknown	github.com/system-inc/adamic/stage1/cohere/json	TestPortMatchesGoCohere_4728
unknown	github.com/system-inc/adamic/stage1/cohere/json	TestPortMatchesGoCohere_4921
unknown	github.com/system-inc/adamic/stage1/cohere/json	TestPortMatchesGoCohere_4630
unknown	github.com/system-inc/adamic/stage1/cohere/json	TestPortMatchesGoCohere_4920
unknown	github.com/system-inc/adamic/stage1/cohere/json	TestPortMatchesGoCohere_4919
unknown	github.com/system-inc/adamic/stage1/cohere/json	TestPortMatchesGoCohere_4726
unknown	github.com/system-inc/adamic/stage1/cohere/json	TestPortMatchesGoCohere_4629
unknown	github.com/system-inc/adamic/stage1/cohere/json	TestPortMatchesGoCohere_4725
unknown	github.com/system-inc/adamic/stage1/cohere/json	TestPortMatchesGoCohere_4918
unknown	github.com/system-inc/adamic/stage1/cohere/json	TestPortMatchesGoCohere_4727
unknown	github.com/system-inc/adamic/stage1/cohere/json	TestPortMatchesGoCohere_4724
unknown	github.com/system-inc/adamic/stage1/cohere/json	TestPortMatchesGoCohere_4723
unknown	github.com/system-inc/adamic/stage1/cohere/json	TestPortMatchesGoCohere_4722
unknown	github.com/system-inc/adamic/stage1/cohere/json	TestPortMatchesGoCohere_4916
unknown	github.com/system-inc/adamic/stage1/cohere/json	TestPortMatchesGoCohere_4721
unknown	github.com/system-inc/adamic/stage1/cohere/json	TestPortMatchesGoCohere_4915
unknown	github.com/system-inc/adamic/stage1/cohere/json	TestPortMatchesGoCohere_4917
unknown	github.com/system-inc/adamic/stage1/cohere/json	TestPortMatchesGoCohere_4914
unknown	github.com/system-inc/adamic/stage1/cohere/json	TestPortMatchesGoCohere_4719
unknown	github.com/system-inc/adamic/stage1/cohere/json	TestPortMatchesGoCohere_4628
unknown	github.com/system-inc/adamic/stage1/cohere/json	TestPortMatchesGoCohere_4627
unknown	github.com/system-inc/adamic/stage1/cohere/json	TestPortMatchesGoCohere_4718
unknown	github.com/system-inc/adamic/stage1/cohere/json	TestPortMatchesGoCohere_4513
unknown	github.com/system-inc/adamic/stage1/cohere/json	TestPortMatchesGoCohere_4717
unknown	github.com/system-inc/adamic/stage1/cohere/json	TestPortMatchesGoCohere_4720
unknown	github.com/system-inc/adamic/stage1/cohere/json	TestPortMatchesGoCohere_4626
unknown	github.com/system-inc/adamic/stage1/cohere/json	TestPortMatchesGoCohere_4587
unknown	github.com/system-inc/adamic/stage1/cohere/json	TestPortMatchesGoCohere_4625
unknown	github.com/system-inc/adamic/stage1/cohere/json	TestPortMatchesGoCohere_4913
unknown	github.com/system-inc/adamic/stage1/cohere/json	TestPortMatchesGoCohere_4912
unknown	github.com/system-inc/adamic/stage1/cohere/json	TestPortMatchesGoCohere_4715
unknown	github.com/system-inc/adamic/stage1/cohere/json	TestPortMatchesGoCohere_4623
unknown	github.com/system-inc/adamic/stage1/cohere/json	TestPortMatchesGoCohere_4714
unknown	github.com/system-inc/adamic/stage1/cohere/json	TestPortMatchesGoCohere_4911
unknown	github.com/system-inc/adamic/stage1/cohere/json	TestPortMatchesGoCohere_4622
unknown	github.com/system-inc/adamic/stage1/cohere/json	TestPortMatchesGoCohere_4910
unknown	github.com/system-inc/adamic/stage1/cohere/json	TestPortMatchesGoCohere_4621
unknown	github.com/system-inc/adamic/stage1/cohere/json	TestPortMatchesGoCohere_4908
unknown	github.com/system-inc/adamic/stage1/cohere/json	TestPortMatchesGoCohere_4909
unknown	github.com/system-inc/adamic/stage1/cohere/json	TestPortMatchesGoCohere_4619
unknown	github.com/system-inc/adamic/stage1/cohere/json	TestPortMatchesGoCohere_4624
unknown	github.com/system-inc/adamic/stage1/cohere/json	TestPortMatchesGoCohere_4620
unknown	github.com/system-inc/adamic/stage1/cohere/json	TestPortMatchesGoCohere_4907
unknown	github.com/system-inc/adamic/stage1/cohere/json	TestPortMatchesGoCohere_4618
unknown	github.com/system-inc/adamic/stage1/cohere/json	TestPortMatchesGoCohere_4617
unknown	github.com/system-inc/adamic/stage1/cohere/json	TestPortMatchesGoCohere_4713
unknown	github.com/system-inc/adamic/stage1/cohere/json	TestPortMatchesGoCohere_4906
unknown	github.com/system-inc/adamic/stage1/cohere/json	TestPortMatchesGoCohere_4905
unknown	github.com/system-inc/adamic/stage1/cohere/json	TestPortMatchesGoCohere_4712
unknown	github.com/system-inc/adamic/stage1/cohere/json	TestPortMatchesGoCohere_4616
unknown	github.com/system-inc/adamic/stage1/cohere/json	TestPortMatchesGoCohere_4711
unknown	github.com/system-inc/adamic/stage1/cohere/json	TestPortMatchesGoCohere_4904
unknown	github.com/system-inc/adamic/stage1/cohere/json	TestPortMatchesGoCohere_4710
unknown	github.com/system-inc/adamic/stage1/cohere/json	TestPortMatchesGoCohere_4512
unknown	github.com/system-inc/adamic/stage1/cohere/json	TestPortMatchesGoCohere_4903
unknown	github.com/system-inc/adamic/stage1/cohere/json	TestPortMatchesGoCohere_4615
unknown	github.com/system-inc/adamic/stage1/cohere/json	TestPortMatchesGoCohere_4709
unknown	github.com/system-inc/adamic/stage1/cohere/json	TestPortMatchesGoCohere_4613
unknown	github.com/system-inc/adamic/stage1/cohere/json	TestPortMatchesGoCohere_4707
unknown	github.com/system-inc/adamic/stage1/cohere/json	TestPortMatchesGoCohere_4614
unknown	github.com/system-inc/adamic/stage1/cohere/json	TestPortMatchesGoCohere_4708
unknown	github.com/system-inc/adamic/stage1/cohere/json	TestPortMatchesGoCohere_4612
unknown	github.com/system-inc/adamic/stage1/cohere/json	TestPortMatchesGoCohere_4511
unknown	github.com/system-inc/adamic/stage1/cohere/json	TestPortMatchesGoCohere_4706
unknown	github.com/system-inc/adamic/stage1/cohere/json	TestPortMatchesGoCohere_4611
unknown	github.com/system-inc/adamic/stage1/cohere/json	TestPortMatchesGoCohere_4705
unknown	github.com/system-inc/adamic/stage1/cohere/json	TestPortMatchesGoCohere_4704
unknown	github.com/system-inc/adamic/stage1/cohere/json	TestPortMatchesGoCohere_4610
unknown	github.com/system-inc/adamic/stage1/cohere/json	TestPortMatchesGoCohere_4609
unknown	github.com/system-inc/adamic/stage1/cohere/json	TestPortMatchesGoCohere_4510
unknown	github.com/system-inc/adamic/stage1/cohere/json	TestPortMatchesGoCohere_4509
unknown	github.com/system-inc/adamic/stage1/cohere/json	TestPortMatchesGoCohere_4607
unknown	github.com/system-inc/adamic/stage1/cohere/json	TestPortMatchesGoCohere_4507
unknown	github.com/system-inc/adamic/stage1/cohere/json	TestPortMatchesGoCohere_4508
unknown	github.com/system-inc/adamic/stage1/cohere/json	TestPortMatchesGoCohere_4703
unknown	github.com/system-inc/adamic/stage1/cohere/json	TestPortMatchesGoCohere_4608
unknown	github.com/system-inc/adamic/stage1/cohere/json	TestPortMatchesGoCohere_4506
unknown	github.com/system-inc/adamic/stage1/cohere/json	TestPortMatchesGoCohere_4701
unknown	github.com/system-inc/adamic/stage1/cohere/json	TestPortMatchesGoCohere_4505
unknown	github.com/system-inc/adamic/stage1/cohere/json	TestPortMatchesGoCohere_4606
unknown	github.com/system-inc/adamic/stage1/cohere/json	TestPortMatchesGoCohere_4702
unknown	github.com/system-inc/adamic/stage1/cohere/json	TestPortMatchesGoCohere_4605
unknown	github.com/system-inc/adamic/stage1/cohere/json	TestPortMatchesGoCohere_4503
unknown	github.com/system-inc/adamic/stage1/cohere/json	TestPortMatchesGoCohere_4699
unknown	github.com/system-inc/adamic/stage1/cohere/json	TestPortMatchesGoCohere_4700
unknown	github.com/system-inc/adamic/stage1/cohere/json	TestPortMatchesGoCohere_4698
unknown	github.com/system-inc/adamic/stage1/cohere/json	TestPortMatchesGoCohere_4504
unknown	github.com/system-inc/adamic/stage1/cohere/json	TestPortMatchesGoCohere_4604
unknown	github.com/system-inc/adamic/stage1/cohere/json	TestPortMatchesGoCohere_4697
unknown	github.com/system-inc/adamic/stage1/cohere/json	TestPortMatchesGoCohere_4502
unknown	github.com/system-inc/adamic/stage1/cohere/json	TestPortMatchesGoCohere_4383
unknown	github.com/system-inc/adamic/stage1/cohere/json	TestPortMatchesGoCohere_4696
unknown	github.com/system-inc/adamic/stage1/cohere/json	TestPortMatchesGoCohere_4602
unknown	github.com/system-inc/adamic/stage1/cohere/json	TestPortMatchesGoCohere_4603
unknown	github.com/system-inc/adamic/stage1/cohere/json	TestPortMatchesGoCohere_4500
unknown	github.com/system-inc/adamic/stage1/cohere/json	TestPortMatchesGoCohere_4498
unknown	github.com/system-inc/adamic/stage1/cohere/json	TestPortMatchesGoCohere_4694
unknown	github.com/system-inc/adamic/stage1/cohere/json	TestPortMatchesGoCohere_4501
unknown	github.com/system-inc/adamic/stage1/cohere/json	TestPortMatchesGoCohere_4497
unknown	github.com/system-inc/adamic/stage1/cohere/json	TestPortMatchesGoCohere_4499
unknown	github.com/system-inc/adamic/stage1/cohere/json	TestPortMatchesGoCohere_4695
unknown	github.com/system-inc/adamic/stage1/cohere/json	TestPortMatchesGoCohere_4600
unknown	github.com/system-inc/adamic/stage1/cohere/json	TestPortMatchesGoCohere_4692
unknown	github.com/system-inc/adamic/stage1/cohere/json	TestPortMatchesGoCohere_4601
unknown	github.com/system-inc/adamic/stage1/cohere/json	TestPortMatchesGoCohere_4691
unknown	github.com/system-inc/adamic/stage1/cohere/json	TestPortMatchesGoCohere_4693
unknown	github.com/system-inc/adamic/stage1/cohere/json	TestPortMatchesGoCohere_4690
unknown	github.com/system-inc/adamic/stage1/cohere/json	TestPortMatchesGoCohere_4599
unknown	github.com/system-inc/adamic/stage1/cohere/json	TestPortMatchesGoCohere_4495
unknown	github.com/system-inc/adamic/stage1/cohere/json	TestPortMatchesGoCohere_4689
unknown	github.com/system-inc/adamic/stage1/cohere/json	TestPortMatchesGoCohere_4598
unknown	github.com/system-inc/adamic/stage1/cohere/json	TestPortMatchesGoCohere_4496
unknown	github.com/system-inc/adamic/stage1/cohere/json	TestPortMatchesGoCohere_4494
unknown	github.com/system-inc/adamic/stage1/cohere/json	TestPortMatchesGoCohere_4688
unknown	github.com/system-inc/adamic/stage1/cohere/json	TestPortMatchesGoCohere_4492
unknown	github.com/system-inc/adamic/stage1/cohere/json	TestPortMatchesGoCohere_4597
unknown	github.com/system-inc/adamic/stage1/cohere/json	TestPortMatchesGoCohere_4687
unknown	github.com/system-inc/adamic/stage1/cohere/json	TestPortMatchesGoCohere_4493
unknown	github.com/system-inc/adamic/stage1/cohere/json	TestPortMatchesGoCohere_4686
unknown	github.com/system-inc/adamic/stage1/cohere/json	TestPortMatchesGoCohere_4491
unknown	github.com/system-inc/adamic/stage1/cohere/json	TestPortMatchesGoCohere_4596
unknown	github.com/system-inc/adamic/stage1/cohere/json	TestPortMatchesGoCohere_4490
unknown	github.com/system-inc/adamic/stage1/cohere/json	TestPortMatchesGoCohere_4685
unknown	github.com/system-inc/adamic/stage1/cohere/json	TestPortMatchesGoCohere_4489
unknown	github.com/system-inc/adamic/stage1/cohere/json	TestPortMatchesGoCohere_4595
unknown	github.com/system-inc/adamic/stage1/cohere/json	TestPortMatchesGoCohere_4684
unknown	github.com/system-inc/adamic/stage1/cohere/json	TestPortMatchesGoCohere_4683
unknown	github.com/system-inc/adamic/stage1/cohere/json	TestPortMatchesGoCohere_4487
unknown	github.com/system-inc/adamic/stage1/cohere/json	TestPortMatchesGoCohere_4488
unknown	github.com/system-inc/adamic/stage1/cohere/json	TestPortMatchesGoCohere_4594
unknown	github.com/system-inc/adamic/stage1/cohere/json	TestPortMatchesGoCohere_4593
unknown	github.com/system-inc/adamic/stage1/cohere/json	TestPortMatchesGoCohere_4592
unknown	github.com/system-inc/adamic/stage1/cohere/json	TestPortMatchesGoCohere_4681
unknown	github.com/system-inc/adamic/stage1/cohere/json	TestPortMatchesGoCohere_4486
unknown	github.com/system-inc/adamic/stage1/cohere/json	TestPortMatchesGoCohere_4485
unknown	github.com/system-inc/adamic/stage1/cohere/json	TestPortMatchesGoCohere_4484
unknown	github.com/system-inc/adamic/stage1/cohere/json	TestPortMatchesGoCohere_4680
unknown	github.com/system-inc/adamic/stage1/cohere/json	TestPortMatchesGoCohere_4682
unknown	github.com/system-inc/adamic/stage1/cohere/json	TestPortMatchesGoCohere_4591
unknown	github.com/system-inc/adamic/stage1/cohere/json	TestPortMatchesGoCohere_4589
unknown	github.com/system-inc/adamic/stage1/cohere/json	TestPortMatchesGoCohere_4483
unknown	github.com/system-inc/adamic/stage1/cohere/json	TestPortMatchesGoCohere_4679
unknown	github.com/system-inc/adamic/stage1/cohere/json	TestPortMatchesGoCohere_4482
unknown	github.com/system-inc/adamic/stage1/cohere/json	TestPortMatchesGoCohere_4481
unknown	github.com/system-inc/adamic/stage1/cohere/json	TestPortMatchesGoCohere_4678
unknown	github.com/system-inc/adamic/stage1/cohere/json	TestPortMatchesGoCohere_4588
unknown	github.com/system-inc/adamic/stage1/cohere/json	TestPortMatchesGoCohere_4458
unknown	github.com/system-inc/adamic/stage1/cohere/json	TestPortMatchesGoCohere_4590
unknown	github.com/system-inc/adamic/stage1/cohere/json	TestPortMatchesGoCohere_4676
unknown	github.com/system-inc/adamic/stage1/cohere/json	TestPortMatchesGoCohere_4480
unknown	github.com/system-inc/adamic/stage1/cohere/json	TestPortMatchesGoCohere_4479
unknown	github.com/system-inc/adamic/stage1/cohere/json	TestPortMatchesGoCohere_4586
unknown	github.com/system-inc/adamic/stage1/cohere/json	TestPortMatchesGoCohere_4675
unknown	github.com/system-inc/adamic/stage1/cohere/json	TestPortMatchesGoCohere_4478
unknown	github.com/system-inc/adamic/stage1/cohere/json	TestPortMatchesGoCohere_4585
unknown	github.com/system-inc/adamic/stage1/cohere/json	TestPortMatchesGoCohere_4584
unknown	github.com/system-inc/adamic/stage1/cohere/json	TestPortMatchesGoCohere_4582
unknown	github.com/system-inc/adamic/stage1/cohere/json	TestPortMatchesGoCohere_4580
unknown	github.com/system-inc/adamic/stage1/cohere/json	TestPortMatchesGoCohere_4581
unknown	github.com/system-inc/adamic/stage1/cohere/json	TestPortMatchesGoCohere_4677
unknown	github.com/system-inc/adamic/stage1/cohere/json	TestPortMatchesGoCohere_4578
unknown	github.com/system-inc/adamic/stage1/cohere/json	TestPortMatchesGoCohere_4579
unknown	github.com/system-inc/adamic/stage1/cohere/json	TestPortMatchesGoCohere_4577
unknown	github.com/system-inc/adamic/stage1/cohere/json	TestPortMatchesGoCohere_4576
unknown	github.com/system-inc/adamic/stage1/cohere/json	TestPortMatchesGoCohere_4583
unknown	github.com/system-inc/adamic/stage1/cohere/json	TestPortMatchesGoCohere_4575
unknown	github.com/system-inc/adamic/stage1/cohere/json	TestPortMatchesGoCohere_4674
unknown	github.com/system-inc/adamic/stage1/cohere/json	TestPortMatchesGoCohere_4573
unknown	github.com/system-inc/adamic/stage1/cohere/json	TestPortMatchesGoCohere_4477
unknown	github.com/system-inc/adamic/stage1/cohere/json	TestPortMatchesGoCohere_4572
unknown	github.com/system-inc/adamic/stage1/cohere/json	TestPortMatchesGoCohere_4673
unknown	github.com/system-inc/adamic/stage1/cohere/json	TestPortMatchesGoCohere_4574
unknown	github.com/system-inc/adamic/stage1/cohere/json	TestPortMatchesGoCohere_4476
unknown	github.com/system-inc/adamic/stage1/cohere/json	TestPortMatchesGoCohere_4672
unknown	github.com/system-inc/adamic/stage1/cohere/json	TestPortMatchesGoCohere_4571
unknown	github.com/system-inc/adamic/stage1/cohere/json	TestPortMatchesGoCohere_4671
unknown	github.com/system-inc/adamic/stage1/cohere/json	TestPortMatchesGoCohere_4570
unknown	github.com/system-inc/adamic/stage1/cohere/json	TestPortMatchesGoCohere_4670
unknown	github.com/system-inc/adamic/stage1/cohere/json	TestPortMatchesGoCohere_4569
unknown	github.com/system-inc/adamic/stage1/cohere/json	TestPortMatchesGoCohere_4475
unknown	github.com/system-inc/adamic/stage1/cohere/json	TestPortMatchesGoCohere_4669
unknown	github.com/system-inc/adamic/stage1/cohere/json	TestPortMatchesGoCohere_4568
unknown	github.com/system-inc/adamic/stage1/cohere/json	TestPortMatchesGoCohere_4668
unknown	github.com/system-inc/adamic/stage1/cohere/json	TestPortMatchesGoCohere_4474
unknown	github.com/system-inc/adamic/stage1/cohere/json	TestPortMatchesGoCohere_4567
unknown	github.com/system-inc/adamic/stage1/cohere/json	TestPortMatchesGoCohere_4473
unknown	github.com/system-inc/adamic/stage1/cohere/json	TestPortMatchesGoCohere_4667
unknown	github.com/system-inc/adamic/stage1/cohere/json	TestPortMatchesGoCohere_4566
unknown	github.com/system-inc/adamic/stage1/cohere/json	TestPortMatchesGoCohere_4472
unknown	github.com/system-inc/adamic/stage1/cohere/json	TestPortMatchesGoCohere_4666
unknown	github.com/system-inc/adamic/stage1/cohere/json	TestPortMatchesGoCohere_4565
unknown	github.com/system-inc/adamic/stage1/cohere/json	TestPortMatchesGoCohere_4665
unknown	github.com/system-inc/adamic/stage1/cohere/json	TestPortMatchesGoCohere_4471
unknown	github.com/system-inc/adamic/stage1/cohere/json	TestPortMatchesGoCohere_4564
unknown	github.com/system-inc/adamic/stage1/cohere/json	TestPortMatchesGoCohere_4470
unknown	github.com/system-inc/adamic/stage1/cohere/json	TestPortMatchesGoCohere_4469
unknown	github.com/system-inc/adamic/stage1/cohere/json	TestPortMatchesGoCohere_4662
unknown	github.com/system-inc/adamic/stage1/cohere/json	TestPortMatchesGoCohere_4563
unknown	github.com/system-inc/adamic/stage1/cohere/json	TestPortMatchesGoCohere_4468
unknown	github.com/system-inc/adamic/stage1/cohere/json	TestPortMatchesGoCohere_4664
unknown	github.com/system-inc/adamic/stage1/cohere/json	TestPortMatchesGoCohere_4663
unknown	github.com/system-inc/adamic/stage1/cohere/json	TestPortMatchesGoCohere_4562
unknown	github.com/system-inc/adamic/stage1/cohere/json	TestPortMatchesGoCohere_4466
unknown	github.com/system-inc/adamic/stage1/cohere/json	TestPortMatchesGoCohere_4467
unknown	github.com/system-inc/adamic/stage1/cohere/json	TestPortMatchesGoCohere_4561
unknown	github.com/system-inc/adamic/stage1/cohere/json	TestPortMatchesGoCohere_4660
unknown	github.com/system-inc/adamic/stage1/cohere/json	TestPortMatchesGoCohere_4465
unknown	github.com/system-inc/adamic/stage1/cohere/json	TestPortMatchesGoCohere_4661
unknown	github.com/system-inc/adamic/stage1/cohere/json	TestPortMatchesGoCohere_4464
unknown	github.com/system-inc/adamic/stage1/cohere/json	TestPortMatchesGoCohere_4658
unknown	github.com/system-inc/adamic/stage1/cohere/json	TestPortMatchesGoCohere_4560
unknown	github.com/system-inc/adamic/stage1/cohere/json	TestPortMatchesGoCohere_4559
unknown	github.com/system-inc/adamic/stage1/cohere/json	TestPortMatchesGoCohere_4659
unknown	github.com/system-inc/adamic/stage1/cohere/json	TestPortMatchesGoCohere_4558
unknown	github.com/system-inc/adamic/stage1/cohere/json	TestPortMatchesGoCohere_4656
unknown	github.com/system-inc/adamic/stage1/cohere/json	TestPortMatchesGoCohere_4657
unknown	github.com/system-inc/adamic/stage1/cohere/json	TestPortMatchesGoCohere_4557
unknown	github.com/system-inc/adamic/stage1/cohere/json	TestPortMatchesGoCohere_4654
unknown	github.com/system-inc/adamic/stage1/cohere/json	TestPortMatchesGoCohere_4655
unknown	github.com/system-inc/adamic/stage1/cohere/json	TestPortMatchesGoCohere_4382
unknown	github.com/system-inc/adamic/stage1/cohere/json	TestPortMatchesGoCohere_4462
unknown	github.com/system-inc/adamic/stage1/cohere/json	TestPortMatchesGoCohere_4556
unknown	github.com/system-inc/adamic/stage1/cohere/json	TestPortMatchesGoCohere_4653
unknown	github.com/system-inc/adamic/stage1/cohere/json	TestPortMatchesGoCohere_4463
unknown	github.com/system-inc/adamic/stage1/cohere/json	TestPortMatchesGoCohere_4652
unknown	github.com/system-inc/adamic/stage1/cohere/json	TestPortMatchesGoCohere_4461
unknown	github.com/system-inc/adamic/stage1/cohere/json	TestPortMatchesGoCohere_4651
unknown	github.com/system-inc/adamic/stage1/cohere/json	TestPortMatchesGoCohere_4650
unknown	github.com/system-inc/adamic/stage1/cohere/json	TestPortMatchesGoCohere_4381
unknown	github.com/system-inc/adamic/stage1/cohere/json	TestPortMatchesGoCohere_4649
unknown	github.com/system-inc/adamic/stage1/cohere/json	TestPortMatchesGoCohere_4648
unknown	github.com/system-inc/adamic/stage1/cohere/json	TestPortMatchesGoCohere_4647
unknown	github.com/system-inc/adamic/stage1/cohere/json	TestPortMatchesGoCohere_4646
unknown	github.com/system-inc/adamic/stage1/cohere/json	TestPortMatchesGoCohere_4460
unknown	github.com/system-inc/adamic/stage1/cohere/json	TestPortMatchesGoCohere_4645
unknown	github.com/system-inc/adamic/stage1/cohere/json	TestPortMatchesGoCohere_4459
unknown	github.com/system-inc/adamic/stage1/cohere/json	TestPortMatchesGoCohere_4329
unknown	github.com/system-inc/adamic/stage1/cohere/json	TestPortMatchesGoCohere_4644
unknown	github.com/system-inc/adamic/stage1/cohere/json	TestPortMatchesGoCohere_4456
unknown	github.com/system-inc/adamic/stage1/cohere/json	TestPortMatchesGoCohere_4455
unknown	github.com/system-inc/adamic/stage1/cohere/json	TestPortMatchesGoCohere_4457
unknown	github.com/system-inc/adamic/stage1/cohere/json	TestPortMatchesGoCohere_4454
unknown	github.com/system-inc/adamic/stage1/cohere/json	TestPortMatchesGoCohere_4453
unknown	github.com/system-inc/adamic/stage1/cohere/json	TestPortMatchesGoCohere_4380
unknown	github.com/system-inc/adamic/stage1/cohere/json	TestPortMatchesGoCohere_4452
unknown	github.com/system-inc/adamic/stage1/cohere/json	TestPortMatchesGoCohere_4379
unknown	github.com/system-inc/adamic/stage1/cohere/json	TestPortMatchesGoCohere_4451
unknown	github.com/system-inc/adamic/stage1/cohere/json	TestPortMatchesGoCohere_4450
unknown	github.com/system-inc/adamic/stage1/cohere/json	TestPortMatchesGoCohere_4449
unknown	github.com/system-inc/adamic/stage1/cohere/json	TestPortMatchesGoCohere_4448
unknown	github.com/system-inc/adamic/stage1/cohere/json	TestPortMatchesGoCohere_4447
unknown	github.com/system-inc/adamic/stage1/cohere/json	TestPortMatchesGoCohere_4377
unknown	github.com/system-inc/adamic/stage1/cohere/json	TestPortMatchesGoCohere_4376
unknown	github.com/system-inc/adamic/stage1/cohere/json	TestPortMatchesGoCohere_4446
unknown	github.com/system-inc/adamic/stage1/cohere/json	TestPortMatchesGoCohere_4375
unknown	github.com/system-inc/adamic/stage1/cohere/json	TestPortMatchesGoCohere_4374
unknown	github.com/system-inc/adamic/stage1/cohere/json	TestPortMatchesGoCohere_4378
unknown	github.com/system-inc/adamic/stage1/cohere/json	TestPortMatchesGoCohere_4444
unknown	github.com/system-inc/adamic/stage1/cohere/json	TestPortMatchesGoCohere_4372
unknown	github.com/system-inc/adamic/stage1/cohere/json	TestPortMatchesGoCohere_4373
unknown	github.com/system-inc/adamic/stage1/cohere/json	TestPortMatchesGoCohere_4443
unknown	github.com/system-inc/adamic/stage1/cohere/json	TestPortMatchesGoCohere_4442
unknown	github.com/system-inc/adamic/stage1/cohere/json	TestPortMatchesGoCohere_4555
unknown	github.com/system-inc/adamic/stage1/cohere/json	TestPortMatchesGoCohere_4370
unknown	github.com/system-inc/adamic/stage1/cohere/json	TestPortMatchesGoCohere_4445
unknown	github.com/system-inc/adamic/stage1/cohere/json	TestPortMatchesGoCohere_4554
unknown	github.com/system-inc/adamic/stage1/cohere/json	TestPortMatchesGoCohere_4441
unknown	github.com/system-inc/adamic/stage1/cohere/json	TestPortMatchesGoCohere_4369
unknown	github.com/system-inc/adamic/stage1/cohere/json	TestPortMatchesGoCohere_4371
unknown	github.com/system-inc/adamic/stage1/cohere/json	TestPortMatchesGoCohere_4440
unknown	github.com/system-inc/adamic/stage1/cohere/json	TestPortMatchesGoCohere_4552
unknown	github.com/system-inc/adamic/stage1/cohere/json	TestPortMatchesGoCohere_4551
unknown	github.com/system-inc/adamic/stage1/cohere/json	TestPortMatchesGoCohere_4368
unknown	github.com/system-inc/adamic/stage1/cohere/json	TestPortMatchesGoCohere_4553
unknown	github.com/system-inc/adamic/stage1/cohere/json	TestPortMatchesGoCohere_4438
unknown	github.com/system-inc/adamic/stage1/cohere/json	TestPortMatchesGoCohere_4367
unknown	github.com/system-inc/adamic/stage1/cohere/json	TestPortMatchesGoCohere_4550
unknown	github.com/system-inc/adamic/stage1/cohere/json	TestPortMatchesGoCohere_4366
unknown	github.com/system-inc/adamic/stage1/cohere/json	TestPortMatchesGoCohere_4437
unknown	github.com/system-inc/adamic/stage1/cohere/json	TestPortMatchesGoCohere_4365
unknown	github.com/system-inc/adamic/stage1/cohere/json	TestPortMatchesGoCohere_4549
unknown	github.com/system-inc/adamic/stage1/cohere/json	TestPortMatchesGoCohere_4436
unknown	github.com/system-inc/adamic/stage1/cohere/json	TestPortMatchesGoCohere_4439
unknown	github.com/system-inc/adamic/stage1/cohere/json	TestPortMatchesGoCohere_4364
unknown	github.com/system-inc/adamic/stage1/cohere/json	TestPortMatchesGoCohere_4548
unknown	github.com/system-inc/adamic/stage1/cohere/json	TestPortMatchesGoCohere_4363
unknown	github.com/system-inc/adamic/stage1/cohere/json	TestPortMatchesGoCohere_4547
unknown	github.com/system-inc/adamic/stage1/cohere/json	TestPortMatchesGoCohere_4362
unknown	github.com/system-inc/adamic/stage1/cohere/json	TestPortMatchesGoCohere_4435
unknown	github.com/system-inc/adamic/stage1/cohere/json	TestPortMatchesGoCohere_4361
unknown	github.com/system-inc/adamic/stage1/cohere/json	TestPortMatchesGoCohere_4546
unknown	github.com/system-inc/adamic/stage1/cohere/json	TestPortMatchesGoCohere_4360
unknown	github.com/system-inc/adamic/stage1/cohere/json	TestPortMatchesGoCohere_4433
unknown	github.com/system-inc/adamic/stage1/cohere/json	TestPortMatchesGoCohere_4359
unknown	github.com/system-inc/adamic/stage1/cohere/json	TestPortMatchesGoCohere_4434
unknown	github.com/system-inc/adamic/stage1/cohere/json	TestPortMatchesGoCohere_4432
unknown	github.com/system-inc/adamic/stage1/cohere/json	TestPortMatchesGoCohere_4545
unknown	github.com/system-inc/adamic/stage1/cohere/json	TestPortMatchesGoCohere_4358
unknown	github.com/system-inc/adamic/stage1/cohere/json	TestPortMatchesGoCohere_4431
unknown	github.com/system-inc/adamic/stage1/cohere/json	TestPortMatchesGoCohere_4544
unknown	github.com/system-inc/adamic/stage1/cohere/json	TestPortMatchesGoCohere_4430
unknown	github.com/system-inc/adamic/stage1/cohere/json	TestPortMatchesGoCohere_4357
unknown	github.com/system-inc/adamic/stage1/cohere/json	TestPortMatchesGoCohere_4429
unknown	github.com/system-inc/adamic/stage1/cohere/json	TestPortMatchesGoCohere_4356
unknown	github.com/system-inc/adamic/stage1/cohere/json	TestPortMatchesGoCohere_4543
unknown	github.com/system-inc/adamic/stage1/cohere/json	TestPortMatchesGoCohere_4428
unknown	github.com/system-inc/adamic/stage1/cohere/json	TestPortMatchesGoCohere_4427
unknown	github.com/system-inc/adamic/stage1/cohere/json	TestPortMatchesGoCohere_4426
unknown	github.com/system-inc/adamic/stage1/cohere/json	TestPortMatchesGoCohere_4355
unknown	github.com/system-inc/adamic/stage1/cohere/json	TestPortMatchesGoCohere_4354
unknown	github.com/system-inc/adamic/stage1/cohere/json	TestPortMatchesGoCohere_4252
unknown	github.com/system-inc/adamic/stage1/cohere/json	TestPortMatchesGoCohere_4425
unknown	github.com/system-inc/adamic/stage1/cohere/json	TestPortMatchesGoCohere_4542
unknown	github.com/system-inc/adamic/stage1/cohere/json	TestPortMatchesGoCohere_4541
unknown	github.com/system-inc/adamic/stage1/cohere/json	TestPortMatchesGoCohere_4424
unknown	github.com/system-inc/adamic/stage1/cohere/json	TestPortMatchesGoCohere_4423
unknown	github.com/system-inc/adamic/stage1/cohere/json	TestPortMatchesGoCohere_4353
unknown	github.com/system-inc/adamic/stage1/cohere/json	TestPortMatchesGoCohere_4540
unknown	github.com/system-inc/adamic/stage1/cohere/json	TestPortMatchesGoCohere_4352
unknown	github.com/system-inc/adamic/stage1/cohere/json	TestPortMatchesGoCohere_4422
unknown	github.com/system-inc/adamic/stage1/cohere/json	TestPortMatchesGoCohere_4539
unknown	github.com/system-inc/adamic/stage1/cohere/json	TestPortMatchesGoCohere_4421
unknown	github.com/system-inc/adamic/stage1/cohere/json	TestPortMatchesGoCohere_4351
unknown	github.com/system-inc/adamic/stage1/cohere/json	TestPortMatchesGoCohere_4538
unknown	github.com/system-inc/adamic/stage1/cohere/json	TestPortMatchesGoCohere_4350
unknown	github.com/system-inc/adamic/stage1/cohere/json	TestPortMatchesGoCohere_4420
unknown	github.com/system-inc/adamic/stage1/cohere/json	TestPortMatchesGoCohere_4537
unknown	github.com/system-inc/adamic/stage1/cohere/json	TestPortMatchesGoCohere_4349
unknown	github.com/system-inc/adamic/stage1/cohere/json	TestPortMatchesGoCohere_4419
unknown	github.com/system-inc/adamic/stage1/cohere/json	TestPortMatchesGoCohere_4536
unknown	github.com/system-inc/adamic/stage1/cohere/json	TestPortMatchesGoCohere_4535
unknown	github.com/system-inc/adamic/stage1/cohere/json	TestPortMatchesGoCohere_4418
unknown	github.com/system-inc/adamic/stage1/cohere/json	TestPortMatchesGoCohere_4348
unknown	github.com/system-inc/adamic/stage1/cohere/json	TestPortMatchesGoCohere_4347
unknown	github.com/system-inc/adamic/stage1/cohere/json	TestPortMatchesGoCohere_4417
unknown	github.com/system-inc/adamic/stage1/cohere/json	TestPortMatchesGoCohere_4416
unknown	github.com/system-inc/adamic/stage1/cohere/json	TestPortMatchesGoCohere_4415
unknown	github.com/system-inc/adamic/stage1/cohere/json	TestPortMatchesGoCohere_4346
unknown	github.com/system-inc/adamic/stage1/cohere/json	TestPortMatchesGoCohere_4345
unknown	github.com/system-inc/adamic/stage1/cohere/json	TestPortMatchesGoCohere_4414
unknown	github.com/system-inc/adamic/stage1/cohere/json	TestPortMatchesGoCohere_4344
unknown	github.com/system-inc/adamic/stage1/cohere/json	TestPortMatchesGoCohere_4413
unknown	github.com/system-inc/adamic/stage1/cohere/json	TestPortMatchesGoCohere_4343
unknown	github.com/system-inc/adamic/stage1/cohere/json	TestPortMatchesGoCohere_4411
unknown	github.com/system-inc/adamic/stage1/cohere/json	TestPortMatchesGoCohere_4412
unknown	github.com/system-inc/adamic/stage1/cohere/json	TestPortMatchesGoCohere_4410
unknown	github.com/system-inc/adamic/stage1/cohere/json	TestPortMatchesGoCohere_4408
unknown	github.com/system-inc/adamic/stage1/cohere/json	TestPortMatchesGoCohere_4342
unknown	github.com/system-inc/adamic/stage1/cohere/json	TestPortMatchesGoCohere_4407
unknown	github.com/system-inc/adamic/stage1/cohere/json	TestPortMatchesGoCohere_4340
unknown	github.com/system-inc/adamic/stage1/cohere/json	TestPortMatchesGoCohere_4341
unknown	github.com/system-inc/adamic/stage1/cohere/json	TestPortMatchesGoCohere_4409
unknown	github.com/system-inc/adamic/stage1/cohere/json	TestPortMatchesGoCohere_4406
unknown	github.com/system-inc/adamic/stage1/cohere/json	TestPortMatchesGoCohere_4339
unknown	github.com/system-inc/adamic/stage1/cohere/json	TestPortMatchesGoCohere_4405
unknown	github.com/system-inc/adamic/stage1/cohere/json	TestPortMatchesGoCohere_4338
unknown	github.com/system-inc/adamic/stage1/cohere/json	TestPortMatchesGoCohere_4404
unknown	github.com/system-inc/adamic/stage1/cohere/json	TestPortMatchesGoCohere_4403
unknown	github.com/system-inc/adamic/stage1/cohere/json	TestPortMatchesGoCohere_4337
unknown	github.com/system-inc/adamic/stage1/cohere/json	TestPortMatchesGoCohere_4336
unknown	github.com/system-inc/adamic/stage1/cohere/json	TestPortMatchesGoCohere_4335
unknown	github.com/system-inc/adamic/stage1/cohere/json	TestPortMatchesGoCohere_4251
unknown	github.com/system-inc/adamic/stage1/cohere/json	TestPortMatchesGoCohere_4334
unknown	github.com/system-inc/adamic/stage1/cohere/json	TestPortMatchesGoCohere_4333
unknown	github.com/system-inc/adamic/stage1/cohere/json	TestPortMatchesGoCohere_4402
unknown	github.com/system-inc/adamic/stage1/cohere/json	TestPortMatchesGoCohere_4401
unknown	github.com/system-inc/adamic/stage1/cohere/json	TestPortMatchesGoCohere_4332
unknown	github.com/system-inc/adamic/stage1/cohere/json	TestPortMatchesGoCohere_4400
unknown	github.com/system-inc/adamic/stage1/cohere/json	TestPortMatchesGoCohere_4331
unknown	github.com/system-inc/adamic/stage1/cohere/json	TestPortMatchesGoCohere_4330
unknown	github.com/system-inc/adamic/stage1/cohere/json	TestPortMatchesGoCohere_4399
unknown	github.com/system-inc/adamic/stage1/cohere/json	TestPortMatchesGoCohere_4397
unknown	github.com/system-inc/adamic/stage1/cohere/json	TestPortMatchesGoCohere_4398
unknown	github.com/system-inc/adamic/stage1/cohere/json	TestPortMatchesGoCohere_4200
unknown	github.com/system-inc/adamic/stage1/cohere/json	TestPortMatchesGoCohere_4396
unknown	github.com/system-inc/adamic/stage1/cohere/json	TestPortMatchesGoCohere_4327
unknown	github.com/system-inc/adamic/stage1/cohere/json	TestPortMatchesGoCohere_4394
unknown	github.com/system-inc/adamic/stage1/cohere/json	TestPortMatchesGoCohere_4328
unknown	github.com/system-inc/adamic/stage1/cohere/json	TestPortMatchesGoCohere_4326
unknown	github.com/system-inc/adamic/stage1/cohere/json	TestPortMatchesGoCohere_4392
unknown	github.com/system-inc/adamic/stage1/cohere/json	TestPortMatchesGoCohere_4393
unknown	github.com/system-inc/adamic/stage1/cohere/json	TestPortMatchesGoCohere_4250
unknown	github.com/system-inc/adamic/stage1/cohere/json	TestPortMatchesGoCohere_4395
unknown	github.com/system-inc/adamic/stage1/cohere/json	TestPortMatchesGoCohere_4325
unknown	github.com/system-inc/adamic/stage1/cohere/json	TestPortMatchesGoCohere_4390
unknown	github.com/system-inc/adamic/stage1/cohere/json	TestPortMatchesGoCohere_4389
unknown	github.com/system-inc/adamic/stage1/cohere/json	TestPortMatchesGoCohere_4323
unknown	github.com/system-inc/adamic/stage1/cohere/json	TestPortMatchesGoCohere_4391
unknown	github.com/system-inc/adamic/stage1/cohere/json	TestPortMatchesGoCohere_4388
unknown	github.com/system-inc/adamic/stage1/cohere/json	TestPortMatchesGoCohere_4386
unknown	github.com/system-inc/adamic/stage1/cohere/json	TestPortMatchesGoCohere_4387
unknown	github.com/system-inc/adamic/stage1/cohere/json	TestPortMatchesGoCohere_4321
unknown	github.com/system-inc/adamic/stage1/cohere/json	TestPortMatchesGoCohere_4322
unknown	github.com/system-inc/adamic/stage1/cohere/json	TestPortMatchesGoCohere_4385
unknown	github.com/system-inc/adamic/stage1/cohere/json	TestPortMatchesGoCohere_4384
unknown	github.com/system-inc/adamic/stage1/cohere/json	TestPortMatchesGoCohere_4324
unknown	github.com/system-inc/adamic/stage1/cohere/json	TestPortMatchesGoCohere_4320
unknown	github.com/system-inc/adamic/stage1/cohere/json	TestPortMatchesGoCohere_4316
unknown	github.com/system-inc/adamic/stage1/cohere/json	TestPortMatchesGoCohere_4315
unknown	github.com/system-inc/adamic/stage1/cohere/json	TestPortMatchesGoCohere_4318
unknown	github.com/system-inc/adamic/stage1/cohere/json	TestPortMatchesGoCohere_4317
unknown	github.com/system-inc/adamic/stage1/cohere/json	TestPortMatchesGoCohere_4248
unknown	github.com/system-inc/adamic/stage1/cohere/json	TestPortMatchesGoCohere_4249
unknown	github.com/system-inc/adamic/stage1/cohere/json	TestPortMatchesGoCohere_4319
unknown	github.com/system-inc/adamic/stage1/cohere/json	TestPortMatchesGoCohere_4534
unknown	github.com/system-inc/adamic/stage1/cohere/json	TestPortMatchesGoCohere_4314
unknown	github.com/system-inc/adamic/stage1/cohere/json	TestPortMatchesGoCohere_4246
unknown	github.com/system-inc/adamic/stage1/cohere/json	TestPortMatchesGoCohere_4533
unknown	github.com/system-inc/adamic/stage1/cohere/json	TestPortMatchesGoCohere_4313
unknown	github.com/system-inc/adamic/stage1/cohere/json	TestPortMatchesGoCohere_4247
unknown	github.com/system-inc/adamic/stage1/cohere/json	TestPortMatchesGoCohere_4312
unknown	github.com/system-inc/adamic/stage1/cohere/json	TestPortMatchesGoCohere_4532
unknown	github.com/system-inc/adamic/stage1/cohere/json	TestPortMatchesGoCohere_4245
unknown	github.com/system-inc/adamic/stage1/cohere/json	TestPortMatchesGoCohere_4311
unknown	github.com/system-inc/adamic/stage1/cohere/json	TestPortMatchesGoCohere_4244
unknown	github.com/system-inc/adamic/stage1/cohere/json	TestPortMatchesGoCohere_4243
unknown	github.com/system-inc/adamic/stage1/cohere/json	TestPortMatchesGoCohere_4531
unknown	github.com/system-inc/adamic/stage1/cohere/json	TestPortMatchesGoCohere_4310
unknown	github.com/system-inc/adamic/stage1/cohere/json	TestPortMatchesGoCohere_4242
unknown	github.com/system-inc/adamic/stage1/cohere/json	TestPortMatchesGoCohere_4241
unknown	github.com/system-inc/adamic/stage1/cohere/json	TestPortMatchesGoCohere_4530
unknown	github.com/system-inc/adamic/stage1/cohere/json	TestPortMatchesGoCohere_4309
unknown	github.com/system-inc/adamic/stage1/cohere/json	TestPortMatchesGoCohere_4308
unknown	github.com/system-inc/adamic/stage1/cohere/json	TestPortMatchesGoCohere_4529
unknown	github.com/system-inc/adamic/stage1/cohere/json	TestPortMatchesGoCohere_4240
unknown	github.com/system-inc/adamic/stage1/cohere/json	TestPortMatchesGoCohere_4307
unknown	github.com/system-inc/adamic/stage1/cohere/json	TestPortMatchesGoCohere_4239
unknown	github.com/system-inc/adamic/stage1/cohere/json	TestPortMatchesGoCohere_4528
unknown	github.com/system-inc/adamic/stage1/cohere/json	TestPortMatchesGoCohere_4238
unknown	github.com/system-inc/adamic/stage1/cohere/json	TestPortMatchesGoCohere_4306
unknown	github.com/system-inc/adamic/stage1/cohere/json	TestPortMatchesGoCohere_4527
unknown	github.com/system-inc/adamic/stage1/cohere/json	TestPortMatchesGoCohere_4305
unknown	github.com/system-inc/adamic/stage1/cohere/json	TestPortMatchesGoCohere_4236
unknown	github.com/system-inc/adamic/stage1/cohere/json	TestPortMatchesGoCohere_4237
unknown	github.com/system-inc/adamic/stage1/cohere/json	TestPortMatchesGoCohere_4526
unknown	github.com/system-inc/adamic/stage1/cohere/json	TestPortMatchesGoCohere_4304
unknown	github.com/system-inc/adamic/stage1/cohere/json	TestPortMatchesGoCohere_4303
unknown	github.com/system-inc/adamic/stage1/cohere/json	TestPortMatchesGoCohere_4235
unknown	github.com/system-inc/adamic/stage1/cohere/json	TestPortMatchesGoCohere_4525
unknown	github.com/system-inc/adamic/stage1/cohere/json	TestPortMatchesGoCohere_4234
unknown	github.com/system-inc/adamic/stage1/cohere/json	TestPortMatchesGoCohere_4302
unknown	github.com/system-inc/adamic/stage1/cohere/json	TestPortMatchesGoCohere_4524
unknown	github.com/system-inc/adamic/stage1/cohere/json	TestPortMatchesGoCohere_4301
unknown	github.com/system-inc/adamic/stage1/cohere/json	TestPortMatchesGoCohere_4233
unknown	github.com/system-inc/adamic/stage1/cohere/json	TestPortMatchesGoCohere_4523
unknown	github.com/system-inc/adamic/stage1/cohere/json	TestPortMatchesGoCohere_4300
unknown	github.com/system-inc/adamic/stage1/cohere/json	TestPortMatchesGoCohere_4232
unknown	github.com/system-inc/adamic/stage1/cohere/json	TestPortMatchesGoCohere_4299
unknown	github.com/system-inc/adamic/stage1/cohere/json	TestPortMatchesGoCohere_4522
unknown	github.com/system-inc/adamic/stage1/cohere/json	TestPortMatchesGoCohere_4521
unknown	github.com/system-inc/adamic/stage1/cohere/json	TestPortMatchesGoCohere_4298
unknown	github.com/system-inc/adamic/stage1/cohere/json	TestPortMatchesGoCohere_4231
unknown	github.com/system-inc/adamic/stage1/cohere/json	TestPortMatchesGoCohere_4297
unknown	github.com/system-inc/adamic/stage1/cohere/json	TestPortMatchesGoCohere_4520
unknown	github.com/system-inc/adamic/stage1/cohere/json	TestPortMatchesGoCohere_4296
unknown	github.com/system-inc/adamic/stage1/cohere/json	TestPortMatchesGoCohere_4230
unknown	github.com/system-inc/adamic/stage1/cohere/json	TestPortMatchesGoCohere_4229
unknown	github.com/system-inc/adamic/stage1/cohere/json	TestPortMatchesGoCohere_4519
unknown	github.com/system-inc/adamic/stage1/cohere/json	TestPortMatchesGoCohere_4228
unknown	github.com/system-inc/adamic/stage1/cohere/json	TestPortMatchesGoCohere_4295
unknown	github.com/system-inc/adamic/stage1/cohere/json	TestPortMatchesGoCohere_4518
unknown	github.com/system-inc/adamic/stage1/cohere/json	TestPortMatchesGoCohere_4517
unknown	github.com/system-inc/adamic/stage1/cohere/json	TestPortMatchesGoCohere_4294
unknown	github.com/system-inc/adamic/stage1/cohere/json	TestPortMatchesGoCohere_4227
unknown	github.com/system-inc/adamic/stage1/cohere/json	TestPortMatchesGoCohere_4225
unknown	github.com/system-inc/adamic/stage1/cohere/json	TestPortMatchesGoCohere_4226
unknown	github.com/system-inc/adamic/stage1/cohere/json	TestPortMatchesGoCohere_4293
unknown	github.com/system-inc/adamic/stage1/cohere/json	TestPortMatchesGoCohere_4224
unknown	github.com/system-inc/adamic/stage1/cohere/json	TestPortMatchesGoCohere_4223
unknown	github.com/system-inc/adamic/stage1/cohere/json	TestPortMatchesGoCohere_4222
unknown	github.com/system-inc/adamic/stage1/cohere/json	TestPortMatchesGoCohere_4516
unknown	github.com/system-inc/adamic/stage1/cohere/json	TestPortMatchesGoCohere_4292
unknown	github.com/system-inc/adamic/stage1/cohere/json	TestPortMatchesGoCohere_4290
unknown	github.com/system-inc/adamic/stage1/cohere/json	TestPortMatchesGoCohere_4291
unknown	github.com/system-inc/adamic/stage1/cohere/json	TestPortMatchesGoCohere_4221
unknown	github.com/system-inc/adamic/stage1/cohere/json	TestPortMatchesGoCohere_4515
unknown	github.com/system-inc/adamic/stage1/cohere/json	TestPortMatchesGoCohere_4220
unknown	github.com/system-inc/adamic/stage1/cohere/json	TestPortMatchesGoCohere_4219
unknown	github.com/system-inc/adamic/stage1/cohere/json	TestPortMatchesGoCohere_4288
unknown	github.com/system-inc/adamic/stage1/cohere/json	TestPortMatchesGoCohere_4289
unknown	github.com/system-inc/adamic/stage1/cohere/json	TestPortMatchesGoCohere_4286
unknown	github.com/system-inc/adamic/stage1/cohere/json	TestPortMatchesGoCohere_4287
unknown	github.com/system-inc/adamic/stage1/cohere/json	TestPortMatchesGoCohere_4514
unknown	github.com/system-inc/adamic/stage1/cohere/json	TestPortMatchesGoCohere_4217
unknown	github.com/system-inc/adamic/stage1/cohere/json	TestPortMatchesGoCohere_4218
unknown	github.com/system-inc/adamic/stage1/cohere/json	TestPortMatchesGoCohere_4215
unknown	github.com/system-inc/adamic/stage1/cohere/json	TestPortMatchesGoCohere_4216
unknown	github.com/system-inc/adamic/stage1/cohere/json	TestPortMatchesGoCohere_4284
unknown	github.com/system-inc/adamic/stage1/cohere/json	TestPortMatchesGoCohere_4283
unknown	github.com/system-inc/adamic/stage1/cohere/json	TestPortMatchesGoCohere_4285
unknown	github.com/system-inc/adamic/stage1/cohere/json	TestPortMatchesGoCohere_4121
unknown	github.com/system-inc/adamic/stage1/cohere/json	TestPortMatchesGoCohere_4120
unknown	github.com/system-inc/adamic/stage1/cohere/json	TestPortMatchesGoCohere_4281
unknown	github.com/system-inc/adamic/stage1/cohere/json	TestPortMatchesGoCohere_4214
unknown	github.com/system-inc/adamic/stage1/cohere/json	TestPortMatchesGoCohere_4119
unknown	github.com/system-inc/adamic/stage1/cohere/json	TestPortMatchesGoCohere_4118
unknown	github.com/system-inc/adamic/stage1/cohere/json	TestPortMatchesGoCohere_4117
unknown	github.com/system-inc/adamic/stage1/cohere/json	TestPortMatchesGoCohere_4282
unknown	github.com/system-inc/adamic/stage1/cohere/json	TestPortMatchesGoCohere_4115
unknown	github.com/system-inc/adamic/stage1/cohere/json	TestPortMatchesGoCohere_4114
unknown	github.com/system-inc/adamic/stage1/cohere/json	TestPortMatchesGoCohere_4112
unknown	github.com/system-inc/adamic/stage1/cohere/json	TestPortMatchesGoCohere_4113
unknown	github.com/system-inc/adamic/stage1/cohere/json	TestPortMatchesGoCohere_4111
unknown	github.com/system-inc/adamic/stage1/cohere/json	TestPortMatchesGoCohere_4110
unknown	github.com/system-inc/adamic/stage1/cohere/json	TestPortMatchesGoCohere_4109
unknown	github.com/system-inc/adamic/stage1/cohere/json	TestPortMatchesGoCohere_4108
unknown	github.com/system-inc/adamic/stage1/cohere/json	TestPortMatchesGoCohere_4106
unknown	github.com/system-inc/adamic/stage1/cohere/json	TestPortMatchesGoCohere_4107
unknown	github.com/system-inc/adamic/stage1/cohere/json	TestPortMatchesGoCohere_4105
unknown	github.com/system-inc/adamic/stage1/cohere/json	TestPortMatchesGoCohere_4116
unknown	github.com/system-inc/adamic/stage1/cohere/json	TestPortMatchesGoCohere_4213
unknown	github.com/system-inc/adamic/stage1/cohere/json	TestPortMatchesGoCohere_4279
unknown	github.com/system-inc/adamic/stage1/cohere/json	TestPortMatchesGoCohere_4104
unknown	github.com/system-inc/adamic/stage1/cohere/json	TestPortMatchesGoCohere_4212
unknown	github.com/system-inc/adamic/stage1/cohere/json	TestPortMatchesGoCohere_4103
unknown	github.com/system-inc/adamic/stage1/cohere/json	TestPortMatchesGoCohere_4278
unknown	github.com/system-inc/adamic/stage1/cohere/json	TestPortMatchesGoCohere_4211
unknown	github.com/system-inc/adamic/stage1/cohere/json	TestPortMatchesGoCohere_4277
unknown	github.com/system-inc/adamic/stage1/cohere/json	TestPortMatchesGoCohere_4102
unknown	github.com/system-inc/adamic/stage1/cohere/json	TestPortMatchesGoCohere_4210
unknown	github.com/system-inc/adamic/stage1/cohere/json	TestPortMatchesGoCohere_4276
unknown	github.com/system-inc/adamic/stage1/cohere/json	TestPortMatchesGoCohere_4209
unknown	github.com/system-inc/adamic/stage1/cohere/json	TestPortMatchesGoCohere_4275
unknown	github.com/system-inc/adamic/stage1/cohere/json	TestPortMatchesGoCohere_4280
unknown	github.com/system-inc/adamic/stage1/cohere/json	TestPortMatchesGoCohere_3993
unknown	github.com/system-inc/adamic/stage1/cohere/json	TestPortMatchesGoCohere_4208
unknown	github.com/system-inc/adamic/stage1/cohere/json	TestPortMatchesGoCohere_4274
unknown	github.com/system-inc/adamic/stage1/cohere/json	TestPortMatchesGoCohere_4273
unknown	github.com/system-inc/adamic/stage1/cohere/json	TestPortMatchesGoCohere_4101
unknown	github.com/system-inc/adamic/stage1/cohere/json	TestPortMatchesGoCohere_4207
unknown	github.com/system-inc/adamic/stage1/cohere/json	TestPortMatchesGoCohere_4272
unknown	github.com/system-inc/adamic/stage1/cohere/json	TestPortMatchesGoCohere_4206
unknown	github.com/system-inc/adamic/stage1/cohere/json	TestPortMatchesGoCohere_4100
unknown	github.com/system-inc/adamic/stage1/cohere/json	TestPortMatchesGoCohere_4099
unknown	github.com/system-inc/adamic/stage1/cohere/json	TestPortMatchesGoCohere_4205
unknown	github.com/system-inc/adamic/stage1/cohere/json	TestPortMatchesGoCohere_4270
unknown	github.com/system-inc/adamic/stage1/cohere/json	TestPortMatchesGoCohere_4204
unknown	github.com/system-inc/adamic/stage1/cohere/json	TestPortMatchesGoCohere_4098
unknown	github.com/system-inc/adamic/stage1/cohere/json	TestPortMatchesGoCohere_4271
unknown	github.com/system-inc/adamic/stage1/cohere/json	TestPortMatchesGoCohere_4203
unknown	github.com/system-inc/adamic/stage1/cohere/json	TestPortMatchesGoCohere_4269
unknown	github.com/system-inc/adamic/stage1/cohere/json	TestPortMatchesGoCohere_4097
unknown	github.com/system-inc/adamic/stage1/cohere/json	TestPortMatchesGoCohere_4202
unknown	github.com/system-inc/adamic/stage1/cohere/json	TestPortMatchesGoCohere_4201
unknown	github.com/system-inc/adamic/stage1/cohere/json	TestPortMatchesGoCohere_4096
unknown	github.com/system-inc/adamic/stage1/cohere/json	TestPortMatchesGoCohere_4071
unknown	github.com/system-inc/adamic/stage1/cohere/json	TestPortMatchesGoCohere_4268
unknown	github.com/system-inc/adamic/stage1/cohere/json	TestPortMatchesGoCohere_4095
unknown	github.com/system-inc/adamic/stage1/cohere/json	TestPortMatchesGoCohere_4199
unknown	github.com/system-inc/adamic/stage1/cohere/json	TestPortMatchesGoCohere_4094
unknown	github.com/system-inc/adamic/stage1/cohere/json	TestPortMatchesGoCohere_4198
unknown	github.com/system-inc/adamic/stage1/cohere/json	TestPortMatchesGoCohere_4093
unknown	github.com/system-inc/adamic/stage1/cohere/json	TestPortMatchesGoCohere_4267
unknown	github.com/system-inc/adamic/stage1/cohere/json	TestPortMatchesGoCohere_4197
unknown	github.com/system-inc/adamic/stage1/cohere/json	TestPortMatchesGoCohere_4092
unknown	github.com/system-inc/adamic/stage1/cohere/json	TestPortMatchesGoCohere_3992
unknown	github.com/system-inc/adamic/stage1/cohere/json	TestPortMatchesGoCohere_4091
unknown	github.com/system-inc/adamic/stage1/cohere/json	TestPortMatchesGoCohere_4195
unknown	github.com/system-inc/adamic/stage1/cohere/json	TestPortMatchesGoCohere_4266
unknown	github.com/system-inc/adamic/stage1/cohere/json	TestPortMatchesGoCohere_4196
unknown	github.com/system-inc/adamic/stage1/cohere/json	TestPortMatchesGoCohere_3991
unknown	github.com/system-inc/adamic/stage1/cohere/json	TestPortMatchesGoCohere_4194
unknown	github.com/system-inc/adamic/stage1/cohere/json	TestPortMatchesGoCohere_4265
unknown	github.com/system-inc/adamic/stage1/cohere/json	TestPortMatchesGoCohere_4264
unknown	github.com/system-inc/adamic/stage1/cohere/json	TestPortMatchesGoCohere_4090
unknown	github.com/system-inc/adamic/stage1/cohere/json	TestPortMatchesGoCohere_4263
unknown	github.com/system-inc/adamic/stage1/cohere/json	TestPortMatchesGoCohere_4193
unknown	github.com/system-inc/adamic/stage1/cohere/json	TestPortMatchesGoCohere_4262
unknown	github.com/system-inc/adamic/stage1/cohere/json	TestPortMatchesGoCohere_4261
unknown	github.com/system-inc/adamic/stage1/cohere/json	TestPortMatchesGoCohere_4192
unknown	github.com/system-inc/adamic/stage1/cohere/json	TestPortMatchesGoCohere_4191
unknown	github.com/system-inc/adamic/stage1/cohere/json	TestPortMatchesGoCohere_4190
unknown	github.com/system-inc/adamic/stage1/cohere/json	TestPortMatchesGoCohere_4260
unknown	github.com/system-inc/adamic/stage1/cohere/json	TestPortMatchesGoCohere_4189
unknown	github.com/system-inc/adamic/stage1/cohere/json	TestPortMatchesGoCohere_4259
unknown	github.com/system-inc/adamic/stage1/cohere/json	TestPortMatchesGoCohere_4188
unknown	github.com/system-inc/adamic/stage1/cohere/json	TestPortMatchesGoCohere_4258
unknown	github.com/system-inc/adamic/stage1/cohere/json	TestPortMatchesGoCohere_4257
unknown	github.com/system-inc/adamic/stage1/cohere/json	TestPortMatchesGoCohere_4187
unknown	github.com/system-inc/adamic/stage1/cohere/json	TestPortMatchesGoCohere_4186
unknown	github.com/system-inc/adamic/stage1/cohere/json	TestPortMatchesGoCohere_4256
unknown	github.com/system-inc/adamic/stage1/cohere/json	TestPortMatchesGoCohere_4185
unknown	github.com/system-inc/adamic/stage1/cohere/json	TestPortMatchesGoCohere_4255
unknown	github.com/system-inc/adamic/stage1/cohere/json	TestPortMatchesGoCohere_4184
unknown	github.com/system-inc/adamic/stage1/cohere/json	TestPortMatchesGoCohere_4254
unknown	github.com/system-inc/adamic/stage1/cohere/json	TestPortMatchesGoCohere_4183
unknown	github.com/system-inc/adamic/stage1/cohere/json	TestPortMatchesGoCohere_4182
unknown	github.com/system-inc/adamic/stage1/cohere/json	TestPortMatchesGoCohere_4253
unknown	github.com/system-inc/adamic/stage1/cohere/json	TestPortMatchesGoCohere_4181
unknown	github.com/system-inc/adamic/stage1/cohere/json	TestPortMatchesGoCohere_4180
unknown	github.com/system-inc/adamic/stage1/cohere/json	TestPortMatchesGoCohere_4179
unknown	github.com/system-inc/adamic/stage1/cohere/json	TestPortMatchesGoCohere_4178
unknown	github.com/system-inc/adamic/stage1/cohere/json	TestPortMatchesGoCohere_4177
unknown	github.com/system-inc/adamic/stage1/cohere/json	TestPortMatchesGoCohere_4176
unknown	github.com/system-inc/adamic/stage1/cohere/json	TestPortMatchesGoCohere_4175
unknown	github.com/system-inc/adamic/stage1/cohere/json	TestPortMatchesGoCohere_3990
unknown	github.com/system-inc/adamic/stage1/cohere/json	TestPortMatchesGoCohere_4174
unknown	github.com/system-inc/adamic/stage1/cohere/json	TestPortMatchesGoCohere_4173
unknown	github.com/system-inc/adamic/stage1/cohere/json	TestPortMatchesGoCohere_3989
unknown	github.com/system-inc/adamic/stage1/cohere/json	TestPortMatchesGoCohere_4172
unknown	github.com/system-inc/adamic/stage1/cohere/json	TestPortMatchesGoCohere_3988
unknown	github.com/system-inc/adamic/stage1/cohere/json	TestPortMatchesGoCohere_4170
unknown	github.com/system-inc/adamic/stage1/cohere/json	TestPortMatchesGoCohere_4171
unknown	github.com/system-inc/adamic/stage1/cohere/json	TestPortMatchesGoCohere_4169
unknown	github.com/system-inc/adamic/stage1/cohere/json	TestPortMatchesGoCohere_3987
unknown	github.com/system-inc/adamic/stage1/cohere/json	TestPortMatchesGoCohere_4168
unknown	github.com/system-inc/adamic/stage1/cohere/json	TestPortMatchesGoCohere_3986
unknown	github.com/system-inc/adamic/stage1/cohere/json	TestPortMatchesGoCohere_4166
unknown	github.com/system-inc/adamic/stage1/cohere/json	TestPortMatchesGoCohere_4167
unknown	github.com/system-inc/adamic/stage1/cohere/json	TestPortMatchesGoCohere_3985
unknown	github.com/system-inc/adamic/stage1/cohere/json	TestPortMatchesGoCohere_4165
unknown	github.com/system-inc/adamic/stage1/cohere/json	TestPortMatchesGoCohere_4164
unknown	github.com/system-inc/adamic/stage1/cohere/json	TestPortMatchesGoCohere_4163
unknown	github.com/system-inc/adamic/stage1/cohere/json	TestPortMatchesGoCohere_3984
unknown	github.com/system-inc/adamic/stage1/cohere/json	TestPortMatchesGoCohere_4162
unknown	github.com/system-inc/adamic/stage1/cohere/json	TestPortMatchesGoCohere_3982
unknown	github.com/system-inc/adamic/stage1/cohere/json	TestPortMatchesGoCohere_3980
unknown	github.com/system-inc/adamic/stage1/cohere/json	TestPortMatchesGoCohere_4161
unknown	github.com/system-inc/adamic/stage1/cohere/json	TestPortMatchesGoCohere_3981
unknown	github.com/system-inc/adamic/stage1/cohere/json	TestPortMatchesGoCohere_4160
unknown	github.com/system-inc/adamic/stage1/cohere/json	TestPortMatchesGoCohere_3983
unknown	github.com/system-inc/adamic/stage1/cohere/json	TestPortMatchesGoCohere_3979
unknown	github.com/system-inc/adamic/stage1/cohere/json	TestPortMatchesGoCohere_4158
unknown	github.com/system-inc/adamic/stage1/cohere/json	TestPortMatchesGoCohere_3978
unknown	github.com/system-inc/adamic/stage1/cohere/json	TestPortMatchesGoCohere_3977
unknown	github.com/system-inc/adamic/stage1/cohere/json	TestPortMatchesGoCohere_4156
unknown	github.com/system-inc/adamic/stage1/cohere/json	TestPortMatchesGoCohere_4157
unknown	github.com/system-inc/adamic/stage1/cohere/json	TestPortMatchesGoCohere_3976
unknown	github.com/system-inc/adamic/stage1/cohere/json	TestPortMatchesGoCohere_4155
unknown	github.com/system-inc/adamic/stage1/cohere/json	TestPortMatchesGoCohere_4154
unknown	github.com/system-inc/adamic/stage1/cohere/json	TestPortMatchesGoCohere_4153
unknown	github.com/system-inc/adamic/stage1/cohere/json	TestPortMatchesGoCohere_3973
unknown	github.com/system-inc/adamic/stage1/cohere/json	TestPortMatchesGoCohere_4159
unknown	github.com/system-inc/adamic/stage1/cohere/json	TestPortMatchesGoCohere_4152
unknown	github.com/system-inc/adamic/stage1/cohere/json	TestPortMatchesGoCohere_3975
unknown	github.com/system-inc/adamic/stage1/cohere/json	TestPortMatchesGoCohere_4150
unknown	github.com/system-inc/adamic/stage1/cohere/json	TestPortMatchesGoCohere_3972
unknown	github.com/system-inc/adamic/stage1/cohere/json	TestPortMatchesGoCohere_4151
unknown	github.com/system-inc/adamic/stage1/cohere/json	TestPortMatchesGoCohere_4149
unknown	github.com/system-inc/adamic/stage1/cohere/json	TestPortMatchesGoCohere_3971
unknown	github.com/system-inc/adamic/stage1/cohere/json	TestPortMatchesGoCohere_3970
unknown	github.com/system-inc/adamic/stage1/cohere/json	TestPortMatchesGoCohere_3862
unknown	github.com/system-inc/adamic/stage1/cohere/json	TestPortMatchesGoCohere_3969
unknown	github.com/system-inc/adamic/stage1/cohere/json	TestPortMatchesGoCohere_3974
unknown	github.com/system-inc/adamic/stage1/cohere/json	TestPortMatchesGoCohere_4148
unknown	github.com/system-inc/adamic/stage1/cohere/json	TestPortMatchesGoCohere_3968
unknown	github.com/system-inc/adamic/stage1/cohere/json	TestPortMatchesGoCohere_3967
unknown	github.com/system-inc/adamic/stage1/cohere/json	TestPortMatchesGoCohere_4147
unknown	github.com/system-inc/adamic/stage1/cohere/json	TestPortMatchesGoCohere_4089
unknown	github.com/system-inc/adamic/stage1/cohere/json	TestPortMatchesGoCohere_4146
unknown	github.com/system-inc/adamic/stage1/cohere/json	TestPortMatchesGoCohere_3966
unknown	github.com/system-inc/adamic/stage1/cohere/json	TestPortMatchesGoCohere_3965
unknown	github.com/system-inc/adamic/stage1/cohere/json	TestPortMatchesGoCohere_4145
unknown	github.com/system-inc/adamic/stage1/cohere/json	TestPortMatchesGoCohere_4088
unknown	github.com/system-inc/adamic/stage1/cohere/json	TestPortMatchesGoCohere_3964
unknown	github.com/system-inc/adamic/stage1/cohere/json	TestPortMatchesGoCohere_4144
unknown	github.com/system-inc/adamic/stage1/cohere/json	TestPortMatchesGoCohere_4087
unknown	github.com/system-inc/adamic/stage1/cohere/json	TestPortMatchesGoCohere_3963
unknown	github.com/system-inc/adamic/stage1/cohere/json	TestPortMatchesGoCohere_3962
unknown	github.com/system-inc/adamic/stage1/cohere/json	TestPortMatchesGoCohere_4086
unknown	github.com/system-inc/adamic/stage1/cohere/json	TestPortMatchesGoCohere_4142
unknown	github.com/system-inc/adamic/stage1/cohere/json	TestPortMatchesGoCohere_4085
unknown	github.com/system-inc/adamic/stage1/cohere/json	TestPortMatchesGoCohere_4143
unknown	github.com/system-inc/adamic/stage1/cohere/json	TestPortMatchesGoCohere_3961
unknown	github.com/system-inc/adamic/stage1/cohere/json	TestPortMatchesGoCohere_4141
unknown	github.com/system-inc/adamic/stage1/cohere/json	TestPortMatchesGoCohere_4084
unknown	github.com/system-inc/adamic/stage1/cohere/json	TestPortMatchesGoCohere_3960
unknown	github.com/system-inc/adamic/stage1/cohere/json	TestPortMatchesGoCohere_4140
unknown	github.com/system-inc/adamic/stage1/cohere/json	TestPortMatchesGoCohere_4139
unknown	github.com/system-inc/adamic/stage1/cohere/json	TestPortMatchesGoCohere_4083
unknown	github.com/system-inc/adamic/stage1/cohere/json	TestPortMatchesGoCohere_3959
unknown	github.com/system-inc/adamic/stage1/cohere/json	TestPortMatchesGoCohere_4138
unknown	github.com/system-inc/adamic/stage1/cohere/json	TestPortMatchesGoCohere_3958
unknown	github.com/system-inc/adamic/stage1/cohere/json	TestPortMatchesGoCohere_4082
unknown	github.com/system-inc/adamic/stage1/cohere/json	TestPortMatchesGoCohere_4137
unknown	github.com/system-inc/adamic/stage1/cohere/json	TestPortMatchesGoCohere_4081
unknown	github.com/system-inc/adamic/stage1/cohere/json	TestPortMatchesGoCohere_3957
unknown	github.com/system-inc/adamic/stage1/cohere/json	TestPortMatchesGoCohere_4136
unknown	github.com/system-inc/adamic/stage1/cohere/json	TestPortMatchesGoCohere_4135
unknown	github.com/system-inc/adamic/stage1/cohere/json	TestPortMatchesGoCohere_4080
unknown	github.com/system-inc/adamic/stage1/cohere/json	TestPortMatchesGoCohere_3956
unknown	github.com/system-inc/adamic/stage1/cohere/json	TestPortMatchesGoCohere_4134
unknown	github.com/system-inc/adamic/stage1/cohere/json	TestPortMatchesGoCohere_4079
unknown	github.com/system-inc/adamic/stage1/cohere/json	TestPortMatchesGoCohere_4078
unknown	github.com/system-inc/adamic/stage1/cohere/json	TestPortMatchesGoCohere_3955
unknown	github.com/system-inc/adamic/stage1/cohere/json	TestPortMatchesGoCohere_3954
unknown	github.com/system-inc/adamic/stage1/cohere/json	TestPortMatchesGoCohere_3953
unknown	github.com/system-inc/adamic/stage1/cohere/json	TestPortMatchesGoCohere_4077
unknown	github.com/system-inc/adamic/stage1/cohere/json	TestPortMatchesGoCohere_3952
unknown	github.com/system-inc/adamic/stage1/cohere/json	TestPortMatchesGoCohere_4132
unknown	github.com/system-inc/adamic/stage1/cohere/json	TestPortMatchesGoCohere_4076
unknown	github.com/system-inc/adamic/stage1/cohere/json	TestPortMatchesGoCohere_4075
unknown	github.com/system-inc/adamic/stage1/cohere/json	TestPortMatchesGoCohere_4133
unknown	github.com/system-inc/adamic/stage1/cohere/json	TestPortMatchesGoCohere_3951
unknown	github.com/system-inc/adamic/stage1/cohere/json	TestPortMatchesGoCohere_4074
unknown	github.com/system-inc/adamic/stage1/cohere/json	TestPortMatchesGoCohere_3950
unknown	github.com/system-inc/adamic/stage1/cohere/json	TestPortMatchesGoCohere_3949
unknown	github.com/system-inc/adamic/stage1/cohere/json	TestPortMatchesGoCohere_4073
unknown	github.com/system-inc/adamic/stage1/cohere/json	TestPortMatchesGoCohere_4131
unknown	github.com/system-inc/adamic/stage1/cohere/json	TestPortMatchesGoCohere_4130
unknown	github.com/system-inc/adamic/stage1/cohere/json	TestPortMatchesGoCohere_4129
unknown	github.com/system-inc/adamic/stage1/cohere/json	TestPortMatchesGoCohere_3948
unknown	github.com/system-inc/adamic/stage1/cohere/json	TestPortMatchesGoCohere_4128
unknown	github.com/system-inc/adamic/stage1/cohere/json	TestPortMatchesGoCohere_3942
unknown	github.com/system-inc/adamic/stage1/cohere/json	TestPortMatchesGoCohere_4126
unknown	github.com/system-inc/adamic/stage1/cohere/json	TestPortMatchesGoCohere_4072
unknown	github.com/system-inc/adamic/stage1/cohere/json	TestPortMatchesGoCohere_4070
unknown	github.com/system-inc/adamic/stage1/cohere/json	TestPortMatchesGoCohere_4125
unknown	github.com/system-inc/adamic/stage1/cohere/json	TestPortMatchesGoCohere_4069
unknown	github.com/system-inc/adamic/stage1/cohere/json	TestPortMatchesGoCohere_4127
unknown	github.com/system-inc/adamic/stage1/cohere/json	TestPortMatchesGoCohere_4123
unknown	github.com/system-inc/adamic/stage1/cohere/json	TestPortMatchesGoCohere_4124
unknown	github.com/system-inc/adamic/stage1/cohere/json	TestPortMatchesGoCohere_3947
unknown	github.com/system-inc/adamic/stage1/cohere/json	TestPortMatchesGoCohere_4068
unknown	github.com/system-inc/adamic/stage1/cohere/json	TestPortMatchesGoCohere_4067
unknown	github.com/system-inc/adamic/stage1/cohere/json	TestPortMatchesGoCohere_3946
unknown	github.com/system-inc/adamic/stage1/cohere/json	TestPortMatchesGoCohere_4066
unknown	github.com/system-inc/adamic/stage1/cohere/json	TestPortMatchesGoCohere_4122
unknown	github.com/system-inc/adamic/stage1/cohere/json	TestPortMatchesGoCohere_4065
unknown	github.com/system-inc/adamic/stage1/cohere/json	TestPortMatchesGoCohere_4064
unknown	github.com/system-inc/adamic/stage1/cohere/json	TestPortMatchesGoCohere_3861
unknown	github.com/system-inc/adamic/stage1/cohere/json	TestPortMatchesGoCohere_3945
unknown	github.com/system-inc/adamic/stage1/cohere/json	TestPortMatchesGoCohere_3733
unknown	github.com/system-inc/adamic/stage1/cohere/json	TestPortMatchesGoCohere_4062
unknown	github.com/system-inc/adamic/stage1/cohere/json	TestPortMatchesGoCohere_3860
unknown	github.com/system-inc/adamic/stage1/cohere/json	TestPortMatchesGoCohere_4063
unknown	github.com/system-inc/adamic/stage1/cohere/json	TestPortMatchesGoCohere_3859
unknown	github.com/system-inc/adamic/stage1/cohere/json	TestPortMatchesGoCohere_4061
unknown	github.com/system-inc/adamic/stage1/cohere/json	TestPortMatchesGoCohere_3944
unknown	github.com/system-inc/adamic/stage1/cohere/json	TestPortMatchesGoCohere_3943
unknown	github.com/system-inc/adamic/stage1/cohere/json	TestPortMatchesGoCohere_4060
unknown	github.com/system-inc/adamic/stage1/cohere/json	TestPortMatchesGoCohere_3813
unknown	github.com/system-inc/adamic/stage1/cohere/json	TestPortMatchesGoCohere_3941
unknown	github.com/system-inc/adamic/stage1/cohere/json	TestPortMatchesGoCohere_3858
unknown	github.com/system-inc/adamic/stage1/cohere/json	TestPortMatchesGoCohere_4059
unknown	github.com/system-inc/adamic/stage1/cohere/json	TestPortMatchesGoCohere_4058
unknown	github.com/system-inc/adamic/stage1/cohere/json	TestPortMatchesGoCohere_3939
unknown	github.com/system-inc/adamic/stage1/cohere/json	TestPortMatchesGoCohere_4057
unknown	github.com/system-inc/adamic/stage1/cohere/json	TestPortMatchesGoCohere_4056
unknown	github.com/system-inc/adamic/stage1/cohere/json	TestPortMatchesGoCohere_3857
unknown	github.com/system-inc/adamic/stage1/cohere/json	TestPortMatchesGoCohere_4054
unknown	github.com/system-inc/adamic/stage1/cohere/json	TestPortMatchesGoCohere_4055
unknown	github.com/system-inc/adamic/stage1/cohere/json	TestPortMatchesGoCohere_3938
unknown	github.com/system-inc/adamic/stage1/cohere/json	TestPortMatchesGoCohere_4053
unknown	github.com/system-inc/adamic/stage1/cohere/json	TestPortMatchesGoCohere_3937
unknown	github.com/system-inc/adamic/stage1/cohere/json	TestPortMatchesGoCohere_3855
unknown	github.com/system-inc/adamic/stage1/cohere/json	TestPortMatchesGoCohere_3940
unknown	github.com/system-inc/adamic/stage1/cohere/json	TestPortMatchesGoCohere_4052
unknown	github.com/system-inc/adamic/stage1/cohere/json	TestPortMatchesGoCohere_3853
unknown	github.com/system-inc/adamic/stage1/cohere/json	TestPortMatchesGoCohere_3854
unknown	github.com/system-inc/adamic/stage1/cohere/json	TestPortMatchesGoCohere_4051
unknown	github.com/system-inc/adamic/stage1/cohere/json	TestPortMatchesGoCohere_4050
unknown	github.com/system-inc/adamic/stage1/cohere/json	TestPortMatchesGoCohere_3852
unknown	github.com/system-inc/adamic/stage1/cohere/json	TestPortMatchesGoCohere_3856
unknown	github.com/system-inc/adamic/stage1/cohere/json	TestPortMatchesGoCohere_3851
unknown	github.com/system-inc/adamic/stage1/cohere/json	TestPortMatchesGoCohere_4049
unknown	github.com/system-inc/adamic/stage1/cohere/json	TestPortMatchesGoCohere_3935
unknown	github.com/system-inc/adamic/stage1/cohere/json	TestPortMatchesGoCohere_3850
unknown	github.com/system-inc/adamic/stage1/cohere/json	TestPortMatchesGoCohere_3934
unknown	github.com/system-inc/adamic/stage1/cohere/json	TestPortMatchesGoCohere_4048
unknown	github.com/system-inc/adamic/stage1/cohere/json	TestPortMatchesGoCohere_3849
unknown	github.com/system-inc/adamic/stage1/cohere/json	TestPortMatchesGoCohere_3936
unknown	github.com/system-inc/adamic/stage1/cohere/json	TestPortMatchesGoCohere_3933
unknown	github.com/system-inc/adamic/stage1/cohere/json	TestPortMatchesGoCohere_4047
unknown	github.com/system-inc/adamic/stage1/cohere/json	TestPortMatchesGoCohere_4046
unknown	github.com/system-inc/adamic/stage1/cohere/json	TestPortMatchesGoCohere_3847
unknown	github.com/system-inc/adamic/stage1/cohere/json	TestPortMatchesGoCohere_3932
unknown	github.com/system-inc/adamic/stage1/cohere/json	TestPortMatchesGoCohere_3846
unknown	github.com/system-inc/adamic/stage1/cohere/json	TestPortMatchesGoCohere_3931
unknown	github.com/system-inc/adamic/stage1/cohere/json	TestPortMatchesGoCohere_3930
unknown	github.com/system-inc/adamic/stage1/cohere/json	TestPortMatchesGoCohere_3848
unknown	github.com/system-inc/adamic/stage1/cohere/json	TestPortMatchesGoCohere_4044
unknown	github.com/system-inc/adamic/stage1/cohere/json	TestPortMatchesGoCohere_4043
unknown	github.com/system-inc/adamic/stage1/cohere/json	TestPortMatchesGoCohere_4045
unknown	github.com/system-inc/adamic/stage1/cohere/json	TestPortMatchesGoCohere_4042
unknown	github.com/system-inc/adamic/stage1/cohere/json	TestPortMatchesGoCohere_3844
unknown	github.com/system-inc/adamic/stage1/cohere/json	TestPortMatchesGoCohere_3845
unknown	github.com/system-inc/adamic/stage1/cohere/json	TestPortMatchesGoCohere_4041
unknown	github.com/system-inc/adamic/stage1/cohere/json	TestPortMatchesGoCohere_3929
unknown	github.com/system-inc/adamic/stage1/cohere/json	TestPortMatchesGoCohere_3843
unknown	github.com/system-inc/adamic/stage1/cohere/json	TestPortMatchesGoCohere_4040
unknown	github.com/system-inc/adamic/stage1/cohere/json	TestPortMatchesGoCohere_3842
unknown	github.com/system-inc/adamic/stage1/cohere/json	TestPortMatchesGoCohere_4039
unknown	github.com/system-inc/adamic/stage1/cohere/json	TestPortMatchesGoCohere_3927
unknown	github.com/system-inc/adamic/stage1/cohere/json	TestPortMatchesGoCohere_3926
unknown	github.com/system-inc/adamic/stage1/cohere/json	TestPortMatchesGoCohere_3841
unknown	github.com/system-inc/adamic/stage1/cohere/json	TestPortMatchesGoCohere_3928
unknown	github.com/system-inc/adamic/stage1/cohere/json	TestPortMatchesGoCohere_4038
unknown	github.com/system-inc/adamic/stage1/cohere/json	TestPortMatchesGoCohere_4037
unknown	github.com/system-inc/adamic/stage1/cohere/json	TestPortMatchesGoCohere_3925
unknown	github.com/system-inc/adamic/stage1/cohere/json	TestPortMatchesGoCohere_4036
unknown	github.com/system-inc/adamic/stage1/cohere/json	TestPortMatchesGoCohere_3840
unknown	github.com/system-inc/adamic/stage1/cohere/json	TestPortMatchesGoCohere_3924
unknown	github.com/system-inc/adamic/stage1/cohere/json	TestPortMatchesGoCohere_3839
unknown	github.com/system-inc/adamic/stage1/cohere/json	TestPortMatchesGoCohere_4035
unknown	github.com/system-inc/adamic/stage1/cohere/json	TestPortMatchesGoCohere_3838
unknown	github.com/system-inc/adamic/stage1/cohere/json	TestPortMatchesGoCohere_3923
unknown	github.com/system-inc/adamic/stage1/cohere/json	TestPortMatchesGoCohere_4034
unknown	github.com/system-inc/adamic/stage1/cohere/json	TestPortMatchesGoCohere_3837
unknown	github.com/system-inc/adamic/stage1/cohere/json	TestPortMatchesGoCohere_4033
unknown	github.com/system-inc/adamic/stage1/cohere/json	TestPortMatchesGoCohere_3836
unknown	github.com/system-inc/adamic/stage1/cohere/json	TestPortMatchesGoCohere_4032
unknown	github.com/system-inc/adamic/stage1/cohere/json	TestPortMatchesGoCohere_4030
unknown	github.com/system-inc/adamic/stage1/cohere/json	TestPortMatchesGoCohere_4031
unknown	github.com/system-inc/adamic/stage1/cohere/json	TestPortMatchesGoCohere_3732
unknown	github.com/system-inc/adamic/stage1/cohere/json	TestPortMatchesGoCohere_4027
unknown	github.com/system-inc/adamic/stage1/cohere/json	TestPortMatchesGoCohere_4028
unknown	github.com/system-inc/adamic/stage1/cohere/json	TestPortMatchesGoCohere_4029
unknown	github.com/system-inc/adamic/stage1/cohere/json	TestPortMatchesGoCohere_4025
unknown	github.com/system-inc/adamic/stage1/cohere/json	TestPortMatchesGoCohere_4026
unknown	github.com/system-inc/adamic/stage1/cohere/json	TestPortMatchesGoCohere_4024
unknown	github.com/system-inc/adamic/stage1/cohere/json	TestPortMatchesGoCohere_4023
unknown	github.com/system-inc/adamic/stage1/cohere/json	TestPortMatchesGoCohere_4022
unknown	github.com/system-inc/adamic/stage1/cohere/json	TestPortMatchesGoCohere_4021
unknown	github.com/system-inc/adamic/stage1/cohere/json	TestPortMatchesGoCohere_4020
unknown	github.com/system-inc/adamic/stage1/cohere/json	TestPortMatchesGoCohere_4019
unknown	github.com/system-inc/adamic/stage1/cohere/json	TestPortMatchesGoCohere_4017
unknown	github.com/system-inc/adamic/stage1/cohere/json	TestPortMatchesGoCohere_4018
unknown	github.com/system-inc/adamic/stage1/cohere/json	TestPortMatchesGoCohere_3835
unknown	github.com/system-inc/adamic/stage1/cohere/json	TestPortMatchesGoCohere_3834
unknown	github.com/system-inc/adamic/stage1/cohere/json	TestPortMatchesGoCohere_4016
unknown	github.com/system-inc/adamic/stage1/cohere/json	TestPortMatchesGoCohere_3833
unknown	github.com/system-inc/adamic/stage1/cohere/json	TestPortMatchesGoCohere_4015
unknown	github.com/system-inc/adamic/stage1/cohere/json	TestPortMatchesGoCohere_3832
unknown	github.com/system-inc/adamic/stage1/cohere/json	TestPortMatchesGoCohere_4014
unknown	github.com/system-inc/adamic/stage1/cohere/json	TestPortMatchesGoCohere_3831
unknown	github.com/system-inc/adamic/stage1/cohere/json	TestPortMatchesGoCohere_4013
unknown	github.com/system-inc/adamic/stage1/cohere/json	TestPortMatchesGoCohere_3830
unknown	github.com/system-inc/adamic/stage1/cohere/json	TestPortMatchesGoCohere_3829
unknown	github.com/system-inc/adamic/stage1/cohere/json	TestPortMatchesGoCohere_4012
unknown	github.com/system-inc/adamic/stage1/cohere/json	TestPortMatchesGoCohere_3828
unknown	github.com/system-inc/adamic/stage1/cohere/json	TestPortMatchesGoCohere_4009
unknown	github.com/system-inc/adamic/stage1/cohere/json	TestPortMatchesGoCohere_3731
unknown	github.com/system-inc/adamic/stage1/cohere/json	TestPortMatchesGoCohere_4011
unknown	github.com/system-inc/adamic/stage1/cohere/json	TestPortMatchesGoCohere_3827
unknown	github.com/system-inc/adamic/stage1/cohere/json	TestPortMatchesGoCohere_4008
unknown	github.com/system-inc/adamic/stage1/cohere/json	TestPortMatchesGoCohere_3826
unknown	github.com/system-inc/adamic/stage1/cohere/json	TestPortMatchesGoCohere_4010
unknown	github.com/system-inc/adamic/stage1/cohere/json	TestPortMatchesGoCohere_3825
unknown	github.com/system-inc/adamic/stage1/cohere/json	TestPortMatchesGoCohere_4006
unknown	github.com/system-inc/adamic/stage1/cohere/json	TestPortMatchesGoCohere_4005
unknown	github.com/system-inc/adamic/stage1/cohere/json	TestPortMatchesGoCohere_3824
unknown	github.com/system-inc/adamic/stage1/cohere/json	TestPortMatchesGoCohere_4004
unknown	github.com/system-inc/adamic/stage1/cohere/json	TestPortMatchesGoCohere_3823
unknown	github.com/system-inc/adamic/stage1/cohere/json	TestPortMatchesGoCohere_4003
unknown	github.com/system-inc/adamic/stage1/cohere/json	TestPortMatchesGoCohere_4007
unknown	github.com/system-inc/adamic/stage1/cohere/json	TestPortMatchesGoCohere_3821
unknown	github.com/system-inc/adamic/stage1/cohere/json	TestPortMatchesGoCohere_4002
unknown	github.com/system-inc/adamic/stage1/cohere/json	TestPortMatchesGoCohere_4001
unknown	github.com/system-inc/adamic/stage1/cohere/json	TestPortMatchesGoCohere_3820
unknown	github.com/system-inc/adamic/stage1/cohere/json	TestPortMatchesGoCohere_3822
unknown	github.com/system-inc/adamic/stage1/cohere/json	TestPortMatchesGoCohere_3819
unknown	github.com/system-inc/adamic/stage1/cohere/json	TestPortMatchesGoCohere_4000
unknown	github.com/system-inc/adamic/stage1/cohere/json	TestPortMatchesGoCohere_3999
unknown	github.com/system-inc/adamic/stage1/cohere/json	TestPortMatchesGoCohere_3922
unknown	github.com/system-inc/adamic/stage1/cohere/json	TestPortMatchesGoCohere_3998
unknown	github.com/system-inc/adamic/stage1/cohere/json	TestPortMatchesGoCohere_3997
unknown	github.com/system-inc/adamic/stage1/cohere/json	TestPortMatchesGoCohere_3920
unknown	github.com/system-inc/adamic/stage1/cohere/json	TestPortMatchesGoCohere_3921
unknown	github.com/system-inc/adamic/stage1/cohere/json	TestPortMatchesGoCohere_3818
unknown	github.com/system-inc/adamic/stage1/cohere/json	TestPortMatchesGoCohere_3919
unknown	github.com/system-inc/adamic/stage1/cohere/json	TestPortMatchesGoCohere_3817
unknown	github.com/system-inc/adamic/stage1/cohere/json	TestPortMatchesGoCohere_3816
unknown	github.com/system-inc/adamic/stage1/cohere/json	TestPortMatchesGoCohere_3918
unknown	github.com/system-inc/adamic/stage1/cohere/json	TestPortMatchesGoCohere_3917
unknown	github.com/system-inc/adamic/stage1/cohere/json	TestPortMatchesGoCohere_3814
unknown	github.com/system-inc/adamic/stage1/cohere/json	TestPortMatchesGoCohere_3916
unknown	github.com/system-inc/adamic/stage1/cohere/json	TestPortMatchesGoCohere_3815
unknown	github.com/system-inc/adamic/stage1/cohere/json	TestPortMatchesGoCohere_3684
unknown	github.com/system-inc/adamic/stage1/cohere/json	TestPortMatchesGoCohere_3915
unknown	github.com/system-inc/adamic/stage1/cohere/json	TestPortMatchesGoCohere_3812
unknown	github.com/system-inc/adamic/stage1/cohere/json	TestPortMatchesGoCohere_3995
unknown	github.com/system-inc/adamic/stage1/cohere/json	TestPortMatchesGoCohere_3994
unknown	github.com/system-inc/adamic/stage1/cohere/json	TestPortMatchesGoCohere_3914
unknown	github.com/system-inc/adamic/stage1/cohere/json	TestPortMatchesGoCohere_3996
unknown	github.com/system-inc/adamic/stage1/cohere/json	TestPortMatchesGoCohere_3912
unknown	github.com/system-inc/adamic/stage1/cohere/json	TestPortMatchesGoCohere_3811
unknown	github.com/system-inc/adamic/stage1/cohere/json	TestPortMatchesGoCohere_3911
unknown	github.com/system-inc/adamic/stage1/cohere/json	TestPortMatchesGoCohere_3810
unknown	github.com/system-inc/adamic/stage1/cohere/json	TestPortMatchesGoCohere_3910
unknown	github.com/system-inc/adamic/stage1/cohere/json	TestPortMatchesGoCohere_3913
unknown	github.com/system-inc/adamic/stage1/cohere/json	TestPortMatchesGoCohere_3809
unknown	github.com/system-inc/adamic/stage1/cohere/json	TestPortMatchesGoCohere_3908
unknown	github.com/system-inc/adamic/stage1/cohere/json	TestPortMatchesGoCohere_3807
unknown	github.com/system-inc/adamic/stage1/cohere/json	TestPortMatchesGoCohere_3808
unknown	github.com/system-inc/adamic/stage1/cohere/json	TestPortMatchesGoCohere_3907
unknown	github.com/system-inc/adamic/stage1/cohere/json	TestPortMatchesGoCohere_3909
unknown	github.com/system-inc/adamic/stage1/cohere/json	TestPortMatchesGoCohere_3806
unknown	github.com/system-inc/adamic/stage1/cohere/json	TestPortMatchesGoCohere_3906
unknown	github.com/system-inc/adamic/stage1/cohere/json	TestPortMatchesGoCohere_3804
unknown	github.com/system-inc/adamic/stage1/cohere/json	TestPortMatchesGoCohere_3904
unknown	github.com/system-inc/adamic/stage1/cohere/json	TestPortMatchesGoCohere_3802
unknown	github.com/system-inc/adamic/stage1/cohere/json	TestPortMatchesGoCohere_3905
unknown	github.com/system-inc/adamic/stage1/cohere/json	TestPortMatchesGoCohere_3805
unknown	github.com/system-inc/adamic/stage1/cohere/json	TestPortMatchesGoCohere_3803
unknown	github.com/system-inc/adamic/stage1/cohere/json	TestPortMatchesGoCohere_3903
unknown	github.com/system-inc/adamic/stage1/cohere/json	TestPortMatchesGoCohere_3902
unknown	github.com/system-inc/adamic/stage1/cohere/json	TestPortMatchesGoCohere_3799
unknown	github.com/system-inc/adamic/stage1/cohere/json	TestPortMatchesGoCohere_3800
unknown	github.com/system-inc/adamic/stage1/cohere/json	TestPortMatchesGoCohere_3901
unknown	github.com/system-inc/adamic/stage1/cohere/json	TestPortMatchesGoCohere_3798
unknown	github.com/system-inc/adamic/stage1/cohere/json	TestPortMatchesGoCohere_3797
unknown	github.com/system-inc/adamic/stage1/cohere/json	TestPortMatchesGoCohere_3900
unknown	github.com/system-inc/adamic/stage1/cohere/json	TestPortMatchesGoCohere_3801
unknown	github.com/system-inc/adamic/stage1/cohere/json	TestPortMatchesGoCohere_3796
unknown	github.com/system-inc/adamic/stage1/cohere/json	TestPortMatchesGoCohere_3899
unknown	github.com/system-inc/adamic/stage1/cohere/json	TestPortMatchesGoCohere_3794
unknown	github.com/system-inc/adamic/stage1/cohere/json	TestPortMatchesGoCohere_3898
unknown	github.com/system-inc/adamic/stage1/cohere/json	TestPortMatchesGoCohere_3793
unknown	github.com/system-inc/adamic/stage1/cohere/json	TestPortMatchesGoCohere_3897
unknown	github.com/system-inc/adamic/stage1/cohere/json	TestPortMatchesGoCohere_3795
unknown	github.com/system-inc/adamic/stage1/cohere/json	TestPortMatchesGoCohere_3896
unknown	github.com/system-inc/adamic/stage1/cohere/json	TestPortMatchesGoCohere_3789
unknown	github.com/system-inc/adamic/stage1/cohere/json	TestPortMatchesGoCohere_3792
unknown	github.com/system-inc/adamic/stage1/cohere/json	TestPortMatchesGoCohere_3791
unknown	github.com/system-inc/adamic/stage1/cohere/json	TestPortMatchesGoCohere_3895
unknown	github.com/system-inc/adamic/stage1/cohere/json	TestPortMatchesGoCohere_3790
unknown	github.com/system-inc/adamic/stage1/cohere/json	TestPortMatchesGoCohere_3894
unknown	github.com/system-inc/adamic/stage1/cohere/json	TestPortMatchesGoCohere_3788
unknown	github.com/system-inc/adamic/stage1/cohere/json	TestPortMatchesGoCohere_3893
unknown	github.com/system-inc/adamic/stage1/cohere/json	TestPortMatchesGoCohere_3892
unknown	github.com/system-inc/adamic/stage1/cohere/json	TestPortMatchesGoCohere_3787
unknown	github.com/system-inc/adamic/stage1/cohere/json	TestPortMatchesGoCohere_3785
unknown	github.com/system-inc/adamic/stage1/cohere/json	TestPortMatchesGoCohere_3786
unknown	github.com/system-inc/adamic/stage1/cohere/json	TestPortMatchesGoCohere_3891
unknown	github.com/system-inc/adamic/stage1/cohere/json	TestPortMatchesGoCohere_3784
unknown	github.com/system-inc/adamic/stage1/cohere/json	TestPortMatchesGoCohere_3890
unknown	github.com/system-inc/adamic/stage1/cohere/json	TestPortMatchesGoCohere_3783
unknown	github.com/system-inc/adamic/stage1/cohere/json	TestPortMatchesGoCohere_3889
unknown	github.com/system-inc/adamic/stage1/cohere/json	TestPortMatchesGoCohere_3782
unknown	github.com/system-inc/adamic/stage1/cohere/json	TestPortMatchesGoCohere_3888
unknown	github.com/system-inc/adamic/stage1/cohere/json	TestPortMatchesGoCohere_3887
unknown	github.com/system-inc/adamic/stage1/cohere/json	TestPortMatchesGoCohere_3781
unknown	github.com/system-inc/adamic/stage1/cohere/json	TestPortMatchesGoCohere_3780
unknown	github.com/system-inc/adamic/stage1/cohere/json	TestPortMatchesGoCohere_3886
unknown	github.com/system-inc/adamic/stage1/cohere/json	TestPortMatchesGoCohere_3885
unknown	github.com/system-inc/adamic/stage1/cohere/json	TestPortMatchesGoCohere_3779
unknown	github.com/system-inc/adamic/stage1/cohere/json	TestPortMatchesGoCohere_3778
unknown	github.com/system-inc/adamic/stage1/cohere/json	TestPortMatchesGoCohere_3776
unknown	github.com/system-inc/adamic/stage1/cohere/json	TestPortMatchesGoCohere_3777
unknown	github.com/system-inc/adamic/stage1/cohere/json	TestPortMatchesGoCohere_3775
unknown	github.com/system-inc/adamic/stage1/cohere/json	TestPortMatchesGoCohere_3774
unknown	github.com/system-inc/adamic/stage1/cohere/json	TestPortMatchesGoCohere_3773
unknown	github.com/system-inc/adamic/stage1/cohere/json	TestPortMatchesGoCohere_3772
unknown	github.com/system-inc/adamic/stage1/cohere/json	TestPortMatchesGoCohere_3771
unknown	github.com/system-inc/adamic/stage1/cohere/json	TestPortMatchesGoCohere_3770
unknown	github.com/system-inc/adamic/stage1/cohere/json	TestPortMatchesGoCohere_3769
unknown	github.com/system-inc/adamic/stage1/cohere/json	TestPortMatchesGoCohere_3730
unknown	github.com/system-inc/adamic/stage1/cohere/json	TestPortMatchesGoCohere_3729
unknown	github.com/system-inc/adamic/stage1/cohere/json	TestPortMatchesGoCohere_3726
unknown	github.com/system-inc/adamic/stage1/cohere/json	TestPortMatchesGoCohere_3727
unknown	github.com/system-inc/adamic/stage1/cohere/json	TestPortMatchesGoCohere_3728
unknown	github.com/system-inc/adamic/stage1/cohere/json	TestPortMatchesGoCohere_3725
unknown	github.com/system-inc/adamic/stage1/cohere/json	TestPortMatchesGoCohere_3723
unknown	github.com/system-inc/adamic/stage1/cohere/json	TestPortMatchesGoCohere_3722
unknown	github.com/system-inc/adamic/stage1/cohere/json	TestPortMatchesGoCohere_3724
unknown	github.com/system-inc/adamic/stage1/cohere/json	TestPortMatchesGoCohere_3721
unknown	github.com/system-inc/adamic/stage1/cohere/json	TestPortMatchesGoCohere_3720
unknown	github.com/system-inc/adamic/stage1/cohere/json	TestPortMatchesGoCohere_3719
unknown	github.com/system-inc/adamic/stage1/cohere/json	TestPortMatchesGoCohere_3718
unknown	github.com/system-inc/adamic/stage1/cohere/json	TestPortMatchesGoCohere_3602
unknown	github.com/system-inc/adamic/stage1/cohere/json	TestPortMatchesGoCohere_3717
unknown	github.com/system-inc/adamic/stage1/cohere/json	TestPortMatchesGoCohere_3716
unknown	github.com/system-inc/adamic/stage1/cohere/json	TestPortMatchesGoCohere_3715
unknown	github.com/system-inc/adamic/stage1/cohere/json	TestPortMatchesGoCohere_3714
unknown	github.com/system-inc/adamic/stage1/cohere/json	TestPortMatchesGoCohere_3713
unknown	github.com/system-inc/adamic/stage1/cohere/json	TestPortMatchesGoCohere_3767
unknown	github.com/system-inc/adamic/stage1/cohere/json	TestPortMatchesGoCohere_3768
unknown	github.com/system-inc/adamic/stage1/cohere/json	TestPortMatchesGoCohere_3712
unknown	github.com/system-inc/adamic/stage1/cohere/json	TestPortMatchesGoCohere_3765
unknown	github.com/system-inc/adamic/stage1/cohere/json	TestPortMatchesGoCohere_3711
unknown	github.com/system-inc/adamic/stage1/cohere/json	TestPortMatchesGoCohere_3766
unknown	github.com/system-inc/adamic/stage1/cohere/json	TestPortMatchesGoCohere_3710
unknown	github.com/system-inc/adamic/stage1/cohere/json	TestPortMatchesGoCohere_3764
unknown	github.com/system-inc/adamic/stage1/cohere/json	TestPortMatchesGoCohere_3763
unknown	github.com/system-inc/adamic/stage1/cohere/json	TestPortMatchesGoCohere_3708
unknown	github.com/system-inc/adamic/stage1/cohere/json	TestPortMatchesGoCohere_3709
unknown	github.com/system-inc/adamic/stage1/cohere/json	TestPortMatchesGoCohere_3601
unknown	github.com/system-inc/adamic/stage1/cohere/json	TestPortMatchesGoCohere_3762
unknown	github.com/system-inc/adamic/stage1/cohere/json	TestPortMatchesGoCohere_3759
unknown	github.com/system-inc/adamic/stage1/cohere/json	TestPortMatchesGoCohere_3707
unknown	github.com/system-inc/adamic/stage1/cohere/json	TestPortMatchesGoCohere_3760
unknown	github.com/system-inc/adamic/stage1/cohere/json	TestPortMatchesGoCohere_3761
unknown	github.com/system-inc/adamic/stage1/cohere/json	TestPortMatchesGoCohere_3758
unknown	github.com/system-inc/adamic/stage1/cohere/json	TestPortMatchesGoCohere_3754
unknown	github.com/system-inc/adamic/stage1/cohere/json	TestPortMatchesGoCohere_3756
unknown	github.com/system-inc/adamic/stage1/cohere/json	TestPortMatchesGoCohere_3757
unknown	github.com/system-inc/adamic/stage1/cohere/json	TestPortMatchesGoCohere_3755
unknown	github.com/system-inc/adamic/stage1/cohere/json	TestPortMatchesGoCohere_3706
unknown	github.com/system-inc/adamic/stage1/cohere/json	TestPortMatchesGoCohere_3753
unknown	github.com/system-inc/adamic/stage1/cohere/json	TestPortMatchesGoCohere_3752
unknown	github.com/system-inc/adamic/stage1/cohere/json	TestPortMatchesGoCohere_3703
unknown	github.com/system-inc/adamic/stage1/cohere/json	TestPortMatchesGoCohere_3705
unknown	github.com/system-inc/adamic/stage1/cohere/json	TestPortMatchesGoCohere_3704
unknown	github.com/system-inc/adamic/stage1/cohere/json	TestPortMatchesGoCohere_3751
unknown	github.com/system-inc/adamic/stage1/cohere/json	TestPortMatchesGoCohere_3702
unknown	github.com/system-inc/adamic/stage1/cohere/json	TestPortMatchesGoCohere_3749
unknown	github.com/system-inc/adamic/stage1/cohere/json	TestPortMatchesGoCohere_3747
unknown	github.com/system-inc/adamic/stage1/cohere/json	TestPortMatchesGoCohere_3748
unknown	github.com/system-inc/adamic/stage1/cohere/json	TestPortMatchesGoCohere_3700
unknown	github.com/system-inc/adamic/stage1/cohere/json	TestPortMatchesGoCohere_3746
unknown	github.com/system-inc/adamic/stage1/cohere/json	TestPortMatchesGoCohere_3699
unknown	github.com/system-inc/adamic/stage1/cohere/json	TestPortMatchesGoCohere_3745
unknown	github.com/system-inc/adamic/stage1/cohere/json	TestPortMatchesGoCohere_3701
unknown	github.com/system-inc/adamic/stage1/cohere/json	TestPortMatchesGoCohere_3698
unknown	github.com/system-inc/adamic/stage1/cohere/json	TestPortMatchesGoCohere_3744
unknown	github.com/system-inc/adamic/stage1/cohere/json	TestPortMatchesGoCohere_3750
unknown	github.com/system-inc/adamic/stage1/cohere/json	TestPortMatchesGoCohere_3697
unknown	github.com/system-inc/adamic/stage1/cohere/json	TestPortMatchesGoCohere_3742
unknown	github.com/system-inc/adamic/stage1/cohere/json	TestPortMatchesGoCohere_3696
unknown	github.com/system-inc/adamic/stage1/cohere/json	TestPortMatchesGoCohere_3695
unknown	github.com/system-inc/adamic/stage1/cohere/json	TestPortMatchesGoCohere_3740
unknown	github.com/system-inc/adamic/stage1/cohere/json	TestPortMatchesGoCohere_3743
unknown	github.com/system-inc/adamic/stage1/cohere/json	TestPortMatchesGoCohere_3739
unknown	github.com/system-inc/adamic/stage1/cohere/json	TestPortMatchesGoCohere_3741
unknown	github.com/system-inc/adamic/stage1/cohere/json	TestPortMatchesGoCohere_3693
unknown	github.com/system-inc/adamic/stage1/cohere/json	TestPortMatchesGoCohere_3694
unknown	github.com/system-inc/adamic/stage1/cohere/json	TestPortMatchesGoCohere_3600
unknown	github.com/system-inc/adamic/stage1/cohere/json	TestPortMatchesGoCohere_3884
unknown	github.com/system-inc/adamic/stage1/cohere/json	TestPortMatchesGoCohere_3691
unknown	github.com/system-inc/adamic/stage1/cohere/json	TestPortMatchesGoCohere_3883
unknown	github.com/system-inc/adamic/stage1/cohere/json	TestPortMatchesGoCohere_3690
unknown	github.com/system-inc/adamic/stage1/cohere/json	TestPortMatchesGoCohere_3689
unknown	github.com/system-inc/adamic/stage1/cohere/json	TestPortMatchesGoCohere_3882
unknown	github.com/system-inc/adamic/stage1/cohere/json	TestPortMatchesGoCohere_3692
unknown	github.com/system-inc/adamic/stage1/cohere/json	TestPortMatchesGoCohere_3881
unknown	github.com/system-inc/adamic/stage1/cohere/json	TestPortMatchesGoCohere_3879
unknown	github.com/system-inc/adamic/stage1/cohere/json	TestPortMatchesGoCohere_3738
unknown	github.com/system-inc/adamic/stage1/cohere/json	TestPortMatchesGoCohere_3880
unknown	github.com/system-inc/adamic/stage1/cohere/json	TestPortMatchesGoCohere_3736
unknown	github.com/system-inc/adamic/stage1/cohere/json	TestPortMatchesGoCohere_3737
unknown	github.com/system-inc/adamic/stage1/cohere/json	TestPortMatchesGoCohere_3735
unknown	github.com/system-inc/adamic/stage1/cohere/json	TestPortMatchesGoCohere_3877
unknown	github.com/system-inc/adamic/stage1/cohere/json	TestPortMatchesGoCohere_3734
unknown	github.com/system-inc/adamic/stage1/cohere/json	TestPortMatchesGoCohere_3875
unknown	github.com/system-inc/adamic/stage1/cohere/json	TestPortMatchesGoCohere_3876
unknown	github.com/system-inc/adamic/stage1/cohere/json	TestPortMatchesGoCohere_3878
unknown	github.com/system-inc/adamic/stage1/cohere/json	TestPortMatchesGoCohere_3874
unknown	github.com/system-inc/adamic/stage1/cohere/json	TestPortMatchesGoCohere_3873
unknown	github.com/system-inc/adamic/stage1/cohere/json	TestPortMatchesGoCohere_3872
unknown	github.com/system-inc/adamic/stage1/cohere/json	TestPortMatchesGoCohere_3599
unknown	github.com/system-inc/adamic/stage1/cohere/json	TestPortMatchesGoCohere_3871
unknown	github.com/system-inc/adamic/stage1/cohere/json	TestPortMatchesGoCohere_3598
unknown	github.com/system-inc/adamic/stage1/cohere/json	TestPortMatchesGoCohere_3870
unknown	github.com/system-inc/adamic/stage1/cohere/json	TestPortMatchesGoCohere_3597
unknown	github.com/system-inc/adamic/stage1/cohere/json	TestPortMatchesGoCohere_3596
unknown	github.com/system-inc/adamic/stage1/cohere/json	TestPortMatchesGoCohere_3869
unknown	github.com/system-inc/adamic/stage1/cohere/json	TestPortMatchesGoCohere_3595
unknown	github.com/system-inc/adamic/stage1/cohere/json	TestPortMatchesGoCohere_3593
unknown	github.com/system-inc/adamic/stage1/cohere/json	TestPortMatchesGoCohere_3868
unknown	github.com/system-inc/adamic/stage1/cohere/json	TestPortMatchesGoCohere_3866
unknown	github.com/system-inc/adamic/stage1/cohere/json	TestPortMatchesGoCohere_3594
unknown	github.com/system-inc/adamic/stage1/cohere/json	TestPortMatchesGoCohere_3592
unknown	github.com/system-inc/adamic/stage1/cohere/json	TestPortMatchesGoCohere_3591
unknown	github.com/system-inc/adamic/stage1/cohere/json	TestPortMatchesGoCohere_3865
unknown	github.com/system-inc/adamic/stage1/cohere/json	TestPortMatchesGoCohere_3867
unknown	github.com/system-inc/adamic/stage1/cohere/json	TestPortMatchesGoCohere_3590
unknown	github.com/system-inc/adamic/stage1/cohere/json	TestPortMatchesGoCohere_3589
unknown	github.com/system-inc/adamic/stage1/cohere/json	TestPortMatchesGoCohere_3588
unknown	github.com/system-inc/adamic/stage1/cohere/json	TestPortMatchesGoCohere_3864
unknown	github.com/system-inc/adamic/stage1/cohere/json	TestPortMatchesGoCohere_3863
unknown	github.com/system-inc/adamic/stage1/cohere/json	TestPortMatchesGoCohere_3587
unknown	github.com/system-inc/adamic/stage1/cohere/json	TestPortMatchesGoCohere_3585
unknown	github.com/system-inc/adamic/stage1/cohere/json	TestPortMatchesGoCohere_3584
unknown	github.com/system-inc/adamic/stage1/cohere/json	TestPortMatchesGoCohere_3586
unknown	github.com/system-inc/adamic/stage1/cohere/json	TestPortMatchesGoCohere_3583
unknown	github.com/system-inc/adamic/stage1/cohere/json	TestPortMatchesGoCohere_3582
unknown	github.com/system-inc/adamic/stage1/cohere/json	TestPortMatchesGoCohere_3471
unknown	github.com/system-inc/adamic/stage1/cohere/json	TestPortMatchesGoCohere_3581
unknown	github.com/system-inc/adamic/stage1/cohere/json	TestPortMatchesGoCohere_3580
unknown	github.com/system-inc/adamic/stage1/cohere/json	TestPortMatchesGoCohere_3470
unknown	github.com/system-inc/adamic/stage1/cohere/json	TestPortMatchesGoCohere_3579
unknown	github.com/system-inc/adamic/stage1/cohere/json	TestPortMatchesGoCohere_3469
unknown	github.com/system-inc/adamic/stage1/cohere/json	TestPortMatchesGoCohere_3578
unknown	github.com/system-inc/adamic/stage1/cohere/json	TestPortMatchesGoCohere_3468
unknown	github.com/system-inc/adamic/stage1/cohere/json	TestPortMatchesGoCohere_3576
unknown	github.com/system-inc/adamic/stage1/cohere/json	TestPortMatchesGoCohere_3577
unknown	github.com/system-inc/adamic/stage1/cohere/json	TestPortMatchesGoCohere_3575
unknown	github.com/system-inc/adamic/stage1/cohere/json	TestPortMatchesGoCohere_3467
unknown	github.com/system-inc/adamic/stage1/cohere/json	TestPortMatchesGoCohere_3343
unknown	github.com/system-inc/adamic/stage1/cohere/json	TestPortMatchesGoCohere_3466
unknown	github.com/system-inc/adamic/stage1/cohere/json	TestPortMatchesGoCohere_3574
unknown	github.com/system-inc/adamic/stage1/cohere/json	TestPortMatchesGoCohere_3465
unknown	github.com/system-inc/adamic/stage1/cohere/json	TestPortMatchesGoCohere_3573
unknown	github.com/system-inc/adamic/stage1/cohere/json	TestPortMatchesGoCohere_3572
unknown	github.com/system-inc/adamic/stage1/cohere/json	TestPortMatchesGoCohere_3464
unknown	github.com/system-inc/adamic/stage1/cohere/json	TestPortMatchesGoCohere_3463
unknown	github.com/system-inc/adamic/stage1/cohere/json	TestPortMatchesGoCohere_3570
unknown	github.com/system-inc/adamic/stage1/cohere/json	TestPortMatchesGoCohere_3571
unknown	github.com/system-inc/adamic/stage1/cohere/json	TestPortMatchesGoCohere_3462
unknown	github.com/system-inc/adamic/stage1/cohere/json	TestPortMatchesGoCohere_3569
unknown	github.com/system-inc/adamic/stage1/cohere/json	TestPortMatchesGoCohere_3461
unknown	github.com/system-inc/adamic/stage1/cohere/json	TestPortMatchesGoCohere_3568
unknown	github.com/system-inc/adamic/stage1/cohere/json	TestPortMatchesGoCohere_3567
unknown	github.com/system-inc/adamic/stage1/cohere/json	TestPortMatchesGoCohere_3460
unknown	github.com/system-inc/adamic/stage1/cohere/json	TestPortMatchesGoCohere_3566
unknown	github.com/system-inc/adamic/stage1/cohere/json	TestPortMatchesGoCohere_3565
unknown	github.com/system-inc/adamic/stage1/cohere/json	TestPortMatchesGoCohere_3459
unknown	github.com/system-inc/adamic/stage1/cohere/json	TestPortMatchesGoCohere_3458
unknown	github.com/system-inc/adamic/stage1/cohere/json	TestPortMatchesGoCohere_3564
unknown	github.com/system-inc/adamic/stage1/cohere/json	TestPortMatchesGoCohere_3457
unknown	github.com/system-inc/adamic/stage1/cohere/json	TestPortMatchesGoCohere_3563
unknown	github.com/system-inc/adamic/stage1/cohere/json	TestPortMatchesGoCohere_3562
unknown	github.com/system-inc/adamic/stage1/cohere/json	TestPortMatchesGoCohere_3456
unknown	github.com/system-inc/adamic/stage1/cohere/json	TestPortMatchesGoCohere_3455
unknown	github.com/system-inc/adamic/stage1/cohere/json	TestPortMatchesGoCohere_3560
unknown	github.com/system-inc/adamic/stage1/cohere/json	TestPortMatchesGoCohere_3688
unknown	github.com/system-inc/adamic/stage1/cohere/json	TestPortMatchesGoCohere_3559
unknown	github.com/system-inc/adamic/stage1/cohere/json	TestPortMatchesGoCohere_3561
unknown	github.com/system-inc/adamic/stage1/cohere/json	TestPortMatchesGoCohere_3454
unknown	github.com/system-inc/adamic/stage1/cohere/json	TestPortMatchesGoCohere_3687
unknown	github.com/system-inc/adamic/stage1/cohere/json	TestPortMatchesGoCohere_3557
unknown	github.com/system-inc/adamic/stage1/cohere/json	TestPortMatchesGoCohere_3558
unknown	github.com/system-inc/adamic/stage1/cohere/json	TestPortMatchesGoCohere_3686
unknown	github.com/system-inc/adamic/stage1/cohere/json	TestPortMatchesGoCohere_3556
unknown	github.com/system-inc/adamic/stage1/cohere/json	TestPortMatchesGoCohere_3453
unknown	github.com/system-inc/adamic/stage1/cohere/json	TestPortMatchesGoCohere_3451
unknown	github.com/system-inc/adamic/stage1/cohere/json	TestPortMatchesGoCohere_3685
unknown	github.com/system-inc/adamic/stage1/cohere/json	TestPortMatchesGoCohere_3452
unknown	github.com/system-inc/adamic/stage1/cohere/json	TestPortMatchesGoCohere_3426
unknown	github.com/system-inc/adamic/stage1/cohere/json	TestPortMatchesGoCohere_3554
unknown	github.com/system-inc/adamic/stage1/cohere/json	TestPortMatchesGoCohere_3450
unknown	github.com/system-inc/adamic/stage1/cohere/json	TestPortMatchesGoCohere_3555
unknown	github.com/system-inc/adamic/stage1/cohere/json	TestPortMatchesGoCohere_3449
unknown	github.com/system-inc/adamic/stage1/cohere/json	TestPortMatchesGoCohere_3553
unknown	github.com/system-inc/adamic/stage1/cohere/json	TestPortMatchesGoCohere_3683
unknown	github.com/system-inc/adamic/stage1/cohere/json	TestPortMatchesGoCohere_3682
unknown	github.com/system-inc/adamic/stage1/cohere/json	TestPortMatchesGoCohere_3552
unknown	github.com/system-inc/adamic/stage1/cohere/json	TestPortMatchesGoCohere_3448
unknown	github.com/system-inc/adamic/stage1/cohere/json	TestPortMatchesGoCohere_3681
unknown	github.com/system-inc/adamic/stage1/cohere/json	TestPortMatchesGoCohere_3551
unknown	github.com/system-inc/adamic/stage1/cohere/json	TestPortMatchesGoCohere_3446
unknown	github.com/system-inc/adamic/stage1/cohere/json	TestPortMatchesGoCohere_3445
unknown	github.com/system-inc/adamic/stage1/cohere/json	TestPortMatchesGoCohere_3447
unknown	github.com/system-inc/adamic/stage1/cohere/json	TestPortMatchesGoCohere_3680
unknown	github.com/system-inc/adamic/stage1/cohere/json	TestPortMatchesGoCohere_3444
unknown	github.com/system-inc/adamic/stage1/cohere/json	TestPortMatchesGoCohere_3550
unknown	github.com/system-inc/adamic/stage1/cohere/json	TestPortMatchesGoCohere_3443
unknown	github.com/system-inc/adamic/stage1/cohere/json	TestPortMatchesGoCohere_3678
unknown	github.com/system-inc/adamic/stage1/cohere/json	TestPortMatchesGoCohere_3442
unknown	github.com/system-inc/adamic/stage1/cohere/json	TestPortMatchesGoCohere_3676
unknown	github.com/system-inc/adamic/stage1/cohere/json	TestPortMatchesGoCohere_3548
unknown	github.com/system-inc/adamic/stage1/cohere/json	TestPortMatchesGoCohere_3441
unknown	github.com/system-inc/adamic/stage1/cohere/json	TestPortMatchesGoCohere_3677
unknown	github.com/system-inc/adamic/stage1/cohere/json	TestPortMatchesGoCohere_3679
unknown	github.com/system-inc/adamic/stage1/cohere/json	TestPortMatchesGoCohere_3547
unknown	github.com/system-inc/adamic/stage1/cohere/json	TestPortMatchesGoCohere_3440
unknown	github.com/system-inc/adamic/stage1/cohere/json	TestPortMatchesGoCohere_3675
unknown	github.com/system-inc/adamic/stage1/cohere/json	TestPortMatchesGoCohere_3546
unknown	github.com/system-inc/adamic/stage1/cohere/json	TestPortMatchesGoCohere_3674
unknown	github.com/system-inc/adamic/stage1/cohere/json	TestPortMatchesGoCohere_3439
unknown	github.com/system-inc/adamic/stage1/cohere/json	TestPortMatchesGoCohere_3549
unknown	github.com/system-inc/adamic/stage1/cohere/json	TestPortMatchesGoCohere_3673
unknown	github.com/system-inc/adamic/stage1/cohere/json	TestPortMatchesGoCohere_3438
unknown	github.com/system-inc/adamic/stage1/cohere/json	TestPortMatchesGoCohere_3672
unknown	github.com/system-inc/adamic/stage1/cohere/json	TestPortMatchesGoCohere_3671
unknown	github.com/system-inc/adamic/stage1/cohere/json	TestPortMatchesGoCohere_3544
unknown	github.com/system-inc/adamic/stage1/cohere/json	TestPortMatchesGoCohere_3543
unknown	github.com/system-inc/adamic/stage1/cohere/json	TestPortMatchesGoCohere_3542
unknown	github.com/system-inc/adamic/stage1/cohere/json	TestPortMatchesGoCohere_3670
unknown	github.com/system-inc/adamic/stage1/cohere/json	TestPortMatchesGoCohere_3669
unknown	github.com/system-inc/adamic/stage1/cohere/json	TestPortMatchesGoCohere_3541
unknown	github.com/system-inc/adamic/stage1/cohere/json	TestPortMatchesGoCohere_3545
unknown	github.com/system-inc/adamic/stage1/cohere/json	TestPortMatchesGoCohere_3668
unknown	github.com/system-inc/adamic/stage1/cohere/json	TestPortMatchesGoCohere_3437
unknown	github.com/system-inc/adamic/stage1/cohere/json	TestPortMatchesGoCohere_3540
unknown	github.com/system-inc/adamic/stage1/cohere/json	TestPortMatchesGoCohere_3667
unknown	github.com/system-inc/adamic/stage1/cohere/json	TestPortMatchesGoCohere_3539
unknown	github.com/system-inc/adamic/stage1/cohere/json	TestPortMatchesGoCohere_3436
unknown	github.com/system-inc/adamic/stage1/cohere/json	TestPortMatchesGoCohere_3538
unknown	github.com/system-inc/adamic/stage1/cohere/json	TestPortMatchesGoCohere_3537
unknown	github.com/system-inc/adamic/stage1/cohere/json	TestPortMatchesGoCohere_3435
unknown	github.com/system-inc/adamic/stage1/cohere/json	TestPortMatchesGoCohere_3434
unknown	github.com/system-inc/adamic/stage1/cohere/json	TestPortMatchesGoCohere_3666
unknown	github.com/system-inc/adamic/stage1/cohere/json	TestPortMatchesGoCohere_3665
unknown	github.com/system-inc/adamic/stage1/cohere/json	TestPortMatchesGoCohere_3535
unknown	github.com/system-inc/adamic/stage1/cohere/json	TestPortMatchesGoCohere_3534
unknown	github.com/system-inc/adamic/stage1/cohere/json	TestPortMatchesGoCohere_3342
unknown	github.com/system-inc/adamic/stage1/cohere/json	TestPortMatchesGoCohere_3664
unknown	github.com/system-inc/adamic/stage1/cohere/json	TestPortMatchesGoCohere_3536
unknown	github.com/system-inc/adamic/stage1/cohere/json	TestPortMatchesGoCohere_3433
unknown	github.com/system-inc/adamic/stage1/cohere/json	TestPortMatchesGoCohere_3663
unknown	github.com/system-inc/adamic/stage1/cohere/json	TestPortMatchesGoCohere_3532
unknown	github.com/system-inc/adamic/stage1/cohere/json	TestPortMatchesGoCohere_3432
unknown	github.com/system-inc/adamic/stage1/cohere/json	TestPortMatchesGoCohere_3662
unknown	github.com/system-inc/adamic/stage1/cohere/json	TestPortMatchesGoCohere_3533
unknown	github.com/system-inc/adamic/stage1/cohere/json	TestPortMatchesGoCohere_3531
unknown	github.com/system-inc/adamic/stage1/cohere/json	TestPortMatchesGoCohere_3431
unknown	github.com/system-inc/adamic/stage1/cohere/json	TestPortMatchesGoCohere_3530
unknown	github.com/system-inc/adamic/stage1/cohere/json	TestPortMatchesGoCohere_3430
unknown	github.com/system-inc/adamic/stage1/cohere/json	TestPortMatchesGoCohere_3529
unknown	github.com/system-inc/adamic/stage1/cohere/json	TestPortMatchesGoCohere_3661
unknown	github.com/system-inc/adamic/stage1/cohere/json	TestPortMatchesGoCohere_3528
unknown	github.com/system-inc/adamic/stage1/cohere/json	TestPortMatchesGoCohere_3660
unknown	github.com/system-inc/adamic/stage1/cohere/json	TestPortMatchesGoCohere_3429
unknown	github.com/system-inc/adamic/stage1/cohere/json	TestPortMatchesGoCohere_3527
unknown	github.com/system-inc/adamic/stage1/cohere/json	TestPortMatchesGoCohere_3659
unknown	github.com/system-inc/adamic/stage1/cohere/json	TestPortMatchesGoCohere_3428
unknown	github.com/system-inc/adamic/stage1/cohere/json	TestPortMatchesGoCohere_3658
unknown	github.com/system-inc/adamic/stage1/cohere/json	TestPortMatchesGoCohere_3526
unknown	github.com/system-inc/adamic/stage1/cohere/json	TestPortMatchesGoCohere_3657
unknown	github.com/system-inc/adamic/stage1/cohere/json	TestPortMatchesGoCohere_3427
unknown	github.com/system-inc/adamic/stage1/cohere/json	TestPortMatchesGoCohere_3525
unknown	github.com/system-inc/adamic/stage1/cohere/json	TestPortMatchesGoCohere_3655
unknown	github.com/system-inc/adamic/stage1/cohere/json	TestPortMatchesGoCohere_3656
unknown	github.com/system-inc/adamic/stage1/cohere/json	TestPortMatchesGoCohere_3654
unknown	github.com/system-inc/adamic/stage1/cohere/json	TestPortMatchesGoCohere_3653
unknown	github.com/system-inc/adamic/stage1/cohere/json	TestPortMatchesGoCohere_3297
unknown	github.com/system-inc/adamic/stage1/cohere/json	TestPortMatchesGoCohere_3652
unknown	github.com/system-inc/adamic/stage1/cohere/json	TestPortMatchesGoCohere_3425
unknown	github.com/system-inc/adamic/stage1/cohere/json	TestPortMatchesGoCohere_3524
unknown	github.com/system-inc/adamic/stage1/cohere/json	TestPortMatchesGoCohere_3651
unknown	github.com/system-inc/adamic/stage1/cohere/json	TestPortMatchesGoCohere_3650
unknown	github.com/system-inc/adamic/stage1/cohere/json	TestPortMatchesGoCohere_3523
unknown	github.com/system-inc/adamic/stage1/cohere/json	TestPortMatchesGoCohere_3424
unknown	github.com/system-inc/adamic/stage1/cohere/json	TestPortMatchesGoCohere_3649
unknown	github.com/system-inc/adamic/stage1/cohere/json	TestPortMatchesGoCohere_3423
unknown	github.com/system-inc/adamic/stage1/cohere/json	TestPortMatchesGoCohere_3522
unknown	github.com/system-inc/adamic/stage1/cohere/json	TestPortMatchesGoCohere_3422
unknown	github.com/system-inc/adamic/stage1/cohere/json	TestPortMatchesGoCohere_3648
unknown	github.com/system-inc/adamic/stage1/cohere/json	TestPortMatchesGoCohere_3421
unknown	github.com/system-inc/adamic/stage1/cohere/json	TestPortMatchesGoCohere_3521
unknown	github.com/system-inc/adamic/stage1/cohere/json	TestPortMatchesGoCohere_3341
unknown	github.com/system-inc/adamic/stage1/cohere/json	TestPortMatchesGoCohere_3420
unknown	github.com/system-inc/adamic/stage1/cohere/json	TestPortMatchesGoCohere_3520
unknown	github.com/system-inc/adamic/stage1/cohere/json	TestPortMatchesGoCohere_3647
unknown	github.com/system-inc/adamic/stage1/cohere/json	TestPortMatchesGoCohere_3419
unknown	github.com/system-inc/adamic/stage1/cohere/json	TestPortMatchesGoCohere_3519
unknown	github.com/system-inc/adamic/stage1/cohere/json	TestPortMatchesGoCohere_3646
unknown	github.com/system-inc/adamic/stage1/cohere/json	TestPortMatchesGoCohere_3645
unknown	github.com/system-inc/adamic/stage1/cohere/json	TestPortMatchesGoCohere_3644
unknown	github.com/system-inc/adamic/stage1/cohere/json	TestPortMatchesGoCohere_3418
unknown	github.com/system-inc/adamic/stage1/cohere/json	TestPortMatchesGoCohere_3417
unknown	github.com/system-inc/adamic/stage1/cohere/json	TestPortMatchesGoCohere_3518
unknown	github.com/system-inc/adamic/stage1/cohere/json	TestPortMatchesGoCohere_3643
unknown	github.com/system-inc/adamic/stage1/cohere/json	TestPortMatchesGoCohere_3516
unknown	github.com/system-inc/adamic/stage1/cohere/json	TestPortMatchesGoCohere_3517
unknown	github.com/system-inc/adamic/stage1/cohere/json	TestPortMatchesGoCohere_3416
unknown	github.com/system-inc/adamic/stage1/cohere/json	TestPortMatchesGoCohere_3515
unknown	github.com/system-inc/adamic/stage1/cohere/json	TestPortMatchesGoCohere_3642
unknown	github.com/system-inc/adamic/stage1/cohere/json	TestPortMatchesGoCohere_3640
unknown	github.com/system-inc/adamic/stage1/cohere/json	TestPortMatchesGoCohere_3415
unknown	github.com/system-inc/adamic/stage1/cohere/json	TestPortMatchesGoCohere_3639
unknown	github.com/system-inc/adamic/stage1/cohere/json	TestPortMatchesGoCohere_3340
unknown	github.com/system-inc/adamic/stage1/cohere/json	TestPortMatchesGoCohere_3414
unknown	github.com/system-inc/adamic/stage1/cohere/json	TestPortMatchesGoCohere_3514
unknown	github.com/system-inc/adamic/stage1/cohere/json	TestPortMatchesGoCohere_3638
unknown	github.com/system-inc/adamic/stage1/cohere/json	TestPortMatchesGoCohere_3413
unknown	github.com/system-inc/adamic/stage1/cohere/json	TestPortMatchesGoCohere_3637
unknown	github.com/system-inc/adamic/stage1/cohere/json	TestPortMatchesGoCohere_3412
unknown	github.com/system-inc/adamic/stage1/cohere/json	TestPortMatchesGoCohere_3641
unknown	github.com/system-inc/adamic/stage1/cohere/json	TestPortMatchesGoCohere_3635
unknown	github.com/system-inc/adamic/stage1/cohere/json	TestPortMatchesGoCohere_3513
unknown	github.com/system-inc/adamic/stage1/cohere/json	TestPortMatchesGoCohere_3411
unknown	github.com/system-inc/adamic/stage1/cohere/json	TestPortMatchesGoCohere_3512
unknown	github.com/system-inc/adamic/stage1/cohere/json	TestPortMatchesGoCohere_3511
unknown	github.com/system-inc/adamic/stage1/cohere/json	TestPortMatchesGoCohere_3510
unknown	github.com/system-inc/adamic/stage1/cohere/json	TestPortMatchesGoCohere_3633
unknown	github.com/system-inc/adamic/stage1/cohere/json	TestPortMatchesGoCohere_3636
unknown	github.com/system-inc/adamic/stage1/cohere/json	TestPortMatchesGoCohere_3632
unknown	github.com/system-inc/adamic/stage1/cohere/json	TestPortMatchesGoCohere_3410
unknown	github.com/system-inc/adamic/stage1/cohere/json	TestPortMatchesGoCohere_3631
unknown	github.com/system-inc/adamic/stage1/cohere/json	TestPortMatchesGoCohere_3509
unknown	github.com/system-inc/adamic/stage1/cohere/json	TestPortMatchesGoCohere_3508
unknown	github.com/system-inc/adamic/stage1/cohere/json	TestPortMatchesGoCohere_3409
unknown	github.com/system-inc/adamic/stage1/cohere/json	TestPortMatchesGoCohere_3630
unknown	github.com/system-inc/adamic/stage1/cohere/json	TestPortMatchesGoCohere_3634
unknown	github.com/system-inc/adamic/stage1/cohere/json	TestPortMatchesGoCohere_3408
unknown	github.com/system-inc/adamic/stage1/cohere/json	TestPortMatchesGoCohere_3629
unknown	github.com/system-inc/adamic/stage1/cohere/json	TestPortMatchesGoCohere_3406
unknown	github.com/system-inc/adamic/stage1/cohere/json	TestPortMatchesGoCohere_3507
unknown	github.com/system-inc/adamic/stage1/cohere/json	TestPortMatchesGoCohere_3405
unknown	github.com/system-inc/adamic/stage1/cohere/json	TestPortMatchesGoCohere_3628
unknown	github.com/system-inc/adamic/stage1/cohere/json	TestPortMatchesGoCohere_3407
unknown	github.com/system-inc/adamic/stage1/cohere/json	TestPortMatchesGoCohere_3402
unknown	github.com/system-inc/adamic/stage1/cohere/json	TestPortMatchesGoCohere_3404
unknown	github.com/system-inc/adamic/stage1/cohere/json	TestPortMatchesGoCohere_3403
unknown	github.com/system-inc/adamic/stage1/cohere/json	TestPortMatchesGoCohere_3401
unknown	github.com/system-inc/adamic/stage1/cohere/json	TestPortMatchesGoCohere_3400
unknown	github.com/system-inc/adamic/stage1/cohere/json	TestPortMatchesGoCohere_3398
unknown	github.com/system-inc/adamic/stage1/cohere/json	TestPortMatchesGoCohere_3399
unknown	github.com/system-inc/adamic/stage1/cohere/json	TestPortMatchesGoCohere_3397
unknown	github.com/system-inc/adamic/stage1/cohere/json	TestPortMatchesGoCohere_3396
unknown	github.com/system-inc/adamic/stage1/cohere/json	TestPortMatchesGoCohere_3395
unknown	github.com/system-inc/adamic/stage1/cohere/json	TestPortMatchesGoCohere_3627
unknown	github.com/system-inc/adamic/stage1/cohere/json	TestPortMatchesGoCohere_3394
unknown	github.com/system-inc/adamic/stage1/cohere/json	TestPortMatchesGoCohere_3393
unknown	github.com/system-inc/adamic/stage1/cohere/json	TestPortMatchesGoCohere_3626
unknown	github.com/system-inc/adamic/stage1/cohere/json	TestPortMatchesGoCohere_3506
unknown	github.com/system-inc/adamic/stage1/cohere/json	TestPortMatchesGoCohere_3392
unknown	github.com/system-inc/adamic/stage1/cohere/json	TestPortMatchesGoCohere_3625
unknown	github.com/system-inc/adamic/stage1/cohere/json	TestPortMatchesGoCohere_3505
unknown	github.com/system-inc/adamic/stage1/cohere/json	TestPortMatchesGoCohere_3391
unknown	github.com/system-inc/adamic/stage1/cohere/json	TestPortMatchesGoCohere_3624
unknown	github.com/system-inc/adamic/stage1/cohere/json	TestPortMatchesGoCohere_3504
unknown	github.com/system-inc/adamic/stage1/cohere/json	TestPortMatchesGoCohere_3503
unknown	github.com/system-inc/adamic/stage1/cohere/json	TestPortMatchesGoCohere_3390
unknown	github.com/system-inc/adamic/stage1/cohere/json	TestPortMatchesGoCohere_3623
unknown	github.com/system-inc/adamic/stage1/cohere/json	TestPortMatchesGoCohere_3389
unknown	github.com/system-inc/adamic/stage1/cohere/json	TestPortMatchesGoCohere_3388
unknown	github.com/system-inc/adamic/stage1/cohere/json	TestPortMatchesGoCohere_3502
unknown	github.com/system-inc/adamic/stage1/cohere/json	TestPortMatchesGoCohere_3387
unknown	github.com/system-inc/adamic/stage1/cohere/json	TestPortMatchesGoCohere_3622
unknown	github.com/system-inc/adamic/stage1/cohere/json	TestPortMatchesGoCohere_3501
unknown	github.com/system-inc/adamic/stage1/cohere/json	TestPortMatchesGoCohere_3500
unknown	github.com/system-inc/adamic/stage1/cohere/json	TestPortMatchesGoCohere_3621
unknown	github.com/system-inc/adamic/stage1/cohere/json	TestPortMatchesGoCohere_3620
unknown	github.com/system-inc/adamic/stage1/cohere/json	TestPortMatchesGoCohere_3386
unknown	github.com/system-inc/adamic/stage1/cohere/json	TestPortMatchesGoCohere_3499
unknown	github.com/system-inc/adamic/stage1/cohere/json	TestPortMatchesGoCohere_3385
unknown	github.com/system-inc/adamic/stage1/cohere/json	TestPortMatchesGoCohere_3498
unknown	github.com/system-inc/adamic/stage1/cohere/json	TestPortMatchesGoCohere_3619
unknown	github.com/system-inc/adamic/stage1/cohere/json	TestPortMatchesGoCohere_3497
unknown	github.com/system-inc/adamic/stage1/cohere/json	TestPortMatchesGoCohere_3384
unknown	github.com/system-inc/adamic/stage1/cohere/json	TestPortMatchesGoCohere_3618
unknown	github.com/system-inc/adamic/stage1/cohere/json	TestPortMatchesGoCohere_3383
unknown	github.com/system-inc/adamic/stage1/cohere/json	TestPortMatchesGoCohere_3617
unknown	github.com/system-inc/adamic/stage1/cohere/json	TestPortMatchesGoCohere_3496
unknown	github.com/system-inc/adamic/stage1/cohere/json	TestPortMatchesGoCohere_3495
unknown	github.com/system-inc/adamic/stage1/cohere/json	TestPortMatchesGoCohere_3382
unknown	github.com/system-inc/adamic/stage1/cohere/json	TestPortMatchesGoCohere_3381
unknown	github.com/system-inc/adamic/stage1/cohere/json	TestPortMatchesGoCohere_3494
unknown	github.com/system-inc/adamic/stage1/cohere/json	TestPortMatchesGoCohere_3616
unknown	github.com/system-inc/adamic/stage1/cohere/json	TestPortMatchesGoCohere_3493
unknown	github.com/system-inc/adamic/stage1/cohere/json	TestPortMatchesGoCohere_3380
unknown	github.com/system-inc/adamic/stage1/cohere/json	TestPortMatchesGoCohere_3615
unknown	github.com/system-inc/adamic/stage1/cohere/json	TestPortMatchesGoCohere_3492
unknown	github.com/system-inc/adamic/stage1/cohere/json	TestPortMatchesGoCohere_3379
unknown	github.com/system-inc/adamic/stage1/cohere/json	TestPortMatchesGoCohere_3491
unknown	github.com/system-inc/adamic/stage1/cohere/json	TestPortMatchesGoCohere_3614
unknown	github.com/system-inc/adamic/stage1/cohere/json	TestPortMatchesGoCohere_3490
unknown	github.com/system-inc/adamic/stage1/cohere/json	TestPortMatchesGoCohere_3378
unknown	github.com/system-inc/adamic/stage1/cohere/json	TestPortMatchesGoCohere_3613
unknown	github.com/system-inc/adamic/stage1/cohere/json	TestPortMatchesGoCohere_3377
unknown	github.com/system-inc/adamic/stage1/cohere/json	TestPortMatchesGoCohere_3489
unknown	github.com/system-inc/adamic/stage1/cohere/json	TestPortMatchesGoCohere_3376
unknown	github.com/system-inc/adamic/stage1/cohere/json	TestPortMatchesGoCohere_3488
unknown	github.com/system-inc/adamic/stage1/cohere/json	TestPortMatchesGoCohere_3612
unknown	github.com/system-inc/adamic/stage1/cohere/json	TestPortMatchesGoCohere_3375
unknown	github.com/system-inc/adamic/stage1/cohere/json	TestPortMatchesGoCohere_3611
unknown	github.com/system-inc/adamic/stage1/cohere/json	TestPortMatchesGoCohere_3486
unknown	github.com/system-inc/adamic/stage1/cohere/json	TestPortMatchesGoCohere_3487
unknown	github.com/system-inc/adamic/stage1/cohere/json	TestPortMatchesGoCohere_3374
unknown	github.com/system-inc/adamic/stage1/cohere/json	TestPortMatchesGoCohere_3610
unknown	github.com/system-inc/adamic/stage1/cohere/json	TestPortMatchesGoCohere_3609
unknown	github.com/system-inc/adamic/stage1/cohere/json	TestPortMatchesGoCohere_3484
unknown	github.com/system-inc/adamic/stage1/cohere/json	TestPortMatchesGoCohere_3485
unknown	github.com/system-inc/adamic/stage1/cohere/json	TestPortMatchesGoCohere_3483
unknown	github.com/system-inc/adamic/stage1/cohere/json	TestPortMatchesGoCohere_3339
unknown	github.com/system-inc/adamic/stage1/cohere/json	TestPortMatchesGoCohere_3373
unknown	github.com/system-inc/adamic/stage1/cohere/json	TestPortMatchesGoCohere_3482
unknown	github.com/system-inc/adamic/stage1/cohere/json	TestPortMatchesGoCohere_3608
unknown	github.com/system-inc/adamic/stage1/cohere/json	TestPortMatchesGoCohere_3481
unknown	github.com/system-inc/adamic/stage1/cohere/json	TestPortMatchesGoCohere_3480
unknown	github.com/system-inc/adamic/stage1/cohere/json	TestPortMatchesGoCohere_3372
unknown	github.com/system-inc/adamic/stage1/cohere/json	TestPortMatchesGoCohere_3607
unknown	github.com/system-inc/adamic/stage1/cohere/json	TestPortMatchesGoCohere_3477
unknown	github.com/system-inc/adamic/stage1/cohere/json	TestPortMatchesGoCohere_3371
unknown	github.com/system-inc/adamic/stage1/cohere/json	TestPortMatchesGoCohere_3605
unknown	github.com/system-inc/adamic/stage1/cohere/json	TestPortMatchesGoCohere_3606
unknown	github.com/system-inc/adamic/stage1/cohere/json	TestPortMatchesGoCohere_3604
unknown	github.com/system-inc/adamic/stage1/cohere/json	TestPortMatchesGoCohere_3370
unknown	github.com/system-inc/adamic/stage1/cohere/json	TestPortMatchesGoCohere_3479
unknown	github.com/system-inc/adamic/stage1/cohere/json	TestPortMatchesGoCohere_3478
unknown	github.com/system-inc/adamic/stage1/cohere/json	TestPortMatchesGoCohere_3476
unknown	github.com/system-inc/adamic/stage1/cohere/json	TestPortMatchesGoCohere_3369
unknown	github.com/system-inc/adamic/stage1/cohere/json	TestPortMatchesGoCohere_3475
unknown	github.com/system-inc/adamic/stage1/cohere/json	TestPortMatchesGoCohere_3603
unknown	github.com/system-inc/adamic/stage1/cohere/json	TestPortMatchesGoCohere_3367
unknown	github.com/system-inc/adamic/stage1/cohere/json	TestPortMatchesGoCohere_3473
unknown	github.com/system-inc/adamic/stage1/cohere/json	TestPortMatchesGoCohere_3474
unknown	github.com/system-inc/adamic/stage1/cohere/json	TestPortMatchesGoCohere_3368
unknown	github.com/system-inc/adamic/stage1/cohere/json	TestPortMatchesGoCohere_3365
unknown	github.com/system-inc/adamic/stage1/cohere/json	TestPortMatchesGoCohere_3338
unknown	github.com/system-inc/adamic/stage1/cohere/json	TestPortMatchesGoCohere_3364
unknown	github.com/system-inc/adamic/stage1/cohere/json	TestPortMatchesGoCohere_3472
unknown	github.com/system-inc/adamic/stage1/cohere/json	TestPortMatchesGoCohere_3337
unknown	github.com/system-inc/adamic/stage1/cohere/json	TestPortMatchesGoCohere_3366
unknown	github.com/system-inc/adamic/stage1/cohere/json	TestPortMatchesGoCohere_3363
unknown	github.com/system-inc/adamic/stage1/cohere/json	TestPortMatchesGoCohere_3362
unknown	github.com/system-inc/adamic/stage1/cohere/json	TestPortMatchesGoCohere_3336
unknown	github.com/system-inc/adamic/stage1/cohere/json	TestPortMatchesGoCohere_3335
unknown	github.com/system-inc/adamic/stage1/cohere/json	TestPortMatchesGoCohere_3360
unknown	github.com/system-inc/adamic/stage1/cohere/json	TestPortMatchesGoCohere_3359
unknown	github.com/system-inc/adamic/stage1/cohere/json	TestPortMatchesGoCohere_3334
unknown	github.com/system-inc/adamic/stage1/cohere/json	TestPortMatchesGoCohere_3209
unknown	github.com/system-inc/adamic/stage1/cohere/json	TestPortMatchesGoCohere_3361
unknown	github.com/system-inc/adamic/stage1/cohere/json	TestPortMatchesGoCohere_3210
unknown	github.com/system-inc/adamic/stage1/cohere/json	TestPortMatchesGoCohere_3208
unknown	github.com/system-inc/adamic/stage1/cohere/json	TestPortMatchesGoCohere_3357
unknown	github.com/system-inc/adamic/stage1/cohere/json	TestPortMatchesGoCohere_3333
unknown	github.com/system-inc/adamic/stage1/cohere/json	TestPortMatchesGoCohere_3355
unknown	github.com/system-inc/adamic/stage1/cohere/json	TestPortMatchesGoCohere_3358
unknown	github.com/system-inc/adamic/stage1/cohere/json	TestPortMatchesGoCohere_3332
unknown	github.com/system-inc/adamic/stage1/cohere/json	TestPortMatchesGoCohere_3207
unknown	github.com/system-inc/adamic/stage1/cohere/json	TestPortMatchesGoCohere_3356
unknown	github.com/system-inc/adamic/stage1/cohere/json	TestPortMatchesGoCohere_3354
unknown	github.com/system-inc/adamic/stage1/cohere/json	TestPortMatchesGoCohere_3330
unknown	github.com/system-inc/adamic/stage1/cohere/json	TestPortMatchesGoCohere_3353
unknown	github.com/system-inc/adamic/stage1/cohere/json	TestPortMatchesGoCohere_3331
unknown	github.com/system-inc/adamic/stage1/cohere/json	TestPortMatchesGoCohere_3329
unknown	github.com/system-inc/adamic/stage1/cohere/json	TestPortMatchesGoCohere_3352
unknown	github.com/system-inc/adamic/stage1/cohere/json	TestPortMatchesGoCohere_3205
unknown	github.com/system-inc/adamic/stage1/cohere/json	TestPortMatchesGoCohere_3204
unknown	github.com/system-inc/adamic/stage1/cohere/json	TestPortMatchesGoCohere_3206
unknown	github.com/system-inc/adamic/stage1/cohere/json	TestPortMatchesGoCohere_3328
unknown	github.com/system-inc/adamic/stage1/cohere/json	TestPortMatchesGoCohere_3351
unknown	github.com/system-inc/adamic/stage1/cohere/json	TestPortMatchesGoCohere_3327
unknown	github.com/system-inc/adamic/stage1/cohere/json	TestPortMatchesGoCohere_3203
unknown	github.com/system-inc/adamic/stage1/cohere/json	TestPortMatchesGoCohere_3350
unknown	github.com/system-inc/adamic/stage1/cohere/json	TestPortMatchesGoCohere_3325
unknown	github.com/system-inc/adamic/stage1/cohere/json	TestPortMatchesGoCohere_3324
unknown	github.com/system-inc/adamic/stage1/cohere/json	TestPortMatchesGoCohere_3326
unknown	github.com/system-inc/adamic/stage1/cohere/json	TestPortMatchesGoCohere_3201
unknown	github.com/system-inc/adamic/stage1/cohere/json	TestPortMatchesGoCohere_3349
unknown	github.com/system-inc/adamic/stage1/cohere/json	TestPortMatchesGoCohere_3202
unknown	github.com/system-inc/adamic/stage1/cohere/json	TestPortMatchesGoCohere_3348
unknown	github.com/system-inc/adamic/stage1/cohere/json	TestPortMatchesGoCohere_3199
unknown	github.com/system-inc/adamic/stage1/cohere/json	TestPortMatchesGoCohere_3082
unknown	github.com/system-inc/adamic/stage1/cohere/json	TestPortMatchesGoCohere_3323
unknown	github.com/system-inc/adamic/stage1/cohere/json	TestPortMatchesGoCohere_3200
unknown	github.com/system-inc/adamic/stage1/cohere/json	TestPortMatchesGoCohere_3198
unknown	github.com/system-inc/adamic/stage1/cohere/json	TestPortMatchesGoCohere_3346
unknown	github.com/system-inc/adamic/stage1/cohere/json	TestPortMatchesGoCohere_3347
unknown	github.com/system-inc/adamic/stage1/cohere/json	TestPortMatchesGoCohere_3321
unknown	github.com/system-inc/adamic/stage1/cohere/json	TestPortMatchesGoCohere_3197
unknown	github.com/system-inc/adamic/stage1/cohere/json	TestPortMatchesGoCohere_3322
unknown	github.com/system-inc/adamic/stage1/cohere/json	TestPortMatchesGoCohere_3345
unknown	github.com/system-inc/adamic/stage1/cohere/json	TestPortMatchesGoCohere_3344
unknown	github.com/system-inc/adamic/stage1/cohere/json	TestPortMatchesGoCohere_3320
unknown	github.com/system-inc/adamic/stage1/cohere/json	TestPortMatchesGoCohere_3196
unknown	github.com/system-inc/adamic/stage1/cohere/json	TestPortMatchesGoCohere_3319
unknown	github.com/system-inc/adamic/stage1/cohere/json	TestPortMatchesGoCohere_3195
unknown	github.com/system-inc/adamic/stage1/cohere/json	TestPortMatchesGoCohere_3318
unknown	github.com/system-inc/adamic/stage1/cohere/json	TestPortMatchesGoCohere_3194
unknown	github.com/system-inc/adamic/stage1/cohere/json	TestPortMatchesGoCohere_3317
unknown	github.com/system-inc/adamic/stage1/cohere/json	TestPortMatchesGoCohere_3316
unknown	github.com/system-inc/adamic/stage1/cohere/json	TestPortMatchesGoCohere_3081
unknown	github.com/system-inc/adamic/stage1/cohere/json	TestPortMatchesGoCohere_2953
unknown	github.com/system-inc/adamic/stage1/cohere/json	TestPortMatchesGoCohere_3193
unknown	github.com/system-inc/adamic/stage1/cohere/json	TestPortMatchesGoCohere_3315
unknown	github.com/system-inc/adamic/stage1/cohere/json	TestPortMatchesGoCohere_3080
unknown	github.com/system-inc/adamic/stage1/cohere/json	TestPortMatchesGoCohere_3314
unknown	github.com/system-inc/adamic/stage1/cohere/json	TestPortMatchesGoCohere_3191
unknown	github.com/system-inc/adamic/stage1/cohere/json	TestPortMatchesGoCohere_3190
unknown	github.com/system-inc/adamic/stage1/cohere/json	TestPortMatchesGoCohere_3192
unknown	github.com/system-inc/adamic/stage1/cohere/json	TestPortMatchesGoCohere_3313
unknown	github.com/system-inc/adamic/stage1/cohere/json	TestPortMatchesGoCohere_3079
unknown	github.com/system-inc/adamic/stage1/cohere/json	TestPortMatchesGoCohere_3078
unknown	github.com/system-inc/adamic/stage1/cohere/json	TestPortMatchesGoCohere_3189
unknown	github.com/system-inc/adamic/stage1/cohere/json	TestPortMatchesGoCohere_3077
unknown	github.com/system-inc/adamic/stage1/cohere/json	TestPortMatchesGoCohere_3187
unknown	github.com/system-inc/adamic/stage1/cohere/json	TestPortMatchesGoCohere_3186
unknown	github.com/system-inc/adamic/stage1/cohere/json	TestPortMatchesGoCohere_3188
unknown	github.com/system-inc/adamic/stage1/cohere/json	TestPortMatchesGoCohere_3312
unknown	github.com/system-inc/adamic/stage1/cohere/json	TestPortMatchesGoCohere_3311
unknown	github.com/system-inc/adamic/stage1/cohere/json	TestPortMatchesGoCohere_3076
unknown	github.com/system-inc/adamic/stage1/cohere/json	TestPortMatchesGoCohere_3075
unknown	github.com/system-inc/adamic/stage1/cohere/json	TestPortMatchesGoCohere_3310
unknown	github.com/system-inc/adamic/stage1/cohere/json	TestPortMatchesGoCohere_3185
unknown	github.com/system-inc/adamic/stage1/cohere/json	TestPortMatchesGoCohere_3309
unknown	github.com/system-inc/adamic/stage1/cohere/json	TestPortMatchesGoCohere_3074
unknown	github.com/system-inc/adamic/stage1/cohere/json	TestPortMatchesGoCohere_3308
unknown	github.com/system-inc/adamic/stage1/cohere/json	TestPortMatchesGoCohere_3184
unknown	github.com/system-inc/adamic/stage1/cohere/json	TestPortMatchesGoCohere_3307
unknown	github.com/system-inc/adamic/stage1/cohere/json	TestPortMatchesGoCohere_3073
unknown	github.com/system-inc/adamic/stage1/cohere/json	TestPortMatchesGoCohere_3306
unknown	github.com/system-inc/adamic/stage1/cohere/json	TestPortMatchesGoCohere_3072
unknown	github.com/system-inc/adamic/stage1/cohere/json	TestPortMatchesGoCohere_3182
unknown	github.com/system-inc/adamic/stage1/cohere/json	TestPortMatchesGoCohere_3305
unknown	github.com/system-inc/adamic/stage1/cohere/json	TestPortMatchesGoCohere_3071
unknown	github.com/system-inc/adamic/stage1/cohere/json	TestPortMatchesGoCohere_3181
unknown	github.com/system-inc/adamic/stage1/cohere/json	TestPortMatchesGoCohere_3070
unknown	github.com/system-inc/adamic/stage1/cohere/json	TestPortMatchesGoCohere_3304
unknown	github.com/system-inc/adamic/stage1/cohere/json	TestPortMatchesGoCohere_3180
unknown	github.com/system-inc/adamic/stage1/cohere/json	TestPortMatchesGoCohere_3303
unknown	github.com/system-inc/adamic/stage1/cohere/json	TestPortMatchesGoCohere_3183
unknown	github.com/system-inc/adamic/stage1/cohere/json	TestPortMatchesGoCohere_3069
unknown	github.com/system-inc/adamic/stage1/cohere/json	TestPortMatchesGoCohere_3179
unknown	github.com/system-inc/adamic/stage1/cohere/json	TestPortMatchesGoCohere_3302
unknown	github.com/system-inc/adamic/stage1/cohere/json	TestPortMatchesGoCohere_3178
unknown	github.com/system-inc/adamic/stage1/cohere/json	TestPortMatchesGoCohere_3177
unknown	github.com/system-inc/adamic/stage1/cohere/json	TestPortMatchesGoCohere_3301
unknown	github.com/system-inc/adamic/stage1/cohere/json	TestPortMatchesGoCohere_3067
unknown	github.com/system-inc/adamic/stage1/cohere/json	TestPortMatchesGoCohere_3174
unknown	github.com/system-inc/adamic/stage1/cohere/json	TestPortMatchesGoCohere_3068
unknown	github.com/system-inc/adamic/stage1/cohere/json	TestPortMatchesGoCohere_3066
unknown	github.com/system-inc/adamic/stage1/cohere/json	TestPortMatchesGoCohere_3175
unknown	github.com/system-inc/adamic/stage1/cohere/json	TestPortMatchesGoCohere_3065
unknown	github.com/system-inc/adamic/stage1/cohere/json	TestPortMatchesGoCohere_3299
unknown	github.com/system-inc/adamic/stage1/cohere/json	TestPortMatchesGoCohere_3173
unknown	github.com/system-inc/adamic/stage1/cohere/json	TestPortMatchesGoCohere_3064
unknown	github.com/system-inc/adamic/stage1/cohere/json	TestPortMatchesGoCohere_3298
unknown	github.com/system-inc/adamic/stage1/cohere/json	TestPortMatchesGoCohere_3172
unknown	github.com/system-inc/adamic/stage1/cohere/json	TestPortMatchesGoCohere_3176
unknown	github.com/system-inc/adamic/stage1/cohere/json	TestPortMatchesGoCohere_3171
unknown	github.com/system-inc/adamic/stage1/cohere/json	TestPortMatchesGoCohere_3168
unknown	github.com/system-inc/adamic/stage1/cohere/json	TestPortMatchesGoCohere_3062
unknown	github.com/system-inc/adamic/stage1/cohere/json	TestPortMatchesGoCohere_3170
unknown	github.com/system-inc/adamic/stage1/cohere/json	TestPortMatchesGoCohere_3061
unknown	github.com/system-inc/adamic/stage1/cohere/json	TestPortMatchesGoCohere_3169
unknown	github.com/system-inc/adamic/stage1/cohere/json	TestPortMatchesGoCohere_3296
unknown	github.com/system-inc/adamic/stage1/cohere/json	TestPortMatchesGoCohere_3039
unknown	github.com/system-inc/adamic/stage1/cohere/json	TestPortMatchesGoCohere_3060
unknown	github.com/system-inc/adamic/stage1/cohere/json	TestPortMatchesGoCohere_3063
unknown	github.com/system-inc/adamic/stage1/cohere/json	TestPortMatchesGoCohere_3300
unknown	github.com/system-inc/adamic/stage1/cohere/json	TestPortMatchesGoCohere_3167
unknown	github.com/system-inc/adamic/stage1/cohere/json	TestPortMatchesGoCohere_3294
unknown	github.com/system-inc/adamic/stage1/cohere/json	TestPortMatchesGoCohere_3166
unknown	github.com/system-inc/adamic/stage1/cohere/json	TestPortMatchesGoCohere_3293
unknown	github.com/system-inc/adamic/stage1/cohere/json	TestPortMatchesGoCohere_3165
unknown	github.com/system-inc/adamic/stage1/cohere/json	TestPortMatchesGoCohere_3058
unknown	github.com/system-inc/adamic/stage1/cohere/json	TestPortMatchesGoCohere_3292
unknown	github.com/system-inc/adamic/stage1/cohere/json	TestPortMatchesGoCohere_3164
unknown	github.com/system-inc/adamic/stage1/cohere/json	TestPortMatchesGoCohere_3057
unknown	github.com/system-inc/adamic/stage1/cohere/json	TestPortMatchesGoCohere_3163
unknown	github.com/system-inc/adamic/stage1/cohere/json	TestPortMatchesGoCohere_3059
unknown	github.com/system-inc/adamic/stage1/cohere/json	TestPortMatchesGoCohere_3056
unknown	github.com/system-inc/adamic/stage1/cohere/json	TestPortMatchesGoCohere_3291
unknown	github.com/system-inc/adamic/stage1/cohere/json	TestPortMatchesGoCohere_3162
unknown	github.com/system-inc/adamic/stage1/cohere/json	TestPortMatchesGoCohere_3055
unknown	github.com/system-inc/adamic/stage1/cohere/json	TestPortMatchesGoCohere_3290
unknown	github.com/system-inc/adamic/stage1/cohere/json	TestPortMatchesGoCohere_3289
unknown	github.com/system-inc/adamic/stage1/cohere/json	TestPortMatchesGoCohere_3161
unknown	github.com/system-inc/adamic/stage1/cohere/json	TestPortMatchesGoCohere_3295
unknown	github.com/system-inc/adamic/stage1/cohere/json	TestPortMatchesGoCohere_3160
unknown	github.com/system-inc/adamic/stage1/cohere/json	TestPortMatchesGoCohere_3288
unknown	github.com/system-inc/adamic/stage1/cohere/json	TestPortMatchesGoCohere_3054
unknown	github.com/system-inc/adamic/stage1/cohere/json	TestPortMatchesGoCohere_3287
unknown	github.com/system-inc/adamic/stage1/cohere/json	TestPortMatchesGoCohere_3159
unknown	github.com/system-inc/adamic/stage1/cohere/json	TestPortMatchesGoCohere_3286
unknown	github.com/system-inc/adamic/stage1/cohere/json	TestPortMatchesGoCohere_3052
unknown	github.com/system-inc/adamic/stage1/cohere/json	TestPortMatchesGoCohere_3053
unknown	github.com/system-inc/adamic/stage1/cohere/json	TestPortMatchesGoCohere_3158
unknown	github.com/system-inc/adamic/stage1/cohere/json	TestPortMatchesGoCohere_3157
unknown	github.com/system-inc/adamic/stage1/cohere/json	TestPortMatchesGoCohere_3285
unknown	github.com/system-inc/adamic/stage1/cohere/json	TestPortMatchesGoCohere_3155
unknown	github.com/system-inc/adamic/stage1/cohere/json	TestPortMatchesGoCohere_3154
unknown	github.com/system-inc/adamic/stage1/cohere/json	TestPortMatchesGoCohere_3284
unknown	github.com/system-inc/adamic/stage1/cohere/json	TestPortMatchesGoCohere_3156
unknown	github.com/system-inc/adamic/stage1/cohere/json	TestPortMatchesGoCohere_3153
unknown	github.com/system-inc/adamic/stage1/cohere/json	TestPortMatchesGoCohere_2952
unknown	github.com/system-inc/adamic/stage1/cohere/json	TestPortMatchesGoCohere_3152
unknown	github.com/system-inc/adamic/stage1/cohere/json	TestPortMatchesGoCohere_3151
unknown	github.com/system-inc/adamic/stage1/cohere/json	TestPortMatchesGoCohere_3051
unknown	github.com/system-inc/adamic/stage1/cohere/json	TestPortMatchesGoCohere_3149
unknown	github.com/system-inc/adamic/stage1/cohere/json	TestPortMatchesGoCohere_3050
unknown	github.com/system-inc/adamic/stage1/cohere/json	TestPortMatchesGoCohere_3150
unknown	github.com/system-inc/adamic/stage1/cohere/json	TestPortMatchesGoCohere_3148
unknown	github.com/system-inc/adamic/stage1/cohere/json	TestPortMatchesGoCohere_3049
unknown	github.com/system-inc/adamic/stage1/cohere/json	TestPortMatchesGoCohere_3147
unknown	github.com/system-inc/adamic/stage1/cohere/json	TestPortMatchesGoCohere_3146
unknown	github.com/system-inc/adamic/stage1/cohere/json	TestPortMatchesGoCohere_3145
unknown	github.com/system-inc/adamic/stage1/cohere/json	TestPortMatchesGoCohere_3283
unknown	github.com/system-inc/adamic/stage1/cohere/json	TestPortMatchesGoCohere_3048
unknown	github.com/system-inc/adamic/stage1/cohere/json	TestPortMatchesGoCohere_3282
unknown	github.com/system-inc/adamic/stage1/cohere/json	TestPortMatchesGoCohere_3047
unknown	github.com/system-inc/adamic/stage1/cohere/json	TestPortMatchesGoCohere_3144
unknown	github.com/system-inc/adamic/stage1/cohere/json	TestPortMatchesGoCohere_3046
unknown	github.com/system-inc/adamic/stage1/cohere/json	TestPortMatchesGoCohere_3045
unknown	github.com/system-inc/adamic/stage1/cohere/json	TestPortMatchesGoCohere_3142
unknown	github.com/system-inc/adamic/stage1/cohere/json	TestPortMatchesGoCohere_3143
unknown	github.com/system-inc/adamic/stage1/cohere/json	TestPortMatchesGoCohere_3141
unknown	github.com/system-inc/adamic/stage1/cohere/json	TestPortMatchesGoCohere_3044
unknown	github.com/system-inc/adamic/stage1/cohere/json	TestPortMatchesGoCohere_3043
unknown	github.com/system-inc/adamic/stage1/cohere/json	TestPortMatchesGoCohere_3140
unknown	github.com/system-inc/adamic/stage1/cohere/json	TestPortMatchesGoCohere_3281
unknown	github.com/system-inc/adamic/stage1/cohere/json	TestPortMatchesGoCohere_3280
unknown	github.com/system-inc/adamic/stage1/cohere/json	TestPortMatchesGoCohere_3041
unknown	github.com/system-inc/adamic/stage1/cohere/json	TestPortMatchesGoCohere_3279
unknown	github.com/system-inc/adamic/stage1/cohere/json	TestPortMatchesGoCohere_3138
unknown	github.com/system-inc/adamic/stage1/cohere/json	TestPortMatchesGoCohere_3042
unknown	github.com/system-inc/adamic/stage1/cohere/json	TestPortMatchesGoCohere_3040
unknown	github.com/system-inc/adamic/stage1/cohere/json	TestPortMatchesGoCohere_3139
unknown	github.com/system-inc/adamic/stage1/cohere/json	TestPortMatchesGoCohere_3137
unknown	github.com/system-inc/adamic/stage1/cohere/json	TestPortMatchesGoCohere_3278
unknown	github.com/system-inc/adamic/stage1/cohere/json	TestPortMatchesGoCohere_3136
unknown	github.com/system-inc/adamic/stage1/cohere/json	TestPortMatchesGoCohere_3277
unknown	github.com/system-inc/adamic/stage1/cohere/json	TestPortMatchesGoCohere_3135
unknown	github.com/system-inc/adamic/stage1/cohere/json	TestPortMatchesGoCohere_2910
unknown	github.com/system-inc/adamic/stage1/cohere/json	TestPortMatchesGoCohere_3037
unknown	github.com/system-inc/adamic/stage1/cohere/json	TestPortMatchesGoCohere_3038
unknown	github.com/system-inc/adamic/stage1/cohere/json	TestPortMatchesGoCohere_3276
unknown	github.com/system-inc/adamic/stage1/cohere/json	TestPortMatchesGoCohere_3134
unknown	github.com/system-inc/adamic/stage1/cohere/json	TestPortMatchesGoCohere_3036
unknown	github.com/system-inc/adamic/stage1/cohere/json	TestPortMatchesGoCohere_3035
unknown	github.com/system-inc/adamic/stage1/cohere/json	TestPortMatchesGoCohere_2951
unknown	github.com/system-inc/adamic/stage1/cohere/json	TestPortMatchesGoCohere_3132
unknown	github.com/system-inc/adamic/stage1/cohere/json	TestPortMatchesGoCohere_3275
unknown	github.com/system-inc/adamic/stage1/cohere/json	TestPortMatchesGoCohere_3133
unknown	github.com/system-inc/adamic/stage1/cohere/json	TestPortMatchesGoCohere_3034
unknown	github.com/system-inc/adamic/stage1/cohere/json	TestPortMatchesGoCohere_3131
unknown	github.com/system-inc/adamic/stage1/cohere/json	TestPortMatchesGoCohere_3273
unknown	github.com/system-inc/adamic/stage1/cohere/json	TestPortMatchesGoCohere_3274
unknown	github.com/system-inc/adamic/stage1/cohere/json	TestPortMatchesGoCohere_3129
unknown	github.com/system-inc/adamic/stage1/cohere/json	TestPortMatchesGoCohere_3130
unknown	github.com/system-inc/adamic/stage1/cohere/json	TestPortMatchesGoCohere_3033
unknown	github.com/system-inc/adamic/stage1/cohere/json	TestPortMatchesGoCohere_3032
unknown	github.com/system-inc/adamic/stage1/cohere/json	TestPortMatchesGoCohere_3128
unknown	github.com/system-inc/adamic/stage1/cohere/json	TestPortMatchesGoCohere_3127
unknown	github.com/system-inc/adamic/stage1/cohere/json	TestPortMatchesGoCohere_3031
unknown	github.com/system-inc/adamic/stage1/cohere/json	TestPortMatchesGoCohere_3271
unknown	github.com/system-inc/adamic/stage1/cohere/json	TestPortMatchesGoCohere_3272
unknown	github.com/system-inc/adamic/stage1/cohere/json	TestPortMatchesGoCohere_3126
unknown	github.com/system-inc/adamic/stage1/cohere/json	TestPortMatchesGoCohere_3030
unknown	github.com/system-inc/adamic/stage1/cohere/json	TestPortMatchesGoCohere_3125
unknown	github.com/system-inc/adamic/stage1/cohere/json	TestPortMatchesGoCohere_3269
unknown	github.com/system-inc/adamic/stage1/cohere/json	TestPortMatchesGoCohere_3124
unknown	github.com/system-inc/adamic/stage1/cohere/json	TestPortMatchesGoCohere_3270
unknown	github.com/system-inc/adamic/stage1/cohere/json	TestPortMatchesGoCohere_3029
unknown	github.com/system-inc/adamic/stage1/cohere/json	TestPortMatchesGoCohere_3123
unknown	github.com/system-inc/adamic/stage1/cohere/json	TestPortMatchesGoCohere_3028
unknown	github.com/system-inc/adamic/stage1/cohere/json	TestPortMatchesGoCohere_3122
unknown	github.com/system-inc/adamic/stage1/cohere/json	TestPortMatchesGoCohere_3266
unknown	github.com/system-inc/adamic/stage1/cohere/json	TestPortMatchesGoCohere_3121
unknown	github.com/system-inc/adamic/stage1/cohere/json	TestPortMatchesGoCohere_3268
unknown	github.com/system-inc/adamic/stage1/cohere/json	TestPortMatchesGoCohere_3267
unknown	github.com/system-inc/adamic/stage1/cohere/json	TestPortMatchesGoCohere_3119
unknown	github.com/system-inc/adamic/stage1/cohere/json	TestPortMatchesGoCohere_3120
unknown	github.com/system-inc/adamic/stage1/cohere/json	TestPortMatchesGoCohere_3118
unknown	github.com/system-inc/adamic/stage1/cohere/json	TestPortMatchesGoCohere_3025
unknown	github.com/system-inc/adamic/stage1/cohere/json	TestPortMatchesGoCohere_3265
unknown	github.com/system-inc/adamic/stage1/cohere/json	TestPortMatchesGoCohere_3026
unknown	github.com/system-inc/adamic/stage1/cohere/json	TestPortMatchesGoCohere_3117
unknown	github.com/system-inc/adamic/stage1/cohere/json	TestPortMatchesGoCohere_3024
unknown	github.com/system-inc/adamic/stage1/cohere/json	TestPortMatchesGoCohere_3264
unknown	github.com/system-inc/adamic/stage1/cohere/json	TestPortMatchesGoCohere_2950
unknown	github.com/system-inc/adamic/stage1/cohere/json	TestPortMatchesGoCohere_3116
unknown	github.com/system-inc/adamic/stage1/cohere/json	TestPortMatchesGoCohere_3027
unknown	github.com/system-inc/adamic/stage1/cohere/json	TestPortMatchesGoCohere_3023
unknown	github.com/system-inc/adamic/stage1/cohere/json	TestPortMatchesGoCohere_3115
unknown	github.com/system-inc/adamic/stage1/cohere/json	TestPortMatchesGoCohere_3262
unknown	github.com/system-inc/adamic/stage1/cohere/json	TestPortMatchesGoCohere_3114
unknown	github.com/system-inc/adamic/stage1/cohere/json	TestPortMatchesGoCohere_3022
unknown	github.com/system-inc/adamic/stage1/cohere/json	TestPortMatchesGoCohere_3263
unknown	github.com/system-inc/adamic/stage1/cohere/json	TestPortMatchesGoCohere_3261
unknown	github.com/system-inc/adamic/stage1/cohere/json	TestPortMatchesGoCohere_3113
unknown	github.com/system-inc/adamic/stage1/cohere/json	TestPortMatchesGoCohere_3112
unknown	github.com/system-inc/adamic/stage1/cohere/json	TestPortMatchesGoCohere_3259
unknown	github.com/system-inc/adamic/stage1/cohere/json	TestPortMatchesGoCohere_3260
unknown	github.com/system-inc/adamic/stage1/cohere/json	TestPortMatchesGoCohere_3258
unknown	github.com/system-inc/adamic/stage1/cohere/json	TestPortMatchesGoCohere_3111
unknown	github.com/system-inc/adamic/stage1/cohere/json	TestPortMatchesGoCohere_3257
unknown	github.com/system-inc/adamic/stage1/cohere/json	TestPortMatchesGoCohere_3256
unknown	github.com/system-inc/adamic/stage1/cohere/json	TestPortMatchesGoCohere_3021
unknown	github.com/system-inc/adamic/stage1/cohere/json	TestPortMatchesGoCohere_3020
unknown	github.com/system-inc/adamic/stage1/cohere/json	TestPortMatchesGoCohere_3109
unknown	github.com/system-inc/adamic/stage1/cohere/json	TestPortMatchesGoCohere_3255
unknown	github.com/system-inc/adamic/stage1/cohere/json	TestPortMatchesGoCohere_3019
unknown	github.com/system-inc/adamic/stage1/cohere/json	TestPortMatchesGoCohere_3018
unknown	github.com/system-inc/adamic/stage1/cohere/json	TestPortMatchesGoCohere_3254
unknown	github.com/system-inc/adamic/stage1/cohere/json	TestPortMatchesGoCohere_3108
unknown	github.com/system-inc/adamic/stage1/cohere/json	TestPortMatchesGoCohere_3017
unknown	github.com/system-inc/adamic/stage1/cohere/json	TestPortMatchesGoCohere_3252
unknown	github.com/system-inc/adamic/stage1/cohere/json	TestPortMatchesGoCohere_3110
unknown	github.com/system-inc/adamic/stage1/cohere/json	TestPortMatchesGoCohere_3107
unknown	github.com/system-inc/adamic/stage1/cohere/json	TestPortMatchesGoCohere_3253
unknown	github.com/system-inc/adamic/stage1/cohere/json	TestPortMatchesGoCohere_3106
unknown	github.com/system-inc/adamic/stage1/cohere/json	TestPortMatchesGoCohere_3016
unknown	github.com/system-inc/adamic/stage1/cohere/json	TestPortMatchesGoCohere_3251
unknown	github.com/system-inc/adamic/stage1/cohere/json	TestPortMatchesGoCohere_3250
unknown	github.com/system-inc/adamic/stage1/cohere/json	TestPortMatchesGoCohere_3105
unknown	github.com/system-inc/adamic/stage1/cohere/json	TestPortMatchesGoCohere_3015
unknown	github.com/system-inc/adamic/stage1/cohere/json	TestPortMatchesGoCohere_3104
unknown	github.com/system-inc/adamic/stage1/cohere/json	TestPortMatchesGoCohere_3014
unknown	github.com/system-inc/adamic/stage1/cohere/json	TestPortMatchesGoCohere_3103
unknown	github.com/system-inc/adamic/stage1/cohere/json	TestPortMatchesGoCohere_3102
unknown	github.com/system-inc/adamic/stage1/cohere/json	TestPortMatchesGoCohere_3013
unknown	github.com/system-inc/adamic/stage1/cohere/json	TestPortMatchesGoCohere_3101
unknown	github.com/system-inc/adamic/stage1/cohere/json	TestPortMatchesGoCohere_3012
unknown	github.com/system-inc/adamic/stage1/cohere/json	TestPortMatchesGoCohere_3100
unknown	github.com/system-inc/adamic/stage1/cohere/json	TestPortMatchesGoCohere_3248
unknown	github.com/system-inc/adamic/stage1/cohere/json	TestPortMatchesGoCohere_3099
unknown	github.com/system-inc/adamic/stage1/cohere/json	TestPortMatchesGoCohere_3249
unknown	github.com/system-inc/adamic/stage1/cohere/json	TestPortMatchesGoCohere_3247
unknown	github.com/system-inc/adamic/stage1/cohere/json	TestPortMatchesGoCohere_3010
unknown	github.com/system-inc/adamic/stage1/cohere/json	TestPortMatchesGoCohere_3011
unknown	github.com/system-inc/adamic/stage1/cohere/json	TestPortMatchesGoCohere_3098
unknown	github.com/system-inc/adamic/stage1/cohere/json	TestPortMatchesGoCohere_3246
unknown	github.com/system-inc/adamic/stage1/cohere/json	TestPortMatchesGoCohere_3245
unknown	github.com/system-inc/adamic/stage1/cohere/json	TestPortMatchesGoCohere_3097
unknown	github.com/system-inc/adamic/stage1/cohere/json	TestPortMatchesGoCohere_3009
unknown	github.com/system-inc/adamic/stage1/cohere/json	TestPortMatchesGoCohere_3244
unknown	github.com/system-inc/adamic/stage1/cohere/json	TestPortMatchesGoCohere_3096
unknown	github.com/system-inc/adamic/stage1/cohere/json	TestPortMatchesGoCohere_3007
unknown	github.com/system-inc/adamic/stage1/cohere/json	TestPortMatchesGoCohere_3094
unknown	github.com/system-inc/adamic/stage1/cohere/json	TestPortMatchesGoCohere_3093
unknown	github.com/system-inc/adamic/stage1/cohere/json	TestPortMatchesGoCohere_3008
unknown	github.com/system-inc/adamic/stage1/cohere/json	TestPortMatchesGoCohere_3095
unknown	github.com/system-inc/adamic/stage1/cohere/json	TestPortMatchesGoCohere_3243
unknown	github.com/system-inc/adamic/stage1/cohere/json	TestPortMatchesGoCohere_3006
unknown	github.com/system-inc/adamic/stage1/cohere/json	TestPortMatchesGoCohere_3242
unknown	github.com/system-inc/adamic/stage1/cohere/json	TestPortMatchesGoCohere_3092
unknown	github.com/system-inc/adamic/stage1/cohere/json	TestPortMatchesGoCohere_3241
unknown	github.com/system-inc/adamic/stage1/cohere/json	TestPortMatchesGoCohere_3005
unknown	github.com/system-inc/adamic/stage1/cohere/json	TestPortMatchesGoCohere_3091
unknown	github.com/system-inc/adamic/stage1/cohere/json	TestPortMatchesGoCohere_3090
unknown	github.com/system-inc/adamic/stage1/cohere/json	TestPortMatchesGoCohere_3240
unknown	github.com/system-inc/adamic/stage1/cohere/json	TestPortMatchesGoCohere_3004
unknown	github.com/system-inc/adamic/stage1/cohere/json	TestPortMatchesGoCohere_3239
unknown	github.com/system-inc/adamic/stage1/cohere/json	TestPortMatchesGoCohere_3003
unknown	github.com/system-inc/adamic/stage1/cohere/json	TestPortMatchesGoCohere_3089
unknown	github.com/system-inc/adamic/stage1/cohere/json	TestPortMatchesGoCohere_3238
unknown	github.com/system-inc/adamic/stage1/cohere/json	TestPortMatchesGoCohere_3088
unknown	github.com/system-inc/adamic/stage1/cohere/json	TestPortMatchesGoCohere_3237
unknown	github.com/system-inc/adamic/stage1/cohere/json	TestPortMatchesGoCohere_3002
unknown	github.com/system-inc/adamic/stage1/cohere/json	TestPortMatchesGoCohere_3087
unknown	github.com/system-inc/adamic/stage1/cohere/json	TestPortMatchesGoCohere_3236
unknown	github.com/system-inc/adamic/stage1/cohere/json	TestPortMatchesGoCohere_3234
unknown	github.com/system-inc/adamic/stage1/cohere/json	TestPortMatchesGoCohere_3086
unknown	github.com/system-inc/adamic/stage1/cohere/json	TestPortMatchesGoCohere_3235
unknown	github.com/system-inc/adamic/stage1/cohere/json	TestPortMatchesGoCohere_3085
unknown	github.com/system-inc/adamic/stage1/cohere/json	TestPortMatchesGoCohere_3084
unknown	github.com/system-inc/adamic/stage1/cohere/json	TestPortMatchesGoCohere_3001
unknown	github.com/system-inc/adamic/stage1/cohere/json	TestPortMatchesGoCohere_3232
unknown	github.com/system-inc/adamic/stage1/cohere/json	TestPortMatchesGoCohere_3000
unknown	github.com/system-inc/adamic/stage1/cohere/json	TestPortMatchesGoCohere_3083
unknown	github.com/system-inc/adamic/stage1/cohere/json	TestPortMatchesGoCohere_3233
unknown	github.com/system-inc/adamic/stage1/cohere/json	TestPortMatchesGoCohere_2999
unknown	github.com/system-inc/adamic/stage1/cohere/json	TestPortMatchesGoCohere_3231
unknown	github.com/system-inc/adamic/stage1/cohere/json	TestPortMatchesGoCohere_2998
unknown	github.com/system-inc/adamic/stage1/cohere/json	TestPortMatchesGoCohere_3230
unknown	github.com/system-inc/adamic/stage1/cohere/json	TestPortMatchesGoCohere_3229
unknown	github.com/system-inc/adamic/stage1/cohere/json	TestPortMatchesGoCohere_2997
unknown	github.com/system-inc/adamic/stage1/cohere/json	TestPortMatchesGoCohere_2949
unknown	github.com/system-inc/adamic/stage1/cohere/json	TestPortMatchesGoCohere_2995
unknown	github.com/system-inc/adamic/stage1/cohere/json	TestPortMatchesGoCohere_2948
unknown	github.com/system-inc/adamic/stage1/cohere/json	TestPortMatchesGoCohere_2996
unknown	github.com/system-inc/adamic/stage1/cohere/json	TestPortMatchesGoCohere_3228
unknown	github.com/system-inc/adamic/stage1/cohere/json	TestPortMatchesGoCohere_2994
unknown	github.com/system-inc/adamic/stage1/cohere/json	TestPortMatchesGoCohere_3226
unknown	github.com/system-inc/adamic/stage1/cohere/json	TestPortMatchesGoCohere_2947
unknown	github.com/system-inc/adamic/stage1/cohere/json	TestPortMatchesGoCohere_2993
unknown	github.com/system-inc/adamic/stage1/cohere/json	TestPortMatchesGoCohere_3227
unknown	github.com/system-inc/adamic/stage1/cohere/json	TestPortMatchesGoCohere_2992
unknown	github.com/system-inc/adamic/stage1/cohere/json	TestPortMatchesGoCohere_3225
unknown	github.com/system-inc/adamic/stage1/cohere/json	TestPortMatchesGoCohere_2946
unknown	github.com/system-inc/adamic/stage1/cohere/json	TestPortMatchesGoCohere_2821
unknown	github.com/system-inc/adamic/stage1/cohere/json	TestPortMatchesGoCohere_2991
unknown	github.com/system-inc/adamic/stage1/cohere/json	TestPortMatchesGoCohere_3224
unknown	github.com/system-inc/adamic/stage1/cohere/json	TestPortMatchesGoCohere_2945
unknown	github.com/system-inc/adamic/stage1/cohere/json	TestPortMatchesGoCohere_2990
unknown	github.com/system-inc/adamic/stage1/cohere/json	TestPortMatchesGoCohere_3222
unknown	github.com/system-inc/adamic/stage1/cohere/json	TestPortMatchesGoCohere_2944
unknown	github.com/system-inc/adamic/stage1/cohere/json	TestPortMatchesGoCohere_3223
unknown	github.com/system-inc/adamic/stage1/cohere/json	TestPortMatchesGoCohere_2943
unknown	github.com/system-inc/adamic/stage1/cohere/json	TestPortMatchesGoCohere_2989
unknown	github.com/system-inc/adamic/stage1/cohere/json	TestPortMatchesGoCohere_3221
unknown	github.com/system-inc/adamic/stage1/cohere/json	TestPortMatchesGoCohere_2988
unknown	github.com/system-inc/adamic/stage1/cohere/json	TestPortMatchesGoCohere_2942
unknown	github.com/system-inc/adamic/stage1/cohere/json	TestPortMatchesGoCohere_3220
unknown	github.com/system-inc/adamic/stage1/cohere/json	TestPortMatchesGoCohere_3219
unknown	github.com/system-inc/adamic/stage1/cohere/json	TestPortMatchesGoCohere_2987
unknown	github.com/system-inc/adamic/stage1/cohere/json	TestPortMatchesGoCohere_2941
unknown	github.com/system-inc/adamic/stage1/cohere/json	TestPortMatchesGoCohere_2986
unknown	github.com/system-inc/adamic/stage1/cohere/json	TestPortMatchesGoCohere_2985
unknown	github.com/system-inc/adamic/stage1/cohere/json	TestPortMatchesGoCohere_2820
unknown	github.com/system-inc/adamic/stage1/cohere/json	TestPortMatchesGoCohere_3217
unknown	github.com/system-inc/adamic/stage1/cohere/json	TestPortMatchesGoCohere_3216
unknown	github.com/system-inc/adamic/stage1/cohere/json	TestPortMatchesGoCohere_2984
unknown	github.com/system-inc/adamic/stage1/cohere/json	TestPortMatchesGoCohere_2940
unknown	github.com/system-inc/adamic/stage1/cohere/json	TestPortMatchesGoCohere_3218
unknown	github.com/system-inc/adamic/stage1/cohere/json	TestPortMatchesGoCohere_2983
unknown	github.com/system-inc/adamic/stage1/cohere/json	TestPortMatchesGoCohere_3215
unknown	github.com/system-inc/adamic/stage1/cohere/json	TestPortMatchesGoCohere_3214
unknown	github.com/system-inc/adamic/stage1/cohere/json	TestPortMatchesGoCohere_2938
unknown	github.com/system-inc/adamic/stage1/cohere/json	TestPortMatchesGoCohere_3213
unknown	github.com/system-inc/adamic/stage1/cohere/json	TestPortMatchesGoCohere_2982
unknown	github.com/system-inc/adamic/stage1/cohere/json	TestPortMatchesGoCohere_3212
unknown	github.com/system-inc/adamic/stage1/cohere/json	TestPortMatchesGoCohere_3211
unknown	github.com/system-inc/adamic/stage1/cohere/json	TestPortMatchesGoCohere_2937
unknown	github.com/system-inc/adamic/stage1/cohere/json	TestPortMatchesGoCohere_2980
unknown	github.com/system-inc/adamic/stage1/cohere/json	TestPortMatchesGoCohere_2939
unknown	github.com/system-inc/adamic/stage1/cohere/json	TestPortMatchesGoCohere_2979
unknown	github.com/system-inc/adamic/stage1/cohere/json	TestPortMatchesGoCohere_2978
unknown	github.com/system-inc/adamic/stage1/cohere/json	TestPortMatchesGoCohere_2977
unknown	github.com/system-inc/adamic/stage1/cohere/json	TestPortMatchesGoCohere_2936
unknown	github.com/system-inc/adamic/stage1/cohere/json	TestPortMatchesGoCohere_2935
unknown	github.com/system-inc/adamic/stage1/cohere/json	TestPortMatchesGoCohere_2981
unknown	github.com/system-inc/adamic/stage1/cohere/json	TestPortMatchesGoCohere_2819
unknown	github.com/system-inc/adamic/stage1/cohere/json	TestPortMatchesGoCohere_2934
unknown	github.com/system-inc/adamic/stage1/cohere/json	TestPortMatchesGoCohere_2933
unknown	github.com/system-inc/adamic/stage1/cohere/json	TestPortMatchesGoCohere_2975
unknown	github.com/system-inc/adamic/stage1/cohere/json	TestPortMatchesGoCohere_2818
unknown	github.com/system-inc/adamic/stage1/cohere/json	TestPortMatchesGoCohere_2976
unknown	github.com/system-inc/adamic/stage1/cohere/json	TestPortMatchesGoCohere_2973
unknown	github.com/system-inc/adamic/stage1/cohere/json	TestPortMatchesGoCohere_2817
unknown	github.com/system-inc/adamic/stage1/cohere/json	TestPortMatchesGoCohere_2932
unknown	github.com/system-inc/adamic/stage1/cohere/json	TestPortMatchesGoCohere_2971
unknown	github.com/system-inc/adamic/stage1/cohere/json	TestPortMatchesGoCohere_2974
unknown	github.com/system-inc/adamic/stage1/cohere/json	TestPortMatchesGoCohere_2816
unknown	github.com/system-inc/adamic/stage1/cohere/json	TestPortMatchesGoCohere_2972
unknown	github.com/system-inc/adamic/stage1/cohere/json	TestPortMatchesGoCohere_2970
unknown	github.com/system-inc/adamic/stage1/cohere/json	TestPortMatchesGoCohere_2815
unknown	github.com/system-inc/adamic/stage1/cohere/json	TestPortMatchesGoCohere_2814
unknown	github.com/system-inc/adamic/stage1/cohere/json	TestPortMatchesGoCohere_2931
unknown	github.com/system-inc/adamic/stage1/cohere/json	TestPortMatchesGoCohere_2969
unknown	github.com/system-inc/adamic/stage1/cohere/json	TestPortMatchesGoCohere_2930
unknown	github.com/system-inc/adamic/stage1/cohere/json	TestPortMatchesGoCohere_2813
unknown	github.com/system-inc/adamic/stage1/cohere/json	TestPortMatchesGoCohere_2968
unknown	github.com/system-inc/adamic/stage1/cohere/json	TestPortMatchesGoCohere_2929
unknown	github.com/system-inc/adamic/stage1/cohere/json	TestPortMatchesGoCohere_2966
unknown	github.com/system-inc/adamic/stage1/cohere/json	TestPortMatchesGoCohere_2812
unknown	github.com/system-inc/adamic/stage1/cohere/json	TestPortMatchesGoCohere_2691
unknown	github.com/system-inc/adamic/stage1/cohere/json	TestPortMatchesGoCohere_2928
unknown	github.com/system-inc/adamic/stage1/cohere/json	TestPortMatchesGoCohere_2967
unknown	github.com/system-inc/adamic/stage1/cohere/json	TestPortMatchesGoCohere_2965
unknown	github.com/system-inc/adamic/stage1/cohere/json	TestPortMatchesGoCohere_2811
unknown	github.com/system-inc/adamic/stage1/cohere/json	TestPortMatchesGoCohere_2810
unknown	github.com/system-inc/adamic/stage1/cohere/json	TestPortMatchesGoCohere_2926
unknown	github.com/system-inc/adamic/stage1/cohere/json	TestPortMatchesGoCohere_2964
unknown	github.com/system-inc/adamic/stage1/cohere/json	TestPortMatchesGoCohere_2927
unknown	github.com/system-inc/adamic/stage1/cohere/json	TestPortMatchesGoCohere_2963
unknown	github.com/system-inc/adamic/stage1/cohere/json	TestPortMatchesGoCohere_2809
unknown	github.com/system-inc/adamic/stage1/cohere/json	TestPortMatchesGoCohere_2808
unknown	github.com/system-inc/adamic/stage1/cohere/json	TestPortMatchesGoCohere_2961
unknown	github.com/system-inc/adamic/stage1/cohere/json	TestPortMatchesGoCohere_2925
unknown	github.com/system-inc/adamic/stage1/cohere/json	TestPortMatchesGoCohere_2962
unknown	github.com/system-inc/adamic/stage1/cohere/json	TestPortMatchesGoCohere_2806
unknown	github.com/system-inc/adamic/stage1/cohere/json	TestPortMatchesGoCohere_2805
unknown	github.com/system-inc/adamic/stage1/cohere/json	TestPortMatchesGoCohere_2807
unknown	github.com/system-inc/adamic/stage1/cohere/json	TestPortMatchesGoCohere_2924
unknown	github.com/system-inc/adamic/stage1/cohere/json	TestPortMatchesGoCohere_2923
unknown	github.com/system-inc/adamic/stage1/cohere/json	TestPortMatchesGoCohere_2960
unknown	github.com/system-inc/adamic/stage1/cohere/json	TestPortMatchesGoCohere_2804
unknown	github.com/system-inc/adamic/stage1/cohere/json	TestPortMatchesGoCohere_2803
unknown	github.com/system-inc/adamic/stage1/cohere/json	TestPortMatchesGoCohere_2921
unknown	github.com/system-inc/adamic/stage1/cohere/json	TestPortMatchesGoCohere_2920
unknown	github.com/system-inc/adamic/stage1/cohere/json	TestPortMatchesGoCohere_2922
unknown	github.com/system-inc/adamic/stage1/cohere/json	TestPortMatchesGoCohere_2919
unknown	github.com/system-inc/adamic/stage1/cohere/json	TestPortMatchesGoCohere_2959
unknown	github.com/system-inc/adamic/stage1/cohere/json	TestPortMatchesGoCohere_2802
unknown	github.com/system-inc/adamic/stage1/cohere/json	TestPortMatchesGoCohere_2918
unknown	github.com/system-inc/adamic/stage1/cohere/json	TestPortMatchesGoCohere_2958
unknown	github.com/system-inc/adamic/stage1/cohere/json	TestPortMatchesGoCohere_2917
unknown	github.com/system-inc/adamic/stage1/cohere/json	TestPortMatchesGoCohere_2801
unknown	github.com/system-inc/adamic/stage1/cohere/json	TestPortMatchesGoCohere_2916
unknown	github.com/system-inc/adamic/stage1/cohere/json	TestPortMatchesGoCohere_2800
unknown	github.com/system-inc/adamic/stage1/cohere/json	TestPortMatchesGoCohere_2798
unknown	github.com/system-inc/adamic/stage1/cohere/json	TestPortMatchesGoCohere_2797
unknown	github.com/system-inc/adamic/stage1/cohere/json	TestPortMatchesGoCohere_2799
unknown	github.com/system-inc/adamic/stage1/cohere/json	TestPortMatchesGoCohere_2915
unknown	github.com/system-inc/adamic/stage1/cohere/json	TestPortMatchesGoCohere_2914
unknown	github.com/system-inc/adamic/stage1/cohere/json	TestPortMatchesGoCohere_2913
unknown	github.com/system-inc/adamic/stage1/cohere/json	TestPortMatchesGoCohere_2956
unknown	github.com/system-inc/adamic/stage1/cohere/json	TestPortMatchesGoCohere_2912
unknown	github.com/system-inc/adamic/stage1/cohere/json	TestPortMatchesGoCohere_2957
unknown	github.com/system-inc/adamic/stage1/cohere/json	TestPortMatchesGoCohere_2796
unknown	github.com/system-inc/adamic/stage1/cohere/json	TestPortMatchesGoCohere_2954
unknown	github.com/system-inc/adamic/stage1/cohere/json	TestPortMatchesGoCohere_2955
unknown	github.com/system-inc/adamic/stage1/cohere/json	TestPortMatchesGoCohere_2795
unknown	github.com/system-inc/adamic/stage1/cohere/json	TestPortMatchesGoCohere_2794
unknown	github.com/system-inc/adamic/stage1/cohere/json	TestPortMatchesGoCohere_2911
unknown	github.com/system-inc/adamic/stage1/cohere/json	TestPortMatchesGoCohere_2793
unknown	github.com/system-inc/adamic/stage1/cohere/json	TestPortMatchesGoCohere_2909
unknown	github.com/system-inc/adamic/stage1/cohere/json	TestPortMatchesGoCohere_2792
unknown	github.com/system-inc/adamic/stage1/cohere/json	TestPortMatchesGoCohere_2908
unknown	github.com/system-inc/adamic/stage1/cohere/json	TestPortMatchesGoCohere_2781
unknown	github.com/system-inc/adamic/stage1/cohere/json	TestPortMatchesGoCohere_2907
unknown	github.com/system-inc/adamic/stage1/cohere/json	TestPortMatchesGoCohere_2791
unknown	github.com/system-inc/adamic/stage1/cohere/json	TestPortMatchesGoCohere_2790
unknown	github.com/system-inc/adamic/stage1/cohere/json	TestPortMatchesGoCohere_2788
unknown	github.com/system-inc/adamic/stage1/cohere/json	TestPortMatchesGoCohere_2905
unknown	github.com/system-inc/adamic/stage1/cohere/json	TestPortMatchesGoCohere_2789
unknown	github.com/system-inc/adamic/stage1/cohere/json	TestPortMatchesGoCohere_2690
unknown	github.com/system-inc/adamic/stage1/cohere/json	TestPortMatchesGoCohere_2906
unknown	github.com/system-inc/adamic/stage1/cohere/json	TestPortMatchesGoCohere_2904
unknown	github.com/system-inc/adamic/stage1/cohere/json	TestPortMatchesGoCohere_2787
unknown	github.com/system-inc/adamic/stage1/cohere/json	TestPortMatchesGoCohere_2903
unknown	github.com/system-inc/adamic/stage1/cohere/json	TestPortMatchesGoCohere_2688
unknown	github.com/system-inc/adamic/stage1/cohere/json	TestPortMatchesGoCohere_2689
unknown	github.com/system-inc/adamic/stage1/cohere/json	TestPortMatchesGoCohere_2786
unknown	github.com/system-inc/adamic/stage1/cohere/json	TestPortMatchesGoCohere_2687
unknown	github.com/system-inc/adamic/stage1/cohere/json	TestPortMatchesGoCohere_2686
unknown	github.com/system-inc/adamic/stage1/cohere/json	TestPortMatchesGoCohere_2785
unknown	github.com/system-inc/adamic/stage1/cohere/json	TestPortMatchesGoCohere_2784
unknown	github.com/system-inc/adamic/stage1/cohere/json	TestPortMatchesGoCohere_2685
unknown	github.com/system-inc/adamic/stage1/cohere/json	TestPortMatchesGoCohere_2783
unknown	github.com/system-inc/adamic/stage1/cohere/json	TestPortMatchesGoCohere_2902
unknown	github.com/system-inc/adamic/stage1/cohere/json	TestPortMatchesGoCohere_2901
unknown	github.com/system-inc/adamic/stage1/cohere/json	TestPortMatchesGoCohere_2684
unknown	github.com/system-inc/adamic/stage1/cohere/json	TestPortMatchesGoCohere_2900
unknown	github.com/system-inc/adamic/stage1/cohere/json	TestPortMatchesGoCohere_2899
unknown	github.com/system-inc/adamic/stage1/cohere/json	TestPortMatchesGoCohere_2782
unknown	github.com/system-inc/adamic/stage1/cohere/json	TestPortMatchesGoCohere_2652
unknown	github.com/system-inc/adamic/stage1/cohere/json	TestPortMatchesGoCohere_2683
unknown	github.com/system-inc/adamic/stage1/cohere/json	TestPortMatchesGoCohere_2898
unknown	github.com/system-inc/adamic/stage1/cohere/json	TestPortMatchesGoCohere_2682
unknown	github.com/system-inc/adamic/stage1/cohere/json	TestPortMatchesGoCohere_2897
unknown	github.com/system-inc/adamic/stage1/cohere/json	TestPortMatchesGoCohere_2780
unknown	github.com/system-inc/adamic/stage1/cohere/json	TestPortMatchesGoCohere_2896
unknown	github.com/system-inc/adamic/stage1/cohere/json	TestPortMatchesGoCohere_2681
unknown	github.com/system-inc/adamic/stage1/cohere/json	TestPortMatchesGoCohere_2779
unknown	github.com/system-inc/adamic/stage1/cohere/json	TestPortMatchesGoCohere_2680
unknown	github.com/system-inc/adamic/stage1/cohere/json	TestPortMatchesGoCohere_2778
unknown	github.com/system-inc/adamic/stage1/cohere/json	TestPortMatchesGoCohere_2895
unknown	github.com/system-inc/adamic/stage1/cohere/json	TestPortMatchesGoCohere_2679
unknown	github.com/system-inc/adamic/stage1/cohere/json	TestPortMatchesGoCohere_2776
unknown	github.com/system-inc/adamic/stage1/cohere/json	TestPortMatchesGoCohere_2894
unknown	github.com/system-inc/adamic/stage1/cohere/json	TestPortMatchesGoCohere_2678
unknown	github.com/system-inc/adamic/stage1/cohere/json	TestPortMatchesGoCohere_2775
unknown	github.com/system-inc/adamic/stage1/cohere/json	TestPortMatchesGoCohere_2893
unknown	github.com/system-inc/adamic/stage1/cohere/json	TestPortMatchesGoCohere_2774
unknown	github.com/system-inc/adamic/stage1/cohere/json	TestPortMatchesGoCohere_2777
unknown	github.com/system-inc/adamic/stage1/cohere/json	TestPortMatchesGoCohere_2677
unknown	github.com/system-inc/adamic/stage1/cohere/json	TestPortMatchesGoCohere_2892
unknown	github.com/system-inc/adamic/stage1/cohere/json	TestPortMatchesGoCohere_2676
unknown	github.com/system-inc/adamic/stage1/cohere/json	TestPortMatchesGoCohere_2772
unknown	github.com/system-inc/adamic/stage1/cohere/json	TestPortMatchesGoCohere_2891
unknown	github.com/system-inc/adamic/stage1/cohere/json	TestPortMatchesGoCohere_2675
unknown	github.com/system-inc/adamic/stage1/cohere/json	TestPortMatchesGoCohere_2890
unknown	github.com/system-inc/adamic/stage1/cohere/json	TestPortMatchesGoCohere_2773
unknown	github.com/system-inc/adamic/stage1/cohere/json	TestPortMatchesGoCohere_2674
unknown	github.com/system-inc/adamic/stage1/cohere/json	TestPortMatchesGoCohere_2888
unknown	github.com/system-inc/adamic/stage1/cohere/json	TestPortMatchesGoCohere_2887
unknown	github.com/system-inc/adamic/stage1/cohere/json	TestPortMatchesGoCohere_2673
unknown	github.com/system-inc/adamic/stage1/cohere/json	TestPortMatchesGoCohere_2886
unknown	github.com/system-inc/adamic/stage1/cohere/json	TestPortMatchesGoCohere_2672
unknown	github.com/system-inc/adamic/stage1/cohere/json	TestPortMatchesGoCohere_2889
unknown	github.com/system-inc/adamic/stage1/cohere/json	TestPortMatchesGoCohere_2671
unknown	github.com/system-inc/adamic/stage1/cohere/json	TestPortMatchesGoCohere_2770
unknown	github.com/system-inc/adamic/stage1/cohere/json	TestPortMatchesGoCohere_2670
unknown	github.com/system-inc/adamic/stage1/cohere/json	TestPortMatchesGoCohere_2771
unknown	github.com/system-inc/adamic/stage1/cohere/json	TestPortMatchesGoCohere_2884
unknown	github.com/system-inc/adamic/stage1/cohere/json	TestPortMatchesGoCohere_2768
unknown	github.com/system-inc/adamic/stage1/cohere/json	TestPortMatchesGoCohere_2769
unknown	github.com/system-inc/adamic/stage1/cohere/json	TestPortMatchesGoCohere_2883
unknown	github.com/system-inc/adamic/stage1/cohere/json	TestPortMatchesGoCohere_2885
unknown	github.com/system-inc/adamic/stage1/cohere/json	TestPortMatchesGoCohere_2669
unknown	github.com/system-inc/adamic/stage1/cohere/json	TestPortMatchesGoCohere_2766
unknown	github.com/system-inc/adamic/stage1/cohere/json	TestPortMatchesGoCohere_2882
unknown	github.com/system-inc/adamic/stage1/cohere/json	TestPortMatchesGoCohere_2562
unknown	github.com/system-inc/adamic/stage1/cohere/json	TestPortMatchesGoCohere_2765
unknown	github.com/system-inc/adamic/stage1/cohere/json	TestPortMatchesGoCohere_2764
unknown	github.com/system-inc/adamic/stage1/cohere/json	TestPortMatchesGoCohere_2881
unknown	github.com/system-inc/adamic/stage1/cohere/json	TestPortMatchesGoCohere_2668
unknown	github.com/system-inc/adamic/stage1/cohere/json	TestPortMatchesGoCohere_2767
unknown	github.com/system-inc/adamic/stage1/cohere/json	TestPortMatchesGoCohere_2561
unknown	github.com/system-inc/adamic/stage1/cohere/json	TestPortMatchesGoCohere_2880
unknown	github.com/system-inc/adamic/stage1/cohere/json	TestPortMatchesGoCohere_2879
unknown	github.com/system-inc/adamic/stage1/cohere/json	TestPortMatchesGoCohere_2667
unknown	github.com/system-inc/adamic/stage1/cohere/json	TestPortMatchesGoCohere_2763
unknown	github.com/system-inc/adamic/stage1/cohere/json	TestPortMatchesGoCohere_2666
unknown	github.com/system-inc/adamic/stage1/cohere/json	TestPortMatchesGoCohere_2762
unknown	github.com/system-inc/adamic/stage1/cohere/json	TestPortMatchesGoCohere_2761
unknown	github.com/system-inc/adamic/stage1/cohere/json	TestPortMatchesGoCohere_2878
unknown	github.com/system-inc/adamic/stage1/cohere/json	TestPortMatchesGoCohere_2665
unknown	github.com/system-inc/adamic/stage1/cohere/json	TestPortMatchesGoCohere_2877
unknown	github.com/system-inc/adamic/stage1/cohere/json	TestPortMatchesGoCohere_2760
unknown	github.com/system-inc/adamic/stage1/cohere/json	TestPortMatchesGoCohere_2664
unknown	github.com/system-inc/adamic/stage1/cohere/json	TestPortMatchesGoCohere_2759
unknown	github.com/system-inc/adamic/stage1/cohere/json	TestPortMatchesGoCohere_2663
unknown	github.com/system-inc/adamic/stage1/cohere/json	TestPortMatchesGoCohere_2876
unknown	github.com/system-inc/adamic/stage1/cohere/json	TestPortMatchesGoCohere_2757
unknown	github.com/system-inc/adamic/stage1/cohere/json	TestPortMatchesGoCohere_2758
unknown	github.com/system-inc/adamic/stage1/cohere/json	TestPortMatchesGoCohere_2662
unknown	github.com/system-inc/adamic/stage1/cohere/json	TestPortMatchesGoCohere_2756
unknown	github.com/system-inc/adamic/stage1/cohere/json	TestPortMatchesGoCohere_2874
unknown	github.com/system-inc/adamic/stage1/cohere/json	TestPortMatchesGoCohere_2875
unknown	github.com/system-inc/adamic/stage1/cohere/json	TestPortMatchesGoCohere_2755
unknown	github.com/system-inc/adamic/stage1/cohere/json	TestPortMatchesGoCohere_2754
unknown	github.com/system-inc/adamic/stage1/cohere/json	TestPortMatchesGoCohere_2661
unknown	github.com/system-inc/adamic/stage1/cohere/json	TestPortMatchesGoCohere_2660
unknown	github.com/system-inc/adamic/stage1/cohere/json	TestPortMatchesGoCohere_2659
unknown	github.com/system-inc/adamic/stage1/cohere/json	TestPortMatchesGoCohere_2873
unknown	github.com/system-inc/adamic/stage1/cohere/json	TestPortMatchesGoCohere_2753
unknown	github.com/system-inc/adamic/stage1/cohere/json	TestPortMatchesGoCohere_2560
unknown	github.com/system-inc/adamic/stage1/cohere/json	TestPortMatchesGoCohere_2872
unknown	github.com/system-inc/adamic/stage1/cohere/json	TestPortMatchesGoCohere_2871
unknown	github.com/system-inc/adamic/stage1/cohere/json	TestPortMatchesGoCohere_2658
unknown	github.com/system-inc/adamic/stage1/cohere/json	TestPortMatchesGoCohere_2657
unknown	github.com/system-inc/adamic/stage1/cohere/json	TestPortMatchesGoCohere_2752
unknown	github.com/system-inc/adamic/stage1/cohere/json	TestPortMatchesGoCohere_2750
unknown	github.com/system-inc/adamic/stage1/cohere/json	TestPortMatchesGoCohere_2751
unknown	github.com/system-inc/adamic/stage1/cohere/json	TestPortMatchesGoCohere_2656
unknown	github.com/system-inc/adamic/stage1/cohere/json	TestPortMatchesGoCohere_2869
unknown	github.com/system-inc/adamic/stage1/cohere/json	TestPortMatchesGoCohere_2654
unknown	github.com/system-inc/adamic/stage1/cohere/json	TestPortMatchesGoCohere_2749
unknown	github.com/system-inc/adamic/stage1/cohere/json	TestPortMatchesGoCohere_2870
unknown	github.com/system-inc/adamic/stage1/cohere/json	TestPortMatchesGoCohere_2653
unknown	github.com/system-inc/adamic/stage1/cohere/json	TestPortMatchesGoCohere_2655
unknown	github.com/system-inc/adamic/stage1/cohere/json	TestPortMatchesGoCohere_2747
unknown	github.com/system-inc/adamic/stage1/cohere/json	TestPortMatchesGoCohere_2523
unknown	github.com/system-inc/adamic/stage1/cohere/json	TestPortMatchesGoCohere_2867
unknown	github.com/system-inc/adamic/stage1/cohere/json	TestPortMatchesGoCohere_2746
unknown	github.com/system-inc/adamic/stage1/cohere/json	TestPortMatchesGoCohere_2748
unknown	github.com/system-inc/adamic/stage1/cohere/json	TestPortMatchesGoCohere_2868
unknown	github.com/system-inc/adamic/stage1/cohere/json	TestPortMatchesGoCohere_2651
unknown	github.com/system-inc/adamic/stage1/cohere/json	TestPortMatchesGoCohere_2745
unknown	github.com/system-inc/adamic/stage1/cohere/json	TestPortMatchesGoCohere_2744
unknown	github.com/system-inc/adamic/stage1/cohere/json	TestPortMatchesGoCohere_2866
unknown	github.com/system-inc/adamic/stage1/cohere/json	TestPortMatchesGoCohere_2650
unknown	github.com/system-inc/adamic/stage1/cohere/json	TestPortMatchesGoCohere_2865
unknown	github.com/system-inc/adamic/stage1/cohere/json	TestPortMatchesGoCohere_2743
unknown	github.com/system-inc/adamic/stage1/cohere/json	TestPortMatchesGoCohere_2864
unknown	github.com/system-inc/adamic/stage1/cohere/json	TestPortMatchesGoCohere_2649
unknown	github.com/system-inc/adamic/stage1/cohere/json	TestPortMatchesGoCohere_2648
unknown	github.com/system-inc/adamic/stage1/cohere/json	TestPortMatchesGoCohere_2647
unknown	github.com/system-inc/adamic/stage1/cohere/json	TestPortMatchesGoCohere_2863
unknown	github.com/system-inc/adamic/stage1/cohere/json	TestPortMatchesGoCohere_2741
unknown	github.com/system-inc/adamic/stage1/cohere/json	TestPortMatchesGoCohere_2645
unknown	github.com/system-inc/adamic/stage1/cohere/json	TestPortMatchesGoCohere_2742
unknown	github.com/system-inc/adamic/stage1/cohere/json	TestPortMatchesGoCohere_2862
unknown	github.com/system-inc/adamic/stage1/cohere/json	TestPortMatchesGoCohere_2646
unknown	github.com/system-inc/adamic/stage1/cohere/json	TestPortMatchesGoCohere_2861
unknown	github.com/system-inc/adamic/stage1/cohere/json	TestPortMatchesGoCohere_2644
unknown	github.com/system-inc/adamic/stage1/cohere/json	TestPortMatchesGoCohere_2740
unknown	github.com/system-inc/adamic/stage1/cohere/json	TestPortMatchesGoCohere_2860
unknown	github.com/system-inc/adamic/stage1/cohere/json	TestPortMatchesGoCohere_2738
unknown	github.com/system-inc/adamic/stage1/cohere/json	TestPortMatchesGoCohere_2739
unknown	github.com/system-inc/adamic/stage1/cohere/json	TestPortMatchesGoCohere_2859
unknown	github.com/system-inc/adamic/stage1/cohere/json	TestPortMatchesGoCohere_2858
unknown	github.com/system-inc/adamic/stage1/cohere/json	TestPortMatchesGoCohere_2643
unknown	github.com/system-inc/adamic/stage1/cohere/json	TestPortMatchesGoCohere_2737
unknown	github.com/system-inc/adamic/stage1/cohere/json	TestPortMatchesGoCohere_2736
unknown	github.com/system-inc/adamic/stage1/cohere/json	TestPortMatchesGoCohere_2857
unknown	github.com/system-inc/adamic/stage1/cohere/json	TestPortMatchesGoCohere_2642
unknown	github.com/system-inc/adamic/stage1/cohere/json	TestPortMatchesGoCohere_2735
unknown	github.com/system-inc/adamic/stage1/cohere/json	TestPortMatchesGoCohere_2641
unknown	github.com/system-inc/adamic/stage1/cohere/json	TestPortMatchesGoCohere_2856
unknown	github.com/system-inc/adamic/stage1/cohere/json	TestPortMatchesGoCohere_2734
unknown	github.com/system-inc/adamic/stage1/cohere/json	TestPortMatchesGoCohere_2733
unknown	github.com/system-inc/adamic/stage1/cohere/json	TestPortMatchesGoCohere_2855
unknown	github.com/system-inc/adamic/stage1/cohere/json	TestPortMatchesGoCohere_2854
unknown	github.com/system-inc/adamic/stage1/cohere/json	TestPortMatchesGoCohere_2732
unknown	github.com/system-inc/adamic/stage1/cohere/json	TestPortMatchesGoCohere_2640
unknown	github.com/system-inc/adamic/stage1/cohere/json	TestPortMatchesGoCohere_2731
unknown	github.com/system-inc/adamic/stage1/cohere/json	TestPortMatchesGoCohere_2639
unknown	github.com/system-inc/adamic/stage1/cohere/json	TestPortMatchesGoCohere_2730
unknown	github.com/system-inc/adamic/stage1/cohere/json	TestPortMatchesGoCohere_2638
unknown	github.com/system-inc/adamic/stage1/cohere/json	TestPortMatchesGoCohere_2853
unknown	github.com/system-inc/adamic/stage1/cohere/json	TestPortMatchesGoCohere_2729
unknown	github.com/system-inc/adamic/stage1/cohere/json	TestPortMatchesGoCohere_2637
unknown	github.com/system-inc/adamic/stage1/cohere/json	TestPortMatchesGoCohere_2636
unknown	github.com/system-inc/adamic/stage1/cohere/json	TestPortMatchesGoCohere_2852
unknown	github.com/system-inc/adamic/stage1/cohere/json	TestPortMatchesGoCohere_2635
unknown	github.com/system-inc/adamic/stage1/cohere/json	TestPortMatchesGoCohere_2851
unknown	github.com/system-inc/adamic/stage1/cohere/json	TestPortMatchesGoCohere_2727
unknown	github.com/system-inc/adamic/stage1/cohere/json	TestPortMatchesGoCohere_2850
unknown	github.com/system-inc/adamic/stage1/cohere/json	TestPortMatchesGoCohere_2728
unknown	github.com/system-inc/adamic/stage1/cohere/json	TestPortMatchesGoCohere_2726
unknown	github.com/system-inc/adamic/stage1/cohere/json	TestPortMatchesGoCohere_2725
unknown	github.com/system-inc/adamic/stage1/cohere/json	TestPortMatchesGoCohere_2849
unknown	github.com/system-inc/adamic/stage1/cohere/json	TestPortMatchesGoCohere_2848
unknown	github.com/system-inc/adamic/stage1/cohere/json	TestPortMatchesGoCohere_2633
unknown	github.com/system-inc/adamic/stage1/cohere/json	TestPortMatchesGoCohere_2847
unknown	github.com/system-inc/adamic/stage1/cohere/json	TestPortMatchesGoCohere_2724
unknown	github.com/system-inc/adamic/stage1/cohere/json	TestPortMatchesGoCohere_2632
unknown	github.com/system-inc/adamic/stage1/cohere/json	TestPortMatchesGoCohere_2846
unknown	github.com/system-inc/adamic/stage1/cohere/json	TestPortMatchesGoCohere_2723
unknown	github.com/system-inc/adamic/stage1/cohere/json	TestPortMatchesGoCohere_2631
unknown	github.com/system-inc/adamic/stage1/cohere/json	TestPortMatchesGoCohere_2721
unknown	github.com/system-inc/adamic/stage1/cohere/json	TestPortMatchesGoCohere_2722
unknown	github.com/system-inc/adamic/stage1/cohere/json	TestPortMatchesGoCohere_2630
unknown	github.com/system-inc/adamic/stage1/cohere/json	TestPortMatchesGoCohere_2720
unknown	github.com/system-inc/adamic/stage1/cohere/json	TestPortMatchesGoCohere_2634
unknown	github.com/system-inc/adamic/stage1/cohere/json	TestPortMatchesGoCohere_2845
unknown	github.com/system-inc/adamic/stage1/cohere/json	TestPortMatchesGoCohere_2719
unknown	github.com/system-inc/adamic/stage1/cohere/json	TestPortMatchesGoCohere_2628
unknown	github.com/system-inc/adamic/stage1/cohere/json	TestPortMatchesGoCohere_2844
unknown	github.com/system-inc/adamic/stage1/cohere/json	TestPortMatchesGoCohere_2627
unknown	github.com/system-inc/adamic/stage1/cohere/json	TestPortMatchesGoCohere_2843
unknown	github.com/system-inc/adamic/stage1/cohere/json	TestPortMatchesGoCohere_2718
unknown	github.com/system-inc/adamic/stage1/cohere/json	TestPortMatchesGoCohere_2717
unknown	github.com/system-inc/adamic/stage1/cohere/json	TestPortMatchesGoCohere_2626
unknown	github.com/system-inc/adamic/stage1/cohere/json	TestPortMatchesGoCohere_2842
unknown	github.com/system-inc/adamic/stage1/cohere/json	TestPortMatchesGoCohere_2629
unknown	github.com/system-inc/adamic/stage1/cohere/json	TestPortMatchesGoCohere_2715
unknown	github.com/system-inc/adamic/stage1/cohere/json	TestPortMatchesGoCohere_2625
unknown	github.com/system-inc/adamic/stage1/cohere/json	TestPortMatchesGoCohere_2714
unknown	github.com/system-inc/adamic/stage1/cohere/json	TestPortMatchesGoCohere_2840
unknown	github.com/system-inc/adamic/stage1/cohere/json	TestPortMatchesGoCohere_2841
unknown	github.com/system-inc/adamic/stage1/cohere/json	TestPortMatchesGoCohere_2716
unknown	github.com/system-inc/adamic/stage1/cohere/json	TestPortMatchesGoCohere_2624
unknown	github.com/system-inc/adamic/stage1/cohere/json	TestPortMatchesGoCohere_2839
unknown	github.com/system-inc/adamic/stage1/cohere/json	TestPortMatchesGoCohere_2838
unknown	github.com/system-inc/adamic/stage1/cohere/json	TestPortMatchesGoCohere_2623
unknown	github.com/system-inc/adamic/stage1/cohere/json	TestPortMatchesGoCohere_2837
unknown	github.com/system-inc/adamic/stage1/cohere/json	TestPortMatchesGoCohere_2836
unknown	github.com/system-inc/adamic/stage1/cohere/json	TestPortMatchesGoCohere_2713
unknown	github.com/system-inc/adamic/stage1/cohere/json	TestPortMatchesGoCohere_2622
unknown	github.com/system-inc/adamic/stage1/cohere/json	TestPortMatchesGoCohere_2621
unknown	github.com/system-inc/adamic/stage1/cohere/json	TestPortMatchesGoCohere_2835
unknown	github.com/system-inc/adamic/stage1/cohere/json	TestPortMatchesGoCohere_2711
unknown	github.com/system-inc/adamic/stage1/cohere/json	TestPortMatchesGoCohere_2620
unknown	github.com/system-inc/adamic/stage1/cohere/json	TestPortMatchesGoCohere_2712
unknown	github.com/system-inc/adamic/stage1/cohere/json	TestPortMatchesGoCohere_2834
unknown	github.com/system-inc/adamic/stage1/cohere/json	TestPortMatchesGoCohere_2710
unknown	github.com/system-inc/adamic/stage1/cohere/json	TestPortMatchesGoCohere_2619
unknown	github.com/system-inc/adamic/stage1/cohere/json	TestPortMatchesGoCohere_2833
unknown	github.com/system-inc/adamic/stage1/cohere/json	TestPortMatchesGoCohere_2618
unknown	github.com/system-inc/adamic/stage1/cohere/json	TestPortMatchesGoCohere_2832
unknown	github.com/system-inc/adamic/stage1/cohere/json	TestPortMatchesGoCohere_2708
unknown	github.com/system-inc/adamic/stage1/cohere/json	TestPortMatchesGoCohere_2831
unknown	github.com/system-inc/adamic/stage1/cohere/json	TestPortMatchesGoCohere_2617
unknown	github.com/system-inc/adamic/stage1/cohere/json	TestPortMatchesGoCohere_2709
unknown	github.com/system-inc/adamic/stage1/cohere/json	TestPortMatchesGoCohere_2707
unknown	github.com/system-inc/adamic/stage1/cohere/json	TestPortMatchesGoCohere_2615
unknown	github.com/system-inc/adamic/stage1/cohere/json	TestPortMatchesGoCohere_2616
unknown	github.com/system-inc/adamic/stage1/cohere/json	TestPortMatchesGoCohere_2828
unknown	github.com/system-inc/adamic/stage1/cohere/json	TestPortMatchesGoCohere_2830
unknown	github.com/system-inc/adamic/stage1/cohere/json	TestPortMatchesGoCohere_2706
unknown	github.com/system-inc/adamic/stage1/cohere/json	TestPortMatchesGoCohere_2614
unknown	github.com/system-inc/adamic/stage1/cohere/json	TestPortMatchesGoCohere_2827
unknown	github.com/system-inc/adamic/stage1/cohere/json	TestPortMatchesGoCohere_2826
unknown	github.com/system-inc/adamic/stage1/cohere/json	TestPortMatchesGoCohere_2829
unknown	github.com/system-inc/adamic/stage1/cohere/json	TestPortMatchesGoCohere_2613
unknown	github.com/system-inc/adamic/stage1/cohere/json	TestPortMatchesGoCohere_2704
unknown	github.com/system-inc/adamic/stage1/cohere/json	TestPortMatchesGoCohere_2703
unknown	github.com/system-inc/adamic/stage1/cohere/json	TestPortMatchesGoCohere_2705
unknown	github.com/system-inc/adamic/stage1/cohere/json	TestPortMatchesGoCohere_2702
unknown	github.com/system-inc/adamic/stage1/cohere/json	TestPortMatchesGoCohere_2824
unknown	github.com/system-inc/adamic/stage1/cohere/json	TestPortMatchesGoCohere_2825
unknown	github.com/system-inc/adamic/stage1/cohere/json	TestPortMatchesGoCohere_2612
unknown	github.com/system-inc/adamic/stage1/cohere/json	TestPortMatchesGoCohere_2701
unknown	github.com/system-inc/adamic/stage1/cohere/json	TestPortMatchesGoCohere_2823
unknown	github.com/system-inc/adamic/stage1/cohere/json	TestPortMatchesGoCohere_2610
unknown	github.com/system-inc/adamic/stage1/cohere/json	TestPortMatchesGoCohere_2609
unknown	github.com/system-inc/adamic/stage1/cohere/json	TestPortMatchesGoCohere_2700
unknown	github.com/system-inc/adamic/stage1/cohere/json	TestPortMatchesGoCohere_2611
unknown	github.com/system-inc/adamic/stage1/cohere/json	TestPortMatchesGoCohere_2699
unknown	github.com/system-inc/adamic/stage1/cohere/json	TestPortMatchesGoCohere_2698
unknown	github.com/system-inc/adamic/stage1/cohere/json	TestPortMatchesGoCohere_2697
unknown	github.com/system-inc/adamic/stage1/cohere/json	TestPortMatchesGoCohere_2822
unknown	github.com/system-inc/adamic/stage1/cohere/json	TestPortMatchesGoCohere_2431
unknown	github.com/system-inc/adamic/stage1/cohere/json	TestPortMatchesGoCohere_2695
unknown	github.com/system-inc/adamic/stage1/cohere/json	TestPortMatchesGoCohere_2559
unknown	github.com/system-inc/adamic/stage1/cohere/json	TestPortMatchesGoCohere_2694
unknown	github.com/system-inc/adamic/stage1/cohere/json	TestPortMatchesGoCohere_2608
unknown	github.com/system-inc/adamic/stage1/cohere/json	TestPortMatchesGoCohere_2696
unknown	github.com/system-inc/adamic/stage1/cohere/json	TestPortMatchesGoCohere_2693
unknown	github.com/system-inc/adamic/stage1/cohere/json	TestPortMatchesGoCohere_2430
unknown	github.com/system-inc/adamic/stage1/cohere/json	TestPortMatchesGoCohere_2558
unknown	github.com/system-inc/adamic/stage1/cohere/json	TestPortMatchesGoCohere_2607
unknown	github.com/system-inc/adamic/stage1/cohere/json	TestPortMatchesGoCohere_2429
unknown	github.com/system-inc/adamic/stage1/cohere/json	TestPortMatchesGoCohere_2606
unknown	github.com/system-inc/adamic/stage1/cohere/json	TestPortMatchesGoCohere_2557
unknown	github.com/system-inc/adamic/stage1/cohere/json	TestPortMatchesGoCohere_2692
unknown	github.com/system-inc/adamic/stage1/cohere/json	TestPortMatchesGoCohere_2556
unknown	github.com/system-inc/adamic/stage1/cohere/json	TestPortMatchesGoCohere_2605
unknown	github.com/system-inc/adamic/stage1/cohere/json	TestPortMatchesGoCohere_2555
unknown	github.com/system-inc/adamic/stage1/cohere/json	TestPortMatchesGoCohere_2604
unknown	github.com/system-inc/adamic/stage1/cohere/json	TestPortMatchesGoCohere_2553
unknown	github.com/system-inc/adamic/stage1/cohere/json	TestPortMatchesGoCohere_2554
unknown	github.com/system-inc/adamic/stage1/cohere/json	TestPortMatchesGoCohere_2603
unknown	github.com/system-inc/adamic/stage1/cohere/json	TestPortMatchesGoCohere_2552
unknown	github.com/system-inc/adamic/stage1/cohere/json	TestPortMatchesGoCohere_2602
unknown	github.com/system-inc/adamic/stage1/cohere/json	TestPortMatchesGoCohere_2551
unknown	github.com/system-inc/adamic/stage1/cohere/json	TestPortMatchesGoCohere_2601
unknown	github.com/system-inc/adamic/stage1/cohere/json	TestPortMatchesGoCohere_2428
unknown	github.com/system-inc/adamic/stage1/cohere/json	TestPortMatchesGoCohere_2600
unknown	github.com/system-inc/adamic/stage1/cohere/json	TestPortMatchesGoCohere_2550
unknown	github.com/system-inc/adamic/stage1/cohere/json	TestPortMatchesGoCohere_2427
unknown	github.com/system-inc/adamic/stage1/cohere/json	TestPortMatchesGoCohere_2426
unknown	github.com/system-inc/adamic/stage1/cohere/json	TestPortMatchesGoCohere_2599
unknown	github.com/system-inc/adamic/stage1/cohere/json	TestPortMatchesGoCohere_2548
unknown	github.com/system-inc/adamic/stage1/cohere/json	TestPortMatchesGoCohere_2598
unknown	github.com/system-inc/adamic/stage1/cohere/json	TestPortMatchesGoCohere_2549
unknown	github.com/system-inc/adamic/stage1/cohere/json	TestPortMatchesGoCohere_2425
unknown	github.com/system-inc/adamic/stage1/cohere/json	TestPortMatchesGoCohere_2547
unknown	github.com/system-inc/adamic/stage1/cohere/json	TestPortMatchesGoCohere_2546
unknown	github.com/system-inc/adamic/stage1/cohere/json	TestPortMatchesGoCohere_2424
unknown	github.com/system-inc/adamic/stage1/cohere/json	TestPortMatchesGoCohere_2423
unknown	github.com/system-inc/adamic/stage1/cohere/json	TestPortMatchesGoCohere_2544
unknown	github.com/system-inc/adamic/stage1/cohere/json	TestPortMatchesGoCohere_2543
unknown	github.com/system-inc/adamic/stage1/cohere/json	TestPortMatchesGoCohere_2545
unknown	github.com/system-inc/adamic/stage1/cohere/json	TestPortMatchesGoCohere_2422
unknown	github.com/system-inc/adamic/stage1/cohere/json	TestPortMatchesGoCohere_2597
unknown	github.com/system-inc/adamic/stage1/cohere/json	TestPortMatchesGoCohere_2596
unknown	github.com/system-inc/adamic/stage1/cohere/json	TestPortMatchesGoCohere_2542
unknown	github.com/system-inc/adamic/stage1/cohere/json	TestPortMatchesGoCohere_2594
unknown	github.com/system-inc/adamic/stage1/cohere/json	TestPortMatchesGoCohere_2541
unknown	github.com/system-inc/adamic/stage1/cohere/json	TestPortMatchesGoCohere_2419
unknown	github.com/system-inc/adamic/stage1/cohere/json	TestPortMatchesGoCohere_2421
unknown	github.com/system-inc/adamic/stage1/cohere/json	TestPortMatchesGoCohere_2593
unknown	github.com/system-inc/adamic/stage1/cohere/json	TestPortMatchesGoCohere_2595
unknown	github.com/system-inc/adamic/stage1/cohere/json	TestPortMatchesGoCohere_2420
unknown	github.com/system-inc/adamic/stage1/cohere/json	TestPortMatchesGoCohere_2540
unknown	github.com/system-inc/adamic/stage1/cohere/json	TestPortMatchesGoCohere_2592
unknown	github.com/system-inc/adamic/stage1/cohere/json	TestPortMatchesGoCohere_2538
unknown	github.com/system-inc/adamic/stage1/cohere/json	TestPortMatchesGoCohere_2539
unknown	github.com/system-inc/adamic/stage1/cohere/json	TestPortMatchesGoCohere_2418
unknown	github.com/system-inc/adamic/stage1/cohere/json	TestPortMatchesGoCohere_2417
unknown	github.com/system-inc/adamic/stage1/cohere/json	TestPortMatchesGoCohere_2416
unknown	github.com/system-inc/adamic/stage1/cohere/json	TestPortMatchesGoCohere_2537
unknown	github.com/system-inc/adamic/stage1/cohere/json	TestPortMatchesGoCohere_2415
unknown	github.com/system-inc/adamic/stage1/cohere/json	TestPortMatchesGoCohere_2536
unknown	github.com/system-inc/adamic/stage1/cohere/json	TestPortMatchesGoCohere_2591
unknown	github.com/system-inc/adamic/stage1/cohere/json	TestPortMatchesGoCohere_2414
unknown	github.com/system-inc/adamic/stage1/cohere/json	TestPortMatchesGoCohere_2590
unknown	github.com/system-inc/adamic/stage1/cohere/json	TestPortMatchesGoCohere_2413
unknown	github.com/system-inc/adamic/stage1/cohere/json	TestPortMatchesGoCohere_2589
unknown	github.com/system-inc/adamic/stage1/cohere/json	TestPortMatchesGoCohere_2588
unknown	github.com/system-inc/adamic/stage1/cohere/json	TestPortMatchesGoCohere_2587
unknown	github.com/system-inc/adamic/stage1/cohere/json	TestPortMatchesGoCohere_2534
unknown	github.com/system-inc/adamic/stage1/cohere/json	TestPortMatchesGoCohere_2412
unknown	github.com/system-inc/adamic/stage1/cohere/json	TestPortMatchesGoCohere_2586
unknown	github.com/system-inc/adamic/stage1/cohere/json	TestPortMatchesGoCohere_2532
unknown	github.com/system-inc/adamic/stage1/cohere/json	TestPortMatchesGoCohere_2411
unknown	github.com/system-inc/adamic/stage1/cohere/json	TestPortMatchesGoCohere_2535
unknown	github.com/system-inc/adamic/stage1/cohere/json	TestPortMatchesGoCohere_2531
unknown	github.com/system-inc/adamic/stage1/cohere/json	TestPortMatchesGoCohere_2585
unknown	github.com/system-inc/adamic/stage1/cohere/json	TestPortMatchesGoCohere_2533
unknown	github.com/system-inc/adamic/stage1/cohere/json	TestPortMatchesGoCohere_2584
unknown	github.com/system-inc/adamic/stage1/cohere/json	TestPortMatchesGoCohere_2583
unknown	github.com/system-inc/adamic/stage1/cohere/json	TestPortMatchesGoCohere_2582
unknown	github.com/system-inc/adamic/stage1/cohere/json	TestPortMatchesGoCohere_2408
unknown	github.com/system-inc/adamic/stage1/cohere/json	TestPortMatchesGoCohere_2410
unknown	github.com/system-inc/adamic/stage1/cohere/json	TestPortMatchesGoCohere_2409
unknown	github.com/system-inc/adamic/stage1/cohere/json	TestPortMatchesGoCohere_2530
unknown	github.com/system-inc/adamic/stage1/cohere/json	TestPortMatchesGoCohere_2407
unknown	github.com/system-inc/adamic/stage1/cohere/json	TestPortMatchesGoCohere_2580
unknown	github.com/system-inc/adamic/stage1/cohere/json	TestPortMatchesGoCohere_2529
unknown	github.com/system-inc/adamic/stage1/cohere/json	TestPortMatchesGoCohere_2406
unknown	github.com/system-inc/adamic/stage1/cohere/json	TestPortMatchesGoCohere_2405
unknown	github.com/system-inc/adamic/stage1/cohere/json	TestPortMatchesGoCohere_2528
unknown	github.com/system-inc/adamic/stage1/cohere/json	TestPortMatchesGoCohere_2579
unknown	github.com/system-inc/adamic/stage1/cohere/json	TestPortMatchesGoCohere_2404
unknown	github.com/system-inc/adamic/stage1/cohere/json	TestPortMatchesGoCohere_2527
unknown	github.com/system-inc/adamic/stage1/cohere/json	TestPortMatchesGoCohere_2581
unknown	github.com/system-inc/adamic/stage1/cohere/json	TestPortMatchesGoCohere_2578
unknown	github.com/system-inc/adamic/stage1/cohere/json	TestPortMatchesGoCohere_2526
unknown	github.com/system-inc/adamic/stage1/cohere/json	TestPortMatchesGoCohere_2403
unknown	github.com/system-inc/adamic/stage1/cohere/json	TestPortMatchesGoCohere_2524
unknown	github.com/system-inc/adamic/stage1/cohere/json	TestPortMatchesGoCohere_2401
unknown	github.com/system-inc/adamic/stage1/cohere/json	TestPortMatchesGoCohere_2402
unknown	github.com/system-inc/adamic/stage1/cohere/json	TestPortMatchesGoCohere_2394
unknown	github.com/system-inc/adamic/stage1/cohere/json	TestPortMatchesGoCohere_2400
unknown	github.com/system-inc/adamic/stage1/cohere/json	TestPortMatchesGoCohere_2525
unknown	github.com/system-inc/adamic/stage1/cohere/json	TestPortMatchesGoCohere_2576
unknown	github.com/system-inc/adamic/stage1/cohere/json	TestPortMatchesGoCohere_2577
unknown	github.com/system-inc/adamic/stage1/cohere/json	TestPortMatchesGoCohere_2399
unknown	github.com/system-inc/adamic/stage1/cohere/json	TestPortMatchesGoCohere_2522
unknown	github.com/system-inc/adamic/stage1/cohere/json	TestPortMatchesGoCohere_2575
unknown	github.com/system-inc/adamic/stage1/cohere/json	TestPortMatchesGoCohere_2521
unknown	github.com/system-inc/adamic/stage1/cohere/json	TestPortMatchesGoCohere_2397
unknown	github.com/system-inc/adamic/stage1/cohere/json	TestPortMatchesGoCohere_2520
unknown	github.com/system-inc/adamic/stage1/cohere/json	TestPortMatchesGoCohere_2574
unknown	github.com/system-inc/adamic/stage1/cohere/json	TestPortMatchesGoCohere_2398
unknown	github.com/system-inc/adamic/stage1/cohere/json	TestPortMatchesGoCohere_2519
unknown	github.com/system-inc/adamic/stage1/cohere/json	TestPortMatchesGoCohere_2518
unknown	github.com/system-inc/adamic/stage1/cohere/json	TestPortMatchesGoCohere_2572
unknown	github.com/system-inc/adamic/stage1/cohere/json	TestPortMatchesGoCohere_2396
unknown	github.com/system-inc/adamic/stage1/cohere/json	TestPortMatchesGoCohere_2517
unknown	github.com/system-inc/adamic/stage1/cohere/json	TestPortMatchesGoCohere_2571
unknown	github.com/system-inc/adamic/stage1/cohere/json	TestPortMatchesGoCohere_2573
unknown	github.com/system-inc/adamic/stage1/cohere/json	TestPortMatchesGoCohere_2570
unknown	github.com/system-inc/adamic/stage1/cohere/json	TestPortMatchesGoCohere_2516
unknown	github.com/system-inc/adamic/stage1/cohere/json	TestPortMatchesGoCohere_2515
unknown	github.com/system-inc/adamic/stage1/cohere/json	TestPortMatchesGoCohere_2395
unknown	github.com/system-inc/adamic/stage1/cohere/json	TestPortMatchesGoCohere_2514
unknown	github.com/system-inc/adamic/stage1/cohere/json	TestPortMatchesGoCohere_2569
unknown	github.com/system-inc/adamic/stage1/cohere/json	TestPortMatchesGoCohere_2265
unknown	github.com/system-inc/adamic/stage1/cohere/json	TestPortMatchesGoCohere_2513
unknown	github.com/system-inc/adamic/stage1/cohere/json	TestPortMatchesGoCohere_2512
unknown	github.com/system-inc/adamic/stage1/cohere/json	TestPortMatchesGoCohere_2392
unknown	github.com/system-inc/adamic/stage1/cohere/json	TestPortMatchesGoCohere_2568
unknown	github.com/system-inc/adamic/stage1/cohere/json	TestPortMatchesGoCohere_2510
unknown	github.com/system-inc/adamic/stage1/cohere/json	TestPortMatchesGoCohere_2393
unknown	github.com/system-inc/adamic/stage1/cohere/json	TestPortMatchesGoCohere_2509
unknown	github.com/system-inc/adamic/stage1/cohere/json	TestPortMatchesGoCohere_2511
unknown	github.com/system-inc/adamic/stage1/cohere/json	TestPortMatchesGoCohere_2567
unknown	github.com/system-inc/adamic/stage1/cohere/json	TestPortMatchesGoCohere_2391
unknown	github.com/system-inc/adamic/stage1/cohere/json	TestPortMatchesGoCohere_2566
unknown	github.com/system-inc/adamic/stage1/cohere/json	TestPortMatchesGoCohere_2565
unknown	github.com/system-inc/adamic/stage1/cohere/json	TestPortMatchesGoCohere_2508
unknown	github.com/system-inc/adamic/stage1/cohere/json	TestPortMatchesGoCohere_2507
unknown	github.com/system-inc/adamic/stage1/cohere/json	TestPortMatchesGoCohere_2564
unknown	github.com/system-inc/adamic/stage1/cohere/json	TestPortMatchesGoCohere_2390
unknown	github.com/system-inc/adamic/stage1/cohere/json	TestPortMatchesGoCohere_2389
unknown	github.com/system-inc/adamic/stage1/cohere/json	TestPortMatchesGoCohere_2563
unknown	github.com/system-inc/adamic/stage1/cohere/json	TestPortMatchesGoCohere_2388
unknown	github.com/system-inc/adamic/stage1/cohere/json	TestPortMatchesGoCohere_2387
unknown	github.com/system-inc/adamic/stage1/cohere/json	TestPortMatchesGoCohere_2506
unknown	github.com/system-inc/adamic/stage1/cohere/json	TestPortMatchesGoCohere_2505
unknown	github.com/system-inc/adamic/stage1/cohere/json	TestPortMatchesGoCohere_2386
unknown	github.com/system-inc/adamic/stage1/cohere/json	TestPortMatchesGoCohere_2503
unknown	github.com/system-inc/adamic/stage1/cohere/json	TestPortMatchesGoCohere_2504
unknown	github.com/system-inc/adamic/stage1/cohere/json	TestPortMatchesGoCohere_2385
unknown	github.com/system-inc/adamic/stage1/cohere/json	TestPortMatchesGoCohere_2502
unknown	github.com/system-inc/adamic/stage1/cohere/json	TestPortMatchesGoCohere_2501
unknown	github.com/system-inc/adamic/stage1/cohere/json	TestPortMatchesGoCohere_2384
unknown	github.com/system-inc/adamic/stage1/cohere/json	TestPortMatchesGoCohere_2300
unknown	github.com/system-inc/adamic/stage1/cohere/json	TestPortMatchesGoCohere_2500
unknown	github.com/system-inc/adamic/stage1/cohere/json	TestPortMatchesGoCohere_2383
unknown	github.com/system-inc/adamic/stage1/cohere/json	TestPortMatchesGoCohere_2299
unknown	github.com/system-inc/adamic/stage1/cohere/json	TestPortMatchesGoCohere_2499
unknown	github.com/system-inc/adamic/stage1/cohere/json	TestPortMatchesGoCohere_2382
unknown	github.com/system-inc/adamic/stage1/cohere/json	TestPortMatchesGoCohere_2172
unknown	github.com/system-inc/adamic/stage1/cohere/json	TestPortMatchesGoCohere_2380
unknown	github.com/system-inc/adamic/stage1/cohere/json	TestPortMatchesGoCohere_2381
unknown	github.com/system-inc/adamic/stage1/cohere/json	TestPortMatchesGoCohere_2498
unknown	github.com/system-inc/adamic/stage1/cohere/json	TestPortMatchesGoCohere_2379
unknown	github.com/system-inc/adamic/stage1/cohere/json	TestPortMatchesGoCohere_2497
unknown	github.com/system-inc/adamic/stage1/cohere/json	TestPortMatchesGoCohere_2378
unknown	github.com/system-inc/adamic/stage1/cohere/json	TestPortMatchesGoCohere_2298
unknown	github.com/system-inc/adamic/stage1/cohere/json	TestPortMatchesGoCohere_2377
unknown	github.com/system-inc/adamic/stage1/cohere/json	TestPortMatchesGoCohere_2297
unknown	github.com/system-inc/adamic/stage1/cohere/json	TestPortMatchesGoCohere_2376
unknown	github.com/system-inc/adamic/stage1/cohere/json	TestPortMatchesGoCohere_2496
unknown	github.com/system-inc/adamic/stage1/cohere/json	TestPortMatchesGoCohere_2296
unknown	github.com/system-inc/adamic/stage1/cohere/json	TestPortMatchesGoCohere_2375
unknown	github.com/system-inc/adamic/stage1/cohere/json	TestPortMatchesGoCohere_2295
unknown	github.com/system-inc/adamic/stage1/cohere/json	TestPortMatchesGoCohere_2495
unknown	github.com/system-inc/adamic/stage1/cohere/json	TestPortMatchesGoCohere_2294
unknown	github.com/system-inc/adamic/stage1/cohere/json	TestPortMatchesGoCohere_2494
unknown	github.com/system-inc/adamic/stage1/cohere/json	TestPortMatchesGoCohere_2373
unknown	github.com/system-inc/adamic/stage1/cohere/json	TestPortMatchesGoCohere_2372
unknown	github.com/system-inc/adamic/stage1/cohere/json	TestPortMatchesGoCohere_2493
unknown	github.com/system-inc/adamic/stage1/cohere/json	TestPortMatchesGoCohere_2374
unknown	github.com/system-inc/adamic/stage1/cohere/json	TestPortMatchesGoCohere_2293
unknown	github.com/system-inc/adamic/stage1/cohere/json	TestPortMatchesGoCohere_2491
unknown	github.com/system-inc/adamic/stage1/cohere/json	TestPortMatchesGoCohere_2371
unknown	github.com/system-inc/adamic/stage1/cohere/json	TestPortMatchesGoCohere_2292
unknown	github.com/system-inc/adamic/stage1/cohere/json	TestPortMatchesGoCohere_2490
unknown	github.com/system-inc/adamic/stage1/cohere/json	TestPortMatchesGoCohere_2370
unknown	github.com/system-inc/adamic/stage1/cohere/json	TestPortMatchesGoCohere_2291
unknown	github.com/system-inc/adamic/stage1/cohere/json	TestPortMatchesGoCohere_2171
unknown	github.com/system-inc/adamic/stage1/cohere/json	TestPortMatchesGoCohere_2369
unknown	github.com/system-inc/adamic/stage1/cohere/json	TestPortMatchesGoCohere_2290
unknown	github.com/system-inc/adamic/stage1/cohere/json	TestPortMatchesGoCohere_2489
unknown	github.com/system-inc/adamic/stage1/cohere/json	TestPortMatchesGoCohere_2367
unknown	github.com/system-inc/adamic/stage1/cohere/json	TestPortMatchesGoCohere_2368
unknown	github.com/system-inc/adamic/stage1/cohere/json	TestPortMatchesGoCohere_2488
unknown	github.com/system-inc/adamic/stage1/cohere/json	TestPortMatchesGoCohere_2487
unknown	github.com/system-inc/adamic/stage1/cohere/json	TestPortMatchesGoCohere_2289
unknown	github.com/system-inc/adamic/stage1/cohere/json	TestPortMatchesGoCohere_2486
unknown	github.com/system-inc/adamic/stage1/cohere/json	TestPortMatchesGoCohere_2288
unknown	github.com/system-inc/adamic/stage1/cohere/json	TestPortMatchesGoCohere_2485
unknown	github.com/system-inc/adamic/stage1/cohere/json	TestPortMatchesGoCohere_2484
unknown	github.com/system-inc/adamic/stage1/cohere/json	TestPortMatchesGoCohere_2366
unknown	github.com/system-inc/adamic/stage1/cohere/json	TestPortMatchesGoCohere_2483
unknown	github.com/system-inc/adamic/stage1/cohere/json	TestPortMatchesGoCohere_2287
unknown	github.com/system-inc/adamic/stage1/cohere/json	TestPortMatchesGoCohere_2365
unknown	github.com/system-inc/adamic/stage1/cohere/json	TestPortMatchesGoCohere_2482
unknown	github.com/system-inc/adamic/stage1/cohere/json	TestPortMatchesGoCohere_2492
unknown	github.com/system-inc/adamic/stage1/cohere/json	TestPortMatchesGoCohere_2364
unknown	github.com/system-inc/adamic/stage1/cohere/json	TestPortMatchesGoCohere_2363
unknown	github.com/system-inc/adamic/stage1/cohere/json	TestPortMatchesGoCohere_2479
unknown	github.com/system-inc/adamic/stage1/cohere/json	TestPortMatchesGoCohere_2478
unknown	github.com/system-inc/adamic/stage1/cohere/json	TestPortMatchesGoCohere_2477
unknown	github.com/system-inc/adamic/stage1/cohere/json	TestPortMatchesGoCohere_2476
unknown	github.com/system-inc/adamic/stage1/cohere/json	TestPortMatchesGoCohere_2475
unknown	github.com/system-inc/adamic/stage1/cohere/json	TestPortMatchesGoCohere_2480
unknown	github.com/system-inc/adamic/stage1/cohere/json	TestPortMatchesGoCohere_2481
unknown	github.com/system-inc/adamic/stage1/cohere/json	TestPortMatchesGoCohere_2474
unknown	github.com/system-inc/adamic/stage1/cohere/json	TestPortMatchesGoCohere_2472
unknown	github.com/system-inc/adamic/stage1/cohere/json	TestPortMatchesGoCohere_2473
unknown	github.com/system-inc/adamic/stage1/cohere/json	TestPortMatchesGoCohere_2471
unknown	github.com/system-inc/adamic/stage1/cohere/json	TestPortMatchesGoCohere_2470
unknown	github.com/system-inc/adamic/stage1/cohere/json	TestPortMatchesGoCohere_2469
unknown	github.com/system-inc/adamic/stage1/cohere/json	TestPortMatchesGoCohere_2468
unknown	github.com/system-inc/adamic/stage1/cohere/json	TestPortMatchesGoCohere_2466
unknown	github.com/system-inc/adamic/stage1/cohere/json	TestPortMatchesGoCohere_2465
unknown	github.com/system-inc/adamic/stage1/cohere/json	TestPortMatchesGoCohere_2467
unknown	github.com/system-inc/adamic/stage1/cohere/json	TestPortMatchesGoCohere_2464
unknown	github.com/system-inc/adamic/stage1/cohere/json	TestPortMatchesGoCohere_2463
unknown	github.com/system-inc/adamic/stage1/cohere/json	TestPortMatchesGoCohere_2462
unknown	github.com/system-inc/adamic/stage1/cohere/json	TestPortMatchesGoCohere_2461
unknown	github.com/system-inc/adamic/stage1/cohere/json	TestPortMatchesGoCohere_2460
unknown	github.com/system-inc/adamic/stage1/cohere/json	TestPortMatchesGoCohere_2459
unknown	github.com/system-inc/adamic/stage1/cohere/json	TestPortMatchesGoCohere_2457
unknown	github.com/system-inc/adamic/stage1/cohere/json	TestPortMatchesGoCohere_2456
unknown	github.com/system-inc/adamic/stage1/cohere/json	TestPortMatchesGoCohere_2452
unknown	github.com/system-inc/adamic/stage1/cohere/json	TestPortMatchesGoCohere_2454
unknown	github.com/system-inc/adamic/stage1/cohere/json	TestPortMatchesGoCohere_2455
unknown	github.com/system-inc/adamic/stage1/cohere/json	TestPortMatchesGoCohere_2458
unknown	github.com/system-inc/adamic/stage1/cohere/json	TestPortMatchesGoCohere_2453
unknown	github.com/system-inc/adamic/stage1/cohere/json	TestPortMatchesGoCohere_2451
unknown	github.com/system-inc/adamic/stage1/cohere/json	TestPortMatchesGoCohere_2450
unknown	github.com/system-inc/adamic/stage1/cohere/json	TestPortMatchesGoCohere_2362
unknown	github.com/system-inc/adamic/stage1/cohere/json	TestPortMatchesGoCohere_2448
unknown	github.com/system-inc/adamic/stage1/cohere/json	TestPortMatchesGoCohere_2449
unknown	github.com/system-inc/adamic/stage1/cohere/json	TestPortMatchesGoCohere_2447
unknown	github.com/system-inc/adamic/stage1/cohere/json	TestPortMatchesGoCohere_2361
unknown	github.com/system-inc/adamic/stage1/cohere/json	TestPortMatchesGoCohere_2445
unknown	github.com/system-inc/adamic/stage1/cohere/json	TestPortMatchesGoCohere_2446
unknown	github.com/system-inc/adamic/stage1/cohere/json	TestPortMatchesGoCohere_2444
unknown	github.com/system-inc/adamic/stage1/cohere/json	TestPortMatchesGoCohere_2359
unknown	github.com/system-inc/adamic/stage1/cohere/json	TestPortMatchesGoCohere_2443
unknown	github.com/system-inc/adamic/stage1/cohere/json	TestPortMatchesGoCohere_2442
unknown	github.com/system-inc/adamic/stage1/cohere/json	TestPortMatchesGoCohere_2360
unknown	github.com/system-inc/adamic/stage1/cohere/json	TestPortMatchesGoCohere_2358
unknown	github.com/system-inc/adamic/stage1/cohere/json	TestPortMatchesGoCohere_2441
unknown	github.com/system-inc/adamic/stage1/cohere/json	TestPortMatchesGoCohere_2357
unknown	github.com/system-inc/adamic/stage1/cohere/json	TestPortMatchesGoCohere_2440
unknown	github.com/system-inc/adamic/stage1/cohere/json	TestPortMatchesGoCohere_2356
unknown	github.com/system-inc/adamic/stage1/cohere/json	TestPortMatchesGoCohere_2355
unknown	github.com/system-inc/adamic/stage1/cohere/json	TestPortMatchesGoCohere_2439
unknown	github.com/system-inc/adamic/stage1/cohere/json	TestPortMatchesGoCohere_2354
unknown	github.com/system-inc/adamic/stage1/cohere/json	TestPortMatchesGoCohere_2438
unknown	github.com/system-inc/adamic/stage1/cohere/json	TestPortMatchesGoCohere_2169
unknown	github.com/system-inc/adamic/stage1/cohere/json	TestPortMatchesGoCohere_2353
unknown	github.com/system-inc/adamic/stage1/cohere/json	TestPortMatchesGoCohere_2170
unknown	github.com/system-inc/adamic/stage1/cohere/json	TestPortMatchesGoCohere_2437
unknown	github.com/system-inc/adamic/stage1/cohere/json	TestPortMatchesGoCohere_2436
unknown	github.com/system-inc/adamic/stage1/cohere/json	TestPortMatchesGoCohere_2286
unknown	github.com/system-inc/adamic/stage1/cohere/json	TestPortMatchesGoCohere_2352
unknown	github.com/system-inc/adamic/stage1/cohere/json	TestPortMatchesGoCohere_2435
unknown	github.com/system-inc/adamic/stage1/cohere/json	TestPortMatchesGoCohere_2285
unknown	github.com/system-inc/adamic/stage1/cohere/json	TestPortMatchesGoCohere_2351
unknown	github.com/system-inc/adamic/stage1/cohere/json	TestPortMatchesGoCohere_2434
unknown	github.com/system-inc/adamic/stage1/cohere/json	TestPortMatchesGoCohere_2284
unknown	github.com/system-inc/adamic/stage1/cohere/json	TestPortMatchesGoCohere_2350
unknown	github.com/system-inc/adamic/stage1/cohere/json	TestPortMatchesGoCohere_2349
unknown	github.com/system-inc/adamic/stage1/cohere/json	TestPortMatchesGoCohere_2283
unknown	github.com/system-inc/adamic/stage1/cohere/json	TestPortMatchesGoCohere_2348
unknown	github.com/system-inc/adamic/stage1/cohere/json	TestPortMatchesGoCohere_2282
unknown	github.com/system-inc/adamic/stage1/cohere/json	TestPortMatchesGoCohere_2433
unknown	github.com/system-inc/adamic/stage1/cohere/json	TestPortMatchesGoCohere_2432
unknown	github.com/system-inc/adamic/stage1/cohere/json	TestPortMatchesGoCohere_2281
unknown	github.com/system-inc/adamic/stage1/cohere/json	TestPortMatchesGoCohere_2347
unknown	github.com/system-inc/adamic/stage1/cohere/json	TestPortMatchesGoCohere_2346
unknown	github.com/system-inc/adamic/stage1/cohere/json	TestPortMatchesGoCohere_2280
unknown	github.com/system-inc/adamic/stage1/cohere/json	TestPortMatchesGoCohere_2345
unknown	github.com/system-inc/adamic/stage1/cohere/json	TestPortMatchesGoCohere_2279
unknown	github.com/system-inc/adamic/stage1/cohere/json	TestPortMatchesGoCohere_2278
unknown	github.com/system-inc/adamic/stage1/cohere/json	TestPortMatchesGoCohere_2344
unknown	github.com/system-inc/adamic/stage1/cohere/json	TestPortMatchesGoCohere_2168
unknown	github.com/system-inc/adamic/stage1/cohere/json	TestPortMatchesGoCohere_2343
unknown	github.com/system-inc/adamic/stage1/cohere/json	TestPortMatchesGoCohere_2167
unknown	github.com/system-inc/adamic/stage1/cohere/json	TestPortMatchesGoCohere_2342
unknown	github.com/system-inc/adamic/stage1/cohere/json	TestPortMatchesGoCohere_2277
unknown	github.com/system-inc/adamic/stage1/cohere/json	TestPortMatchesGoCohere_2341
unknown	github.com/system-inc/adamic/stage1/cohere/json	TestPortMatchesGoCohere_2276
unknown	github.com/system-inc/adamic/stage1/cohere/json	TestPortMatchesGoCohere_2166
unknown	github.com/system-inc/adamic/stage1/cohere/json	TestPortMatchesGoCohere_2340
unknown	github.com/system-inc/adamic/stage1/cohere/json	TestPortMatchesGoCohere_2339
unknown	github.com/system-inc/adamic/stage1/cohere/json	TestPortMatchesGoCohere_2164
unknown	github.com/system-inc/adamic/stage1/cohere/json	TestPortMatchesGoCohere_2275
unknown	github.com/system-inc/adamic/stage1/cohere/json	TestPortMatchesGoCohere_2165
unknown	github.com/system-inc/adamic/stage1/cohere/json	TestPortMatchesGoCohere_2163
unknown	github.com/system-inc/adamic/stage1/cohere/json	TestPortMatchesGoCohere_2274
unknown	github.com/system-inc/adamic/stage1/cohere/json	TestPortMatchesGoCohere_2162
unknown	github.com/system-inc/adamic/stage1/cohere/json	TestPortMatchesGoCohere_2273
unknown	github.com/system-inc/adamic/stage1/cohere/json	TestPortMatchesGoCohere_2338
unknown	github.com/system-inc/adamic/stage1/cohere/json	TestPortMatchesGoCohere_2161
unknown	github.com/system-inc/adamic/stage1/cohere/json	TestPortMatchesGoCohere_2272
unknown	github.com/system-inc/adamic/stage1/cohere/json	TestPortMatchesGoCohere_2336
unknown	github.com/system-inc/adamic/stage1/cohere/json	TestPortMatchesGoCohere_2337
unknown	github.com/system-inc/adamic/stage1/cohere/json	TestPortMatchesGoCohere_2158
unknown	github.com/system-inc/adamic/stage1/cohere/json	TestPortMatchesGoCohere_2271
unknown	github.com/system-inc/adamic/stage1/cohere/json	TestPortMatchesGoCohere_2335
unknown	github.com/system-inc/adamic/stage1/cohere/json	TestPortMatchesGoCohere_2334
unknown	github.com/system-inc/adamic/stage1/cohere/json	TestPortMatchesGoCohere_2159
unknown	github.com/system-inc/adamic/stage1/cohere/json	TestPortMatchesGoCohere_2270
unknown	github.com/system-inc/adamic/stage1/cohere/json	TestPortMatchesGoCohere_2157
unknown	github.com/system-inc/adamic/stage1/cohere/json	TestPortMatchesGoCohere_2155
unknown	github.com/system-inc/adamic/stage1/cohere/json	TestPortMatchesGoCohere_2156
unknown	github.com/system-inc/adamic/stage1/cohere/json	TestPortMatchesGoCohere_2333
unknown	github.com/system-inc/adamic/stage1/cohere/json	TestPortMatchesGoCohere_2269
unknown	github.com/system-inc/adamic/stage1/cohere/json	TestPortMatchesGoCohere_2268
unknown	github.com/system-inc/adamic/stage1/cohere/json	TestPortMatchesGoCohere_2331
unknown	github.com/system-inc/adamic/stage1/cohere/json	TestPortMatchesGoCohere_2153
unknown	github.com/system-inc/adamic/stage1/cohere/json	TestPortMatchesGoCohere_2330
unknown	github.com/system-inc/adamic/stage1/cohere/json	TestPortMatchesGoCohere_2154
unknown	github.com/system-inc/adamic/stage1/cohere/json	TestPortMatchesGoCohere_2152
unknown	github.com/system-inc/adamic/stage1/cohere/json	TestPortMatchesGoCohere_2267
unknown	github.com/system-inc/adamic/stage1/cohere/json	TestPortMatchesGoCohere_2329
unknown	github.com/system-inc/adamic/stage1/cohere/json	TestPortMatchesGoCohere_2151
unknown	github.com/system-inc/adamic/stage1/cohere/json	TestPortMatchesGoCohere_2328
unknown	github.com/system-inc/adamic/stage1/cohere/json	TestPortMatchesGoCohere_2160
unknown	github.com/system-inc/adamic/stage1/cohere/json	TestPortMatchesGoCohere_2266
unknown	github.com/system-inc/adamic/stage1/cohere/json	TestPortMatchesGoCohere_2327
unknown	github.com/system-inc/adamic/stage1/cohere/json	TestPortMatchesGoCohere_2149
unknown	github.com/system-inc/adamic/stage1/cohere/json	TestPortMatchesGoCohere_2150
unknown	github.com/system-inc/adamic/stage1/cohere/json	TestPortMatchesGoCohere_2136
unknown	github.com/system-inc/adamic/stage1/cohere/json	TestPortMatchesGoCohere_2148
unknown	github.com/system-inc/adamic/stage1/cohere/json	TestPortMatchesGoCohere_2326
unknown	github.com/system-inc/adamic/stage1/cohere/json	TestPortMatchesGoCohere_2264
unknown	github.com/system-inc/adamic/stage1/cohere/json	TestPortMatchesGoCohere_2325
unknown	github.com/system-inc/adamic/stage1/cohere/json	TestPortMatchesGoCohere_2147
unknown	github.com/system-inc/adamic/stage1/cohere/json	TestPortMatchesGoCohere_2263
unknown	github.com/system-inc/adamic/stage1/cohere/json	TestPortMatchesGoCohere_2146
unknown	github.com/system-inc/adamic/stage1/cohere/json	TestPortMatchesGoCohere_2332
unknown	github.com/system-inc/adamic/stage1/cohere/json	TestPortMatchesGoCohere_2324
unknown	github.com/system-inc/adamic/stage1/cohere/json	TestPortMatchesGoCohere_2262
unknown	github.com/system-inc/adamic/stage1/cohere/json	TestPortMatchesGoCohere_2145
unknown	github.com/system-inc/adamic/stage1/cohere/json	TestPortMatchesGoCohere_2261
unknown	github.com/system-inc/adamic/stage1/cohere/json	TestPortMatchesGoCohere_2323
unknown	github.com/system-inc/adamic/stage1/cohere/json	TestPortMatchesGoCohere_2260
unknown	github.com/system-inc/adamic/stage1/cohere/json	TestPortMatchesGoCohere_2322
unknown	github.com/system-inc/adamic/stage1/cohere/json	TestPortMatchesGoCohere_2144
unknown	github.com/system-inc/adamic/stage1/cohere/json	TestPortMatchesGoCohere_2259
unknown	github.com/system-inc/adamic/stage1/cohere/json	TestPortMatchesGoCohere_2321
unknown	github.com/system-inc/adamic/stage1/cohere/json	TestPortMatchesGoCohere_2142
unknown	github.com/system-inc/adamic/stage1/cohere/json	TestPortMatchesGoCohere_2143
unknown	github.com/system-inc/adamic/stage1/cohere/json	TestPortMatchesGoCohere_2258
unknown	github.com/system-inc/adamic/stage1/cohere/json	TestPortMatchesGoCohere_2320
unknown	github.com/system-inc/adamic/stage1/cohere/json	TestPortMatchesGoCohere_2319
unknown	github.com/system-inc/adamic/stage1/cohere/json	TestPortMatchesGoCohere_2141
unknown	github.com/system-inc/adamic/stage1/cohere/json	TestPortMatchesGoCohere_2257
unknown	github.com/system-inc/adamic/stage1/cohere/json	TestPortMatchesGoCohere_2140
unknown	github.com/system-inc/adamic/stage1/cohere/json	TestPortMatchesGoCohere_2139
unknown	github.com/system-inc/adamic/stage1/cohere/json	TestPortMatchesGoCohere_2256
unknown	github.com/system-inc/adamic/stage1/cohere/json	TestPortMatchesGoCohere_2318
unknown	github.com/system-inc/adamic/stage1/cohere/json	TestPortMatchesGoCohere_2317
unknown	github.com/system-inc/adamic/stage1/cohere/json	TestPortMatchesGoCohere_2138
unknown	github.com/system-inc/adamic/stage1/cohere/json	TestPortMatchesGoCohere_2316
unknown	github.com/system-inc/adamic/stage1/cohere/json	TestPortMatchesGoCohere_2137
unknown	github.com/system-inc/adamic/stage1/cohere/json	TestPortMatchesGoCohere_2254
unknown	github.com/system-inc/adamic/stage1/cohere/json	TestPortMatchesGoCohere_2253
unknown	github.com/system-inc/adamic/stage1/cohere/json	TestPortMatchesGoCohere_2315
unknown	github.com/system-inc/adamic/stage1/cohere/json	TestPortMatchesGoCohere_2135
unknown	github.com/system-inc/adamic/stage1/cohere/json	TestPortMatchesGoCohere_2134
unknown	github.com/system-inc/adamic/stage1/cohere/json	TestPortMatchesGoCohere_2255
unknown	github.com/system-inc/adamic/stage1/cohere/json	TestPortMatchesGoCohere_2251
unknown	github.com/system-inc/adamic/stage1/cohere/json	TestPortMatchesGoCohere_2314
unknown	github.com/system-inc/adamic/stage1/cohere/json	TestPortMatchesGoCohere_2252
unknown	github.com/system-inc/adamic/stage1/cohere/json	TestPortMatchesGoCohere_2133
unknown	github.com/system-inc/adamic/stage1/cohere/json	TestPortMatchesGoCohere_2250
unknown	github.com/system-inc/adamic/stage1/cohere/json	TestPortMatchesGoCohere_2249
unknown	github.com/system-inc/adamic/stage1/cohere/json	TestPortMatchesGoCohere_2313
unknown	github.com/system-inc/adamic/stage1/cohere/json	TestPortMatchesGoCohere_2248
unknown	github.com/system-inc/adamic/stage1/cohere/json	TestPortMatchesGoCohere_2312
unknown	github.com/system-inc/adamic/stage1/cohere/json	TestPortMatchesGoCohere_2311
unknown	github.com/system-inc/adamic/stage1/cohere/json	TestPortMatchesGoCohere_2132
unknown	github.com/system-inc/adamic/stage1/cohere/json	TestPortMatchesGoCohere_2130
unknown	github.com/system-inc/adamic/stage1/cohere/json	TestPortMatchesGoCohere_2131
unknown	github.com/system-inc/adamic/stage1/cohere/json	TestPortMatchesGoCohere_2247
unknown	github.com/system-inc/adamic/stage1/cohere/json	TestPortMatchesGoCohere_2129
unknown	github.com/system-inc/adamic/stage1/cohere/json	TestPortMatchesGoCohere_2310
unknown	github.com/system-inc/adamic/stage1/cohere/json	TestPortMatchesGoCohere_2128
unknown	github.com/system-inc/adamic/stage1/cohere/json	TestPortMatchesGoCohere_2246
unknown	github.com/system-inc/adamic/stage1/cohere/json	TestPortMatchesGoCohere_2127
unknown	github.com/system-inc/adamic/stage1/cohere/json	TestPortMatchesGoCohere_2309
unknown	github.com/system-inc/adamic/stage1/cohere/json	TestPortMatchesGoCohere_2244
unknown	github.com/system-inc/adamic/stage1/cohere/json	TestPortMatchesGoCohere_2245
unknown	github.com/system-inc/adamic/stage1/cohere/json	TestPortMatchesGoCohere_2308
unknown	github.com/system-inc/adamic/stage1/cohere/json	TestPortMatchesGoCohere_2126
unknown	github.com/system-inc/adamic/stage1/cohere/json	TestPortMatchesGoCohere_2243
unknown	github.com/system-inc/adamic/stage1/cohere/json	TestPortMatchesGoCohere_2307
unknown	github.com/system-inc/adamic/stage1/cohere/json	TestPortMatchesGoCohere_2125
unknown	github.com/system-inc/adamic/stage1/cohere/json	TestPortMatchesGoCohere_2306
unknown	github.com/system-inc/adamic/stage1/cohere/json	TestPortMatchesGoCohere_2124
unknown	github.com/system-inc/adamic/stage1/cohere/json	TestPortMatchesGoCohere_2123
unknown	github.com/system-inc/adamic/stage1/cohere/json	TestPortMatchesGoCohere_2305
unknown	github.com/system-inc/adamic/stage1/cohere/json	TestPortMatchesGoCohere_2242
unknown	github.com/system-inc/adamic/stage1/cohere/json	TestPortMatchesGoCohere_2304
unknown	github.com/system-inc/adamic/stage1/cohere/json	TestPortMatchesGoCohere_2303
unknown	github.com/system-inc/adamic/stage1/cohere/json	TestPortMatchesGoCohere_2241
unknown	github.com/system-inc/adamic/stage1/cohere/json	TestPortMatchesGoCohere_2240
unknown	github.com/system-inc/adamic/stage1/cohere/json	TestPortMatchesGoCohere_2239
unknown	github.com/system-inc/adamic/stage1/cohere/json	TestPortMatchesGoCohere_2122
unknown	github.com/system-inc/adamic/stage1/cohere/json	TestPortMatchesGoCohere_2238
unknown	github.com/system-inc/adamic/stage1/cohere/json	TestPortMatchesGoCohere_2301
unknown	github.com/system-inc/adamic/stage1/cohere/json	TestPortMatchesGoCohere_2302
unknown	github.com/system-inc/adamic/stage1/cohere/json	TestPortMatchesGoCohere_2237
unknown	github.com/system-inc/adamic/stage1/cohere/json	TestPortMatchesGoCohere_2120
unknown	github.com/system-inc/adamic/stage1/cohere/json	TestPortMatchesGoCohere_2236
unknown	github.com/system-inc/adamic/stage1/cohere/json	TestPortMatchesGoCohere_2119
unknown	github.com/system-inc/adamic/stage1/cohere/json	TestPortMatchesGoCohere_2121
unknown	github.com/system-inc/adamic/stage1/cohere/json	TestPortMatchesGoCohere_2235
unknown	github.com/system-inc/adamic/stage1/cohere/json	TestPortMatchesGoCohere_2234
unknown	github.com/system-inc/adamic/stage1/cohere/json	TestPortMatchesGoCohere_2118
unknown	github.com/system-inc/adamic/stage1/cohere/json	TestPortMatchesGoCohere_2232
unknown	github.com/system-inc/adamic/stage1/cohere/json	TestPortMatchesGoCohere_2117
unknown	github.com/system-inc/adamic/stage1/cohere/json	TestPortMatchesGoCohere_2233
unknown	github.com/system-inc/adamic/stage1/cohere/json	TestPortMatchesGoCohere_2116
unknown	github.com/system-inc/adamic/stage1/cohere/json	TestPortMatchesGoCohere_2231
unknown	github.com/system-inc/adamic/stage1/cohere/json	TestPortMatchesGoCohere_2230
unknown	github.com/system-inc/adamic/stage1/cohere/json	TestPortMatchesGoCohere_2115
unknown	github.com/system-inc/adamic/stage1/cohere/json	TestPortMatchesGoCohere_2229
unknown	github.com/system-inc/adamic/stage1/cohere/json	TestPortMatchesGoCohere_2114
unknown	github.com/system-inc/adamic/stage1/cohere/json	TestPortMatchesGoCohere_2228
unknown	github.com/system-inc/adamic/stage1/cohere/json	TestPortMatchesGoCohere_2113
unknown	github.com/system-inc/adamic/stage1/cohere/json	TestPortMatchesGoCohere_2227
unknown	github.com/system-inc/adamic/stage1/cohere/json	TestPortMatchesGoCohere_2112
unknown	github.com/system-inc/adamic/stage1/cohere/json	TestPortMatchesGoCohere_2111
unknown	github.com/system-inc/adamic/stage1/cohere/json	TestPortMatchesGoCohere_2110
unknown	github.com/system-inc/adamic/stage1/cohere/json	TestPortMatchesGoCohere_2226
unknown	github.com/system-inc/adamic/stage1/cohere/json	TestPortMatchesGoCohere_2225
unknown	github.com/system-inc/adamic/stage1/cohere/json	TestPortMatchesGoCohere_2224
unknown	github.com/system-inc/adamic/stage1/cohere/json	TestPortMatchesGoCohere_2109
unknown	github.com/system-inc/adamic/stage1/cohere/json	TestPortMatchesGoCohere_2223
unknown	github.com/system-inc/adamic/stage1/cohere/json	TestPortMatchesGoCohere_2108
unknown	github.com/system-inc/adamic/stage1/cohere/json	TestPortMatchesGoCohere_2222
unknown	github.com/system-inc/adamic/stage1/cohere/json	TestPortMatchesGoCohere_2107
unknown	github.com/system-inc/adamic/stage1/cohere/json	TestPortMatchesGoCohere_2221
unknown	github.com/system-inc/adamic/stage1/cohere/json	TestPortMatchesGoCohere_2106
unknown	github.com/system-inc/adamic/stage1/cohere/json	TestPortMatchesGoCohere_2105
unknown	github.com/system-inc/adamic/stage1/cohere/json	TestPortMatchesGoCohere_2104
unknown	github.com/system-inc/adamic/stage1/cohere/json	TestPortMatchesGoCohere_2103
unknown	github.com/system-inc/adamic/stage1/cohere/json	TestPortMatchesGoCohere_2102
unknown	github.com/system-inc/adamic/stage1/cohere/json	TestPortMatchesGoCohere_2101
unknown	github.com/system-inc/adamic/stage1/cohere/json	TestPortMatchesGoCohere_2100
unknown	github.com/system-inc/adamic/stage1/cohere/json	TestPortMatchesGoCohere_2099
unknown	github.com/system-inc/adamic/stage1/cohere/json	TestPortMatchesGoCohere_2098
unknown	github.com/system-inc/adamic/stage1/cohere/json	TestPortMatchesGoCohere_2097
unknown	github.com/system-inc/adamic/stage1/cohere/json	TestPortMatchesGoCohere_2096
unknown	github.com/system-inc/adamic/stage1/cohere/json	TestPortMatchesGoCohere_2095
unknown	github.com/system-inc/adamic/stage1/cohere/json	TestPortMatchesGoCohere_2094
unknown	github.com/system-inc/adamic/stage1/cohere/json	TestPortMatchesGoCohere_2093
unknown	github.com/system-inc/adamic/stage1/cohere/json	TestPortMatchesGoCohere_2092
unknown	github.com/system-inc/adamic/stage1/cohere/json	TestPortMatchesGoCohere_2090
unknown	github.com/system-inc/adamic/stage1/cohere/json	TestPortMatchesGoCohere_2089
unknown	github.com/system-inc/adamic/stage1/cohere/json	TestPortMatchesGoCohere_2091
unknown	github.com/system-inc/adamic/stage1/cohere/json	TestPortMatchesGoCohere_2088
unknown	github.com/system-inc/adamic/stage1/cohere/json	TestPortMatchesGoCohere_2087
unknown	github.com/system-inc/adamic/stage1/cohere/json	TestPortMatchesGoCohere_2086
unknown	github.com/system-inc/adamic/stage1/cohere/json	TestPortMatchesGoCohere_2085
unknown	github.com/system-inc/adamic/stage1/cohere/json	TestPortMatchesGoCohere_2084
unknown	github.com/system-inc/adamic/stage1/cohere/json	TestPortMatchesGoCohere_2083
unknown	github.com/system-inc/adamic/stage1/cohere/json	TestPortMatchesGoCohere_2082
unknown	github.com/system-inc/adamic/stage1/cohere/json	TestPortMatchesGoCohere_2081
unknown	github.com/system-inc/adamic/stage1/cohere/json	TestPortMatchesGoCohere_2080
unknown	github.com/system-inc/adamic/stage1/cohere/json	TestPortMatchesGoCohere_2079
unknown	github.com/system-inc/adamic/stage1/cohere/json	TestPortMatchesGoCohere_2078
unknown	github.com/system-inc/adamic/stage1/cohere/json	TestPortMatchesGoCohere_2077
unknown	github.com/system-inc/adamic/stage1/cohere/json	TestPortMatchesGoCohere_2220
unknown	github.com/system-inc/adamic/stage1/cohere/json	TestPortMatchesGoCohere_2219
unknown	github.com/system-inc/adamic/stage1/cohere/json	TestPortMatchesGoCohere_2218
unknown	github.com/system-inc/adamic/stage1/cohere/json	TestPortMatchesGoCohere_2217
unknown	github.com/system-inc/adamic/stage1/cohere/json	TestPortMatchesGoCohere_2076
unknown	github.com/system-inc/adamic/stage1/cohere/json	TestPortMatchesGoCohere_2075
unknown	github.com/system-inc/adamic/stage1/cohere/json	TestPortMatchesGoCohere_2216
unknown	github.com/system-inc/adamic/stage1/cohere/json	TestPortMatchesGoCohere_2074
unknown	github.com/system-inc/adamic/stage1/cohere/json	TestPortMatchesGoCohere_2215
unknown	github.com/system-inc/adamic/stage1/cohere/json	TestPortMatchesGoCohere_2073
unknown	github.com/system-inc/adamic/stage1/cohere/json	TestPortMatchesGoCohere_2072
unknown	github.com/system-inc/adamic/stage1/cohere/json	TestPortMatchesGoCohere_2214
unknown	github.com/system-inc/adamic/stage1/cohere/json	TestPortMatchesGoCohere_2071
unknown	github.com/system-inc/adamic/stage1/cohere/json	TestPortMatchesGoCohere_2213
unknown	github.com/system-inc/adamic/stage1/cohere/json	TestPortMatchesGoCohere_2212
unknown	github.com/system-inc/adamic/stage1/cohere/json	TestPortMatchesGoCohere_2069
unknown	github.com/system-inc/adamic/stage1/cohere/json	TestPortMatchesGoCohere_2211
unknown	github.com/system-inc/adamic/stage1/cohere/json	TestPortMatchesGoCohere_2070
unknown	github.com/system-inc/adamic/stage1/cohere/json	TestPortMatchesGoCohere_2210
unknown	github.com/system-inc/adamic/stage1/cohere/json	TestPortMatchesGoCohere_2068
unknown	github.com/system-inc/adamic/stage1/cohere/json	TestPortMatchesGoCohere_2066
unknown	github.com/system-inc/adamic/stage1/cohere/json	TestPortMatchesGoCohere_2209
unknown	github.com/system-inc/adamic/stage1/cohere/json	TestPortMatchesGoCohere_2208
unknown	github.com/system-inc/adamic/stage1/cohere/json	TestPortMatchesGoCohere_2065
unknown	github.com/system-inc/adamic/stage1/cohere/json	TestPortMatchesGoCohere_2067
unknown	github.com/system-inc/adamic/stage1/cohere/json	TestPortMatchesGoCohere_2207
unknown	github.com/system-inc/adamic/stage1/cohere/json	TestPortMatchesGoCohere_2064
unknown	github.com/system-inc/adamic/stage1/cohere/json	TestPortMatchesGoCohere_2063
unknown	github.com/system-inc/adamic/stage1/cohere/json	TestPortMatchesGoCohere_2206
unknown	github.com/system-inc/adamic/stage1/cohere/json	TestPortMatchesGoCohere_2062
unknown	github.com/system-inc/adamic/stage1/cohere/json	TestPortMatchesGoCohere_2061
unknown	github.com/system-inc/adamic/stage1/cohere/json	TestPortMatchesGoCohere_2205
unknown	github.com/system-inc/adamic/stage1/cohere/json	TestPortMatchesGoCohere_2060
unknown	github.com/system-inc/adamic/stage1/cohere/json	TestPortMatchesGoCohere_2204
unknown	github.com/system-inc/adamic/stage1/cohere/json	TestPortMatchesGoCohere_2058
unknown	github.com/system-inc/adamic/stage1/cohere/json	TestPortMatchesGoCohere_2203
unknown	github.com/system-inc/adamic/stage1/cohere/json	TestPortMatchesGoCohere_2202
unknown	github.com/system-inc/adamic/stage1/cohere/json	TestPortMatchesGoCohere_2059
unknown	github.com/system-inc/adamic/stage1/cohere/json	TestPortMatchesGoCohere_2057
unknown	github.com/system-inc/adamic/stage1/cohere/json	TestPortMatchesGoCohere_2201
unknown	github.com/system-inc/adamic/stage1/cohere/json	TestPortMatchesGoCohere_2056
unknown	github.com/system-inc/adamic/stage1/cohere/json	TestPortMatchesGoCohere_2200
unknown	github.com/system-inc/adamic/stage1/cohere/json	TestPortMatchesGoCohere_2199
unknown	github.com/system-inc/adamic/stage1/cohere/json	TestPortMatchesGoCohere_2055
unknown	github.com/system-inc/adamic/stage1/cohere/json	TestPortMatchesGoCohere_2054
unknown	github.com/system-inc/adamic/stage1/cohere/json	TestPortMatchesGoCohere_2053
unknown	github.com/system-inc/adamic/stage1/cohere/json	TestPortMatchesGoCohere_2052
unknown	github.com/system-inc/adamic/stage1/cohere/json	TestPortMatchesGoCohere_2051
unknown	github.com/system-inc/adamic/stage1/cohere/json	TestPortMatchesGoCohere_2050
unknown	github.com/system-inc/adamic/stage1/cohere/json	TestPortMatchesGoCohere_2198
unknown	github.com/system-inc/adamic/stage1/cohere/json	TestPortMatchesGoCohere_2049
unknown	github.com/system-inc/adamic/stage1/cohere/json	TestPortMatchesGoCohere_2048
unknown	github.com/system-inc/adamic/stage1/cohere/json	TestPortMatchesGoCohere_2197
unknown	github.com/system-inc/adamic/stage1/cohere/json	TestPortMatchesGoCohere_2196
unknown	github.com/system-inc/adamic/stage1/cohere/json	TestPortMatchesGoCohere_2195
unknown	github.com/system-inc/adamic/stage1/cohere/json	TestPortMatchesGoCohere_2194
unknown	github.com/system-inc/adamic/stage1/cohere/json	TestPortMatchesGoCohere_2193
unknown	github.com/system-inc/adamic/stage1/cohere/json	TestPortMatchesGoCohere_2192
unknown	github.com/system-inc/adamic/stage1/cohere/json	TestPortMatchesGoCohere_2191
unknown	github.com/system-inc/adamic/stage1/cohere/json	TestPortMatchesGoCohere_2190
unknown	github.com/system-inc/adamic/stage1/cohere/json	TestPortMatchesGoCohere_2189
unknown	github.com/system-inc/adamic/stage1/cohere/json	TestPortMatchesGoCohere_2188
unknown	github.com/system-inc/adamic/stage1/cohere/json	TestPortMatchesGoCohere_2187
unknown	github.com/system-inc/adamic/stage1/cohere/json	TestPortMatchesGoCohere_2186
unknown	github.com/system-inc/adamic/stage1/cohere/json	TestPortMatchesGoCohere_2185
unknown	github.com/system-inc/adamic/stage1/cohere/json	TestPortMatchesGoCohere_2184
unknown	github.com/system-inc/adamic/stage1/cohere/json	TestPortMatchesGoCohere_2183
unknown	github.com/system-inc/adamic/stage1/cohere/json	TestPortMatchesGoCohere_2182
unknown	github.com/system-inc/adamic/stage1/cohere/json	TestPortMatchesGoCohere_2181
unknown	github.com/system-inc/adamic/stage1/cohere/json	TestPortMatchesGoCohere_2180
unknown	github.com/system-inc/adamic/stage1/cohere/json	TestPortMatchesGoCohere_2179
unknown	github.com/system-inc/adamic/stage1/cohere/json	TestPortMatchesGoCohere_2178
unknown	github.com/system-inc/adamic/stage1/cohere/json	TestPortMatchesGoCohere_2177
unknown	github.com/system-inc/adamic/stage1/cohere/json	TestPortMatchesGoCohere_2176
unknown	github.com/system-inc/adamic/stage1/cohere/json	TestPortMatchesGoCohere_2175
unknown	github.com/system-inc/adamic/stage1/cohere/json	TestPortMatchesGoCohere_2174
unknown	github.com/system-inc/adamic/stage1/cohere/json	TestPortMatchesGoCohere_2173
skips=6235 required-input=0 unknown=6200 pending=1
gate skipped 0 required-input tests; 6200 unclassified skips; 0 pending skips past or unsure of their reason
exit status 1
