time,lane,running,floor,queued,brief,session,outcome
2026-10-08T17:07:43.896557Z,compiler,13,30,0,,,queue_empty
2026-10-08T17:10:28.473334Z,cohere_adamic,23,30,0,,,queue_empty
2026-10-08T17:10:49.733010Z,typescript,7,10,8,10-step24-factories.md,01a113c5-c74b-715b-99b9-aa23ec2c8039,sent
2026-10-08T17:11:03.141126Z,typescript,8,10,7,11-step24-speculation.md,01a113e0-865b-7362-8f3a-3f200cf1b00c,sent
2026-10-08T17:11:13.848117Z,typescript,9,10,6,12-step10-fixtures.md,01a113e0-a860-71b5-a8c0-e869b10ac005,sent
2026-10-08T17:11:44.930314Z,runtime,4,8,1,02-step37-task-proof-classes.md,01a11421-0e64-75c9-91af-0619dc808029,sent
2026-10-08T17:11:57.205417Z,runtime,5,8,0,,,queue_empty
2026-10-08T17:12:11.156903Z,library,12,8,2,,,floor_met
2026-10-08T17:12:39.780125Z,developer_tools,2,4,2,010-boundedrun.md,01a11436-8fb9-7512-a9cc-1c58aabf100e,sent
2026-10-08T17:12:49.866060Z,developer_tools,3,4,1,020-refusalprobe.md,01a11436-aecb-7090-84c0-8b06e8a5201c,sent
2026-10-08T17:13:34.434076Z,compiler,12,30,15,10-hidden-01-overload-parameter.md,01a113e2-01c9-72f0-b65a-92ecfa072027,sent
2026-10-08T17:13:46.956616Z,compiler,13,30,14,10-hidden-02-any-return.md,01a113e3-3295-72cb-94c5-4b7eb4a2502d,sent
2026-10-08T17:13:57.744720Z,compiler,14,30,13,10-hidden-04-generic-optional-array.md,01a113e7-bfed-7238-9abe-b2c07dfe7008,sent
2026-10-08T17:13:57.748844Z,compiler,15,30,12,,,pass_cap
2026-10-08T17:15:09.966270Z,cohere_adamic,19,30,0,,,queue_empty
2026-10-08T17:15:25.838203Z,typescript,9,10,5,13-step09-casts.md,01a113e0-cb9f-7772-b63e-eac00e9d8011,sent
2026-10-08T17:15:37.338586Z,runtime,4,8,0,,,queue_empty
2026-10-08T17:15:41.876469Z,library,8,8,6,,,floor_met
2026-10-08T17:16:00.823120Z,developer_tools,5,4,0,,,floor_met
2026-10-08T17:18:37.270848Z,compiler,13,30,12,10-hidden-05-optional-node-callback.md,01a113e7-e19c-70f1-b07f-2330ae649014,sent
2026-10-08T17:18:46.955931Z,compiler,14,30,11,10-hidden-06-generic-tnode.md,01a11411-6925-74c0-97ba-5a2836530026,sent
2026-10-08T17:18:58.304311Z,compiler,15,30,10,10-hidden-08-never-array.md,01a1143b-f5d4-7771-a89d-5a351a636022,sent
2026-10-08T17:18:58.309059Z,compiler,16,30,9,,,pass_cap
2026-10-08T17:21:13.183187Z,cohere_adamic,22,30,56,000-no-empty-function.txt,01a113d9-fee9-76fd-be54-4b36c0966024,sent
2026-10-08T17:21:24.786818Z,cohere_adamic,23,30,55,001-no-extra-boolean-cast.txt,01a11207-1191-70a8-a5c4-a696dba7701b,sent
2026-10-08T17:21:36.479854Z,cohere_adamic,24,30,54,002-object-shorthand.txt,01a11206-c5cd-7311-89d7-77a3c2a2703c,sent
2026-10-08T17:21:36.484850Z,cohere_adamic,25,30,53,,,pass_cap
2026-10-08T17:21:57.982429Z,typescript,9,10,10,14-step24-nodearray.md,01a1140c-e8a3-7199-95a7-5b2f00153022,sent
2026-10-08T17:22:21.343053Z,runtime,4,8,2,03-step22-prototype-links.md,01a11431-4432-7421-9353-50c70c0d8039,sent
2026-10-08T17:22:38.585919Z,runtime,5,8,1,04-step22-to-primitive.md,01a11477-b1e8-7134-8ed7-8360ef421013,sent
2026-10-08T17:22:43.339857Z,runtime,6,8,0,,,queue_empty
2026-10-08T17:22:51.694938Z,library,9,8,5,,,floor_met
2026-10-08T17:23:47.185015Z,developer_tools,5,4,0,,,floor_met
2026-10-08T17:24:36.592574Z,compiler,15,30,9,10-hidden-11-derived-binding.md,01a1143c-ef29-722d-bf77-1c0b8d9fc01c,sent
2026-10-08T17:24:54.324275Z,compiler,16,30,8,10-hidden-12-name-binding.md,01a11499-0fd0-72e8-b91b-d9b29f31602f,sent
2026-10-08T17:25:11.191795Z,compiler,17,30,7,10-hidden-13-block-overload-result.md,01a1149c-2acc-7712-9fe2-ecf2b8a0d00f,sent
2026-10-08T17:25:11.197221Z,compiler,18,30,6,,,pass_cap
2026-10-08T17:27:43.357784Z,cohere_adamic,23,30,53,003-no-invalid-this.txt,01a11245-147c-746f-9c3e-ed9135b5701c,sent
2026-10-08T17:27:51.843335Z,cohere_adamic,24,30,52,004-react-no-typos.txt,01a113c3-ca33-7798-8882-18ae321fd019,sent
2026-10-08T17:28:01.262479Z,cohere_adamic,25,30,51,005-typescript-eslint-consistent-type-assertions.txt,01a113c3-c8af-714c-ac71-a0b16c5aa036,sent
2026-10-08T17:28:01.266713Z,cohere_adamic,26,30,50,,,pass_cap
2026-10-08T17:28:12.507783Z,typescript,9,10,9,15-step12-wiring.md,01a1140d-0d0c-731b-8259-304d5ae3f017,sent
2026-10-08T17:28:25.926788Z,runtime,6,8,1,05-step37-join-handoff.md,01a114b9-e536-71f7-b16c-06767db92000,sent
2026-10-08T17:28:26.243241Z,runtime,7,8,0,,,queue_empty
2026-10-08T17:28:28.308781Z,library,9,8,4,,,floor_met
2026-10-08T17:28:36.840422Z,developer_tools,3,4,0,,,queue_empty
2026-10-08T17:29:22.897723Z,compiler,18,30,6,10-hidden-14-evaluator-overload-result.md,01a114b3-b09c-7192-a9f2-00d56b7a803c,sent
2026-10-08T17:29:31.789115Z,compiler,19,30,5,10-hidden-15-old-source-files.md,01a114d8-4d99-744c-9a22-ffcec30f2008,sent
2026-10-08T17:29:39.570607Z,compiler,20,30,4,15-overload-results.md,01a11518-9272-7587-b63e-db887c74f008,sent
2026-10-08T17:29:39.572610Z,compiler,21,30,3,,,pass_cap
2026-10-08T17:30:31.714062Z,cohere_adamic,24,30,50,006-complexity.txt,01a113c3-cac1-7532-8794-8b1729f0500c,sent
2026-10-08T17:30:44.906668Z,cohere_adamic,25,30,49,007-react-jsx-key.txt,01a113eb-59d8-71b1-9b47-33d42ab8d035,sent
2026-10-08T17:30:54.468436Z,cohere_adamic,26,30,48,008-react-no-unused-class-component-methods.txt,01a113fc-ee8f-7658-9271-ddc2a1a4c00a,sent
2026-10-08T17:30:54.475546Z,cohere_adamic,27,30,47,,,pass_cap
2026-10-08T17:30:58.277106Z,typescript,10,10,8,,,floor_met
2026-10-08T17:31:02.403594Z,runtime,6,8,0,,,queue_empty
2026-10-08T17:31:14.161699Z,library,7,8,4,05-scout19-slice2.md,01a113e7-3335-7276-9fd3-5f42ad59d01b,sent
2026-10-08T17:31:24.392561Z,developer_tools,3,4,0,,,queue_empty
2026-10-08T17:34:36.536885Z,compiler,24,30,6,15-assignment-proofs.md,01a11552-94c9-726a-9e20-02c59e7fb014,sent
2026-10-08T17:34:49.760657Z,compiler,25,30,5,16-maplike-records.md,01a11589-d7be-7623-a9ad-c44a000ea037,sent
2026-10-08T17:35:02.664290Z,compiler,26,30,4,16-object-semantics.md,01a115a4-4722-72d0-89a2-115e0d60e010,sent
2026-10-08T17:35:02.668290Z,compiler,27,30,3,,,pass_cap
2026-10-08T17:37:26.131786Z,cohere_adamic,28,30,47,009-react-no-children-prop.txt,01a11206-c5cd-7311-89d7-77a3c2a2703c,sent
2026-10-08T17:37:39.731035Z,cohere_adamic,29,30,46,010-no-fallthrough.txt,01a11415-478e-77e3-bcbd-f89910937010,sent
2026-10-08T17:37:58.372526Z,typescript,7,10,8,16-step24-region.md,01a113e0-865b-7362-8f3a-3f200cf1b00c,sent
2026-10-08T17:38:08.379204Z,typescript,8,10,7,17-step09-public-any.md,01a1140d-0d0c-731b-8259-304d5ae3f017,sent
2026-10-08T17:38:22.744620Z,typescript,9,10,6,20-step12-typed-arrays.md,01a1140d-2d02-752e-9fbf-0a3827712012,sent
2026-10-08T17:38:30.889253Z,runtime,6,8,0,,,queue_empty
2026-10-08T17:38:35.860825Z,library,8,8,5,,,floor_met
2026-10-08T17:38:52.540647Z,developer_tools,4,4,0,,,floor_met
2026-10-08T17:39:26.830433Z,compiler,28,30,3,20-entries-provenance.md,01a115f5-a07d-7259-aee5-8177aa05c001,sent
2026-10-08T17:39:38.641460Z,compiler,29,30,2,20-lane5-code.md,01a115f7-d88a-77a6-8b23-d8a715083032,sent
2026-10-08T17:41:08.979488Z,cohere_adamic,27,30,45,011-react-no-arrow-function-lifecycle.txt,01a11207-1191-70a8-a5c4-a696dba7701b,sent
2026-10-08T17:41:18.072365Z,cohere_adamic,28,30,44,012-react-no-this-in-sfc.txt,01a1142d-360b-75f3-931c-e2d6b513a038,sent
2026-10-08T17:41:27.312665Z,cohere_adamic,29,30,43,013-react-self-closing-comp.txt,01a1143a-d213-743d-b0ce-2a44f218103b,sent
2026-10-08T17:41:41.564316Z,typescript,9,10,5,21-step12-generics-names.md,01a113e0-a860-71b5-a8c0-e869b10ac005,sent
2026-10-08T17:41:47.982492Z,runtime,6,8,0,,,queue_empty
2026-10-08T17:41:52.574607Z,library,8,8,4,,,floor_met
2026-10-08T17:42:09.611067Z,developer_tools,4,4,0,,,floor_met
2026-10-08T17:44:21.987254Z,compiler,26,30,1,20-parser-rulings.md,01a113e2-01c9-72f0-b65a-92ecfa072027,sent
2026-10-08T17:44:23.010379Z,compiler,27,30,0,,,queue_empty
2026-10-08T17:45:14.219102Z,cohere_adamic,30,30,42,,,floor_met
2026-10-08T17:45:26.868427Z,typescript,9,10,10,22-step24-checker-stops.md,01a113c5-c74b-715b-99b9-aa23ec2c8039,sent
2026-10-08T17:45:31.438920Z,runtime,6,8,0,,,queue_empty
2026-10-08T17:45:34.918594Z,library,12,8,2,,,floor_met
2026-10-08T17:45:47.260959Z,developer_tools,4,4,0,,,floor_met
2026-10-08T17:49:30.580551Z,compiler,26,30,3,20-scout-unions.md,01a113e7-e19c-70f1-b07f-2330ae649014,sent
2026-10-08T17:49:40.887545Z,compiler,27,30,2,21-hidden-wave-2.md,01a11499-0fd0-72e8-b91b-d9b29f31602f,sent
2026-10-08T17:49:49.274048Z,compiler,28,30,1,22-lane5-certify-d.md,01a1149c-2acc-7712-9fe2-ecf2b8a0d00f,sent
2026-10-08T17:49:49.746486Z,compiler,29,30,0,,,queue_empty
2026-10-08T17:50:44.836974Z,cohere_adamic,29,30,42,014-react-prefer-stateless-function.txt,01a11206-c5cd-7311-89d7-77a3c2a2703c,sent
2026-10-08T17:50:50.226235Z,typescript,10,10,9,,,floor_met
2026-10-08T17:50:55.239024Z,runtime,6,8,0,,,queue_empty
2026-10-08T17:50:57.751012Z,library,12,8,4,,,floor_met
2026-10-08T17:51:07.342704Z,developer_tools,3,4,0,,,queue_empty
2026-10-08T17:54:22.895271Z,compiler,26,30,1,30-lane5-certify-c.md,01a113e3-3295-72cb-94c5-4b7eb4a2502d,sent
2026-10-08T17:54:24.473461Z,compiler,27,30,0,,,queue_empty
2026-10-08T17:55:22.032947Z,cohere_adamic,29,30,41,015-react-require-render-return.txt,01a113c3-c8af-714c-ac71-a0b16c5aa036,sent
2026-10-08T17:55:32.489853Z,typescript,9,10,9,23-step09-nonnull.md,01a113e0-cb9f-7772-b63e-eac00e9d8011,sent
2026-10-08T17:55:37.166733Z,runtime,4,8,0,,,queue_empty
2026-10-08T17:55:39.469109Z,library,12,8,3,,,floor_met
2026-10-08T17:55:47.916700Z,developer_tools,2,4,0,,,queue_empty
2026-10-08T17:59:20.166251Z,compiler,24,30,3,25-refusal-rulings.md,01a113e3-3295-72cb-94c5-4b7eb4a2502d,sent
2026-10-08T17:59:30.963272Z,compiler,25,30,2,30-lane2-certify-b.md,01a11411-6925-74c0-97ba-5a2836530026,sent
2026-10-08T17:59:41.116260Z,compiler,26,30,1,31-optional-indexing.md,01a1143c-ef29-722d-bf77-1c0b8d9fc01c,sent
2026-10-08T17:59:41.391867Z,compiler,27,30,0,,,queue_empty
2026-10-08T18:00:28.091755Z,cohere_adamic,24,30,40,016-structure-consistency-require-matching-file-name.txt,01a11245-147c-746f-9c3e-ed9135b5701c,sent
2026-10-08T18:00:37.808454Z,cohere_adamic,25,30,39,017-no-cond-assign.txt,01a1144d-ab53-71e0-912c-5274eee8202b,sent
2026-10-08T18:00:47.114635Z,cohere_adamic,26,30,38,018-react-void-dom-elements-no-children.txt,01a1144d-ce53-73e2-afac-5cc08168e02d,sent
2026-10-08T18:00:47.119323Z,cohere_adamic,27,30,37,,,pass_cap
2026-10-08T18:00:59.405139Z,typescript,8,10,8,24-step34-differential.md,01a113e0-a860-71b5-a8c0-e869b10ac005,sent
2026-10-08T18:01:06.706131Z,typescript,9,10,7,25-step10-proven-sites.md,01a1140d-0d0c-731b-8259-304d5ae3f017,sent
2026-10-08T18:01:10.510110Z,runtime,2,8,0,,,queue_empty
2026-10-08T18:01:12.673029Z,library,13,8,3,,,floor_met
2026-10-08T18:01:20.977533Z,developer_tools,3,4,0,,,queue_empty
2026-10-08T18:04:27.039118Z,compiler,27,30,2,12-hidden-method-destructuring.md,01a11499-0fd0-72e8-b91b-d9b29f31602f,sent
2026-10-08T18:04:36.662511Z,compiler,28,30,1,26-checked-unknown-any.md,01a114b3-b09c-7192-a9f2-00d56b7a803c,sent
2026-10-08T18:04:42.861525Z,compiler,29,30,0,,,queue_empty
2026-10-08T18:06:47.871344Z,cohere_adamic,28,30,37,019-no-extra-bind.txt,01a11415-478e-77e3-bcbd-f89910937010,sent
2026-10-08T18:06:59.843994Z,cohere_adamic,29,30,36,020-react-no-will-update-set-state.txt,01a1146c-7e83-70e9-be44-96807603c032,sent
2026-10-08T18:07:17.006334Z,typescript,8,10,8,30-step31-binder-native.md,01a113c5-c74b-715b-99b9-aa23ec2c8039,sent
2026-10-08T18:07:25.250314Z,typescript,9,10,7,31-step32-entry-stops.md,01a113e0-865b-7362-8f3a-3f200cf1b00c,sent
2026-10-08T18:07:29.771879Z,runtime,2,8,0,,,queue_empty
2026-10-08T18:07:31.971151Z,library,12,8,1,,,floor_met
2026-10-08T18:07:39.868811Z,developer_tools,0,4,0,,,queue_empty
2026-10-08T18:09:14.196819Z,compiler,28,30,0,,,queue_empty
2026-10-08T18:09:58.569109Z,cohere_adamic,28,30,35,021-no-constant-condition.txt,01a11245-147c-746f-9c3e-ed9135b5701c,sent
2026-10-08T18:10:10.078300Z,cohere_adamic,29,30,34,022-react-no-did-update-set-state.txt,01a1146c-a149-7256-b4a2-6c0a611e6031,sent
2026-10-08T18:10:20.281577Z,typescript,9,10,6,32-step12-entries-fixtures.md,01a1140c-e8a3-7199-95a7-5b2f00153022,sent
2026-10-08T18:10:24.143304Z,runtime,1,8,0,,,queue_empty
2026-10-08T18:10:27.506556Z,library,13,8,0,,,floor_met
2026-10-08T18:10:37.151813Z,developer_tools,0,4,0,,,queue_empty
2026-10-08T18:14:18.224049Z,compiler,25,30,0,,,queue_empty
2026-10-08T18:16:16.030208Z,cohere_adamic,29,30,33,023-react-no-string-refs.txt,01a1146c-c6f1-726c-88f0-2af2fe6d5039,sent
2026-10-08T18:16:29.965228Z,typescript,9,10,5,33-step12-assign-fixtures.md,01a1140d-0d0c-731b-8259-304d5ae3f017,sent
2026-10-08T18:16:44.882701Z,runtime,1,8,1,06-reader-area-on-next.md,01a11421-0e64-75c9-91af-0619dc808029,sent
2026-10-08T18:16:45.129899Z,runtime,2,8,0,,,queue_empty
2026-10-08T18:16:47.436148Z,library,13,8,0,,,floor_met
2026-10-08T18:16:56.223103Z,developer_tools,0,4,0,,,queue_empty
2026-10-08T18:19:15.030769Z,compiler,22,30,0,,,queue_empty
2026-10-08T18:19:56.827866Z,cohere_adamic,29,30,32,024-react-no-did-mount-set-state.txt,01a113c3-cac1-7532-8794-8b1729f0500c,sent
2026-10-08T18:20:00.279110Z,typescript,10,10,10,,,floor_met
2026-10-08T18:20:11.172743Z,runtime,1,8,2,07-step06-stack-on-area-next.md,01a11431-4432-7421-9353-50c70c0d8039,sent
2026-10-08T18:20:20.942085Z,runtime,2,8,1,08-take-day-on-next-rehearsal.md,01a11477-b1e8-7134-8ed7-8360ef421013,sent
2026-10-08T18:20:21.194409Z,runtime,3,8,0,,,queue_empty
2026-10-08T18:20:23.116665Z,library,10,8,0,,,floor_met
2026-10-08T18:20:31.869631Z,developer_tools,1,4,0,,,queue_empty
2026-10-08T18:24:23.024554Z,compiler,21,30,1,14-regex-capture-types.md,01a113e2-01c9-72f0-b65a-92ecfa072027,sent
2026-10-08T18:24:23.318327Z,compiler,22,30,0,,,queue_empty
2026-10-08T18:25:04.962426Z,cohere_adamic,29,30,31,025-structure-react-component-no-separate-named-export.txt,01a1146c-a149-7256-b4a2-6c0a611e6031,sent
2026-10-08T18:25:14.546028Z,typescript,7,10,10,34-step24-on-candidate.md,01a1140d-0d0c-731b-8259-304d5ae3f017,sent
2026-10-08T18:25:24.411052Z,typescript,8,10,9,35-step09-double-casts.md,01a1140d-2d02-752e-9fbf-0a3827712012,sent
2026-10-08T18:25:31.823683Z,typescript,9,10,8,40-step09-adapt44.md,01a1140d-501e-74b5-ad50-62e558103015,sent
2026-10-08T18:25:41.528218Z,runtime,3,8,2,09-review-area-on-next.md,01a114b9-e536-71f7-b16c-06767db92000,sent
2026-10-08T18:25:51.836530Z,runtime,4,8,1,10-step37-shared-through-private.md,01a114e3-ebd8-77aa-bb81-06d2bc9aa03b,sent
2026-10-08T18:25:52.080257Z,runtime,5,8,0,,,queue_empty
2026-10-08T18:25:54.100311Z,library,9,8,0,,,floor_met
2026-10-08T18:26:02.054055Z,developer_tools,0,4,0,,,queue_empty
2026-10-08T18:29:17.593741Z,compiler,23,30,3,10-presence-on-views.md,01a113e7-bfed-7238-9abe-b2c07dfe7008,dispatch_uncertain
2026-10-08T18:29:25.916315Z,compiler,24,30,2,,,"gate_backpressure: 134 queued, 13 slots"
2026-10-08T18:29:27.884008Z,cohere_adamic,,30,30,,,fleet_unavailable: fleet live status unavailable
2026-10-08T18:29:31.529480Z,typescript,10,10,7,,,"gate_backpressure: 134 queued, 13 slots"
2026-10-08T18:29:35.975549Z,runtime,3,8,0,,,"gate_backpressure: 134 queued, 13 slots"
2026-10-08T18:29:37.943632Z,library,11,8,0,,,"gate_backpressure: 134 queued, 13 slots"
2026-10-08T18:29:46.855832Z,developer_tools,0,4,0,,,"gate_backpressure: 134 queued, 13 slots"
2026-10-08T18:34:24.592502Z,compiler,21,30,2,,,"gate_backpressure: 135 queued, 13 slots"
2026-10-08T18:35:21.823498Z,cohere_adamic,33,30,30,,,"gate_backpressure: 135 queued, 13 slots"
2026-10-08T18:35:25.678918Z,typescript,10,10,7,,,"gate_backpressure: 135 queued, 13 slots"
2026-10-08T18:35:29.240987Z,runtime,3,8,0,,,"gate_backpressure: 135 queued, 13 slots"
2026-10-08T18:35:31.443017Z,library,7,8,0,,,"gate_backpressure: 135 queued, 13 slots"
2026-10-08T18:35:39.738880Z,developer_tools,8,4,0,,,"gate_backpressure: 135 queued, 13 slots"
2026-10-08T18:39:24.513023Z,compiler,20,30,4,,,"gate_backpressure: 142 queued, 13 slots"
2026-10-08T18:39:57.665094Z,cohere_adamic,30,30,30,,,"gate_backpressure: 142 queued, 13 slots"
2026-10-08T18:40:01.736133Z,typescript,7,10,7,,,"gate_backpressure: 142 queued, 13 slots"
2026-10-08T18:40:05.656881Z,runtime,3,8,1,,,"gate_backpressure: 142 queued, 13 slots"
2026-10-08T18:40:07.904998Z,library,7,8,0,,,"gate_backpressure: 142 queued, 13 slots"
2026-10-08T18:40:16.186967Z,developer_tools,6,4,0,,,"gate_backpressure: 142 queued, 13 slots"
2026-10-08T18:44:24.219419Z,compiler,21,30,4,,,"gate_backpressure: 147 queued, 13 slots"
2026-10-08T18:44:58.149039Z,cohere_adamic,27,30,30,,,"gate_backpressure: 147 queued, 13 slots"
2026-10-08T18:45:02.202096Z,typescript,7,10,7,,,"gate_backpressure: 147 queued, 13 slots"
2026-10-08T18:45:06.061401Z,runtime,3,8,1,,,"gate_backpressure: 147 queued, 13 slots"
2026-10-08T18:45:07.903780Z,library,8,8,0,,,"gate_backpressure: 147 queued, 13 slots"
2026-10-08T18:45:16.237789Z,developer_tools,6,4,0,,,"gate_backpressure: 147 queued, 13 slots"
2026-10-08T18:49:25.385719Z,compiler,17,30,5,,,"gate_backpressure: 153 queued, 16 slots"
2026-10-08T18:49:58.861907Z,cohere_adamic,25,30,30,,,"gate_backpressure: 153 queued, 16 slots"
2026-10-08T18:50:02.094616Z,typescript,6,10,8,,,"gate_backpressure: 153 queued, 16 slots"
2026-10-08T18:50:05.547457Z,runtime,3,8,1,,,"gate_backpressure: 153 queued, 16 slots"
2026-10-08T18:50:07.449385Z,library,7,8,0,,,"gate_backpressure: 153 queued, 16 slots"
2026-10-08T18:50:15.538474Z,developer_tools,5,4,0,,,"gate_backpressure: 153 queued, 16 slots"
2026-10-08T18:54:50.356977Z,compiler,,30,5,,,fleet_unavailable: fleet live status unavailable
2026-10-08T18:55:23.890235Z,cohere_adamic,23,30,30,,,"gate_backpressure: 147 queued, 16 slots"
2026-10-08T18:55:27.555991Z,typescript,5,10,8,,,"gate_backpressure: 147 queued, 16 slots"
2026-10-08T18:55:31.299652Z,runtime,1,8,1,,,"gate_backpressure: 147 queued, 16 slots"
2026-10-08T18:55:33.524242Z,library,6,8,0,,,"gate_backpressure: 147 queued, 16 slots"
2026-10-08T18:55:42.484600Z,developer_tools,3,4,0,,,"gate_backpressure: 147 queued, 16 slots"
2026-10-08T18:59:25.144002Z,compiler,21,30,5,,,"gate_backpressure: 153 queued, 16 slots"
2026-10-08T19:00:00.204635Z,cohere_adamic,23,30,30,,,"gate_backpressure: 153 queued, 16 slots"
2026-10-08T19:00:03.786703Z,typescript,5,10,8,,,"gate_backpressure: 153 queued, 16 slots"
2026-10-08T19:00:08.247653Z,runtime,1,8,1,,,"gate_backpressure: 153 queued, 16 slots"
2026-10-08T19:00:10.277468Z,library,4,8,0,,,"gate_backpressure: 153 queued, 16 slots"
2026-10-08T19:00:18.464984Z,developer_tools,1,4,0,,,"gate_backpressure: 153 queued, 16 slots"
2026-10-08T19:04:24.442959Z,compiler,19,30,5,,,"gate_backpressure: 162 queued, 16 slots"
2026-10-08T19:05:06.223474Z,cohere_adamic,20,30,30,,,"gate_backpressure: 162 queued, 16 slots"
2026-10-08T19:05:09.820372Z,typescript,3,10,8,,,"gate_backpressure: 162 queued, 16 slots"
2026-10-08T19:05:13.640818Z,runtime,1,8,1,,,"gate_backpressure: 162 queued, 16 slots"
2026-10-08T19:05:15.585847Z,library,4,8,0,,,"gate_backpressure: 162 queued, 16 slots"
2026-10-08T19:05:23.792278Z,developer_tools,0,4,0,,,"gate_backpressure: 162 queued, 16 slots"
2026-10-08T19:09:33.383295Z,compiler,16,30,5,,,"gate_backpressure: 153 queued, 15 slots"
2026-10-08T19:10:17.452681Z,cohere_adamic,18,30,30,,,"gate_backpressure: 153 queued, 15 slots"
2026-10-08T19:10:20.965649Z,typescript,3,10,8,,,"gate_backpressure: 153 queued, 15 slots"
2026-10-08T19:10:24.562970Z,runtime,1,8,1,,,"gate_backpressure: 153 queued, 15 slots"
2026-10-08T19:10:26.523094Z,library,5,8,0,,,"gate_backpressure: 153 queued, 15 slots"
2026-10-08T19:10:35.452903Z,developer_tools,0,4,0,,,"gate_backpressure: 153 queued, 15 slots"
2026-10-08T19:14:24.245163Z,compiler,16,30,5,,,"gate_backpressure: 84 queued, 15 slots"
2026-10-08T19:14:58.149545Z,cohere_adamic,13,30,30,,,"gate_backpressure: 84 queued, 15 slots"
2026-10-08T19:15:01.446466Z,typescript,4,10,8,,,"gate_backpressure: 84 queued, 15 slots"
2026-10-08T19:15:04.997459Z,runtime,1,8,1,,,"gate_backpressure: 84 queued, 15 slots"
2026-10-08T19:15:07.114522Z,library,4,8,0,,,"gate_backpressure: 84 queued, 15 slots"
2026-10-08T19:15:15.314703Z,developer_tools,1,4,0,,,"gate_backpressure: 84 queued, 15 slots"
2026-10-08T19:19:25.017693Z,compiler,16,30,5,,,"gate_backpressure: 88 queued, 15 slots"
2026-10-08T19:19:59.920124Z,cohere_adamic,14,30,30,,,"gate_backpressure: 88 queued, 15 slots"
2026-10-08T19:20:03.428450Z,typescript,2,10,8,,,"gate_backpressure: 88 queued, 15 slots"
2026-10-08T19:20:07.382085Z,runtime,1,8,1,,,"gate_backpressure: 88 queued, 15 slots"
2026-10-08T19:20:09.419838Z,library,2,8,0,,,"gate_backpressure: 88 queued, 15 slots"
2026-10-08T19:20:17.902965Z,developer_tools,1,4,0,,,"gate_backpressure: 88 queued, 15 slots"
2026-10-08T19:24:24.474302Z,compiler,14,30,5,,,"gate_backpressure: 88 queued, 15 slots"
2026-10-08T19:24:56.815255Z,cohere_adamic,12,30,30,,,"gate_backpressure: 88 queued, 15 slots"
2026-10-08T19:25:00.261446Z,typescript,2,10,8,,,"gate_backpressure: 88 queued, 15 slots"
2026-10-08T19:25:03.919341Z,runtime,1,8,1,,,"gate_backpressure: 88 queued, 15 slots"
2026-10-08T19:25:05.886027Z,library,2,8,0,,,"gate_backpressure: 88 queued, 15 slots"
2026-10-08T19:25:14.106633Z,developer_tools,1,4,0,,,"gate_backpressure: 88 queued, 15 slots"
2026-10-08T19:29:24.694799Z,compiler,12,30,5,,,"gate_backpressure: 89 queued, 15 slots"
2026-10-08T19:29:57.837775Z,cohere_adamic,12,30,30,,,"gate_backpressure: 89 queued, 15 slots"
2026-10-08T19:30:00.983741Z,typescript,2,10,8,,,"gate_backpressure: 89 queued, 15 slots"
2026-10-08T19:30:04.770154Z,runtime,1,8,1,,,"gate_backpressure: 89 queued, 15 slots"
2026-10-08T19:30:06.857937Z,library,3,8,0,,,"gate_backpressure: 89 queued, 15 slots"
2026-10-08T19:30:15.094318Z,developer_tools,1,4,0,,,"gate_backpressure: 89 queued, 15 slots"
2026-10-08T19:34:24.993536Z,compiler,11,30,5,,,"gate_backpressure: 87 queued, 15 slots"
2026-10-08T19:34:56.635678Z,cohere_adamic,12,30,30,,,"gate_backpressure: 87 queued, 15 slots"
2026-10-08T19:34:59.934334Z,typescript,2,10,8,,,"gate_backpressure: 87 queued, 15 slots"
2026-10-08T19:35:03.453913Z,runtime,1,8,1,,,"gate_backpressure: 87 queued, 15 slots"
2026-10-08T19:35:05.354779Z,library,2,8,0,,,"gate_backpressure: 87 queued, 15 slots"
2026-10-08T19:35:13.399367Z,developer_tools,2,4,0,,,"gate_backpressure: 87 queued, 15 slots"
2026-10-08T19:39:25.095556Z,compiler,11,30,5,,,"gate_backpressure: 83 queued, 15 slots"
2026-10-08T19:39:57.930504Z,cohere_adamic,12,30,30,,,"gate_backpressure: 83 queued, 15 slots"
2026-10-08T19:40:02.128764Z,typescript,2,10,8,,,"gate_backpressure: 83 queued, 15 slots"
2026-10-08T19:40:05.727682Z,runtime,0,8,1,,,"gate_backpressure: 83 queued, 15 slots"
2026-10-08T19:40:07.597706Z,library,1,8,0,,,"gate_backpressure: 83 queued, 15 slots"
2026-10-08T19:40:15.615329Z,developer_tools,2,4,0,,,"gate_backpressure: 83 queued, 15 slots"
2026-10-08T19:44:24.681935Z,compiler,9,30,5,,,"gate_backpressure: 83 queued, 15 slots"
2026-10-08T19:44:57.886530Z,cohere_adamic,11,30,30,,,"gate_backpressure: 83 queued, 15 slots"
2026-10-08T19:45:01.516095Z,typescript,2,10,8,,,"gate_backpressure: 83 queued, 15 slots"
2026-10-08T19:45:05.501188Z,runtime,0,8,1,,,"gate_backpressure: 83 queued, 15 slots"
2026-10-08T19:45:07.838416Z,library,1,8,0,,,"gate_backpressure: 83 queued, 15 slots"
2026-10-08T19:45:15.816201Z,developer_tools,2,4,0,,,"gate_backpressure: 83 queued, 15 slots"
2026-10-08T19:49:24.440407Z,compiler,10,30,5,,,"gate_backpressure: 82 queued, 15 slots"
2026-10-08T19:49:56.671526Z,cohere_adamic,10,30,30,,,"gate_backpressure: 82 queued, 15 slots"
2026-10-08T19:50:00.122594Z,typescript,2,10,8,,,"gate_backpressure: 82 queued, 15 slots"
2026-10-08T19:50:03.541898Z,runtime,0,8,1,,,"gate_backpressure: 82 queued, 15 slots"
2026-10-08T19:50:05.655727Z,library,1,8,0,,,"gate_backpressure: 82 queued, 15 slots"
2026-10-08T19:50:13.292926Z,developer_tools,1,4,0,,,"gate_backpressure: 82 queued, 15 slots"
2026-10-08T19:54:24.667909Z,compiler,9,30,5,,,"gate_backpressure: 77 queued, 15 slots"
2026-10-08T19:54:59.767002Z,cohere_adamic,10,30,30,,,"gate_backpressure: 77 queued, 15 slots"
2026-10-08T19:55:03.137058Z,typescript,1,10,8,,,"gate_backpressure: 77 queued, 15 slots"
2026-10-08T19:55:06.809096Z,runtime,0,8,1,,,"gate_backpressure: 77 queued, 15 slots"
2026-10-08T19:55:08.794640Z,library,1,8,0,,,"gate_backpressure: 77 queued, 15 slots"
2026-10-08T19:55:17.200610Z,developer_tools,1,4,0,,,"gate_backpressure: 77 queued, 15 slots"
2026-10-08T19:59:24.895365Z,compiler,8,30,5,,,"gate_backpressure: 77 queued, 12 slots"
2026-10-08T19:59:56.926032Z,cohere_adamic,9,30,30,,,"gate_backpressure: 77 queued, 12 slots"
2026-10-08T20:00:00.572190Z,typescript,2,10,8,,,"gate_backpressure: 77 queued, 12 slots"
2026-10-08T20:00:04.791600Z,runtime,0,8,1,,,"gate_backpressure: 77 queued, 12 slots"
2026-10-08T20:00:06.704635Z,library,2,8,0,,,"gate_backpressure: 77 queued, 12 slots"
2026-10-08T20:00:16.224032Z,developer_tools,0,4,0,,,"gate_backpressure: 77 queued, 12 slots"
2026-10-08T20:04:27.542474Z,compiler,7,30,5,,,"gate_backpressure: 79 queued, 12 slots"
2026-10-08T20:05:00.585246Z,cohere_adamic,8,30,30,,,"gate_backpressure: 79 queued, 12 slots"
2026-10-08T20:05:04.008826Z,typescript,2,10,8,,,"gate_backpressure: 79 queued, 12 slots"
2026-10-08T20:05:07.659998Z,runtime,0,8,1,,,"gate_backpressure: 79 queued, 12 slots"
2026-10-08T20:05:09.827609Z,library,1,8,0,,,"gate_backpressure: 79 queued, 12 slots"
2026-10-08T20:05:18.020973Z,developer_tools,0,4,0,,,"gate_backpressure: 79 queued, 12 slots"
2026-10-08T20:09:25.800402Z,compiler,6,30,6,,,"gate_backpressure: 77 queued, 12 slots"
2026-10-08T20:09:58.247726Z,cohere_adamic,8,30,30,,,"gate_backpressure: 77 queued, 12 slots"
2026-10-08T20:10:01.772041Z,typescript,2,10,8,,,"gate_backpressure: 77 queued, 12 slots"
2026-10-08T20:10:05.460370Z,runtime,0,8,1,,,"gate_backpressure: 77 queued, 12 slots"
2026-10-08T20:10:07.415425Z,library,1,8,0,,,"gate_backpressure: 77 queued, 12 slots"
2026-10-08T20:10:16.008182Z,developer_tools,0,4,0,,,"gate_backpressure: 77 queued, 12 slots"
2026-10-08T20:14:25.059697Z,compiler,6,30,6,,,"gate_backpressure: 76 queued, 16 slots"
2026-10-08T20:14:58.607019Z,cohere_adamic,8,30,30,,,"gate_backpressure: 76 queued, 16 slots"
2026-10-08T20:15:01.913672Z,typescript,2,10,8,,,"gate_backpressure: 76 queued, 16 slots"
2026-10-08T20:15:05.904923Z,runtime,0,8,1,,,"gate_backpressure: 76 queued, 16 slots"
2026-10-08T20:15:07.763841Z,library,1,8,0,,,"gate_backpressure: 76 queued, 16 slots"
2026-10-08T20:15:15.778795Z,developer_tools,0,4,0,,,"gate_backpressure: 76 queued, 16 slots"
2026-10-08T20:19:33.962713Z,compiler,7,30,5,,,"gate_backpressure: 78 queued, 15 slots"
2026-10-08T20:20:41.781964Z,cohere_adamic,9,30,30,,,"gate_backpressure: 78 queued, 15 slots"
2026-10-08T20:20:45.274509Z,typescript,4,10,8,,,"gate_backpressure: 78 queued, 15 slots"
2026-10-08T20:20:48.868000Z,runtime,0,8,1,,,"gate_backpressure: 78 queued, 15 slots"
2026-10-08T20:20:50.803414Z,library,1,8,0,,,"gate_backpressure: 78 queued, 15 slots"
2026-10-08T20:20:58.894960Z,developer_tools,1,4,0,,,"gate_backpressure: 78 queued, 15 slots"
2026-10-08T20:24:24.975105Z,compiler,5,30,7,,,"gate_backpressure: 81 queued, 12 slots"
2026-10-08T20:24:58.927096Z,cohere_adamic,7,30,30,,,"gate_backpressure: 81 queued, 12 slots"
2026-10-08T20:25:02.381149Z,typescript,3,10,8,,,"gate_backpressure: 81 queued, 12 slots"
2026-10-08T20:25:06.010668Z,runtime,0,8,1,,,"gate_backpressure: 81 queued, 12 slots"
2026-10-08T20:25:08.077285Z,library,1,8,0,,,"gate_backpressure: 81 queued, 12 slots"
2026-10-08T20:25:18.174860Z,developer_tools,1,4,0,,,"gate_backpressure: 81 queued, 12 slots"
2026-10-08T20:29:29.348917Z,compiler,4,30,7,,,"gate_backpressure: 85 queued, 12 slots"
2026-10-08T20:30:09.256335Z,cohere_adamic,7,30,30,,,"gate_backpressure: 85 queued, 12 slots"
2026-10-08T20:30:12.729297Z,typescript,2,10,8,,,"gate_backpressure: 85 queued, 12 slots"
2026-10-08T20:30:19.407831Z,runtime,0,8,1,,,"gate_backpressure: 85 queued, 12 slots"
2026-10-08T20:30:21.622010Z,library,2,8,0,,,"gate_backpressure: 85 queued, 12 slots"
2026-10-08T20:30:29.857733Z,developer_tools,1,4,0,,,"gate_backpressure: 85 queued, 12 slots"
2026-10-08T20:34:25.670256Z,compiler,4,30,7,,,"gate_backpressure: 91 queued, 12 slots"
2026-10-08T20:34:59.127982Z,cohere_adamic,6,30,30,,,"gate_backpressure: 91 queued, 12 slots"
2026-10-08T20:35:02.569019Z,typescript,3,10,8,,,"gate_backpressure: 91 queued, 12 slots"
2026-10-08T20:35:06.103437Z,runtime,0,8,1,,,"gate_backpressure: 91 queued, 12 slots"
2026-10-08T20:35:08.316209Z,library,2,8,0,,,"gate_backpressure: 91 queued, 12 slots"
2026-10-08T20:35:16.330176Z,developer_tools,1,4,0,,,"gate_backpressure: 91 queued, 12 slots"
2026-10-08T20:39:25.045187Z,compiler,4,30,7,,,"gate_backpressure: 89 queued, 12 slots"
2026-10-08T20:39:56.682993Z,cohere_adamic,6,30,30,,,"gate_backpressure: 89 queued, 12 slots"
2026-10-08T20:39:59.957620Z,typescript,3,10,8,,,"gate_backpressure: 89 queued, 12 slots"
2026-10-08T20:40:03.206476Z,runtime,0,8,1,,,"gate_backpressure: 89 queued, 12 slots"
2026-10-08T20:40:05.248978Z,library,1,8,0,,,"gate_backpressure: 89 queued, 12 slots"
2026-10-08T20:40:14.018287Z,developer_tools,2,4,0,,,"gate_backpressure: 89 queued, 12 slots"
2026-10-08T20:44:29.918560Z,compiler,3,30,7,,,"gate_backpressure: 86 queued, 12 slots"
2026-10-08T20:45:22.919337Z,cohere_adamic,6,30,30,,,"gate_backpressure: 86 queued, 12 slots"
2026-10-08T20:45:26.510628Z,typescript,3,10,8,,,"gate_backpressure: 86 queued, 12 slots"
2026-10-08T20:45:30.404982Z,runtime,0,8,1,,,"gate_backpressure: 86 queued, 12 slots"
2026-10-08T20:45:32.542308Z,library,1,8,0,,,"gate_backpressure: 86 queued, 12 slots"
2026-10-08T20:45:42.658633Z,developer_tools,3,4,0,,,"gate_backpressure: 86 queued, 12 slots"
2026-10-08T20:49:25.279428Z,compiler,3,30,7,,,"gate_backpressure: 89 queued, 12 slots"
2026-10-08T20:50:00.717396Z,cohere_adamic,6,30,30,,,"gate_backpressure: 89 queued, 12 slots"
2026-10-08T20:50:05.666492Z,typescript,3,10,8,,,"gate_backpressure: 89 queued, 12 slots"
2026-10-08T20:50:10.255443Z,runtime,0,8,1,,,"gate_backpressure: 89 queued, 12 slots"
2026-10-08T20:50:13.058998Z,library,1,8,0,,,"gate_backpressure: 89 queued, 12 slots"
2026-10-08T20:50:23.908046Z,developer_tools,2,4,0,,,"gate_backpressure: 89 queued, 12 slots"
2026-10-08T20:54:25.348187Z,compiler,3,30,7,,,"gate_backpressure: 96 queued, 12 slots"
2026-10-08T20:54:57.194671Z,cohere_adamic,6,30,30,,,"gate_backpressure: 96 queued, 12 slots"
2026-10-08T20:55:00.494302Z,typescript,2,10,8,,,"gate_backpressure: 96 queued, 12 slots"
2026-10-08T20:55:04.125245Z,runtime,0,8,1,,,"gate_backpressure: 96 queued, 12 slots"
2026-10-08T20:55:06.083195Z,library,1,8,0,,,"gate_backpressure: 96 queued, 12 slots"
2026-10-08T20:55:14.502665Z,developer_tools,1,4,0,,,"gate_backpressure: 96 queued, 12 slots"
2026-10-08T20:59:26.608267Z,compiler,2,30,7,,,"gate_backpressure: 87 queued, 12 slots"
2026-10-08T21:00:19.018201Z,cohere_adamic,6,30,30,,,"gate_backpressure: 87 queued, 12 slots"
2026-10-08T21:00:22.909906Z,typescript,1,10,8,,,"gate_backpressure: 87 queued, 12 slots"
2026-10-08T21:00:26.633852Z,runtime,0,8,1,,,"gate_backpressure: 87 queued, 12 slots"
2026-10-08T21:00:28.636190Z,library,2,8,0,,,"gate_backpressure: 87 queued, 12 slots"
2026-10-08T21:00:36.573687Z,developer_tools,1,4,0,,,"gate_backpressure: 87 queued, 12 slots"
2026-10-08T21:04:40.364345Z,compiler,3,30,7,,,"gate_backpressure: 80 queued, 12 slots"
2026-10-08T21:06:36.907912Z,cohere_adamic,,30,30,,,fleet_unavailable: fleet live status unavailable
2026-10-08T21:06:40.197799Z,typescript,1,10,8,,,"gate_backpressure: 80 queued, 12 slots"
2026-10-08T21:06:51.591916Z,runtime,0,8,1,,,"gate_backpressure: 80 queued, 12 slots"
2026-10-08T21:07:03.218090Z,library,2,8,0,,,"gate_backpressure: 80 queued, 12 slots"
2026-10-08T21:07:11.683504Z,developer_tools,0,4,0,,,"gate_backpressure: 80 queued, 12 slots"
2026-10-08T21:09:32.075570Z,compiler,3,30,7,,,"gate_backpressure: 76 queued, 12 slots"
2026-10-08T21:10:28.267833Z,cohere_adamic,5,30,30,,,"gate_backpressure: 76 queued, 12 slots"
2026-10-08T21:10:32.617146Z,typescript,3,10,8,,,"gate_backpressure: 76 queued, 12 slots"
2026-10-08T21:10:38.056117Z,runtime,0,8,1,,,"gate_backpressure: 76 queued, 12 slots"
2026-10-08T21:10:40.279018Z,library,2,8,0,,,"gate_backpressure: 76 queued, 12 slots"
2026-10-08T21:10:50.617963Z,developer_tools,1,4,0,,,"gate_backpressure: 76 queued, 12 slots"
2026-10-08T21:14:25.801494Z,compiler,2,30,7,,,"gate_backpressure: 75 queued, 12 slots"
2026-10-08T21:14:59.364409Z,cohere_adamic,5,30,30,,,"gate_backpressure: 75 queued, 12 slots"
2026-10-08T21:15:03.793332Z,typescript,2,10,8,,,"gate_backpressure: 75 queued, 12 slots"
2026-10-08T21:15:07.580904Z,runtime,0,8,1,,,"gate_backpressure: 75 queued, 12 slots"
2026-10-08T21:15:09.883440Z,library,2,8,0,,,"gate_backpressure: 75 queued, 12 slots"
2026-10-08T21:15:18.359442Z,developer_tools,1,4,0,,,"gate_backpressure: 75 queued, 12 slots"
2026-10-08T21:19:28.737033Z,compiler,9,30,7,,,"gate_backpressure: 72 queued, 12 slots"
2026-10-08T21:20:20.192490Z,cohere_adamic,5,30,30,,,"gate_backpressure: 72 queued, 12 slots"
2026-10-08T21:20:23.941828Z,typescript,2,10,8,,,"gate_backpressure: 72 queued, 12 slots"
2026-10-08T21:20:28.972333Z,runtime,0,8,1,,,"gate_backpressure: 72 queued, 12 slots"
2026-10-08T21:20:30.950127Z,library,2,8,0,,,"gate_backpressure: 72 queued, 12 slots"
2026-10-08T21:20:38.799158Z,developer_tools,1,4,0,,,"gate_backpressure: 72 queued, 12 slots"
2026-10-08T21:24:25.845419Z,compiler,11,30,6,,,"gate_backpressure: 70 queued, 12 slots"
2026-10-08T21:24:58.012985Z,cohere_adamic,7,30,30,,,"gate_backpressure: 70 queued, 12 slots"
2026-10-08T21:25:01.220829Z,typescript,3,10,8,,,"gate_backpressure: 70 queued, 12 slots"
2026-10-08T21:25:04.697417Z,runtime,0,8,1,,,"gate_backpressure: 70 queued, 12 slots"
2026-10-08T21:25:06.610340Z,library,4,8,0,,,"gate_backpressure: 70 queued, 12 slots"
2026-10-08T21:25:14.629858Z,developer_tools,4,4,0,,,"gate_backpressure: 70 queued, 12 slots"
2026-10-08T21:29:26.065281Z,compiler,7,30,6,,,"gate_backpressure: 70 queued, 12 slots"
2026-10-08T21:29:57.544694Z,cohere_adamic,7,30,30,,,"gate_backpressure: 70 queued, 12 slots"
2026-10-08T21:30:00.831513Z,typescript,3,10,8,,,"gate_backpressure: 70 queued, 12 slots"
2026-10-08T21:30:04.486791Z,runtime,0,8,1,,,"gate_backpressure: 70 queued, 12 slots"
2026-10-08T21:30:06.413681Z,library,5,8,0,,,"gate_backpressure: 70 queued, 12 slots"
2026-10-08T21:30:15.129744Z,developer_tools,4,4,0,,,"gate_backpressure: 70 queued, 12 slots"
2026-10-08T21:34:25.738723Z,compiler,7,30,6,,,"gate_backpressure: 69 queued, 12 slots"
2026-10-08T21:34:58.114754Z,cohere_adamic,7,30,30,,,"gate_backpressure: 69 queued, 12 slots"
2026-10-08T21:35:01.783661Z,typescript,3,10,8,,,"gate_backpressure: 69 queued, 12 slots"
2026-10-08T21:35:05.740835Z,runtime,0,8,1,,,"gate_backpressure: 69 queued, 12 slots"
2026-10-08T21:35:07.571264Z,library,4,8,0,,,"gate_backpressure: 69 queued, 12 slots"
2026-10-08T21:35:15.829913Z,developer_tools,5,4,0,,,"gate_backpressure: 69 queued, 12 slots"
2026-10-08T21:39:25.855499Z,compiler,8,30,6,,,"gate_backpressure: 69 queued, 12 slots"
2026-10-08T21:39:57.333988Z,cohere_adamic,7,30,30,,,"gate_backpressure: 69 queued, 12 slots"
2026-10-08T21:40:00.821026Z,typescript,5,10,8,,,"gate_backpressure: 69 queued, 12 slots"
2026-10-08T21:40:04.559088Z,runtime,0,8,1,,,"gate_backpressure: 69 queued, 12 slots"
2026-10-08T21:40:06.528181Z,library,3,8,0,,,"gate_backpressure: 69 queued, 12 slots"
2026-10-08T21:40:15.085332Z,developer_tools,6,4,0,,,"gate_backpressure: 69 queued, 12 slots"
2026-10-08T21:44:25.993412Z,compiler,8,30,6,,,"gate_backpressure: 71 queued, 12 slots"
2026-10-08T21:45:01.184887Z,cohere_adamic,7,30,30,,,"gate_backpressure: 71 queued, 12 slots"
2026-10-08T21:45:04.552074Z,typescript,5,10,8,,,"gate_backpressure: 71 queued, 12 slots"
2026-10-08T21:45:08.208705Z,runtime,0,8,1,,,"gate_backpressure: 71 queued, 12 slots"
2026-10-08T21:45:10.193121Z,library,3,8,0,,,"gate_backpressure: 71 queued, 12 slots"
2026-10-08T21:45:18.535943Z,developer_tools,6,4,0,,,"gate_backpressure: 71 queued, 12 slots"
2026-10-08T21:49:26.103104Z,compiler,7,30,6,,,"gate_backpressure: 71 queued, 4 slots"
2026-10-08T21:49:57.852237Z,cohere_adamic,6,30,30,,,"gate_backpressure: 71 queued, 4 slots"
2026-10-08T21:50:00.992673Z,typescript,3,10,8,,,"gate_backpressure: 71 queued, 4 slots"
2026-10-08T21:50:04.383319Z,runtime,0,8,1,,,"gate_backpressure: 71 queued, 4 slots"
2026-10-08T21:50:06.309685Z,library,3,8,0,,,"gate_backpressure: 71 queued, 4 slots"
2026-10-08T21:50:14.576164Z,developer_tools,5,4,0,,,"gate_backpressure: 71 queued, 4 slots"
2026-10-08T21:54:26.661670Z,compiler,7,30,6,,,"gate_backpressure: 75 queued, 4 slots"
2026-10-08T21:55:01.339270Z,cohere_adamic,6,30,30,,,"gate_backpressure: 75 queued, 4 slots"
2026-10-08T21:55:04.696191Z,typescript,3,10,8,,,"gate_backpressure: 75 queued, 4 slots"
2026-10-08T21:55:08.221243Z,runtime,0,8,1,,,"gate_backpressure: 75 queued, 4 slots"
2026-10-08T21:55:10.263151Z,library,1,8,0,,,"gate_backpressure: 75 queued, 4 slots"
2026-10-08T21:55:20.148575Z,developer_tools,4,4,0,,,"gate_backpressure: 75 queued, 4 slots"
2026-10-08T21:59:26.385933Z,compiler,7,30,6,,,"gate_backpressure: 78 queued, 3 slots"
2026-10-08T21:59:59.261065Z,cohere_adamic,6,30,30,,,"gate_backpressure: 78 queued, 3 slots"
2026-10-08T22:00:02.643039Z,typescript,3,10,8,,,"gate_backpressure: 78 queued, 3 slots"
2026-10-08T22:00:06.662964Z,runtime,0,8,1,,,"gate_backpressure: 78 queued, 3 slots"
2026-10-08T22:00:08.559639Z,library,2,8,0,,,"gate_backpressure: 78 queued, 3 slots"
2026-10-08T22:00:16.963821Z,developer_tools,3,4,0,,,"gate_backpressure: 78 queued, 3 slots"
2026-10-08T22:04:26.475758Z,compiler,6,30,6,,,"gate_backpressure: 80 queued, 3 slots"
2026-10-08T22:04:58.605499Z,cohere_adamic,6,30,30,,,"gate_backpressure: 80 queued, 3 slots"
2026-10-08T22:05:01.838571Z,typescript,1,10,8,,,"gate_backpressure: 80 queued, 3 slots"
2026-10-08T22:05:05.809004Z,runtime,0,8,1,,,"gate_backpressure: 80 queued, 3 slots"
2026-10-08T22:05:07.890007Z,library,2,8,0,,,"gate_backpressure: 80 queued, 3 slots"
2026-10-08T22:05:16.146706Z,developer_tools,3,4,0,,,"gate_backpressure: 80 queued, 3 slots"
2026-10-08T22:09:26.776251Z,compiler,6,30,6,,,"gate_backpressure: 81 queued, 3 slots"
2026-10-08T22:09:58.494883Z,cohere_adamic,6,30,30,,,"gate_backpressure: 81 queued, 3 slots"
2026-10-08T22:10:01.624691Z,typescript,2,10,8,,,"gate_backpressure: 81 queued, 3 slots"
2026-10-08T22:10:05.238430Z,runtime,0,8,1,,,"gate_backpressure: 81 queued, 3 slots"
2026-10-08T22:10:07.072741Z,library,2,8,0,,,"gate_backpressure: 81 queued, 3 slots"
2026-10-08T22:10:15.132339Z,developer_tools,3,4,0,,,"gate_backpressure: 81 queued, 3 slots"
2026-10-08T22:14:26.972014Z,compiler,8,30,6,,,"gate_backpressure: 82 queued, 3 slots"
2026-10-08T22:15:00.576014Z,cohere_adamic,6,30,30,,,"gate_backpressure: 82 queued, 3 slots"
2026-10-08T22:15:03.889422Z,typescript,2,10,8,,,"gate_backpressure: 82 queued, 3 slots"
2026-10-08T22:15:07.871951Z,runtime,0,8,1,,,"gate_backpressure: 82 queued, 3 slots"
2026-10-08T22:15:09.590432Z,library,2,8,0,,,"gate_backpressure: 82 queued, 3 slots"
2026-10-08T22:15:17.493725Z,developer_tools,2,4,0,,,"gate_backpressure: 82 queued, 3 slots"
2026-10-08T22:19:29.610332Z,compiler,11,30,6,,,"gate_backpressure: 83 queued, 3 slots"
2026-10-08T22:20:21.812652Z,cohere_adamic,6,30,30,,,"gate_backpressure: 83 queued, 3 slots"
2026-10-08T22:20:25.951580Z,typescript,1,10,8,,,"gate_backpressure: 83 queued, 3 slots"
2026-10-08T22:20:30.302810Z,runtime,0,8,1,,,"gate_backpressure: 83 queued, 3 slots"
2026-10-08T22:20:32.031230Z,library,2,8,0,,,"gate_backpressure: 83 queued, 3 slots"
2026-10-08T22:20:39.912679Z,developer_tools,2,4,0,,,"gate_backpressure: 83 queued, 3 slots"
2026-10-08T22:24:26.737213Z,compiler,6,30,6,,,"gate_backpressure: 82 queued, 3 slots"
2026-10-08T22:24:59.741782Z,cohere_adamic,5,30,30,,,"gate_backpressure: 82 queued, 3 slots"
2026-10-08T22:25:03.304094Z,typescript,1,10,8,,,"gate_backpressure: 82 queued, 3 slots"
2026-10-08T22:25:07.201127Z,runtime,0,8,1,,,"gate_backpressure: 82 queued, 3 slots"
2026-10-08T22:25:09.107957Z,library,2,8,0,,,"gate_backpressure: 82 queued, 3 slots"
2026-10-08T22:25:17.583294Z,developer_tools,2,4,0,,,"gate_backpressure: 82 queued, 3 slots"
2026-10-08T22:29:30.188627Z,compiler,6,30,6,,,"gate_backpressure: 83 queued, 3 slots"
2026-10-08T22:30:06.299614Z,cohere_adamic,5,30,30,,,"gate_backpressure: 83 queued, 3 slots"
2026-10-08T22:30:09.754404Z,typescript,1,10,8,,,"gate_backpressure: 83 queued, 3 slots"
2026-10-08T22:30:13.678928Z,runtime,0,8,1,,,"gate_backpressure: 83 queued, 3 slots"
2026-10-08T22:30:15.950084Z,library,2,8,0,,,"gate_backpressure: 83 queued, 3 slots"
2026-10-08T22:30:24.168617Z,developer_tools,1,4,0,,,"gate_backpressure: 83 queued, 3 slots"
2026-10-08T22:34:27.294764Z,compiler,7,30,6,,,"gate_backpressure: 81 queued, 3 slots"
2026-10-08T22:35:01.523537Z,cohere_adamic,5,30,30,,,"gate_backpressure: 81 queued, 3 slots"
2026-10-08T22:35:04.862247Z,typescript,4,10,8,,,"gate_backpressure: 81 queued, 3 slots"
2026-10-08T22:35:10.549143Z,runtime,0,8,1,,,"gate_backpressure: 81 queued, 3 slots"
2026-10-08T22:35:12.610676Z,library,2,8,0,,,"gate_backpressure: 81 queued, 3 slots"
2026-10-08T22:35:21.898157Z,developer_tools,4,4,0,,,"gate_backpressure: 81 queued, 3 slots"
2026-10-08T22:39:27.266327Z,compiler,7,30,6,,,"gate_backpressure: 85 queued, 3 slots"
2026-10-08T22:40:01.221584Z,cohere_adamic,2,30,30,,,"gate_backpressure: 85 queued, 3 slots"
2026-10-08T22:40:05.138152Z,typescript,4,10,8,,,"gate_backpressure: 85 queued, 3 slots"
2026-10-08T22:40:08.900251Z,runtime,0,8,1,,,"gate_backpressure: 85 queued, 3 slots"
2026-10-08T22:40:10.844293Z,library,1,8,0,,,"gate_backpressure: 85 queued, 3 slots"
2026-10-08T22:40:19.082576Z,developer_tools,3,4,0,,,"gate_backpressure: 85 queued, 3 slots"
2026-10-08T22:44:27.305070Z,compiler,8,30,6,,,"gate_backpressure: 83 queued, 4 slots"
2026-10-08T22:44:59.448615Z,cohere_adamic,2,30,30,,,"gate_backpressure: 83 queued, 4 slots"
2026-10-08T22:45:03.188145Z,typescript,4,10,8,,,"gate_backpressure: 83 queued, 4 slots"
2026-10-08T22:45:06.965603Z,runtime,0,8,1,,,"gate_backpressure: 83 queued, 4 slots"
2026-10-08T22:45:09.348561Z,library,1,8,0,,,"gate_backpressure: 83 queued, 4 slots"
2026-10-08T22:45:18.055178Z,developer_tools,3,4,0,,,"gate_backpressure: 83 queued, 4 slots"
2026-10-08T22:49:27.148494Z,compiler,7,30,6,,,"gate_backpressure: 87 queued, 3 slots"
2026-10-08T22:49:58.264761Z,cohere_adamic,2,30,30,,,"gate_backpressure: 87 queued, 3 slots"
2026-10-08T22:50:02.067839Z,typescript,3,10,8,,,"gate_backpressure: 87 queued, 3 slots"
2026-10-08T22:50:05.863277Z,runtime,0,8,1,,,"gate_backpressure: 87 queued, 3 slots"
2026-10-08T22:50:07.882263Z,library,1,8,0,,,"gate_backpressure: 87 queued, 3 slots"
2026-10-08T22:50:16.002304Z,developer_tools,1,4,0,,,"gate_backpressure: 87 queued, 3 slots"
2026-10-08T22:54:27.163413Z,compiler,7,30,6,,,"gate_backpressure: 87 queued, 3 slots"
2026-10-08T22:55:17.363530Z,cohere_adamic,2,30,30,,,"gate_backpressure: 87 queued, 3 slots"
2026-10-08T22:55:20.748504Z,typescript,3,10,8,,,"gate_backpressure: 87 queued, 3 slots"
2026-10-08T22:55:24.364723Z,runtime,0,8,1,,,"gate_backpressure: 87 queued, 3 slots"
2026-10-08T22:55:26.445790Z,library,2,8,0,,,"gate_backpressure: 87 queued, 3 slots"
2026-10-08T22:55:35.794756Z,developer_tools,,4,0,,,fleet_unavailable: fleet live status unavailable
2026-10-08T22:59:27.883391Z,compiler,8,30,6,,,"gate_backpressure: 89 queued, 3 slots"
2026-10-08T23:00:01.855424Z,cohere_adamic,2,30,30,,,"gate_backpressure: 89 queued, 3 slots"
2026-10-08T23:00:05.243567Z,typescript,2,10,8,,,"gate_backpressure: 89 queued, 3 slots"
2026-10-08T23:00:08.784257Z,runtime,0,8,1,,,"gate_backpressure: 89 queued, 3 slots"
2026-10-08T23:00:10.933930Z,library,1,8,0,,,"gate_backpressure: 89 queued, 3 slots"
2026-10-08T23:00:19.714977Z,developer_tools,0,4,0,,,"gate_backpressure: 89 queued, 3 slots"
2026-10-08T23:05:03.068406Z,compiler,7,30,6,,,"gate_backpressure: 90 queued, 8 slots"
2026-10-08T23:08:30.163108Z,cohere_adamic,2,30,30,,,"gate_backpressure: 90 queued, 8 slots"
2026-10-08T23:08:41.008098Z,typescript,4,10,8,,,"gate_backpressure: 90 queued, 8 slots"
2026-10-08T23:09:04.309960Z,runtime,0,8,1,,,"gate_backpressure: 90 queued, 8 slots"
2026-10-08T23:09:21.719328Z,library,1,8,0,,,"gate_backpressure: 90 queued, 8 slots"
2026-10-08T23:10:03.059322Z,developer_tools,0,4,0,,,"gate_backpressure: 90 queued, 8 slots"
2026-10-08T23:10:55.731141Z,compiler,6,30,7,,,"gate_backpressure: 95 queued, 8 slots"
2026-10-08T23:15:46.541257Z,cohere_adamic,2,30,30,,,"gate_backpressure: 95 queued, 8 slots"
2026-10-08T23:16:14.239563Z,typescript,2,10,8,,,"gate_backpressure: 95 queued, 8 slots"
2026-10-08T23:16:38.187415Z,runtime,0,8,1,,,"gate_backpressure: 95 queued, 8 slots"
2026-10-08T23:16:56.567918Z,library,1,8,0,,,"gate_backpressure: 95 queued, 8 slots"
2026-10-08T23:18:01.796317Z,developer_tools,0,4,0,,,"gate_backpressure: 95 queued, 8 slots"
2026-10-08T23:19:07.552688Z,compiler,6,30,7,,,"gate_backpressure: 88 queued, 8 slots"
2026-10-08T23:20:13.480079Z,cohere_adamic,2,30,30,,,"gate_backpressure: 88 queued, 8 slots"
2026-10-08T23:20:16.880193Z,typescript,1,10,8,,,"gate_backpressure: 88 queued, 8 slots"
2026-10-08T23:20:26.494807Z,runtime,0,8,1,,,"gate_backpressure: 88 queued, 8 slots"
2026-10-08T23:20:34.607442Z,library,1,8,0,,,"gate_backpressure: 88 queued, 8 slots"
2026-10-08T23:21:09.272300Z,developer_tools,0,4,0,,,"gate_backpressure: 88 queued, 8 slots"
2026-10-08T23:24:00.886761Z,compiler,6,30,7,,,"gate_backpressure: 92 queued, 8 slots"
2026-10-08T23:28:53.642330Z,cohere_adamic,2,30,30,,,"gate_backpressure: 92 queued, 8 slots"
2026-10-08T23:29:10.123878Z,typescript,1,10,8,,,"gate_backpressure: 92 queued, 8 slots"
2026-10-08T23:29:28.487624Z,runtime,0,8,1,,,"gate_backpressure: 92 queued, 8 slots"
2026-10-08T23:29:46.751552Z,library,2,8,0,,,"gate_backpressure: 92 queued, 8 slots"
2026-10-08T23:30:26.541796Z,developer_tools,0,4,0,,,"gate_backpressure: 92 queued, 8 slots"
2026-10-08T23:31:31.441503Z,compiler,6,30,7,,,"gate_backpressure: 97 queued, 8 slots"
2026-10-08T23:33:57.154511Z,cohere_adamic,2,30,30,,,"gate_backpressure: 97 queued, 8 slots"
2026-10-08T23:34:07.170719Z,typescript,2,10,8,,,"gate_backpressure: 97 queued, 8 slots"
2026-10-08T23:34:11.657354Z,runtime,0,8,1,,,"gate_backpressure: 97 queued, 8 slots"
2026-10-08T23:34:15.614757Z,library,3,8,0,,,"gate_backpressure: 97 queued, 8 slots"
2026-10-08T23:34:38.311493Z,developer_tools,0,4,0,,,"gate_backpressure: 97 queued, 8 slots"
2026-10-08T23:36:43.041056Z,compiler,5,30,7,,,"gate_backpressure: 92 queued, 8 slots"
2026-10-08T23:38:39.684947Z,cohere_adamic,2,30,30,,,"gate_backpressure: 92 queued, 8 slots"
2026-10-08T23:38:53.061165Z,typescript,2,10,8,,,"gate_backpressure: 92 queued, 8 slots"
2026-10-08T23:38:57.191435Z,runtime,0,8,1,,,"gate_backpressure: 92 queued, 8 slots"
2026-10-08T23:38:59.402062Z,library,2,8,0,,,"gate_backpressure: 92 queued, 8 slots"
2026-10-08T23:39:08.308574Z,developer_tools,0,4,0,,,"gate_backpressure: 92 queued, 8 slots"
2026-10-08T23:41:19.289516Z,compiler,6,30,7,,,"gate_backpressure: 106 queued, 8 slots"
2026-10-08T23:41:52.595395Z,cohere_adamic,1,30,30,,,"gate_backpressure: 106 queued, 8 slots"
2026-10-08T23:41:56.255490Z,typescript,2,10,8,,,"gate_backpressure: 106 queued, 8 slots"
2026-10-08T23:42:00.097019Z,runtime,0,8,1,,,"gate_backpressure: 106 queued, 8 slots"
2026-10-08T23:42:02.231338Z,library,2,8,0,,,"gate_backpressure: 106 queued, 8 slots"
2026-10-08T23:42:10.481322Z,developer_tools,0,4,0,,,"gate_backpressure: 106 queued, 8 slots"
2026-10-08T23:46:19.362921Z,compiler,10,30,7,,,"gate_backpressure: 107 queued, 10 slots"
2026-10-08T23:46:51.599198Z,cohere_adamic,2,30,30,,,"gate_backpressure: 107 queued, 10 slots"
2026-10-08T23:46:55.314512Z,typescript,1,10,8,,,"gate_backpressure: 107 queued, 10 slots"
2026-10-08T23:46:58.746687Z,runtime,0,8,2,,,"gate_backpressure: 107 queued, 10 slots"
2026-10-08T23:47:00.646596Z,library,2,8,0,,,"gate_backpressure: 107 queued, 10 slots"
2026-10-08T23:47:09.308327Z,developer_tools,0,4,0,,,"gate_backpressure: 107 queued, 10 slots"
2026-10-08T23:51:19.550795Z,compiler,13,30,7,,,"gate_backpressure: 107 queued, 10 slots"
2026-10-08T23:51:52.347336Z,cohere_adamic,1,30,30,,,"gate_backpressure: 107 queued, 10 slots"
2026-10-08T23:51:55.734745Z,typescript,1,10,8,,,"gate_backpressure: 107 queued, 10 slots"
2026-10-08T23:51:59.279400Z,runtime,0,8,2,,,"gate_backpressure: 107 queued, 10 slots"
2026-10-08T23:52:01.337555Z,library,1,8,0,,,"gate_backpressure: 107 queued, 10 slots"
2026-10-08T23:52:09.723659Z,developer_tools,1,4,0,,,"gate_backpressure: 107 queued, 10 slots"
2026-10-08T23:55:08.066617Z,compiler,12,30,0,,,"gate_backpressure: 113 queued, 8 slots"
2026-10-08T23:55:40.379643Z,cohere_adamic,3,30,0,,,"gate_backpressure: 113 queued, 8 slots"
2026-10-08T23:55:51.740446Z,typescript,0,10,8,41-step24-remaining-67.md,01a113c5-c74b-715b-99b9-aa23ec2c8039,sent
2026-10-08T23:56:01.903786Z,typescript,1,10,7,50-step31-checker-native.md,01a113e0-865b-7362-8f3a-3f200cf1b00c,sent
2026-10-08T23:56:12.140195Z,typescript,2,10,6,51-step31-emitter-native.md,01a113e0-a860-71b5-a8c0-e869b10ac005,sent
2026-10-08T23:56:12.144508Z,typescript,3,10,5,,,pass_cap
2026-10-08T23:56:15.787968Z,runtime,0,8,0,,,"gate_backpressure: 113 queued, 8 slots"
2026-10-08T23:56:17.691309Z,library,1,8,0,,,"gate_backpressure: 113 queued, 8 slots"
2026-10-08T23:56:37.921457Z,compiler,13,30,7,05-exceptions-on-main.md,01a113e2-01c9-72f0-b65a-92ecfa072027,sent
2026-10-08T23:56:37.924593Z,compiler,14,30,6,,,dispatch_stopped
2026-10-08T23:57:10.794498Z,cohere_adamic,3,30,0,,,"gate_backpressure: 114 queued, 8 slots"
2026-10-08T23:57:22.146169Z,typescript,3,10,5,52-step35-fuzz-scout.md,01a113e0-cb9f-7772-b63e-eac00e9d8011,sent
2026-10-08T23:57:31.432216Z,typescript,4,10,4,53-step05-hidden-by-step.md,01a1140c-e8a3-7199-95a7-5b2f00153022,sent
2026-10-08T23:57:39.404501Z,typescript,5,10,3,54-step09-adapted-casts.md,01a1140d-0d0c-731b-8259-304d5ae3f017,sent
2026-10-08T23:57:39.966039Z,typescript,6,10,2,,,pass_cap
2026-10-08T23:57:51.884612Z,runtime,0,8,2,11-step29-timers.md,01a11431-4432-7421-9353-50c70c0d8039,sent
2026-10-08T23:57:58.813656Z,runtime,1,8,1,12-step06b-program-region-core.md,01a11477-b1e8-7134-8ed7-8360ef421013,sent
2026-10-08T23:57:59.085864Z,runtime,2,8,0,,,queue_empty
2026-10-08T23:58:00.973406Z,library,1,8,0,,,"gate_backpressure: 114 queued, 8 slots"
2026-10-08T23:58:09.604553Z,developer_tools,0,4,0,,,"gate_backpressure: 114 queued, 8 slots"
2026-10-09T00:01:27.307684Z,compiler,13,30,0,,,"gate_backpressure: 117 queued, 8 slots"
2026-10-09T00:01:59.454814Z,cohere_adamic,3,30,0,,,"gate_backpressure: 117 queued, 8 slots"
2026-10-09T00:02:10.993514Z,typescript,6,10,4,55-step24-jsdoc.md,01a1140d-2d02-752e-9fbf-0a3827712012,sent
2026-10-09T00:02:19.657329Z,typescript,7,10,3,56-step09-adapt77.md,01a1140d-501e-74b5-ad50-62e558103015,sent
2026-10-09T00:02:26.687986Z,typescript,8,10,2,60-step31-checker-stop.md,01a1140d-7312-74d4-886b-c6abad79f00c,sent
2026-10-09T00:02:26.690365Z,typescript,9,10,1,,,pass_cap
2026-10-09T00:02:37.174697Z,runtime,1,8,1,14-slice6b-canonical-graph.md,01a11477-b1e8-7134-8ed7-8360ef421013,sent
2026-10-09T00:02:37.703474Z,runtime,2,8,0,,,queue_empty
2026-10-09T00:02:39.649037Z,library,1,8,0,,,"gate_backpressure: 117 queued, 8 slots"
2026-10-09T00:02:47.903331Z,developer_tools,0,4,0,,,"gate_backpressure: 117 queued, 8 slots"
2026-10-09T00:06:27.787257Z,compiler,11,30,0,,,"gate_backpressure: 116 queued, 8 slots"
2026-10-09T00:07:00.383067Z,cohere_adamic,3,30,0,,,"gate_backpressure: 116 queued, 8 slots"
2026-10-09T00:07:10.359201Z,typescript,7,10,1,61-step24-remaining-67.md,01a113e0-865b-7362-8f3a-3f200cf1b00c,sent
2026-10-09T00:07:10.890833Z,typescript,8,10,0,,,queue_empty
2026-10-09T00:07:14.602412Z,runtime,2,8,0,,,"gate_backpressure: 116 queued, 8 slots"
2026-10-09T00:07:16.576351Z,library,1,8,0,,,"gate_backpressure: 116 queued, 8 slots"
2026-10-09T00:07:24.826313Z,developer_tools,0,4,0,,,"gate_backpressure: 116 queued, 8 slots"
2026-10-09T00:11:28.150236Z,compiler,12,30,0,,,"gate_backpressure: 118 queued, 9 slots"
2026-10-09T00:12:01.545630Z,cohere_adamic,3,30,0,,,"gate_backpressure: 118 queued, 9 slots"
2026-10-09T00:12:05.165957Z,typescript,7,10,0,,,"gate_backpressure: 118 queued, 9 slots"
2026-10-09T00:12:08.674704Z,runtime,2,8,0,,,"gate_backpressure: 118 queued, 9 slots"
2026-10-09T00:12:10.859565Z,library,2,8,0,,,"gate_backpressure: 118 queued, 9 slots"
2026-10-09T00:12:19.416175Z,developer_tools,0,4,0,,,"gate_backpressure: 118 queued, 9 slots"
2026-10-09T00:16:27.867709Z,compiler,12,30,0,,,"gate_backpressure: 123 queued, 8 slots"
2026-10-09T00:16:58.670918Z,cohere_adamic,3,30,0,,,"gate_backpressure: 123 queued, 8 slots"
2026-10-09T00:17:02.242641Z,typescript,5,10,0,,,"gate_backpressure: 123 queued, 8 slots"
2026-10-09T00:17:05.997696Z,runtime,2,8,0,,,"gate_backpressure: 123 queued, 8 slots"
2026-10-09T00:17:07.906441Z,library,2,8,0,,,"gate_backpressure: 123 queued, 8 slots"
2026-10-09T00:17:16.352769Z,developer_tools,0,4,0,,,"gate_backpressure: 123 queued, 8 slots"
2026-10-09T00:21:28.075107Z,compiler,16,30,0,,,"gate_backpressure: 128 queued, 8 slots"
2026-10-09T00:22:34.133192Z,cohere_adamic,2,30,0,,,"gate_backpressure: 128 queued, 8 slots"
2026-10-09T00:22:38.015600Z,typescript,3,10,0,,,"gate_backpressure: 128 queued, 8 slots"
2026-10-09T00:22:41.763790Z,runtime,0,8,0,,,"gate_backpressure: 128 queued, 8 slots"
2026-10-09T00:22:43.665352Z,library,4,8,0,,,"gate_backpressure: 128 queued, 8 slots"
2026-10-09T00:22:52.251013Z,developer_tools,0,4,0,,,"gate_backpressure: 128 queued, 8 slots"
2026-10-09T00:26:28.068926Z,compiler,17,30,0,,,"gate_backpressure: 128 queued, 8 slots"
2026-10-09T00:27:00.405948Z,cohere_adamic,2,30,0,,,"gate_backpressure: 128 queued, 8 slots"
2026-10-09T00:27:04.369369Z,typescript,3,10,0,,,"gate_backpressure: 128 queued, 8 slots"
2026-10-09T00:27:08.376483Z,runtime,0,8,0,,,"gate_backpressure: 128 queued, 8 slots"
2026-10-09T00:27:10.497275Z,library,4,8,0,,,"gate_backpressure: 128 queued, 8 slots"
2026-10-09T00:27:19.137294Z,developer_tools,0,4,0,,,"gate_backpressure: 128 queued, 8 slots"
2026-10-09T00:31:28.593420Z,compiler,15,30,0,,,"gate_backpressure: 125 queued, 8 slots"
2026-10-09T00:32:01.890091Z,cohere_adamic,2,30,0,,,"gate_backpressure: 125 queued, 8 slots"
2026-10-09T00:32:05.967308Z,typescript,4,10,0,,,"gate_backpressure: 125 queued, 8 slots"
2026-10-09T00:32:09.597084Z,runtime,0,8,0,,,"gate_backpressure: 125 queued, 8 slots"
2026-10-09T00:32:11.555627Z,library,4,8,0,,,"gate_backpressure: 125 queued, 8 slots"
2026-10-09T00:32:19.973409Z,developer_tools,0,4,0,,,"gate_backpressure: 125 queued, 8 slots"
2026-10-09T00:36:28.998374Z,compiler,15,30,0,,,"gate_backpressure: 127 queued, 8 slots"
2026-10-09T00:37:01.131473Z,cohere_adamic,2,30,0,,,"gate_backpressure: 127 queued, 8 slots"
2026-10-09T00:37:04.567987Z,typescript,4,10,0,,,"gate_backpressure: 127 queued, 8 slots"
2026-10-09T00:37:08.325903Z,runtime,0,8,0,,,"gate_backpressure: 127 queued, 8 slots"
2026-10-09T00:37:10.268699Z,library,3,8,0,,,"gate_backpressure: 127 queued, 8 slots"
2026-10-09T00:37:19.054578Z,developer_tools,0,4,0,,,"gate_backpressure: 127 queued, 8 slots"
2026-10-09T00:41:29.022937Z,compiler,16,30,0,,,"gate_backpressure: 130 queued, 8 slots"
2026-10-09T00:42:02.744008Z,cohere_adamic,2,30,0,,,"gate_backpressure: 130 queued, 8 slots"
2026-10-09T00:42:06.734141Z,typescript,4,10,0,,,"gate_backpressure: 130 queued, 8 slots"
2026-10-09T00:42:10.590716Z,runtime,0,8,0,,,"gate_backpressure: 130 queued, 8 slots"
2026-10-09T00:42:12.611066Z,library,3,8,0,,,"gate_backpressure: 130 queued, 8 slots"
2026-10-09T00:42:21.549661Z,developer_tools,0,4,0,,,"gate_backpressure: 130 queued, 8 slots"
2026-10-09T00:46:28.341995Z,compiler,16,30,0,,,"gate_backpressure: 125 queued, 9 slots"
2026-10-09T00:47:02.095621Z,cohere_adamic,1,30,0,,,"gate_backpressure: 125 queued, 9 slots"
2026-10-09T00:47:05.472380Z,typescript,4,10,0,,,"gate_backpressure: 125 queued, 9 slots"
2026-10-09T00:47:09.185185Z,runtime,0,8,0,,,"gate_backpressure: 125 queued, 9 slots"
2026-10-09T00:47:11.184496Z,library,2,8,0,,,"gate_backpressure: 125 queued, 9 slots"
2026-10-09T00:47:20.192650Z,developer_tools,0,4,0,,,"gate_backpressure: 125 queued, 9 slots"
2026-10-09T00:51:29.572895Z,compiler,12,30,0,,,"gate_backpressure: 125 queued, 9 slots"
2026-10-09T00:52:02.644766Z,cohere_adamic,1,30,0,,,"gate_backpressure: 125 queued, 9 slots"
2026-10-09T00:52:06.236353Z,typescript,4,10,0,,,"gate_backpressure: 125 queued, 9 slots"
2026-10-09T00:52:10.190812Z,runtime,0,8,0,,,"gate_backpressure: 125 queued, 9 slots"
2026-10-09T00:52:12.416693Z,library,2,8,0,,,"gate_backpressure: 125 queued, 9 slots"
2026-10-09T00:52:21.202749Z,developer_tools,0,4,0,,,"gate_backpressure: 125 queued, 9 slots"
2026-10-09T00:56:28.991335Z,compiler,10,30,0,,,"gate_backpressure: 125 queued, 8 slots"
2026-10-09T00:57:01.910715Z,cohere_adamic,1,30,0,,,"gate_backpressure: 125 queued, 8 slots"
2026-10-09T00:57:05.467038Z,typescript,3,10,0,,,"gate_backpressure: 125 queued, 8 slots"
2026-10-09T00:57:09.264135Z,runtime,0,8,0,,,"gate_backpressure: 125 queued, 8 slots"
2026-10-09T00:57:11.408502Z,library,3,8,0,,,"gate_backpressure: 125 queued, 8 slots"
2026-10-09T00:57:20.112530Z,developer_tools,0,4,0,,,"gate_backpressure: 125 queued, 8 slots"
2026-10-09T01:01:29.432339Z,compiler,9,30,0,,,"gate_backpressure: 123 queued, 8 slots"
2026-10-09T01:02:17.757119Z,cohere_adamic,1,30,0,,,"gate_backpressure: 123 queued, 8 slots"
2026-10-09T01:02:21.566211Z,typescript,3,10,0,,,"gate_backpressure: 123 queued, 8 slots"
2026-10-09T01:02:57.666470Z,runtime,0,8,0,,,"gate_backpressure: 123 queued, 8 slots"
2026-10-09T01:03:00.058827Z,library,3,8,0,,,"gate_backpressure: 123 queued, 8 slots"
2026-10-09T01:03:09.831211Z,developer_tools,1,4,0,,,"gate_backpressure: 123 queued, 8 slots"
2026-10-09T01:06:29.948176Z,compiler,7,30,0,,,"gate_backpressure: 126 queued, 10 slots"
2026-10-09T01:07:06.803272Z,cohere_adamic,0,30,0,,,"gate_backpressure: 126 queued, 10 slots"
2026-10-09T01:07:11.331929Z,typescript,2,10,0,,,"gate_backpressure: 126 queued, 10 slots"
2026-10-09T01:07:15.688464Z,runtime,0,8,0,,,"gate_backpressure: 126 queued, 10 slots"
2026-10-09T01:07:17.619119Z,library,3,8,0,,,"gate_backpressure: 126 queued, 10 slots"
2026-10-09T01:07:26.640525Z,developer_tools,1,4,0,,,"gate_backpressure: 126 queued, 10 slots"
2026-10-09T01:11:30.453650Z,compiler,5,30,0,,,"gate_backpressure: 121 queued, 10 slots"
2026-10-09T01:12:06.846768Z,cohere_adamic,0,30,0,,,"gate_backpressure: 121 queued, 10 slots"
2026-10-09T01:12:11.994560Z,typescript,1,10,0,,,"gate_backpressure: 121 queued, 10 slots"
2026-10-09T01:12:15.905474Z,runtime,0,8,0,,,"gate_backpressure: 121 queued, 10 slots"
2026-10-09T01:12:18.111665Z,library,3,8,0,,,"gate_backpressure: 121 queued, 10 slots"
2026-10-09T01:12:27.130902Z,developer_tools,1,4,0,,,"gate_backpressure: 121 queued, 10 slots"
2026-10-09T01:16:30.968053Z,compiler,4,30,0,,,"gate_backpressure: 122 queued, 10 slots"
2026-10-09T01:17:08.622672Z,cohere_adamic,0,30,0,,,"gate_backpressure: 122 queued, 10 slots"
2026-10-09T01:17:12.169279Z,typescript,1,10,0,,,"gate_backpressure: 122 queued, 10 slots"
2026-10-09T01:17:16.354441Z,runtime,0,8,0,,,"gate_backpressure: 122 queued, 10 slots"
2026-10-09T01:17:18.498772Z,library,2,8,0,,,"gate_backpressure: 122 queued, 10 slots"
2026-10-09T01:17:28.422860Z,developer_tools,0,4,0,,,"gate_backpressure: 122 queued, 10 slots"
2026-10-09T01:21:30.220630Z,compiler,4,30,0,,,"gate_backpressure: 120 queued, 11 slots"
2026-10-09T01:22:06.344434Z,cohere_adamic,0,30,0,,,"gate_backpressure: 120 queued, 11 slots"
2026-10-09T01:22:11.032124Z,typescript,1,10,0,,,"gate_backpressure: 120 queued, 11 slots"
2026-10-09T01:22:14.977585Z,runtime,0,8,0,,,"gate_backpressure: 120 queued, 11 slots"
2026-10-09T01:22:16.788377Z,library,1,8,0,,,"gate_backpressure: 120 queued, 11 slots"
2026-10-09T01:22:26.444381Z,developer_tools,0,4,0,,,"gate_backpressure: 120 queued, 11 slots"
2026-10-09T01:26:29.604348Z,compiler,4,30,0,,,"gate_backpressure: 123 queued, 10 slots"
2026-10-09T01:27:03.037877Z,cohere_adamic,0,30,0,,,"gate_backpressure: 123 queued, 10 slots"
2026-10-09T01:27:06.627128Z,typescript,1,10,0,,,"gate_backpressure: 123 queued, 10 slots"
2026-10-09T01:27:10.049852Z,runtime,0,8,0,,,"gate_backpressure: 123 queued, 10 slots"
2026-10-09T01:27:11.975176Z,library,1,8,0,,,"gate_backpressure: 123 queued, 10 slots"
2026-10-09T01:27:20.388392Z,developer_tools,0,4,0,,,"gate_backpressure: 123 queued, 10 slots"
2026-10-09T01:31:29.776984Z,compiler,3,30,0,,,"gate_backpressure: 122 queued, 10 slots"
2026-10-09T01:32:03.228757Z,cohere_adamic,0,30,0,,,"gate_backpressure: 122 queued, 10 slots"
2026-10-09T01:32:06.905555Z,typescript,1,10,0,,,"gate_backpressure: 122 queued, 10 slots"
2026-10-09T01:32:11.838722Z,runtime,0,8,0,,,"gate_backpressure: 122 queued, 10 slots"
2026-10-09T01:32:13.704329Z,library,1,8,0,,,"gate_backpressure: 122 queued, 10 slots"
2026-10-09T01:32:23.545480Z,developer_tools,0,4,0,,,"gate_backpressure: 122 queued, 10 slots"
2026-10-09T01:36:29.479386Z,compiler,2,30,0,,,"gate_backpressure: 120 queued, 10 slots"
2026-10-09T01:37:02.404118Z,cohere_adamic,0,30,0,,,"gate_backpressure: 120 queued, 10 slots"
2026-10-09T01:37:05.830264Z,typescript,1,10,0,,,"gate_backpressure: 120 queued, 10 slots"
2026-10-09T01:37:09.734934Z,runtime,0,8,0,,,"gate_backpressure: 120 queued, 10 slots"
2026-10-09T01:37:11.543493Z,library,1,8,0,,,"gate_backpressure: 120 queued, 10 slots"
2026-10-09T01:37:20.187680Z,developer_tools,0,4,0,,,"gate_backpressure: 120 queued, 10 slots"
2026-10-09T01:41:29.458795Z,compiler,5,30,0,,,"gate_backpressure: 118 queued, 11 slots"
2026-10-09T01:42:02.408262Z,cohere_adamic,0,30,0,,,"gate_backpressure: 118 queued, 11 slots"
2026-10-09T01:42:06.149977Z,typescript,1,10,0,,,"gate_backpressure: 118 queued, 11 slots"
2026-10-09T01:42:09.965645Z,runtime,0,8,0,,,"gate_backpressure: 118 queued, 11 slots"
2026-10-09T01:42:11.948245Z,library,2,8,0,,,"gate_backpressure: 118 queued, 11 slots"
2026-10-09T01:42:20.088881Z,developer_tools,0,4,0,,,"gate_backpressure: 118 queued, 11 slots"
2026-10-09T01:46:29.792397Z,compiler,3,30,0,,,"gate_backpressure: 118 queued, 11 slots"
2026-10-09T01:47:02.250396Z,cohere_adamic,0,30,0,,,"gate_backpressure: 118 queued, 11 slots"
2026-10-09T01:47:06.042953Z,typescript,1,10,0,,,"gate_backpressure: 118 queued, 11 slots"
2026-10-09T01:47:09.985995Z,runtime,0,8,0,,,"gate_backpressure: 118 queued, 11 slots"
2026-10-09T01:47:11.939442Z,library,2,8,0,,,"gate_backpressure: 118 queued, 11 slots"
2026-10-09T01:47:20.274785Z,developer_tools,0,4,0,,,"gate_backpressure: 118 queued, 11 slots"
2026-10-09T01:51:30.652132Z,compiler,4,30,0,,,"gate_backpressure: 117 queued, 11 slots"
2026-10-09T01:52:03.676999Z,cohere_adamic,0,30,0,,,"gate_backpressure: 117 queued, 11 slots"
2026-10-09T01:52:07.142332Z,typescript,1,10,0,,,"gate_backpressure: 117 queued, 11 slots"
2026-10-09T01:52:11.045414Z,runtime,0,8,0,,,"gate_backpressure: 117 queued, 11 slots"
2026-10-09T01:52:13.140608Z,library,2,8,0,,,"gate_backpressure: 117 queued, 11 slots"
2026-10-09T01:52:21.664519Z,developer_tools,0,4,0,,,"gate_backpressure: 117 queued, 11 slots"
2026-10-09T01:56:29.940487Z,compiler,5,30,0,,,"gate_backpressure: 117 queued, 11 slots"
2026-10-09T01:57:02.066813Z,cohere_adamic,0,30,0,,,"gate_backpressure: 117 queued, 11 slots"
2026-10-09T01:57:05.490523Z,typescript,1,10,0,,,"gate_backpressure: 117 queued, 11 slots"
2026-10-09T01:57:09.413005Z,runtime,0,8,0,,,"gate_backpressure: 117 queued, 11 slots"
2026-10-09T01:57:11.228113Z,library,1,8,0,,,"gate_backpressure: 117 queued, 11 slots"
2026-10-09T01:57:20.022465Z,developer_tools,0,4,0,,,"gate_backpressure: 117 queued, 11 slots"
2026-10-09T02:01:30.225244Z,compiler,3,30,0,,,"gate_backpressure: 118 queued, 11 slots"
2026-10-09T02:02:03.091577Z,cohere_adamic,0,30,0,,,"gate_backpressure: 118 queued, 11 slots"
2026-10-09T02:02:06.989410Z,typescript,1,10,0,,,"gate_backpressure: 118 queued, 11 slots"
2026-10-09T02:02:10.917913Z,runtime,0,8,0,,,"gate_backpressure: 118 queued, 11 slots"
2026-10-09T02:02:13.126115Z,library,1,8,0,,,"gate_backpressure: 118 queued, 11 slots"
2026-10-09T02:02:22.223277Z,developer_tools,0,4,0,,,"gate_backpressure: 118 queued, 11 slots"
2026-10-09T02:06:30.472612Z,compiler,3,30,0,,,"gate_backpressure: 119 queued, 11 slots"
2026-10-09T02:07:02.561048Z,cohere_adamic,0,30,0,,,"gate_backpressure: 119 queued, 11 slots"
2026-10-09T02:07:06.096509Z,typescript,1,10,0,,,"gate_backpressure: 119 queued, 11 slots"
2026-10-09T02:07:10.267491Z,runtime,0,8,0,,,"gate_backpressure: 119 queued, 11 slots"
2026-10-09T02:07:12.356660Z,library,1,8,0,,,"gate_backpressure: 119 queued, 11 slots"
2026-10-09T02:07:20.757263Z,developer_tools,0,4,0,,,"gate_backpressure: 119 queued, 11 slots"
2026-10-09T02:11:30.328020Z,compiler,3,30,0,,,"gate_backpressure: 116 queued, 11 slots"
2026-10-09T02:12:01.531452Z,cohere_adamic,0,30,0,,,"gate_backpressure: 116 queued, 11 slots"
2026-10-09T02:12:05.281967Z,typescript,1,10,0,,,"gate_backpressure: 116 queued, 11 slots"
2026-10-09T02:12:08.875070Z,runtime,0,8,0,,,"gate_backpressure: 116 queued, 11 slots"
2026-10-09T02:12:10.896251Z,library,1,8,0,,,"gate_backpressure: 116 queued, 11 slots"
2026-10-09T02:12:19.452064Z,developer_tools,0,4,0,,,"gate_backpressure: 116 queued, 11 slots"
2026-10-09T02:16:30.732626Z,compiler,5,30,0,,,"gate_backpressure: 117 queued, 12 slots"
2026-10-09T02:17:03.339809Z,cohere_adamic,0,30,0,,,"gate_backpressure: 117 queued, 12 slots"
2026-10-09T02:17:06.987659Z,typescript,1,10,0,,,"gate_backpressure: 117 queued, 12 slots"
2026-10-09T02:17:10.669177Z,runtime,0,8,0,,,"gate_backpressure: 117 queued, 12 slots"
2026-10-09T02:17:12.478933Z,library,1,8,0,,,"gate_backpressure: 117 queued, 12 slots"
2026-10-09T02:17:21.060913Z,developer_tools,0,4,0,,,"gate_backpressure: 117 queued, 12 slots"
2026-10-09T02:21:30.510387Z,compiler,3,30,0,,,"gate_backpressure: 120 queued, 12 slots"
2026-10-09T02:22:05.105717Z,cohere_adamic,0,30,0,,,"gate_backpressure: 120 queued, 12 slots"
2026-10-09T02:22:08.772817Z,typescript,0,10,0,,,"gate_backpressure: 120 queued, 12 slots"
2026-10-09T02:22:12.354471Z,runtime,0,8,0,,,"gate_backpressure: 120 queued, 12 slots"
2026-10-09T02:22:14.303314Z,library,1,8,0,,,"gate_backpressure: 120 queued, 12 slots"
2026-10-09T02:22:22.945737Z,developer_tools,0,4,0,,,"gate_backpressure: 120 queued, 12 slots"
2026-10-09T02:26:31.334603Z,compiler,3,30,0,,,"gate_backpressure: 120 queued, 11 slots"
2026-10-09T02:27:03.283825Z,cohere_adamic,0,30,0,,,"gate_backpressure: 120 queued, 11 slots"
2026-10-09T02:27:07.118889Z,typescript,0,10,0,,,"gate_backpressure: 120 queued, 11 slots"
2026-10-09T02:27:12.770326Z,runtime,0,8,0,,,"gate_backpressure: 120 queued, 11 slots"
2026-10-09T02:27:14.869902Z,library,1,8,0,,,"gate_backpressure: 120 queued, 11 slots"
2026-10-09T02:27:23.277586Z,developer_tools,0,4,0,,,"gate_backpressure: 120 queued, 11 slots"
2026-10-09T02:31:31.127100Z,compiler,3,30,0,,,"gate_backpressure: 119 queued, 11 slots"
2026-10-09T02:32:07.478723Z,cohere_adamic,0,30,0,,,"gate_backpressure: 119 queued, 11 slots"
2026-10-09T02:32:11.350013Z,typescript,0,10,0,,,"gate_backpressure: 119 queued, 11 slots"
2026-10-09T02:32:15.486430Z,runtime,0,8,0,,,"gate_backpressure: 119 queued, 11 slots"
2026-10-09T02:32:17.746137Z,library,1,8,0,,,"gate_backpressure: 119 queued, 11 slots"
2026-10-09T02:32:26.094991Z,developer_tools,0,4,0,,,"gate_backpressure: 119 queued, 11 slots"
2026-10-09T02:36:34.344377Z,compiler,1,30,0,,,"gate_backpressure: 118 queued, 11 slots"
2026-10-09T02:37:14.950632Z,cohere_adamic,0,30,0,,,"gate_backpressure: 118 queued, 11 slots"
2026-10-09T02:37:18.647834Z,typescript,0,10,0,,,"gate_backpressure: 118 queued, 11 slots"
2026-10-09T02:37:22.815344Z,runtime,0,8,0,,,"gate_backpressure: 118 queued, 11 slots"
2026-10-09T02:37:24.997058Z,library,1,8,0,,,"gate_backpressure: 118 queued, 11 slots"
2026-10-09T02:37:34.145058Z,developer_tools,0,4,0,,,"gate_backpressure: 118 queued, 11 slots"
2026-10-09T02:41:31.295401Z,compiler,7,30,0,,,"gate_backpressure: 119 queued, 11 slots"
2026-10-09T02:42:06.978649Z,cohere_adamic,0,30,0,,,"gate_backpressure: 119 queued, 11 slots"
2026-10-09T02:42:10.811528Z,typescript,1,10,0,,,"gate_backpressure: 119 queued, 11 slots"
2026-10-09T02:42:23.248193Z,runtime,0,8,1,15-step06b-core-runtime-only.md,01a11431-4432-7421-9353-50c70c0d8039,sent
2026-10-09T02:42:23.529044Z,runtime,1,8,0,,,queue_empty
2026-10-09T02:42:26.346537Z,library,2,8,0,,,"gate_backpressure: 119 queued, 11 slots"
2026-10-09T02:42:34.887541Z,developer_tools,0,4,0,,,"gate_backpressure: 119 queued, 11 slots"
2026-10-09T02:46:32.197783Z,compiler,7,30,0,,,"gate_backpressure: 120 queued, 11 slots"
2026-10-09T02:47:07.615890Z,cohere_adamic,0,30,0,,,"gate_backpressure: 120 queued, 11 slots"
2026-10-09T02:47:11.083370Z,typescript,2,10,0,,,"gate_backpressure: 120 queued, 11 slots"
2026-10-09T02:47:15.006580Z,runtime,1,8,0,,,"gate_backpressure: 120 queued, 11 slots"
2026-10-09T02:47:17.001036Z,library,2,8,0,,,"gate_backpressure: 120 queued, 11 slots"
2026-10-09T02:47:25.431490Z,developer_tools,0,4,0,,,"gate_backpressure: 120 queued, 11 slots"
2026-10-09T02:51:31.280785Z,compiler,8,30,0,,,"gate_backpressure: 120 queued, 11 slots"
2026-10-09T02:52:04.797448Z,cohere_adamic,0,30,0,,,"gate_backpressure: 120 queued, 11 slots"
2026-10-09T02:52:08.113722Z,typescript,1,10,0,,,"gate_backpressure: 120 queued, 11 slots"
2026-10-09T02:52:12.138456Z,runtime,1,8,0,,,"gate_backpressure: 120 queued, 11 slots"
2026-10-09T02:52:14.308466Z,library,1,8,0,,,"gate_backpressure: 120 queued, 11 slots"
2026-10-09T02:52:23.285912Z,developer_tools,0,4,0,,,"gate_backpressure: 120 queued, 11 slots"
2026-10-09T02:56:30.777458Z,compiler,8,30,0,,,"gate_backpressure: 120 queued, 11 slots"
2026-10-09T02:57:06.024413Z,cohere_adamic,0,30,0,,,"gate_backpressure: 120 queued, 11 slots"
2026-10-09T02:57:09.772165Z,typescript,0,10,0,,,"gate_backpressure: 120 queued, 11 slots"
2026-10-09T02:57:13.701490Z,runtime,1,8,0,,,"gate_backpressure: 120 queued, 11 slots"
2026-10-09T02:57:16.976755Z,library,1,8,0,,,"gate_backpressure: 120 queued, 11 slots"
2026-10-09T02:57:25.766896Z,developer_tools,0,4,0,,,"gate_backpressure: 120 queued, 11 slots"
2026-10-09T03:01:31.451806Z,compiler,7,30,0,,,"gate_backpressure: 123 queued, 11 slots"
2026-10-09T03:02:08.490595Z,cohere_adamic,0,30,0,,,"gate_backpressure: 123 queued, 11 slots"
2026-10-09T03:02:12.078374Z,typescript,0,10,0,,,"gate_backpressure: 123 queued, 11 slots"
2026-10-09T03:02:16.161536Z,runtime,1,8,0,,,"gate_backpressure: 123 queued, 11 slots"
2026-10-09T03:02:18.287395Z,library,1,8,0,,,"gate_backpressure: 123 queued, 11 slots"
2026-10-09T03:02:26.888699Z,developer_tools,0,4,0,,,"gate_backpressure: 123 queued, 11 slots"
2026-10-09T03:06:31.062858Z,compiler,7,30,0,,,"gate_backpressure: 123 queued, 11 slots"
2026-10-09T03:07:04.385183Z,cohere_adamic,0,30,0,,,"gate_backpressure: 123 queued, 11 slots"
2026-10-09T03:07:07.972374Z,typescript,0,10,0,,,"gate_backpressure: 123 queued, 11 slots"
2026-10-09T03:07:11.809456Z,runtime,1,8,0,,,"gate_backpressure: 123 queued, 11 slots"
2026-10-09T03:07:13.854635Z,library,1,8,0,,,"gate_backpressure: 123 queued, 11 slots"
2026-10-09T03:07:22.637855Z,developer_tools,3,4,0,,,"gate_backpressure: 123 queued, 11 slots"
2026-10-09T03:11:30.654340Z,compiler,8,30,0,,,"gate_backpressure: 122 queued, 11 slots"
2026-10-09T03:12:05.971013Z,cohere_adamic,0,30,0,,,"gate_backpressure: 122 queued, 11 slots"
2026-10-09T03:12:10.137805Z,typescript,0,10,0,,,"gate_backpressure: 122 queued, 11 slots"
2026-10-09T03:12:22.329908Z,runtime,1,8,1,18-grain-decode-normalize-testonly.md,01a11477-b1e8-7134-8ed7-8360ef421013,sent
2026-10-09T03:12:22.589756Z,runtime,2,8,0,,,queue_empty
2026-10-09T03:12:24.962235Z,library,1,8,0,,,"gate_backpressure: 122 queued, 11 slots"
2026-10-09T03:12:34.330304Z,developer_tools,4,4,0,,,floor_met
2026-10-09T03:16:31.033215Z,compiler,7,30,0,,,"gate_backpressure: 128 queued, 10 slots"
2026-10-09T03:17:10.393790Z,cohere_adamic,0,30,0,,,"gate_backpressure: 128 queued, 10 slots"
2026-10-09T03:17:14.211118Z,typescript,1,10,0,,,"gate_backpressure: 128 queued, 10 slots"
2026-10-09T03:17:18.002259Z,runtime,2,8,0,,,"gate_backpressure: 128 queued, 10 slots"
2026-10-09T03:17:20.200499Z,library,2,8,0,,,"gate_backpressure: 128 queued, 10 slots"
2026-10-09T03:17:29.933286Z,developer_tools,3,4,0,,,"gate_backpressure: 128 queued, 10 slots"
2026-10-09T03:21:42.586169Z,compiler,5,30,0,,,"gate_backpressure: 124 queued, 11 slots"
2026-10-09T03:24:33.184728Z,cohere_adamic,0,30,0,,,"gate_backpressure: 124 queued, 11 slots"
2026-10-09T03:24:48.693817Z,typescript,1,10,0,,,"gate_backpressure: 124 queued, 11 slots"
2026-10-09T03:25:02.942098Z,runtime,0,8,0,,,"gate_backpressure: 124 queued, 11 slots"
2026-10-09T03:25:14.893087Z,library,0,8,0,,,"gate_backpressure: 124 queued, 11 slots"
2026-10-09T03:25:42.819895Z,developer_tools,15,4,0,,,floor_met
2026-10-09T03:29:09.661305Z,compiler,5,30,0,,,"gate_backpressure: 130 queued, 11 slots"
2026-10-09T03:34:53.447268Z,cohere_adamic,0,30,0,,,"gate_backpressure: 130 queued, 11 slots"
2026-10-09T03:34:57.219013Z,typescript,0,10,0,,,"gate_backpressure: 130 queued, 11 slots"
2026-10-09T03:35:01.087936Z,runtime,0,8,0,,,"gate_backpressure: 130 queued, 11 slots"
2026-10-09T03:35:02.946715Z,library,0,8,0,,,"gate_backpressure: 130 queued, 11 slots"
2026-10-09T03:35:13.065752Z,developer_tools,10,4,0,,,floor_met
2026-10-09T03:35:26.600623Z,compiler,4,30,0,,,"gate_backpressure: 132 queued, 11 slots"
2026-10-09T03:36:01.048872Z,cohere_adamic,0,30,0,,,"gate_backpressure: 132 queued, 11 slots"
2026-10-09T03:36:04.595815Z,typescript,0,10,0,,,"gate_backpressure: 132 queued, 11 slots"
2026-10-09T03:36:08.501669Z,runtime,0,8,0,,,"gate_backpressure: 132 queued, 11 slots"
2026-10-09T03:36:10.518533Z,library,0,8,0,,,"gate_backpressure: 132 queued, 11 slots"
2026-10-09T03:36:19.616492Z,developer_tools,10,4,0,,,floor_met
2026-10-09T03:40:26.564222Z,compiler,5,30,0,,,"gate_backpressure: 137 queued, 11 slots"
2026-10-09T03:40:58.873326Z,cohere_adamic,0,30,0,,,"gate_backpressure: 137 queued, 11 slots"
2026-10-09T03:41:02.319844Z,typescript,0,10,0,,,"gate_backpressure: 137 queued, 11 slots"
2026-10-09T03:41:06.067127Z,runtime,0,8,0,,,"gate_backpressure: 137 queued, 11 slots"
2026-10-09T03:41:08.130548Z,library,0,8,0,,,"gate_backpressure: 137 queued, 11 slots"
2026-10-09T03:41:17.267945Z,developer_tools,7,4,0,,,floor_met
2026-10-09T03:45:26.185626Z,compiler,5,30,0,,,"gate_backpressure: 142 queued, 11 slots"
2026-10-09T03:45:58.636467Z,cohere_adamic,0,30,0,,,"gate_backpressure: 142 queued, 11 slots"
2026-10-09T03:46:02.315227Z,typescript,0,10,0,,,"gate_backpressure: 142 queued, 11 slots"
2026-10-09T03:46:05.897568Z,runtime,0,8,0,,,"gate_backpressure: 142 queued, 11 slots"
2026-10-09T03:46:07.985629Z,library,0,8,0,,,"gate_backpressure: 142 queued, 11 slots"
2026-10-09T03:46:16.806297Z,developer_tools,3,4,0,,,"gate_backpressure: 142 queued, 11 slots"
2026-10-09T03:50:26.297483Z,compiler,5,30,0,,,"gate_backpressure: 132 queued, 11 slots"
2026-10-09T03:50:59.849906Z,cohere_adamic,0,30,0,,,"gate_backpressure: 132 queued, 11 slots"
2026-10-09T03:51:03.315715Z,typescript,0,10,0,,,"gate_backpressure: 132 queued, 11 slots"
2026-10-09T03:51:07.035346Z,runtime,0,8,0,,,"gate_backpressure: 132 queued, 11 slots"
2026-10-09T03:51:09.196393Z,library,0,8,0,,,"gate_backpressure: 132 queued, 11 slots"
2026-10-09T03:51:18.377242Z,developer_tools,5,4,0,,,floor_met
2026-10-09T03:55:26.793984Z,compiler,5,30,0,,,"gate_backpressure: 133 queued, 11 slots"
2026-10-09T03:55:59.873736Z,cohere_adamic,0,30,0,,,"gate_backpressure: 133 queued, 11 slots"
2026-10-09T03:56:03.385593Z,typescript,0,10,0,,,"gate_backpressure: 133 queued, 11 slots"
2026-10-09T03:56:07.106621Z,runtime,0,8,0,,,"gate_backpressure: 133 queued, 11 slots"
2026-10-09T03:56:08.812290Z,library,0,8,0,,,"gate_backpressure: 133 queued, 11 slots"
2026-10-09T03:56:18.067194Z,developer_tools,3,4,0,,,"gate_backpressure: 133 queued, 11 slots"
2026-10-09T04:00:25.821765Z,compiler,6,30,0,,,"gate_backpressure: 135 queued, 11 slots"
2026-10-09T04:00:57.962195Z,cohere_adamic,0,30,0,,,"gate_backpressure: 135 queued, 11 slots"
2026-10-09T04:01:01.474575Z,typescript,0,10,0,,,"gate_backpressure: 135 queued, 11 slots"
2026-10-09T04:01:05.309672Z,runtime,0,8,0,,,"gate_backpressure: 135 queued, 11 slots"
2026-10-09T04:01:07.217819Z,library,0,8,0,,,"gate_backpressure: 135 queued, 11 slots"
2026-10-09T04:01:16.338811Z,developer_tools,1,4,0,,,"gate_backpressure: 135 queued, 11 slots"
2026-10-09T04:05:25.945773Z,compiler,4,30,0,,,"gate_backpressure: 135 queued, 11 slots"
2026-10-09T04:05:59.355402Z,cohere_adamic,0,30,0,,,"gate_backpressure: 135 queued, 11 slots"
2026-10-09T04:06:03.041695Z,typescript,0,10,0,,,"gate_backpressure: 135 queued, 11 slots"
2026-10-09T04:06:06.904787Z,runtime,0,8,0,,,"gate_backpressure: 135 queued, 11 slots"
2026-10-09T04:06:08.978905Z,library,0,8,0,,,"gate_backpressure: 135 queued, 11 slots"
2026-10-09T04:06:18.399403Z,developer_tools,0,4,0,,,"gate_backpressure: 135 queued, 11 slots"
2026-10-09T04:10:26.195084Z,compiler,3,30,0,,,"gate_backpressure: 136 queued, 12 slots"
2026-10-09T04:11:03.986911Z,cohere_adamic,0,30,0,,,"gate_backpressure: 136 queued, 12 slots"
2026-10-09T04:11:07.972317Z,typescript,0,10,0,,,"gate_backpressure: 136 queued, 12 slots"
2026-10-09T04:11:11.978101Z,runtime,0,8,0,,,"gate_backpressure: 136 queued, 12 slots"
2026-10-09T04:11:14.141684Z,library,0,8,0,,,"gate_backpressure: 136 queued, 12 slots"
2026-10-09T04:11:23.280073Z,developer_tools,0,4,0,,,"gate_backpressure: 136 queued, 12 slots"
2026-10-09T04:15:26.841035Z,compiler,3,30,0,,,"gate_backpressure: 136 queued, 11 slots"
2026-10-09T04:16:02.319971Z,cohere_adamic,0,30,0,,,"gate_backpressure: 136 queued, 11 slots"
2026-10-09T04:16:05.839156Z,typescript,0,10,0,,,"gate_backpressure: 136 queued, 11 slots"
2026-10-09T04:16:09.725079Z,runtime,0,8,0,,,"gate_backpressure: 136 queued, 11 slots"
2026-10-09T04:16:12.009116Z,library,0,8,0,,,"gate_backpressure: 136 queued, 11 slots"
2026-10-09T04:16:21.213491Z,developer_tools,0,4,0,,,"gate_backpressure: 136 queued, 11 slots"
2026-10-09T04:20:25.891011Z,compiler,8,30,0,,,"gate_backpressure: 132 queued, 12 slots"
2026-10-09T04:20:58.431392Z,cohere_adamic,0,30,0,,,"gate_backpressure: 132 queued, 12 slots"
2026-10-09T04:21:01.988095Z,typescript,0,10,0,,,"gate_backpressure: 132 queued, 12 slots"
2026-10-09T04:21:05.549921Z,runtime,1,8,0,,,"gate_backpressure: 132 queued, 12 slots"
2026-10-09T04:21:07.445715Z,library,0,8,0,,,"gate_backpressure: 132 queued, 12 slots"
2026-10-09T04:21:17.228273Z,developer_tools,0,4,0,,,"gate_backpressure: 132 queued, 12 slots"
2026-10-09T04:25:26.183323Z,compiler,11,30,0,,,"gate_backpressure: 128 queued, 16 slots"
2026-10-09T04:25:58.917851Z,cohere_adamic,0,30,0,,,"gate_backpressure: 128 queued, 16 slots"
2026-10-09T04:26:02.593390Z,typescript,0,10,0,,,"gate_backpressure: 128 queued, 16 slots"
2026-10-09T04:26:07.584988Z,runtime,0,8,0,,,"gate_backpressure: 128 queued, 16 slots"
2026-10-09T04:26:09.625746Z,library,0,8,0,,,"gate_backpressure: 128 queued, 16 slots"
2026-10-09T04:26:21.574625Z,developer_tools,0,4,0,,,"gate_backpressure: 128 queued, 16 slots"
2026-10-09T04:30:26.583715Z,compiler,10,30,0,,,"gate_backpressure: 128 queued, 16 slots"
2026-10-09T04:30:59.485304Z,cohere_adamic,0,30,0,,,"gate_backpressure: 128 queued, 16 slots"
2026-10-09T04:31:02.908194Z,typescript,0,10,0,,,"gate_backpressure: 128 queued, 16 slots"
2026-10-09T04:31:06.664878Z,runtime,0,8,0,,,"gate_backpressure: 128 queued, 16 slots"
2026-10-09T04:31:08.758732Z,library,0,8,0,,,"gate_backpressure: 128 queued, 16 slots"
2026-10-09T04:31:17.626904Z,developer_tools,0,4,0,,,"gate_backpressure: 128 queued, 16 slots"
2026-10-09T04:35:26.910335Z,compiler,11,30,0,,,"gate_backpressure: 129 queued, 16 slots"
2026-10-09T04:35:59.394487Z,cohere_adamic,0,30,0,,,"gate_backpressure: 129 queued, 16 slots"
2026-10-09T04:36:02.781332Z,typescript,0,10,0,,,"gate_backpressure: 129 queued, 16 slots"
2026-10-09T04:36:06.702249Z,runtime,0,8,0,,,"gate_backpressure: 129 queued, 16 slots"
2026-10-09T04:36:08.746964Z,library,0,8,0,,,"gate_backpressure: 129 queued, 16 slots"
2026-10-09T04:36:18.022321Z,developer_tools,0,4,0,,,"gate_backpressure: 129 queued, 16 slots"
2026-10-09T04:40:26.222446Z,compiler,10,30,0,,,"gate_backpressure: 123 queued, 16 slots"
2026-10-09T04:40:59.934831Z,cohere_adamic,0,30,0,,,"gate_backpressure: 123 queued, 16 slots"
2026-10-09T04:41:03.693547Z,typescript,0,10,0,,,"gate_backpressure: 123 queued, 16 slots"
2026-10-09T04:41:07.330526Z,runtime,0,8,0,,,"gate_backpressure: 123 queued, 16 slots"
2026-10-09T04:41:09.800656Z,library,0,8,0,,,"gate_backpressure: 123 queued, 16 slots"
2026-10-09T04:41:19.301090Z,developer_tools,1,4,0,,,"gate_backpressure: 123 queued, 16 slots"
2026-10-09T04:45:26.706023Z,compiler,9,30,0,,,"gate_backpressure: 119 queued, 16 slots"
2026-10-09T04:45:59.479738Z,cohere_adamic,0,30,0,,,"gate_backpressure: 119 queued, 16 slots"
2026-10-09T04:46:03.382658Z,typescript,0,10,0,,,"gate_backpressure: 119 queued, 16 slots"
2026-10-09T04:46:07.249906Z,runtime,0,8,0,,,"gate_backpressure: 119 queued, 16 slots"
2026-10-09T04:46:09.400209Z,library,0,8,0,,,"gate_backpressure: 119 queued, 16 slots"
2026-10-09T04:46:19.583879Z,developer_tools,0,4,0,,,"gate_backpressure: 119 queued, 16 slots"
2026-10-09T04:50:26.748514Z,compiler,8,30,0,,,"gate_backpressure: 120 queued, 16 slots"
2026-10-09T04:51:00.799548Z,cohere_adamic,0,30,0,,,"gate_backpressure: 120 queued, 16 slots"
2026-10-09T04:51:04.435738Z,typescript,0,10,0,,,"gate_backpressure: 120 queued, 16 slots"
2026-10-09T04:51:08.273043Z,runtime,0,8,0,,,"gate_backpressure: 120 queued, 16 slots"
2026-10-09T04:51:10.306013Z,library,0,8,0,,,"gate_backpressure: 120 queued, 16 slots"
2026-10-09T04:51:19.588765Z,developer_tools,0,4,0,,,"gate_backpressure: 120 queued, 16 slots"
2026-10-09T04:55:26.622069Z,compiler,8,30,0,,,"gate_backpressure: 122 queued, 16 slots"
2026-10-09T04:55:59.615858Z,cohere_adamic,0,30,0,,,"gate_backpressure: 122 queued, 16 slots"
2026-10-09T04:56:03.328678Z,typescript,0,10,0,,,"gate_backpressure: 122 queued, 16 slots"
2026-10-09T04:56:07.230652Z,runtime,0,8,0,,,"gate_backpressure: 122 queued, 16 slots"
2026-10-09T04:56:09.276261Z,library,0,8,0,,,"gate_backpressure: 122 queued, 16 slots"
2026-10-09T04:56:19.114080Z,developer_tools,0,4,0,,,"gate_backpressure: 122 queued, 16 slots"
2026-10-09T05:00:27.487866Z,compiler,8,30,0,,,"gate_backpressure: 121 queued, 16 slots"
2026-10-09T05:01:00.592560Z,cohere_adamic,0,30,0,,,"gate_backpressure: 121 queued, 16 slots"
2026-10-09T05:01:04.181737Z,typescript,0,10,0,,,"gate_backpressure: 121 queued, 16 slots"
2026-10-09T05:01:08.078473Z,runtime,0,8,0,,,"gate_backpressure: 121 queued, 16 slots"
2026-10-09T05:01:10.158756Z,library,1,8,0,,,"gate_backpressure: 121 queued, 16 slots"
2026-10-09T05:01:19.758702Z,developer_tools,0,4,0,,,"gate_backpressure: 121 queued, 16 slots"
2026-10-09T05:05:26.650643Z,compiler,6,30,0,,,"gate_backpressure: 121 queued, 16 slots"
2026-10-09T05:05:58.995243Z,cohere_adamic,0,30,0,,,"gate_backpressure: 121 queued, 16 slots"
2026-10-09T05:06:03.083092Z,typescript,0,10,0,,,"gate_backpressure: 121 queued, 16 slots"
2026-10-09T05:06:06.769077Z,runtime,1,8,0,,,"gate_backpressure: 121 queued, 16 slots"
2026-10-09T05:06:08.823964Z,library,1,8,0,,,"gate_backpressure: 121 queued, 16 slots"
2026-10-09T05:06:18.437937Z,developer_tools,0,4,0,,,"gate_backpressure: 121 queued, 16 slots"
2026-10-09T05:10:26.810010Z,compiler,6,30,0,,,"gate_backpressure: 120 queued, 16 slots"
2026-10-09T05:10:59.662748Z,cohere_adamic,0,30,0,,,"gate_backpressure: 120 queued, 16 slots"
2026-10-09T05:11:03.349541Z,typescript,0,10,0,,,"gate_backpressure: 120 queued, 16 slots"
2026-10-09T05:11:07.029541Z,runtime,0,8,0,,,"gate_backpressure: 120 queued, 16 slots"
2026-10-09T05:11:09.079774Z,library,1,8,0,,,"gate_backpressure: 120 queued, 16 slots"
2026-10-09T05:11:18.486639Z,developer_tools,1,4,0,,,"gate_backpressure: 120 queued, 16 slots"
2026-10-09T05:15:27.171491Z,compiler,6,30,0,,,"gate_backpressure: 119 queued, 16 slots"
2026-10-09T05:16:02.384687Z,cohere_adamic,0,30,0,,,"gate_backpressure: 119 queued, 16 slots"
2026-10-09T05:16:07.051576Z,typescript,0,10,0,,,"gate_backpressure: 119 queued, 16 slots"
2026-10-09T05:16:11.212341Z,runtime,0,8,0,,,"gate_backpressure: 119 queued, 16 slots"
2026-10-09T05:16:13.362009Z,library,2,8,0,,,"gate_backpressure: 119 queued, 16 slots"
2026-10-09T05:16:23.227194Z,developer_tools,1,4,0,,,"gate_backpressure: 119 queued, 16 slots"
2026-10-09T05:20:26.836969Z,compiler,9,30,0,,,"gate_backpressure: 122 queued, 17 slots"
2026-10-09T05:21:00.068536Z,cohere_adamic,0,30,0,,,"gate_backpressure: 122 queued, 17 slots"
2026-10-09T05:21:03.790035Z,typescript,0,10,0,,,"gate_backpressure: 122 queued, 17 slots"
2026-10-09T05:21:07.952519Z,runtime,0,8,0,,,"gate_backpressure: 122 queued, 17 slots"
2026-10-09T05:21:09.836337Z,library,2,8,0,,,"gate_backpressure: 122 queued, 17 slots"
2026-10-09T05:21:19.629721Z,developer_tools,0,4,0,,,"gate_backpressure: 122 queued, 17 slots"
2026-10-09T05:25:26.649340Z,compiler,9,30,0,,,"gate_backpressure: 124 queued, 17 slots"
2026-10-09T05:25:59.506568Z,cohere_adamic,0,30,0,,,"gate_backpressure: 124 queued, 17 slots"
2026-10-09T05:26:03.406211Z,typescript,0,10,0,,,"gate_backpressure: 124 queued, 17 slots"
2026-10-09T05:26:07.215899Z,runtime,0,8,0,,,"gate_backpressure: 124 queued, 17 slots"
2026-10-09T05:26:09.158571Z,library,0,8,0,,,"gate_backpressure: 124 queued, 17 slots"
2026-10-09T05:26:18.560629Z,developer_tools,0,4,0,,,"gate_backpressure: 124 queued, 17 slots"
2026-10-09T05:30:27.561357Z,compiler,10,30,0,,,"gate_backpressure: 124 queued, 17 slots"
2026-10-09T05:31:00.571452Z,cohere_adamic,0,30,0,,,"gate_backpressure: 124 queued, 17 slots"
2026-10-09T05:31:04.978479Z,typescript,0,10,0,,,"gate_backpressure: 124 queued, 17 slots"
2026-10-09T05:31:09.065285Z,runtime,0,8,0,,,"gate_backpressure: 124 queued, 17 slots"
2026-10-09T05:31:11.071857Z,library,0,8,0,,,"gate_backpressure: 124 queued, 17 slots"
2026-10-09T05:31:20.231251Z,developer_tools,2,4,0,,,"gate_backpressure: 124 queued, 17 slots"
2026-10-09T05:35:27.687455Z,compiler,11,30,0,,,"gate_backpressure: 120 queued, 17 slots"
2026-10-09T05:36:01.822851Z,cohere_adamic,0,30,0,,,"gate_backpressure: 120 queued, 17 slots"
2026-10-09T05:36:05.457175Z,typescript,0,10,0,,,"gate_backpressure: 120 queued, 17 slots"
2026-10-09T05:36:09.267002Z,runtime,0,8,0,,,"gate_backpressure: 120 queued, 17 slots"
2026-10-09T05:36:11.332274Z,library,0,8,0,,,"gate_backpressure: 120 queued, 17 slots"
2026-10-09T05:36:20.391644Z,developer_tools,1,4,0,,,"gate_backpressure: 120 queued, 17 slots"
2026-10-09T05:40:26.998782Z,compiler,10,30,0,,,"gate_backpressure: 120 queued, 17 slots"
2026-10-09T05:40:59.992638Z,cohere_adamic,0,30,0,,,"gate_backpressure: 120 queued, 17 slots"
2026-10-09T05:41:03.453360Z,typescript,0,10,0,,,"gate_backpressure: 120 queued, 17 slots"
2026-10-09T05:41:07.446601Z,runtime,0,8,0,,,"gate_backpressure: 120 queued, 17 slots"
2026-10-09T05:41:09.712408Z,library,0,8,0,,,"gate_backpressure: 120 queued, 17 slots"
2026-10-09T05:41:20.222457Z,developer_tools,1,4,0,,,"gate_backpressure: 120 queued, 17 slots"
2026-10-09T05:45:27.140499Z,compiler,11,30,0,,,"gate_backpressure: 121 queued, 17 slots"
2026-10-09T05:46:00.184313Z,cohere_adamic,0,30,0,,,"gate_backpressure: 121 queued, 17 slots"
2026-10-09T05:46:03.796138Z,typescript,0,10,0,,,"gate_backpressure: 121 queued, 17 slots"
2026-10-09T05:46:07.571823Z,runtime,0,8,0,,,"gate_backpressure: 121 queued, 17 slots"
2026-10-09T05:46:09.559772Z,library,0,8,0,,,"gate_backpressure: 121 queued, 17 slots"
2026-10-09T05:46:19.350409Z,developer_tools,1,4,0,,,"gate_backpressure: 121 queued, 17 slots"
2026-10-09T05:50:27.749428Z,compiler,9,30,0,,,"gate_backpressure: 123 queued, 17 slots"
2026-10-09T05:51:00.879942Z,cohere_adamic,0,30,0,,,"gate_backpressure: 123 queued, 17 slots"
2026-10-09T05:51:04.840960Z,typescript,0,10,0,,,"gate_backpressure: 123 queued, 17 slots"
2026-10-09T05:51:08.445477Z,runtime,0,8,0,,,"gate_backpressure: 123 queued, 17 slots"
2026-10-09T05:51:10.354294Z,library,0,8,0,,,"gate_backpressure: 123 queued, 17 slots"
2026-10-09T05:51:19.609956Z,developer_tools,0,4,0,,,"gate_backpressure: 123 queued, 17 slots"
2026-10-09T05:55:29.401002Z,compiler,6,30,0,,,"gate_backpressure: 119 queued, 17 slots"
2026-10-09T05:56:13.326926Z,cohere_adamic,0,30,0,,,"gate_backpressure: 119 queued, 17 slots"
2026-10-09T05:56:17.178132Z,typescript,0,10,0,,,"gate_backpressure: 119 queued, 17 slots"
2026-10-09T05:56:21.118676Z,runtime,0,8,0,,,"gate_backpressure: 119 queued, 17 slots"
2026-10-09T05:56:23.343692Z,library,0,8,0,,,"gate_backpressure: 119 queued, 17 slots"
2026-10-09T05:56:33.863630Z,developer_tools,0,4,0,,,"gate_backpressure: 119 queued, 17 slots"
2026-10-09T06:00:28.648681Z,compiler,8,30,0,,,"gate_backpressure: 120 queued, 17 slots"
2026-10-09T06:01:02.486869Z,cohere_adamic,0,30,0,,,"gate_backpressure: 120 queued, 17 slots"
2026-10-09T06:01:06.608020Z,typescript,0,10,0,,,"gate_backpressure: 120 queued, 17 slots"
2026-10-09T06:01:10.551145Z,runtime,0,8,0,,,"gate_backpressure: 120 queued, 17 slots"
2026-10-09T06:01:12.746880Z,library,0,8,0,,,"gate_backpressure: 120 queued, 17 slots"
2026-10-09T06:01:22.448903Z,developer_tools,0,4,0,,,"gate_backpressure: 120 queued, 17 slots"
2026-10-09T06:05:27.733136Z,compiler,8,30,0,,,"gate_backpressure: 110 queued, 17 slots"
2026-10-09T06:06:01.598280Z,cohere_adamic,0,30,0,,,"gate_backpressure: 110 queued, 17 slots"
2026-10-09T06:06:05.384646Z,typescript,0,10,0,,,"gate_backpressure: 110 queued, 17 slots"
2026-10-09T06:06:09.314008Z,runtime,0,8,0,,,"gate_backpressure: 110 queued, 17 slots"
2026-10-09T06:06:11.550862Z,library,0,8,0,,,"gate_backpressure: 110 queued, 17 slots"
2026-10-09T06:06:20.733711Z,developer_tools,1,4,0,,,"gate_backpressure: 110 queued, 17 slots"
2026-10-09T06:10:28.630200Z,compiler,7,30,0,,,"gate_backpressure: 108 queued, 17 slots"
2026-10-09T06:11:01.457703Z,cohere_adamic,0,30,0,,,"gate_backpressure: 108 queued, 17 slots"
2026-10-09T06:11:04.909822Z,typescript,0,10,0,,,"gate_backpressure: 108 queued, 17 slots"
2026-10-09T06:11:08.685039Z,runtime,0,8,0,,,"gate_backpressure: 108 queued, 17 slots"
2026-10-09T06:11:10.822000Z,library,0,8,0,,,"gate_backpressure: 108 queued, 17 slots"
2026-10-09T06:11:20.054069Z,developer_tools,2,4,0,,,"gate_backpressure: 108 queued, 17 slots"
2026-10-09T06:15:27.651624Z,compiler,8,30,0,,,"gate_backpressure: 105 queued, 17 slots"
2026-10-09T06:16:01.727898Z,cohere_adamic,0,30,0,,,"gate_backpressure: 105 queued, 17 slots"
2026-10-09T06:16:05.968472Z,typescript,0,10,0,,,"gate_backpressure: 105 queued, 17 slots"
2026-10-09T06:16:10.632780Z,runtime,0,8,0,,,"gate_backpressure: 105 queued, 17 slots"
2026-10-09T06:16:12.653998Z,library,0,8,0,,,"gate_backpressure: 105 queued, 17 slots"
2026-10-09T06:16:22.165711Z,developer_tools,3,4,0,,,"gate_backpressure: 105 queued, 17 slots"
2026-10-09T06:20:28.256700Z,compiler,7,30,0,,,"gate_backpressure: 108 queued, 17 slots"
2026-10-09T06:21:01.913803Z,cohere_adamic,0,30,0,,,"gate_backpressure: 108 queued, 17 slots"
2026-10-09T06:21:05.280416Z,typescript,0,10,0,,,"gate_backpressure: 108 queued, 17 slots"
2026-10-09T06:21:09.105435Z,runtime,0,8,0,,,"gate_backpressure: 108 queued, 17 slots"
2026-10-09T06:21:11.137097Z,library,0,8,0,,,"gate_backpressure: 108 queued, 17 slots"
2026-10-09T06:21:20.195660Z,developer_tools,1,4,0,,,"gate_backpressure: 108 queued, 17 slots"
2026-10-09T06:25:27.892526Z,compiler,6,30,0,,,"gate_backpressure: 107 queued, 17 slots"
2026-10-09T06:26:11.252995Z,cohere_adamic,0,30,0,,,"gate_backpressure: 107 queued, 17 slots"
2026-10-09T06:26:15.505153Z,typescript,0,10,0,,,"gate_backpressure: 107 queued, 17 slots"
2026-10-09T06:26:19.631781Z,runtime,0,8,0,,,"gate_backpressure: 107 queued, 17 slots"
2026-10-09T06:26:22.237036Z,library,0,8,0,,,"gate_backpressure: 107 queued, 17 slots"
2026-10-09T06:26:32.510568Z,developer_tools,2,4,0,,,"gate_backpressure: 107 queued, 17 slots"
2026-10-09T06:30:27.927591Z,compiler,7,30,0,,,"gate_backpressure: 107 queued, 2 slots"
2026-10-09T06:31:00.405922Z,cohere_adamic,0,30,0,,,"gate_backpressure: 107 queued, 2 slots"
2026-10-09T06:31:04.261046Z,typescript,0,10,0,,,"gate_backpressure: 107 queued, 2 slots"
2026-10-09T06:31:07.947601Z,runtime,0,8,0,,,"gate_backpressure: 107 queued, 2 slots"
2026-10-09T06:31:10.068894Z,library,0,8,0,,,"gate_backpressure: 107 queued, 2 slots"
2026-10-09T06:31:19.816016Z,developer_tools,1,4,0,,,"gate_backpressure: 107 queued, 2 slots"
2026-10-09T06:35:28.113073Z,compiler,7,30,0,,,"gate_backpressure: 109 queued, 17 slots"
2026-10-09T06:36:03.410479Z,cohere_adamic,0,30,0,,,"gate_backpressure: 109 queued, 17 slots"
2026-10-09T06:36:07.098601Z,typescript,0,10,0,,,"gate_backpressure: 109 queued, 17 slots"
2026-10-09T06:36:11.433553Z,runtime,0,8,0,,,"gate_backpressure: 109 queued, 17 slots"
2026-10-09T06:36:13.235724Z,library,0,8,0,,,"gate_backpressure: 109 queued, 17 slots"
2026-10-09T06:36:22.894423Z,developer_tools,0,4,0,,,"gate_backpressure: 109 queued, 17 slots"
2026-10-09T06:40:28.388112Z,compiler,8,30,0,,,"gate_backpressure: 106 queued, 16 slots"
2026-10-09T06:41:01.216918Z,cohere_adamic,0,30,0,,,"gate_backpressure: 106 queued, 16 slots"
2026-10-09T06:41:05.065547Z,typescript,0,10,0,,,"gate_backpressure: 106 queued, 16 slots"
2026-10-09T06:41:08.803090Z,runtime,0,8,0,,,"gate_backpressure: 106 queued, 16 slots"
2026-10-09T06:41:10.923234Z,library,0,8,0,,,"gate_backpressure: 106 queued, 16 slots"
2026-10-09T06:41:20.230460Z,developer_tools,0,4,0,,,"gate_backpressure: 106 queued, 16 slots"
2026-10-09T06:45:28.585667Z,compiler,6,30,0,,,"gate_backpressure: 107 queued, 16 slots"
2026-10-09T06:46:03.655581Z,cohere_adamic,0,30,0,,,"gate_backpressure: 107 queued, 16 slots"
2026-10-09T06:46:07.627815Z,typescript,0,10,0,,,"gate_backpressure: 107 queued, 16 slots"
2026-10-09T06:46:11.629653Z,runtime,0,8,0,,,"gate_backpressure: 107 queued, 16 slots"
2026-10-09T06:46:14.049951Z,library,1,8,0,,,"gate_backpressure: 107 queued, 16 slots"
2026-10-09T06:46:24.868357Z,developer_tools,0,4,0,,,"gate_backpressure: 107 queued, 16 slots"
2026-10-09T06:50:29.154124Z,compiler,6,30,0,,,"gate_backpressure: 106 queued, 17 slots"
2026-10-09T06:51:04.582861Z,cohere_adamic,0,30,0,,,"gate_backpressure: 106 queued, 17 slots"
2026-10-09T06:51:08.703744Z,typescript,0,10,0,,,"gate_backpressure: 106 queued, 17 slots"
2026-10-09T06:51:21.128439Z,runtime,0,8,2,19-step06c-canonical-program.md,01a11431-4432-7421-9353-50c70c0d8039,sent
2026-10-09T06:51:29.999824Z,runtime,1,8,1,20-step06d-membership-proofs.md,01a11477-b1e8-7134-8ed7-8360ef421013,sent
2026-10-09T06:51:30.251029Z,runtime,2,8,0,,,queue_empty
2026-10-09T06:51:32.111213Z,library,0,8,0,,,"gate_backpressure: 106 queued, 17 slots"
2026-10-09T06:51:41.944295Z,developer_tools,0,4,0,,,"gate_backpressure: 106 queued, 17 slots"
2026-10-09T06:55:29.370379Z,compiler,5,30,0,,,"gate_backpressure: 107 queued, 16 slots"
2026-10-09T06:56:20.946269Z,cohere_adamic,0,30,0,,,"gate_backpressure: 107 queued, 16 slots"
2026-10-09T06:56:24.822442Z,typescript,0,10,0,,,"gate_backpressure: 107 queued, 16 slots"
2026-10-09T06:56:28.884041Z,runtime,2,8,0,,,"gate_backpressure: 107 queued, 16 slots"
2026-10-09T06:56:31.183216Z,library,0,8,0,,,"gate_backpressure: 107 queued, 16 slots"
2026-10-09T06:56:40.714570Z,developer_tools,0,4,0,,,"gate_backpressure: 107 queued, 16 slots"
2026-10-09T07:00:29.119890Z,compiler,5,30,0,,,"gate_backpressure: 108 queued, 16 slots"
2026-10-09T07:01:03.088067Z,cohere_adamic,0,30,0,,,"gate_backpressure: 108 queued, 16 slots"
2026-10-09T07:01:06.920194Z,typescript,0,10,0,,,"gate_backpressure: 108 queued, 16 slots"
2026-10-09T07:01:11.081045Z,runtime,2,8,0,,,"gate_backpressure: 108 queued, 16 slots"
2026-10-09T07:01:13.228015Z,library,0,8,0,,,"gate_backpressure: 108 queued, 16 slots"
2026-10-09T07:01:22.697655Z,developer_tools,0,4,0,,,"gate_backpressure: 108 queued, 16 slots"
2026-10-09T07:05:29.384792Z,compiler,4,30,0,,,"gate_backpressure: 108 queued, 16 slots"
2026-10-09T07:06:03.751659Z,cohere_adamic,0,30,0,,,"gate_backpressure: 108 queued, 16 slots"
2026-10-09T07:06:08.190102Z,typescript,0,10,0,,,"gate_backpressure: 108 queued, 16 slots"
2026-10-09T07:06:12.807403Z,runtime,2,8,0,,,"gate_backpressure: 108 queued, 16 slots"
2026-10-09T07:06:14.943703Z,library,0,8,0,,,"gate_backpressure: 108 queued, 16 slots"
2026-10-09T07:06:24.987003Z,developer_tools,2,4,0,,,"gate_backpressure: 108 queued, 16 slots"
2026-10-09T07:10:28.913607Z,compiler,4,30,0,,,"gate_backpressure: 109 queued, 16 slots"
2026-10-09T07:11:08.351692Z,cohere_adamic,0,30,0,,,"gate_backpressure: 109 queued, 16 slots"
2026-10-09T07:11:12.261624Z,typescript,0,10,0,,,"gate_backpressure: 109 queued, 16 slots"
2026-10-09T07:11:16.382651Z,runtime,1,8,0,,,"gate_backpressure: 109 queued, 16 slots"
2026-10-09T07:11:18.511563Z,library,0,8,0,,,"gate_backpressure: 109 queued, 16 slots"
2026-10-09T07:11:30.351675Z,developer_tools,0,4,0,,,"gate_backpressure: 109 queued, 16 slots"
2026-10-09T07:15:29.695936Z,compiler,4,30,0,,,"gate_backpressure: 109 queued, 16 slots"
2026-10-09T07:16:05.701129Z,cohere_adamic,0,30,0,,,"gate_backpressure: 109 queued, 16 slots"
2026-10-09T07:16:09.925524Z,typescript,0,10,0,,,"gate_backpressure: 109 queued, 16 slots"
2026-10-09T07:16:21.205406Z,runtime,1,8,3,23-step06e-tsc-graph.md,01a11477-b1e8-7134-8ed7-8360ef421013,sent
2026-10-09T07:16:21.207811Z,runtime,2,8,2,,,dispatch_stopped
2026-10-09T07:16:23.559009Z,library,0,8,0,,,"gate_backpressure: 109 queued, 16 slots"
2026-10-09T07:16:33.525199Z,developer_tools,0,4,0,,,"gate_backpressure: 109 queued, 16 slots"
2026-10-09T07:20:30.063837Z,compiler,4,30,0,,,"gate_backpressure: 109 queued, 16 slots"
2026-10-09T07:21:04.216108Z,cohere_adamic,0,30,0,,,"gate_backpressure: 109 queued, 16 slots"
2026-10-09T07:21:07.776021Z,typescript,0,10,0,,,"gate_backpressure: 109 queued, 16 slots"
2026-10-09T07:21:11.785648Z,runtime,2,8,0,,,"gate_backpressure: 109 queued, 16 slots"
2026-10-09T07:21:14.138304Z,library,0,8,0,,,"gate_backpressure: 109 queued, 16 slots"
2026-10-09T07:21:24.189479Z,developer_tools,0,4,0,,,"gate_backpressure: 109 queued, 16 slots"
2026-10-09T07:25:29.274098Z,compiler,2,30,0,,,"gate_backpressure: 107 queued, 17 slots"
2026-10-09T07:26:04.368178Z,cohere_adamic,0,30,0,,,"gate_backpressure: 107 queued, 17 slots"
2026-10-09T07:26:08.054552Z,typescript,0,10,0,,,"gate_backpressure: 107 queued, 17 slots"
2026-10-09T07:26:12.086044Z,runtime,0,8,0,,,"gate_backpressure: 107 queued, 17 slots"
2026-10-09T07:26:14.258038Z,library,0,8,0,,,"gate_backpressure: 107 queued, 17 slots"
2026-10-09T07:26:24.585493Z,developer_tools,0,4,0,,,"gate_backpressure: 107 queued, 17 slots"
2026-10-09T07:30:30.063302Z,compiler,2,30,0,,,"gate_backpressure: 108 queued, 16 slots"
2026-10-09T07:31:07.591416Z,cohere_adamic,0,30,0,,,"gate_backpressure: 108 queued, 16 slots"
2026-10-09T07:31:11.714692Z,typescript,0,10,0,,,"gate_backpressure: 108 queued, 16 slots"
2026-10-09T07:31:15.984990Z,runtime,2,8,0,,,"gate_backpressure: 108 queued, 16 slots"
2026-10-09T07:31:18.244451Z,library,0,8,0,,,"gate_backpressure: 108 queued, 16 slots"
2026-10-09T07:31:28.301061Z,developer_tools,0,4,0,,,"gate_backpressure: 108 queued, 16 slots"
2026-10-09T07:35:30.104603Z,compiler,3,30,0,,,"gate_backpressure: 109 queued, 17 slots"
2026-10-09T07:36:06.341870Z,cohere_adamic,0,30,0,,,"gate_backpressure: 109 queued, 17 slots"
2026-10-09T07:36:10.234040Z,typescript,0,10,0,,,"gate_backpressure: 109 queued, 17 slots"
2026-10-09T07:36:14.367337Z,runtime,1,8,0,,,"gate_backpressure: 109 queued, 17 slots"
2026-10-09T07:36:16.527091Z,library,0,8,0,,,"gate_backpressure: 109 queued, 17 slots"
2026-10-09T07:36:26.611179Z,developer_tools,0,4,0,,,"gate_backpressure: 109 queued, 17 slots"
2026-10-09T07:40:29.271198Z,compiler,2,30,0,,,"gate_backpressure: 111 queued, 17 slots"
2026-10-09T07:41:13.686279Z,cohere_adamic,,30,30,,,fleet_unavailable: fleet live status unavailable
2026-10-09T07:41:17.957407Z,typescript,0,10,0,,,"gate_backpressure: 111 queued, 17 slots"
2026-10-09T07:41:22.255758Z,runtime,2,8,0,,,"gate_backpressure: 111 queued, 17 slots"
2026-10-09T07:41:24.504635Z,library,0,8,0,,,"gate_backpressure: 111 queued, 17 slots"
2026-10-09T07:41:35.420081Z,developer_tools,2,4,0,,,"gate_backpressure: 111 queued, 17 slots"
2026-10-09T07:45:29.628521Z,compiler,3,30,0,,,"gate_backpressure: 111 queued, 17 slots"
2026-10-09T07:46:04.773071Z,cohere_adamic,0,30,0,,,"gate_backpressure: 111 queued, 17 slots"
2026-10-09T07:46:08.781399Z,typescript,0,10,0,,,"gate_backpressure: 111 queued, 17 slots"
2026-10-09T07:46:13.004649Z,runtime,2,8,0,,,"gate_backpressure: 111 queued, 17 slots"
2026-10-09T07:46:15.256847Z,library,0,8,0,,,"gate_backpressure: 111 queued, 17 slots"
2026-10-09T07:46:25.049015Z,developer_tools,2,4,0,,,"gate_backpressure: 111 queued, 17 slots"
2026-10-09T07:50:29.495661Z,compiler,4,30,0,,,"gate_backpressure: 113 queued, 17 slots"
2026-10-09T07:51:03.961313Z,cohere_adamic,0,30,0,,,"gate_backpressure: 113 queued, 17 slots"
2026-10-09T07:51:07.918734Z,typescript,0,10,0,,,"gate_backpressure: 113 queued, 17 slots"
2026-10-09T07:51:12.054249Z,runtime,0,8,0,,,"gate_backpressure: 113 queued, 17 slots"
2026-10-09T07:51:14.238186Z,library,0,8,0,,,"gate_backpressure: 113 queued, 17 slots"
2026-10-09T07:51:24.031137Z,developer_tools,1,4,0,,,"gate_backpressure: 113 queued, 17 slots"
2026-10-09T07:55:29.828997Z,compiler,4,30,0,,,"gate_backpressure: 112 queued, 17 slots"
2026-10-09T07:56:04.765107Z,cohere_adamic,0,30,0,,,"gate_backpressure: 112 queued, 17 slots"
2026-10-09T07:56:08.565587Z,typescript,0,10,0,,,"gate_backpressure: 112 queued, 17 slots"
2026-10-09T07:56:12.550281Z,runtime,0,8,0,,,"gate_backpressure: 112 queued, 17 slots"
2026-10-09T07:56:14.587676Z,library,0,8,0,,,"gate_backpressure: 112 queued, 17 slots"
2026-10-09T07:56:24.286790Z,developer_tools,1,4,0,,,"gate_backpressure: 112 queued, 17 slots"
2026-10-09T08:00:31.104423Z,compiler,4,30,0,,,"gate_backpressure: 113 queued, 17 slots"
2026-10-09T08:01:11.567455Z,cohere_adamic,0,30,0,,,"gate_backpressure: 113 queued, 17 slots"
2026-10-09T08:01:15.425310Z,typescript,0,10,0,,,"gate_backpressure: 113 queued, 17 slots"
2026-10-09T08:01:19.668002Z,runtime,0,8,0,,,"gate_backpressure: 113 queued, 17 slots"
2026-10-09T08:01:21.884162Z,library,0,8,0,,,"gate_backpressure: 113 queued, 17 slots"
2026-10-09T08:01:31.925554Z,developer_tools,1,4,0,,,"gate_backpressure: 113 queued, 17 slots"
2026-10-09T08:05:30.055021Z,compiler,3,30,0,,,"gate_backpressure: 113 queued, 17 slots"
2026-10-09T08:06:05.817421Z,cohere_adamic,0,30,0,,,"gate_backpressure: 113 queued, 17 slots"
2026-10-09T08:06:10.018069Z,typescript,0,10,0,,,"gate_backpressure: 113 queued, 17 slots"
2026-10-09T08:06:14.148741Z,runtime,0,8,0,,,"gate_backpressure: 113 queued, 17 slots"
2026-10-09T08:06:16.317729Z,library,0,8,0,,,"gate_backpressure: 113 queued, 17 slots"
2026-10-09T08:06:25.705049Z,developer_tools,0,4,0,,,"gate_backpressure: 113 queued, 17 slots"
2026-10-09T08:10:29.831790Z,compiler,3,30,0,,,"gate_backpressure: 111 queued, 17 slots"
2026-10-09T08:11:03.156358Z,cohere_adamic,0,30,0,,,"gate_backpressure: 111 queued, 17 slots"
2026-10-09T08:11:07.065748Z,typescript,0,10,0,,,"gate_backpressure: 111 queued, 17 slots"
2026-10-09T08:11:11.112594Z,runtime,0,8,0,,,"gate_backpressure: 111 queued, 17 slots"
2026-10-09T08:11:13.660979Z,library,0,8,0,,,"gate_backpressure: 111 queued, 17 slots"
2026-10-09T08:11:26.263683Z,developer_tools,1,4,0,,,"gate_backpressure: 111 queued, 17 slots"
2026-10-09T08:15:29.653811Z,compiler,1,30,0,,,"gate_backpressure: 110 queued, 18 slots"
2026-10-09T08:16:02.963519Z,cohere_adamic,0,30,0,,,"gate_backpressure: 110 queued, 18 slots"
2026-10-09T08:16:06.874620Z,typescript,0,10,0,,,"gate_backpressure: 110 queued, 18 slots"
2026-10-09T08:16:10.869842Z,runtime,0,8,0,,,"gate_backpressure: 110 queued, 18 slots"
2026-10-09T08:16:12.952134Z,library,0,8,0,,,"gate_backpressure: 110 queued, 18 slots"
2026-10-09T08:16:23.205320Z,developer_tools,1,4,0,,,"gate_backpressure: 110 queued, 18 slots"
2026-10-09T08:20:30.916297Z,compiler,2,30,0,,,"gate_backpressure: 110 queued, 18 slots"
2026-10-09T08:21:04.851274Z,cohere_adamic,0,30,0,,,"gate_backpressure: 110 queued, 18 slots"
2026-10-09T08:21:09.150888Z,typescript,0,10,0,,,"gate_backpressure: 110 queued, 18 slots"
2026-10-09T08:21:13.360981Z,runtime,0,8,0,,,"gate_backpressure: 110 queued, 18 slots"
2026-10-09T08:21:15.933746Z,library,0,8,0,,,"gate_backpressure: 110 queued, 18 slots"
2026-10-09T08:21:26.276893Z,developer_tools,2,4,0,,,"gate_backpressure: 110 queued, 18 slots"
2026-10-09T08:25:30.995977Z,compiler,3,30,0,,,"gate_backpressure: 112 queued, 18 slots"
2026-10-09T08:26:04.529959Z,cohere_adamic,0,30,0,,,"gate_backpressure: 112 queued, 18 slots"
2026-10-09T08:26:07.992763Z,typescript,0,10,0,,,"gate_backpressure: 112 queued, 18 slots"
2026-10-09T08:26:12.418611Z,runtime,0,8,0,,,"gate_backpressure: 112 queued, 18 slots"
2026-10-09T08:26:14.516741Z,library,0,8,0,,,"gate_backpressure: 112 queued, 18 slots"
2026-10-09T08:26:25.664467Z,developer_tools,2,4,0,,,"gate_backpressure: 112 queued, 18 slots"
2026-10-09T08:30:39.628492Z,compiler,3,30,0,,,"gate_backpressure: 111 queued, 19 slots"
2026-10-09T08:31:29.435276Z,cohere_adamic,0,30,0,,,"gate_backpressure: 111 queued, 19 slots"
2026-10-09T08:31:33.664178Z,typescript,0,10,0,,,"gate_backpressure: 111 queued, 19 slots"
2026-10-09T08:31:37.712758Z,runtime,0,8,0,,,"gate_backpressure: 111 queued, 19 slots"
2026-10-09T08:31:40.543323Z,library,0,8,0,,,"gate_backpressure: 111 queued, 19 slots"
2026-10-09T08:31:51.111757Z,developer_tools,2,4,0,,,"gate_backpressure: 111 queued, 19 slots"
2026-10-09T08:35:33.573415Z,compiler,2,30,0,,,"gate_backpressure: 112 queued, 19 slots"
2026-10-09T08:36:09.813878Z,cohere_adamic,0,30,0,,,"gate_backpressure: 112 queued, 19 slots"
2026-10-09T08:36:13.764800Z,typescript,0,10,0,,,"gate_backpressure: 112 queued, 19 slots"
2026-10-09T08:36:18.152067Z,runtime,0,8,0,,,"gate_backpressure: 112 queued, 19 slots"
2026-10-09T08:36:20.769698Z,library,0,8,0,,,"gate_backpressure: 112 queued, 19 slots"
2026-10-09T08:36:32.913169Z,developer_tools,2,4,0,,,"gate_backpressure: 112 queued, 19 slots"
2026-10-09T08:40:30.373579Z,compiler,1,30,0,,,"gate_backpressure: 114 queued, 19 slots"
2026-10-09T08:41:06.763183Z,cohere_adamic,0,30,0,,,"gate_backpressure: 114 queued, 19 slots"
2026-10-09T08:41:11.153949Z,typescript,0,10,0,,,"gate_backpressure: 114 queued, 19 slots"
2026-10-09T08:41:15.439301Z,runtime,0,8,0,,,"gate_backpressure: 114 queued, 19 slots"
2026-10-09T08:41:17.708978Z,library,0,8,0,,,"gate_backpressure: 114 queued, 19 slots"
2026-10-09T08:41:27.978741Z,developer_tools,0,4,0,,,"gate_backpressure: 114 queued, 19 slots"
2026-10-09T08:45:30.163045Z,compiler,1,30,0,,,"gate_backpressure: 115 queued, 19 slots"
2026-10-09T08:46:04.308881Z,cohere_adamic,0,30,0,,,"gate_backpressure: 115 queued, 19 slots"
2026-10-09T08:46:07.940227Z,typescript,0,10,0,,,"gate_backpressure: 115 queued, 19 slots"
2026-10-09T08:46:11.901588Z,runtime,0,8,0,,,"gate_backpressure: 115 queued, 19 slots"
2026-10-09T08:46:14.111406Z,library,0,8,0,,,"gate_backpressure: 115 queued, 19 slots"
2026-10-09T08:46:24.015041Z,developer_tools,0,4,0,,,"gate_backpressure: 115 queued, 19 slots"
2026-10-09T08:50:30.980912Z,compiler,1,30,0,,,"gate_backpressure: 114 queued, 19 slots"
2026-10-09T08:51:05.542646Z,cohere_adamic,0,30,0,,,"gate_backpressure: 114 queued, 19 slots"
2026-10-09T08:51:09.298464Z,typescript,0,10,0,,,"gate_backpressure: 114 queued, 19 slots"
2026-10-09T08:51:13.508395Z,runtime,0,8,0,,,"gate_backpressure: 114 queued, 19 slots"
2026-10-09T08:51:16.016533Z,library,0,8,0,,,"gate_backpressure: 114 queued, 19 slots"
2026-10-09T08:51:27.185455Z,developer_tools,1,4,0,,,"gate_backpressure: 114 queued, 19 slots"
2026-10-09T08:55:30.929187Z,compiler,1,30,0,,,"gate_backpressure: 115 queued, 19 slots"
2026-10-09T08:56:04.358440Z,cohere_adamic,0,30,0,,,"gate_backpressure: 115 queued, 19 slots"
2026-10-09T08:56:07.980637Z,typescript,0,10,0,,,"gate_backpressure: 115 queued, 19 slots"
2026-10-09T08:56:11.828246Z,runtime,0,8,0,,,"gate_backpressure: 115 queued, 19 slots"
2026-10-09T08:56:14.213286Z,library,0,8,0,,,"gate_backpressure: 115 queued, 19 slots"
2026-10-09T08:56:24.038314Z,developer_tools,1,4,0,,,"gate_backpressure: 115 queued, 19 slots"
2026-10-09T09:00:31.416504Z,compiler,1,30,0,,,"gate_backpressure: 117 queued, 19 slots"
2026-10-09T09:01:11.957322Z,cohere_adamic,0,30,0,,,"gate_backpressure: 117 queued, 19 slots"
2026-10-09T09:01:16.771424Z,typescript,0,10,0,,,"gate_backpressure: 117 queued, 19 slots"
2026-10-09T09:01:21.591036Z,runtime,0,8,0,,,"gate_backpressure: 117 queued, 19 slots"
2026-10-09T09:01:24.372945Z,library,0,8,0,,,"gate_backpressure: 117 queued, 19 slots"
2026-10-09T09:01:39.211916Z,developer_tools,0,4,0,,,"gate_backpressure: 117 queued, 19 slots"
2026-10-09T09:05:37.511290Z,compiler,2,30,0,,,"gate_backpressure: 119 queued, 19 slots"
2026-10-09T09:06:31.561028Z,cohere_adamic,0,30,0,,,"gate_backpressure: 119 queued, 19 slots"
2026-10-09T09:06:36.170357Z,typescript,0,10,0,,,"gate_backpressure: 119 queued, 19 slots"
2026-10-09T09:06:41.108162Z,runtime,0,8,0,,,"gate_backpressure: 119 queued, 19 slots"
2026-10-09T09:06:43.229617Z,library,0,8,0,,,"gate_backpressure: 119 queued, 19 slots"
2026-10-09T09:06:54.599837Z,developer_tools,0,4,0,,,"gate_backpressure: 119 queued, 19 slots"
2026-10-09T09:10:31.190935Z,compiler,2,30,0,,,"gate_backpressure: 119 queued, 19 slots"
2026-10-09T09:11:04.840456Z,cohere_adamic,0,30,0,,,"gate_backpressure: 119 queued, 19 slots"
2026-10-09T09:11:08.702268Z,typescript,0,10,0,,,"gate_backpressure: 119 queued, 19 slots"
2026-10-09T09:11:12.836506Z,runtime,0,8,0,,,"gate_backpressure: 119 queued, 19 slots"
2026-10-09T09:11:15.063564Z,library,0,8,0,,,"gate_backpressure: 119 queued, 19 slots"
2026-10-09T09:11:26.091112Z,developer_tools,0,4,0,,,"gate_backpressure: 119 queued, 19 slots"
2026-10-09T09:15:31.699220Z,compiler,2,30,0,,,"gate_backpressure: 120 queued, 19 slots"
2026-10-09T09:16:06.972685Z,cohere_adamic,0,30,0,,,"gate_backpressure: 120 queued, 19 slots"
2026-10-09T09:16:10.834651Z,typescript,0,10,0,,,"gate_backpressure: 120 queued, 19 slots"
2026-10-09T09:16:15.277202Z,runtime,0,8,0,,,"gate_backpressure: 120 queued, 19 slots"
2026-10-09T09:16:17.352410Z,library,0,8,0,,,"gate_backpressure: 120 queued, 19 slots"
2026-10-09T09:16:27.738372Z,developer_tools,0,4,0,,,"gate_backpressure: 120 queued, 19 slots"
2026-10-09T09:20:31.492961Z,compiler,1,30,0,,,"gate_backpressure: 120 queued, 19 slots"
2026-10-09T09:21:03.757790Z,cohere_adamic,0,30,0,,,"gate_backpressure: 120 queued, 19 slots"
2026-10-09T09:21:07.681594Z,typescript,0,10,0,,,"gate_backpressure: 120 queued, 19 slots"
2026-10-09T09:21:11.979110Z,runtime,0,8,0,,,"gate_backpressure: 120 queued, 19 slots"
2026-10-09T09:21:13.985231Z,library,0,8,0,,,"gate_backpressure: 120 queued, 19 slots"
2026-10-09T09:21:24.498073Z,developer_tools,0,4,0,,,"gate_backpressure: 120 queued, 19 slots"
2026-10-09T09:25:31.762641Z,compiler,2,30,0,,,"gate_backpressure: 117 queued, 19 slots"
2026-10-09T09:26:07.140129Z,cohere_adamic,0,30,0,,,"gate_backpressure: 117 queued, 19 slots"
2026-10-09T09:26:11.073718Z,typescript,0,10,0,,,"gate_backpressure: 117 queued, 19 slots"
2026-10-09T09:26:15.267737Z,runtime,0,8,0,,,"gate_backpressure: 117 queued, 19 slots"
2026-10-09T09:26:17.169154Z,library,0,8,0,,,"gate_backpressure: 117 queued, 19 slots"
2026-10-09T09:26:27.237796Z,developer_tools,0,4,0,,,"gate_backpressure: 117 queued, 19 slots"
2026-10-09T09:30:31.479929Z,compiler,3,30,0,,,"gate_backpressure: 99 queued, 19 slots"
2026-10-09T09:31:04.259859Z,cohere_adamic,0,30,0,,,"gate_backpressure: 99 queued, 19 slots"
2026-10-09T09:31:08.082926Z,typescript,0,10,0,,,"gate_backpressure: 99 queued, 19 slots"
2026-10-09T09:31:12.134376Z,runtime,0,8,0,,,"gate_backpressure: 99 queued, 19 slots"
2026-10-09T09:31:14.214938Z,library,0,8,0,,,"gate_backpressure: 99 queued, 19 slots"
2026-10-09T09:31:24.383332Z,developer_tools,0,4,0,,,"gate_backpressure: 99 queued, 19 slots"
2026-10-09T09:35:32.010053Z,compiler,3,30,0,,,"gate_backpressure: 100 queued, 19 slots"
2026-10-09T09:36:06.125515Z,cohere_adamic,0,30,0,,,"gate_backpressure: 100 queued, 19 slots"
2026-10-09T09:36:09.616129Z,typescript,0,10,0,,,"gate_backpressure: 100 queued, 19 slots"
2026-10-09T09:36:13.788967Z,runtime,0,8,0,,,"gate_backpressure: 100 queued, 19 slots"
2026-10-09T09:36:16.030228Z,library,0,8,0,,,"gate_backpressure: 100 queued, 19 slots"
2026-10-09T09:36:26.029530Z,developer_tools,1,4,0,,,"gate_backpressure: 100 queued, 19 slots"
2026-10-09T09:40:31.365351Z,compiler,3,30,0,,,"gate_backpressure: 90 queued, 19 slots"
2026-10-09T09:41:06.611039Z,cohere_adamic,0,30,0,,,"gate_backpressure: 90 queued, 19 slots"
2026-10-09T09:41:10.266576Z,typescript,0,10,0,,,"gate_backpressure: 90 queued, 19 slots"
2026-10-09T09:41:14.433252Z,runtime,0,8,0,,,"gate_backpressure: 90 queued, 19 slots"
2026-10-09T09:41:16.375894Z,library,0,8,0,,,"gate_backpressure: 90 queued, 19 slots"
2026-10-09T09:41:26.704198Z,developer_tools,1,4,0,,,"gate_backpressure: 90 queued, 19 slots"
2026-10-09T09:45:40.033084Z,compiler,2,30,3,11-optional-chain-after-call.dispatched-main,01a113e2-01c9-72f0-b65a-92ecfa072027,sent
2026-10-09T09:45:49.716473Z,compiler,3,30,2,15-spread-shorthand.dispatched-main,01a113e3-3295-72cb-94c5-4b7eb4a2502d,sent
2026-10-09T09:45:59.585249Z,compiler,4,30,1,30-borrow-containers.md,01a113e7-e19c-70f1-b07f-2330ae649014,sent
2026-10-09T09:45:59.838442Z,compiler,5,30,0,,,queue_empty
2026-10-09T09:46:42.052370Z,cohere_adamic,0,30,30,026-structure-next-require-page-default-export.txt,01a113d9-fee9-76fd-be54-4b36c0966024,sent
2026-10-09T09:46:50.902688Z,cohere_adamic,1,30,29,027-structure-network-require-hook-variables-type.txt,01a11207-1191-70a8-a5c4-a696dba7701b,sent
2026-10-09T09:47:00.001096Z,cohere_adamic,2,30,28,028-react-no-direct-mutation-state.txt,01a11206-c5cd-7311-89d7-77a3c2a2703c,sent
2026-10-09T09:47:00.004556Z,cohere_adamic,3,30,27,,,pass_cap
2026-10-09T09:47:03.575860Z,typescript,1,10,0,,,queue_empty
2026-10-09T09:47:08.031007Z,runtime,0,8,0,,,queue_empty
2026-10-09T09:47:10.131786Z,library,0,8,0,,,queue_empty
2026-10-09T09:47:19.871420Z,developer_tools,1,4,0,,,queue_empty
2026-10-09T09:50:31.866545Z,compiler,6,30,0,,,queue_empty
2026-10-09T09:51:12.970893Z,cohere_adamic,3,30,27,029-structure-react-component-no-display-name.txt,01a11245-147c-746f-9c3e-ed9135b5701c,sent
2026-10-09T09:51:23.178724Z,cohere_adamic,4,30,26,030-structure-network-require-hook-options-parameter.txt,01a113c3-ca33-7798-8882-18ae321fd019,sent
2026-10-09T09:51:31.612357Z,cohere_adamic,5,30,25,031-structure-network-require-hook-request-suffix.txt,01a113c3-c8af-714c-ac71-a0b16c5aa036,sent
2026-10-09T09:51:31.615899Z,cohere_adamic,6,30,24,,,pass_cap
2026-10-09T09:51:35.060447Z,typescript,1,10,0,,,queue_empty
2026-10-09T09:51:39.115126Z,runtime,0,8,0,,,queue_empty
2026-10-09T09:51:40.907376Z,library,0,8,0,,,queue_empty
2026-10-09T09:51:50.484600Z,developer_tools,2,4,0,,,queue_empty
2026-10-09T09:55:31.319001Z,compiler,6,30,0,,,queue_empty
2026-10-09T09:56:09.695590Z,cohere_adamic,4,30,24,032-structure-react-component-no-destructuring.txt,01a113d9-fee9-76fd-be54-4b36c0966024,sent
2026-10-09T09:56:15.605392Z,cohere_adamic,5,30,23,033-structure-react-hook-no-destructuring.txt,01a11207-1191-70a8-a5c4-a696dba7701b,sent
2026-10-09T09:56:25.129169Z,cohere_adamic,6,30,22,034-structure-import-require-react-namespace.txt,01a113c3-cac1-7532-8794-8b1729f0500c,sent
2026-10-09T09:56:25.134037Z,cohere_adamic,7,30,21,,,pass_cap
2026-10-09T09:56:28.915808Z,typescript,0,10,0,,,queue_empty
2026-10-09T09:56:33.006947Z,runtime,1,8,0,,,queue_empty
2026-10-09T09:56:34.977167Z,library,0,8,0,,,queue_empty
2026-10-09T09:56:45.174392Z,developer_tools,1,4,0,,,queue_empty
2026-10-09T10:00:31.311627Z,compiler,6,30,0,,,queue_empty
2026-10-09T10:01:09.318983Z,cohere_adamic,3,30,21,035-structure-react-component-require-properties-type-suffix.txt,01a113d9-fee9-76fd-be54-4b36c0966024,sent
2026-10-09T10:01:15.347525Z,cohere_adamic,4,30,20,036-react-prefer-es6-class.txt,01a11207-1191-70a8-a5c4-a696dba7701b,sent
2026-10-09T10:01:22.700426Z,cohere_adamic,5,30,19,037-structure-react-component-no-forward-ref.txt,01a113c3-ca33-7798-8882-18ae321fd019,sent
2026-10-09T10:01:22.703896Z,cohere_adamic,6,30,18,,,pass_cap
2026-10-09T10:01:27.316924Z,typescript,0,10,0,,,queue_empty
2026-10-09T10:01:31.237019Z,runtime,1,8,0,,,queue_empty
2026-10-09T10:01:33.039853Z,library,0,8,0,,,queue_empty
2026-10-09T10:01:42.961781Z,developer_tools,0,4,0,,,queue_empty
2026-10-09T10:05:34.228222Z,compiler,4,30,0,,,"gate_backpressure: 53 queued, 17 slots"
2026-10-09T10:06:06.849836Z,cohere_adamic,6,30,0,,,"gate_backpressure: 53 queued, 17 slots"
2026-10-09T10:06:10.515870Z,typescript,0,10,0,,,"gate_backpressure: 53 queued, 17 slots"
2026-10-09T10:06:14.461480Z,runtime,0,8,0,,,"gate_backpressure: 53 queued, 17 slots"
2026-10-09T10:06:16.541650Z,library,0,8,0,,,"gate_backpressure: 53 queued, 17 slots"
2026-10-09T10:06:25.862180Z,developer_tools,0,4,0,,,"gate_backpressure: 53 queued, 17 slots"
2026-10-09T10:10:31.693058Z,compiler,4,30,0,,,"gate_backpressure: 53 queued, 17 slots"
2026-10-09T10:11:03.919204Z,cohere_adamic,5,30,0,,,"gate_backpressure: 53 queued, 17 slots"
2026-10-09T10:11:07.635125Z,typescript,1,10,0,,,"gate_backpressure: 53 queued, 17 slots"
2026-10-09T10:11:11.283660Z,runtime,1,8,0,,,"gate_backpressure: 53 queued, 17 slots"
2026-10-09T10:11:13.463228Z,library,0,8,0,,,"gate_backpressure: 53 queued, 17 slots"
2026-10-09T10:11:23.330786Z,developer_tools,2,4,0,,,"gate_backpressure: 53 queued, 17 slots"
2026-10-09T10:15:34.015230Z,compiler,4,30,0,,,queue_empty
2026-10-09T10:16:16.261928Z,cohere_adamic,5,30,18,038-react-jsx-props-no-spread-multi.txt,01a113d9-fee9-76fd-be54-4b36c0966024,sent
2026-10-09T10:16:23.173313Z,cohere_adamic,6,30,17,039-next-next-next-script-for-ga.txt,01a113c3-c8af-714c-ac71-a0b16c5aa036,sent
2026-10-09T10:16:32.260752Z,cohere_adamic,7,30,16,040-structure-next-no-page-state.txt,01a113eb-59d8-71b1-9b47-33d42ab8d035,sent
2026-10-09T10:16:32.263310Z,cohere_adamic,8,30,15,,,pass_cap
2026-10-09T10:16:35.600965Z,typescript,1,10,0,,,queue_empty
2026-10-09T10:16:39.468240Z,runtime,0,8,0,,,queue_empty
2026-10-09T10:16:41.469297Z,library,0,8,0,,,queue_empty
2026-10-09T10:16:50.803374Z,developer_tools,0,4,0,,,queue_empty
2026-10-09T10:20:31.764446Z,compiler,5,30,0,,,queue_empty
2026-10-09T10:21:11.887858Z,cohere_adamic,5,30,15,041-structure-react-component-require-properties-parameter.txt,01a113d9-fee9-76fd-be54-4b36c0966024,sent
2026-10-09T10:21:17.524773Z,cohere_adamic,6,30,14,042-structure-react-element-no-anchor.txt,01a11206-c5cd-7311-89d7-77a3c2a2703c,sent
2026-10-09T10:21:22.970942Z,cohere_adamic,7,30,13,043-react-hooks-incompatible-library.txt,01a113c3-c8af-714c-ac71-a0b16c5aa036,sent
2026-10-09T10:21:23.400333Z,cohere_adamic,8,30,12,,,pass_cap
2026-10-09T10:21:27.080722Z,typescript,1,10,0,,,queue_empty
2026-10-09T10:21:31.701055Z,runtime,0,8,0,,,queue_empty
2026-10-09T10:21:33.992214Z,library,0,8,0,,,queue_empty
2026-10-09T10:21:43.598262Z,developer_tools,0,4,0,,,queue_empty
2026-10-09T10:25:32.167618Z,compiler,5,30,0,,,queue_empty
2026-10-09T10:26:10.235537Z,cohere_adamic,6,30,12,044-next-next-inline-script-id.txt,01a11206-c5cd-7311-89d7-77a3c2a2703c,sent
2026-10-09T10:26:15.798705Z,cohere_adamic,7,30,11,045-structure-next-no-near-miss-route-export.txt,01a113c3-c8af-714c-ac71-a0b16c5aa036,sent
2026-10-09T10:26:23.448003Z,cohere_adamic,8,30,10,046-structure-react-element-no-horizontal-rule.txt,01a113fc-ee8f-7658-9271-ddc2a1a4c00a,sent
2026-10-09T10:26:23.451314Z,cohere_adamic,9,30,9,,,pass_cap
2026-10-09T10:26:27.121380Z,typescript,1,10,0,,,queue_empty
2026-10-09T10:26:31.097526Z,runtime,0,8,0,,,queue_empty
2026-10-09T10:26:33.220703Z,library,0,8,0,,,queue_empty
2026-10-09T10:26:42.919677Z,developer_tools,0,4,0,,,queue_empty
2026-10-09T10:30:32.170295Z,compiler,3,30,0,,,queue_empty
2026-10-09T10:31:15.729760Z,cohere_adamic,7,30,9,047-structure-react-component-require-named-export.txt,01a11206-c5cd-7311-89d7-77a3c2a2703c,sent
2026-10-09T10:31:21.285619Z,cohere_adamic,8,30,8,048-structure-boundary-no-project-theme-value.txt,01a113c3-c8af-714c-ac71-a0b16c5aa036,sent
2026-10-09T10:31:29.626269Z,cohere_adamic,9,30,7,049-default-case.txt,01a11415-478e-77e3-bcbd-f89910937010,sent
2026-10-09T10:31:29.630327Z,cohere_adamic,10,30,6,,,pass_cap
2026-10-09T10:31:33.285617Z,typescript,1,10,0,,,queue_empty
2026-10-09T10:31:37.060300Z,runtime,0,8,0,,,queue_empty
2026-10-09T10:31:39.041636Z,library,0,8,0,,,queue_empty
2026-10-09T10:31:49.074584Z,developer_tools,0,4,0,,,queue_empty
2026-10-09T10:35:33.132123Z,compiler,3,30,0,,,queue_empty
2026-10-09T10:36:26.492304Z,cohere_adamic,6,30,6,050-structure-react-hook-no-properties-in-dependencies.txt,01a113c3-ca33-7798-8882-18ae321fd019,sent
2026-10-09T10:36:32.090343Z,cohere_adamic,7,30,5,051-react-hooks-config.txt,01a113c3-c8af-714c-ac71-a0b16c5aa036,sent
2026-10-09T10:36:37.968137Z,cohere_adamic,8,30,4,052-structure-react-component-no-const-assignment.txt,01a113c3-cac1-7532-8794-8b1729f0500c,sent
2026-10-09T10:36:37.971117Z,cohere_adamic,9,30,3,,,pass_cap
2026-10-09T10:36:41.618349Z,typescript,0,10,0,,,queue_empty
2026-10-09T10:36:45.346147Z,runtime,0,8,0,,,queue_empty
2026-10-09T10:36:47.371502Z,library,0,8,0,,,queue_empty
2026-10-09T10:36:57.822772Z,developer_tools,0,4,0,,,queue_empty
2026-10-09T10:40:33.219917Z,compiler,4,30,0,,,queue_empty
2026-10-09T10:41:14.074999Z,cohere_adamic,6,30,3,053-structure-network-no-forbidden-import.txt,01a113c3-ca33-7798-8882-18ae321fd019,sent
2026-10-09T10:41:19.519647Z,cohere_adamic,7,30,2,054-next-next-google-font-preconnect.txt,01a113c3-c8af-714c-ac71-a0b16c5aa036,sent
2026-10-09T10:41:25.448879Z,cohere_adamic,8,30,1,055-structure-network-no-invalidate-cache-in-on-success.txt,01a113c3-cac1-7532-8794-8b1729f0500c,sent
2026-10-09T10:41:25.723267Z,cohere_adamic,9,30,0,,,queue_empty
2026-10-09T10:41:29.979006Z,typescript,0,10,0,,,queue_empty
2026-10-09T10:41:33.738603Z,runtime,0,8,0,,,queue_empty
2026-10-09T10:41:36.201279Z,library,0,8,0,,,queue_empty
2026-10-09T10:41:46.529768Z,developer_tools,0,4,0,,,queue_empty
2026-10-09T10:45:32.351776Z,compiler,4,30,0,,,queue_empty
2026-10-09T10:46:05.546079Z,cohere_adamic,6,30,0,,,queue_empty
2026-10-09T10:46:09.325073Z,typescript,0,10,0,,,queue_empty
2026-10-09T10:46:13.151870Z,runtime,0,8,0,,,queue_empty
2026-10-09T10:46:15.378260Z,library,0,8,0,,,queue_empty
2026-10-09T10:46:25.055875Z,developer_tools,0,4,0,,,queue_empty
2026-10-09T10:50:33.057764Z,compiler,7,30,0,,,queue_empty
2026-10-09T10:51:07.053586Z,cohere_adamic,5,30,0,,,queue_empty
2026-10-09T10:51:10.800195Z,typescript,0,10,0,,,queue_empty
2026-10-09T10:51:14.523594Z,runtime,0,8,0,,,queue_empty
2026-10-09T10:51:17.312196Z,library,0,8,0,,,queue_empty
2026-10-09T10:51:26.913375Z,developer_tools,0,4,0,,,queue_empty
2026-10-09T10:55:33.643751Z,compiler,8,30,0,,,queue_empty
2026-10-09T10:56:08.808324Z,cohere_adamic,5,30,0,,,queue_empty
2026-10-09T10:56:12.289321Z,typescript,0,10,0,,,queue_empty
2026-10-09T10:56:16.075874Z,runtime,0,8,0,,,queue_empty
2026-10-09T10:56:18.483002Z,library,0,8,0,,,queue_empty
2026-10-09T10:56:27.817585Z,developer_tools,0,4,0,,,queue_empty
2026-10-09T11:00:32.875891Z,compiler,5,30,0,,,queue_empty
2026-10-09T11:01:06.704954Z,cohere_adamic,4,30,0,,,queue_empty
2026-10-09T11:01:10.130722Z,typescript,0,10,0,,,queue_empty
2026-10-09T11:01:19.999907Z,runtime,0,8,1,25-guard-pow-digest.md,01a11431-4432-7421-9353-50c70c0d8039,sent
2026-10-09T11:01:20.263712Z,runtime,1,8,0,,,queue_empty
2026-10-09T11:01:22.572999Z,library,0,8,0,,,queue_empty
2026-10-09T11:01:32.208122Z,developer_tools,0,4,0,,,queue_empty
2026-10-09T11:05:33.142586Z,compiler,5,30,0,,,queue_empty
2026-10-09T11:06:05.659226Z,cohere_adamic,4,30,0,,,queue_empty
2026-10-09T11:06:09.177259Z,typescript,0,10,0,,,queue_empty
2026-10-09T11:06:12.873174Z,runtime,1,8,0,,,queue_empty
2026-10-09T11:06:16.487464Z,library,0,8,0,,,queue_empty
2026-10-09T11:06:26.908619Z,developer_tools,0,4,0,,,queue_empty
2026-10-09T11:10:33.314435Z,compiler,6,30,0,,,queue_empty
2026-10-09T11:11:06.455124Z,cohere_adamic,3,30,0,,,queue_empty
2026-10-09T11:11:10.144100Z,typescript,0,10,0,,,queue_empty
2026-10-09T11:11:23.965602Z,runtime,1,8,1,26-guard-regexp-limit-heap-chunks.md,01a11477-b1e8-7134-8ed7-8360ef421013,sent
2026-10-09T11:11:24.201145Z,runtime,2,8,0,,,queue_empty
2026-10-09T11:11:26.218357Z,library,0,8,0,,,queue_empty
2026-10-09T11:11:36.476612Z,developer_tools,0,4,0,,,queue_empty
2026-10-09T11:15:33.574366Z,compiler,5,30,0,,,queue_empty
2026-10-09T11:16:07.189215Z,cohere_adamic,3,30,0,,,queue_empty
2026-10-09T11:16:10.707877Z,typescript,0,10,0,,,queue_empty
2026-10-09T11:16:23.675455Z,runtime,2,8,1,27-prove-runtime-key.md,01a114b9-e536-71f7-b16c-06767db92000,sent
2026-10-09T11:16:23.937539Z,runtime,3,8,0,,,queue_empty
2026-10-09T11:16:25.843959Z,library,0,8,0,,,queue_empty
2026-10-09T11:16:37.539564Z,developer_tools,0,4,0,,,queue_empty
2026-10-09T11:20:33.451346Z,compiler,8,30,0,,,queue_empty
2026-10-09T11:21:06.376527Z,cohere_adamic,2,30,0,,,queue_empty
2026-10-09T11:21:09.727274Z,typescript,0,10,0,,,queue_empty
2026-10-09T11:21:13.364372Z,runtime,2,8,0,,,queue_empty
2026-10-09T11:21:15.426636Z,library,0,8,0,,,queue_empty
2026-10-09T11:21:25.222372Z,developer_tools,0,4,0,,,queue_empty
2026-10-09T11:25:33.348162Z,compiler,8,30,0,,,queue_empty
2026-10-09T11:25:57.672661Z,cohere_adamic,,30,0,,,fleet_unavailable: fleet live status unavailable
2026-10-09T11:26:01.188598Z,typescript,0,10,0,,,queue_empty
2026-10-09T11:26:05.215615Z,runtime,2,8,0,,,queue_empty
2026-10-09T11:26:07.194491Z,library,0,8,0,,,queue_empty
2026-10-09T11:26:16.946812Z,developer_tools,0,4,0,,,queue_empty
2026-10-09T11:30:33.973625Z,compiler,5,30,0,,,queue_empty
2026-10-09T11:31:09.625676Z,cohere_adamic,2,30,0,,,queue_empty
2026-10-09T11:31:13.277949Z,typescript,0,10,0,,,queue_empty
2026-10-09T11:31:17.321120Z,runtime,1,8,0,,,queue_empty
2026-10-09T11:31:19.062861Z,library,0,8,0,,,queue_empty
2026-10-09T11:31:25.235478Z,developer_tools,,4,0,,,fleet_unavailable: fleet live status unavailable
2026-10-09T11:35:33.832433Z,compiler,9,30,0,,,queue_empty
2026-10-09T11:36:06.947053Z,cohere_adamic,2,30,0,,,queue_empty
2026-10-09T11:36:10.376151Z,typescript,0,10,0,,,queue_empty
2026-10-09T11:36:14.305707Z,runtime,0,8,0,,,queue_empty
2026-10-09T11:36:16.642771Z,library,0,8,0,,,queue_empty
2026-10-09T11:36:25.903978Z,developer_tools,0,4,0,,,queue_empty
2026-10-09T11:40:33.877568Z,compiler,8,30,0,,,queue_empty
2026-10-09T11:41:06.593244Z,cohere_adamic,1,30,0,,,queue_empty
2026-10-09T11:41:10.108091Z,typescript,0,10,0,,,queue_empty
2026-10-09T11:41:14.138795Z,runtime,0,8,0,,,queue_empty
2026-10-09T11:41:16.204724Z,library,0,8,0,,,queue_empty
2026-10-09T11:41:25.753307Z,developer_tools,0,4,0,,,queue_empty
2026-10-09T11:45:34.517976Z,compiler,5,30,0,,,queue_empty
2026-10-09T11:46:09.924089Z,cohere_adamic,1,30,0,,,queue_empty
2026-10-09T11:46:13.647583Z,typescript,0,10,0,,,queue_empty
2026-10-09T11:46:17.547028Z,runtime,0,8,0,,,queue_empty
2026-10-09T11:46:19.582184Z,library,0,8,0,,,queue_empty
2026-10-09T11:46:30.946136Z,developer_tools,0,4,0,,,queue_empty
2026-10-09T11:50:34.186434Z,compiler,3,30,0,,,queue_empty
2026-10-09T11:51:08.108037Z,cohere_adamic,1,30,0,,,queue_empty
2026-10-09T11:51:12.791944Z,typescript,0,10,0,,,queue_empty
2026-10-09T11:51:16.296872Z,runtime,0,8,0,,,queue_empty
2026-10-09T11:51:18.270324Z,library,0,8,0,,,queue_empty
2026-10-09T11:51:27.956508Z,developer_tools,0,4,0,,,queue_empty
2026-10-09T11:55:33.842627Z,compiler,3,30,0,,,queue_empty
2026-10-09T11:56:09.458862Z,cohere_adamic,1,30,0,,,queue_empty
2026-10-09T11:56:13.231508Z,typescript,0,10,0,,,queue_empty
2026-10-09T11:56:17.346150Z,runtime,0,8,0,,,queue_empty
2026-10-09T11:56:19.484286Z,library,0,8,0,,,queue_empty
2026-10-09T11:56:29.613050Z,developer_tools,0,4,0,,,queue_empty
2026-10-09T12:00:36.395235Z,compiler,3,30,0,,,queue_empty
2026-10-09T12:01:12.260401Z,cohere_adamic,1,30,0,,,queue_empty
2026-10-09T12:01:16.097619Z,typescript,0,10,0,,,queue_empty
2026-10-09T12:01:20.107612Z,runtime,0,8,0,,,queue_empty
2026-10-09T12:01:22.402742Z,library,0,8,0,,,queue_empty
2026-10-09T12:01:34.028254Z,developer_tools,0,4,0,,,queue_empty
2026-10-09T12:05:36.596630Z,compiler,2,30,0,,,queue_empty
2026-10-09T12:06:45.530552Z,cohere_adamic,1,30,0,,,queue_empty
2026-10-09T12:06:49.280891Z,typescript,0,10,0,,,queue_empty
2026-10-09T12:06:56.824398Z,runtime,0,8,0,,,queue_empty
2026-10-09T12:07:00.525332Z,library,0,8,0,,,queue_empty
2026-10-09T12:07:13.511083Z,developer_tools,0,4,0,,,queue_empty
2026-10-09T12:10:41.993205Z,compiler,1,30,0,,,queue_empty
2026-10-09T12:11:18.040414Z,cohere_adamic,1,30,0,,,queue_empty
2026-10-09T12:11:22.124548Z,typescript,0,10,0,,,queue_empty
2026-10-09T12:11:26.255121Z,runtime,0,8,0,,,queue_empty
2026-10-09T12:11:28.592385Z,library,0,8,0,,,queue_empty
2026-10-09T12:11:37.926472Z,developer_tools,0,4,0,,,queue_empty
2026-10-09T12:15:35.152186Z,compiler,3,30,0,,,queue_empty
2026-10-09T12:16:09.915331Z,cohere_adamic,1,30,0,,,queue_empty
2026-10-09T12:16:13.633945Z,typescript,0,10,0,,,queue_empty
2026-10-09T12:16:17.585690Z,runtime,0,8,0,,,queue_empty
2026-10-09T12:16:19.758456Z,library,0,8,0,,,queue_empty
2026-10-09T12:16:30.329716Z,developer_tools,0,4,0,,,queue_empty
2026-10-09T12:20:38.411791Z,compiler,1,30,0,,,queue_empty
2026-10-09T12:22:00.177465Z,cohere_adamic,1,30,0,,,queue_empty
2026-10-09T12:22:06.039909Z,typescript,0,10,0,,,queue_empty
2026-10-09T12:22:29.216309Z,runtime,0,8,0,,,queue_empty
2026-10-09T12:22:34.055267Z,library,0,8,0,,,queue_empty
2026-10-09T12:23:31.834087Z,developer_tools,0,4,0,,,queue_empty
2026-10-09T12:25:38.447448Z,compiler,4,30,0,,,queue_empty
2026-10-09T12:26:39.035297Z,cohere_adamic,1,30,0,,,queue_empty
2026-10-09T12:26:51.689337Z,typescript,0,10,0,,,queue_empty
2026-10-09T12:26:59.486697Z,runtime,0,8,0,,,queue_empty
2026-10-09T12:27:18.186713Z,library,0,8,0,,,queue_empty
2026-10-09T12:27:48.662033Z,developer_tools,0,4,0,,,queue_empty
2026-10-09T12:30:58.198065Z,compiler,5,30,0,,,queue_empty
2026-10-09T12:32:52.078579Z,cohere_adamic,0,30,0,,,queue_empty
2026-10-09T12:32:59.700151Z,typescript,0,10,0,,,queue_empty
2026-10-09T12:33:12.456686Z,runtime,0,8,0,,,queue_empty
2026-10-09T12:33:16.040579Z,library,0,8,0,,,queue_empty
2026-10-09T12:33:42.563881Z,developer_tools,0,4,1,000-p0-wasi-emission-82jnd8v.md,01a11436-8fb9-7512-a9cc-1c58aabf100e,sent
2026-10-09T12:33:47.095962Z,developer_tools,1,4,0,,,queue_empty
2026-10-09T12:35:40.134862Z,compiler,5,30,0,,,queue_empty
2026-10-09T12:37:56.396803Z,cohere_adamic,0,30,0,,,queue_empty
2026-10-09T12:38:15.328661Z,typescript,0,10,0,,,queue_empty
2026-10-09T12:38:20.960682Z,runtime,0,8,0,,,queue_empty
2026-10-09T12:38:24.971220Z,library,0,8,0,,,queue_empty
2026-10-09T12:38:48.182773Z,developer_tools,1,4,0,,,queue_empty
2026-10-09T12:40:44.786644Z,compiler,5,30,0,,,queue_empty
2026-10-09T12:42:48.845008Z,cohere_adamic,0,30,0,,,queue_empty
2026-10-09T12:42:53.789902Z,typescript,0,10,0,,,queue_empty
2026-10-09T12:43:01.563326Z,runtime,0,8,0,,,queue_empty
2026-10-09T12:43:04.750188Z,library,0,8,0,,,queue_empty
2026-10-09T12:43:52.410073Z,developer_tools,0,4,0,,,queue_empty
2026-10-09T12:45:43.376101Z,compiler,3,30,0,,,queue_empty
2026-10-09T12:47:01.364128Z,cohere_adamic,0,30,0,,,queue_empty
2026-10-09T12:47:08.186838Z,typescript,0,10,0,,,queue_empty
2026-10-09T12:47:13.086407Z,runtime,0,8,0,,,queue_empty
2026-10-09T12:47:15.560983Z,library,0,8,0,,,queue_empty
2026-10-09T12:47:27.980084Z,developer_tools,0,4,0,,,queue_empty
2026-10-09T12:50:42.352289Z,compiler,4,30,0,,,queue_empty
2026-10-09T12:51:56.775554Z,cohere_adamic,0,30,0,,,queue_empty
2026-10-09T12:52:04.396501Z,typescript,0,10,0,,,queue_empty
2026-10-09T12:52:14.627146Z,runtime,0,8,0,,,queue_empty
2026-10-09T12:52:17.891347Z,library,0,8,0,,,queue_empty
2026-10-09T12:52:32.849088Z,developer_tools,0,4,0,,,queue_empty
2026-10-09T12:55:56.736487Z,compiler,5,30,0,,,queue_empty
2026-10-09T12:57:07.425690Z,cohere_adamic,0,30,0,,,queue_empty
2026-10-09T12:57:12.091771Z,typescript,1,10,0,,,queue_empty
2026-10-09T12:57:19.211321Z,runtime,0,8,0,,,queue_empty
2026-10-09T12:57:29.084815Z,library,0,8,0,,,queue_empty
2026-10-09T12:57:51.153283Z,developer_tools,0,4,0,,,queue_empty
2026-10-09T13:00:44.749623Z,compiler,4,30,0,,,queue_empty
2026-10-09T13:02:00.065305Z,cohere_adamic,0,30,0,,,queue_empty
2026-10-09T13:02:05.288500Z,typescript,1,10,0,,,queue_empty
2026-10-09T13:02:09.666681Z,runtime,0,8,0,,,queue_empty
2026-10-09T13:02:11.935378Z,library,0,8,0,,,queue_empty
2026-10-09T13:03:07.073689Z,developer_tools,,4,0,,,fleet_unavailable: fleet live status unavailable
2026-10-09T13:05:53.544543Z,compiler,4,30,0,,,queue_empty
2026-10-09T13:07:12.298772Z,cohere_adamic,0,30,0,,,queue_empty
2026-10-09T13:07:20.136152Z,typescript,1,10,0,,,queue_empty
2026-10-09T13:07:26.562804Z,runtime,0,8,0,,,queue_empty
2026-10-09T13:07:31.181769Z,library,0,8,0,,,queue_empty
2026-10-09T13:07:48.858971Z,developer_tools,0,4,0,,,queue_empty
2026-10-09T13:11:02.962281Z,compiler,,30,0,,,fleet_unavailable: fleet live status unavailable
2026-10-09T13:12:43.630491Z,cohere_adamic,0,30,0,,,queue_empty
2026-10-09T13:12:49.445238Z,typescript,0,10,0,,,queue_empty
2026-10-09T13:12:55.566438Z,runtime,0,8,0,,,queue_empty
2026-10-09T13:12:59.460760Z,library,0,8,0,,,queue_empty
2026-10-09T13:13:15.896596Z,developer_tools,0,4,0,,,queue_empty
2026-10-09T13:15:43.450015Z,compiler,4,30,0,,,queue_empty
2026-10-09T13:16:50.444136Z,cohere_adamic,0,30,0,,,queue_empty
2026-10-09T13:16:54.176038Z,typescript,0,10,0,,,queue_empty
2026-10-09T13:16:58.037700Z,runtime,0,8,0,,,queue_empty
2026-10-09T13:17:00.380515Z,library,0,8,0,,,queue_empty
2026-10-09T13:17:11.048308Z,developer_tools,0,4,0,,,queue_empty
2026-10-09T13:20:37.005510Z,compiler,4,30,0,,,queue_empty
2026-10-09T13:21:13.577731Z,cohere_adamic,0,30,0,,,queue_empty
2026-10-09T13:21:17.416215Z,typescript,0,10,0,,,queue_empty
2026-10-09T13:21:21.502201Z,runtime,0,8,0,,,queue_empty
2026-10-09T13:21:23.731124Z,library,0,8,0,,,queue_empty
2026-10-09T13:21:34.513602Z,developer_tools,0,4,0,,,queue_empty
2026-10-09T13:25:37.914909Z,compiler,5,30,0,,,queue_empty
2026-10-09T13:26:12.089925Z,cohere_adamic,0,30,0,,,queue_empty
2026-10-09T13:26:16.023792Z,typescript,0,10,0,,,queue_empty
2026-10-09T13:26:20.067222Z,runtime,0,8,0,,,queue_empty
2026-10-09T13:26:22.209224Z,library,0,8,0,,,queue_empty
2026-10-09T13:26:31.946739Z,developer_tools,0,4,0,,,queue_empty
2026-10-09T13:30:37.723883Z,compiler,5,30,0,,,queue_empty
2026-10-09T13:31:12.099863Z,cohere_adamic,0,30,0,,,queue_empty
2026-10-09T13:31:15.699175Z,typescript,0,10,0,,,queue_empty
2026-10-09T13:31:19.519758Z,runtime,0,8,0,,,queue_empty
2026-10-09T13:31:21.690027Z,library,0,8,0,,,queue_empty
2026-10-09T13:31:31.822032Z,developer_tools,0,4,0,,,queue_empty
2026-10-09T13:35:37.402981Z,compiler,6,30,0,,,queue_empty
2026-10-09T13:36:13.454502Z,cohere_adamic,0,30,0,,,queue_empty
2026-10-09T13:36:17.213627Z,typescript,0,10,0,,,queue_empty
2026-10-09T13:36:21.038862Z,runtime,0,8,0,,,queue_empty
2026-10-09T13:36:23.071379Z,library,0,8,0,,,queue_empty
2026-10-09T13:36:32.847299Z,developer_tools,0,4,0,,,queue_empty
2026-10-09T13:40:37.814940Z,compiler,8,30,0,,,queue_empty
2026-10-09T13:41:12.457756Z,cohere_adamic,0,30,0,,,queue_empty
2026-10-09T13:41:16.192447Z,typescript,0,10,0,,,queue_empty
2026-10-09T13:41:20.650794Z,runtime,1,8,0,,,queue_empty
2026-10-09T13:41:22.505688Z,library,0,8,0,,,queue_empty
2026-10-09T13:41:35.863442Z,developer_tools,0,4,0,,,queue_empty
2026-10-09T13:45:42.632630Z,compiler,6,30,0,,,"gate_backpressure: 52 queued, 17 slots"
2026-10-09T13:46:21.677117Z,cohere_adamic,0,30,0,,,"gate_backpressure: 52 queued, 17 slots"
2026-10-09T13:46:26.496312Z,typescript,1,10,0,,,"gate_backpressure: 52 queued, 17 slots"
2026-10-09T13:46:31.649113Z,runtime,0,8,0,,,"gate_backpressure: 52 queued, 17 slots"
2026-10-09T13:46:33.634043Z,library,0,8,0,,,"gate_backpressure: 52 queued, 17 slots"
2026-10-09T13:46:46.325891Z,developer_tools,0,4,0,,,"gate_backpressure: 52 queued, 17 slots"
2026-10-09T13:50:40.752316Z,compiler,5,30,0,,,"gate_backpressure: 52 queued, 17 slots"
2026-10-09T13:51:23.082870Z,cohere_adamic,0,30,0,,,"gate_backpressure: 52 queued, 17 slots"
2026-10-09T13:51:27.941406Z,typescript,1,10,0,,,"gate_backpressure: 52 queued, 17 slots"
2026-10-09T13:51:32.707913Z,runtime,1,8,0,,,"gate_backpressure: 52 queued, 17 slots"
2026-10-09T13:51:34.963378Z,library,0,8,0,,,"gate_backpressure: 52 queued, 17 slots"
2026-10-09T13:51:47.070415Z,developer_tools,0,4,0,,,"gate_backpressure: 52 queued, 17 slots"
2026-10-09T13:55:40.048568Z,compiler,5,30,0,,,"gate_backpressure: 55 queued, 17 slots"
2026-10-09T13:56:20.067141Z,cohere_adamic,0,30,0,,,"gate_backpressure: 55 queued, 17 slots"
2026-10-09T13:56:24.956293Z,typescript,0,10,0,,,"gate_backpressure: 55 queued, 17 slots"
2026-10-09T13:56:29.449950Z,runtime,1,8,0,,,"gate_backpressure: 55 queued, 17 slots"
2026-10-09T13:56:31.672359Z,library,0,8,0,,,"gate_backpressure: 55 queued, 17 slots"
2026-10-09T13:56:42.317561Z,developer_tools,0,4,0,,,"gate_backpressure: 55 queued, 17 slots"
2026-10-09T14:00:39.867817Z,compiler,7,30,0,,,"gate_backpressure: 55 queued, 17 slots"
2026-10-09T14:00:43.760301Z,cohere_adamic,,30,0,,,fleet_unavailable: fleet live status unavailable
2026-10-09T14:00:48.467125Z,typescript,1,10,0,,,"gate_backpressure: 55 queued, 17 slots"
2026-10-09T14:00:53.000921Z,runtime,1,8,0,,,"gate_backpressure: 55 queued, 17 slots"
2026-10-09T14:00:55.263222Z,library,0,8,0,,,"gate_backpressure: 55 queued, 17 slots"
2026-10-09T14:01:07.467222Z,developer_tools,0,4,0,,,"gate_backpressure: 55 queued, 17 slots"
2026-10-09T14:05:40.244331Z,compiler,9,30,0,,,"gate_backpressure: 54 queued, 17 slots"
2026-10-09T14:06:19.236489Z,cohere_adamic,0,30,0,,,"gate_backpressure: 54 queued, 17 slots"
2026-10-09T14:06:23.669506Z,typescript,1,10,0,,,"gate_backpressure: 54 queued, 17 slots"
2026-10-09T14:06:28.706351Z,runtime,1,8,0,,,"gate_backpressure: 54 queued, 17 slots"
2026-10-09T14:06:30.922666Z,library,0,8,0,,,"gate_backpressure: 54 queued, 17 slots"
2026-10-09T14:06:42.204276Z,developer_tools,0,4,0,,,"gate_backpressure: 54 queued, 17 slots"
2026-10-09T14:10:40.527037Z,compiler,8,30,0,,,"gate_backpressure: 54 queued, 17 slots"
2026-10-09T14:11:18.524171Z,cohere_adamic,0,30,0,,,"gate_backpressure: 54 queued, 17 slots"
2026-10-09T14:11:23.604155Z,typescript,1,10,0,,,"gate_backpressure: 54 queued, 17 slots"
2026-10-09T14:11:28.420443Z,runtime,1,8,0,,,"gate_backpressure: 54 queued, 17 slots"
2026-10-09T14:11:30.409128Z,library,0,8,0,,,"gate_backpressure: 54 queued, 17 slots"
2026-10-09T14:11:41.612638Z,developer_tools,0,4,0,,,"gate_backpressure: 54 queued, 17 slots"
2026-10-09T14:15:40.216297Z,compiler,8,30,0,,,"gate_backpressure: 55 queued, 17 slots"
2026-10-09T14:16:16.500056Z,cohere_adamic,0,30,0,,,"gate_backpressure: 55 queued, 17 slots"
2026-10-09T14:16:20.783409Z,typescript,1,10,0,,,"gate_backpressure: 55 queued, 17 slots"
2026-10-09T14:16:24.747552Z,runtime,0,8,0,,,"gate_backpressure: 55 queued, 17 slots"
2026-10-09T14:16:26.658323Z,library,0,8,0,,,"gate_backpressure: 55 queued, 17 slots"
2026-10-09T14:16:37.886750Z,developer_tools,0,4,0,,,"gate_backpressure: 55 queued, 17 slots"
2026-10-09T14:20:39.619403Z,compiler,7,30,0,,,"gate_backpressure: 55 queued, 17 slots"
2026-10-09T14:21:15.800578Z,cohere_adamic,0,30,0,,,"gate_backpressure: 55 queued, 17 slots"
2026-10-09T14:21:20.094370Z,typescript,0,10,0,,,"gate_backpressure: 55 queued, 17 slots"
2026-10-09T14:21:24.325512Z,runtime,0,8,0,,,"gate_backpressure: 55 queued, 17 slots"
2026-10-09T14:21:26.594412Z,library,0,8,0,,,"gate_backpressure: 55 queued, 17 slots"
2026-10-09T14:21:37.524470Z,developer_tools,0,4,0,,,"gate_backpressure: 55 queued, 17 slots"
2026-10-09T14:25:40.485032Z,compiler,3,30,0,,,"gate_backpressure: 56 queued, 17 slots"
2026-10-09T14:26:16.882462Z,cohere_adamic,0,30,0,,,"gate_backpressure: 56 queued, 17 slots"
2026-10-09T14:26:21.530123Z,typescript,1,10,0,,,"gate_backpressure: 56 queued, 17 slots"
2026-10-09T14:26:26.000032Z,runtime,0,8,0,,,"gate_backpressure: 56 queued, 17 slots"
2026-10-09T14:26:28.343437Z,library,0,8,0,,,"gate_backpressure: 56 queued, 17 slots"
2026-10-09T14:26:41.236908Z,developer_tools,0,4,0,,,"gate_backpressure: 56 queued, 17 slots"
2026-10-09T14:30:40.867386Z,compiler,5,30,0,,,"gate_backpressure: 57 queued, 17 slots"
2026-10-09T14:31:19.840427Z,cohere_adamic,0,30,0,,,"gate_backpressure: 57 queued, 17 slots"
2026-10-09T14:31:24.312715Z,typescript,1,10,0,,,"gate_backpressure: 57 queued, 17 slots"
2026-10-09T14:31:29.303795Z,runtime,1,8,0,,,"gate_backpressure: 57 queued, 17 slots"
2026-10-09T14:31:31.415834Z,library,0,8,0,,,"gate_backpressure: 57 queued, 17 slots"
2026-10-09T14:31:43.163118Z,developer_tools,0,4,0,,,"gate_backpressure: 57 queued, 17 slots"
2026-10-09T14:35:40.422197Z,compiler,5,30,0,,,"gate_backpressure: 57 queued, 17 slots"
2026-10-09T14:36:19.217649Z,cohere_adamic,0,30,0,,,"gate_backpressure: 57 queued, 17 slots"
2026-10-09T14:36:23.238374Z,typescript,0,10,0,,,"gate_backpressure: 57 queued, 17 slots"
2026-10-09T14:36:27.883900Z,runtime,1,8,0,,,"gate_backpressure: 57 queued, 17 slots"
2026-10-09T14:36:30.222638Z,library,0,8,0,,,"gate_backpressure: 57 queued, 17 slots"
2026-10-09T14:36:42.084210Z,developer_tools,0,4,0,,,"gate_backpressure: 57 queued, 17 slots"
2026-10-09T14:40:41.061128Z,compiler,4,30,0,,,"gate_backpressure: 58 queued, 17 slots"
2026-10-09T14:41:18.094604Z,cohere_adamic,0,30,0,,,"gate_backpressure: 58 queued, 17 slots"
2026-10-09T14:41:23.098816Z,typescript,0,10,0,,,"gate_backpressure: 58 queued, 17 slots"
2026-10-09T14:41:27.568390Z,runtime,1,8,0,,,"gate_backpressure: 58 queued, 17 slots"
2026-10-09T14:41:29.960153Z,library,0,8,0,,,"gate_backpressure: 58 queued, 17 slots"
2026-10-09T14:41:41.986621Z,developer_tools,0,4,0,,,"gate_backpressure: 58 queued, 17 slots"
2026-10-09T14:45:41.361271Z,compiler,5,30,0,,,"gate_backpressure: 57 queued, 17 slots"
2026-10-09T14:46:18.851951Z,cohere_adamic,0,30,0,,,"gate_backpressure: 57 queued, 17 slots"
2026-10-09T14:46:23.061253Z,typescript,0,10,0,,,"gate_backpressure: 57 queued, 17 slots"
2026-10-09T14:46:27.595735Z,runtime,1,8,0,,,"gate_backpressure: 57 queued, 17 slots"
2026-10-09T14:46:30.370797Z,library,0,8,0,,,"gate_backpressure: 57 queued, 17 slots"
2026-10-09T14:46:41.365497Z,developer_tools,0,4,0,,,"gate_backpressure: 57 queued, 17 slots"
2026-10-09T14:50:42.479966Z,compiler,5,30,0,,,"gate_backpressure: 58 queued, 17 slots"
2026-10-09T14:51:26.052389Z,cohere_adamic,0,30,0,,,"gate_backpressure: 58 queued, 17 slots"
2026-10-09T14:51:30.230268Z,typescript,0,10,0,,,"gate_backpressure: 58 queued, 17 slots"
2026-10-09T14:51:34.816662Z,runtime,0,8,0,,,"gate_backpressure: 58 queued, 17 slots"
2026-10-09T14:51:37.244939Z,library,0,8,0,,,"gate_backpressure: 58 queued, 17 slots"
2026-10-09T14:51:49.321124Z,developer_tools,0,4,0,,,"gate_backpressure: 58 queued, 17 slots"
2026-10-09T14:55:40.265445Z,compiler,5,30,0,,,"gate_backpressure: 58 queued, 17 slots"
2026-10-09T14:56:40.873950Z,cohere_adamic,0,30,0,,,"gate_backpressure: 58 queued, 17 slots"
2026-10-09T14:56:45.091357Z,typescript,0,10,0,,,"gate_backpressure: 58 queued, 17 slots"
2026-10-09T14:56:49.585584Z,runtime,0,8,0,,,"gate_backpressure: 58 queued, 17 slots"
2026-10-09T14:56:55.139594Z,library,0,8,0,,,"gate_backpressure: 58 queued, 17 slots"
2026-10-09T14:57:12.431670Z,developer_tools,0,4,0,,,"gate_backpressure: 58 queued, 17 slots"
2026-10-09T15:00:47.061428Z,compiler,5,30,0,,,"gate_backpressure: 59 queued, 17 slots"
2026-10-09T15:01:41.757340Z,cohere_adamic,0,30,0,,,"gate_backpressure: 59 queued, 17 slots"
2026-10-09T15:01:46.181314Z,typescript,0,10,0,,,"gate_backpressure: 59 queued, 17 slots"
2026-10-09T15:01:51.191460Z,runtime,1,8,0,,,"gate_backpressure: 59 queued, 17 slots"
2026-10-09T15:01:53.556392Z,library,0,8,0,,,"gate_backpressure: 59 queued, 17 slots"
2026-10-09T15:02:06.683897Z,developer_tools,0,4,0,,,"gate_backpressure: 59 queued, 17 slots"
2026-10-09T15:05:40.834604Z,compiler,4,30,0,,,"gate_backpressure: 59 queued, 19 slots"
2026-10-09T15:06:16.474706Z,cohere_adamic,0,30,0,,,"gate_backpressure: 59 queued, 19 slots"
2026-10-09T15:06:21.204352Z,typescript,0,10,0,,,"gate_backpressure: 59 queued, 19 slots"
2026-10-09T15:06:25.583160Z,runtime,1,8,0,,,"gate_backpressure: 59 queued, 19 slots"
2026-10-09T15:06:27.865389Z,library,0,8,0,,,"gate_backpressure: 59 queued, 19 slots"
2026-10-09T15:06:55.629555Z,developer_tools,0,4,0,,,"gate_backpressure: 59 queued, 19 slots"
2026-10-09T15:10:42.524332Z,compiler,3,30,0,,,"gate_backpressure: 56 queued, 17 slots"
2026-10-09T15:11:35.773762Z,cohere_adamic,0,30,0,,,"gate_backpressure: 56 queued, 17 slots"
2026-10-09T15:11:39.967147Z,typescript,0,10,0,,,"gate_backpressure: 56 queued, 17 slots"
2026-10-09T15:11:45.637178Z,runtime,2,8,0,,,"gate_backpressure: 56 queued, 17 slots"
2026-10-09T15:11:48.207835Z,library,0,8,0,,,"gate_backpressure: 56 queued, 17 slots"
2026-10-09T15:11:59.667313Z,developer_tools,0,4,0,,,"gate_backpressure: 56 queued, 17 slots"
2026-10-09T15:15:41.144017Z,compiler,5,30,0,,,"gate_backpressure: 57 queued, 17 slots"
2026-10-09T15:16:18.179542Z,cohere_adamic,0,30,0,,,"gate_backpressure: 57 queued, 17 slots"
2026-10-09T15:16:22.594648Z,typescript,0,10,0,,,"gate_backpressure: 57 queued, 17 slots"
2026-10-09T15:16:27.417751Z,runtime,2,8,0,,,"gate_backpressure: 57 queued, 17 slots"
2026-10-09T15:16:30.131523Z,library,0,8,0,,,"gate_backpressure: 57 queued, 17 slots"
2026-10-09T15:16:41.247587Z,developer_tools,0,4,0,,,"gate_backpressure: 57 queued, 17 slots"
2026-10-09T15:20:40.548179Z,compiler,7,30,0,,,"gate_backpressure: 55 queued, 17 slots"
2026-10-09T15:21:17.835034Z,cohere_adamic,0,30,0,,,"gate_backpressure: 55 queued, 17 slots"
2026-10-09T15:21:22.561346Z,typescript,1,10,0,,,"gate_backpressure: 55 queued, 17 slots"
2026-10-09T15:21:27.697441Z,runtime,2,8,0,,,"gate_backpressure: 55 queued, 17 slots"
2026-10-09T15:21:30.191933Z,library,0,8,0,,,"gate_backpressure: 55 queued, 17 slots"
2026-10-09T15:21:41.351198Z,developer_tools,0,4,0,,,"gate_backpressure: 55 queued, 17 slots"
2026-10-09T15:25:41.362082Z,compiler,5,30,0,,,"gate_backpressure: 57 queued, 17 slots"
2026-10-09T15:26:19.282620Z,cohere_adamic,0,30,0,,,"gate_backpressure: 57 queued, 17 slots"
2026-10-09T15:26:23.399912Z,typescript,1,10,0,,,"gate_backpressure: 57 queued, 17 slots"
2026-10-09T15:26:27.638543Z,runtime,2,8,0,,,"gate_backpressure: 57 queued, 17 slots"
2026-10-09T15:26:29.550842Z,library,0,8,0,,,"gate_backpressure: 57 queued, 17 slots"
2026-10-09T15:26:41.558816Z,developer_tools,0,4,0,,,"gate_backpressure: 57 queued, 17 slots"
2026-10-09T15:30:41.926445Z,compiler,5,30,0,,,queue_empty
2026-10-09T15:31:20.036768Z,cohere_adamic,0,30,0,,,queue_empty
2026-10-09T15:31:24.192554Z,typescript,1,10,0,,,queue_empty
2026-10-09T15:31:28.730197Z,runtime,2,8,0,,,queue_empty
2026-10-09T15:31:31.183122Z,library,0,8,0,,,queue_empty
2026-10-09T15:31:48.526756Z,developer_tools,0,4,1,010-grain-oracle-hook-7r4k16h.md,01a11436-8fb9-7512-a9cc-1c58aabf100e,sent
2026-10-09T15:31:49.068161Z,developer_tools,1,4,0,,,queue_empty
2026-10-09T15:35:46.487576Z,compiler,5,30,0,,,"gate_backpressure: 59 queued, 19 slots"
2026-10-09T15:36:27.186101Z,cohere_adamic,0,30,0,,,"gate_backpressure: 59 queued, 19 slots"
2026-10-09T15:36:31.580763Z,typescript,1,10,0,,,"gate_backpressure: 59 queued, 19 slots"
2026-10-09T15:36:36.404455Z,runtime,1,8,0,,,"gate_backpressure: 59 queued, 19 slots"
2026-10-09T15:36:39.106791Z,library,0,8,0,,,"gate_backpressure: 59 queued, 19 slots"
2026-10-09T15:36:50.837911Z,developer_tools,1,4,0,,,"gate_backpressure: 59 queued, 19 slots"
2026-10-09T15:40:41.020295Z,compiler,6,30,0,,,"gate_backpressure: 58 queued, 19 slots"
2026-10-09T15:41:19.945393Z,cohere_adamic,0,30,0,,,"gate_backpressure: 58 queued, 19 slots"
2026-10-09T15:41:24.537734Z,typescript,1,10,0,,,"gate_backpressure: 58 queued, 19 slots"
2026-10-09T15:41:29.593856Z,runtime,2,8,0,,,"gate_backpressure: 58 queued, 19 slots"
2026-10-09T15:41:32.036022Z,library,0,8,0,,,"gate_backpressure: 58 queued, 19 slots"
2026-10-09T15:41:42.360481Z,developer_tools,0,4,0,,,"gate_backpressure: 58 queued, 19 slots"
2026-10-09T15:45:41.322428Z,compiler,5,30,0,,,"gate_backpressure: 60 queued, 17 slots"
2026-10-09T15:46:22.074277Z,cohere_adamic,0,30,0,,,"gate_backpressure: 60 queued, 17 slots"
2026-10-09T15:46:25.834986Z,typescript,1,10,0,,,"gate_backpressure: 60 queued, 17 slots"
2026-10-09T15:46:30.317668Z,runtime,2,8,0,,,"gate_backpressure: 60 queued, 17 slots"
2026-10-09T15:46:32.576130Z,library,0,8,0,,,"gate_backpressure: 60 queued, 17 slots"
2026-10-09T15:46:43.693747Z,developer_tools,0,4,0,,,"gate_backpressure: 60 queued, 17 slots"
2026-10-09T15:50:41.978781Z,compiler,5,30,0,,,"gate_backpressure: 60 queued, 17 slots"
2026-10-09T15:51:23.144389Z,cohere_adamic,0,30,0,,,"gate_backpressure: 60 queued, 17 slots"
2026-10-09T15:51:27.589168Z,typescript,1,10,0,,,"gate_backpressure: 60 queued, 17 slots"
2026-10-09T15:51:31.891813Z,runtime,1,8,0,,,"gate_backpressure: 60 queued, 17 slots"
2026-10-09T15:51:33.874593Z,library,0,8,0,,,"gate_backpressure: 60 queued, 17 slots"
2026-10-09T15:51:44.453508Z,developer_tools,0,4,0,,,"gate_backpressure: 60 queued, 17 slots"
2026-10-09T15:55:42.690002Z,compiler,4,30,0,,,"gate_backpressure: 61 queued, 17 slots"
2026-10-09T15:56:20.738033Z,cohere_adamic,0,30,0,,,"gate_backpressure: 61 queued, 17 slots"
2026-10-09T15:56:24.730947Z,typescript,1,10,0,,,"gate_backpressure: 61 queued, 17 slots"
2026-10-09T15:56:29.333756Z,runtime,1,8,0,,,"gate_backpressure: 61 queued, 17 slots"
2026-10-09T15:56:31.670624Z,library,0,8,0,,,"gate_backpressure: 61 queued, 17 slots"
2026-10-09T15:56:42.417567Z,developer_tools,0,4,0,,,"gate_backpressure: 61 queued, 17 slots"
2026-10-09T16:00:43.124438Z,compiler,4,30,0,,,"gate_backpressure: 58 queued, 17 slots"
2026-10-09T16:01:41.102916Z,cohere_adamic,0,30,0,,,"gate_backpressure: 58 queued, 17 slots"
2026-10-09T16:01:45.733082Z,typescript,1,10,0,,,"gate_backpressure: 58 queued, 17 slots"
2026-10-09T16:01:50.795783Z,runtime,0,8,0,,,"gate_backpressure: 58 queued, 17 slots"
2026-10-09T16:01:53.810394Z,library,0,8,0,,,"gate_backpressure: 58 queued, 17 slots"
2026-10-09T16:02:06.220801Z,developer_tools,0,4,0,,,"gate_backpressure: 58 queued, 17 slots"
2026-10-09T16:05:46.207064Z,compiler,5,30,0,,,"gate_backpressure: 59 queued, 19 slots"
2026-10-09T16:07:34.648000Z,cohere_adamic,0,30,0,,,"gate_backpressure: 59 queued, 19 slots"
2026-10-09T16:07:47.653373Z,typescript,1,10,0,,,"gate_backpressure: 59 queued, 19 slots"
2026-10-09T16:07:55.213486Z,runtime,1,8,0,,,"gate_backpressure: 59 queued, 19 slots"
2026-10-09T16:08:05.759673Z,library,0,8,0,,,"gate_backpressure: 59 queued, 19 slots"
2026-10-09T16:08:25.327401Z,developer_tools,0,4,0,,,"gate_backpressure: 59 queued, 19 slots"
2026-10-09T16:10:44.013692Z,compiler,6,30,0,,,"gate_backpressure: 62 queued, 19 slots"
2026-10-09T16:12:47.267784Z,cohere_adamic,0,30,0,,,"gate_backpressure: 62 queued, 19 slots"
2026-10-09T16:12:52.176308Z,typescript,1,10,0,,,"gate_backpressure: 62 queued, 19 slots"
2026-10-09T16:12:57.626555Z,runtime,1,8,0,,,"gate_backpressure: 62 queued, 19 slots"
2026-10-09T16:13:00.589358Z,library,0,8,0,,,"gate_backpressure: 62 queued, 19 slots"
2026-10-09T16:13:15.686188Z,developer_tools,0,4,0,,,"gate_backpressure: 62 queued, 19 slots"
2026-10-09T16:15:56.927651Z,compiler,6,30,0,,,"gate_backpressure: 61 queued, 17 slots"
2026-10-09T16:17:41.115310Z,cohere_adamic,0,30,0,,,"gate_backpressure: 61 queued, 17 slots"
2026-10-09T16:17:49.813579Z,typescript,1,10,0,,,"gate_backpressure: 61 queued, 17 slots"
2026-10-09T16:17:57.076908Z,runtime,1,8,0,,,"gate_backpressure: 61 queued, 17 slots"
2026-10-09T16:18:01.424506Z,library,0,8,0,,,"gate_backpressure: 61 queued, 17 slots"
2026-10-09T16:18:21.880390Z,developer_tools,0,4,0,,,"gate_backpressure: 61 queued, 17 slots"
2026-10-09T16:21:11.753750Z,compiler,7,30,0,,,"gate_backpressure: 63 queued, 17 slots"
2026-10-09T16:22:10.102003Z,cohere_adamic,0,30,0,,,"gate_backpressure: 63 queued, 17 slots"
2026-10-09T16:22:16.634239Z,typescript,1,10,0,,,"gate_backpressure: 63 queued, 17 slots"
2026-10-09T16:22:28.106384Z,runtime,1,8,0,,,"gate_backpressure: 63 queued, 17 slots"
2026-10-09T16:22:31.598252Z,library,0,8,0,,,"gate_backpressure: 63 queued, 17 slots"
2026-10-09T16:22:46.138841Z,developer_tools,0,4,0,,,"gate_backpressure: 63 queued, 17 slots"
2026-10-09T16:25:49.127855Z,compiler,7,30,0,,,"gate_backpressure: 66 queued, 17 slots"
2026-10-09T16:26:44.369455Z,cohere_adamic,0,30,0,,,"gate_backpressure: 66 queued, 17 slots"
2026-10-09T16:26:50.051057Z,typescript,1,10,0,,,"gate_backpressure: 66 queued, 17 slots"
2026-10-09T16:27:07.947768Z,runtime,3,8,0,,,"gate_backpressure: 66 queued, 17 slots"
2026-10-09T16:27:14.559884Z,library,0,8,0,,,"gate_backpressure: 66 queued, 17 slots"
2026-10-09T16:27:38.432448Z,developer_tools,0,4,5,030-red-sort-rebase-2c6dxpe.md,01a11436-8fb9-7512-a9cc-1c58aabf100e,sent
2026-10-09T16:27:45.894865Z,developer_tools,1,4,4,040-heavy-units-m9es0rv.md,01a11436-aecb-7090-84c0-8b06e8a5201c,sent
2026-10-09T16:27:53.879368Z,developer_tools,2,4,3,050-hole1-mutant-pcghsyd.md,01a11436-cff8-77a3-b90e-ef3e2c4ef010,sent
2026-10-09T16:27:53.884402Z,developer_tools,3,4,2,,,pass_cap
2026-10-09T16:30:45.105617Z,compiler,8,30,0,,,"gate_backpressure: 69 queued, 17 slots"
2026-10-09T16:31:27.293237Z,cohere_adamic,0,30,0,,,"gate_backpressure: 69 queued, 17 slots"
2026-10-09T16:31:31.316542Z,typescript,0,10,0,,,"gate_backpressure: 69 queued, 17 slots"
2026-10-09T16:31:36.084431Z,runtime,3,8,0,,,"gate_backpressure: 69 queued, 17 slots"
2026-10-09T16:31:39.854696Z,library,0,8,0,,,"gate_backpressure: 69 queued, 17 slots"
2026-10-09T16:31:51.226492Z,developer_tools,2,4,0,,,"gate_backpressure: 69 queued, 17 slots"
2026-10-09T16:35:43.073582Z,compiler,6,30,0,,,"gate_backpressure: 69 queued, 17 slots"
2026-10-09T16:36:36.784619Z,cohere_adamic,0,30,0,,,"gate_backpressure: 69 queued, 17 slots"
2026-10-09T16:36:40.812563Z,typescript,0,10,0,,,"gate_backpressure: 69 queued, 17 slots"
2026-10-09T16:36:45.817548Z,runtime,1,8,0,,,"gate_backpressure: 69 queued, 17 slots"
2026-10-09T16:36:48.208882Z,library,0,8,0,,,"gate_backpressure: 69 queued, 17 slots"
2026-10-09T16:37:03.124784Z,developer_tools,1,4,0,,,"gate_backpressure: 69 queued, 17 slots"
2026-10-09T16:39:18.984475Z,compiler,6,30,0,,,queue_empty
2026-10-09T16:39:58.735252Z,cohere_adamic,0,1,0,,,queue_empty
2026-10-09T16:40:04.328423Z,typescript,1,10,0,,,queue_empty
2026-10-09T16:40:09.432550Z,runtime,2,8,0,,,queue_empty
2026-10-09T16:40:13.121687Z,library,0,8,0,,,queue_empty
2026-10-09T16:40:40.910397Z,developer_tools,1,4,3,010-guard-kill-rerun-qse4xnb.md,01a11436-8fb9-7512-a9cc-1c58aabf100e,sent
2026-10-09T16:40:48.725479Z,developer_tools,2,4,2,015-tools-pinned-8xfsf4x.md,01a11436-cff8-77a3-b90e-ef3e2c4ef010,sent
2026-10-09T16:40:58.923318Z,developer_tools,3,4,1,020-union-beside-shards-2xmragp.md,01a11436-ef1b-7782-9bf0-c4fa42dd001e,sent
2026-10-09T16:44:16.587383Z,compiler,4,30,0,,,queue_empty
2026-10-09T16:44:59.042705Z,cohere_adamic,0,1,0,,,queue_empty
2026-10-09T16:45:03.192955Z,typescript,0,10,0,,,queue_empty
2026-10-09T16:45:07.931883Z,runtime,2,8,0,,,queue_empty
2026-10-09T16:45:10.164478Z,library,0,8,0,,,queue_empty
2026-10-09T16:45:22.121015Z,developer_tools,3,4,0,,,queue_empty
2026-10-09T16:49:15.824675Z,compiler,5,30,0,,,queue_empty
2026-10-09T16:49:55.262205Z,cohere_adamic,0,1,0,,,queue_empty
2026-10-09T16:49:59.850822Z,typescript,0,10,0,,,queue_empty
2026-10-09T16:50:05.025789Z,runtime,2,8,0,,,queue_empty
2026-10-09T16:50:07.482776Z,library,0,8,0,,,queue_empty
2026-10-09T16:50:18.127694Z,developer_tools,3,4,0,,,queue_empty
2026-10-09T16:54:18.298566Z,compiler,6,30,0,,,queue_empty
2026-10-09T16:54:59.701904Z,cohere_adamic,0,1,0,,,queue_empty
2026-10-09T16:55:03.871530Z,typescript,0,10,0,,,queue_empty
2026-10-09T16:55:09.328489Z,runtime,0,8,0,,,queue_empty
2026-10-09T16:55:11.795826Z,library,0,8,0,,,queue_empty
2026-10-09T16:55:25.904211Z,developer_tools,0,4,0,,,queue_empty
2026-10-09T16:59:16.781069Z,compiler,1,30,0,,,queue_empty
2026-10-09T16:59:56.426631Z,cohere_adamic,0,1,0,,,queue_empty
2026-10-09T17:00:00.663138Z,typescript,0,10,0,,,queue_empty
2026-10-09T17:00:05.885853Z,runtime,1,8,0,,,queue_empty
2026-10-09T17:00:08.151033Z,library,0,8,0,,,queue_empty
2026-10-09T17:00:20.016178Z,developer_tools,2,4,0,,,queue_empty
2026-10-09T17:04:16.999244Z,compiler,6,30,0,,,queue_empty
2026-10-09T17:04:54.413924Z,cohere_adamic,0,1,0,,,queue_empty
2026-10-09T17:04:59.252618Z,typescript,0,10,0,,,queue_empty
2026-10-09T17:05:04.602436Z,runtime,0,8,0,,,queue_empty
2026-10-09T17:05:07.207042Z,library,0,8,0,,,queue_empty
2026-10-09T17:05:19.388949Z,developer_tools,1,4,0,,,queue_empty
2026-10-09T17:09:44.355384Z,compiler,5,30,0,,,queue_empty
2026-10-09T17:10:50.813059Z,cohere_adamic,0,1,0,,,queue_empty
2026-10-09T17:10:56.500771Z,typescript,0,10,0,,,queue_empty
2026-10-09T17:11:02.883751Z,runtime,1,8,0,,,queue_empty
2026-10-09T17:11:07.414404Z,library,0,8,0,,,queue_empty
2026-10-09T17:11:22.243036Z,developer_tools,1,4,0,,,queue_empty
2026-10-09T17:14:19.858041Z,compiler,4,30,0,,,queue_empty
2026-10-09T17:15:08.349798Z,cohere_adamic,0,1,0,,,queue_empty
2026-10-09T17:15:12.928341Z,typescript,0,10,0,,,queue_empty
2026-10-09T17:15:18.375284Z,runtime,1,8,0,,,queue_empty
2026-10-09T17:15:20.779065Z,library,0,8,0,,,queue_empty
2026-10-09T17:15:33.004498Z,developer_tools,0,4,0,,,queue_empty
2026-10-09T17:19:17.094999Z,compiler,5,30,0,,,queue_empty
2026-10-09T17:19:59.226772Z,cohere_adamic,0,1,0,,,queue_empty
2026-10-09T17:20:03.335699Z,typescript,0,10,0,,,queue_empty
2026-10-09T17:20:08.458739Z,runtime,0,8,0,,,queue_empty
2026-10-09T17:20:11.078870Z,library,0,8,0,,,queue_empty
2026-10-09T17:20:22.633062Z,developer_tools,0,4,0,,,queue_empty
2026-10-09T17:24:19.089455Z,compiler,5,30,0,,,queue_empty
2026-10-09T17:25:00.884416Z,cohere_adamic,0,1,0,,,queue_empty
2026-10-09T17:25:05.678590Z,typescript,0,10,0,,,queue_empty
2026-10-09T17:25:10.469132Z,runtime,0,8,0,,,queue_empty
2026-10-09T17:25:13.055586Z,library,0,8,0,,,queue_empty
2026-10-09T17:25:25.291654Z,developer_tools,0,4,0,,,queue_empty
2026-10-09T17:29:17.405848Z,compiler,4,30,0,,,queue_empty
2026-10-09T17:29:56.826066Z,cohere_adamic,0,1,0,,,queue_empty
2026-10-09T17:30:01.249150Z,typescript,0,10,0,,,queue_empty
2026-10-09T17:30:06.655608Z,runtime,1,8,0,,,queue_empty
2026-10-09T17:30:08.890950Z,library,0,8,0,,,queue_empty
2026-10-09T17:30:20.094868Z,developer_tools,0,4,0,,,queue_empty
2026-10-09T17:34:17.094210Z,compiler,4,30,0,,,queue_empty
2026-10-09T17:34:55.152660Z,cohere_adamic,0,1,0,,,queue_empty
2026-10-09T17:34:59.360599Z,typescript,0,10,0,,,queue_empty
2026-10-09T17:35:04.595037Z,runtime,1,8,0,,,queue_empty
2026-10-09T17:35:06.965733Z,library,0,8,0,,,queue_empty
2026-10-09T17:35:18.427078Z,developer_tools,0,4,0,,,queue_empty
2026-10-09T17:39:18.070942Z,compiler,3,30,0,,,queue_empty
2026-10-09T17:39:59.098303Z,cohere_adamic,0,1,0,,,queue_empty
2026-10-09T17:40:03.716227Z,typescript,0,10,0,,,queue_empty
2026-10-09T17:40:08.957451Z,runtime,1,8,0,,,queue_empty
2026-10-09T17:40:11.488870Z,library,0,8,0,,,queue_empty
2026-10-09T17:40:22.852689Z,developer_tools,0,4,0,,,queue_empty
2026-10-09T17:44:18.825406Z,compiler,2,30,0,,,queue_empty
2026-10-09T17:44:56.810804Z,cohere_adamic,0,1,0,,,queue_empty
2026-10-09T17:45:01.432287Z,typescript,0,10,0,,,queue_empty
2026-10-09T17:45:07.008875Z,runtime,0,8,0,,,queue_empty
2026-10-09T17:45:09.983701Z,library,0,8,0,,,queue_empty
2026-10-09T17:45:22.524493Z,developer_tools,0,4,0,,,queue_empty
2026-10-09T17:49:17.929949Z,compiler,2,30,0,,,queue_empty
2026-10-09T17:49:57.481123Z,cohere_adamic,0,1,0,,,queue_empty
2026-10-09T17:50:01.657017Z,typescript,0,10,0,,,queue_empty
2026-10-09T17:50:06.786857Z,runtime,1,8,0,,,queue_empty
2026-10-09T17:50:09.271193Z,library,0,8,0,,,queue_empty
2026-10-09T17:50:21.053591Z,developer_tools,0,4,0,,,queue_empty
2026-10-09T17:54:18.046521Z,compiler,3,30,0,,,queue_empty
2026-10-09T17:54:59.201116Z,cohere_adamic,0,1,0,,,queue_empty
2026-10-09T17:55:03.655787Z,typescript,0,10,0,,,queue_empty
2026-10-09T17:55:09.632069Z,runtime,1,8,0,,,queue_empty
2026-10-09T17:55:14.339017Z,library,0,8,0,,,queue_empty
2026-10-09T17:55:26.464502Z,developer_tools,0,4,0,,,queue_empty
2026-10-09T17:59:18.236041Z,compiler,3,30,0,,,queue_empty
2026-10-09T17:59:56.395896Z,cohere_adamic,0,1,0,,,queue_empty
2026-10-09T18:00:00.598613Z,typescript,0,10,0,,,queue_empty
2026-10-09T18:00:05.845445Z,runtime,1,8,0,,,queue_empty
2026-10-09T18:00:08.463137Z,library,0,8,0,,,queue_empty
2026-10-09T18:00:21.403053Z,developer_tools,0,4,0,,,queue_empty
2026-10-09T18:04:18.231804Z,compiler,2,30,0,,,queue_empty
2026-10-09T18:04:56.299424Z,cohere_adamic,0,1,0,,,queue_empty
2026-10-09T18:05:01.030875Z,typescript,0,10,0,,,queue_empty
2026-10-09T18:05:06.586454Z,runtime,1,8,0,,,queue_empty
2026-10-09T18:05:08.875420Z,library,0,8,0,,,queue_empty
2026-10-09T18:05:20.741221Z,developer_tools,0,4,0,,,queue_empty
2026-10-09T18:09:17.614998Z,compiler,3,30,0,,,queue_empty
2026-10-09T18:09:55.810458Z,cohere_adamic,0,1,0,,,queue_empty
2026-10-09T18:09:59.859052Z,typescript,0,10,0,,,queue_empty
2026-10-09T18:10:04.923204Z,runtime,1,8,0,,,queue_empty
2026-10-09T18:10:07.718274Z,library,0,8,0,,,queue_empty
2026-10-09T18:10:19.114126Z,developer_tools,0,4,0,,,queue_empty
2026-10-09T18:14:19.043236Z,compiler,3,30,0,,,queue_empty
2026-10-09T18:14:57.678727Z,cohere_adamic,0,1,0,,,queue_empty
2026-10-09T18:15:01.899523Z,typescript,0,10,0,,,queue_empty
2026-10-09T18:15:06.766229Z,runtime,0,8,0,,,queue_empty
2026-10-09T18:15:09.297271Z,library,0,8,0,,,queue_empty
2026-10-09T18:15:20.894818Z,developer_tools,0,4,0,,,queue_empty
2026-10-09T18:19:16.999297Z,compiler,3,30,0,,,queue_empty
2026-10-09T18:19:55.665779Z,cohere_adamic,0,1,0,,,queue_empty
2026-10-09T18:19:59.825801Z,typescript,0,10,0,,,queue_empty
2026-10-09T18:20:07.514495Z,runtime,1,8,0,,,queue_empty
2026-10-09T18:20:09.624147Z,library,0,8,0,,,queue_empty
2026-10-09T18:20:20.840181Z,developer_tools,0,4,0,,,queue_empty
2026-10-09T18:24:18.977255Z,compiler,2,30,0,,,queue_empty
2026-10-09T18:24:56.583002Z,cohere_adamic,0,1,0,,,queue_empty
2026-10-09T18:25:01.126531Z,typescript,0,10,0,,,queue_empty
2026-10-09T18:25:06.013827Z,runtime,1,8,0,,,queue_empty
2026-10-09T18:25:08.333991Z,library,0,8,0,,,queue_empty
2026-10-09T18:25:18.802858Z,developer_tools,0,4,0,,,queue_empty
2026-10-09T18:29:18.347279Z,compiler,1,30,0,,,queue_empty
2026-10-09T18:29:54.813475Z,cohere_adamic,0,1,0,,,queue_empty
2026-10-09T18:29:59.765606Z,typescript,0,10,0,,,queue_empty
2026-10-09T18:30:04.677857Z,runtime,1,8,0,,,queue_empty
2026-10-09T18:30:06.848409Z,library,0,8,0,,,queue_empty
2026-10-09T18:30:17.879652Z,developer_tools,0,4,0,,,queue_empty
2026-10-09T18:34:18.770748Z,compiler,1,30,0,,,queue_empty
2026-10-09T18:34:55.780565Z,cohere_adamic,0,1,0,,,queue_empty
2026-10-09T18:35:00.721253Z,typescript,0,10,0,,,queue_empty
2026-10-09T18:35:05.836506Z,runtime,1,8,0,,,queue_empty
2026-10-09T18:35:08.569011Z,library,0,8,0,,,queue_empty
2026-10-09T18:35:21.179221Z,developer_tools,0,4,0,,,queue_empty
2026-10-09T18:39:20.072943Z,compiler,3,30,0,,,queue_empty
2026-10-09T18:40:00.607468Z,cohere_adamic,0,1,0,,,queue_empty
2026-10-09T18:40:04.791638Z,typescript,0,10,0,,,queue_empty
2026-10-09T18:40:10.034091Z,runtime,1,8,0,,,queue_empty
2026-10-09T18:40:12.877876Z,library,0,8,0,,,queue_empty
2026-10-09T18:40:24.189051Z,developer_tools,0,4,0,,,queue_empty
2026-10-09T18:44:18.420222Z,compiler,4,30,0,,,queue_empty
2026-10-09T18:44:54.532348Z,cohere_adamic,0,1,0,,,queue_empty
2026-10-09T18:44:58.612071Z,typescript,0,10,0,,,queue_empty
2026-10-09T18:45:04.377238Z,runtime,1,8,0,,,queue_empty
2026-10-09T18:45:06.977845Z,library,0,8,0,,,queue_empty
2026-10-09T18:45:18.206084Z,developer_tools,0,4,0,,,queue_empty
2026-10-09T18:49:19.497157Z,compiler,4,30,0,,,queue_empty
2026-10-09T18:49:59.330639Z,cohere_adamic,0,1,0,,,queue_empty
2026-10-09T18:50:03.923423Z,typescript,0,10,0,,,queue_empty
2026-10-09T18:50:09.492441Z,runtime,1,8,0,,,queue_empty
2026-10-09T18:50:11.777502Z,library,0,8,0,,,queue_empty
2026-10-09T18:50:23.129708Z,developer_tools,0,4,0,,,queue_empty
2026-10-09T18:54:18.224433Z,compiler,3,30,0,,,queue_empty
2026-10-09T18:54:54.862884Z,cohere_adamic,0,1,0,,,queue_empty
2026-10-09T18:54:59.424603Z,typescript,0,10,0,,,queue_empty
2026-10-09T18:55:04.340061Z,runtime,0,8,0,,,queue_empty
2026-10-09T18:55:06.640100Z,library,0,8,0,,,queue_empty
2026-10-09T18:55:17.609161Z,developer_tools,0,4,0,,,queue_empty
2026-10-09T18:59:19.808044Z,compiler,3,30,0,,,queue_empty
2026-10-09T18:59:58.133885Z,cohere_adamic,0,1,0,,,queue_empty
2026-10-09T19:00:02.365948Z,typescript,0,10,0,,,queue_empty
2026-10-09T19:00:07.513352Z,runtime,1,8,0,,,queue_empty
2026-10-09T19:00:09.864901Z,library,0,8,0,,,queue_empty
2026-10-09T19:00:21.857220Z,developer_tools,0,4,0,,,queue_empty
2026-10-09T19:04:19.759205Z,compiler,2,30,0,,,queue_empty
2026-10-09T19:04:58.684848Z,cohere_adamic,0,1,0,,,queue_empty
2026-10-09T19:05:02.916217Z,typescript,0,10,0,,,queue_empty
2026-10-09T19:05:08.016064Z,runtime,1,8,0,,,queue_empty
2026-10-09T19:05:10.553410Z,library,0,8,0,,,queue_empty
2026-10-09T19:05:22.315132Z,developer_tools,0,4,0,,,queue_empty
2026-10-09T19:09:19.277944Z,compiler,3,30,0,,,queue_empty
2026-10-09T19:10:01.730409Z,cohere_adamic,0,1,0,,,queue_empty
2026-10-09T19:10:06.256949Z,typescript,0,10,0,,,queue_empty
2026-10-09T19:10:11.495188Z,runtime,1,8,0,,,queue_empty
2026-10-09T19:10:13.896346Z,library,0,8,0,,,queue_empty
2026-10-09T19:10:25.712295Z,developer_tools,0,4,0,,,queue_empty
2026-10-09T19:14:19.221867Z,compiler,3,30,0,,,queue_empty
2026-10-09T19:14:56.704660Z,cohere_adamic,0,1,0,,,queue_empty
2026-10-09T19:15:00.800821Z,typescript,0,10,0,,,queue_empty
2026-10-09T19:15:06.147298Z,runtime,1,8,0,,,queue_empty
2026-10-09T19:15:08.480841Z,library,0,8,0,,,queue_empty
2026-10-09T19:15:19.260390Z,developer_tools,0,4,0,,,queue_empty
2026-10-09T19:19:18.218821Z,compiler,3,30,0,,,queue_empty
2026-10-09T19:19:50.896381Z,cohere_adamic,0,1,0,,,queue_empty
2026-10-09T19:19:54.434905Z,typescript,0,10,0,,,queue_empty
2026-10-09T19:19:58.585745Z,runtime,0,8,0,,,queue_empty
2026-10-09T19:20:00.764085Z,library,0,8,0,,,queue_empty
2026-10-09T19:20:10.198464Z,developer_tools,0,4,0,,,queue_empty
2026-10-09T19:24:16.691585Z,compiler,2,30,0,,,queue_empty
2026-10-09T19:24:35.465199Z,cohere_adamic,,1,0,,,fleet_unavailable: fleet live status unavailable
2026-10-09T19:24:38.992938Z,typescript,0,10,0,,,queue_empty
2026-10-09T19:24:43.225777Z,runtime,1,8,0,,,queue_empty
2026-10-09T19:24:45.671698Z,library,0,8,0,,,queue_empty
2026-10-09T19:24:55.092101Z,developer_tools,0,4,0,,,queue_empty
2026-10-09T19:29:17.649352Z,compiler,2,30,0,,,queue_empty
2026-10-09T19:29:55.709773Z,cohere_adamic,0,1,0,,,queue_empty
2026-10-09T19:29:59.945636Z,typescript,0,10,0,,,queue_empty
2026-10-09T19:30:04.305398Z,runtime,1,8,0,,,queue_empty
2026-10-09T19:30:06.851853Z,library,0,8,0,,,queue_empty
2026-10-09T19:30:17.593861Z,developer_tools,0,4,0,,,queue_empty
2026-10-09T19:34:16.954648Z,compiler,2,30,0,,,queue_empty
2026-10-09T19:34:51.130427Z,cohere_adamic,0,1,0,,,queue_empty
2026-10-09T19:34:55.045085Z,typescript,0,10,0,,,queue_empty
2026-10-09T19:34:59.255183Z,runtime,1,8,0,,,queue_empty
2026-10-09T19:35:01.405497Z,library,0,8,0,,,queue_empty
2026-10-09T19:35:11.165526Z,developer_tools,0,4,0,,,queue_empty
2026-10-09T19:39:16.881021Z,compiler,2,30,0,,,queue_empty
2026-10-09T19:39:49.788957Z,cohere_adamic,0,1,0,,,queue_empty
2026-10-09T19:39:53.329001Z,typescript,0,10,0,,,queue_empty
2026-10-09T19:39:57.492039Z,runtime,1,8,0,,,queue_empty
2026-10-09T19:39:59.680916Z,library,0,8,0,,,queue_empty
2026-10-09T19:40:08.942286Z,developer_tools,0,4,0,,,queue_empty
2026-10-09T19:44:16.993798Z,compiler,1,30,0,,,queue_empty
2026-10-09T19:44:49.680733Z,cohere_adamic,0,1,0,,,queue_empty
2026-10-09T19:44:53.201538Z,typescript,0,10,0,,,queue_empty
2026-10-09T19:44:57.657311Z,runtime,1,8,0,,,queue_empty
2026-10-09T19:44:59.652024Z,library,0,8,0,,,queue_empty
2026-10-09T19:45:08.907378Z,developer_tools,0,4,0,,,queue_empty
2026-10-09T19:49:17.191182Z,compiler,2,30,0,,,queue_empty
2026-10-09T19:49:52.280496Z,cohere_adamic,0,1,0,,,queue_empty
2026-10-09T19:49:55.646414Z,typescript,0,10,0,,,queue_empty
2026-10-09T19:49:59.986953Z,runtime,1,8,0,,,queue_empty
2026-10-09T19:50:02.061946Z,library,0,8,0,,,queue_empty
2026-10-09T19:50:11.694492Z,developer_tools,0,4,0,,,queue_empty
2026-10-09T19:54:18.153506Z,compiler,3,30,0,,,queue_empty
2026-10-09T19:54:51.081738Z,cohere_adamic,0,1,0,,,queue_empty
2026-10-09T19:54:54.746986Z,typescript,0,10,0,,,queue_empty
2026-10-09T19:54:59.155875Z,runtime,2,8,0,,,queue_empty
2026-10-09T19:55:01.271056Z,library,0,8,0,,,queue_empty
2026-10-09T19:55:10.882774Z,developer_tools,0,4,0,,,queue_empty
2026-10-09T19:59:17.001412Z,compiler,3,30,0,,,queue_empty
2026-10-09T19:59:51.852759Z,cohere_adamic,0,1,0,,,queue_empty
2026-10-09T19:59:55.469129Z,typescript,0,10,0,,,queue_empty
2026-10-09T19:59:59.744539Z,runtime,1,8,0,,,queue_empty
2026-10-09T20:00:01.903426Z,library,0,8,0,,,queue_empty
2026-10-09T20:00:12.027471Z,developer_tools,0,4,0,,,queue_empty
2026-10-09T20:04:17.924785Z,compiler,2,30,0,,,queue_empty
2026-10-09T20:04:51.142315Z,cohere_adamic,0,1,0,,,queue_empty
2026-10-09T20:04:54.751227Z,typescript,0,10,0,,,queue_empty
2026-10-09T20:04:58.826928Z,runtime,1,8,0,,,queue_empty
2026-10-09T20:05:00.809653Z,library,0,8,0,,,queue_empty
2026-10-09T20:05:10.276661Z,developer_tools,0,4,0,,,queue_empty
2026-10-09T20:09:18.176865Z,compiler,1,30,0,,,queue_empty
2026-10-09T20:09:50.795187Z,cohere_adamic,0,1,0,,,queue_empty
2026-10-09T20:09:54.358938Z,typescript,0,10,0,,,queue_empty
2026-10-09T20:09:58.793272Z,runtime,1,8,0,,,queue_empty
2026-10-09T20:10:00.944205Z,library,0,8,0,,,queue_empty
2026-10-09T20:10:11.173929Z,developer_tools,0,4,0,,,queue_empty
2026-10-09T20:14:17.239690Z,compiler,2,30,0,,,queue_empty
2026-10-09T20:14:49.168635Z,cohere_adamic,0,1,0,,,queue_empty
2026-10-09T20:14:53.002625Z,typescript,0,10,0,,,queue_empty
2026-10-09T20:14:57.287493Z,runtime,1,8,0,,,queue_empty
2026-10-09T20:14:59.266780Z,library,0,8,0,,,queue_empty
2026-10-09T20:15:08.924102Z,developer_tools,0,4,0,,,queue_empty
2026-10-09T20:19:17.482500Z,compiler,2,30,0,,,queue_empty
2026-10-09T20:19:49.071237Z,cohere_adamic,0,1,0,,,queue_empty
2026-10-09T20:19:52.765522Z,typescript,0,10,0,,,queue_empty
2026-10-09T20:19:57.050180Z,runtime,1,8,0,,,queue_empty
2026-10-09T20:19:58.974803Z,library,0,8,0,,,queue_empty
2026-10-09T20:20:08.809645Z,developer_tools,0,4,0,,,queue_empty
2026-10-09T20:24:17.550457Z,compiler,0,30,0,,,queue_empty
2026-10-09T20:24:50.849743Z,cohere_adamic,0,1,0,,,queue_empty
2026-10-09T20:24:54.376273Z,typescript,0,10,0,,,queue_empty
2026-10-09T20:24:59.824789Z,runtime,2,8,0,,,queue_empty
2026-10-09T20:25:01.917260Z,library,0,8,0,,,queue_empty
2026-10-09T20:25:11.423325Z,developer_tools,0,4,0,,,queue_empty
2026-10-09T20:29:17.972752Z,compiler,0,30,0,,,queue_empty
2026-10-09T20:29:51.010627Z,cohere_adamic,0,1,0,,,queue_empty
2026-10-09T20:29:55.155916Z,typescript,0,10,0,,,queue_empty
2026-10-09T20:29:59.603267Z,runtime,3,8,0,,,queue_empty
2026-10-09T20:30:02.894060Z,library,0,8,0,,,queue_empty
2026-10-09T20:30:12.132047Z,developer_tools,0,4,0,,,queue_empty
2026-10-09T20:34:17.992594Z,compiler,0,30,0,,,queue_empty
2026-10-09T20:34:36.971719Z,cohere_adamic,,1,0,,,fleet_unavailable: fleet live status unavailable
2026-10-09T20:34:40.566462Z,typescript,0,10,0,,,queue_empty
2026-10-09T20:34:45.180407Z,runtime,2,8,0,,,queue_empty
2026-10-09T20:34:47.128539Z,library,0,8,0,,,queue_empty
2026-10-09T20:35:05.603869Z,developer_tools,,4,0,,,fleet_unavailable: fleet live status unavailable
2026-10-09T20:39:18.279965Z,compiler,1,30,0,,,queue_empty
2026-10-09T20:39:51.716768Z,cohere_adamic,0,1,0,,,queue_empty
2026-10-09T20:39:55.138498Z,typescript,0,10,0,,,queue_empty
2026-10-09T20:39:59.510017Z,runtime,2,8,0,,,queue_empty
2026-10-09T20:40:01.847164Z,library,0,8,0,,,queue_empty
2026-10-09T20:40:12.078299Z,developer_tools,0,4,0,,,queue_empty
2026-10-09T20:44:18.601319Z,compiler,1,30,0,,,queue_empty
2026-10-09T20:44:51.140921Z,cohere_adamic,0,1,0,,,queue_empty
2026-10-09T20:44:54.779015Z,typescript,0,10,0,,,queue_empty
2026-10-09T20:44:59.452944Z,runtime,0,8,0,,,queue_empty
2026-10-09T20:45:01.203187Z,library,0,8,0,,,queue_empty
2026-10-09T20:45:16.730613Z,developer_tools,0,4,0,,,queue_empty
2026-10-09T20:49:18.648654Z,compiler,1,30,0,,,queue_empty
2026-10-09T20:49:50.752338Z,cohere_adamic,0,1,0,,,queue_empty
2026-10-09T20:49:54.320564Z,typescript,0,10,0,,,queue_empty
2026-10-09T20:49:58.806240Z,runtime,1,8,0,,,queue_empty
2026-10-09T20:50:00.947548Z,library,0,8,0,,,queue_empty
2026-10-09T20:50:10.712645Z,developer_tools,0,4,0,,,queue_empty
2026-10-09T20:54:18.353123Z,compiler,1,30,0,,,queue_empty
2026-10-09T20:54:55.595529Z,cohere_adamic,0,1,0,,,queue_empty
2026-10-09T20:55:01.670173Z,typescript,0,10,0,,,queue_empty
2026-10-09T20:55:06.417622Z,runtime,2,8,0,,,queue_empty
2026-10-09T20:55:08.503572Z,library,0,8,0,,,queue_empty
2026-10-09T20:55:17.836222Z,developer_tools,0,4,0,,,queue_empty
2026-10-09T20:59:18.858034Z,compiler,0,30,0,,,queue_empty
2026-10-09T20:59:53.134665Z,cohere_adamic,0,1,0,,,queue_empty
2026-10-09T20:59:56.552364Z,typescript,0,10,0,,,queue_empty
2026-10-09T21:00:01.504158Z,runtime,1,8,0,,,queue_empty
2026-10-09T21:00:03.846879Z,library,0,8,0,,,queue_empty
2026-10-09T21:00:13.054862Z,developer_tools,0,4,0,,,queue_empty
2026-10-09T21:04:29.206313Z,compiler,2,30,0,,,queue_empty
2026-10-09T21:06:01.716279Z,cohere_adamic,0,1,0,,,queue_empty
2026-10-09T21:06:06.165125Z,typescript,0,10,0,,,queue_empty
2026-10-09T21:06:14.407786Z,runtime,1,8,0,,,queue_empty
2026-10-09T21:06:23.816364Z,library,0,8,0,,,queue_empty
2026-10-09T21:06:41.064188Z,developer_tools,0,4,0,,,queue_empty
2026-10-09T21:09:18.015991Z,compiler,2,30,0,,,queue_empty
2026-10-09T21:09:53.676044Z,cohere_adamic,0,1,0,,,queue_empty
2026-10-09T21:09:57.247874Z,typescript,0,10,0,,,queue_empty
2026-10-09T21:10:02.023146Z,runtime,1,8,0,,,queue_empty
2026-10-09T21:10:04.118302Z,library,0,8,0,,,queue_empty
2026-10-09T21:10:13.582468Z,developer_tools,0,4,0,,,queue_empty
2026-10-09T21:14:18.847968Z,compiler,2,30,0,,,queue_empty
2026-10-09T21:14:53.735199Z,cohere_adamic,0,1,0,,,queue_empty
2026-10-09T21:14:57.126120Z,typescript,0,10,0,,,queue_empty
2026-10-09T21:15:02.134539Z,runtime,1,8,0,,,queue_empty
2026-10-09T21:15:04.203583Z,library,0,8,0,,,queue_empty
2026-10-09T21:15:13.381617Z,developer_tools,0,4,0,,,queue_empty
2026-10-09T21:19:17.758731Z,compiler,1,30,0,,,queue_empty
2026-10-09T21:19:49.936118Z,cohere_adamic,0,1,0,,,queue_empty
2026-10-09T21:19:53.329322Z,typescript,0,10,0,,,queue_empty
2026-10-09T21:19:57.717983Z,runtime,1,8,0,,,queue_empty
2026-10-09T21:19:59.717039Z,library,0,8,0,,,queue_empty
2026-10-09T21:20:08.988130Z,developer_tools,0,4,0,,,queue_empty
2026-10-09T21:24:19.014878Z,compiler,1,30,0,,,queue_empty
2026-10-09T21:24:51.988561Z,cohere_adamic,0,1,0,,,queue_empty
2026-10-09T21:24:55.661568Z,typescript,0,10,0,,,queue_empty
2026-10-09T21:25:00.182813Z,runtime,1,8,0,,,queue_empty
2026-10-09T21:25:02.215962Z,library,0,8,0,,,queue_empty
2026-10-09T21:25:11.870011Z,developer_tools,0,4,0,,,queue_empty
2026-10-09T21:29:18.854180Z,compiler,2,30,0,,,queue_empty
2026-10-09T21:29:52.820138Z,cohere_adamic,0,1,0,,,queue_empty
2026-10-09T21:29:56.339996Z,typescript,0,10,0,,,queue_empty
2026-10-09T21:30:00.630285Z,runtime,1,8,0,,,queue_empty
2026-10-09T21:30:02.788983Z,library,0,8,0,,,queue_empty
2026-10-09T21:30:12.293586Z,developer_tools,0,4,0,,,queue_empty
2026-10-09T21:34:19.674790Z,compiler,4,30,0,,,queue_empty
2026-10-09T21:34:51.413079Z,cohere_adamic,0,1,0,,,queue_empty
2026-10-09T21:34:54.974803Z,typescript,0,10,0,,,queue_empty
2026-10-09T21:34:59.924627Z,runtime,1,8,0,,,queue_empty
2026-10-09T21:35:01.802010Z,library,0,8,0,,,queue_empty
2026-10-09T21:35:12.181155Z,developer_tools,0,4,0,,,queue_empty
2026-10-09T21:39:18.546482Z,compiler,4,30,0,,,queue_empty
2026-10-09T21:39:51.313734Z,cohere_adamic,0,1,0,,,queue_empty
2026-10-09T21:39:55.031045Z,typescript,0,10,0,,,queue_empty
2026-10-09T21:39:59.947706Z,runtime,1,8,0,,,queue_empty
2026-10-09T21:40:02.060934Z,library,0,8,0,,,queue_empty
2026-10-09T21:40:11.461147Z,developer_tools,0,4,0,,,queue_empty
2026-10-09T21:44:19.353510Z,compiler,3,30,0,,,queue_empty
2026-10-09T21:44:53.084402Z,cohere_adamic,0,1,0,,,queue_empty
2026-10-09T21:44:56.763193Z,typescript,0,10,0,,,queue_empty
2026-10-09T21:45:01.275816Z,runtime,1,8,0,,,queue_empty
2026-10-09T21:45:03.461302Z,library,0,8,0,,,queue_empty
2026-10-09T21:45:12.629013Z,developer_tools,0,4,0,,,queue_empty
2026-10-09T21:49:18.529837Z,compiler,3,30,0,,,queue_empty
2026-10-09T21:49:52.731927Z,cohere_adamic,0,1,0,,,queue_empty
2026-10-09T21:49:56.389017Z,typescript,0,10,0,,,queue_empty
2026-10-09T21:50:00.935209Z,runtime,1,8,0,,,queue_empty
2026-10-09T21:50:02.646826Z,library,0,8,0,,,queue_empty
2026-10-09T21:50:12.140478Z,developer_tools,0,4,0,,,queue_empty
2026-10-09T21:54:19.456212Z,compiler,3,30,0,,,queue_empty
2026-10-09T21:54:52.392753Z,cohere_adamic,0,1,0,,,queue_empty
2026-10-09T21:54:56.247886Z,typescript,0,10,0,,,queue_empty
2026-10-09T21:55:00.911319Z,runtime,0,8,0,,,queue_empty
2026-10-09T21:55:03.099142Z,library,0,8,0,,,queue_empty
2026-10-09T21:55:12.741946Z,developer_tools,0,4,0,,,queue_empty
2026-10-09T21:59:18.626469Z,compiler,4,30,0,,,queue_empty
2026-10-09T21:59:53.484658Z,cohere_adamic,0,1,0,,,queue_empty
2026-10-09T21:59:58.585361Z,typescript,0,10,0,,,queue_empty
2026-10-09T22:00:03.288439Z,runtime,0,8,0,,,queue_empty
2026-10-09T22:00:05.485271Z,library,0,8,0,,,queue_empty
2026-10-09T22:00:15.223326Z,developer_tools,0,4,0,,,queue_empty
2026-10-09T22:04:18.367708Z,compiler,4,30,0,,,queue_empty
2026-10-09T22:04:53.660229Z,cohere_adamic,0,1,0,,,queue_empty
2026-10-09T22:04:57.062282Z,typescript,0,10,0,,,queue_empty
2026-10-09T22:05:01.903987Z,runtime,0,8,0,,,queue_empty
2026-10-09T22:05:04.002483Z,library,0,8,0,,,queue_empty
2026-10-09T22:05:13.566319Z,developer_tools,0,4,0,,,queue_empty
2026-10-09T22:09:20.430878Z,compiler,3,30,0,,,queue_empty
2026-10-09T22:09:59.591674Z,cohere_adamic,0,1,0,,,queue_empty
2026-10-09T22:10:03.524307Z,typescript,0,10,0,,,queue_empty
2026-10-09T22:10:08.302494Z,runtime,0,8,0,,,queue_empty
2026-10-09T22:10:10.274289Z,library,0,8,0,,,queue_empty
2026-10-09T22:10:20.466606Z,developer_tools,0,4,0,,,queue_empty
2026-10-09T22:14:18.807727Z,compiler,2,30,0,,,queue_empty
2026-10-09T22:14:50.690523Z,cohere_adamic,0,1,0,,,queue_empty
2026-10-09T22:14:54.143738Z,typescript,0,10,0,,,queue_empty
2026-10-09T22:14:58.871641Z,runtime,0,8,0,,,queue_empty
2026-10-09T22:15:00.917851Z,library,0,8,0,,,queue_empty
2026-10-09T22:15:11.315164Z,developer_tools,0,4,0,,,queue_empty
2026-10-09T22:19:19.639014Z,compiler,4,30,0,,,queue_empty
2026-10-09T22:19:53.532691Z,cohere_adamic,0,1,0,,,queue_empty
2026-10-09T22:19:57.618359Z,typescript,0,10,0,,,queue_empty
2026-10-09T22:20:02.229180Z,runtime,0,8,0,,,queue_empty
2026-10-09T22:20:04.519769Z,library,0,8,0,,,queue_empty
2026-10-09T22:20:15.112221Z,developer_tools,0,4,0,,,queue_empty
2026-10-09T22:24:19.456287Z,compiler,5,30,0,,,queue_empty
2026-10-09T22:24:52.896677Z,cohere_adamic,0,1,0,,,queue_empty
2026-10-09T22:24:56.483080Z,typescript,0,10,0,,,queue_empty
2026-10-09T22:25:01.114917Z,runtime,0,8,0,,,queue_empty
2026-10-09T22:25:03.145527Z,library,0,8,0,,,queue_empty
2026-10-09T22:25:12.542032Z,developer_tools,0,4,0,,,queue_empty
2026-10-09T22:29:20.198357Z,compiler,4,30,0,,,queue_empty
2026-10-09T22:29:53.796439Z,cohere_adamic,0,1,0,,,queue_empty
2026-10-09T22:29:57.243711Z,typescript,0,10,0,,,queue_empty
2026-10-09T22:30:01.921635Z,runtime,0,8,0,,,queue_empty
2026-10-09T22:30:03.882187Z,library,0,8,0,,,queue_empty
2026-10-09T22:30:13.614648Z,developer_tools,0,4,0,,,queue_empty
2026-10-09T22:34:19.197386Z,compiler,4,30,0,,,queue_empty
2026-10-09T22:34:52.517125Z,cohere_adamic,0,1,0,,,queue_empty
2026-10-09T22:34:56.156404Z,typescript,0,10,0,,,queue_empty
2026-10-09T22:35:00.605025Z,runtime,0,8,0,,,queue_empty
2026-10-09T22:35:02.561849Z,library,0,8,0,,,queue_empty
2026-10-09T22:35:11.672734Z,developer_tools,0,4,0,,,queue_empty
2026-10-09T22:39:20.137069Z,compiler,4,30,0,,,queue_empty
2026-10-09T22:39:57.348781Z,cohere_adamic,0,1,0,,,queue_empty
2026-10-09T22:40:00.915164Z,typescript,0,10,0,,,queue_empty
2026-10-09T22:40:05.335583Z,runtime,0,8,0,,,queue_empty
2026-10-09T22:40:07.531325Z,library,0,8,0,,,queue_empty
2026-10-09T22:40:17.016450Z,developer_tools,0,4,0,,,queue_empty
2026-10-09T22:44:19.956504Z,compiler,3,30,0,,,queue_empty
2026-10-09T22:44:52.162923Z,cohere_adamic,0,1,0,,,queue_empty
2026-10-09T22:44:55.823231Z,typescript,0,10,0,,,queue_empty
2026-10-09T22:45:00.397136Z,runtime,0,8,0,,,queue_empty
2026-10-09T22:45:02.339287Z,library,0,8,0,,,queue_empty
2026-10-09T22:45:11.582875Z,developer_tools,0,4,0,,,queue_empty
2026-10-09T22:49:19.685281Z,compiler,1,30,0,,,queue_empty
2026-10-09T22:49:54.299004Z,cohere_adamic,0,1,0,,,queue_empty
2026-10-09T22:49:58.069185Z,typescript,0,10,0,,,queue_empty
2026-10-09T22:50:03.451488Z,runtime,0,8,0,,,queue_empty
2026-10-09T22:50:05.498613Z,library,0,8,0,,,queue_empty
2026-10-09T22:50:14.646799Z,developer_tools,0,4,0,,,queue_empty
2026-10-09T22:54:19.382482Z,compiler,1,30,0,,,queue_empty
2026-10-09T22:54:51.995336Z,cohere_adamic,0,1,0,,,queue_empty
2026-10-09T22:54:55.660574Z,typescript,0,10,0,,,queue_empty
2026-10-09T22:55:00.071015Z,runtime,0,8,0,,,queue_empty
2026-10-09T22:55:02.255570Z,library,0,8,0,,,queue_empty
2026-10-09T22:55:12.083226Z,developer_tools,0,4,0,,,queue_empty
2026-10-09T22:59:19.553879Z,compiler,1,30,0,,,queue_empty
2026-10-09T22:59:51.553988Z,cohere_adamic,0,1,0,,,queue_empty
2026-10-09T22:59:54.913476Z,typescript,0,10,0,,,queue_empty
2026-10-09T22:59:59.202203Z,runtime,0,8,0,,,queue_empty
2026-10-09T23:00:01.144500Z,library,0,8,0,,,queue_empty
2026-10-09T23:00:11.454735Z,developer_tools,0,4,0,,,queue_empty
2026-10-09T23:04:23.559717Z,compiler,2,30,0,,,queue_empty
2026-10-09T23:04:58.187560Z,cohere_adamic,,1,0,,,fleet_unavailable: fleet live status unavailable
2026-10-09T23:05:01.781372Z,typescript,0,10,0,,,queue_empty
2026-10-09T23:05:06.208758Z,runtime,0,8,0,,,queue_empty
2026-10-09T23:05:08.229613Z,library,0,8,0,,,queue_empty
2026-10-09T23:05:27.896391Z,developer_tools,0,4,0,,,queue_empty
2026-10-09T23:09:19.916974Z,compiler,2,30,0,,,queue_empty
2026-10-09T23:09:53.946484Z,cohere_adamic,0,1,0,,,queue_empty
2026-10-09T23:09:57.586754Z,typescript,0,10,0,,,queue_empty
2026-10-09T23:10:02.116836Z,runtime,0,8,0,,,queue_empty
2026-10-09T23:10:04.237909Z,library,0,8,0,,,queue_empty
2026-10-09T23:10:14.483571Z,developer_tools,0,4,0,,,queue_empty
2026-10-09T23:14:20.521050Z,compiler,2,30,0,,,queue_empty
2026-10-09T23:14:54.713283Z,cohere_adamic,0,1,0,,,queue_empty
2026-10-09T23:14:58.262269Z,typescript,0,10,0,,,queue_empty
2026-10-09T23:15:02.969713Z,runtime,0,8,0,,,queue_empty
2026-10-09T23:15:05.219368Z,library,0,8,0,,,queue_empty
2026-10-09T23:15:14.757094Z,developer_tools,0,4,0,,,queue_empty
2026-10-09T23:19:19.786140Z,compiler,2,30,0,,,queue_empty
2026-10-09T23:19:51.456153Z,cohere_adamic,0,1,0,,,queue_empty
2026-10-09T23:19:55.362016Z,typescript,0,10,0,,,queue_empty
2026-10-09T23:19:59.633775Z,runtime,0,8,0,,,queue_empty
2026-10-09T23:20:01.825490Z,library,0,8,0,,,queue_empty
2026-10-09T23:20:11.655122Z,developer_tools,0,4,0,,,queue_empty
2026-10-09T23:24:20.735834Z,compiler,2,30,0,,,queue_empty
2026-10-09T23:24:54.317449Z,cohere_adamic,0,1,0,,,queue_empty
2026-10-09T23:24:58.519966Z,typescript,0,10,0,,,queue_empty
2026-10-09T23:25:03.227251Z,runtime,0,8,0,,,queue_empty
2026-10-09T23:25:05.334075Z,library,0,8,0,,,queue_empty
2026-10-09T23:25:14.899031Z,developer_tools,0,4,0,,,queue_empty
2026-10-09T23:29:20.491333Z,compiler,2,30,0,,,queue_empty
2026-10-09T23:29:53.500151Z,cohere_adamic,0,1,0,,,queue_empty
2026-10-09T23:29:57.040498Z,typescript,0,10,0,,,queue_empty
2026-10-09T23:30:01.511636Z,runtime,0,8,0,,,queue_empty
2026-10-09T23:30:03.801365Z,library,0,8,0,,,queue_empty
2026-10-09T23:30:13.029996Z,developer_tools,0,4,0,,,queue_empty
2026-10-09T23:34:20.699249Z,compiler,2,30,0,,,queue_empty
2026-10-09T23:34:54.502508Z,cohere_adamic,0,1,0,,,queue_empty
2026-10-09T23:34:58.510506Z,typescript,0,10,0,,,queue_empty
2026-10-09T23:35:03.097713Z,runtime,0,8,0,,,queue_empty
2026-10-09T23:35:05.201738Z,library,0,8,0,,,queue_empty
2026-10-09T23:35:14.439035Z,developer_tools,0,4,0,,,queue_empty
2026-10-09T23:39:20.369407Z,compiler,1,30,0,,,queue_empty
2026-10-09T23:39:54.452881Z,cohere_adamic,0,1,0,,,queue_empty
2026-10-09T23:39:57.995670Z,typescript,0,10,0,,,queue_empty
2026-10-09T23:40:02.548417Z,runtime,0,8,0,,,queue_empty
2026-10-09T23:40:04.985725Z,library,0,8,0,,,queue_empty
2026-10-09T23:40:15.134725Z,developer_tools,0,4,0,,,queue_empty
2026-10-09T23:44:45.970712Z,compiler,2,30,0,,,queue_empty
2026-10-09T23:45:22.617539Z,cohere_adamic,0,1,0,,,queue_empty
2026-10-09T23:45:25.993656Z,typescript,0,10,0,,,queue_empty
2026-10-09T23:45:30.974449Z,runtime,0,8,0,,,queue_empty
2026-10-09T23:45:33.074676Z,library,0,8,0,,,queue_empty
2026-10-09T23:45:42.349669Z,developer_tools,0,4,0,,,queue_empty
2026-10-09T23:49:20.728008Z,compiler,2,30,0,,,queue_empty
2026-10-09T23:49:54.219899Z,cohere_adamic,0,1,0,,,queue_empty
2026-10-09T23:49:57.930535Z,typescript,0,10,0,,,queue_empty
2026-10-09T23:50:02.491537Z,runtime,0,8,0,,,queue_empty
2026-10-09T23:50:04.414983Z,library,0,8,0,,,queue_empty
2026-10-09T23:50:13.620244Z,developer_tools,0,4,0,,,queue_empty
2026-10-09T23:54:20.905945Z,compiler,1,30,0,,,queue_empty
2026-10-09T23:54:58.636654Z,cohere_adamic,0,1,0,,,queue_empty
2026-10-09T23:55:02.045032Z,typescript,0,10,0,,,queue_empty
2026-10-09T23:55:06.583060Z,runtime,0,8,0,,,queue_empty
2026-10-09T23:55:08.614307Z,library,0,8,0,,,queue_empty
2026-10-09T23:55:18.406971Z,developer_tools,0,4,0,,,queue_empty
2026-10-09T23:59:21.133411Z,compiler,3,30,0,,,queue_empty
2026-10-09T23:59:52.240543Z,cohere_adamic,0,1,0,,,queue_empty
2026-10-09T23:59:55.934953Z,typescript,0,10,0,,,queue_empty
2026-10-10T00:00:04.441630Z,runtime,0,8,0,,,queue_empty
2026-10-10T00:00:06.521822Z,library,0,8,0,,,queue_empty
2026-10-10T00:00:17.223092Z,developer_tools,0,4,0,,,queue_empty
2026-10-10T00:04:21.208004Z,compiler,5,30,0,,,queue_empty
2026-10-10T00:04:55.932037Z,cohere_adamic,0,1,0,,,queue_empty
2026-10-10T00:04:59.665992Z,typescript,0,10,0,,,queue_empty
2026-10-10T00:05:04.298743Z,runtime,0,8,0,,,queue_empty
2026-10-10T00:05:06.963966Z,library,0,8,0,,,queue_empty
2026-10-10T00:05:17.461087Z,developer_tools,0,4,0,,,queue_empty
2026-10-10T00:09:20.399619Z,compiler,5,30,0,,,queue_empty
2026-10-10T00:09:52.561219Z,cohere_adamic,0,1,0,,,queue_empty
2026-10-10T00:09:56.152802Z,typescript,0,10,0,,,queue_empty
2026-10-10T00:10:00.519618Z,runtime,0,8,0,,,queue_empty
2026-10-10T00:10:02.806018Z,library,0,8,0,,,queue_empty
2026-10-10T00:10:12.038098Z,developer_tools,0,4,0,,,queue_empty
2026-10-10T00:14:21.344969Z,compiler,4,30,0,,,queue_empty
2026-10-10T00:14:54.315251Z,cohere_adamic,0,1,0,,,queue_empty
2026-10-10T00:14:57.808916Z,typescript,0,10,0,,,queue_empty
2026-10-10T00:15:02.686356Z,runtime,0,8,0,,,queue_empty
2026-10-10T00:15:04.733335Z,library,0,8,0,,,queue_empty
2026-10-10T00:15:14.373456Z,developer_tools,0,4,0,,,queue_empty
2026-10-10T00:19:24.092664Z,compiler,2,30,0,,,queue_empty
2026-10-10T00:19:55.331840Z,cohere_adamic,0,1,0,,,queue_empty
2026-10-10T00:19:58.569780Z,typescript,0,10,0,,,queue_empty
2026-10-10T00:20:02.917098Z,runtime,0,8,0,,,queue_empty
2026-10-10T00:20:05.255421Z,library,0,8,0,,,queue_empty
2026-10-10T00:20:15.341560Z,developer_tools,0,4,0,,,queue_empty
2026-10-10T00:24:21.616336Z,compiler,3,30,0,,,queue_empty
2026-10-10T00:25:03.780692Z,cohere_adamic,0,1,0,,,queue_empty
2026-10-10T00:25:07.224981Z,typescript,0,10,0,,,queue_empty
2026-10-10T00:25:11.807337Z,runtime,0,8,0,,,queue_empty
2026-10-10T00:25:13.959493Z,library,0,8,0,,,queue_empty
2026-10-10T00:25:23.824654Z,developer_tools,0,4,0,,,queue_empty
2026-10-10T00:29:20.850003Z,compiler,3,30,0,,,queue_empty
2026-10-10T00:30:05.299452Z,cohere_adamic,0,1,0,,,queue_empty
2026-10-10T00:30:08.984644Z,typescript,0,10,0,,,queue_empty
2026-10-10T00:30:13.361294Z,runtime,0,8,0,,,queue_empty
2026-10-10T00:30:15.481326Z,library,0,8,0,,,queue_empty
2026-10-10T00:30:24.555039Z,developer_tools,0,4,0,,,queue_empty
2026-10-10T00:34:21.009796Z,compiler,3,30,0,,,queue_empty
2026-10-10T00:34:57.815922Z,cohere_adamic,0,1,0,,,queue_empty
2026-10-10T00:35:01.177912Z,typescript,0,10,0,,,queue_empty
2026-10-10T00:35:05.389635Z,runtime,0,8,0,,,queue_empty
2026-10-10T00:35:07.245483Z,library,0,8,0,,,queue_empty
2026-10-10T00:35:16.252999Z,developer_tools,0,4,0,,,queue_empty
2026-10-10T00:39:22.393823Z,compiler,3,30,0,,,queue_empty
2026-10-10T00:39:54.627491Z,cohere_adamic,0,1,0,,,queue_empty
2026-10-10T00:39:58.205188Z,typescript,0,10,0,,,queue_empty
2026-10-10T00:40:02.434152Z,runtime,0,8,0,,,queue_empty
2026-10-10T00:40:04.502571Z,library,0,8,0,,,queue_empty
2026-10-10T00:40:13.857392Z,developer_tools,0,4,0,,,queue_empty
2026-10-10T00:44:21.163420Z,compiler,5,30,0,,,queue_empty
2026-10-10T00:44:52.347412Z,cohere_adamic,0,1,0,,,queue_empty
2026-10-10T00:44:55.898206Z,typescript,0,10,0,,,queue_empty
2026-10-10T00:45:00.154169Z,runtime,0,8,0,,,queue_empty
2026-10-10T00:45:02.170035Z,library,0,8,0,,,queue_empty
2026-10-10T00:45:11.311353Z,developer_tools,0,4,0,,,queue_empty
2026-10-10T00:49:20.947073Z,compiler,4,30,0,,,queue_empty
2026-10-10T00:49:53.389538Z,cohere_adamic,0,1,0,,,queue_empty
2026-10-10T00:49:56.849129Z,typescript,0,10,0,,,queue_empty
2026-10-10T00:50:01.409791Z,runtime,0,8,0,,,queue_empty
2026-10-10T00:50:03.410946Z,library,0,8,0,,,queue_empty
2026-10-10T00:50:13.376868Z,developer_tools,0,4,0,,,queue_empty
2026-10-10T00:54:21.502154Z,compiler,3,30,0,,,queue_empty
2026-10-10T00:54:52.347050Z,cohere_adamic,0,1,0,,,queue_empty
2026-10-10T00:54:55.812334Z,typescript,0,10,0,,,queue_empty
2026-10-10T00:55:00.607587Z,runtime,0,8,0,,,queue_empty
2026-10-10T00:55:02.610034Z,library,0,8,0,,,queue_empty
2026-10-10T00:55:12.291625Z,developer_tools,0,4,0,,,queue_empty
2026-10-10T00:59:21.017656Z,compiler,1,30,0,,,queue_empty
2026-10-10T00:59:54.065198Z,cohere_adamic,0,1,0,,,queue_empty
2026-10-10T00:59:57.322430Z,typescript,0,10,0,,,queue_empty
2026-10-10T01:00:01.548042Z,runtime,0,8,0,,,queue_empty
2026-10-10T01:00:03.304443Z,library,0,8,0,,,queue_empty
2026-10-10T01:00:11.166199Z,developer_tools,,4,0,,,fleet_unavailable: fleet live status unavailable
2026-10-10T01:04:20.793667Z,compiler,0,30,0,,,queue_empty
2026-10-10T01:04:27.106754Z,cohere_adamic,,1,0,,,fleet_unavailable: fleet live status unavailable
2026-10-10T01:04:30.542431Z,typescript,0,10,0,,,queue_empty
2026-10-10T01:04:36.123157Z,runtime,0,8,0,,,queue_empty
2026-10-10T01:04:37.988756Z,library,0,8,0,,,queue_empty
2026-10-10T01:04:47.240687Z,developer_tools,0,4,0,,,queue_empty
2026-10-10T01:09:22.448529Z,compiler,0,30,0,,,queue_empty
2026-10-10T01:09:55.239812Z,cohere_adamic,0,1,0,,,queue_empty
2026-10-10T01:09:58.784875Z,typescript,0,10,0,,,queue_empty
2026-10-10T01:10:03.049477Z,runtime,0,8,0,,,queue_empty
2026-10-10T01:10:04.913235Z,library,0,8,0,,,queue_empty
2026-10-10T01:10:14.464569Z,developer_tools,0,4,0,,,queue_empty
2026-10-10T01:14:32.063429Z,compiler,1,30,0,,,queue_empty
2026-10-10T01:15:08.142803Z,cohere_adamic,1,1,0,,,floor_met
2026-10-10T01:15:12.132467Z,typescript,0,10,0,,,queue_empty
2026-10-10T01:15:16.881323Z,runtime,0,8,0,,,queue_empty
2026-10-10T01:15:18.770822Z,library,0,8,0,,,queue_empty
2026-10-10T01:15:27.824360Z,developer_tools,0,4,0,,,queue_empty
2026-10-10T01:19:21.869839Z,compiler,1,30,0,,,queue_empty
2026-10-10T01:20:36.717663Z,cohere_adamic,,1,0,,,"fleet_unavailable: Command '['ahra', 'ai', 'fleet', 'lint-helpers-wave2', '--json', '--live']' timed out after 60 seconds"
2026-10-10T01:20:40.262457Z,typescript,0,10,0,,,queue_empty
2026-10-10T01:20:44.675209Z,runtime,0,8,0,,,queue_empty
2026-10-10T01:20:46.785049Z,library,0,8,0,,,queue_empty
2026-10-10T01:20:56.421284Z,developer_tools,0,4,0,,,queue_empty
2026-10-10T01:24:22.178524Z,compiler,1,30,0,,,queue_empty
2026-10-10T01:24:55.406110Z,cohere_adamic,3,1,0,,,floor_met
2026-10-10T01:24:59.067650Z,typescript,0,10,0,,,queue_empty
2026-10-10T01:25:03.336262Z,runtime,0,8,0,,,queue_empty
2026-10-10T01:25:05.372825Z,library,0,8,0,,,queue_empty
2026-10-10T01:25:14.901107Z,developer_tools,0,4,0,,,queue_empty
2026-10-10T01:29:23.211704Z,compiler,1,30,0,,,queue_empty
2026-10-10T01:30:40.584579Z,cohere_adamic,,1,0,,,"fleet_unavailable: Command '['ahra', 'ai', 'fleet', 'lint-helpers-wave2', '--json', '--live']' timed out after 60 seconds"
2026-10-10T01:30:44.537038Z,typescript,0,10,0,,,queue_empty
2026-10-10T01:31:15.308956Z,runtime,,8,0,,,fleet_unavailable: fleet live status unavailable
2026-10-10T01:31:17.411397Z,library,0,8,0,,,queue_empty
2026-10-10T01:31:31.103403Z,developer_tools,0,4,0,,,queue_empty
2026-10-10T01:34:21.978744Z,compiler,0,30,0,,,queue_empty
2026-10-10T01:34:55.836448Z,cohere_adamic,1,1,0,,,floor_met
2026-10-10T01:34:59.345835Z,typescript,0,10,0,,,queue_empty
2026-10-10T01:35:03.997905Z,runtime,0,8,0,,,queue_empty
2026-10-10T01:35:05.988002Z,library,0,8,0,,,queue_empty
2026-10-10T01:35:15.256936Z,developer_tools,0,4,0,,,queue_empty
2026-10-10T01:39:22.821882Z,compiler,0,30,0,,,queue_empty
2026-10-10T01:40:08.544884Z,cohere_adamic,1,1,0,,,floor_met
2026-10-10T01:40:12.018402Z,typescript,0,10,0,,,queue_empty
2026-10-10T01:40:17.132982Z,runtime,0,8,0,,,queue_empty
2026-10-10T01:40:22.338439Z,library,0,8,0,,,queue_empty
2026-10-10T01:40:34.746300Z,developer_tools,0,4,0,,,queue_empty
2026-10-10T01:44:22.940118Z,compiler,0,30,0,,,queue_empty
2026-10-10T01:45:34.500477Z,cohere_adamic,1,1,0,,,floor_met
2026-10-10T01:45:39.892308Z,typescript,0,10,0,,,queue_empty
2026-10-10T01:45:44.647265Z,runtime,0,8,0,,,queue_empty
2026-10-10T01:45:46.910562Z,library,0,8,0,,,queue_empty
2026-10-10T01:45:57.526675Z,developer_tools,0,4,0,,,queue_empty
2026-10-10T01:49:23.231086Z,compiler,0,30,0,,,queue_empty
2026-10-10T01:50:00.722271Z,cohere_adamic,1,1,0,,,floor_met
2026-10-10T01:50:04.923025Z,typescript,0,10,0,,,queue_empty
2026-10-10T01:50:10.952529Z,runtime,0,8,0,,,queue_empty
2026-10-10T01:50:13.528286Z,library,0,8,0,,,queue_empty
2026-10-10T01:50:23.837041Z,developer_tools,0,4,0,,,queue_empty
2026-10-10T01:55:07.721692Z,compiler,0,30,0,,,queue_empty
2026-10-10T01:55:41.472463Z,cohere_adamic,0,1,0,,,queue_empty
2026-10-10T01:55:45.592710Z,typescript,0,10,0,,,queue_empty
2026-10-10T01:55:51.176381Z,runtime,0,8,0,,,queue_empty
2026-10-10T01:55:53.324568Z,library,0,8,0,,,queue_empty
2026-10-10T01:56:03.568977Z,developer_tools,0,4,0,,,queue_empty
2026-10-10T01:59:23.413421Z,compiler,0,30,0,,,queue_empty
2026-10-10T02:00:00.808585Z,cohere_adamic,0,1,0,,,queue_empty
2026-10-10T02:00:04.926189Z,typescript,0,10,0,,,queue_empty
2026-10-10T02:00:10.523777Z,runtime,0,8,0,,,queue_empty
2026-10-10T02:00:13.511903Z,library,0,8,0,,,queue_empty
2026-10-10T02:00:25.047909Z,developer_tools,0,4,0,,,queue_empty
2026-10-10T02:04:23.120133Z,compiler,0,30,0,,,queue_empty
2026-10-10T02:04:58.240475Z,cohere_adamic,0,1,0,,,queue_empty
2026-10-10T02:05:02.227637Z,typescript,0,10,0,,,queue_empty
2026-10-10T02:05:06.982474Z,runtime,0,8,0,,,queue_empty
2026-10-10T02:05:09.367886Z,library,0,8,0,,,queue_empty
2026-10-10T02:05:19.514917Z,developer_tools,0,4,0,,,queue_empty
2026-10-10T02:09:33.103213Z,compiler,4,30,0,,,queue_empty
2026-10-10T02:10:09.025494Z,cohere_adamic,0,1,0,,,queue_empty
2026-10-10T02:10:12.787601Z,typescript,0,10,0,,,queue_empty
2026-10-10T02:10:17.682286Z,runtime,0,8,0,,,queue_empty
2026-10-10T02:10:19.439939Z,library,0,8,0,,,queue_empty
2026-10-10T02:10:29.942314Z,developer_tools,0,4,0,,,queue_empty
2026-10-10T02:14:23.397158Z,compiler,4,30,0,,,queue_empty
2026-10-10T02:15:01.720870Z,cohere_adamic,0,1,0,,,queue_empty
2026-10-10T02:15:05.349806Z,typescript,0,10,0,,,queue_empty
2026-10-10T02:15:10.020583Z,runtime,0,8,0,,,queue_empty
2026-10-10T02:15:12.146866Z,library,0,8,0,,,queue_empty
2026-10-10T02:15:22.319094Z,developer_tools,0,4,0,,,queue_empty
2026-10-10T02:19:22.937615Z,compiler,4,30,0,,,queue_empty
2026-10-10T02:19:57.761747Z,cohere_adamic,0,1,0,,,queue_empty
2026-10-10T02:20:01.885769Z,typescript,0,10,0,,,queue_empty
2026-10-10T02:20:06.691032Z,runtime,0,8,0,,,queue_empty
2026-10-10T02:20:08.935673Z,library,0,8,0,,,queue_empty
2026-10-10T02:20:20.604300Z,developer_tools,0,4,0,,,queue_empty
2026-10-10T02:24:23.314589Z,compiler,3,30,0,,,queue_empty
2026-10-10T02:24:59.544396Z,cohere_adamic,0,1,0,,,queue_empty
2026-10-10T02:25:03.387283Z,typescript,0,10,0,,,queue_empty
2026-10-10T02:25:08.105045Z,runtime,0,8,0,,,queue_empty
2026-10-10T02:25:10.542774Z,library,0,8,0,,,queue_empty
2026-10-10T02:25:21.075317Z,developer_tools,0,4,0,,,queue_empty
2026-10-10T02:29:24.232298Z,compiler,3,30,0,,,queue_empty
2026-10-10T02:30:00.958806Z,cohere_adamic,0,1,0,,,queue_empty
2026-10-10T02:30:04.469404Z,typescript,0,10,0,,,queue_empty
2026-10-10T02:30:09.210445Z,runtime,0,8,0,,,queue_empty
2026-10-10T02:30:11.643827Z,library,0,8,0,,,queue_empty
2026-10-10T02:30:22.317919Z,developer_tools,0,4,0,,,queue_empty
2026-10-10T02:34:23.318962Z,compiler,2,30,0,,,queue_empty
2026-10-10T02:35:03.412461Z,cohere_adamic,0,1,0,,,queue_empty
2026-10-10T02:35:07.847241Z,typescript,0,10,0,,,queue_empty
2026-10-10T02:35:12.870541Z,runtime,0,8,0,,,queue_empty
2026-10-10T02:35:15.086482Z,library,0,8,0,,,queue_empty
2026-10-10T02:35:26.377887Z,developer_tools,0,4,0,,,queue_empty
2026-10-10T02:39:23.715728Z,compiler,2,30,0,,,queue_empty
2026-10-10T02:40:01.598869Z,cohere_adamic,0,1,0,,,queue_empty
2026-10-10T02:40:06.172590Z,typescript,0,10,0,,,queue_empty
2026-10-10T02:40:11.205155Z,runtime,0,8,0,,,queue_empty
2026-10-10T02:40:13.572012Z,library,0,8,0,,,queue_empty
2026-10-10T02:40:24.208245Z,developer_tools,0,4,0,,,queue_empty
2026-10-10T02:44:24.318039Z,compiler,2,30,0,,,queue_empty
2026-10-10T02:45:06.671619Z,cohere_adamic,0,1,0,,,queue_empty
2026-10-10T02:45:10.482283Z,typescript,0,10,0,,,queue_empty
2026-10-10T02:45:15.523693Z,runtime,0,8,0,,,queue_empty
2026-10-10T02:45:17.794270Z,library,0,8,0,,,queue_empty
2026-10-10T02:45:27.970536Z,developer_tools,0,4,0,,,queue_empty
2026-10-10T02:49:28.402879Z,compiler,2,30,0,,,queue_empty
2026-10-10T02:50:06.597499Z,cohere_adamic,0,1,0,,,queue_empty
2026-10-10T02:50:10.415613Z,typescript,0,10,0,,,queue_empty
2026-10-10T02:50:15.228221Z,runtime,0,8,0,,,queue_empty
2026-10-10T02:50:17.493549Z,library,0,8,0,,,queue_empty
2026-10-10T02:50:27.652615Z,developer_tools,0,4,0,,,queue_empty
2026-10-10T02:54:23.928558Z,compiler,2,30,0,,,queue_empty
2026-10-10T02:54:59.306284Z,cohere_adamic,0,1,0,,,queue_empty
2026-10-10T02:55:03.235694Z,typescript,0,10,0,,,queue_empty
2026-10-10T02:55:08.767768Z,runtime,0,8,0,,,queue_empty
2026-10-10T02:55:10.990507Z,library,0,8,0,,,queue_empty
2026-10-10T02:55:21.782940Z,developer_tools,0,4,0,,,queue_empty
2026-10-10T02:59:23.672014Z,compiler,1,30,0,,,queue_empty
2026-10-10T03:00:00.239428Z,cohere_adamic,0,1,0,,,queue_empty
2026-10-10T03:00:04.071945Z,typescript,0,10,0,,,queue_empty
2026-10-10T03:00:09.305095Z,runtime,0,8,0,,,queue_empty
2026-10-10T03:00:11.085387Z,library,0,8,0,,,queue_empty
2026-10-10T03:00:21.183090Z,developer_tools,0,4,0,,,queue_empty
2026-10-10T03:04:23.742908Z,compiler,1,30,0,,,queue_empty
2026-10-10T03:04:58.869358Z,cohere_adamic,0,1,0,,,queue_empty
2026-10-10T03:05:02.695583Z,typescript,0,10,0,,,queue_empty
2026-10-10T03:05:07.926487Z,runtime,0,8,0,,,queue_empty
2026-10-10T03:05:10.189605Z,library,0,8,0,,,queue_empty
2026-10-10T03:05:20.750719Z,developer_tools,0,4,0,,,queue_empty
2026-10-10T03:09:24.374559Z,compiler,0,30,0,,,queue_empty
2026-10-10T03:09:59.261387Z,cohere_adamic,0,1,0,,,queue_empty
2026-10-10T03:10:03.318617Z,typescript,0,10,0,,,queue_empty
2026-10-10T03:10:08.346985Z,runtime,0,8,0,,,queue_empty
2026-10-10T03:10:10.695909Z,library,0,8,0,,,queue_empty
2026-10-10T03:10:21.739825Z,developer_tools,0,4,0,,,queue_empty
2026-10-10T03:14:23.413958Z,compiler,0,30,0,,,queue_empty
2026-10-10T03:14:57.119012Z,cohere_adamic,0,1,0,,,queue_empty
2026-10-10T03:15:00.789348Z,typescript,0,10,0,,,queue_empty
2026-10-10T03:15:05.337274Z,runtime,0,8,0,,,queue_empty
2026-10-10T03:15:07.350154Z,library,0,8,0,,,queue_empty
2026-10-10T03:15:17.127103Z,developer_tools,0,4,0,,,queue_empty
2026-10-10T03:19:24.604917Z,compiler,0,30,0,,,queue_empty
2026-10-10T03:20:00.201664Z,cohere_adamic,0,1,0,,,queue_empty
2026-10-10T03:20:03.916120Z,typescript,0,10,0,,,queue_empty
2026-10-10T03:20:08.560663Z,runtime,0,8,0,,,queue_empty
2026-10-10T03:20:11.212954Z,library,0,8,0,,,queue_empty
2026-10-10T03:20:21.375149Z,developer_tools,0,4,0,,,queue_empty
2026-10-10T03:24:24.098645Z,compiler,0,30,0,,,queue_empty
2026-10-10T03:25:02.493361Z,cohere_adamic,0,1,0,,,queue_empty
2026-10-10T03:25:06.143857Z,typescript,0,10,0,,,queue_empty
2026-10-10T03:25:10.946439Z,runtime,0,8,0,,,queue_empty
2026-10-10T03:25:13.181605Z,library,0,8,0,,,queue_empty
2026-10-10T03:25:22.607700Z,developer_tools,0,4,0,,,queue_empty
2026-10-10T03:29:23.833416Z,compiler,0,30,0,,,queue_empty
2026-10-10T03:29:57.237590Z,cohere_adamic,0,1,0,,,queue_empty
2026-10-10T03:30:01.038028Z,typescript,0,10,0,,,queue_empty
2026-10-10T03:30:05.696957Z,runtime,0,8,0,,,queue_empty
2026-10-10T03:30:07.790210Z,library,0,8,0,,,queue_empty
2026-10-10T03:30:17.768357Z,developer_tools,0,4,0,,,queue_empty
2026-10-10T03:34:23.381666Z,compiler,0,30,0,,,queue_empty
2026-10-10T03:34:57.464563Z,cohere_adamic,0,1,0,,,queue_empty
2026-10-10T03:35:01.032501Z,typescript,0,10,0,,,queue_empty
2026-10-10T03:35:05.699657Z,runtime,0,8,0,,,queue_empty
2026-10-10T03:35:07.741244Z,library,0,8,0,,,queue_empty
2026-10-10T03:35:17.124100Z,developer_tools,0,4,0,,,queue_empty
2026-10-10T03:39:24.375597Z,compiler,0,30,0,,,queue_empty
2026-10-10T03:39:59.060839Z,cohere_adamic,0,1,0,,,queue_empty
2026-10-10T03:40:02.438047Z,typescript,0,10,0,,,queue_empty
2026-10-10T03:40:07.167156Z,runtime,0,8,0,,,queue_empty
2026-10-10T03:40:09.089750Z,library,0,8,0,,,queue_empty
2026-10-10T03:40:18.632233Z,developer_tools,0,4,0,,,queue_empty
