=== RUN   TestCheckedViewNodeArrayRecords
=== PAUSE TestCheckedViewNodeArrayRecords
=== RUN   TestCheckedViewArrayReferenceWrites
=== PAUSE TestCheckedViewArrayReferenceWrites
=== RUN   TestCheckedViewArraySearch
=== PAUSE TestCheckedViewArraySearch
=== RUN   TestCheckedViewNativeArrays
=== PAUSE TestCheckedViewNativeArrays
=== RUN   TestCheckedViewArrays
=== PAUSE TestCheckedViewArrays
=== RUN   TestCheckedViewGenericArrayCast
=== PAUSE TestCheckedViewGenericArrayCast
=== RUN   TestCheckedViewOptionalDeclarations
=== PAUSE TestCheckedViewOptionalDeclarations
=== RUN   TestCheckedViewRanked4ArrayContracts
=== PAUSE TestCheckedViewRanked4ArrayContracts
=== RUN   TestCheckedViewRanked5ArrayContracts
=== PAUSE TestCheckedViewRanked5ArrayContracts
=== RUN   TestCheckedViewRanked5UnionCastFrontier
=== PAUSE TestCheckedViewRanked5UnionCastFrontier
=== RUN   TestCheckedViewRanked6ArrayContracts
=== PAUSE TestCheckedViewRanked6ArrayContracts
=== RUN   TestCheckedViewRanked6Frontiers
=== PAUSE TestCheckedViewRanked6Frontiers
=== RUN   TestCheckedViewRanked7ArrayContracts
=== PAUSE TestCheckedViewRanked7ArrayContracts
=== RUN   TestCheckedViewRanked7Frontiers
=== PAUSE TestCheckedViewRanked7Frontiers
=== RUN   TestCheckedViewRanked8ArrayContracts
=== PAUSE TestCheckedViewRanked8ArrayContracts
=== RUN   TestCheckedViewRanked9ArrayContracts
=== PAUSE TestCheckedViewRanked9ArrayContracts
=== RUN   TestCheckedViewRankedArrayUnionContracts
=== PAUSE TestCheckedViewRankedArrayUnionContracts
=== RUN   TestCheckedViewMutableArrayUnionRefusal
=== PAUSE TestCheckedViewMutableArrayUnionRefusal
=== RUN   TestCheckedViewRankedArrayContracts
=== PAUSE TestCheckedViewRankedArrayContracts
=== RUN   TestCheckedViewRankedParserArrayContracts
=== PAUSE TestCheckedViewRankedParserArrayContracts
=== CONT  TestCheckedViewNodeArrayRecords
=== RUN   TestCheckedViewNodeArrayRecords/node-array-reads
=== CONT  TestCheckedViewRanked6ArrayContracts
=== RUN   TestCheckedViewRanked6ArrayContracts/ranked6-calls
=== PAUSE TestCheckedViewRanked6ArrayContracts/ranked6-calls
=== RUN   TestCheckedViewRanked6ArrayContracts/ranked6-calls-filter
=== PAUSE TestCheckedViewRanked6ArrayContracts/ranked6-calls-filter
=== RUN   TestCheckedViewRanked6ArrayContracts/ranked6-calls-lazy
=== PAUSE TestCheckedViewRanked6ArrayContracts/ranked6-calls-lazy
=== PAUSE TestCheckedViewNodeArrayRecords/node-array-reads
=== CONT  TestCheckedViewRanked5UnionCastFrontier
=== CONT  TestCheckedViewRanked5ArrayContracts
=== RUN   TestCheckedViewRanked5ArrayContracts/ranked5-function
=== PAUSE TestCheckedViewRanked5ArrayContracts/ranked5-function
=== RUN   TestCheckedViewRanked6ArrayContracts/ranked6-calls-wrong-array
=== PAUSE TestCheckedViewRanked6ArrayContracts/ranked6-calls-wrong-array
=== RUN   TestCheckedViewNodeArrayRecords/node-array-lazy
=== PAUSE TestCheckedViewNodeArrayRecords/node-array-lazy
=== RUN   TestCheckedViewRanked5ArrayContracts/ranked5-function-arrow
=== PAUSE TestCheckedViewRanked5ArrayContracts/ranked5-function-arrow
=== RUN   TestCheckedViewNodeArrayRecords/node-array-properties-copy
=== PAUSE TestCheckedViewNodeArrayRecords/node-array-properties-copy
=== RUN   TestCheckedViewNodeArrayRecords/node-array-own-mutation
=== PAUSE TestCheckedViewNodeArrayRecords/node-array-own-mutation
=== RUN   TestCheckedViewRanked5ArrayContracts/ranked5-function-mixed
=== PAUSE TestCheckedViewRanked5ArrayContracts/ranked5-function-mixed
=== RUN   TestCheckedViewNodeArrayRecords/node-array-missing-own
=== RUN   TestCheckedViewRanked5ArrayContracts/ranked5-function-wrong-array
=== PAUSE TestCheckedViewNodeArrayRecords/node-array-missing-own
=== RUN   TestCheckedViewNodeArrayRecords/node-array-wrong-own
=== PAUSE TestCheckedViewNodeArrayRecords/node-array-wrong-own
=== PAUSE TestCheckedViewRanked5ArrayContracts/ranked5-function-wrong-array
=== RUN   TestCheckedViewRanked6ArrayContracts/ranked6-calls-wrong-element
=== RUN   TestCheckedViewRanked5ArrayContracts/ranked5-function-wrong-kind
=== PAUSE TestCheckedViewRanked6ArrayContracts/ranked6-calls-wrong-element
=== PAUSE TestCheckedViewRanked5ArrayContracts/ranked5-function-wrong-kind
=== RUN   TestCheckedViewRanked6ArrayContracts/ranked6-class-like
=== RUN   TestCheckedViewRanked5ArrayContracts/ranked5-function-wrong-name
=== PAUSE TestCheckedViewRanked6ArrayContracts/ranked6-class-like
=== PAUSE TestCheckedViewRanked5ArrayContracts/ranked5-function-wrong-name
=== RUN   TestCheckedViewRanked6ArrayContracts/ranked6-class-like-wrong-name
=== RUN   TestCheckedViewRanked5ArrayContracts/ranked5-heritage
=== PAUSE TestCheckedViewRanked6ArrayContracts/ranked6-class-like-wrong-name
=== PAUSE TestCheckedViewRanked5ArrayContracts/ranked5-heritage
=== RUN   TestCheckedViewRanked6ArrayContracts/ranked6-class-members
=== RUN   TestCheckedViewRanked5ArrayContracts/ranked5-heritage-absent
=== PAUSE TestCheckedViewRanked6ArrayContracts/ranked6-class-members
=== PAUSE TestCheckedViewRanked5ArrayContracts/ranked5-heritage-absent
=== RUN   TestCheckedViewNodeArrayRecords/node-array-wrong-reference
=== RUN   TestCheckedViewRanked6ArrayContracts/ranked6-class-members-wrong-array
=== RUN   TestCheckedViewRanked5ArrayContracts/ranked5-heritage-lazy
=== PAUSE TestCheckedViewNodeArrayRecords/node-array-wrong-reference
=== RUN   TestCheckedViewNodeArrayRecords/node-array-wrong-element
=== PAUSE TestCheckedViewRanked6ArrayContracts/ranked6-class-members-wrong-array
=== RUN   TestCheckedViewRanked6ArrayContracts/ranked6-class-members-wrong-name
=== PAUSE TestCheckedViewRanked5ArrayContracts/ranked5-heritage-lazy
=== RUN   TestCheckedViewRanked5ArrayContracts/ranked5-heritage-wrong-array
=== PAUSE TestCheckedViewNodeArrayRecords/node-array-wrong-element
=== RUN   TestCheckedViewNodeArrayRecords/node-array-wrong-field
=== PAUSE TestCheckedViewRanked5ArrayContracts/ranked5-heritage-wrong-array
=== PAUSE TestCheckedViewNodeArrayRecords/node-array-wrong-field
=== PAUSE TestCheckedViewRanked6ArrayContracts/ranked6-class-members-wrong-name
=== RUN   TestCheckedViewNodeArrayRecords/node-array-wrong-array
=== PAUSE TestCheckedViewNodeArrayRecords/node-array-wrong-array
=== RUN   TestCheckedViewRanked6ArrayContracts/ranked6-class-members-wrong-tag
=== RUN   TestCheckedViewNodeArrayRecords/node-array-write-literal
=== PAUSE TestCheckedViewRanked6ArrayContracts/ranked6-class-members-wrong-tag
=== RUN   TestCheckedViewRanked5ArrayContracts/ranked5-heritage-wrong-late
=== RUN   TestCheckedViewRanked6ArrayContracts/ranked6-element-flags
=== PAUSE TestCheckedViewRanked5ArrayContracts/ranked5-heritage-wrong-late
=== PAUSE TestCheckedViewRanked6ArrayContracts/ranked6-element-flags
=== RUN   TestCheckedViewRanked5ArrayContracts/ranked5-jsdoc
=== RUN   TestCheckedViewRanked6ArrayContracts/ranked6-jsdoc-parent
=== PAUSE TestCheckedViewRanked5ArrayContracts/ranked5-jsdoc
=== PAUSE TestCheckedViewRanked6ArrayContracts/ranked6-jsdoc-parent
=== RUN   TestCheckedViewRanked5ArrayContracts/ranked5-jsdoc-absent
=== RUN   TestCheckedViewRanked6ArrayContracts/ranked6-jsdoc-parent-absent
=== PAUSE TestCheckedViewRanked5ArrayContracts/ranked5-jsdoc-absent
=== RUN   TestCheckedViewRanked5ArrayContracts/ranked5-jsdoc-filter
=== PAUSE TestCheckedViewRanked6ArrayContracts/ranked6-jsdoc-parent-absent
=== PAUSE TestCheckedViewRanked5ArrayContracts/ranked5-jsdoc-filter
=== PAUSE TestCheckedViewNodeArrayRecords/node-array-write-literal
=== RUN   TestCheckedViewRanked6ArrayContracts/ranked6-jsdoc-parent-push
=== CONT  TestCheckedViewRanked4ArrayContracts
=== PAUSE TestCheckedViewRanked6ArrayContracts/ranked6-jsdoc-parent-push
=== RUN   TestCheckedViewRanked4ArrayContracts/ranked4-case-lazy
=== PAUSE TestCheckedViewRanked4ArrayContracts/ranked4-case-lazy
=== RUN   TestCheckedViewRanked4ArrayContracts/ranked4-case-nested
=== PAUSE TestCheckedViewRanked4ArrayContracts/ranked4-case-nested
=== RUN   TestCheckedViewRanked4ArrayContracts/ranked4-case-wrong-array
=== PAUSE TestCheckedViewRanked4ArrayContracts/ranked4-case-wrong-array
=== RUN   TestCheckedViewRanked4ArrayContracts/ranked4-case-wrong-tag
=== PAUSE TestCheckedViewRanked4ArrayContracts/ranked4-case-wrong-tag
=== RUN   TestCheckedViewRanked6ArrayContracts/ranked6-jsdoc-parent-wrong-array
=== RUN   TestCheckedViewRanked4ArrayContracts/ranked4-case
=== PAUSE TestCheckedViewRanked6ArrayContracts/ranked6-jsdoc-parent-wrong-array
=== RUN   TestCheckedViewRanked6ArrayContracts/ranked6-jsdoc-parent-wrong-doc
=== PAUSE TestCheckedViewRanked4ArrayContracts/ranked4-case
=== PAUSE TestCheckedViewRanked6ArrayContracts/ranked6-jsdoc-parent-wrong-doc
=== RUN   TestCheckedViewRanked4ArrayContracts/ranked4-chain-absent
=== PAUSE TestCheckedViewRanked4ArrayContracts/ranked4-chain-absent
=== RUN   TestCheckedViewRanked6ArrayContracts/ranked6-jsdoc-parent-wrong-element
=== PAUSE TestCheckedViewRanked6ArrayContracts/ranked6-jsdoc-parent-wrong-element
=== RUN   TestCheckedViewRanked5ArrayContracts/ranked5-jsdoc-filter-wrong
=== PAUSE TestCheckedViewRanked5ArrayContracts/ranked5-jsdoc-filter-wrong
=== RUN   TestCheckedViewRanked6ArrayContracts/ranked6-jsdoc-parent-wrong-tag
=== PAUSE TestCheckedViewRanked6ArrayContracts/ranked6-jsdoc-parent-wrong-tag
=== RUN   TestCheckedViewRanked4ArrayContracts/ranked4-chain-deep
=== RUN   TestCheckedViewRanked5ArrayContracts/ranked5-jsdoc-wrong-comment
=== PAUSE TestCheckedViewRanked4ArrayContracts/ranked4-chain-deep
=== PAUSE TestCheckedViewRanked5ArrayContracts/ranked5-jsdoc-wrong-comment
=== RUN   TestCheckedViewRanked4ArrayContracts/ranked4-chain-push-wrong
=== PAUSE TestCheckedViewRanked4ArrayContracts/ranked4-chain-push-wrong
=== RUN   TestCheckedViewRanked6ArrayContracts/ranked6-jsx
=== RUN   TestCheckedViewRanked4ArrayContracts/ranked4-chain-push
=== PAUSE TestCheckedViewRanked6ArrayContracts/ranked6-jsx
=== PAUSE TestCheckedViewRanked4ArrayContracts/ranked4-chain-push
=== RUN   TestCheckedViewRanked6ArrayContracts/ranked6-jsx-hole
=== RUN   TestCheckedViewRanked4ArrayContracts/ranked4-chain-set-wrong
=== PAUSE TestCheckedViewRanked4ArrayContracts/ranked4-chain-set-wrong
=== PAUSE TestCheckedViewRanked6ArrayContracts/ranked6-jsx-hole
=== RUN   TestCheckedViewRanked4ArrayContracts/ranked4-chain-set
=== PAUSE TestCheckedViewRanked4ArrayContracts/ranked4-chain-set
=== RUN   TestCheckedViewRanked5ArrayContracts/ranked5-jsdoc-wrong-element
=== PAUSE TestCheckedViewRanked5ArrayContracts/ranked5-jsdoc-wrong-element
=== RUN   TestCheckedViewRanked5ArrayContracts/ranked5-modifiers
=== PAUSE TestCheckedViewRanked5ArrayContracts/ranked5-modifiers
=== RUN   TestCheckedViewRanked5ArrayContracts/ranked5-modifiers-absent
=== PAUSE TestCheckedViewRanked5ArrayContracts/ranked5-modifiers-absent
=== RUN   TestCheckedViewRanked5ArrayContracts/ranked5-modifiers-some
=== RUN   TestCheckedViewRanked4ArrayContracts/ranked4-chain-undefined
=== PAUSE TestCheckedViewRanked5ArrayContracts/ranked5-modifiers-some
=== PAUSE TestCheckedViewRanked4ArrayContracts/ranked4-chain-undefined
=== RUN   TestCheckedViewRanked6ArrayContracts/ranked6-jsx-some
=== PAUSE TestCheckedViewRanked6ArrayContracts/ranked6-jsx-some
=== RUN   TestCheckedViewRanked6ArrayContracts/ranked6-jsx-wrong-array
=== RUN   TestCheckedViewRanked5ArrayContracts/ranked5-modifiers-wrong-array
=== PAUSE TestCheckedViewRanked6ArrayContracts/ranked6-jsx-wrong-array
=== PAUSE TestCheckedViewRanked5ArrayContracts/ranked5-modifiers-wrong-array
=== RUN   TestCheckedViewRanked6ArrayContracts/ranked6-jsx-wrong-spread
=== PAUSE TestCheckedViewRanked6ArrayContracts/ranked6-jsx-wrong-spread
=== RUN   TestCheckedViewRanked4ArrayContracts/ranked4-chain-wrong-array
=== PAUSE TestCheckedViewRanked4ArrayContracts/ranked4-chain-wrong-array
=== RUN   TestCheckedViewRanked4ArrayContracts/ranked4-chain
=== PAUSE TestCheckedViewRanked4ArrayContracts/ranked4-chain
=== RUN   TestCheckedViewRanked4ArrayContracts/ranked4-comma-map-wrong
=== PAUSE TestCheckedViewRanked4ArrayContracts/ranked4-comma-map-wrong
=== RUN   TestCheckedViewRanked4ArrayContracts/ranked4-comma-map
=== PAUSE TestCheckedViewRanked4ArrayContracts/ranked4-comma-map
=== RUN   TestCheckedViewRanked4ArrayContracts/ranked4-comma-wrong-element
=== PAUSE TestCheckedViewRanked4ArrayContracts/ranked4-comma-wrong-element
=== RUN   TestCheckedViewRanked4ArrayContracts/ranked4-comma-wrong-field
=== RUN   TestCheckedViewRanked5ArrayContracts/ranked5-modifiers-wrong-decorator
=== PAUSE TestCheckedViewRanked4ArrayContracts/ranked4-comma-wrong-field
=== RUN   TestCheckedViewRanked4ArrayContracts/ranked4-comma
=== PAUSE TestCheckedViewRanked4ArrayContracts/ranked4-comma
=== RUN   TestCheckedViewRanked4ArrayContracts/ranked4-files-assign
=== PAUSE TestCheckedViewRanked4ArrayContracts/ranked4-files-assign
=== PAUSE TestCheckedViewRanked5ArrayContracts/ranked5-modifiers-wrong-decorator
=== RUN   TestCheckedViewRanked6ArrayContracts/ranked6-jsx-wrong-tag
=== RUN   TestCheckedViewRanked5ArrayContracts/ranked5-modifiers-wrong-tag
=== PAUSE TestCheckedViewRanked6ArrayContracts/ranked6-jsx-wrong-tag
=== PAUSE TestCheckedViewRanked5ArrayContracts/ranked5-modifiers-wrong-tag
=== RUN   TestCheckedViewRanked4ArrayContracts/ranked4-files-join-wrong
=== RUN   TestCheckedViewRanked5ArrayContracts/ranked5-signatures
=== PAUSE TestCheckedViewRanked5ArrayContracts/ranked5-signatures
=== RUN   TestCheckedViewRanked5ArrayContracts/ranked5-signatures-assign
=== PAUSE TestCheckedViewRanked5ArrayContracts/ranked5-signatures-assign
=== PAUSE TestCheckedViewRanked4ArrayContracts/ranked4-files-join-wrong
=== RUN   TestCheckedViewRanked5ArrayContracts/ranked5-signatures-assign-elements-wrong
=== PAUSE TestCheckedViewRanked5ArrayContracts/ranked5-signatures-assign-elements-wrong
=== RUN   TestCheckedViewRanked6ArrayContracts/ranked6-labels
=== RUN   TestCheckedViewRanked5ArrayContracts/ranked5-signatures-assign-records
=== PAUSE TestCheckedViewRanked6ArrayContracts/ranked6-labels
=== RUN   TestCheckedViewRanked4ArrayContracts/ranked4-files-push-wrong
=== RUN   TestCheckedViewRanked6ArrayContracts/ranked6-labels-absent
=== PAUSE TestCheckedViewRanked4ArrayContracts/ranked4-files-push-wrong
=== PAUSE TestCheckedViewRanked6ArrayContracts/ranked6-labels-absent
=== RUN   TestCheckedViewRanked4ArrayContracts/ranked4-files-push
=== RUN   TestCheckedViewRanked6ArrayContracts/ranked6-labels-hole
=== PAUSE TestCheckedViewRanked6ArrayContracts/ranked6-labels-hole
=== PAUSE TestCheckedViewRanked4ArrayContracts/ranked4-files-push
=== RUN   TestCheckedViewRanked6ArrayContracts/ranked6-labels-wrong-array
=== RUN   TestCheckedViewRanked4ArrayContracts/ranked4-files-set-wrong
=== PAUSE TestCheckedViewRanked4ArrayContracts/ranked4-files-set-wrong
=== RUN   TestCheckedViewRanked4ArrayContracts/ranked4-files-wrong-element
=== PAUSE TestCheckedViewRanked4ArrayContracts/ranked4-files-wrong-element
=== RUN   TestCheckedViewRanked4ArrayContracts/ranked4-files
=== PAUSE TestCheckedViewRanked4ArrayContracts/ranked4-files
=== RUN   TestCheckedViewRanked4ArrayContracts/ranked4-label-assign-from-array
=== PAUSE TestCheckedViewRanked4ArrayContracts/ranked4-label-assign-from-array
=== RUN   TestCheckedViewRanked4ArrayContracts/ranked4-label-assign-undefined
=== PAUSE TestCheckedViewRanked4ArrayContracts/ranked4-label-assign-undefined
=== RUN   TestCheckedViewRanked4ArrayContracts/ranked4-label-assign
=== PAUSE TestCheckedViewRanked4ArrayContracts/ranked4-label-assign
=== RUN   TestCheckedViewRanked4ArrayContracts/ranked4-label-push
=== PAUSE TestCheckedViewRanked4ArrayContracts/ranked4-label-push
=== RUN   TestCheckedViewRanked4ArrayContracts/ranked4-label-undefined
=== PAUSE TestCheckedViewRanked4ArrayContracts/ranked4-label-undefined
=== RUN   TestCheckedViewRanked4ArrayContracts/ranked4-label-wrong-element
=== PAUSE TestCheckedViewRanked4ArrayContracts/ranked4-label-wrong-element
=== RUN   TestCheckedViewRanked4ArrayContracts/ranked4-label
=== PAUSE TestCheckedViewRanked4ArrayContracts/ranked4-label
=== PAUSE TestCheckedViewRanked5ArrayContracts/ranked5-signatures-assign-records
=== RUN   TestCheckedViewRanked5ArrayContracts/ranked5-signatures-assign-wrong
=== PAUSE TestCheckedViewRanked5ArrayContracts/ranked5-signatures-assign-wrong
=== RUN   TestCheckedViewRanked5ArrayContracts/ranked5-signatures-declaration
=== PAUSE TestCheckedViewRanked5ArrayContracts/ranked5-signatures-declaration
=== RUN   TestCheckedViewRanked5ArrayContracts/ranked5-signatures-lazy
=== PAUSE TestCheckedViewRanked5ArrayContracts/ranked5-signatures-lazy
=== RUN   TestCheckedViewRanked5ArrayContracts/ranked5-signatures-map
=== PAUSE TestCheckedViewRanked5ArrayContracts/ranked5-signatures-map
=== RUN   TestCheckedViewRanked5ArrayContracts/ranked5-signatures-map-wrong
=== PAUSE TestCheckedViewRanked5ArrayContracts/ranked5-signatures-map-wrong
=== RUN   TestCheckedViewRanked5ArrayContracts/ranked5-signatures-wrong-array
=== PAUSE TestCheckedViewRanked5ArrayContracts/ranked5-signatures-wrong-array
=== RUN   TestCheckedViewRanked5ArrayContracts/ranked5-signatures-wrong-element
=== PAUSE TestCheckedViewRanked5ArrayContracts/ranked5-signatures-wrong-element
=== RUN   TestCheckedViewRanked5ArrayContracts/ranked5-signatures-wrong-parameters
=== PAUSE TestCheckedViewRanked5ArrayContracts/ranked5-signatures-wrong-parameters
=== RUN   TestCheckedViewRanked5ArrayContracts/ranked5-tuple
=== PAUSE TestCheckedViewRanked5ArrayContracts/ranked5-tuple
=== RUN   TestCheckedViewRanked5ArrayContracts/ranked5-tuple-for-of
=== PAUSE TestCheckedViewRanked5ArrayContracts/ranked5-tuple-for-of
=== RUN   TestCheckedViewRanked5ArrayContracts/ranked5-tuple-wrong-array
=== PAUSE TestCheckedViewRanked5ArrayContracts/ranked5-tuple-wrong-array
=== RUN   TestCheckedViewRanked5ArrayContracts/ranked5-tuple-wrong-element
=== PAUSE TestCheckedViewRanked5ArrayContracts/ranked5-tuple-wrong-element
=== RUN   TestCheckedViewRanked5ArrayContracts/ranked5-tuple-wrong-name
=== PAUSE TestCheckedViewRanked5ArrayContracts/ranked5-tuple-wrong-name
=== CONT  TestCheckedViewOptionalDeclarations
=== RUN   TestCheckedViewOptionalDeclarations/optional-declarations-present
=== PAUSE TestCheckedViewOptionalDeclarations/optional-declarations-present
=== RUN   TestCheckedViewOptionalDeclarations/optional-declarations-absent
=== PAUSE TestCheckedViewOptionalDeclarations/optional-declarations-absent
=== RUN   TestCheckedViewOptionalDeclarations/optional-declarations-undefined
=== PAUSE TestCheckedViewOptionalDeclarations/optional-declarations-undefined
=== RUN   TestCheckedViewOptionalDeclarations/optional-declarations-lazy
=== PAUSE TestCheckedViewOptionalDeclarations/optional-declarations-lazy
=== RUN   TestCheckedViewOptionalDeclarations/optional-declarations-wrong-array
=== PAUSE TestCheckedViewOptionalDeclarations/optional-declarations-wrong-array
=== RUN   TestCheckedViewOptionalDeclarations/optional-declarations-wrong-element
=== PAUSE TestCheckedViewOptionalDeclarations/optional-declarations-wrong-element
=== RUN   TestCheckedViewOptionalDeclarations/optional-declarations-wrong-field
=== PAUSE TestCheckedViewOptionalDeclarations/optional-declarations-wrong-field
=== PAUSE TestCheckedViewRanked6ArrayContracts/ranked6-labels-wrong-array
=== RUN   TestCheckedViewRanked6ArrayContracts/ranked6-labels-wrong-tag
=== PAUSE TestCheckedViewRanked6ArrayContracts/ranked6-labels-wrong-tag
=== RUN   TestCheckedViewRanked6ArrayContracts/ranked6-template
=== PAUSE TestCheckedViewRanked6ArrayContracts/ranked6-template
=== RUN   TestCheckedViewRanked6ArrayContracts/ranked6-template-assign
=== PAUSE TestCheckedViewRanked6ArrayContracts/ranked6-template-assign
=== RUN   TestCheckedViewRanked6ArrayContracts/ranked6-template-assign-wrong
=== PAUSE TestCheckedViewRanked6ArrayContracts/ranked6-template-assign-wrong
=== RUN   TestCheckedViewRanked6ArrayContracts/ranked6-template-join-wrong
=== PAUSE TestCheckedViewRanked6ArrayContracts/ranked6-template-join-wrong
=== RUN   TestCheckedViewRanked6ArrayContracts/ranked6-template-map
=== PAUSE TestCheckedViewRanked6ArrayContracts/ranked6-template-map
=== RUN   TestCheckedViewRanked6ArrayContracts/ranked6-template-wrong-array
=== PAUSE TestCheckedViewRanked6ArrayContracts/ranked6-template-wrong-array
=== RUN   TestCheckedViewRanked6ArrayContracts/ranked6-template-wrong-element
=== PAUSE TestCheckedViewRanked6ArrayContracts/ranked6-template-wrong-element
=== CONT  TestCheckedViewGenericArrayCast
=== CONT  TestCheckedViewArrays
=== RUN   TestCheckedViewArrays/array-lazy
=== PAUSE TestCheckedViewArrays/array-lazy
=== RUN   TestCheckedViewArrays/array-iteration
=== PAUSE TestCheckedViewArrays/array-iteration
=== RUN   TestCheckedViewArrays/array-map
=== PAUSE TestCheckedViewArrays/array-map
=== RUN   TestCheckedViewArrays/array-pop
=== PAUSE TestCheckedViewArrays/array-pop
=== RUN   TestCheckedViewArrays/array-bounds
=== PAUSE TestCheckedViewArrays/array-bounds
=== RUN   TestCheckedViewArrays/array-second
=== PAUSE TestCheckedViewArrays/array-second
=== RUN   TestCheckedViewArrays/array-length-kind
=== PAUSE TestCheckedViewArrays/array-length-kind
=== RUN   TestCheckedViewArrays/callable-missing
=== PAUSE TestCheckedViewArrays/callable-missing
=== RUN   TestCheckedViewArrays/callable-uninitialized
=== PAUSE TestCheckedViewArrays/callable-uninitialized
=== RUN   TestCheckedViewArrays/callable-kind
=== PAUSE TestCheckedViewArrays/callable-kind
=== RUN   TestCheckedViewArrays/array-missing
=== PAUSE TestCheckedViewArrays/array-missing
=== RUN   TestCheckedViewArrays/array-uninitialized
=== PAUSE TestCheckedViewArrays/array-uninitialized
=== RUN   TestCheckedViewArrays/array-boolean
=== PAUSE TestCheckedViewArrays/array-boolean
=== RUN   TestCheckedViewArrays/array-iteration-bad
=== PAUSE TestCheckedViewArrays/array-iteration-bad
=== RUN   TestCheckedViewArrays/array-map-bad
=== PAUSE TestCheckedViewArrays/array-map-bad
=== RUN   TestCheckedViewArrays/array-alias
=== PAUSE TestCheckedViewArrays/array-alias
=== RUN   TestCheckedViewArrays/array-undefined
=== PAUSE TestCheckedViewArrays/array-undefined
=== RUN   TestCheckedViewArrays/array-string-literal
=== PAUSE TestCheckedViewArrays/array-string-literal
=== RUN   TestCheckedViewArrays/nullable-array-string
=== PAUSE TestCheckedViewArrays/nullable-array-string
=== RUN   TestCheckedViewArrays/nullable-array-element
=== PAUSE TestCheckedViewArrays/nullable-array-element
=== RUN   TestCheckedViewArrays/generic-array-element
=== PAUSE TestCheckedViewArrays/generic-array-element
=== RUN   TestCheckedViewArrays/array-field
=== PAUSE TestCheckedViewArrays/array-field
=== RUN   TestCheckedViewArrays/array-element
=== PAUSE TestCheckedViewArrays/array-element
=== RUN   TestCheckedViewArrays/object-element
=== PAUSE TestCheckedViewArrays/object-element
=== RUN   TestCheckedViewArrays/non-array
=== PAUSE TestCheckedViewArrays/non-array
=== CONT  TestCheckedViewArraySearch
=== RUN   TestCheckedViewArraySearch/native-array-search
=== PAUSE TestCheckedViewArraySearch/native-array-search
=== RUN   TestCheckedViewArraySearch/native-array-search-lazy
=== PAUSE TestCheckedViewArraySearch/native-array-search-lazy
=== RUN   TestCheckedViewArraySearch/native-array-search-object
=== PAUSE TestCheckedViewArraySearch/native-array-search-object
=== RUN   TestCheckedViewArraySearch/native-array-search-sparse
=== PAUSE TestCheckedViewArraySearch/native-array-search-sparse
=== RUN   TestCheckedViewArraySearch/native-array-search-evaluation
=== PAUSE TestCheckedViewArraySearch/native-array-search-evaluation
=== RUN   TestCheckedViewArraySearch/native-array-search-boolean
=== PAUSE TestCheckedViewArraySearch/native-array-search-boolean
=== RUN   TestCheckedViewArraySearch/native-array-reference-write
=== PAUSE TestCheckedViewArraySearch/native-array-reference-write
=== RUN   TestCheckedViewArraySearch/native-array-search-bad
=== PAUSE TestCheckedViewArraySearch/native-array-search-bad
=== RUN   TestCheckedViewArraySearch/native-array-search-literal
=== PAUSE TestCheckedViewArraySearch/native-array-search-literal
=== CONT  TestCheckedViewArrayReferenceWrites
=== RUN   TestCheckedViewArrayReferenceWrites/reference-array-set
=== PAUSE TestCheckedViewArrayReferenceWrites/reference-array-set
=== RUN   TestCheckedViewArrayReferenceWrites/reference-array-push
=== PAUSE TestCheckedViewArrayReferenceWrites/reference-array-push
=== RUN   TestCheckedViewArrayReferenceWrites/reference-array-alias
=== PAUSE TestCheckedViewArrayReferenceWrites/reference-array-alias
=== RUN   TestCheckedViewArrayReferenceWrites/reference-array-empty
=== PAUSE TestCheckedViewArrayReferenceWrites/reference-array-empty
=== RUN   TestCheckedViewArrayReferenceWrites/reference-array-slice
=== PAUSE TestCheckedViewArrayReferenceWrites/reference-array-slice
=== RUN   TestCheckedViewArrayReferenceWrites/reference-array-lazy
=== PAUSE TestCheckedViewArrayReferenceWrites/reference-array-lazy
=== RUN   TestCheckedViewArrayReferenceWrites/reference-array-missing-field
=== PAUSE TestCheckedViewArrayReferenceWrites/reference-array-missing-field
=== RUN   TestCheckedViewArrayReferenceWrites/reference-array-narrow-field
=== PAUSE TestCheckedViewArrayReferenceWrites/reference-array-narrow-field
=== RUN   TestCheckedViewArrayReferenceWrites/reference-array-readonly-incoming
=== PAUSE TestCheckedViewArrayReferenceWrites/reference-array-readonly-incoming
=== RUN   TestCheckedViewArrayReferenceWrites/reference-array-mutable-incoming
=== PAUSE TestCheckedViewArrayReferenceWrites/reference-array-mutable-incoming
=== RUN   TestCheckedViewArrayReferenceWrites/reference-array-uncertified
=== PAUSE TestCheckedViewArrayReferenceWrites/reference-array-uncertified
=== RUN   TestCheckedViewArrayReferenceWrites/reference-array-source-alias
=== PAUSE TestCheckedViewArrayReferenceWrites/reference-array-source-alias
=== RUN   TestCheckedViewArrayReferenceWrites/reference-array-uninitialized
=== PAUSE TestCheckedViewArrayReferenceWrites/reference-array-uninitialized
=== RUN   TestCheckedViewArrayReferenceWrites/reference-array-evaluation
=== PAUSE TestCheckedViewArrayReferenceWrites/reference-array-evaluation
=== CONT  TestCheckedViewRanked9ArrayContracts
=== RUN   TestCheckedViewRanked9ArrayContracts/ranked9-arrow-parameters
=== PAUSE TestCheckedViewRanked9ArrayContracts/ranked9-arrow-parameters
=== RUN   TestCheckedViewRanked9ArrayContracts/ranked9-arrow-parameters-wrong-array
=== PAUSE TestCheckedViewRanked9ArrayContracts/ranked9-arrow-parameters-wrong-array
=== RUN   TestCheckedViewRanked9ArrayContracts/ranked9-function-modifiers
=== PAUSE TestCheckedViewRanked9ArrayContracts/ranked9-function-modifiers
=== RUN   TestCheckedViewRanked9ArrayContracts/ranked9-function-modifiers-wrong-decorator
=== PAUSE TestCheckedViewRanked9ArrayContracts/ranked9-function-modifiers-wrong-decorator
=== RUN   TestCheckedViewRanked9ArrayContracts/ranked9-get-parameters
=== PAUSE TestCheckedViewRanked9ArrayContracts/ranked9-get-parameters
=== RUN   TestCheckedViewRanked9ArrayContracts/ranked9-import-modifiers
=== PAUSE TestCheckedViewRanked9ArrayContracts/ranked9-import-modifiers
=== RUN   TestCheckedViewRanked9ArrayContracts/ranked9-import-modifiers-wrong-array
=== PAUSE TestCheckedViewRanked9ArrayContracts/ranked9-import-modifiers-wrong-array
=== RUN   TestCheckedViewRanked9ArrayContracts/ranked9-index-infos
=== PAUSE TestCheckedViewRanked9ArrayContracts/ranked9-index-infos
=== RUN   TestCheckedViewRanked9ArrayContracts/ranked9-index-infos-wrong-array
=== PAUSE TestCheckedViewRanked9ArrayContracts/ranked9-index-infos-wrong-array
=== RUN   TestCheckedViewRanked9ArrayContracts/ranked9-index-infos-wrong-readonly
=== PAUSE TestCheckedViewRanked9ArrayContracts/ranked9-index-infos-wrong-readonly
=== RUN   TestCheckedViewRanked9ArrayContracts/ranked9-index-parameters
=== PAUSE TestCheckedViewRanked9ArrayContracts/ranked9-index-parameters
=== RUN   TestCheckedViewRanked9ArrayContracts/ranked9-index-parameters-wrong-name
=== PAUSE TestCheckedViewRanked9ArrayContracts/ranked9-index-parameters-wrong-name
=== RUN   TestCheckedViewRanked9ArrayContracts/ranked9-method-modifiers
=== PAUSE TestCheckedViewRanked9ArrayContracts/ranked9-method-modifiers
=== RUN   TestCheckedViewRanked9ArrayContracts/ranked9-module-block
=== PAUSE TestCheckedViewRanked9ArrayContracts/ranked9-module-block
=== RUN   TestCheckedViewRanked9ArrayContracts/ranked9-module-block-filter
=== PAUSE TestCheckedViewRanked9ArrayContracts/ranked9-module-block-filter
=== RUN   TestCheckedViewRanked9ArrayContracts/ranked9-module-block-wrong-tag
=== PAUSE TestCheckedViewRanked9ArrayContracts/ranked9-module-block-wrong-tag
=== RUN   TestCheckedViewRanked9ArrayContracts/ranked9-named-imports
=== PAUSE TestCheckedViewRanked9ArrayContracts/ranked9-named-imports
=== RUN   TestCheckedViewRanked9ArrayContracts/ranked9-named-imports-wrong-array
=== PAUSE TestCheckedViewRanked9ArrayContracts/ranked9-named-imports-wrong-array
=== RUN   TestCheckedViewRanked9ArrayContracts/ranked9-named-imports-wrong-element
=== PAUSE TestCheckedViewRanked9ArrayContracts/ranked9-named-imports-wrong-element
=== RUN   TestCheckedViewRanked9ArrayContracts/ranked9-named-imports-wrong-type-only
=== PAUSE TestCheckedViewRanked9ArrayContracts/ranked9-named-imports-wrong-type-only
=== RUN   TestCheckedViewRanked9ArrayContracts/ranked9-new-arguments
=== PAUSE TestCheckedViewRanked9ArrayContracts/ranked9-new-arguments
=== RUN   TestCheckedViewRanked9ArrayContracts/ranked9-new-arguments-absent
=== PAUSE TestCheckedViewRanked9ArrayContracts/ranked9-new-arguments-absent
=== RUN   TestCheckedViewRanked9ArrayContracts/ranked9-new-arguments-wrong-element
=== PAUSE TestCheckedViewRanked9ArrayContracts/ranked9-new-arguments-wrong-element
=== RUN   TestCheckedViewRanked9ArrayContracts/ranked9-properties
=== PAUSE TestCheckedViewRanked9ArrayContracts/ranked9-properties
=== RUN   TestCheckedViewRanked9ArrayContracts/ranked9-properties-push
=== PAUSE TestCheckedViewRanked9ArrayContracts/ranked9-properties-push
=== RUN   TestCheckedViewRanked9ArrayContracts/ranked9-properties-push-wrong
=== PAUSE TestCheckedViewRanked9ArrayContracts/ranked9-properties-push-wrong
=== RUN   TestCheckedViewRanked9ArrayContracts/ranked9-properties-wrong-name
=== PAUSE TestCheckedViewRanked9ArrayContracts/ranked9-properties-wrong-name
=== RUN   TestCheckedViewRanked9ArrayContracts/ranked9-property-modifiers-absent
=== PAUSE TestCheckedViewRanked9ArrayContracts/ranked9-property-modifiers-absent
=== RUN   TestCheckedViewRanked9ArrayContracts/ranked9-property-modifiers-wrong-tag
=== PAUSE TestCheckedViewRanked9ArrayContracts/ranked9-property-modifiers-wrong-tag
=== RUN   TestCheckedViewRanked9ArrayContracts/ranked9-template-spans
=== PAUSE TestCheckedViewRanked9ArrayContracts/ranked9-template-spans
=== RUN   TestCheckedViewRanked9ArrayContracts/ranked9-template-spans-wrong-array
=== PAUSE TestCheckedViewRanked9ArrayContracts/ranked9-template-spans-wrong-array
=== RUN   TestCheckedViewRanked9ArrayContracts/ranked9-template-spans-wrong-literal
=== PAUSE TestCheckedViewRanked9ArrayContracts/ranked9-template-spans-wrong-literal
=== RUN   TestCheckedViewRanked9ArrayContracts/ranked9-type-stack
=== PAUSE TestCheckedViewRanked9ArrayContracts/ranked9-type-stack
=== RUN   TestCheckedViewRanked9ArrayContracts/ranked9-type-stack-assign
=== PAUSE TestCheckedViewRanked9ArrayContracts/ranked9-type-stack-assign
=== RUN   TestCheckedViewRanked9ArrayContracts/ranked9-type-stack-includes-wrong
=== PAUSE TestCheckedViewRanked9ArrayContracts/ranked9-type-stack-includes-wrong
=== RUN   TestCheckedViewRanked9ArrayContracts/ranked9-type-stack-wrong-element
=== PAUSE TestCheckedViewRanked9ArrayContracts/ranked9-type-stack-wrong-element
=== RUN   TestCheckedViewRanked9ArrayContracts/ranked9-type-stack-wrong-push
=== PAUSE TestCheckedViewRanked9ArrayContracts/ranked9-type-stack-wrong-push
=== CONT  TestCheckedViewRankedParserArrayContracts
=== RUN   TestCheckedViewRankedParserArrayContracts/ranked2-variables
=== PAUSE TestCheckedViewRankedParserArrayContracts/ranked2-variables
=== RUN   TestCheckedViewRankedParserArrayContracts/ranked2-variables-wrong-array
=== PAUSE TestCheckedViewRankedParserArrayContracts/ranked2-variables-wrong-array
=== RUN   TestCheckedViewRankedParserArrayContracts/ranked2-call
=== PAUSE TestCheckedViewRankedParserArrayContracts/ranked2-call
=== RUN   TestCheckedViewRankedParserArrayContracts/ranked2-call-wrong-array
=== PAUSE TestCheckedViewRankedParserArrayContracts/ranked2-call-wrong-array
=== CONT  TestCheckedViewNativeArrays
=== RUN   TestCheckedViewNativeArrays/native-array-join
=== PAUSE TestCheckedViewNativeArrays/native-array-join
=== RUN   TestCheckedViewNativeArrays/native-array-join-evaluation
=== PAUSE TestCheckedViewNativeArrays/native-array-join-evaluation
=== RUN   TestCheckedViewNativeArrays/native-array-large-field
=== PAUSE TestCheckedViewNativeArrays/native-array-large-field
=== RUN   TestCheckedViewNativeArrays/native-array-join-boolean
=== PAUSE TestCheckedViewNativeArrays/native-array-join-boolean
=== RUN   TestCheckedViewNativeArrays/native-array-mutation
=== PAUSE TestCheckedViewNativeArrays/native-array-mutation
=== RUN   TestCheckedViewNativeArrays/native-array-string-mutation
=== PAUSE TestCheckedViewNativeArrays/native-array-string-mutation
=== RUN   TestCheckedViewNativeArrays/native-array-sparse
=== PAUSE TestCheckedViewNativeArrays/native-array-sparse
=== RUN   TestCheckedViewNativeArrays/native-array-sparse-pop-hole
=== PAUSE TestCheckedViewNativeArrays/native-array-sparse-pop-hole
=== RUN   TestCheckedViewNativeArrays/native-array-join-bad
=== PAUSE TestCheckedViewNativeArrays/native-array-join-bad
=== RUN   TestCheckedViewNativeArrays/native-array-join-literal
=== PAUSE TestCheckedViewNativeArrays/native-array-join-literal
=== RUN   TestCheckedViewNativeArrays/native-array-write-bad
=== PAUSE TestCheckedViewNativeArrays/native-array-write-bad
=== RUN   TestCheckedViewNativeArrays/native-array-push-bad
=== PAUSE TestCheckedViewNativeArrays/native-array-push-bad
=== RUN   TestCheckedViewNativeArrays/native-array-copy-bad
=== PAUSE TestCheckedViewNativeArrays/native-array-copy-bad
=== CONT  TestCheckedViewRankedArrayContracts
=== RUN   TestCheckedViewRankedArrayContracts/ranked-union-types
=== PAUSE TestCheckedViewRankedArrayContracts/ranked-union-types
=== RUN   TestCheckedViewRankedArrayContracts/ranked-intersection-types
=== RUN   TestCheckedViewRankedParserArrayContracts/ranked2-object
=== PAUSE TestCheckedViewRankedParserArrayContracts/ranked2-object
=== RUN   TestCheckedViewRankedParserArrayContracts/ranked2-object-wrong-array
=== PAUSE TestCheckedViewRankedArrayContracts/ranked-intersection-types
=== RUN   TestCheckedViewRankedArrayContracts/ranked-signature-type-parameters
=== PAUSE TestCheckedViewRankedArrayContracts/ranked-signature-type-parameters
=== PAUSE TestCheckedViewRankedParserArrayContracts/ranked2-object-wrong-array
=== RUN   TestCheckedViewRankedArrayContracts/ranked-signature-parameters
=== RUN   TestCheckedViewRankedParserArrayContracts/ranked2-tuple
=== PAUSE TestCheckedViewRankedParserArrayContracts/ranked2-tuple
=== RUN   TestCheckedViewRankedParserArrayContracts/ranked2-tuple-wrong-array
=== PAUSE TestCheckedViewRankedParserArrayContracts/ranked2-tuple-wrong-array
=== RUN   TestCheckedViewRankedParserArrayContracts/ranked2-array
=== PAUSE TestCheckedViewRankedParserArrayContracts/ranked2-array
=== RUN   TestCheckedViewRankedParserArrayContracts/ranked2-array-wrong-array
=== PAUSE TestCheckedViewRankedParserArrayContracts/ranked2-array-wrong-array
=== RUN   TestCheckedViewRankedParserArrayContracts/ranked2-tuple-number
=== PAUSE TestCheckedViewRankedArrayContracts/ranked-signature-parameters
=== RUN   TestCheckedViewRankedArrayContracts/ranked-source-statements
=== PAUSE TestCheckedViewRankedParserArrayContracts/ranked2-tuple-number
=== RUN   TestCheckedViewRankedParserArrayContracts/ranked2-tuple-wrong-member
=== PAUSE TestCheckedViewRankedParserArrayContracts/ranked2-tuple-wrong-member
=== RUN   TestCheckedViewRankedParserArrayContracts/ranked2-tuple-wrong-flag
=== PAUSE TestCheckedViewRankedParserArrayContracts/ranked2-tuple-wrong-flag
=== RUN   TestCheckedViewRankedParserArrayContracts/ranked2-call-lazy
=== PAUSE TestCheckedViewRankedParserArrayContracts/ranked2-call-lazy
=== PAUSE TestCheckedViewRankedArrayContracts/ranked-source-statements
=== RUN   TestCheckedViewRankedArrayContracts/ranked-signature-absent
=== CONT  TestCheckedViewMutableArrayUnionRefusal
=== PAUSE TestCheckedViewRankedArrayContracts/ranked-signature-absent
=== RUN   TestCheckedViewRankedArrayContracts/ranked-union-lazy
=== PAUSE TestCheckedViewRankedArrayContracts/ranked-union-lazy
=== RUN   TestCheckedViewRankedArrayContracts/ranked-union-wrong-array
=== PAUSE TestCheckedViewRankedArrayContracts/ranked-union-wrong-array
=== RUN   TestCheckedViewRankedArrayContracts/ranked-intersection-wrong-field
=== PAUSE TestCheckedViewRankedArrayContracts/ranked-intersection-wrong-field
=== RUN   TestCheckedViewRankedArrayContracts/ranked-signature-wrong-array
=== PAUSE TestCheckedViewRankedArrayContracts/ranked-signature-wrong-array
=== RUN   TestCheckedViewRankedArrayContracts/ranked-signature-wrong-element
=== PAUSE TestCheckedViewRankedArrayContracts/ranked-signature-wrong-element
=== RUN   TestCheckedViewRankedArrayContracts/ranked-source-wrong-array
=== PAUSE TestCheckedViewRankedArrayContracts/ranked-source-wrong-array
=== CONT  TestCheckedViewRankedArrayUnionContracts
=== RUN   TestCheckedViewRankedArrayUnionContracts/ranked3-pattern
=== PAUSE TestCheckedViewRankedArrayUnionContracts/ranked3-pattern
=== RUN   TestCheckedViewRankedArrayUnionContracts/ranked3-pattern-wrong-array
=== PAUSE TestCheckedViewRankedArrayUnionContracts/ranked3-pattern-wrong-array
=== RUN   TestCheckedViewRankedArrayUnionContracts/ranked3-types
=== PAUSE TestCheckedViewRankedArrayUnionContracts/ranked3-types
=== RUN   TestCheckedViewRankedArrayUnionContracts/ranked3-types-wrong-array
=== PAUSE TestCheckedViewRankedArrayUnionContracts/ranked3-types-wrong-array
=== RUN   TestCheckedViewRankedArrayUnionContracts/ranked3-signature
=== PAUSE TestCheckedViewRankedArrayUnionContracts/ranked3-signature
=== RUN   TestCheckedViewRankedArrayUnionContracts/ranked3-signature-wrong-array
=== PAUSE TestCheckedViewRankedArrayUnionContracts/ranked3-signature-wrong-array
=== RUN   TestCheckedViewRankedArrayUnionContracts/ranked3-class
=== PAUSE TestCheckedViewRankedArrayUnionContracts/ranked3-class
=== RUN   TestCheckedViewRankedArrayUnionContracts/ranked3-class-wrong-array
=== PAUSE TestCheckedViewRankedArrayUnionContracts/ranked3-class-wrong-array
=== RUN   TestCheckedViewRankedArrayUnionContracts/ranked3-reference
=== PAUSE TestCheckedViewRankedArrayUnionContracts/ranked3-reference
=== RUN   TestCheckedViewRankedArrayUnionContracts/ranked3-reference-wrong-array
=== PAUSE TestCheckedViewRankedArrayUnionContracts/ranked3-reference-wrong-array
=== RUN   TestCheckedViewRankedArrayUnionContracts/ranked3-pattern-lazy
=== PAUSE TestCheckedViewRankedArrayUnionContracts/ranked3-pattern-lazy
=== RUN   TestCheckedViewRankedArrayUnionContracts/ranked3-pattern-wrong-element
=== PAUSE TestCheckedViewRankedArrayUnionContracts/ranked3-pattern-wrong-element
=== RUN   TestCheckedViewRankedArrayUnionContracts/ranked3-pattern-wrong-tag
=== PAUSE TestCheckedViewRankedArrayUnionContracts/ranked3-pattern-wrong-tag
=== RUN   TestCheckedViewRankedArrayUnionContracts/ranked3-mutable-array-unread
=== PAUSE TestCheckedViewRankedArrayUnionContracts/ranked3-mutable-array-unread
=== RUN   TestCheckedViewRankedArrayUnionContracts/ranked3-reference-absent
=== PAUSE TestCheckedViewRankedArrayUnionContracts/ranked3-reference-absent
=== CONT  TestCheckedViewRanked7Frontiers
=== RUN   TestCheckedViewRanked7Frontiers/ranked7-related-assign
=== PAUSE TestCheckedViewRanked7Frontiers/ranked7-related-assign
=== CONT  TestCheckedViewRanked8ArrayContracts
=== RUN   TestCheckedViewRanked8ArrayContracts/ranked8-bundle
=== PAUSE TestCheckedViewRanked8ArrayContracts/ranked8-bundle
=== RUN   TestCheckedViewRanked8ArrayContracts/ranked8-bundle-wrong-array
=== PAUSE TestCheckedViewRanked8ArrayContracts/ranked8-bundle-wrong-array
=== RUN   TestCheckedViewRanked8ArrayContracts/ranked8-bundle-wrong-element
=== PAUSE TestCheckedViewRanked8ArrayContracts/ranked8-bundle-wrong-element
=== RUN   TestCheckedViewRanked8ArrayContracts/ranked8-composite
=== PAUSE TestCheckedViewRanked8ArrayContracts/ranked8-composite
=== RUN   TestCheckedViewRanked8ArrayContracts/ranked8-composite-absent
=== PAUSE TestCheckedViewRanked8ArrayContracts/ranked8-composite-absent
=== RUN   TestCheckedViewRanked8ArrayContracts/ranked8-composite-nested
=== PAUSE TestCheckedViewRanked8ArrayContracts/ranked8-composite-nested
=== RUN   TestCheckedViewRanked8ArrayContracts/ranked8-composite-push
=== PAUSE TestCheckedViewRanked8ArrayContracts/ranked8-composite-push
=== RUN   TestCheckedViewRanked8ArrayContracts/ranked8-composite-wrong-array
=== PAUSE TestCheckedViewRanked8ArrayContracts/ranked8-composite-wrong-array
=== RUN   TestCheckedViewRanked8ArrayContracts/ranked8-composite-wrong-element
=== PAUSE TestCheckedViewRanked8ArrayContracts/ranked8-composite-wrong-element
=== RUN   TestCheckedViewRanked8ArrayContracts/ranked8-enum
=== PAUSE TestCheckedViewRanked8ArrayContracts/ranked8-enum
=== RUN   TestCheckedViewRanked8ArrayContracts/ranked8-enum-wrong-array
=== PAUSE TestCheckedViewRanked8ArrayContracts/ranked8-enum-wrong-array
=== RUN   TestCheckedViewRanked8ArrayContracts/ranked8-enum-wrong-initializer
=== PAUSE TestCheckedViewRanked8ArrayContracts/ranked8-enum-wrong-initializer
=== RUN   TestCheckedViewRanked8ArrayContracts/ranked8-enum-wrong-name
=== PAUSE TestCheckedViewRanked8ArrayContracts/ranked8-enum-wrong-name
=== RUN   TestCheckedViewRanked8ArrayContracts/ranked8-function-parameters
=== PAUSE TestCheckedViewRanked8ArrayContracts/ranked8-function-parameters
=== RUN   TestCheckedViewRanked8ArrayContracts/ranked8-function-parameters-wrong-element
=== PAUSE TestCheckedViewRanked8ArrayContracts/ranked8-function-parameters-wrong-element
=== RUN   TestCheckedViewRanked8ArrayContracts/ranked8-generic
=== PAUSE TestCheckedViewRanked8ArrayContracts/ranked8-generic
=== RUN   TestCheckedViewRanked8ArrayContracts/ranked8-generic-missing
=== PAUSE TestCheckedViewRanked8ArrayContracts/ranked8-generic-missing
=== RUN   TestCheckedViewRanked8ArrayContracts/ranked8-generic-push
=== PAUSE TestCheckedViewRanked8ArrayContracts/ranked8-generic-push
=== RUN   TestCheckedViewRanked8ArrayContracts/ranked8-generic-push-wrong
=== PAUSE TestCheckedViewRanked8ArrayContracts/ranked8-generic-push-wrong
=== RUN   TestCheckedViewRanked8ArrayContracts/ranked8-generic-undefined
=== PAUSE TestCheckedViewRanked8ArrayContracts/ranked8-generic-undefined
=== RUN   TestCheckedViewRanked8ArrayContracts/ranked8-generic-wrong-element
=== PAUSE TestCheckedViewRanked8ArrayContracts/ranked8-generic-wrong-element
=== RUN   TestCheckedViewRanked8ArrayContracts/ranked8-imports
=== PAUSE TestCheckedViewRanked8ArrayContracts/ranked8-imports
=== RUN   TestCheckedViewRanked8ArrayContracts/ranked8-imports-through-bundle
=== PAUSE TestCheckedViewRanked8ArrayContracts/ranked8-imports-through-bundle
=== RUN   TestCheckedViewRanked8ArrayContracts/ranked8-imports-wrong-tag
=== PAUSE TestCheckedViewRanked8ArrayContracts/ranked8-imports-wrong-tag
=== RUN   TestCheckedViewRanked8ArrayContracts/ranked8-imports-wrong-text
=== PAUSE TestCheckedViewRanked8ArrayContracts/ranked8-imports-wrong-text
=== RUN   TestCheckedViewRanked8ArrayContracts/ranked8-jsx
=== PAUSE TestCheckedViewRanked8ArrayContracts/ranked8-jsx
=== RUN   TestCheckedViewRanked8ArrayContracts/ranked8-jsx-fragment
=== PAUSE TestCheckedViewRanked8ArrayContracts/ranked8-jsx-fragment
=== RUN   TestCheckedViewRanked8ArrayContracts/ranked8-jsx-lazy
=== PAUSE TestCheckedViewRanked8ArrayContracts/ranked8-jsx-lazy
=== RUN   TestCheckedViewRanked8ArrayContracts/ranked8-jsx-wrong-array
=== PAUSE TestCheckedViewRanked8ArrayContracts/ranked8-jsx-wrong-array
=== RUN   TestCheckedViewRanked8ArrayContracts/ranked8-jsx-wrong-nested
=== PAUSE TestCheckedViewRanked8ArrayContracts/ranked8-jsx-wrong-nested
=== RUN   TestCheckedViewRanked8ArrayContracts/ranked8-jsx-wrong-tag
=== PAUSE TestCheckedViewRanked8ArrayContracts/ranked8-jsx-wrong-tag
=== RUN   TestCheckedViewRanked8ArrayContracts/ranked8-method-parameters
=== PAUSE TestCheckedViewRanked8ArrayContracts/ranked8-method-parameters
=== RUN   TestCheckedViewRanked8ArrayContracts/ranked8-method-parameters-wrong-array
=== PAUSE TestCheckedViewRanked8ArrayContracts/ranked8-method-parameters-wrong-array
=== RUN   TestCheckedViewRanked8ArrayContracts/ranked8-parameter-modifiers
=== PAUSE TestCheckedViewRanked8ArrayContracts/ranked8-parameter-modifiers
=== RUN   TestCheckedViewRanked8ArrayContracts/ranked8-parameter-modifiers-absent
=== PAUSE TestCheckedViewRanked8ArrayContracts/ranked8-parameter-modifiers-absent
=== RUN   TestCheckedViewRanked8ArrayContracts/ranked8-parameter-modifiers-wrong-array
=== PAUSE TestCheckedViewRanked8ArrayContracts/ranked8-parameter-modifiers-wrong-array
=== RUN   TestCheckedViewRanked8ArrayContracts/ranked8-parameter-modifiers-wrong-tag
=== PAUSE TestCheckedViewRanked8ArrayContracts/ranked8-parameter-modifiers-wrong-tag
=== CONT  TestCheckedViewRanked7ArrayContracts
=== RUN   TestCheckedViewRanked7ArrayContracts/ranked7-alias
=== PAUSE TestCheckedViewRanked7ArrayContracts/ranked7-alias
=== RUN   TestCheckedViewRanked7ArrayContracts/ranked7-alias-absent
=== PAUSE TestCheckedViewRanked7ArrayContracts/ranked7-alias-absent
=== RUN   TestCheckedViewRanked7ArrayContracts/ranked7-alias-nested
=== PAUSE TestCheckedViewRanked7ArrayContracts/ranked7-alias-nested
=== RUN   TestCheckedViewRanked7ArrayContracts/ranked7-alias-wrong-array
=== PAUSE TestCheckedViewRanked7ArrayContracts/ranked7-alias-wrong-array
=== RUN   TestCheckedViewRanked7ArrayContracts/ranked7-alias-wrong-element
=== PAUSE TestCheckedViewRanked7ArrayContracts/ranked7-alias-wrong-element
=== RUN   TestCheckedViewRanked7ArrayContracts/ranked7-bind
=== PAUSE TestCheckedViewRanked7ArrayContracts/ranked7-bind
=== RUN   TestCheckedViewRanked7ArrayContracts/ranked7-bind-assign
=== PAUSE TestCheckedViewRanked7ArrayContracts/ranked7-bind-assign
=== RUN   TestCheckedViewRanked7ArrayContracts/ranked7-bind-filter
=== PAUSE TestCheckedViewRanked7ArrayContracts/ranked7-bind-filter
=== RUN   TestCheckedViewRanked7ArrayContracts/ranked7-bind-push
=== PAUSE TestCheckedViewRanked7ArrayContracts/ranked7-bind-push
=== RUN   TestCheckedViewRanked7ArrayContracts/ranked7-bind-wrong-array
=== PAUSE TestCheckedViewRanked7ArrayContracts/ranked7-bind-wrong-array
=== RUN   TestCheckedViewRanked7ArrayContracts/ranked7-bind-wrong-file
=== PAUSE TestCheckedViewRanked7ArrayContracts/ranked7-bind-wrong-file
=== RUN   TestCheckedViewRanked7ArrayContracts/ranked7-constructor-parameters
=== PAUSE TestCheckedViewRanked7ArrayContracts/ranked7-constructor-parameters
=== RUN   TestCheckedViewRanked7ArrayContracts/ranked7-constructor-parameters-wrong-name
=== PAUSE TestCheckedViewRanked7ArrayContracts/ranked7-constructor-parameters-wrong-name
=== RUN   TestCheckedViewRanked7ArrayContracts/ranked7-constructor-parameters-wrong-tag
=== PAUSE TestCheckedViewRanked7ArrayContracts/ranked7-constructor-parameters-wrong-tag
=== RUN   TestCheckedViewRanked7ArrayContracts/ranked7-heritage
=== PAUSE TestCheckedViewRanked7ArrayContracts/ranked7-heritage
=== RUN   TestCheckedViewRanked7ArrayContracts/ranked7-heritage-absent
=== PAUSE TestCheckedViewRanked7ArrayContracts/ranked7-heritage-absent
=== RUN   TestCheckedViewRanked7ArrayContracts/ranked7-heritage-some
=== PAUSE TestCheckedViewRanked7ArrayContracts/ranked7-heritage-some
=== RUN   TestCheckedViewRanked7ArrayContracts/ranked7-heritage-types-lazy
=== PAUSE TestCheckedViewRanked7ArrayContracts/ranked7-heritage-types-lazy
=== RUN   TestCheckedViewRanked7ArrayContracts/ranked7-heritage-types-wrong-array
=== PAUSE TestCheckedViewRanked7ArrayContracts/ranked7-heritage-types-wrong-array
=== RUN   TestCheckedViewRanked7ArrayContracts/ranked7-heritage-types-wrong-element
=== PAUSE TestCheckedViewRanked7ArrayContracts/ranked7-heritage-types-wrong-element
=== RUN   TestCheckedViewRanked7ArrayContracts/ranked7-heritage-wrong-array
=== PAUSE TestCheckedViewRanked7ArrayContracts/ranked7-heritage-wrong-array
=== RUN   TestCheckedViewRanked7ArrayContracts/ranked7-heritage-wrong-token
=== PAUSE TestCheckedViewRanked7ArrayContracts/ranked7-heritage-wrong-token
=== RUN   TestCheckedViewRanked7ArrayContracts/ranked7-references
=== PAUSE TestCheckedViewRanked7ArrayContracts/ranked7-references
=== RUN   TestCheckedViewRanked7ArrayContracts/ranked7-references-absent
=== PAUSE TestCheckedViewRanked7ArrayContracts/ranked7-references-absent
=== RUN   TestCheckedViewRanked7ArrayContracts/ranked7-references-wrong-array
=== PAUSE TestCheckedViewRanked7ArrayContracts/ranked7-references-wrong-array
=== RUN   TestCheckedViewRanked7ArrayContracts/ranked7-references-wrong-circular
=== PAUSE TestCheckedViewRanked7ArrayContracts/ranked7-references-wrong-circular
=== RUN   TestCheckedViewRanked7ArrayContracts/ranked7-references-wrong-path
=== PAUSE TestCheckedViewRanked7ArrayContracts/ranked7-references-wrong-path
=== RUN   TestCheckedViewRanked7ArrayContracts/ranked7-related
=== PAUSE TestCheckedViewRanked7ArrayContracts/ranked7-related
=== RUN   TestCheckedViewRanked7ArrayContracts/ranked7-related-absent
=== PAUSE TestCheckedViewRanked7ArrayContracts/ranked7-related-absent
=== RUN   TestCheckedViewRanked7ArrayContracts/ranked7-related-push
=== PAUSE TestCheckedViewRanked7ArrayContracts/ranked7-related-push
=== RUN   TestCheckedViewRanked7ArrayContracts/ranked7-related-wrong-array
=== PAUSE TestCheckedViewRanked7ArrayContracts/ranked7-related-wrong-array
=== RUN   TestCheckedViewRanked7ArrayContracts/ranked7-related-wrong-code
=== PAUSE TestCheckedViewRanked7ArrayContracts/ranked7-related-wrong-code
=== RUN   TestCheckedViewRanked7ArrayContracts/ranked7-set-parameters
=== PAUSE TestCheckedViewRanked7ArrayContracts/ranked7-set-parameters
=== RUN   TestCheckedViewRanked7ArrayContracts/ranked7-set-parameters-wrong-array
=== PAUSE TestCheckedViewRanked7ArrayContracts/ranked7-set-parameters-wrong-array
=== RUN   TestCheckedViewRanked7ArrayContracts/ranked7-template-types
=== PAUSE TestCheckedViewRanked7ArrayContracts/ranked7-template-types
=== RUN   TestCheckedViewRanked7ArrayContracts/ranked7-template-types-wrong-element
=== PAUSE TestCheckedViewRanked7ArrayContracts/ranked7-template-types-wrong-element
=== CONT  TestCheckedViewRanked6Frontiers
=== RUN   TestCheckedViewRanked6Frontiers/ranked6-class-like-union-cast
=== PAUSE TestCheckedViewRanked6Frontiers/ranked6-class-like-union-cast
=== RUN   TestCheckedViewRanked6Frontiers/ranked6-jsdoc-parent-cache
=== PAUSE TestCheckedViewRanked6Frontiers/ranked6-jsdoc-parent-cache
=== CONT  TestCheckedViewNodeArrayRecords/node-array-reads
--- PASS: TestCheckedViewMutableArrayUnionRefusal (0.21s)
=== CONT  TestCheckedViewNodeArrayRecords/node-array-wrong-reference
--- PASS: TestCheckedViewRanked5UnionCastFrontier (0.29s)
=== CONT  TestCheckedViewNodeArrayRecords/node-array-write-literal
--- PASS: TestCheckedViewGenericArrayCast (0.51s)
=== CONT  TestCheckedViewNodeArrayRecords/node-array-wrong-array
=== CONT  TestCheckedViewNodeArrayRecords/node-array-wrong-field
=== CONT  TestCheckedViewNodeArrayRecords/node-array-wrong-element
=== CONT  TestCheckedViewNodeArrayRecords/node-array-own-mutation
=== CONT  TestCheckedViewNodeArrayRecords/node-array-wrong-own
=== CONT  TestCheckedViewNodeArrayRecords/node-array-missing-own
=== CONT  TestCheckedViewNodeArrayRecords/node-array-properties-copy
=== CONT  TestCheckedViewNodeArrayRecords/node-array-lazy
=== CONT  TestCheckedViewRanked4ArrayContracts/ranked4-case-lazy
=== CONT  TestCheckedViewRanked5ArrayContracts/ranked5-function
=== CONT  TestCheckedViewOptionalDeclarations/optional-declarations-present
--- PASS: TestCheckedViewNodeArrayRecords (0.00s)
    --- PASS: TestCheckedViewNodeArrayRecords/node-array-reads (0.57s)
    --- PASS: TestCheckedViewNodeArrayRecords/node-array-wrong-reference (0.45s)
    --- PASS: TestCheckedViewNodeArrayRecords/node-array-write-literal (0.51s)
    --- PASS: TestCheckedViewNodeArrayRecords/node-array-wrong-array (0.48s)
    --- PASS: TestCheckedViewNodeArrayRecords/node-array-wrong-field (0.44s)
    --- PASS: TestCheckedViewNodeArrayRecords/node-array-wrong-element (0.48s)
    --- PASS: TestCheckedViewNodeArrayRecords/node-array-own-mutation (0.51s)
    --- PASS: TestCheckedViewNodeArrayRecords/node-array-missing-own (0.45s)
    --- PASS: TestCheckedViewNodeArrayRecords/node-array-wrong-own (0.50s)
    --- PASS: TestCheckedViewNodeArrayRecords/node-array-properties-copy (0.46s)
    --- PASS: TestCheckedViewNodeArrayRecords/node-array-lazy (0.48s)
=== CONT  TestCheckedViewRanked4ArrayContracts/ranked4-label
=== CONT  TestCheckedViewRanked4ArrayContracts/ranked4-label-wrong-element
=== CONT  TestCheckedViewRanked4ArrayContracts/ranked4-label-undefined
=== CONT  TestCheckedViewRanked4ArrayContracts/ranked4-label-push
=== CONT  TestCheckedViewRanked4ArrayContracts/ranked4-label-assign
=== CONT  TestCheckedViewRanked4ArrayContracts/ranked4-label-assign-undefined
=== CONT  TestCheckedViewRanked4ArrayContracts/ranked4-label-assign-from-array
=== CONT  TestCheckedViewRanked4ArrayContracts/ranked4-files
=== CONT  TestCheckedViewRanked4ArrayContracts/ranked4-files-wrong-element
=== CONT  TestCheckedViewRanked4ArrayContracts/ranked4-files-set-wrong
=== CONT  TestCheckedViewRanked4ArrayContracts/ranked4-files-push
=== CONT  TestCheckedViewRanked4ArrayContracts/ranked4-files-push-wrong
=== CONT  TestCheckedViewRanked4ArrayContracts/ranked4-files-join-wrong
=== CONT  TestCheckedViewRanked4ArrayContracts/ranked4-files-assign
=== CONT  TestCheckedViewRanked4ArrayContracts/ranked4-comma
=== CONT  TestCheckedViewRanked4ArrayContracts/ranked4-comma-wrong-field
=== CONT  TestCheckedViewRanked4ArrayContracts/ranked4-comma-wrong-element
=== CONT  TestCheckedViewRanked4ArrayContracts/ranked4-comma-map
=== CONT  TestCheckedViewRanked4ArrayContracts/ranked4-comma-map-wrong
=== CONT  TestCheckedViewRanked4ArrayContracts/ranked4-chain
=== CONT  TestCheckedViewRanked4ArrayContracts/ranked4-chain-wrong-array
=== CONT  TestCheckedViewRanked4ArrayContracts/ranked4-chain-undefined
=== CONT  TestCheckedViewRanked4ArrayContracts/ranked4-chain-set
=== CONT  TestCheckedViewRanked4ArrayContracts/ranked4-chain-set-wrong
=== CONT  TestCheckedViewRanked4ArrayContracts/ranked4-chain-push
=== CONT  TestCheckedViewRanked4ArrayContracts/ranked4-chain-push-wrong
=== CONT  TestCheckedViewRanked4ArrayContracts/ranked4-chain-deep
=== CONT  TestCheckedViewRanked4ArrayContracts/ranked4-chain-absent
=== CONT  TestCheckedViewRanked4ArrayContracts/ranked4-case
=== CONT  TestCheckedViewRanked4ArrayContracts/ranked4-case-wrong-tag
=== CONT  TestCheckedViewRanked4ArrayContracts/ranked4-case-wrong-array
=== CONT  TestCheckedViewRanked4ArrayContracts/ranked4-case-nested
=== CONT  TestCheckedViewRanked6ArrayContracts/ranked6-calls
=== CONT  TestCheckedViewOptionalDeclarations/optional-declarations-wrong-element
=== CONT  TestCheckedViewRanked5ArrayContracts/ranked5-tuple-wrong-name
--- PASS: TestCheckedViewRanked4ArrayContracts (0.00s)
    --- PASS: TestCheckedViewRanked4ArrayContracts/ranked4-case-lazy (0.53s)
    --- PASS: TestCheckedViewRanked4ArrayContracts/ranked4-label (0.49s)
    --- PASS: TestCheckedViewRanked4ArrayContracts/ranked4-label-wrong-element (0.49s)
    --- PASS: TestCheckedViewRanked4ArrayContracts/ranked4-label-undefined (0.46s)
    --- PASS: TestCheckedViewRanked4ArrayContracts/ranked4-label-push (0.50s)
    --- PASS: TestCheckedViewRanked4ArrayContracts/ranked4-label-assign (0.50s)
    --- PASS: TestCheckedViewRanked4ArrayContracts/ranked4-label-assign-undefined (0.54s)
    --- PASS: TestCheckedViewRanked4ArrayContracts/ranked4-label-assign-from-array (0.50s)
    --- PASS: TestCheckedViewRanked4ArrayContracts/ranked4-files (0.47s)
    --- PASS: TestCheckedViewRanked4ArrayContracts/ranked4-files-wrong-element (0.46s)
    --- PASS: TestCheckedViewRanked4ArrayContracts/ranked4-files-set-wrong (0.47s)
    --- PASS: TestCheckedViewRanked4ArrayContracts/ranked4-files-push (0.48s)
    --- PASS: TestCheckedViewRanked4ArrayContracts/ranked4-files-push-wrong (0.46s)
    --- PASS: TestCheckedViewRanked4ArrayContracts/ranked4-files-join-wrong (0.46s)
    --- PASS: TestCheckedViewRanked4ArrayContracts/ranked4-files-assign (0.51s)
    --- PASS: TestCheckedViewRanked4ArrayContracts/ranked4-comma-wrong-field (0.51s)
    --- PASS: TestCheckedViewRanked4ArrayContracts/ranked4-comma (0.56s)
    --- PASS: TestCheckedViewRanked4ArrayContracts/ranked4-comma-wrong-element (0.49s)
    --- PASS: TestCheckedViewRanked4ArrayContracts/ranked4-comma-map (0.55s)
    --- PASS: TestCheckedViewRanked4ArrayContracts/ranked4-chain (0.50s)
    --- PASS: TestCheckedViewRanked4ArrayContracts/ranked4-comma-map-wrong (0.53s)
    --- PASS: TestCheckedViewRanked4ArrayContracts/ranked4-chain-wrong-array (0.44s)
    --- PASS: TestCheckedViewRanked4ArrayContracts/ranked4-chain-undefined (0.49s)
    --- PASS: TestCheckedViewRanked4ArrayContracts/ranked4-chain-set-wrong (0.53s)
    --- PASS: TestCheckedViewRanked4ArrayContracts/ranked4-chain-set (0.54s)
    --- PASS: TestCheckedViewRanked4ArrayContracts/ranked4-chain-push (0.57s)
    --- PASS: TestCheckedViewRanked4ArrayContracts/ranked4-chain-absent (0.42s)
    --- PASS: TestCheckedViewRanked4ArrayContracts/ranked4-chain-push-wrong (0.52s)
    --- PASS: TestCheckedViewRanked4ArrayContracts/ranked4-chain-deep (0.48s)
    --- PASS: TestCheckedViewRanked4ArrayContracts/ranked4-case (0.49s)
    --- PASS: TestCheckedViewRanked4ArrayContracts/ranked4-case-wrong-array (0.44s)
    --- PASS: TestCheckedViewRanked4ArrayContracts/ranked4-case-wrong-tag (0.52s)
    --- PASS: TestCheckedViewRanked4ArrayContracts/ranked4-case-nested (0.51s)
=== CONT  TestCheckedViewRanked5ArrayContracts/ranked5-tuple-wrong-element
=== CONT  TestCheckedViewRanked5ArrayContracts/ranked5-tuple-wrong-array
=== CONT  TestCheckedViewRanked5ArrayContracts/ranked5-tuple-for-of
=== CONT  TestCheckedViewRanked5ArrayContracts/ranked5-tuple
=== CONT  TestCheckedViewRanked5ArrayContracts/ranked5-signatures-wrong-parameters
=== CONT  TestCheckedViewRanked5ArrayContracts/ranked5-signatures-wrong-element
=== CONT  TestCheckedViewRanked5ArrayContracts/ranked5-signatures-wrong-array
=== CONT  TestCheckedViewRanked5ArrayContracts/ranked5-signatures-map-wrong
=== CONT  TestCheckedViewRanked5ArrayContracts/ranked5-signatures-map
=== CONT  TestCheckedViewRanked5ArrayContracts/ranked5-signatures-lazy
=== CONT  TestCheckedViewRanked5ArrayContracts/ranked5-signatures-declaration
=== CONT  TestCheckedViewRanked5ArrayContracts/ranked5-signatures-assign-wrong
=== CONT  TestCheckedViewRanked5ArrayContracts/ranked5-signatures-assign-records
=== CONT  TestCheckedViewRanked5ArrayContracts/ranked5-signatures-assign-elements-wrong
=== CONT  TestCheckedViewRanked5ArrayContracts/ranked5-signatures-assign
=== CONT  TestCheckedViewRanked5ArrayContracts/ranked5-signatures
=== CONT  TestCheckedViewRanked5ArrayContracts/ranked5-modifiers-wrong-tag
=== CONT  TestCheckedViewRanked5ArrayContracts/ranked5-modifiers-wrong-decorator
=== CONT  TestCheckedViewRanked5ArrayContracts/ranked5-modifiers-wrong-array
=== CONT  TestCheckedViewRanked5ArrayContracts/ranked5-modifiers-some
=== CONT  TestCheckedViewRanked5ArrayContracts/ranked5-modifiers-absent
=== CONT  TestCheckedViewRanked5ArrayContracts/ranked5-modifiers
=== CONT  TestCheckedViewRanked5ArrayContracts/ranked5-jsdoc-wrong-element
=== CONT  TestCheckedViewRanked5ArrayContracts/ranked5-jsdoc-wrong-comment
=== CONT  TestCheckedViewRanked5ArrayContracts/ranked5-jsdoc-filter-wrong
=== CONT  TestCheckedViewRanked5ArrayContracts/ranked5-jsdoc-filter
=== CONT  TestCheckedViewRanked5ArrayContracts/ranked5-jsdoc-absent
=== CONT  TestCheckedViewRanked5ArrayContracts/ranked5-jsdoc
=== CONT  TestCheckedViewRanked5ArrayContracts/ranked5-heritage-wrong-late
=== CONT  TestCheckedViewRanked5ArrayContracts/ranked5-heritage-wrong-array
=== CONT  TestCheckedViewRanked5ArrayContracts/ranked5-heritage-lazy
=== CONT  TestCheckedViewRanked5ArrayContracts/ranked5-heritage-absent
=== CONT  TestCheckedViewRanked5ArrayContracts/ranked5-heritage
=== CONT  TestCheckedViewRanked5ArrayContracts/ranked5-function-wrong-name
=== CONT  TestCheckedViewRanked5ArrayContracts/ranked5-function-wrong-kind
=== CONT  TestCheckedViewRanked5ArrayContracts/ranked5-function-wrong-array
=== CONT  TestCheckedViewRanked5ArrayContracts/ranked5-function-mixed
=== CONT  TestCheckedViewRanked5ArrayContracts/ranked5-function-arrow
=== CONT  TestCheckedViewArrays/array-lazy
=== CONT  TestCheckedViewOptionalDeclarations/optional-declarations-wrong-field
=== CONT  TestCheckedViewArraySearch/native-array-search
=== CONT  TestCheckedViewArrays/non-array
--- PASS: TestCheckedViewRanked5ArrayContracts (0.00s)
    --- PASS: TestCheckedViewRanked5ArrayContracts/ranked5-function (0.62s)
    --- PASS: TestCheckedViewRanked5ArrayContracts/ranked5-tuple-wrong-element (0.50s)
    --- PASS: TestCheckedViewRanked5ArrayContracts/ranked5-tuple-wrong-name (0.59s)
    --- PASS: TestCheckedViewRanked5ArrayContracts/ranked5-tuple-wrong-array (0.45s)
    --- PASS: TestCheckedViewRanked5ArrayContracts/ranked5-signatures-wrong-element (0.45s)
    --- PASS: TestCheckedViewRanked5ArrayContracts/ranked5-tuple-for-of (0.62s)
    --- PASS: TestCheckedViewRanked5ArrayContracts/ranked5-signatures-wrong-parameters (0.48s)
    --- PASS: TestCheckedViewRanked5ArrayContracts/ranked5-tuple (0.69s)
    --- PASS: TestCheckedViewRanked5ArrayContracts/ranked5-signatures-wrong-array (0.46s)
    --- PASS: TestCheckedViewRanked5ArrayContracts/ranked5-signatures-map-wrong (0.51s)
    --- PASS: TestCheckedViewRanked5ArrayContracts/ranked5-signatures-map (0.54s)
    --- PASS: TestCheckedViewRanked5ArrayContracts/ranked5-signatures-lazy (0.53s)
    --- PASS: TestCheckedViewRanked5ArrayContracts/ranked5-signatures-assign-wrong (0.50s)
    --- PASS: TestCheckedViewRanked5ArrayContracts/ranked5-signatures-assign-records (0.53s)
    --- PASS: TestCheckedViewRanked5ArrayContracts/ranked5-signatures-declaration (0.72s)
    --- PASS: TestCheckedViewRanked5ArrayContracts/ranked5-signatures-assign-elements-wrong (0.50s)
    --- PASS: TestCheckedViewRanked5ArrayContracts/ranked5-signatures-assign (0.52s)
    --- PASS: TestCheckedViewRanked5ArrayContracts/ranked5-signatures (0.51s)
    --- PASS: TestCheckedViewRanked5ArrayContracts/ranked5-modifiers-wrong-decorator (0.48s)
    --- PASS: TestCheckedViewRanked5ArrayContracts/ranked5-modifiers-wrong-tag (0.51s)
    --- PASS: TestCheckedViewRanked5ArrayContracts/ranked5-modifiers-wrong-array (0.46s)
    --- PASS: TestCheckedViewRanked5ArrayContracts/ranked5-modifiers-absent (0.43s)
    --- PASS: TestCheckedViewRanked5ArrayContracts/ranked5-modifiers-some (0.54s)
    --- PASS: TestCheckedViewRanked5ArrayContracts/ranked5-modifiers (0.52s)
    --- PASS: TestCheckedViewRanked5ArrayContracts/ranked5-jsdoc-wrong-element (0.47s)
    --- PASS: TestCheckedViewRanked5ArrayContracts/ranked5-jsdoc-wrong-comment (0.55s)
    --- PASS: TestCheckedViewRanked5ArrayContracts/ranked5-jsdoc-filter-wrong (0.55s)
    --- PASS: TestCheckedViewRanked5ArrayContracts/ranked5-jsdoc-filter (0.60s)
    --- PASS: TestCheckedViewRanked5ArrayContracts/ranked5-jsdoc-absent (0.50s)
    --- PASS: TestCheckedViewRanked5ArrayContracts/ranked5-heritage-wrong-late (0.58s)
    --- PASS: TestCheckedViewRanked5ArrayContracts/ranked5-heritage-wrong-array (0.50s)
    --- PASS: TestCheckedViewRanked5ArrayContracts/ranked5-jsdoc (0.65s)
    --- PASS: TestCheckedViewRanked5ArrayContracts/ranked5-heritage-lazy (0.61s)
    --- PASS: TestCheckedViewRanked5ArrayContracts/ranked5-heritage-absent (0.49s)
    --- PASS: TestCheckedViewRanked5ArrayContracts/ranked5-heritage (0.58s)
    --- PASS: TestCheckedViewRanked5ArrayContracts/ranked5-function-wrong-name (0.57s)
    --- PASS: TestCheckedViewRanked5ArrayContracts/ranked5-function-wrong-kind (0.51s)
    --- PASS: TestCheckedViewRanked5ArrayContracts/ranked5-function-wrong-array (0.43s)
    --- PASS: TestCheckedViewRanked5ArrayContracts/ranked5-function-arrow (0.48s)
    --- PASS: TestCheckedViewRanked5ArrayContracts/ranked5-function-mixed (0.70s)
=== CONT  TestCheckedViewArrays/object-element
=== CONT  TestCheckedViewArrays/array-element
=== CONT  TestCheckedViewArrays/array-field
=== CONT  TestCheckedViewArrays/generic-array-element
=== CONT  TestCheckedViewArrays/nullable-array-element
=== CONT  TestCheckedViewArrays/nullable-array-string
=== CONT  TestCheckedViewArrays/array-string-literal
=== CONT  TestCheckedViewArrays/array-undefined
=== CONT  TestCheckedViewArrays/array-alias
=== CONT  TestCheckedViewArrays/array-map-bad
=== CONT  TestCheckedViewArrays/array-iteration-bad
=== CONT  TestCheckedViewArrays/array-boolean
=== CONT  TestCheckedViewArrays/array-uninitialized
=== CONT  TestCheckedViewArrays/array-missing
=== CONT  TestCheckedViewArrays/callable-kind
=== CONT  TestCheckedViewArrays/callable-uninitialized
=== CONT  TestCheckedViewArrays/callable-missing
=== CONT  TestCheckedViewArrays/array-length-kind
=== CONT  TestCheckedViewArrays/array-second
=== CONT  TestCheckedViewArrays/array-bounds
=== CONT  TestCheckedViewArrays/array-pop
=== CONT  TestCheckedViewArrays/array-map
=== CONT  TestCheckedViewArrays/array-iteration
=== CONT  TestCheckedViewArrayReferenceWrites/reference-array-set
=== CONT  TestCheckedViewArraySearch/native-array-search-literal
=== CONT  TestCheckedViewArraySearch/native-array-search-bad
=== CONT  TestCheckedViewArraySearch/native-array-reference-write
--- PASS: TestCheckedViewArrays (0.00s)
    --- PASS: TestCheckedViewArrays/array-lazy (0.45s)
    --- PASS: TestCheckedViewArrays/non-array (0.35s)
    --- PASS: TestCheckedViewArrays/object-element (0.48s)
    --- PASS: TestCheckedViewArrays/array-element (0.43s)
    --- PASS: TestCheckedViewArrays/generic-array-element (0.35s)
    --- PASS: TestCheckedViewArrays/array-field (0.41s)
    --- PASS: TestCheckedViewArrays/nullable-array-element (0.35s)
    --- PASS: TestCheckedViewArrays/nullable-array-string (0.33s)
    --- PASS: TestCheckedViewArrays/array-string-literal (0.34s)
    --- PASS: TestCheckedViewArrays/array-undefined (0.32s)
    --- PASS: TestCheckedViewArrays/array-alias (0.36s)
    --- PASS: TestCheckedViewArrays/array-map-bad (0.36s)
    --- PASS: TestCheckedViewArrays/array-iteration-bad (0.35s)
    --- PASS: TestCheckedViewArrays/array-boolean (0.35s)
    --- PASS: TestCheckedViewArrays/array-missing (0.34s)
    --- PASS: TestCheckedViewArrays/array-uninitialized (0.35s)
    --- PASS: TestCheckedViewArrays/callable-kind (0.39s)
    --- PASS: TestCheckedViewArrays/callable-uninitialized (0.38s)
    --- PASS: TestCheckedViewArrays/array-length-kind (0.37s)
    --- PASS: TestCheckedViewArrays/callable-missing (0.41s)
    --- PASS: TestCheckedViewArrays/array-second (0.38s)
    --- PASS: TestCheckedViewArrays/array-bounds (0.48s)
    --- PASS: TestCheckedViewArrays/array-pop (0.47s)
    --- PASS: TestCheckedViewArrays/array-map (0.51s)
    --- PASS: TestCheckedViewArrays/array-iteration (0.47s)
=== CONT  TestCheckedViewArraySearch/native-array-search-boolean
=== CONT  TestCheckedViewArraySearch/native-array-search-evaluation
=== CONT  TestCheckedViewArraySearch/native-array-search-sparse
=== CONT  TestCheckedViewArraySearch/native-array-search-object
=== CONT  TestCheckedViewArraySearch/native-array-search-lazy
=== CONT  TestCheckedViewRanked9ArrayContracts/ranked9-arrow-parameters
=== CONT  TestCheckedViewArrayReferenceWrites/reference-array-evaluation
=== CONT  TestCheckedViewArrayReferenceWrites/reference-array-uninitialized
--- PASS: TestCheckedViewArraySearch (0.00s)
    --- PASS: TestCheckedViewArraySearch/native-array-search (0.51s)
    --- PASS: TestCheckedViewArraySearch/native-array-search-literal (0.55s)
    --- PASS: TestCheckedViewArraySearch/native-array-search-bad (0.48s)
    --- PASS: TestCheckedViewArraySearch/native-array-reference-write (0.56s)
    --- PASS: TestCheckedViewArraySearch/native-array-search-boolean (0.53s)
    --- PASS: TestCheckedViewArraySearch/native-array-search-evaluation (0.52s)
    --- PASS: TestCheckedViewArraySearch/native-array-search-sparse (0.53s)
    --- PASS: TestCheckedViewArraySearch/native-array-search-object (0.53s)
    --- PASS: TestCheckedViewArraySearch/native-array-search-lazy (0.47s)
=== CONT  TestCheckedViewArrayReferenceWrites/reference-array-source-alias
=== CONT  TestCheckedViewArrayReferenceWrites/reference-array-uncertified
=== CONT  TestCheckedViewArrayReferenceWrites/reference-array-mutable-incoming
=== CONT  TestCheckedViewArrayReferenceWrites/reference-array-readonly-incoming
=== CONT  TestCheckedViewArrayReferenceWrites/reference-array-narrow-field
=== CONT  TestCheckedViewArrayReferenceWrites/reference-array-missing-field
=== CONT  TestCheckedViewArrayReferenceWrites/reference-array-lazy
=== CONT  TestCheckedViewArrayReferenceWrites/reference-array-slice
=== CONT  TestCheckedViewArrayReferenceWrites/reference-array-empty
=== CONT  TestCheckedViewArrayReferenceWrites/reference-array-alias
=== CONT  TestCheckedViewArrayReferenceWrites/reference-array-push
=== CONT  TestCheckedViewOptionalDeclarations/optional-declarations-wrong-array
=== CONT  TestCheckedViewRanked9ArrayContracts/ranked9-named-imports-wrong-element
=== CONT  TestCheckedViewRanked9ArrayContracts/ranked9-type-stack-wrong-push
--- PASS: TestCheckedViewArrayReferenceWrites (0.00s)
    --- PASS: TestCheckedViewArrayReferenceWrites/reference-array-set (0.49s)
    --- PASS: TestCheckedViewArrayReferenceWrites/reference-array-evaluation (0.53s)
    --- PASS: TestCheckedViewArrayReferenceWrites/reference-array-source-alias (0.54s)
    --- PASS: TestCheckedViewArrayReferenceWrites/reference-array-uninitialized (0.59s)
    --- PASS: TestCheckedViewArrayReferenceWrites/reference-array-uncertified (0.53s)
    --- PASS: TestCheckedViewArrayReferenceWrites/reference-array-mutable-incoming (0.50s)
    --- PASS: TestCheckedViewArrayReferenceWrites/reference-array-readonly-incoming (0.49s)
    --- PASS: TestCheckedViewArrayReferenceWrites/reference-array-narrow-field (0.49s)
    --- PASS: TestCheckedViewArrayReferenceWrites/reference-array-missing-field (0.51s)
    --- PASS: TestCheckedViewArrayReferenceWrites/reference-array-lazy (0.45s)
    --- PASS: TestCheckedViewArrayReferenceWrites/reference-array-empty (0.47s)
    --- PASS: TestCheckedViewArrayReferenceWrites/reference-array-slice (0.49s)
    --- PASS: TestCheckedViewArrayReferenceWrites/reference-array-push (0.48s)
    --- PASS: TestCheckedViewArrayReferenceWrites/reference-array-alias (0.54s)
=== CONT  TestCheckedViewRanked9ArrayContracts/ranked9-type-stack-wrong-element
=== CONT  TestCheckedViewRanked9ArrayContracts/ranked9-type-stack-includes-wrong
=== CONT  TestCheckedViewRanked9ArrayContracts/ranked9-type-stack-assign
=== CONT  TestCheckedViewRanked9ArrayContracts/ranked9-type-stack
=== CONT  TestCheckedViewRanked9ArrayContracts/ranked9-template-spans-wrong-literal
=== CONT  TestCheckedViewRanked9ArrayContracts/ranked9-template-spans-wrong-array
=== CONT  TestCheckedViewRanked9ArrayContracts/ranked9-template-spans
=== CONT  TestCheckedViewRanked9ArrayContracts/ranked9-property-modifiers-wrong-tag
=== CONT  TestCheckedViewRanked9ArrayContracts/ranked9-property-modifiers-absent
=== CONT  TestCheckedViewRanked9ArrayContracts/ranked9-properties-wrong-name
=== CONT  TestCheckedViewRanked9ArrayContracts/ranked9-properties-push-wrong
=== CONT  TestCheckedViewRanked9ArrayContracts/ranked9-properties-push
=== CONT  TestCheckedViewRanked9ArrayContracts/ranked9-properties
=== CONT  TestCheckedViewRanked9ArrayContracts/ranked9-new-arguments-wrong-element
=== CONT  TestCheckedViewRanked9ArrayContracts/ranked9-new-arguments-absent
=== CONT  TestCheckedViewRanked9ArrayContracts/ranked9-new-arguments
=== CONT  TestCheckedViewRanked9ArrayContracts/ranked9-named-imports-wrong-type-only
=== CONT  TestCheckedViewRanked9ArrayContracts/ranked9-index-infos-wrong-readonly
=== CONT  TestCheckedViewRanked9ArrayContracts/ranked9-named-imports-wrong-array
=== CONT  TestCheckedViewRanked9ArrayContracts/ranked9-named-imports
=== CONT  TestCheckedViewRanked9ArrayContracts/ranked9-module-block-wrong-tag
=== CONT  TestCheckedViewRanked9ArrayContracts/ranked9-module-block-filter
=== CONT  TestCheckedViewRanked9ArrayContracts/ranked9-module-block
=== CONT  TestCheckedViewRanked9ArrayContracts/ranked9-method-modifiers
=== CONT  TestCheckedViewRanked9ArrayContracts/ranked9-index-parameters-wrong-name
=== CONT  TestCheckedViewRanked9ArrayContracts/ranked9-index-parameters
=== CONT  TestCheckedViewRanked6ArrayContracts/ranked6-jsx-some
=== CONT  TestCheckedViewOptionalDeclarations/optional-declarations-lazy
=== CONT  TestCheckedViewOptionalDeclarations/optional-declarations-undefined
=== CONT  TestCheckedViewOptionalDeclarations/optional-declarations-absent
=== CONT  TestCheckedViewRanked9ArrayContracts/ranked9-index-infos-wrong-array
=== CONT  TestCheckedViewRanked9ArrayContracts/ranked9-index-infos
=== CONT  TestCheckedViewRanked9ArrayContracts/ranked9-import-modifiers-wrong-array
--- PASS: TestCheckedViewOptionalDeclarations (0.00s)
    --- PASS: TestCheckedViewOptionalDeclarations/optional-declarations-present (0.48s)
    --- PASS: TestCheckedViewOptionalDeclarations/optional-declarations-wrong-element (0.49s)
    --- PASS: TestCheckedViewOptionalDeclarations/optional-declarations-wrong-field (0.47s)
    --- PASS: TestCheckedViewOptionalDeclarations/optional-declarations-wrong-array (0.44s)
    --- PASS: TestCheckedViewOptionalDeclarations/optional-declarations-lazy (0.48s)
    --- PASS: TestCheckedViewOptionalDeclarations/optional-declarations-undefined (0.43s)
    --- PASS: TestCheckedViewOptionalDeclarations/optional-declarations-absent (0.43s)
=== CONT  TestCheckedViewRanked9ArrayContracts/ranked9-import-modifiers
=== CONT  TestCheckedViewRanked9ArrayContracts/ranked9-get-parameters
=== CONT  TestCheckedViewRanked9ArrayContracts/ranked9-function-modifiers-wrong-decorator
=== CONT  TestCheckedViewRanked9ArrayContracts/ranked9-function-modifiers
=== CONT  TestCheckedViewRanked9ArrayContracts/ranked9-arrow-parameters-wrong-array
=== CONT  TestCheckedViewRanked6ArrayContracts/ranked6-element-flags
=== CONT  TestCheckedViewRanked6ArrayContracts/ranked6-jsx-hole
=== CONT  TestCheckedViewRanked6ArrayContracts/ranked6-jsx
--- PASS: TestCheckedViewRanked9ArrayContracts (0.00s)
    --- PASS: TestCheckedViewRanked9ArrayContracts/ranked9-arrow-parameters (0.64s)
    --- PASS: TestCheckedViewRanked9ArrayContracts/ranked9-named-imports-wrong-element (0.56s)
    --- PASS: TestCheckedViewRanked9ArrayContracts/ranked9-type-stack-wrong-push (0.50s)
    --- PASS: TestCheckedViewRanked9ArrayContracts/ranked9-type-stack-wrong-element (0.48s)
    --- PASS: TestCheckedViewRanked9ArrayContracts/ranked9-type-stack-includes-wrong (0.48s)
    --- PASS: TestCheckedViewRanked9ArrayContracts/ranked9-type-stack-assign (0.49s)
    --- PASS: TestCheckedViewRanked9ArrayContracts/ranked9-type-stack (0.53s)
    --- PASS: TestCheckedViewRanked9ArrayContracts/ranked9-template-spans-wrong-literal (0.54s)
    --- PASS: TestCheckedViewRanked9ArrayContracts/ranked9-template-spans-wrong-array (0.47s)
    --- PASS: TestCheckedViewRanked9ArrayContracts/ranked9-template-spans (0.62s)
    --- PASS: TestCheckedViewRanked9ArrayContracts/ranked9-property-modifiers-wrong-tag (0.55s)
    --- PASS: TestCheckedViewRanked9ArrayContracts/ranked9-property-modifiers-absent (0.52s)
    --- PASS: TestCheckedViewRanked9ArrayContracts/ranked9-properties-wrong-name (0.51s)
    --- PASS: TestCheckedViewRanked9ArrayContracts/ranked9-properties-push-wrong (0.50s)
    --- PASS: TestCheckedViewRanked9ArrayContracts/ranked9-properties-push (0.54s)
    --- PASS: TestCheckedViewRanked9ArrayContracts/ranked9-new-arguments-wrong-element (0.54s)
    --- PASS: TestCheckedViewRanked9ArrayContracts/ranked9-properties (0.58s)
    --- PASS: TestCheckedViewRanked9ArrayContracts/ranked9-new-arguments-absent (0.47s)
    --- PASS: TestCheckedViewRanked9ArrayContracts/ranked9-new-arguments (0.54s)
    --- PASS: TestCheckedViewRanked9ArrayContracts/ranked9-index-infos-wrong-readonly (0.48s)
    --- PASS: TestCheckedViewRanked9ArrayContracts/ranked9-named-imports-wrong-type-only (0.55s)
    --- PASS: TestCheckedViewRanked9ArrayContracts/ranked9-named-imports-wrong-array (0.53s)
    --- PASS: TestCheckedViewRanked9ArrayContracts/ranked9-module-block-wrong-tag (0.53s)
    --- PASS: TestCheckedViewRanked9ArrayContracts/ranked9-module-block-filter (0.59s)
    --- PASS: TestCheckedViewRanked9ArrayContracts/ranked9-named-imports (0.66s)
    --- PASS: TestCheckedViewRanked9ArrayContracts/ranked9-module-block (0.59s)
    --- PASS: TestCheckedViewRanked9ArrayContracts/ranked9-index-parameters-wrong-name (0.53s)
    --- PASS: TestCheckedViewRanked9ArrayContracts/ranked9-method-modifiers (0.67s)
    --- PASS: TestCheckedViewRanked9ArrayContracts/ranked9-index-parameters (0.56s)
    --- PASS: TestCheckedViewRanked9ArrayContracts/ranked9-index-infos-wrong-array (0.46s)
    --- PASS: TestCheckedViewRanked9ArrayContracts/ranked9-import-modifiers-wrong-array (0.52s)
    --- PASS: TestCheckedViewRanked9ArrayContracts/ranked9-import-modifiers (0.58s)
    --- PASS: TestCheckedViewRanked9ArrayContracts/ranked9-index-infos (0.72s)
    --- PASS: TestCheckedViewRanked9ArrayContracts/ranked9-get-parameters (0.58s)
    --- PASS: TestCheckedViewRanked9ArrayContracts/ranked9-function-modifiers-wrong-decorator (0.58s)
    --- PASS: TestCheckedViewRanked9ArrayContracts/ranked9-arrow-parameters-wrong-array (0.51s)
    --- PASS: TestCheckedViewRanked9ArrayContracts/ranked9-function-modifiers (0.67s)
=== CONT  TestCheckedViewRanked6ArrayContracts/ranked6-jsdoc-parent-wrong-tag
=== CONT  TestCheckedViewRanked6ArrayContracts/ranked6-jsdoc-parent-wrong-element
=== CONT  TestCheckedViewRanked6ArrayContracts/ranked6-jsdoc-parent-wrong-doc
=== CONT  TestCheckedViewRanked6ArrayContracts/ranked6-jsdoc-parent-wrong-array
=== CONT  TestCheckedViewRanked6ArrayContracts/ranked6-jsdoc-parent-push
=== CONT  TestCheckedViewRanked6ArrayContracts/ranked6-jsdoc-parent-absent
=== CONT  TestCheckedViewRanked6ArrayContracts/ranked6-jsdoc-parent
=== CONT  TestCheckedViewRanked6ArrayContracts/ranked6-labels-wrong-tag
=== CONT  TestCheckedViewRanked6ArrayContracts/ranked6-template-wrong-element
=== CONT  TestCheckedViewRanked6ArrayContracts/ranked6-template-wrong-array
=== CONT  TestCheckedViewRanked6ArrayContracts/ranked6-template-map
=== CONT  TestCheckedViewRanked6ArrayContracts/ranked6-template-join-wrong
=== CONT  TestCheckedViewRanked6ArrayContracts/ranked6-template-assign-wrong
=== CONT  TestCheckedViewRanked6ArrayContracts/ranked6-template-assign
=== CONT  TestCheckedViewRanked6ArrayContracts/ranked6-template
=== CONT  TestCheckedViewRanked6ArrayContracts/ranked6-class-like-wrong-name
=== CONT  TestCheckedViewRanked6ArrayContracts/ranked6-class-members-wrong-tag
=== CONT  TestCheckedViewRanked6ArrayContracts/ranked6-class-members-wrong-name
=== CONT  TestCheckedViewRanked6ArrayContracts/ranked6-class-members-wrong-array
=== CONT  TestCheckedViewRanked6ArrayContracts/ranked6-class-members
=== CONT  TestCheckedViewRanked6ArrayContracts/ranked6-labels
=== CONT  TestCheckedViewRanked6ArrayContracts/ranked6-labels-wrong-array
=== CONT  TestCheckedViewRanked6ArrayContracts/ranked6-labels-hole
=== CONT  TestCheckedViewRanked6ArrayContracts/ranked6-labels-absent
=== CONT  TestCheckedViewRanked6ArrayContracts/ranked6-jsx-wrong-spread
=== CONT  TestCheckedViewRanked6ArrayContracts/ranked6-jsx-wrong-tag
=== CONT  TestCheckedViewRanked6ArrayContracts/ranked6-calls-wrong-array
=== CONT  TestCheckedViewRanked6ArrayContracts/ranked6-class-like
=== CONT  TestCheckedViewRanked6ArrayContracts/ranked6-calls-lazy
=== CONT  TestCheckedViewRanked6ArrayContracts/ranked6-calls-wrong-element
=== CONT  TestCheckedViewRanked6ArrayContracts/ranked6-calls-filter
=== CONT  TestCheckedViewRanked6ArrayContracts/ranked6-jsx-wrong-array
=== CONT  TestCheckedViewNativeArrays/native-array-join
=== CONT  TestCheckedViewNativeArrays/native-array-sparse-pop-hole
=== CONT  TestCheckedViewNativeArrays/native-array-copy-bad
=== CONT  TestCheckedViewNativeArrays/native-array-push-bad
--- PASS: TestCheckedViewRanked6ArrayContracts (0.00s)
    --- PASS: TestCheckedViewRanked6ArrayContracts/ranked6-calls (0.51s)
    --- PASS: TestCheckedViewRanked6ArrayContracts/ranked6-jsx-some (0.61s)
    --- PASS: TestCheckedViewRanked6ArrayContracts/ranked6-element-flags (0.51s)
    --- PASS: TestCheckedViewRanked6ArrayContracts/ranked6-jsx-hole (0.57s)
    --- PASS: TestCheckedViewRanked6ArrayContracts/ranked6-jsdoc-parent-wrong-tag (0.51s)
    --- PASS: TestCheckedViewRanked6ArrayContracts/ranked6-jsx (0.64s)
    --- PASS: TestCheckedViewRanked6ArrayContracts/ranked6-jsdoc-parent-wrong-element (0.56s)
    --- PASS: TestCheckedViewRanked6ArrayContracts/ranked6-jsdoc-parent-wrong-doc (0.57s)
    --- PASS: TestCheckedViewRanked6ArrayContracts/ranked6-jsdoc-parent-wrong-array (0.52s)
    --- PASS: TestCheckedViewRanked6ArrayContracts/ranked6-jsdoc-parent-push (0.56s)
    --- PASS: TestCheckedViewRanked6ArrayContracts/ranked6-jsdoc-parent-absent (0.60s)
    --- PASS: TestCheckedViewRanked6ArrayContracts/ranked6-labels-wrong-tag (0.53s)
    --- PASS: TestCheckedViewRanked6ArrayContracts/ranked6-jsdoc-parent (0.59s)
    --- PASS: TestCheckedViewRanked6ArrayContracts/ranked6-template-wrong-element (0.49s)
    --- PASS: TestCheckedViewRanked6ArrayContracts/ranked6-template-wrong-array (0.50s)
    --- PASS: TestCheckedViewRanked6ArrayContracts/ranked6-template-join-wrong (0.50s)
    --- PASS: TestCheckedViewRanked6ArrayContracts/ranked6-template-map (0.56s)
    --- PASS: TestCheckedViewRanked6ArrayContracts/ranked6-template-assign-wrong (0.53s)
    --- PASS: TestCheckedViewRanked6ArrayContracts/ranked6-template-assign (0.53s)
    --- PASS: TestCheckedViewRanked6ArrayContracts/ranked6-template (0.53s)
    --- PASS: TestCheckedViewRanked6ArrayContracts/ranked6-class-like-wrong-name (0.55s)
    --- PASS: TestCheckedViewRanked6ArrayContracts/ranked6-class-members-wrong-tag (0.53s)
    --- PASS: TestCheckedViewRanked6ArrayContracts/ranked6-class-members-wrong-name (0.51s)
    --- PASS: TestCheckedViewRanked6ArrayContracts/ranked6-class-members-wrong-array (0.47s)
    --- PASS: TestCheckedViewRanked6ArrayContracts/ranked6-labels-wrong-array (0.43s)
    --- PASS: TestCheckedViewRanked6ArrayContracts/ranked6-class-members (0.57s)
    --- PASS: TestCheckedViewRanked6ArrayContracts/ranked6-labels (0.53s)
    --- PASS: TestCheckedViewRanked6ArrayContracts/ranked6-labels-hole (0.50s)
    --- PASS: TestCheckedViewRanked6ArrayContracts/ranked6-labels-absent (0.46s)
    --- PASS: TestCheckedViewRanked6ArrayContracts/ranked6-jsx-wrong-tag (0.52s)
    --- PASS: TestCheckedViewRanked6ArrayContracts/ranked6-jsx-wrong-spread (0.55s)
    --- PASS: TestCheckedViewRanked6ArrayContracts/ranked6-calls-wrong-array (0.47s)
    --- PASS: TestCheckedViewRanked6ArrayContracts/ranked6-calls-wrong-element (0.46s)
    --- PASS: TestCheckedViewRanked6ArrayContracts/ranked6-calls-lazy (0.48s)
    --- PASS: TestCheckedViewRanked6ArrayContracts/ranked6-class-like (0.63s)
    --- PASS: TestCheckedViewRanked6ArrayContracts/ranked6-calls-filter (0.57s)
    --- PASS: TestCheckedViewRanked6ArrayContracts/ranked6-jsx-wrong-array (0.52s)
=== CONT  TestCheckedViewNativeArrays/native-array-write-bad
=== CONT  TestCheckedViewNativeArrays/native-array-join-literal
=== CONT  TestCheckedViewNativeArrays/native-array-join-bad
=== CONT  TestCheckedViewNativeArrays/native-array-mutation
=== CONT  TestCheckedViewNativeArrays/native-array-sparse
=== CONT  TestCheckedViewNativeArrays/native-array-string-mutation
=== CONT  TestCheckedViewNativeArrays/native-array-large-field
=== CONT  TestCheckedViewNativeArrays/native-array-join-boolean
=== CONT  TestCheckedViewNativeArrays/native-array-join-evaluation
=== CONT  TestCheckedViewRankedParserArrayContracts/ranked2-variables
=== CONT  TestCheckedViewRankedParserArrayContracts/ranked2-call-lazy
=== CONT  TestCheckedViewRankedParserArrayContracts/ranked2-tuple-wrong-flag
--- PASS: TestCheckedViewNativeArrays (0.00s)
    --- PASS: TestCheckedViewNativeArrays/native-array-join (0.49s)
    --- PASS: TestCheckedViewNativeArrays/native-array-sparse-pop-hole (0.50s)
    --- PASS: TestCheckedViewNativeArrays/native-array-copy-bad (0.49s)
    --- PASS: TestCheckedViewNativeArrays/native-array-push-bad (0.46s)
    --- PASS: TestCheckedViewNativeArrays/native-array-write-bad (0.43s)
    --- PASS: TestCheckedViewNativeArrays/native-array-join-literal (0.43s)
    --- PASS: TestCheckedViewNativeArrays/native-array-join-bad (0.45s)
    --- PASS: TestCheckedViewNativeArrays/native-array-mutation (0.45s)
    --- PASS: TestCheckedViewNativeArrays/native-array-string-mutation (0.44s)
    --- PASS: TestCheckedViewNativeArrays/native-array-sparse (0.50s)
    --- PASS: TestCheckedViewNativeArrays/native-array-large-field (0.45s)
    --- PASS: TestCheckedViewNativeArrays/native-array-join-boolean (0.46s)
    --- PASS: TestCheckedViewNativeArrays/native-array-join-evaluation (0.45s)
=== CONT  TestCheckedViewRankedParserArrayContracts/ranked2-tuple-wrong-member
=== CONT  TestCheckedViewRankedParserArrayContracts/ranked2-tuple-number
=== CONT  TestCheckedViewRankedParserArrayContracts/ranked2-array-wrong-array
=== CONT  TestCheckedViewRankedParserArrayContracts/ranked2-array
=== CONT  TestCheckedViewRankedParserArrayContracts/ranked2-tuple-wrong-array
=== CONT  TestCheckedViewRankedParserArrayContracts/ranked2-tuple
=== CONT  TestCheckedViewRankedParserArrayContracts/ranked2-object-wrong-array
=== CONT  TestCheckedViewRankedParserArrayContracts/ranked2-object
=== CONT  TestCheckedViewRankedParserArrayContracts/ranked2-call-wrong-array
=== CONT  TestCheckedViewRankedParserArrayContracts/ranked2-call
=== CONT  TestCheckedViewRankedParserArrayContracts/ranked2-variables-wrong-array
=== CONT  TestCheckedViewRankedArrayContracts/ranked-union-types
=== CONT  TestCheckedViewRankedArrayContracts/ranked-union-lazy
=== CONT  TestCheckedViewRankedArrayContracts/ranked-source-wrong-array
--- PASS: TestCheckedViewRankedParserArrayContracts (0.00s)
    --- PASS: TestCheckedViewRankedParserArrayContracts/ranked2-variables (0.50s)
    --- PASS: TestCheckedViewRankedParserArrayContracts/ranked2-call-lazy (0.51s)
    --- PASS: TestCheckedViewRankedParserArrayContracts/ranked2-tuple-wrong-flag (0.48s)
    --- PASS: TestCheckedViewRankedParserArrayContracts/ranked2-tuple-wrong-member (0.48s)
    --- PASS: TestCheckedViewRankedParserArrayContracts/ranked2-tuple-number (0.52s)
    --- PASS: TestCheckedViewRankedParserArrayContracts/ranked2-array-wrong-array (0.46s)
    --- PASS: TestCheckedViewRankedParserArrayContracts/ranked2-tuple-wrong-array (0.46s)
    --- PASS: TestCheckedViewRankedParserArrayContracts/ranked2-array (0.52s)
    --- PASS: TestCheckedViewRankedParserArrayContracts/ranked2-tuple (0.49s)
    --- PASS: TestCheckedViewRankedParserArrayContracts/ranked2-object-wrong-array (0.47s)
    --- PASS: TestCheckedViewRankedParserArrayContracts/ranked2-call-wrong-array (0.43s)
    --- PASS: TestCheckedViewRankedParserArrayContracts/ranked2-object (0.51s)
    --- PASS: TestCheckedViewRankedParserArrayContracts/ranked2-call (0.49s)
    --- PASS: TestCheckedViewRankedParserArrayContracts/ranked2-variables-wrong-array (0.44s)
=== CONT  TestCheckedViewRankedArrayContracts/ranked-signature-wrong-element
=== CONT  TestCheckedViewRankedArrayContracts/ranked-signature-wrong-array
=== CONT  TestCheckedViewRankedArrayContracts/ranked-intersection-wrong-field
=== CONT  TestCheckedViewRankedArrayContracts/ranked-union-wrong-array
=== CONT  TestCheckedViewRankedArrayContracts/ranked-signature-parameters
=== CONT  TestCheckedViewRankedArrayContracts/ranked-signature-absent
=== CONT  TestCheckedViewRankedArrayContracts/ranked-source-statements
=== CONT  TestCheckedViewRankedArrayContracts/ranked-signature-type-parameters
=== CONT  TestCheckedViewRankedArrayContracts/ranked-intersection-types
=== CONT  TestCheckedViewRankedArrayUnionContracts/ranked3-pattern
=== CONT  TestCheckedViewRanked7Frontiers/ranked7-related-assign
--- PASS: TestCheckedViewRanked7Frontiers (0.00s)
    --- PASS: TestCheckedViewRanked7Frontiers/ranked7-related-assign (0.20s)
=== CONT  TestCheckedViewRankedArrayUnionContracts/ranked3-reference-absent
=== CONT  TestCheckedViewRankedArrayUnionContracts/ranked3-mutable-array-unread
--- PASS: TestCheckedViewRankedArrayContracts (0.00s)
    --- PASS: TestCheckedViewRankedArrayContracts/ranked-union-types (0.46s)
    --- PASS: TestCheckedViewRankedArrayContracts/ranked-union-lazy (0.45s)
    --- PASS: TestCheckedViewRankedArrayContracts/ranked-source-wrong-array (0.45s)
    --- PASS: TestCheckedViewRankedArrayContracts/ranked-signature-wrong-element (0.44s)
    --- PASS: TestCheckedViewRankedArrayContracts/ranked-signature-wrong-array (0.44s)
    --- PASS: TestCheckedViewRankedArrayContracts/ranked-intersection-wrong-field (0.43s)
    --- PASS: TestCheckedViewRankedArrayContracts/ranked-union-wrong-array (0.47s)
    --- PASS: TestCheckedViewRankedArrayContracts/ranked-signature-parameters (0.52s)
    --- PASS: TestCheckedViewRankedArrayContracts/ranked-signature-absent (0.51s)
    --- PASS: TestCheckedViewRankedArrayContracts/ranked-source-statements (0.51s)
    --- PASS: TestCheckedViewRankedArrayContracts/ranked-signature-type-parameters (0.53s)
    --- PASS: TestCheckedViewRankedArrayContracts/ranked-intersection-types (0.49s)
=== CONT  TestCheckedViewRankedArrayUnionContracts/ranked3-pattern-wrong-tag
=== CONT  TestCheckedViewRankedArrayUnionContracts/ranked3-pattern-wrong-element
=== CONT  TestCheckedViewRankedArrayUnionContracts/ranked3-pattern-lazy
=== CONT  TestCheckedViewRankedArrayUnionContracts/ranked3-reference-wrong-array
=== CONT  TestCheckedViewRankedArrayUnionContracts/ranked3-reference
=== CONT  TestCheckedViewRankedArrayUnionContracts/ranked3-class-wrong-array
=== CONT  TestCheckedViewRankedArrayUnionContracts/ranked3-class
=== CONT  TestCheckedViewRankedArrayUnionContracts/ranked3-signature-wrong-array
=== CONT  TestCheckedViewRankedArrayUnionContracts/ranked3-signature
=== CONT  TestCheckedViewRankedArrayUnionContracts/ranked3-types-wrong-array
=== CONT  TestCheckedViewRankedArrayUnionContracts/ranked3-types
=== CONT  TestCheckedViewRankedArrayUnionContracts/ranked3-pattern-wrong-array
=== CONT  TestCheckedViewRanked8ArrayContracts/ranked8-bundle
=== CONT  TestCheckedViewRanked8ArrayContracts/ranked8-generic-undefined
=== CONT  TestCheckedViewRanked7ArrayContracts/ranked7-alias
--- PASS: TestCheckedViewRankedArrayUnionContracts (0.00s)
    --- PASS: TestCheckedViewRankedArrayUnionContracts/ranked3-pattern (0.51s)
    --- PASS: TestCheckedViewRankedArrayUnionContracts/ranked3-reference-absent (0.47s)
    --- PASS: TestCheckedViewRankedArrayUnionContracts/ranked3-mutable-array-unread (0.48s)
    --- PASS: TestCheckedViewRankedArrayUnionContracts/ranked3-pattern-wrong-tag (0.49s)
    --- PASS: TestCheckedViewRankedArrayUnionContracts/ranked3-pattern-wrong-element (0.46s)
    --- PASS: TestCheckedViewRankedArrayUnionContracts/ranked3-reference-wrong-array (0.46s)
    --- PASS: TestCheckedViewRankedArrayUnionContracts/ranked3-pattern-lazy (0.51s)
    --- PASS: TestCheckedViewRankedArrayUnionContracts/ranked3-reference (0.49s)
    --- PASS: TestCheckedViewRankedArrayUnionContracts/ranked3-class-wrong-array (0.49s)
    --- PASS: TestCheckedViewRankedArrayUnionContracts/ranked3-signature-wrong-array (0.48s)
    --- PASS: TestCheckedViewRankedArrayUnionContracts/ranked3-class (0.54s)
    --- PASS: TestCheckedViewRankedArrayUnionContracts/ranked3-signature (0.55s)
    --- PASS: TestCheckedViewRankedArrayUnionContracts/ranked3-types-wrong-array (0.48s)
    --- PASS: TestCheckedViewRankedArrayUnionContracts/ranked3-pattern-wrong-array (0.48s)
    --- PASS: TestCheckedViewRankedArrayUnionContracts/ranked3-types (0.49s)
=== CONT  TestCheckedViewRanked8ArrayContracts/ranked8-parameter-modifiers-wrong-tag
=== CONT  TestCheckedViewRanked8ArrayContracts/ranked8-parameter-modifiers-wrong-array
=== CONT  TestCheckedViewRanked8ArrayContracts/ranked8-parameter-modifiers-absent
=== CONT  TestCheckedViewRanked8ArrayContracts/ranked8-parameter-modifiers
=== CONT  TestCheckedViewRanked8ArrayContracts/ranked8-method-parameters-wrong-array
=== CONT  TestCheckedViewRanked8ArrayContracts/ranked8-method-parameters
=== CONT  TestCheckedViewRanked8ArrayContracts/ranked8-jsx-wrong-tag
=== CONT  TestCheckedViewRanked8ArrayContracts/ranked8-jsx-wrong-nested
=== CONT  TestCheckedViewRanked8ArrayContracts/ranked8-jsx-wrong-array
=== CONT  TestCheckedViewRanked8ArrayContracts/ranked8-jsx-lazy
=== CONT  TestCheckedViewRanked8ArrayContracts/ranked8-jsx-fragment
=== CONT  TestCheckedViewRanked8ArrayContracts/ranked8-jsx
=== CONT  TestCheckedViewRanked8ArrayContracts/ranked8-imports-wrong-text
=== CONT  TestCheckedViewRanked8ArrayContracts/ranked8-imports-wrong-tag
=== CONT  TestCheckedViewRanked8ArrayContracts/ranked8-imports-through-bundle
=== CONT  TestCheckedViewRanked8ArrayContracts/ranked8-imports
=== CONT  TestCheckedViewRanked8ArrayContracts/ranked8-generic-wrong-element
=== CONT  TestCheckedViewRanked6Frontiers/ranked6-class-like-union-cast
=== CONT  TestCheckedViewRanked7ArrayContracts/ranked7-template-types-wrong-element
=== CONT  TestCheckedViewRanked7ArrayContracts/ranked7-template-types
=== CONT  TestCheckedViewRanked7ArrayContracts/ranked7-set-parameters-wrong-array
=== CONT  TestCheckedViewRanked7ArrayContracts/ranked7-set-parameters
=== CONT  TestCheckedViewRanked7ArrayContracts/ranked7-related-wrong-code
=== CONT  TestCheckedViewRanked7ArrayContracts/ranked7-related-wrong-array
=== CONT  TestCheckedViewRanked7ArrayContracts/ranked7-related-push
=== CONT  TestCheckedViewRanked7ArrayContracts/ranked7-related-absent
=== CONT  TestCheckedViewRanked7ArrayContracts/ranked7-related
=== CONT  TestCheckedViewRanked7ArrayContracts/ranked7-references-wrong-path
=== CONT  TestCheckedViewRanked7ArrayContracts/ranked7-references-wrong-circular
=== CONT  TestCheckedViewRanked7ArrayContracts/ranked7-references-wrong-array
=== CONT  TestCheckedViewRanked7ArrayContracts/ranked7-references-absent
=== CONT  TestCheckedViewRanked7ArrayContracts/ranked7-references
=== CONT  TestCheckedViewRanked7ArrayContracts/ranked7-heritage-wrong-token
=== CONT  TestCheckedViewRanked7ArrayContracts/ranked7-heritage-wrong-array
=== CONT  TestCheckedViewRanked7ArrayContracts/ranked7-heritage-types-wrong-element
=== CONT  TestCheckedViewRanked7ArrayContracts/ranked7-heritage-types-wrong-array
=== CONT  TestCheckedViewRanked7ArrayContracts/ranked7-heritage-types-lazy
=== CONT  TestCheckedViewRanked7ArrayContracts/ranked7-heritage-some
=== CONT  TestCheckedViewRanked7ArrayContracts/ranked7-heritage-absent
=== CONT  TestCheckedViewRanked7ArrayContracts/ranked7-heritage
=== CONT  TestCheckedViewRanked7ArrayContracts/ranked7-constructor-parameters-wrong-tag
=== CONT  TestCheckedViewRanked7ArrayContracts/ranked7-constructor-parameters-wrong-name
=== CONT  TestCheckedViewRanked7ArrayContracts/ranked7-constructor-parameters
=== CONT  TestCheckedViewRanked7ArrayContracts/ranked7-bind-wrong-file
=== CONT  TestCheckedViewRanked7ArrayContracts/ranked7-bind-wrong-array
=== CONT  TestCheckedViewRanked7ArrayContracts/ranked7-bind-push
=== CONT  TestCheckedViewRanked7ArrayContracts/ranked7-bind-filter
=== CONT  TestCheckedViewRanked7ArrayContracts/ranked7-bind-assign
=== CONT  TestCheckedViewRanked7ArrayContracts/ranked7-bind
=== CONT  TestCheckedViewRanked7ArrayContracts/ranked7-alias-wrong-element
=== CONT  TestCheckedViewRanked7ArrayContracts/ranked7-alias-wrong-array
=== CONT  TestCheckedViewRanked7ArrayContracts/ranked7-alias-nested
=== CONT  TestCheckedViewRanked7ArrayContracts/ranked7-alias-absent
=== CONT  TestCheckedViewRanked6Frontiers/ranked6-jsdoc-parent-cache
=== CONT  TestCheckedViewRanked8ArrayContracts/ranked8-enum-wrong-array
--- PASS: TestCheckedViewRanked6Frontiers (0.00s)
    --- PASS: TestCheckedViewRanked6Frontiers/ranked6-class-like-union-cast (0.18s)
    --- PASS: TestCheckedViewRanked6Frontiers/ranked6-jsdoc-parent-cache (0.19s)
=== CONT  TestCheckedViewRanked8ArrayContracts/ranked8-generic-push-wrong
=== CONT  TestCheckedViewRanked8ArrayContracts/ranked8-generic-push
--- PASS: TestCheckedViewRanked7ArrayContracts (0.00s)
    --- PASS: TestCheckedViewRanked7ArrayContracts/ranked7-alias (0.57s)
    --- PASS: TestCheckedViewRanked7ArrayContracts/ranked7-template-types-wrong-element (0.48s)
    --- PASS: TestCheckedViewRanked7ArrayContracts/ranked7-template-types (0.49s)
    --- PASS: TestCheckedViewRanked7ArrayContracts/ranked7-set-parameters-wrong-array (0.43s)
    --- PASS: TestCheckedViewRanked7ArrayContracts/ranked7-set-parameters (0.56s)
    --- PASS: TestCheckedViewRanked7ArrayContracts/ranked7-related-wrong-code (0.56s)
    --- PASS: TestCheckedViewRanked7ArrayContracts/ranked7-related-wrong-array (0.50s)
    --- PASS: TestCheckedViewRanked7ArrayContracts/ranked7-related-push (0.61s)
    --- PASS: TestCheckedViewRanked7ArrayContracts/ranked7-related-absent (0.53s)
    --- PASS: TestCheckedViewRanked7ArrayContracts/ranked7-references-wrong-path (0.47s)
    --- PASS: TestCheckedViewRanked7ArrayContracts/ranked7-related (0.60s)
    --- PASS: TestCheckedViewRanked7ArrayContracts/ranked7-references-wrong-circular (0.54s)
    --- PASS: TestCheckedViewRanked7ArrayContracts/ranked7-references-wrong-array (0.46s)
    --- PASS: TestCheckedViewRanked7ArrayContracts/ranked7-references-absent (0.46s)
    --- PASS: TestCheckedViewRanked7ArrayContracts/ranked7-references (0.51s)
    --- PASS: TestCheckedViewRanked7ArrayContracts/ranked7-heritage-wrong-token (0.54s)
    --- PASS: TestCheckedViewRanked7ArrayContracts/ranked7-heritage-wrong-array (0.44s)
    --- PASS: TestCheckedViewRanked7ArrayContracts/ranked7-heritage-types-wrong-element (0.50s)
    --- PASS: TestCheckedViewRanked7ArrayContracts/ranked7-heritage-types-wrong-array (0.49s)
    --- PASS: TestCheckedViewRanked7ArrayContracts/ranked7-heritage-types-lazy (0.60s)
    --- PASS: TestCheckedViewRanked7ArrayContracts/ranked7-heritage-absent (0.44s)
    --- PASS: TestCheckedViewRanked7ArrayContracts/ranked7-heritage-some (0.71s)
    --- PASS: TestCheckedViewRanked7ArrayContracts/ranked7-heritage (0.73s)
    --- PASS: TestCheckedViewRanked7ArrayContracts/ranked7-constructor-parameters-wrong-tag (0.50s)
    --- PASS: TestCheckedViewRanked7ArrayContracts/ranked7-constructor-parameters-wrong-name (0.56s)
    --- PASS: TestCheckedViewRanked7ArrayContracts/ranked7-constructor-parameters (0.59s)
    --- PASS: TestCheckedViewRanked7ArrayContracts/ranked7-bind-wrong-file (0.50s)
    --- PASS: TestCheckedViewRanked7ArrayContracts/ranked7-bind-wrong-array (0.45s)
    --- PASS: TestCheckedViewRanked7ArrayContracts/ranked7-bind-push (0.56s)
    --- PASS: TestCheckedViewRanked7ArrayContracts/ranked7-bind-filter (0.61s)
    --- PASS: TestCheckedViewRanked7ArrayContracts/ranked7-bind-assign (0.52s)
    --- PASS: TestCheckedViewRanked7ArrayContracts/ranked7-bind (0.56s)
    --- PASS: TestCheckedViewRanked7ArrayContracts/ranked7-alias-wrong-element (0.52s)
    --- PASS: TestCheckedViewRanked7ArrayContracts/ranked7-alias-wrong-array (0.48s)
    --- PASS: TestCheckedViewRanked7ArrayContracts/ranked7-alias-nested (0.53s)
    --- PASS: TestCheckedViewRanked7ArrayContracts/ranked7-alias-absent (0.47s)
=== CONT  TestCheckedViewRanked8ArrayContracts/ranked8-generic-missing
=== CONT  TestCheckedViewRanked8ArrayContracts/ranked8-generic
=== CONT  TestCheckedViewRanked8ArrayContracts/ranked8-function-parameters-wrong-element
=== CONT  TestCheckedViewRanked8ArrayContracts/ranked8-function-parameters
=== CONT  TestCheckedViewRanked8ArrayContracts/ranked8-enum-wrong-name
=== CONT  TestCheckedViewRanked8ArrayContracts/ranked8-enum-wrong-initializer
=== CONT  TestCheckedViewRanked8ArrayContracts/ranked8-composite-nested
=== CONT  TestCheckedViewRanked8ArrayContracts/ranked8-enum
=== CONT  TestCheckedViewRanked8ArrayContracts/ranked8-composite-wrong-element
=== CONT  TestCheckedViewRanked8ArrayContracts/ranked8-composite-wrong-array
=== CONT  TestCheckedViewRanked8ArrayContracts/ranked8-composite-push
=== CONT  TestCheckedViewRanked8ArrayContracts/ranked8-composite
=== CONT  TestCheckedViewRanked8ArrayContracts/ranked8-composite-absent
=== CONT  TestCheckedViewRanked8ArrayContracts/ranked8-bundle-wrong-element
=== CONT  TestCheckedViewRanked8ArrayContracts/ranked8-bundle-wrong-array
--- PASS: TestCheckedViewRanked8ArrayContracts (0.00s)
    --- PASS: TestCheckedViewRanked8ArrayContracts/ranked8-generic-undefined (0.58s)
    --- PASS: TestCheckedViewRanked8ArrayContracts/ranked8-bundle (0.64s)
    --- PASS: TestCheckedViewRanked8ArrayContracts/ranked8-parameter-modifiers-wrong-tag (0.63s)
    --- PASS: TestCheckedViewRanked8ArrayContracts/ranked8-parameter-modifiers-wrong-array (0.55s)
    --- PASS: TestCheckedViewRanked8ArrayContracts/ranked8-parameter-modifiers-absent (0.57s)
    --- PASS: TestCheckedViewRanked8ArrayContracts/ranked8-method-parameters-wrong-array (0.55s)
    --- PASS: TestCheckedViewRanked8ArrayContracts/ranked8-parameter-modifiers (0.73s)
    --- PASS: TestCheckedViewRanked8ArrayContracts/ranked8-jsx-wrong-tag (0.60s)
    --- PASS: TestCheckedViewRanked8ArrayContracts/ranked8-method-parameters (0.69s)
    --- PASS: TestCheckedViewRanked8ArrayContracts/ranked8-jsx-wrong-nested (0.65s)
    --- PASS: TestCheckedViewRanked8ArrayContracts/ranked8-jsx-wrong-array (0.55s)
    --- PASS: TestCheckedViewRanked8ArrayContracts/ranked8-jsx-lazy (0.61s)
    --- PASS: TestCheckedViewRanked8ArrayContracts/ranked8-jsx-fragment (0.62s)
    --- PASS: TestCheckedViewRanked8ArrayContracts/ranked8-imports-wrong-text (0.58s)
    --- PASS: TestCheckedViewRanked8ArrayContracts/ranked8-jsx (0.77s)
    --- PASS: TestCheckedViewRanked8ArrayContracts/ranked8-imports-wrong-tag (0.56s)
    --- PASS: TestCheckedViewRanked8ArrayContracts/ranked8-imports-through-bundle (0.60s)
    --- PASS: TestCheckedViewRanked8ArrayContracts/ranked8-imports (0.61s)
    --- PASS: TestCheckedViewRanked8ArrayContracts/ranked8-generic-wrong-element (0.57s)
    --- PASS: TestCheckedViewRanked8ArrayContracts/ranked8-enum-wrong-array (0.59s)
    --- PASS: TestCheckedViewRanked8ArrayContracts/ranked8-generic-push-wrong (0.59s)
    --- PASS: TestCheckedViewRanked8ArrayContracts/ranked8-generic-missing (0.52s)
    --- PASS: TestCheckedViewRanked8ArrayContracts/ranked8-generic-push (0.62s)
    --- PASS: TestCheckedViewRanked8ArrayContracts/ranked8-generic (0.63s)
    --- PASS: TestCheckedViewRanked8ArrayContracts/ranked8-function-parameters-wrong-element (0.56s)
    --- PASS: TestCheckedViewRanked8ArrayContracts/ranked8-function-parameters (0.64s)
    --- PASS: TestCheckedViewRanked8ArrayContracts/ranked8-enum-wrong-name (0.60s)
    --- PASS: TestCheckedViewRanked8ArrayContracts/ranked8-enum-wrong-initializer (0.66s)
    --- PASS: TestCheckedViewRanked8ArrayContracts/ranked8-composite-nested (0.67s)
    --- PASS: TestCheckedViewRanked8ArrayContracts/ranked8-composite-wrong-element (0.57s)
    --- PASS: TestCheckedViewRanked8ArrayContracts/ranked8-enum (0.77s)
    --- PASS: TestCheckedViewRanked8ArrayContracts/ranked8-composite-wrong-array (0.59s)
    --- PASS: TestCheckedViewRanked8ArrayContracts/ranked8-composite-push (0.70s)
    --- PASS: TestCheckedViewRanked8ArrayContracts/ranked8-composite (0.69s)
    --- PASS: TestCheckedViewRanked8ArrayContracts/ranked8-composite-absent (0.55s)
    --- PASS: TestCheckedViewRanked8ArrayContracts/ranked8-bundle-wrong-element (0.50s)
    --- PASS: TestCheckedViewRanked8ArrayContracts/ranked8-bundle-wrong-array (0.49s)
PASS
gate cache: native hits=0 misses=0
gate cache: node hits=0 misses=670
gate cache: probe hits=0 misses=0
ok  	github.com/system-inc/adamic/internal/oracle	44.557s
exit=0
