reason,owner,unowned,context_sensitive_read,NotYet,Refused,count
a cast the runtime can't check,01a11410,False,False,0,3648,3648
a function inside a function (a closure),OWNER BLANK,True,False,3109,0,3109
an object refinement using an open numeric enum as a literal tag,OWNER BLANK,True,False,0,2776,2776
the non-null assertion !,01a1130a,False,False,0,1754,1754
a method call through a structural signature in a program with statics; use typeof the declaring class,01a1143c,False,False,1596,0,1596
reading node,OWNER BLANK,True,True,1046,0,1046
a number as a condition,OWNER BLANK,True,False,0,643,643
a PrefixUnaryExpression on a value,01a1143b-f5d4,False,False,627,0,627
a NonNullExpression,01a1130a,False,False,555,0,555
reading Debug,01a113e7-bfed,False,True,511,0,511
a type predicate whose return is not proven (return expression is not a trusted check on node),01a1143b-d691,False,False,0,414,414
a BinaryExpression with a value and a value,OWNER BLANK,True,False,409,0,409
a PrefixUnaryExpression on a number,OWNER BLANK,True,False,310,0,310
a function without a body,01a1143b-f5d4,False,False,302,0,302
a value as a condition,codex/taste-not-soundness,False,False,0,271,271
a BinaryExpression with a value and a boolean,OWNER BLANK,True,False,257,0,257
reading result,OWNER BLANK,True,True,226,0,226
a BinaryExpression with a number and a number,OWNER BLANK,True,False,200,0,200
a field of type boolean | undefined,OWNER BLANK,True,False,164,0,164
a value of type __String,OWNER BLANK,True,False,152,0,152
var,OWNER BLANK,True,False,0,140,140
"a Map whose keys aren't strings, numbers, booleans, objects, arrays, maps or functions",OWNER BLANK,True,False,137,0,137
a function returning T,01a1143c,False,False,118,0,118
a value of type Path,OWNER BLANK,True,False,113,0,113
assigning to an Identifier,OWNER BLANK,True,False,112,0,112
a BinaryExpression with a boolean and a value,OWNER BLANK,True,False,109,0,109
||=,01a113e3-a058,False,False,0,105,105
a call through ?. (an optional call),OWNER BLANK,True,False,104,0,104
a string as a condition,01a113e3-a058,False,False,0,101,101
for...of over an object,OWNER BLANK,True,False,99,0,99
reading type,OWNER BLANK,True,True,94,0,94
a function returning T | undefined,01a1143c,False,False,93,0,93
a value of type any,"adaptation 40, stage 3",False,False,91,0,91
"a value of type DiagnosticWithLocation seen as Diagnostic, which can write SourceFile | undefined where SourceFile is read","adaptation 70, stage 3",False,False,0,90,90
a boolean | undefined as a condition,01a113e3-a058,False,False,0,81,81
a BinaryExpression with a number and a boolean,OWNER BLANK,True,False,72,0,72
a parameter that isn't a plain name,OWNER BLANK,True,False,71,0,71
a type predicate whose return is not proven (there is no body proving this parameter),01a1143b-d691,False,False,0,71,71
a BinaryExpression with a boolean and a number,OWNER BLANK,True,False,62,0,62
"a value of type DiagnosticWithLocation seen as DiagnosticRelatedInformation, which can write SourceFile | undefined where SourceFile is read","adaptation 70, stage 3",False,False,0,59,59
an array of never,OWNER BLANK,True,False,56,0,56
a declaration directly in a case (wrap the case in a block),OWNER BLANK,True,False,55,0,55
a value of type T,OWNER BLANK,True,False,55,0,55
"optional property id in Node absent from structural source never, which can hide fields",OWNER BLANK,True,False,0,55,55
reading performance,OWNER BLANK,True,True,52,0,52
a PrefixUnaryExpression on a boolean | undefined,OWNER BLANK,True,False,50,0,50
the comma operator,OWNER BLANK,True,False,0,47,47
reading symbol,OWNER BLANK,True,True,44,0,44
a BinaryExpression as a statement,OWNER BLANK,True,False,43,0,43
reading name,OWNER BLANK,True,True,43,0,43
reading updated,OWNER BLANK,True,True,42,0,42
a BinaryExpression with a value and a number,OWNER BLANK,True,False,37,0,37
a type predicate whose return is not proven (return paths through KindSwitchStatement are not verified),01a1143b-d691,False,False,0,37,37
reading expression,OWNER BLANK,True,True,36,0,36
a PrefixUnaryExpression on a string,OWNER BLANK,True,False,35,0,35
"a value of type SourceFile seen as SourceFileLike, which can write readonly number[] | undefined where readonly number[] is read","adaptation 70, stage 3",False,False,0,34,34
reading host,OWNER BLANK,True,True,33,0,33
this outside a method,OWNER BLANK,True,False,33,0,33
a call returning void | undefined,OWNER BLANK,True,False,31,0,31
a void call used as a value,OWNER BLANK,True,False,31,0,31
reading statement,OWNER BLANK,True,True,31,0,31
a function value returning union of differently held members,OWNER BLANK,True,False,30,0,30
an ElementAccessExpression,OWNER BLANK,True,False,27,0,27
reading clone,OWNER BLANK,True,True,27,0,27
reading declaration,OWNER BLANK,True,True,27,0,27
"a value of type TupleTypeReference seen as TypeReference, which can write GenericType where TupleType is read","adaptation 70, stage 3",False,False,0,25,25
an array of T,OWNER BLANK,True,False,25,0,25
replacing a represented method at runtime,OWNER BLANK,True,False,25,0,25
an unproven relation from Type to TypeParameter: optional field constraint has no proven compatible presence/type,OWNER BLANK,True,False,0,24,24
a field of type string | NodeArray<JSDocComment> | undefined,OWNER BLANK,True,False,23,0,23
a method in object destructuring,OWNER BLANK,True,False,0,23,23
reading compilerOptions,OWNER BLANK,True,True,23,0,23
a BinaryExpression with a string and a string,OWNER BLANK,True,False,22,0,22
a type predicate whose return is not proven (return expression is not a trusted check on kind),01a1143b-d691,False,False,0,22,22
a value of type __String | undefined,OWNER BLANK,True,False,22,0,22
a value of type T | undefined,OWNER BLANK,True,False,21,0,21
a value of type unknown,01a114ab,False,False,21,0,21
new an Identifier,OWNER BLANK,True,False,21,0,21
"optional property source in SourceMapRange absent from structural source TextRange, which can hide fields",OWNER BLANK,True,False,0,21,21
a BinaryExpression with a number | undefined and a number,OWNER BLANK,True,False,20,0,20
a PrefixUnaryExpression on a number | undefined,OWNER BLANK,True,False,20,0,20
a generic function as a value,OWNER BLANK,True,False,20,0,20
a type predicate whose return is not proven (branch is not a trusted parameter check),01a1143b-d691,False,False,0,20,20
a value of type SolutionBuilderState<T>,OWNER BLANK,True,False,20,0,20
"optional property return in ArrayIterator<Statement> absent from structural source ArrayIterator<JsonObjectExpressionStatement>, which can hide fields",OWNER BLANK,True,False,0,20,20
a call to a PropertyAccessExpression,OWNER BLANK,True,False,19,0,19
"a value of type FlowNode seen as FlowNode | undefined, which can write BindingElement | Expression | VariableDeclaration where BinaryExpression | CallExpression is read","adaptation 70, stage 3",False,False,0,19,19
reading resolved,OWNER BLANK,True,True,19,0,19
a BinaryExpression with a boolean | undefined and a boolean,OWNER BLANK,True,False,18,0,18
a function returning U | undefined,OWNER BLANK,True,False,18,0,18
a function returning __String,OWNER BLANK,True,False,18,0,18
"a method read as a value (liftToBlock would lose its object, and this with it)",OWNER BLANK,True,False,0,18,18
a value of type ResolvedConfigFilePath,OWNER BLANK,True,False,18,0,18
"a value of type T[""kind""]",OWNER BLANK,True,False,18,0,18
reading sourceFile,OWNER BLANK,True,True,18,0,18
a function returning __String | undefined,OWNER BLANK,True,False,17,0,17
"optional property id in ArrayBindingPattern absent from structural source never, which can hide fields",OWNER BLANK,True,False,0,17,17
reading options,OWNER BLANK,True,True,17,0,17
a BinaryExpression with a number and a value,OWNER BLANK,True,False,16,0,16
"a value of type ResolvedType seen as ObjectType, which can write SymbolTable | undefined where SymbolTable is read","adaptation 70, stage 3",False,False,0,16,16
reading candidate,OWNER BLANK,True,True,16,0,16
reading visited,OWNER BLANK,True,True,16,0,16
a number | undefined as a condition,OWNER BLANK,True,False,0,15,15
"a value of type never[] seen as Diagnostic[], which can write Diagnostic where never is read","adaptation 70, stage 3",False,False,0,15,15
a value of type object,OWNER BLANK,True,False,15,0,15
"optional property return in ArrayIterator<Node> absent from structural source ArrayIterator<JSDocComment>, which can hide fields",OWNER BLANK,True,False,0,15,15
reading file,OWNER BLANK,True,True,15,0,15
reading sig,OWNER BLANK,True,True,15,0,15
yield (generators),OWNER BLANK,True,False,0,15,15
"a Set of __String (a Set holds strings, numbers, booleans, objects, arrays, maps or functions so far)",OWNER BLANK,True,False,14,0,14
a function returning Path,OWNER BLANK,True,False,14,0,14
a function returning any,OWNER BLANK,True,False,14,0,14
"a value of type Node seen as TextRange, whose readonly field pos becomes writable: a readonly field may hold something narrower than number, which a write of number would replace","adaptation 70, stage 3",False,False,0,14,14
"a value of type never[] seen as BaseType[], which can write BaseType where never is read","adaptation 70, stage 3",False,False,0,14,14
"a value of type { value: never; done: true; } seen as IteratorResult<Mapping, any>, which can write any where never is read","adaptation 70, stage 3",False,False,0,14,14
an unproven value assigned to a numeric literal or enum member slot SyntaxKind.JSDocTypeExpression,OWNER BLANK,True,False,0,14,14
reading block,OWNER BLANK,True,True,14,0,14
reading child,OWNER BLANK,True,True,14,0,14
reading parameter,OWNER BLANK,True,True,14,0,14
a BinaryExpression with a boolean and a boolean | undefined,OWNER BLANK,True,False,13,0,13
"a value of type never[] seen as string[], which can write string where never is read","adaptation 70, stage 3",False,False,0,13,13
reading diag,OWNER BLANK,True,True,13,0,13
reading index,OWNER BLANK,True,True,13,0,13
reading related,OWNER BLANK,True,True,13,0,13
the void operator,OWNER BLANK,True,False,0,13,13
a definite assignment assertion !,OWNER BLANK,True,False,0,12,12
a generator function,OWNER BLANK,True,False,0,12,12
"a method read as a value (parenthesizeExpressionForDisallowedComma would lose its object, and this with it)",OWNER BLANK,True,False,0,12,12
a union of differently held members as a condition,OWNER BLANK,True,False,0,12,12
"a value of type Node[] seen as unknown[], which can write unknown where Node is read","adaptation 70, stage 3",False,False,0,12,12
a value of type ResolvedConfigFileName,OWNER BLANK,True,False,12,0,12
"a value of type never[] seen as Signature[], which can write Signature where never is read","adaptation 70, stage 3",False,False,0,12,12
"a value of type never[] seen as Symbol[], which can write Symbol where never is read","adaptation 70, stage 3",False,False,0,12,12
"a value without nominal ancestry seen as BinaryExpressionStateMachine<TOuterState, TState, TResult>","adaptation 70, stage 3",False,False,0,12,12
an array of any,OWNER BLANK,True,False,12,0,12
optional chaining to .size on a value,OWNER BLANK,True,False,12,0,12
reading array,OWNER BLANK,True,True,12,0,12
reading t,OWNER BLANK,True,True,12,0,12
a function returning undefined,OWNER BLANK,True,False,11,0,11
"a function with an optional or rest parameter, as a value",OWNER BLANK,True,False,11,0,11
a namespace,codex/namespaces-tsc,False,False,0,11,11
"a value of type NodeBuilderContext seen as SyntacticTypeNodeBuilderContext, which can write Required<Pick<SymbolTracker, ""reportInferenceFallback"">> where SymbolTrackerImpl is read","adaptation 70, stage 3",False,False,0,11,11
a value of type NonNullable<T>,OWNER BLANK,True,False,11,0,11
a value of type TKind,OWNER BLANK,True,False,11,0,11
an index signature,01a113e7,False,False,0,11,11
"for...in without a proven fixed plain-object origin (arrays, prototypes and absent synthetic fields cannot be enumerated soundly)",OWNER BLANK,True,False,11,0,11
in,OWNER BLANK,True,False,0,11,11
reading body,OWNER BLANK,True,True,11,0,11
reading cache,OWNER BLANK,True,True,11,0,11
a field of type true | Node | undefined,OWNER BLANK,True,False,10,0,10
"a value of type BuilderProgramStateWithDefinedProgram seen as BuilderProgramState, which can write Program | undefined where Program is read","adaptation 70, stage 3",False,False,0,10,10
"a value of type Map<string, never[]> seen as Map<string, string[]> | Map<string, never[]> | Map<string, string[] | never[]>, which can write string[] where never[] is read","adaptation 70, stage 3",False,False,0,10,10
"a value of type Symbol | undefined seen as Type | undefined, which can write TypeFlags where SymbolFlags is read","adaptation 70, stage 3",False,False,0,10,10
an enum inside a function or block; declare it at module scope,OWNER BLANK,True,False,10,0,10
an optional chain longer than one step,OWNER BLANK,True,False,10,0,10
"optional property constraint in TypeParameter absent from structural source Type, which can hide fields",OWNER BLANK,True,False,0,10,10
"optional property id in BigIntLiteral absent from structural source never, which can hide fields",OWNER BLANK,True,False,0,10,10
reading exception,OWNER BLANK,True,True,10,0,10
reading reference,OWNER BLANK,True,True,10,0,10
a BinaryExpression with a number and a string,OWNER BLANK,True,False,9,0,9
a ModuleDeclaration,OWNER BLANK,True,False,9,0,9
a PrefixUnaryExpression on a union of differently held members,OWNER BLANK,True,False,9,0,9
"a function taking Identifier seen as one taking Identifier | undefined (tsc relates a method's parameters both ways), so it can be handed what it can't take","adaptation 70, stage 3",False,False,0,9,9
"a value of type BuilderProgramState seen as ReusableBuilderProgramState, which can write Map<Path, readonly Diagnostic[] | readonly ReusableDiagnostic[]> where Map<Path, readonly Diagnostic[]> is read","adaptation 70, stage 3",False,False,0,9,9
"a value of type DiagnosticWithLocation[] seen as Diagnostic[], which can write Diagnostic where DiagnosticWithLocation is read","adaptation 70, stage 3",False,False,0,9,9
"a value of type Expression seen as TextRange | undefined, whose readonly field pos becomes writable: a readonly field may hold something narrower than number, which a write of number would replace","adaptation 70, stage 3",False,False,0,9,9
"a value of type never[] seen as IndexInfo[], which can write IndexInfo where never is read","adaptation 70, stage 3",False,False,0,9,9
reading Parser,OWNER BLANK,True,True,9,0,9
reading decl,OWNER BLANK,True,True,9,0,9
reading elem,OWNER BLANK,True,True,9,0,9
reading existing,OWNER BLANK,True,True,9,0,9
reading expr,OWNER BLANK,True,True,9,0,9
reading parsed,OWNER BLANK,True,True,9,0,9
reading restType,OWNER BLANK,True,True,9,0,9
storing boolean | undefined in a field,OWNER BLANK,True,False,9,0,9
a BinaryExpression with a string and a number,OWNER BLANK,True,False,8,0,8
a field of type true | undefined,OWNER BLANK,True,False,8,0,8
"a function taking boolean seen as one taking boolean | undefined (tsc relates a method's parameters both ways), so it can be handed what it can't take","adaptation 70, stage 3",False,False,0,8,8
"a method read as a value (realpath would lose its object, and this with it)",OWNER BLANK,True,False,0,8,8
a type predicate whose return is not proven (return expression is not a trusted check on type),01a1143b-d691,False,False,0,8,8
a value of type K,OWNER BLANK,True,False,8,0,8
"a value of type T seen as Mutable<T>, whose readonly field pos becomes writable: a readonly field may hold something narrower than number, which a write of any would replace","adaptation 70, stage 3",False,False,0,8,8
"a value of type never[] seen as Type[], which can write Type where never is read","adaptation 70, stage 3",False,False,0,8,8
a value of type readonly T[],OWNER BLANK,True,False,8,0,8
new a ParenthesizedExpression,OWNER BLANK,True,False,8,0,8
reading bundle,OWNER BLANK,True,True,8,0,8
reading diagnostics,OWNER BLANK,True,True,8,0,8
reading flags,OWNER BLANK,True,True,8,0,8
reading left,OWNER BLANK,True,True,8,0,8
reading links,OWNER BLANK,True,True,8,0,8
reading parent,OWNER BLANK,True,True,8,0,8
reading reduced,OWNER BLANK,True,True,8,0,8
reading specifier,OWNER BLANK,True,True,8,0,8
reading statements,OWNER BLANK,True,True,8,0,8
reading target,OWNER BLANK,True,True,8,0,8
reading temp,OWNER BLANK,True,True,8,0,8
reading text,OWNER BLANK,True,True,8,0,8
a BinaryExpression with a string and a boolean,OWNER BLANK,True,False,7,0,7
a field of type string | DiagnosticMessageChain,OWNER BLANK,True,False,7,0,7
a function returning T[],01a1143c,False,False,7,0,7
"a method read as a value (parenthesizeLeftSideOfAccess would lose its object, and this with it)",OWNER BLANK,True,False,0,7,7
a value of type BindableStaticNameExpression,OWNER BLANK,True,False,7,0,7
"a value of type FlowNode seen as FlowNode[] | FlowNode | undefined, which can write BindingElement | Expression | VariableDeclaration where BinaryExpression | CallExpression is read","adaptation 70, stage 3",False,False,0,7,7
"a value of type GeneratedIdentifier | Identifier seen as Identifier, whose readonly field emitNode becomes writable: a readonly field may hold something narrower than EmitNode & { autoGenerate: AutoGenerateInfo; }, which a write of EmitNode | undefined would replace","adaptation 70, stage 3",False,False,0,7,7
a value of type readonly T[] | undefined,OWNER BLANK,True,False,7,0,7
an unproven value assigned to a numeric literal or enum member slot SyntaxKind.SourceFile,OWNER BLANK,True,False,0,7,7
assigning a field of a value,OWNER BLANK,True,False,7,0,7
"optional property id in ExternalModuleReference absent from structural source never, which can hide fields",OWNER BLANK,True,False,0,7,7
"optional property id in Identifier absent from structural source never, which can hide fields",OWNER BLANK,True,False,0,7,7
"optional property members in ObjectType absent from structural source IntrinsicType, which can hide fields",OWNER BLANK,True,False,0,7,7
reading buildOrder,OWNER BLANK,True,True,7,0,7
reading current,OWNER BLANK,True,True,7,0,7
reading directoryWatcher,OWNER BLANK,True,True,7,0,7
reading element,OWNER BLANK,True,True,7,0,7
reading firstDecorator,OWNER BLANK,True,True,7,0,7
reading flowType,OWNER BLANK,True,True,7,0,7
reading initializer,OWNER BLANK,True,True,7,0,7
reading res,OWNER BLANK,True,True,7,0,7
reading scope,OWNER BLANK,True,True,7,0,7
reading source,OWNER BLANK,True,True,7,0,7
reading token,OWNER BLANK,True,True,7,0,7
reading ts,OWNER BLANK,True,True,7,0,7
reading typeNode,OWNER BLANK,True,True,7,0,7
regex replacement other than a string,OWNER BLANK,True,False,7,0,7
?.[] on a value,OWNER BLANK,True,False,6,0,6
a BinaryExpression with a boolean and a string,OWNER BLANK,True,False,6,0,6
a BinaryExpression with a value and a string,OWNER BLANK,True,False,6,0,6
"a Set of Path (a Set holds strings, numbers, booleans, objects, arrays, maps or functions so far)",OWNER BLANK,True,False,6,0,6
"a function taking BinaryExpressionStateMachine<TOuterState, TState, TResult> seen as one taking BinaryExpressionStateMachine<TOuterState, TState, TResult> (tsc relates a method's parameters both ways), so it can be handed what it can't take","adaptation 70, stage 3",False,False,0,6,6
a function value returning boolean | undefined,OWNER BLANK,True,False,6,0,6
"a method read as a value (fileExists would lose its object, and this with it)",OWNER BLANK,True,False,0,6,6
"a method read as a value (parenthesizeOperandOfPrefixUnary would lose its object, and this with it)",OWNER BLANK,True,False,0,6,6
"a method read as a value (readFile would lose its object, and this with it)",OWNER BLANK,True,False,0,6,6
a parameter property,OWNER BLANK,True,False,0,6,6
a type predicate whose return is not proven (return expression is not a trusted check on n),01a1143b-d691,False,False,0,6,6
a type predicate whose return is not proven (return expression is not a trusted check on token),01a1143b-d691,False,False,0,6,6
"a value of type Declaration[] seen as Node[], which can write Node where Declaration is read","adaptation 70, stage 3",False,False,0,6,6
"a value of type Expression seen as SourceMapRange | undefined, whose readonly field pos becomes writable: a readonly field may hold something narrower than number, which a write of number would replace","adaptation 70, stage 3",False,False,0,6,6
"a value of type FlowNode | undefined seen as false | FlowNode | undefined, which can write BindingElement | Expression | VariableDeclaration where BinaryExpression | CallExpression is read","adaptation 70, stage 3",False,False,0,6,6
a value of type HasJSDoc | undefined,OWNER BLANK,True,False,6,0,6
"a value of type Identifier seen as SourceMapRange | undefined, whose readonly field pos becomes writable: a readonly field may hold something narrower than number, which a write of number would replace","adaptation 70, stage 3",False,False,0,6,6
"a value of type NonNullable<T> seen as T, a type parameter whose constraint any can be written, so it can write what NonNullable<T> can't hold","adaptation 70, stage 3",False,False,0,6,6
a value of type TOuterState,OWNER BLANK,True,False,6,0,6
"a value of type TypeNode | undefined seen as Type | undefined, whose readonly field flags becomes writable: a readonly field may hold something narrower than NodeFlags, which a write of TypeFlags would replace","adaptation 70, stage 3",False,False,0,6,6
"a value of type undefined seen as T, a type parameter whose constraint Node can be written, so it can write what undefined can't hold","adaptation 70, stage 3",False,False,0,6,6
an unproven value assigned to a numeric literal or enum member slot SyntaxKind,OWNER BLANK,True,False,0,6,6
an unproven value assigned to a numeric literal or enum member slot SyntaxKind.TypeKeyword,OWNER BLANK,True,False,0,6,6
assigning to a NonNullExpression,OWNER BLANK,True,False,6,0,6
"optional property id in Expression absent from structural source never, which can hide fields",OWNER BLANK,True,False,0,6,6
reading autoGenerate,OWNER BLANK,True,True,6,0,6
reading c,OWNER BLANK,True,True,6,0,6
reading cacheKey,OWNER BLANK,True,True,6,0,6
reading errorNode,OWNER BLANK,True,True,6,0,6
reading includes,OWNER BLANK,True,True,6,0,6
reading isGenerator,OWNER BLANK,True,True,6,0,6
reading iterationTypes,OWNER BLANK,True,True,6,0,6
reading localOrExportSymbol,OWNER BLANK,True,True,6,0,6
reading map,OWNER BLANK,True,True,6,0,6
reading packageInfo,OWNER BLANK,True,True,6,0,6
reading params,OWNER BLANK,True,True,6,0,6
reading pos,OWNER BLANK,True,True,6,0,6
reading propertyName,OWNER BLANK,True,True,6,0,6
reading queue,OWNER BLANK,True,True,6,0,6
reading start,OWNER BLANK,True,True,6,0,6
reading typeParameters,OWNER BLANK,True,True,6,0,6
reading v,OWNER BLANK,True,True,6,0,6
reading value,OWNER BLANK,True,True,6,0,6
storing boolean in a field,OWNER BLANK,True,False,6,0,6
a BinaryExpression with a boolean | undefined and a number,OWNER BLANK,True,False,5,0,5
a BinaryExpression with a number and a boolean | undefined,OWNER BLANK,True,False,5,0,5
a case whose type differs from the switch's,OWNER BLANK,True,False,5,0,5
a function returning U,OWNER BLANK,True,False,5,0,5
"a method read as a value (directoryExists would lose its object, and this with it)",OWNER BLANK,True,False,0,5,5
"a method read as a value (getCanonicalFileName would lose its object, and this with it)",OWNER BLANK,True,False,0,5,5
"a method read as a value (trace would lose its object, and this with it)",OWNER BLANK,True,False,0,5,5
"a value of type CompilerOptionsValue seen as TsConfigSourceFile | CompilerOptionsValue, which can write string | number where string is read","adaptation 70, stage 3",False,False,0,5,5
"a value of type DiagnosticWithDetachedLocation seen as DiagnosticRelatedInformation, which can write SourceFile | undefined where undefined is read","adaptation 70, stage 3",False,False,0,5,5
"a value of type FlowArrayMutation | FlowAssignment seen as FlowNode, which can write BindingElement | Expression | VariableDeclaration where BinaryExpression | CallExpression is read","adaptation 70, stage 3",False,False,0,5,5
"a value of type GeneratedIdentifier | GeneratedPrivateIdentifier | Node seen as Node, whose readonly field emitNode becomes writable: a readonly field may hold something narrower than EmitNode & { autoGenerate: AutoGenerateInfo; }, which a write of EmitNode | undefined would replace","adaptation 70, stage 3",False,False,0,5,5
"a value of type Node seen as Mutable<Node>, whose readonly field pos becomes writable: a readonly field may hold something narrower than number, which a write of number would replace","adaptation 70, stage 3",False,False,0,5,5
"a value of type Symbol | undefined seen as Declaration | undefined, which can write number | undefined where number is read","adaptation 70, stage 3",False,False,0,5,5
a value of type string | null | undefined,OWNER BLANK,True,False,5,0,5
"a value of type string[] seen as CompilerOptionsValue, which can write string | number where string is read","adaptation 70, stage 3",False,False,0,5,5
an arbitrary number or a value from another enum assigned to InternalSymbolName.Call; its members are a closed union,OWNER BLANK,True,False,0,5,5
an array of U,OWNER BLANK,True,False,5,0,5
an unproven value assigned to a numeric literal or enum member slot CompilerOptions | BuilderFileEmit,OWNER BLANK,True,False,0,5,5
an unproven value assigned to a numeric literal or enum member slot ModifierFlags.None,OWNER BLANK,True,False,0,5,5
"optional property all in CompilerOptions absent from structural source BuildOptions, which can hide fields",OWNER BLANK,True,False,0,5,5
"optional property reportsUnnecessary in Diagnostic absent from structural source DiagnosticRelatedInformation, which can hide fields",OWNER BLANK,True,False,0,5,5
"optional property skipLogging in ErrorOutputContainer absent from structural source { errors?: Diagnostic[] | undefined; }, which can hide fields",OWNER BLANK,True,False,0,5,5
"optional property version in PackageJson absent from structural source PackageJsonPathFields, which can hide fields",OWNER BLANK,True,False,0,5,5
reading arg,OWNER BLANK,True,True,5,0,5
reading assignedName,OWNER BLANK,True,True,5,0,5
reading buildOptions,OWNER BLANK,True,True,5,0,5
reading classType,OWNER BLANK,True,True,5,0,5
reading configFile,OWNER BLANK,True,True,5,0,5
reading entityName,OWNER BLANK,True,True,5,0,5
reading exportSpecifiers,OWNER BLANK,True,True,5,0,5
reading extensions,OWNER BLANK,True,True,5,0,5
reading innerExpression,OWNER BLANK,True,True,5,0,5
reading jsFilePath,OWNER BLANK,True,True,5,0,5
reading merged,OWNER BLANK,True,True,5,0,5
reading objectFlags,OWNER BLANK,True,True,5,0,5
reading path,OWNER BLANK,True,True,5,0,5
reading propType,OWNER BLANK,True,True,5,0,5
reading thisType,OWNER BLANK,True,True,5,0,5
reading typeName,OWNER BLANK,True,True,5,0,5
reading types,OWNER BLANK,True,True,5,0,5
reading valueDeclaration,OWNER BLANK,True,True,5,0,5
reading watcher,OWNER BLANK,True,True,5,0,5
reading yieldType,OWNER BLANK,True,True,5,0,5
Object.defineProperties,OWNER BLANK,True,False,0,4,4
a BinaryExpression with a string and a value,OWNER BLANK,True,False,4,0,4
a VoidExpression as a statement,OWNER BLANK,True,False,4,0,4
a computed field name,OWNER BLANK,True,False,4,0,4
"a field of type ""boolean"" | ""list"" | ""listOrElement"" | ""number"" | ""object"" | ""string"" | Map<string, string | number>",OWNER BLANK,True,False,4,0,4
a function returning CompilerOptionsValue,OWNER BLANK,True,False,4,0,4
a function returning PackageJson[K] | undefined,OWNER BLANK,True,False,4,0,4
a function returning R,OWNER BLANK,True,False,4,0,4
a function returning Token<TKind>,01a1143c,False,False,4,0,4
"a function taking readonly Modifier[] | undefined seen as one taking readonly ModifierLike[] | undefined (tsc relates a method's parameters both ways), so it can be handed what it can't take","adaptation 70, stage 3",False,False,0,4,4
"a method read as a value (getSourceFile would lose its object, and this with it)",OWNER BLANK,True,False,0,4,4
a narrowed union member whose object tag cannot be checked with typeof; keep differently held object kinds in separately typed variables,OWNER BLANK,True,False,4,0,4
a type predicate whose return is not proven (return expression is not a trusted check on expr),01a1143b-d691,False,False,0,4,4
a type predicate whose return is not proven (return expression is not a trusted check on f),01a1143b-d691,False,False,0,4,4
a value of type (ConstructorDeclaration & { body: Block; }) | undefined,OWNER BLANK,True,False,4,0,4
a value of type (EmitNode & { autoGenerate: AutoGenerateInfo; }) | (EmitNode & { autoGenerate: AutoGenerateInfo; }),OWNER BLANK,True,False,4,0,4
a value of type CompilerOptionsValue,OWNER BLANK,True,False,4,0,4
"a value of type Declaration | undefined seen as Symbol | undefined, whose readonly field flags becomes writable: a readonly field may hold something narrower than NodeFlags, which a write of SymbolFlags would replace","adaptation 70, stage 3",False,False,0,4,4
"a value of type Expression seen as TextRange, whose readonly field pos becomes writable: a readonly field may hold something narrower than number, which a write of number would replace","adaptation 70, stage 3",False,False,0,4,4
"a value of type Expression | undefined seen as Symbol | undefined, whose readonly field flags becomes writable: a readonly field may hold something narrower than NodeFlags, which a write of SymbolFlags would replace","adaptation 70, stage 3",False,False,0,4,4
a value of type ExpressionWithTypeArguments & { readonly expression: Identifier | PropertyAccessEntityNameExpression; },OWNER BLANK,True,False,4,0,4
"a value of type GeneratedIdentifier | GeneratedPrivateIdentifier seen as Node, whose readonly field emitNode becomes writable: a readonly field may hold something narrower than EmitNode & { autoGenerate: AutoGenerateInfo; }, which a write of EmitNode | undefined would replace","adaptation 70, stage 3",False,False,0,4,4
a value of type HasJSDoc,OWNER BLANK,True,False,4,0,4
"a value of type Identifier[][] seen as ModuleExportName[][], which can write ModuleExportName[] where Identifier[] is read","adaptation 70, stage 3",False,False,0,4,4
"a value of type Mutable<GeneratedIdentifier> seen as Identifier, which can write EmitNode | undefined where EmitNode & { autoGenerate: AutoGenerateInfo; } is read","adaptation 70, stage 3",False,False,0,4,4
"a value of type NodeArray<Statement> seen as TextRange | undefined, whose readonly field pos becomes writable: a readonly field may hold something narrower than number, which a write of number would replace","adaptation 70, stage 3",False,False,0,4,4
"a value of type SyntheticSuper seen as Expression, whose readonly field emitNode becomes writable: a readonly field may hold something narrower than EmitNode & { autoGenerate: AutoGenerateInfo; }, which a write of EmitNode | undefined would replace","adaptation 70, stage 3",False,False,0,4,4
a value of type T | Program,OWNER BLANK,True,False,4,0,4
"a value of type never[] seen as Node[], which can write Node where never is read","adaptation 70, stage 3",False,False,0,4,4
a value of type string | (void & { __escapedIdentifier: void; }) | (string & { __escapedIdentifier: void; }),OWNER BLANK,True,False,4,0,4
an array of ResolvedConfigFileName,OWNER BLANK,True,False,4,0,4
an array of boolean | undefined,OWNER BLANK,True,False,4,0,4
an unproven value assigned to a numeric literal or enum member slot SyntaxKind.Identifier,OWNER BLANK,True,False,0,4,4
assigning an element of a value,OWNER BLANK,True,False,4,0,4
"optional property return in ArrayIterator<any> absent from structural source ArrayIterator<Child>, which can hide fields",OWNER BLANK,True,False,0,4,4
reading BuilderState,OWNER BLANK,True,True,4,0,4
reading args,OWNER BLANK,True,True,4,0,4
reading argument,OWNER BLANK,True,True,4,0,4
reading asteriskToken,OWNER BLANK,True,True,4,0,4
reading baseTypeNode,OWNER BLANK,True,True,4,0,4
reading bindings,OWNER BLANK,True,True,4,0,4
reading cached,OWNER BLANK,True,True,4,0,4
reading cachedChain,OWNER BLANK,True,True,4,0,4
reading canReportSummary,OWNER BLANK,True,True,4,0,4
reading chain,OWNER BLANK,True,True,4,0,4
reading childrenTargetType,OWNER BLANK,True,True,4,0,4
reading commonSourceDirectory,OWNER BLANK,True,True,4,0,4
reading config,OWNER BLANK,True,True,4,0,4
reading constraint,OWNER BLANK,True,True,4,0,4
reading container,OWNER BLANK,True,True,4,0,4
reading cooked,OWNER BLANK,True,True,4,0,4
reading descriptorName,OWNER BLANK,True,True,4,0,4
reading directoryExists,OWNER BLANK,True,True,4,0,4
reading e,OWNER BLANK,True,True,4,0,4
reading emitNode,OWNER BLANK,True,True,4,0,4
reading emitResult,OWNER BLANK,True,True,4,0,4
reading excludeRegex,OWNER BLANK,True,True,4,0,4
reading exportStatement,OWNER BLANK,True,True,4,0,4
reading extensionGroup,OWNER BLANK,True,True,4,0,4
reading func,OWNER BLANK,True,True,4,0,4
reading getCurrentDirectory,OWNER BLANK,True,True,4,0,4
reading hasDefaultClause,OWNER BLANK,True,True,4,0,4
reading id,OWNER BLANK,True,True,4,0,4
reading identifier,OWNER BLANK,True,True,4,0,4
reading importDeclaration,OWNER BLANK,True,True,4,0,4
reading inference,OWNER BLANK,True,True,4,0,4
reading instantiation,OWNER BLANK,True,True,4,0,4
reading jsxFactorySymbol,OWNER BLANK,True,True,4,0,4
reading lexicallyScopedSymbol,OWNER BLANK,True,True,4,0,4
reading mappedType,OWNER BLANK,True,True,4,0,4
reading members,OWNER BLANK,True,True,4,0,4
reading normalized,OWNER BLANK,True,True,4,0,4
reading openParenPosition,OWNER BLANK,True,True,4,0,4
reading original,OWNER BLANK,True,True,4,0,4
reading output,OWNER BLANK,True,True,4,0,4
reading parameters,OWNER BLANK,True,True,4,0,4
reading parseNode,OWNER BLANK,True,True,4,0,4
reading prop,OWNER BLANK,True,True,4,0,4
reading propertyOriginalNode,OWNER BLANK,True,True,4,0,4
reading props,OWNER BLANK,True,True,4,0,4
reading rawText,OWNER BLANK,True,True,4,0,4
reading refPath,OWNER BLANK,True,True,4,0,4
reading referencedName,OWNER BLANK,True,True,4,0,4
reading regularType,OWNER BLANK,True,True,4,0,4
reading resolvedModule,OWNER BLANK,True,True,4,0,4
reading restParamSymbol,OWNER BLANK,True,True,4,0,4
reading restParameter,OWNER BLANK,True,True,4,0,4
reading reversed,OWNER BLANK,True,True,4,0,4
reading seen,OWNER BLANK,True,True,4,0,4
reading sourceIndex,OWNER BLANK,True,True,4,0,4
reading sourceSymbol,OWNER BLANK,True,True,4,0,4
reading state,OWNER BLANK,True,True,4,0,4
reading targetSymbol,OWNER BLANK,True,True,4,0,4
reading typeSet,OWNER BLANK,True,True,4,0,4
reading watchCompilerHost,OWNER BLANK,True,True,4,0,4
Object.entries on a shape not proven by a plain literal or its const binding,OWNER BLANK,True,False,3,0,3
RegExp with a nonconstant pattern,OWNER BLANK,True,False,3,0,3
a BinaryExpression with a number | undefined and a boolean,OWNER BLANK,True,False,3,0,3
a BinaryExpression with a union of differently held members and a value,OWNER BLANK,True,False,3,0,3
a ConditionalExpression as a statement,OWNER BLANK,True,False,3,0,3
a Map of false | MutableFileSystemEntries,OWNER BLANK,True,False,3,0,3
a function returning ImmediatelyInvokedArrowFunction,OWNER BLANK,True,False,3,0,3
a function returning NodeArray<T>,OWNER BLANK,True,False,3,0,3
a function returning ResolvedConfigFileName,OWNER BLANK,True,False,3,0,3
a function returning SortedReadonlyArray<T>,OWNER BLANK,True,False,3,0,3
a function returning T | T[] | undefined,01a1143c,False,False,3,0,3
a function returning T | readonly T[] | undefined,01a1143c,False,False,3,0,3
a function returning object,OWNER BLANK,True,False,3,0,3
"a function taking () => T seen as one taking () => T (tsc relates a method's parameters both ways), so it can be handed what it can't take","adaptation 70, stage 3",False,False,0,3,3
"a function taking [fileName: string, text: string, writeByteOrderMark: boolean, onError?: ((message: string) => void) | undefined, sourceFiles?: readonly SourceFile[] | undefined, data?: WriteFileCallbackData | undefined] seen as one taking string (tsc relates a method's parameters both ways), so it can be handed what it can't take","adaptation 70, stage 3",False,False,0,3,3
"a function taking number seen as one taking never[] (tsc relates a method's parameters both ways), so it can be handed what it can't take","adaptation 70, stage 3",False,False,0,3,3
"a function taking string seen as one taking [fileName: string, text: string, writeByteOrderMark: boolean, onError?: ((message: string) => void) | undefined, sourceFiles?: readonly SourceFile[] | undefined, data?: WriteFileCallbackData | undefined] (tsc relates a method's parameters both ways), so it can be handed what it can't take","adaptation 70, stage 3",False,False,0,3,3
"a method read as a value (afterProgramCreate would lose its object, and this with it)",OWNER BLANK,True,False,0,3,3
"a method read as a value (afterProgramEmitAndDiagnostics would lose its object, and this with it)",OWNER BLANK,True,False,0,3,3
"a method read as a value (getDirectories would lose its object, and this with it)",OWNER BLANK,True,False,0,3,3
"a method read as a value (getParsedCommandLine would lose its object, and this with it)",OWNER BLANK,True,False,0,3,3
"a method read as a value (getSemanticDiagnosticsOfNextAffectedFile would lose its object, and this with it)",OWNER BLANK,True,False,0,3,3
"a method read as a value (now would lose its object, and this with it)",OWNER BLANK,True,False,0,3,3
"a method read as a value (onWatchStatusChange would lose its object, and this with it)",OWNER BLANK,True,False,0,3,3
"a method read as a value (reportLikelyUnsafeImportRequiredError would lose its object, and this with it)",OWNER BLANK,True,False,0,3,3
"a method read as a value (reportPrivateInBaseOfClassExpression would lose its object, and this with it)",OWNER BLANK,True,False,0,3,3
"a method read as a value (trackSymbol would lose its object, and this with it)",OWNER BLANK,True,False,0,3,3
a narrowed boolean | undefined field; copy the field into a local and narrow that local instead,OWNER BLANK,True,False,3,0,3
a type predicate whose return is not proven (return expression is not a trusted check on block),01a1143b-d691,False,False,0,3,3
a type predicate whose return is not proven (return expression is not a trusted check on d),01a1143b-d691,False,False,0,3,3
a type predicate whose return is not proven (return expression is not a trusted check on element),01a1143b-d691,False,False,0,3,3
a type predicate whose return is not proven (return expression is not a trusted check on entry),01a1143b-d691,False,False,0,3,3
a type predicate whose return is not proven (return expression is not a trusted check on info),01a1143b-d691,False,False,0,3,3
a type predicate whose return is not proven (return expression is not a trusted check on member),01a1143b-d691,False,False,0,3,3
a type predicate whose return is not proven (return expression is not a trusted check on tag),01a1143b-d691,False,False,0,3,3
a type predicate whose return is not proven (return expression is not a trusted check on value),01a1143b-d691,False,False,0,3,3
a value of type BindableAccessExpression,OWNER BLANK,True,False,3,0,3
a value of type BindableObjectDefinePropertyCall,OWNER BLANK,True,False,3,0,3
"a value of type BindingOrAssignmentElement seen as TextRange, whose readonly field pos becomes writable: a readonly field may hold something narrower than number, which a write of number would replace","adaptation 70, stage 3",False,False,0,3,3
a value of type Children | undefined,OWNER BLANK,True,False,3,0,3
"a value of type ClassDeclaration seen as TextRange, whose readonly field pos becomes writable: a readonly field may hold something narrower than number, which a write of number would replace","adaptation 70, stage 3",False,False,0,3,3
"a value of type Diagnostic seen as Diagnostic, which can write SourceFile | undefined where SourceFile is read","adaptation 70, stage 3",False,False,0,3,3
a value of type EndOfFileToken,OWNER BLANK,True,False,3,0,3
"a value of type FutureSourceFile | SourceFile seen as Pick<SourceFile, ""fileName"" | ""impliedNodeFormat"">, whose readonly field fileName becomes writable: a readonly field may hold something narrower than string, which a write of string would replace","adaptation 70, stage 3",False,False,0,3,3
"a value of type GeneratedIdentifier seen as Identifier, whose readonly field emitNode becomes writable: a readonly field may hold something narrower than EmitNode & { autoGenerate: AutoGenerateInfo; }, which a write of EmitNode | undefined would replace","adaptation 70, stage 3",False,False,0,3,3
"a value of type GenericType | ResolvedType seen as ObjectType, which can write SymbolTable | undefined where SymbolTable is read","adaptation 70, stage 3",False,False,0,3,3
"a value of type Identifier seen as TextRange, whose readonly field pos becomes writable: a readonly field may hold something narrower than number, which a write of number would replace","adaptation 70, stage 3",False,False,0,3,3
"a value of type Identifier | TextRange seen as SourceMapRange | undefined, whose readonly field pos becomes writable: a readonly field may hold something narrower than number, which a write of number would replace","adaptation 70, stage 3",False,False,0,3,3
a value of type Identifier | __String,OWNER BLANK,True,False,3,0,3
"a value of type Identifier | undefined seen as Identifier | TextRange, whose readonly field pos becomes writable: a readonly field may hold something narrower than number, which a write of number would replace","adaptation 70, stage 3",False,False,0,3,3
a value of type ImmediatelyInvokedArrowFunction,OWNER BLANK,True,False,3,0,3
a value of type InitializedVariableDeclaration,OWNER BLANK,True,False,3,0,3
"a value of type Map<string, string[] | never[]> seen as Map<string, string[]> | Map<string, never[]> | Map<string, string[] | never[]>, which can write string where never is read","adaptation 70, stage 3",False,False,0,3,3
"a value of type NodeArray<Statement> seen as TextRange, whose readonly field pos becomes writable: a readonly field may hold something narrower than number, which a write of number would replace","adaptation 70, stage 3",False,False,0,3,3
"a value of type ParameterDeclaration seen as TextRange, whose readonly field pos becomes writable: a readonly field may hold something narrower than number, which a write of number would replace","adaptation 70, stage 3",False,False,0,3,3
"a value of type PropertyName seen as SourceMapRange | undefined, whose readonly field pos becomes writable: a readonly field may hold something narrower than number, which a write of number would replace","adaptation 70, stage 3",False,False,0,3,3
"a value of type Signature | undefined seen as Type | undefined, which can write TypeFlags where SignatureFlags is read","adaptation 70, stage 3",False,False,0,3,3
"a value of type SourceFile seen as SourceFile | SourceFileLike, which can write readonly number[] | undefined where readonly number[] is read","adaptation 70, stage 3",False,False,0,3,3
"a value of type T seen as Mutable<T>, whose readonly field pos becomes writable: a readonly field may hold something narrower than number, which a write of T[""pos""] would replace","adaptation 70, stage 3",False,False,0,3,3
"a value of type TsConfigSourceFile | CompilerOptionsValue seen as string | number | boolean | PluginImport[] | ProjectReference[] | (string | number)[] | MapLike<string[]> | TsConfigSourceFile | null | undefined, which can write string | number where string is read","adaptation 70, stage 3",False,False,0,3,3
"a value of type Type | undefined seen as Symbol | undefined, which can write SymbolFlags where TypeFlags is read","adaptation 70, stage 3",False,False,0,3,3
"a value of type Type | undefined seen as TypeNode | undefined, which can write number | undefined where number is read","adaptation 70, stage 3",False,False,0,3,3
a value of type U,OWNER BLANK,True,False,3,0,3
a value of type WrappedExpression<AnonymousFunctionDefinition>,OWNER BLANK,True,False,3,0,3
a value of type X,OWNER BLANK,True,False,3,0,3
"a value of type YieldExpression seen as TextRange | undefined, whose readonly field pos becomes writable: a readonly field may hold something narrower than number, which a write of number would replace","adaptation 70, stage 3",False,False,0,3,3
a value of type false | TypeOnlyAliasDeclaration | undefined,OWNER BLANK,True,False,3,0,3
"a value of type never[] seen as Declaration[], which can write Declaration where never is read","adaptation 70, stage 3",False,False,0,3,3
"a value of type never[] seen as DiagnosticArguments, which can write string | number | boolean | readonly string[] | SourceFile | undefined where never is read","adaptation 70, stage 3",False,False,0,3,3
"a value of type never[] seen as ResolvedConfigFileName[], which can write ResolvedConfigFileName where never is read","adaptation 70, stage 3",False,False,0,3,3
"a value of type never[] seen as TypeParameter[], which can write TypeParameter where never is read","adaptation 70, stage 3",False,False,0,3,3
"a value of type never[] seen as string[] | never[], which can write string where never is read","adaptation 70, stage 3",False,False,0,3,3
a value of type object | undefined,OWNER BLANK,True,False,3,0,3
"a value of type readonly Extension[][] seen as readonly string[][], which can write string where Extension is read","adaptation 70, stage 3",False,False,0,3,3
a value of type undefined,OWNER BLANK,True,False,3,0,3
"a value of type undefined seen as T, a type parameter whose constraint WatchedFileWithIsClosed can be written, so it can write what undefined can't hold","adaptation 70, stage 3",False,False,0,3,3
an arbitrary number or a value from another enum assigned to Extension.Ts; its members are a closed union,OWNER BLANK,True,False,0,3,3
an array of NonNullable<T>,OWNER BLANK,True,False,3,0,3
an array of undefined,OWNER BLANK,True,False,3,0,3
an unproven relation from StructuredType to ObjectType: optional field members has no proven compatible presence/type,OWNER BLANK,True,False,0,3,3
an unproven value assigned to a numeric literal or enum member slot SyntaxKind.ExpressionWithTypeArguments,OWNER BLANK,True,False,0,3,3
assigning to an ObjectLiteralExpression,OWNER BLANK,True,False,3,0,3
"optional property id in FalseLiteral absent from structural source never, which can hide fields",OWNER BLANK,True,False,0,3,3
"optional property id in LiteralExpression & StringLiteral absent from structural source never, which can hide fields",OWNER BLANK,True,False,0,3,3
"optional property omitTrailingSemicolon in PrinterOptions absent from structural source CompilerOptions, which can hide fields",OWNER BLANK,True,False,0,3,3
"optional property rawText in TemplateLiteralLikeNode absent from structural source NumericLiteral, which can hide fields",OWNER BLANK,True,False,0,3,3
"optional property resolutionMode in FileReference absent from structural source { preserve: true; }, which can hide fields",OWNER BLANK,True,False,0,3,3
"optional property return in ArrayIterator<Statement> absent from structural source ArrayIterator<ExpressionStatement>, which can hide fields",OWNER BLANK,True,False,0,3,3
reading addUndefined,OWNER BLANK,True,True,3,0,3
reading ancestorFacts,OWNER BLANK,True,True,3,0,3
reading arrayLiteral,OWNER BLANK,True,True,3,0,3
reading awaitedType,OWNER BLANK,True,True,3,0,3
reading baseTypes,OWNER BLANK,True,True,3,0,3
reading buildInfo,OWNER BLANK,True,True,3,0,3
reading builderProgram,OWNER BLANK,True,True,3,0,3
reading callee,OWNER BLANK,True,True,3,0,3
reading canUseSourceFile,OWNER BLANK,True,True,3,0,3
reading checkType,OWNER BLANK,True,True,3,0,3
reading childrenNameType,OWNER BLANK,True,True,3,0,3
reading clause,OWNER BLANK,True,True,3,0,3
reading constructor,OWNER BLANK,True,True,3,0,3
reading currentNode,OWNER BLANK,True,True,3,0,3
reading decorationStatements,OWNER BLANK,True,True,3,0,3
reading decorator,OWNER BLANK,True,True,3,0,3
reading diagnosticStart,OWNER BLANK,True,True,3,0,3
reading diff,OWNER BLANK,True,True,3,0,3
reading elementType,OWNER BLANK,True,True,3,0,3
reading emitKind,OWNER BLANK,True,True,3,0,3
reading emitSuperHelpers,OWNER BLANK,True,True,3,0,3
reading escapedValue,OWNER BLANK,True,True,3,0,3
reading evaluated,OWNER BLANK,True,True,3,0,3
reading exportEquals,OWNER BLANK,True,True,3,0,3
reading exports,OWNER BLANK,True,True,3,0,3
reading firstAccessorWithDecorators,OWNER BLANK,True,True,3,0,3
reading firstDecl,OWNER BLANK,True,True,3,0,3
reading firstDeclaration,OWNER BLANK,True,True,3,0,3
reading functionName,OWNER BLANK,True,True,3,0,3
reading getter,OWNER BLANK,True,True,3,0,3
reading graphNode,OWNER BLANK,True,True,3,0,3
reading hostNode,OWNER BLANK,True,True,3,0,3
reading indexInfos,OWNER BLANK,True,True,3,0,3
reading indexType,OWNER BLANK,True,True,3,0,3
reading inferredProp,OWNER BLANK,True,True,3,0,3
reading instantiated,OWNER BLANK,True,True,3,0,3
reading introducesError,OWNER BLANK,True,True,3,0,3
reading isAmbient,OWNER BLANK,True,True,3,0,3
reading isAsync,OWNER BLANK,True,True,3,0,3
reading isCallExpression,OWNER BLANK,True,True,3,0,3
reading isSimilarNode,OWNER BLANK,True,True,3,0,3
reading item,OWNER BLANK,True,True,3,0,3
reading jsdocAliasDecl,OWNER BLANK,True,True,3,0,3
reading jsdocParameters,OWNER BLANK,True,True,3,0,3
reading key,OWNER BLANK,True,True,3,0,3
reading kind,OWNER BLANK,True,True,3,0,3
reading languageVersion,OWNER BLANK,True,True,3,0,3
reading lastError,OWNER BLANK,True,True,3,0,3
reading lastParam,OWNER BLANK,True,True,3,0,3
reading line,OWNER BLANK,True,True,3,0,3
reading major,OWNER BLANK,True,True,3,0,3
reading mapping,OWNER BLANK,True,True,3,0,3
reading method,OWNER BLANK,True,True,3,0,3
reading methodType,OWNER BLANK,True,True,3,0,3
reading modifier,OWNER BLANK,True,True,3,0,3
reading moduleSymbol,OWNER BLANK,True,True,3,0,3
reading moveModifiers,OWNER BLANK,True,True,3,0,3
reading nameType,OWNER BLANK,True,True,3,0,3
reading named,OWNER BLANK,True,True,3,0,3
reading newSymbol,OWNER BLANK,True,True,3,0,3
reading objectType,OWNER BLANK,True,True,3,0,3
reading oldEmitKind,OWNER BLANK,True,True,3,0,3
reading oldOptions,OWNER BLANK,True,True,3,0,3
reading oldStartN,OWNER BLANK,True,True,3,0,3
reading opcode,OWNER BLANK,True,True,3,0,3
reading parentType,OWNER BLANK,True,True,3,0,3
reading parts,OWNER BLANK,True,True,3,0,3
reading promoteToIIFE,OWNER BLANK,True,True,3,0,3
reading property,OWNER BLANK,True,True,3,0,3
reading questionToken,OWNER BLANK,True,True,3,0,3
reading range,OWNER BLANK,True,True,3,0,3
reading regularNew,OWNER BLANK,True,True,3,0,3
reading resolution,OWNER BLANK,True,True,3,0,3
reading resolvedRequire,OWNER BLANK,True,True,3,0,3
reading resolvedSymbol,OWNER BLANK,True,True,3,0,3
reading s,OWNER BLANK,True,True,3,0,3
reading sourceEmitHelpers,OWNER BLANK,True,True,3,0,3
reading sourceFileOrBundle,OWNER BLANK,True,True,3,0,3
reading suggestion,OWNER BLANK,True,True,3,0,3
reading tag,OWNER BLANK,True,True,3,0,3
reading targetFlags,OWNER BLANK,True,True,3,0,3
reading targetHasRestElement,OWNER BLANK,True,True,3,0,3
reading targetPropertySymbol,OWNER BLANK,True,True,3,0,3
reading typeArguments,OWNER BLANK,True,True,3,0,3
reading typeCopy,OWNER BLANK,True,True,3,0,3
reading typeSymbol,OWNER BLANK,True,True,3,0,3
reading varStatement,OWNER BLANK,True,True,3,0,3
Object.create,OWNER BLANK,True,False,0,2,2
a BinaryExpression with a number | undefined and a number | undefined,OWNER BLANK,True,False,2,0,2
a BinaryExpression with a union of differently held members and a boolean,OWNER BLANK,True,False,2,0,2
a BinaryExpression with a union of differently held members and a string,OWNER BLANK,True,False,2,0,2
a BinaryExpression with a value and a number | undefined,OWNER BLANK,True,False,2,0,2
a Map of HostFileInfo,OWNER BLANK,True,False,2,0,2
a Map of VisitResult<ExportAssignment | LateVisibilityPaintedStatement | undefined>,OWNER BLANK,True,False,2,0,2
a YieldExpression as a statement,OWNER BLANK,True,False,2,0,2
a boolean | undefined variable a function value captures,OWNER BLANK,True,False,2,0,2
a call to an Identifier,OWNER BLANK,True,False,2,0,2
a destructured name that isn't plain,OWNER BLANK,True,False,2,0,2
a field of type AnyBuildOrder | undefined,OWNER BLANK,True,False,2,0,2
a field of type boolean | (() => boolean) | undefined,OWNER BLANK,True,False,2,0,2
a field of type string | number | boolean | DiagnosticMessage | undefined,OWNER BLANK,True,False,2,0,2
a field of type string | number | undefined,OWNER BLANK,True,False,2,0,2
"a function returning Extract<ClassDeclaration, Pick<...>> | Extract<...>",OWNER BLANK,True,False,2,0,2
a function returning ImmediatelyInvokedFunctionExpression,OWNER BLANK,True,False,2,0,2
a function returning ModeAwareCacheKey,OWNER BLANK,True,False,2,0,2
a function returning Path | undefined,OWNER BLANK,True,False,2,0,2
a function returning T | EmptyStatement | undefined,01a1143c,False,False,2,0,2
a function returning U[] | undefined,OWNER BLANK,True,False,2,0,2
a function returning V,OWNER BLANK,True,False,2,0,2
"a function returning WatchFactory<X, Y>[T]",OWNER BLANK,True,False,2,0,2
a function returning readonly T[],OWNER BLANK,True,False,2,0,2
a function returning readonly T[] | undefined,OWNER BLANK,True,False,2,0,2
"a function returning void | ""skip""",OWNER BLANK,True,False,2,0,2
"a function taking ((node: Node) => VisitResult<Node>) | undefined seen as one taking ((node: Node) => VisitResult<Node | undefined>) | undefined (tsc relates a method's parameters both ways), so it can be handed what it can't take","adaptation 70, stage 3",False,False,0,2,2
"a function taking BinaryOperator seen as one taking SyntaxKind (tsc relates a method's parameters both ways), so it can be handed what it can't take","adaptation 70, stage 3",False,False,0,2,2
"a function taking Expression seen as one taking Expression | undefined (tsc relates a method's parameters both ways), so it can be handed what it can't take","adaptation 70, stage 3",False,False,0,2,2
"a function taking Expression[] seen as one taking readonly Expression[] (tsc relates a method's parameters both ways), so it can be handed what it can't take","adaptation 70, stage 3",False,False,0,2,2
"a function taking GeneratedIdentifierFlags seen as one taking GeneratedIdentifierFlags | undefined (tsc relates a method's parameters both ways), so it can be handed what it can't take","adaptation 70, stage 3",False,False,0,2,2
"a function taking Node seen as one taking [node: Node] (tsc relates a method's parameters both ways), so it can be handed what it can't take","adaptation 70, stage 3",False,False,0,2,2
"a function taking NodeFlags seen as one taking NodeFlags | undefined (tsc relates a method's parameters both ways), so it can be handed what it can't take","adaptation 70, stage 3",False,False,0,2,2
"a function taking T seen as one taking Expression (tsc relates a method's parameters both ways), so it can be handed what it can't take","adaptation 70, stage 3",False,False,0,2,2
"a function taking Visitor seen as one taking Visitor<TIn, Node | undefined> (tsc relates a method's parameters both ways), so it can be handed what it can't take","adaptation 70, stage 3",False,False,0,2,2
"a function taking [fileName: string, languageVersionOrOptions: CreateSourceFileOptions | ScriptTarget, onError?: ((message: string) => void) | undefined, shouldCreateNewSourceFile?: boolean | undefined] seen as one taking string (tsc relates a method's parameters both ways), so it can be handed what it can't take","adaptation 70, stage 3",False,False,0,2,2
"a function taking string seen as one taking [fileName: string] (tsc relates a method's parameters both ways), so it can be handed what it can't take","adaptation 70, stage 3",False,False,0,2,2
"a function taking string seen as one taking any[] (tsc relates a method's parameters both ways), so it can be handed what it can't take","adaptation 70, stage 3",False,False,0,2,2
"a method read as a value (clearTimeout would lose its object, and this with it)",OWNER BLANK,True,False,0,2,2
"a method read as a value (createDirectory would lose its object, and this with it)",OWNER BLANK,True,False,0,2,2
"a method read as a value (emitNodeWithNotification would lose its object, and this with it)",OWNER BLANK,True,False,0,2,2
"a method read as a value (enableCPUProfiler would lose its object, and this with it)",OWNER BLANK,True,False,0,2,2
"a method read as a value (getBuildInfo would lose its object, and this with it)",OWNER BLANK,True,False,0,2,2
"a method read as a value (getCurrentDirectory would lose its object, and this with it)",OWNER BLANK,True,False,0,2,2
"a method read as a value (getEnvironmentVariable would lose its object, and this with it)",OWNER BLANK,True,False,0,2,2
"a method read as a value (getGlobalTypingsCacheLocation would lose its object, and this with it)",OWNER BLANK,True,False,0,2,2
"a method read as a value (hasGlobalName would lose its object, and this with it)",OWNER BLANK,True,False,0,2,2
"a method read as a value (isEmitNotificationEnabled would lose its object, and this with it)",OWNER BLANK,True,False,0,2,2
"a method read as a value (parenthesizeBranchOfConditionalExpression would lose its object, and this with it)",OWNER BLANK,True,False,0,2,2
"a method read as a value (parenthesizeConstituentTypesOfIntersectionType would lose its object, and this with it)",OWNER BLANK,True,False,0,2,2
"a method read as a value (parenthesizeConstituentTypesOfUnionType would lose its object, and this with it)",OWNER BLANK,True,False,0,2,2
"a method read as a value (parenthesizeNonArrayTypeOfPostfixType would lose its object, and this with it)",OWNER BLANK,True,False,0,2,2
"a method read as a value (reportInaccessibleUniqueSymbolError would lose its object, and this with it)",OWNER BLANK,True,False,0,2,2
"a method read as a value (setPrototypeOf would lose its object, and this with it)",OWNER BLANK,True,False,0,2,2
"a method read as a value (setTimeout would lose its object, and this with it)",OWNER BLANK,True,False,0,2,2
"a method read as a value (substituteNode would lose its object, and this with it)",OWNER BLANK,True,False,0,2,2
"a method read as a value (toKey would lose its object, and this with it)",OWNER BLANK,True,False,0,2,2
"a method read as a value (useCaseSensitiveFileNames would lose its object, and this with it)",OWNER BLANK,True,False,0,2,2
"a method read as a value (watchDirectory would lose its object, and this with it)",OWNER BLANK,True,False,0,2,2
"a method read as a value (watchFile would lose its object, and this with it)",OWNER BLANK,True,False,0,2,2
"a method read as a value (writeFile would lose its object, and this with it)",OWNER BLANK,True,False,0,2,2
a tagged template other than the intrinsic String.raw,OWNER BLANK,True,False,2,0,2
a tuple element of type string | number | boolean | readonly string[] | SourceFile | undefined,OWNER BLANK,True,False,2,0,2
a type predicate whose return is not proven (return expression is not a trusted check on declaration),01a1143b-d691,False,False,0,2,2
a type predicate whose return is not proven (return expression is not a trusted check on predicate),01a1143b-d691,False,False,0,2,2
a union of differently held members variable a function value captures,OWNER BLANK,True,False,2,0,2
a value of type (AssignmentExpression<EqualsToken> & { readonly left: GeneratedIdentifier; }) | undefined,OWNER BLANK,True,False,2,0,2
"a value of type (identifierOrPrivateName: Identifier | PrivateIdentifier) => string seen as (name: GeneratedIdentifier | GeneratedPrivateIdentifier) => string, whose readonly field emitNode becomes writable: a readonly field may hold something narrower than EmitNode & { autoGenerate: AutoGenerateInfo; }, which a write of EmitNode | undefined would replace","adaptation 70, stage 3",False,False,0,2,2
"a value of type (readonly [() => IntrinsicType, __String])[] seen as (readonly [() => Type, __String])[], which can write readonly [() => Type, __String] where readonly [() => IntrinsicType, __String] is read","adaptation 70, stage 3",False,False,0,2,2
a value of type AnonymousFunctionDefinition,OWNER BLANK,True,False,2,0,2
"a value of type ArrayLiteralExpression | AssignmentExpression<EqualsToken> | BindingElement | ElementAccessExpression | ... 8 more ... | VariableDeclaration seen as TextRange, whose readonly field pos becomes writable: a readonly field may hold something narrower than number, which a write of number would replace","adaptation 70, stage 3",False,False,0,2,2
"a value of type BindingElement[] seen as unknown[], which can write unknown where BindingElement is read","adaptation 70, stage 3",False,False,0,2,2
"a value of type Block seen as TextRange | undefined, whose readonly field pos becomes writable: a readonly field may hold something narrower than number, which a write of number would replace","adaptation 70, stage 3",False,False,0,2,2
"a value of type BlockLike seen as TextRange, whose readonly field pos becomes writable: a readonly field may hold something narrower than number, which a write of number would replace","adaptation 70, stage 3",False,False,0,2,2
"a value of type BreakStatement seen as TextRange | undefined, whose readonly field pos becomes writable: a readonly field may hold something narrower than number, which a write of number would replace","adaptation 70, stage 3",False,False,0,2,2
a value of type Canonicalized,OWNER BLANK,True,False,2,0,2
"a value of type CapturedThis seen as Expression | undefined, whose readonly field emitNode becomes writable: a readonly field may hold something narrower than EmitNode & { autoGenerate: AutoGenerateInfo; }, which a write of EmitNode | undefined would replace","adaptation 70, stage 3",False,False,0,2,2
"a value of type CapturedThis seen as Expression, whose readonly field emitNode becomes writable: a readonly field may hold something narrower than EmitNode & { autoGenerate: AutoGenerateInfo; }, which a write of EmitNode | undefined would replace","adaptation 70, stage 3",False,False,0,2,2
"a value of type ClassElement seen as TextRange, whose readonly field pos becomes writable: a readonly field may hold something narrower than number, which a write of number would replace","adaptation 70, stage 3",False,False,0,2,2
"a value of type ClassStaticBlockDeclaration seen as Mutable<ClassStaticBlockDeclaration>, whose readonly field pos becomes writable: a readonly field may hold something narrower than number, which a write of number would replace","adaptation 70, stage 3",False,False,0,2,2
"a value of type ClassStaticBlockDeclaration | PropertyDeclaration seen as TextRange, whose readonly field pos becomes writable: a readonly field may hold something narrower than number, which a write of number would replace","adaptation 70, stage 3",False,False,0,2,2
a value of type CompilerHost & ReadBuildProgramHost,OWNER BLANK,True,False,2,0,2
"a value of type CompilerOptions & { types: string[]; } seen as CompilerOptions, which can write string[] | undefined where string[] is read","adaptation 70, stage 3",False,False,0,2,2
"a value of type ConstructorDeclaration seen as Mutable<ConstructorDeclaration>, whose readonly field pos becomes writable: a readonly field may hold something narrower than number, which a write of number would replace","adaptation 70, stage 3",False,False,0,2,2
"a value of type ContinueStatement seen as TextRange | undefined, whose readonly field pos becomes writable: a readonly field may hold something narrower than number, which a write of number would replace","adaptation 70, stage 3",False,False,0,2,2
"a value of type DiagnosticWithLocation | undefined seen as Diagnostic | undefined, which can write SourceFile | undefined where SourceFile is read","adaptation 70, stage 3",False,False,0,2,2
"a value of type DiagnosticWithLocation[] | undefined seen as DiagnosticRelatedInformation[] | undefined, which can write DiagnosticRelatedInformation where DiagnosticWithLocation is read","adaptation 70, stage 3",False,False,0,2,2
"a value of type ElementAccessExpression seen as TextRange, whose readonly field pos becomes writable: a readonly field may hold something narrower than number, which a write of number would replace","adaptation 70, stage 3",False,False,0,2,2
a value of type ExpressionWithTypeArguments & { expression: Identifier | PropertyAccessEntityNameExpression; },OWNER BLANK,True,False,2,0,2
"a value of type FlowCall seen as FlowNode, which can write BinaryExpression | CallExpression where CallExpression is read","adaptation 70, stage 3",False,False,0,2,2
"a value of type FutureSourceFile | SourceFile seen as Pick<SourceFile, ""fileName"" | ""impliedNodeFormat"" | ""packageJsonScope"">, whose readonly field fileName becomes writable: a readonly field may hold something narrower than string, which a write of string would replace","adaptation 70, stage 3",False,False,0,2,2
"a value of type GeneratedIdentifier seen as Expression, whose readonly field emitNode becomes writable: a readonly field may hold something narrower than EmitNode & { autoGenerate: AutoGenerateInfo; }, which a write of EmitNode | undefined would replace","adaptation 70, stage 3",False,False,0,2,2
"a value of type GeneratedIdentifier seen as Identifier | PrivateIdentifier, whose readonly field emitNode becomes writable: a readonly field may hold something narrower than EmitNode & { autoGenerate: AutoGenerateInfo; }, which a write of EmitNode | undefined would replace","adaptation 70, stage 3",False,False,0,2,2
"a value of type Identifier seen as Mutable<Identifier>, whose readonly field pos becomes writable: a readonly field may hold something narrower than number, which a write of number would replace","adaptation 70, stage 3",False,False,0,2,2
"a value of type Identifier[] | undefined seen as ModuleExportName[] | undefined, which can write ModuleExportName where Identifier is read","adaptation 70, stage 3",False,False,0,2,2
"a value of type ImportTypeAssertionContainer seen as Mutable<ImportTypeAssertionContainer>, whose readonly field pos becomes writable: a readonly field may hold something narrower than number, which a write of number would replace","adaptation 70, stage 3",False,False,0,2,2
a value of type IncrementalBuildInfoFileId,OWNER BLANK,True,False,2,0,2
a value of type K | undefined,OWNER BLANK,True,False,2,0,2
"a value of type LeftHandSideExpression & GeneratedIdentifier seen as Expression, which can write EmitNode | undefined where EmitNode & { autoGenerate: AutoGenerateInfo; } is read","adaptation 70, stage 3",False,False,0,2,2
"a value of type Map<K, T>",OWNER BLANK,True,False,2,0,2
"a value of type MethodDeclaration seen as TextRange | undefined, whose readonly field pos becomes writable: a readonly field may hold something narrower than number, which a write of number would replace","adaptation 70, stage 3",False,False,0,2,2
"a value of type MissingDeclaration seen as Mutable<MissingDeclaration>, whose readonly field pos becomes writable: a readonly field may hold something narrower than number, which a write of number would replace","adaptation 70, stage 3",False,False,0,2,2
"a value of type ModifierLike seen as Mutable<Node>, whose readonly field pos becomes writable: a readonly field may hold something narrower than number, which a write of number would replace","adaptation 70, stage 3",False,False,0,2,2
"a value of type ModuleSpecifierResolutionHost & ModuleResolutionHost seen as ModuleResolutionHost, which can write boolean | (() => boolean) | undefined where (() => boolean) & (boolean | (() => boolean) | undefined) is read","adaptation 70, stage 3",False,False,0,2,2
a value of type Mutable<T>,OWNER BLANK,True,False,2,0,2
"a value of type Node seen as Node | TextRange, whose readonly field pos becomes writable: a readonly field may hold something narrower than number, which a write of number would replace","adaptation 70, stage 3",False,False,0,2,2
"a value of type Node | TextRange seen as TextRange, whose readonly field pos becomes writable: a readonly field may hold something narrower than number, which a write of number would replace","adaptation 70, stage 3",False,False,0,2,2
"a value of type Node | undefined seen as NodeLinks | undefined, whose readonly field flags becomes writable: a readonly field may hold something narrower than NodeFlags, which a write of NodeCheckFlags would replace","adaptation 70, stage 3",False,False,0,2,2
"a value of type NumericLiteral seen as Mutable<LiteralExpression>, whose readonly field pos becomes writable: a readonly field may hold something narrower than number, which a write of number would replace","adaptation 70, stage 3",False,False,0,2,2
"a value of type ParameterDeclaration | undefined seen as Symbol | undefined, whose readonly field flags becomes writable: a readonly field may hold something narrower than NodeFlags, which a write of SymbolFlags would replace","adaptation 70, stage 3",False,False,0,2,2
a value of type ParameterPropertyDeclaration,OWNER BLANK,True,False,2,0,2
a value of type Path | undefined,OWNER BLANK,True,False,2,0,2
"a value of type PropertySignature seen as Mutable<PropertySignature>, whose readonly field pos becomes writable: a readonly field may hold something narrower than number, which a write of number would replace","adaptation 70, stage 3",False,False,0,2,2
"a value of type ReturnStatement seen as TextRange | undefined, whose readonly field pos becomes writable: a readonly field may hold something narrower than number, which a write of number would replace","adaptation 70, stage 3",False,False,0,2,2
a value of type SourceFile,OWNER BLANK,True,False,2,0,2
"a value of type SourceFile seen as EmitNode | undefined, whose readonly field flags becomes writable: a readonly field may hold something narrower than NodeFlags, which a write of EmitFlags would replace","adaptation 70, stage 3",False,False,0,2,2
"a value of type SourceFile seen as Mutable<SourceFile>, whose readonly field pos becomes writable: a readonly field may hold something narrower than number, which a write of number would replace","adaptation 70, stage 3",False,False,0,2,2
"a value of type Statement seen as TextRange | undefined, whose readonly field pos becomes writable: a readonly field may hold something narrower than number, which a write of number would replace","adaptation 70, stage 3",False,False,0,2,2
"a value of type Symbol seen as Declaration | undefined, which can write number | undefined where number is read","adaptation 70, stage 3",False,False,0,2,2
"a value of type Symbol[] seen as unknown[], which can write unknown where Symbol is read","adaptation 70, stage 3",False,False,0,2,2
"a value of type T seen as T, a type parameter whose constraint Node can be written, so it can write what T can't hold","adaptation 70, stage 3",False,False,0,2,2
"a value of type T seen as TextRange, whose readonly field pos becomes writable: a readonly field may hold something narrower than number, which a write of number would replace","adaptation 70, stage 3",False,False,0,2,2
a value of type T | T[],OWNER BLANK,True,False,2,0,2
a value of type T | readonly T[],OWNER BLANK,True,False,2,0,2
a value of type TInArray,OWNER BLANK,True,False,2,0,2
a value of type T[],OWNER BLANK,True,False,2,0,2
a value of type ThisCapturingVariableDeclaration,OWNER BLANK,True,False,2,0,2
a value of type TypeNode & LiteralTypeNode & { readonly literal: StringLiteral; },OWNER BLANK,True,False,2,0,2
"a value of type Type[] seen as unknown[], which can write unknown where Type is read","adaptation 70, stage 3",False,False,0,2,2
a value of type U | readonly U[] | undefined,OWNER BLANK,True,False,2,0,2
a value of type U | undefined,OWNER BLANK,True,False,2,0,2
a value of type V | undefined,OWNER BLANK,True,False,2,0,2
"a value of type VariableDeclaration seen as SourceMapRange | undefined, whose readonly field pos becomes writable: a readonly field may hold something narrower than number, which a write of number would replace","adaptation 70, stage 3",False,False,0,2,2
"a value of type VariableStatement seen as SourceMapRange | undefined, whose readonly field pos becomes writable: a readonly field may hold something narrower than number, which a write of number would replace","adaptation 70, stage 3",False,False,0,2,2
"a value of type any seen as T, a type parameter whose constraint Node can be written, so it can write what any can't hold","adaptation 70, stage 3",False,False,0,2,2
"a value of type false | FlowNode | undefined seen as false | FlowAssignment | FlowLabel | FlowReduceLabel | FlowStart | FlowSwitchClause | undefined, which can write BindingElement | Expression | VariableDeclaration where BinaryExpression | CallExpression is read","adaptation 70, stage 3",False,False,0,2,2
a value of type false | RegExpExecArray | null,OWNER BLANK,True,False,2,0,2
a value of type never,OWNER BLANK,True,False,2,0,2
"a value of type never[] seen as (Identifier | StringLiteral)[], which can write Identifier | StringLiteral where never is read","adaptation 70, stage 3",False,False,0,2,2
"a value of type never[] seen as ChildDirectoryWatcher[], which can write ChildDirectoryWatcher where never is read","adaptation 70, stage 3",False,False,0,2,2
"a value of type never[] seen as DiagnosticWithLocation[], which can write DiagnosticWithLocation where never is read","adaptation 70, stage 3",False,False,0,2,2
"a value of type never[] seen as SourceFile[], which can write SourceFile where never is read","adaptation 70, stage 3",False,False,0,2,2
"a value of type never[] seen as StringLiteralLike[], which can write StringLiteralLike where never is read","adaptation 70, stage 3",False,False,0,2,2
"a value of type never[] seen as VariableDeclaration[], which can write VariableDeclaration where never is read","adaptation 70, stage 3",False,False,0,2,2
"a value of type readonly DiagnosticWithLocation[] seen as readonly Diagnostic[] | undefined, which can write SourceFile | undefined where SourceFile is read","adaptation 70, stage 3",False,False,0,2,2
"a value of type readonly DiagnosticWithLocation[] seen as readonly Diagnostic[], which can write SourceFile | undefined where SourceFile is read","adaptation 70, stage 3",False,False,0,2,2
"a value of type string[] | PluginImport[] | ProjectReference[] | (string | number)[] seen as unknown[], which can write unknown where string is read","adaptation 70, stage 3",False,False,0,2,2
"a value of type typeof import(""/workspace/stage3-latent-full-adapted/src/compiler/_namespaces/ts"") seen as Record<""FlowFlags"", Record<string, string | number>>, which can write Record<string, string | number> where typeof FlowFlags is read","adaptation 70, stage 3",False,False,0,2,2
"a value of type undefined seen as T, a type parameter whose constraint Type can be written, so it can write what undefined can't hold","adaptation 70, stage 3",False,False,0,2,2
an array of Child,OWNER BLANK,True,False,2,0,2
an array of V,OWNER BLANK,True,False,2,0,2
an unproven relation from Declaration to NamedDeclaration: optional field name has no proven compatible presence/type,OWNER BLANK,True,False,0,2,2
an unproven relation from ObjectType to AnonymousType: optional field target has no proven compatible presence/type,OWNER BLANK,True,False,0,2,2
an unproven relation from Type to SyntheticDefaultModuleType: optional field syntheticType has no proven compatible presence/type,OWNER BLANK,True,False,0,2,2
an unproven relation from Type to TypeVariable: optional field constraint has no proven compatible presence/type,OWNER BLANK,True,False,0,2,2
an unproven value assigned to a numeric literal or enum member slot SyntaxKind.FunctionExpression,OWNER BLANK,True,False,0,2,2
an unproven value assigned to a numeric literal or enum member slot SyntaxKind.NoSubstitutionTemplateLiteral | SyntaxKind.TemplateHead | SyntaxKind.TemplateMiddle | SyntaxKind.TemplateTail,OWNER BLANK,True,False,0,2,2
an unproven value assigned to a numeric literal or enum member slot SyntaxKind.WithKeyword | SyntaxKind.AssertKeyword,OWNER BLANK,True,False,0,2,2
an unproven value assigned to a numeric literal or enum member slot Ternary,OWNER BLANK,True,False,0,2,2
delete,OWNER BLANK,True,False,0,2,2
destructuring a value,OWNER BLANK,True,False,2,0,2
destructuring anything but a tuple into [names],OWNER BLANK,True,False,2,0,2
"indexOf on a tuple (a tuple is held as an object, not an array, so far; write it as an array where it's made)",OWNER BLANK,True,False,2,0,2
inherited library member setPrototypeOf read as an own field,OWNER BLANK,True,False,0,2,2
lastIndexOf with these arguments,OWNER BLANK,True,False,2,0,2
"optional property all in CompilerOptions absent from structural source {}, which can hide fields",OWNER BLANK,True,False,0,2,2
"optional property constraint in TypeParameter absent from structural source InterfaceType, which can hide fields",OWNER BLANK,True,False,0,2,2
"optional property equalsToken in ShorthandPropertyAssignment absent from structural source never, which can hide fields",OWNER BLANK,True,False,0,2,2
"optional property id in NamedExports absent from structural source never, which can hide fields",OWNER BLANK,True,False,0,2,2
"optional property modifiers in GetAccessorDeclaration absent from structural source never, which can hide fields",OWNER BLANK,True,False,0,2,2
"optional property packageJsonScope in Pick<SourceFile, ""fileName"" | ""impliedNodeFormat"" | ""packageJsonScope""> absent from structural source Pick<SourceFile, ""fileName"" | ""impliedNodeFormat"">, which can hide fields",OWNER BLANK,True,False,0,2,2
"optional property templateFlags in NoSubstitutionTemplateLiteral absent from structural source never, which can hide fields",OWNER BLANK,True,False,0,2,2
"optional property textSourceNode in StringLiteral absent from structural source never, which can hide fields",OWNER BLANK,True,False,0,2,2
passing union of differently held members to a function value,OWNER BLANK,True,False,2,0,2
reading IncrementalParser,OWNER BLANK,True,True,2,0,2
reading accessibleSymbolChain,OWNER BLANK,True,True,2,0,2
reading accessorDeclarations,OWNER BLANK,True,True,2,0,2
reading add,OWNER BLANK,True,True,2,0,2
reading allAccessors,OWNER BLANK,True,True,2,0,2
reading allowStructuralFallback,OWNER BLANK,True,True,2,0,2
reading assignClassAliasInStaticBlock,OWNER BLANK,True,True,2,0,2
reading assignment,OWNER BLANK,True,True,2,0,2
reading attributesType,OWNER BLANK,True,True,2,0,2
reading baseClassType,OWNER BLANK,True,True,2,0,2
reading baseSymbol,OWNER BLANK,True,True,2,0,2
reading cacheAssignment,OWNER BLANK,True,True,2,0,2
reading cachedPackageJson,OWNER BLANK,True,True,2,0,2
reading call,OWNER BLANK,True,True,2,0,2
reading callbackToAdd,OWNER BLANK,True,True,2,0,2
reading capturedLeft,OWNER BLANK,True,True,2,0,2
reading change0,OWNER BLANK,True,True,2,0,2
reading classLikeDeclaration,OWNER BLANK,True,True,2,0,2
reading cloned,OWNER BLANK,True,True,2,0,2
reading columns,OWNER BLANK,True,True,2,0,2
reading commentRange,OWNER BLANK,True,True,2,0,2
reading comments,OWNER BLANK,True,True,2,0,2
reading compilerHost,OWNER BLANK,True,True,2,0,2
reading constructSignatures,OWNER BLANK,True,True,2,0,2
reading containingFileName,OWNER BLANK,True,True,2,0,2
reading context,OWNER BLANK,True,True,2,0,2
reading contextualType,OWNER BLANK,True,True,2,0,2
reading curCategory,OWNER BLANK,True,True,2,0,2
reading declBlocked,OWNER BLANK,True,True,2,0,2
reading declarationContainer,OWNER BLANK,True,True,2,0,2
reading declarationFilePath,OWNER BLANK,True,True,2,0,2
reading declarationTransform,OWNER BLANK,True,True,2,0,2
reading declarations,OWNER BLANK,True,True,2,0,2
reading declaredType,OWNER BLANK,True,True,2,0,2
reading decorators,OWNER BLANK,True,True,2,0,2
reading deduplicated,OWNER BLANK,True,True,2,0,2
reading defaultIndex,OWNER BLANK,True,True,2,0,2
reading derived,OWNER BLANK,True,True,2,0,2
reading diagnostic,OWNER BLANK,True,True,2,0,2
reading directoryPath,OWNER BLANK,True,True,2,0,2
reading dupFile,OWNER BLANK,True,True,2,0,2
reading effectiveTarget,OWNER BLANK,True,True,2,0,2
reading elementTypes,OWNER BLANK,True,True,2,0,2
reading emitFlags,OWNER BLANK,True,True,2,0,2
reading emitSkipped,OWNER BLANK,True,True,2,0,2
reading enclosingDeclaration,OWNER BLANK,True,True,2,0,2
reading endLabel,OWNER BLANK,True,True,2,0,2
reading endLength,OWNER BLANK,True,True,2,0,2
reading enter,OWNER BLANK,True,True,2,0,2
reading equalsToken,OWNER BLANK,True,True,2,0,2
reading errorInfo,OWNER BLANK,True,True,2,0,2
reading errorRecord,OWNER BLANK,True,True,2,0,2
reading escapedText,OWNER BLANK,True,True,2,0,2
reading expandedParams,OWNER BLANK,True,True,2,0,2
reading exportName,OWNER BLANK,True,True,2,0,2
reading exportStarFunction,OWNER BLANK,True,True,2,0,2
reading exportedName,OWNER BLANK,True,True,2,0,2
reading extraInitializersName,OWNER BLANK,True,True,2,0,2
reading fileInfos,OWNER BLANK,True,True,2,0,2
reading filePath,OWNER BLANK,True,True,2,0,2
reading first,OWNER BLANK,True,True,2,0,2
reading firstArgument,OWNER BLANK,True,True,2,0,2
reading firstBase,OWNER BLANK,True,True,2,0,2
reading firstParameterIsThis,OWNER BLANK,True,True,2,0,2
reading firstType,OWNER BLANK,True,True,2,0,2
reading flattenContext,OWNER BLANK,True,True,2,0,2
reading freshType,OWNER BLANK,True,True,2,0,2
reading fromCache,OWNER BLANK,True,True,2,0,2
reading fullName,OWNER BLANK,True,True,2,0,2
reading generatorYieldType,OWNER BLANK,True,True,2,0,2
reading getCanonicalFileName,OWNER BLANK,True,True,2,0,2
reading getCommonSourceDirectory,OWNER BLANK,True,True,2,0,2
reading getModifiedTime,OWNER BLANK,True,True,2,0,2
reading getOptionsNameMap,OWNER BLANK,True,True,2,0,2
reading gutterWidth,OWNER BLANK,True,True,2,0,2
reading hasArguments,OWNER BLANK,True,True,2,0,2
reading hasDefault,OWNER BLANK,True,True,2,0,2
reading heritageClause,OWNER BLANK,True,True,2,0,2
reading hooks,OWNER BLANK,True,True,2,0,2
reading indexSymbol,OWNER BLANK,True,True,2,0,2
reading info,OWNER BLANK,True,True,2,0,2
reading init,OWNER BLANK,True,True,2,0,2
reading initializerStatement,OWNER BLANK,True,True,2,0,2
reading instanceType,OWNER BLANK,True,True,2,0,2
reading invalidatedProject,OWNER BLANK,True,True,2,0,2
reading isAnyLike,OWNER BLANK,True,True,2,0,2
reading isAutomaticTypeInNonNull,OWNER BLANK,True,True,2,0,2
reading isFinite,OWNER BLANK,True,True,2,0,2
reading isOptionalChain,OWNER BLANK,True,True,2,0,2
reading isSetonlyAccessor,OWNER BLANK,True,True,2,0,2
reading isSingleNonGenericCandidate,OWNER BLANK,True,True,2,0,2
reading isUsed,OWNER BLANK,True,True,2,0,2
reading isVoidPromiseError,OWNER BLANK,True,True,2,0,2
reading iteratedType,OWNER BLANK,True,True,2,0,2
reading json,OWNER BLANK,True,True,2,0,2
reading jsxFragmentFactoryName,OWNER BLANK,True,True,2,0,2
reading keyPropertyName,OWNER BLANK,True,True,2,0,2
reading label,OWNER BLANK,True,True,2,0,2
reading lanes,OWNER BLANK,True,True,2,0,2
reading last,OWNER BLANK,True,True,2,0,2
reading lastModifier,OWNER BLANK,True,True,2,0,2
reading lastParamVariadicType,OWNER BLANK,True,True,2,0,2
reading leadingNewlines,OWNER BLANK,True,True,2,0,2
reading leftIdentifier,OWNER BLANK,True,True,2,0,2
reading length,OWNER BLANK,True,True,2,0,2
reading lineNumber,OWNER BLANK,True,True,2,0,2
reading lines,OWNER BLANK,True,True,2,0,2
reading linesBeforeDot,OWNER BLANK,True,True,2,0,2
reading linkType,OWNER BLANK,True,True,2,0,2
reading list,OWNER BLANK,True,True,2,0,2
reading literalType,OWNER BLANK,True,True,2,0,2
reading loadPackageJsonMainState,OWNER BLANK,True,True,2,0,2
reading local,OWNER BLANK,True,True,2,0,2
reading longestParamType,OWNER BLANK,True,True,2,0,2
reading mapped,OWNER BLANK,True,True,2,0,2
reading mapperCache,OWNER BLANK,True,True,2,0,2
reading match,OWNER BLANK,True,True,2,0,2
reading meaning,OWNER BLANK,True,True,2,0,2
reading methodParameterType,OWNER BLANK,True,True,2,0,2
reading methodSignatures,OWNER BLANK,True,True,2,0,2
reading min,OWNER BLANK,True,True,2,0,2
reading missing,OWNER BLANK,True,True,2,0,2
reading modifiers,OWNER BLANK,True,True,2,0,2
reading mustBeRemoved,OWNER BLANK,True,True,2,0,2
reading names,OWNER BLANK,True,True,2,0,2
reading newParametersArray,OWNER BLANK,True,True,2,0,2
reading newParsedCommandLine,OWNER BLANK,True,True,2,0,2
reading nextChange,OWNER BLANK,True,True,2,0,2
reading nextKey,OWNER BLANK,True,True,2,0,2
reading nextLineStart,OWNER BLANK,True,True,2,0,2
reading noTruncation,OWNER BLANK,True,True,2,0,2
reading nodeId,OWNER BLANK,True,True,2,0,2
reading oldNoInferenceFallback,OWNER BLANK,True,True,2,0,2
reading oldState,OWNER BLANK,True,True,2,0,2
reading omitKeyType,OWNER BLANK,True,True,2,0,2
reading openBracePosition,OWNER BLANK,True,True,2,0,2
reading operandConstraint,OWNER BLANK,True,True,2,0,2
reading operatorKind,OWNER BLANK,True,True,2,0,2
reading operatorToken,OWNER BLANK,True,True,2,0,2
reading origin,OWNER BLANK,True,True,2,0,2
reading originalClassDecl,OWNER BLANK,True,True,2,0,2
reading otherAccessor,OWNER BLANK,True,True,2,0,2
reading override,OWNER BLANK,True,True,2,0,2
reading param,OWNER BLANK,True,True,2,0,2
reading paramCount,OWNER BLANK,True,True,2,0,2
reading paramSymbol,OWNER BLANK,True,True,2,0,2
reading parametersWithPropertyAssignments,OWNER BLANK,True,True,2,0,2
reading parentSymbol,OWNER BLANK,True,True,2,0,2
reading parenthesizerRule,OWNER BLANK,True,True,2,0,2
reading parseTreeNode,OWNER BLANK,True,True,2,0,2
reading parsedCommandLine,OWNER BLANK,True,True,2,0,2
reading pathComponents,OWNER BLANK,True,True,2,0,2
reading patterns,OWNER BLANK,True,True,2,0,2
reading potentiallyUnusedIdentifiers,OWNER BLANK,True,True,2,0,2
reading pragma,OWNER BLANK,True,True,2,0,2
reading predicate,OWNER BLANK,True,True,2,0,2
reading previous,OWNER BLANK,True,True,2,0,2
reading primaryTypes,OWNER BLANK,True,True,2,0,2
reading propName,OWNER BLANK,True,True,2,0,2
reading prototypeProperty,OWNER BLANK,True,True,2,0,2
reading questionDotToken,OWNER BLANK,True,True,2,0,2
reading r,OWNER BLANK,True,True,2,0,2
reading real,OWNER BLANK,True,True,2,0,2
reading reducedTypes,OWNER BLANK,True,True,2,0,2
reading ref,OWNER BLANK,True,True,2,0,2
reading relatedInfo,OWNER BLANK,True,True,2,0,2
reading relativeFileName,OWNER BLANK,True,True,2,0,2
reading remove,OWNER BLANK,True,True,2,0,2
reading resolvedProject,OWNER BLANK,True,True,2,0,2
reading resolvedTypeSymbol,OWNER BLANK,True,True,2,0,2
reading restIdent,OWNER BLANK,True,True,2,0,2
reading returnMethod,OWNER BLANK,True,True,2,0,2
reading returnStatement,OWNER BLANK,True,True,2,0,2
reading returnTypeNode,OWNER BLANK,True,True,2,0,2
reading root,OWNER BLANK,True,True,2,0,2
reading setter,OWNER BLANK,True,True,2,0,2
reading shortest,OWNER BLANK,True,True,2,0,2
reading signatureDeclaration,OWNER BLANK,True,True,2,0,2
reading sourceFilePath,OWNER BLANK,True,True,2,0,2
reading sourceFileWithAddedExtension,OWNER BLANK,True,True,2,0,2
reading sourceFlags,OWNER BLANK,True,True,2,0,2
reading sourceMappings,OWNER BLANK,True,True,2,0,2
reading sourceRoot,OWNER BLANK,True,True,2,0,2
reading sourceStart,OWNER BLANK,True,True,2,0,2
reading sourceSymbolFile,OWNER BLANK,True,True,2,0,2
reading sourceType,OWNER BLANK,True,True,2,0,2
reading span,OWNER BLANK,True,True,2,0,2
reading specifierSourceImports,OWNER BLANK,True,True,2,0,2
reading spread,OWNER BLANK,True,True,2,0,2
reading spreadType,OWNER BLANK,True,True,2,0,2
reading staticType,OWNER BLANK,True,True,2,0,2
reading str,OWNER BLANK,True,True,2,0,2
reading substitute,OWNER BLANK,True,True,2,0,2
reading sym,OWNER BLANK,True,True,2,0,2
reading symbolName,OWNER BLANK,True,True,2,0,2
reading targetIndex,OWNER BLANK,True,True,2,0,2
reading targetProp,OWNER BLANK,True,True,2,0,2
reading templateArguments,OWNER BLANK,True,True,2,0,2
reading terminalWidth,OWNER BLANK,True,True,2,0,2
reading testedSymbol,OWNER BLANK,True,True,2,0,2
reading thisAccess,OWNER BLANK,True,True,2,0,2
reading timerToUpdateChildWatches,OWNER BLANK,True,True,2,0,2
reading toWatch,OWNER BLANK,True,True,2,0,2
reading tracingEnabled,OWNER BLANK,True,True,2,0,2
reading transformed,OWNER BLANK,True,True,2,0,2
reading trueType,OWNER BLANK,True,True,2,0,2
reading typeLiteralSymbol,OWNER BLANK,True,True,2,0,2
reading typeOnlyDeclaration,OWNER BLANK,True,True,2,0,2
reading typeParameter,OWNER BLANK,True,True,2,0,2
reading typeParams,OWNER BLANK,True,True,2,0,2
reading typesVersions,OWNER BLANK,True,True,2,0,2
reading useDefineForClassFields,OWNER BLANK,True,True,2,0,2
reading valueSymbol,OWNER BLANK,True,True,2,0,2
reading valueType,OWNER BLANK,True,True,2,0,2
reading varDecl,OWNER BLANK,True,True,2,0,2
reading variable,OWNER BLANK,True,True,2,0,2
reading versionPaths,OWNER BLANK,True,True,2,0,2
reading visitedAccessorName,OWNER BLANK,True,True,2,0,2
reading visitedSym,OWNER BLANK,True,True,2,0,2
reading widened,OWNER BLANK,True,True,2,0,2
reading yieldedType,OWNER BLANK,True,True,2,0,2
spreading an array of other elements,OWNER BLANK,True,False,2,0,2
storing true | Node | undefined in a field,OWNER BLANK,True,False,2,0,2
&&=,OWNER BLANK,True,False,0,1,1
.hasTrailingComma on a value,OWNER BLANK,True,False,1,0,1
.length on a value,OWNER BLANK,True,False,1,0,1
"?. to a number, which would be number | undefined",OWNER BLANK,True,False,1,0,1
Array as a value outside equality or typeof (overloaded calls and static properties need their own representation),OWNER BLANK,True,False,1,0,1
JSON.parse: its result's type can't be proven from the text,OWNER BLANK,True,False,0,1,1
JSON.stringify a union containing containers without runtime element metadata,OWNER BLANK,True,False,1,0,1
JSON.stringify object references (structural types can hide fields and toJSON; runtime shapes need complete value metadata),OWNER BLANK,True,False,1,0,1
Object.assign on a shape not proven by a plain literal or its const binding,OWNER BLANK,True,False,1,0,1
Object.defineProperty,OWNER BLANK,True,False,0,1,1
Object.entries,OWNER BLANK,True,False,0,1,1
Object.keys on a shape not proven by a plain literal or its const binding,OWNER BLANK,True,False,1,0,1
Object.setPrototypeOf,OWNER BLANK,True,False,0,1,1
a BinaryExpression with a boolean and a boolean,OWNER BLANK,True,False,1,0,1
a BinaryExpression with a boolean | undefined and a boolean | undefined,OWNER BLANK,True,False,1,0,1
a BinaryExpression with a boolean | undefined and a value,OWNER BLANK,True,False,1,0,1
a BinaryExpression with a number and a union of differently held members,OWNER BLANK,True,False,1,0,1
a BinaryExpression with a number | undefined and a boolean | undefined,OWNER BLANK,True,False,1,0,1
a BinaryExpression with a number | undefined and a string,OWNER BLANK,True,False,1,0,1
a BinaryExpression with a union of differently held members and a union of differently held members,OWNER BLANK,True,False,1,0,1
a BinaryExpression with a value and a boolean | undefined,OWNER BLANK,True,False,1,0,1
a ClassExpression,OWNER BLANK,True,False,1,0,1
a Map of CompilerOptionsValue,OWNER BLANK,True,False,1,0,1
a Map of RedirectsCacheKey,OWNER BLANK,True,False,1,0,1
a Map of ResolvedConfigFilePath,OWNER BLANK,True,False,1,0,1
a Map of T,OWNER BLANK,True,False,1,0,1
a Map of string | number,OWNER BLANK,True,False,1,0,1
a Map whose key and value types aren't known,OWNER BLANK,True,False,1,0,1
a PostfixUnaryExpression,OWNER BLANK,True,False,1,0,1
"a Set of ResolvedConfigFilePath (a Set holds strings, numbers, booleans, objects, arrays, maps or functions so far)",OWNER BLANK,True,False,1,0,1
a SpreadElement,OWNER BLANK,True,False,1,0,1
a base that isn't a declared class,OWNER BLANK,True,False,1,0,1
a call returning T,OWNER BLANK,True,False,1,0,1
a call returning any,OWNER BLANK,True,False,1,0,1
a case that isn't a constant,OWNER BLANK,True,False,1,0,1
a class instantiated with TOuterState,OWNER BLANK,True,False,1,0,1
a constructor object escaping before static fields are initialized,OWNER BLANK,True,False,0,1,1
a destructured name held otherwise than its field,OWNER BLANK,True,False,1,0,1
a destructured parameter beside a parameter with a default,OWNER BLANK,True,False,1,0,1
a field from a boolean | undefined variable,OWNER BLANK,True,False,1,0,1
"a field of type ""boolean"" | ""list"" | ""number"" | ""object"" | ""string"" | Map<string, string | number>",OWNER BLANK,True,False,1,0,1
"a field of type ""boolean"" | ""number"" | ""object"" | ""string"" | Map<string, string | number>",OWNER BLANK,True,False,1,0,1
"a field of type ""circularity"" | boolean",OWNER BLANK,True,False,1,0,1
a field of type 0 | boolean | undefined,OWNER BLANK,True,False,1,0,1
a field of type NodeArray<ParameterDeclaration> | readonly JSDocParameterTag[],OWNER BLANK,True,False,1,0,1
a field of type boolean | (() => boolean),OWNER BLANK,True,False,1,0,1
a field of type false | Type | undefined,OWNER BLANK,True,False,1,0,1
a field of type false | VersionPaths,OWNER BLANK,True,False,1,0,1
a field of type false | VersionPaths | undefined,OWNER BLANK,True,False,1,0,1
a field of type false | string[] | undefined,OWNER BLANK,True,False,1,0,1
a field of type string | false,OWNER BLANK,True,False,1,0,1
a field of type string | false | undefined,OWNER BLANK,True,False,1,0,1
a for...of destructuring an object,OWNER BLANK,True,False,1,0,1
a function returning ((...args: A) => R) | undefined,OWNER BLANK,True,False,1,0,1
a function returning () => T,OWNER BLANK,True,False,1,0,1
a function returning (...args: T) => boolean,OWNER BLANK,True,False,1,0,1
a function returning (AssignmentExpression<EqualsToken> & { readonly left: GeneratedIdentifier; }) | undefined,OWNER BLANK,True,False,1,0,1
a function returning (ConstructorDeclaration & { body: Block; }) | undefined,OWNER BLANK,True,False,1,0,1
a function returning (T | U)[],OWNER BLANK,True,False,1,0,1
a function returning (arg: A) => T,OWNER BLANK,True,False,1,0,1
a function returning (arg: T) => boolean,OWNER BLANK,True,False,1,0,1
"a function returning (node: BinaryExpression, outerState: TOuterState) => TResult",OWNER BLANK,True,False,1,0,1
a function returning A,OWNER BLANK,True,False,1,0,1
a function returning AnyValidImportOrReExport,OWNER BLANK,True,False,1,0,1
a function returning AnyValidImportOrReExport | undefined,OWNER BLANK,True,False,1,0,1
a function returning BuildInvalidedProject<T>,OWNER BLANK,True,False,1,0,1
a function returning BuildInvalidedProject<T> | UpdateOutputFileStampsProject,OWNER BLANK,True,False,1,0,1
"a function returning CacheWithRedirects<K, V>",OWNER BLANK,True,False,1,0,1
a function returning CanonicalKey,OWNER BLANK,True,False,1,0,1
a function returning CapturedThis,OWNER BLANK,True,False,1,0,1
a function returning ClassExpression | ImmediatelyInvokedArrowFunction,OWNER BLANK,True,False,1,0,1
a function returning ClassNamedEvaluationHelperBlock,OWNER BLANK,True,False,1,0,1
a function returning ClassStaticBlockDeclaration | Decorator | PrivateIdentifierGetAccessorDeclaration | ... 5 more ... | undefined,OWNER BLANK,True,False,1,0,1
a function returning ClassThisAssignmentBlock,OWNER BLANK,True,False,1,0,1
a function returning Declaration & HasModifiers,OWNER BLANK,True,False,1,0,1
a function returning EndOfFileToken,OWNER BLANK,True,False,1,0,1
a function returning EvaluatorResult<T>,OWNER BLANK,True,False,1,0,1
a function returning ExpressionWithTypeArguments & { expression: Identifier | PropertyAccessEntityNameExpression; },OWNER BLANK,True,False,1,0,1
a function returning ExpressionWithTypeArguments & { readonly expression: Identifier | PropertyAccessEntityNameExpression; },OWNER BLANK,True,False,1,0,1
"a function returning Extract<AssignmentExpression<EqualsToken> & { readonly left: Identifier; readonly right: WrappedExpression<AnonymousFunctionDefinition>; }, Pick<...>> | ... 7 more ... | Extract<...>",OWNER BLANK,True,False,1,0,1
a function returning HasJSDoc | undefined,OWNER BLANK,True,False,1,0,1
a function returning IncrementalBuildInfoFileId,OWNER BLANK,True,False,1,0,1
a function returning IncrementalBuildInfoFileIdListId,OWNER BLANK,True,False,1,0,1
a function returning InferenceContext | (T & undefined),OWNER BLANK,True,False,1,0,1
a function returning InvalidatedProject<T> | undefined,OWNER BLANK,True,False,1,0,1
"a function returning Map<K, V1 | V2>",OWNER BLANK,True,False,1,0,1
a function returning MemberName | (Expression & (NumericLiteral | StringLiteralLike)),OWNER BLANK,True,False,1,0,1
a function returning MissingList<T>,OWNER BLANK,True,False,1,0,1
a function returning ModeAwareCache<T>,OWNER BLANK,True,False,1,0,1
a function returning ModuleOrTypeReferenceResolutionCache<T>,OWNER BLANK,True,False,1,0,1
"a function returning MultiMap<K, V>",OWNER BLANK,True,False,1,0,1
a function returning Mutable<Token<TKind>>,OWNER BLANK,True,False,1,0,1
a function returning Node | (TIn & undefined) | (TVisited & undefined),OWNER BLANK,True,False,1,0,1
a function returning NodeArray<Node> | (TInArray & undefined),OWNER BLANK,True,False,1,0,1
a function returning NodeArray<NonNullable<T>> | undefined,OWNER BLANK,True,False,1,0,1
a function returning NodeArray<TOut> | (TInArray & undefined),OWNER BLANK,True,False,1,0,1
a function returning NonNullable<T>,OWNER BLANK,True,False,1,0,1
a function returning NonRelativeNameResolutionCache<T>,OWNER BLANK,True,False,1,0,1
a function returning PathPathComponents,OWNER BLANK,True,False,1,0,1
a function returning PerDirectoryResolutionCache<T>,OWNER BLANK,True,False,1,0,1
a function returning Queue<T>,OWNER BLANK,True,False,1,0,1
a function returning RedirectsCacheKey,OWNER BLANK,True,False,1,0,1
a function returning ResolvedConfigFilePath,OWNER BLANK,True,False,1,0,1
a function returning ReusableDiagnosticMessageChain,OWNER BLANK,True,False,1,0,1
a function returning SolutionBuilder<T>,OWNER BLANK,True,False,1,0,1
a function returning SyntheticSuper,OWNER BLANK,True,False,1,0,1
a function returning T | EmptyStatement,01a1143c,False,False,1,0,1
a function returning T | Identifier,01a1143c,False,False,1,0,1
a function returning T | NumericLiteral | StringLiteral | BooleanLiteral,01a1143c,False,False,1,0,1
a function returning T | StringLiteral,01a1143c,False,False,1,0,1
a function returning T | T[],01a1143c,False,False,1,0,1
a function returning T | readonly T[],01a1143c,False,False,1,0,1
a function returning T1 & T2,01a1143c,False,False,1,0,1
a function returning TEntry | undefined,01a1143c,False,False,1,0,1
a function returning TOut,01a1143c,False,False,1,0,1
a function returning TOut | (TIn & undefined) | (TVisited & undefined),01a1143c,False,False,1,0,1
a function returning TOut | undefined,01a1143c,False,False,1,0,1
a function returning TPrivateEntry | undefined,01a1143c,False,False,1,0,1
a function returning TResult,01a1143c,False,False,1,0,1
a function returning T[][],01a1143c,False,False,1,0,1
a function returning TransformationResult<T>,01a1143c,False,False,1,0,1
a function returning TypeMapper | (T & undefined),01a1143c,False,False,1,0,1
a function returning TypeOnlyAliasDeclaration | undefined,01a1143c,False,False,1,0,1
a function returning U[],OWNER BLANK,True,False,1,0,1
a function returning V | undefined,OWNER BLANK,True,False,1,0,1
a function returning V[],OWNER BLANK,True,False,1,0,1
a function returning VisitResult<T>,OWNER BLANK,True,False,1,0,1
a function returning WatchCompilerHostOfConfigFile<T>,OWNER BLANK,True,False,1,0,1
a function returning WatchCompilerHostOfFilesAndCompilerOptions<T>,OWNER BLANK,True,False,1,0,1
a function returning never,OWNER BLANK,True,False,1,0,1
a function returning object | undefined,OWNER BLANK,True,False,1,0,1
a function returning readonly (readonly T[])[],OWNER BLANK,True,False,1,0,1
a function returning readonly Node[] | (TInArray & undefined),OWNER BLANK,True,False,1,0,1
a function returning readonly Resolution[],OWNER BLANK,True,False,1,0,1
a function returning readonly TOut[] | (TInArray & undefined),OWNER BLANK,True,False,1,0,1
a function returning readonly U[],OWNER BLANK,True,False,1,0,1
a function returning readonly U[] | undefined,OWNER BLANK,True,False,1,0,1
a function returning string | object,OWNER BLANK,True,False,1,0,1
a function returning unknown,OWNER BLANK,True,False,1,0,1
a function returning void | SolutionBuilder<EmitAndSemanticDiagnosticsBuilderProgram>,OWNER BLANK,True,False,1,0,1
a function returning void | SolutionBuilder<EmitAndSemanticDiagnosticsBuilderProgram> | WatchOfConfigFile<EmitAndSemanticDiagnosticsBuilderProgram>,OWNER BLANK,True,False,1,0,1
a function returning void | WatchOfConfigFile<EmitAndSemanticDiagnosticsBuilderProgram>,OWNER BLANK,True,False,1,0,1
a function returning void | number | Symbol,OWNER BLANK,True,False,1,0,1
a function returning { [P in K as `${P}`]?: T[]; },OWNER BLANK,True,False,1,0,1
a function returning { modifiers: NodeArray<Modifier> | undefined; referencedName: Expression | undefined; name: PropertyName; initializersName: Identifier | undefined; descriptorName: Identifier | undefined; thisArg: Identifier | undefined; extraInitializersName?: never; } | ...,OWNER BLANK,True,False,1,0,1
a function returning { readonly min: number; readonly max: number; },OWNER BLANK,True,False,1,0,1
"a function taking (symbol: Symbol) => boolean seen as one taking ((symbol: Symbol) => boolean) | undefined (tsc relates a method's parameters both ways), so it can be handed what it can't take","adaptation 70, stage 3",False,False,0,1,1
"a function taking BinaryOperatorToken seen as one taking BinaryOperatorToken | BinaryOperator (tsc relates a method's parameters both ways), so it can be handed what it can't take","adaptation 70, stage 3",False,False,0,1,1
"a function taking JSDocTypeExpression | undefined seen as one taking JSDocTypeExpression | JSDocTypeLiteral | undefined (tsc relates a method's parameters both ways), so it can be handed what it can't take","adaptation 70, stage 3",False,False,0,1,1
"a function taking LogLevel seen as one taking never[] (tsc relates a method's parameters both ways), so it can be handed what it can't take","adaptation 70, stage 3",False,False,0,1,1
"a function taking Node seen as one taking never[] (tsc relates a method's parameters both ways), so it can be handed what it can't take","adaptation 70, stage 3",False,False,0,1,1
"a function taking Node | undefined seen as one taking never[] (tsc relates a method's parameters both ways), so it can be handed what it can't take","adaptation 70, stage 3",False,False,0,1,1
"a function taking NodeArray<Expression> seen as one taking readonly Expression[] (tsc relates a method's parameters both ways), so it can be handed what it can't take","adaptation 70, stage 3",False,False,0,1,1
"a function taking NodeArray<T> seen as one taking NodeArray<T> (tsc relates a method's parameters both ways), so it can be handed what it can't take","adaptation 70, stage 3",False,False,0,1,1
"a function taking NodeArray<T> seen as one taking NodeArray<T> | undefined (tsc relates a method's parameters both ways), so it can be handed what it can't take","adaptation 70, stage 3",False,False,0,1,1
"a function taking NodeArray<TypeNode> | undefined seen as one taking readonly TypeNode[] | undefined (tsc relates a method's parameters both ways), so it can be handed what it can't take","adaptation 70, stage 3",False,False,0,1,1
"a function taking OuterExpressionKinds seen as one taking OuterExpressionKinds | undefined (tsc relates a method's parameters both ways), so it can be handed what it can't take","adaptation 70, stage 3",False,False,0,1,1
"a function taking SourceFile seen as one taking [file: SourceFile, options: CompilerOptions] (tsc relates a method's parameters both ways), so it can be handed what it can't take","adaptation 70, stage 3",False,False,0,1,1
"a function taking T seen as one taking string (tsc relates a method's parameters both ways), so it can be handed what it can't take","adaptation 70, stage 3",False,False,0,1,1
"a function taking TIn seen as one taking never[] (tsc relates a method's parameters both ways), so it can be handed what it can't take","adaptation 70, stage 3",False,False,0,1,1
"a function taking TokenFlags seen as one taking TokenFlags | undefined (tsc relates a method's parameters both ways), so it can be handed what it can't take","adaptation 70, stage 3",False,False,0,1,1
"a function taking TypeFacts.None seen as one taking number (tsc relates a method's parameters both ways), so it can be handed what it can't take","adaptation 70, stage 3",False,False,0,1,1
"a function taking TypeNode seen as one taking Node (tsc relates a method's parameters both ways), so it can be handed what it can't take","adaptation 70, stage 3",False,False,0,1,1
"a function taking [callback: (...args: any[]) => void, ms: number, ...args: any[]] seen as one taking (...args: any[]) => void (tsc relates a method's parameters both ways), so it can be handed what it can't take","adaptation 70, stage 3",False,False,0,1,1
"a function taking [fileName: string] seen as one taking string (tsc relates a method's parameters both ways), so it can be handed what it can't take","adaptation 70, stage 3",False,False,0,1,1
"a function taking [node: ConstructorTypeNode, typeParameters: NodeArray<TypeParameterDeclaration> | undefined, parameters: NodeArray<ParameterDeclaration>, type: TypeNode] | ... seen as one taking ConstructorTypeNode (tsc relates a method's parameters both ways), so it can be handed what it can't take","adaptation 70, stage 3",False,False,0,1,1
"a function taking [node: Node] seen as one taking BindingElement | OmittedExpression (tsc relates a method's parameters both ways), so it can be handed what it can't take","adaptation 70, stage 3",False,False,0,1,1
"a function taking [node: Node] seen as one taking Declaration (tsc relates a method's parameters both ways), so it can be handed what it can't take","adaptation 70, stage 3",False,False,0,1,1
"a function taking [path: string, callback: DirectoryWatcherCallback, recursive?: boolean | undefined, options?: WatchOptions | undefined] seen as one taking string (tsc relates a method's parameters both ways), so it can be handed what it can't take","adaptation 70, stage 3",False,False,0,1,1
"a function taking [path: string, callback: FileWatcherCallback, pollingInterval?: number | undefined, options?: WatchOptions | undefined] seen as one taking string (tsc relates a method's parameters both ways), so it can be handed what it can't take","adaptation 70, stage 3",False,False,0,1,1
"a function taking [timeoutId: any] seen as one taking unknown (tsc relates a method's parameters both ways), so it can be handed what it can't take","adaptation 70, stage 3",False,False,0,1,1
"a function taking [typeParameters: readonly TypeParameterDeclaration[] | undefined, parameters: readonly ParameterDeclaration[], type: TypeNode] | [modifiers: readonly Modifier[] | undefined, typeParameters: ... | undefined, parameters: ..., type: TypeNode] seen as one taking readonly Modifier[] | undefined (tsc relates a method's parameters both ways), so it can be handed what it can't take","adaptation 70, stage 3",False,False,0,1,1
"a function taking [writeByteOrderMark: boolean, onError?: ((message: string) => void) | undefined, sourceFiles?: readonly SourceFile[] | undefined, data?: WriteFileCallbackData | undefined] seen as one taking boolean (tsc relates a method's parameters both ways), so it can be handed what it can't take","adaptation 70, stage 3",False,False,0,1,1
"a function taking never seen as one taking never[] (tsc relates a method's parameters both ways), so it can be handed what it can't take","adaptation 70, stage 3",False,False,0,1,1
"a function taking number seen as one taking any[] (tsc relates a method's parameters both ways), so it can be handed what it can't take","adaptation 70, stage 3",False,False,0,1,1
"a function taking number seen as one taking number | undefined (tsc relates a method's parameters both ways), so it can be handed what it can't take","adaptation 70, stage 3",False,False,0,1,1
"a function taking readonly ParameterDeclaration[] seen as one taking readonly ParameterDeclaration[] | undefined (tsc relates a method's parameters both ways), so it can be handed what it can't take","adaptation 70, stage 3",False,False,0,1,1
"a function taking readonly T[] seen as one taking readonly T[] (tsc relates a method's parameters both ways), so it can be handed what it can't take","adaptation 70, stage 3",False,False,0,1,1
"a function taking readonly T[] | undefined seen as one taking readonly T[] | undefined (tsc relates a method's parameters both ways), so it can be handed what it can't take","adaptation 70, stage 3",False,False,0,1,1
"a function taking string seen as one taking string | MemberName (tsc relates a method's parameters both ways), so it can be handed what it can't take","adaptation 70, stage 3",False,False,0,1,1
"a method read as a value (add would lose its object, and this with it)",OWNER BLANK,True,False,0,1,1
"a method read as a value (base64decode would lose its object, and this with it)",OWNER BLANK,True,False,0,1,1
"a method read as a value (base64encode would lose its object, and this with it)",OWNER BLANK,True,False,0,1,1
"a method read as a value (clearScreen would lose its object, and this with it)",OWNER BLANK,True,False,0,1,1
"a method read as a value (cloneNode would lose its object, and this with it)",OWNER BLANK,True,False,0,1,1
"a method read as a value (compare would lose its object, and this with it)",OWNER BLANK,True,False,0,1,1
"a method read as a value (convertToArrayAssignmentElement would lose its object, and this with it)",OWNER BLANK,True,False,0,1,1
"a method read as a value (convertToObjectAssignmentElement would lose its object, and this with it)",OWNER BLANK,True,False,0,1,1
"a method read as a value (createComma would lose its object, and this with it)",OWNER BLANK,True,False,0,1,1
"a method read as a value (createExpressionStatement would lose its object, and this with it)",OWNER BLANK,True,False,0,1,1
"a method read as a value (createIntersectionTypeNode would lose its object, and this with it)",OWNER BLANK,True,False,0,1,1
"a method read as a value (createJSDocClassTag would lose its object, and this with it)",OWNER BLANK,True,False,0,1,1
"a method read as a value (createJSDocDeprecatedTag would lose its object, and this with it)",OWNER BLANK,True,False,0,1,1
"a method read as a value (createJSDocLink would lose its object, and this with it)",OWNER BLANK,True,False,0,1,1
"a method read as a value (createJSDocLinkCode would lose its object, and this with it)",OWNER BLANK,True,False,0,1,1
"a method read as a value (createJSDocLinkPlain would lose its object, and this with it)",OWNER BLANK,True,False,0,1,1
"a method read as a value (createJSDocOverrideTag would lose its object, and this with it)",OWNER BLANK,True,False,0,1,1
"a method read as a value (createJSDocPrivateTag would lose its object, and this with it)",OWNER BLANK,True,False,0,1,1
"a method read as a value (createJSDocProtectedTag would lose its object, and this with it)",OWNER BLANK,True,False,0,1,1
"a method read as a value (createJSDocPublicTag would lose its object, and this with it)",OWNER BLANK,True,False,0,1,1
"a method read as a value (createJSDocReadonlyTag would lose its object, and this with it)",OWNER BLANK,True,False,0,1,1
"a method read as a value (createTemplateMiddle would lose its object, and this with it)",OWNER BLANK,True,False,0,1,1
"a method read as a value (createTemplateTail would lose its object, and this with it)",OWNER BLANK,True,False,0,1,1
"a method read as a value (createUnionTypeNode would lose its object, and this with it)",OWNER BLANK,True,False,0,1,1
"a method read as a value (deleteFile would lose its object, and this with it)",OWNER BLANK,True,False,0,1,1
"a method read as a value (emit would lose its object, and this with it)",OWNER BLANK,True,False,0,1,1
"a method read as a value (emitBuildInfo would lose its object, and this with it)",OWNER BLANK,True,False,0,1,1
"a method read as a value (emitNextAffectedFile would lose its object, and this with it)",OWNER BLANK,True,False,0,1,1
"a method read as a value (fill would lose its object, and this with it)",OWNER BLANK,True,False,0,1,1
"a method read as a value (fromCharCode would lose its object, and this with it)",OWNER BLANK,True,False,0,1,1
"a method read as a value (getAllDependencies would lose its object, and this with it)",OWNER BLANK,True,False,0,1,1
"a method read as a value (getDeclarationDiagnostics would lose its object, and this with it)",OWNER BLANK,True,False,0,1,1
"a method read as a value (getMemoryUsage would lose its object, and this with it)",OWNER BLANK,True,False,0,1,1
"a method read as a value (getModifiedTime would lose its object, and this with it)",OWNER BLANK,True,False,0,1,1
"a method read as a value (getNearestAncestorDirectoryWithPackageJson would lose its object, and this with it)",OWNER BLANK,True,False,0,1,1
"a method read as a value (getOrCreateCacheForModuleName would lose its object, and this with it)",OWNER BLANK,True,False,0,1,1
"a method read as a value (getPositionOfLineAndCharacter would lose its object, and this with it)",OWNER BLANK,True,False,0,1,1
"a method read as a value (getSemanticDiagnostics would lose its object, and this with it)",OWNER BLANK,True,False,0,1,1
"a method read as a value (getSourceFileByPath would lose its object, and this with it)",OWNER BLANK,True,False,0,1,1
"a method read as a value (getSymlinkCache would lose its object, and this with it)",OWNER BLANK,True,False,0,1,1
"a method read as a value (globalCacheResolutionModuleName would lose its object, and this with it)",OWNER BLANK,True,False,0,1,1
"a method read as a value (hasChangedEmitSignature would lose its object, and this with it)",OWNER BLANK,True,False,0,1,1
"a method read as a value (hasInvalidatedLibResolutions would lose its object, and this with it)",OWNER BLANK,True,False,0,1,1
"a method read as a value (hasInvalidatedResolutions would lose its object, and this with it)",OWNER BLANK,True,False,0,1,1
"a method read as a value (hasOwnProperty would lose its object, and this with it)",OWNER BLANK,True,False,0,1,1
"a method read as a value (log would lose its object, and this with it)",OWNER BLANK,True,False,0,1,1
"a method read as a value (nonEscapingWrite would lose its object, and this with it)",OWNER BLANK,True,False,0,1,1
"a method read as a value (onDiscoveredSymlink would lose its object, and this with it)",OWNER BLANK,True,False,0,1,1
"a method read as a value (parenthesizeCheckTypeOfConditionalType would lose its object, and this with it)",OWNER BLANK,True,False,0,1,1
"a method read as a value (parenthesizeConciseBodyOfArrowFunction would lose its object, and this with it)",OWNER BLANK,True,False,0,1,1
"a method read as a value (parenthesizeConditionOfConditionalExpression would lose its object, and this with it)",OWNER BLANK,True,False,0,1,1
"a method read as a value (parenthesizeConstituentTypeOfIntersectionType would lose its object, and this with it)",OWNER BLANK,True,False,0,1,1
"a method read as a value (parenthesizeConstituentTypeOfUnionType would lose its object, and this with it)",OWNER BLANK,True,False,0,1,1
"a method read as a value (parenthesizeElementTypeOfTupleType would lose its object, and this with it)",OWNER BLANK,True,False,0,1,1
"a method read as a value (parenthesizeExpressionOfComputedPropertyName would lose its object, and this with it)",OWNER BLANK,True,False,0,1,1
"a method read as a value (parenthesizeExpressionOfExportDefault would lose its object, and this with it)",OWNER BLANK,True,False,0,1,1
"a method read as a value (parenthesizeExpressionOfExpressionStatement would lose its object, and this with it)",OWNER BLANK,True,False,0,1,1
"a method read as a value (parenthesizeExpressionOfNew would lose its object, and this with it)",OWNER BLANK,True,False,0,1,1
"a method read as a value (parenthesizeExtendsTypeOfConditionalType would lose its object, and this with it)",OWNER BLANK,True,False,0,1,1
"a method read as a value (parenthesizeLeadingTypeArgument would lose its object, and this with it)",OWNER BLANK,True,False,0,1,1
"a method read as a value (parenthesizeOperandOfPostfixUnary would lose its object, and this with it)",OWNER BLANK,True,False,0,1,1
"a method read as a value (parenthesizeOperandOfReadonlyTypeOperator would lose its object, and this with it)",OWNER BLANK,True,False,0,1,1
"a method read as a value (parenthesizeOperandOfTypeOperator would lose its object, and this with it)",OWNER BLANK,True,False,0,1,1
"a method read as a value (parenthesizeTypeOfOptionalType would lose its object, and this with it)",OWNER BLANK,True,False,0,1,1
"a method read as a value (releaseProgram would lose its object, and this with it)",OWNER BLANK,True,False,0,1,1
"a method read as a value (remove would lose its object, and this with it)",OWNER BLANK,True,False,0,1,1
"a method read as a value (repeat would lose its object, and this with it)",OWNER BLANK,True,False,0,1,1
"a method read as a value (replace would lose its object, and this with it)",OWNER BLANK,True,False,0,1,1
"a method read as a value (reportCyclicStructureError would lose its object, and this with it)",OWNER BLANK,True,False,0,1,1
"a method read as a value (reportInaccessibleThisError would lose its object, and this with it)",OWNER BLANK,True,False,0,1,1
"a method read as a value (reportInferenceFallback would lose its object, and this with it)",OWNER BLANK,True,False,0,1,1
"a method read as a value (reportNonSerializableProperty would lose its object, and this with it)",OWNER BLANK,True,False,0,1,1
"a method read as a value (reportNonlocalAugmentation would lose its object, and this with it)",OWNER BLANK,True,False,0,1,1
"a method read as a value (reportTruncationError would lose its object, and this with it)",OWNER BLANK,True,False,0,1,1
"a method read as a value (resolveModuleNameLiterals would lose its object, and this with it)",OWNER BLANK,True,False,0,1,1
"a method read as a value (resolveModuleNames would lose its object, and this with it)",OWNER BLANK,True,False,0,1,1
"a method read as a value (setBlocking would lose its object, and this with it)",OWNER BLANK,True,False,0,1,1
"a method read as a value (setModifiedTime would lose its object, and this with it)",OWNER BLANK,True,False,0,1,1
"a method read as a value (throwIfCancellationRequested would lose its object, and this with it)",OWNER BLANK,True,False,0,1,1
"a method read as a value (toString would lose its object, and this with it)",OWNER BLANK,True,False,0,1,1
"a method read as a value (tryEnableSourceMapsForHost would lose its object, and this with it)",OWNER BLANK,True,False,0,1,1
"a method read as a value (writeOutputIsTTY would lose its object, and this with it)",OWNER BLANK,True,False,0,1,1
"a narrowed accessor reread, which can return a different value",OWNER BLANK,True,False,0,1,1
a non-accessor method in an accessor literal,OWNER BLANK,True,False,1,0,1
a number | undefined argument to slice,OWNER BLANK,True,False,1,0,1
a number | undefined argument to substring,OWNER BLANK,True,False,1,0,1
a spread after the first field,OWNER BLANK,True,False,0,1,1
"a template interpolating an object, an array, a map, a function or undefined",OWNER BLANK,True,False,1,0,1
a tuple literal leaving out an element of type ModuleSpecifierEnding,OWNER BLANK,True,False,1,0,1
"a type argument makes a value of type (left: MappedPosition, right: MappedPosition) => boolean seen as EqualityComparer<SourceMappedPosition> | undefined, which can write string | undefined where string is read","adaptation 70, stage 3",False,False,0,1,1
a type predicate whose return is not proven (asserts cond needs a boolean parameter),01a1143b-d691,False,False,0,1,1
a type predicate whose return is not proven (false return can still contain LateBoundDeclaration),01a1143b-d691,False,False,0,1,1
a type predicate whose return is not proven (normal return has not narrowed value to NonNullable<T>),01a1143b-d691,False,False,0,1,1
a type predicate whose return is not proven (return expression is not a trusted check on arg),01a1143b-d691,False,False,0,1,1
a type predicate whose return is not proven (return expression is not a trusted check on array),01a1143b-d691,False,False,0,1,1
a type predicate whose return is not proven (return expression is not a trusted check on buildOrder),01a1143b-d691,False,False,0,1,1
a type predicate whose return is not proven (return expression is not a trusted check on diagnostic),01a1143b-d691,False,False,0,1,1
a type predicate whose return is not proven (return expression is not a trusted check on file),01a1143b-d691,False,False,0,1,1
a type predicate whose return is not proven (return expression is not a trusted check on func),01a1143b-d691,False,False,0,1,1
a type predicate whose return is not proven (return expression is not a trusted check on hostSourceFile),01a1143b-d691,False,False,0,1,1
a type predicate whose return is not proven (return expression is not a trusted check on location),01a1143b-d691,False,False,0,1,1
a type predicate whose return is not proven (return expression is not a trusted check on m),01a1143b-d691,False,False,0,1,1
a type predicate whose return is not proven (return expression is not a trusted check on option),01a1143b-d691,False,False,0,1,1
a type predicate whose return is not proven (return expression is not a trusted check on options),01a1143b-d691,False,False,0,1,1
a type predicate whose return is not proven (return expression is not a trusted check on p),01a1143b-d691,False,False,0,1,1
a type predicate whose return is not proven (return expression is not a trusted check on program),01a1143b-d691,False,False,0,1,1
a type predicate whose return is not proven (return expression is not a trusted check on sourceFile),01a1143b-d691,False,False,0,1,1
a type predicate whose return is not proven (return expression is not a trusted check on symbol),01a1143b-d691,False,False,0,1,1
a type predicate whose return is not proven (return expression is not a trusted check on t),01a1143b-d691,False,False,0,1,1
a type predicate whose return is not proven (return expression is not a trusted check on tagName),01a1143b-d691,False,False,0,1,1
a type predicate whose return is not proven (return expression is not a trusted check on x),01a1143b-d691,False,False,0,1,1
a type predicate whose return is not proven (the body's true narrowing does not match null | undefined),01a1143b-d691,False,False,0,1,1
a type predicate whose return is not proven (the predicate parameter is assigned),01a1143b-d691,False,False,0,1,1
"a type predicate whose return is not proven (true return narrows to MappedPosition, not SourceMappedPosition)",01a1143b-d691,False,False,0,1,1
"a type predicate whose return is not proven (true return narrows to Mapping, not SourceMapping)",01a1143b-d691,False,False,0,1,1
"a type predicate whose return is not proven (true return narrows to ReusableBuilderProgramState, not BuilderProgramStateWithDefinedProgram)",01a1143b-d691,False,False,0,1,1
"a value of type """" | ResolvedConfigFileName | undefined",OWNER BLANK,True,False,1,0,1
a value of type (() => T) | undefined,OWNER BLANK,True,False,1,0,1
"a value of type ((node: PrivateIdentifierPropertyDeclaration, modifiers: ModifiersArray | undefined) => ObjectLiteralExpression) | undefined seen as ((node: PropertyDeclaration & { readonly name: PrivateIdentifier; }, modifiers: ModifiersArray | undefined) => Expression) | undefined, whose readonly field name becomes writable: a readonly field may hold something narrower than PrivateIdentifier, which a write of PrivateIdentifier would replace","adaptation 70, stage 3",False,False,0,1,1
"a value of type () => { diagnosticMessage: DiagnosticMessage; errorNode: ExportAssignment; } seen as GetSymbolAccessibilityDiagnostic, which can write Node where ExportAssignment is read","adaptation 70, stage 3",False,False,0,1,1
"a value of type (AbstractKeyword | AccessorKeyword | AsyncKeyword | ConstKeyword | DeclareKeyword | Decorator | ... 7 more ... | StaticKeyword)[] | undefined seen as Node[] | undefined, which can write Node where AbstractKeyword | AccessorKeyword | AsyncKeyword | ConstKeyword | DeclareKeyword | Decorator | ... 7 more ... | StaticKeyword is read","adaptation 70, stage 3",False,False,0,1,1
a value of type (AmbientModuleDeclaration & { name: StringLiteral; }) | undefined,OWNER BLANK,True,False,1,0,1
a value of type (AssignmentExpression<EqualsToken> & { readonly left: Identifier; readonly right: WrappedExpression<AnonymousFunctionDefinition>; } & BinaryExpression) | (... & ... 1 more ... & BinaryExpression),OWNER BLANK,True,False,1,0,1
"a value of type (ClassDeclaration | EnumDeclaration | ExportAssignment | ExportDeclaration | FunctionDeclaration | ... 5 more ... | VariableStatement)[] seen as Statement[], which can write Statement where ClassDeclaration | EnumDeclaration | ExportAssignment | ExportDeclaration | FunctionDeclaration | ... 5 more ... | VariableStatement is read","adaptation 70, stage 3",False,False,0,1,1
a value of type (ExportDeclaration & { readonly isTypeOnly: true; readonly moduleSpecifier: Expression; }) | undefined,OWNER BLANK,True,False,1,0,1
a value of type (ModuleDeclaration & { name: StringLiteral; }) | undefined,OWNER BLANK,True,False,1,0,1
a value of type (ModuleSpecifierResolutionHost & { getCommonSourceDirectory(): string; }) | undefined,OWNER BLANK,True,False,1,0,1
a value of type (VariableDeclaration & { name: Identifier; }) | undefined,OWNER BLANK,True,False,1,0,1
"a value of type (left: MappedPosition, right: MappedPosition) => boolean seen as EqualityComparer<SourceMappedPosition> | undefined, which can write string | undefined where string is read","adaptation 70, stage 3",False,False,0,1,1
"a value of type (node: CommentRange) => boolean seen as (value: SynthesizedComment) => boolean, which can write number where -1 is read","adaptation 70, stage 3",False,False,0,1,1
"a value of type (node: PrivateIdentifierGetAccessorDeclaration, modifiers: ModifiersArray | undefined) => ObjectLiteralExpression seen as ((node: GetAccessorDeclaration & { readonly name: PrivateIdentifier; }, modifiers: ModifiersArray | undefined) => Expression) | undefined, whose readonly field name becomes writable: a readonly field may hold something narrower than PrivateIdentifier, which a write of PrivateIdentifier would replace","adaptation 70, stage 3",False,False,0,1,1
"a value of type (node: PrivateIdentifierMethodDeclaration, modifiers: ModifiersArray | undefined) => ObjectLiteralExpression seen as ((node: MethodDeclaration & { readonly name: PrivateIdentifier; }, modifiers: ModifiersArray | undefined) => Expression) | undefined, whose readonly field name becomes writable: a readonly field may hold something narrower than PrivateIdentifier, which a write of PrivateIdentifier would replace","adaptation 70, stage 3",False,False,0,1,1
"a value of type (node: PrivateIdentifierSetAccessorDeclaration, modifiers: ModifiersArray | undefined) => ObjectLiteralExpression seen as ((node: SetAccessorDeclaration & { readonly name: PrivateIdentifier; }, modifiers: ModifiersArray | undefined) => Expression) | undefined, whose readonly field name becomes writable: a readonly field may hold something narrower than PrivateIdentifier, which a write of PrivateIdentifier would replace","adaptation 70, stage 3",False,False,0,1,1
"a value of type (recordTempVariable: ((node: Identifier) => void) | undefined, reservedInNestedScopes?: boolean | undefined, prefix?: string | GeneratedNamePart | undefined, suffix?: string | undefined) => GeneratedIdentifier seen as { (recordTempVariable: ((node: Identifier) => void) | undefined, reservedInNestedScopes?: boolean | undefined): Identifier; (recordTempVariable: ((node: Identifier) => void) | undefined, reservedInNestedScopes?: boolean | undefined, prefix?: string | ... 1 more ... | undefined, suffix?: string | undefined): Identifi..., whose readonly field emitNode becomes writable: a readonly field may hold something narrower than EmitNode & { autoGenerate: AutoGenerateInfo; }, which a write of EmitNode | undefined would replace","adaptation 70, stage 3",False,False,0,1,1
"a value of type (resolution: ResolvedModuleWithFailedLookupLocations) => ResolvedModuleFull | undefined seen as (oldResolution: ResolvedModuleWithFailedLookupLocations) => ResolutionWithResolvedFileName | undefined, which can write string | undefined where string is read","adaptation 70, stage 3",False,False,0,1,1
a value of type (s: string) => void,OWNER BLANK,True,False,1,0,1
"a value of type (symbol: Symbol) => { visitedTypes: Type[]; visitedSymbols: Symbol[]; } seen as (root: Symbol) => { visitedTypes: readonly Type[]; visitedSymbols: readonly Symbol[]; }, which can write readonly Type[] where Type[] is read","adaptation 70, stage 3",False,False,0,1,1
"a value of type (symbolAccessibilityResult: SymbolAccessibilityResult) => { diagnosticMessage: DiagnosticMessage; errorNode: DeclarationDiagnosticProducing; typeName: DeclarationName | undefined; } | undefined seen as (symbolAccessibilityResult: SymbolAccessibilityResult) => SymbolAccessibilityDiagnostic | undefined, which can write Node where DeclarationDiagnosticProducing is read","adaptation 70, stage 3",False,False,0,1,1
"a value of type (type: Type) => { visitedTypes: Type[]; visitedSymbols: Symbol[]; } seen as (root: Type) => { visitedTypes: readonly Type[]; visitedSymbols: readonly Symbol[]; }, which can write readonly Type[] where Type[] is read","adaptation 70, stage 3",False,False,0,1,1
a value of type (value: T) => void,OWNER BLANK,True,False,1,0,1
a value of type AccessExpression | RequireOrImportCall,OWNER BLANK,True,False,1,0,1
a value of type AccessorDeclaration & { readonly name: BigIntLiteral | ComputedPropertyName | Identifier | NoSubstitutionTemplateLiteral | NumericLiteral | StringLiteral; },OWNER BLANK,True,False,1,0,1
a value of type AliasDeclarationNode,OWNER BLANK,True,False,1,0,1
"a value of type AnonymousType seen as AnonymousType, which can write AnonymousType | undefined where GenericType is read","adaptation 70, stage 3",False,False,0,1,1
"a value of type AnonymousType | DeferredTypeReference seen as AnonymousType, which can write AnonymousType | undefined where GenericType is read","adaptation 70, stage 3",False,False,0,1,1
a value of type ArrowFunction | BinaryExpression | BindingElement | Block | BreakStatement | CallSignatureDeclaration | ... 64 more ... | EndOfFileToken,OWNER BLANK,True,False,1,0,1
"a value of type AssertClause seen as Mutable<AssertClause>, whose readonly field pos becomes writable: a readonly field may hold something narrower than number, which a write of number would replace","adaptation 70, stage 3",False,False,0,1,1
"a value of type AssertEntry seen as Mutable<AssertEntry>, whose readonly field pos becomes writable: a readonly field may hold something narrower than number, which a write of number would replace","adaptation 70, stage 3",False,False,0,1,1
"a value of type AutoAccessorPropertyDeclaration | undefined seen as Type | undefined, whose readonly field flags becomes writable: a readonly field may hold something narrower than NodeFlags, which a write of TypeFlags would replace","adaptation 70, stage 3",False,False,0,1,1
"a value of type AwaitedTypeInstantiation | Type seen as Type, which can write Symbol | undefined where Symbol is read","adaptation 70, stage 3",False,False,0,1,1
"a value of type BigIntLiteral | ComputedPropertyName | GeneratedIdentifier | NoSubstitutionTemplateLiteral | NumericLiteral | PrivateIdentifier | StringLiteral seen as Node, whose readonly field emitNode becomes writable: a readonly field may hold something narrower than EmitNode & { autoGenerate: AutoGenerateInfo; }, which a write of EmitNode | undefined would replace","adaptation 70, stage 3",False,False,0,1,1
"a value of type BigIntLiteral | ComputedPropertyName | GeneratedIdentifier | NoSubstitutionTemplateLiteral | NumericLiteral | StringLiteral seen as Node, whose readonly field emitNode becomes writable: a readonly field may hold something narrower than EmitNode & { autoGenerate: AutoGenerateInfo; }, which a write of EmitNode | undefined would replace","adaptation 70, stage 3",False,False,0,1,1
"a value of type BigIntLiteral | ComputedPropertyName | Identifier | JsxNamespacedName | NoSubstitutionTemplateLiteral | NumericLiteral | PrivateIdentifier | StringLiteral seen as Type, whose readonly field flags becomes writable: a readonly field may hold something narrower than NodeFlags, which a write of TypeFlags would replace","adaptation 70, stage 3",False,False,0,1,1
"a value of type BigIntLiteral | ComputedPropertyName | Identifier | JsxNamespacedName | NoSubstitutionTemplateLiteral | NumericLiteral | PrivateIdentifier | StringLiteral | undefined seen as Type | undefined, whose readonly field flags becomes writable: a readonly field may hold something narrower than NodeFlags, which a write of TypeFlags would replace","adaptation 70, stage 3",False,False,0,1,1
"a value of type BigIntLiteral | ComputedPropertyName | Identifier | NoSubstitutionTemplateLiteral | NumericLiteral | PrivateIdentifier | StringLiteral | undefined seen as Symbol | undefined, whose readonly field flags becomes writable: a readonly field may hold something narrower than NodeFlags, which a write of SymbolFlags would replace","adaptation 70, stage 3",False,False,0,1,1
"a value of type BinaryExpression seen as TextRange | undefined, whose readonly field pos becomes writable: a readonly field may hold something narrower than number, which a write of number would replace","adaptation 70, stage 3",False,False,0,1,1
a value of type BindablePropertyAssignmentExpression | PropertyAccessExpression | LiteralLikeElementAccessExpression,OWNER BLANK,True,False,1,0,1
a value of type BindableStaticAccessExpression,OWNER BLANK,True,False,1,0,1
a value of type BindingElement & { readonly name: Identifier; readonly dotDotDotToken: undefined; readonly initializer: WrappedExpression<AnonymousFunctionDefinition>; },OWNER BLANK,True,False,1,0,1
"a value of type BindingName seen as SourceMapRange | undefined, whose readonly field pos becomes writable: a readonly field may hold something narrower than number, which a write of number would replace","adaptation 70, stage 3",False,False,0,1,1
"a value of type Block seen as Mutable<Block>, whose readonly field pos becomes writable: a readonly field may hold something narrower than number, which a write of number would replace","adaptation 70, stage 3",False,False,0,1,1
"a value of type Block | undefined seen as Type | undefined, whose readonly field flags becomes writable: a readonly field may hold something narrower than NodeFlags, which a write of TypeFlags would replace","adaptation 70, stage 3",False,False,0,1,1
"a value of type BreakStatement seen as Mutable<BreakStatement>, whose readonly field pos becomes writable: a readonly field may hold something narrower than number, which a write of number would replace","adaptation 70, stage 3",False,False,0,1,1
a value of type CallExpression | BindableStaticAccessExpression,OWNER BLANK,True,False,1,0,1
"a value of type CallExpression | undefined seen as NodeArray<Expression> | undefined, whose readonly field transformFlags becomes writable: a readonly field may hold something narrower than TransformFlags, which a write of TransformFlags would replace","adaptation 70, stage 3",False,False,0,1,1
"a value of type CallSignatureDeclaration seen as Mutable<CallSignatureDeclaration>, whose readonly field pos becomes writable: a readonly field may hold something narrower than number, which a write of number would replace","adaptation 70, stage 3",False,False,0,1,1
"a value of type CapturedThis seen as PrimaryExpression, whose readonly field emitNode becomes writable: a readonly field may hold something narrower than EmitNode & { autoGenerate: AutoGenerateInfo; }, which a write of EmitNode | undefined would replace","adaptation 70, stage 3",False,False,0,1,1
"a value of type CapturedThis seen as string | BindingName, whose readonly field emitNode becomes writable: a readonly field may hold something narrower than EmitNode & { autoGenerate: AutoGenerateInfo; }, which a write of EmitNode | undefined would replace","adaptation 70, stage 3",False,False,0,1,1
"a value of type CaseBlock seen as Mutable<CaseBlock>, whose readonly field pos becomes writable: a readonly field may hold something narrower than number, which a write of number would replace","adaptation 70, stage 3",False,False,0,1,1
a value of type Child,OWNER BLANK,True,False,1,0,1
"a value of type Children seen as TextRange | undefined, whose readonly field pos becomes writable: a readonly field may hold something narrower than number, which a write of number would replace","adaptation 70, stage 3",False,False,0,1,1
"a value of type ClassDeclaration seen as SourceMapRange | undefined, whose readonly field pos becomes writable: a readonly field may hold something narrower than number, which a write of number would replace","adaptation 70, stage 3",False,False,0,1,1
"a value of type ClassDeclaration | ClassExpression | InferTypeNode | InterfaceDeclaration | JSDocCallbackTag | ... 4 more ... | undefined seen as Symbol | undefined, whose readonly field flags becomes writable: a readonly field may hold something narrower than NodeFlags, which a write of SymbolFlags would replace","adaptation 70, stage 3",False,False,0,1,1
"a value of type ClassDeclaration | FunctionDeclaration seen as TextRange | undefined, whose readonly field pos becomes writable: a readonly field may hold something narrower than number, which a write of number would replace","adaptation 70, stage 3",False,False,0,1,1
a value of type ClassElement | ParameterPropertyDeclaration,OWNER BLANK,True,False,1,0,1
a value of type ClassNamedEvaluationHelperBlock,OWNER BLANK,True,False,1,0,1
a value of type Comparer<T> | undefined,OWNER BLANK,True,False,1,0,1
"a value of type CompilerHost seen as CompilerHostLikeForCache, which can write WriteFileCallback | undefined where WriteFileCallback is read","adaptation 70, stage 3",False,False,0,1,1
"a value of type ConstructSignatureDeclaration seen as Mutable<ConstructSignatureDeclaration>, whose readonly field pos becomes writable: a readonly field may hold something narrower than number, which a write of number would replace","adaptation 70, stage 3",False,False,0,1,1
"a value of type ConstructorTypeNode seen as Mutable<ConstructorTypeNode>, whose readonly field pos becomes writable: a readonly field may hold something narrower than number, which a write of number would replace","adaptation 70, stage 3",False,False,0,1,1
"a value of type ContinueStatement seen as Mutable<ContinueStatement>, whose readonly field pos becomes writable: a readonly field may hold something narrower than number, which a write of number would replace","adaptation 70, stage 3",False,False,0,1,1
a value of type CustomTransformerFactory | TransformerFactory<T>,OWNER BLANK,True,False,1,0,1
"a value of type Declaration seen as Symbol | undefined, whose readonly field flags becomes writable: a readonly field may hold something narrower than NodeFlags, which a write of SymbolFlags would replace","adaptation 70, stage 3",False,False,0,1,1
"a value of type Declaration | undefined seen as Type | undefined, whose readonly field flags becomes writable: a readonly field may hold something narrower than NodeFlags, which a write of TypeFlags would replace","adaptation 70, stage 3",False,False,0,1,1
"a value of type DestructuringAssignment seen as TextRange, whose readonly field pos becomes writable: a readonly field may hold something narrower than number, which a write of number would replace","adaptation 70, stage 3",False,False,0,1,1
"a value of type DiagnosticMessageChain | { messageText: string; category: DiagnosticCategory; code: number; repopulateInfo?: () => RepopulateDiagnosticChainInfo; canonicalHead?: CanonicalDiagnostic; next: ... | undefined; } seen as ReusableDiagnosticMessageChain, which can write ReusableDiagnosticMessageChain[] | undefined where DiagnosticMessageChain[] | undefined is read","adaptation 70, stage 3",False,False,0,1,1
"a value of type DiagnosticMessageChain[] seen as ReusableDiagnosticMessageChain[], which can write ReusableDiagnosticMessageChain where DiagnosticMessageChain is read","adaptation 70, stage 3",False,False,0,1,1
"a value of type DiagnosticMessageChain[] seen as ReusableDiagnosticMessageChain[], which can write ReusableDiagnosticMessageChain[] | undefined where DiagnosticMessageChain[] | undefined is read","adaptation 70, stage 3",False,False,0,1,1
"a value of type DiagnosticWithLocation seen as Diagnostic | undefined, which can write SourceFile | undefined where SourceFile is read","adaptation 70, stage 3",False,False,0,1,1
"a value of type DiagnosticWithLocation seen as DiagnosticRelatedInformation | undefined, which can write SourceFile | undefined where SourceFile is read","adaptation 70, stage 3",False,False,0,1,1
"a value of type DiagnosticWithLocation[] seen as readonly Diagnostic[] | undefined, which can write SourceFile | undefined where SourceFile is read","adaptation 70, stage 3",False,False,0,1,1
"a value of type DiagnosticWithLocation[] seen as readonly Diagnostic[], which can write SourceFile | undefined where SourceFile is read","adaptation 70, stage 3",False,False,0,1,1
"a value of type DiagnosticWithLocation[] | undefined seen as readonly Diagnostic[] | undefined, which can write SourceFile | undefined where SourceFile is read","adaptation 70, stage 3",False,False,0,1,1
a value of type EmitNode & { autoGenerate: AutoGenerateInfo; },OWNER BLANK,True,False,1,0,1
a value of type EntityNameExpression | (LeftHandSideExpression & BindableStaticNameExpression),OWNER BLANK,True,False,1,0,1
"a value of type EntityNameExpression | undefined seen as Symbol | undefined, whose readonly field flags becomes writable: a readonly field may hold something narrower than NodeFlags, which a write of SymbolFlags would replace","adaptation 70, stage 3",False,False,0,1,1
"a value of type EnumDeclaration | ModuleDeclaration seen as TextRange, whose readonly field pos becomes writable: a readonly field may hold something narrower than number, which a write of number would replace","adaptation 70, stage 3",False,False,0,1,1
"a value of type EqualsGreaterThanToken seen as TextRange, whose readonly field pos becomes writable: a readonly field may hold something narrower than number, which a write of number would replace","adaptation 70, stage 3",False,False,0,1,1
a value of type ExportAssignment & { readonly expression: WrappedExpression<AnonymousFunctionDefinition>; },OWNER BLANK,True,False,1,0,1
"a value of type ExportAssignment seen as TextRange | undefined, whose readonly field pos becomes writable: a readonly field may hold something narrower than number, which a write of number would replace","adaptation 70, stage 3",False,False,0,1,1
"a value of type ExportDeclaration | undefined seen as Symbol | undefined, whose readonly field flags becomes writable: a readonly field may hold something narrower than NodeFlags, which a write of SymbolFlags would replace","adaptation 70, stage 3",False,False,0,1,1
"a value of type Expression | GeneratedIdentifier seen as Expression | undefined, whose readonly field emitNode becomes writable: a readonly field may hold something narrower than EmitNode & { autoGenerate: AutoGenerateInfo; }, which a write of EmitNode | undefined would replace","adaptation 70, stage 3",False,False,0,1,1
"a value of type Expression | GeneratedIdentifier seen as Expression, whose readonly field emitNode becomes writable: a readonly field may hold something narrower than EmitNode & { autoGenerate: AutoGenerateInfo; }, which a write of EmitNode | undefined would replace","adaptation 70, stage 3",False,False,0,1,1
"a value of type Expression | undefined seen as Type | undefined, whose readonly field flags becomes writable: a readonly field may hold something narrower than NodeFlags, which a write of TypeFlags would replace","adaptation 70, stage 3",False,False,0,1,1
"a value of type ExpressionStatement seen as Mutable<ExpressionStatement>, whose readonly field pos becomes writable: a readonly field may hold something narrower than number, which a write of number would replace","adaptation 70, stage 3",False,False,0,1,1
"a value of type Extension[] seen as string[], which can write string where Extension is read","adaptation 70, stage 3",False,False,0,1,1
"a value of type FlowArrayMutation | FlowAssignment | FlowCall | FlowCondition | FlowLabel | FlowReduceLabel | FlowStart | FlowUnreachable seen as FlowNode, which can write BindingElement | Expression | VariableDeclaration where BinaryExpression | CallExpression is read","adaptation 70, stage 3",False,False,0,1,1
"a value of type FunctionTypeNode seen as Mutable<FunctionTypeNode>, whose readonly field pos becomes writable: a readonly field may hold something narrower than number, which a write of number would replace","adaptation 70, stage 3",False,False,0,1,1
"a value of type GeneratedIdentifier seen as Expression | GeneratedIdentifier, whose readonly field emitNode becomes writable: a readonly field may hold something narrower than EmitNode & { autoGenerate: AutoGenerateInfo; }, which a write of EmitNode | undefined would replace","adaptation 70, stage 3",False,False,0,1,1
"a value of type GeneratedIdentifier seen as GeneratedIdentifier | Identifier, whose readonly field emitNode becomes writable: a readonly field may hold something narrower than EmitNode & { autoGenerate: AutoGenerateInfo; }, which a write of EmitNode | undefined would replace","adaptation 70, stage 3",False,False,0,1,1
"a value of type GeneratedIdentifier seen as Node | undefined, whose readonly field emitNode becomes writable: a readonly field may hold something narrower than EmitNode & { autoGenerate: AutoGenerateInfo; }, which a write of EmitNode | undefined would replace","adaptation 70, stage 3",False,False,0,1,1
"a value of type GeneratedIdentifier | GeneratedPrivateIdentifier seen as GeneratedIdentifier | GeneratedPrivateIdentifier | Node, whose readonly field emitNode becomes writable: a readonly field may hold something narrower than EmitNode & { autoGenerate: AutoGenerateInfo; }, which a write of EmitNode | undefined would replace","adaptation 70, stage 3",False,False,0,1,1
"a value of type GeneratedIdentifier | GeneratedPrivateIdentifier seen as Identifier | PrivateIdentifier, whose readonly field emitNode becomes writable: a readonly field may hold something narrower than EmitNode & { autoGenerate: AutoGenerateInfo; }, which a write of EmitNode | undefined would replace","adaptation 70, stage 3",False,False,0,1,1
"a value of type GeneratedIdentifier | GeneratedPrivateIdentifier seen as Node | undefined, whose readonly field emitNode becomes writable: a readonly field may hold something narrower than EmitNode & { autoGenerate: AutoGenerateInfo; }, which a write of EmitNode | undefined would replace","adaptation 70, stage 3",False,False,0,1,1
"a value of type GeneratedIdentifier | GeneratedPrivateIdentifier | Identifier | PrivateIdentifier seen as Identifier | PrivateIdentifier, whose readonly field emitNode becomes writable: a readonly field may hold something narrower than EmitNode & { autoGenerate: AutoGenerateInfo; }, which a write of EmitNode | undefined would replace","adaptation 70, stage 3",False,False,0,1,1
"a value of type GeneratedIdentifier | Identifier seen as GeneratedIdentifier | Identifier | undefined, whose readonly field emitNode becomes writable: a readonly field may hold something narrower than EmitNode & { autoGenerate: AutoGenerateInfo; }, which a write of EmitNode | undefined would replace","adaptation 70, stage 3",False,False,0,1,1
"a value of type GeneratedIdentifier | Identifier seen as Identifier | undefined, whose readonly field emitNode becomes writable: a readonly field may hold something narrower than EmitNode & { autoGenerate: AutoGenerateInfo; }, which a write of EmitNode | undefined would replace","adaptation 70, stage 3",False,False,0,1,1
"a value of type GeneratedIdentifier | Identifier seen as string | BindingName, whose readonly field emitNode becomes writable: a readonly field may hold something narrower than EmitNode & { autoGenerate: AutoGenerateInfo; }, which a write of EmitNode | undefined would replace","adaptation 70, stage 3",False,False,0,1,1
"a value of type GeneratedIdentifier | Identifier seen as string | GeneratedIdentifier | Identifier, whose readonly field emitNode becomes writable: a readonly field may hold something narrower than EmitNode & { autoGenerate: AutoGenerateInfo; }, which a write of EmitNode | undefined would replace","adaptation 70, stage 3",False,False,0,1,1
"a value of type GeneratedIdentifier | Identifier | undefined seen as string | ModuleExportName | undefined, whose readonly field emitNode becomes writable: a readonly field may hold something narrower than EmitNode & { autoGenerate: AutoGenerateInfo; }, which a write of EmitNode | undefined would replace","adaptation 70, stage 3",False,False,0,1,1
"a value of type GeneratedPrivateIdentifier seen as Node | undefined, whose readonly field emitNode becomes writable: a readonly field may hold something narrower than EmitNode & { autoGenerate: AutoGenerateInfo; }, which a write of EmitNode | undefined would replace","adaptation 70, stage 3",False,False,0,1,1
"a value of type GetAccessorDeclaration | MethodDeclaration | PropertyAssignment | SetAccessorDeclaration | ShorthandPropertyAssignment | SpreadAssignment | undefined seen as Type | undefined, whose readonly field flags becomes writable: a readonly field may hold something narrower than NodeFlags, which a write of TypeFlags would replace","adaptation 70, stage 3",False,False,0,1,1
"a value of type GetAccessorDeclaration | SetAccessorDeclaration seen as Mutable<AccessorDeclaration>, whose readonly field pos becomes writable: a readonly field may hold something narrower than number, which a write of number would replace","adaptation 70, stage 3",False,False,0,1,1
"a value of type Identifier & GeneratedIdentifier & { readonly escapedText: { __escapedIdentifier: void; } & ""__this""; } seen as BindingName, which can write EmitNode | undefined where EmitNode & { autoGenerate: AutoGenerateInfo; } is read","adaptation 70, stage 3",False,False,0,1,1
"a value of type Identifier seen as Mutable<Node>, whose readonly field pos becomes writable: a readonly field may hold something narrower than number, which a write of number would replace","adaptation 70, stage 3",False,False,0,1,1
a value of type Identifier | PrivateIdentifier | __String,OWNER BLANK,True,False,1,0,1
"a value of type Identifier | undefined seen as Symbol | undefined, whose readonly field flags becomes writable: a readonly field may hold something narrower than NodeFlags, which a write of SymbolFlags would replace","adaptation 70, stage 3",False,False,0,1,1
"a value of type Identifier[] seen as ModuleExportName[] | undefined, which can write ModuleExportName where Identifier is read","adaptation 70, stage 3",False,False,0,1,1
"a value of type ImportAttribute seen as Mutable<ImportAttribute>, whose readonly field pos becomes writable: a readonly field may hold something narrower than number, which a write of number would replace","adaptation 70, stage 3",False,False,0,1,1
"a value of type ImportAttributes seen as Mutable<ImportAttributes>, whose readonly field pos becomes writable: a readonly field may hold something narrower than number, which a write of number would replace","adaptation 70, stage 3",False,False,0,1,1
"a value of type ImportClause seen as Mutable<ImportClause>, whose readonly field pos becomes writable: a readonly field may hold something narrower than number, which a write of number would replace","adaptation 70, stage 3",False,False,0,1,1
"a value of type ImportDeclaration seen as Mutable<ImportDeclaration>, whose readonly field pos becomes writable: a readonly field may hold something narrower than number, which a write of number would replace","adaptation 70, stage 3",False,False,0,1,1
"a value of type ImportDeclaration seen as Mutable<Node>, whose readonly field pos becomes writable: a readonly field may hold something narrower than number, which a write of number would replace","adaptation 70, stage 3",False,False,0,1,1
"a value of type ImportEqualsDeclaration seen as TextRange | undefined, whose readonly field pos becomes writable: a readonly field may hold something narrower than number, which a write of number would replace","adaptation 70, stage 3",False,False,0,1,1
"a value of type ImportTypeNode seen as Mutable<ImportTypeNode>, whose readonly field pos becomes writable: a readonly field may hold something narrower than number, which a write of number would replace","adaptation 70, stage 3",False,False,0,1,1
a value of type IncludeTypeSpaceImports,OWNER BLANK,True,False,1,0,1
a value of type IncrementalBuildInfoFileIdListId,OWNER BLANK,True,False,1,0,1
a value of type IncrementalBuildInfoFilePendingEmit,OWNER BLANK,True,False,1,0,1
a value of type IncrementalMultiFileEmitBuildInfoFileInfo,OWNER BLANK,True,False,1,0,1
"a value of type IndexInfo | undefined seen as IndexSignatureDeclaration | undefined, which can write number | undefined where number is read","adaptation 70, stage 3",False,False,0,1,1
"a value of type IndexSignatureDeclaration seen as Mutable<IndexSignatureDeclaration>, whose readonly field pos becomes writable: a readonly field may hold something narrower than number, which a write of number would replace","adaptation 70, stage 3",False,False,0,1,1
"a value of type InitializedVariableDeclaration seen as SourceMapRange | undefined, whose readonly field pos becomes writable: a readonly field may hold something narrower than number, which a write of number would replace","adaptation 70, stage 3",False,False,0,1,1
"a value of type IntrinsicType[] seen as TypeParameter[], which can write TypeParameter where IntrinsicType is read","adaptation 70, stage 3",False,False,0,1,1
"a value of type IntrinsicType[] | undefined seen as TypeParameter[] | undefined, which can write TypeParameter where IntrinsicType is read","adaptation 70, stage 3",False,False,0,1,1
"a value of type IterationTypes[] seen as (IterationTypes | undefined)[], which can write IterationTypes | undefined where IterationTypes is read","adaptation 70, stage 3",False,False,0,1,1
"a value of type JSDocAugmentsTag seen as Mutable<JSDocAugmentsTag>, whose readonly field pos becomes writable: a readonly field may hold something narrower than number, which a write of number would replace","adaptation 70, stage 3",False,False,0,1,1
"a value of type JSDocCallbackTag seen as Mutable<JSDocCallbackTag>, whose readonly field pos becomes writable: a readonly field may hold something narrower than number, which a write of number would replace","adaptation 70, stage 3",False,False,0,1,1
"a value of type JSDocFunctionType seen as Mutable<JSDocFunctionType>, whose readonly field pos becomes writable: a readonly field may hold something narrower than number, which a write of number would replace","adaptation 70, stage 3",False,False,0,1,1
"a value of type JSDocImplementsTag seen as Mutable<JSDocImplementsTag>, whose readonly field pos becomes writable: a readonly field may hold something narrower than number, which a write of number would replace","adaptation 70, stage 3",False,False,0,1,1
"a value of type JSDocImportTag seen as Mutable<JSDocImportTag>, whose readonly field pos becomes writable: a readonly field may hold something narrower than number, which a write of number would replace","adaptation 70, stage 3",False,False,0,1,1
a value of type JSDocImportTag | CanHaveModuleSpecifier,OWNER BLANK,True,False,1,0,1
"a value of type JSDocLink seen as Mutable<JSDocLink>, whose readonly field pos becomes writable: a readonly field may hold something narrower than number, which a write of number would replace","adaptation 70, stage 3",False,False,0,1,1
"a value of type JSDocLinkCode seen as Mutable<JSDocLinkCode>, whose readonly field pos becomes writable: a readonly field may hold something narrower than number, which a write of number would replace","adaptation 70, stage 3",False,False,0,1,1
"a value of type JSDocLinkPlain seen as Mutable<JSDocLinkPlain>, whose readonly field pos becomes writable: a readonly field may hold something narrower than number, which a write of number would replace","adaptation 70, stage 3",False,False,0,1,1
"a value of type JSDocNameReference seen as Mutable<JSDocNameReference>, whose readonly field pos becomes writable: a readonly field may hold something narrower than number, which a write of number would replace","adaptation 70, stage 3",False,False,0,1,1
"a value of type JSDocOverloadTag seen as Mutable<JSDocOverloadTag>, whose readonly field pos becomes writable: a readonly field may hold something narrower than number, which a write of number would replace","adaptation 70, stage 3",False,False,0,1,1
"a value of type JSDocParameterTag seen as Mutable<JSDocParameterTag>, whose readonly field pos becomes writable: a readonly field may hold something narrower than number, which a write of number would replace","adaptation 70, stage 3",False,False,0,1,1
"a value of type JSDocPropertyTag seen as Mutable<JSDocPropertyTag>, whose readonly field pos becomes writable: a readonly field may hold something narrower than number, which a write of number would replace","adaptation 70, stage 3",False,False,0,1,1
"a value of type JSDocSeeTag seen as Mutable<JSDocSeeTag>, whose readonly field pos becomes writable: a readonly field may hold something narrower than number, which a write of number would replace","adaptation 70, stage 3",False,False,0,1,1
"a value of type JSDocSignature seen as Mutable<JSDocSignature>, whose readonly field pos becomes writable: a readonly field may hold something narrower than number, which a write of number would replace","adaptation 70, stage 3",False,False,0,1,1
"a value of type JSDocSignature | SignatureDeclaration | undefined seen as Symbol | undefined, whose readonly field flags becomes writable: a readonly field may hold something narrower than NodeFlags, which a write of SymbolFlags would replace","adaptation 70, stage 3",False,False,0,1,1
"a value of type JSDocTemplateTag seen as Mutable<JSDocTemplateTag>, whose readonly field pos becomes writable: a readonly field may hold something narrower than number, which a write of number would replace","adaptation 70, stage 3",False,False,0,1,1
"a value of type JSDocText seen as Mutable<JSDocText>, whose readonly field pos becomes writable: a readonly field may hold something narrower than number, which a write of number would replace","adaptation 70, stage 3",False,False,0,1,1
"a value of type JSDocTypeExpression seen as Mutable<JSDocTypeExpression>, whose readonly field pos becomes writable: a readonly field may hold something narrower than number, which a write of number would replace","adaptation 70, stage 3",False,False,0,1,1
"a value of type JSDocTypeExpression | undefined seen as Signature | undefined, whose readonly field flags becomes writable: a readonly field may hold something narrower than NodeFlags, which a write of SignatureFlags would replace","adaptation 70, stage 3",False,False,0,1,1
"a value of type JSDocTypeLiteral seen as Mutable<JSDocTypeLiteral>, whose readonly field pos becomes writable: a readonly field may hold something narrower than number, which a write of number would replace","adaptation 70, stage 3",False,False,0,1,1
"a value of type JSDocTypedefTag seen as Mutable<JSDocTypedefTag>, whose readonly field pos becomes writable: a readonly field may hold something narrower than number, which a write of number would replace","adaptation 70, stage 3",False,False,0,1,1
"a value of type JSDocUnknownTag seen as Mutable<JSDocUnknownTag>, whose readonly field pos becomes writable: a readonly field may hold something narrower than number, which a write of number would replace","adaptation 70, stage 3",False,False,0,1,1
a value of type LeftHandSideExpression & Identifier,OWNER BLANK,True,False,1,0,1
"a value of type Map<Path, Diagnostic[]> seen as Map<Path, readonly Diagnostic[]> | undefined, which can write readonly Diagnostic[] where Diagnostic[] is read","adaptation 70, stage 3",False,False,0,1,1
"a value of type Map<Path, DirectoryWatchesOfFailedLookup> seen as Map<string, DirectoryWatchesOfFailedLookup>, which can write string where Path is read","adaptation 70, stage 3",False,False,0,1,1
"a value of type Map<Path, FileWatcher> seen as Map<string, FileWatcher>, which can write string where Path is read","adaptation 70, stage 3",False,False,0,1,1
"a value of type Map<Path, ModeAwareCache<CachedResolvedModuleWithFailedLookupLocations>> seen as Map<string, ModeAwareCache<CachedResolvedModuleWithFailedLookupLocations>>, which can write string where Path is read","adaptation 70, stage 3",False,False,0,1,1
"a value of type Map<Path, ModeAwareCache<CachedResolvedTypeReferenceDirectiveWithFailedLookupLocations>> seen as Map<string, ModeAwareCache<CachedResolvedTypeReferenceDirectiveWithFailedLookupLocations>>, which can write string where Path is read","adaptation 70, stage 3",False,False,0,1,1
"a value of type Map<Path, ModeAwareCache<T>> | undefined",OWNER BLANK,True,False,1,0,1
"a value of type Map<Path, string[]> seen as InvokeMap, which can write true | string[] where string[] is read","adaptation 70, stage 3",False,False,0,1,1
"a value of type Map<ResolvedConfigFilePath, BuildInfoCacheEntry> seen as Map<ResolvedConfigFilePath, unknown>, which can write unknown where BuildInfoCacheEntry is read","adaptation 70, stage 3",False,False,0,1,1
"a value of type Map<ResolvedConfigFilePath, ConfigFileCacheEntry> seen as Map<ResolvedConfigFilePath, unknown>, which can write unknown where ConfigFileCacheEntry is read","adaptation 70, stage 3",False,False,0,1,1
"a value of type Map<ResolvedConfigFilePath, Map<Path, Date>> seen as Map<ResolvedConfigFilePath, unknown>, which can write unknown where Map<Path, Date> is read","adaptation 70, stage 3",False,False,0,1,1
"a value of type Map<ResolvedConfigFilePath, ProgramUpdateLevel> seen as Map<ResolvedConfigFilePath, unknown>, which can write unknown where ProgramUpdateLevel is read","adaptation 70, stage 3",False,False,0,1,1
"a value of type Map<ResolvedConfigFilePath, Set<string> | undefined> seen as Map<ResolvedConfigFilePath, unknown>, which can write unknown where Set<string> | undefined is read","adaptation 70, stage 3",False,False,0,1,1
"a value of type Map<ResolvedConfigFilePath, T> seen as Map<ResolvedConfigFilePath, unknown>, which can write unknown where T is read","adaptation 70, stage 3",False,False,0,1,1
"a value of type Map<ResolvedConfigFilePath, UpToDateStatus> seen as Map<ResolvedConfigFilePath, unknown>, which can write unknown where UpToDateStatus is read","adaptation 70, stage 3",False,False,0,1,1
"a value of type Map<ResolvedConfigFilePath, readonly Diagnostic[]> seen as Map<ResolvedConfigFilePath, unknown>, which can write unknown where readonly Diagnostic[] is read","adaptation 70, stage 3",False,False,0,1,1
"a value of type Map<ResolvedConfigFilePath, true> seen as Map<ResolvedConfigFilePath, unknown>, which can write unknown where true is read","adaptation 70, stage 3",False,False,0,1,1
"a value of type Map<string, CachedResolvedModuleWithFailedLookupLocations> seen as Map<string, ResolutionWithFailedLookupLocations> | Set<ResolutionWithFailedLookupLocations> | undefined, which can write ResolutionWithFailedLookupLocations where CachedResolvedModuleWithFailedLookupLocations is read","adaptation 70, stage 3",False,False,0,1,1
"a value of type Map<string, ImportsNotUsedAsValues> seen as ""boolean"" | ""list"" | ""listOrElement"" | ""number"" | ""object"" | ""string"" | Map<string, string | number>, which can write string | number where ImportsNotUsedAsValues is read","adaptation 70, stage 3",False,False,0,1,1
"a value of type Map<string, JsxEmit> seen as Map<string, string | number>, which can write string | number where JsxEmit is read","adaptation 70, stage 3",False,False,0,1,1
"a value of type Map<string, Map<string, string[]> | Map<string, never[]> | Map<string, string[] | never[]>> seen as ScriptTargetFeatures, which can write string where never is read","adaptation 70, stage 3",False,False,0,1,1
"a value of type Map<string, ModuleDetectionKind> seen as ""boolean"" | ""list"" | ""listOrElement"" | ""number"" | ""object"" | ""string"" | Map<string, string | number>, which can write string | number where ModuleDetectionKind is read","adaptation 70, stage 3",False,False,0,1,1
"a value of type Map<string, ModuleResolutionKind> seen as ""boolean"" | ""list"" | ""listOrElement"" | ""number"" | ""object"" | ""string"" | Map<string, string | number>, which can write string | number where ModuleResolutionKind is read","adaptation 70, stage 3",False,False,0,1,1
"a value of type Map<string, NewLineKind> seen as ""boolean"" | ""list"" | ""listOrElement"" | ""number"" | ""object"" | ""string"" | Map<string, string | number>, which can write string | number where NewLineKind is read","adaptation 70, stage 3",False,False,0,1,1
"a value of type Map<string, PollingWatchKind> seen as ""boolean"" | ""list"" | ""listOrElement"" | ""number"" | ""object"" | ""string"" | Map<string, string | number>, which can write string | number where PollingWatchKind is read","adaptation 70, stage 3",False,False,0,1,1
"a value of type Map<string, WatchDirectoryKind> seen as ""boolean"" | ""list"" | ""listOrElement"" | ""number"" | ""object"" | ""string"" | Map<string, string | number>, which can write string | number where WatchDirectoryKind is read","adaptation 70, stage 3",False,False,0,1,1
"a value of type Map<string, WatchFileKind> seen as ""boolean"" | ""list"" | ""listOrElement"" | ""number"" | ""object"" | ""string"" | Map<string, string | number>, which can write string | number where WatchFileKind is read","adaptation 70, stage 3",False,False,0,1,1
"a value of type Map<string, WildcardDirectoryWatcher<T>>",OWNER BLANK,True,False,1,0,1
"a value of type Map<string, [K, V[]]>",OWNER BLANK,True,False,1,0,1
"a value of type Map<string, [VariableDeclarationList, VariableDeclaration[]]> seen as Map<string, [CatchClause | VariableDeclarationList, VariableDeclaration[]]>, which can write [CatchClause | VariableDeclarationList, VariableDeclaration[]] where [VariableDeclarationList, VariableDeclaration[]] is read","adaptation 70, stage 3",False,False,0,1,1
"a value of type Map<string, string> seen as Map<string, string | number>, which can write string | number where string is read","adaptation 70, stage 3",False,False,0,1,1
a value of type MapLike<T>,OWNER BLANK,True,False,1,0,1
"a value of type MappedTypeNode seen as Mutable<MappedTypeNode>, whose readonly field pos becomes writable: a readonly field may hold something narrower than number, which a write of number would replace","adaptation 70, stage 3",False,False,0,1,1
"a value of type MemberName | undefined seen as Symbol | undefined, whose readonly field flags becomes writable: a readonly field may hold something narrower than NodeFlags, which a write of SymbolFlags would replace","adaptation 70, stage 3",False,False,0,1,1
"a value of type MethodDeclaration seen as Mutable<MethodDeclaration>, whose readonly field pos becomes writable: a readonly field may hold something narrower than number, which a write of number would replace","adaptation 70, stage 3",False,False,0,1,1
"a value of type MethodDeclaration | PropertyAssignment | AccessorDeclaration seen as TextRange, whose readonly field pos becomes writable: a readonly field may hold something narrower than number, which a write of number would replace","adaptation 70, stage 3",False,False,0,1,1
a value of type ModeAwareCacheKey,OWNER BLANK,True,False,1,0,1
"a value of type ModuleDeclaration seen as Mutable<ModuleDeclaration | SourceFile>, whose readonly field pos becomes writable: a readonly field may hold something narrower than number, which a write of number would replace","adaptation 70, stage 3",False,False,0,1,1
"a value of type ModuleExportName seen as TextRange | undefined, whose readonly field pos becomes writable: a readonly field may hold something narrower than number, which a write of number would replace","adaptation 70, stage 3",False,False,0,1,1
"a value of type ModuleName seen as Mutable<Node>, whose readonly field pos becomes writable: a readonly field may hold something narrower than number, which a write of number would replace","adaptation 70, stage 3",False,False,0,1,1
"a value of type ModuleName seen as SourceMapRange | undefined, whose readonly field pos becomes writable: a readonly field may hold something narrower than number, which a write of number would replace","adaptation 70, stage 3",False,False,0,1,1
"a value of type ModuleResolutionState & { host: GetPackageJsonEntrypointsHost; } seen as ModuleResolutionState, which can write ModuleResolutionHost where ModuleResolutionHost & GetPackageJsonEntrypointsHost is read","adaptation 70, stage 3",False,False,0,1,1
"a value of type Mutable<NoSubstitutionTemplateLiteral> seen as Mutable<TemplateLiteralLikeNode>, which can write SyntaxKind where SyntaxKind.NoSubstitutionTemplateLiteral is read","adaptation 70, stage 3",False,False,0,1,1
"a value of type Mutable<T> seen as T, a type parameter whose constraint JSDocType & { readonly type: TypeNode | undefined; readonly postfix: boolean; } can be written, so it can write what Mutable<T> can't hold","adaptation 70, stage 3",False,False,0,1,1
"a value of type Mutable<T> seen as T, a type parameter whose constraint JSDocType & { readonly type: TypeNode | undefined; } can be written, so it can write what Mutable<T> can't hold","adaptation 70, stage 3",False,False,0,1,1
"a value of type Mutable<T> seen as T, a type parameter whose constraint Node can be written, so it can write what Mutable<T> can't hold","adaptation 70, stage 3",False,False,0,1,1
a value of type NamedEvaluation,OWNER BLANK,True,False,1,0,1
"a value of type NamedImports seen as Mutable<NamedImports>, whose readonly field pos becomes writable: a readonly field may hold something narrower than number, which a write of number would replace","adaptation 70, stage 3",False,False,0,1,1
"a value of type NamespaceExport seen as Mutable<NamespaceExport>, whose readonly field pos becomes writable: a readonly field may hold something narrower than number, which a write of number would replace","adaptation 70, stage 3",False,False,0,1,1
"a value of type NamespaceExportDeclaration seen as Mutable<NamespaceExportDeclaration>, whose readonly field pos becomes writable: a readonly field may hold something narrower than number, which a write of number would replace","adaptation 70, stage 3",False,False,0,1,1
"a value of type NamespaceImport seen as Mutable<NamespaceImport>, whose readonly field pos becomes writable: a readonly field may hold something narrower than number, which a write of number would replace","adaptation 70, stage 3",False,False,0,1,1
"a value of type Node seen as Node | SourceMapRange, whose readonly field pos becomes writable: a readonly field may hold something narrower than number, which a write of number would replace","adaptation 70, stage 3",False,False,0,1,1
"a value of type Node seen as SourceMapRange | undefined, whose readonly field pos becomes writable: a readonly field may hold something narrower than number, which a write of number would replace","adaptation 70, stage 3",False,False,0,1,1
"a value of type Node | SourceMapRange seen as SourceMapRange, whose readonly field pos becomes writable: a readonly field may hold something narrower than number, which a write of number would replace","adaptation 70, stage 3",False,False,0,1,1
"a value of type Node | undefined seen as EmitNode | undefined, whose readonly field flags becomes writable: a readonly field may hold something narrower than NodeFlags, which a write of EmitFlags would replace","adaptation 70, stage 3",False,False,0,1,1
"a value of type Node | undefined seen as Symbol | undefined, whose readonly field flags becomes writable: a readonly field may hold something narrower than NodeFlags, which a write of SymbolFlags would replace","adaptation 70, stage 3",False,False,0,1,1
"a value of type NodeArray<Expression> & readonly [BindableStaticNameExpression, NumericLiteral | StringLiteralLike, ObjectLiteralExpression] & Readonly<...>",OWNER BLANK,True,False,1,0,1
a value of type NodeArray<T>,OWNER BLANK,True,False,1,0,1
"a value of type NonNullExpression seen as Mutable<NonNullExpression>, whose readonly field pos becomes writable: a readonly field may hold something narrower than number, which a write of number would replace","adaptation 70, stage 3",False,False,0,1,1
a value of type NonNullable<K>,OWNER BLANK,True,False,1,0,1
a value of type NonNullable<U>,OWNER BLANK,True,False,1,0,1
"a value of type NumberLiteralType seen as LiteralType, which can write string | number | PseudoBigInt where number is read","adaptation 70, stage 3",False,False,0,1,1
"a value of type ObjectBindingOrAssignmentPattern seen as TextRange, whose readonly field pos becomes writable: a readonly field may hold something narrower than number, which a write of number would replace","adaptation 70, stage 3",False,False,0,1,1
"a value of type OptionalTypeNode seen as Mutable<Node>, whose readonly field pos becomes writable: a readonly field may hold something narrower than number, which a write of number would replace","adaptation 70, stage 3",False,False,0,1,1
a value of type ParameterDeclaration & { readonly name: Identifier; readonly dotDotDotToken: undefined; readonly initializer: WrappedExpression<AnonymousFunctionDefinition>; },OWNER BLANK,True,False,1,0,1
"a value of type ParameterDeclaration seen as SourceMapRange | undefined, whose readonly field pos becomes writable: a readonly field may hold something narrower than number, which a write of number would replace","adaptation 70, stage 3",False,False,0,1,1
"a value of type ParameterDeclaration | PropertyDeclaration | PropertySignature | SignatureDeclaration seen as Mutable<ParameterDeclaration | PropertyDeclaration | PropertySignature | SignatureDeclaration>, whose readonly field pos becomes writable: a readonly field may hold something narrower than number, which a write of number would replace","adaptation 70, stage 3",False,False,0,1,1
"a value of type ParameterDeclaration | VariableDeclaration seen as TextRange, whose readonly field pos becomes writable: a readonly field may hold something narrower than number, which a write of number would replace","adaptation 70, stage 3",False,False,0,1,1
"a value of type ParseConfigHost seen as ModuleResolutionHost, which can write boolean | (() => boolean) | undefined where boolean is read","adaptation 70, stage 3",False,False,0,1,1
a value of type PathPathComponents,OWNER BLANK,True,False,1,0,1
"a value of type Path[] seen as string[], which can write string where Path is read","adaptation 70, stage 3",False,False,0,1,1
a value of type PrimitiveLiteral,OWNER BLANK,True,False,1,0,1
"a value of type PrivateEnvironment<TData, TEntry>",OWNER BLANK,True,False,1,0,1
a value of type PrivateIdentifierInExpression,OWNER BLANK,True,False,1,0,1
a value of type PropertyAccessExpression | LiteralLikeElementAccessExpression,OWNER BLANK,True,False,1,0,1
a value of type PropertyAccessExpression | SyntheticSuper,OWNER BLANK,True,False,1,0,1
"a value of type PropertyAccessExpression | SyntheticSuper seen as LeftHandSideExpression, whose readonly field emitNode becomes writable: a readonly field may hold something narrower than EmitNode & { autoGenerate: AutoGenerateInfo; }, which a write of EmitNode | undefined would replace","adaptation 70, stage 3",False,False,0,1,1
"a value of type PropertyAccessExpression | undefined seen as Symbol | undefined, whose readonly field flags becomes writable: a readonly field may hold something narrower than NodeFlags, which a write of SymbolFlags would replace","adaptation 70, stage 3",False,False,0,1,1
a value of type PropertyAssignment & { readonly name: Identifier; readonly initializer: WrappedExpression<AnonymousFunctionDefinition>; },OWNER BLANK,True,False,1,0,1
"a value of type PropertyAssignment seen as Mutable<PropertyAssignment | ShorthandPropertyAssignment>, whose readonly field pos becomes writable: a readonly field may hold something narrower than number, which a write of number would replace","adaptation 70, stage 3",False,False,0,1,1
a value of type PropertyDeclaration & { readonly initializer: WrappedExpression<AnonymousFunctionDefinition>; },OWNER BLANK,True,False,1,0,1
"a value of type PropertyDeclaration seen as TextRange, whose readonly field pos becomes writable: a readonly field may hold something narrower than number, which a write of number would replace","adaptation 70, stage 3",False,False,0,1,1
a value of type PropertyDeclaration | ParameterPropertyDeclaration,OWNER BLANK,True,False,1,0,1
"a value of type PropertyName | undefined seen as Symbol | undefined, whose readonly field flags becomes writable: a readonly field may hold something narrower than NodeFlags, which a write of SymbolFlags would replace","adaptation 70, stage 3",False,False,0,1,1
"a value of type Readonly<BuilderState> | undefined seen as BuilderState | undefined, whose readonly field fileInfos becomes writable: a readonly field may hold something narrower than Map<Path, FileInfo>, which a write of Map<Path, FileInfo> would replace","adaptation 70, stage 3",False,False,0,1,1
a value of type RedirectsCacheKey,OWNER BLANK,True,False,1,0,1
a value of type RedirectsCacheKey | undefined,OWNER BLANK,True,False,1,0,1
a value of type ReferencedFile & { kind: FileIncludeKind.LibReferenceDirective; },OWNER BLANK,True,False,1,0,1
"a value of type ReferencedFile & { kind: FileIncludeKind.LibReferenceDirective; } seen as ReferencedFile, which can write ReferencedFileKind where FileIncludeKind.LibReferenceDirective is read","adaptation 70, stage 3",False,False,0,1,1
a value of type ReplaceableIndexedAccessType,OWNER BLANK,True,False,1,0,1
"a value of type ReportFileInError[] seen as (ReportFileInError | undefined)[], which can write ReportFileInError | undefined where ReportFileInError is read","adaptation 70, stage 3",False,False,0,1,1
a value of type RequireOrImportCall,OWNER BLANK,True,False,1,0,1
a value of type ResolvedConfigFileName | undefined,OWNER BLANK,True,False,1,0,1
"a value of type ResolvedModuleFull | undefined seen as { path: string; originalPath: string | true; extension: string; packageId: PackageId | undefined; resolvedUsingTsExtension: boolean | undefined; } | undefined, whose readonly field originalPath becomes writable: a readonly field may hold something narrower than string | undefined, which a write of string | true would replace","adaptation 70, stage 3",False,False,0,1,1
a value of type ResolvedModuleWithFailedLookupLocations & ResolvedTypeReferenceDirectiveWithFailedLookupLocations,OWNER BLANK,True,False,1,0,1
"a value of type ResolvedType | TypeReference seen as ObjectType, which can write SymbolTable | undefined where SymbolTable is read","adaptation 70, stage 3",False,False,0,1,1
"a value of type ReturnStatement seen as Mutable<ReturnStatement>, whose readonly field pos becomes writable: a readonly field may hold something narrower than number, which a write of number would replace","adaptation 70, stage 3",False,False,0,1,1
"a value of type SearchResult<Resolved> seen as { value: { resolved: Resolved; isExternalLibraryImport: true; } | undefined; } | undefined, whose readonly field value becomes writable: a readonly field may hold something narrower than Resolved | undefined, which a write of { resolved: Resolved; isExternalLibraryImport: true; } | undefined would replace","adaptation 70, stage 3",False,False,0,1,1
a value of type Set<K>,OWNER BLANK,True,False,1,0,1
"a value of type Set<Path> | undefined seen as Set<string> | undefined, which can write string where Path is read","adaptation 70, stage 3",False,False,0,1,1
"a value of type Set<__String> seen as Set<__String | undefined>, which can write __String | undefined where __String is read","adaptation 70, stage 3",False,False,0,1,1
"a value of type SetAccessorDeclaration seen as Mutable<SetAccessorDeclaration>, whose readonly field pos becomes writable: a readonly field may hold something narrower than number, which a write of number would replace","adaptation 70, stage 3",False,False,0,1,1
a value of type ShorthandPropertyAssignment & { readonly objectAssignmentInitializer: WrappedExpression<AnonymousFunctionDefinition>; },OWNER BLANK,True,False,1,0,1
"a value of type ShorthandPropertyAssignment seen as Mutable<PropertyAssignment | ShorthandPropertyAssignment>, whose readonly field pos becomes writable: a readonly field may hold something narrower than number, which a write of number would replace","adaptation 70, stage 3",False,False,0,1,1
a value of type SortedArray<T>,OWNER BLANK,True,False,1,0,1
a value of type Source,OWNER BLANK,True,False,1,0,1
"a value of type SourceFile seen as Mutable<ModuleDeclaration | SourceFile>, whose readonly field pos becomes writable: a readonly field may hold something narrower than number, which a write of number would replace","adaptation 70, stage 3",False,False,0,1,1
"a value of type SourceFile seen as SourceFileLike | undefined, which can write readonly number[] | undefined where readonly number[] is read","adaptation 70, stage 3",False,False,0,1,1
"a value of type SourceFile | undefined seen as FileReasonToChainCache | undefined, which can write DiagnosticMessageChain[] | undefined where RedirectInfo | undefined is read","adaptation 70, stage 3",False,False,0,1,1
"a value of type SourceFile | undefined seen as NodeLinks | undefined, whose readonly field flags becomes writable: a readonly field may hold something narrower than NodeFlags, which a write of NodeCheckFlags would replace","adaptation 70, stage 3",False,False,0,1,1
"a value of type SourceFile | undefined seen as Symbol | undefined, whose readonly field flags becomes writable: a readonly field may hold something narrower than NodeFlags, which a write of SymbolFlags would replace","adaptation 70, stage 3",False,False,0,1,1
a value of type SourceFileOrString,OWNER BLANK,True,False,1,0,1
"a value of type SourceMapSource seen as SourceFileLike, which can write readonly number[] | undefined where readonly number[] is read","adaptation 70, stage 3",False,False,0,1,1
"a value of type Statement[] seen as Node[], which can write Node where Statement is read","adaptation 70, stage 3",False,False,0,1,1
"a value of type Statement[] | undefined seen as CaseClause[] | undefined, which can write CaseClause where Statement is read","adaptation 70, stage 3",False,False,0,1,1
"a value of type StringLiteral seen as Mutable<Node>, whose readonly field pos becomes writable: a readonly field may hold something narrower than number, which a write of number would replace","adaptation 70, stage 3",False,False,0,1,1
"a value of type StringLiteral seen as Mutable<StringLiteral>, whose readonly field pos becomes writable: a readonly field may hold something narrower than number, which a write of number would replace","adaptation 70, stage 3",False,False,0,1,1
"a value of type StringLiteralType seen as LiteralType, which can write string | number | PseudoBigInt where string is read","adaptation 70, stage 3",False,False,0,1,1
"a value of type StringLiteralType[] seen as Type[], which can write Type where StringLiteralType is read","adaptation 70, stage 3",False,False,0,1,1
"a value of type SuperExpression seen as SourceMapRange | undefined, whose readonly field pos becomes writable: a readonly field may hold something narrower than number, which a write of number would replace","adaptation 70, stage 3",False,False,0,1,1
"a value of type SuperExpression seen as TextRange, whose readonly field pos becomes writable: a readonly field may hold something narrower than number, which a write of number would replace","adaptation 70, stage 3",False,False,0,1,1
"a value of type SwitchStatement seen as Mutable<SwitchStatement>, whose readonly field pos becomes writable: a readonly field may hold something narrower than number, which a write of number would replace","adaptation 70, stage 3",False,False,0,1,1
"a value of type Symbol seen as Type | undefined, which can write TypeFlags where SymbolFlags is read","adaptation 70, stage 3",False,False,0,1,1
"a value of type Symbol seen as Type, which can write TypeFlags where SymbolFlags is read","adaptation 70, stage 3",False,False,0,1,1
"a value of type Symbol | undefined seen as GenericType | undefined, which can write TypeFlags where SymbolFlags is read","adaptation 70, stage 3",False,False,0,1,1
"a value of type Symbol | undefined seen as Node | undefined, which can write number | undefined where number is read","adaptation 70, stage 3",False,False,0,1,1
"a value of type Symbol | undefined seen as SourceFile | undefined, which can write number | undefined where number is read","adaptation 70, stage 3",False,False,0,1,1
"a value of type Symbol[] seen as (Symbol | undefined)[], which can write Symbol | undefined where Symbol is read","adaptation 70, stage 3",False,False,0,1,1
"a value of type Symbol[] seen as Symbol[], which can write Symbol where never is read","adaptation 70, stage 3",False,False,0,1,1
"a value of type SyntheticSuper seen as string | BindingName, whose readonly field emitNode becomes writable: a readonly field may hold something narrower than EmitNode & { autoGenerate: AutoGenerateInfo; }, which a write of EmitNode | undefined would replace","adaptation 70, stage 3",False,False,0,1,1
"a value of type T seen as T, a type parameter whose constraint ClassDeclaration | ClassExpression | GetAccessorDeclaration | MethodDeclaration | ParameterDeclaration | PropertyDeclaration | SetAccessorDeclaration can be written, so it can write what T can't hold","adaptation 70, stage 3",False,False,0,1,1
"a value of type T seen as T, a type parameter whose constraint EntityNameOrEntityNameExpression can be written, so it can write what T can't hold","adaptation 70, stage 3",False,False,0,1,1
"a value of type T seen as T, a type parameter whose constraint HasModifiers can be written, so it can write what T can't hold","adaptation 70, stage 3",False,False,0,1,1
"a value of type T seen as T, a type parameter whose constraint MethodDeclaration | MethodSignature | PropertyAssignment | PropertyDeclaration | PropertySignature | AccessorDeclaration can be written, so it can write what T can't hold","adaptation 70, stage 3",False,False,0,1,1
"a value of type T seen as T, a type parameter whose constraint ModifierSyntaxKind can be written, so it can write what T can't hold","adaptation 70, stage 3",False,False,0,1,1
"a value of type T seen as T, a type parameter whose constraint Node | undefined can be written, so it can write what T can't hold","adaptation 70, stage 3",False,False,0,1,1
"a value of type T seen as T, a type parameter whose constraint ResolutionWithFailedLookupLocations can be written, so it can write what T can't hold","adaptation 70, stage 3",False,False,0,1,1
a value of type T | T[] | readonly T[] | undefined,OWNER BLANK,True,False,1,0,1
a value of type T1,OWNER BLANK,True,False,1,0,1
a value of type TData,OWNER BLANK,True,False,1,0,1
a value of type TEntry,OWNER BLANK,True,False,1,0,1
a value of type TIn | undefined,OWNER BLANK,True,False,1,0,1
"a value of type TKind seen as TKind, a type parameter whose constraint KeywordTypeSyntaxKind can be written, so it can write what TKind can't hold","adaptation 70, stage 3",False,False,0,1,1
a value of type TKind | Token<TKind>,OWNER BLANK,True,False,1,0,1
a value of type TNode,OWNER BLANK,True,False,1,0,1
"a value of type T[] seen as (T | undefined)[], which can write T | undefined where T is read","adaptation 70, stage 3",False,False,0,1,1
"a value of type T[][] seen as (readonly T[])[], which can write readonly T[] where T[] is read","adaptation 70, stage 3",False,False,0,1,1
a value of type T[][] | readonly (T | readonly T[] | undefined)[],OWNER BLANK,True,False,1,0,1
"a value of type TaggedTemplateExpression seen as Mutable<Node>, whose readonly field pos becomes writable: a readonly field may hold something narrower than number, which a write of number would replace","adaptation 70, stage 3",False,False,0,1,1
"a value of type ThisCapturingVariableDeclaration seen as VariableDeclaration, which can write EmitNode | undefined where EmitNode & { autoGenerate: AutoGenerateInfo; } is read","adaptation 70, stage 3",False,False,0,1,1
"a value of type ThrowStatement seen as TextRange | undefined, whose readonly field pos becomes writable: a readonly field may hold something narrower than number, which a write of number would replace","adaptation 70, stage 3",False,False,0,1,1
a value of type TransformedSuperCall,OWNER BLANK,True,False,1,0,1
"a value of type TransientSymbol[] seen as Symbol[], which can write Symbol where TransientSymbol is read","adaptation 70, stage 3",False,False,0,1,1
"a value of type Type seen as TypeNode, which can write number | undefined where number is read","adaptation 70, stage 3",False,False,0,1,1
"a value of type Type | undefined seen as Expression | undefined, which can write number | undefined where number is read","adaptation 70, stage 3",False,False,0,1,1
"a value of type Type | undefined seen as JSDocTypeExpression | undefined, which can write number | undefined where number is read","adaptation 70, stage 3",False,False,0,1,1
"a value of type Type | undefined seen as Signature | undefined, which can write SignatureFlags where TypeFlags is read","adaptation 70, stage 3",False,False,0,1,1
"a value of type TypeNode seen as TextRange, whose readonly field pos becomes writable: a readonly field may hold something narrower than number, which a write of number would replace","adaptation 70, stage 3",False,False,0,1,1
"a value of type TypeOperatorNode seen as Mutable<TypeOperatorNode>, whose readonly field pos becomes writable: a readonly field may hold something narrower than number, which a write of number would replace","adaptation 70, stage 3",False,False,0,1,1
a value of type TypeParameterDeclaration & { parent: JSDocTemplateTag; },OWNER BLANK,True,False,1,0,1
"a value of type TypeParameterDeclaration seen as Mutable<TypeParameterDeclaration>, whose readonly field pos becomes writable: a readonly field may hold something narrower than number, which a write of number would replace","adaptation 70, stage 3",False,False,0,1,1
"a value of type TypeParameterDeclaration | undefined seen as Symbol | undefined, whose readonly field flags becomes writable: a readonly field may hold something narrower than NodeFlags, which a write of SymbolFlags would replace","adaptation 70, stage 3",False,False,0,1,1
"a value of type TypeVariable[] seen as (Type | undefined)[], which can write Type | undefined where TypeVariable is read","adaptation 70, stage 3",False,False,0,1,1
"a value of type Type[] seen as (Type | undefined)[], which can write Type | undefined where Type is read","adaptation 70, stage 3",False,False,0,1,1
a value of type UnaryExpression & (BigIntLiteral | NumericLiteral),OWNER BLANK,True,False,1,0,1
a value of type UnaryExpression & NumericLiteral,OWNER BLANK,True,False,1,0,1
a value of type V,OWNER BLANK,True,False,1,0,1
a value of type VariableDeclaration & { name: Identifier; },OWNER BLANK,True,False,1,0,1
a value of type VariableDeclaration & { readonly name: Identifier; readonly initializer: WrappedExpression<AnonymousFunctionDefinition>; },OWNER BLANK,True,False,1,0,1
"a value of type VariableDeclaration seen as TextRange, whose readonly field pos becomes writable: a readonly field may hold something narrower than number, which a write of number would replace","adaptation 70, stage 3",False,False,0,1,1
"a value of type VariableDeclaration | DestructuringAssignment seen as TextRange, whose readonly field pos becomes writable: a readonly field may hold something narrower than number, which a write of number would replace","adaptation 70, stage 3",False,False,0,1,1
a value of type VariableDeclarationList & { _usingBrand: void; },OWNER BLANK,True,False,1,0,1
"a value of type VariableDeclarationList seen as TextRange, whose readonly field pos becomes writable: a readonly field may hold something narrower than number, which a write of number would replace","adaptation 70, stage 3",False,False,0,1,1
"a value of type VariableDeclaration[] seen as VariableStatement[], which can write VariableStatement where VariableDeclaration is read","adaptation 70, stage 3",False,False,0,1,1
"a value of type VariableStatement seen as TextRange, whose readonly field pos becomes writable: a readonly field may hold something narrower than number, which a write of number would replace","adaptation 70, stage 3",False,False,0,1,1
a value of type WatchFactoryHost & { trace?(s: string): void; },OWNER BLANK,True,False,1,0,1
"a value of type WatchedFileWithUnchangedPolls[] seen as (WatchedFileWithUnchangedPolls | undefined)[], which can write WatchedFileWithUnchangedPolls | undefined where WatchedFileWithUnchangedPolls is read","adaptation 70, stage 3",False,False,0,1,1
a value of type WrappedExpression<T>,OWNER BLANK,True,False,1,0,1
"a value of type YieldExpression seen as Mutable<YieldExpression>, whose readonly field pos becomes writable: a readonly field may hold something narrower than number, which a write of number would replace","adaptation 70, stage 3",False,False,0,1,1
"a value of type [() => Type, __String][] seen as (readonly [() => Type, __String])[], which can write readonly [() => Type, __String] where [() => Type, __String] is read","adaptation 70, stage 3",False,False,0,1,1
a value of type __String & string,OWNER BLANK,True,False,1,0,1
a value of type boolean | V | undefined,OWNER BLANK,True,False,1,0,1
"a value of type never seen as T, a type parameter whose constraint Node can be written, so it can write what never can't hold","adaptation 70, stage 3",False,False,0,1,1
"a value of type never seen as T, a type parameter whose constraint any can be written, so it can write what never can't hold","adaptation 70, stage 3",False,False,0,1,1
"a value of type never seen as U, a type parameter whose constraint {} can be written, so it can write what never can't hold","adaptation 70, stage 3",False,False,0,1,1
"a value of type never[] seen as (JSDoc | JSDocTag)[], which can write JSDoc | JSDocTag where never is read","adaptation 70, stage 3",False,False,0,1,1
"a value of type never[] seen as (JSDocCallbackTag | JSDocEnumTag | JSDocTypedefTag)[], which can write JSDocCallbackTag | JSDocEnumTag | JSDocTypedefTag where never is read","adaptation 70, stage 3",False,False,0,1,1
"a value of type never[] seen as (SourceMapRange | undefined)[], which can write SourceMapRange | undefined where never is read","adaptation 70, stage 3",False,False,0,1,1
"a value of type never[] seen as (readonly (Identifier | StringLiteral)[])[], which can write readonly (Identifier | StringLiteral)[] where never is read","adaptation 70, stage 3",False,False,0,1,1
"a value of type never[] seen as BindingElement[], which can write BindingElement where never is read","adaptation 70, stage 3",False,False,0,1,1
"a value of type never[] seen as CommentRange[], which can write CommentRange where never is read","adaptation 70, stage 3",False,False,0,1,1
"a value of type never[] seen as Comparator[][], which can write Comparator[] where never is read","adaptation 70, stage 3",False,False,0,1,1
"a value of type never[] seen as Expression[], which can write Expression where never is read","adaptation 70, stage 3",False,False,0,1,1
"a value of type never[] seen as FlowNode[], which can write FlowNode where never is read","adaptation 70, stage 3",False,False,0,1,1
"a value of type never[] seen as Identifier[], which can write Identifier where never is read","adaptation 70, stage 3",False,False,0,1,1
"a value of type never[] seen as IntrinsicType[], which can write IntrinsicType where never is read","adaptation 70, stage 3",False,False,0,1,1
"a value of type never[] seen as JSDocImportTag[], which can write JSDocImportTag where never is read","adaptation 70, stage 3",False,False,0,1,1
"a value of type never[] seen as JsxAttributes[], which can write JsxAttributes where never is read","adaptation 70, stage 3",False,False,0,1,1
"a value of type never[] seen as ParameterDeclaration[], which can write ParameterDeclaration where never is read","adaptation 70, stage 3",False,False,0,1,1
"a value of type never[] seen as Path[], which can write Path where never is read","adaptation 70, stage 3",False,False,0,1,1
"a value of type never[] seen as PotentiallyUnusedIdentifier[], which can write PotentiallyUnusedIdentifier where never is read","adaptation 70, stage 3",False,False,0,1,1
"a value of type never[] seen as ProjectReference[], which can write ProjectReference where never is read","adaptation 70, stage 3",False,False,0,1,1
"a value of type never[] seen as PropertyAssignment[], which can write PropertyAssignment where never is read","adaptation 70, stage 3",False,False,0,1,1
"a value of type never[] seen as RequireOrImportCall[], which can write RequireOrImportCall where never is read","adaptation 70, stage 3",False,False,0,1,1
"a value of type never[] seen as ResolvedProjectReference[], which can write ResolvedProjectReference where never is read","adaptation 70, stage 3",False,False,0,1,1
"a value of type never[] seen as SourceMappedPosition[], which can write SourceMappedPosition where never is read","adaptation 70, stage 3",False,False,0,1,1
"a value of type never[] seen as SymbolTable[], which can write SymbolTable where never is read","adaptation 70, stage 3",False,False,0,1,1
"a value of type never[] seen as Symbol[] | undefined, which can write Symbol where never is read","adaptation 70, stage 3",False,False,0,1,1
"a value of type never[] seen as TransformerFactory<Bundle | SourceFile>[], which can write TransformerFactory<Bundle | SourceFile> where never is read","adaptation 70, stage 3",False,False,0,1,1
"a value of type never[] seen as VarianceFlags[], which can write VarianceFlags where never is read","adaptation 70, stage 3",False,False,0,1,1
"a value of type never[] | SortedArray<DiagnosticWithLocation> seen as Diagnostic[], which can write Diagnostic where never is read","adaptation 70, stage 3",False,False,0,1,1
"a value of type never[][] seen as string[][], which can write string where never is read","adaptation 70, stage 3",False,False,0,1,1
"a value of type number[] seen as string | (string | number)[] | undefined, which can write string | number where number is read","adaptation 70, stage 3",False,False,0,1,1
a value of type readonly IncrementalBundleEmitBuildInfoFileInfo[] | readonly IncrementalMultiFileEmitBuildInfoFileInfo[] where an array goes,OWNER BLANK,True,False,1,0,1
a value of type readonly K[],OWNER BLANK,True,False,1,0,1
"a value of type readonly TypeParameter[] | undefined seen as TypeParameterDeclaration[] | undefined, which can write TypeParameterDeclaration where TypeParameter is read","adaptation 70, stage 3",False,False,0,1,1
"a value of type readonly string[] | undefined seen as RegExp[] | undefined, which can write RegExp where string is read","adaptation 70, stage 3",False,False,0,1,1
"a value of type string | GeneratedIdentifier | Identifier seen as string | ModuleExportName, whose readonly field emitNode becomes writable: a readonly field may hold something narrower than EmitNode & { autoGenerate: AutoGenerateInfo; }, which a write of EmitNode | undefined would replace","adaptation 70, stage 3",False,False,0,1,1
a value of type string | null,OWNER BLANK,True,False,1,0,1
"a value of type string | number | boolean | PluginImport[] | ProjectReference[] | (string | number)[] | MapLike<string[]> | TsConfigSourceFile | null | undefined seen as string | number | boolean | PluginImport[] | ProjectReference[] | (string | number)[] | MapLike<string[]> | TsConfigSourceFile | null | undefined, which can write string | number where string is read","adaptation 70, stage 3",False,False,0,1,1
"a value of type string | number | boolean | string[] | PluginImport[] | ProjectReference[] | (string | number)[] | MapLike<string[]> seen as CompilerOptionsValue, which can write string | number where string is read","adaptation 70, stage 3",False,False,0,1,1
a value of type string | object | undefined,OWNER BLANK,True,False,1,0,1
"a value of type string[] seen as DiagnosticArguments, which can write string | number | boolean | readonly string[] | SourceFile | undefined where string is read","adaptation 70, stage 3",False,False,0,1,1
"a value of type string[] seen as T, a type parameter whose constraint BuilderProgram can be written, so it can write what string[] can't hold","adaptation 70, stage 3",False,False,0,1,1
"a value of type string[] seen as string | (string | number)[] | undefined, which can write string | number where string is read","adaptation 70, stage 3",False,False,0,1,1
"a value of type typeof PollingInterval seen as Levels, whose readonly field Low becomes writable: a readonly field may hold something narrower than PollingInterval.Low, which a write of number would replace","adaptation 70, stage 3",False,False,0,1,1
"a value of type typeof import(""/workspace/stage3-latent-full-adapted/src/compiler/_namespaces/ts"") seen as Record<""CheckMode"", Record<string, string | number>>, which can write Record<string, string | number> where typeof CheckMode is read","adaptation 70, stage 3",False,False,0,1,1
"a value of type typeof import(""/workspace/stage3-latent-full-adapted/src/compiler/_namespaces/ts"") seen as Record<""EmitFlags"", Record<string, string | number>>, which can write Record<string, string | number> where typeof EmitFlags is read","adaptation 70, stage 3",False,False,0,1,1
"a value of type typeof import(""/workspace/stage3-latent-full-adapted/src/compiler/_namespaces/ts"") seen as Record<""GeneratedIdentifierFlags"", Record<string, string | number>>, which can write Record<string, string | number> where typeof GeneratedIdentifierFlags is read","adaptation 70, stage 3",False,False,0,1,1
"a value of type typeof import(""/workspace/stage3-latent-full-adapted/src/compiler/_namespaces/ts"") seen as Record<""ModifierFlags"", Record<string, string | number>>, which can write Record<string, string | number> where typeof ModifierFlags is read","adaptation 70, stage 3",False,False,0,1,1
"a value of type typeof import(""/workspace/stage3-latent-full-adapted/src/compiler/_namespaces/ts"") seen as Record<""NodeCheckFlags"", Record<string, string | number>>, which can write Record<string, string | number> where typeof NodeCheckFlags is read","adaptation 70, stage 3",False,False,0,1,1
"a value of type typeof import(""/workspace/stage3-latent-full-adapted/src/compiler/_namespaces/ts"") seen as Record<""NodeFlags"", Record<string, string | number>>, which can write Record<string, string | number> where typeof NodeFlags is read","adaptation 70, stage 3",False,False,0,1,1
"a value of type typeof import(""/workspace/stage3-latent-full-adapted/src/compiler/_namespaces/ts"") seen as Record<""ObjectFlags"", Record<string, string | number>>, which can write Record<string, string | number> where typeof ObjectFlags is read","adaptation 70, stage 3",False,False,0,1,1
"a value of type typeof import(""/workspace/stage3-latent-full-adapted/src/compiler/_namespaces/ts"") seen as Record<""RelationComparisonResult"", Record<string, string | number>>, which can write Record<string, string | number> where typeof RelationComparisonResult is read","adaptation 70, stage 3",False,False,0,1,1
"a value of type typeof import(""/workspace/stage3-latent-full-adapted/src/compiler/_namespaces/ts"") seen as Record<""ScriptKind"", Record<string, string | number>>, which can write Record<string, string | number> where typeof ScriptKind is read","adaptation 70, stage 3",False,False,0,1,1
"a value of type typeof import(""/workspace/stage3-latent-full-adapted/src/compiler/_namespaces/ts"") seen as Record<""SignatureCheckMode"", Record<string, string | number>>, which can write Record<string, string | number> where typeof SignatureCheckMode is read","adaptation 70, stage 3",False,False,0,1,1
"a value of type typeof import(""/workspace/stage3-latent-full-adapted/src/compiler/_namespaces/ts"") seen as Record<""SignatureFlags"", Record<string, string | number>>, which can write Record<string, string | number> where typeof SignatureFlags is read","adaptation 70, stage 3",False,False,0,1,1
"a value of type typeof import(""/workspace/stage3-latent-full-adapted/src/compiler/_namespaces/ts"") seen as Record<""SnippetKind"", Record<string, string | number>>, which can write Record<string, string | number> where typeof SnippetKind is read","adaptation 70, stage 3",False,False,0,1,1
"a value of type typeof import(""/workspace/stage3-latent-full-adapted/src/compiler/_namespaces/ts"") seen as Record<""SymbolFlags"", Record<string, string | number>>, which can write Record<string, string | number> where typeof SymbolFlags is read","adaptation 70, stage 3",False,False,0,1,1
"a value of type typeof import(""/workspace/stage3-latent-full-adapted/src/compiler/_namespaces/ts"") seen as Record<""SyntaxKind"", Record<string, string | number>>, which can write Record<string, string | number> where typeof SyntaxKind is read","adaptation 70, stage 3",False,False,0,1,1
"a value of type typeof import(""/workspace/stage3-latent-full-adapted/src/compiler/_namespaces/ts"") seen as Record<""TransformFlags"", Record<string, string | number>>, which can write Record<string, string | number> where typeof TransformFlags is read","adaptation 70, stage 3",False,False,0,1,1
"a value of type typeof import(""/workspace/stage3-latent-full-adapted/src/compiler/_namespaces/ts"") seen as Record<""TypeFacts"", Record<string, string | number>>, which can write Record<string, string | number> where typeof TypeFacts is read","adaptation 70, stage 3",False,False,0,1,1
"a value of type typeof import(""/workspace/stage3-latent-full-adapted/src/compiler/_namespaces/ts"") seen as Record<""TypeFlags"", Record<string, string | number>>, which can write Record<string, string | number> where typeof TypeFlags is read","adaptation 70, stage 3",False,False,0,1,1
"a value of type undefined seen as T, a type parameter whose constraint BuilderProgram can be written, so it can write what undefined can't hold","adaptation 70, stage 3",False,False,0,1,1
"a value of type undefined seen as T, a type parameter whose constraint Declaration can be written, so it can write what undefined can't hold","adaptation 70, stage 3",False,False,0,1,1
"a value of type { (fileName: string): DiagnosticWithLocation[]; (): Diagnostic[]; } seen as { (): Diagnostic[]; (fileName: string): DiagnosticWithLocation[]; }, which can write Diagnostic where DiagnosticWithLocation is read","adaptation 70, stage 3",False,False,0,1,1
"a value of type { affectedFile: SourceFile; emitKind: BuilderFileEmit.Js | BuilderFileEmit.JsMap | BuilderFileEmit.JsInlineMap | BuilderFileEmit.DtsErrors | ... 6 more ... | BuilderFileEmit.All; } seen as { affectedFile: Program | SourceFile | undefined; emitKind: BuilderFileEmit; }, which can write Program | SourceFile | undefined where SourceFile is read","adaptation 70, stage 3",False,False,0,1,1
"a value of type { all?: boolean; allowImportingTsExtensions?: boolean; allowJs?: boolean; allowNonTsExtensions?: boolean; allowArbitraryExtensions?: boolean; allowSyntheticDefaultImports?: boolean; allowUmdGlobalAccess?: boolean; ... 129 more ...; moduleResolution: ModuleResolutionKind; } seen as CompilerOptions, which can write ModuleResolutionKind | undefined where ModuleResolutionKind is read","adaptation 70, stage 3",False,False,0,1,1
"a value of type { arguments: { name?: string; } & { path: string; }; range: CommentRange; } | { arguments: { name: string; }; range: CommentRange; } | { arguments: { factory: string; }; range: CommentRange; } | ... 5 more ... | ... seen as ({ arguments: { name?: string; } & { path: string; }; range: CommentRange; } | { arguments: { name: string; }; range: CommentRange; } | { arguments: { factory: string; }; range: CommentRange; } | ... 5 more ... | ...)[] | ... 8 more ... | ..., which can write { name?: string; } & { path: string; } where never is read","adaptation 70, stage 3",False,False,0,1,1
"a value of type { compilerOptions: CompilerOptions; traceEnabled: boolean; affectingLocations: string[] | undefined; resultFromCache?: ResolvedModuleWithFailedLookupLocations; ... 9 more ...; host: GetPackageJsonEntrypointsHost; } seen as ModuleResolutionState & { host: GetPackageJsonEntrypointsHost; }, which can write string[] | undefined where never[] is read","adaptation 70, stage 3",False,False,0,1,1
"a value of type { ending: ModuleSpecifierEnding; value: string; }[] seen as { ending: ModuleSpecifierEnding | undefined; value: string; }[], which can write ModuleSpecifierEnding | undefined where ModuleSpecifierEnding is read","adaptation 70, stage 3",False,False,0,1,1
"a value of type { forEach: (callbackfn: (value: T, key: K, map: Map<K, T>) => void, thisArg?: any) => void; clear: () => void; }",OWNER BLANK,True,False,1,0,1
"a value of type { host: ModuleResolutionHost; traceEnabled: boolean; failedLookupLocations: string[] | undefined; affectingLocations: string[] | undefined; resultFromCache?: ResolvedModuleWithFailedLookupLocations; ... 8 more ...; reportDiagnostic: ...; } seen as ModuleResolutionState, which can write CompilerOptions where { all?: boolean; allowImportingTsExtensions?: boolean; allowJs?: boolean; allowNonTsExtensions?: boolean; allowArbitraryExtensions?: boolean; allowSyntheticDefaultImports?: boolean; allowUmdGlobalAccess?: boolean; ... 129 more ...; moduleResolution: ModuleResolutionKind; } is read","adaptation 70, stage 3",False,False,0,1,1
"a value of type { id: number; flowNode: FlowNode; edges: never[]; text: string; lane: number; endLane: number; level: number; circular: false; } seen as FlowGraphNode, which can write FlowGraphEdge[] where never[] is read","adaptation 70, stage 3",False,False,0,1,1
"a value of type { introducesError: boolean; node: Identifier | PropertyAccessEntityNameExpression; sym?: never; } | { introducesError: boolean; node: Identifier | PropertyAccessEntityNameExpression; sym: Symbol | undefined; } seen as { introducesError: boolean; node: LeftHandSideExpression; }, which can write LeftHandSideExpression where Identifier | PropertyAccessEntityNameExpression is read","adaptation 70, stage 3",False,False,0,1,1
"a value of type { major: number; minor: number; patch: number; prerelease: string; build: string; } seen as { major: string | number; minor: number; patch: number; prerelease: string | readonly string[]; build: string | readonly string[]; }, which can write string | number where number is read","adaptation 70, stage 3",False,False,0,1,1
"a value of type { name: string | undefined; path: string; }[] seen as AmdDependency[], which can write AmdDependency where { name: string | undefined; path: string; } is read","adaptation 70, stage 3",False,False,0,1,1
"a value of type { noInferenceFallback?: boolean | undefined; enclosingDeclaration: ModuleDeclaration; enclosingFile: SourceFile | undefined; flags: NodeBuilderFlags; ... 28 more ...; out: WriterContextOut; } seen as NodeBuilderContext, which can write Node | undefined where ModuleDeclaration is read","adaptation 70, stage 3",False,False,0,1,1
"a value of type { referencedName: StringLiteral; name: PropertyName; } | { referencedName: Identifier; name: ComputedPropertyName; } seen as { referencedName: Expression | undefined; name: PropertyName | undefined; }, which can write Expression | undefined where StringLiteral is read","adaptation 70, stage 3",False,False,0,1,1
an arbitrary number or a value from another enum assigned to Extension.Mjs; its members are a closed union,OWNER BLANK,True,False,0,1,1
an arbitrary number or a value from another enum assigned to ForegroundColorEscapeSequences.Grey; its members are a closed union,OWNER BLANK,True,False,0,1,1
an array of CanonicalKey,OWNER BLANK,True,False,1,0,1
an array of Path,OWNER BLANK,True,False,1,0,1
an array of T | U,OWNER BLANK,True,False,1,0,1
an array of TState,OWNER BLANK,True,False,1,0,1
an array of object,OWNER BLANK,True,False,1,0,1
an array of unknown,OWNER BLANK,True,False,1,0,1
"an unproven relation from """" to T: the source is not assignable to the target",OWNER BLANK,True,False,0,1,1
an unproven relation from DiagnosticRelatedInformation to Diagnostic: optional field reportsUnnecessary has no proven compatible presence/type,OWNER BLANK,True,False,0,1,1
an unproven relation from Identifier to Identifier: optional field id has no proven compatible presence/type,OWNER BLANK,True,False,0,1,1
an unproven relation from ImportEqualsDeclaration & { moduleReference: ExternalModuleReference; } to ImportEqualsDeclaration: optional field moduleReference.id has no proven compatible presence/type,OWNER BLANK,True,False,0,1,1
an unproven relation from InstantiableType | UnionOrIntersectionType to TypeParameter: optional field constraint has no proven compatible presence/type,OWNER BLANK,True,False,0,1,1
an unproven relation from LiteralLikeNode to TemplateLiteralLikeNode: optional field rawText has no proven compatible presence/type,OWNER BLANK,True,False,0,1,1
an unproven relation from NodeArray<BindingElement> | NodeArray<Expression> | NodeArray<ArrayBindingElement> to NodeArray<Node>: optional field concat.element.propertyName has no proven compatible presence/type,OWNER BLANK,True,False,0,1,1
an unproven relation from NodeArray<ModifierLike> & readonly Decorator[] to NodeArray<Decorator>: optional field concat.element.parent.name has no proven compatible presence/type,OWNER BLANK,True,False,0,1,1
an unproven relation from PackageJsonPathFields to PackageJson: optional field version has no proven compatible presence/type,OWNER BLANK,True,False,0,1,1
an unproven relation from SolutionBuilderHostBase<T> to SolutionBuilderHost<T>: optional field reportErrorSummary has no proven compatible presence/type,OWNER BLANK,True,False,0,1,1
an unproven relation from StructuredType to AnonymousType: optional field target has no proven compatible presence/type,OWNER BLANK,True,False,0,1,1
an unproven relation from UnionOrIntersectionType to UnionType: optional field resolvedReducedType has no proven compatible presence/type,OWNER BLANK,True,False,0,1,1
an unproven value assigned to a numeric literal or enum member slot BuildStep.Done,OWNER BLANK,True,False,0,1,1
an unproven value assigned to a numeric literal or enum member slot BuilderFileEmit.Js | BuilderFileEmit.JsMap | BuilderFileEmit.JsInlineMap | BuilderFileEmit.DtsErrors | BuilderFileEmit.DtsEmit | ... 5 more ... | BuilderFileEmit.All,OWNER BLANK,True,False,0,1,1
an unproven value assigned to a numeric literal or enum member slot BuilderFileEmit.None,OWNER BLANK,True,False,0,1,1
an unproven value assigned to a numeric literal or enum member slot CharacterCodes.plus,OWNER BLANK,True,False,0,1,1
an unproven value assigned to a numeric literal or enum member slot CharacterCodes.slash,OWNER BLANK,True,False,0,1,1
an unproven value assigned to a numeric literal or enum member slot Connection,OWNER BLANK,True,False,0,1,1
an unproven value assigned to a numeric literal or enum member slot EmitOnly.Dts,OWNER BLANK,True,False,0,1,1
an unproven value assigned to a numeric literal or enum member slot ModuleKind.ESNext,OWNER BLANK,True,False,0,1,1
an unproven value assigned to a numeric literal or enum member slot NodeFlags.Const,OWNER BLANK,True,False,0,1,1
an unproven value assigned to a numeric literal or enum member slot NodeFlags.NestedNamespace,OWNER BLANK,True,False,0,1,1
an unproven value assigned to a numeric literal or enum member slot PunctuationOrKeywordSyntaxKind,OWNER BLANK,True,False,0,1,1
an unproven value assigned to a numeric literal or enum member slot SyntaxKind.BindingElement,OWNER BLANK,True,False,0,1,1
an unproven value assigned to a numeric literal or enum member slot SyntaxKind.Block,OWNER BLANK,True,False,0,1,1
an unproven value assigned to a numeric literal or enum member slot SyntaxKind.ClassStaticBlockDeclaration,OWNER BLANK,True,False,0,1,1
an unproven value assigned to a numeric literal or enum member slot SyntaxKind.ConditionalType,OWNER BLANK,True,False,0,1,1
an unproven value assigned to a numeric literal or enum member slot SyntaxKind.DotDotDotToken,OWNER BLANK,True,False,0,1,1
an unproven value assigned to a numeric literal or enum member slot SyntaxKind.ExportAssignment,OWNER BLANK,True,False,0,1,1
an unproven value assigned to a numeric literal or enum member slot SyntaxKind.ExtendsKeyword | SyntaxKind.ImplementsKeyword,OWNER BLANK,True,False,0,1,1
an unproven value assigned to a numeric literal or enum member slot SyntaxKind.ImportAttributes,OWNER BLANK,True,False,0,1,1
an unproven value assigned to a numeric literal or enum member slot SyntaxKind.ImportDeclaration,OWNER BLANK,True,False,0,1,1
an unproven value assigned to a numeric literal or enum member slot SyntaxKind.KeyOfKeyword | SyntaxKind.ReadonlyKeyword | SyntaxKind.UniqueKeyword,OWNER BLANK,True,False,0,1,1
an unproven value assigned to a numeric literal or enum member slot SyntaxKind.MethodSignature | SyntaxKind.MethodDeclaration | SyntaxKind.Constructor | SyntaxKind.GetAccessor | SyntaxKind.SetAccessor | SyntaxKind.CallSignature | SyntaxKind.ConstructSignature | ... 6 more ... | SyntaxKind.JSDocFunctionType,OWNER BLANK,True,False,0,1,1
an unproven value assigned to a numeric literal or enum member slot SyntaxKind.NamespaceExport,OWNER BLANK,True,False,0,1,1
an unproven value assigned to a numeric literal or enum member slot SyntaxKind.NamespaceImport,OWNER BLANK,True,False,0,1,1
an unproven value assigned to a numeric literal or enum member slot SyntaxKind.NumericLiteral | SyntaxKind.BigIntLiteral | SyntaxKind.StringLiteral | SyntaxKind.JsxText | SyntaxKind.JsxTextAllWhiteSpaces | SyntaxKind.RegularExpressionLiteral | SyntaxKind.NoSubstitutionTemplateLiteral,OWNER BLANK,True,False,0,1,1
an unproven value assigned to a numeric literal or enum member slot SyntaxKind.ObjectLiteralExpression,OWNER BLANK,True,False,0,1,1
an unproven value assigned to a numeric literal or enum member slot SyntaxKind.Parameter,OWNER BLANK,True,False,0,1,1
an unproven value assigned to a numeric literal or enum member slot SyntaxKind.QuestionToken,OWNER BLANK,True,False,0,1,1
an unproven value assigned to a numeric literal or enum member slot SyntaxKind.StringLiteral,OWNER BLANK,True,False,0,1,1
an unproven value assigned to a numeric literal or enum member slot SyntaxKind.Unknown | SyntaxKind.NumericLiteral | SyntaxKind.BigIntLiteral | SyntaxKind.StringLiteral | SyntaxKind.JsxText | SyntaxKind.RegularExpressionLiteral | SyntaxKind.NoSubstitutionTemplateLiteral,OWNER BLANK,True,False,0,1,1
an unproven value assigned to a numeric literal or enum member slot SyntaxKind.VariableDeclaration,OWNER BLANK,True,False,0,1,1
an unproven value assigned to a numeric literal or enum member slot TempFlags,OWNER BLANK,True,False,0,1,1
an unproven value assigned to a numeric literal or enum member slot Ternary.False,OWNER BLANK,True,False,0,1,1
an unproven value assigned to a numeric literal or enum member slot VarianceFlags.Contravariant,OWNER BLANK,True,False,0,1,1
arguments,OWNER BLANK,True,False,0,1,1
destructuring a string,OWNER BLANK,True,False,1,0,1
for...in over an array (holes and own enumerable properties are not represented; use for...of for elements),OWNER BLANK,True,False,1,0,1
inherited library member compare read as an own field,OWNER BLANK,True,False,0,1,1
inherited library member hasOwnProperty read as an own field,OWNER BLANK,True,False,0,1,1
inherited library member repeat read as an own field,OWNER BLANK,True,False,0,1,1
inherited library member replace read as an own field,OWNER BLANK,True,False,0,1,1
"new Map from something that isn't [key, value] pairs",OWNER BLANK,True,False,1,0,1
"optional property Low in Partial<Levels> absent from structural source {}, which can hide fields",OWNER BLANK,True,False,0,1,1
"optional property _propertyAccessExpressionLikeQualifiedNameBrand in PropertyAccessEntityNameExpression absent from structural source never, which can hide fields",OWNER BLANK,True,False,0,1,1
"optional property all in CompilerOptions absent from structural source OptionsBase, which can hide fields",OWNER BLANK,True,False,0,1,1
"optional property all in CompilerOptions absent from structural source Pick<CompilerOptions, ""noImplicitAny"" | ""strict"">, which can hide fields",OWNER BLANK,True,False,0,1,1
"optional property all in CompilerOptions absent from structural source Pick<CompilerOptions, ""noImplicitThis"" | ""strict"">, which can hide fields",OWNER BLANK,True,False,0,1,1
"optional property all in CompilerOptions absent from structural source Pick<CompilerOptions, ""strict"" | ""strictBindCallApply"">, which can hide fields",OWNER BLANK,True,False,0,1,1
"optional property all in CompilerOptions absent from structural source Pick<CompilerOptions, ""strict"" | ""strictBuiltinIteratorReturn"">, which can hide fields",OWNER BLANK,True,False,0,1,1
"optional property all in CompilerOptions absent from structural source Pick<CompilerOptions, ""strict"" | ""strictFunctionTypes"">, which can hide fields",OWNER BLANK,True,False,0,1,1
"optional property all in CompilerOptions absent from structural source Pick<CompilerOptions, ""strict"" | ""strictNullChecks"">, which can hide fields",OWNER BLANK,True,False,0,1,1
"optional property all in CompilerOptions absent from structural source Pick<CompilerOptions, ""strict"" | ""strictPropertyInitialization"">, which can hide fields",OWNER BLANK,True,False,0,1,1
"optional property all in CompilerOptions absent from structural source Pick<CompilerOptions, ""strict"" | ""useUnknownInCatchVariables"">, which can hide fields",OWNER BLANK,True,False,0,1,1
"optional property all in CompilerOptions absent from structural source TypeAcquisition, which can hide fields",OWNER BLANK,True,False,0,1,1
"optional property constraint in TypeParameter absent from structural source ObjectType, which can hide fields",OWNER BLANK,True,False,0,1,1
"optional property createProgram in IncrementalProgramOptions<EmitAndSemanticDiagnosticsBuilderProgram> absent from structural source IncrementalCompilationOptions, which can hide fields",OWNER BLANK,True,False,0,1,1
"optional property default in TypeParameter absent from structural source IndexedAccessType, which can hide fields",OWNER BLANK,True,False,0,1,1
"optional property id in BinaryExpression absent from structural source never, which can hide fields",OWNER BLANK,True,False,0,1,1
"optional property id in ComputedPropertyName absent from structural source never, which can hide fields",OWNER BLANK,True,False,0,1,1
"optional property id in JSDocThisTag absent from structural source never, which can hide fields",OWNER BLANK,True,False,0,1,1
"optional property id in PrivateIdentifier absent from structural source never, which can hide fields",OWNER BLANK,True,False,0,1,1
"optional property isInvalidated in CachedResolvedModuleWithFailedLookupLocations absent from structural source ResolvedModuleWithFailedLookupLocations, which can hide fields",OWNER BLANK,True,False,0,1,1
"optional property jsDocCache in JSDocArray absent from structural source JSDoc[], which can hide fields",OWNER BLANK,True,False,0,1,1
"optional property localSymbol in Declaration absent from structural source never, which can hide fields",OWNER BLANK,True,False,0,1,1
"optional property members in ObjectType absent from structural source IntersectionType, which can hide fields",OWNER BLANK,True,False,0,1,1
"optional property members in ObjectType absent from structural source UnionType, which can hide fields",OWNER BLANK,True,False,0,1,1
"optional property modifiers in ExportAssignment absent from structural source never, which can hide fields",OWNER BLANK,True,False,0,1,1
"optional property modifiers in ParameterDeclaration absent from structural source never, which can hide fields",OWNER BLANK,True,False,0,1,1
"optional property modifiers in PropertyDeclaration absent from structural source never, which can hide fields",OWNER BLANK,True,False,0,1,1
"optional property modifiers in SetAccessorDeclaration absent from structural source never, which can hide fields",OWNER BLANK,True,False,0,1,1
"optional property outputDts in ResolvedRefAndOutputDts absent from structural source ResolvedRefAndSource, which can hide fields",OWNER BLANK,True,False,0,1,1
"optional property packageRootPath in { moduleFileToTry: string; packageRootPath?: string; blockedByExports?: true; verbatimFromExports?: true; } absent from structural source { moduleFileToTry: string; }, which can hide fields",OWNER BLANK,True,False,0,1,1
"optional property preserve in FileReference absent from structural source { resolutionMode: ModuleKind.CommonJS | ModuleKind.ESNext; }, which can hide fields",OWNER BLANK,True,False,0,1,1
"optional property reportsUnnecessary in ReusableDiagnostic absent from structural source ReusableDiagnosticRelatedInformation, which can hide fields",OWNER BLANK,True,False,0,1,1
"optional property return in ArrayIterator<JSDocLink | JSDocLinkCode | JSDocLinkPlain | JSDocText> absent from structural source ArrayIterator<JSDocComment>, which can hide fields",OWNER BLANK,True,False,0,1,1
"optional property return in MapIterator<BuilderFileEmit> absent from structural source MapIterator<BuilderFileEmit>, which can hide fields",OWNER BLANK,True,False,0,1,1
"optional property return in MapIterator<[string, IntrinsicTypeKind]> absent from structural source MapIterator<[string, IntrinsicTypeKind]>, which can hide fields",OWNER BLANK,True,False,0,1,1
"optional property return in MapIterator<[string, TypeFacts]> absent from structural source MapIterator<[string, TypeFacts.TypeofNEString | TypeFacts.TypeofNENumber | TypeFacts.TypeofNEBigInt | TypeFacts.TypeofNEBoolean | TypeFacts.TypeofNESymbol | TypeFacts.TypeofNEObject | TypeFacts.TypeofNEFunction | TypeFacts.NEUndefined]>, which can hide fields",OWNER BLANK,True,False,0,1,1
"optional property return in MapIterator<[string, WatchDirectoryFlags]> absent from structural source MapIterator<[string, WatchDirectoryFlags]>, which can hide fields",OWNER BLANK,True,False,0,1,1
"optional property skipLogging in ErrorOutputContainer absent from structural source { errors?: Diagnostic[]; }, which can hide fields",OWNER BLANK,True,False,0,1,1
"optional property skipTrivia in SourceMapSource absent from structural source SourceFile, which can hide fields",OWNER BLANK,True,False,0,1,1
"optional property source in ResolvedRefAndSource absent from structural source ResolvedRefAndOutputDts, which can hide fields",OWNER BLANK,True,False,0,1,1
"optional property target in AnonymousType absent from structural source IntrinsicType, which can hide fields",OWNER BLANK,True,False,0,1,1
"optional property types in { types?: { value: string; pos: number; end: number; }; } & { lib?: { value: string; pos: number; end: number; }; } & { path?: { value: string; pos: number; end: number; }; } & { ""no-default-lib""?: string; } & { ""resolution-mode""?: string; } & ... absent from structural source { [index: string]: string | undefined; }, which can hide fields",OWNER BLANK,True,False,0,1,1
"optional property types in { types?: { value: string; pos: number; end: number; }; } & { lib?: { value: string; pos: number; end: number; }; } & { path?: { value: string; pos: number; end: number; }; } & { ""no-default-lib""?: string; } & { ""resolution-mode""?: string; } & ... absent from structural source { [index: string]: string | { value: string; pos: number; end: number; }; }, which can hide fields",OWNER BLANK,True,False,0,1,1
"optional property watchFile in WatchOptions absent from structural source {}, which can hide fields",OWNER BLANK,True,False,0,1,1
passing boolean | undefined to a function value,OWNER BLANK,True,False,1,0,1
reading absolutePath,OWNER BLANK,True,True,1,0,1
reading absoluteSourceFilePath,OWNER BLANK,True,True,1,0,1
reading abstractSignatures,OWNER BLANK,True,True,1,0,1
reading accessibleSymbolsFromExports,OWNER BLANK,True,True,1,0,1
reading accessorType,OWNER BLANK,True,True,1,0,1
reading activeLabel,OWNER BLANK,True,True,1,0,1
reading actualFileName,OWNER BLANK,True,True,1,0,1
reading addAggregateStatistic,OWNER BLANK,True,True,1,0,1
reading addOutput,OWNER BLANK,True,True,1,0,1
reading afterImportPos,OWNER BLANK,True,True,1,0,1
reading afterImportTagPos,OWNER BLANK,True,True,1,0,1
reading aliasDecl,OWNER BLANK,True,True,1,0,1
reading allSetOptions,OWNER BLANK,True,True,1,0,1
reading allowEmpty,OWNER BLANK,True,True,1,0,1
reading allowsStrings,OWNER BLANK,True,True,1,0,1
reading alreadyTransformed,OWNER BLANK,True,True,1,0,1
reading alternateResult,OWNER BLANK,True,True,1,0,1
reading alternateResultMessage,OWNER BLANK,True,True,1,0,1
reading ambientModuleDeclare,OWNER BLANK,True,True,1,0,1
reading ancestor,OWNER BLANK,True,True,1,0,1
reading annotatedNodes,OWNER BLANK,True,True,1,0,1
reading annotationSymbol,OWNER BLANK,True,True,1,0,1
reading applicableByArity,OWNER BLANK,True,True,1,0,1
reading arrayType,OWNER BLANK,True,True,1,0,1
reading arrowExpression,OWNER BLANK,True,True,1,0,1
reading attrs,OWNER BLANK,True,True,1,0,1
reading autoGenerateFlags,OWNER BLANK,True,True,1,0,1
reading awaitToken,OWNER BLANK,True,True,1,0,1
reading baseConstraint,OWNER BLANK,True,True,1,0,1
reading baseConstructorType,OWNER BLANK,True,True,1,0,1
reading baseName,OWNER BLANK,True,True,1,0,1
reading baseType,OWNER BLANK,True,True,1,0,1
reading baseTypeNodes,OWNER BLANK,True,True,1,0,1
reading bases,OWNER BLANK,True,True,1,0,1
reading bestMatchingType,OWNER BLANK,True,True,1,0,1
reading binaryExpression,OWNER BLANK,True,True,1,0,1
reading bindingElement,OWNER BLANK,True,True,1,0,1
reading bindingList,OWNER BLANK,True,True,1,0,1
reading bindingTarget,OWNER BLANK,True,True,1,0,1
reading bold,OWNER BLANK,True,True,1,0,1
reading build,OWNER BLANK,True,True,1,0,1
reading buildArray,OWNER BLANK,True,True,1,0,1
reading buildOrderFromState,OWNER BLANK,True,True,1,0,1
reading builtins,OWNER BLANK,True,True,1,0,1
reading cachedDiagnostics,OWNER BLANK,True,True,1,0,1
reading cachedTypes,OWNER BLANK,True,True,1,0,1
reading callArgument,OWNER BLANK,True,True,1,0,1
reading callSignatures,OWNER BLANK,True,True,1,0,1
reading callTarget,OWNER BLANK,True,True,1,0,1
reading canExcludeDiscriminants,OWNER BLANK,True,True,1,0,1
reading canUseBreakOrContinue,OWNER BLANK,True,True,1,0,1
reading candidateDirectories,OWNER BLANK,True,True,1,0,1
reading candidateExists,OWNER BLANK,True,True,1,0,1
reading candidates,OWNER BLANK,True,True,1,0,1
reading caseType,OWNER BLANK,True,True,1,0,1
reading ch1,OWNER BLANK,True,True,1,0,1
reading ch2,OWNER BLANK,True,True,1,0,1
reading ch3,OWNER BLANK,True,True,1,0,1
reading chain1,OWNER BLANK,True,True,1,0,1
reading changed,OWNER BLANK,True,True,1,0,1
reading charCode,OWNER BLANK,True,True,1,0,1
reading checkAttributesType,OWNER BLANK,True,True,1,0,1
reading checkBody,OWNER BLANK,True,True,1,0,1
reading checkTypeDeferred,OWNER BLANK,True,True,1,0,1
reading childFieldType,OWNER BLANK,True,True,1,0,1
reading childPropName,OWNER BLANK,True,True,1,0,1
reading childrenPropName,OWNER BLANK,True,True,1,0,1
reading classDeclarations,OWNER BLANK,True,True,1,0,1
reading classInstanceType,OWNER BLANK,True,True,1,0,1
reading className,OWNER BLANK,True,True,1,0,1
reading classSymbol,OWNER BLANK,True,True,1,0,1
reading classThis,OWNER BLANK,True,True,1,0,1
reading closingLineTerminatorCount,OWNER BLANK,True,True,1,0,1
reading code2,OWNER BLANK,True,True,1,0,1
reading collidingSymbol,OWNER BLANK,True,True,1,0,1
reading combined,OWNER BLANK,True,True,1,0,1
reading commentEnd,OWNER BLANK,True,True,1,0,1
reading commentText,OWNER BLANK,True,True,1,0,1
reading commonJSPropertyAccess,OWNER BLANK,True,True,1,0,1
reading commonResolved,OWNER BLANK,True,True,1,0,1
reading compareResult,OWNER BLANK,True,True,1,0,1
reading comparer,OWNER BLANK,True,True,1,0,1
reading compilerFilePath,OWNER BLANK,True,True,1,0,1
reading compilerOptionsProperty,OWNER BLANK,True,True,1,0,1
reading componentEqualityComparer,OWNER BLANK,True,True,1,0,1
reading computedPropertyName,OWNER BLANK,True,True,1,0,1
reading conditional,OWNER BLANK,True,True,1,0,1
reading configFileText,OWNER BLANK,True,True,1,0,1
reading connector,OWNER BLANK,True,True,1,0,1
reading constantValue,OWNER BLANK,True,True,1,0,1
reading constraintDeclaration,OWNER BLANK,True,True,1,0,1
reading constraintNode,OWNER BLANK,True,True,1,0,1
reading constructorDeclaration,OWNER BLANK,True,True,1,0,1
reading constructorFunction,OWNER BLANK,True,True,1,0,1
reading constructorLikeName,OWNER BLANK,True,True,1,0,1
reading constructorSymbol,OWNER BLANK,True,True,1,0,1
reading constructorTypeCount,OWNER BLANK,True,True,1,0,1
reading containerObjectType,OWNER BLANK,True,True,1,0,1
reading containers,OWNER BLANK,True,True,1,0,1
reading containingClassDecl,OWNER BLANK,True,True,1,0,1
reading containingMethod,OWNER BLANK,True,True,1,0,1
reading containingSourceFile,OWNER BLANK,True,True,1,0,1
reading contextSpecifier,OWNER BLANK,True,True,1,0,1
reading contextType,OWNER BLANK,True,True,1,0,1
reading contextualAwaitedType,OWNER BLANK,True,True,1,0,1
reading convertToFunctionBlock,OWNER BLANK,True,True,1,0,1
reading converters,OWNER BLANK,True,True,1,0,1
reading create,OWNER BLANK,True,True,1,0,1
reading createBaseSourceFileNode,OWNER BLANK,True,True,1,0,1
reading createNodeArray,OWNER BLANK,True,True,1,0,1
reading currentDetachedCommentInfo,OWNER BLANK,True,True,1,0,1
reading currentOptions,OWNER BLANK,True,True,1,0,1
reading currentWriterIndentSpacing,OWNER BLANK,True,True,1,0,1
reading customTransformer,OWNER BLANK,True,True,1,0,1
reading d,OWNER BLANK,True,True,1,0,1
reading data,OWNER BLANK,True,True,1,0,1
reading declarationName,OWNER BLANK,True,True,1,0,1
reading declaringClassDeclaration,OWNER BLANK,True,True,1,0,1
reading defaultType,OWNER BLANK,True,True,1,0,1
reading delim,OWNER BLANK,True,True,1,0,1
reading deprecatedTag,OWNER BLANK,True,True,1,0,1
reading diagnosticMessage,OWNER BLANK,True,True,1,0,1
reading diagnosticWithLocation,OWNER BLANK,True,True,1,0,1
reading dir,OWNER BLANK,True,True,1,0,1
reading dirPath,OWNER BLANK,True,True,1,0,1
reading discriminantCombinations,OWNER BLANK,True,True,1,0,1
reading discriminantType,OWNER BLANK,True,True,1,0,1
reading disposeScope,OWNER BLANK,True,True,1,0,1
reading dist,OWNER BLANK,True,True,1,0,1
reading doneType,OWNER BLANK,True,True,1,0,1
reading downlevelIteration,OWNER BLANK,True,True,1,0,1
reading downleveledImport,OWNER BLANK,True,True,1,0,1
reading effectiveExpr,OWNER BLANK,True,True,1,0,1
reading elementAccess,OWNER BLANK,True,True,1,0,1
reading elementFlags,OWNER BLANK,True,True,1,0,1
reading elements,OWNER BLANK,True,True,1,0,1
reading emitAsSingleStatement,OWNER BLANK,True,True,1,0,1
reading emitComments,OWNER BLANK,True,True,1,0,1
reading emitExplicitInitializer,OWNER BLANK,True,True,1,0,1
reading emitSourceMaps,OWNER BLANK,True,True,1,0,1
reading emitTrailingComma,OWNER BLANK,True,True,1,0,1
reading emittedAsTopLevel,OWNER BLANK,True,True,1,0,1
reading enclosingBlockScopeContainer,OWNER BLANK,True,True,1,0,1
reading enclosingClass,OWNER BLANK,True,True,1,0,1
reading enclosingContainer,OWNER BLANK,True,True,1,0,1
reading encodeURI,OWNER BLANK,True,True,1,0,1
reading end,OWNER BLANK,True,True,1,0,1
reading enqueue,OWNER BLANK,True,True,1,0,1
reading entry,OWNER BLANK,True,True,1,0,1
reading enumResult,OWNER BLANK,True,True,1,0,1
reading enumStatement,OWNER BLANK,True,True,1,0,1
reading envVarStatement,OWNER BLANK,True,True,1,0,1
reading equalityComparer,OWNER BLANK,True,True,1,0,1
reading errNode,OWNER BLANK,True,True,1,0,1
reading errorMessage,OWNER BLANK,True,True,1,0,1
reading errorSpan,OWNER BLANK,True,True,1,0,1
reading evaluateEntityNameExpression,OWNER BLANK,True,True,1,0,1
reading everyClauseChecks,OWNER BLANK,True,True,1,0,1
reading exclamationToken,OWNER BLANK,True,True,1,0,1
reading excludePattern,OWNER BLANK,True,True,1,0,1
reading excludeRe,OWNER BLANK,True,True,1,0,1
reading excludedProperties,OWNER BLANK,True,True,1,0,1
reading existingPending,OWNER BLANK,True,True,1,0,1
reading existingProp,OWNER BLANK,True,True,1,0,1
reading existingSpecifier,OWNER BLANK,True,True,1,0,1
reading existingTarget,OWNER BLANK,True,True,1,0,1
reading exit,OWNER BLANK,True,True,1,0,1
reading exitStatus,OWNER BLANK,True,True,1,0,1
reading exportClause,OWNER BLANK,True,True,1,0,1
reading exportContainer,OWNER BLANK,True,True,1,0,1
reading exportStars,OWNER BLANK,True,True,1,0,1
reading exported,OWNER BLANK,True,True,1,0,1
reading exportedNamesStorageRef,OWNER BLANK,True,True,1,0,1
reading expressions,OWNER BLANK,True,True,1,0,1
reading ext,OWNER BLANK,True,True,1,0,1
reading extendsType,OWNER BLANK,True,True,1,0,1
reading externalHelpersImportDeclaration,OWNER BLANK,True,True,1,0,1
reading externalHelpersModuleName,OWNER BLANK,True,True,1,0,1
reading externalHelpersModuleReference,OWNER BLANK,True,True,1,0,1
reading f1,OWNER BLANK,True,True,1,0,1
reading factory,OWNER BLANK,True,True,1,0,1
reading facts,OWNER BLANK,True,True,1,0,1
reading failed,OWNER BLANK,True,True,1,0,1
reading failedSignatureDeclarations,OWNER BLANK,True,True,1,0,1
reading falseSubtype,OWNER BLANK,True,True,1,0,1
reading fileExists,OWNER BLANK,True,True,1,0,1
reading fileName,OWNER BLANK,True,True,1,0,1
reading fileToErrorCount,OWNER BLANK,True,True,1,0,1
reading filesForEmit,OWNER BLANK,True,True,1,0,1
reading filesInError,OWNER BLANK,True,True,1,0,1
reading filesToDelete,OWNER BLANK,True,True,1,0,1
reading filtered,OWNER BLANK,True,True,1,0,1
reading finalizeBoundary,OWNER BLANK,True,True,1,0,1
reading finished,OWNER BLANK,True,True,1,0,1
reading firstAccessor,OWNER BLANK,True,True,1,0,1
reading firstChar,OWNER BLANK,True,True,1,0,1
reading firstComponent,OWNER BLANK,True,True,1,0,1
reading firstInterfaceDecl,OWNER BLANK,True,True,1,0,1
reading firstNonzeroSegment,OWNER BLANK,True,True,1,0,1
reading firstRelevantLocation,OWNER BLANK,True,True,1,0,1
reading firstStatement,OWNER BLANK,True,True,1,0,1
reading firstVariableMatch,OWNER BLANK,True,True,1,0,1
reading fixed,OWNER BLANK,True,True,1,0,1
reading following,OWNER BLANK,True,True,1,0,1
reading forInitializer,OWNER BLANK,True,True,1,0,1
reading forStatement,OWNER BLANK,True,True,1,0,1
reading forcedLookupLocation,OWNER BLANK,True,True,1,0,1
reading format,OWNER BLANK,True,True,1,0,1
reading fromComponent,OWNER BLANK,True,True,1,0,1
reading fromNameType,OWNER BLANK,True,True,1,0,1
reading functionLocation,OWNER BLANK,True,True,1,0,1
reading functionType,OWNER BLANK,True,True,1,0,1
reading generatedLine,OWNER BLANK,True,True,1,0,1
reading generatedName,OWNER BLANK,True,True,1,0,1
reading generatorFunc,OWNER BLANK,True,True,1,0,1
reading generatorInstantiation,OWNER BLANK,True,True,1,0,1
reading genericDiag,OWNER BLANK,True,True,1,0,1
reading get,OWNER BLANK,True,True,1,0,1
reading getAccessorType,OWNER BLANK,True,True,1,0,1
reading getFromDirectoryCache,OWNER BLANK,True,True,1,0,1
reading getFromNonRelativeNameCache,OWNER BLANK,True,True,1,0,1
reading getFunc,OWNER BLANK,True,True,1,0,1
reading getMapOfCacheRedirects,OWNER BLANK,True,True,1,0,1
reading getPackageJsonInfo,OWNER BLANK,True,True,1,0,1
reading getParenthesizeLeftSideOfBinaryForOperator,OWNER BLANK,True,True,1,0,1
reading getSourceFileWithCache,OWNER BLANK,True,True,1,0,1
reading getSourcePosition,OWNER BLANK,True,True,1,0,1
reading getUnscopedHelperName,OWNER BLANK,True,True,1,0,1
reading getUnusedExpectations,OWNER BLANK,True,True,1,0,1
reading globalCache,OWNER BLANK,True,True,1,0,1
reading hasEmptyObject,OWNER BLANK,True,True,1,0,1
reading hasExistingReasonToReportErrorOn,OWNER BLANK,True,True,1,0,1
reading hasInstanceProperty,OWNER BLANK,True,True,1,0,1
reading hasJSDocFunctionType,OWNER BLANK,True,True,1,0,1
reading hasLeadingModifier,OWNER BLANK,True,True,1,0,1
reading hasPrivateModifier,OWNER BLANK,True,True,1,0,1
reading hasSignatures,OWNER BLANK,True,True,1,0,1
reading hasTrailingDecorator,OWNER BLANK,True,True,1,0,1
reading hasTransformableStatics,OWNER BLANK,True,True,1,0,1
reading headerPadding,OWNER BLANK,True,True,1,0,1
reading helper,OWNER BLANK,True,True,1,0,1
reading helpers,OWNER BLANK,True,True,1,0,1
reading hostSourceFileInfo,OWNER BLANK,True,True,1,0,1
reading i,OWNER BLANK,True,True,1,0,1
reading ids,OWNER BLANK,True,True,1,0,1
reading ifStatement,OWNER BLANK,True,True,1,0,1
reading iife,OWNER BLANK,True,True,1,0,1
reading illegalContextMessage,OWNER BLANK,True,True,1,0,1
reading immediate,OWNER BLANK,True,True,1,0,1
reading immediateDeclaration,OWNER BLANK,True,True,1,0,1
reading implDecl,OWNER BLANK,True,True,1,0,1
reading implementationSharesContainerWithFirstOverload,OWNER BLANK,True,True,1,0,1
reading impliedNodeFormat,OWNER BLANK,True,True,1,0,1
reading importClause,OWNER BLANK,True,True,1,0,1
reading importDecl,OWNER BLANK,True,True,1,0,1
reading importSource,OWNER BLANK,True,True,1,0,1
reading imports,OWNER BLANK,True,True,1,0,1
reading includeFileRegexes,OWNER BLANK,True,True,1,0,1
reading includeRe,OWNER BLANK,True,True,1,0,1
reading indent,OWNER BLANK,True,True,1,0,1
reading indexedAccessType,OWNER BLANK,True,True,1,0,1
reading inferences,OWNER BLANK,True,True,1,0,1
reading initialLocationForSecondaryLookup,OWNER BLANK,True,True,1,0,1
reading initialType,OWNER BLANK,True,True,1,0,1
reading initializerWithoutParens,OWNER BLANK,True,True,1,0,1
reading initializersName,OWNER BLANK,True,True,1,0,1
reading inlinable,OWNER BLANK,True,True,1,0,1
reading innerIndexType,OWNER BLANK,True,True,1,0,1
reading innerMappedType,OWNER BLANK,True,True,1,0,1
reading insertIndex,OWNER BLANK,True,True,1,0,1
reading instantiatedSignature,OWNER BLANK,True,True,1,0,1
reading instantiatedTemplateType,OWNER BLANK,True,True,1,0,1
reading instantiations,OWNER BLANK,True,True,1,0,1
reading internalFlags,OWNER BLANK,True,True,1,0,1
reading intrinsicAttribs,OWNER BLANK,True,True,1,0,1
reading intrinsicElementsType,OWNER BLANK,True,True,1,0,1
reading intrinsics,OWNER BLANK,True,True,1,0,1
reading invalidElement,OWNER BLANK,True,True,1,0,1
reading isAbstract,OWNER BLANK,True,True,1,0,1
reading isAnonymous,OWNER BLANK,True,True,1,0,1
reading isArrowFunctionInJsx,OWNER BLANK,True,True,1,0,1
reading isCallToReadHelper,OWNER BLANK,True,True,1,0,1
reading isCallbackTag,OWNER BLANK,True,True,1,0,1
reading isCapturedInFunction,OWNER BLANK,True,True,1,0,1
reading isClassWithConstructorReference,OWNER BLANK,True,True,1,0,1
reading isComparingJsxAttributes,OWNER BLANK,True,True,1,0,1
reading isConfigIdentical,OWNER BLANK,True,True,1,0,1
reading isDerivedClass,OWNER BLANK,True,True,1,0,1
reading isDosStyle,OWNER BLANK,True,True,1,0,1
reading isEitherEnum,OWNER BLANK,True,True,1,0,1
reading isExportEquals,OWNER BLANK,True,True,1,0,1
reading isIllegalExportDefaultInCJS,OWNER BLANK,True,True,1,0,1
reading isInExternalModule,OWNER BLANK,True,True,1,0,1
reading isJSDoc,OWNER BLANK,True,True,1,0,1
reading isJavaScript,OWNER BLANK,True,True,1,0,1
reading isKnownProperty,OWNER BLANK,True,True,1,0,1
reading isLengthPushOrUnshift,OWNER BLANK,True,True,1,0,1
reading isLongestMatchingPrefix,OWNER BLANK,True,True,1,0,1
reading isMarkdownOrJSDocLink,OWNER BLANK,True,True,1,0,1
reading isNameFirst,OWNER BLANK,True,True,1,0,1
reading isOptional,OWNER BLANK,True,True,1,0,1
reading isOverload,OWNER BLANK,True,True,1,0,1
reading isParameter,OWNER BLANK,True,True,1,0,1
reading isPlainJs,OWNER BLANK,True,True,1,0,1
reading isPromise,OWNER BLANK,True,True,1,0,1
reading isPropertyName,OWNER BLANK,True,True,1,0,1
reading isReservedWord,OWNER BLANK,True,True,1,0,1
reading isRest,OWNER BLANK,True,True,1,0,1
reading isSimpleLoop,OWNER BLANK,True,True,1,0,1
reading isStaticMethodSymbol,OWNER BLANK,True,True,1,0,1
reading isTypeOnly,OWNER BLANK,True,True,1,0,1
reading isValid,OWNER BLANK,True,True,1,0,1
reading isValue,OWNER BLANK,True,True,1,0,1
reading issuedDiagnostic,OWNER BLANK,True,True,1,0,1
reading iterator,OWNER BLANK,True,True,1,0,1
reading iteratorValueStatement,OWNER BLANK,True,True,1,0,1
reading jsDoc,OWNER BLANK,True,True,1,0,1
reading jsDocType,OWNER BLANK,True,True,1,0,1
reading jsxChildrenPropertyName,OWNER BLANK,True,True,1,0,1
reading jsxSpecific,OWNER BLANK,True,True,1,0,1
reading keyAttr,OWNER BLANK,True,True,1,0,1
reading lastChild,OWNER BLANK,True,True,1,0,1
reading lastDecorator,OWNER BLANK,True,True,1,0,1
reading lastElement,OWNER BLANK,True,True,1,0,1
reading lastId,OWNER BLANK,True,True,1,0,1
reading lastJSDocParam,OWNER BLANK,True,True,1,0,1
reading lastPart,OWNER BLANK,True,True,1,0,1
reading lastSpan,OWNER BLANK,True,True,1,0,1
reading lastStatement,OWNER BLANK,True,True,1,0,1
reading leadingComments,OWNER BLANK,True,True,1,0,1
reading leadingLineTerminatorCount,OWNER BLANK,True,True,1,0,1
reading leftColumnHeadingLength,OWNER BLANK,True,True,1,0,1
reading leftIsNumeric,OWNER BLANK,True,True,1,0,1
reading leftTarget,OWNER BLANK,True,True,1,0,1
reading leftType,OWNER BLANK,True,True,1,0,1
reading leftmost,OWNER BLANK,True,True,1,0,1
reading lex,OWNER BLANK,True,True,1,0,1
reading limitedConstraint,OWNER BLANK,True,True,1,0,1
reading linesAfterDot,OWNER BLANK,True,True,1,0,1
reading literal,OWNER BLANK,True,True,1,0,1
reading literalValue,OWNER BLANK,True,True,1,0,1
reading literals,OWNER BLANK,True,True,1,0,1
reading localCheckDeclaration,OWNER BLANK,True,True,1,0,1
reading localIndexDeclaration,OWNER BLANK,True,True,1,0,1
reading localName,OWNER BLANK,True,True,1,0,1
reading localSymbol,OWNER BLANK,True,True,1,0,1
reading location,OWNER BLANK,True,True,1,0,1
reading mainExport,OWNER BLANK,True,True,1,0,1
reading mappedTypeVariable,OWNER BLANK,True,True,1,0,1
reading mapper,OWNER BLANK,True,True,1,0,1
reading mappings,OWNER BLANK,True,True,1,0,1
reading matchType,OWNER BLANK,True,True,1,0,1
reading maxErrors,OWNER BLANK,True,True,1,0,1
reading maxLength,OWNER BLANK,True,True,1,0,1
reading maxNonRestParam,OWNER BLANK,True,True,1,0,1
reading mayHaveNameCollisions,OWNER BLANK,True,True,1,0,1
reading memberProps,OWNER BLANK,True,True,1,0,1
reading metadataReference,OWNER BLANK,True,True,1,0,1
reading methodReturnType,OWNER BLANK,True,True,1,0,1
reading missingNode,OWNER BLANK,True,True,1,0,1
reading missingPaths,OWNER BLANK,True,True,1,0,1
reading mixinFlags,OWNER BLANK,True,True,1,0,1
reading mod,OWNER BLANK,True,True,1,0,1
reading modifierArray,OWNER BLANK,True,True,1,0,1
reading moduleBlock,OWNER BLANK,True,True,1,0,1
reading moduleStatement,OWNER BLANK,True,True,1,0,1
reading nameParts,OWNER BLANK,True,True,1,0,1
reading nameStr,OWNER BLANK,True,True,1,0,1
reading nameText,OWNER BLANK,True,True,1,0,1
reading namedBindings,OWNER BLANK,True,True,1,0,1
reading namespaceDeclaration,OWNER BLANK,True,True,1,0,1
reading narrowedType,OWNER BLANK,True,True,1,0,1
reading needCheckInitializer,OWNER BLANK,True,True,1,0,1
reading needJsExtensions,OWNER BLANK,True,True,1,0,1
reading needSyncEval,OWNER BLANK,True,True,1,0,1
reading needsModifierPreservingWrapper,OWNER BLANK,True,True,1,0,1
reading needsName,OWNER BLANK,True,True,1,0,1
reading needsOutParam,OWNER BLANK,True,True,1,0,1
reading needsUpdateInTypeRootWatch,OWNER BLANK,True,True,1,0,1
reading negative,OWNER BLANK,True,True,1,0,1
reading newElements,OWNER BLANK,True,True,1,0,1
reading newEndN,OWNER BLANK,True,True,1,0,1
reading newItem,OWNER BLANK,True,True,1,0,1
reading newName,OWNER BLANK,True,True,1,0,1
reading newParam,OWNER BLANK,True,True,1,0,1
reading newParams,OWNER BLANK,True,True,1,0,1
reading newSourceFile,OWNER BLANK,True,True,1,0,1
reading next,OWNER BLANK,True,True,1,0,1
reading nodeConstructors,OWNER BLANK,True,True,1,0,1
reading nodeContextFlags,OWNER BLANK,True,True,1,0,1
reading nodeInAmbientContext,OWNER BLANK,True,True,1,0,1
reading nodeModulesDirectoryName,OWNER BLANK,True,True,1,0,1
reading nodeModulesFolder,OWNER BLANK,True,True,1,0,1
reading nodeModulesFolderExists,OWNER BLANK,True,True,1,0,1
reading nodeName,OWNER BLANK,True,True,1,0,1
reading nodes,OWNER BLANK,True,True,1,0,1
reading normalizedElements,OWNER BLANK,True,True,1,0,1
reading ns,OWNER BLANK,True,True,1,0,1
reading nsIndex,OWNER BLANK,True,True,1,0,1
reading nullishSemantics,OWNER BLANK,True,True,1,0,1
reading numNodes,OWNER BLANK,True,True,1,0,1
reading numParameters,OWNER BLANK,True,True,1,0,1
reading numericValue,OWNER BLANK,True,True,1,0,1
reading objectLiterals,OWNER BLANK,True,True,1,0,1
reading objectProperties,OWNER BLANK,True,True,1,0,1
reading offset,OWNER BLANK,True,True,1,0,1
reading ok,OWNER BLANK,True,True,1,0,1
reading oldEndN,OWNER BLANK,True,True,1,0,1
reading oldSignature,OWNER BLANK,True,True,1,0,1
reading oldSourceFiles,OWNER BLANK,True,True,1,0,1
reading oldStart2,OWNER BLANK,True,True,1,0,1
reading oldTime,OWNER BLANK,True,True,1,0,1
reading onProgramCreateComplete,OWNER BLANK,True,True,1,0,1
reading onWatchStatusChange,OWNER BLANK,True,True,1,0,1
reading openBracketPosition,OWNER BLANK,True,True,1,0,1
reading operand,OWNER BLANK,True,True,1,0,1
reading optional,OWNER BLANK,True,True,1,0,1
reading optionalDeclaration,OWNER BLANK,True,True,1,0,1
reading optionsOfCurCategory,OWNER BLANK,True,True,1,0,1
reading optionsType,OWNER BLANK,True,True,1,0,1
reading originalClass,OWNER BLANK,True,True,1,0,1
reading originalFile,OWNER BLANK,True,True,1,0,1
reading originalModuleSpecifier,OWNER BLANK,True,True,1,0,1
reading originalReadFile,OWNER BLANK,True,True,1,0,1
reading other,OWNER BLANK,True,True,1,0,1
reading otherFiles,OWNER BLANK,True,True,1,0,1
reading otherOption,OWNER BLANK,True,True,1,0,1
reading outPath,OWNER BLANK,True,True,1,0,1
reading outerTypeParameters,OWNER BLANK,True,True,1,0,1
reading outputDir,OWNER BLANK,True,True,1,0,1
reading overloadSignatures,OWNER BLANK,True,True,1,0,1
reading ownKey,OWNER BLANK,True,True,1,0,1
reading ownKeys,OWNER BLANK,True,True,1,0,1
reading ownMap,OWNER BLANK,True,True,1,0,1
reading ownOutputFilePath,OWNER BLANK,True,True,1,0,1
reading packageFileResult,OWNER BLANK,True,True,1,0,1
reading packageJsonMap,OWNER BLANK,True,True,1,0,1
reading packageName,OWNER BLANK,True,True,1,0,1
reading packageResult,OWNER BLANK,True,True,1,0,1
reading paramIdent,OWNER BLANK,True,True,1,0,1
reading parameterDeclaration,OWNER BLANK,True,True,1,0,1
reading parameterIndex,OWNER BLANK,True,True,1,0,1
reading parameterNode,OWNER BLANK,True,True,1,0,1
reading parameterRange,OWNER BLANK,True,True,1,0,1
reading parameterSymbol,OWNER BLANK,True,True,1,0,1
reading parentDeclaration,OWNER BLANK,True,True,1,0,1
reading parenthesizerRules,OWNER BLANK,True,True,1,0,1
reading pathAndExtension,OWNER BLANK,True,True,1,0,1
reading pathToTopLevelNodeModules,OWNER BLANK,True,True,1,0,1
reading pattern,OWNER BLANK,True,True,1,0,1
reading peerDependencies,OWNER BLANK,True,True,1,0,1
reading pendingExpressions,OWNER BLANK,True,True,1,0,1
reading pendingKind,OWNER BLANK,True,True,1,0,1
reading possibleOption,OWNER BLANK,True,True,1,0,1
reading possibleOutOfBounds,OWNER BLANK,True,True,1,0,1
reading possiblyOutOfBoundsType,OWNER BLANK,True,True,1,0,1
reading precedingLineBreak,OWNER BLANK,True,True,1,0,1
reading prerelease,OWNER BLANK,True,True,1,0,1
reading prereleaseArray,OWNER BLANK,True,True,1,0,1
reading prevNodeIndex,OWNER BLANK,True,True,1,0,1
reading previousDuration,OWNER BLANK,True,True,1,0,1
reading primaryDeclaration,OWNER BLANK,True,True,1,0,1
reading primitive,OWNER BLANK,True,True,1,0,1
reading printNode,OWNER BLANK,True,True,1,0,1
reading printerOptions,OWNER BLANK,True,True,1,0,1
reading priority,OWNER BLANK,True,True,1,0,1
reading programDiagnosticsInFile,OWNER BLANK,True,True,1,0,1
reading prologueStatementCount,OWNER BLANK,True,True,1,0,1
reading promise,OWNER BLANK,True,True,1,0,1
reading propContext,OWNER BLANK,True,True,1,0,1
reading propNameType,OWNER BLANK,True,True,1,0,1
reading propNode,OWNER BLANK,True,True,1,0,1
reading propertyAccess,OWNER BLANK,True,True,1,0,1
reading propertyAssignmentType,OWNER BLANK,True,True,1,0,1
reading propertyTypes,OWNER BLANK,True,True,1,0,1
reading proto,OWNER BLANK,True,True,1,0,1
reading prototype,OWNER BLANK,True,True,1,0,1
reading prototypePropertyType,OWNER BLANK,True,True,1,0,1
reading prototypeSymbol,OWNER BLANK,True,True,1,0,1
reading prototypeType,OWNER BLANK,True,True,1,0,1
reading quick,OWNER BLANK,True,True,1,0,1
reading quickResult,OWNER BLANK,True,True,1,0,1
reading rawName,OWNER BLANK,True,True,1,0,1
reading rawSources,OWNER BLANK,True,True,1,0,1
reading react,OWNER BLANK,True,True,1,0,1
reading reactExports,OWNER BLANK,True,True,1,0,1
reading readExpression,OWNER BLANK,True,True,1,0,1
reading readFileWithCache,OWNER BLANK,True,True,1,0,1
reading readonlyMask,OWNER BLANK,True,True,1,0,1
reading realDeclarationPath,OWNER BLANK,True,True,1,0,1
reading recursionIdentity,OWNER BLANK,True,True,1,0,1
reading reducedType,OWNER BLANK,True,True,1,0,1
reading reexports,OWNER BLANK,True,True,1,0,1
reading referencedFileName,OWNER BLANK,True,True,1,0,1
reading referencedMap,OWNER BLANK,True,True,1,0,1
reading relativePath,OWNER BLANK,True,True,1,0,1
reading relevantTypeParameterConstraints,OWNER BLANK,True,True,1,0,1
reading removeNullable,OWNER BLANK,True,True,1,0,1
reading removeUndefined,OWNER BLANK,True,True,1,0,1
reading rename,OWNER BLANK,True,True,1,0,1
reading reportErrors,OWNER BLANK,True,True,1,0,1
reading requiresAddingUndefined,OWNER BLANK,True,True,1,0,1
reading resolutionDiagnostic,OWNER BLANK,True,True,1,0,1
reading resolutionMode,OWNER BLANK,True,True,1,0,1
reading resolutionsChanged,OWNER BLANK,True,True,1,0,1
reading resolvedFromFile,OWNER BLANK,True,True,1,0,1
reading resolvedMethodReturnType,OWNER BLANK,True,True,1,0,1
reading resolvedModuleNames,OWNER BLANK,True,True,1,0,1
reading resolvedModuleSymbol,OWNER BLANK,True,True,1,0,1
reading resolvedValueSymbol,OWNER BLANK,True,True,1,0,1
reading resolver,OWNER BLANK,True,True,1,0,1
reading restElement,OWNER BLANK,True,True,1,0,1
reading restParameterSymbols,OWNER BLANK,True,True,1,0,1
reading restParams,OWNER BLANK,True,True,1,0,1
reading restSymbol,OWNER BLANK,True,True,1,0,1
reading resultFromDts,OWNER BLANK,True,True,1,0,1
reading resultType,OWNER BLANK,True,True,1,0,1
reading results,OWNER BLANK,True,True,1,0,1
reading returnOrPromisedType,OWNER BLANK,True,True,1,0,1
reading returnType,OWNER BLANK,True,True,1,0,1
reading right,OWNER BLANK,True,True,1,0,1
reading rightCustomPrologueEnd,OWNER BLANK,True,True,1,0,1
reading rightHoistedFunctionsEnd,OWNER BLANK,True,True,1,0,1
reading rightHoistedVariablesEnd,OWNER BLANK,True,True,1,0,1
reading rightIdentifier,OWNER BLANK,True,True,1,0,1
reading rightStandardPrologueEnd,OWNER BLANK,True,True,1,0,1
reading rootExpr,OWNER BLANK,True,True,1,0,1
reading rootPathComponents,OWNER BLANK,True,True,1,0,1
reading rootResult,OWNER BLANK,True,True,1,0,1
reading rootSymbol,OWNER BLANK,True,True,1,0,1
reading runtimeImportSpecifier,OWNER BLANK,True,True,1,0,1
reading savedInStrictMode,OWNER BLANK,True,True,1,0,1
reading savedPreserveSourceNewlines,OWNER BLANK,True,True,1,0,1
reading scanner,OWNER BLANK,True,True,1,0,1
reading secondType,OWNER BLANK,True,True,1,0,1
reading seenNames,OWNER BLANK,True,True,1,0,1
reading segment,OWNER BLANK,True,True,1,0,1
reading segments,OWNER BLANK,True,True,1,0,1
reading separateBeginAndEnd,OWNER BLANK,True,True,1,0,1
reading serializeTypeOfDeclaration,OWNER BLANK,True,True,1,0,1
reading serializedName,OWNER BLANK,True,True,1,0,1
reading setFunc,OWNER BLANK,True,True,1,0,1
reading setProp,OWNER BLANK,True,True,1,0,1
reading setReadFileCache,OWNER BLANK,True,True,1,0,1
reading setterModifiers,OWNER BLANK,True,True,1,0,1
reading setterType,OWNER BLANK,True,True,1,0,1
reading shebang,OWNER BLANK,True,True,1,0,1
reading shouldConvertCondition,OWNER BLANK,True,True,1,0,1
reading shouldEmitComments,OWNER BLANK,True,True,1,0,1
reading shouldEmitDetachedComment,OWNER BLANK,True,True,1,0,1
reading shouldEmitDotDot,OWNER BLANK,True,True,1,0,1
reading shouldEmitSourceMaps,OWNER BLANK,True,True,1,0,1
reading shouldResolveFactoryReference,OWNER BLANK,True,True,1,0,1
reading shouldTransformInitializers,OWNER BLANK,True,True,1,0,1
reading shouldTransformInitializersUsingSet,OWNER BLANK,True,True,1,0,1
reading shouldTransformThisInStaticInitializers,OWNER BLANK,True,True,1,0,1
reading shouldWriteNativeEvents,OWNER BLANK,True,True,1,0,1
reading sigRestType,OWNER BLANK,True,True,1,0,1
reading signatureNextType,OWNER BLANK,True,True,1,0,1
reading signatures,OWNER BLANK,True,True,1,0,1
reading singleLine,OWNER BLANK,True,True,1,0,1
reading singleQuote,OWNER BLANK,True,True,1,0,1
reading skipBindingPatterns,OWNER BLANK,True,True,1,0,1
reading snippetElement,OWNER BLANK,True,True,1,0,1
reading sortedIndex,OWNER BLANK,True,True,1,0,1
reading sourceConstraint,OWNER BLANK,True,True,1,0,1
reading sourceDiscriminantTypes,OWNER BLANK,True,True,1,0,1
reading sourceEnd,OWNER BLANK,True,True,1,0,1
reading sourceEndText,OWNER BLANK,True,True,1,0,1
reading sourceFileAbsolutePaths,OWNER BLANK,True,True,1,0,1
reading sourceFileNoExtension,OWNER BLANK,True,True,1,0,1
reading sourceFiles,OWNER BLANK,True,True,1,0,1
reading sourceHasBase,OWNER BLANK,True,True,1,0,1
reading sourceHasMoreParameters,OWNER BLANK,True,True,1,0,1
reading sourceInfos,OWNER BLANK,True,True,1,0,1
reading sourceIsJSConstructor,OWNER BLANK,True,True,1,0,1
reading sourceMapRange,OWNER BLANK,True,True,1,0,1
reading sourceMapUrlPos,OWNER BLANK,True,True,1,0,1
reading sourceMappingURL,OWNER BLANK,True,True,1,0,1
reading sourceProp,OWNER BLANK,True,True,1,0,1
reading sourceProperty,OWNER BLANK,True,True,1,0,1
reading sourceSignature,OWNER BLANK,True,True,1,0,1
reading sourceSignatures,OWNER BLANK,True,True,1,0,1
reading sourceStartText,OWNER BLANK,True,True,1,0,1
reading space,OWNER BLANK,True,True,1,0,1
reading spacesToEmit,OWNER BLANK,True,True,1,0,1
reading spec,OWNER BLANK,True,True,1,0,1
reading specialPropertyAssignmentKind,OWNER BLANK,True,True,1,0,1
reading specifierType,OWNER BLANK,True,True,1,0,1
reading specifiers,OWNER BLANK,True,True,1,0,1
reading spreadElement,OWNER BLANK,True,True,1,0,1
reading spreadIndex,OWNER BLANK,True,True,1,0,1
reading startPos,OWNER BLANK,True,True,1,0,1
reading startsOnNewLine,OWNER BLANK,True,True,1,0,1
reading stat,OWNER BLANK,True,True,1,0,1
reading statementExpression,OWNER BLANK,True,True,1,0,1
reading statementOffset,OWNER BLANK,True,True,1,0,1
reading staticBlock,OWNER BLANK,True,True,1,0,1
reading staticBlocks,OWNER BLANK,True,True,1,0,1
reading strName,OWNER BLANK,True,True,1,0,1
reading subsequentNode,OWNER BLANK,True,True,1,0,1
reading substituteConstraints,OWNER BLANK,True,True,1,0,1
reading superCall,OWNER BLANK,True,True,1,0,1
reading superPath,OWNER BLANK,True,True,1,0,1
reading superStatement,OWNER BLANK,True,True,1,0,1
reading symbolExport,OWNER BLANK,True,True,1,0,1
reading symbols,OWNER BLANK,True,True,1,0,1
reading syntacticBuilderResolver,OWNER BLANK,True,True,1,0,1
reading syntheticArgsSymbol,OWNER BLANK,True,True,1,0,1
reading system,OWNER BLANK,True,True,1,0,1
reading tagExpression,OWNER BLANK,True,True,1,0,1
reading tags,OWNER BLANK,True,True,1,0,1
reading targetDeclarationKind,OWNER BLANK,True,True,1,0,1
reading targetDepth,OWNER BLANK,True,True,1,0,1
reading targetFile,OWNER BLANK,True,True,1,0,1
reading targetHasBase,OWNER BLANK,True,True,1,0,1
reading targetIsJSConstructor,OWNER BLANK,True,True,1,0,1
reading targetIsOptional,OWNER BLANK,True,True,1,0,1
reading targetParam,OWNER BLANK,True,True,1,0,1
reading targetReturn,OWNER BLANK,True,True,1,0,1
reading targetStartText,OWNER BLANK,True,True,1,0,1
reading targetSymbolFile,OWNER BLANK,True,True,1,0,1
reading targetType,OWNER BLANK,True,True,1,0,1
reading tempVar,OWNER BLANK,True,True,1,0,1
reading templates,OWNER BLANK,True,True,1,0,1
reading thenFunction,OWNER BLANK,True,True,1,0,1
reading thisParam,OWNER BLANK,True,True,1,0,1
reading thisParameter,OWNER BLANK,True,True,1,0,1
reading thisParameters,OWNER BLANK,True,True,1,0,1
reading throwDiagnostic,OWNER BLANK,True,True,1,0,1
reading timerToInvalidateFailedLookupResolutions,OWNER BLANK,True,True,1,0,1
reading timerToUpdateProgram,OWNER BLANK,True,True,1,0,1
reading tok,OWNER BLANK,True,True,1,0,1
reading tokenSourceMapRanges,OWNER BLANK,True,True,1,0,1
reading tokenString,OWNER BLANK,True,True,1,0,1
reading tokenText,OWNER BLANK,True,True,1,0,1
reading tp,OWNER BLANK,True,True,1,0,1
reading trackSymbol,OWNER BLANK,True,True,1,0,1
reading tracker,OWNER BLANK,True,True,1,0,1
reading trailingComments,OWNER BLANK,True,True,1,0,1
reading trailingNewlines,OWNER BLANK,True,True,1,0,1
reading trailingParts,OWNER BLANK,True,True,1,0,1
reading trampoline,OWNER BLANK,True,True,1,0,1
reading transform,OWNER BLANK,True,True,1,0,1
reading tripleSlash,OWNER BLANK,True,True,1,0,1
reading trueCondition,OWNER BLANK,True,True,1,0,1
reading tryStatement,OWNER BLANK,True,True,1,0,1
reading tsPriority,OWNER BLANK,True,True,1,0,1
reading tsconfigTime,OWNER BLANK,True,True,1,0,1
reading tupleTarget,OWNER BLANK,True,True,1,0,1
reading tupleType,OWNER BLANK,True,True,1,0,1
reading typeAlias,OWNER BLANK,True,True,1,0,1
reading typeArgumentTypes,OWNER BLANK,True,True,1,0,1
reading typeIsAutomatic,OWNER BLANK,True,True,1,0,1
reading typeKey,OWNER BLANK,True,True,1,0,1
reading typeKind,OWNER BLANK,True,True,1,0,1
reading typeLiteralNode,OWNER BLANK,True,True,1,0,1
reading typeOfArrayLiteral,OWNER BLANK,True,True,1,0,1
reading typeOfObjectLiteral,OWNER BLANK,True,True,1,0,1
reading typeOnlyDeclarationIsExportStar,OWNER BLANK,True,True,1,0,1
reading typeOrConstraint,OWNER BLANK,True,True,1,0,1
reading typePredicateVariable,OWNER BLANK,True,True,1,0,1
reading typeReferenceResolutionsChanged,OWNER BLANK,True,True,1,0,1
reading typeRoots,OWNER BLANK,True,True,1,0,1
reading typeVariable,OWNER BLANK,True,True,1,0,1
reading typescriptVersion,OWNER BLANK,True,True,1,0,1
reading undefinedStrippedTarget,OWNER BLANK,True,True,1,0,1
reading unionType,OWNER BLANK,True,True,1,0,1
reading uniqueFilled,OWNER BLANK,True,True,1,0,1
reading unwidenedType,OWNER BLANK,True,True,1,0,1
reading unwrappedExprType,OWNER BLANK,True,True,1,0,1
reading updatedText,OWNER BLANK,True,True,1,0,1
reading usageMode,OWNER BLANK,True,True,1,0,1
reading useCaseSensitiveFileNames,OWNER BLANK,True,True,1,0,1
reading useStrictDirective,OWNER BLANK,True,True,1,0,1
reading val,OWNER BLANK,True,True,1,0,1
reading valid,OWNER BLANK,True,True,1,0,1
reading validatedFilesSpec,OWNER BLANK,True,True,1,0,1
reading validatedFilesSpecBeforeSubstitution,OWNER BLANK,True,True,1,0,1
reading valueParam,OWNER BLANK,True,True,1,0,1
reading values,OWNER BLANK,True,True,1,0,1
reading variableDeclarator,OWNER BLANK,True,True,1,0,1
reading variableList,OWNER BLANK,True,True,1,0,1
reading variance,OWNER BLANK,True,True,1,0,1
reading varianceFlags,OWNER BLANK,True,True,1,0,1
reading version,OWNER BLANK,True,True,1,0,1
reading visibilityResult,OWNER BLANK,True,True,1,0,1
reading visibleDefaultBinding,OWNER BLANK,True,True,1,0,1
reading visitedNode,OWNER BLANK,True,True,1,0,1
reading voidIsNonOptional,OWNER BLANK,True,True,1,0,1
reading watchDirectoryKind,OWNER BLANK,True,True,1,0,1
reading watchFileKind,OWNER BLANK,True,True,1,0,1
reading write,OWNER BLANK,True,True,1,0,1
reading writeText,OWNER BLANK,True,True,1,0,1
storing any in a field,OWNER BLANK,True,False,1,0,1
storing false | Type in a field,OWNER BLANK,True,False,1,0,1
storing string | number in a field,OWNER BLANK,True,False,1,0,1
