1	212	1	79	63	006800610073004f0077006e00500072006f00700065007200740079	1
1	212	1	79	63	006800610073004f0077006e00500072006f00700065007200740079	1
1	212	1	79	63	006800610073004f0077006e00500072006f00700065007200740079	1
1	212	1	79	63	006800610073004f0077006e00500072006f00700065007200740079	1
1	212	1	79	63	006800610073004f0077006e00500072006f00700065007200740079	1
1	212	1	79	63	006800610073004f0077006e00500072006f00700065007200740079	1
1	212	1	79	63	006800610073004f0077006e00500072006f00700065007200740079	1
1	212	1	79	63	0069007300500072006f0074006f0074007900700065004f0066	1
1	212	1	79	63	006800610073004f0077006e00500072006f00700065007200740079	1
1	212	1	79	63	006800610073004f0077006e00500072006f00700065007200740079	1
1	213	1	10	63	006800610073004f0077006e00500072006f00700065007200740079	1
1	212	1	79	63	006800610073004f0077006e00500072006f00700065007200740079	1
1	212	1	79	63	0069007300500072006f0074006f0074007900700065004f0066	1
1	212	1	79	63	006800610073004f0077006e00500072006f00700065007200740079	1
1	213	1	229	63		0
1	212	1	80	63	0023006800610073004f0077006e00500072006f00700065007200740079	1
1	213	1	105	63		0
1	213	1	8	63	0031	1
1	213	1	227	63		0
1	213	1	10	63	004800610073004f0077006e00500072006f00700065007200740079	1
1	213	1	79	63	006800610073004f0077006e00500072006f00700065007200740079	1
1	212	1	79	63	00630061006c006c	1
1	212	1	79	63	0069007300500072006f0074006f0074007900700065004f0066	1
1	79	-1	0	63		0
1	212	1	79	63	006100700070006c0079	1
1	213	1	10	63	00700072006f00700065007200740079004900730045006e0075006d0065007200610062006c	1
1	212	1	79	63	00630061006c006c	1
1	212	1	79	63	00630061006c006c	1
1	213	1	14	63	0069007300500072006f0074006f0074007900700065004f00660066	1
1	79	-1	0	63		0
1	79	-1	0	63		0
1	79	-1	0	63		0
1	212	1	79	63	006100700070006c0079	1
1	212	1	79	63	006100700070006c0079	1
1	212	1	79	63	006100700070006c0079	1
1	212	1	79	63	006100700070006c0079	1
1	212	1	79	63	00630061006c006c	1
1	212	1	79	63	00630061006c006c	1
1	212	1	79	63	00630061006c006c	1
1	212	1	79	63	006800610073004f0077006e00500072006f00700065007200740079	1
1	213	1	14	63	006800610073004f0077006e00500072006f00700065007200740079	1
1	213	1	10	63	006800610073004f0077006e00500072006f00700065007200740079	1
1	212	1	79	63	006800610073004f0077006e00500072006f00700065007200740079	1
1	212	1	79	63	006800610073004f0077006e00500072006f00700065007200740079	1
1	212	1	79	63	006100700070006c0079	1
1	212	1	79	63	006800610073004f0077006e00500072006f00700065007200740079	1
1	212	1	79	63	006800610073004f0077006e00500072006f00700065007200740079	1
1	212	1	79	63	006800610073004f0077006e00500072006f00700065007200740079	1
1	212	1	79	63	006200610072	1
1	79	-1	0	63		0
1	213	1	10	63	006800610073004f0077006e00500072006f00700065007200740079	1
1	212	1	79	63	006800610073004f0077006e00500072006f00700065007200740079	1
1	212	1	79	63	006800610073004f0077006e00500072006f00700065007200740079	1
1	212	1	79	63	006800610073004f0077006e00500072006f00700065007200740079	1
1	212	1	79	63	006800610073004f0077006e00500072006f00700065007200740079	1
1	212	1	79	63	006800610073004f0077006e00500072006f00700065007200740079	1
1	212	1	79	63	00700072006f00700065007200740079004900730045006e0075006d0065007200610062006c0065	1
1	212	1	79	63	0069007300500072006f0074006f0074007900700065004f0066	1
1	212	1	79	63	006800610073004f0077006e00500072006f00700065007200740079	1
1	213	1	10	63	00700072006f00700065007200740079004900730045006e0075006d0065007200610062006c0065	1
1	213	1	14	63	0069007300500072006f0074006f0074007900700065004f0066	1
1	212	1	79	63	0069007300500072006f0074006f0074007900700065004f0066	1
1	212	1	79	7	00720065006e006400650072	1
1	212	1	79	7	00720065006e006400650072	1
1	212	1	79	7	00720065006e006400650072	1
1	212	1	79	7	00720065006e006400650072	1
1	212	1	79	7	00720065006e006400650072	1
1	212	1	79	7	00720065006e006400650072	1
1	212	1	79	7	00720065006e006400650072	1
1	213	1	10	7	00720065006e006400650072	1
1	212	1	79	7	00720065006e006400650072	1
1	212	1	79	7	00720065006e006400650072	1
1	212	1	79	7	00720065006e006400650072	1
1	212	1	79	7	00720065006e006400650072	1
1	212	1	79	7	00720065006e006400650072	1
1	212	1	79	7	00720065006e006400650072	1
1	212	1	79	7	00720065006e006400650072	1
1	212	1	79	7	00720065006e006400650072	1
1	212	1	79	7	00720065006e006400650072	1
1	213	1	14	7	00720065006e006400650072	1
1	212	1	79	7	00720065006e006400650072	1
1	212	1	79	7	00720065006e006400650072	1
1	213	1	79	7	00720065006e006400650072	1
1	212	1	79	7	00720065006e006400650072	1
1	212	1	79	7	00720065006e006400650072	1
1	213	1	10	7	00720065006e006400650072	1
1	212	1	79	7	00720065006e006400650072	1
1	212	1	79	7	00720065006e006400650072	1
1	212	1	79	7	00720065006e006400650072	1
1	212	1	79	7	00720065006e006400650072	1
1	212	1	79	7	00720065006e006400650072	1
1	212	1	79	7	00720065006e006400650072	1
1	212	1	79	7	00720065006e006400650072	1
1	212	1	79	7	00720065006e006400650072	1
1	212	1	79	7	00720065006e006400650072	1
1	212	1	79	7	0075006e006d006f0075006e00740043006f006d0070006f006e0065006e007400410074004e006f00640065	1
1	212	1	79	63	0079	1
1	213	1	14	63		1
1	213	1	14	63		1
1	212	1	79	63	0079	1
1	213	1	10	63		1
1	213	1	14	63		1
1	213	1	10	63	0065	1
1	213	1	10	63	0065	1
1	212	1	79	63	0064	1
1	212	1	79	63	0064	1
1	213	1	213	63		0
1	213	1	8	63	0030	1
1	213	1	8	63	0030	1
1	213	1	10	63	0079	1
1	213	1	10	63	0079	1
1	212	1	79	63	0061	1
1	212	1	79	63	0061	1
1	212	1	79	63	0079	1
1	212	1	79	63	0079	1
1	213	1	10	63	002f0028003f003c007a00650072006f003e00300029002f	1
1	213	1	13	63		0
1	212	1	79	63	0062	1
1	213	1	10	63	0062	1
1	212	1	79	63	0062	1
1	213	1	14	63	0062	1
1	212	1	79	63	00700072006f0070	1
1	212	1	79	63	00700072006f0070	1
1	213	1	14	63	0079	1
1	213	1	14	63	0079	1
1	213	1	14	63	0079	1
1	213	1	10	63	0079	1
1	212	1	79	63	0079	1
1	212	1	79	63	0079	1
1	213	1	214	63		0
1	212	1	79	63	006e0075006c006c	1
1	213	1	13	63		0
1	213	1	10	63		1
1	213	1	214	63		0
1	213	1	10	63		1
1	213	1	79	63	0062	1
1	213	1	10	63		1
1	212	1	79	63	0062	1
1	213	1	14	63		1
1	213	1	105	63		0
1	213	1	14	63		1
1	213	1	214	63		0
1	213	1	10	63		1
1	213	1	10	63	0020	1
1	213	1	10	63		1
1	213	1	105	63		0
1	213	1	79	63	0062	1
1	212	1	79	63	0079	1
1	212	1	79	63	0079	1
1	213	1	79	63	0062	1
1	213	1	79	63	0062	1
1	213	1	79	63	0062	1
0	0	-1	0	0		0
1	245	-1	0	0		0
1	212	1	79	0		0
1	79	-1	0	0		0
1	79	-1	0	0		0
1	1	-1	0	0		0
1	245	-1	0	0		0
1	213	1	10	0		0
1	79	-1	0	0		0
1	10	-1	0	0		0
1	1	-1	0	0		0
1	245	-1	0	0		0
1	213	1	10	0		0
1	79	-1	0	0		0
1	10	-1	0	0		0
1	1	-1	0	0		0
1	245	-1	0	0		0
1	213	1	14	0		0
1	79	-1	0	0		0
1	14	-1	0	0		0
1	1	-1	0	0		0
1	245	-1	0	0		0
1	213	1	8	0		0
1	79	-1	0	0		0
1	8	-1	0	0		0
1	1	-1	0	0		0
1	245	-1	0	0		0
1	213	1	8	0		0
1	79	-1	0	0		0
1	8	-1	0	0		0
1	1	-1	0	0		0
1	245	-1	0	0		0
1	213	1	79	0		0
1	79	-1	0	0		0
1	79	-1	0	0		0
1	1	-1	0	0		0
1	245	-1	0	0		0
1	213	1	79	0		0
1	79	-1	0	0		0
1	218	-1	0	0		0
1	218	-1	0	0		0
1	79	-1	0	0		0
1	1	-1	0	0		0
1	245	-1	0	0		0
1	213	1	10	0		0
1	79	-1	0	0		0
1	218	-1	0	0		0
1	218	-1	0	0		0
1	10	-1	0	0		0
1	1	-1	0	0		0
1	245	-1	0	0		0
1	213	1	8	0		0
1	79	-1	0	0		0
1	218	-1	0	0		0
1	218	-1	0	0		0
1	8	-1	0	0		0
1	1	-1	0	0		0
1	245	-1	0	0		0
1	212	1	80	0		0
1	79	-1	0	0		0
1	80	-1	0	0		0
1	1	-1	0	0		0
1	245	-1	0	0		0
1	213	1	80	0		0
1	79	-1	0	0		0
1	80	-1	0	0		0
1	1	-1	0	0		0
1	245	-1	0	0		0
1	213	1	10	0		0
1	79	-1	0	0		0
1	10	-1	0	0		0
1	1	-1	0	0		0
1	245	-1	0	0		0
1	213	1	10	0		0
1	79	-1	0	0		0
1	10	-1	0	0		0
1	1	-1	0	0		0
1	245	-1	0	0		0
1	213	1	10	0		0
1	79	-1	0	0		0
1	10	-1	0	0		0
1	1	-1	0	0		0
1	245	-1	0	0		0
1	213	1	111	0		0
1	79	-1	0	0		0
1	111	-1	0	0		0
1	1	-1	0	0		0
1	245	-1	0	0		0
1	213	1	9	0		0
1	79	-1	0	0		0
1	9	-1	0	0		0
1	1	-1	0	0		0
1	245	-1	0	0		0
1	213	1	227	0		0
1	79	-1	0	0		0
1	227	-1	0	0		0
1	79	-1	0	0		0
1	39	-1	0	0		0
1	10	-1	0	0		0
1	1	-1	0	0		0
1	245	-1	0	0		0
1	212	1	79	0		0
1	79	-1	0	0		0
1	28	-1	0	0		0
1	79	-1	0	0		0
1	1	-1	0	0		0
1	245	-1	0	0		0
1	213	1	10	0		0
1	79	-1	0	0		0
1	28	-1	0	0		0
1	10	-1	0	0		0
1	1	-1	0	0		0
1	245	-1	0	0		0
1	218	-1	0	0		0
1	212	1	79	0		0
1	79	-1	0	0		0
1	79	-1	0	0		0
1	1	-1	0	0		0
1	245	-1	0	0		0
1	214	-1	0	0		0
1	79	-1	0	0		0
1	1	-1	0	0		0
1	245	-1	0	0		0
1	213	1	229	0		0
1	79	-1	0	0		0
1	229	-1	0	0		0
1	15	-1	0	0		0
1	240	-1	0	0		0
1	79	-1	0	0		0
1	17	-1	0	0		0
1	1	-1	0	0		0
0	0	-1	0	1		0
1	245	-1	0	1		0
1	212	1	79	1	0062	1
1	79	-1	0	1		0
1	79	-1	0	1		0
1	1	-1	0	1		0
1	245	-1	0	1		0
1	213	1	10	1		0
1	79	-1	0	1		0
1	10	-1	0	1		0
1	1	-1	0	1		0
1	245	-1	0	1		0
1	213	1	10	1		0
1	79	-1	0	1		0
1	10	-1	0	1		0
1	1	-1	0	1		0
1	245	-1	0	1		0
1	213	1	14	1		0
1	79	-1	0	1		0
1	14	-1	0	1		0
1	1	-1	0	1		0
1	245	-1	0	1		0
1	213	1	8	1		0
1	79	-1	0	1		0
1	8	-1	0	1		0
1	1	-1	0	1		0
1	245	-1	0	1		0
1	213	1	8	1		0
1	79	-1	0	1		0
1	8	-1	0	1		0
1	1	-1	0	1		0
1	245	-1	0	1		0
1	213	1	79	1	007600610072006900610062006c0065	1
1	79	-1	0	1		0
1	79	-1	0	1		0
1	1	-1	0	1		0
1	245	-1	0	1		0
1	213	1	79	1	007600610072006900610062006c0065	1
1	79	-1	0	1		0
1	218	-1	0	1		0
1	218	-1	0	1		0
1	79	-1	0	1		0
1	1	-1	0	1		0
1	245	-1	0	1		0
1	213	1	10	1		0
1	79	-1	0	1		0
1	218	-1	0	1		0
1	218	-1	0	1		0
1	10	-1	0	1		0
1	1	-1	0	1		0
1	245	-1	0	1		0
1	213	1	8	1		0
1	79	-1	0	1		0
1	218	-1	0	1		0
1	218	-1	0	1		0
1	8	-1	0	1		0
1	1	-1	0	1		0
1	245	-1	0	1		0
1	212	1	80	1		0
1	79	-1	0	1		0
1	80	-1	0	1		0
1	1	-1	0	1		0
1	245	-1	0	1		0
1	213	1	80	1		0
1	79	-1	0	1		0
1	80	-1	0	1		0
1	1	-1	0	1		0
1	245	-1	0	1		0
1	213	1	10	1		0
1	79	-1	0	1		0
1	10	-1	0	1		0
1	1	-1	0	1		0
1	245	-1	0	1		0
1	213	1	10	1		0
1	79	-1	0	1		0
1	10	-1	0	1		0
1	1	-1	0	1		0
1	245	-1	0	1		0
1	213	1	10	1		0
1	79	-1	0	1		0
1	10	-1	0	1		0
1	1	-1	0	1		0
1	245	-1	0	1		0
1	213	1	111	1		0
1	79	-1	0	1		0
1	111	-1	0	1		0
1	1	-1	0	1		0
1	245	-1	0	1		0
1	213	1	9	1		0
1	79	-1	0	1		0
1	9	-1	0	1		0
1	1	-1	0	1		0
1	245	-1	0	1		0
1	213	1	227	1		0
1	79	-1	0	1		0
1	227	-1	0	1		0
1	79	-1	0	1		0
1	39	-1	0	1		0
1	10	-1	0	1		0
1	1	-1	0	1		0
1	245	-1	0	1		0
1	212	1	79	1	0062	1
1	79	-1	0	1		0
1	28	-1	0	1		0
1	79	-1	0	1		0
1	1	-1	0	1		0
1	245	-1	0	1		0
1	213	1	10	1		0
1	79	-1	0	1		0
1	28	-1	0	1		0
1	10	-1	0	1		0
1	1	-1	0	1		0
1	245	-1	0	1		0
1	218	-1	0	1		0
1	212	1	79	1	0062	1
1	79	-1	0	1		0
1	79	-1	0	1		0
1	1	-1	0	1		0
1	245	-1	0	1		0
1	214	-1	0	1		0
1	79	-1	0	1		0
1	1	-1	0	1		0
1	245	-1	0	1		0
1	213	1	229	1		0
1	79	-1	0	1		0
1	229	-1	0	1		0
1	15	-1	0	1		0
1	240	-1	0	1		0
1	79	-1	0	1		0
1	17	-1	0	1		0
1	1	-1	0	1		0
0	0	-1	0	2		0
1	245	-1	0	2		0
1	212	1	79	2		0
1	79	-1	0	2		0
1	79	-1	0	2		0
1	1	-1	0	2		0
1	245	-1	0	2		0
1	213	1	10	2	0062	1
1	79	-1	0	2		0
1	10	-1	0	2		0
1	1	-1	0	2		0
1	245	-1	0	2		0
1	213	1	10	2		1
1	79	-1	0	2		0
1	10	-1	0	2		0
1	1	-1	0	2		0
1	245	-1	0	2		0
1	213	1	14	2		0
1	79	-1	0	2		0
1	14	-1	0	2		0
1	1	-1	0	2		0
1	245	-1	0	2		0
1	213	1	8	2		0
1	79	-1	0	2		0
1	8	-1	0	2		0
1	1	-1	0	2		0
1	245	-1	0	2		0
1	213	1	8	2		0
1	79	-1	0	2		0
1	8	-1	0	2		0
1	1	-1	0	2		0
1	245	-1	0	2		0
1	213	1	79	2		0
1	79	-1	0	2		0
1	79	-1	0	2		0
1	1	-1	0	2		0
1	245	-1	0	2		0
1	213	1	79	2		0
1	79	-1	0	2		0
1	218	-1	0	2		0
1	218	-1	0	2		0
1	79	-1	0	2		0
1	1	-1	0	2		0
1	245	-1	0	2		0
1	213	1	10	2	0062	1
1	79	-1	0	2		0
1	218	-1	0	2		0
1	218	-1	0	2		0
1	10	-1	0	2		0
1	1	-1	0	2		0
1	245	-1	0	2		0
1	213	1	8	2		0
1	79	-1	0	2		0
1	218	-1	0	2		0
1	218	-1	0	2		0
1	8	-1	0	2		0
1	1	-1	0	2		0
1	245	-1	0	2		0
1	212	1	80	2		0
1	79	-1	0	2		0
1	80	-1	0	2		0
1	1	-1	0	2		0
1	245	-1	0	2		0
1	213	1	80	2		0
1	79	-1	0	2		0
1	80	-1	0	2		0
1	1	-1	0	2		0
1	245	-1	0	2		0
1	213	1	10	2	d83dde00	1
1	79	-1	0	2		0
1	10	-1	0	2		0
1	1	-1	0	2		0
1	245	-1	0	2		0
1	213	1	10	2	00610062	1
1	79	-1	0	2		0
1	10	-1	0	2		0
1	1	-1	0	2		0
1	245	-1	0	2		0
1	213	1	10	2	0061000a	1
1	79	-1	0	2		0
1	10	-1	0	2		0
1	1	-1	0	2		0
1	245	-1	0	2		0
1	213	1	111	2		0
1	79	-1	0	2		0
1	111	-1	0	2		0
1	1	-1	0	2		0
1	245	-1	0	2		0
1	213	1	9	2		0
1	79	-1	0	2		0
1	9	-1	0	2		0
1	1	-1	0	2		0
1	245	-1	0	2		0
1	213	1	227	2		0
1	79	-1	0	2		0
1	227	-1	0	2		0
1	79	-1	0	2		0
1	39	-1	0	2		0
1	10	-1	0	2		0
1	1	-1	0	2		0
1	245	-1	0	2		0
1	212	1	79	2		0
1	79	-1	0	2		0
1	28	-1	0	2		0
1	79	-1	0	2		0
1	1	-1	0	2		0
1	245	-1	0	2		0
1	213	1	10	2	0062	1
1	79	-1	0	2		0
1	28	-1	0	2		0
1	10	-1	0	2		0
1	1	-1	0	2		0
1	245	-1	0	2		0
1	218	-1	0	2		0
1	212	1	79	2		0
1	79	-1	0	2		0
1	79	-1	0	2		0
1	1	-1	0	2		0
1	245	-1	0	2		0
1	214	-1	0	2		0
1	79	-1	0	2		0
1	1	-1	0	2		0
1	245	-1	0	2		0
1	213	1	229	2		0
1	79	-1	0	2		0
1	229	-1	0	2		0
1	15	-1	0	2		0
1	240	-1	0	2		0
1	79	-1	0	2		0
1	17	-1	0	2		0
1	1	-1	0	2		0
0	0	-1	0	3		0
1	245	-1	0	3		0
1	212	1	79	3	0062	1
1	79	-1	0	3		0
1	79	-1	0	3		0
1	1	-1	0	3		0
1	245	-1	0	3		0
1	213	1	10	3	0062	1
1	79	-1	0	3		0
1	10	-1	0	3		0
1	1	-1	0	3		0
1	245	-1	0	3		0
1	213	1	10	3		1
1	79	-1	0	3		0
1	10	-1	0	3		0
1	1	-1	0	3		0
1	245	-1	0	3		0
1	213	1	14	3		0
1	79	-1	0	3		0
1	14	-1	0	3		0
1	1	-1	0	3		0
1	245	-1	0	3		0
1	213	1	8	3		0
1	79	-1	0	3		0
1	8	-1	0	3		0
1	1	-1	0	3		0
1	245	-1	0	3		0
1	213	1	8	3		0
1	79	-1	0	3		0
1	8	-1	0	3		0
1	1	-1	0	3		0
1	245	-1	0	3		0
1	213	1	79	3	007600610072006900610062006c0065	1
1	79	-1	0	3		0
1	79	-1	0	3		0
1	1	-1	0	3		0
1	245	-1	0	3		0
1	213	1	79	3	007600610072006900610062006c0065	1
1	79	-1	0	3		0
1	218	-1	0	3		0
1	218	-1	0	3		0
1	79	-1	0	3		0
1	1	-1	0	3		0
1	245	-1	0	3		0
1	213	1	10	3	0062	1
1	79	-1	0	3		0
1	218	-1	0	3		0
1	218	-1	0	3		0
1	10	-1	0	3		0
1	1	-1	0	3		0
1	245	-1	0	3		0
1	213	1	8	3		0
1	79	-1	0	3		0
1	218	-1	0	3		0
1	218	-1	0	3		0
1	8	-1	0	3		0
1	1	-1	0	3		0
1	245	-1	0	3		0
1	212	1	80	3		0
1	79	-1	0	3		0
1	80	-1	0	3		0
1	1	-1	0	3		0
1	245	-1	0	3		0
1	213	1	80	3		0
1	79	-1	0	3		0
1	80	-1	0	3		0
1	1	-1	0	3		0
1	245	-1	0	3		0
1	213	1	10	3	d83dde00	1
1	79	-1	0	3		0
1	10	-1	0	3		0
1	1	-1	0	3		0
1	245	-1	0	3		0
1	213	1	10	3	00610062	1
1	79	-1	0	3		0
1	10	-1	0	3		0
1	1	-1	0	3		0
1	245	-1	0	3		0
1	213	1	10	3	0061000a	1
1	79	-1	0	3		0
1	10	-1	0	3		0
1	1	-1	0	3		0
1	245	-1	0	3		0
1	213	1	111	3		0
1	79	-1	0	3		0
1	111	-1	0	3		0
1	1	-1	0	3		0
1	245	-1	0	3		0
1	213	1	9	3		0
1	79	-1	0	3		0
1	9	-1	0	3		0
1	1	-1	0	3		0
1	245	-1	0	3		0
1	213	1	227	3		0
1	79	-1	0	3		0
1	227	-1	0	3		0
1	79	-1	0	3		0
1	39	-1	0	3		0
1	10	-1	0	3		0
1	1	-1	0	3		0
1	245	-1	0	3		0
1	212	1	79	3	0062	1
1	79	-1	0	3		0
1	28	-1	0	3		0
1	79	-1	0	3		0
1	1	-1	0	3		0
1	245	-1	0	3		0
1	213	1	10	3	0062	1
1	79	-1	0	3		0
1	28	-1	0	3		0
1	10	-1	0	3		0
1	1	-1	0	3		0
1	245	-1	0	3		0
1	218	-1	0	3		0
1	212	1	79	3	0062	1
1	79	-1	0	3		0
1	79	-1	0	3		0
1	1	-1	0	3		0
1	245	-1	0	3		0
1	214	-1	0	3		0
1	79	-1	0	3		0
1	1	-1	0	3		0
1	245	-1	0	3		0
1	213	1	229	3		0
1	79	-1	0	3		0
1	229	-1	0	3		0
1	15	-1	0	3		0
1	240	-1	0	3		0
1	79	-1	0	3		0
1	17	-1	0	3		0
1	1	-1	0	3		0
0	0	-1	0	4		0
1	245	-1	0	4		0
1	212	1	79	4		0
1	79	-1	0	4		0
1	79	-1	0	4		0
1	1	-1	0	4		0
1	245	-1	0	4		0
1	213	1	10	4		0
1	79	-1	0	4		0
1	10	-1	0	4		0
1	1	-1	0	4		0
1	245	-1	0	4		0
1	213	1	10	4		0
1	79	-1	0	4		0
1	10	-1	0	4		0
1	1	-1	0	4		0
1	245	-1	0	4		0
1	213	1	14	4	0062	1
1	79	-1	0	4		0
1	14	-1	0	4		0
1	1	-1	0	4		0
1	245	-1	0	4		0
1	213	1	8	4		0
1	79	-1	0	4		0
1	8	-1	0	4		0
1	1	-1	0	4		0
1	245	-1	0	4		0
1	213	1	8	4		0
1	79	-1	0	4		0
1	8	-1	0	4		0
1	1	-1	0	4		0
1	245	-1	0	4		0
1	213	1	79	4		0
1	79	-1	0	4		0
1	79	-1	0	4		0
1	1	-1	0	4		0
1	245	-1	0	4		0
1	213	1	79	4		0
1	79	-1	0	4		0
1	218	-1	0	4		0
1	218	-1	0	4		0
1	79	-1	0	4		0
1	1	-1	0	4		0
1	245	-1	0	4		0
1	213	1	10	4		0
1	79	-1	0	4		0
1	218	-1	0	4		0
1	218	-1	0	4		0
1	10	-1	0	4		0
1	1	-1	0	4		0
1	245	-1	0	4		0
1	213	1	8	4		0
1	79	-1	0	4		0
1	218	-1	0	4		0
1	218	-1	0	4		0
1	8	-1	0	4		0
1	1	-1	0	4		0
1	245	-1	0	4		0
1	212	1	80	4		0
1	79	-1	0	4		0
1	80	-1	0	4		0
1	1	-1	0	4		0
1	245	-1	0	4		0
1	213	1	80	4		0
1	79	-1	0	4		0
1	80	-1	0	4		0
1	1	-1	0	4		0
1	245	-1	0	4		0
1	213	1	10	4		0
1	79	-1	0	4		0
1	10	-1	0	4		0
1	1	-1	0	4		0
1	245	-1	0	4		0
1	213	1	10	4		0
1	79	-1	0	4		0
1	10	-1	0	4		0
1	1	-1	0	4		0
1	245	-1	0	4		0
1	213	1	10	4		0
1	79	-1	0	4		0
1	10	-1	0	4		0
1	1	-1	0	4		0
1	245	-1	0	4		0
1	213	1	111	4		0
1	79	-1	0	4		0
1	111	-1	0	4		0
1	1	-1	0	4		0
1	245	-1	0	4		0
1	213	1	9	4		0
1	79	-1	0	4		0
1	9	-1	0	4		0
1	1	-1	0	4		0
1	245	-1	0	4		0
1	213	1	227	4		0
1	79	-1	0	4		0
1	227	-1	0	4		0
1	79	-1	0	4		0
1	39	-1	0	4		0
1	10	-1	0	4		0
1	1	-1	0	4		0
1	245	-1	0	4		0
1	212	1	79	4		0
1	79	-1	0	4		0
1	28	-1	0	4		0
1	79	-1	0	4		0
1	1	-1	0	4		0
1	245	-1	0	4		0
1	213	1	10	4		0
1	79	-1	0	4		0
1	28	-1	0	4		0
1	10	-1	0	4		0
1	1	-1	0	4		0
1	245	-1	0	4		0
1	218	-1	0	4		0
1	212	1	79	4		0
1	79	-1	0	4		0
1	79	-1	0	4		0
1	1	-1	0	4		0
1	245	-1	0	4		0
1	214	-1	0	4		0
1	79	-1	0	4		0
1	1	-1	0	4		0
1	245	-1	0	4		0
1	213	1	229	4		0
1	79	-1	0	4		0
1	229	-1	0	4		0
1	15	-1	0	4		0
1	240	-1	0	4		0
1	79	-1	0	4		0
1	17	-1	0	4		0
1	1	-1	0	4		0
0	0	-1	0	5		0
1	245	-1	0	5		0
1	212	1	79	5	0062	1
1	79	-1	0	5		0
1	79	-1	0	5		0
1	1	-1	0	5		0
1	245	-1	0	5		0
1	213	1	10	5		0
1	79	-1	0	5		0
1	10	-1	0	5		0
1	1	-1	0	5		0
1	245	-1	0	5		0
1	213	1	10	5		0
1	79	-1	0	5		0
1	10	-1	0	5		0
1	1	-1	0	5		0
1	245	-1	0	5		0
1	213	1	14	5	0062	1
1	79	-1	0	5		0
1	14	-1	0	5		0
1	1	-1	0	5		0
1	245	-1	0	5		0
1	213	1	8	5		0
1	79	-1	0	5		0
1	8	-1	0	5		0
1	1	-1	0	5		0
1	245	-1	0	5		0
1	213	1	8	5		0
1	79	-1	0	5		0
1	8	-1	0	5		0
1	1	-1	0	5		0
1	245	-1	0	5		0
1	213	1	79	5	007600610072006900610062006c0065	1
1	79	-1	0	5		0
1	79	-1	0	5		0
1	1	-1	0	5		0
1	245	-1	0	5		0
1	213	1	79	5	007600610072006900610062006c0065	1
1	79	-1	0	5		0
1	218	-1	0	5		0
1	218	-1	0	5		0
1	79	-1	0	5		0
1	1	-1	0	5		0
1	245	-1	0	5		0
1	213	1	10	5		0
1	79	-1	0	5		0
1	218	-1	0	5		0
1	218	-1	0	5		0
1	10	-1	0	5		0
1	1	-1	0	5		0
1	245	-1	0	5		0
1	213	1	8	5		0
1	79	-1	0	5		0
1	218	-1	0	5		0
1	218	-1	0	5		0
1	8	-1	0	5		0
1	1	-1	0	5		0
1	245	-1	0	5		0
1	212	1	80	5		0
1	79	-1	0	5		0
1	80	-1	0	5		0
1	1	-1	0	5		0
1	245	-1	0	5		0
1	213	1	80	5		0
1	79	-1	0	5		0
1	80	-1	0	5		0
1	1	-1	0	5		0
1	245	-1	0	5		0
1	213	1	10	5		0
1	79	-1	0	5		0
1	10	-1	0	5		0
1	1	-1	0	5		0
1	245	-1	0	5		0
1	213	1	10	5		0
1	79	-1	0	5		0
1	10	-1	0	5		0
1	1	-1	0	5		0
1	245	-1	0	5		0
1	213	1	10	5		0
1	79	-1	0	5		0
1	10	-1	0	5		0
1	1	-1	0	5		0
1	245	-1	0	5		0
1	213	1	111	5		0
1	79	-1	0	5		0
1	111	-1	0	5		0
1	1	-1	0	5		0
1	245	-1	0	5		0
1	213	1	9	5		0
1	79	-1	0	5		0
1	9	-1	0	5		0
1	1	-1	0	5		0
1	245	-1	0	5		0
1	213	1	227	5		0
1	79	-1	0	5		0
1	227	-1	0	5		0
1	79	-1	0	5		0
1	39	-1	0	5		0
1	10	-1	0	5		0
1	1	-1	0	5		0
1	245	-1	0	5		0
1	212	1	79	5	0062	1
1	79	-1	0	5		0
1	28	-1	0	5		0
1	79	-1	0	5		0
1	1	-1	0	5		0
1	245	-1	0	5		0
1	213	1	10	5		0
1	79	-1	0	5		0
1	28	-1	0	5		0
1	10	-1	0	5		0
1	1	-1	0	5		0
1	245	-1	0	5		0
1	218	-1	0	5		0
1	212	1	79	5	0062	1
1	79	-1	0	5		0
1	79	-1	0	5		0
1	1	-1	0	5		0
1	245	-1	0	5		0
1	214	-1	0	5		0
1	79	-1	0	5		0
1	1	-1	0	5		0
1	245	-1	0	5		0
1	213	1	229	5		0
1	79	-1	0	5		0
1	229	-1	0	5		0
1	15	-1	0	5		0
1	240	-1	0	5		0
1	79	-1	0	5		0
1	17	-1	0	5		0
1	1	-1	0	5		0
0	0	-1	0	6		0
1	245	-1	0	6		0
1	212	1	79	6		0
1	79	-1	0	6		0
1	79	-1	0	6		0
1	1	-1	0	6		0
1	245	-1	0	6		0
1	213	1	10	6	0062	1
1	79	-1	0	6		0
1	10	-1	0	6		0
1	1	-1	0	6		0
1	245	-1	0	6		0
1	213	1	10	6		1
1	79	-1	0	6		0
1	10	-1	0	6		0
1	1	-1	0	6		0
1	245	-1	0	6		0
1	213	1	14	6	0062	1
1	79	-1	0	6		0
1	14	-1	0	6		0
1	1	-1	0	6		0
1	245	-1	0	6		0
1	213	1	8	6		0
1	79	-1	0	6		0
1	8	-1	0	6		0
1	1	-1	0	6		0
1	245	-1	0	6		0
1	213	1	8	6		0
1	79	-1	0	6		0
1	8	-1	0	6		0
1	1	-1	0	6		0
1	245	-1	0	6		0
1	213	1	79	6		0
1	79	-1	0	6		0
1	79	-1	0	6		0
1	1	-1	0	6		0
1	245	-1	0	6		0
1	213	1	79	6		0
1	79	-1	0	6		0
1	218	-1	0	6		0
1	218	-1	0	6		0
1	79	-1	0	6		0
1	1	-1	0	6		0
1	245	-1	0	6		0
1	213	1	10	6	0062	1
1	79	-1	0	6		0
1	218	-1	0	6		0
1	218	-1	0	6		0
1	10	-1	0	6		0
1	1	-1	0	6		0
1	245	-1	0	6		0
1	213	1	8	6		0
1	79	-1	0	6		0
1	218	-1	0	6		0
1	218	-1	0	6		0
1	8	-1	0	6		0
1	1	-1	0	6		0
1	245	-1	0	6		0
1	212	1	80	6		0
1	79	-1	0	6		0
1	80	-1	0	6		0
1	1	-1	0	6		0
1	245	-1	0	6		0
1	213	1	80	6		0
1	79	-1	0	6		0
1	80	-1	0	6		0
1	1	-1	0	6		0
1	245	-1	0	6		0
1	213	1	10	6	d83dde00	1
1	79	-1	0	6		0
1	10	-1	0	6		0
1	1	-1	0	6		0
1	245	-1	0	6		0
1	213	1	10	6	00610062	1
1	79	-1	0	6		0
1	10	-1	0	6		0
1	1	-1	0	6		0
1	245	-1	0	6		0
1	213	1	10	6	0061000a	1
1	79	-1	0	6		0
1	10	-1	0	6		0
1	1	-1	0	6		0
1	245	-1	0	6		0
1	213	1	111	6		0
1	79	-1	0	6		0
1	111	-1	0	6		0
1	1	-1	0	6		0
1	245	-1	0	6		0
1	213	1	9	6		0
1	79	-1	0	6		0
1	9	-1	0	6		0
1	1	-1	0	6		0
1	245	-1	0	6		0
1	213	1	227	6		0
1	79	-1	0	6		0
1	227	-1	0	6		0
1	79	-1	0	6		0
1	39	-1	0	6		0
1	10	-1	0	6		0
1	1	-1	0	6		0
1	245	-1	0	6		0
1	212	1	79	6		0
1	79	-1	0	6		0
1	28	-1	0	6		0
1	79	-1	0	6		0
1	1	-1	0	6		0
1	245	-1	0	6		0
1	213	1	10	6	0062	1
1	79	-1	0	6		0
1	28	-1	0	6		0
1	10	-1	0	6		0
1	1	-1	0	6		0
1	245	-1	0	6		0
1	218	-1	0	6		0
1	212	1	79	6		0
1	79	-1	0	6		0
1	79	-1	0	6		0
1	1	-1	0	6		0
1	245	-1	0	6		0
1	214	-1	0	6		0
1	79	-1	0	6		0
1	1	-1	0	6		0
1	245	-1	0	6		0
1	213	1	229	6		0
1	79	-1	0	6		0
1	229	-1	0	6		0
1	15	-1	0	6		0
1	240	-1	0	6		0
1	79	-1	0	6		0
1	17	-1	0	6		0
1	1	-1	0	6		0
0	0	-1	0	7		0
1	245	-1	0	7		0
1	212	1	79	7	0062	1
1	79	-1	0	7		0
1	79	-1	0	7		0
1	1	-1	0	7		0
1	245	-1	0	7		0
1	213	1	10	7	0062	1
1	79	-1	0	7		0
1	10	-1	0	7		0
1	1	-1	0	7		0
1	245	-1	0	7		0
1	213	1	10	7		1
1	79	-1	0	7		0
1	10	-1	0	7		0
1	1	-1	0	7		0
1	245	-1	0	7		0
1	213	1	14	7	0062	1
1	79	-1	0	7		0
1	14	-1	0	7		0
1	1	-1	0	7		0
1	245	-1	0	7		0
1	213	1	8	7		0
1	79	-1	0	7		0
1	8	-1	0	7		0
1	1	-1	0	7		0
1	245	-1	0	7		0
1	213	1	8	7		0
1	79	-1	0	7		0
1	8	-1	0	7		0
1	1	-1	0	7		0
1	245	-1	0	7		0
1	213	1	79	7	007600610072006900610062006c0065	1
1	79	-1	0	7		0
1	79	-1	0	7		0
1	1	-1	0	7		0
1	245	-1	0	7		0
1	213	1	79	7	007600610072006900610062006c0065	1
1	79	-1	0	7		0
1	218	-1	0	7		0
1	218	-1	0	7		0
1	79	-1	0	7		0
1	1	-1	0	7		0
1	245	-1	0	7		0
1	213	1	10	7	0062	1
1	79	-1	0	7		0
1	218	-1	0	7		0
1	218	-1	0	7		0
1	10	-1	0	7		0
1	1	-1	0	7		0
1	245	-1	0	7		0
1	213	1	8	7		0
1	79	-1	0	7		0
1	218	-1	0	7		0
1	218	-1	0	7		0
1	8	-1	0	7		0
1	1	-1	0	7		0
1	245	-1	0	7		0
1	212	1	80	7		0
1	79	-1	0	7		0
1	80	-1	0	7		0
1	1	-1	0	7		0
1	245	-1	0	7		0
1	213	1	80	7		0
1	79	-1	0	7		0
1	80	-1	0	7		0
1	1	-1	0	7		0
1	245	-1	0	7		0
1	213	1	10	7	d83dde00	1
1	79	-1	0	7		0
1	10	-1	0	7		0
1	1	-1	0	7		0
1	245	-1	0	7		0
1	213	1	10	7	00610062	1
1	79	-1	0	7		0
1	10	-1	0	7		0
1	1	-1	0	7		0
1	245	-1	0	7		0
1	213	1	10	7	0061000a	1
1	79	-1	0	7		0
1	10	-1	0	7		0
1	1	-1	0	7		0
1	245	-1	0	7		0
1	213	1	111	7		0
1	79	-1	0	7		0
1	111	-1	0	7		0
1	1	-1	0	7		0
1	245	-1	0	7		0
1	213	1	9	7		0
1	79	-1	0	7		0
1	9	-1	0	7		0
1	1	-1	0	7		0
1	245	-1	0	7		0
1	213	1	227	7		0
1	79	-1	0	7		0
1	227	-1	0	7		0
1	79	-1	0	7		0
1	39	-1	0	7		0
1	10	-1	0	7		0
1	1	-1	0	7		0
1	245	-1	0	7		0
1	212	1	79	7	0062	1
1	79	-1	0	7		0
1	28	-1	0	7		0
1	79	-1	0	7		0
1	1	-1	0	7		0
1	245	-1	0	7		0
1	213	1	10	7	0062	1
1	79	-1	0	7		0
1	28	-1	0	7		0
1	10	-1	0	7		0
1	1	-1	0	7		0
1	245	-1	0	7		0
1	218	-1	0	7		0
1	212	1	79	7	0062	1
1	79	-1	0	7		0
1	79	-1	0	7		0
1	1	-1	0	7		0
1	245	-1	0	7		0
1	214	-1	0	7		0
1	79	-1	0	7		0
1	1	-1	0	7		0
1	245	-1	0	7		0
1	213	1	229	7		0
1	79	-1	0	7		0
1	229	-1	0	7		0
1	15	-1	0	7		0
1	240	-1	0	7		0
1	79	-1	0	7		0
1	17	-1	0	7		0
1	1	-1	0	7		0
0	0	-1	0	8		0
1	245	-1	0	8		0
1	212	1	79	8		0
1	79	-1	0	8		0
1	79	-1	0	8		0
1	1	-1	0	8		0
1	245	-1	0	8		0
1	213	1	10	8		0
1	79	-1	0	8		0
1	10	-1	0	8		0
1	1	-1	0	8		0
1	245	-1	0	8		0
1	213	1	10	8		0
1	79	-1	0	8		0
1	10	-1	0	8		0
1	1	-1	0	8		0
1	245	-1	0	8		0
1	213	1	14	8		0
1	79	-1	0	8		0
1	14	-1	0	8		0
1	1	-1	0	8		0
1	245	-1	0	8		0
1	213	1	8	8	00310036	1
1	79	-1	0	8		0
1	8	-1	0	8		0
1	1	-1	0	8		0
1	245	-1	0	8		0
1	213	1	8	8	00310030	1
1	79	-1	0	8		0
1	8	-1	0	8		0
1	1	-1	0	8		0
1	245	-1	0	8		0
1	213	1	79	8		0
1	79	-1	0	8		0
1	79	-1	0	8		0
1	1	-1	0	8		0
1	245	-1	0	8		0
1	213	1	79	8		0
1	79	-1	0	8		0
1	218	-1	0	8		0
1	218	-1	0	8		0
1	79	-1	0	8		0
1	1	-1	0	8		0
1	245	-1	0	8		0
1	213	1	10	8		0
1	79	-1	0	8		0
1	218	-1	0	8		0
1	218	-1	0	8		0
1	10	-1	0	8		0
1	1	-1	0	8		0
1	245	-1	0	8		0
1	213	1	8	8	0030	1
1	79	-1	0	8		0
1	218	-1	0	8		0
1	218	-1	0	8		0
1	8	-1	0	8		0
1	1	-1	0	8		0
1	245	-1	0	8		0
1	212	1	80	8		0
1	79	-1	0	8		0
1	80	-1	0	8		0
1	1	-1	0	8		0
1	245	-1	0	8		0
1	213	1	80	8		0
1	79	-1	0	8		0
1	80	-1	0	8		0
1	1	-1	0	8		0
1	245	-1	0	8		0
1	213	1	10	8		0
1	79	-1	0	8		0
1	10	-1	0	8		0
1	1	-1	0	8		0
1	245	-1	0	8		0
1	213	1	10	8		0
1	79	-1	0	8		0
1	10	-1	0	8		0
1	1	-1	0	8		0
1	245	-1	0	8		0
1	213	1	10	8		0
1	79	-1	0	8		0
1	10	-1	0	8		0
1	1	-1	0	8		0
1	245	-1	0	8		0
1	213	1	111	8		0
1	79	-1	0	8		0
1	111	-1	0	8		0
1	1	-1	0	8		0
1	245	-1	0	8		0
1	213	1	9	8		0
1	79	-1	0	8		0
1	9	-1	0	8		0
1	1	-1	0	8		0
1	245	-1	0	8		0
1	213	1	227	8		0
1	79	-1	0	8		0
1	227	-1	0	8		0
1	79	-1	0	8		0
1	39	-1	0	8		0
1	10	-1	0	8		0
1	1	-1	0	8		0
1	245	-1	0	8		0
1	212	1	79	8		0
1	79	-1	0	8		0
1	28	-1	0	8		0
1	79	-1	0	8		0
1	1	-1	0	8		0
1	245	-1	0	8		0
1	213	1	10	8		0
1	79	-1	0	8		0
1	28	-1	0	8		0
1	10	-1	0	8		0
1	1	-1	0	8		0
1	245	-1	0	8		0
1	218	-1	0	8		0
1	212	1	79	8		0
1	79	-1	0	8		0
1	79	-1	0	8		0
1	1	-1	0	8		0
1	245	-1	0	8		0
1	214	-1	0	8		0
1	79	-1	0	8		0
1	1	-1	0	8		0
1	245	-1	0	8		0
1	213	1	229	8		0
1	79	-1	0	8		0
1	229	-1	0	8		0
1	15	-1	0	8		0
1	240	-1	0	8		0
1	79	-1	0	8		0
1	17	-1	0	8		0
1	1	-1	0	8		0
0	0	-1	0	9		0
1	245	-1	0	9		0
1	212	1	79	9	0062	1
1	79	-1	0	9		0
1	79	-1	0	9		0
1	1	-1	0	9		0
1	245	-1	0	9		0
1	213	1	10	9		0
1	79	-1	0	9		0
1	10	-1	0	9		0
1	1	-1	0	9		0
1	245	-1	0	9		0
1	213	1	10	9		0
1	79	-1	0	9		0
1	10	-1	0	9		0
1	1	-1	0	9		0
1	245	-1	0	9		0
1	213	1	14	9		0
1	79	-1	0	9		0
1	14	-1	0	9		0
1	1	-1	0	9		0
1	245	-1	0	9		0
1	213	1	8	9	00310036	1
1	79	-1	0	9		0
1	8	-1	0	9		0
1	1	-1	0	9		0
1	245	-1	0	9		0
1	213	1	8	9	00310030	1
1	79	-1	0	9		0
1	8	-1	0	9		0
1	1	-1	0	9		0
1	245	-1	0	9		0
1	213	1	79	9	007600610072006900610062006c0065	1
1	79	-1	0	9		0
1	79	-1	0	9		0
1	1	-1	0	9		0
1	245	-1	0	9		0
1	213	1	79	9	007600610072006900610062006c0065	1
1	79	-1	0	9		0
1	218	-1	0	9		0
1	218	-1	0	9		0
1	79	-1	0	9		0
1	1	-1	0	9		0
1	245	-1	0	9		0
1	213	1	10	9		0
1	79	-1	0	9		0
1	218	-1	0	9		0
1	218	-1	0	9		0
1	10	-1	0	9		0
1	1	-1	0	9		0
1	245	-1	0	9		0
1	213	1	8	9	0030	1
1	79	-1	0	9		0
1	218	-1	0	9		0
1	218	-1	0	9		0
1	8	-1	0	9		0
1	1	-1	0	9		0
1	245	-1	0	9		0
1	212	1	80	9		0
1	79	-1	0	9		0
1	80	-1	0	9		0
1	1	-1	0	9		0
1	245	-1	0	9		0
1	213	1	80	9		0
1	79	-1	0	9		0
1	80	-1	0	9		0
1	1	-1	0	9		0
1	245	-1	0	9		0
1	213	1	10	9		0
1	79	-1	0	9		0
1	10	-1	0	9		0
1	1	-1	0	9		0
1	245	-1	0	9		0
1	213	1	10	9		0
1	79	-1	0	9		0
1	10	-1	0	9		0
1	1	-1	0	9		0
1	245	-1	0	9		0
1	213	1	10	9		0
1	79	-1	0	9		0
1	10	-1	0	9		0
1	1	-1	0	9		0
1	245	-1	0	9		0
1	213	1	111	9		0
1	79	-1	0	9		0
1	111	-1	0	9		0
1	1	-1	0	9		0
1	245	-1	0	9		0
1	213	1	9	9		0
1	79	-1	0	9		0
1	9	-1	0	9		0
1	1	-1	0	9		0
1	245	-1	0	9		0
1	213	1	227	9		0
1	79	-1	0	9		0
1	227	-1	0	9		0
1	79	-1	0	9		0
1	39	-1	0	9		0
1	10	-1	0	9		0
1	1	-1	0	9		0
1	245	-1	0	9		0
1	212	1	79	9	0062	1
1	79	-1	0	9		0
1	28	-1	0	9		0
1	79	-1	0	9		0
1	1	-1	0	9		0
1	245	-1	0	9		0
1	213	1	10	9		0
1	79	-1	0	9		0
1	28	-1	0	9		0
1	10	-1	0	9		0
1	1	-1	0	9		0
1	245	-1	0	9		0
1	218	-1	0	9		0
1	212	1	79	9	0062	1
1	79	-1	0	9		0
1	79	-1	0	9		0
1	1	-1	0	9		0
1	245	-1	0	9		0
1	214	-1	0	9		0
1	79	-1	0	9		0
1	1	-1	0	9		0
1	245	-1	0	9		0
1	213	1	229	9		0
1	79	-1	0	9		0
1	229	-1	0	9		0
1	15	-1	0	9		0
1	240	-1	0	9		0
1	79	-1	0	9		0
1	17	-1	0	9		0
1	1	-1	0	9		0
0	0	-1	0	10		0
1	245	-1	0	10		0
1	212	1	79	10		0
1	79	-1	0	10		0
1	79	-1	0	10		0
1	1	-1	0	10		0
1	245	-1	0	10		0
1	213	1	10	10	0062	1
1	79	-1	0	10		0
1	10	-1	0	10		0
1	1	-1	0	10		0
1	245	-1	0	10		0
1	213	1	10	10		1
1	79	-1	0	10		0
1	10	-1	0	10		0
1	1	-1	0	10		0
1	245	-1	0	10		0
1	213	1	14	10		0
1	79	-1	0	10		0
1	14	-1	0	10		0
1	1	-1	0	10		0
1	245	-1	0	10		0
1	213	1	8	10	00310036	1
1	79	-1	0	10		0
1	8	-1	0	10		0
1	1	-1	0	10		0
1	245	-1	0	10		0
1	213	1	8	10	00310030	1
1	79	-1	0	10		0
1	8	-1	0	10		0
1	1	-1	0	10		0
1	245	-1	0	10		0
1	213	1	79	10		0
1	79	-1	0	10		0
1	79	-1	0	10		0
1	1	-1	0	10		0
1	245	-1	0	10		0
1	213	1	79	10		0
1	79	-1	0	10		0
1	218	-1	0	10		0
1	218	-1	0	10		0
1	79	-1	0	10		0
1	1	-1	0	10		0
1	245	-1	0	10		0
1	213	1	10	10	0062	1
1	79	-1	0	10		0
1	218	-1	0	10		0
1	218	-1	0	10		0
1	10	-1	0	10		0
1	1	-1	0	10		0
1	245	-1	0	10		0
1	213	1	8	10	0030	1
1	79	-1	0	10		0
1	218	-1	0	10		0
1	218	-1	0	10		0
1	8	-1	0	10		0
1	1	-1	0	10		0
1	245	-1	0	10		0
1	212	1	80	10		0
1	79	-1	0	10		0
1	80	-1	0	10		0
1	1	-1	0	10		0
1	245	-1	0	10		0
1	213	1	80	10		0
1	79	-1	0	10		0
1	80	-1	0	10		0
1	1	-1	0	10		0
1	245	-1	0	10		0
1	213	1	10	10	d83dde00	1
1	79	-1	0	10		0
1	10	-1	0	10		0
1	1	-1	0	10		0
1	245	-1	0	10		0
1	213	1	10	10	00610062	1
1	79	-1	0	10		0
1	10	-1	0	10		0
1	1	-1	0	10		0
1	245	-1	0	10		0
1	213	1	10	10	0061000a	1
1	79	-1	0	10		0
1	10	-1	0	10		0
1	1	-1	0	10		0
1	245	-1	0	10		0
1	213	1	111	10		0
1	79	-1	0	10		0
1	111	-1	0	10		0
1	1	-1	0	10		0
1	245	-1	0	10		0
1	213	1	9	10		0
1	79	-1	0	10		0
1	9	-1	0	10		0
1	1	-1	0	10		0
1	245	-1	0	10		0
1	213	1	227	10		0
1	79	-1	0	10		0
1	227	-1	0	10		0
1	79	-1	0	10		0
1	39	-1	0	10		0
1	10	-1	0	10		0
1	1	-1	0	10		0
1	245	-1	0	10		0
1	212	1	79	10		0
1	79	-1	0	10		0
1	28	-1	0	10		0
1	79	-1	0	10		0
1	1	-1	0	10		0
1	245	-1	0	10		0
1	213	1	10	10	0062	1
1	79	-1	0	10		0
1	28	-1	0	10		0
1	10	-1	0	10		0
1	1	-1	0	10		0
1	245	-1	0	10		0
1	218	-1	0	10		0
1	212	1	79	10		0
1	79	-1	0	10		0
1	79	-1	0	10		0
1	1	-1	0	10		0
1	245	-1	0	10		0
1	214	-1	0	10		0
1	79	-1	0	10		0
1	1	-1	0	10		0
1	245	-1	0	10		0
1	213	1	229	10		0
1	79	-1	0	10		0
1	229	-1	0	10		0
1	15	-1	0	10		0
1	240	-1	0	10		0
1	79	-1	0	10		0
1	17	-1	0	10		0
1	1	-1	0	10		0
0	0	-1	0	11		0
1	245	-1	0	11		0
1	212	1	79	11	0062	1
1	79	-1	0	11		0
1	79	-1	0	11		0
1	1	-1	0	11		0
1	245	-1	0	11		0
1	213	1	10	11	0062	1
1	79	-1	0	11		0
1	10	-1	0	11		0
1	1	-1	0	11		0
1	245	-1	0	11		0
1	213	1	10	11		1
1	79	-1	0	11		0
1	10	-1	0	11		0
1	1	-1	0	11		0
1	245	-1	0	11		0
1	213	1	14	11		0
1	79	-1	0	11		0
1	14	-1	0	11		0
1	1	-1	0	11		0
1	245	-1	0	11		0
1	213	1	8	11	00310036	1
1	79	-1	0	11		0
1	8	-1	0	11		0
1	1	-1	0	11		0
1	245	-1	0	11		0
1	213	1	8	11	00310030	1
1	79	-1	0	11		0
1	8	-1	0	11		0
1	1	-1	0	11		0
1	245	-1	0	11		0
1	213	1	79	11	007600610072006900610062006c0065	1
1	79	-1	0	11		0
1	79	-1	0	11		0
1	1	-1	0	11		0
1	245	-1	0	11		0
1	213	1	79	11	007600610072006900610062006c0065	1
1	79	-1	0	11		0
1	218	-1	0	11		0
1	218	-1	0	11		0
1	79	-1	0	11		0
1	1	-1	0	11		0
1	245	-1	0	11		0
1	213	1	10	11	0062	1
1	79	-1	0	11		0
1	218	-1	0	11		0
1	218	-1	0	11		0
1	10	-1	0	11		0
1	1	-1	0	11		0
1	245	-1	0	11		0
1	213	1	8	11	0030	1
1	79	-1	0	11		0
1	218	-1	0	11		0
1	218	-1	0	11		0
1	8	-1	0	11		0
1	1	-1	0	11		0
1	245	-1	0	11		0
1	212	1	80	11		0
1	79	-1	0	11		0
1	80	-1	0	11		0
1	1	-1	0	11		0
1	245	-1	0	11		0
1	213	1	80	11		0
1	79	-1	0	11		0
1	80	-1	0	11		0
1	1	-1	0	11		0
1	245	-1	0	11		0
1	213	1	10	11	d83dde00	1
1	79	-1	0	11		0
1	10	-1	0	11		0
1	1	-1	0	11		0
1	245	-1	0	11		0
1	213	1	10	11	00610062	1
1	79	-1	0	11		0
1	10	-1	0	11		0
1	1	-1	0	11		0
1	245	-1	0	11		0
1	213	1	10	11	0061000a	1
1	79	-1	0	11		0
1	10	-1	0	11		0
1	1	-1	0	11		0
1	245	-1	0	11		0
1	213	1	111	11		0
1	79	-1	0	11		0
1	111	-1	0	11		0
1	1	-1	0	11		0
1	245	-1	0	11		0
1	213	1	9	11		0
1	79	-1	0	11		0
1	9	-1	0	11		0
1	1	-1	0	11		0
1	245	-1	0	11		0
1	213	1	227	11		0
1	79	-1	0	11		0
1	227	-1	0	11		0
1	79	-1	0	11		0
1	39	-1	0	11		0
1	10	-1	0	11		0
1	1	-1	0	11		0
1	245	-1	0	11		0
1	212	1	79	11	0062	1
1	79	-1	0	11		0
1	28	-1	0	11		0
1	79	-1	0	11		0
1	1	-1	0	11		0
1	245	-1	0	11		0
1	213	1	10	11	0062	1
1	79	-1	0	11		0
1	28	-1	0	11		0
1	10	-1	0	11		0
1	1	-1	0	11		0
1	245	-1	0	11		0
1	218	-1	0	11		0
1	212	1	79	11	0062	1
1	79	-1	0	11		0
1	79	-1	0	11		0
1	1	-1	0	11		0
1	245	-1	0	11		0
1	214	-1	0	11		0
1	79	-1	0	11		0
1	1	-1	0	11		0
1	245	-1	0	11		0
1	213	1	229	11		0
1	79	-1	0	11		0
1	229	-1	0	11		0
1	15	-1	0	11		0
1	240	-1	0	11		0
1	79	-1	0	11		0
1	17	-1	0	11		0
1	1	-1	0	11		0
0	0	-1	0	12		0
1	245	-1	0	12		0
1	212	1	79	12		0
1	79	-1	0	12		0
1	79	-1	0	12		0
1	1	-1	0	12		0
1	245	-1	0	12		0
1	213	1	10	12		0
1	79	-1	0	12		0
1	10	-1	0	12		0
1	1	-1	0	12		0
1	245	-1	0	12		0
1	213	1	10	12		0
1	79	-1	0	12		0
1	10	-1	0	12		0
1	1	-1	0	12		0
1	245	-1	0	12		0
1	213	1	14	12	0062	1
1	79	-1	0	12		0
1	14	-1	0	12		0
1	1	-1	0	12		0
1	245	-1	0	12		0
1	213	1	8	12	00310036	1
1	79	-1	0	12		0
1	8	-1	0	12		0
1	1	-1	0	12		0
1	245	-1	0	12		0
1	213	1	8	12	00310030	1
1	79	-1	0	12		0
1	8	-1	0	12		0
1	1	-1	0	12		0
1	245	-1	0	12		0
1	213	1	79	12		0
1	79	-1	0	12		0
1	79	-1	0	12		0
1	1	-1	0	12		0
1	245	-1	0	12		0
1	213	1	79	12		0
1	79	-1	0	12		0
1	218	-1	0	12		0
1	218	-1	0	12		0
1	79	-1	0	12		0
1	1	-1	0	12		0
1	245	-1	0	12		0
1	213	1	10	12		0
1	79	-1	0	12		0
1	218	-1	0	12		0
1	218	-1	0	12		0
1	10	-1	0	12		0
1	1	-1	0	12		0
1	245	-1	0	12		0
1	213	1	8	12	0030	1
1	79	-1	0	12		0
1	218	-1	0	12		0
1	218	-1	0	12		0
1	8	-1	0	12		0
1	1	-1	0	12		0
1	245	-1	0	12		0
1	212	1	80	12		0
1	79	-1	0	12		0
1	80	-1	0	12		0
1	1	-1	0	12		0
1	245	-1	0	12		0
1	213	1	80	12		0
1	79	-1	0	12		0
1	80	-1	0	12		0
1	1	-1	0	12		0
1	245	-1	0	12		0
1	213	1	10	12		0
1	79	-1	0	12		0
1	10	-1	0	12		0
1	1	-1	0	12		0
1	245	-1	0	12		0
1	213	1	10	12		0
1	79	-1	0	12		0
1	10	-1	0	12		0
1	1	-1	0	12		0
1	245	-1	0	12		0
1	213	1	10	12		0
1	79	-1	0	12		0
1	10	-1	0	12		0
1	1	-1	0	12		0
1	245	-1	0	12		0
1	213	1	111	12		0
1	79	-1	0	12		0
1	111	-1	0	12		0
1	1	-1	0	12		0
1	245	-1	0	12		0
1	213	1	9	12		0
1	79	-1	0	12		0
1	9	-1	0	12		0
1	1	-1	0	12		0
1	245	-1	0	12		0
1	213	1	227	12		0
1	79	-1	0	12		0
1	227	-1	0	12		0
1	79	-1	0	12		0
1	39	-1	0	12		0
1	10	-1	0	12		0
1	1	-1	0	12		0
1	245	-1	0	12		0
1	212	1	79	12		0
1	79	-1	0	12		0
1	28	-1	0	12		0
1	79	-1	0	12		0
1	1	-1	0	12		0
1	245	-1	0	12		0
1	213	1	10	12		0
1	79	-1	0	12		0
1	28	-1	0	12		0
1	10	-1	0	12		0
1	1	-1	0	12		0
1	245	-1	0	12		0
1	218	-1	0	12		0
1	212	1	79	12		0
1	79	-1	0	12		0
1	79	-1	0	12		0
1	1	-1	0	12		0
1	245	-1	0	12		0
1	214	-1	0	12		0
1	79	-1	0	12		0
1	1	-1	0	12		0
1	245	-1	0	12		0
1	213	1	229	12		0
1	79	-1	0	12		0
1	229	-1	0	12		0
1	15	-1	0	12		0
1	240	-1	0	12		0
1	79	-1	0	12		0
1	17	-1	0	12		0
1	1	-1	0	12		0
0	0	-1	0	13		0
1	245	-1	0	13		0
1	212	1	79	13	0062	1
1	79	-1	0	13		0
1	79	-1	0	13		0
1	1	-1	0	13		0
1	245	-1	0	13		0
1	213	1	10	13		0
1	79	-1	0	13		0
1	10	-1	0	13		0
1	1	-1	0	13		0
1	245	-1	0	13		0
1	213	1	10	13		0
1	79	-1	0	13		0
1	10	-1	0	13		0
1	1	-1	0	13		0
1	245	-1	0	13		0
1	213	1	14	13	0062	1
1	79	-1	0	13		0
1	14	-1	0	13		0
1	1	-1	0	13		0
1	245	-1	0	13		0
1	213	1	8	13	00310036	1
1	79	-1	0	13		0
1	8	-1	0	13		0
1	1	-1	0	13		0
1	245	-1	0	13		0
1	213	1	8	13	00310030	1
1	79	-1	0	13		0
1	8	-1	0	13		0
1	1	-1	0	13		0
1	245	-1	0	13		0
1	213	1	79	13	007600610072006900610062006c0065	1
1	79	-1	0	13		0
1	79	-1	0	13		0
1	1	-1	0	13		0
1	245	-1	0	13		0
1	213	1	79	13	007600610072006900610062006c0065	1
1	79	-1	0	13		0
1	218	-1	0	13		0
1	218	-1	0	13		0
1	79	-1	0	13		0
1	1	-1	0	13		0
1	245	-1	0	13		0
1	213	1	10	13		0
1	79	-1	0	13		0
1	218	-1	0	13		0
1	218	-1	0	13		0
1	10	-1	0	13		0
1	1	-1	0	13		0
1	245	-1	0	13		0
1	213	1	8	13	0030	1
1	79	-1	0	13		0
1	218	-1	0	13		0
1	218	-1	0	13		0
1	8	-1	0	13		0
1	1	-1	0	13		0
1	245	-1	0	13		0
1	212	1	80	13		0
1	79	-1	0	13		0
1	80	-1	0	13		0
1	1	-1	0	13		0
1	245	-1	0	13		0
1	213	1	80	13		0
1	79	-1	0	13		0
1	80	-1	0	13		0
1	1	-1	0	13		0
1	245	-1	0	13		0
1	213	1	10	13		0
1	79	-1	0	13		0
1	10	-1	0	13		0
1	1	-1	0	13		0
1	245	-1	0	13		0
1	213	1	10	13		0
1	79	-1	0	13		0
1	10	-1	0	13		0
1	1	-1	0	13		0
1	245	-1	0	13		0
1	213	1	10	13		0
1	79	-1	0	13		0
1	10	-1	0	13		0
1	1	-1	0	13		0
1	245	-1	0	13		0
1	213	1	111	13		0
1	79	-1	0	13		0
1	111	-1	0	13		0
1	1	-1	0	13		0
1	245	-1	0	13		0
1	213	1	9	13		0
1	79	-1	0	13		0
1	9	-1	0	13		0
1	1	-1	0	13		0
1	245	-1	0	13		0
1	213	1	227	13		0
1	79	-1	0	13		0
1	227	-1	0	13		0
1	79	-1	0	13		0
1	39	-1	0	13		0
1	10	-1	0	13		0
1	1	-1	0	13		0
1	245	-1	0	13		0
1	212	1	79	13	0062	1
1	79	-1	0	13		0
1	28	-1	0	13		0
1	79	-1	0	13		0
1	1	-1	0	13		0
1	245	-1	0	13		0
1	213	1	10	13		0
1	79	-1	0	13		0
1	28	-1	0	13		0
1	10	-1	0	13		0
1	1	-1	0	13		0
1	245	-1	0	13		0
1	218	-1	0	13		0
1	212	1	79	13	0062	1
1	79	-1	0	13		0
1	79	-1	0	13		0
1	1	-1	0	13		0
1	245	-1	0	13		0
1	214	-1	0	13		0
1	79	-1	0	13		0
1	1	-1	0	13		0
1	245	-1	0	13		0
1	213	1	229	13		0
1	79	-1	0	13		0
1	229	-1	0	13		0
1	15	-1	0	13		0
1	240	-1	0	13		0
1	79	-1	0	13		0
1	17	-1	0	13		0
1	1	-1	0	13		0
0	0	-1	0	14		0
1	245	-1	0	14		0
1	212	1	79	14		0
1	79	-1	0	14		0
1	79	-1	0	14		0
1	1	-1	0	14		0
1	245	-1	0	14		0
1	213	1	10	14	0062	1
1	79	-1	0	14		0
1	10	-1	0	14		0
1	1	-1	0	14		0
1	245	-1	0	14		0
1	213	1	10	14		1
1	79	-1	0	14		0
1	10	-1	0	14		0
1	1	-1	0	14		0
1	245	-1	0	14		0
1	213	1	14	14	0062	1
1	79	-1	0	14		0
1	14	-1	0	14		0
1	1	-1	0	14		0
1	245	-1	0	14		0
1	213	1	8	14	00310036	1
1	79	-1	0	14		0
1	8	-1	0	14		0
1	1	-1	0	14		0
1	245	-1	0	14		0
1	213	1	8	14	00310030	1
1	79	-1	0	14		0
1	8	-1	0	14		0
1	1	-1	0	14		0
1	245	-1	0	14		0
1	213	1	79	14		0
1	79	-1	0	14		0
1	79	-1	0	14		0
1	1	-1	0	14		0
1	245	-1	0	14		0
1	213	1	79	14		0
1	79	-1	0	14		0
1	218	-1	0	14		0
1	218	-1	0	14		0
1	79	-1	0	14		0
1	1	-1	0	14		0
1	245	-1	0	14		0
1	213	1	10	14	0062	1
1	79	-1	0	14		0
1	218	-1	0	14		0
1	218	-1	0	14		0
1	10	-1	0	14		0
1	1	-1	0	14		0
1	245	-1	0	14		0
1	213	1	8	14	0030	1
1	79	-1	0	14		0
1	218	-1	0	14		0
1	218	-1	0	14		0
1	8	-1	0	14		0
1	1	-1	0	14		0
1	245	-1	0	14		0
1	212	1	80	14		0
1	79	-1	0	14		0
1	80	-1	0	14		0
1	1	-1	0	14		0
1	245	-1	0	14		0
1	213	1	80	14		0
1	79	-1	0	14		0
1	80	-1	0	14		0
1	1	-1	0	14		0
1	245	-1	0	14		0
1	213	1	10	14	d83dde00	1
1	79	-1	0	14		0
1	10	-1	0	14		0
1	1	-1	0	14		0
1	245	-1	0	14		0
1	213	1	10	14	00610062	1
1	79	-1	0	14		0
1	10	-1	0	14		0
1	1	-1	0	14		0
1	245	-1	0	14		0
1	213	1	10	14	0061000a	1
1	79	-1	0	14		0
1	10	-1	0	14		0
1	1	-1	0	14		0
1	245	-1	0	14		0
1	213	1	111	14		0
1	79	-1	0	14		0
1	111	-1	0	14		0
1	1	-1	0	14		0
1	245	-1	0	14		0
1	213	1	9	14		0
1	79	-1	0	14		0
1	9	-1	0	14		0
1	1	-1	0	14		0
1	245	-1	0	14		0
1	213	1	227	14		0
1	79	-1	0	14		0
1	227	-1	0	14		0
1	79	-1	0	14		0
1	39	-1	0	14		0
1	10	-1	0	14		0
1	1	-1	0	14		0
1	245	-1	0	14		0
1	212	1	79	14		0
1	79	-1	0	14		0
1	28	-1	0	14		0
1	79	-1	0	14		0
1	1	-1	0	14		0
1	245	-1	0	14		0
1	213	1	10	14	0062	1
1	79	-1	0	14		0
1	28	-1	0	14		0
1	10	-1	0	14		0
1	1	-1	0	14		0
1	245	-1	0	14		0
1	218	-1	0	14		0
1	212	1	79	14		0
1	79	-1	0	14		0
1	79	-1	0	14		0
1	1	-1	0	14		0
1	245	-1	0	14		0
1	214	-1	0	14		0
1	79	-1	0	14		0
1	1	-1	0	14		0
1	245	-1	0	14		0
1	213	1	229	14		0
1	79	-1	0	14		0
1	229	-1	0	14		0
1	15	-1	0	14		0
1	240	-1	0	14		0
1	79	-1	0	14		0
1	17	-1	0	14		0
1	1	-1	0	14		0
0	0	-1	0	15		0
1	245	-1	0	15		0
1	212	1	79	15	0062	1
1	79	-1	0	15		0
1	79	-1	0	15		0
1	1	-1	0	15		0
1	245	-1	0	15		0
1	213	1	10	15	0062	1
1	79	-1	0	15		0
1	10	-1	0	15		0
1	1	-1	0	15		0
1	245	-1	0	15		0
1	213	1	10	15		1
1	79	-1	0	15		0
1	10	-1	0	15		0
1	1	-1	0	15		0
1	245	-1	0	15		0
1	213	1	14	15	0062	1
1	79	-1	0	15		0
1	14	-1	0	15		0
1	1	-1	0	15		0
1	245	-1	0	15		0
1	213	1	8	15	00310036	1
1	79	-1	0	15		0
1	8	-1	0	15		0
1	1	-1	0	15		0
1	245	-1	0	15		0
1	213	1	8	15	00310030	1
1	79	-1	0	15		0
1	8	-1	0	15		0
1	1	-1	0	15		0
1	245	-1	0	15		0
1	213	1	79	15	007600610072006900610062006c0065	1
1	79	-1	0	15		0
1	79	-1	0	15		0
1	1	-1	0	15		0
1	245	-1	0	15		0
1	213	1	79	15	007600610072006900610062006c0065	1
1	79	-1	0	15		0
1	218	-1	0	15		0
1	218	-1	0	15		0
1	79	-1	0	15		0
1	1	-1	0	15		0
1	245	-1	0	15		0
1	213	1	10	15	0062	1
1	79	-1	0	15		0
1	218	-1	0	15		0
1	218	-1	0	15		0
1	10	-1	0	15		0
1	1	-1	0	15		0
1	245	-1	0	15		0
1	213	1	8	15	0030	1
1	79	-1	0	15		0
1	218	-1	0	15		0
1	218	-1	0	15		0
1	8	-1	0	15		0
1	1	-1	0	15		0
1	245	-1	0	15		0
1	212	1	80	15		0
1	79	-1	0	15		0
1	80	-1	0	15		0
1	1	-1	0	15		0
1	245	-1	0	15		0
1	213	1	80	15		0
1	79	-1	0	15		0
1	80	-1	0	15		0
1	1	-1	0	15		0
1	245	-1	0	15		0
1	213	1	10	15	d83dde00	1
1	79	-1	0	15		0
1	10	-1	0	15		0
1	1	-1	0	15		0
1	245	-1	0	15		0
1	213	1	10	15	00610062	1
1	79	-1	0	15		0
1	10	-1	0	15		0
1	1	-1	0	15		0
1	245	-1	0	15		0
1	213	1	10	15	0061000a	1
1	79	-1	0	15		0
1	10	-1	0	15		0
1	1	-1	0	15		0
1	245	-1	0	15		0
1	213	1	111	15		0
1	79	-1	0	15		0
1	111	-1	0	15		0
1	1	-1	0	15		0
1	245	-1	0	15		0
1	213	1	9	15		0
1	79	-1	0	15		0
1	9	-1	0	15		0
1	1	-1	0	15		0
1	245	-1	0	15		0
1	213	1	227	15		0
1	79	-1	0	15		0
1	227	-1	0	15		0
1	79	-1	0	15		0
1	39	-1	0	15		0
1	10	-1	0	15		0
1	1	-1	0	15		0
1	245	-1	0	15		0
1	212	1	79	15	0062	1
1	79	-1	0	15		0
1	28	-1	0	15		0
1	79	-1	0	15		0
1	1	-1	0	15		0
1	245	-1	0	15		0
1	213	1	10	15	0062	1
1	79	-1	0	15		0
1	28	-1	0	15		0
1	10	-1	0	15		0
1	1	-1	0	15		0
1	245	-1	0	15		0
1	218	-1	0	15		0
1	212	1	79	15	0062	1
1	79	-1	0	15		0
1	79	-1	0	15		0
1	1	-1	0	15		0
1	245	-1	0	15		0
1	214	-1	0	15		0
1	79	-1	0	15		0
1	1	-1	0	15		0
1	245	-1	0	15		0
1	213	1	229	15		0
1	79	-1	0	15		0
1	229	-1	0	15		0
1	15	-1	0	15		0
1	240	-1	0	15		0
1	79	-1	0	15		0
1	17	-1	0	15		0
1	1	-1	0	15		0
0	0	-1	0	16		0
1	245	-1	0	16		0
1	212	1	79	16		0
1	79	-1	0	16		0
1	79	-1	0	16		0
1	1	-1	0	16		0
1	245	-1	0	16		0
1	213	1	10	16		0
1	79	-1	0	16		0
1	10	-1	0	16		0
1	1	-1	0	16		0
1	245	-1	0	16		0
1	213	1	10	16		0
1	79	-1	0	16		0
1	10	-1	0	16		0
1	1	-1	0	16		0
1	245	-1	0	16		0
1	213	1	14	16		0
1	79	-1	0	16		0
1	14	-1	0	16		0
1	1	-1	0	16		0
1	245	-1	0	16		0
1	213	1	8	16		0
1	79	-1	0	16		0
1	8	-1	0	16		0
1	1	-1	0	16		0
1	245	-1	0	16		0
1	213	1	8	16		0
1	79	-1	0	16		0
1	8	-1	0	16		0
1	1	-1	0	16		0
1	245	-1	0	16		0
1	213	1	79	16		0
1	79	-1	0	16		0
1	79	-1	0	16		0
1	1	-1	0	16		0
1	245	-1	0	16		0
1	213	1	79	16		0
1	79	-1	0	16		0
1	218	-1	0	16		0
1	218	-1	0	16		0
1	79	-1	0	16		0
1	1	-1	0	16		0
1	245	-1	0	16		0
1	213	1	10	16		0
1	79	-1	0	16		0
1	218	-1	0	16		0
1	218	-1	0	16		0
1	10	-1	0	16		0
1	1	-1	0	16		0
1	245	-1	0	16		0
1	213	1	8	16		0
1	79	-1	0	16		0
1	218	-1	0	16		0
1	218	-1	0	16		0
1	8	-1	0	16		0
1	1	-1	0	16		0
1	245	-1	0	16		0
1	212	1	80	16	00230070007200690076006100740065	1
1	79	-1	0	16		0
1	80	-1	0	16		0
1	1	-1	0	16		0
1	245	-1	0	16		0
1	213	1	80	16	00230070007200690076006100740065	1
1	79	-1	0	16		0
1	80	-1	0	16		0
1	1	-1	0	16		0
1	245	-1	0	16		0
1	213	1	10	16		0
1	79	-1	0	16		0
1	10	-1	0	16		0
1	1	-1	0	16		0
1	245	-1	0	16		0
1	213	1	10	16		0
1	79	-1	0	16		0
1	10	-1	0	16		0
1	1	-1	0	16		0
1	245	-1	0	16		0
1	213	1	10	16		0
1	79	-1	0	16		0
1	10	-1	0	16		0
1	1	-1	0	16		0
1	245	-1	0	16		0
1	213	1	111	16		0
1	79	-1	0	16		0
1	111	-1	0	16		0
1	1	-1	0	16		0
1	245	-1	0	16		0
1	213	1	9	16		0
1	79	-1	0	16		0
1	9	-1	0	16		0
1	1	-1	0	16		0
1	245	-1	0	16		0
1	213	1	227	16		0
1	79	-1	0	16		0
1	227	-1	0	16		0
1	79	-1	0	16		0
1	39	-1	0	16		0
1	10	-1	0	16		0
1	1	-1	0	16		0
1	245	-1	0	16		0
1	212	1	79	16		0
1	79	-1	0	16		0
1	28	-1	0	16		0
1	79	-1	0	16		0
1	1	-1	0	16		0
1	245	-1	0	16		0
1	213	1	10	16		0
1	79	-1	0	16		0
1	28	-1	0	16		0
1	10	-1	0	16		0
1	1	-1	0	16		0
1	245	-1	0	16		0
1	218	-1	0	16		0
1	212	1	79	16		0
1	79	-1	0	16		0
1	79	-1	0	16		0
1	1	-1	0	16		0
1	245	-1	0	16		0
1	214	-1	0	16		0
1	79	-1	0	16		0
1	1	-1	0	16		0
1	245	-1	0	16		0
1	213	1	229	16		0
1	79	-1	0	16		0
1	229	-1	0	16		0
1	15	-1	0	16		0
1	240	-1	0	16		0
1	79	-1	0	16		0
1	17	-1	0	16		0
1	1	-1	0	16		0
0	0	-1	0	17		0
1	245	-1	0	17		0
1	212	1	79	17	0062	1
1	79	-1	0	17		0
1	79	-1	0	17		0
1	1	-1	0	17		0
1	245	-1	0	17		0
1	213	1	10	17		0
1	79	-1	0	17		0
1	10	-1	0	17		0
1	1	-1	0	17		0
1	245	-1	0	17		0
1	213	1	10	17		0
1	79	-1	0	17		0
1	10	-1	0	17		0
1	1	-1	0	17		0
1	245	-1	0	17		0
1	213	1	14	17		0
1	79	-1	0	17		0
1	14	-1	0	17		0
1	1	-1	0	17		0
1	245	-1	0	17		0
1	213	1	8	17		0
1	79	-1	0	17		0
1	8	-1	0	17		0
1	1	-1	0	17		0
1	245	-1	0	17		0
1	213	1	8	17		0
1	79	-1	0	17		0
1	8	-1	0	17		0
1	1	-1	0	17		0
1	245	-1	0	17		0
1	213	1	79	17	007600610072006900610062006c0065	1
1	79	-1	0	17		0
1	79	-1	0	17		0
1	1	-1	0	17		0
1	245	-1	0	17		0
1	213	1	79	17	007600610072006900610062006c0065	1
1	79	-1	0	17		0
1	218	-1	0	17		0
1	218	-1	0	17		0
1	79	-1	0	17		0
1	1	-1	0	17		0
1	245	-1	0	17		0
1	213	1	10	17		0
1	79	-1	0	17		0
1	218	-1	0	17		0
1	218	-1	0	17		0
1	10	-1	0	17		0
1	1	-1	0	17		0
1	245	-1	0	17		0
1	213	1	8	17		0
1	79	-1	0	17		0
1	218	-1	0	17		0
1	218	-1	0	17		0
1	8	-1	0	17		0
1	1	-1	0	17		0
1	245	-1	0	17		0
1	212	1	80	17	00230070007200690076006100740065	1
1	79	-1	0	17		0
1	80	-1	0	17		0
1	1	-1	0	17		0
1	245	-1	0	17		0
1	213	1	80	17	00230070007200690076006100740065	1
1	79	-1	0	17		0
1	80	-1	0	17		0
1	1	-1	0	17		0
1	245	-1	0	17		0
1	213	1	10	17		0
1	79	-1	0	17		0
1	10	-1	0	17		0
1	1	-1	0	17		0
1	245	-1	0	17		0
1	213	1	10	17		0
1	79	-1	0	17		0
1	10	-1	0	17		0
1	1	-1	0	17		0
1	245	-1	0	17		0
1	213	1	10	17		0
1	79	-1	0	17		0
1	10	-1	0	17		0
1	1	-1	0	17		0
1	245	-1	0	17		0
1	213	1	111	17		0
1	79	-1	0	17		0
1	111	-1	0	17		0
1	1	-1	0	17		0
1	245	-1	0	17		0
1	213	1	9	17		0
1	79	-1	0	17		0
1	9	-1	0	17		0
1	1	-1	0	17		0
1	245	-1	0	17		0
1	213	1	227	17		0
1	79	-1	0	17		0
1	227	-1	0	17		0
1	79	-1	0	17		0
1	39	-1	0	17		0
1	10	-1	0	17		0
1	1	-1	0	17		0
1	245	-1	0	17		0
1	212	1	79	17	0062	1
1	79	-1	0	17		0
1	28	-1	0	17		0
1	79	-1	0	17		0
1	1	-1	0	17		0
1	245	-1	0	17		0
1	213	1	10	17		0
1	79	-1	0	17		0
1	28	-1	0	17		0
1	10	-1	0	17		0
1	1	-1	0	17		0
1	245	-1	0	17		0
1	218	-1	0	17		0
1	212	1	79	17	0062	1
1	79	-1	0	17		0
1	79	-1	0	17		0
1	1	-1	0	17		0
1	245	-1	0	17		0
1	214	-1	0	17		0
1	79	-1	0	17		0
1	1	-1	0	17		0
1	245	-1	0	17		0
1	213	1	229	17		0
1	79	-1	0	17		0
1	229	-1	0	17		0
1	15	-1	0	17		0
1	240	-1	0	17		0
1	79	-1	0	17		0
1	17	-1	0	17		0
1	1	-1	0	17		0
0	0	-1	0	18		0
1	245	-1	0	18		0
1	212	1	79	18		0
1	79	-1	0	18		0
1	79	-1	0	18		0
1	1	-1	0	18		0
1	245	-1	0	18		0
1	213	1	10	18	0062	1
1	79	-1	0	18		0
1	10	-1	0	18		0
1	1	-1	0	18		0
1	245	-1	0	18		0
1	213	1	10	18		1
1	79	-1	0	18		0
1	10	-1	0	18		0
1	1	-1	0	18		0
1	245	-1	0	18		0
1	213	1	14	18		0
1	79	-1	0	18		0
1	14	-1	0	18		0
1	1	-1	0	18		0
1	245	-1	0	18		0
1	213	1	8	18		0
1	79	-1	0	18		0
1	8	-1	0	18		0
1	1	-1	0	18		0
1	245	-1	0	18		0
1	213	1	8	18		0
1	79	-1	0	18		0
1	8	-1	0	18		0
1	1	-1	0	18		0
1	245	-1	0	18		0
1	213	1	79	18		0
1	79	-1	0	18		0
1	79	-1	0	18		0
1	1	-1	0	18		0
1	245	-1	0	18		0
1	213	1	79	18		0
1	79	-1	0	18		0
1	218	-1	0	18		0
1	218	-1	0	18		0
1	79	-1	0	18		0
1	1	-1	0	18		0
1	245	-1	0	18		0
1	213	1	10	18	0062	1
1	79	-1	0	18		0
1	218	-1	0	18		0
1	218	-1	0	18		0
1	10	-1	0	18		0
1	1	-1	0	18		0
1	245	-1	0	18		0
1	213	1	8	18		0
1	79	-1	0	18		0
1	218	-1	0	18		0
1	218	-1	0	18		0
1	8	-1	0	18		0
1	1	-1	0	18		0
1	245	-1	0	18		0
1	212	1	80	18	00230070007200690076006100740065	1
1	79	-1	0	18		0
1	80	-1	0	18		0
1	1	-1	0	18		0
1	245	-1	0	18		0
1	213	1	80	18	00230070007200690076006100740065	1
1	79	-1	0	18		0
1	80	-1	0	18		0
1	1	-1	0	18		0
1	245	-1	0	18		0
1	213	1	10	18	d83dde00	1
1	79	-1	0	18		0
1	10	-1	0	18		0
1	1	-1	0	18		0
1	245	-1	0	18		0
1	213	1	10	18	00610062	1
1	79	-1	0	18		0
1	10	-1	0	18		0
1	1	-1	0	18		0
1	245	-1	0	18		0
1	213	1	10	18	0061000a	1
1	79	-1	0	18		0
1	10	-1	0	18		0
1	1	-1	0	18		0
1	245	-1	0	18		0
1	213	1	111	18		0
1	79	-1	0	18		0
1	111	-1	0	18		0
1	1	-1	0	18		0
1	245	-1	0	18		0
1	213	1	9	18		0
1	79	-1	0	18		0
1	9	-1	0	18		0
1	1	-1	0	18		0
1	245	-1	0	18		0
1	213	1	227	18		0
1	79	-1	0	18		0
1	227	-1	0	18		0
1	79	-1	0	18		0
1	39	-1	0	18		0
1	10	-1	0	18		0
1	1	-1	0	18		0
1	245	-1	0	18		0
1	212	1	79	18		0
1	79	-1	0	18		0
1	28	-1	0	18		0
1	79	-1	0	18		0
1	1	-1	0	18		0
1	245	-1	0	18		0
1	213	1	10	18	0062	1
1	79	-1	0	18		0
1	28	-1	0	18		0
1	10	-1	0	18		0
1	1	-1	0	18		0
1	245	-1	0	18		0
1	218	-1	0	18		0
1	212	1	79	18		0
1	79	-1	0	18		0
1	79	-1	0	18		0
1	1	-1	0	18		0
1	245	-1	0	18		0
1	214	-1	0	18		0
1	79	-1	0	18		0
1	1	-1	0	18		0
1	245	-1	0	18		0
1	213	1	229	18		0
1	79	-1	0	18		0
1	229	-1	0	18		0
1	15	-1	0	18		0
1	240	-1	0	18		0
1	79	-1	0	18		0
1	17	-1	0	18		0
1	1	-1	0	18		0
0	0	-1	0	19		0
1	245	-1	0	19		0
1	212	1	79	19	0062	1
1	79	-1	0	19		0
1	79	-1	0	19		0
1	1	-1	0	19		0
1	245	-1	0	19		0
1	213	1	10	19	0062	1
1	79	-1	0	19		0
1	10	-1	0	19		0
1	1	-1	0	19		0
1	245	-1	0	19		0
1	213	1	10	19		1
1	79	-1	0	19		0
1	10	-1	0	19		0
1	1	-1	0	19		0
1	245	-1	0	19		0
1	213	1	14	19		0
1	79	-1	0	19		0
1	14	-1	0	19		0
1	1	-1	0	19		0
1	245	-1	0	19		0
1	213	1	8	19		0
1	79	-1	0	19		0
1	8	-1	0	19		0
1	1	-1	0	19		0
1	245	-1	0	19		0
1	213	1	8	19		0
1	79	-1	0	19		0
1	8	-1	0	19		0
1	1	-1	0	19		0
1	245	-1	0	19		0
1	213	1	79	19	007600610072006900610062006c0065	1
1	79	-1	0	19		0
1	79	-1	0	19		0
1	1	-1	0	19		0
1	245	-1	0	19		0
1	213	1	79	19	007600610072006900610062006c0065	1
1	79	-1	0	19		0
1	218	-1	0	19		0
1	218	-1	0	19		0
1	79	-1	0	19		0
1	1	-1	0	19		0
1	245	-1	0	19		0
1	213	1	10	19	0062	1
1	79	-1	0	19		0
1	218	-1	0	19		0
1	218	-1	0	19		0
1	10	-1	0	19		0
1	1	-1	0	19		0
1	245	-1	0	19		0
1	213	1	8	19		0
1	79	-1	0	19		0
1	218	-1	0	19		0
1	218	-1	0	19		0
1	8	-1	0	19		0
1	1	-1	0	19		0
1	245	-1	0	19		0
1	212	1	80	19	00230070007200690076006100740065	1
1	79	-1	0	19		0
1	80	-1	0	19		0
1	1	-1	0	19		0
1	245	-1	0	19		0
1	213	1	80	19	00230070007200690076006100740065	1
1	79	-1	0	19		0
1	80	-1	0	19		0
1	1	-1	0	19		0
1	245	-1	0	19		0
1	213	1	10	19	d83dde00	1
1	79	-1	0	19		0
1	10	-1	0	19		0
1	1	-1	0	19		0
1	245	-1	0	19		0
1	213	1	10	19	00610062	1
1	79	-1	0	19		0
1	10	-1	0	19		0
1	1	-1	0	19		0
1	245	-1	0	19		0
1	213	1	10	19	0061000a	1
1	79	-1	0	19		0
1	10	-1	0	19		0
1	1	-1	0	19		0
1	245	-1	0	19		0
1	213	1	111	19		0
1	79	-1	0	19		0
1	111	-1	0	19		0
1	1	-1	0	19		0
1	245	-1	0	19		0
1	213	1	9	19		0
1	79	-1	0	19		0
1	9	-1	0	19		0
1	1	-1	0	19		0
1	245	-1	0	19		0
1	213	1	227	19		0
1	79	-1	0	19		0
1	227	-1	0	19		0
1	79	-1	0	19		0
1	39	-1	0	19		0
1	10	-1	0	19		0
1	1	-1	0	19		0
1	245	-1	0	19		0
1	212	1	79	19	0062	1
1	79	-1	0	19		0
1	28	-1	0	19		0
1	79	-1	0	19		0
1	1	-1	0	19		0
1	245	-1	0	19		0
1	213	1	10	19	0062	1
1	79	-1	0	19		0
1	28	-1	0	19		0
1	10	-1	0	19		0
1	1	-1	0	19		0
1	245	-1	0	19		0
1	218	-1	0	19		0
1	212	1	79	19	0062	1
1	79	-1	0	19		0
1	79	-1	0	19		0
1	1	-1	0	19		0
1	245	-1	0	19		0
1	214	-1	0	19		0
1	79	-1	0	19		0
1	1	-1	0	19		0
1	245	-1	0	19		0
1	213	1	229	19		0
1	79	-1	0	19		0
1	229	-1	0	19		0
1	15	-1	0	19		0
1	240	-1	0	19		0
1	79	-1	0	19		0
1	17	-1	0	19		0
1	1	-1	0	19		0
0	0	-1	0	20		0
1	245	-1	0	20		0
1	212	1	79	20		0
1	79	-1	0	20		0
1	79	-1	0	20		0
1	1	-1	0	20		0
1	245	-1	0	20		0
1	213	1	10	20		0
1	79	-1	0	20		0
1	10	-1	0	20		0
1	1	-1	0	20		0
1	245	-1	0	20		0
1	213	1	10	20		0
1	79	-1	0	20		0
1	10	-1	0	20		0
1	1	-1	0	20		0
1	245	-1	0	20		0
1	213	1	14	20	0062	1
1	79	-1	0	20		0
1	14	-1	0	20		0
1	1	-1	0	20		0
1	245	-1	0	20		0
1	213	1	8	20		0
1	79	-1	0	20		0
1	8	-1	0	20		0
1	1	-1	0	20		0
1	245	-1	0	20		0
1	213	1	8	20		0
1	79	-1	0	20		0
1	8	-1	0	20		0
1	1	-1	0	20		0
1	245	-1	0	20		0
1	213	1	79	20		0
1	79	-1	0	20		0
1	79	-1	0	20		0
1	1	-1	0	20		0
1	245	-1	0	20		0
1	213	1	79	20		0
1	79	-1	0	20		0
1	218	-1	0	20		0
1	218	-1	0	20		0
1	79	-1	0	20		0
1	1	-1	0	20		0
1	245	-1	0	20		0
1	213	1	10	20		0
1	79	-1	0	20		0
1	218	-1	0	20		0
1	218	-1	0	20		0
1	10	-1	0	20		0
1	1	-1	0	20		0
1	245	-1	0	20		0
1	213	1	8	20		0
1	79	-1	0	20		0
1	218	-1	0	20		0
1	218	-1	0	20		0
1	8	-1	0	20		0
1	1	-1	0	20		0
1	245	-1	0	20		0
1	212	1	80	20	00230070007200690076006100740065	1
1	79	-1	0	20		0
1	80	-1	0	20		0
1	1	-1	0	20		0
1	245	-1	0	20		0
1	213	1	80	20	00230070007200690076006100740065	1
1	79	-1	0	20		0
1	80	-1	0	20		0
1	1	-1	0	20		0
1	245	-1	0	20		0
1	213	1	10	20		0
1	79	-1	0	20		0
1	10	-1	0	20		0
1	1	-1	0	20		0
1	245	-1	0	20		0
1	213	1	10	20		0
1	79	-1	0	20		0
1	10	-1	0	20		0
1	1	-1	0	20		0
1	245	-1	0	20		0
1	213	1	10	20		0
1	79	-1	0	20		0
1	10	-1	0	20		0
1	1	-1	0	20		0
1	245	-1	0	20		0
1	213	1	111	20		0
1	79	-1	0	20		0
1	111	-1	0	20		0
1	1	-1	0	20		0
1	245	-1	0	20		0
1	213	1	9	20		0
1	79	-1	0	20		0
1	9	-1	0	20		0
1	1	-1	0	20		0
1	245	-1	0	20		0
1	213	1	227	20		0
1	79	-1	0	20		0
1	227	-1	0	20		0
1	79	-1	0	20		0
1	39	-1	0	20		0
1	10	-1	0	20		0
1	1	-1	0	20		0
1	245	-1	0	20		0
1	212	1	79	20		0
1	79	-1	0	20		0
1	28	-1	0	20		0
1	79	-1	0	20		0
1	1	-1	0	20		0
1	245	-1	0	20		0
1	213	1	10	20		0
1	79	-1	0	20		0
1	28	-1	0	20		0
1	10	-1	0	20		0
1	1	-1	0	20		0
1	245	-1	0	20		0
1	218	-1	0	20		0
1	212	1	79	20		0
1	79	-1	0	20		0
1	79	-1	0	20		0
1	1	-1	0	20		0
1	245	-1	0	20		0
1	214	-1	0	20		0
1	79	-1	0	20		0
1	1	-1	0	20		0
1	245	-1	0	20		0
1	213	1	229	20		0
1	79	-1	0	20		0
1	229	-1	0	20		0
1	15	-1	0	20		0
1	240	-1	0	20		0
1	79	-1	0	20		0
1	17	-1	0	20		0
1	1	-1	0	20		0
0	0	-1	0	21		0
1	245	-1	0	21		0
1	212	1	79	21	0062	1
1	79	-1	0	21		0
1	79	-1	0	21		0
1	1	-1	0	21		0
1	245	-1	0	21		0
1	213	1	10	21		0
1	79	-1	0	21		0
1	10	-1	0	21		0
1	1	-1	0	21		0
1	245	-1	0	21		0
1	213	1	10	21		0
1	79	-1	0	21		0
1	10	-1	0	21		0
1	1	-1	0	21		0
1	245	-1	0	21		0
1	213	1	14	21	0062	1
1	79	-1	0	21		0
1	14	-1	0	21		0
1	1	-1	0	21		0
1	245	-1	0	21		0
1	213	1	8	21		0
1	79	-1	0	21		0
1	8	-1	0	21		0
1	1	-1	0	21		0
1	245	-1	0	21		0
1	213	1	8	21		0
1	79	-1	0	21		0
1	8	-1	0	21		0
1	1	-1	0	21		0
1	245	-1	0	21		0
1	213	1	79	21	007600610072006900610062006c0065	1
1	79	-1	0	21		0
1	79	-1	0	21		0
1	1	-1	0	21		0
1	245	-1	0	21		0
1	213	1	79	21	007600610072006900610062006c0065	1
1	79	-1	0	21		0
1	218	-1	0	21		0
1	218	-1	0	21		0
1	79	-1	0	21		0
1	1	-1	0	21		0
1	245	-1	0	21		0
1	213	1	10	21		0
1	79	-1	0	21		0
1	218	-1	0	21		0
1	218	-1	0	21		0
1	10	-1	0	21		0
1	1	-1	0	21		0
1	245	-1	0	21		0
1	213	1	8	21		0
1	79	-1	0	21		0
1	218	-1	0	21		0
1	218	-1	0	21		0
1	8	-1	0	21		0
1	1	-1	0	21		0
1	245	-1	0	21		0
1	212	1	80	21	00230070007200690076006100740065	1
1	79	-1	0	21		0
1	80	-1	0	21		0
1	1	-1	0	21		0
1	245	-1	0	21		0
1	213	1	80	21	00230070007200690076006100740065	1
1	79	-1	0	21		0
1	80	-1	0	21		0
1	1	-1	0	21		0
1	245	-1	0	21		0
1	213	1	10	21		0
1	79	-1	0	21		0
1	10	-1	0	21		0
1	1	-1	0	21		0
1	245	-1	0	21		0
1	213	1	10	21		0
1	79	-1	0	21		0
1	10	-1	0	21		0
1	1	-1	0	21		0
1	245	-1	0	21		0
1	213	1	10	21		0
1	79	-1	0	21		0
1	10	-1	0	21		0
1	1	-1	0	21		0
1	245	-1	0	21		0
1	213	1	111	21		0
1	79	-1	0	21		0
1	111	-1	0	21		0
1	1	-1	0	21		0
1	245	-1	0	21		0
1	213	1	9	21		0
1	79	-1	0	21		0
1	9	-1	0	21		0
1	1	-1	0	21		0
1	245	-1	0	21		0
1	213	1	227	21		0
1	79	-1	0	21		0
1	227	-1	0	21		0
1	79	-1	0	21		0
1	39	-1	0	21		0
1	10	-1	0	21		0
1	1	-1	0	21		0
1	245	-1	0	21		0
1	212	1	79	21	0062	1
1	79	-1	0	21		0
1	28	-1	0	21		0
1	79	-1	0	21		0
1	1	-1	0	21		0
1	245	-1	0	21		0
1	213	1	10	21		0
1	79	-1	0	21		0
1	28	-1	0	21		0
1	10	-1	0	21		0
1	1	-1	0	21		0
1	245	-1	0	21		0
1	218	-1	0	21		0
1	212	1	79	21	0062	1
1	79	-1	0	21		0
1	79	-1	0	21		0
1	1	-1	0	21		0
1	245	-1	0	21		0
1	214	-1	0	21		0
1	79	-1	0	21		0
1	1	-1	0	21		0
1	245	-1	0	21		0
1	213	1	229	21		0
1	79	-1	0	21		0
1	229	-1	0	21		0
1	15	-1	0	21		0
1	240	-1	0	21		0
1	79	-1	0	21		0
1	17	-1	0	21		0
1	1	-1	0	21		0
0	0	-1	0	22		0
1	245	-1	0	22		0
1	212	1	79	22		0
1	79	-1	0	22		0
1	79	-1	0	22		0
1	1	-1	0	22		0
1	245	-1	0	22		0
1	213	1	10	22	0062	1
1	79	-1	0	22		0
1	10	-1	0	22		0
1	1	-1	0	22		0
1	245	-1	0	22		0
1	213	1	10	22		1
1	79	-1	0	22		0
1	10	-1	0	22		0
1	1	-1	0	22		0
1	245	-1	0	22		0
1	213	1	14	22	0062	1
1	79	-1	0	22		0
1	14	-1	0	22		0
1	1	-1	0	22		0
1	245	-1	0	22		0
1	213	1	8	22		0
1	79	-1	0	22		0
1	8	-1	0	22		0
1	1	-1	0	22		0
1	245	-1	0	22		0
1	213	1	8	22		0
1	79	-1	0	22		0
1	8	-1	0	22		0
1	1	-1	0	22		0
1	245	-1	0	22		0
1	213	1	79	22		0
1	79	-1	0	22		0
1	79	-1	0	22		0
1	1	-1	0	22		0
1	245	-1	0	22		0
1	213	1	79	22		0
1	79	-1	0	22		0
1	218	-1	0	22		0
1	218	-1	0	22		0
1	79	-1	0	22		0
1	1	-1	0	22		0
1	245	-1	0	22		0
1	213	1	10	22	0062	1
1	79	-1	0	22		0
1	218	-1	0	22		0
1	218	-1	0	22		0
1	10	-1	0	22		0
1	1	-1	0	22		0
1	245	-1	0	22		0
1	213	1	8	22		0
1	79	-1	0	22		0
1	218	-1	0	22		0
1	218	-1	0	22		0
1	8	-1	0	22		0
1	1	-1	0	22		0
1	245	-1	0	22		0
1	212	1	80	22	00230070007200690076006100740065	1
1	79	-1	0	22		0
1	80	-1	0	22		0
1	1	-1	0	22		0
1	245	-1	0	22		0
1	213	1	80	22	00230070007200690076006100740065	1
1	79	-1	0	22		0
1	80	-1	0	22		0
1	1	-1	0	22		0
1	245	-1	0	22		0
1	213	1	10	22	d83dde00	1
1	79	-1	0	22		0
1	10	-1	0	22		0
1	1	-1	0	22		0
1	245	-1	0	22		0
1	213	1	10	22	00610062	1
1	79	-1	0	22		0
1	10	-1	0	22		0
1	1	-1	0	22		0
1	245	-1	0	22		0
1	213	1	10	22	0061000a	1
1	79	-1	0	22		0
1	10	-1	0	22		0
1	1	-1	0	22		0
1	245	-1	0	22		0
1	213	1	111	22		0
1	79	-1	0	22		0
1	111	-1	0	22		0
1	1	-1	0	22		0
1	245	-1	0	22		0
1	213	1	9	22		0
1	79	-1	0	22		0
1	9	-1	0	22		0
1	1	-1	0	22		0
1	245	-1	0	22		0
1	213	1	227	22		0
1	79	-1	0	22		0
1	227	-1	0	22		0
1	79	-1	0	22		0
1	39	-1	0	22		0
1	10	-1	0	22		0
1	1	-1	0	22		0
1	245	-1	0	22		0
1	212	1	79	22		0
1	79	-1	0	22		0
1	28	-1	0	22		0
1	79	-1	0	22		0
1	1	-1	0	22		0
1	245	-1	0	22		0
1	213	1	10	22	0062	1
1	79	-1	0	22		0
1	28	-1	0	22		0
1	10	-1	0	22		0
1	1	-1	0	22		0
1	245	-1	0	22		0
1	218	-1	0	22		0
1	212	1	79	22		0
1	79	-1	0	22		0
1	79	-1	0	22		0
1	1	-1	0	22		0
1	245	-1	0	22		0
1	214	-1	0	22		0
1	79	-1	0	22		0
1	1	-1	0	22		0
1	245	-1	0	22		0
1	213	1	229	22		0
1	79	-1	0	22		0
1	229	-1	0	22		0
1	15	-1	0	22		0
1	240	-1	0	22		0
1	79	-1	0	22		0
1	17	-1	0	22		0
1	1	-1	0	22		0
0	0	-1	0	23		0
1	245	-1	0	23		0
1	212	1	79	23	0062	1
1	79	-1	0	23		0
1	79	-1	0	23		0
1	1	-1	0	23		0
1	245	-1	0	23		0
1	213	1	10	23	0062	1
1	79	-1	0	23		0
1	10	-1	0	23		0
1	1	-1	0	23		0
1	245	-1	0	23		0
1	213	1	10	23		1
1	79	-1	0	23		0
1	10	-1	0	23		0
1	1	-1	0	23		0
1	245	-1	0	23		0
1	213	1	14	23	0062	1
1	79	-1	0	23		0
1	14	-1	0	23		0
1	1	-1	0	23		0
1	245	-1	0	23		0
1	213	1	8	23		0
1	79	-1	0	23		0
1	8	-1	0	23		0
1	1	-1	0	23		0
1	245	-1	0	23		0
1	213	1	8	23		0
1	79	-1	0	23		0
1	8	-1	0	23		0
1	1	-1	0	23		0
1	245	-1	0	23		0
1	213	1	79	23	007600610072006900610062006c0065	1
1	79	-1	0	23		0
1	79	-1	0	23		0
1	1	-1	0	23		0
1	245	-1	0	23		0
1	213	1	79	23	007600610072006900610062006c0065	1
1	79	-1	0	23		0
1	218	-1	0	23		0
1	218	-1	0	23		0
1	79	-1	0	23		0
1	1	-1	0	23		0
1	245	-1	0	23		0
1	213	1	10	23	0062	1
1	79	-1	0	23		0
1	218	-1	0	23		0
1	218	-1	0	23		0
1	10	-1	0	23		0
1	1	-1	0	23		0
1	245	-1	0	23		0
1	213	1	8	23		0
1	79	-1	0	23		0
1	218	-1	0	23		0
1	218	-1	0	23		0
1	8	-1	0	23		0
1	1	-1	0	23		0
1	245	-1	0	23		0
1	212	1	80	23	00230070007200690076006100740065	1
1	79	-1	0	23		0
1	80	-1	0	23		0
1	1	-1	0	23		0
1	245	-1	0	23		0
1	213	1	80	23	00230070007200690076006100740065	1
1	79	-1	0	23		0
1	80	-1	0	23		0
1	1	-1	0	23		0
1	245	-1	0	23		0
1	213	1	10	23	d83dde00	1
1	79	-1	0	23		0
1	10	-1	0	23		0
1	1	-1	0	23		0
1	245	-1	0	23		0
1	213	1	10	23	00610062	1
1	79	-1	0	23		0
1	10	-1	0	23		0
1	1	-1	0	23		0
1	245	-1	0	23		0
1	213	1	10	23	0061000a	1
1	79	-1	0	23		0
1	10	-1	0	23		0
1	1	-1	0	23		0
1	245	-1	0	23		0
1	213	1	111	23		0
1	79	-1	0	23		0
1	111	-1	0	23		0
1	1	-1	0	23		0
1	245	-1	0	23		0
1	213	1	9	23		0
1	79	-1	0	23		0
1	9	-1	0	23		0
1	1	-1	0	23		0
1	245	-1	0	23		0
1	213	1	227	23		0
1	79	-1	0	23		0
1	227	-1	0	23		0
1	79	-1	0	23		0
1	39	-1	0	23		0
1	10	-1	0	23		0
1	1	-1	0	23		0
1	245	-1	0	23		0
1	212	1	79	23	0062	1
1	79	-1	0	23		0
1	28	-1	0	23		0
1	79	-1	0	23		0
1	1	-1	0	23		0
1	245	-1	0	23		0
1	213	1	10	23	0062	1
1	79	-1	0	23		0
1	28	-1	0	23		0
1	10	-1	0	23		0
1	1	-1	0	23		0
1	245	-1	0	23		0
1	218	-1	0	23		0
1	212	1	79	23	0062	1
1	79	-1	0	23		0
1	79	-1	0	23		0
1	1	-1	0	23		0
1	245	-1	0	23		0
1	214	-1	0	23		0
1	79	-1	0	23		0
1	1	-1	0	23		0
1	245	-1	0	23		0
1	213	1	229	23		0
1	79	-1	0	23		0
1	229	-1	0	23		0
1	15	-1	0	23		0
1	240	-1	0	23		0
1	79	-1	0	23		0
1	17	-1	0	23		0
1	1	-1	0	23		0
0	0	-1	0	24		0
1	245	-1	0	24		0
1	212	1	79	24		0
1	79	-1	0	24		0
1	79	-1	0	24		0
1	1	-1	0	24		0
1	245	-1	0	24		0
1	213	1	10	24		0
1	79	-1	0	24		0
1	10	-1	0	24		0
1	1	-1	0	24		0
1	245	-1	0	24		0
1	213	1	10	24		0
1	79	-1	0	24		0
1	10	-1	0	24		0
1	1	-1	0	24		0
1	245	-1	0	24		0
1	213	1	14	24		0
1	79	-1	0	24		0
1	14	-1	0	24		0
1	1	-1	0	24		0
1	245	-1	0	24		0
1	213	1	8	24	00310036	1
1	79	-1	0	24		0
1	8	-1	0	24		0
1	1	-1	0	24		0
1	245	-1	0	24		0
1	213	1	8	24	00310030	1
1	79	-1	0	24		0
1	8	-1	0	24		0
1	1	-1	0	24		0
1	245	-1	0	24		0
1	213	1	79	24		0
1	79	-1	0	24		0
1	79	-1	0	24		0
1	1	-1	0	24		0
1	245	-1	0	24		0
1	213	1	79	24		0
1	79	-1	0	24		0
1	218	-1	0	24		0
1	218	-1	0	24		0
1	79	-1	0	24		0
1	1	-1	0	24		0
1	245	-1	0	24		0
1	213	1	10	24		0
1	79	-1	0	24		0
1	218	-1	0	24		0
1	218	-1	0	24		0
1	10	-1	0	24		0
1	1	-1	0	24		0
1	245	-1	0	24		0
1	213	1	8	24	0030	1
1	79	-1	0	24		0
1	218	-1	0	24		0
1	218	-1	0	24		0
1	8	-1	0	24		0
1	1	-1	0	24		0
1	245	-1	0	24		0
1	212	1	80	24	00230070007200690076006100740065	1
1	79	-1	0	24		0
1	80	-1	0	24		0
1	1	-1	0	24		0
1	245	-1	0	24		0
1	213	1	80	24	00230070007200690076006100740065	1
1	79	-1	0	24		0
1	80	-1	0	24		0
1	1	-1	0	24		0
1	245	-1	0	24		0
1	213	1	10	24		0
1	79	-1	0	24		0
1	10	-1	0	24		0
1	1	-1	0	24		0
1	245	-1	0	24		0
1	213	1	10	24		0
1	79	-1	0	24		0
1	10	-1	0	24		0
1	1	-1	0	24		0
1	245	-1	0	24		0
1	213	1	10	24		0
1	79	-1	0	24		0
1	10	-1	0	24		0
1	1	-1	0	24		0
1	245	-1	0	24		0
1	213	1	111	24		0
1	79	-1	0	24		0
1	111	-1	0	24		0
1	1	-1	0	24		0
1	245	-1	0	24		0
1	213	1	9	24		0
1	79	-1	0	24		0
1	9	-1	0	24		0
1	1	-1	0	24		0
1	245	-1	0	24		0
1	213	1	227	24		0
1	79	-1	0	24		0
1	227	-1	0	24		0
1	79	-1	0	24		0
1	39	-1	0	24		0
1	10	-1	0	24		0
1	1	-1	0	24		0
1	245	-1	0	24		0
1	212	1	79	24		0
1	79	-1	0	24		0
1	28	-1	0	24		0
1	79	-1	0	24		0
1	1	-1	0	24		0
1	245	-1	0	24		0
1	213	1	10	24		0
1	79	-1	0	24		0
1	28	-1	0	24		0
1	10	-1	0	24		0
1	1	-1	0	24		0
1	245	-1	0	24		0
1	218	-1	0	24		0
1	212	1	79	24		0
1	79	-1	0	24		0
1	79	-1	0	24		0
1	1	-1	0	24		0
1	245	-1	0	24		0
1	214	-1	0	24		0
1	79	-1	0	24		0
1	1	-1	0	24		0
1	245	-1	0	24		0
1	213	1	229	24		0
1	79	-1	0	24		0
1	229	-1	0	24		0
1	15	-1	0	24		0
1	240	-1	0	24		0
1	79	-1	0	24		0
1	17	-1	0	24		0
1	1	-1	0	24		0
0	0	-1	0	25		0
1	245	-1	0	25		0
1	212	1	79	25	0062	1
1	79	-1	0	25		0
1	79	-1	0	25		0
1	1	-1	0	25		0
1	245	-1	0	25		0
1	213	1	10	25		0
1	79	-1	0	25		0
1	10	-1	0	25		0
1	1	-1	0	25		0
1	245	-1	0	25		0
1	213	1	10	25		0
1	79	-1	0	25		0
1	10	-1	0	25		0
1	1	-1	0	25		0
1	245	-1	0	25		0
1	213	1	14	25		0
1	79	-1	0	25		0
1	14	-1	0	25		0
1	1	-1	0	25		0
1	245	-1	0	25		0
1	213	1	8	25	00310036	1
1	79	-1	0	25		0
1	8	-1	0	25		0
1	1	-1	0	25		0
1	245	-1	0	25		0
1	213	1	8	25	00310030	1
1	79	-1	0	25		0
1	8	-1	0	25		0
1	1	-1	0	25		0
1	245	-1	0	25		0
1	213	1	79	25	007600610072006900610062006c0065	1
1	79	-1	0	25		0
1	79	-1	0	25		0
1	1	-1	0	25		0
1	245	-1	0	25		0
1	213	1	79	25	007600610072006900610062006c0065	1
1	79	-1	0	25		0
1	218	-1	0	25		0
1	218	-1	0	25		0
1	79	-1	0	25		0
1	1	-1	0	25		0
1	245	-1	0	25		0
1	213	1	10	25		0
1	79	-1	0	25		0
1	218	-1	0	25		0
1	218	-1	0	25		0
1	10	-1	0	25		0
1	1	-1	0	25		0
1	245	-1	0	25		0
1	213	1	8	25	0030	1
1	79	-1	0	25		0
1	218	-1	0	25		0
1	218	-1	0	25		0
1	8	-1	0	25		0
1	1	-1	0	25		0
1	245	-1	0	25		0
1	212	1	80	25	00230070007200690076006100740065	1
1	79	-1	0	25		0
1	80	-1	0	25		0
1	1	-1	0	25		0
1	245	-1	0	25		0
1	213	1	80	25	00230070007200690076006100740065	1
1	79	-1	0	25		0
1	80	-1	0	25		0
1	1	-1	0	25		0
1	245	-1	0	25		0
1	213	1	10	25		0
1	79	-1	0	25		0
1	10	-1	0	25		0
1	1	-1	0	25		0
1	245	-1	0	25		0
1	213	1	10	25		0
1	79	-1	0	25		0
1	10	-1	0	25		0
1	1	-1	0	25		0
1	245	-1	0	25		0
1	213	1	10	25		0
1	79	-1	0	25		0
1	10	-1	0	25		0
1	1	-1	0	25		0
1	245	-1	0	25		0
1	213	1	111	25		0
1	79	-1	0	25		0
1	111	-1	0	25		0
1	1	-1	0	25		0
1	245	-1	0	25		0
1	213	1	9	25		0
1	79	-1	0	25		0
1	9	-1	0	25		0
1	1	-1	0	25		0
1	245	-1	0	25		0
1	213	1	227	25		0
1	79	-1	0	25		0
1	227	-1	0	25		0
1	79	-1	0	25		0
1	39	-1	0	25		0
1	10	-1	0	25		0
1	1	-1	0	25		0
1	245	-1	0	25		0
1	212	1	79	25	0062	1
1	79	-1	0	25		0
1	28	-1	0	25		0
1	79	-1	0	25		0
1	1	-1	0	25		0
1	245	-1	0	25		0
1	213	1	10	25		0
1	79	-1	0	25		0
1	28	-1	0	25		0
1	10	-1	0	25		0
1	1	-1	0	25		0
1	245	-1	0	25		0
1	218	-1	0	25		0
1	212	1	79	25	0062	1
1	79	-1	0	25		0
1	79	-1	0	25		0
1	1	-1	0	25		0
1	245	-1	0	25		0
1	214	-1	0	25		0
1	79	-1	0	25		0
1	1	-1	0	25		0
1	245	-1	0	25		0
1	213	1	229	25		0
1	79	-1	0	25		0
1	229	-1	0	25		0
1	15	-1	0	25		0
1	240	-1	0	25		0
1	79	-1	0	25		0
1	17	-1	0	25		0
1	1	-1	0	25		0
0	0	-1	0	26		0
1	245	-1	0	26		0
1	212	1	79	26		0
1	79	-1	0	26		0
1	79	-1	0	26		0
1	1	-1	0	26		0
1	245	-1	0	26		0
1	213	1	10	26	0062	1
1	79	-1	0	26		0
1	10	-1	0	26		0
1	1	-1	0	26		0
1	245	-1	0	26		0
1	213	1	10	26		1
1	79	-1	0	26		0
1	10	-1	0	26		0
1	1	-1	0	26		0
1	245	-1	0	26		0
1	213	1	14	26		0
1	79	-1	0	26		0
1	14	-1	0	26		0
1	1	-1	0	26		0
1	245	-1	0	26		0
1	213	1	8	26	00310036	1
1	79	-1	0	26		0
1	8	-1	0	26		0
1	1	-1	0	26		0
1	245	-1	0	26		0
1	213	1	8	26	00310030	1
1	79	-1	0	26		0
1	8	-1	0	26		0
1	1	-1	0	26		0
1	245	-1	0	26		0
1	213	1	79	26		0
1	79	-1	0	26		0
1	79	-1	0	26		0
1	1	-1	0	26		0
1	245	-1	0	26		0
1	213	1	79	26		0
1	79	-1	0	26		0
1	218	-1	0	26		0
1	218	-1	0	26		0
1	79	-1	0	26		0
1	1	-1	0	26		0
1	245	-1	0	26		0
1	213	1	10	26	0062	1
1	79	-1	0	26		0
1	218	-1	0	26		0
1	218	-1	0	26		0
1	10	-1	0	26		0
1	1	-1	0	26		0
1	245	-1	0	26		0
1	213	1	8	26	0030	1
1	79	-1	0	26		0
1	218	-1	0	26		0
1	218	-1	0	26		0
1	8	-1	0	26		0
1	1	-1	0	26		0
1	245	-1	0	26		0
1	212	1	80	26	00230070007200690076006100740065	1
1	79	-1	0	26		0
1	80	-1	0	26		0
1	1	-1	0	26		0
1	245	-1	0	26		0
1	213	1	80	26	00230070007200690076006100740065	1
1	79	-1	0	26		0
1	80	-1	0	26		0
1	1	-1	0	26		0
1	245	-1	0	26		0
1	213	1	10	26	d83dde00	1
1	79	-1	0	26		0
1	10	-1	0	26		0
1	1	-1	0	26		0
1	245	-1	0	26		0
1	213	1	10	26	00610062	1
1	79	-1	0	26		0
1	10	-1	0	26		0
1	1	-1	0	26		0
1	245	-1	0	26		0
1	213	1	10	26	0061000a	1
1	79	-1	0	26		0
1	10	-1	0	26		0
1	1	-1	0	26		0
1	245	-1	0	26		0
1	213	1	111	26		0
1	79	-1	0	26		0
1	111	-1	0	26		0
1	1	-1	0	26		0
1	245	-1	0	26		0
1	213	1	9	26		0
1	79	-1	0	26		0
1	9	-1	0	26		0
1	1	-1	0	26		0
1	245	-1	0	26		0
1	213	1	227	26		0
1	79	-1	0	26		0
1	227	-1	0	26		0
1	79	-1	0	26		0
1	39	-1	0	26		0
1	10	-1	0	26		0
1	1	-1	0	26		0
1	245	-1	0	26		0
1	212	1	79	26		0
1	79	-1	0	26		0
1	28	-1	0	26		0
1	79	-1	0	26		0
1	1	-1	0	26		0
1	245	-1	0	26		0
1	213	1	10	26	0062	1
1	79	-1	0	26		0
1	28	-1	0	26		0
1	10	-1	0	26		0
1	1	-1	0	26		0
1	245	-1	0	26		0
1	218	-1	0	26		0
1	212	1	79	26		0
1	79	-1	0	26		0
1	79	-1	0	26		0
1	1	-1	0	26		0
1	245	-1	0	26		0
1	214	-1	0	26		0
1	79	-1	0	26		0
1	1	-1	0	26		0
1	245	-1	0	26		0
1	213	1	229	26		0
1	79	-1	0	26		0
1	229	-1	0	26		0
1	15	-1	0	26		0
1	240	-1	0	26		0
1	79	-1	0	26		0
1	17	-1	0	26		0
1	1	-1	0	26		0
0	0	-1	0	27		0
1	245	-1	0	27		0
1	212	1	79	27	0062	1
1	79	-1	0	27		0
1	79	-1	0	27		0
1	1	-1	0	27		0
1	245	-1	0	27		0
1	213	1	10	27	0062	1
1	79	-1	0	27		0
1	10	-1	0	27		0
1	1	-1	0	27		0
1	245	-1	0	27		0
1	213	1	10	27		1
1	79	-1	0	27		0
1	10	-1	0	27		0
1	1	-1	0	27		0
1	245	-1	0	27		0
1	213	1	14	27		0
1	79	-1	0	27		0
1	14	-1	0	27		0
1	1	-1	0	27		0
1	245	-1	0	27		0
1	213	1	8	27	00310036	1
1	79	-1	0	27		0
1	8	-1	0	27		0
1	1	-1	0	27		0
1	245	-1	0	27		0
1	213	1	8	27	00310030	1
1	79	-1	0	27		0
1	8	-1	0	27		0
1	1	-1	0	27		0
1	245	-1	0	27		0
1	213	1	79	27	007600610072006900610062006c0065	1
1	79	-1	0	27		0
1	79	-1	0	27		0
1	1	-1	0	27		0
1	245	-1	0	27		0
1	213	1	79	27	007600610072006900610062006c0065	1
1	79	-1	0	27		0
1	218	-1	0	27		0
1	218	-1	0	27		0
1	79	-1	0	27		0
1	1	-1	0	27		0
1	245	-1	0	27		0
1	213	1	10	27	0062	1
1	79	-1	0	27		0
1	218	-1	0	27		0
1	218	-1	0	27		0
1	10	-1	0	27		0
1	1	-1	0	27		0
1	245	-1	0	27		0
1	213	1	8	27	0030	1
1	79	-1	0	27		0
1	218	-1	0	27		0
1	218	-1	0	27		0
1	8	-1	0	27		0
1	1	-1	0	27		0
1	245	-1	0	27		0
1	212	1	80	27	00230070007200690076006100740065	1
1	79	-1	0	27		0
1	80	-1	0	27		0
1	1	-1	0	27		0
1	245	-1	0	27		0
1	213	1	80	27	00230070007200690076006100740065	1
1	79	-1	0	27		0
1	80	-1	0	27		0
1	1	-1	0	27		0
1	245	-1	0	27		0
1	213	1	10	27	d83dde00	1
1	79	-1	0	27		0
1	10	-1	0	27		0
1	1	-1	0	27		0
1	245	-1	0	27		0
1	213	1	10	27	00610062	1
1	79	-1	0	27		0
1	10	-1	0	27		0
1	1	-1	0	27		0
1	245	-1	0	27		0
1	213	1	10	27	0061000a	1
1	79	-1	0	27		0
1	10	-1	0	27		0
1	1	-1	0	27		0
1	245	-1	0	27		0
1	213	1	111	27		0
1	79	-1	0	27		0
1	111	-1	0	27		0
1	1	-1	0	27		0
1	245	-1	0	27		0
1	213	1	9	27		0
1	79	-1	0	27		0
1	9	-1	0	27		0
1	1	-1	0	27		0
1	245	-1	0	27		0
1	213	1	227	27		0
1	79	-1	0	27		0
1	227	-1	0	27		0
1	79	-1	0	27		0
1	39	-1	0	27		0
1	10	-1	0	27		0
1	1	-1	0	27		0
1	245	-1	0	27		0
1	212	1	79	27	0062	1
1	79	-1	0	27		0
1	28	-1	0	27		0
1	79	-1	0	27		0
1	1	-1	0	27		0
1	245	-1	0	27		0
1	213	1	10	27	0062	1
1	79	-1	0	27		0
1	28	-1	0	27		0
1	10	-1	0	27		0
1	1	-1	0	27		0
1	245	-1	0	27		0
1	218	-1	0	27		0
1	212	1	79	27	0062	1
1	79	-1	0	27		0
1	79	-1	0	27		0
1	1	-1	0	27		0
1	245	-1	0	27		0
1	214	-1	0	27		0
1	79	-1	0	27		0
1	1	-1	0	27		0
1	245	-1	0	27		0
1	213	1	229	27		0
1	79	-1	0	27		0
1	229	-1	0	27		0
1	15	-1	0	27		0
1	240	-1	0	27		0
1	79	-1	0	27		0
1	17	-1	0	27		0
1	1	-1	0	27		0
0	0	-1	0	28		0
1	245	-1	0	28		0
1	212	1	79	28		0
1	79	-1	0	28		0
1	79	-1	0	28		0
1	1	-1	0	28		0
1	245	-1	0	28		0
1	213	1	10	28		0
1	79	-1	0	28		0
1	10	-1	0	28		0
1	1	-1	0	28		0
1	245	-1	0	28		0
1	213	1	10	28		0
1	79	-1	0	28		0
1	10	-1	0	28		0
1	1	-1	0	28		0
1	245	-1	0	28		0
1	213	1	14	28	0062	1
1	79	-1	0	28		0
1	14	-1	0	28		0
1	1	-1	0	28		0
1	245	-1	0	28		0
1	213	1	8	28	00310036	1
1	79	-1	0	28		0
1	8	-1	0	28		0
1	1	-1	0	28		0
1	245	-1	0	28		0
1	213	1	8	28	00310030	1
1	79	-1	0	28		0
1	8	-1	0	28		0
1	1	-1	0	28		0
1	245	-1	0	28		0
1	213	1	79	28		0
1	79	-1	0	28		0
1	79	-1	0	28		0
1	1	-1	0	28		0
1	245	-1	0	28		0
1	213	1	79	28		0
1	79	-1	0	28		0
1	218	-1	0	28		0
1	218	-1	0	28		0
1	79	-1	0	28		0
1	1	-1	0	28		0
1	245	-1	0	28		0
1	213	1	10	28		0
1	79	-1	0	28		0
1	218	-1	0	28		0
1	218	-1	0	28		0
1	10	-1	0	28		0
1	1	-1	0	28		0
1	245	-1	0	28		0
1	213	1	8	28	0030	1
1	79	-1	0	28		0
1	218	-1	0	28		0
1	218	-1	0	28		0
1	8	-1	0	28		0
1	1	-1	0	28		0
1	245	-1	0	28		0
1	212	1	80	28	00230070007200690076006100740065	1
1	79	-1	0	28		0
1	80	-1	0	28		0
1	1	-1	0	28		0
1	245	-1	0	28		0
1	213	1	80	28	00230070007200690076006100740065	1
1	79	-1	0	28		0
1	80	-1	0	28		0
1	1	-1	0	28		0
1	245	-1	0	28		0
1	213	1	10	28		0
1	79	-1	0	28		0
1	10	-1	0	28		0
1	1	-1	0	28		0
1	245	-1	0	28		0
1	213	1	10	28		0
1	79	-1	0	28		0
1	10	-1	0	28		0
1	1	-1	0	28		0
1	245	-1	0	28		0
1	213	1	10	28		0
1	79	-1	0	28		0
1	10	-1	0	28		0
1	1	-1	0	28		0
1	245	-1	0	28		0
1	213	1	111	28		0
1	79	-1	0	28		0
1	111	-1	0	28		0
1	1	-1	0	28		0
1	245	-1	0	28		0
1	213	1	9	28		0
1	79	-1	0	28		0
1	9	-1	0	28		0
1	1	-1	0	28		0
1	245	-1	0	28		0
1	213	1	227	28		0
1	79	-1	0	28		0
1	227	-1	0	28		0
1	79	-1	0	28		0
1	39	-1	0	28		0
1	10	-1	0	28		0
1	1	-1	0	28		0
1	245	-1	0	28		0
1	212	1	79	28		0
1	79	-1	0	28		0
1	28	-1	0	28		0
1	79	-1	0	28		0
1	1	-1	0	28		0
1	245	-1	0	28		0
1	213	1	10	28		0
1	79	-1	0	28		0
1	28	-1	0	28		0
1	10	-1	0	28		0
1	1	-1	0	28		0
1	245	-1	0	28		0
1	218	-1	0	28		0
1	212	1	79	28		0
1	79	-1	0	28		0
1	79	-1	0	28		0
1	1	-1	0	28		0
1	245	-1	0	28		0
1	214	-1	0	28		0
1	79	-1	0	28		0
1	1	-1	0	28		0
1	245	-1	0	28		0
1	213	1	229	28		0
1	79	-1	0	28		0
1	229	-1	0	28		0
1	15	-1	0	28		0
1	240	-1	0	28		0
1	79	-1	0	28		0
1	17	-1	0	28		0
1	1	-1	0	28		0
0	0	-1	0	29		0
1	245	-1	0	29		0
1	212	1	79	29	0062	1
1	79	-1	0	29		0
1	79	-1	0	29		0
1	1	-1	0	29		0
1	245	-1	0	29		0
1	213	1	10	29		0
1	79	-1	0	29		0
1	10	-1	0	29		0
1	1	-1	0	29		0
1	245	-1	0	29		0
1	213	1	10	29		0
1	79	-1	0	29		0
1	10	-1	0	29		0
1	1	-1	0	29		0
1	245	-1	0	29		0
1	213	1	14	29	0062	1
1	79	-1	0	29		0
1	14	-1	0	29		0
1	1	-1	0	29		0
1	245	-1	0	29		0
1	213	1	8	29	00310036	1
1	79	-1	0	29		0
1	8	-1	0	29		0
1	1	-1	0	29		0
1	245	-1	0	29		0
1	213	1	8	29	00310030	1
1	79	-1	0	29		0
1	8	-1	0	29		0
1	1	-1	0	29		0
1	245	-1	0	29		0
1	213	1	79	29	007600610072006900610062006c0065	1
1	79	-1	0	29		0
1	79	-1	0	29		0
1	1	-1	0	29		0
1	245	-1	0	29		0
1	213	1	79	29	007600610072006900610062006c0065	1
1	79	-1	0	29		0
1	218	-1	0	29		0
1	218	-1	0	29		0
1	79	-1	0	29		0
1	1	-1	0	29		0
1	245	-1	0	29		0
1	213	1	10	29		0
1	79	-1	0	29		0
1	218	-1	0	29		0
1	218	-1	0	29		0
1	10	-1	0	29		0
1	1	-1	0	29		0
1	245	-1	0	29		0
1	213	1	8	29	0030	1
1	79	-1	0	29		0
1	218	-1	0	29		0
1	218	-1	0	29		0
1	8	-1	0	29		0
1	1	-1	0	29		0
1	245	-1	0	29		0
1	212	1	80	29	00230070007200690076006100740065	1
1	79	-1	0	29		0
1	80	-1	0	29		0
1	1	-1	0	29		0
1	245	-1	0	29		0
1	213	1	80	29	00230070007200690076006100740065	1
1	79	-1	0	29		0
1	80	-1	0	29		0
1	1	-1	0	29		0
1	245	-1	0	29		0
1	213	1	10	29		0
1	79	-1	0	29		0
1	10	-1	0	29		0
1	1	-1	0	29		0
1	245	-1	0	29		0
1	213	1	10	29		0
1	79	-1	0	29		0
1	10	-1	0	29		0
1	1	-1	0	29		0
1	245	-1	0	29		0
1	213	1	10	29		0
1	79	-1	0	29		0
1	10	-1	0	29		0
1	1	-1	0	29		0
1	245	-1	0	29		0
1	213	1	111	29		0
1	79	-1	0	29		0
1	111	-1	0	29		0
1	1	-1	0	29		0
1	245	-1	0	29		0
1	213	1	9	29		0
1	79	-1	0	29		0
1	9	-1	0	29		0
1	1	-1	0	29		0
1	245	-1	0	29		0
1	213	1	227	29		0
1	79	-1	0	29		0
1	227	-1	0	29		0
1	79	-1	0	29		0
1	39	-1	0	29		0
1	10	-1	0	29		0
1	1	-1	0	29		0
1	245	-1	0	29		0
1	212	1	79	29	0062	1
1	79	-1	0	29		0
1	28	-1	0	29		0
1	79	-1	0	29		0
1	1	-1	0	29		0
1	245	-1	0	29		0
1	213	1	10	29		0
1	79	-1	0	29		0
1	28	-1	0	29		0
1	10	-1	0	29		0
1	1	-1	0	29		0
1	245	-1	0	29		0
1	218	-1	0	29		0
1	212	1	79	29	0062	1
1	79	-1	0	29		0
1	79	-1	0	29		0
1	1	-1	0	29		0
1	245	-1	0	29		0
1	214	-1	0	29		0
1	79	-1	0	29		0
1	1	-1	0	29		0
1	245	-1	0	29		0
1	213	1	229	29		0
1	79	-1	0	29		0
1	229	-1	0	29		0
1	15	-1	0	29		0
1	240	-1	0	29		0
1	79	-1	0	29		0
1	17	-1	0	29		0
1	1	-1	0	29		0
0	0	-1	0	30		0
1	245	-1	0	30		0
1	212	1	79	30		0
1	79	-1	0	30		0
1	79	-1	0	30		0
1	1	-1	0	30		0
1	245	-1	0	30		0
1	213	1	10	30	0062	1
1	79	-1	0	30		0
1	10	-1	0	30		0
1	1	-1	0	30		0
1	245	-1	0	30		0
1	213	1	10	30		1
1	79	-1	0	30		0
1	10	-1	0	30		0
1	1	-1	0	30		0
1	245	-1	0	30		0
1	213	1	14	30	0062	1
1	79	-1	0	30		0
1	14	-1	0	30		0
1	1	-1	0	30		0
1	245	-1	0	30		0
1	213	1	8	30	00310036	1
1	79	-1	0	30		0
1	8	-1	0	30		0
1	1	-1	0	30		0
1	245	-1	0	30		0
1	213	1	8	30	00310030	1
1	79	-1	0	30		0
1	8	-1	0	30		0
1	1	-1	0	30		0
1	245	-1	0	30		0
1	213	1	79	30		0
1	79	-1	0	30		0
1	79	-1	0	30		0
1	1	-1	0	30		0
1	245	-1	0	30		0
1	213	1	79	30		0
1	79	-1	0	30		0
1	218	-1	0	30		0
1	218	-1	0	30		0
1	79	-1	0	30		0
1	1	-1	0	30		0
1	245	-1	0	30		0
1	213	1	10	30	0062	1
1	79	-1	0	30		0
1	218	-1	0	30		0
1	218	-1	0	30		0
1	10	-1	0	30		0
1	1	-1	0	30		0
1	245	-1	0	30		0
1	213	1	8	30	0030	1
1	79	-1	0	30		0
1	218	-1	0	30		0
1	218	-1	0	30		0
1	8	-1	0	30		0
1	1	-1	0	30		0
1	245	-1	0	30		0
1	212	1	80	30	00230070007200690076006100740065	1
1	79	-1	0	30		0
1	80	-1	0	30		0
1	1	-1	0	30		0
1	245	-1	0	30		0
1	213	1	80	30	00230070007200690076006100740065	1
1	79	-1	0	30		0
1	80	-1	0	30		0
1	1	-1	0	30		0
1	245	-1	0	30		0
1	213	1	10	30	d83dde00	1
1	79	-1	0	30		0
1	10	-1	0	30		0
1	1	-1	0	30		0
1	245	-1	0	30		0
1	213	1	10	30	00610062	1
1	79	-1	0	30		0
1	10	-1	0	30		0
1	1	-1	0	30		0
1	245	-1	0	30		0
1	213	1	10	30	0061000a	1
1	79	-1	0	30		0
1	10	-1	0	30		0
1	1	-1	0	30		0
1	245	-1	0	30		0
1	213	1	111	30		0
1	79	-1	0	30		0
1	111	-1	0	30		0
1	1	-1	0	30		0
1	245	-1	0	30		0
1	213	1	9	30		0
1	79	-1	0	30		0
1	9	-1	0	30		0
1	1	-1	0	30		0
1	245	-1	0	30		0
1	213	1	227	30		0
1	79	-1	0	30		0
1	227	-1	0	30		0
1	79	-1	0	30		0
1	39	-1	0	30		0
1	10	-1	0	30		0
1	1	-1	0	30		0
1	245	-1	0	30		0
1	212	1	79	30		0
1	79	-1	0	30		0
1	28	-1	0	30		0
1	79	-1	0	30		0
1	1	-1	0	30		0
1	245	-1	0	30		0
1	213	1	10	30	0062	1
1	79	-1	0	30		0
1	28	-1	0	30		0
1	10	-1	0	30		0
1	1	-1	0	30		0
1	245	-1	0	30		0
1	218	-1	0	30		0
1	212	1	79	30		0
1	79	-1	0	30		0
1	79	-1	0	30		0
1	1	-1	0	30		0
1	245	-1	0	30		0
1	214	-1	0	30		0
1	79	-1	0	30		0
1	1	-1	0	30		0
1	245	-1	0	30		0
1	213	1	229	30		0
1	79	-1	0	30		0
1	229	-1	0	30		0
1	15	-1	0	30		0
1	240	-1	0	30		0
1	79	-1	0	30		0
1	17	-1	0	30		0
1	1	-1	0	30		0
0	0	-1	0	31		0
1	245	-1	0	31		0
1	212	1	79	31	0062	1
1	79	-1	0	31		0
1	79	-1	0	31		0
1	1	-1	0	31		0
1	245	-1	0	31		0
1	213	1	10	31	0062	1
1	79	-1	0	31		0
1	10	-1	0	31		0
1	1	-1	0	31		0
1	245	-1	0	31		0
1	213	1	10	31		1
1	79	-1	0	31		0
1	10	-1	0	31		0
1	1	-1	0	31		0
1	245	-1	0	31		0
1	213	1	14	31	0062	1
1	79	-1	0	31		0
1	14	-1	0	31		0
1	1	-1	0	31		0
1	245	-1	0	31		0
1	213	1	8	31	00310036	1
1	79	-1	0	31		0
1	8	-1	0	31		0
1	1	-1	0	31		0
1	245	-1	0	31		0
1	213	1	8	31	00310030	1
1	79	-1	0	31		0
1	8	-1	0	31		0
1	1	-1	0	31		0
1	245	-1	0	31		0
1	213	1	79	31	007600610072006900610062006c0065	1
1	79	-1	0	31		0
1	79	-1	0	31		0
1	1	-1	0	31		0
1	245	-1	0	31		0
1	213	1	79	31	007600610072006900610062006c0065	1
1	79	-1	0	31		0
1	218	-1	0	31		0
1	218	-1	0	31		0
1	79	-1	0	31		0
1	1	-1	0	31		0
1	245	-1	0	31		0
1	213	1	10	31	0062	1
1	79	-1	0	31		0
1	218	-1	0	31		0
1	218	-1	0	31		0
1	10	-1	0	31		0
1	1	-1	0	31		0
1	245	-1	0	31		0
1	213	1	8	31	0030	1
1	79	-1	0	31		0
1	218	-1	0	31		0
1	218	-1	0	31		0
1	8	-1	0	31		0
1	1	-1	0	31		0
1	245	-1	0	31		0
1	212	1	80	31	00230070007200690076006100740065	1
1	79	-1	0	31		0
1	80	-1	0	31		0
1	1	-1	0	31		0
1	245	-1	0	31		0
1	213	1	80	31	00230070007200690076006100740065	1
1	79	-1	0	31		0
1	80	-1	0	31		0
1	1	-1	0	31		0
1	245	-1	0	31		0
1	213	1	10	31	d83dde00	1
1	79	-1	0	31		0
1	10	-1	0	31		0
1	1	-1	0	31		0
1	245	-1	0	31		0
1	213	1	10	31	00610062	1
1	79	-1	0	31		0
1	10	-1	0	31		0
1	1	-1	0	31		0
1	245	-1	0	31		0
1	213	1	10	31	0061000a	1
1	79	-1	0	31		0
1	10	-1	0	31		0
1	1	-1	0	31		0
1	245	-1	0	31		0
1	213	1	111	31		0
1	79	-1	0	31		0
1	111	-1	0	31		0
1	1	-1	0	31		0
1	245	-1	0	31		0
1	213	1	9	31		0
1	79	-1	0	31		0
1	9	-1	0	31		0
1	1	-1	0	31		0
1	245	-1	0	31		0
1	213	1	227	31		0
1	79	-1	0	31		0
1	227	-1	0	31		0
1	79	-1	0	31		0
1	39	-1	0	31		0
1	10	-1	0	31		0
1	1	-1	0	31		0
1	245	-1	0	31		0
1	212	1	79	31	0062	1
1	79	-1	0	31		0
1	28	-1	0	31		0
1	79	-1	0	31		0
1	1	-1	0	31		0
1	245	-1	0	31		0
1	213	1	10	31	0062	1
1	79	-1	0	31		0
1	28	-1	0	31		0
1	10	-1	0	31		0
1	1	-1	0	31		0
1	245	-1	0	31		0
1	218	-1	0	31		0
1	212	1	79	31	0062	1
1	79	-1	0	31		0
1	79	-1	0	31		0
1	1	-1	0	31		0
1	245	-1	0	31		0
1	214	-1	0	31		0
1	79	-1	0	31		0
1	1	-1	0	31		0
1	245	-1	0	31		0
1	213	1	229	31		0
1	79	-1	0	31		0
1	229	-1	0	31		0
1	15	-1	0	31		0
1	240	-1	0	31		0
1	79	-1	0	31		0
1	17	-1	0	31		0
1	1	-1	0	31		0
0	0	-1	0	32		0
1	245	-1	0	32		0
1	212	1	79	32		0
1	79	-1	0	32		0
1	79	-1	0	32		0
1	1	-1	0	32		0
1	245	-1	0	32		0
1	213	1	10	32		0
1	79	-1	0	32		0
1	10	-1	0	32		0
1	1	-1	0	32		0
1	245	-1	0	32		0
1	213	1	10	32		0
1	79	-1	0	32		0
1	10	-1	0	32		0
1	1	-1	0	32		0
1	245	-1	0	32		0
1	213	1	14	32		0
1	79	-1	0	32		0
1	14	-1	0	32		0
1	1	-1	0	32		0
1	245	-1	0	32		0
1	213	1	8	32		0
1	79	-1	0	32		0
1	8	-1	0	32		0
1	1	-1	0	32		0
1	245	-1	0	32		0
1	213	1	8	32		0
1	79	-1	0	32		0
1	8	-1	0	32		0
1	1	-1	0	32		0
1	245	-1	0	32		0
1	213	1	79	32		0
1	79	-1	0	32		0
1	79	-1	0	32		0
1	1	-1	0	32		0
1	245	-1	0	32		0
1	213	1	79	32		0
1	79	-1	0	32		0
1	218	-1	0	32		0
1	218	-1	0	32		0
1	79	-1	0	32		0
1	1	-1	0	32		0
1	245	-1	0	32		0
1	213	1	10	32		0
1	79	-1	0	32		0
1	218	-1	0	32		0
1	218	-1	0	32		0
1	10	-1	0	32		0
1	1	-1	0	32		0
1	245	-1	0	32		0
1	213	1	8	32		0
1	79	-1	0	32		0
1	218	-1	0	32		0
1	218	-1	0	32		0
1	8	-1	0	32		0
1	1	-1	0	32		0
1	245	-1	0	32		0
1	212	1	80	32		0
1	79	-1	0	32		0
1	80	-1	0	32		0
1	1	-1	0	32		0
1	245	-1	0	32		0
1	213	1	80	32		0
1	79	-1	0	32		0
1	80	-1	0	32		0
1	1	-1	0	32		0
1	245	-1	0	32		0
1	213	1	10	32		0
1	79	-1	0	32		0
1	10	-1	0	32		0
1	1	-1	0	32		0
1	245	-1	0	32		0
1	213	1	10	32		0
1	79	-1	0	32		0
1	10	-1	0	32		0
1	1	-1	0	32		0
1	245	-1	0	32		0
1	213	1	10	32		0
1	79	-1	0	32		0
1	10	-1	0	32		0
1	1	-1	0	32		0
1	245	-1	0	32		0
1	213	1	111	32		0
1	79	-1	0	32		0
1	111	-1	0	32		0
1	1	-1	0	32		0
1	245	-1	0	32		0
1	213	1	9	32		0
1	79	-1	0	32		0
1	9	-1	0	32		0
1	1	-1	0	32		0
1	245	-1	0	32		0
1	213	1	227	32		0
1	79	-1	0	32		0
1	227	-1	0	32		0
1	79	-1	0	32		0
1	39	-1	0	32		0
1	10	-1	0	32		0
1	1	-1	0	32		0
1	245	-1	0	32		0
1	212	1	79	32		0
1	79	-1	0	32		0
1	28	-1	0	32		0
1	79	-1	0	32		0
1	1	-1	0	32		0
1	245	-1	0	32		0
1	213	1	10	32		0
1	79	-1	0	32		0
1	28	-1	0	32		0
1	10	-1	0	32		0
1	1	-1	0	32		0
1	245	-1	0	32		0
1	218	-1	0	32		0
1	212	1	79	32		0
1	79	-1	0	32		0
1	79	-1	0	32		0
1	1	-1	0	32		0
1	245	-1	0	32		0
1	214	-1	0	32		0
1	79	-1	0	32		0
1	1	-1	0	32		0
1	245	-1	0	32		0
1	213	1	229	32		0
1	79	-1	0	32		0
1	229	-1	0	32		0
1	15	-1	0	32		0
1	240	-1	0	32		0
1	79	-1	0	32		0
1	17	-1	0	32		0
1	1	-1	0	32		0
0	0	-1	0	33		0
1	245	-1	0	33		0
1	212	1	79	33	0062	1
1	79	-1	0	33		0
1	79	-1	0	33		0
1	1	-1	0	33		0
1	245	-1	0	33		0
1	213	1	10	33		0
1	79	-1	0	33		0
1	10	-1	0	33		0
1	1	-1	0	33		0
1	245	-1	0	33		0
1	213	1	10	33		0
1	79	-1	0	33		0
1	10	-1	0	33		0
1	1	-1	0	33		0
1	245	-1	0	33		0
1	213	1	14	33		0
1	79	-1	0	33		0
1	14	-1	0	33		0
1	1	-1	0	33		0
1	245	-1	0	33		0
1	213	1	8	33		0
1	79	-1	0	33		0
1	8	-1	0	33		0
1	1	-1	0	33		0
1	245	-1	0	33		0
1	213	1	8	33		0
1	79	-1	0	33		0
1	8	-1	0	33		0
1	1	-1	0	33		0
1	245	-1	0	33		0
1	213	1	79	33	007600610072006900610062006c0065	1
1	79	-1	0	33		0
1	79	-1	0	33		0
1	1	-1	0	33		0
1	245	-1	0	33		0
1	213	1	79	33	007600610072006900610062006c0065	1
1	79	-1	0	33		0
1	218	-1	0	33		0
1	218	-1	0	33		0
1	79	-1	0	33		0
1	1	-1	0	33		0
1	245	-1	0	33		0
1	213	1	10	33		0
1	79	-1	0	33		0
1	218	-1	0	33		0
1	218	-1	0	33		0
1	10	-1	0	33		0
1	1	-1	0	33		0
1	245	-1	0	33		0
1	213	1	8	33		0
1	79	-1	0	33		0
1	218	-1	0	33		0
1	218	-1	0	33		0
1	8	-1	0	33		0
1	1	-1	0	33		0
1	245	-1	0	33		0
1	212	1	80	33		0
1	79	-1	0	33		0
1	80	-1	0	33		0
1	1	-1	0	33		0
1	245	-1	0	33		0
1	213	1	80	33		0
1	79	-1	0	33		0
1	80	-1	0	33		0
1	1	-1	0	33		0
1	245	-1	0	33		0
1	213	1	10	33		0
1	79	-1	0	33		0
1	10	-1	0	33		0
1	1	-1	0	33		0
1	245	-1	0	33		0
1	213	1	10	33		0
1	79	-1	0	33		0
1	10	-1	0	33		0
1	1	-1	0	33		0
1	245	-1	0	33		0
1	213	1	10	33		0
1	79	-1	0	33		0
1	10	-1	0	33		0
1	1	-1	0	33		0
1	245	-1	0	33		0
1	213	1	111	33		0
1	79	-1	0	33		0
1	111	-1	0	33		0
1	1	-1	0	33		0
1	245	-1	0	33		0
1	213	1	9	33		0
1	79	-1	0	33		0
1	9	-1	0	33		0
1	1	-1	0	33		0
1	245	-1	0	33		0
1	213	1	227	33		0
1	79	-1	0	33		0
1	227	-1	0	33		0
1	79	-1	0	33		0
1	39	-1	0	33		0
1	10	-1	0	33		0
1	1	-1	0	33		0
1	245	-1	0	33		0
1	212	1	79	33	0062	1
1	79	-1	0	33		0
1	28	-1	0	33		0
1	79	-1	0	33		0
1	1	-1	0	33		0
1	245	-1	0	33		0
1	213	1	10	33		0
1	79	-1	0	33		0
1	28	-1	0	33		0
1	10	-1	0	33		0
1	1	-1	0	33		0
1	245	-1	0	33		0
1	218	-1	0	33		0
1	212	1	79	33	0062	1
1	79	-1	0	33		0
1	79	-1	0	33		0
1	1	-1	0	33		0
1	245	-1	0	33		0
1	214	-1	0	33		0
1	79	-1	0	33		0
1	1	-1	0	33		0
1	245	-1	0	33		0
1	213	1	229	33		0
1	79	-1	0	33		0
1	229	-1	0	33		0
1	15	-1	0	33		0
1	240	-1	0	33		0
1	79	-1	0	33		0
1	17	-1	0	33		0
1	1	-1	0	33		0
0	0	-1	0	34		0
1	245	-1	0	34		0
1	212	1	79	34		0
1	79	-1	0	34		0
1	79	-1	0	34		0
1	1	-1	0	34		0
1	245	-1	0	34		0
1	213	1	10	34	0062	1
1	79	-1	0	34		0
1	10	-1	0	34		0
1	1	-1	0	34		0
1	245	-1	0	34		0
1	213	1	10	34		1
1	79	-1	0	34		0
1	10	-1	0	34		0
1	1	-1	0	34		0
1	245	-1	0	34		0
1	213	1	14	34		0
1	79	-1	0	34		0
1	14	-1	0	34		0
1	1	-1	0	34		0
1	245	-1	0	34		0
1	213	1	8	34		0
1	79	-1	0	34		0
1	8	-1	0	34		0
1	1	-1	0	34		0
1	245	-1	0	34		0
1	213	1	8	34		0
1	79	-1	0	34		0
1	8	-1	0	34		0
1	1	-1	0	34		0
1	245	-1	0	34		0
1	213	1	79	34		0
1	79	-1	0	34		0
1	79	-1	0	34		0
1	1	-1	0	34		0
1	245	-1	0	34		0
1	213	1	79	34		0
1	79	-1	0	34		0
1	218	-1	0	34		0
1	218	-1	0	34		0
1	79	-1	0	34		0
1	1	-1	0	34		0
1	245	-1	0	34		0
1	213	1	10	34	0062	1
1	79	-1	0	34		0
1	218	-1	0	34		0
1	218	-1	0	34		0
1	10	-1	0	34		0
1	1	-1	0	34		0
1	245	-1	0	34		0
1	213	1	8	34		0
1	79	-1	0	34		0
1	218	-1	0	34		0
1	218	-1	0	34		0
1	8	-1	0	34		0
1	1	-1	0	34		0
1	245	-1	0	34		0
1	212	1	80	34		0
1	79	-1	0	34		0
1	80	-1	0	34		0
1	1	-1	0	34		0
1	245	-1	0	34		0
1	213	1	80	34		0
1	79	-1	0	34		0
1	80	-1	0	34		0
1	1	-1	0	34		0
1	245	-1	0	34		0
1	213	1	10	34	d83dde00	1
1	79	-1	0	34		0
1	10	-1	0	34		0
1	1	-1	0	34		0
1	245	-1	0	34		0
1	213	1	10	34	00610062	1
1	79	-1	0	34		0
1	10	-1	0	34		0
1	1	-1	0	34		0
1	245	-1	0	34		0
1	213	1	10	34	0061000a	1
1	79	-1	0	34		0
1	10	-1	0	34		0
1	1	-1	0	34		0
1	245	-1	0	34		0
1	213	1	111	34		0
1	79	-1	0	34		0
1	111	-1	0	34		0
1	1	-1	0	34		0
1	245	-1	0	34		0
1	213	1	9	34		0
1	79	-1	0	34		0
1	9	-1	0	34		0
1	1	-1	0	34		0
1	245	-1	0	34		0
1	213	1	227	34		0
1	79	-1	0	34		0
1	227	-1	0	34		0
1	79	-1	0	34		0
1	39	-1	0	34		0
1	10	-1	0	34		0
1	1	-1	0	34		0
1	245	-1	0	34		0
1	212	1	79	34		0
1	79	-1	0	34		0
1	28	-1	0	34		0
1	79	-1	0	34		0
1	1	-1	0	34		0
1	245	-1	0	34		0
1	213	1	10	34	0062	1
1	79	-1	0	34		0
1	28	-1	0	34		0
1	10	-1	0	34		0
1	1	-1	0	34		0
1	245	-1	0	34		0
1	218	-1	0	34		0
1	212	1	79	34		0
1	79	-1	0	34		0
1	79	-1	0	34		0
1	1	-1	0	34		0
1	245	-1	0	34		0
1	214	-1	0	34		0
1	79	-1	0	34		0
1	1	-1	0	34		0
1	245	-1	0	34		0
1	213	1	229	34		0
1	79	-1	0	34		0
1	229	-1	0	34		0
1	15	-1	0	34		0
1	240	-1	0	34		0
1	79	-1	0	34		0
1	17	-1	0	34		0
1	1	-1	0	34		0
0	0	-1	0	35		0
1	245	-1	0	35		0
1	212	1	79	35	0062	1
1	79	-1	0	35		0
1	79	-1	0	35		0
1	1	-1	0	35		0
1	245	-1	0	35		0
1	213	1	10	35	0062	1
1	79	-1	0	35		0
1	10	-1	0	35		0
1	1	-1	0	35		0
1	245	-1	0	35		0
1	213	1	10	35		1
1	79	-1	0	35		0
1	10	-1	0	35		0
1	1	-1	0	35		0
1	245	-1	0	35		0
1	213	1	14	35		0
1	79	-1	0	35		0
1	14	-1	0	35		0
1	1	-1	0	35		0
1	245	-1	0	35		0
1	213	1	8	35		0
1	79	-1	0	35		0
1	8	-1	0	35		0
1	1	-1	0	35		0
1	245	-1	0	35		0
1	213	1	8	35		0
1	79	-1	0	35		0
1	8	-1	0	35		0
1	1	-1	0	35		0
1	245	-1	0	35		0
1	213	1	79	35	007600610072006900610062006c0065	1
1	79	-1	0	35		0
1	79	-1	0	35		0
1	1	-1	0	35		0
1	245	-1	0	35		0
1	213	1	79	35	007600610072006900610062006c0065	1
1	79	-1	0	35		0
1	218	-1	0	35		0
1	218	-1	0	35		0
1	79	-1	0	35		0
1	1	-1	0	35		0
1	245	-1	0	35		0
1	213	1	10	35	0062	1
1	79	-1	0	35		0
1	218	-1	0	35		0
1	218	-1	0	35		0
1	10	-1	0	35		0
1	1	-1	0	35		0
1	245	-1	0	35		0
1	213	1	8	35		0
1	79	-1	0	35		0
1	218	-1	0	35		0
1	218	-1	0	35		0
1	8	-1	0	35		0
1	1	-1	0	35		0
1	245	-1	0	35		0
1	212	1	80	35		0
1	79	-1	0	35		0
1	80	-1	0	35		0
1	1	-1	0	35		0
1	245	-1	0	35		0
1	213	1	80	35		0
1	79	-1	0	35		0
1	80	-1	0	35		0
1	1	-1	0	35		0
1	245	-1	0	35		0
1	213	1	10	35	d83dde00	1
1	79	-1	0	35		0
1	10	-1	0	35		0
1	1	-1	0	35		0
1	245	-1	0	35		0
1	213	1	10	35	00610062	1
1	79	-1	0	35		0
1	10	-1	0	35		0
1	1	-1	0	35		0
1	245	-1	0	35		0
1	213	1	10	35	0061000a	1
1	79	-1	0	35		0
1	10	-1	0	35		0
1	1	-1	0	35		0
1	245	-1	0	35		0
1	213	1	111	35		0
1	79	-1	0	35		0
1	111	-1	0	35		0
1	1	-1	0	35		0
1	245	-1	0	35		0
1	213	1	9	35		0
1	79	-1	0	35		0
1	9	-1	0	35		0
1	1	-1	0	35		0
1	245	-1	0	35		0
1	213	1	227	35		0
1	79	-1	0	35		0
1	227	-1	0	35		0
1	79	-1	0	35		0
1	39	-1	0	35		0
1	10	-1	0	35		0
1	1	-1	0	35		0
1	245	-1	0	35		0
1	212	1	79	35	0062	1
1	79	-1	0	35		0
1	28	-1	0	35		0
1	79	-1	0	35		0
1	1	-1	0	35		0
1	245	-1	0	35		0
1	213	1	10	35	0062	1
1	79	-1	0	35		0
1	28	-1	0	35		0
1	10	-1	0	35		0
1	1	-1	0	35		0
1	245	-1	0	35		0
1	218	-1	0	35		0
1	212	1	79	35	0062	1
1	79	-1	0	35		0
1	79	-1	0	35		0
1	1	-1	0	35		0
1	245	-1	0	35		0
1	214	-1	0	35		0
1	79	-1	0	35		0
1	1	-1	0	35		0
1	245	-1	0	35		0
1	213	1	229	35		0
1	79	-1	0	35		0
1	229	-1	0	35		0
1	15	-1	0	35		0
1	240	-1	0	35		0
1	79	-1	0	35		0
1	17	-1	0	35		0
1	1	-1	0	35		0
0	0	-1	0	36		0
1	245	-1	0	36		0
1	212	1	79	36		0
1	79	-1	0	36		0
1	79	-1	0	36		0
1	1	-1	0	36		0
1	245	-1	0	36		0
1	213	1	10	36		0
1	79	-1	0	36		0
1	10	-1	0	36		0
1	1	-1	0	36		0
1	245	-1	0	36		0
1	213	1	10	36		0
1	79	-1	0	36		0
1	10	-1	0	36		0
1	1	-1	0	36		0
1	245	-1	0	36		0
1	213	1	14	36	0062	1
1	79	-1	0	36		0
1	14	-1	0	36		0
1	1	-1	0	36		0
1	245	-1	0	36		0
1	213	1	8	36		0
1	79	-1	0	36		0
1	8	-1	0	36		0
1	1	-1	0	36		0
1	245	-1	0	36		0
1	213	1	8	36		0
1	79	-1	0	36		0
1	8	-1	0	36		0
1	1	-1	0	36		0
1	245	-1	0	36		0
1	213	1	79	36		0
1	79	-1	0	36		0
1	79	-1	0	36		0
1	1	-1	0	36		0
1	245	-1	0	36		0
1	213	1	79	36		0
1	79	-1	0	36		0
1	218	-1	0	36		0
1	218	-1	0	36		0
1	79	-1	0	36		0
1	1	-1	0	36		0
1	245	-1	0	36		0
1	213	1	10	36		0
1	79	-1	0	36		0
1	218	-1	0	36		0
1	218	-1	0	36		0
1	10	-1	0	36		0
1	1	-1	0	36		0
1	245	-1	0	36		0
1	213	1	8	36		0
1	79	-1	0	36		0
1	218	-1	0	36		0
1	218	-1	0	36		0
1	8	-1	0	36		0
1	1	-1	0	36		0
1	245	-1	0	36		0
1	212	1	80	36		0
1	79	-1	0	36		0
1	80	-1	0	36		0
1	1	-1	0	36		0
1	245	-1	0	36		0
1	213	1	80	36		0
1	79	-1	0	36		0
1	80	-1	0	36		0
1	1	-1	0	36		0
1	245	-1	0	36		0
1	213	1	10	36		0
1	79	-1	0	36		0
1	10	-1	0	36		0
1	1	-1	0	36		0
1	245	-1	0	36		0
1	213	1	10	36		0
1	79	-1	0	36		0
1	10	-1	0	36		0
1	1	-1	0	36		0
1	245	-1	0	36		0
1	213	1	10	36		0
1	79	-1	0	36		0
1	10	-1	0	36		0
1	1	-1	0	36		0
1	245	-1	0	36		0
1	213	1	111	36		0
1	79	-1	0	36		0
1	111	-1	0	36		0
1	1	-1	0	36		0
1	245	-1	0	36		0
1	213	1	9	36		0
1	79	-1	0	36		0
1	9	-1	0	36		0
1	1	-1	0	36		0
1	245	-1	0	36		0
1	213	1	227	36		0
1	79	-1	0	36		0
1	227	-1	0	36		0
1	79	-1	0	36		0
1	39	-1	0	36		0
1	10	-1	0	36		0
1	1	-1	0	36		0
1	245	-1	0	36		0
1	212	1	79	36		0
1	79	-1	0	36		0
1	28	-1	0	36		0
1	79	-1	0	36		0
1	1	-1	0	36		0
1	245	-1	0	36		0
1	213	1	10	36		0
1	79	-1	0	36		0
1	28	-1	0	36		0
1	10	-1	0	36		0
1	1	-1	0	36		0
1	245	-1	0	36		0
1	218	-1	0	36		0
1	212	1	79	36		0
1	79	-1	0	36		0
1	79	-1	0	36		0
1	1	-1	0	36		0
1	245	-1	0	36		0
1	214	-1	0	36		0
1	79	-1	0	36		0
1	1	-1	0	36		0
1	245	-1	0	36		0
1	213	1	229	36		0
1	79	-1	0	36		0
1	229	-1	0	36		0
1	15	-1	0	36		0
1	240	-1	0	36		0
1	79	-1	0	36		0
1	17	-1	0	36		0
1	1	-1	0	36		0
0	0	-1	0	37		0
1	245	-1	0	37		0
1	212	1	79	37	0062	1
1	79	-1	0	37		0
1	79	-1	0	37		0
1	1	-1	0	37		0
1	245	-1	0	37		0
1	213	1	10	37		0
1	79	-1	0	37		0
1	10	-1	0	37		0
1	1	-1	0	37		0
1	245	-1	0	37		0
1	213	1	10	37		0
1	79	-1	0	37		0
1	10	-1	0	37		0
1	1	-1	0	37		0
1	245	-1	0	37		0
1	213	1	14	37	0062	1
1	79	-1	0	37		0
1	14	-1	0	37		0
1	1	-1	0	37		0
1	245	-1	0	37		0
1	213	1	8	37		0
1	79	-1	0	37		0
1	8	-1	0	37		0
1	1	-1	0	37		0
1	245	-1	0	37		0
1	213	1	8	37		0
1	79	-1	0	37		0
1	8	-1	0	37		0
1	1	-1	0	37		0
1	245	-1	0	37		0
1	213	1	79	37	007600610072006900610062006c0065	1
1	79	-1	0	37		0
1	79	-1	0	37		0
1	1	-1	0	37		0
1	245	-1	0	37		0
1	213	1	79	37	007600610072006900610062006c0065	1
1	79	-1	0	37		0
1	218	-1	0	37		0
1	218	-1	0	37		0
1	79	-1	0	37		0
1	1	-1	0	37		0
1	245	-1	0	37		0
1	213	1	10	37		0
1	79	-1	0	37		0
1	218	-1	0	37		0
1	218	-1	0	37		0
1	10	-1	0	37		0
1	1	-1	0	37		0
1	245	-1	0	37		0
1	213	1	8	37		0
1	79	-1	0	37		0
1	218	-1	0	37		0
1	218	-1	0	37		0
1	8	-1	0	37		0
1	1	-1	0	37		0
1	245	-1	0	37		0
1	212	1	80	37		0
1	79	-1	0	37		0
1	80	-1	0	37		0
1	1	-1	0	37		0
1	245	-1	0	37		0
1	213	1	80	37		0
1	79	-1	0	37		0
1	80	-1	0	37		0
1	1	-1	0	37		0
1	245	-1	0	37		0
1	213	1	10	37		0
1	79	-1	0	37		0
1	10	-1	0	37		0
1	1	-1	0	37		0
1	245	-1	0	37		0
1	213	1	10	37		0
1	79	-1	0	37		0
1	10	-1	0	37		0
1	1	-1	0	37		0
1	245	-1	0	37		0
1	213	1	10	37		0
1	79	-1	0	37		0
1	10	-1	0	37		0
1	1	-1	0	37		0
1	245	-1	0	37		0
1	213	1	111	37		0
1	79	-1	0	37		0
1	111	-1	0	37		0
1	1	-1	0	37		0
1	245	-1	0	37		0
1	213	1	9	37		0
1	79	-1	0	37		0
1	9	-1	0	37		0
1	1	-1	0	37		0
1	245	-1	0	37		0
1	213	1	227	37		0
1	79	-1	0	37		0
1	227	-1	0	37		0
1	79	-1	0	37		0
1	39	-1	0	37		0
1	10	-1	0	37		0
1	1	-1	0	37		0
1	245	-1	0	37		0
1	212	1	79	37	0062	1
1	79	-1	0	37		0
1	28	-1	0	37		0
1	79	-1	0	37		0
1	1	-1	0	37		0
1	245	-1	0	37		0
1	213	1	10	37		0
1	79	-1	0	37		0
1	28	-1	0	37		0
1	10	-1	0	37		0
1	1	-1	0	37		0
1	245	-1	0	37		0
1	218	-1	0	37		0
1	212	1	79	37	0062	1
1	79	-1	0	37		0
1	79	-1	0	37		0
1	1	-1	0	37		0
1	245	-1	0	37		0
1	214	-1	0	37		0
1	79	-1	0	37		0
1	1	-1	0	37		0
1	245	-1	0	37		0
1	213	1	229	37		0
1	79	-1	0	37		0
1	229	-1	0	37		0
1	15	-1	0	37		0
1	240	-1	0	37		0
1	79	-1	0	37		0
1	17	-1	0	37		0
1	1	-1	0	37		0
0	0	-1	0	38		0
1	245	-1	0	38		0
1	212	1	79	38		0
1	79	-1	0	38		0
1	79	-1	0	38		0
1	1	-1	0	38		0
1	245	-1	0	38		0
1	213	1	10	38	0062	1
1	79	-1	0	38		0
1	10	-1	0	38		0
1	1	-1	0	38		0
1	245	-1	0	38		0
1	213	1	10	38		1
1	79	-1	0	38		0
1	10	-1	0	38		0
1	1	-1	0	38		0
1	245	-1	0	38		0
1	213	1	14	38	0062	1
1	79	-1	0	38		0
1	14	-1	0	38		0
1	1	-1	0	38		0
1	245	-1	0	38		0
1	213	1	8	38		0
1	79	-1	0	38		0
1	8	-1	0	38		0
1	1	-1	0	38		0
1	245	-1	0	38		0
1	213	1	8	38		0
1	79	-1	0	38		0
1	8	-1	0	38		0
1	1	-1	0	38		0
1	245	-1	0	38		0
1	213	1	79	38		0
1	79	-1	0	38		0
1	79	-1	0	38		0
1	1	-1	0	38		0
1	245	-1	0	38		0
1	213	1	79	38		0
1	79	-1	0	38		0
1	218	-1	0	38		0
1	218	-1	0	38		0
1	79	-1	0	38		0
1	1	-1	0	38		0
1	245	-1	0	38		0
1	213	1	10	38	0062	1
1	79	-1	0	38		0
1	218	-1	0	38		0
1	218	-1	0	38		0
1	10	-1	0	38		0
1	1	-1	0	38		0
1	245	-1	0	38		0
1	213	1	8	38		0
1	79	-1	0	38		0
1	218	-1	0	38		0
1	218	-1	0	38		0
1	8	-1	0	38		0
1	1	-1	0	38		0
1	245	-1	0	38		0
1	212	1	80	38		0
1	79	-1	0	38		0
1	80	-1	0	38		0
1	1	-1	0	38		0
1	245	-1	0	38		0
1	213	1	80	38		0
1	79	-1	0	38		0
1	80	-1	0	38		0
1	1	-1	0	38		0
1	245	-1	0	38		0
1	213	1	10	38	d83dde00	1
1	79	-1	0	38		0
1	10	-1	0	38		0
1	1	-1	0	38		0
1	245	-1	0	38		0
1	213	1	10	38	00610062	1
1	79	-1	0	38		0
1	10	-1	0	38		0
1	1	-1	0	38		0
1	245	-1	0	38		0
1	213	1	10	38	0061000a	1
1	79	-1	0	38		0
1	10	-1	0	38		0
1	1	-1	0	38		0
1	245	-1	0	38		0
1	213	1	111	38		0
1	79	-1	0	38		0
1	111	-1	0	38		0
1	1	-1	0	38		0
1	245	-1	0	38		0
1	213	1	9	38		0
1	79	-1	0	38		0
1	9	-1	0	38		0
1	1	-1	0	38		0
1	245	-1	0	38		0
1	213	1	227	38		0
1	79	-1	0	38		0
1	227	-1	0	38		0
1	79	-1	0	38		0
1	39	-1	0	38		0
1	10	-1	0	38		0
1	1	-1	0	38		0
1	245	-1	0	38		0
1	212	1	79	38		0
1	79	-1	0	38		0
1	28	-1	0	38		0
1	79	-1	0	38		0
1	1	-1	0	38		0
1	245	-1	0	38		0
1	213	1	10	38	0062	1
1	79	-1	0	38		0
1	28	-1	0	38		0
1	10	-1	0	38		0
1	1	-1	0	38		0
1	245	-1	0	38		0
1	218	-1	0	38		0
1	212	1	79	38		0
1	79	-1	0	38		0
1	79	-1	0	38		0
1	1	-1	0	38		0
1	245	-1	0	38		0
1	214	-1	0	38		0
1	79	-1	0	38		0
1	1	-1	0	38		0
1	245	-1	0	38		0
1	213	1	229	38		0
1	79	-1	0	38		0
1	229	-1	0	38		0
1	15	-1	0	38		0
1	240	-1	0	38		0
1	79	-1	0	38		0
1	17	-1	0	38		0
1	1	-1	0	38		0
0	0	-1	0	39		0
1	245	-1	0	39		0
1	212	1	79	39	0062	1
1	79	-1	0	39		0
1	79	-1	0	39		0
1	1	-1	0	39		0
1	245	-1	0	39		0
1	213	1	10	39	0062	1
1	79	-1	0	39		0
1	10	-1	0	39		0
1	1	-1	0	39		0
1	245	-1	0	39		0
1	213	1	10	39		1
1	79	-1	0	39		0
1	10	-1	0	39		0
1	1	-1	0	39		0
1	245	-1	0	39		0
1	213	1	14	39	0062	1
1	79	-1	0	39		0
1	14	-1	0	39		0
1	1	-1	0	39		0
1	245	-1	0	39		0
1	213	1	8	39		0
1	79	-1	0	39		0
1	8	-1	0	39		0
1	1	-1	0	39		0
1	245	-1	0	39		0
1	213	1	8	39		0
1	79	-1	0	39		0
1	8	-1	0	39		0
1	1	-1	0	39		0
1	245	-1	0	39		0
1	213	1	79	39	007600610072006900610062006c0065	1
1	79	-1	0	39		0
1	79	-1	0	39		0
1	1	-1	0	39		0
1	245	-1	0	39		0
1	213	1	79	39	007600610072006900610062006c0065	1
1	79	-1	0	39		0
1	218	-1	0	39		0
1	218	-1	0	39		0
1	79	-1	0	39		0
1	1	-1	0	39		0
1	245	-1	0	39		0
1	213	1	10	39	0062	1
1	79	-1	0	39		0
1	218	-1	0	39		0
1	218	-1	0	39		0
1	10	-1	0	39		0
1	1	-1	0	39		0
1	245	-1	0	39		0
1	213	1	8	39		0
1	79	-1	0	39		0
1	218	-1	0	39		0
1	218	-1	0	39		0
1	8	-1	0	39		0
1	1	-1	0	39		0
1	245	-1	0	39		0
1	212	1	80	39		0
1	79	-1	0	39		0
1	80	-1	0	39		0
1	1	-1	0	39		0
1	245	-1	0	39		0
1	213	1	80	39		0
1	79	-1	0	39		0
1	80	-1	0	39		0
1	1	-1	0	39		0
1	245	-1	0	39		0
1	213	1	10	39	d83dde00	1
1	79	-1	0	39		0
1	10	-1	0	39		0
1	1	-1	0	39		0
1	245	-1	0	39		0
1	213	1	10	39	00610062	1
1	79	-1	0	39		0
1	10	-1	0	39		0
1	1	-1	0	39		0
1	245	-1	0	39		0
1	213	1	10	39	0061000a	1
1	79	-1	0	39		0
1	10	-1	0	39		0
1	1	-1	0	39		0
1	245	-1	0	39		0
1	213	1	111	39		0
1	79	-1	0	39		0
1	111	-1	0	39		0
1	1	-1	0	39		0
1	245	-1	0	39		0
1	213	1	9	39		0
1	79	-1	0	39		0
1	9	-1	0	39		0
1	1	-1	0	39		0
1	245	-1	0	39		0
1	213	1	227	39		0
1	79	-1	0	39		0
1	227	-1	0	39		0
1	79	-1	0	39		0
1	39	-1	0	39		0
1	10	-1	0	39		0
1	1	-1	0	39		0
1	245	-1	0	39		0
1	212	1	79	39	0062	1
1	79	-1	0	39		0
1	28	-1	0	39		0
1	79	-1	0	39		0
1	1	-1	0	39		0
1	245	-1	0	39		0
1	213	1	10	39	0062	1
1	79	-1	0	39		0
1	28	-1	0	39		0
1	10	-1	0	39		0
1	1	-1	0	39		0
1	245	-1	0	39		0
1	218	-1	0	39		0
1	212	1	79	39	0062	1
1	79	-1	0	39		0
1	79	-1	0	39		0
1	1	-1	0	39		0
1	245	-1	0	39		0
1	214	-1	0	39		0
1	79	-1	0	39		0
1	1	-1	0	39		0
1	245	-1	0	39		0
1	213	1	229	39		0
1	79	-1	0	39		0
1	229	-1	0	39		0
1	15	-1	0	39		0
1	240	-1	0	39		0
1	79	-1	0	39		0
1	17	-1	0	39		0
1	1	-1	0	39		0
0	0	-1	0	40		0
1	245	-1	0	40		0
1	212	1	79	40		0
1	79	-1	0	40		0
1	79	-1	0	40		0
1	1	-1	0	40		0
1	245	-1	0	40		0
1	213	1	10	40		0
1	79	-1	0	40		0
1	10	-1	0	40		0
1	1	-1	0	40		0
1	245	-1	0	40		0
1	213	1	10	40		0
1	79	-1	0	40		0
1	10	-1	0	40		0
1	1	-1	0	40		0
1	245	-1	0	40		0
1	213	1	14	40		0
1	79	-1	0	40		0
1	14	-1	0	40		0
1	1	-1	0	40		0
1	245	-1	0	40		0
1	213	1	8	40	00310036	1
1	79	-1	0	40		0
1	8	-1	0	40		0
1	1	-1	0	40		0
1	245	-1	0	40		0
1	213	1	8	40	00310030	1
1	79	-1	0	40		0
1	8	-1	0	40		0
1	1	-1	0	40		0
1	245	-1	0	40		0
1	213	1	79	40		0
1	79	-1	0	40		0
1	79	-1	0	40		0
1	1	-1	0	40		0
1	245	-1	0	40		0
1	213	1	79	40		0
1	79	-1	0	40		0
1	218	-1	0	40		0
1	218	-1	0	40		0
1	79	-1	0	40		0
1	1	-1	0	40		0
1	245	-1	0	40		0
1	213	1	10	40		0
1	79	-1	0	40		0
1	218	-1	0	40		0
1	218	-1	0	40		0
1	10	-1	0	40		0
1	1	-1	0	40		0
1	245	-1	0	40		0
1	213	1	8	40	0030	1
1	79	-1	0	40		0
1	218	-1	0	40		0
1	218	-1	0	40		0
1	8	-1	0	40		0
1	1	-1	0	40		0
1	245	-1	0	40		0
1	212	1	80	40		0
1	79	-1	0	40		0
1	80	-1	0	40		0
1	1	-1	0	40		0
1	245	-1	0	40		0
1	213	1	80	40		0
1	79	-1	0	40		0
1	80	-1	0	40		0
1	1	-1	0	40		0
1	245	-1	0	40		0
1	213	1	10	40		0
1	79	-1	0	40		0
1	10	-1	0	40		0
1	1	-1	0	40		0
1	245	-1	0	40		0
1	213	1	10	40		0
1	79	-1	0	40		0
1	10	-1	0	40		0
1	1	-1	0	40		0
1	245	-1	0	40		0
1	213	1	10	40		0
1	79	-1	0	40		0
1	10	-1	0	40		0
1	1	-1	0	40		0
1	245	-1	0	40		0
1	213	1	111	40		0
1	79	-1	0	40		0
1	111	-1	0	40		0
1	1	-1	0	40		0
1	245	-1	0	40		0
1	213	1	9	40		0
1	79	-1	0	40		0
1	9	-1	0	40		0
1	1	-1	0	40		0
1	245	-1	0	40		0
1	213	1	227	40		0
1	79	-1	0	40		0
1	227	-1	0	40		0
1	79	-1	0	40		0
1	39	-1	0	40		0
1	10	-1	0	40		0
1	1	-1	0	40		0
1	245	-1	0	40		0
1	212	1	79	40		0
1	79	-1	0	40		0
1	28	-1	0	40		0
1	79	-1	0	40		0
1	1	-1	0	40		0
1	245	-1	0	40		0
1	213	1	10	40		0
1	79	-1	0	40		0
1	28	-1	0	40		0
1	10	-1	0	40		0
1	1	-1	0	40		0
1	245	-1	0	40		0
1	218	-1	0	40		0
1	212	1	79	40		0
1	79	-1	0	40		0
1	79	-1	0	40		0
1	1	-1	0	40		0
1	245	-1	0	40		0
1	214	-1	0	40		0
1	79	-1	0	40		0
1	1	-1	0	40		0
1	245	-1	0	40		0
1	213	1	229	40		0
1	79	-1	0	40		0
1	229	-1	0	40		0
1	15	-1	0	40		0
1	240	-1	0	40		0
1	79	-1	0	40		0
1	17	-1	0	40		0
1	1	-1	0	40		0
0	0	-1	0	41		0
1	245	-1	0	41		0
1	212	1	79	41	0062	1
1	79	-1	0	41		0
1	79	-1	0	41		0
1	1	-1	0	41		0
1	245	-1	0	41		0
1	213	1	10	41		0
1	79	-1	0	41		0
1	10	-1	0	41		0
1	1	-1	0	41		0
1	245	-1	0	41		0
1	213	1	10	41		0
1	79	-1	0	41		0
1	10	-1	0	41		0
1	1	-1	0	41		0
1	245	-1	0	41		0
1	213	1	14	41		0
1	79	-1	0	41		0
1	14	-1	0	41		0
1	1	-1	0	41		0
1	245	-1	0	41		0
1	213	1	8	41	00310036	1
1	79	-1	0	41		0
1	8	-1	0	41		0
1	1	-1	0	41		0
1	245	-1	0	41		0
1	213	1	8	41	00310030	1
1	79	-1	0	41		0
1	8	-1	0	41		0
1	1	-1	0	41		0
1	245	-1	0	41		0
1	213	1	79	41	007600610072006900610062006c0065	1
1	79	-1	0	41		0
1	79	-1	0	41		0
1	1	-1	0	41		0
1	245	-1	0	41		0
1	213	1	79	41	007600610072006900610062006c0065	1
1	79	-1	0	41		0
1	218	-1	0	41		0
1	218	-1	0	41		0
1	79	-1	0	41		0
1	1	-1	0	41		0
1	245	-1	0	41		0
1	213	1	10	41		0
1	79	-1	0	41		0
1	218	-1	0	41		0
1	218	-1	0	41		0
1	10	-1	0	41		0
1	1	-1	0	41		0
1	245	-1	0	41		0
1	213	1	8	41	0030	1
1	79	-1	0	41		0
1	218	-1	0	41		0
1	218	-1	0	41		0
1	8	-1	0	41		0
1	1	-1	0	41		0
1	245	-1	0	41		0
1	212	1	80	41		0
1	79	-1	0	41		0
1	80	-1	0	41		0
1	1	-1	0	41		0
1	245	-1	0	41		0
1	213	1	80	41		0
1	79	-1	0	41		0
1	80	-1	0	41		0
1	1	-1	0	41		0
1	245	-1	0	41		0
1	213	1	10	41		0
1	79	-1	0	41		0
1	10	-1	0	41		0
1	1	-1	0	41		0
1	245	-1	0	41		0
1	213	1	10	41		0
1	79	-1	0	41		0
1	10	-1	0	41		0
1	1	-1	0	41		0
1	245	-1	0	41		0
1	213	1	10	41		0
1	79	-1	0	41		0
1	10	-1	0	41		0
1	1	-1	0	41		0
1	245	-1	0	41		0
1	213	1	111	41		0
1	79	-1	0	41		0
1	111	-1	0	41		0
1	1	-1	0	41		0
1	245	-1	0	41		0
1	213	1	9	41		0
1	79	-1	0	41		0
1	9	-1	0	41		0
1	1	-1	0	41		0
1	245	-1	0	41		0
1	213	1	227	41		0
1	79	-1	0	41		0
1	227	-1	0	41		0
1	79	-1	0	41		0
1	39	-1	0	41		0
1	10	-1	0	41		0
1	1	-1	0	41		0
1	245	-1	0	41		0
1	212	1	79	41	0062	1
1	79	-1	0	41		0
1	28	-1	0	41		0
1	79	-1	0	41		0
1	1	-1	0	41		0
1	245	-1	0	41		0
1	213	1	10	41		0
1	79	-1	0	41		0
1	28	-1	0	41		0
1	10	-1	0	41		0
1	1	-1	0	41		0
1	245	-1	0	41		0
1	218	-1	0	41		0
1	212	1	79	41	0062	1
1	79	-1	0	41		0
1	79	-1	0	41		0
1	1	-1	0	41		0
1	245	-1	0	41		0
1	214	-1	0	41		0
1	79	-1	0	41		0
1	1	-1	0	41		0
1	245	-1	0	41		0
1	213	1	229	41		0
1	79	-1	0	41		0
1	229	-1	0	41		0
1	15	-1	0	41		0
1	240	-1	0	41		0
1	79	-1	0	41		0
1	17	-1	0	41		0
1	1	-1	0	41		0
0	0	-1	0	42		0
1	245	-1	0	42		0
1	212	1	79	42		0
1	79	-1	0	42		0
1	79	-1	0	42		0
1	1	-1	0	42		0
1	245	-1	0	42		0
1	213	1	10	42	0062	1
1	79	-1	0	42		0
1	10	-1	0	42		0
1	1	-1	0	42		0
1	245	-1	0	42		0
1	213	1	10	42		1
1	79	-1	0	42		0
1	10	-1	0	42		0
1	1	-1	0	42		0
1	245	-1	0	42		0
1	213	1	14	42		0
1	79	-1	0	42		0
1	14	-1	0	42		0
1	1	-1	0	42		0
1	245	-1	0	42		0
1	213	1	8	42	00310036	1
1	79	-1	0	42		0
1	8	-1	0	42		0
1	1	-1	0	42		0
1	245	-1	0	42		0
1	213	1	8	42	00310030	1
1	79	-1	0	42		0
1	8	-1	0	42		0
1	1	-1	0	42		0
1	245	-1	0	42		0
1	213	1	79	42		0
1	79	-1	0	42		0
1	79	-1	0	42		0
1	1	-1	0	42		0
1	245	-1	0	42		0
1	213	1	79	42		0
1	79	-1	0	42		0
1	218	-1	0	42		0
1	218	-1	0	42		0
1	79	-1	0	42		0
1	1	-1	0	42		0
1	245	-1	0	42		0
1	213	1	10	42	0062	1
1	79	-1	0	42		0
1	218	-1	0	42		0
1	218	-1	0	42		0
1	10	-1	0	42		0
1	1	-1	0	42		0
1	245	-1	0	42		0
1	213	1	8	42	0030	1
1	79	-1	0	42		0
1	218	-1	0	42		0
1	218	-1	0	42		0
1	8	-1	0	42		0
1	1	-1	0	42		0
1	245	-1	0	42		0
1	212	1	80	42		0
1	79	-1	0	42		0
1	80	-1	0	42		0
1	1	-1	0	42		0
1	245	-1	0	42		0
1	213	1	80	42		0
1	79	-1	0	42		0
1	80	-1	0	42		0
1	1	-1	0	42		0
1	245	-1	0	42		0
1	213	1	10	42	d83dde00	1
1	79	-1	0	42		0
1	10	-1	0	42		0
1	1	-1	0	42		0
1	245	-1	0	42		0
1	213	1	10	42	00610062	1
1	79	-1	0	42		0
1	10	-1	0	42		0
1	1	-1	0	42		0
1	245	-1	0	42		0
1	213	1	10	42	0061000a	1
1	79	-1	0	42		0
1	10	-1	0	42		0
1	1	-1	0	42		0
1	245	-1	0	42		0
1	213	1	111	42		0
1	79	-1	0	42		0
1	111	-1	0	42		0
1	1	-1	0	42		0
1	245	-1	0	42		0
1	213	1	9	42		0
1	79	-1	0	42		0
1	9	-1	0	42		0
1	1	-1	0	42		0
1	245	-1	0	42		0
1	213	1	227	42		0
1	79	-1	0	42		0
1	227	-1	0	42		0
1	79	-1	0	42		0
1	39	-1	0	42		0
1	10	-1	0	42		0
1	1	-1	0	42		0
1	245	-1	0	42		0
1	212	1	79	42		0
1	79	-1	0	42		0
1	28	-1	0	42		0
1	79	-1	0	42		0
1	1	-1	0	42		0
1	245	-1	0	42		0
1	213	1	10	42	0062	1
1	79	-1	0	42		0
1	28	-1	0	42		0
1	10	-1	0	42		0
1	1	-1	0	42		0
1	245	-1	0	42		0
1	218	-1	0	42		0
1	212	1	79	42		0
1	79	-1	0	42		0
1	79	-1	0	42		0
1	1	-1	0	42		0
1	245	-1	0	42		0
1	214	-1	0	42		0
1	79	-1	0	42		0
1	1	-1	0	42		0
1	245	-1	0	42		0
1	213	1	229	42		0
1	79	-1	0	42		0
1	229	-1	0	42		0
1	15	-1	0	42		0
1	240	-1	0	42		0
1	79	-1	0	42		0
1	17	-1	0	42		0
1	1	-1	0	42		0
0	0	-1	0	43		0
1	245	-1	0	43		0
1	212	1	79	43	0062	1
1	79	-1	0	43		0
1	79	-1	0	43		0
1	1	-1	0	43		0
1	245	-1	0	43		0
1	213	1	10	43	0062	1
1	79	-1	0	43		0
1	10	-1	0	43		0
1	1	-1	0	43		0
1	245	-1	0	43		0
1	213	1	10	43		1
1	79	-1	0	43		0
1	10	-1	0	43		0
1	1	-1	0	43		0
1	245	-1	0	43		0
1	213	1	14	43		0
1	79	-1	0	43		0
1	14	-1	0	43		0
1	1	-1	0	43		0
1	245	-1	0	43		0
1	213	1	8	43	00310036	1
1	79	-1	0	43		0
1	8	-1	0	43		0
1	1	-1	0	43		0
1	245	-1	0	43		0
1	213	1	8	43	00310030	1
1	79	-1	0	43		0
1	8	-1	0	43		0
1	1	-1	0	43		0
1	245	-1	0	43		0
1	213	1	79	43	007600610072006900610062006c0065	1
1	79	-1	0	43		0
1	79	-1	0	43		0
1	1	-1	0	43		0
1	245	-1	0	43		0
1	213	1	79	43	007600610072006900610062006c0065	1
1	79	-1	0	43		0
1	218	-1	0	43		0
1	218	-1	0	43		0
1	79	-1	0	43		0
1	1	-1	0	43		0
1	245	-1	0	43		0
1	213	1	10	43	0062	1
1	79	-1	0	43		0
1	218	-1	0	43		0
1	218	-1	0	43		0
1	10	-1	0	43		0
1	1	-1	0	43		0
1	245	-1	0	43		0
1	213	1	8	43	0030	1
1	79	-1	0	43		0
1	218	-1	0	43		0
1	218	-1	0	43		0
1	8	-1	0	43		0
1	1	-1	0	43		0
1	245	-1	0	43		0
1	212	1	80	43		0
1	79	-1	0	43		0
1	80	-1	0	43		0
1	1	-1	0	43		0
1	245	-1	0	43		0
1	213	1	80	43		0
1	79	-1	0	43		0
1	80	-1	0	43		0
1	1	-1	0	43		0
1	245	-1	0	43		0
1	213	1	10	43	d83dde00	1
1	79	-1	0	43		0
1	10	-1	0	43		0
1	1	-1	0	43		0
1	245	-1	0	43		0
1	213	1	10	43	00610062	1
1	79	-1	0	43		0
1	10	-1	0	43		0
1	1	-1	0	43		0
1	245	-1	0	43		0
1	213	1	10	43	0061000a	1
1	79	-1	0	43		0
1	10	-1	0	43		0
1	1	-1	0	43		0
1	245	-1	0	43		0
1	213	1	111	43		0
1	79	-1	0	43		0
1	111	-1	0	43		0
1	1	-1	0	43		0
1	245	-1	0	43		0
1	213	1	9	43		0
1	79	-1	0	43		0
1	9	-1	0	43		0
1	1	-1	0	43		0
1	245	-1	0	43		0
1	213	1	227	43		0
1	79	-1	0	43		0
1	227	-1	0	43		0
1	79	-1	0	43		0
1	39	-1	0	43		0
1	10	-1	0	43		0
1	1	-1	0	43		0
1	245	-1	0	43		0
1	212	1	79	43	0062	1
1	79	-1	0	43		0
1	28	-1	0	43		0
1	79	-1	0	43		0
1	1	-1	0	43		0
1	245	-1	0	43		0
1	213	1	10	43	0062	1
1	79	-1	0	43		0
1	28	-1	0	43		0
1	10	-1	0	43		0
1	1	-1	0	43		0
1	245	-1	0	43		0
1	218	-1	0	43		0
1	212	1	79	43	0062	1
1	79	-1	0	43		0
1	79	-1	0	43		0
1	1	-1	0	43		0
1	245	-1	0	43		0
1	214	-1	0	43		0
1	79	-1	0	43		0
1	1	-1	0	43		0
1	245	-1	0	43		0
1	213	1	229	43		0
1	79	-1	0	43		0
1	229	-1	0	43		0
1	15	-1	0	43		0
1	240	-1	0	43		0
1	79	-1	0	43		0
1	17	-1	0	43		0
1	1	-1	0	43		0
0	0	-1	0	44		0
1	245	-1	0	44		0
1	212	1	79	44		0
1	79	-1	0	44		0
1	79	-1	0	44		0
1	1	-1	0	44		0
1	245	-1	0	44		0
1	213	1	10	44		0
1	79	-1	0	44		0
1	10	-1	0	44		0
1	1	-1	0	44		0
1	245	-1	0	44		0
1	213	1	10	44		0
1	79	-1	0	44		0
1	10	-1	0	44		0
1	1	-1	0	44		0
1	245	-1	0	44		0
1	213	1	14	44	0062	1
1	79	-1	0	44		0
1	14	-1	0	44		0
1	1	-1	0	44		0
1	245	-1	0	44		0
1	213	1	8	44	00310036	1
1	79	-1	0	44		0
1	8	-1	0	44		0
1	1	-1	0	44		0
1	245	-1	0	44		0
1	213	1	8	44	00310030	1
1	79	-1	0	44		0
1	8	-1	0	44		0
1	1	-1	0	44		0
1	245	-1	0	44		0
1	213	1	79	44		0
1	79	-1	0	44		0
1	79	-1	0	44		0
1	1	-1	0	44		0
1	245	-1	0	44		0
1	213	1	79	44		0
1	79	-1	0	44		0
1	218	-1	0	44		0
1	218	-1	0	44		0
1	79	-1	0	44		0
1	1	-1	0	44		0
1	245	-1	0	44		0
1	213	1	10	44		0
1	79	-1	0	44		0
1	218	-1	0	44		0
1	218	-1	0	44		0
1	10	-1	0	44		0
1	1	-1	0	44		0
1	245	-1	0	44		0
1	213	1	8	44	0030	1
1	79	-1	0	44		0
1	218	-1	0	44		0
1	218	-1	0	44		0
1	8	-1	0	44		0
1	1	-1	0	44		0
1	245	-1	0	44		0
1	212	1	80	44		0
1	79	-1	0	44		0
1	80	-1	0	44		0
1	1	-1	0	44		0
1	245	-1	0	44		0
1	213	1	80	44		0
1	79	-1	0	44		0
1	80	-1	0	44		0
1	1	-1	0	44		0
1	245	-1	0	44		0
1	213	1	10	44		0
1	79	-1	0	44		0
1	10	-1	0	44		0
1	1	-1	0	44		0
1	245	-1	0	44		0
1	213	1	10	44		0
1	79	-1	0	44		0
1	10	-1	0	44		0
1	1	-1	0	44		0
1	245	-1	0	44		0
1	213	1	10	44		0
1	79	-1	0	44		0
1	10	-1	0	44		0
1	1	-1	0	44		0
1	245	-1	0	44		0
1	213	1	111	44		0
1	79	-1	0	44		0
1	111	-1	0	44		0
1	1	-1	0	44		0
1	245	-1	0	44		0
1	213	1	9	44		0
1	79	-1	0	44		0
1	9	-1	0	44		0
1	1	-1	0	44		0
1	245	-1	0	44		0
1	213	1	227	44		0
1	79	-1	0	44		0
1	227	-1	0	44		0
1	79	-1	0	44		0
1	39	-1	0	44		0
1	10	-1	0	44		0
1	1	-1	0	44		0
1	245	-1	0	44		0
1	212	1	79	44		0
1	79	-1	0	44		0
1	28	-1	0	44		0
1	79	-1	0	44		0
1	1	-1	0	44		0
1	245	-1	0	44		0
1	213	1	10	44		0
1	79	-1	0	44		0
1	28	-1	0	44		0
1	10	-1	0	44		0
1	1	-1	0	44		0
1	245	-1	0	44		0
1	218	-1	0	44		0
1	212	1	79	44		0
1	79	-1	0	44		0
1	79	-1	0	44		0
1	1	-1	0	44		0
1	245	-1	0	44		0
1	214	-1	0	44		0
1	79	-1	0	44		0
1	1	-1	0	44		0
1	245	-1	0	44		0
1	213	1	229	44		0
1	79	-1	0	44		0
1	229	-1	0	44		0
1	15	-1	0	44		0
1	240	-1	0	44		0
1	79	-1	0	44		0
1	17	-1	0	44		0
1	1	-1	0	44		0
0	0	-1	0	45		0
1	245	-1	0	45		0
1	212	1	79	45	0062	1
1	79	-1	0	45		0
1	79	-1	0	45		0
1	1	-1	0	45		0
1	245	-1	0	45		0
1	213	1	10	45		0
1	79	-1	0	45		0
1	10	-1	0	45		0
1	1	-1	0	45		0
1	245	-1	0	45		0
1	213	1	10	45		0
1	79	-1	0	45		0
1	10	-1	0	45		0
1	1	-1	0	45		0
1	245	-1	0	45		0
1	213	1	14	45	0062	1
1	79	-1	0	45		0
1	14	-1	0	45		0
1	1	-1	0	45		0
1	245	-1	0	45		0
1	213	1	8	45	00310036	1
1	79	-1	0	45		0
1	8	-1	0	45		0
1	1	-1	0	45		0
1	245	-1	0	45		0
1	213	1	8	45	00310030	1
1	79	-1	0	45		0
1	8	-1	0	45		0
1	1	-1	0	45		0
1	245	-1	0	45		0
1	213	1	79	45	007600610072006900610062006c0065	1
1	79	-1	0	45		0
1	79	-1	0	45		0
1	1	-1	0	45		0
1	245	-1	0	45		0
1	213	1	79	45	007600610072006900610062006c0065	1
1	79	-1	0	45		0
1	218	-1	0	45		0
1	218	-1	0	45		0
1	79	-1	0	45		0
1	1	-1	0	45		0
1	245	-1	0	45		0
1	213	1	10	45		0
1	79	-1	0	45		0
1	218	-1	0	45		0
1	218	-1	0	45		0
1	10	-1	0	45		0
1	1	-1	0	45		0
1	245	-1	0	45		0
1	213	1	8	45	0030	1
1	79	-1	0	45		0
1	218	-1	0	45		0
1	218	-1	0	45		0
1	8	-1	0	45		0
1	1	-1	0	45		0
1	245	-1	0	45		0
1	212	1	80	45		0
1	79	-1	0	45		0
1	80	-1	0	45		0
1	1	-1	0	45		0
1	245	-1	0	45		0
1	213	1	80	45		0
1	79	-1	0	45		0
1	80	-1	0	45		0
1	1	-1	0	45		0
1	245	-1	0	45		0
1	213	1	10	45		0
1	79	-1	0	45		0
1	10	-1	0	45		0
1	1	-1	0	45		0
1	245	-1	0	45		0
1	213	1	10	45		0
1	79	-1	0	45		0
1	10	-1	0	45		0
1	1	-1	0	45		0
1	245	-1	0	45		0
1	213	1	10	45		0
1	79	-1	0	45		0
1	10	-1	0	45		0
1	1	-1	0	45		0
1	245	-1	0	45		0
1	213	1	111	45		0
1	79	-1	0	45		0
1	111	-1	0	45		0
1	1	-1	0	45		0
1	245	-1	0	45		0
1	213	1	9	45		0
1	79	-1	0	45		0
1	9	-1	0	45		0
1	1	-1	0	45		0
1	245	-1	0	45		0
1	213	1	227	45		0
1	79	-1	0	45		0
1	227	-1	0	45		0
1	79	-1	0	45		0
1	39	-1	0	45		0
1	10	-1	0	45		0
1	1	-1	0	45		0
1	245	-1	0	45		0
1	212	1	79	45	0062	1
1	79	-1	0	45		0
1	28	-1	0	45		0
1	79	-1	0	45		0
1	1	-1	0	45		0
1	245	-1	0	45		0
1	213	1	10	45		0
1	79	-1	0	45		0
1	28	-1	0	45		0
1	10	-1	0	45		0
1	1	-1	0	45		0
1	245	-1	0	45		0
1	218	-1	0	45		0
1	212	1	79	45	0062	1
1	79	-1	0	45		0
1	79	-1	0	45		0
1	1	-1	0	45		0
1	245	-1	0	45		0
1	214	-1	0	45		0
1	79	-1	0	45		0
1	1	-1	0	45		0
1	245	-1	0	45		0
1	213	1	229	45		0
1	79	-1	0	45		0
1	229	-1	0	45		0
1	15	-1	0	45		0
1	240	-1	0	45		0
1	79	-1	0	45		0
1	17	-1	0	45		0
1	1	-1	0	45		0
0	0	-1	0	46		0
1	245	-1	0	46		0
1	212	1	79	46		0
1	79	-1	0	46		0
1	79	-1	0	46		0
1	1	-1	0	46		0
1	245	-1	0	46		0
1	213	1	10	46	0062	1
1	79	-1	0	46		0
1	10	-1	0	46		0
1	1	-1	0	46		0
1	245	-1	0	46		0
1	213	1	10	46		1
1	79	-1	0	46		0
1	10	-1	0	46		0
1	1	-1	0	46		0
1	245	-1	0	46		0
1	213	1	14	46	0062	1
1	79	-1	0	46		0
1	14	-1	0	46		0
1	1	-1	0	46		0
1	245	-1	0	46		0
1	213	1	8	46	00310036	1
1	79	-1	0	46		0
1	8	-1	0	46		0
1	1	-1	0	46		0
1	245	-1	0	46		0
1	213	1	8	46	00310030	1
1	79	-1	0	46		0
1	8	-1	0	46		0
1	1	-1	0	46		0
1	245	-1	0	46		0
1	213	1	79	46		0
1	79	-1	0	46		0
1	79	-1	0	46		0
1	1	-1	0	46		0
1	245	-1	0	46		0
1	213	1	79	46		0
1	79	-1	0	46		0
1	218	-1	0	46		0
1	218	-1	0	46		0
1	79	-1	0	46		0
1	1	-1	0	46		0
1	245	-1	0	46		0
1	213	1	10	46	0062	1
1	79	-1	0	46		0
1	218	-1	0	46		0
1	218	-1	0	46		0
1	10	-1	0	46		0
1	1	-1	0	46		0
1	245	-1	0	46		0
1	213	1	8	46	0030	1
1	79	-1	0	46		0
1	218	-1	0	46		0
1	218	-1	0	46		0
1	8	-1	0	46		0
1	1	-1	0	46		0
1	245	-1	0	46		0
1	212	1	80	46		0
1	79	-1	0	46		0
1	80	-1	0	46		0
1	1	-1	0	46		0
1	245	-1	0	46		0
1	213	1	80	46		0
1	79	-1	0	46		0
1	80	-1	0	46		0
1	1	-1	0	46		0
1	245	-1	0	46		0
1	213	1	10	46	d83dde00	1
1	79	-1	0	46		0
1	10	-1	0	46		0
1	1	-1	0	46		0
1	245	-1	0	46		0
1	213	1	10	46	00610062	1
1	79	-1	0	46		0
1	10	-1	0	46		0
1	1	-1	0	46		0
1	245	-1	0	46		0
1	213	1	10	46	0061000a	1
1	79	-1	0	46		0
1	10	-1	0	46		0
1	1	-1	0	46		0
1	245	-1	0	46		0
1	213	1	111	46		0
1	79	-1	0	46		0
1	111	-1	0	46		0
1	1	-1	0	46		0
1	245	-1	0	46		0
1	213	1	9	46		0
1	79	-1	0	46		0
1	9	-1	0	46		0
1	1	-1	0	46		0
1	245	-1	0	46		0
1	213	1	227	46		0
1	79	-1	0	46		0
1	227	-1	0	46		0
1	79	-1	0	46		0
1	39	-1	0	46		0
1	10	-1	0	46		0
1	1	-1	0	46		0
1	245	-1	0	46		0
1	212	1	79	46		0
1	79	-1	0	46		0
1	28	-1	0	46		0
1	79	-1	0	46		0
1	1	-1	0	46		0
1	245	-1	0	46		0
1	213	1	10	46	0062	1
1	79	-1	0	46		0
1	28	-1	0	46		0
1	10	-1	0	46		0
1	1	-1	0	46		0
1	245	-1	0	46		0
1	218	-1	0	46		0
1	212	1	79	46		0
1	79	-1	0	46		0
1	79	-1	0	46		0
1	1	-1	0	46		0
1	245	-1	0	46		0
1	214	-1	0	46		0
1	79	-1	0	46		0
1	1	-1	0	46		0
1	245	-1	0	46		0
1	213	1	229	46		0
1	79	-1	0	46		0
1	229	-1	0	46		0
1	15	-1	0	46		0
1	240	-1	0	46		0
1	79	-1	0	46		0
1	17	-1	0	46		0
1	1	-1	0	46		0
0	0	-1	0	47		0
1	245	-1	0	47		0
1	212	1	79	47	0062	1
1	79	-1	0	47		0
1	79	-1	0	47		0
1	1	-1	0	47		0
1	245	-1	0	47		0
1	213	1	10	47	0062	1
1	79	-1	0	47		0
1	10	-1	0	47		0
1	1	-1	0	47		0
1	245	-1	0	47		0
1	213	1	10	47		1
1	79	-1	0	47		0
1	10	-1	0	47		0
1	1	-1	0	47		0
1	245	-1	0	47		0
1	213	1	14	47	0062	1
1	79	-1	0	47		0
1	14	-1	0	47		0
1	1	-1	0	47		0
1	245	-1	0	47		0
1	213	1	8	47	00310036	1
1	79	-1	0	47		0
1	8	-1	0	47		0
1	1	-1	0	47		0
1	245	-1	0	47		0
1	213	1	8	47	00310030	1
1	79	-1	0	47		0
1	8	-1	0	47		0
1	1	-1	0	47		0
1	245	-1	0	47		0
1	213	1	79	47	007600610072006900610062006c0065	1
1	79	-1	0	47		0
1	79	-1	0	47		0
1	1	-1	0	47		0
1	245	-1	0	47		0
1	213	1	79	47	007600610072006900610062006c0065	1
1	79	-1	0	47		0
1	218	-1	0	47		0
1	218	-1	0	47		0
1	79	-1	0	47		0
1	1	-1	0	47		0
1	245	-1	0	47		0
1	213	1	10	47	0062	1
1	79	-1	0	47		0
1	218	-1	0	47		0
1	218	-1	0	47		0
1	10	-1	0	47		0
1	1	-1	0	47		0
1	245	-1	0	47		0
1	213	1	8	47	0030	1
1	79	-1	0	47		0
1	218	-1	0	47		0
1	218	-1	0	47		0
1	8	-1	0	47		0
1	1	-1	0	47		0
1	245	-1	0	47		0
1	212	1	80	47		0
1	79	-1	0	47		0
1	80	-1	0	47		0
1	1	-1	0	47		0
1	245	-1	0	47		0
1	213	1	80	47		0
1	79	-1	0	47		0
1	80	-1	0	47		0
1	1	-1	0	47		0
1	245	-1	0	47		0
1	213	1	10	47	d83dde00	1
1	79	-1	0	47		0
1	10	-1	0	47		0
1	1	-1	0	47		0
1	245	-1	0	47		0
1	213	1	10	47	00610062	1
1	79	-1	0	47		0
1	10	-1	0	47		0
1	1	-1	0	47		0
1	245	-1	0	47		0
1	213	1	10	47	0061000a	1
1	79	-1	0	47		0
1	10	-1	0	47		0
1	1	-1	0	47		0
1	245	-1	0	47		0
1	213	1	111	47		0
1	79	-1	0	47		0
1	111	-1	0	47		0
1	1	-1	0	47		0
1	245	-1	0	47		0
1	213	1	9	47		0
1	79	-1	0	47		0
1	9	-1	0	47		0
1	1	-1	0	47		0
1	245	-1	0	47		0
1	213	1	227	47		0
1	79	-1	0	47		0
1	227	-1	0	47		0
1	79	-1	0	47		0
1	39	-1	0	47		0
1	10	-1	0	47		0
1	1	-1	0	47		0
1	245	-1	0	47		0
1	212	1	79	47	0062	1
1	79	-1	0	47		0
1	28	-1	0	47		0
1	79	-1	0	47		0
1	1	-1	0	47		0
1	245	-1	0	47		0
1	213	1	10	47	0062	1
1	79	-1	0	47		0
1	28	-1	0	47		0
1	10	-1	0	47		0
1	1	-1	0	47		0
1	245	-1	0	47		0
1	218	-1	0	47		0
1	212	1	79	47	0062	1
1	79	-1	0	47		0
1	79	-1	0	47		0
1	1	-1	0	47		0
1	245	-1	0	47		0
1	214	-1	0	47		0
1	79	-1	0	47		0
1	1	-1	0	47		0
1	245	-1	0	47		0
1	213	1	229	47		0
1	79	-1	0	47		0
1	229	-1	0	47		0
1	15	-1	0	47		0
1	240	-1	0	47		0
1	79	-1	0	47		0
1	17	-1	0	47		0
1	1	-1	0	47		0
0	0	-1	0	48		0
1	245	-1	0	48		0
1	212	1	79	48		0
1	79	-1	0	48		0
1	79	-1	0	48		0
1	1	-1	0	48		0
1	245	-1	0	48		0
1	213	1	10	48		0
1	79	-1	0	48		0
1	10	-1	0	48		0
1	1	-1	0	48		0
1	245	-1	0	48		0
1	213	1	10	48		0
1	79	-1	0	48		0
1	10	-1	0	48		0
1	1	-1	0	48		0
1	245	-1	0	48		0
1	213	1	14	48		0
1	79	-1	0	48		0
1	14	-1	0	48		0
1	1	-1	0	48		0
1	245	-1	0	48		0
1	213	1	8	48		0
1	79	-1	0	48		0
1	8	-1	0	48		0
1	1	-1	0	48		0
1	245	-1	0	48		0
1	213	1	8	48		0
1	79	-1	0	48		0
1	8	-1	0	48		0
1	1	-1	0	48		0
1	245	-1	0	48		0
1	213	1	79	48		0
1	79	-1	0	48		0
1	79	-1	0	48		0
1	1	-1	0	48		0
1	245	-1	0	48		0
1	213	1	79	48		0
1	79	-1	0	48		0
1	218	-1	0	48		0
1	218	-1	0	48		0
1	79	-1	0	48		0
1	1	-1	0	48		0
1	245	-1	0	48		0
1	213	1	10	48		0
1	79	-1	0	48		0
1	218	-1	0	48		0
1	218	-1	0	48		0
1	10	-1	0	48		0
1	1	-1	0	48		0
1	245	-1	0	48		0
1	213	1	8	48		0
1	79	-1	0	48		0
1	218	-1	0	48		0
1	218	-1	0	48		0
1	8	-1	0	48		0
1	1	-1	0	48		0
1	245	-1	0	48		0
1	212	1	80	48	00230070007200690076006100740065	1
1	79	-1	0	48		0
1	80	-1	0	48		0
1	1	-1	0	48		0
1	245	-1	0	48		0
1	213	1	80	48	00230070007200690076006100740065	1
1	79	-1	0	48		0
1	80	-1	0	48		0
1	1	-1	0	48		0
1	245	-1	0	48		0
1	213	1	10	48		0
1	79	-1	0	48		0
1	10	-1	0	48		0
1	1	-1	0	48		0
1	245	-1	0	48		0
1	213	1	10	48		0
1	79	-1	0	48		0
1	10	-1	0	48		0
1	1	-1	0	48		0
1	245	-1	0	48		0
1	213	1	10	48		0
1	79	-1	0	48		0
1	10	-1	0	48		0
1	1	-1	0	48		0
1	245	-1	0	48		0
1	213	1	111	48		0
1	79	-1	0	48		0
1	111	-1	0	48		0
1	1	-1	0	48		0
1	245	-1	0	48		0
1	213	1	9	48		0
1	79	-1	0	48		0
1	9	-1	0	48		0
1	1	-1	0	48		0
1	245	-1	0	48		0
1	213	1	227	48		0
1	79	-1	0	48		0
1	227	-1	0	48		0
1	79	-1	0	48		0
1	39	-1	0	48		0
1	10	-1	0	48		0
1	1	-1	0	48		0
1	245	-1	0	48		0
1	212	1	79	48		0
1	79	-1	0	48		0
1	28	-1	0	48		0
1	79	-1	0	48		0
1	1	-1	0	48		0
1	245	-1	0	48		0
1	213	1	10	48		0
1	79	-1	0	48		0
1	28	-1	0	48		0
1	10	-1	0	48		0
1	1	-1	0	48		0
1	245	-1	0	48		0
1	218	-1	0	48		0
1	212	1	79	48		0
1	79	-1	0	48		0
1	79	-1	0	48		0
1	1	-1	0	48		0
1	245	-1	0	48		0
1	214	-1	0	48		0
1	79	-1	0	48		0
1	1	-1	0	48		0
1	245	-1	0	48		0
1	213	1	229	48		0
1	79	-1	0	48		0
1	229	-1	0	48		0
1	15	-1	0	48		0
1	240	-1	0	48		0
1	79	-1	0	48		0
1	17	-1	0	48		0
1	1	-1	0	48		0
0	0	-1	0	49		0
1	245	-1	0	49		0
1	212	1	79	49	0062	1
1	79	-1	0	49		0
1	79	-1	0	49		0
1	1	-1	0	49		0
1	245	-1	0	49		0
1	213	1	10	49		0
1	79	-1	0	49		0
1	10	-1	0	49		0
1	1	-1	0	49		0
1	245	-1	0	49		0
1	213	1	10	49		0
1	79	-1	0	49		0
1	10	-1	0	49		0
1	1	-1	0	49		0
1	245	-1	0	49		0
1	213	1	14	49		0
1	79	-1	0	49		0
1	14	-1	0	49		0
1	1	-1	0	49		0
1	245	-1	0	49		0
1	213	1	8	49		0
1	79	-1	0	49		0
1	8	-1	0	49		0
1	1	-1	0	49		0
1	245	-1	0	49		0
1	213	1	8	49		0
1	79	-1	0	49		0
1	8	-1	0	49		0
1	1	-1	0	49		0
1	245	-1	0	49		0
1	213	1	79	49	007600610072006900610062006c0065	1
1	79	-1	0	49		0
1	79	-1	0	49		0
1	1	-1	0	49		0
1	245	-1	0	49		0
1	213	1	79	49	007600610072006900610062006c0065	1
1	79	-1	0	49		0
1	218	-1	0	49		0
1	218	-1	0	49		0
1	79	-1	0	49		0
1	1	-1	0	49		0
1	245	-1	0	49		0
1	213	1	10	49		0
1	79	-1	0	49		0
1	218	-1	0	49		0
1	218	-1	0	49		0
1	10	-1	0	49		0
1	1	-1	0	49		0
1	245	-1	0	49		0
1	213	1	8	49		0
1	79	-1	0	49		0
1	218	-1	0	49		0
1	218	-1	0	49		0
1	8	-1	0	49		0
1	1	-1	0	49		0
1	245	-1	0	49		0
1	212	1	80	49	00230070007200690076006100740065	1
1	79	-1	0	49		0
1	80	-1	0	49		0
1	1	-1	0	49		0
1	245	-1	0	49		0
1	213	1	80	49	00230070007200690076006100740065	1
1	79	-1	0	49		0
1	80	-1	0	49		0
1	1	-1	0	49		0
1	245	-1	0	49		0
1	213	1	10	49		0
1	79	-1	0	49		0
1	10	-1	0	49		0
1	1	-1	0	49		0
1	245	-1	0	49		0
1	213	1	10	49		0
1	79	-1	0	49		0
1	10	-1	0	49		0
1	1	-1	0	49		0
1	245	-1	0	49		0
1	213	1	10	49		0
1	79	-1	0	49		0
1	10	-1	0	49		0
1	1	-1	0	49		0
1	245	-1	0	49		0
1	213	1	111	49		0
1	79	-1	0	49		0
1	111	-1	0	49		0
1	1	-1	0	49		0
1	245	-1	0	49		0
1	213	1	9	49		0
1	79	-1	0	49		0
1	9	-1	0	49		0
1	1	-1	0	49		0
1	245	-1	0	49		0
1	213	1	227	49		0
1	79	-1	0	49		0
1	227	-1	0	49		0
1	79	-1	0	49		0
1	39	-1	0	49		0
1	10	-1	0	49		0
1	1	-1	0	49		0
1	245	-1	0	49		0
1	212	1	79	49	0062	1
1	79	-1	0	49		0
1	28	-1	0	49		0
1	79	-1	0	49		0
1	1	-1	0	49		0
1	245	-1	0	49		0
1	213	1	10	49		0
1	79	-1	0	49		0
1	28	-1	0	49		0
1	10	-1	0	49		0
1	1	-1	0	49		0
1	245	-1	0	49		0
1	218	-1	0	49		0
1	212	1	79	49	0062	1
1	79	-1	0	49		0
1	79	-1	0	49		0
1	1	-1	0	49		0
1	245	-1	0	49		0
1	214	-1	0	49		0
1	79	-1	0	49		0
1	1	-1	0	49		0
1	245	-1	0	49		0
1	213	1	229	49		0
1	79	-1	0	49		0
1	229	-1	0	49		0
1	15	-1	0	49		0
1	240	-1	0	49		0
1	79	-1	0	49		0
1	17	-1	0	49		0
1	1	-1	0	49		0
0	0	-1	0	50		0
1	245	-1	0	50		0
1	212	1	79	50		0
1	79	-1	0	50		0
1	79	-1	0	50		0
1	1	-1	0	50		0
1	245	-1	0	50		0
1	213	1	10	50	0062	1
1	79	-1	0	50		0
1	10	-1	0	50		0
1	1	-1	0	50		0
1	245	-1	0	50		0
1	213	1	10	50		1
1	79	-1	0	50		0
1	10	-1	0	50		0
1	1	-1	0	50		0
1	245	-1	0	50		0
1	213	1	14	50		0
1	79	-1	0	50		0
1	14	-1	0	50		0
1	1	-1	0	50		0
1	245	-1	0	50		0
1	213	1	8	50		0
1	79	-1	0	50		0
1	8	-1	0	50		0
1	1	-1	0	50		0
1	245	-1	0	50		0
1	213	1	8	50		0
1	79	-1	0	50		0
1	8	-1	0	50		0
1	1	-1	0	50		0
1	245	-1	0	50		0
1	213	1	79	50		0
1	79	-1	0	50		0
1	79	-1	0	50		0
1	1	-1	0	50		0
1	245	-1	0	50		0
1	213	1	79	50		0
1	79	-1	0	50		0
1	218	-1	0	50		0
1	218	-1	0	50		0
1	79	-1	0	50		0
1	1	-1	0	50		0
1	245	-1	0	50		0
1	213	1	10	50	0062	1
1	79	-1	0	50		0
1	218	-1	0	50		0
1	218	-1	0	50		0
1	10	-1	0	50		0
1	1	-1	0	50		0
1	245	-1	0	50		0
1	213	1	8	50		0
1	79	-1	0	50		0
1	218	-1	0	50		0
1	218	-1	0	50		0
1	8	-1	0	50		0
1	1	-1	0	50		0
1	245	-1	0	50		0
1	212	1	80	50	00230070007200690076006100740065	1
1	79	-1	0	50		0
1	80	-1	0	50		0
1	1	-1	0	50		0
1	245	-1	0	50		0
1	213	1	80	50	00230070007200690076006100740065	1
1	79	-1	0	50		0
1	80	-1	0	50		0
1	1	-1	0	50		0
1	245	-1	0	50		0
1	213	1	10	50	d83dde00	1
1	79	-1	0	50		0
1	10	-1	0	50		0
1	1	-1	0	50		0
1	245	-1	0	50		0
1	213	1	10	50	00610062	1
1	79	-1	0	50		0
1	10	-1	0	50		0
1	1	-1	0	50		0
1	245	-1	0	50		0
1	213	1	10	50	0061000a	1
1	79	-1	0	50		0
1	10	-1	0	50		0
1	1	-1	0	50		0
1	245	-1	0	50		0
1	213	1	111	50		0
1	79	-1	0	50		0
1	111	-1	0	50		0
1	1	-1	0	50		0
1	245	-1	0	50		0
1	213	1	9	50		0
1	79	-1	0	50		0
1	9	-1	0	50		0
1	1	-1	0	50		0
1	245	-1	0	50		0
1	213	1	227	50		0
1	79	-1	0	50		0
1	227	-1	0	50		0
1	79	-1	0	50		0
1	39	-1	0	50		0
1	10	-1	0	50		0
1	1	-1	0	50		0
1	245	-1	0	50		0
1	212	1	79	50		0
1	79	-1	0	50		0
1	28	-1	0	50		0
1	79	-1	0	50		0
1	1	-1	0	50		0
1	245	-1	0	50		0
1	213	1	10	50	0062	1
1	79	-1	0	50		0
1	28	-1	0	50		0
1	10	-1	0	50		0
1	1	-1	0	50		0
1	245	-1	0	50		0
1	218	-1	0	50		0
1	212	1	79	50		0
1	79	-1	0	50		0
1	79	-1	0	50		0
1	1	-1	0	50		0
1	245	-1	0	50		0
1	214	-1	0	50		0
1	79	-1	0	50		0
1	1	-1	0	50		0
1	245	-1	0	50		0
1	213	1	229	50		0
1	79	-1	0	50		0
1	229	-1	0	50		0
1	15	-1	0	50		0
1	240	-1	0	50		0
1	79	-1	0	50		0
1	17	-1	0	50		0
1	1	-1	0	50		0
0	0	-1	0	51		0
1	245	-1	0	51		0
1	212	1	79	51	0062	1
1	79	-1	0	51		0
1	79	-1	0	51		0
1	1	-1	0	51		0
1	245	-1	0	51		0
1	213	1	10	51	0062	1
1	79	-1	0	51		0
1	10	-1	0	51		0
1	1	-1	0	51		0
1	245	-1	0	51		0
1	213	1	10	51		1
1	79	-1	0	51		0
1	10	-1	0	51		0
1	1	-1	0	51		0
1	245	-1	0	51		0
1	213	1	14	51		0
1	79	-1	0	51		0
1	14	-1	0	51		0
1	1	-1	0	51		0
1	245	-1	0	51		0
1	213	1	8	51		0
1	79	-1	0	51		0
1	8	-1	0	51		0
1	1	-1	0	51		0
1	245	-1	0	51		0
1	213	1	8	51		0
1	79	-1	0	51		0
1	8	-1	0	51		0
1	1	-1	0	51		0
1	245	-1	0	51		0
1	213	1	79	51	007600610072006900610062006c0065	1
1	79	-1	0	51		0
1	79	-1	0	51		0
1	1	-1	0	51		0
1	245	-1	0	51		0
1	213	1	79	51	007600610072006900610062006c0065	1
1	79	-1	0	51		0
1	218	-1	0	51		0
1	218	-1	0	51		0
1	79	-1	0	51		0
1	1	-1	0	51		0
1	245	-1	0	51		0
1	213	1	10	51	0062	1
1	79	-1	0	51		0
1	218	-1	0	51		0
1	218	-1	0	51		0
1	10	-1	0	51		0
1	1	-1	0	51		0
1	245	-1	0	51		0
1	213	1	8	51		0
1	79	-1	0	51		0
1	218	-1	0	51		0
1	218	-1	0	51		0
1	8	-1	0	51		0
1	1	-1	0	51		0
1	245	-1	0	51		0
1	212	1	80	51	00230070007200690076006100740065	1
1	79	-1	0	51		0
1	80	-1	0	51		0
1	1	-1	0	51		0
1	245	-1	0	51		0
1	213	1	80	51	00230070007200690076006100740065	1
1	79	-1	0	51		0
1	80	-1	0	51		0
1	1	-1	0	51		0
1	245	-1	0	51		0
1	213	1	10	51	d83dde00	1
1	79	-1	0	51		0
1	10	-1	0	51		0
1	1	-1	0	51		0
1	245	-1	0	51		0
1	213	1	10	51	00610062	1
1	79	-1	0	51		0
1	10	-1	0	51		0
1	1	-1	0	51		0
1	245	-1	0	51		0
1	213	1	10	51	0061000a	1
1	79	-1	0	51		0
1	10	-1	0	51		0
1	1	-1	0	51		0
1	245	-1	0	51		0
1	213	1	111	51		0
1	79	-1	0	51		0
1	111	-1	0	51		0
1	1	-1	0	51		0
1	245	-1	0	51		0
1	213	1	9	51		0
1	79	-1	0	51		0
1	9	-1	0	51		0
1	1	-1	0	51		0
1	245	-1	0	51		0
1	213	1	227	51		0
1	79	-1	0	51		0
1	227	-1	0	51		0
1	79	-1	0	51		0
1	39	-1	0	51		0
1	10	-1	0	51		0
1	1	-1	0	51		0
1	245	-1	0	51		0
1	212	1	79	51	0062	1
1	79	-1	0	51		0
1	28	-1	0	51		0
1	79	-1	0	51		0
1	1	-1	0	51		0
1	245	-1	0	51		0
1	213	1	10	51	0062	1
1	79	-1	0	51		0
1	28	-1	0	51		0
1	10	-1	0	51		0
1	1	-1	0	51		0
1	245	-1	0	51		0
1	218	-1	0	51		0
1	212	1	79	51	0062	1
1	79	-1	0	51		0
1	79	-1	0	51		0
1	1	-1	0	51		0
1	245	-1	0	51		0
1	214	-1	0	51		0
1	79	-1	0	51		0
1	1	-1	0	51		0
1	245	-1	0	51		0
1	213	1	229	51		0
1	79	-1	0	51		0
1	229	-1	0	51		0
1	15	-1	0	51		0
1	240	-1	0	51		0
1	79	-1	0	51		0
1	17	-1	0	51		0
1	1	-1	0	51		0
0	0	-1	0	52		0
1	245	-1	0	52		0
1	212	1	79	52		0
1	79	-1	0	52		0
1	79	-1	0	52		0
1	1	-1	0	52		0
1	245	-1	0	52		0
1	213	1	10	52		0
1	79	-1	0	52		0
1	10	-1	0	52		0
1	1	-1	0	52		0
1	245	-1	0	52		0
1	213	1	10	52		0
1	79	-1	0	52		0
1	10	-1	0	52		0
1	1	-1	0	52		0
1	245	-1	0	52		0
1	213	1	14	52	0062	1
1	79	-1	0	52		0
1	14	-1	0	52		0
1	1	-1	0	52		0
1	245	-1	0	52		0
1	213	1	8	52		0
1	79	-1	0	52		0
1	8	-1	0	52		0
1	1	-1	0	52		0
1	245	-1	0	52		0
1	213	1	8	52		0
1	79	-1	0	52		0
1	8	-1	0	52		0
1	1	-1	0	52		0
1	245	-1	0	52		0
1	213	1	79	52		0
1	79	-1	0	52		0
1	79	-1	0	52		0
1	1	-1	0	52		0
1	245	-1	0	52		0
1	213	1	79	52		0
1	79	-1	0	52		0
1	218	-1	0	52		0
1	218	-1	0	52		0
1	79	-1	0	52		0
1	1	-1	0	52		0
1	245	-1	0	52		0
1	213	1	10	52		0
1	79	-1	0	52		0
1	218	-1	0	52		0
1	218	-1	0	52		0
1	10	-1	0	52		0
1	1	-1	0	52		0
1	245	-1	0	52		0
1	213	1	8	52		0
1	79	-1	0	52		0
1	218	-1	0	52		0
1	218	-1	0	52		0
1	8	-1	0	52		0
1	1	-1	0	52		0
1	245	-1	0	52		0
1	212	1	80	52	00230070007200690076006100740065	1
1	79	-1	0	52		0
1	80	-1	0	52		0
1	1	-1	0	52		0
1	245	-1	0	52		0
1	213	1	80	52	00230070007200690076006100740065	1
1	79	-1	0	52		0
1	80	-1	0	52		0
1	1	-1	0	52		0
1	245	-1	0	52		0
1	213	1	10	52		0
1	79	-1	0	52		0
1	10	-1	0	52		0
1	1	-1	0	52		0
1	245	-1	0	52		0
1	213	1	10	52		0
1	79	-1	0	52		0
1	10	-1	0	52		0
1	1	-1	0	52		0
1	245	-1	0	52		0
1	213	1	10	52		0
1	79	-1	0	52		0
1	10	-1	0	52		0
1	1	-1	0	52		0
1	245	-1	0	52		0
1	213	1	111	52		0
1	79	-1	0	52		0
1	111	-1	0	52		0
1	1	-1	0	52		0
1	245	-1	0	52		0
1	213	1	9	52		0
1	79	-1	0	52		0
1	9	-1	0	52		0
1	1	-1	0	52		0
1	245	-1	0	52		0
1	213	1	227	52		0
1	79	-1	0	52		0
1	227	-1	0	52		0
1	79	-1	0	52		0
1	39	-1	0	52		0
1	10	-1	0	52		0
1	1	-1	0	52		0
1	245	-1	0	52		0
1	212	1	79	52		0
1	79	-1	0	52		0
1	28	-1	0	52		0
1	79	-1	0	52		0
1	1	-1	0	52		0
1	245	-1	0	52		0
1	213	1	10	52		0
1	79	-1	0	52		0
1	28	-1	0	52		0
1	10	-1	0	52		0
1	1	-1	0	52		0
1	245	-1	0	52		0
1	218	-1	0	52		0
1	212	1	79	52		0
1	79	-1	0	52		0
1	79	-1	0	52		0
1	1	-1	0	52		0
1	245	-1	0	52		0
1	214	-1	0	52		0
1	79	-1	0	52		0
1	1	-1	0	52		0
1	245	-1	0	52		0
1	213	1	229	52		0
1	79	-1	0	52		0
1	229	-1	0	52		0
1	15	-1	0	52		0
1	240	-1	0	52		0
1	79	-1	0	52		0
1	17	-1	0	52		0
1	1	-1	0	52		0
0	0	-1	0	53		0
1	245	-1	0	53		0
1	212	1	79	53	0062	1
1	79	-1	0	53		0
1	79	-1	0	53		0
1	1	-1	0	53		0
1	245	-1	0	53		0
1	213	1	10	53		0
1	79	-1	0	53		0
1	10	-1	0	53		0
1	1	-1	0	53		0
1	245	-1	0	53		0
1	213	1	10	53		0
1	79	-1	0	53		0
1	10	-1	0	53		0
1	1	-1	0	53		0
1	245	-1	0	53		0
1	213	1	14	53	0062	1
1	79	-1	0	53		0
1	14	-1	0	53		0
1	1	-1	0	53		0
1	245	-1	0	53		0
1	213	1	8	53		0
1	79	-1	0	53		0
1	8	-1	0	53		0
1	1	-1	0	53		0
1	245	-1	0	53		0
1	213	1	8	53		0
1	79	-1	0	53		0
1	8	-1	0	53		0
1	1	-1	0	53		0
1	245	-1	0	53		0
1	213	1	79	53	007600610072006900610062006c0065	1
1	79	-1	0	53		0
1	79	-1	0	53		0
1	1	-1	0	53		0
1	245	-1	0	53		0
1	213	1	79	53	007600610072006900610062006c0065	1
1	79	-1	0	53		0
1	218	-1	0	53		0
1	218	-1	0	53		0
1	79	-1	0	53		0
1	1	-1	0	53		0
1	245	-1	0	53		0
1	213	1	10	53		0
1	79	-1	0	53		0
1	218	-1	0	53		0
1	218	-1	0	53		0
1	10	-1	0	53		0
1	1	-1	0	53		0
1	245	-1	0	53		0
1	213	1	8	53		0
1	79	-1	0	53		0
1	218	-1	0	53		0
1	218	-1	0	53		0
1	8	-1	0	53		0
1	1	-1	0	53		0
1	245	-1	0	53		0
1	212	1	80	53	00230070007200690076006100740065	1
1	79	-1	0	53		0
1	80	-1	0	53		0
1	1	-1	0	53		0
1	245	-1	0	53		0
1	213	1	80	53	00230070007200690076006100740065	1
1	79	-1	0	53		0
1	80	-1	0	53		0
1	1	-1	0	53		0
1	245	-1	0	53		0
1	213	1	10	53		0
1	79	-1	0	53		0
1	10	-1	0	53		0
1	1	-1	0	53		0
1	245	-1	0	53		0
1	213	1	10	53		0
1	79	-1	0	53		0
1	10	-1	0	53		0
1	1	-1	0	53		0
1	245	-1	0	53		0
1	213	1	10	53		0
1	79	-1	0	53		0
1	10	-1	0	53		0
1	1	-1	0	53		0
1	245	-1	0	53		0
1	213	1	111	53		0
1	79	-1	0	53		0
1	111	-1	0	53		0
1	1	-1	0	53		0
1	245	-1	0	53		0
1	213	1	9	53		0
1	79	-1	0	53		0
1	9	-1	0	53		0
1	1	-1	0	53		0
1	245	-1	0	53		0
1	213	1	227	53		0
1	79	-1	0	53		0
1	227	-1	0	53		0
1	79	-1	0	53		0
1	39	-1	0	53		0
1	10	-1	0	53		0
1	1	-1	0	53		0
1	245	-1	0	53		0
1	212	1	79	53	0062	1
1	79	-1	0	53		0
1	28	-1	0	53		0
1	79	-1	0	53		0
1	1	-1	0	53		0
1	245	-1	0	53		0
1	213	1	10	53		0
1	79	-1	0	53		0
1	28	-1	0	53		0
1	10	-1	0	53		0
1	1	-1	0	53		0
1	245	-1	0	53		0
1	218	-1	0	53		0
1	212	1	79	53	0062	1
1	79	-1	0	53		0
1	79	-1	0	53		0
1	1	-1	0	53		0
1	245	-1	0	53		0
1	214	-1	0	53		0
1	79	-1	0	53		0
1	1	-1	0	53		0
1	245	-1	0	53		0
1	213	1	229	53		0
1	79	-1	0	53		0
1	229	-1	0	53		0
1	15	-1	0	53		0
1	240	-1	0	53		0
1	79	-1	0	53		0
1	17	-1	0	53		0
1	1	-1	0	53		0
0	0	-1	0	54		0
1	245	-1	0	54		0
1	212	1	79	54		0
1	79	-1	0	54		0
1	79	-1	0	54		0
1	1	-1	0	54		0
1	245	-1	0	54		0
1	213	1	10	54	0062	1
1	79	-1	0	54		0
1	10	-1	0	54		0
1	1	-1	0	54		0
1	245	-1	0	54		0
1	213	1	10	54		1
1	79	-1	0	54		0
1	10	-1	0	54		0
1	1	-1	0	54		0
1	245	-1	0	54		0
1	213	1	14	54	0062	1
1	79	-1	0	54		0
1	14	-1	0	54		0
1	1	-1	0	54		0
1	245	-1	0	54		0
1	213	1	8	54		0
1	79	-1	0	54		0
1	8	-1	0	54		0
1	1	-1	0	54		0
1	245	-1	0	54		0
1	213	1	8	54		0
1	79	-1	0	54		0
1	8	-1	0	54		0
1	1	-1	0	54		0
1	245	-1	0	54		0
1	213	1	79	54		0
1	79	-1	0	54		0
1	79	-1	0	54		0
1	1	-1	0	54		0
1	245	-1	0	54		0
1	213	1	79	54		0
1	79	-1	0	54		0
1	218	-1	0	54		0
1	218	-1	0	54		0
1	79	-1	0	54		0
1	1	-1	0	54		0
1	245	-1	0	54		0
1	213	1	10	54	0062	1
1	79	-1	0	54		0
1	218	-1	0	54		0
1	218	-1	0	54		0
1	10	-1	0	54		0
1	1	-1	0	54		0
1	245	-1	0	54		0
1	213	1	8	54		0
1	79	-1	0	54		0
1	218	-1	0	54		0
1	218	-1	0	54		0
1	8	-1	0	54		0
1	1	-1	0	54		0
1	245	-1	0	54		0
1	212	1	80	54	00230070007200690076006100740065	1
1	79	-1	0	54		0
1	80	-1	0	54		0
1	1	-1	0	54		0
1	245	-1	0	54		0
1	213	1	80	54	00230070007200690076006100740065	1
1	79	-1	0	54		0
1	80	-1	0	54		0
1	1	-1	0	54		0
1	245	-1	0	54		0
1	213	1	10	54	d83dde00	1
1	79	-1	0	54		0
1	10	-1	0	54		0
1	1	-1	0	54		0
1	245	-1	0	54		0
1	213	1	10	54	00610062	1
1	79	-1	0	54		0
1	10	-1	0	54		0
1	1	-1	0	54		0
1	245	-1	0	54		0
1	213	1	10	54	0061000a	1
1	79	-1	0	54		0
1	10	-1	0	54		0
1	1	-1	0	54		0
1	245	-1	0	54		0
1	213	1	111	54		0
1	79	-1	0	54		0
1	111	-1	0	54		0
1	1	-1	0	54		0
1	245	-1	0	54		0
1	213	1	9	54		0
1	79	-1	0	54		0
1	9	-1	0	54		0
1	1	-1	0	54		0
1	245	-1	0	54		0
1	213	1	227	54		0
1	79	-1	0	54		0
1	227	-1	0	54		0
1	79	-1	0	54		0
1	39	-1	0	54		0
1	10	-1	0	54		0
1	1	-1	0	54		0
1	245	-1	0	54		0
1	212	1	79	54		0
1	79	-1	0	54		0
1	28	-1	0	54		0
1	79	-1	0	54		0
1	1	-1	0	54		0
1	245	-1	0	54		0
1	213	1	10	54	0062	1
1	79	-1	0	54		0
1	28	-1	0	54		0
1	10	-1	0	54		0
1	1	-1	0	54		0
1	245	-1	0	54		0
1	218	-1	0	54		0
1	212	1	79	54		0
1	79	-1	0	54		0
1	79	-1	0	54		0
1	1	-1	0	54		0
1	245	-1	0	54		0
1	214	-1	0	54		0
1	79	-1	0	54		0
1	1	-1	0	54		0
1	245	-1	0	54		0
1	213	1	229	54		0
1	79	-1	0	54		0
1	229	-1	0	54		0
1	15	-1	0	54		0
1	240	-1	0	54		0
1	79	-1	0	54		0
1	17	-1	0	54		0
1	1	-1	0	54		0
0	0	-1	0	55		0
1	245	-1	0	55		0
1	212	1	79	55	0062	1
1	79	-1	0	55		0
1	79	-1	0	55		0
1	1	-1	0	55		0
1	245	-1	0	55		0
1	213	1	10	55	0062	1
1	79	-1	0	55		0
1	10	-1	0	55		0
1	1	-1	0	55		0
1	245	-1	0	55		0
1	213	1	10	55		1
1	79	-1	0	55		0
1	10	-1	0	55		0
1	1	-1	0	55		0
1	245	-1	0	55		0
1	213	1	14	55	0062	1
1	79	-1	0	55		0
1	14	-1	0	55		0
1	1	-1	0	55		0
1	245	-1	0	55		0
1	213	1	8	55		0
1	79	-1	0	55		0
1	8	-1	0	55		0
1	1	-1	0	55		0
1	245	-1	0	55		0
1	213	1	8	55		0
1	79	-1	0	55		0
1	8	-1	0	55		0
1	1	-1	0	55		0
1	245	-1	0	55		0
1	213	1	79	55	007600610072006900610062006c0065	1
1	79	-1	0	55		0
1	79	-1	0	55		0
1	1	-1	0	55		0
1	245	-1	0	55		0
1	213	1	79	55	007600610072006900610062006c0065	1
1	79	-1	0	55		0
1	218	-1	0	55		0
1	218	-1	0	55		0
1	79	-1	0	55		0
1	1	-1	0	55		0
1	245	-1	0	55		0
1	213	1	10	55	0062	1
1	79	-1	0	55		0
1	218	-1	0	55		0
1	218	-1	0	55		0
1	10	-1	0	55		0
1	1	-1	0	55		0
1	245	-1	0	55		0
1	213	1	8	55		0
1	79	-1	0	55		0
1	218	-1	0	55		0
1	218	-1	0	55		0
1	8	-1	0	55		0
1	1	-1	0	55		0
1	245	-1	0	55		0
1	212	1	80	55	00230070007200690076006100740065	1
1	79	-1	0	55		0
1	80	-1	0	55		0
1	1	-1	0	55		0
1	245	-1	0	55		0
1	213	1	80	55	00230070007200690076006100740065	1
1	79	-1	0	55		0
1	80	-1	0	55		0
1	1	-1	0	55		0
1	245	-1	0	55		0
1	213	1	10	55	d83dde00	1
1	79	-1	0	55		0
1	10	-1	0	55		0
1	1	-1	0	55		0
1	245	-1	0	55		0
1	213	1	10	55	00610062	1
1	79	-1	0	55		0
1	10	-1	0	55		0
1	1	-1	0	55		0
1	245	-1	0	55		0
1	213	1	10	55	0061000a	1
1	79	-1	0	55		0
1	10	-1	0	55		0
1	1	-1	0	55		0
1	245	-1	0	55		0
1	213	1	111	55		0
1	79	-1	0	55		0
1	111	-1	0	55		0
1	1	-1	0	55		0
1	245	-1	0	55		0
1	213	1	9	55		0
1	79	-1	0	55		0
1	9	-1	0	55		0
1	1	-1	0	55		0
1	245	-1	0	55		0
1	213	1	227	55		0
1	79	-1	0	55		0
1	227	-1	0	55		0
1	79	-1	0	55		0
1	39	-1	0	55		0
1	10	-1	0	55		0
1	1	-1	0	55		0
1	245	-1	0	55		0
1	212	1	79	55	0062	1
1	79	-1	0	55		0
1	28	-1	0	55		0
1	79	-1	0	55		0
1	1	-1	0	55		0
1	245	-1	0	55		0
1	213	1	10	55	0062	1
1	79	-1	0	55		0
1	28	-1	0	55		0
1	10	-1	0	55		0
1	1	-1	0	55		0
1	245	-1	0	55		0
1	218	-1	0	55		0
1	212	1	79	55	0062	1
1	79	-1	0	55		0
1	79	-1	0	55		0
1	1	-1	0	55		0
1	245	-1	0	55		0
1	214	-1	0	55		0
1	79	-1	0	55		0
1	1	-1	0	55		0
1	245	-1	0	55		0
1	213	1	229	55		0
1	79	-1	0	55		0
1	229	-1	0	55		0
1	15	-1	0	55		0
1	240	-1	0	55		0
1	79	-1	0	55		0
1	17	-1	0	55		0
1	1	-1	0	55		0
0	0	-1	0	56		0
1	245	-1	0	56		0
1	212	1	79	56		0
1	79	-1	0	56		0
1	79	-1	0	56		0
1	1	-1	0	56		0
1	245	-1	0	56		0
1	213	1	10	56		0
1	79	-1	0	56		0
1	10	-1	0	56		0
1	1	-1	0	56		0
1	245	-1	0	56		0
1	213	1	10	56		0
1	79	-1	0	56		0
1	10	-1	0	56		0
1	1	-1	0	56		0
1	245	-1	0	56		0
1	213	1	14	56		0
1	79	-1	0	56		0
1	14	-1	0	56		0
1	1	-1	0	56		0
1	245	-1	0	56		0
1	213	1	8	56	00310036	1
1	79	-1	0	56		0
1	8	-1	0	56		0
1	1	-1	0	56		0
1	245	-1	0	56		0
1	213	1	8	56	00310030	1
1	79	-1	0	56		0
1	8	-1	0	56		0
1	1	-1	0	56		0
1	245	-1	0	56		0
1	213	1	79	56		0
1	79	-1	0	56		0
1	79	-1	0	56		0
1	1	-1	0	56		0
1	245	-1	0	56		0
1	213	1	79	56		0
1	79	-1	0	56		0
1	218	-1	0	56		0
1	218	-1	0	56		0
1	79	-1	0	56		0
1	1	-1	0	56		0
1	245	-1	0	56		0
1	213	1	10	56		0
1	79	-1	0	56		0
1	218	-1	0	56		0
1	218	-1	0	56		0
1	10	-1	0	56		0
1	1	-1	0	56		0
1	245	-1	0	56		0
1	213	1	8	56	0030	1
1	79	-1	0	56		0
1	218	-1	0	56		0
1	218	-1	0	56		0
1	8	-1	0	56		0
1	1	-1	0	56		0
1	245	-1	0	56		0
1	212	1	80	56	00230070007200690076006100740065	1
1	79	-1	0	56		0
1	80	-1	0	56		0
1	1	-1	0	56		0
1	245	-1	0	56		0
1	213	1	80	56	00230070007200690076006100740065	1
1	79	-1	0	56		0
1	80	-1	0	56		0
1	1	-1	0	56		0
1	245	-1	0	56		0
1	213	1	10	56		0
1	79	-1	0	56		0
1	10	-1	0	56		0
1	1	-1	0	56		0
1	245	-1	0	56		0
1	213	1	10	56		0
1	79	-1	0	56		0
1	10	-1	0	56		0
1	1	-1	0	56		0
1	245	-1	0	56		0
1	213	1	10	56		0
1	79	-1	0	56		0
1	10	-1	0	56		0
1	1	-1	0	56		0
1	245	-1	0	56		0
1	213	1	111	56		0
1	79	-1	0	56		0
1	111	-1	0	56		0
1	1	-1	0	56		0
1	245	-1	0	56		0
1	213	1	9	56		0
1	79	-1	0	56		0
1	9	-1	0	56		0
1	1	-1	0	56		0
1	245	-1	0	56		0
1	213	1	227	56		0
1	79	-1	0	56		0
1	227	-1	0	56		0
1	79	-1	0	56		0
1	39	-1	0	56		0
1	10	-1	0	56		0
1	1	-1	0	56		0
1	245	-1	0	56		0
1	212	1	79	56		0
1	79	-1	0	56		0
1	28	-1	0	56		0
1	79	-1	0	56		0
1	1	-1	0	56		0
1	245	-1	0	56		0
1	213	1	10	56		0
1	79	-1	0	56		0
1	28	-1	0	56		0
1	10	-1	0	56		0
1	1	-1	0	56		0
1	245	-1	0	56		0
1	218	-1	0	56		0
1	212	1	79	56		0
1	79	-1	0	56		0
1	79	-1	0	56		0
1	1	-1	0	56		0
1	245	-1	0	56		0
1	214	-1	0	56		0
1	79	-1	0	56		0
1	1	-1	0	56		0
1	245	-1	0	56		0
1	213	1	229	56		0
1	79	-1	0	56		0
1	229	-1	0	56		0
1	15	-1	0	56		0
1	240	-1	0	56		0
1	79	-1	0	56		0
1	17	-1	0	56		0
1	1	-1	0	56		0
0	0	-1	0	57		0
1	245	-1	0	57		0
1	212	1	79	57	0062	1
1	79	-1	0	57		0
1	79	-1	0	57		0
1	1	-1	0	57		0
1	245	-1	0	57		0
1	213	1	10	57		0
1	79	-1	0	57		0
1	10	-1	0	57		0
1	1	-1	0	57		0
1	245	-1	0	57		0
1	213	1	10	57		0
1	79	-1	0	57		0
1	10	-1	0	57		0
1	1	-1	0	57		0
1	245	-1	0	57		0
1	213	1	14	57		0
1	79	-1	0	57		0
1	14	-1	0	57		0
1	1	-1	0	57		0
1	245	-1	0	57		0
1	213	1	8	57	00310036	1
1	79	-1	0	57		0
1	8	-1	0	57		0
1	1	-1	0	57		0
1	245	-1	0	57		0
1	213	1	8	57	00310030	1
1	79	-1	0	57		0
1	8	-1	0	57		0
1	1	-1	0	57		0
1	245	-1	0	57		0
1	213	1	79	57	007600610072006900610062006c0065	1
1	79	-1	0	57		0
1	79	-1	0	57		0
1	1	-1	0	57		0
1	245	-1	0	57		0
1	213	1	79	57	007600610072006900610062006c0065	1
1	79	-1	0	57		0
1	218	-1	0	57		0
1	218	-1	0	57		0
1	79	-1	0	57		0
1	1	-1	0	57		0
1	245	-1	0	57		0
1	213	1	10	57		0
1	79	-1	0	57		0
1	218	-1	0	57		0
1	218	-1	0	57		0
1	10	-1	0	57		0
1	1	-1	0	57		0
1	245	-1	0	57		0
1	213	1	8	57	0030	1
1	79	-1	0	57		0
1	218	-1	0	57		0
1	218	-1	0	57		0
1	8	-1	0	57		0
1	1	-1	0	57		0
1	245	-1	0	57		0
1	212	1	80	57	00230070007200690076006100740065	1
1	79	-1	0	57		0
1	80	-1	0	57		0
1	1	-1	0	57		0
1	245	-1	0	57		0
1	213	1	80	57	00230070007200690076006100740065	1
1	79	-1	0	57		0
1	80	-1	0	57		0
1	1	-1	0	57		0
1	245	-1	0	57		0
1	213	1	10	57		0
1	79	-1	0	57		0
1	10	-1	0	57		0
1	1	-1	0	57		0
1	245	-1	0	57		0
1	213	1	10	57		0
1	79	-1	0	57		0
1	10	-1	0	57		0
1	1	-1	0	57		0
1	245	-1	0	57		0
1	213	1	10	57		0
1	79	-1	0	57		0
1	10	-1	0	57		0
1	1	-1	0	57		0
1	245	-1	0	57		0
1	213	1	111	57		0
1	79	-1	0	57		0
1	111	-1	0	57		0
1	1	-1	0	57		0
1	245	-1	0	57		0
1	213	1	9	57		0
1	79	-1	0	57		0
1	9	-1	0	57		0
1	1	-1	0	57		0
1	245	-1	0	57		0
1	213	1	227	57		0
1	79	-1	0	57		0
1	227	-1	0	57		0
1	79	-1	0	57		0
1	39	-1	0	57		0
1	10	-1	0	57		0
1	1	-1	0	57		0
1	245	-1	0	57		0
1	212	1	79	57	0062	1
1	79	-1	0	57		0
1	28	-1	0	57		0
1	79	-1	0	57		0
1	1	-1	0	57		0
1	245	-1	0	57		0
1	213	1	10	57		0
1	79	-1	0	57		0
1	28	-1	0	57		0
1	10	-1	0	57		0
1	1	-1	0	57		0
1	245	-1	0	57		0
1	218	-1	0	57		0
1	212	1	79	57	0062	1
1	79	-1	0	57		0
1	79	-1	0	57		0
1	1	-1	0	57		0
1	245	-1	0	57		0
1	214	-1	0	57		0
1	79	-1	0	57		0
1	1	-1	0	57		0
1	245	-1	0	57		0
1	213	1	229	57		0
1	79	-1	0	57		0
1	229	-1	0	57		0
1	15	-1	0	57		0
1	240	-1	0	57		0
1	79	-1	0	57		0
1	17	-1	0	57		0
1	1	-1	0	57		0
0	0	-1	0	58		0
1	245	-1	0	58		0
1	212	1	79	58		0
1	79	-1	0	58		0
1	79	-1	0	58		0
1	1	-1	0	58		0
1	245	-1	0	58		0
1	213	1	10	58	0062	1
1	79	-1	0	58		0
1	10	-1	0	58		0
1	1	-1	0	58		0
1	245	-1	0	58		0
1	213	1	10	58		1
1	79	-1	0	58		0
1	10	-1	0	58		0
1	1	-1	0	58		0
1	245	-1	0	58		0
1	213	1	14	58		0
1	79	-1	0	58		0
1	14	-1	0	58		0
1	1	-1	0	58		0
1	245	-1	0	58		0
1	213	1	8	58	00310036	1
1	79	-1	0	58		0
1	8	-1	0	58		0
1	1	-1	0	58		0
1	245	-1	0	58		0
1	213	1	8	58	00310030	1
1	79	-1	0	58		0
1	8	-1	0	58		0
1	1	-1	0	58		0
1	245	-1	0	58		0
1	213	1	79	58		0
1	79	-1	0	58		0
1	79	-1	0	58		0
1	1	-1	0	58		0
1	245	-1	0	58		0
1	213	1	79	58		0
1	79	-1	0	58		0
1	218	-1	0	58		0
1	218	-1	0	58		0
1	79	-1	0	58		0
1	1	-1	0	58		0
1	245	-1	0	58		0
1	213	1	10	58	0062	1
1	79	-1	0	58		0
1	218	-1	0	58		0
1	218	-1	0	58		0
1	10	-1	0	58		0
1	1	-1	0	58		0
1	245	-1	0	58		0
1	213	1	8	58	0030	1
1	79	-1	0	58		0
1	218	-1	0	58		0
1	218	-1	0	58		0
1	8	-1	0	58		0
1	1	-1	0	58		0
1	245	-1	0	58		0
1	212	1	80	58	00230070007200690076006100740065	1
1	79	-1	0	58		0
1	80	-1	0	58		0
1	1	-1	0	58		0
1	245	-1	0	58		0
1	213	1	80	58	00230070007200690076006100740065	1
1	79	-1	0	58		0
1	80	-1	0	58		0
1	1	-1	0	58		0
1	245	-1	0	58		0
1	213	1	10	58	d83dde00	1
1	79	-1	0	58		0
1	10	-1	0	58		0
1	1	-1	0	58		0
1	245	-1	0	58		0
1	213	1	10	58	00610062	1
1	79	-1	0	58		0
1	10	-1	0	58		0
1	1	-1	0	58		0
1	245	-1	0	58		0
1	213	1	10	58	0061000a	1
1	79	-1	0	58		0
1	10	-1	0	58		0
1	1	-1	0	58		0
1	245	-1	0	58		0
1	213	1	111	58		0
1	79	-1	0	58		0
1	111	-1	0	58		0
1	1	-1	0	58		0
1	245	-1	0	58		0
1	213	1	9	58		0
1	79	-1	0	58		0
1	9	-1	0	58		0
1	1	-1	0	58		0
1	245	-1	0	58		0
1	213	1	227	58		0
1	79	-1	0	58		0
1	227	-1	0	58		0
1	79	-1	0	58		0
1	39	-1	0	58		0
1	10	-1	0	58		0
1	1	-1	0	58		0
1	245	-1	0	58		0
1	212	1	79	58		0
1	79	-1	0	58		0
1	28	-1	0	58		0
1	79	-1	0	58		0
1	1	-1	0	58		0
1	245	-1	0	58		0
1	213	1	10	58	0062	1
1	79	-1	0	58		0
1	28	-1	0	58		0
1	10	-1	0	58		0
1	1	-1	0	58		0
1	245	-1	0	58		0
1	218	-1	0	58		0
1	212	1	79	58		0
1	79	-1	0	58		0
1	79	-1	0	58		0
1	1	-1	0	58		0
1	245	-1	0	58		0
1	214	-1	0	58		0
1	79	-1	0	58		0
1	1	-1	0	58		0
1	245	-1	0	58		0
1	213	1	229	58		0
1	79	-1	0	58		0
1	229	-1	0	58		0
1	15	-1	0	58		0
1	240	-1	0	58		0
1	79	-1	0	58		0
1	17	-1	0	58		0
1	1	-1	0	58		0
0	0	-1	0	59		0
1	245	-1	0	59		0
1	212	1	79	59	0062	1
1	79	-1	0	59		0
1	79	-1	0	59		0
1	1	-1	0	59		0
1	245	-1	0	59		0
1	213	1	10	59	0062	1
1	79	-1	0	59		0
1	10	-1	0	59		0
1	1	-1	0	59		0
1	245	-1	0	59		0
1	213	1	10	59		1
1	79	-1	0	59		0
1	10	-1	0	59		0
1	1	-1	0	59		0
1	245	-1	0	59		0
1	213	1	14	59		0
1	79	-1	0	59		0
1	14	-1	0	59		0
1	1	-1	0	59		0
1	245	-1	0	59		0
1	213	1	8	59	00310036	1
1	79	-1	0	59		0
1	8	-1	0	59		0
1	1	-1	0	59		0
1	245	-1	0	59		0
1	213	1	8	59	00310030	1
1	79	-1	0	59		0
1	8	-1	0	59		0
1	1	-1	0	59		0
1	245	-1	0	59		0
1	213	1	79	59	007600610072006900610062006c0065	1
1	79	-1	0	59		0
1	79	-1	0	59		0
1	1	-1	0	59		0
1	245	-1	0	59		0
1	213	1	79	59	007600610072006900610062006c0065	1
1	79	-1	0	59		0
1	218	-1	0	59		0
1	218	-1	0	59		0
1	79	-1	0	59		0
1	1	-1	0	59		0
1	245	-1	0	59		0
1	213	1	10	59	0062	1
1	79	-1	0	59		0
1	218	-1	0	59		0
1	218	-1	0	59		0
1	10	-1	0	59		0
1	1	-1	0	59		0
1	245	-1	0	59		0
1	213	1	8	59	0030	1
1	79	-1	0	59		0
1	218	-1	0	59		0
1	218	-1	0	59		0
1	8	-1	0	59		0
1	1	-1	0	59		0
1	245	-1	0	59		0
1	212	1	80	59	00230070007200690076006100740065	1
1	79	-1	0	59		0
1	80	-1	0	59		0
1	1	-1	0	59		0
1	245	-1	0	59		0
1	213	1	80	59	00230070007200690076006100740065	1
1	79	-1	0	59		0
1	80	-1	0	59		0
1	1	-1	0	59		0
1	245	-1	0	59		0
1	213	1	10	59	d83dde00	1
1	79	-1	0	59		0
1	10	-1	0	59		0
1	1	-1	0	59		0
1	245	-1	0	59		0
1	213	1	10	59	00610062	1
1	79	-1	0	59		0
1	10	-1	0	59		0
1	1	-1	0	59		0
1	245	-1	0	59		0
1	213	1	10	59	0061000a	1
1	79	-1	0	59		0
1	10	-1	0	59		0
1	1	-1	0	59		0
1	245	-1	0	59		0
1	213	1	111	59		0
1	79	-1	0	59		0
1	111	-1	0	59		0
1	1	-1	0	59		0
1	245	-1	0	59		0
1	213	1	9	59		0
1	79	-1	0	59		0
1	9	-1	0	59		0
1	1	-1	0	59		0
1	245	-1	0	59		0
1	213	1	227	59		0
1	79	-1	0	59		0
1	227	-1	0	59		0
1	79	-1	0	59		0
1	39	-1	0	59		0
1	10	-1	0	59		0
1	1	-1	0	59		0
1	245	-1	0	59		0
1	212	1	79	59	0062	1
1	79	-1	0	59		0
1	28	-1	0	59		0
1	79	-1	0	59		0
1	1	-1	0	59		0
1	245	-1	0	59		0
1	213	1	10	59	0062	1
1	79	-1	0	59		0
1	28	-1	0	59		0
1	10	-1	0	59		0
1	1	-1	0	59		0
1	245	-1	0	59		0
1	218	-1	0	59		0
1	212	1	79	59	0062	1
1	79	-1	0	59		0
1	79	-1	0	59		0
1	1	-1	0	59		0
1	245	-1	0	59		0
1	214	-1	0	59		0
1	79	-1	0	59		0
1	1	-1	0	59		0
1	245	-1	0	59		0
1	213	1	229	59		0
1	79	-1	0	59		0
1	229	-1	0	59		0
1	15	-1	0	59		0
1	240	-1	0	59		0
1	79	-1	0	59		0
1	17	-1	0	59		0
1	1	-1	0	59		0
0	0	-1	0	60		0
1	245	-1	0	60		0
1	212	1	79	60		0
1	79	-1	0	60		0
1	79	-1	0	60		0
1	1	-1	0	60		0
1	245	-1	0	60		0
1	213	1	10	60		0
1	79	-1	0	60		0
1	10	-1	0	60		0
1	1	-1	0	60		0
1	245	-1	0	60		0
1	213	1	10	60		0
1	79	-1	0	60		0
1	10	-1	0	60		0
1	1	-1	0	60		0
1	245	-1	0	60		0
1	213	1	14	60	0062	1
1	79	-1	0	60		0
1	14	-1	0	60		0
1	1	-1	0	60		0
1	245	-1	0	60		0
1	213	1	8	60	00310036	1
1	79	-1	0	60		0
1	8	-1	0	60		0
1	1	-1	0	60		0
1	245	-1	0	60		0
1	213	1	8	60	00310030	1
1	79	-1	0	60		0
1	8	-1	0	60		0
1	1	-1	0	60		0
1	245	-1	0	60		0
1	213	1	79	60		0
1	79	-1	0	60		0
1	79	-1	0	60		0
1	1	-1	0	60		0
1	245	-1	0	60		0
1	213	1	79	60		0
1	79	-1	0	60		0
1	218	-1	0	60		0
1	218	-1	0	60		0
1	79	-1	0	60		0
1	1	-1	0	60		0
1	245	-1	0	60		0
1	213	1	10	60		0
1	79	-1	0	60		0
1	218	-1	0	60		0
1	218	-1	0	60		0
1	10	-1	0	60		0
1	1	-1	0	60		0
1	245	-1	0	60		0
1	213	1	8	60	0030	1
1	79	-1	0	60		0
1	218	-1	0	60		0
1	218	-1	0	60		0
1	8	-1	0	60		0
1	1	-1	0	60		0
1	245	-1	0	60		0
1	212	1	80	60	00230070007200690076006100740065	1
1	79	-1	0	60		0
1	80	-1	0	60		0
1	1	-1	0	60		0
1	245	-1	0	60		0
1	213	1	80	60	00230070007200690076006100740065	1
1	79	-1	0	60		0
1	80	-1	0	60		0
1	1	-1	0	60		0
1	245	-1	0	60		0
1	213	1	10	60		0
1	79	-1	0	60		0
1	10	-1	0	60		0
1	1	-1	0	60		0
1	245	-1	0	60		0
1	213	1	10	60		0
1	79	-1	0	60		0
1	10	-1	0	60		0
1	1	-1	0	60		0
1	245	-1	0	60		0
1	213	1	10	60		0
1	79	-1	0	60		0
1	10	-1	0	60		0
1	1	-1	0	60		0
1	245	-1	0	60		0
1	213	1	111	60		0
1	79	-1	0	60		0
1	111	-1	0	60		0
1	1	-1	0	60		0
1	245	-1	0	60		0
1	213	1	9	60		0
1	79	-1	0	60		0
1	9	-1	0	60		0
1	1	-1	0	60		0
1	245	-1	0	60		0
1	213	1	227	60		0
1	79	-1	0	60		0
1	227	-1	0	60		0
1	79	-1	0	60		0
1	39	-1	0	60		0
1	10	-1	0	60		0
1	1	-1	0	60		0
1	245	-1	0	60		0
1	212	1	79	60		0
1	79	-1	0	60		0
1	28	-1	0	60		0
1	79	-1	0	60		0
1	1	-1	0	60		0
1	245	-1	0	60		0
1	213	1	10	60		0
1	79	-1	0	60		0
1	28	-1	0	60		0
1	10	-1	0	60		0
1	1	-1	0	60		0
1	245	-1	0	60		0
1	218	-1	0	60		0
1	212	1	79	60		0
1	79	-1	0	60		0
1	79	-1	0	60		0
1	1	-1	0	60		0
1	245	-1	0	60		0
1	214	-1	0	60		0
1	79	-1	0	60		0
1	1	-1	0	60		0
1	245	-1	0	60		0
1	213	1	229	60		0
1	79	-1	0	60		0
1	229	-1	0	60		0
1	15	-1	0	60		0
1	240	-1	0	60		0
1	79	-1	0	60		0
1	17	-1	0	60		0
1	1	-1	0	60		0
0	0	-1	0	61		0
1	245	-1	0	61		0
1	212	1	79	61	0062	1
1	79	-1	0	61		0
1	79	-1	0	61		0
1	1	-1	0	61		0
1	245	-1	0	61		0
1	213	1	10	61		0
1	79	-1	0	61		0
1	10	-1	0	61		0
1	1	-1	0	61		0
1	245	-1	0	61		0
1	213	1	10	61		0
1	79	-1	0	61		0
1	10	-1	0	61		0
1	1	-1	0	61		0
1	245	-1	0	61		0
1	213	1	14	61	0062	1
1	79	-1	0	61		0
1	14	-1	0	61		0
1	1	-1	0	61		0
1	245	-1	0	61		0
1	213	1	8	61	00310036	1
1	79	-1	0	61		0
1	8	-1	0	61		0
1	1	-1	0	61		0
1	245	-1	0	61		0
1	213	1	8	61	00310030	1
1	79	-1	0	61		0
1	8	-1	0	61		0
1	1	-1	0	61		0
1	245	-1	0	61		0
1	213	1	79	61	007600610072006900610062006c0065	1
1	79	-1	0	61		0
1	79	-1	0	61		0
1	1	-1	0	61		0
1	245	-1	0	61		0
1	213	1	79	61	007600610072006900610062006c0065	1
1	79	-1	0	61		0
1	218	-1	0	61		0
1	218	-1	0	61		0
1	79	-1	0	61		0
1	1	-1	0	61		0
1	245	-1	0	61		0
1	213	1	10	61		0
1	79	-1	0	61		0
1	218	-1	0	61		0
1	218	-1	0	61		0
1	10	-1	0	61		0
1	1	-1	0	61		0
1	245	-1	0	61		0
1	213	1	8	61	0030	1
1	79	-1	0	61		0
1	218	-1	0	61		0
1	218	-1	0	61		0
1	8	-1	0	61		0
1	1	-1	0	61		0
1	245	-1	0	61		0
1	212	1	80	61	00230070007200690076006100740065	1
1	79	-1	0	61		0
1	80	-1	0	61		0
1	1	-1	0	61		0
1	245	-1	0	61		0
1	213	1	80	61	00230070007200690076006100740065	1
1	79	-1	0	61		0
1	80	-1	0	61		0
1	1	-1	0	61		0
1	245	-1	0	61		0
1	213	1	10	61		0
1	79	-1	0	61		0
1	10	-1	0	61		0
1	1	-1	0	61		0
1	245	-1	0	61		0
1	213	1	10	61		0
1	79	-1	0	61		0
1	10	-1	0	61		0
1	1	-1	0	61		0
1	245	-1	0	61		0
1	213	1	10	61		0
1	79	-1	0	61		0
1	10	-1	0	61		0
1	1	-1	0	61		0
1	245	-1	0	61		0
1	213	1	111	61		0
1	79	-1	0	61		0
1	111	-1	0	61		0
1	1	-1	0	61		0
1	245	-1	0	61		0
1	213	1	9	61		0
1	79	-1	0	61		0
1	9	-1	0	61		0
1	1	-1	0	61		0
1	245	-1	0	61		0
1	213	1	227	61		0
1	79	-1	0	61		0
1	227	-1	0	61		0
1	79	-1	0	61		0
1	39	-1	0	61		0
1	10	-1	0	61		0
1	1	-1	0	61		0
1	245	-1	0	61		0
1	212	1	79	61	0062	1
1	79	-1	0	61		0
1	28	-1	0	61		0
1	79	-1	0	61		0
1	1	-1	0	61		0
1	245	-1	0	61		0
1	213	1	10	61		0
1	79	-1	0	61		0
1	28	-1	0	61		0
1	10	-1	0	61		0
1	1	-1	0	61		0
1	245	-1	0	61		0
1	218	-1	0	61		0
1	212	1	79	61	0062	1
1	79	-1	0	61		0
1	79	-1	0	61		0
1	1	-1	0	61		0
1	245	-1	0	61		0
1	214	-1	0	61		0
1	79	-1	0	61		0
1	1	-1	0	61		0
1	245	-1	0	61		0
1	213	1	229	61		0
1	79	-1	0	61		0
1	229	-1	0	61		0
1	15	-1	0	61		0
1	240	-1	0	61		0
1	79	-1	0	61		0
1	17	-1	0	61		0
1	1	-1	0	61		0
0	0	-1	0	62		0
1	245	-1	0	62		0
1	212	1	79	62		0
1	79	-1	0	62		0
1	79	-1	0	62		0
1	1	-1	0	62		0
1	245	-1	0	62		0
1	213	1	10	62	0062	1
1	79	-1	0	62		0
1	10	-1	0	62		0
1	1	-1	0	62		0
1	245	-1	0	62		0
1	213	1	10	62		1
1	79	-1	0	62		0
1	10	-1	0	62		0
1	1	-1	0	62		0
1	245	-1	0	62		0
1	213	1	14	62	0062	1
1	79	-1	0	62		0
1	14	-1	0	62		0
1	1	-1	0	62		0
1	245	-1	0	62		0
1	213	1	8	62	00310036	1
1	79	-1	0	62		0
1	8	-1	0	62		0
1	1	-1	0	62		0
1	245	-1	0	62		0
1	213	1	8	62	00310030	1
1	79	-1	0	62		0
1	8	-1	0	62		0
1	1	-1	0	62		0
1	245	-1	0	62		0
1	213	1	79	62		0
1	79	-1	0	62		0
1	79	-1	0	62		0
1	1	-1	0	62		0
1	245	-1	0	62		0
1	213	1	79	62		0
1	79	-1	0	62		0
1	218	-1	0	62		0
1	218	-1	0	62		0
1	79	-1	0	62		0
1	1	-1	0	62		0
1	245	-1	0	62		0
1	213	1	10	62	0062	1
1	79	-1	0	62		0
1	218	-1	0	62		0
1	218	-1	0	62		0
1	10	-1	0	62		0
1	1	-1	0	62		0
1	245	-1	0	62		0
1	213	1	8	62	0030	1
1	79	-1	0	62		0
1	218	-1	0	62		0
1	218	-1	0	62		0
1	8	-1	0	62		0
1	1	-1	0	62		0
1	245	-1	0	62		0
1	212	1	80	62	00230070007200690076006100740065	1
1	79	-1	0	62		0
1	80	-1	0	62		0
1	1	-1	0	62		0
1	245	-1	0	62		0
1	213	1	80	62	00230070007200690076006100740065	1
1	79	-1	0	62		0
1	80	-1	0	62		0
1	1	-1	0	62		0
1	245	-1	0	62		0
1	213	1	10	62	d83dde00	1
1	79	-1	0	62		0
1	10	-1	0	62		0
1	1	-1	0	62		0
1	245	-1	0	62		0
1	213	1	10	62	00610062	1
1	79	-1	0	62		0
1	10	-1	0	62		0
1	1	-1	0	62		0
1	245	-1	0	62		0
1	213	1	10	62	0061000a	1
1	79	-1	0	62		0
1	10	-1	0	62		0
1	1	-1	0	62		0
1	245	-1	0	62		0
1	213	1	111	62		0
1	79	-1	0	62		0
1	111	-1	0	62		0
1	1	-1	0	62		0
1	245	-1	0	62		0
1	213	1	9	62		0
1	79	-1	0	62		0
1	9	-1	0	62		0
1	1	-1	0	62		0
1	245	-1	0	62		0
1	213	1	227	62		0
1	79	-1	0	62		0
1	227	-1	0	62		0
1	79	-1	0	62		0
1	39	-1	0	62		0
1	10	-1	0	62		0
1	1	-1	0	62		0
1	245	-1	0	62		0
1	212	1	79	62		0
1	79	-1	0	62		0
1	28	-1	0	62		0
1	79	-1	0	62		0
1	1	-1	0	62		0
1	245	-1	0	62		0
1	213	1	10	62	0062	1
1	79	-1	0	62		0
1	28	-1	0	62		0
1	10	-1	0	62		0
1	1	-1	0	62		0
1	245	-1	0	62		0
1	218	-1	0	62		0
1	212	1	79	62		0
1	79	-1	0	62		0
1	79	-1	0	62		0
1	1	-1	0	62		0
1	245	-1	0	62		0
1	214	-1	0	62		0
1	79	-1	0	62		0
1	1	-1	0	62		0
1	245	-1	0	62		0
1	213	1	229	62		0
1	79	-1	0	62		0
1	229	-1	0	62		0
1	15	-1	0	62		0
1	240	-1	0	62		0
1	79	-1	0	62		0
1	17	-1	0	62		0
1	1	-1	0	62		0
0	0	-1	0	63		0
1	245	-1	0	63		0
1	212	1	79	63	0062	1
1	79	-1	0	63		0
1	79	-1	0	63		0
1	1	-1	0	63		0
1	245	-1	0	63		0
1	213	1	10	63	0062	1
1	79	-1	0	63		0
1	10	-1	0	63		0
1	1	-1	0	63		0
1	245	-1	0	63		0
1	213	1	10	63		1
1	79	-1	0	63		0
1	10	-1	0	63		0
1	1	-1	0	63		0
1	245	-1	0	63		0
1	213	1	14	63	0062	1
1	79	-1	0	63		0
1	14	-1	0	63		0
1	1	-1	0	63		0
1	245	-1	0	63		0
1	213	1	8	63	00310036	1
1	79	-1	0	63		0
1	8	-1	0	63		0
1	1	-1	0	63		0
1	245	-1	0	63		0
1	213	1	8	63	00310030	1
1	79	-1	0	63		0
1	8	-1	0	63		0
1	1	-1	0	63		0
1	245	-1	0	63		0
1	213	1	79	63	007600610072006900610062006c0065	1
1	79	-1	0	63		0
1	79	-1	0	63		0
1	1	-1	0	63		0
1	245	-1	0	63		0
1	213	1	79	63	007600610072006900610062006c0065	1
1	79	-1	0	63		0
1	218	-1	0	63		0
1	218	-1	0	63		0
1	79	-1	0	63		0
1	1	-1	0	63		0
1	245	-1	0	63		0
1	213	1	10	63	0062	1
1	79	-1	0	63		0
1	218	-1	0	63		0
1	218	-1	0	63		0
1	10	-1	0	63		0
1	1	-1	0	63		0
1	245	-1	0	63		0
1	213	1	8	63	0030	1
1	79	-1	0	63		0
1	218	-1	0	63		0
1	218	-1	0	63		0
1	8	-1	0	63		0
1	1	-1	0	63		0
1	245	-1	0	63		0
1	212	1	80	63	00230070007200690076006100740065	1
1	79	-1	0	63		0
1	80	-1	0	63		0
1	1	-1	0	63		0
1	245	-1	0	63		0
1	213	1	80	63	00230070007200690076006100740065	1
1	79	-1	0	63		0
1	80	-1	0	63		0
1	1	-1	0	63		0
1	245	-1	0	63		0
1	213	1	10	63	d83dde00	1
1	79	-1	0	63		0
1	10	-1	0	63		0
1	1	-1	0	63		0
1	245	-1	0	63		0
1	213	1	10	63	00610062	1
1	79	-1	0	63		0
1	10	-1	0	63		0
1	1	-1	0	63		0
1	245	-1	0	63		0
1	213	1	10	63	0061000a	1
1	79	-1	0	63		0
1	10	-1	0	63		0
1	1	-1	0	63		0
1	245	-1	0	63		0
1	213	1	111	63		0
1	79	-1	0	63		0
1	111	-1	0	63		0
1	1	-1	0	63		0
1	245	-1	0	63		0
1	213	1	9	63		0
1	79	-1	0	63		0
1	9	-1	0	63		0
1	1	-1	0	63		0
1	245	-1	0	63		0
1	213	1	227	63		0
1	79	-1	0	63		0
1	227	-1	0	63		0
1	79	-1	0	63		0
1	39	-1	0	63		0
1	10	-1	0	63		0
1	1	-1	0	63		0
1	245	-1	0	63		0
1	212	1	79	63	0062	1
1	79	-1	0	63		0
1	28	-1	0	63		0
1	79	-1	0	63		0
1	1	-1	0	63		0
1	245	-1	0	63		0
1	213	1	10	63	0062	1
1	79	-1	0	63		0
1	28	-1	0	63		0
1	10	-1	0	63		0
1	1	-1	0	63		0
1	245	-1	0	63		0
1	218	-1	0	63		0
1	212	1	79	63	0062	1
1	79	-1	0	63		0
1	79	-1	0	63		0
1	1	-1	0	63		0
1	245	-1	0	63		0
1	214	-1	0	63		0
1	79	-1	0	63		0
1	1	-1	0	63		0
1	245	-1	0	63		0
1	213	1	229	63		0
1	79	-1	0	63		0
1	229	-1	0	63		0
1	15	-1	0	63		0
1	240	-1	0	63		0
1	79	-1	0	63		0
1	17	-1	0	63		0
1	1	-1	0	63		0
0	0	-1	0	64		0
1	245	-1	0	64		0
1	212	1	79	64		0
1	79	-1	0	64		0
1	79	-1	0	64		0
1	1	-1	0	64		0
1	245	-1	0	64		0
1	213	1	10	64		0
1	79	-1	0	64		0
1	10	-1	0	64		0
1	1	-1	0	64		0
1	245	-1	0	64		0
1	213	1	10	64		0
1	79	-1	0	64		0
1	10	-1	0	64		0
1	1	-1	0	64		0
1	245	-1	0	64		0
1	213	1	14	64		0
1	79	-1	0	64		0
1	14	-1	0	64		0
1	1	-1	0	64		0
1	245	-1	0	64		0
1	213	1	8	64		0
1	79	-1	0	64		0
1	8	-1	0	64		0
1	1	-1	0	64		0
1	245	-1	0	64		0
1	213	1	8	64		0
1	79	-1	0	64		0
1	8	-1	0	64		0
1	1	-1	0	64		0
1	245	-1	0	64		0
1	213	1	79	64		0
1	79	-1	0	64		0
1	79	-1	0	64		0
1	1	-1	0	64		0
1	245	-1	0	64		0
1	213	1	79	64		0
1	79	-1	0	64		0
1	218	-1	0	64		0
1	218	-1	0	64		0
1	79	-1	0	64		0
1	1	-1	0	64		0
1	245	-1	0	64		0
1	213	1	10	64		0
1	79	-1	0	64		0
1	218	-1	0	64		0
1	218	-1	0	64		0
1	10	-1	0	64		0
1	1	-1	0	64		0
1	245	-1	0	64		0
1	213	1	8	64		0
1	79	-1	0	64		0
1	218	-1	0	64		0
1	218	-1	0	64		0
1	8	-1	0	64		0
1	1	-1	0	64		0
1	245	-1	0	64		0
1	212	1	80	64		0
1	79	-1	0	64		0
1	80	-1	0	64		0
1	1	-1	0	64		0
1	245	-1	0	64		0
1	213	1	80	64		0
1	79	-1	0	64		0
1	80	-1	0	64		0
1	1	-1	0	64		0
1	245	-1	0	64		0
1	213	1	10	64		0
1	79	-1	0	64		0
1	10	-1	0	64		0
1	1	-1	0	64		0
1	245	-1	0	64		0
1	213	1	10	64		0
1	79	-1	0	64		0
1	10	-1	0	64		0
1	1	-1	0	64		0
1	245	-1	0	64		0
1	213	1	10	64		0
1	79	-1	0	64		0
1	10	-1	0	64		0
1	1	-1	0	64		0
1	245	-1	0	64		0
1	213	1	111	64		0
1	79	-1	0	64		0
1	111	-1	0	64		0
1	1	-1	0	64		0
1	245	-1	0	64		0
1	213	1	9	64		0
1	79	-1	0	64		0
1	9	-1	0	64		0
1	1	-1	0	64		0
1	245	-1	0	64		0
1	213	1	227	64		0
1	79	-1	0	64		0
1	227	-1	0	64		0
1	79	-1	0	64		0
1	39	-1	0	64		0
1	10	-1	0	64		0
1	1	-1	0	64		0
1	245	-1	0	64		0
1	212	1	79	64		0
1	79	-1	0	64		0
1	28	-1	0	64		0
1	79	-1	0	64		0
1	1	-1	0	64		0
1	245	-1	0	64		0
1	213	1	10	64		0
1	79	-1	0	64		0
1	28	-1	0	64		0
1	10	-1	0	64		0
1	1	-1	0	64		0
1	245	-1	0	64		0
1	218	-1	0	64		0
1	212	1	79	64		0
1	79	-1	0	64		0
1	79	-1	0	64		0
1	1	-1	0	64		0
1	245	-1	0	64		0
1	214	-1	0	64		0
1	79	-1	0	64		0
1	1	-1	0	64		0
1	245	-1	0	64		0
1	213	1	229	64		0
1	79	-1	0	64		0
1	229	-1	0	64		0
1	15	-1	0	64		0
1	240	-1	0	64		0
1	79	-1	0	64		0
1	17	-1	0	64		0
1	1	-1	0	64		0
0	0	-1	0	65		0
1	245	-1	0	65		0
1	212	1	79	65	0062	1
1	79	-1	0	65		0
1	79	-1	0	65		0
1	1	-1	0	65		0
1	245	-1	0	65		0
1	213	1	10	65		0
1	79	-1	0	65		0
1	10	-1	0	65		0
1	1	-1	0	65		0
1	245	-1	0	65		0
1	213	1	10	65		0
1	79	-1	0	65		0
1	10	-1	0	65		0
1	1	-1	0	65		0
1	245	-1	0	65		0
1	213	1	14	65		0
1	79	-1	0	65		0
1	14	-1	0	65		0
1	1	-1	0	65		0
1	245	-1	0	65		0
1	213	1	8	65		0
1	79	-1	0	65		0
1	8	-1	0	65		0
1	1	-1	0	65		0
1	245	-1	0	65		0
1	213	1	8	65		0
1	79	-1	0	65		0
1	8	-1	0	65		0
1	1	-1	0	65		0
1	245	-1	0	65		0
1	213	1	79	65	007600610072006900610062006c0065	1
1	79	-1	0	65		0
1	79	-1	0	65		0
1	1	-1	0	65		0
1	245	-1	0	65		0
1	213	1	79	65	007600610072006900610062006c0065	1
1	79	-1	0	65		0
1	218	-1	0	65		0
1	218	-1	0	65		0
1	79	-1	0	65		0
1	1	-1	0	65		0
1	245	-1	0	65		0
1	213	1	10	65		0
1	79	-1	0	65		0
1	218	-1	0	65		0
1	218	-1	0	65		0
1	10	-1	0	65		0
1	1	-1	0	65		0
1	245	-1	0	65		0
1	213	1	8	65		0
1	79	-1	0	65		0
1	218	-1	0	65		0
1	218	-1	0	65		0
1	8	-1	0	65		0
1	1	-1	0	65		0
1	245	-1	0	65		0
1	212	1	80	65		0
1	79	-1	0	65		0
1	80	-1	0	65		0
1	1	-1	0	65		0
1	245	-1	0	65		0
1	213	1	80	65		0
1	79	-1	0	65		0
1	80	-1	0	65		0
1	1	-1	0	65		0
1	245	-1	0	65		0
1	213	1	10	65		0
1	79	-1	0	65		0
1	10	-1	0	65		0
1	1	-1	0	65		0
1	245	-1	0	65		0
1	213	1	10	65		0
1	79	-1	0	65		0
1	10	-1	0	65		0
1	1	-1	0	65		0
1	245	-1	0	65		0
1	213	1	10	65		0
1	79	-1	0	65		0
1	10	-1	0	65		0
1	1	-1	0	65		0
1	245	-1	0	65		0
1	213	1	111	65		0
1	79	-1	0	65		0
1	111	-1	0	65		0
1	1	-1	0	65		0
1	245	-1	0	65		0
1	213	1	9	65		0
1	79	-1	0	65		0
1	9	-1	0	65		0
1	1	-1	0	65		0
1	245	-1	0	65		0
1	213	1	227	65		0
1	79	-1	0	65		0
1	227	-1	0	65		0
1	79	-1	0	65		0
1	39	-1	0	65		0
1	10	-1	0	65		0
1	1	-1	0	65		0
1	245	-1	0	65		0
1	212	1	79	65	0062	1
1	79	-1	0	65		0
1	28	-1	0	65		0
1	79	-1	0	65		0
1	1	-1	0	65		0
1	245	-1	0	65		0
1	213	1	10	65		0
1	79	-1	0	65		0
1	28	-1	0	65		0
1	10	-1	0	65		0
1	1	-1	0	65		0
1	245	-1	0	65		0
1	218	-1	0	65		0
1	212	1	79	65	0062	1
1	79	-1	0	65		0
1	79	-1	0	65		0
1	1	-1	0	65		0
1	245	-1	0	65		0
1	214	-1	0	65		0
1	79	-1	0	65		0
1	1	-1	0	65		0
1	245	-1	0	65		0
1	213	1	229	65		0
1	79	-1	0	65		0
1	229	-1	0	65		0
1	15	-1	0	65		0
1	240	-1	0	65		0
1	79	-1	0	65		0
1	17	-1	0	65		0
1	1	-1	0	65		0
0	0	-1	0	66		0
1	245	-1	0	66		0
1	212	1	79	66		0
1	79	-1	0	66		0
1	79	-1	0	66		0
1	1	-1	0	66		0
1	245	-1	0	66		0
1	213	1	10	66	0062	1
1	79	-1	0	66		0
1	10	-1	0	66		0
1	1	-1	0	66		0
1	245	-1	0	66		0
1	213	1	10	66		1
1	79	-1	0	66		0
1	10	-1	0	66		0
1	1	-1	0	66		0
1	245	-1	0	66		0
1	213	1	14	66		0
1	79	-1	0	66		0
1	14	-1	0	66		0
1	1	-1	0	66		0
1	245	-1	0	66		0
1	213	1	8	66		0
1	79	-1	0	66		0
1	8	-1	0	66		0
1	1	-1	0	66		0
1	245	-1	0	66		0
1	213	1	8	66		0
1	79	-1	0	66		0
1	8	-1	0	66		0
1	1	-1	0	66		0
1	245	-1	0	66		0
1	213	1	79	66		0
1	79	-1	0	66		0
1	79	-1	0	66		0
1	1	-1	0	66		0
1	245	-1	0	66		0
1	213	1	79	66		0
1	79	-1	0	66		0
1	218	-1	0	66		0
1	218	-1	0	66		0
1	79	-1	0	66		0
1	1	-1	0	66		0
1	245	-1	0	66		0
1	213	1	10	66	0062	1
1	79	-1	0	66		0
1	218	-1	0	66		0
1	218	-1	0	66		0
1	10	-1	0	66		0
1	1	-1	0	66		0
1	245	-1	0	66		0
1	213	1	8	66		0
1	79	-1	0	66		0
1	218	-1	0	66		0
1	218	-1	0	66		0
1	8	-1	0	66		0
1	1	-1	0	66		0
1	245	-1	0	66		0
1	212	1	80	66		0
1	79	-1	0	66		0
1	80	-1	0	66		0
1	1	-1	0	66		0
1	245	-1	0	66		0
1	213	1	80	66		0
1	79	-1	0	66		0
1	80	-1	0	66		0
1	1	-1	0	66		0
1	245	-1	0	66		0
1	213	1	10	66	d83dde00	1
1	79	-1	0	66		0
1	10	-1	0	66		0
1	1	-1	0	66		0
1	245	-1	0	66		0
1	213	1	10	66	00610062	1
1	79	-1	0	66		0
1	10	-1	0	66		0
1	1	-1	0	66		0
1	245	-1	0	66		0
1	213	1	10	66	0061000a	1
1	79	-1	0	66		0
1	10	-1	0	66		0
1	1	-1	0	66		0
1	245	-1	0	66		0
1	213	1	111	66		0
1	79	-1	0	66		0
1	111	-1	0	66		0
1	1	-1	0	66		0
1	245	-1	0	66		0
1	213	1	9	66		0
1	79	-1	0	66		0
1	9	-1	0	66		0
1	1	-1	0	66		0
1	245	-1	0	66		0
1	213	1	227	66		0
1	79	-1	0	66		0
1	227	-1	0	66		0
1	79	-1	0	66		0
1	39	-1	0	66		0
1	10	-1	0	66		0
1	1	-1	0	66		0
1	245	-1	0	66		0
1	212	1	79	66		0
1	79	-1	0	66		0
1	28	-1	0	66		0
1	79	-1	0	66		0
1	1	-1	0	66		0
1	245	-1	0	66		0
1	213	1	10	66	0062	1
1	79	-1	0	66		0
1	28	-1	0	66		0
1	10	-1	0	66		0
1	1	-1	0	66		0
1	245	-1	0	66		0
1	218	-1	0	66		0
1	212	1	79	66		0
1	79	-1	0	66		0
1	79	-1	0	66		0
1	1	-1	0	66		0
1	245	-1	0	66		0
1	214	-1	0	66		0
1	79	-1	0	66		0
1	1	-1	0	66		0
1	245	-1	0	66		0
1	213	1	229	66		0
1	79	-1	0	66		0
1	229	-1	0	66		0
1	15	-1	0	66		0
1	240	-1	0	66		0
1	79	-1	0	66		0
1	17	-1	0	66		0
1	1	-1	0	66		0
0	0	-1	0	67		0
1	245	-1	0	67		0
1	212	1	79	67	0062	1
1	79	-1	0	67		0
1	79	-1	0	67		0
1	1	-1	0	67		0
1	245	-1	0	67		0
1	213	1	10	67	0062	1
1	79	-1	0	67		0
1	10	-1	0	67		0
1	1	-1	0	67		0
1	245	-1	0	67		0
1	213	1	10	67		1
1	79	-1	0	67		0
1	10	-1	0	67		0
1	1	-1	0	67		0
1	245	-1	0	67		0
1	213	1	14	67		0
1	79	-1	0	67		0
1	14	-1	0	67		0
1	1	-1	0	67		0
1	245	-1	0	67		0
1	213	1	8	67		0
1	79	-1	0	67		0
1	8	-1	0	67		0
1	1	-1	0	67		0
1	245	-1	0	67		0
1	213	1	8	67		0
1	79	-1	0	67		0
1	8	-1	0	67		0
1	1	-1	0	67		0
1	245	-1	0	67		0
1	213	1	79	67	007600610072006900610062006c0065	1
1	79	-1	0	67		0
1	79	-1	0	67		0
1	1	-1	0	67		0
1	245	-1	0	67		0
1	213	1	79	67	007600610072006900610062006c0065	1
1	79	-1	0	67		0
1	218	-1	0	67		0
1	218	-1	0	67		0
1	79	-1	0	67		0
1	1	-1	0	67		0
1	245	-1	0	67		0
1	213	1	10	67	0062	1
1	79	-1	0	67		0
1	218	-1	0	67		0
1	218	-1	0	67		0
1	10	-1	0	67		0
1	1	-1	0	67		0
1	245	-1	0	67		0
1	213	1	8	67		0
1	79	-1	0	67		0
1	218	-1	0	67		0
1	218	-1	0	67		0
1	8	-1	0	67		0
1	1	-1	0	67		0
1	245	-1	0	67		0
1	212	1	80	67		0
1	79	-1	0	67		0
1	80	-1	0	67		0
1	1	-1	0	67		0
1	245	-1	0	67		0
1	213	1	80	67		0
1	79	-1	0	67		0
1	80	-1	0	67		0
1	1	-1	0	67		0
1	245	-1	0	67		0
1	213	1	10	67	d83dde00	1
1	79	-1	0	67		0
1	10	-1	0	67		0
1	1	-1	0	67		0
1	245	-1	0	67		0
1	213	1	10	67	00610062	1
1	79	-1	0	67		0
1	10	-1	0	67		0
1	1	-1	0	67		0
1	245	-1	0	67		0
1	213	1	10	67	0061000a	1
1	79	-1	0	67		0
1	10	-1	0	67		0
1	1	-1	0	67		0
1	245	-1	0	67		0
1	213	1	111	67		0
1	79	-1	0	67		0
1	111	-1	0	67		0
1	1	-1	0	67		0
1	245	-1	0	67		0
1	213	1	9	67		0
1	79	-1	0	67		0
1	9	-1	0	67		0
1	1	-1	0	67		0
1	245	-1	0	67		0
1	213	1	227	67		0
1	79	-1	0	67		0
1	227	-1	0	67		0
1	79	-1	0	67		0
1	39	-1	0	67		0
1	10	-1	0	67		0
1	1	-1	0	67		0
1	245	-1	0	67		0
1	212	1	79	67	0062	1
1	79	-1	0	67		0
1	28	-1	0	67		0
1	79	-1	0	67		0
1	1	-1	0	67		0
1	245	-1	0	67		0
1	213	1	10	67	0062	1
1	79	-1	0	67		0
1	28	-1	0	67		0
1	10	-1	0	67		0
1	1	-1	0	67		0
1	245	-1	0	67		0
1	218	-1	0	67		0
1	212	1	79	67	0062	1
1	79	-1	0	67		0
1	79	-1	0	67		0
1	1	-1	0	67		0
1	245	-1	0	67		0
1	214	-1	0	67		0
1	79	-1	0	67		0
1	1	-1	0	67		0
1	245	-1	0	67		0
1	213	1	229	67		0
1	79	-1	0	67		0
1	229	-1	0	67		0
1	15	-1	0	67		0
1	240	-1	0	67		0
1	79	-1	0	67		0
1	17	-1	0	67		0
1	1	-1	0	67		0
0	0	-1	0	68		0
1	245	-1	0	68		0
1	212	1	79	68		0
1	79	-1	0	68		0
1	79	-1	0	68		0
1	1	-1	0	68		0
1	245	-1	0	68		0
1	213	1	10	68		0
1	79	-1	0	68		0
1	10	-1	0	68		0
1	1	-1	0	68		0
1	245	-1	0	68		0
1	213	1	10	68		0
1	79	-1	0	68		0
1	10	-1	0	68		0
1	1	-1	0	68		0
1	245	-1	0	68		0
1	213	1	14	68	0062	1
1	79	-1	0	68		0
1	14	-1	0	68		0
1	1	-1	0	68		0
1	245	-1	0	68		0
1	213	1	8	68		0
1	79	-1	0	68		0
1	8	-1	0	68		0
1	1	-1	0	68		0
1	245	-1	0	68		0
1	213	1	8	68		0
1	79	-1	0	68		0
1	8	-1	0	68		0
1	1	-1	0	68		0
1	245	-1	0	68		0
1	213	1	79	68		0
1	79	-1	0	68		0
1	79	-1	0	68		0
1	1	-1	0	68		0
1	245	-1	0	68		0
1	213	1	79	68		0
1	79	-1	0	68		0
1	218	-1	0	68		0
1	218	-1	0	68		0
1	79	-1	0	68		0
1	1	-1	0	68		0
1	245	-1	0	68		0
1	213	1	10	68		0
1	79	-1	0	68		0
1	218	-1	0	68		0
1	218	-1	0	68		0
1	10	-1	0	68		0
1	1	-1	0	68		0
1	245	-1	0	68		0
1	213	1	8	68		0
1	79	-1	0	68		0
1	218	-1	0	68		0
1	218	-1	0	68		0
1	8	-1	0	68		0
1	1	-1	0	68		0
1	245	-1	0	68		0
1	212	1	80	68		0
1	79	-1	0	68		0
1	80	-1	0	68		0
1	1	-1	0	68		0
1	245	-1	0	68		0
1	213	1	80	68		0
1	79	-1	0	68		0
1	80	-1	0	68		0
1	1	-1	0	68		0
1	245	-1	0	68		0
1	213	1	10	68		0
1	79	-1	0	68		0
1	10	-1	0	68		0
1	1	-1	0	68		0
1	245	-1	0	68		0
1	213	1	10	68		0
1	79	-1	0	68		0
1	10	-1	0	68		0
1	1	-1	0	68		0
1	245	-1	0	68		0
1	213	1	10	68		0
1	79	-1	0	68		0
1	10	-1	0	68		0
1	1	-1	0	68		0
1	245	-1	0	68		0
1	213	1	111	68		0
1	79	-1	0	68		0
1	111	-1	0	68		0
1	1	-1	0	68		0
1	245	-1	0	68		0
1	213	1	9	68		0
1	79	-1	0	68		0
1	9	-1	0	68		0
1	1	-1	0	68		0
1	245	-1	0	68		0
1	213	1	227	68		0
1	79	-1	0	68		0
1	227	-1	0	68		0
1	79	-1	0	68		0
1	39	-1	0	68		0
1	10	-1	0	68		0
1	1	-1	0	68		0
1	245	-1	0	68		0
1	212	1	79	68		0
1	79	-1	0	68		0
1	28	-1	0	68		0
1	79	-1	0	68		0
1	1	-1	0	68		0
1	245	-1	0	68		0
1	213	1	10	68		0
1	79	-1	0	68		0
1	28	-1	0	68		0
1	10	-1	0	68		0
1	1	-1	0	68		0
1	245	-1	0	68		0
1	218	-1	0	68		0
1	212	1	79	68		0
1	79	-1	0	68		0
1	79	-1	0	68		0
1	1	-1	0	68		0
1	245	-1	0	68		0
1	214	-1	0	68		0
1	79	-1	0	68		0
1	1	-1	0	68		0
1	245	-1	0	68		0
1	213	1	229	68		0
1	79	-1	0	68		0
1	229	-1	0	68		0
1	15	-1	0	68		0
1	240	-1	0	68		0
1	79	-1	0	68		0
1	17	-1	0	68		0
1	1	-1	0	68		0
0	0	-1	0	69		0
1	245	-1	0	69		0
1	212	1	79	69	0062	1
1	79	-1	0	69		0
1	79	-1	0	69		0
1	1	-1	0	69		0
1	245	-1	0	69		0
1	213	1	10	69		0
1	79	-1	0	69		0
1	10	-1	0	69		0
1	1	-1	0	69		0
1	245	-1	0	69		0
1	213	1	10	69		0
1	79	-1	0	69		0
1	10	-1	0	69		0
1	1	-1	0	69		0
1	245	-1	0	69		0
1	213	1	14	69	0062	1
1	79	-1	0	69		0
1	14	-1	0	69		0
1	1	-1	0	69		0
1	245	-1	0	69		0
1	213	1	8	69		0
1	79	-1	0	69		0
1	8	-1	0	69		0
1	1	-1	0	69		0
1	245	-1	0	69		0
1	213	1	8	69		0
1	79	-1	0	69		0
1	8	-1	0	69		0
1	1	-1	0	69		0
1	245	-1	0	69		0
1	213	1	79	69	007600610072006900610062006c0065	1
1	79	-1	0	69		0
1	79	-1	0	69		0
1	1	-1	0	69		0
1	245	-1	0	69		0
1	213	1	79	69	007600610072006900610062006c0065	1
1	79	-1	0	69		0
1	218	-1	0	69		0
1	218	-1	0	69		0
1	79	-1	0	69		0
1	1	-1	0	69		0
1	245	-1	0	69		0
1	213	1	10	69		0
1	79	-1	0	69		0
1	218	-1	0	69		0
1	218	-1	0	69		0
1	10	-1	0	69		0
1	1	-1	0	69		0
1	245	-1	0	69		0
1	213	1	8	69		0
1	79	-1	0	69		0
1	218	-1	0	69		0
1	218	-1	0	69		0
1	8	-1	0	69		0
1	1	-1	0	69		0
1	245	-1	0	69		0
1	212	1	80	69		0
1	79	-1	0	69		0
1	80	-1	0	69		0
1	1	-1	0	69		0
1	245	-1	0	69		0
1	213	1	80	69		0
1	79	-1	0	69		0
1	80	-1	0	69		0
1	1	-1	0	69		0
1	245	-1	0	69		0
1	213	1	10	69		0
1	79	-1	0	69		0
1	10	-1	0	69		0
1	1	-1	0	69		0
1	245	-1	0	69		0
1	213	1	10	69		0
1	79	-1	0	69		0
1	10	-1	0	69		0
1	1	-1	0	69		0
1	245	-1	0	69		0
1	213	1	10	69		0
1	79	-1	0	69		0
1	10	-1	0	69		0
1	1	-1	0	69		0
1	245	-1	0	69		0
1	213	1	111	69		0
1	79	-1	0	69		0
1	111	-1	0	69		0
1	1	-1	0	69		0
1	245	-1	0	69		0
1	213	1	9	69		0
1	79	-1	0	69		0
1	9	-1	0	69		0
1	1	-1	0	69		0
1	245	-1	0	69		0
1	213	1	227	69		0
1	79	-1	0	69		0
1	227	-1	0	69		0
1	79	-1	0	69		0
1	39	-1	0	69		0
1	10	-1	0	69		0
1	1	-1	0	69		0
1	245	-1	0	69		0
1	212	1	79	69	0062	1
1	79	-1	0	69		0
1	28	-1	0	69		0
1	79	-1	0	69		0
1	1	-1	0	69		0
1	245	-1	0	69		0
1	213	1	10	69		0
1	79	-1	0	69		0
1	28	-1	0	69		0
1	10	-1	0	69		0
1	1	-1	0	69		0
1	245	-1	0	69		0
1	218	-1	0	69		0
1	212	1	79	69	0062	1
1	79	-1	0	69		0
1	79	-1	0	69		0
1	1	-1	0	69		0
1	245	-1	0	69		0
1	214	-1	0	69		0
1	79	-1	0	69		0
1	1	-1	0	69		0
1	245	-1	0	69		0
1	213	1	229	69		0
1	79	-1	0	69		0
1	229	-1	0	69		0
1	15	-1	0	69		0
1	240	-1	0	69		0
1	79	-1	0	69		0
1	17	-1	0	69		0
1	1	-1	0	69		0
0	0	-1	0	70		0
1	245	-1	0	70		0
1	212	1	79	70		0
1	79	-1	0	70		0
1	79	-1	0	70		0
1	1	-1	0	70		0
1	245	-1	0	70		0
1	213	1	10	70	0062	1
1	79	-1	0	70		0
1	10	-1	0	70		0
1	1	-1	0	70		0
1	245	-1	0	70		0
1	213	1	10	70		1
1	79	-1	0	70		0
1	10	-1	0	70		0
1	1	-1	0	70		0
1	245	-1	0	70		0
1	213	1	14	70	0062	1
1	79	-1	0	70		0
1	14	-1	0	70		0
1	1	-1	0	70		0
1	245	-1	0	70		0
1	213	1	8	70		0
1	79	-1	0	70		0
1	8	-1	0	70		0
1	1	-1	0	70		0
1	245	-1	0	70		0
1	213	1	8	70		0
1	79	-1	0	70		0
1	8	-1	0	70		0
1	1	-1	0	70		0
1	245	-1	0	70		0
1	213	1	79	70		0
1	79	-1	0	70		0
1	79	-1	0	70		0
1	1	-1	0	70		0
1	245	-1	0	70		0
1	213	1	79	70		0
1	79	-1	0	70		0
1	218	-1	0	70		0
1	218	-1	0	70		0
1	79	-1	0	70		0
1	1	-1	0	70		0
1	245	-1	0	70		0
1	213	1	10	70	0062	1
1	79	-1	0	70		0
1	218	-1	0	70		0
1	218	-1	0	70		0
1	10	-1	0	70		0
1	1	-1	0	70		0
1	245	-1	0	70		0
1	213	1	8	70		0
1	79	-1	0	70		0
1	218	-1	0	70		0
1	218	-1	0	70		0
1	8	-1	0	70		0
1	1	-1	0	70		0
1	245	-1	0	70		0
1	212	1	80	70		0
1	79	-1	0	70		0
1	80	-1	0	70		0
1	1	-1	0	70		0
1	245	-1	0	70		0
1	213	1	80	70		0
1	79	-1	0	70		0
1	80	-1	0	70		0
1	1	-1	0	70		0
1	245	-1	0	70		0
1	213	1	10	70	d83dde00	1
1	79	-1	0	70		0
1	10	-1	0	70		0
1	1	-1	0	70		0
1	245	-1	0	70		0
1	213	1	10	70	00610062	1
1	79	-1	0	70		0
1	10	-1	0	70		0
1	1	-1	0	70		0
1	245	-1	0	70		0
1	213	1	10	70	0061000a	1
1	79	-1	0	70		0
1	10	-1	0	70		0
1	1	-1	0	70		0
1	245	-1	0	70		0
1	213	1	111	70		0
1	79	-1	0	70		0
1	111	-1	0	70		0
1	1	-1	0	70		0
1	245	-1	0	70		0
1	213	1	9	70		0
1	79	-1	0	70		0
1	9	-1	0	70		0
1	1	-1	0	70		0
1	245	-1	0	70		0
1	213	1	227	70		0
1	79	-1	0	70		0
1	227	-1	0	70		0
1	79	-1	0	70		0
1	39	-1	0	70		0
1	10	-1	0	70		0
1	1	-1	0	70		0
1	245	-1	0	70		0
1	212	1	79	70		0
1	79	-1	0	70		0
1	28	-1	0	70		0
1	79	-1	0	70		0
1	1	-1	0	70		0
1	245	-1	0	70		0
1	213	1	10	70	0062	1
1	79	-1	0	70		0
1	28	-1	0	70		0
1	10	-1	0	70		0
1	1	-1	0	70		0
1	245	-1	0	70		0
1	218	-1	0	70		0
1	212	1	79	70		0
1	79	-1	0	70		0
1	79	-1	0	70		0
1	1	-1	0	70		0
1	245	-1	0	70		0
1	214	-1	0	70		0
1	79	-1	0	70		0
1	1	-1	0	70		0
1	245	-1	0	70		0
1	213	1	229	70		0
1	79	-1	0	70		0
1	229	-1	0	70		0
1	15	-1	0	70		0
1	240	-1	0	70		0
1	79	-1	0	70		0
1	17	-1	0	70		0
1	1	-1	0	70		0
0	0	-1	0	71		0
1	245	-1	0	71		0
1	212	1	79	71	0062	1
1	79	-1	0	71		0
1	79	-1	0	71		0
1	1	-1	0	71		0
1	245	-1	0	71		0
1	213	1	10	71	0062	1
1	79	-1	0	71		0
1	10	-1	0	71		0
1	1	-1	0	71		0
1	245	-1	0	71		0
1	213	1	10	71		1
1	79	-1	0	71		0
1	10	-1	0	71		0
1	1	-1	0	71		0
1	245	-1	0	71		0
1	213	1	14	71	0062	1
1	79	-1	0	71		0
1	14	-1	0	71		0
1	1	-1	0	71		0
1	245	-1	0	71		0
1	213	1	8	71		0
1	79	-1	0	71		0
1	8	-1	0	71		0
1	1	-1	0	71		0
1	245	-1	0	71		0
1	213	1	8	71		0
1	79	-1	0	71		0
1	8	-1	0	71		0
1	1	-1	0	71		0
1	245	-1	0	71		0
1	213	1	79	71	007600610072006900610062006c0065	1
1	79	-1	0	71		0
1	79	-1	0	71		0
1	1	-1	0	71		0
1	245	-1	0	71		0
1	213	1	79	71	007600610072006900610062006c0065	1
1	79	-1	0	71		0
1	218	-1	0	71		0
1	218	-1	0	71		0
1	79	-1	0	71		0
1	1	-1	0	71		0
1	245	-1	0	71		0
1	213	1	10	71	0062	1
1	79	-1	0	71		0
1	218	-1	0	71		0
1	218	-1	0	71		0
1	10	-1	0	71		0
1	1	-1	0	71		0
1	245	-1	0	71		0
1	213	1	8	71		0
1	79	-1	0	71		0
1	218	-1	0	71		0
1	218	-1	0	71		0
1	8	-1	0	71		0
1	1	-1	0	71		0
1	245	-1	0	71		0
1	212	1	80	71		0
1	79	-1	0	71		0
1	80	-1	0	71		0
1	1	-1	0	71		0
1	245	-1	0	71		0
1	213	1	80	71		0
1	79	-1	0	71		0
1	80	-1	0	71		0
1	1	-1	0	71		0
1	245	-1	0	71		0
1	213	1	10	71	d83dde00	1
1	79	-1	0	71		0
1	10	-1	0	71		0
1	1	-1	0	71		0
1	245	-1	0	71		0
1	213	1	10	71	00610062	1
1	79	-1	0	71		0
1	10	-1	0	71		0
1	1	-1	0	71		0
1	245	-1	0	71		0
1	213	1	10	71	0061000a	1
1	79	-1	0	71		0
1	10	-1	0	71		0
1	1	-1	0	71		0
1	245	-1	0	71		0
1	213	1	111	71		0
1	79	-1	0	71		0
1	111	-1	0	71		0
1	1	-1	0	71		0
1	245	-1	0	71		0
1	213	1	9	71		0
1	79	-1	0	71		0
1	9	-1	0	71		0
1	1	-1	0	71		0
1	245	-1	0	71		0
1	213	1	227	71		0
1	79	-1	0	71		0
1	227	-1	0	71		0
1	79	-1	0	71		0
1	39	-1	0	71		0
1	10	-1	0	71		0
1	1	-1	0	71		0
1	245	-1	0	71		0
1	212	1	79	71	0062	1
1	79	-1	0	71		0
1	28	-1	0	71		0
1	79	-1	0	71		0
1	1	-1	0	71		0
1	245	-1	0	71		0
1	213	1	10	71	0062	1
1	79	-1	0	71		0
1	28	-1	0	71		0
1	10	-1	0	71		0
1	1	-1	0	71		0
1	245	-1	0	71		0
1	218	-1	0	71		0
1	212	1	79	71	0062	1
1	79	-1	0	71		0
1	79	-1	0	71		0
1	1	-1	0	71		0
1	245	-1	0	71		0
1	214	-1	0	71		0
1	79	-1	0	71		0
1	1	-1	0	71		0
1	245	-1	0	71		0
1	213	1	229	71		0
1	79	-1	0	71		0
1	229	-1	0	71		0
1	15	-1	0	71		0
1	240	-1	0	71		0
1	79	-1	0	71		0
1	17	-1	0	71		0
1	1	-1	0	71		0
0	0	-1	0	72		0
1	245	-1	0	72		0
1	212	1	79	72		0
1	79	-1	0	72		0
1	79	-1	0	72		0
1	1	-1	0	72		0
1	245	-1	0	72		0
1	213	1	10	72		0
1	79	-1	0	72		0
1	10	-1	0	72		0
1	1	-1	0	72		0
1	245	-1	0	72		0
1	213	1	10	72		0
1	79	-1	0	72		0
1	10	-1	0	72		0
1	1	-1	0	72		0
1	245	-1	0	72		0
1	213	1	14	72		0
1	79	-1	0	72		0
1	14	-1	0	72		0
1	1	-1	0	72		0
1	245	-1	0	72		0
1	213	1	8	72	00310036	1
1	79	-1	0	72		0
1	8	-1	0	72		0
1	1	-1	0	72		0
1	245	-1	0	72		0
1	213	1	8	72	00310030	1
1	79	-1	0	72		0
1	8	-1	0	72		0
1	1	-1	0	72		0
1	245	-1	0	72		0
1	213	1	79	72		0
1	79	-1	0	72		0
1	79	-1	0	72		0
1	1	-1	0	72		0
1	245	-1	0	72		0
1	213	1	79	72		0
1	79	-1	0	72		0
1	218	-1	0	72		0
1	218	-1	0	72		0
1	79	-1	0	72		0
1	1	-1	0	72		0
1	245	-1	0	72		0
1	213	1	10	72		0
1	79	-1	0	72		0
1	218	-1	0	72		0
1	218	-1	0	72		0
1	10	-1	0	72		0
1	1	-1	0	72		0
1	245	-1	0	72		0
1	213	1	8	72	0030	1
1	79	-1	0	72		0
1	218	-1	0	72		0
1	218	-1	0	72		0
1	8	-1	0	72		0
1	1	-1	0	72		0
1	245	-1	0	72		0
1	212	1	80	72		0
1	79	-1	0	72		0
1	80	-1	0	72		0
1	1	-1	0	72		0
1	245	-1	0	72		0
1	213	1	80	72		0
1	79	-1	0	72		0
1	80	-1	0	72		0
1	1	-1	0	72		0
1	245	-1	0	72		0
1	213	1	10	72		0
1	79	-1	0	72		0
1	10	-1	0	72		0
1	1	-1	0	72		0
1	245	-1	0	72		0
1	213	1	10	72		0
1	79	-1	0	72		0
1	10	-1	0	72		0
1	1	-1	0	72		0
1	245	-1	0	72		0
1	213	1	10	72		0
1	79	-1	0	72		0
1	10	-1	0	72		0
1	1	-1	0	72		0
1	245	-1	0	72		0
1	213	1	111	72		0
1	79	-1	0	72		0
1	111	-1	0	72		0
1	1	-1	0	72		0
1	245	-1	0	72		0
1	213	1	9	72		0
1	79	-1	0	72		0
1	9	-1	0	72		0
1	1	-1	0	72		0
1	245	-1	0	72		0
1	213	1	227	72		0
1	79	-1	0	72		0
1	227	-1	0	72		0
1	79	-1	0	72		0
1	39	-1	0	72		0
1	10	-1	0	72		0
1	1	-1	0	72		0
1	245	-1	0	72		0
1	212	1	79	72		0
1	79	-1	0	72		0
1	28	-1	0	72		0
1	79	-1	0	72		0
1	1	-1	0	72		0
1	245	-1	0	72		0
1	213	1	10	72		0
1	79	-1	0	72		0
1	28	-1	0	72		0
1	10	-1	0	72		0
1	1	-1	0	72		0
1	245	-1	0	72		0
1	218	-1	0	72		0
1	212	1	79	72		0
1	79	-1	0	72		0
1	79	-1	0	72		0
1	1	-1	0	72		0
1	245	-1	0	72		0
1	214	-1	0	72		0
1	79	-1	0	72		0
1	1	-1	0	72		0
1	245	-1	0	72		0
1	213	1	229	72		0
1	79	-1	0	72		0
1	229	-1	0	72		0
1	15	-1	0	72		0
1	240	-1	0	72		0
1	79	-1	0	72		0
1	17	-1	0	72		0
1	1	-1	0	72		0
0	0	-1	0	73		0
1	245	-1	0	73		0
1	212	1	79	73	0062	1
1	79	-1	0	73		0
1	79	-1	0	73		0
1	1	-1	0	73		0
1	245	-1	0	73		0
1	213	1	10	73		0
1	79	-1	0	73		0
1	10	-1	0	73		0
1	1	-1	0	73		0
1	245	-1	0	73		0
1	213	1	10	73		0
1	79	-1	0	73		0
1	10	-1	0	73		0
1	1	-1	0	73		0
1	245	-1	0	73		0
1	213	1	14	73		0
1	79	-1	0	73		0
1	14	-1	0	73		0
1	1	-1	0	73		0
1	245	-1	0	73		0
1	213	1	8	73	00310036	1
1	79	-1	0	73		0
1	8	-1	0	73		0
1	1	-1	0	73		0
1	245	-1	0	73		0
1	213	1	8	73	00310030	1
1	79	-1	0	73		0
1	8	-1	0	73		0
1	1	-1	0	73		0
1	245	-1	0	73		0
1	213	1	79	73	007600610072006900610062006c0065	1
1	79	-1	0	73		0
1	79	-1	0	73		0
1	1	-1	0	73		0
1	245	-1	0	73		0
1	213	1	79	73	007600610072006900610062006c0065	1
1	79	-1	0	73		0
1	218	-1	0	73		0
1	218	-1	0	73		0
1	79	-1	0	73		0
1	1	-1	0	73		0
1	245	-1	0	73		0
1	213	1	10	73		0
1	79	-1	0	73		0
1	218	-1	0	73		0
1	218	-1	0	73		0
1	10	-1	0	73		0
1	1	-1	0	73		0
1	245	-1	0	73		0
1	213	1	8	73	0030	1
1	79	-1	0	73		0
1	218	-1	0	73		0
1	218	-1	0	73		0
1	8	-1	0	73		0
1	1	-1	0	73		0
1	245	-1	0	73		0
1	212	1	80	73		0
1	79	-1	0	73		0
1	80	-1	0	73		0
1	1	-1	0	73		0
1	245	-1	0	73		0
1	213	1	80	73		0
1	79	-1	0	73		0
1	80	-1	0	73		0
1	1	-1	0	73		0
1	245	-1	0	73		0
1	213	1	10	73		0
1	79	-1	0	73		0
1	10	-1	0	73		0
1	1	-1	0	73		0
1	245	-1	0	73		0
1	213	1	10	73		0
1	79	-1	0	73		0
1	10	-1	0	73		0
1	1	-1	0	73		0
1	245	-1	0	73		0
1	213	1	10	73		0
1	79	-1	0	73		0
1	10	-1	0	73		0
1	1	-1	0	73		0
1	245	-1	0	73		0
1	213	1	111	73		0
1	79	-1	0	73		0
1	111	-1	0	73		0
1	1	-1	0	73		0
1	245	-1	0	73		0
1	213	1	9	73		0
1	79	-1	0	73		0
1	9	-1	0	73		0
1	1	-1	0	73		0
1	245	-1	0	73		0
1	213	1	227	73		0
1	79	-1	0	73		0
1	227	-1	0	73		0
1	79	-1	0	73		0
1	39	-1	0	73		0
1	10	-1	0	73		0
1	1	-1	0	73		0
1	245	-1	0	73		0
1	212	1	79	73	0062	1
1	79	-1	0	73		0
1	28	-1	0	73		0
1	79	-1	0	73		0
1	1	-1	0	73		0
1	245	-1	0	73		0
1	213	1	10	73		0
1	79	-1	0	73		0
1	28	-1	0	73		0
1	10	-1	0	73		0
1	1	-1	0	73		0
1	245	-1	0	73		0
1	218	-1	0	73		0
1	212	1	79	73	0062	1
1	79	-1	0	73		0
1	79	-1	0	73		0
1	1	-1	0	73		0
1	245	-1	0	73		0
1	214	-1	0	73		0
1	79	-1	0	73		0
1	1	-1	0	73		0
1	245	-1	0	73		0
1	213	1	229	73		0
1	79	-1	0	73		0
1	229	-1	0	73		0
1	15	-1	0	73		0
1	240	-1	0	73		0
1	79	-1	0	73		0
1	17	-1	0	73		0
1	1	-1	0	73		0
0	0	-1	0	74		0
1	245	-1	0	74		0
1	212	1	79	74		0
1	79	-1	0	74		0
1	79	-1	0	74		0
1	1	-1	0	74		0
1	245	-1	0	74		0
1	213	1	10	74	0062	1
1	79	-1	0	74		0
1	10	-1	0	74		0
1	1	-1	0	74		0
1	245	-1	0	74		0
1	213	1	10	74		1
1	79	-1	0	74		0
1	10	-1	0	74		0
1	1	-1	0	74		0
1	245	-1	0	74		0
1	213	1	14	74		0
1	79	-1	0	74		0
1	14	-1	0	74		0
1	1	-1	0	74		0
1	245	-1	0	74		0
1	213	1	8	74	00310036	1
1	79	-1	0	74		0
1	8	-1	0	74		0
1	1	-1	0	74		0
1	245	-1	0	74		0
1	213	1	8	74	00310030	1
1	79	-1	0	74		0
1	8	-1	0	74		0
1	1	-1	0	74		0
1	245	-1	0	74		0
1	213	1	79	74		0
1	79	-1	0	74		0
1	79	-1	0	74		0
1	1	-1	0	74		0
1	245	-1	0	74		0
1	213	1	79	74		0
1	79	-1	0	74		0
1	218	-1	0	74		0
1	218	-1	0	74		0
1	79	-1	0	74		0
1	1	-1	0	74		0
1	245	-1	0	74		0
1	213	1	10	74	0062	1
1	79	-1	0	74		0
1	218	-1	0	74		0
1	218	-1	0	74		0
1	10	-1	0	74		0
1	1	-1	0	74		0
1	245	-1	0	74		0
1	213	1	8	74	0030	1
1	79	-1	0	74		0
1	218	-1	0	74		0
1	218	-1	0	74		0
1	8	-1	0	74		0
1	1	-1	0	74		0
1	245	-1	0	74		0
1	212	1	80	74		0
1	79	-1	0	74		0
1	80	-1	0	74		0
1	1	-1	0	74		0
1	245	-1	0	74		0
1	213	1	80	74		0
1	79	-1	0	74		0
1	80	-1	0	74		0
1	1	-1	0	74		0
1	245	-1	0	74		0
1	213	1	10	74	d83dde00	1
1	79	-1	0	74		0
1	10	-1	0	74		0
1	1	-1	0	74		0
1	245	-1	0	74		0
1	213	1	10	74	00610062	1
1	79	-1	0	74		0
1	10	-1	0	74		0
1	1	-1	0	74		0
1	245	-1	0	74		0
1	213	1	10	74	0061000a	1
1	79	-1	0	74		0
1	10	-1	0	74		0
1	1	-1	0	74		0
1	245	-1	0	74		0
1	213	1	111	74		0
1	79	-1	0	74		0
1	111	-1	0	74		0
1	1	-1	0	74		0
1	245	-1	0	74		0
1	213	1	9	74		0
1	79	-1	0	74		0
1	9	-1	0	74		0
1	1	-1	0	74		0
1	245	-1	0	74		0
1	213	1	227	74		0
1	79	-1	0	74		0
1	227	-1	0	74		0
1	79	-1	0	74		0
1	39	-1	0	74		0
1	10	-1	0	74		0
1	1	-1	0	74		0
1	245	-1	0	74		0
1	212	1	79	74		0
1	79	-1	0	74		0
1	28	-1	0	74		0
1	79	-1	0	74		0
1	1	-1	0	74		0
1	245	-1	0	74		0
1	213	1	10	74	0062	1
1	79	-1	0	74		0
1	28	-1	0	74		0
1	10	-1	0	74		0
1	1	-1	0	74		0
1	245	-1	0	74		0
1	218	-1	0	74		0
1	212	1	79	74		0
1	79	-1	0	74		0
1	79	-1	0	74		0
1	1	-1	0	74		0
1	245	-1	0	74		0
1	214	-1	0	74		0
1	79	-1	0	74		0
1	1	-1	0	74		0
1	245	-1	0	74		0
1	213	1	229	74		0
1	79	-1	0	74		0
1	229	-1	0	74		0
1	15	-1	0	74		0
1	240	-1	0	74		0
1	79	-1	0	74		0
1	17	-1	0	74		0
1	1	-1	0	74		0
0	0	-1	0	75		0
1	245	-1	0	75		0
1	212	1	79	75	0062	1
1	79	-1	0	75		0
1	79	-1	0	75		0
1	1	-1	0	75		0
1	245	-1	0	75		0
1	213	1	10	75	0062	1
1	79	-1	0	75		0
1	10	-1	0	75		0
1	1	-1	0	75		0
1	245	-1	0	75		0
1	213	1	10	75		1
1	79	-1	0	75		0
1	10	-1	0	75		0
1	1	-1	0	75		0
1	245	-1	0	75		0
1	213	1	14	75		0
1	79	-1	0	75		0
1	14	-1	0	75		0
1	1	-1	0	75		0
1	245	-1	0	75		0
1	213	1	8	75	00310036	1
1	79	-1	0	75		0
1	8	-1	0	75		0
1	1	-1	0	75		0
1	245	-1	0	75		0
1	213	1	8	75	00310030	1
1	79	-1	0	75		0
1	8	-1	0	75		0
1	1	-1	0	75		0
1	245	-1	0	75		0
1	213	1	79	75	007600610072006900610062006c0065	1
1	79	-1	0	75		0
1	79	-1	0	75		0
1	1	-1	0	75		0
1	245	-1	0	75		0
1	213	1	79	75	007600610072006900610062006c0065	1
1	79	-1	0	75		0
1	218	-1	0	75		0
1	218	-1	0	75		0
1	79	-1	0	75		0
1	1	-1	0	75		0
1	245	-1	0	75		0
1	213	1	10	75	0062	1
1	79	-1	0	75		0
1	218	-1	0	75		0
1	218	-1	0	75		0
1	10	-1	0	75		0
1	1	-1	0	75		0
1	245	-1	0	75		0
1	213	1	8	75	0030	1
1	79	-1	0	75		0
1	218	-1	0	75		0
1	218	-1	0	75		0
1	8	-1	0	75		0
1	1	-1	0	75		0
1	245	-1	0	75		0
1	212	1	80	75		0
1	79	-1	0	75		0
1	80	-1	0	75		0
1	1	-1	0	75		0
1	245	-1	0	75		0
1	213	1	80	75		0
1	79	-1	0	75		0
1	80	-1	0	75		0
1	1	-1	0	75		0
1	245	-1	0	75		0
1	213	1	10	75	d83dde00	1
1	79	-1	0	75		0
1	10	-1	0	75		0
1	1	-1	0	75		0
1	245	-1	0	75		0
1	213	1	10	75	00610062	1
1	79	-1	0	75		0
1	10	-1	0	75		0
1	1	-1	0	75		0
1	245	-1	0	75		0
1	213	1	10	75	0061000a	1
1	79	-1	0	75		0
1	10	-1	0	75		0
1	1	-1	0	75		0
1	245	-1	0	75		0
1	213	1	111	75		0
1	79	-1	0	75		0
1	111	-1	0	75		0
1	1	-1	0	75		0
1	245	-1	0	75		0
1	213	1	9	75		0
1	79	-1	0	75		0
1	9	-1	0	75		0
1	1	-1	0	75		0
1	245	-1	0	75		0
1	213	1	227	75		0
1	79	-1	0	75		0
1	227	-1	0	75		0
1	79	-1	0	75		0
1	39	-1	0	75		0
1	10	-1	0	75		0
1	1	-1	0	75		0
1	245	-1	0	75		0
1	212	1	79	75	0062	1
1	79	-1	0	75		0
1	28	-1	0	75		0
1	79	-1	0	75		0
1	1	-1	0	75		0
1	245	-1	0	75		0
1	213	1	10	75	0062	1
1	79	-1	0	75		0
1	28	-1	0	75		0
1	10	-1	0	75		0
1	1	-1	0	75		0
1	245	-1	0	75		0
1	218	-1	0	75		0
1	212	1	79	75	0062	1
1	79	-1	0	75		0
1	79	-1	0	75		0
1	1	-1	0	75		0
1	245	-1	0	75		0
1	214	-1	0	75		0
1	79	-1	0	75		0
1	1	-1	0	75		0
1	245	-1	0	75		0
1	213	1	229	75		0
1	79	-1	0	75		0
1	229	-1	0	75		0
1	15	-1	0	75		0
1	240	-1	0	75		0
1	79	-1	0	75		0
1	17	-1	0	75		0
1	1	-1	0	75		0
0	0	-1	0	76		0
1	245	-1	0	76		0
1	212	1	79	76		0
1	79	-1	0	76		0
1	79	-1	0	76		0
1	1	-1	0	76		0
1	245	-1	0	76		0
1	213	1	10	76		0
1	79	-1	0	76		0
1	10	-1	0	76		0
1	1	-1	0	76		0
1	245	-1	0	76		0
1	213	1	10	76		0
1	79	-1	0	76		0
1	10	-1	0	76		0
1	1	-1	0	76		0
1	245	-1	0	76		0
1	213	1	14	76	0062	1
1	79	-1	0	76		0
1	14	-1	0	76		0
1	1	-1	0	76		0
1	245	-1	0	76		0
1	213	1	8	76	00310036	1
1	79	-1	0	76		0
1	8	-1	0	76		0
1	1	-1	0	76		0
1	245	-1	0	76		0
1	213	1	8	76	00310030	1
1	79	-1	0	76		0
1	8	-1	0	76		0
1	1	-1	0	76		0
1	245	-1	0	76		0
1	213	1	79	76		0
1	79	-1	0	76		0
1	79	-1	0	76		0
1	1	-1	0	76		0
1	245	-1	0	76		0
1	213	1	79	76		0
1	79	-1	0	76		0
1	218	-1	0	76		0
1	218	-1	0	76		0
1	79	-1	0	76		0
1	1	-1	0	76		0
1	245	-1	0	76		0
1	213	1	10	76		0
1	79	-1	0	76		0
1	218	-1	0	76		0
1	218	-1	0	76		0
1	10	-1	0	76		0
1	1	-1	0	76		0
1	245	-1	0	76		0
1	213	1	8	76	0030	1
1	79	-1	0	76		0
1	218	-1	0	76		0
1	218	-1	0	76		0
1	8	-1	0	76		0
1	1	-1	0	76		0
1	245	-1	0	76		0
1	212	1	80	76		0
1	79	-1	0	76		0
1	80	-1	0	76		0
1	1	-1	0	76		0
1	245	-1	0	76		0
1	213	1	80	76		0
1	79	-1	0	76		0
1	80	-1	0	76		0
1	1	-1	0	76		0
1	245	-1	0	76		0
1	213	1	10	76		0
1	79	-1	0	76		0
1	10	-1	0	76		0
1	1	-1	0	76		0
1	245	-1	0	76		0
1	213	1	10	76		0
1	79	-1	0	76		0
1	10	-1	0	76		0
1	1	-1	0	76		0
1	245	-1	0	76		0
1	213	1	10	76		0
1	79	-1	0	76		0
1	10	-1	0	76		0
1	1	-1	0	76		0
1	245	-1	0	76		0
1	213	1	111	76		0
1	79	-1	0	76		0
1	111	-1	0	76		0
1	1	-1	0	76		0
1	245	-1	0	76		0
1	213	1	9	76		0
1	79	-1	0	76		0
1	9	-1	0	76		0
1	1	-1	0	76		0
1	245	-1	0	76		0
1	213	1	227	76		0
1	79	-1	0	76		0
1	227	-1	0	76		0
1	79	-1	0	76		0
1	39	-1	0	76		0
1	10	-1	0	76		0
1	1	-1	0	76		0
1	245	-1	0	76		0
1	212	1	79	76		0
1	79	-1	0	76		0
1	28	-1	0	76		0
1	79	-1	0	76		0
1	1	-1	0	76		0
1	245	-1	0	76		0
1	213	1	10	76		0
1	79	-1	0	76		0
1	28	-1	0	76		0
1	10	-1	0	76		0
1	1	-1	0	76		0
1	245	-1	0	76		0
1	218	-1	0	76		0
1	212	1	79	76		0
1	79	-1	0	76		0
1	79	-1	0	76		0
1	1	-1	0	76		0
1	245	-1	0	76		0
1	214	-1	0	76		0
1	79	-1	0	76		0
1	1	-1	0	76		0
1	245	-1	0	76		0
1	213	1	229	76		0
1	79	-1	0	76		0
1	229	-1	0	76		0
1	15	-1	0	76		0
1	240	-1	0	76		0
1	79	-1	0	76		0
1	17	-1	0	76		0
1	1	-1	0	76		0
0	0	-1	0	77		0
1	245	-1	0	77		0
1	212	1	79	77	0062	1
1	79	-1	0	77		0
1	79	-1	0	77		0
1	1	-1	0	77		0
1	245	-1	0	77		0
1	213	1	10	77		0
1	79	-1	0	77		0
1	10	-1	0	77		0
1	1	-1	0	77		0
1	245	-1	0	77		0
1	213	1	10	77		0
1	79	-1	0	77		0
1	10	-1	0	77		0
1	1	-1	0	77		0
1	245	-1	0	77		0
1	213	1	14	77	0062	1
1	79	-1	0	77		0
1	14	-1	0	77		0
1	1	-1	0	77		0
1	245	-1	0	77		0
1	213	1	8	77	00310036	1
1	79	-1	0	77		0
1	8	-1	0	77		0
1	1	-1	0	77		0
1	245	-1	0	77		0
1	213	1	8	77	00310030	1
1	79	-1	0	77		0
1	8	-1	0	77		0
1	1	-1	0	77		0
1	245	-1	0	77		0
1	213	1	79	77	007600610072006900610062006c0065	1
1	79	-1	0	77		0
1	79	-1	0	77		0
1	1	-1	0	77		0
1	245	-1	0	77		0
1	213	1	79	77	007600610072006900610062006c0065	1
1	79	-1	0	77		0
1	218	-1	0	77		0
1	218	-1	0	77		0
1	79	-1	0	77		0
1	1	-1	0	77		0
1	245	-1	0	77		0
1	213	1	10	77		0
1	79	-1	0	77		0
1	218	-1	0	77		0
1	218	-1	0	77		0
1	10	-1	0	77		0
1	1	-1	0	77		0
1	245	-1	0	77		0
1	213	1	8	77	0030	1
1	79	-1	0	77		0
1	218	-1	0	77		0
1	218	-1	0	77		0
1	8	-1	0	77		0
1	1	-1	0	77		0
1	245	-1	0	77		0
1	212	1	80	77		0
1	79	-1	0	77		0
1	80	-1	0	77		0
1	1	-1	0	77		0
1	245	-1	0	77		0
1	213	1	80	77		0
1	79	-1	0	77		0
1	80	-1	0	77		0
1	1	-1	0	77		0
1	245	-1	0	77		0
1	213	1	10	77		0
1	79	-1	0	77		0
1	10	-1	0	77		0
1	1	-1	0	77		0
1	245	-1	0	77		0
1	213	1	10	77		0
1	79	-1	0	77		0
1	10	-1	0	77		0
1	1	-1	0	77		0
1	245	-1	0	77		0
1	213	1	10	77		0
1	79	-1	0	77		0
1	10	-1	0	77		0
1	1	-1	0	77		0
1	245	-1	0	77		0
1	213	1	111	77		0
1	79	-1	0	77		0
1	111	-1	0	77		0
1	1	-1	0	77		0
1	245	-1	0	77		0
1	213	1	9	77		0
1	79	-1	0	77		0
1	9	-1	0	77		0
1	1	-1	0	77		0
1	245	-1	0	77		0
1	213	1	227	77		0
1	79	-1	0	77		0
1	227	-1	0	77		0
1	79	-1	0	77		0
1	39	-1	0	77		0
1	10	-1	0	77		0
1	1	-1	0	77		0
1	245	-1	0	77		0
1	212	1	79	77	0062	1
1	79	-1	0	77		0
1	28	-1	0	77		0
1	79	-1	0	77		0
1	1	-1	0	77		0
1	245	-1	0	77		0
1	213	1	10	77		0
1	79	-1	0	77		0
1	28	-1	0	77		0
1	10	-1	0	77		0
1	1	-1	0	77		0
1	245	-1	0	77		0
1	218	-1	0	77		0
1	212	1	79	77	0062	1
1	79	-1	0	77		0
1	79	-1	0	77		0
1	1	-1	0	77		0
1	245	-1	0	77		0
1	214	-1	0	77		0
1	79	-1	0	77		0
1	1	-1	0	77		0
1	245	-1	0	77		0
1	213	1	229	77		0
1	79	-1	0	77		0
1	229	-1	0	77		0
1	15	-1	0	77		0
1	240	-1	0	77		0
1	79	-1	0	77		0
1	17	-1	0	77		0
1	1	-1	0	77		0
0	0	-1	0	78		0
1	245	-1	0	78		0
1	212	1	79	78		0
1	79	-1	0	78		0
1	79	-1	0	78		0
1	1	-1	0	78		0
1	245	-1	0	78		0
1	213	1	10	78	0062	1
1	79	-1	0	78		0
1	10	-1	0	78		0
1	1	-1	0	78		0
1	245	-1	0	78		0
1	213	1	10	78		1
1	79	-1	0	78		0
1	10	-1	0	78		0
1	1	-1	0	78		0
1	245	-1	0	78		0
1	213	1	14	78	0062	1
1	79	-1	0	78		0
1	14	-1	0	78		0
1	1	-1	0	78		0
1	245	-1	0	78		0
1	213	1	8	78	00310036	1
1	79	-1	0	78		0
1	8	-1	0	78		0
1	1	-1	0	78		0
1	245	-1	0	78		0
1	213	1	8	78	00310030	1
1	79	-1	0	78		0
1	8	-1	0	78		0
1	1	-1	0	78		0
1	245	-1	0	78		0
1	213	1	79	78		0
1	79	-1	0	78		0
1	79	-1	0	78		0
1	1	-1	0	78		0
1	245	-1	0	78		0
1	213	1	79	78		0
1	79	-1	0	78		0
1	218	-1	0	78		0
1	218	-1	0	78		0
1	79	-1	0	78		0
1	1	-1	0	78		0
1	245	-1	0	78		0
1	213	1	10	78	0062	1
1	79	-1	0	78		0
1	218	-1	0	78		0
1	218	-1	0	78		0
1	10	-1	0	78		0
1	1	-1	0	78		0
1	245	-1	0	78		0
1	213	1	8	78	0030	1
1	79	-1	0	78		0
1	218	-1	0	78		0
1	218	-1	0	78		0
1	8	-1	0	78		0
1	1	-1	0	78		0
1	245	-1	0	78		0
1	212	1	80	78		0
1	79	-1	0	78		0
1	80	-1	0	78		0
1	1	-1	0	78		0
1	245	-1	0	78		0
1	213	1	80	78		0
1	79	-1	0	78		0
1	80	-1	0	78		0
1	1	-1	0	78		0
1	245	-1	0	78		0
1	213	1	10	78	d83dde00	1
1	79	-1	0	78		0
1	10	-1	0	78		0
1	1	-1	0	78		0
1	245	-1	0	78		0
1	213	1	10	78	00610062	1
1	79	-1	0	78		0
1	10	-1	0	78		0
1	1	-1	0	78		0
1	245	-1	0	78		0
1	213	1	10	78	0061000a	1
1	79	-1	0	78		0
1	10	-1	0	78		0
1	1	-1	0	78		0
1	245	-1	0	78		0
1	213	1	111	78		0
1	79	-1	0	78		0
1	111	-1	0	78		0
1	1	-1	0	78		0
1	245	-1	0	78		0
1	213	1	9	78		0
1	79	-1	0	78		0
1	9	-1	0	78		0
1	1	-1	0	78		0
1	245	-1	0	78		0
1	213	1	227	78		0
1	79	-1	0	78		0
1	227	-1	0	78		0
1	79	-1	0	78		0
1	39	-1	0	78		0
1	10	-1	0	78		0
1	1	-1	0	78		0
1	245	-1	0	78		0
1	212	1	79	78		0
1	79	-1	0	78		0
1	28	-1	0	78		0
1	79	-1	0	78		0
1	1	-1	0	78		0
1	245	-1	0	78		0
1	213	1	10	78	0062	1
1	79	-1	0	78		0
1	28	-1	0	78		0
1	10	-1	0	78		0
1	1	-1	0	78		0
1	245	-1	0	78		0
1	218	-1	0	78		0
1	212	1	79	78		0
1	79	-1	0	78		0
1	79	-1	0	78		0
1	1	-1	0	78		0
1	245	-1	0	78		0
1	214	-1	0	78		0
1	79	-1	0	78		0
1	1	-1	0	78		0
1	245	-1	0	78		0
1	213	1	229	78		0
1	79	-1	0	78		0
1	229	-1	0	78		0
1	15	-1	0	78		0
1	240	-1	0	78		0
1	79	-1	0	78		0
1	17	-1	0	78		0
1	1	-1	0	78		0
0	0	-1	0	79		0
1	245	-1	0	79		0
1	212	1	79	79	0062	1
1	79	-1	0	79		0
1	79	-1	0	79		0
1	1	-1	0	79		0
1	245	-1	0	79		0
1	213	1	10	79	0062	1
1	79	-1	0	79		0
1	10	-1	0	79		0
1	1	-1	0	79		0
1	245	-1	0	79		0
1	213	1	10	79		1
1	79	-1	0	79		0
1	10	-1	0	79		0
1	1	-1	0	79		0
1	245	-1	0	79		0
1	213	1	14	79	0062	1
1	79	-1	0	79		0
1	14	-1	0	79		0
1	1	-1	0	79		0
1	245	-1	0	79		0
1	213	1	8	79	00310036	1
1	79	-1	0	79		0
1	8	-1	0	79		0
1	1	-1	0	79		0
1	245	-1	0	79		0
1	213	1	8	79	00310030	1
1	79	-1	0	79		0
1	8	-1	0	79		0
1	1	-1	0	79		0
1	245	-1	0	79		0
1	213	1	79	79	007600610072006900610062006c0065	1
1	79	-1	0	79		0
1	79	-1	0	79		0
1	1	-1	0	79		0
1	245	-1	0	79		0
1	213	1	79	79	007600610072006900610062006c0065	1
1	79	-1	0	79		0
1	218	-1	0	79		0
1	218	-1	0	79		0
1	79	-1	0	79		0
1	1	-1	0	79		0
1	245	-1	0	79		0
1	213	1	10	79	0062	1
1	79	-1	0	79		0
1	218	-1	0	79		0
1	218	-1	0	79		0
1	10	-1	0	79		0
1	1	-1	0	79		0
1	245	-1	0	79		0
1	213	1	8	79	0030	1
1	79	-1	0	79		0
1	218	-1	0	79		0
1	218	-1	0	79		0
1	8	-1	0	79		0
1	1	-1	0	79		0
1	245	-1	0	79		0
1	212	1	80	79		0
1	79	-1	0	79		0
1	80	-1	0	79		0
1	1	-1	0	79		0
1	245	-1	0	79		0
1	213	1	80	79		0
1	79	-1	0	79		0
1	80	-1	0	79		0
1	1	-1	0	79		0
1	245	-1	0	79		0
1	213	1	10	79	d83dde00	1
1	79	-1	0	79		0
1	10	-1	0	79		0
1	1	-1	0	79		0
1	245	-1	0	79		0
1	213	1	10	79	00610062	1
1	79	-1	0	79		0
1	10	-1	0	79		0
1	1	-1	0	79		0
1	245	-1	0	79		0
1	213	1	10	79	0061000a	1
1	79	-1	0	79		0
1	10	-1	0	79		0
1	1	-1	0	79		0
1	245	-1	0	79		0
1	213	1	111	79		0
1	79	-1	0	79		0
1	111	-1	0	79		0
1	1	-1	0	79		0
1	245	-1	0	79		0
1	213	1	9	79		0
1	79	-1	0	79		0
1	9	-1	0	79		0
1	1	-1	0	79		0
1	245	-1	0	79		0
1	213	1	227	79		0
1	79	-1	0	79		0
1	227	-1	0	79		0
1	79	-1	0	79		0
1	39	-1	0	79		0
1	10	-1	0	79		0
1	1	-1	0	79		0
1	245	-1	0	79		0
1	212	1	79	79	0062	1
1	79	-1	0	79		0
1	28	-1	0	79		0
1	79	-1	0	79		0
1	1	-1	0	79		0
1	245	-1	0	79		0
1	213	1	10	79	0062	1
1	79	-1	0	79		0
1	28	-1	0	79		0
1	10	-1	0	79		0
1	1	-1	0	79		0
1	245	-1	0	79		0
1	218	-1	0	79		0
1	212	1	79	79	0062	1
1	79	-1	0	79		0
1	79	-1	0	79		0
1	1	-1	0	79		0
1	245	-1	0	79		0
1	214	-1	0	79		0
1	79	-1	0	79		0
1	1	-1	0	79		0
1	245	-1	0	79		0
1	213	1	229	79		0
1	79	-1	0	79		0
1	229	-1	0	79		0
1	15	-1	0	79		0
1	240	-1	0	79		0
1	79	-1	0	79		0
1	17	-1	0	79		0
1	1	-1	0	79		0
0	0	-1	0	80		0
1	245	-1	0	80		0
1	212	1	79	80		0
1	79	-1	0	80		0
1	79	-1	0	80		0
1	1	-1	0	80		0
1	245	-1	0	80		0
1	213	1	10	80		0
1	79	-1	0	80		0
1	10	-1	0	80		0
1	1	-1	0	80		0
1	245	-1	0	80		0
1	213	1	10	80		0
1	79	-1	0	80		0
1	10	-1	0	80		0
1	1	-1	0	80		0
1	245	-1	0	80		0
1	213	1	14	80		0
1	79	-1	0	80		0
1	14	-1	0	80		0
1	1	-1	0	80		0
1	245	-1	0	80		0
1	213	1	8	80		0
1	79	-1	0	80		0
1	8	-1	0	80		0
1	1	-1	0	80		0
1	245	-1	0	80		0
1	213	1	8	80		0
1	79	-1	0	80		0
1	8	-1	0	80		0
1	1	-1	0	80		0
1	245	-1	0	80		0
1	213	1	79	80		0
1	79	-1	0	80		0
1	79	-1	0	80		0
1	1	-1	0	80		0
1	245	-1	0	80		0
1	213	1	79	80		0
1	79	-1	0	80		0
1	218	-1	0	80		0
1	218	-1	0	80		0
1	79	-1	0	80		0
1	1	-1	0	80		0
1	245	-1	0	80		0
1	213	1	10	80		0
1	79	-1	0	80		0
1	218	-1	0	80		0
1	218	-1	0	80		0
1	10	-1	0	80		0
1	1	-1	0	80		0
1	245	-1	0	80		0
1	213	1	8	80		0
1	79	-1	0	80		0
1	218	-1	0	80		0
1	218	-1	0	80		0
1	8	-1	0	80		0
1	1	-1	0	80		0
1	245	-1	0	80		0
1	212	1	80	80	00230070007200690076006100740065	1
1	79	-1	0	80		0
1	80	-1	0	80		0
1	1	-1	0	80		0
1	245	-1	0	80		0
1	213	1	80	80	00230070007200690076006100740065	1
1	79	-1	0	80		0
1	80	-1	0	80		0
1	1	-1	0	80		0
1	245	-1	0	80		0
1	213	1	10	80		0
1	79	-1	0	80		0
1	10	-1	0	80		0
1	1	-1	0	80		0
1	245	-1	0	80		0
1	213	1	10	80		0
1	79	-1	0	80		0
1	10	-1	0	80		0
1	1	-1	0	80		0
1	245	-1	0	80		0
1	213	1	10	80		0
1	79	-1	0	80		0
1	10	-1	0	80		0
1	1	-1	0	80		0
1	245	-1	0	80		0
1	213	1	111	80		0
1	79	-1	0	80		0
1	111	-1	0	80		0
1	1	-1	0	80		0
1	245	-1	0	80		0
1	213	1	9	80		0
1	79	-1	0	80		0
1	9	-1	0	80		0
1	1	-1	0	80		0
1	245	-1	0	80		0
1	213	1	227	80		0
1	79	-1	0	80		0
1	227	-1	0	80		0
1	79	-1	0	80		0
1	39	-1	0	80		0
1	10	-1	0	80		0
1	1	-1	0	80		0
1	245	-1	0	80		0
1	212	1	79	80		0
1	79	-1	0	80		0
1	28	-1	0	80		0
1	79	-1	0	80		0
1	1	-1	0	80		0
1	245	-1	0	80		0
1	213	1	10	80		0
1	79	-1	0	80		0
1	28	-1	0	80		0
1	10	-1	0	80		0
1	1	-1	0	80		0
1	245	-1	0	80		0
1	218	-1	0	80		0
1	212	1	79	80		0
1	79	-1	0	80		0
1	79	-1	0	80		0
1	1	-1	0	80		0
1	245	-1	0	80		0
1	214	-1	0	80		0
1	79	-1	0	80		0
1	1	-1	0	80		0
1	245	-1	0	80		0
1	213	1	229	80		0
1	79	-1	0	80		0
1	229	-1	0	80		0
1	15	-1	0	80		0
1	240	-1	0	80		0
1	79	-1	0	80		0
1	17	-1	0	80		0
1	1	-1	0	80		0
0	0	-1	0	81		0
1	245	-1	0	81		0
1	212	1	79	81	0062	1
1	79	-1	0	81		0
1	79	-1	0	81		0
1	1	-1	0	81		0
1	245	-1	0	81		0
1	213	1	10	81		0
1	79	-1	0	81		0
1	10	-1	0	81		0
1	1	-1	0	81		0
1	245	-1	0	81		0
1	213	1	10	81		0
1	79	-1	0	81		0
1	10	-1	0	81		0
1	1	-1	0	81		0
1	245	-1	0	81		0
1	213	1	14	81		0
1	79	-1	0	81		0
1	14	-1	0	81		0
1	1	-1	0	81		0
1	245	-1	0	81		0
1	213	1	8	81		0
1	79	-1	0	81		0
1	8	-1	0	81		0
1	1	-1	0	81		0
1	245	-1	0	81		0
1	213	1	8	81		0
1	79	-1	0	81		0
1	8	-1	0	81		0
1	1	-1	0	81		0
1	245	-1	0	81		0
1	213	1	79	81	007600610072006900610062006c0065	1
1	79	-1	0	81		0
1	79	-1	0	81		0
1	1	-1	0	81		0
1	245	-1	0	81		0
1	213	1	79	81	007600610072006900610062006c0065	1
1	79	-1	0	81		0
1	218	-1	0	81		0
1	218	-1	0	81		0
1	79	-1	0	81		0
1	1	-1	0	81		0
1	245	-1	0	81		0
1	213	1	10	81		0
1	79	-1	0	81		0
1	218	-1	0	81		0
1	218	-1	0	81		0
1	10	-1	0	81		0
1	1	-1	0	81		0
1	245	-1	0	81		0
1	213	1	8	81		0
1	79	-1	0	81		0
1	218	-1	0	81		0
1	218	-1	0	81		0
1	8	-1	0	81		0
1	1	-1	0	81		0
1	245	-1	0	81		0
1	212	1	80	81	00230070007200690076006100740065	1
1	79	-1	0	81		0
1	80	-1	0	81		0
1	1	-1	0	81		0
1	245	-1	0	81		0
1	213	1	80	81	00230070007200690076006100740065	1
1	79	-1	0	81		0
1	80	-1	0	81		0
1	1	-1	0	81		0
1	245	-1	0	81		0
1	213	1	10	81		0
1	79	-1	0	81		0
1	10	-1	0	81		0
1	1	-1	0	81		0
1	245	-1	0	81		0
1	213	1	10	81		0
1	79	-1	0	81		0
1	10	-1	0	81		0
1	1	-1	0	81		0
1	245	-1	0	81		0
1	213	1	10	81		0
1	79	-1	0	81		0
1	10	-1	0	81		0
1	1	-1	0	81		0
1	245	-1	0	81		0
1	213	1	111	81		0
1	79	-1	0	81		0
1	111	-1	0	81		0
1	1	-1	0	81		0
1	245	-1	0	81		0
1	213	1	9	81		0
1	79	-1	0	81		0
1	9	-1	0	81		0
1	1	-1	0	81		0
1	245	-1	0	81		0
1	213	1	227	81		0
1	79	-1	0	81		0
1	227	-1	0	81		0
1	79	-1	0	81		0
1	39	-1	0	81		0
1	10	-1	0	81		0
1	1	-1	0	81		0
1	245	-1	0	81		0
1	212	1	79	81	0062	1
1	79	-1	0	81		0
1	28	-1	0	81		0
1	79	-1	0	81		0
1	1	-1	0	81		0
1	245	-1	0	81		0
1	213	1	10	81		0
1	79	-1	0	81		0
1	28	-1	0	81		0
1	10	-1	0	81		0
1	1	-1	0	81		0
1	245	-1	0	81		0
1	218	-1	0	81		0
1	212	1	79	81	0062	1
1	79	-1	0	81		0
1	79	-1	0	81		0
1	1	-1	0	81		0
1	245	-1	0	81		0
1	214	-1	0	81		0
1	79	-1	0	81		0
1	1	-1	0	81		0
1	245	-1	0	81		0
1	213	1	229	81		0
1	79	-1	0	81		0
1	229	-1	0	81		0
1	15	-1	0	81		0
1	240	-1	0	81		0
1	79	-1	0	81		0
1	17	-1	0	81		0
1	1	-1	0	81		0
0	0	-1	0	82		0
1	245	-1	0	82		0
1	212	1	79	82		0
1	79	-1	0	82		0
1	79	-1	0	82		0
1	1	-1	0	82		0
1	245	-1	0	82		0
1	213	1	10	82	0062	1
1	79	-1	0	82		0
1	10	-1	0	82		0
1	1	-1	0	82		0
1	245	-1	0	82		0
1	213	1	10	82		1
1	79	-1	0	82		0
1	10	-1	0	82		0
1	1	-1	0	82		0
1	245	-1	0	82		0
1	213	1	14	82		0
1	79	-1	0	82		0
1	14	-1	0	82		0
1	1	-1	0	82		0
1	245	-1	0	82		0
1	213	1	8	82		0
1	79	-1	0	82		0
1	8	-1	0	82		0
1	1	-1	0	82		0
1	245	-1	0	82		0
1	213	1	8	82		0
1	79	-1	0	82		0
1	8	-1	0	82		0
1	1	-1	0	82		0
1	245	-1	0	82		0
1	213	1	79	82		0
1	79	-1	0	82		0
1	79	-1	0	82		0
1	1	-1	0	82		0
1	245	-1	0	82		0
1	213	1	79	82		0
1	79	-1	0	82		0
1	218	-1	0	82		0
1	218	-1	0	82		0
1	79	-1	0	82		0
1	1	-1	0	82		0
1	245	-1	0	82		0
1	213	1	10	82	0062	1
1	79	-1	0	82		0
1	218	-1	0	82		0
1	218	-1	0	82		0
1	10	-1	0	82		0
1	1	-1	0	82		0
1	245	-1	0	82		0
1	213	1	8	82		0
1	79	-1	0	82		0
1	218	-1	0	82		0
1	218	-1	0	82		0
1	8	-1	0	82		0
1	1	-1	0	82		0
1	245	-1	0	82		0
1	212	1	80	82	00230070007200690076006100740065	1
1	79	-1	0	82		0
1	80	-1	0	82		0
1	1	-1	0	82		0
1	245	-1	0	82		0
1	213	1	80	82	00230070007200690076006100740065	1
1	79	-1	0	82		0
1	80	-1	0	82		0
1	1	-1	0	82		0
1	245	-1	0	82		0
1	213	1	10	82	d83dde00	1
1	79	-1	0	82		0
1	10	-1	0	82		0
1	1	-1	0	82		0
1	245	-1	0	82		0
1	213	1	10	82	00610062	1
1	79	-1	0	82		0
1	10	-1	0	82		0
1	1	-1	0	82		0
1	245	-1	0	82		0
1	213	1	10	82	0061000a	1
1	79	-1	0	82		0
1	10	-1	0	82		0
1	1	-1	0	82		0
1	245	-1	0	82		0
1	213	1	111	82		0
1	79	-1	0	82		0
1	111	-1	0	82		0
1	1	-1	0	82		0
1	245	-1	0	82		0
1	213	1	9	82		0
1	79	-1	0	82		0
1	9	-1	0	82		0
1	1	-1	0	82		0
1	245	-1	0	82		0
1	213	1	227	82		0
1	79	-1	0	82		0
1	227	-1	0	82		0
1	79	-1	0	82		0
1	39	-1	0	82		0
1	10	-1	0	82		0
1	1	-1	0	82		0
1	245	-1	0	82		0
1	212	1	79	82		0
1	79	-1	0	82		0
1	28	-1	0	82		0
1	79	-1	0	82		0
1	1	-1	0	82		0
1	245	-1	0	82		0
1	213	1	10	82	0062	1
1	79	-1	0	82		0
1	28	-1	0	82		0
1	10	-1	0	82		0
1	1	-1	0	82		0
1	245	-1	0	82		0
1	218	-1	0	82		0
1	212	1	79	82		0
1	79	-1	0	82		0
1	79	-1	0	82		0
1	1	-1	0	82		0
1	245	-1	0	82		0
1	214	-1	0	82		0
1	79	-1	0	82		0
1	1	-1	0	82		0
1	245	-1	0	82		0
1	213	1	229	82		0
1	79	-1	0	82		0
1	229	-1	0	82		0
1	15	-1	0	82		0
1	240	-1	0	82		0
1	79	-1	0	82		0
1	17	-1	0	82		0
1	1	-1	0	82		0
0	0	-1	0	83		0
1	245	-1	0	83		0
1	212	1	79	83	0062	1
1	79	-1	0	83		0
1	79	-1	0	83		0
1	1	-1	0	83		0
1	245	-1	0	83		0
1	213	1	10	83	0062	1
1	79	-1	0	83		0
1	10	-1	0	83		0
1	1	-1	0	83		0
1	245	-1	0	83		0
1	213	1	10	83		1
1	79	-1	0	83		0
1	10	-1	0	83		0
1	1	-1	0	83		0
1	245	-1	0	83		0
1	213	1	14	83		0
1	79	-1	0	83		0
1	14	-1	0	83		0
1	1	-1	0	83		0
1	245	-1	0	83		0
1	213	1	8	83		0
1	79	-1	0	83		0
1	8	-1	0	83		0
1	1	-1	0	83		0
1	245	-1	0	83		0
1	213	1	8	83		0
1	79	-1	0	83		0
1	8	-1	0	83		0
1	1	-1	0	83		0
1	245	-1	0	83		0
1	213	1	79	83	007600610072006900610062006c0065	1
1	79	-1	0	83		0
1	79	-1	0	83		0
1	1	-1	0	83		0
1	245	-1	0	83		0
1	213	1	79	83	007600610072006900610062006c0065	1
1	79	-1	0	83		0
1	218	-1	0	83		0
1	218	-1	0	83		0
1	79	-1	0	83		0
1	1	-1	0	83		0
1	245	-1	0	83		0
1	213	1	10	83	0062	1
1	79	-1	0	83		0
1	218	-1	0	83		0
1	218	-1	0	83		0
1	10	-1	0	83		0
1	1	-1	0	83		0
1	245	-1	0	83		0
1	213	1	8	83		0
1	79	-1	0	83		0
1	218	-1	0	83		0
1	218	-1	0	83		0
1	8	-1	0	83		0
1	1	-1	0	83		0
1	245	-1	0	83		0
1	212	1	80	83	00230070007200690076006100740065	1
1	79	-1	0	83		0
1	80	-1	0	83		0
1	1	-1	0	83		0
1	245	-1	0	83		0
1	213	1	80	83	00230070007200690076006100740065	1
1	79	-1	0	83		0
1	80	-1	0	83		0
1	1	-1	0	83		0
1	245	-1	0	83		0
1	213	1	10	83	d83dde00	1
1	79	-1	0	83		0
1	10	-1	0	83		0
1	1	-1	0	83		0
1	245	-1	0	83		0
1	213	1	10	83	00610062	1
1	79	-1	0	83		0
1	10	-1	0	83		0
1	1	-1	0	83		0
1	245	-1	0	83		0
1	213	1	10	83	0061000a	1
1	79	-1	0	83		0
1	10	-1	0	83		0
1	1	-1	0	83		0
1	245	-1	0	83		0
1	213	1	111	83		0
1	79	-1	0	83		0
1	111	-1	0	83		0
1	1	-1	0	83		0
1	245	-1	0	83		0
1	213	1	9	83		0
1	79	-1	0	83		0
1	9	-1	0	83		0
1	1	-1	0	83		0
1	245	-1	0	83		0
1	213	1	227	83		0
1	79	-1	0	83		0
1	227	-1	0	83		0
1	79	-1	0	83		0
1	39	-1	0	83		0
1	10	-1	0	83		0
1	1	-1	0	83		0
1	245	-1	0	83		0
1	212	1	79	83	0062	1
1	79	-1	0	83		0
1	28	-1	0	83		0
1	79	-1	0	83		0
1	1	-1	0	83		0
1	245	-1	0	83		0
1	213	1	10	83	0062	1
1	79	-1	0	83		0
1	28	-1	0	83		0
1	10	-1	0	83		0
1	1	-1	0	83		0
1	245	-1	0	83		0
1	218	-1	0	83		0
1	212	1	79	83	0062	1
1	79	-1	0	83		0
1	79	-1	0	83		0
1	1	-1	0	83		0
1	245	-1	0	83		0
1	214	-1	0	83		0
1	79	-1	0	83		0
1	1	-1	0	83		0
1	245	-1	0	83		0
1	213	1	229	83		0
1	79	-1	0	83		0
1	229	-1	0	83		0
1	15	-1	0	83		0
1	240	-1	0	83		0
1	79	-1	0	83		0
1	17	-1	0	83		0
1	1	-1	0	83		0
0	0	-1	0	84		0
1	245	-1	0	84		0
1	212	1	79	84		0
1	79	-1	0	84		0
1	79	-1	0	84		0
1	1	-1	0	84		0
1	245	-1	0	84		0
1	213	1	10	84		0
1	79	-1	0	84		0
1	10	-1	0	84		0
1	1	-1	0	84		0
1	245	-1	0	84		0
1	213	1	10	84		0
1	79	-1	0	84		0
1	10	-1	0	84		0
1	1	-1	0	84		0
1	245	-1	0	84		0
1	213	1	14	84	0062	1
1	79	-1	0	84		0
1	14	-1	0	84		0
1	1	-1	0	84		0
1	245	-1	0	84		0
1	213	1	8	84		0
1	79	-1	0	84		0
1	8	-1	0	84		0
1	1	-1	0	84		0
1	245	-1	0	84		0
1	213	1	8	84		0
1	79	-1	0	84		0
1	8	-1	0	84		0
1	1	-1	0	84		0
1	245	-1	0	84		0
1	213	1	79	84		0
1	79	-1	0	84		0
1	79	-1	0	84		0
1	1	-1	0	84		0
1	245	-1	0	84		0
1	213	1	79	84		0
1	79	-1	0	84		0
1	218	-1	0	84		0
1	218	-1	0	84		0
1	79	-1	0	84		0
1	1	-1	0	84		0
1	245	-1	0	84		0
1	213	1	10	84		0
1	79	-1	0	84		0
1	218	-1	0	84		0
1	218	-1	0	84		0
1	10	-1	0	84		0
1	1	-1	0	84		0
1	245	-1	0	84		0
1	213	1	8	84		0
1	79	-1	0	84		0
1	218	-1	0	84		0
1	218	-1	0	84		0
1	8	-1	0	84		0
1	1	-1	0	84		0
1	245	-1	0	84		0
1	212	1	80	84	00230070007200690076006100740065	1
1	79	-1	0	84		0
1	80	-1	0	84		0
1	1	-1	0	84		0
1	245	-1	0	84		0
1	213	1	80	84	00230070007200690076006100740065	1
1	79	-1	0	84		0
1	80	-1	0	84		0
1	1	-1	0	84		0
1	245	-1	0	84		0
1	213	1	10	84		0
1	79	-1	0	84		0
1	10	-1	0	84		0
1	1	-1	0	84		0
1	245	-1	0	84		0
1	213	1	10	84		0
1	79	-1	0	84		0
1	10	-1	0	84		0
1	1	-1	0	84		0
1	245	-1	0	84		0
1	213	1	10	84		0
1	79	-1	0	84		0
1	10	-1	0	84		0
1	1	-1	0	84		0
1	245	-1	0	84		0
1	213	1	111	84		0
1	79	-1	0	84		0
1	111	-1	0	84		0
1	1	-1	0	84		0
1	245	-1	0	84		0
1	213	1	9	84		0
1	79	-1	0	84		0
1	9	-1	0	84		0
1	1	-1	0	84		0
1	245	-1	0	84		0
1	213	1	227	84		0
1	79	-1	0	84		0
1	227	-1	0	84		0
1	79	-1	0	84		0
1	39	-1	0	84		0
1	10	-1	0	84		0
1	1	-1	0	84		0
1	245	-1	0	84		0
1	212	1	79	84		0
1	79	-1	0	84		0
1	28	-1	0	84		0
1	79	-1	0	84		0
1	1	-1	0	84		0
1	245	-1	0	84		0
1	213	1	10	84		0
1	79	-1	0	84		0
1	28	-1	0	84		0
1	10	-1	0	84		0
1	1	-1	0	84		0
1	245	-1	0	84		0
1	218	-1	0	84		0
1	212	1	79	84		0
1	79	-1	0	84		0
1	79	-1	0	84		0
1	1	-1	0	84		0
1	245	-1	0	84		0
1	214	-1	0	84		0
1	79	-1	0	84		0
1	1	-1	0	84		0
1	245	-1	0	84		0
1	213	1	229	84		0
1	79	-1	0	84		0
1	229	-1	0	84		0
1	15	-1	0	84		0
1	240	-1	0	84		0
1	79	-1	0	84		0
1	17	-1	0	84		0
1	1	-1	0	84		0
0	0	-1	0	85		0
1	245	-1	0	85		0
1	212	1	79	85	0062	1
1	79	-1	0	85		0
1	79	-1	0	85		0
1	1	-1	0	85		0
1	245	-1	0	85		0
1	213	1	10	85		0
1	79	-1	0	85		0
1	10	-1	0	85		0
1	1	-1	0	85		0
1	245	-1	0	85		0
1	213	1	10	85		0
1	79	-1	0	85		0
1	10	-1	0	85		0
1	1	-1	0	85		0
1	245	-1	0	85		0
1	213	1	14	85	0062	1
1	79	-1	0	85		0
1	14	-1	0	85		0
1	1	-1	0	85		0
1	245	-1	0	85		0
1	213	1	8	85		0
1	79	-1	0	85		0
1	8	-1	0	85		0
1	1	-1	0	85		0
1	245	-1	0	85		0
1	213	1	8	85		0
1	79	-1	0	85		0
1	8	-1	0	85		0
1	1	-1	0	85		0
1	245	-1	0	85		0
1	213	1	79	85	007600610072006900610062006c0065	1
1	79	-1	0	85		0
1	79	-1	0	85		0
1	1	-1	0	85		0
1	245	-1	0	85		0
1	213	1	79	85	007600610072006900610062006c0065	1
1	79	-1	0	85		0
1	218	-1	0	85		0
1	218	-1	0	85		0
1	79	-1	0	85		0
1	1	-1	0	85		0
1	245	-1	0	85		0
1	213	1	10	85		0
1	79	-1	0	85		0
1	218	-1	0	85		0
1	218	-1	0	85		0
1	10	-1	0	85		0
1	1	-1	0	85		0
1	245	-1	0	85		0
1	213	1	8	85		0
1	79	-1	0	85		0
1	218	-1	0	85		0
1	218	-1	0	85		0
1	8	-1	0	85		0
1	1	-1	0	85		0
1	245	-1	0	85		0
1	212	1	80	85	00230070007200690076006100740065	1
1	79	-1	0	85		0
1	80	-1	0	85		0
1	1	-1	0	85		0
1	245	-1	0	85		0
1	213	1	80	85	00230070007200690076006100740065	1
1	79	-1	0	85		0
1	80	-1	0	85		0
1	1	-1	0	85		0
1	245	-1	0	85		0
1	213	1	10	85		0
1	79	-1	0	85		0
1	10	-1	0	85		0
1	1	-1	0	85		0
1	245	-1	0	85		0
1	213	1	10	85		0
1	79	-1	0	85		0
1	10	-1	0	85		0
1	1	-1	0	85		0
1	245	-1	0	85		0
1	213	1	10	85		0
1	79	-1	0	85		0
1	10	-1	0	85		0
1	1	-1	0	85		0
1	245	-1	0	85		0
1	213	1	111	85		0
1	79	-1	0	85		0
1	111	-1	0	85		0
1	1	-1	0	85		0
1	245	-1	0	85		0
1	213	1	9	85		0
1	79	-1	0	85		0
1	9	-1	0	85		0
1	1	-1	0	85		0
1	245	-1	0	85		0
1	213	1	227	85		0
1	79	-1	0	85		0
1	227	-1	0	85		0
1	79	-1	0	85		0
1	39	-1	0	85		0
1	10	-1	0	85		0
1	1	-1	0	85		0
1	245	-1	0	85		0
1	212	1	79	85	0062	1
1	79	-1	0	85		0
1	28	-1	0	85		0
1	79	-1	0	85		0
1	1	-1	0	85		0
1	245	-1	0	85		0
1	213	1	10	85		0
1	79	-1	0	85		0
1	28	-1	0	85		0
1	10	-1	0	85		0
1	1	-1	0	85		0
1	245	-1	0	85		0
1	218	-1	0	85		0
1	212	1	79	85	0062	1
1	79	-1	0	85		0
1	79	-1	0	85		0
1	1	-1	0	85		0
1	245	-1	0	85		0
1	214	-1	0	85		0
1	79	-1	0	85		0
1	1	-1	0	85		0
1	245	-1	0	85		0
1	213	1	229	85		0
1	79	-1	0	85		0
1	229	-1	0	85		0
1	15	-1	0	85		0
1	240	-1	0	85		0
1	79	-1	0	85		0
1	17	-1	0	85		0
1	1	-1	0	85		0
0	0	-1	0	86		0
1	245	-1	0	86		0
1	212	1	79	86		0
1	79	-1	0	86		0
1	79	-1	0	86		0
1	1	-1	0	86		0
1	245	-1	0	86		0
1	213	1	10	86	0062	1
1	79	-1	0	86		0
1	10	-1	0	86		0
1	1	-1	0	86		0
1	245	-1	0	86		0
1	213	1	10	86		1
1	79	-1	0	86		0
1	10	-1	0	86		0
1	1	-1	0	86		0
1	245	-1	0	86		0
1	213	1	14	86	0062	1
1	79	-1	0	86		0
1	14	-1	0	86		0
1	1	-1	0	86		0
1	245	-1	0	86		0
1	213	1	8	86		0
1	79	-1	0	86		0
1	8	-1	0	86		0
1	1	-1	0	86		0
1	245	-1	0	86		0
1	213	1	8	86		0
1	79	-1	0	86		0
1	8	-1	0	86		0
1	1	-1	0	86		0
1	245	-1	0	86		0
1	213	1	79	86		0
1	79	-1	0	86		0
1	79	-1	0	86		0
1	1	-1	0	86		0
1	245	-1	0	86		0
1	213	1	79	86		0
1	79	-1	0	86		0
1	218	-1	0	86		0
1	218	-1	0	86		0
1	79	-1	0	86		0
1	1	-1	0	86		0
1	245	-1	0	86		0
1	213	1	10	86	0062	1
1	79	-1	0	86		0
1	218	-1	0	86		0
1	218	-1	0	86		0
1	10	-1	0	86		0
1	1	-1	0	86		0
1	245	-1	0	86		0
1	213	1	8	86		0
1	79	-1	0	86		0
1	218	-1	0	86		0
1	218	-1	0	86		0
1	8	-1	0	86		0
1	1	-1	0	86		0
1	245	-1	0	86		0
1	212	1	80	86	00230070007200690076006100740065	1
1	79	-1	0	86		0
1	80	-1	0	86		0
1	1	-1	0	86		0
1	245	-1	0	86		0
1	213	1	80	86	00230070007200690076006100740065	1
1	79	-1	0	86		0
1	80	-1	0	86		0
1	1	-1	0	86		0
1	245	-1	0	86		0
1	213	1	10	86	d83dde00	1
1	79	-1	0	86		0
1	10	-1	0	86		0
1	1	-1	0	86		0
1	245	-1	0	86		0
1	213	1	10	86	00610062	1
1	79	-1	0	86		0
1	10	-1	0	86		0
1	1	-1	0	86		0
1	245	-1	0	86		0
1	213	1	10	86	0061000a	1
1	79	-1	0	86		0
1	10	-1	0	86		0
1	1	-1	0	86		0
1	245	-1	0	86		0
1	213	1	111	86		0
1	79	-1	0	86		0
1	111	-1	0	86		0
1	1	-1	0	86		0
1	245	-1	0	86		0
1	213	1	9	86		0
1	79	-1	0	86		0
1	9	-1	0	86		0
1	1	-1	0	86		0
1	245	-1	0	86		0
1	213	1	227	86		0
1	79	-1	0	86		0
1	227	-1	0	86		0
1	79	-1	0	86		0
1	39	-1	0	86		0
1	10	-1	0	86		0
1	1	-1	0	86		0
1	245	-1	0	86		0
1	212	1	79	86		0
1	79	-1	0	86		0
1	28	-1	0	86		0
1	79	-1	0	86		0
1	1	-1	0	86		0
1	245	-1	0	86		0
1	213	1	10	86	0062	1
1	79	-1	0	86		0
1	28	-1	0	86		0
1	10	-1	0	86		0
1	1	-1	0	86		0
1	245	-1	0	86		0
1	218	-1	0	86		0
1	212	1	79	86		0
1	79	-1	0	86		0
1	79	-1	0	86		0
1	1	-1	0	86		0
1	245	-1	0	86		0
1	214	-1	0	86		0
1	79	-1	0	86		0
1	1	-1	0	86		0
1	245	-1	0	86		0
1	213	1	229	86		0
1	79	-1	0	86		0
1	229	-1	0	86		0
1	15	-1	0	86		0
1	240	-1	0	86		0
1	79	-1	0	86		0
1	17	-1	0	86		0
1	1	-1	0	86		0
0	0	-1	0	87		0
1	245	-1	0	87		0
1	212	1	79	87	0062	1
1	79	-1	0	87		0
1	79	-1	0	87		0
1	1	-1	0	87		0
1	245	-1	0	87		0
1	213	1	10	87	0062	1
1	79	-1	0	87		0
1	10	-1	0	87		0
1	1	-1	0	87		0
1	245	-1	0	87		0
1	213	1	10	87		1
1	79	-1	0	87		0
1	10	-1	0	87		0
1	1	-1	0	87		0
1	245	-1	0	87		0
1	213	1	14	87	0062	1
1	79	-1	0	87		0
1	14	-1	0	87		0
1	1	-1	0	87		0
1	245	-1	0	87		0
1	213	1	8	87		0
1	79	-1	0	87		0
1	8	-1	0	87		0
1	1	-1	0	87		0
1	245	-1	0	87		0
1	213	1	8	87		0
1	79	-1	0	87		0
1	8	-1	0	87		0
1	1	-1	0	87		0
1	245	-1	0	87		0
1	213	1	79	87	007600610072006900610062006c0065	1
1	79	-1	0	87		0
1	79	-1	0	87		0
1	1	-1	0	87		0
1	245	-1	0	87		0
1	213	1	79	87	007600610072006900610062006c0065	1
1	79	-1	0	87		0
1	218	-1	0	87		0
1	218	-1	0	87		0
1	79	-1	0	87		0
1	1	-1	0	87		0
1	245	-1	0	87		0
1	213	1	10	87	0062	1
1	79	-1	0	87		0
1	218	-1	0	87		0
1	218	-1	0	87		0
1	10	-1	0	87		0
1	1	-1	0	87		0
1	245	-1	0	87		0
1	213	1	8	87		0
1	79	-1	0	87		0
1	218	-1	0	87		0
1	218	-1	0	87		0
1	8	-1	0	87		0
1	1	-1	0	87		0
1	245	-1	0	87		0
1	212	1	80	87	00230070007200690076006100740065	1
1	79	-1	0	87		0
1	80	-1	0	87		0
1	1	-1	0	87		0
1	245	-1	0	87		0
1	213	1	80	87	00230070007200690076006100740065	1
1	79	-1	0	87		0
1	80	-1	0	87		0
1	1	-1	0	87		0
1	245	-1	0	87		0
1	213	1	10	87	d83dde00	1
1	79	-1	0	87		0
1	10	-1	0	87		0
1	1	-1	0	87		0
1	245	-1	0	87		0
1	213	1	10	87	00610062	1
1	79	-1	0	87		0
1	10	-1	0	87		0
1	1	-1	0	87		0
1	245	-1	0	87		0
1	213	1	10	87	0061000a	1
1	79	-1	0	87		0
1	10	-1	0	87		0
1	1	-1	0	87		0
1	245	-1	0	87		0
1	213	1	111	87		0
1	79	-1	0	87		0
1	111	-1	0	87		0
1	1	-1	0	87		0
1	245	-1	0	87		0
1	213	1	9	87		0
1	79	-1	0	87		0
1	9	-1	0	87		0
1	1	-1	0	87		0
1	245	-1	0	87		0
1	213	1	227	87		0
1	79	-1	0	87		0
1	227	-1	0	87		0
1	79	-1	0	87		0
1	39	-1	0	87		0
1	10	-1	0	87		0
1	1	-1	0	87		0
1	245	-1	0	87		0
1	212	1	79	87	0062	1
1	79	-1	0	87		0
1	28	-1	0	87		0
1	79	-1	0	87		0
1	1	-1	0	87		0
1	245	-1	0	87		0
1	213	1	10	87	0062	1
1	79	-1	0	87		0
1	28	-1	0	87		0
1	10	-1	0	87		0
1	1	-1	0	87		0
1	245	-1	0	87		0
1	218	-1	0	87		0
1	212	1	79	87	0062	1
1	79	-1	0	87		0
1	79	-1	0	87		0
1	1	-1	0	87		0
1	245	-1	0	87		0
1	214	-1	0	87		0
1	79	-1	0	87		0
1	1	-1	0	87		0
1	245	-1	0	87		0
1	213	1	229	87		0
1	79	-1	0	87		0
1	229	-1	0	87		0
1	15	-1	0	87		0
1	240	-1	0	87		0
1	79	-1	0	87		0
1	17	-1	0	87		0
1	1	-1	0	87		0
0	0	-1	0	88		0
1	245	-1	0	88		0
1	212	1	79	88		0
1	79	-1	0	88		0
1	79	-1	0	88		0
1	1	-1	0	88		0
1	245	-1	0	88		0
1	213	1	10	88		0
1	79	-1	0	88		0
1	10	-1	0	88		0
1	1	-1	0	88		0
1	245	-1	0	88		0
1	213	1	10	88		0
1	79	-1	0	88		0
1	10	-1	0	88		0
1	1	-1	0	88		0
1	245	-1	0	88		0
1	213	1	14	88		0
1	79	-1	0	88		0
1	14	-1	0	88		0
1	1	-1	0	88		0
1	245	-1	0	88		0
1	213	1	8	88	00310036	1
1	79	-1	0	88		0
1	8	-1	0	88		0
1	1	-1	0	88		0
1	245	-1	0	88		0
1	213	1	8	88	00310030	1
1	79	-1	0	88		0
1	8	-1	0	88		0
1	1	-1	0	88		0
1	245	-1	0	88		0
1	213	1	79	88		0
1	79	-1	0	88		0
1	79	-1	0	88		0
1	1	-1	0	88		0
1	245	-1	0	88		0
1	213	1	79	88		0
1	79	-1	0	88		0
1	218	-1	0	88		0
1	218	-1	0	88		0
1	79	-1	0	88		0
1	1	-1	0	88		0
1	245	-1	0	88		0
1	213	1	10	88		0
1	79	-1	0	88		0
1	218	-1	0	88		0
1	218	-1	0	88		0
1	10	-1	0	88		0
1	1	-1	0	88		0
1	245	-1	0	88		0
1	213	1	8	88	0030	1
1	79	-1	0	88		0
1	218	-1	0	88		0
1	218	-1	0	88		0
1	8	-1	0	88		0
1	1	-1	0	88		0
1	245	-1	0	88		0
1	212	1	80	88	00230070007200690076006100740065	1
1	79	-1	0	88		0
1	80	-1	0	88		0
1	1	-1	0	88		0
1	245	-1	0	88		0
1	213	1	80	88	00230070007200690076006100740065	1
1	79	-1	0	88		0
1	80	-1	0	88		0
1	1	-1	0	88		0
1	245	-1	0	88		0
1	213	1	10	88		0
1	79	-1	0	88		0
1	10	-1	0	88		0
1	1	-1	0	88		0
1	245	-1	0	88		0
1	213	1	10	88		0
1	79	-1	0	88		0
1	10	-1	0	88		0
1	1	-1	0	88		0
1	245	-1	0	88		0
1	213	1	10	88		0
1	79	-1	0	88		0
1	10	-1	0	88		0
1	1	-1	0	88		0
1	245	-1	0	88		0
1	213	1	111	88		0
1	79	-1	0	88		0
1	111	-1	0	88		0
1	1	-1	0	88		0
1	245	-1	0	88		0
1	213	1	9	88		0
1	79	-1	0	88		0
1	9	-1	0	88		0
1	1	-1	0	88		0
1	245	-1	0	88		0
1	213	1	227	88		0
1	79	-1	0	88		0
1	227	-1	0	88		0
1	79	-1	0	88		0
1	39	-1	0	88		0
1	10	-1	0	88		0
1	1	-1	0	88		0
1	245	-1	0	88		0
1	212	1	79	88		0
1	79	-1	0	88		0
1	28	-1	0	88		0
1	79	-1	0	88		0
1	1	-1	0	88		0
1	245	-1	0	88		0
1	213	1	10	88		0
1	79	-1	0	88		0
1	28	-1	0	88		0
1	10	-1	0	88		0
1	1	-1	0	88		0
1	245	-1	0	88		0
1	218	-1	0	88		0
1	212	1	79	88		0
1	79	-1	0	88		0
1	79	-1	0	88		0
1	1	-1	0	88		0
1	245	-1	0	88		0
1	214	-1	0	88		0
1	79	-1	0	88		0
1	1	-1	0	88		0
1	245	-1	0	88		0
1	213	1	229	88		0
1	79	-1	0	88		0
1	229	-1	0	88		0
1	15	-1	0	88		0
1	240	-1	0	88		0
1	79	-1	0	88		0
1	17	-1	0	88		0
1	1	-1	0	88		0
0	0	-1	0	89		0
1	245	-1	0	89		0
1	212	1	79	89	0062	1
1	79	-1	0	89		0
1	79	-1	0	89		0
1	1	-1	0	89		0
1	245	-1	0	89		0
1	213	1	10	89		0
1	79	-1	0	89		0
1	10	-1	0	89		0
1	1	-1	0	89		0
1	245	-1	0	89		0
1	213	1	10	89		0
1	79	-1	0	89		0
1	10	-1	0	89		0
1	1	-1	0	89		0
1	245	-1	0	89		0
1	213	1	14	89		0
1	79	-1	0	89		0
1	14	-1	0	89		0
1	1	-1	0	89		0
1	245	-1	0	89		0
1	213	1	8	89	00310036	1
1	79	-1	0	89		0
1	8	-1	0	89		0
1	1	-1	0	89		0
1	245	-1	0	89		0
1	213	1	8	89	00310030	1
1	79	-1	0	89		0
1	8	-1	0	89		0
1	1	-1	0	89		0
1	245	-1	0	89		0
1	213	1	79	89	007600610072006900610062006c0065	1
1	79	-1	0	89		0
1	79	-1	0	89		0
1	1	-1	0	89		0
1	245	-1	0	89		0
1	213	1	79	89	007600610072006900610062006c0065	1
1	79	-1	0	89		0
1	218	-1	0	89		0
1	218	-1	0	89		0
1	79	-1	0	89		0
1	1	-1	0	89		0
1	245	-1	0	89		0
1	213	1	10	89		0
1	79	-1	0	89		0
1	218	-1	0	89		0
1	218	-1	0	89		0
1	10	-1	0	89		0
1	1	-1	0	89		0
1	245	-1	0	89		0
1	213	1	8	89	0030	1
1	79	-1	0	89		0
1	218	-1	0	89		0
1	218	-1	0	89		0
1	8	-1	0	89		0
1	1	-1	0	89		0
1	245	-1	0	89		0
1	212	1	80	89	00230070007200690076006100740065	1
1	79	-1	0	89		0
1	80	-1	0	89		0
1	1	-1	0	89		0
1	245	-1	0	89		0
1	213	1	80	89	00230070007200690076006100740065	1
1	79	-1	0	89		0
1	80	-1	0	89		0
1	1	-1	0	89		0
1	245	-1	0	89		0
1	213	1	10	89		0
1	79	-1	0	89		0
1	10	-1	0	89		0
1	1	-1	0	89		0
1	245	-1	0	89		0
1	213	1	10	89		0
1	79	-1	0	89		0
1	10	-1	0	89		0
1	1	-1	0	89		0
1	245	-1	0	89		0
1	213	1	10	89		0
1	79	-1	0	89		0
1	10	-1	0	89		0
1	1	-1	0	89		0
1	245	-1	0	89		0
1	213	1	111	89		0
1	79	-1	0	89		0
1	111	-1	0	89		0
1	1	-1	0	89		0
1	245	-1	0	89		0
1	213	1	9	89		0
1	79	-1	0	89		0
1	9	-1	0	89		0
1	1	-1	0	89		0
1	245	-1	0	89		0
1	213	1	227	89		0
1	79	-1	0	89		0
1	227	-1	0	89		0
1	79	-1	0	89		0
1	39	-1	0	89		0
1	10	-1	0	89		0
1	1	-1	0	89		0
1	245	-1	0	89		0
1	212	1	79	89	0062	1
1	79	-1	0	89		0
1	28	-1	0	89		0
1	79	-1	0	89		0
1	1	-1	0	89		0
1	245	-1	0	89		0
1	213	1	10	89		0
1	79	-1	0	89		0
1	28	-1	0	89		0
1	10	-1	0	89		0
1	1	-1	0	89		0
1	245	-1	0	89		0
1	218	-1	0	89		0
1	212	1	79	89	0062	1
1	79	-1	0	89		0
1	79	-1	0	89		0
1	1	-1	0	89		0
1	245	-1	0	89		0
1	214	-1	0	89		0
1	79	-1	0	89		0
1	1	-1	0	89		0
1	245	-1	0	89		0
1	213	1	229	89		0
1	79	-1	0	89		0
1	229	-1	0	89		0
1	15	-1	0	89		0
1	240	-1	0	89		0
1	79	-1	0	89		0
1	17	-1	0	89		0
1	1	-1	0	89		0
0	0	-1	0	90		0
1	245	-1	0	90		0
1	212	1	79	90		0
1	79	-1	0	90		0
1	79	-1	0	90		0
1	1	-1	0	90		0
1	245	-1	0	90		0
1	213	1	10	90	0062	1
1	79	-1	0	90		0
1	10	-1	0	90		0
1	1	-1	0	90		0
1	245	-1	0	90		0
1	213	1	10	90		1
1	79	-1	0	90		0
1	10	-1	0	90		0
1	1	-1	0	90		0
1	245	-1	0	90		0
1	213	1	14	90		0
1	79	-1	0	90		0
1	14	-1	0	90		0
1	1	-1	0	90		0
1	245	-1	0	90		0
1	213	1	8	90	00310036	1
1	79	-1	0	90		0
1	8	-1	0	90		0
1	1	-1	0	90		0
1	245	-1	0	90		0
1	213	1	8	90	00310030	1
1	79	-1	0	90		0
1	8	-1	0	90		0
1	1	-1	0	90		0
1	245	-1	0	90		0
1	213	1	79	90		0
1	79	-1	0	90		0
1	79	-1	0	90		0
1	1	-1	0	90		0
1	245	-1	0	90		0
1	213	1	79	90		0
1	79	-1	0	90		0
1	218	-1	0	90		0
1	218	-1	0	90		0
1	79	-1	0	90		0
1	1	-1	0	90		0
1	245	-1	0	90		0
1	213	1	10	90	0062	1
1	79	-1	0	90		0
1	218	-1	0	90		0
1	218	-1	0	90		0
1	10	-1	0	90		0
1	1	-1	0	90		0
1	245	-1	0	90		0
1	213	1	8	90	0030	1
1	79	-1	0	90		0
1	218	-1	0	90		0
1	218	-1	0	90		0
1	8	-1	0	90		0
1	1	-1	0	90		0
1	245	-1	0	90		0
1	212	1	80	90	00230070007200690076006100740065	1
1	79	-1	0	90		0
1	80	-1	0	90		0
1	1	-1	0	90		0
1	245	-1	0	90		0
1	213	1	80	90	00230070007200690076006100740065	1
1	79	-1	0	90		0
1	80	-1	0	90		0
1	1	-1	0	90		0
1	245	-1	0	90		0
1	213	1	10	90	d83dde00	1
1	79	-1	0	90		0
1	10	-1	0	90		0
1	1	-1	0	90		0
1	245	-1	0	90		0
1	213	1	10	90	00610062	1
1	79	-1	0	90		0
1	10	-1	0	90		0
1	1	-1	0	90		0
1	245	-1	0	90		0
1	213	1	10	90	0061000a	1
1	79	-1	0	90		0
1	10	-1	0	90		0
1	1	-1	0	90		0
1	245	-1	0	90		0
1	213	1	111	90		0
1	79	-1	0	90		0
1	111	-1	0	90		0
1	1	-1	0	90		0
1	245	-1	0	90		0
1	213	1	9	90		0
1	79	-1	0	90		0
1	9	-1	0	90		0
1	1	-1	0	90		0
1	245	-1	0	90		0
1	213	1	227	90		0
1	79	-1	0	90		0
1	227	-1	0	90		0
1	79	-1	0	90		0
1	39	-1	0	90		0
1	10	-1	0	90		0
1	1	-1	0	90		0
1	245	-1	0	90		0
1	212	1	79	90		0
1	79	-1	0	90		0
1	28	-1	0	90		0
1	79	-1	0	90		0
1	1	-1	0	90		0
1	245	-1	0	90		0
1	213	1	10	90	0062	1
1	79	-1	0	90		0
1	28	-1	0	90		0
1	10	-1	0	90		0
1	1	-1	0	90		0
1	245	-1	0	90		0
1	218	-1	0	90		0
1	212	1	79	90		0
1	79	-1	0	90		0
1	79	-1	0	90		0
1	1	-1	0	90		0
1	245	-1	0	90		0
1	214	-1	0	90		0
1	79	-1	0	90		0
1	1	-1	0	90		0
1	245	-1	0	90		0
1	213	1	229	90		0
1	79	-1	0	90		0
1	229	-1	0	90		0
1	15	-1	0	90		0
1	240	-1	0	90		0
1	79	-1	0	90		0
1	17	-1	0	90		0
1	1	-1	0	90		0
0	0	-1	0	91		0
1	245	-1	0	91		0
1	212	1	79	91	0062	1
1	79	-1	0	91		0
1	79	-1	0	91		0
1	1	-1	0	91		0
1	245	-1	0	91		0
1	213	1	10	91	0062	1
1	79	-1	0	91		0
1	10	-1	0	91		0
1	1	-1	0	91		0
1	245	-1	0	91		0
1	213	1	10	91		1
1	79	-1	0	91		0
1	10	-1	0	91		0
1	1	-1	0	91		0
1	245	-1	0	91		0
1	213	1	14	91		0
1	79	-1	0	91		0
1	14	-1	0	91		0
1	1	-1	0	91		0
1	245	-1	0	91		0
1	213	1	8	91	00310036	1
1	79	-1	0	91		0
1	8	-1	0	91		0
1	1	-1	0	91		0
1	245	-1	0	91		0
1	213	1	8	91	00310030	1
1	79	-1	0	91		0
1	8	-1	0	91		0
1	1	-1	0	91		0
1	245	-1	0	91		0
1	213	1	79	91	007600610072006900610062006c0065	1
1	79	-1	0	91		0
1	79	-1	0	91		0
1	1	-1	0	91		0
1	245	-1	0	91		0
1	213	1	79	91	007600610072006900610062006c0065	1
1	79	-1	0	91		0
1	218	-1	0	91		0
1	218	-1	0	91		0
1	79	-1	0	91		0
1	1	-1	0	91		0
1	245	-1	0	91		0
1	213	1	10	91	0062	1
1	79	-1	0	91		0
1	218	-1	0	91		0
1	218	-1	0	91		0
1	10	-1	0	91		0
1	1	-1	0	91		0
1	245	-1	0	91		0
1	213	1	8	91	0030	1
1	79	-1	0	91		0
1	218	-1	0	91		0
1	218	-1	0	91		0
1	8	-1	0	91		0
1	1	-1	0	91		0
1	245	-1	0	91		0
1	212	1	80	91	00230070007200690076006100740065	1
1	79	-1	0	91		0
1	80	-1	0	91		0
1	1	-1	0	91		0
1	245	-1	0	91		0
1	213	1	80	91	00230070007200690076006100740065	1
1	79	-1	0	91		0
1	80	-1	0	91		0
1	1	-1	0	91		0
1	245	-1	0	91		0
1	213	1	10	91	d83dde00	1
1	79	-1	0	91		0
1	10	-1	0	91		0
1	1	-1	0	91		0
1	245	-1	0	91		0
1	213	1	10	91	00610062	1
1	79	-1	0	91		0
1	10	-1	0	91		0
1	1	-1	0	91		0
1	245	-1	0	91		0
1	213	1	10	91	0061000a	1
1	79	-1	0	91		0
1	10	-1	0	91		0
1	1	-1	0	91		0
1	245	-1	0	91		0
1	213	1	111	91		0
1	79	-1	0	91		0
1	111	-1	0	91		0
1	1	-1	0	91		0
1	245	-1	0	91		0
1	213	1	9	91		0
1	79	-1	0	91		0
1	9	-1	0	91		0
1	1	-1	0	91		0
1	245	-1	0	91		0
1	213	1	227	91		0
1	79	-1	0	91		0
1	227	-1	0	91		0
1	79	-1	0	91		0
1	39	-1	0	91		0
1	10	-1	0	91		0
1	1	-1	0	91		0
1	245	-1	0	91		0
1	212	1	79	91	0062	1
1	79	-1	0	91		0
1	28	-1	0	91		0
1	79	-1	0	91		0
1	1	-1	0	91		0
1	245	-1	0	91		0
1	213	1	10	91	0062	1
1	79	-1	0	91		0
1	28	-1	0	91		0
1	10	-1	0	91		0
1	1	-1	0	91		0
1	245	-1	0	91		0
1	218	-1	0	91		0
1	212	1	79	91	0062	1
1	79	-1	0	91		0
1	79	-1	0	91		0
1	1	-1	0	91		0
1	245	-1	0	91		0
1	214	-1	0	91		0
1	79	-1	0	91		0
1	1	-1	0	91		0
1	245	-1	0	91		0
1	213	1	229	91		0
1	79	-1	0	91		0
1	229	-1	0	91		0
1	15	-1	0	91		0
1	240	-1	0	91		0
1	79	-1	0	91		0
1	17	-1	0	91		0
1	1	-1	0	91		0
0	0	-1	0	92		0
1	245	-1	0	92		0
1	212	1	79	92		0
1	79	-1	0	92		0
1	79	-1	0	92		0
1	1	-1	0	92		0
1	245	-1	0	92		0
1	213	1	10	92		0
1	79	-1	0	92		0
1	10	-1	0	92		0
1	1	-1	0	92		0
1	245	-1	0	92		0
1	213	1	10	92		0
1	79	-1	0	92		0
1	10	-1	0	92		0
1	1	-1	0	92		0
1	245	-1	0	92		0
1	213	1	14	92	0062	1
1	79	-1	0	92		0
1	14	-1	0	92		0
1	1	-1	0	92		0
1	245	-1	0	92		0
1	213	1	8	92	00310036	1
1	79	-1	0	92		0
1	8	-1	0	92		0
1	1	-1	0	92		0
1	245	-1	0	92		0
1	213	1	8	92	00310030	1
1	79	-1	0	92		0
1	8	-1	0	92		0
1	1	-1	0	92		0
1	245	-1	0	92		0
1	213	1	79	92		0
1	79	-1	0	92		0
1	79	-1	0	92		0
1	1	-1	0	92		0
1	245	-1	0	92		0
1	213	1	79	92		0
1	79	-1	0	92		0
1	218	-1	0	92		0
1	218	-1	0	92		0
1	79	-1	0	92		0
1	1	-1	0	92		0
1	245	-1	0	92		0
1	213	1	10	92		0
1	79	-1	0	92		0
1	218	-1	0	92		0
1	218	-1	0	92		0
1	10	-1	0	92		0
1	1	-1	0	92		0
1	245	-1	0	92		0
1	213	1	8	92	0030	1
1	79	-1	0	92		0
1	218	-1	0	92		0
1	218	-1	0	92		0
1	8	-1	0	92		0
1	1	-1	0	92		0
1	245	-1	0	92		0
1	212	1	80	92	00230070007200690076006100740065	1
1	79	-1	0	92		0
1	80	-1	0	92		0
1	1	-1	0	92		0
1	245	-1	0	92		0
1	213	1	80	92	00230070007200690076006100740065	1
1	79	-1	0	92		0
1	80	-1	0	92		0
1	1	-1	0	92		0
1	245	-1	0	92		0
1	213	1	10	92		0
1	79	-1	0	92		0
1	10	-1	0	92		0
1	1	-1	0	92		0
1	245	-1	0	92		0
1	213	1	10	92		0
1	79	-1	0	92		0
1	10	-1	0	92		0
1	1	-1	0	92		0
1	245	-1	0	92		0
1	213	1	10	92		0
1	79	-1	0	92		0
1	10	-1	0	92		0
1	1	-1	0	92		0
1	245	-1	0	92		0
1	213	1	111	92		0
1	79	-1	0	92		0
1	111	-1	0	92		0
1	1	-1	0	92		0
1	245	-1	0	92		0
1	213	1	9	92		0
1	79	-1	0	92		0
1	9	-1	0	92		0
1	1	-1	0	92		0
1	245	-1	0	92		0
1	213	1	227	92		0
1	79	-1	0	92		0
1	227	-1	0	92		0
1	79	-1	0	92		0
1	39	-1	0	92		0
1	10	-1	0	92		0
1	1	-1	0	92		0
1	245	-1	0	92		0
1	212	1	79	92		0
1	79	-1	0	92		0
1	28	-1	0	92		0
1	79	-1	0	92		0
1	1	-1	0	92		0
1	245	-1	0	92		0
1	213	1	10	92		0
1	79	-1	0	92		0
1	28	-1	0	92		0
1	10	-1	0	92		0
1	1	-1	0	92		0
1	245	-1	0	92		0
1	218	-1	0	92		0
1	212	1	79	92		0
1	79	-1	0	92		0
1	79	-1	0	92		0
1	1	-1	0	92		0
1	245	-1	0	92		0
1	214	-1	0	92		0
1	79	-1	0	92		0
1	1	-1	0	92		0
1	245	-1	0	92		0
1	213	1	229	92		0
1	79	-1	0	92		0
1	229	-1	0	92		0
1	15	-1	0	92		0
1	240	-1	0	92		0
1	79	-1	0	92		0
1	17	-1	0	92		0
1	1	-1	0	92		0
0	0	-1	0	93		0
1	245	-1	0	93		0
1	212	1	79	93	0062	1
1	79	-1	0	93		0
1	79	-1	0	93		0
1	1	-1	0	93		0
1	245	-1	0	93		0
1	213	1	10	93		0
1	79	-1	0	93		0
1	10	-1	0	93		0
1	1	-1	0	93		0
1	245	-1	0	93		0
1	213	1	10	93		0
1	79	-1	0	93		0
1	10	-1	0	93		0
1	1	-1	0	93		0
1	245	-1	0	93		0
1	213	1	14	93	0062	1
1	79	-1	0	93		0
1	14	-1	0	93		0
1	1	-1	0	93		0
1	245	-1	0	93		0
1	213	1	8	93	00310036	1
1	79	-1	0	93		0
1	8	-1	0	93		0
1	1	-1	0	93		0
1	245	-1	0	93		0
1	213	1	8	93	00310030	1
1	79	-1	0	93		0
1	8	-1	0	93		0
1	1	-1	0	93		0
1	245	-1	0	93		0
1	213	1	79	93	007600610072006900610062006c0065	1
1	79	-1	0	93		0
1	79	-1	0	93		0
1	1	-1	0	93		0
1	245	-1	0	93		0
1	213	1	79	93	007600610072006900610062006c0065	1
1	79	-1	0	93		0
1	218	-1	0	93		0
1	218	-1	0	93		0
1	79	-1	0	93		0
1	1	-1	0	93		0
1	245	-1	0	93		0
1	213	1	10	93		0
1	79	-1	0	93		0
1	218	-1	0	93		0
1	218	-1	0	93		0
1	10	-1	0	93		0
1	1	-1	0	93		0
1	245	-1	0	93		0
1	213	1	8	93	0030	1
1	79	-1	0	93		0
1	218	-1	0	93		0
1	218	-1	0	93		0
1	8	-1	0	93		0
1	1	-1	0	93		0
1	245	-1	0	93		0
1	212	1	80	93	00230070007200690076006100740065	1
1	79	-1	0	93		0
1	80	-1	0	93		0
1	1	-1	0	93		0
1	245	-1	0	93		0
1	213	1	80	93	00230070007200690076006100740065	1
1	79	-1	0	93		0
1	80	-1	0	93		0
1	1	-1	0	93		0
1	245	-1	0	93		0
1	213	1	10	93		0
1	79	-1	0	93		0
1	10	-1	0	93		0
1	1	-1	0	93		0
1	245	-1	0	93		0
1	213	1	10	93		0
1	79	-1	0	93		0
1	10	-1	0	93		0
1	1	-1	0	93		0
1	245	-1	0	93		0
1	213	1	10	93		0
1	79	-1	0	93		0
1	10	-1	0	93		0
1	1	-1	0	93		0
1	245	-1	0	93		0
1	213	1	111	93		0
1	79	-1	0	93		0
1	111	-1	0	93		0
1	1	-1	0	93		0
1	245	-1	0	93		0
1	213	1	9	93		0
1	79	-1	0	93		0
1	9	-1	0	93		0
1	1	-1	0	93		0
1	245	-1	0	93		0
1	213	1	227	93		0
1	79	-1	0	93		0
1	227	-1	0	93		0
1	79	-1	0	93		0
1	39	-1	0	93		0
1	10	-1	0	93		0
1	1	-1	0	93		0
1	245	-1	0	93		0
1	212	1	79	93	0062	1
1	79	-1	0	93		0
1	28	-1	0	93		0
1	79	-1	0	93		0
1	1	-1	0	93		0
1	245	-1	0	93		0
1	213	1	10	93		0
1	79	-1	0	93		0
1	28	-1	0	93		0
1	10	-1	0	93		0
1	1	-1	0	93		0
1	245	-1	0	93		0
1	218	-1	0	93		0
1	212	1	79	93	0062	1
1	79	-1	0	93		0
1	79	-1	0	93		0
1	1	-1	0	93		0
1	245	-1	0	93		0
1	214	-1	0	93		0
1	79	-1	0	93		0
1	1	-1	0	93		0
1	245	-1	0	93		0
1	213	1	229	93		0
1	79	-1	0	93		0
1	229	-1	0	93		0
1	15	-1	0	93		0
1	240	-1	0	93		0
1	79	-1	0	93		0
1	17	-1	0	93		0
1	1	-1	0	93		0
0	0	-1	0	94		0
1	245	-1	0	94		0
1	212	1	79	94		0
1	79	-1	0	94		0
1	79	-1	0	94		0
1	1	-1	0	94		0
1	245	-1	0	94		0
1	213	1	10	94	0062	1
1	79	-1	0	94		0
1	10	-1	0	94		0
1	1	-1	0	94		0
1	245	-1	0	94		0
1	213	1	10	94		1
1	79	-1	0	94		0
1	10	-1	0	94		0
1	1	-1	0	94		0
1	245	-1	0	94		0
1	213	1	14	94	0062	1
1	79	-1	0	94		0
1	14	-1	0	94		0
1	1	-1	0	94		0
1	245	-1	0	94		0
1	213	1	8	94	00310036	1
1	79	-1	0	94		0
1	8	-1	0	94		0
1	1	-1	0	94		0
1	245	-1	0	94		0
1	213	1	8	94	00310030	1
1	79	-1	0	94		0
1	8	-1	0	94		0
1	1	-1	0	94		0
1	245	-1	0	94		0
1	213	1	79	94		0
1	79	-1	0	94		0
1	79	-1	0	94		0
1	1	-1	0	94		0
1	245	-1	0	94		0
1	213	1	79	94		0
1	79	-1	0	94		0
1	218	-1	0	94		0
1	218	-1	0	94		0
1	79	-1	0	94		0
1	1	-1	0	94		0
1	245	-1	0	94		0
1	213	1	10	94	0062	1
1	79	-1	0	94		0
1	218	-1	0	94		0
1	218	-1	0	94		0
1	10	-1	0	94		0
1	1	-1	0	94		0
1	245	-1	0	94		0
1	213	1	8	94	0030	1
1	79	-1	0	94		0
1	218	-1	0	94		0
1	218	-1	0	94		0
1	8	-1	0	94		0
1	1	-1	0	94		0
1	245	-1	0	94		0
1	212	1	80	94	00230070007200690076006100740065	1
1	79	-1	0	94		0
1	80	-1	0	94		0
1	1	-1	0	94		0
1	245	-1	0	94		0
1	213	1	80	94	00230070007200690076006100740065	1
1	79	-1	0	94		0
1	80	-1	0	94		0
1	1	-1	0	94		0
1	245	-1	0	94		0
1	213	1	10	94	d83dde00	1
1	79	-1	0	94		0
1	10	-1	0	94		0
1	1	-1	0	94		0
1	245	-1	0	94		0
1	213	1	10	94	00610062	1
1	79	-1	0	94		0
1	10	-1	0	94		0
1	1	-1	0	94		0
1	245	-1	0	94		0
1	213	1	10	94	0061000a	1
1	79	-1	0	94		0
1	10	-1	0	94		0
1	1	-1	0	94		0
1	245	-1	0	94		0
1	213	1	111	94		0
1	79	-1	0	94		0
1	111	-1	0	94		0
1	1	-1	0	94		0
1	245	-1	0	94		0
1	213	1	9	94		0
1	79	-1	0	94		0
1	9	-1	0	94		0
1	1	-1	0	94		0
1	245	-1	0	94		0
1	213	1	227	94		0
1	79	-1	0	94		0
1	227	-1	0	94		0
1	79	-1	0	94		0
1	39	-1	0	94		0
1	10	-1	0	94		0
1	1	-1	0	94		0
1	245	-1	0	94		0
1	212	1	79	94		0
1	79	-1	0	94		0
1	28	-1	0	94		0
1	79	-1	0	94		0
1	1	-1	0	94		0
1	245	-1	0	94		0
1	213	1	10	94	0062	1
1	79	-1	0	94		0
1	28	-1	0	94		0
1	10	-1	0	94		0
1	1	-1	0	94		0
1	245	-1	0	94		0
1	218	-1	0	94		0
1	212	1	79	94		0
1	79	-1	0	94		0
1	79	-1	0	94		0
1	1	-1	0	94		0
1	245	-1	0	94		0
1	214	-1	0	94		0
1	79	-1	0	94		0
1	1	-1	0	94		0
1	245	-1	0	94		0
1	213	1	229	94		0
1	79	-1	0	94		0
1	229	-1	0	94		0
1	15	-1	0	94		0
1	240	-1	0	94		0
1	79	-1	0	94		0
1	17	-1	0	94		0
1	1	-1	0	94		0
0	0	-1	0	95		0
1	245	-1	0	95		0
1	212	1	79	95	0062	1
1	79	-1	0	95		0
1	79	-1	0	95		0
1	1	-1	0	95		0
1	245	-1	0	95		0
1	213	1	10	95	0062	1
1	79	-1	0	95		0
1	10	-1	0	95		0
1	1	-1	0	95		0
1	245	-1	0	95		0
1	213	1	10	95		1
1	79	-1	0	95		0
1	10	-1	0	95		0
1	1	-1	0	95		0
1	245	-1	0	95		0
1	213	1	14	95	0062	1
1	79	-1	0	95		0
1	14	-1	0	95		0
1	1	-1	0	95		0
1	245	-1	0	95		0
1	213	1	8	95	00310036	1
1	79	-1	0	95		0
1	8	-1	0	95		0
1	1	-1	0	95		0
1	245	-1	0	95		0
1	213	1	8	95	00310030	1
1	79	-1	0	95		0
1	8	-1	0	95		0
1	1	-1	0	95		0
1	245	-1	0	95		0
1	213	1	79	95	007600610072006900610062006c0065	1
1	79	-1	0	95		0
1	79	-1	0	95		0
1	1	-1	0	95		0
1	245	-1	0	95		0
1	213	1	79	95	007600610072006900610062006c0065	1
1	79	-1	0	95		0
1	218	-1	0	95		0
1	218	-1	0	95		0
1	79	-1	0	95		0
1	1	-1	0	95		0
1	245	-1	0	95		0
1	213	1	10	95	0062	1
1	79	-1	0	95		0
1	218	-1	0	95		0
1	218	-1	0	95		0
1	10	-1	0	95		0
1	1	-1	0	95		0
1	245	-1	0	95		0
1	213	1	8	95	0030	1
1	79	-1	0	95		0
1	218	-1	0	95		0
1	218	-1	0	95		0
1	8	-1	0	95		0
1	1	-1	0	95		0
1	245	-1	0	95		0
1	212	1	80	95	00230070007200690076006100740065	1
1	79	-1	0	95		0
1	80	-1	0	95		0
1	1	-1	0	95		0
1	245	-1	0	95		0
1	213	1	80	95	00230070007200690076006100740065	1
1	79	-1	0	95		0
1	80	-1	0	95		0
1	1	-1	0	95		0
1	245	-1	0	95		0
1	213	1	10	95	d83dde00	1
1	79	-1	0	95		0
1	10	-1	0	95		0
1	1	-1	0	95		0
1	245	-1	0	95		0
1	213	1	10	95	00610062	1
1	79	-1	0	95		0
1	10	-1	0	95		0
1	1	-1	0	95		0
1	245	-1	0	95		0
1	213	1	10	95	0061000a	1
1	79	-1	0	95		0
1	10	-1	0	95		0
1	1	-1	0	95		0
1	245	-1	0	95		0
1	213	1	111	95		0
1	79	-1	0	95		0
1	111	-1	0	95		0
1	1	-1	0	95		0
1	245	-1	0	95		0
1	213	1	9	95		0
1	79	-1	0	95		0
1	9	-1	0	95		0
1	1	-1	0	95		0
1	245	-1	0	95		0
1	213	1	227	95		0
1	79	-1	0	95		0
1	227	-1	0	95		0
1	79	-1	0	95		0
1	39	-1	0	95		0
1	10	-1	0	95		0
1	1	-1	0	95		0
1	245	-1	0	95		0
1	212	1	79	95	0062	1
1	79	-1	0	95		0
1	28	-1	0	95		0
1	79	-1	0	95		0
1	1	-1	0	95		0
1	245	-1	0	95		0
1	213	1	10	95	0062	1
1	79	-1	0	95		0
1	28	-1	0	95		0
1	10	-1	0	95		0
1	1	-1	0	95		0
1	245	-1	0	95		0
1	218	-1	0	95		0
1	212	1	79	95	0062	1
1	79	-1	0	95		0
1	79	-1	0	95		0
1	1	-1	0	95		0
1	245	-1	0	95		0
1	214	-1	0	95		0
1	79	-1	0	95		0
1	1	-1	0	95		0
1	245	-1	0	95		0
1	213	1	229	95		0
1	79	-1	0	95		0
1	229	-1	0	95		0
1	15	-1	0	95		0
1	240	-1	0	95		0
1	79	-1	0	95		0
1	17	-1	0	95		0
1	1	-1	0	95		0
0	0	-1	0	96		0
1	245	-1	0	96		0
1	212	1	79	96		0
1	79	-1	0	96		0
1	79	-1	0	96		0
1	1	-1	0	96		0
1	245	-1	0	96		0
1	213	1	10	96		0
1	79	-1	0	96		0
1	10	-1	0	96		0
1	1	-1	0	96		0
1	245	-1	0	96		0
1	213	1	10	96		0
1	79	-1	0	96		0
1	10	-1	0	96		0
1	1	-1	0	96		0
1	245	-1	0	96		0
1	213	1	14	96		0
1	79	-1	0	96		0
1	14	-1	0	96		0
1	1	-1	0	96		0
1	245	-1	0	96		0
1	213	1	8	96		0
1	79	-1	0	96		0
1	8	-1	0	96		0
1	1	-1	0	96		0
1	245	-1	0	96		0
1	213	1	8	96		0
1	79	-1	0	96		0
1	8	-1	0	96		0
1	1	-1	0	96		0
1	245	-1	0	96		0
1	213	1	79	96		0
1	79	-1	0	96		0
1	79	-1	0	96		0
1	1	-1	0	96		0
1	245	-1	0	96		0
1	213	1	79	96		0
1	79	-1	0	96		0
1	218	-1	0	96		0
1	218	-1	0	96		0
1	79	-1	0	96		0
1	1	-1	0	96		0
1	245	-1	0	96		0
1	213	1	10	96		0
1	79	-1	0	96		0
1	218	-1	0	96		0
1	218	-1	0	96		0
1	10	-1	0	96		0
1	1	-1	0	96		0
1	245	-1	0	96		0
1	213	1	8	96		0
1	79	-1	0	96		0
1	218	-1	0	96		0
1	218	-1	0	96		0
1	8	-1	0	96		0
1	1	-1	0	96		0
1	245	-1	0	96		0
1	212	1	80	96		0
1	79	-1	0	96		0
1	80	-1	0	96		0
1	1	-1	0	96		0
1	245	-1	0	96		0
1	213	1	80	96		0
1	79	-1	0	96		0
1	80	-1	0	96		0
1	1	-1	0	96		0
1	245	-1	0	96		0
1	213	1	10	96		0
1	79	-1	0	96		0
1	10	-1	0	96		0
1	1	-1	0	96		0
1	245	-1	0	96		0
1	213	1	10	96		0
1	79	-1	0	96		0
1	10	-1	0	96		0
1	1	-1	0	96		0
1	245	-1	0	96		0
1	213	1	10	96		0
1	79	-1	0	96		0
1	10	-1	0	96		0
1	1	-1	0	96		0
1	245	-1	0	96		0
1	213	1	111	96		0
1	79	-1	0	96		0
1	111	-1	0	96		0
1	1	-1	0	96		0
1	245	-1	0	96		0
1	213	1	9	96		0
1	79	-1	0	96		0
1	9	-1	0	96		0
1	1	-1	0	96		0
1	245	-1	0	96		0
1	213	1	227	96		0
1	79	-1	0	96		0
1	227	-1	0	96		0
1	79	-1	0	96		0
1	39	-1	0	96		0
1	10	-1	0	96		0
1	1	-1	0	96		0
1	245	-1	0	96		0
1	212	1	79	96		0
1	79	-1	0	96		0
1	28	-1	0	96		0
1	79	-1	0	96		0
1	1	-1	0	96		0
1	245	-1	0	96		0
1	213	1	10	96		0
1	79	-1	0	96		0
1	28	-1	0	96		0
1	10	-1	0	96		0
1	1	-1	0	96		0
1	245	-1	0	96		0
1	218	-1	0	96		0
1	212	1	79	96		0
1	79	-1	0	96		0
1	79	-1	0	96		0
1	1	-1	0	96		0
1	245	-1	0	96		0
1	214	-1	0	96		0
1	79	-1	0	96		0
1	1	-1	0	96		0
1	245	-1	0	96		0
1	213	1	229	96		0
1	79	-1	0	96		0
1	229	-1	0	96		0
1	15	-1	0	96		0
1	240	-1	0	96		0
1	79	-1	0	96		0
1	17	-1	0	96		0
1	1	-1	0	96		0
0	0	-1	0	97		0
1	245	-1	0	97		0
1	212	1	79	97	0062	1
1	79	-1	0	97		0
1	79	-1	0	97		0
1	1	-1	0	97		0
1	245	-1	0	97		0
1	213	1	10	97		0
1	79	-1	0	97		0
1	10	-1	0	97		0
1	1	-1	0	97		0
1	245	-1	0	97		0
1	213	1	10	97		0
1	79	-1	0	97		0
1	10	-1	0	97		0
1	1	-1	0	97		0
1	245	-1	0	97		0
1	213	1	14	97		0
1	79	-1	0	97		0
1	14	-1	0	97		0
1	1	-1	0	97		0
1	245	-1	0	97		0
1	213	1	8	97		0
1	79	-1	0	97		0
1	8	-1	0	97		0
1	1	-1	0	97		0
1	245	-1	0	97		0
1	213	1	8	97		0
1	79	-1	0	97		0
1	8	-1	0	97		0
1	1	-1	0	97		0
1	245	-1	0	97		0
1	213	1	79	97	007600610072006900610062006c0065	1
1	79	-1	0	97		0
1	79	-1	0	97		0
1	1	-1	0	97		0
1	245	-1	0	97		0
1	213	1	79	97	007600610072006900610062006c0065	1
1	79	-1	0	97		0
1	218	-1	0	97		0
1	218	-1	0	97		0
1	79	-1	0	97		0
1	1	-1	0	97		0
1	245	-1	0	97		0
1	213	1	10	97		0
1	79	-1	0	97		0
1	218	-1	0	97		0
1	218	-1	0	97		0
1	10	-1	0	97		0
1	1	-1	0	97		0
1	245	-1	0	97		0
1	213	1	8	97		0
1	79	-1	0	97		0
1	218	-1	0	97		0
1	218	-1	0	97		0
1	8	-1	0	97		0
1	1	-1	0	97		0
1	245	-1	0	97		0
1	212	1	80	97		0
1	79	-1	0	97		0
1	80	-1	0	97		0
1	1	-1	0	97		0
1	245	-1	0	97		0
1	213	1	80	97		0
1	79	-1	0	97		0
1	80	-1	0	97		0
1	1	-1	0	97		0
1	245	-1	0	97		0
1	213	1	10	97		0
1	79	-1	0	97		0
1	10	-1	0	97		0
1	1	-1	0	97		0
1	245	-1	0	97		0
1	213	1	10	97		0
1	79	-1	0	97		0
1	10	-1	0	97		0
1	1	-1	0	97		0
1	245	-1	0	97		0
1	213	1	10	97		0
1	79	-1	0	97		0
1	10	-1	0	97		0
1	1	-1	0	97		0
1	245	-1	0	97		0
1	213	1	111	97		0
1	79	-1	0	97		0
1	111	-1	0	97		0
1	1	-1	0	97		0
1	245	-1	0	97		0
1	213	1	9	97		0
1	79	-1	0	97		0
1	9	-1	0	97		0
1	1	-1	0	97		0
1	245	-1	0	97		0
1	213	1	227	97		0
1	79	-1	0	97		0
1	227	-1	0	97		0
1	79	-1	0	97		0
1	39	-1	0	97		0
1	10	-1	0	97		0
1	1	-1	0	97		0
1	245	-1	0	97		0
1	212	1	79	97	0062	1
1	79	-1	0	97		0
1	28	-1	0	97		0
1	79	-1	0	97		0
1	1	-1	0	97		0
1	245	-1	0	97		0
1	213	1	10	97		0
1	79	-1	0	97		0
1	28	-1	0	97		0
1	10	-1	0	97		0
1	1	-1	0	97		0
1	245	-1	0	97		0
1	218	-1	0	97		0
1	212	1	79	97	0062	1
1	79	-1	0	97		0
1	79	-1	0	97		0
1	1	-1	0	97		0
1	245	-1	0	97		0
1	214	-1	0	97		0
1	79	-1	0	97		0
1	1	-1	0	97		0
1	245	-1	0	97		0
1	213	1	229	97		0
1	79	-1	0	97		0
1	229	-1	0	97		0
1	15	-1	0	97		0
1	240	-1	0	97		0
1	79	-1	0	97		0
1	17	-1	0	97		0
1	1	-1	0	97		0
0	0	-1	0	98		0
1	245	-1	0	98		0
1	212	1	79	98		0
1	79	-1	0	98		0
1	79	-1	0	98		0
1	1	-1	0	98		0
1	245	-1	0	98		0
1	213	1	10	98	0062	1
1	79	-1	0	98		0
1	10	-1	0	98		0
1	1	-1	0	98		0
1	245	-1	0	98		0
1	213	1	10	98		1
1	79	-1	0	98		0
1	10	-1	0	98		0
1	1	-1	0	98		0
1	245	-1	0	98		0
1	213	1	14	98		0
1	79	-1	0	98		0
1	14	-1	0	98		0
1	1	-1	0	98		0
1	245	-1	0	98		0
1	213	1	8	98		0
1	79	-1	0	98		0
1	8	-1	0	98		0
1	1	-1	0	98		0
1	245	-1	0	98		0
1	213	1	8	98		0
1	79	-1	0	98		0
1	8	-1	0	98		0
1	1	-1	0	98		0
1	245	-1	0	98		0
1	213	1	79	98		0
1	79	-1	0	98		0
1	79	-1	0	98		0
1	1	-1	0	98		0
1	245	-1	0	98		0
1	213	1	79	98		0
1	79	-1	0	98		0
1	218	-1	0	98		0
1	218	-1	0	98		0
1	79	-1	0	98		0
1	1	-1	0	98		0
1	245	-1	0	98		0
1	213	1	10	98	0062	1
1	79	-1	0	98		0
1	218	-1	0	98		0
1	218	-1	0	98		0
1	10	-1	0	98		0
1	1	-1	0	98		0
1	245	-1	0	98		0
1	213	1	8	98		0
1	79	-1	0	98		0
1	218	-1	0	98		0
1	218	-1	0	98		0
1	8	-1	0	98		0
1	1	-1	0	98		0
1	245	-1	0	98		0
1	212	1	80	98		0
1	79	-1	0	98		0
1	80	-1	0	98		0
1	1	-1	0	98		0
1	245	-1	0	98		0
1	213	1	80	98		0
1	79	-1	0	98		0
1	80	-1	0	98		0
1	1	-1	0	98		0
1	245	-1	0	98		0
1	213	1	10	98	d83dde00	1
1	79	-1	0	98		0
1	10	-1	0	98		0
1	1	-1	0	98		0
1	245	-1	0	98		0
1	213	1	10	98	00610062	1
1	79	-1	0	98		0
1	10	-1	0	98		0
1	1	-1	0	98		0
1	245	-1	0	98		0
1	213	1	10	98	0061000a	1
1	79	-1	0	98		0
1	10	-1	0	98		0
1	1	-1	0	98		0
1	245	-1	0	98		0
1	213	1	111	98		0
1	79	-1	0	98		0
1	111	-1	0	98		0
1	1	-1	0	98		0
1	245	-1	0	98		0
1	213	1	9	98		0
1	79	-1	0	98		0
1	9	-1	0	98		0
1	1	-1	0	98		0
1	245	-1	0	98		0
1	213	1	227	98		0
1	79	-1	0	98		0
1	227	-1	0	98		0
1	79	-1	0	98		0
1	39	-1	0	98		0
1	10	-1	0	98		0
1	1	-1	0	98		0
1	245	-1	0	98		0
1	212	1	79	98		0
1	79	-1	0	98		0
1	28	-1	0	98		0
1	79	-1	0	98		0
1	1	-1	0	98		0
1	245	-1	0	98		0
1	213	1	10	98	0062	1
1	79	-1	0	98		0
1	28	-1	0	98		0
1	10	-1	0	98		0
1	1	-1	0	98		0
1	245	-1	0	98		0
1	218	-1	0	98		0
1	212	1	79	98		0
1	79	-1	0	98		0
1	79	-1	0	98		0
1	1	-1	0	98		0
1	245	-1	0	98		0
1	214	-1	0	98		0
1	79	-1	0	98		0
1	1	-1	0	98		0
1	245	-1	0	98		0
1	213	1	229	98		0
1	79	-1	0	98		0
1	229	-1	0	98		0
1	15	-1	0	98		0
1	240	-1	0	98		0
1	79	-1	0	98		0
1	17	-1	0	98		0
1	1	-1	0	98		0
0	0	-1	0	99		0
1	245	-1	0	99		0
1	212	1	79	99	0062	1
1	79	-1	0	99		0
1	79	-1	0	99		0
1	1	-1	0	99		0
1	245	-1	0	99		0
1	213	1	10	99	0062	1
1	79	-1	0	99		0
1	10	-1	0	99		0
1	1	-1	0	99		0
1	245	-1	0	99		0
1	213	1	10	99		1
1	79	-1	0	99		0
1	10	-1	0	99		0
1	1	-1	0	99		0
1	245	-1	0	99		0
1	213	1	14	99		0
1	79	-1	0	99		0
1	14	-1	0	99		0
1	1	-1	0	99		0
1	245	-1	0	99		0
1	213	1	8	99		0
1	79	-1	0	99		0
1	8	-1	0	99		0
1	1	-1	0	99		0
1	245	-1	0	99		0
1	213	1	8	99		0
1	79	-1	0	99		0
1	8	-1	0	99		0
1	1	-1	0	99		0
1	245	-1	0	99		0
1	213	1	79	99	007600610072006900610062006c0065	1
1	79	-1	0	99		0
1	79	-1	0	99		0
1	1	-1	0	99		0
1	245	-1	0	99		0
1	213	1	79	99	007600610072006900610062006c0065	1
1	79	-1	0	99		0
1	218	-1	0	99		0
1	218	-1	0	99		0
1	79	-1	0	99		0
1	1	-1	0	99		0
1	245	-1	0	99		0
1	213	1	10	99	0062	1
1	79	-1	0	99		0
1	218	-1	0	99		0
1	218	-1	0	99		0
1	10	-1	0	99		0
1	1	-1	0	99		0
1	245	-1	0	99		0
1	213	1	8	99		0
1	79	-1	0	99		0
1	218	-1	0	99		0
1	218	-1	0	99		0
1	8	-1	0	99		0
1	1	-1	0	99		0
1	245	-1	0	99		0
1	212	1	80	99		0
1	79	-1	0	99		0
1	80	-1	0	99		0
1	1	-1	0	99		0
1	245	-1	0	99		0
1	213	1	80	99		0
1	79	-1	0	99		0
1	80	-1	0	99		0
1	1	-1	0	99		0
1	245	-1	0	99		0
1	213	1	10	99	d83dde00	1
1	79	-1	0	99		0
1	10	-1	0	99		0
1	1	-1	0	99		0
1	245	-1	0	99		0
1	213	1	10	99	00610062	1
1	79	-1	0	99		0
1	10	-1	0	99		0
1	1	-1	0	99		0
1	245	-1	0	99		0
1	213	1	10	99	0061000a	1
1	79	-1	0	99		0
1	10	-1	0	99		0
1	1	-1	0	99		0
1	245	-1	0	99		0
1	213	1	111	99		0
1	79	-1	0	99		0
1	111	-1	0	99		0
1	1	-1	0	99		0
1	245	-1	0	99		0
1	213	1	9	99		0
1	79	-1	0	99		0
1	9	-1	0	99		0
1	1	-1	0	99		0
1	245	-1	0	99		0
1	213	1	227	99		0
1	79	-1	0	99		0
1	227	-1	0	99		0
1	79	-1	0	99		0
1	39	-1	0	99		0
1	10	-1	0	99		0
1	1	-1	0	99		0
1	245	-1	0	99		0
1	212	1	79	99	0062	1
1	79	-1	0	99		0
1	28	-1	0	99		0
1	79	-1	0	99		0
1	1	-1	0	99		0
1	245	-1	0	99		0
1	213	1	10	99	0062	1
1	79	-1	0	99		0
1	28	-1	0	99		0
1	10	-1	0	99		0
1	1	-1	0	99		0
1	245	-1	0	99		0
1	218	-1	0	99		0
1	212	1	79	99	0062	1
1	79	-1	0	99		0
1	79	-1	0	99		0
1	1	-1	0	99		0
1	245	-1	0	99		0
1	214	-1	0	99		0
1	79	-1	0	99		0
1	1	-1	0	99		0
1	245	-1	0	99		0
1	213	1	229	99		0
1	79	-1	0	99		0
1	229	-1	0	99		0
1	15	-1	0	99		0
1	240	-1	0	99		0
1	79	-1	0	99		0
1	17	-1	0	99		0
1	1	-1	0	99		0
0	0	-1	0	100		0
1	245	-1	0	100		0
1	212	1	79	100		0
1	79	-1	0	100		0
1	79	-1	0	100		0
1	1	-1	0	100		0
1	245	-1	0	100		0
1	213	1	10	100		0
1	79	-1	0	100		0
1	10	-1	0	100		0
1	1	-1	0	100		0
1	245	-1	0	100		0
1	213	1	10	100		0
1	79	-1	0	100		0
1	10	-1	0	100		0
1	1	-1	0	100		0
1	245	-1	0	100		0
1	213	1	14	100	0062	1
1	79	-1	0	100		0
1	14	-1	0	100		0
1	1	-1	0	100		0
1	245	-1	0	100		0
1	213	1	8	100		0
1	79	-1	0	100		0
1	8	-1	0	100		0
1	1	-1	0	100		0
1	245	-1	0	100		0
1	213	1	8	100		0
1	79	-1	0	100		0
1	8	-1	0	100		0
1	1	-1	0	100		0
1	245	-1	0	100		0
1	213	1	79	100		0
1	79	-1	0	100		0
1	79	-1	0	100		0
1	1	-1	0	100		0
1	245	-1	0	100		0
1	213	1	79	100		0
1	79	-1	0	100		0
1	218	-1	0	100		0
1	218	-1	0	100		0
1	79	-1	0	100		0
1	1	-1	0	100		0
1	245	-1	0	100		0
1	213	1	10	100		0
1	79	-1	0	100		0
1	218	-1	0	100		0
1	218	-1	0	100		0
1	10	-1	0	100		0
1	1	-1	0	100		0
1	245	-1	0	100		0
1	213	1	8	100		0
1	79	-1	0	100		0
1	218	-1	0	100		0
1	218	-1	0	100		0
1	8	-1	0	100		0
1	1	-1	0	100		0
1	245	-1	0	100		0
1	212	1	80	100		0
1	79	-1	0	100		0
1	80	-1	0	100		0
1	1	-1	0	100		0
1	245	-1	0	100		0
1	213	1	80	100		0
1	79	-1	0	100		0
1	80	-1	0	100		0
1	1	-1	0	100		0
1	245	-1	0	100		0
1	213	1	10	100		0
1	79	-1	0	100		0
1	10	-1	0	100		0
1	1	-1	0	100		0
1	245	-1	0	100		0
1	213	1	10	100		0
1	79	-1	0	100		0
1	10	-1	0	100		0
1	1	-1	0	100		0
1	245	-1	0	100		0
1	213	1	10	100		0
1	79	-1	0	100		0
1	10	-1	0	100		0
1	1	-1	0	100		0
1	245	-1	0	100		0
1	213	1	111	100		0
1	79	-1	0	100		0
1	111	-1	0	100		0
1	1	-1	0	100		0
1	245	-1	0	100		0
1	213	1	9	100		0
1	79	-1	0	100		0
1	9	-1	0	100		0
1	1	-1	0	100		0
1	245	-1	0	100		0
1	213	1	227	100		0
1	79	-1	0	100		0
1	227	-1	0	100		0
1	79	-1	0	100		0
1	39	-1	0	100		0
1	10	-1	0	100		0
1	1	-1	0	100		0
1	245	-1	0	100		0
1	212	1	79	100		0
1	79	-1	0	100		0
1	28	-1	0	100		0
1	79	-1	0	100		0
1	1	-1	0	100		0
1	245	-1	0	100		0
1	213	1	10	100		0
1	79	-1	0	100		0
1	28	-1	0	100		0
1	10	-1	0	100		0
1	1	-1	0	100		0
1	245	-1	0	100		0
1	218	-1	0	100		0
1	212	1	79	100		0
1	79	-1	0	100		0
1	79	-1	0	100		0
1	1	-1	0	100		0
1	245	-1	0	100		0
1	214	-1	0	100		0
1	79	-1	0	100		0
1	1	-1	0	100		0
1	245	-1	0	100		0
1	213	1	229	100		0
1	79	-1	0	100		0
1	229	-1	0	100		0
1	15	-1	0	100		0
1	240	-1	0	100		0
1	79	-1	0	100		0
1	17	-1	0	100		0
1	1	-1	0	100		0
0	0	-1	0	101		0
1	245	-1	0	101		0
1	212	1	79	101	0062	1
1	79	-1	0	101		0
1	79	-1	0	101		0
1	1	-1	0	101		0
1	245	-1	0	101		0
1	213	1	10	101		0
1	79	-1	0	101		0
1	10	-1	0	101		0
1	1	-1	0	101		0
1	245	-1	0	101		0
1	213	1	10	101		0
1	79	-1	0	101		0
1	10	-1	0	101		0
1	1	-1	0	101		0
1	245	-1	0	101		0
1	213	1	14	101	0062	1
1	79	-1	0	101		0
1	14	-1	0	101		0
1	1	-1	0	101		0
1	245	-1	0	101		0
1	213	1	8	101		0
1	79	-1	0	101		0
1	8	-1	0	101		0
1	1	-1	0	101		0
1	245	-1	0	101		0
1	213	1	8	101		0
1	79	-1	0	101		0
1	8	-1	0	101		0
1	1	-1	0	101		0
1	245	-1	0	101		0
1	213	1	79	101	007600610072006900610062006c0065	1
1	79	-1	0	101		0
1	79	-1	0	101		0
1	1	-1	0	101		0
1	245	-1	0	101		0
1	213	1	79	101	007600610072006900610062006c0065	1
1	79	-1	0	101		0
1	218	-1	0	101		0
1	218	-1	0	101		0
1	79	-1	0	101		0
1	1	-1	0	101		0
1	245	-1	0	101		0
1	213	1	10	101		0
1	79	-1	0	101		0
1	218	-1	0	101		0
1	218	-1	0	101		0
1	10	-1	0	101		0
1	1	-1	0	101		0
1	245	-1	0	101		0
1	213	1	8	101		0
1	79	-1	0	101		0
1	218	-1	0	101		0
1	218	-1	0	101		0
1	8	-1	0	101		0
1	1	-1	0	101		0
1	245	-1	0	101		0
1	212	1	80	101		0
1	79	-1	0	101		0
1	80	-1	0	101		0
1	1	-1	0	101		0
1	245	-1	0	101		0
1	213	1	80	101		0
1	79	-1	0	101		0
1	80	-1	0	101		0
1	1	-1	0	101		0
1	245	-1	0	101		0
1	213	1	10	101		0
1	79	-1	0	101		0
1	10	-1	0	101		0
1	1	-1	0	101		0
1	245	-1	0	101		0
1	213	1	10	101		0
1	79	-1	0	101		0
1	10	-1	0	101		0
1	1	-1	0	101		0
1	245	-1	0	101		0
1	213	1	10	101		0
1	79	-1	0	101		0
1	10	-1	0	101		0
1	1	-1	0	101		0
1	245	-1	0	101		0
1	213	1	111	101		0
1	79	-1	0	101		0
1	111	-1	0	101		0
1	1	-1	0	101		0
1	245	-1	0	101		0
1	213	1	9	101		0
1	79	-1	0	101		0
1	9	-1	0	101		0
1	1	-1	0	101		0
1	245	-1	0	101		0
1	213	1	227	101		0
1	79	-1	0	101		0
1	227	-1	0	101		0
1	79	-1	0	101		0
1	39	-1	0	101		0
1	10	-1	0	101		0
1	1	-1	0	101		0
1	245	-1	0	101		0
1	212	1	79	101	0062	1
1	79	-1	0	101		0
1	28	-1	0	101		0
1	79	-1	0	101		0
1	1	-1	0	101		0
1	245	-1	0	101		0
1	213	1	10	101		0
1	79	-1	0	101		0
1	28	-1	0	101		0
1	10	-1	0	101		0
1	1	-1	0	101		0
1	245	-1	0	101		0
1	218	-1	0	101		0
1	212	1	79	101	0062	1
1	79	-1	0	101		0
1	79	-1	0	101		0
1	1	-1	0	101		0
1	245	-1	0	101		0
1	214	-1	0	101		0
1	79	-1	0	101		0
1	1	-1	0	101		0
1	245	-1	0	101		0
1	213	1	229	101		0
1	79	-1	0	101		0
1	229	-1	0	101		0
1	15	-1	0	101		0
1	240	-1	0	101		0
1	79	-1	0	101		0
1	17	-1	0	101		0
1	1	-1	0	101		0
0	0	-1	0	102		0
1	245	-1	0	102		0
1	212	1	79	102		0
1	79	-1	0	102		0
1	79	-1	0	102		0
1	1	-1	0	102		0
1	245	-1	0	102		0
1	213	1	10	102	0062	1
1	79	-1	0	102		0
1	10	-1	0	102		0
1	1	-1	0	102		0
1	245	-1	0	102		0
1	213	1	10	102		1
1	79	-1	0	102		0
1	10	-1	0	102		0
1	1	-1	0	102		0
1	245	-1	0	102		0
1	213	1	14	102	0062	1
1	79	-1	0	102		0
1	14	-1	0	102		0
1	1	-1	0	102		0
1	245	-1	0	102		0
1	213	1	8	102		0
1	79	-1	0	102		0
1	8	-1	0	102		0
1	1	-1	0	102		0
1	245	-1	0	102		0
1	213	1	8	102		0
1	79	-1	0	102		0
1	8	-1	0	102		0
1	1	-1	0	102		0
1	245	-1	0	102		0
1	213	1	79	102		0
1	79	-1	0	102		0
1	79	-1	0	102		0
1	1	-1	0	102		0
1	245	-1	0	102		0
1	213	1	79	102		0
1	79	-1	0	102		0
1	218	-1	0	102		0
1	218	-1	0	102		0
1	79	-1	0	102		0
1	1	-1	0	102		0
1	245	-1	0	102		0
1	213	1	10	102	0062	1
1	79	-1	0	102		0
1	218	-1	0	102		0
1	218	-1	0	102		0
1	10	-1	0	102		0
1	1	-1	0	102		0
1	245	-1	0	102		0
1	213	1	8	102		0
1	79	-1	0	102		0
1	218	-1	0	102		0
1	218	-1	0	102		0
1	8	-1	0	102		0
1	1	-1	0	102		0
1	245	-1	0	102		0
1	212	1	80	102		0
1	79	-1	0	102		0
1	80	-1	0	102		0
1	1	-1	0	102		0
1	245	-1	0	102		0
1	213	1	80	102		0
1	79	-1	0	102		0
1	80	-1	0	102		0
1	1	-1	0	102		0
1	245	-1	0	102		0
1	213	1	10	102	d83dde00	1
1	79	-1	0	102		0
1	10	-1	0	102		0
1	1	-1	0	102		0
1	245	-1	0	102		0
1	213	1	10	102	00610062	1
1	79	-1	0	102		0
1	10	-1	0	102		0
1	1	-1	0	102		0
1	245	-1	0	102		0
1	213	1	10	102	0061000a	1
1	79	-1	0	102		0
1	10	-1	0	102		0
1	1	-1	0	102		0
1	245	-1	0	102		0
1	213	1	111	102		0
1	79	-1	0	102		0
1	111	-1	0	102		0
1	1	-1	0	102		0
1	245	-1	0	102		0
1	213	1	9	102		0
1	79	-1	0	102		0
1	9	-1	0	102		0
1	1	-1	0	102		0
1	245	-1	0	102		0
1	213	1	227	102		0
1	79	-1	0	102		0
1	227	-1	0	102		0
1	79	-1	0	102		0
1	39	-1	0	102		0
1	10	-1	0	102		0
1	1	-1	0	102		0
1	245	-1	0	102		0
1	212	1	79	102		0
1	79	-1	0	102		0
1	28	-1	0	102		0
1	79	-1	0	102		0
1	1	-1	0	102		0
1	245	-1	0	102		0
1	213	1	10	102	0062	1
1	79	-1	0	102		0
1	28	-1	0	102		0
1	10	-1	0	102		0
1	1	-1	0	102		0
1	245	-1	0	102		0
1	218	-1	0	102		0
1	212	1	79	102		0
1	79	-1	0	102		0
1	79	-1	0	102		0
1	1	-1	0	102		0
1	245	-1	0	102		0
1	214	-1	0	102		0
1	79	-1	0	102		0
1	1	-1	0	102		0
1	245	-1	0	102		0
1	213	1	229	102		0
1	79	-1	0	102		0
1	229	-1	0	102		0
1	15	-1	0	102		0
1	240	-1	0	102		0
1	79	-1	0	102		0
1	17	-1	0	102		0
1	1	-1	0	102		0
0	0	-1	0	103		0
1	245	-1	0	103		0
1	212	1	79	103	0062	1
1	79	-1	0	103		0
1	79	-1	0	103		0
1	1	-1	0	103		0
1	245	-1	0	103		0
1	213	1	10	103	0062	1
1	79	-1	0	103		0
1	10	-1	0	103		0
1	1	-1	0	103		0
1	245	-1	0	103		0
1	213	1	10	103		1
1	79	-1	0	103		0
1	10	-1	0	103		0
1	1	-1	0	103		0
1	245	-1	0	103		0
1	213	1	14	103	0062	1
1	79	-1	0	103		0
1	14	-1	0	103		0
1	1	-1	0	103		0
1	245	-1	0	103		0
1	213	1	8	103		0
1	79	-1	0	103		0
1	8	-1	0	103		0
1	1	-1	0	103		0
1	245	-1	0	103		0
1	213	1	8	103		0
1	79	-1	0	103		0
1	8	-1	0	103		0
1	1	-1	0	103		0
1	245	-1	0	103		0
1	213	1	79	103	007600610072006900610062006c0065	1
1	79	-1	0	103		0
1	79	-1	0	103		0
1	1	-1	0	103		0
1	245	-1	0	103		0
1	213	1	79	103	007600610072006900610062006c0065	1
1	79	-1	0	103		0
1	218	-1	0	103		0
1	218	-1	0	103		0
1	79	-1	0	103		0
1	1	-1	0	103		0
1	245	-1	0	103		0
1	213	1	10	103	0062	1
1	79	-1	0	103		0
1	218	-1	0	103		0
1	218	-1	0	103		0
1	10	-1	0	103		0
1	1	-1	0	103		0
1	245	-1	0	103		0
1	213	1	8	103		0
1	79	-1	0	103		0
1	218	-1	0	103		0
1	218	-1	0	103		0
1	8	-1	0	103		0
1	1	-1	0	103		0
1	245	-1	0	103		0
1	212	1	80	103		0
1	79	-1	0	103		0
1	80	-1	0	103		0
1	1	-1	0	103		0
1	245	-1	0	103		0
1	213	1	80	103		0
1	79	-1	0	103		0
1	80	-1	0	103		0
1	1	-1	0	103		0
1	245	-1	0	103		0
1	213	1	10	103	d83dde00	1
1	79	-1	0	103		0
1	10	-1	0	103		0
1	1	-1	0	103		0
1	245	-1	0	103		0
1	213	1	10	103	00610062	1
1	79	-1	0	103		0
1	10	-1	0	103		0
1	1	-1	0	103		0
1	245	-1	0	103		0
1	213	1	10	103	0061000a	1
1	79	-1	0	103		0
1	10	-1	0	103		0
1	1	-1	0	103		0
1	245	-1	0	103		0
1	213	1	111	103		0
1	79	-1	0	103		0
1	111	-1	0	103		0
1	1	-1	0	103		0
1	245	-1	0	103		0
1	213	1	9	103		0
1	79	-1	0	103		0
1	9	-1	0	103		0
1	1	-1	0	103		0
1	245	-1	0	103		0
1	213	1	227	103		0
1	79	-1	0	103		0
1	227	-1	0	103		0
1	79	-1	0	103		0
1	39	-1	0	103		0
1	10	-1	0	103		0
1	1	-1	0	103		0
1	245	-1	0	103		0
1	212	1	79	103	0062	1
1	79	-1	0	103		0
1	28	-1	0	103		0
1	79	-1	0	103		0
1	1	-1	0	103		0
1	245	-1	0	103		0
1	213	1	10	103	0062	1
1	79	-1	0	103		0
1	28	-1	0	103		0
1	10	-1	0	103		0
1	1	-1	0	103		0
1	245	-1	0	103		0
1	218	-1	0	103		0
1	212	1	79	103	0062	1
1	79	-1	0	103		0
1	79	-1	0	103		0
1	1	-1	0	103		0
1	245	-1	0	103		0
1	214	-1	0	103		0
1	79	-1	0	103		0
1	1	-1	0	103		0
1	245	-1	0	103		0
1	213	1	229	103		0
1	79	-1	0	103		0
1	229	-1	0	103		0
1	15	-1	0	103		0
1	240	-1	0	103		0
1	79	-1	0	103		0
1	17	-1	0	103		0
1	1	-1	0	103		0
0	0	-1	0	104		0
1	245	-1	0	104		0
1	212	1	79	104		0
1	79	-1	0	104		0
1	79	-1	0	104		0
1	1	-1	0	104		0
1	245	-1	0	104		0
1	213	1	10	104		0
1	79	-1	0	104		0
1	10	-1	0	104		0
1	1	-1	0	104		0
1	245	-1	0	104		0
1	213	1	10	104		0
1	79	-1	0	104		0
1	10	-1	0	104		0
1	1	-1	0	104		0
1	245	-1	0	104		0
1	213	1	14	104		0
1	79	-1	0	104		0
1	14	-1	0	104		0
1	1	-1	0	104		0
1	245	-1	0	104		0
1	213	1	8	104	00310036	1
1	79	-1	0	104		0
1	8	-1	0	104		0
1	1	-1	0	104		0
1	245	-1	0	104		0
1	213	1	8	104	00310030	1
1	79	-1	0	104		0
1	8	-1	0	104		0
1	1	-1	0	104		0
1	245	-1	0	104		0
1	213	1	79	104		0
1	79	-1	0	104		0
1	79	-1	0	104		0
1	1	-1	0	104		0
1	245	-1	0	104		0
1	213	1	79	104		0
1	79	-1	0	104		0
1	218	-1	0	104		0
1	218	-1	0	104		0
1	79	-1	0	104		0
1	1	-1	0	104		0
1	245	-1	0	104		0
1	213	1	10	104		0
1	79	-1	0	104		0
1	218	-1	0	104		0
1	218	-1	0	104		0
1	10	-1	0	104		0
1	1	-1	0	104		0
1	245	-1	0	104		0
1	213	1	8	104	0030	1
1	79	-1	0	104		0
1	218	-1	0	104		0
1	218	-1	0	104		0
1	8	-1	0	104		0
1	1	-1	0	104		0
1	245	-1	0	104		0
1	212	1	80	104		0
1	79	-1	0	104		0
1	80	-1	0	104		0
1	1	-1	0	104		0
1	245	-1	0	104		0
1	213	1	80	104		0
1	79	-1	0	104		0
1	80	-1	0	104		0
1	1	-1	0	104		0
1	245	-1	0	104		0
1	213	1	10	104		0
1	79	-1	0	104		0
1	10	-1	0	104		0
1	1	-1	0	104		0
1	245	-1	0	104		0
1	213	1	10	104		0
1	79	-1	0	104		0
1	10	-1	0	104		0
1	1	-1	0	104		0
1	245	-1	0	104		0
1	213	1	10	104		0
1	79	-1	0	104		0
1	10	-1	0	104		0
1	1	-1	0	104		0
1	245	-1	0	104		0
1	213	1	111	104		0
1	79	-1	0	104		0
1	111	-1	0	104		0
1	1	-1	0	104		0
1	245	-1	0	104		0
1	213	1	9	104		0
1	79	-1	0	104		0
1	9	-1	0	104		0
1	1	-1	0	104		0
1	245	-1	0	104		0
1	213	1	227	104		0
1	79	-1	0	104		0
1	227	-1	0	104		0
1	79	-1	0	104		0
1	39	-1	0	104		0
1	10	-1	0	104		0
1	1	-1	0	104		0
1	245	-1	0	104		0
1	212	1	79	104		0
1	79	-1	0	104		0
1	28	-1	0	104		0
1	79	-1	0	104		0
1	1	-1	0	104		0
1	245	-1	0	104		0
1	213	1	10	104		0
1	79	-1	0	104		0
1	28	-1	0	104		0
1	10	-1	0	104		0
1	1	-1	0	104		0
1	245	-1	0	104		0
1	218	-1	0	104		0
1	212	1	79	104		0
1	79	-1	0	104		0
1	79	-1	0	104		0
1	1	-1	0	104		0
1	245	-1	0	104		0
1	214	-1	0	104		0
1	79	-1	0	104		0
1	1	-1	0	104		0
1	245	-1	0	104		0
1	213	1	229	104		0
1	79	-1	0	104		0
1	229	-1	0	104		0
1	15	-1	0	104		0
1	240	-1	0	104		0
1	79	-1	0	104		0
1	17	-1	0	104		0
1	1	-1	0	104		0
0	0	-1	0	105		0
1	245	-1	0	105		0
1	212	1	79	105	0062	1
1	79	-1	0	105		0
1	79	-1	0	105		0
1	1	-1	0	105		0
1	245	-1	0	105		0
1	213	1	10	105		0
1	79	-1	0	105		0
1	10	-1	0	105		0
1	1	-1	0	105		0
1	245	-1	0	105		0
1	213	1	10	105		0
1	79	-1	0	105		0
1	10	-1	0	105		0
1	1	-1	0	105		0
1	245	-1	0	105		0
1	213	1	14	105		0
1	79	-1	0	105		0
1	14	-1	0	105		0
1	1	-1	0	105		0
1	245	-1	0	105		0
1	213	1	8	105	00310036	1
1	79	-1	0	105		0
1	8	-1	0	105		0
1	1	-1	0	105		0
1	245	-1	0	105		0
1	213	1	8	105	00310030	1
1	79	-1	0	105		0
1	8	-1	0	105		0
1	1	-1	0	105		0
1	245	-1	0	105		0
1	213	1	79	105	007600610072006900610062006c0065	1
1	79	-1	0	105		0
1	79	-1	0	105		0
1	1	-1	0	105		0
1	245	-1	0	105		0
1	213	1	79	105	007600610072006900610062006c0065	1
1	79	-1	0	105		0
1	218	-1	0	105		0
1	218	-1	0	105		0
1	79	-1	0	105		0
1	1	-1	0	105		0
1	245	-1	0	105		0
1	213	1	10	105		0
1	79	-1	0	105		0
1	218	-1	0	105		0
1	218	-1	0	105		0
1	10	-1	0	105		0
1	1	-1	0	105		0
1	245	-1	0	105		0
1	213	1	8	105	0030	1
1	79	-1	0	105		0
1	218	-1	0	105		0
1	218	-1	0	105		0
1	8	-1	0	105		0
1	1	-1	0	105		0
1	245	-1	0	105		0
1	212	1	80	105		0
1	79	-1	0	105		0
1	80	-1	0	105		0
1	1	-1	0	105		0
1	245	-1	0	105		0
1	213	1	80	105		0
1	79	-1	0	105		0
1	80	-1	0	105		0
1	1	-1	0	105		0
1	245	-1	0	105		0
1	213	1	10	105		0
1	79	-1	0	105		0
1	10	-1	0	105		0
1	1	-1	0	105		0
1	245	-1	0	105		0
1	213	1	10	105		0
1	79	-1	0	105		0
1	10	-1	0	105		0
1	1	-1	0	105		0
1	245	-1	0	105		0
1	213	1	10	105		0
1	79	-1	0	105		0
1	10	-1	0	105		0
1	1	-1	0	105		0
1	245	-1	0	105		0
1	213	1	111	105		0
1	79	-1	0	105		0
1	111	-1	0	105		0
1	1	-1	0	105		0
1	245	-1	0	105		0
1	213	1	9	105		0
1	79	-1	0	105		0
1	9	-1	0	105		0
1	1	-1	0	105		0
1	245	-1	0	105		0
1	213	1	227	105		0
1	79	-1	0	105		0
1	227	-1	0	105		0
1	79	-1	0	105		0
1	39	-1	0	105		0
1	10	-1	0	105		0
1	1	-1	0	105		0
1	245	-1	0	105		0
1	212	1	79	105	0062	1
1	79	-1	0	105		0
1	28	-1	0	105		0
1	79	-1	0	105		0
1	1	-1	0	105		0
1	245	-1	0	105		0
1	213	1	10	105		0
1	79	-1	0	105		0
1	28	-1	0	105		0
1	10	-1	0	105		0
1	1	-1	0	105		0
1	245	-1	0	105		0
1	218	-1	0	105		0
1	212	1	79	105	0062	1
1	79	-1	0	105		0
1	79	-1	0	105		0
1	1	-1	0	105		0
1	245	-1	0	105		0
1	214	-1	0	105		0
1	79	-1	0	105		0
1	1	-1	0	105		0
1	245	-1	0	105		0
1	213	1	229	105		0
1	79	-1	0	105		0
1	229	-1	0	105		0
1	15	-1	0	105		0
1	240	-1	0	105		0
1	79	-1	0	105		0
1	17	-1	0	105		0
1	1	-1	0	105		0
0	0	-1	0	106		0
1	245	-1	0	106		0
1	212	1	79	106		0
1	79	-1	0	106		0
1	79	-1	0	106		0
1	1	-1	0	106		0
1	245	-1	0	106		0
1	213	1	10	106	0062	1
1	79	-1	0	106		0
1	10	-1	0	106		0
1	1	-1	0	106		0
1	245	-1	0	106		0
1	213	1	10	106		1
1	79	-1	0	106		0
1	10	-1	0	106		0
1	1	-1	0	106		0
1	245	-1	0	106		0
1	213	1	14	106		0
1	79	-1	0	106		0
1	14	-1	0	106		0
1	1	-1	0	106		0
1	245	-1	0	106		0
1	213	1	8	106	00310036	1
1	79	-1	0	106		0
1	8	-1	0	106		0
1	1	-1	0	106		0
1	245	-1	0	106		0
1	213	1	8	106	00310030	1
1	79	-1	0	106		0
1	8	-1	0	106		0
1	1	-1	0	106		0
1	245	-1	0	106		0
1	213	1	79	106		0
1	79	-1	0	106		0
1	79	-1	0	106		0
1	1	-1	0	106		0
1	245	-1	0	106		0
1	213	1	79	106		0
1	79	-1	0	106		0
1	218	-1	0	106		0
1	218	-1	0	106		0
1	79	-1	0	106		0
1	1	-1	0	106		0
1	245	-1	0	106		0
1	213	1	10	106	0062	1
1	79	-1	0	106		0
1	218	-1	0	106		0
1	218	-1	0	106		0
1	10	-1	0	106		0
1	1	-1	0	106		0
1	245	-1	0	106		0
1	213	1	8	106	0030	1
1	79	-1	0	106		0
1	218	-1	0	106		0
1	218	-1	0	106		0
1	8	-1	0	106		0
1	1	-1	0	106		0
1	245	-1	0	106		0
1	212	1	80	106		0
1	79	-1	0	106		0
1	80	-1	0	106		0
1	1	-1	0	106		0
1	245	-1	0	106		0
1	213	1	80	106		0
1	79	-1	0	106		0
1	80	-1	0	106		0
1	1	-1	0	106		0
1	245	-1	0	106		0
1	213	1	10	106	d83dde00	1
1	79	-1	0	106		0
1	10	-1	0	106		0
1	1	-1	0	106		0
1	245	-1	0	106		0
1	213	1	10	106	00610062	1
1	79	-1	0	106		0
1	10	-1	0	106		0
1	1	-1	0	106		0
1	245	-1	0	106		0
1	213	1	10	106	0061000a	1
1	79	-1	0	106		0
1	10	-1	0	106		0
1	1	-1	0	106		0
1	245	-1	0	106		0
1	213	1	111	106		0
1	79	-1	0	106		0
1	111	-1	0	106		0
1	1	-1	0	106		0
1	245	-1	0	106		0
1	213	1	9	106		0
1	79	-1	0	106		0
1	9	-1	0	106		0
1	1	-1	0	106		0
1	245	-1	0	106		0
1	213	1	227	106		0
1	79	-1	0	106		0
1	227	-1	0	106		0
1	79	-1	0	106		0
1	39	-1	0	106		0
1	10	-1	0	106		0
1	1	-1	0	106		0
1	245	-1	0	106		0
1	212	1	79	106		0
1	79	-1	0	106		0
1	28	-1	0	106		0
1	79	-1	0	106		0
1	1	-1	0	106		0
1	245	-1	0	106		0
1	213	1	10	106	0062	1
1	79	-1	0	106		0
1	28	-1	0	106		0
1	10	-1	0	106		0
1	1	-1	0	106		0
1	245	-1	0	106		0
1	218	-1	0	106		0
1	212	1	79	106		0
1	79	-1	0	106		0
1	79	-1	0	106		0
1	1	-1	0	106		0
1	245	-1	0	106		0
1	214	-1	0	106		0
1	79	-1	0	106		0
1	1	-1	0	106		0
1	245	-1	0	106		0
1	213	1	229	106		0
1	79	-1	0	106		0
1	229	-1	0	106		0
1	15	-1	0	106		0
1	240	-1	0	106		0
1	79	-1	0	106		0
1	17	-1	0	106		0
1	1	-1	0	106		0
0	0	-1	0	107		0
1	245	-1	0	107		0
1	212	1	79	107	0062	1
1	79	-1	0	107		0
1	79	-1	0	107		0
1	1	-1	0	107		0
1	245	-1	0	107		0
1	213	1	10	107	0062	1
1	79	-1	0	107		0
1	10	-1	0	107		0
1	1	-1	0	107		0
1	245	-1	0	107		0
1	213	1	10	107		1
1	79	-1	0	107		0
1	10	-1	0	107		0
1	1	-1	0	107		0
1	245	-1	0	107		0
1	213	1	14	107		0
1	79	-1	0	107		0
1	14	-1	0	107		0
1	1	-1	0	107		0
1	245	-1	0	107		0
1	213	1	8	107	00310036	1
1	79	-1	0	107		0
1	8	-1	0	107		0
1	1	-1	0	107		0
1	245	-1	0	107		0
1	213	1	8	107	00310030	1
1	79	-1	0	107		0
1	8	-1	0	107		0
1	1	-1	0	107		0
1	245	-1	0	107		0
1	213	1	79	107	007600610072006900610062006c0065	1
1	79	-1	0	107		0
1	79	-1	0	107		0
1	1	-1	0	107		0
1	245	-1	0	107		0
1	213	1	79	107	007600610072006900610062006c0065	1
1	79	-1	0	107		0
1	218	-1	0	107		0
1	218	-1	0	107		0
1	79	-1	0	107		0
1	1	-1	0	107		0
1	245	-1	0	107		0
1	213	1	10	107	0062	1
1	79	-1	0	107		0
1	218	-1	0	107		0
1	218	-1	0	107		0
1	10	-1	0	107		0
1	1	-1	0	107		0
1	245	-1	0	107		0
1	213	1	8	107	0030	1
1	79	-1	0	107		0
1	218	-1	0	107		0
1	218	-1	0	107		0
1	8	-1	0	107		0
1	1	-1	0	107		0
1	245	-1	0	107		0
1	212	1	80	107		0
1	79	-1	0	107		0
1	80	-1	0	107		0
1	1	-1	0	107		0
1	245	-1	0	107		0
1	213	1	80	107		0
1	79	-1	0	107		0
1	80	-1	0	107		0
1	1	-1	0	107		0
1	245	-1	0	107		0
1	213	1	10	107	d83dde00	1
1	79	-1	0	107		0
1	10	-1	0	107		0
1	1	-1	0	107		0
1	245	-1	0	107		0
1	213	1	10	107	00610062	1
1	79	-1	0	107		0
1	10	-1	0	107		0
1	1	-1	0	107		0
1	245	-1	0	107		0
1	213	1	10	107	0061000a	1
1	79	-1	0	107		0
1	10	-1	0	107		0
1	1	-1	0	107		0
1	245	-1	0	107		0
1	213	1	111	107		0
1	79	-1	0	107		0
1	111	-1	0	107		0
1	1	-1	0	107		0
1	245	-1	0	107		0
1	213	1	9	107		0
1	79	-1	0	107		0
1	9	-1	0	107		0
1	1	-1	0	107		0
1	245	-1	0	107		0
1	213	1	227	107		0
1	79	-1	0	107		0
1	227	-1	0	107		0
1	79	-1	0	107		0
1	39	-1	0	107		0
1	10	-1	0	107		0
1	1	-1	0	107		0
1	245	-1	0	107		0
1	212	1	79	107	0062	1
1	79	-1	0	107		0
1	28	-1	0	107		0
1	79	-1	0	107		0
1	1	-1	0	107		0
1	245	-1	0	107		0
1	213	1	10	107	0062	1
1	79	-1	0	107		0
1	28	-1	0	107		0
1	10	-1	0	107		0
1	1	-1	0	107		0
1	245	-1	0	107		0
1	218	-1	0	107		0
1	212	1	79	107	0062	1
1	79	-1	0	107		0
1	79	-1	0	107		0
1	1	-1	0	107		0
1	245	-1	0	107		0
1	214	-1	0	107		0
1	79	-1	0	107		0
1	1	-1	0	107		0
1	245	-1	0	107		0
1	213	1	229	107		0
1	79	-1	0	107		0
1	229	-1	0	107		0
1	15	-1	0	107		0
1	240	-1	0	107		0
1	79	-1	0	107		0
1	17	-1	0	107		0
1	1	-1	0	107		0
0	0	-1	0	108		0
1	245	-1	0	108		0
1	212	1	79	108		0
1	79	-1	0	108		0
1	79	-1	0	108		0
1	1	-1	0	108		0
1	245	-1	0	108		0
1	213	1	10	108		0
1	79	-1	0	108		0
1	10	-1	0	108		0
1	1	-1	0	108		0
1	245	-1	0	108		0
1	213	1	10	108		0
1	79	-1	0	108		0
1	10	-1	0	108		0
1	1	-1	0	108		0
1	245	-1	0	108		0
1	213	1	14	108	0062	1
1	79	-1	0	108		0
1	14	-1	0	108		0
1	1	-1	0	108		0
1	245	-1	0	108		0
1	213	1	8	108	00310036	1
1	79	-1	0	108		0
1	8	-1	0	108		0
1	1	-1	0	108		0
1	245	-1	0	108		0
1	213	1	8	108	00310030	1
1	79	-1	0	108		0
1	8	-1	0	108		0
1	1	-1	0	108		0
1	245	-1	0	108		0
1	213	1	79	108		0
1	79	-1	0	108		0
1	79	-1	0	108		0
1	1	-1	0	108		0
1	245	-1	0	108		0
1	213	1	79	108		0
1	79	-1	0	108		0
1	218	-1	0	108		0
1	218	-1	0	108		0
1	79	-1	0	108		0
1	1	-1	0	108		0
1	245	-1	0	108		0
1	213	1	10	108		0
1	79	-1	0	108		0
1	218	-1	0	108		0
1	218	-1	0	108		0
1	10	-1	0	108		0
1	1	-1	0	108		0
1	245	-1	0	108		0
1	213	1	8	108	0030	1
1	79	-1	0	108		0
1	218	-1	0	108		0
1	218	-1	0	108		0
1	8	-1	0	108		0
1	1	-1	0	108		0
1	245	-1	0	108		0
1	212	1	80	108		0
1	79	-1	0	108		0
1	80	-1	0	108		0
1	1	-1	0	108		0
1	245	-1	0	108		0
1	213	1	80	108		0
1	79	-1	0	108		0
1	80	-1	0	108		0
1	1	-1	0	108		0
1	245	-1	0	108		0
1	213	1	10	108		0
1	79	-1	0	108		0
1	10	-1	0	108		0
1	1	-1	0	108		0
1	245	-1	0	108		0
1	213	1	10	108		0
1	79	-1	0	108		0
1	10	-1	0	108		0
1	1	-1	0	108		0
1	245	-1	0	108		0
1	213	1	10	108		0
1	79	-1	0	108		0
1	10	-1	0	108		0
1	1	-1	0	108		0
1	245	-1	0	108		0
1	213	1	111	108		0
1	79	-1	0	108		0
1	111	-1	0	108		0
1	1	-1	0	108		0
1	245	-1	0	108		0
1	213	1	9	108		0
1	79	-1	0	108		0
1	9	-1	0	108		0
1	1	-1	0	108		0
1	245	-1	0	108		0
1	213	1	227	108		0
1	79	-1	0	108		0
1	227	-1	0	108		0
1	79	-1	0	108		0
1	39	-1	0	108		0
1	10	-1	0	108		0
1	1	-1	0	108		0
1	245	-1	0	108		0
1	212	1	79	108		0
1	79	-1	0	108		0
1	28	-1	0	108		0
1	79	-1	0	108		0
1	1	-1	0	108		0
1	245	-1	0	108		0
1	213	1	10	108		0
1	79	-1	0	108		0
1	28	-1	0	108		0
1	10	-1	0	108		0
1	1	-1	0	108		0
1	245	-1	0	108		0
1	218	-1	0	108		0
1	212	1	79	108		0
1	79	-1	0	108		0
1	79	-1	0	108		0
1	1	-1	0	108		0
1	245	-1	0	108		0
1	214	-1	0	108		0
1	79	-1	0	108		0
1	1	-1	0	108		0
1	245	-1	0	108		0
1	213	1	229	108		0
1	79	-1	0	108		0
1	229	-1	0	108		0
1	15	-1	0	108		0
1	240	-1	0	108		0
1	79	-1	0	108		0
1	17	-1	0	108		0
1	1	-1	0	108		0
0	0	-1	0	109		0
1	245	-1	0	109		0
1	212	1	79	109	0062	1
1	79	-1	0	109		0
1	79	-1	0	109		0
1	1	-1	0	109		0
1	245	-1	0	109		0
1	213	1	10	109		0
1	79	-1	0	109		0
1	10	-1	0	109		0
1	1	-1	0	109		0
1	245	-1	0	109		0
1	213	1	10	109		0
1	79	-1	0	109		0
1	10	-1	0	109		0
1	1	-1	0	109		0
1	245	-1	0	109		0
1	213	1	14	109	0062	1
1	79	-1	0	109		0
1	14	-1	0	109		0
1	1	-1	0	109		0
1	245	-1	0	109		0
1	213	1	8	109	00310036	1
1	79	-1	0	109		0
1	8	-1	0	109		0
1	1	-1	0	109		0
1	245	-1	0	109		0
1	213	1	8	109	00310030	1
1	79	-1	0	109		0
1	8	-1	0	109		0
1	1	-1	0	109		0
1	245	-1	0	109		0
1	213	1	79	109	007600610072006900610062006c0065	1
1	79	-1	0	109		0
1	79	-1	0	109		0
1	1	-1	0	109		0
1	245	-1	0	109		0
1	213	1	79	109	007600610072006900610062006c0065	1
1	79	-1	0	109		0
1	218	-1	0	109		0
1	218	-1	0	109		0
1	79	-1	0	109		0
1	1	-1	0	109		0
1	245	-1	0	109		0
1	213	1	10	109		0
1	79	-1	0	109		0
1	218	-1	0	109		0
1	218	-1	0	109		0
1	10	-1	0	109		0
1	1	-1	0	109		0
1	245	-1	0	109		0
1	213	1	8	109	0030	1
1	79	-1	0	109		0
1	218	-1	0	109		0
1	218	-1	0	109		0
1	8	-1	0	109		0
1	1	-1	0	109		0
1	245	-1	0	109		0
1	212	1	80	109		0
1	79	-1	0	109		0
1	80	-1	0	109		0
1	1	-1	0	109		0
1	245	-1	0	109		0
1	213	1	80	109		0
1	79	-1	0	109		0
1	80	-1	0	109		0
1	1	-1	0	109		0
1	245	-1	0	109		0
1	213	1	10	109		0
1	79	-1	0	109		0
1	10	-1	0	109		0
1	1	-1	0	109		0
1	245	-1	0	109		0
1	213	1	10	109		0
1	79	-1	0	109		0
1	10	-1	0	109		0
1	1	-1	0	109		0
1	245	-1	0	109		0
1	213	1	10	109		0
1	79	-1	0	109		0
1	10	-1	0	109		0
1	1	-1	0	109		0
1	245	-1	0	109		0
1	213	1	111	109		0
1	79	-1	0	109		0
1	111	-1	0	109		0
1	1	-1	0	109		0
1	245	-1	0	109		0
1	213	1	9	109		0
1	79	-1	0	109		0
1	9	-1	0	109		0
1	1	-1	0	109		0
1	245	-1	0	109		0
1	213	1	227	109		0
1	79	-1	0	109		0
1	227	-1	0	109		0
1	79	-1	0	109		0
1	39	-1	0	109		0
1	10	-1	0	109		0
1	1	-1	0	109		0
1	245	-1	0	109		0
1	212	1	79	109	0062	1
1	79	-1	0	109		0
1	28	-1	0	109		0
1	79	-1	0	109		0
1	1	-1	0	109		0
1	245	-1	0	109		0
1	213	1	10	109		0
1	79	-1	0	109		0
1	28	-1	0	109		0
1	10	-1	0	109		0
1	1	-1	0	109		0
1	245	-1	0	109		0
1	218	-1	0	109		0
1	212	1	79	109	0062	1
1	79	-1	0	109		0
1	79	-1	0	109		0
1	1	-1	0	109		0
1	245	-1	0	109		0
1	214	-1	0	109		0
1	79	-1	0	109		0
1	1	-1	0	109		0
1	245	-1	0	109		0
1	213	1	229	109		0
1	79	-1	0	109		0
1	229	-1	0	109		0
1	15	-1	0	109		0
1	240	-1	0	109		0
1	79	-1	0	109		0
1	17	-1	0	109		0
1	1	-1	0	109		0
0	0	-1	0	110		0
1	245	-1	0	110		0
1	212	1	79	110		0
1	79	-1	0	110		0
1	79	-1	0	110		0
1	1	-1	0	110		0
1	245	-1	0	110		0
1	213	1	10	110	0062	1
1	79	-1	0	110		0
1	10	-1	0	110		0
1	1	-1	0	110		0
1	245	-1	0	110		0
1	213	1	10	110		1
1	79	-1	0	110		0
1	10	-1	0	110		0
1	1	-1	0	110		0
1	245	-1	0	110		0
1	213	1	14	110	0062	1
1	79	-1	0	110		0
1	14	-1	0	110		0
1	1	-1	0	110		0
1	245	-1	0	110		0
1	213	1	8	110	00310036	1
1	79	-1	0	110		0
1	8	-1	0	110		0
1	1	-1	0	110		0
1	245	-1	0	110		0
1	213	1	8	110	00310030	1
1	79	-1	0	110		0
1	8	-1	0	110		0
1	1	-1	0	110		0
1	245	-1	0	110		0
1	213	1	79	110		0
1	79	-1	0	110		0
1	79	-1	0	110		0
1	1	-1	0	110		0
1	245	-1	0	110		0
1	213	1	79	110		0
1	79	-1	0	110		0
1	218	-1	0	110		0
1	218	-1	0	110		0
1	79	-1	0	110		0
1	1	-1	0	110		0
1	245	-1	0	110		0
1	213	1	10	110	0062	1
1	79	-1	0	110		0
1	218	-1	0	110		0
1	218	-1	0	110		0
1	10	-1	0	110		0
1	1	-1	0	110		0
1	245	-1	0	110		0
1	213	1	8	110	0030	1
1	79	-1	0	110		0
1	218	-1	0	110		0
1	218	-1	0	110		0
1	8	-1	0	110		0
1	1	-1	0	110		0
1	245	-1	0	110		0
1	212	1	80	110		0
1	79	-1	0	110		0
1	80	-1	0	110		0
1	1	-1	0	110		0
1	245	-1	0	110		0
1	213	1	80	110		0
1	79	-1	0	110		0
1	80	-1	0	110		0
1	1	-1	0	110		0
1	245	-1	0	110		0
1	213	1	10	110	d83dde00	1
1	79	-1	0	110		0
1	10	-1	0	110		0
1	1	-1	0	110		0
1	245	-1	0	110		0
1	213	1	10	110	00610062	1
1	79	-1	0	110		0
1	10	-1	0	110		0
1	1	-1	0	110		0
1	245	-1	0	110		0
1	213	1	10	110	0061000a	1
1	79	-1	0	110		0
1	10	-1	0	110		0
1	1	-1	0	110		0
1	245	-1	0	110		0
1	213	1	111	110		0
1	79	-1	0	110		0
1	111	-1	0	110		0
1	1	-1	0	110		0
1	245	-1	0	110		0
1	213	1	9	110		0
1	79	-1	0	110		0
1	9	-1	0	110		0
1	1	-1	0	110		0
1	245	-1	0	110		0
1	213	1	227	110		0
1	79	-1	0	110		0
1	227	-1	0	110		0
1	79	-1	0	110		0
1	39	-1	0	110		0
1	10	-1	0	110		0
1	1	-1	0	110		0
1	245	-1	0	110		0
1	212	1	79	110		0
1	79	-1	0	110		0
1	28	-1	0	110		0
1	79	-1	0	110		0
1	1	-1	0	110		0
1	245	-1	0	110		0
1	213	1	10	110	0062	1
1	79	-1	0	110		0
1	28	-1	0	110		0
1	10	-1	0	110		0
1	1	-1	0	110		0
1	245	-1	0	110		0
1	218	-1	0	110		0
1	212	1	79	110		0
1	79	-1	0	110		0
1	79	-1	0	110		0
1	1	-1	0	110		0
1	245	-1	0	110		0
1	214	-1	0	110		0
1	79	-1	0	110		0
1	1	-1	0	110		0
1	245	-1	0	110		0
1	213	1	229	110		0
1	79	-1	0	110		0
1	229	-1	0	110		0
1	15	-1	0	110		0
1	240	-1	0	110		0
1	79	-1	0	110		0
1	17	-1	0	110		0
1	1	-1	0	110		0
0	0	-1	0	111		0
1	245	-1	0	111		0
1	212	1	79	111	0062	1
1	79	-1	0	111		0
1	79	-1	0	111		0
1	1	-1	0	111		0
1	245	-1	0	111		0
1	213	1	10	111	0062	1
1	79	-1	0	111		0
1	10	-1	0	111		0
1	1	-1	0	111		0
1	245	-1	0	111		0
1	213	1	10	111		1
1	79	-1	0	111		0
1	10	-1	0	111		0
1	1	-1	0	111		0
1	245	-1	0	111		0
1	213	1	14	111	0062	1
1	79	-1	0	111		0
1	14	-1	0	111		0
1	1	-1	0	111		0
1	245	-1	0	111		0
1	213	1	8	111	00310036	1
1	79	-1	0	111		0
1	8	-1	0	111		0
1	1	-1	0	111		0
1	245	-1	0	111		0
1	213	1	8	111	00310030	1
1	79	-1	0	111		0
1	8	-1	0	111		0
1	1	-1	0	111		0
1	245	-1	0	111		0
1	213	1	79	111	007600610072006900610062006c0065	1
1	79	-1	0	111		0
1	79	-1	0	111		0
1	1	-1	0	111		0
1	245	-1	0	111		0
1	213	1	79	111	007600610072006900610062006c0065	1
1	79	-1	0	111		0
1	218	-1	0	111		0
1	218	-1	0	111		0
1	79	-1	0	111		0
1	1	-1	0	111		0
1	245	-1	0	111		0
1	213	1	10	111	0062	1
1	79	-1	0	111		0
1	218	-1	0	111		0
1	218	-1	0	111		0
1	10	-1	0	111		0
1	1	-1	0	111		0
1	245	-1	0	111		0
1	213	1	8	111	0030	1
1	79	-1	0	111		0
1	218	-1	0	111		0
1	218	-1	0	111		0
1	8	-1	0	111		0
1	1	-1	0	111		0
1	245	-1	0	111		0
1	212	1	80	111		0
1	79	-1	0	111		0
1	80	-1	0	111		0
1	1	-1	0	111		0
1	245	-1	0	111		0
1	213	1	80	111		0
1	79	-1	0	111		0
1	80	-1	0	111		0
1	1	-1	0	111		0
1	245	-1	0	111		0
1	213	1	10	111	d83dde00	1
1	79	-1	0	111		0
1	10	-1	0	111		0
1	1	-1	0	111		0
1	245	-1	0	111		0
1	213	1	10	111	00610062	1
1	79	-1	0	111		0
1	10	-1	0	111		0
1	1	-1	0	111		0
1	245	-1	0	111		0
1	213	1	10	111	0061000a	1
1	79	-1	0	111		0
1	10	-1	0	111		0
1	1	-1	0	111		0
1	245	-1	0	111		0
1	213	1	111	111		0
1	79	-1	0	111		0
1	111	-1	0	111		0
1	1	-1	0	111		0
1	245	-1	0	111		0
1	213	1	9	111		0
1	79	-1	0	111		0
1	9	-1	0	111		0
1	1	-1	0	111		0
1	245	-1	0	111		0
1	213	1	227	111		0
1	79	-1	0	111		0
1	227	-1	0	111		0
1	79	-1	0	111		0
1	39	-1	0	111		0
1	10	-1	0	111		0
1	1	-1	0	111		0
1	245	-1	0	111		0
1	212	1	79	111	0062	1
1	79	-1	0	111		0
1	28	-1	0	111		0
1	79	-1	0	111		0
1	1	-1	0	111		0
1	245	-1	0	111		0
1	213	1	10	111	0062	1
1	79	-1	0	111		0
1	28	-1	0	111		0
1	10	-1	0	111		0
1	1	-1	0	111		0
1	245	-1	0	111		0
1	218	-1	0	111		0
1	212	1	79	111	0062	1
1	79	-1	0	111		0
1	79	-1	0	111		0
1	1	-1	0	111		0
1	245	-1	0	111		0
1	214	-1	0	111		0
1	79	-1	0	111		0
1	1	-1	0	111		0
1	245	-1	0	111		0
1	213	1	229	111		0
1	79	-1	0	111		0
1	229	-1	0	111		0
1	15	-1	0	111		0
1	240	-1	0	111		0
1	79	-1	0	111		0
1	17	-1	0	111		0
1	1	-1	0	111		0
0	0	-1	0	112		0
1	245	-1	0	112		0
1	212	1	79	112		0
1	79	-1	0	112		0
1	79	-1	0	112		0
1	1	-1	0	112		0
1	245	-1	0	112		0
1	213	1	10	112		0
1	79	-1	0	112		0
1	10	-1	0	112		0
1	1	-1	0	112		0
1	245	-1	0	112		0
1	213	1	10	112		0
1	79	-1	0	112		0
1	10	-1	0	112		0
1	1	-1	0	112		0
1	245	-1	0	112		0
1	213	1	14	112		0
1	79	-1	0	112		0
1	14	-1	0	112		0
1	1	-1	0	112		0
1	245	-1	0	112		0
1	213	1	8	112		0
1	79	-1	0	112		0
1	8	-1	0	112		0
1	1	-1	0	112		0
1	245	-1	0	112		0
1	213	1	8	112		0
1	79	-1	0	112		0
1	8	-1	0	112		0
1	1	-1	0	112		0
1	245	-1	0	112		0
1	213	1	79	112		0
1	79	-1	0	112		0
1	79	-1	0	112		0
1	1	-1	0	112		0
1	245	-1	0	112		0
1	213	1	79	112		0
1	79	-1	0	112		0
1	218	-1	0	112		0
1	218	-1	0	112		0
1	79	-1	0	112		0
1	1	-1	0	112		0
1	245	-1	0	112		0
1	213	1	10	112		0
1	79	-1	0	112		0
1	218	-1	0	112		0
1	218	-1	0	112		0
1	10	-1	0	112		0
1	1	-1	0	112		0
1	245	-1	0	112		0
1	213	1	8	112		0
1	79	-1	0	112		0
1	218	-1	0	112		0
1	218	-1	0	112		0
1	8	-1	0	112		0
1	1	-1	0	112		0
1	245	-1	0	112		0
1	212	1	80	112	00230070007200690076006100740065	1
1	79	-1	0	112		0
1	80	-1	0	112		0
1	1	-1	0	112		0
1	245	-1	0	112		0
1	213	1	80	112	00230070007200690076006100740065	1
1	79	-1	0	112		0
1	80	-1	0	112		0
1	1	-1	0	112		0
1	245	-1	0	112		0
1	213	1	10	112		0
1	79	-1	0	112		0
1	10	-1	0	112		0
1	1	-1	0	112		0
1	245	-1	0	112		0
1	213	1	10	112		0
1	79	-1	0	112		0
1	10	-1	0	112		0
1	1	-1	0	112		0
1	245	-1	0	112		0
1	213	1	10	112		0
1	79	-1	0	112		0
1	10	-1	0	112		0
1	1	-1	0	112		0
1	245	-1	0	112		0
1	213	1	111	112		0
1	79	-1	0	112		0
1	111	-1	0	112		0
1	1	-1	0	112		0
1	245	-1	0	112		0
1	213	1	9	112		0
1	79	-1	0	112		0
1	9	-1	0	112		0
1	1	-1	0	112		0
1	245	-1	0	112		0
1	213	1	227	112		0
1	79	-1	0	112		0
1	227	-1	0	112		0
1	79	-1	0	112		0
1	39	-1	0	112		0
1	10	-1	0	112		0
1	1	-1	0	112		0
1	245	-1	0	112		0
1	212	1	79	112		0
1	79	-1	0	112		0
1	28	-1	0	112		0
1	79	-1	0	112		0
1	1	-1	0	112		0
1	245	-1	0	112		0
1	213	1	10	112		0
1	79	-1	0	112		0
1	28	-1	0	112		0
1	10	-1	0	112		0
1	1	-1	0	112		0
1	245	-1	0	112		0
1	218	-1	0	112		0
1	212	1	79	112		0
1	79	-1	0	112		0
1	79	-1	0	112		0
1	1	-1	0	112		0
1	245	-1	0	112		0
1	214	-1	0	112		0
1	79	-1	0	112		0
1	1	-1	0	112		0
1	245	-1	0	112		0
1	213	1	229	112		0
1	79	-1	0	112		0
1	229	-1	0	112		0
1	15	-1	0	112		0
1	240	-1	0	112		0
1	79	-1	0	112		0
1	17	-1	0	112		0
1	1	-1	0	112		0
0	0	-1	0	113		0
1	245	-1	0	113		0
1	212	1	79	113	0062	1
1	79	-1	0	113		0
1	79	-1	0	113		0
1	1	-1	0	113		0
1	245	-1	0	113		0
1	213	1	10	113		0
1	79	-1	0	113		0
1	10	-1	0	113		0
1	1	-1	0	113		0
1	245	-1	0	113		0
1	213	1	10	113		0
1	79	-1	0	113		0
1	10	-1	0	113		0
1	1	-1	0	113		0
1	245	-1	0	113		0
1	213	1	14	113		0
1	79	-1	0	113		0
1	14	-1	0	113		0
1	1	-1	0	113		0
1	245	-1	0	113		0
1	213	1	8	113		0
1	79	-1	0	113		0
1	8	-1	0	113		0
1	1	-1	0	113		0
1	245	-1	0	113		0
1	213	1	8	113		0
1	79	-1	0	113		0
1	8	-1	0	113		0
1	1	-1	0	113		0
1	245	-1	0	113		0
1	213	1	79	113	007600610072006900610062006c0065	1
1	79	-1	0	113		0
1	79	-1	0	113		0
1	1	-1	0	113		0
1	245	-1	0	113		0
1	213	1	79	113	007600610072006900610062006c0065	1
1	79	-1	0	113		0
1	218	-1	0	113		0
1	218	-1	0	113		0
1	79	-1	0	113		0
1	1	-1	0	113		0
1	245	-1	0	113		0
1	213	1	10	113		0
1	79	-1	0	113		0
1	218	-1	0	113		0
1	218	-1	0	113		0
1	10	-1	0	113		0
1	1	-1	0	113		0
1	245	-1	0	113		0
1	213	1	8	113		0
1	79	-1	0	113		0
1	218	-1	0	113		0
1	218	-1	0	113		0
1	8	-1	0	113		0
1	1	-1	0	113		0
1	245	-1	0	113		0
1	212	1	80	113	00230070007200690076006100740065	1
1	79	-1	0	113		0
1	80	-1	0	113		0
1	1	-1	0	113		0
1	245	-1	0	113		0
1	213	1	80	113	00230070007200690076006100740065	1
1	79	-1	0	113		0
1	80	-1	0	113		0
1	1	-1	0	113		0
1	245	-1	0	113		0
1	213	1	10	113		0
1	79	-1	0	113		0
1	10	-1	0	113		0
1	1	-1	0	113		0
1	245	-1	0	113		0
1	213	1	10	113		0
1	79	-1	0	113		0
1	10	-1	0	113		0
1	1	-1	0	113		0
1	245	-1	0	113		0
1	213	1	10	113		0
1	79	-1	0	113		0
1	10	-1	0	113		0
1	1	-1	0	113		0
1	245	-1	0	113		0
1	213	1	111	113		0
1	79	-1	0	113		0
1	111	-1	0	113		0
1	1	-1	0	113		0
1	245	-1	0	113		0
1	213	1	9	113		0
1	79	-1	0	113		0
1	9	-1	0	113		0
1	1	-1	0	113		0
1	245	-1	0	113		0
1	213	1	227	113		0
1	79	-1	0	113		0
1	227	-1	0	113		0
1	79	-1	0	113		0
1	39	-1	0	113		0
1	10	-1	0	113		0
1	1	-1	0	113		0
1	245	-1	0	113		0
1	212	1	79	113	0062	1
1	79	-1	0	113		0
1	28	-1	0	113		0
1	79	-1	0	113		0
1	1	-1	0	113		0
1	245	-1	0	113		0
1	213	1	10	113		0
1	79	-1	0	113		0
1	28	-1	0	113		0
1	10	-1	0	113		0
1	1	-1	0	113		0
1	245	-1	0	113		0
1	218	-1	0	113		0
1	212	1	79	113	0062	1
1	79	-1	0	113		0
1	79	-1	0	113		0
1	1	-1	0	113		0
1	245	-1	0	113		0
1	214	-1	0	113		0
1	79	-1	0	113		0
1	1	-1	0	113		0
1	245	-1	0	113		0
1	213	1	229	113		0
1	79	-1	0	113		0
1	229	-1	0	113		0
1	15	-1	0	113		0
1	240	-1	0	113		0
1	79	-1	0	113		0
1	17	-1	0	113		0
1	1	-1	0	113		0
0	0	-1	0	114		0
1	245	-1	0	114		0
1	212	1	79	114		0
1	79	-1	0	114		0
1	79	-1	0	114		0
1	1	-1	0	114		0
1	245	-1	0	114		0
1	213	1	10	114	0062	1
1	79	-1	0	114		0
1	10	-1	0	114		0
1	1	-1	0	114		0
1	245	-1	0	114		0
1	213	1	10	114		1
1	79	-1	0	114		0
1	10	-1	0	114		0
1	1	-1	0	114		0
1	245	-1	0	114		0
1	213	1	14	114		0
1	79	-1	0	114		0
1	14	-1	0	114		0
1	1	-1	0	114		0
1	245	-1	0	114		0
1	213	1	8	114		0
1	79	-1	0	114		0
1	8	-1	0	114		0
1	1	-1	0	114		0
1	245	-1	0	114		0
1	213	1	8	114		0
1	79	-1	0	114		0
1	8	-1	0	114		0
1	1	-1	0	114		0
1	245	-1	0	114		0
1	213	1	79	114		0
1	79	-1	0	114		0
1	79	-1	0	114		0
1	1	-1	0	114		0
1	245	-1	0	114		0
1	213	1	79	114		0
1	79	-1	0	114		0
1	218	-1	0	114		0
1	218	-1	0	114		0
1	79	-1	0	114		0
1	1	-1	0	114		0
1	245	-1	0	114		0
1	213	1	10	114	0062	1
1	79	-1	0	114		0
1	218	-1	0	114		0
1	218	-1	0	114		0
1	10	-1	0	114		0
1	1	-1	0	114		0
1	245	-1	0	114		0
1	213	1	8	114		0
1	79	-1	0	114		0
1	218	-1	0	114		0
1	218	-1	0	114		0
1	8	-1	0	114		0
1	1	-1	0	114		0
1	245	-1	0	114		0
1	212	1	80	114	00230070007200690076006100740065	1
1	79	-1	0	114		0
1	80	-1	0	114		0
1	1	-1	0	114		0
1	245	-1	0	114		0
1	213	1	80	114	00230070007200690076006100740065	1
1	79	-1	0	114		0
1	80	-1	0	114		0
1	1	-1	0	114		0
1	245	-1	0	114		0
1	213	1	10	114	d83dde00	1
1	79	-1	0	114		0
1	10	-1	0	114		0
1	1	-1	0	114		0
1	245	-1	0	114		0
1	213	1	10	114	00610062	1
1	79	-1	0	114		0
1	10	-1	0	114		0
1	1	-1	0	114		0
1	245	-1	0	114		0
1	213	1	10	114	0061000a	1
1	79	-1	0	114		0
1	10	-1	0	114		0
1	1	-1	0	114		0
1	245	-1	0	114		0
1	213	1	111	114		0
1	79	-1	0	114		0
1	111	-1	0	114		0
1	1	-1	0	114		0
1	245	-1	0	114		0
1	213	1	9	114		0
1	79	-1	0	114		0
1	9	-1	0	114		0
1	1	-1	0	114		0
1	245	-1	0	114		0
1	213	1	227	114		0
1	79	-1	0	114		0
1	227	-1	0	114		0
1	79	-1	0	114		0
1	39	-1	0	114		0
1	10	-1	0	114		0
1	1	-1	0	114		0
1	245	-1	0	114		0
1	212	1	79	114		0
1	79	-1	0	114		0
1	28	-1	0	114		0
1	79	-1	0	114		0
1	1	-1	0	114		0
1	245	-1	0	114		0
1	213	1	10	114	0062	1
1	79	-1	0	114		0
1	28	-1	0	114		0
1	10	-1	0	114		0
1	1	-1	0	114		0
1	245	-1	0	114		0
1	218	-1	0	114		0
1	212	1	79	114		0
1	79	-1	0	114		0
1	79	-1	0	114		0
1	1	-1	0	114		0
1	245	-1	0	114		0
1	214	-1	0	114		0
1	79	-1	0	114		0
1	1	-1	0	114		0
1	245	-1	0	114		0
1	213	1	229	114		0
1	79	-1	0	114		0
1	229	-1	0	114		0
1	15	-1	0	114		0
1	240	-1	0	114		0
1	79	-1	0	114		0
1	17	-1	0	114		0
1	1	-1	0	114		0
0	0	-1	0	115		0
1	245	-1	0	115		0
1	212	1	79	115	0062	1
1	79	-1	0	115		0
1	79	-1	0	115		0
1	1	-1	0	115		0
1	245	-1	0	115		0
1	213	1	10	115	0062	1
1	79	-1	0	115		0
1	10	-1	0	115		0
1	1	-1	0	115		0
1	245	-1	0	115		0
1	213	1	10	115		1
1	79	-1	0	115		0
1	10	-1	0	115		0
1	1	-1	0	115		0
1	245	-1	0	115		0
1	213	1	14	115		0
1	79	-1	0	115		0
1	14	-1	0	115		0
1	1	-1	0	115		0
1	245	-1	0	115		0
1	213	1	8	115		0
1	79	-1	0	115		0
1	8	-1	0	115		0
1	1	-1	0	115		0
1	245	-1	0	115		0
1	213	1	8	115		0
1	79	-1	0	115		0
1	8	-1	0	115		0
1	1	-1	0	115		0
1	245	-1	0	115		0
1	213	1	79	115	007600610072006900610062006c0065	1
1	79	-1	0	115		0
1	79	-1	0	115		0
1	1	-1	0	115		0
1	245	-1	0	115		0
1	213	1	79	115	007600610072006900610062006c0065	1
1	79	-1	0	115		0
1	218	-1	0	115		0
1	218	-1	0	115		0
1	79	-1	0	115		0
1	1	-1	0	115		0
1	245	-1	0	115		0
1	213	1	10	115	0062	1
1	79	-1	0	115		0
1	218	-1	0	115		0
1	218	-1	0	115		0
1	10	-1	0	115		0
1	1	-1	0	115		0
1	245	-1	0	115		0
1	213	1	8	115		0
1	79	-1	0	115		0
1	218	-1	0	115		0
1	218	-1	0	115		0
1	8	-1	0	115		0
1	1	-1	0	115		0
1	245	-1	0	115		0
1	212	1	80	115	00230070007200690076006100740065	1
1	79	-1	0	115		0
1	80	-1	0	115		0
1	1	-1	0	115		0
1	245	-1	0	115		0
1	213	1	80	115	00230070007200690076006100740065	1
1	79	-1	0	115		0
1	80	-1	0	115		0
1	1	-1	0	115		0
1	245	-1	0	115		0
1	213	1	10	115	d83dde00	1
1	79	-1	0	115		0
1	10	-1	0	115		0
1	1	-1	0	115		0
1	245	-1	0	115		0
1	213	1	10	115	00610062	1
1	79	-1	0	115		0
1	10	-1	0	115		0
1	1	-1	0	115		0
1	245	-1	0	115		0
1	213	1	10	115	0061000a	1
1	79	-1	0	115		0
1	10	-1	0	115		0
1	1	-1	0	115		0
1	245	-1	0	115		0
1	213	1	111	115		0
1	79	-1	0	115		0
1	111	-1	0	115		0
1	1	-1	0	115		0
1	245	-1	0	115		0
1	213	1	9	115		0
1	79	-1	0	115		0
1	9	-1	0	115		0
1	1	-1	0	115		0
1	245	-1	0	115		0
1	213	1	227	115		0
1	79	-1	0	115		0
1	227	-1	0	115		0
1	79	-1	0	115		0
1	39	-1	0	115		0
1	10	-1	0	115		0
1	1	-1	0	115		0
1	245	-1	0	115		0
1	212	1	79	115	0062	1
1	79	-1	0	115		0
1	28	-1	0	115		0
1	79	-1	0	115		0
1	1	-1	0	115		0
1	245	-1	0	115		0
1	213	1	10	115	0062	1
1	79	-1	0	115		0
1	28	-1	0	115		0
1	10	-1	0	115		0
1	1	-1	0	115		0
1	245	-1	0	115		0
1	218	-1	0	115		0
1	212	1	79	115	0062	1
1	79	-1	0	115		0
1	79	-1	0	115		0
1	1	-1	0	115		0
1	245	-1	0	115		0
1	214	-1	0	115		0
1	79	-1	0	115		0
1	1	-1	0	115		0
1	245	-1	0	115		0
1	213	1	229	115		0
1	79	-1	0	115		0
1	229	-1	0	115		0
1	15	-1	0	115		0
1	240	-1	0	115		0
1	79	-1	0	115		0
1	17	-1	0	115		0
1	1	-1	0	115		0
0	0	-1	0	116		0
1	245	-1	0	116		0
1	212	1	79	116		0
1	79	-1	0	116		0
1	79	-1	0	116		0
1	1	-1	0	116		0
1	245	-1	0	116		0
1	213	1	10	116		0
1	79	-1	0	116		0
1	10	-1	0	116		0
1	1	-1	0	116		0
1	245	-1	0	116		0
1	213	1	10	116		0
1	79	-1	0	116		0
1	10	-1	0	116		0
1	1	-1	0	116		0
1	245	-1	0	116		0
1	213	1	14	116	0062	1
1	79	-1	0	116		0
1	14	-1	0	116		0
1	1	-1	0	116		0
1	245	-1	0	116		0
1	213	1	8	116		0
1	79	-1	0	116		0
1	8	-1	0	116		0
1	1	-1	0	116		0
1	245	-1	0	116		0
1	213	1	8	116		0
1	79	-1	0	116		0
1	8	-1	0	116		0
1	1	-1	0	116		0
1	245	-1	0	116		0
1	213	1	79	116		0
1	79	-1	0	116		0
1	79	-1	0	116		0
1	1	-1	0	116		0
1	245	-1	0	116		0
1	213	1	79	116		0
1	79	-1	0	116		0
1	218	-1	0	116		0
1	218	-1	0	116		0
1	79	-1	0	116		0
1	1	-1	0	116		0
1	245	-1	0	116		0
1	213	1	10	116		0
1	79	-1	0	116		0
1	218	-1	0	116		0
1	218	-1	0	116		0
1	10	-1	0	116		0
1	1	-1	0	116		0
1	245	-1	0	116		0
1	213	1	8	116		0
1	79	-1	0	116		0
1	218	-1	0	116		0
1	218	-1	0	116		0
1	8	-1	0	116		0
1	1	-1	0	116		0
1	245	-1	0	116		0
1	212	1	80	116	00230070007200690076006100740065	1
1	79	-1	0	116		0
1	80	-1	0	116		0
1	1	-1	0	116		0
1	245	-1	0	116		0
1	213	1	80	116	00230070007200690076006100740065	1
1	79	-1	0	116		0
1	80	-1	0	116		0
1	1	-1	0	116		0
1	245	-1	0	116		0
1	213	1	10	116		0
1	79	-1	0	116		0
1	10	-1	0	116		0
1	1	-1	0	116		0
1	245	-1	0	116		0
1	213	1	10	116		0
1	79	-1	0	116		0
1	10	-1	0	116		0
1	1	-1	0	116		0
1	245	-1	0	116		0
1	213	1	10	116		0
1	79	-1	0	116		0
1	10	-1	0	116		0
1	1	-1	0	116		0
1	245	-1	0	116		0
1	213	1	111	116		0
1	79	-1	0	116		0
1	111	-1	0	116		0
1	1	-1	0	116		0
1	245	-1	0	116		0
1	213	1	9	116		0
1	79	-1	0	116		0
1	9	-1	0	116		0
1	1	-1	0	116		0
1	245	-1	0	116		0
1	213	1	227	116		0
1	79	-1	0	116		0
1	227	-1	0	116		0
1	79	-1	0	116		0
1	39	-1	0	116		0
1	10	-1	0	116		0
1	1	-1	0	116		0
1	245	-1	0	116		0
1	212	1	79	116		0
1	79	-1	0	116		0
1	28	-1	0	116		0
1	79	-1	0	116		0
1	1	-1	0	116		0
1	245	-1	0	116		0
1	213	1	10	116		0
1	79	-1	0	116		0
1	28	-1	0	116		0
1	10	-1	0	116		0
1	1	-1	0	116		0
1	245	-1	0	116		0
1	218	-1	0	116		0
1	212	1	79	116		0
1	79	-1	0	116		0
1	79	-1	0	116		0
1	1	-1	0	116		0
1	245	-1	0	116		0
1	214	-1	0	116		0
1	79	-1	0	116		0
1	1	-1	0	116		0
1	245	-1	0	116		0
1	213	1	229	116		0
1	79	-1	0	116		0
1	229	-1	0	116		0
1	15	-1	0	116		0
1	240	-1	0	116		0
1	79	-1	0	116		0
1	17	-1	0	116		0
1	1	-1	0	116		0
0	0	-1	0	117		0
1	245	-1	0	117		0
1	212	1	79	117	0062	1
1	79	-1	0	117		0
1	79	-1	0	117		0
1	1	-1	0	117		0
1	245	-1	0	117		0
1	213	1	10	117		0
1	79	-1	0	117		0
1	10	-1	0	117		0
1	1	-1	0	117		0
1	245	-1	0	117		0
1	213	1	10	117		0
1	79	-1	0	117		0
1	10	-1	0	117		0
1	1	-1	0	117		0
1	245	-1	0	117		0
1	213	1	14	117	0062	1
1	79	-1	0	117		0
1	14	-1	0	117		0
1	1	-1	0	117		0
1	245	-1	0	117		0
1	213	1	8	117		0
1	79	-1	0	117		0
1	8	-1	0	117		0
1	1	-1	0	117		0
1	245	-1	0	117		0
1	213	1	8	117		0
1	79	-1	0	117		0
1	8	-1	0	117		0
1	1	-1	0	117		0
1	245	-1	0	117		0
1	213	1	79	117	007600610072006900610062006c0065	1
1	79	-1	0	117		0
1	79	-1	0	117		0
1	1	-1	0	117		0
1	245	-1	0	117		0
1	213	1	79	117	007600610072006900610062006c0065	1
1	79	-1	0	117		0
1	218	-1	0	117		0
1	218	-1	0	117		0
1	79	-1	0	117		0
1	1	-1	0	117		0
1	245	-1	0	117		0
1	213	1	10	117		0
1	79	-1	0	117		0
1	218	-1	0	117		0
1	218	-1	0	117		0
1	10	-1	0	117		0
1	1	-1	0	117		0
1	245	-1	0	117		0
1	213	1	8	117		0
1	79	-1	0	117		0
1	218	-1	0	117		0
1	218	-1	0	117		0
1	8	-1	0	117		0
1	1	-1	0	117		0
1	245	-1	0	117		0
1	212	1	80	117	00230070007200690076006100740065	1
1	79	-1	0	117		0
1	80	-1	0	117		0
1	1	-1	0	117		0
1	245	-1	0	117		0
1	213	1	80	117	00230070007200690076006100740065	1
1	79	-1	0	117		0
1	80	-1	0	117		0
1	1	-1	0	117		0
1	245	-1	0	117		0
1	213	1	10	117		0
1	79	-1	0	117		0
1	10	-1	0	117		0
1	1	-1	0	117		0
1	245	-1	0	117		0
1	213	1	10	117		0
1	79	-1	0	117		0
1	10	-1	0	117		0
1	1	-1	0	117		0
1	245	-1	0	117		0
1	213	1	10	117		0
1	79	-1	0	117		0
1	10	-1	0	117		0
1	1	-1	0	117		0
1	245	-1	0	117		0
1	213	1	111	117		0
1	79	-1	0	117		0
1	111	-1	0	117		0
1	1	-1	0	117		0
1	245	-1	0	117		0
1	213	1	9	117		0
1	79	-1	0	117		0
1	9	-1	0	117		0
1	1	-1	0	117		0
1	245	-1	0	117		0
1	213	1	227	117		0
1	79	-1	0	117		0
1	227	-1	0	117		0
1	79	-1	0	117		0
1	39	-1	0	117		0
1	10	-1	0	117		0
1	1	-1	0	117		0
1	245	-1	0	117		0
1	212	1	79	117	0062	1
1	79	-1	0	117		0
1	28	-1	0	117		0
1	79	-1	0	117		0
1	1	-1	0	117		0
1	245	-1	0	117		0
1	213	1	10	117		0
1	79	-1	0	117		0
1	28	-1	0	117		0
1	10	-1	0	117		0
1	1	-1	0	117		0
1	245	-1	0	117		0
1	218	-1	0	117		0
1	212	1	79	117	0062	1
1	79	-1	0	117		0
1	79	-1	0	117		0
1	1	-1	0	117		0
1	245	-1	0	117		0
1	214	-1	0	117		0
1	79	-1	0	117		0
1	1	-1	0	117		0
1	245	-1	0	117		0
1	213	1	229	117		0
1	79	-1	0	117		0
1	229	-1	0	117		0
1	15	-1	0	117		0
1	240	-1	0	117		0
1	79	-1	0	117		0
1	17	-1	0	117		0
1	1	-1	0	117		0
0	0	-1	0	118		0
1	245	-1	0	118		0
1	212	1	79	118		0
1	79	-1	0	118		0
1	79	-1	0	118		0
1	1	-1	0	118		0
1	245	-1	0	118		0
1	213	1	10	118	0062	1
1	79	-1	0	118		0
1	10	-1	0	118		0
1	1	-1	0	118		0
1	245	-1	0	118		0
1	213	1	10	118		1
1	79	-1	0	118		0
1	10	-1	0	118		0
1	1	-1	0	118		0
1	245	-1	0	118		0
1	213	1	14	118	0062	1
1	79	-1	0	118		0
1	14	-1	0	118		0
1	1	-1	0	118		0
1	245	-1	0	118		0
1	213	1	8	118		0
1	79	-1	0	118		0
1	8	-1	0	118		0
1	1	-1	0	118		0
1	245	-1	0	118		0
1	213	1	8	118		0
1	79	-1	0	118		0
1	8	-1	0	118		0
1	1	-1	0	118		0
1	245	-1	0	118		0
1	213	1	79	118		0
1	79	-1	0	118		0
1	79	-1	0	118		0
1	1	-1	0	118		0
1	245	-1	0	118		0
1	213	1	79	118		0
1	79	-1	0	118		0
1	218	-1	0	118		0
1	218	-1	0	118		0
1	79	-1	0	118		0
1	1	-1	0	118		0
1	245	-1	0	118		0
1	213	1	10	118	0062	1
1	79	-1	0	118		0
1	218	-1	0	118		0
1	218	-1	0	118		0
1	10	-1	0	118		0
1	1	-1	0	118		0
1	245	-1	0	118		0
1	213	1	8	118		0
1	79	-1	0	118		0
1	218	-1	0	118		0
1	218	-1	0	118		0
1	8	-1	0	118		0
1	1	-1	0	118		0
1	245	-1	0	118		0
1	212	1	80	118	00230070007200690076006100740065	1
1	79	-1	0	118		0
1	80	-1	0	118		0
1	1	-1	0	118		0
1	245	-1	0	118		0
1	213	1	80	118	00230070007200690076006100740065	1
1	79	-1	0	118		0
1	80	-1	0	118		0
1	1	-1	0	118		0
1	245	-1	0	118		0
1	213	1	10	118	d83dde00	1
1	79	-1	0	118		0
1	10	-1	0	118		0
1	1	-1	0	118		0
1	245	-1	0	118		0
1	213	1	10	118	00610062	1
1	79	-1	0	118		0
1	10	-1	0	118		0
1	1	-1	0	118		0
1	245	-1	0	118		0
1	213	1	10	118	0061000a	1
1	79	-1	0	118		0
1	10	-1	0	118		0
1	1	-1	0	118		0
1	245	-1	0	118		0
1	213	1	111	118		0
1	79	-1	0	118		0
1	111	-1	0	118		0
1	1	-1	0	118		0
1	245	-1	0	118		0
1	213	1	9	118		0
1	79	-1	0	118		0
1	9	-1	0	118		0
1	1	-1	0	118		0
1	245	-1	0	118		0
1	213	1	227	118		0
1	79	-1	0	118		0
1	227	-1	0	118		0
1	79	-1	0	118		0
1	39	-1	0	118		0
1	10	-1	0	118		0
1	1	-1	0	118		0
1	245	-1	0	118		0
1	212	1	79	118		0
1	79	-1	0	118		0
1	28	-1	0	118		0
1	79	-1	0	118		0
1	1	-1	0	118		0
1	245	-1	0	118		0
1	213	1	10	118	0062	1
1	79	-1	0	118		0
1	28	-1	0	118		0
1	10	-1	0	118		0
1	1	-1	0	118		0
1	245	-1	0	118		0
1	218	-1	0	118		0
1	212	1	79	118		0
1	79	-1	0	118		0
1	79	-1	0	118		0
1	1	-1	0	118		0
1	245	-1	0	118		0
1	214	-1	0	118		0
1	79	-1	0	118		0
1	1	-1	0	118		0
1	245	-1	0	118		0
1	213	1	229	118		0
1	79	-1	0	118		0
1	229	-1	0	118		0
1	15	-1	0	118		0
1	240	-1	0	118		0
1	79	-1	0	118		0
1	17	-1	0	118		0
1	1	-1	0	118		0
0	0	-1	0	119		0
1	245	-1	0	119		0
1	212	1	79	119	0062	1
1	79	-1	0	119		0
1	79	-1	0	119		0
1	1	-1	0	119		0
1	245	-1	0	119		0
1	213	1	10	119	0062	1
1	79	-1	0	119		0
1	10	-1	0	119		0
1	1	-1	0	119		0
1	245	-1	0	119		0
1	213	1	10	119		1
1	79	-1	0	119		0
1	10	-1	0	119		0
1	1	-1	0	119		0
1	245	-1	0	119		0
1	213	1	14	119	0062	1
1	79	-1	0	119		0
1	14	-1	0	119		0
1	1	-1	0	119		0
1	245	-1	0	119		0
1	213	1	8	119		0
1	79	-1	0	119		0
1	8	-1	0	119		0
1	1	-1	0	119		0
1	245	-1	0	119		0
1	213	1	8	119		0
1	79	-1	0	119		0
1	8	-1	0	119		0
1	1	-1	0	119		0
1	245	-1	0	119		0
1	213	1	79	119	007600610072006900610062006c0065	1
1	79	-1	0	119		0
1	79	-1	0	119		0
1	1	-1	0	119		0
1	245	-1	0	119		0
1	213	1	79	119	007600610072006900610062006c0065	1
1	79	-1	0	119		0
1	218	-1	0	119		0
1	218	-1	0	119		0
1	79	-1	0	119		0
1	1	-1	0	119		0
1	245	-1	0	119		0
1	213	1	10	119	0062	1
1	79	-1	0	119		0
1	218	-1	0	119		0
1	218	-1	0	119		0
1	10	-1	0	119		0
1	1	-1	0	119		0
1	245	-1	0	119		0
1	213	1	8	119		0
1	79	-1	0	119		0
1	218	-1	0	119		0
1	218	-1	0	119		0
1	8	-1	0	119		0
1	1	-1	0	119		0
1	245	-1	0	119		0
1	212	1	80	119	00230070007200690076006100740065	1
1	79	-1	0	119		0
1	80	-1	0	119		0
1	1	-1	0	119		0
1	245	-1	0	119		0
1	213	1	80	119	00230070007200690076006100740065	1
1	79	-1	0	119		0
1	80	-1	0	119		0
1	1	-1	0	119		0
1	245	-1	0	119		0
1	213	1	10	119	d83dde00	1
1	79	-1	0	119		0
1	10	-1	0	119		0
1	1	-1	0	119		0
1	245	-1	0	119		0
1	213	1	10	119	00610062	1
1	79	-1	0	119		0
1	10	-1	0	119		0
1	1	-1	0	119		0
1	245	-1	0	119		0
1	213	1	10	119	0061000a	1
1	79	-1	0	119		0
1	10	-1	0	119		0
1	1	-1	0	119		0
1	245	-1	0	119		0
1	213	1	111	119		0
1	79	-1	0	119		0
1	111	-1	0	119		0
1	1	-1	0	119		0
1	245	-1	0	119		0
1	213	1	9	119		0
1	79	-1	0	119		0
1	9	-1	0	119		0
1	1	-1	0	119		0
1	245	-1	0	119		0
1	213	1	227	119		0
1	79	-1	0	119		0
1	227	-1	0	119		0
1	79	-1	0	119		0
1	39	-1	0	119		0
1	10	-1	0	119		0
1	1	-1	0	119		0
1	245	-1	0	119		0
1	212	1	79	119	0062	1
1	79	-1	0	119		0
1	28	-1	0	119		0
1	79	-1	0	119		0
1	1	-1	0	119		0
1	245	-1	0	119		0
1	213	1	10	119	0062	1
1	79	-1	0	119		0
1	28	-1	0	119		0
1	10	-1	0	119		0
1	1	-1	0	119		0
1	245	-1	0	119		0
1	218	-1	0	119		0
1	212	1	79	119	0062	1
1	79	-1	0	119		0
1	79	-1	0	119		0
1	1	-1	0	119		0
1	245	-1	0	119		0
1	214	-1	0	119		0
1	79	-1	0	119		0
1	1	-1	0	119		0
1	245	-1	0	119		0
1	213	1	229	119		0
1	79	-1	0	119		0
1	229	-1	0	119		0
1	15	-1	0	119		0
1	240	-1	0	119		0
1	79	-1	0	119		0
1	17	-1	0	119		0
1	1	-1	0	119		0
0	0	-1	0	120		0
1	245	-1	0	120		0
1	212	1	79	120		0
1	79	-1	0	120		0
1	79	-1	0	120		0
1	1	-1	0	120		0
1	245	-1	0	120		0
1	213	1	10	120		0
1	79	-1	0	120		0
1	10	-1	0	120		0
1	1	-1	0	120		0
1	245	-1	0	120		0
1	213	1	10	120		0
1	79	-1	0	120		0
1	10	-1	0	120		0
1	1	-1	0	120		0
1	245	-1	0	120		0
1	213	1	14	120		0
1	79	-1	0	120		0
1	14	-1	0	120		0
1	1	-1	0	120		0
1	245	-1	0	120		0
1	213	1	8	120	00310036	1
1	79	-1	0	120		0
1	8	-1	0	120		0
1	1	-1	0	120		0
1	245	-1	0	120		0
1	213	1	8	120	00310030	1
1	79	-1	0	120		0
1	8	-1	0	120		0
1	1	-1	0	120		0
1	245	-1	0	120		0
1	213	1	79	120		0
1	79	-1	0	120		0
1	79	-1	0	120		0
1	1	-1	0	120		0
1	245	-1	0	120		0
1	213	1	79	120		0
1	79	-1	0	120		0
1	218	-1	0	120		0
1	218	-1	0	120		0
1	79	-1	0	120		0
1	1	-1	0	120		0
1	245	-1	0	120		0
1	213	1	10	120		0
1	79	-1	0	120		0
1	218	-1	0	120		0
1	218	-1	0	120		0
1	10	-1	0	120		0
1	1	-1	0	120		0
1	245	-1	0	120		0
1	213	1	8	120	0030	1
1	79	-1	0	120		0
1	218	-1	0	120		0
1	218	-1	0	120		0
1	8	-1	0	120		0
1	1	-1	0	120		0
1	245	-1	0	120		0
1	212	1	80	120	00230070007200690076006100740065	1
1	79	-1	0	120		0
1	80	-1	0	120		0
1	1	-1	0	120		0
1	245	-1	0	120		0
1	213	1	80	120	00230070007200690076006100740065	1
1	79	-1	0	120		0
1	80	-1	0	120		0
1	1	-1	0	120		0
1	245	-1	0	120		0
1	213	1	10	120		0
1	79	-1	0	120		0
1	10	-1	0	120		0
1	1	-1	0	120		0
1	245	-1	0	120		0
1	213	1	10	120		0
1	79	-1	0	120		0
1	10	-1	0	120		0
1	1	-1	0	120		0
1	245	-1	0	120		0
1	213	1	10	120		0
1	79	-1	0	120		0
1	10	-1	0	120		0
1	1	-1	0	120		0
1	245	-1	0	120		0
1	213	1	111	120		0
1	79	-1	0	120		0
1	111	-1	0	120		0
1	1	-1	0	120		0
1	245	-1	0	120		0
1	213	1	9	120		0
1	79	-1	0	120		0
1	9	-1	0	120		0
1	1	-1	0	120		0
1	245	-1	0	120		0
1	213	1	227	120		0
1	79	-1	0	120		0
1	227	-1	0	120		0
1	79	-1	0	120		0
1	39	-1	0	120		0
1	10	-1	0	120		0
1	1	-1	0	120		0
1	245	-1	0	120		0
1	212	1	79	120		0
1	79	-1	0	120		0
1	28	-1	0	120		0
1	79	-1	0	120		0
1	1	-1	0	120		0
1	245	-1	0	120		0
1	213	1	10	120		0
1	79	-1	0	120		0
1	28	-1	0	120		0
1	10	-1	0	120		0
1	1	-1	0	120		0
1	245	-1	0	120		0
1	218	-1	0	120		0
1	212	1	79	120		0
1	79	-1	0	120		0
1	79	-1	0	120		0
1	1	-1	0	120		0
1	245	-1	0	120		0
1	214	-1	0	120		0
1	79	-1	0	120		0
1	1	-1	0	120		0
1	245	-1	0	120		0
1	213	1	229	120		0
1	79	-1	0	120		0
1	229	-1	0	120		0
1	15	-1	0	120		0
1	240	-1	0	120		0
1	79	-1	0	120		0
1	17	-1	0	120		0
1	1	-1	0	120		0
0	0	-1	0	121		0
1	245	-1	0	121		0
1	212	1	79	121	0062	1
1	79	-1	0	121		0
1	79	-1	0	121		0
1	1	-1	0	121		0
1	245	-1	0	121		0
1	213	1	10	121		0
1	79	-1	0	121		0
1	10	-1	0	121		0
1	1	-1	0	121		0
1	245	-1	0	121		0
1	213	1	10	121		0
1	79	-1	0	121		0
1	10	-1	0	121		0
1	1	-1	0	121		0
1	245	-1	0	121		0
1	213	1	14	121		0
1	79	-1	0	121		0
1	14	-1	0	121		0
1	1	-1	0	121		0
1	245	-1	0	121		0
1	213	1	8	121	00310036	1
1	79	-1	0	121		0
1	8	-1	0	121		0
1	1	-1	0	121		0
1	245	-1	0	121		0
1	213	1	8	121	00310030	1
1	79	-1	0	121		0
1	8	-1	0	121		0
1	1	-1	0	121		0
1	245	-1	0	121		0
1	213	1	79	121	007600610072006900610062006c0065	1
1	79	-1	0	121		0
1	79	-1	0	121		0
1	1	-1	0	121		0
1	245	-1	0	121		0
1	213	1	79	121	007600610072006900610062006c0065	1
1	79	-1	0	121		0
1	218	-1	0	121		0
1	218	-1	0	121		0
1	79	-1	0	121		0
1	1	-1	0	121		0
1	245	-1	0	121		0
1	213	1	10	121		0
1	79	-1	0	121		0
1	218	-1	0	121		0
1	218	-1	0	121		0
1	10	-1	0	121		0
1	1	-1	0	121		0
1	245	-1	0	121		0
1	213	1	8	121	0030	1
1	79	-1	0	121		0
1	218	-1	0	121		0
1	218	-1	0	121		0
1	8	-1	0	121		0
1	1	-1	0	121		0
1	245	-1	0	121		0
1	212	1	80	121	00230070007200690076006100740065	1
1	79	-1	0	121		0
1	80	-1	0	121		0
1	1	-1	0	121		0
1	245	-1	0	121		0
1	213	1	80	121	00230070007200690076006100740065	1
1	79	-1	0	121		0
1	80	-1	0	121		0
1	1	-1	0	121		0
1	245	-1	0	121		0
1	213	1	10	121		0
1	79	-1	0	121		0
1	10	-1	0	121		0
1	1	-1	0	121		0
1	245	-1	0	121		0
1	213	1	10	121		0
1	79	-1	0	121		0
1	10	-1	0	121		0
1	1	-1	0	121		0
1	245	-1	0	121		0
1	213	1	10	121		0
1	79	-1	0	121		0
1	10	-1	0	121		0
1	1	-1	0	121		0
1	245	-1	0	121		0
1	213	1	111	121		0
1	79	-1	0	121		0
1	111	-1	0	121		0
1	1	-1	0	121		0
1	245	-1	0	121		0
1	213	1	9	121		0
1	79	-1	0	121		0
1	9	-1	0	121		0
1	1	-1	0	121		0
1	245	-1	0	121		0
1	213	1	227	121		0
1	79	-1	0	121		0
1	227	-1	0	121		0
1	79	-1	0	121		0
1	39	-1	0	121		0
1	10	-1	0	121		0
1	1	-1	0	121		0
1	245	-1	0	121		0
1	212	1	79	121	0062	1
1	79	-1	0	121		0
1	28	-1	0	121		0
1	79	-1	0	121		0
1	1	-1	0	121		0
1	245	-1	0	121		0
1	213	1	10	121		0
1	79	-1	0	121		0
1	28	-1	0	121		0
1	10	-1	0	121		0
1	1	-1	0	121		0
1	245	-1	0	121		0
1	218	-1	0	121		0
1	212	1	79	121	0062	1
1	79	-1	0	121		0
1	79	-1	0	121		0
1	1	-1	0	121		0
1	245	-1	0	121		0
1	214	-1	0	121		0
1	79	-1	0	121		0
1	1	-1	0	121		0
1	245	-1	0	121		0
1	213	1	229	121		0
1	79	-1	0	121		0
1	229	-1	0	121		0
1	15	-1	0	121		0
1	240	-1	0	121		0
1	79	-1	0	121		0
1	17	-1	0	121		0
1	1	-1	0	121		0
0	0	-1	0	122		0
1	245	-1	0	122		0
1	212	1	79	122		0
1	79	-1	0	122		0
1	79	-1	0	122		0
1	1	-1	0	122		0
1	245	-1	0	122		0
1	213	1	10	122	0062	1
1	79	-1	0	122		0
1	10	-1	0	122		0
1	1	-1	0	122		0
1	245	-1	0	122		0
1	213	1	10	122		1
1	79	-1	0	122		0
1	10	-1	0	122		0
1	1	-1	0	122		0
1	245	-1	0	122		0
1	213	1	14	122		0
1	79	-1	0	122		0
1	14	-1	0	122		0
1	1	-1	0	122		0
1	245	-1	0	122		0
1	213	1	8	122	00310036	1
1	79	-1	0	122		0
1	8	-1	0	122		0
1	1	-1	0	122		0
1	245	-1	0	122		0
1	213	1	8	122	00310030	1
1	79	-1	0	122		0
1	8	-1	0	122		0
1	1	-1	0	122		0
1	245	-1	0	122		0
1	213	1	79	122		0
1	79	-1	0	122		0
1	79	-1	0	122		0
1	1	-1	0	122		0
1	245	-1	0	122		0
1	213	1	79	122		0
1	79	-1	0	122		0
1	218	-1	0	122		0
1	218	-1	0	122		0
1	79	-1	0	122		0
1	1	-1	0	122		0
1	245	-1	0	122		0
1	213	1	10	122	0062	1
1	79	-1	0	122		0
1	218	-1	0	122		0
1	218	-1	0	122		0
1	10	-1	0	122		0
1	1	-1	0	122		0
1	245	-1	0	122		0
1	213	1	8	122	0030	1
1	79	-1	0	122		0
1	218	-1	0	122		0
1	218	-1	0	122		0
1	8	-1	0	122		0
1	1	-1	0	122		0
1	245	-1	0	122		0
1	212	1	80	122	00230070007200690076006100740065	1
1	79	-1	0	122		0
1	80	-1	0	122		0
1	1	-1	0	122		0
1	245	-1	0	122		0
1	213	1	80	122	00230070007200690076006100740065	1
1	79	-1	0	122		0
1	80	-1	0	122		0
1	1	-1	0	122		0
1	245	-1	0	122		0
1	213	1	10	122	d83dde00	1
1	79	-1	0	122		0
1	10	-1	0	122		0
1	1	-1	0	122		0
1	245	-1	0	122		0
1	213	1	10	122	00610062	1
1	79	-1	0	122		0
1	10	-1	0	122		0
1	1	-1	0	122		0
1	245	-1	0	122		0
1	213	1	10	122	0061000a	1
1	79	-1	0	122		0
1	10	-1	0	122		0
1	1	-1	0	122		0
1	245	-1	0	122		0
1	213	1	111	122		0
1	79	-1	0	122		0
1	111	-1	0	122		0
1	1	-1	0	122		0
1	245	-1	0	122		0
1	213	1	9	122		0
1	79	-1	0	122		0
1	9	-1	0	122		0
1	1	-1	0	122		0
1	245	-1	0	122		0
1	213	1	227	122		0
1	79	-1	0	122		0
1	227	-1	0	122		0
1	79	-1	0	122		0
1	39	-1	0	122		0
1	10	-1	0	122		0
1	1	-1	0	122		0
1	245	-1	0	122		0
1	212	1	79	122		0
1	79	-1	0	122		0
1	28	-1	0	122		0
1	79	-1	0	122		0
1	1	-1	0	122		0
1	245	-1	0	122		0
1	213	1	10	122	0062	1
1	79	-1	0	122		0
1	28	-1	0	122		0
1	10	-1	0	122		0
1	1	-1	0	122		0
1	245	-1	0	122		0
1	218	-1	0	122		0
1	212	1	79	122		0
1	79	-1	0	122		0
1	79	-1	0	122		0
1	1	-1	0	122		0
1	245	-1	0	122		0
1	214	-1	0	122		0
1	79	-1	0	122		0
1	1	-1	0	122		0
1	245	-1	0	122		0
1	213	1	229	122		0
1	79	-1	0	122		0
1	229	-1	0	122		0
1	15	-1	0	122		0
1	240	-1	0	122		0
1	79	-1	0	122		0
1	17	-1	0	122		0
1	1	-1	0	122		0
0	0	-1	0	123		0
1	245	-1	0	123		0
1	212	1	79	123	0062	1
1	79	-1	0	123		0
1	79	-1	0	123		0
1	1	-1	0	123		0
1	245	-1	0	123		0
1	213	1	10	123	0062	1
1	79	-1	0	123		0
1	10	-1	0	123		0
1	1	-1	0	123		0
1	245	-1	0	123		0
1	213	1	10	123		1
1	79	-1	0	123		0
1	10	-1	0	123		0
1	1	-1	0	123		0
1	245	-1	0	123		0
1	213	1	14	123		0
1	79	-1	0	123		0
1	14	-1	0	123		0
1	1	-1	0	123		0
1	245	-1	0	123		0
1	213	1	8	123	00310036	1
1	79	-1	0	123		0
1	8	-1	0	123		0
1	1	-1	0	123		0
1	245	-1	0	123		0
1	213	1	8	123	00310030	1
1	79	-1	0	123		0
1	8	-1	0	123		0
1	1	-1	0	123		0
1	245	-1	0	123		0
1	213	1	79	123	007600610072006900610062006c0065	1
1	79	-1	0	123		0
1	79	-1	0	123		0
1	1	-1	0	123		0
1	245	-1	0	123		0
1	213	1	79	123	007600610072006900610062006c0065	1
1	79	-1	0	123		0
1	218	-1	0	123		0
1	218	-1	0	123		0
1	79	-1	0	123		0
1	1	-1	0	123		0
1	245	-1	0	123		0
1	213	1	10	123	0062	1
1	79	-1	0	123		0
1	218	-1	0	123		0
1	218	-1	0	123		0
1	10	-1	0	123		0
1	1	-1	0	123		0
1	245	-1	0	123		0
1	213	1	8	123	0030	1
1	79	-1	0	123		0
1	218	-1	0	123		0
1	218	-1	0	123		0
1	8	-1	0	123		0
1	1	-1	0	123		0
1	245	-1	0	123		0
1	212	1	80	123	00230070007200690076006100740065	1
1	79	-1	0	123		0
1	80	-1	0	123		0
1	1	-1	0	123		0
1	245	-1	0	123		0
1	213	1	80	123	00230070007200690076006100740065	1
1	79	-1	0	123		0
1	80	-1	0	123		0
1	1	-1	0	123		0
1	245	-1	0	123		0
1	213	1	10	123	d83dde00	1
1	79	-1	0	123		0
1	10	-1	0	123		0
1	1	-1	0	123		0
1	245	-1	0	123		0
1	213	1	10	123	00610062	1
1	79	-1	0	123		0
1	10	-1	0	123		0
1	1	-1	0	123		0
1	245	-1	0	123		0
1	213	1	10	123	0061000a	1
1	79	-1	0	123		0
1	10	-1	0	123		0
1	1	-1	0	123		0
1	245	-1	0	123		0
1	213	1	111	123		0
1	79	-1	0	123		0
1	111	-1	0	123		0
1	1	-1	0	123		0
1	245	-1	0	123		0
1	213	1	9	123		0
1	79	-1	0	123		0
1	9	-1	0	123		0
1	1	-1	0	123		0
1	245	-1	0	123		0
1	213	1	227	123		0
1	79	-1	0	123		0
1	227	-1	0	123		0
1	79	-1	0	123		0
1	39	-1	0	123		0
1	10	-1	0	123		0
1	1	-1	0	123		0
1	245	-1	0	123		0
1	212	1	79	123	0062	1
1	79	-1	0	123		0
1	28	-1	0	123		0
1	79	-1	0	123		0
1	1	-1	0	123		0
1	245	-1	0	123		0
1	213	1	10	123	0062	1
1	79	-1	0	123		0
1	28	-1	0	123		0
1	10	-1	0	123		0
1	1	-1	0	123		0
1	245	-1	0	123		0
1	218	-1	0	123		0
1	212	1	79	123	0062	1
1	79	-1	0	123		0
1	79	-1	0	123		0
1	1	-1	0	123		0
1	245	-1	0	123		0
1	214	-1	0	123		0
1	79	-1	0	123		0
1	1	-1	0	123		0
1	245	-1	0	123		0
1	213	1	229	123		0
1	79	-1	0	123		0
1	229	-1	0	123		0
1	15	-1	0	123		0
1	240	-1	0	123		0
1	79	-1	0	123		0
1	17	-1	0	123		0
1	1	-1	0	123		0
0	0	-1	0	124		0
1	245	-1	0	124		0
1	212	1	79	124		0
1	79	-1	0	124		0
1	79	-1	0	124		0
1	1	-1	0	124		0
1	245	-1	0	124		0
1	213	1	10	124		0
1	79	-1	0	124		0
1	10	-1	0	124		0
1	1	-1	0	124		0
1	245	-1	0	124		0
1	213	1	10	124		0
1	79	-1	0	124		0
1	10	-1	0	124		0
1	1	-1	0	124		0
1	245	-1	0	124		0
1	213	1	14	124	0062	1
1	79	-1	0	124		0
1	14	-1	0	124		0
1	1	-1	0	124		0
1	245	-1	0	124		0
1	213	1	8	124	00310036	1
1	79	-1	0	124		0
1	8	-1	0	124		0
1	1	-1	0	124		0
1	245	-1	0	124		0
1	213	1	8	124	00310030	1
1	79	-1	0	124		0
1	8	-1	0	124		0
1	1	-1	0	124		0
1	245	-1	0	124		0
1	213	1	79	124		0
1	79	-1	0	124		0
1	79	-1	0	124		0
1	1	-1	0	124		0
1	245	-1	0	124		0
1	213	1	79	124		0
1	79	-1	0	124		0
1	218	-1	0	124		0
1	218	-1	0	124		0
1	79	-1	0	124		0
1	1	-1	0	124		0
1	245	-1	0	124		0
1	213	1	10	124		0
1	79	-1	0	124		0
1	218	-1	0	124		0
1	218	-1	0	124		0
1	10	-1	0	124		0
1	1	-1	0	124		0
1	245	-1	0	124		0
1	213	1	8	124	0030	1
1	79	-1	0	124		0
1	218	-1	0	124		0
1	218	-1	0	124		0
1	8	-1	0	124		0
1	1	-1	0	124		0
1	245	-1	0	124		0
1	212	1	80	124	00230070007200690076006100740065	1
1	79	-1	0	124		0
1	80	-1	0	124		0
1	1	-1	0	124		0
1	245	-1	0	124		0
1	213	1	80	124	00230070007200690076006100740065	1
1	79	-1	0	124		0
1	80	-1	0	124		0
1	1	-1	0	124		0
1	245	-1	0	124		0
1	213	1	10	124		0
1	79	-1	0	124		0
1	10	-1	0	124		0
1	1	-1	0	124		0
1	245	-1	0	124		0
1	213	1	10	124		0
1	79	-1	0	124		0
1	10	-1	0	124		0
1	1	-1	0	124		0
1	245	-1	0	124		0
1	213	1	10	124		0
1	79	-1	0	124		0
1	10	-1	0	124		0
1	1	-1	0	124		0
1	245	-1	0	124		0
1	213	1	111	124		0
1	79	-1	0	124		0
1	111	-1	0	124		0
1	1	-1	0	124		0
1	245	-1	0	124		0
1	213	1	9	124		0
1	79	-1	0	124		0
1	9	-1	0	124		0
1	1	-1	0	124		0
1	245	-1	0	124		0
1	213	1	227	124		0
1	79	-1	0	124		0
1	227	-1	0	124		0
1	79	-1	0	124		0
1	39	-1	0	124		0
1	10	-1	0	124		0
1	1	-1	0	124		0
1	245	-1	0	124		0
1	212	1	79	124		0
1	79	-1	0	124		0
1	28	-1	0	124		0
1	79	-1	0	124		0
1	1	-1	0	124		0
1	245	-1	0	124		0
1	213	1	10	124		0
1	79	-1	0	124		0
1	28	-1	0	124		0
1	10	-1	0	124		0
1	1	-1	0	124		0
1	245	-1	0	124		0
1	218	-1	0	124		0
1	212	1	79	124		0
1	79	-1	0	124		0
1	79	-1	0	124		0
1	1	-1	0	124		0
1	245	-1	0	124		0
1	214	-1	0	124		0
1	79	-1	0	124		0
1	1	-1	0	124		0
1	245	-1	0	124		0
1	213	1	229	124		0
1	79	-1	0	124		0
1	229	-1	0	124		0
1	15	-1	0	124		0
1	240	-1	0	124		0
1	79	-1	0	124		0
1	17	-1	0	124		0
1	1	-1	0	124		0
0	0	-1	0	125		0
1	245	-1	0	125		0
1	212	1	79	125	0062	1
1	79	-1	0	125		0
1	79	-1	0	125		0
1	1	-1	0	125		0
1	245	-1	0	125		0
1	213	1	10	125		0
1	79	-1	0	125		0
1	10	-1	0	125		0
1	1	-1	0	125		0
1	245	-1	0	125		0
1	213	1	10	125		0
1	79	-1	0	125		0
1	10	-1	0	125		0
1	1	-1	0	125		0
1	245	-1	0	125		0
1	213	1	14	125	0062	1
1	79	-1	0	125		0
1	14	-1	0	125		0
1	1	-1	0	125		0
1	245	-1	0	125		0
1	213	1	8	125	00310036	1
1	79	-1	0	125		0
1	8	-1	0	125		0
1	1	-1	0	125		0
1	245	-1	0	125		0
1	213	1	8	125	00310030	1
1	79	-1	0	125		0
1	8	-1	0	125		0
1	1	-1	0	125		0
1	245	-1	0	125		0
1	213	1	79	125	007600610072006900610062006c0065	1
1	79	-1	0	125		0
1	79	-1	0	125		0
1	1	-1	0	125		0
1	245	-1	0	125		0
1	213	1	79	125	007600610072006900610062006c0065	1
1	79	-1	0	125		0
1	218	-1	0	125		0
1	218	-1	0	125		0
1	79	-1	0	125		0
1	1	-1	0	125		0
1	245	-1	0	125		0
1	213	1	10	125		0
1	79	-1	0	125		0
1	218	-1	0	125		0
1	218	-1	0	125		0
1	10	-1	0	125		0
1	1	-1	0	125		0
1	245	-1	0	125		0
1	213	1	8	125	0030	1
1	79	-1	0	125		0
1	218	-1	0	125		0
1	218	-1	0	125		0
1	8	-1	0	125		0
1	1	-1	0	125		0
1	245	-1	0	125		0
1	212	1	80	125	00230070007200690076006100740065	1
1	79	-1	0	125		0
1	80	-1	0	125		0
1	1	-1	0	125		0
1	245	-1	0	125		0
1	213	1	80	125	00230070007200690076006100740065	1
1	79	-1	0	125		0
1	80	-1	0	125		0
1	1	-1	0	125		0
1	245	-1	0	125		0
1	213	1	10	125		0
1	79	-1	0	125		0
1	10	-1	0	125		0
1	1	-1	0	125		0
1	245	-1	0	125		0
1	213	1	10	125		0
1	79	-1	0	125		0
1	10	-1	0	125		0
1	1	-1	0	125		0
1	245	-1	0	125		0
1	213	1	10	125		0
1	79	-1	0	125		0
1	10	-1	0	125		0
1	1	-1	0	125		0
1	245	-1	0	125		0
1	213	1	111	125		0
1	79	-1	0	125		0
1	111	-1	0	125		0
1	1	-1	0	125		0
1	245	-1	0	125		0
1	213	1	9	125		0
1	79	-1	0	125		0
1	9	-1	0	125		0
1	1	-1	0	125		0
1	245	-1	0	125		0
1	213	1	227	125		0
1	79	-1	0	125		0
1	227	-1	0	125		0
1	79	-1	0	125		0
1	39	-1	0	125		0
1	10	-1	0	125		0
1	1	-1	0	125		0
1	245	-1	0	125		0
1	212	1	79	125	0062	1
1	79	-1	0	125		0
1	28	-1	0	125		0
1	79	-1	0	125		0
1	1	-1	0	125		0
1	245	-1	0	125		0
1	213	1	10	125		0
1	79	-1	0	125		0
1	28	-1	0	125		0
1	10	-1	0	125		0
1	1	-1	0	125		0
1	245	-1	0	125		0
1	218	-1	0	125		0
1	212	1	79	125	0062	1
1	79	-1	0	125		0
1	79	-1	0	125		0
1	1	-1	0	125		0
1	245	-1	0	125		0
1	214	-1	0	125		0
1	79	-1	0	125		0
1	1	-1	0	125		0
1	245	-1	0	125		0
1	213	1	229	125		0
1	79	-1	0	125		0
1	229	-1	0	125		0
1	15	-1	0	125		0
1	240	-1	0	125		0
1	79	-1	0	125		0
1	17	-1	0	125		0
1	1	-1	0	125		0
0	0	-1	0	126		0
1	245	-1	0	126		0
1	212	1	79	126		0
1	79	-1	0	126		0
1	79	-1	0	126		0
1	1	-1	0	126		0
1	245	-1	0	126		0
1	213	1	10	126	0062	1
1	79	-1	0	126		0
1	10	-1	0	126		0
1	1	-1	0	126		0
1	245	-1	0	126		0
1	213	1	10	126		1
1	79	-1	0	126		0
1	10	-1	0	126		0
1	1	-1	0	126		0
1	245	-1	0	126		0
1	213	1	14	126	0062	1
1	79	-1	0	126		0
1	14	-1	0	126		0
1	1	-1	0	126		0
1	245	-1	0	126		0
1	213	1	8	126	00310036	1
1	79	-1	0	126		0
1	8	-1	0	126		0
1	1	-1	0	126		0
1	245	-1	0	126		0
1	213	1	8	126	00310030	1
1	79	-1	0	126		0
1	8	-1	0	126		0
1	1	-1	0	126		0
1	245	-1	0	126		0
1	213	1	79	126		0
1	79	-1	0	126		0
1	79	-1	0	126		0
1	1	-1	0	126		0
1	245	-1	0	126		0
1	213	1	79	126		0
1	79	-1	0	126		0
1	218	-1	0	126		0
1	218	-1	0	126		0
1	79	-1	0	126		0
1	1	-1	0	126		0
1	245	-1	0	126		0
1	213	1	10	126	0062	1
1	79	-1	0	126		0
1	218	-1	0	126		0
1	218	-1	0	126		0
1	10	-1	0	126		0
1	1	-1	0	126		0
1	245	-1	0	126		0
1	213	1	8	126	0030	1
1	79	-1	0	126		0
1	218	-1	0	126		0
1	218	-1	0	126		0
1	8	-1	0	126		0
1	1	-1	0	126		0
1	245	-1	0	126		0
1	212	1	80	126	00230070007200690076006100740065	1
1	79	-1	0	126		0
1	80	-1	0	126		0
1	1	-1	0	126		0
1	245	-1	0	126		0
1	213	1	80	126	00230070007200690076006100740065	1
1	79	-1	0	126		0
1	80	-1	0	126		0
1	1	-1	0	126		0
1	245	-1	0	126		0
1	213	1	10	126	d83dde00	1
1	79	-1	0	126		0
1	10	-1	0	126		0
1	1	-1	0	126		0
1	245	-1	0	126		0
1	213	1	10	126	00610062	1
1	79	-1	0	126		0
1	10	-1	0	126		0
1	1	-1	0	126		0
1	245	-1	0	126		0
1	213	1	10	126	0061000a	1
1	79	-1	0	126		0
1	10	-1	0	126		0
1	1	-1	0	126		0
1	245	-1	0	126		0
1	213	1	111	126		0
1	79	-1	0	126		0
1	111	-1	0	126		0
1	1	-1	0	126		0
1	245	-1	0	126		0
1	213	1	9	126		0
1	79	-1	0	126		0
1	9	-1	0	126		0
1	1	-1	0	126		0
1	245	-1	0	126		0
1	213	1	227	126		0
1	79	-1	0	126		0
1	227	-1	0	126		0
1	79	-1	0	126		0
1	39	-1	0	126		0
1	10	-1	0	126		0
1	1	-1	0	126		0
1	245	-1	0	126		0
1	212	1	79	126		0
1	79	-1	0	126		0
1	28	-1	0	126		0
1	79	-1	0	126		0
1	1	-1	0	126		0
1	245	-1	0	126		0
1	213	1	10	126	0062	1
1	79	-1	0	126		0
1	28	-1	0	126		0
1	10	-1	0	126		0
1	1	-1	0	126		0
1	245	-1	0	126		0
1	218	-1	0	126		0
1	212	1	79	126		0
1	79	-1	0	126		0
1	79	-1	0	126		0
1	1	-1	0	126		0
1	245	-1	0	126		0
1	214	-1	0	126		0
1	79	-1	0	126		0
1	1	-1	0	126		0
1	245	-1	0	126		0
1	213	1	229	126		0
1	79	-1	0	126		0
1	229	-1	0	126		0
1	15	-1	0	126		0
1	240	-1	0	126		0
1	79	-1	0	126		0
1	17	-1	0	126		0
1	1	-1	0	126		0
0	0	-1	0	127		0
1	245	-1	0	127		0
1	212	1	79	127	0062	1
1	79	-1	0	127		0
1	79	-1	0	127		0
1	1	-1	0	127		0
1	245	-1	0	127		0
1	213	1	10	127	0062	1
1	79	-1	0	127		0
1	10	-1	0	127		0
1	1	-1	0	127		0
1	245	-1	0	127		0
1	213	1	10	127		1
1	79	-1	0	127		0
1	10	-1	0	127		0
1	1	-1	0	127		0
1	245	-1	0	127		0
1	213	1	14	127	0062	1
1	79	-1	0	127		0
1	14	-1	0	127		0
1	1	-1	0	127		0
1	245	-1	0	127		0
1	213	1	8	127	00310036	1
1	79	-1	0	127		0
1	8	-1	0	127		0
1	1	-1	0	127		0
1	245	-1	0	127		0
1	213	1	8	127	00310030	1
1	79	-1	0	127		0
1	8	-1	0	127		0
1	1	-1	0	127		0
1	245	-1	0	127		0
1	213	1	79	127	007600610072006900610062006c0065	1
1	79	-1	0	127		0
1	79	-1	0	127		0
1	1	-1	0	127		0
1	245	-1	0	127		0
1	213	1	79	127	007600610072006900610062006c0065	1
1	79	-1	0	127		0
1	218	-1	0	127		0
1	218	-1	0	127		0
1	79	-1	0	127		0
1	1	-1	0	127		0
1	245	-1	0	127		0
1	213	1	10	127	0062	1
1	79	-1	0	127		0
1	218	-1	0	127		0
1	218	-1	0	127		0
1	10	-1	0	127		0
1	1	-1	0	127		0
1	245	-1	0	127		0
1	213	1	8	127	0030	1
1	79	-1	0	127		0
1	218	-1	0	127		0
1	218	-1	0	127		0
1	8	-1	0	127		0
1	1	-1	0	127		0
1	245	-1	0	127		0
1	212	1	80	127	00230070007200690076006100740065	1
1	79	-1	0	127		0
1	80	-1	0	127		0
1	1	-1	0	127		0
1	245	-1	0	127		0
1	213	1	80	127	00230070007200690076006100740065	1
1	79	-1	0	127		0
1	80	-1	0	127		0
1	1	-1	0	127		0
1	245	-1	0	127		0
1	213	1	10	127	d83dde00	1
1	79	-1	0	127		0
1	10	-1	0	127		0
1	1	-1	0	127		0
1	245	-1	0	127		0
1	213	1	10	127	00610062	1
1	79	-1	0	127		0
1	10	-1	0	127		0
1	1	-1	0	127		0
1	245	-1	0	127		0
1	213	1	10	127	0061000a	1
1	79	-1	0	127		0
1	10	-1	0	127		0
1	1	-1	0	127		0
1	245	-1	0	127		0
1	213	1	111	127		0
1	79	-1	0	127		0
1	111	-1	0	127		0
1	1	-1	0	127		0
1	245	-1	0	127		0
1	213	1	9	127		0
1	79	-1	0	127		0
1	9	-1	0	127		0
1	1	-1	0	127		0
1	245	-1	0	127		0
1	213	1	227	127		0
1	79	-1	0	127		0
1	227	-1	0	127		0
1	79	-1	0	127		0
1	39	-1	0	127		0
1	10	-1	0	127		0
1	1	-1	0	127		0
1	245	-1	0	127		0
1	212	1	79	127	0062	1
1	79	-1	0	127		0
1	28	-1	0	127		0
1	79	-1	0	127		0
1	1	-1	0	127		0
1	245	-1	0	127		0
1	213	1	10	127	0062	1
1	79	-1	0	127		0
1	28	-1	0	127		0
1	10	-1	0	127		0
1	1	-1	0	127		0
1	245	-1	0	127		0
1	218	-1	0	127		0
1	212	1	79	127	0062	1
1	79	-1	0	127		0
1	79	-1	0	127		0
1	1	-1	0	127		0
1	245	-1	0	127		0
1	214	-1	0	127		0
1	79	-1	0	127		0
1	1	-1	0	127		0
1	245	-1	0	127		0
1	213	1	229	127		0
1	79	-1	0	127		0
1	229	-1	0	127		0
1	15	-1	0	127		0
1	240	-1	0	127		0
1	79	-1	0	127		0
1	17	-1	0	127		0
1	1	-1	0	127		0
0	0	-1	0	128		0
1	245	-1	0	128		0
1	212	1	79	128		0
1	79	-1	0	128		0
1	79	-1	0	128		0
1	1	-1	0	128		0
1	245	-1	0	128		0
1	213	1	10	128		0
1	79	-1	0	128		0
1	10	-1	0	128		0
1	1	-1	0	128		0
1	245	-1	0	128		0
1	213	1	10	128		0
1	79	-1	0	128		0
1	10	-1	0	128		0
1	1	-1	0	128		0
1	245	-1	0	128		0
1	213	1	14	128		0
1	79	-1	0	128		0
1	14	-1	0	128		0
1	1	-1	0	128		0
1	245	-1	0	128		0
1	213	1	8	128		0
1	79	-1	0	128		0
1	8	-1	0	128		0
1	1	-1	0	128		0
1	245	-1	0	128		0
1	213	1	8	128		0
1	79	-1	0	128		0
1	8	-1	0	128		0
1	1	-1	0	128		0
1	245	-1	0	128		0
1	213	1	79	128		0
1	79	-1	0	128		0
1	79	-1	0	128		0
1	1	-1	0	128		0
1	245	-1	0	128		0
1	213	1	79	128		0
1	79	-1	0	128		0
1	218	-1	0	128		0
1	218	-1	0	128		0
1	79	-1	0	128		0
1	1	-1	0	128		0
1	245	-1	0	128		0
1	213	1	10	128		0
1	79	-1	0	128		0
1	218	-1	0	128		0
1	218	-1	0	128		0
1	10	-1	0	128		0
1	1	-1	0	128		0
1	245	-1	0	128		0
1	213	1	8	128		0
1	79	-1	0	128		0
1	218	-1	0	128		0
1	218	-1	0	128		0
1	8	-1	0	128		0
1	1	-1	0	128		0
1	245	-1	0	128		0
1	212	1	80	128		0
1	79	-1	0	128		0
1	80	-1	0	128		0
1	1	-1	0	128		0
1	245	-1	0	128		0
1	213	1	80	128		0
1	79	-1	0	128		0
1	80	-1	0	128		0
1	1	-1	0	128		0
1	245	-1	0	128		0
1	213	1	10	128		0
1	79	-1	0	128		0
1	10	-1	0	128		0
1	1	-1	0	128		0
1	245	-1	0	128		0
1	213	1	10	128		0
1	79	-1	0	128		0
1	10	-1	0	128		0
1	1	-1	0	128		0
1	245	-1	0	128		0
1	213	1	10	128		0
1	79	-1	0	128		0
1	10	-1	0	128		0
1	1	-1	0	128		0
1	245	-1	0	128		0
1	213	1	111	128		0
1	79	-1	0	128		0
1	111	-1	0	128		0
1	1	-1	0	128		0
1	245	-1	0	128		0
1	213	1	9	128		0
1	79	-1	0	128		0
1	9	-1	0	128		0
1	1	-1	0	128		0
1	245	-1	0	128		0
1	213	1	227	128		0
1	79	-1	0	128		0
1	227	-1	0	128		0
1	79	-1	0	128		0
1	39	-1	0	128		0
1	10	-1	0	128		0
1	1	-1	0	128		0
1	245	-1	0	128		0
1	212	1	79	128		0
1	79	-1	0	128		0
1	28	-1	0	128		0
1	79	-1	0	128		0
1	1	-1	0	128		0
1	245	-1	0	128		0
1	213	1	10	128		0
1	79	-1	0	128		0
1	28	-1	0	128		0
1	10	-1	0	128		0
1	1	-1	0	128		0
1	245	-1	0	128		0
1	218	-1	0	128		0
1	212	1	79	128		0
1	79	-1	0	128		0
1	79	-1	0	128		0
1	1	-1	0	128		0
1	245	-1	0	128		0
1	214	-1	0	128		0
1	79	-1	0	128		0
1	1	-1	0	128		0
1	245	-1	0	128		0
1	213	1	229	128		0
1	79	-1	0	128		0
1	229	-1	0	128		0
1	15	-1	0	128		0
1	240	-1	0	128		0
1	79	-1	0	128		0
1	17	-1	0	128		0
1	1	-1	0	128		0
0	0	-1	0	129		0
1	245	-1	0	129		0
1	212	1	79	129	0062	1
1	79	-1	0	129		0
1	79	-1	0	129		0
1	1	-1	0	129		0
1	245	-1	0	129		0
1	213	1	10	129		0
1	79	-1	0	129		0
1	10	-1	0	129		0
1	1	-1	0	129		0
1	245	-1	0	129		0
1	213	1	10	129		0
1	79	-1	0	129		0
1	10	-1	0	129		0
1	1	-1	0	129		0
1	245	-1	0	129		0
1	213	1	14	129		0
1	79	-1	0	129		0
1	14	-1	0	129		0
1	1	-1	0	129		0
1	245	-1	0	129		0
1	213	1	8	129		0
1	79	-1	0	129		0
1	8	-1	0	129		0
1	1	-1	0	129		0
1	245	-1	0	129		0
1	213	1	8	129		0
1	79	-1	0	129		0
1	8	-1	0	129		0
1	1	-1	0	129		0
1	245	-1	0	129		0
1	213	1	79	129	007600610072006900610062006c0065	1
1	79	-1	0	129		0
1	79	-1	0	129		0
1	1	-1	0	129		0
1	245	-1	0	129		0
1	213	1	79	129	007600610072006900610062006c0065	1
1	79	-1	0	129		0
1	218	-1	0	129		0
1	218	-1	0	129		0
1	79	-1	0	129		0
1	1	-1	0	129		0
1	245	-1	0	129		0
1	213	1	10	129		0
1	79	-1	0	129		0
1	218	-1	0	129		0
1	218	-1	0	129		0
1	10	-1	0	129		0
1	1	-1	0	129		0
1	245	-1	0	129		0
1	213	1	8	129		0
1	79	-1	0	129		0
1	218	-1	0	129		0
1	218	-1	0	129		0
1	8	-1	0	129		0
1	1	-1	0	129		0
1	245	-1	0	129		0
1	212	1	80	129		0
1	79	-1	0	129		0
1	80	-1	0	129		0
1	1	-1	0	129		0
1	245	-1	0	129		0
1	213	1	80	129		0
1	79	-1	0	129		0
1	80	-1	0	129		0
1	1	-1	0	129		0
1	245	-1	0	129		0
1	213	1	10	129		0
1	79	-1	0	129		0
1	10	-1	0	129		0
1	1	-1	0	129		0
1	245	-1	0	129		0
1	213	1	10	129		0
1	79	-1	0	129		0
1	10	-1	0	129		0
1	1	-1	0	129		0
1	245	-1	0	129		0
1	213	1	10	129		0
1	79	-1	0	129		0
1	10	-1	0	129		0
1	1	-1	0	129		0
1	245	-1	0	129		0
1	213	1	111	129		0
1	79	-1	0	129		0
1	111	-1	0	129		0
1	1	-1	0	129		0
1	245	-1	0	129		0
1	213	1	9	129		0
1	79	-1	0	129		0
1	9	-1	0	129		0
1	1	-1	0	129		0
1	245	-1	0	129		0
1	213	1	227	129		0
1	79	-1	0	129		0
1	227	-1	0	129		0
1	79	-1	0	129		0
1	39	-1	0	129		0
1	10	-1	0	129		0
1	1	-1	0	129		0
1	245	-1	0	129		0
1	212	1	79	129	0062	1
1	79	-1	0	129		0
1	28	-1	0	129		0
1	79	-1	0	129		0
1	1	-1	0	129		0
1	245	-1	0	129		0
1	213	1	10	129		0
1	79	-1	0	129		0
1	28	-1	0	129		0
1	10	-1	0	129		0
1	1	-1	0	129		0
1	245	-1	0	129		0
1	218	-1	0	129		0
1	212	1	79	129	0062	1
1	79	-1	0	129		0
1	79	-1	0	129		0
1	1	-1	0	129		0
1	245	-1	0	129		0
1	214	-1	0	129		0
1	79	-1	0	129		0
1	1	-1	0	129		0
1	245	-1	0	129		0
1	213	1	229	129		0
1	79	-1	0	129		0
1	229	-1	0	129		0
1	15	-1	0	129		0
1	240	-1	0	129		0
1	79	-1	0	129		0
1	17	-1	0	129		0
1	1	-1	0	129		0
0	0	-1	0	130		0
1	245	-1	0	130		0
1	212	1	79	130		0
1	79	-1	0	130		0
1	79	-1	0	130		0
1	1	-1	0	130		0
1	245	-1	0	130		0
1	213	1	10	130	0062	1
1	79	-1	0	130		0
1	10	-1	0	130		0
1	1	-1	0	130		0
1	245	-1	0	130		0
1	213	1	10	130		1
1	79	-1	0	130		0
1	10	-1	0	130		0
1	1	-1	0	130		0
1	245	-1	0	130		0
1	213	1	14	130		0
1	79	-1	0	130		0
1	14	-1	0	130		0
1	1	-1	0	130		0
1	245	-1	0	130		0
1	213	1	8	130		0
1	79	-1	0	130		0
1	8	-1	0	130		0
1	1	-1	0	130		0
1	245	-1	0	130		0
1	213	1	8	130		0
1	79	-1	0	130		0
1	8	-1	0	130		0
1	1	-1	0	130		0
1	245	-1	0	130		0
1	213	1	79	130		0
1	79	-1	0	130		0
1	79	-1	0	130		0
1	1	-1	0	130		0
1	245	-1	0	130		0
1	213	1	79	130		0
1	79	-1	0	130		0
1	218	-1	0	130		0
1	218	-1	0	130		0
1	79	-1	0	130		0
1	1	-1	0	130		0
1	245	-1	0	130		0
1	213	1	10	130	0062	1
1	79	-1	0	130		0
1	218	-1	0	130		0
1	218	-1	0	130		0
1	10	-1	0	130		0
1	1	-1	0	130		0
1	245	-1	0	130		0
1	213	1	8	130		0
1	79	-1	0	130		0
1	218	-1	0	130		0
1	218	-1	0	130		0
1	8	-1	0	130		0
1	1	-1	0	130		0
1	245	-1	0	130		0
1	212	1	80	130		0
1	79	-1	0	130		0
1	80	-1	0	130		0
1	1	-1	0	130		0
1	245	-1	0	130		0
1	213	1	80	130		0
1	79	-1	0	130		0
1	80	-1	0	130		0
1	1	-1	0	130		0
1	245	-1	0	130		0
1	213	1	10	130	d83dde00	1
1	79	-1	0	130		0
1	10	-1	0	130		0
1	1	-1	0	130		0
1	245	-1	0	130		0
1	213	1	10	130	00610062	1
1	79	-1	0	130		0
1	10	-1	0	130		0
1	1	-1	0	130		0
1	245	-1	0	130		0
1	213	1	10	130	0061000a	1
1	79	-1	0	130		0
1	10	-1	0	130		0
1	1	-1	0	130		0
1	245	-1	0	130		0
1	213	1	111	130		0
1	79	-1	0	130		0
1	111	-1	0	130		0
1	1	-1	0	130		0
1	245	-1	0	130		0
1	213	1	9	130		0
1	79	-1	0	130		0
1	9	-1	0	130		0
1	1	-1	0	130		0
1	245	-1	0	130		0
1	213	1	227	130		0
1	79	-1	0	130		0
1	227	-1	0	130		0
1	79	-1	0	130		0
1	39	-1	0	130		0
1	10	-1	0	130		0
1	1	-1	0	130		0
1	245	-1	0	130		0
1	212	1	79	130		0
1	79	-1	0	130		0
1	28	-1	0	130		0
1	79	-1	0	130		0
1	1	-1	0	130		0
1	245	-1	0	130		0
1	213	1	10	130	0062	1
1	79	-1	0	130		0
1	28	-1	0	130		0
1	10	-1	0	130		0
1	1	-1	0	130		0
1	245	-1	0	130		0
1	218	-1	0	130		0
1	212	1	79	130		0
1	79	-1	0	130		0
1	79	-1	0	130		0
1	1	-1	0	130		0
1	245	-1	0	130		0
1	214	-1	0	130		0
1	79	-1	0	130		0
1	1	-1	0	130		0
1	245	-1	0	130		0
1	213	1	229	130		0
1	79	-1	0	130		0
1	229	-1	0	130		0
1	15	-1	0	130		0
1	240	-1	0	130		0
1	79	-1	0	130		0
1	17	-1	0	130		0
1	1	-1	0	130		0
0	0	-1	0	131		0
1	245	-1	0	131		0
1	212	1	79	131	0062	1
1	79	-1	0	131		0
1	79	-1	0	131		0
1	1	-1	0	131		0
1	245	-1	0	131		0
1	213	1	10	131	0062	1
1	79	-1	0	131		0
1	10	-1	0	131		0
1	1	-1	0	131		0
1	245	-1	0	131		0
1	213	1	10	131		1
1	79	-1	0	131		0
1	10	-1	0	131		0
1	1	-1	0	131		0
1	245	-1	0	131		0
1	213	1	14	131		0
1	79	-1	0	131		0
1	14	-1	0	131		0
1	1	-1	0	131		0
1	245	-1	0	131		0
1	213	1	8	131		0
1	79	-1	0	131		0
1	8	-1	0	131		0
1	1	-1	0	131		0
1	245	-1	0	131		0
1	213	1	8	131		0
1	79	-1	0	131		0
1	8	-1	0	131		0
1	1	-1	0	131		0
1	245	-1	0	131		0
1	213	1	79	131	007600610072006900610062006c0065	1
1	79	-1	0	131		0
1	79	-1	0	131		0
1	1	-1	0	131		0
1	245	-1	0	131		0
1	213	1	79	131	007600610072006900610062006c0065	1
1	79	-1	0	131		0
1	218	-1	0	131		0
1	218	-1	0	131		0
1	79	-1	0	131		0
1	1	-1	0	131		0
1	245	-1	0	131		0
1	213	1	10	131	0062	1
1	79	-1	0	131		0
1	218	-1	0	131		0
1	218	-1	0	131		0
1	10	-1	0	131		0
1	1	-1	0	131		0
1	245	-1	0	131		0
1	213	1	8	131		0
1	79	-1	0	131		0
1	218	-1	0	131		0
1	218	-1	0	131		0
1	8	-1	0	131		0
1	1	-1	0	131		0
1	245	-1	0	131		0
1	212	1	80	131		0
1	79	-1	0	131		0
1	80	-1	0	131		0
1	1	-1	0	131		0
1	245	-1	0	131		0
1	213	1	80	131		0
1	79	-1	0	131		0
1	80	-1	0	131		0
1	1	-1	0	131		0
1	245	-1	0	131		0
1	213	1	10	131	d83dde00	1
1	79	-1	0	131		0
1	10	-1	0	131		0
1	1	-1	0	131		0
1	245	-1	0	131		0
1	213	1	10	131	00610062	1
1	79	-1	0	131		0
1	10	-1	0	131		0
1	1	-1	0	131		0
1	245	-1	0	131		0
1	213	1	10	131	0061000a	1
1	79	-1	0	131		0
1	10	-1	0	131		0
1	1	-1	0	131		0
1	245	-1	0	131		0
1	213	1	111	131		0
1	79	-1	0	131		0
1	111	-1	0	131		0
1	1	-1	0	131		0
1	245	-1	0	131		0
1	213	1	9	131		0
1	79	-1	0	131		0
1	9	-1	0	131		0
1	1	-1	0	131		0
1	245	-1	0	131		0
1	213	1	227	131		0
1	79	-1	0	131		0
1	227	-1	0	131		0
1	79	-1	0	131		0
1	39	-1	0	131		0
1	10	-1	0	131		0
1	1	-1	0	131		0
1	245	-1	0	131		0
1	212	1	79	131	0062	1
1	79	-1	0	131		0
1	28	-1	0	131		0
1	79	-1	0	131		0
1	1	-1	0	131		0
1	245	-1	0	131		0
1	213	1	10	131	0062	1
1	79	-1	0	131		0
1	28	-1	0	131		0
1	10	-1	0	131		0
1	1	-1	0	131		0
1	245	-1	0	131		0
1	218	-1	0	131		0
1	212	1	79	131	0062	1
1	79	-1	0	131		0
1	79	-1	0	131		0
1	1	-1	0	131		0
1	245	-1	0	131		0
1	214	-1	0	131		0
1	79	-1	0	131		0
1	1	-1	0	131		0
1	245	-1	0	131		0
1	213	1	229	131		0
1	79	-1	0	131		0
1	229	-1	0	131		0
1	15	-1	0	131		0
1	240	-1	0	131		0
1	79	-1	0	131		0
1	17	-1	0	131		0
1	1	-1	0	131		0
0	0	-1	0	132		0
1	245	-1	0	132		0
1	212	1	79	132		0
1	79	-1	0	132		0
1	79	-1	0	132		0
1	1	-1	0	132		0
1	245	-1	0	132		0
1	213	1	10	132		0
1	79	-1	0	132		0
1	10	-1	0	132		0
1	1	-1	0	132		0
1	245	-1	0	132		0
1	213	1	10	132		0
1	79	-1	0	132		0
1	10	-1	0	132		0
1	1	-1	0	132		0
1	245	-1	0	132		0
1	213	1	14	132	0062	1
1	79	-1	0	132		0
1	14	-1	0	132		0
1	1	-1	0	132		0
1	245	-1	0	132		0
1	213	1	8	132		0
1	79	-1	0	132		0
1	8	-1	0	132		0
1	1	-1	0	132		0
1	245	-1	0	132		0
1	213	1	8	132		0
1	79	-1	0	132		0
1	8	-1	0	132		0
1	1	-1	0	132		0
1	245	-1	0	132		0
1	213	1	79	132		0
1	79	-1	0	132		0
1	79	-1	0	132		0
1	1	-1	0	132		0
1	245	-1	0	132		0
1	213	1	79	132		0
1	79	-1	0	132		0
1	218	-1	0	132		0
1	218	-1	0	132		0
1	79	-1	0	132		0
1	1	-1	0	132		0
1	245	-1	0	132		0
1	213	1	10	132		0
1	79	-1	0	132		0
1	218	-1	0	132		0
1	218	-1	0	132		0
1	10	-1	0	132		0
1	1	-1	0	132		0
1	245	-1	0	132		0
1	213	1	8	132		0
1	79	-1	0	132		0
1	218	-1	0	132		0
1	218	-1	0	132		0
1	8	-1	0	132		0
1	1	-1	0	132		0
1	245	-1	0	132		0
1	212	1	80	132		0
1	79	-1	0	132		0
1	80	-1	0	132		0
1	1	-1	0	132		0
1	245	-1	0	132		0
1	213	1	80	132		0
1	79	-1	0	132		0
1	80	-1	0	132		0
1	1	-1	0	132		0
1	245	-1	0	132		0
1	213	1	10	132		0
1	79	-1	0	132		0
1	10	-1	0	132		0
1	1	-1	0	132		0
1	245	-1	0	132		0
1	213	1	10	132		0
1	79	-1	0	132		0
1	10	-1	0	132		0
1	1	-1	0	132		0
1	245	-1	0	132		0
1	213	1	10	132		0
1	79	-1	0	132		0
1	10	-1	0	132		0
1	1	-1	0	132		0
1	245	-1	0	132		0
1	213	1	111	132		0
1	79	-1	0	132		0
1	111	-1	0	132		0
1	1	-1	0	132		0
1	245	-1	0	132		0
1	213	1	9	132		0
1	79	-1	0	132		0
1	9	-1	0	132		0
1	1	-1	0	132		0
1	245	-1	0	132		0
1	213	1	227	132		0
1	79	-1	0	132		0
1	227	-1	0	132		0
1	79	-1	0	132		0
1	39	-1	0	132		0
1	10	-1	0	132		0
1	1	-1	0	132		0
1	245	-1	0	132		0
1	212	1	79	132		0
1	79	-1	0	132		0
1	28	-1	0	132		0
1	79	-1	0	132		0
1	1	-1	0	132		0
1	245	-1	0	132		0
1	213	1	10	132		0
1	79	-1	0	132		0
1	28	-1	0	132		0
1	10	-1	0	132		0
1	1	-1	0	132		0
1	245	-1	0	132		0
1	218	-1	0	132		0
1	212	1	79	132		0
1	79	-1	0	132		0
1	79	-1	0	132		0
1	1	-1	0	132		0
1	245	-1	0	132		0
1	214	-1	0	132		0
1	79	-1	0	132		0
1	1	-1	0	132		0
1	245	-1	0	132		0
1	213	1	229	132		0
1	79	-1	0	132		0
1	229	-1	0	132		0
1	15	-1	0	132		0
1	240	-1	0	132		0
1	79	-1	0	132		0
1	17	-1	0	132		0
1	1	-1	0	132		0
0	0	-1	0	133		0
1	245	-1	0	133		0
1	212	1	79	133	0062	1
1	79	-1	0	133		0
1	79	-1	0	133		0
1	1	-1	0	133		0
1	245	-1	0	133		0
1	213	1	10	133		0
1	79	-1	0	133		0
1	10	-1	0	133		0
1	1	-1	0	133		0
1	245	-1	0	133		0
1	213	1	10	133		0
1	79	-1	0	133		0
1	10	-1	0	133		0
1	1	-1	0	133		0
1	245	-1	0	133		0
1	213	1	14	133	0062	1
1	79	-1	0	133		0
1	14	-1	0	133		0
1	1	-1	0	133		0
1	245	-1	0	133		0
1	213	1	8	133		0
1	79	-1	0	133		0
1	8	-1	0	133		0
1	1	-1	0	133		0
1	245	-1	0	133		0
1	213	1	8	133		0
1	79	-1	0	133		0
1	8	-1	0	133		0
1	1	-1	0	133		0
1	245	-1	0	133		0
1	213	1	79	133	007600610072006900610062006c0065	1
1	79	-1	0	133		0
1	79	-1	0	133		0
1	1	-1	0	133		0
1	245	-1	0	133		0
1	213	1	79	133	007600610072006900610062006c0065	1
1	79	-1	0	133		0
1	218	-1	0	133		0
1	218	-1	0	133		0
1	79	-1	0	133		0
1	1	-1	0	133		0
1	245	-1	0	133		0
1	213	1	10	133		0
1	79	-1	0	133		0
1	218	-1	0	133		0
1	218	-1	0	133		0
1	10	-1	0	133		0
1	1	-1	0	133		0
1	245	-1	0	133		0
1	213	1	8	133		0
1	79	-1	0	133		0
1	218	-1	0	133		0
1	218	-1	0	133		0
1	8	-1	0	133		0
1	1	-1	0	133		0
1	245	-1	0	133		0
1	212	1	80	133		0
1	79	-1	0	133		0
1	80	-1	0	133		0
1	1	-1	0	133		0
1	245	-1	0	133		0
1	213	1	80	133		0
1	79	-1	0	133		0
1	80	-1	0	133		0
1	1	-1	0	133		0
1	245	-1	0	133		0
1	213	1	10	133		0
1	79	-1	0	133		0
1	10	-1	0	133		0
1	1	-1	0	133		0
1	245	-1	0	133		0
1	213	1	10	133		0
1	79	-1	0	133		0
1	10	-1	0	133		0
1	1	-1	0	133		0
1	245	-1	0	133		0
1	213	1	10	133		0
1	79	-1	0	133		0
1	10	-1	0	133		0
1	1	-1	0	133		0
1	245	-1	0	133		0
1	213	1	111	133		0
1	79	-1	0	133		0
1	111	-1	0	133		0
1	1	-1	0	133		0
1	245	-1	0	133		0
1	213	1	9	133		0
1	79	-1	0	133		0
1	9	-1	0	133		0
1	1	-1	0	133		0
1	245	-1	0	133		0
1	213	1	227	133		0
1	79	-1	0	133		0
1	227	-1	0	133		0
1	79	-1	0	133		0
1	39	-1	0	133		0
1	10	-1	0	133		0
1	1	-1	0	133		0
1	245	-1	0	133		0
1	212	1	79	133	0062	1
1	79	-1	0	133		0
1	28	-1	0	133		0
1	79	-1	0	133		0
1	1	-1	0	133		0
1	245	-1	0	133		0
1	213	1	10	133		0
1	79	-1	0	133		0
1	28	-1	0	133		0
1	10	-1	0	133		0
1	1	-1	0	133		0
1	245	-1	0	133		0
1	218	-1	0	133		0
1	212	1	79	133	0062	1
1	79	-1	0	133		0
1	79	-1	0	133		0
1	1	-1	0	133		0
1	245	-1	0	133		0
1	214	-1	0	133		0
1	79	-1	0	133		0
1	1	-1	0	133		0
1	245	-1	0	133		0
1	213	1	229	133		0
1	79	-1	0	133		0
1	229	-1	0	133		0
1	15	-1	0	133		0
1	240	-1	0	133		0
1	79	-1	0	133		0
1	17	-1	0	133		0
1	1	-1	0	133		0
0	0	-1	0	134		0
1	245	-1	0	134		0
1	212	1	79	134		0
1	79	-1	0	134		0
1	79	-1	0	134		0
1	1	-1	0	134		0
1	245	-1	0	134		0
1	213	1	10	134	0062	1
1	79	-1	0	134		0
1	10	-1	0	134		0
1	1	-1	0	134		0
1	245	-1	0	134		0
1	213	1	10	134		1
1	79	-1	0	134		0
1	10	-1	0	134		0
1	1	-1	0	134		0
1	245	-1	0	134		0
1	213	1	14	134	0062	1
1	79	-1	0	134		0
1	14	-1	0	134		0
1	1	-1	0	134		0
1	245	-1	0	134		0
1	213	1	8	134		0
1	79	-1	0	134		0
1	8	-1	0	134		0
1	1	-1	0	134		0
1	245	-1	0	134		0
1	213	1	8	134		0
1	79	-1	0	134		0
1	8	-1	0	134		0
1	1	-1	0	134		0
1	245	-1	0	134		0
1	213	1	79	134		0
1	79	-1	0	134		0
1	79	-1	0	134		0
1	1	-1	0	134		0
1	245	-1	0	134		0
1	213	1	79	134		0
1	79	-1	0	134		0
1	218	-1	0	134		0
1	218	-1	0	134		0
1	79	-1	0	134		0
1	1	-1	0	134		0
1	245	-1	0	134		0
1	213	1	10	134	0062	1
1	79	-1	0	134		0
1	218	-1	0	134		0
1	218	-1	0	134		0
1	10	-1	0	134		0
1	1	-1	0	134		0
1	245	-1	0	134		0
1	213	1	8	134		0
1	79	-1	0	134		0
1	218	-1	0	134		0
1	218	-1	0	134		0
1	8	-1	0	134		0
1	1	-1	0	134		0
1	245	-1	0	134		0
1	212	1	80	134		0
1	79	-1	0	134		0
1	80	-1	0	134		0
1	1	-1	0	134		0
1	245	-1	0	134		0
1	213	1	80	134		0
1	79	-1	0	134		0
1	80	-1	0	134		0
1	1	-1	0	134		0
1	245	-1	0	134		0
1	213	1	10	134	d83dde00	1
1	79	-1	0	134		0
1	10	-1	0	134		0
1	1	-1	0	134		0
1	245	-1	0	134		0
1	213	1	10	134	00610062	1
1	79	-1	0	134		0
1	10	-1	0	134		0
1	1	-1	0	134		0
1	245	-1	0	134		0
1	213	1	10	134	0061000a	1
1	79	-1	0	134		0
1	10	-1	0	134		0
1	1	-1	0	134		0
1	245	-1	0	134		0
1	213	1	111	134		0
1	79	-1	0	134		0
1	111	-1	0	134		0
1	1	-1	0	134		0
1	245	-1	0	134		0
1	213	1	9	134		0
1	79	-1	0	134		0
1	9	-1	0	134		0
1	1	-1	0	134		0
1	245	-1	0	134		0
1	213	1	227	134		0
1	79	-1	0	134		0
1	227	-1	0	134		0
1	79	-1	0	134		0
1	39	-1	0	134		0
1	10	-1	0	134		0
1	1	-1	0	134		0
1	245	-1	0	134		0
1	212	1	79	134		0
1	79	-1	0	134		0
1	28	-1	0	134		0
1	79	-1	0	134		0
1	1	-1	0	134		0
1	245	-1	0	134		0
1	213	1	10	134	0062	1
1	79	-1	0	134		0
1	28	-1	0	134		0
1	10	-1	0	134		0
1	1	-1	0	134		0
1	245	-1	0	134		0
1	218	-1	0	134		0
1	212	1	79	134		0
1	79	-1	0	134		0
1	79	-1	0	134		0
1	1	-1	0	134		0
1	245	-1	0	134		0
1	214	-1	0	134		0
1	79	-1	0	134		0
1	1	-1	0	134		0
1	245	-1	0	134		0
1	213	1	229	134		0
1	79	-1	0	134		0
1	229	-1	0	134		0
1	15	-1	0	134		0
1	240	-1	0	134		0
1	79	-1	0	134		0
1	17	-1	0	134		0
1	1	-1	0	134		0
0	0	-1	0	135		0
1	245	-1	0	135		0
1	212	1	79	135	0062	1
1	79	-1	0	135		0
1	79	-1	0	135		0
1	1	-1	0	135		0
1	245	-1	0	135		0
1	213	1	10	135	0062	1
1	79	-1	0	135		0
1	10	-1	0	135		0
1	1	-1	0	135		0
1	245	-1	0	135		0
1	213	1	10	135		1
1	79	-1	0	135		0
1	10	-1	0	135		0
1	1	-1	0	135		0
1	245	-1	0	135		0
1	213	1	14	135	0062	1
1	79	-1	0	135		0
1	14	-1	0	135		0
1	1	-1	0	135		0
1	245	-1	0	135		0
1	213	1	8	135		0
1	79	-1	0	135		0
1	8	-1	0	135		0
1	1	-1	0	135		0
1	245	-1	0	135		0
1	213	1	8	135		0
1	79	-1	0	135		0
1	8	-1	0	135		0
1	1	-1	0	135		0
1	245	-1	0	135		0
1	213	1	79	135	007600610072006900610062006c0065	1
1	79	-1	0	135		0
1	79	-1	0	135		0
1	1	-1	0	135		0
1	245	-1	0	135		0
1	213	1	79	135	007600610072006900610062006c0065	1
1	79	-1	0	135		0
1	218	-1	0	135		0
1	218	-1	0	135		0
1	79	-1	0	135		0
1	1	-1	0	135		0
1	245	-1	0	135		0
1	213	1	10	135	0062	1
1	79	-1	0	135		0
1	218	-1	0	135		0
1	218	-1	0	135		0
1	10	-1	0	135		0
1	1	-1	0	135		0
1	245	-1	0	135		0
1	213	1	8	135		0
1	79	-1	0	135		0
1	218	-1	0	135		0
1	218	-1	0	135		0
1	8	-1	0	135		0
1	1	-1	0	135		0
1	245	-1	0	135		0
1	212	1	80	135		0
1	79	-1	0	135		0
1	80	-1	0	135		0
1	1	-1	0	135		0
1	245	-1	0	135		0
1	213	1	80	135		0
1	79	-1	0	135		0
1	80	-1	0	135		0
1	1	-1	0	135		0
1	245	-1	0	135		0
1	213	1	10	135	d83dde00	1
1	79	-1	0	135		0
1	10	-1	0	135		0
1	1	-1	0	135		0
1	245	-1	0	135		0
1	213	1	10	135	00610062	1
1	79	-1	0	135		0
1	10	-1	0	135		0
1	1	-1	0	135		0
1	245	-1	0	135		0
1	213	1	10	135	0061000a	1
1	79	-1	0	135		0
1	10	-1	0	135		0
1	1	-1	0	135		0
1	245	-1	0	135		0
1	213	1	111	135		0
1	79	-1	0	135		0
1	111	-1	0	135		0
1	1	-1	0	135		0
1	245	-1	0	135		0
1	213	1	9	135		0
1	79	-1	0	135		0
1	9	-1	0	135		0
1	1	-1	0	135		0
1	245	-1	0	135		0
1	213	1	227	135		0
1	79	-1	0	135		0
1	227	-1	0	135		0
1	79	-1	0	135		0
1	39	-1	0	135		0
1	10	-1	0	135		0
1	1	-1	0	135		0
1	245	-1	0	135		0
1	212	1	79	135	0062	1
1	79	-1	0	135		0
1	28	-1	0	135		0
1	79	-1	0	135		0
1	1	-1	0	135		0
1	245	-1	0	135		0
1	213	1	10	135	0062	1
1	79	-1	0	135		0
1	28	-1	0	135		0
1	10	-1	0	135		0
1	1	-1	0	135		0
1	245	-1	0	135		0
1	218	-1	0	135		0
1	212	1	79	135	0062	1
1	79	-1	0	135		0
1	79	-1	0	135		0
1	1	-1	0	135		0
1	245	-1	0	135		0
1	214	-1	0	135		0
1	79	-1	0	135		0
1	1	-1	0	135		0
1	245	-1	0	135		0
1	213	1	229	135		0
1	79	-1	0	135		0
1	229	-1	0	135		0
1	15	-1	0	135		0
1	240	-1	0	135		0
1	79	-1	0	135		0
1	17	-1	0	135		0
1	1	-1	0	135		0
0	0	-1	0	136		0
1	245	-1	0	136		0
1	212	1	79	136		0
1	79	-1	0	136		0
1	79	-1	0	136		0
1	1	-1	0	136		0
1	245	-1	0	136		0
1	213	1	10	136		0
1	79	-1	0	136		0
1	10	-1	0	136		0
1	1	-1	0	136		0
1	245	-1	0	136		0
1	213	1	10	136		0
1	79	-1	0	136		0
1	10	-1	0	136		0
1	1	-1	0	136		0
1	245	-1	0	136		0
1	213	1	14	136		0
1	79	-1	0	136		0
1	14	-1	0	136		0
1	1	-1	0	136		0
1	245	-1	0	136		0
1	213	1	8	136	00310036	1
1	79	-1	0	136		0
1	8	-1	0	136		0
1	1	-1	0	136		0
1	245	-1	0	136		0
1	213	1	8	136	00310030	1
1	79	-1	0	136		0
1	8	-1	0	136		0
1	1	-1	0	136		0
1	245	-1	0	136		0
1	213	1	79	136		0
1	79	-1	0	136		0
1	79	-1	0	136		0
1	1	-1	0	136		0
1	245	-1	0	136		0
1	213	1	79	136		0
1	79	-1	0	136		0
1	218	-1	0	136		0
1	218	-1	0	136		0
1	79	-1	0	136		0
1	1	-1	0	136		0
1	245	-1	0	136		0
1	213	1	10	136		0
1	79	-1	0	136		0
1	218	-1	0	136		0
1	218	-1	0	136		0
1	10	-1	0	136		0
1	1	-1	0	136		0
1	245	-1	0	136		0
1	213	1	8	136	0030	1
1	79	-1	0	136		0
1	218	-1	0	136		0
1	218	-1	0	136		0
1	8	-1	0	136		0
1	1	-1	0	136		0
1	245	-1	0	136		0
1	212	1	80	136		0
1	79	-1	0	136		0
1	80	-1	0	136		0
1	1	-1	0	136		0
1	245	-1	0	136		0
1	213	1	80	136		0
1	79	-1	0	136		0
1	80	-1	0	136		0
1	1	-1	0	136		0
1	245	-1	0	136		0
1	213	1	10	136		0
1	79	-1	0	136		0
1	10	-1	0	136		0
1	1	-1	0	136		0
1	245	-1	0	136		0
1	213	1	10	136		0
1	79	-1	0	136		0
1	10	-1	0	136		0
1	1	-1	0	136		0
1	245	-1	0	136		0
1	213	1	10	136		0
1	79	-1	0	136		0
1	10	-1	0	136		0
1	1	-1	0	136		0
1	245	-1	0	136		0
1	213	1	111	136		0
1	79	-1	0	136		0
1	111	-1	0	136		0
1	1	-1	0	136		0
1	245	-1	0	136		0
1	213	1	9	136		0
1	79	-1	0	136		0
1	9	-1	0	136		0
1	1	-1	0	136		0
1	245	-1	0	136		0
1	213	1	227	136		0
1	79	-1	0	136		0
1	227	-1	0	136		0
1	79	-1	0	136		0
1	39	-1	0	136		0
1	10	-1	0	136		0
1	1	-1	0	136		0
1	245	-1	0	136		0
1	212	1	79	136		0
1	79	-1	0	136		0
1	28	-1	0	136		0
1	79	-1	0	136		0
1	1	-1	0	136		0
1	245	-1	0	136		0
1	213	1	10	136		0
1	79	-1	0	136		0
1	28	-1	0	136		0
1	10	-1	0	136		0
1	1	-1	0	136		0
1	245	-1	0	136		0
1	218	-1	0	136		0
1	212	1	79	136		0
1	79	-1	0	136		0
1	79	-1	0	136		0
1	1	-1	0	136		0
1	245	-1	0	136		0
1	214	-1	0	136		0
1	79	-1	0	136		0
1	1	-1	0	136		0
1	245	-1	0	136		0
1	213	1	229	136		0
1	79	-1	0	136		0
1	229	-1	0	136		0
1	15	-1	0	136		0
1	240	-1	0	136		0
1	79	-1	0	136		0
1	17	-1	0	136		0
1	1	-1	0	136		0
0	0	-1	0	137		0
1	245	-1	0	137		0
1	212	1	79	137	0062	1
1	79	-1	0	137		0
1	79	-1	0	137		0
1	1	-1	0	137		0
1	245	-1	0	137		0
1	213	1	10	137		0
1	79	-1	0	137		0
1	10	-1	0	137		0
1	1	-1	0	137		0
1	245	-1	0	137		0
1	213	1	10	137		0
1	79	-1	0	137		0
1	10	-1	0	137		0
1	1	-1	0	137		0
1	245	-1	0	137		0
1	213	1	14	137		0
1	79	-1	0	137		0
1	14	-1	0	137		0
1	1	-1	0	137		0
1	245	-1	0	137		0
1	213	1	8	137	00310036	1
1	79	-1	0	137		0
1	8	-1	0	137		0
1	1	-1	0	137		0
1	245	-1	0	137		0
1	213	1	8	137	00310030	1
1	79	-1	0	137		0
1	8	-1	0	137		0
1	1	-1	0	137		0
1	245	-1	0	137		0
1	213	1	79	137	007600610072006900610062006c0065	1
1	79	-1	0	137		0
1	79	-1	0	137		0
1	1	-1	0	137		0
1	245	-1	0	137		0
1	213	1	79	137	007600610072006900610062006c0065	1
1	79	-1	0	137		0
1	218	-1	0	137		0
1	218	-1	0	137		0
1	79	-1	0	137		0
1	1	-1	0	137		0
1	245	-1	0	137		0
1	213	1	10	137		0
1	79	-1	0	137		0
1	218	-1	0	137		0
1	218	-1	0	137		0
1	10	-1	0	137		0
1	1	-1	0	137		0
1	245	-1	0	137		0
1	213	1	8	137	0030	1
1	79	-1	0	137		0
1	218	-1	0	137		0
1	218	-1	0	137		0
1	8	-1	0	137		0
1	1	-1	0	137		0
1	245	-1	0	137		0
1	212	1	80	137		0
1	79	-1	0	137		0
1	80	-1	0	137		0
1	1	-1	0	137		0
1	245	-1	0	137		0
1	213	1	80	137		0
1	79	-1	0	137		0
1	80	-1	0	137		0
1	1	-1	0	137		0
1	245	-1	0	137		0
1	213	1	10	137		0
1	79	-1	0	137		0
1	10	-1	0	137		0
1	1	-1	0	137		0
1	245	-1	0	137		0
1	213	1	10	137		0
1	79	-1	0	137		0
1	10	-1	0	137		0
1	1	-1	0	137		0
1	245	-1	0	137		0
1	213	1	10	137		0
1	79	-1	0	137		0
1	10	-1	0	137		0
1	1	-1	0	137		0
1	245	-1	0	137		0
1	213	1	111	137		0
1	79	-1	0	137		0
1	111	-1	0	137		0
1	1	-1	0	137		0
1	245	-1	0	137		0
1	213	1	9	137		0
1	79	-1	0	137		0
1	9	-1	0	137		0
1	1	-1	0	137		0
1	245	-1	0	137		0
1	213	1	227	137		0
1	79	-1	0	137		0
1	227	-1	0	137		0
1	79	-1	0	137		0
1	39	-1	0	137		0
1	10	-1	0	137		0
1	1	-1	0	137		0
1	245	-1	0	137		0
1	212	1	79	137	0062	1
1	79	-1	0	137		0
1	28	-1	0	137		0
1	79	-1	0	137		0
1	1	-1	0	137		0
1	245	-1	0	137		0
1	213	1	10	137		0
1	79	-1	0	137		0
1	28	-1	0	137		0
1	10	-1	0	137		0
1	1	-1	0	137		0
1	245	-1	0	137		0
1	218	-1	0	137		0
1	212	1	79	137	0062	1
1	79	-1	0	137		0
1	79	-1	0	137		0
1	1	-1	0	137		0
1	245	-1	0	137		0
1	214	-1	0	137		0
1	79	-1	0	137		0
1	1	-1	0	137		0
1	245	-1	0	137		0
1	213	1	229	137		0
1	79	-1	0	137		0
1	229	-1	0	137		0
1	15	-1	0	137		0
1	240	-1	0	137		0
1	79	-1	0	137		0
1	17	-1	0	137		0
1	1	-1	0	137		0
0	0	-1	0	138		0
1	245	-1	0	138		0
1	212	1	79	138		0
1	79	-1	0	138		0
1	79	-1	0	138		0
1	1	-1	0	138		0
1	245	-1	0	138		0
1	213	1	10	138	0062	1
1	79	-1	0	138		0
1	10	-1	0	138		0
1	1	-1	0	138		0
1	245	-1	0	138		0
1	213	1	10	138		1
1	79	-1	0	138		0
1	10	-1	0	138		0
1	1	-1	0	138		0
1	245	-1	0	138		0
1	213	1	14	138		0
1	79	-1	0	138		0
1	14	-1	0	138		0
1	1	-1	0	138		0
1	245	-1	0	138		0
1	213	1	8	138	00310036	1
1	79	-1	0	138		0
1	8	-1	0	138		0
1	1	-1	0	138		0
1	245	-1	0	138		0
1	213	1	8	138	00310030	1
1	79	-1	0	138		0
1	8	-1	0	138		0
1	1	-1	0	138		0
1	245	-1	0	138		0
1	213	1	79	138		0
1	79	-1	0	138		0
1	79	-1	0	138		0
1	1	-1	0	138		0
1	245	-1	0	138		0
1	213	1	79	138		0
1	79	-1	0	138		0
1	218	-1	0	138		0
1	218	-1	0	138		0
1	79	-1	0	138		0
1	1	-1	0	138		0
1	245	-1	0	138		0
1	213	1	10	138	0062	1
1	79	-1	0	138		0
1	218	-1	0	138		0
1	218	-1	0	138		0
1	10	-1	0	138		0
1	1	-1	0	138		0
1	245	-1	0	138		0
1	213	1	8	138	0030	1
1	79	-1	0	138		0
1	218	-1	0	138		0
1	218	-1	0	138		0
1	8	-1	0	138		0
1	1	-1	0	138		0
1	245	-1	0	138		0
1	212	1	80	138		0
1	79	-1	0	138		0
1	80	-1	0	138		0
1	1	-1	0	138		0
1	245	-1	0	138		0
1	213	1	80	138		0
1	79	-1	0	138		0
1	80	-1	0	138		0
1	1	-1	0	138		0
1	245	-1	0	138		0
1	213	1	10	138	d83dde00	1
1	79	-1	0	138		0
1	10	-1	0	138		0
1	1	-1	0	138		0
1	245	-1	0	138		0
1	213	1	10	138	00610062	1
1	79	-1	0	138		0
1	10	-1	0	138		0
1	1	-1	0	138		0
1	245	-1	0	138		0
1	213	1	10	138	0061000a	1
1	79	-1	0	138		0
1	10	-1	0	138		0
1	1	-1	0	138		0
1	245	-1	0	138		0
1	213	1	111	138		0
1	79	-1	0	138		0
1	111	-1	0	138		0
1	1	-1	0	138		0
1	245	-1	0	138		0
1	213	1	9	138		0
1	79	-1	0	138		0
1	9	-1	0	138		0
1	1	-1	0	138		0
1	245	-1	0	138		0
1	213	1	227	138		0
1	79	-1	0	138		0
1	227	-1	0	138		0
1	79	-1	0	138		0
1	39	-1	0	138		0
1	10	-1	0	138		0
1	1	-1	0	138		0
1	245	-1	0	138		0
1	212	1	79	138		0
1	79	-1	0	138		0
1	28	-1	0	138		0
1	79	-1	0	138		0
1	1	-1	0	138		0
1	245	-1	0	138		0
1	213	1	10	138	0062	1
1	79	-1	0	138		0
1	28	-1	0	138		0
1	10	-1	0	138		0
1	1	-1	0	138		0
1	245	-1	0	138		0
1	218	-1	0	138		0
1	212	1	79	138		0
1	79	-1	0	138		0
1	79	-1	0	138		0
1	1	-1	0	138		0
1	245	-1	0	138		0
1	214	-1	0	138		0
1	79	-1	0	138		0
1	1	-1	0	138		0
1	245	-1	0	138		0
1	213	1	229	138		0
1	79	-1	0	138		0
1	229	-1	0	138		0
1	15	-1	0	138		0
1	240	-1	0	138		0
1	79	-1	0	138		0
1	17	-1	0	138		0
1	1	-1	0	138		0
0	0	-1	0	139		0
1	245	-1	0	139		0
1	212	1	79	139	0062	1
1	79	-1	0	139		0
1	79	-1	0	139		0
1	1	-1	0	139		0
1	245	-1	0	139		0
1	213	1	10	139	0062	1
1	79	-1	0	139		0
1	10	-1	0	139		0
1	1	-1	0	139		0
1	245	-1	0	139		0
1	213	1	10	139		1
1	79	-1	0	139		0
1	10	-1	0	139		0
1	1	-1	0	139		0
1	245	-1	0	139		0
1	213	1	14	139		0
1	79	-1	0	139		0
1	14	-1	0	139		0
1	1	-1	0	139		0
1	245	-1	0	139		0
1	213	1	8	139	00310036	1
1	79	-1	0	139		0
1	8	-1	0	139		0
1	1	-1	0	139		0
1	245	-1	0	139		0
1	213	1	8	139	00310030	1
1	79	-1	0	139		0
1	8	-1	0	139		0
1	1	-1	0	139		0
1	245	-1	0	139		0
1	213	1	79	139	007600610072006900610062006c0065	1
1	79	-1	0	139		0
1	79	-1	0	139		0
1	1	-1	0	139		0
1	245	-1	0	139		0
1	213	1	79	139	007600610072006900610062006c0065	1
1	79	-1	0	139		0
1	218	-1	0	139		0
1	218	-1	0	139		0
1	79	-1	0	139		0
1	1	-1	0	139		0
1	245	-1	0	139		0
1	213	1	10	139	0062	1
1	79	-1	0	139		0
1	218	-1	0	139		0
1	218	-1	0	139		0
1	10	-1	0	139		0
1	1	-1	0	139		0
1	245	-1	0	139		0
1	213	1	8	139	0030	1
1	79	-1	0	139		0
1	218	-1	0	139		0
1	218	-1	0	139		0
1	8	-1	0	139		0
1	1	-1	0	139		0
1	245	-1	0	139		0
1	212	1	80	139		0
1	79	-1	0	139		0
1	80	-1	0	139		0
1	1	-1	0	139		0
1	245	-1	0	139		0
1	213	1	80	139		0
1	79	-1	0	139		0
1	80	-1	0	139		0
1	1	-1	0	139		0
1	245	-1	0	139		0
1	213	1	10	139	d83dde00	1
1	79	-1	0	139		0
1	10	-1	0	139		0
1	1	-1	0	139		0
1	245	-1	0	139		0
1	213	1	10	139	00610062	1
1	79	-1	0	139		0
1	10	-1	0	139		0
1	1	-1	0	139		0
1	245	-1	0	139		0
1	213	1	10	139	0061000a	1
1	79	-1	0	139		0
1	10	-1	0	139		0
1	1	-1	0	139		0
1	245	-1	0	139		0
1	213	1	111	139		0
1	79	-1	0	139		0
1	111	-1	0	139		0
1	1	-1	0	139		0
1	245	-1	0	139		0
1	213	1	9	139		0
1	79	-1	0	139		0
1	9	-1	0	139		0
1	1	-1	0	139		0
1	245	-1	0	139		0
1	213	1	227	139		0
1	79	-1	0	139		0
1	227	-1	0	139		0
1	79	-1	0	139		0
1	39	-1	0	139		0
1	10	-1	0	139		0
1	1	-1	0	139		0
1	245	-1	0	139		0
1	212	1	79	139	0062	1
1	79	-1	0	139		0
1	28	-1	0	139		0
1	79	-1	0	139		0
1	1	-1	0	139		0
1	245	-1	0	139		0
1	213	1	10	139	0062	1
1	79	-1	0	139		0
1	28	-1	0	139		0
1	10	-1	0	139		0
1	1	-1	0	139		0
1	245	-1	0	139		0
1	218	-1	0	139		0
1	212	1	79	139	0062	1
1	79	-1	0	139		0
1	79	-1	0	139		0
1	1	-1	0	139		0
1	245	-1	0	139		0
1	214	-1	0	139		0
1	79	-1	0	139		0
1	1	-1	0	139		0
1	245	-1	0	139		0
1	213	1	229	139		0
1	79	-1	0	139		0
1	229	-1	0	139		0
1	15	-1	0	139		0
1	240	-1	0	139		0
1	79	-1	0	139		0
1	17	-1	0	139		0
1	1	-1	0	139		0
0	0	-1	0	140		0
1	245	-1	0	140		0
1	212	1	79	140		0
1	79	-1	0	140		0
1	79	-1	0	140		0
1	1	-1	0	140		0
1	245	-1	0	140		0
1	213	1	10	140		0
1	79	-1	0	140		0
1	10	-1	0	140		0
1	1	-1	0	140		0
1	245	-1	0	140		0
1	213	1	10	140		0
1	79	-1	0	140		0
1	10	-1	0	140		0
1	1	-1	0	140		0
1	245	-1	0	140		0
1	213	1	14	140	0062	1
1	79	-1	0	140		0
1	14	-1	0	140		0
1	1	-1	0	140		0
1	245	-1	0	140		0
1	213	1	8	140	00310036	1
1	79	-1	0	140		0
1	8	-1	0	140		0
1	1	-1	0	140		0
1	245	-1	0	140		0
1	213	1	8	140	00310030	1
1	79	-1	0	140		0
1	8	-1	0	140		0
1	1	-1	0	140		0
1	245	-1	0	140		0
1	213	1	79	140		0
1	79	-1	0	140		0
1	79	-1	0	140		0
1	1	-1	0	140		0
1	245	-1	0	140		0
1	213	1	79	140		0
1	79	-1	0	140		0
1	218	-1	0	140		0
1	218	-1	0	140		0
1	79	-1	0	140		0
1	1	-1	0	140		0
1	245	-1	0	140		0
1	213	1	10	140		0
1	79	-1	0	140		0
1	218	-1	0	140		0
1	218	-1	0	140		0
1	10	-1	0	140		0
1	1	-1	0	140		0
1	245	-1	0	140		0
1	213	1	8	140	0030	1
1	79	-1	0	140		0
1	218	-1	0	140		0
1	218	-1	0	140		0
1	8	-1	0	140		0
1	1	-1	0	140		0
1	245	-1	0	140		0
1	212	1	80	140		0
1	79	-1	0	140		0
1	80	-1	0	140		0
1	1	-1	0	140		0
1	245	-1	0	140		0
1	213	1	80	140		0
1	79	-1	0	140		0
1	80	-1	0	140		0
1	1	-1	0	140		0
1	245	-1	0	140		0
1	213	1	10	140		0
1	79	-1	0	140		0
1	10	-1	0	140		0
1	1	-1	0	140		0
1	245	-1	0	140		0
1	213	1	10	140		0
1	79	-1	0	140		0
1	10	-1	0	140		0
1	1	-1	0	140		0
1	245	-1	0	140		0
1	213	1	10	140		0
1	79	-1	0	140		0
1	10	-1	0	140		0
1	1	-1	0	140		0
1	245	-1	0	140		0
1	213	1	111	140		0
1	79	-1	0	140		0
1	111	-1	0	140		0
1	1	-1	0	140		0
1	245	-1	0	140		0
1	213	1	9	140		0
1	79	-1	0	140		0
1	9	-1	0	140		0
1	1	-1	0	140		0
1	245	-1	0	140		0
1	213	1	227	140		0
1	79	-1	0	140		0
1	227	-1	0	140		0
1	79	-1	0	140		0
1	39	-1	0	140		0
1	10	-1	0	140		0
1	1	-1	0	140		0
1	245	-1	0	140		0
1	212	1	79	140		0
1	79	-1	0	140		0
1	28	-1	0	140		0
1	79	-1	0	140		0
1	1	-1	0	140		0
1	245	-1	0	140		0
1	213	1	10	140		0
1	79	-1	0	140		0
1	28	-1	0	140		0
1	10	-1	0	140		0
1	1	-1	0	140		0
1	245	-1	0	140		0
1	218	-1	0	140		0
1	212	1	79	140		0
1	79	-1	0	140		0
1	79	-1	0	140		0
1	1	-1	0	140		0
1	245	-1	0	140		0
1	214	-1	0	140		0
1	79	-1	0	140		0
1	1	-1	0	140		0
1	245	-1	0	140		0
1	213	1	229	140		0
1	79	-1	0	140		0
1	229	-1	0	140		0
1	15	-1	0	140		0
1	240	-1	0	140		0
1	79	-1	0	140		0
1	17	-1	0	140		0
1	1	-1	0	140		0
0	0	-1	0	141		0
1	245	-1	0	141		0
1	212	1	79	141	0062	1
1	79	-1	0	141		0
1	79	-1	0	141		0
1	1	-1	0	141		0
1	245	-1	0	141		0
1	213	1	10	141		0
1	79	-1	0	141		0
1	10	-1	0	141		0
1	1	-1	0	141		0
1	245	-1	0	141		0
1	213	1	10	141		0
1	79	-1	0	141		0
1	10	-1	0	141		0
1	1	-1	0	141		0
1	245	-1	0	141		0
1	213	1	14	141	0062	1
1	79	-1	0	141		0
1	14	-1	0	141		0
1	1	-1	0	141		0
1	245	-1	0	141		0
1	213	1	8	141	00310036	1
1	79	-1	0	141		0
1	8	-1	0	141		0
1	1	-1	0	141		0
1	245	-1	0	141		0
1	213	1	8	141	00310030	1
1	79	-1	0	141		0
1	8	-1	0	141		0
1	1	-1	0	141		0
1	245	-1	0	141		0
1	213	1	79	141	007600610072006900610062006c0065	1
1	79	-1	0	141		0
1	79	-1	0	141		0
1	1	-1	0	141		0
1	245	-1	0	141		0
1	213	1	79	141	007600610072006900610062006c0065	1
1	79	-1	0	141		0
1	218	-1	0	141		0
1	218	-1	0	141		0
1	79	-1	0	141		0
1	1	-1	0	141		0
1	245	-1	0	141		0
1	213	1	10	141		0
1	79	-1	0	141		0
1	218	-1	0	141		0
1	218	-1	0	141		0
1	10	-1	0	141		0
1	1	-1	0	141		0
1	245	-1	0	141		0
1	213	1	8	141	0030	1
1	79	-1	0	141		0
1	218	-1	0	141		0
1	218	-1	0	141		0
1	8	-1	0	141		0
1	1	-1	0	141		0
1	245	-1	0	141		0
1	212	1	80	141		0
1	79	-1	0	141		0
1	80	-1	0	141		0
1	1	-1	0	141		0
1	245	-1	0	141		0
1	213	1	80	141		0
1	79	-1	0	141		0
1	80	-1	0	141		0
1	1	-1	0	141		0
1	245	-1	0	141		0
1	213	1	10	141		0
1	79	-1	0	141		0
1	10	-1	0	141		0
1	1	-1	0	141		0
1	245	-1	0	141		0
1	213	1	10	141		0
1	79	-1	0	141		0
1	10	-1	0	141		0
1	1	-1	0	141		0
1	245	-1	0	141		0
1	213	1	10	141		0
1	79	-1	0	141		0
1	10	-1	0	141		0
1	1	-1	0	141		0
1	245	-1	0	141		0
1	213	1	111	141		0
1	79	-1	0	141		0
1	111	-1	0	141		0
1	1	-1	0	141		0
1	245	-1	0	141		0
1	213	1	9	141		0
1	79	-1	0	141		0
1	9	-1	0	141		0
1	1	-1	0	141		0
1	245	-1	0	141		0
1	213	1	227	141		0
1	79	-1	0	141		0
1	227	-1	0	141		0
1	79	-1	0	141		0
1	39	-1	0	141		0
1	10	-1	0	141		0
1	1	-1	0	141		0
1	245	-1	0	141		0
1	212	1	79	141	0062	1
1	79	-1	0	141		0
1	28	-1	0	141		0
1	79	-1	0	141		0
1	1	-1	0	141		0
1	245	-1	0	141		0
1	213	1	10	141		0
1	79	-1	0	141		0
1	28	-1	0	141		0
1	10	-1	0	141		0
1	1	-1	0	141		0
1	245	-1	0	141		0
1	218	-1	0	141		0
1	212	1	79	141	0062	1
1	79	-1	0	141		0
1	79	-1	0	141		0
1	1	-1	0	141		0
1	245	-1	0	141		0
1	214	-1	0	141		0
1	79	-1	0	141		0
1	1	-1	0	141		0
1	245	-1	0	141		0
1	213	1	229	141		0
1	79	-1	0	141		0
1	229	-1	0	141		0
1	15	-1	0	141		0
1	240	-1	0	141		0
1	79	-1	0	141		0
1	17	-1	0	141		0
1	1	-1	0	141		0
0	0	-1	0	142		0
1	245	-1	0	142		0
1	212	1	79	142		0
1	79	-1	0	142		0
1	79	-1	0	142		0
1	1	-1	0	142		0
1	245	-1	0	142		0
1	213	1	10	142	0062	1
1	79	-1	0	142		0
1	10	-1	0	142		0
1	1	-1	0	142		0
1	245	-1	0	142		0
1	213	1	10	142		1
1	79	-1	0	142		0
1	10	-1	0	142		0
1	1	-1	0	142		0
1	245	-1	0	142		0
1	213	1	14	142	0062	1
1	79	-1	0	142		0
1	14	-1	0	142		0
1	1	-1	0	142		0
1	245	-1	0	142		0
1	213	1	8	142	00310036	1
1	79	-1	0	142		0
1	8	-1	0	142		0
1	1	-1	0	142		0
1	245	-1	0	142		0
1	213	1	8	142	00310030	1
1	79	-1	0	142		0
1	8	-1	0	142		0
1	1	-1	0	142		0
1	245	-1	0	142		0
1	213	1	79	142		0
1	79	-1	0	142		0
1	79	-1	0	142		0
1	1	-1	0	142		0
1	245	-1	0	142		0
1	213	1	79	142		0
1	79	-1	0	142		0
1	218	-1	0	142		0
1	218	-1	0	142		0
1	79	-1	0	142		0
1	1	-1	0	142		0
1	245	-1	0	142		0
1	213	1	10	142	0062	1
1	79	-1	0	142		0
1	218	-1	0	142		0
1	218	-1	0	142		0
1	10	-1	0	142		0
1	1	-1	0	142		0
1	245	-1	0	142		0
1	213	1	8	142	0030	1
1	79	-1	0	142		0
1	218	-1	0	142		0
1	218	-1	0	142		0
1	8	-1	0	142		0
1	1	-1	0	142		0
1	245	-1	0	142		0
1	212	1	80	142		0
1	79	-1	0	142		0
1	80	-1	0	142		0
1	1	-1	0	142		0
1	245	-1	0	142		0
1	213	1	80	142		0
1	79	-1	0	142		0
1	80	-1	0	142		0
1	1	-1	0	142		0
1	245	-1	0	142		0
1	213	1	10	142	d83dde00	1
1	79	-1	0	142		0
1	10	-1	0	142		0
1	1	-1	0	142		0
1	245	-1	0	142		0
1	213	1	10	142	00610062	1
1	79	-1	0	142		0
1	10	-1	0	142		0
1	1	-1	0	142		0
1	245	-1	0	142		0
1	213	1	10	142	0061000a	1
1	79	-1	0	142		0
1	10	-1	0	142		0
1	1	-1	0	142		0
1	245	-1	0	142		0
1	213	1	111	142		0
1	79	-1	0	142		0
1	111	-1	0	142		0
1	1	-1	0	142		0
1	245	-1	0	142		0
1	213	1	9	142		0
1	79	-1	0	142		0
1	9	-1	0	142		0
1	1	-1	0	142		0
1	245	-1	0	142		0
1	213	1	227	142		0
1	79	-1	0	142		0
1	227	-1	0	142		0
1	79	-1	0	142		0
1	39	-1	0	142		0
1	10	-1	0	142		0
1	1	-1	0	142		0
1	245	-1	0	142		0
1	212	1	79	142		0
1	79	-1	0	142		0
1	28	-1	0	142		0
1	79	-1	0	142		0
1	1	-1	0	142		0
1	245	-1	0	142		0
1	213	1	10	142	0062	1
1	79	-1	0	142		0
1	28	-1	0	142		0
1	10	-1	0	142		0
1	1	-1	0	142		0
1	245	-1	0	142		0
1	218	-1	0	142		0
1	212	1	79	142		0
1	79	-1	0	142		0
1	79	-1	0	142		0
1	1	-1	0	142		0
1	245	-1	0	142		0
1	214	-1	0	142		0
1	79	-1	0	142		0
1	1	-1	0	142		0
1	245	-1	0	142		0
1	213	1	229	142		0
1	79	-1	0	142		0
1	229	-1	0	142		0
1	15	-1	0	142		0
1	240	-1	0	142		0
1	79	-1	0	142		0
1	17	-1	0	142		0
1	1	-1	0	142		0
0	0	-1	0	143		0
1	245	-1	0	143		0
1	212	1	79	143	0062	1
1	79	-1	0	143		0
1	79	-1	0	143		0
1	1	-1	0	143		0
1	245	-1	0	143		0
1	213	1	10	143	0062	1
1	79	-1	0	143		0
1	10	-1	0	143		0
1	1	-1	0	143		0
1	245	-1	0	143		0
1	213	1	10	143		1
1	79	-1	0	143		0
1	10	-1	0	143		0
1	1	-1	0	143		0
1	245	-1	0	143		0
1	213	1	14	143	0062	1
1	79	-1	0	143		0
1	14	-1	0	143		0
1	1	-1	0	143		0
1	245	-1	0	143		0
1	213	1	8	143	00310036	1
1	79	-1	0	143		0
1	8	-1	0	143		0
1	1	-1	0	143		0
1	245	-1	0	143		0
1	213	1	8	143	00310030	1
1	79	-1	0	143		0
1	8	-1	0	143		0
1	1	-1	0	143		0
1	245	-1	0	143		0
1	213	1	79	143	007600610072006900610062006c0065	1
1	79	-1	0	143		0
1	79	-1	0	143		0
1	1	-1	0	143		0
1	245	-1	0	143		0
1	213	1	79	143	007600610072006900610062006c0065	1
1	79	-1	0	143		0
1	218	-1	0	143		0
1	218	-1	0	143		0
1	79	-1	0	143		0
1	1	-1	0	143		0
1	245	-1	0	143		0
1	213	1	10	143	0062	1
1	79	-1	0	143		0
1	218	-1	0	143		0
1	218	-1	0	143		0
1	10	-1	0	143		0
1	1	-1	0	143		0
1	245	-1	0	143		0
1	213	1	8	143	0030	1
1	79	-1	0	143		0
1	218	-1	0	143		0
1	218	-1	0	143		0
1	8	-1	0	143		0
1	1	-1	0	143		0
1	245	-1	0	143		0
1	212	1	80	143		0
1	79	-1	0	143		0
1	80	-1	0	143		0
1	1	-1	0	143		0
1	245	-1	0	143		0
1	213	1	80	143		0
1	79	-1	0	143		0
1	80	-1	0	143		0
1	1	-1	0	143		0
1	245	-1	0	143		0
1	213	1	10	143	d83dde00	1
1	79	-1	0	143		0
1	10	-1	0	143		0
1	1	-1	0	143		0
1	245	-1	0	143		0
1	213	1	10	143	00610062	1
1	79	-1	0	143		0
1	10	-1	0	143		0
1	1	-1	0	143		0
1	245	-1	0	143		0
1	213	1	10	143	0061000a	1
1	79	-1	0	143		0
1	10	-1	0	143		0
1	1	-1	0	143		0
1	245	-1	0	143		0
1	213	1	111	143		0
1	79	-1	0	143		0
1	111	-1	0	143		0
1	1	-1	0	143		0
1	245	-1	0	143		0
1	213	1	9	143		0
1	79	-1	0	143		0
1	9	-1	0	143		0
1	1	-1	0	143		0
1	245	-1	0	143		0
1	213	1	227	143		0
1	79	-1	0	143		0
1	227	-1	0	143		0
1	79	-1	0	143		0
1	39	-1	0	143		0
1	10	-1	0	143		0
1	1	-1	0	143		0
1	245	-1	0	143		0
1	212	1	79	143	0062	1
1	79	-1	0	143		0
1	28	-1	0	143		0
1	79	-1	0	143		0
1	1	-1	0	143		0
1	245	-1	0	143		0
1	213	1	10	143	0062	1
1	79	-1	0	143		0
1	28	-1	0	143		0
1	10	-1	0	143		0
1	1	-1	0	143		0
1	245	-1	0	143		0
1	218	-1	0	143		0
1	212	1	79	143	0062	1
1	79	-1	0	143		0
1	79	-1	0	143		0
1	1	-1	0	143		0
1	245	-1	0	143		0
1	214	-1	0	143		0
1	79	-1	0	143		0
1	1	-1	0	143		0
1	245	-1	0	143		0
1	213	1	229	143		0
1	79	-1	0	143		0
1	229	-1	0	143		0
1	15	-1	0	143		0
1	240	-1	0	143		0
1	79	-1	0	143		0
1	17	-1	0	143		0
1	1	-1	0	143		0
0	0	-1	0	144		0
1	245	-1	0	144		0
1	212	1	79	144		0
1	79	-1	0	144		0
1	79	-1	0	144		0
1	1	-1	0	144		0
1	245	-1	0	144		0
1	213	1	10	144		0
1	79	-1	0	144		0
1	10	-1	0	144		0
1	1	-1	0	144		0
1	245	-1	0	144		0
1	213	1	10	144		0
1	79	-1	0	144		0
1	10	-1	0	144		0
1	1	-1	0	144		0
1	245	-1	0	144		0
1	213	1	14	144		0
1	79	-1	0	144		0
1	14	-1	0	144		0
1	1	-1	0	144		0
1	245	-1	0	144		0
1	213	1	8	144		0
1	79	-1	0	144		0
1	8	-1	0	144		0
1	1	-1	0	144		0
1	245	-1	0	144		0
1	213	1	8	144		0
1	79	-1	0	144		0
1	8	-1	0	144		0
1	1	-1	0	144		0
1	245	-1	0	144		0
1	213	1	79	144		0
1	79	-1	0	144		0
1	79	-1	0	144		0
1	1	-1	0	144		0
1	245	-1	0	144		0
1	213	1	79	144		0
1	79	-1	0	144		0
1	218	-1	0	144		0
1	218	-1	0	144		0
1	79	-1	0	144		0
1	1	-1	0	144		0
1	245	-1	0	144		0
1	213	1	10	144		0
1	79	-1	0	144		0
1	218	-1	0	144		0
1	218	-1	0	144		0
1	10	-1	0	144		0
1	1	-1	0	144		0
1	245	-1	0	144		0
1	213	1	8	144		0
1	79	-1	0	144		0
1	218	-1	0	144		0
1	218	-1	0	144		0
1	8	-1	0	144		0
1	1	-1	0	144		0
1	245	-1	0	144		0
1	212	1	80	144	00230070007200690076006100740065	1
1	79	-1	0	144		0
1	80	-1	0	144		0
1	1	-1	0	144		0
1	245	-1	0	144		0
1	213	1	80	144	00230070007200690076006100740065	1
1	79	-1	0	144		0
1	80	-1	0	144		0
1	1	-1	0	144		0
1	245	-1	0	144		0
1	213	1	10	144		0
1	79	-1	0	144		0
1	10	-1	0	144		0
1	1	-1	0	144		0
1	245	-1	0	144		0
1	213	1	10	144		0
1	79	-1	0	144		0
1	10	-1	0	144		0
1	1	-1	0	144		0
1	245	-1	0	144		0
1	213	1	10	144		0
1	79	-1	0	144		0
1	10	-1	0	144		0
1	1	-1	0	144		0
1	245	-1	0	144		0
1	213	1	111	144		0
1	79	-1	0	144		0
1	111	-1	0	144		0
1	1	-1	0	144		0
1	245	-1	0	144		0
1	213	1	9	144		0
1	79	-1	0	144		0
1	9	-1	0	144		0
1	1	-1	0	144		0
1	245	-1	0	144		0
1	213	1	227	144		0
1	79	-1	0	144		0
1	227	-1	0	144		0
1	79	-1	0	144		0
1	39	-1	0	144		0
1	10	-1	0	144		0
1	1	-1	0	144		0
1	245	-1	0	144		0
1	212	1	79	144		0
1	79	-1	0	144		0
1	28	-1	0	144		0
1	79	-1	0	144		0
1	1	-1	0	144		0
1	245	-1	0	144		0
1	213	1	10	144		0
1	79	-1	0	144		0
1	28	-1	0	144		0
1	10	-1	0	144		0
1	1	-1	0	144		0
1	245	-1	0	144		0
1	218	-1	0	144		0
1	212	1	79	144		0
1	79	-1	0	144		0
1	79	-1	0	144		0
1	1	-1	0	144		0
1	245	-1	0	144		0
1	214	-1	0	144		0
1	79	-1	0	144		0
1	1	-1	0	144		0
1	245	-1	0	144		0
1	213	1	229	144		0
1	79	-1	0	144		0
1	229	-1	0	144		0
1	15	-1	0	144		0
1	240	-1	0	144		0
1	79	-1	0	144		0
1	17	-1	0	144		0
1	1	-1	0	144		0
0	0	-1	0	145		0
1	245	-1	0	145		0
1	212	1	79	145	0062	1
1	79	-1	0	145		0
1	79	-1	0	145		0
1	1	-1	0	145		0
1	245	-1	0	145		0
1	213	1	10	145		0
1	79	-1	0	145		0
1	10	-1	0	145		0
1	1	-1	0	145		0
1	245	-1	0	145		0
1	213	1	10	145		0
1	79	-1	0	145		0
1	10	-1	0	145		0
1	1	-1	0	145		0
1	245	-1	0	145		0
1	213	1	14	145		0
1	79	-1	0	145		0
1	14	-1	0	145		0
1	1	-1	0	145		0
1	245	-1	0	145		0
1	213	1	8	145		0
1	79	-1	0	145		0
1	8	-1	0	145		0
1	1	-1	0	145		0
1	245	-1	0	145		0
1	213	1	8	145		0
1	79	-1	0	145		0
1	8	-1	0	145		0
1	1	-1	0	145		0
1	245	-1	0	145		0
1	213	1	79	145	007600610072006900610062006c0065	1
1	79	-1	0	145		0
1	79	-1	0	145		0
1	1	-1	0	145		0
1	245	-1	0	145		0
1	213	1	79	145	007600610072006900610062006c0065	1
1	79	-1	0	145		0
1	218	-1	0	145		0
1	218	-1	0	145		0
1	79	-1	0	145		0
1	1	-1	0	145		0
1	245	-1	0	145		0
1	213	1	10	145		0
1	79	-1	0	145		0
1	218	-1	0	145		0
1	218	-1	0	145		0
1	10	-1	0	145		0
1	1	-1	0	145		0
1	245	-1	0	145		0
1	213	1	8	145		0
1	79	-1	0	145		0
1	218	-1	0	145		0
1	218	-1	0	145		0
1	8	-1	0	145		0
1	1	-1	0	145		0
1	245	-1	0	145		0
1	212	1	80	145	00230070007200690076006100740065	1
1	79	-1	0	145		0
1	80	-1	0	145		0
1	1	-1	0	145		0
1	245	-1	0	145		0
1	213	1	80	145	00230070007200690076006100740065	1
1	79	-1	0	145		0
1	80	-1	0	145		0
1	1	-1	0	145		0
1	245	-1	0	145		0
1	213	1	10	145		0
1	79	-1	0	145		0
1	10	-1	0	145		0
1	1	-1	0	145		0
1	245	-1	0	145		0
1	213	1	10	145		0
1	79	-1	0	145		0
1	10	-1	0	145		0
1	1	-1	0	145		0
1	245	-1	0	145		0
1	213	1	10	145		0
1	79	-1	0	145		0
1	10	-1	0	145		0
1	1	-1	0	145		0
1	245	-1	0	145		0
1	213	1	111	145		0
1	79	-1	0	145		0
1	111	-1	0	145		0
1	1	-1	0	145		0
1	245	-1	0	145		0
1	213	1	9	145		0
1	79	-1	0	145		0
1	9	-1	0	145		0
1	1	-1	0	145		0
1	245	-1	0	145		0
1	213	1	227	145		0
1	79	-1	0	145		0
1	227	-1	0	145		0
1	79	-1	0	145		0
1	39	-1	0	145		0
1	10	-1	0	145		0
1	1	-1	0	145		0
1	245	-1	0	145		0
1	212	1	79	145	0062	1
1	79	-1	0	145		0
1	28	-1	0	145		0
1	79	-1	0	145		0
1	1	-1	0	145		0
1	245	-1	0	145		0
1	213	1	10	145		0
1	79	-1	0	145		0
1	28	-1	0	145		0
1	10	-1	0	145		0
1	1	-1	0	145		0
1	245	-1	0	145		0
1	218	-1	0	145		0
1	212	1	79	145	0062	1
1	79	-1	0	145		0
1	79	-1	0	145		0
1	1	-1	0	145		0
1	245	-1	0	145		0
1	214	-1	0	145		0
1	79	-1	0	145		0
1	1	-1	0	145		0
1	245	-1	0	145		0
1	213	1	229	145		0
1	79	-1	0	145		0
1	229	-1	0	145		0
1	15	-1	0	145		0
1	240	-1	0	145		0
1	79	-1	0	145		0
1	17	-1	0	145		0
1	1	-1	0	145		0
0	0	-1	0	146		0
1	245	-1	0	146		0
1	212	1	79	146		0
1	79	-1	0	146		0
1	79	-1	0	146		0
1	1	-1	0	146		0
1	245	-1	0	146		0
1	213	1	10	146	0062	1
1	79	-1	0	146		0
1	10	-1	0	146		0
1	1	-1	0	146		0
1	245	-1	0	146		0
1	213	1	10	146		1
1	79	-1	0	146		0
1	10	-1	0	146		0
1	1	-1	0	146		0
1	245	-1	0	146		0
1	213	1	14	146		0
1	79	-1	0	146		0
1	14	-1	0	146		0
1	1	-1	0	146		0
1	245	-1	0	146		0
1	213	1	8	146		0
1	79	-1	0	146		0
1	8	-1	0	146		0
1	1	-1	0	146		0
1	245	-1	0	146		0
1	213	1	8	146		0
1	79	-1	0	146		0
1	8	-1	0	146		0
1	1	-1	0	146		0
1	245	-1	0	146		0
1	213	1	79	146		0
1	79	-1	0	146		0
1	79	-1	0	146		0
1	1	-1	0	146		0
1	245	-1	0	146		0
1	213	1	79	146		0
1	79	-1	0	146		0
1	218	-1	0	146		0
1	218	-1	0	146		0
1	79	-1	0	146		0
1	1	-1	0	146		0
1	245	-1	0	146		0
1	213	1	10	146	0062	1
1	79	-1	0	146		0
1	218	-1	0	146		0
1	218	-1	0	146		0
1	10	-1	0	146		0
1	1	-1	0	146		0
1	245	-1	0	146		0
1	213	1	8	146		0
1	79	-1	0	146		0
1	218	-1	0	146		0
1	218	-1	0	146		0
1	8	-1	0	146		0
1	1	-1	0	146		0
1	245	-1	0	146		0
1	212	1	80	146	00230070007200690076006100740065	1
1	79	-1	0	146		0
1	80	-1	0	146		0
1	1	-1	0	146		0
1	245	-1	0	146		0
1	213	1	80	146	00230070007200690076006100740065	1
1	79	-1	0	146		0
1	80	-1	0	146		0
1	1	-1	0	146		0
1	245	-1	0	146		0
1	213	1	10	146	d83dde00	1
1	79	-1	0	146		0
1	10	-1	0	146		0
1	1	-1	0	146		0
1	245	-1	0	146		0
1	213	1	10	146	00610062	1
1	79	-1	0	146		0
1	10	-1	0	146		0
1	1	-1	0	146		0
1	245	-1	0	146		0
1	213	1	10	146	0061000a	1
1	79	-1	0	146		0
1	10	-1	0	146		0
1	1	-1	0	146		0
1	245	-1	0	146		0
1	213	1	111	146		0
1	79	-1	0	146		0
1	111	-1	0	146		0
1	1	-1	0	146		0
1	245	-1	0	146		0
1	213	1	9	146		0
1	79	-1	0	146		0
1	9	-1	0	146		0
1	1	-1	0	146		0
1	245	-1	0	146		0
1	213	1	227	146		0
1	79	-1	0	146		0
1	227	-1	0	146		0
1	79	-1	0	146		0
1	39	-1	0	146		0
1	10	-1	0	146		0
1	1	-1	0	146		0
1	245	-1	0	146		0
1	212	1	79	146		0
1	79	-1	0	146		0
1	28	-1	0	146		0
1	79	-1	0	146		0
1	1	-1	0	146		0
1	245	-1	0	146		0
1	213	1	10	146	0062	1
1	79	-1	0	146		0
1	28	-1	0	146		0
1	10	-1	0	146		0
1	1	-1	0	146		0
1	245	-1	0	146		0
1	218	-1	0	146		0
1	212	1	79	146		0
1	79	-1	0	146		0
1	79	-1	0	146		0
1	1	-1	0	146		0
1	245	-1	0	146		0
1	214	-1	0	146		0
1	79	-1	0	146		0
1	1	-1	0	146		0
1	245	-1	0	146		0
1	213	1	229	146		0
1	79	-1	0	146		0
1	229	-1	0	146		0
1	15	-1	0	146		0
1	240	-1	0	146		0
1	79	-1	0	146		0
1	17	-1	0	146		0
1	1	-1	0	146		0
0	0	-1	0	147		0
1	245	-1	0	147		0
1	212	1	79	147	0062	1
1	79	-1	0	147		0
1	79	-1	0	147		0
1	1	-1	0	147		0
1	245	-1	0	147		0
1	213	1	10	147	0062	1
1	79	-1	0	147		0
1	10	-1	0	147		0
1	1	-1	0	147		0
1	245	-1	0	147		0
1	213	1	10	147		1
1	79	-1	0	147		0
1	10	-1	0	147		0
1	1	-1	0	147		0
1	245	-1	0	147		0
1	213	1	14	147		0
1	79	-1	0	147		0
1	14	-1	0	147		0
1	1	-1	0	147		0
1	245	-1	0	147		0
1	213	1	8	147		0
1	79	-1	0	147		0
1	8	-1	0	147		0
1	1	-1	0	147		0
1	245	-1	0	147		0
1	213	1	8	147		0
1	79	-1	0	147		0
1	8	-1	0	147		0
1	1	-1	0	147		0
1	245	-1	0	147		0
1	213	1	79	147	007600610072006900610062006c0065	1
1	79	-1	0	147		0
1	79	-1	0	147		0
1	1	-1	0	147		0
1	245	-1	0	147		0
1	213	1	79	147	007600610072006900610062006c0065	1
1	79	-1	0	147		0
1	218	-1	0	147		0
1	218	-1	0	147		0
1	79	-1	0	147		0
1	1	-1	0	147		0
1	245	-1	0	147		0
1	213	1	10	147	0062	1
1	79	-1	0	147		0
1	218	-1	0	147		0
1	218	-1	0	147		0
1	10	-1	0	147		0
1	1	-1	0	147		0
1	245	-1	0	147		0
1	213	1	8	147		0
1	79	-1	0	147		0
1	218	-1	0	147		0
1	218	-1	0	147		0
1	8	-1	0	147		0
1	1	-1	0	147		0
1	245	-1	0	147		0
1	212	1	80	147	00230070007200690076006100740065	1
1	79	-1	0	147		0
1	80	-1	0	147		0
1	1	-1	0	147		0
1	245	-1	0	147		0
1	213	1	80	147	00230070007200690076006100740065	1
1	79	-1	0	147		0
1	80	-1	0	147		0
1	1	-1	0	147		0
1	245	-1	0	147		0
1	213	1	10	147	d83dde00	1
1	79	-1	0	147		0
1	10	-1	0	147		0
1	1	-1	0	147		0
1	245	-1	0	147		0
1	213	1	10	147	00610062	1
1	79	-1	0	147		0
1	10	-1	0	147		0
1	1	-1	0	147		0
1	245	-1	0	147		0
1	213	1	10	147	0061000a	1
1	79	-1	0	147		0
1	10	-1	0	147		0
1	1	-1	0	147		0
1	245	-1	0	147		0
1	213	1	111	147		0
1	79	-1	0	147		0
1	111	-1	0	147		0
1	1	-1	0	147		0
1	245	-1	0	147		0
1	213	1	9	147		0
1	79	-1	0	147		0
1	9	-1	0	147		0
1	1	-1	0	147		0
1	245	-1	0	147		0
1	213	1	227	147		0
1	79	-1	0	147		0
1	227	-1	0	147		0
1	79	-1	0	147		0
1	39	-1	0	147		0
1	10	-1	0	147		0
1	1	-1	0	147		0
1	245	-1	0	147		0
1	212	1	79	147	0062	1
1	79	-1	0	147		0
1	28	-1	0	147		0
1	79	-1	0	147		0
1	1	-1	0	147		0
1	245	-1	0	147		0
1	213	1	10	147	0062	1
1	79	-1	0	147		0
1	28	-1	0	147		0
1	10	-1	0	147		0
1	1	-1	0	147		0
1	245	-1	0	147		0
1	218	-1	0	147		0
1	212	1	79	147	0062	1
1	79	-1	0	147		0
1	79	-1	0	147		0
1	1	-1	0	147		0
1	245	-1	0	147		0
1	214	-1	0	147		0
1	79	-1	0	147		0
1	1	-1	0	147		0
1	245	-1	0	147		0
1	213	1	229	147		0
1	79	-1	0	147		0
1	229	-1	0	147		0
1	15	-1	0	147		0
1	240	-1	0	147		0
1	79	-1	0	147		0
1	17	-1	0	147		0
1	1	-1	0	147		0
0	0	-1	0	148		0
1	245	-1	0	148		0
1	212	1	79	148		0
1	79	-1	0	148		0
1	79	-1	0	148		0
1	1	-1	0	148		0
1	245	-1	0	148		0
1	213	1	10	148		0
1	79	-1	0	148		0
1	10	-1	0	148		0
1	1	-1	0	148		0
1	245	-1	0	148		0
1	213	1	10	148		0
1	79	-1	0	148		0
1	10	-1	0	148		0
1	1	-1	0	148		0
1	245	-1	0	148		0
1	213	1	14	148	0062	1
1	79	-1	0	148		0
1	14	-1	0	148		0
1	1	-1	0	148		0
1	245	-1	0	148		0
1	213	1	8	148		0
1	79	-1	0	148		0
1	8	-1	0	148		0
1	1	-1	0	148		0
1	245	-1	0	148		0
1	213	1	8	148		0
1	79	-1	0	148		0
1	8	-1	0	148		0
1	1	-1	0	148		0
1	245	-1	0	148		0
1	213	1	79	148		0
1	79	-1	0	148		0
1	79	-1	0	148		0
1	1	-1	0	148		0
1	245	-1	0	148		0
1	213	1	79	148		0
1	79	-1	0	148		0
1	218	-1	0	148		0
1	218	-1	0	148		0
1	79	-1	0	148		0
1	1	-1	0	148		0
1	245	-1	0	148		0
1	213	1	10	148		0
1	79	-1	0	148		0
1	218	-1	0	148		0
1	218	-1	0	148		0
1	10	-1	0	148		0
1	1	-1	0	148		0
1	245	-1	0	148		0
1	213	1	8	148		0
1	79	-1	0	148		0
1	218	-1	0	148		0
1	218	-1	0	148		0
1	8	-1	0	148		0
1	1	-1	0	148		0
1	245	-1	0	148		0
1	212	1	80	148	00230070007200690076006100740065	1
1	79	-1	0	148		0
1	80	-1	0	148		0
1	1	-1	0	148		0
1	245	-1	0	148		0
1	213	1	80	148	00230070007200690076006100740065	1
1	79	-1	0	148		0
1	80	-1	0	148		0
1	1	-1	0	148		0
1	245	-1	0	148		0
1	213	1	10	148		0
1	79	-1	0	148		0
1	10	-1	0	148		0
1	1	-1	0	148		0
1	245	-1	0	148		0
1	213	1	10	148		0
1	79	-1	0	148		0
1	10	-1	0	148		0
1	1	-1	0	148		0
1	245	-1	0	148		0
1	213	1	10	148		0
1	79	-1	0	148		0
1	10	-1	0	148		0
1	1	-1	0	148		0
1	245	-1	0	148		0
1	213	1	111	148		0
1	79	-1	0	148		0
1	111	-1	0	148		0
1	1	-1	0	148		0
1	245	-1	0	148		0
1	213	1	9	148		0
1	79	-1	0	148		0
1	9	-1	0	148		0
1	1	-1	0	148		0
1	245	-1	0	148		0
1	213	1	227	148		0
1	79	-1	0	148		0
1	227	-1	0	148		0
1	79	-1	0	148		0
1	39	-1	0	148		0
1	10	-1	0	148		0
1	1	-1	0	148		0
1	245	-1	0	148		0
1	212	1	79	148		0
1	79	-1	0	148		0
1	28	-1	0	148		0
1	79	-1	0	148		0
1	1	-1	0	148		0
1	245	-1	0	148		0
1	213	1	10	148		0
1	79	-1	0	148		0
1	28	-1	0	148		0
1	10	-1	0	148		0
1	1	-1	0	148		0
1	245	-1	0	148		0
1	218	-1	0	148		0
1	212	1	79	148		0
1	79	-1	0	148		0
1	79	-1	0	148		0
1	1	-1	0	148		0
1	245	-1	0	148		0
1	214	-1	0	148		0
1	79	-1	0	148		0
1	1	-1	0	148		0
1	245	-1	0	148		0
1	213	1	229	148		0
1	79	-1	0	148		0
1	229	-1	0	148		0
1	15	-1	0	148		0
1	240	-1	0	148		0
1	79	-1	0	148		0
1	17	-1	0	148		0
1	1	-1	0	148		0
0	0	-1	0	149		0
1	245	-1	0	149		0
1	212	1	79	149	0062	1
1	79	-1	0	149		0
1	79	-1	0	149		0
1	1	-1	0	149		0
1	245	-1	0	149		0
1	213	1	10	149		0
1	79	-1	0	149		0
1	10	-1	0	149		0
1	1	-1	0	149		0
1	245	-1	0	149		0
1	213	1	10	149		0
1	79	-1	0	149		0
1	10	-1	0	149		0
1	1	-1	0	149		0
1	245	-1	0	149		0
1	213	1	14	149	0062	1
1	79	-1	0	149		0
1	14	-1	0	149		0
1	1	-1	0	149		0
1	245	-1	0	149		0
1	213	1	8	149		0
1	79	-1	0	149		0
1	8	-1	0	149		0
1	1	-1	0	149		0
1	245	-1	0	149		0
1	213	1	8	149		0
1	79	-1	0	149		0
1	8	-1	0	149		0
1	1	-1	0	149		0
1	245	-1	0	149		0
1	213	1	79	149	007600610072006900610062006c0065	1
1	79	-1	0	149		0
1	79	-1	0	149		0
1	1	-1	0	149		0
1	245	-1	0	149		0
1	213	1	79	149	007600610072006900610062006c0065	1
1	79	-1	0	149		0
1	218	-1	0	149		0
1	218	-1	0	149		0
1	79	-1	0	149		0
1	1	-1	0	149		0
1	245	-1	0	149		0
1	213	1	10	149		0
1	79	-1	0	149		0
1	218	-1	0	149		0
1	218	-1	0	149		0
1	10	-1	0	149		0
1	1	-1	0	149		0
1	245	-1	0	149		0
1	213	1	8	149		0
1	79	-1	0	149		0
1	218	-1	0	149		0
1	218	-1	0	149		0
1	8	-1	0	149		0
1	1	-1	0	149		0
1	245	-1	0	149		0
1	212	1	80	149	00230070007200690076006100740065	1
1	79	-1	0	149		0
1	80	-1	0	149		0
1	1	-1	0	149		0
1	245	-1	0	149		0
1	213	1	80	149	00230070007200690076006100740065	1
1	79	-1	0	149		0
1	80	-1	0	149		0
1	1	-1	0	149		0
1	245	-1	0	149		0
1	213	1	10	149		0
1	79	-1	0	149		0
1	10	-1	0	149		0
1	1	-1	0	149		0
1	245	-1	0	149		0
1	213	1	10	149		0
1	79	-1	0	149		0
1	10	-1	0	149		0
1	1	-1	0	149		0
1	245	-1	0	149		0
1	213	1	10	149		0
1	79	-1	0	149		0
1	10	-1	0	149		0
1	1	-1	0	149		0
1	245	-1	0	149		0
1	213	1	111	149		0
1	79	-1	0	149		0
1	111	-1	0	149		0
1	1	-1	0	149		0
1	245	-1	0	149		0
1	213	1	9	149		0
1	79	-1	0	149		0
1	9	-1	0	149		0
1	1	-1	0	149		0
1	245	-1	0	149		0
1	213	1	227	149		0
1	79	-1	0	149		0
1	227	-1	0	149		0
1	79	-1	0	149		0
1	39	-1	0	149		0
1	10	-1	0	149		0
1	1	-1	0	149		0
1	245	-1	0	149		0
1	212	1	79	149	0062	1
1	79	-1	0	149		0
1	28	-1	0	149		0
1	79	-1	0	149		0
1	1	-1	0	149		0
1	245	-1	0	149		0
1	213	1	10	149		0
1	79	-1	0	149		0
1	28	-1	0	149		0
1	10	-1	0	149		0
1	1	-1	0	149		0
1	245	-1	0	149		0
1	218	-1	0	149		0
1	212	1	79	149	0062	1
1	79	-1	0	149		0
1	79	-1	0	149		0
1	1	-1	0	149		0
1	245	-1	0	149		0
1	214	-1	0	149		0
1	79	-1	0	149		0
1	1	-1	0	149		0
1	245	-1	0	149		0
1	213	1	229	149		0
1	79	-1	0	149		0
1	229	-1	0	149		0
1	15	-1	0	149		0
1	240	-1	0	149		0
1	79	-1	0	149		0
1	17	-1	0	149		0
1	1	-1	0	149		0
0	0	-1	0	150		0
1	245	-1	0	150		0
1	212	1	79	150		0
1	79	-1	0	150		0
1	79	-1	0	150		0
1	1	-1	0	150		0
1	245	-1	0	150		0
1	213	1	10	150	0062	1
1	79	-1	0	150		0
1	10	-1	0	150		0
1	1	-1	0	150		0
1	245	-1	0	150		0
1	213	1	10	150		1
1	79	-1	0	150		0
1	10	-1	0	150		0
1	1	-1	0	150		0
1	245	-1	0	150		0
1	213	1	14	150	0062	1
1	79	-1	0	150		0
1	14	-1	0	150		0
1	1	-1	0	150		0
1	245	-1	0	150		0
1	213	1	8	150		0
1	79	-1	0	150		0
1	8	-1	0	150		0
1	1	-1	0	150		0
1	245	-1	0	150		0
1	213	1	8	150		0
1	79	-1	0	150		0
1	8	-1	0	150		0
1	1	-1	0	150		0
1	245	-1	0	150		0
1	213	1	79	150		0
1	79	-1	0	150		0
1	79	-1	0	150		0
1	1	-1	0	150		0
1	245	-1	0	150		0
1	213	1	79	150		0
1	79	-1	0	150		0
1	218	-1	0	150		0
1	218	-1	0	150		0
1	79	-1	0	150		0
1	1	-1	0	150		0
1	245	-1	0	150		0
1	213	1	10	150	0062	1
1	79	-1	0	150		0
1	218	-1	0	150		0
1	218	-1	0	150		0
1	10	-1	0	150		0
1	1	-1	0	150		0
1	245	-1	0	150		0
1	213	1	8	150		0
1	79	-1	0	150		0
1	218	-1	0	150		0
1	218	-1	0	150		0
1	8	-1	0	150		0
1	1	-1	0	150		0
1	245	-1	0	150		0
1	212	1	80	150	00230070007200690076006100740065	1
1	79	-1	0	150		0
1	80	-1	0	150		0
1	1	-1	0	150		0
1	245	-1	0	150		0
1	213	1	80	150	00230070007200690076006100740065	1
1	79	-1	0	150		0
1	80	-1	0	150		0
1	1	-1	0	150		0
1	245	-1	0	150		0
1	213	1	10	150	d83dde00	1
1	79	-1	0	150		0
1	10	-1	0	150		0
1	1	-1	0	150		0
1	245	-1	0	150		0
1	213	1	10	150	00610062	1
1	79	-1	0	150		0
1	10	-1	0	150		0
1	1	-1	0	150		0
1	245	-1	0	150		0
1	213	1	10	150	0061000a	1
1	79	-1	0	150		0
1	10	-1	0	150		0
1	1	-1	0	150		0
1	245	-1	0	150		0
1	213	1	111	150		0
1	79	-1	0	150		0
1	111	-1	0	150		0
1	1	-1	0	150		0
1	245	-1	0	150		0
1	213	1	9	150		0
1	79	-1	0	150		0
1	9	-1	0	150		0
1	1	-1	0	150		0
1	245	-1	0	150		0
1	213	1	227	150		0
1	79	-1	0	150		0
1	227	-1	0	150		0
1	79	-1	0	150		0
1	39	-1	0	150		0
1	10	-1	0	150		0
1	1	-1	0	150		0
1	245	-1	0	150		0
1	212	1	79	150		0
1	79	-1	0	150		0
1	28	-1	0	150		0
1	79	-1	0	150		0
1	1	-1	0	150		0
1	245	-1	0	150		0
1	213	1	10	150	0062	1
1	79	-1	0	150		0
1	28	-1	0	150		0
1	10	-1	0	150		0
1	1	-1	0	150		0
1	245	-1	0	150		0
1	218	-1	0	150		0
1	212	1	79	150		0
1	79	-1	0	150		0
1	79	-1	0	150		0
1	1	-1	0	150		0
1	245	-1	0	150		0
1	214	-1	0	150		0
1	79	-1	0	150		0
1	1	-1	0	150		0
1	245	-1	0	150		0
1	213	1	229	150		0
1	79	-1	0	150		0
1	229	-1	0	150		0
1	15	-1	0	150		0
1	240	-1	0	150		0
1	79	-1	0	150		0
1	17	-1	0	150		0
1	1	-1	0	150		0
0	0	-1	0	151		0
1	245	-1	0	151		0
1	212	1	79	151	0062	1
1	79	-1	0	151		0
1	79	-1	0	151		0
1	1	-1	0	151		0
1	245	-1	0	151		0
1	213	1	10	151	0062	1
1	79	-1	0	151		0
1	10	-1	0	151		0
1	1	-1	0	151		0
1	245	-1	0	151		0
1	213	1	10	151		1
1	79	-1	0	151		0
1	10	-1	0	151		0
1	1	-1	0	151		0
1	245	-1	0	151		0
1	213	1	14	151	0062	1
1	79	-1	0	151		0
1	14	-1	0	151		0
1	1	-1	0	151		0
1	245	-1	0	151		0
1	213	1	8	151		0
1	79	-1	0	151		0
1	8	-1	0	151		0
1	1	-1	0	151		0
1	245	-1	0	151		0
1	213	1	8	151		0
1	79	-1	0	151		0
1	8	-1	0	151		0
1	1	-1	0	151		0
1	245	-1	0	151		0
1	213	1	79	151	007600610072006900610062006c0065	1
1	79	-1	0	151		0
1	79	-1	0	151		0
1	1	-1	0	151		0
1	245	-1	0	151		0
1	213	1	79	151	007600610072006900610062006c0065	1
1	79	-1	0	151		0
1	218	-1	0	151		0
1	218	-1	0	151		0
1	79	-1	0	151		0
1	1	-1	0	151		0
1	245	-1	0	151		0
1	213	1	10	151	0062	1
1	79	-1	0	151		0
1	218	-1	0	151		0
1	218	-1	0	151		0
1	10	-1	0	151		0
1	1	-1	0	151		0
1	245	-1	0	151		0
1	213	1	8	151		0
1	79	-1	0	151		0
1	218	-1	0	151		0
1	218	-1	0	151		0
1	8	-1	0	151		0
1	1	-1	0	151		0
1	245	-1	0	151		0
1	212	1	80	151	00230070007200690076006100740065	1
1	79	-1	0	151		0
1	80	-1	0	151		0
1	1	-1	0	151		0
1	245	-1	0	151		0
1	213	1	80	151	00230070007200690076006100740065	1
1	79	-1	0	151		0
1	80	-1	0	151		0
1	1	-1	0	151		0
1	245	-1	0	151		0
1	213	1	10	151	d83dde00	1
1	79	-1	0	151		0
1	10	-1	0	151		0
1	1	-1	0	151		0
1	245	-1	0	151		0
1	213	1	10	151	00610062	1
1	79	-1	0	151		0
1	10	-1	0	151		0
1	1	-1	0	151		0
1	245	-1	0	151		0
1	213	1	10	151	0061000a	1
1	79	-1	0	151		0
1	10	-1	0	151		0
1	1	-1	0	151		0
1	245	-1	0	151		0
1	213	1	111	151		0
1	79	-1	0	151		0
1	111	-1	0	151		0
1	1	-1	0	151		0
1	245	-1	0	151		0
1	213	1	9	151		0
1	79	-1	0	151		0
1	9	-1	0	151		0
1	1	-1	0	151		0
1	245	-1	0	151		0
1	213	1	227	151		0
1	79	-1	0	151		0
1	227	-1	0	151		0
1	79	-1	0	151		0
1	39	-1	0	151		0
1	10	-1	0	151		0
1	1	-1	0	151		0
1	245	-1	0	151		0
1	212	1	79	151	0062	1
1	79	-1	0	151		0
1	28	-1	0	151		0
1	79	-1	0	151		0
1	1	-1	0	151		0
1	245	-1	0	151		0
1	213	1	10	151	0062	1
1	79	-1	0	151		0
1	28	-1	0	151		0
1	10	-1	0	151		0
1	1	-1	0	151		0
1	245	-1	0	151		0
1	218	-1	0	151		0
1	212	1	79	151	0062	1
1	79	-1	0	151		0
1	79	-1	0	151		0
1	1	-1	0	151		0
1	245	-1	0	151		0
1	214	-1	0	151		0
1	79	-1	0	151		0
1	1	-1	0	151		0
1	245	-1	0	151		0
1	213	1	229	151		0
1	79	-1	0	151		0
1	229	-1	0	151		0
1	15	-1	0	151		0
1	240	-1	0	151		0
1	79	-1	0	151		0
1	17	-1	0	151		0
1	1	-1	0	151		0
0	0	-1	0	152		0
1	245	-1	0	152		0
1	212	1	79	152		0
1	79	-1	0	152		0
1	79	-1	0	152		0
1	1	-1	0	152		0
1	245	-1	0	152		0
1	213	1	10	152		0
1	79	-1	0	152		0
1	10	-1	0	152		0
1	1	-1	0	152		0
1	245	-1	0	152		0
1	213	1	10	152		0
1	79	-1	0	152		0
1	10	-1	0	152		0
1	1	-1	0	152		0
1	245	-1	0	152		0
1	213	1	14	152		0
1	79	-1	0	152		0
1	14	-1	0	152		0
1	1	-1	0	152		0
1	245	-1	0	152		0
1	213	1	8	152	00310036	1
1	79	-1	0	152		0
1	8	-1	0	152		0
1	1	-1	0	152		0
1	245	-1	0	152		0
1	213	1	8	152	00310030	1
1	79	-1	0	152		0
1	8	-1	0	152		0
1	1	-1	0	152		0
1	245	-1	0	152		0
1	213	1	79	152		0
1	79	-1	0	152		0
1	79	-1	0	152		0
1	1	-1	0	152		0
1	245	-1	0	152		0
1	213	1	79	152		0
1	79	-1	0	152		0
1	218	-1	0	152		0
1	218	-1	0	152		0
1	79	-1	0	152		0
1	1	-1	0	152		0
1	245	-1	0	152		0
1	213	1	10	152		0
1	79	-1	0	152		0
1	218	-1	0	152		0
1	218	-1	0	152		0
1	10	-1	0	152		0
1	1	-1	0	152		0
1	245	-1	0	152		0
1	213	1	8	152	0030	1
1	79	-1	0	152		0
1	218	-1	0	152		0
1	218	-1	0	152		0
1	8	-1	0	152		0
1	1	-1	0	152		0
1	245	-1	0	152		0
1	212	1	80	152	00230070007200690076006100740065	1
1	79	-1	0	152		0
1	80	-1	0	152		0
1	1	-1	0	152		0
1	245	-1	0	152		0
1	213	1	80	152	00230070007200690076006100740065	1
1	79	-1	0	152		0
1	80	-1	0	152		0
1	1	-1	0	152		0
1	245	-1	0	152		0
1	213	1	10	152		0
1	79	-1	0	152		0
1	10	-1	0	152		0
1	1	-1	0	152		0
1	245	-1	0	152		0
1	213	1	10	152		0
1	79	-1	0	152		0
1	10	-1	0	152		0
1	1	-1	0	152		0
1	245	-1	0	152		0
1	213	1	10	152		0
1	79	-1	0	152		0
1	10	-1	0	152		0
1	1	-1	0	152		0
1	245	-1	0	152		0
1	213	1	111	152		0
1	79	-1	0	152		0
1	111	-1	0	152		0
1	1	-1	0	152		0
1	245	-1	0	152		0
1	213	1	9	152		0
1	79	-1	0	152		0
1	9	-1	0	152		0
1	1	-1	0	152		0
1	245	-1	0	152		0
1	213	1	227	152		0
1	79	-1	0	152		0
1	227	-1	0	152		0
1	79	-1	0	152		0
1	39	-1	0	152		0
1	10	-1	0	152		0
1	1	-1	0	152		0
1	245	-1	0	152		0
1	212	1	79	152		0
1	79	-1	0	152		0
1	28	-1	0	152		0
1	79	-1	0	152		0
1	1	-1	0	152		0
1	245	-1	0	152		0
1	213	1	10	152		0
1	79	-1	0	152		0
1	28	-1	0	152		0
1	10	-1	0	152		0
1	1	-1	0	152		0
1	245	-1	0	152		0
1	218	-1	0	152		0
1	212	1	79	152		0
1	79	-1	0	152		0
1	79	-1	0	152		0
1	1	-1	0	152		0
1	245	-1	0	152		0
1	214	-1	0	152		0
1	79	-1	0	152		0
1	1	-1	0	152		0
1	245	-1	0	152		0
1	213	1	229	152		0
1	79	-1	0	152		0
1	229	-1	0	152		0
1	15	-1	0	152		0
1	240	-1	0	152		0
1	79	-1	0	152		0
1	17	-1	0	152		0
1	1	-1	0	152		0
0	0	-1	0	153		0
1	245	-1	0	153		0
1	212	1	79	153	0062	1
1	79	-1	0	153		0
1	79	-1	0	153		0
1	1	-1	0	153		0
1	245	-1	0	153		0
1	213	1	10	153		0
1	79	-1	0	153		0
1	10	-1	0	153		0
1	1	-1	0	153		0
1	245	-1	0	153		0
1	213	1	10	153		0
1	79	-1	0	153		0
1	10	-1	0	153		0
1	1	-1	0	153		0
1	245	-1	0	153		0
1	213	1	14	153		0
1	79	-1	0	153		0
1	14	-1	0	153		0
1	1	-1	0	153		0
1	245	-1	0	153		0
1	213	1	8	153	00310036	1
1	79	-1	0	153		0
1	8	-1	0	153		0
1	1	-1	0	153		0
1	245	-1	0	153		0
1	213	1	8	153	00310030	1
1	79	-1	0	153		0
1	8	-1	0	153		0
1	1	-1	0	153		0
1	245	-1	0	153		0
1	213	1	79	153	007600610072006900610062006c0065	1
1	79	-1	0	153		0
1	79	-1	0	153		0
1	1	-1	0	153		0
1	245	-1	0	153		0
1	213	1	79	153	007600610072006900610062006c0065	1
1	79	-1	0	153		0
1	218	-1	0	153		0
1	218	-1	0	153		0
1	79	-1	0	153		0
1	1	-1	0	153		0
1	245	-1	0	153		0
1	213	1	10	153		0
1	79	-1	0	153		0
1	218	-1	0	153		0
1	218	-1	0	153		0
1	10	-1	0	153		0
1	1	-1	0	153		0
1	245	-1	0	153		0
1	213	1	8	153	0030	1
1	79	-1	0	153		0
1	218	-1	0	153		0
1	218	-1	0	153		0
1	8	-1	0	153		0
1	1	-1	0	153		0
1	245	-1	0	153		0
1	212	1	80	153	00230070007200690076006100740065	1
1	79	-1	0	153		0
1	80	-1	0	153		0
1	1	-1	0	153		0
1	245	-1	0	153		0
1	213	1	80	153	00230070007200690076006100740065	1
1	79	-1	0	153		0
1	80	-1	0	153		0
1	1	-1	0	153		0
1	245	-1	0	153		0
1	213	1	10	153		0
1	79	-1	0	153		0
1	10	-1	0	153		0
1	1	-1	0	153		0
1	245	-1	0	153		0
1	213	1	10	153		0
1	79	-1	0	153		0
1	10	-1	0	153		0
1	1	-1	0	153		0
1	245	-1	0	153		0
1	213	1	10	153		0
1	79	-1	0	153		0
1	10	-1	0	153		0
1	1	-1	0	153		0
1	245	-1	0	153		0
1	213	1	111	153		0
1	79	-1	0	153		0
1	111	-1	0	153		0
1	1	-1	0	153		0
1	245	-1	0	153		0
1	213	1	9	153		0
1	79	-1	0	153		0
1	9	-1	0	153		0
1	1	-1	0	153		0
1	245	-1	0	153		0
1	213	1	227	153		0
1	79	-1	0	153		0
1	227	-1	0	153		0
1	79	-1	0	153		0
1	39	-1	0	153		0
1	10	-1	0	153		0
1	1	-1	0	153		0
1	245	-1	0	153		0
1	212	1	79	153	0062	1
1	79	-1	0	153		0
1	28	-1	0	153		0
1	79	-1	0	153		0
1	1	-1	0	153		0
1	245	-1	0	153		0
1	213	1	10	153		0
1	79	-1	0	153		0
1	28	-1	0	153		0
1	10	-1	0	153		0
1	1	-1	0	153		0
1	245	-1	0	153		0
1	218	-1	0	153		0
1	212	1	79	153	0062	1
1	79	-1	0	153		0
1	79	-1	0	153		0
1	1	-1	0	153		0
1	245	-1	0	153		0
1	214	-1	0	153		0
1	79	-1	0	153		0
1	1	-1	0	153		0
1	245	-1	0	153		0
1	213	1	229	153		0
1	79	-1	0	153		0
1	229	-1	0	153		0
1	15	-1	0	153		0
1	240	-1	0	153		0
1	79	-1	0	153		0
1	17	-1	0	153		0
1	1	-1	0	153		0
0	0	-1	0	154		0
1	245	-1	0	154		0
1	212	1	79	154		0
1	79	-1	0	154		0
1	79	-1	0	154		0
1	1	-1	0	154		0
1	245	-1	0	154		0
1	213	1	10	154	0062	1
1	79	-1	0	154		0
1	10	-1	0	154		0
1	1	-1	0	154		0
1	245	-1	0	154		0
1	213	1	10	154		1
1	79	-1	0	154		0
1	10	-1	0	154		0
1	1	-1	0	154		0
1	245	-1	0	154		0
1	213	1	14	154		0
1	79	-1	0	154		0
1	14	-1	0	154		0
1	1	-1	0	154		0
1	245	-1	0	154		0
1	213	1	8	154	00310036	1
1	79	-1	0	154		0
1	8	-1	0	154		0
1	1	-1	0	154		0
1	245	-1	0	154		0
1	213	1	8	154	00310030	1
1	79	-1	0	154		0
1	8	-1	0	154		0
1	1	-1	0	154		0
1	245	-1	0	154		0
1	213	1	79	154		0
1	79	-1	0	154		0
1	79	-1	0	154		0
1	1	-1	0	154		0
1	245	-1	0	154		0
1	213	1	79	154		0
1	79	-1	0	154		0
1	218	-1	0	154		0
1	218	-1	0	154		0
1	79	-1	0	154		0
1	1	-1	0	154		0
1	245	-1	0	154		0
1	213	1	10	154	0062	1
1	79	-1	0	154		0
1	218	-1	0	154		0
1	218	-1	0	154		0
1	10	-1	0	154		0
1	1	-1	0	154		0
1	245	-1	0	154		0
1	213	1	8	154	0030	1
1	79	-1	0	154		0
1	218	-1	0	154		0
1	218	-1	0	154		0
1	8	-1	0	154		0
1	1	-1	0	154		0
1	245	-1	0	154		0
1	212	1	80	154	00230070007200690076006100740065	1
1	79	-1	0	154		0
1	80	-1	0	154		0
1	1	-1	0	154		0
1	245	-1	0	154		0
1	213	1	80	154	00230070007200690076006100740065	1
1	79	-1	0	154		0
1	80	-1	0	154		0
1	1	-1	0	154		0
1	245	-1	0	154		0
1	213	1	10	154	d83dde00	1
1	79	-1	0	154		0
1	10	-1	0	154		0
1	1	-1	0	154		0
1	245	-1	0	154		0
1	213	1	10	154	00610062	1
1	79	-1	0	154		0
1	10	-1	0	154		0
1	1	-1	0	154		0
1	245	-1	0	154		0
1	213	1	10	154	0061000a	1
1	79	-1	0	154		0
1	10	-1	0	154		0
1	1	-1	0	154		0
1	245	-1	0	154		0
1	213	1	111	154		0
1	79	-1	0	154		0
1	111	-1	0	154		0
1	1	-1	0	154		0
1	245	-1	0	154		0
1	213	1	9	154		0
1	79	-1	0	154		0
1	9	-1	0	154		0
1	1	-1	0	154		0
1	245	-1	0	154		0
1	213	1	227	154		0
1	79	-1	0	154		0
1	227	-1	0	154		0
1	79	-1	0	154		0
1	39	-1	0	154		0
1	10	-1	0	154		0
1	1	-1	0	154		0
1	245	-1	0	154		0
1	212	1	79	154		0
1	79	-1	0	154		0
1	28	-1	0	154		0
1	79	-1	0	154		0
1	1	-1	0	154		0
1	245	-1	0	154		0
1	213	1	10	154	0062	1
1	79	-1	0	154		0
1	28	-1	0	154		0
1	10	-1	0	154		0
1	1	-1	0	154		0
1	245	-1	0	154		0
1	218	-1	0	154		0
1	212	1	79	154		0
1	79	-1	0	154		0
1	79	-1	0	154		0
1	1	-1	0	154		0
1	245	-1	0	154		0
1	214	-1	0	154		0
1	79	-1	0	154		0
1	1	-1	0	154		0
1	245	-1	0	154		0
1	213	1	229	154		0
1	79	-1	0	154		0
1	229	-1	0	154		0
1	15	-1	0	154		0
1	240	-1	0	154		0
1	79	-1	0	154		0
1	17	-1	0	154		0
1	1	-1	0	154		0
0	0	-1	0	155		0
1	245	-1	0	155		0
1	212	1	79	155	0062	1
1	79	-1	0	155		0
1	79	-1	0	155		0
1	1	-1	0	155		0
1	245	-1	0	155		0
1	213	1	10	155	0062	1
1	79	-1	0	155		0
1	10	-1	0	155		0
1	1	-1	0	155		0
1	245	-1	0	155		0
1	213	1	10	155		1
1	79	-1	0	155		0
1	10	-1	0	155		0
1	1	-1	0	155		0
1	245	-1	0	155		0
1	213	1	14	155		0
1	79	-1	0	155		0
1	14	-1	0	155		0
1	1	-1	0	155		0
1	245	-1	0	155		0
1	213	1	8	155	00310036	1
1	79	-1	0	155		0
1	8	-1	0	155		0
1	1	-1	0	155		0
1	245	-1	0	155		0
1	213	1	8	155	00310030	1
1	79	-1	0	155		0
1	8	-1	0	155		0
1	1	-1	0	155		0
1	245	-1	0	155		0
1	213	1	79	155	007600610072006900610062006c0065	1
1	79	-1	0	155		0
1	79	-1	0	155		0
1	1	-1	0	155		0
1	245	-1	0	155		0
1	213	1	79	155	007600610072006900610062006c0065	1
1	79	-1	0	155		0
1	218	-1	0	155		0
1	218	-1	0	155		0
1	79	-1	0	155		0
1	1	-1	0	155		0
1	245	-1	0	155		0
1	213	1	10	155	0062	1
1	79	-1	0	155		0
1	218	-1	0	155		0
1	218	-1	0	155		0
1	10	-1	0	155		0
1	1	-1	0	155		0
1	245	-1	0	155		0
1	213	1	8	155	0030	1
1	79	-1	0	155		0
1	218	-1	0	155		0
1	218	-1	0	155		0
1	8	-1	0	155		0
1	1	-1	0	155		0
1	245	-1	0	155		0
1	212	1	80	155	00230070007200690076006100740065	1
1	79	-1	0	155		0
1	80	-1	0	155		0
1	1	-1	0	155		0
1	245	-1	0	155		0
1	213	1	80	155	00230070007200690076006100740065	1
1	79	-1	0	155		0
1	80	-1	0	155		0
1	1	-1	0	155		0
1	245	-1	0	155		0
1	213	1	10	155	d83dde00	1
1	79	-1	0	155		0
1	10	-1	0	155		0
1	1	-1	0	155		0
1	245	-1	0	155		0
1	213	1	10	155	00610062	1
1	79	-1	0	155		0
1	10	-1	0	155		0
1	1	-1	0	155		0
1	245	-1	0	155		0
1	213	1	10	155	0061000a	1
1	79	-1	0	155		0
1	10	-1	0	155		0
1	1	-1	0	155		0
1	245	-1	0	155		0
1	213	1	111	155		0
1	79	-1	0	155		0
1	111	-1	0	155		0
1	1	-1	0	155		0
1	245	-1	0	155		0
1	213	1	9	155		0
1	79	-1	0	155		0
1	9	-1	0	155		0
1	1	-1	0	155		0
1	245	-1	0	155		0
1	213	1	227	155		0
1	79	-1	0	155		0
1	227	-1	0	155		0
1	79	-1	0	155		0
1	39	-1	0	155		0
1	10	-1	0	155		0
1	1	-1	0	155		0
1	245	-1	0	155		0
1	212	1	79	155	0062	1
1	79	-1	0	155		0
1	28	-1	0	155		0
1	79	-1	0	155		0
1	1	-1	0	155		0
1	245	-1	0	155		0
1	213	1	10	155	0062	1
1	79	-1	0	155		0
1	28	-1	0	155		0
1	10	-1	0	155		0
1	1	-1	0	155		0
1	245	-1	0	155		0
1	218	-1	0	155		0
1	212	1	79	155	0062	1
1	79	-1	0	155		0
1	79	-1	0	155		0
1	1	-1	0	155		0
1	245	-1	0	155		0
1	214	-1	0	155		0
1	79	-1	0	155		0
1	1	-1	0	155		0
1	245	-1	0	155		0
1	213	1	229	155		0
1	79	-1	0	155		0
1	229	-1	0	155		0
1	15	-1	0	155		0
1	240	-1	0	155		0
1	79	-1	0	155		0
1	17	-1	0	155		0
1	1	-1	0	155		0
0	0	-1	0	156		0
1	245	-1	0	156		0
1	212	1	79	156		0
1	79	-1	0	156		0
1	79	-1	0	156		0
1	1	-1	0	156		0
1	245	-1	0	156		0
1	213	1	10	156		0
1	79	-1	0	156		0
1	10	-1	0	156		0
1	1	-1	0	156		0
1	245	-1	0	156		0
1	213	1	10	156		0
1	79	-1	0	156		0
1	10	-1	0	156		0
1	1	-1	0	156		0
1	245	-1	0	156		0
1	213	1	14	156	0062	1
1	79	-1	0	156		0
1	14	-1	0	156		0
1	1	-1	0	156		0
1	245	-1	0	156		0
1	213	1	8	156	00310036	1
1	79	-1	0	156		0
1	8	-1	0	156		0
1	1	-1	0	156		0
1	245	-1	0	156		0
1	213	1	8	156	00310030	1
1	79	-1	0	156		0
1	8	-1	0	156		0
1	1	-1	0	156		0
1	245	-1	0	156		0
1	213	1	79	156		0
1	79	-1	0	156		0
1	79	-1	0	156		0
1	1	-1	0	156		0
1	245	-1	0	156		0
1	213	1	79	156		0
1	79	-1	0	156		0
1	218	-1	0	156		0
1	218	-1	0	156		0
1	79	-1	0	156		0
1	1	-1	0	156		0
1	245	-1	0	156		0
1	213	1	10	156		0
1	79	-1	0	156		0
1	218	-1	0	156		0
1	218	-1	0	156		0
1	10	-1	0	156		0
1	1	-1	0	156		0
1	245	-1	0	156		0
1	213	1	8	156	0030	1
1	79	-1	0	156		0
1	218	-1	0	156		0
1	218	-1	0	156		0
1	8	-1	0	156		0
1	1	-1	0	156		0
1	245	-1	0	156		0
1	212	1	80	156	00230070007200690076006100740065	1
1	79	-1	0	156		0
1	80	-1	0	156		0
1	1	-1	0	156		0
1	245	-1	0	156		0
1	213	1	80	156	00230070007200690076006100740065	1
1	79	-1	0	156		0
1	80	-1	0	156		0
1	1	-1	0	156		0
1	245	-1	0	156		0
1	213	1	10	156		0
1	79	-1	0	156		0
1	10	-1	0	156		0
1	1	-1	0	156		0
1	245	-1	0	156		0
1	213	1	10	156		0
1	79	-1	0	156		0
1	10	-1	0	156		0
1	1	-1	0	156		0
1	245	-1	0	156		0
1	213	1	10	156		0
1	79	-1	0	156		0
1	10	-1	0	156		0
1	1	-1	0	156		0
1	245	-1	0	156		0
1	213	1	111	156		0
1	79	-1	0	156		0
1	111	-1	0	156		0
1	1	-1	0	156		0
1	245	-1	0	156		0
1	213	1	9	156		0
1	79	-1	0	156		0
1	9	-1	0	156		0
1	1	-1	0	156		0
1	245	-1	0	156		0
1	213	1	227	156		0
1	79	-1	0	156		0
1	227	-1	0	156		0
1	79	-1	0	156		0
1	39	-1	0	156		0
1	10	-1	0	156		0
1	1	-1	0	156		0
1	245	-1	0	156		0
1	212	1	79	156		0
1	79	-1	0	156		0
1	28	-1	0	156		0
1	79	-1	0	156		0
1	1	-1	0	156		0
1	245	-1	0	156		0
1	213	1	10	156		0
1	79	-1	0	156		0
1	28	-1	0	156		0
1	10	-1	0	156		0
1	1	-1	0	156		0
1	245	-1	0	156		0
1	218	-1	0	156		0
1	212	1	79	156		0
1	79	-1	0	156		0
1	79	-1	0	156		0
1	1	-1	0	156		0
1	245	-1	0	156		0
1	214	-1	0	156		0
1	79	-1	0	156		0
1	1	-1	0	156		0
1	245	-1	0	156		0
1	213	1	229	156		0
1	79	-1	0	156		0
1	229	-1	0	156		0
1	15	-1	0	156		0
1	240	-1	0	156		0
1	79	-1	0	156		0
1	17	-1	0	156		0
1	1	-1	0	156		0
0	0	-1	0	157		0
1	245	-1	0	157		0
1	212	1	79	157	0062	1
1	79	-1	0	157		0
1	79	-1	0	157		0
1	1	-1	0	157		0
1	245	-1	0	157		0
1	213	1	10	157		0
1	79	-1	0	157		0
1	10	-1	0	157		0
1	1	-1	0	157		0
1	245	-1	0	157		0
1	213	1	10	157		0
1	79	-1	0	157		0
1	10	-1	0	157		0
1	1	-1	0	157		0
1	245	-1	0	157		0
1	213	1	14	157	0062	1
1	79	-1	0	157		0
1	14	-1	0	157		0
1	1	-1	0	157		0
1	245	-1	0	157		0
1	213	1	8	157	00310036	1
1	79	-1	0	157		0
1	8	-1	0	157		0
1	1	-1	0	157		0
1	245	-1	0	157		0
1	213	1	8	157	00310030	1
1	79	-1	0	157		0
1	8	-1	0	157		0
1	1	-1	0	157		0
1	245	-1	0	157		0
1	213	1	79	157	007600610072006900610062006c0065	1
1	79	-1	0	157		0
1	79	-1	0	157		0
1	1	-1	0	157		0
1	245	-1	0	157		0
1	213	1	79	157	007600610072006900610062006c0065	1
1	79	-1	0	157		0
1	218	-1	0	157		0
1	218	-1	0	157		0
1	79	-1	0	157		0
1	1	-1	0	157		0
1	245	-1	0	157		0
1	213	1	10	157		0
1	79	-1	0	157		0
1	218	-1	0	157		0
1	218	-1	0	157		0
1	10	-1	0	157		0
1	1	-1	0	157		0
1	245	-1	0	157		0
1	213	1	8	157	0030	1
1	79	-1	0	157		0
1	218	-1	0	157		0
1	218	-1	0	157		0
1	8	-1	0	157		0
1	1	-1	0	157		0
1	245	-1	0	157		0
1	212	1	80	157	00230070007200690076006100740065	1
1	79	-1	0	157		0
1	80	-1	0	157		0
1	1	-1	0	157		0
1	245	-1	0	157		0
1	213	1	80	157	00230070007200690076006100740065	1
1	79	-1	0	157		0
1	80	-1	0	157		0
1	1	-1	0	157		0
1	245	-1	0	157		0
1	213	1	10	157		0
1	79	-1	0	157		0
1	10	-1	0	157		0
1	1	-1	0	157		0
1	245	-1	0	157		0
1	213	1	10	157		0
1	79	-1	0	157		0
1	10	-1	0	157		0
1	1	-1	0	157		0
1	245	-1	0	157		0
1	213	1	10	157		0
1	79	-1	0	157		0
1	10	-1	0	157		0
1	1	-1	0	157		0
1	245	-1	0	157		0
1	213	1	111	157		0
1	79	-1	0	157		0
1	111	-1	0	157		0
1	1	-1	0	157		0
1	245	-1	0	157		0
1	213	1	9	157		0
1	79	-1	0	157		0
1	9	-1	0	157		0
1	1	-1	0	157		0
1	245	-1	0	157		0
1	213	1	227	157		0
1	79	-1	0	157		0
1	227	-1	0	157		0
1	79	-1	0	157		0
1	39	-1	0	157		0
1	10	-1	0	157		0
1	1	-1	0	157		0
1	245	-1	0	157		0
1	212	1	79	157	0062	1
1	79	-1	0	157		0
1	28	-1	0	157		0
1	79	-1	0	157		0
1	1	-1	0	157		0
1	245	-1	0	157		0
1	213	1	10	157		0
1	79	-1	0	157		0
1	28	-1	0	157		0
1	10	-1	0	157		0
1	1	-1	0	157		0
1	245	-1	0	157		0
1	218	-1	0	157		0
1	212	1	79	157	0062	1
1	79	-1	0	157		0
1	79	-1	0	157		0
1	1	-1	0	157		0
1	245	-1	0	157		0
1	214	-1	0	157		0
1	79	-1	0	157		0
1	1	-1	0	157		0
1	245	-1	0	157		0
1	213	1	229	157		0
1	79	-1	0	157		0
1	229	-1	0	157		0
1	15	-1	0	157		0
1	240	-1	0	157		0
1	79	-1	0	157		0
1	17	-1	0	157		0
1	1	-1	0	157		0
0	0	-1	0	158		0
1	245	-1	0	158		0
1	212	1	79	158		0
1	79	-1	0	158		0
1	79	-1	0	158		0
1	1	-1	0	158		0
1	245	-1	0	158		0
1	213	1	10	158	0062	1
1	79	-1	0	158		0
1	10	-1	0	158		0
1	1	-1	0	158		0
1	245	-1	0	158		0
1	213	1	10	158		1
1	79	-1	0	158		0
1	10	-1	0	158		0
1	1	-1	0	158		0
1	245	-1	0	158		0
1	213	1	14	158	0062	1
1	79	-1	0	158		0
1	14	-1	0	158		0
1	1	-1	0	158		0
1	245	-1	0	158		0
1	213	1	8	158	00310036	1
1	79	-1	0	158		0
1	8	-1	0	158		0
1	1	-1	0	158		0
1	245	-1	0	158		0
1	213	1	8	158	00310030	1
1	79	-1	0	158		0
1	8	-1	0	158		0
1	1	-1	0	158		0
1	245	-1	0	158		0
1	213	1	79	158		0
1	79	-1	0	158		0
1	79	-1	0	158		0
1	1	-1	0	158		0
1	245	-1	0	158		0
1	213	1	79	158		0
1	79	-1	0	158		0
1	218	-1	0	158		0
1	218	-1	0	158		0
1	79	-1	0	158		0
1	1	-1	0	158		0
1	245	-1	0	158		0
1	213	1	10	158	0062	1
1	79	-1	0	158		0
1	218	-1	0	158		0
1	218	-1	0	158		0
1	10	-1	0	158		0
1	1	-1	0	158		0
1	245	-1	0	158		0
1	213	1	8	158	0030	1
1	79	-1	0	158		0
1	218	-1	0	158		0
1	218	-1	0	158		0
1	8	-1	0	158		0
1	1	-1	0	158		0
1	245	-1	0	158		0
1	212	1	80	158	00230070007200690076006100740065	1
1	79	-1	0	158		0
1	80	-1	0	158		0
1	1	-1	0	158		0
1	245	-1	0	158		0
1	213	1	80	158	00230070007200690076006100740065	1
1	79	-1	0	158		0
1	80	-1	0	158		0
1	1	-1	0	158		0
1	245	-1	0	158		0
1	213	1	10	158	d83dde00	1
1	79	-1	0	158		0
1	10	-1	0	158		0
1	1	-1	0	158		0
1	245	-1	0	158		0
1	213	1	10	158	00610062	1
1	79	-1	0	158		0
1	10	-1	0	158		0
1	1	-1	0	158		0
1	245	-1	0	158		0
1	213	1	10	158	0061000a	1
1	79	-1	0	158		0
1	10	-1	0	158		0
1	1	-1	0	158		0
1	245	-1	0	158		0
1	213	1	111	158		0
1	79	-1	0	158		0
1	111	-1	0	158		0
1	1	-1	0	158		0
1	245	-1	0	158		0
1	213	1	9	158		0
1	79	-1	0	158		0
1	9	-1	0	158		0
1	1	-1	0	158		0
1	245	-1	0	158		0
1	213	1	227	158		0
1	79	-1	0	158		0
1	227	-1	0	158		0
1	79	-1	0	158		0
1	39	-1	0	158		0
1	10	-1	0	158		0
1	1	-1	0	158		0
1	245	-1	0	158		0
1	212	1	79	158		0
1	79	-1	0	158		0
1	28	-1	0	158		0
1	79	-1	0	158		0
1	1	-1	0	158		0
1	245	-1	0	158		0
1	213	1	10	158	0062	1
1	79	-1	0	158		0
1	28	-1	0	158		0
1	10	-1	0	158		0
1	1	-1	0	158		0
1	245	-1	0	158		0
1	218	-1	0	158		0
1	212	1	79	158		0
1	79	-1	0	158		0
1	79	-1	0	158		0
1	1	-1	0	158		0
1	245	-1	0	158		0
1	214	-1	0	158		0
1	79	-1	0	158		0
1	1	-1	0	158		0
1	245	-1	0	158		0
1	213	1	229	158		0
1	79	-1	0	158		0
1	229	-1	0	158		0
1	15	-1	0	158		0
1	240	-1	0	158		0
1	79	-1	0	158		0
1	17	-1	0	158		0
1	1	-1	0	158		0
0	0	-1	0	159		0
1	245	-1	0	159		0
1	212	1	79	159	0062	1
1	79	-1	0	159		0
1	79	-1	0	159		0
1	1	-1	0	159		0
1	245	-1	0	159		0
1	213	1	10	159	0062	1
1	79	-1	0	159		0
1	10	-1	0	159		0
1	1	-1	0	159		0
1	245	-1	0	159		0
1	213	1	10	159		1
1	79	-1	0	159		0
1	10	-1	0	159		0
1	1	-1	0	159		0
1	245	-1	0	159		0
1	213	1	14	159	0062	1
1	79	-1	0	159		0
1	14	-1	0	159		0
1	1	-1	0	159		0
1	245	-1	0	159		0
1	213	1	8	159	00310036	1
1	79	-1	0	159		0
1	8	-1	0	159		0
1	1	-1	0	159		0
1	245	-1	0	159		0
1	213	1	8	159	00310030	1
1	79	-1	0	159		0
1	8	-1	0	159		0
1	1	-1	0	159		0
1	245	-1	0	159		0
1	213	1	79	159	007600610072006900610062006c0065	1
1	79	-1	0	159		0
1	79	-1	0	159		0
1	1	-1	0	159		0
1	245	-1	0	159		0
1	213	1	79	159	007600610072006900610062006c0065	1
1	79	-1	0	159		0
1	218	-1	0	159		0
1	218	-1	0	159		0
1	79	-1	0	159		0
1	1	-1	0	159		0
1	245	-1	0	159		0
1	213	1	10	159	0062	1
1	79	-1	0	159		0
1	218	-1	0	159		0
1	218	-1	0	159		0
1	10	-1	0	159		0
1	1	-1	0	159		0
1	245	-1	0	159		0
1	213	1	8	159	0030	1
1	79	-1	0	159		0
1	218	-1	0	159		0
1	218	-1	0	159		0
1	8	-1	0	159		0
1	1	-1	0	159		0
1	245	-1	0	159		0
1	212	1	80	159	00230070007200690076006100740065	1
1	79	-1	0	159		0
1	80	-1	0	159		0
1	1	-1	0	159		0
1	245	-1	0	159		0
1	213	1	80	159	00230070007200690076006100740065	1
1	79	-1	0	159		0
1	80	-1	0	159		0
1	1	-1	0	159		0
1	245	-1	0	159		0
1	213	1	10	159	d83dde00	1
1	79	-1	0	159		0
1	10	-1	0	159		0
1	1	-1	0	159		0
1	245	-1	0	159		0
1	213	1	10	159	00610062	1
1	79	-1	0	159		0
1	10	-1	0	159		0
1	1	-1	0	159		0
1	245	-1	0	159		0
1	213	1	10	159	0061000a	1
1	79	-1	0	159		0
1	10	-1	0	159		0
1	1	-1	0	159		0
1	245	-1	0	159		0
1	213	1	111	159		0
1	79	-1	0	159		0
1	111	-1	0	159		0
1	1	-1	0	159		0
1	245	-1	0	159		0
1	213	1	9	159		0
1	79	-1	0	159		0
1	9	-1	0	159		0
1	1	-1	0	159		0
1	245	-1	0	159		0
1	213	1	227	159		0
1	79	-1	0	159		0
1	227	-1	0	159		0
1	79	-1	0	159		0
1	39	-1	0	159		0
1	10	-1	0	159		0
1	1	-1	0	159		0
1	245	-1	0	159		0
1	212	1	79	159	0062	1
1	79	-1	0	159		0
1	28	-1	0	159		0
1	79	-1	0	159		0
1	1	-1	0	159		0
1	245	-1	0	159		0
1	213	1	10	159	0062	1
1	79	-1	0	159		0
1	28	-1	0	159		0
1	10	-1	0	159		0
1	1	-1	0	159		0
1	245	-1	0	159		0
1	218	-1	0	159		0
1	212	1	79	159	0062	1
1	79	-1	0	159		0
1	79	-1	0	159		0
1	1	-1	0	159		0
1	245	-1	0	159		0
1	214	-1	0	159		0
1	79	-1	0	159		0
1	1	-1	0	159		0
1	245	-1	0	159		0
1	213	1	229	159		0
1	79	-1	0	159		0
1	229	-1	0	159		0
1	15	-1	0	159		0
1	240	-1	0	159		0
1	79	-1	0	159		0
1	17	-1	0	159		0
1	1	-1	0	159		0
0	0	-1	0	160		0
1	245	-1	0	160		0
1	212	1	79	160		0
1	79	-1	0	160		0
1	79	-1	0	160		0
1	1	-1	0	160		0
1	245	-1	0	160		0
1	213	1	10	160		0
1	79	-1	0	160		0
1	10	-1	0	160		0
1	1	-1	0	160		0
1	245	-1	0	160		0
1	213	1	10	160		0
1	79	-1	0	160		0
1	10	-1	0	160		0
1	1	-1	0	160		0
1	245	-1	0	160		0
1	213	1	14	160		0
1	79	-1	0	160		0
1	14	-1	0	160		0
1	1	-1	0	160		0
1	245	-1	0	160		0
1	213	1	8	160		0
1	79	-1	0	160		0
1	8	-1	0	160		0
1	1	-1	0	160		0
1	245	-1	0	160		0
1	213	1	8	160		0
1	79	-1	0	160		0
1	8	-1	0	160		0
1	1	-1	0	160		0
1	245	-1	0	160		0
1	213	1	79	160		0
1	79	-1	0	160		0
1	79	-1	0	160		0
1	1	-1	0	160		0
1	245	-1	0	160		0
1	213	1	79	160		0
1	79	-1	0	160		0
1	218	-1	0	160		0
1	218	-1	0	160		0
1	79	-1	0	160		0
1	1	-1	0	160		0
1	245	-1	0	160		0
1	213	1	10	160		0
1	79	-1	0	160		0
1	218	-1	0	160		0
1	218	-1	0	160		0
1	10	-1	0	160		0
1	1	-1	0	160		0
1	245	-1	0	160		0
1	213	1	8	160		0
1	79	-1	0	160		0
1	218	-1	0	160		0
1	218	-1	0	160		0
1	8	-1	0	160		0
1	1	-1	0	160		0
1	245	-1	0	160		0
1	212	1	80	160		0
1	79	-1	0	160		0
1	80	-1	0	160		0
1	1	-1	0	160		0
1	245	-1	0	160		0
1	213	1	80	160		0
1	79	-1	0	160		0
1	80	-1	0	160		0
1	1	-1	0	160		0
1	245	-1	0	160		0
1	213	1	10	160		0
1	79	-1	0	160		0
1	10	-1	0	160		0
1	1	-1	0	160		0
1	245	-1	0	160		0
1	213	1	10	160		0
1	79	-1	0	160		0
1	10	-1	0	160		0
1	1	-1	0	160		0
1	245	-1	0	160		0
1	213	1	10	160		0
1	79	-1	0	160		0
1	10	-1	0	160		0
1	1	-1	0	160		0
1	245	-1	0	160		0
1	213	1	111	160		0
1	79	-1	0	160		0
1	111	-1	0	160		0
1	1	-1	0	160		0
1	245	-1	0	160		0
1	213	1	9	160		0
1	79	-1	0	160		0
1	9	-1	0	160		0
1	1	-1	0	160		0
1	245	-1	0	160		0
1	213	1	227	160		0
1	79	-1	0	160		0
1	227	-1	0	160		0
1	79	-1	0	160		0
1	39	-1	0	160		0
1	10	-1	0	160		0
1	1	-1	0	160		0
1	245	-1	0	160		0
1	212	1	79	160		0
1	79	-1	0	160		0
1	28	-1	0	160		0
1	79	-1	0	160		0
1	1	-1	0	160		0
1	245	-1	0	160		0
1	213	1	10	160		0
1	79	-1	0	160		0
1	28	-1	0	160		0
1	10	-1	0	160		0
1	1	-1	0	160		0
1	245	-1	0	160		0
1	218	-1	0	160		0
1	212	1	79	160		0
1	79	-1	0	160		0
1	79	-1	0	160		0
1	1	-1	0	160		0
1	245	-1	0	160		0
1	214	-1	0	160		0
1	79	-1	0	160		0
1	1	-1	0	160		0
1	245	-1	0	160		0
1	213	1	229	160		0
1	79	-1	0	160		0
1	229	-1	0	160		0
1	15	-1	0	160		0
1	240	-1	0	160		0
1	79	-1	0	160		0
1	17	-1	0	160		0
1	1	-1	0	160		0
0	0	-1	0	161		0
1	245	-1	0	161		0
1	212	1	79	161	0062	1
1	79	-1	0	161		0
1	79	-1	0	161		0
1	1	-1	0	161		0
1	245	-1	0	161		0
1	213	1	10	161		0
1	79	-1	0	161		0
1	10	-1	0	161		0
1	1	-1	0	161		0
1	245	-1	0	161		0
1	213	1	10	161		0
1	79	-1	0	161		0
1	10	-1	0	161		0
1	1	-1	0	161		0
1	245	-1	0	161		0
1	213	1	14	161		0
1	79	-1	0	161		0
1	14	-1	0	161		0
1	1	-1	0	161		0
1	245	-1	0	161		0
1	213	1	8	161		0
1	79	-1	0	161		0
1	8	-1	0	161		0
1	1	-1	0	161		0
1	245	-1	0	161		0
1	213	1	8	161		0
1	79	-1	0	161		0
1	8	-1	0	161		0
1	1	-1	0	161		0
1	245	-1	0	161		0
1	213	1	79	161	007600610072006900610062006c0065	1
1	79	-1	0	161		0
1	79	-1	0	161		0
1	1	-1	0	161		0
1	245	-1	0	161		0
1	213	1	79	161	007600610072006900610062006c0065	1
1	79	-1	0	161		0
1	218	-1	0	161		0
1	218	-1	0	161		0
1	79	-1	0	161		0
1	1	-1	0	161		0
1	245	-1	0	161		0
1	213	1	10	161		0
1	79	-1	0	161		0
1	218	-1	0	161		0
1	218	-1	0	161		0
1	10	-1	0	161		0
1	1	-1	0	161		0
1	245	-1	0	161		0
1	213	1	8	161		0
1	79	-1	0	161		0
1	218	-1	0	161		0
1	218	-1	0	161		0
1	8	-1	0	161		0
1	1	-1	0	161		0
1	245	-1	0	161		0
1	212	1	80	161		0
1	79	-1	0	161		0
1	80	-1	0	161		0
1	1	-1	0	161		0
1	245	-1	0	161		0
1	213	1	80	161		0
1	79	-1	0	161		0
1	80	-1	0	161		0
1	1	-1	0	161		0
1	245	-1	0	161		0
1	213	1	10	161		0
1	79	-1	0	161		0
1	10	-1	0	161		0
1	1	-1	0	161		0
1	245	-1	0	161		0
1	213	1	10	161		0
1	79	-1	0	161		0
1	10	-1	0	161		0
1	1	-1	0	161		0
1	245	-1	0	161		0
1	213	1	10	161		0
1	79	-1	0	161		0
1	10	-1	0	161		0
1	1	-1	0	161		0
1	245	-1	0	161		0
1	213	1	111	161		0
1	79	-1	0	161		0
1	111	-1	0	161		0
1	1	-1	0	161		0
1	245	-1	0	161		0
1	213	1	9	161		0
1	79	-1	0	161		0
1	9	-1	0	161		0
1	1	-1	0	161		0
1	245	-1	0	161		0
1	213	1	227	161		0
1	79	-1	0	161		0
1	227	-1	0	161		0
1	79	-1	0	161		0
1	39	-1	0	161		0
1	10	-1	0	161		0
1	1	-1	0	161		0
1	245	-1	0	161		0
1	212	1	79	161	0062	1
1	79	-1	0	161		0
1	28	-1	0	161		0
1	79	-1	0	161		0
1	1	-1	0	161		0
1	245	-1	0	161		0
1	213	1	10	161		0
1	79	-1	0	161		0
1	28	-1	0	161		0
1	10	-1	0	161		0
1	1	-1	0	161		0
1	245	-1	0	161		0
1	218	-1	0	161		0
1	212	1	79	161	0062	1
1	79	-1	0	161		0
1	79	-1	0	161		0
1	1	-1	0	161		0
1	245	-1	0	161		0
1	214	-1	0	161		0
1	79	-1	0	161		0
1	1	-1	0	161		0
1	245	-1	0	161		0
1	213	1	229	161		0
1	79	-1	0	161		0
1	229	-1	0	161		0
1	15	-1	0	161		0
1	240	-1	0	161		0
1	79	-1	0	161		0
1	17	-1	0	161		0
1	1	-1	0	161		0
0	0	-1	0	162		0
1	245	-1	0	162		0
1	212	1	79	162		0
1	79	-1	0	162		0
1	79	-1	0	162		0
1	1	-1	0	162		0
1	245	-1	0	162		0
1	213	1	10	162	0062	1
1	79	-1	0	162		0
1	10	-1	0	162		0
1	1	-1	0	162		0
1	245	-1	0	162		0
1	213	1	10	162		1
1	79	-1	0	162		0
1	10	-1	0	162		0
1	1	-1	0	162		0
1	245	-1	0	162		0
1	213	1	14	162		0
1	79	-1	0	162		0
1	14	-1	0	162		0
1	1	-1	0	162		0
1	245	-1	0	162		0
1	213	1	8	162		0
1	79	-1	0	162		0
1	8	-1	0	162		0
1	1	-1	0	162		0
1	245	-1	0	162		0
1	213	1	8	162		0
1	79	-1	0	162		0
1	8	-1	0	162		0
1	1	-1	0	162		0
1	245	-1	0	162		0
1	213	1	79	162		0
1	79	-1	0	162		0
1	79	-1	0	162		0
1	1	-1	0	162		0
1	245	-1	0	162		0
1	213	1	79	162		0
1	79	-1	0	162		0
1	218	-1	0	162		0
1	218	-1	0	162		0
1	79	-1	0	162		0
1	1	-1	0	162		0
1	245	-1	0	162		0
1	213	1	10	162	0062	1
1	79	-1	0	162		0
1	218	-1	0	162		0
1	218	-1	0	162		0
1	10	-1	0	162		0
1	1	-1	0	162		0
1	245	-1	0	162		0
1	213	1	8	162		0
1	79	-1	0	162		0
1	218	-1	0	162		0
1	218	-1	0	162		0
1	8	-1	0	162		0
1	1	-1	0	162		0
1	245	-1	0	162		0
1	212	1	80	162		0
1	79	-1	0	162		0
1	80	-1	0	162		0
1	1	-1	0	162		0
1	245	-1	0	162		0
1	213	1	80	162		0
1	79	-1	0	162		0
1	80	-1	0	162		0
1	1	-1	0	162		0
1	245	-1	0	162		0
1	213	1	10	162	d83dde00	1
1	79	-1	0	162		0
1	10	-1	0	162		0
1	1	-1	0	162		0
1	245	-1	0	162		0
1	213	1	10	162	00610062	1
1	79	-1	0	162		0
1	10	-1	0	162		0
1	1	-1	0	162		0
1	245	-1	0	162		0
1	213	1	10	162	0061000a	1
1	79	-1	0	162		0
1	10	-1	0	162		0
1	1	-1	0	162		0
1	245	-1	0	162		0
1	213	1	111	162		0
1	79	-1	0	162		0
1	111	-1	0	162		0
1	1	-1	0	162		0
1	245	-1	0	162		0
1	213	1	9	162		0
1	79	-1	0	162		0
1	9	-1	0	162		0
1	1	-1	0	162		0
1	245	-1	0	162		0
1	213	1	227	162		0
1	79	-1	0	162		0
1	227	-1	0	162		0
1	79	-1	0	162		0
1	39	-1	0	162		0
1	10	-1	0	162		0
1	1	-1	0	162		0
1	245	-1	0	162		0
1	212	1	79	162		0
1	79	-1	0	162		0
1	28	-1	0	162		0
1	79	-1	0	162		0
1	1	-1	0	162		0
1	245	-1	0	162		0
1	213	1	10	162	0062	1
1	79	-1	0	162		0
1	28	-1	0	162		0
1	10	-1	0	162		0
1	1	-1	0	162		0
1	245	-1	0	162		0
1	218	-1	0	162		0
1	212	1	79	162		0
1	79	-1	0	162		0
1	79	-1	0	162		0
1	1	-1	0	162		0
1	245	-1	0	162		0
1	214	-1	0	162		0
1	79	-1	0	162		0
1	1	-1	0	162		0
1	245	-1	0	162		0
1	213	1	229	162		0
1	79	-1	0	162		0
1	229	-1	0	162		0
1	15	-1	0	162		0
1	240	-1	0	162		0
1	79	-1	0	162		0
1	17	-1	0	162		0
1	1	-1	0	162		0
0	0	-1	0	163		0
1	245	-1	0	163		0
1	212	1	79	163	0062	1
1	79	-1	0	163		0
1	79	-1	0	163		0
1	1	-1	0	163		0
1	245	-1	0	163		0
1	213	1	10	163	0062	1
1	79	-1	0	163		0
1	10	-1	0	163		0
1	1	-1	0	163		0
1	245	-1	0	163		0
1	213	1	10	163		1
1	79	-1	0	163		0
1	10	-1	0	163		0
1	1	-1	0	163		0
1	245	-1	0	163		0
1	213	1	14	163		0
1	79	-1	0	163		0
1	14	-1	0	163		0
1	1	-1	0	163		0
1	245	-1	0	163		0
1	213	1	8	163		0
1	79	-1	0	163		0
1	8	-1	0	163		0
1	1	-1	0	163		0
1	245	-1	0	163		0
1	213	1	8	163		0
1	79	-1	0	163		0
1	8	-1	0	163		0
1	1	-1	0	163		0
1	245	-1	0	163		0
1	213	1	79	163	007600610072006900610062006c0065	1
1	79	-1	0	163		0
1	79	-1	0	163		0
1	1	-1	0	163		0
1	245	-1	0	163		0
1	213	1	79	163	007600610072006900610062006c0065	1
1	79	-1	0	163		0
1	218	-1	0	163		0
1	218	-1	0	163		0
1	79	-1	0	163		0
1	1	-1	0	163		0
1	245	-1	0	163		0
1	213	1	10	163	0062	1
1	79	-1	0	163		0
1	218	-1	0	163		0
1	218	-1	0	163		0
1	10	-1	0	163		0
1	1	-1	0	163		0
1	245	-1	0	163		0
1	213	1	8	163		0
1	79	-1	0	163		0
1	218	-1	0	163		0
1	218	-1	0	163		0
1	8	-1	0	163		0
1	1	-1	0	163		0
1	245	-1	0	163		0
1	212	1	80	163		0
1	79	-1	0	163		0
1	80	-1	0	163		0
1	1	-1	0	163		0
1	245	-1	0	163		0
1	213	1	80	163		0
1	79	-1	0	163		0
1	80	-1	0	163		0
1	1	-1	0	163		0
1	245	-1	0	163		0
1	213	1	10	163	d83dde00	1
1	79	-1	0	163		0
1	10	-1	0	163		0
1	1	-1	0	163		0
1	245	-1	0	163		0
1	213	1	10	163	00610062	1
1	79	-1	0	163		0
1	10	-1	0	163		0
1	1	-1	0	163		0
1	245	-1	0	163		0
1	213	1	10	163	0061000a	1
1	79	-1	0	163		0
1	10	-1	0	163		0
1	1	-1	0	163		0
1	245	-1	0	163		0
1	213	1	111	163		0
1	79	-1	0	163		0
1	111	-1	0	163		0
1	1	-1	0	163		0
1	245	-1	0	163		0
1	213	1	9	163		0
1	79	-1	0	163		0
1	9	-1	0	163		0
1	1	-1	0	163		0
1	245	-1	0	163		0
1	213	1	227	163		0
1	79	-1	0	163		0
1	227	-1	0	163		0
1	79	-1	0	163		0
1	39	-1	0	163		0
1	10	-1	0	163		0
1	1	-1	0	163		0
1	245	-1	0	163		0
1	212	1	79	163	0062	1
1	79	-1	0	163		0
1	28	-1	0	163		0
1	79	-1	0	163		0
1	1	-1	0	163		0
1	245	-1	0	163		0
1	213	1	10	163	0062	1
1	79	-1	0	163		0
1	28	-1	0	163		0
1	10	-1	0	163		0
1	1	-1	0	163		0
1	245	-1	0	163		0
1	218	-1	0	163		0
1	212	1	79	163	0062	1
1	79	-1	0	163		0
1	79	-1	0	163		0
1	1	-1	0	163		0
1	245	-1	0	163		0
1	214	-1	0	163		0
1	79	-1	0	163		0
1	1	-1	0	163		0
1	245	-1	0	163		0
1	213	1	229	163		0
1	79	-1	0	163		0
1	229	-1	0	163		0
1	15	-1	0	163		0
1	240	-1	0	163		0
1	79	-1	0	163		0
1	17	-1	0	163		0
1	1	-1	0	163		0
0	0	-1	0	164		0
1	245	-1	0	164		0
1	212	1	79	164		0
1	79	-1	0	164		0
1	79	-1	0	164		0
1	1	-1	0	164		0
1	245	-1	0	164		0
1	213	1	10	164		0
1	79	-1	0	164		0
1	10	-1	0	164		0
1	1	-1	0	164		0
1	245	-1	0	164		0
1	213	1	10	164		0
1	79	-1	0	164		0
1	10	-1	0	164		0
1	1	-1	0	164		0
1	245	-1	0	164		0
1	213	1	14	164	0062	1
1	79	-1	0	164		0
1	14	-1	0	164		0
1	1	-1	0	164		0
1	245	-1	0	164		0
1	213	1	8	164		0
1	79	-1	0	164		0
1	8	-1	0	164		0
1	1	-1	0	164		0
1	245	-1	0	164		0
1	213	1	8	164		0
1	79	-1	0	164		0
1	8	-1	0	164		0
1	1	-1	0	164		0
1	245	-1	0	164		0
1	213	1	79	164		0
1	79	-1	0	164		0
1	79	-1	0	164		0
1	1	-1	0	164		0
1	245	-1	0	164		0
1	213	1	79	164		0
1	79	-1	0	164		0
1	218	-1	0	164		0
1	218	-1	0	164		0
1	79	-1	0	164		0
1	1	-1	0	164		0
1	245	-1	0	164		0
1	213	1	10	164		0
1	79	-1	0	164		0
1	218	-1	0	164		0
1	218	-1	0	164		0
1	10	-1	0	164		0
1	1	-1	0	164		0
1	245	-1	0	164		0
1	213	1	8	164		0
1	79	-1	0	164		0
1	218	-1	0	164		0
1	218	-1	0	164		0
1	8	-1	0	164		0
1	1	-1	0	164		0
1	245	-1	0	164		0
1	212	1	80	164		0
1	79	-1	0	164		0
1	80	-1	0	164		0
1	1	-1	0	164		0
1	245	-1	0	164		0
1	213	1	80	164		0
1	79	-1	0	164		0
1	80	-1	0	164		0
1	1	-1	0	164		0
1	245	-1	0	164		0
1	213	1	10	164		0
1	79	-1	0	164		0
1	10	-1	0	164		0
1	1	-1	0	164		0
1	245	-1	0	164		0
1	213	1	10	164		0
1	79	-1	0	164		0
1	10	-1	0	164		0
1	1	-1	0	164		0
1	245	-1	0	164		0
1	213	1	10	164		0
1	79	-1	0	164		0
1	10	-1	0	164		0
1	1	-1	0	164		0
1	245	-1	0	164		0
1	213	1	111	164		0
1	79	-1	0	164		0
1	111	-1	0	164		0
1	1	-1	0	164		0
1	245	-1	0	164		0
1	213	1	9	164		0
1	79	-1	0	164		0
1	9	-1	0	164		0
1	1	-1	0	164		0
1	245	-1	0	164		0
1	213	1	227	164		0
1	79	-1	0	164		0
1	227	-1	0	164		0
1	79	-1	0	164		0
1	39	-1	0	164		0
1	10	-1	0	164		0
1	1	-1	0	164		0
1	245	-1	0	164		0
1	212	1	79	164		0
1	79	-1	0	164		0
1	28	-1	0	164		0
1	79	-1	0	164		0
1	1	-1	0	164		0
1	245	-1	0	164		0
1	213	1	10	164		0
1	79	-1	0	164		0
1	28	-1	0	164		0
1	10	-1	0	164		0
1	1	-1	0	164		0
1	245	-1	0	164		0
1	218	-1	0	164		0
1	212	1	79	164		0
1	79	-1	0	164		0
1	79	-1	0	164		0
1	1	-1	0	164		0
1	245	-1	0	164		0
1	214	-1	0	164		0
1	79	-1	0	164		0
1	1	-1	0	164		0
1	245	-1	0	164		0
1	213	1	229	164		0
1	79	-1	0	164		0
1	229	-1	0	164		0
1	15	-1	0	164		0
1	240	-1	0	164		0
1	79	-1	0	164		0
1	17	-1	0	164		0
1	1	-1	0	164		0
0	0	-1	0	165		0
1	245	-1	0	165		0
1	212	1	79	165	0062	1
1	79	-1	0	165		0
1	79	-1	0	165		0
1	1	-1	0	165		0
1	245	-1	0	165		0
1	213	1	10	165		0
1	79	-1	0	165		0
1	10	-1	0	165		0
1	1	-1	0	165		0
1	245	-1	0	165		0
1	213	1	10	165		0
1	79	-1	0	165		0
1	10	-1	0	165		0
1	1	-1	0	165		0
1	245	-1	0	165		0
1	213	1	14	165	0062	1
1	79	-1	0	165		0
1	14	-1	0	165		0
1	1	-1	0	165		0
1	245	-1	0	165		0
1	213	1	8	165		0
1	79	-1	0	165		0
1	8	-1	0	165		0
1	1	-1	0	165		0
1	245	-1	0	165		0
1	213	1	8	165		0
1	79	-1	0	165		0
1	8	-1	0	165		0
1	1	-1	0	165		0
1	245	-1	0	165		0
1	213	1	79	165	007600610072006900610062006c0065	1
1	79	-1	0	165		0
1	79	-1	0	165		0
1	1	-1	0	165		0
1	245	-1	0	165		0
1	213	1	79	165	007600610072006900610062006c0065	1
1	79	-1	0	165		0
1	218	-1	0	165		0
1	218	-1	0	165		0
1	79	-1	0	165		0
1	1	-1	0	165		0
1	245	-1	0	165		0
1	213	1	10	165		0
1	79	-1	0	165		0
1	218	-1	0	165		0
1	218	-1	0	165		0
1	10	-1	0	165		0
1	1	-1	0	165		0
1	245	-1	0	165		0
1	213	1	8	165		0
1	79	-1	0	165		0
1	218	-1	0	165		0
1	218	-1	0	165		0
1	8	-1	0	165		0
1	1	-1	0	165		0
1	245	-1	0	165		0
1	212	1	80	165		0
1	79	-1	0	165		0
1	80	-1	0	165		0
1	1	-1	0	165		0
1	245	-1	0	165		0
1	213	1	80	165		0
1	79	-1	0	165		0
1	80	-1	0	165		0
1	1	-1	0	165		0
1	245	-1	0	165		0
1	213	1	10	165		0
1	79	-1	0	165		0
1	10	-1	0	165		0
1	1	-1	0	165		0
1	245	-1	0	165		0
1	213	1	10	165		0
1	79	-1	0	165		0
1	10	-1	0	165		0
1	1	-1	0	165		0
1	245	-1	0	165		0
1	213	1	10	165		0
1	79	-1	0	165		0
1	10	-1	0	165		0
1	1	-1	0	165		0
1	245	-1	0	165		0
1	213	1	111	165		0
1	79	-1	0	165		0
1	111	-1	0	165		0
1	1	-1	0	165		0
1	245	-1	0	165		0
1	213	1	9	165		0
1	79	-1	0	165		0
1	9	-1	0	165		0
1	1	-1	0	165		0
1	245	-1	0	165		0
1	213	1	227	165		0
1	79	-1	0	165		0
1	227	-1	0	165		0
1	79	-1	0	165		0
1	39	-1	0	165		0
1	10	-1	0	165		0
1	1	-1	0	165		0
1	245	-1	0	165		0
1	212	1	79	165	0062	1
1	79	-1	0	165		0
1	28	-1	0	165		0
1	79	-1	0	165		0
1	1	-1	0	165		0
1	245	-1	0	165		0
1	213	1	10	165		0
1	79	-1	0	165		0
1	28	-1	0	165		0
1	10	-1	0	165		0
1	1	-1	0	165		0
1	245	-1	0	165		0
1	218	-1	0	165		0
1	212	1	79	165	0062	1
1	79	-1	0	165		0
1	79	-1	0	165		0
1	1	-1	0	165		0
1	245	-1	0	165		0
1	214	-1	0	165		0
1	79	-1	0	165		0
1	1	-1	0	165		0
1	245	-1	0	165		0
1	213	1	229	165		0
1	79	-1	0	165		0
1	229	-1	0	165		0
1	15	-1	0	165		0
1	240	-1	0	165		0
1	79	-1	0	165		0
1	17	-1	0	165		0
1	1	-1	0	165		0
0	0	-1	0	166		0
1	245	-1	0	166		0
1	212	1	79	166		0
1	79	-1	0	166		0
1	79	-1	0	166		0
1	1	-1	0	166		0
1	245	-1	0	166		0
1	213	1	10	166	0062	1
1	79	-1	0	166		0
1	10	-1	0	166		0
1	1	-1	0	166		0
1	245	-1	0	166		0
1	213	1	10	166		1
1	79	-1	0	166		0
1	10	-1	0	166		0
1	1	-1	0	166		0
1	245	-1	0	166		0
1	213	1	14	166	0062	1
1	79	-1	0	166		0
1	14	-1	0	166		0
1	1	-1	0	166		0
1	245	-1	0	166		0
1	213	1	8	166		0
1	79	-1	0	166		0
1	8	-1	0	166		0
1	1	-1	0	166		0
1	245	-1	0	166		0
1	213	1	8	166		0
1	79	-1	0	166		0
1	8	-1	0	166		0
1	1	-1	0	166		0
1	245	-1	0	166		0
1	213	1	79	166		0
1	79	-1	0	166		0
1	79	-1	0	166		0
1	1	-1	0	166		0
1	245	-1	0	166		0
1	213	1	79	166		0
1	79	-1	0	166		0
1	218	-1	0	166		0
1	218	-1	0	166		0
1	79	-1	0	166		0
1	1	-1	0	166		0
1	245	-1	0	166		0
1	213	1	10	166	0062	1
1	79	-1	0	166		0
1	218	-1	0	166		0
1	218	-1	0	166		0
1	10	-1	0	166		0
1	1	-1	0	166		0
1	245	-1	0	166		0
1	213	1	8	166		0
1	79	-1	0	166		0
1	218	-1	0	166		0
1	218	-1	0	166		0
1	8	-1	0	166		0
1	1	-1	0	166		0
1	245	-1	0	166		0
1	212	1	80	166		0
1	79	-1	0	166		0
1	80	-1	0	166		0
1	1	-1	0	166		0
1	245	-1	0	166		0
1	213	1	80	166		0
1	79	-1	0	166		0
1	80	-1	0	166		0
1	1	-1	0	166		0
1	245	-1	0	166		0
1	213	1	10	166	d83dde00	1
1	79	-1	0	166		0
1	10	-1	0	166		0
1	1	-1	0	166		0
1	245	-1	0	166		0
1	213	1	10	166	00610062	1
1	79	-1	0	166		0
1	10	-1	0	166		0
1	1	-1	0	166		0
1	245	-1	0	166		0
1	213	1	10	166	0061000a	1
1	79	-1	0	166		0
1	10	-1	0	166		0
1	1	-1	0	166		0
1	245	-1	0	166		0
1	213	1	111	166		0
1	79	-1	0	166		0
1	111	-1	0	166		0
1	1	-1	0	166		0
1	245	-1	0	166		0
1	213	1	9	166		0
1	79	-1	0	166		0
1	9	-1	0	166		0
1	1	-1	0	166		0
1	245	-1	0	166		0
1	213	1	227	166		0
1	79	-1	0	166		0
1	227	-1	0	166		0
1	79	-1	0	166		0
1	39	-1	0	166		0
1	10	-1	0	166		0
1	1	-1	0	166		0
1	245	-1	0	166		0
1	212	1	79	166		0
1	79	-1	0	166		0
1	28	-1	0	166		0
1	79	-1	0	166		0
1	1	-1	0	166		0
1	245	-1	0	166		0
1	213	1	10	166	0062	1
1	79	-1	0	166		0
1	28	-1	0	166		0
1	10	-1	0	166		0
1	1	-1	0	166		0
1	245	-1	0	166		0
1	218	-1	0	166		0
1	212	1	79	166		0
1	79	-1	0	166		0
1	79	-1	0	166		0
1	1	-1	0	166		0
1	245	-1	0	166		0
1	214	-1	0	166		0
1	79	-1	0	166		0
1	1	-1	0	166		0
1	245	-1	0	166		0
1	213	1	229	166		0
1	79	-1	0	166		0
1	229	-1	0	166		0
1	15	-1	0	166		0
1	240	-1	0	166		0
1	79	-1	0	166		0
1	17	-1	0	166		0
1	1	-1	0	166		0
0	0	-1	0	167		0
1	245	-1	0	167		0
1	212	1	79	167	0062	1
1	79	-1	0	167		0
1	79	-1	0	167		0
1	1	-1	0	167		0
1	245	-1	0	167		0
1	213	1	10	167	0062	1
1	79	-1	0	167		0
1	10	-1	0	167		0
1	1	-1	0	167		0
1	245	-1	0	167		0
1	213	1	10	167		1
1	79	-1	0	167		0
1	10	-1	0	167		0
1	1	-1	0	167		0
1	245	-1	0	167		0
1	213	1	14	167	0062	1
1	79	-1	0	167		0
1	14	-1	0	167		0
1	1	-1	0	167		0
1	245	-1	0	167		0
1	213	1	8	167		0
1	79	-1	0	167		0
1	8	-1	0	167		0
1	1	-1	0	167		0
1	245	-1	0	167		0
1	213	1	8	167		0
1	79	-1	0	167		0
1	8	-1	0	167		0
1	1	-1	0	167		0
1	245	-1	0	167		0
1	213	1	79	167	007600610072006900610062006c0065	1
1	79	-1	0	167		0
1	79	-1	0	167		0
1	1	-1	0	167		0
1	245	-1	0	167		0
1	213	1	79	167	007600610072006900610062006c0065	1
1	79	-1	0	167		0
1	218	-1	0	167		0
1	218	-1	0	167		0
1	79	-1	0	167		0
1	1	-1	0	167		0
1	245	-1	0	167		0
1	213	1	10	167	0062	1
1	79	-1	0	167		0
1	218	-1	0	167		0
1	218	-1	0	167		0
1	10	-1	0	167		0
1	1	-1	0	167		0
1	245	-1	0	167		0
1	213	1	8	167		0
1	79	-1	0	167		0
1	218	-1	0	167		0
1	218	-1	0	167		0
1	8	-1	0	167		0
1	1	-1	0	167		0
1	245	-1	0	167		0
1	212	1	80	167		0
1	79	-1	0	167		0
1	80	-1	0	167		0
1	1	-1	0	167		0
1	245	-1	0	167		0
1	213	1	80	167		0
1	79	-1	0	167		0
1	80	-1	0	167		0
1	1	-1	0	167		0
1	245	-1	0	167		0
1	213	1	10	167	d83dde00	1
1	79	-1	0	167		0
1	10	-1	0	167		0
1	1	-1	0	167		0
1	245	-1	0	167		0
1	213	1	10	167	00610062	1
1	79	-1	0	167		0
1	10	-1	0	167		0
1	1	-1	0	167		0
1	245	-1	0	167		0
1	213	1	10	167	0061000a	1
1	79	-1	0	167		0
1	10	-1	0	167		0
1	1	-1	0	167		0
1	245	-1	0	167		0
1	213	1	111	167		0
1	79	-1	0	167		0
1	111	-1	0	167		0
1	1	-1	0	167		0
1	245	-1	0	167		0
1	213	1	9	167		0
1	79	-1	0	167		0
1	9	-1	0	167		0
1	1	-1	0	167		0
1	245	-1	0	167		0
1	213	1	227	167		0
1	79	-1	0	167		0
1	227	-1	0	167		0
1	79	-1	0	167		0
1	39	-1	0	167		0
1	10	-1	0	167		0
1	1	-1	0	167		0
1	245	-1	0	167		0
1	212	1	79	167	0062	1
1	79	-1	0	167		0
1	28	-1	0	167		0
1	79	-1	0	167		0
1	1	-1	0	167		0
1	245	-1	0	167		0
1	213	1	10	167	0062	1
1	79	-1	0	167		0
1	28	-1	0	167		0
1	10	-1	0	167		0
1	1	-1	0	167		0
1	245	-1	0	167		0
1	218	-1	0	167		0
1	212	1	79	167	0062	1
1	79	-1	0	167		0
1	79	-1	0	167		0
1	1	-1	0	167		0
1	245	-1	0	167		0
1	214	-1	0	167		0
1	79	-1	0	167		0
1	1	-1	0	167		0
1	245	-1	0	167		0
1	213	1	229	167		0
1	79	-1	0	167		0
1	229	-1	0	167		0
1	15	-1	0	167		0
1	240	-1	0	167		0
1	79	-1	0	167		0
1	17	-1	0	167		0
1	1	-1	0	167		0
0	0	-1	0	168		0
1	245	-1	0	168		0
1	212	1	79	168		0
1	79	-1	0	168		0
1	79	-1	0	168		0
1	1	-1	0	168		0
1	245	-1	0	168		0
1	213	1	10	168		0
1	79	-1	0	168		0
1	10	-1	0	168		0
1	1	-1	0	168		0
1	245	-1	0	168		0
1	213	1	10	168		0
1	79	-1	0	168		0
1	10	-1	0	168		0
1	1	-1	0	168		0
1	245	-1	0	168		0
1	213	1	14	168		0
1	79	-1	0	168		0
1	14	-1	0	168		0
1	1	-1	0	168		0
1	245	-1	0	168		0
1	213	1	8	168	00310036	1
1	79	-1	0	168		0
1	8	-1	0	168		0
1	1	-1	0	168		0
1	245	-1	0	168		0
1	213	1	8	168	00310030	1
1	79	-1	0	168		0
1	8	-1	0	168		0
1	1	-1	0	168		0
1	245	-1	0	168		0
1	213	1	79	168		0
1	79	-1	0	168		0
1	79	-1	0	168		0
1	1	-1	0	168		0
1	245	-1	0	168		0
1	213	1	79	168		0
1	79	-1	0	168		0
1	218	-1	0	168		0
1	218	-1	0	168		0
1	79	-1	0	168		0
1	1	-1	0	168		0
1	245	-1	0	168		0
1	213	1	10	168		0
1	79	-1	0	168		0
1	218	-1	0	168		0
1	218	-1	0	168		0
1	10	-1	0	168		0
1	1	-1	0	168		0
1	245	-1	0	168		0
1	213	1	8	168	0030	1
1	79	-1	0	168		0
1	218	-1	0	168		0
1	218	-1	0	168		0
1	8	-1	0	168		0
1	1	-1	0	168		0
1	245	-1	0	168		0
1	212	1	80	168		0
1	79	-1	0	168		0
1	80	-1	0	168		0
1	1	-1	0	168		0
1	245	-1	0	168		0
1	213	1	80	168		0
1	79	-1	0	168		0
1	80	-1	0	168		0
1	1	-1	0	168		0
1	245	-1	0	168		0
1	213	1	10	168		0
1	79	-1	0	168		0
1	10	-1	0	168		0
1	1	-1	0	168		0
1	245	-1	0	168		0
1	213	1	10	168		0
1	79	-1	0	168		0
1	10	-1	0	168		0
1	1	-1	0	168		0
1	245	-1	0	168		0
1	213	1	10	168		0
1	79	-1	0	168		0
1	10	-1	0	168		0
1	1	-1	0	168		0
1	245	-1	0	168		0
1	213	1	111	168		0
1	79	-1	0	168		0
1	111	-1	0	168		0
1	1	-1	0	168		0
1	245	-1	0	168		0
1	213	1	9	168		0
1	79	-1	0	168		0
1	9	-1	0	168		0
1	1	-1	0	168		0
1	245	-1	0	168		0
1	213	1	227	168		0
1	79	-1	0	168		0
1	227	-1	0	168		0
1	79	-1	0	168		0
1	39	-1	0	168		0
1	10	-1	0	168		0
1	1	-1	0	168		0
1	245	-1	0	168		0
1	212	1	79	168		0
1	79	-1	0	168		0
1	28	-1	0	168		0
1	79	-1	0	168		0
1	1	-1	0	168		0
1	245	-1	0	168		0
1	213	1	10	168		0
1	79	-1	0	168		0
1	28	-1	0	168		0
1	10	-1	0	168		0
1	1	-1	0	168		0
1	245	-1	0	168		0
1	218	-1	0	168		0
1	212	1	79	168		0
1	79	-1	0	168		0
1	79	-1	0	168		0
1	1	-1	0	168		0
1	245	-1	0	168		0
1	214	-1	0	168		0
1	79	-1	0	168		0
1	1	-1	0	168		0
1	245	-1	0	168		0
1	213	1	229	168		0
1	79	-1	0	168		0
1	229	-1	0	168		0
1	15	-1	0	168		0
1	240	-1	0	168		0
1	79	-1	0	168		0
1	17	-1	0	168		0
1	1	-1	0	168		0
0	0	-1	0	169		0
1	245	-1	0	169		0
1	212	1	79	169	0062	1
1	79	-1	0	169		0
1	79	-1	0	169		0
1	1	-1	0	169		0
1	245	-1	0	169		0
1	213	1	10	169		0
1	79	-1	0	169		0
1	10	-1	0	169		0
1	1	-1	0	169		0
1	245	-1	0	169		0
1	213	1	10	169		0
1	79	-1	0	169		0
1	10	-1	0	169		0
1	1	-1	0	169		0
1	245	-1	0	169		0
1	213	1	14	169		0
1	79	-1	0	169		0
1	14	-1	0	169		0
1	1	-1	0	169		0
1	245	-1	0	169		0
1	213	1	8	169	00310036	1
1	79	-1	0	169		0
1	8	-1	0	169		0
1	1	-1	0	169		0
1	245	-1	0	169		0
1	213	1	8	169	00310030	1
1	79	-1	0	169		0
1	8	-1	0	169		0
1	1	-1	0	169		0
1	245	-1	0	169		0
1	213	1	79	169	007600610072006900610062006c0065	1
1	79	-1	0	169		0
1	79	-1	0	169		0
1	1	-1	0	169		0
1	245	-1	0	169		0
1	213	1	79	169	007600610072006900610062006c0065	1
1	79	-1	0	169		0
1	218	-1	0	169		0
1	218	-1	0	169		0
1	79	-1	0	169		0
1	1	-1	0	169		0
1	245	-1	0	169		0
1	213	1	10	169		0
1	79	-1	0	169		0
1	218	-1	0	169		0
1	218	-1	0	169		0
1	10	-1	0	169		0
1	1	-1	0	169		0
1	245	-1	0	169		0
1	213	1	8	169	0030	1
1	79	-1	0	169		0
1	218	-1	0	169		0
1	218	-1	0	169		0
1	8	-1	0	169		0
1	1	-1	0	169		0
1	245	-1	0	169		0
1	212	1	80	169		0
1	79	-1	0	169		0
1	80	-1	0	169		0
1	1	-1	0	169		0
1	245	-1	0	169		0
1	213	1	80	169		0
1	79	-1	0	169		0
1	80	-1	0	169		0
1	1	-1	0	169		0
1	245	-1	0	169		0
1	213	1	10	169		0
1	79	-1	0	169		0
1	10	-1	0	169		0
1	1	-1	0	169		0
1	245	-1	0	169		0
1	213	1	10	169		0
1	79	-1	0	169		0
1	10	-1	0	169		0
1	1	-1	0	169		0
1	245	-1	0	169		0
1	213	1	10	169		0
1	79	-1	0	169		0
1	10	-1	0	169		0
1	1	-1	0	169		0
1	245	-1	0	169		0
1	213	1	111	169		0
1	79	-1	0	169		0
1	111	-1	0	169		0
1	1	-1	0	169		0
1	245	-1	0	169		0
1	213	1	9	169		0
1	79	-1	0	169		0
1	9	-1	0	169		0
1	1	-1	0	169		0
1	245	-1	0	169		0
1	213	1	227	169		0
1	79	-1	0	169		0
1	227	-1	0	169		0
1	79	-1	0	169		0
1	39	-1	0	169		0
1	10	-1	0	169		0
1	1	-1	0	169		0
1	245	-1	0	169		0
1	212	1	79	169	0062	1
1	79	-1	0	169		0
1	28	-1	0	169		0
1	79	-1	0	169		0
1	1	-1	0	169		0
1	245	-1	0	169		0
1	213	1	10	169		0
1	79	-1	0	169		0
1	28	-1	0	169		0
1	10	-1	0	169		0
1	1	-1	0	169		0
1	245	-1	0	169		0
1	218	-1	0	169		0
1	212	1	79	169	0062	1
1	79	-1	0	169		0
1	79	-1	0	169		0
1	1	-1	0	169		0
1	245	-1	0	169		0
1	214	-1	0	169		0
1	79	-1	0	169		0
1	1	-1	0	169		0
1	245	-1	0	169		0
1	213	1	229	169		0
1	79	-1	0	169		0
1	229	-1	0	169		0
1	15	-1	0	169		0
1	240	-1	0	169		0
1	79	-1	0	169		0
1	17	-1	0	169		0
1	1	-1	0	169		0
0	0	-1	0	170		0
1	245	-1	0	170		0
1	212	1	79	170		0
1	79	-1	0	170		0
1	79	-1	0	170		0
1	1	-1	0	170		0
1	245	-1	0	170		0
1	213	1	10	170	0062	1
1	79	-1	0	170		0
1	10	-1	0	170		0
1	1	-1	0	170		0
1	245	-1	0	170		0
1	213	1	10	170		1
1	79	-1	0	170		0
1	10	-1	0	170		0
1	1	-1	0	170		0
1	245	-1	0	170		0
1	213	1	14	170		0
1	79	-1	0	170		0
1	14	-1	0	170		0
1	1	-1	0	170		0
1	245	-1	0	170		0
1	213	1	8	170	00310036	1
1	79	-1	0	170		0
1	8	-1	0	170		0
1	1	-1	0	170		0
1	245	-1	0	170		0
1	213	1	8	170	00310030	1
1	79	-1	0	170		0
1	8	-1	0	170		0
1	1	-1	0	170		0
1	245	-1	0	170		0
1	213	1	79	170		0
1	79	-1	0	170		0
1	79	-1	0	170		0
1	1	-1	0	170		0
1	245	-1	0	170		0
1	213	1	79	170		0
1	79	-1	0	170		0
1	218	-1	0	170		0
1	218	-1	0	170		0
1	79	-1	0	170		0
1	1	-1	0	170		0
1	245	-1	0	170		0
1	213	1	10	170	0062	1
1	79	-1	0	170		0
1	218	-1	0	170		0
1	218	-1	0	170		0
1	10	-1	0	170		0
1	1	-1	0	170		0
1	245	-1	0	170		0
1	213	1	8	170	0030	1
1	79	-1	0	170		0
1	218	-1	0	170		0
1	218	-1	0	170		0
1	8	-1	0	170		0
1	1	-1	0	170		0
1	245	-1	0	170		0
1	212	1	80	170		0
1	79	-1	0	170		0
1	80	-1	0	170		0
1	1	-1	0	170		0
1	245	-1	0	170		0
1	213	1	80	170		0
1	79	-1	0	170		0
1	80	-1	0	170		0
1	1	-1	0	170		0
1	245	-1	0	170		0
1	213	1	10	170	d83dde00	1
1	79	-1	0	170		0
1	10	-1	0	170		0
1	1	-1	0	170		0
1	245	-1	0	170		0
1	213	1	10	170	00610062	1
1	79	-1	0	170		0
1	10	-1	0	170		0
1	1	-1	0	170		0
1	245	-1	0	170		0
1	213	1	10	170	0061000a	1
1	79	-1	0	170		0
1	10	-1	0	170		0
1	1	-1	0	170		0
1	245	-1	0	170		0
1	213	1	111	170		0
1	79	-1	0	170		0
1	111	-1	0	170		0
1	1	-1	0	170		0
1	245	-1	0	170		0
1	213	1	9	170		0
1	79	-1	0	170		0
1	9	-1	0	170		0
1	1	-1	0	170		0
1	245	-1	0	170		0
1	213	1	227	170		0
1	79	-1	0	170		0
1	227	-1	0	170		0
1	79	-1	0	170		0
1	39	-1	0	170		0
1	10	-1	0	170		0
1	1	-1	0	170		0
1	245	-1	0	170		0
1	212	1	79	170		0
1	79	-1	0	170		0
1	28	-1	0	170		0
1	79	-1	0	170		0
1	1	-1	0	170		0
1	245	-1	0	170		0
1	213	1	10	170	0062	1
1	79	-1	0	170		0
1	28	-1	0	170		0
1	10	-1	0	170		0
1	1	-1	0	170		0
1	245	-1	0	170		0
1	218	-1	0	170		0
1	212	1	79	170		0
1	79	-1	0	170		0
1	79	-1	0	170		0
1	1	-1	0	170		0
1	245	-1	0	170		0
1	214	-1	0	170		0
1	79	-1	0	170		0
1	1	-1	0	170		0
1	245	-1	0	170		0
1	213	1	229	170		0
1	79	-1	0	170		0
1	229	-1	0	170		0
1	15	-1	0	170		0
1	240	-1	0	170		0
1	79	-1	0	170		0
1	17	-1	0	170		0
1	1	-1	0	170		0
0	0	-1	0	171		0
1	245	-1	0	171		0
1	212	1	79	171	0062	1
1	79	-1	0	171		0
1	79	-1	0	171		0
1	1	-1	0	171		0
1	245	-1	0	171		0
1	213	1	10	171	0062	1
1	79	-1	0	171		0
1	10	-1	0	171		0
1	1	-1	0	171		0
1	245	-1	0	171		0
1	213	1	10	171		1
1	79	-1	0	171		0
1	10	-1	0	171		0
1	1	-1	0	171		0
1	245	-1	0	171		0
1	213	1	14	171		0
1	79	-1	0	171		0
1	14	-1	0	171		0
1	1	-1	0	171		0
1	245	-1	0	171		0
1	213	1	8	171	00310036	1
1	79	-1	0	171		0
1	8	-1	0	171		0
1	1	-1	0	171		0
1	245	-1	0	171		0
1	213	1	8	171	00310030	1
1	79	-1	0	171		0
1	8	-1	0	171		0
1	1	-1	0	171		0
1	245	-1	0	171		0
1	213	1	79	171	007600610072006900610062006c0065	1
1	79	-1	0	171		0
1	79	-1	0	171		0
1	1	-1	0	171		0
1	245	-1	0	171		0
1	213	1	79	171	007600610072006900610062006c0065	1
1	79	-1	0	171		0
1	218	-1	0	171		0
1	218	-1	0	171		0
1	79	-1	0	171		0
1	1	-1	0	171		0
1	245	-1	0	171		0
1	213	1	10	171	0062	1
1	79	-1	0	171		0
1	218	-1	0	171		0
1	218	-1	0	171		0
1	10	-1	0	171		0
1	1	-1	0	171		0
1	245	-1	0	171		0
1	213	1	8	171	0030	1
1	79	-1	0	171		0
1	218	-1	0	171		0
1	218	-1	0	171		0
1	8	-1	0	171		0
1	1	-1	0	171		0
1	245	-1	0	171		0
1	212	1	80	171		0
1	79	-1	0	171		0
1	80	-1	0	171		0
1	1	-1	0	171		0
1	245	-1	0	171		0
1	213	1	80	171		0
1	79	-1	0	171		0
1	80	-1	0	171		0
1	1	-1	0	171		0
1	245	-1	0	171		0
1	213	1	10	171	d83dde00	1
1	79	-1	0	171		0
1	10	-1	0	171		0
1	1	-1	0	171		0
1	245	-1	0	171		0
1	213	1	10	171	00610062	1
1	79	-1	0	171		0
1	10	-1	0	171		0
1	1	-1	0	171		0
1	245	-1	0	171		0
1	213	1	10	171	0061000a	1
1	79	-1	0	171		0
1	10	-1	0	171		0
1	1	-1	0	171		0
1	245	-1	0	171		0
1	213	1	111	171		0
1	79	-1	0	171		0
1	111	-1	0	171		0
1	1	-1	0	171		0
1	245	-1	0	171		0
1	213	1	9	171		0
1	79	-1	0	171		0
1	9	-1	0	171		0
1	1	-1	0	171		0
1	245	-1	0	171		0
1	213	1	227	171		0
1	79	-1	0	171		0
1	227	-1	0	171		0
1	79	-1	0	171		0
1	39	-1	0	171		0
1	10	-1	0	171		0
1	1	-1	0	171		0
1	245	-1	0	171		0
1	212	1	79	171	0062	1
1	79	-1	0	171		0
1	28	-1	0	171		0
1	79	-1	0	171		0
1	1	-1	0	171		0
1	245	-1	0	171		0
1	213	1	10	171	0062	1
1	79	-1	0	171		0
1	28	-1	0	171		0
1	10	-1	0	171		0
1	1	-1	0	171		0
1	245	-1	0	171		0
1	218	-1	0	171		0
1	212	1	79	171	0062	1
1	79	-1	0	171		0
1	79	-1	0	171		0
1	1	-1	0	171		0
1	245	-1	0	171		0
1	214	-1	0	171		0
1	79	-1	0	171		0
1	1	-1	0	171		0
1	245	-1	0	171		0
1	213	1	229	171		0
1	79	-1	0	171		0
1	229	-1	0	171		0
1	15	-1	0	171		0
1	240	-1	0	171		0
1	79	-1	0	171		0
1	17	-1	0	171		0
1	1	-1	0	171		0
0	0	-1	0	172		0
1	245	-1	0	172		0
1	212	1	79	172		0
1	79	-1	0	172		0
1	79	-1	0	172		0
1	1	-1	0	172		0
1	245	-1	0	172		0
1	213	1	10	172		0
1	79	-1	0	172		0
1	10	-1	0	172		0
1	1	-1	0	172		0
1	245	-1	0	172		0
1	213	1	10	172		0
1	79	-1	0	172		0
1	10	-1	0	172		0
1	1	-1	0	172		0
1	245	-1	0	172		0
1	213	1	14	172	0062	1
1	79	-1	0	172		0
1	14	-1	0	172		0
1	1	-1	0	172		0
1	245	-1	0	172		0
1	213	1	8	172	00310036	1
1	79	-1	0	172		0
1	8	-1	0	172		0
1	1	-1	0	172		0
1	245	-1	0	172		0
1	213	1	8	172	00310030	1
1	79	-1	0	172		0
1	8	-1	0	172		0
1	1	-1	0	172		0
1	245	-1	0	172		0
1	213	1	79	172		0
1	79	-1	0	172		0
1	79	-1	0	172		0
1	1	-1	0	172		0
1	245	-1	0	172		0
1	213	1	79	172		0
1	79	-1	0	172		0
1	218	-1	0	172		0
1	218	-1	0	172		0
1	79	-1	0	172		0
1	1	-1	0	172		0
1	245	-1	0	172		0
1	213	1	10	172		0
1	79	-1	0	172		0
1	218	-1	0	172		0
1	218	-1	0	172		0
1	10	-1	0	172		0
1	1	-1	0	172		0
1	245	-1	0	172		0
1	213	1	8	172	0030	1
1	79	-1	0	172		0
1	218	-1	0	172		0
1	218	-1	0	172		0
1	8	-1	0	172		0
1	1	-1	0	172		0
1	245	-1	0	172		0
1	212	1	80	172		0
1	79	-1	0	172		0
1	80	-1	0	172		0
1	1	-1	0	172		0
1	245	-1	0	172		0
1	213	1	80	172		0
1	79	-1	0	172		0
1	80	-1	0	172		0
1	1	-1	0	172		0
1	245	-1	0	172		0
1	213	1	10	172		0
1	79	-1	0	172		0
1	10	-1	0	172		0
1	1	-1	0	172		0
1	245	-1	0	172		0
1	213	1	10	172		0
1	79	-1	0	172		0
1	10	-1	0	172		0
1	1	-1	0	172		0
1	245	-1	0	172		0
1	213	1	10	172		0
1	79	-1	0	172		0
1	10	-1	0	172		0
1	1	-1	0	172		0
1	245	-1	0	172		0
1	213	1	111	172		0
1	79	-1	0	172		0
1	111	-1	0	172		0
1	1	-1	0	172		0
1	245	-1	0	172		0
1	213	1	9	172		0
1	79	-1	0	172		0
1	9	-1	0	172		0
1	1	-1	0	172		0
1	245	-1	0	172		0
1	213	1	227	172		0
1	79	-1	0	172		0
1	227	-1	0	172		0
1	79	-1	0	172		0
1	39	-1	0	172		0
1	10	-1	0	172		0
1	1	-1	0	172		0
1	245	-1	0	172		0
1	212	1	79	172		0
1	79	-1	0	172		0
1	28	-1	0	172		0
1	79	-1	0	172		0
1	1	-1	0	172		0
1	245	-1	0	172		0
1	213	1	10	172		0
1	79	-1	0	172		0
1	28	-1	0	172		0
1	10	-1	0	172		0
1	1	-1	0	172		0
1	245	-1	0	172		0
1	218	-1	0	172		0
1	212	1	79	172		0
1	79	-1	0	172		0
1	79	-1	0	172		0
1	1	-1	0	172		0
1	245	-1	0	172		0
1	214	-1	0	172		0
1	79	-1	0	172		0
1	1	-1	0	172		0
1	245	-1	0	172		0
1	213	1	229	172		0
1	79	-1	0	172		0
1	229	-1	0	172		0
1	15	-1	0	172		0
1	240	-1	0	172		0
1	79	-1	0	172		0
1	17	-1	0	172		0
1	1	-1	0	172		0
0	0	-1	0	173		0
1	245	-1	0	173		0
1	212	1	79	173	0062	1
1	79	-1	0	173		0
1	79	-1	0	173		0
1	1	-1	0	173		0
1	245	-1	0	173		0
1	213	1	10	173		0
1	79	-1	0	173		0
1	10	-1	0	173		0
1	1	-1	0	173		0
1	245	-1	0	173		0
1	213	1	10	173		0
1	79	-1	0	173		0
1	10	-1	0	173		0
1	1	-1	0	173		0
1	245	-1	0	173		0
1	213	1	14	173	0062	1
1	79	-1	0	173		0
1	14	-1	0	173		0
1	1	-1	0	173		0
1	245	-1	0	173		0
1	213	1	8	173	00310036	1
1	79	-1	0	173		0
1	8	-1	0	173		0
1	1	-1	0	173		0
1	245	-1	0	173		0
1	213	1	8	173	00310030	1
1	79	-1	0	173		0
1	8	-1	0	173		0
1	1	-1	0	173		0
1	245	-1	0	173		0
1	213	1	79	173	007600610072006900610062006c0065	1
1	79	-1	0	173		0
1	79	-1	0	173		0
1	1	-1	0	173		0
1	245	-1	0	173		0
1	213	1	79	173	007600610072006900610062006c0065	1
1	79	-1	0	173		0
1	218	-1	0	173		0
1	218	-1	0	173		0
1	79	-1	0	173		0
1	1	-1	0	173		0
1	245	-1	0	173		0
1	213	1	10	173		0
1	79	-1	0	173		0
1	218	-1	0	173		0
1	218	-1	0	173		0
1	10	-1	0	173		0
1	1	-1	0	173		0
1	245	-1	0	173		0
1	213	1	8	173	0030	1
1	79	-1	0	173		0
1	218	-1	0	173		0
1	218	-1	0	173		0
1	8	-1	0	173		0
1	1	-1	0	173		0
1	245	-1	0	173		0
1	212	1	80	173		0
1	79	-1	0	173		0
1	80	-1	0	173		0
1	1	-1	0	173		0
1	245	-1	0	173		0
1	213	1	80	173		0
1	79	-1	0	173		0
1	80	-1	0	173		0
1	1	-1	0	173		0
1	245	-1	0	173		0
1	213	1	10	173		0
1	79	-1	0	173		0
1	10	-1	0	173		0
1	1	-1	0	173		0
1	245	-1	0	173		0
1	213	1	10	173		0
1	79	-1	0	173		0
1	10	-1	0	173		0
1	1	-1	0	173		0
1	245	-1	0	173		0
1	213	1	10	173		0
1	79	-1	0	173		0
1	10	-1	0	173		0
1	1	-1	0	173		0
1	245	-1	0	173		0
1	213	1	111	173		0
1	79	-1	0	173		0
1	111	-1	0	173		0
1	1	-1	0	173		0
1	245	-1	0	173		0
1	213	1	9	173		0
1	79	-1	0	173		0
1	9	-1	0	173		0
1	1	-1	0	173		0
1	245	-1	0	173		0
1	213	1	227	173		0
1	79	-1	0	173		0
1	227	-1	0	173		0
1	79	-1	0	173		0
1	39	-1	0	173		0
1	10	-1	0	173		0
1	1	-1	0	173		0
1	245	-1	0	173		0
1	212	1	79	173	0062	1
1	79	-1	0	173		0
1	28	-1	0	173		0
1	79	-1	0	173		0
1	1	-1	0	173		0
1	245	-1	0	173		0
1	213	1	10	173		0
1	79	-1	0	173		0
1	28	-1	0	173		0
1	10	-1	0	173		0
1	1	-1	0	173		0
1	245	-1	0	173		0
1	218	-1	0	173		0
1	212	1	79	173	0062	1
1	79	-1	0	173		0
1	79	-1	0	173		0
1	1	-1	0	173		0
1	245	-1	0	173		0
1	214	-1	0	173		0
1	79	-1	0	173		0
1	1	-1	0	173		0
1	245	-1	0	173		0
1	213	1	229	173		0
1	79	-1	0	173		0
1	229	-1	0	173		0
1	15	-1	0	173		0
1	240	-1	0	173		0
1	79	-1	0	173		0
1	17	-1	0	173		0
1	1	-1	0	173		0
0	0	-1	0	174		0
1	245	-1	0	174		0
1	212	1	79	174		0
1	79	-1	0	174		0
1	79	-1	0	174		0
1	1	-1	0	174		0
1	245	-1	0	174		0
1	213	1	10	174	0062	1
1	79	-1	0	174		0
1	10	-1	0	174		0
1	1	-1	0	174		0
1	245	-1	0	174		0
1	213	1	10	174		1
1	79	-1	0	174		0
1	10	-1	0	174		0
1	1	-1	0	174		0
1	245	-1	0	174		0
1	213	1	14	174	0062	1
1	79	-1	0	174		0
1	14	-1	0	174		0
1	1	-1	0	174		0
1	245	-1	0	174		0
1	213	1	8	174	00310036	1
1	79	-1	0	174		0
1	8	-1	0	174		0
1	1	-1	0	174		0
1	245	-1	0	174		0
1	213	1	8	174	00310030	1
1	79	-1	0	174		0
1	8	-1	0	174		0
1	1	-1	0	174		0
1	245	-1	0	174		0
1	213	1	79	174		0
1	79	-1	0	174		0
1	79	-1	0	174		0
1	1	-1	0	174		0
1	245	-1	0	174		0
1	213	1	79	174		0
1	79	-1	0	174		0
1	218	-1	0	174		0
1	218	-1	0	174		0
1	79	-1	0	174		0
1	1	-1	0	174		0
1	245	-1	0	174		0
1	213	1	10	174	0062	1
1	79	-1	0	174		0
1	218	-1	0	174		0
1	218	-1	0	174		0
1	10	-1	0	174		0
1	1	-1	0	174		0
1	245	-1	0	174		0
1	213	1	8	174	0030	1
1	79	-1	0	174		0
1	218	-1	0	174		0
1	218	-1	0	174		0
1	8	-1	0	174		0
1	1	-1	0	174		0
1	245	-1	0	174		0
1	212	1	80	174		0
1	79	-1	0	174		0
1	80	-1	0	174		0
1	1	-1	0	174		0
1	245	-1	0	174		0
1	213	1	80	174		0
1	79	-1	0	174		0
1	80	-1	0	174		0
1	1	-1	0	174		0
1	245	-1	0	174		0
1	213	1	10	174	d83dde00	1
1	79	-1	0	174		0
1	10	-1	0	174		0
1	1	-1	0	174		0
1	245	-1	0	174		0
1	213	1	10	174	00610062	1
1	79	-1	0	174		0
1	10	-1	0	174		0
1	1	-1	0	174		0
1	245	-1	0	174		0
1	213	1	10	174	0061000a	1
1	79	-1	0	174		0
1	10	-1	0	174		0
1	1	-1	0	174		0
1	245	-1	0	174		0
1	213	1	111	174		0
1	79	-1	0	174		0
1	111	-1	0	174		0
1	1	-1	0	174		0
1	245	-1	0	174		0
1	213	1	9	174		0
1	79	-1	0	174		0
1	9	-1	0	174		0
1	1	-1	0	174		0
1	245	-1	0	174		0
1	213	1	227	174		0
1	79	-1	0	174		0
1	227	-1	0	174		0
1	79	-1	0	174		0
1	39	-1	0	174		0
1	10	-1	0	174		0
1	1	-1	0	174		0
1	245	-1	0	174		0
1	212	1	79	174		0
1	79	-1	0	174		0
1	28	-1	0	174		0
1	79	-1	0	174		0
1	1	-1	0	174		0
1	245	-1	0	174		0
1	213	1	10	174	0062	1
1	79	-1	0	174		0
1	28	-1	0	174		0
1	10	-1	0	174		0
1	1	-1	0	174		0
1	245	-1	0	174		0
1	218	-1	0	174		0
1	212	1	79	174		0
1	79	-1	0	174		0
1	79	-1	0	174		0
1	1	-1	0	174		0
1	245	-1	0	174		0
1	214	-1	0	174		0
1	79	-1	0	174		0
1	1	-1	0	174		0
1	245	-1	0	174		0
1	213	1	229	174		0
1	79	-1	0	174		0
1	229	-1	0	174		0
1	15	-1	0	174		0
1	240	-1	0	174		0
1	79	-1	0	174		0
1	17	-1	0	174		0
1	1	-1	0	174		0
0	0	-1	0	175		0
1	245	-1	0	175		0
1	212	1	79	175	0062	1
1	79	-1	0	175		0
1	79	-1	0	175		0
1	1	-1	0	175		0
1	245	-1	0	175		0
1	213	1	10	175	0062	1
1	79	-1	0	175		0
1	10	-1	0	175		0
1	1	-1	0	175		0
1	245	-1	0	175		0
1	213	1	10	175		1
1	79	-1	0	175		0
1	10	-1	0	175		0
1	1	-1	0	175		0
1	245	-1	0	175		0
1	213	1	14	175	0062	1
1	79	-1	0	175		0
1	14	-1	0	175		0
1	1	-1	0	175		0
1	245	-1	0	175		0
1	213	1	8	175	00310036	1
1	79	-1	0	175		0
1	8	-1	0	175		0
1	1	-1	0	175		0
1	245	-1	0	175		0
1	213	1	8	175	00310030	1
1	79	-1	0	175		0
1	8	-1	0	175		0
1	1	-1	0	175		0
1	245	-1	0	175		0
1	213	1	79	175	007600610072006900610062006c0065	1
1	79	-1	0	175		0
1	79	-1	0	175		0
1	1	-1	0	175		0
1	245	-1	0	175		0
1	213	1	79	175	007600610072006900610062006c0065	1
1	79	-1	0	175		0
1	218	-1	0	175		0
1	218	-1	0	175		0
1	79	-1	0	175		0
1	1	-1	0	175		0
1	245	-1	0	175		0
1	213	1	10	175	0062	1
1	79	-1	0	175		0
1	218	-1	0	175		0
1	218	-1	0	175		0
1	10	-1	0	175		0
1	1	-1	0	175		0
1	245	-1	0	175		0
1	213	1	8	175	0030	1
1	79	-1	0	175		0
1	218	-1	0	175		0
1	218	-1	0	175		0
1	8	-1	0	175		0
1	1	-1	0	175		0
1	245	-1	0	175		0
1	212	1	80	175		0
1	79	-1	0	175		0
1	80	-1	0	175		0
1	1	-1	0	175		0
1	245	-1	0	175		0
1	213	1	80	175		0
1	79	-1	0	175		0
1	80	-1	0	175		0
1	1	-1	0	175		0
1	245	-1	0	175		0
1	213	1	10	175	d83dde00	1
1	79	-1	0	175		0
1	10	-1	0	175		0
1	1	-1	0	175		0
1	245	-1	0	175		0
1	213	1	10	175	00610062	1
1	79	-1	0	175		0
1	10	-1	0	175		0
1	1	-1	0	175		0
1	245	-1	0	175		0
1	213	1	10	175	0061000a	1
1	79	-1	0	175		0
1	10	-1	0	175		0
1	1	-1	0	175		0
1	245	-1	0	175		0
1	213	1	111	175		0
1	79	-1	0	175		0
1	111	-1	0	175		0
1	1	-1	0	175		0
1	245	-1	0	175		0
1	213	1	9	175		0
1	79	-1	0	175		0
1	9	-1	0	175		0
1	1	-1	0	175		0
1	245	-1	0	175		0
1	213	1	227	175		0
1	79	-1	0	175		0
1	227	-1	0	175		0
1	79	-1	0	175		0
1	39	-1	0	175		0
1	10	-1	0	175		0
1	1	-1	0	175		0
1	245	-1	0	175		0
1	212	1	79	175	0062	1
1	79	-1	0	175		0
1	28	-1	0	175		0
1	79	-1	0	175		0
1	1	-1	0	175		0
1	245	-1	0	175		0
1	213	1	10	175	0062	1
1	79	-1	0	175		0
1	28	-1	0	175		0
1	10	-1	0	175		0
1	1	-1	0	175		0
1	245	-1	0	175		0
1	218	-1	0	175		0
1	212	1	79	175	0062	1
1	79	-1	0	175		0
1	79	-1	0	175		0
1	1	-1	0	175		0
1	245	-1	0	175		0
1	214	-1	0	175		0
1	79	-1	0	175		0
1	1	-1	0	175		0
1	245	-1	0	175		0
1	213	1	229	175		0
1	79	-1	0	175		0
1	229	-1	0	175		0
1	15	-1	0	175		0
1	240	-1	0	175		0
1	79	-1	0	175		0
1	17	-1	0	175		0
1	1	-1	0	175		0
0	0	-1	0	176		0
1	245	-1	0	176		0
1	212	1	79	176		0
1	79	-1	0	176		0
1	79	-1	0	176		0
1	1	-1	0	176		0
1	245	-1	0	176		0
1	213	1	10	176		0
1	79	-1	0	176		0
1	10	-1	0	176		0
1	1	-1	0	176		0
1	245	-1	0	176		0
1	213	1	10	176		0
1	79	-1	0	176		0
1	10	-1	0	176		0
1	1	-1	0	176		0
1	245	-1	0	176		0
1	213	1	14	176		0
1	79	-1	0	176		0
1	14	-1	0	176		0
1	1	-1	0	176		0
1	245	-1	0	176		0
1	213	1	8	176		0
1	79	-1	0	176		0
1	8	-1	0	176		0
1	1	-1	0	176		0
1	245	-1	0	176		0
1	213	1	8	176		0
1	79	-1	0	176		0
1	8	-1	0	176		0
1	1	-1	0	176		0
1	245	-1	0	176		0
1	213	1	79	176		0
1	79	-1	0	176		0
1	79	-1	0	176		0
1	1	-1	0	176		0
1	245	-1	0	176		0
1	213	1	79	176		0
1	79	-1	0	176		0
1	218	-1	0	176		0
1	218	-1	0	176		0
1	79	-1	0	176		0
1	1	-1	0	176		0
1	245	-1	0	176		0
1	213	1	10	176		0
1	79	-1	0	176		0
1	218	-1	0	176		0
1	218	-1	0	176		0
1	10	-1	0	176		0
1	1	-1	0	176		0
1	245	-1	0	176		0
1	213	1	8	176		0
1	79	-1	0	176		0
1	218	-1	0	176		0
1	218	-1	0	176		0
1	8	-1	0	176		0
1	1	-1	0	176		0
1	245	-1	0	176		0
1	212	1	80	176	00230070007200690076006100740065	1
1	79	-1	0	176		0
1	80	-1	0	176		0
1	1	-1	0	176		0
1	245	-1	0	176		0
1	213	1	80	176	00230070007200690076006100740065	1
1	79	-1	0	176		0
1	80	-1	0	176		0
1	1	-1	0	176		0
1	245	-1	0	176		0
1	213	1	10	176		0
1	79	-1	0	176		0
1	10	-1	0	176		0
1	1	-1	0	176		0
1	245	-1	0	176		0
1	213	1	10	176		0
1	79	-1	0	176		0
1	10	-1	0	176		0
1	1	-1	0	176		0
1	245	-1	0	176		0
1	213	1	10	176		0
1	79	-1	0	176		0
1	10	-1	0	176		0
1	1	-1	0	176		0
1	245	-1	0	176		0
1	213	1	111	176		0
1	79	-1	0	176		0
1	111	-1	0	176		0
1	1	-1	0	176		0
1	245	-1	0	176		0
1	213	1	9	176		0
1	79	-1	0	176		0
1	9	-1	0	176		0
1	1	-1	0	176		0
1	245	-1	0	176		0
1	213	1	227	176		0
1	79	-1	0	176		0
1	227	-1	0	176		0
1	79	-1	0	176		0
1	39	-1	0	176		0
1	10	-1	0	176		0
1	1	-1	0	176		0
1	245	-1	0	176		0
1	212	1	79	176		0
1	79	-1	0	176		0
1	28	-1	0	176		0
1	79	-1	0	176		0
1	1	-1	0	176		0
1	245	-1	0	176		0
1	213	1	10	176		0
1	79	-1	0	176		0
1	28	-1	0	176		0
1	10	-1	0	176		0
1	1	-1	0	176		0
1	245	-1	0	176		0
1	218	-1	0	176		0
1	212	1	79	176		0
1	79	-1	0	176		0
1	79	-1	0	176		0
1	1	-1	0	176		0
1	245	-1	0	176		0
1	214	-1	0	176		0
1	79	-1	0	176		0
1	1	-1	0	176		0
1	245	-1	0	176		0
1	213	1	229	176		0
1	79	-1	0	176		0
1	229	-1	0	176		0
1	15	-1	0	176		0
1	240	-1	0	176		0
1	79	-1	0	176		0
1	17	-1	0	176		0
1	1	-1	0	176		0
0	0	-1	0	177		0
1	245	-1	0	177		0
1	212	1	79	177	0062	1
1	79	-1	0	177		0
1	79	-1	0	177		0
1	1	-1	0	177		0
1	245	-1	0	177		0
1	213	1	10	177		0
1	79	-1	0	177		0
1	10	-1	0	177		0
1	1	-1	0	177		0
1	245	-1	0	177		0
1	213	1	10	177		0
1	79	-1	0	177		0
1	10	-1	0	177		0
1	1	-1	0	177		0
1	245	-1	0	177		0
1	213	1	14	177		0
1	79	-1	0	177		0
1	14	-1	0	177		0
1	1	-1	0	177		0
1	245	-1	0	177		0
1	213	1	8	177		0
1	79	-1	0	177		0
1	8	-1	0	177		0
1	1	-1	0	177		0
1	245	-1	0	177		0
1	213	1	8	177		0
1	79	-1	0	177		0
1	8	-1	0	177		0
1	1	-1	0	177		0
1	245	-1	0	177		0
1	213	1	79	177	007600610072006900610062006c0065	1
1	79	-1	0	177		0
1	79	-1	0	177		0
1	1	-1	0	177		0
1	245	-1	0	177		0
1	213	1	79	177	007600610072006900610062006c0065	1
1	79	-1	0	177		0
1	218	-1	0	177		0
1	218	-1	0	177		0
1	79	-1	0	177		0
1	1	-1	0	177		0
1	245	-1	0	177		0
1	213	1	10	177		0
1	79	-1	0	177		0
1	218	-1	0	177		0
1	218	-1	0	177		0
1	10	-1	0	177		0
1	1	-1	0	177		0
1	245	-1	0	177		0
1	213	1	8	177		0
1	79	-1	0	177		0
1	218	-1	0	177		0
1	218	-1	0	177		0
1	8	-1	0	177		0
1	1	-1	0	177		0
1	245	-1	0	177		0
1	212	1	80	177	00230070007200690076006100740065	1
1	79	-1	0	177		0
1	80	-1	0	177		0
1	1	-1	0	177		0
1	245	-1	0	177		0
1	213	1	80	177	00230070007200690076006100740065	1
1	79	-1	0	177		0
1	80	-1	0	177		0
1	1	-1	0	177		0
1	245	-1	0	177		0
1	213	1	10	177		0
1	79	-1	0	177		0
1	10	-1	0	177		0
1	1	-1	0	177		0
1	245	-1	0	177		0
1	213	1	10	177		0
1	79	-1	0	177		0
1	10	-1	0	177		0
1	1	-1	0	177		0
1	245	-1	0	177		0
1	213	1	10	177		0
1	79	-1	0	177		0
1	10	-1	0	177		0
1	1	-1	0	177		0
1	245	-1	0	177		0
1	213	1	111	177		0
1	79	-1	0	177		0
1	111	-1	0	177		0
1	1	-1	0	177		0
1	245	-1	0	177		0
1	213	1	9	177		0
1	79	-1	0	177		0
1	9	-1	0	177		0
1	1	-1	0	177		0
1	245	-1	0	177		0
1	213	1	227	177		0
1	79	-1	0	177		0
1	227	-1	0	177		0
1	79	-1	0	177		0
1	39	-1	0	177		0
1	10	-1	0	177		0
1	1	-1	0	177		0
1	245	-1	0	177		0
1	212	1	79	177	0062	1
1	79	-1	0	177		0
1	28	-1	0	177		0
1	79	-1	0	177		0
1	1	-1	0	177		0
1	245	-1	0	177		0
1	213	1	10	177		0
1	79	-1	0	177		0
1	28	-1	0	177		0
1	10	-1	0	177		0
1	1	-1	0	177		0
1	245	-1	0	177		0
1	218	-1	0	177		0
1	212	1	79	177	0062	1
1	79	-1	0	177		0
1	79	-1	0	177		0
1	1	-1	0	177		0
1	245	-1	0	177		0
1	214	-1	0	177		0
1	79	-1	0	177		0
1	1	-1	0	177		0
1	245	-1	0	177		0
1	213	1	229	177		0
1	79	-1	0	177		0
1	229	-1	0	177		0
1	15	-1	0	177		0
1	240	-1	0	177		0
1	79	-1	0	177		0
1	17	-1	0	177		0
1	1	-1	0	177		0
0	0	-1	0	178		0
1	245	-1	0	178		0
1	212	1	79	178		0
1	79	-1	0	178		0
1	79	-1	0	178		0
1	1	-1	0	178		0
1	245	-1	0	178		0
1	213	1	10	178	0062	1
1	79	-1	0	178		0
1	10	-1	0	178		0
1	1	-1	0	178		0
1	245	-1	0	178		0
1	213	1	10	178		1
1	79	-1	0	178		0
1	10	-1	0	178		0
1	1	-1	0	178		0
1	245	-1	0	178		0
1	213	1	14	178		0
1	79	-1	0	178		0
1	14	-1	0	178		0
1	1	-1	0	178		0
1	245	-1	0	178		0
1	213	1	8	178		0
1	79	-1	0	178		0
1	8	-1	0	178		0
1	1	-1	0	178		0
1	245	-1	0	178		0
1	213	1	8	178		0
1	79	-1	0	178		0
1	8	-1	0	178		0
1	1	-1	0	178		0
1	245	-1	0	178		0
1	213	1	79	178		0
1	79	-1	0	178		0
1	79	-1	0	178		0
1	1	-1	0	178		0
1	245	-1	0	178		0
1	213	1	79	178		0
1	79	-1	0	178		0
1	218	-1	0	178		0
1	218	-1	0	178		0
1	79	-1	0	178		0
1	1	-1	0	178		0
1	245	-1	0	178		0
1	213	1	10	178	0062	1
1	79	-1	0	178		0
1	218	-1	0	178		0
1	218	-1	0	178		0
1	10	-1	0	178		0
1	1	-1	0	178		0
1	245	-1	0	178		0
1	213	1	8	178		0
1	79	-1	0	178		0
1	218	-1	0	178		0
1	218	-1	0	178		0
1	8	-1	0	178		0
1	1	-1	0	178		0
1	245	-1	0	178		0
1	212	1	80	178	00230070007200690076006100740065	1
1	79	-1	0	178		0
1	80	-1	0	178		0
1	1	-1	0	178		0
1	245	-1	0	178		0
1	213	1	80	178	00230070007200690076006100740065	1
1	79	-1	0	178		0
1	80	-1	0	178		0
1	1	-1	0	178		0
1	245	-1	0	178		0
1	213	1	10	178	d83dde00	1
1	79	-1	0	178		0
1	10	-1	0	178		0
1	1	-1	0	178		0
1	245	-1	0	178		0
1	213	1	10	178	00610062	1
1	79	-1	0	178		0
1	10	-1	0	178		0
1	1	-1	0	178		0
1	245	-1	0	178		0
1	213	1	10	178	0061000a	1
1	79	-1	0	178		0
1	10	-1	0	178		0
1	1	-1	0	178		0
1	245	-1	0	178		0
1	213	1	111	178		0
1	79	-1	0	178		0
1	111	-1	0	178		0
1	1	-1	0	178		0
1	245	-1	0	178		0
1	213	1	9	178		0
1	79	-1	0	178		0
1	9	-1	0	178		0
1	1	-1	0	178		0
1	245	-1	0	178		0
1	213	1	227	178		0
1	79	-1	0	178		0
1	227	-1	0	178		0
1	79	-1	0	178		0
1	39	-1	0	178		0
1	10	-1	0	178		0
1	1	-1	0	178		0
1	245	-1	0	178		0
1	212	1	79	178		0
1	79	-1	0	178		0
1	28	-1	0	178		0
1	79	-1	0	178		0
1	1	-1	0	178		0
1	245	-1	0	178		0
1	213	1	10	178	0062	1
1	79	-1	0	178		0
1	28	-1	0	178		0
1	10	-1	0	178		0
1	1	-1	0	178		0
1	245	-1	0	178		0
1	218	-1	0	178		0
1	212	1	79	178		0
1	79	-1	0	178		0
1	79	-1	0	178		0
1	1	-1	0	178		0
1	245	-1	0	178		0
1	214	-1	0	178		0
1	79	-1	0	178		0
1	1	-1	0	178		0
1	245	-1	0	178		0
1	213	1	229	178		0
1	79	-1	0	178		0
1	229	-1	0	178		0
1	15	-1	0	178		0
1	240	-1	0	178		0
1	79	-1	0	178		0
1	17	-1	0	178		0
1	1	-1	0	178		0
0	0	-1	0	179		0
1	245	-1	0	179		0
1	212	1	79	179	0062	1
1	79	-1	0	179		0
1	79	-1	0	179		0
1	1	-1	0	179		0
1	245	-1	0	179		0
1	213	1	10	179	0062	1
1	79	-1	0	179		0
1	10	-1	0	179		0
1	1	-1	0	179		0
1	245	-1	0	179		0
1	213	1	10	179		1
1	79	-1	0	179		0
1	10	-1	0	179		0
1	1	-1	0	179		0
1	245	-1	0	179		0
1	213	1	14	179		0
1	79	-1	0	179		0
1	14	-1	0	179		0
1	1	-1	0	179		0
1	245	-1	0	179		0
1	213	1	8	179		0
1	79	-1	0	179		0
1	8	-1	0	179		0
1	1	-1	0	179		0
1	245	-1	0	179		0
1	213	1	8	179		0
1	79	-1	0	179		0
1	8	-1	0	179		0
1	1	-1	0	179		0
1	245	-1	0	179		0
1	213	1	79	179	007600610072006900610062006c0065	1
1	79	-1	0	179		0
1	79	-1	0	179		0
1	1	-1	0	179		0
1	245	-1	0	179		0
1	213	1	79	179	007600610072006900610062006c0065	1
1	79	-1	0	179		0
1	218	-1	0	179		0
1	218	-1	0	179		0
1	79	-1	0	179		0
1	1	-1	0	179		0
1	245	-1	0	179		0
1	213	1	10	179	0062	1
1	79	-1	0	179		0
1	218	-1	0	179		0
1	218	-1	0	179		0
1	10	-1	0	179		0
1	1	-1	0	179		0
1	245	-1	0	179		0
1	213	1	8	179		0
1	79	-1	0	179		0
1	218	-1	0	179		0
1	218	-1	0	179		0
1	8	-1	0	179		0
1	1	-1	0	179		0
1	245	-1	0	179		0
1	212	1	80	179	00230070007200690076006100740065	1
1	79	-1	0	179		0
1	80	-1	0	179		0
1	1	-1	0	179		0
1	245	-1	0	179		0
1	213	1	80	179	00230070007200690076006100740065	1
1	79	-1	0	179		0
1	80	-1	0	179		0
1	1	-1	0	179		0
1	245	-1	0	179		0
1	213	1	10	179	d83dde00	1
1	79	-1	0	179		0
1	10	-1	0	179		0
1	1	-1	0	179		0
1	245	-1	0	179		0
1	213	1	10	179	00610062	1
1	79	-1	0	179		0
1	10	-1	0	179		0
1	1	-1	0	179		0
1	245	-1	0	179		0
1	213	1	10	179	0061000a	1
1	79	-1	0	179		0
1	10	-1	0	179		0
1	1	-1	0	179		0
1	245	-1	0	179		0
1	213	1	111	179		0
1	79	-1	0	179		0
1	111	-1	0	179		0
1	1	-1	0	179		0
1	245	-1	0	179		0
1	213	1	9	179		0
1	79	-1	0	179		0
1	9	-1	0	179		0
1	1	-1	0	179		0
1	245	-1	0	179		0
1	213	1	227	179		0
1	79	-1	0	179		0
1	227	-1	0	179		0
1	79	-1	0	179		0
1	39	-1	0	179		0
1	10	-1	0	179		0
1	1	-1	0	179		0
1	245	-1	0	179		0
1	212	1	79	179	0062	1
1	79	-1	0	179		0
1	28	-1	0	179		0
1	79	-1	0	179		0
1	1	-1	0	179		0
1	245	-1	0	179		0
1	213	1	10	179	0062	1
1	79	-1	0	179		0
1	28	-1	0	179		0
1	10	-1	0	179		0
1	1	-1	0	179		0
1	245	-1	0	179		0
1	218	-1	0	179		0
1	212	1	79	179	0062	1
1	79	-1	0	179		0
1	79	-1	0	179		0
1	1	-1	0	179		0
1	245	-1	0	179		0
1	214	-1	0	179		0
1	79	-1	0	179		0
1	1	-1	0	179		0
1	245	-1	0	179		0
1	213	1	229	179		0
1	79	-1	0	179		0
1	229	-1	0	179		0
1	15	-1	0	179		0
1	240	-1	0	179		0
1	79	-1	0	179		0
1	17	-1	0	179		0
1	1	-1	0	179		0
0	0	-1	0	180		0
1	245	-1	0	180		0
1	212	1	79	180		0
1	79	-1	0	180		0
1	79	-1	0	180		0
1	1	-1	0	180		0
1	245	-1	0	180		0
1	213	1	10	180		0
1	79	-1	0	180		0
1	10	-1	0	180		0
1	1	-1	0	180		0
1	245	-1	0	180		0
1	213	1	10	180		0
1	79	-1	0	180		0
1	10	-1	0	180		0
1	1	-1	0	180		0
1	245	-1	0	180		0
1	213	1	14	180	0062	1
1	79	-1	0	180		0
1	14	-1	0	180		0
1	1	-1	0	180		0
1	245	-1	0	180		0
1	213	1	8	180		0
1	79	-1	0	180		0
1	8	-1	0	180		0
1	1	-1	0	180		0
1	245	-1	0	180		0
1	213	1	8	180		0
1	79	-1	0	180		0
1	8	-1	0	180		0
1	1	-1	0	180		0
1	245	-1	0	180		0
1	213	1	79	180		0
1	79	-1	0	180		0
1	79	-1	0	180		0
1	1	-1	0	180		0
1	245	-1	0	180		0
1	213	1	79	180		0
1	79	-1	0	180		0
1	218	-1	0	180		0
1	218	-1	0	180		0
1	79	-1	0	180		0
1	1	-1	0	180		0
1	245	-1	0	180		0
1	213	1	10	180		0
1	79	-1	0	180		0
1	218	-1	0	180		0
1	218	-1	0	180		0
1	10	-1	0	180		0
1	1	-1	0	180		0
1	245	-1	0	180		0
1	213	1	8	180		0
1	79	-1	0	180		0
1	218	-1	0	180		0
1	218	-1	0	180		0
1	8	-1	0	180		0
1	1	-1	0	180		0
1	245	-1	0	180		0
1	212	1	80	180	00230070007200690076006100740065	1
1	79	-1	0	180		0
1	80	-1	0	180		0
1	1	-1	0	180		0
1	245	-1	0	180		0
1	213	1	80	180	00230070007200690076006100740065	1
1	79	-1	0	180		0
1	80	-1	0	180		0
1	1	-1	0	180		0
1	245	-1	0	180		0
1	213	1	10	180		0
1	79	-1	0	180		0
1	10	-1	0	180		0
1	1	-1	0	180		0
1	245	-1	0	180		0
1	213	1	10	180		0
1	79	-1	0	180		0
1	10	-1	0	180		0
1	1	-1	0	180		0
1	245	-1	0	180		0
1	213	1	10	180		0
1	79	-1	0	180		0
1	10	-1	0	180		0
1	1	-1	0	180		0
1	245	-1	0	180		0
1	213	1	111	180		0
1	79	-1	0	180		0
1	111	-1	0	180		0
1	1	-1	0	180		0
1	245	-1	0	180		0
1	213	1	9	180		0
1	79	-1	0	180		0
1	9	-1	0	180		0
1	1	-1	0	180		0
1	245	-1	0	180		0
1	213	1	227	180		0
1	79	-1	0	180		0
1	227	-1	0	180		0
1	79	-1	0	180		0
1	39	-1	0	180		0
1	10	-1	0	180		0
1	1	-1	0	180		0
1	245	-1	0	180		0
1	212	1	79	180		0
1	79	-1	0	180		0
1	28	-1	0	180		0
1	79	-1	0	180		0
1	1	-1	0	180		0
1	245	-1	0	180		0
1	213	1	10	180		0
1	79	-1	0	180		0
1	28	-1	0	180		0
1	10	-1	0	180		0
1	1	-1	0	180		0
1	245	-1	0	180		0
1	218	-1	0	180		0
1	212	1	79	180		0
1	79	-1	0	180		0
1	79	-1	0	180		0
1	1	-1	0	180		0
1	245	-1	0	180		0
1	214	-1	0	180		0
1	79	-1	0	180		0
1	1	-1	0	180		0
1	245	-1	0	180		0
1	213	1	229	180		0
1	79	-1	0	180		0
1	229	-1	0	180		0
1	15	-1	0	180		0
1	240	-1	0	180		0
1	79	-1	0	180		0
1	17	-1	0	180		0
1	1	-1	0	180		0
0	0	-1	0	181		0
1	245	-1	0	181		0
1	212	1	79	181	0062	1
1	79	-1	0	181		0
1	79	-1	0	181		0
1	1	-1	0	181		0
1	245	-1	0	181		0
1	213	1	10	181		0
1	79	-1	0	181		0
1	10	-1	0	181		0
1	1	-1	0	181		0
1	245	-1	0	181		0
1	213	1	10	181		0
1	79	-1	0	181		0
1	10	-1	0	181		0
1	1	-1	0	181		0
1	245	-1	0	181		0
1	213	1	14	181	0062	1
1	79	-1	0	181		0
1	14	-1	0	181		0
1	1	-1	0	181		0
1	245	-1	0	181		0
1	213	1	8	181		0
1	79	-1	0	181		0
1	8	-1	0	181		0
1	1	-1	0	181		0
1	245	-1	0	181		0
1	213	1	8	181		0
1	79	-1	0	181		0
1	8	-1	0	181		0
1	1	-1	0	181		0
1	245	-1	0	181		0
1	213	1	79	181	007600610072006900610062006c0065	1
1	79	-1	0	181		0
1	79	-1	0	181		0
1	1	-1	0	181		0
1	245	-1	0	181		0
1	213	1	79	181	007600610072006900610062006c0065	1
1	79	-1	0	181		0
1	218	-1	0	181		0
1	218	-1	0	181		0
1	79	-1	0	181		0
1	1	-1	0	181		0
1	245	-1	0	181		0
1	213	1	10	181		0
1	79	-1	0	181		0
1	218	-1	0	181		0
1	218	-1	0	181		0
1	10	-1	0	181		0
1	1	-1	0	181		0
1	245	-1	0	181		0
1	213	1	8	181		0
1	79	-1	0	181		0
1	218	-1	0	181		0
1	218	-1	0	181		0
1	8	-1	0	181		0
1	1	-1	0	181		0
1	245	-1	0	181		0
1	212	1	80	181	00230070007200690076006100740065	1
1	79	-1	0	181		0
1	80	-1	0	181		0
1	1	-1	0	181		0
1	245	-1	0	181		0
1	213	1	80	181	00230070007200690076006100740065	1
1	79	-1	0	181		0
1	80	-1	0	181		0
1	1	-1	0	181		0
1	245	-1	0	181		0
1	213	1	10	181		0
1	79	-1	0	181		0
1	10	-1	0	181		0
1	1	-1	0	181		0
1	245	-1	0	181		0
1	213	1	10	181		0
1	79	-1	0	181		0
1	10	-1	0	181		0
1	1	-1	0	181		0
1	245	-1	0	181		0
1	213	1	10	181		0
1	79	-1	0	181		0
1	10	-1	0	181		0
1	1	-1	0	181		0
1	245	-1	0	181		0
1	213	1	111	181		0
1	79	-1	0	181		0
1	111	-1	0	181		0
1	1	-1	0	181		0
1	245	-1	0	181		0
1	213	1	9	181		0
1	79	-1	0	181		0
1	9	-1	0	181		0
1	1	-1	0	181		0
1	245	-1	0	181		0
1	213	1	227	181		0
1	79	-1	0	181		0
1	227	-1	0	181		0
1	79	-1	0	181		0
1	39	-1	0	181		0
1	10	-1	0	181		0
1	1	-1	0	181		0
1	245	-1	0	181		0
1	212	1	79	181	0062	1
1	79	-1	0	181		0
1	28	-1	0	181		0
1	79	-1	0	181		0
1	1	-1	0	181		0
1	245	-1	0	181		0
1	213	1	10	181		0
1	79	-1	0	181		0
1	28	-1	0	181		0
1	10	-1	0	181		0
1	1	-1	0	181		0
1	245	-1	0	181		0
1	218	-1	0	181		0
1	212	1	79	181	0062	1
1	79	-1	0	181		0
1	79	-1	0	181		0
1	1	-1	0	181		0
1	245	-1	0	181		0
1	214	-1	0	181		0
1	79	-1	0	181		0
1	1	-1	0	181		0
1	245	-1	0	181		0
1	213	1	229	181		0
1	79	-1	0	181		0
1	229	-1	0	181		0
1	15	-1	0	181		0
1	240	-1	0	181		0
1	79	-1	0	181		0
1	17	-1	0	181		0
1	1	-1	0	181		0
0	0	-1	0	182		0
1	245	-1	0	182		0
1	212	1	79	182		0
1	79	-1	0	182		0
1	79	-1	0	182		0
1	1	-1	0	182		0
1	245	-1	0	182		0
1	213	1	10	182	0062	1
1	79	-1	0	182		0
1	10	-1	0	182		0
1	1	-1	0	182		0
1	245	-1	0	182		0
1	213	1	10	182		1
1	79	-1	0	182		0
1	10	-1	0	182		0
1	1	-1	0	182		0
1	245	-1	0	182		0
1	213	1	14	182	0062	1
1	79	-1	0	182		0
1	14	-1	0	182		0
1	1	-1	0	182		0
1	245	-1	0	182		0
1	213	1	8	182		0
1	79	-1	0	182		0
1	8	-1	0	182		0
1	1	-1	0	182		0
1	245	-1	0	182		0
1	213	1	8	182		0
1	79	-1	0	182		0
1	8	-1	0	182		0
1	1	-1	0	182		0
1	245	-1	0	182		0
1	213	1	79	182		0
1	79	-1	0	182		0
1	79	-1	0	182		0
1	1	-1	0	182		0
1	245	-1	0	182		0
1	213	1	79	182		0
1	79	-1	0	182		0
1	218	-1	0	182		0
1	218	-1	0	182		0
1	79	-1	0	182		0
1	1	-1	0	182		0
1	245	-1	0	182		0
1	213	1	10	182	0062	1
1	79	-1	0	182		0
1	218	-1	0	182		0
1	218	-1	0	182		0
1	10	-1	0	182		0
1	1	-1	0	182		0
1	245	-1	0	182		0
1	213	1	8	182		0
1	79	-1	0	182		0
1	218	-1	0	182		0
1	218	-1	0	182		0
1	8	-1	0	182		0
1	1	-1	0	182		0
1	245	-1	0	182		0
1	212	1	80	182	00230070007200690076006100740065	1
1	79	-1	0	182		0
1	80	-1	0	182		0
1	1	-1	0	182		0
1	245	-1	0	182		0
1	213	1	80	182	00230070007200690076006100740065	1
1	79	-1	0	182		0
1	80	-1	0	182		0
1	1	-1	0	182		0
1	245	-1	0	182		0
1	213	1	10	182	d83dde00	1
1	79	-1	0	182		0
1	10	-1	0	182		0
1	1	-1	0	182		0
1	245	-1	0	182		0
1	213	1	10	182	00610062	1
1	79	-1	0	182		0
1	10	-1	0	182		0
1	1	-1	0	182		0
1	245	-1	0	182		0
1	213	1	10	182	0061000a	1
1	79	-1	0	182		0
1	10	-1	0	182		0
1	1	-1	0	182		0
1	245	-1	0	182		0
1	213	1	111	182		0
1	79	-1	0	182		0
1	111	-1	0	182		0
1	1	-1	0	182		0
1	245	-1	0	182		0
1	213	1	9	182		0
1	79	-1	0	182		0
1	9	-1	0	182		0
1	1	-1	0	182		0
1	245	-1	0	182		0
1	213	1	227	182		0
1	79	-1	0	182		0
1	227	-1	0	182		0
1	79	-1	0	182		0
1	39	-1	0	182		0
1	10	-1	0	182		0
1	1	-1	0	182		0
1	245	-1	0	182		0
1	212	1	79	182		0
1	79	-1	0	182		0
1	28	-1	0	182		0
1	79	-1	0	182		0
1	1	-1	0	182		0
1	245	-1	0	182		0
1	213	1	10	182	0062	1
1	79	-1	0	182		0
1	28	-1	0	182		0
1	10	-1	0	182		0
1	1	-1	0	182		0
1	245	-1	0	182		0
1	218	-1	0	182		0
1	212	1	79	182		0
1	79	-1	0	182		0
1	79	-1	0	182		0
1	1	-1	0	182		0
1	245	-1	0	182		0
1	214	-1	0	182		0
1	79	-1	0	182		0
1	1	-1	0	182		0
1	245	-1	0	182		0
1	213	1	229	182		0
1	79	-1	0	182		0
1	229	-1	0	182		0
1	15	-1	0	182		0
1	240	-1	0	182		0
1	79	-1	0	182		0
1	17	-1	0	182		0
1	1	-1	0	182		0
0	0	-1	0	183		0
1	245	-1	0	183		0
1	212	1	79	183	0062	1
1	79	-1	0	183		0
1	79	-1	0	183		0
1	1	-1	0	183		0
1	245	-1	0	183		0
1	213	1	10	183	0062	1
1	79	-1	0	183		0
1	10	-1	0	183		0
1	1	-1	0	183		0
1	245	-1	0	183		0
1	213	1	10	183		1
1	79	-1	0	183		0
1	10	-1	0	183		0
1	1	-1	0	183		0
1	245	-1	0	183		0
1	213	1	14	183	0062	1
1	79	-1	0	183		0
1	14	-1	0	183		0
1	1	-1	0	183		0
1	245	-1	0	183		0
1	213	1	8	183		0
1	79	-1	0	183		0
1	8	-1	0	183		0
1	1	-1	0	183		0
1	245	-1	0	183		0
1	213	1	8	183		0
1	79	-1	0	183		0
1	8	-1	0	183		0
1	1	-1	0	183		0
1	245	-1	0	183		0
1	213	1	79	183	007600610072006900610062006c0065	1
1	79	-1	0	183		0
1	79	-1	0	183		0
1	1	-1	0	183		0
1	245	-1	0	183		0
1	213	1	79	183	007600610072006900610062006c0065	1
1	79	-1	0	183		0
1	218	-1	0	183		0
1	218	-1	0	183		0
1	79	-1	0	183		0
1	1	-1	0	183		0
1	245	-1	0	183		0
1	213	1	10	183	0062	1
1	79	-1	0	183		0
1	218	-1	0	183		0
1	218	-1	0	183		0
1	10	-1	0	183		0
1	1	-1	0	183		0
1	245	-1	0	183		0
1	213	1	8	183		0
1	79	-1	0	183		0
1	218	-1	0	183		0
1	218	-1	0	183		0
1	8	-1	0	183		0
1	1	-1	0	183		0
1	245	-1	0	183		0
1	212	1	80	183	00230070007200690076006100740065	1
1	79	-1	0	183		0
1	80	-1	0	183		0
1	1	-1	0	183		0
1	245	-1	0	183		0
1	213	1	80	183	00230070007200690076006100740065	1
1	79	-1	0	183		0
1	80	-1	0	183		0
1	1	-1	0	183		0
1	245	-1	0	183		0
1	213	1	10	183	d83dde00	1
1	79	-1	0	183		0
1	10	-1	0	183		0
1	1	-1	0	183		0
1	245	-1	0	183		0
1	213	1	10	183	00610062	1
1	79	-1	0	183		0
1	10	-1	0	183		0
1	1	-1	0	183		0
1	245	-1	0	183		0
1	213	1	10	183	0061000a	1
1	79	-1	0	183		0
1	10	-1	0	183		0
1	1	-1	0	183		0
1	245	-1	0	183		0
1	213	1	111	183		0
1	79	-1	0	183		0
1	111	-1	0	183		0
1	1	-1	0	183		0
1	245	-1	0	183		0
1	213	1	9	183		0
1	79	-1	0	183		0
1	9	-1	0	183		0
1	1	-1	0	183		0
1	245	-1	0	183		0
1	213	1	227	183		0
1	79	-1	0	183		0
1	227	-1	0	183		0
1	79	-1	0	183		0
1	39	-1	0	183		0
1	10	-1	0	183		0
1	1	-1	0	183		0
1	245	-1	0	183		0
1	212	1	79	183	0062	1
1	79	-1	0	183		0
1	28	-1	0	183		0
1	79	-1	0	183		0
1	1	-1	0	183		0
1	245	-1	0	183		0
1	213	1	10	183	0062	1
1	79	-1	0	183		0
1	28	-1	0	183		0
1	10	-1	0	183		0
1	1	-1	0	183		0
1	245	-1	0	183		0
1	218	-1	0	183		0
1	212	1	79	183	0062	1
1	79	-1	0	183		0
1	79	-1	0	183		0
1	1	-1	0	183		0
1	245	-1	0	183		0
1	214	-1	0	183		0
1	79	-1	0	183		0
1	1	-1	0	183		0
1	245	-1	0	183		0
1	213	1	229	183		0
1	79	-1	0	183		0
1	229	-1	0	183		0
1	15	-1	0	183		0
1	240	-1	0	183		0
1	79	-1	0	183		0
1	17	-1	0	183		0
1	1	-1	0	183		0
0	0	-1	0	184		0
1	245	-1	0	184		0
1	212	1	79	184		0
1	79	-1	0	184		0
1	79	-1	0	184		0
1	1	-1	0	184		0
1	245	-1	0	184		0
1	213	1	10	184		0
1	79	-1	0	184		0
1	10	-1	0	184		0
1	1	-1	0	184		0
1	245	-1	0	184		0
1	213	1	10	184		0
1	79	-1	0	184		0
1	10	-1	0	184		0
1	1	-1	0	184		0
1	245	-1	0	184		0
1	213	1	14	184		0
1	79	-1	0	184		0
1	14	-1	0	184		0
1	1	-1	0	184		0
1	245	-1	0	184		0
1	213	1	8	184	00310036	1
1	79	-1	0	184		0
1	8	-1	0	184		0
1	1	-1	0	184		0
1	245	-1	0	184		0
1	213	1	8	184	00310030	1
1	79	-1	0	184		0
1	8	-1	0	184		0
1	1	-1	0	184		0
1	245	-1	0	184		0
1	213	1	79	184		0
1	79	-1	0	184		0
1	79	-1	0	184		0
1	1	-1	0	184		0
1	245	-1	0	184		0
1	213	1	79	184		0
1	79	-1	0	184		0
1	218	-1	0	184		0
1	218	-1	0	184		0
1	79	-1	0	184		0
1	1	-1	0	184		0
1	245	-1	0	184		0
1	213	1	10	184		0
1	79	-1	0	184		0
1	218	-1	0	184		0
1	218	-1	0	184		0
1	10	-1	0	184		0
1	1	-1	0	184		0
1	245	-1	0	184		0
1	213	1	8	184	0030	1
1	79	-1	0	184		0
1	218	-1	0	184		0
1	218	-1	0	184		0
1	8	-1	0	184		0
1	1	-1	0	184		0
1	245	-1	0	184		0
1	212	1	80	184	00230070007200690076006100740065	1
1	79	-1	0	184		0
1	80	-1	0	184		0
1	1	-1	0	184		0
1	245	-1	0	184		0
1	213	1	80	184	00230070007200690076006100740065	1
1	79	-1	0	184		0
1	80	-1	0	184		0
1	1	-1	0	184		0
1	245	-1	0	184		0
1	213	1	10	184		0
1	79	-1	0	184		0
1	10	-1	0	184		0
1	1	-1	0	184		0
1	245	-1	0	184		0
1	213	1	10	184		0
1	79	-1	0	184		0
1	10	-1	0	184		0
1	1	-1	0	184		0
1	245	-1	0	184		0
1	213	1	10	184		0
1	79	-1	0	184		0
1	10	-1	0	184		0
1	1	-1	0	184		0
1	245	-1	0	184		0
1	213	1	111	184		0
1	79	-1	0	184		0
1	111	-1	0	184		0
1	1	-1	0	184		0
1	245	-1	0	184		0
1	213	1	9	184		0
1	79	-1	0	184		0
1	9	-1	0	184		0
1	1	-1	0	184		0
1	245	-1	0	184		0
1	213	1	227	184		0
1	79	-1	0	184		0
1	227	-1	0	184		0
1	79	-1	0	184		0
1	39	-1	0	184		0
1	10	-1	0	184		0
1	1	-1	0	184		0
1	245	-1	0	184		0
1	212	1	79	184		0
1	79	-1	0	184		0
1	28	-1	0	184		0
1	79	-1	0	184		0
1	1	-1	0	184		0
1	245	-1	0	184		0
1	213	1	10	184		0
1	79	-1	0	184		0
1	28	-1	0	184		0
1	10	-1	0	184		0
1	1	-1	0	184		0
1	245	-1	0	184		0
1	218	-1	0	184		0
1	212	1	79	184		0
1	79	-1	0	184		0
1	79	-1	0	184		0
1	1	-1	0	184		0
1	245	-1	0	184		0
1	214	-1	0	184		0
1	79	-1	0	184		0
1	1	-1	0	184		0
1	245	-1	0	184		0
1	213	1	229	184		0
1	79	-1	0	184		0
1	229	-1	0	184		0
1	15	-1	0	184		0
1	240	-1	0	184		0
1	79	-1	0	184		0
1	17	-1	0	184		0
1	1	-1	0	184		0
0	0	-1	0	185		0
1	245	-1	0	185		0
1	212	1	79	185	0062	1
1	79	-1	0	185		0
1	79	-1	0	185		0
1	1	-1	0	185		0
1	245	-1	0	185		0
1	213	1	10	185		0
1	79	-1	0	185		0
1	10	-1	0	185		0
1	1	-1	0	185		0
1	245	-1	0	185		0
1	213	1	10	185		0
1	79	-1	0	185		0
1	10	-1	0	185		0
1	1	-1	0	185		0
1	245	-1	0	185		0
1	213	1	14	185		0
1	79	-1	0	185		0
1	14	-1	0	185		0
1	1	-1	0	185		0
1	245	-1	0	185		0
1	213	1	8	185	00310036	1
1	79	-1	0	185		0
1	8	-1	0	185		0
1	1	-1	0	185		0
1	245	-1	0	185		0
1	213	1	8	185	00310030	1
1	79	-1	0	185		0
1	8	-1	0	185		0
1	1	-1	0	185		0
1	245	-1	0	185		0
1	213	1	79	185	007600610072006900610062006c0065	1
1	79	-1	0	185		0
1	79	-1	0	185		0
1	1	-1	0	185		0
1	245	-1	0	185		0
1	213	1	79	185	007600610072006900610062006c0065	1
1	79	-1	0	185		0
1	218	-1	0	185		0
1	218	-1	0	185		0
1	79	-1	0	185		0
1	1	-1	0	185		0
1	245	-1	0	185		0
1	213	1	10	185		0
1	79	-1	0	185		0
1	218	-1	0	185		0
1	218	-1	0	185		0
1	10	-1	0	185		0
1	1	-1	0	185		0
1	245	-1	0	185		0
1	213	1	8	185	0030	1
1	79	-1	0	185		0
1	218	-1	0	185		0
1	218	-1	0	185		0
1	8	-1	0	185		0
1	1	-1	0	185		0
1	245	-1	0	185		0
1	212	1	80	185	00230070007200690076006100740065	1
1	79	-1	0	185		0
1	80	-1	0	185		0
1	1	-1	0	185		0
1	245	-1	0	185		0
1	213	1	80	185	00230070007200690076006100740065	1
1	79	-1	0	185		0
1	80	-1	0	185		0
1	1	-1	0	185		0
1	245	-1	0	185		0
1	213	1	10	185		0
1	79	-1	0	185		0
1	10	-1	0	185		0
1	1	-1	0	185		0
1	245	-1	0	185		0
1	213	1	10	185		0
1	79	-1	0	185		0
1	10	-1	0	185		0
1	1	-1	0	185		0
1	245	-1	0	185		0
1	213	1	10	185		0
1	79	-1	0	185		0
1	10	-1	0	185		0
1	1	-1	0	185		0
1	245	-1	0	185		0
1	213	1	111	185		0
1	79	-1	0	185		0
1	111	-1	0	185		0
1	1	-1	0	185		0
1	245	-1	0	185		0
1	213	1	9	185		0
1	79	-1	0	185		0
1	9	-1	0	185		0
1	1	-1	0	185		0
1	245	-1	0	185		0
1	213	1	227	185		0
1	79	-1	0	185		0
1	227	-1	0	185		0
1	79	-1	0	185		0
1	39	-1	0	185		0
1	10	-1	0	185		0
1	1	-1	0	185		0
1	245	-1	0	185		0
1	212	1	79	185	0062	1
1	79	-1	0	185		0
1	28	-1	0	185		0
1	79	-1	0	185		0
1	1	-1	0	185		0
1	245	-1	0	185		0
1	213	1	10	185		0
1	79	-1	0	185		0
1	28	-1	0	185		0
1	10	-1	0	185		0
1	1	-1	0	185		0
1	245	-1	0	185		0
1	218	-1	0	185		0
1	212	1	79	185	0062	1
1	79	-1	0	185		0
1	79	-1	0	185		0
1	1	-1	0	185		0
1	245	-1	0	185		0
1	214	-1	0	185		0
1	79	-1	0	185		0
1	1	-1	0	185		0
1	245	-1	0	185		0
1	213	1	229	185		0
1	79	-1	0	185		0
1	229	-1	0	185		0
1	15	-1	0	185		0
1	240	-1	0	185		0
1	79	-1	0	185		0
1	17	-1	0	185		0
1	1	-1	0	185		0
0	0	-1	0	186		0
1	245	-1	0	186		0
1	212	1	79	186		0
1	79	-1	0	186		0
1	79	-1	0	186		0
1	1	-1	0	186		0
1	245	-1	0	186		0
1	213	1	10	186	0062	1
1	79	-1	0	186		0
1	10	-1	0	186		0
1	1	-1	0	186		0
1	245	-1	0	186		0
1	213	1	10	186		1
1	79	-1	0	186		0
1	10	-1	0	186		0
1	1	-1	0	186		0
1	245	-1	0	186		0
1	213	1	14	186		0
1	79	-1	0	186		0
1	14	-1	0	186		0
1	1	-1	0	186		0
1	245	-1	0	186		0
1	213	1	8	186	00310036	1
1	79	-1	0	186		0
1	8	-1	0	186		0
1	1	-1	0	186		0
1	245	-1	0	186		0
1	213	1	8	186	00310030	1
1	79	-1	0	186		0
1	8	-1	0	186		0
1	1	-1	0	186		0
1	245	-1	0	186		0
1	213	1	79	186		0
1	79	-1	0	186		0
1	79	-1	0	186		0
1	1	-1	0	186		0
1	245	-1	0	186		0
1	213	1	79	186		0
1	79	-1	0	186		0
1	218	-1	0	186		0
1	218	-1	0	186		0
1	79	-1	0	186		0
1	1	-1	0	186		0
1	245	-1	0	186		0
1	213	1	10	186	0062	1
1	79	-1	0	186		0
1	218	-1	0	186		0
1	218	-1	0	186		0
1	10	-1	0	186		0
1	1	-1	0	186		0
1	245	-1	0	186		0
1	213	1	8	186	0030	1
1	79	-1	0	186		0
1	218	-1	0	186		0
1	218	-1	0	186		0
1	8	-1	0	186		0
1	1	-1	0	186		0
1	245	-1	0	186		0
1	212	1	80	186	00230070007200690076006100740065	1
1	79	-1	0	186		0
1	80	-1	0	186		0
1	1	-1	0	186		0
1	245	-1	0	186		0
1	213	1	80	186	00230070007200690076006100740065	1
1	79	-1	0	186		0
1	80	-1	0	186		0
1	1	-1	0	186		0
1	245	-1	0	186		0
1	213	1	10	186	d83dde00	1
1	79	-1	0	186		0
1	10	-1	0	186		0
1	1	-1	0	186		0
1	245	-1	0	186		0
1	213	1	10	186	00610062	1
1	79	-1	0	186		0
1	10	-1	0	186		0
1	1	-1	0	186		0
1	245	-1	0	186		0
1	213	1	10	186	0061000a	1
1	79	-1	0	186		0
1	10	-1	0	186		0
1	1	-1	0	186		0
1	245	-1	0	186		0
1	213	1	111	186		0
1	79	-1	0	186		0
1	111	-1	0	186		0
1	1	-1	0	186		0
1	245	-1	0	186		0
1	213	1	9	186		0
1	79	-1	0	186		0
1	9	-1	0	186		0
1	1	-1	0	186		0
1	245	-1	0	186		0
1	213	1	227	186		0
1	79	-1	0	186		0
1	227	-1	0	186		0
1	79	-1	0	186		0
1	39	-1	0	186		0
1	10	-1	0	186		0
1	1	-1	0	186		0
1	245	-1	0	186		0
1	212	1	79	186		0
1	79	-1	0	186		0
1	28	-1	0	186		0
1	79	-1	0	186		0
1	1	-1	0	186		0
1	245	-1	0	186		0
1	213	1	10	186	0062	1
1	79	-1	0	186		0
1	28	-1	0	186		0
1	10	-1	0	186		0
1	1	-1	0	186		0
1	245	-1	0	186		0
1	218	-1	0	186		0
1	212	1	79	186		0
1	79	-1	0	186		0
1	79	-1	0	186		0
1	1	-1	0	186		0
1	245	-1	0	186		0
1	214	-1	0	186		0
1	79	-1	0	186		0
1	1	-1	0	186		0
1	245	-1	0	186		0
1	213	1	229	186		0
1	79	-1	0	186		0
1	229	-1	0	186		0
1	15	-1	0	186		0
1	240	-1	0	186		0
1	79	-1	0	186		0
1	17	-1	0	186		0
1	1	-1	0	186		0
0	0	-1	0	187		0
1	245	-1	0	187		0
1	212	1	79	187	0062	1
1	79	-1	0	187		0
1	79	-1	0	187		0
1	1	-1	0	187		0
1	245	-1	0	187		0
1	213	1	10	187	0062	1
1	79	-1	0	187		0
1	10	-1	0	187		0
1	1	-1	0	187		0
1	245	-1	0	187		0
1	213	1	10	187		1
1	79	-1	0	187		0
1	10	-1	0	187		0
1	1	-1	0	187		0
1	245	-1	0	187		0
1	213	1	14	187		0
1	79	-1	0	187		0
1	14	-1	0	187		0
1	1	-1	0	187		0
1	245	-1	0	187		0
1	213	1	8	187	00310036	1
1	79	-1	0	187		0
1	8	-1	0	187		0
1	1	-1	0	187		0
1	245	-1	0	187		0
1	213	1	8	187	00310030	1
1	79	-1	0	187		0
1	8	-1	0	187		0
1	1	-1	0	187		0
1	245	-1	0	187		0
1	213	1	79	187	007600610072006900610062006c0065	1
1	79	-1	0	187		0
1	79	-1	0	187		0
1	1	-1	0	187		0
1	245	-1	0	187		0
1	213	1	79	187	007600610072006900610062006c0065	1
1	79	-1	0	187		0
1	218	-1	0	187		0
1	218	-1	0	187		0
1	79	-1	0	187		0
1	1	-1	0	187		0
1	245	-1	0	187		0
1	213	1	10	187	0062	1
1	79	-1	0	187		0
1	218	-1	0	187		0
1	218	-1	0	187		0
1	10	-1	0	187		0
1	1	-1	0	187		0
1	245	-1	0	187		0
1	213	1	8	187	0030	1
1	79	-1	0	187		0
1	218	-1	0	187		0
1	218	-1	0	187		0
1	8	-1	0	187		0
1	1	-1	0	187		0
1	245	-1	0	187		0
1	212	1	80	187	00230070007200690076006100740065	1
1	79	-1	0	187		0
1	80	-1	0	187		0
1	1	-1	0	187		0
1	245	-1	0	187		0
1	213	1	80	187	00230070007200690076006100740065	1
1	79	-1	0	187		0
1	80	-1	0	187		0
1	1	-1	0	187		0
1	245	-1	0	187		0
1	213	1	10	187	d83dde00	1
1	79	-1	0	187		0
1	10	-1	0	187		0
1	1	-1	0	187		0
1	245	-1	0	187		0
1	213	1	10	187	00610062	1
1	79	-1	0	187		0
1	10	-1	0	187		0
1	1	-1	0	187		0
1	245	-1	0	187		0
1	213	1	10	187	0061000a	1
1	79	-1	0	187		0
1	10	-1	0	187		0
1	1	-1	0	187		0
1	245	-1	0	187		0
1	213	1	111	187		0
1	79	-1	0	187		0
1	111	-1	0	187		0
1	1	-1	0	187		0
1	245	-1	0	187		0
1	213	1	9	187		0
1	79	-1	0	187		0
1	9	-1	0	187		0
1	1	-1	0	187		0
1	245	-1	0	187		0
1	213	1	227	187		0
1	79	-1	0	187		0
1	227	-1	0	187		0
1	79	-1	0	187		0
1	39	-1	0	187		0
1	10	-1	0	187		0
1	1	-1	0	187		0
1	245	-1	0	187		0
1	212	1	79	187	0062	1
1	79	-1	0	187		0
1	28	-1	0	187		0
1	79	-1	0	187		0
1	1	-1	0	187		0
1	245	-1	0	187		0
1	213	1	10	187	0062	1
1	79	-1	0	187		0
1	28	-1	0	187		0
1	10	-1	0	187		0
1	1	-1	0	187		0
1	245	-1	0	187		0
1	218	-1	0	187		0
1	212	1	79	187	0062	1
1	79	-1	0	187		0
1	79	-1	0	187		0
1	1	-1	0	187		0
1	245	-1	0	187		0
1	214	-1	0	187		0
1	79	-1	0	187		0
1	1	-1	0	187		0
1	245	-1	0	187		0
1	213	1	229	187		0
1	79	-1	0	187		0
1	229	-1	0	187		0
1	15	-1	0	187		0
1	240	-1	0	187		0
1	79	-1	0	187		0
1	17	-1	0	187		0
1	1	-1	0	187		0
0	0	-1	0	188		0
1	245	-1	0	188		0
1	212	1	79	188		0
1	79	-1	0	188		0
1	79	-1	0	188		0
1	1	-1	0	188		0
1	245	-1	0	188		0
1	213	1	10	188		0
1	79	-1	0	188		0
1	10	-1	0	188		0
1	1	-1	0	188		0
1	245	-1	0	188		0
1	213	1	10	188		0
1	79	-1	0	188		0
1	10	-1	0	188		0
1	1	-1	0	188		0
1	245	-1	0	188		0
1	213	1	14	188	0062	1
1	79	-1	0	188		0
1	14	-1	0	188		0
1	1	-1	0	188		0
1	245	-1	0	188		0
1	213	1	8	188	00310036	1
1	79	-1	0	188		0
1	8	-1	0	188		0
1	1	-1	0	188		0
1	245	-1	0	188		0
1	213	1	8	188	00310030	1
1	79	-1	0	188		0
1	8	-1	0	188		0
1	1	-1	0	188		0
1	245	-1	0	188		0
1	213	1	79	188		0
1	79	-1	0	188		0
1	79	-1	0	188		0
1	1	-1	0	188		0
1	245	-1	0	188		0
1	213	1	79	188		0
1	79	-1	0	188		0
1	218	-1	0	188		0
1	218	-1	0	188		0
1	79	-1	0	188		0
1	1	-1	0	188		0
1	245	-1	0	188		0
1	213	1	10	188		0
1	79	-1	0	188		0
1	218	-1	0	188		0
1	218	-1	0	188		0
1	10	-1	0	188		0
1	1	-1	0	188		0
1	245	-1	0	188		0
1	213	1	8	188	0030	1
1	79	-1	0	188		0
1	218	-1	0	188		0
1	218	-1	0	188		0
1	8	-1	0	188		0
1	1	-1	0	188		0
1	245	-1	0	188		0
1	212	1	80	188	00230070007200690076006100740065	1
1	79	-1	0	188		0
1	80	-1	0	188		0
1	1	-1	0	188		0
1	245	-1	0	188		0
1	213	1	80	188	00230070007200690076006100740065	1
1	79	-1	0	188		0
1	80	-1	0	188		0
1	1	-1	0	188		0
1	245	-1	0	188		0
1	213	1	10	188		0
1	79	-1	0	188		0
1	10	-1	0	188		0
1	1	-1	0	188		0
1	245	-1	0	188		0
1	213	1	10	188		0
1	79	-1	0	188		0
1	10	-1	0	188		0
1	1	-1	0	188		0
1	245	-1	0	188		0
1	213	1	10	188		0
1	79	-1	0	188		0
1	10	-1	0	188		0
1	1	-1	0	188		0
1	245	-1	0	188		0
1	213	1	111	188		0
1	79	-1	0	188		0
1	111	-1	0	188		0
1	1	-1	0	188		0
1	245	-1	0	188		0
1	213	1	9	188		0
1	79	-1	0	188		0
1	9	-1	0	188		0
1	1	-1	0	188		0
1	245	-1	0	188		0
1	213	1	227	188		0
1	79	-1	0	188		0
1	227	-1	0	188		0
1	79	-1	0	188		0
1	39	-1	0	188		0
1	10	-1	0	188		0
1	1	-1	0	188		0
1	245	-1	0	188		0
1	212	1	79	188		0
1	79	-1	0	188		0
1	28	-1	0	188		0
1	79	-1	0	188		0
1	1	-1	0	188		0
1	245	-1	0	188		0
1	213	1	10	188		0
1	79	-1	0	188		0
1	28	-1	0	188		0
1	10	-1	0	188		0
1	1	-1	0	188		0
1	245	-1	0	188		0
1	218	-1	0	188		0
1	212	1	79	188		0
1	79	-1	0	188		0
1	79	-1	0	188		0
1	1	-1	0	188		0
1	245	-1	0	188		0
1	214	-1	0	188		0
1	79	-1	0	188		0
1	1	-1	0	188		0
1	245	-1	0	188		0
1	213	1	229	188		0
1	79	-1	0	188		0
1	229	-1	0	188		0
1	15	-1	0	188		0
1	240	-1	0	188		0
1	79	-1	0	188		0
1	17	-1	0	188		0
1	1	-1	0	188		0
0	0	-1	0	189		0
1	245	-1	0	189		0
1	212	1	79	189	0062	1
1	79	-1	0	189		0
1	79	-1	0	189		0
1	1	-1	0	189		0
1	245	-1	0	189		0
1	213	1	10	189		0
1	79	-1	0	189		0
1	10	-1	0	189		0
1	1	-1	0	189		0
1	245	-1	0	189		0
1	213	1	10	189		0
1	79	-1	0	189		0
1	10	-1	0	189		0
1	1	-1	0	189		0
1	245	-1	0	189		0
1	213	1	14	189	0062	1
1	79	-1	0	189		0
1	14	-1	0	189		0
1	1	-1	0	189		0
1	245	-1	0	189		0
1	213	1	8	189	00310036	1
1	79	-1	0	189		0
1	8	-1	0	189		0
1	1	-1	0	189		0
1	245	-1	0	189		0
1	213	1	8	189	00310030	1
1	79	-1	0	189		0
1	8	-1	0	189		0
1	1	-1	0	189		0
1	245	-1	0	189		0
1	213	1	79	189	007600610072006900610062006c0065	1
1	79	-1	0	189		0
1	79	-1	0	189		0
1	1	-1	0	189		0
1	245	-1	0	189		0
1	213	1	79	189	007600610072006900610062006c0065	1
1	79	-1	0	189		0
1	218	-1	0	189		0
1	218	-1	0	189		0
1	79	-1	0	189		0
1	1	-1	0	189		0
1	245	-1	0	189		0
1	213	1	10	189		0
1	79	-1	0	189		0
1	218	-1	0	189		0
1	218	-1	0	189		0
1	10	-1	0	189		0
1	1	-1	0	189		0
1	245	-1	0	189		0
1	213	1	8	189	0030	1
1	79	-1	0	189		0
1	218	-1	0	189		0
1	218	-1	0	189		0
1	8	-1	0	189		0
1	1	-1	0	189		0
1	245	-1	0	189		0
1	212	1	80	189	00230070007200690076006100740065	1
1	79	-1	0	189		0
1	80	-1	0	189		0
1	1	-1	0	189		0
1	245	-1	0	189		0
1	213	1	80	189	00230070007200690076006100740065	1
1	79	-1	0	189		0
1	80	-1	0	189		0
1	1	-1	0	189		0
1	245	-1	0	189		0
1	213	1	10	189		0
1	79	-1	0	189		0
1	10	-1	0	189		0
1	1	-1	0	189		0
1	245	-1	0	189		0
1	213	1	10	189		0
1	79	-1	0	189		0
1	10	-1	0	189		0
1	1	-1	0	189		0
1	245	-1	0	189		0
1	213	1	10	189		0
1	79	-1	0	189		0
1	10	-1	0	189		0
1	1	-1	0	189		0
1	245	-1	0	189		0
1	213	1	111	189		0
1	79	-1	0	189		0
1	111	-1	0	189		0
1	1	-1	0	189		0
1	245	-1	0	189		0
1	213	1	9	189		0
1	79	-1	0	189		0
1	9	-1	0	189		0
1	1	-1	0	189		0
1	245	-1	0	189		0
1	213	1	227	189		0
1	79	-1	0	189		0
1	227	-1	0	189		0
1	79	-1	0	189		0
1	39	-1	0	189		0
1	10	-1	0	189		0
1	1	-1	0	189		0
1	245	-1	0	189		0
1	212	1	79	189	0062	1
1	79	-1	0	189		0
1	28	-1	0	189		0
1	79	-1	0	189		0
1	1	-1	0	189		0
1	245	-1	0	189		0
1	213	1	10	189		0
1	79	-1	0	189		0
1	28	-1	0	189		0
1	10	-1	0	189		0
1	1	-1	0	189		0
1	245	-1	0	189		0
1	218	-1	0	189		0
1	212	1	79	189	0062	1
1	79	-1	0	189		0
1	79	-1	0	189		0
1	1	-1	0	189		0
1	245	-1	0	189		0
1	214	-1	0	189		0
1	79	-1	0	189		0
1	1	-1	0	189		0
1	245	-1	0	189		0
1	213	1	229	189		0
1	79	-1	0	189		0
1	229	-1	0	189		0
1	15	-1	0	189		0
1	240	-1	0	189		0
1	79	-1	0	189		0
1	17	-1	0	189		0
1	1	-1	0	189		0
0	0	-1	0	190		0
1	245	-1	0	190		0
1	212	1	79	190		0
1	79	-1	0	190		0
1	79	-1	0	190		0
1	1	-1	0	190		0
1	245	-1	0	190		0
1	213	1	10	190	0062	1
1	79	-1	0	190		0
1	10	-1	0	190		0
1	1	-1	0	190		0
1	245	-1	0	190		0
1	213	1	10	190		1
1	79	-1	0	190		0
1	10	-1	0	190		0
1	1	-1	0	190		0
1	245	-1	0	190		0
1	213	1	14	190	0062	1
1	79	-1	0	190		0
1	14	-1	0	190		0
1	1	-1	0	190		0
1	245	-1	0	190		0
1	213	1	8	190	00310036	1
1	79	-1	0	190		0
1	8	-1	0	190		0
1	1	-1	0	190		0
1	245	-1	0	190		0
1	213	1	8	190	00310030	1
1	79	-1	0	190		0
1	8	-1	0	190		0
1	1	-1	0	190		0
1	245	-1	0	190		0
1	213	1	79	190		0
1	79	-1	0	190		0
1	79	-1	0	190		0
1	1	-1	0	190		0
1	245	-1	0	190		0
1	213	1	79	190		0
1	79	-1	0	190		0
1	218	-1	0	190		0
1	218	-1	0	190		0
1	79	-1	0	190		0
1	1	-1	0	190		0
1	245	-1	0	190		0
1	213	1	10	190	0062	1
1	79	-1	0	190		0
1	218	-1	0	190		0
1	218	-1	0	190		0
1	10	-1	0	190		0
1	1	-1	0	190		0
1	245	-1	0	190		0
1	213	1	8	190	0030	1
1	79	-1	0	190		0
1	218	-1	0	190		0
1	218	-1	0	190		0
1	8	-1	0	190		0
1	1	-1	0	190		0
1	245	-1	0	190		0
1	212	1	80	190	00230070007200690076006100740065	1
1	79	-1	0	190		0
1	80	-1	0	190		0
1	1	-1	0	190		0
1	245	-1	0	190		0
1	213	1	80	190	00230070007200690076006100740065	1
1	79	-1	0	190		0
1	80	-1	0	190		0
1	1	-1	0	190		0
1	245	-1	0	190		0
1	213	1	10	190	d83dde00	1
1	79	-1	0	190		0
1	10	-1	0	190		0
1	1	-1	0	190		0
1	245	-1	0	190		0
1	213	1	10	190	00610062	1
1	79	-1	0	190		0
1	10	-1	0	190		0
1	1	-1	0	190		0
1	245	-1	0	190		0
1	213	1	10	190	0061000a	1
1	79	-1	0	190		0
1	10	-1	0	190		0
1	1	-1	0	190		0
1	245	-1	0	190		0
1	213	1	111	190		0
1	79	-1	0	190		0
1	111	-1	0	190		0
1	1	-1	0	190		0
1	245	-1	0	190		0
1	213	1	9	190		0
1	79	-1	0	190		0
1	9	-1	0	190		0
1	1	-1	0	190		0
1	245	-1	0	190		0
1	213	1	227	190		0
1	79	-1	0	190		0
1	227	-1	0	190		0
1	79	-1	0	190		0
1	39	-1	0	190		0
1	10	-1	0	190		0
1	1	-1	0	190		0
1	245	-1	0	190		0
1	212	1	79	190		0
1	79	-1	0	190		0
1	28	-1	0	190		0
1	79	-1	0	190		0
1	1	-1	0	190		0
1	245	-1	0	190		0
1	213	1	10	190	0062	1
1	79	-1	0	190		0
1	28	-1	0	190		0
1	10	-1	0	190		0
1	1	-1	0	190		0
1	245	-1	0	190		0
1	218	-1	0	190		0
1	212	1	79	190		0
1	79	-1	0	190		0
1	79	-1	0	190		0
1	1	-1	0	190		0
1	245	-1	0	190		0
1	214	-1	0	190		0
1	79	-1	0	190		0
1	1	-1	0	190		0
1	245	-1	0	190		0
1	213	1	229	190		0
1	79	-1	0	190		0
1	229	-1	0	190		0
1	15	-1	0	190		0
1	240	-1	0	190		0
1	79	-1	0	190		0
1	17	-1	0	190		0
1	1	-1	0	190		0
0	0	-1	0	191		0
1	245	-1	0	191		0
1	212	1	79	191	0062	1
1	79	-1	0	191		0
1	79	-1	0	191		0
1	1	-1	0	191		0
1	245	-1	0	191		0
1	213	1	10	191	0062	1
1	79	-1	0	191		0
1	10	-1	0	191		0
1	1	-1	0	191		0
1	245	-1	0	191		0
1	213	1	10	191		1
1	79	-1	0	191		0
1	10	-1	0	191		0
1	1	-1	0	191		0
1	245	-1	0	191		0
1	213	1	14	191	0062	1
1	79	-1	0	191		0
1	14	-1	0	191		0
1	1	-1	0	191		0
1	245	-1	0	191		0
1	213	1	8	191	00310036	1
1	79	-1	0	191		0
1	8	-1	0	191		0
1	1	-1	0	191		0
1	245	-1	0	191		0
1	213	1	8	191	00310030	1
1	79	-1	0	191		0
1	8	-1	0	191		0
1	1	-1	0	191		0
1	245	-1	0	191		0
1	213	1	79	191	007600610072006900610062006c0065	1
1	79	-1	0	191		0
1	79	-1	0	191		0
1	1	-1	0	191		0
1	245	-1	0	191		0
1	213	1	79	191	007600610072006900610062006c0065	1
1	79	-1	0	191		0
1	218	-1	0	191		0
1	218	-1	0	191		0
1	79	-1	0	191		0
1	1	-1	0	191		0
1	245	-1	0	191		0
1	213	1	10	191	0062	1
1	79	-1	0	191		0
1	218	-1	0	191		0
1	218	-1	0	191		0
1	10	-1	0	191		0
1	1	-1	0	191		0
1	245	-1	0	191		0
1	213	1	8	191	0030	1
1	79	-1	0	191		0
1	218	-1	0	191		0
1	218	-1	0	191		0
1	8	-1	0	191		0
1	1	-1	0	191		0
1	245	-1	0	191		0
1	212	1	80	191	00230070007200690076006100740065	1
1	79	-1	0	191		0
1	80	-1	0	191		0
1	1	-1	0	191		0
1	245	-1	0	191		0
1	213	1	80	191	00230070007200690076006100740065	1
1	79	-1	0	191		0
1	80	-1	0	191		0
1	1	-1	0	191		0
1	245	-1	0	191		0
1	213	1	10	191	d83dde00	1
1	79	-1	0	191		0
1	10	-1	0	191		0
1	1	-1	0	191		0
1	245	-1	0	191		0
1	213	1	10	191	00610062	1
1	79	-1	0	191		0
1	10	-1	0	191		0
1	1	-1	0	191		0
1	245	-1	0	191		0
1	213	1	10	191	0061000a	1
1	79	-1	0	191		0
1	10	-1	0	191		0
1	1	-1	0	191		0
1	245	-1	0	191		0
1	213	1	111	191		0
1	79	-1	0	191		0
1	111	-1	0	191		0
1	1	-1	0	191		0
1	245	-1	0	191		0
1	213	1	9	191		0
1	79	-1	0	191		0
1	9	-1	0	191		0
1	1	-1	0	191		0
1	245	-1	0	191		0
1	213	1	227	191		0
1	79	-1	0	191		0
1	227	-1	0	191		0
1	79	-1	0	191		0
1	39	-1	0	191		0
1	10	-1	0	191		0
1	1	-1	0	191		0
1	245	-1	0	191		0
1	212	1	79	191	0062	1
1	79	-1	0	191		0
1	28	-1	0	191		0
1	79	-1	0	191		0
1	1	-1	0	191		0
1	245	-1	0	191		0
1	213	1	10	191	0062	1
1	79	-1	0	191		0
1	28	-1	0	191		0
1	10	-1	0	191		0
1	1	-1	0	191		0
1	245	-1	0	191		0
1	218	-1	0	191		0
1	212	1	79	191	0062	1
1	79	-1	0	191		0
1	79	-1	0	191		0
1	1	-1	0	191		0
1	245	-1	0	191		0
1	214	-1	0	191		0
1	79	-1	0	191		0
1	1	-1	0	191		0
1	245	-1	0	191		0
1	213	1	229	191		0
1	79	-1	0	191		0
1	229	-1	0	191		0
1	15	-1	0	191		0
1	240	-1	0	191		0
1	79	-1	0	191		0
1	17	-1	0	191		0
1	1	-1	0	191		0
0	0	-1	0	192		0
1	245	-1	0	192		0
1	212	1	79	192		0
1	79	-1	0	192		0
1	79	-1	0	192		0
1	1	-1	0	192		0
1	245	-1	0	192		0
1	213	1	10	192		0
1	79	-1	0	192		0
1	10	-1	0	192		0
1	1	-1	0	192		0
1	245	-1	0	192		0
1	213	1	10	192		0
1	79	-1	0	192		0
1	10	-1	0	192		0
1	1	-1	0	192		0
1	245	-1	0	192		0
1	213	1	14	192		0
1	79	-1	0	192		0
1	14	-1	0	192		0
1	1	-1	0	192		0
1	245	-1	0	192		0
1	213	1	8	192		0
1	79	-1	0	192		0
1	8	-1	0	192		0
1	1	-1	0	192		0
1	245	-1	0	192		0
1	213	1	8	192		0
1	79	-1	0	192		0
1	8	-1	0	192		0
1	1	-1	0	192		0
1	245	-1	0	192		0
1	213	1	79	192		0
1	79	-1	0	192		0
1	79	-1	0	192		0
1	1	-1	0	192		0
1	245	-1	0	192		0
1	213	1	79	192		0
1	79	-1	0	192		0
1	218	-1	0	192		0
1	218	-1	0	192		0
1	79	-1	0	192		0
1	1	-1	0	192		0
1	245	-1	0	192		0
1	213	1	10	192		0
1	79	-1	0	192		0
1	218	-1	0	192		0
1	218	-1	0	192		0
1	10	-1	0	192		0
1	1	-1	0	192		0
1	245	-1	0	192		0
1	213	1	8	192		0
1	79	-1	0	192		0
1	218	-1	0	192		0
1	218	-1	0	192		0
1	8	-1	0	192		0
1	1	-1	0	192		0
1	245	-1	0	192		0
1	212	1	80	192		0
1	79	-1	0	192		0
1	80	-1	0	192		0
1	1	-1	0	192		0
1	245	-1	0	192		0
1	213	1	80	192		0
1	79	-1	0	192		0
1	80	-1	0	192		0
1	1	-1	0	192		0
1	245	-1	0	192		0
1	213	1	10	192		0
1	79	-1	0	192		0
1	10	-1	0	192		0
1	1	-1	0	192		0
1	245	-1	0	192		0
1	213	1	10	192		0
1	79	-1	0	192		0
1	10	-1	0	192		0
1	1	-1	0	192		0
1	245	-1	0	192		0
1	213	1	10	192		0
1	79	-1	0	192		0
1	10	-1	0	192		0
1	1	-1	0	192		0
1	245	-1	0	192		0
1	213	1	111	192		0
1	79	-1	0	192		0
1	111	-1	0	192		0
1	1	-1	0	192		0
1	245	-1	0	192		0
1	213	1	9	192		0
1	79	-1	0	192		0
1	9	-1	0	192		0
1	1	-1	0	192		0
1	245	-1	0	192		0
1	213	1	227	192		0
1	79	-1	0	192		0
1	227	-1	0	192		0
1	79	-1	0	192		0
1	39	-1	0	192		0
1	10	-1	0	192		0
1	1	-1	0	192		0
1	245	-1	0	192		0
1	212	1	79	192		0
1	79	-1	0	192		0
1	28	-1	0	192		0
1	79	-1	0	192		0
1	1	-1	0	192		0
1	245	-1	0	192		0
1	213	1	10	192		0
1	79	-1	0	192		0
1	28	-1	0	192		0
1	10	-1	0	192		0
1	1	-1	0	192		0
1	245	-1	0	192		0
1	218	-1	0	192		0
1	212	1	79	192		0
1	79	-1	0	192		0
1	79	-1	0	192		0
1	1	-1	0	192		0
1	245	-1	0	192		0
1	214	-1	0	192		0
1	79	-1	0	192		0
1	1	-1	0	192		0
1	245	-1	0	192		0
1	213	1	229	192		0
1	79	-1	0	192		0
1	229	-1	0	192		0
1	15	-1	0	192		0
1	240	-1	0	192		0
1	79	-1	0	192		0
1	17	-1	0	192		0
1	1	-1	0	192		0
0	0	-1	0	193		0
1	245	-1	0	193		0
1	212	1	79	193	0062	1
1	79	-1	0	193		0
1	79	-1	0	193		0
1	1	-1	0	193		0
1	245	-1	0	193		0
1	213	1	10	193		0
1	79	-1	0	193		0
1	10	-1	0	193		0
1	1	-1	0	193		0
1	245	-1	0	193		0
1	213	1	10	193		0
1	79	-1	0	193		0
1	10	-1	0	193		0
1	1	-1	0	193		0
1	245	-1	0	193		0
1	213	1	14	193		0
1	79	-1	0	193		0
1	14	-1	0	193		0
1	1	-1	0	193		0
1	245	-1	0	193		0
1	213	1	8	193		0
1	79	-1	0	193		0
1	8	-1	0	193		0
1	1	-1	0	193		0
1	245	-1	0	193		0
1	213	1	8	193		0
1	79	-1	0	193		0
1	8	-1	0	193		0
1	1	-1	0	193		0
1	245	-1	0	193		0
1	213	1	79	193	007600610072006900610062006c0065	1
1	79	-1	0	193		0
1	79	-1	0	193		0
1	1	-1	0	193		0
1	245	-1	0	193		0
1	213	1	79	193	007600610072006900610062006c0065	1
1	79	-1	0	193		0
1	218	-1	0	193		0
1	218	-1	0	193		0
1	79	-1	0	193		0
1	1	-1	0	193		0
1	245	-1	0	193		0
1	213	1	10	193		0
1	79	-1	0	193		0
1	218	-1	0	193		0
1	218	-1	0	193		0
1	10	-1	0	193		0
1	1	-1	0	193		0
1	245	-1	0	193		0
1	213	1	8	193		0
1	79	-1	0	193		0
1	218	-1	0	193		0
1	218	-1	0	193		0
1	8	-1	0	193		0
1	1	-1	0	193		0
1	245	-1	0	193		0
1	212	1	80	193		0
1	79	-1	0	193		0
1	80	-1	0	193		0
1	1	-1	0	193		0
1	245	-1	0	193		0
1	213	1	80	193		0
1	79	-1	0	193		0
1	80	-1	0	193		0
1	1	-1	0	193		0
1	245	-1	0	193		0
1	213	1	10	193		0
1	79	-1	0	193		0
1	10	-1	0	193		0
1	1	-1	0	193		0
1	245	-1	0	193		0
1	213	1	10	193		0
1	79	-1	0	193		0
1	10	-1	0	193		0
1	1	-1	0	193		0
1	245	-1	0	193		0
1	213	1	10	193		0
1	79	-1	0	193		0
1	10	-1	0	193		0
1	1	-1	0	193		0
1	245	-1	0	193		0
1	213	1	111	193		0
1	79	-1	0	193		0
1	111	-1	0	193		0
1	1	-1	0	193		0
1	245	-1	0	193		0
1	213	1	9	193		0
1	79	-1	0	193		0
1	9	-1	0	193		0
1	1	-1	0	193		0
1	245	-1	0	193		0
1	213	1	227	193		0
1	79	-1	0	193		0
1	227	-1	0	193		0
1	79	-1	0	193		0
1	39	-1	0	193		0
1	10	-1	0	193		0
1	1	-1	0	193		0
1	245	-1	0	193		0
1	212	1	79	193	0062	1
1	79	-1	0	193		0
1	28	-1	0	193		0
1	79	-1	0	193		0
1	1	-1	0	193		0
1	245	-1	0	193		0
1	213	1	10	193		0
1	79	-1	0	193		0
1	28	-1	0	193		0
1	10	-1	0	193		0
1	1	-1	0	193		0
1	245	-1	0	193		0
1	218	-1	0	193		0
1	212	1	79	193	0062	1
1	79	-1	0	193		0
1	79	-1	0	193		0
1	1	-1	0	193		0
1	245	-1	0	193		0
1	214	-1	0	193		0
1	79	-1	0	193		0
1	1	-1	0	193		0
1	245	-1	0	193		0
1	213	1	229	193		0
1	79	-1	0	193		0
1	229	-1	0	193		0
1	15	-1	0	193		0
1	240	-1	0	193		0
1	79	-1	0	193		0
1	17	-1	0	193		0
1	1	-1	0	193		0
0	0	-1	0	194		0
1	245	-1	0	194		0
1	212	1	79	194		0
1	79	-1	0	194		0
1	79	-1	0	194		0
1	1	-1	0	194		0
1	245	-1	0	194		0
1	213	1	10	194	0062	1
1	79	-1	0	194		0
1	10	-1	0	194		0
1	1	-1	0	194		0
1	245	-1	0	194		0
1	213	1	10	194		1
1	79	-1	0	194		0
1	10	-1	0	194		0
1	1	-1	0	194		0
1	245	-1	0	194		0
1	213	1	14	194		0
1	79	-1	0	194		0
1	14	-1	0	194		0
1	1	-1	0	194		0
1	245	-1	0	194		0
1	213	1	8	194		0
1	79	-1	0	194		0
1	8	-1	0	194		0
1	1	-1	0	194		0
1	245	-1	0	194		0
1	213	1	8	194		0
1	79	-1	0	194		0
1	8	-1	0	194		0
1	1	-1	0	194		0
1	245	-1	0	194		0
1	213	1	79	194		0
1	79	-1	0	194		0
1	79	-1	0	194		0
1	1	-1	0	194		0
1	245	-1	0	194		0
1	213	1	79	194		0
1	79	-1	0	194		0
1	218	-1	0	194		0
1	218	-1	0	194		0
1	79	-1	0	194		0
1	1	-1	0	194		0
1	245	-1	0	194		0
1	213	1	10	194	0062	1
1	79	-1	0	194		0
1	218	-1	0	194		0
1	218	-1	0	194		0
1	10	-1	0	194		0
1	1	-1	0	194		0
1	245	-1	0	194		0
1	213	1	8	194		0
1	79	-1	0	194		0
1	218	-1	0	194		0
1	218	-1	0	194		0
1	8	-1	0	194		0
1	1	-1	0	194		0
1	245	-1	0	194		0
1	212	1	80	194		0
1	79	-1	0	194		0
1	80	-1	0	194		0
1	1	-1	0	194		0
1	245	-1	0	194		0
1	213	1	80	194		0
1	79	-1	0	194		0
1	80	-1	0	194		0
1	1	-1	0	194		0
1	245	-1	0	194		0
1	213	1	10	194	d83dde00	1
1	79	-1	0	194		0
1	10	-1	0	194		0
1	1	-1	0	194		0
1	245	-1	0	194		0
1	213	1	10	194	00610062	1
1	79	-1	0	194		0
1	10	-1	0	194		0
1	1	-1	0	194		0
1	245	-1	0	194		0
1	213	1	10	194	0061000a	1
1	79	-1	0	194		0
1	10	-1	0	194		0
1	1	-1	0	194		0
1	245	-1	0	194		0
1	213	1	111	194		0
1	79	-1	0	194		0
1	111	-1	0	194		0
1	1	-1	0	194		0
1	245	-1	0	194		0
1	213	1	9	194		0
1	79	-1	0	194		0
1	9	-1	0	194		0
1	1	-1	0	194		0
1	245	-1	0	194		0
1	213	1	227	194		0
1	79	-1	0	194		0
1	227	-1	0	194		0
1	79	-1	0	194		0
1	39	-1	0	194		0
1	10	-1	0	194		0
1	1	-1	0	194		0
1	245	-1	0	194		0
1	212	1	79	194		0
1	79	-1	0	194		0
1	28	-1	0	194		0
1	79	-1	0	194		0
1	1	-1	0	194		0
1	245	-1	0	194		0
1	213	1	10	194	0062	1
1	79	-1	0	194		0
1	28	-1	0	194		0
1	10	-1	0	194		0
1	1	-1	0	194		0
1	245	-1	0	194		0
1	218	-1	0	194		0
1	212	1	79	194		0
1	79	-1	0	194		0
1	79	-1	0	194		0
1	1	-1	0	194		0
1	245	-1	0	194		0
1	214	-1	0	194		0
1	79	-1	0	194		0
1	1	-1	0	194		0
1	245	-1	0	194		0
1	213	1	229	194		0
1	79	-1	0	194		0
1	229	-1	0	194		0
1	15	-1	0	194		0
1	240	-1	0	194		0
1	79	-1	0	194		0
1	17	-1	0	194		0
1	1	-1	0	194		0
0	0	-1	0	195		0
1	245	-1	0	195		0
1	212	1	79	195	0062	1
1	79	-1	0	195		0
1	79	-1	0	195		0
1	1	-1	0	195		0
1	245	-1	0	195		0
1	213	1	10	195	0062	1
1	79	-1	0	195		0
1	10	-1	0	195		0
1	1	-1	0	195		0
1	245	-1	0	195		0
1	213	1	10	195		1
1	79	-1	0	195		0
1	10	-1	0	195		0
1	1	-1	0	195		0
1	245	-1	0	195		0
1	213	1	14	195		0
1	79	-1	0	195		0
1	14	-1	0	195		0
1	1	-1	0	195		0
1	245	-1	0	195		0
1	213	1	8	195		0
1	79	-1	0	195		0
1	8	-1	0	195		0
1	1	-1	0	195		0
1	245	-1	0	195		0
1	213	1	8	195		0
1	79	-1	0	195		0
1	8	-1	0	195		0
1	1	-1	0	195		0
1	245	-1	0	195		0
1	213	1	79	195	007600610072006900610062006c0065	1
1	79	-1	0	195		0
1	79	-1	0	195		0
1	1	-1	0	195		0
1	245	-1	0	195		0
1	213	1	79	195	007600610072006900610062006c0065	1
1	79	-1	0	195		0
1	218	-1	0	195		0
1	218	-1	0	195		0
1	79	-1	0	195		0
1	1	-1	0	195		0
1	245	-1	0	195		0
1	213	1	10	195	0062	1
1	79	-1	0	195		0
1	218	-1	0	195		0
1	218	-1	0	195		0
1	10	-1	0	195		0
1	1	-1	0	195		0
1	245	-1	0	195		0
1	213	1	8	195		0
1	79	-1	0	195		0
1	218	-1	0	195		0
1	218	-1	0	195		0
1	8	-1	0	195		0
1	1	-1	0	195		0
1	245	-1	0	195		0
1	212	1	80	195		0
1	79	-1	0	195		0
1	80	-1	0	195		0
1	1	-1	0	195		0
1	245	-1	0	195		0
1	213	1	80	195		0
1	79	-1	0	195		0
1	80	-1	0	195		0
1	1	-1	0	195		0
1	245	-1	0	195		0
1	213	1	10	195	d83dde00	1
1	79	-1	0	195		0
1	10	-1	0	195		0
1	1	-1	0	195		0
1	245	-1	0	195		0
1	213	1	10	195	00610062	1
1	79	-1	0	195		0
1	10	-1	0	195		0
1	1	-1	0	195		0
1	245	-1	0	195		0
1	213	1	10	195	0061000a	1
1	79	-1	0	195		0
1	10	-1	0	195		0
1	1	-1	0	195		0
1	245	-1	0	195		0
1	213	1	111	195		0
1	79	-1	0	195		0
1	111	-1	0	195		0
1	1	-1	0	195		0
1	245	-1	0	195		0
1	213	1	9	195		0
1	79	-1	0	195		0
1	9	-1	0	195		0
1	1	-1	0	195		0
1	245	-1	0	195		0
1	213	1	227	195		0
1	79	-1	0	195		0
1	227	-1	0	195		0
1	79	-1	0	195		0
1	39	-1	0	195		0
1	10	-1	0	195		0
1	1	-1	0	195		0
1	245	-1	0	195		0
1	212	1	79	195	0062	1
1	79	-1	0	195		0
1	28	-1	0	195		0
1	79	-1	0	195		0
1	1	-1	0	195		0
1	245	-1	0	195		0
1	213	1	10	195	0062	1
1	79	-1	0	195		0
1	28	-1	0	195		0
1	10	-1	0	195		0
1	1	-1	0	195		0
1	245	-1	0	195		0
1	218	-1	0	195		0
1	212	1	79	195	0062	1
1	79	-1	0	195		0
1	79	-1	0	195		0
1	1	-1	0	195		0
1	245	-1	0	195		0
1	214	-1	0	195		0
1	79	-1	0	195		0
1	1	-1	0	195		0
1	245	-1	0	195		0
1	213	1	229	195		0
1	79	-1	0	195		0
1	229	-1	0	195		0
1	15	-1	0	195		0
1	240	-1	0	195		0
1	79	-1	0	195		0
1	17	-1	0	195		0
1	1	-1	0	195		0
0	0	-1	0	196		0
1	245	-1	0	196		0
1	212	1	79	196		0
1	79	-1	0	196		0
1	79	-1	0	196		0
1	1	-1	0	196		0
1	245	-1	0	196		0
1	213	1	10	196		0
1	79	-1	0	196		0
1	10	-1	0	196		0
1	1	-1	0	196		0
1	245	-1	0	196		0
1	213	1	10	196		0
1	79	-1	0	196		0
1	10	-1	0	196		0
1	1	-1	0	196		0
1	245	-1	0	196		0
1	213	1	14	196	0062	1
1	79	-1	0	196		0
1	14	-1	0	196		0
1	1	-1	0	196		0
1	245	-1	0	196		0
1	213	1	8	196		0
1	79	-1	0	196		0
1	8	-1	0	196		0
1	1	-1	0	196		0
1	245	-1	0	196		0
1	213	1	8	196		0
1	79	-1	0	196		0
1	8	-1	0	196		0
1	1	-1	0	196		0
1	245	-1	0	196		0
1	213	1	79	196		0
1	79	-1	0	196		0
1	79	-1	0	196		0
1	1	-1	0	196		0
1	245	-1	0	196		0
1	213	1	79	196		0
1	79	-1	0	196		0
1	218	-1	0	196		0
1	218	-1	0	196		0
1	79	-1	0	196		0
1	1	-1	0	196		0
1	245	-1	0	196		0
1	213	1	10	196		0
1	79	-1	0	196		0
1	218	-1	0	196		0
1	218	-1	0	196		0
1	10	-1	0	196		0
1	1	-1	0	196		0
1	245	-1	0	196		0
1	213	1	8	196		0
1	79	-1	0	196		0
1	218	-1	0	196		0
1	218	-1	0	196		0
1	8	-1	0	196		0
1	1	-1	0	196		0
1	245	-1	0	196		0
1	212	1	80	196		0
1	79	-1	0	196		0
1	80	-1	0	196		0
1	1	-1	0	196		0
1	245	-1	0	196		0
1	213	1	80	196		0
1	79	-1	0	196		0
1	80	-1	0	196		0
1	1	-1	0	196		0
1	245	-1	0	196		0
1	213	1	10	196		0
1	79	-1	0	196		0
1	10	-1	0	196		0
1	1	-1	0	196		0
1	245	-1	0	196		0
1	213	1	10	196		0
1	79	-1	0	196		0
1	10	-1	0	196		0
1	1	-1	0	196		0
1	245	-1	0	196		0
1	213	1	10	196		0
1	79	-1	0	196		0
1	10	-1	0	196		0
1	1	-1	0	196		0
1	245	-1	0	196		0
1	213	1	111	196		0
1	79	-1	0	196		0
1	111	-1	0	196		0
1	1	-1	0	196		0
1	245	-1	0	196		0
1	213	1	9	196		0
1	79	-1	0	196		0
1	9	-1	0	196		0
1	1	-1	0	196		0
1	245	-1	0	196		0
1	213	1	227	196		0
1	79	-1	0	196		0
1	227	-1	0	196		0
1	79	-1	0	196		0
1	39	-1	0	196		0
1	10	-1	0	196		0
1	1	-1	0	196		0
1	245	-1	0	196		0
1	212	1	79	196		0
1	79	-1	0	196		0
1	28	-1	0	196		0
1	79	-1	0	196		0
1	1	-1	0	196		0
1	245	-1	0	196		0
1	213	1	10	196		0
1	79	-1	0	196		0
1	28	-1	0	196		0
1	10	-1	0	196		0
1	1	-1	0	196		0
1	245	-1	0	196		0
1	218	-1	0	196		0
1	212	1	79	196		0
1	79	-1	0	196		0
1	79	-1	0	196		0
1	1	-1	0	196		0
1	245	-1	0	196		0
1	214	-1	0	196		0
1	79	-1	0	196		0
1	1	-1	0	196		0
1	245	-1	0	196		0
1	213	1	229	196		0
1	79	-1	0	196		0
1	229	-1	0	196		0
1	15	-1	0	196		0
1	240	-1	0	196		0
1	79	-1	0	196		0
1	17	-1	0	196		0
1	1	-1	0	196		0
0	0	-1	0	197		0
1	245	-1	0	197		0
1	212	1	79	197	0062	1
1	79	-1	0	197		0
1	79	-1	0	197		0
1	1	-1	0	197		0
1	245	-1	0	197		0
1	213	1	10	197		0
1	79	-1	0	197		0
1	10	-1	0	197		0
1	1	-1	0	197		0
1	245	-1	0	197		0
1	213	1	10	197		0
1	79	-1	0	197		0
1	10	-1	0	197		0
1	1	-1	0	197		0
1	245	-1	0	197		0
1	213	1	14	197	0062	1
1	79	-1	0	197		0
1	14	-1	0	197		0
1	1	-1	0	197		0
1	245	-1	0	197		0
1	213	1	8	197		0
1	79	-1	0	197		0
1	8	-1	0	197		0
1	1	-1	0	197		0
1	245	-1	0	197		0
1	213	1	8	197		0
1	79	-1	0	197		0
1	8	-1	0	197		0
1	1	-1	0	197		0
1	245	-1	0	197		0
1	213	1	79	197	007600610072006900610062006c0065	1
1	79	-1	0	197		0
1	79	-1	0	197		0
1	1	-1	0	197		0
1	245	-1	0	197		0
1	213	1	79	197	007600610072006900610062006c0065	1
1	79	-1	0	197		0
1	218	-1	0	197		0
1	218	-1	0	197		0
1	79	-1	0	197		0
1	1	-1	0	197		0
1	245	-1	0	197		0
1	213	1	10	197		0
1	79	-1	0	197		0
1	218	-1	0	197		0
1	218	-1	0	197		0
1	10	-1	0	197		0
1	1	-1	0	197		0
1	245	-1	0	197		0
1	213	1	8	197		0
1	79	-1	0	197		0
1	218	-1	0	197		0
1	218	-1	0	197		0
1	8	-1	0	197		0
1	1	-1	0	197		0
1	245	-1	0	197		0
1	212	1	80	197		0
1	79	-1	0	197		0
1	80	-1	0	197		0
1	1	-1	0	197		0
1	245	-1	0	197		0
1	213	1	80	197		0
1	79	-1	0	197		0
1	80	-1	0	197		0
1	1	-1	0	197		0
1	245	-1	0	197		0
1	213	1	10	197		0
1	79	-1	0	197		0
1	10	-1	0	197		0
1	1	-1	0	197		0
1	245	-1	0	197		0
1	213	1	10	197		0
1	79	-1	0	197		0
1	10	-1	0	197		0
1	1	-1	0	197		0
1	245	-1	0	197		0
1	213	1	10	197		0
1	79	-1	0	197		0
1	10	-1	0	197		0
1	1	-1	0	197		0
1	245	-1	0	197		0
1	213	1	111	197		0
1	79	-1	0	197		0
1	111	-1	0	197		0
1	1	-1	0	197		0
1	245	-1	0	197		0
1	213	1	9	197		0
1	79	-1	0	197		0
1	9	-1	0	197		0
1	1	-1	0	197		0
1	245	-1	0	197		0
1	213	1	227	197		0
1	79	-1	0	197		0
1	227	-1	0	197		0
1	79	-1	0	197		0
1	39	-1	0	197		0
1	10	-1	0	197		0
1	1	-1	0	197		0
1	245	-1	0	197		0
1	212	1	79	197	0062	1
1	79	-1	0	197		0
1	28	-1	0	197		0
1	79	-1	0	197		0
1	1	-1	0	197		0
1	245	-1	0	197		0
1	213	1	10	197		0
1	79	-1	0	197		0
1	28	-1	0	197		0
1	10	-1	0	197		0
1	1	-1	0	197		0
1	245	-1	0	197		0
1	218	-1	0	197		0
1	212	1	79	197	0062	1
1	79	-1	0	197		0
1	79	-1	0	197		0
1	1	-1	0	197		0
1	245	-1	0	197		0
1	214	-1	0	197		0
1	79	-1	0	197		0
1	1	-1	0	197		0
1	245	-1	0	197		0
1	213	1	229	197		0
1	79	-1	0	197		0
1	229	-1	0	197		0
1	15	-1	0	197		0
1	240	-1	0	197		0
1	79	-1	0	197		0
1	17	-1	0	197		0
1	1	-1	0	197		0
0	0	-1	0	198		0
1	245	-1	0	198		0
1	212	1	79	198		0
1	79	-1	0	198		0
1	79	-1	0	198		0
1	1	-1	0	198		0
1	245	-1	0	198		0
1	213	1	10	198	0062	1
1	79	-1	0	198		0
1	10	-1	0	198		0
1	1	-1	0	198		0
1	245	-1	0	198		0
1	213	1	10	198		1
1	79	-1	0	198		0
1	10	-1	0	198		0
1	1	-1	0	198		0
1	245	-1	0	198		0
1	213	1	14	198	0062	1
1	79	-1	0	198		0
1	14	-1	0	198		0
1	1	-1	0	198		0
1	245	-1	0	198		0
1	213	1	8	198		0
1	79	-1	0	198		0
1	8	-1	0	198		0
1	1	-1	0	198		0
1	245	-1	0	198		0
1	213	1	8	198		0
1	79	-1	0	198		0
1	8	-1	0	198		0
1	1	-1	0	198		0
1	245	-1	0	198		0
1	213	1	79	198		0
1	79	-1	0	198		0
1	79	-1	0	198		0
1	1	-1	0	198		0
1	245	-1	0	198		0
1	213	1	79	198		0
1	79	-1	0	198		0
1	218	-1	0	198		0
1	218	-1	0	198		0
1	79	-1	0	198		0
1	1	-1	0	198		0
1	245	-1	0	198		0
1	213	1	10	198	0062	1
1	79	-1	0	198		0
1	218	-1	0	198		0
1	218	-1	0	198		0
1	10	-1	0	198		0
1	1	-1	0	198		0
1	245	-1	0	198		0
1	213	1	8	198		0
1	79	-1	0	198		0
1	218	-1	0	198		0
1	218	-1	0	198		0
1	8	-1	0	198		0
1	1	-1	0	198		0
1	245	-1	0	198		0
1	212	1	80	198		0
1	79	-1	0	198		0
1	80	-1	0	198		0
1	1	-1	0	198		0
1	245	-1	0	198		0
1	213	1	80	198		0
1	79	-1	0	198		0
1	80	-1	0	198		0
1	1	-1	0	198		0
1	245	-1	0	198		0
1	213	1	10	198	d83dde00	1
1	79	-1	0	198		0
1	10	-1	0	198		0
1	1	-1	0	198		0
1	245	-1	0	198		0
1	213	1	10	198	00610062	1
1	79	-1	0	198		0
1	10	-1	0	198		0
1	1	-1	0	198		0
1	245	-1	0	198		0
1	213	1	10	198	0061000a	1
1	79	-1	0	198		0
1	10	-1	0	198		0
1	1	-1	0	198		0
1	245	-1	0	198		0
1	213	1	111	198		0
1	79	-1	0	198		0
1	111	-1	0	198		0
1	1	-1	0	198		0
1	245	-1	0	198		0
1	213	1	9	198		0
1	79	-1	0	198		0
1	9	-1	0	198		0
1	1	-1	0	198		0
1	245	-1	0	198		0
1	213	1	227	198		0
1	79	-1	0	198		0
1	227	-1	0	198		0
1	79	-1	0	198		0
1	39	-1	0	198		0
1	10	-1	0	198		0
1	1	-1	0	198		0
1	245	-1	0	198		0
1	212	1	79	198		0
1	79	-1	0	198		0
1	28	-1	0	198		0
1	79	-1	0	198		0
1	1	-1	0	198		0
1	245	-1	0	198		0
1	213	1	10	198	0062	1
1	79	-1	0	198		0
1	28	-1	0	198		0
1	10	-1	0	198		0
1	1	-1	0	198		0
1	245	-1	0	198		0
1	218	-1	0	198		0
1	212	1	79	198		0
1	79	-1	0	198		0
1	79	-1	0	198		0
1	1	-1	0	198		0
1	245	-1	0	198		0
1	214	-1	0	198		0
1	79	-1	0	198		0
1	1	-1	0	198		0
1	245	-1	0	198		0
1	213	1	229	198		0
1	79	-1	0	198		0
1	229	-1	0	198		0
1	15	-1	0	198		0
1	240	-1	0	198		0
1	79	-1	0	198		0
1	17	-1	0	198		0
1	1	-1	0	198		0
0	0	-1	0	199		0
1	245	-1	0	199		0
1	212	1	79	199	0062	1
1	79	-1	0	199		0
1	79	-1	0	199		0
1	1	-1	0	199		0
1	245	-1	0	199		0
1	213	1	10	199	0062	1
1	79	-1	0	199		0
1	10	-1	0	199		0
1	1	-1	0	199		0
1	245	-1	0	199		0
1	213	1	10	199		1
1	79	-1	0	199		0
1	10	-1	0	199		0
1	1	-1	0	199		0
1	245	-1	0	199		0
1	213	1	14	199	0062	1
1	79	-1	0	199		0
1	14	-1	0	199		0
1	1	-1	0	199		0
1	245	-1	0	199		0
1	213	1	8	199		0
1	79	-1	0	199		0
1	8	-1	0	199		0
1	1	-1	0	199		0
1	245	-1	0	199		0
1	213	1	8	199		0
1	79	-1	0	199		0
1	8	-1	0	199		0
1	1	-1	0	199		0
1	245	-1	0	199		0
1	213	1	79	199	007600610072006900610062006c0065	1
1	79	-1	0	199		0
1	79	-1	0	199		0
1	1	-1	0	199		0
1	245	-1	0	199		0
1	213	1	79	199	007600610072006900610062006c0065	1
1	79	-1	0	199		0
1	218	-1	0	199		0
1	218	-1	0	199		0
1	79	-1	0	199		0
1	1	-1	0	199		0
1	245	-1	0	199		0
1	213	1	10	199	0062	1
1	79	-1	0	199		0
1	218	-1	0	199		0
1	218	-1	0	199		0
1	10	-1	0	199		0
1	1	-1	0	199		0
1	245	-1	0	199		0
1	213	1	8	199		0
1	79	-1	0	199		0
1	218	-1	0	199		0
1	218	-1	0	199		0
1	8	-1	0	199		0
1	1	-1	0	199		0
1	245	-1	0	199		0
1	212	1	80	199		0
1	79	-1	0	199		0
1	80	-1	0	199		0
1	1	-1	0	199		0
1	245	-1	0	199		0
1	213	1	80	199		0
1	79	-1	0	199		0
1	80	-1	0	199		0
1	1	-1	0	199		0
1	245	-1	0	199		0
1	213	1	10	199	d83dde00	1
1	79	-1	0	199		0
1	10	-1	0	199		0
1	1	-1	0	199		0
1	245	-1	0	199		0
1	213	1	10	199	00610062	1
1	79	-1	0	199		0
1	10	-1	0	199		0
1	1	-1	0	199		0
1	245	-1	0	199		0
1	213	1	10	199	0061000a	1
1	79	-1	0	199		0
1	10	-1	0	199		0
1	1	-1	0	199		0
1	245	-1	0	199		0
1	213	1	111	199		0
1	79	-1	0	199		0
1	111	-1	0	199		0
1	1	-1	0	199		0
1	245	-1	0	199		0
1	213	1	9	199		0
1	79	-1	0	199		0
1	9	-1	0	199		0
1	1	-1	0	199		0
1	245	-1	0	199		0
1	213	1	227	199		0
1	79	-1	0	199		0
1	227	-1	0	199		0
1	79	-1	0	199		0
1	39	-1	0	199		0
1	10	-1	0	199		0
1	1	-1	0	199		0
1	245	-1	0	199		0
1	212	1	79	199	0062	1
1	79	-1	0	199		0
1	28	-1	0	199		0
1	79	-1	0	199		0
1	1	-1	0	199		0
1	245	-1	0	199		0
1	213	1	10	199	0062	1
1	79	-1	0	199		0
1	28	-1	0	199		0
1	10	-1	0	199		0
1	1	-1	0	199		0
1	245	-1	0	199		0
1	218	-1	0	199		0
1	212	1	79	199	0062	1
1	79	-1	0	199		0
1	79	-1	0	199		0
1	1	-1	0	199		0
1	245	-1	0	199		0
1	214	-1	0	199		0
1	79	-1	0	199		0
1	1	-1	0	199		0
1	245	-1	0	199		0
1	213	1	229	199		0
1	79	-1	0	199		0
1	229	-1	0	199		0
1	15	-1	0	199		0
1	240	-1	0	199		0
1	79	-1	0	199		0
1	17	-1	0	199		0
1	1	-1	0	199		0
0	0	-1	0	200		0
1	245	-1	0	200		0
1	212	1	79	200		0
1	79	-1	0	200		0
1	79	-1	0	200		0
1	1	-1	0	200		0
1	245	-1	0	200		0
1	213	1	10	200		0
1	79	-1	0	200		0
1	10	-1	0	200		0
1	1	-1	0	200		0
1	245	-1	0	200		0
1	213	1	10	200		0
1	79	-1	0	200		0
1	10	-1	0	200		0
1	1	-1	0	200		0
1	245	-1	0	200		0
1	213	1	14	200		0
1	79	-1	0	200		0
1	14	-1	0	200		0
1	1	-1	0	200		0
1	245	-1	0	200		0
1	213	1	8	200	00310036	1
1	79	-1	0	200		0
1	8	-1	0	200		0
1	1	-1	0	200		0
1	245	-1	0	200		0
1	213	1	8	200	00310030	1
1	79	-1	0	200		0
1	8	-1	0	200		0
1	1	-1	0	200		0
1	245	-1	0	200		0
1	213	1	79	200		0
1	79	-1	0	200		0
1	79	-1	0	200		0
1	1	-1	0	200		0
1	245	-1	0	200		0
1	213	1	79	200		0
1	79	-1	0	200		0
1	218	-1	0	200		0
1	218	-1	0	200		0
1	79	-1	0	200		0
1	1	-1	0	200		0
1	245	-1	0	200		0
1	213	1	10	200		0
1	79	-1	0	200		0
1	218	-1	0	200		0
1	218	-1	0	200		0
1	10	-1	0	200		0
1	1	-1	0	200		0
1	245	-1	0	200		0
1	213	1	8	200	0030	1
1	79	-1	0	200		0
1	218	-1	0	200		0
1	218	-1	0	200		0
1	8	-1	0	200		0
1	1	-1	0	200		0
1	245	-1	0	200		0
1	212	1	80	200		0
1	79	-1	0	200		0
1	80	-1	0	200		0
1	1	-1	0	200		0
1	245	-1	0	200		0
1	213	1	80	200		0
1	79	-1	0	200		0
1	80	-1	0	200		0
1	1	-1	0	200		0
1	245	-1	0	200		0
1	213	1	10	200		0
1	79	-1	0	200		0
1	10	-1	0	200		0
1	1	-1	0	200		0
1	245	-1	0	200		0
1	213	1	10	200		0
1	79	-1	0	200		0
1	10	-1	0	200		0
1	1	-1	0	200		0
1	245	-1	0	200		0
1	213	1	10	200		0
1	79	-1	0	200		0
1	10	-1	0	200		0
1	1	-1	0	200		0
1	245	-1	0	200		0
1	213	1	111	200		0
1	79	-1	0	200		0
1	111	-1	0	200		0
1	1	-1	0	200		0
1	245	-1	0	200		0
1	213	1	9	200		0
1	79	-1	0	200		0
1	9	-1	0	200		0
1	1	-1	0	200		0
1	245	-1	0	200		0
1	213	1	227	200		0
1	79	-1	0	200		0
1	227	-1	0	200		0
1	79	-1	0	200		0
1	39	-1	0	200		0
1	10	-1	0	200		0
1	1	-1	0	200		0
1	245	-1	0	200		0
1	212	1	79	200		0
1	79	-1	0	200		0
1	28	-1	0	200		0
1	79	-1	0	200		0
1	1	-1	0	200		0
1	245	-1	0	200		0
1	213	1	10	200		0
1	79	-1	0	200		0
1	28	-1	0	200		0
1	10	-1	0	200		0
1	1	-1	0	200		0
1	245	-1	0	200		0
1	218	-1	0	200		0
1	212	1	79	200		0
1	79	-1	0	200		0
1	79	-1	0	200		0
1	1	-1	0	200		0
1	245	-1	0	200		0
1	214	-1	0	200		0
1	79	-1	0	200		0
1	1	-1	0	200		0
1	245	-1	0	200		0
1	213	1	229	200		0
1	79	-1	0	200		0
1	229	-1	0	200		0
1	15	-1	0	200		0
1	240	-1	0	200		0
1	79	-1	0	200		0
1	17	-1	0	200		0
1	1	-1	0	200		0
0	0	-1	0	201		0
1	245	-1	0	201		0
1	212	1	79	201	0062	1
1	79	-1	0	201		0
1	79	-1	0	201		0
1	1	-1	0	201		0
1	245	-1	0	201		0
1	213	1	10	201		0
1	79	-1	0	201		0
1	10	-1	0	201		0
1	1	-1	0	201		0
1	245	-1	0	201		0
1	213	1	10	201		0
1	79	-1	0	201		0
1	10	-1	0	201		0
1	1	-1	0	201		0
1	245	-1	0	201		0
1	213	1	14	201		0
1	79	-1	0	201		0
1	14	-1	0	201		0
1	1	-1	0	201		0
1	245	-1	0	201		0
1	213	1	8	201	00310036	1
1	79	-1	0	201		0
1	8	-1	0	201		0
1	1	-1	0	201		0
1	245	-1	0	201		0
1	213	1	8	201	00310030	1
1	79	-1	0	201		0
1	8	-1	0	201		0
1	1	-1	0	201		0
1	245	-1	0	201		0
1	213	1	79	201	007600610072006900610062006c0065	1
1	79	-1	0	201		0
1	79	-1	0	201		0
1	1	-1	0	201		0
1	245	-1	0	201		0
1	213	1	79	201	007600610072006900610062006c0065	1
1	79	-1	0	201		0
1	218	-1	0	201		0
1	218	-1	0	201		0
1	79	-1	0	201		0
1	1	-1	0	201		0
1	245	-1	0	201		0
1	213	1	10	201		0
1	79	-1	0	201		0
1	218	-1	0	201		0
1	218	-1	0	201		0
1	10	-1	0	201		0
1	1	-1	0	201		0
1	245	-1	0	201		0
1	213	1	8	201	0030	1
1	79	-1	0	201		0
1	218	-1	0	201		0
1	218	-1	0	201		0
1	8	-1	0	201		0
1	1	-1	0	201		0
1	245	-1	0	201		0
1	212	1	80	201		0
1	79	-1	0	201		0
1	80	-1	0	201		0
1	1	-1	0	201		0
1	245	-1	0	201		0
1	213	1	80	201		0
1	79	-1	0	201		0
1	80	-1	0	201		0
1	1	-1	0	201		0
1	245	-1	0	201		0
1	213	1	10	201		0
1	79	-1	0	201		0
1	10	-1	0	201		0
1	1	-1	0	201		0
1	245	-1	0	201		0
1	213	1	10	201		0
1	79	-1	0	201		0
1	10	-1	0	201		0
1	1	-1	0	201		0
1	245	-1	0	201		0
1	213	1	10	201		0
1	79	-1	0	201		0
1	10	-1	0	201		0
1	1	-1	0	201		0
1	245	-1	0	201		0
1	213	1	111	201		0
1	79	-1	0	201		0
1	111	-1	0	201		0
1	1	-1	0	201		0
1	245	-1	0	201		0
1	213	1	9	201		0
1	79	-1	0	201		0
1	9	-1	0	201		0
1	1	-1	0	201		0
1	245	-1	0	201		0
1	213	1	227	201		0
1	79	-1	0	201		0
1	227	-1	0	201		0
1	79	-1	0	201		0
1	39	-1	0	201		0
1	10	-1	0	201		0
1	1	-1	0	201		0
1	245	-1	0	201		0
1	212	1	79	201	0062	1
1	79	-1	0	201		0
1	28	-1	0	201		0
1	79	-1	0	201		0
1	1	-1	0	201		0
1	245	-1	0	201		0
1	213	1	10	201		0
1	79	-1	0	201		0
1	28	-1	0	201		0
1	10	-1	0	201		0
1	1	-1	0	201		0
1	245	-1	0	201		0
1	218	-1	0	201		0
1	212	1	79	201	0062	1
1	79	-1	0	201		0
1	79	-1	0	201		0
1	1	-1	0	201		0
1	245	-1	0	201		0
1	214	-1	0	201		0
1	79	-1	0	201		0
1	1	-1	0	201		0
1	245	-1	0	201		0
1	213	1	229	201		0
1	79	-1	0	201		0
1	229	-1	0	201		0
1	15	-1	0	201		0
1	240	-1	0	201		0
1	79	-1	0	201		0
1	17	-1	0	201		0
1	1	-1	0	201		0
0	0	-1	0	202		0
1	245	-1	0	202		0
1	212	1	79	202		0
1	79	-1	0	202		0
1	79	-1	0	202		0
1	1	-1	0	202		0
1	245	-1	0	202		0
1	213	1	10	202	0062	1
1	79	-1	0	202		0
1	10	-1	0	202		0
1	1	-1	0	202		0
1	245	-1	0	202		0
1	213	1	10	202		1
1	79	-1	0	202		0
1	10	-1	0	202		0
1	1	-1	0	202		0
1	245	-1	0	202		0
1	213	1	14	202		0
1	79	-1	0	202		0
1	14	-1	0	202		0
1	1	-1	0	202		0
1	245	-1	0	202		0
1	213	1	8	202	00310036	1
1	79	-1	0	202		0
1	8	-1	0	202		0
1	1	-1	0	202		0
1	245	-1	0	202		0
1	213	1	8	202	00310030	1
1	79	-1	0	202		0
1	8	-1	0	202		0
1	1	-1	0	202		0
1	245	-1	0	202		0
1	213	1	79	202		0
1	79	-1	0	202		0
1	79	-1	0	202		0
1	1	-1	0	202		0
1	245	-1	0	202		0
1	213	1	79	202		0
1	79	-1	0	202		0
1	218	-1	0	202		0
1	218	-1	0	202		0
1	79	-1	0	202		0
1	1	-1	0	202		0
1	245	-1	0	202		0
1	213	1	10	202	0062	1
1	79	-1	0	202		0
1	218	-1	0	202		0
1	218	-1	0	202		0
1	10	-1	0	202		0
1	1	-1	0	202		0
1	245	-1	0	202		0
1	213	1	8	202	0030	1
1	79	-1	0	202		0
1	218	-1	0	202		0
1	218	-1	0	202		0
1	8	-1	0	202		0
1	1	-1	0	202		0
1	245	-1	0	202		0
1	212	1	80	202		0
1	79	-1	0	202		0
1	80	-1	0	202		0
1	1	-1	0	202		0
1	245	-1	0	202		0
1	213	1	80	202		0
1	79	-1	0	202		0
1	80	-1	0	202		0
1	1	-1	0	202		0
1	245	-1	0	202		0
1	213	1	10	202	d83dde00	1
1	79	-1	0	202		0
1	10	-1	0	202		0
1	1	-1	0	202		0
1	245	-1	0	202		0
1	213	1	10	202	00610062	1
1	79	-1	0	202		0
1	10	-1	0	202		0
1	1	-1	0	202		0
1	245	-1	0	202		0
1	213	1	10	202	0061000a	1
1	79	-1	0	202		0
1	10	-1	0	202		0
1	1	-1	0	202		0
1	245	-1	0	202		0
1	213	1	111	202		0
1	79	-1	0	202		0
1	111	-1	0	202		0
1	1	-1	0	202		0
1	245	-1	0	202		0
1	213	1	9	202		0
1	79	-1	0	202		0
1	9	-1	0	202		0
1	1	-1	0	202		0
1	245	-1	0	202		0
1	213	1	227	202		0
1	79	-1	0	202		0
1	227	-1	0	202		0
1	79	-1	0	202		0
1	39	-1	0	202		0
1	10	-1	0	202		0
1	1	-1	0	202		0
1	245	-1	0	202		0
1	212	1	79	202		0
1	79	-1	0	202		0
1	28	-1	0	202		0
1	79	-1	0	202		0
1	1	-1	0	202		0
1	245	-1	0	202		0
1	213	1	10	202	0062	1
1	79	-1	0	202		0
1	28	-1	0	202		0
1	10	-1	0	202		0
1	1	-1	0	202		0
1	245	-1	0	202		0
1	218	-1	0	202		0
1	212	1	79	202		0
1	79	-1	0	202		0
1	79	-1	0	202		0
1	1	-1	0	202		0
1	245	-1	0	202		0
1	214	-1	0	202		0
1	79	-1	0	202		0
1	1	-1	0	202		0
1	245	-1	0	202		0
1	213	1	229	202		0
1	79	-1	0	202		0
1	229	-1	0	202		0
1	15	-1	0	202		0
1	240	-1	0	202		0
1	79	-1	0	202		0
1	17	-1	0	202		0
1	1	-1	0	202		0
0	0	-1	0	203		0
1	245	-1	0	203		0
1	212	1	79	203	0062	1
1	79	-1	0	203		0
1	79	-1	0	203		0
1	1	-1	0	203		0
1	245	-1	0	203		0
1	213	1	10	203	0062	1
1	79	-1	0	203		0
1	10	-1	0	203		0
1	1	-1	0	203		0
1	245	-1	0	203		0
1	213	1	10	203		1
1	79	-1	0	203		0
1	10	-1	0	203		0
1	1	-1	0	203		0
1	245	-1	0	203		0
1	213	1	14	203		0
1	79	-1	0	203		0
1	14	-1	0	203		0
1	1	-1	0	203		0
1	245	-1	0	203		0
1	213	1	8	203	00310036	1
1	79	-1	0	203		0
1	8	-1	0	203		0
1	1	-1	0	203		0
1	245	-1	0	203		0
1	213	1	8	203	00310030	1
1	79	-1	0	203		0
1	8	-1	0	203		0
1	1	-1	0	203		0
1	245	-1	0	203		0
1	213	1	79	203	007600610072006900610062006c0065	1
1	79	-1	0	203		0
1	79	-1	0	203		0
1	1	-1	0	203		0
1	245	-1	0	203		0
1	213	1	79	203	007600610072006900610062006c0065	1
1	79	-1	0	203		0
1	218	-1	0	203		0
1	218	-1	0	203		0
1	79	-1	0	203		0
1	1	-1	0	203		0
1	245	-1	0	203		0
1	213	1	10	203	0062	1
1	79	-1	0	203		0
1	218	-1	0	203		0
1	218	-1	0	203		0
1	10	-1	0	203		0
1	1	-1	0	203		0
1	245	-1	0	203		0
1	213	1	8	203	0030	1
1	79	-1	0	203		0
1	218	-1	0	203		0
1	218	-1	0	203		0
1	8	-1	0	203		0
1	1	-1	0	203		0
1	245	-1	0	203		0
1	212	1	80	203		0
1	79	-1	0	203		0
1	80	-1	0	203		0
1	1	-1	0	203		0
1	245	-1	0	203		0
1	213	1	80	203		0
1	79	-1	0	203		0
1	80	-1	0	203		0
1	1	-1	0	203		0
1	245	-1	0	203		0
1	213	1	10	203	d83dde00	1
1	79	-1	0	203		0
1	10	-1	0	203		0
1	1	-1	0	203		0
1	245	-1	0	203		0
1	213	1	10	203	00610062	1
1	79	-1	0	203		0
1	10	-1	0	203		0
1	1	-1	0	203		0
1	245	-1	0	203		0
1	213	1	10	203	0061000a	1
1	79	-1	0	203		0
1	10	-1	0	203		0
1	1	-1	0	203		0
1	245	-1	0	203		0
1	213	1	111	203		0
1	79	-1	0	203		0
1	111	-1	0	203		0
1	1	-1	0	203		0
1	245	-1	0	203		0
1	213	1	9	203		0
1	79	-1	0	203		0
1	9	-1	0	203		0
1	1	-1	0	203		0
1	245	-1	0	203		0
1	213	1	227	203		0
1	79	-1	0	203		0
1	227	-1	0	203		0
1	79	-1	0	203		0
1	39	-1	0	203		0
1	10	-1	0	203		0
1	1	-1	0	203		0
1	245	-1	0	203		0
1	212	1	79	203	0062	1
1	79	-1	0	203		0
1	28	-1	0	203		0
1	79	-1	0	203		0
1	1	-1	0	203		0
1	245	-1	0	203		0
1	213	1	10	203	0062	1
1	79	-1	0	203		0
1	28	-1	0	203		0
1	10	-1	0	203		0
1	1	-1	0	203		0
1	245	-1	0	203		0
1	218	-1	0	203		0
1	212	1	79	203	0062	1
1	79	-1	0	203		0
1	79	-1	0	203		0
1	1	-1	0	203		0
1	245	-1	0	203		0
1	214	-1	0	203		0
1	79	-1	0	203		0
1	1	-1	0	203		0
1	245	-1	0	203		0
1	213	1	229	203		0
1	79	-1	0	203		0
1	229	-1	0	203		0
1	15	-1	0	203		0
1	240	-1	0	203		0
1	79	-1	0	203		0
1	17	-1	0	203		0
1	1	-1	0	203		0
0	0	-1	0	204		0
1	245	-1	0	204		0
1	212	1	79	204		0
1	79	-1	0	204		0
1	79	-1	0	204		0
1	1	-1	0	204		0
1	245	-1	0	204		0
1	213	1	10	204		0
1	79	-1	0	204		0
1	10	-1	0	204		0
1	1	-1	0	204		0
1	245	-1	0	204		0
1	213	1	10	204		0
1	79	-1	0	204		0
1	10	-1	0	204		0
1	1	-1	0	204		0
1	245	-1	0	204		0
1	213	1	14	204	0062	1
1	79	-1	0	204		0
1	14	-1	0	204		0
1	1	-1	0	204		0
1	245	-1	0	204		0
1	213	1	8	204	00310036	1
1	79	-1	0	204		0
1	8	-1	0	204		0
1	1	-1	0	204		0
1	245	-1	0	204		0
1	213	1	8	204	00310030	1
1	79	-1	0	204		0
1	8	-1	0	204		0
1	1	-1	0	204		0
1	245	-1	0	204		0
1	213	1	79	204		0
1	79	-1	0	204		0
1	79	-1	0	204		0
1	1	-1	0	204		0
1	245	-1	0	204		0
1	213	1	79	204		0
1	79	-1	0	204		0
1	218	-1	0	204		0
1	218	-1	0	204		0
1	79	-1	0	204		0
1	1	-1	0	204		0
1	245	-1	0	204		0
1	213	1	10	204		0
1	79	-1	0	204		0
1	218	-1	0	204		0
1	218	-1	0	204		0
1	10	-1	0	204		0
1	1	-1	0	204		0
1	245	-1	0	204		0
1	213	1	8	204	0030	1
1	79	-1	0	204		0
1	218	-1	0	204		0
1	218	-1	0	204		0
1	8	-1	0	204		0
1	1	-1	0	204		0
1	245	-1	0	204		0
1	212	1	80	204		0
1	79	-1	0	204		0
1	80	-1	0	204		0
1	1	-1	0	204		0
1	245	-1	0	204		0
1	213	1	80	204		0
1	79	-1	0	204		0
1	80	-1	0	204		0
1	1	-1	0	204		0
1	245	-1	0	204		0
1	213	1	10	204		0
1	79	-1	0	204		0
1	10	-1	0	204		0
1	1	-1	0	204		0
1	245	-1	0	204		0
1	213	1	10	204		0
1	79	-1	0	204		0
1	10	-1	0	204		0
1	1	-1	0	204		0
1	245	-1	0	204		0
1	213	1	10	204		0
1	79	-1	0	204		0
1	10	-1	0	204		0
1	1	-1	0	204		0
1	245	-1	0	204		0
1	213	1	111	204		0
1	79	-1	0	204		0
1	111	-1	0	204		0
1	1	-1	0	204		0
1	245	-1	0	204		0
1	213	1	9	204		0
1	79	-1	0	204		0
1	9	-1	0	204		0
1	1	-1	0	204		0
1	245	-1	0	204		0
1	213	1	227	204		0
1	79	-1	0	204		0
1	227	-1	0	204		0
1	79	-1	0	204		0
1	39	-1	0	204		0
1	10	-1	0	204		0
1	1	-1	0	204		0
1	245	-1	0	204		0
1	212	1	79	204		0
1	79	-1	0	204		0
1	28	-1	0	204		0
1	79	-1	0	204		0
1	1	-1	0	204		0
1	245	-1	0	204		0
1	213	1	10	204		0
1	79	-1	0	204		0
1	28	-1	0	204		0
1	10	-1	0	204		0
1	1	-1	0	204		0
1	245	-1	0	204		0
1	218	-1	0	204		0
1	212	1	79	204		0
1	79	-1	0	204		0
1	79	-1	0	204		0
1	1	-1	0	204		0
1	245	-1	0	204		0
1	214	-1	0	204		0
1	79	-1	0	204		0
1	1	-1	0	204		0
1	245	-1	0	204		0
1	213	1	229	204		0
1	79	-1	0	204		0
1	229	-1	0	204		0
1	15	-1	0	204		0
1	240	-1	0	204		0
1	79	-1	0	204		0
1	17	-1	0	204		0
1	1	-1	0	204		0
0	0	-1	0	205		0
1	245	-1	0	205		0
1	212	1	79	205	0062	1
1	79	-1	0	205		0
1	79	-1	0	205		0
1	1	-1	0	205		0
1	245	-1	0	205		0
1	213	1	10	205		0
1	79	-1	0	205		0
1	10	-1	0	205		0
1	1	-1	0	205		0
1	245	-1	0	205		0
1	213	1	10	205		0
1	79	-1	0	205		0
1	10	-1	0	205		0
1	1	-1	0	205		0
1	245	-1	0	205		0
1	213	1	14	205	0062	1
1	79	-1	0	205		0
1	14	-1	0	205		0
1	1	-1	0	205		0
1	245	-1	0	205		0
1	213	1	8	205	00310036	1
1	79	-1	0	205		0
1	8	-1	0	205		0
1	1	-1	0	205		0
1	245	-1	0	205		0
1	213	1	8	205	00310030	1
1	79	-1	0	205		0
1	8	-1	0	205		0
1	1	-1	0	205		0
1	245	-1	0	205		0
1	213	1	79	205	007600610072006900610062006c0065	1
1	79	-1	0	205		0
1	79	-1	0	205		0
1	1	-1	0	205		0
1	245	-1	0	205		0
1	213	1	79	205	007600610072006900610062006c0065	1
1	79	-1	0	205		0
1	218	-1	0	205		0
1	218	-1	0	205		0
1	79	-1	0	205		0
1	1	-1	0	205		0
1	245	-1	0	205		0
1	213	1	10	205		0
1	79	-1	0	205		0
1	218	-1	0	205		0
1	218	-1	0	205		0
1	10	-1	0	205		0
1	1	-1	0	205		0
1	245	-1	0	205		0
1	213	1	8	205	0030	1
1	79	-1	0	205		0
1	218	-1	0	205		0
1	218	-1	0	205		0
1	8	-1	0	205		0
1	1	-1	0	205		0
1	245	-1	0	205		0
1	212	1	80	205		0
1	79	-1	0	205		0
1	80	-1	0	205		0
1	1	-1	0	205		0
1	245	-1	0	205		0
1	213	1	80	205		0
1	79	-1	0	205		0
1	80	-1	0	205		0
1	1	-1	0	205		0
1	245	-1	0	205		0
1	213	1	10	205		0
1	79	-1	0	205		0
1	10	-1	0	205		0
1	1	-1	0	205		0
1	245	-1	0	205		0
1	213	1	10	205		0
1	79	-1	0	205		0
1	10	-1	0	205		0
1	1	-1	0	205		0
1	245	-1	0	205		0
1	213	1	10	205		0
1	79	-1	0	205		0
1	10	-1	0	205		0
1	1	-1	0	205		0
1	245	-1	0	205		0
1	213	1	111	205		0
1	79	-1	0	205		0
1	111	-1	0	205		0
1	1	-1	0	205		0
1	245	-1	0	205		0
1	213	1	9	205		0
1	79	-1	0	205		0
1	9	-1	0	205		0
1	1	-1	0	205		0
1	245	-1	0	205		0
1	213	1	227	205		0
1	79	-1	0	205		0
1	227	-1	0	205		0
1	79	-1	0	205		0
1	39	-1	0	205		0
1	10	-1	0	205		0
1	1	-1	0	205		0
1	245	-1	0	205		0
1	212	1	79	205	0062	1
1	79	-1	0	205		0
1	28	-1	0	205		0
1	79	-1	0	205		0
1	1	-1	0	205		0
1	245	-1	0	205		0
1	213	1	10	205		0
1	79	-1	0	205		0
1	28	-1	0	205		0
1	10	-1	0	205		0
1	1	-1	0	205		0
1	245	-1	0	205		0
1	218	-1	0	205		0
1	212	1	79	205	0062	1
1	79	-1	0	205		0
1	79	-1	0	205		0
1	1	-1	0	205		0
1	245	-1	0	205		0
1	214	-1	0	205		0
1	79	-1	0	205		0
1	1	-1	0	205		0
1	245	-1	0	205		0
1	213	1	229	205		0
1	79	-1	0	205		0
1	229	-1	0	205		0
1	15	-1	0	205		0
1	240	-1	0	205		0
1	79	-1	0	205		0
1	17	-1	0	205		0
1	1	-1	0	205		0
0	0	-1	0	206		0
1	245	-1	0	206		0
1	212	1	79	206		0
1	79	-1	0	206		0
1	79	-1	0	206		0
1	1	-1	0	206		0
1	245	-1	0	206		0
1	213	1	10	206	0062	1
1	79	-1	0	206		0
1	10	-1	0	206		0
1	1	-1	0	206		0
1	245	-1	0	206		0
1	213	1	10	206		1
1	79	-1	0	206		0
1	10	-1	0	206		0
1	1	-1	0	206		0
1	245	-1	0	206		0
1	213	1	14	206	0062	1
1	79	-1	0	206		0
1	14	-1	0	206		0
1	1	-1	0	206		0
1	245	-1	0	206		0
1	213	1	8	206	00310036	1
1	79	-1	0	206		0
1	8	-1	0	206		0
1	1	-1	0	206		0
1	245	-1	0	206		0
1	213	1	8	206	00310030	1
1	79	-1	0	206		0
1	8	-1	0	206		0
1	1	-1	0	206		0
1	245	-1	0	206		0
1	213	1	79	206		0
1	79	-1	0	206		0
1	79	-1	0	206		0
1	1	-1	0	206		0
1	245	-1	0	206		0
1	213	1	79	206		0
1	79	-1	0	206		0
1	218	-1	0	206		0
1	218	-1	0	206		0
1	79	-1	0	206		0
1	1	-1	0	206		0
1	245	-1	0	206		0
1	213	1	10	206	0062	1
1	79	-1	0	206		0
1	218	-1	0	206		0
1	218	-1	0	206		0
1	10	-1	0	206		0
1	1	-1	0	206		0
1	245	-1	0	206		0
1	213	1	8	206	0030	1
1	79	-1	0	206		0
1	218	-1	0	206		0
1	218	-1	0	206		0
1	8	-1	0	206		0
1	1	-1	0	206		0
1	245	-1	0	206		0
1	212	1	80	206		0
1	79	-1	0	206		0
1	80	-1	0	206		0
1	1	-1	0	206		0
1	245	-1	0	206		0
1	213	1	80	206		0
1	79	-1	0	206		0
1	80	-1	0	206		0
1	1	-1	0	206		0
1	245	-1	0	206		0
1	213	1	10	206	d83dde00	1
1	79	-1	0	206		0
1	10	-1	0	206		0
1	1	-1	0	206		0
1	245	-1	0	206		0
1	213	1	10	206	00610062	1
1	79	-1	0	206		0
1	10	-1	0	206		0
1	1	-1	0	206		0
1	245	-1	0	206		0
1	213	1	10	206	0061000a	1
1	79	-1	0	206		0
1	10	-1	0	206		0
1	1	-1	0	206		0
1	245	-1	0	206		0
1	213	1	111	206		0
1	79	-1	0	206		0
1	111	-1	0	206		0
1	1	-1	0	206		0
1	245	-1	0	206		0
1	213	1	9	206		0
1	79	-1	0	206		0
1	9	-1	0	206		0
1	1	-1	0	206		0
1	245	-1	0	206		0
1	213	1	227	206		0
1	79	-1	0	206		0
1	227	-1	0	206		0
1	79	-1	0	206		0
1	39	-1	0	206		0
1	10	-1	0	206		0
1	1	-1	0	206		0
1	245	-1	0	206		0
1	212	1	79	206		0
1	79	-1	0	206		0
1	28	-1	0	206		0
1	79	-1	0	206		0
1	1	-1	0	206		0
1	245	-1	0	206		0
1	213	1	10	206	0062	1
1	79	-1	0	206		0
1	28	-1	0	206		0
1	10	-1	0	206		0
1	1	-1	0	206		0
1	245	-1	0	206		0
1	218	-1	0	206		0
1	212	1	79	206		0
1	79	-1	0	206		0
1	79	-1	0	206		0
1	1	-1	0	206		0
1	245	-1	0	206		0
1	214	-1	0	206		0
1	79	-1	0	206		0
1	1	-1	0	206		0
1	245	-1	0	206		0
1	213	1	229	206		0
1	79	-1	0	206		0
1	229	-1	0	206		0
1	15	-1	0	206		0
1	240	-1	0	206		0
1	79	-1	0	206		0
1	17	-1	0	206		0
1	1	-1	0	206		0
0	0	-1	0	207		0
1	245	-1	0	207		0
1	212	1	79	207	0062	1
1	79	-1	0	207		0
1	79	-1	0	207		0
1	1	-1	0	207		0
1	245	-1	0	207		0
1	213	1	10	207	0062	1
1	79	-1	0	207		0
1	10	-1	0	207		0
1	1	-1	0	207		0
1	245	-1	0	207		0
1	213	1	10	207		1
1	79	-1	0	207		0
1	10	-1	0	207		0
1	1	-1	0	207		0
1	245	-1	0	207		0
1	213	1	14	207	0062	1
1	79	-1	0	207		0
1	14	-1	0	207		0
1	1	-1	0	207		0
1	245	-1	0	207		0
1	213	1	8	207	00310036	1
1	79	-1	0	207		0
1	8	-1	0	207		0
1	1	-1	0	207		0
1	245	-1	0	207		0
1	213	1	8	207	00310030	1
1	79	-1	0	207		0
1	8	-1	0	207		0
1	1	-1	0	207		0
1	245	-1	0	207		0
1	213	1	79	207	007600610072006900610062006c0065	1
1	79	-1	0	207		0
1	79	-1	0	207		0
1	1	-1	0	207		0
1	245	-1	0	207		0
1	213	1	79	207	007600610072006900610062006c0065	1
1	79	-1	0	207		0
1	218	-1	0	207		0
1	218	-1	0	207		0
1	79	-1	0	207		0
1	1	-1	0	207		0
1	245	-1	0	207		0
1	213	1	10	207	0062	1
1	79	-1	0	207		0
1	218	-1	0	207		0
1	218	-1	0	207		0
1	10	-1	0	207		0
1	1	-1	0	207		0
1	245	-1	0	207		0
1	213	1	8	207	0030	1
1	79	-1	0	207		0
1	218	-1	0	207		0
1	218	-1	0	207		0
1	8	-1	0	207		0
1	1	-1	0	207		0
1	245	-1	0	207		0
1	212	1	80	207		0
1	79	-1	0	207		0
1	80	-1	0	207		0
1	1	-1	0	207		0
1	245	-1	0	207		0
1	213	1	80	207		0
1	79	-1	0	207		0
1	80	-1	0	207		0
1	1	-1	0	207		0
1	245	-1	0	207		0
1	213	1	10	207	d83dde00	1
1	79	-1	0	207		0
1	10	-1	0	207		0
1	1	-1	0	207		0
1	245	-1	0	207		0
1	213	1	10	207	00610062	1
1	79	-1	0	207		0
1	10	-1	0	207		0
1	1	-1	0	207		0
1	245	-1	0	207		0
1	213	1	10	207	0061000a	1
1	79	-1	0	207		0
1	10	-1	0	207		0
1	1	-1	0	207		0
1	245	-1	0	207		0
1	213	1	111	207		0
1	79	-1	0	207		0
1	111	-1	0	207		0
1	1	-1	0	207		0
1	245	-1	0	207		0
1	213	1	9	207		0
1	79	-1	0	207		0
1	9	-1	0	207		0
1	1	-1	0	207		0
1	245	-1	0	207		0
1	213	1	227	207		0
1	79	-1	0	207		0
1	227	-1	0	207		0
1	79	-1	0	207		0
1	39	-1	0	207		0
1	10	-1	0	207		0
1	1	-1	0	207		0
1	245	-1	0	207		0
1	212	1	79	207	0062	1
1	79	-1	0	207		0
1	28	-1	0	207		0
1	79	-1	0	207		0
1	1	-1	0	207		0
1	245	-1	0	207		0
1	213	1	10	207	0062	1
1	79	-1	0	207		0
1	28	-1	0	207		0
1	10	-1	0	207		0
1	1	-1	0	207		0
1	245	-1	0	207		0
1	218	-1	0	207		0
1	212	1	79	207	0062	1
1	79	-1	0	207		0
1	79	-1	0	207		0
1	1	-1	0	207		0
1	245	-1	0	207		0
1	214	-1	0	207		0
1	79	-1	0	207		0
1	1	-1	0	207		0
1	245	-1	0	207		0
1	213	1	229	207		0
1	79	-1	0	207		0
1	229	-1	0	207		0
1	15	-1	0	207		0
1	240	-1	0	207		0
1	79	-1	0	207		0
1	17	-1	0	207		0
1	1	-1	0	207		0
0	0	-1	0	208		0
1	245	-1	0	208		0
1	212	1	79	208		0
1	79	-1	0	208		0
1	79	-1	0	208		0
1	1	-1	0	208		0
1	245	-1	0	208		0
1	213	1	10	208		0
1	79	-1	0	208		0
1	10	-1	0	208		0
1	1	-1	0	208		0
1	245	-1	0	208		0
1	213	1	10	208		0
1	79	-1	0	208		0
1	10	-1	0	208		0
1	1	-1	0	208		0
1	245	-1	0	208		0
1	213	1	14	208		0
1	79	-1	0	208		0
1	14	-1	0	208		0
1	1	-1	0	208		0
1	245	-1	0	208		0
1	213	1	8	208		0
1	79	-1	0	208		0
1	8	-1	0	208		0
1	1	-1	0	208		0
1	245	-1	0	208		0
1	213	1	8	208		0
1	79	-1	0	208		0
1	8	-1	0	208		0
1	1	-1	0	208		0
1	245	-1	0	208		0
1	213	1	79	208		0
1	79	-1	0	208		0
1	79	-1	0	208		0
1	1	-1	0	208		0
1	245	-1	0	208		0
1	213	1	79	208		0
1	79	-1	0	208		0
1	218	-1	0	208		0
1	218	-1	0	208		0
1	79	-1	0	208		0
1	1	-1	0	208		0
1	245	-1	0	208		0
1	213	1	10	208		0
1	79	-1	0	208		0
1	218	-1	0	208		0
1	218	-1	0	208		0
1	10	-1	0	208		0
1	1	-1	0	208		0
1	245	-1	0	208		0
1	213	1	8	208		0
1	79	-1	0	208		0
1	218	-1	0	208		0
1	218	-1	0	208		0
1	8	-1	0	208		0
1	1	-1	0	208		0
1	245	-1	0	208		0
1	212	1	80	208	00230070007200690076006100740065	1
1	79	-1	0	208		0
1	80	-1	0	208		0
1	1	-1	0	208		0
1	245	-1	0	208		0
1	213	1	80	208	00230070007200690076006100740065	1
1	79	-1	0	208		0
1	80	-1	0	208		0
1	1	-1	0	208		0
1	245	-1	0	208		0
1	213	1	10	208		0
1	79	-1	0	208		0
1	10	-1	0	208		0
1	1	-1	0	208		0
1	245	-1	0	208		0
1	213	1	10	208		0
1	79	-1	0	208		0
1	10	-1	0	208		0
1	1	-1	0	208		0
1	245	-1	0	208		0
1	213	1	10	208		0
1	79	-1	0	208		0
1	10	-1	0	208		0
1	1	-1	0	208		0
1	245	-1	0	208		0
1	213	1	111	208		0
1	79	-1	0	208		0
1	111	-1	0	208		0
1	1	-1	0	208		0
1	245	-1	0	208		0
1	213	1	9	208		0
1	79	-1	0	208		0
1	9	-1	0	208		0
1	1	-1	0	208		0
1	245	-1	0	208		0
1	213	1	227	208		0
1	79	-1	0	208		0
1	227	-1	0	208		0
1	79	-1	0	208		0
1	39	-1	0	208		0
1	10	-1	0	208		0
1	1	-1	0	208		0
1	245	-1	0	208		0
1	212	1	79	208		0
1	79	-1	0	208		0
1	28	-1	0	208		0
1	79	-1	0	208		0
1	1	-1	0	208		0
1	245	-1	0	208		0
1	213	1	10	208		0
1	79	-1	0	208		0
1	28	-1	0	208		0
1	10	-1	0	208		0
1	1	-1	0	208		0
1	245	-1	0	208		0
1	218	-1	0	208		0
1	212	1	79	208		0
1	79	-1	0	208		0
1	79	-1	0	208		0
1	1	-1	0	208		0
1	245	-1	0	208		0
1	214	-1	0	208		0
1	79	-1	0	208		0
1	1	-1	0	208		0
1	245	-1	0	208		0
1	213	1	229	208		0
1	79	-1	0	208		0
1	229	-1	0	208		0
1	15	-1	0	208		0
1	240	-1	0	208		0
1	79	-1	0	208		0
1	17	-1	0	208		0
1	1	-1	0	208		0
0	0	-1	0	209		0
1	245	-1	0	209		0
1	212	1	79	209	0062	1
1	79	-1	0	209		0
1	79	-1	0	209		0
1	1	-1	0	209		0
1	245	-1	0	209		0
1	213	1	10	209		0
1	79	-1	0	209		0
1	10	-1	0	209		0
1	1	-1	0	209		0
1	245	-1	0	209		0
1	213	1	10	209		0
1	79	-1	0	209		0
1	10	-1	0	209		0
1	1	-1	0	209		0
1	245	-1	0	209		0
1	213	1	14	209		0
1	79	-1	0	209		0
1	14	-1	0	209		0
1	1	-1	0	209		0
1	245	-1	0	209		0
1	213	1	8	209		0
1	79	-1	0	209		0
1	8	-1	0	209		0
1	1	-1	0	209		0
1	245	-1	0	209		0
1	213	1	8	209		0
1	79	-1	0	209		0
1	8	-1	0	209		0
1	1	-1	0	209		0
1	245	-1	0	209		0
1	213	1	79	209	007600610072006900610062006c0065	1
1	79	-1	0	209		0
1	79	-1	0	209		0
1	1	-1	0	209		0
1	245	-1	0	209		0
1	213	1	79	209	007600610072006900610062006c0065	1
1	79	-1	0	209		0
1	218	-1	0	209		0
1	218	-1	0	209		0
1	79	-1	0	209		0
1	1	-1	0	209		0
1	245	-1	0	209		0
1	213	1	10	209		0
1	79	-1	0	209		0
1	218	-1	0	209		0
1	218	-1	0	209		0
1	10	-1	0	209		0
1	1	-1	0	209		0
1	245	-1	0	209		0
1	213	1	8	209		0
1	79	-1	0	209		0
1	218	-1	0	209		0
1	218	-1	0	209		0
1	8	-1	0	209		0
1	1	-1	0	209		0
1	245	-1	0	209		0
1	212	1	80	209	00230070007200690076006100740065	1
1	79	-1	0	209		0
1	80	-1	0	209		0
1	1	-1	0	209		0
1	245	-1	0	209		0
1	213	1	80	209	00230070007200690076006100740065	1
1	79	-1	0	209		0
1	80	-1	0	209		0
1	1	-1	0	209		0
1	245	-1	0	209		0
1	213	1	10	209		0
1	79	-1	0	209		0
1	10	-1	0	209		0
1	1	-1	0	209		0
1	245	-1	0	209		0
1	213	1	10	209		0
1	79	-1	0	209		0
1	10	-1	0	209		0
1	1	-1	0	209		0
1	245	-1	0	209		0
1	213	1	10	209		0
1	79	-1	0	209		0
1	10	-1	0	209		0
1	1	-1	0	209		0
1	245	-1	0	209		0
1	213	1	111	209		0
1	79	-1	0	209		0
1	111	-1	0	209		0
1	1	-1	0	209		0
1	245	-1	0	209		0
1	213	1	9	209		0
1	79	-1	0	209		0
1	9	-1	0	209		0
1	1	-1	0	209		0
1	245	-1	0	209		0
1	213	1	227	209		0
1	79	-1	0	209		0
1	227	-1	0	209		0
1	79	-1	0	209		0
1	39	-1	0	209		0
1	10	-1	0	209		0
1	1	-1	0	209		0
1	245	-1	0	209		0
1	212	1	79	209	0062	1
1	79	-1	0	209		0
1	28	-1	0	209		0
1	79	-1	0	209		0
1	1	-1	0	209		0
1	245	-1	0	209		0
1	213	1	10	209		0
1	79	-1	0	209		0
1	28	-1	0	209		0
1	10	-1	0	209		0
1	1	-1	0	209		0
1	245	-1	0	209		0
1	218	-1	0	209		0
1	212	1	79	209	0062	1
1	79	-1	0	209		0
1	79	-1	0	209		0
1	1	-1	0	209		0
1	245	-1	0	209		0
1	214	-1	0	209		0
1	79	-1	0	209		0
1	1	-1	0	209		0
1	245	-1	0	209		0
1	213	1	229	209		0
1	79	-1	0	209		0
1	229	-1	0	209		0
1	15	-1	0	209		0
1	240	-1	0	209		0
1	79	-1	0	209		0
1	17	-1	0	209		0
1	1	-1	0	209		0
0	0	-1	0	210		0
1	245	-1	0	210		0
1	212	1	79	210		0
1	79	-1	0	210		0
1	79	-1	0	210		0
1	1	-1	0	210		0
1	245	-1	0	210		0
1	213	1	10	210	0062	1
1	79	-1	0	210		0
1	10	-1	0	210		0
1	1	-1	0	210		0
1	245	-1	0	210		0
1	213	1	10	210		1
1	79	-1	0	210		0
1	10	-1	0	210		0
1	1	-1	0	210		0
1	245	-1	0	210		0
1	213	1	14	210		0
1	79	-1	0	210		0
1	14	-1	0	210		0
1	1	-1	0	210		0
1	245	-1	0	210		0
1	213	1	8	210		0
1	79	-1	0	210		0
1	8	-1	0	210		0
1	1	-1	0	210		0
1	245	-1	0	210		0
1	213	1	8	210		0
1	79	-1	0	210		0
1	8	-1	0	210		0
1	1	-1	0	210		0
1	245	-1	0	210		0
1	213	1	79	210		0
1	79	-1	0	210		0
1	79	-1	0	210		0
1	1	-1	0	210		0
1	245	-1	0	210		0
1	213	1	79	210		0
1	79	-1	0	210		0
1	218	-1	0	210		0
1	218	-1	0	210		0
1	79	-1	0	210		0
1	1	-1	0	210		0
1	245	-1	0	210		0
1	213	1	10	210	0062	1
1	79	-1	0	210		0
1	218	-1	0	210		0
1	218	-1	0	210		0
1	10	-1	0	210		0
1	1	-1	0	210		0
1	245	-1	0	210		0
1	213	1	8	210		0
1	79	-1	0	210		0
1	218	-1	0	210		0
1	218	-1	0	210		0
1	8	-1	0	210		0
1	1	-1	0	210		0
1	245	-1	0	210		0
1	212	1	80	210	00230070007200690076006100740065	1
1	79	-1	0	210		0
1	80	-1	0	210		0
1	1	-1	0	210		0
1	245	-1	0	210		0
1	213	1	80	210	00230070007200690076006100740065	1
1	79	-1	0	210		0
1	80	-1	0	210		0
1	1	-1	0	210		0
1	245	-1	0	210		0
1	213	1	10	210	d83dde00	1
1	79	-1	0	210		0
1	10	-1	0	210		0
1	1	-1	0	210		0
1	245	-1	0	210		0
1	213	1	10	210	00610062	1
1	79	-1	0	210		0
1	10	-1	0	210		0
1	1	-1	0	210		0
1	245	-1	0	210		0
1	213	1	10	210	0061000a	1
1	79	-1	0	210		0
1	10	-1	0	210		0
1	1	-1	0	210		0
1	245	-1	0	210		0
1	213	1	111	210		0
1	79	-1	0	210		0
1	111	-1	0	210		0
1	1	-1	0	210		0
1	245	-1	0	210		0
1	213	1	9	210		0
1	79	-1	0	210		0
1	9	-1	0	210		0
1	1	-1	0	210		0
1	245	-1	0	210		0
1	213	1	227	210		0
1	79	-1	0	210		0
1	227	-1	0	210		0
1	79	-1	0	210		0
1	39	-1	0	210		0
1	10	-1	0	210		0
1	1	-1	0	210		0
1	245	-1	0	210		0
1	212	1	79	210		0
1	79	-1	0	210		0
1	28	-1	0	210		0
1	79	-1	0	210		0
1	1	-1	0	210		0
1	245	-1	0	210		0
1	213	1	10	210	0062	1
1	79	-1	0	210		0
1	28	-1	0	210		0
1	10	-1	0	210		0
1	1	-1	0	210		0
1	245	-1	0	210		0
1	218	-1	0	210		0
1	212	1	79	210		0
1	79	-1	0	210		0
1	79	-1	0	210		0
1	1	-1	0	210		0
1	245	-1	0	210		0
1	214	-1	0	210		0
1	79	-1	0	210		0
1	1	-1	0	210		0
1	245	-1	0	210		0
1	213	1	229	210		0
1	79	-1	0	210		0
1	229	-1	0	210		0
1	15	-1	0	210		0
1	240	-1	0	210		0
1	79	-1	0	210		0
1	17	-1	0	210		0
1	1	-1	0	210		0
0	0	-1	0	211		0
1	245	-1	0	211		0
1	212	1	79	211	0062	1
1	79	-1	0	211		0
1	79	-1	0	211		0
1	1	-1	0	211		0
1	245	-1	0	211		0
1	213	1	10	211	0062	1
1	79	-1	0	211		0
1	10	-1	0	211		0
1	1	-1	0	211		0
1	245	-1	0	211		0
1	213	1	10	211		1
1	79	-1	0	211		0
1	10	-1	0	211		0
1	1	-1	0	211		0
1	245	-1	0	211		0
1	213	1	14	211		0
1	79	-1	0	211		0
1	14	-1	0	211		0
1	1	-1	0	211		0
1	245	-1	0	211		0
1	213	1	8	211		0
1	79	-1	0	211		0
1	8	-1	0	211		0
1	1	-1	0	211		0
1	245	-1	0	211		0
1	213	1	8	211		0
1	79	-1	0	211		0
1	8	-1	0	211		0
1	1	-1	0	211		0
1	245	-1	0	211		0
1	213	1	79	211	007600610072006900610062006c0065	1
1	79	-1	0	211		0
1	79	-1	0	211		0
1	1	-1	0	211		0
1	245	-1	0	211		0
1	213	1	79	211	007600610072006900610062006c0065	1
1	79	-1	0	211		0
1	218	-1	0	211		0
1	218	-1	0	211		0
1	79	-1	0	211		0
1	1	-1	0	211		0
1	245	-1	0	211		0
1	213	1	10	211	0062	1
1	79	-1	0	211		0
1	218	-1	0	211		0
1	218	-1	0	211		0
1	10	-1	0	211		0
1	1	-1	0	211		0
1	245	-1	0	211		0
1	213	1	8	211		0
1	79	-1	0	211		0
1	218	-1	0	211		0
1	218	-1	0	211		0
1	8	-1	0	211		0
1	1	-1	0	211		0
1	245	-1	0	211		0
1	212	1	80	211	00230070007200690076006100740065	1
1	79	-1	0	211		0
1	80	-1	0	211		0
1	1	-1	0	211		0
1	245	-1	0	211		0
1	213	1	80	211	00230070007200690076006100740065	1
1	79	-1	0	211		0
1	80	-1	0	211		0
1	1	-1	0	211		0
1	245	-1	0	211		0
1	213	1	10	211	d83dde00	1
1	79	-1	0	211		0
1	10	-1	0	211		0
1	1	-1	0	211		0
1	245	-1	0	211		0
1	213	1	10	211	00610062	1
1	79	-1	0	211		0
1	10	-1	0	211		0
1	1	-1	0	211		0
1	245	-1	0	211		0
1	213	1	10	211	0061000a	1
1	79	-1	0	211		0
1	10	-1	0	211		0
1	1	-1	0	211		0
1	245	-1	0	211		0
1	213	1	111	211		0
1	79	-1	0	211		0
1	111	-1	0	211		0
1	1	-1	0	211		0
1	245	-1	0	211		0
1	213	1	9	211		0
1	79	-1	0	211		0
1	9	-1	0	211		0
1	1	-1	0	211		0
1	245	-1	0	211		0
1	213	1	227	211		0
1	79	-1	0	211		0
1	227	-1	0	211		0
1	79	-1	0	211		0
1	39	-1	0	211		0
1	10	-1	0	211		0
1	1	-1	0	211		0
1	245	-1	0	211		0
1	212	1	79	211	0062	1
1	79	-1	0	211		0
1	28	-1	0	211		0
1	79	-1	0	211		0
1	1	-1	0	211		0
1	245	-1	0	211		0
1	213	1	10	211	0062	1
1	79	-1	0	211		0
1	28	-1	0	211		0
1	10	-1	0	211		0
1	1	-1	0	211		0
1	245	-1	0	211		0
1	218	-1	0	211		0
1	212	1	79	211	0062	1
1	79	-1	0	211		0
1	79	-1	0	211		0
1	1	-1	0	211		0
1	245	-1	0	211		0
1	214	-1	0	211		0
1	79	-1	0	211		0
1	1	-1	0	211		0
1	245	-1	0	211		0
1	213	1	229	211		0
1	79	-1	0	211		0
1	229	-1	0	211		0
1	15	-1	0	211		0
1	240	-1	0	211		0
1	79	-1	0	211		0
1	17	-1	0	211		0
1	1	-1	0	211		0
0	0	-1	0	212		0
1	245	-1	0	212		0
1	212	1	79	212		0
1	79	-1	0	212		0
1	79	-1	0	212		0
1	1	-1	0	212		0
1	245	-1	0	212		0
1	213	1	10	212		0
1	79	-1	0	212		0
1	10	-1	0	212		0
1	1	-1	0	212		0
1	245	-1	0	212		0
1	213	1	10	212		0
1	79	-1	0	212		0
1	10	-1	0	212		0
1	1	-1	0	212		0
1	245	-1	0	212		0
1	213	1	14	212	0062	1
1	79	-1	0	212		0
1	14	-1	0	212		0
1	1	-1	0	212		0
1	245	-1	0	212		0
1	213	1	8	212		0
1	79	-1	0	212		0
1	8	-1	0	212		0
1	1	-1	0	212		0
1	245	-1	0	212		0
1	213	1	8	212		0
1	79	-1	0	212		0
1	8	-1	0	212		0
1	1	-1	0	212		0
1	245	-1	0	212		0
1	213	1	79	212		0
1	79	-1	0	212		0
1	79	-1	0	212		0
1	1	-1	0	212		0
1	245	-1	0	212		0
1	213	1	79	212		0
1	79	-1	0	212		0
1	218	-1	0	212		0
1	218	-1	0	212		0
1	79	-1	0	212		0
1	1	-1	0	212		0
1	245	-1	0	212		0
1	213	1	10	212		0
1	79	-1	0	212		0
1	218	-1	0	212		0
1	218	-1	0	212		0
1	10	-1	0	212		0
1	1	-1	0	212		0
1	245	-1	0	212		0
1	213	1	8	212		0
1	79	-1	0	212		0
1	218	-1	0	212		0
1	218	-1	0	212		0
1	8	-1	0	212		0
1	1	-1	0	212		0
1	245	-1	0	212		0
1	212	1	80	212	00230070007200690076006100740065	1
1	79	-1	0	212		0
1	80	-1	0	212		0
1	1	-1	0	212		0
1	245	-1	0	212		0
1	213	1	80	212	00230070007200690076006100740065	1
1	79	-1	0	212		0
1	80	-1	0	212		0
1	1	-1	0	212		0
1	245	-1	0	212		0
1	213	1	10	212		0
1	79	-1	0	212		0
1	10	-1	0	212		0
1	1	-1	0	212		0
1	245	-1	0	212		0
1	213	1	10	212		0
1	79	-1	0	212		0
1	10	-1	0	212		0
1	1	-1	0	212		0
1	245	-1	0	212		0
1	213	1	10	212		0
1	79	-1	0	212		0
1	10	-1	0	212		0
1	1	-1	0	212		0
1	245	-1	0	212		0
1	213	1	111	212		0
1	79	-1	0	212		0
1	111	-1	0	212		0
1	1	-1	0	212		0
1	245	-1	0	212		0
1	213	1	9	212		0
1	79	-1	0	212		0
1	9	-1	0	212		0
1	1	-1	0	212		0
1	245	-1	0	212		0
1	213	1	227	212		0
1	79	-1	0	212		0
1	227	-1	0	212		0
1	79	-1	0	212		0
1	39	-1	0	212		0
1	10	-1	0	212		0
1	1	-1	0	212		0
1	245	-1	0	212		0
1	212	1	79	212		0
1	79	-1	0	212		0
1	28	-1	0	212		0
1	79	-1	0	212		0
1	1	-1	0	212		0
1	245	-1	0	212		0
1	213	1	10	212		0
1	79	-1	0	212		0
1	28	-1	0	212		0
1	10	-1	0	212		0
1	1	-1	0	212		0
1	245	-1	0	212		0
1	218	-1	0	212		0
1	212	1	79	212		0
1	79	-1	0	212		0
1	79	-1	0	212		0
1	1	-1	0	212		0
1	245	-1	0	212		0
1	214	-1	0	212		0
1	79	-1	0	212		0
1	1	-1	0	212		0
1	245	-1	0	212		0
1	213	1	229	212		0
1	79	-1	0	212		0
1	229	-1	0	212		0
1	15	-1	0	212		0
1	240	-1	0	212		0
1	79	-1	0	212		0
1	17	-1	0	212		0
1	1	-1	0	212		0
0	0	-1	0	213		0
1	245	-1	0	213		0
1	212	1	79	213	0062	1
1	79	-1	0	213		0
1	79	-1	0	213		0
1	1	-1	0	213		0
1	245	-1	0	213		0
1	213	1	10	213		0
1	79	-1	0	213		0
1	10	-1	0	213		0
1	1	-1	0	213		0
1	245	-1	0	213		0
1	213	1	10	213		0
1	79	-1	0	213		0
1	10	-1	0	213		0
1	1	-1	0	213		0
1	245	-1	0	213		0
1	213	1	14	213	0062	1
1	79	-1	0	213		0
1	14	-1	0	213		0
1	1	-1	0	213		0
1	245	-1	0	213		0
1	213	1	8	213		0
1	79	-1	0	213		0
1	8	-1	0	213		0
1	1	-1	0	213		0
1	245	-1	0	213		0
1	213	1	8	213		0
1	79	-1	0	213		0
1	8	-1	0	213		0
1	1	-1	0	213		0
1	245	-1	0	213		0
1	213	1	79	213	007600610072006900610062006c0065	1
1	79	-1	0	213		0
1	79	-1	0	213		0
1	1	-1	0	213		0
1	245	-1	0	213		0
1	213	1	79	213	007600610072006900610062006c0065	1
1	79	-1	0	213		0
1	218	-1	0	213		0
1	218	-1	0	213		0
1	79	-1	0	213		0
1	1	-1	0	213		0
1	245	-1	0	213		0
1	213	1	10	213		0
1	79	-1	0	213		0
1	218	-1	0	213		0
1	218	-1	0	213		0
1	10	-1	0	213		0
1	1	-1	0	213		0
1	245	-1	0	213		0
1	213	1	8	213		0
1	79	-1	0	213		0
1	218	-1	0	213		0
1	218	-1	0	213		0
1	8	-1	0	213		0
1	1	-1	0	213		0
1	245	-1	0	213		0
1	212	1	80	213	00230070007200690076006100740065	1
1	79	-1	0	213		0
1	80	-1	0	213		0
1	1	-1	0	213		0
1	245	-1	0	213		0
1	213	1	80	213	00230070007200690076006100740065	1
1	79	-1	0	213		0
1	80	-1	0	213		0
1	1	-1	0	213		0
1	245	-1	0	213		0
1	213	1	10	213		0
1	79	-1	0	213		0
1	10	-1	0	213		0
1	1	-1	0	213		0
1	245	-1	0	213		0
1	213	1	10	213		0
1	79	-1	0	213		0
1	10	-1	0	213		0
1	1	-1	0	213		0
1	245	-1	0	213		0
1	213	1	10	213		0
1	79	-1	0	213		0
1	10	-1	0	213		0
1	1	-1	0	213		0
1	245	-1	0	213		0
1	213	1	111	213		0
1	79	-1	0	213		0
1	111	-1	0	213		0
1	1	-1	0	213		0
1	245	-1	0	213		0
1	213	1	9	213		0
1	79	-1	0	213		0
1	9	-1	0	213		0
1	1	-1	0	213		0
1	245	-1	0	213		0
1	213	1	227	213		0
1	79	-1	0	213		0
1	227	-1	0	213		0
1	79	-1	0	213		0
1	39	-1	0	213		0
1	10	-1	0	213		0
1	1	-1	0	213		0
1	245	-1	0	213		0
1	212	1	79	213	0062	1
1	79	-1	0	213		0
1	28	-1	0	213		0
1	79	-1	0	213		0
1	1	-1	0	213		0
1	245	-1	0	213		0
1	213	1	10	213		0
1	79	-1	0	213		0
1	28	-1	0	213		0
1	10	-1	0	213		0
1	1	-1	0	213		0
1	245	-1	0	213		0
1	218	-1	0	213		0
1	212	1	79	213	0062	1
1	79	-1	0	213		0
1	79	-1	0	213		0
1	1	-1	0	213		0
1	245	-1	0	213		0
1	214	-1	0	213		0
1	79	-1	0	213		0
1	1	-1	0	213		0
1	245	-1	0	213		0
1	213	1	229	213		0
1	79	-1	0	213		0
1	229	-1	0	213		0
1	15	-1	0	213		0
1	240	-1	0	213		0
1	79	-1	0	213		0
1	17	-1	0	213		0
1	1	-1	0	213		0
0	0	-1	0	214		0
1	245	-1	0	214		0
1	212	1	79	214		0
1	79	-1	0	214		0
1	79	-1	0	214		0
1	1	-1	0	214		0
1	245	-1	0	214		0
1	213	1	10	214	0062	1
1	79	-1	0	214		0
1	10	-1	0	214		0
1	1	-1	0	214		0
1	245	-1	0	214		0
1	213	1	10	214		1
1	79	-1	0	214		0
1	10	-1	0	214		0
1	1	-1	0	214		0
1	245	-1	0	214		0
1	213	1	14	214	0062	1
1	79	-1	0	214		0
1	14	-1	0	214		0
1	1	-1	0	214		0
1	245	-1	0	214		0
1	213	1	8	214		0
1	79	-1	0	214		0
1	8	-1	0	214		0
1	1	-1	0	214		0
1	245	-1	0	214		0
1	213	1	8	214		0
1	79	-1	0	214		0
1	8	-1	0	214		0
1	1	-1	0	214		0
1	245	-1	0	214		0
1	213	1	79	214		0
1	79	-1	0	214		0
1	79	-1	0	214		0
1	1	-1	0	214		0
1	245	-1	0	214		0
1	213	1	79	214		0
1	79	-1	0	214		0
1	218	-1	0	214		0
1	218	-1	0	214		0
1	79	-1	0	214		0
1	1	-1	0	214		0
1	245	-1	0	214		0
1	213	1	10	214	0062	1
1	79	-1	0	214		0
1	218	-1	0	214		0
1	218	-1	0	214		0
1	10	-1	0	214		0
1	1	-1	0	214		0
1	245	-1	0	214		0
1	213	1	8	214		0
1	79	-1	0	214		0
1	218	-1	0	214		0
1	218	-1	0	214		0
1	8	-1	0	214		0
1	1	-1	0	214		0
1	245	-1	0	214		0
1	212	1	80	214	00230070007200690076006100740065	1
1	79	-1	0	214		0
1	80	-1	0	214		0
1	1	-1	0	214		0
1	245	-1	0	214		0
1	213	1	80	214	00230070007200690076006100740065	1
1	79	-1	0	214		0
1	80	-1	0	214		0
1	1	-1	0	214		0
1	245	-1	0	214		0
1	213	1	10	214	d83dde00	1
1	79	-1	0	214		0
1	10	-1	0	214		0
1	1	-1	0	214		0
1	245	-1	0	214		0
1	213	1	10	214	00610062	1
1	79	-1	0	214		0
1	10	-1	0	214		0
1	1	-1	0	214		0
1	245	-1	0	214		0
1	213	1	10	214	0061000a	1
1	79	-1	0	214		0
1	10	-1	0	214		0
1	1	-1	0	214		0
1	245	-1	0	214		0
1	213	1	111	214		0
1	79	-1	0	214		0
1	111	-1	0	214		0
1	1	-1	0	214		0
1	245	-1	0	214		0
1	213	1	9	214		0
1	79	-1	0	214		0
1	9	-1	0	214		0
1	1	-1	0	214		0
1	245	-1	0	214		0
1	213	1	227	214		0
1	79	-1	0	214		0
1	227	-1	0	214		0
1	79	-1	0	214		0
1	39	-1	0	214		0
1	10	-1	0	214		0
1	1	-1	0	214		0
1	245	-1	0	214		0
1	212	1	79	214		0
1	79	-1	0	214		0
1	28	-1	0	214		0
1	79	-1	0	214		0
1	1	-1	0	214		0
1	245	-1	0	214		0
1	213	1	10	214	0062	1
1	79	-1	0	214		0
1	28	-1	0	214		0
1	10	-1	0	214		0
1	1	-1	0	214		0
1	245	-1	0	214		0
1	218	-1	0	214		0
1	212	1	79	214		0
1	79	-1	0	214		0
1	79	-1	0	214		0
1	1	-1	0	214		0
1	245	-1	0	214		0
1	214	-1	0	214		0
1	79	-1	0	214		0
1	1	-1	0	214		0
1	245	-1	0	214		0
1	213	1	229	214		0
1	79	-1	0	214		0
1	229	-1	0	214		0
1	15	-1	0	214		0
1	240	-1	0	214		0
1	79	-1	0	214		0
1	17	-1	0	214		0
1	1	-1	0	214		0
0	0	-1	0	215		0
1	245	-1	0	215		0
1	212	1	79	215	0062	1
1	79	-1	0	215		0
1	79	-1	0	215		0
1	1	-1	0	215		0
1	245	-1	0	215		0
1	213	1	10	215	0062	1
1	79	-1	0	215		0
1	10	-1	0	215		0
1	1	-1	0	215		0
1	245	-1	0	215		0
1	213	1	10	215		1
1	79	-1	0	215		0
1	10	-1	0	215		0
1	1	-1	0	215		0
1	245	-1	0	215		0
1	213	1	14	215	0062	1
1	79	-1	0	215		0
1	14	-1	0	215		0
1	1	-1	0	215		0
1	245	-1	0	215		0
1	213	1	8	215		0
1	79	-1	0	215		0
1	8	-1	0	215		0
1	1	-1	0	215		0
1	245	-1	0	215		0
1	213	1	8	215		0
1	79	-1	0	215		0
1	8	-1	0	215		0
1	1	-1	0	215		0
1	245	-1	0	215		0
1	213	1	79	215	007600610072006900610062006c0065	1
1	79	-1	0	215		0
1	79	-1	0	215		0
1	1	-1	0	215		0
1	245	-1	0	215		0
1	213	1	79	215	007600610072006900610062006c0065	1
1	79	-1	0	215		0
1	218	-1	0	215		0
1	218	-1	0	215		0
1	79	-1	0	215		0
1	1	-1	0	215		0
1	245	-1	0	215		0
1	213	1	10	215	0062	1
1	79	-1	0	215		0
1	218	-1	0	215		0
1	218	-1	0	215		0
1	10	-1	0	215		0
1	1	-1	0	215		0
1	245	-1	0	215		0
1	213	1	8	215		0
1	79	-1	0	215		0
1	218	-1	0	215		0
1	218	-1	0	215		0
1	8	-1	0	215		0
1	1	-1	0	215		0
1	245	-1	0	215		0
1	212	1	80	215	00230070007200690076006100740065	1
1	79	-1	0	215		0
1	80	-1	0	215		0
1	1	-1	0	215		0
1	245	-1	0	215		0
1	213	1	80	215	00230070007200690076006100740065	1
1	79	-1	0	215		0
1	80	-1	0	215		0
1	1	-1	0	215		0
1	245	-1	0	215		0
1	213	1	10	215	d83dde00	1
1	79	-1	0	215		0
1	10	-1	0	215		0
1	1	-1	0	215		0
1	245	-1	0	215		0
1	213	1	10	215	00610062	1
1	79	-1	0	215		0
1	10	-1	0	215		0
1	1	-1	0	215		0
1	245	-1	0	215		0
1	213	1	10	215	0061000a	1
1	79	-1	0	215		0
1	10	-1	0	215		0
1	1	-1	0	215		0
1	245	-1	0	215		0
1	213	1	111	215		0
1	79	-1	0	215		0
1	111	-1	0	215		0
1	1	-1	0	215		0
1	245	-1	0	215		0
1	213	1	9	215		0
1	79	-1	0	215		0
1	9	-1	0	215		0
1	1	-1	0	215		0
1	245	-1	0	215		0
1	213	1	227	215		0
1	79	-1	0	215		0
1	227	-1	0	215		0
1	79	-1	0	215		0
1	39	-1	0	215		0
1	10	-1	0	215		0
1	1	-1	0	215		0
1	245	-1	0	215		0
1	212	1	79	215	0062	1
1	79	-1	0	215		0
1	28	-1	0	215		0
1	79	-1	0	215		0
1	1	-1	0	215		0
1	245	-1	0	215		0
1	213	1	10	215	0062	1
1	79	-1	0	215		0
1	28	-1	0	215		0
1	10	-1	0	215		0
1	1	-1	0	215		0
1	245	-1	0	215		0
1	218	-1	0	215		0
1	212	1	79	215	0062	1
1	79	-1	0	215		0
1	79	-1	0	215		0
1	1	-1	0	215		0
1	245	-1	0	215		0
1	214	-1	0	215		0
1	79	-1	0	215		0
1	1	-1	0	215		0
1	245	-1	0	215		0
1	213	1	229	215		0
1	79	-1	0	215		0
1	229	-1	0	215		0
1	15	-1	0	215		0
1	240	-1	0	215		0
1	79	-1	0	215		0
1	17	-1	0	215		0
1	1	-1	0	215		0
0	0	-1	0	216		0
1	245	-1	0	216		0
1	212	1	79	216		0
1	79	-1	0	216		0
1	79	-1	0	216		0
1	1	-1	0	216		0
1	245	-1	0	216		0
1	213	1	10	216		0
1	79	-1	0	216		0
1	10	-1	0	216		0
1	1	-1	0	216		0
1	245	-1	0	216		0
1	213	1	10	216		0
1	79	-1	0	216		0
1	10	-1	0	216		0
1	1	-1	0	216		0
1	245	-1	0	216		0
1	213	1	14	216		0
1	79	-1	0	216		0
1	14	-1	0	216		0
1	1	-1	0	216		0
1	245	-1	0	216		0
1	213	1	8	216	00310036	1
1	79	-1	0	216		0
1	8	-1	0	216		0
1	1	-1	0	216		0
1	245	-1	0	216		0
1	213	1	8	216	00310030	1
1	79	-1	0	216		0
1	8	-1	0	216		0
1	1	-1	0	216		0
1	245	-1	0	216		0
1	213	1	79	216		0
1	79	-1	0	216		0
1	79	-1	0	216		0
1	1	-1	0	216		0
1	245	-1	0	216		0
1	213	1	79	216		0
1	79	-1	0	216		0
1	218	-1	0	216		0
1	218	-1	0	216		0
1	79	-1	0	216		0
1	1	-1	0	216		0
1	245	-1	0	216		0
1	213	1	10	216		0
1	79	-1	0	216		0
1	218	-1	0	216		0
1	218	-1	0	216		0
1	10	-1	0	216		0
1	1	-1	0	216		0
1	245	-1	0	216		0
1	213	1	8	216	0030	1
1	79	-1	0	216		0
1	218	-1	0	216		0
1	218	-1	0	216		0
1	8	-1	0	216		0
1	1	-1	0	216		0
1	245	-1	0	216		0
1	212	1	80	216	00230070007200690076006100740065	1
1	79	-1	0	216		0
1	80	-1	0	216		0
1	1	-1	0	216		0
1	245	-1	0	216		0
1	213	1	80	216	00230070007200690076006100740065	1
1	79	-1	0	216		0
1	80	-1	0	216		0
1	1	-1	0	216		0
1	245	-1	0	216		0
1	213	1	10	216		0
1	79	-1	0	216		0
1	10	-1	0	216		0
1	1	-1	0	216		0
1	245	-1	0	216		0
1	213	1	10	216		0
1	79	-1	0	216		0
1	10	-1	0	216		0
1	1	-1	0	216		0
1	245	-1	0	216		0
1	213	1	10	216		0
1	79	-1	0	216		0
1	10	-1	0	216		0
1	1	-1	0	216		0
1	245	-1	0	216		0
1	213	1	111	216		0
1	79	-1	0	216		0
1	111	-1	0	216		0
1	1	-1	0	216		0
1	245	-1	0	216		0
1	213	1	9	216		0
1	79	-1	0	216		0
1	9	-1	0	216		0
1	1	-1	0	216		0
1	245	-1	0	216		0
1	213	1	227	216		0
1	79	-1	0	216		0
1	227	-1	0	216		0
1	79	-1	0	216		0
1	39	-1	0	216		0
1	10	-1	0	216		0
1	1	-1	0	216		0
1	245	-1	0	216		0
1	212	1	79	216		0
1	79	-1	0	216		0
1	28	-1	0	216		0
1	79	-1	0	216		0
1	1	-1	0	216		0
1	245	-1	0	216		0
1	213	1	10	216		0
1	79	-1	0	216		0
1	28	-1	0	216		0
1	10	-1	0	216		0
1	1	-1	0	216		0
1	245	-1	0	216		0
1	218	-1	0	216		0
1	212	1	79	216		0
1	79	-1	0	216		0
1	79	-1	0	216		0
1	1	-1	0	216		0
1	245	-1	0	216		0
1	214	-1	0	216		0
1	79	-1	0	216		0
1	1	-1	0	216		0
1	245	-1	0	216		0
1	213	1	229	216		0
1	79	-1	0	216		0
1	229	-1	0	216		0
1	15	-1	0	216		0
1	240	-1	0	216		0
1	79	-1	0	216		0
1	17	-1	0	216		0
1	1	-1	0	216		0
0	0	-1	0	217		0
1	245	-1	0	217		0
1	212	1	79	217	0062	1
1	79	-1	0	217		0
1	79	-1	0	217		0
1	1	-1	0	217		0
1	245	-1	0	217		0
1	213	1	10	217		0
1	79	-1	0	217		0
1	10	-1	0	217		0
1	1	-1	0	217		0
1	245	-1	0	217		0
1	213	1	10	217		0
1	79	-1	0	217		0
1	10	-1	0	217		0
1	1	-1	0	217		0
1	245	-1	0	217		0
1	213	1	14	217		0
1	79	-1	0	217		0
1	14	-1	0	217		0
1	1	-1	0	217		0
1	245	-1	0	217		0
1	213	1	8	217	00310036	1
1	79	-1	0	217		0
1	8	-1	0	217		0
1	1	-1	0	217		0
1	245	-1	0	217		0
1	213	1	8	217	00310030	1
1	79	-1	0	217		0
1	8	-1	0	217		0
1	1	-1	0	217		0
1	245	-1	0	217		0
1	213	1	79	217	007600610072006900610062006c0065	1
1	79	-1	0	217		0
1	79	-1	0	217		0
1	1	-1	0	217		0
1	245	-1	0	217		0
1	213	1	79	217	007600610072006900610062006c0065	1
1	79	-1	0	217		0
1	218	-1	0	217		0
1	218	-1	0	217		0
1	79	-1	0	217		0
1	1	-1	0	217		0
1	245	-1	0	217		0
1	213	1	10	217		0
1	79	-1	0	217		0
1	218	-1	0	217		0
1	218	-1	0	217		0
1	10	-1	0	217		0
1	1	-1	0	217		0
1	245	-1	0	217		0
1	213	1	8	217	0030	1
1	79	-1	0	217		0
1	218	-1	0	217		0
1	218	-1	0	217		0
1	8	-1	0	217		0
1	1	-1	0	217		0
1	245	-1	0	217		0
1	212	1	80	217	00230070007200690076006100740065	1
1	79	-1	0	217		0
1	80	-1	0	217		0
1	1	-1	0	217		0
1	245	-1	0	217		0
1	213	1	80	217	00230070007200690076006100740065	1
1	79	-1	0	217		0
1	80	-1	0	217		0
1	1	-1	0	217		0
1	245	-1	0	217		0
1	213	1	10	217		0
1	79	-1	0	217		0
1	10	-1	0	217		0
1	1	-1	0	217		0
1	245	-1	0	217		0
1	213	1	10	217		0
1	79	-1	0	217		0
1	10	-1	0	217		0
1	1	-1	0	217		0
1	245	-1	0	217		0
1	213	1	10	217		0
1	79	-1	0	217		0
1	10	-1	0	217		0
1	1	-1	0	217		0
1	245	-1	0	217		0
1	213	1	111	217		0
1	79	-1	0	217		0
1	111	-1	0	217		0
1	1	-1	0	217		0
1	245	-1	0	217		0
1	213	1	9	217		0
1	79	-1	0	217		0
1	9	-1	0	217		0
1	1	-1	0	217		0
1	245	-1	0	217		0
1	213	1	227	217		0
1	79	-1	0	217		0
1	227	-1	0	217		0
1	79	-1	0	217		0
1	39	-1	0	217		0
1	10	-1	0	217		0
1	1	-1	0	217		0
1	245	-1	0	217		0
1	212	1	79	217	0062	1
1	79	-1	0	217		0
1	28	-1	0	217		0
1	79	-1	0	217		0
1	1	-1	0	217		0
1	245	-1	0	217		0
1	213	1	10	217		0
1	79	-1	0	217		0
1	28	-1	0	217		0
1	10	-1	0	217		0
1	1	-1	0	217		0
1	245	-1	0	217		0
1	218	-1	0	217		0
1	212	1	79	217	0062	1
1	79	-1	0	217		0
1	79	-1	0	217		0
1	1	-1	0	217		0
1	245	-1	0	217		0
1	214	-1	0	217		0
1	79	-1	0	217		0
1	1	-1	0	217		0
1	245	-1	0	217		0
1	213	1	229	217		0
1	79	-1	0	217		0
1	229	-1	0	217		0
1	15	-1	0	217		0
1	240	-1	0	217		0
1	79	-1	0	217		0
1	17	-1	0	217		0
1	1	-1	0	217		0
0	0	-1	0	218		0
1	245	-1	0	218		0
1	212	1	79	218		0
1	79	-1	0	218		0
1	79	-1	0	218		0
1	1	-1	0	218		0
1	245	-1	0	218		0
1	213	1	10	218	0062	1
1	79	-1	0	218		0
1	10	-1	0	218		0
1	1	-1	0	218		0
1	245	-1	0	218		0
1	213	1	10	218		1
1	79	-1	0	218		0
1	10	-1	0	218		0
1	1	-1	0	218		0
1	245	-1	0	218		0
1	213	1	14	218		0
1	79	-1	0	218		0
1	14	-1	0	218		0
1	1	-1	0	218		0
1	245	-1	0	218		0
1	213	1	8	218	00310036	1
1	79	-1	0	218		0
1	8	-1	0	218		0
1	1	-1	0	218		0
1	245	-1	0	218		0
1	213	1	8	218	00310030	1
1	79	-1	0	218		0
1	8	-1	0	218		0
1	1	-1	0	218		0
1	245	-1	0	218		0
1	213	1	79	218		0
1	79	-1	0	218		0
1	79	-1	0	218		0
1	1	-1	0	218		0
1	245	-1	0	218		0
1	213	1	79	218		0
1	79	-1	0	218		0
1	218	-1	0	218		0
1	218	-1	0	218		0
1	79	-1	0	218		0
1	1	-1	0	218		0
1	245	-1	0	218		0
1	213	1	10	218	0062	1
1	79	-1	0	218		0
1	218	-1	0	218		0
1	218	-1	0	218		0
1	10	-1	0	218		0
1	1	-1	0	218		0
1	245	-1	0	218		0
1	213	1	8	218	0030	1
1	79	-1	0	218		0
1	218	-1	0	218		0
1	218	-1	0	218		0
1	8	-1	0	218		0
1	1	-1	0	218		0
1	245	-1	0	218		0
1	212	1	80	218	00230070007200690076006100740065	1
1	79	-1	0	218		0
1	80	-1	0	218		0
1	1	-1	0	218		0
1	245	-1	0	218		0
1	213	1	80	218	00230070007200690076006100740065	1
1	79	-1	0	218		0
1	80	-1	0	218		0
1	1	-1	0	218		0
1	245	-1	0	218		0
1	213	1	10	218	d83dde00	1
1	79	-1	0	218		0
1	10	-1	0	218		0
1	1	-1	0	218		0
1	245	-1	0	218		0
1	213	1	10	218	00610062	1
1	79	-1	0	218		0
1	10	-1	0	218		0
1	1	-1	0	218		0
1	245	-1	0	218		0
1	213	1	10	218	0061000a	1
1	79	-1	0	218		0
1	10	-1	0	218		0
1	1	-1	0	218		0
1	245	-1	0	218		0
1	213	1	111	218		0
1	79	-1	0	218		0
1	111	-1	0	218		0
1	1	-1	0	218		0
1	245	-1	0	218		0
1	213	1	9	218		0
1	79	-1	0	218		0
1	9	-1	0	218		0
1	1	-1	0	218		0
1	245	-1	0	218		0
1	213	1	227	218		0
1	79	-1	0	218		0
1	227	-1	0	218		0
1	79	-1	0	218		0
1	39	-1	0	218		0
1	10	-1	0	218		0
1	1	-1	0	218		0
1	245	-1	0	218		0
1	212	1	79	218		0
1	79	-1	0	218		0
1	28	-1	0	218		0
1	79	-1	0	218		0
1	1	-1	0	218		0
1	245	-1	0	218		0
1	213	1	10	218	0062	1
1	79	-1	0	218		0
1	28	-1	0	218		0
1	10	-1	0	218		0
1	1	-1	0	218		0
1	245	-1	0	218		0
1	218	-1	0	218		0
1	212	1	79	218		0
1	79	-1	0	218		0
1	79	-1	0	218		0
1	1	-1	0	218		0
1	245	-1	0	218		0
1	214	-1	0	218		0
1	79	-1	0	218		0
1	1	-1	0	218		0
1	245	-1	0	218		0
1	213	1	229	218		0
1	79	-1	0	218		0
1	229	-1	0	218		0
1	15	-1	0	218		0
1	240	-1	0	218		0
1	79	-1	0	218		0
1	17	-1	0	218		0
1	1	-1	0	218		0
0	0	-1	0	219		0
1	245	-1	0	219		0
1	212	1	79	219	0062	1
1	79	-1	0	219		0
1	79	-1	0	219		0
1	1	-1	0	219		0
1	245	-1	0	219		0
1	213	1	10	219	0062	1
1	79	-1	0	219		0
1	10	-1	0	219		0
1	1	-1	0	219		0
1	245	-1	0	219		0
1	213	1	10	219		1
1	79	-1	0	219		0
1	10	-1	0	219		0
1	1	-1	0	219		0
1	245	-1	0	219		0
1	213	1	14	219		0
1	79	-1	0	219		0
1	14	-1	0	219		0
1	1	-1	0	219		0
1	245	-1	0	219		0
1	213	1	8	219	00310036	1
1	79	-1	0	219		0
1	8	-1	0	219		0
1	1	-1	0	219		0
1	245	-1	0	219		0
1	213	1	8	219	00310030	1
1	79	-1	0	219		0
1	8	-1	0	219		0
1	1	-1	0	219		0
1	245	-1	0	219		0
1	213	1	79	219	007600610072006900610062006c0065	1
1	79	-1	0	219		0
1	79	-1	0	219		0
1	1	-1	0	219		0
1	245	-1	0	219		0
1	213	1	79	219	007600610072006900610062006c0065	1
1	79	-1	0	219		0
1	218	-1	0	219		0
1	218	-1	0	219		0
1	79	-1	0	219		0
1	1	-1	0	219		0
1	245	-1	0	219		0
1	213	1	10	219	0062	1
1	79	-1	0	219		0
1	218	-1	0	219		0
1	218	-1	0	219		0
1	10	-1	0	219		0
1	1	-1	0	219		0
1	245	-1	0	219		0
1	213	1	8	219	0030	1
1	79	-1	0	219		0
1	218	-1	0	219		0
1	218	-1	0	219		0
1	8	-1	0	219		0
1	1	-1	0	219		0
1	245	-1	0	219		0
1	212	1	80	219	00230070007200690076006100740065	1
1	79	-1	0	219		0
1	80	-1	0	219		0
1	1	-1	0	219		0
1	245	-1	0	219		0
1	213	1	80	219	00230070007200690076006100740065	1
1	79	-1	0	219		0
1	80	-1	0	219		0
1	1	-1	0	219		0
1	245	-1	0	219		0
1	213	1	10	219	d83dde00	1
1	79	-1	0	219		0
1	10	-1	0	219		0
1	1	-1	0	219		0
1	245	-1	0	219		0
1	213	1	10	219	00610062	1
1	79	-1	0	219		0
1	10	-1	0	219		0
1	1	-1	0	219		0
1	245	-1	0	219		0
1	213	1	10	219	0061000a	1
1	79	-1	0	219		0
1	10	-1	0	219		0
1	1	-1	0	219		0
1	245	-1	0	219		0
1	213	1	111	219		0
1	79	-1	0	219		0
1	111	-1	0	219		0
1	1	-1	0	219		0
1	245	-1	0	219		0
1	213	1	9	219		0
1	79	-1	0	219		0
1	9	-1	0	219		0
1	1	-1	0	219		0
1	245	-1	0	219		0
1	213	1	227	219		0
1	79	-1	0	219		0
1	227	-1	0	219		0
1	79	-1	0	219		0
1	39	-1	0	219		0
1	10	-1	0	219		0
1	1	-1	0	219		0
1	245	-1	0	219		0
1	212	1	79	219	0062	1
1	79	-1	0	219		0
1	28	-1	0	219		0
1	79	-1	0	219		0
1	1	-1	0	219		0
1	245	-1	0	219		0
1	213	1	10	219	0062	1
1	79	-1	0	219		0
1	28	-1	0	219		0
1	10	-1	0	219		0
1	1	-1	0	219		0
1	245	-1	0	219		0
1	218	-1	0	219		0
1	212	1	79	219	0062	1
1	79	-1	0	219		0
1	79	-1	0	219		0
1	1	-1	0	219		0
1	245	-1	0	219		0
1	214	-1	0	219		0
1	79	-1	0	219		0
1	1	-1	0	219		0
1	245	-1	0	219		0
1	213	1	229	219		0
1	79	-1	0	219		0
1	229	-1	0	219		0
1	15	-1	0	219		0
1	240	-1	0	219		0
1	79	-1	0	219		0
1	17	-1	0	219		0
1	1	-1	0	219		0
0	0	-1	0	220		0
1	245	-1	0	220		0
1	212	1	79	220		0
1	79	-1	0	220		0
1	79	-1	0	220		0
1	1	-1	0	220		0
1	245	-1	0	220		0
1	213	1	10	220		0
1	79	-1	0	220		0
1	10	-1	0	220		0
1	1	-1	0	220		0
1	245	-1	0	220		0
1	213	1	10	220		0
1	79	-1	0	220		0
1	10	-1	0	220		0
1	1	-1	0	220		0
1	245	-1	0	220		0
1	213	1	14	220	0062	1
1	79	-1	0	220		0
1	14	-1	0	220		0
1	1	-1	0	220		0
1	245	-1	0	220		0
1	213	1	8	220	00310036	1
1	79	-1	0	220		0
1	8	-1	0	220		0
1	1	-1	0	220		0
1	245	-1	0	220		0
1	213	1	8	220	00310030	1
1	79	-1	0	220		0
1	8	-1	0	220		0
1	1	-1	0	220		0
1	245	-1	0	220		0
1	213	1	79	220		0
1	79	-1	0	220		0
1	79	-1	0	220		0
1	1	-1	0	220		0
1	245	-1	0	220		0
1	213	1	79	220		0
1	79	-1	0	220		0
1	218	-1	0	220		0
1	218	-1	0	220		0
1	79	-1	0	220		0
1	1	-1	0	220		0
1	245	-1	0	220		0
1	213	1	10	220		0
1	79	-1	0	220		0
1	218	-1	0	220		0
1	218	-1	0	220		0
1	10	-1	0	220		0
1	1	-1	0	220		0
1	245	-1	0	220		0
1	213	1	8	220	0030	1
1	79	-1	0	220		0
1	218	-1	0	220		0
1	218	-1	0	220		0
1	8	-1	0	220		0
1	1	-1	0	220		0
1	245	-1	0	220		0
1	212	1	80	220	00230070007200690076006100740065	1
1	79	-1	0	220		0
1	80	-1	0	220		0
1	1	-1	0	220		0
1	245	-1	0	220		0
1	213	1	80	220	00230070007200690076006100740065	1
1	79	-1	0	220		0
1	80	-1	0	220		0
1	1	-1	0	220		0
1	245	-1	0	220		0
1	213	1	10	220		0
1	79	-1	0	220		0
1	10	-1	0	220		0
1	1	-1	0	220		0
1	245	-1	0	220		0
1	213	1	10	220		0
1	79	-1	0	220		0
1	10	-1	0	220		0
1	1	-1	0	220		0
1	245	-1	0	220		0
1	213	1	10	220		0
1	79	-1	0	220		0
1	10	-1	0	220		0
1	1	-1	0	220		0
1	245	-1	0	220		0
1	213	1	111	220		0
1	79	-1	0	220		0
1	111	-1	0	220		0
1	1	-1	0	220		0
1	245	-1	0	220		0
1	213	1	9	220		0
1	79	-1	0	220		0
1	9	-1	0	220		0
1	1	-1	0	220		0
1	245	-1	0	220		0
1	213	1	227	220		0
1	79	-1	0	220		0
1	227	-1	0	220		0
1	79	-1	0	220		0
1	39	-1	0	220		0
1	10	-1	0	220		0
1	1	-1	0	220		0
1	245	-1	0	220		0
1	212	1	79	220		0
1	79	-1	0	220		0
1	28	-1	0	220		0
1	79	-1	0	220		0
1	1	-1	0	220		0
1	245	-1	0	220		0
1	213	1	10	220		0
1	79	-1	0	220		0
1	28	-1	0	220		0
1	10	-1	0	220		0
1	1	-1	0	220		0
1	245	-1	0	220		0
1	218	-1	0	220		0
1	212	1	79	220		0
1	79	-1	0	220		0
1	79	-1	0	220		0
1	1	-1	0	220		0
1	245	-1	0	220		0
1	214	-1	0	220		0
1	79	-1	0	220		0
1	1	-1	0	220		0
1	245	-1	0	220		0
1	213	1	229	220		0
1	79	-1	0	220		0
1	229	-1	0	220		0
1	15	-1	0	220		0
1	240	-1	0	220		0
1	79	-1	0	220		0
1	17	-1	0	220		0
1	1	-1	0	220		0
0	0	-1	0	221		0
1	245	-1	0	221		0
1	212	1	79	221	0062	1
1	79	-1	0	221		0
1	79	-1	0	221		0
1	1	-1	0	221		0
1	245	-1	0	221		0
1	213	1	10	221		0
1	79	-1	0	221		0
1	10	-1	0	221		0
1	1	-1	0	221		0
1	245	-1	0	221		0
1	213	1	10	221		0
1	79	-1	0	221		0
1	10	-1	0	221		0
1	1	-1	0	221		0
1	245	-1	0	221		0
1	213	1	14	221	0062	1
1	79	-1	0	221		0
1	14	-1	0	221		0
1	1	-1	0	221		0
1	245	-1	0	221		0
1	213	1	8	221	00310036	1
1	79	-1	0	221		0
1	8	-1	0	221		0
1	1	-1	0	221		0
1	245	-1	0	221		0
1	213	1	8	221	00310030	1
1	79	-1	0	221		0
1	8	-1	0	221		0
1	1	-1	0	221		0
1	245	-1	0	221		0
1	213	1	79	221	007600610072006900610062006c0065	1
1	79	-1	0	221		0
1	79	-1	0	221		0
1	1	-1	0	221		0
1	245	-1	0	221		0
1	213	1	79	221	007600610072006900610062006c0065	1
1	79	-1	0	221		0
1	218	-1	0	221		0
1	218	-1	0	221		0
1	79	-1	0	221		0
1	1	-1	0	221		0
1	245	-1	0	221		0
1	213	1	10	221		0
1	79	-1	0	221		0
1	218	-1	0	221		0
1	218	-1	0	221		0
1	10	-1	0	221		0
1	1	-1	0	221		0
1	245	-1	0	221		0
1	213	1	8	221	0030	1
1	79	-1	0	221		0
1	218	-1	0	221		0
1	218	-1	0	221		0
1	8	-1	0	221		0
1	1	-1	0	221		0
1	245	-1	0	221		0
1	212	1	80	221	00230070007200690076006100740065	1
1	79	-1	0	221		0
1	80	-1	0	221		0
1	1	-1	0	221		0
1	245	-1	0	221		0
1	213	1	80	221	00230070007200690076006100740065	1
1	79	-1	0	221		0
1	80	-1	0	221		0
1	1	-1	0	221		0
1	245	-1	0	221		0
1	213	1	10	221		0
1	79	-1	0	221		0
1	10	-1	0	221		0
1	1	-1	0	221		0
1	245	-1	0	221		0
1	213	1	10	221		0
1	79	-1	0	221		0
1	10	-1	0	221		0
1	1	-1	0	221		0
1	245	-1	0	221		0
1	213	1	10	221		0
1	79	-1	0	221		0
1	10	-1	0	221		0
1	1	-1	0	221		0
1	245	-1	0	221		0
1	213	1	111	221		0
1	79	-1	0	221		0
1	111	-1	0	221		0
1	1	-1	0	221		0
1	245	-1	0	221		0
1	213	1	9	221		0
1	79	-1	0	221		0
1	9	-1	0	221		0
1	1	-1	0	221		0
1	245	-1	0	221		0
1	213	1	227	221		0
1	79	-1	0	221		0
1	227	-1	0	221		0
1	79	-1	0	221		0
1	39	-1	0	221		0
1	10	-1	0	221		0
1	1	-1	0	221		0
1	245	-1	0	221		0
1	212	1	79	221	0062	1
1	79	-1	0	221		0
1	28	-1	0	221		0
1	79	-1	0	221		0
1	1	-1	0	221		0
1	245	-1	0	221		0
1	213	1	10	221		0
1	79	-1	0	221		0
1	28	-1	0	221		0
1	10	-1	0	221		0
1	1	-1	0	221		0
1	245	-1	0	221		0
1	218	-1	0	221		0
1	212	1	79	221	0062	1
1	79	-1	0	221		0
1	79	-1	0	221		0
1	1	-1	0	221		0
1	245	-1	0	221		0
1	214	-1	0	221		0
1	79	-1	0	221		0
1	1	-1	0	221		0
1	245	-1	0	221		0
1	213	1	229	221		0
1	79	-1	0	221		0
1	229	-1	0	221		0
1	15	-1	0	221		0
1	240	-1	0	221		0
1	79	-1	0	221		0
1	17	-1	0	221		0
1	1	-1	0	221		0
0	0	-1	0	222		0
1	245	-1	0	222		0
1	212	1	79	222		0
1	79	-1	0	222		0
1	79	-1	0	222		0
1	1	-1	0	222		0
1	245	-1	0	222		0
1	213	1	10	222	0062	1
1	79	-1	0	222		0
1	10	-1	0	222		0
1	1	-1	0	222		0
1	245	-1	0	222		0
1	213	1	10	222		1
1	79	-1	0	222		0
1	10	-1	0	222		0
1	1	-1	0	222		0
1	245	-1	0	222		0
1	213	1	14	222	0062	1
1	79	-1	0	222		0
1	14	-1	0	222		0
1	1	-1	0	222		0
1	245	-1	0	222		0
1	213	1	8	222	00310036	1
1	79	-1	0	222		0
1	8	-1	0	222		0
1	1	-1	0	222		0
1	245	-1	0	222		0
1	213	1	8	222	00310030	1
1	79	-1	0	222		0
1	8	-1	0	222		0
1	1	-1	0	222		0
1	245	-1	0	222		0
1	213	1	79	222		0
1	79	-1	0	222		0
1	79	-1	0	222		0
1	1	-1	0	222		0
1	245	-1	0	222		0
1	213	1	79	222		0
1	79	-1	0	222		0
1	218	-1	0	222		0
1	218	-1	0	222		0
1	79	-1	0	222		0
1	1	-1	0	222		0
1	245	-1	0	222		0
1	213	1	10	222	0062	1
1	79	-1	0	222		0
1	218	-1	0	222		0
1	218	-1	0	222		0
1	10	-1	0	222		0
1	1	-1	0	222		0
1	245	-1	0	222		0
1	213	1	8	222	0030	1
1	79	-1	0	222		0
1	218	-1	0	222		0
1	218	-1	0	222		0
1	8	-1	0	222		0
1	1	-1	0	222		0
1	245	-1	0	222		0
1	212	1	80	222	00230070007200690076006100740065	1
1	79	-1	0	222		0
1	80	-1	0	222		0
1	1	-1	0	222		0
1	245	-1	0	222		0
1	213	1	80	222	00230070007200690076006100740065	1
1	79	-1	0	222		0
1	80	-1	0	222		0
1	1	-1	0	222		0
1	245	-1	0	222		0
1	213	1	10	222	d83dde00	1
1	79	-1	0	222		0
1	10	-1	0	222		0
1	1	-1	0	222		0
1	245	-1	0	222		0
1	213	1	10	222	00610062	1
1	79	-1	0	222		0
1	10	-1	0	222		0
1	1	-1	0	222		0
1	245	-1	0	222		0
1	213	1	10	222	0061000a	1
1	79	-1	0	222		0
1	10	-1	0	222		0
1	1	-1	0	222		0
1	245	-1	0	222		0
1	213	1	111	222		0
1	79	-1	0	222		0
1	111	-1	0	222		0
1	1	-1	0	222		0
1	245	-1	0	222		0
1	213	1	9	222		0
1	79	-1	0	222		0
1	9	-1	0	222		0
1	1	-1	0	222		0
1	245	-1	0	222		0
1	213	1	227	222		0
1	79	-1	0	222		0
1	227	-1	0	222		0
1	79	-1	0	222		0
1	39	-1	0	222		0
1	10	-1	0	222		0
1	1	-1	0	222		0
1	245	-1	0	222		0
1	212	1	79	222		0
1	79	-1	0	222		0
1	28	-1	0	222		0
1	79	-1	0	222		0
1	1	-1	0	222		0
1	245	-1	0	222		0
1	213	1	10	222	0062	1
1	79	-1	0	222		0
1	28	-1	0	222		0
1	10	-1	0	222		0
1	1	-1	0	222		0
1	245	-1	0	222		0
1	218	-1	0	222		0
1	212	1	79	222		0
1	79	-1	0	222		0
1	79	-1	0	222		0
1	1	-1	0	222		0
1	245	-1	0	222		0
1	214	-1	0	222		0
1	79	-1	0	222		0
1	1	-1	0	222		0
1	245	-1	0	222		0
1	213	1	229	222		0
1	79	-1	0	222		0
1	229	-1	0	222		0
1	15	-1	0	222		0
1	240	-1	0	222		0
1	79	-1	0	222		0
1	17	-1	0	222		0
1	1	-1	0	222		0
0	0	-1	0	223		0
1	245	-1	0	223		0
1	212	1	79	223	0062	1
1	79	-1	0	223		0
1	79	-1	0	223		0
1	1	-1	0	223		0
1	245	-1	0	223		0
1	213	1	10	223	0062	1
1	79	-1	0	223		0
1	10	-1	0	223		0
1	1	-1	0	223		0
1	245	-1	0	223		0
1	213	1	10	223		1
1	79	-1	0	223		0
1	10	-1	0	223		0
1	1	-1	0	223		0
1	245	-1	0	223		0
1	213	1	14	223	0062	1
1	79	-1	0	223		0
1	14	-1	0	223		0
1	1	-1	0	223		0
1	245	-1	0	223		0
1	213	1	8	223	00310036	1
1	79	-1	0	223		0
1	8	-1	0	223		0
1	1	-1	0	223		0
1	245	-1	0	223		0
1	213	1	8	223	00310030	1
1	79	-1	0	223		0
1	8	-1	0	223		0
1	1	-1	0	223		0
1	245	-1	0	223		0
1	213	1	79	223	007600610072006900610062006c0065	1
1	79	-1	0	223		0
1	79	-1	0	223		0
1	1	-1	0	223		0
1	245	-1	0	223		0
1	213	1	79	223	007600610072006900610062006c0065	1
1	79	-1	0	223		0
1	218	-1	0	223		0
1	218	-1	0	223		0
1	79	-1	0	223		0
1	1	-1	0	223		0
1	245	-1	0	223		0
1	213	1	10	223	0062	1
1	79	-1	0	223		0
1	218	-1	0	223		0
1	218	-1	0	223		0
1	10	-1	0	223		0
1	1	-1	0	223		0
1	245	-1	0	223		0
1	213	1	8	223	0030	1
1	79	-1	0	223		0
1	218	-1	0	223		0
1	218	-1	0	223		0
1	8	-1	0	223		0
1	1	-1	0	223		0
1	245	-1	0	223		0
1	212	1	80	223	00230070007200690076006100740065	1
1	79	-1	0	223		0
1	80	-1	0	223		0
1	1	-1	0	223		0
1	245	-1	0	223		0
1	213	1	80	223	00230070007200690076006100740065	1
1	79	-1	0	223		0
1	80	-1	0	223		0
1	1	-1	0	223		0
1	245	-1	0	223		0
1	213	1	10	223	d83dde00	1
1	79	-1	0	223		0
1	10	-1	0	223		0
1	1	-1	0	223		0
1	245	-1	0	223		0
1	213	1	10	223	00610062	1
1	79	-1	0	223		0
1	10	-1	0	223		0
1	1	-1	0	223		0
1	245	-1	0	223		0
1	213	1	10	223	0061000a	1
1	79	-1	0	223		0
1	10	-1	0	223		0
1	1	-1	0	223		0
1	245	-1	0	223		0
1	213	1	111	223		0
1	79	-1	0	223		0
1	111	-1	0	223		0
1	1	-1	0	223		0
1	245	-1	0	223		0
1	213	1	9	223		0
1	79	-1	0	223		0
1	9	-1	0	223		0
1	1	-1	0	223		0
1	245	-1	0	223		0
1	213	1	227	223		0
1	79	-1	0	223		0
1	227	-1	0	223		0
1	79	-1	0	223		0
1	39	-1	0	223		0
1	10	-1	0	223		0
1	1	-1	0	223		0
1	245	-1	0	223		0
1	212	1	79	223	0062	1
1	79	-1	0	223		0
1	28	-1	0	223		0
1	79	-1	0	223		0
1	1	-1	0	223		0
1	245	-1	0	223		0
1	213	1	10	223	0062	1
1	79	-1	0	223		0
1	28	-1	0	223		0
1	10	-1	0	223		0
1	1	-1	0	223		0
1	245	-1	0	223		0
1	218	-1	0	223		0
1	212	1	79	223	0062	1
1	79	-1	0	223		0
1	79	-1	0	223		0
1	1	-1	0	223		0
1	245	-1	0	223		0
1	214	-1	0	223		0
1	79	-1	0	223		0
1	1	-1	0	223		0
1	245	-1	0	223		0
1	213	1	229	223		0
1	79	-1	0	223		0
1	229	-1	0	223		0
1	15	-1	0	223		0
1	240	-1	0	223		0
1	79	-1	0	223		0
1	17	-1	0	223		0
1	1	-1	0	223		0
0	0	-1	0	224		0
1	245	-1	0	224		0
1	212	1	79	224		0
1	79	-1	0	224		0
1	79	-1	0	224		0
1	1	-1	0	224		0
1	245	-1	0	224		0
1	213	1	10	224		0
1	79	-1	0	224		0
1	10	-1	0	224		0
1	1	-1	0	224		0
1	245	-1	0	224		0
1	213	1	10	224		0
1	79	-1	0	224		0
1	10	-1	0	224		0
1	1	-1	0	224		0
1	245	-1	0	224		0
1	213	1	14	224		0
1	79	-1	0	224		0
1	14	-1	0	224		0
1	1	-1	0	224		0
1	245	-1	0	224		0
1	213	1	8	224		0
1	79	-1	0	224		0
1	8	-1	0	224		0
1	1	-1	0	224		0
1	245	-1	0	224		0
1	213	1	8	224		0
1	79	-1	0	224		0
1	8	-1	0	224		0
1	1	-1	0	224		0
1	245	-1	0	224		0
1	213	1	79	224		0
1	79	-1	0	224		0
1	79	-1	0	224		0
1	1	-1	0	224		0
1	245	-1	0	224		0
1	213	1	79	224		0
1	79	-1	0	224		0
1	218	-1	0	224		0
1	218	-1	0	224		0
1	79	-1	0	224		0
1	1	-1	0	224		0
1	245	-1	0	224		0
1	213	1	10	224		0
1	79	-1	0	224		0
1	218	-1	0	224		0
1	218	-1	0	224		0
1	10	-1	0	224		0
1	1	-1	0	224		0
1	245	-1	0	224		0
1	213	1	8	224		0
1	79	-1	0	224		0
1	218	-1	0	224		0
1	218	-1	0	224		0
1	8	-1	0	224		0
1	1	-1	0	224		0
1	245	-1	0	224		0
1	212	1	80	224		0
1	79	-1	0	224		0
1	80	-1	0	224		0
1	1	-1	0	224		0
1	245	-1	0	224		0
1	213	1	80	224		0
1	79	-1	0	224		0
1	80	-1	0	224		0
1	1	-1	0	224		0
1	245	-1	0	224		0
1	213	1	10	224		0
1	79	-1	0	224		0
1	10	-1	0	224		0
1	1	-1	0	224		0
1	245	-1	0	224		0
1	213	1	10	224		0
1	79	-1	0	224		0
1	10	-1	0	224		0
1	1	-1	0	224		0
1	245	-1	0	224		0
1	213	1	10	224		0
1	79	-1	0	224		0
1	10	-1	0	224		0
1	1	-1	0	224		0
1	245	-1	0	224		0
1	213	1	111	224		0
1	79	-1	0	224		0
1	111	-1	0	224		0
1	1	-1	0	224		0
1	245	-1	0	224		0
1	213	1	9	224		0
1	79	-1	0	224		0
1	9	-1	0	224		0
1	1	-1	0	224		0
1	245	-1	0	224		0
1	213	1	227	224		0
1	79	-1	0	224		0
1	227	-1	0	224		0
1	79	-1	0	224		0
1	39	-1	0	224		0
1	10	-1	0	224		0
1	1	-1	0	224		0
1	245	-1	0	224		0
1	212	1	79	224		0
1	79	-1	0	224		0
1	28	-1	0	224		0
1	79	-1	0	224		0
1	1	-1	0	224		0
1	245	-1	0	224		0
1	213	1	10	224		0
1	79	-1	0	224		0
1	28	-1	0	224		0
1	10	-1	0	224		0
1	1	-1	0	224		0
1	245	-1	0	224		0
1	218	-1	0	224		0
1	212	1	79	224		0
1	79	-1	0	224		0
1	79	-1	0	224		0
1	1	-1	0	224		0
1	245	-1	0	224		0
1	214	-1	0	224		0
1	79	-1	0	224		0
1	1	-1	0	224		0
1	245	-1	0	224		0
1	213	1	229	224		0
1	79	-1	0	224		0
1	229	-1	0	224		0
1	15	-1	0	224		0
1	240	-1	0	224		0
1	79	-1	0	224		0
1	17	-1	0	224		0
1	1	-1	0	224		0
0	0	-1	0	225		0
1	245	-1	0	225		0
1	212	1	79	225	0062	1
1	79	-1	0	225		0
1	79	-1	0	225		0
1	1	-1	0	225		0
1	245	-1	0	225		0
1	213	1	10	225		0
1	79	-1	0	225		0
1	10	-1	0	225		0
1	1	-1	0	225		0
1	245	-1	0	225		0
1	213	1	10	225		0
1	79	-1	0	225		0
1	10	-1	0	225		0
1	1	-1	0	225		0
1	245	-1	0	225		0
1	213	1	14	225		0
1	79	-1	0	225		0
1	14	-1	0	225		0
1	1	-1	0	225		0
1	245	-1	0	225		0
1	213	1	8	225		0
1	79	-1	0	225		0
1	8	-1	0	225		0
1	1	-1	0	225		0
1	245	-1	0	225		0
1	213	1	8	225		0
1	79	-1	0	225		0
1	8	-1	0	225		0
1	1	-1	0	225		0
1	245	-1	0	225		0
1	213	1	79	225	007600610072006900610062006c0065	1
1	79	-1	0	225		0
1	79	-1	0	225		0
1	1	-1	0	225		0
1	245	-1	0	225		0
1	213	1	79	225	007600610072006900610062006c0065	1
1	79	-1	0	225		0
1	218	-1	0	225		0
1	218	-1	0	225		0
1	79	-1	0	225		0
1	1	-1	0	225		0
1	245	-1	0	225		0
1	213	1	10	225		0
1	79	-1	0	225		0
1	218	-1	0	225		0
1	218	-1	0	225		0
1	10	-1	0	225		0
1	1	-1	0	225		0
1	245	-1	0	225		0
1	213	1	8	225		0
1	79	-1	0	225		0
1	218	-1	0	225		0
1	218	-1	0	225		0
1	8	-1	0	225		0
1	1	-1	0	225		0
1	245	-1	0	225		0
1	212	1	80	225		0
1	79	-1	0	225		0
1	80	-1	0	225		0
1	1	-1	0	225		0
1	245	-1	0	225		0
1	213	1	80	225		0
1	79	-1	0	225		0
1	80	-1	0	225		0
1	1	-1	0	225		0
1	245	-1	0	225		0
1	213	1	10	225		0
1	79	-1	0	225		0
1	10	-1	0	225		0
1	1	-1	0	225		0
1	245	-1	0	225		0
1	213	1	10	225		0
1	79	-1	0	225		0
1	10	-1	0	225		0
1	1	-1	0	225		0
1	245	-1	0	225		0
1	213	1	10	225		0
1	79	-1	0	225		0
1	10	-1	0	225		0
1	1	-1	0	225		0
1	245	-1	0	225		0
1	213	1	111	225		0
1	79	-1	0	225		0
1	111	-1	0	225		0
1	1	-1	0	225		0
1	245	-1	0	225		0
1	213	1	9	225		0
1	79	-1	0	225		0
1	9	-1	0	225		0
1	1	-1	0	225		0
1	245	-1	0	225		0
1	213	1	227	225		0
1	79	-1	0	225		0
1	227	-1	0	225		0
1	79	-1	0	225		0
1	39	-1	0	225		0
1	10	-1	0	225		0
1	1	-1	0	225		0
1	245	-1	0	225		0
1	212	1	79	225	0062	1
1	79	-1	0	225		0
1	28	-1	0	225		0
1	79	-1	0	225		0
1	1	-1	0	225		0
1	245	-1	0	225		0
1	213	1	10	225		0
1	79	-1	0	225		0
1	28	-1	0	225		0
1	10	-1	0	225		0
1	1	-1	0	225		0
1	245	-1	0	225		0
1	218	-1	0	225		0
1	212	1	79	225	0062	1
1	79	-1	0	225		0
1	79	-1	0	225		0
1	1	-1	0	225		0
1	245	-1	0	225		0
1	214	-1	0	225		0
1	79	-1	0	225		0
1	1	-1	0	225		0
1	245	-1	0	225		0
1	213	1	229	225		0
1	79	-1	0	225		0
1	229	-1	0	225		0
1	15	-1	0	225		0
1	240	-1	0	225		0
1	79	-1	0	225		0
1	17	-1	0	225		0
1	1	-1	0	225		0
0	0	-1	0	226		0
1	245	-1	0	226		0
1	212	1	79	226		0
1	79	-1	0	226		0
1	79	-1	0	226		0
1	1	-1	0	226		0
1	245	-1	0	226		0
1	213	1	10	226	0062	1
1	79	-1	0	226		0
1	10	-1	0	226		0
1	1	-1	0	226		0
1	245	-1	0	226		0
1	213	1	10	226		1
1	79	-1	0	226		0
1	10	-1	0	226		0
1	1	-1	0	226		0
1	245	-1	0	226		0
1	213	1	14	226		0
1	79	-1	0	226		0
1	14	-1	0	226		0
1	1	-1	0	226		0
1	245	-1	0	226		0
1	213	1	8	226		0
1	79	-1	0	226		0
1	8	-1	0	226		0
1	1	-1	0	226		0
1	245	-1	0	226		0
1	213	1	8	226		0
1	79	-1	0	226		0
1	8	-1	0	226		0
1	1	-1	0	226		0
1	245	-1	0	226		0
1	213	1	79	226		0
1	79	-1	0	226		0
1	79	-1	0	226		0
1	1	-1	0	226		0
1	245	-1	0	226		0
1	213	1	79	226		0
1	79	-1	0	226		0
1	218	-1	0	226		0
1	218	-1	0	226		0
1	79	-1	0	226		0
1	1	-1	0	226		0
1	245	-1	0	226		0
1	213	1	10	226	0062	1
1	79	-1	0	226		0
1	218	-1	0	226		0
1	218	-1	0	226		0
1	10	-1	0	226		0
1	1	-1	0	226		0
1	245	-1	0	226		0
1	213	1	8	226		0
1	79	-1	0	226		0
1	218	-1	0	226		0
1	218	-1	0	226		0
1	8	-1	0	226		0
1	1	-1	0	226		0
1	245	-1	0	226		0
1	212	1	80	226		0
1	79	-1	0	226		0
1	80	-1	0	226		0
1	1	-1	0	226		0
1	245	-1	0	226		0
1	213	1	80	226		0
1	79	-1	0	226		0
1	80	-1	0	226		0
1	1	-1	0	226		0
1	245	-1	0	226		0
1	213	1	10	226	d83dde00	1
1	79	-1	0	226		0
1	10	-1	0	226		0
1	1	-1	0	226		0
1	245	-1	0	226		0
1	213	1	10	226	00610062	1
1	79	-1	0	226		0
1	10	-1	0	226		0
1	1	-1	0	226		0
1	245	-1	0	226		0
1	213	1	10	226	0061000a	1
1	79	-1	0	226		0
1	10	-1	0	226		0
1	1	-1	0	226		0
1	245	-1	0	226		0
1	213	1	111	226		0
1	79	-1	0	226		0
1	111	-1	0	226		0
1	1	-1	0	226		0
1	245	-1	0	226		0
1	213	1	9	226		0
1	79	-1	0	226		0
1	9	-1	0	226		0
1	1	-1	0	226		0
1	245	-1	0	226		0
1	213	1	227	226		0
1	79	-1	0	226		0
1	227	-1	0	226		0
1	79	-1	0	226		0
1	39	-1	0	226		0
1	10	-1	0	226		0
1	1	-1	0	226		0
1	245	-1	0	226		0
1	212	1	79	226		0
1	79	-1	0	226		0
1	28	-1	0	226		0
1	79	-1	0	226		0
1	1	-1	0	226		0
1	245	-1	0	226		0
1	213	1	10	226	0062	1
1	79	-1	0	226		0
1	28	-1	0	226		0
1	10	-1	0	226		0
1	1	-1	0	226		0
1	245	-1	0	226		0
1	218	-1	0	226		0
1	212	1	79	226		0
1	79	-1	0	226		0
1	79	-1	0	226		0
1	1	-1	0	226		0
1	245	-1	0	226		0
1	214	-1	0	226		0
1	79	-1	0	226		0
1	1	-1	0	226		0
1	245	-1	0	226		0
1	213	1	229	226		0
1	79	-1	0	226		0
1	229	-1	0	226		0
1	15	-1	0	226		0
1	240	-1	0	226		0
1	79	-1	0	226		0
1	17	-1	0	226		0
1	1	-1	0	226		0
0	0	-1	0	227		0
1	245	-1	0	227		0
1	212	1	79	227	0062	1
1	79	-1	0	227		0
1	79	-1	0	227		0
1	1	-1	0	227		0
1	245	-1	0	227		0
1	213	1	10	227	0062	1
1	79	-1	0	227		0
1	10	-1	0	227		0
1	1	-1	0	227		0
1	245	-1	0	227		0
1	213	1	10	227		1
1	79	-1	0	227		0
1	10	-1	0	227		0
1	1	-1	0	227		0
1	245	-1	0	227		0
1	213	1	14	227		0
1	79	-1	0	227		0
1	14	-1	0	227		0
1	1	-1	0	227		0
1	245	-1	0	227		0
1	213	1	8	227		0
1	79	-1	0	227		0
1	8	-1	0	227		0
1	1	-1	0	227		0
1	245	-1	0	227		0
1	213	1	8	227		0
1	79	-1	0	227		0
1	8	-1	0	227		0
1	1	-1	0	227		0
1	245	-1	0	227		0
1	213	1	79	227	007600610072006900610062006c0065	1
1	79	-1	0	227		0
1	79	-1	0	227		0
1	1	-1	0	227		0
1	245	-1	0	227		0
1	213	1	79	227	007600610072006900610062006c0065	1
1	79	-1	0	227		0
1	218	-1	0	227		0
1	218	-1	0	227		0
1	79	-1	0	227		0
1	1	-1	0	227		0
1	245	-1	0	227		0
1	213	1	10	227	0062	1
1	79	-1	0	227		0
1	218	-1	0	227		0
1	218	-1	0	227		0
1	10	-1	0	227		0
1	1	-1	0	227		0
1	245	-1	0	227		0
1	213	1	8	227		0
1	79	-1	0	227		0
1	218	-1	0	227		0
1	218	-1	0	227		0
1	8	-1	0	227		0
1	1	-1	0	227		0
1	245	-1	0	227		0
1	212	1	80	227		0
1	79	-1	0	227		0
1	80	-1	0	227		0
1	1	-1	0	227		0
1	245	-1	0	227		0
1	213	1	80	227		0
1	79	-1	0	227		0
1	80	-1	0	227		0
1	1	-1	0	227		0
1	245	-1	0	227		0
1	213	1	10	227	d83dde00	1
1	79	-1	0	227		0
1	10	-1	0	227		0
1	1	-1	0	227		0
1	245	-1	0	227		0
1	213	1	10	227	00610062	1
1	79	-1	0	227		0
1	10	-1	0	227		0
1	1	-1	0	227		0
1	245	-1	0	227		0
1	213	1	10	227	0061000a	1
1	79	-1	0	227		0
1	10	-1	0	227		0
1	1	-1	0	227		0
1	245	-1	0	227		0
1	213	1	111	227		0
1	79	-1	0	227		0
1	111	-1	0	227		0
1	1	-1	0	227		0
1	245	-1	0	227		0
1	213	1	9	227		0
1	79	-1	0	227		0
1	9	-1	0	227		0
1	1	-1	0	227		0
1	245	-1	0	227		0
1	213	1	227	227		0
1	79	-1	0	227		0
1	227	-1	0	227		0
1	79	-1	0	227		0
1	39	-1	0	227		0
1	10	-1	0	227		0
1	1	-1	0	227		0
1	245	-1	0	227		0
1	212	1	79	227	0062	1
1	79	-1	0	227		0
1	28	-1	0	227		0
1	79	-1	0	227		0
1	1	-1	0	227		0
1	245	-1	0	227		0
1	213	1	10	227	0062	1
1	79	-1	0	227		0
1	28	-1	0	227		0
1	10	-1	0	227		0
1	1	-1	0	227		0
1	245	-1	0	227		0
1	218	-1	0	227		0
1	212	1	79	227	0062	1
1	79	-1	0	227		0
1	79	-1	0	227		0
1	1	-1	0	227		0
1	245	-1	0	227		0
1	214	-1	0	227		0
1	79	-1	0	227		0
1	1	-1	0	227		0
1	245	-1	0	227		0
1	213	1	229	227		0
1	79	-1	0	227		0
1	229	-1	0	227		0
1	15	-1	0	227		0
1	240	-1	0	227		0
1	79	-1	0	227		0
1	17	-1	0	227		0
1	1	-1	0	227		0
0	0	-1	0	228		0
1	245	-1	0	228		0
1	212	1	79	228		0
1	79	-1	0	228		0
1	79	-1	0	228		0
1	1	-1	0	228		0
1	245	-1	0	228		0
1	213	1	10	228		0
1	79	-1	0	228		0
1	10	-1	0	228		0
1	1	-1	0	228		0
1	245	-1	0	228		0
1	213	1	10	228		0
1	79	-1	0	228		0
1	10	-1	0	228		0
1	1	-1	0	228		0
1	245	-1	0	228		0
1	213	1	14	228	0062	1
1	79	-1	0	228		0
1	14	-1	0	228		0
1	1	-1	0	228		0
1	245	-1	0	228		0
1	213	1	8	228		0
1	79	-1	0	228		0
1	8	-1	0	228		0
1	1	-1	0	228		0
1	245	-1	0	228		0
1	213	1	8	228		0
1	79	-1	0	228		0
1	8	-1	0	228		0
1	1	-1	0	228		0
1	245	-1	0	228		0
1	213	1	79	228		0
1	79	-1	0	228		0
1	79	-1	0	228		0
1	1	-1	0	228		0
1	245	-1	0	228		0
1	213	1	79	228		0
1	79	-1	0	228		0
1	218	-1	0	228		0
1	218	-1	0	228		0
1	79	-1	0	228		0
1	1	-1	0	228		0
1	245	-1	0	228		0
1	213	1	10	228		0
1	79	-1	0	228		0
1	218	-1	0	228		0
1	218	-1	0	228		0
1	10	-1	0	228		0
1	1	-1	0	228		0
1	245	-1	0	228		0
1	213	1	8	228		0
1	79	-1	0	228		0
1	218	-1	0	228		0
1	218	-1	0	228		0
1	8	-1	0	228		0
1	1	-1	0	228		0
1	245	-1	0	228		0
1	212	1	80	228		0
1	79	-1	0	228		0
1	80	-1	0	228		0
1	1	-1	0	228		0
1	245	-1	0	228		0
1	213	1	80	228		0
1	79	-1	0	228		0
1	80	-1	0	228		0
1	1	-1	0	228		0
1	245	-1	0	228		0
1	213	1	10	228		0
1	79	-1	0	228		0
1	10	-1	0	228		0
1	1	-1	0	228		0
1	245	-1	0	228		0
1	213	1	10	228		0
1	79	-1	0	228		0
1	10	-1	0	228		0
1	1	-1	0	228		0
1	245	-1	0	228		0
1	213	1	10	228		0
1	79	-1	0	228		0
1	10	-1	0	228		0
1	1	-1	0	228		0
1	245	-1	0	228		0
1	213	1	111	228		0
1	79	-1	0	228		0
1	111	-1	0	228		0
1	1	-1	0	228		0
1	245	-1	0	228		0
1	213	1	9	228		0
1	79	-1	0	228		0
1	9	-1	0	228		0
1	1	-1	0	228		0
1	245	-1	0	228		0
1	213	1	227	228		0
1	79	-1	0	228		0
1	227	-1	0	228		0
1	79	-1	0	228		0
1	39	-1	0	228		0
1	10	-1	0	228		0
1	1	-1	0	228		0
1	245	-1	0	228		0
1	212	1	79	228		0
1	79	-1	0	228		0
1	28	-1	0	228		0
1	79	-1	0	228		0
1	1	-1	0	228		0
1	245	-1	0	228		0
1	213	1	10	228		0
1	79	-1	0	228		0
1	28	-1	0	228		0
1	10	-1	0	228		0
1	1	-1	0	228		0
1	245	-1	0	228		0
1	218	-1	0	228		0
1	212	1	79	228		0
1	79	-1	0	228		0
1	79	-1	0	228		0
1	1	-1	0	228		0
1	245	-1	0	228		0
1	214	-1	0	228		0
1	79	-1	0	228		0
1	1	-1	0	228		0
1	245	-1	0	228		0
1	213	1	229	228		0
1	79	-1	0	228		0
1	229	-1	0	228		0
1	15	-1	0	228		0
1	240	-1	0	228		0
1	79	-1	0	228		0
1	17	-1	0	228		0
1	1	-1	0	228		0
0	0	-1	0	229		0
1	245	-1	0	229		0
1	212	1	79	229	0062	1
1	79	-1	0	229		0
1	79	-1	0	229		0
1	1	-1	0	229		0
1	245	-1	0	229		0
1	213	1	10	229		0
1	79	-1	0	229		0
1	10	-1	0	229		0
1	1	-1	0	229		0
1	245	-1	0	229		0
1	213	1	10	229		0
1	79	-1	0	229		0
1	10	-1	0	229		0
1	1	-1	0	229		0
1	245	-1	0	229		0
1	213	1	14	229	0062	1
1	79	-1	0	229		0
1	14	-1	0	229		0
1	1	-1	0	229		0
1	245	-1	0	229		0
1	213	1	8	229		0
1	79	-1	0	229		0
1	8	-1	0	229		0
1	1	-1	0	229		0
1	245	-1	0	229		0
1	213	1	8	229		0
1	79	-1	0	229		0
1	8	-1	0	229		0
1	1	-1	0	229		0
1	245	-1	0	229		0
1	213	1	79	229	007600610072006900610062006c0065	1
1	79	-1	0	229		0
1	79	-1	0	229		0
1	1	-1	0	229		0
1	245	-1	0	229		0
1	213	1	79	229	007600610072006900610062006c0065	1
1	79	-1	0	229		0
1	218	-1	0	229		0
1	218	-1	0	229		0
1	79	-1	0	229		0
1	1	-1	0	229		0
1	245	-1	0	229		0
1	213	1	10	229		0
1	79	-1	0	229		0
1	218	-1	0	229		0
1	218	-1	0	229		0
1	10	-1	0	229		0
1	1	-1	0	229		0
1	245	-1	0	229		0
1	213	1	8	229		0
1	79	-1	0	229		0
1	218	-1	0	229		0
1	218	-1	0	229		0
1	8	-1	0	229		0
1	1	-1	0	229		0
1	245	-1	0	229		0
1	212	1	80	229		0
1	79	-1	0	229		0
1	80	-1	0	229		0
1	1	-1	0	229		0
1	245	-1	0	229		0
1	213	1	80	229		0
1	79	-1	0	229		0
1	80	-1	0	229		0
1	1	-1	0	229		0
1	245	-1	0	229		0
1	213	1	10	229		0
1	79	-1	0	229		0
1	10	-1	0	229		0
1	1	-1	0	229		0
1	245	-1	0	229		0
1	213	1	10	229		0
1	79	-1	0	229		0
1	10	-1	0	229		0
1	1	-1	0	229		0
1	245	-1	0	229		0
1	213	1	10	229		0
1	79	-1	0	229		0
1	10	-1	0	229		0
1	1	-1	0	229		0
1	245	-1	0	229		0
1	213	1	111	229		0
1	79	-1	0	229		0
1	111	-1	0	229		0
1	1	-1	0	229		0
1	245	-1	0	229		0
1	213	1	9	229		0
1	79	-1	0	229		0
1	9	-1	0	229		0
1	1	-1	0	229		0
1	245	-1	0	229		0
1	213	1	227	229		0
1	79	-1	0	229		0
1	227	-1	0	229		0
1	79	-1	0	229		0
1	39	-1	0	229		0
1	10	-1	0	229		0
1	1	-1	0	229		0
1	245	-1	0	229		0
1	212	1	79	229	0062	1
1	79	-1	0	229		0
1	28	-1	0	229		0
1	79	-1	0	229		0
1	1	-1	0	229		0
1	245	-1	0	229		0
1	213	1	10	229		0
1	79	-1	0	229		0
1	28	-1	0	229		0
1	10	-1	0	229		0
1	1	-1	0	229		0
1	245	-1	0	229		0
1	218	-1	0	229		0
1	212	1	79	229	0062	1
1	79	-1	0	229		0
1	79	-1	0	229		0
1	1	-1	0	229		0
1	245	-1	0	229		0
1	214	-1	0	229		0
1	79	-1	0	229		0
1	1	-1	0	229		0
1	245	-1	0	229		0
1	213	1	229	229		0
1	79	-1	0	229		0
1	229	-1	0	229		0
1	15	-1	0	229		0
1	240	-1	0	229		0
1	79	-1	0	229		0
1	17	-1	0	229		0
1	1	-1	0	229		0
0	0	-1	0	230		0
1	245	-1	0	230		0
1	212	1	79	230		0
1	79	-1	0	230		0
1	79	-1	0	230		0
1	1	-1	0	230		0
1	245	-1	0	230		0
1	213	1	10	230	0062	1
1	79	-1	0	230		0
1	10	-1	0	230		0
1	1	-1	0	230		0
1	245	-1	0	230		0
1	213	1	10	230		1
1	79	-1	0	230		0
1	10	-1	0	230		0
1	1	-1	0	230		0
1	245	-1	0	230		0
1	213	1	14	230	0062	1
1	79	-1	0	230		0
1	14	-1	0	230		0
1	1	-1	0	230		0
1	245	-1	0	230		0
1	213	1	8	230		0
1	79	-1	0	230		0
1	8	-1	0	230		0
1	1	-1	0	230		0
1	245	-1	0	230		0
1	213	1	8	230		0
1	79	-1	0	230		0
1	8	-1	0	230		0
1	1	-1	0	230		0
1	245	-1	0	230		0
1	213	1	79	230		0
1	79	-1	0	230		0
1	79	-1	0	230		0
1	1	-1	0	230		0
1	245	-1	0	230		0
1	213	1	79	230		0
1	79	-1	0	230		0
1	218	-1	0	230		0
1	218	-1	0	230		0
1	79	-1	0	230		0
1	1	-1	0	230		0
1	245	-1	0	230		0
1	213	1	10	230	0062	1
1	79	-1	0	230		0
1	218	-1	0	230		0
1	218	-1	0	230		0
1	10	-1	0	230		0
1	1	-1	0	230		0
1	245	-1	0	230		0
1	213	1	8	230		0
1	79	-1	0	230		0
1	218	-1	0	230		0
1	218	-1	0	230		0
1	8	-1	0	230		0
1	1	-1	0	230		0
1	245	-1	0	230		0
1	212	1	80	230		0
1	79	-1	0	230		0
1	80	-1	0	230		0
1	1	-1	0	230		0
1	245	-1	0	230		0
1	213	1	80	230		0
1	79	-1	0	230		0
1	80	-1	0	230		0
1	1	-1	0	230		0
1	245	-1	0	230		0
1	213	1	10	230	d83dde00	1
1	79	-1	0	230		0
1	10	-1	0	230		0
1	1	-1	0	230		0
1	245	-1	0	230		0
1	213	1	10	230	00610062	1
1	79	-1	0	230		0
1	10	-1	0	230		0
1	1	-1	0	230		0
1	245	-1	0	230		0
1	213	1	10	230	0061000a	1
1	79	-1	0	230		0
1	10	-1	0	230		0
1	1	-1	0	230		0
1	245	-1	0	230		0
1	213	1	111	230		0
1	79	-1	0	230		0
1	111	-1	0	230		0
1	1	-1	0	230		0
1	245	-1	0	230		0
1	213	1	9	230		0
1	79	-1	0	230		0
1	9	-1	0	230		0
1	1	-1	0	230		0
1	245	-1	0	230		0
1	213	1	227	230		0
1	79	-1	0	230		0
1	227	-1	0	230		0
1	79	-1	0	230		0
1	39	-1	0	230		0
1	10	-1	0	230		0
1	1	-1	0	230		0
1	245	-1	0	230		0
1	212	1	79	230		0
1	79	-1	0	230		0
1	28	-1	0	230		0
1	79	-1	0	230		0
1	1	-1	0	230		0
1	245	-1	0	230		0
1	213	1	10	230	0062	1
1	79	-1	0	230		0
1	28	-1	0	230		0
1	10	-1	0	230		0
1	1	-1	0	230		0
1	245	-1	0	230		0
1	218	-1	0	230		0
1	212	1	79	230		0
1	79	-1	0	230		0
1	79	-1	0	230		0
1	1	-1	0	230		0
1	245	-1	0	230		0
1	214	-1	0	230		0
1	79	-1	0	230		0
1	1	-1	0	230		0
1	245	-1	0	230		0
1	213	1	229	230		0
1	79	-1	0	230		0
1	229	-1	0	230		0
1	15	-1	0	230		0
1	240	-1	0	230		0
1	79	-1	0	230		0
1	17	-1	0	230		0
1	1	-1	0	230		0
0	0	-1	0	231		0
1	245	-1	0	231		0
1	212	1	79	231	0062	1
1	79	-1	0	231		0
1	79	-1	0	231		0
1	1	-1	0	231		0
1	245	-1	0	231		0
1	213	1	10	231	0062	1
1	79	-1	0	231		0
1	10	-1	0	231		0
1	1	-1	0	231		0
1	245	-1	0	231		0
1	213	1	10	231		1
1	79	-1	0	231		0
1	10	-1	0	231		0
1	1	-1	0	231		0
1	245	-1	0	231		0
1	213	1	14	231	0062	1
1	79	-1	0	231		0
1	14	-1	0	231		0
1	1	-1	0	231		0
1	245	-1	0	231		0
1	213	1	8	231		0
1	79	-1	0	231		0
1	8	-1	0	231		0
1	1	-1	0	231		0
1	245	-1	0	231		0
1	213	1	8	231		0
1	79	-1	0	231		0
1	8	-1	0	231		0
1	1	-1	0	231		0
1	245	-1	0	231		0
1	213	1	79	231	007600610072006900610062006c0065	1
1	79	-1	0	231		0
1	79	-1	0	231		0
1	1	-1	0	231		0
1	245	-1	0	231		0
1	213	1	79	231	007600610072006900610062006c0065	1
1	79	-1	0	231		0
1	218	-1	0	231		0
1	218	-1	0	231		0
1	79	-1	0	231		0
1	1	-1	0	231		0
1	245	-1	0	231		0
1	213	1	10	231	0062	1
1	79	-1	0	231		0
1	218	-1	0	231		0
1	218	-1	0	231		0
1	10	-1	0	231		0
1	1	-1	0	231		0
1	245	-1	0	231		0
1	213	1	8	231		0
1	79	-1	0	231		0
1	218	-1	0	231		0
1	218	-1	0	231		0
1	8	-1	0	231		0
1	1	-1	0	231		0
1	245	-1	0	231		0
1	212	1	80	231		0
1	79	-1	0	231		0
1	80	-1	0	231		0
1	1	-1	0	231		0
1	245	-1	0	231		0
1	213	1	80	231		0
1	79	-1	0	231		0
1	80	-1	0	231		0
1	1	-1	0	231		0
1	245	-1	0	231		0
1	213	1	10	231	d83dde00	1
1	79	-1	0	231		0
1	10	-1	0	231		0
1	1	-1	0	231		0
1	245	-1	0	231		0
1	213	1	10	231	00610062	1
1	79	-1	0	231		0
1	10	-1	0	231		0
1	1	-1	0	231		0
1	245	-1	0	231		0
1	213	1	10	231	0061000a	1
1	79	-1	0	231		0
1	10	-1	0	231		0
1	1	-1	0	231		0
1	245	-1	0	231		0
1	213	1	111	231		0
1	79	-1	0	231		0
1	111	-1	0	231		0
1	1	-1	0	231		0
1	245	-1	0	231		0
1	213	1	9	231		0
1	79	-1	0	231		0
1	9	-1	0	231		0
1	1	-1	0	231		0
1	245	-1	0	231		0
1	213	1	227	231		0
1	79	-1	0	231		0
1	227	-1	0	231		0
1	79	-1	0	231		0
1	39	-1	0	231		0
1	10	-1	0	231		0
1	1	-1	0	231		0
1	245	-1	0	231		0
1	212	1	79	231	0062	1
1	79	-1	0	231		0
1	28	-1	0	231		0
1	79	-1	0	231		0
1	1	-1	0	231		0
1	245	-1	0	231		0
1	213	1	10	231	0062	1
1	79	-1	0	231		0
1	28	-1	0	231		0
1	10	-1	0	231		0
1	1	-1	0	231		0
1	245	-1	0	231		0
1	218	-1	0	231		0
1	212	1	79	231	0062	1
1	79	-1	0	231		0
1	79	-1	0	231		0
1	1	-1	0	231		0
1	245	-1	0	231		0
1	214	-1	0	231		0
1	79	-1	0	231		0
1	1	-1	0	231		0
1	245	-1	0	231		0
1	213	1	229	231		0
1	79	-1	0	231		0
1	229	-1	0	231		0
1	15	-1	0	231		0
1	240	-1	0	231		0
1	79	-1	0	231		0
1	17	-1	0	231		0
1	1	-1	0	231		0
0	0	-1	0	232		0
1	245	-1	0	232		0
1	212	1	79	232		0
1	79	-1	0	232		0
1	79	-1	0	232		0
1	1	-1	0	232		0
1	245	-1	0	232		0
1	213	1	10	232		0
1	79	-1	0	232		0
1	10	-1	0	232		0
1	1	-1	0	232		0
1	245	-1	0	232		0
1	213	1	10	232		0
1	79	-1	0	232		0
1	10	-1	0	232		0
1	1	-1	0	232		0
1	245	-1	0	232		0
1	213	1	14	232		0
1	79	-1	0	232		0
1	14	-1	0	232		0
1	1	-1	0	232		0
1	245	-1	0	232		0
1	213	1	8	232	00310036	1
1	79	-1	0	232		0
1	8	-1	0	232		0
1	1	-1	0	232		0
1	245	-1	0	232		0
1	213	1	8	232	00310030	1
1	79	-1	0	232		0
1	8	-1	0	232		0
1	1	-1	0	232		0
1	245	-1	0	232		0
1	213	1	79	232		0
1	79	-1	0	232		0
1	79	-1	0	232		0
1	1	-1	0	232		0
1	245	-1	0	232		0
1	213	1	79	232		0
1	79	-1	0	232		0
1	218	-1	0	232		0
1	218	-1	0	232		0
1	79	-1	0	232		0
1	1	-1	0	232		0
1	245	-1	0	232		0
1	213	1	10	232		0
1	79	-1	0	232		0
1	218	-1	0	232		0
1	218	-1	0	232		0
1	10	-1	0	232		0
1	1	-1	0	232		0
1	245	-1	0	232		0
1	213	1	8	232	0030	1
1	79	-1	0	232		0
1	218	-1	0	232		0
1	218	-1	0	232		0
1	8	-1	0	232		0
1	1	-1	0	232		0
1	245	-1	0	232		0
1	212	1	80	232		0
1	79	-1	0	232		0
1	80	-1	0	232		0
1	1	-1	0	232		0
1	245	-1	0	232		0
1	213	1	80	232		0
1	79	-1	0	232		0
1	80	-1	0	232		0
1	1	-1	0	232		0
1	245	-1	0	232		0
1	213	1	10	232		0
1	79	-1	0	232		0
1	10	-1	0	232		0
1	1	-1	0	232		0
1	245	-1	0	232		0
1	213	1	10	232		0
1	79	-1	0	232		0
1	10	-1	0	232		0
1	1	-1	0	232		0
1	245	-1	0	232		0
1	213	1	10	232		0
1	79	-1	0	232		0
1	10	-1	0	232		0
1	1	-1	0	232		0
1	245	-1	0	232		0
1	213	1	111	232		0
1	79	-1	0	232		0
1	111	-1	0	232		0
1	1	-1	0	232		0
1	245	-1	0	232		0
1	213	1	9	232		0
1	79	-1	0	232		0
1	9	-1	0	232		0
1	1	-1	0	232		0
1	245	-1	0	232		0
1	213	1	227	232		0
1	79	-1	0	232		0
1	227	-1	0	232		0
1	79	-1	0	232		0
1	39	-1	0	232		0
1	10	-1	0	232		0
1	1	-1	0	232		0
1	245	-1	0	232		0
1	212	1	79	232		0
1	79	-1	0	232		0
1	28	-1	0	232		0
1	79	-1	0	232		0
1	1	-1	0	232		0
1	245	-1	0	232		0
1	213	1	10	232		0
1	79	-1	0	232		0
1	28	-1	0	232		0
1	10	-1	0	232		0
1	1	-1	0	232		0
1	245	-1	0	232		0
1	218	-1	0	232		0
1	212	1	79	232		0
1	79	-1	0	232		0
1	79	-1	0	232		0
1	1	-1	0	232		0
1	245	-1	0	232		0
1	214	-1	0	232		0
1	79	-1	0	232		0
1	1	-1	0	232		0
1	245	-1	0	232		0
1	213	1	229	232		0
1	79	-1	0	232		0
1	229	-1	0	232		0
1	15	-1	0	232		0
1	240	-1	0	232		0
1	79	-1	0	232		0
1	17	-1	0	232		0
1	1	-1	0	232		0
0	0	-1	0	233		0
1	245	-1	0	233		0
1	212	1	79	233	0062	1
1	79	-1	0	233		0
1	79	-1	0	233		0
1	1	-1	0	233		0
1	245	-1	0	233		0
1	213	1	10	233		0
1	79	-1	0	233		0
1	10	-1	0	233		0
1	1	-1	0	233		0
1	245	-1	0	233		0
1	213	1	10	233		0
1	79	-1	0	233		0
1	10	-1	0	233		0
1	1	-1	0	233		0
1	245	-1	0	233		0
1	213	1	14	233		0
1	79	-1	0	233		0
1	14	-1	0	233		0
1	1	-1	0	233		0
1	245	-1	0	233		0
1	213	1	8	233	00310036	1
1	79	-1	0	233		0
1	8	-1	0	233		0
1	1	-1	0	233		0
1	245	-1	0	233		0
1	213	1	8	233	00310030	1
1	79	-1	0	233		0
1	8	-1	0	233		0
1	1	-1	0	233		0
1	245	-1	0	233		0
1	213	1	79	233	007600610072006900610062006c0065	1
1	79	-1	0	233		0
1	79	-1	0	233		0
1	1	-1	0	233		0
1	245	-1	0	233		0
1	213	1	79	233	007600610072006900610062006c0065	1
1	79	-1	0	233		0
1	218	-1	0	233		0
1	218	-1	0	233		0
1	79	-1	0	233		0
1	1	-1	0	233		0
1	245	-1	0	233		0
1	213	1	10	233		0
1	79	-1	0	233		0
1	218	-1	0	233		0
1	218	-1	0	233		0
1	10	-1	0	233		0
1	1	-1	0	233		0
1	245	-1	0	233		0
1	213	1	8	233	0030	1
1	79	-1	0	233		0
1	218	-1	0	233		0
1	218	-1	0	233		0
1	8	-1	0	233		0
1	1	-1	0	233		0
1	245	-1	0	233		0
1	212	1	80	233		0
1	79	-1	0	233		0
1	80	-1	0	233		0
1	1	-1	0	233		0
1	245	-1	0	233		0
1	213	1	80	233		0
1	79	-1	0	233		0
1	80	-1	0	233		0
1	1	-1	0	233		0
1	245	-1	0	233		0
1	213	1	10	233		0
1	79	-1	0	233		0
1	10	-1	0	233		0
1	1	-1	0	233		0
1	245	-1	0	233		0
1	213	1	10	233		0
1	79	-1	0	233		0
1	10	-1	0	233		0
1	1	-1	0	233		0
1	245	-1	0	233		0
1	213	1	10	233		0
1	79	-1	0	233		0
1	10	-1	0	233		0
1	1	-1	0	233		0
1	245	-1	0	233		0
1	213	1	111	233		0
1	79	-1	0	233		0
1	111	-1	0	233		0
1	1	-1	0	233		0
1	245	-1	0	233		0
1	213	1	9	233		0
1	79	-1	0	233		0
1	9	-1	0	233		0
1	1	-1	0	233		0
1	245	-1	0	233		0
1	213	1	227	233		0
1	79	-1	0	233		0
1	227	-1	0	233		0
1	79	-1	0	233		0
1	39	-1	0	233		0
1	10	-1	0	233		0
1	1	-1	0	233		0
1	245	-1	0	233		0
1	212	1	79	233	0062	1
1	79	-1	0	233		0
1	28	-1	0	233		0
1	79	-1	0	233		0
1	1	-1	0	233		0
1	245	-1	0	233		0
1	213	1	10	233		0
1	79	-1	0	233		0
1	28	-1	0	233		0
1	10	-1	0	233		0
1	1	-1	0	233		0
1	245	-1	0	233		0
1	218	-1	0	233		0
1	212	1	79	233	0062	1
1	79	-1	0	233		0
1	79	-1	0	233		0
1	1	-1	0	233		0
1	245	-1	0	233		0
1	214	-1	0	233		0
1	79	-1	0	233		0
1	1	-1	0	233		0
1	245	-1	0	233		0
1	213	1	229	233		0
1	79	-1	0	233		0
1	229	-1	0	233		0
1	15	-1	0	233		0
1	240	-1	0	233		0
1	79	-1	0	233		0
1	17	-1	0	233		0
1	1	-1	0	233		0
0	0	-1	0	234		0
1	245	-1	0	234		0
1	212	1	79	234		0
1	79	-1	0	234		0
1	79	-1	0	234		0
1	1	-1	0	234		0
1	245	-1	0	234		0
1	213	1	10	234	0062	1
1	79	-1	0	234		0
1	10	-1	0	234		0
1	1	-1	0	234		0
1	245	-1	0	234		0
1	213	1	10	234		1
1	79	-1	0	234		0
1	10	-1	0	234		0
1	1	-1	0	234		0
1	245	-1	0	234		0
1	213	1	14	234		0
1	79	-1	0	234		0
1	14	-1	0	234		0
1	1	-1	0	234		0
1	245	-1	0	234		0
1	213	1	8	234	00310036	1
1	79	-1	0	234		0
1	8	-1	0	234		0
1	1	-1	0	234		0
1	245	-1	0	234		0
1	213	1	8	234	00310030	1
1	79	-1	0	234		0
1	8	-1	0	234		0
1	1	-1	0	234		0
1	245	-1	0	234		0
1	213	1	79	234		0
1	79	-1	0	234		0
1	79	-1	0	234		0
1	1	-1	0	234		0
1	245	-1	0	234		0
1	213	1	79	234		0
1	79	-1	0	234		0
1	218	-1	0	234		0
1	218	-1	0	234		0
1	79	-1	0	234		0
1	1	-1	0	234		0
1	245	-1	0	234		0
1	213	1	10	234	0062	1
1	79	-1	0	234		0
1	218	-1	0	234		0
1	218	-1	0	234		0
1	10	-1	0	234		0
1	1	-1	0	234		0
1	245	-1	0	234		0
1	213	1	8	234	0030	1
1	79	-1	0	234		0
1	218	-1	0	234		0
1	218	-1	0	234		0
1	8	-1	0	234		0
1	1	-1	0	234		0
1	245	-1	0	234		0
1	212	1	80	234		0
1	79	-1	0	234		0
1	80	-1	0	234		0
1	1	-1	0	234		0
1	245	-1	0	234		0
1	213	1	80	234		0
1	79	-1	0	234		0
1	80	-1	0	234		0
1	1	-1	0	234		0
1	245	-1	0	234		0
1	213	1	10	234	d83dde00	1
1	79	-1	0	234		0
1	10	-1	0	234		0
1	1	-1	0	234		0
1	245	-1	0	234		0
1	213	1	10	234	00610062	1
1	79	-1	0	234		0
1	10	-1	0	234		0
1	1	-1	0	234		0
1	245	-1	0	234		0
1	213	1	10	234	0061000a	1
1	79	-1	0	234		0
1	10	-1	0	234		0
1	1	-1	0	234		0
1	245	-1	0	234		0
1	213	1	111	234		0
1	79	-1	0	234		0
1	111	-1	0	234		0
1	1	-1	0	234		0
1	245	-1	0	234		0
1	213	1	9	234		0
1	79	-1	0	234		0
1	9	-1	0	234		0
1	1	-1	0	234		0
1	245	-1	0	234		0
1	213	1	227	234		0
1	79	-1	0	234		0
1	227	-1	0	234		0
1	79	-1	0	234		0
1	39	-1	0	234		0
1	10	-1	0	234		0
1	1	-1	0	234		0
1	245	-1	0	234		0
1	212	1	79	234		0
1	79	-1	0	234		0
1	28	-1	0	234		0
1	79	-1	0	234		0
1	1	-1	0	234		0
1	245	-1	0	234		0
1	213	1	10	234	0062	1
1	79	-1	0	234		0
1	28	-1	0	234		0
1	10	-1	0	234		0
1	1	-1	0	234		0
1	245	-1	0	234		0
1	218	-1	0	234		0
1	212	1	79	234		0
1	79	-1	0	234		0
1	79	-1	0	234		0
1	1	-1	0	234		0
1	245	-1	0	234		0
1	214	-1	0	234		0
1	79	-1	0	234		0
1	1	-1	0	234		0
1	245	-1	0	234		0
1	213	1	229	234		0
1	79	-1	0	234		0
1	229	-1	0	234		0
1	15	-1	0	234		0
1	240	-1	0	234		0
1	79	-1	0	234		0
1	17	-1	0	234		0
1	1	-1	0	234		0
0	0	-1	0	235		0
1	245	-1	0	235		0
1	212	1	79	235	0062	1
1	79	-1	0	235		0
1	79	-1	0	235		0
1	1	-1	0	235		0
1	245	-1	0	235		0
1	213	1	10	235	0062	1
1	79	-1	0	235		0
1	10	-1	0	235		0
1	1	-1	0	235		0
1	245	-1	0	235		0
1	213	1	10	235		1
1	79	-1	0	235		0
1	10	-1	0	235		0
1	1	-1	0	235		0
1	245	-1	0	235		0
1	213	1	14	235		0
1	79	-1	0	235		0
1	14	-1	0	235		0
1	1	-1	0	235		0
1	245	-1	0	235		0
1	213	1	8	235	00310036	1
1	79	-1	0	235		0
1	8	-1	0	235		0
1	1	-1	0	235		0
1	245	-1	0	235		0
1	213	1	8	235	00310030	1
1	79	-1	0	235		0
1	8	-1	0	235		0
1	1	-1	0	235		0
1	245	-1	0	235		0
1	213	1	79	235	007600610072006900610062006c0065	1
1	79	-1	0	235		0
1	79	-1	0	235		0
1	1	-1	0	235		0
1	245	-1	0	235		0
1	213	1	79	235	007600610072006900610062006c0065	1
1	79	-1	0	235		0
1	218	-1	0	235		0
1	218	-1	0	235		0
1	79	-1	0	235		0
1	1	-1	0	235		0
1	245	-1	0	235		0
1	213	1	10	235	0062	1
1	79	-1	0	235		0
1	218	-1	0	235		0
1	218	-1	0	235		0
1	10	-1	0	235		0
1	1	-1	0	235		0
1	245	-1	0	235		0
1	213	1	8	235	0030	1
1	79	-1	0	235		0
1	218	-1	0	235		0
1	218	-1	0	235		0
1	8	-1	0	235		0
1	1	-1	0	235		0
1	245	-1	0	235		0
1	212	1	80	235		0
1	79	-1	0	235		0
1	80	-1	0	235		0
1	1	-1	0	235		0
1	245	-1	0	235		0
1	213	1	80	235		0
1	79	-1	0	235		0
1	80	-1	0	235		0
1	1	-1	0	235		0
1	245	-1	0	235		0
1	213	1	10	235	d83dde00	1
1	79	-1	0	235		0
1	10	-1	0	235		0
1	1	-1	0	235		0
1	245	-1	0	235		0
1	213	1	10	235	00610062	1
1	79	-1	0	235		0
1	10	-1	0	235		0
1	1	-1	0	235		0
1	245	-1	0	235		0
1	213	1	10	235	0061000a	1
1	79	-1	0	235		0
1	10	-1	0	235		0
1	1	-1	0	235		0
1	245	-1	0	235		0
1	213	1	111	235		0
1	79	-1	0	235		0
1	111	-1	0	235		0
1	1	-1	0	235		0
1	245	-1	0	235		0
1	213	1	9	235		0
1	79	-1	0	235		0
1	9	-1	0	235		0
1	1	-1	0	235		0
1	245	-1	0	235		0
1	213	1	227	235		0
1	79	-1	0	235		0
1	227	-1	0	235		0
1	79	-1	0	235		0
1	39	-1	0	235		0
1	10	-1	0	235		0
1	1	-1	0	235		0
1	245	-1	0	235		0
1	212	1	79	235	0062	1
1	79	-1	0	235		0
1	28	-1	0	235		0
1	79	-1	0	235		0
1	1	-1	0	235		0
1	245	-1	0	235		0
1	213	1	10	235	0062	1
1	79	-1	0	235		0
1	28	-1	0	235		0
1	10	-1	0	235		0
1	1	-1	0	235		0
1	245	-1	0	235		0
1	218	-1	0	235		0
1	212	1	79	235	0062	1
1	79	-1	0	235		0
1	79	-1	0	235		0
1	1	-1	0	235		0
1	245	-1	0	235		0
1	214	-1	0	235		0
1	79	-1	0	235		0
1	1	-1	0	235		0
1	245	-1	0	235		0
1	213	1	229	235		0
1	79	-1	0	235		0
1	229	-1	0	235		0
1	15	-1	0	235		0
1	240	-1	0	235		0
1	79	-1	0	235		0
1	17	-1	0	235		0
1	1	-1	0	235		0
0	0	-1	0	236		0
1	245	-1	0	236		0
1	212	1	79	236		0
1	79	-1	0	236		0
1	79	-1	0	236		0
1	1	-1	0	236		0
1	245	-1	0	236		0
1	213	1	10	236		0
1	79	-1	0	236		0
1	10	-1	0	236		0
1	1	-1	0	236		0
1	245	-1	0	236		0
1	213	1	10	236		0
1	79	-1	0	236		0
1	10	-1	0	236		0
1	1	-1	0	236		0
1	245	-1	0	236		0
1	213	1	14	236	0062	1
1	79	-1	0	236		0
1	14	-1	0	236		0
1	1	-1	0	236		0
1	245	-1	0	236		0
1	213	1	8	236	00310036	1
1	79	-1	0	236		0
1	8	-1	0	236		0
1	1	-1	0	236		0
1	245	-1	0	236		0
1	213	1	8	236	00310030	1
1	79	-1	0	236		0
1	8	-1	0	236		0
1	1	-1	0	236		0
1	245	-1	0	236		0
1	213	1	79	236		0
1	79	-1	0	236		0
1	79	-1	0	236		0
1	1	-1	0	236		0
1	245	-1	0	236		0
1	213	1	79	236		0
1	79	-1	0	236		0
1	218	-1	0	236		0
1	218	-1	0	236		0
1	79	-1	0	236		0
1	1	-1	0	236		0
1	245	-1	0	236		0
1	213	1	10	236		0
1	79	-1	0	236		0
1	218	-1	0	236		0
1	218	-1	0	236		0
1	10	-1	0	236		0
1	1	-1	0	236		0
1	245	-1	0	236		0
1	213	1	8	236	0030	1
1	79	-1	0	236		0
1	218	-1	0	236		0
1	218	-1	0	236		0
1	8	-1	0	236		0
1	1	-1	0	236		0
1	245	-1	0	236		0
1	212	1	80	236		0
1	79	-1	0	236		0
1	80	-1	0	236		0
1	1	-1	0	236		0
1	245	-1	0	236		0
1	213	1	80	236		0
1	79	-1	0	236		0
1	80	-1	0	236		0
1	1	-1	0	236		0
1	245	-1	0	236		0
1	213	1	10	236		0
1	79	-1	0	236		0
1	10	-1	0	236		0
1	1	-1	0	236		0
1	245	-1	0	236		0
1	213	1	10	236		0
1	79	-1	0	236		0
1	10	-1	0	236		0
1	1	-1	0	236		0
1	245	-1	0	236		0
1	213	1	10	236		0
1	79	-1	0	236		0
1	10	-1	0	236		0
1	1	-1	0	236		0
1	245	-1	0	236		0
1	213	1	111	236		0
1	79	-1	0	236		0
1	111	-1	0	236		0
1	1	-1	0	236		0
1	245	-1	0	236		0
1	213	1	9	236		0
1	79	-1	0	236		0
1	9	-1	0	236		0
1	1	-1	0	236		0
1	245	-1	0	236		0
1	213	1	227	236		0
1	79	-1	0	236		0
1	227	-1	0	236		0
1	79	-1	0	236		0
1	39	-1	0	236		0
1	10	-1	0	236		0
1	1	-1	0	236		0
1	245	-1	0	236		0
1	212	1	79	236		0
1	79	-1	0	236		0
1	28	-1	0	236		0
1	79	-1	0	236		0
1	1	-1	0	236		0
1	245	-1	0	236		0
1	213	1	10	236		0
1	79	-1	0	236		0
1	28	-1	0	236		0
1	10	-1	0	236		0
1	1	-1	0	236		0
1	245	-1	0	236		0
1	218	-1	0	236		0
1	212	1	79	236		0
1	79	-1	0	236		0
1	79	-1	0	236		0
1	1	-1	0	236		0
1	245	-1	0	236		0
1	214	-1	0	236		0
1	79	-1	0	236		0
1	1	-1	0	236		0
1	245	-1	0	236		0
1	213	1	229	236		0
1	79	-1	0	236		0
1	229	-1	0	236		0
1	15	-1	0	236		0
1	240	-1	0	236		0
1	79	-1	0	236		0
1	17	-1	0	236		0
1	1	-1	0	236		0
0	0	-1	0	237		0
1	245	-1	0	237		0
1	212	1	79	237	0062	1
1	79	-1	0	237		0
1	79	-1	0	237		0
1	1	-1	0	237		0
1	245	-1	0	237		0
1	213	1	10	237		0
1	79	-1	0	237		0
1	10	-1	0	237		0
1	1	-1	0	237		0
1	245	-1	0	237		0
1	213	1	10	237		0
1	79	-1	0	237		0
1	10	-1	0	237		0
1	1	-1	0	237		0
1	245	-1	0	237		0
1	213	1	14	237	0062	1
1	79	-1	0	237		0
1	14	-1	0	237		0
1	1	-1	0	237		0
1	245	-1	0	237		0
1	213	1	8	237	00310036	1
1	79	-1	0	237		0
1	8	-1	0	237		0
1	1	-1	0	237		0
1	245	-1	0	237		0
1	213	1	8	237	00310030	1
1	79	-1	0	237		0
1	8	-1	0	237		0
1	1	-1	0	237		0
1	245	-1	0	237		0
1	213	1	79	237	007600610072006900610062006c0065	1
1	79	-1	0	237		0
1	79	-1	0	237		0
1	1	-1	0	237		0
1	245	-1	0	237		0
1	213	1	79	237	007600610072006900610062006c0065	1
1	79	-1	0	237		0
1	218	-1	0	237		0
1	218	-1	0	237		0
1	79	-1	0	237		0
1	1	-1	0	237		0
1	245	-1	0	237		0
1	213	1	10	237		0
1	79	-1	0	237		0
1	218	-1	0	237		0
1	218	-1	0	237		0
1	10	-1	0	237		0
1	1	-1	0	237		0
1	245	-1	0	237		0
1	213	1	8	237	0030	1
1	79	-1	0	237		0
1	218	-1	0	237		0
1	218	-1	0	237		0
1	8	-1	0	237		0
1	1	-1	0	237		0
1	245	-1	0	237		0
1	212	1	80	237		0
1	79	-1	0	237		0
1	80	-1	0	237		0
1	1	-1	0	237		0
1	245	-1	0	237		0
1	213	1	80	237		0
1	79	-1	0	237		0
1	80	-1	0	237		0
1	1	-1	0	237		0
1	245	-1	0	237		0
1	213	1	10	237		0
1	79	-1	0	237		0
1	10	-1	0	237		0
1	1	-1	0	237		0
1	245	-1	0	237		0
1	213	1	10	237		0
1	79	-1	0	237		0
1	10	-1	0	237		0
1	1	-1	0	237		0
1	245	-1	0	237		0
1	213	1	10	237		0
1	79	-1	0	237		0
1	10	-1	0	237		0
1	1	-1	0	237		0
1	245	-1	0	237		0
1	213	1	111	237		0
1	79	-1	0	237		0
1	111	-1	0	237		0
1	1	-1	0	237		0
1	245	-1	0	237		0
1	213	1	9	237		0
1	79	-1	0	237		0
1	9	-1	0	237		0
1	1	-1	0	237		0
1	245	-1	0	237		0
1	213	1	227	237		0
1	79	-1	0	237		0
1	227	-1	0	237		0
1	79	-1	0	237		0
1	39	-1	0	237		0
1	10	-1	0	237		0
1	1	-1	0	237		0
1	245	-1	0	237		0
1	212	1	79	237	0062	1
1	79	-1	0	237		0
1	28	-1	0	237		0
1	79	-1	0	237		0
1	1	-1	0	237		0
1	245	-1	0	237		0
1	213	1	10	237		0
1	79	-1	0	237		0
1	28	-1	0	237		0
1	10	-1	0	237		0
1	1	-1	0	237		0
1	245	-1	0	237		0
1	218	-1	0	237		0
1	212	1	79	237	0062	1
1	79	-1	0	237		0
1	79	-1	0	237		0
1	1	-1	0	237		0
1	245	-1	0	237		0
1	214	-1	0	237		0
1	79	-1	0	237		0
1	1	-1	0	237		0
1	245	-1	0	237		0
1	213	1	229	237		0
1	79	-1	0	237		0
1	229	-1	0	237		0
1	15	-1	0	237		0
1	240	-1	0	237		0
1	79	-1	0	237		0
1	17	-1	0	237		0
1	1	-1	0	237		0
0	0	-1	0	238		0
1	245	-1	0	238		0
1	212	1	79	238		0
1	79	-1	0	238		0
1	79	-1	0	238		0
1	1	-1	0	238		0
1	245	-1	0	238		0
1	213	1	10	238	0062	1
1	79	-1	0	238		0
1	10	-1	0	238		0
1	1	-1	0	238		0
1	245	-1	0	238		0
1	213	1	10	238		1
1	79	-1	0	238		0
1	10	-1	0	238		0
1	1	-1	0	238		0
1	245	-1	0	238		0
1	213	1	14	238	0062	1
1	79	-1	0	238		0
1	14	-1	0	238		0
1	1	-1	0	238		0
1	245	-1	0	238		0
1	213	1	8	238	00310036	1
1	79	-1	0	238		0
1	8	-1	0	238		0
1	1	-1	0	238		0
1	245	-1	0	238		0
1	213	1	8	238	00310030	1
1	79	-1	0	238		0
1	8	-1	0	238		0
1	1	-1	0	238		0
1	245	-1	0	238		0
1	213	1	79	238		0
1	79	-1	0	238		0
1	79	-1	0	238		0
1	1	-1	0	238		0
1	245	-1	0	238		0
1	213	1	79	238		0
1	79	-1	0	238		0
1	218	-1	0	238		0
1	218	-1	0	238		0
1	79	-1	0	238		0
1	1	-1	0	238		0
1	245	-1	0	238		0
1	213	1	10	238	0062	1
1	79	-1	0	238		0
1	218	-1	0	238		0
1	218	-1	0	238		0
1	10	-1	0	238		0
1	1	-1	0	238		0
1	245	-1	0	238		0
1	213	1	8	238	0030	1
1	79	-1	0	238		0
1	218	-1	0	238		0
1	218	-1	0	238		0
1	8	-1	0	238		0
1	1	-1	0	238		0
1	245	-1	0	238		0
1	212	1	80	238		0
1	79	-1	0	238		0
1	80	-1	0	238		0
1	1	-1	0	238		0
1	245	-1	0	238		0
1	213	1	80	238		0
1	79	-1	0	238		0
1	80	-1	0	238		0
1	1	-1	0	238		0
1	245	-1	0	238		0
1	213	1	10	238	d83dde00	1
1	79	-1	0	238		0
1	10	-1	0	238		0
1	1	-1	0	238		0
1	245	-1	0	238		0
1	213	1	10	238	00610062	1
1	79	-1	0	238		0
1	10	-1	0	238		0
1	1	-1	0	238		0
1	245	-1	0	238		0
1	213	1	10	238	0061000a	1
1	79	-1	0	238		0
1	10	-1	0	238		0
1	1	-1	0	238		0
1	245	-1	0	238		0
1	213	1	111	238		0
1	79	-1	0	238		0
1	111	-1	0	238		0
1	1	-1	0	238		0
1	245	-1	0	238		0
1	213	1	9	238		0
1	79	-1	0	238		0
1	9	-1	0	238		0
1	1	-1	0	238		0
1	245	-1	0	238		0
1	213	1	227	238		0
1	79	-1	0	238		0
1	227	-1	0	238		0
1	79	-1	0	238		0
1	39	-1	0	238		0
1	10	-1	0	238		0
1	1	-1	0	238		0
1	245	-1	0	238		0
1	212	1	79	238		0
1	79	-1	0	238		0
1	28	-1	0	238		0
1	79	-1	0	238		0
1	1	-1	0	238		0
1	245	-1	0	238		0
1	213	1	10	238	0062	1
1	79	-1	0	238		0
1	28	-1	0	238		0
1	10	-1	0	238		0
1	1	-1	0	238		0
1	245	-1	0	238		0
1	218	-1	0	238		0
1	212	1	79	238		0
1	79	-1	0	238		0
1	79	-1	0	238		0
1	1	-1	0	238		0
1	245	-1	0	238		0
1	214	-1	0	238		0
1	79	-1	0	238		0
1	1	-1	0	238		0
1	245	-1	0	238		0
1	213	1	229	238		0
1	79	-1	0	238		0
1	229	-1	0	238		0
1	15	-1	0	238		0
1	240	-1	0	238		0
1	79	-1	0	238		0
1	17	-1	0	238		0
1	1	-1	0	238		0
0	0	-1	0	239		0
1	245	-1	0	239		0
1	212	1	79	239	0062	1
1	79	-1	0	239		0
1	79	-1	0	239		0
1	1	-1	0	239		0
1	245	-1	0	239		0
1	213	1	10	239	0062	1
1	79	-1	0	239		0
1	10	-1	0	239		0
1	1	-1	0	239		0
1	245	-1	0	239		0
1	213	1	10	239		1
1	79	-1	0	239		0
1	10	-1	0	239		0
1	1	-1	0	239		0
1	245	-1	0	239		0
1	213	1	14	239	0062	1
1	79	-1	0	239		0
1	14	-1	0	239		0
1	1	-1	0	239		0
1	245	-1	0	239		0
1	213	1	8	239	00310036	1
1	79	-1	0	239		0
1	8	-1	0	239		0
1	1	-1	0	239		0
1	245	-1	0	239		0
1	213	1	8	239	00310030	1
1	79	-1	0	239		0
1	8	-1	0	239		0
1	1	-1	0	239		0
1	245	-1	0	239		0
1	213	1	79	239	007600610072006900610062006c0065	1
1	79	-1	0	239		0
1	79	-1	0	239		0
1	1	-1	0	239		0
1	245	-1	0	239		0
1	213	1	79	239	007600610072006900610062006c0065	1
1	79	-1	0	239		0
1	218	-1	0	239		0
1	218	-1	0	239		0
1	79	-1	0	239		0
1	1	-1	0	239		0
1	245	-1	0	239		0
1	213	1	10	239	0062	1
1	79	-1	0	239		0
1	218	-1	0	239		0
1	218	-1	0	239		0
1	10	-1	0	239		0
1	1	-1	0	239		0
1	245	-1	0	239		0
1	213	1	8	239	0030	1
1	79	-1	0	239		0
1	218	-1	0	239		0
1	218	-1	0	239		0
1	8	-1	0	239		0
1	1	-1	0	239		0
1	245	-1	0	239		0
1	212	1	80	239		0
1	79	-1	0	239		0
1	80	-1	0	239		0
1	1	-1	0	239		0
1	245	-1	0	239		0
1	213	1	80	239		0
1	79	-1	0	239		0
1	80	-1	0	239		0
1	1	-1	0	239		0
1	245	-1	0	239		0
1	213	1	10	239	d83dde00	1
1	79	-1	0	239		0
1	10	-1	0	239		0
1	1	-1	0	239		0
1	245	-1	0	239		0
1	213	1	10	239	00610062	1
1	79	-1	0	239		0
1	10	-1	0	239		0
1	1	-1	0	239		0
1	245	-1	0	239		0
1	213	1	10	239	0061000a	1
1	79	-1	0	239		0
1	10	-1	0	239		0
1	1	-1	0	239		0
1	245	-1	0	239		0
1	213	1	111	239		0
1	79	-1	0	239		0
1	111	-1	0	239		0
1	1	-1	0	239		0
1	245	-1	0	239		0
1	213	1	9	239		0
1	79	-1	0	239		0
1	9	-1	0	239		0
1	1	-1	0	239		0
1	245	-1	0	239		0
1	213	1	227	239		0
1	79	-1	0	239		0
1	227	-1	0	239		0
1	79	-1	0	239		0
1	39	-1	0	239		0
1	10	-1	0	239		0
1	1	-1	0	239		0
1	245	-1	0	239		0
1	212	1	79	239	0062	1
1	79	-1	0	239		0
1	28	-1	0	239		0
1	79	-1	0	239		0
1	1	-1	0	239		0
1	245	-1	0	239		0
1	213	1	10	239	0062	1
1	79	-1	0	239		0
1	28	-1	0	239		0
1	10	-1	0	239		0
1	1	-1	0	239		0
1	245	-1	0	239		0
1	218	-1	0	239		0
1	212	1	79	239	0062	1
1	79	-1	0	239		0
1	79	-1	0	239		0
1	1	-1	0	239		0
1	245	-1	0	239		0
1	214	-1	0	239		0
1	79	-1	0	239		0
1	1	-1	0	239		0
1	245	-1	0	239		0
1	213	1	229	239		0
1	79	-1	0	239		0
1	229	-1	0	239		0
1	15	-1	0	239		0
1	240	-1	0	239		0
1	79	-1	0	239		0
1	17	-1	0	239		0
1	1	-1	0	239		0
0	0	-1	0	240		0
1	245	-1	0	240		0
1	212	1	79	240		0
1	79	-1	0	240		0
1	79	-1	0	240		0
1	1	-1	0	240		0
1	245	-1	0	240		0
1	213	1	10	240		0
1	79	-1	0	240		0
1	10	-1	0	240		0
1	1	-1	0	240		0
1	245	-1	0	240		0
1	213	1	10	240		0
1	79	-1	0	240		0
1	10	-1	0	240		0
1	1	-1	0	240		0
1	245	-1	0	240		0
1	213	1	14	240		0
1	79	-1	0	240		0
1	14	-1	0	240		0
1	1	-1	0	240		0
1	245	-1	0	240		0
1	213	1	8	240		0
1	79	-1	0	240		0
1	8	-1	0	240		0
1	1	-1	0	240		0
1	245	-1	0	240		0
1	213	1	8	240		0
1	79	-1	0	240		0
1	8	-1	0	240		0
1	1	-1	0	240		0
1	245	-1	0	240		0
1	213	1	79	240		0
1	79	-1	0	240		0
1	79	-1	0	240		0
1	1	-1	0	240		0
1	245	-1	0	240		0
1	213	1	79	240		0
1	79	-1	0	240		0
1	218	-1	0	240		0
1	218	-1	0	240		0
1	79	-1	0	240		0
1	1	-1	0	240		0
1	245	-1	0	240		0
1	213	1	10	240		0
1	79	-1	0	240		0
1	218	-1	0	240		0
1	218	-1	0	240		0
1	10	-1	0	240		0
1	1	-1	0	240		0
1	245	-1	0	240		0
1	213	1	8	240		0
1	79	-1	0	240		0
1	218	-1	0	240		0
1	218	-1	0	240		0
1	8	-1	0	240		0
1	1	-1	0	240		0
1	245	-1	0	240		0
1	212	1	80	240	00230070007200690076006100740065	1
1	79	-1	0	240		0
1	80	-1	0	240		0
1	1	-1	0	240		0
1	245	-1	0	240		0
1	213	1	80	240	00230070007200690076006100740065	1
1	79	-1	0	240		0
1	80	-1	0	240		0
1	1	-1	0	240		0
1	245	-1	0	240		0
1	213	1	10	240		0
1	79	-1	0	240		0
1	10	-1	0	240		0
1	1	-1	0	240		0
1	245	-1	0	240		0
1	213	1	10	240		0
1	79	-1	0	240		0
1	10	-1	0	240		0
1	1	-1	0	240		0
1	245	-1	0	240		0
1	213	1	10	240		0
1	79	-1	0	240		0
1	10	-1	0	240		0
1	1	-1	0	240		0
1	245	-1	0	240		0
1	213	1	111	240		0
1	79	-1	0	240		0
1	111	-1	0	240		0
1	1	-1	0	240		0
1	245	-1	0	240		0
1	213	1	9	240		0
1	79	-1	0	240		0
1	9	-1	0	240		0
1	1	-1	0	240		0
1	245	-1	0	240		0
1	213	1	227	240		0
1	79	-1	0	240		0
1	227	-1	0	240		0
1	79	-1	0	240		0
1	39	-1	0	240		0
1	10	-1	0	240		0
1	1	-1	0	240		0
1	245	-1	0	240		0
1	212	1	79	240		0
1	79	-1	0	240		0
1	28	-1	0	240		0
1	79	-1	0	240		0
1	1	-1	0	240		0
1	245	-1	0	240		0
1	213	1	10	240		0
1	79	-1	0	240		0
1	28	-1	0	240		0
1	10	-1	0	240		0
1	1	-1	0	240		0
1	245	-1	0	240		0
1	218	-1	0	240		0
1	212	1	79	240		0
1	79	-1	0	240		0
1	79	-1	0	240		0
1	1	-1	0	240		0
1	245	-1	0	240		0
1	214	-1	0	240		0
1	79	-1	0	240		0
1	1	-1	0	240		0
1	245	-1	0	240		0
1	213	1	229	240		0
1	79	-1	0	240		0
1	229	-1	0	240		0
1	15	-1	0	240		0
1	240	-1	0	240		0
1	79	-1	0	240		0
1	17	-1	0	240		0
1	1	-1	0	240		0
0	0	-1	0	241		0
1	245	-1	0	241		0
1	212	1	79	241	0062	1
1	79	-1	0	241		0
1	79	-1	0	241		0
1	1	-1	0	241		0
1	245	-1	0	241		0
1	213	1	10	241		0
1	79	-1	0	241		0
1	10	-1	0	241		0
1	1	-1	0	241		0
1	245	-1	0	241		0
1	213	1	10	241		0
1	79	-1	0	241		0
1	10	-1	0	241		0
1	1	-1	0	241		0
1	245	-1	0	241		0
1	213	1	14	241		0
1	79	-1	0	241		0
1	14	-1	0	241		0
1	1	-1	0	241		0
1	245	-1	0	241		0
1	213	1	8	241		0
1	79	-1	0	241		0
1	8	-1	0	241		0
1	1	-1	0	241		0
1	245	-1	0	241		0
1	213	1	8	241		0
1	79	-1	0	241		0
1	8	-1	0	241		0
1	1	-1	0	241		0
1	245	-1	0	241		0
1	213	1	79	241	007600610072006900610062006c0065	1
1	79	-1	0	241		0
1	79	-1	0	241		0
1	1	-1	0	241		0
1	245	-1	0	241		0
1	213	1	79	241	007600610072006900610062006c0065	1
1	79	-1	0	241		0
1	218	-1	0	241		0
1	218	-1	0	241		0
1	79	-1	0	241		0
1	1	-1	0	241		0
1	245	-1	0	241		0
1	213	1	10	241		0
1	79	-1	0	241		0
1	218	-1	0	241		0
1	218	-1	0	241		0
1	10	-1	0	241		0
1	1	-1	0	241		0
1	245	-1	0	241		0
1	213	1	8	241		0
1	79	-1	0	241		0
1	218	-1	0	241		0
1	218	-1	0	241		0
1	8	-1	0	241		0
1	1	-1	0	241		0
1	245	-1	0	241		0
1	212	1	80	241	00230070007200690076006100740065	1
1	79	-1	0	241		0
1	80	-1	0	241		0
1	1	-1	0	241		0
1	245	-1	0	241		0
1	213	1	80	241	00230070007200690076006100740065	1
1	79	-1	0	241		0
1	80	-1	0	241		0
1	1	-1	0	241		0
1	245	-1	0	241		0
1	213	1	10	241		0
1	79	-1	0	241		0
1	10	-1	0	241		0
1	1	-1	0	241		0
1	245	-1	0	241		0
1	213	1	10	241		0
1	79	-1	0	241		0
1	10	-1	0	241		0
1	1	-1	0	241		0
1	245	-1	0	241		0
1	213	1	10	241		0
1	79	-1	0	241		0
1	10	-1	0	241		0
1	1	-1	0	241		0
1	245	-1	0	241		0
1	213	1	111	241		0
1	79	-1	0	241		0
1	111	-1	0	241		0
1	1	-1	0	241		0
1	245	-1	0	241		0
1	213	1	9	241		0
1	79	-1	0	241		0
1	9	-1	0	241		0
1	1	-1	0	241		0
1	245	-1	0	241		0
1	213	1	227	241		0
1	79	-1	0	241		0
1	227	-1	0	241		0
1	79	-1	0	241		0
1	39	-1	0	241		0
1	10	-1	0	241		0
1	1	-1	0	241		0
1	245	-1	0	241		0
1	212	1	79	241	0062	1
1	79	-1	0	241		0
1	28	-1	0	241		0
1	79	-1	0	241		0
1	1	-1	0	241		0
1	245	-1	0	241		0
1	213	1	10	241		0
1	79	-1	0	241		0
1	28	-1	0	241		0
1	10	-1	0	241		0
1	1	-1	0	241		0
1	245	-1	0	241		0
1	218	-1	0	241		0
1	212	1	79	241	0062	1
1	79	-1	0	241		0
1	79	-1	0	241		0
1	1	-1	0	241		0
1	245	-1	0	241		0
1	214	-1	0	241		0
1	79	-1	0	241		0
1	1	-1	0	241		0
1	245	-1	0	241		0
1	213	1	229	241		0
1	79	-1	0	241		0
1	229	-1	0	241		0
1	15	-1	0	241		0
1	240	-1	0	241		0
1	79	-1	0	241		0
1	17	-1	0	241		0
1	1	-1	0	241		0
0	0	-1	0	242		0
1	245	-1	0	242		0
1	212	1	79	242		0
1	79	-1	0	242		0
1	79	-1	0	242		0
1	1	-1	0	242		0
1	245	-1	0	242		0
1	213	1	10	242	0062	1
1	79	-1	0	242		0
1	10	-1	0	242		0
1	1	-1	0	242		0
1	245	-1	0	242		0
1	213	1	10	242		1
1	79	-1	0	242		0
1	10	-1	0	242		0
1	1	-1	0	242		0
1	245	-1	0	242		0
1	213	1	14	242		0
1	79	-1	0	242		0
1	14	-1	0	242		0
1	1	-1	0	242		0
1	245	-1	0	242		0
1	213	1	8	242		0
1	79	-1	0	242		0
1	8	-1	0	242		0
1	1	-1	0	242		0
1	245	-1	0	242		0
1	213	1	8	242		0
1	79	-1	0	242		0
1	8	-1	0	242		0
1	1	-1	0	242		0
1	245	-1	0	242		0
1	213	1	79	242		0
1	79	-1	0	242		0
1	79	-1	0	242		0
1	1	-1	0	242		0
1	245	-1	0	242		0
1	213	1	79	242		0
1	79	-1	0	242		0
1	218	-1	0	242		0
1	218	-1	0	242		0
1	79	-1	0	242		0
1	1	-1	0	242		0
1	245	-1	0	242		0
1	213	1	10	242	0062	1
1	79	-1	0	242		0
1	218	-1	0	242		0
1	218	-1	0	242		0
1	10	-1	0	242		0
1	1	-1	0	242		0
1	245	-1	0	242		0
1	213	1	8	242		0
1	79	-1	0	242		0
1	218	-1	0	242		0
1	218	-1	0	242		0
1	8	-1	0	242		0
1	1	-1	0	242		0
1	245	-1	0	242		0
1	212	1	80	242	00230070007200690076006100740065	1
1	79	-1	0	242		0
1	80	-1	0	242		0
1	1	-1	0	242		0
1	245	-1	0	242		0
1	213	1	80	242	00230070007200690076006100740065	1
1	79	-1	0	242		0
1	80	-1	0	242		0
1	1	-1	0	242		0
1	245	-1	0	242		0
1	213	1	10	242	d83dde00	1
1	79	-1	0	242		0
1	10	-1	0	242		0
1	1	-1	0	242		0
1	245	-1	0	242		0
1	213	1	10	242	00610062	1
1	79	-1	0	242		0
1	10	-1	0	242		0
1	1	-1	0	242		0
1	245	-1	0	242		0
1	213	1	10	242	0061000a	1
1	79	-1	0	242		0
1	10	-1	0	242		0
1	1	-1	0	242		0
1	245	-1	0	242		0
1	213	1	111	242		0
1	79	-1	0	242		0
1	111	-1	0	242		0
1	1	-1	0	242		0
1	245	-1	0	242		0
1	213	1	9	242		0
1	79	-1	0	242		0
1	9	-1	0	242		0
1	1	-1	0	242		0
1	245	-1	0	242		0
1	213	1	227	242		0
1	79	-1	0	242		0
1	227	-1	0	242		0
1	79	-1	0	242		0
1	39	-1	0	242		0
1	10	-1	0	242		0
1	1	-1	0	242		0
1	245	-1	0	242		0
1	212	1	79	242		0
1	79	-1	0	242		0
1	28	-1	0	242		0
1	79	-1	0	242		0
1	1	-1	0	242		0
1	245	-1	0	242		0
1	213	1	10	242	0062	1
1	79	-1	0	242		0
1	28	-1	0	242		0
1	10	-1	0	242		0
1	1	-1	0	242		0
1	245	-1	0	242		0
1	218	-1	0	242		0
1	212	1	79	242		0
1	79	-1	0	242		0
1	79	-1	0	242		0
1	1	-1	0	242		0
1	245	-1	0	242		0
1	214	-1	0	242		0
1	79	-1	0	242		0
1	1	-1	0	242		0
1	245	-1	0	242		0
1	213	1	229	242		0
1	79	-1	0	242		0
1	229	-1	0	242		0
1	15	-1	0	242		0
1	240	-1	0	242		0
1	79	-1	0	242		0
1	17	-1	0	242		0
1	1	-1	0	242		0
0	0	-1	0	243		0
1	245	-1	0	243		0
1	212	1	79	243	0062	1
1	79	-1	0	243		0
1	79	-1	0	243		0
1	1	-1	0	243		0
1	245	-1	0	243		0
1	213	1	10	243	0062	1
1	79	-1	0	243		0
1	10	-1	0	243		0
1	1	-1	0	243		0
1	245	-1	0	243		0
1	213	1	10	243		1
1	79	-1	0	243		0
1	10	-1	0	243		0
1	1	-1	0	243		0
1	245	-1	0	243		0
1	213	1	14	243		0
1	79	-1	0	243		0
1	14	-1	0	243		0
1	1	-1	0	243		0
1	245	-1	0	243		0
1	213	1	8	243		0
1	79	-1	0	243		0
1	8	-1	0	243		0
1	1	-1	0	243		0
1	245	-1	0	243		0
1	213	1	8	243		0
1	79	-1	0	243		0
1	8	-1	0	243		0
1	1	-1	0	243		0
1	245	-1	0	243		0
1	213	1	79	243	007600610072006900610062006c0065	1
1	79	-1	0	243		0
1	79	-1	0	243		0
1	1	-1	0	243		0
1	245	-1	0	243		0
1	213	1	79	243	007600610072006900610062006c0065	1
1	79	-1	0	243		0
1	218	-1	0	243		0
1	218	-1	0	243		0
1	79	-1	0	243		0
1	1	-1	0	243		0
1	245	-1	0	243		0
1	213	1	10	243	0062	1
1	79	-1	0	243		0
1	218	-1	0	243		0
1	218	-1	0	243		0
1	10	-1	0	243		0
1	1	-1	0	243		0
1	245	-1	0	243		0
1	213	1	8	243		0
1	79	-1	0	243		0
1	218	-1	0	243		0
1	218	-1	0	243		0
1	8	-1	0	243		0
1	1	-1	0	243		0
1	245	-1	0	243		0
1	212	1	80	243	00230070007200690076006100740065	1
1	79	-1	0	243		0
1	80	-1	0	243		0
1	1	-1	0	243		0
1	245	-1	0	243		0
1	213	1	80	243	00230070007200690076006100740065	1
1	79	-1	0	243		0
1	80	-1	0	243		0
1	1	-1	0	243		0
1	245	-1	0	243		0
1	213	1	10	243	d83dde00	1
1	79	-1	0	243		0
1	10	-1	0	243		0
1	1	-1	0	243		0
1	245	-1	0	243		0
1	213	1	10	243	00610062	1
1	79	-1	0	243		0
1	10	-1	0	243		0
1	1	-1	0	243		0
1	245	-1	0	243		0
1	213	1	10	243	0061000a	1
1	79	-1	0	243		0
1	10	-1	0	243		0
1	1	-1	0	243		0
1	245	-1	0	243		0
1	213	1	111	243		0
1	79	-1	0	243		0
1	111	-1	0	243		0
1	1	-1	0	243		0
1	245	-1	0	243		0
1	213	1	9	243		0
1	79	-1	0	243		0
1	9	-1	0	243		0
1	1	-1	0	243		0
1	245	-1	0	243		0
1	213	1	227	243		0
1	79	-1	0	243		0
1	227	-1	0	243		0
1	79	-1	0	243		0
1	39	-1	0	243		0
1	10	-1	0	243		0
1	1	-1	0	243		0
1	245	-1	0	243		0
1	212	1	79	243	0062	1
1	79	-1	0	243		0
1	28	-1	0	243		0
1	79	-1	0	243		0
1	1	-1	0	243		0
1	245	-1	0	243		0
1	213	1	10	243	0062	1
1	79	-1	0	243		0
1	28	-1	0	243		0
1	10	-1	0	243		0
1	1	-1	0	243		0
1	245	-1	0	243		0
1	218	-1	0	243		0
1	212	1	79	243	0062	1
1	79	-1	0	243		0
1	79	-1	0	243		0
1	1	-1	0	243		0
1	245	-1	0	243		0
1	214	-1	0	243		0
1	79	-1	0	243		0
1	1	-1	0	243		0
1	245	-1	0	243		0
1	213	1	229	243		0
1	79	-1	0	243		0
1	229	-1	0	243		0
1	15	-1	0	243		0
1	240	-1	0	243		0
1	79	-1	0	243		0
1	17	-1	0	243		0
1	1	-1	0	243		0
0	0	-1	0	244		0
1	245	-1	0	244		0
1	212	1	79	244		0
1	79	-1	0	244		0
1	79	-1	0	244		0
1	1	-1	0	244		0
1	245	-1	0	244		0
1	213	1	10	244		0
1	79	-1	0	244		0
1	10	-1	0	244		0
1	1	-1	0	244		0
1	245	-1	0	244		0
1	213	1	10	244		0
1	79	-1	0	244		0
1	10	-1	0	244		0
1	1	-1	0	244		0
1	245	-1	0	244		0
1	213	1	14	244	0062	1
1	79	-1	0	244		0
1	14	-1	0	244		0
1	1	-1	0	244		0
1	245	-1	0	244		0
1	213	1	8	244		0
1	79	-1	0	244		0
1	8	-1	0	244		0
1	1	-1	0	244		0
1	245	-1	0	244		0
1	213	1	8	244		0
1	79	-1	0	244		0
1	8	-1	0	244		0
1	1	-1	0	244		0
1	245	-1	0	244		0
1	213	1	79	244		0
1	79	-1	0	244		0
1	79	-1	0	244		0
1	1	-1	0	244		0
1	245	-1	0	244		0
1	213	1	79	244		0
1	79	-1	0	244		0
1	218	-1	0	244		0
1	218	-1	0	244		0
1	79	-1	0	244		0
1	1	-1	0	244		0
1	245	-1	0	244		0
1	213	1	10	244		0
1	79	-1	0	244		0
1	218	-1	0	244		0
1	218	-1	0	244		0
1	10	-1	0	244		0
1	1	-1	0	244		0
1	245	-1	0	244		0
1	213	1	8	244		0
1	79	-1	0	244		0
1	218	-1	0	244		0
1	218	-1	0	244		0
1	8	-1	0	244		0
1	1	-1	0	244		0
1	245	-1	0	244		0
1	212	1	80	244	00230070007200690076006100740065	1
1	79	-1	0	244		0
1	80	-1	0	244		0
1	1	-1	0	244		0
1	245	-1	0	244		0
1	213	1	80	244	00230070007200690076006100740065	1
1	79	-1	0	244		0
1	80	-1	0	244		0
1	1	-1	0	244		0
1	245	-1	0	244		0
1	213	1	10	244		0
1	79	-1	0	244		0
1	10	-1	0	244		0
1	1	-1	0	244		0
1	245	-1	0	244		0
1	213	1	10	244		0
1	79	-1	0	244		0
1	10	-1	0	244		0
1	1	-1	0	244		0
1	245	-1	0	244		0
1	213	1	10	244		0
1	79	-1	0	244		0
1	10	-1	0	244		0
1	1	-1	0	244		0
1	245	-1	0	244		0
1	213	1	111	244		0
1	79	-1	0	244		0
1	111	-1	0	244		0
1	1	-1	0	244		0
1	245	-1	0	244		0
1	213	1	9	244		0
1	79	-1	0	244		0
1	9	-1	0	244		0
1	1	-1	0	244		0
1	245	-1	0	244		0
1	213	1	227	244		0
1	79	-1	0	244		0
1	227	-1	0	244		0
1	79	-1	0	244		0
1	39	-1	0	244		0
1	10	-1	0	244		0
1	1	-1	0	244		0
1	245	-1	0	244		0
1	212	1	79	244		0
1	79	-1	0	244		0
1	28	-1	0	244		0
1	79	-1	0	244		0
1	1	-1	0	244		0
1	245	-1	0	244		0
1	213	1	10	244		0
1	79	-1	0	244		0
1	28	-1	0	244		0
1	10	-1	0	244		0
1	1	-1	0	244		0
1	245	-1	0	244		0
1	218	-1	0	244		0
1	212	1	79	244		0
1	79	-1	0	244		0
1	79	-1	0	244		0
1	1	-1	0	244		0
1	245	-1	0	244		0
1	214	-1	0	244		0
1	79	-1	0	244		0
1	1	-1	0	244		0
1	245	-1	0	244		0
1	213	1	229	244		0
1	79	-1	0	244		0
1	229	-1	0	244		0
1	15	-1	0	244		0
1	240	-1	0	244		0
1	79	-1	0	244		0
1	17	-1	0	244		0
1	1	-1	0	244		0
0	0	-1	0	245		0
1	245	-1	0	245		0
1	212	1	79	245	0062	1
1	79	-1	0	245		0
1	79	-1	0	245		0
1	1	-1	0	245		0
1	245	-1	0	245		0
1	213	1	10	245		0
1	79	-1	0	245		0
1	10	-1	0	245		0
1	1	-1	0	245		0
1	245	-1	0	245		0
1	213	1	10	245		0
1	79	-1	0	245		0
1	10	-1	0	245		0
1	1	-1	0	245		0
1	245	-1	0	245		0
1	213	1	14	245	0062	1
1	79	-1	0	245		0
1	14	-1	0	245		0
1	1	-1	0	245		0
1	245	-1	0	245		0
1	213	1	8	245		0
1	79	-1	0	245		0
1	8	-1	0	245		0
1	1	-1	0	245		0
1	245	-1	0	245		0
1	213	1	8	245		0
1	79	-1	0	245		0
1	8	-1	0	245		0
1	1	-1	0	245		0
1	245	-1	0	245		0
1	213	1	79	245	007600610072006900610062006c0065	1
1	79	-1	0	245		0
1	79	-1	0	245		0
1	1	-1	0	245		0
1	245	-1	0	245		0
1	213	1	79	245	007600610072006900610062006c0065	1
1	79	-1	0	245		0
1	218	-1	0	245		0
1	218	-1	0	245		0
1	79	-1	0	245		0
1	1	-1	0	245		0
1	245	-1	0	245		0
1	213	1	10	245		0
1	79	-1	0	245		0
1	218	-1	0	245		0
1	218	-1	0	245		0
1	10	-1	0	245		0
1	1	-1	0	245		0
1	245	-1	0	245		0
1	213	1	8	245		0
1	79	-1	0	245		0
1	218	-1	0	245		0
1	218	-1	0	245		0
1	8	-1	0	245		0
1	1	-1	0	245		0
1	245	-1	0	245		0
1	212	1	80	245	00230070007200690076006100740065	1
1	79	-1	0	245		0
1	80	-1	0	245		0
1	1	-1	0	245		0
1	245	-1	0	245		0
1	213	1	80	245	00230070007200690076006100740065	1
1	79	-1	0	245		0
1	80	-1	0	245		0
1	1	-1	0	245		0
1	245	-1	0	245		0
1	213	1	10	245		0
1	79	-1	0	245		0
1	10	-1	0	245		0
1	1	-1	0	245		0
1	245	-1	0	245		0
1	213	1	10	245		0
1	79	-1	0	245		0
1	10	-1	0	245		0
1	1	-1	0	245		0
1	245	-1	0	245		0
1	213	1	10	245		0
1	79	-1	0	245		0
1	10	-1	0	245		0
1	1	-1	0	245		0
1	245	-1	0	245		0
1	213	1	111	245		0
1	79	-1	0	245		0
1	111	-1	0	245		0
1	1	-1	0	245		0
1	245	-1	0	245		0
1	213	1	9	245		0
1	79	-1	0	245		0
1	9	-1	0	245		0
1	1	-1	0	245		0
1	245	-1	0	245		0
1	213	1	227	245		0
1	79	-1	0	245		0
1	227	-1	0	245		0
1	79	-1	0	245		0
1	39	-1	0	245		0
1	10	-1	0	245		0
1	1	-1	0	245		0
1	245	-1	0	245		0
1	212	1	79	245	0062	1
1	79	-1	0	245		0
1	28	-1	0	245		0
1	79	-1	0	245		0
1	1	-1	0	245		0
1	245	-1	0	245		0
1	213	1	10	245		0
1	79	-1	0	245		0
1	28	-1	0	245		0
1	10	-1	0	245		0
1	1	-1	0	245		0
1	245	-1	0	245		0
1	218	-1	0	245		0
1	212	1	79	245	0062	1
1	79	-1	0	245		0
1	79	-1	0	245		0
1	1	-1	0	245		0
1	245	-1	0	245		0
1	214	-1	0	245		0
1	79	-1	0	245		0
1	1	-1	0	245		0
1	245	-1	0	245		0
1	213	1	229	245		0
1	79	-1	0	245		0
1	229	-1	0	245		0
1	15	-1	0	245		0
1	240	-1	0	245		0
1	79	-1	0	245		0
1	17	-1	0	245		0
1	1	-1	0	245		0
0	0	-1	0	246		0
1	245	-1	0	246		0
1	212	1	79	246		0
1	79	-1	0	246		0
1	79	-1	0	246		0
1	1	-1	0	246		0
1	245	-1	0	246		0
1	213	1	10	246	0062	1
1	79	-1	0	246		0
1	10	-1	0	246		0
1	1	-1	0	246		0
1	245	-1	0	246		0
1	213	1	10	246		1
1	79	-1	0	246		0
1	10	-1	0	246		0
1	1	-1	0	246		0
1	245	-1	0	246		0
1	213	1	14	246	0062	1
1	79	-1	0	246		0
1	14	-1	0	246		0
1	1	-1	0	246		0
1	245	-1	0	246		0
1	213	1	8	246		0
1	79	-1	0	246		0
1	8	-1	0	246		0
1	1	-1	0	246		0
1	245	-1	0	246		0
1	213	1	8	246		0
1	79	-1	0	246		0
1	8	-1	0	246		0
1	1	-1	0	246		0
1	245	-1	0	246		0
1	213	1	79	246		0
1	79	-1	0	246		0
1	79	-1	0	246		0
1	1	-1	0	246		0
1	245	-1	0	246		0
1	213	1	79	246		0
1	79	-1	0	246		0
1	218	-1	0	246		0
1	218	-1	0	246		0
1	79	-1	0	246		0
1	1	-1	0	246		0
1	245	-1	0	246		0
1	213	1	10	246	0062	1
1	79	-1	0	246		0
1	218	-1	0	246		0
1	218	-1	0	246		0
1	10	-1	0	246		0
1	1	-1	0	246		0
1	245	-1	0	246		0
1	213	1	8	246		0
1	79	-1	0	246		0
1	218	-1	0	246		0
1	218	-1	0	246		0
1	8	-1	0	246		0
1	1	-1	0	246		0
1	245	-1	0	246		0
1	212	1	80	246	00230070007200690076006100740065	1
1	79	-1	0	246		0
1	80	-1	0	246		0
1	1	-1	0	246		0
1	245	-1	0	246		0
1	213	1	80	246	00230070007200690076006100740065	1
1	79	-1	0	246		0
1	80	-1	0	246		0
1	1	-1	0	246		0
1	245	-1	0	246		0
1	213	1	10	246	d83dde00	1
1	79	-1	0	246		0
1	10	-1	0	246		0
1	1	-1	0	246		0
1	245	-1	0	246		0
1	213	1	10	246	00610062	1
1	79	-1	0	246		0
1	10	-1	0	246		0
1	1	-1	0	246		0
1	245	-1	0	246		0
1	213	1	10	246	0061000a	1
1	79	-1	0	246		0
1	10	-1	0	246		0
1	1	-1	0	246		0
1	245	-1	0	246		0
1	213	1	111	246		0
1	79	-1	0	246		0
1	111	-1	0	246		0
1	1	-1	0	246		0
1	245	-1	0	246		0
1	213	1	9	246		0
1	79	-1	0	246		0
1	9	-1	0	246		0
1	1	-1	0	246		0
1	245	-1	0	246		0
1	213	1	227	246		0
1	79	-1	0	246		0
1	227	-1	0	246		0
1	79	-1	0	246		0
1	39	-1	0	246		0
1	10	-1	0	246		0
1	1	-1	0	246		0
1	245	-1	0	246		0
1	212	1	79	246		0
1	79	-1	0	246		0
1	28	-1	0	246		0
1	79	-1	0	246		0
1	1	-1	0	246		0
1	245	-1	0	246		0
1	213	1	10	246	0062	1
1	79	-1	0	246		0
1	28	-1	0	246		0
1	10	-1	0	246		0
1	1	-1	0	246		0
1	245	-1	0	246		0
1	218	-1	0	246		0
1	212	1	79	246		0
1	79	-1	0	246		0
1	79	-1	0	246		0
1	1	-1	0	246		0
1	245	-1	0	246		0
1	214	-1	0	246		0
1	79	-1	0	246		0
1	1	-1	0	246		0
1	245	-1	0	246		0
1	213	1	229	246		0
1	79	-1	0	246		0
1	229	-1	0	246		0
1	15	-1	0	246		0
1	240	-1	0	246		0
1	79	-1	0	246		0
1	17	-1	0	246		0
1	1	-1	0	246		0
0	0	-1	0	247		0
1	245	-1	0	247		0
1	212	1	79	247	0062	1
1	79	-1	0	247		0
1	79	-1	0	247		0
1	1	-1	0	247		0
1	245	-1	0	247		0
1	213	1	10	247	0062	1
1	79	-1	0	247		0
1	10	-1	0	247		0
1	1	-1	0	247		0
1	245	-1	0	247		0
1	213	1	10	247		1
1	79	-1	0	247		0
1	10	-1	0	247		0
1	1	-1	0	247		0
1	245	-1	0	247		0
1	213	1	14	247	0062	1
1	79	-1	0	247		0
1	14	-1	0	247		0
1	1	-1	0	247		0
1	245	-1	0	247		0
1	213	1	8	247		0
1	79	-1	0	247		0
1	8	-1	0	247		0
1	1	-1	0	247		0
1	245	-1	0	247		0
1	213	1	8	247		0
1	79	-1	0	247		0
1	8	-1	0	247		0
1	1	-1	0	247		0
1	245	-1	0	247		0
1	213	1	79	247	007600610072006900610062006c0065	1
1	79	-1	0	247		0
1	79	-1	0	247		0
1	1	-1	0	247		0
1	245	-1	0	247		0
1	213	1	79	247	007600610072006900610062006c0065	1
1	79	-1	0	247		0
1	218	-1	0	247		0
1	218	-1	0	247		0
1	79	-1	0	247		0
1	1	-1	0	247		0
1	245	-1	0	247		0
1	213	1	10	247	0062	1
1	79	-1	0	247		0
1	218	-1	0	247		0
1	218	-1	0	247		0
1	10	-1	0	247		0
1	1	-1	0	247		0
1	245	-1	0	247		0
1	213	1	8	247		0
1	79	-1	0	247		0
1	218	-1	0	247		0
1	218	-1	0	247		0
1	8	-1	0	247		0
1	1	-1	0	247		0
1	245	-1	0	247		0
1	212	1	80	247	00230070007200690076006100740065	1
1	79	-1	0	247		0
1	80	-1	0	247		0
1	1	-1	0	247		0
1	245	-1	0	247		0
1	213	1	80	247	00230070007200690076006100740065	1
1	79	-1	0	247		0
1	80	-1	0	247		0
1	1	-1	0	247		0
1	245	-1	0	247		0
1	213	1	10	247	d83dde00	1
1	79	-1	0	247		0
1	10	-1	0	247		0
1	1	-1	0	247		0
1	245	-1	0	247		0
1	213	1	10	247	00610062	1
1	79	-1	0	247		0
1	10	-1	0	247		0
1	1	-1	0	247		0
1	245	-1	0	247		0
1	213	1	10	247	0061000a	1
1	79	-1	0	247		0
1	10	-1	0	247		0
1	1	-1	0	247		0
1	245	-1	0	247		0
1	213	1	111	247		0
1	79	-1	0	247		0
1	111	-1	0	247		0
1	1	-1	0	247		0
1	245	-1	0	247		0
1	213	1	9	247		0
1	79	-1	0	247		0
1	9	-1	0	247		0
1	1	-1	0	247		0
1	245	-1	0	247		0
1	213	1	227	247		0
1	79	-1	0	247		0
1	227	-1	0	247		0
1	79	-1	0	247		0
1	39	-1	0	247		0
1	10	-1	0	247		0
1	1	-1	0	247		0
1	245	-1	0	247		0
1	212	1	79	247	0062	1
1	79	-1	0	247		0
1	28	-1	0	247		0
1	79	-1	0	247		0
1	1	-1	0	247		0
1	245	-1	0	247		0
1	213	1	10	247	0062	1
1	79	-1	0	247		0
1	28	-1	0	247		0
1	10	-1	0	247		0
1	1	-1	0	247		0
1	245	-1	0	247		0
1	218	-1	0	247		0
1	212	1	79	247	0062	1
1	79	-1	0	247		0
1	79	-1	0	247		0
1	1	-1	0	247		0
1	245	-1	0	247		0
1	214	-1	0	247		0
1	79	-1	0	247		0
1	1	-1	0	247		0
1	245	-1	0	247		0
1	213	1	229	247		0
1	79	-1	0	247		0
1	229	-1	0	247		0
1	15	-1	0	247		0
1	240	-1	0	247		0
1	79	-1	0	247		0
1	17	-1	0	247		0
1	1	-1	0	247		0
0	0	-1	0	248		0
1	245	-1	0	248		0
1	212	1	79	248		0
1	79	-1	0	248		0
1	79	-1	0	248		0
1	1	-1	0	248		0
1	245	-1	0	248		0
1	213	1	10	248		0
1	79	-1	0	248		0
1	10	-1	0	248		0
1	1	-1	0	248		0
1	245	-1	0	248		0
1	213	1	10	248		0
1	79	-1	0	248		0
1	10	-1	0	248		0
1	1	-1	0	248		0
1	245	-1	0	248		0
1	213	1	14	248		0
1	79	-1	0	248		0
1	14	-1	0	248		0
1	1	-1	0	248		0
1	245	-1	0	248		0
1	213	1	8	248	00310036	1
1	79	-1	0	248		0
1	8	-1	0	248		0
1	1	-1	0	248		0
1	245	-1	0	248		0
1	213	1	8	248	00310030	1
1	79	-1	0	248		0
1	8	-1	0	248		0
1	1	-1	0	248		0
1	245	-1	0	248		0
1	213	1	79	248		0
1	79	-1	0	248		0
1	79	-1	0	248		0
1	1	-1	0	248		0
1	245	-1	0	248		0
1	213	1	79	248		0
1	79	-1	0	248		0
1	218	-1	0	248		0
1	218	-1	0	248		0
1	79	-1	0	248		0
1	1	-1	0	248		0
1	245	-1	0	248		0
1	213	1	10	248		0
1	79	-1	0	248		0
1	218	-1	0	248		0
1	218	-1	0	248		0
1	10	-1	0	248		0
1	1	-1	0	248		0
1	245	-1	0	248		0
1	213	1	8	248	0030	1
1	79	-1	0	248		0
1	218	-1	0	248		0
1	218	-1	0	248		0
1	8	-1	0	248		0
1	1	-1	0	248		0
1	245	-1	0	248		0
1	212	1	80	248	00230070007200690076006100740065	1
1	79	-1	0	248		0
1	80	-1	0	248		0
1	1	-1	0	248		0
1	245	-1	0	248		0
1	213	1	80	248	00230070007200690076006100740065	1
1	79	-1	0	248		0
1	80	-1	0	248		0
1	1	-1	0	248		0
1	245	-1	0	248		0
1	213	1	10	248		0
1	79	-1	0	248		0
1	10	-1	0	248		0
1	1	-1	0	248		0
1	245	-1	0	248		0
1	213	1	10	248		0
1	79	-1	0	248		0
1	10	-1	0	248		0
1	1	-1	0	248		0
1	245	-1	0	248		0
1	213	1	10	248		0
1	79	-1	0	248		0
1	10	-1	0	248		0
1	1	-1	0	248		0
1	245	-1	0	248		0
1	213	1	111	248		0
1	79	-1	0	248		0
1	111	-1	0	248		0
1	1	-1	0	248		0
1	245	-1	0	248		0
1	213	1	9	248		0
1	79	-1	0	248		0
1	9	-1	0	248		0
1	1	-1	0	248		0
1	245	-1	0	248		0
1	213	1	227	248		0
1	79	-1	0	248		0
1	227	-1	0	248		0
1	79	-1	0	248		0
1	39	-1	0	248		0
1	10	-1	0	248		0
1	1	-1	0	248		0
1	245	-1	0	248		0
1	212	1	79	248		0
1	79	-1	0	248		0
1	28	-1	0	248		0
1	79	-1	0	248		0
1	1	-1	0	248		0
1	245	-1	0	248		0
1	213	1	10	248		0
1	79	-1	0	248		0
1	28	-1	0	248		0
1	10	-1	0	248		0
1	1	-1	0	248		0
1	245	-1	0	248		0
1	218	-1	0	248		0
1	212	1	79	248		0
1	79	-1	0	248		0
1	79	-1	0	248		0
1	1	-1	0	248		0
1	245	-1	0	248		0
1	214	-1	0	248		0
1	79	-1	0	248		0
1	1	-1	0	248		0
1	245	-1	0	248		0
1	213	1	229	248		0
1	79	-1	0	248		0
1	229	-1	0	248		0
1	15	-1	0	248		0
1	240	-1	0	248		0
1	79	-1	0	248		0
1	17	-1	0	248		0
1	1	-1	0	248		0
0	0	-1	0	249		0
1	245	-1	0	249		0
1	212	1	79	249	0062	1
1	79	-1	0	249		0
1	79	-1	0	249		0
1	1	-1	0	249		0
1	245	-1	0	249		0
1	213	1	10	249		0
1	79	-1	0	249		0
1	10	-1	0	249		0
1	1	-1	0	249		0
1	245	-1	0	249		0
1	213	1	10	249		0
1	79	-1	0	249		0
1	10	-1	0	249		0
1	1	-1	0	249		0
1	245	-1	0	249		0
1	213	1	14	249		0
1	79	-1	0	249		0
1	14	-1	0	249		0
1	1	-1	0	249		0
1	245	-1	0	249		0
1	213	1	8	249	00310036	1
1	79	-1	0	249		0
1	8	-1	0	249		0
1	1	-1	0	249		0
1	245	-1	0	249		0
1	213	1	8	249	00310030	1
1	79	-1	0	249		0
1	8	-1	0	249		0
1	1	-1	0	249		0
1	245	-1	0	249		0
1	213	1	79	249	007600610072006900610062006c0065	1
1	79	-1	0	249		0
1	79	-1	0	249		0
1	1	-1	0	249		0
1	245	-1	0	249		0
1	213	1	79	249	007600610072006900610062006c0065	1
1	79	-1	0	249		0
1	218	-1	0	249		0
1	218	-1	0	249		0
1	79	-1	0	249		0
1	1	-1	0	249		0
1	245	-1	0	249		0
1	213	1	10	249		0
1	79	-1	0	249		0
1	218	-1	0	249		0
1	218	-1	0	249		0
1	10	-1	0	249		0
1	1	-1	0	249		0
1	245	-1	0	249		0
1	213	1	8	249	0030	1
1	79	-1	0	249		0
1	218	-1	0	249		0
1	218	-1	0	249		0
1	8	-1	0	249		0
1	1	-1	0	249		0
1	245	-1	0	249		0
1	212	1	80	249	00230070007200690076006100740065	1
1	79	-1	0	249		0
1	80	-1	0	249		0
1	1	-1	0	249		0
1	245	-1	0	249		0
1	213	1	80	249	00230070007200690076006100740065	1
1	79	-1	0	249		0
1	80	-1	0	249		0
1	1	-1	0	249		0
1	245	-1	0	249		0
1	213	1	10	249		0
1	79	-1	0	249		0
1	10	-1	0	249		0
1	1	-1	0	249		0
1	245	-1	0	249		0
1	213	1	10	249		0
1	79	-1	0	249		0
1	10	-1	0	249		0
1	1	-1	0	249		0
1	245	-1	0	249		0
1	213	1	10	249		0
1	79	-1	0	249		0
1	10	-1	0	249		0
1	1	-1	0	249		0
1	245	-1	0	249		0
1	213	1	111	249		0
1	79	-1	0	249		0
1	111	-1	0	249		0
1	1	-1	0	249		0
1	245	-1	0	249		0
1	213	1	9	249		0
1	79	-1	0	249		0
1	9	-1	0	249		0
1	1	-1	0	249		0
1	245	-1	0	249		0
1	213	1	227	249		0
1	79	-1	0	249		0
1	227	-1	0	249		0
1	79	-1	0	249		0
1	39	-1	0	249		0
1	10	-1	0	249		0
1	1	-1	0	249		0
1	245	-1	0	249		0
1	212	1	79	249	0062	1
1	79	-1	0	249		0
1	28	-1	0	249		0
1	79	-1	0	249		0
1	1	-1	0	249		0
1	245	-1	0	249		0
1	213	1	10	249		0
1	79	-1	0	249		0
1	28	-1	0	249		0
1	10	-1	0	249		0
1	1	-1	0	249		0
1	245	-1	0	249		0
1	218	-1	0	249		0
1	212	1	79	249	0062	1
1	79	-1	0	249		0
1	79	-1	0	249		0
1	1	-1	0	249		0
1	245	-1	0	249		0
1	214	-1	0	249		0
1	79	-1	0	249		0
1	1	-1	0	249		0
1	245	-1	0	249		0
1	213	1	229	249		0
1	79	-1	0	249		0
1	229	-1	0	249		0
1	15	-1	0	249		0
1	240	-1	0	249		0
1	79	-1	0	249		0
1	17	-1	0	249		0
1	1	-1	0	249		0
0	0	-1	0	250		0
1	245	-1	0	250		0
1	212	1	79	250		0
1	79	-1	0	250		0
1	79	-1	0	250		0
1	1	-1	0	250		0
1	245	-1	0	250		0
1	213	1	10	250	0062	1
1	79	-1	0	250		0
1	10	-1	0	250		0
1	1	-1	0	250		0
1	245	-1	0	250		0
1	213	1	10	250		1
1	79	-1	0	250		0
1	10	-1	0	250		0
1	1	-1	0	250		0
1	245	-1	0	250		0
1	213	1	14	250		0
1	79	-1	0	250		0
1	14	-1	0	250		0
1	1	-1	0	250		0
1	245	-1	0	250		0
1	213	1	8	250	00310036	1
1	79	-1	0	250		0
1	8	-1	0	250		0
1	1	-1	0	250		0
1	245	-1	0	250		0
1	213	1	8	250	00310030	1
1	79	-1	0	250		0
1	8	-1	0	250		0
1	1	-1	0	250		0
1	245	-1	0	250		0
1	213	1	79	250		0
1	79	-1	0	250		0
1	79	-1	0	250		0
1	1	-1	0	250		0
1	245	-1	0	250		0
1	213	1	79	250		0
1	79	-1	0	250		0
1	218	-1	0	250		0
1	218	-1	0	250		0
1	79	-1	0	250		0
1	1	-1	0	250		0
1	245	-1	0	250		0
1	213	1	10	250	0062	1
1	79	-1	0	250		0
1	218	-1	0	250		0
1	218	-1	0	250		0
1	10	-1	0	250		0
1	1	-1	0	250		0
1	245	-1	0	250		0
1	213	1	8	250	0030	1
1	79	-1	0	250		0
1	218	-1	0	250		0
1	218	-1	0	250		0
1	8	-1	0	250		0
1	1	-1	0	250		0
1	245	-1	0	250		0
1	212	1	80	250	00230070007200690076006100740065	1
1	79	-1	0	250		0
1	80	-1	0	250		0
1	1	-1	0	250		0
1	245	-1	0	250		0
1	213	1	80	250	00230070007200690076006100740065	1
1	79	-1	0	250		0
1	80	-1	0	250		0
1	1	-1	0	250		0
1	245	-1	0	250		0
1	213	1	10	250	d83dde00	1
1	79	-1	0	250		0
1	10	-1	0	250		0
1	1	-1	0	250		0
1	245	-1	0	250		0
1	213	1	10	250	00610062	1
1	79	-1	0	250		0
1	10	-1	0	250		0
1	1	-1	0	250		0
1	245	-1	0	250		0
1	213	1	10	250	0061000a	1
1	79	-1	0	250		0
1	10	-1	0	250		0
1	1	-1	0	250		0
1	245	-1	0	250		0
1	213	1	111	250		0
1	79	-1	0	250		0
1	111	-1	0	250		0
1	1	-1	0	250		0
1	245	-1	0	250		0
1	213	1	9	250		0
1	79	-1	0	250		0
1	9	-1	0	250		0
1	1	-1	0	250		0
1	245	-1	0	250		0
1	213	1	227	250		0
1	79	-1	0	250		0
1	227	-1	0	250		0
1	79	-1	0	250		0
1	39	-1	0	250		0
1	10	-1	0	250		0
1	1	-1	0	250		0
1	245	-1	0	250		0
1	212	1	79	250		0
1	79	-1	0	250		0
1	28	-1	0	250		0
1	79	-1	0	250		0
1	1	-1	0	250		0
1	245	-1	0	250		0
1	213	1	10	250	0062	1
1	79	-1	0	250		0
1	28	-1	0	250		0
1	10	-1	0	250		0
1	1	-1	0	250		0
1	245	-1	0	250		0
1	218	-1	0	250		0
1	212	1	79	250		0
1	79	-1	0	250		0
1	79	-1	0	250		0
1	1	-1	0	250		0
1	245	-1	0	250		0
1	214	-1	0	250		0
1	79	-1	0	250		0
1	1	-1	0	250		0
1	245	-1	0	250		0
1	213	1	229	250		0
1	79	-1	0	250		0
1	229	-1	0	250		0
1	15	-1	0	250		0
1	240	-1	0	250		0
1	79	-1	0	250		0
1	17	-1	0	250		0
1	1	-1	0	250		0
0	0	-1	0	251		0
1	245	-1	0	251		0
1	212	1	79	251	0062	1
1	79	-1	0	251		0
1	79	-1	0	251		0
1	1	-1	0	251		0
1	245	-1	0	251		0
1	213	1	10	251	0062	1
1	79	-1	0	251		0
1	10	-1	0	251		0
1	1	-1	0	251		0
1	245	-1	0	251		0
1	213	1	10	251		1
1	79	-1	0	251		0
1	10	-1	0	251		0
1	1	-1	0	251		0
1	245	-1	0	251		0
1	213	1	14	251		0
1	79	-1	0	251		0
1	14	-1	0	251		0
1	1	-1	0	251		0
1	245	-1	0	251		0
1	213	1	8	251	00310036	1
1	79	-1	0	251		0
1	8	-1	0	251		0
1	1	-1	0	251		0
1	245	-1	0	251		0
1	213	1	8	251	00310030	1
1	79	-1	0	251		0
1	8	-1	0	251		0
1	1	-1	0	251		0
1	245	-1	0	251		0
1	213	1	79	251	007600610072006900610062006c0065	1
1	79	-1	0	251		0
1	79	-1	0	251		0
1	1	-1	0	251		0
1	245	-1	0	251		0
1	213	1	79	251	007600610072006900610062006c0065	1
1	79	-1	0	251		0
1	218	-1	0	251		0
1	218	-1	0	251		0
1	79	-1	0	251		0
1	1	-1	0	251		0
1	245	-1	0	251		0
1	213	1	10	251	0062	1
1	79	-1	0	251		0
1	218	-1	0	251		0
1	218	-1	0	251		0
1	10	-1	0	251		0
1	1	-1	0	251		0
1	245	-1	0	251		0
1	213	1	8	251	0030	1
1	79	-1	0	251		0
1	218	-1	0	251		0
1	218	-1	0	251		0
1	8	-1	0	251		0
1	1	-1	0	251		0
1	245	-1	0	251		0
1	212	1	80	251	00230070007200690076006100740065	1
1	79	-1	0	251		0
1	80	-1	0	251		0
1	1	-1	0	251		0
1	245	-1	0	251		0
1	213	1	80	251	00230070007200690076006100740065	1
1	79	-1	0	251		0
1	80	-1	0	251		0
1	1	-1	0	251		0
1	245	-1	0	251		0
1	213	1	10	251	d83dde00	1
1	79	-1	0	251		0
1	10	-1	0	251		0
1	1	-1	0	251		0
1	245	-1	0	251		0
1	213	1	10	251	00610062	1
1	79	-1	0	251		0
1	10	-1	0	251		0
1	1	-1	0	251		0
1	245	-1	0	251		0
1	213	1	10	251	0061000a	1
1	79	-1	0	251		0
1	10	-1	0	251		0
1	1	-1	0	251		0
1	245	-1	0	251		0
1	213	1	111	251		0
1	79	-1	0	251		0
1	111	-1	0	251		0
1	1	-1	0	251		0
1	245	-1	0	251		0
1	213	1	9	251		0
1	79	-1	0	251		0
1	9	-1	0	251		0
1	1	-1	0	251		0
1	245	-1	0	251		0
1	213	1	227	251		0
1	79	-1	0	251		0
1	227	-1	0	251		0
1	79	-1	0	251		0
1	39	-1	0	251		0
1	10	-1	0	251		0
1	1	-1	0	251		0
1	245	-1	0	251		0
1	212	1	79	251	0062	1
1	79	-1	0	251		0
1	28	-1	0	251		0
1	79	-1	0	251		0
1	1	-1	0	251		0
1	245	-1	0	251		0
1	213	1	10	251	0062	1
1	79	-1	0	251		0
1	28	-1	0	251		0
1	10	-1	0	251		0
1	1	-1	0	251		0
1	245	-1	0	251		0
1	218	-1	0	251		0
1	212	1	79	251	0062	1
1	79	-1	0	251		0
1	79	-1	0	251		0
1	1	-1	0	251		0
1	245	-1	0	251		0
1	214	-1	0	251		0
1	79	-1	0	251		0
1	1	-1	0	251		0
1	245	-1	0	251		0
1	213	1	229	251		0
1	79	-1	0	251		0
1	229	-1	0	251		0
1	15	-1	0	251		0
1	240	-1	0	251		0
1	79	-1	0	251		0
1	17	-1	0	251		0
1	1	-1	0	251		0
0	0	-1	0	252		0
1	245	-1	0	252		0
1	212	1	79	252		0
1	79	-1	0	252		0
1	79	-1	0	252		0
1	1	-1	0	252		0
1	245	-1	0	252		0
1	213	1	10	252		0
1	79	-1	0	252		0
1	10	-1	0	252		0
1	1	-1	0	252		0
1	245	-1	0	252		0
1	213	1	10	252		0
1	79	-1	0	252		0
1	10	-1	0	252		0
1	1	-1	0	252		0
1	245	-1	0	252		0
1	213	1	14	252	0062	1
1	79	-1	0	252		0
1	14	-1	0	252		0
1	1	-1	0	252		0
1	245	-1	0	252		0
1	213	1	8	252	00310036	1
1	79	-1	0	252		0
1	8	-1	0	252		0
1	1	-1	0	252		0
1	245	-1	0	252		0
1	213	1	8	252	00310030	1
1	79	-1	0	252		0
1	8	-1	0	252		0
1	1	-1	0	252		0
1	245	-1	0	252		0
1	213	1	79	252		0
1	79	-1	0	252		0
1	79	-1	0	252		0
1	1	-1	0	252		0
1	245	-1	0	252		0
1	213	1	79	252		0
1	79	-1	0	252		0
1	218	-1	0	252		0
1	218	-1	0	252		0
1	79	-1	0	252		0
1	1	-1	0	252		0
1	245	-1	0	252		0
1	213	1	10	252		0
1	79	-1	0	252		0
1	218	-1	0	252		0
1	218	-1	0	252		0
1	10	-1	0	252		0
1	1	-1	0	252		0
1	245	-1	0	252		0
1	213	1	8	252	0030	1
1	79	-1	0	252		0
1	218	-1	0	252		0
1	218	-1	0	252		0
1	8	-1	0	252		0
1	1	-1	0	252		0
1	245	-1	0	252		0
1	212	1	80	252	00230070007200690076006100740065	1
1	79	-1	0	252		0
1	80	-1	0	252		0
1	1	-1	0	252		0
1	245	-1	0	252		0
1	213	1	80	252	00230070007200690076006100740065	1
1	79	-1	0	252		0
1	80	-1	0	252		0
1	1	-1	0	252		0
1	245	-1	0	252		0
1	213	1	10	252		0
1	79	-1	0	252		0
1	10	-1	0	252		0
1	1	-1	0	252		0
1	245	-1	0	252		0
1	213	1	10	252		0
1	79	-1	0	252		0
1	10	-1	0	252		0
1	1	-1	0	252		0
1	245	-1	0	252		0
1	213	1	10	252		0
1	79	-1	0	252		0
1	10	-1	0	252		0
1	1	-1	0	252		0
1	245	-1	0	252		0
1	213	1	111	252		0
1	79	-1	0	252		0
1	111	-1	0	252		0
1	1	-1	0	252		0
1	245	-1	0	252		0
1	213	1	9	252		0
1	79	-1	0	252		0
1	9	-1	0	252		0
1	1	-1	0	252		0
1	245	-1	0	252		0
1	213	1	227	252		0
1	79	-1	0	252		0
1	227	-1	0	252		0
1	79	-1	0	252		0
1	39	-1	0	252		0
1	10	-1	0	252		0
1	1	-1	0	252		0
1	245	-1	0	252		0
1	212	1	79	252		0
1	79	-1	0	252		0
1	28	-1	0	252		0
1	79	-1	0	252		0
1	1	-1	0	252		0
1	245	-1	0	252		0
1	213	1	10	252		0
1	79	-1	0	252		0
1	28	-1	0	252		0
1	10	-1	0	252		0
1	1	-1	0	252		0
1	245	-1	0	252		0
1	218	-1	0	252		0
1	212	1	79	252		0
1	79	-1	0	252		0
1	79	-1	0	252		0
1	1	-1	0	252		0
1	245	-1	0	252		0
1	214	-1	0	252		0
1	79	-1	0	252		0
1	1	-1	0	252		0
1	245	-1	0	252		0
1	213	1	229	252		0
1	79	-1	0	252		0
1	229	-1	0	252		0
1	15	-1	0	252		0
1	240	-1	0	252		0
1	79	-1	0	252		0
1	17	-1	0	252		0
1	1	-1	0	252		0
0	0	-1	0	253		0
1	245	-1	0	253		0
1	212	1	79	253	0062	1
1	79	-1	0	253		0
1	79	-1	0	253		0
1	1	-1	0	253		0
1	245	-1	0	253		0
1	213	1	10	253		0
1	79	-1	0	253		0
1	10	-1	0	253		0
1	1	-1	0	253		0
1	245	-1	0	253		0
1	213	1	10	253		0
1	79	-1	0	253		0
1	10	-1	0	253		0
1	1	-1	0	253		0
1	245	-1	0	253		0
1	213	1	14	253	0062	1
1	79	-1	0	253		0
1	14	-1	0	253		0
1	1	-1	0	253		0
1	245	-1	0	253		0
1	213	1	8	253	00310036	1
1	79	-1	0	253		0
1	8	-1	0	253		0
1	1	-1	0	253		0
1	245	-1	0	253		0
1	213	1	8	253	00310030	1
1	79	-1	0	253		0
1	8	-1	0	253		0
1	1	-1	0	253		0
1	245	-1	0	253		0
1	213	1	79	253	007600610072006900610062006c0065	1
1	79	-1	0	253		0
1	79	-1	0	253		0
1	1	-1	0	253		0
1	245	-1	0	253		0
1	213	1	79	253	007600610072006900610062006c0065	1
1	79	-1	0	253		0
1	218	-1	0	253		0
1	218	-1	0	253		0
1	79	-1	0	253		0
1	1	-1	0	253		0
1	245	-1	0	253		0
1	213	1	10	253		0
1	79	-1	0	253		0
1	218	-1	0	253		0
1	218	-1	0	253		0
1	10	-1	0	253		0
1	1	-1	0	253		0
1	245	-1	0	253		0
1	213	1	8	253	0030	1
1	79	-1	0	253		0
1	218	-1	0	253		0
1	218	-1	0	253		0
1	8	-1	0	253		0
1	1	-1	0	253		0
1	245	-1	0	253		0
1	212	1	80	253	00230070007200690076006100740065	1
1	79	-1	0	253		0
1	80	-1	0	253		0
1	1	-1	0	253		0
1	245	-1	0	253		0
1	213	1	80	253	00230070007200690076006100740065	1
1	79	-1	0	253		0
1	80	-1	0	253		0
1	1	-1	0	253		0
1	245	-1	0	253		0
1	213	1	10	253		0
1	79	-1	0	253		0
1	10	-1	0	253		0
1	1	-1	0	253		0
1	245	-1	0	253		0
1	213	1	10	253		0
1	79	-1	0	253		0
1	10	-1	0	253		0
1	1	-1	0	253		0
1	245	-1	0	253		0
1	213	1	10	253		0
1	79	-1	0	253		0
1	10	-1	0	253		0
1	1	-1	0	253		0
1	245	-1	0	253		0
1	213	1	111	253		0
1	79	-1	0	253		0
1	111	-1	0	253		0
1	1	-1	0	253		0
1	245	-1	0	253		0
1	213	1	9	253		0
1	79	-1	0	253		0
1	9	-1	0	253		0
1	1	-1	0	253		0
1	245	-1	0	253		0
1	213	1	227	253		0
1	79	-1	0	253		0
1	227	-1	0	253		0
1	79	-1	0	253		0
1	39	-1	0	253		0
1	10	-1	0	253		0
1	1	-1	0	253		0
1	245	-1	0	253		0
1	212	1	79	253	0062	1
1	79	-1	0	253		0
1	28	-1	0	253		0
1	79	-1	0	253		0
1	1	-1	0	253		0
1	245	-1	0	253		0
1	213	1	10	253		0
1	79	-1	0	253		0
1	28	-1	0	253		0
1	10	-1	0	253		0
1	1	-1	0	253		0
1	245	-1	0	253		0
1	218	-1	0	253		0
1	212	1	79	253	0062	1
1	79	-1	0	253		0
1	79	-1	0	253		0
1	1	-1	0	253		0
1	245	-1	0	253		0
1	214	-1	0	253		0
1	79	-1	0	253		0
1	1	-1	0	253		0
1	245	-1	0	253		0
1	213	1	229	253		0
1	79	-1	0	253		0
1	229	-1	0	253		0
1	15	-1	0	253		0
1	240	-1	0	253		0
1	79	-1	0	253		0
1	17	-1	0	253		0
1	1	-1	0	253		0
0	0	-1	0	254		0
1	245	-1	0	254		0
1	212	1	79	254		0
1	79	-1	0	254		0
1	79	-1	0	254		0
1	1	-1	0	254		0
1	245	-1	0	254		0
1	213	1	10	254	0062	1
1	79	-1	0	254		0
1	10	-1	0	254		0
1	1	-1	0	254		0
1	245	-1	0	254		0
1	213	1	10	254		1
1	79	-1	0	254		0
1	10	-1	0	254		0
1	1	-1	0	254		0
1	245	-1	0	254		0
1	213	1	14	254	0062	1
1	79	-1	0	254		0
1	14	-1	0	254		0
1	1	-1	0	254		0
1	245	-1	0	254		0
1	213	1	8	254	00310036	1
1	79	-1	0	254		0
1	8	-1	0	254		0
1	1	-1	0	254		0
1	245	-1	0	254		0
1	213	1	8	254	00310030	1
1	79	-1	0	254		0
1	8	-1	0	254		0
1	1	-1	0	254		0
1	245	-1	0	254		0
1	213	1	79	254		0
1	79	-1	0	254		0
1	79	-1	0	254		0
1	1	-1	0	254		0
1	245	-1	0	254		0
1	213	1	79	254		0
1	79	-1	0	254		0
1	218	-1	0	254		0
1	218	-1	0	254		0
1	79	-1	0	254		0
1	1	-1	0	254		0
1	245	-1	0	254		0
1	213	1	10	254	0062	1
1	79	-1	0	254		0
1	218	-1	0	254		0
1	218	-1	0	254		0
1	10	-1	0	254		0
1	1	-1	0	254		0
1	245	-1	0	254		0
1	213	1	8	254	0030	1
1	79	-1	0	254		0
1	218	-1	0	254		0
1	218	-1	0	254		0
1	8	-1	0	254		0
1	1	-1	0	254		0
1	245	-1	0	254		0
1	212	1	80	254	00230070007200690076006100740065	1
1	79	-1	0	254		0
1	80	-1	0	254		0
1	1	-1	0	254		0
1	245	-1	0	254		0
1	213	1	80	254	00230070007200690076006100740065	1
1	79	-1	0	254		0
1	80	-1	0	254		0
1	1	-1	0	254		0
1	245	-1	0	254		0
1	213	1	10	254	d83dde00	1
1	79	-1	0	254		0
1	10	-1	0	254		0
1	1	-1	0	254		0
1	245	-1	0	254		0
1	213	1	10	254	00610062	1
1	79	-1	0	254		0
1	10	-1	0	254		0
1	1	-1	0	254		0
1	245	-1	0	254		0
1	213	1	10	254	0061000a	1
1	79	-1	0	254		0
1	10	-1	0	254		0
1	1	-1	0	254		0
1	245	-1	0	254		0
1	213	1	111	254		0
1	79	-1	0	254		0
1	111	-1	0	254		0
1	1	-1	0	254		0
1	245	-1	0	254		0
1	213	1	9	254		0
1	79	-1	0	254		0
1	9	-1	0	254		0
1	1	-1	0	254		0
1	245	-1	0	254		0
1	213	1	227	254		0
1	79	-1	0	254		0
1	227	-1	0	254		0
1	79	-1	0	254		0
1	39	-1	0	254		0
1	10	-1	0	254		0
1	1	-1	0	254		0
1	245	-1	0	254		0
1	212	1	79	254		0
1	79	-1	0	254		0
1	28	-1	0	254		0
1	79	-1	0	254		0
1	1	-1	0	254		0
1	245	-1	0	254		0
1	213	1	10	254	0062	1
1	79	-1	0	254		0
1	28	-1	0	254		0
1	10	-1	0	254		0
1	1	-1	0	254		0
1	245	-1	0	254		0
1	218	-1	0	254		0
1	212	1	79	254		0
1	79	-1	0	254		0
1	79	-1	0	254		0
1	1	-1	0	254		0
1	245	-1	0	254		0
1	214	-1	0	254		0
1	79	-1	0	254		0
1	1	-1	0	254		0
1	245	-1	0	254		0
1	213	1	229	254		0
1	79	-1	0	254		0
1	229	-1	0	254		0
1	15	-1	0	254		0
1	240	-1	0	254		0
1	79	-1	0	254		0
1	17	-1	0	254		0
1	1	-1	0	254		0
0	0	-1	0	255		0
1	245	-1	0	255		0
1	212	1	79	255	0062	1
1	79	-1	0	255		0
1	79	-1	0	255		0
1	1	-1	0	255		0
1	245	-1	0	255		0
1	213	1	10	255	0062	1
1	79	-1	0	255		0
1	10	-1	0	255		0
1	1	-1	0	255		0
1	245	-1	0	255		0
1	213	1	10	255		1
1	79	-1	0	255		0
1	10	-1	0	255		0
1	1	-1	0	255		0
1	245	-1	0	255		0
1	213	1	14	255	0062	1
1	79	-1	0	255		0
1	14	-1	0	255		0
1	1	-1	0	255		0
1	245	-1	0	255		0
1	213	1	8	255	00310036	1
1	79	-1	0	255		0
1	8	-1	0	255		0
1	1	-1	0	255		0
1	245	-1	0	255		0
1	213	1	8	255	00310030	1
1	79	-1	0	255		0
1	8	-1	0	255		0
1	1	-1	0	255		0
1	245	-1	0	255		0
1	213	1	79	255	007600610072006900610062006c0065	1
1	79	-1	0	255		0
1	79	-1	0	255		0
1	1	-1	0	255		0
1	245	-1	0	255		0
1	213	1	79	255	007600610072006900610062006c0065	1
1	79	-1	0	255		0
1	218	-1	0	255		0
1	218	-1	0	255		0
1	79	-1	0	255		0
1	1	-1	0	255		0
1	245	-1	0	255		0
1	213	1	10	255	0062	1
1	79	-1	0	255		0
1	218	-1	0	255		0
1	218	-1	0	255		0
1	10	-1	0	255		0
1	1	-1	0	255		0
1	245	-1	0	255		0
1	213	1	8	255	0030	1
1	79	-1	0	255		0
1	218	-1	0	255		0
1	218	-1	0	255		0
1	8	-1	0	255		0
1	1	-1	0	255		0
1	245	-1	0	255		0
1	212	1	80	255	00230070007200690076006100740065	1
1	79	-1	0	255		0
1	80	-1	0	255		0
1	1	-1	0	255		0
1	245	-1	0	255		0
1	213	1	80	255	00230070007200690076006100740065	1
1	79	-1	0	255		0
1	80	-1	0	255		0
1	1	-1	0	255		0
1	245	-1	0	255		0
1	213	1	10	255	d83dde00	1
1	79	-1	0	255		0
1	10	-1	0	255		0
1	1	-1	0	255		0
1	245	-1	0	255		0
1	213	1	10	255	00610062	1
1	79	-1	0	255		0
1	10	-1	0	255		0
1	1	-1	0	255		0
1	245	-1	0	255		0
1	213	1	10	255	0061000a	1
1	79	-1	0	255		0
1	10	-1	0	255		0
1	1	-1	0	255		0
1	245	-1	0	255		0
1	213	1	111	255		0
1	79	-1	0	255		0
1	111	-1	0	255		0
1	1	-1	0	255		0
1	245	-1	0	255		0
1	213	1	9	255		0
1	79	-1	0	255		0
1	9	-1	0	255		0
1	1	-1	0	255		0
1	245	-1	0	255		0
1	213	1	227	255		0
1	79	-1	0	255		0
1	227	-1	0	255		0
1	79	-1	0	255		0
1	39	-1	0	255		0
1	10	-1	0	255		0
1	1	-1	0	255		0
1	245	-1	0	255		0
1	212	1	79	255	0062	1
1	79	-1	0	255		0
1	28	-1	0	255		0
1	79	-1	0	255		0
1	1	-1	0	255		0
1	245	-1	0	255		0
1	213	1	10	255	0062	1
1	79	-1	0	255		0
1	28	-1	0	255		0
1	10	-1	0	255		0
1	1	-1	0	255		0
1	245	-1	0	255		0
1	218	-1	0	255		0
1	212	1	79	255	0062	1
1	79	-1	0	255		0
1	79	-1	0	255		0
1	1	-1	0	255		0
1	245	-1	0	255		0
1	214	-1	0	255		0
1	79	-1	0	255		0
1	1	-1	0	255		0
1	245	-1	0	255		0
1	213	1	229	255		0
1	79	-1	0	255		0
1	229	-1	0	255		0
1	15	-1	0	255		0
1	240	-1	0	255		0
1	79	-1	0	255		0
1	17	-1	0	255		0
1	1	-1	0	255		0
0	0	-1	0	63		0
1	212	1	79	63	0062	1
1	213	1	10	63	0062	1
1	213	1	14	63	0062	1
1	213	1	8	63	0030	1
1	213	1	79	63	007600610072006900610062006c0065	1
