0|0
0|0
0|0
0|0
0|0
3|3
3|3
3|3
3|3
3|3
10|10
10|10
10|10
10|10
10|10
0|1
0|1
0|1
0|1
0|1
3|4
3|4
3|4
3|4
3|4
10|11
10|11
10|11
10|11
10|11
0|1
0|1
0|1
0|1
0|1
3|4
3|4
3|4
3|4
3|4
10|11
10|11
10|11
10|11
10|11
0|1
0|1
0|1
0|1
0|1
3|4
3|4
3|4
3|4
3|4
10|11
10|11
10|11
10|11
10|11
0|1
0|1
0|1
0|1
0|1
3|4
3|4
3|4
3|4
3|4
10|11
10|11
10|11
10|11
10|11
0|1
0|1
0|1
0|1
0|1
3|4
3|4
3|4
3|4
3|4
10|11
10|11
10|11
10|11
10|11
0|1
0|1
0|1
0|1
0|1
3|4
3|4
3|4
3|4
3|4
10|11
10|11
10|11
10|11
10|11
0|1
0|1
0|1
0|1
0|1
3|4
3|4
3|4
3|4
3|4
10|11
10|11
10|11
10|11
10|11
0|1
0|1
0|1
0|1
0|1
3|4
3|4
3|4
3|4
3|4
10|11
10|11
10|11
10|11
10|11
0|1
0|1
0|1
0|1
0|1
3|4
3|4
3|4
3|4
3|4
10|11
10|11
10|11
10|11
10|11
0|1
0|1
0|1
0|1
0|1
3|4
3|4
3|4
3|4
3|4
10|11
10|11
10|11
10|11
10|11
0|1
0|1
0|1
0|1
0|1
3|4
3|4
3|4
3|4
3|4
10|11
10|11
10|11
10|11
10|11
0|5
1|4
1|3
2|3
0|5
3|8
4|7
4|6
5|6
3|8
10|15
11|14
11|13
12|13
10|15
0|1
0|1
0|1
0|1
0|1
3|4
3|4
3|4
3|4
3|4
10|11
10|11
10|11
10|11
10|11
0|1
0|1
0|1
0|1
0|1
3|4
3|4
3|4
3|4
3|4
10|11
10|11
10|11
10|11
10|11
0|1
0|1
0|1
0|1
0|1
3|4
3|4
3|4
3|4
3|4
10|11
10|11
10|11
10|11
10|11
0|1
0|1
0|1
0|1
0|1
3|4
3|4
3|4
3|4
3|4
10|11
10|11
10|11
10|11
10|11
0|1
0|1
0|1
0|1
0|1
3|4
3|4
3|4
3|4
3|4
10|11
10|11
10|11
10|11
10|11
0|1
0|1
0|1
0|1
0|1
3|4
3|4
3|4
3|4
3|4
10|11
10|11
10|11
10|11
10|11
0|1
0|1
0|1
0|1
0|1
3|4
3|4
3|4
3|4
3|4
10|11
10|11
10|11
10|11
10|11
0|1
0|1
0|1
0|1
0|1
3|4
3|4
3|4
3|4
3|4
10|11
10|11
10|11
10|11
10|11
0|1
0|1
0|1
0|1
0|1
3|4
3|4
3|4
3|4
3|4
10|11
10|11
10|11
10|11
10|11
0|1
0|1
0|1
0|1
0|1
3|4
3|4
3|4
3|4
3|4
10|11
10|11
10|11
10|11
10|11
0|1
0|1
0|1
0|1
0|1
3|4
3|4
3|4
3|4
3|4
10|11
10|11
10|11
10|11
10|11
0|1
0|1
0|1
0|1
0|1
3|4
3|4
3|4
3|4
3|4
10|11
10|11
10|11
10|11
10|11
0|1
0|1
0|1
0|1
0|1
3|4
3|4
3|4
3|4
3|4
10|11
10|11
10|11
10|11
10|11
0|1
0|1
0|1
0|1
0|1
3|4
3|4
3|4
3|4
3|4
10|11
10|11
10|11
10|11
10|11
0|1
0|1
0|1
0|1
0|1
3|4
3|4
3|4
3|4
3|4
10|11
10|11
10|11
10|11
10|11
0|1
0|1
0|1
0|1
0|1
3|4
3|4
3|4
3|4
3|4
10|11
10|11
10|11
10|11
10|11
0|1
0|1
0|1
0|1
0|1
3|4
3|4
3|4
3|4
3|4
10|11
10|11
10|11
10|11
10|11
0|1
0|1
0|1
0|1
0|1
3|4
3|4
3|4
3|4
3|4
10|11
10|11
10|11
10|11
10|11
0|1
0|1
0|1
0|1
0|1
3|4
3|4
3|4
3|4
3|4
10|11
10|11
10|11
10|11
10|11
0|1
0|1
0|1
0|1
0|1
3|4
3|4
3|4
3|4
3|4
10|11
10|11
10|11
10|11
10|11
0|1
0|1
0|1
0|1
0|1
3|4
3|4
3|4
3|4
3|4
10|11
10|11
10|11
10|11
10|11
0|1
0|1
0|1
0|1
0|1
3|4
3|4
3|4
3|4
3|4
10|11
10|11
10|11
10|11
10|11
0|8
1|7
1|6
2|6
0|8
3|11
4|10
4|9
5|9
3|11
10|18
11|17
11|16
12|16
10|18
0|2
1|1
0|2
0|2
0|2
3|5
4|4
3|5
3|5
3|5
10|12
11|11
10|12
10|12
10|12
0|6
1|5
1|4
2|4
0|6
3|9
4|8
4|7
5|7
3|9
10|16
11|15
11|14
12|14
10|16
0|1
0|1
0|1
0|1
0|1
3|4
3|4
3|4
3|4
3|4
10|11
10|11
10|11
10|11
10|11
0|1
0|1
0|1
0|1
0|1
3|4
3|4
3|4
3|4
3|4
10|11
10|11
10|11
10|11
10|11
0|5
1|4
1|3
2|3
0|5
3|8
4|7
4|6
5|6
3|8
10|15
11|14
11|13
12|13
10|15
0|25
1|24
1|23
2|23
0|25
3|28
4|27
4|26
5|26
3|28
10|35
11|34
11|33
12|33
10|35
0|1
0|1
0|1
0|1
0|1
3|4
3|4
3|4
3|4
3|4
10|11
10|11
10|11
10|11
10|11
0|1
0|1
0|1
0|1
0|1
3|4
3|4
3|4
3|4
3|4
10|11
10|11
10|11
10|11
10|11
0|1
0|1
0|1
0|1
0|1
3|4
3|4
3|4
3|4
3|4
10|11
10|11
10|11
10|11
10|11
0|33
1|32
1|31
2|31
0|33
3|36
4|35
4|34
5|34
3|36
10|43
11|42
11|41
12|41
10|43
0|17
1|16
1|15
2|15
0|17
3|20
4|19
4|18
5|18
3|20
10|27
11|26
11|25
12|25
10|27
0|73
1|72
1|71
2|71
0|73
3|76
4|75
4|74
5|74
3|76
10|83
11|82
11|81
12|81
10|83
0|1
0|1
0|1
0|1
0|1
3|4
3|4
3|4
3|4
3|4
10|11
10|11
10|11
10|11
10|11
0|1
0|1
0|1
0|1
0|1
3|4
3|4
3|4
3|4
3|4
10|11
10|11
10|11
10|11
10|11
0|83
1|82
1|81
2|81
0|83
3|86
4|85
4|84
5|84
3|86
10|93
11|92
11|91
12|91
10|93
0|1
0|1
0|1
0|1
0|1
3|4
3|4
3|4
3|4
3|4
10|11
10|11
10|11
10|11
10|11
0|1
0|1
0|1
0|1
0|1
3|4
3|4
3|4
3|4
3|4
10|11
10|11
10|11
10|11
10|11
0|1
0|1
0|1
0|1
0|1
3|4
3|4
3|4
3|4
3|4
10|11
10|11
10|11
10|11
10|11
0|1
0|1
0|1
0|1
0|1
3|4
3|4
3|4
3|4
3|4
10|11
10|11
10|11
10|11
10|11
0|2
1|1
0|2
0|2
0|2
3|5
4|4
3|5
3|5
3|5
10|12
11|11
10|12
10|12
10|12
0|1
0|1
0|1
0|1
0|1
3|4
3|4
3|4
3|4
3|4
10|11
10|11
10|11
10|11
10|11
0|326
1|325
1|324
2|324
0|326
3|329
4|328
4|327
5|327
3|329
10|336
11|335
11|334
12|334
10|336
0|1
0|1
0|1
0|1
0|1
3|4
3|4
3|4
3|4
3|4
10|11
10|11
10|11
10|11
10|11
0|2
1|1
0|2
0|2
0|2
3|5
4|4
3|5
3|5
3|5
10|12
11|11
10|12
10|12
10|12
0|2
1|1
0|2
0|2
0|2
3|5
4|4
3|5
3|5
3|5
10|12
11|11
10|12
10|12
10|12
0|1
0|1
0|1
0|1
0|1
3|4
3|4
3|4
3|4
3|4
10|11
10|11
10|11
10|11
10|11
0|1
0|1
0|1
0|1
0|1
3|4
3|4
3|4
3|4
3|4
10|11
10|11
10|11
10|11
10|11
0|14
1|13
1|12
2|12
0|14
3|17
4|16
4|15
5|15
3|17
10|24
11|23
11|22
12|22
10|24
0|31
1|30
1|29
2|29
0|31
3|34
4|33
4|32
5|32
3|34
10|41
11|40
11|39
12|39
10|41
0|49
1|48
1|47
2|47
0|49
3|52
4|51
4|50
5|50
3|52
10|59
11|58
11|57
12|57
10|59
0|1
0|1
0|1
0|1
0|1
3|4
3|4
3|4
3|4
3|4
10|11
10|11
10|11
10|11
10|11
0|2
1|1
0|2
0|2
0|2
3|5
4|4
3|5
3|5
3|5
10|12
11|11
10|12
10|12
10|12
0|4
1|3
1|2
2|2
0|4
3|7
4|6
4|5
5|5
3|7
10|14
11|13
11|12
12|12
10|14
0|2
1|1
0|2
0|2
0|2
3|5
4|4
3|5
3|5
3|5
10|12
11|11
10|12
10|12
10|12
0|4
1|3
1|2
2|2
0|4
3|7
4|6
4|5
5|5
3|7
10|14
11|13
11|12
12|12
10|14
0|1
0|1
0|1
0|1
0|1
3|4
3|4
3|4
3|4
3|4
10|11
10|11
10|11
10|11
10|11
0|3
1|2
1|1
0|3
0|3
3|6
4|5
4|4
3|6
3|6
10|13
11|12
11|11
10|13
10|13
0|3
1|2
1|1
0|3
0|3
3|6
4|5
4|4
3|6
3|6
10|13
11|12
11|11
10|13
10|13
0|3
1|2
1|1
0|3
0|3
3|6
4|5
4|4
3|6
3|6
10|13
11|12
11|11
10|13
10|13
0|3
1|2
1|1
0|3
0|3
3|6
4|5
4|4
3|6
3|6
10|13
11|12
11|11
10|13
10|13
0|3
1|2
1|1
0|3
0|3
3|6
4|5
4|4
3|6
3|6
10|13
11|12
11|11
10|13
10|13
0|3
1|2
1|1
0|3
0|3
3|6
4|5
4|4
3|6
3|6
10|13
11|12
11|11
10|13
10|13
0|3
1|2
1|1
0|3
0|3
3|6
4|5
4|4
3|6
3|6
10|13
11|12
11|11
10|13
10|13
0|3
1|2
1|1
0|3
0|3
3|6
4|5
4|4
3|6
3|6
10|13
11|12
11|11
10|13
10|13
0|3
1|2
1|1
0|3
0|3
3|6
4|5
4|4
3|6
3|6
10|13
11|12
11|11
10|13
10|13
0|3
1|2
1|1
0|3
0|3
3|6
4|5
4|4
3|6
3|6
10|13
11|12
11|11
10|13
10|13
0|3
1|2
1|1
0|3
0|3
3|6
4|5
4|4
3|6
3|6
10|13
11|12
11|11
10|13
10|13
0|3
1|2
1|1
0|3
0|3
3|6
4|5
4|4
3|6
3|6
10|13
11|12
11|11
10|13
10|13
0|3
1|2
1|1
0|3
0|3
3|6
4|5
4|4
3|6
3|6
10|13
11|12
11|11
10|13
10|13
0|3
1|2
1|1
0|3
0|3
3|6
4|5
4|4
3|6
3|6
10|13
11|12
11|11
10|13
10|13
0|3
1|2
1|1
0|3
0|3
3|6
4|5
4|4
3|6
3|6
10|13
11|12
11|11
10|13
10|13
0|3
1|2
1|1
0|3
0|3
3|6
4|5
4|4
3|6
3|6
10|13
11|12
11|11
10|13
10|13
0|3
1|2
1|1
0|3
0|3
3|6
4|5
4|4
3|6
3|6
10|13
11|12
11|11
10|13
10|13
0|3
1|2
1|1
0|3
0|3
3|6
4|5
4|4
3|6
3|6
10|13
11|12
11|11
10|13
10|13
0|3
1|2
1|1
0|3
0|3
3|6
4|5
4|4
3|6
3|6
10|13
11|12
11|11
10|13
10|13
0|3
1|2
1|1
0|3
0|3
3|6
4|5
4|4
3|6
3|6
10|13
11|12
11|11
10|13
10|13
0|3
1|2
1|1
0|3
0|3
3|6
4|5
4|4
3|6
3|6
10|13
11|12
11|11
10|13
10|13
0|3
1|2
1|1
0|3
0|3
3|6
4|5
4|4
3|6
3|6
10|13
11|12
11|11
10|13
10|13
0|3
1|2
1|1
0|3
0|3
3|6
4|5
4|4
3|6
3|6
10|13
11|12
11|11
10|13
10|13
0|3
1|2
1|1
0|3
0|3
3|6
4|5
4|4
3|6
3|6
10|13
11|12
11|11
10|13
10|13
0|3
1|2
1|1
0|3
0|3
3|6
4|5
4|4
3|6
3|6
10|13
11|12
11|11
10|13
10|13
0|3
1|2
1|1
0|3
0|3
3|6
4|5
4|4
3|6
3|6
10|13
11|12
11|11
10|13
10|13
0|3
1|2
1|1
0|3
0|3
3|6
4|5
4|4
3|6
3|6
10|13
11|12
11|11
10|13
10|13
0|3
1|2
1|1
0|3
0|3
3|6
4|5
4|4
3|6
3|6
10|13
11|12
11|11
10|13
10|13
0|3
1|2
1|1
0|3
0|3
3|6
4|5
4|4
3|6
3|6
10|13
11|12
11|11
10|13
10|13
0|3
1|2
1|1
0|3
0|3
3|6
4|5
4|4
3|6
3|6
10|13
11|12
11|11
10|13
10|13
0|3
1|2
1|1
0|3
0|3
3|6
4|5
4|4
3|6
3|6
10|13
11|12
11|11
10|13
10|13
0|3
1|2
1|1
0|3
0|3
3|6
4|5
4|4
3|6
3|6
10|13
11|12
11|11
10|13
10|13
0|2
1|1
0|2
0|2
0|2
3|5
4|4
3|5
3|5
3|5
10|12
11|11
10|12
10|12
10|12
0|3
1|2
1|1
0|3
0|3
3|6
4|5
4|4
3|6
3|6
10|13
11|12
11|11
10|13
10|13
0|3
1|2
1|1
0|3
0|3
3|6
4|5
4|4
3|6
3|6
10|13
11|12
11|11
10|13
10|13
0|3
1|2
1|1
0|3
0|3
3|6
4|5
4|4
3|6
3|6
10|13
11|12
11|11
10|13
10|13
0|3
1|2
1|1
0|3
0|3
3|6
4|5
4|4
3|6
3|6
10|13
11|12
11|11
10|13
10|13
0|3
1|2
1|1
0|3
0|3
3|6
4|5
4|4
3|6
3|6
10|13
11|12
11|11
10|13
10|13
0|3
1|2
1|1
0|3
0|3
3|6
4|5
4|4
3|6
3|6
10|13
11|12
11|11
10|13
10|13
0|3
1|2
1|1
0|3
0|3
3|6
4|5
4|4
3|6
3|6
10|13
11|12
11|11
10|13
10|13
0|3
1|2
1|1
0|3
0|3
3|6
4|5
4|4
3|6
3|6
10|13
11|12
11|11
10|13
10|13
0|3
1|2
1|1
0|3
0|3
3|6
4|5
4|4
3|6
3|6
10|13
11|12
11|11
10|13
10|13
0|3
1|2
1|1
0|3
0|3
3|6
4|5
4|4
3|6
3|6
10|13
11|12
11|11
10|13
10|13
0|3
1|2
1|1
0|3
0|3
3|6
4|5
4|4
3|6
3|6
10|13
11|12
11|11
10|13
10|13
0|3
1|2
1|1
0|3
0|3
3|6
4|5
4|4
3|6
3|6
10|13
11|12
11|11
10|13
10|13
0|3
1|2
1|1
0|3
0|3
3|6
4|5
4|4
3|6
3|6
10|13
11|12
11|11
10|13
10|13
0|3
1|2
1|1
0|3
0|3
3|6
4|5
4|4
3|6
3|6
10|13
11|12
11|11
10|13
10|13
0|3
1|2
1|1
0|3
0|3
3|6
4|5
4|4
3|6
3|6
10|13
11|12
11|11
10|13
10|13
0|3
1|2
1|1
0|3
0|3
3|6
4|5
4|4
3|6
3|6
10|13
11|12
11|11
10|13
10|13
0|3
1|2
1|1
0|3
0|3
3|6
4|5
4|4
3|6
3|6
10|13
11|12
11|11
10|13
10|13
0|2
1|1
0|2
0|2
0|2
3|5
4|4
3|5
3|5
3|5
10|12
11|11
10|12
10|12
10|12
0|3
1|2
1|1
0|3
0|3
3|6
4|5
4|4
3|6
3|6
10|13
11|12
11|11
10|13
10|13
0|4
1|3
1|2
2|2
0|4
3|7
4|6
4|5
5|5
3|7
10|14
11|13
11|12
12|12
10|14
0|5
1|4
1|3
2|3
0|5
3|8
4|7
4|6
5|6
3|8
10|15
11|14
11|13
12|13
10|15
0|6
1|5
1|4
2|4
0|6
3|9
4|8
4|7
5|7
3|9
10|16
11|15
11|14
12|14
10|16
0|7
1|6
1|5
2|5
0|7
3|10
4|9
4|8
5|8
3|10
10|17
11|16
11|15
12|15
10|17
0|8
1|7
1|6
2|6
0|8
3|11
4|10
4|9
5|9
3|11
10|18
11|17
11|16
12|16
10|18
0|9
1|8
1|7
2|7
0|9
3|12
4|11
4|10
5|10
3|12
10|19
11|18
11|17
12|17
10|19
0|10
1|9
1|8
2|8
0|10
3|13
4|12
4|11
5|11
3|13
10|20
11|19
11|18
12|18
10|20
0|11
1|10
1|9
2|9
0|11
3|14
4|13
4|12
5|12
3|14
10|21
11|20
11|19
12|19
10|21
0|12
1|11
1|10
2|10
0|12
3|15
4|14
4|13
5|13
3|15
10|22
11|21
11|20
12|20
10|22
0|13
1|12
1|11
2|11
0|13
3|16
4|15
4|14
5|14
3|16
10|23
11|22
11|21
12|21
10|23
0|14
1|13
1|12
2|12
0|14
3|17
4|16
4|15
5|15
3|17
10|24
11|23
11|22
12|22
10|24
0|15
1|14
1|13
2|13
0|15
3|18
4|17
4|16
5|16
3|18
10|25
11|24
11|23
12|23
10|25
0|16
1|15
1|14
2|14
0|16
3|19
4|18
4|17
5|17
3|19
10|26
11|25
11|24
12|24
10|26
0|17
1|16
1|15
2|15
0|17
3|20
4|19
4|18
5|18
3|20
10|27
11|26
11|25
12|25
10|27
0|18
1|17
1|16
2|16
0|18
3|21
4|20
4|19
5|19
3|21
10|28
11|27
11|26
12|26
10|28
0|19
1|18
1|17
2|17
0|19
3|22
4|21
4|20
5|20
3|22
10|29
11|28
11|27
12|27
10|29
0|20
1|19
1|18
2|18
0|20
3|23
4|22
4|21
5|21
3|23
10|30
11|29
11|28
12|28
10|30
0|21
1|20
1|19
2|19
0|21
3|24
4|23
4|22
5|22
3|24
10|31
11|30
11|29
12|29
10|31
0|22
1|21
1|20
2|20
0|22
3|25
4|24
4|23
5|23
3|25
10|32
11|31
11|30
12|30
10|32
0|23
1|22
1|21
2|21
0|23
3|26
4|25
4|24
5|24
3|26
10|33
11|32
11|31
12|31
10|33
0|24
1|23
1|22
2|22
0|24
3|27
4|26
4|25
5|25
3|27
10|34
11|33
11|32
12|32
10|34
0|25
1|24
1|23
2|23
0|25
3|28
4|27
4|26
5|26
3|28
10|35
11|34
11|33
12|33
10|35
0|26
1|25
1|24
2|24
0|26
3|29
4|28
4|27
5|27
3|29
10|36
11|35
11|34
12|34
10|36
0|27
1|26
1|25
2|25
0|27
3|30
4|29
4|28
5|28
3|30
10|37
11|36
11|35
12|35
10|37
0|28
1|27
1|26
2|26
0|28
3|31
4|30
4|29
5|29
3|31
10|38
11|37
11|36
12|36
10|38
0|29
1|28
1|27
2|27
0|29
3|32
4|31
4|30
5|30
3|32
10|39
11|38
11|37
12|37
10|39
0|30
1|29
1|28
2|28
0|30
3|33
4|32
4|31
5|31
3|33
10|40
11|39
11|38
12|38
10|40
0|31
1|30
1|29
2|29
0|31
3|34
4|33
4|32
5|32
3|34
10|41
11|40
11|39
12|39
10|41
0|32
1|31
1|30
2|30
0|32
3|35
4|34
4|33
5|33
3|35
10|42
11|41
11|40
12|40
10|42
0|33
1|32
1|31
2|31
0|33
3|36
4|35
4|34
5|34
3|36
10|43
11|42
11|41
12|41
10|43
0|34
1|33
1|32
2|32
0|34
3|37
4|36
4|35
5|35
3|37
10|44
11|43
11|42
12|42
10|44
0|35
1|34
1|33
2|33
0|35
3|38
4|37
4|36
5|36
3|38
10|45
11|44
11|43
12|43
10|45
0|36
1|35
1|34
2|34
0|36
3|39
4|38
4|37
5|37
3|39
10|46
11|45
11|44
12|44
10|46
0|37
1|36
1|35
2|35
0|37
3|40
4|39
4|38
5|38
3|40
10|47
11|46
11|45
12|45
10|47
0|38
1|37
1|36
2|36
0|38
3|41
4|40
4|39
5|39
3|41
10|48
11|47
11|46
12|46
10|48
0|39
1|38
1|37
2|37
0|39
3|42
4|41
4|40
5|40
3|42
10|49
11|48
11|47
12|47
10|49
0|40
1|39
1|38
2|38
0|40
3|43
4|42
4|41
5|41
3|43
10|50
11|49
11|48
12|48
10|50
0|41
1|40
1|39
2|39
0|41
3|44
4|43
4|42
5|42
3|44
10|51
11|50
11|49
12|49
10|51
0|42
1|41
1|40
2|40
0|42
3|45
4|44
4|43
5|43
3|45
10|52
11|51
11|50
12|50
10|52
0|43
1|42
1|41
2|41
0|43
3|46
4|45
4|44
5|44
3|46
10|53
11|52
11|51
12|51
10|53
0|44
1|43
1|42
2|42
0|44
3|47
4|46
4|45
5|45
3|47
10|54
11|53
11|52
12|52
10|54
0|45
1|44
1|43
2|43
0|45
3|48
4|47
4|46
5|46
3|48
10|55
11|54
11|53
12|53
10|55
0|46
1|45
1|44
2|44
0|46
3|49
4|48
4|47
5|47
3|49
10|56
11|55
11|54
12|54
10|56
0|47
1|46
1|45
2|45
0|47
3|50
4|49
4|48
5|48
3|50
10|57
11|56
11|55
12|55
10|57
0|48
1|47
1|46
2|46
0|48
3|51
4|50
4|49
5|49
3|51
10|58
11|57
11|56
12|56
10|58
0|49
1|48
1|47
2|47
0|49
3|52
4|51
4|50
5|50
3|52
10|59
11|58
11|57
12|57
10|59
0|50
1|49
1|48
2|48
0|50
3|53
4|52
4|51
5|51
3|53
10|60
11|59
11|58
12|58
10|60
0|51
1|50
1|49
2|49
0|51
3|54
4|53
4|52
5|52
3|54
10|61
11|60
11|59
12|59
10|61
0|52
1|51
1|50
2|50
0|52
3|55
4|54
4|53
5|53
3|55
10|62
11|61
11|60
12|60
10|62
0|53
1|52
1|51
2|51
0|53
3|56
4|55
4|54
5|54
3|56
10|63
11|62
11|61
12|61
10|63
0|54
1|53
1|52
2|52
0|54
3|57
4|56
4|55
5|55
3|57
10|64
11|63
11|62
12|62
10|64
0|55
1|54
1|53
2|53
0|55
3|58
4|57
4|56
5|56
3|58
10|65
11|64
11|63
12|63
10|65
0|56
1|55
1|54
2|54
0|56
3|59
4|58
4|57
5|57
3|59
10|66
11|65
11|64
12|64
10|66
0|57
1|56
1|55
2|55
0|57
3|60
4|59
4|58
5|58
3|60
10|67
11|66
11|65
12|65
10|67
0|58
1|57
1|56
2|56
0|58
3|61
4|60
4|59
5|59
3|61
10|68
11|67
11|66
12|66
10|68
0|59
1|58
1|57
2|57
0|59
3|62
4|61
4|60
5|60
3|62
10|69
11|68
11|67
12|67
10|69
0|60
1|59
1|58
2|58
0|60
3|63
4|62
4|61
5|61
3|63
10|70
11|69
11|68
12|68
10|70
0|61
1|60
1|59
2|59
0|61
3|64
4|63
4|62
5|62
3|64
10|71
11|70
11|69
12|69
10|71
0|62
1|61
1|60
2|60
0|62
3|65
4|64
4|63
5|63
3|65
10|72
11|71
11|70
12|70
10|72
0|63
1|62
1|61
2|61
0|63
3|66
4|65
4|64
5|64
3|66
10|73
11|72
11|71
12|71
10|73
0|64
1|63
1|62
2|62
0|64
3|67
4|66
4|65
5|65
3|67
10|74
11|73
11|72
12|72
10|74
0|65
1|64
1|63
2|63
0|65
3|68
4|67
4|66
5|66
3|68
10|75
11|74
11|73
12|73
10|75
0|66
1|65
1|64
2|64
0|66
3|69
4|68
4|67
5|67
3|69
10|76
11|75
11|74
12|74
10|76
0|67
1|66
1|65
2|65
0|67
3|70
4|69
4|68
5|68
3|70
10|77
11|76
11|75
12|75
10|77
0|68
1|67
1|66
2|66
0|68
3|71
4|70
4|69
5|69
3|71
10|78
11|77
11|76
12|76
10|78
0|69
1|68
1|67
2|67
0|69
3|72
4|71
4|70
5|70
3|72
10|79
11|78
11|77
12|77
10|79
0|70
1|69
1|68
2|68
0|70
3|73
4|72
4|71
5|71
3|73
10|80
11|79
11|78
12|78
10|80
0|71
1|70
1|69
2|69
0|71
3|74
4|73
4|72
5|72
3|74
10|81
11|80
11|79
12|79
10|81
0|72
1|71
1|70
2|70
0|72
3|75
4|74
4|73
5|73
3|75
10|82
11|81
11|80
12|80
10|82
0|73
1|72
1|71
2|71
0|73
3|76
4|75
4|74
5|74
3|76
10|83
11|82
11|81
12|81
10|83
0|74
1|73
1|72
2|72
0|74
3|77
4|76
4|75
5|75
3|77
10|84
11|83
11|82
12|82
10|84
0|75
1|74
1|73
2|73
0|75
3|78
4|77
4|76
5|76
3|78
10|85
11|84
11|83
12|83
10|85
0|76
1|75
1|74
2|74
0|76
3|79
4|78
4|77
5|77
3|79
10|86
11|85
11|84
12|84
10|86
0|77
1|76
1|75
2|75
0|77
3|80
4|79
4|78
5|78
3|80
10|87
11|86
11|85
12|85
10|87
0|78
1|77
1|76
2|76
0|78
3|81
4|80
4|79
5|79
3|81
10|88
11|87
11|86
12|86
10|88
0|79
1|78
1|77
2|77
0|79
3|82
4|81
4|80
5|80
3|82
10|89
11|88
11|87
12|87
10|89
0|80
1|79
1|78
2|78
0|80
3|83
4|82
4|81
5|81
3|83
10|90
11|89
11|88
12|88
10|90
0|81
1|80
1|79
2|79
0|81
3|84
4|83
4|82
5|82
3|84
10|91
11|90
11|89
12|89
10|91
0|82
1|81
1|80
2|80
0|82
3|85
4|84
4|83
5|83
3|85
10|92
11|91
11|90
12|90
10|92
0|83
1|82
1|81
2|81
0|83
3|86
4|85
4|84
5|84
3|86
10|93
11|92
11|91
12|91
10|93
0|84
1|83
1|82
2|82
0|84
3|87
4|86
4|85
5|85
3|87
10|94
11|93
11|92
12|92
10|94
0|85
1|84
1|83
2|83
0|85
3|88
4|87
4|86
5|86
3|88
10|95
11|94
11|93
12|93
10|95
0|86
1|85
1|84
2|84
0|86
3|89
4|88
4|87
5|87
3|89
10|96
11|95
11|94
12|94
10|96
0|87
1|86
1|85
2|85
0|87
3|90
4|89
4|88
5|88
3|90
10|97
11|96
11|95
12|95
10|97
0|88
1|87
1|86
2|86
0|88
3|91
4|90
4|89
5|89
3|91
10|98
11|97
11|96
12|96
10|98
0|89
1|88
1|87
2|87
0|89
3|92
4|91
4|90
5|90
3|92
10|99
11|98
11|97
12|97
10|99
0|90
1|89
1|88
2|88
0|90
3|93
4|92
4|91
5|91
3|93
10|100
11|99
11|98
12|98
10|100
0|91
1|90
1|89
2|89
0|91
3|94
4|93
4|92
5|92
3|94
10|101
11|100
11|99
12|99
10|101
0|92
1|91
1|90
2|90
0|92
3|95
4|94
4|93
5|93
3|95
10|102
11|101
11|100
12|100
10|102
0|93
1|92
1|91
2|91
0|93
3|96
4|95
4|94
5|94
3|96
10|103
11|102
11|101
12|101
10|103
0|94
1|93
1|92
2|92
0|94
3|97
4|96
4|95
5|95
3|97
10|104
11|103
11|102
12|102
10|104
0|95
1|94
1|93
2|93
0|95
3|98
4|97
4|96
5|96
3|98
10|105
11|104
11|103
12|103
10|105
0|96
1|95
1|94
2|94
0|96
3|99
4|98
4|97
5|97
3|99
10|106
11|105
11|104
12|104
10|106
0|97
1|96
1|95
2|95
0|97
3|100
4|99
4|98
5|98
3|100
10|107
11|106
11|105
12|105
10|107
0|98
1|97
1|96
2|96
0|98
3|101
4|100
4|99
5|99
3|101
10|108
11|107
11|106
12|106
10|108
0|99
1|98
1|97
2|97
0|99
3|102
4|101
4|100
5|100
3|102
10|109
11|108
11|107
12|107
10|109
0|100
1|99
1|98
2|98
0|100
3|103
4|102
4|101
5|101
3|103
10|110
11|109
11|108
12|108
10|110
0|101
1|100
1|99
2|99
0|101
3|104
4|103
4|102
5|102
3|104
10|111
11|110
11|109
12|109
10|111
0|102
1|101
1|100
2|100
0|102
3|105
4|104
4|103
5|103
3|105
10|112
11|111
11|110
12|110
10|112
0|103
1|102
1|101
2|101
0|103
3|106
4|105
4|104
5|104
3|106
10|113
11|112
11|111
12|111
10|113
0|104
1|103
1|102
2|102
0|104
3|107
4|106
4|105
5|105
3|107
10|114
11|113
11|112
12|112
10|114
0|105
1|104
1|103
2|103
0|105
3|108
4|107
4|106
5|106
3|108
10|115
11|114
11|113
12|113
10|115
0|106
1|105
1|104
2|104
0|106
3|109
4|108
4|107
5|107
3|109
10|116
11|115
11|114
12|114
10|116
0|107
1|106
1|105
2|105
0|107
3|110
4|109
4|108
5|108
3|110
10|117
11|116
11|115
12|115
10|117
0|108
1|107
1|106
2|106
0|108
3|111
4|110
4|109
5|109
3|111
10|118
11|117
11|116
12|116
10|118
0|109
1|108
1|107
2|107
0|109
3|112
4|111
4|110
5|110
3|112
10|119
11|118
11|117
12|117
10|119
0|110
1|109
1|108
2|108
0|110
3|113
4|112
4|111
5|111
3|113
10|120
11|119
11|118
12|118
10|120
0|111
1|110
1|109
2|109
0|111
3|114
4|113
4|112
5|112
3|114
10|121
11|120
11|119
12|119
10|121
0|112
1|111
1|110
2|110
0|112
3|115
4|114
4|113
5|113
3|115
10|122
11|121
11|120
12|120
10|122
0|113
1|112
1|111
2|111
0|113
3|116
4|115
4|114
5|114
3|116
10|123
11|122
11|121
12|121
10|123
0|114
1|113
1|112
2|112
0|114
3|117
4|116
4|115
5|115
3|117
10|124
11|123
11|122
12|122
10|124
0|115
1|114
1|113
2|113
0|115
3|118
4|117
4|116
5|116
3|118
10|125
11|124
11|123
12|123
10|125
0|116
1|115
1|114
2|114
0|116
3|119
4|118
4|117
5|117
3|119
10|126
11|125
11|124
12|124
10|126
0|117
1|116
1|115
2|115
0|117
3|120
4|119
4|118
5|118
3|120
10|127
11|126
11|125
12|125
10|127
0|118
1|117
1|116
2|116
0|118
3|121
4|120
4|119
5|119
3|121
10|128
11|127
11|126
12|126
10|128
0|119
1|118
1|117
2|117
0|119
3|122
4|121
4|120
5|120
3|122
10|129
11|128
11|127
12|127
10|129
0|120
1|119
1|118
2|118
0|120
3|123
4|122
4|121
5|121
3|123
10|130
11|129
11|128
12|128
10|130
0|121
1|120
1|119
2|119
0|121
3|124
4|123
4|122
5|122
3|124
10|131
11|130
11|129
12|129
10|131
0|122
1|121
1|120
2|120
0|122
3|125
4|124
4|123
5|123
3|125
10|132
11|131
11|130
12|130
10|132
0|123
1|122
1|121
2|121
0|123
3|126
4|125
4|124
5|124
3|126
10|133
11|132
11|131
12|131
10|133
0|124
1|123
1|122
2|122
0|124
3|127
4|126
4|125
5|125
3|127
10|134
11|133
11|132
12|132
10|134
0|125
1|124
1|123
2|123
0|125
3|128
4|127
4|126
5|126
3|128
10|135
11|134
11|133
12|133
10|135
0|126
1|125
1|124
2|124
0|126
3|129
4|128
4|127
5|127
3|129
10|136
11|135
11|134
12|134
10|136
0|127
1|126
1|125
2|125
0|127
3|130
4|129
4|128
5|128
3|130
10|137
11|136
11|135
12|135
10|137
0|128
1|127
1|126
2|126
0|128
3|131
4|130
4|129
5|129
3|131
10|138
11|137
11|136
12|136
10|138
0|129
1|128
1|127
2|127
0|129
3|132
4|131
4|130
5|130
3|132
10|139
11|138
11|137
12|137
10|139
0|130
1|129
1|128
2|128
0|130
3|133
4|132
4|131
5|131
3|133
10|140
11|139
11|138
12|138
10|140
0|131
1|130
1|129
2|129
0|131
3|134
4|133
4|132
5|132
3|134
10|141
11|140
11|139
12|139
10|141
0|132
1|131
1|130
2|130
0|132
3|135
4|134
4|133
5|133
3|135
10|142
11|141
11|140
12|140
10|142
0|133
1|132
1|131
2|131
0|133
3|136
4|135
4|134
5|134
3|136
10|143
11|142
11|141
12|141
10|143
0|134
1|133
1|132
2|132
0|134
3|137
4|136
4|135
5|135
3|137
10|144
11|143
11|142
12|142
10|144
0|135
1|134
1|133
2|133
0|135
3|138
4|137
4|136
5|136
3|138
10|145
11|144
11|143
12|143
10|145
0|136
1|135
1|134
2|134
0|136
3|139
4|138
4|137
5|137
3|139
10|146
11|145
11|144
12|144
10|146
0|137
1|136
1|135
2|135
0|137
3|140
4|139
4|138
5|138
3|140
10|147
11|146
11|145
12|145
10|147
0|138
1|137
1|136
2|136
0|138
3|141
4|140
4|139
5|139
3|141
10|148
11|147
11|146
12|146
10|148
0|139
1|138
1|137
2|137
0|139
3|142
4|141
4|140
5|140
3|142
10|149
11|148
11|147
12|147
10|149
0|140
1|139
1|138
2|138
0|140
3|143
4|142
4|141
5|141
3|143
10|150
11|149
11|148
12|148
10|150
0|141
1|140
1|139
2|139
0|141
3|144
4|143
4|142
5|142
3|144
10|151
11|150
11|149
12|149
10|151
0|142
1|141
1|140
2|140
0|142
3|145
4|144
4|143
5|143
3|145
10|152
11|151
11|150
12|150
10|152
0|143
1|142
1|141
2|141
0|143
3|146
4|145
4|144
5|144
3|146
10|153
11|152
11|151
12|151
10|153
0|144
1|143
1|142
2|142
0|144
3|147
4|146
4|145
5|145
3|147
10|154
11|153
11|152
12|152
10|154
0|145
1|144
1|143
2|143
0|145
3|148
4|147
4|146
5|146
3|148
10|155
11|154
11|153
12|153
10|155
0|146
1|145
1|144
2|144
0|146
3|149
4|148
4|147
5|147
3|149
10|156
11|155
11|154
12|154
10|156
0|147
1|146
1|145
2|145
0|147
3|150
4|149
4|148
5|148
3|150
10|157
11|156
11|155
12|155
10|157
0|148
1|147
1|146
2|146
0|148
3|151
4|150
4|149
5|149
3|151
10|158
11|157
11|156
12|156
10|158
0|149
1|148
1|147
2|147
0|149
3|152
4|151
4|150
5|150
3|152
10|159
11|158
11|157
12|157
10|159
0|150
1|149
1|148
2|148
0|150
3|153
4|152
4|151
5|151
3|153
10|160
11|159
11|158
12|158
10|160
0|151
1|150
1|149
2|149
0|151
3|154
4|153
4|152
5|152
3|154
10|161
11|160
11|159
12|159
10|161
0|152
1|151
1|150
2|150
0|152
3|155
4|154
4|153
5|153
3|155
10|162
11|161
11|160
12|160
10|162
0|153
1|152
1|151
2|151
0|153
3|156
4|155
4|154
5|154
3|156
10|163
11|162
11|161
12|161
10|163
0|154
1|153
1|152
2|152
0|154
3|157
4|156
4|155
5|155
3|157
10|164
11|163
11|162
12|162
10|164
0|155
1|154
1|153
2|153
0|155
3|158
4|157
4|156
5|156
3|158
10|165
11|164
11|163
12|163
10|165
0|156
1|155
1|154
2|154
0|156
3|159
4|158
4|157
5|157
3|159
10|166
11|165
11|164
12|164
10|166
0|157
1|156
1|155
2|155
0|157
3|160
4|159
4|158
5|158
3|160
10|167
11|166
11|165
12|165
10|167
0|158
1|157
1|156
2|156
0|158
3|161
4|160
4|159
5|159
3|161
10|168
11|167
11|166
12|166
10|168
0|159
1|158
1|157
2|157
0|159
3|162
4|161
4|160
5|160
3|162
10|169
11|168
11|167
12|167
10|169
0|160
1|159
1|158
2|158
0|160
3|163
4|162
4|161
5|161
3|163
10|170
11|169
11|168
12|168
10|170
0|161
1|160
1|159
2|159
0|161
3|164
4|163
4|162
5|162
3|164
10|171
11|170
11|169
12|169
10|171
0|162
1|161
1|160
2|160
0|162
3|165
4|164
4|163
5|163
3|165
10|172
11|171
11|170
12|170
10|172
0|163
1|162
1|161
2|161
0|163
3|166
4|165
4|164
5|164
3|166
10|173
11|172
11|171
12|171
10|173
0|164
1|163
1|162
2|162
0|164
3|167
4|166
4|165
5|165
3|167
10|174
11|173
11|172
12|172
10|174
0|165
1|164
1|163
2|163
0|165
3|168
4|167
4|166
5|166
3|168
10|175
11|174
11|173
12|173
10|175
0|166
1|165
1|164
2|164
0|166
3|169
4|168
4|167
5|167
3|169
10|176
11|175
11|174
12|174
10|176
0|167
1|166
1|165
2|165
0|167
3|170
4|169
4|168
5|168
3|170
10|177
11|176
11|175
12|175
10|177
0|168
1|167
1|166
2|166
0|168
3|171
4|170
4|169
5|169
3|171
10|178
11|177
11|176
12|176
10|178
0|169
1|168
1|167
2|167
0|169
3|172
4|171
4|170
5|170
3|172
10|179
11|178
11|177
12|177
10|179
0|170
1|169
1|168
2|168
0|170
3|173
4|172
4|171
5|171
3|173
10|180
11|179
11|178
12|178
10|180
0|171
1|170
1|169
2|169
0|171
3|174
4|173
4|172
5|172
3|174
10|181
11|180
11|179
12|179
10|181
0|172
1|171
1|170
2|170
0|172
3|175
4|174
4|173
5|173
3|175
10|182
11|181
11|180
12|180
10|182
0|173
1|172
1|171
2|171
0|173
3|176
4|175
4|174
5|174
3|176
10|183
11|182
11|181
12|181
10|183
0|174
1|173
1|172
2|172
0|174
3|177
4|176
4|175
5|175
3|177
10|184
11|183
11|182
12|182
10|184
0|175
1|174
1|173
2|173
0|175
3|178
4|177
4|176
5|176
3|178
10|185
11|184
11|183
12|183
10|185
0|176
1|175
1|174
2|174
0|176
3|179
4|178
4|177
5|177
3|179
10|186
11|185
11|184
12|184
10|186
0|177
1|176
1|175
2|175
0|177
3|180
4|179
4|178
5|178
3|180
10|187
11|186
11|185
12|185
10|187
0|178
1|177
1|176
2|176
0|178
3|181
4|180
4|179
5|179
3|181
10|188
11|187
11|186
12|186
10|188
0|179
1|178
1|177
2|177
0|179
3|182
4|181
4|180
5|180
3|182
10|189
11|188
11|187
12|187
10|189
0|180
1|179
1|178
2|178
0|180
3|183
4|182
4|181
5|181
3|183
10|190
11|189
11|188
12|188
10|190
0|181
1|180
1|179
2|179
0|181
3|184
4|183
4|182
5|182
3|184
10|191
11|190
11|189
12|189
10|191
0|182
1|181
1|180
2|180
0|182
3|185
4|184
4|183
5|183
3|185
10|192
11|191
11|190
12|190
10|192
0|183
1|182
1|181
2|181
0|183
3|186
4|185
4|184
5|184
3|186
10|193
11|192
11|191
12|191
10|193
0|184
1|183
1|182
2|182
0|184
3|187
4|186
4|185
5|185
3|187
10|194
11|193
11|192
12|192
10|194
0|185
1|184
1|183
2|183
0|185
3|188
4|187
4|186
5|186
3|188
10|195
11|194
11|193
12|193
10|195
0|186
1|185
1|184
2|184
0|186
3|189
4|188
4|187
5|187
3|189
10|196
11|195
11|194
12|194
10|196
0|187
1|186
1|185
2|185
0|187
3|190
4|189
4|188
5|188
3|190
10|197
11|196
11|195
12|195
10|197
0|188
1|187
1|186
2|186
0|188
3|191
4|190
4|189
5|189
3|191
10|198
11|197
11|196
12|196
10|198
0|189
1|188
1|187
2|187
0|189
3|192
4|191
4|190
5|190
3|192
10|199
11|198
11|197
12|197
10|199
0|190
1|189
1|188
2|188
0|190
3|193
4|192
4|191
5|191
3|193
10|200
11|199
11|198
12|198
10|200
0|191
1|190
1|189
2|189
0|191
3|194
4|193
4|192
5|192
3|194
10|201
11|200
11|199
12|199
10|201
0|192
1|191
1|190
2|190
0|192
3|195
4|194
4|193
5|193
3|195
10|202
11|201
11|200
12|200
10|202
0|193
1|192
1|191
2|191
0|193
3|196
4|195
4|194
5|194
3|196
10|203
11|202
11|201
12|201
10|203
0|194
1|193
1|192
2|192
0|194
3|197
4|196
4|195
5|195
3|197
10|204
11|203
11|202
12|202
10|204
0|195
1|194
1|193
2|193
0|195
3|198
4|197
4|196
5|196
3|198
10|205
11|204
11|203
12|203
10|205
0|196
1|195
1|194
2|194
0|196
3|199
4|198
4|197
5|197
3|199
10|206
11|205
11|204
12|204
10|206
0|197
1|196
1|195
2|195
0|197
3|200
4|199
4|198
5|198
3|200
10|207
11|206
11|205
12|205
10|207
0|198
1|197
1|196
2|196
0|198
3|201
4|200
4|199
5|199
3|201
10|208
11|207
11|206
12|206
10|208
0|199
1|198
1|197
2|197
0|199
3|202
4|201
4|200
5|200
3|202
10|209
11|208
11|207
12|207
10|209
0|200
1|199
1|198
2|198
0|200
3|203
4|202
4|201
5|201
3|203
10|210
11|209
11|208
12|208
10|210
0|201
1|200
1|199
2|199
0|201
3|204
4|203
4|202
5|202
3|204
10|211
11|210
11|209
12|209
10|211
0|202
1|201
1|200
2|200
0|202
3|205
4|204
4|203
5|203
3|205
10|212
11|211
11|210
12|210
10|212
0|203
1|202
1|201
2|201
0|203
3|206
4|205
4|204
5|204
3|206
10|213
11|212
11|211
12|211
10|213
0|204
1|203
1|202
2|202
0|204
3|207
4|206
4|205
5|205
3|207
10|214
11|213
11|212
12|212
10|214
0|205
1|204
1|203
2|203
0|205
3|208
4|207
4|206
5|206
3|208
10|215
11|214
11|213
12|213
10|215
0|206
1|205
1|204
2|204
0|206
3|209
4|208
4|207
5|207
3|209
10|216
11|215
11|214
12|214
10|216
0|207
1|206
1|205
2|205
0|207
3|210
4|209
4|208
5|208
3|210
10|217
11|216
11|215
12|215
10|217
0|208
1|207
1|206
2|206
0|208
3|211
4|210
4|209
5|209
3|211
10|218
11|217
11|216
12|216
10|218
0|209
1|208
1|207
2|207
0|209
3|212
4|211
4|210
5|210
3|212
10|219
11|218
11|217
12|217
10|219
0|210
1|209
1|208
2|208
0|210
3|213
4|212
4|211
5|211
3|213
10|220
11|219
11|218
12|218
10|220
0|211
1|210
1|209
2|209
0|211
3|214
4|213
4|212
5|212
3|214
10|221
11|220
11|219
12|219
10|221
0|212
1|211
1|210
2|210
0|212
3|215
4|214
4|213
5|213
3|215
10|222
11|221
11|220
12|220
10|222
0|213
1|212
1|211
2|211
0|213
3|216
4|215
4|214
5|214
3|216
10|223
11|222
11|221
12|221
10|223
0|214
1|213
1|212
2|212
0|214
3|217
4|216
4|215
5|215
3|217
10|224
11|223
11|222
12|222
10|224
0|215
1|214
1|213
2|213
0|215
3|218
4|217
4|216
5|216
3|218
10|225
11|224
11|223
12|223
10|225
0|216
1|215
1|214
2|214
0|216
3|219
4|218
4|217
5|217
3|219
10|226
11|225
11|224
12|224
10|226
0|217
1|216
1|215
2|215
0|217
3|220
4|219
4|218
5|218
3|220
10|227
11|226
11|225
12|225
10|227
0|218
1|217
1|216
2|216
0|218
3|221
4|220
4|219
5|219
3|221
10|228
11|227
11|226
12|226
10|228
0|219
1|218
1|217
2|217
0|219
3|222
4|221
4|220
5|220
3|222
10|229
11|228
11|227
12|227
10|229
0|220
1|219
1|218
2|218
0|220
3|223
4|222
4|221
5|221
3|223
10|230
11|229
11|228
12|228
10|230
0|221
1|220
1|219
2|219
0|221
3|224
4|223
4|222
5|222
3|224
10|231
11|230
11|229
12|229
10|231
0|222
1|221
1|220
2|220
0|222
3|225
4|224
4|223
5|223
3|225
10|232
11|231
11|230
12|230
10|232
0|223
1|222
1|221
2|221
0|223
3|226
4|225
4|224
5|224
3|226
10|233
11|232
11|231
12|231
10|233
0|224
1|223
1|222
2|222
0|224
3|227
4|226
4|225
5|225
3|227
10|234
11|233
11|232
12|232
10|234
0|225
1|224
1|223
2|223
0|225
3|228
4|227
4|226
5|226
3|228
10|235
11|234
11|233
12|233
10|235
0|226
1|225
1|224
2|224
0|226
3|229
4|228
4|227
5|227
3|229
10|236
11|235
11|234
12|234
10|236
0|227
1|226
1|225
2|225
0|227
3|230
4|229
4|228
5|228
3|230
10|237
11|236
11|235
12|235
10|237
0|228
1|227
1|226
2|226
0|228
3|231
4|230
4|229
5|229
3|231
10|238
11|237
11|236
12|236
10|238
0|229
1|228
1|227
2|227
0|229
3|232
4|231
4|230
5|230
3|232
10|239
11|238
11|237
12|237
10|239
0|230
1|229
1|228
2|228
0|230
3|233
4|232
4|231
5|231
3|233
10|240
11|239
11|238
12|238
10|240
0|231
1|230
1|229
2|229
0|231
3|234
4|233
4|232
5|232
3|234
10|241
11|240
11|239
12|239
10|241
0|232
1|231
1|230
2|230
0|232
3|235
4|234
4|233
5|233
3|235
10|242
11|241
11|240
12|240
10|242
0|233
1|232
1|231
2|231
0|233
3|236
4|235
4|234
5|234
3|236
10|243
11|242
11|241
12|241
10|243
0|234
1|233
1|232
2|232
0|234
3|237
4|236
4|235
5|235
3|237
10|244
11|243
11|242
12|242
10|244
0|235
1|234
1|233
2|233
0|235
3|238
4|237
4|236
5|236
3|238
10|245
11|244
11|243
12|243
10|245
0|236
1|235
1|234
2|234
0|236
3|239
4|238
4|237
5|237
3|239
10|246
11|245
11|244
12|244
10|246
0|237
1|236
1|235
2|235
0|237
3|240
4|239
4|238
5|238
3|240
10|247
11|246
11|245
12|245
10|247
0|238
1|237
1|236
2|236
0|238
3|241
4|240
4|239
5|239
3|241
10|248
11|247
11|246
12|246
10|248
0|239
1|238
1|237
2|237
0|239
3|242
4|241
4|240
5|240
3|242
10|249
11|248
11|247
12|247
10|249
0|240
1|239
1|238
2|238
0|240
3|243
4|242
4|241
5|241
3|243
10|250
11|249
11|248
12|248
10|250
0|241
1|240
1|239
2|239
0|241
3|244
4|243
4|242
5|242
3|244
10|251
11|250
11|249
12|249
10|251
0|242
1|241
1|240
2|240
0|242
3|245
4|244
4|243
5|243
3|245
10|252
11|251
11|250
12|250
10|252
0|243
1|242
1|241
2|241
0|243
3|246
4|245
4|244
5|244
3|246
10|253
11|252
11|251
12|251
10|253
0|244
1|243
1|242
2|242
0|244
3|247
4|246
4|245
5|245
3|247
10|254
11|253
11|252
12|252
10|254
0|245
1|244
1|243
2|243
0|245
3|248
4|247
4|246
5|246
3|248
10|255
11|254
11|253
12|253
10|255
0|246
1|245
1|244
2|244
0|246
3|249
4|248
4|247
5|247
3|249
10|256
11|255
11|254
12|254
10|256
0|247
1|246
1|245
2|245
0|247
3|250
4|249
4|248
5|248
3|250
10|257
11|256
11|255
12|255
10|257
0|248
1|247
1|246
2|246
0|248
3|251
4|250
4|249
5|249
3|251
10|258
11|257
11|256
12|256
10|258
0|249
1|248
1|247
2|247
0|249
3|252
4|251
4|250
5|250
3|252
10|259
11|258
11|257
12|257
10|259
0|250
1|249
1|248
2|248
0|250
3|253
4|252
4|251
5|251
3|253
10|260
11|259
11|258
12|258
10|260
0|251
1|250
1|249
2|249
0|251
3|254
4|253
4|252
5|252
3|254
10|261
11|260
11|259
12|259
10|261
0|252
1|251
1|250
2|250
0|252
3|255
4|254
4|253
5|253
3|255
10|262
11|261
11|260
12|260
10|262
0|253
1|252
1|251
2|251
0|253
3|256
4|255
4|254
5|254
3|256
10|263
11|262
11|261
12|261
10|263
0|254
1|253
1|252
2|252
0|254
3|257
4|256
4|255
5|255
3|257
10|264
11|263
11|262
12|262
10|264
0|255
1|254
1|253
2|253
0|255
3|258
4|257
4|256
5|256
3|258
10|265
11|264
11|263
12|263
10|265
0|256
1|255
1|254
2|254
0|256
3|259
4|258
4|257
5|257
3|259
10|266
11|265
11|264
12|264
10|266
0|257
1|256
1|255
2|255
0|257
3|260
4|259
4|258
5|258
3|260
10|267
11|266
11|265
12|265
10|267
0|258
1|257
1|256
2|256
0|258
3|261
4|260
4|259
5|259
3|261
10|268
11|267
11|266
12|266
10|268
0|259
1|258
1|257
2|257
0|259
3|262
4|261
4|260
5|260
3|262
10|269
11|268
11|267
12|267
10|269
0|260
1|259
1|258
2|258
0|260
3|263
4|262
4|261
5|261
3|263
10|270
11|269
11|268
12|268
10|270
0|261
1|260
1|259
2|259
0|261
3|264
4|263
4|262
5|262
3|264
10|271
11|270
11|269
12|269
10|271
0|262
1|261
1|260
2|260
0|262
3|265
4|264
4|263
5|263
3|265
10|272
11|271
11|270
12|270
10|272
0|263
1|262
1|261
2|261
0|263
3|266
4|265
4|264
5|264
3|266
10|273
11|272
11|271
12|271
10|273
0|264
1|263
1|262
2|262
0|264
3|267
4|266
4|265
5|265
3|267
10|274
11|273
11|272
12|272
10|274
0|265
1|264
1|263
2|263
0|265
3|268
4|267
4|266
5|266
3|268
10|275
11|274
11|273
12|273
10|275
0|266
1|265
1|264
2|264
0|266
3|269
4|268
4|267
5|267
3|269
10|276
11|275
11|274
12|274
10|276
0|267
1|266
1|265
2|265
0|267
3|270
4|269
4|268
5|268
3|270
10|277
11|276
11|275
12|275
10|277
0|268
1|267
1|266
2|266
0|268
3|271
4|270
4|269
5|269
3|271
10|278
11|277
11|276
12|276
10|278
0|269
1|268
1|267
2|267
0|269
3|272
4|271
4|270
5|270
3|272
10|279
11|278
11|277
12|277
10|279
0|270
1|269
1|268
2|268
0|270
3|273
4|272
4|271
5|271
3|273
10|280
11|279
11|278
12|278
10|280
0|271
1|270
1|269
2|269
0|271
3|274
4|273
4|272
5|272
3|274
10|281
11|280
11|279
12|279
10|281
0|272
1|271
1|270
2|270
0|272
3|275
4|274
4|273
5|273
3|275
10|282
11|281
11|280
12|280
10|282
0|273
1|272
1|271
2|271
0|273
3|276
4|275
4|274
5|274
3|276
10|283
11|282
11|281
12|281
10|283
0|274
1|273
1|272
2|272
0|274
3|277
4|276
4|275
5|275
3|277
10|284
11|283
11|282
12|282
10|284
0|275
1|274
1|273
2|273
0|275
3|278
4|277
4|276
5|276
3|278
10|285
11|284
11|283
12|283
10|285
0|276
1|275
1|274
2|274
0|276
3|279
4|278
4|277
5|277
3|279
10|286
11|285
11|284
12|284
10|286
0|277
1|276
1|275
2|275
0|277
3|280
4|279
4|278
5|278
3|280
10|287
11|286
11|285
12|285
10|287
0|278
1|277
1|276
2|276
0|278
3|281
4|280
4|279
5|279
3|281
10|288
11|287
11|286
12|286
10|288
0|279
1|278
1|277
2|277
0|279
3|282
4|281
4|280
5|280
3|282
10|289
11|288
11|287
12|287
10|289
0|280
1|279
1|278
2|278
0|280
3|283
4|282
4|281
5|281
3|283
10|290
11|289
11|288
12|288
10|290
0|281
1|280
1|279
2|279
0|281
3|284
4|283
4|282
5|282
3|284
10|291
11|290
11|289
12|289
10|291
0|282
1|281
1|280
2|280
0|282
3|285
4|284
4|283
5|283
3|285
10|292
11|291
11|290
12|290
10|292
0|283
1|282
1|281
2|281
0|283
3|286
4|285
4|284
5|284
3|286
10|293
11|292
11|291
12|291
10|293
0|284
1|283
1|282
2|282
0|284
3|287
4|286
4|285
5|285
3|287
10|294
11|293
11|292
12|292
10|294
0|285
1|284
1|283
2|283
0|285
3|288
4|287
4|286
5|286
3|288
10|295
11|294
11|293
12|293
10|295
0|286
1|285
1|284
2|284
0|286
3|289
4|288
4|287
5|287
3|289
10|296
11|295
11|294
12|294
10|296
0|287
1|286
1|285
2|285
0|287
3|290
4|289
4|288
5|288
3|290
10|297
11|296
11|295
12|295
10|297
0|288
1|287
1|286
2|286
0|288
3|291
4|290
4|289
5|289
3|291
10|298
11|297
11|296
12|296
10|298
0|289
1|288
1|287
2|287
0|289
3|292
4|291
4|290
5|290
3|292
10|299
11|298
11|297
12|297
10|299
0|290
1|289
1|288
2|288
0|290
3|293
4|292
4|291
5|291
3|293
10|300
11|299
11|298
12|298
10|300
0|291
1|290
1|289
2|289
0|291
3|294
4|293
4|292
5|292
3|294
10|301
11|300
11|299
12|299
10|301
0|292
1|291
1|290
2|290
0|292
3|295
4|294
4|293
5|293
3|295
10|302
11|301
11|300
12|300
10|302
0|293
1|292
1|291
2|291
0|293
3|296
4|295
4|294
5|294
3|296
10|303
11|302
11|301
12|301
10|303
0|294
1|293
1|292
2|292
0|294
3|297
4|296
4|295
5|295
3|297
10|304
11|303
11|302
12|302
10|304
0|295
1|294
1|293
2|293
0|295
3|298
4|297
4|296
5|296
3|298
10|305
11|304
11|303
12|303
10|305
0|296
1|295
1|294
2|294
0|296
3|299
4|298
4|297
5|297
3|299
10|306
11|305
11|304
12|304
10|306
0|297
1|296
1|295
2|295
0|297
3|300
4|299
4|298
5|298
3|300
10|307
11|306
11|305
12|305
10|307
0|298
1|297
1|296
2|296
0|298
3|301
4|300
4|299
5|299
3|301
10|308
11|307
11|306
12|306
10|308
0|299
1|298
1|297
2|297
0|299
3|302
4|301
4|300
5|300
3|302
10|309
11|308
11|307
12|307
10|309
0|300
1|299
1|298
2|298
0|300
3|303
4|302
4|301
5|301
3|303
10|310
11|309
11|308
12|308
10|310
0|301
1|300
1|299
2|299
0|301
3|304
4|303
4|302
5|302
3|304
10|311
11|310
11|309
12|309
10|311
0|302
1|301
1|300
2|300
0|302
3|305
4|304
4|303
5|303
3|305
10|312
11|311
11|310
12|310
10|312
0|303
1|302
1|301
2|301
0|303
3|306
4|305
4|304
5|304
3|306
10|313
11|312
11|311
12|311
10|313
0|304
1|303
1|302
2|302
0|304
3|307
4|306
4|305
5|305
3|307
10|314
11|313
11|312
12|312
10|314
0|305
1|304
1|303
2|303
0|305
3|308
4|307
4|306
5|306
3|308
10|315
11|314
11|313
12|313
10|315
0|306
1|305
1|304
2|304
0|306
3|309
4|308
4|307
5|307
3|309
10|316
11|315
11|314
12|314
10|316
0|307
1|306
1|305
2|305
0|307
3|310
4|309
4|308
5|308
3|310
10|317
11|316
11|315
12|315
10|317
0|308
1|307
1|306
2|306
0|308
3|311
4|310
4|309
5|309
3|311
10|318
11|317
11|316
12|316
10|318
0|309
1|308
1|307
2|307
0|309
3|312
4|311
4|310
5|310
3|312
10|319
11|318
11|317
12|317
10|319
0|310
1|309
1|308
2|308
0|310
3|313
4|312
4|311
5|311
3|313
10|320
11|319
11|318
12|318
10|320
0|311
1|310
1|309
2|309
0|311
3|314
4|313
4|312
5|312
3|314
10|321
11|320
11|319
12|319
10|321
0|19
1|18
1|17
2|17
0|19
3|22
4|21
4|20
5|20
3|22
10|29
11|28
11|27
12|27
10|29
0|19
1|18
1|17
2|17
0|19
3|22
4|21
4|20
5|20
3|22
10|29
11|28
11|27
12|27
10|29
0|270
1|269
1|268
2|268
0|270
3|273
4|272
4|271
5|271
3|273
10|280
11|279
11|278
12|278
10|280
0|271
1|270
1|269
2|269
0|271
3|274
4|273
4|272
5|272
3|274
10|281
11|280
11|279
12|279
10|281
0|17
1|16
1|15
2|15
0|17
3|20
4|19
4|18
5|18
3|20
10|27
11|26
11|25
12|25
10|27
0|18
1|17
1|16
2|16
0|18
3|21
4|20
4|19
5|19
3|21
10|28
11|27
11|26
12|26
10|28
0|90
1|89
1|88
2|88
0|90
3|93
4|92
4|91
5|91
3|93
10|100
11|99
11|98
12|98
10|100
0|91
1|90
1|89
2|89
0|91
3|94
4|93
4|92
5|92
3|94
10|101
11|100
11|99
12|99
10|101
0|93
1|92
1|91
2|91
0|93
3|96
4|95
4|94
5|94
3|96
10|103
11|102
11|101
12|101
10|103
0|94
1|93
1|92
2|92
0|94
3|97
4|96
4|95
5|95
3|97
10|104
11|103
11|102
12|102
10|104
0|266
1|265
1|264
2|264
0|266
3|269
4|268
4|267
5|267
3|269
10|276
11|275
11|274
12|274
10|276
0|267
1|266
1|265
2|265
0|267
3|270
4|269
4|268
5|268
3|270
10|277
11|276
11|275
12|275
10|277
0|47
1|46
1|45
2|45
0|47
3|50
4|49
4|48
5|48
3|50
10|57
11|56
11|55
12|55
10|57
0|48
1|47
1|46
2|46
0|48
3|51
4|50
4|49
5|49
3|51
10|58
11|57
11|56
12|56
10|58
0|55
1|54
1|53
2|53
0|55
3|58
4|57
4|56
5|56
3|58
10|65
11|64
11|63
12|63
10|65
0|56
1|55
1|54
2|54
0|56
3|59
4|58
4|57
5|57
3|59
10|66
11|65
11|64
12|64
10|66
0|71
1|70
1|69
2|69
0|71
3|74
4|73
4|72
5|72
3|74
10|81
11|80
11|79
12|79
10|81
0|72
1|71
1|70
2|70
0|72
3|75
4|74
4|73
5|73
3|75
10|82
11|81
11|80
12|80
10|82
0|100
1|99
1|98
2|98
0|100
3|103
4|102
4|101
5|101
3|103
10|110
11|109
11|108
12|108
10|110
0|101
1|100
1|99
2|99
0|101
3|104
4|103
4|102
5|102
3|104
10|111
11|110
11|109
12|109
10|111
0|150
1|149
1|148
2|148
0|150
3|153
4|152
4|151
5|151
3|153
10|160
11|159
11|158
12|158
10|160
0|151
1|150
1|149
2|149
0|151
3|154
4|153
4|152
5|152
3|154
10|161
11|160
11|159
12|159
10|161
0|17
1|16
1|15
2|15
0|17
3|20
4|19
4|18
5|18
3|20
10|27
11|26
11|25
12|25
10|27
0|18
1|17
1|16
2|16
0|18
3|21
4|20
4|19
5|19
3|21
10|28
11|27
11|26
12|26
10|28
0|19
1|18
1|17
2|17
0|19
3|22
4|21
4|20
5|20
3|22
10|29
11|28
11|27
12|27
10|29
0|20
1|19
1|18
2|18
0|20
3|23
4|22
4|21
5|21
3|23
10|30
11|29
11|28
12|28
10|30
0|32
1|31
1|30
2|30
0|32
3|35
4|34
4|33
5|33
3|35
10|42
11|41
11|40
12|40
10|42
0|33
1|32
1|31
2|31
0|33
3|36
4|35
4|34
5|34
3|36
10|43
11|42
11|41
12|41
10|43
0|236
1|235
1|234
2|234
0|236
3|239
4|238
4|237
5|237
3|239
10|246
11|245
11|244
12|244
10|246
0|237
1|236
1|235
2|235
0|237
3|240
4|239
4|238
5|238
3|240
10|247
11|246
11|245
12|245
10|247
0|183
1|182
1|181
2|181
0|183
3|186
4|185
4|184
5|184
3|186
10|193
11|192
11|191
12|191
10|193
0|184
1|183
1|182
2|182
0|184
3|187
4|186
4|185
5|185
3|187
10|194
11|193
11|192
12|192
10|194
0|156
1|155
1|154
2|154
0|156
3|159
4|158
4|157
5|157
3|159
10|166
11|165
11|164
12|164
10|166
0|157
1|156
1|155
2|155
0|157
3|160
4|159
4|158
5|158
3|160
10|167
11|166
11|165
12|165
10|167
0|67
1|66
1|65
2|65
0|67
3|70
4|69
4|68
5|68
3|70
10|77
11|76
11|75
12|75
10|77
0|68
1|67
1|66
2|66
0|68
3|71
4|70
4|69
5|69
3|71
10|78
11|77
11|76
12|76
10|78
0|78
1|77
1|76
2|76
0|78
3|81
4|80
4|79
5|79
3|81
10|88
11|87
11|86
12|86
10|88
0|79
1|78
1|77
2|77
0|79
3|82
4|81
4|80
5|80
3|82
10|89
11|88
11|87
12|87
10|89
0|3
1|2
1|1
0|3
0|3
3|6
4|5
4|4
3|6
3|6
10|13
11|12
11|11
10|13
10|13
0|190
1|189
1|188
2|188
0|190
3|193
4|192
4|191
5|191
3|193
10|200
11|199
11|198
12|198
10|200
0|191
1|190
1|189
2|189
0|191
3|194
4|193
4|192
5|192
3|194
10|201
11|200
11|199
12|199
10|201
0|26
1|25
1|24
2|24
0|26
3|29
4|28
4|27
5|27
3|29
10|36
11|35
11|34
12|34
10|36
0|27
1|26
1|25
2|25
0|27
3|30
4|29
4|28
5|28
3|30
10|37
11|36
11|35
12|35
10|37
0|215
1|214
1|213
2|213
0|215
3|218
4|217
4|216
5|216
3|218
10|225
11|224
11|223
12|223
10|225
0|216
1|215
1|214
2|214
0|216
3|219
4|218
4|217
5|217
3|219
10|226
11|225
11|224
12|224
10|226
0|266
1|265
1|264
2|264
0|266
3|269
4|268
4|267
5|267
3|269
10|276
11|275
11|274
12|274
10|276
0|267
1|266
1|265
2|265
0|267
3|270
4|269
4|268
5|268
3|270
10|277
11|276
11|275
12|275
10|277
0|72
1|71
1|70
2|70
0|72
3|75
4|74
4|73
5|73
3|75
10|82
11|81
11|80
12|80
10|82
0|73
1|72
1|71
2|71
0|73
3|76
4|75
4|74
5|74
3|76
10|83
11|82
11|81
12|81
10|83
0|300
1|299
1|298
2|298
0|300
3|303
4|302
4|301
5|301
3|303
10|310
11|309
11|308
12|308
10|310
0|301
1|300
1|299
2|299
0|301
3|304
4|303
4|302
5|302
3|304
10|311
11|310
11|309
12|309
10|311
0|110
1|109
1|108
2|108
0|110
3|113
4|112
4|111
5|111
3|113
10|120
11|119
11|118
12|118
10|120
0|111
1|110
1|109
2|109
0|111
3|114
4|113
4|112
5|112
3|114
10|121
11|120
11|119
12|119
10|121
0|111
1|110
1|109
2|109
0|111
3|114
4|113
4|112
5|112
3|114
10|121
11|120
11|119
12|119
10|121
0|112
1|111
1|110
2|110
0|112
3|115
4|114
4|113
5|113
3|115
10|122
11|121
11|120
12|120
10|122
0|125
1|124
1|123
2|123
0|125
3|128
4|127
4|126
5|126
3|128
10|135
11|134
11|133
12|133
10|135
0|126
1|125
1|124
2|124
0|126
3|129
4|128
4|127
5|127
3|129
10|136
11|135
11|134
12|134
10|136
0|74
1|73
1|72
2|72
0|74
3|77
4|76
4|75
5|75
3|77
10|84
11|83
11|82
12|82
10|84
0|75
1|74
1|73
2|73
0|75
3|78
4|77
4|76
5|76
3|78
10|85
11|84
11|83
12|83
10|85
0|107
1|106
1|105
2|105
0|107
3|110
4|109
4|108
5|108
3|110
10|117
11|116
11|115
12|115
10|117
0|108
1|107
1|106
2|106
0|108
3|111
4|110
4|109
5|109
3|111
10|118
11|117
11|116
12|116
10|118
0|270
1|269
1|268
2|268
0|270
3|273
4|272
4|271
5|271
3|273
10|280
11|279
11|278
12|278
10|280
0|271
1|270
1|269
2|269
0|271
3|274
4|273
4|272
5|272
3|274
10|281
11|280
11|279
12|279
10|281
0|152
1|151
1|150
2|150
0|152
3|155
4|154
4|153
5|153
3|155
10|162
11|161
11|160
12|160
10|162
0|153
1|152
1|151
2|151
0|153
3|156
4|155
4|154
5|154
3|156
10|163
11|162
11|161
12|161
10|163
0|218
1|217
1|216
2|216
0|218
3|221
4|220
4|219
5|219
3|221
10|228
11|227
11|226
12|226
10|228
0|219
1|218
1|217
2|217
0|219
3|222
4|221
4|220
5|220
3|222
10|229
11|228
11|227
12|227
10|229
0|299
1|298
1|297
2|297
0|299
3|302
4|301
4|300
5|300
3|302
10|309
11|308
11|307
12|307
10|309
0|300
1|299
1|298
2|298
0|300
3|303
4|302
4|301
5|301
3|303
10|310
11|309
11|308
12|308
10|310
0|81
1|80
1|79
2|79
0|81
3|84
4|83
4|82
5|82
3|84
10|91
11|90
11|89
12|89
10|91
0|82
1|81
1|80
2|80
0|82
3|85
4|84
4|83
5|83
3|85
10|92
11|91
11|90
12|90
10|92
0|277
1|276
1|275
2|275
0|277
3|280
4|279
4|278
5|278
3|280
10|287
11|286
11|285
12|285
10|287
0|278
1|277
1|276
2|276
0|278
3|281
4|280
4|279
5|279
3|281
10|288
11|287
11|286
12|286
10|288
0|15
1|14
1|13
2|13
0|15
3|18
4|17
4|16
5|16
3|18
10|25
11|24
11|23
12|23
10|25
0|16
1|15
1|14
2|14
0|16
3|19
4|18
4|17
5|17
3|19
10|26
11|25
11|24
12|24
10|26
0|78
1|77
1|76
2|76
0|78
3|81
4|80
4|79
5|79
3|81
10|88
11|87
11|86
12|86
10|88
0|79
1|78
1|77
2|77
0|79
3|82
4|81
4|80
5|80
3|82
10|89
11|88
11|87
12|87
10|89
0|73
1|72
1|71
2|71
0|73
3|76
4|75
4|74
5|74
3|76
10|83
11|82
11|81
12|81
10|83
0|74
1|73
1|72
2|72
0|74
3|77
4|76
4|75
5|75
3|77
10|84
11|83
11|82
12|82
10|84
0|183
1|182
1|181
2|181
0|183
3|186
4|185
4|184
5|184
3|186
10|193
11|192
11|191
12|191
10|193
0|184
1|183
1|182
2|182
0|184
3|187
4|186
4|185
5|185
3|187
10|194
11|193
11|192
12|192
10|194
0|95
1|94
1|93
2|93
0|95
3|98
4|97
4|96
5|96
3|98
10|105
11|104
11|103
12|103
10|105
0|96
1|95
1|94
2|94
0|96
3|99
4|98
4|97
5|97
3|99
10|106
11|105
11|104
12|104
10|106
0|192
1|191
1|190
2|190
0|192
3|195
4|194
4|193
5|193
3|195
10|202
11|201
11|200
12|200
10|202
0|193
1|192
1|191
2|191
0|193
3|196
4|195
4|194
5|194
3|196
10|203
11|202
11|201
12|201
10|203
0|210
1|209
1|208
2|208
0|210
3|213
4|212
4|211
5|211
3|213
10|220
11|219
11|218
12|218
10|220
0|211
1|210
1|209
2|209
0|211
3|214
4|213
4|212
5|212
3|214
10|221
11|220
11|219
12|219
10|221
0|159
1|158
1|157
2|157
0|159
3|162
4|161
4|160
5|160
3|162
10|169
11|168
11|167
12|167
10|169
0|160
1|159
1|158
2|158
0|160
3|163
4|162
4|161
5|161
3|163
10|170
11|169
11|168
12|168
10|170
0|41
1|40
1|39
2|39
0|41
3|44
4|43
4|42
5|42
3|44
10|51
11|50
11|49
12|49
10|51
0|42
1|41
1|40
2|40
0|42
3|45
4|44
4|43
5|43
3|45
10|52
11|51
11|50
12|50
10|52
0|36
1|35
1|34
2|34
0|36
3|39
4|38
4|37
5|37
3|39
10|46
11|45
11|44
12|44
10|46
0|37
1|36
1|35
2|35
0|37
3|40
4|39
4|38
5|38
3|40
10|47
11|46
11|45
12|45
10|47
0|69
1|68
1|67
2|67
0|69
3|72
4|71
4|70
5|70
3|72
10|79
11|78
11|77
12|77
10|79
0|70
1|69
1|68
2|68
0|70
3|73
4|72
4|71
5|71
3|73
10|80
11|79
11|78
12|78
10|80
0|178
1|177
1|176
2|176
0|178
3|181
4|180
4|179
5|179
3|181
10|188
11|187
11|186
12|186
10|188
0|179
1|178
1|177
2|177
0|179
3|182
4|181
4|180
5|180
3|182
10|189
11|188
11|187
12|187
10|189
0|180
1|179
1|178
2|178
0|180
3|183
4|182
4|181
5|181
3|183
10|190
11|189
11|188
12|188
10|190
0|181
1|180
1|179
2|179
0|181
3|184
4|183
4|182
5|182
3|184
10|191
11|190
11|189
12|189
10|191
0|53
1|52
1|51
2|51
0|53
3|56
4|55
4|54
5|54
3|56
10|63
11|62
11|61
12|61
10|63
0|54
1|53
1|52
2|52
0|54
3|57
4|56
4|55
5|55
3|57
10|64
11|63
11|62
12|62
10|64
0|267
1|266
1|265
2|265
0|267
3|270
4|269
4|268
5|268
3|270
10|277
11|276
11|275
12|275
10|277
0|268
1|267
1|266
2|266
0|268
3|271
4|270
4|269
5|269
3|271
10|278
11|277
11|276
12|276
10|278
0|289
1|288
1|287
2|287
0|289
3|292
4|291
4|290
5|290
3|292
10|299
11|298
11|297
12|297
10|299
0|290
1|289
1|288
2|288
0|290
3|293
4|292
4|291
5|291
3|293
10|300
11|299
11|298
12|298
10|300
0|198
1|197
1|196
2|196
0|198
3|201
4|200
4|199
5|199
3|201
10|208
11|207
11|206
12|206
10|208
0|199
1|198
1|197
2|197
0|199
3|202
4|201
4|200
5|200
3|202
10|209
11|208
11|207
12|207
10|209
0|211
1|210
1|209
2|209
0|211
3|214
4|213
4|212
5|212
3|214
10|221
11|220
11|219
12|219
10|221
0|212
1|211
1|210
2|210
0|212
3|215
4|214
4|213
5|213
3|215
10|222
11|221
11|220
12|220
10|222
0|43
1|42
1|41
2|41
0|43
3|46
4|45
4|44
5|44
3|46
10|53
11|52
11|51
12|51
10|53
0|44
1|43
1|42
2|42
0|44
3|47
4|46
4|45
5|45
3|47
10|54
11|53
11|52
12|52
10|54
0|74
1|73
1|72
2|72
0|74
3|77
4|76
4|75
5|75
3|77
10|84
11|83
11|82
12|82
10|84
0|75
1|74
1|73
2|73
0|75
3|78
4|77
4|76
5|76
3|78
10|85
11|84
11|83
12|83
10|85
0|73
1|72
1|71
2|71
0|73
3|76
4|75
4|74
5|74
3|76
10|83
11|82
11|81
12|81
10|83
0|74
1|73
1|72
2|72
0|74
3|77
4|76
4|75
5|75
3|77
10|84
11|83
11|82
12|82
10|84
0|43
1|42
1|41
2|41
0|43
3|46
4|45
4|44
5|44
3|46
10|53
11|52
11|51
12|51
10|53
0|44
1|43
1|42
2|42
0|44
3|47
4|46
4|45
5|45
3|47
10|54
11|53
11|52
12|52
10|54
0|211
1|210
1|209
2|209
0|211
3|214
4|213
4|212
5|212
3|214
10|221
11|220
11|219
12|219
10|221
0|212
1|211
1|210
2|210
0|212
3|215
4|214
4|213
5|213
3|215
10|222
11|221
11|220
12|220
10|222
0|272
1|271
1|270
2|270
0|272
3|275
4|274
4|273
5|273
3|275
10|282
11|281
11|280
12|280
10|282
0|273
1|272
1|271
2|271
0|273
3|276
4|275
4|274
5|274
3|276
10|283
11|282
11|281
12|281
10|283
0|283
1|282
1|281
2|281
0|283
3|286
4|285
4|284
5|284
3|286
10|293
11|292
11|291
12|291
10|293
0|284
1|283
1|282
2|282
0|284
3|287
4|286
4|285
5|285
3|287
10|294
11|293
11|292
12|292
10|294
0|70
1|69
1|68
2|68
0|70
3|73
4|72
4|71
5|71
3|73
10|80
11|79
11|78
12|78
10|80
0|71
1|70
1|69
2|69
0|71
3|74
4|73
4|72
5|72
3|74
10|81
11|80
11|79
12|79
10|81
0|148
1|147
1|146
2|146
0|148
3|151
4|150
4|149
5|149
3|151
10|158
11|157
11|156
12|156
10|158
0|149
1|148
1|147
2|147
0|149
3|152
4|151
4|150
5|150
3|152
10|159
11|158
11|157
12|157
10|159
0|233
1|232
1|231
2|231
0|233
3|236
4|235
4|234
5|234
3|236
10|243
11|242
11|241
12|241
10|243
0|234
1|233
1|232
2|232
0|234
3|237
4|236
4|235
5|235
3|237
10|244
11|243
11|242
12|242
10|244
0|112
1|111
1|110
2|110
0|112
3|115
4|114
4|113
5|113
3|115
10|122
11|121
11|120
12|120
10|122
0|113
1|112
1|111
2|111
0|113
3|116
4|115
4|114
5|114
3|116
10|123
11|122
11|121
12|121
10|123
0|109
1|108
1|107
2|107
0|109
3|112
4|111
4|110
5|110
3|112
10|119
11|118
11|117
12|117
10|119
0|110
1|109
1|108
2|108
0|110
3|113
4|112
4|111
5|111
3|113
10|120
11|119
11|118
12|118
10|120
0|262
1|261
1|260
2|260
0|262
3|265
4|264
4|263
5|263
3|265
10|272
11|271
11|270
12|270
10|272
0|263
1|262
1|261
2|261
0|263
3|266
4|265
4|264
5|264
3|266
10|273
11|272
11|271
12|271
10|273
0|135
1|134
1|133
2|133
0|135
3|138
4|137
4|136
5|136
3|138
10|145
11|144
11|143
12|143
10|145
0|136
1|135
1|134
2|134
0|136
3|139
4|138
4|137
5|137
3|139
10|146
11|145
11|144
12|144
10|146
0|30
1|29
1|28
2|28
0|30
3|33
4|32
4|31
5|31
3|33
10|40
11|39
11|38
12|38
10|40
0|31
1|30
1|29
2|29
0|31
3|34
4|33
4|32
5|32
3|34
10|41
11|40
11|39
12|39
10|41
0|80
1|79
1|78
2|78
0|80
3|83
4|82
4|81
5|81
3|83
10|90
11|89
11|88
12|88
10|90
0|81
1|80
1|79
2|79
0|81
3|84
4|83
4|82
5|82
3|84
10|91
11|90
11|89
12|89
10|91
0|5
1|4
1|3
2|3
0|5
3|8
4|7
4|6
5|6
3|8
10|15
11|14
11|13
12|13
10|15
0|6
1|5
1|4
2|4
0|6
3|9
4|8
4|7
5|7
3|9
10|16
11|15
11|14
12|14
10|16
0|84
1|83
1|82
2|82
0|84
3|87
4|86
4|85
5|85
3|87
10|94
11|93
11|92
12|92
10|94
0|85
1|84
1|83
2|83
0|85
3|88
4|87
4|86
5|86
3|88
10|95
11|94
11|93
12|93
10|95
0|211
1|210
1|209
2|209
0|211
3|214
4|213
4|212
5|212
3|214
10|221
11|220
11|219
12|219
10|221
0|212
1|211
1|210
2|210
0|212
3|215
4|214
4|213
5|213
3|215
10|222
11|221
11|220
12|220
10|222
0|18
1|17
1|16
2|16
0|18
3|21
4|20
4|19
5|19
3|21
10|28
11|27
11|26
12|26
10|28
0|19
1|18
1|17
2|17
0|19
3|22
4|21
4|20
5|20
3|22
10|29
11|28
11|27
12|27
10|29
0|284
1|283
1|282
2|282
0|284
3|287
4|286
4|285
5|285
3|287
10|294
11|293
11|292
12|292
10|294
0|285
1|284
1|283
2|283
0|285
3|288
4|287
4|286
5|286
3|288
10|295
11|294
11|293
12|293
10|295
0|121
1|120
1|119
2|119
0|121
3|124
4|123
4|122
5|122
3|124
10|131
11|130
11|129
12|129
10|131
0|122
1|121
1|120
2|120
0|122
3|125
4|124
4|123
5|123
3|125
10|132
11|131
11|130
12|130
10|132
0|263
1|262
1|261
2|261
0|263
3|266
4|265
4|264
5|264
3|266
10|273
11|272
11|271
12|271
10|273
0|264
1|263
1|262
2|262
0|264
3|267
4|266
4|265
5|265
3|267
10|274
11|273
11|272
12|272
10|274
0|242
1|241
1|240
2|240
0|242
3|245
4|244
4|243
5|243
3|245
10|252
11|251
11|250
12|250
10|252
0|243
1|242
1|241
2|241
0|243
3|246
4|245
4|244
5|244
3|246
10|253
11|252
11|251
12|251
10|253
0|256
1|255
1|254
2|254
0|256
3|259
4|258
4|257
5|257
3|259
10|266
11|265
11|264
12|264
10|266
0|257
1|256
1|255
2|255
0|257
3|260
4|259
4|258
5|258
3|260
10|267
11|266
11|265
12|265
10|267
0|122
1|121
1|120
2|120
0|122
3|125
4|124
4|123
5|123
3|125
10|132
11|131
11|130
12|130
10|132
0|123
1|122
1|121
2|121
0|123
3|126
4|125
4|124
5|124
3|126
10|133
11|132
11|131
12|131
10|133
0|238
1|237
1|236
2|236
0|238
3|241
4|240
4|239
5|239
3|241
10|248
11|247
11|246
12|246
10|248
0|239
1|238
1|237
2|237
0|239
3|242
4|241
4|240
5|240
3|242
10|249
11|248
11|247
12|247
10|249
0|190
1|189
1|188
2|188
0|190
3|193
4|192
4|191
5|191
3|193
10|200
11|199
11|198
12|198
10|200
0|191
1|190
1|189
2|189
0|191
3|194
4|193
4|192
5|192
3|194
10|201
11|200
11|199
12|199
10|201
0|137
1|136
1|135
2|135
0|137
3|140
4|139
4|138
5|138
3|140
10|147
11|146
11|145
12|145
10|147
0|138
1|137
1|136
2|136
0|138
3|141
4|140
4|139
5|139
3|141
10|148
11|147
11|146
12|146
10|148
0|283
1|282
1|281
2|281
0|283
3|286
4|285
4|284
5|284
3|286
10|293
11|292
11|291
12|291
10|293
0|284
1|283
1|282
2|282
0|284
3|287
4|286
4|285
5|285
3|287
10|294
11|293
11|292
12|292
10|294
0|42
1|41
1|40
2|40
0|42
3|45
4|44
4|43
5|43
3|45
10|52
11|51
11|50
12|50
10|52
0|43
1|42
1|41
2|41
0|43
3|46
4|45
4|44
5|44
3|46
10|53
11|52
11|51
12|51
10|53
0|266
1|265
1|264
2|264
0|266
3|269
4|268
4|267
5|267
3|269
10|276
11|275
11|274
12|274
10|276
0|267
1|266
1|265
2|265
0|267
3|270
4|269
4|268
5|268
3|270
10|277
11|276
11|275
12|275
10|277
0|115
1|114
1|113
2|113
0|115
3|118
4|117
4|116
5|116
3|118
10|125
11|124
11|123
12|123
10|125
0|116
1|115
1|114
2|114
0|116
3|119
4|118
4|117
5|117
3|119
10|126
11|125
11|124
12|124
10|126
0|20
1|19
1|18
2|18
0|20
3|23
4|22
4|21
5|21
3|23
10|30
11|29
11|28
12|28
10|30
0|21
1|20
1|19
2|19
0|21
3|24
4|23
4|22
5|22
3|24
10|31
11|30
11|29
12|29
10|31
0|242
1|241
1|240
2|240
0|242
3|245
4|244
4|243
5|243
3|245
10|252
11|251
11|250
12|250
10|252
0|243
1|242
1|241
2|241
0|243
3|246
4|245
4|244
5|244
3|246
10|253
11|252
11|251
12|251
10|253
0|199
1|198
1|197
2|197
0|199
3|202
4|201
4|200
5|200
3|202
10|209
11|208
11|207
12|207
10|209
0|200
1|199
1|198
2|198
0|200
3|203
4|202
4|201
5|201
3|203
10|210
11|209
11|208
12|208
10|210
0|100
1|99
1|98
2|98
0|100
3|103
4|102
4|101
5|101
3|103
10|110
11|109
11|108
12|108
10|110
0|101
1|100
1|99
2|99
0|101
3|104
4|103
4|102
5|102
3|104
10|111
11|110
11|109
12|109
10|111
0|34
1|33
1|32
2|32
0|34
3|37
4|36
4|35
5|35
3|37
10|44
11|43
11|42
12|42
10|44
0|35
1|34
1|33
2|33
0|35
3|38
4|37
4|36
5|36
3|38
10|45
11|44
11|43
12|43
10|45
0|3
1|2
1|1
0|3
0|3
3|6
4|5
4|4
3|6
3|6
10|13
11|12
11|11
10|13
10|13
0|164
1|163
1|162
2|162
0|164
3|167
4|166
4|165
5|165
3|167
10|174
11|173
11|172
12|172
10|174
0|165
1|164
1|163
2|163
0|165
3|168
4|167
4|166
5|166
3|168
10|175
11|174
11|173
12|173
10|175
0|153
1|152
1|151
2|151
0|153
3|156
4|155
4|154
5|154
3|156
10|163
11|162
11|161
12|161
10|163
0|154
1|153
1|152
2|152
0|154
3|157
4|156
4|155
5|155
3|157
10|164
11|163
11|162
12|162
10|164
0|56
1|55
1|54
2|54
0|56
3|59
4|58
4|57
5|57
3|59
10|66
11|65
11|64
12|64
10|66
0|57
1|56
1|55
2|55
0|57
3|60
4|59
4|58
5|58
3|60
10|67
11|66
11|65
12|65
10|67
0|86
1|85
1|84
2|84
0|86
3|89
4|88
4|87
5|87
3|89
10|96
11|95
11|94
12|94
10|96
0|87
1|86
1|85
2|85
0|87
3|90
4|89
4|88
5|88
3|90
10|97
11|96
11|95
12|95
10|97
0|173
1|172
1|171
2|171
0|173
3|176
4|175
4|174
5|174
3|176
10|183
11|182
11|181
12|181
10|183
0|174
1|173
1|172
2|172
0|174
3|177
4|176
4|175
5|175
3|177
10|184
11|183
11|182
12|182
10|184
0|66
1|65
1|64
2|64
0|66
3|69
4|68
4|67
5|67
3|69
10|76
11|75
11|74
12|74
10|76
0|67
1|66
1|65
2|65
0|67
3|70
4|69
4|68
5|68
3|70
10|77
11|76
11|75
12|75
10|77
0|284
1|283
1|282
2|282
0|284
3|287
4|286
4|285
5|285
3|287
10|294
11|293
11|292
12|292
10|294
0|285
1|284
1|283
2|283
0|285
3|288
4|287
4|286
5|286
3|288
10|295
11|294
11|293
12|293
10|295
0|227
1|226
1|225
2|225
0|227
3|230
4|229
4|228
5|228
3|230
10|237
11|236
11|235
12|235
10|237
0|228
1|227
1|226
2|226
0|228
3|231
4|230
4|229
5|229
3|231
10|238
11|237
11|236
12|236
10|238
0|233
1|232
1|231
2|231
0|233
3|236
4|235
4|234
5|234
3|236
10|243
11|242
11|241
12|241
10|243
0|234
1|233
1|232
2|232
0|234
3|237
4|236
4|235
5|235
3|237
10|244
11|243
11|242
12|242
10|244
0|272
1|271
1|270
2|270
0|272
3|275
4|274
4|273
5|273
3|275
10|282
11|281
11|280
12|280
10|282
0|273
1|272
1|271
2|271
0|273
3|276
4|275
4|274
5|274
3|276
10|283
11|282
11|281
12|281
10|283
0|262
1|261
1|260
2|260
0|262
3|265
4|264
4|263
5|263
3|265
10|272
11|271
11|270
12|270
10|272
0|263
1|262
1|261
2|261
0|263
3|266
4|265
4|264
5|264
3|266
10|273
11|272
11|271
12|271
10|273
0|39
1|38
1|37
2|37
0|39
3|42
4|41
4|40
5|40
3|42
10|49
11|48
11|47
12|47
10|49
0|40
1|39
1|38
2|38
0|40
3|43
4|42
4|41
5|41
3|43
10|50
11|49
11|48
12|48
10|50
0|152
1|151
1|150
2|150
0|152
3|155
4|154
4|153
5|153
3|155
10|162
11|161
11|160
12|160
10|162
0|153
1|152
1|151
2|151
0|153
3|156
4|155
4|154
5|154
3|156
10|163
11|162
11|161
12|161
10|163
0|10
1|9
1|8
2|8
0|10
3|13
4|12
4|11
5|11
3|13
10|20
11|19
11|18
12|18
10|20
0|11
1|10
1|9
2|9
0|11
3|14
4|13
4|12
5|12
3|14
10|21
11|20
11|19
12|19
10|21
0|12
1|11
1|10
2|10
0|12
3|15
4|14
4|13
5|13
3|15
10|22
11|21
11|20
12|20
10|22
0|13
1|12
1|11
2|11
0|13
3|16
4|15
4|14
5|14
3|16
10|23
11|22
11|21
12|21
10|23
0|54
1|53
1|52
2|52
0|54
3|57
4|56
4|55
5|55
3|57
10|64
11|63
11|62
12|62
10|64
0|55
1|54
1|53
2|53
0|55
3|58
4|57
4|56
5|56
3|58
10|65
11|64
11|63
12|63
10|65
0|139
1|138
1|137
2|137
0|139
3|142
4|141
4|140
5|140
3|142
10|149
11|148
11|147
12|147
10|149
0|140
1|139
1|138
2|138
0|140
3|143
4|142
4|141
5|141
3|143
10|150
11|149
11|148
12|148
10|150
0|182
1|181
1|180
2|180
0|182
3|185
4|184
4|183
5|183
3|185
10|192
11|191
11|190
12|190
10|192
0|183
1|182
1|181
2|181
0|183
3|186
4|185
4|184
5|184
3|186
10|193
11|192
11|191
12|191
10|193
0|242
1|241
1|240
2|240
0|242
3|245
4|244
4|243
5|243
3|245
10|252
11|251
11|250
12|250
10|252
0|243
1|242
1|241
2|241
0|243
3|246
4|245
4|244
5|244
3|246
10|253
11|252
11|251
12|251
10|253
0|3
1|2
1|1
0|3
0|3
3|6
4|5
4|4
3|6
3|6
10|13
11|12
11|11
10|13
10|13
0|4
1|3
1|2
2|2
0|4
3|7
4|6
4|5
5|5
3|7
10|14
11|13
11|12
12|12
10|14
0|145
1|144
1|143
2|143
0|145
3|148
4|147
4|146
5|146
3|148
10|155
11|154
11|153
12|153
10|155
0|146
1|145
1|144
2|144
0|146
3|149
4|148
4|147
5|147
3|149
10|156
11|155
11|154
12|154
10|156
0|220
1|219
1|218
2|218
0|220
3|223
4|222
4|221
5|221
3|223
10|230
11|229
11|228
12|228
10|230
0|221
1|220
1|219
2|219
0|221
3|224
4|223
4|222
5|222
3|224
10|231
11|230
11|229
12|229
10|231
0|47
1|46
1|45
2|45
0|47
3|50
4|49
4|48
5|48
3|50
10|57
11|56
11|55
12|55
10|57
0|48
1|47
1|46
2|46
0|48
3|51
4|50
4|49
5|49
3|51
10|58
11|57
11|56
12|56
10|58
0|233
1|232
1|231
2|231
0|233
3|236
4|235
4|234
5|234
3|236
10|243
11|242
11|241
12|241
10|243
0|234
1|233
1|232
2|232
0|234
3|237
4|236
4|235
5|235
3|237
10|244
11|243
11|242
12|242
10|244
0|120
1|119
1|118
2|118
0|120
3|123
4|122
4|121
5|121
3|123
10|130
11|129
11|128
12|128
10|130
0|121
1|120
1|119
2|119
0|121
3|124
4|123
4|122
5|122
3|124
10|131
11|130
11|129
12|129
10|131
0|201
1|200
1|199
2|199
0|201
3|204
4|203
4|202
5|202
3|204
10|211
11|210
11|209
12|209
10|211
0|202
1|201
1|200
2|200
0|202
3|205
4|204
4|203
5|203
3|205
10|212
11|211
11|210
12|210
10|212
0|233
1|232
1|231
2|231
0|233
3|236
4|235
4|234
5|234
3|236
10|243
11|242
11|241
12|241
10|243
0|234
1|233
1|232
2|232
0|234
3|237
4|236
4|235
5|235
3|237
10|244
11|243
11|242
12|242
10|244
0|166
1|165
1|164
2|164
0|166
3|169
4|168
4|167
5|167
3|169
10|176
11|175
11|174
12|174
10|176
0|167
1|166
1|165
2|165
0|167
3|170
4|169
4|168
5|168
3|170
10|177
11|176
11|175
12|175
10|177
0|135
1|134
1|133
2|133
0|135
3|138
4|137
4|136
5|136
3|138
10|145
11|144
11|143
12|143
10|145
0|136
1|135
1|134
2|134
0|136
3|139
4|138
4|137
5|137
3|139
10|146
11|145
11|144
12|144
10|146
0|291
1|290
1|289
2|289
0|291
3|294
4|293
4|292
5|292
3|294
10|301
11|300
11|299
12|299
10|301
0|292
1|291
1|290
2|290
0|292
3|295
4|294
4|293
5|293
3|295
10|302
11|301
11|300
12|300
10|302
0|242
1|241
1|240
2|240
0|242
3|245
4|244
4|243
5|243
3|245
10|252
11|251
11|250
12|250
10|252
0|243
1|242
1|241
2|241
0|243
3|246
4|245
4|244
5|244
3|246
10|253
11|252
11|251
12|251
10|253
0|171
1|170
1|169
2|169
0|171
3|174
4|173
4|172
5|172
3|174
10|181
11|180
11|179
12|179
10|181
0|172
1|171
1|170
2|170
0|172
3|175
4|174
4|173
5|173
3|175
10|182
11|181
11|180
12|180
10|182
0|110
1|109
1|108
2|108
0|110
3|113
4|112
4|111
5|111
3|113
10|120
11|119
11|118
12|118
10|120
0|111
1|110
1|109
2|109
0|111
3|114
4|113
4|112
5|112
3|114
10|121
11|120
11|119
12|119
10|121
0|242
1|241
1|240
2|240
0|242
3|245
4|244
4|243
5|243
3|245
10|252
11|251
11|250
12|250
10|252
0|243
1|242
1|241
2|241
0|243
3|246
4|245
4|244
5|244
3|246
10|253
11|252
11|251
12|251
10|253
0|269
1|268
1|267
2|267
0|269
3|272
4|271
4|270
5|270
3|272
10|279
11|278
11|277
12|277
10|279
0|270
1|269
1|268
2|268
0|270
3|273
4|272
4|271
5|271
3|273
10|280
11|279
11|278
12|278
10|280
0|199
1|198
1|197
2|197
0|199
3|202
4|201
4|200
5|200
3|202
10|209
11|208
11|207
12|207
10|209
0|200
1|199
1|198
2|198
0|200
3|203
4|202
4|201
5|201
3|203
10|210
11|209
11|208
12|208
10|210
0|175
1|174
1|173
2|173
0|175
3|178
4|177
4|176
5|176
3|178
10|185
11|184
11|183
12|183
10|185
0|176
1|175
1|174
2|174
0|176
3|179
4|178
4|177
5|177
3|179
10|186
11|185
11|184
12|184
10|186
0|173
1|172
1|171
2|171
0|173
3|176
4|175
4|174
5|174
3|176
10|183
11|182
11|181
12|181
10|183
0|174
1|173
1|172
2|172
0|174
3|177
4|176
4|175
5|175
3|177
10|184
11|183
11|182
12|182
10|184
0|109
1|108
1|107
2|107
0|109
3|112
4|111
4|110
5|110
3|112
10|119
11|118
11|117
12|117
10|119
0|110
1|109
1|108
2|108
0|110
3|113
4|112
4|111
5|111
3|113
10|120
11|119
11|118
12|118
10|120
0|236
1|235
1|234
2|234
0|236
3|239
4|238
4|237
5|237
3|239
10|246
11|245
11|244
12|244
10|246
0|237
1|236
1|235
2|235
0|237
3|240
4|239
4|238
5|238
3|240
10|247
11|246
11|245
12|245
10|247
0|270
1|269
1|268
2|268
0|270
3|273
4|272
4|271
5|271
3|273
10|280
11|279
11|278
12|278
10|280
0|271
1|270
1|269
2|269
0|271
3|274
4|273
4|272
5|272
3|274
10|281
11|280
11|279
12|279
10|281
0|277
1|276
1|275
2|275
0|277
3|280
4|279
4|278
5|278
3|280
10|287
11|286
11|285
12|285
10|287
0|278
1|277
1|276
2|276
0|278
3|281
4|280
4|279
5|279
3|281
10|288
11|287
11|286
12|286
10|288
0|230
1|229
1|228
2|228
0|230
3|233
4|232
4|231
5|231
3|233
10|240
11|239
11|238
12|238
10|240
0|231
1|230
1|229
2|229
0|231
3|234
4|233
4|232
5|232
3|234
10|241
11|240
11|239
12|239
10|241
0|43
1|42
1|41
2|41
0|43
3|46
4|45
4|44
5|44
3|46
10|53
11|52
11|51
12|51
10|53
0|44
1|43
1|42
2|42
0|44
3|47
4|46
4|45
5|45
3|47
10|54
11|53
11|52
12|52
10|54
0|62
1|61
1|60
2|60
0|62
3|65
4|64
4|63
5|63
3|65
10|72
11|71
11|70
12|70
10|72
0|63
1|62
1|61
2|61
0|63
3|66
4|65
4|64
5|64
3|66
10|73
11|72
11|71
12|71
10|73
0|248
1|247
1|246
2|246
0|248
3|251
4|250
4|249
5|249
3|251
10|258
11|257
11|256
12|256
10|258
0|249
1|248
1|247
2|247
0|249
3|252
4|251
4|250
5|250
3|252
10|259
11|258
11|257
12|257
10|259
0|232
1|231
1|230
2|230
0|232
3|235
4|234
4|233
5|233
3|235
10|242
11|241
11|240
12|240
10|242
0|233
1|232
1|231
2|231
0|233
3|236
4|235
4|234
5|234
3|236
10|243
11|242
11|241
12|241
10|243
0|70
1|69
1|68
2|68
0|70
3|73
4|72
4|71
5|71
3|73
10|80
11|79
11|78
12|78
10|80
0|71
1|70
1|69
2|69
0|71
3|74
4|73
4|72
5|72
3|74
10|81
11|80
11|79
12|79
10|81
0|211
1|210
1|209
2|209
0|211
3|214
4|213
4|212
5|212
3|214
10|221
11|220
11|219
12|219
10|221
0|212
1|211
1|210
2|210
0|212
3|215
4|214
4|213
5|213
3|215
10|222
11|221
11|220
12|220
10|222
0|143
1|142
1|141
2|141
0|143
3|146
4|145
4|144
5|144
3|146
10|153
11|152
11|151
12|151
10|153
0|144
1|143
1|142
2|142
0|144
3|147
4|146
4|145
5|145
3|147
10|154
11|153
11|152
12|152
10|154
0|5
1|4
1|3
2|3
0|5
3|8
4|7
4|6
5|6
3|8
10|15
11|14
11|13
12|13
10|15
0|6
1|5
1|4
2|4
0|6
3|9
4|8
4|7
5|7
3|9
10|16
11|15
11|14
12|14
10|16
0|31
1|30
1|29
2|29
0|31
3|34
4|33
4|32
5|32
3|34
10|41
11|40
11|39
12|39
10|41
0|32
1|31
1|30
2|30
0|32
3|35
4|34
4|33
5|33
3|35
10|42
11|41
11|40
12|40
10|42
0|98
1|97
1|96
2|96
0|98
3|101
4|100
4|99
5|99
3|101
10|108
11|107
11|106
12|106
10|108
0|99
1|98
1|97
2|97
0|99
3|102
4|101
4|100
5|100
3|102
10|109
11|108
11|107
12|107
10|109
0|226
1|225
1|224
2|224
0|226
3|229
4|228
4|227
5|227
3|229
10|236
11|235
11|234
12|234
10|236
0|227
1|226
1|225
2|225
0|227
3|230
4|229
4|228
5|228
3|230
10|237
11|236
11|235
12|235
10|237
0|149
1|148
1|147
2|147
0|149
3|152
4|151
4|150
5|150
3|152
10|159
11|158
11|157
12|157
10|159
0|150
1|149
1|148
2|148
0|150
3|153
4|152
4|151
5|151
3|153
10|160
11|159
11|158
12|158
10|160
0|246
1|245
1|244
2|244
0|246
3|249
4|248
4|247
5|247
3|249
10|256
11|255
11|254
12|254
10|256
0|247
1|246
1|245
2|245
0|247
3|250
4|249
4|248
5|248
3|250
10|257
11|256
11|255
12|255
10|257
0|2
1|1
0|2
0|2
0|2
3|5
4|4
3|5
3|5
3|5
10|12
11|11
10|12
10|12
10|12
0|270
1|269
1|268
2|268
0|270
3|273
4|272
4|271
5|271
3|273
10|280
11|279
11|278
12|278
10|280
0|271
1|270
1|269
2|269
0|271
3|274
4|273
4|272
5|272
3|274
10|281
11|280
11|279
12|279
10|281
0|11
1|10
1|9
2|9
0|11
3|14
4|13
4|12
5|12
3|14
10|21
11|20
11|19
12|19
10|21
0|12
1|11
1|10
2|10
0|12
3|15
4|14
4|13
5|13
3|15
10|22
11|21
11|20
12|20
10|22
0|32
1|31
1|30
2|30
0|32
3|35
4|34
4|33
5|33
3|35
10|42
11|41
11|40
12|40
10|42
0|33
1|32
1|31
2|31
0|33
3|36
4|35
4|34
5|34
3|36
10|43
11|42
11|41
12|41
10|43
0|290
1|289
1|288
2|288
0|290
3|293
4|292
4|291
5|291
3|293
10|300
11|299
11|298
12|298
10|300
0|291
1|290
1|289
2|289
0|291
3|294
4|293
4|292
5|292
3|294
10|301
11|300
11|299
12|299
10|301
0|225
1|224
1|223
2|223
0|225
3|228
4|227
4|226
5|226
3|228
10|235
11|234
11|233
12|233
10|235
0|226
1|225
1|224
2|224
0|226
3|229
4|228
4|227
5|227
3|229
10|236
11|235
11|234
12|234
10|236
0|269
1|268
1|267
2|267
0|269
3|272
4|271
4|270
5|270
3|272
10|279
11|278
11|277
12|277
10|279
0|270
1|269
1|268
2|268
0|270
3|273
4|272
4|271
5|271
3|273
10|280
11|279
11|278
12|278
10|280
0|70
1|69
1|68
2|68
0|70
3|73
4|72
4|71
5|71
3|73
10|80
11|79
11|78
12|78
10|80
0|71
1|70
1|69
2|69
0|71
3|74
4|73
4|72
5|72
3|74
10|81
11|80
11|79
12|79
10|81
0|151
1|150
1|149
2|149
0|151
3|154
4|153
4|152
5|152
3|154
10|161
11|160
11|159
12|159
10|161
0|152
1|151
1|150
2|150
0|152
3|155
4|154
4|153
5|153
3|155
10|162
11|161
11|160
12|160
10|162
0|163
1|162
1|161
2|161
0|163
3|166
4|165
4|164
5|164
3|166
10|173
11|172
11|171
12|171
10|173
0|164
1|163
1|162
2|162
0|164
3|167
4|166
4|165
5|165
3|167
10|174
11|173
11|172
12|172
10|174
0|198
1|197
1|196
2|196
0|198
3|201
4|200
4|199
5|199
3|201
10|208
11|207
11|206
12|206
10|208
0|199
1|198
1|197
2|197
0|199
3|202
4|201
4|200
5|200
3|202
10|209
11|208
11|207
12|207
10|209
0|184
1|183
1|182
2|182
0|184
3|187
4|186
4|185
5|185
3|187
10|194
11|193
11|192
12|192
10|194
0|185
1|184
1|183
2|183
0|185
3|188
4|187
4|186
5|186
3|188
10|195
11|194
11|193
12|193
10|195
0|33
1|32
1|31
2|31
0|33
3|36
4|35
4|34
5|34
3|36
10|43
11|42
11|41
12|41
10|43
0|34
1|33
1|32
2|32
0|34
3|37
4|36
4|35
5|35
3|37
10|44
11|43
11|42
12|42
10|44
0|221
1|220
1|219
2|219
0|221
3|224
4|223
4|222
5|222
3|224
10|231
11|230
11|229
12|229
10|231
0|222
1|221
1|220
2|220
0|222
3|225
4|224
4|223
5|223
3|225
10|232
11|231
11|230
12|230
10|232
0|3
1|2
1|1
0|3
0|3
3|6
4|5
4|4
3|6
3|6
10|13
11|12
11|11
10|13
10|13
0|298
1|297
1|296
2|296
0|298
3|301
4|300
4|299
5|299
3|301
10|308
11|307
11|306
12|306
10|308
0|299
1|298
1|297
2|297
0|299
3|302
4|301
4|300
5|300
3|302
10|309
11|308
11|307
12|307
10|309
0|291
1|290
1|289
2|289
0|291
3|294
4|293
4|292
5|292
3|294
10|301
11|300
11|299
12|299
10|301
0|292
1|291
1|290
2|290
0|292
3|295
4|294
4|293
5|293
3|295
10|302
11|301
11|300
12|300
10|302
0|220
1|219
1|218
2|218
0|220
3|223
4|222
4|221
5|221
3|223
10|230
11|229
11|228
12|228
10|230
0|221
1|220
1|219
2|219
0|221
3|224
4|223
4|222
5|222
3|224
10|231
11|230
11|229
12|229
10|231
0|293
1|292
1|291
2|291
0|293
3|296
4|295
4|294
5|294
3|296
10|303
11|302
11|301
12|301
10|303
0|294
1|293
1|292
2|292
0|294
3|297
4|296
4|295
5|295
3|297
10|304
11|303
11|302
12|302
10|304
0|68
1|67
1|66
2|66
0|68
3|71
4|70
4|69
5|69
3|71
10|78
11|77
11|76
12|76
10|78
0|69
1|68
1|67
2|67
0|69
3|72
4|71
4|70
5|70
3|72
10|79
11|78
11|77
12|77
10|79
0|9
1|8
1|7
2|7
0|9
3|12
4|11
4|10
5|10
3|12
10|19
11|18
11|17
12|17
10|19
0|10
1|9
1|8
2|8
0|10
3|13
4|12
4|11
5|11
3|13
10|20
11|19
11|18
12|18
10|20
0|144
1|143
1|142
2|142
0|144
3|147
4|146
4|145
5|145
3|147
10|154
11|153
11|152
12|152
10|154
0|145
1|144
1|143
2|143
0|145
3|148
4|147
4|146
5|146
3|148
10|155
11|154
11|153
12|153
10|155
0|242
1|241
1|240
2|240
0|242
3|245
4|244
4|243
5|243
3|245
10|252
11|251
11|250
12|250
10|252
0|243
1|242
1|241
2|241
0|243
3|246
4|245
4|244
5|244
3|246
10|253
11|252
11|251
12|251
10|253
0|254
1|253
1|252
2|252
0|254
3|257
4|256
4|255
5|255
3|257
10|264
11|263
11|262
12|262
10|264
0|255
1|254
1|253
2|253
0|255
3|258
4|257
4|256
5|256
3|258
10|265
11|264
11|263
12|263
10|265
0|83
1|82
1|81
2|81
0|83
3|86
4|85
4|84
5|84
3|86
10|93
11|92
11|91
12|91
10|93
0|84
1|83
1|82
2|82
0|84
3|87
4|86
4|85
5|85
3|87
10|94
11|93
11|92
12|92
10|94
0|101
1|100
1|99
2|99
0|101
3|104
4|103
4|102
5|102
3|104
10|111
11|110
11|109
12|109
10|111
0|102
1|101
1|100
2|100
0|102
3|105
4|104
4|103
5|103
3|105
10|112
11|111
11|110
12|110
10|112
0|16
1|15
1|14
2|14
0|16
3|19
4|18
4|17
5|17
3|19
10|26
11|25
11|24
12|24
10|26
0|17
1|16
1|15
2|15
0|17
3|20
4|19
4|18
5|18
3|20
10|27
11|26
11|25
12|25
10|27
0|19
1|18
1|17
2|17
0|19
3|22
4|21
4|20
5|20
3|22
10|29
11|28
11|27
12|27
10|29
0|20
1|19
1|18
2|18
0|20
3|23
4|22
4|21
5|21
3|23
10|30
11|29
11|28
12|28
10|30
0|24
1|23
1|22
2|22
0|24
3|27
4|26
4|25
5|25
3|27
10|34
11|33
11|32
12|32
10|34
0|25
1|24
1|23
2|23
0|25
3|28
4|27
4|26
5|26
3|28
10|35
11|34
11|33
12|33
10|35
0|292
1|291
1|290
2|290
0|292
3|295
4|294
4|293
5|293
3|295
10|302
11|301
11|300
12|300
10|302
0|293
1|292
1|291
2|291
0|293
3|296
4|295
4|294
5|294
3|296
10|303
11|302
11|301
12|301
10|303
0|211
1|210
1|209
2|209
0|211
3|214
4|213
4|212
5|212
3|214
10|221
11|220
11|219
12|219
10|221
0|212
1|211
1|210
2|210
0|212
3|215
4|214
4|213
5|213
3|215
10|222
11|221
11|220
12|220
10|222
0|76
1|75
1|74
2|74
0|76
3|79
4|78
4|77
5|77
3|79
10|86
11|85
11|84
12|84
10|86
0|77
1|76
1|75
2|75
0|77
3|80
4|79
4|78
5|78
3|80
10|87
11|86
11|85
12|85
10|87
0|193
1|192
1|191
2|191
0|193
3|196
4|195
4|194
5|194
3|196
10|203
11|202
11|201
12|201
10|203
0|194
1|193
1|192
2|192
0|194
3|197
4|196
4|195
5|195
3|197
10|204
11|203
11|202
12|202
10|204
0|222
1|221
1|220
2|220
0|222
3|225
4|224
4|223
5|223
3|225
10|232
11|231
11|230
12|230
10|232
0|223
1|222
1|221
2|221
0|223
3|226
4|225
4|224
5|224
3|226
10|233
11|232
11|231
12|231
10|233
0|242
1|241
1|240
2|240
0|242
3|245
4|244
4|243
5|243
3|245
10|252
11|251
11|250
12|250
10|252
0|243
1|242
1|241
2|241
0|243
3|246
4|245
4|244
5|244
3|246
10|253
11|252
11|251
12|251
10|253
0|18
1|17
1|16
2|16
0|18
3|21
4|20
4|19
5|19
3|21
10|28
11|27
11|26
12|26
10|28
0|19
1|18
1|17
2|17
0|19
3|22
4|21
4|20
5|20
3|22
10|29
11|28
11|27
12|27
10|29
0|127
1|126
1|125
2|125
0|127
3|130
4|129
4|128
5|128
3|130
10|137
11|136
11|135
12|135
10|137
0|128
1|127
1|126
2|126
0|128
3|131
4|130
4|129
5|129
3|131
10|138
11|137
11|136
12|136
10|138
0|182
1|181
1|180
2|180
0|182
3|185
4|184
4|183
5|183
3|185
10|192
11|191
11|190
12|190
10|192
0|183
1|182
1|181
2|181
0|183
3|186
4|185
4|184
5|184
3|186
10|193
11|192
11|191
12|191
10|193
0|112
1|111
1|110
2|110
0|112
3|115
4|114
4|113
5|113
3|115
10|122
11|121
11|120
12|120
10|122
0|113
1|112
1|111
2|111
0|113
3|116
4|115
4|114
5|114
3|116
10|123
11|122
11|121
12|121
10|123
0|262
1|261
1|260
2|260
0|262
3|265
4|264
4|263
5|263
3|265
10|272
11|271
11|270
12|270
10|272
0|263
1|262
1|261
2|261
0|263
3|266
4|265
4|264
5|264
3|266
10|273
11|272
11|271
12|271
10|273
0|40
1|39
1|38
2|38
0|40
3|43
4|42
4|41
5|41
3|43
10|50
11|49
11|48
12|48
10|50
0|41
1|40
1|39
2|39
0|41
3|44
4|43
4|42
5|42
3|44
10|51
11|50
11|49
12|49
10|51
0|265
1|264
1|263
2|263
0|265
3|268
4|267
4|266
5|266
3|268
10|275
11|274
11|273
12|273
10|275
0|266
1|265
1|264
2|264
0|266
3|269
4|268
4|267
5|267
3|269
10|276
11|275
11|274
12|274
10|276
0|154
1|153
1|152
2|152
0|154
3|157
4|156
4|155
5|155
3|157
10|164
11|163
11|162
12|162
10|164
0|155
1|154
1|153
2|153
0|155
3|158
4|157
4|156
5|156
3|158
10|165
11|164
11|163
12|163
10|165
0|148
1|147
1|146
2|146
0|148
3|151
4|150
4|149
5|149
3|151
10|158
11|157
11|156
12|156
10|158
0|149
1|148
1|147
2|147
0|149
3|152
4|151
4|150
5|150
3|152
10|159
11|158
11|157
12|157
10|159
0|220
1|219
1|218
2|218
0|220
3|223
4|222
4|221
5|221
3|223
10|230
11|229
11|228
12|228
10|230
0|221
1|220
1|219
2|219
0|221
3|224
4|223
4|222
5|222
3|224
10|231
11|230
11|229
12|229
10|231
0|63
1|62
1|61
2|61
0|63
3|66
4|65
4|64
5|64
3|66
10|73
11|72
11|71
12|71
10|73
0|64
1|63
1|62
2|62
0|64
3|67
4|66
4|65
5|65
3|67
10|74
11|73
11|72
12|72
10|74
0|223
1|222
1|221
2|221
0|223
3|226
4|225
4|224
5|224
3|226
10|233
11|232
11|231
12|231
10|233
0|224
1|223
1|222
2|222
0|224
3|227
4|226
4|225
5|225
3|227
10|234
11|233
11|232
12|232
10|234
0|93
1|92
1|91
2|91
0|93
3|96
4|95
4|94
5|94
3|96
10|103
11|102
11|101
12|101
10|103
0|94
1|93
1|92
2|92
0|94
3|97
4|96
4|95
5|95
3|97
10|104
11|103
11|102
12|102
10|104
0|190
1|189
1|188
2|188
0|190
3|193
4|192
4|191
5|191
3|193
10|200
11|199
11|198
12|198
10|200
0|191
1|190
1|189
2|189
0|191
3|194
4|193
4|192
5|192
3|194
10|201
11|200
11|199
12|199
10|201
0|208
1|207
1|206
2|206
0|208
3|211
4|210
4|209
5|209
3|211
10|218
11|217
11|216
12|216
10|218
0|209
1|208
1|207
2|207
0|209
3|212
4|211
4|210
5|210
3|212
10|219
11|218
11|217
12|217
10|219
0|163
1|162
1|161
2|161
0|163
3|166
4|165
4|164
5|164
3|166
10|173
11|172
11|171
12|171
10|173
0|164
1|163
1|162
2|162
0|164
3|167
4|166
4|165
5|165
3|167
10|174
11|173
11|172
12|172
10|174
0|116
1|115
1|114
2|114
0|116
3|119
4|118
4|117
5|117
3|119
10|126
11|125
11|124
12|124
10|126
0|117
1|116
1|115
2|115
0|117
3|120
4|119
4|118
5|118
3|120
10|127
11|126
11|125
12|125
10|127
0|111
1|110
1|109
2|109
0|111
3|114
4|113
4|112
5|112
3|114
10|121
11|120
11|119
12|119
10|121
0|112
1|111
1|110
2|110
0|112
3|115
4|114
4|113
5|113
3|115
10|122
11|121
11|120
12|120
10|122
0|139
1|138
1|137
2|137
0|139
3|142
4|141
4|140
5|140
3|142
10|149
11|148
11|147
12|147
10|149
0|140
1|139
1|138
2|138
0|140
3|143
4|142
4|141
5|141
3|143
10|150
11|149
11|148
12|148
10|150
0|6
1|5
1|4
2|4
0|6
3|9
4|8
4|7
5|7
3|9
10|16
11|15
11|14
12|14
10|16
0|7
1|6
1|5
2|5
0|7
3|10
4|9
4|8
5|8
3|10
10|17
11|16
11|15
12|15
10|17
0|62
1|61
1|60
2|60
0|62
3|65
4|64
4|63
5|63
3|65
10|72
11|71
11|70
12|70
10|72
0|63
1|62
1|61
2|61
0|63
3|66
4|65
4|64
5|64
3|66
10|73
11|72
11|71
12|71
10|73
0|238
1|237
1|236
2|236
0|238
3|241
4|240
4|239
5|239
3|241
10|248
11|247
11|246
12|246
10|248
0|239
1|238
1|237
2|237
0|239
3|242
4|241
4|240
5|240
3|242
10|249
11|248
11|247
12|247
10|249
0|124
1|123
1|122
2|122
0|124
3|127
4|126
4|125
5|125
3|127
10|134
11|133
11|132
12|132
10|134
0|125
1|124
1|123
2|123
0|125
3|128
4|127
4|126
5|126
3|128
10|135
11|134
11|133
12|133
10|135
0|70
1|69
1|68
2|68
0|70
3|73
4|72
4|71
5|71
3|73
10|80
11|79
11|78
12|78
10|80
0|71
1|70
1|69
2|69
0|71
3|74
4|73
4|72
5|72
3|74
10|81
11|80
11|79
12|79
10|81
0|181
1|180
1|179
2|179
0|181
3|184
4|183
4|182
5|182
3|184
10|191
11|190
11|189
12|189
10|191
0|182
1|181
1|180
2|180
0|182
3|185
4|184
4|183
5|183
3|185
10|192
11|191
11|190
12|190
10|192
0|140
1|139
1|138
2|138
0|140
3|143
4|142
4|141
5|141
3|143
10|150
11|149
11|148
12|148
10|150
0|141
1|140
1|139
2|139
0|141
3|144
4|143
4|142
5|142
3|144
10|151
11|150
11|149
12|149
10|151
0|218
1|217
1|216
2|216
0|218
3|221
4|220
4|219
5|219
3|221
10|228
11|227
11|226
12|226
10|228
0|219
1|218
1|217
2|217
0|219
3|222
4|221
4|220
5|220
3|222
10|229
11|228
11|227
12|227
10|229
0|245
1|244
1|243
2|243
0|245
3|248
4|247
4|246
5|246
3|248
10|255
11|254
11|253
12|253
10|255
0|246
1|245
1|244
2|244
0|246
3|249
4|248
4|247
5|247
3|249
10|256
11|255
11|254
12|254
10|256
0|51
1|50
1|49
2|49
0|51
3|54
4|53
4|52
5|52
3|54
10|61
11|60
11|59
12|59
10|61
0|52
1|51
1|50
2|50
0|52
3|55
4|54
4|53
5|53
3|55
10|62
11|61
11|60
12|60
10|62
0|162
1|161
1|160
2|160
0|162
3|165
4|164
4|163
5|163
3|165
10|172
11|171
11|170
12|170
10|172
0|163
1|162
1|161
2|161
0|163
3|166
4|165
4|164
5|164
3|166
10|173
11|172
11|171
12|171
10|173
0|48
1|47
1|46
2|46
0|48
3|51
4|50
4|49
5|49
3|51
10|58
11|57
11|56
12|56
10|58
0|49
1|48
1|47
2|47
0|49
3|52
4|51
4|50
5|50
3|52
10|59
11|58
11|57
12|57
10|59
0|293
1|292
1|291
2|291
0|293
3|296
4|295
4|294
5|294
3|296
10|303
11|302
11|301
12|301
10|303
0|294
1|293
1|292
2|292
0|294
3|297
4|296
4|295
5|295
3|297
10|304
11|303
11|302
12|302
10|304
0|207
1|206
1|205
2|205
0|207
3|210
4|209
4|208
5|208
3|210
10|217
11|216
11|215
12|215
10|217
0|208
1|207
1|206
2|206
0|208
3|211
4|210
4|209
5|209
3|211
10|218
11|217
11|216
12|216
10|218
0|275
1|274
1|273
2|273
0|275
3|278
4|277
4|276
5|276
3|278
10|285
11|284
11|283
12|283
10|285
0|276
1|275
1|274
2|274
0|276
3|279
4|278
4|277
5|277
3|279
10|286
11|285
11|284
12|284
10|286
0|2
1|1
0|2
0|2
0|2
3|5
4|4
3|5
3|5
3|5
10|12
11|11
10|12
10|12
10|12
0|3
1|2
1|1
0|3
0|3
3|6
4|5
4|4
3|6
3|6
10|13
11|12
11|11
10|13
10|13
0|300
1|299
1|298
2|298
0|300
3|303
4|302
4|301
5|301
3|303
10|310
11|309
11|308
12|308
10|310
0|301
1|300
1|299
2|299
0|301
3|304
4|303
4|302
5|302
3|304
10|311
11|310
11|309
12|309
10|311
0|48
1|47
1|46
2|46
0|48
3|51
4|50
4|49
5|49
3|51
10|58
11|57
11|56
12|56
10|58
0|49
1|48
1|47
2|47
0|49
3|52
4|51
4|50
5|50
3|52
10|59
11|58
11|57
12|57
10|59
0|116
1|115
1|114
2|114
0|116
3|119
4|118
4|117
5|117
3|119
10|126
11|125
11|124
12|124
10|126
0|117
1|116
1|115
2|115
0|117
3|120
4|119
4|118
5|118
3|120
10|127
11|126
11|125
12|125
10|127
0|296
1|295
1|294
2|294
0|296
3|299
4|298
4|297
5|297
3|299
10|306
11|305
11|304
12|304
10|306
0|297
1|296
1|295
2|295
0|297
3|300
4|299
4|298
5|298
3|300
10|307
11|306
11|305
12|305
10|307
0|181
1|180
1|179
2|179
0|181
3|184
4|183
4|182
5|182
3|184
10|191
11|190
11|189
12|189
10|191
0|182
1|181
1|180
2|180
0|182
3|185
4|184
4|183
5|183
3|185
10|192
11|191
11|190
12|190
10|192
0|42
1|41
1|40
2|40
0|42
3|45
4|44
4|43
5|43
3|45
10|52
11|51
11|50
12|50
10|52
0|43
1|42
1|41
2|41
0|43
3|46
4|45
4|44
5|44
3|46
10|53
11|52
11|51
12|51
10|53
0|108
1|107
1|106
2|106
0|108
3|111
4|110
4|109
5|109
3|111
10|118
11|117
11|116
12|116
10|118
0|109
1|108
1|107
2|107
0|109
3|112
4|111
4|110
5|110
3|112
10|119
11|118
11|117
12|117
10|119
0|297
1|296
1|295
2|295
0|297
3|300
4|299
4|298
5|298
3|300
10|307
11|306
11|305
12|305
10|307
0|298
1|297
1|296
2|296
0|298
3|301
4|300
4|299
5|299
3|301
10|308
11|307
11|306
12|306
10|308
0|3
1|2
1|1
0|3
0|3
3|6
4|5
4|4
3|6
3|6
10|13
11|12
11|11
10|13
10|13
0|191
1|190
1|189
2|189
0|191
3|194
4|193
4|192
5|192
3|194
10|201
11|200
11|199
12|199
10|201
0|192
1|191
1|190
2|190
0|192
3|195
4|194
4|193
5|193
3|195
10|202
11|201
11|200
12|200
10|202
0|118
1|117
1|116
2|116
0|118
3|121
4|120
4|119
5|119
3|121
10|128
11|127
11|126
12|126
10|128
0|119
1|118
1|117
2|117
0|119
3|122
4|121
4|120
5|120
3|122
10|129
11|128
11|127
12|127
10|129
0|159
1|158
1|157
2|157
0|159
3|162
4|161
4|160
5|160
3|162
10|169
11|168
11|167
12|167
10|169
0|160
1|159
1|158
2|158
0|160
3|163
4|162
4|161
5|161
3|163
10|170
11|169
11|168
12|168
10|170
0|220
1|219
1|218
2|218
0|220
3|223
4|222
4|221
5|221
3|223
10|230
11|229
11|228
12|228
10|230
0|221
1|220
1|219
2|219
0|221
3|224
4|223
4|222
5|222
3|224
10|231
11|230
11|229
12|229
10|231
0|17
1|16
1|15
2|15
0|17
3|20
4|19
4|18
5|18
3|20
10|27
11|26
11|25
12|25
10|27
0|18
1|17
1|16
2|16
0|18
3|21
4|20
4|19
5|19
3|21
10|28
11|27
11|26
12|26
10|28
0|207
1|206
1|205
2|205
0|207
3|210
4|209
4|208
5|208
3|210
10|217
11|216
11|215
12|215
10|217
0|208
1|207
1|206
2|206
0|208
3|211
4|210
4|209
5|209
3|211
10|218
11|217
11|216
12|216
10|218
0|128
1|127
1|126
2|126
0|128
3|131
4|130
4|129
5|129
3|131
10|138
11|137
11|136
12|136
10|138
0|129
1|128
1|127
2|127
0|129
3|132
4|131
4|130
5|130
3|132
10|139
11|138
11|137
12|137
10|139
0|95
1|94
1|93
2|93
0|95
3|98
4|97
4|96
5|96
3|98
10|105
11|104
11|103
12|103
10|105
0|96
1|95
1|94
2|94
0|96
3|99
4|98
4|97
5|97
3|99
10|106
11|105
11|104
12|104
10|106
0|79
1|78
1|77
2|77
0|79
3|82
4|81
4|80
5|80
3|82
10|89
11|88
11|87
12|87
10|89
0|80
1|79
1|78
2|78
0|80
3|83
4|82
4|81
5|81
3|83
10|90
11|89
11|88
12|88
10|90
0|52
1|51
1|50
2|50
0|52
3|55
4|54
4|53
5|53
3|55
10|62
11|61
11|60
12|60
10|62
0|53
1|52
1|51
2|51
0|53
3|56
4|55
4|54
5|54
3|56
10|63
11|62
11|61
12|61
10|63
0|216
1|215
1|214
2|214
0|216
3|219
4|218
4|217
5|217
3|219
10|226
11|225
11|224
12|224
10|226
0|217
1|216
1|215
2|215
0|217
3|220
4|219
4|218
5|218
3|220
10|227
11|226
11|225
12|225
10|227
0|197
1|196
1|195
2|195
0|197
3|200
4|199
4|198
5|198
3|200
10|207
11|206
11|205
12|205
10|207
0|198
1|197
1|196
2|196
0|198
3|201
4|200
4|199
5|199
3|201
10|208
11|207
11|206
12|206
10|208
0|232
1|231
1|230
2|230
0|232
3|235
4|234
4|233
5|233
3|235
10|242
11|241
11|240
12|240
10|242
0|233
1|232
1|231
2|231
0|233
3|236
4|235
4|234
5|234
3|236
10|243
11|242
11|241
12|241
10|243
0|111
1|110
1|109
2|109
0|111
3|114
4|113
4|112
5|112
3|114
10|121
11|120
11|119
12|119
10|121
0|112
1|111
1|110
2|110
0|112
3|115
4|114
4|113
5|113
3|115
10|122
11|121
11|120
12|120
10|122
0|305
1|304
1|303
2|303
0|305
3|308
4|307
4|306
5|306
3|308
10|315
11|314
11|313
12|313
10|315
0|306
1|305
1|304
2|304
0|306
3|309
4|308
4|307
5|307
3|309
10|316
11|315
11|314
12|314
10|316
0|113
1|112
1|111
2|111
0|113
3|116
4|115
4|114
5|114
3|116
10|123
11|122
11|121
12|121
10|123
0|114
1|113
1|112
2|112
0|114
3|117
4|116
4|115
5|115
3|117
10|124
11|123
11|122
12|122
10|124
0|85
1|84
1|83
2|83
0|85
3|88
4|87
4|86
5|86
3|88
10|95
11|94
11|93
12|93
10|95
0|86
1|85
1|84
2|84
0|86
3|89
4|88
4|87
5|87
3|89
10|96
11|95
11|94
12|94
10|96
0|27
1|26
1|25
2|25
0|27
3|30
4|29
4|28
5|28
3|30
10|37
11|36
11|35
12|35
10|37
0|28
1|27
1|26
2|26
0|28
3|31
4|30
4|29
5|29
3|31
10|38
11|37
11|36
12|36
10|38
0|174
1|173
1|172
2|172
0|174
3|177
4|176
4|175
5|175
3|177
10|184
11|183
11|182
12|182
10|184
0|175
1|174
1|173
2|173
0|175
3|178
4|177
4|176
5|176
3|178
10|185
11|184
11|183
12|183
10|185
0|85
1|84
1|83
2|83
0|85
3|88
4|87
4|86
5|86
3|88
10|95
11|94
11|93
12|93
10|95
0|86
1|85
1|84
2|84
0|86
3|89
4|88
4|87
5|87
3|89
10|96
11|95
11|94
12|94
10|96
0|196
1|195
1|194
2|194
0|196
3|199
4|198
4|197
5|197
3|199
10|206
11|205
11|204
12|204
10|206
0|197
1|196
1|195
2|195
0|197
3|200
4|199
4|198
5|198
3|200
10|207
11|206
11|205
12|205
10|207
0|223
1|222
1|221
2|221
0|223
3|226
4|225
4|224
5|224
3|226
10|233
11|232
11|231
12|231
10|233
0|224
1|223
1|222
2|222
0|224
3|227
4|226
4|225
5|225
3|227
10|234
11|233
11|232
12|232
10|234
0|185
1|184
1|183
2|183
0|185
3|188
4|187
4|186
5|186
3|188
10|195
11|194
11|193
12|193
10|195
0|186
1|185
1|184
2|184
0|186
3|189
4|188
4|187
5|187
3|189
10|196
11|195
11|194
12|194
10|196
0|200
1|199
1|198
2|198
0|200
3|203
4|202
4|201
5|201
3|203
10|210
11|209
11|208
12|208
10|210
0|201
1|200
1|199
2|199
0|201
3|204
4|203
4|202
5|202
3|204
10|211
11|210
11|209
12|209
10|211
0|164
1|163
1|162
2|162
0|164
3|167
4|166
4|165
5|165
3|167
10|174
11|173
11|172
12|172
10|174
0|165
1|164
1|163
2|163
0|165
3|168
4|167
4|166
5|166
3|168
10|175
11|174
11|173
12|173
10|175
0|170
1|169
1|168
2|168
0|170
3|173
4|172
4|171
5|171
3|173
10|180
11|179
11|178
12|178
10|180
0|171
1|170
1|169
2|169
0|171
3|174
4|173
4|172
5|172
3|174
10|181
11|180
11|179
12|179
10|181
0|138
1|137
1|136
2|136
0|138
3|141
4|140
4|139
5|139
3|141
10|148
11|147
11|146
12|146
10|148
0|139
1|138
1|137
2|137
0|139
3|142
4|141
4|140
5|140
3|142
10|149
11|148
11|147
12|147
10|149
0|169
1|168
1|167
2|167
0|169
3|172
4|171
4|170
5|170
3|172
10|179
11|178
11|177
12|177
10|179
0|170
1|169
1|168
2|168
0|170
3|173
4|172
4|171
5|171
3|173
10|180
11|179
11|178
12|178
10|180
0|239
1|238
1|237
2|237
0|239
3|242
4|241
4|240
5|240
3|242
10|249
11|248
11|247
12|247
10|249
0|240
1|239
1|238
2|238
0|240
3|243
4|242
4|241
5|241
3|243
10|250
11|249
11|248
12|248
10|250
0|182
1|181
1|180
2|180
0|182
3|185
4|184
4|183
5|183
3|185
10|192
11|191
11|190
12|190
10|192
0|183
1|182
1|181
2|181
0|183
3|186
4|185
4|184
5|184
3|186
10|193
11|192
11|191
12|191
10|193
0|89
1|88
1|87
2|87
0|89
3|92
4|91
4|90
5|90
3|92
10|99
11|98
11|97
12|97
10|99
0|90
1|89
1|88
2|88
0|90
3|93
4|92
4|91
5|91
3|93
10|100
11|99
11|98
12|98
10|100
0|145
1|144
1|143
2|143
0|145
3|148
4|147
4|146
5|146
3|148
10|155
11|154
11|153
12|153
10|155
0|146
1|145
1|144
2|144
0|146
3|149
4|148
4|147
5|147
3|149
10|156
11|155
11|154
12|154
10|156
0|71
1|70
1|69
2|69
0|71
3|74
4|73
4|72
5|72
3|74
10|81
11|80
11|79
12|79
10|81
0|72
1|71
1|70
2|70
0|72
3|75
4|74
4|73
5|73
3|75
10|82
11|81
11|80
12|80
10|82
0|148
1|147
1|146
2|146
0|148
3|151
4|150
4|149
5|149
3|151
10|158
11|157
11|156
12|156
10|158
0|149
1|148
1|147
2|147
0|149
3|152
4|151
4|150
5|150
3|152
10|159
11|158
11|157
12|157
10|159
0|229
1|228
1|227
2|227
0|229
3|232
4|231
4|230
5|230
3|232
10|239
11|238
11|237
12|237
10|239
0|230
1|229
1|228
2|228
0|230
3|233
4|232
4|231
5|231
3|233
10|240
11|239
11|238
12|238
10|240
0|30
1|29
1|28
2|28
0|30
3|33
4|32
4|31
5|31
3|33
10|40
11|39
11|38
12|38
10|40
0|31
1|30
1|29
2|29
0|31
3|34
4|33
4|32
5|32
3|34
10|41
11|40
11|39
12|39
10|41
0|220
1|219
1|218
2|218
0|220
3|223
4|222
4|221
5|221
3|223
10|230
11|229
11|228
12|228
10|230
0|221
1|220
1|219
2|219
0|221
3|224
4|223
4|222
5|222
3|224
10|231
11|230
11|229
12|229
10|231
0|233
1|232
1|231
2|231
0|233
3|236
4|235
4|234
5|234
3|236
10|243
11|242
11|241
12|241
10|243
0|234
1|233
1|232
2|232
0|234
3|237
4|236
4|235
5|235
3|237
10|244
11|243
11|242
12|242
10|244
0|153
1|152
1|151
2|151
0|153
3|156
4|155
4|154
5|154
3|156
10|163
11|162
11|161
12|161
10|163
0|154
1|153
1|152
2|152
0|154
3|157
4|156
4|155
5|155
3|157
10|164
11|163
11|162
12|162
10|164
0|179
1|178
1|177
2|177
0|179
3|182
4|181
4|180
5|180
3|182
10|189
11|188
11|187
12|187
10|189
0|180
1|179
1|178
2|178
0|180
3|183
4|182
4|181
5|181
3|183
10|190
11|189
11|188
12|188
10|190
0|141
1|140
1|139
2|139
0|141
3|144
4|143
4|142
5|142
3|144
10|151
11|150
11|149
12|149
10|151
0|142
1|141
1|140
2|140
0|142
3|145
4|144
4|143
5|143
3|145
10|152
11|151
11|150
12|150
10|152
0|290
1|289
1|288
2|288
0|290
3|293
4|292
4|291
5|291
3|293
10|300
11|299
11|298
12|298
10|300
0|291
1|290
1|289
2|289
0|291
3|294
4|293
4|292
5|292
3|294
10|301
11|300
11|299
12|299
10|301
0|234
1|233
1|232
2|232
0|234
3|237
4|236
4|235
5|235
3|237
10|244
11|243
11|242
12|242
10|244
0|235
1|234
1|233
2|233
0|235
3|238
4|237
4|236
5|236
3|238
10|245
11|244
11|243
12|243
10|245
0|144
1|143
1|142
2|142
0|144
3|147
4|146
4|145
5|145
3|147
10|154
11|153
11|152
12|152
10|154
0|145
1|144
1|143
2|143
0|145
3|148
4|147
4|146
5|146
3|148
10|155
11|154
11|153
12|153
10|155
0|230
1|229
1|228
2|228
0|230
3|233
4|232
4|231
5|231
3|233
10|240
11|239
11|238
12|238
10|240
0|231
1|230
1|229
2|229
0|231
3|234
4|233
4|232
5|232
3|234
10|241
11|240
11|239
12|239
10|241
0|9
1|8
1|7
2|7
0|9
3|12
4|11
4|10
5|10
3|12
10|19
11|18
11|17
12|17
10|19
0|10
1|9
1|8
2|8
0|10
3|13
4|12
4|11
5|11
3|13
10|20
11|19
11|18
12|18
10|20
0|133
1|132
1|131
2|131
0|133
3|136
4|135
4|134
5|134
3|136
10|143
11|142
11|141
12|141
10|143
0|134
1|133
1|132
2|132
0|134
3|137
4|136
4|135
5|135
3|137
10|144
11|143
11|142
12|142
10|144
0|157
1|156
1|155
2|155
0|157
3|160
4|159
4|158
5|158
3|160
10|167
11|166
11|165
12|165
10|167
0|158
1|157
1|156
2|156
0|158
3|161
4|160
4|159
5|159
3|161
10|168
11|167
11|166
12|166
10|168
0|192
1|191
1|190
2|190
0|192
3|195
4|194
4|193
5|193
3|195
10|202
11|201
11|200
12|200
10|202
0|193
1|192
1|191
2|191
0|193
3|196
4|195
4|194
5|194
3|196
10|203
11|202
11|201
12|201
10|203
0|75
1|74
1|73
2|73
0|75
3|78
4|77
4|76
5|76
3|78
10|85
11|84
11|83
12|83
10|85
0|76
1|75
1|74
2|74
0|76
3|79
4|78
4|77
5|77
3|79
10|86
11|85
11|84
12|84
10|86
0|198
1|197
1|196
2|196
0|198
3|201
4|200
4|199
5|199
3|201
10|208
11|207
11|206
12|206
10|208
0|199
1|198
1|197
2|197
0|199
3|202
4|201
4|200
5|200
3|202
10|209
11|208
11|207
12|207
10|209
0|116
1|115
1|114
2|114
0|116
3|119
4|118
4|117
5|117
3|119
10|126
11|125
11|124
12|124
10|126
0|117
1|116
1|115
2|115
0|117
3|120
4|119
4|118
5|118
3|120
10|127
11|126
11|125
12|125
10|127
0|22
1|21
1|20
2|20
0|22
3|25
4|24
4|23
5|23
3|25
10|32
11|31
11|30
12|30
10|32
0|23
1|22
1|21
2|21
0|23
3|26
4|25
4|24
5|24
3|26
10|33
11|32
11|31
12|31
10|33
0|197
1|196
1|195
2|195
0|197
3|200
4|199
4|198
5|198
3|200
10|207
11|206
11|205
12|205
10|207
0|198
1|197
1|196
2|196
0|198
3|201
4|200
4|199
5|199
3|201
10|208
11|207
11|206
12|206
10|208
0|154
1|153
1|152
2|152
0|154
3|157
4|156
4|155
5|155
3|157
10|164
11|163
11|162
12|162
10|164
0|155
1|154
1|153
2|153
0|155
3|158
4|157
4|156
5|156
3|158
10|165
11|164
11|163
12|163
10|165
0|203
1|202
1|201
2|201
0|203
3|206
4|205
4|204
5|204
3|206
10|213
11|212
11|211
12|211
10|213
0|204
1|203
1|202
2|202
0|204
3|207
4|206
4|205
5|205
3|207
10|214
11|213
11|212
12|212
10|214
0|217
1|216
1|215
2|215
0|217
3|220
4|219
4|218
5|218
3|220
10|227
11|226
11|225
12|225
10|227
0|218
1|217
1|216
2|216
0|218
3|221
4|220
4|219
5|219
3|221
10|228
11|227
11|226
12|226
10|228
0|8
1|7
1|6
2|6
0|8
3|11
4|10
4|9
5|9
3|11
10|18
11|17
11|16
12|16
10|18
0|9
1|8
1|7
2|7
0|9
3|12
4|11
4|10
5|10
3|12
10|19
11|18
11|17
12|17
10|19
0|211
1|210
1|209
2|209
0|211
3|214
4|213
4|212
5|212
3|214
10|221
11|220
11|219
12|219
10|221
0|212
1|211
1|210
2|210
0|212
3|215
4|214
4|213
5|213
3|215
10|222
11|221
11|220
12|220
10|222
0|69
1|68
1|67
2|67
0|69
3|72
4|71
4|70
5|70
3|72
10|79
11|78
11|77
12|77
10|79
0|70
1|69
1|68
2|68
0|70
3|73
4|72
4|71
5|71
3|73
10|80
11|79
11|78
12|78
10|80
0|3
1|2
1|1
0|3
0|3
3|6
4|5
4|4
3|6
3|6
10|13
11|12
11|11
10|13
10|13
0|248
1|247
1|246
2|246
0|248
3|251
4|250
4|249
5|249
3|251
10|258
11|257
11|256
12|256
10|258
0|249
1|248
1|247
2|247
0|249
3|252
4|251
4|250
5|250
3|252
10|259
11|258
11|257
12|257
10|259
0|24
1|23
1|22
2|22
0|24
3|27
4|26
4|25
5|25
3|27
10|34
11|33
11|32
12|32
10|34
0|25
1|24
1|23
2|23
0|25
3|28
4|27
4|26
5|26
3|28
10|35
11|34
11|33
12|33
10|35
0|287
1|286
1|285
2|285
0|287
3|290
4|289
4|288
5|288
3|290
10|297
11|296
11|295
12|295
10|297
0|288
1|287
1|286
2|286
0|288
3|291
4|290
4|289
5|289
3|291
10|298
11|297
11|296
12|296
10|298
0|201
1|200
1|199
2|199
0|201
3|204
4|203
4|202
5|202
3|204
10|211
11|210
11|209
12|209
10|211
0|202
1|201
1|200
2|200
0|202
3|205
4|204
4|203
5|203
3|205
10|212
11|211
11|210
12|210
10|212
0|86
1|85
1|84
2|84
0|86
3|89
4|88
4|87
5|87
3|89
10|96
11|95
11|94
12|94
10|96
0|87
1|86
1|85
2|85
0|87
3|90
4|89
4|88
5|88
3|90
10|97
11|96
11|95
12|95
10|97
0|81
1|80
1|79
2|79
0|81
3|84
4|83
4|82
5|82
3|84
10|91
11|90
11|89
12|89
10|91
0|82
1|81
1|80
2|80
0|82
3|85
4|84
4|83
5|83
3|85
10|92
11|91
11|90
12|90
10|92
0|285
1|284
1|283
2|283
0|285
3|288
4|287
4|286
5|286
3|288
10|295
11|294
11|293
12|293
10|295
0|286
1|285
1|284
2|284
0|286
3|289
4|288
4|287
5|287
3|289
10|296
11|295
11|294
12|294
10|296
0|63
1|62
1|61
2|61
0|63
3|66
4|65
4|64
5|64
3|66
10|73
11|72
11|71
12|71
10|73
0|64
1|63
1|62
2|62
0|64
3|67
4|66
4|65
5|65
3|67
10|74
11|73
11|72
12|72
10|74
0|307
1|306
1|305
2|305
0|307
3|310
4|309
4|308
5|308
3|310
10|317
11|316
11|315
12|315
10|317
0|308
1|307
1|306
2|306
0|308
3|311
4|310
4|309
5|309
3|311
10|318
11|317
11|316
12|316
10|318
0|92
1|91
1|90
2|90
0|92
3|95
4|94
4|93
5|93
3|95
10|102
11|101
11|100
12|100
10|102
0|93
1|92
1|91
2|91
0|93
3|96
4|95
4|94
5|94
3|96
10|103
11|102
11|101
12|101
10|103
0|151
1|150
1|149
2|149
0|151
3|154
4|153
4|152
5|152
3|154
10|161
11|160
11|159
12|159
10|161
0|152
1|151
1|150
2|150
0|152
3|155
4|154
4|153
5|153
3|155
10|162
11|161
11|160
12|160
10|162
0|303
1|302
1|301
2|301
0|303
3|306
4|305
4|304
5|304
3|306
10|313
11|312
11|311
12|311
10|313
0|304
1|303
1|302
2|302
0|304
3|307
4|306
4|305
5|305
3|307
10|314
11|313
11|312
12|312
10|314
0|294
1|293
1|292
2|292
0|294
3|297
4|296
4|295
5|295
3|297
10|304
11|303
11|302
12|302
10|304
0|295
1|294
1|293
2|293
0|295
3|298
4|297
4|296
5|296
3|298
10|305
11|304
11|303
12|303
10|305
0|146
1|145
1|144
2|144
0|146
3|149
4|148
4|147
5|147
3|149
10|156
11|155
11|154
12|154
10|156
0|147
1|146
1|145
2|145
0|147
3|150
4|149
4|148
5|148
3|150
10|157
11|156
11|155
12|155
10|157
0|29
1|28
1|27
2|27
0|29
3|32
4|31
4|30
5|30
3|32
10|39
11|38
11|37
12|37
10|39
0|30
1|29
1|28
2|28
0|30
3|33
4|32
4|31
5|31
3|33
10|40
11|39
11|38
12|38
10|40
0|111
1|110
1|109
2|109
0|111
3|114
4|113
4|112
5|112
3|114
10|121
11|120
11|119
12|119
10|121
0|112
1|111
1|110
2|110
0|112
3|115
4|114
4|113
5|113
3|115
10|122
11|121
11|120
12|120
10|122
0|18
1|17
1|16
2|16
0|18
3|21
4|20
4|19
5|19
3|21
10|28
11|27
11|26
12|26
10|28
0|19
1|18
1|17
2|17
0|19
3|22
4|21
4|20
5|20
3|22
10|29
11|28
11|27
12|27
10|29
0|118
1|117
1|116
2|116
0|118
3|121
4|120
4|119
5|119
3|121
10|128
11|127
11|126
12|126
10|128
0|119
1|118
1|117
2|117
0|119
3|122
4|121
4|120
5|120
3|122
10|129
11|128
11|127
12|127
10|129
0|227
1|226
1|225
2|225
0|227
3|230
4|229
4|228
5|228
3|230
10|237
11|236
11|235
12|235
10|237
0|228
1|227
1|226
2|226
0|228
3|231
4|230
4|229
5|229
3|231
10|238
11|237
11|236
12|236
10|238
0|101
1|100
1|99
2|99
0|101
3|104
4|103
4|102
5|102
3|104
10|111
11|110
11|109
12|109
10|111
0|102
1|101
1|100
2|100
0|102
3|105
4|104
4|103
5|103
3|105
10|112
11|111
11|110
12|110
10|112
0|87
1|86
1|85
2|85
0|87
3|90
4|89
4|88
5|88
3|90
10|97
11|96
11|95
12|95
10|97
0|88
1|87
1|86
2|86
0|88
3|91
4|90
4|89
5|89
3|91
10|98
11|97
11|96
12|96
10|98
0|259
1|258
1|257
2|257
0|259
3|262
4|261
4|260
5|260
3|262
10|269
11|268
11|267
12|267
10|269
0|260
1|259
1|258
2|258
0|260
3|263
4|262
4|261
5|261
3|263
10|270
11|269
11|268
12|268
10|270
0|113
1|112
1|111
2|111
0|113
3|116
4|115
4|114
5|114
3|116
10|123
11|122
11|121
12|121
10|123
0|114
1|113
1|112
2|112
0|114
3|117
4|116
4|115
5|115
3|117
10|124
11|123
11|122
12|122
10|124
0|204
1|203
1|202
2|202
0|204
3|207
4|206
4|205
5|205
3|207
10|214
11|213
11|212
12|212
10|214
0|205
1|204
1|203
2|203
0|205
3|208
4|207
4|206
5|206
3|208
10|215
11|214
11|213
12|213
10|215
0|49
1|48
1|47
2|47
0|49
3|52
4|51
4|50
5|50
3|52
10|59
11|58
11|57
12|57
10|59
0|50
1|49
1|48
2|48
0|50
3|53
4|52
4|51
5|51
3|53
10|60
11|59
11|58
12|58
10|60
0|272
1|271
1|270
2|270
0|272
3|275
4|274
4|273
5|273
3|275
10|282
11|281
11|280
12|280
10|282
0|273
1|272
1|271
2|271
0|273
3|276
4|275
4|274
5|274
3|276
10|283
11|282
11|281
12|281
10|283
0|200
1|199
1|198
2|198
0|200
3|203
4|202
4|201
5|201
3|203
10|210
11|209
11|208
12|208
10|210
0|201
1|200
1|199
2|199
0|201
3|204
4|203
4|202
5|202
3|204
10|211
11|210
11|209
12|209
10|211
0|111
1|110
1|109
2|109
0|111
3|114
4|113
4|112
5|112
3|114
10|121
11|120
11|119
12|119
10|121
0|112
1|111
1|110
2|110
0|112
3|115
4|114
4|113
5|113
3|115
10|122
11|121
11|120
12|120
10|122
0|231
1|230
1|229
2|229
0|231
3|234
4|233
4|232
5|232
3|234
10|241
11|240
11|239
12|239
10|241
0|232
1|231
1|230
2|230
0|232
3|235
4|234
4|233
5|233
3|235
10|242
11|241
11|240
12|240
10|242
0|43
1|42
1|41
2|41
0|43
3|46
4|45
4|44
5|44
3|46
10|53
11|52
11|51
12|51
10|53
0|44
1|43
1|42
2|42
0|44
3|47
4|46
4|45
5|45
3|47
10|54
11|53
11|52
12|52
10|54
0|121
1|120
1|119
2|119
0|121
3|124
4|123
4|122
5|122
3|124
10|131
11|130
11|129
12|129
10|131
0|122
1|121
1|120
2|120
0|122
3|125
4|124
4|123
5|123
3|125
10|132
11|131
11|130
12|130
10|132
0|111
1|110
1|109
2|109
0|111
3|114
4|113
4|112
5|112
3|114
10|121
11|120
11|119
12|119
10|121
0|112
1|111
1|110
2|110
0|112
3|115
4|114
4|113
5|113
3|115
10|122
11|121
11|120
12|120
10|122
0|272
1|271
1|270
2|270
0|272
3|275
4|274
4|273
5|273
3|275
10|282
11|281
11|280
12|280
10|282
0|273
1|272
1|271
2|271
0|273
3|276
4|275
4|274
5|274
3|276
10|283
11|282
11|281
12|281
10|283
0|14
1|13
1|12
2|12
0|14
3|17
4|16
4|15
5|15
3|17
10|24
11|23
11|22
12|22
10|24
0|15
1|14
1|13
2|13
0|15
3|18
4|17
4|16
5|16
3|18
10|25
11|24
11|23
12|23
10|25
0|93
1|92
1|91
2|91
0|93
3|96
4|95
4|94
5|94
3|96
10|103
11|102
11|101
12|101
10|103
0|94
1|93
1|92
2|92
0|94
3|97
4|96
4|95
5|95
3|97
10|104
11|103
11|102
12|102
10|104
0|128
1|127
1|126
2|126
0|128
3|131
4|130
4|129
5|129
3|131
10|138
11|137
11|136
12|136
10|138
0|129
1|128
1|127
2|127
0|129
3|132
4|131
4|130
5|130
3|132
10|139
11|138
11|137
12|137
10|139
0|17
1|16
1|15
2|15
0|17
3|20
4|19
4|18
5|18
3|20
10|27
11|26
11|25
12|25
10|27
0|18
1|17
1|16
2|16
0|18
3|21
4|20
4|19
5|19
3|21
10|28
11|27
11|26
12|26
10|28
0|240
1|239
1|238
2|238
0|240
3|243
4|242
4|241
5|241
3|243
10|250
11|249
11|248
12|248
10|250
0|241
1|240
1|239
2|239
0|241
3|244
4|243
4|242
5|242
3|244
10|251
11|250
11|249
12|249
10|251
0|42
1|41
1|40
2|40
0|42
3|45
4|44
4|43
5|43
3|45
10|52
11|51
11|50
12|50
10|52
0|43
1|42
1|41
2|41
0|43
3|46
4|45
4|44
5|44
3|46
10|53
11|52
11|51
12|51
10|53
0|61
1|60
1|59
2|59
0|61
3|64
4|63
4|62
5|62
3|64
10|71
11|70
11|69
12|69
10|71
0|62
1|61
1|60
2|60
0|62
3|65
4|64
4|63
5|63
3|65
10|72
11|71
11|70
12|70
10|72
0|90
1|89
1|88
2|88
0|90
3|93
4|92
4|91
5|91
3|93
10|100
11|99
11|98
12|98
10|100
0|91
1|90
1|89
2|89
0|91
3|94
4|93
4|92
5|92
3|94
10|101
11|100
11|99
12|99
10|101
0|86
1|85
1|84
2|84
0|86
3|89
4|88
4|87
5|87
3|89
10|96
11|95
11|94
12|94
10|96
0|87
1|86
1|85
2|85
0|87
3|90
4|89
4|88
5|88
3|90
10|97
11|96
11|95
12|95
10|97
0|136
1|135
1|134
2|134
0|136
3|139
4|138
4|137
5|137
3|139
10|146
11|145
11|144
12|144
10|146
0|137
1|136
1|135
2|135
0|137
3|140
4|139
4|138
5|138
3|140
10|147
11|146
11|145
12|145
10|147
0|255
1|254
1|253
2|253
0|255
3|258
4|257
4|256
5|256
3|258
10|265
11|264
11|263
12|263
10|265
0|256
1|255
1|254
2|254
0|256
3|259
4|258
4|257
5|257
3|259
10|266
11|265
11|264
12|264
10|266
0|241
1|240
1|239
2|239
0|241
3|244
4|243
4|242
5|242
3|244
10|251
11|250
11|249
12|249
10|251
0|242
1|241
1|240
2|240
0|242
3|245
4|244
4|243
5|243
3|245
10|252
11|251
11|250
12|250
10|252
0|119
1|118
1|117
2|117
0|119
3|122
4|121
4|120
5|120
3|122
10|129
11|128
11|127
12|127
10|129
0|120
1|119
1|118
2|118
0|120
3|123
4|122
4|121
5|121
3|123
10|130
11|129
11|128
12|128
10|130
0|262
1|261
1|260
2|260
0|262
3|265
4|264
4|263
5|263
3|265
10|272
11|271
11|270
12|270
10|272
0|263
1|262
1|261
2|261
0|263
3|266
4|265
4|264
5|264
3|266
10|273
11|272
11|271
12|271
10|273
0|128
1|127
1|126
2|126
0|128
3|131
4|130
4|129
5|129
3|131
10|138
11|137
11|136
12|136
10|138
0|129
1|128
1|127
2|127
0|129
3|132
4|131
4|130
5|130
3|132
10|139
11|138
11|137
12|137
10|139
0|257
1|256
1|255
2|255
0|257
3|260
4|259
4|258
5|258
3|260
10|267
11|266
11|265
12|265
10|267
0|258
1|257
1|256
2|256
0|258
3|261
4|260
4|259
5|259
3|261
10|268
11|267
11|266
12|266
10|268
0|58
1|57
1|56
2|56
0|58
3|61
4|60
4|59
5|59
3|61
10|68
11|67
11|66
12|66
10|68
0|59
1|58
1|57
2|57
0|59
3|62
4|61
4|60
5|60
3|62
10|69
11|68
11|67
12|67
10|69
0|242
1|241
1|240
2|240
0|242
3|245
4|244
4|243
5|243
3|245
10|252
11|251
11|250
12|250
10|252
0|243
1|242
1|241
2|241
0|243
3|246
4|245
4|244
5|244
3|246
10|253
11|252
11|251
12|251
10|253
0|145
1|144
1|143
2|143
0|145
3|148
4|147
4|146
5|146
3|148
10|155
11|154
11|153
12|153
10|155
0|146
1|145
1|144
2|144
0|146
3|149
4|148
4|147
5|147
3|149
10|156
11|155
11|154
12|154
10|156
0|234
1|233
1|232
2|232
0|234
3|237
4|236
4|235
5|235
3|237
10|244
11|243
11|242
12|242
10|244
0|235
1|234
1|233
2|233
0|235
3|238
4|237
4|236
5|236
3|238
10|245
11|244
11|243
12|243
10|245
0|144
1|143
1|142
2|142
0|144
3|147
4|146
4|145
5|145
3|147
10|154
11|153
11|152
12|152
10|154
0|145
1|144
1|143
2|143
0|145
3|148
4|147
4|146
5|146
3|148
10|155
11|154
11|153
12|153
10|155
0|55
1|54
1|53
2|53
0|55
3|58
4|57
4|56
5|56
3|58
10|65
11|64
11|63
12|63
10|65
0|56
1|55
1|54
2|54
0|56
3|59
4|58
4|57
5|57
3|59
10|66
11|65
11|64
12|64
10|66
0|30
1|29
1|28
2|28
0|30
3|33
4|32
4|31
5|31
3|33
10|40
11|39
11|38
12|38
10|40
0|31
1|30
1|29
2|29
0|31
3|34
4|33
4|32
5|32
3|34
10|41
11|40
11|39
12|39
10|41
0|8
1|7
1|6
2|6
0|8
3|11
4|10
4|9
5|9
3|11
10|18
11|17
11|16
12|16
10|18
0|9
1|8
1|7
2|7
0|9
3|12
4|11
4|10
5|10
3|12
10|19
11|18
11|17
12|17
10|19
0|84
1|83
1|82
2|82
0|84
3|87
4|86
4|85
5|85
3|87
10|94
11|93
11|92
12|92
10|94
0|85
1|84
1|83
2|83
0|85
3|88
4|87
4|86
5|86
3|88
10|95
11|94
11|93
12|93
10|95
0|104
1|103
1|102
2|102
0|104
3|107
4|106
4|105
5|105
3|107
10|114
11|113
11|112
12|112
10|114
0|105
1|104
1|103
2|103
0|105
3|108
4|107
4|106
5|106
3|108
10|115
11|114
11|113
12|113
10|115
0|96
1|95
1|94
2|94
0|96
3|99
4|98
4|97
5|97
3|99
10|106
11|105
11|104
12|104
10|106
0|97
1|96
1|95
2|95
0|97
3|100
4|99
4|98
5|98
3|100
10|107
11|106
11|105
12|105
10|107
0|136
1|135
1|134
2|134
0|136
3|139
4|138
4|137
5|137
3|139
10|146
11|145
11|144
12|144
10|146
0|137
1|136
1|135
2|135
0|137
3|140
4|139
4|138
5|138
3|140
10|147
11|146
11|145
12|145
10|147
0|142
1|141
1|140
2|140
0|142
3|145
4|144
4|143
5|143
3|145
10|152
11|151
11|150
12|150
10|152
0|143
1|142
1|141
2|141
0|143
3|146
4|145
4|144
5|144
3|146
10|153
11|152
11|151
12|151
10|153
0|53
1|52
1|51
2|51
0|53
3|56
4|55
4|54
5|54
3|56
10|63
11|62
11|61
12|61
10|63
0|54
1|53
1|52
2|52
0|54
3|57
4|56
4|55
5|55
3|57
10|64
11|63
11|62
12|62
10|64
0|182
1|181
1|180
2|180
0|182
3|185
4|184
4|183
5|183
3|185
10|192
11|191
11|190
12|190
10|192
0|183
1|182
1|181
2|181
0|183
3|186
4|185
4|184
5|184
3|186
10|193
11|192
11|191
12|191
10|193
0|3
1|2
1|1
0|3
0|3
3|6
4|5
4|4
3|6
3|6
10|13
11|12
11|11
10|13
10|13
0|221
1|220
1|219
2|219
0|221
3|224
4|223
4|222
5|222
3|224
10|231
11|230
11|229
12|229
10|231
0|222
1|221
1|220
2|220
0|222
3|225
4|224
4|223
5|223
3|225
10|232
11|231
11|230
12|230
10|232
0|8
1|7
1|6
2|6
0|8
3|11
4|10
4|9
5|9
3|11
10|18
11|17
11|16
12|16
10|18
0|9
1|8
1|7
2|7
0|9
3|12
4|11
4|10
5|10
3|12
10|19
11|18
11|17
12|17
10|19
0|238
1|237
1|236
2|236
0|238
3|241
4|240
4|239
5|239
3|241
10|248
11|247
11|246
12|246
10|248
0|239
1|238
1|237
2|237
0|239
3|242
4|241
4|240
5|240
3|242
10|249
11|248
11|247
12|247
10|249
0|239
1|238
1|237
2|237
0|239
3|242
4|241
4|240
5|240
3|242
10|249
11|248
11|247
12|247
10|249
0|240
1|239
1|238
2|238
0|240
3|243
4|242
4|241
5|241
3|243
10|250
11|249
11|248
12|248
10|250
0|182
1|181
1|180
2|180
0|182
3|185
4|184
4|183
5|183
3|185
10|192
11|191
11|190
12|190
10|192
0|183
1|182
1|181
2|181
0|183
3|186
4|185
4|184
5|184
3|186
10|193
11|192
11|191
12|191
10|193
0|169
1|168
1|167
2|167
0|169
3|172
4|171
4|170
5|170
3|172
10|179
11|178
11|177
12|177
10|179
0|170
1|169
1|168
2|168
0|170
3|173
4|172
4|171
5|171
3|173
10|180
11|179
11|178
12|178
10|180
0|3
1|2
1|1
0|3
0|3
3|6
4|5
4|4
3|6
3|6
10|13
11|12
11|11
10|13
10|13
0|4
1|3
1|2
2|2
0|4
3|7
4|6
4|5
5|5
3|7
10|14
11|13
11|12
12|12
10|14
0|42
1|41
1|40
2|40
0|42
3|45
4|44
4|43
5|43
3|45
10|52
11|51
11|50
12|50
10|52
0|43
1|42
1|41
2|41
0|43
3|46
4|45
4|44
5|44
3|46
10|53
11|52
11|51
12|51
10|53
0|21
1|20
1|19
2|19
0|21
3|24
4|23
4|22
5|22
3|24
10|31
11|30
11|29
12|29
10|31
0|22
1|21
1|20
2|20
0|22
3|25
4|24
4|23
5|23
3|25
10|32
11|31
11|30
12|30
10|32
0|122
1|121
1|120
2|120
0|122
3|125
4|124
4|123
5|123
3|125
10|132
11|131
11|130
12|130
10|132
0|123
1|122
1|121
2|121
0|123
3|126
4|125
4|124
5|124
3|126
10|133
11|132
11|131
12|131
10|133
0|11
1|10
1|9
2|9
0|11
3|14
4|13
4|12
5|12
3|14
10|21
11|20
11|19
12|19
10|21
0|12
1|11
1|10
2|10
0|12
3|15
4|14
4|13
5|13
3|15
10|22
11|21
11|20
12|20
10|22
0|67
1|66
1|65
2|65
0|67
3|70
4|69
4|68
5|68
3|70
10|77
11|76
11|75
12|75
10|77
0|68
1|67
1|66
2|66
0|68
3|71
4|70
4|69
5|69
3|71
10|78
11|77
11|76
12|76
10|78
0|13
1|12
1|11
2|11
0|13
3|16
4|15
4|14
5|14
3|16
10|23
11|22
11|21
12|21
10|23
0|14
1|13
1|12
2|12
0|14
3|17
4|16
4|15
5|15
3|17
10|24
11|23
11|22
12|22
10|24
0|226
1|225
1|224
2|224
0|226
3|229
4|228
4|227
5|227
3|229
10|236
11|235
11|234
12|234
10|236
0|227
1|226
1|225
2|225
0|227
3|230
4|229
4|228
5|228
3|230
10|237
11|236
11|235
12|235
10|237
0|35
1|34
1|33
2|33
0|35
3|38
4|37
4|36
5|36
3|38
10|45
11|44
11|43
12|43
10|45
0|36
1|35
1|34
2|34
0|36
3|39
4|38
4|37
5|37
3|39
10|46
11|45
11|44
12|44
10|46
0|86
1|85
1|84
2|84
0|86
3|89
4|88
4|87
5|87
3|89
10|96
11|95
11|94
12|94
10|96
0|87
1|86
1|85
2|85
0|87
3|90
4|89
4|88
5|88
3|90
10|97
11|96
11|95
12|95
10|97
0|226
1|225
1|224
2|224
0|226
3|229
4|228
4|227
5|227
3|229
10|236
11|235
11|234
12|234
10|236
0|227
1|226
1|225
2|225
0|227
3|230
4|229
4|228
5|228
3|230
10|237
11|236
11|235
12|235
10|237
0|219
1|218
1|217
2|217
0|219
3|222
4|221
4|220
5|220
3|222
10|229
11|228
11|227
12|227
10|229
0|220
1|219
1|218
2|218
0|220
3|223
4|222
4|221
5|221
3|223
10|230
11|229
11|228
12|228
10|230
0|67
1|66
1|65
2|65
0|67
3|70
4|69
4|68
5|68
3|70
10|77
11|76
11|75
12|75
10|77
0|68
1|67
1|66
2|66
0|68
3|71
4|70
4|69
5|69
3|71
10|78
11|77
11|76
12|76
10|78
0|174
1|173
1|172
2|172
0|174
3|177
4|176
4|175
5|175
3|177
10|184
11|183
11|182
12|182
10|184
0|175
1|174
1|173
2|173
0|175
3|178
4|177
4|176
5|176
3|178
10|185
11|184
11|183
12|183
10|185
0|18
1|17
1|16
2|16
0|18
3|21
4|20
4|19
5|19
3|21
10|28
11|27
11|26
12|26
10|28
0|19
1|18
1|17
2|17
0|19
3|22
4|21
4|20
5|20
3|22
10|29
11|28
11|27
12|27
10|29
0|143
1|142
1|141
2|141
0|143
3|146
4|145
4|144
5|144
3|146
10|153
11|152
11|151
12|151
10|153
0|144
1|143
1|142
2|142
0|144
3|147
4|146
4|145
5|145
3|147
10|154
11|153
11|152
12|152
10|154
0|150
1|149
1|148
2|148
0|150
3|153
4|152
4|151
5|151
3|153
10|160
11|159
11|158
12|158
10|160
0|151
1|150
1|149
2|149
0|151
3|154
4|153
4|152
5|152
3|154
10|161
11|160
11|159
12|159
10|161
0|216
1|215
1|214
2|214
0|216
3|219
4|218
4|217
5|217
3|219
10|226
11|225
11|224
12|224
10|226
0|217
1|216
1|215
2|215
0|217
3|220
4|219
4|218
5|218
3|220
10|227
11|226
11|225
12|225
10|227
0|8
1|7
1|6
2|6
0|8
3|11
4|10
4|9
5|9
3|11
10|18
11|17
11|16
12|16
10|18
0|9
1|8
1|7
2|7
0|9
3|12
4|11
4|10
5|10
3|12
10|19
11|18
11|17
12|17
10|19
0|282
1|281
1|280
2|280
0|282
3|285
4|284
4|283
5|283
3|285
10|292
11|291
11|290
12|290
10|292
0|283
1|282
1|281
2|281
0|283
3|286
4|285
4|284
5|284
3|286
10|293
11|292
11|291
12|291
10|293
0|38
1|37
1|36
2|36
0|38
3|41
4|40
4|39
5|39
3|41
10|48
11|47
11|46
12|46
10|48
0|39
1|38
1|37
2|37
0|39
3|42
4|41
4|40
5|40
3|42
10|49
11|48
11|47
12|47
10|49
0|107
1|106
1|105
2|105
0|107
3|110
4|109
4|108
5|108
3|110
10|117
11|116
11|115
12|115
10|117
0|108
1|107
1|106
2|106
0|108
3|111
4|110
4|109
5|109
3|111
10|118
11|117
11|116
12|116
10|118
0|250
1|249
1|248
2|248
0|250
3|253
4|252
4|251
5|251
3|253
10|260
11|259
11|258
12|258
10|260
0|251
1|250
1|249
2|249
0|251
3|254
4|253
4|252
5|252
3|254
10|261
11|260
11|259
12|259
10|261
0|13
1|12
1|11
2|11
0|13
3|16
4|15
4|14
5|14
3|16
10|23
11|22
11|21
12|21
10|23
0|14
1|13
1|12
2|12
0|14
3|17
4|16
4|15
5|15
3|17
10|24
11|23
11|22
12|22
10|24
0|81
1|80
1|79
2|79
0|81
3|84
4|83
4|82
5|82
3|84
10|91
11|90
11|89
12|89
10|91
0|82
1|81
1|80
2|80
0|82
3|85
4|84
4|83
5|83
3|85
10|92
11|91
11|90
12|90
10|92
0|188
1|187
1|186
2|186
0|188
3|191
4|190
4|189
5|189
3|191
10|198
11|197
11|196
12|196
10|198
0|189
1|188
1|187
2|187
0|189
3|192
4|191
4|190
5|190
3|192
10|199
11|198
11|197
12|197
10|199
0|119
1|118
1|117
2|117
0|119
3|122
4|121
4|120
5|120
3|122
10|129
11|128
11|127
12|127
10|129
0|120
1|119
1|118
2|118
0|120
3|123
4|122
4|121
5|121
3|123
10|130
11|129
11|128
12|128
10|130
0|120
1|119
1|118
2|118
0|120
3|123
4|122
4|121
5|121
3|123
10|130
11|129
11|128
12|128
10|130
0|121
1|120
1|119
2|119
0|121
3|124
4|123
4|122
5|122
3|124
10|131
11|130
11|129
12|129
10|131
0|245
1|244
1|243
2|243
0|245
3|248
4|247
4|246
5|246
3|248
10|255
11|254
11|253
12|253
10|255
0|246
1|245
1|244
2|244
0|246
3|249
4|248
4|247
5|247
3|249
10|256
11|255
11|254
12|254
10|256
0|7
1|6
1|5
2|5
0|7
3|10
4|9
4|8
5|8
3|10
10|17
11|16
11|15
12|15
10|17
0|8
1|7
1|6
2|6
0|8
3|11
4|10
4|9
5|9
3|11
10|18
11|17
11|16
12|16
10|18
0|200
1|199
1|198
2|198
0|200
3|203
4|202
4|201
5|201
3|203
10|210
11|209
11|208
12|208
10|210
0|201
1|200
1|199
2|199
0|201
3|204
4|203
4|202
5|202
3|204
10|211
11|210
11|209
12|209
10|211
0|91
1|90
1|89
2|89
0|91
3|94
4|93
4|92
5|92
3|94
10|101
11|100
11|99
12|99
10|101
0|92
1|91
1|90
2|90
0|92
3|95
4|94
4|93
5|93
3|95
10|102
11|101
11|100
12|100
10|102
0|178
1|177
1|176
2|176
0|178
3|181
4|180
4|179
5|179
3|181
10|188
11|187
11|186
12|186
10|188
0|179
1|178
1|177
2|177
0|179
3|182
4|181
4|180
5|180
3|182
10|189
11|188
11|187
12|187
10|189
0|151
1|150
1|149
2|149
0|151
3|154
4|153
4|152
5|152
3|154
10|161
11|160
11|159
12|159
10|161
0|152
1|151
1|150
2|150
0|152
3|155
4|154
4|153
5|153
3|155
10|162
11|161
11|160
12|160
10|162
0|67
1|66
1|65
2|65
0|67
3|70
4|69
4|68
5|68
3|70
10|77
11|76
11|75
12|75
10|77
0|68
1|67
1|66
2|66
0|68
3|71
4|70
4|69
5|69
3|71
10|78
11|77
11|76
12|76
10|78
0|64
1|63
1|62
2|62
0|64
3|67
4|66
4|65
5|65
3|67
10|74
11|73
11|72
12|72
10|74
0|65
1|64
1|63
2|63
0|65
3|68
4|67
4|66
5|66
3|68
10|75
11|74
11|73
12|73
10|75
0|268
1|267
1|266
2|266
0|268
3|271
4|270
4|269
5|269
3|271
10|278
11|277
11|276
12|276
10|278
0|269
1|268
1|267
2|267
0|269
3|272
4|271
4|270
5|270
3|272
10|279
11|278
11|277
12|277
10|279
0|280
1|279
1|278
2|278
0|280
3|283
4|282
4|281
5|281
3|283
10|290
11|289
11|288
12|288
10|290
0|281
1|280
1|279
2|279
0|281
3|284
4|283
4|282
5|282
3|284
10|291
11|290
11|289
12|289
10|291
0|100
1|99
1|98
2|98
0|100
3|103
4|102
4|101
5|101
3|103
10|110
11|109
11|108
12|108
10|110
0|101
1|100
1|99
2|99
0|101
3|104
4|103
4|102
5|102
3|104
10|111
11|110
11|109
12|109
10|111
0|28
1|27
1|26
2|26
0|28
3|31
4|30
4|29
5|29
3|31
10|38
11|37
11|36
12|36
10|38
0|29
1|28
1|27
2|27
0|29
3|32
4|31
4|30
5|30
3|32
10|39
11|38
11|37
12|37
10|39
0|252
1|251
1|250
2|250
0|252
3|255
4|254
4|253
5|253
3|255
10|262
11|261
11|260
12|260
10|262
0|253
1|252
1|251
2|251
0|253
3|256
4|255
4|254
5|254
3|256
10|263
11|262
11|261
12|261
10|263
0|289
1|288
1|287
2|287
0|289
3|292
4|291
4|290
5|290
3|292
10|299
11|298
11|297
12|297
10|299
0|290
1|289
1|288
2|288
0|290
3|293
4|292
4|291
5|291
3|293
10|300
11|299
11|298
12|298
10|300
0|309
1|308
1|307
2|307
0|309
3|312
4|311
4|310
5|310
3|312
10|319
11|318
11|317
12|317
10|319
0|310
1|309
1|308
2|308
0|310
3|313
4|312
4|311
5|311
3|313
10|320
11|319
11|318
12|318
10|320
0|191
1|190
1|189
2|189
0|191
3|194
4|193
4|192
5|192
3|194
10|201
11|200
11|199
12|199
10|201
0|192
1|191
1|190
2|190
0|192
3|195
4|194
4|193
5|193
3|195
10|202
11|201
11|200
12|200
10|202
0|306
1|305
1|304
2|304
0|306
3|309
4|308
4|307
5|307
3|309
10|316
11|315
11|314
12|314
10|316
0|307
1|306
1|305
2|305
0|307
3|310
4|309
4|308
5|308
3|310
10|317
11|316
11|315
12|315
10|317
0|94
1|93
1|92
2|92
0|94
3|97
4|96
4|95
5|95
3|97
10|104
11|103
11|102
12|102
10|104
0|95
1|94
1|93
2|93
0|95
3|98
4|97
4|96
5|96
3|98
10|105
11|104
11|103
12|103
10|105
0|266
1|265
1|264
2|264
0|266
3|269
4|268
4|267
5|267
3|269
10|276
11|275
11|274
12|274
10|276
0|267
1|266
1|265
2|265
0|267
3|270
4|269
4|268
5|268
3|270
10|277
11|276
11|275
12|275
10|277
0|163
1|162
1|161
2|161
0|163
3|166
4|165
4|164
5|164
3|166
10|173
11|172
11|171
12|171
10|173
0|164
1|163
1|162
2|162
0|164
3|167
4|166
4|165
5|165
3|167
10|174
11|173
11|172
12|172
10|174
0|186
1|185
1|184
2|184
0|186
3|189
4|188
4|187
5|187
3|189
10|196
11|195
11|194
12|194
10|196
0|187
1|186
1|185
2|185
0|187
3|190
4|189
4|188
5|188
3|190
10|197
11|196
11|195
12|195
10|197
0|3
1|2
1|1
0|3
0|3
3|6
4|5
4|4
3|6
3|6
10|13
11|12
11|11
10|13
10|13
0|85
1|84
1|83
2|83
0|85
3|88
4|87
4|86
5|86
3|88
10|95
11|94
11|93
12|93
10|95
0|86
1|85
1|84
2|84
0|86
3|89
4|88
4|87
5|87
3|89
10|96
11|95
11|94
12|94
10|96
0|264
1|263
1|262
2|262
0|264
3|267
4|266
4|265
5|265
3|267
10|274
11|273
11|272
12|272
10|274
0|265
1|264
1|263
2|263
0|265
3|268
4|267
4|266
5|266
3|268
10|275
11|274
11|273
12|273
10|275
0|297
1|296
1|295
2|295
0|297
3|300
4|299
4|298
5|298
3|300
10|307
11|306
11|305
12|305
10|307
0|298
1|297
1|296
2|296
0|298
3|301
4|300
4|299
5|299
3|301
10|308
11|307
11|306
12|306
10|308
0|154
1|153
1|152
2|152
0|154
3|157
4|156
4|155
5|155
3|157
10|164
11|163
11|162
12|162
10|164
0|155
1|154
1|153
2|153
0|155
3|158
4|157
4|156
5|156
3|158
10|165
11|164
11|163
12|163
10|165
0|272
1|271
1|270
2|270
0|272
3|275
4|274
4|273
5|273
3|275
10|282
11|281
11|280
12|280
10|282
0|273
1|272
1|271
2|271
0|273
3|276
4|275
4|274
5|274
3|276
10|283
11|282
11|281
12|281
10|283
0|41
1|40
1|39
2|39
0|41
3|44
4|43
4|42
5|42
3|44
10|51
11|50
11|49
12|49
10|51
0|42
1|41
1|40
2|40
0|42
3|45
4|44
4|43
5|43
3|45
10|52
11|51
11|50
12|50
10|52
0|269
1|268
1|267
2|267
0|269
3|272
4|271
4|270
5|270
3|272
10|279
11|278
11|277
12|277
10|279
0|270
1|269
1|268
2|268
0|270
3|273
4|272
4|271
5|271
3|273
10|280
11|279
11|278
12|278
10|280
0|90
1|89
1|88
2|88
0|90
3|93
4|92
4|91
5|91
3|93
10|100
11|99
11|98
12|98
10|100
0|91
1|90
1|89
2|89
0|91
3|94
4|93
4|92
5|92
3|94
10|101
11|100
11|99
12|99
10|101
0|247
1|246
1|245
2|245
0|247
3|250
4|249
4|248
5|248
3|250
10|257
11|256
11|255
12|255
10|257
0|248
1|247
1|246
2|246
0|248
3|251
4|250
4|249
5|249
3|251
10|258
11|257
11|256
12|256
10|258
0|193
1|192
1|191
2|191
0|193
3|196
4|195
4|194
5|194
3|196
10|203
11|202
11|201
12|201
10|203
0|194
1|193
1|192
2|192
0|194
3|197
4|196
4|195
5|195
3|197
10|204
11|203
11|202
12|202
10|204
0|252
1|251
1|250
2|250
0|252
3|255
4|254
4|253
5|253
3|255
10|262
11|261
11|260
12|260
10|262
0|253
1|252
1|251
2|251
0|253
3|256
4|255
4|254
5|254
3|256
10|263
11|262
11|261
12|261
10|263
0|211
1|210
1|209
2|209
0|211
3|214
4|213
4|212
5|212
3|214
10|221
11|220
11|219
12|219
10|221
0|212
1|211
1|210
2|210
0|212
3|215
4|214
4|213
5|213
3|215
10|222
11|221
11|220
12|220
10|222
0|283
1|282
1|281
2|281
0|283
3|286
4|285
4|284
5|284
3|286
10|293
11|292
11|291
12|291
10|293
0|284
1|283
1|282
2|282
0|284
3|287
4|286
4|285
5|285
3|287
10|294
11|293
11|292
12|292
10|294
0|257
1|256
1|255
2|255
0|257
3|260
4|259
4|258
5|258
3|260
10|267
11|266
11|265
12|265
10|267
0|258
1|257
1|256
2|256
0|258
3|261
4|260
4|259
5|259
3|261
10|268
11|267
11|266
12|266
10|268
0|303
1|302
1|301
2|301
0|303
3|306
4|305
4|304
5|304
3|306
10|313
11|312
11|311
12|311
10|313
0|304
1|303
1|302
2|302
0|304
3|307
4|306
4|305
5|305
3|307
10|314
11|313
11|312
12|312
10|314
0|162
1|161
1|160
2|160
0|162
3|165
4|164
4|163
5|163
3|165
10|172
11|171
11|170
12|170
10|172
0|163
1|162
1|161
2|161
0|163
3|166
4|165
4|164
5|164
3|166
10|173
11|172
11|171
12|171
10|173
0|47
1|46
1|45
2|45
0|47
3|50
4|49
4|48
5|48
3|50
10|57
11|56
11|55
12|55
10|57
0|48
1|47
1|46
2|46
0|48
3|51
4|50
4|49
5|49
3|51
10|58
11|57
11|56
12|56
10|58
0|183
1|182
1|181
2|181
0|183
3|186
4|185
4|184
5|184
3|186
10|193
11|192
11|191
12|191
10|193
0|184
1|183
1|182
2|182
0|184
3|187
4|186
4|185
5|185
3|187
10|194
11|193
11|192
12|192
10|194
0|201
1|200
1|199
2|199
0|201
3|204
4|203
4|202
5|202
3|204
10|211
11|210
11|209
12|209
10|211
0|202
1|201
1|200
2|200
0|202
3|205
4|204
4|203
5|203
3|205
10|212
11|211
11|210
12|210
10|212
0|136
1|135
1|134
2|134
0|136
3|139
4|138
4|137
5|137
3|139
10|146
11|145
11|144
12|144
10|146
0|137
1|136
1|135
2|135
0|137
3|140
4|139
4|138
5|138
3|140
10|147
11|146
11|145
12|145
10|147
0|150
1|149
1|148
2|148
0|150
3|153
4|152
4|151
5|151
3|153
10|160
11|159
11|158
12|158
10|160
0|151
1|150
1|149
2|149
0|151
3|154
4|153
4|152
5|152
3|154
10|161
11|160
11|159
12|159
10|161
0|275
1|274
1|273
2|273
0|275
3|278
4|277
4|276
5|276
3|278
10|285
11|284
11|283
12|283
10|285
0|276
1|275
1|274
2|274
0|276
3|279
4|278
4|277
5|277
3|279
10|286
11|285
11|284
12|284
10|286
0|232
1|231
1|230
2|230
0|232
3|235
4|234
4|233
5|233
3|235
10|242
11|241
11|240
12|240
10|242
0|233
1|232
1|231
2|231
0|233
3|236
4|235
4|234
5|234
3|236
10|243
11|242
11|241
12|241
10|243
0|265
1|264
1|263
2|263
0|265
3|268
4|267
4|266
5|266
3|268
10|275
11|274
11|273
12|273
10|275
0|266
1|265
1|264
2|264
0|266
3|269
4|268
4|267
5|267
3|269
10|276
11|275
11|274
12|274
10|276
0|132
1|131
1|130
2|130
0|132
3|135
4|134
4|133
5|133
3|135
10|142
11|141
11|140
12|140
10|142
0|133
1|132
1|131
2|131
0|133
3|136
4|135
4|134
5|134
3|136
10|143
11|142
11|141
12|141
10|143
0|112
1|111
1|110
2|110
0|112
3|115
4|114
4|113
5|113
3|115
10|122
11|121
11|120
12|120
10|122
0|113
1|112
1|111
2|111
0|113
3|116
4|115
4|114
5|114
3|116
10|123
11|122
11|121
12|121
10|123
0|15
1|14
1|13
2|13
0|15
3|18
4|17
4|16
5|16
3|18
10|25
11|24
11|23
12|23
10|25
0|16
1|15
1|14
2|14
0|16
3|19
4|18
4|17
5|17
3|19
10|26
11|25
11|24
12|24
10|26
0|211
1|210
1|209
2|209
0|211
3|214
4|213
4|212
5|212
3|214
10|221
11|220
11|219
12|219
10|221
0|212
1|211
1|210
2|210
0|212
3|215
4|214
4|213
5|213
3|215
10|222
11|221
11|220
12|220
10|222
0|283
1|282
1|281
2|281
0|283
3|286
4|285
4|284
5|284
3|286
10|293
11|292
11|291
12|291
10|293
0|284
1|283
1|282
2|282
0|284
3|287
4|286
4|285
5|285
3|287
10|294
11|293
11|292
12|292
10|294
0|74
1|73
1|72
2|72
0|74
3|77
4|76
4|75
5|75
3|77
10|84
11|83
11|82
12|82
10|84
0|75
1|74
1|73
2|73
0|75
3|78
4|77
4|76
5|76
3|78
10|85
11|84
11|83
12|83
10|85
0|211
1|210
1|209
2|209
0|211
3|214
4|213
4|212
5|212
3|214
10|221
11|220
11|219
12|219
10|221
0|212
1|211
1|210
2|210
0|212
3|215
4|214
4|213
5|213
3|215
10|222
11|221
11|220
12|220
10|222
0|222
1|221
1|220
2|220
0|222
3|225
4|224
4|223
5|223
3|225
10|232
11|231
11|230
12|230
10|232
0|223
1|222
1|221
2|221
0|223
3|226
4|225
4|224
5|224
3|226
10|233
11|232
11|231
12|231
10|233
0|261
1|260
1|259
2|259
0|261
3|264
4|263
4|262
5|262
3|264
10|271
11|270
11|269
12|269
10|271
0|262
1|261
1|260
2|260
0|262
3|265
4|264
4|263
5|263
3|265
10|272
11|271
11|270
12|270
10|272
0|86
1|85
1|84
2|84
0|86
3|89
4|88
4|87
5|87
3|89
10|96
11|95
11|94
12|94
10|96
0|87
1|86
1|85
2|85
0|87
3|90
4|89
4|88
5|88
3|90
10|97
11|96
11|95
12|95
10|97
0|71
1|70
1|69
2|69
0|71
3|74
4|73
4|72
5|72
3|74
10|81
11|80
11|79
12|79
10|81
0|72
1|71
1|70
2|70
0|72
3|75
4|74
4|73
5|73
3|75
10|82
11|81
11|80
12|80
10|82
0|262
1|261
1|260
2|260
0|262
3|265
4|264
4|263
5|263
3|265
10|272
11|271
11|270
12|270
10|272
0|263
1|262
1|261
2|261
0|263
3|266
4|265
4|264
5|264
3|266
10|273
11|272
11|271
12|271
10|273
0|17
1|16
1|15
2|15
0|17
3|20
4|19
4|18
5|18
3|20
10|27
11|26
11|25
12|25
10|27
0|18
1|17
1|16
2|16
0|18
3|21
4|20
4|19
5|19
3|21
10|28
11|27
11|26
12|26
10|28
0|139
1|138
1|137
2|137
0|139
3|142
4|141
4|140
5|140
3|142
10|149
11|148
11|147
12|147
10|149
0|140
1|139
1|138
2|138
0|140
3|143
4|142
4|141
5|141
3|143
10|150
11|149
11|148
12|148
10|150
0|77
1|76
1|75
2|75
0|77
3|80
4|79
4|78
5|78
3|80
10|87
11|86
11|85
12|85
10|87
0|78
1|77
1|76
2|76
0|78
3|81
4|80
4|79
5|79
3|81
10|88
11|87
11|86
12|86
10|88
0|193
1|192
1|191
2|191
0|193
3|196
4|195
4|194
5|194
3|196
10|203
11|202
11|201
12|201
10|203
0|194
1|193
1|192
2|192
0|194
3|197
4|196
4|195
5|195
3|197
10|204
11|203
11|202
12|202
10|204
0|197
1|196
1|195
2|195
0|197
3|200
4|199
4|198
5|198
3|200
10|207
11|206
11|205
12|205
10|207
0|198
1|197
1|196
2|196
0|198
3|201
4|200
4|199
5|199
3|201
10|208
11|207
11|206
12|206
10|208
0|51
1|50
1|49
2|49
0|51
3|54
4|53
4|52
5|52
3|54
10|61
11|60
11|59
12|59
10|61
0|52
1|51
1|50
2|50
0|52
3|55
4|54
4|53
5|53
3|55
10|62
11|61
11|60
12|60
10|62
0|237
1|236
1|235
2|235
0|237
3|240
4|239
4|238
5|238
3|240
10|247
11|246
11|245
12|245
10|247
0|238
1|237
1|236
2|236
0|238
3|241
4|240
4|239
5|239
3|241
10|248
11|247
11|246
12|246
10|248
0|7
1|6
1|5
2|5
0|7
3|10
4|9
4|8
5|8
3|10
10|17
11|16
11|15
12|15
10|17
0|8
1|7
1|6
2|6
0|8
3|11
4|10
4|9
5|9
3|11
10|18
11|17
11|16
12|16
10|18
0|184
1|183
1|182
2|182
0|184
3|187
4|186
4|185
5|185
3|187
10|194
11|193
11|192
12|192
10|194
0|185
1|184
1|183
2|183
0|185
3|188
4|187
4|186
5|186
3|188
10|195
11|194
11|193
12|193
10|195
0|24
1|23
1|22
2|22
0|24
3|27
4|26
4|25
5|25
3|27
10|34
11|33
11|32
12|32
10|34
0|25
1|24
1|23
2|23
0|25
3|28
4|27
4|26
5|26
3|28
10|35
11|34
11|33
12|33
10|35
0|212
1|211
1|210
2|210
0|212
3|215
4|214
4|213
5|213
3|215
10|222
11|221
11|220
12|220
10|222
0|213
1|212
1|211
2|211
0|213
3|216
4|215
4|214
5|214
3|216
10|223
11|222
11|221
12|221
10|223
0|309
1|308
1|307
2|307
0|309
3|312
4|311
4|310
5|310
3|312
10|319
11|318
11|317
12|317
10|319
0|310
1|309
1|308
2|308
0|310
3|313
4|312
4|311
5|311
3|313
10|320
11|319
11|318
12|318
10|320
0|284
1|283
1|282
2|282
0|284
3|287
4|286
4|285
5|285
3|287
10|294
11|293
11|292
12|292
10|294
0|285
1|284
1|283
2|283
0|285
3|288
4|287
4|286
5|286
3|288
10|295
11|294
11|293
12|293
10|295
0|56
1|55
1|54
2|54
0|56
3|59
4|58
4|57
5|57
3|59
10|66
11|65
11|64
12|64
10|66
0|57
1|56
1|55
2|55
0|57
3|60
4|59
4|58
5|58
3|60
10|67
11|66
11|65
12|65
10|67
0|201
1|200
1|199
2|199
0|201
3|204
4|203
4|202
5|202
3|204
10|211
11|210
11|209
12|209
10|211
0|202
1|201
1|200
2|200
0|202
3|205
4|204
4|203
5|203
3|205
10|212
11|211
11|210
12|210
10|212
0|119
1|118
1|117
2|117
0|119
3|122
4|121
4|120
5|120
3|122
10|129
11|128
11|127
12|127
10|129
0|120
1|119
1|118
2|118
0|120
3|123
4|122
4|121
5|121
3|123
10|130
11|129
11|128
12|128
10|130
0|51
1|50
1|49
2|49
0|51
3|54
4|53
4|52
5|52
3|54
10|61
11|60
11|59
12|59
10|61
0|52
1|51
1|50
2|50
0|52
3|55
4|54
4|53
5|53
3|55
10|62
11|61
11|60
12|60
10|62
0|42
1|41
1|40
2|40
0|42
3|45
4|44
4|43
5|43
3|45
10|52
11|51
11|50
12|50
10|52
0|43
1|42
1|41
2|41
0|43
3|46
4|45
4|44
5|44
3|46
10|53
11|52
11|51
12|51
10|53
0|251
1|250
1|249
2|249
0|251
3|254
4|253
4|252
5|252
3|254
10|261
11|260
11|259
12|259
10|261
0|252
1|251
1|250
2|250
0|252
3|255
4|254
4|253
5|253
3|255
10|262
11|261
11|260
12|260
10|262
0|51
1|50
1|49
2|49
0|51
3|54
4|53
4|52
5|52
3|54
10|61
11|60
11|59
12|59
10|61
0|52
1|51
1|50
2|50
0|52
3|55
4|54
4|53
5|53
3|55
10|62
11|61
11|60
12|60
10|62
0|192
1|191
1|190
2|190
0|192
3|195
4|194
4|193
5|193
3|195
10|202
11|201
11|200
12|200
10|202
0|193
1|192
1|191
2|191
0|193
3|196
4|195
4|194
5|194
3|196
10|203
11|202
11|201
12|201
10|203
0|66
1|65
1|64
2|64
0|66
3|69
4|68
4|67
5|67
3|69
10|76
11|75
11|74
12|74
10|76
0|67
1|66
1|65
2|65
0|67
3|70
4|69
4|68
5|68
3|70
10|77
11|76
11|75
12|75
10|77
0|303
1|302
1|301
2|301
0|303
3|306
4|305
4|304
5|304
3|306
10|313
11|312
11|311
12|311
10|313
0|304
1|303
1|302
2|302
0|304
3|307
4|306
4|305
5|305
3|307
10|314
11|313
11|312
12|312
10|314
0|3
1|2
1|1
0|3
0|3
3|6
4|5
4|4
3|6
3|6
10|13
11|12
11|11
10|13
10|13
0|4
1|3
1|2
2|2
0|4
3|7
4|6
4|5
5|5
3|7
10|14
11|13
11|12
12|12
10|14
0|9
1|8
1|7
2|7
0|9
3|12
4|11
4|10
5|10
3|12
10|19
11|18
11|17
12|17
10|19
0|10
1|9
1|8
2|8
0|10
3|13
4|12
4|11
5|11
3|13
10|20
11|19
11|18
12|18
10|20
0|297
1|296
1|295
2|295
0|297
3|300
4|299
4|298
5|298
3|300
10|307
11|306
11|305
12|305
10|307
0|298
1|297
1|296
2|296
0|298
3|301
4|300
4|299
5|299
3|301
10|308
11|307
11|306
12|306
10|308
0|274
1|273
1|272
2|272
0|274
3|277
4|276
4|275
5|275
3|277
10|284
11|283
11|282
12|282
10|284
0|275
1|274
1|273
2|273
0|275
3|278
4|277
4|276
5|276
3|278
10|285
11|284
11|283
12|283
10|285
0|3
1|2
1|1
0|3
0|3
3|6
4|5
4|4
3|6
3|6
10|13
11|12
11|11
10|13
10|13
0|256
1|255
1|254
2|254
0|256
3|259
4|258
4|257
5|257
3|259
10|266
11|265
11|264
12|264
10|266
0|257
1|256
1|255
2|255
0|257
3|260
4|259
4|258
5|258
3|260
10|267
11|266
11|265
12|265
10|267
0|78
1|77
1|76
2|76
0|78
3|81
4|80
4|79
5|79
3|81
10|88
11|87
11|86
12|86
10|88
0|79
1|78
1|77
2|77
0|79
3|82
4|81
4|80
5|80
3|82
10|89
11|88
11|87
12|87
10|89
0|108
1|107
1|106
2|106
0|108
3|111
4|110
4|109
5|109
3|111
10|118
11|117
11|116
12|116
10|118
0|109
1|108
1|107
2|107
0|109
3|112
4|111
4|110
5|110
3|112
10|119
11|118
11|117
12|117
10|119
0|275
1|274
1|273
2|273
0|275
3|278
4|277
4|276
5|276
3|278
10|285
11|284
11|283
12|283
10|285
0|276
1|275
1|274
2|274
0|276
3|279
4|278
4|277
5|277
3|279
10|286
11|285
11|284
12|284
10|286
0|24
1|23
1|22
2|22
0|24
3|27
4|26
4|25
5|25
3|27
10|34
11|33
11|32
12|32
10|34
0|25
1|24
1|23
2|23
0|25
3|28
4|27
4|26
5|26
3|28
10|35
11|34
11|33
12|33
10|35
0|303
1|302
1|301
2|301
0|303
3|306
4|305
4|304
5|304
3|306
10|313
11|312
11|311
12|311
10|313
0|304
1|303
1|302
2|302
0|304
3|307
4|306
4|305
5|305
3|307
10|314
11|313
11|312
12|312
10|314
0|173
1|172
1|171
2|171
0|173
3|176
4|175
4|174
5|174
3|176
10|183
11|182
11|181
12|181
10|183
0|174
1|173
1|172
2|172
0|174
3|177
4|176
4|175
5|175
3|177
10|184
11|183
11|182
12|182
10|184
0|211
1|210
1|209
2|209
0|211
3|214
4|213
4|212
5|212
3|214
10|221
11|220
11|219
12|219
10|221
0|212
1|211
1|210
2|210
0|212
3|215
4|214
4|213
5|213
3|215
10|222
11|221
11|220
12|220
10|222
0|278
1|277
1|276
2|276
0|278
3|281
4|280
4|279
5|279
3|281
10|288
11|287
11|286
12|286
10|288
0|279
1|278
1|277
2|277
0|279
3|282
4|281
4|280
5|280
3|282
10|289
11|288
11|287
12|287
10|289
0|162
1|161
1|160
2|160
0|162
3|165
4|164
4|163
5|163
3|165
10|172
11|171
11|170
12|170
10|172
0|163
1|162
1|161
2|161
0|163
3|166
4|165
4|164
5|164
3|166
10|173
11|172
11|171
12|171
10|173
0|111
1|110
1|109
2|109
0|111
3|114
4|113
4|112
5|112
3|114
10|121
11|120
11|119
12|119
10|121
0|112
1|111
1|110
2|110
0|112
3|115
4|114
4|113
5|113
3|115
10|122
11|121
11|120
12|120
10|122
0|25
1|24
1|23
2|23
0|25
3|28
4|27
4|26
5|26
3|28
10|35
11|34
11|33
12|33
10|35
0|26
1|25
1|24
2|24
0|26
3|29
4|28
4|27
5|27
3|29
10|36
11|35
11|34
12|34
10|36
0|234
1|233
1|232
2|232
0|234
3|237
4|236
4|235
5|235
3|237
10|244
11|243
11|242
12|242
10|244
0|235
1|234
1|233
2|233
0|235
3|238
4|237
4|236
5|236
3|238
10|245
11|244
11|243
12|243
10|245
0|209
1|208
1|207
2|207
0|209
3|212
4|211
4|210
5|210
3|212
10|219
11|218
11|217
12|217
10|219
0|210
1|209
1|208
2|208
0|210
3|213
4|212
4|211
5|211
3|213
10|220
11|219
11|218
12|218
10|220
0|219
1|218
1|217
2|217
0|219
3|222
4|221
4|220
5|220
3|222
10|229
11|228
11|227
12|227
10|229
0|220
1|219
1|218
2|218
0|220
3|223
4|222
4|221
5|221
3|223
10|230
11|229
11|228
12|228
10|230
0|29
1|28
1|27
2|27
0|29
3|32
4|31
4|30
5|30
3|32
10|39
11|38
11|37
12|37
10|39
0|30
1|29
1|28
2|28
0|30
3|33
4|32
4|31
5|31
3|33
10|40
11|39
11|38
12|38
10|40
0|217
1|216
1|215
2|215
0|217
3|220
4|219
4|218
5|218
3|220
10|227
11|226
11|225
12|225
10|227
0|218
1|217
1|216
2|216
0|218
3|221
4|220
4|219
5|219
3|221
10|228
11|227
11|226
12|226
10|228
0|52
1|51
1|50
2|50
0|52
3|55
4|54
4|53
5|53
3|55
10|62
11|61
11|60
12|60
10|62
0|53
1|52
1|51
2|51
0|53
3|56
4|55
4|54
5|54
3|56
10|63
11|62
11|61
12|61
10|63
0|214
1|213
1|212
2|212
0|214
3|217
4|216
4|215
5|215
3|217
10|224
11|223
11|222
12|222
10|224
0|215
1|214
1|213
2|213
0|215
3|218
4|217
4|216
5|216
3|218
10|225
11|224
11|223
12|223
10|225
0|89
1|88
1|87
2|87
0|89
3|92
4|91
4|90
5|90
3|92
10|99
11|98
11|97
12|97
10|99
0|90
1|89
1|88
2|88
0|90
3|93
4|92
4|91
5|91
3|93
10|100
11|99
11|98
12|98
10|100
0|274
1|273
1|272
2|272
0|274
3|277
4|276
4|275
5|275
3|277
10|284
11|283
11|282
12|282
10|284
0|275
1|274
1|273
2|273
0|275
3|278
4|277
4|276
5|276
3|278
10|285
11|284
11|283
12|283
10|285
0|186
1|185
1|184
2|184
0|186
3|189
4|188
4|187
5|187
3|189
10|196
11|195
11|194
12|194
10|196
0|187
1|186
1|185
2|185
0|187
3|190
4|189
4|188
5|188
3|190
10|197
11|196
11|195
12|195
10|197
0|194
1|193
1|192
2|192
0|194
3|197
4|196
4|195
5|195
3|197
10|204
11|203
11|202
12|202
10|204
0|195
1|194
1|193
2|193
0|195
3|198
4|197
4|196
5|196
3|198
10|205
11|204
11|203
12|203
10|205
0|40
1|39
1|38
2|38
0|40
3|43
4|42
4|41
5|41
3|43
10|50
11|49
11|48
12|48
10|50
0|41
1|40
1|39
2|39
0|41
3|44
4|43
4|42
5|42
3|44
10|51
11|50
11|49
12|49
10|51
0|220
1|219
1|218
2|218
0|220
3|223
4|222
4|221
5|221
3|223
10|230
11|229
11|228
12|228
10|230
0|221
1|220
1|219
2|219
0|221
3|224
4|223
4|222
5|222
3|224
10|231
11|230
11|229
12|229
10|231
0|188
1|187
1|186
2|186
0|188
3|191
4|190
4|189
5|189
3|191
10|198
11|197
11|196
12|196
10|198
0|189
1|188
1|187
2|187
0|189
3|192
4|191
4|190
5|190
3|192
10|199
11|198
11|197
12|197
10|199
0|296
1|295
1|294
2|294
0|296
3|299
4|298
4|297
5|297
3|299
10|306
11|305
11|304
12|304
10|306
0|297
1|296
1|295
2|295
0|297
3|300
4|299
4|298
5|298
3|300
10|307
11|306
11|305
12|305
10|307
0|10
1|9
1|8
2|8
0|10
3|13
4|12
4|11
5|11
3|13
10|20
11|19
11|18
12|18
10|20
0|11
1|10
1|9
2|9
0|11
3|14
4|13
4|12
5|12
3|14
10|21
11|20
11|19
12|19
10|21
0|220
1|219
1|218
2|218
0|220
3|223
4|222
4|221
5|221
3|223
10|230
11|229
11|228
12|228
10|230
0|221
1|220
1|219
2|219
0|221
3|224
4|223
4|222
5|222
3|224
10|231
11|230
11|229
12|229
10|231
0|202
1|201
1|200
2|200
0|202
3|205
4|204
4|203
5|203
3|205
10|212
11|211
11|210
12|210
10|212
0|203
1|202
1|201
2|201
0|203
3|206
4|205
4|204
5|204
3|206
10|213
11|212
11|211
12|211
10|213
0|72
1|71
1|70
2|70
0|72
3|75
4|74
4|73
5|73
3|75
10|82
11|81
11|80
12|80
10|82
0|73
1|72
1|71
2|71
0|73
3|76
4|75
4|74
5|74
3|76
10|83
11|82
11|81
12|81
10|83
0|58
1|57
1|56
2|56
0|58
3|61
4|60
4|59
5|59
3|61
10|68
11|67
11|66
12|66
10|68
0|59
1|58
1|57
2|57
0|59
3|62
4|61
4|60
5|60
3|62
10|69
11|68
11|67
12|67
10|69
0|293
1|292
1|291
2|291
0|293
3|296
4|295
4|294
5|294
3|296
10|303
11|302
11|301
12|301
10|303
0|294
1|293
1|292
2|292
0|294
3|297
4|296
4|295
5|295
3|297
10|304
11|303
11|302
12|302
10|304
0|135
1|134
1|133
2|133
0|135
3|138
4|137
4|136
5|136
3|138
10|145
11|144
11|143
12|143
10|145
0|136
1|135
1|134
2|134
0|136
3|139
4|138
4|137
5|137
3|139
10|146
11|145
11|144
12|144
10|146
0|190
1|189
1|188
2|188
0|190
3|193
4|192
4|191
5|191
3|193
10|200
11|199
11|198
12|198
10|200
0|191
1|190
1|189
2|189
0|191
3|194
4|193
4|192
5|192
3|194
10|201
11|200
11|199
12|199
10|201
0|117
1|116
1|115
2|115
0|117
3|120
4|119
4|118
5|118
3|120
10|127
11|126
11|125
12|125
10|127
0|118
1|117
1|116
2|116
0|118
3|121
4|120
4|119
5|119
3|121
10|128
11|127
11|126
12|126
10|128
0|113
1|112
1|111
2|111
0|113
3|116
4|115
4|114
5|114
3|116
10|123
11|122
11|121
12|121
10|123
0|114
1|113
1|112
2|112
0|114
3|117
4|116
4|115
5|115
3|117
10|124
11|123
11|122
12|122
10|124
0|205
1|204
1|203
2|203
0|205
3|208
4|207
4|206
5|206
3|208
10|215
11|214
11|213
12|213
10|215
0|206
1|205
1|204
2|204
0|206
3|209
4|208
4|207
5|207
3|209
10|216
11|215
11|214
12|214
10|216
0|262
1|261
1|260
2|260
0|262
3|265
4|264
4|263
5|263
3|265
10|272
11|271
11|270
12|270
10|272
0|263
1|262
1|261
2|261
0|263
3|266
4|265
4|264
5|264
3|266
10|273
11|272
11|271
12|271
10|273
0|178
1|177
1|176
2|176
0|178
3|181
4|180
4|179
5|179
3|181
10|188
11|187
11|186
12|186
10|188
0|179
1|178
1|177
2|177
0|179
3|182
4|181
4|180
5|180
3|182
10|189
11|188
11|187
12|187
10|189
0|47
1|46
1|45
2|45
0|47
3|50
4|49
4|48
5|48
3|50
10|57
11|56
11|55
12|55
10|57
0|48
1|47
1|46
2|46
0|48
3|51
4|50
4|49
5|49
3|51
10|58
11|57
11|56
12|56
10|58
0|299
1|298
1|297
2|297
0|299
3|302
4|301
4|300
5|300
3|302
10|309
11|308
11|307
12|307
10|309
0|300
1|299
1|298
2|298
0|300
3|303
4|302
4|301
5|301
3|303
10|310
11|309
11|308
12|308
10|310
0|38
1|37
1|36
2|36
0|38
3|41
4|40
4|39
5|39
3|41
10|48
11|47
11|46
12|46
10|48
0|39
1|38
1|37
2|37
0|39
3|42
4|41
4|40
5|40
3|42
10|49
11|48
11|47
12|47
10|49
0|102
1|101
1|100
2|100
0|102
3|105
4|104
4|103
5|103
3|105
10|112
11|111
11|110
12|110
10|112
0|103
1|102
1|101
2|101
0|103
3|106
4|105
4|104
5|104
3|106
10|113
11|112
11|111
12|111
10|113
0|45
1|44
1|43
2|43
0|45
3|48
4|47
4|46
5|46
3|48
10|55
11|54
11|53
12|53
10|55
0|46
1|45
1|44
2|44
0|46
3|49
4|48
4|47
5|47
3|49
10|56
11|55
11|54
12|54
10|56
0|209
1|208
1|207
2|207
0|209
3|212
4|211
4|210
5|210
3|212
10|219
11|218
11|217
12|217
10|219
0|210
1|209
1|208
2|208
0|210
3|213
4|212
4|211
5|211
3|213
10|220
11|219
11|218
12|218
10|220
0|228
1|227
1|226
2|226
0|228
3|231
4|230
4|229
5|229
3|231
10|238
11|237
11|236
12|236
10|238
0|229
1|228
1|227
2|227
0|229
3|232
4|231
4|230
5|230
3|232
10|239
11|238
11|237
12|237
10|239
0|217
1|216
1|215
2|215
0|217
3|220
4|219
4|218
5|218
3|220
10|227
11|226
11|225
12|225
10|227
0|218
1|217
1|216
2|216
0|218
3|221
4|220
4|219
5|219
3|221
10|228
11|227
11|226
12|226
10|228
0|280
1|279
1|278
2|278
0|280
3|283
4|282
4|281
5|281
3|283
10|290
11|289
11|288
12|288
10|290
0|281
1|280
1|279
2|279
0|281
3|284
4|283
4|282
5|282
3|284
10|291
11|290
11|289
12|289
10|291
0|145
1|144
1|143
2|143
0|145
3|148
4|147
4|146
5|146
3|148
10|155
11|154
11|153
12|153
10|155
0|146
1|145
1|144
2|144
0|146
3|149
4|148
4|147
5|147
3|149
10|156
11|155
11|154
12|154
10|156
0|3
1|2
1|1
0|3
0|3
3|6
4|5
4|4
3|6
3|6
10|13
11|12
11|11
10|13
10|13
0|217
1|216
1|215
2|215
0|217
3|220
4|219
4|218
5|218
3|220
10|227
11|226
11|225
12|225
10|227
0|218
1|217
1|216
2|216
0|218
3|221
4|220
4|219
5|219
3|221
10|228
11|227
11|226
12|226
10|228
0|228
1|227
1|226
2|226
0|228
3|231
4|230
4|229
5|229
3|231
10|238
11|237
11|236
12|236
10|238
0|229
1|228
1|227
2|227
0|229
3|232
4|231
4|230
5|230
3|232
10|239
11|238
11|237
12|237
10|239
0|117
1|116
1|115
2|115
0|117
3|120
4|119
4|118
5|118
3|120
10|127
11|126
11|125
12|125
10|127
0|118
1|117
1|116
2|116
0|118
3|121
4|120
4|119
5|119
3|121
10|128
11|127
11|126
12|126
10|128
0|216
1|215
1|214
2|214
0|216
3|219
4|218
4|217
5|217
3|219
10|226
11|225
11|224
12|224
10|226
0|217
1|216
1|215
2|215
0|217
3|220
4|219
4|218
5|218
3|220
10|227
11|226
11|225
12|225
10|227
0|242
1|241
1|240
2|240
0|242
3|245
4|244
4|243
5|243
3|245
10|252
11|251
11|250
12|250
10|252
0|243
1|242
1|241
2|241
0|243
3|246
4|245
4|244
5|244
3|246
10|253
11|252
11|251
12|251
10|253
0|238
1|237
1|236
2|236
0|238
3|241
4|240
4|239
5|239
3|241
10|248
11|247
11|246
12|246
10|248
0|239
1|238
1|237
2|237
0|239
3|242
4|241
4|240
5|240
3|242
10|249
11|248
11|247
12|247
10|249
0|253
1|252
1|251
2|251
0|253
3|256
4|255
4|254
5|254
3|256
10|263
11|262
11|261
12|261
10|263
0|254
1|253
1|252
2|252
0|254
3|257
4|256
4|255
5|255
3|257
10|264
11|263
11|262
12|262
10|264
0|271
1|270
1|269
2|269
0|271
3|274
4|273
4|272
5|272
3|274
10|281
11|280
11|279
12|279
10|281
0|272
1|271
1|270
2|270
0|272
3|275
4|274
4|273
5|273
3|275
10|282
11|281
11|280
12|280
10|282
0|243
1|242
1|241
2|241
0|243
3|246
4|245
4|244
5|244
3|246
10|253
11|252
11|251
12|251
10|253
0|244
1|243
1|242
2|242
0|244
3|247
4|246
4|245
5|245
3|247
10|254
11|253
11|252
12|252
10|254
0|119
1|118
1|117
2|117
0|119
3|122
4|121
4|120
5|120
3|122
10|129
11|128
11|127
12|127
10|129
0|120
1|119
1|118
2|118
0|120
3|123
4|122
4|121
5|121
3|123
10|130
11|129
11|128
12|128
10|130
0|235
1|234
1|233
2|233
0|235
3|238
4|237
4|236
5|236
3|238
10|245
11|244
11|243
12|243
10|245
0|236
1|235
1|234
2|234
0|236
3|239
4|238
4|237
5|237
3|239
10|246
11|245
11|244
12|244
10|246
0|112
1|111
1|110
2|110
0|112
3|115
4|114
4|113
5|113
3|115
10|122
11|121
11|120
12|120
10|122
0|113
1|112
1|111
2|111
0|113
3|116
4|115
4|114
5|114
3|116
10|123
11|122
11|121
12|121
10|123
0|249
1|248
1|247
2|247
0|249
3|252
4|251
4|250
5|250
3|252
10|259
11|258
11|257
12|257
10|259
0|250
1|249
1|248
2|248
0|250
3|253
4|252
4|251
5|251
3|253
10|260
11|259
11|258
12|258
10|260
0|153
1|152
1|151
2|151
0|153
3|156
4|155
4|154
5|154
3|156
10|163
11|162
11|161
12|161
10|163
0|154
1|153
1|152
2|152
0|154
3|157
4|156
4|155
5|155
3|157
10|164
11|163
11|162
12|162
10|164
0|248
1|247
1|246
2|246
0|248
3|251
4|250
4|249
5|249
3|251
10|258
11|257
11|256
12|256
10|258
0|249
1|248
1|247
2|247
0|249
3|252
4|251
4|250
5|250
3|252
10|259
11|258
11|257
12|257
10|259
0|284
1|283
1|282
2|282
0|284
3|287
4|286
4|285
5|285
3|287
10|294
11|293
11|292
12|292
10|294
0|285
1|284
1|283
2|283
0|285
3|288
4|287
4|286
5|286
3|288
10|295
11|294
11|293
12|293
10|295
0|29
1|28
1|27
2|27
0|29
3|32
4|31
4|30
5|30
3|32
10|39
11|38
11|37
12|37
10|39
0|30
1|29
1|28
2|28
0|30
3|33
4|32
4|31
5|31
3|33
10|40
11|39
11|38
12|38
10|40
0|30
1|29
1|28
2|28
0|30
3|33
4|32
4|31
5|31
3|33
10|40
11|39
11|38
12|38
10|40
0|31
1|30
1|29
2|29
0|31
3|34
4|33
4|32
5|32
3|34
10|41
11|40
11|39
12|39
10|41
0|156
1|155
1|154
2|154
0|156
3|159
4|158
4|157
5|157
3|159
10|166
11|165
11|164
12|164
10|166
0|157
1|156
1|155
2|155
0|157
3|160
4|159
4|158
5|158
3|160
10|167
11|166
11|165
12|165
10|167
0|127
1|126
1|125
2|125
0|127
3|130
4|129
4|128
5|128
3|130
10|137
11|136
11|135
12|135
10|137
0|128
1|127
1|126
2|126
0|128
3|131
4|130
4|129
5|129
3|131
10|138
11|137
11|136
12|136
10|138
0|31
1|30
1|29
2|29
0|31
3|34
4|33
4|32
5|32
3|34
10|41
11|40
11|39
12|39
10|41
0|32
1|31
1|30
2|30
0|32
3|35
4|34
4|33
5|33
3|35
10|42
11|41
11|40
12|40
10|42
0|77
1|76
1|75
2|75
0|77
3|80
4|79
4|78
5|78
3|80
10|87
11|86
11|85
12|85
10|87
0|78
1|77
1|76
2|76
0|78
3|81
4|80
4|79
5|79
3|81
10|88
11|87
11|86
12|86
10|88
0|203
1|202
1|201
2|201
0|203
3|206
4|205
4|204
5|204
3|206
10|213
11|212
11|211
12|211
10|213
0|204
1|203
1|202
2|202
0|204
3|207
4|206
4|205
5|205
3|207
10|214
11|213
11|212
12|212
10|214
0|134
1|133
1|132
2|132
0|134
3|137
4|136
4|135
5|135
3|137
10|144
11|143
11|142
12|142
10|144
0|135
1|134
1|133
2|133
0|135
3|138
4|137
4|136
5|136
3|138
10|145
11|144
11|143
12|143
10|145
0|305
1|304
1|303
2|303
0|305
3|308
4|307
4|306
5|306
3|308
10|315
11|314
11|313
12|313
10|315
0|306
1|305
1|304
2|304
0|306
3|309
4|308
4|307
5|307
3|309
10|316
11|315
11|314
12|314
10|316
0|140
1|139
1|138
2|138
0|140
3|143
4|142
4|141
5|141
3|143
10|150
11|149
11|148
12|148
10|150
0|141
1|140
1|139
2|139
0|141
3|144
4|143
4|142
5|142
3|144
10|151
11|150
11|149
12|149
10|151
0|123
1|122
1|121
2|121
0|123
3|126
4|125
4|124
5|124
3|126
10|133
11|132
11|131
12|131
10|133
0|124
1|123
1|122
2|122
0|124
3|127
4|126
4|125
5|125
3|127
10|134
11|133
11|132
12|132
10|134
0|36
1|35
1|34
2|34
0|36
3|39
4|38
4|37
5|37
3|39
10|46
11|45
11|44
12|44
10|46
0|37
1|36
1|35
2|35
0|37
3|40
4|39
4|38
5|38
3|40
10|47
11|46
11|45
12|45
10|47
0|25
1|24
1|23
2|23
0|25
3|28
4|27
4|26
5|26
3|28
10|35
11|34
11|33
12|33
10|35
0|26
1|25
1|24
2|24
0|26
3|29
4|28
4|27
5|27
3|29
10|36
11|35
11|34
12|34
10|36
0|156
1|155
1|154
2|154
0|156
3|159
4|158
4|157
5|157
3|159
10|166
11|165
11|164
12|164
10|166
0|157
1|156
1|155
2|155
0|157
3|160
4|159
4|158
5|158
3|160
10|167
11|166
11|165
12|165
10|167
0|288
1|287
1|286
2|286
0|288
3|291
4|290
4|289
5|289
3|291
10|298
11|297
11|296
12|296
10|298
0|289
1|288
1|287
2|287
0|289
3|292
4|291
4|290
5|290
3|292
10|299
11|298
11|297
12|297
10|299
0|91
1|90
1|89
2|89
0|91
3|94
4|93
4|92
5|92
3|94
10|101
11|100
11|99
12|99
10|101
0|92
1|91
1|90
2|90
0|92
3|95
4|94
4|93
5|93
3|95
10|102
11|101
11|100
12|100
10|102
0|122
1|121
1|120
2|120
0|122
3|125
4|124
4|123
5|123
3|125
10|132
11|131
11|130
12|130
10|132
0|123
1|122
1|121
2|121
0|123
3|126
4|125
4|124
5|124
3|126
10|133
11|132
11|131
12|131
10|133
0|279
1|278
1|277
2|277
0|279
3|282
4|281
4|280
5|280
3|282
10|289
11|288
11|287
12|287
10|289
0|280
1|279
1|278
2|278
0|280
3|283
4|282
4|281
5|281
3|283
10|290
11|289
11|288
12|288
10|290
0|81
1|80
1|79
2|79
0|81
3|84
4|83
4|82
5|82
3|84
10|91
11|90
11|89
12|89
10|91
0|82
1|81
1|80
2|80
0|82
3|85
4|84
4|83
5|83
3|85
10|92
11|91
11|90
12|90
10|92
0|22
1|21
1|20
2|20
0|22
3|25
4|24
4|23
5|23
3|25
10|32
11|31
11|30
12|30
10|32
0|23
1|22
1|21
2|21
0|23
3|26
4|25
4|24
5|24
3|26
10|33
11|32
11|31
12|31
10|33
0|181
1|180
1|179
2|179
0|181
3|184
4|183
4|182
5|182
3|184
10|191
11|190
11|189
12|189
10|191
0|182
1|181
1|180
2|180
0|182
3|185
4|184
4|183
5|183
3|185
10|192
11|191
11|190
12|190
10|192
0|160
1|159
1|158
2|158
0|160
3|163
4|162
4|161
5|161
3|163
10|170
11|169
11|168
12|168
10|170
0|161
1|160
1|159
2|159
0|161
3|164
4|163
4|162
5|162
3|164
10|171
11|170
11|169
12|169
10|171
0|3
1|2
1|1
0|3
0|3
3|6
4|5
4|4
3|6
3|6
10|13
11|12
11|11
10|13
10|13
0|149
1|148
1|147
2|147
0|149
3|152
4|151
4|150
5|150
3|152
10|159
11|158
11|157
12|157
10|159
0|150
1|149
1|148
2|148
0|150
3|153
4|152
4|151
5|151
3|153
10|160
11|159
11|158
12|158
10|160
0|188
1|187
1|186
2|186
0|188
3|191
4|190
4|189
5|189
3|191
10|198
11|197
11|196
12|196
10|198
0|189
1|188
1|187
2|187
0|189
3|192
4|191
4|190
5|190
3|192
10|199
11|198
11|197
12|197
10|199
0|149
1|148
1|147
2|147
0|149
3|152
4|151
4|150
5|150
3|152
10|159
11|158
11|157
12|157
10|159
0|150
1|149
1|148
2|148
0|150
3|153
4|152
4|151
5|151
3|153
10|160
11|159
11|158
12|158
10|160
0|210
1|209
1|208
2|208
0|210
3|213
4|212
4|211
5|211
3|213
10|220
11|219
11|218
12|218
10|220
0|211
1|210
1|209
2|209
0|211
3|214
4|213
4|212
5|212
3|214
10|221
11|220
11|219
12|219
10|221
0|35
1|34
1|33
2|33
0|35
3|38
4|37
4|36
5|36
3|38
10|45
11|44
11|43
12|43
10|45
0|36
1|35
1|34
2|34
0|36
3|39
4|38
4|37
5|37
3|39
10|46
11|45
11|44
12|44
10|46
0|13
1|12
1|11
2|11
0|13
3|16
4|15
4|14
5|14
3|16
10|23
11|22
11|21
12|21
10|23
0|14
1|13
1|12
2|12
0|14
3|17
4|16
4|15
5|15
3|17
10|24
11|23
11|22
12|22
10|24
0|306
1|305
1|304
2|304
0|306
3|309
4|308
4|307
5|307
3|309
10|316
11|315
11|314
12|314
10|316
0|307
1|306
1|305
2|305
0|307
3|310
4|309
4|308
5|308
3|310
10|317
11|316
11|315
12|315
10|317
0|156
1|155
1|154
2|154
0|156
3|159
4|158
4|157
5|157
3|159
10|166
11|165
11|164
12|164
10|166
0|157
1|156
1|155
2|155
0|157
3|160
4|159
4|158
5|158
3|160
10|167
11|166
11|165
12|165
10|167
0|125
1|124
1|123
2|123
0|125
3|128
4|127
4|126
5|126
3|128
10|135
11|134
11|133
12|133
10|135
0|126
1|125
1|124
2|124
0|126
3|129
4|128
4|127
5|127
3|129
10|136
11|135
11|134
12|134
10|136
0|50
1|49
1|48
2|48
0|50
3|53
4|52
4|51
5|51
3|53
10|60
11|59
11|58
12|58
10|60
0|51
1|50
1|49
2|49
0|51
3|54
4|53
4|52
5|52
3|54
10|61
11|60
11|59
12|59
10|61
0|4
1|3
1|2
2|2
0|4
3|7
4|6
4|5
5|5
3|7
10|14
11|13
11|12
12|12
10|14
0|5
1|4
1|3
2|3
0|5
3|8
4|7
4|6
5|6
3|8
10|15
11|14
11|13
12|13
10|15
0|10
1|9
1|8
2|8
0|10
3|13
4|12
4|11
5|11
3|13
10|20
11|19
11|18
12|18
10|20
0|11
1|10
1|9
2|9
0|11
3|14
4|13
4|12
5|12
3|14
10|21
11|20
11|19
12|19
10|21
0|239
1|238
1|237
2|237
0|239
3|242
4|241
4|240
5|240
3|242
10|249
11|248
11|247
12|247
10|249
0|240
1|239
1|238
2|238
0|240
3|243
4|242
4|241
5|241
3|243
10|250
11|249
11|248
12|248
10|250
0|112
1|111
1|110
2|110
0|112
3|115
4|114
4|113
5|113
3|115
10|122
11|121
11|120
12|120
10|122
0|113
1|112
1|111
2|111
0|113
3|116
4|115
4|114
5|114
3|116
10|123
11|122
11|121
12|121
10|123
0|90
1|89
1|88
2|88
0|90
3|93
4|92
4|91
5|91
3|93
10|100
11|99
11|98
12|98
10|100
0|91
1|90
1|89
2|89
0|91
3|94
4|93
4|92
5|92
3|94
10|101
11|100
11|99
12|99
10|101
0|225
1|224
1|223
2|223
0|225
3|228
4|227
4|226
5|226
3|228
10|235
11|234
11|233
12|233
10|235
0|226
1|225
1|224
2|224
0|226
3|229
4|228
4|227
5|227
3|229
10|236
11|235
11|234
12|234
10|236
0|178
1|177
1|176
2|176
0|178
3|181
4|180
4|179
5|179
3|181
10|188
11|187
11|186
12|186
10|188
0|179
1|178
1|177
2|177
0|179
3|182
4|181
4|180
5|180
3|182
10|189
11|188
11|187
12|187
10|189
0|75
1|74
1|73
2|73
0|75
3|78
4|77
4|76
5|76
3|78
10|85
11|84
11|83
12|83
10|85
0|76
1|75
1|74
2|74
0|76
3|79
4|78
4|77
5|77
3|79
10|86
11|85
11|84
12|84
10|86
0|220
1|219
1|218
2|218
0|220
3|223
4|222
4|221
5|221
3|223
10|230
11|229
11|228
12|228
10|230
0|221
1|220
1|219
2|219
0|221
3|224
4|223
4|222
5|222
3|224
10|231
11|230
11|229
12|229
10|231
0|42
1|41
1|40
2|40
0|42
3|45
4|44
4|43
5|43
3|45
10|52
11|51
11|50
12|50
10|52
0|43
1|42
1|41
2|41
0|43
3|46
4|45
4|44
5|44
3|46
10|53
11|52
11|51
12|51
10|53
0|139
1|138
1|137
2|137
0|139
3|142
4|141
4|140
5|140
3|142
10|149
11|148
11|147
12|147
10|149
0|140
1|139
1|138
2|138
0|140
3|143
4|142
4|141
5|141
3|143
10|150
11|149
11|148
12|148
10|150
0|184
1|183
1|182
2|182
0|184
3|187
4|186
4|185
5|185
3|187
10|194
11|193
11|192
12|192
10|194
0|185
1|184
1|183
2|183
0|185
3|188
4|187
4|186
5|186
3|188
10|195
11|194
11|193
12|193
10|195
0|85
1|84
1|83
2|83
0|85
3|88
4|87
4|86
5|86
3|88
10|95
11|94
11|93
12|93
10|95
0|86
1|85
1|84
2|84
0|86
3|89
4|88
4|87
5|87
3|89
10|96
11|95
11|94
12|94
10|96
0|35
1|34
1|33
2|33
0|35
3|38
4|37
4|36
5|36
3|38
10|45
11|44
11|43
12|43
10|45
0|36
1|35
1|34
2|34
0|36
3|39
4|38
4|37
5|37
3|39
10|46
11|45
11|44
12|44
10|46
0|241
1|240
1|239
2|239
0|241
3|244
4|243
4|242
5|242
3|244
10|251
11|250
11|249
12|249
10|251
0|242
1|241
1|240
2|240
0|242
3|245
4|244
4|243
5|243
3|245
10|252
11|251
11|250
12|250
10|252
0|35
1|34
1|33
2|33
0|35
3|38
4|37
4|36
5|36
3|38
10|45
11|44
11|43
12|43
10|45
0|36
1|35
1|34
2|34
0|36
3|39
4|38
4|37
5|37
3|39
10|46
11|45
11|44
12|44
10|46
0|76
1|75
1|74
2|74
0|76
3|79
4|78
4|77
5|77
3|79
10|86
11|85
11|84
12|84
10|86
0|77
1|76
1|75
2|75
0|77
3|80
4|79
4|78
5|78
3|80
10|87
11|86
11|85
12|85
10|87
0|173
1|172
1|171
2|171
0|173
3|176
4|175
4|174
5|174
3|176
10|183
11|182
11|181
12|181
10|183
0|174
1|173
1|172
2|172
0|174
3|177
4|176
4|175
5|175
3|177
10|184
11|183
11|182
12|182
10|184
0|133
1|132
1|131
2|131
0|133
3|136
4|135
4|134
5|134
3|136
10|143
11|142
11|141
12|141
10|143
0|134
1|133
1|132
2|132
0|134
3|137
4|136
4|135
5|135
3|137
10|144
11|143
11|142
12|142
10|144
0|113
1|112
1|111
2|111
0|113
3|116
4|115
4|114
5|114
3|116
10|123
11|122
11|121
12|121
10|123
0|114
1|113
1|112
2|112
0|114
3|117
4|116
4|115
5|115
3|117
10|124
11|123
11|122
12|122
10|124
0|229
1|228
1|227
2|227
0|229
3|232
4|231
4|230
5|230
3|232
10|239
11|238
11|237
12|237
10|239
0|230
1|229
1|228
2|228
0|230
3|233
4|232
4|231
5|231
3|233
10|240
11|239
11|238
12|238
10|240
0|189
1|188
1|187
2|187
0|189
3|192
4|191
4|190
5|190
3|192
10|199
11|198
11|197
12|197
10|199
0|190
1|189
1|188
2|188
0|190
3|193
4|192
4|191
5|191
3|193
10|200
11|199
11|198
12|198
10|200
0|43
1|42
1|41
2|41
0|43
3|46
4|45
4|44
5|44
3|46
10|53
11|52
11|51
12|51
10|53
0|44
1|43
1|42
2|42
0|44
3|47
4|46
4|45
5|45
3|47
10|54
11|53
11|52
12|52
10|54
0|85
1|84
1|83
2|83
0|85
3|88
4|87
4|86
5|86
3|88
10|95
11|94
11|93
12|93
10|95
0|86
1|85
1|84
2|84
0|86
3|89
4|88
4|87
5|87
3|89
10|96
11|95
11|94
12|94
10|96
0|80
1|79
1|78
2|78
0|80
3|83
4|82
4|81
5|81
3|83
10|90
11|89
11|88
12|88
10|90
0|81
1|80
1|79
2|79
0|81
3|84
4|83
4|82
5|82
3|84
10|91
11|90
11|89
12|89
10|91
0|3
1|2
1|1
0|3
0|3
3|6
4|5
4|4
3|6
3|6
10|13
11|12
11|11
10|13
10|13
0|3
1|2
1|1
0|3
0|3
3|6
4|5
4|4
3|6
3|6
10|13
11|12
11|11
10|13
10|13
0|3
1|2
1|1
0|3
0|3
3|6
4|5
4|4
3|6
3|6
10|13
11|12
11|11
10|13
10|13
0|3
1|2
1|1
0|3
0|3
3|6
4|5
4|4
3|6
3|6
10|13
11|12
11|11
10|13
10|13
0|3
1|2
1|1
0|3
0|3
3|6
4|5
4|4
3|6
3|6
10|13
11|12
11|11
10|13
10|13
0|3
1|2
1|1
0|3
0|3
3|6
4|5
4|4
3|6
3|6
10|13
11|12
11|11
10|13
10|13
0|3
1|2
1|1
0|3
0|3
3|6
4|5
4|4
3|6
3|6
10|13
11|12
11|11
10|13
10|13
0|3
1|2
1|1
0|3
0|3
3|6
4|5
4|4
3|6
3|6
10|13
11|12
11|11
10|13
10|13
0|3
1|2
1|1
0|3
0|3
3|6
4|5
4|4
3|6
3|6
10|13
11|12
11|11
10|13
10|13
0|3
1|2
1|1
0|3
0|3
3|6
4|5
4|4
3|6
3|6
10|13
11|12
11|11
10|13
10|13
0|3
1|2
1|1
0|3
0|3
3|6
4|5
4|4
3|6
3|6
10|13
11|12
11|11
10|13
10|13
0|3
1|2
1|1
0|3
0|3
3|6
4|5
4|4
3|6
3|6
10|13
11|12
11|11
10|13
10|13
0|3
1|2
1|1
0|3
0|3
3|6
4|5
4|4
3|6
3|6
10|13
11|12
11|11
10|13
10|13
0|3
1|2
1|1
0|3
0|3
3|6
4|5
4|4
3|6
3|6
10|13
11|12
11|11
10|13
10|13
0|3
1|2
1|1
0|3
0|3
3|6
4|5
4|4
3|6
3|6
10|13
11|12
11|11
10|13
10|13
0|3
1|2
1|1
0|3
0|3
3|6
4|5
4|4
3|6
3|6
10|13
11|12
11|11
10|13
10|13
0|3
1|2
1|1
0|3
0|3
3|6
4|5
4|4
3|6
3|6
10|13
11|12
11|11
10|13
10|13
0|3
1|2
1|1
0|3
0|3
3|6
4|5
4|4
3|6
3|6
10|13
11|12
11|11
10|13
10|13
0|3
1|2
1|1
0|3
0|3
3|6
4|5
4|4
3|6
3|6
10|13
11|12
11|11
10|13
10|13
0|3
1|2
1|1
0|3
0|3
3|6
4|5
4|4
3|6
3|6
10|13
11|12
11|11
10|13
10|13
0|3
1|2
1|1
0|3
0|3
3|6
4|5
4|4
3|6
3|6
10|13
11|12
11|11
10|13
10|13
0|3
1|2
1|1
0|3
0|3
3|6
4|5
4|4
3|6
3|6
10|13
11|12
11|11
10|13
10|13
0|3
1|2
1|1
0|3
0|3
3|6
4|5
4|4
3|6
3|6
10|13
11|12
11|11
10|13
10|13
0|3
1|2
1|1
0|3
0|3
3|6
4|5
4|4
3|6
3|6
10|13
11|12
11|11
10|13
10|13
0|3
1|2
1|1
0|3
0|3
3|6
4|5
4|4
3|6
3|6
10|13
11|12
11|11
10|13
10|13
0|3
1|2
1|1
0|3
0|3
3|6
4|5
4|4
3|6
3|6
10|13
11|12
11|11
10|13
10|13
0|3
1|2
1|1
0|3
0|3
3|6
4|5
4|4
3|6
3|6
10|13
11|12
11|11
10|13
10|13
0|3
1|2
1|1
0|3
0|3
3|6
4|5
4|4
3|6
3|6
10|13
11|12
11|11
10|13
10|13
0|3
1|2
1|1
0|3
0|3
3|6
4|5
4|4
3|6
3|6
10|13
11|12
11|11
10|13
10|13
0|3
1|2
1|1
0|3
0|3
3|6
4|5
4|4
3|6
3|6
10|13
11|12
11|11
10|13
10|13
0|3
1|2
1|1
0|3
0|3
3|6
4|5
4|4
3|6
3|6
10|13
11|12
11|11
10|13
10|13
0|3
1|2
1|1
0|3
0|3
3|6
4|5
4|4
3|6
3|6
10|13
11|12
11|11
10|13
10|13
0|3
1|2
1|1
0|3
0|3
3|6
4|5
4|4
3|6
3|6
10|13
11|12
11|11
10|13
10|13
0|3
1|2
1|1
0|3
0|3
3|6
4|5
4|4
3|6
3|6
10|13
11|12
11|11
10|13
10|13
0|3
1|2
1|1
0|3
0|3
3|6
4|5
4|4
3|6
3|6
10|13
11|12
11|11
10|13
10|13
0|3
1|2
1|1
0|3
0|3
3|6
4|5
4|4
3|6
3|6
10|13
11|12
11|11
10|13
10|13
0|3
1|2
1|1
0|3
0|3
3|6
4|5
4|4
3|6
3|6
10|13
11|12
11|11
10|13
10|13
0|3
1|2
1|1
0|3
0|3
3|6
4|5
4|4
3|6
3|6
10|13
11|12
11|11
10|13
10|13
0|3
1|2
1|1
0|3
0|3
3|6
4|5
4|4
3|6
3|6
10|13
11|12
11|11
10|13
10|13
0|3
1|2
1|1
0|3
0|3
3|6
4|5
4|4
3|6
3|6
10|13
11|12
11|11
10|13
10|13
0|3
1|2
1|1
0|3
0|3
3|6
4|5
4|4
3|6
3|6
10|13
11|12
11|11
10|13
10|13
0|3
1|2
1|1
0|3
0|3
3|6
4|5
4|4
3|6
3|6
10|13
11|12
11|11
10|13
10|13
0|3
1|2
1|1
0|3
0|3
3|6
4|5
4|4
3|6
3|6
10|13
11|12
11|11
10|13
10|13
0|3
1|2
1|1
0|3
0|3
3|6
4|5
4|4
3|6
3|6
10|13
11|12
11|11
10|13
10|13
0|3
1|2
1|1
0|3
0|3
3|6
4|5
4|4
3|6
3|6
10|13
11|12
11|11
10|13
10|13
0|3
1|2
1|1
0|3
0|3
3|6
4|5
4|4
3|6
3|6
10|13
11|12
11|11
10|13
10|13
0|3
1|2
1|1
0|3
0|3
3|6
4|5
4|4
3|6
3|6
10|13
11|12
11|11
10|13
10|13
0|3
1|2
1|1
0|3
0|3
3|6
4|5
4|4
3|6
3|6
10|13
11|12
11|11
10|13
10|13
0|3
1|2
1|1
0|3
0|3
3|6
4|5
4|4
3|6
3|6
10|13
11|12
11|11
10|13
10|13
0|3
1|2
1|1
0|3
0|3
3|6
4|5
4|4
3|6
3|6
10|13
11|12
11|11
10|13
10|13
0|3
1|2
1|1
0|3
0|3
3|6
4|5
4|4
3|6
3|6
10|13
11|12
11|11
10|13
10|13
0|3
1|2
1|1
0|3
0|3
3|6
4|5
4|4
3|6
3|6
10|13
11|12
11|11
10|13
10|13
0|3
1|2
1|1
0|3
0|3
3|6
4|5
4|4
3|6
3|6
10|13
11|12
11|11
10|13
10|13
0|3
1|2
1|1
0|3
0|3
3|6
4|5
4|4
3|6
3|6
10|13
11|12
11|11
10|13
10|13
0|3
1|2
1|1
0|3
0|3
3|6
4|5
4|4
3|6
3|6
10|13
11|12
11|11
10|13
10|13
0|3
1|2
1|1
0|3
0|3
3|6
4|5
4|4
3|6
3|6
10|13
11|12
11|11
10|13
10|13
0|3
1|2
1|1
0|3
0|3
3|6
4|5
4|4
3|6
3|6
10|13
11|12
11|11
10|13
10|13
0|3
1|2
1|1
0|3
0|3
3|6
4|5
4|4
3|6
3|6
10|13
11|12
11|11
10|13
10|13
0|3
1|2
1|1
0|3
0|3
3|6
4|5
4|4
3|6
3|6
10|13
11|12
11|11
10|13
10|13
0|3
1|2
1|1
0|3
0|3
3|6
4|5
4|4
3|6
3|6
10|13
11|12
11|11
10|13
10|13
0|3
1|2
1|1
0|3
0|3
3|6
4|5
4|4
3|6
3|6
10|13
11|12
11|11
10|13
10|13
0|3
1|2
1|1
0|3
0|3
3|6
4|5
4|4
3|6
3|6
10|13
11|12
11|11
10|13
10|13
0|3
1|2
1|1
0|3
0|3
3|6
4|5
4|4
3|6
3|6
10|13
11|12
11|11
10|13
10|13
0|3
1|2
1|1
0|3
0|3
3|6
4|5
4|4
3|6
3|6
10|13
11|12
11|11
10|13
10|13
0|3
1|2
1|1
0|3
0|3
3|6
4|5
4|4
3|6
3|6
10|13
11|12
11|11
10|13
10|13
0|3
1|2
1|1
0|3
0|3
3|6
4|5
4|4
3|6
3|6
10|13
11|12
11|11
10|13
10|13
0|3
1|2
1|1
0|3
0|3
3|6
4|5
4|4
3|6
3|6
10|13
11|12
11|11
10|13
10|13
0|3
1|2
1|1
0|3
0|3
3|6
4|5
4|4
3|6
3|6
10|13
11|12
11|11
10|13
10|13
0|3
1|2
1|1
0|3
0|3
3|6
4|5
4|4
3|6
3|6
10|13
11|12
11|11
10|13
10|13
0|3
1|2
1|1
0|3
0|3
3|6
4|5
4|4
3|6
3|6
10|13
11|12
11|11
10|13
10|13
0|3
1|2
1|1
0|3
0|3
3|6
4|5
4|4
3|6
3|6
10|13
11|12
11|11
10|13
10|13
0|3
1|2
1|1
0|3
0|3
3|6
4|5
4|4
3|6
3|6
10|13
11|12
11|11
10|13
10|13
0|3
1|2
1|1
0|3
0|3
3|6
4|5
4|4
3|6
3|6
10|13
11|12
11|11
10|13
10|13
0|3
1|2
1|1
0|3
0|3
3|6
4|5
4|4
3|6
3|6
10|13
11|12
11|11
10|13
10|13
0|3
1|2
1|1
0|3
0|3
3|6
4|5
4|4
3|6
3|6
10|13
11|12
11|11
10|13
10|13
0|3
1|2
1|1
0|3
0|3
3|6
4|5
4|4
3|6
3|6
10|13
11|12
11|11
10|13
10|13
0|3
1|2
1|1
0|3
0|3
3|6
4|5
4|4
3|6
3|6
10|13
11|12
11|11
10|13
10|13
0|3
1|2
1|1
0|3
0|3
3|6
4|5
4|4
3|6
3|6
10|13
11|12
11|11
10|13
10|13
0|3
1|2
1|1
0|3
0|3
3|6
4|5
4|4
3|6
3|6
10|13
11|12
11|11
10|13
10|13
0|3
1|2
1|1
0|3
0|3
3|6
4|5
4|4
3|6
3|6
10|13
11|12
11|11
10|13
10|13
0|3
1|2
1|1
0|3
0|3
3|6
4|5
4|4
3|6
3|6
10|13
11|12
11|11
10|13
10|13
0|3
1|2
1|1
0|3
0|3
3|6
4|5
4|4
3|6
3|6
10|13
11|12
11|11
10|13
10|13
0|3
1|2
1|1
0|3
0|3
3|6
4|5
4|4
3|6
3|6
10|13
11|12
11|11
10|13
10|13
0|3
1|2
1|1
0|3
0|3
3|6
4|5
4|4
3|6
3|6
10|13
11|12
11|11
10|13
10|13
0|3
1|2
1|1
0|3
0|3
3|6
4|5
4|4
3|6
3|6
10|13
11|12
11|11
10|13
10|13
0|3
1|2
1|1
0|3
0|3
3|6
4|5
4|4
3|6
3|6
10|13
11|12
11|11
10|13
10|13
0|3
1|2
1|1
0|3
0|3
3|6
4|5
4|4
3|6
3|6
10|13
11|12
11|11
10|13
10|13
0|3
1|2
1|1
0|3
0|3
3|6
4|5
4|4
3|6
3|6
10|13
11|12
11|11
10|13
10|13
0|3
1|2
1|1
0|3
0|3
3|6
4|5
4|4
3|6
3|6
10|13
11|12
11|11
10|13
10|13
0|3
1|2
1|1
0|3
0|3
3|6
4|5
4|4
3|6
3|6
10|13
11|12
11|11
10|13
10|13
0|3
1|2
1|1
0|3
0|3
3|6
4|5
4|4
3|6
3|6
10|13
11|12
11|11
10|13
10|13
0|3
1|2
1|1
0|3
0|3
3|6
4|5
4|4
3|6
3|6
10|13
11|12
11|11
10|13
10|13
0|3
1|2
1|1
0|3
0|3
3|6
4|5
4|4
3|6
3|6
10|13
11|12
11|11
10|13
10|13
0|3
1|2
1|1
0|3
0|3
3|6
4|5
4|4
3|6
3|6
10|13
11|12
11|11
10|13
10|13
0|3
1|2
1|1
0|3
0|3
3|6
4|5
4|4
3|6
3|6
10|13
11|12
11|11
10|13
10|13
0|3
1|2
1|1
0|3
0|3
3|6
4|5
4|4
3|6
3|6
10|13
11|12
11|11
10|13
10|13
0|3
1|2
1|1
0|3
0|3
3|6
4|5
4|4
3|6
3|6
10|13
11|12
11|11
10|13
10|13
0|3
1|2
1|1
0|3
0|3
3|6
4|5
4|4
3|6
3|6
10|13
11|12
11|11
10|13
10|13
0|3
1|2
1|1
0|3
0|3
3|6
4|5
4|4
3|6
3|6
10|13
11|12
11|11
10|13
10|13
0|3
1|2
1|1
0|3
0|3
3|6
4|5
4|4
3|6
3|6
10|13
11|12
11|11
10|13
10|13
0|3
1|2
1|1
0|3
0|3
3|6
4|5
4|4
3|6
3|6
10|13
11|12
11|11
10|13
10|13
0|3
1|2
1|1
0|3
0|3
3|6
4|5
4|4
3|6
3|6
10|13
11|12
11|11
10|13
10|13
0|3
1|2
1|1
0|3
0|3
3|6
4|5
4|4
3|6
3|6
10|13
11|12
11|11
10|13
10|13
0|3
1|2
1|1
0|3
0|3
3|6
4|5
4|4
3|6
3|6
10|13
11|12
11|11
10|13
10|13
0|3
1|2
1|1
0|3
0|3
3|6
4|5
4|4
3|6
3|6
10|13
11|12
11|11
10|13
10|13
0|3
1|2
1|1
0|3
0|3
3|6
4|5
4|4
3|6
3|6
10|13
11|12
11|11
10|13
10|13
0|3
1|2
1|1
0|3
0|3
3|6
4|5
4|4
3|6
3|6
10|13
11|12
11|11
10|13
10|13
0|3
1|2
1|1
0|3
0|3
3|6
4|5
4|4
3|6
3|6
10|13
11|12
11|11
10|13
10|13
0|3
1|2
1|1
0|3
0|3
3|6
4|5
4|4
3|6
3|6
10|13
11|12
11|11
10|13
10|13
0|3
1|2
1|1
0|3
0|3
3|6
4|5
4|4
3|6
3|6
10|13
11|12
11|11
10|13
10|13
0|3
1|2
1|1
0|3
0|3
3|6
4|5
4|4
3|6
3|6
10|13
11|12
11|11
10|13
10|13
0|3
1|2
1|1
0|3
0|3
3|6
4|5
4|4
3|6
3|6
10|13
11|12
11|11
10|13
10|13
0|3
1|2
1|1
0|3
0|3
3|6
4|5
4|4
3|6
3|6
10|13
11|12
11|11
10|13
10|13
0|3
1|2
1|1
0|3
0|3
3|6
4|5
4|4
3|6
3|6
10|13
11|12
11|11
10|13
10|13
0|3
1|2
1|1
0|3
0|3
3|6
4|5
4|4
3|6
3|6
10|13
11|12
11|11
10|13
10|13
0|3
1|2
1|1
0|3
0|3
3|6
4|5
4|4
3|6
3|6
10|13
11|12
11|11
10|13
10|13
0|3
1|2
1|1
0|3
0|3
3|6
4|5
4|4
3|6
3|6
10|13
11|12
11|11
10|13
10|13
0|3
1|2
1|1
0|3
0|3
3|6
4|5
4|4
3|6
3|6
10|13
11|12
11|11
10|13
10|13
0|3
1|2
1|1
0|3
0|3
3|6
4|5
4|4
3|6
3|6
10|13
11|12
11|11
10|13
10|13
0|3
1|2
1|1
0|3
0|3
3|6
4|5
4|4
3|6
3|6
10|13
11|12
11|11
10|13
10|13
0|3
1|2
1|1
0|3
0|3
3|6
4|5
4|4
3|6
3|6
10|13
11|12
11|11
10|13
10|13
0|3
1|2
1|1
0|3
0|3
3|6
4|5
4|4
3|6
3|6
10|13
11|12
11|11
10|13
10|13
0|3
1|2
1|1
0|3
0|3
3|6
4|5
4|4
3|6
3|6
10|13
11|12
11|11
10|13
10|13
0|3
1|2
1|1
0|3
0|3
3|6
4|5
4|4
3|6
3|6
10|13
11|12
11|11
10|13
10|13
0|3
1|2
1|1
0|3
0|3
3|6
4|5
4|4
3|6
3|6
10|13
11|12
11|11
10|13
10|13
0|3
1|2
1|1
0|3
0|3
3|6
4|5
4|4
3|6
3|6
10|13
11|12
11|11
10|13
10|13
0|3
1|2
1|1
0|3
0|3
3|6
4|5
4|4
3|6
3|6
10|13
11|12
11|11
10|13
10|13
0|3
1|2
1|1
0|3
0|3
3|6
4|5
4|4
3|6
3|6
10|13
11|12
11|11
10|13
10|13
0|3
1|2
1|1
0|3
0|3
3|6
4|5
4|4
3|6
3|6
10|13
11|12
11|11
10|13
10|13
0|3
1|2
1|1
0|3
0|3
3|6
4|5
4|4
3|6
3|6
10|13
11|12
11|11
10|13
10|13
0|3
1|2
1|1
0|3
0|3
3|6
4|5
4|4
3|6
3|6
10|13
11|12
11|11
10|13
10|13
0|3
1|2
1|1
0|3
0|3
3|6
4|5
4|4
3|6
3|6
10|13
11|12
11|11
10|13
10|13
0|3
1|2
1|1
0|3
0|3
3|6
4|5
4|4
3|6
3|6
10|13
11|12
11|11
10|13
10|13
0|3
1|2
1|1
0|3
0|3
3|6
4|5
4|4
3|6
3|6
10|13
11|12
11|11
10|13
10|13
0|3
1|2
1|1
0|3
0|3
3|6
4|5
4|4
3|6
3|6
10|13
11|12
11|11
10|13
10|13
0|3
1|2
1|1
0|3
0|3
3|6
4|5
4|4
3|6
3|6
10|13
11|12
11|11
10|13
10|13
0|3
1|2
1|1
0|3
0|3
3|6
4|5
4|4
3|6
3|6
10|13
11|12
11|11
10|13
10|13
0|3
1|2
1|1
0|3
0|3
3|6
4|5
4|4
3|6
3|6
10|13
11|12
11|11
10|13
10|13
0|3
1|2
1|1
0|3
0|3
3|6
4|5
4|4
3|6
3|6
10|13
11|12
11|11
10|13
10|13
0|3
1|2
1|1
0|3
0|3
3|6
4|5
4|4
3|6
3|6
10|13
11|12
11|11
10|13
10|13
0|3
1|2
1|1
0|3
0|3
3|6
4|5
4|4
3|6
3|6
10|13
11|12
11|11
10|13
10|13
0|3
1|2
1|1
0|3
0|3
3|6
4|5
4|4
3|6
3|6
10|13
11|12
11|11
10|13
10|13
0|3
1|2
1|1
0|3
0|3
3|6
4|5
4|4
3|6
3|6
10|13
11|12
11|11
10|13
10|13
0|3
1|2
1|1
0|3
0|3
3|6
4|5
4|4
3|6
3|6
10|13
11|12
11|11
10|13
10|13
0|3
1|2
1|1
0|3
0|3
3|6
4|5
4|4
3|6
3|6
10|13
11|12
11|11
10|13
10|13
0|3
1|2
1|1
0|3
0|3
3|6
4|5
4|4
3|6
3|6
10|13
11|12
11|11
10|13
10|13
0|3
1|2
1|1
0|3
0|3
3|6
4|5
4|4
3|6
3|6
10|13
11|12
11|11
10|13
10|13
0|3
1|2
1|1
0|3
0|3
3|6
4|5
4|4
3|6
3|6
10|13
11|12
11|11
10|13
10|13
0|3
1|2
1|1
0|3
0|3
3|6
4|5
4|4
3|6
3|6
10|13
11|12
11|11
10|13
10|13
0|3
1|2
1|1
0|3
0|3
3|6
4|5
4|4
3|6
3|6
10|13
11|12
11|11
10|13
10|13
0|3
1|2
1|1
0|3
0|3
3|6
4|5
4|4
3|6
3|6
10|13
11|12
11|11
10|13
10|13
0|3
1|2
1|1
0|3
0|3
3|6
4|5
4|4
3|6
3|6
10|13
11|12
11|11
10|13
10|13
0|3
1|2
1|1
0|3
0|3
3|6
4|5
4|4
3|6
3|6
10|13
11|12
11|11
10|13
10|13
0|3
1|2
1|1
0|3
0|3
3|6
4|5
4|4
3|6
3|6
10|13
11|12
11|11
10|13
10|13
0|3
1|2
1|1
0|3
0|3
3|6
4|5
4|4
3|6
3|6
10|13
11|12
11|11
10|13
10|13
0|3
1|2
1|1
0|3
0|3
3|6
4|5
4|4
3|6
3|6
10|13
11|12
11|11
10|13
10|13
0|3
1|2
1|1
0|3
0|3
3|6
4|5
4|4
3|6
3|6
10|13
11|12
11|11
10|13
10|13
0|3
1|2
1|1
0|3
0|3
3|6
4|5
4|4
3|6
3|6
10|13
11|12
11|11
10|13
10|13
0|3
1|2
1|1
0|3
0|3
3|6
4|5
4|4
3|6
3|6
10|13
11|12
11|11
10|13
10|13
0|3
1|2
1|1
0|3
0|3
3|6
4|5
4|4
3|6
3|6
10|13
11|12
11|11
10|13
10|13
0|3
1|2
1|1
0|3
0|3
3|6
4|5
4|4
3|6
3|6
10|13
11|12
11|11
10|13
10|13
0|3
1|2
1|1
0|3
0|3
3|6
4|5
4|4
3|6
3|6
10|13
11|12
11|11
10|13
10|13
0|3
1|2
1|1
0|3
0|3
3|6
4|5
4|4
3|6
3|6
10|13
11|12
11|11
10|13
10|13
0|3
1|2
1|1
0|3
0|3
3|6
4|5
4|4
3|6
3|6
10|13
11|12
11|11
10|13
10|13
0|3
1|2
1|1
0|3
0|3
3|6
4|5
4|4
3|6
3|6
10|13
11|12
11|11
10|13
10|13
0|3
1|2
1|1
0|3
0|3
3|6
4|5
4|4
3|6
3|6
10|13
11|12
11|11
10|13
10|13
0|3
1|2
1|1
0|3
0|3
3|6
4|5
4|4
3|6
3|6
10|13
11|12
11|11
10|13
10|13
0|3
1|2
1|1
0|3
0|3
3|6
4|5
4|4
3|6
3|6
10|13
11|12
11|11
10|13
10|13
0|3
1|2
1|1
0|3
0|3
3|6
4|5
4|4
3|6
3|6
10|13
11|12
11|11
10|13
10|13
0|3
1|2
1|1
0|3
0|3
3|6
4|5
4|4
3|6
3|6
10|13
11|12
11|11
10|13
10|13
0|3
1|2
1|1
0|3
0|3
3|6
4|5
4|4
3|6
3|6
10|13
11|12
11|11
10|13
10|13
0|3
1|2
1|1
0|3
0|3
3|6
4|5
4|4
3|6
3|6
10|13
11|12
11|11
10|13
10|13
0|3
1|2
1|1
0|3
0|3
3|6
4|5
4|4
3|6
3|6
10|13
11|12
11|11
10|13
10|13
0|3
1|2
1|1
0|3
0|3
3|6
4|5
4|4
3|6
3|6
10|13
11|12
11|11
10|13
10|13
0|3
1|2
1|1
0|3
0|3
3|6
4|5
4|4
3|6
3|6
10|13
11|12
11|11
10|13
10|13
0|3
1|2
1|1
0|3
0|3
3|6
4|5
4|4
3|6
3|6
10|13
11|12
11|11
10|13
10|13
0|3
1|2
1|1
0|3
0|3
3|6
4|5
4|4
3|6
3|6
10|13
11|12
11|11
10|13
10|13
0|3
1|2
1|1
0|3
0|3
3|6
4|5
4|4
3|6
3|6
10|13
11|12
11|11
10|13
10|13
0|3
1|2
1|1
0|3
0|3
3|6
4|5
4|4
3|6
3|6
10|13
11|12
11|11
10|13
10|13
0|3
1|2
1|1
0|3
0|3
3|6
4|5
4|4
3|6
3|6
10|13
11|12
11|11
10|13
10|13
0|3
1|2
1|1
0|3
0|3
3|6
4|5
4|4
3|6
3|6
10|13
11|12
11|11
10|13
10|13
0|3
1|2
1|1
0|3
0|3
3|6
4|5
4|4
3|6
3|6
10|13
11|12
11|11
10|13
10|13
0|3
1|2
1|1
0|3
0|3
3|6
4|5
4|4
3|6
3|6
10|13
11|12
11|11
10|13
10|13
0|3
1|2
1|1
0|3
0|3
3|6
4|5
4|4
3|6
3|6
10|13
11|12
11|11
10|13
10|13
0|3
1|2
1|1
0|3
0|3
3|6
4|5
4|4
3|6
3|6
10|13
11|12
11|11
10|13
10|13
0|3
1|2
1|1
0|3
0|3
3|6
4|5
4|4
3|6
3|6
10|13
11|12
11|11
10|13
10|13
0|3
1|2
1|1
0|3
0|3
3|6
4|5
4|4
3|6
3|6
10|13
11|12
11|11
10|13
10|13
0|3
1|2
1|1
0|3
0|3
3|6
4|5
4|4
3|6
3|6
10|13
11|12
11|11
10|13
10|13
0|3
1|2
1|1
0|3
0|3
3|6
4|5
4|4
3|6
3|6
10|13
11|12
11|11
10|13
10|13
0|3
1|2
1|1
0|3
0|3
3|6
4|5
4|4
3|6
3|6
10|13
11|12
11|11
10|13
10|13
0|3
1|2
1|1
0|3
0|3
3|6
4|5
4|4
3|6
3|6
10|13
11|12
11|11
10|13
10|13
0|3
1|2
1|1
0|3
0|3
3|6
4|5
4|4
3|6
3|6
10|13
11|12
11|11
10|13
10|13
0|3
1|2
1|1
0|3
0|3
3|6
4|5
4|4
3|6
3|6
10|13
11|12
11|11
10|13
10|13
0|3
1|2
1|1
0|3
0|3
3|6
4|5
4|4
3|6
3|6
10|13
11|12
11|11
10|13
10|13
0|3
1|2
1|1
0|3
0|3
3|6
4|5
4|4
3|6
3|6
10|13
11|12
11|11
10|13
10|13
0|3
1|2
1|1
0|3
0|3
3|6
4|5
4|4
3|6
3|6
10|13
11|12
11|11
10|13
10|13
0|3
1|2
1|1
0|3
0|3
3|6
4|5
4|4
3|6
3|6
10|13
11|12
11|11
10|13
10|13
0|3
1|2
1|1
0|3
0|3
3|6
4|5
4|4
3|6
3|6
10|13
11|12
11|11
10|13
10|13
0|3
1|2
1|1
0|3
0|3
3|6
4|5
4|4
3|6
3|6
10|13
11|12
11|11
10|13
10|13
0|1
0|1
0|1
0|1
0|1
3|4
3|4
3|4
3|4
3|4
10|11
10|11
10|11
10|11
10|11
0|2
1|1
0|2
0|2
0|2
3|5
4|4
3|5
3|5
3|5
10|12
11|11
10|12
10|12
10|12
0|60
1|59
1|58
2|58
0|60
3|63
4|62
4|61
5|61
3|63
10|70
11|69
11|68
12|68
10|70
0|61
1|60
1|59
2|59
0|61
3|64
4|63
4|62
5|62
3|64
10|71
11|70
11|69
12|69
10|71
0|218
1|217
1|216
2|216
0|218
3|221
4|220
4|219
5|219
3|221
10|228
11|227
11|226
12|226
10|228
0|219
1|218
1|217
2|217
0|219
3|222
4|221
4|220
5|220
3|222
10|229
11|228
11|227
12|227
10|229
0|114
1|113
1|112
2|112
0|114
3|117
4|116
4|115
5|115
3|117
10|124
11|123
11|122
12|122
10|124
0|115
1|114
1|113
2|113
0|115
3|118
4|117
4|116
5|116
3|118
10|125
11|124
11|123
12|123
10|125
0|270
1|269
1|268
2|268
0|270
3|273
4|272
4|271
5|271
3|273
10|280
11|279
11|278
12|278
10|280
0|271
1|270
1|269
2|269
0|271
3|274
4|273
4|272
5|272
3|274
10|281
11|280
11|279
12|279
10|281
0|137
1|136
1|135
2|135
0|137
3|140
4|139
4|138
5|138
3|140
10|147
11|146
11|145
12|145
10|147
0|138
1|137
1|136
2|136
0|138
3|141
4|140
4|139
5|139
3|141
10|148
11|147
11|146
12|146
10|148
0|84
1|83
1|82
2|82
0|84
3|87
4|86
4|85
5|85
3|87
10|94
11|93
11|92
12|92
10|94
0|85
1|84
1|83
2|83
0|85
3|88
4|87
4|86
5|86
3|88
10|95
11|94
11|93
12|93
10|95
0|184
1|183
1|182
2|182
0|184
3|187
4|186
4|185
5|185
3|187
10|194
11|193
11|192
12|192
10|194
0|185
1|184
1|183
2|183
0|185
3|188
4|187
4|186
5|186
3|188
10|195
11|194
11|193
12|193
10|195
0|98
1|97
1|96
2|96
0|98
3|101
4|100
4|99
5|99
3|101
10|108
11|107
11|106
12|106
10|108
0|99
1|98
1|97
2|97
0|99
3|102
4|101
4|100
5|100
3|102
10|109
11|108
11|107
12|107
10|109
0|63
1|62
1|61
2|61
0|63
3|66
4|65
4|64
5|64
3|66
10|73
11|72
11|71
12|71
10|73
0|64
1|63
1|62
2|62
0|64
3|67
4|66
4|65
5|65
3|67
10|74
11|73
11|72
12|72
10|74
0|8
1|7
1|6
2|6
0|8
3|11
4|10
4|9
5|9
3|11
10|18
11|17
11|16
12|16
10|18
0|9
1|8
1|7
2|7
0|9
3|12
4|11
4|10
5|10
3|12
10|19
11|18
11|17
12|17
10|19
0|252
1|251
1|250
2|250
0|252
3|255
4|254
4|253
5|253
3|255
10|262
11|261
11|260
12|260
10|262
0|253
1|252
1|251
2|251
0|253
3|256
4|255
4|254
5|254
3|256
10|263
11|262
11|261
12|261
10|263
0|68
1|67
1|66
2|66
0|68
3|71
4|70
4|69
5|69
3|71
10|78
11|77
11|76
12|76
10|78
0|69
1|68
1|67
2|67
0|69
3|72
4|71
4|70
5|70
3|72
10|79
11|78
11|77
12|77
10|79
0|96
1|95
1|94
2|94
0|96
3|99
4|98
4|97
5|97
3|99
10|106
11|105
11|104
12|104
10|106
0|97
1|96
1|95
2|95
0|97
3|100
4|99
4|98
5|98
3|100
10|107
11|106
11|105
12|105
10|107
0|140
1|139
1|138
2|138
0|140
3|143
4|142
4|141
5|141
3|143
10|150
11|149
11|148
12|148
10|150
0|141
1|140
1|139
2|139
0|141
3|144
4|143
4|142
5|142
3|144
10|151
11|150
11|149
12|149
10|151
0|120
1|119
1|118
2|118
0|120
3|123
4|122
4|121
5|121
3|123
10|130
11|129
11|128
12|128
10|130
0|121
1|120
1|119
2|119
0|121
3|124
4|123
4|122
5|122
3|124
10|131
11|130
11|129
12|129
10|131
0|103
1|102
1|101
2|101
0|103
3|106
4|105
4|104
5|104
3|106
10|113
11|112
11|111
12|111
10|113
0|104
1|103
1|102
2|102
0|104
3|107
4|106
4|105
5|105
3|107
10|114
11|113
11|112
12|112
10|114
0|61
1|60
1|59
2|59
0|61
3|64
4|63
4|62
5|62
3|64
10|71
11|70
11|69
12|69
10|71
0|62
1|61
1|60
2|60
0|62
3|65
4|64
4|63
5|63
3|65
10|72
11|71
11|70
12|70
10|72
0|202
1|201
1|200
2|200
0|202
3|205
4|204
4|203
5|203
3|205
10|212
11|211
11|210
12|210
10|212
0|203
1|202
1|201
2|201
0|203
3|206
4|205
4|204
5|204
3|206
10|213
11|212
11|211
12|211
10|213
0|233
1|232
1|231
2|231
0|233
3|236
4|235
4|234
5|234
3|236
10|243
11|242
11|241
12|241
10|243
0|234
1|233
1|232
2|232
0|234
3|237
4|236
4|235
5|235
3|237
10|244
11|243
11|242
12|242
10|244
0|218
1|217
1|216
2|216
0|218
3|221
4|220
4|219
5|219
3|221
10|228
11|227
11|226
12|226
10|228
0|219
1|218
1|217
2|217
0|219
3|222
4|221
4|220
5|220
3|222
10|229
11|228
11|227
12|227
10|229
0|307
1|306
1|305
2|305
0|307
3|310
4|309
4|308
5|308
3|310
10|317
11|316
11|315
12|315
10|317
0|308
1|307
1|306
2|306
0|308
3|311
4|310
4|309
5|309
3|311
10|318
11|317
11|316
12|316
10|318
0|78
1|77
1|76
2|76
0|78
3|81
4|80
4|79
5|79
3|81
10|88
11|87
11|86
12|86
10|88
0|79
1|78
1|77
2|77
0|79
3|82
4|81
4|80
5|80
3|82
10|89
11|88
11|87
12|87
10|89
0|9
1|8
1|7
2|7
0|9
3|12
4|11
4|10
5|10
3|12
10|19
11|18
11|17
12|17
10|19
0|10
1|9
1|8
2|8
0|10
3|13
4|12
4|11
5|11
3|13
10|20
11|19
11|18
12|18
10|20
0|78
1|77
1|76
2|76
0|78
3|81
4|80
4|79
5|79
3|81
10|88
11|87
11|86
12|86
10|88
0|79
1|78
1|77
2|77
0|79
3|82
4|81
4|80
5|80
3|82
10|89
11|88
11|87
12|87
10|89
0|200
1|199
1|198
2|198
0|200
3|203
4|202
4|201
5|201
3|203
10|210
11|209
11|208
12|208
10|210
0|201
1|200
1|199
2|199
0|201
3|204
4|203
4|202
5|202
3|204
10|211
11|210
11|209
12|209
10|211
0|122
1|121
1|120
2|120
0|122
3|125
4|124
4|123
5|123
3|125
10|132
11|131
11|130
12|130
10|132
0|123
1|122
1|121
2|121
0|123
3|126
4|125
4|124
5|124
3|126
10|133
11|132
11|131
12|131
10|133
0|157
1|156
1|155
2|155
0|157
3|160
4|159
4|158
5|158
3|160
10|167
11|166
11|165
12|165
10|167
0|158
1|157
1|156
2|156
0|158
3|161
4|160
4|159
5|159
3|161
10|168
11|167
11|166
12|166
10|168
0|112
1|111
1|110
2|110
0|112
3|115
4|114
4|113
5|113
3|115
10|122
11|121
11|120
12|120
10|122
0|113
1|112
1|111
2|111
0|113
3|116
4|115
4|114
5|114
3|116
10|123
11|122
11|121
12|121
10|123
0|253
1|252
1|251
2|251
0|253
3|256
4|255
4|254
5|254
3|256
10|263
11|262
11|261
12|261
10|263
0|254
1|253
1|252
2|252
0|254
3|257
4|256
4|255
5|255
3|257
10|264
11|263
11|262
12|262
10|264
0|156
1|155
1|154
2|154
0|156
3|159
4|158
4|157
5|157
3|159
10|166
11|165
11|164
12|164
10|166
0|157
1|156
1|155
2|155
0|157
3|160
4|159
4|158
5|158
3|160
10|167
11|166
11|165
12|165
10|167
0|291
1|290
1|289
2|289
0|291
3|294
4|293
4|292
5|292
3|294
10|301
11|300
11|299
12|299
10|301
0|292
1|291
1|290
2|290
0|292
3|295
4|294
4|293
5|293
3|295
10|302
11|301
11|300
12|300
10|302
0|274
1|273
1|272
2|272
0|274
3|277
4|276
4|275
5|275
3|277
10|284
11|283
11|282
12|282
10|284
0|275
1|274
1|273
2|273
0|275
3|278
4|277
4|276
5|276
3|278
10|285
11|284
11|283
12|283
10|285
0|168
1|167
1|166
2|166
0|168
3|171
4|170
4|169
5|169
3|171
10|178
11|177
11|176
12|176
10|178
0|169
1|168
1|167
2|167
0|169
3|172
4|171
4|170
5|170
3|172
10|179
11|178
11|177
12|177
10|179
0|214
1|213
1|212
2|212
0|214
3|217
4|216
4|215
5|215
3|217
10|224
11|223
11|222
12|222
10|224
0|215
1|214
1|213
2|213
0|215
3|218
4|217
4|216
5|216
3|218
10|225
11|224
11|223
12|223
10|225
0|22
1|21
1|20
2|20
0|22
3|25
4|24
4|23
5|23
3|25
10|32
11|31
11|30
12|30
10|32
0|23
1|22
1|21
2|21
0|23
3|26
4|25
4|24
5|24
3|26
10|33
11|32
11|31
12|31
10|33
0|31
1|30
1|29
2|29
0|31
3|34
4|33
4|32
5|32
3|34
10|41
11|40
11|39
12|39
10|41
0|32
1|31
1|30
2|30
0|32
3|35
4|34
4|33
5|33
3|35
10|42
11|41
11|40
12|40
10|42
0|249
1|248
1|247
2|247
0|249
3|252
4|251
4|250
5|250
3|252
10|259
11|258
11|257
12|257
10|259
0|250
1|249
1|248
2|248
0|250
3|253
4|252
4|251
5|251
3|253
10|260
11|259
11|258
12|258
10|260
0|131
1|130
1|129
2|129
0|131
3|134
4|133
4|132
5|132
3|134
10|141
11|140
11|139
12|139
10|141
0|132
1|131
1|130
2|130
0|132
3|135
4|134
4|133
5|133
3|135
10|142
11|141
11|140
12|140
10|142
0|107
1|106
1|105
2|105
0|107
3|110
4|109
4|108
5|108
3|110
10|117
11|116
11|115
12|115
10|117
0|108
1|107
1|106
2|106
0|108
3|111
4|110
4|109
5|109
3|111
10|118
11|117
11|116
12|116
10|118
0|109
1|108
1|107
2|107
0|109
3|112
4|111
4|110
5|110
3|112
10|119
11|118
11|117
12|117
10|119
0|110
1|109
1|108
2|108
0|110
3|113
4|112
4|111
5|111
3|113
10|120
11|119
11|118
12|118
10|120
0|132
1|131
1|130
2|130
0|132
3|135
4|134
4|133
5|133
3|135
10|142
11|141
11|140
12|140
10|142
0|133
1|132
1|131
2|131
0|133
3|136
4|135
4|134
5|134
3|136
10|143
11|142
11|141
12|141
10|143
0|144
1|143
1|142
2|142
0|144
3|147
4|146
4|145
5|145
3|147
10|154
11|153
11|152
12|152
10|154
0|145
1|144
1|143
2|143
0|145
3|148
4|147
4|146
5|146
3|148
10|155
11|154
11|153
12|153
10|155
0|30
1|29
1|28
2|28
0|30
3|33
4|32
4|31
5|31
3|33
10|40
11|39
11|38
12|38
10|40
0|31
1|30
1|29
2|29
0|31
3|34
4|33
4|32
5|32
3|34
10|41
11|40
11|39
12|39
10|41
0|90
1|89
1|88
2|88
0|90
3|93
4|92
4|91
5|91
3|93
10|100
11|99
11|98
12|98
10|100
0|91
1|90
1|89
2|89
0|91
3|94
4|93
4|92
5|92
3|94
10|101
11|100
11|99
12|99
10|101
0|238
1|237
1|236
2|236
0|238
3|241
4|240
4|239
5|239
3|241
10|248
11|247
11|246
12|246
10|248
0|239
1|238
1|237
2|237
0|239
3|242
4|241
4|240
5|240
3|242
10|249
11|248
11|247
12|247
10|249
0|173
1|172
1|171
2|171
0|173
3|176
4|175
4|174
5|174
3|176
10|183
11|182
11|181
12|181
10|183
0|174
1|173
1|172
2|172
0|174
3|177
4|176
4|175
5|175
3|177
10|184
11|183
11|182
12|182
10|184
0|12
1|11
1|10
2|10
0|12
3|15
4|14
4|13
5|13
3|15
10|22
11|21
11|20
12|20
10|22
0|13
1|12
1|11
2|11
0|13
3|16
4|15
4|14
5|14
3|16
10|23
11|22
11|21
12|21
10|23
0|72
1|71
1|70
2|70
0|72
3|75
4|74
4|73
5|73
3|75
10|82
11|81
11|80
12|80
10|82
0|73
1|72
1|71
2|71
0|73
3|76
4|75
4|74
5|74
3|76
10|83
11|82
11|81
12|81
10|83
0|9
1|8
1|7
2|7
0|9
3|12
4|11
4|10
5|10
3|12
10|19
11|18
11|17
12|17
10|19
0|10
1|9
1|8
2|8
0|10
3|13
4|12
4|11
5|11
3|13
10|20
11|19
11|18
12|18
10|20
0|83
1|82
1|81
2|81
0|83
3|86
4|85
4|84
5|84
3|86
10|93
11|92
11|91
12|91
10|93
0|84
1|83
1|82
2|82
0|84
3|87
4|86
4|85
5|85
3|87
10|94
11|93
11|92
12|92
10|94
0|197
1|196
1|195
2|195
0|197
3|200
4|199
4|198
5|198
3|200
10|207
11|206
11|205
12|205
10|207
0|198
1|197
1|196
2|196
0|198
3|201
4|200
4|199
5|199
3|201
10|208
11|207
11|206
12|206
10|208
0|227
1|226
1|225
2|225
0|227
3|230
4|229
4|228
5|228
3|230
10|237
11|236
11|235
12|235
10|237
0|228
1|227
1|226
2|226
0|228
3|231
4|230
4|229
5|229
3|231
10|238
11|237
11|236
12|236
10|238
0|179
1|178
1|177
2|177
0|179
3|182
4|181
4|180
5|180
3|182
10|189
11|188
11|187
12|187
10|189
0|180
1|179
1|178
2|178
0|180
3|183
4|182
4|181
5|181
3|183
10|190
11|189
11|188
12|188
10|190
0|272
1|271
1|270
2|270
0|272
3|275
4|274
4|273
5|273
3|275
10|282
11|281
11|280
12|280
10|282
0|273
1|272
1|271
2|271
0|273
3|276
4|275
4|274
5|274
3|276
10|283
11|282
11|281
12|281
10|283
0|12
1|11
1|10
2|10
0|12
3|15
4|14
4|13
5|13
3|15
10|22
11|21
11|20
12|20
10|22
0|13
1|12
1|11
2|11
0|13
3|16
4|15
4|14
5|14
3|16
10|23
11|22
11|21
12|21
10|23
0|67
1|66
1|65
2|65
0|67
3|70
4|69
4|68
5|68
3|70
10|77
11|76
11|75
12|75
10|77
0|68
1|67
1|66
2|66
0|68
3|71
4|70
4|69
5|69
3|71
10|78
11|77
11|76
12|76
10|78
0|31
1|30
1|29
2|29
0|31
3|34
4|33
4|32
5|32
3|34
10|41
11|40
11|39
12|39
10|41
0|32
1|31
1|30
2|30
0|32
3|35
4|34
4|33
5|33
3|35
10|42
11|41
11|40
12|40
10|42
0|78
1|77
1|76
2|76
0|78
3|81
4|80
4|79
5|79
3|81
10|88
11|87
11|86
12|86
10|88
0|79
1|78
1|77
2|77
0|79
3|82
4|81
4|80
5|80
3|82
10|89
11|88
11|87
12|87
10|89
0|164
1|163
1|162
2|162
0|164
3|167
4|166
4|165
5|165
3|167
10|174
11|173
11|172
12|172
10|174
0|165
1|164
1|163
2|163
0|165
3|168
4|167
4|166
5|166
3|168
10|175
11|174
11|173
12|173
10|175
0|18
1|17
1|16
2|16
0|18
3|21
4|20
4|19
5|19
3|21
10|28
11|27
11|26
12|26
10|28
0|19
1|18
1|17
2|17
0|19
3|22
4|21
4|20
5|20
3|22
10|29
11|28
11|27
12|27
10|29
0|165
1|164
1|163
2|163
0|165
3|168
4|167
4|166
5|166
3|168
10|175
11|174
11|173
12|173
10|175
0|166
1|165
1|164
2|164
0|166
3|169
4|168
4|167
5|167
3|169
10|176
11|175
11|174
12|174
10|176
0|212
1|211
1|210
2|210
0|212
3|215
4|214
4|213
5|213
3|215
10|222
11|221
11|220
12|220
10|222
0|213
1|212
1|211
2|211
0|213
3|216
4|215
4|214
5|214
3|216
10|223
11|222
11|221
12|221
10|223
0|276
1|275
1|274
2|274
0|276
3|279
4|278
4|277
5|277
3|279
10|286
11|285
11|284
12|284
10|286
0|277
1|276
1|275
2|275
0|277
3|280
4|279
4|278
5|278
3|280
10|287
11|286
11|285
12|285
10|287
0|123
1|122
1|121
2|121
0|123
3|126
4|125
4|124
5|124
3|126
10|133
11|132
11|131
12|131
10|133
0|124
1|123
1|122
2|122
0|124
3|127
4|126
4|125
5|125
3|127
10|134
11|133
11|132
12|132
10|134
0|34
1|33
1|32
2|32
0|34
3|37
4|36
4|35
5|35
3|37
10|44
11|43
11|42
12|42
10|44
0|35
1|34
1|33
2|33
0|35
3|38
4|37
4|36
5|36
3|38
10|45
11|44
11|43
12|43
10|45
0|53
1|52
1|51
2|51
0|53
3|56
4|55
4|54
5|54
3|56
10|63
11|62
11|61
12|61
10|63
0|54
1|53
1|52
2|52
0|54
3|57
4|56
4|55
5|55
3|57
10|64
11|63
11|62
12|62
10|64
0|224
1|223
1|222
2|222
0|224
3|227
4|226
4|225
5|225
3|227
10|234
11|233
11|232
12|232
10|234
0|225
1|224
1|223
2|223
0|225
3|228
4|227
4|226
5|226
3|228
10|235
11|234
11|233
12|233
10|235
0|142
1|141
1|140
2|140
0|142
3|145
4|144
4|143
5|143
3|145
10|152
11|151
11|150
12|150
10|152
0|143
1|142
1|141
2|141
0|143
3|146
4|145
4|144
5|144
3|146
10|153
11|152
11|151
12|151
10|153
0|90
1|89
1|88
2|88
0|90
3|93
4|92
4|91
5|91
3|93
10|100
11|99
11|98
12|98
10|100
0|91
1|90
1|89
2|89
0|91
3|94
4|93
4|92
5|92
3|94
10|101
11|100
11|99
12|99
10|101
0|59
1|58
1|57
2|57
0|59
3|62
4|61
4|60
5|60
3|62
10|69
11|68
11|67
12|67
10|69
0|60
1|59
1|58
2|58
0|60
3|63
4|62
4|61
5|61
3|63
10|70
11|69
11|68
12|68
10|70
0|237
1|236
1|235
2|235
0|237
3|240
4|239
4|238
5|238
3|240
10|247
11|246
11|245
12|245
10|247
0|238
1|237
1|236
2|236
0|238
3|241
4|240
4|239
5|239
3|241
10|248
11|247
11|246
12|246
10|248
0|205
1|204
1|203
2|203
0|205
3|208
4|207
4|206
5|206
3|208
10|215
11|214
11|213
12|213
10|215
0|206
1|205
1|204
2|204
0|206
3|209
4|208
4|207
5|207
3|209
10|216
11|215
11|214
12|214
10|216
0|15
1|14
1|13
2|13
0|15
3|18
4|17
4|16
5|16
3|18
10|25
11|24
11|23
12|23
10|25
0|16
1|15
1|14
2|14
0|16
3|19
4|18
4|17
5|17
3|19
10|26
11|25
11|24
12|24
10|26
0|135
1|134
1|133
2|133
0|135
3|138
4|137
4|136
5|136
3|138
10|145
11|144
11|143
12|143
10|145
0|136
1|135
1|134
2|134
0|136
3|139
4|138
4|137
5|137
3|139
10|146
11|145
11|144
12|144
10|146
0|122
1|121
1|120
2|120
0|122
3|125
4|124
4|123
5|123
3|125
10|132
11|131
11|130
12|130
10|132
0|123
1|122
1|121
2|121
0|123
3|126
4|125
4|124
5|124
3|126
10|133
11|132
11|131
12|131
10|133
0|102
1|101
1|100
2|100
0|102
3|105
4|104
4|103
5|103
3|105
10|112
11|111
11|110
12|110
10|112
0|103
1|102
1|101
2|101
0|103
3|106
4|105
4|104
5|104
3|106
10|113
11|112
11|111
12|111
10|113
0|275
1|274
1|273
2|273
0|275
3|278
4|277
4|276
5|276
3|278
10|285
11|284
11|283
12|283
10|285
0|276
1|275
1|274
2|274
0|276
3|279
4|278
4|277
5|277
3|279
10|286
11|285
11|284
12|284
10|286
0|143
1|142
1|141
2|141
0|143
3|146
4|145
4|144
5|144
3|146
10|153
11|152
11|151
12|151
10|153
0|144
1|143
1|142
2|142
0|144
3|147
4|146
4|145
5|145
3|147
10|154
11|153
11|152
12|152
10|154
0|236
1|235
1|234
2|234
0|236
3|239
4|238
4|237
5|237
3|239
10|246
11|245
11|244
12|244
10|246
0|237
1|236
1|235
2|235
0|237
3|240
4|239
4|238
5|238
3|240
10|247
11|246
11|245
12|245
10|247
0|277
1|276
1|275
2|275
0|277
3|280
4|279
4|278
5|278
3|280
10|287
11|286
11|285
12|285
10|287
0|278
1|277
1|276
2|276
0|278
3|281
4|280
4|279
5|279
3|281
10|288
11|287
11|286
12|286
10|288
0|293
1|292
1|291
2|291
0|293
3|296
4|295
4|294
5|294
3|296
10|303
11|302
11|301
12|301
10|303
0|294
1|293
1|292
2|292
0|294
3|297
4|296
4|295
5|295
3|297
10|304
11|303
11|302
12|302
10|304
0|162
1|161
1|160
2|160
0|162
3|165
4|164
4|163
5|163
3|165
10|172
11|171
11|170
12|170
10|172
0|163
1|162
1|161
2|161
0|163
3|166
4|165
4|164
5|164
3|166
10|173
11|172
11|171
12|171
10|173
0|208
1|207
1|206
2|206
0|208
3|211
4|210
4|209
5|209
3|211
10|218
11|217
11|216
12|216
10|218
0|209
1|208
1|207
2|207
0|209
3|212
4|211
4|210
5|210
3|212
10|219
11|218
11|217
12|217
10|219
0|11
1|10
1|9
2|9
0|11
3|14
4|13
4|12
5|12
3|14
10|21
11|20
11|19
12|19
10|21
0|12
1|11
1|10
2|10
0|12
3|15
4|14
4|13
5|13
3|15
10|22
11|21
11|20
12|20
10|22
0|278
1|277
1|276
2|276
0|278
3|281
4|280
4|279
5|279
3|281
10|288
11|287
11|286
12|286
10|288
0|279
1|278
1|277
2|277
0|279
3|282
4|281
4|280
5|280
3|282
10|289
11|288
11|287
12|287
10|289
0|262
1|261
1|260
2|260
0|262
3|265
4|264
4|263
5|263
3|265
10|272
11|271
11|270
12|270
10|272
0|263
1|262
1|261
2|261
0|263
3|266
4|265
4|264
5|264
3|266
10|273
11|272
11|271
12|271
10|273
0|251
1|250
1|249
2|249
0|251
3|254
4|253
4|252
5|252
3|254
10|261
11|260
11|259
12|259
10|261
0|252
1|251
1|250
2|250
0|252
3|255
4|254
4|253
5|253
3|255
10|262
11|261
11|260
12|260
10|262
0|30
1|29
1|28
2|28
0|30
3|33
4|32
4|31
5|31
3|33
10|40
11|39
11|38
12|38
10|40
0|31
1|30
1|29
2|29
0|31
3|34
4|33
4|32
5|32
3|34
10|41
11|40
11|39
12|39
10|41
0|201
1|200
1|199
2|199
0|201
3|204
4|203
4|202
5|202
3|204
10|211
11|210
11|209
12|209
10|211
0|202
1|201
1|200
2|200
0|202
3|205
4|204
4|203
5|203
3|205
10|212
11|211
11|210
12|210
10|212
0|77
1|76
1|75
2|75
0|77
3|80
4|79
4|78
5|78
3|80
10|87
11|86
11|85
12|85
10|87
0|78
1|77
1|76
2|76
0|78
3|81
4|80
4|79
5|79
3|81
10|88
11|87
11|86
12|86
10|88
0|169
1|168
1|167
2|167
0|169
3|172
4|171
4|170
5|170
3|172
10|179
11|178
11|177
12|177
10|179
0|170
1|169
1|168
2|168
0|170
3|173
4|172
4|171
5|171
3|173
10|180
11|179
11|178
12|178
10|180
0|65
1|64
1|63
2|63
0|65
3|68
4|67
4|66
5|66
3|68
10|75
11|74
11|73
12|73
10|75
0|66
1|65
1|64
2|64
0|66
3|69
4|68
4|67
5|67
3|69
10|76
11|75
11|74
12|74
10|76
0|205
1|204
1|203
2|203
0|205
3|208
4|207
4|206
5|206
3|208
10|215
11|214
11|213
12|213
10|215
0|206
1|205
1|204
2|204
0|206
3|209
4|208
4|207
5|207
3|209
10|216
11|215
11|214
12|214
10|216
0|17
1|16
1|15
2|15
0|17
3|20
4|19
4|18
5|18
3|20
10|27
11|26
11|25
12|25
10|27
0|18
1|17
1|16
2|16
0|18
3|21
4|20
4|19
5|19
3|21
10|28
11|27
11|26
12|26
10|28
0|185
1|184
1|183
2|183
0|185
3|188
4|187
4|186
5|186
3|188
10|195
11|194
11|193
12|193
10|195
0|186
1|185
1|184
2|184
0|186
3|189
4|188
4|187
5|187
3|189
10|196
11|195
11|194
12|194
10|196
0|222
1|221
1|220
2|220
0|222
3|225
4|224
4|223
5|223
3|225
10|232
11|231
11|230
12|230
10|232
0|223
1|222
1|221
2|221
0|223
3|226
4|225
4|224
5|224
3|226
10|233
11|232
11|231
12|231
10|233
0|101
1|100
1|99
2|99
0|101
3|104
4|103
4|102
5|102
3|104
10|111
11|110
11|109
12|109
10|111
0|102
1|101
1|100
2|100
0|102
3|105
4|104
4|103
5|103
3|105
10|112
11|111
11|110
12|110
10|112
0|209
1|208
1|207
2|207
0|209
3|212
4|211
4|210
5|210
3|212
10|219
11|218
11|217
12|217
10|219
0|210
1|209
1|208
2|208
0|210
3|213
4|212
4|211
5|211
3|213
10|220
11|219
11|218
12|218
10|220
0|139
1|138
1|137
2|137
0|139
3|142
4|141
4|140
5|140
3|142
10|149
11|148
11|147
12|147
10|149
0|140
1|139
1|138
2|138
0|140
3|143
4|142
4|141
5|141
3|143
10|150
11|149
11|148
12|148
10|150
0|229
1|228
1|227
2|227
0|229
3|232
4|231
4|230
5|230
3|232
10|239
11|238
11|237
12|237
10|239
0|230
1|229
1|228
2|228
0|230
3|233
4|232
4|231
5|231
3|233
10|240
11|239
11|238
12|238
10|240
0|166
1|165
1|164
2|164
0|166
3|169
4|168
4|167
5|167
3|169
10|176
11|175
11|174
12|174
10|176
0|167
1|166
1|165
2|165
0|167
3|170
4|169
4|168
5|168
3|170
10|177
11|176
11|175
12|175
10|177
0|112
1|111
1|110
2|110
0|112
3|115
4|114
4|113
5|113
3|115
10|122
11|121
11|120
12|120
10|122
0|113
1|112
1|111
2|111
0|113
3|116
4|115
4|114
5|114
3|116
10|123
11|122
11|121
12|121
10|123
0|84
1|83
1|82
2|82
0|84
3|87
4|86
4|85
5|85
3|87
10|94
11|93
11|92
12|92
10|94
0|85
1|84
1|83
2|83
0|85
3|88
4|87
4|86
5|86
3|88
10|95
11|94
11|93
12|93
10|95
0|177
1|176
1|175
2|175
0|177
3|180
4|179
4|178
5|178
3|180
10|187
11|186
11|185
12|185
10|187
0|178
1|177
1|176
2|176
0|178
3|181
4|180
4|179
5|179
3|181
10|188
11|187
11|186
12|186
10|188
0|209
1|208
1|207
2|207
0|209
3|212
4|211
4|210
5|210
3|212
10|219
11|218
11|217
12|217
10|219
0|210
1|209
1|208
2|208
0|210
3|213
4|212
4|211
5|211
3|213
10|220
11|219
11|218
12|218
10|220
0|225
1|224
1|223
2|223
0|225
3|228
4|227
4|226
5|226
3|228
10|235
11|234
11|233
12|233
10|235
0|226
1|225
1|224
2|224
0|226
3|229
4|228
4|227
5|227
3|229
10|236
11|235
11|234
12|234
10|236
0|303
1|302
1|301
2|301
0|303
3|306
4|305
4|304
5|304
3|306
10|313
11|312
11|311
12|311
10|313
0|304
1|303
1|302
2|302
0|304
3|307
4|306
4|305
5|305
3|307
10|314
11|313
11|312
12|312
10|314
0|77
1|76
1|75
2|75
0|77
3|80
4|79
4|78
5|78
3|80
10|87
11|86
11|85
12|85
10|87
0|78
1|77
1|76
2|76
0|78
3|81
4|80
4|79
5|79
3|81
10|88
11|87
11|86
12|86
10|88
0|39
1|38
1|37
2|37
0|39
3|42
4|41
4|40
5|40
3|42
10|49
11|48
11|47
12|47
10|49
0|40
1|39
1|38
2|38
0|40
3|43
4|42
4|41
5|41
3|43
10|50
11|49
11|48
12|48
10|50
0|168
1|167
1|166
2|166
0|168
3|171
4|170
4|169
5|169
3|171
10|178
11|177
11|176
12|176
10|178
0|169
1|168
1|167
2|167
0|169
3|172
4|171
4|170
5|170
3|172
10|179
11|178
11|177
12|177
10|179
0|9
1|8
1|7
2|7
0|9
3|12
4|11
4|10
5|10
3|12
10|19
11|18
11|17
12|17
10|19
0|10
1|9
1|8
2|8
0|10
3|13
4|12
4|11
5|11
3|13
10|20
11|19
11|18
12|18
10|20
0|14
1|13
1|12
2|12
0|14
3|17
4|16
4|15
5|15
3|17
10|24
11|23
11|22
12|22
10|24
0|15
1|14
1|13
2|13
0|15
3|18
4|17
4|16
5|16
3|18
10|25
11|24
11|23
12|23
10|25
0|245
1|244
1|243
2|243
0|245
3|248
4|247
4|246
5|246
3|248
10|255
11|254
11|253
12|253
10|255
0|246
1|245
1|244
2|244
0|246
3|249
4|248
4|247
5|247
3|249
10|256
11|255
11|254
12|254
10|256
0|224
1|223
1|222
2|222
0|224
3|227
4|226
4|225
5|225
3|227
10|234
11|233
11|232
12|232
10|234
0|225
1|224
1|223
2|223
0|225
3|228
4|227
4|226
5|226
3|228
10|235
11|234
11|233
12|233
10|235
0|36
1|35
1|34
2|34
0|36
3|39
4|38
4|37
5|37
3|39
10|46
11|45
11|44
12|44
10|46
0|37
1|36
1|35
2|35
0|37
3|40
4|39
4|38
5|38
3|40
10|47
11|46
11|45
12|45
10|47
0|124
1|123
1|122
2|122
0|124
3|127
4|126
4|125
5|125
3|127
10|134
11|133
11|132
12|132
10|134
0|125
1|124
1|123
2|123
0|125
3|128
4|127
4|126
5|126
3|128
10|135
11|134
11|133
12|133
10|135
0|284
1|283
1|282
2|282
0|284
3|287
4|286
4|285
5|285
3|287
10|294
11|293
11|292
12|292
10|294
0|285
1|284
1|283
2|283
0|285
3|288
4|287
4|286
5|286
3|288
10|295
11|294
11|293
12|293
10|295
0|112
1|111
1|110
2|110
0|112
3|115
4|114
4|113
5|113
3|115
10|122
11|121
11|120
12|120
10|122
0|113
1|112
1|111
2|111
0|113
3|116
4|115
4|114
5|114
3|116
10|123
11|122
11|121
12|121
10|123
0|267
1|266
1|265
2|265
0|267
3|270
4|269
4|268
5|268
3|270
10|277
11|276
11|275
12|275
10|277
0|268
1|267
1|266
2|266
0|268
3|271
4|270
4|269
5|269
3|271
10|278
11|277
11|276
12|276
10|278
0|275
1|274
1|273
2|273
0|275
3|278
4|277
4|276
5|276
3|278
10|285
11|284
11|283
12|283
10|285
0|276
1|275
1|274
2|274
0|276
3|279
4|278
4|277
5|277
3|279
10|286
11|285
11|284
12|284
10|286
0|102
1|101
1|100
2|100
0|102
3|105
4|104
4|103
5|103
3|105
10|112
11|111
11|110
12|110
10|112
0|103
1|102
1|101
2|101
0|103
3|106
4|105
4|104
5|104
3|106
10|113
11|112
11|111
12|111
10|113
0|40
1|39
1|38
2|38
0|40
3|43
4|42
4|41
5|41
3|43
10|50
11|49
11|48
12|48
10|50
0|41
1|40
1|39
2|39
0|41
3|44
4|43
4|42
5|42
3|44
10|51
11|50
11|49
12|49
10|51
0|173
1|172
1|171
2|171
0|173
3|176
4|175
4|174
5|174
3|176
10|183
11|182
11|181
12|181
10|183
0|174
1|173
1|172
2|172
0|174
3|177
4|176
4|175
5|175
3|177
10|184
11|183
11|182
12|182
10|184
0|279
1|278
1|277
2|277
0|279
3|282
4|281
4|280
5|280
3|282
10|289
11|288
11|287
12|287
10|289
0|280
1|279
1|278
2|278
0|280
3|283
4|282
4|281
5|281
3|283
10|290
11|289
11|288
12|288
10|290
0|139
1|138
1|137
2|137
0|139
3|142
4|141
4|140
5|140
3|142
10|149
11|148
11|147
12|147
10|149
0|140
1|139
1|138
2|138
0|140
3|143
4|142
4|141
5|141
3|143
10|150
11|149
11|148
12|148
10|150
0|301
1|300
1|299
2|299
0|301
3|304
4|303
4|302
5|302
3|304
10|311
11|310
11|309
12|309
10|311
0|302
1|301
1|300
2|300
0|302
3|305
4|304
4|303
5|303
3|305
10|312
11|311
11|310
12|310
10|312
0|182
1|181
1|180
2|180
0|182
3|185
4|184
4|183
5|183
3|185
10|192
11|191
11|190
12|190
10|192
0|183
1|182
1|181
2|181
0|183
3|186
4|185
4|184
5|184
3|186
10|193
11|192
11|191
12|191
10|193
0|305
1|304
1|303
2|303
0|305
3|308
4|307
4|306
5|306
3|308
10|315
11|314
11|313
12|313
10|315
0|306
1|305
1|304
2|304
0|306
3|309
4|308
4|307
5|307
3|309
10|316
11|315
11|314
12|314
10|316
0|293
1|292
1|291
2|291
0|293
3|296
4|295
4|294
5|294
3|296
10|303
11|302
11|301
12|301
10|303
0|294
1|293
1|292
2|292
0|294
3|297
4|296
4|295
5|295
3|297
10|304
11|303
11|302
12|302
10|304
0|168
1|167
1|166
2|166
0|168
3|171
4|170
4|169
5|169
3|171
10|178
11|177
11|176
12|176
10|178
0|169
1|168
1|167
2|167
0|169
3|172
4|171
4|170
5|170
3|172
10|179
11|178
11|177
12|177
10|179
0|141
1|140
1|139
2|139
0|141
3|144
4|143
4|142
5|142
3|144
10|151
11|150
11|149
12|149
10|151
0|142
1|141
1|140
2|140
0|142
3|145
4|144
4|143
5|143
3|145
10|152
11|151
11|150
12|150
10|152
0|291
1|290
1|289
2|289
0|291
3|294
4|293
4|292
5|292
3|294
10|301
11|300
11|299
12|299
10|301
0|292
1|291
1|290
2|290
0|292
3|295
4|294
4|293
5|293
3|295
10|302
11|301
11|300
12|300
10|302
0|199
1|198
1|197
2|197
0|199
3|202
4|201
4|200
5|200
3|202
10|209
11|208
11|207
12|207
10|209
0|200
1|199
1|198
2|198
0|200
3|203
4|202
4|201
5|201
3|203
10|210
11|209
11|208
12|208
10|210
0|180
1|179
1|178
2|178
0|180
3|183
4|182
4|181
5|181
3|183
10|190
11|189
11|188
12|188
10|190
0|181
1|180
1|179
2|179
0|181
3|184
4|183
4|182
5|182
3|184
10|191
11|190
11|189
12|189
10|191
0|114
1|113
1|112
2|112
0|114
3|117
4|116
4|115
5|115
3|117
10|124
11|123
11|122
12|122
10|124
0|115
1|114
1|113
2|113
0|115
3|118
4|117
4|116
5|116
3|118
10|125
11|124
11|123
12|123
10|125
0|12
1|11
1|10
2|10
0|12
3|15
4|14
4|13
5|13
3|15
10|22
11|21
11|20
12|20
10|22
0|13
1|12
1|11
2|11
0|13
3|16
4|15
4|14
5|14
3|16
10|23
11|22
11|21
12|21
10|23
0|76
1|75
1|74
2|74
0|76
3|79
4|78
4|77
5|77
3|79
10|86
11|85
11|84
12|84
10|86
0|77
1|76
1|75
2|75
0|77
3|80
4|79
4|78
5|78
3|80
10|87
11|86
11|85
12|85
10|87
0|152
1|151
1|150
2|150
0|152
3|155
4|154
4|153
5|153
3|155
10|162
11|161
11|160
12|160
10|162
0|153
1|152
1|151
2|151
0|153
3|156
4|155
4|154
5|154
3|156
10|163
11|162
11|161
12|161
10|163
0|51
1|50
1|49
2|49
0|51
3|54
4|53
4|52
5|52
3|54
10|61
11|60
11|59
12|59
10|61
0|52
1|51
1|50
2|50
0|52
3|55
4|54
4|53
5|53
3|55
10|62
11|61
11|60
12|60
10|62
0|178
1|177
1|176
2|176
0|178
3|181
4|180
4|179
5|179
3|181
10|188
11|187
11|186
12|186
10|188
0|179
1|178
1|177
2|177
0|179
3|182
4|181
4|180
5|180
3|182
10|189
11|188
11|187
12|187
10|189
0|123
1|122
1|121
2|121
0|123
3|126
4|125
4|124
5|124
3|126
10|133
11|132
11|131
12|131
10|133
0|124
1|123
1|122
2|122
0|124
3|127
4|126
4|125
5|125
3|127
10|134
11|133
11|132
12|132
10|134
0|302
1|301
1|300
2|300
0|302
3|305
4|304
4|303
5|303
3|305
10|312
11|311
11|310
12|310
10|312
0|303
1|302
1|301
2|301
0|303
3|306
4|305
4|304
5|304
3|306
10|313
11|312
11|311
12|311
10|313
0|52
1|51
1|50
2|50
0|52
3|55
4|54
4|53
5|53
3|55
10|62
11|61
11|60
12|60
10|62
0|53
1|52
1|51
2|51
0|53
3|56
4|55
4|54
5|54
3|56
10|63
11|62
11|61
12|61
10|63
0|189
1|188
1|187
2|187
0|189
3|192
4|191
4|190
5|190
3|192
10|199
11|198
11|197
12|197
10|199
0|190
1|189
1|188
2|188
0|190
3|193
4|192
4|191
5|191
3|193
10|200
11|199
11|198
12|198
10|200
0|182
1|181
1|180
2|180
0|182
3|185
4|184
4|183
5|183
3|185
10|192
11|191
11|190
12|190
10|192
0|183
1|182
1|181
2|181
0|183
3|186
4|185
4|184
5|184
3|186
10|193
11|192
11|191
12|191
10|193
0|212
1|211
1|210
2|210
0|212
3|215
4|214
4|213
5|213
3|215
10|222
11|221
11|220
12|220
10|222
0|213
1|212
1|211
2|211
0|213
3|216
4|215
4|214
5|214
3|216
10|223
11|222
11|221
12|221
10|223
0|109
1|108
1|107
2|107
0|109
3|112
4|111
4|110
5|110
3|112
10|119
11|118
11|117
12|117
10|119
0|110
1|109
1|108
2|108
0|110
3|113
4|112
4|111
5|111
3|113
10|120
11|119
11|118
12|118
10|120
0|147
1|146
1|145
2|145
0|147
3|150
4|149
4|148
5|148
3|150
10|157
11|156
11|155
12|155
10|157
0|148
1|147
1|146
2|146
0|148
3|151
4|150
4|149
5|149
3|151
10|158
11|157
11|156
12|156
10|158
0|90
1|89
1|88
2|88
0|90
3|93
4|92
4|91
5|91
3|93
10|100
11|99
11|98
12|98
10|100
0|91
1|90
1|89
2|89
0|91
3|94
4|93
4|92
5|92
3|94
10|101
11|100
11|99
12|99
10|101
0|163
1|162
1|161
2|161
0|163
3|166
4|165
4|164
5|164
3|166
10|173
11|172
11|171
12|171
10|173
0|164
1|163
1|162
2|162
0|164
3|167
4|166
4|165
5|165
3|167
10|174
11|173
11|172
12|172
10|174
0|6
1|5
1|4
2|4
0|6
3|9
4|8
4|7
5|7
3|9
10|16
11|15
11|14
12|14
10|16
0|7
1|6
1|5
2|5
0|7
3|10
4|9
4|8
5|8
3|10
10|17
11|16
11|15
12|15
10|17
0|171
1|170
1|169
2|169
0|171
3|174
4|173
4|172
5|172
3|174
10|181
11|180
11|179
12|179
10|181
0|172
1|171
1|170
2|170
0|172
3|175
4|174
4|173
5|173
3|175
10|182
11|181
11|180
12|180
10|182
0|160
1|159
1|158
2|158
0|160
3|163
4|162
4|161
5|161
3|163
10|170
11|169
11|168
12|168
10|170
0|161
1|160
1|159
2|159
0|161
3|164
4|163
4|162
5|162
3|164
10|171
11|170
11|169
12|169
10|171
0|295
1|294
1|293
2|293
0|295
3|298
4|297
4|296
5|296
3|298
10|305
11|304
11|303
12|303
10|305
0|296
1|295
1|294
2|294
0|296
3|299
4|298
4|297
5|297
3|299
10|306
11|305
11|304
12|304
10|306
0|213
1|212
1|211
2|211
0|213
3|216
4|215
4|214
5|214
3|216
10|223
11|222
11|221
12|221
10|223
0|214
1|213
1|212
2|212
0|214
3|217
4|216
4|215
5|215
3|217
10|224
11|223
11|222
12|222
10|224
0|214
1|213
1|212
2|212
0|214
3|217
4|216
4|215
5|215
3|217
10|224
11|223
11|222
12|222
10|224
0|215
1|214
1|213
2|213
0|215
3|218
4|217
4|216
5|216
3|218
10|225
11|224
11|223
12|223
10|225
0|291
1|290
1|289
2|289
0|291
3|294
4|293
4|292
5|292
3|294
10|301
11|300
11|299
12|299
10|301
0|292
1|291
1|290
2|290
0|292
3|295
4|294
4|293
5|293
3|295
10|302
11|301
11|300
12|300
10|302
0|283
1|282
1|281
2|281
0|283
3|286
4|285
4|284
5|284
3|286
10|293
11|292
11|291
12|291
10|293
0|284
1|283
1|282
2|282
0|284
3|287
4|286
4|285
5|285
3|287
10|294
11|293
11|292
12|292
10|294
0|49
1|48
1|47
2|47
0|49
3|52
4|51
4|50
5|50
3|52
10|59
11|58
11|57
12|57
10|59
0|50
1|49
1|48
2|48
0|50
3|53
4|52
4|51
5|51
3|53
10|60
11|59
11|58
12|58
10|60
0|162
1|161
1|160
2|160
0|162
3|165
4|164
4|163
5|163
3|165
10|172
11|171
11|170
12|170
10|172
0|163
1|162
1|161
2|161
0|163
3|166
4|165
4|164
5|164
3|166
10|173
11|172
11|171
12|171
10|173
0|41
1|40
1|39
2|39
0|41
3|44
4|43
4|42
5|42
3|44
10|51
11|50
11|49
12|49
10|51
0|42
1|41
1|40
2|40
0|42
3|45
4|44
4|43
5|43
3|45
10|52
11|51
11|50
12|50
10|52
0|303
1|302
1|301
2|301
0|303
3|306
4|305
4|304
5|304
3|306
10|313
11|312
11|311
12|311
10|313
0|304
1|303
1|302
2|302
0|304
3|307
4|306
4|305
5|305
3|307
10|314
11|313
11|312
12|312
10|314
0|55
1|54
1|53
2|53
0|55
3|58
4|57
4|56
5|56
3|58
10|65
11|64
11|63
12|63
10|65
0|56
1|55
1|54
2|54
0|56
3|59
4|58
4|57
5|57
3|59
10|66
11|65
11|64
12|64
10|66
0|110
1|109
1|108
2|108
0|110
3|113
4|112
4|111
5|111
3|113
10|120
11|119
11|118
12|118
10|120
0|111
1|110
1|109
2|109
0|111
3|114
4|113
4|112
5|112
3|114
10|121
11|120
11|119
12|119
10|121
0|281
1|280
1|279
2|279
0|281
3|284
4|283
4|282
5|282
3|284
10|291
11|290
11|289
12|289
10|291
0|282
1|281
1|280
2|280
0|282
3|285
4|284
4|283
5|283
3|285
10|292
11|291
11|290
12|290
10|292
0|152
1|151
1|150
2|150
0|152
3|155
4|154
4|153
5|153
3|155
10|162
11|161
11|160
12|160
10|162
0|153
1|152
1|151
2|151
0|153
3|156
4|155
4|154
5|154
3|156
10|163
11|162
11|161
12|161
10|163
0|208
1|207
1|206
2|206
0|208
3|211
4|210
4|209
5|209
3|211
10|218
11|217
11|216
12|216
10|218
0|209
1|208
1|207
2|207
0|209
3|212
4|211
4|210
5|210
3|212
10|219
11|218
11|217
12|217
10|219
0|306
1|305
1|304
2|304
0|306
3|309
4|308
4|307
5|307
3|309
10|316
11|315
11|314
12|314
10|316
0|307
1|306
1|305
2|305
0|307
3|310
4|309
4|308
5|308
3|310
10|317
11|316
11|315
12|315
10|317
0|139
1|138
1|137
2|137
0|139
3|142
4|141
4|140
5|140
3|142
10|149
11|148
11|147
12|147
10|149
0|140
1|139
1|138
2|138
0|140
3|143
4|142
4|141
5|141
3|143
10|150
11|149
11|148
12|148
10|150
0|35
1|34
1|33
2|33
0|35
3|38
4|37
4|36
5|36
3|38
10|45
11|44
11|43
12|43
10|45
0|36
1|35
1|34
2|34
0|36
3|39
4|38
4|37
5|37
3|39
10|46
11|45
11|44
12|44
10|46
0|21
1|20
1|19
2|19
0|21
3|24
4|23
4|22
5|22
3|24
10|31
11|30
11|29
12|29
10|31
0|22
1|21
1|20
2|20
0|22
3|25
4|24
4|23
5|23
3|25
10|32
11|31
11|30
12|30
10|32
0|2
1|1
0|2
0|2
0|2
3|5
4|4
3|5
3|5
3|5
10|12
11|11
10|12
10|12
10|12
0|204
1|203
1|202
2|202
0|204
3|207
4|206
4|205
5|205
3|207
10|214
11|213
11|212
12|212
10|214
0|205
1|204
1|203
2|203
0|205
3|208
4|207
4|206
5|206
3|208
10|215
11|214
11|213
12|213
10|215
0|255
1|254
1|253
2|253
0|255
3|258
4|257
4|256
5|256
3|258
10|265
11|264
11|263
12|263
10|265
0|256
1|255
1|254
2|254
0|256
3|259
4|258
4|257
5|257
3|259
10|266
11|265
11|264
12|264
10|266
0|5
1|4
1|3
2|3
0|5
3|8
4|7
4|6
5|6
3|8
10|15
11|14
11|13
12|13
10|15
0|6
1|5
1|4
2|4
0|6
3|9
4|8
4|7
5|7
3|9
10|16
11|15
11|14
12|14
10|16
0|269
1|268
1|267
2|267
0|269
3|272
4|271
4|270
5|270
3|272
10|279
11|278
11|277
12|277
10|279
0|270
1|269
1|268
2|268
0|270
3|273
4|272
4|271
5|271
3|273
10|280
11|279
11|278
12|278
10|280
0|155
1|154
1|153
2|153
0|155
3|158
4|157
4|156
5|156
3|158
10|165
11|164
11|163
12|163
10|165
0|156
1|155
1|154
2|154
0|156
3|159
4|158
4|157
5|157
3|159
10|166
11|165
11|164
12|164
10|166
0|165
1|164
1|163
2|163
0|165
3|168
4|167
4|166
5|166
3|168
10|175
11|174
11|173
12|173
10|175
0|166
1|165
1|164
2|164
0|166
3|169
4|168
4|167
5|167
3|169
10|176
11|175
11|174
12|174
10|176
0|211
1|210
1|209
2|209
0|211
3|214
4|213
4|212
5|212
3|214
10|221
11|220
11|219
12|219
10|221
0|212
1|211
1|210
2|210
0|212
3|215
4|214
4|213
5|213
3|215
10|222
11|221
11|220
12|220
10|222
0|14
1|13
1|12
2|12
0|14
3|17
4|16
4|15
5|15
3|17
10|24
11|23
11|22
12|22
10|24
0|15
1|14
1|13
2|13
0|15
3|18
4|17
4|16
5|16
3|18
10|25
11|24
11|23
12|23
10|25
0|209
1|208
1|207
2|207
0|209
3|212
4|211
4|210
5|210
3|212
10|219
11|218
11|217
12|217
10|219
0|210
1|209
1|208
2|208
0|210
3|213
4|212
4|211
5|211
3|213
10|220
11|219
11|218
12|218
10|220
0|10
1|9
1|8
2|8
0|10
3|13
4|12
4|11
5|11
3|13
10|20
11|19
11|18
12|18
10|20
0|11
1|10
1|9
2|9
0|11
3|14
4|13
4|12
5|12
3|14
10|21
11|20
11|19
12|19
10|21
0|223
1|222
1|221
2|221
0|223
3|226
4|225
4|224
5|224
3|226
10|233
11|232
11|231
12|231
10|233
0|224
1|223
1|222
2|222
0|224
3|227
4|226
4|225
5|225
3|227
10|234
11|233
11|232
12|232
10|234
0|206
1|205
1|204
2|204
0|206
3|209
4|208
4|207
5|207
3|209
10|216
11|215
11|214
12|214
10|216
0|207
1|206
1|205
2|205
0|207
3|210
4|209
4|208
5|208
3|210
10|217
11|216
11|215
12|215
10|217
0|8
1|7
1|6
2|6
0|8
3|11
4|10
4|9
5|9
3|11
10|18
11|17
11|16
12|16
10|18
0|9
1|8
1|7
2|7
0|9
3|12
4|11
4|10
5|10
3|12
10|19
11|18
11|17
12|17
10|19
0|307
1|306
1|305
2|305
0|307
3|310
4|309
4|308
5|308
3|310
10|317
11|316
11|315
12|315
10|317
0|308
1|307
1|306
2|306
0|308
3|311
4|310
4|309
5|309
3|311
10|318
11|317
11|316
12|316
10|318
0|262
1|261
1|260
2|260
0|262
3|265
4|264
4|263
5|263
3|265
10|272
11|271
11|270
12|270
10|272
0|263
1|262
1|261
2|261
0|263
3|266
4|265
4|264
5|264
3|266
10|273
11|272
11|271
12|271
10|273
0|92
1|91
1|90
2|90
0|92
3|95
4|94
4|93
5|93
3|95
10|102
11|101
11|100
12|100
10|102
0|93
1|92
1|91
2|91
0|93
3|96
4|95
4|94
5|94
3|96
10|103
11|102
11|101
12|101
10|103
0|208
1|207
1|206
2|206
0|208
3|211
4|210
4|209
5|209
3|211
10|218
11|217
11|216
12|216
10|218
0|209
1|208
1|207
2|207
0|209
3|212
4|211
4|210
5|210
3|212
10|219
11|218
11|217
12|217
10|219
0|246
1|245
1|244
2|244
0|246
3|249
4|248
4|247
5|247
3|249
10|256
11|255
11|254
12|254
10|256
0|247
1|246
1|245
2|245
0|247
3|250
4|249
4|248
5|248
3|250
10|257
11|256
11|255
12|255
10|257
0|82
1|81
1|80
2|80
0|82
3|85
4|84
4|83
5|83
3|85
10|92
11|91
11|90
12|90
10|92
0|83
1|82
1|81
2|81
0|83
3|86
4|85
4|84
5|84
3|86
10|93
11|92
11|91
12|91
10|93
0|167
1|166
1|165
2|165
0|167
3|170
4|169
4|168
5|168
3|170
10|177
11|176
11|175
12|175
10|177
0|168
1|167
1|166
2|166
0|168
3|171
4|170
4|169
5|169
3|171
10|178
11|177
11|176
12|176
10|178
0|129
1|128
1|127
2|127
0|129
3|132
4|131
4|130
5|130
3|132
10|139
11|138
11|137
12|137
10|139
0|130
1|129
1|128
2|128
0|130
3|133
4|132
4|131
5|131
3|133
10|140
11|139
11|138
12|138
10|140
0|155
1|154
1|153
2|153
0|155
3|158
4|157
4|156
5|156
3|158
10|165
11|164
11|163
12|163
10|165
0|156
1|155
1|154
2|154
0|156
3|159
4|158
4|157
5|157
3|159
10|166
11|165
11|164
12|164
10|166
0|189
1|188
1|187
2|187
0|189
3|192
4|191
4|190
5|190
3|192
10|199
11|198
11|197
12|197
10|199
0|190
1|189
1|188
2|188
0|190
3|193
4|192
4|191
5|191
3|193
10|200
11|199
11|198
12|198
10|200
0|205
1|204
1|203
2|203
0|205
3|208
4|207
4|206
5|206
3|208
10|215
11|214
11|213
12|213
10|215
0|206
1|205
1|204
2|204
0|206
3|209
4|208
4|207
5|207
3|209
10|216
11|215
11|214
12|214
10|216
0|253
1|252
1|251
2|251
0|253
3|256
4|255
4|254
5|254
3|256
10|263
11|262
11|261
12|261
10|263
0|254
1|253
1|252
2|252
0|254
3|257
4|256
4|255
5|255
3|257
10|264
11|263
11|262
12|262
10|264
0|155
1|154
1|153
2|153
0|155
3|158
4|157
4|156
5|156
3|158
10|165
11|164
11|163
12|163
10|165
0|156
1|155
1|154
2|154
0|156
3|159
4|158
4|157
5|157
3|159
10|166
11|165
11|164
12|164
10|166
0|234
1|233
1|232
2|232
0|234
3|237
4|236
4|235
5|235
3|237
10|244
11|243
11|242
12|242
10|244
0|235
1|234
1|233
2|233
0|235
3|238
4|237
4|236
5|236
3|238
10|245
11|244
11|243
12|243
10|245
0|217
1|216
1|215
2|215
0|217
3|220
4|219
4|218
5|218
3|220
10|227
11|226
11|225
12|225
10|227
0|218
1|217
1|216
2|216
0|218
3|221
4|220
4|219
5|219
3|221
10|228
11|227
11|226
12|226
10|228
0|29
1|28
1|27
2|27
0|29
3|32
4|31
4|30
5|30
3|32
10|39
11|38
11|37
12|37
10|39
0|30
1|29
1|28
2|28
0|30
3|33
4|32
4|31
5|31
3|33
10|40
11|39
11|38
12|38
10|40
0|259
1|258
1|257
2|257
0|259
3|262
4|261
4|260
5|260
3|262
10|269
11|268
11|267
12|267
10|269
0|260
1|259
1|258
2|258
0|260
3|263
4|262
4|261
5|261
3|263
10|270
11|269
11|268
12|268
10|270
0|113
1|112
1|111
2|111
0|113
3|116
4|115
4|114
5|114
3|116
10|123
11|122
11|121
12|121
10|123
0|114
1|113
1|112
2|112
0|114
3|117
4|116
4|115
5|115
3|117
10|124
11|123
11|122
12|122
10|124
0|51
1|50
1|49
2|49
0|51
3|54
4|53
4|52
5|52
3|54
10|61
11|60
11|59
12|59
10|61
0|52
1|51
1|50
2|50
0|52
3|55
4|54
4|53
5|53
3|55
10|62
11|61
11|60
12|60
10|62
0|177
1|176
1|175
2|175
0|177
3|180
4|179
4|178
5|178
3|180
10|187
11|186
11|185
12|185
10|187
0|178
1|177
1|176
2|176
0|178
3|181
4|180
4|179
5|179
3|181
10|188
11|187
11|186
12|186
10|188
0|215
1|214
1|213
2|213
0|215
3|218
4|217
4|216
5|216
3|218
10|225
11|224
11|223
12|223
10|225
0|216
1|215
1|214
2|214
0|216
3|219
4|218
4|217
5|217
3|219
10|226
11|225
11|224
12|224
10|226
0|20
1|19
1|18
2|18
0|20
3|23
4|22
4|21
5|21
3|23
10|30
11|29
11|28
12|28
10|30
0|21
1|20
1|19
2|19
0|21
3|24
4|23
4|22
5|22
3|24
10|31
11|30
11|29
12|29
10|31
0|286
1|285
1|284
2|284
0|286
3|289
4|288
4|287
5|287
3|289
10|296
11|295
11|294
12|294
10|296
0|287
1|286
1|285
2|285
0|287
3|290
4|289
4|288
5|288
3|290
10|297
11|296
11|295
12|295
10|297
0|297
1|296
1|295
2|295
0|297
3|300
4|299
4|298
5|298
3|300
10|307
11|306
11|305
12|305
10|307
0|298
1|297
1|296
2|296
0|298
3|301
4|300
4|299
5|299
3|301
10|308
11|307
11|306
12|306
10|308
0|291
1|290
1|289
2|289
0|291
3|294
4|293
4|292
5|292
3|294
10|301
11|300
11|299
12|299
10|301
0|292
1|291
1|290
2|290
0|292
3|295
4|294
4|293
5|293
3|295
10|302
11|301
11|300
12|300
10|302
0|121
1|120
1|119
2|119
0|121
3|124
4|123
4|122
5|122
3|124
10|131
11|130
11|129
12|129
10|131
0|122
1|121
1|120
2|120
0|122
3|125
4|124
4|123
5|123
3|125
10|132
11|131
11|130
12|130
10|132
0|131
1|130
1|129
2|129
0|131
3|134
4|133
4|132
5|132
3|134
10|141
11|140
11|139
12|139
10|141
0|132
1|131
1|130
2|130
0|132
3|135
4|134
4|133
5|133
3|135
10|142
11|141
11|140
12|140
10|142
0|93
1|92
1|91
2|91
0|93
3|96
4|95
4|94
5|94
3|96
10|103
11|102
11|101
12|101
10|103
0|94
1|93
1|92
2|92
0|94
3|97
4|96
4|95
5|95
3|97
10|104
11|103
11|102
12|102
10|104
0|110
1|109
1|108
2|108
0|110
3|113
4|112
4|111
5|111
3|113
10|120
11|119
11|118
12|118
10|120
0|111
1|110
1|109
2|109
0|111
3|114
4|113
4|112
5|112
3|114
10|121
11|120
11|119
12|119
10|121
0|275
1|274
1|273
2|273
0|275
3|278
4|277
4|276
5|276
3|278
10|285
11|284
11|283
12|283
10|285
0|276
1|275
1|274
2|274
0|276
3|279
4|278
4|277
5|277
3|279
10|286
11|285
11|284
12|284
10|286
0|127
1|126
1|125
2|125
0|127
3|130
4|129
4|128
5|128
3|130
10|137
11|136
11|135
12|135
10|137
0|128
1|127
1|126
2|126
0|128
3|131
4|130
4|129
5|129
3|131
10|138
11|137
11|136
12|136
10|138
0|201
1|200
1|199
2|199
0|201
3|204
4|203
4|202
5|202
3|204
10|211
11|210
11|209
12|209
10|211
0|202
1|201
1|200
2|200
0|202
3|205
4|204
4|203
5|203
3|205
10|212
11|211
11|210
12|210
10|212
0|289
1|288
1|287
2|287
0|289
3|292
4|291
4|290
5|290
3|292
10|299
11|298
11|297
12|297
10|299
0|290
1|289
1|288
2|288
0|290
3|293
4|292
4|291
5|291
3|293
10|300
11|299
11|298
12|298
10|300
0|158
1|157
1|156
2|156
0|158
3|161
4|160
4|159
5|159
3|161
10|168
11|167
11|166
12|166
10|168
0|159
1|158
1|157
2|157
0|159
3|162
4|161
4|160
5|160
3|162
10|169
11|168
11|167
12|167
10|169
0|31
1|30
1|29
2|29
0|31
3|34
4|33
4|32
5|32
3|34
10|41
11|40
11|39
12|39
10|41
0|32
1|31
1|30
2|30
0|32
3|35
4|34
4|33
5|33
3|35
10|42
11|41
11|40
12|40
10|42
0|58
1|57
1|56
2|56
0|58
3|61
4|60
4|59
5|59
3|61
10|68
11|67
11|66
12|66
10|68
0|59
1|58
1|57
2|57
0|59
3|62
4|61
4|60
5|60
3|62
10|69
11|68
11|67
12|67
10|69
0|89
1|88
1|87
2|87
0|89
3|92
4|91
4|90
5|90
3|92
10|99
11|98
11|97
12|97
10|99
0|90
1|89
1|88
2|88
0|90
3|93
4|92
4|91
5|91
3|93
10|100
11|99
11|98
12|98
10|100
0|157
1|156
1|155
2|155
0|157
3|160
4|159
4|158
5|158
3|160
10|167
11|166
11|165
12|165
10|167
0|158
1|157
1|156
2|156
0|158
3|161
4|160
4|159
5|159
3|161
10|168
11|167
11|166
12|166
10|168
0|214
1|213
1|212
2|212
0|214
3|217
4|216
4|215
5|215
3|217
10|224
11|223
11|222
12|222
10|224
0|215
1|214
1|213
2|213
0|215
3|218
4|217
4|216
5|216
3|218
10|225
11|224
11|223
12|223
10|225
0|162
1|161
1|160
2|160
0|162
3|165
4|164
4|163
5|163
3|165
10|172
11|171
11|170
12|170
10|172
0|163
1|162
1|161
2|161
0|163
3|166
4|165
4|164
5|164
3|166
10|173
11|172
11|171
12|171
10|173
0|95
1|94
1|93
2|93
0|95
3|98
4|97
4|96
5|96
3|98
10|105
11|104
11|103
12|103
10|105
0|96
1|95
1|94
2|94
0|96
3|99
4|98
4|97
5|97
3|99
10|106
11|105
11|104
12|104
10|106
0|85
1|84
1|83
2|83
0|85
3|88
4|87
4|86
5|86
3|88
10|95
11|94
11|93
12|93
10|95
0|86
1|85
1|84
2|84
0|86
3|89
4|88
4|87
5|87
3|89
10|96
11|95
11|94
12|94
10|96
0|86
1|85
1|84
2|84
0|86
3|89
4|88
4|87
5|87
3|89
10|96
11|95
11|94
12|94
10|96
0|87
1|86
1|85
2|85
0|87
3|90
4|89
4|88
5|88
3|90
10|97
11|96
11|95
12|95
10|97
0|299
1|298
1|297
2|297
0|299
3|302
4|301
4|300
5|300
3|302
10|309
11|308
11|307
12|307
10|309
0|300
1|299
1|298
2|298
0|300
3|303
4|302
4|301
5|301
3|303
10|310
11|309
11|308
12|308
10|310
0|70
1|69
1|68
2|68
0|70
3|73
4|72
4|71
5|71
3|73
10|80
11|79
11|78
12|78
10|80
0|71
1|70
1|69
2|69
0|71
3|74
4|73
4|72
5|72
3|74
10|81
11|80
11|79
12|79
10|81
0|179
1|178
1|177
2|177
0|179
3|182
4|181
4|180
5|180
3|182
10|189
11|188
11|187
12|187
10|189
0|180
1|179
1|178
2|178
0|180
3|183
4|182
4|181
5|181
3|183
10|190
11|189
11|188
12|188
10|190
0|3
1|2
1|1
0|3
0|3
3|6
4|5
4|4
3|6
3|6
10|13
11|12
11|11
10|13
10|13
0|4
1|3
1|2
2|2
0|4
3|7
4|6
4|5
5|5
3|7
10|14
11|13
11|12
12|12
10|14
0|280
1|279
1|278
2|278
0|280
3|283
4|282
4|281
5|281
3|283
10|290
11|289
11|288
12|288
10|290
0|281
1|280
1|279
2|279
0|281
3|284
4|283
4|282
5|282
3|284
10|291
11|290
11|289
12|289
10|291
0|53
1|52
1|51
2|51
0|53
3|56
4|55
4|54
5|54
3|56
10|63
11|62
11|61
12|61
10|63
0|54
1|53
1|52
2|52
0|54
3|57
4|56
4|55
5|55
3|57
10|64
11|63
11|62
12|62
10|64
0|67
1|66
1|65
2|65
0|67
3|70
4|69
4|68
5|68
3|70
10|77
11|76
11|75
12|75
10|77
0|68
1|67
1|66
2|66
0|68
3|71
4|70
4|69
5|69
3|71
10|78
11|77
11|76
12|76
10|78
0|222
1|221
1|220
2|220
0|222
3|225
4|224
4|223
5|223
3|225
10|232
11|231
11|230
12|230
10|232
0|223
1|222
1|221
2|221
0|223
3|226
4|225
4|224
5|224
3|226
10|233
11|232
11|231
12|231
10|233
0|247
1|246
1|245
2|245
0|247
3|250
4|249
4|248
5|248
3|250
10|257
11|256
11|255
12|255
10|257
0|248
1|247
1|246
2|246
0|248
3|251
4|250
4|249
5|249
3|251
10|258
11|257
11|256
12|256
10|258
0|233
1|232
1|231
2|231
0|233
3|236
4|235
4|234
5|234
3|236
10|243
11|242
11|241
12|241
10|243
0|234
1|233
1|232
2|232
0|234
3|237
4|236
4|235
5|235
3|237
10|244
11|243
11|242
12|242
10|244
0|224
1|223
1|222
2|222
0|224
3|227
4|226
4|225
5|225
3|227
10|234
11|233
11|232
12|232
10|234
0|225
1|224
1|223
2|223
0|225
3|228
4|227
4|226
5|226
3|228
10|235
11|234
11|233
12|233
10|235
0|170
1|169
1|168
2|168
0|170
3|173
4|172
4|171
5|171
3|173
10|180
11|179
11|178
12|178
10|180
0|171
1|170
1|169
2|169
0|171
3|174
4|173
4|172
5|172
3|174
10|181
11|180
11|179
12|179
10|181
0|36
1|35
1|34
2|34
0|36
3|39
4|38
4|37
5|37
3|39
10|46
11|45
11|44
12|44
10|46
0|37
1|36
1|35
2|35
0|37
3|40
4|39
4|38
5|38
3|40
10|47
11|46
11|45
12|45
10|47
0|190
1|189
1|188
2|188
0|190
3|193
4|192
4|191
5|191
3|193
10|200
11|199
11|198
12|198
10|200
0|191
1|190
1|189
2|189
0|191
3|194
4|193
4|192
5|192
3|194
10|201
11|200
11|199
12|199
10|201
0|189
1|188
1|187
2|187
0|189
3|192
4|191
4|190
5|190
3|192
10|199
11|198
11|197
12|197
10|199
0|190
1|189
1|188
2|188
0|190
3|193
4|192
4|191
5|191
3|193
10|200
11|199
11|198
12|198
10|200
0|301
1|300
1|299
2|299
0|301
3|304
4|303
4|302
5|302
3|304
10|311
11|310
11|309
12|309
10|311
0|302
1|301
1|300
2|300
0|302
3|305
4|304
4|303
5|303
3|305
10|312
11|311
11|310
12|310
10|312
0|162
1|161
1|160
2|160
0|162
3|165
4|164
4|163
5|163
3|165
10|172
11|171
11|170
12|170
10|172
0|163
1|162
1|161
2|161
0|163
3|166
4|165
4|164
5|164
3|166
10|173
11|172
11|171
12|171
10|173
0|213
1|212
1|211
2|211
0|213
3|216
4|215
4|214
5|214
3|216
10|223
11|222
11|221
12|221
10|223
0|214
1|213
1|212
2|212
0|214
3|217
4|216
4|215
5|215
3|217
10|224
11|223
11|222
12|222
10|224
0|119
1|118
1|117
2|117
0|119
3|122
4|121
4|120
5|120
3|122
10|129
11|128
11|127
12|127
10|129
0|120
1|119
1|118
2|118
0|120
3|123
4|122
4|121
5|121
3|123
10|130
11|129
11|128
12|128
10|130
0|118
1|117
1|116
2|116
0|118
3|121
4|120
4|119
5|119
3|121
10|128
11|127
11|126
12|126
10|128
0|119
1|118
1|117
2|117
0|119
3|122
4|121
4|120
5|120
3|122
10|129
11|128
11|127
12|127
10|129
0|120
1|119
1|118
2|118
0|120
3|123
4|122
4|121
5|121
3|123
10|130
11|129
11|128
12|128
10|130
0|121
1|120
1|119
2|119
0|121
3|124
4|123
4|122
5|122
3|124
10|131
11|130
11|129
12|129
10|131
0|110
1|109
1|108
2|108
0|110
3|113
4|112
4|111
5|111
3|113
10|120
11|119
11|118
12|118
10|120
0|111
1|110
1|109
2|109
0|111
3|114
4|113
4|112
5|112
3|114
10|121
11|120
11|119
12|119
10|121
0|175
1|174
1|173
2|173
0|175
3|178
4|177
4|176
5|176
3|178
10|185
11|184
11|183
12|183
10|185
0|176
1|175
1|174
2|174
0|176
3|179
4|178
4|177
5|177
3|179
10|186
11|185
11|184
12|184
10|186
0|173
1|172
1|171
2|171
0|173
3|176
4|175
4|174
5|174
3|176
10|183
11|182
11|181
12|181
10|183
0|174
1|173
1|172
2|172
0|174
3|177
4|176
4|175
5|175
3|177
10|184
11|183
11|182
12|182
10|184
0|298
1|297
1|296
2|296
0|298
3|301
4|300
4|299
5|299
3|301
10|308
11|307
11|306
12|306
10|308
0|299
1|298
1|297
2|297
0|299
3|302
4|301
4|300
5|300
3|302
10|309
11|308
11|307
12|307
10|309
0|307
1|306
1|305
2|305
0|307
3|310
4|309
4|308
5|308
3|310
10|317
11|316
11|315
12|315
10|317
0|308
1|307
1|306
2|306
0|308
3|311
4|310
4|309
5|309
3|311
10|318
11|317
11|316
12|316
10|318
0|105
1|104
1|103
2|103
0|105
3|108
4|107
4|106
5|106
3|108
10|115
11|114
11|113
12|113
10|115
0|106
1|105
1|104
2|104
0|106
3|109
4|108
4|107
5|107
3|109
10|116
11|115
11|114
12|114
10|116
0|296
1|295
1|294
2|294
0|296
3|299
4|298
4|297
5|297
3|299
10|306
11|305
11|304
12|304
10|306
0|297
1|296
1|295
2|295
0|297
3|300
4|299
4|298
5|298
3|300
10|307
11|306
11|305
12|305
10|307
0|69
1|68
1|67
2|67
0|69
3|72
4|71
4|70
5|70
3|72
10|79
11|78
11|77
12|77
10|79
0|70
1|69
1|68
2|68
0|70
3|73
4|72
4|71
5|71
3|73
10|80
11|79
11|78
12|78
10|80
0|121
1|120
1|119
2|119
0|121
3|124
4|123
4|122
5|122
3|124
10|131
11|130
11|129
12|129
10|131
0|122
1|121
1|120
2|120
0|122
3|125
4|124
4|123
5|123
3|125
10|132
11|131
11|130
12|130
10|132
0|161
1|160
1|159
2|159
0|161
3|164
4|163
4|162
5|162
3|164
10|171
11|170
11|169
12|169
10|171
0|162
1|161
1|160
2|160
0|162
3|165
4|164
4|163
5|163
3|165
10|172
11|171
11|170
12|170
10|172
0|207
1|206
1|205
2|205
0|207
3|210
4|209
4|208
5|208
3|210
10|217
11|216
11|215
12|215
10|217
0|208
1|207
1|206
2|206
0|208
3|211
4|210
4|209
5|209
3|211
10|218
11|217
11|216
12|216
10|218
0|233
1|232
1|231
2|231
0|233
3|236
4|235
4|234
5|234
3|236
10|243
11|242
11|241
12|241
10|243
0|234
1|233
1|232
2|232
0|234
3|237
4|236
4|235
5|235
3|237
10|244
11|243
11|242
12|242
10|244
0|161
1|160
1|159
2|159
0|161
3|164
4|163
4|162
5|162
3|164
10|171
11|170
11|169
12|169
10|171
0|162
1|161
1|160
2|160
0|162
3|165
4|164
4|163
5|163
3|165
10|172
11|171
11|170
12|170
10|172
0|153
1|152
1|151
2|151
0|153
3|156
4|155
4|154
5|154
3|156
10|163
11|162
11|161
12|161
10|163
0|154
1|153
1|152
2|152
0|154
3|157
4|156
4|155
5|155
3|157
10|164
11|163
11|162
12|162
10|164
0|72
1|71
1|70
2|70
0|72
3|75
4|74
4|73
5|73
3|75
10|82
11|81
11|80
12|80
10|82
0|73
1|72
1|71
2|71
0|73
3|76
4|75
4|74
5|74
3|76
10|83
11|82
11|81
12|81
10|83
0|212
1|211
1|210
2|210
0|212
3|215
4|214
4|213
5|213
3|215
10|222
11|221
11|220
12|220
10|222
0|213
1|212
1|211
2|211
0|213
3|216
4|215
4|214
5|214
3|216
10|223
11|222
11|221
12|221
10|223
0|48
1|47
1|46
2|46
0|48
3|51
4|50
4|49
5|49
3|51
10|58
11|57
11|56
12|56
10|58
0|49
1|48
1|47
2|47
0|49
3|52
4|51
4|50
5|50
3|52
10|59
11|58
11|57
12|57
10|59
0|100
1|99
1|98
2|98
0|100
3|103
4|102
4|101
5|101
3|103
10|110
11|109
11|108
12|108
10|110
0|101
1|100
1|99
2|99
0|101
3|104
4|103
4|102
5|102
3|104
10|111
11|110
11|109
12|109
10|111
0|167
1|166
1|165
2|165
0|167
3|170
4|169
4|168
5|168
3|170
10|177
11|176
11|175
12|175
10|177
0|168
1|167
1|166
2|166
0|168
3|171
4|170
4|169
5|169
3|171
10|178
11|177
11|176
12|176
10|178
0|226
1|225
1|224
2|224
0|226
3|229
4|228
4|227
5|227
3|229
10|236
11|235
11|234
12|234
10|236
0|227
1|226
1|225
2|225
0|227
3|230
4|229
4|228
5|228
3|230
10|237
11|236
11|235
12|235
10|237
0|220
1|219
1|218
2|218
0|220
3|223
4|222
4|221
5|221
3|223
10|230
11|229
11|228
12|228
10|230
0|221
1|220
1|219
2|219
0|221
3|224
4|223
4|222
5|222
3|224
10|231
11|230
11|229
12|229
10|231
0|206
1|205
1|204
2|204
0|206
3|209
4|208
4|207
5|207
3|209
10|216
11|215
11|214
12|214
10|216
0|207
1|206
1|205
2|205
0|207
3|210
4|209
4|208
5|208
3|210
10|217
11|216
11|215
12|215
10|217
0|291
1|290
1|289
2|289
0|291
3|294
4|293
4|292
5|292
3|294
10|301
11|300
11|299
12|299
10|301
0|292
1|291
1|290
2|290
0|292
3|295
4|294
4|293
5|293
3|295
10|302
11|301
11|300
12|300
10|302
0|281
1|280
1|279
2|279
0|281
3|284
4|283
4|282
5|282
3|284
10|291
11|290
11|289
12|289
10|291
0|282
1|281
1|280
2|280
0|282
3|285
4|284
4|283
5|283
3|285
10|292
11|291
11|290
12|290
10|292
0|149
1|148
1|147
2|147
0|149
3|152
4|151
4|150
5|150
3|152
10|159
11|158
11|157
12|157
10|159
0|150
1|149
1|148
2|148
0|150
3|153
4|152
4|151
5|151
3|153
10|160
11|159
11|158
12|158
10|160
0|105
1|104
1|103
2|103
0|105
3|108
4|107
4|106
5|106
3|108
10|115
11|114
11|113
12|113
10|115
0|106
1|105
1|104
2|104
0|106
3|109
4|108
4|107
5|107
3|109
10|116
11|115
11|114
12|114
10|116
0|302
1|301
1|300
2|300
0|302
3|305
4|304
4|303
5|303
3|305
10|312
11|311
11|310
12|310
10|312
0|303
1|302
1|301
2|301
0|303
3|306
4|305
4|304
5|304
3|306
10|313
11|312
11|311
12|311
10|313
0|307
1|306
1|305
2|305
0|307
3|310
4|309
4|308
5|308
3|310
10|317
11|316
11|315
12|315
10|317
0|308
1|307
1|306
2|306
0|308
3|311
4|310
4|309
5|309
3|311
10|318
11|317
11|316
12|316
10|318
0|258
1|257
1|256
2|256
0|258
3|261
4|260
4|259
5|259
3|261
10|268
11|267
11|266
12|266
10|268
0|259
1|258
1|257
2|257
0|259
3|262
4|261
4|260
5|260
3|262
10|269
11|268
11|267
12|267
10|269
0|40
1|39
1|38
2|38
0|40
3|43
4|42
4|41
5|41
3|43
10|50
11|49
11|48
12|48
10|50
0|41
1|40
1|39
2|39
0|41
3|44
4|43
4|42
5|42
3|44
10|51
11|50
11|49
12|49
10|51
0|74
1|73
1|72
2|72
0|74
3|77
4|76
4|75
5|75
3|77
10|84
11|83
11|82
12|82
10|84
0|75
1|74
1|73
2|73
0|75
3|78
4|77
4|76
5|76
3|78
10|85
11|84
11|83
12|83
10|85
0|137
1|136
1|135
2|135
0|137
3|140
4|139
4|138
5|138
3|140
10|147
11|146
11|145
12|145
10|147
0|138
1|137
1|136
2|136
0|138
3|141
4|140
4|139
5|139
3|141
10|148
11|147
11|146
12|146
10|148
0|291
1|290
1|289
2|289
0|291
3|294
4|293
4|292
5|292
3|294
10|301
11|300
11|299
12|299
10|301
0|292
1|291
1|290
2|290
0|292
3|295
4|294
4|293
5|293
3|295
10|302
11|301
11|300
12|300
10|302
0|112
1|111
1|110
2|110
0|112
3|115
4|114
4|113
5|113
3|115
10|122
11|121
11|120
12|120
10|122
0|113
1|112
1|111
2|111
0|113
3|116
4|115
4|114
5|114
3|116
10|123
11|122
11|121
12|121
10|123
0|216
1|215
1|214
2|214
0|216
3|219
4|218
4|217
5|217
3|219
10|226
11|225
11|224
12|224
10|226
0|217
1|216
1|215
2|215
0|217
3|220
4|219
4|218
5|218
3|220
10|227
11|226
11|225
12|225
10|227
0|173
1|172
1|171
2|171
0|173
3|176
4|175
4|174
5|174
3|176
10|183
11|182
11|181
12|181
10|183
0|174
1|173
1|172
2|172
0|174
3|177
4|176
4|175
5|175
3|177
10|184
11|183
11|182
12|182
10|184
0|80
1|79
1|78
2|78
0|80
3|83
4|82
4|81
5|81
3|83
10|90
11|89
11|88
12|88
10|90
0|81
1|80
1|79
2|79
0|81
3|84
4|83
4|82
5|82
3|84
10|91
11|90
11|89
12|89
10|91
0|119
1|118
1|117
2|117
0|119
3|122
4|121
4|120
5|120
3|122
10|129
11|128
11|127
12|127
10|129
0|120
1|119
1|118
2|118
0|120
3|123
4|122
4|121
5|121
3|123
10|130
11|129
11|128
12|128
10|130
0|187
1|186
1|185
2|185
0|187
3|190
4|189
4|188
5|188
3|190
10|197
11|196
11|195
12|195
10|197
0|188
1|187
1|186
2|186
0|188
3|191
4|190
4|189
5|189
3|191
10|198
11|197
11|196
12|196
10|198
0|113
1|112
1|111
2|111
0|113
3|116
4|115
4|114
5|114
3|116
10|123
11|122
11|121
12|121
10|123
0|114
1|113
1|112
2|112
0|114
3|117
4|116
4|115
5|115
3|117
10|124
11|123
11|122
12|122
10|124
0|244
1|243
1|242
2|242
0|244
3|247
4|246
4|245
5|245
3|247
10|254
11|253
11|252
12|252
10|254
0|245
1|244
1|243
2|243
0|245
3|248
4|247
4|246
5|246
3|248
10|255
11|254
11|253
12|253
10|255
0|23
1|22
1|21
2|21
0|23
3|26
4|25
4|24
5|24
3|26
10|33
11|32
11|31
12|31
10|33
0|24
1|23
1|22
2|22
0|24
3|27
4|26
4|25
5|25
3|27
10|34
11|33
11|32
12|32
10|34
0|203
1|202
1|201
2|201
0|203
3|206
4|205
4|204
5|204
3|206
10|213
11|212
11|211
12|211
10|213
0|204
1|203
1|202
2|202
0|204
3|207
4|206
4|205
5|205
3|207
10|214
11|213
11|212
12|212
10|214
0|127
1|126
1|125
2|125
0|127
3|130
4|129
4|128
5|128
3|130
10|137
11|136
11|135
12|135
10|137
0|128
1|127
1|126
2|126
0|128
3|131
4|130
4|129
5|129
3|131
10|138
11|137
11|136
12|136
10|138
0|219
1|218
1|217
2|217
0|219
3|222
4|221
4|220
5|220
3|222
10|229
11|228
11|227
12|227
10|229
0|220
1|219
1|218
2|218
0|220
3|223
4|222
4|221
5|221
3|223
10|230
11|229
11|228
12|228
10|230
0|250
1|249
1|248
2|248
0|250
3|253
4|252
4|251
5|251
3|253
10|260
11|259
11|258
12|258
10|260
0|251
1|250
1|249
2|249
0|251
3|254
4|253
4|252
5|252
3|254
10|261
11|260
11|259
12|259
10|261
0|130
1|129
1|128
2|128
0|130
3|133
4|132
4|131
5|131
3|133
10|140
11|139
11|138
12|138
10|140
0|131
1|130
1|129
2|129
0|131
3|134
4|133
4|132
5|132
3|134
10|141
11|140
11|139
12|139
10|141
0|93
1|92
1|91
2|91
0|93
3|96
4|95
4|94
5|94
3|96
10|103
11|102
11|101
12|101
10|103
0|94
1|93
1|92
2|92
0|94
3|97
4|96
4|95
5|95
3|97
10|104
11|103
11|102
12|102
10|104
0|251
1|250
1|249
2|249
0|251
3|254
4|253
4|252
5|252
3|254
10|261
11|260
11|259
12|259
10|261
0|252
1|251
1|250
2|250
0|252
3|255
4|254
4|253
5|253
3|255
10|262
11|261
11|260
12|260
10|262
0|131
1|130
1|129
2|129
0|131
3|134
4|133
4|132
5|132
3|134
10|141
11|140
11|139
12|139
10|141
0|132
1|131
1|130
2|130
0|132
3|135
4|134
4|133
5|133
3|135
10|142
11|141
11|140
12|140
10|142
0|203
1|202
1|201
2|201
0|203
3|206
4|205
4|204
5|204
3|206
10|213
11|212
11|211
12|211
10|213
0|204
1|203
1|202
2|202
0|204
3|207
4|206
4|205
5|205
3|207
10|214
11|213
11|212
12|212
10|214
0|265
1|264
1|263
2|263
0|265
3|268
4|267
4|266
5|266
3|268
10|275
11|274
11|273
12|273
10|275
0|266
1|265
1|264
2|264
0|266
3|269
4|268
4|267
5|267
3|269
10|276
11|275
11|274
12|274
10|276
0|192
1|191
1|190
2|190
0|192
3|195
4|194
4|193
5|193
3|195
10|202
11|201
11|200
12|200
10|202
0|193
1|192
1|191
2|191
0|193
3|196
4|195
4|194
5|194
3|196
10|203
11|202
11|201
12|201
10|203
0|86
1|85
1|84
2|84
0|86
3|89
4|88
4|87
5|87
3|89
10|96
11|95
11|94
12|94
10|96
0|87
1|86
1|85
2|85
0|87
3|90
4|89
4|88
5|88
3|90
10|97
11|96
11|95
12|95
10|97
0|244
1|243
1|242
2|242
0|244
3|247
4|246
4|245
5|245
3|247
10|254
11|253
11|252
12|252
10|254
0|245
1|244
1|243
2|243
0|245
3|248
4|247
4|246
5|246
3|248
10|255
11|254
11|253
12|253
10|255
0|143
1|142
1|141
2|141
0|143
3|146
4|145
4|144
5|144
3|146
10|153
11|152
11|151
12|151
10|153
0|144
1|143
1|142
2|142
0|144
3|147
4|146
4|145
5|145
3|147
10|154
11|153
11|152
12|152
10|154
0|3
1|2
1|1
0|3
0|3
3|6
4|5
4|4
3|6
3|6
10|13
11|12
11|11
10|13
10|13
0|4
1|3
1|2
2|2
0|4
3|7
4|6
4|5
5|5
3|7
10|14
11|13
11|12
12|12
10|14
0|243
1|242
1|241
2|241
0|243
3|246
4|245
4|244
5|244
3|246
10|253
11|252
11|251
12|251
10|253
0|244
1|243
1|242
2|242
0|244
3|247
4|246
4|245
5|245
3|247
10|254
11|253
11|252
12|252
10|254
0|65
1|64
1|63
2|63
0|65
3|68
4|67
4|66
5|66
3|68
10|75
11|74
11|73
12|73
10|75
0|66
1|65
1|64
2|64
0|66
3|69
4|68
4|67
5|67
3|69
10|76
11|75
11|74
12|74
10|76
0|32
1|31
1|30
2|30
0|32
3|35
4|34
4|33
5|33
3|35
10|42
11|41
11|40
12|40
10|42
0|33
1|32
1|31
2|31
0|33
3|36
4|35
4|34
5|34
3|36
10|43
11|42
11|41
12|41
10|43
0|65
1|64
1|63
2|63
0|65
3|68
4|67
4|66
5|66
3|68
10|75
11|74
11|73
12|73
10|75
0|66
1|65
1|64
2|64
0|66
3|69
4|68
4|67
5|67
3|69
10|76
11|75
11|74
12|74
10|76
0|194
1|193
1|192
2|192
0|194
3|197
4|196
4|195
5|195
3|197
10|204
11|203
11|202
12|202
10|204
0|195
1|194
1|193
2|193
0|195
3|198
4|197
4|196
5|196
3|198
10|205
11|204
11|203
12|203
10|205
0|22
1|21
1|20
2|20
0|22
3|25
4|24
4|23
5|23
3|25
10|32
11|31
11|30
12|30
10|32
0|23
1|22
1|21
2|21
0|23
3|26
4|25
4|24
5|24
3|26
10|33
11|32
11|31
12|31
10|33
0|291
1|290
1|289
2|289
0|291
3|294
4|293
4|292
5|292
3|294
10|301
11|300
11|299
12|299
10|301
0|292
1|291
1|290
2|290
0|292
3|295
4|294
4|293
5|293
3|295
10|302
11|301
11|300
12|300
10|302
0|37
1|36
1|35
2|35
0|37
3|40
4|39
4|38
5|38
3|40
10|47
11|46
11|45
12|45
10|47
0|38
1|37
1|36
2|36
0|38
3|41
4|40
4|39
5|39
3|41
10|48
11|47
11|46
12|46
10|48
0|287
1|286
1|285
2|285
0|287
3|290
4|289
4|288
5|288
3|290
10|297
11|296
11|295
12|295
10|297
0|288
1|287
1|286
2|286
0|288
3|291
4|290
4|289
5|289
3|291
10|298
11|297
11|296
12|296
10|298
0|260
1|259
1|258
2|258
0|260
3|263
4|262
4|261
5|261
3|263
10|270
11|269
11|268
12|268
10|270
0|261
1|260
1|259
2|259
0|261
3|264
4|263
4|262
5|262
3|264
10|271
11|270
11|269
12|269
10|271
0|201
1|200
1|199
2|199
0|201
3|204
4|203
4|202
5|202
3|204
10|211
11|210
11|209
12|209
10|211
0|202
1|201
1|200
2|200
0|202
3|205
4|204
4|203
5|203
3|205
10|212
11|211
11|210
12|210
10|212
0|289
1|288
1|287
2|287
0|289
3|292
4|291
4|290
5|290
3|292
10|299
11|298
11|297
12|297
10|299
0|290
1|289
1|288
2|288
0|290
3|293
4|292
4|291
5|291
3|293
10|300
11|299
11|298
12|298
10|300
0|113
1|112
1|111
2|111
0|113
3|116
4|115
4|114
5|114
3|116
10|123
11|122
11|121
12|121
10|123
0|114
1|113
1|112
2|112
0|114
3|117
4|116
4|115
5|115
3|117
10|124
11|123
11|122
12|122
10|124
0|13
1|12
1|11
2|11
0|13
3|16
4|15
4|14
5|14
3|16
10|23
11|22
11|21
12|21
10|23
0|14
1|13
1|12
2|12
0|14
3|17
4|16
4|15
5|15
3|17
10|24
11|23
11|22
12|22
10|24
0|17
1|16
1|15
2|15
0|17
3|20
4|19
4|18
5|18
3|20
10|27
11|26
11|25
12|25
10|27
0|18
1|17
1|16
2|16
0|18
3|21
4|20
4|19
5|19
3|21
10|28
11|27
11|26
12|26
10|28
0|39
1|38
1|37
2|37
0|39
3|42
4|41
4|40
5|40
3|42
10|49
11|48
11|47
12|47
10|49
0|40
1|39
1|38
2|38
0|40
3|43
4|42
4|41
5|41
3|43
10|50
11|49
11|48
12|48
10|50
0|301
1|300
1|299
2|299
0|301
3|304
4|303
4|302
5|302
3|304
10|311
11|310
11|309
12|309
10|311
0|302
1|301
1|300
2|300
0|302
3|305
4|304
4|303
5|303
3|305
10|312
11|311
11|310
12|310
10|312
0|95
1|94
1|93
2|93
0|95
3|98
4|97
4|96
5|96
3|98
10|105
11|104
11|103
12|103
10|105
0|96
1|95
1|94
2|94
0|96
3|99
4|98
4|97
5|97
3|99
10|106
11|105
11|104
12|104
10|106
0|41
1|40
1|39
2|39
0|41
3|44
4|43
4|42
5|42
3|44
10|51
11|50
11|49
12|49
10|51
0|42
1|41
1|40
2|40
0|42
3|45
4|44
4|43
5|43
3|45
10|52
11|51
11|50
12|50
10|52
0|24
1|23
1|22
2|22
0|24
3|27
4|26
4|25
5|25
3|27
10|34
11|33
11|32
12|32
10|34
0|25
1|24
1|23
2|23
0|25
3|28
4|27
4|26
5|26
3|28
10|35
11|34
11|33
12|33
10|35
0|273
1|272
1|271
2|271
0|273
3|276
4|275
4|274
5|274
3|276
10|283
11|282
11|281
12|281
10|283
0|274
1|273
1|272
2|272
0|274
3|277
4|276
4|275
5|275
3|277
10|284
11|283
11|282
12|282
10|284
0|199
1|198
1|197
2|197
0|199
3|202
4|201
4|200
5|200
3|202
10|209
11|208
11|207
12|207
10|209
0|200
1|199
1|198
2|198
0|200
3|203
4|202
4|201
5|201
3|203
10|210
11|209
11|208
12|208
10|210
0|41
1|40
1|39
2|39
0|41
3|44
4|43
4|42
5|42
3|44
10|51
11|50
11|49
12|49
10|51
0|42
1|41
1|40
2|40
0|42
3|45
4|44
4|43
5|43
3|45
10|52
11|51
11|50
12|50
10|52
0|148
1|147
1|146
2|146
0|148
3|151
4|150
4|149
5|149
3|151
10|158
11|157
11|156
12|156
10|158
0|149
1|148
1|147
2|147
0|149
3|152
4|151
4|150
5|150
3|152
10|159
11|158
11|157
12|157
10|159
0|6
1|5
1|4
2|4
0|6
3|9
4|8
4|7
5|7
3|9
10|16
11|15
11|14
12|14
10|16
0|7
1|6
1|5
2|5
0|7
3|10
4|9
4|8
5|8
3|10
10|17
11|16
11|15
12|15
10|17
0|179
1|178
1|177
2|177
0|179
3|182
4|181
4|180
5|180
3|182
10|189
11|188
11|187
12|187
10|189
0|180
1|179
1|178
2|178
0|180
3|183
4|182
4|181
5|181
3|183
10|190
11|189
11|188
12|188
10|190
0|15
1|14
1|13
2|13
0|15
3|18
4|17
4|16
5|16
3|18
10|25
11|24
11|23
12|23
10|25
0|16
1|15
1|14
2|14
0|16
3|19
4|18
4|17
5|17
3|19
10|26
11|25
11|24
12|24
10|26
0|107
1|106
1|105
2|105
0|107
3|110
4|109
4|108
5|108
3|110
10|117
11|116
11|115
12|115
10|117
0|108
1|107
1|106
2|106
0|108
3|111
4|110
4|109
5|109
3|111
10|118
11|117
11|116
12|116
10|118
0|178
1|177
1|176
2|176
0|178
3|181
4|180
4|179
5|179
3|181
10|188
11|187
11|186
12|186
10|188
0|179
1|178
1|177
2|177
0|179
3|182
4|181
4|180
5|180
3|182
10|189
11|188
11|187
12|187
10|189
0|238
1|237
1|236
2|236
0|238
3|241
4|240
4|239
5|239
3|241
10|248
11|247
11|246
12|246
10|248
0|239
1|238
1|237
2|237
0|239
3|242
4|241
4|240
5|240
3|242
10|249
11|248
11|247
12|247
10|249
0|202
1|201
1|200
2|200
0|202
3|205
4|204
4|203
5|203
3|205
10|212
11|211
11|210
12|210
10|212
0|203
1|202
1|201
2|201
0|203
3|206
4|205
4|204
5|204
3|206
10|213
11|212
11|211
12|211
10|213
0|121
1|120
1|119
2|119
0|121
3|124
4|123
4|122
5|122
3|124
10|131
11|130
11|129
12|129
10|131
0|122
1|121
1|120
2|120
0|122
3|125
4|124
4|123
5|123
3|125
10|132
11|131
11|130
12|130
10|132
0|197
1|196
1|195
2|195
0|197
3|200
4|199
4|198
5|198
3|200
10|207
11|206
11|205
12|205
10|207
0|198
1|197
1|196
2|196
0|198
3|201
4|200
4|199
5|199
3|201
10|208
11|207
11|206
12|206
10|208
0|239
1|238
1|237
2|237
0|239
3|242
4|241
4|240
5|240
3|242
10|249
11|248
11|247
12|247
10|249
0|240
1|239
1|238
2|238
0|240
3|243
4|242
4|241
5|241
3|243
10|250
11|249
11|248
12|248
10|250
0|179
1|178
1|177
2|177
0|179
3|182
4|181
4|180
5|180
3|182
10|189
11|188
11|187
12|187
10|189
0|180
1|179
1|178
2|178
0|180
3|183
4|182
4|181
5|181
3|183
10|190
11|189
11|188
12|188
10|190
0|114
1|113
1|112
2|112
0|114
3|117
4|116
4|115
5|115
3|117
10|124
11|123
11|122
12|122
10|124
0|115
1|114
1|113
2|113
0|115
3|118
4|117
4|116
5|116
3|118
10|125
11|124
11|123
12|123
10|125
0|79
1|78
1|77
2|77
0|79
3|82
4|81
4|80
5|80
3|82
10|89
11|88
11|87
12|87
10|89
0|80
1|79
1|78
2|78
0|80
3|83
4|82
4|81
5|81
3|83
10|90
11|89
11|88
12|88
10|90
0|26
1|25
1|24
2|24
0|26
3|29
4|28
4|27
5|27
3|29
10|36
11|35
11|34
12|34
10|36
0|27
1|26
1|25
2|25
0|27
3|30
4|29
4|28
5|28
3|30
10|37
11|36
11|35
12|35
10|37
0|291
1|290
1|289
2|289
0|291
3|294
4|293
4|292
5|292
3|294
10|301
11|300
11|299
12|299
10|301
0|292
1|291
1|290
2|290
0|292
3|295
4|294
4|293
5|293
3|295
10|302
11|301
11|300
12|300
10|302
0|266
1|265
1|264
2|264
0|266
3|269
4|268
4|267
5|267
3|269
10|276
11|275
11|274
12|274
10|276
0|267
1|266
1|265
2|265
0|267
3|270
4|269
4|268
5|268
3|270
10|277
11|276
11|275
12|275
10|277
0|270
1|269
1|268
2|268
0|270
3|273
4|272
4|271
5|271
3|273
10|280
11|279
11|278
12|278
10|280
0|271
1|270
1|269
2|269
0|271
3|274
4|273
4|272
5|272
3|274
10|281
11|280
11|279
12|279
10|281
0|285
1|284
1|283
2|283
0|285
3|288
4|287
4|286
5|286
3|288
10|295
11|294
11|293
12|293
10|295
0|286
1|285
1|284
2|284
0|286
3|289
4|288
4|287
5|287
3|289
10|296
11|295
11|294
12|294
10|296
0|130
1|129
1|128
2|128
0|130
3|133
4|132
4|131
5|131
3|133
10|140
11|139
11|138
12|138
10|140
0|131
1|130
1|129
2|129
0|131
3|134
4|133
4|132
5|132
3|134
10|141
11|140
11|139
12|139
10|141
0|34
1|33
1|32
2|32
0|34
3|37
4|36
4|35
5|35
3|37
10|44
11|43
11|42
12|42
10|44
0|35
1|34
1|33
2|33
0|35
3|38
4|37
4|36
5|36
3|38
10|45
11|44
11|43
12|43
10|45
0|177
1|176
1|175
2|175
0|177
3|180
4|179
4|178
5|178
3|180
10|187
11|186
11|185
12|185
10|187
0|178
1|177
1|176
2|176
0|178
3|181
4|180
4|179
5|179
3|181
10|188
11|187
11|186
12|186
10|188
0|46
1|45
1|44
2|44
0|46
3|49
4|48
4|47
5|47
3|49
10|56
11|55
11|54
12|54
10|56
0|47
1|46
1|45
2|45
0|47
3|50
4|49
4|48
5|48
3|50
10|57
11|56
11|55
12|55
10|57
0|176
1|175
1|174
2|174
0|176
3|179
4|178
4|177
5|177
3|179
10|186
11|185
11|184
12|184
10|186
0|177
1|176
1|175
2|175
0|177
3|180
4|179
4|178
5|178
3|180
10|187
11|186
11|185
12|185
10|187
0|44
1|43
1|42
2|42
0|44
3|47
4|46
4|45
5|45
3|47
10|54
11|53
11|52
12|52
10|54
0|45
1|44
1|43
2|43
0|45
3|48
4|47
4|46
5|46
3|48
10|55
11|54
11|53
12|53
10|55
0|229
1|228
1|227
2|227
0|229
3|232
4|231
4|230
5|230
3|232
10|239
11|238
11|237
12|237
10|239
0|230
1|229
1|228
2|228
0|230
3|233
4|232
4|231
5|231
3|233
10|240
11|239
11|238
12|238
10|240
0|250
1|249
1|248
2|248
0|250
3|253
4|252
4|251
5|251
3|253
10|260
11|259
11|258
12|258
10|260
0|251
1|250
1|249
2|249
0|251
3|254
4|253
4|252
5|252
3|254
10|261
11|260
11|259
12|259
10|261
0|303
1|302
1|301
2|301
0|303
3|306
4|305
4|304
5|304
3|306
10|313
11|312
11|311
12|311
10|313
0|304
1|303
1|302
2|302
0|304
3|307
4|306
4|305
5|305
3|307
10|314
11|313
11|312
12|312
10|314
0|8
1|7
1|6
2|6
0|8
3|11
4|10
4|9
5|9
3|11
10|18
11|17
11|16
12|16
10|18
0|9
1|8
1|7
2|7
0|9
3|12
4|11
4|10
5|10
3|12
10|19
11|18
11|17
12|17
10|19
0|44
1|43
1|42
2|42
0|44
3|47
4|46
4|45
5|45
3|47
10|54
11|53
11|52
12|52
10|54
0|45
1|44
1|43
2|43
0|45
3|48
4|47
4|46
5|46
3|48
10|55
11|54
11|53
12|53
10|55
0|290
1|289
1|288
2|288
0|290
3|293
4|292
4|291
5|291
3|293
10|300
11|299
11|298
12|298
10|300
0|291
1|290
1|289
2|289
0|291
3|294
4|293
4|292
5|292
3|294
10|301
11|300
11|299
12|299
10|301
0|174
1|173
1|172
2|172
0|174
3|177
4|176
4|175
5|175
3|177
10|184
11|183
11|182
12|182
10|184
0|175
1|174
1|173
2|173
0|175
3|178
4|177
4|176
5|176
3|178
10|185
11|184
11|183
12|183
10|185
0|165
1|164
1|163
2|163
0|165
3|168
4|167
4|166
5|166
3|168
10|175
11|174
11|173
12|173
10|175
0|166
1|165
1|164
2|164
0|166
3|169
4|168
4|167
5|167
3|169
10|176
11|175
11|174
12|174
10|176
0|79
1|78
1|77
2|77
0|79
3|82
4|81
4|80
5|80
3|82
10|89
11|88
11|87
12|87
10|89
0|80
1|79
1|78
2|78
0|80
3|83
4|82
4|81
5|81
3|83
10|90
11|89
11|88
12|88
10|90
0|58
1|57
1|56
2|56
0|58
3|61
4|60
4|59
5|59
3|61
10|68
11|67
11|66
12|66
10|68
0|59
1|58
1|57
2|57
0|59
3|62
4|61
4|60
5|60
3|62
10|69
11|68
11|67
12|67
10|69
0|9
1|8
1|7
2|7
0|9
3|12
4|11
4|10
5|10
3|12
10|19
11|18
11|17
12|17
10|19
0|10
1|9
1|8
2|8
0|10
3|13
4|12
4|11
5|11
3|13
10|20
11|19
11|18
12|18
10|20
0|1
0|1
0|1
0|1
0|1
3|4
3|4
3|4
3|4
3|4
10|11
10|11
10|11
10|11
10|11
0|2
1|1
0|2
0|2
0|2
3|5
4|4
3|5
3|5
3|5
10|12
11|11
10|12
10|12
10|12
0|80
1|79
1|78
2|78
0|80
3|83
4|82
4|81
5|81
3|83
10|90
11|89
11|88
12|88
10|90
0|81
1|80
1|79
2|79
0|81
3|84
4|83
4|82
5|82
3|84
10|91
11|90
11|89
12|89
10|91
0|241
1|240
1|239
2|239
0|241
3|244
4|243
4|242
5|242
3|244
10|251
11|250
11|249
12|249
10|251
0|242
1|241
1|240
2|240
0|242
3|245
4|244
4|243
5|243
3|245
10|252
11|251
11|250
12|250
10|252
0|71
1|70
1|69
2|69
0|71
3|74
4|73
4|72
5|72
3|74
10|81
11|80
11|79
12|79
10|81
0|72
1|71
1|70
2|70
0|72
3|75
4|74
4|73
5|73
3|75
10|82
11|81
11|80
12|80
10|82
0|136
1|135
1|134
2|134
0|136
3|139
4|138
4|137
5|137
3|139
10|146
11|145
11|144
12|144
10|146
0|137
1|136
1|135
2|135
0|137
3|140
4|139
4|138
5|138
3|140
10|147
11|146
11|145
12|145
10|147
0|281
1|280
1|279
2|279
0|281
3|284
4|283
4|282
5|282
3|284
10|291
11|290
11|289
12|289
10|291
0|282
1|281
1|280
2|280
0|282
3|285
4|284
4|283
5|283
3|285
10|292
11|291
11|290
12|290
10|292
0|305
1|304
1|303
2|303
0|305
3|308
4|307
4|306
5|306
3|308
10|315
11|314
11|313
12|313
10|315
0|306
1|305
1|304
2|304
0|306
3|309
4|308
4|307
5|307
3|309
10|316
11|315
11|314
12|314
10|316
0|306
1|305
1|304
2|304
0|306
3|309
4|308
4|307
5|307
3|309
10|316
11|315
11|314
12|314
10|316
0|307
1|306
1|305
2|305
0|307
3|310
4|309
4|308
5|308
3|310
10|317
11|316
11|315
12|315
10|317
0|26
1|25
1|24
2|24
0|26
3|29
4|28
4|27
5|27
3|29
10|36
11|35
11|34
12|34
10|36
0|27
1|26
1|25
2|25
0|27
3|30
4|29
4|28
5|28
3|30
10|37
11|36
11|35
12|35
10|37
0|286
1|285
1|284
2|284
0|286
3|289
4|288
4|287
5|287
3|289
10|296
11|295
11|294
12|294
10|296
0|287
1|286
1|285
2|285
0|287
3|290
4|289
4|288
5|288
3|290
10|297
11|296
11|295
12|295
10|297
0|71
1|70
1|69
2|69
0|71
3|74
4|73
4|72
5|72
3|74
10|81
11|80
11|79
12|79
10|81
0|72
1|71
1|70
2|70
0|72
3|75
4|74
4|73
5|73
3|75
10|82
11|81
11|80
12|80
10|82
0|205
1|204
1|203
2|203
0|205
3|208
4|207
4|206
5|206
3|208
10|215
11|214
11|213
12|213
10|215
0|206
1|205
1|204
2|204
0|206
3|209
4|208
4|207
5|207
3|209
10|216
11|215
11|214
12|214
10|216
0|287
1|286
1|285
2|285
0|287
3|290
4|289
4|288
5|288
3|290
10|297
11|296
11|295
12|295
10|297
0|288
1|287
1|286
2|286
0|288
3|291
4|290
4|289
5|289
3|291
10|298
11|297
11|296
12|296
10|298
0|182
1|181
1|180
2|180
0|182
3|185
4|184
4|183
5|183
3|185
10|192
11|191
11|190
12|190
10|192
0|183
1|182
1|181
2|181
0|183
3|186
4|185
4|184
5|184
3|186
10|193
11|192
11|191
12|191
10|193
0|242
1|241
1|240
2|240
0|242
3|245
4|244
4|243
5|243
3|245
10|252
11|251
11|250
12|250
10|252
0|243
1|242
1|241
2|241
0|243
3|246
4|245
4|244
5|244
3|246
10|253
11|252
11|251
12|251
10|253
0|48
1|47
1|46
2|46
0|48
3|51
4|50
4|49
5|49
3|51
10|58
11|57
11|56
12|56
10|58
0|49
1|48
1|47
2|47
0|49
3|52
4|51
4|50
5|50
3|52
10|59
11|58
11|57
12|57
10|59
0|188
1|187
1|186
2|186
0|188
3|191
4|190
4|189
5|189
3|191
10|198
11|197
11|196
12|196
10|198
0|189
1|188
1|187
2|187
0|189
3|192
4|191
4|190
5|190
3|192
10|199
11|198
11|197
12|197
10|199
0|96
1|95
1|94
2|94
0|96
3|99
4|98
4|97
5|97
3|99
10|106
11|105
11|104
12|104
10|106
0|97
1|96
1|95
2|95
0|97
3|100
4|99
4|98
5|98
3|100
10|107
11|106
11|105
12|105
10|107
0|286
1|285
1|284
2|284
0|286
3|289
4|288
4|287
5|287
3|289
10|296
11|295
11|294
12|294
10|296
0|287
1|286
1|285
2|285
0|287
3|290
4|289
4|288
5|288
3|290
10|297
11|296
11|295
12|295
10|297
0|112
1|111
1|110
2|110
0|112
3|115
4|114
4|113
5|113
3|115
10|122
11|121
11|120
12|120
10|122
0|113
1|112
1|111
2|111
0|113
3|116
4|115
4|114
5|114
3|116
10|123
11|122
11|121
12|121
10|123
0|211
1|210
1|209
2|209
0|211
3|214
4|213
4|212
5|212
3|214
10|221
11|220
11|219
12|219
10|221
0|212
1|211
1|210
2|210
0|212
3|215
4|214
4|213
5|213
3|215
10|222
11|221
11|220
12|220
10|222
0|22
1|21
1|20
2|20
0|22
3|25
4|24
4|23
5|23
3|25
10|32
11|31
11|30
12|30
10|32
0|23
1|22
1|21
2|21
0|23
3|26
4|25
4|24
5|24
3|26
10|33
11|32
11|31
12|31
10|33
0|229
1|228
1|227
2|227
0|229
3|232
4|231
4|230
5|230
3|232
10|239
11|238
11|237
12|237
10|239
0|230
1|229
1|228
2|228
0|230
3|233
4|232
4|231
5|231
3|233
10|240
11|239
11|238
12|238
10|240
0|173
1|172
1|171
2|171
0|173
3|176
4|175
4|174
5|174
3|176
10|183
11|182
11|181
12|181
10|183
0|174
1|173
1|172
2|172
0|174
3|177
4|176
4|175
5|175
3|177
10|184
11|183
11|182
12|182
10|184
0|155
1|154
1|153
2|153
0|155
3|158
4|157
4|156
5|156
3|158
10|165
11|164
11|163
12|163
10|165
0|156
1|155
1|154
2|154
0|156
3|159
4|158
4|157
5|157
3|159
10|166
11|165
11|164
12|164
10|166
0|139
1|138
1|137
2|137
0|139
3|142
4|141
4|140
5|140
3|142
10|149
11|148
11|147
12|147
10|149
0|140
1|139
1|138
2|138
0|140
3|143
4|142
4|141
5|141
3|143
10|150
11|149
11|148
12|148
10|150
0|117
1|116
1|115
2|115
0|117
3|120
4|119
4|118
5|118
3|120
10|127
11|126
11|125
12|125
10|127
0|118
1|117
1|116
2|116
0|118
3|121
4|120
4|119
5|119
3|121
10|128
11|127
11|126
12|126
10|128
0|148
1|147
1|146
2|146
0|148
3|151
4|150
4|149
5|149
3|151
10|158
11|157
11|156
12|156
10|158
0|149
1|148
1|147
2|147
0|149
3|152
4|151
4|150
5|150
3|152
10|159
11|158
11|157
12|157
10|159
0|218
1|217
1|216
2|216
0|218
3|221
4|220
4|219
5|219
3|221
10|228
11|227
11|226
12|226
10|228
0|219
1|218
1|217
2|217
0|219
3|222
4|221
4|220
5|220
3|222
10|229
11|228
11|227
12|227
10|229
0|304
1|303
1|302
2|302
0|304
3|307
4|306
4|305
5|305
3|307
10|314
11|313
11|312
12|312
10|314
0|305
1|304
1|303
2|303
0|305
3|308
4|307
4|306
5|306
3|308
10|315
11|314
11|313
12|313
10|315
0|220
1|219
1|218
2|218
0|220
3|223
4|222
4|221
5|221
3|223
10|230
11|229
11|228
12|228
10|230
0|221
1|220
1|219
2|219
0|221
3|224
4|223
4|222
5|222
3|224
10|231
11|230
11|229
12|229
10|231
0|121
1|120
1|119
2|119
0|121
3|124
4|123
4|122
5|122
3|124
10|131
11|130
11|129
12|129
10|131
0|122
1|121
1|120
2|120
0|122
3|125
4|124
4|123
5|123
3|125
10|132
11|131
11|130
12|130
10|132
0|95
1|94
1|93
2|93
0|95
3|98
4|97
4|96
5|96
3|98
10|105
11|104
11|103
12|103
10|105
0|96
1|95
1|94
2|94
0|96
3|99
4|98
4|97
5|97
3|99
10|106
11|105
11|104
12|104
10|106
0|264
1|263
1|262
2|262
0|264
3|267
4|266
4|265
5|265
3|267
10|274
11|273
11|272
12|272
10|274
0|265
1|264
1|263
2|263
0|265
3|268
4|267
4|266
5|266
3|268
10|275
11|274
11|273
12|273
10|275
0|130
1|129
1|128
2|128
0|130
3|133
4|132
4|131
5|131
3|133
10|140
11|139
11|138
12|138
10|140
0|131
1|130
1|129
2|129
0|131
3|134
4|133
4|132
5|132
3|134
10|141
11|140
11|139
12|139
10|141
0|36
1|35
1|34
2|34
0|36
3|39
4|38
4|37
5|37
3|39
10|46
11|45
11|44
12|44
10|46
0|37
1|36
1|35
2|35
0|37
3|40
4|39
4|38
5|38
3|40
10|47
11|46
11|45
12|45
10|47
0|226
1|225
1|224
2|224
0|226
3|229
4|228
4|227
5|227
3|229
10|236
11|235
11|234
12|234
10|236
0|227
1|226
1|225
2|225
0|227
3|230
4|229
4|228
5|228
3|230
10|237
11|236
11|235
12|235
10|237
0|120
1|119
1|118
2|118
0|120
3|123
4|122
4|121
5|121
3|123
10|130
11|129
11|128
12|128
10|130
0|121
1|120
1|119
2|119
0|121
3|124
4|123
4|122
5|122
3|124
10|131
11|130
11|129
12|129
10|131
0|153
1|152
1|151
2|151
0|153
3|156
4|155
4|154
5|154
3|156
10|163
11|162
11|161
12|161
10|163
0|154
1|153
1|152
2|152
0|154
3|157
4|156
4|155
5|155
3|157
10|164
11|163
11|162
12|162
10|164
0|86
1|85
1|84
2|84
0|86
3|89
4|88
4|87
5|87
3|89
10|96
11|95
11|94
12|94
10|96
0|87
1|86
1|85
2|85
0|87
3|90
4|89
4|88
5|88
3|90
10|97
11|96
11|95
12|95
10|97
0|109
1|108
1|107
2|107
0|109
3|112
4|111
4|110
5|110
3|112
10|119
11|118
11|117
12|117
10|119
0|110
1|109
1|108
2|108
0|110
3|113
4|112
4|111
5|111
3|113
10|120
11|119
11|118
12|118
10|120
0|53
1|52
1|51
2|51
0|53
3|56
4|55
4|54
5|54
3|56
10|63
11|62
11|61
12|61
10|63
0|54
1|53
1|52
2|52
0|54
3|57
4|56
4|55
5|55
3|57
10|64
11|63
11|62
12|62
10|64
0|50
1|49
1|48
2|48
0|50
3|53
4|52
4|51
5|51
3|53
10|60
11|59
11|58
12|58
10|60
0|51
1|50
1|49
2|49
0|51
3|54
4|53
4|52
5|52
3|54
10|61
11|60
11|59
12|59
10|61
0|33
1|32
1|31
2|31
0|33
3|36
4|35
4|34
5|34
3|36
10|43
11|42
11|41
12|41
10|43
0|34
1|33
1|32
2|32
0|34
3|37
4|36
4|35
5|35
3|37
10|44
11|43
11|42
12|42
10|44
0|197
1|196
1|195
2|195
0|197
3|200
4|199
4|198
5|198
3|200
10|207
11|206
11|205
12|205
10|207
0|198
1|197
1|196
2|196
0|198
3|201
4|200
4|199
5|199
3|201
10|208
11|207
11|206
12|206
10|208
0|243
1|242
1|241
2|241
0|243
3|246
4|245
4|244
5|244
3|246
10|253
11|252
11|251
12|251
10|253
0|244
1|243
1|242
2|242
0|244
3|247
4|246
4|245
5|245
3|247
10|254
11|253
11|252
12|252
10|254
0|173
1|172
1|171
2|171
0|173
3|176
4|175
4|174
5|174
3|176
10|183
11|182
11|181
12|181
10|183
0|174
1|173
1|172
2|172
0|174
3|177
4|176
4|175
5|175
3|177
10|184
11|183
11|182
12|182
10|184
0|231
1|230
1|229
2|229
0|231
3|234
4|233
4|232
5|232
3|234
10|241
11|240
11|239
12|239
10|241
0|232
1|231
1|230
2|230
0|232
3|235
4|234
4|233
5|233
3|235
10|242
11|241
11|240
12|240
10|242
0|161
1|160
1|159
2|159
0|161
3|164
4|163
4|162
5|162
3|164
10|171
11|170
11|169
12|169
10|171
0|162
1|161
1|160
2|160
0|162
3|165
4|164
4|163
5|163
3|165
10|172
11|171
11|170
12|170
10|172
0|118
1|117
1|116
2|116
0|118
3|121
4|120
4|119
5|119
3|121
10|128
11|127
11|126
12|126
10|128
0|119
1|118
1|117
2|117
0|119
3|122
4|121
4|120
5|120
3|122
10|129
11|128
11|127
12|127
10|129
0|107
1|106
1|105
2|105
0|107
3|110
4|109
4|108
5|108
3|110
10|117
11|116
11|115
12|115
10|117
0|108
1|107
1|106
2|106
0|108
3|111
4|110
4|109
5|109
3|111
10|118
11|117
11|116
12|116
10|118
0|90
1|89
1|88
2|88
0|90
3|93
4|92
4|91
5|91
3|93
10|100
11|99
11|98
12|98
10|100
0|91
1|90
1|89
2|89
0|91
3|94
4|93
4|92
5|92
3|94
10|101
11|100
11|99
12|99
10|101
0|3
1|2
1|1
0|3
0|3
3|6
4|5
4|4
3|6
3|6
10|13
11|12
11|11
10|13
10|13
0|252
1|251
1|250
2|250
0|252
3|255
4|254
4|253
5|253
3|255
10|262
11|261
11|260
12|260
10|262
0|253
1|252
1|251
2|251
0|253
3|256
4|255
4|254
5|254
3|256
10|263
11|262
11|261
12|261
10|263
0|172
1|171
1|170
2|170
0|172
3|175
4|174
4|173
5|173
3|175
10|182
11|181
11|180
12|180
10|182
0|173
1|172
1|171
2|171
0|173
3|176
4|175
4|174
5|174
3|176
10|183
11|182
11|181
12|181
10|183
0|187
1|186
1|185
2|185
0|187
3|190
4|189
4|188
5|188
3|190
10|197
11|196
11|195
12|195
10|197
0|188
1|187
1|186
2|186
0|188
3|191
4|190
4|189
5|189
3|191
10|198
11|197
11|196
12|196
10|198
0|289
1|288
1|287
2|287
0|289
3|292
4|291
4|290
5|290
3|292
10|299
11|298
11|297
12|297
10|299
0|290
1|289
1|288
2|288
0|290
3|293
4|292
4|291
5|291
3|293
10|300
11|299
11|298
12|298
10|300
0|3
1|2
1|1
0|3
0|3
3|6
4|5
4|4
3|6
3|6
10|13
11|12
11|11
10|13
10|13
0|27
1|26
1|25
2|25
0|27
3|30
4|29
4|28
5|28
3|30
10|37
11|36
11|35
12|35
10|37
0|28
1|27
1|26
2|26
0|28
3|31
4|30
4|29
5|29
3|31
10|38
11|37
11|36
12|36
10|38
0|292
1|291
1|290
2|290
0|292
3|295
4|294
4|293
5|293
3|295
10|302
11|301
11|300
12|300
10|302
0|293
1|292
1|291
2|291
0|293
3|296
4|295
4|294
5|294
3|296
10|303
11|302
11|301
12|301
10|303
0|55
1|54
1|53
2|53
0|55
3|58
4|57
4|56
5|56
3|58
10|65
11|64
11|63
12|63
10|65
0|56
1|55
1|54
2|54
0|56
3|59
4|58
4|57
5|57
3|59
10|66
11|65
11|64
12|64
10|66
0|63
1|62
1|61
2|61
0|63
3|66
4|65
4|64
5|64
3|66
10|73
11|72
11|71
12|71
10|73
0|64
1|63
1|62
2|62
0|64
3|67
4|66
4|65
5|65
3|67
10|74
11|73
11|72
12|72
10|74
0|146
1|145
1|144
2|144
0|146
3|149
4|148
4|147
5|147
3|149
10|156
11|155
11|154
12|154
10|156
0|147
1|146
1|145
2|145
0|147
3|150
4|149
4|148
5|148
3|150
10|157
11|156
11|155
12|155
10|157
0|3
1|2
1|1
0|3
0|3
3|6
4|5
4|4
3|6
3|6
10|13
11|12
11|11
10|13
10|13
0|11
1|10
1|9
2|9
0|11
3|14
4|13
4|12
5|12
3|14
10|21
11|20
11|19
12|19
10|21
0|12
1|11
1|10
2|10
0|12
3|15
4|14
4|13
5|13
3|15
10|22
11|21
11|20
12|20
10|22
0|305
1|304
1|303
2|303
0|305
3|308
4|307
4|306
5|306
3|308
10|315
11|314
11|313
12|313
10|315
0|306
1|305
1|304
2|304
0|306
3|309
4|308
4|307
5|307
3|309
10|316
11|315
11|314
12|314
10|316
0|250
1|249
1|248
2|248
0|250
3|253
4|252
4|251
5|251
3|253
10|260
11|259
11|258
12|258
10|260
0|251
1|250
1|249
2|249
0|251
3|254
4|253
4|252
5|252
3|254
10|261
11|260
11|259
12|259
10|261
0|303
1|302
1|301
2|301
0|303
3|306
4|305
4|304
5|304
3|306
10|313
11|312
11|311
12|311
10|313
0|304
1|303
1|302
2|302
0|304
3|307
4|306
4|305
5|305
3|307
10|314
11|313
11|312
12|312
10|314
0|33
1|32
1|31
2|31
0|33
3|36
4|35
4|34
5|34
3|36
10|43
11|42
11|41
12|41
10|43
0|34
1|33
1|32
2|32
0|34
3|37
4|36
4|35
5|35
3|37
10|44
11|43
11|42
12|42
10|44
0|50
1|49
1|48
2|48
0|50
3|53
4|52
4|51
5|51
3|53
10|60
11|59
11|58
12|58
10|60
0|51
1|50
1|49
2|49
0|51
3|54
4|53
4|52
5|52
3|54
10|61
11|60
11|59
12|59
10|61
0|267
1|266
1|265
2|265
0|267
3|270
4|269
4|268
5|268
3|270
10|277
11|276
11|275
12|275
10|277
0|268
1|267
1|266
2|266
0|268
3|271
4|270
4|269
5|269
3|271
10|278
11|277
11|276
12|276
10|278
0|284
1|283
1|282
2|282
0|284
3|287
4|286
4|285
5|285
3|287
10|294
11|293
11|292
12|292
10|294
0|285
1|284
1|283
2|283
0|285
3|288
4|287
4|286
5|286
3|288
10|295
11|294
11|293
12|293
10|295
0|207
1|206
1|205
2|205
0|207
3|210
4|209
4|208
5|208
3|210
10|217
11|216
11|215
12|215
10|217
0|208
1|207
1|206
2|206
0|208
3|211
4|210
4|209
5|209
3|211
10|218
11|217
11|216
12|216
10|218
0|117
1|116
1|115
2|115
0|117
3|120
4|119
4|118
5|118
3|120
10|127
11|126
11|125
12|125
10|127
0|118
1|117
1|116
2|116
0|118
3|121
4|120
4|119
5|119
3|121
10|128
11|127
11|126
12|126
10|128
0|268
1|267
1|266
2|266
0|268
3|271
4|270
4|269
5|269
3|271
10|278
11|277
11|276
12|276
10|278
0|269
1|268
1|267
2|267
0|269
3|272
4|271
4|270
5|270
3|272
10|279
11|278
11|277
12|277
10|279
0|272
1|271
1|270
2|270
0|272
3|275
4|274
4|273
5|273
3|275
10|282
11|281
11|280
12|280
10|282
0|273
1|272
1|271
2|271
0|273
3|276
4|275
4|274
5|274
3|276
10|283
11|282
11|281
12|281
10|283
0|207
1|206
1|205
2|205
0|207
3|210
4|209
4|208
5|208
3|210
10|217
11|216
11|215
12|215
10|217
0|208
1|207
1|206
2|206
0|208
3|211
4|210
4|209
5|209
3|211
10|218
11|217
11|216
12|216
10|218
0|101
1|100
1|99
2|99
0|101
3|104
4|103
4|102
5|102
3|104
10|111
11|110
11|109
12|109
10|111
0|102
1|101
1|100
2|100
0|102
3|105
4|104
4|103
5|103
3|105
10|112
11|111
11|110
12|110
10|112
0|158
1|157
1|156
2|156
0|158
3|161
4|160
4|159
5|159
3|161
10|168
11|167
11|166
12|166
10|168
0|159
1|158
1|157
2|157
0|159
3|162
4|161
4|160
5|160
3|162
10|169
11|168
11|167
12|167
10|169
0|8
1|7
1|6
2|6
0|8
3|11
4|10
4|9
5|9
3|11
10|18
11|17
11|16
12|16
10|18
0|9
1|8
1|7
2|7
0|9
3|12
4|11
4|10
5|10
3|12
10|19
11|18
11|17
12|17
10|19
0|77
1|76
1|75
2|75
0|77
3|80
4|79
4|78
5|78
3|80
10|87
11|86
11|85
12|85
10|87
0|78
1|77
1|76
2|76
0|78
3|81
4|80
4|79
5|79
3|81
10|88
11|87
11|86
12|86
10|88
0|194
1|193
1|192
2|192
0|194
3|197
4|196
4|195
5|195
3|197
10|204
11|203
11|202
12|202
10|204
0|195
1|194
1|193
2|193
0|195
3|198
4|197
4|196
5|196
3|198
10|205
11|204
11|203
12|203
10|205
0|120
1|119
1|118
2|118
0|120
3|123
4|122
4|121
5|121
3|123
10|130
11|129
11|128
12|128
10|130
0|121
1|120
1|119
2|119
0|121
3|124
4|123
4|122
5|122
3|124
10|131
11|130
11|129
12|129
10|131
0|48
1|47
1|46
2|46
0|48
3|51
4|50
4|49
5|49
3|51
10|58
11|57
11|56
12|56
10|58
0|49
1|48
1|47
2|47
0|49
3|52
4|51
4|50
5|50
3|52
10|59
11|58
11|57
12|57
10|59
0|269
1|268
1|267
2|267
0|269
3|272
4|271
4|270
5|270
3|272
10|279
11|278
11|277
12|277
10|279
0|270
1|269
1|268
2|268
0|270
3|273
4|272
4|271
5|271
3|273
10|280
11|279
11|278
12|278
10|280
0|58
1|57
1|56
2|56
0|58
3|61
4|60
4|59
5|59
3|61
10|68
11|67
11|66
12|66
10|68
0|59
1|58
1|57
2|57
0|59
3|62
4|61
4|60
5|60
3|62
10|69
11|68
11|67
12|67
10|69
0|278
1|277
1|276
2|276
0|278
3|281
4|280
4|279
5|279
3|281
10|288
11|287
11|286
12|286
10|288
0|279
1|278
1|277
2|277
0|279
3|282
4|281
4|280
5|280
3|282
10|289
11|288
11|287
12|287
10|289
0|147
1|146
1|145
2|145
0|147
3|150
4|149
4|148
5|148
3|150
10|157
11|156
11|155
12|155
10|157
0|148
1|147
1|146
2|146
0|148
3|151
4|150
4|149
5|149
3|151
10|158
11|157
11|156
12|156
10|158
0|46
1|45
1|44
2|44
0|46
3|49
4|48
4|47
5|47
3|49
10|56
11|55
11|54
12|54
10|56
0|47
1|46
1|45
2|45
0|47
3|50
4|49
4|48
5|48
3|50
10|57
11|56
11|55
12|55
10|57
0|240
1|239
1|238
2|238
0|240
3|243
4|242
4|241
5|241
3|243
10|250
11|249
11|248
12|248
10|250
0|241
1|240
1|239
2|239
0|241
3|244
4|243
4|242
5|242
3|244
10|251
11|250
11|249
12|249
10|251
0|302
1|301
1|300
2|300
0|302
3|305
4|304
4|303
5|303
3|305
10|312
11|311
11|310
12|310
10|312
0|303
1|302
1|301
2|301
0|303
3|306
4|305
4|304
5|304
3|306
10|313
11|312
11|311
12|311
10|313
0|158
1|157
1|156
2|156
0|158
3|161
4|160
4|159
5|159
3|161
10|168
11|167
11|166
12|166
10|168
0|159
1|158
1|157
2|157
0|159
3|162
4|161
4|160
5|160
3|162
10|169
11|168
11|167
12|167
10|169
0|23
1|22
1|21
2|21
0|23
3|26
4|25
4|24
5|24
3|26
10|33
11|32
11|31
12|31
10|33
0|24
1|23
1|22
2|22
0|24
3|27
4|26
4|25
5|25
3|27
10|34
11|33
11|32
12|32
10|34
0|281
1|280
1|279
2|279
0|281
3|284
4|283
4|282
5|282
3|284
10|291
11|290
11|289
12|289
10|291
0|282
1|281
1|280
2|280
0|282
3|285
4|284
4|283
5|283
3|285
10|292
11|291
11|290
12|290
10|292
0|284
1|283
1|282
2|282
0|284
3|287
4|286
4|285
5|285
3|287
10|294
11|293
11|292
12|292
10|294
0|285
1|284
1|283
2|283
0|285
3|288
4|287
4|286
5|286
3|288
10|295
11|294
11|293
12|293
10|295
0|56
1|55
1|54
2|54
0|56
3|59
4|58
4|57
5|57
3|59
10|66
11|65
11|64
12|64
10|66
0|57
1|56
1|55
2|55
0|57
3|60
4|59
4|58
5|58
3|60
10|67
11|66
11|65
12|65
10|67
0|154
1|153
1|152
2|152
0|154
3|157
4|156
4|155
5|155
3|157
10|164
11|163
11|162
12|162
10|164
0|155
1|154
1|153
2|153
0|155
3|158
4|157
4|156
5|156
3|158
10|165
11|164
11|163
12|163
10|165
0|285
1|284
1|283
2|283
0|285
3|288
4|287
4|286
5|286
3|288
10|295
11|294
11|293
12|293
10|295
0|286
1|285
1|284
2|284
0|286
3|289
4|288
4|287
5|287
3|289
10|296
11|295
11|294
12|294
10|296
0|49
1|48
1|47
2|47
0|49
3|52
4|51
4|50
5|50
3|52
10|59
11|58
11|57
12|57
10|59
0|50
1|49
1|48
2|48
0|50
3|53
4|52
4|51
5|51
3|53
10|60
11|59
11|58
12|58
10|60
0|87
1|86
1|85
2|85
0|87
3|90
4|89
4|88
5|88
3|90
10|97
11|96
11|95
12|95
10|97
0|88
1|87
1|86
2|86
0|88
3|91
4|90
4|89
5|89
3|91
10|98
11|97
11|96
12|96
10|98
0|244
1|243
1|242
2|242
0|244
3|247
4|246
4|245
5|245
3|247
10|254
11|253
11|252
12|252
10|254
0|245
1|244
1|243
2|243
0|245
3|248
4|247
4|246
5|246
3|248
10|255
11|254
11|253
12|253
10|255
0|147
1|146
1|145
2|145
0|147
3|150
4|149
4|148
5|148
3|150
10|157
11|156
11|155
12|155
10|157
0|148
1|147
1|146
2|146
0|148
3|151
4|150
4|149
5|149
3|151
10|158
11|157
11|156
12|156
10|158
0|52
1|51
1|50
2|50
0|52
3|55
4|54
4|53
5|53
3|55
10|62
11|61
11|60
12|60
10|62
0|53
1|52
1|51
2|51
0|53
3|56
4|55
4|54
5|54
3|56
10|63
11|62
11|61
12|61
10|63
0|159
1|158
1|157
2|157
0|159
3|162
4|161
4|160
5|160
3|162
10|169
11|168
11|167
12|167
10|169
0|160
1|159
1|158
2|158
0|160
3|163
4|162
4|161
5|161
3|163
10|170
11|169
11|168
12|168
10|170
0|149
1|148
1|147
2|147
0|149
3|152
4|151
4|150
5|150
3|152
10|159
11|158
11|157
12|157
10|159
0|150
1|149
1|148
2|148
0|150
3|153
4|152
4|151
5|151
3|153
10|160
11|159
11|158
12|158
10|160
0|275
1|274
1|273
2|273
0|275
3|278
4|277
4|276
5|276
3|278
10|285
11|284
11|283
12|283
10|285
0|276
1|275
1|274
2|274
0|276
3|279
4|278
4|277
5|277
3|279
10|286
11|285
11|284
12|284
10|286
0|204
1|203
1|202
2|202
0|204
3|207
4|206
4|205
5|205
3|207
10|214
11|213
11|212
12|212
10|214
0|205
1|204
1|203
2|203
0|205
3|208
4|207
4|206
5|206
3|208
10|215
11|214
11|213
12|213
10|215
0|17
1|16
1|15
2|15
0|17
3|20
4|19
4|18
5|18
3|20
10|27
11|26
11|25
12|25
10|27
0|18
1|17
1|16
2|16
0|18
3|21
4|20
4|19
5|19
3|21
10|28
11|27
11|26
12|26
10|28
0|308
1|307
1|306
2|306
0|308
3|311
4|310
4|309
5|309
3|311
10|318
11|317
11|316
12|316
10|318
0|309
1|308
1|307
2|307
0|309
3|312
4|311
4|310
5|310
3|312
10|319
11|318
11|317
12|317
10|319
0|111
1|110
1|109
2|109
0|111
3|114
4|113
4|112
5|112
3|114
10|121
11|120
11|119
12|119
10|121
0|112
1|111
1|110
2|110
0|112
3|115
4|114
4|113
5|113
3|115
10|122
11|121
11|120
12|120
10|122
0|221
1|220
1|219
2|219
0|221
3|224
4|223
4|222
5|222
3|224
10|231
11|230
11|229
12|229
10|231
0|222
1|221
1|220
2|220
0|222
3|225
4|224
4|223
5|223
3|225
10|232
11|231
11|230
12|230
10|232
0|186
1|185
1|184
2|184
0|186
3|189
4|188
4|187
5|187
3|189
10|196
11|195
11|194
12|194
10|196
0|187
1|186
1|185
2|185
0|187
3|190
4|189
4|188
5|188
3|190
10|197
11|196
11|195
12|195
10|197
0|73
1|72
1|71
2|71
0|73
3|76
4|75
4|74
5|74
3|76
10|83
11|82
11|81
12|81
10|83
0|74
1|73
1|72
2|72
0|74
3|77
4|76
4|75
5|75
3|77
10|84
11|83
11|82
12|82
10|84
0|11
1|10
1|9
2|9
0|11
3|14
4|13
4|12
5|12
3|14
10|21
11|20
11|19
12|19
10|21
0|12
1|11
1|10
2|10
0|12
3|15
4|14
4|13
5|13
3|15
10|22
11|21
11|20
12|20
10|22
0|48
1|47
1|46
2|46
0|48
3|51
4|50
4|49
5|49
3|51
10|58
11|57
11|56
12|56
10|58
0|49
1|48
1|47
2|47
0|49
3|52
4|51
4|50
5|50
3|52
10|59
11|58
11|57
12|57
10|59
0|44
1|43
1|42
2|42
0|44
3|47
4|46
4|45
5|45
3|47
10|54
11|53
11|52
12|52
10|54
0|45
1|44
1|43
2|43
0|45
3|48
4|47
4|46
5|46
3|48
10|55
11|54
11|53
12|53
10|55
0|295
1|294
1|293
2|293
0|295
3|298
4|297
4|296
5|296
3|298
10|305
11|304
11|303
12|303
10|305
0|296
1|295
1|294
2|294
0|296
3|299
4|298
4|297
5|297
3|299
10|306
11|305
11|304
12|304
10|306
0|210
1|209
1|208
2|208
0|210
3|213
4|212
4|211
5|211
3|213
10|220
11|219
11|218
12|218
10|220
0|211
1|210
1|209
2|209
0|211
3|214
4|213
4|212
5|212
3|214
10|221
11|220
11|219
12|219
10|221
0|130
1|129
1|128
2|128
0|130
3|133
4|132
4|131
5|131
3|133
10|140
11|139
11|138
12|138
10|140
0|131
1|130
1|129
2|129
0|131
3|134
4|133
4|132
5|132
3|134
10|141
11|140
11|139
12|139
10|141
0|215
1|214
1|213
2|213
0|215
3|218
4|217
4|216
5|216
3|218
10|225
11|224
11|223
12|223
10|225
0|216
1|215
1|214
2|214
0|216
3|219
4|218
4|217
5|217
3|219
10|226
11|225
11|224
12|224
10|226
0|227
1|226
1|225
2|225
0|227
3|230
4|229
4|228
5|228
3|230
10|237
11|236
11|235
12|235
10|237
0|228
1|227
1|226
2|226
0|228
3|231
4|230
4|229
5|229
3|231
10|238
11|237
11|236
12|236
10|238
0|107
1|106
1|105
2|105
0|107
3|110
4|109
4|108
5|108
3|110
10|117
11|116
11|115
12|115
10|117
0|108
1|107
1|106
2|106
0|108
3|111
4|110
4|109
5|109
3|111
10|118
11|117
11|116
12|116
10|118
0|189
1|188
1|187
2|187
0|189
3|192
4|191
4|190
5|190
3|192
10|199
11|198
11|197
12|197
10|199
0|190
1|189
1|188
2|188
0|190
3|193
4|192
4|191
5|191
3|193
10|200
11|199
11|198
12|198
10|200
0|108
1|107
1|106
2|106
0|108
3|111
4|110
4|109
5|109
3|111
10|118
11|117
11|116
12|116
10|118
0|109
1|108
1|107
2|107
0|109
3|112
4|111
4|110
5|110
3|112
10|119
11|118
11|117
12|117
10|119
0|244
1|243
1|242
2|242
0|244
3|247
4|246
4|245
5|245
3|247
10|254
11|253
11|252
12|252
10|254
0|245
1|244
1|243
2|243
0|245
3|248
4|247
4|246
5|246
3|248
10|255
11|254
11|253
12|253
10|255
0|23
1|22
1|21
2|21
0|23
3|26
4|25
4|24
5|24
3|26
10|33
11|32
11|31
12|31
10|33
0|24
1|23
1|22
2|22
0|24
3|27
4|26
4|25
5|25
3|27
10|34
11|33
11|32
12|32
10|34
0|262
1|261
1|260
2|260
0|262
3|265
4|264
4|263
5|263
3|265
10|272
11|271
11|270
12|270
10|272
0|263
1|262
1|261
2|261
0|263
3|266
4|265
4|264
5|264
3|266
10|273
11|272
11|271
12|271
10|273
0|301
1|300
1|299
2|299
0|301
3|304
4|303
4|302
5|302
3|304
10|311
11|310
11|309
12|309
10|311
0|302
1|301
1|300
2|300
0|302
3|305
4|304
4|303
5|303
3|305
10|312
11|311
11|310
12|310
10|312
0|162
1|161
1|160
2|160
0|162
3|165
4|164
4|163
5|163
3|165
10|172
11|171
11|170
12|170
10|172
0|163
1|162
1|161
2|161
0|163
3|166
4|165
4|164
5|164
3|166
10|173
11|172
11|171
12|171
10|173
0|145
1|144
1|143
2|143
0|145
3|148
4|147
4|146
5|146
3|148
10|155
11|154
11|153
12|153
10|155
0|146
1|145
1|144
2|144
0|146
3|149
4|148
4|147
5|147
3|149
10|156
11|155
11|154
12|154
10|156
0|205
1|204
1|203
2|203
0|205
3|208
4|207
4|206
5|206
3|208
10|215
11|214
11|213
12|213
10|215
0|206
1|205
1|204
2|204
0|206
3|209
4|208
4|207
5|207
3|209
10|216
11|215
11|214
12|214
10|216
0|67
1|66
1|65
2|65
0|67
3|70
4|69
4|68
5|68
3|70
10|77
11|76
11|75
12|75
10|77
0|68
1|67
1|66
2|66
0|68
3|71
4|70
4|69
5|69
3|71
10|78
11|77
11|76
12|76
10|78
0|282
1|281
1|280
2|280
0|282
3|285
4|284
4|283
5|283
3|285
10|292
11|291
11|290
12|290
10|292
0|283
1|282
1|281
2|281
0|283
3|286
4|285
4|284
5|284
3|286
10|293
11|292
11|291
12|291
10|293
0|284
1|283
1|282
2|282
0|284
3|287
4|286
4|285
5|285
3|287
10|294
11|293
11|292
12|292
10|294
0|285
1|284
1|283
2|283
0|285
3|288
4|287
4|286
5|286
3|288
10|295
11|294
11|293
12|293
10|295
0|101
1|100
1|99
2|99
0|101
3|104
4|103
4|102
5|102
3|104
10|111
11|110
11|109
12|109
10|111
0|102
1|101
1|100
2|100
0|102
3|105
4|104
4|103
5|103
3|105
10|112
11|111
11|110
12|110
10|112
0|81
1|80
1|79
2|79
0|81
3|84
4|83
4|82
5|82
3|84
10|91
11|90
11|89
12|89
10|91
0|82
1|81
1|80
2|80
0|82
3|85
4|84
4|83
5|83
3|85
10|92
11|91
11|90
12|90
10|92
0|12
1|11
1|10
2|10
0|12
3|15
4|14
4|13
5|13
3|15
10|22
11|21
11|20
12|20
10|22
0|13
1|12
1|11
2|11
0|13
3|16
4|15
4|14
5|14
3|16
10|23
11|22
11|21
12|21
10|23
0|176
1|175
1|174
2|174
0|176
3|179
4|178
4|177
5|177
3|179
10|186
11|185
11|184
12|184
10|186
0|177
1|176
1|175
2|175
0|177
3|180
4|179
4|178
5|178
3|180
10|187
11|186
11|185
12|185
10|187
0|37
1|36
1|35
2|35
0|37
3|40
4|39
4|38
5|38
3|40
10|47
11|46
11|45
12|45
10|47
0|38
1|37
1|36
2|36
0|38
3|41
4|40
4|39
5|39
3|41
10|48
11|47
11|46
12|46
10|48
0|63
1|62
1|61
2|61
0|63
3|66
4|65
4|64
5|64
3|66
10|73
11|72
11|71
12|71
10|73
0|64
1|63
1|62
2|62
0|64
3|67
4|66
4|65
5|65
3|67
10|74
11|73
11|72
12|72
10|74
0|264
1|263
1|262
2|262
0|264
3|267
4|266
4|265
5|265
3|267
10|274
11|273
11|272
12|272
10|274
0|265
1|264
1|263
2|263
0|265
3|268
4|267
4|266
5|266
3|268
10|275
11|274
11|273
12|273
10|275
0|138
1|137
1|136
2|136
0|138
3|141
4|140
4|139
5|139
3|141
10|148
11|147
11|146
12|146
10|148
0|139
1|138
1|137
2|137
0|139
3|142
4|141
4|140
5|140
3|142
10|149
11|148
11|147
12|147
10|149
0|135
1|134
1|133
2|133
0|135
3|138
4|137
4|136
5|136
3|138
10|145
11|144
11|143
12|143
10|145
0|136
1|135
1|134
2|134
0|136
3|139
4|138
4|137
5|137
3|139
10|146
11|145
11|144
12|144
10|146
0|205
1|204
1|203
2|203
0|205
3|208
4|207
4|206
5|206
3|208
10|215
11|214
11|213
12|213
10|215
0|206
1|205
1|204
2|204
0|206
3|209
4|208
4|207
5|207
3|209
10|216
11|215
11|214
12|214
10|216
0|88
1|87
1|86
2|86
0|88
3|91
4|90
4|89
5|89
3|91
10|98
11|97
11|96
12|96
10|98
0|89
1|88
1|87
2|87
0|89
3|92
4|91
4|90
5|90
3|92
10|99
11|98
11|97
12|97
10|99
0|102
1|101
1|100
2|100
0|102
3|105
4|104
4|103
5|103
3|105
10|112
11|111
11|110
12|110
10|112
0|103
1|102
1|101
2|101
0|103
3|106
4|105
4|104
5|104
3|106
10|113
11|112
11|111
12|111
10|113
0|295
1|294
1|293
2|293
0|295
3|298
4|297
4|296
5|296
3|298
10|305
11|304
11|303
12|303
10|305
0|296
1|295
1|294
2|294
0|296
3|299
4|298
4|297
5|297
3|299
10|306
11|305
11|304
12|304
10|306
0|211
1|210
1|209
2|209
0|211
3|214
4|213
4|212
5|212
3|214
10|221
11|220
11|219
12|219
10|221
0|212
1|211
1|210
2|210
0|212
3|215
4|214
4|213
5|213
3|215
10|222
11|221
11|220
12|220
10|222
0|203
1|202
1|201
2|201
0|203
3|206
4|205
4|204
5|204
3|206
10|213
11|212
11|211
12|211
10|213
0|204
1|203
1|202
2|202
0|204
3|207
4|206
4|205
5|205
3|207
10|214
11|213
11|212
12|212
10|214
0|150
1|149
1|148
2|148
0|150
3|153
4|152
4|151
5|151
3|153
10|160
11|159
11|158
12|158
10|160
0|151
1|150
1|149
2|149
0|151
3|154
4|153
4|152
5|152
3|154
10|161
11|160
11|159
12|159
10|161
0|277
1|276
1|275
2|275
0|277
3|280
4|279
4|278
5|278
3|280
10|287
11|286
11|285
12|285
10|287
0|278
1|277
1|276
2|276
0|278
3|281
4|280
4|279
5|279
3|281
10|288
11|287
11|286
12|286
10|288
0|244
1|243
1|242
2|242
0|244
3|247
4|246
4|245
5|245
3|247
10|254
11|253
11|252
12|252
10|254
0|245
1|244
1|243
2|243
0|245
3|248
4|247
4|246
5|246
3|248
10|255
11|254
11|253
12|253
10|255
0|159
1|158
1|157
2|157
0|159
3|162
4|161
4|160
5|160
3|162
10|169
11|168
11|167
12|167
10|169
0|160
1|159
1|158
2|158
0|160
3|163
4|162
4|161
5|161
3|163
10|170
11|169
11|168
12|168
10|170
0|104
1|103
1|102
2|102
0|104
3|107
4|106
4|105
5|105
3|107
10|114
11|113
11|112
12|112
10|114
0|105
1|104
1|103
2|103
0|105
3|108
4|107
4|106
5|106
3|108
10|115
11|114
11|113
12|113
10|115
0|221
1|220
1|219
2|219
0|221
3|224
4|223
4|222
5|222
3|224
10|231
11|230
11|229
12|229
10|231
0|222
1|221
1|220
2|220
0|222
3|225
4|224
4|223
5|223
3|225
10|232
11|231
11|230
12|230
10|232
0|192
1|191
1|190
2|190
0|192
3|195
4|194
4|193
5|193
3|195
10|202
11|201
11|200
12|200
10|202
0|193
1|192
1|191
2|191
0|193
3|196
4|195
4|194
5|194
3|196
10|203
11|202
11|201
12|201
10|203
0|123
1|122
1|121
2|121
0|123
3|126
4|125
4|124
5|124
3|126
10|133
11|132
11|131
12|131
10|133
0|124
1|123
1|122
2|122
0|124
3|127
4|126
4|125
5|125
3|127
10|134
11|133
11|132
12|132
10|134
0|7
1|6
1|5
2|5
0|7
3|10
4|9
4|8
5|8
3|10
10|17
11|16
11|15
12|15
10|17
0|8
1|7
1|6
2|6
0|8
3|11
4|10
4|9
5|9
3|11
10|18
11|17
11|16
12|16
10|18
0|121
1|120
1|119
2|119
0|121
3|124
4|123
4|122
5|122
3|124
10|131
11|130
11|129
12|129
10|131
0|122
1|121
1|120
2|120
0|122
3|125
4|124
4|123
5|123
3|125
10|132
11|131
11|130
12|130
10|132
0|70
1|69
1|68
2|68
0|70
3|73
4|72
4|71
5|71
3|73
10|80
11|79
11|78
12|78
10|80
0|71
1|70
1|69
2|69
0|71
3|74
4|73
4|72
5|72
3|74
10|81
11|80
11|79
12|79
10|81
0|63
1|62
1|61
2|61
0|63
3|66
4|65
4|64
5|64
3|66
10|73
11|72
11|71
12|71
10|73
0|64
1|63
1|62
2|62
0|64
3|67
4|66
4|65
5|65
3|67
10|74
11|73
11|72
12|72
10|74
0|114
1|113
1|112
2|112
0|114
3|117
4|116
4|115
5|115
3|117
10|124
11|123
11|122
12|122
10|124
0|115
1|114
1|113
2|113
0|115
3|118
4|117
4|116
5|116
3|118
10|125
11|124
11|123
12|123
10|125
0|110
1|109
1|108
2|108
0|110
3|113
4|112
4|111
5|111
3|113
10|120
11|119
11|118
12|118
10|120
0|111
1|110
1|109
2|109
0|111
3|114
4|113
4|112
5|112
3|114
10|121
11|120
11|119
12|119
10|121
0|215
1|214
1|213
2|213
0|215
3|218
4|217
4|216
5|216
3|218
10|225
11|224
11|223
12|223
10|225
0|216
1|215
1|214
2|214
0|216
3|219
4|218
4|217
5|217
3|219
10|226
11|225
11|224
12|224
10|226
0|94
1|93
1|92
2|92
0|94
3|97
4|96
4|95
5|95
3|97
10|104
11|103
11|102
12|102
10|104
0|95
1|94
1|93
2|93
0|95
3|98
4|97
4|96
5|96
3|98
10|105
11|104
11|103
12|103
10|105
0|33
1|32
1|31
2|31
0|33
3|36
4|35
4|34
5|34
3|36
10|43
11|42
11|41
12|41
10|43
0|34
1|33
1|32
2|32
0|34
3|37
4|36
4|35
5|35
3|37
10|44
11|43
11|42
12|42
10|44
0|9
1|8
1|7
2|7
0|9
3|12
4|11
4|10
5|10
3|12
10|19
11|18
11|17
12|17
10|19
0|10
1|9
1|8
2|8
0|10
3|13
4|12
4|11
5|11
3|13
10|20
11|19
11|18
12|18
10|20
0|137
1|136
1|135
2|135
0|137
3|140
4|139
4|138
5|138
3|140
10|147
11|146
11|145
12|145
10|147
0|138
1|137
1|136
2|136
0|138
3|141
4|140
4|139
5|139
3|141
10|148
11|147
11|146
12|146
10|148
0|222
1|221
1|220
2|220
0|222
3|225
4|224
4|223
5|223
3|225
10|232
11|231
11|230
12|230
10|232
0|223
1|222
1|221
2|221
0|223
3|226
4|225
4|224
5|224
3|226
10|233
11|232
11|231
12|231
10|233
0|138
1|137
1|136
2|136
0|138
3|141
4|140
4|139
5|139
3|141
10|148
11|147
11|146
12|146
10|148
0|139
1|138
1|137
2|137
0|139
3|142
4|141
4|140
5|140
3|142
10|149
11|148
11|147
12|147
10|149
0|32
1|31
1|30
2|30
0|32
3|35
4|34
4|33
5|33
3|35
10|42
11|41
11|40
12|40
10|42
0|33
1|32
1|31
2|31
0|33
3|36
4|35
4|34
5|34
3|36
10|43
11|42
11|41
12|41
10|43
0|267
1|266
1|265
2|265
0|267
3|270
4|269
4|268
5|268
3|270
10|277
11|276
11|275
12|275
10|277
0|268
1|267
1|266
2|266
0|268
3|271
4|270
4|269
5|269
3|271
10|278
11|277
11|276
12|276
10|278
0|202
1|201
1|200
2|200
0|202
3|205
4|204
4|203
5|203
3|205
10|212
11|211
11|210
12|210
10|212
0|203
1|202
1|201
2|201
0|203
3|206
4|205
4|204
5|204
3|206
10|213
11|212
11|211
12|211
10|213
0|115
1|114
1|113
2|113
0|115
3|118
4|117
4|116
5|116
3|118
10|125
11|124
11|123
12|123
10|125
0|116
1|115
1|114
2|114
0|116
3|119
4|118
4|117
5|117
3|119
10|126
11|125
11|124
12|124
10|126
0|191
1|190
1|189
2|189
0|191
3|194
4|193
4|192
5|192
3|194
10|201
11|200
11|199
12|199
10|201
0|192
1|191
1|190
2|190
0|192
3|195
4|194
4|193
5|193
3|195
10|202
11|201
11|200
12|200
10|202
0|148
1|147
1|146
2|146
0|148
3|151
4|150
4|149
5|149
3|151
10|158
11|157
11|156
12|156
10|158
0|149
1|148
1|147
2|147
0|149
3|152
4|151
4|150
5|150
3|152
10|159
11|158
11|157
12|157
10|159
0|128
1|127
1|126
2|126
0|128
3|131
4|130
4|129
5|129
3|131
10|138
11|137
11|136
12|136
10|138
0|129
1|128
1|127
2|127
0|129
3|132
4|131
4|130
5|130
3|132
10|139
11|138
11|137
12|137
10|139
0|281
1|280
1|279
2|279
0|281
3|284
4|283
4|282
5|282
3|284
10|291
11|290
11|289
12|289
10|291
0|282
1|281
1|280
2|280
0|282
3|285
4|284
4|283
5|283
3|285
10|292
11|291
11|290
12|290
10|292
0|201
1|200
1|199
2|199
0|201
3|204
4|203
4|202
5|202
3|204
10|211
11|210
11|209
12|209
10|211
0|202
1|201
1|200
2|200
0|202
3|205
4|204
4|203
5|203
3|205
10|212
11|211
11|210
12|210
10|212
0|274
1|273
1|272
2|272
0|274
3|277
4|276
4|275
5|275
3|277
10|284
11|283
11|282
12|282
10|284
0|275
1|274
1|273
2|273
0|275
3|278
4|277
4|276
5|276
3|278
10|285
11|284
11|283
12|283
10|285
0|294
1|293
1|292
2|292
0|294
3|297
4|296
4|295
5|295
3|297
10|304
11|303
11|302
12|302
10|304
0|295
1|294
1|293
2|293
0|295
3|298
4|297
4|296
5|296
3|298
10|305
11|304
11|303
12|303
10|305
0|164
1|163
1|162
2|162
0|164
3|167
4|166
4|165
5|165
3|167
10|174
11|173
11|172
12|172
10|174
0|165
1|164
1|163
2|163
0|165
3|168
4|167
4|166
5|166
3|168
10|175
11|174
11|173
12|173
10|175
0|177
1|176
1|175
2|175
0|177
3|180
4|179
4|178
5|178
3|180
10|187
11|186
11|185
12|185
10|187
0|178
1|177
1|176
2|176
0|178
3|181
4|180
4|179
5|179
3|181
10|188
11|187
11|186
12|186
10|188
0|15
1|14
1|13
2|13
0|15
3|18
4|17
4|16
5|16
3|18
10|25
11|24
11|23
12|23
10|25
0|16
1|15
1|14
2|14
0|16
3|19
4|18
4|17
5|17
3|19
10|26
11|25
11|24
12|24
10|26
0|283
1|282
1|281
2|281
0|283
3|286
4|285
4|284
5|284
3|286
10|293
11|292
11|291
12|291
10|293
0|284
1|283
1|282
2|282
0|284
3|287
4|286
4|285
5|285
3|287
10|294
11|293
11|292
12|292
10|294
0|23
1|22
1|21
2|21
0|23
3|26
4|25
4|24
5|24
3|26
10|33
11|32
11|31
12|31
10|33
0|24
1|23
1|22
2|22
0|24
3|27
4|26
4|25
5|25
3|27
10|34
11|33
11|32
12|32
10|34
0|190
1|189
1|188
2|188
0|190
3|193
4|192
4|191
5|191
3|193
10|200
11|199
11|198
12|198
10|200
0|191
1|190
1|189
2|189
0|191
3|194
4|193
4|192
5|192
3|194
10|201
11|200
11|199
12|199
10|201
0|297
1|296
1|295
2|295
0|297
3|300
4|299
4|298
5|298
3|300
10|307
11|306
11|305
12|305
10|307
0|298
1|297
1|296
2|296
0|298
3|301
4|300
4|299
5|299
3|301
10|308
11|307
11|306
12|306
10|308
0|241
1|240
1|239
2|239
0|241
3|244
4|243
4|242
5|242
3|244
10|251
11|250
11|249
12|249
10|251
0|242
1|241
1|240
2|240
0|242
3|245
4|244
4|243
5|243
3|245
10|252
11|251
11|250
12|250
10|252
0|169
1|168
1|167
2|167
0|169
3|172
4|171
4|170
5|170
3|172
10|179
11|178
11|177
12|177
10|179
0|170
1|169
1|168
2|168
0|170
3|173
4|172
4|171
5|171
3|173
10|180
11|179
11|178
12|178
10|180
0|200
1|199
1|198
2|198
0|200
3|203
4|202
4|201
5|201
3|203
10|210
11|209
11|208
12|208
10|210
0|201
1|200
1|199
2|199
0|201
3|204
4|203
4|202
5|202
3|204
10|211
11|210
11|209
12|209
10|211
0|91
1|90
1|89
2|89
0|91
3|94
4|93
4|92
5|92
3|94
10|101
11|100
11|99
12|99
10|101
0|92
1|91
1|90
2|90
0|92
3|95
4|94
4|93
5|93
3|95
10|102
11|101
11|100
12|100
10|102
0|216
1|215
1|214
2|214
0|216
3|219
4|218
4|217
5|217
3|219
10|226
11|225
11|224
12|224
10|226
0|217
1|216
1|215
2|215
0|217
3|220
4|219
4|218
5|218
3|220
10|227
11|226
11|225
12|225
10|227
0|229
1|228
1|227
2|227
0|229
3|232
4|231
4|230
5|230
3|232
10|239
11|238
11|237
12|237
10|239
0|230
1|229
1|228
2|228
0|230
3|233
4|232
4|231
5|231
3|233
10|240
11|239
11|238
12|238
10|240
0|286
1|285
1|284
2|284
0|286
3|289
4|288
4|287
5|287
3|289
10|296
11|295
11|294
12|294
10|296
0|287
1|286
1|285
2|285
0|287
3|290
4|289
4|288
5|288
3|290
10|297
11|296
11|295
12|295
10|297
0|72
1|71
1|70
2|70
0|72
3|75
4|74
4|73
5|73
3|75
10|82
11|81
11|80
12|80
10|82
0|73
1|72
1|71
2|71
0|73
3|76
4|75
4|74
5|74
3|76
10|83
11|82
11|81
12|81
10|83
0|278
1|277
1|276
2|276
0|278
3|281
4|280
4|279
5|279
3|281
10|288
11|287
11|286
12|286
10|288
0|279
1|278
1|277
2|277
0|279
3|282
4|281
4|280
5|280
3|282
10|289
11|288
11|287
12|287
10|289
0|13
1|12
1|11
2|11
0|13
3|16
4|15
4|14
5|14
3|16
10|23
11|22
11|21
12|21
10|23
0|14
1|13
1|12
2|12
0|14
3|17
4|16
4|15
5|15
3|17
10|24
11|23
11|22
12|22
10|24
0|191
1|190
1|189
2|189
0|191
3|194
4|193
4|192
5|192
3|194
10|201
11|200
11|199
12|199
10|201
0|192
1|191
1|190
2|190
0|192
3|195
4|194
4|193
5|193
3|195
10|202
11|201
11|200
12|200
10|202
0|248
1|247
1|246
2|246
0|248
3|251
4|250
4|249
5|249
3|251
10|258
11|257
11|256
12|256
10|258
0|249
1|248
1|247
2|247
0|249
3|252
4|251
4|250
5|250
3|252
10|259
11|258
11|257
12|257
10|259
0|118
1|117
1|116
2|116
0|118
3|121
4|120
4|119
5|119
3|121
10|128
11|127
11|126
12|126
10|128
0|119
1|118
1|117
2|117
0|119
3|122
4|121
4|120
5|120
3|122
10|129
11|128
11|127
12|127
10|129
0|54
1|53
1|52
2|52
0|54
3|57
4|56
4|55
5|55
3|57
10|64
11|63
11|62
12|62
10|64
0|55
1|54
1|53
2|53
0|55
3|58
4|57
4|56
5|56
3|58
10|65
11|64
11|63
12|63
10|65
0|131
1|130
1|129
2|129
0|131
3|134
4|133
4|132
5|132
3|134
10|141
11|140
11|139
12|139
10|141
0|132
1|131
1|130
2|130
0|132
3|135
4|134
4|133
5|133
3|135
10|142
11|141
11|140
12|140
10|142
0|289
1|288
1|287
2|287
0|289
3|292
4|291
4|290
5|290
3|292
10|299
11|298
11|297
12|297
10|299
0|290
1|289
1|288
2|288
0|290
3|293
4|292
4|291
5|291
3|293
10|300
11|299
11|298
12|298
10|300
0|262
1|261
1|260
2|260
0|262
3|265
4|264
4|263
5|263
3|265
10|272
11|271
11|270
12|270
10|272
0|263
1|262
1|261
2|261
0|263
3|266
4|265
4|264
5|264
3|266
10|273
11|272
11|271
12|271
10|273
0|88
1|87
1|86
2|86
0|88
3|91
4|90
4|89
5|89
3|91
10|98
11|97
11|96
12|96
10|98
0|89
1|88
1|87
2|87
0|89
3|92
4|91
4|90
5|90
3|92
10|99
11|98
11|97
12|97
10|99
0|242
1|241
1|240
2|240
0|242
3|245
4|244
4|243
5|243
3|245
10|252
11|251
11|250
12|250
10|252
0|243
1|242
1|241
2|241
0|243
3|246
4|245
4|244
5|244
3|246
10|253
11|252
11|251
12|251
10|253
0|303
1|302
1|301
2|301
0|303
3|306
4|305
4|304
5|304
3|306
10|313
11|312
11|311
12|311
10|313
0|304
1|303
1|302
2|302
0|304
3|307
4|306
4|305
5|305
3|307
10|314
11|313
11|312
12|312
10|314
0|213
1|212
1|211
2|211
0|213
3|216
4|215
4|214
5|214
3|216
10|223
11|222
11|221
12|221
10|223
0|214
1|213
1|212
2|212
0|214
3|217
4|216
4|215
5|215
3|217
10|224
11|223
11|222
12|222
10|224
0|215
1|214
1|213
2|213
0|215
3|218
4|217
4|216
5|216
3|218
10|225
11|224
11|223
12|223
10|225
0|216
1|215
1|214
2|214
0|216
3|219
4|218
4|217
5|217
3|219
10|226
11|225
11|224
12|224
10|226
0|252
1|251
1|250
2|250
0|252
3|255
4|254
4|253
5|253
3|255
10|262
11|261
11|260
12|260
10|262
0|253
1|252
1|251
2|251
0|253
3|256
4|255
4|254
5|254
3|256
10|263
11|262
11|261
12|261
10|263
0|54
1|53
1|52
2|52
0|54
3|57
4|56
4|55
5|55
3|57
10|64
11|63
11|62
12|62
10|64
0|55
1|54
1|53
2|53
0|55
3|58
4|57
4|56
5|56
3|58
10|65
11|64
11|63
12|63
10|65
0|61
1|60
1|59
2|59
0|61
3|64
4|63
4|62
5|62
3|64
10|71
11|70
11|69
12|69
10|71
0|62
1|61
1|60
2|60
0|62
3|65
4|64
4|63
5|63
3|65
10|72
11|71
11|70
12|70
10|72
0|107
1|106
1|105
2|105
0|107
3|110
4|109
4|108
5|108
3|110
10|117
11|116
11|115
12|115
10|117
0|108
1|107
1|106
2|106
0|108
3|111
4|110
4|109
5|109
3|111
10|118
11|117
11|116
12|116
10|118
0|50
1|49
1|48
2|48
0|50
3|53
4|52
4|51
5|51
3|53
10|60
11|59
11|58
12|58
10|60
0|51
1|50
1|49
2|49
0|51
3|54
4|53
4|52
5|52
3|54
10|61
11|60
11|59
12|59
10|61
0|233
1|232
1|231
2|231
0|233
3|236
4|235
4|234
5|234
3|236
10|243
11|242
11|241
12|241
10|243
0|234
1|233
1|232
2|232
0|234
3|237
4|236
4|235
5|235
3|237
10|244
11|243
11|242
12|242
10|244
0|172
1|171
1|170
2|170
0|172
3|175
4|174
4|173
5|173
3|175
10|182
11|181
11|180
12|180
10|182
0|173
1|172
1|171
2|171
0|173
3|176
4|175
4|174
5|174
3|176
10|183
11|182
11|181
12|181
10|183
0|89
1|88
1|87
2|87
0|89
3|92
4|91
4|90
5|90
3|92
10|99
11|98
11|97
12|97
10|99
0|90
1|89
1|88
2|88
0|90
3|93
4|92
4|91
5|91
3|93
10|100
11|99
11|98
12|98
10|100
0|21
1|20
1|19
2|19
0|21
3|24
4|23
4|22
5|22
3|24
10|31
11|30
11|29
12|29
10|31
0|22
1|21
1|20
2|20
0|22
3|25
4|24
4|23
5|23
3|25
10|32
11|31
11|30
12|30
10|32
0|179
1|178
1|177
2|177
0|179
3|182
4|181
4|180
5|180
3|182
10|189
11|188
11|187
12|187
10|189
0|180
1|179
1|178
2|178
0|180
3|183
4|182
4|181
5|181
3|183
10|190
11|189
11|188
12|188
10|190
0|124
1|123
1|122
2|122
0|124
3|127
4|126
4|125
5|125
3|127
10|134
11|133
11|132
12|132
10|134
0|125
1|124
1|123
2|123
0|125
3|128
4|127
4|126
5|126
3|128
10|135
11|134
11|133
12|133
10|135
0|218
1|217
1|216
2|216
0|218
3|221
4|220
4|219
5|219
3|221
10|228
11|227
11|226
12|226
10|228
0|219
1|218
1|217
2|217
0|219
3|222
4|221
4|220
5|220
3|222
10|229
11|228
11|227
12|227
10|229
0|270
1|269
1|268
2|268
0|270
3|273
4|272
4|271
5|271
3|273
10|280
11|279
11|278
12|278
10|280
0|271
1|270
1|269
2|269
0|271
3|274
4|273
4|272
5|272
3|274
10|281
11|280
11|279
12|279
10|281
0|3
1|2
1|1
0|3
0|3
3|6
4|5
4|4
3|6
3|6
10|13
11|12
11|11
10|13
10|13
0|4
1|3
1|2
2|2
0|4
3|7
4|6
4|5
5|5
3|7
10|14
11|13
11|12
12|12
10|14
0|223
1|222
1|221
2|221
0|223
3|226
4|225
4|224
5|224
3|226
10|233
11|232
11|231
12|231
10|233
0|224
1|223
1|222
2|222
0|224
3|227
4|226
4|225
5|225
3|227
10|234
11|233
11|232
12|232
10|234
0|288
1|287
1|286
2|286
0|288
3|291
4|290
4|289
5|289
3|291
10|298
11|297
11|296
12|296
10|298
0|289
1|288
1|287
2|287
0|289
3|292
4|291
4|290
5|290
3|292
10|299
11|298
11|297
12|297
10|299
0|13
1|12
1|11
2|11
0|13
3|16
4|15
4|14
5|14
3|16
10|23
11|22
11|21
12|21
10|23
0|14
1|13
1|12
2|12
0|14
3|17
4|16
4|15
5|15
3|17
10|24
11|23
11|22
12|22
10|24
0|54
1|53
1|52
2|52
0|54
3|57
4|56
4|55
5|55
3|57
10|64
11|63
11|62
12|62
10|64
0|55
1|54
1|53
2|53
0|55
3|58
4|57
4|56
5|56
3|58
10|65
11|64
11|63
12|63
10|65
0|90
1|89
1|88
2|88
0|90
3|93
4|92
4|91
5|91
3|93
10|100
11|99
11|98
12|98
10|100
0|91
1|90
1|89
2|89
0|91
3|94
4|93
4|92
5|92
3|94
10|101
11|100
11|99
12|99
10|101
0|236
1|235
1|234
2|234
0|236
3|239
4|238
4|237
5|237
3|239
10|246
11|245
11|244
12|244
10|246
0|237
1|236
1|235
2|235
0|237
3|240
4|239
4|238
5|238
3|240
10|247
11|246
11|245
12|245
10|247
0|143
1|142
1|141
2|141
0|143
3|146
4|145
4|144
5|144
3|146
10|153
11|152
11|151
12|151
10|153
0|144
1|143
1|142
2|142
0|144
3|147
4|146
4|145
5|145
3|147
10|154
11|153
11|152
12|152
10|154
0|45
1|44
1|43
2|43
0|45
3|48
4|47
4|46
5|46
3|48
10|55
11|54
11|53
12|53
10|55
0|46
1|45
1|44
2|44
0|46
3|49
4|48
4|47
5|47
3|49
10|56
11|55
11|54
12|54
10|56
0|303
1|302
1|301
2|301
0|303
3|306
4|305
4|304
5|304
3|306
10|313
11|312
11|311
12|311
10|313
0|304
1|303
1|302
2|302
0|304
3|307
4|306
4|305
5|305
3|307
10|314
11|313
11|312
12|312
10|314
0|276
1|275
1|274
2|274
0|276
3|279
4|278
4|277
5|277
3|279
10|286
11|285
11|284
12|284
10|286
0|277
1|276
1|275
2|275
0|277
3|280
4|279
4|278
5|278
3|280
10|287
11|286
11|285
12|285
10|287
0|147
1|146
1|145
2|145
0|147
3|150
4|149
4|148
5|148
3|150
10|157
11|156
11|155
12|155
10|157
0|148
1|147
1|146
2|146
0|148
3|151
4|150
4|149
5|149
3|151
10|158
11|157
11|156
12|156
10|158
0|130
1|129
1|128
2|128
0|130
3|133
4|132
4|131
5|131
3|133
10|140
11|139
11|138
12|138
10|140
0|131
1|130
1|129
2|129
0|131
3|134
4|133
4|132
5|132
3|134
10|141
11|140
11|139
12|139
10|141
0|233
1|232
1|231
2|231
0|233
3|236
4|235
4|234
5|234
3|236
10|243
11|242
11|241
12|241
10|243
0|234
1|233
1|232
2|232
0|234
3|237
4|236
4|235
5|235
3|237
10|244
11|243
11|242
12|242
10|244
0|266
1|265
1|264
2|264
0|266
3|269
4|268
4|267
5|267
3|269
10|276
11|275
11|274
12|274
10|276
0|267
1|266
1|265
2|265
0|267
3|270
4|269
4|268
5|268
3|270
10|277
11|276
11|275
12|275
10|277
0|186
1|185
1|184
2|184
0|186
3|189
4|188
4|187
5|187
3|189
10|196
11|195
11|194
12|194
10|196
0|187
1|186
1|185
2|185
0|187
3|190
4|189
4|188
5|188
3|190
10|197
11|196
11|195
12|195
10|197
0|185
1|184
1|183
2|183
0|185
3|188
4|187
4|186
5|186
3|188
10|195
11|194
11|193
12|193
10|195
0|186
1|185
1|184
2|184
0|186
3|189
4|188
4|187
5|187
3|189
10|196
11|195
11|194
12|194
10|196
0|308
1|307
1|306
2|306
0|308
3|311
4|310
4|309
5|309
3|311
10|318
11|317
11|316
12|316
10|318
0|309
1|308
1|307
2|307
0|309
3|312
4|311
4|310
5|310
3|312
10|319
11|318
11|317
12|317
10|319
0|75
1|74
1|73
2|73
0|75
3|78
4|77
4|76
5|76
3|78
10|85
11|84
11|83
12|83
10|85
0|76
1|75
1|74
2|74
0|76
3|79
4|78
4|77
5|77
3|79
10|86
11|85
11|84
12|84
10|86
0|148
1|147
1|146
2|146
0|148
3|151
4|150
4|149
5|149
3|151
10|158
11|157
11|156
12|156
10|158
0|149
1|148
1|147
2|147
0|149
3|152
4|151
4|150
5|150
3|152
10|159
11|158
11|157
12|157
10|159
0|115
1|114
1|113
2|113
0|115
3|118
4|117
4|116
5|116
3|118
10|125
11|124
11|123
12|123
10|125
0|116
1|115
1|114
2|114
0|116
3|119
4|118
4|117
5|117
3|119
10|126
11|125
11|124
12|124
10|126
0|20
1|19
1|18
2|18
0|20
3|23
4|22
4|21
5|21
3|23
10|30
11|29
11|28
12|28
10|30
0|21
1|20
1|19
2|19
0|21
3|24
4|23
4|22
5|22
3|24
10|31
11|30
11|29
12|29
10|31
0|76
1|75
1|74
2|74
0|76
3|79
4|78
4|77
5|77
3|79
10|86
11|85
11|84
12|84
10|86
0|77
1|76
1|75
2|75
0|77
3|80
4|79
4|78
5|78
3|80
10|87
11|86
11|85
12|85
10|87
0|26
1|25
1|24
2|24
0|26
3|29
4|28
4|27
5|27
3|29
10|36
11|35
11|34
12|34
10|36
0|27
1|26
1|25
2|25
0|27
3|30
4|29
4|28
5|28
3|30
10|37
11|36
11|35
12|35
10|37
0|16
1|15
1|14
2|14
0|16
3|19
4|18
4|17
5|17
3|19
10|26
11|25
11|24
12|24
10|26
0|17
1|16
1|15
2|15
0|17
3|20
4|19
4|18
5|18
3|20
10|27
11|26
11|25
12|25
10|27
0|25
1|24
1|23
2|23
0|25
3|28
4|27
4|26
5|26
3|28
10|35
11|34
11|33
12|33
10|35
0|26
1|25
1|24
2|24
0|26
3|29
4|28
4|27
5|27
3|29
10|36
11|35
11|34
12|34
10|36
0|291
1|290
1|289
2|289
0|291
3|294
4|293
4|292
5|292
3|294
10|301
11|300
11|299
12|299
10|301
0|292
1|291
1|290
2|290
0|292
3|295
4|294
4|293
5|293
3|295
10|302
11|301
11|300
12|300
10|302
0|299
1|298
1|297
2|297
0|299
3|302
4|301
4|300
5|300
3|302
10|309
11|308
11|307
12|307
10|309
0|300
1|299
1|298
2|298
0|300
3|303
4|302
4|301
5|301
3|303
10|310
11|309
11|308
12|308
10|310
0|12
1|11
1|10
2|10
0|12
3|15
4|14
4|13
5|13
3|15
10|22
11|21
11|20
12|20
10|22
0|13
1|12
1|11
2|11
0|13
3|16
4|15
4|14
5|14
3|16
10|23
11|22
11|21
12|21
10|23
0|253
1|252
1|251
2|251
0|253
3|256
4|255
4|254
5|254
3|256
10|263
11|262
11|261
12|261
10|263
0|254
1|253
1|252
2|252
0|254
3|257
4|256
4|255
5|255
3|257
10|264
11|263
11|262
12|262
10|264
0|208
1|207
1|206
2|206
0|208
3|211
4|210
4|209
5|209
3|211
10|218
11|217
11|216
12|216
10|218
0|209
1|208
1|207
2|207
0|209
3|212
4|211
4|210
5|210
3|212
10|219
11|218
11|217
12|217
10|219
0|97
1|96
1|95
2|95
0|97
3|100
4|99
4|98
5|98
3|100
10|107
11|106
11|105
12|105
10|107
0|98
1|97
1|96
2|96
0|98
3|101
4|100
4|99
5|99
3|101
10|108
11|107
11|106
12|106
10|108
0|252
1|251
1|250
2|250
0|252
3|255
4|254
4|253
5|253
3|255
10|262
11|261
11|260
12|260
10|262
0|253
1|252
1|251
2|251
0|253
3|256
4|255
4|254
5|254
3|256
10|263
11|262
11|261
12|261
10|263
0|210
1|209
1|208
2|208
0|210
3|213
4|212
4|211
5|211
3|213
10|220
11|219
11|218
12|218
10|220
0|211
1|210
1|209
2|209
0|211
3|214
4|213
4|212
5|212
3|214
10|221
11|220
11|219
12|219
10|221
0|293
1|292
1|291
2|291
0|293
3|296
4|295
4|294
5|294
3|296
10|303
11|302
11|301
12|301
10|303
0|294
1|293
1|292
2|292
0|294
3|297
4|296
4|295
5|295
3|297
10|304
11|303
11|302
12|302
10|304
0|148
1|147
1|146
2|146
0|148
3|151
4|150
4|149
5|149
3|151
10|158
11|157
11|156
12|156
10|158
0|149
1|148
1|147
2|147
0|149
3|152
4|151
4|150
5|150
3|152
10|159
11|158
11|157
12|157
10|159
0|74
1|73
1|72
2|72
0|74
3|77
4|76
4|75
5|75
3|77
10|84
11|83
11|82
12|82
10|84
0|75
1|74
1|73
2|73
0|75
3|78
4|77
4|76
5|76
3|78
10|85
11|84
11|83
12|83
10|85
0|178
1|177
1|176
2|176
0|178
3|181
4|180
4|179
5|179
3|181
10|188
11|187
11|186
12|186
10|188
0|179
1|178
1|177
2|177
0|179
3|182
4|181
4|180
5|180
3|182
10|189
11|188
11|187
12|187
10|189
0|85
1|84
1|83
2|83
0|85
3|88
4|87
4|86
5|86
3|88
10|95
11|94
11|93
12|93
10|95
0|86
1|85
1|84
2|84
0|86
3|89
4|88
4|87
5|87
3|89
10|96
11|95
11|94
12|94
10|96
0|307
1|306
1|305
2|305
0|307
3|310
4|309
4|308
5|308
3|310
10|317
11|316
11|315
12|315
10|317
0|308
1|307
1|306
2|306
0|308
3|311
4|310
4|309
5|309
3|311
10|318
11|317
11|316
12|316
10|318
0|114
1|113
1|112
2|112
0|114
3|117
4|116
4|115
5|115
3|117
10|124
11|123
11|122
12|122
10|124
0|115
1|114
1|113
2|113
0|115
3|118
4|117
4|116
5|116
3|118
10|125
11|124
11|123
12|123
10|125
0|56
1|55
1|54
2|54
0|56
3|59
4|58
4|57
5|57
3|59
10|66
11|65
11|64
12|64
10|66
0|57
1|56
1|55
2|55
0|57
3|60
4|59
4|58
5|58
3|60
10|67
11|66
11|65
12|65
10|67
0|81
1|80
1|79
2|79
0|81
3|84
4|83
4|82
5|82
3|84
10|91
11|90
11|89
12|89
10|91
0|82
1|81
1|80
2|80
0|82
3|85
4|84
4|83
5|83
3|85
10|92
11|91
11|90
12|90
10|92
0|212
1|211
1|210
2|210
0|212
3|215
4|214
4|213
5|213
3|215
10|222
11|221
11|220
12|220
10|222
0|213
1|212
1|211
2|211
0|213
3|216
4|215
4|214
5|214
3|216
10|223
11|222
11|221
12|221
10|223
0|129
1|128
1|127
2|127
0|129
3|132
4|131
4|130
5|130
3|132
10|139
11|138
11|137
12|137
10|139
0|130
1|129
1|128
2|128
0|130
3|133
4|132
4|131
5|131
3|133
10|140
11|139
11|138
12|138
10|140
0|31
1|30
1|29
2|29
0|31
3|34
4|33
4|32
5|32
3|34
10|41
11|40
11|39
12|39
10|41
0|32
1|31
1|30
2|30
0|32
3|35
4|34
4|33
5|33
3|35
10|42
11|41
11|40
12|40
10|42
0|83
1|82
1|81
2|81
0|83
3|86
4|85
4|84
5|84
3|86
10|93
11|92
11|91
12|91
10|93
0|84
1|83
1|82
2|82
0|84
3|87
4|86
4|85
5|85
3|87
10|94
11|93
11|92
12|92
10|94
0|88
1|87
1|86
2|86
0|88
3|91
4|90
4|89
5|89
3|91
10|98
11|97
11|96
12|96
10|98
0|89
1|88
1|87
2|87
0|89
3|92
4|91
4|90
5|90
3|92
10|99
11|98
11|97
12|97
10|99
0|203
1|202
1|201
2|201
0|203
3|206
4|205
4|204
5|204
3|206
10|213
11|212
11|211
12|211
10|213
0|204
1|203
1|202
2|202
0|204
3|207
4|206
4|205
5|205
3|207
10|214
11|213
11|212
12|212
10|214
0|97
1|96
1|95
2|95
0|97
3|100
4|99
4|98
5|98
3|100
10|107
11|106
11|105
12|105
10|107
0|98
1|97
1|96
2|96
0|98
3|101
4|100
4|99
5|99
3|101
10|108
11|107
11|106
12|106
10|108
0|286
1|285
1|284
2|284
0|286
3|289
4|288
4|287
5|287
3|289
10|296
11|295
11|294
12|294
10|296
0|287
1|286
1|285
2|285
0|287
3|290
4|289
4|288
5|288
3|290
10|297
11|296
11|295
12|295
10|297
0|30
1|29
1|28
2|28
0|30
3|33
4|32
4|31
5|31
3|33
10|40
11|39
11|38
12|38
10|40
0|31
1|30
1|29
2|29
0|31
3|34
4|33
4|32
5|32
3|34
10|41
11|40
11|39
12|39
10|41
0|274
1|273
1|272
2|272
0|274
3|277
4|276
4|275
5|275
3|277
10|284
11|283
11|282
12|282
10|284
0|275
1|274
1|273
2|273
0|275
3|278
4|277
4|276
5|276
3|278
10|285
11|284
11|283
12|283
10|285
0|1
0|1
0|1
0|1
0|1
3|4
3|4
3|4
3|4
3|4
10|11
10|11
10|11
10|11
10|11
0|2
1|1
0|2
0|2
0|2
3|5
4|4
3|5
3|5
3|5
10|12
11|11
10|12
10|12
10|12
0|3
1|2
1|1
0|3
0|3
3|6
4|5
4|4
3|6
3|6
10|13
11|12
11|11
10|13
10|13
0|75
1|74
1|73
2|73
0|75
3|78
4|77
4|76
5|76
3|78
10|85
11|84
11|83
12|83
10|85
0|76
1|75
1|74
2|74
0|76
3|79
4|78
4|77
5|77
3|79
10|86
11|85
11|84
12|84
10|86
0|240
1|239
1|238
2|238
0|240
3|243
4|242
4|241
5|241
3|243
10|250
11|249
11|248
12|248
10|250
0|241
1|240
1|239
2|239
0|241
3|244
4|243
4|242
5|242
3|244
10|251
11|250
11|249
12|249
10|251
0|201
1|200
1|199
2|199
0|201
3|204
4|203
4|202
5|202
3|204
10|211
11|210
11|209
12|209
10|211
0|202
1|201
1|200
2|200
0|202
3|205
4|204
4|203
5|203
3|205
10|212
11|211
11|210
12|210
10|212
0|89
1|88
1|87
2|87
0|89
3|92
4|91
4|90
5|90
3|92
10|99
11|98
11|97
12|97
10|99
0|90
1|89
1|88
2|88
0|90
3|93
4|92
4|91
5|91
3|93
10|100
11|99
11|98
12|98
10|100
0|170
1|169
1|168
2|168
0|170
3|173
4|172
4|171
5|171
3|173
10|180
11|179
11|178
12|178
10|180
0|171
1|170
1|169
2|169
0|171
3|174
4|173
4|172
5|172
3|174
10|181
11|180
11|179
12|179
10|181
0|120
1|119
1|118
2|118
0|120
3|123
4|122
4|121
5|121
3|123
10|130
11|129
11|128
12|128
10|130
0|121
1|120
1|119
2|119
0|121
3|124
4|123
4|122
5|122
3|124
10|131
11|130
11|129
12|129
10|131
0|258
1|257
1|256
2|256
0|258
3|261
4|260
4|259
5|259
3|261
10|268
11|267
11|266
12|266
10|268
0|259
1|258
1|257
2|257
0|259
3|262
4|261
4|260
5|260
3|262
10|269
11|268
11|267
12|267
10|269
0|250
1|249
1|248
2|248
0|250
3|253
4|252
4|251
5|251
3|253
10|260
11|259
11|258
12|258
10|260
0|251
1|250
1|249
2|249
0|251
3|254
4|253
4|252
5|252
3|254
10|261
11|260
11|259
12|259
10|261
0|176
1|175
1|174
2|174
0|176
3|179
4|178
4|177
5|177
3|179
10|186
11|185
11|184
12|184
10|186
0|177
1|176
1|175
2|175
0|177
3|180
4|179
4|178
5|178
3|180
10|187
11|186
11|185
12|185
10|187
0|275
1|274
1|273
2|273
0|275
3|278
4|277
4|276
5|276
3|278
10|285
11|284
11|283
12|283
10|285
0|276
1|275
1|274
2|274
0|276
3|279
4|278
4|277
5|277
3|279
10|286
11|285
11|284
12|284
10|286
0|218
1|217
1|216
2|216
0|218
3|221
4|220
4|219
5|219
3|221
10|228
11|227
11|226
12|226
10|228
0|219
1|218
1|217
2|217
0|219
3|222
4|221
4|220
5|220
3|222
10|229
11|228
11|227
12|227
10|229
0|110
1|109
1|108
2|108
0|110
3|113
4|112
4|111
5|111
3|113
10|120
11|119
11|118
12|118
10|120
0|111
1|110
1|109
2|109
0|111
3|114
4|113
4|112
5|112
3|114
10|121
11|120
11|119
12|119
10|121
0|106
1|105
1|104
2|104
0|106
3|109
4|108
4|107
5|107
3|109
10|116
11|115
11|114
12|114
10|116
0|107
1|106
1|105
2|105
0|107
3|110
4|109
4|108
5|108
3|110
10|117
11|116
11|115
12|115
10|117
0|306
1|305
1|304
2|304
0|306
3|309
4|308
4|307
5|307
3|309
10|316
11|315
11|314
12|314
10|316
0|307
1|306
1|305
2|305
0|307
3|310
4|309
4|308
5|308
3|310
10|317
11|316
11|315
12|315
10|317
0|206
1|205
1|204
2|204
0|206
3|209
4|208
4|207
5|207
3|209
10|216
11|215
11|214
12|214
10|216
0|207
1|206
1|205
2|205
0|207
3|210
4|209
4|208
5|208
3|210
10|217
11|216
11|215
12|215
10|217
0|122
1|121
1|120
2|120
0|122
3|125
4|124
4|123
5|123
3|125
10|132
11|131
11|130
12|130
10|132
0|123
1|122
1|121
2|121
0|123
3|126
4|125
4|124
5|124
3|126
10|133
11|132
11|131
12|131
10|133
0|10
1|9
1|8
2|8
0|10
3|13
4|12
4|11
5|11
3|13
10|20
11|19
11|18
12|18
10|20
0|11
1|10
1|9
2|9
0|11
3|14
4|13
4|12
5|12
3|14
10|21
11|20
11|19
12|19
10|21
0|230
1|229
1|228
2|228
0|230
3|233
4|232
4|231
5|231
3|233
10|240
11|239
11|238
12|238
10|240
0|231
1|230
1|229
2|229
0|231
3|234
4|233
4|232
5|232
3|234
10|241
11|240
11|239
12|239
10|241
0|241
1|240
1|239
2|239
0|241
3|244
4|243
4|242
5|242
3|244
10|251
11|250
11|249
12|249
10|251
0|242
1|241
1|240
2|240
0|242
3|245
4|244
4|243
5|243
3|245
10|252
11|251
11|250
12|250
10|252
0|291
1|290
1|289
2|289
0|291
3|294
4|293
4|292
5|292
3|294
10|301
11|300
11|299
12|299
10|301
0|292
1|291
1|290
2|290
0|292
3|295
4|294
4|293
5|293
3|295
10|302
11|301
11|300
12|300
10|302
0|152
1|151
1|150
2|150
0|152
3|155
4|154
4|153
5|153
3|155
10|162
11|161
11|160
12|160
10|162
0|153
1|152
1|151
2|151
0|153
3|156
4|155
4|154
5|154
3|156
10|163
11|162
11|161
12|161
10|163
0|135
1|134
1|133
2|133
0|135
3|138
4|137
4|136
5|136
3|138
10|145
11|144
11|143
12|143
10|145
0|136
1|135
1|134
2|134
0|136
3|139
4|138
4|137
5|137
3|139
10|146
11|145
11|144
12|144
10|146
0|50
1|49
1|48
2|48
0|50
3|53
4|52
4|51
5|51
3|53
10|60
11|59
11|58
12|58
10|60
0|51
1|50
1|49
2|49
0|51
3|54
4|53
4|52
5|52
3|54
10|61
11|60
11|59
12|59
10|61
0|138
1|137
1|136
2|136
0|138
3|141
4|140
4|139
5|139
3|141
10|148
11|147
11|146
12|146
10|148
0|139
1|138
1|137
2|137
0|139
3|142
4|141
4|140
5|140
3|142
10|149
11|148
11|147
12|147
10|149
0|192
1|191
1|190
2|190
0|192
3|195
4|194
4|193
5|193
3|195
10|202
11|201
11|200
12|200
10|202
0|193
1|192
1|191
2|191
0|193
3|196
4|195
4|194
5|194
3|196
10|203
11|202
11|201
12|201
10|203
0|156
1|155
1|154
2|154
0|156
3|159
4|158
4|157
5|157
3|159
10|166
11|165
11|164
12|164
10|166
0|157
1|156
1|155
2|155
0|157
3|160
4|159
4|158
5|158
3|160
10|167
11|166
11|165
12|165
10|167
0|130
1|129
1|128
2|128
0|130
3|133
4|132
4|131
5|131
3|133
10|140
11|139
11|138
12|138
10|140
0|131
1|130
1|129
2|129
0|131
3|134
4|133
4|132
5|132
3|134
10|141
11|140
11|139
12|139
10|141
0|230
1|229
1|228
2|228
0|230
3|233
4|232
4|231
5|231
3|233
10|240
11|239
11|238
12|238
10|240
0|231
1|230
1|229
2|229
0|231
3|234
4|233
4|232
5|232
3|234
10|241
11|240
11|239
12|239
10|241
0|59
1|58
1|57
2|57
0|59
3|62
4|61
4|60
5|60
3|62
10|69
11|68
11|67
12|67
10|69
0|60
1|59
1|58
2|58
0|60
3|63
4|62
4|61
5|61
3|63
10|70
11|69
11|68
12|68
10|70
0|125
1|124
1|123
2|123
0|125
3|128
4|127
4|126
5|126
3|128
10|135
11|134
11|133
12|133
10|135
0|126
1|125
1|124
2|124
0|126
3|129
4|128
4|127
5|127
3|129
10|136
11|135
11|134
12|134
10|136
0|147
1|146
1|145
2|145
0|147
3|150
4|149
4|148
5|148
3|150
10|157
11|156
11|155
12|155
10|157
0|148
1|147
1|146
2|146
0|148
3|151
4|150
4|149
5|149
3|151
10|158
11|157
11|156
12|156
10|158
0|202
1|201
1|200
2|200
0|202
3|205
4|204
4|203
5|203
3|205
10|212
11|211
11|210
12|210
10|212
0|203
1|202
1|201
2|201
0|203
3|206
4|205
4|204
5|204
3|206
10|213
11|212
11|211
12|211
10|213
0|47
1|46
1|45
2|45
0|47
3|50
4|49
4|48
5|48
3|50
10|57
11|56
11|55
12|55
10|57
0|48
1|47
1|46
2|46
0|48
3|51
4|50
4|49
5|49
3|51
10|58
11|57
11|56
12|56
10|58
0|199
1|198
1|197
2|197
0|199
3|202
4|201
4|200
5|200
3|202
10|209
11|208
11|207
12|207
10|209
0|200
1|199
1|198
2|198
0|200
3|203
4|202
4|201
5|201
3|203
10|210
11|209
11|208
12|208
10|210
0|243
1|242
1|241
2|241
0|243
3|246
4|245
4|244
5|244
3|246
10|253
11|252
11|251
12|251
10|253
0|244
1|243
1|242
2|242
0|244
3|247
4|246
4|245
5|245
3|247
10|254
11|253
11|252
12|252
10|254
0|58
1|57
1|56
2|56
0|58
3|61
4|60
4|59
5|59
3|61
10|68
11|67
11|66
12|66
10|68
0|59
1|58
1|57
2|57
0|59
3|62
4|61
4|60
5|60
3|62
10|69
11|68
11|67
12|67
10|69
0|284
1|283
1|282
2|282
0|284
3|287
4|286
4|285
5|285
3|287
10|294
11|293
11|292
12|292
10|294
0|285
1|284
1|283
2|283
0|285
3|288
4|287
4|286
5|286
3|288
10|295
11|294
11|293
12|293
10|295
0|228
1|227
1|226
2|226
0|228
3|231
4|230
4|229
5|229
3|231
10|238
11|237
11|236
12|236
10|238
0|229
1|228
1|227
2|227
0|229
3|232
4|231
4|230
5|230
3|232
10|239
11|238
11|237
12|237
10|239
0|67
1|66
1|65
2|65
0|67
3|70
4|69
4|68
5|68
3|70
10|77
11|76
11|75
12|75
10|77
0|68
1|67
1|66
2|66
0|68
3|71
4|70
4|69
5|69
3|71
10|78
11|77
11|76
12|76
10|78
0|28
1|27
1|26
2|26
0|28
3|31
4|30
4|29
5|29
3|31
10|38
11|37
11|36
12|36
10|38
0|29
1|28
1|27
2|27
0|29
3|32
4|31
4|30
5|30
3|32
10|39
11|38
11|37
12|37
10|39
0|138
1|137
1|136
2|136
0|138
3|141
4|140
4|139
5|139
3|141
10|148
11|147
11|146
12|146
10|148
0|139
1|138
1|137
2|137
0|139
3|142
4|141
4|140
5|140
3|142
10|149
11|148
11|147
12|147
10|149
0|138
1|137
1|136
2|136
0|138
3|141
4|140
4|139
5|139
3|141
10|148
11|147
11|146
12|146
10|148
0|139
1|138
1|137
2|137
0|139
3|142
4|141
4|140
5|140
3|142
10|149
11|148
11|147
12|147
10|149
0|175
1|174
1|173
2|173
0|175
3|178
4|177
4|176
5|176
3|178
10|185
11|184
11|183
12|183
10|185
0|176
1|175
1|174
2|174
0|176
3|179
4|178
4|177
5|177
3|179
10|186
11|185
11|184
12|184
10|186
0|190
1|189
1|188
2|188
0|190
3|193
4|192
4|191
5|191
3|193
10|200
11|199
11|198
12|198
10|200
0|191
1|190
1|189
2|189
0|191
3|194
4|193
4|192
5|192
3|194
10|201
11|200
11|199
12|199
10|201
0|151
1|150
1|149
2|149
0|151
3|154
4|153
4|152
5|152
3|154
10|161
11|160
11|159
12|159
10|161
0|152
1|151
1|150
2|150
0|152
3|155
4|154
4|153
5|153
3|155
10|162
11|161
11|160
12|160
10|162
0|107
1|106
1|105
2|105
0|107
3|110
4|109
4|108
5|108
3|110
10|117
11|116
11|115
12|115
10|117
0|108
1|107
1|106
2|106
0|108
3|111
4|110
4|109
5|109
3|111
10|118
11|117
11|116
12|116
10|118
0|226
1|225
1|224
2|224
0|226
3|229
4|228
4|227
5|227
3|229
10|236
11|235
11|234
12|234
10|236
0|227
1|226
1|225
2|225
0|227
3|230
4|229
4|228
5|228
3|230
10|237
11|236
11|235
12|235
10|237
0|112
1|111
1|110
2|110
0|112
3|115
4|114
4|113
5|113
3|115
10|122
11|121
11|120
12|120
10|122
0|113
1|112
1|111
2|111
0|113
3|116
4|115
4|114
5|114
3|116
10|123
11|122
11|121
12|121
10|123
0|132
1|131
1|130
2|130
0|132
3|135
4|134
4|133
5|133
3|135
10|142
11|141
11|140
12|140
10|142
0|133
1|132
1|131
2|131
0|133
3|136
4|135
4|134
5|134
3|136
10|143
11|142
11|141
12|141
10|143
0|275
1|274
1|273
2|273
0|275
3|278
4|277
4|276
5|276
3|278
10|285
11|284
11|283
12|283
10|285
0|276
1|275
1|274
2|274
0|276
3|279
4|278
4|277
5|277
3|279
10|286
11|285
11|284
12|284
10|286
0|210
1|209
1|208
2|208
0|210
3|213
4|212
4|211
5|211
3|213
10|220
11|219
11|218
12|218
10|220
0|211
1|210
1|209
2|209
0|211
3|214
4|213
4|212
5|212
3|214
10|221
11|220
11|219
12|219
10|221
0|302
1|301
1|300
2|300
0|302
3|305
4|304
4|303
5|303
3|305
10|312
11|311
11|310
12|310
10|312
0|303
1|302
1|301
2|301
0|303
3|306
4|305
4|304
5|304
3|306
10|313
11|312
11|311
12|311
10|313
0|276
1|275
1|274
2|274
0|276
3|279
4|278
4|277
5|277
3|279
10|286
11|285
11|284
12|284
10|286
0|277
1|276
1|275
2|275
0|277
3|280
4|279
4|278
5|278
3|280
10|287
11|286
11|285
12|285
10|287
0|16
1|15
1|14
2|14
0|16
3|19
4|18
4|17
5|17
3|19
10|26
11|25
11|24
12|24
10|26
0|17
1|16
1|15
2|15
0|17
3|20
4|19
4|18
5|18
3|20
10|27
11|26
11|25
12|25
10|27
0|82
1|81
1|80
2|80
0|82
3|85
4|84
4|83
5|83
3|85
10|92
11|91
11|90
12|90
10|92
0|83
1|82
1|81
2|81
0|83
3|86
4|85
4|84
5|84
3|86
10|93
11|92
11|91
12|91
10|93
0|215
1|214
1|213
2|213
0|215
3|218
4|217
4|216
5|216
3|218
10|225
11|224
11|223
12|223
10|225
0|216
1|215
1|214
2|214
0|216
3|219
4|218
4|217
5|217
3|219
10|226
11|225
11|224
12|224
10|226
0|238
1|237
1|236
2|236
0|238
3|241
4|240
4|239
5|239
3|241
10|248
11|247
11|246
12|246
10|248
0|239
1|238
1|237
2|237
0|239
3|242
4|241
4|240
5|240
3|242
10|249
11|248
11|247
12|247
10|249
0|216
1|215
1|214
2|214
0|216
3|219
4|218
4|217
5|217
3|219
10|226
11|225
11|224
12|224
10|226
0|217
1|216
1|215
2|215
0|217
3|220
4|219
4|218
5|218
3|220
10|227
11|226
11|225
12|225
10|227
0|47
1|46
1|45
2|45
0|47
3|50
4|49
4|48
5|48
3|50
10|57
11|56
11|55
12|55
10|57
0|48
1|47
1|46
2|46
0|48
3|51
4|50
4|49
5|49
3|51
10|58
11|57
11|56
12|56
10|58
0|76
1|75
1|74
2|74
0|76
3|79
4|78
4|77
5|77
3|79
10|86
11|85
11|84
12|84
10|86
0|77
1|76
1|75
2|75
0|77
3|80
4|79
4|78
5|78
3|80
10|87
11|86
11|85
12|85
10|87
0|99
1|98
1|97
2|97
0|99
3|102
4|101
4|100
5|100
3|102
10|109
11|108
11|107
12|107
10|109
0|100
1|99
1|98
2|98
0|100
3|103
4|102
4|101
5|101
3|103
10|110
11|109
11|108
12|108
10|110
0|90
1|89
1|88
2|88
0|90
3|93
4|92
4|91
5|91
3|93
10|100
11|99
11|98
12|98
10|100
0|91
1|90
1|89
2|89
0|91
3|94
4|93
4|92
5|92
3|94
10|101
11|100
11|99
12|99
10|101
0|221
1|220
1|219
2|219
0|221
3|224
4|223
4|222
5|222
3|224
10|231
11|230
11|229
12|229
10|231
0|222
1|221
1|220
2|220
0|222
3|225
4|224
4|223
5|223
3|225
10|232
11|231
11|230
12|230
10|232
0|201
1|200
1|199
2|199
0|201
3|204
4|203
4|202
5|202
3|204
10|211
11|210
11|209
12|209
10|211
0|202
1|201
1|200
2|200
0|202
3|205
4|204
4|203
5|203
3|205
10|212
11|211
11|210
12|210
10|212
0|61
1|60
1|59
2|59
0|61
3|64
4|63
4|62
5|62
3|64
10|71
11|70
11|69
12|69
10|71
0|62
1|61
1|60
2|60
0|62
3|65
4|64
4|63
5|63
3|65
10|72
11|71
11|70
12|70
10|72
0|34
1|33
1|32
2|32
0|34
3|37
4|36
4|35
5|35
3|37
10|44
11|43
11|42
12|42
10|44
0|35
1|34
1|33
2|33
0|35
3|38
4|37
4|36
5|36
3|38
10|45
11|44
11|43
12|43
10|45
0|130
1|129
1|128
2|128
0|130
3|133
4|132
4|131
5|131
3|133
10|140
11|139
11|138
12|138
10|140
0|131
1|130
1|129
2|129
0|131
3|134
4|133
4|132
5|132
3|134
10|141
11|140
11|139
12|139
10|141
0|112
1|111
1|110
2|110
0|112
3|115
4|114
4|113
5|113
3|115
10|122
11|121
11|120
12|120
10|122
0|113
1|112
1|111
2|111
0|113
3|116
4|115
4|114
5|114
3|116
10|123
11|122
11|121
12|121
10|123
0|173
1|172
1|171
2|171
0|173
3|176
4|175
4|174
5|174
3|176
10|183
11|182
11|181
12|181
10|183
0|174
1|173
1|172
2|172
0|174
3|177
4|176
4|175
5|175
3|177
10|184
11|183
11|182
12|182
10|184
0|66
1|65
1|64
2|64
0|66
3|69
4|68
4|67
5|67
3|69
10|76
11|75
11|74
12|74
10|76
0|67
1|66
1|65
2|65
0|67
3|70
4|69
4|68
5|68
3|70
10|77
11|76
11|75
12|75
10|77
0|180
1|179
1|178
2|178
0|180
3|183
4|182
4|181
5|181
3|183
10|190
11|189
11|188
12|188
10|190
0|181
1|180
1|179
2|179
0|181
3|184
4|183
4|182
5|182
3|184
10|191
11|190
11|189
12|189
10|191
0|9
1|8
1|7
2|7
0|9
3|12
4|11
4|10
5|10
3|12
10|19
11|18
11|17
12|17
10|19
0|10
1|9
1|8
2|8
0|10
3|13
4|12
4|11
5|11
3|13
10|20
11|19
11|18
12|18
10|20
0|170
1|169
1|168
2|168
0|170
3|173
4|172
4|171
5|171
3|173
10|180
11|179
11|178
12|178
10|180
0|171
1|170
1|169
2|169
0|171
3|174
4|173
4|172
5|172
3|174
10|181
11|180
11|179
12|179
10|181
0|100
1|99
1|98
2|98
0|100
3|103
4|102
4|101
5|101
3|103
10|110
11|109
11|108
12|108
10|110
0|101
1|100
1|99
2|99
0|101
3|104
4|103
4|102
5|102
3|104
10|111
11|110
11|109
12|109
10|111
0|162
1|161
1|160
2|160
0|162
3|165
4|164
4|163
5|163
3|165
10|172
11|171
11|170
12|170
10|172
0|163
1|162
1|161
2|161
0|163
3|166
4|165
4|164
5|164
3|166
10|173
11|172
11|171
12|171
10|173
0|292
1|291
1|290
2|290
0|292
3|295
4|294
4|293
5|293
3|295
10|302
11|301
11|300
12|300
10|302
0|293
1|292
1|291
2|291
0|293
3|296
4|295
4|294
5|294
3|296
10|303
11|302
11|301
12|301
10|303
0|34
1|33
1|32
2|32
0|34
3|37
4|36
4|35
5|35
3|37
10|44
11|43
11|42
12|42
10|44
0|35
1|34
1|33
2|33
0|35
3|38
4|37
4|36
5|36
3|38
10|45
11|44
11|43
12|43
10|45
0|45
1|44
1|43
2|43
0|45
3|48
4|47
4|46
5|46
3|48
10|55
11|54
11|53
12|53
10|55
0|46
1|45
1|44
2|44
0|46
3|49
4|48
4|47
5|47
3|49
10|56
11|55
11|54
12|54
10|56
0|236
1|235
1|234
2|234
0|236
3|239
4|238
4|237
5|237
3|239
10|246
11|245
11|244
12|244
10|246
0|237
1|236
1|235
2|235
0|237
3|240
4|239
4|238
5|238
3|240
10|247
11|246
11|245
12|245
10|247
0|244
1|243
1|242
2|242
0|244
3|247
4|246
4|245
5|245
3|247
10|254
11|253
11|252
12|252
10|254
0|245
1|244
1|243
2|243
0|245
3|248
4|247
4|246
5|246
3|248
10|255
11|254
11|253
12|253
10|255
0|59
1|58
1|57
2|57
0|59
3|62
4|61
4|60
5|60
3|62
10|69
11|68
11|67
12|67
10|69
0|60
1|59
1|58
2|58
0|60
3|63
4|62
4|61
5|61
3|63
10|70
11|69
11|68
12|68
10|70
0|160
1|159
1|158
2|158
0|160
3|163
4|162
4|161
5|161
3|163
10|170
11|169
11|168
12|168
10|170
0|161
1|160
1|159
2|159
0|161
3|164
4|163
4|162
5|162
3|164
10|171
11|170
11|169
12|169
10|171
0|207
1|206
1|205
2|205
0|207
3|210
4|209
4|208
5|208
3|210
10|217
11|216
11|215
12|215
10|217
0|208
1|207
1|206
2|206
0|208
3|211
4|210
4|209
5|209
3|211
10|218
11|217
11|216
12|216
10|218
0|254
1|253
1|252
2|252
0|254
3|257
4|256
4|255
5|255
3|257
10|264
11|263
11|262
12|262
10|264
0|255
1|254
1|253
2|253
0|255
3|258
4|257
4|256
5|256
3|258
10|265
11|264
11|263
12|263
10|265
0|234
1|233
1|232
2|232
0|234
3|237
4|236
4|235
5|235
3|237
10|244
11|243
11|242
12|242
10|244
0|235
1|234
1|233
2|233
0|235
3|238
4|237
4|236
5|236
3|238
10|245
11|244
11|243
12|243
10|245
0|88
1|87
1|86
2|86
0|88
3|91
4|90
4|89
5|89
3|91
10|98
11|97
11|96
12|96
10|98
0|89
1|88
1|87
2|87
0|89
3|92
4|91
4|90
5|90
3|92
10|99
11|98
11|97
12|97
10|99
0|159
1|158
1|157
2|157
0|159
3|162
4|161
4|160
5|160
3|162
10|169
11|168
11|167
12|167
10|169
0|160
1|159
1|158
2|158
0|160
3|163
4|162
4|161
5|161
3|163
10|170
11|169
11|168
12|168
10|170
0|221
1|220
1|219
2|219
0|221
3|224
4|223
4|222
5|222
3|224
10|231
11|230
11|229
12|229
10|231
0|222
1|221
1|220
2|220
0|222
3|225
4|224
4|223
5|223
3|225
10|232
11|231
11|230
12|230
10|232
0|216
1|215
1|214
2|214
0|216
3|219
4|218
4|217
5|217
3|219
10|226
11|225
11|224
12|224
10|226
0|217
1|216
1|215
2|215
0|217
3|220
4|219
4|218
5|218
3|220
10|227
11|226
11|225
12|225
10|227
0|41
1|40
1|39
2|39
0|41
3|44
4|43
4|42
5|42
3|44
10|51
11|50
11|49
12|49
10|51
0|42
1|41
1|40
2|40
0|42
3|45
4|44
4|43
5|43
3|45
10|52
11|51
11|50
12|50
10|52
0|78
1|77
1|76
2|76
0|78
3|81
4|80
4|79
5|79
3|81
10|88
11|87
11|86
12|86
10|88
0|79
1|78
1|77
2|77
0|79
3|82
4|81
4|80
5|80
3|82
10|89
11|88
11|87
12|87
10|89
0|221
1|220
1|219
2|219
0|221
3|224
4|223
4|222
5|222
3|224
10|231
11|230
11|229
12|229
10|231
0|222
1|221
1|220
2|220
0|222
3|225
4|224
4|223
5|223
3|225
10|232
11|231
11|230
12|230
10|232
0|78
1|77
1|76
2|76
0|78
3|81
4|80
4|79
5|79
3|81
10|88
11|87
11|86
12|86
10|88
0|79
1|78
1|77
2|77
0|79
3|82
4|81
4|80
5|80
3|82
10|89
11|88
11|87
12|87
10|89
0|222
1|221
1|220
2|220
0|222
3|225
4|224
4|223
5|223
3|225
10|232
11|231
11|230
12|230
10|232
0|223
1|222
1|221
2|221
0|223
3|226
4|225
4|224
5|224
3|226
10|233
11|232
11|231
12|231
10|233
0|170
1|169
1|168
2|168
0|170
3|173
4|172
4|171
5|171
3|173
10|180
11|179
11|178
12|178
10|180
0|171
1|170
1|169
2|169
0|171
3|174
4|173
4|172
5|172
3|174
10|181
11|180
11|179
12|179
10|181
0|304
1|303
1|302
2|302
0|304
3|307
4|306
4|305
5|305
3|307
10|314
11|313
11|312
12|312
10|314
0|305
1|304
1|303
2|303
0|305
3|308
4|307
4|306
5|306
3|308
10|315
11|314
11|313
12|313
10|315
0|20
1|19
1|18
2|18
0|20
3|23
4|22
4|21
5|21
3|23
10|30
11|29
11|28
12|28
10|30
0|21
1|20
1|19
2|19
0|21
3|24
4|23
4|22
5|22
3|24
10|31
11|30
11|29
12|29
10|31
0|23
1|22
1|21
2|21
0|23
3|26
4|25
4|24
5|24
3|26
10|33
11|32
11|31
12|31
10|33
0|24
1|23
1|22
2|22
0|24
3|27
4|26
4|25
5|25
3|27
10|34
11|33
11|32
12|32
10|34
0|211
1|210
1|209
2|209
0|211
3|214
4|213
4|212
5|212
3|214
10|221
11|220
11|219
12|219
10|221
0|212
1|211
1|210
2|210
0|212
3|215
4|214
4|213
5|213
3|215
10|222
11|221
11|220
12|220
10|222
0|173
1|172
1|171
2|171
0|173
3|176
4|175
4|174
5|174
3|176
10|183
11|182
11|181
12|181
10|183
0|174
1|173
1|172
2|172
0|174
3|177
4|176
4|175
5|175
3|177
10|184
11|183
11|182
12|182
10|184
0|123
1|122
1|121
2|121
0|123
3|126
4|125
4|124
5|124
3|126
10|133
11|132
11|131
12|131
10|133
0|124
1|123
1|122
2|122
0|124
3|127
4|126
4|125
5|125
3|127
10|134
11|133
11|132
12|132
10|134
0|18
1|17
1|16
2|16
0|18
3|21
4|20
4|19
5|19
3|21
10|28
11|27
11|26
12|26
10|28
0|19
1|18
1|17
2|17
0|19
3|22
4|21
4|20
5|20
3|22
10|29
11|28
11|27
12|27
10|29
0|84
1|83
1|82
2|82
0|84
3|87
4|86
4|85
5|85
3|87
10|94
11|93
11|92
12|92
10|94
0|85
1|84
1|83
2|83
0|85
3|88
4|87
4|86
5|86
3|88
10|95
11|94
11|93
12|93
10|95
0|261
1|260
1|259
2|259
0|261
3|264
4|263
4|262
5|262
3|264
10|271
11|270
11|269
12|269
10|271
0|262
1|261
1|260
2|260
0|262
3|265
4|264
4|263
5|263
3|265
10|272
11|271
11|270
12|270
10|272
0|237
1|236
1|235
2|235
0|237
3|240
4|239
4|238
5|238
3|240
10|247
11|246
11|245
12|245
10|247
0|238
1|237
1|236
2|236
0|238
3|241
4|240
4|239
5|239
3|241
10|248
11|247
11|246
12|246
10|248
0|12
1|11
1|10
2|10
0|12
3|15
4|14
4|13
5|13
3|15
10|22
11|21
11|20
12|20
10|22
0|13
1|12
1|11
2|11
0|13
3|16
4|15
4|14
5|14
3|16
10|23
11|22
11|21
12|21
10|23
0|130
1|129
1|128
2|128
0|130
3|133
4|132
4|131
5|131
3|133
10|140
11|139
11|138
12|138
10|140
0|131
1|130
1|129
2|129
0|131
3|134
4|133
4|132
5|132
3|134
10|141
11|140
11|139
12|139
10|141
0|146
1|145
1|144
2|144
0|146
3|149
4|148
4|147
5|147
3|149
10|156
11|155
11|154
12|154
10|156
0|147
1|146
1|145
2|145
0|147
3|150
4|149
4|148
5|148
3|150
10|157
11|156
11|155
12|155
10|157
0|125
1|124
1|123
2|123
0|125
3|128
4|127
4|126
5|126
3|128
10|135
11|134
11|133
12|133
10|135
0|126
1|125
1|124
2|124
0|126
3|129
4|128
4|127
5|127
3|129
10|136
11|135
11|134
12|134
10|136
0|28
1|27
1|26
2|26
0|28
3|31
4|30
4|29
5|29
3|31
10|38
11|37
11|36
12|36
10|38
0|29
1|28
1|27
2|27
0|29
3|32
4|31
4|30
5|30
3|32
10|39
11|38
11|37
12|37
10|39
0|204
1|203
1|202
2|202
0|204
3|207
4|206
4|205
5|205
3|207
10|214
11|213
11|212
12|212
10|214
0|205
1|204
1|203
2|203
0|205
3|208
4|207
4|206
5|206
3|208
10|215
11|214
11|213
12|213
10|215
0|189
1|188
1|187
2|187
0|189
3|192
4|191
4|190
5|190
3|192
10|199
11|198
11|197
12|197
10|199
0|190
1|189
1|188
2|188
0|190
3|193
4|192
4|191
5|191
3|193
10|200
11|199
11|198
12|198
10|200
0|277
1|276
1|275
2|275
0|277
3|280
4|279
4|278
5|278
3|280
10|287
11|286
11|285
12|285
10|287
0|278
1|277
1|276
2|276
0|278
3|281
4|280
4|279
5|279
3|281
10|288
11|287
11|286
12|286
10|288
0|170
1|169
1|168
2|168
0|170
3|173
4|172
4|171
5|171
3|173
10|180
11|179
11|178
12|178
10|180
0|171
1|170
1|169
2|169
0|171
3|174
4|173
4|172
5|172
3|174
10|181
11|180
11|179
12|179
10|181
0|301
1|300
1|299
2|299
0|301
3|304
4|303
4|302
5|302
3|304
10|311
11|310
11|309
12|309
10|311
0|302
1|301
1|300
2|300
0|302
3|305
4|304
4|303
5|303
3|305
10|312
11|311
11|310
12|310
10|312
0|9
1|8
1|7
2|7
0|9
3|12
4|11
4|10
5|10
3|12
10|19
11|18
11|17
12|17
10|19
0|10
1|9
1|8
2|8
0|10
3|13
4|12
4|11
5|11
3|13
10|20
11|19
11|18
12|18
10|20
0|110
1|109
1|108
2|108
0|110
3|113
4|112
4|111
5|111
3|113
10|120
11|119
11|118
12|118
10|120
0|111
1|110
1|109
2|109
0|111
3|114
4|113
4|112
5|112
3|114
10|121
11|120
11|119
12|119
10|121
0|232
1|231
1|230
2|230
0|232
3|235
4|234
4|233
5|233
3|235
10|242
11|241
11|240
12|240
10|242
0|233
1|232
1|231
2|231
0|233
3|236
4|235
4|234
5|234
3|236
10|243
11|242
11|241
12|241
10|243
0|92
1|91
1|90
2|90
0|92
3|95
4|94
4|93
5|93
3|95
10|102
11|101
11|100
12|100
10|102
0|93
1|92
1|91
2|91
0|93
3|96
4|95
4|94
5|94
3|96
10|103
11|102
11|101
12|101
10|103
0|49
1|48
1|47
2|47
0|49
3|52
4|51
4|50
5|50
3|52
10|59
11|58
11|57
12|57
10|59
0|50
1|49
1|48
2|48
0|50
3|53
4|52
4|51
5|51
3|53
10|60
11|59
11|58
12|58
10|60
0|44
1|43
1|42
2|42
0|44
3|47
4|46
4|45
5|45
3|47
10|54
11|53
11|52
12|52
10|54
0|45
1|44
1|43
2|43
0|45
3|48
4|47
4|46
5|46
3|48
10|55
11|54
11|53
12|53
10|55
0|247
1|246
1|245
2|245
0|247
3|250
4|249
4|248
5|248
3|250
10|257
11|256
11|255
12|255
10|257
0|248
1|247
1|246
2|246
0|248
3|251
4|250
4|249
5|249
3|251
10|258
11|257
11|256
12|256
10|258
0|228
1|227
1|226
2|226
0|228
3|231
4|230
4|229
5|229
3|231
10|238
11|237
11|236
12|236
10|238
0|229
1|228
1|227
2|227
0|229
3|232
4|231
4|230
5|230
3|232
10|239
11|238
11|237
12|237
10|239
0|199
1|198
1|197
2|197
0|199
3|202
4|201
4|200
5|200
3|202
10|209
11|208
11|207
12|207
10|209
0|200
1|199
1|198
2|198
0|200
3|203
4|202
4|201
5|201
3|203
10|210
11|209
11|208
12|208
10|210
0|82
1|81
1|80
2|80
0|82
3|85
4|84
4|83
5|83
3|85
10|92
11|91
11|90
12|90
10|92
0|83
1|82
1|81
2|81
0|83
3|86
4|85
4|84
5|84
3|86
10|93
11|92
11|91
12|91
10|93
0|268
1|267
1|266
2|266
0|268
3|271
4|270
4|269
5|269
3|271
10|278
11|277
11|276
12|276
10|278
0|269
1|268
1|267
2|267
0|269
3|272
4|271
4|270
5|270
3|272
10|279
11|278
11|277
12|277
10|279
0|121
1|120
1|119
2|119
0|121
3|124
4|123
4|122
5|122
3|124
10|131
11|130
11|129
12|129
10|131
0|122
1|121
1|120
2|120
0|122
3|125
4|124
4|123
5|123
3|125
10|132
11|131
11|130
12|130
10|132
0|3
1|2
1|1
0|3
0|3
3|6
4|5
4|4
3|6
3|6
10|13
11|12
11|11
10|13
10|13
0|4
1|3
1|2
2|2
0|4
3|7
4|6
4|5
5|5
3|7
10|14
11|13
11|12
12|12
10|14
0|51
1|50
1|49
2|49
0|51
3|54
4|53
4|52
5|52
3|54
10|61
11|60
11|59
12|59
10|61
0|52
1|51
1|50
2|50
0|52
3|55
4|54
4|53
5|53
3|55
10|62
11|61
11|60
12|60
10|62
0|174
1|173
1|172
2|172
0|174
3|177
4|176
4|175
5|175
3|177
10|184
11|183
11|182
12|182
10|184
0|175
1|174
1|173
2|173
0|175
3|178
4|177
4|176
5|176
3|178
10|185
11|184
11|183
12|183
10|185
0|96
1|95
1|94
2|94
0|96
3|99
4|98
4|97
5|97
3|99
10|106
11|105
11|104
12|104
10|106
0|97
1|96
1|95
2|95
0|97
3|100
4|99
4|98
5|98
3|100
10|107
11|106
11|105
12|105
10|107
0|192
1|191
1|190
2|190
0|192
3|195
4|194
4|193
5|193
3|195
10|202
11|201
11|200
12|200
10|202
0|193
1|192
1|191
2|191
0|193
3|196
4|195
4|194
5|194
3|196
10|203
11|202
11|201
12|201
10|203
0|131
1|130
1|129
2|129
0|131
3|134
4|133
4|132
5|132
3|134
10|141
11|140
11|139
12|139
10|141
0|132
1|131
1|130
2|130
0|132
3|135
4|134
4|133
5|133
3|135
10|142
11|141
11|140
12|140
10|142
0|48
1|47
1|46
2|46
0|48
3|51
4|50
4|49
5|49
3|51
10|58
11|57
11|56
12|56
10|58
0|49
1|48
1|47
2|47
0|49
3|52
4|51
4|50
5|50
3|52
10|59
11|58
11|57
12|57
10|59
0|52
1|51
1|50
2|50
0|52
3|55
4|54
4|53
5|53
3|55
10|62
11|61
11|60
12|60
10|62
0|53
1|52
1|51
2|51
0|53
3|56
4|55
4|54
5|54
3|56
10|63
11|62
11|61
12|61
10|63
0|113
1|112
1|111
2|111
0|113
3|116
4|115
4|114
5|114
3|116
10|123
11|122
11|121
12|121
10|123
0|114
1|113
1|112
2|112
0|114
3|117
4|116
4|115
5|115
3|117
10|124
11|123
11|122
12|122
10|124
0|189
1|188
1|187
2|187
0|189
3|192
4|191
4|190
5|190
3|192
10|199
11|198
11|197
12|197
10|199
0|190
1|189
1|188
2|188
0|190
3|193
4|192
4|191
5|191
3|193
10|200
11|199
11|198
12|198
10|200
0|268
1|267
1|266
2|266
0|268
3|271
4|270
4|269
5|269
3|271
10|278
11|277
11|276
12|276
10|278
0|269
1|268
1|267
2|267
0|269
3|272
4|271
4|270
5|270
3|272
10|279
11|278
11|277
12|277
10|279
0|197
1|196
1|195
2|195
0|197
3|200
4|199
4|198
5|198
3|200
10|207
11|206
11|205
12|205
10|207
0|198
1|197
1|196
2|196
0|198
3|201
4|200
4|199
5|199
3|201
10|208
11|207
11|206
12|206
10|208
0|133
1|132
1|131
2|131
0|133
3|136
4|135
4|134
5|134
3|136
10|143
11|142
11|141
12|141
10|143
0|134
1|133
1|132
2|132
0|134
3|137
4|136
4|135
5|135
3|137
10|144
11|143
11|142
12|142
10|144
0|214
1|213
1|212
2|212
0|214
3|217
4|216
4|215
5|215
3|217
10|224
11|223
11|222
12|222
10|224
0|215
1|214
1|213
2|213
0|215
3|218
4|217
4|216
5|216
3|218
10|225
11|224
11|223
12|223
10|225
0|36
1|35
1|34
2|34
0|36
3|39
4|38
4|37
5|37
3|39
10|46
11|45
11|44
12|44
10|46
0|37
1|36
1|35
2|35
0|37
3|40
4|39
4|38
5|38
3|40
10|47
11|46
11|45
12|45
10|47
0|158
1|157
1|156
2|156
0|158
3|161
4|160
4|159
5|159
3|161
10|168
11|167
11|166
12|166
10|168
0|159
1|158
1|157
2|157
0|159
3|162
4|161
4|160
5|160
3|162
10|169
11|168
11|167
12|167
10|169
0|285
1|284
1|283
2|283
0|285
3|288
4|287
4|286
5|286
3|288
10|295
11|294
11|293
12|293
10|295
0|286
1|285
1|284
2|284
0|286
3|289
4|288
4|287
5|287
3|289
10|296
11|295
11|294
12|294
10|296
0|147
1|146
1|145
2|145
0|147
3|150
4|149
4|148
5|148
3|150
10|157
11|156
11|155
12|155
10|157
0|148
1|147
1|146
2|146
0|148
3|151
4|150
4|149
5|149
3|151
10|158
11|157
11|156
12|156
10|158
0|23
1|22
1|21
2|21
0|23
3|26
4|25
4|24
5|24
3|26
10|33
11|32
11|31
12|31
10|33
0|24
1|23
1|22
2|22
0|24
3|27
4|26
4|25
5|25
3|27
10|34
11|33
11|32
12|32
10|34
0|291
1|290
1|289
2|289
0|291
3|294
4|293
4|292
5|292
3|294
10|301
11|300
11|299
12|299
10|301
0|292
1|291
1|290
2|290
0|292
3|295
4|294
4|293
5|293
3|295
10|302
11|301
11|300
12|300
10|302
0|36
1|35
1|34
2|34
0|36
3|39
4|38
4|37
5|37
3|39
10|46
11|45
11|44
12|44
10|46
0|37
1|36
1|35
2|35
0|37
3|40
4|39
4|38
5|38
3|40
10|47
11|46
11|45
12|45
10|47
0|76
1|75
1|74
2|74
0|76
3|79
4|78
4|77
5|77
3|79
10|86
11|85
11|84
12|84
10|86
0|77
1|76
1|75
2|75
0|77
3|80
4|79
4|78
5|78
3|80
10|87
11|86
11|85
12|85
10|87
0|301
1|300
1|299
2|299
0|301
3|304
4|303
4|302
5|302
3|304
10|311
11|310
11|309
12|309
10|311
0|302
1|301
1|300
2|300
0|302
3|305
4|304
4|303
5|303
3|305
10|312
11|311
11|310
12|310
10|312
0|106
1|105
1|104
2|104
0|106
3|109
4|108
4|107
5|107
3|109
10|116
11|115
11|114
12|114
10|116
0|107
1|106
1|105
2|105
0|107
3|110
4|109
4|108
5|108
3|110
10|117
11|116
11|115
12|115
10|117
0|236
1|235
1|234
2|234
0|236
3|239
4|238
4|237
5|237
3|239
10|246
11|245
11|244
12|244
10|246
0|237
1|236
1|235
2|235
0|237
3|240
4|239
4|238
5|238
3|240
10|247
11|246
11|245
12|245
10|247
0|124
1|123
1|122
2|122
0|124
3|127
4|126
4|125
5|125
3|127
10|134
11|133
11|132
12|132
10|134
0|125
1|124
1|123
2|123
0|125
3|128
4|127
4|126
5|126
3|128
10|135
11|134
11|133
12|133
10|135
0|160
1|159
1|158
2|158
0|160
3|163
4|162
4|161
5|161
3|163
10|170
11|169
11|168
12|168
10|170
0|161
1|160
1|159
2|159
0|161
3|164
4|163
4|162
5|162
3|164
10|171
11|170
11|169
12|169
10|171
0|212
1|211
1|210
2|210
0|212
3|215
4|214
4|213
5|213
3|215
10|222
11|221
11|220
12|220
10|222
0|213
1|212
1|211
2|211
0|213
3|216
4|215
4|214
5|214
3|216
10|223
11|222
11|221
12|221
10|223
0|15
1|14
1|13
2|13
0|15
3|18
4|17
4|16
5|16
3|18
10|25
11|24
11|23
12|23
10|25
0|16
1|15
1|14
2|14
0|16
3|19
4|18
4|17
5|17
3|19
10|26
11|25
11|24
12|24
10|26
0|158
1|157
1|156
2|156
0|158
3|161
4|160
4|159
5|159
3|161
10|168
11|167
11|166
12|166
10|168
0|159
1|158
1|157
2|157
0|159
3|162
4|161
4|160
5|160
3|162
10|169
11|168
11|167
12|167
10|169
0|205
1|204
1|203
2|203
0|205
3|208
4|207
4|206
5|206
3|208
10|215
11|214
11|213
12|213
10|215
0|206
1|205
1|204
2|204
0|206
3|209
4|208
4|207
5|207
3|209
10|216
11|215
11|214
12|214
10|216
0|50
1|49
1|48
2|48
0|50
3|53
4|52
4|51
5|51
3|53
10|60
11|59
11|58
12|58
10|60
0|51
1|50
1|49
2|49
0|51
3|54
4|53
4|52
5|52
3|54
10|61
11|60
11|59
12|59
10|61
0|222
1|221
1|220
2|220
0|222
3|225
4|224
4|223
5|223
3|225
10|232
11|231
11|230
12|230
10|232
0|223
1|222
1|221
2|221
0|223
3|226
4|225
4|224
5|224
3|226
10|233
11|232
11|231
12|231
10|233
0|297
1|296
1|295
2|295
0|297
3|300
4|299
4|298
5|298
3|300
10|307
11|306
11|305
12|305
10|307
0|298
1|297
1|296
2|296
0|298
3|301
4|300
4|299
5|299
3|301
10|308
11|307
11|306
12|306
10|308
0|123
1|122
1|121
2|121
0|123
3|126
4|125
4|124
5|124
3|126
10|133
11|132
11|131
12|131
10|133
0|124
1|123
1|122
2|122
0|124
3|127
4|126
4|125
5|125
3|127
10|134
11|133
11|132
12|132
10|134
0|70
1|69
1|68
2|68
0|70
3|73
4|72
4|71
5|71
3|73
10|80
11|79
11|78
12|78
10|80
0|71
1|70
1|69
2|69
0|71
3|74
4|73
4|72
5|72
3|74
10|81
11|80
11|79
12|79
10|81
0|230
1|229
1|228
2|228
0|230
3|233
4|232
4|231
5|231
3|233
10|240
11|239
11|238
12|238
10|240
0|231
1|230
1|229
2|229
0|231
3|234
4|233
4|232
5|232
3|234
10|241
11|240
11|239
12|239
10|241
0|47
1|46
1|45
2|45
0|47
3|50
4|49
4|48
5|48
3|50
10|57
11|56
11|55
12|55
10|57
0|48
1|47
1|46
2|46
0|48
3|51
4|50
4|49
5|49
3|51
10|58
11|57
11|56
12|56
10|58
0|15
1|14
1|13
2|13
0|15
3|18
4|17
4|16
5|16
3|18
10|25
11|24
11|23
12|23
10|25
0|16
1|15
1|14
2|14
0|16
3|19
4|18
4|17
5|17
3|19
10|26
11|25
11|24
12|24
10|26
0|163
1|162
1|161
2|161
0|163
3|166
4|165
4|164
5|164
3|166
10|173
11|172
11|171
12|171
10|173
0|164
1|163
1|162
2|162
0|164
3|167
4|166
4|165
5|165
3|167
10|174
11|173
11|172
12|172
10|174
0|214
1|213
1|212
2|212
0|214
3|217
4|216
4|215
5|215
3|217
10|224
11|223
11|222
12|222
10|224
0|215
1|214
1|213
2|213
0|215
3|218
4|217
4|216
5|216
3|218
10|225
11|224
11|223
12|223
10|225
0|301
1|300
1|299
2|299
0|301
3|304
4|303
4|302
5|302
3|304
10|311
11|310
11|309
12|309
10|311
0|302
1|301
1|300
2|300
0|302
3|305
4|304
4|303
5|303
3|305
10|312
11|311
11|310
12|310
10|312
0|33
1|32
1|31
2|31
0|33
3|36
4|35
4|34
5|34
3|36
10|43
11|42
11|41
12|41
10|43
0|34
1|33
1|32
2|32
0|34
3|37
4|36
4|35
5|35
3|37
10|44
11|43
11|42
12|42
10|44
0|35
1|34
1|33
2|33
0|35
3|38
4|37
4|36
5|36
3|38
10|45
11|44
11|43
12|43
10|45
0|36
1|35
1|34
2|34
0|36
3|39
4|38
4|37
5|37
3|39
10|46
11|45
11|44
12|44
10|46
0|185
1|184
1|183
2|183
0|185
3|188
4|187
4|186
5|186
3|188
10|195
11|194
11|193
12|193
10|195
0|186
1|185
1|184
2|184
0|186
3|189
4|188
4|187
5|187
3|189
10|196
11|195
11|194
12|194
10|196
0|64
1|63
1|62
2|62
0|64
3|67
4|66
4|65
5|65
3|67
10|74
11|73
11|72
12|72
10|74
0|65
1|64
1|63
2|63
0|65
3|68
4|67
4|66
5|66
3|68
10|75
11|74
11|73
12|73
10|75
0|261
1|260
1|259
2|259
0|261
3|264
4|263
4|262
5|262
3|264
10|271
11|270
11|269
12|269
10|271
0|262
1|261
1|260
2|260
0|262
3|265
4|264
4|263
5|263
3|265
10|272
11|271
11|270
12|270
10|272
0|32
1|31
1|30
2|30
0|32
3|35
4|34
4|33
5|33
3|35
10|42
11|41
11|40
12|40
10|42
0|33
1|32
1|31
2|31
0|33
3|36
4|35
4|34
5|34
3|36
10|43
11|42
11|41
12|41
10|43
0|170
1|169
1|168
2|168
0|170
3|173
4|172
4|171
5|171
3|173
10|180
11|179
11|178
12|178
10|180
0|171
1|170
1|169
2|169
0|171
3|174
4|173
4|172
5|172
3|174
10|181
11|180
11|179
12|179
10|181
0|15
1|14
1|13
2|13
0|15
3|18
4|17
4|16
5|16
3|18
10|25
11|24
11|23
12|23
10|25
0|16
1|15
1|14
2|14
0|16
3|19
4|18
4|17
5|17
3|19
10|26
11|25
11|24
12|24
10|26
0|285
1|284
1|283
2|283
0|285
3|288
4|287
4|286
5|286
3|288
10|295
11|294
11|293
12|293
10|295
0|286
1|285
1|284
2|284
0|286
3|289
4|288
4|287
5|287
3|289
10|296
11|295
11|294
12|294
10|296
0|3
1|2
1|1
0|3
0|3
3|6
4|5
4|4
3|6
3|6
10|13
11|12
11|11
10|13
10|13
0|4
1|3
1|2
2|2
0|4
3|7
4|6
4|5
5|5
3|7
10|14
11|13
11|12
12|12
10|14
0|282
1|281
1|280
2|280
0|282
3|285
4|284
4|283
5|283
3|285
10|292
11|291
11|290
12|290
10|292
0|283
1|282
1|281
2|281
0|283
3|286
4|285
4|284
5|284
3|286
10|293
11|292
11|291
12|291
10|293
0|40
1|39
1|38
2|38
0|40
3|43
4|42
4|41
5|41
3|43
10|50
11|49
11|48
12|48
10|50
0|41
1|40
1|39
2|39
0|41
3|44
4|43
4|42
5|42
3|44
10|51
11|50
11|49
12|49
10|51
0|127
1|126
1|125
2|125
0|127
3|130
4|129
4|128
5|128
3|130
10|137
11|136
11|135
12|135
10|137
0|128
1|127
1|126
2|126
0|128
3|131
4|130
4|129
5|129
3|131
10|138
11|137
11|136
12|136
10|138
0|35
1|34
1|33
2|33
0|35
3|38
4|37
4|36
5|36
3|38
10|45
11|44
11|43
12|43
10|45
0|36
1|35
1|34
2|34
0|36
3|39
4|38
4|37
5|37
3|39
10|46
11|45
11|44
12|44
10|46
0|251
1|250
1|249
2|249
0|251
3|254
4|253
4|252
5|252
3|254
10|261
11|260
11|259
12|259
10|261
0|252
1|251
1|250
2|250
0|252
3|255
4|254
4|253
5|253
3|255
10|262
11|261
11|260
12|260
10|262
0|127
1|126
1|125
2|125
0|127
3|130
4|129
4|128
5|128
3|130
10|137
11|136
11|135
12|135
10|137
0|128
1|127
1|126
2|126
0|128
3|131
4|130
4|129
5|129
3|131
10|138
11|137
11|136
12|136
10|138
0|286
1|285
1|284
2|284
0|286
3|289
4|288
4|287
5|287
3|289
10|296
11|295
11|294
12|294
10|296
0|287
1|286
1|285
2|285
0|287
3|290
4|289
4|288
5|288
3|290
10|297
11|296
11|295
12|295
10|297
0|249
1|248
1|247
2|247
0|249
3|252
4|251
4|250
5|250
3|252
10|259
11|258
11|257
12|257
10|259
0|250
1|249
1|248
2|248
0|250
3|253
4|252
4|251
5|251
3|253
10|260
11|259
11|258
12|258
10|260
0|120
1|119
1|118
2|118
0|120
3|123
4|122
4|121
5|121
3|123
10|130
11|129
11|128
12|128
10|130
0|121
1|120
1|119
2|119
0|121
3|124
4|123
4|122
5|122
3|124
10|131
11|130
11|129
12|129
10|131
0|151
1|150
1|149
2|149
0|151
3|154
4|153
4|152
5|152
3|154
10|161
11|160
11|159
12|159
10|161
0|152
1|151
1|150
2|150
0|152
3|155
4|154
4|153
5|153
3|155
10|162
11|161
11|160
12|160
10|162
0|233
1|232
1|231
2|231
0|233
3|236
4|235
4|234
5|234
3|236
10|243
11|242
11|241
12|241
10|243
0|234
1|233
1|232
2|232
0|234
3|237
4|236
4|235
5|235
3|237
10|244
11|243
11|242
12|242
10|244
0|126
1|125
1|124
2|124
0|126
3|129
4|128
4|127
5|127
3|129
10|136
11|135
11|134
12|134
10|136
0|127
1|126
1|125
2|125
0|127
3|130
4|129
4|128
5|128
3|130
10|137
11|136
11|135
12|135
10|137
0|58
1|57
1|56
2|56
0|58
3|61
4|60
4|59
5|59
3|61
10|68
11|67
11|66
12|66
10|68
0|59
1|58
1|57
2|57
0|59
3|62
4|61
4|60
5|60
3|62
10|69
11|68
11|67
12|67
10|69
0|193
1|192
1|191
2|191
0|193
3|196
4|195
4|194
5|194
3|196
10|203
11|202
11|201
12|201
10|203
0|194
1|193
1|192
2|192
0|194
3|197
4|196
4|195
5|195
3|197
10|204
11|203
11|202
12|202
10|204
0|180
1|179
1|178
2|178
0|180
3|183
4|182
4|181
5|181
3|183
10|190
11|189
11|188
12|188
10|190
0|181
1|180
1|179
2|179
0|181
3|184
4|183
4|182
5|182
3|184
10|191
11|190
11|189
12|189
10|191
0|239
1|238
1|237
2|237
0|239
3|242
4|241
4|240
5|240
3|242
10|249
11|248
11|247
12|247
10|249
0|240
1|239
1|238
2|238
0|240
3|243
4|242
4|241
5|241
3|243
10|250
11|249
11|248
12|248
10|250
0|39
1|38
1|37
2|37
0|39
3|42
4|41
4|40
5|40
3|42
10|49
11|48
11|47
12|47
10|49
0|40
1|39
1|38
2|38
0|40
3|43
4|42
4|41
5|41
3|43
10|50
11|49
11|48
12|48
10|50
0|220
1|219
1|218
2|218
0|220
3|223
4|222
4|221
5|221
3|223
10|230
11|229
11|228
12|228
10|230
0|221
1|220
1|219
2|219
0|221
3|224
4|223
4|222
5|222
3|224
10|231
11|230
11|229
12|229
10|231
0|109
1|108
1|107
2|107
0|109
3|112
4|111
4|110
5|110
3|112
10|119
11|118
11|117
12|117
10|119
0|110
1|109
1|108
2|108
0|110
3|113
4|112
4|111
5|111
3|113
10|120
11|119
11|118
12|118
10|120
0|175
1|174
1|173
2|173
0|175
3|178
4|177
4|176
5|176
3|178
10|185
11|184
11|183
12|183
10|185
0|176
1|175
1|174
2|174
0|176
3|179
4|178
4|177
5|177
3|179
10|186
11|185
11|184
12|184
10|186
0|1
0|1
0|1
0|1
0|1
3|4
3|4
3|4
3|4
3|4
10|11
10|11
10|11
10|11
10|11
0|3
1|2
1|1
0|3
0|3
3|6
4|5
4|4
3|6
3|6
10|13
11|12
11|11
10|13
10|13
0|105
1|104
1|103
2|103
0|105
3|108
4|107
4|106
5|106
3|108
10|115
11|114
11|113
12|113
10|115
0|106
1|105
1|104
2|104
0|106
3|109
4|108
4|107
5|107
3|109
10|116
11|115
11|114
12|114
10|116
0|84
1|83
1|82
2|82
0|84
3|87
4|86
4|85
5|85
3|87
10|94
11|93
11|92
12|92
10|94
0|85
1|84
1|83
2|83
0|85
3|88
4|87
4|86
5|86
3|88
10|95
11|94
11|93
12|93
10|95
0|197
1|196
1|195
2|195
0|197
3|200
4|199
4|198
5|198
3|200
10|207
11|206
11|205
12|205
10|207
0|198
1|197
1|196
2|196
0|198
3|201
4|200
4|199
5|199
3|201
10|208
11|207
11|206
12|206
10|208
0|81
1|80
1|79
2|79
0|81
3|84
4|83
4|82
5|82
3|84
10|91
11|90
11|89
12|89
10|91
0|82
1|81
1|80
2|80
0|82
3|85
4|84
4|83
5|83
3|85
10|92
11|91
11|90
12|90
10|92
0|269
1|268
1|267
2|267
0|269
3|272
4|271
4|270
5|270
3|272
10|279
11|278
11|277
12|277
10|279
0|270
1|269
1|268
2|268
0|270
3|273
4|272
4|271
5|271
3|273
10|280
11|279
11|278
12|278
10|280
0|106
1|105
1|104
2|104
0|106
3|109
4|108
4|107
5|107
3|109
10|116
11|115
11|114
12|114
10|116
0|107
1|106
1|105
2|105
0|107
3|110
4|109
4|108
5|108
3|110
10|117
11|116
11|115
12|115
10|117
0|254
1|253
1|252
2|252
0|254
3|257
4|256
4|255
5|255
3|257
10|264
11|263
11|262
12|262
10|264
0|255
1|254
1|253
2|253
0|255
3|258
4|257
4|256
5|256
3|258
10|265
11|264
11|263
12|263
10|265
0|195
1|194
1|193
2|193
0|195
3|198
4|197
4|196
5|196
3|198
10|205
11|204
11|203
12|203
10|205
0|196
1|195
1|194
2|194
0|196
3|199
4|198
4|197
5|197
3|199
10|206
11|205
11|204
12|204
10|206
0|181
1|180
1|179
2|179
0|181
3|184
4|183
4|182
5|182
3|184
10|191
11|190
11|189
12|189
10|191
0|182
1|181
1|180
2|180
0|182
3|185
4|184
4|183
5|183
3|185
10|192
11|191
11|190
12|190
10|192
0|225
1|224
1|223
2|223
0|225
3|228
4|227
4|226
5|226
3|228
10|235
11|234
11|233
12|233
10|235
0|226
1|225
1|224
2|224
0|226
3|229
4|228
4|227
5|227
3|229
10|236
11|235
11|234
12|234
10|236
0|43
1|42
1|41
2|41
0|43
3|46
4|45
4|44
5|44
3|46
10|53
11|52
11|51
12|51
10|53
0|44
1|43
1|42
2|42
0|44
3|47
4|46
4|45
5|45
3|47
10|54
11|53
11|52
12|52
10|54
0|153
1|152
1|151
2|151
0|153
3|156
4|155
4|154
5|154
3|156
10|163
11|162
11|161
12|161
10|163
0|154
1|153
1|152
2|152
0|154
3|157
4|156
4|155
5|155
3|157
10|164
11|163
11|162
12|162
10|164
0|24
1|23
1|22
2|22
0|24
3|27
4|26
4|25
5|25
3|27
10|34
11|33
11|32
12|32
10|34
0|25
1|24
1|23
2|23
0|25
3|28
4|27
4|26
5|26
3|28
10|35
11|34
11|33
12|33
10|35
0|91
1|90
1|89
2|89
0|91
3|94
4|93
4|92
5|92
3|94
10|101
11|100
11|99
12|99
10|101
0|92
1|91
1|90
2|90
0|92
3|95
4|94
4|93
5|93
3|95
10|102
11|101
11|100
12|100
10|102
0|77
1|76
1|75
2|75
0|77
3|80
4|79
4|78
5|78
3|80
10|87
11|86
11|85
12|85
10|87
0|78
1|77
1|76
2|76
0|78
3|81
4|80
4|79
5|79
3|81
10|88
11|87
11|86
12|86
10|88
0|284
1|283
1|282
2|282
0|284
3|287
4|286
4|285
5|285
3|287
10|294
11|293
11|292
12|292
10|294
0|285
1|284
1|283
2|283
0|285
3|288
4|287
4|286
5|286
3|288
10|295
11|294
11|293
12|293
10|295
0|138
1|137
1|136
2|136
0|138
3|141
4|140
4|139
5|139
3|141
10|148
11|147
11|146
12|146
10|148
0|139
1|138
1|137
2|137
0|139
3|142
4|141
4|140
5|140
3|142
10|149
11|148
11|147
12|147
10|149
0|37
1|36
1|35
2|35
0|37
3|40
4|39
4|38
5|38
3|40
10|47
11|46
11|45
12|45
10|47
0|38
1|37
1|36
2|36
0|38
3|41
4|40
4|39
5|39
3|41
10|48
11|47
11|46
12|46
10|48
0|254
1|253
1|252
2|252
0|254
3|257
4|256
4|255
5|255
3|257
10|264
11|263
11|262
12|262
10|264
0|255
1|254
1|253
2|253
0|255
3|258
4|257
4|256
5|256
3|258
10|265
11|264
11|263
12|263
10|265
0|30
1|29
1|28
2|28
0|30
3|33
4|32
4|31
5|31
3|33
10|40
11|39
11|38
12|38
10|40
0|31
1|30
1|29
2|29
0|31
3|34
4|33
4|32
5|32
3|34
10|41
11|40
11|39
12|39
10|41
0|108
1|107
1|106
2|106
0|108
3|111
4|110
4|109
5|109
3|111
10|118
11|117
11|116
12|116
10|118
0|109
1|108
1|107
2|107
0|109
3|112
4|111
4|110
5|110
3|112
10|119
11|118
11|117
12|117
10|119
0|301
1|300
1|299
2|299
0|301
3|304
4|303
4|302
5|302
3|304
10|311
11|310
11|309
12|309
10|311
0|302
1|301
1|300
2|300
0|302
3|305
4|304
4|303
5|303
3|305
10|312
11|311
11|310
12|310
10|312
0|15
1|14
1|13
2|13
0|15
3|18
4|17
4|16
5|16
3|18
10|25
11|24
11|23
12|23
10|25
0|16
1|15
1|14
2|14
0|16
3|19
4|18
4|17
5|17
3|19
10|26
11|25
11|24
12|24
10|26
0|222
1|221
1|220
2|220
0|222
3|225
4|224
4|223
5|223
3|225
10|232
11|231
11|230
12|230
10|232
0|223
1|222
1|221
2|221
0|223
3|226
4|225
4|224
5|224
3|226
10|233
11|232
11|231
12|231
10|233
0|302
1|301
1|300
2|300
0|302
3|305
4|304
4|303
5|303
3|305
10|312
11|311
11|310
12|310
10|312
0|303
1|302
1|301
2|301
0|303
3|306
4|305
4|304
5|304
3|306
10|313
11|312
11|311
12|311
10|313
0|217
1|216
1|215
2|215
0|217
3|220
4|219
4|218
5|218
3|220
10|227
11|226
11|225
12|225
10|227
0|218
1|217
1|216
2|216
0|218
3|221
4|220
4|219
5|219
3|221
10|228
11|227
11|226
12|226
10|228
0|194
1|193
1|192
2|192
0|194
3|197
4|196
4|195
5|195
3|197
10|204
11|203
11|202
12|202
10|204
0|195
1|194
1|193
2|193
0|195
3|198
4|197
4|196
5|196
3|198
10|205
11|204
11|203
12|203
10|205
0|305
1|304
1|303
2|303
0|305
3|308
4|307
4|306
5|306
3|308
10|315
11|314
11|313
12|313
10|315
0|306
1|305
1|304
2|304
0|306
3|309
4|308
4|307
5|307
3|309
10|316
11|315
11|314
12|314
10|316
0|117
1|116
1|115
2|115
0|117
3|120
4|119
4|118
5|118
3|120
10|127
11|126
11|125
12|125
10|127
0|118
1|117
1|116
2|116
0|118
3|121
4|120
4|119
5|119
3|121
10|128
11|127
11|126
12|126
10|128
0|161
1|160
1|159
2|159
0|161
3|164
4|163
4|162
5|162
3|164
10|171
11|170
11|169
12|169
10|171
0|162
1|161
1|160
2|160
0|162
3|165
4|164
4|163
5|163
3|165
10|172
11|171
11|170
12|170
10|172
0|198
1|197
1|196
2|196
0|198
3|201
4|200
4|199
5|199
3|201
10|208
11|207
11|206
12|206
10|208
0|199
1|198
1|197
2|197
0|199
3|202
4|201
4|200
5|200
3|202
10|209
11|208
11|207
12|207
10|209
0|291
1|290
1|289
2|289
0|291
3|294
4|293
4|292
5|292
3|294
10|301
11|300
11|299
12|299
10|301
0|292
1|291
1|290
2|290
0|292
3|295
4|294
4|293
5|293
3|295
10|302
11|301
11|300
12|300
10|302
0|163
1|162
1|161
2|161
0|163
3|166
4|165
4|164
5|164
3|166
10|173
11|172
11|171
12|171
10|173
0|164
1|163
1|162
2|162
0|164
3|167
4|166
4|165
5|165
3|167
10|174
11|173
11|172
12|172
10|174
0|89
1|88
1|87
2|87
0|89
3|92
4|91
4|90
5|90
3|92
10|99
11|98
11|97
12|97
10|99
0|90
1|89
1|88
2|88
0|90
3|93
4|92
4|91
5|91
3|93
10|100
11|99
11|98
12|98
10|100
0|219
1|218
1|217
2|217
0|219
3|222
4|221
4|220
5|220
3|222
10|229
11|228
11|227
12|227
10|229
0|220
1|219
1|218
2|218
0|220
3|223
4|222
4|221
5|221
3|223
10|230
11|229
11|228
12|228
10|230
0|93
1|92
1|91
2|91
0|93
3|96
4|95
4|94
5|94
3|96
10|103
11|102
11|101
12|101
10|103
0|94
1|93
1|92
2|92
0|94
3|97
4|96
4|95
5|95
3|97
10|104
11|103
11|102
12|102
10|104
0|210
1|209
1|208
2|208
0|210
3|213
4|212
4|211
5|211
3|213
10|220
11|219
11|218
12|218
10|220
0|211
1|210
1|209
2|209
0|211
3|214
4|213
4|212
5|212
3|214
10|221
11|220
11|219
12|219
10|221
0|5
1|4
1|3
2|3
0|5
3|8
4|7
4|6
5|6
3|8
10|15
11|14
11|13
12|13
10|15
0|6
1|5
1|4
2|4
0|6
3|9
4|8
4|7
5|7
3|9
10|16
11|15
11|14
12|14
10|16
0|276
1|275
1|274
2|274
0|276
3|279
4|278
4|277
5|277
3|279
10|286
11|285
11|284
12|284
10|286
0|277
1|276
1|275
2|275
0|277
3|280
4|279
4|278
5|278
3|280
10|287
11|286
11|285
12|285
10|287
0|274
1|273
1|272
2|272
0|274
3|277
4|276
4|275
5|275
3|277
10|284
11|283
11|282
12|282
10|284
0|275
1|274
1|273
2|273
0|275
3|278
4|277
4|276
5|276
3|278
10|285
11|284
11|283
12|283
10|285
0|308
1|307
1|306
2|306
0|308
3|311
4|310
4|309
5|309
3|311
10|318
11|317
11|316
12|316
10|318
0|309
1|308
1|307
2|307
0|309
3|312
4|311
4|310
5|310
3|312
10|319
11|318
11|317
12|317
10|319
0|231
1|230
1|229
2|229
0|231
3|234
4|233
4|232
5|232
3|234
10|241
11|240
11|239
12|239
10|241
0|232
1|231
1|230
2|230
0|232
3|235
4|234
4|233
5|233
3|235
10|242
11|241
11|240
12|240
10|242
0|72
1|71
1|70
2|70
0|72
3|75
4|74
4|73
5|73
3|75
10|82
11|81
11|80
12|80
10|82
0|73
1|72
1|71
2|71
0|73
3|76
4|75
4|74
5|74
3|76
10|83
11|82
11|81
12|81
10|83
0|151
1|150
1|149
2|149
0|151
3|154
4|153
4|152
5|152
3|154
10|161
11|160
11|159
12|159
10|161
0|152
1|151
1|150
2|150
0|152
3|155
4|154
4|153
5|153
3|155
10|162
11|161
11|160
12|160
10|162
0|127
1|126
1|125
2|125
0|127
3|130
4|129
4|128
5|128
3|130
10|137
11|136
11|135
12|135
10|137
0|128
1|127
1|126
2|126
0|128
3|131
4|130
4|129
5|129
3|131
10|138
11|137
11|136
12|136
10|138
0|164
1|163
1|162
2|162
0|164
3|167
4|166
4|165
5|165
3|167
10|174
11|173
11|172
12|172
10|174
0|165
1|164
1|163
2|163
0|165
3|168
4|167
4|166
5|166
3|168
10|175
11|174
11|173
12|173
10|175
0|281
1|280
1|279
2|279
0|281
3|284
4|283
4|282
5|282
3|284
10|291
11|290
11|289
12|289
10|291
0|282
1|281
1|280
2|280
0|282
3|285
4|284
4|283
5|283
3|285
10|292
11|291
11|290
12|290
10|292
0|238
1|237
1|236
2|236
0|238
3|241
4|240
4|239
5|239
3|241
10|248
11|247
11|246
12|246
10|248
0|239
1|238
1|237
2|237
0|239
3|242
4|241
4|240
5|240
3|242
10|249
11|248
11|247
12|247
10|249
0|308
1|307
1|306
2|306
0|308
3|311
4|310
4|309
5|309
3|311
10|318
11|317
11|316
12|316
10|318
0|309
1|308
1|307
2|307
0|309
3|312
4|311
4|310
5|310
3|312
10|319
11|318
11|317
12|317
10|319
0|203
1|202
1|201
2|201
0|203
3|206
4|205
4|204
5|204
3|206
10|213
11|212
11|211
12|211
10|213
0|204
1|203
1|202
2|202
0|204
3|207
4|206
4|205
5|205
3|207
10|214
11|213
11|212
12|212
10|214
0|21
1|20
1|19
2|19
0|21
3|24
4|23
4|22
5|22
3|24
10|31
11|30
11|29
12|29
10|31
0|22
1|21
1|20
2|20
0|22
3|25
4|24
4|23
5|23
3|25
10|32
11|31
11|30
12|30
10|32
0|97
1|96
1|95
2|95
0|97
3|100
4|99
4|98
5|98
3|100
10|107
11|106
11|105
12|105
10|107
0|98
1|97
1|96
2|96
0|98
3|101
4|100
4|99
5|99
3|101
10|108
11|107
11|106
12|106
10|108
0|202
1|201
1|200
2|200
0|202
3|205
4|204
4|203
5|203
3|205
10|212
11|211
11|210
12|210
10|212
0|203
1|202
1|201
2|201
0|203
3|206
4|205
4|204
5|204
3|206
10|213
11|212
11|211
12|211
10|213
0|86
1|85
1|84
2|84
0|86
3|89
4|88
4|87
5|87
3|89
10|96
11|95
11|94
12|94
10|96
0|87
1|86
1|85
2|85
0|87
3|90
4|89
4|88
5|88
3|90
10|97
11|96
11|95
12|95
10|97
0|189
1|188
1|187
2|187
0|189
3|192
4|191
4|190
5|190
3|192
10|199
11|198
11|197
12|197
10|199
0|190
1|189
1|188
2|188
0|190
3|193
4|192
4|191
5|191
3|193
10|200
11|199
11|198
12|198
10|200
0|49
1|48
1|47
2|47
0|49
3|52
4|51
4|50
5|50
3|52
10|59
11|58
11|57
12|57
10|59
0|50
1|49
1|48
2|48
0|50
3|53
4|52
4|51
5|51
3|53
10|60
11|59
11|58
12|58
10|60
0|12
1|11
1|10
2|10
0|12
3|15
4|14
4|13
5|13
3|15
10|22
11|21
11|20
12|20
10|22
0|13
1|12
1|11
2|11
0|13
3|16
4|15
4|14
5|14
3|16
10|23
11|22
11|21
12|21
10|23
0|50
1|49
1|48
2|48
0|50
3|53
4|52
4|51
5|51
3|53
10|60
11|59
11|58
12|58
10|60
0|51
1|50
1|49
2|49
0|51
3|54
4|53
4|52
5|52
3|54
10|61
11|60
11|59
12|59
10|61
0|78
1|77
1|76
2|76
0|78
3|81
4|80
4|79
5|79
3|81
10|88
11|87
11|86
12|86
10|88
0|79
1|78
1|77
2|77
0|79
3|82
4|81
4|80
5|80
3|82
10|89
11|88
11|87
12|87
10|89
0|22
1|21
1|20
2|20
0|22
3|25
4|24
4|23
5|23
3|25
10|32
11|31
11|30
12|30
10|32
0|23
1|22
1|21
2|21
0|23
3|26
4|25
4|24
5|24
3|26
10|33
11|32
11|31
12|31
10|33
0|4
1|3
1|2
2|2
0|4
3|7
4|6
4|5
5|5
3|7
10|14
11|13
11|12
12|12
10|14
0|5
1|4
1|3
2|3
0|5
3|8
4|7
4|6
5|6
3|8
10|15
11|14
11|13
12|13
10|15
0|49
1|48
1|47
2|47
0|49
3|52
4|51
4|50
5|50
3|52
10|59
11|58
11|57
12|57
10|59
0|50
1|49
1|48
2|48
0|50
3|53
4|52
4|51
5|51
3|53
10|60
11|59
11|58
12|58
10|60
0|86
1|85
1|84
2|84
0|86
3|89
4|88
4|87
5|87
3|89
10|96
11|95
11|94
12|94
10|96
0|87
1|86
1|85
2|85
0|87
3|90
4|89
4|88
5|88
3|90
10|97
11|96
11|95
12|95
10|97
0|163
1|162
1|161
2|161
0|163
3|166
4|165
4|164
5|164
3|166
10|173
11|172
11|171
12|171
10|173
0|164
1|163
1|162
2|162
0|164
3|167
4|166
4|165
5|165
3|167
10|174
11|173
11|172
12|172
10|174
0|288
1|287
1|286
2|286
0|288
3|291
4|290
4|289
5|289
3|291
10|298
11|297
11|296
12|296
10|298
0|289
1|288
1|287
2|287
0|289
3|292
4|291
4|290
5|290
3|292
10|299
11|298
11|297
12|297
10|299
0|304
1|303
1|302
2|302
0|304
3|307
4|306
4|305
5|305
3|307
10|314
11|313
11|312
12|312
10|314
0|305
1|304
1|303
2|303
0|305
3|308
4|307
4|306
5|306
3|308
10|315
11|314
11|313
12|313
10|315
0|110
1|109
1|108
2|108
0|110
3|113
4|112
4|111
5|111
3|113
10|120
11|119
11|118
12|118
10|120
0|111
1|110
1|109
2|109
0|111
3|114
4|113
4|112
5|112
3|114
10|121
11|120
11|119
12|119
10|121
0|231
1|230
1|229
2|229
0|231
3|234
4|233
4|232
5|232
3|234
10|241
11|240
11|239
12|239
10|241
0|232
1|231
1|230
2|230
0|232
3|235
4|234
4|233
5|233
3|235
10|242
11|241
11|240
12|240
10|242
0|16
1|15
1|14
2|14
0|16
3|19
4|18
4|17
5|17
3|19
10|26
11|25
11|24
12|24
10|26
0|17
1|16
1|15
2|15
0|17
3|20
4|19
4|18
5|18
3|20
10|27
11|26
11|25
12|25
10|27
0|245
1|244
1|243
2|243
0|245
3|248
4|247
4|246
5|246
3|248
10|255
11|254
11|253
12|253
10|255
0|246
1|245
1|244
2|244
0|246
3|249
4|248
4|247
5|247
3|249
10|256
11|255
11|254
12|254
10|256
0|166
1|165
1|164
2|164
0|166
3|169
4|168
4|167
5|167
3|169
10|176
11|175
11|174
12|174
10|176
0|167
1|166
1|165
2|165
0|167
3|170
4|169
4|168
5|168
3|170
10|177
11|176
11|175
12|175
10|177
0|232
1|231
1|230
2|230
0|232
3|235
4|234
4|233
5|233
3|235
10|242
11|241
11|240
12|240
10|242
0|233
1|232
1|231
2|231
0|233
3|236
4|235
4|234
5|234
3|236
10|243
11|242
11|241
12|241
10|243
0|263
1|262
1|261
2|261
0|263
3|266
4|265
4|264
5|264
3|266
10|273
11|272
11|271
12|271
10|273
0|264
1|263
1|262
2|262
0|264
3|267
4|266
4|265
5|265
3|267
10|274
11|273
11|272
12|272
10|274
0|279
1|278
1|277
2|277
0|279
3|282
4|281
4|280
5|280
3|282
10|289
11|288
11|287
12|287
10|289
0|280
1|279
1|278
2|278
0|280
3|283
4|282
4|281
5|281
3|283
10|290
11|289
11|288
12|288
10|290
0|163
1|162
1|161
2|161
0|163
3|166
4|165
4|164
5|164
3|166
10|173
11|172
11|171
12|171
10|173
0|164
1|163
1|162
2|162
0|164
3|167
4|166
4|165
5|165
3|167
10|174
11|173
11|172
12|172
10|174
0|276
1|275
1|274
2|274
0|276
3|279
4|278
4|277
5|277
3|279
10|286
11|285
11|284
12|284
10|286
0|277
1|276
1|275
2|275
0|277
3|280
4|279
4|278
5|278
3|280
10|287
11|286
11|285
12|285
10|287
0|3
1|2
1|1
0|3
0|3
3|6
4|5
4|4
3|6
3|6
10|13
11|12
11|11
10|13
10|13
0|4
1|3
1|2
2|2
0|4
3|7
4|6
4|5
5|5
3|7
10|14
11|13
11|12
12|12
10|14
0|232
1|231
1|230
2|230
0|232
3|235
4|234
4|233
5|233
3|235
10|242
11|241
11|240
12|240
10|242
0|233
1|232
1|231
2|231
0|233
3|236
4|235
4|234
5|234
3|236
10|243
11|242
11|241
12|241
10|243
0|161
1|160
1|159
2|159
0|161
3|164
4|163
4|162
5|162
3|164
10|171
11|170
11|169
12|169
10|171
0|162
1|161
1|160
2|160
0|162
3|165
4|164
4|163
5|163
3|165
10|172
11|171
11|170
12|170
10|172
0|276
1|275
1|274
2|274
0|276
3|279
4|278
4|277
5|277
3|279
10|286
11|285
11|284
12|284
10|286
0|277
1|276
1|275
2|275
0|277
3|280
4|279
4|278
5|278
3|280
10|287
11|286
11|285
12|285
10|287
0|95
1|94
1|93
2|93
0|95
3|98
4|97
4|96
5|96
3|98
10|105
11|104
11|103
12|103
10|105
0|96
1|95
1|94
2|94
0|96
3|99
4|98
4|97
5|97
3|99
10|106
11|105
11|104
12|104
10|106
0|159
1|158
1|157
2|157
0|159
3|162
4|161
4|160
5|160
3|162
10|169
11|168
11|167
12|167
10|169
0|160
1|159
1|158
2|158
0|160
3|163
4|162
4|161
5|161
3|163
10|170
11|169
11|168
12|168
10|170
0|217
1|216
1|215
2|215
0|217
3|220
4|219
4|218
5|218
3|220
10|227
11|226
11|225
12|225
10|227
0|218
1|217
1|216
2|216
0|218
3|221
4|220
4|219
5|219
3|221
10|228
11|227
11|226
12|226
10|228
0|14
1|13
1|12
2|12
0|14
3|17
4|16
4|15
5|15
3|17
10|24
11|23
11|22
12|22
10|24
0|15
1|14
1|13
2|13
0|15
3|18
4|17
4|16
5|16
3|18
10|25
11|24
11|23
12|23
10|25
0|206
1|205
1|204
2|204
0|206
3|209
4|208
4|207
5|207
3|209
10|216
11|215
11|214
12|214
10|216
0|207
1|206
1|205
2|205
0|207
3|210
4|209
4|208
5|208
3|210
10|217
11|216
11|215
12|215
10|217
0|17
1|16
1|15
2|15
0|17
3|20
4|19
4|18
5|18
3|20
10|27
11|26
11|25
12|25
10|27
0|18
1|17
1|16
2|16
0|18
3|21
4|20
4|19
5|19
3|21
10|28
11|27
11|26
12|26
10|28
0|21
1|20
1|19
2|19
0|21
3|24
4|23
4|22
5|22
3|24
10|31
11|30
11|29
12|29
10|31
0|22
1|21
1|20
2|20
0|22
3|25
4|24
4|23
5|23
3|25
10|32
11|31
11|30
12|30
10|32
0|148
1|147
1|146
2|146
0|148
3|151
4|150
4|149
5|149
3|151
10|158
11|157
11|156
12|156
10|158
0|149
1|148
1|147
2|147
0|149
3|152
4|151
4|150
5|150
3|152
10|159
11|158
11|157
12|157
10|159
0|251
1|250
1|249
2|249
0|251
3|254
4|253
4|252
5|252
3|254
10|261
11|260
11|259
12|259
10|261
0|252
1|251
1|250
2|250
0|252
3|255
4|254
4|253
5|253
3|255
10|262
11|261
11|260
12|260
10|262
0|262
1|261
1|260
2|260
0|262
3|265
4|264
4|263
5|263
3|265
10|272
11|271
11|270
12|270
10|272
0|263
1|262
1|261
2|261
0|263
3|266
4|265
4|264
5|264
3|266
10|273
11|272
11|271
12|271
10|273
0|64
1|63
1|62
2|62
0|64
3|67
4|66
4|65
5|65
3|67
10|74
11|73
11|72
12|72
10|74
0|65
1|64
1|63
2|63
0|65
3|68
4|67
4|66
5|66
3|68
10|75
11|74
11|73
12|73
10|75
0|156
1|155
1|154
2|154
0|156
3|159
4|158
4|157
5|157
3|159
10|166
11|165
11|164
12|164
10|166
0|157
1|156
1|155
2|155
0|157
3|160
4|159
4|158
5|158
3|160
10|167
11|166
11|165
12|165
10|167
0|104
1|103
1|102
2|102
0|104
3|107
4|106
4|105
5|105
3|107
10|114
11|113
11|112
12|112
10|114
0|105
1|104
1|103
2|103
0|105
3|108
4|107
4|106
5|106
3|108
10|115
11|114
11|113
12|113
10|115
0|42
1|41
1|40
2|40
0|42
3|45
4|44
4|43
5|43
3|45
10|52
11|51
11|50
12|50
10|52
0|43
1|42
1|41
2|41
0|43
3|46
4|45
4|44
5|44
3|46
10|53
11|52
11|51
12|51
10|53
0|196
1|195
1|194
2|194
0|196
3|199
4|198
4|197
5|197
3|199
10|206
11|205
11|204
12|204
10|206
0|197
1|196
1|195
2|195
0|197
3|200
4|199
4|198
5|198
3|200
10|207
11|206
11|205
12|205
10|207
0|80
1|79
1|78
2|78
0|80
3|83
4|82
4|81
5|81
3|83
10|90
11|89
11|88
12|88
10|90
0|81
1|80
1|79
2|79
0|81
3|84
4|83
4|82
5|82
3|84
10|91
11|90
11|89
12|89
10|91
0|147
1|146
1|145
2|145
0|147
3|150
4|149
4|148
5|148
3|150
10|157
11|156
11|155
12|155
10|157
0|148
1|147
1|146
2|146
0|148
3|151
4|150
4|149
5|149
3|151
10|158
11|157
11|156
12|156
10|158
0|94
1|93
1|92
2|92
0|94
3|97
4|96
4|95
5|95
3|97
10|104
11|103
11|102
12|102
10|104
0|95
1|94
1|93
2|93
0|95
3|98
4|97
4|96
5|96
3|98
10|105
11|104
11|103
12|103
10|105
0|308
1|307
1|306
2|306
0|308
3|311
4|310
4|309
5|309
3|311
10|318
11|317
11|316
12|316
10|318
0|309
1|308
1|307
2|307
0|309
3|312
4|311
4|310
5|310
3|312
10|319
11|318
11|317
12|317
10|319
0|14
1|13
1|12
2|12
0|14
3|17
4|16
4|15
5|15
3|17
10|24
11|23
11|22
12|22
10|24
0|15
1|14
1|13
2|13
0|15
3|18
4|17
4|16
5|16
3|18
10|25
11|24
11|23
12|23
10|25
0|291
1|290
1|289
2|289
0|291
3|294
4|293
4|292
5|292
3|294
10|301
11|300
11|299
12|299
10|301
0|292
1|291
1|290
2|290
0|292
3|295
4|294
4|293
5|293
3|295
10|302
11|301
11|300
12|300
10|302
0|147
1|146
1|145
2|145
0|147
3|150
4|149
4|148
5|148
3|150
10|157
11|156
11|155
12|155
10|157
0|148
1|147
1|146
2|146
0|148
3|151
4|150
4|149
5|149
3|151
10|158
11|157
11|156
12|156
10|158
0|263
1|262
1|261
2|261
0|263
3|266
4|265
4|264
5|264
3|266
10|273
11|272
11|271
12|271
10|273
0|264
1|263
1|262
2|262
0|264
3|267
4|266
4|265
5|265
3|267
10|274
11|273
11|272
12|272
10|274
0|79
1|78
1|77
2|77
0|79
3|82
4|81
4|80
5|80
3|82
10|89
11|88
11|87
12|87
10|89
0|80
1|79
1|78
2|78
0|80
3|83
4|82
4|81
5|81
3|83
10|90
11|89
11|88
12|88
10|90
0|95
1|94
1|93
2|93
0|95
3|98
4|97
4|96
5|96
3|98
10|105
11|104
11|103
12|103
10|105
0|96
1|95
1|94
2|94
0|96
3|99
4|98
4|97
5|97
3|99
10|106
11|105
11|104
12|104
10|106
0|88
1|87
1|86
2|86
0|88
3|91
4|90
4|89
5|89
3|91
10|98
11|97
11|96
12|96
10|98
0|89
1|88
1|87
2|87
0|89
3|92
4|91
4|90
5|90
3|92
10|99
11|98
11|97
12|97
10|99
0|238
1|237
1|236
2|236
0|238
3|241
4|240
4|239
5|239
3|241
10|248
11|247
11|246
12|246
10|248
0|239
1|238
1|237
2|237
0|239
3|242
4|241
4|240
5|240
3|242
10|249
11|248
11|247
12|247
10|249
0|88
1|87
1|86
2|86
0|88
3|91
4|90
4|89
5|89
3|91
10|98
11|97
11|96
12|96
10|98
0|89
1|88
1|87
2|87
0|89
3|92
4|91
4|90
5|90
3|92
10|99
11|98
11|97
12|97
10|99
0|227
1|226
1|225
2|225
0|227
3|230
4|229
4|228
5|228
3|230
10|237
11|236
11|235
12|235
10|237
0|228
1|227
1|226
2|226
0|228
3|231
4|230
4|229
5|229
3|231
10|238
11|237
11|236
12|236
10|238
0|306
1|305
1|304
2|304
0|306
3|309
4|308
4|307
5|307
3|309
10|316
11|315
11|314
12|314
10|316
0|307
1|306
1|305
2|305
0|307
3|310
4|309
4|308
5|308
3|310
10|317
11|316
11|315
12|315
10|317
0|168
1|167
1|166
2|166
0|168
3|171
4|170
4|169
5|169
3|171
10|178
11|177
11|176
12|176
10|178
0|169
1|168
1|167
2|167
0|169
3|172
4|171
4|170
5|170
3|172
10|179
11|178
11|177
12|177
10|179
0|105
1|104
1|103
2|103
0|105
3|108
4|107
4|106
5|106
3|108
10|115
11|114
11|113
12|113
10|115
0|106
1|105
1|104
2|104
0|106
3|109
4|108
4|107
5|107
3|109
10|116
11|115
11|114
12|114
10|116
0|160
1|159
1|158
2|158
0|160
3|163
4|162
4|161
5|161
3|163
10|170
11|169
11|168
12|168
10|170
0|161
1|160
1|159
2|159
0|161
3|164
4|163
4|162
5|162
3|164
10|171
11|170
11|169
12|169
10|171
0|228
1|227
1|226
2|226
0|228
3|231
4|230
4|229
5|229
3|231
10|238
11|237
11|236
12|236
10|238
0|229
1|228
1|227
2|227
0|229
3|232
4|231
4|230
5|230
3|232
10|239
11|238
11|237
12|237
10|239
0|100
1|99
1|98
2|98
0|100
3|103
4|102
4|101
5|101
3|103
10|110
11|109
11|108
12|108
10|110
0|101
1|100
1|99
2|99
0|101
3|104
4|103
4|102
5|102
3|104
10|111
11|110
11|109
12|109
10|111
0|122
1|121
1|120
2|120
0|122
3|125
4|124
4|123
5|123
3|125
10|132
11|131
11|130
12|130
10|132
0|123
1|122
1|121
2|121
0|123
3|126
4|125
4|124
5|124
3|126
10|133
11|132
11|131
12|131
10|133
0|161
1|160
1|159
2|159
0|161
3|164
4|163
4|162
5|162
3|164
10|171
11|170
11|169
12|169
10|171
0|162
1|161
1|160
2|160
0|162
3|165
4|164
4|163
5|163
3|165
10|172
11|171
11|170
12|170
10|172
0|243
1|242
1|241
2|241
0|243
3|246
4|245
4|244
5|244
3|246
10|253
11|252
11|251
12|251
10|253
0|244
1|243
1|242
2|242
0|244
3|247
4|246
4|245
5|245
3|247
10|254
11|253
11|252
12|252
10|254
0|188
1|187
1|186
2|186
0|188
3|191
4|190
4|189
5|189
3|191
10|198
11|197
11|196
12|196
10|198
0|189
1|188
1|187
2|187
0|189
3|192
4|191
4|190
5|190
3|192
10|199
11|198
11|197
12|197
10|199
0|209
1|208
1|207
2|207
0|209
3|212
4|211
4|210
5|210
3|212
10|219
11|218
11|217
12|217
10|219
0|210
1|209
1|208
2|208
0|210
3|213
4|212
4|211
5|211
3|213
10|220
11|219
11|218
12|218
10|220
0|267
1|266
1|265
2|265
0|267
3|270
4|269
4|268
5|268
3|270
10|277
11|276
11|275
12|275
10|277
0|268
1|267
1|266
2|266
0|268
3|271
4|270
4|269
5|269
3|271
10|278
11|277
11|276
12|276
10|278
0|8
1|7
1|6
2|6
0|8
3|11
4|10
4|9
5|9
3|11
10|18
11|17
11|16
12|16
10|18
0|9
1|8
1|7
2|7
0|9
3|12
4|11
4|10
5|10
3|12
10|19
11|18
11|17
12|17
10|19
0|170
1|169
1|168
2|168
0|170
3|173
4|172
4|171
5|171
3|173
10|180
11|179
11|178
12|178
10|180
0|171
1|170
1|169
2|169
0|171
3|174
4|173
4|172
5|172
3|174
10|181
11|180
11|179
12|179
10|181
0|108
1|107
1|106
2|106
0|108
3|111
4|110
4|109
5|109
3|111
10|118
11|117
11|116
12|116
10|118
0|109
1|108
1|107
2|107
0|109
3|112
4|111
4|110
5|110
3|112
10|119
11|118
11|117
12|117
10|119
0|35
1|34
1|33
2|33
0|35
3|38
4|37
4|36
5|36
3|38
10|45
11|44
11|43
12|43
10|45
0|36
1|35
1|34
2|34
0|36
3|39
4|38
4|37
5|37
3|39
10|46
11|45
11|44
12|44
10|46
0|220
1|219
1|218
2|218
0|220
3|223
4|222
4|221
5|221
3|223
10|230
11|229
11|228
12|228
10|230
0|221
1|220
1|219
2|219
0|221
3|224
4|223
4|222
5|222
3|224
10|231
11|230
11|229
12|229
10|231
0|202
1|201
1|200
2|200
0|202
3|205
4|204
4|203
5|203
3|205
10|212
11|211
11|210
12|210
10|212
0|203
1|202
1|201
2|201
0|203
3|206
4|205
4|204
5|204
3|206
10|213
11|212
11|211
12|211
10|213
0|76
1|75
1|74
2|74
0|76
3|79
4|78
4|77
5|77
3|79
10|86
11|85
11|84
12|84
10|86
0|77
1|76
1|75
2|75
0|77
3|80
4|79
4|78
5|78
3|80
10|87
11|86
11|85
12|85
10|87
0|77
1|76
1|75
2|75
0|77
3|80
4|79
4|78
5|78
3|80
10|87
11|86
11|85
12|85
10|87
0|78
1|77
1|76
2|76
0|78
3|81
4|80
4|79
5|79
3|81
10|88
11|87
11|86
12|86
10|88
0|76
1|75
1|74
2|74
0|76
3|79
4|78
4|77
5|77
3|79
10|86
11|85
11|84
12|84
10|86
0|77
1|76
1|75
2|75
0|77
3|80
4|79
4|78
5|78
3|80
10|87
11|86
11|85
12|85
10|87
0|73
1|72
1|71
2|71
0|73
3|76
4|75
4|74
5|74
3|76
10|83
11|82
11|81
12|81
10|83
0|74
1|73
1|72
2|72
0|74
3|77
4|76
4|75
5|75
3|77
10|84
11|83
11|82
12|82
10|84
0|20
1|19
1|18
2|18
0|20
3|23
4|22
4|21
5|21
3|23
10|30
11|29
11|28
12|28
10|30
0|21
1|20
1|19
2|19
0|21
3|24
4|23
4|22
5|22
3|24
10|31
11|30
11|29
12|29
10|31
0|232
1|231
1|230
2|230
0|232
3|235
4|234
4|233
5|233
3|235
10|242
11|241
11|240
12|240
10|242
0|233
1|232
1|231
2|231
0|233
3|236
4|235
4|234
5|234
3|236
10|243
11|242
11|241
12|241
10|243
0|53
1|52
1|51
2|51
0|53
3|56
4|55
4|54
5|54
3|56
10|63
11|62
11|61
12|61
10|63
0|54
1|53
1|52
2|52
0|54
3|57
4|56
4|55
5|55
3|57
10|64
11|63
11|62
12|62
10|64
0|74
1|73
1|72
2|72
0|74
3|77
4|76
4|75
5|75
3|77
10|84
11|83
11|82
12|82
10|84
0|75
1|74
1|73
2|73
0|75
3|78
4|77
4|76
5|76
3|78
10|85
11|84
11|83
12|83
10|85
0|201
1|200
1|199
2|199
0|201
3|204
4|203
4|202
5|202
3|204
10|211
11|210
11|209
12|209
10|211
0|202
1|201
1|200
2|200
0|202
3|205
4|204
4|203
5|203
3|205
10|212
11|211
11|210
12|210
10|212
0|149
1|148
1|147
2|147
0|149
3|152
4|151
4|150
5|150
3|152
10|159
11|158
11|157
12|157
10|159
0|150
1|149
1|148
2|148
0|150
3|153
4|152
4|151
5|151
3|153
10|160
11|159
11|158
12|158
10|160
0|207
1|206
1|205
2|205
0|207
3|210
4|209
4|208
5|208
3|210
10|217
11|216
11|215
12|215
10|217
0|208
1|207
1|206
2|206
0|208
3|211
4|210
4|209
5|209
3|211
10|218
11|217
11|216
12|216
10|218
0|118
1|117
1|116
2|116
0|118
3|121
4|120
4|119
5|119
3|121
10|128
11|127
11|126
12|126
10|128
0|119
1|118
1|117
2|117
0|119
3|122
4|121
4|120
5|120
3|122
10|129
11|128
11|127
12|127
10|129
0|64
1|63
1|62
2|62
0|64
3|67
4|66
4|65
5|65
3|67
10|74
11|73
11|72
12|72
10|74
0|65
1|64
1|63
2|63
0|65
3|68
4|67
4|66
5|66
3|68
10|75
11|74
11|73
12|73
10|75
0|95
1|94
1|93
2|93
0|95
3|98
4|97
4|96
5|96
3|98
10|105
11|104
11|103
12|103
10|105
0|96
1|95
1|94
2|94
0|96
3|99
4|98
4|97
5|97
3|99
10|106
11|105
11|104
12|104
10|106
0|308
1|307
1|306
2|306
0|308
3|311
4|310
4|309
5|309
3|311
10|318
11|317
11|316
12|316
10|318
0|309
1|308
1|307
2|307
0|309
3|312
4|311
4|310
5|310
3|312
10|319
11|318
11|317
12|317
10|319
0|234
1|233
1|232
2|232
0|234
3|237
4|236
4|235
5|235
3|237
10|244
11|243
11|242
12|242
10|244
0|235
1|234
1|233
2|233
0|235
3|238
4|237
4|236
5|236
3|238
10|245
11|244
11|243
12|243
10|245
0|163
1|162
1|161
2|161
0|163
3|166
4|165
4|164
5|164
3|166
10|173
11|172
11|171
12|171
10|173
0|164
1|163
1|162
2|162
0|164
3|167
4|166
4|165
5|165
3|167
10|174
11|173
11|172
12|172
10|174
0|297
1|296
1|295
2|295
0|297
3|300
4|299
4|298
5|298
3|300
10|307
11|306
11|305
12|305
10|307
0|298
1|297
1|296
2|296
0|298
3|301
4|300
4|299
5|299
3|301
10|308
11|307
11|306
12|306
10|308
0|152
1|151
1|150
2|150
0|152
3|155
4|154
4|153
5|153
3|155
10|162
11|161
11|160
12|160
10|162
0|153
1|152
1|151
2|151
0|153
3|156
4|155
4|154
5|154
3|156
10|163
11|162
11|161
12|161
10|163
0|170
1|169
1|168
2|168
0|170
3|173
4|172
4|171
5|171
3|173
10|180
11|179
11|178
12|178
10|180
0|171
1|170
1|169
2|169
0|171
3|174
4|173
4|172
5|172
3|174
10|181
11|180
11|179
12|179
10|181
0|241
1|240
1|239
2|239
0|241
3|244
4|243
4|242
5|242
3|244
10|251
11|250
11|249
12|249
10|251
0|242
1|241
1|240
2|240
0|242
3|245
4|244
4|243
5|243
3|245
10|252
11|251
11|250
12|250
10|252
0|300
1|299
1|298
2|298
0|300
3|303
4|302
4|301
5|301
3|303
10|310
11|309
11|308
12|308
10|310
0|301
1|300
1|299
2|299
0|301
3|304
4|303
4|302
5|302
3|304
10|311
11|310
11|309
12|309
10|311
0|270
1|269
1|268
2|268
0|270
3|273
4|272
4|271
5|271
3|273
10|280
11|279
11|278
12|278
10|280
0|271
1|270
1|269
2|269
0|271
3|274
4|273
4|272
5|272
3|274
10|281
11|280
11|279
12|279
10|281
0|161
1|160
1|159
2|159
0|161
3|164
4|163
4|162
5|162
3|164
10|171
11|170
11|169
12|169
10|171
0|162
1|161
1|160
2|160
0|162
3|165
4|164
4|163
5|163
3|165
10|172
11|171
11|170
12|170
10|172
0|131
1|130
1|129
2|129
0|131
3|134
4|133
4|132
5|132
3|134
10|141
11|140
11|139
12|139
10|141
0|132
1|131
1|130
2|130
0|132
3|135
4|134
4|133
5|133
3|135
10|142
11|141
11|140
12|140
10|142
0|179
1|178
1|177
2|177
0|179
3|182
4|181
4|180
5|180
3|182
10|189
11|188
11|187
12|187
10|189
0|180
1|179
1|178
2|178
0|180
3|183
4|182
4|181
5|181
3|183
10|190
11|189
11|188
12|188
10|190
0|223
1|222
1|221
2|221
0|223
3|226
4|225
4|224
5|224
3|226
10|233
11|232
11|231
12|231
10|233
0|224
1|223
1|222
2|222
0|224
3|227
4|226
4|225
5|225
3|227
10|234
11|233
11|232
12|232
10|234
0|255
1|254
1|253
2|253
0|255
3|258
4|257
4|256
5|256
3|258
10|265
11|264
11|263
12|263
10|265
0|256
1|255
1|254
2|254
0|256
3|259
4|258
4|257
5|257
3|259
10|266
11|265
11|264
12|264
10|266
0|158
1|157
1|156
2|156
0|158
3|161
4|160
4|159
5|159
3|161
10|168
11|167
11|166
12|166
10|168
0|159
1|158
1|157
2|157
0|159
3|162
4|161
4|160
5|160
3|162
10|169
11|168
11|167
12|167
10|169
0|302
1|301
1|300
2|300
0|302
3|305
4|304
4|303
5|303
3|305
10|312
11|311
11|310
12|310
10|312
0|303
1|302
1|301
2|301
0|303
3|306
4|305
4|304
5|304
3|306
10|313
11|312
11|311
12|311
10|313
0|215
1|214
1|213
2|213
0|215
3|218
4|217
4|216
5|216
3|218
10|225
11|224
11|223
12|223
10|225
0|216
1|215
1|214
2|214
0|216
3|219
4|218
4|217
5|217
3|219
10|226
11|225
11|224
12|224
10|226
0|110
1|109
1|108
2|108
0|110
3|113
4|112
4|111
5|111
3|113
10|120
11|119
11|118
12|118
10|120
0|111
1|110
1|109
2|109
0|111
3|114
4|113
4|112
5|112
3|114
10|121
11|120
11|119
12|119
10|121
0|216
1|215
1|214
2|214
0|216
3|219
4|218
4|217
5|217
3|219
10|226
11|225
11|224
12|224
10|226
0|217
1|216
1|215
2|215
0|217
3|220
4|219
4|218
5|218
3|220
10|227
11|226
11|225
12|225
10|227
0|236
1|235
1|234
2|234
0|236
3|239
4|238
4|237
5|237
3|239
10|246
11|245
11|244
12|244
10|246
0|237
1|236
1|235
2|235
0|237
3|240
4|239
4|238
5|238
3|240
10|247
11|246
11|245
12|245
10|247
0|17
1|16
1|15
2|15
0|17
3|20
4|19
4|18
5|18
3|20
10|27
11|26
11|25
12|25
10|27
0|18
1|17
1|16
2|16
0|18
3|21
4|20
4|19
5|19
3|21
10|28
11|27
11|26
12|26
10|28
0|200
1|199
1|198
2|198
0|200
3|203
4|202
4|201
5|201
3|203
10|210
11|209
11|208
12|208
10|210
0|201
1|200
1|199
2|199
0|201
3|204
4|203
4|202
5|202
3|204
10|211
11|210
11|209
12|209
10|211
0|266
1|265
1|264
2|264
0|266
3|269
4|268
4|267
5|267
3|269
10|276
11|275
11|274
12|274
10|276
0|267
1|266
1|265
2|265
0|267
3|270
4|269
4|268
5|268
3|270
10|277
11|276
11|275
12|275
10|277
0|67
1|66
1|65
2|65
0|67
3|70
4|69
4|68
5|68
3|70
10|77
11|76
11|75
12|75
10|77
0|68
1|67
1|66
2|66
0|68
3|71
4|70
4|69
5|69
3|71
10|78
11|77
11|76
12|76
10|78
0|157
1|156
1|155
2|155
0|157
3|160
4|159
4|158
5|158
3|160
10|167
11|166
11|165
12|165
10|167
0|158
1|157
1|156
2|156
0|158
3|161
4|160
4|159
5|159
3|161
10|168
11|167
11|166
12|166
10|168
0|71
1|70
1|69
2|69
0|71
3|74
4|73
4|72
5|72
3|74
10|81
11|80
11|79
12|79
10|81
0|72
1|71
1|70
2|70
0|72
3|75
4|74
4|73
5|73
3|75
10|82
11|81
11|80
12|80
10|82
0|259
1|258
1|257
2|257
0|259
3|262
4|261
4|260
5|260
3|262
10|269
11|268
11|267
12|267
10|269
0|260
1|259
1|258
2|258
0|260
3|263
4|262
4|261
5|261
3|263
10|270
11|269
11|268
12|268
10|270
0|266
1|265
1|264
2|264
0|266
3|269
4|268
4|267
5|267
3|269
10|276
11|275
11|274
12|274
10|276
0|267
1|266
1|265
2|265
0|267
3|270
4|269
4|268
5|268
3|270
10|277
11|276
11|275
12|275
10|277
0|119
1|118
1|117
2|117
0|119
3|122
4|121
4|120
5|120
3|122
10|129
11|128
11|127
12|127
10|129
0|120
1|119
1|118
2|118
0|120
3|123
4|122
4|121
5|121
3|123
10|130
11|129
11|128
12|128
10|130
0|179
1|178
1|177
2|177
0|179
3|182
4|181
4|180
5|180
3|182
10|189
11|188
11|187
12|187
10|189
0|180
1|179
1|178
2|178
0|180
3|183
4|182
4|181
5|181
3|183
10|190
11|189
11|188
12|188
10|190
0|51
1|50
1|49
2|49
0|51
3|54
4|53
4|52
5|52
3|54
10|61
11|60
11|59
12|59
10|61
0|52
1|51
1|50
2|50
0|52
3|55
4|54
4|53
5|53
3|55
10|62
11|61
11|60
12|60
10|62
0|22
1|21
1|20
2|20
0|22
3|25
4|24
4|23
5|23
3|25
10|32
11|31
11|30
12|30
10|32
0|23
1|22
1|21
2|21
0|23
3|26
4|25
4|24
5|24
3|26
10|33
11|32
11|31
12|31
10|33
0|124
1|123
1|122
2|122
0|124
3|127
4|126
4|125
5|125
3|127
10|134
11|133
11|132
12|132
10|134
0|125
1|124
1|123
2|123
0|125
3|128
4|127
4|126
5|126
3|128
10|135
11|134
11|133
12|133
10|135
0|253
1|252
1|251
2|251
0|253
3|256
4|255
4|254
5|254
3|256
10|263
11|262
11|261
12|261
10|263
0|254
1|253
1|252
2|252
0|254
3|257
4|256
4|255
5|255
3|257
10|264
11|263
11|262
12|262
10|264
0|182
1|181
1|180
2|180
0|182
3|185
4|184
4|183
5|183
3|185
10|192
11|191
11|190
12|190
10|192
0|183
1|182
1|181
2|181
0|183
3|186
4|185
4|184
5|184
3|186
10|193
11|192
11|191
12|191
10|193
0|163
1|162
1|161
2|161
0|163
3|166
4|165
4|164
5|164
3|166
10|173
11|172
11|171
12|171
10|173
0|164
1|163
1|162
2|162
0|164
3|167
4|166
4|165
5|165
3|167
10|174
11|173
11|172
12|172
10|174
0|287
1|286
1|285
2|285
0|287
3|290
4|289
4|288
5|288
3|290
10|297
11|296
11|295
12|295
10|297
0|288
1|287
1|286
2|286
0|288
3|291
4|290
4|289
5|289
3|291
10|298
11|297
11|296
12|296
10|298
0|126
1|125
1|124
2|124
0|126
3|129
4|128
4|127
5|127
3|129
10|136
11|135
11|134
12|134
10|136
0|127
1|126
1|125
2|125
0|127
3|130
4|129
4|128
5|128
3|130
10|137
11|136
11|135
12|135
10|137
0|1
0|1
0|1
0|1
0|1
3|4
3|4
3|4
3|4
3|4
10|11
10|11
10|11
10|11
10|11
0|2
1|1
0|2
0|2
0|2
3|5
4|4
3|5
3|5
3|5
10|12
11|11
10|12
10|12
10|12
0|27
1|26
1|25
2|25
0|27
3|30
4|29
4|28
5|28
3|30
10|37
11|36
11|35
12|35
10|37
0|28
1|27
1|26
2|26
0|28
3|31
4|30
4|29
5|29
3|31
10|38
11|37
11|36
12|36
10|38
0|13
1|12
1|11
2|11
0|13
3|16
4|15
4|14
5|14
3|16
10|23
11|22
11|21
12|21
10|23
0|14
1|13
1|12
2|12
0|14
3|17
4|16
4|15
5|15
3|17
10|24
11|23
11|22
12|22
10|24
0|210
1|209
1|208
2|208
0|210
3|213
4|212
4|211
5|211
3|213
10|220
11|219
11|218
12|218
10|220
0|211
1|210
1|209
2|209
0|211
3|214
4|213
4|212
5|212
3|214
10|221
11|220
11|219
12|219
10|221
0|134
1|133
1|132
2|132
0|134
3|137
4|136
4|135
5|135
3|137
10|144
11|143
11|142
12|142
10|144
0|135
1|134
1|133
2|133
0|135
3|138
4|137
4|136
5|136
3|138
10|145
11|144
11|143
12|143
10|145
0|279
1|278
1|277
2|277
0|279
3|282
4|281
4|280
5|280
3|282
10|289
11|288
11|287
12|287
10|289
0|280
1|279
1|278
2|278
0|280
3|283
4|282
4|281
5|281
3|283
10|290
11|289
11|288
12|288
10|290
0|184
1|183
1|182
2|182
0|184
3|187
4|186
4|185
5|185
3|187
10|194
11|193
11|192
12|192
10|194
0|185
1|184
1|183
2|183
0|185
3|188
4|187
4|186
5|186
3|188
10|195
11|194
11|193
12|193
10|195
0|99
1|98
1|97
2|97
0|99
3|102
4|101
4|100
5|100
3|102
10|109
11|108
11|107
12|107
10|109
0|100
1|99
1|98
2|98
0|100
3|103
4|102
4|101
5|101
3|103
10|110
11|109
11|108
12|108
10|110
0|272
1|271
1|270
2|270
0|272
3|275
4|274
4|273
5|273
3|275
10|282
11|281
11|280
12|280
10|282
0|273
1|272
1|271
2|271
0|273
3|276
4|275
4|274
5|274
3|276
10|283
11|282
11|281
12|281
10|283
0|204
1|203
1|202
2|202
0|204
3|207
4|206
4|205
5|205
3|207
10|214
11|213
11|212
12|212
10|214
0|205
1|204
1|203
2|203
0|205
3|208
4|207
4|206
5|206
3|208
10|215
11|214
11|213
12|213
10|215
0|99
1|98
1|97
2|97
0|99
3|102
4|101
4|100
5|100
3|102
10|109
11|108
11|107
12|107
10|109
0|100
1|99
1|98
2|98
0|100
3|103
4|102
4|101
5|101
3|103
10|110
11|109
11|108
12|108
10|110
0|109
1|108
1|107
2|107
0|109
3|112
4|111
4|110
5|110
3|112
10|119
11|118
11|117
12|117
10|119
0|110
1|109
1|108
2|108
0|110
3|113
4|112
4|111
5|111
3|113
10|120
11|119
11|118
12|118
10|120
0|181
1|180
1|179
2|179
0|181
3|184
4|183
4|182
5|182
3|184
10|191
11|190
11|189
12|189
10|191
0|182
1|181
1|180
2|180
0|182
3|185
4|184
4|183
5|183
3|185
10|192
11|191
11|190
12|190
10|192
0|38
1|37
1|36
2|36
0|38
3|41
4|40
4|39
5|39
3|41
10|48
11|47
11|46
12|46
10|48
0|39
1|38
1|37
2|37
0|39
3|42
4|41
4|40
5|40
3|42
10|49
11|48
11|47
12|47
10|49
0|133
1|132
1|131
2|131
0|133
3|136
4|135
4|134
5|134
3|136
10|143
11|142
11|141
12|141
10|143
0|134
1|133
1|132
2|132
0|134
3|137
4|136
4|135
5|135
3|137
10|144
11|143
11|142
12|142
10|144
0|119
1|118
1|117
2|117
0|119
3|122
4|121
4|120
5|120
3|122
10|129
11|128
11|127
12|127
10|129
0|120
1|119
1|118
2|118
0|120
3|123
4|122
4|121
5|121
3|123
10|130
11|129
11|128
12|128
10|130
0|79
1|78
1|77
2|77
0|79
3|82
4|81
4|80
5|80
3|82
10|89
11|88
11|87
12|87
10|89
0|80
1|79
1|78
2|78
0|80
3|83
4|82
4|81
5|81
3|83
10|90
11|89
11|88
12|88
10|90
0|191
1|190
1|189
2|189
0|191
3|194
4|193
4|192
5|192
3|194
10|201
11|200
11|199
12|199
10|201
0|192
1|191
1|190
2|190
0|192
3|195
4|194
4|193
5|193
3|195
10|202
11|201
11|200
12|200
10|202
0|69
1|68
1|67
2|67
0|69
3|72
4|71
4|70
5|70
3|72
10|79
11|78
11|77
12|77
10|79
0|70
1|69
1|68
2|68
0|70
3|73
4|72
4|71
5|71
3|73
10|80
11|79
11|78
12|78
10|80
0|120
1|119
1|118
2|118
0|120
3|123
4|122
4|121
5|121
3|123
10|130
11|129
11|128
12|128
10|130
0|121
1|120
1|119
2|119
0|121
3|124
4|123
4|122
5|122
3|124
10|131
11|130
11|129
12|129
10|131
0|189
1|188
1|187
2|187
0|189
3|192
4|191
4|190
5|190
3|192
10|199
11|198
11|197
12|197
10|199
0|190
1|189
1|188
2|188
0|190
3|193
4|192
4|191
5|191
3|193
10|200
11|199
11|198
12|198
10|200
0|187
1|186
1|185
2|185
0|187
3|190
4|189
4|188
5|188
3|190
10|197
11|196
11|195
12|195
10|197
0|188
1|187
1|186
2|186
0|188
3|191
4|190
4|189
5|189
3|191
10|198
11|197
11|196
12|196
10|198
0|92
1|91
1|90
2|90
0|92
3|95
4|94
4|93
5|93
3|95
10|102
11|101
11|100
12|100
10|102
0|93
1|92
1|91
2|91
0|93
3|96
4|95
4|94
5|94
3|96
10|103
11|102
11|101
12|101
10|103
0|168
1|167
1|166
2|166
0|168
3|171
4|170
4|169
5|169
3|171
10|178
11|177
11|176
12|176
10|178
0|169
1|168
1|167
2|167
0|169
3|172
4|171
4|170
5|170
3|172
10|179
11|178
11|177
12|177
10|179
0|15
1|14
1|13
2|13
0|15
3|18
4|17
4|16
5|16
3|18
10|25
11|24
11|23
12|23
10|25
0|16
1|15
1|14
2|14
0|16
3|19
4|18
4|17
5|17
3|19
10|26
11|25
11|24
12|24
10|26
0|61
1|60
1|59
2|59
0|61
3|64
4|63
4|62
5|62
3|64
10|71
11|70
11|69
12|69
10|71
0|62
1|61
1|60
2|60
0|62
3|65
4|64
4|63
5|63
3|65
10|72
11|71
11|70
12|70
10|72
0|185
1|184
1|183
2|183
0|185
3|188
4|187
4|186
5|186
3|188
10|195
11|194
11|193
12|193
10|195
0|186
1|185
1|184
2|184
0|186
3|189
4|188
4|187
5|187
3|189
10|196
11|195
11|194
12|194
10|196
0|277
1|276
1|275
2|275
0|277
3|280
4|279
4|278
5|278
3|280
10|287
11|286
11|285
12|285
10|287
0|278
1|277
1|276
2|276
0|278
3|281
4|280
4|279
5|279
3|281
10|288
11|287
11|286
12|286
10|288
0|211
1|210
1|209
2|209
0|211
3|214
4|213
4|212
5|212
3|214
10|221
11|220
11|219
12|219
10|221
0|212
1|211
1|210
2|210
0|212
3|215
4|214
4|213
5|213
3|215
10|222
11|221
11|220
12|220
10|222
0|134
1|133
1|132
2|132
0|134
3|137
4|136
4|135
5|135
3|137
10|144
11|143
11|142
12|142
10|144
0|135
1|134
1|133
2|133
0|135
3|138
4|137
4|136
5|136
3|138
10|145
11|144
11|143
12|143
10|145
0|153
1|152
1|151
2|151
0|153
3|156
4|155
4|154
5|154
3|156
10|163
11|162
11|161
12|161
10|163
0|154
1|153
1|152
2|152
0|154
3|157
4|156
4|155
5|155
3|157
10|164
11|163
11|162
12|162
10|164
0|117
1|116
1|115
2|115
0|117
3|120
4|119
4|118
5|118
3|120
10|127
11|126
11|125
12|125
10|127
0|118
1|117
1|116
2|116
0|118
3|121
4|120
4|119
5|119
3|121
10|128
11|127
11|126
12|126
10|128
0|283
1|282
1|281
2|281
0|283
3|286
4|285
4|284
5|284
3|286
10|293
11|292
11|291
12|291
10|293
0|284
1|283
1|282
2|282
0|284
3|287
4|286
4|285
5|285
3|287
10|294
11|293
11|292
12|292
10|294
0|101
1|100
1|99
2|99
0|101
3|104
4|103
4|102
5|102
3|104
10|111
11|110
11|109
12|109
10|111
0|102
1|101
1|100
2|100
0|102
3|105
4|104
4|103
5|103
3|105
10|112
11|111
11|110
12|110
10|112
0|238
1|237
1|236
2|236
0|238
3|241
4|240
4|239
5|239
3|241
10|248
11|247
11|246
12|246
10|248
0|239
1|238
1|237
2|237
0|239
3|242
4|241
4|240
5|240
3|242
10|249
11|248
11|247
12|247
10|249
0|199
1|198
1|197
2|197
0|199
3|202
4|201
4|200
5|200
3|202
10|209
11|208
11|207
12|207
10|209
0|200
1|199
1|198
2|198
0|200
3|203
4|202
4|201
5|201
3|203
10|210
11|209
11|208
12|208
10|210
0|146
1|145
1|144
2|144
0|146
3|149
4|148
4|147
5|147
3|149
10|156
11|155
11|154
12|154
10|156
0|147
1|146
1|145
2|145
0|147
3|150
4|149
4|148
5|148
3|150
10|157
11|156
11|155
12|155
10|157
0|5
1|4
1|3
2|3
0|5
3|8
4|7
4|6
5|6
3|8
10|15
11|14
11|13
12|13
10|15
0|6
1|5
1|4
2|4
0|6
3|9
4|8
4|7
5|7
3|9
10|16
11|15
11|14
12|14
10|16
0|39
1|38
1|37
2|37
0|39
3|42
4|41
4|40
5|40
3|42
10|49
11|48
11|47
12|47
10|49
0|40
1|39
1|38
2|38
0|40
3|43
4|42
4|41
5|41
3|43
10|50
11|49
11|48
12|48
10|50
0|145
1|144
1|143
2|143
0|145
3|148
4|147
4|146
5|146
3|148
10|155
11|154
11|153
12|153
10|155
0|146
1|145
1|144
2|144
0|146
3|149
4|148
4|147
5|147
3|149
10|156
11|155
11|154
12|154
10|156
0|215
1|214
1|213
2|213
0|215
3|218
4|217
4|216
5|216
3|218
10|225
11|224
11|223
12|223
10|225
0|216
1|215
1|214
2|214
0|216
3|219
4|218
4|217
5|217
3|219
10|226
11|225
11|224
12|224
10|226
0|201
1|200
1|199
2|199
0|201
3|204
4|203
4|202
5|202
3|204
10|211
11|210
11|209
12|209
10|211
0|202
1|201
1|200
2|200
0|202
3|205
4|204
4|203
5|203
3|205
10|212
11|211
11|210
12|210
10|212
0|303
1|302
1|301
2|301
0|303
3|306
4|305
4|304
5|304
3|306
10|313
11|312
11|311
12|311
10|313
0|304
1|303
1|302
2|302
0|304
3|307
4|306
4|305
5|305
3|307
10|314
11|313
11|312
12|312
10|314
0|167
1|166
1|165
2|165
0|167
3|170
4|169
4|168
5|168
3|170
10|177
11|176
11|175
12|175
10|177
0|168
1|167
1|166
2|166
0|168
3|171
4|170
4|169
5|169
3|171
10|178
11|177
11|176
12|176
10|178
0|307
1|306
1|305
2|305
0|307
3|310
4|309
4|308
5|308
3|310
10|317
11|316
11|315
12|315
10|317
0|308
1|307
1|306
2|306
0|308
3|311
4|310
4|309
5|309
3|311
10|318
11|317
11|316
12|316
10|318
0|116
1|115
1|114
2|114
0|116
3|119
4|118
4|117
5|117
3|119
10|126
11|125
11|124
12|124
10|126
0|117
1|116
1|115
2|115
0|117
3|120
4|119
4|118
5|118
3|120
10|127
11|126
11|125
12|125
10|127
0|248
1|247
1|246
2|246
0|248
3|251
4|250
4|249
5|249
3|251
10|258
11|257
11|256
12|256
10|258
0|249
1|248
1|247
2|247
0|249
3|252
4|251
4|250
5|250
3|252
10|259
11|258
11|257
12|257
10|259
0|210
1|209
1|208
2|208
0|210
3|213
4|212
4|211
5|211
3|213
10|220
11|219
11|218
12|218
10|220
0|211
1|210
1|209
2|209
0|211
3|214
4|213
4|212
5|212
3|214
10|221
11|220
11|219
12|219
10|221
0|114
1|113
1|112
2|112
0|114
3|117
4|116
4|115
5|115
3|117
10|124
11|123
11|122
12|122
10|124
0|115
1|114
1|113
2|113
0|115
3|118
4|117
4|116
5|116
3|118
10|125
11|124
11|123
12|123
10|125
0|48
1|47
1|46
2|46
0|48
3|51
4|50
4|49
5|49
3|51
10|58
11|57
11|56
12|56
10|58
0|49
1|48
1|47
2|47
0|49
3|52
4|51
4|50
5|50
3|52
10|59
11|58
11|57
12|57
10|59
0|36
1|35
1|34
2|34
0|36
3|39
4|38
4|37
5|37
3|39
10|46
11|45
11|44
12|44
10|46
0|37
1|36
1|35
2|35
0|37
3|40
4|39
4|38
5|38
3|40
10|47
11|46
11|45
12|45
10|47
0|88
1|87
1|86
2|86
0|88
3|91
4|90
4|89
5|89
3|91
10|98
11|97
11|96
12|96
10|98
0|89
1|88
1|87
2|87
0|89
3|92
4|91
4|90
5|90
3|92
10|99
11|98
11|97
12|97
10|99
0|277
1|276
1|275
2|275
0|277
3|280
4|279
4|278
5|278
3|280
10|287
11|286
11|285
12|285
10|287
0|278
1|277
1|276
2|276
0|278
3|281
4|280
4|279
5|279
3|281
10|288
11|287
11|286
12|286
10|288
0|265
1|264
1|263
2|263
0|265
3|268
4|267
4|266
5|266
3|268
10|275
11|274
11|273
12|273
10|275
0|266
1|265
1|264
2|264
0|266
3|269
4|268
4|267
5|267
3|269
10|276
11|275
11|274
12|274
10|276
0|289
1|288
1|287
2|287
0|289
3|292
4|291
4|290
5|290
3|292
10|299
11|298
11|297
12|297
10|299
0|290
1|289
1|288
2|288
0|290
3|293
4|292
4|291
5|291
3|293
10|300
11|299
11|298
12|298
10|300
0|300
1|299
1|298
2|298
0|300
3|303
4|302
4|301
5|301
3|303
10|310
11|309
11|308
12|308
10|310
0|301
1|300
1|299
2|299
0|301
3|304
4|303
4|302
5|302
3|304
10|311
11|310
11|309
12|309
10|311
0|105
1|104
1|103
2|103
0|105
3|108
4|107
4|106
5|106
3|108
10|115
11|114
11|113
12|113
10|115
0|106
1|105
1|104
2|104
0|106
3|109
4|108
4|107
5|107
3|109
10|116
11|115
11|114
12|114
10|116
0|204
1|203
1|202
2|202
0|204
3|207
4|206
4|205
5|205
3|207
10|214
11|213
11|212
12|212
10|214
0|205
1|204
1|203
2|203
0|205
3|208
4|207
4|206
5|206
3|208
10|215
11|214
11|213
12|213
10|215
0|202
1|201
1|200
2|200
0|202
3|205
4|204
4|203
5|203
3|205
10|212
11|211
11|210
12|210
10|212
0|203
1|202
1|201
2|201
0|203
3|206
4|205
4|204
5|204
3|206
10|213
11|212
11|211
12|211
10|213
0|253
1|252
1|251
2|251
0|253
3|256
4|255
4|254
5|254
3|256
10|263
11|262
11|261
12|261
10|263
0|254
1|253
1|252
2|252
0|254
3|257
4|256
4|255
5|255
3|257
10|264
11|263
11|262
12|262
10|264
0|163
1|162
1|161
2|161
0|163
3|166
4|165
4|164
5|164
3|166
10|173
11|172
11|171
12|171
10|173
0|164
1|163
1|162
2|162
0|164
3|167
4|166
4|165
5|165
3|167
10|174
11|173
11|172
12|172
10|174
0|237
1|236
1|235
2|235
0|237
3|240
4|239
4|238
5|238
3|240
10|247
11|246
11|245
12|245
10|247
0|238
1|237
1|236
2|236
0|238
3|241
4|240
4|239
5|239
3|241
10|248
11|247
11|246
12|246
10|248
0|38
1|37
1|36
2|36
0|38
3|41
4|40
4|39
5|39
3|41
10|48
11|47
11|46
12|46
10|48
0|39
1|38
1|37
2|37
0|39
3|42
4|41
4|40
5|40
3|42
10|49
11|48
11|47
12|47
10|49
0|144
1|143
1|142
2|142
0|144
3|147
4|146
4|145
5|145
3|147
10|154
11|153
11|152
12|152
10|154
0|145
1|144
1|143
2|143
0|145
3|148
4|147
4|146
5|146
3|148
10|155
11|154
11|153
12|153
10|155
0|3
1|2
1|1
0|3
0|3
3|6
4|5
4|4
3|6
3|6
10|13
11|12
11|11
10|13
10|13
0|4
1|3
1|2
2|2
0|4
3|7
4|6
4|5
5|5
3|7
10|14
11|13
11|12
12|12
10|14
0|58
1|57
1|56
2|56
0|58
3|61
4|60
4|59
5|59
3|61
10|68
11|67
11|66
12|66
10|68
0|59
1|58
1|57
2|57
0|59
3|62
4|61
4|60
5|60
3|62
10|69
11|68
11|67
12|67
10|69
0|32
1|31
1|30
2|30
0|32
3|35
4|34
4|33
5|33
3|35
10|42
11|41
11|40
12|40
10|42
0|33
1|32
1|31
2|31
0|33
3|36
4|35
4|34
5|34
3|36
10|43
11|42
11|41
12|41
10|43
0|144
1|143
1|142
2|142
0|144
3|147
4|146
4|145
5|145
3|147
10|154
11|153
11|152
12|152
10|154
0|145
1|144
1|143
2|143
0|145
3|148
4|147
4|146
5|146
3|148
10|155
11|154
11|153
12|153
10|155
0|163
1|162
1|161
2|161
0|163
3|166
4|165
4|164
5|164
3|166
10|173
11|172
11|171
12|171
10|173
0|164
1|163
1|162
2|162
0|164
3|167
4|166
4|165
5|165
3|167
10|174
11|173
11|172
12|172
10|174
0|144
1|143
1|142
2|142
0|144
3|147
4|146
4|145
5|145
3|147
10|154
11|153
11|152
12|152
10|154
0|145
1|144
1|143
2|143
0|145
3|148
4|147
4|146
5|146
3|148
10|155
11|154
11|153
12|153
10|155
0|290
1|289
1|288
2|288
0|290
3|293
4|292
4|291
5|291
3|293
10|300
11|299
11|298
12|298
10|300
0|291
1|290
1|289
2|289
0|291
3|294
4|293
4|292
5|292
3|294
10|301
11|300
11|299
12|299
10|301
0|76
1|75
1|74
2|74
0|76
3|79
4|78
4|77
5|77
3|79
10|86
11|85
11|84
12|84
10|86
0|77
1|76
1|75
2|75
0|77
3|80
4|79
4|78
5|78
3|80
10|87
11|86
11|85
12|85
10|87
0|213
1|212
1|211
2|211
0|213
3|216
4|215
4|214
5|214
3|216
10|223
11|222
11|221
12|221
10|223
0|214
1|213
1|212
2|212
0|214
3|217
4|216
4|215
5|215
3|217
10|224
11|223
11|222
12|222
10|224
0|20
1|19
1|18
2|18
0|20
3|23
4|22
4|21
5|21
3|23
10|30
11|29
11|28
12|28
10|30
0|21
1|20
1|19
2|19
0|21
3|24
4|23
4|22
5|22
3|24
10|31
11|30
11|29
12|29
10|31
0|166
1|165
1|164
2|164
0|166
3|169
4|168
4|167
5|167
3|169
10|176
11|175
11|174
12|174
10|176
0|167
1|166
1|165
2|165
0|167
3|170
4|169
4|168
5|168
3|170
10|177
11|176
11|175
12|175
10|177
0|278
1|277
1|276
2|276
0|278
3|281
4|280
4|279
5|279
3|281
10|288
11|287
11|286
12|286
10|288
0|279
1|278
1|277
2|277
0|279
3|282
4|281
4|280
5|280
3|282
10|289
11|288
11|287
12|287
10|289
0|308
1|307
1|306
2|306
0|308
3|311
4|310
4|309
5|309
3|311
10|318
11|317
11|316
12|316
10|318
0|309
1|308
1|307
2|307
0|309
3|312
4|311
4|310
5|310
3|312
10|319
11|318
11|317
12|317
10|319
0|307
1|306
1|305
2|305
0|307
3|310
4|309
4|308
5|308
3|310
10|317
11|316
11|315
12|315
10|317
0|308
1|307
1|306
2|306
0|308
3|311
4|310
4|309
5|309
3|311
10|318
11|317
11|316
12|316
10|318
0|181
1|180
1|179
2|179
0|181
3|184
4|183
4|182
5|182
3|184
10|191
11|190
11|189
12|189
10|191
0|182
1|181
1|180
2|180
0|182
3|185
4|184
4|183
5|183
3|185
10|192
11|191
11|190
12|190
10|192
0|232
1|231
1|230
2|230
0|232
3|235
4|234
4|233
5|233
3|235
10|242
11|241
11|240
12|240
10|242
0|233
1|232
1|231
2|231
0|233
3|236
4|235
4|234
5|234
3|236
10|243
11|242
11|241
12|241
10|243
0|91
1|90
1|89
2|89
0|91
3|94
4|93
4|92
5|92
3|94
10|101
11|100
11|99
12|99
10|101
0|92
1|91
1|90
2|90
0|92
3|95
4|94
4|93
5|93
3|95
10|102
11|101
11|100
12|100
10|102
0|80
1|79
1|78
2|78
0|80
3|83
4|82
4|81
5|81
3|83
10|90
11|89
11|88
12|88
10|90
0|81
1|80
1|79
2|79
0|81
3|84
4|83
4|82
5|82
3|84
10|91
11|90
11|89
12|89
10|91
0|79
1|78
1|77
2|77
0|79
3|82
4|81
4|80
5|80
3|82
10|89
11|88
11|87
12|87
10|89
0|80
1|79
1|78
2|78
0|80
3|83
4|82
4|81
5|81
3|83
10|90
11|89
11|88
12|88
10|90
0|102
1|101
1|100
2|100
0|102
3|105
4|104
4|103
5|103
3|105
10|112
11|111
11|110
12|110
10|112
0|103
1|102
1|101
2|101
0|103
3|106
4|105
4|104
5|104
3|106
10|113
11|112
11|111
12|111
10|113
0|258
1|257
1|256
2|256
0|258
3|261
4|260
4|259
5|259
3|261
10|268
11|267
11|266
12|266
10|268
0|259
1|258
1|257
2|257
0|259
3|262
4|261
4|260
5|260
3|262
10|269
11|268
11|267
12|267
10|269
0|260
1|259
1|258
2|258
0|260
3|263
4|262
4|261
5|261
3|263
10|270
11|269
11|268
12|268
10|270
0|261
1|260
1|259
2|259
0|261
3|264
4|263
4|262
5|262
3|264
10|271
11|270
11|269
12|269
10|271
0|240
1|239
1|238
2|238
0|240
3|243
4|242
4|241
5|241
3|243
10|250
11|249
11|248
12|248
10|250
0|241
1|240
1|239
2|239
0|241
3|244
4|243
4|242
5|242
3|244
10|251
11|250
11|249
12|249
10|251
0|233
1|232
1|231
2|231
0|233
3|236
4|235
4|234
5|234
3|236
10|243
11|242
11|241
12|241
10|243
0|234
1|233
1|232
2|232
0|234
3|237
4|236
4|235
5|235
3|237
10|244
11|243
11|242
12|242
10|244
0|247
1|246
1|245
2|245
0|247
3|250
4|249
4|248
5|248
3|250
10|257
11|256
11|255
12|255
10|257
0|248
1|247
1|246
2|246
0|248
3|251
4|250
4|249
5|249
3|251
10|258
11|257
11|256
12|256
10|258
0|270
1|269
1|268
2|268
0|270
3|273
4|272
4|271
5|271
3|273
10|280
11|279
11|278
12|278
10|280
0|271
1|270
1|269
2|269
0|271
3|274
4|273
4|272
5|272
3|274
10|281
11|280
11|279
12|279
10|281
0|8
1|7
1|6
2|6
0|8
3|11
4|10
4|9
5|9
3|11
10|18
11|17
11|16
12|16
10|18
0|9
1|8
1|7
2|7
0|9
3|12
4|11
4|10
5|10
3|12
10|19
11|18
11|17
12|17
10|19
0|207
1|206
1|205
2|205
0|207
3|210
4|209
4|208
5|208
3|210
10|217
11|216
11|215
12|215
10|217
0|208
1|207
1|206
2|206
0|208
3|211
4|210
4|209
5|209
3|211
10|218
11|217
11|216
12|216
10|218
0|150
1|149
1|148
2|148
0|150
3|153
4|152
4|151
5|151
3|153
10|160
11|159
11|158
12|158
10|160
0|151
1|150
1|149
2|149
0|151
3|154
4|153
4|152
5|152
3|154
10|161
11|160
11|159
12|159
10|161
0|128
1|127
1|126
2|126
0|128
3|131
4|130
4|129
5|129
3|131
10|138
11|137
11|136
12|136
10|138
0|129
1|128
1|127
2|127
0|129
3|132
4|131
4|130
5|130
3|132
10|139
11|138
11|137
12|137
10|139
0|259
1|258
1|257
2|257
0|259
3|262
4|261
4|260
5|260
3|262
10|269
11|268
11|267
12|267
10|269
0|260
1|259
1|258
2|258
0|260
3|263
4|262
4|261
5|261
3|263
10|270
11|269
11|268
12|268
10|270
0|44
1|43
1|42
2|42
0|44
3|47
4|46
4|45
5|45
3|47
10|54
11|53
11|52
12|52
10|54
0|45
1|44
1|43
2|43
0|45
3|48
4|47
4|46
5|46
3|48
10|55
11|54
11|53
12|53
10|55
0|268
1|267
1|266
2|266
0|268
3|271
4|270
4|269
5|269
3|271
10|278
11|277
11|276
12|276
10|278
0|269
1|268
1|267
2|267
0|269
3|272
4|271
4|270
5|270
3|272
10|279
11|278
11|277
12|277
10|279
0|3
1|2
1|1
0|3
0|3
3|6
4|5
4|4
3|6
3|6
10|13
11|12
11|11
10|13
10|13
0|4
1|3
1|2
2|2
0|4
3|7
4|6
4|5
5|5
3|7
10|14
11|13
11|12
12|12
10|14
0|199
1|198
1|197
2|197
0|199
3|202
4|201
4|200
5|200
3|202
10|209
11|208
11|207
12|207
10|209
0|200
1|199
1|198
2|198
0|200
3|203
4|202
4|201
5|201
3|203
10|210
11|209
11|208
12|208
10|210
0|19
1|18
1|17
2|17
0|19
3|22
4|21
4|20
5|20
3|22
10|29
11|28
11|27
12|27
10|29
0|20
1|19
1|18
2|18
0|20
3|23
4|22
4|21
5|21
3|23
10|30
11|29
11|28
12|28
10|30
0|231
1|230
1|229
2|229
0|231
3|234
4|233
4|232
5|232
3|234
10|241
11|240
11|239
12|239
10|241
0|232
1|231
1|230
2|230
0|232
3|235
4|234
4|233
5|233
3|235
10|242
11|241
11|240
12|240
10|242
0|191
1|190
1|189
2|189
0|191
3|194
4|193
4|192
5|192
3|194
10|201
11|200
11|199
12|199
10|201
0|192
1|191
1|190
2|190
0|192
3|195
4|194
4|193
5|193
3|195
10|202
11|201
11|200
12|200
10|202
0|194
1|193
1|192
2|192
0|194
3|197
4|196
4|195
5|195
3|197
10|204
11|203
11|202
12|202
10|204
0|195
1|194
1|193
2|193
0|195
3|198
4|197
4|196
5|196
3|198
10|205
11|204
11|203
12|203
10|205
0|213
1|212
1|211
2|211
0|213
3|216
4|215
4|214
5|214
3|216
10|223
11|222
11|221
12|221
10|223
0|214
1|213
1|212
2|212
0|214
3|217
4|216
4|215
5|215
3|217
10|224
11|223
11|222
12|222
10|224
0|269
1|268
1|267
2|267
0|269
3|272
4|271
4|270
5|270
3|272
10|279
11|278
11|277
12|277
10|279
0|270
1|269
1|268
2|268
0|270
3|273
4|272
4|271
5|271
3|273
10|280
11|279
11|278
12|278
10|280
0|229
1|228
1|227
2|227
0|229
3|232
4|231
4|230
5|230
3|232
10|239
11|238
11|237
12|237
10|239
0|230
1|229
1|228
2|228
0|230
3|233
4|232
4|231
5|231
3|233
10|240
11|239
11|238
12|238
10|240
0|124
1|123
1|122
2|122
0|124
3|127
4|126
4|125
5|125
3|127
10|134
11|133
11|132
12|132
10|134
0|125
1|124
1|123
2|123
0|125
3|128
4|127
4|126
5|126
3|128
10|135
11|134
11|133
12|133
10|135
0|156
1|155
1|154
2|154
0|156
3|159
4|158
4|157
5|157
3|159
10|166
11|165
11|164
12|164
10|166
0|157
1|156
1|155
2|155
0|157
3|160
4|159
4|158
5|158
3|160
10|167
11|166
11|165
12|165
10|167
0|78
1|77
1|76
2|76
0|78
3|81
4|80
4|79
5|79
3|81
10|88
11|87
11|86
12|86
10|88
0|79
1|78
1|77
2|77
0|79
3|82
4|81
4|80
5|80
3|82
10|89
11|88
11|87
12|87
10|89
0|276
1|275
1|274
2|274
0|276
3|279
4|278
4|277
5|277
3|279
10|286
11|285
11|284
12|284
10|286
0|277
1|276
1|275
2|275
0|277
3|280
4|279
4|278
5|278
3|280
10|287
11|286
11|285
12|285
10|287
0|12
1|11
1|10
2|10
0|12
3|15
4|14
4|13
5|13
3|15
10|22
11|21
11|20
12|20
10|22
0|13
1|12
1|11
2|11
0|13
3|16
4|15
4|14
5|14
3|16
10|23
11|22
11|21
12|21
10|23
0|171
1|170
1|169
2|169
0|171
3|174
4|173
4|172
5|172
3|174
10|181
11|180
11|179
12|179
10|181
0|172
1|171
1|170
2|170
0|172
3|175
4|174
4|173
5|173
3|175
10|182
11|181
11|180
12|180
10|182
0|95
1|94
1|93
2|93
0|95
3|98
4|97
4|96
5|96
3|98
10|105
11|104
11|103
12|103
10|105
0|96
1|95
1|94
2|94
0|96
3|99
4|98
4|97
5|97
3|99
10|106
11|105
11|104
12|104
10|106
0|231
1|230
1|229
2|229
0|231
3|234
4|233
4|232
5|232
3|234
10|241
11|240
11|239
12|239
10|241
0|232
1|231
1|230
2|230
0|232
3|235
4|234
4|233
5|233
3|235
10|242
11|241
11|240
12|240
10|242
0|188
1|187
1|186
2|186
0|188
3|191
4|190
4|189
5|189
3|191
10|198
11|197
11|196
12|196
10|198
0|189
1|188
1|187
2|187
0|189
3|192
4|191
4|190
5|190
3|192
10|199
11|198
11|197
12|197
10|199
0|35
1|34
1|33
2|33
0|35
3|38
4|37
4|36
5|36
3|38
10|45
11|44
11|43
12|43
10|45
0|36
1|35
1|34
2|34
0|36
3|39
4|38
4|37
5|37
3|39
10|46
11|45
11|44
12|44
10|46
0|59
1|58
1|57
2|57
0|59
3|62
4|61
4|60
5|60
3|62
10|69
11|68
11|67
12|67
10|69
0|60
1|59
1|58
2|58
0|60
3|63
4|62
4|61
5|61
3|63
10|70
11|69
11|68
12|68
10|70
0|76
1|75
1|74
2|74
0|76
3|79
4|78
4|77
5|77
3|79
10|86
11|85
11|84
12|84
10|86
0|77
1|76
1|75
2|75
0|77
3|80
4|79
4|78
5|78
3|80
10|87
11|86
11|85
12|85
10|87
0|210
1|209
1|208
2|208
0|210
3|213
4|212
4|211
5|211
3|213
10|220
11|219
11|218
12|218
10|220
0|211
1|210
1|209
2|209
0|211
3|214
4|213
4|212
5|212
3|214
10|221
11|220
11|219
12|219
10|221
0|161
1|160
1|159
2|159
0|161
3|164
4|163
4|162
5|162
3|164
10|171
11|170
11|169
12|169
10|171
0|162
1|161
1|160
2|160
0|162
3|165
4|164
4|163
5|163
3|165
10|172
11|171
11|170
12|170
10|172
0|79
1|78
1|77
2|77
0|79
3|82
4|81
4|80
5|80
3|82
10|89
11|88
11|87
12|87
10|89
0|80
1|79
1|78
2|78
0|80
3|83
4|82
4|81
5|81
3|83
10|90
11|89
11|88
12|88
10|90
0|11
1|10
1|9
2|9
0|11
3|14
4|13
4|12
5|12
3|14
10|21
11|20
11|19
12|19
10|21
0|12
1|11
1|10
2|10
0|12
3|15
4|14
4|13
5|13
3|15
10|22
11|21
11|20
12|20
10|22
0|37
1|36
1|35
2|35
0|37
3|40
4|39
4|38
5|38
3|40
10|47
11|46
11|45
12|45
10|47
0|38
1|37
1|36
2|36
0|38
3|41
4|40
4|39
5|39
3|41
10|48
11|47
11|46
12|46
10|48
0|78
1|77
1|76
2|76
0|78
3|81
4|80
4|79
5|79
3|81
10|88
11|87
11|86
12|86
10|88
0|79
1|78
1|77
2|77
0|79
3|82
4|81
4|80
5|80
3|82
10|89
11|88
11|87
12|87
10|89
0|136
1|135
1|134
2|134
0|136
3|139
4|138
4|137
5|137
3|139
10|146
11|145
11|144
12|144
10|146
0|137
1|136
1|135
2|135
0|137
3|140
4|139
4|138
5|138
3|140
10|147
11|146
11|145
12|145
10|147
0|252
1|251
1|250
2|250
0|252
3|255
4|254
4|253
5|253
3|255
10|262
11|261
11|260
12|260
10|262
0|253
1|252
1|251
2|251
0|253
3|256
4|255
4|254
5|254
3|256
10|263
11|262
11|261
12|261
10|263
0|233
1|232
1|231
2|231
0|233
3|236
4|235
4|234
5|234
3|236
10|243
11|242
11|241
12|241
10|243
0|234
1|233
1|232
2|232
0|234
3|237
4|236
4|235
5|235
3|237
10|244
11|243
11|242
12|242
10|244
0|192
1|191
1|190
2|190
0|192
3|195
4|194
4|193
5|193
3|195
10|202
11|201
11|200
12|200
10|202
0|193
1|192
1|191
2|191
0|193
3|196
4|195
4|194
5|194
3|196
10|203
11|202
11|201
12|201
10|203
0|122
1|121
1|120
2|120
0|122
3|125
4|124
4|123
5|123
3|125
10|132
11|131
11|130
12|130
10|132
0|123
1|122
1|121
2|121
0|123
3|126
4|125
4|124
5|124
3|126
10|133
11|132
11|131
12|131
10|133
0|54
1|53
1|52
2|52
0|54
3|57
4|56
4|55
5|55
3|57
10|64
11|63
11|62
12|62
10|64
0|55
1|54
1|53
2|53
0|55
3|58
4|57
4|56
5|56
3|58
10|65
11|64
11|63
12|63
10|65
0|255
1|254
1|253
2|253
0|255
3|258
4|257
4|256
5|256
3|258
10|265
11|264
11|263
12|263
10|265
0|256
1|255
1|254
2|254
0|256
3|259
4|258
4|257
5|257
3|259
10|266
11|265
11|264
12|264
10|266
0|39
1|38
1|37
2|37
0|39
3|42
4|41
4|40
5|40
3|42
10|49
11|48
11|47
12|47
10|49
0|40
1|39
1|38
2|38
0|40
3|43
4|42
4|41
5|41
3|43
10|50
11|49
11|48
12|48
10|50
0|199
1|198
1|197
2|197
0|199
3|202
4|201
4|200
5|200
3|202
10|209
11|208
11|207
12|207
10|209
0|200
1|199
1|198
2|198
0|200
3|203
4|202
4|201
5|201
3|203
10|210
11|209
11|208
12|208
10|210
0|141
1|140
1|139
2|139
0|141
3|144
4|143
4|142
5|142
3|144
10|151
11|150
11|149
12|149
10|151
0|142
1|141
1|140
2|140
0|142
3|145
4|144
4|143
5|143
3|145
10|152
11|151
11|150
12|150
10|152
0|299
1|298
1|297
2|297
0|299
3|302
4|301
4|300
5|300
3|302
10|309
11|308
11|307
12|307
10|309
0|300
1|299
1|298
2|298
0|300
3|303
4|302
4|301
5|301
3|303
10|310
11|309
11|308
12|308
10|310
0|242
1|241
1|240
2|240
0|242
3|245
4|244
4|243
5|243
3|245
10|252
11|251
11|250
12|250
10|252
0|243
1|242
1|241
2|241
0|243
3|246
4|245
4|244
5|244
3|246
10|253
11|252
11|251
12|251
10|253
0|307
1|306
1|305
2|305
0|307
3|310
4|309
4|308
5|308
3|310
10|317
11|316
11|315
12|315
10|317
0|308
1|307
1|306
2|306
0|308
3|311
4|310
4|309
5|309
3|311
10|318
11|317
11|316
12|316
10|318
0|60
1|59
1|58
2|58
0|60
3|63
4|62
4|61
5|61
3|63
10|70
11|69
11|68
12|68
10|70
0|61
1|60
1|59
2|59
0|61
3|64
4|63
4|62
5|62
3|64
10|71
11|70
11|69
12|69
10|71
0|228
1|227
1|226
2|226
0|228
3|231
4|230
4|229
5|229
3|231
10|238
11|237
11|236
12|236
10|238
0|229
1|228
1|227
2|227
0|229
3|232
4|231
4|230
5|230
3|232
10|239
11|238
11|237
12|237
10|239
0|109
1|108
1|107
2|107
0|109
3|112
4|111
4|110
5|110
3|112
10|119
11|118
11|117
12|117
10|119
0|110
1|109
1|108
2|108
0|110
3|113
4|112
4|111
5|111
3|113
10|120
11|119
11|118
12|118
10|120
0|107
1|106
1|105
2|105
0|107
3|110
4|109
4|108
5|108
3|110
10|117
11|116
11|115
12|115
10|117
0|108
1|107
1|106
2|106
0|108
3|111
4|110
4|109
5|109
3|111
10|118
11|117
11|116
12|116
10|118
0|200
1|199
1|198
2|198
0|200
3|203
4|202
4|201
5|201
3|203
10|210
11|209
11|208
12|208
10|210
0|201
1|200
1|199
2|199
0|201
3|204
4|203
4|202
5|202
3|204
10|211
11|210
11|209
12|209
10|211
0|8
1|7
1|6
2|6
0|8
3|11
4|10
4|9
5|9
3|11
10|18
11|17
11|16
12|16
10|18
0|9
1|8
1|7
2|7
0|9
3|12
4|11
4|10
5|10
3|12
10|19
11|18
11|17
12|17
10|19
0|201
1|200
1|199
2|199
0|201
3|204
4|203
4|202
5|202
3|204
10|211
11|210
11|209
12|209
10|211
0|202
1|201
1|200
2|200
0|202
3|205
4|204
4|203
5|203
3|205
10|212
11|211
11|210
12|210
10|212
0|265
1|264
1|263
2|263
0|265
3|268
4|267
4|266
5|266
3|268
10|275
11|274
11|273
12|273
10|275
0|266
1|265
1|264
2|264
0|266
3|269
4|268
4|267
5|267
3|269
10|276
11|275
11|274
12|274
10|276
0|43
1|42
1|41
2|41
0|43
3|46
4|45
4|44
5|44
3|46
10|53
11|52
11|51
12|51
10|53
0|44
1|43
1|42
2|42
0|44
3|47
4|46
4|45
5|45
3|47
10|54
11|53
11|52
12|52
10|54
0|42
1|41
1|40
2|40
0|42
3|45
4|44
4|43
5|43
3|45
10|52
11|51
11|50
12|50
10|52
0|43
1|42
1|41
2|41
0|43
3|46
4|45
4|44
5|44
3|46
10|53
11|52
11|51
12|51
10|53
0|77
1|76
1|75
2|75
0|77
3|80
4|79
4|78
5|78
3|80
10|87
11|86
11|85
12|85
10|87
0|78
1|77
1|76
2|76
0|78
3|81
4|80
4|79
5|79
3|81
10|88
11|87
11|86
12|86
10|88
0|1
0|1
0|1
0|1
0|1
3|4
3|4
3|4
3|4
3|4
10|11
10|11
10|11
10|11
10|11
0|2
1|1
0|2
0|2
0|2
3|5
4|4
3|5
3|5
3|5
10|12
11|11
10|12
10|12
10|12
0|17
1|16
1|15
2|15
0|17
3|20
4|19
4|18
5|18
3|20
10|27
11|26
11|25
12|25
10|27
0|18
1|17
1|16
2|16
0|18
3|21
4|20
4|19
5|19
3|21
10|28
11|27
11|26
12|26
10|28
0|109
1|108
1|107
2|107
0|109
3|112
4|111
4|110
5|110
3|112
10|119
11|118
11|117
12|117
10|119
0|110
1|109
1|108
2|108
0|110
3|113
4|112
4|111
5|111
3|113
10|120
11|119
11|118
12|118
10|120
0|125
1|124
1|123
2|123
0|125
3|128
4|127
4|126
5|126
3|128
10|135
11|134
11|133
12|133
10|135
0|126
1|125
1|124
2|124
0|126
3|129
4|128
4|127
5|127
3|129
10|136
11|135
11|134
12|134
10|136
0|232
1|231
1|230
2|230
0|232
3|235
4|234
4|233
5|233
3|235
10|242
11|241
11|240
12|240
10|242
0|233
1|232
1|231
2|231
0|233
3|236
4|235
4|234
5|234
3|236
10|243
11|242
11|241
12|241
10|243
0|218
1|217
1|216
2|216
0|218
3|221
4|220
4|219
5|219
3|221
10|228
11|227
11|226
12|226
10|228
0|219
1|218
1|217
2|217
0|219
3|222
4|221
4|220
5|220
3|222
10|229
11|228
11|227
12|227
10|229
0|172
1|171
1|170
2|170
0|172
3|175
4|174
4|173
5|173
3|175
10|182
11|181
11|180
12|180
10|182
0|173
1|172
1|171
2|171
0|173
3|176
4|175
4|174
5|174
3|176
10|183
11|182
11|181
12|181
10|183
0|265
1|264
1|263
2|263
0|265
3|268
4|267
4|266
5|266
3|268
10|275
11|274
11|273
12|273
10|275
0|266
1|265
1|264
2|264
0|266
3|269
4|268
4|267
5|267
3|269
10|276
11|275
11|274
12|274
10|276
0|48
1|47
1|46
2|46
0|48
3|51
4|50
4|49
5|49
3|51
10|58
11|57
11|56
12|56
10|58
0|49
1|48
1|47
2|47
0|49
3|52
4|51
4|50
5|50
3|52
10|59
11|58
11|57
12|57
10|59
0|161
1|160
1|159
2|159
0|161
3|164
4|163
4|162
5|162
3|164
10|171
11|170
11|169
12|169
10|171
0|162
1|161
1|160
2|160
0|162
3|165
4|164
4|163
5|163
3|165
10|172
11|171
11|170
12|170
10|172
0|231
1|230
1|229
2|229
0|231
3|234
4|233
4|232
5|232
3|234
10|241
11|240
11|239
12|239
10|241
0|232
1|231
1|230
2|230
0|232
3|235
4|234
4|233
5|233
3|235
10|242
11|241
11|240
12|240
10|242
0|262
1|261
1|260
2|260
0|262
3|265
4|264
4|263
5|263
3|265
10|272
11|271
11|270
12|270
10|272
0|263
1|262
1|261
2|261
0|263
3|266
4|265
4|264
5|264
3|266
10|273
11|272
11|271
12|271
10|273
0|250
1|249
1|248
2|248
0|250
3|253
4|252
4|251
5|251
3|253
10|260
11|259
11|258
12|258
10|260
0|251
1|250
1|249
2|249
0|251
3|254
4|253
4|252
5|252
3|254
10|261
11|260
11|259
12|259
10|261
0|91
1|90
1|89
2|89
0|91
3|94
4|93
4|92
5|92
3|94
10|101
11|100
11|99
12|99
10|101
0|92
1|91
1|90
2|90
0|92
3|95
4|94
4|93
5|93
3|95
10|102
11|101
11|100
12|100
10|102
0|173
1|172
1|171
2|171
0|173
3|176
4|175
4|174
5|174
3|176
10|183
11|182
11|181
12|181
10|183
0|174
1|173
1|172
2|172
0|174
3|177
4|176
4|175
5|175
3|177
10|184
11|183
11|182
12|182
10|184
0|170
1|169
1|168
2|168
0|170
3|173
4|172
4|171
5|171
3|173
10|180
11|179
11|178
12|178
10|180
0|171
1|170
1|169
2|169
0|171
3|174
4|173
4|172
5|172
3|174
10|181
11|180
11|179
12|179
10|181
0|87
1|86
1|85
2|85
0|87
3|90
4|89
4|88
5|88
3|90
10|97
11|96
11|95
12|95
10|97
0|88
1|87
1|86
2|86
0|88
3|91
4|90
4|89
5|89
3|91
10|98
11|97
11|96
12|96
10|98
0|291
1|290
1|289
2|289
0|291
3|294
4|293
4|292
5|292
3|294
10|301
11|300
11|299
12|299
10|301
0|292
1|291
1|290
2|290
0|292
3|295
4|294
4|293
5|293
3|295
10|302
11|301
11|300
12|300
10|302
0|59
1|58
1|57
2|57
0|59
3|62
4|61
4|60
5|60
3|62
10|69
11|68
11|67
12|67
10|69
0|60
1|59
1|58
2|58
0|60
3|63
4|62
4|61
5|61
3|63
10|70
11|69
11|68
12|68
10|70
0|76
1|75
1|74
2|74
0|76
3|79
4|78
4|77
5|77
3|79
10|86
11|85
11|84
12|84
10|86
0|77
1|76
1|75
2|75
0|77
3|80
4|79
4|78
5|78
3|80
10|87
11|86
11|85
12|85
10|87
0|234
1|233
1|232
2|232
0|234
3|237
4|236
4|235
5|235
3|237
10|244
11|243
11|242
12|242
10|244
0|235
1|234
1|233
2|233
0|235
3|238
4|237
4|236
5|236
3|238
10|245
11|244
11|243
12|243
10|245
0|298
1|297
1|296
2|296
0|298
3|301
4|300
4|299
5|299
3|301
10|308
11|307
11|306
12|306
10|308
0|299
1|298
1|297
2|297
0|299
3|302
4|301
4|300
5|300
3|302
10|309
11|308
11|307
12|307
10|309
0|27
1|26
1|25
2|25
0|27
3|30
4|29
4|28
5|28
3|30
10|37
11|36
11|35
12|35
10|37
0|28
1|27
1|26
2|26
0|28
3|31
4|30
4|29
5|29
3|31
10|38
11|37
11|36
12|36
10|38
0|295
1|294
1|293
2|293
0|295
3|298
4|297
4|296
5|296
3|298
10|305
11|304
11|303
12|303
10|305
0|296
1|295
1|294
2|294
0|296
3|299
4|298
4|297
5|297
3|299
10|306
11|305
11|304
12|304
10|306
0|10
1|9
1|8
2|8
0|10
3|13
4|12
4|11
5|11
3|13
10|20
11|19
11|18
12|18
10|20
0|11
1|10
1|9
2|9
0|11
3|14
4|13
4|12
5|12
3|14
10|21
11|20
11|19
12|19
10|21
0|117
1|116
1|115
2|115
0|117
3|120
4|119
4|118
5|118
3|120
10|127
11|126
11|125
12|125
10|127
0|118
1|117
1|116
2|116
0|118
3|121
4|120
4|119
5|119
3|121
10|128
11|127
11|126
12|126
10|128
0|40
1|39
1|38
2|38
0|40
3|43
4|42
4|41
5|41
3|43
10|50
11|49
11|48
12|48
10|50
0|41
1|40
1|39
2|39
0|41
3|44
4|43
4|42
5|42
3|44
10|51
11|50
11|49
12|49
10|51
0|68
1|67
1|66
2|66
0|68
3|71
4|70
4|69
5|69
3|71
10|78
11|77
11|76
12|76
10|78
0|69
1|68
1|67
2|67
0|69
3|72
4|71
4|70
5|70
3|72
10|79
11|78
11|77
12|77
10|79
0|60
1|59
1|58
2|58
0|60
3|63
4|62
4|61
5|61
3|63
10|70
11|69
11|68
12|68
10|70
0|61
1|60
1|59
2|59
0|61
3|64
4|63
4|62
5|62
3|64
10|71
11|70
11|69
12|69
10|71
0|93
1|92
1|91
2|91
0|93
3|96
4|95
4|94
5|94
3|96
10|103
11|102
11|101
12|101
10|103
0|94
1|93
1|92
2|92
0|94
3|97
4|96
4|95
5|95
3|97
10|104
11|103
11|102
12|102
10|104
0|281
1|280
1|279
2|279
0|281
3|284
4|283
4|282
5|282
3|284
10|291
11|290
11|289
12|289
10|291
0|282
1|281
1|280
2|280
0|282
3|285
4|284
4|283
5|283
3|285
10|292
11|291
11|290
12|290
10|292
0|20
1|19
1|18
2|18
0|20
3|23
4|22
4|21
5|21
3|23
10|30
11|29
11|28
12|28
10|30
0|21
1|20
1|19
2|19
0|21
3|24
4|23
4|22
5|22
3|24
10|31
11|30
11|29
12|29
10|31
0|59
1|58
1|57
2|57
0|59
3|62
4|61
4|60
5|60
3|62
10|69
11|68
11|67
12|67
10|69
0|60
1|59
1|58
2|58
0|60
3|63
4|62
4|61
5|61
3|63
10|70
11|69
11|68
12|68
10|70
0|51
1|50
1|49
2|49
0|51
3|54
4|53
4|52
5|52
3|54
10|61
11|60
11|59
12|59
10|61
0|52
1|51
1|50
2|50
0|52
3|55
4|54
4|53
5|53
3|55
10|62
11|61
11|60
12|60
10|62
0|124
1|123
1|122
2|122
0|124
3|127
4|126
4|125
5|125
3|127
10|134
11|133
11|132
12|132
10|134
0|125
1|124
1|123
2|123
0|125
3|128
4|127
4|126
5|126
3|128
10|135
11|134
11|133
12|133
10|135
0|211
1|210
1|209
2|209
0|211
3|214
4|213
4|212
5|212
3|214
10|221
11|220
11|219
12|219
10|221
0|212
1|211
1|210
2|210
0|212
3|215
4|214
4|213
5|213
3|215
10|222
11|221
11|220
12|220
10|222
0|300
1|299
1|298
2|298
0|300
3|303
4|302
4|301
5|301
3|303
10|310
11|309
11|308
12|308
10|310
0|301
1|300
1|299
2|299
0|301
3|304
4|303
4|302
5|302
3|304
10|311
11|310
11|309
12|309
10|311
0|62
1|61
1|60
2|60
0|62
3|65
4|64
4|63
5|63
3|65
10|72
11|71
11|70
12|70
10|72
0|63
1|62
1|61
2|61
0|63
3|66
4|65
4|64
5|64
3|66
10|73
11|72
11|71
12|71
10|73
0|83
1|82
1|81
2|81
0|83
3|86
4|85
4|84
5|84
3|86
10|93
11|92
11|91
12|91
10|93
0|84
1|83
1|82
2|82
0|84
3|87
4|86
4|85
5|85
3|87
10|94
11|93
11|92
12|92
10|94
0|202
1|201
1|200
2|200
0|202
3|205
4|204
4|203
5|203
3|205
10|212
11|211
11|210
12|210
10|212
0|203
1|202
1|201
2|201
0|203
3|206
4|205
4|204
5|204
3|206
10|213
11|212
11|211
12|211
10|213
0|33
1|32
1|31
2|31
0|33
3|36
4|35
4|34
5|34
3|36
10|43
11|42
11|41
12|41
10|43
0|34
1|33
1|32
2|32
0|34
3|37
4|36
4|35
5|35
3|37
10|44
11|43
11|42
12|42
10|44
0|221
1|220
1|219
2|219
0|221
3|224
4|223
4|222
5|222
3|224
10|231
11|230
11|229
12|229
10|231
0|222
1|221
1|220
2|220
0|222
3|225
4|224
4|223
5|223
3|225
10|232
11|231
11|230
12|230
10|232
0|242
1|241
1|240
2|240
0|242
3|245
4|244
4|243
5|243
3|245
10|252
11|251
11|250
12|250
10|252
0|243
1|242
1|241
2|241
0|243
3|246
4|245
4|244
5|244
3|246
10|253
11|252
11|251
12|251
10|253
0|9
1|8
1|7
2|7
0|9
3|12
4|11
4|10
5|10
3|12
10|19
11|18
11|17
12|17
10|19
0|10
1|9
1|8
2|8
0|10
3|13
4|12
4|11
5|11
3|13
10|20
11|19
11|18
12|18
10|20
0|13
1|12
1|11
2|11
0|13
3|16
4|15
4|14
5|14
3|16
10|23
11|22
11|21
12|21
10|23
0|14
1|13
1|12
2|12
0|14
3|17
4|16
4|15
5|15
3|17
10|24
11|23
11|22
12|22
10|24
0|200
1|199
1|198
2|198
0|200
3|203
4|202
4|201
5|201
3|203
10|210
11|209
11|208
12|208
10|210
0|201
1|200
1|199
2|199
0|201
3|204
4|203
4|202
5|202
3|204
10|211
11|210
11|209
12|209
10|211
0|68
1|67
1|66
2|66
0|68
3|71
4|70
4|69
5|69
3|71
10|78
11|77
11|76
12|76
10|78
0|69
1|68
1|67
2|67
0|69
3|72
4|71
4|70
5|70
3|72
10|79
11|78
11|77
12|77
10|79
0|114
1|113
1|112
2|112
0|114
3|117
4|116
4|115
5|115
3|117
10|124
11|123
11|122
12|122
10|124
0|115
1|114
1|113
2|113
0|115
3|118
4|117
4|116
5|116
3|118
10|125
11|124
11|123
12|123
10|125
0|134
1|133
1|132
2|132
0|134
3|137
4|136
4|135
5|135
3|137
10|144
11|143
11|142
12|142
10|144
0|135
1|134
1|133
2|133
0|135
3|138
4|137
4|136
5|136
3|138
10|145
11|144
11|143
12|143
10|145
0|23
1|22
1|21
2|21
0|23
3|26
4|25
4|24
5|24
3|26
10|33
11|32
11|31
12|31
10|33
0|24
1|23
1|22
2|22
0|24
3|27
4|26
4|25
5|25
3|27
10|34
11|33
11|32
12|32
10|34
0|134
1|133
1|132
2|132
0|134
3|137
4|136
4|135
5|135
3|137
10|144
11|143
11|142
12|142
10|144
0|135
1|134
1|133
2|133
0|135
3|138
4|137
4|136
5|136
3|138
10|145
11|144
11|143
12|143
10|145
0|176
1|175
1|174
2|174
0|176
3|179
4|178
4|177
5|177
3|179
10|186
11|185
11|184
12|184
10|186
0|177
1|176
1|175
2|175
0|177
3|180
4|179
4|178
5|178
3|180
10|187
11|186
11|185
12|185
10|187
0|302
1|301
1|300
2|300
0|302
3|305
4|304
4|303
5|303
3|305
10|312
11|311
11|310
12|310
10|312
0|303
1|302
1|301
2|301
0|303
3|306
4|305
4|304
5|304
3|306
10|313
11|312
11|311
12|311
10|313
0|84
1|83
1|82
2|82
0|84
3|87
4|86
4|85
5|85
3|87
10|94
11|93
11|92
12|92
10|94
0|85
1|84
1|83
2|83
0|85
3|88
4|87
4|86
5|86
3|88
10|95
11|94
11|93
12|93
10|95
0|236
1|235
1|234
2|234
0|236
3|239
4|238
4|237
5|237
3|239
10|246
11|245
11|244
12|244
10|246
0|237
1|236
1|235
2|235
0|237
3|240
4|239
4|238
5|238
3|240
10|247
11|246
11|245
12|245
10|247
0|227
1|226
1|225
2|225
0|227
3|230
4|229
4|228
5|228
3|230
10|237
11|236
11|235
12|235
10|237
0|228
1|227
1|226
2|226
0|228
3|231
4|230
4|229
5|229
3|231
10|238
11|237
11|236
12|236
10|238
0|293
1|292
1|291
2|291
0|293
3|296
4|295
4|294
5|294
3|296
10|303
11|302
11|301
12|301
10|303
0|294
1|293
1|292
2|292
0|294
3|297
4|296
4|295
5|295
3|297
10|304
11|303
11|302
12|302
10|304
0|89
1|88
1|87
2|87
0|89
3|92
4|91
4|90
5|90
3|92
10|99
11|98
11|97
12|97
10|99
0|90
1|89
1|88
2|88
0|90
3|93
4|92
4|91
5|91
3|93
10|100
11|99
11|98
12|98
10|100
0|103
1|102
1|101
2|101
0|103
3|106
4|105
4|104
5|104
3|106
10|113
11|112
11|111
12|111
10|113
0|104
1|103
1|102
2|102
0|104
3|107
4|106
4|105
5|105
3|107
10|114
11|113
11|112
12|112
10|114
0|186
1|185
1|184
2|184
0|186
3|189
4|188
4|187
5|187
3|189
10|196
11|195
11|194
12|194
10|196
0|187
1|186
1|185
2|185
0|187
3|190
4|189
4|188
5|188
3|190
10|197
11|196
11|195
12|195
10|197
0|257
1|256
1|255
2|255
0|257
3|260
4|259
4|258
5|258
3|260
10|267
11|266
11|265
12|265
10|267
0|258
1|257
1|256
2|256
0|258
3|261
4|260
4|259
5|259
3|261
10|268
11|267
11|266
12|266
10|268
0|72
1|71
1|70
2|70
0|72
3|75
4|74
4|73
5|73
3|75
10|82
11|81
11|80
12|80
10|82
0|73
1|72
1|71
2|71
0|73
3|76
4|75
4|74
5|74
3|76
10|83
11|82
11|81
12|81
10|83
0|132
1|131
1|130
2|130
0|132
3|135
4|134
4|133
5|133
3|135
10|142
11|141
11|140
12|140
10|142
0|133
1|132
1|131
2|131
0|133
3|136
4|135
4|134
5|134
3|136
10|143
11|142
11|141
12|141
10|143
0|244
1|243
1|242
2|242
0|244
3|247
4|246
4|245
5|245
3|247
10|254
11|253
11|252
12|252
10|254
0|245
1|244
1|243
2|243
0|245
3|248
4|247
4|246
5|246
3|248
10|255
11|254
11|253
12|253
10|255
0|142
1|141
1|140
2|140
0|142
3|145
4|144
4|143
5|143
3|145
10|152
11|151
11|150
12|150
10|152
0|143
1|142
1|141
2|141
0|143
3|146
4|145
4|144
5|144
3|146
10|153
11|152
11|151
12|151
10|153
0|143
1|142
1|141
2|141
0|143
3|146
4|145
4|144
5|144
3|146
10|153
11|152
11|151
12|151
10|153
0|144
1|143
1|142
2|142
0|144
3|147
4|146
4|145
5|145
3|147
10|154
11|153
11|152
12|152
10|154
0|239
1|238
1|237
2|237
0|239
3|242
4|241
4|240
5|240
3|242
10|249
11|248
11|247
12|247
10|249
0|240
1|239
1|238
2|238
0|240
3|243
4|242
4|241
5|241
3|243
10|250
11|249
11|248
12|248
10|250
0|13
1|12
1|11
2|11
0|13
3|16
4|15
4|14
5|14
3|16
10|23
11|22
11|21
12|21
10|23
0|14
1|13
1|12
2|12
0|14
3|17
4|16
4|15
5|15
3|17
10|24
11|23
11|22
12|22
10|24
0|142
1|141
1|140
2|140
0|142
3|145
4|144
4|143
5|143
3|145
10|152
11|151
11|150
12|150
10|152
0|143
1|142
1|141
2|141
0|143
3|146
4|145
4|144
5|144
3|146
10|153
11|152
11|151
12|151
10|153
0|277
1|276
1|275
2|275
0|277
3|280
4|279
4|278
5|278
3|280
10|287
11|286
11|285
12|285
10|287
0|278
1|277
1|276
2|276
0|278
3|281
4|280
4|279
5|279
3|281
10|288
11|287
11|286
12|286
10|288
0|58
1|57
1|56
2|56
0|58
3|61
4|60
4|59
5|59
3|61
10|68
11|67
11|66
12|66
10|68
0|59
1|58
1|57
2|57
0|59
3|62
4|61
4|60
5|60
3|62
10|69
11|68
11|67
12|67
10|69
0|204
1|203
1|202
2|202
0|204
3|207
4|206
4|205
5|205
3|207
10|214
11|213
11|212
12|212
10|214
0|205
1|204
1|203
2|203
0|205
3|208
4|207
4|206
5|206
3|208
10|215
11|214
11|213
12|213
10|215
0|282
1|281
1|280
2|280
0|282
3|285
4|284
4|283
5|283
3|285
10|292
11|291
11|290
12|290
10|292
0|283
1|282
1|281
2|281
0|283
3|286
4|285
4|284
5|284
3|286
10|293
11|292
11|291
12|291
10|293
0|226
1|225
1|224
2|224
0|226
3|229
4|228
4|227
5|227
3|229
10|236
11|235
11|234
12|234
10|236
0|227
1|226
1|225
2|225
0|227
3|230
4|229
4|228
5|228
3|230
10|237
11|236
11|235
12|235
10|237
0|218
1|217
1|216
2|216
0|218
3|221
4|220
4|219
5|219
3|221
10|228
11|227
11|226
12|226
10|228
0|219
1|218
1|217
2|217
0|219
3|222
4|221
4|220
5|220
3|222
10|229
11|228
11|227
12|227
10|229
0|160
1|159
1|158
2|158
0|160
3|163
4|162
4|161
5|161
3|163
10|170
11|169
11|168
12|168
10|170
0|161
1|160
1|159
2|159
0|161
3|164
4|163
4|162
5|162
3|164
10|171
11|170
11|169
12|169
10|171
0|197
1|196
1|195
2|195
0|197
3|200
4|199
4|198
5|198
3|200
10|207
11|206
11|205
12|205
10|207
0|198
1|197
1|196
2|196
0|198
3|201
4|200
4|199
5|199
3|201
10|208
11|207
11|206
12|206
10|208
0|215
1|214
1|213
2|213
0|215
3|218
4|217
4|216
5|216
3|218
10|225
11|224
11|223
12|223
10|225
0|216
1|215
1|214
2|214
0|216
3|219
4|218
4|217
5|217
3|219
10|226
11|225
11|224
12|224
10|226
0|108
1|107
1|106
2|106
0|108
3|111
4|110
4|109
5|109
3|111
10|118
11|117
11|116
12|116
10|118
0|109
1|108
1|107
2|107
0|109
3|112
4|111
4|110
5|110
3|112
10|119
11|118
11|117
12|117
10|119
0|122
1|121
1|120
2|120
0|122
3|125
4|124
4|123
5|123
3|125
10|132
11|131
11|130
12|130
10|132
0|123
1|122
1|121
2|121
0|123
3|126
4|125
4|124
5|124
3|126
10|133
11|132
11|131
12|131
10|133
0|20
1|19
1|18
2|18
0|20
3|23
4|22
4|21
5|21
3|23
10|30
11|29
11|28
12|28
10|30
0|21
1|20
1|19
2|19
0|21
3|24
4|23
4|22
5|22
3|24
10|31
11|30
11|29
12|29
10|31
0|98
1|97
1|96
2|96
0|98
3|101
4|100
4|99
5|99
3|101
10|108
11|107
11|106
12|106
10|108
0|99
1|98
1|97
2|97
0|99
3|102
4|101
4|100
5|100
3|102
10|109
11|108
11|107
12|107
10|109
0|159
1|158
1|157
2|157
0|159
3|162
4|161
4|160
5|160
3|162
10|169
11|168
11|167
12|167
10|169
0|160
1|159
1|158
2|158
0|160
3|163
4|162
4|161
5|161
3|163
10|170
11|169
11|168
12|168
10|170
0|206
1|205
1|204
2|204
0|206
3|209
4|208
4|207
5|207
3|209
10|216
11|215
11|214
12|214
10|216
0|207
1|206
1|205
2|205
0|207
3|210
4|209
4|208
5|208
3|210
10|217
11|216
11|215
12|215
10|217
0|178
1|177
1|176
2|176
0|178
3|181
4|180
4|179
5|179
3|181
10|188
11|187
11|186
12|186
10|188
0|179
1|178
1|177
2|177
0|179
3|182
4|181
4|180
5|180
3|182
10|189
11|188
11|187
12|187
10|189
0|119
1|118
1|117
2|117
0|119
3|122
4|121
4|120
5|120
3|122
10|129
11|128
11|127
12|127
10|129
0|120
1|119
1|118
2|118
0|120
3|123
4|122
4|121
5|121
3|123
10|130
11|129
11|128
12|128
10|130
0|100
1|99
1|98
2|98
0|100
3|103
4|102
4|101
5|101
3|103
10|110
11|109
11|108
12|108
10|110
0|101
1|100
1|99
2|99
0|101
3|104
4|103
4|102
5|102
3|104
10|111
11|110
11|109
12|109
10|111
0|57
1|56
1|55
2|55
0|57
3|60
4|59
4|58
5|58
3|60
10|67
11|66
11|65
12|65
10|67
0|58
1|57
1|56
2|56
0|58
3|61
4|60
4|59
5|59
3|61
10|68
11|67
11|66
12|66
10|68
0|215
1|214
1|213
2|213
0|215
3|218
4|217
4|216
5|216
3|218
10|225
11|224
11|223
12|223
10|225
0|216
1|215
1|214
2|214
0|216
3|219
4|218
4|217
5|217
3|219
10|226
11|225
11|224
12|224
10|226
0|295
1|294
1|293
2|293
0|295
3|298
4|297
4|296
5|296
3|298
10|305
11|304
11|303
12|303
10|305
0|296
1|295
1|294
2|294
0|296
3|299
4|298
4|297
5|297
3|299
10|306
11|305
11|304
12|304
10|306
0|86
1|85
1|84
2|84
0|86
3|89
4|88
4|87
5|87
3|89
10|96
11|95
11|94
12|94
10|96
0|87
1|86
1|85
2|85
0|87
3|90
4|89
4|88
5|88
3|90
10|97
11|96
11|95
12|95
10|97
0|211
1|210
1|209
2|209
0|211
3|214
4|213
4|212
5|212
3|214
10|221
11|220
11|219
12|219
10|221
0|212
1|211
1|210
2|210
0|212
3|215
4|214
4|213
5|213
3|215
10|222
11|221
11|220
12|220
10|222
0|115
1|114
1|113
2|113
0|115
3|118
4|117
4|116
5|116
3|118
10|125
11|124
11|123
12|123
10|125
0|116
1|115
1|114
2|114
0|116
3|119
4|118
4|117
5|117
3|119
10|126
11|125
11|124
12|124
10|126
0|55
1|54
1|53
2|53
0|55
3|58
4|57
4|56
5|56
3|58
10|65
11|64
11|63
12|63
10|65
0|56
1|55
1|54
2|54
0|56
3|59
4|58
4|57
5|57
3|59
10|66
11|65
11|64
12|64
10|66
0|77
1|76
1|75
2|75
0|77
3|80
4|79
4|78
5|78
3|80
10|87
11|86
11|85
12|85
10|87
0|78
1|77
1|76
2|76
0|78
3|81
4|80
4|79
5|79
3|81
10|88
11|87
11|86
12|86
10|88
0|92
1|91
1|90
2|90
0|92
3|95
4|94
4|93
5|93
3|95
10|102
11|101
11|100
12|100
10|102
0|93
1|92
1|91
2|91
0|93
3|96
4|95
4|94
5|94
3|96
10|103
11|102
11|101
12|101
10|103
0|143
1|142
1|141
2|141
0|143
3|146
4|145
4|144
5|144
3|146
10|153
11|152
11|151
12|151
10|153
0|144
1|143
1|142
2|142
0|144
3|147
4|146
4|145
5|145
3|147
10|154
11|153
11|152
12|152
10|154
0|32
1|31
1|30
2|30
0|32
3|35
4|34
4|33
5|33
3|35
10|42
11|41
11|40
12|40
10|42
0|33
1|32
1|31
2|31
0|33
3|36
4|35
4|34
5|34
3|36
10|43
11|42
11|41
12|41
10|43
0|168
1|167
1|166
2|166
0|168
3|171
4|170
4|169
5|169
3|171
10|178
11|177
11|176
12|176
10|178
0|169
1|168
1|167
2|167
0|169
3|172
4|171
4|170
5|170
3|172
10|179
11|178
11|177
12|177
10|179
0|264
1|263
1|262
2|262
0|264
3|267
4|266
4|265
5|265
3|267
10|274
11|273
11|272
12|272
10|274
0|265
1|264
1|263
2|263
0|265
3|268
4|267
4|266
5|266
3|268
10|275
11|274
11|273
12|273
10|275
0|59
1|58
1|57
2|57
0|59
3|62
4|61
4|60
5|60
3|62
10|69
11|68
11|67
12|67
10|69
0|60
1|59
1|58
2|58
0|60
3|63
4|62
4|61
5|61
3|63
10|70
11|69
11|68
12|68
10|70
0|141
1|140
1|139
2|139
0|141
3|144
4|143
4|142
5|142
3|144
10|151
11|150
11|149
12|149
10|151
0|142
1|141
1|140
2|140
0|142
3|145
4|144
4|143
5|143
3|145
10|152
11|151
11|150
12|150
10|152
0|96
1|95
1|94
2|94
0|96
3|99
4|98
4|97
5|97
3|99
10|106
11|105
11|104
12|104
10|106
0|97
1|96
1|95
2|95
0|97
3|100
4|99
4|98
5|98
3|100
10|107
11|106
11|105
12|105
10|107
0|297
1|296
1|295
2|295
0|297
3|300
4|299
4|298
5|298
3|300
10|307
11|306
11|305
12|305
10|307
0|298
1|297
1|296
2|296
0|298
3|301
4|300
4|299
5|299
3|301
10|308
11|307
11|306
12|306
10|308
0|236
1|235
1|234
2|234
0|236
3|239
4|238
4|237
5|237
3|239
10|246
11|245
11|244
12|244
10|246
0|237
1|236
1|235
2|235
0|237
3|240
4|239
4|238
5|238
3|240
10|247
11|246
11|245
12|245
10|247
0|260
1|259
1|258
2|258
0|260
3|263
4|262
4|261
5|261
3|263
10|270
11|269
11|268
12|268
10|270
0|261
1|260
1|259
2|259
0|261
3|264
4|263
4|262
5|262
3|264
10|271
11|270
11|269
12|269
10|271
0|175
1|174
1|173
2|173
0|175
3|178
4|177
4|176
5|176
3|178
10|185
11|184
11|183
12|183
10|185
0|176
1|175
1|174
2|174
0|176
3|179
4|178
4|177
5|177
3|179
10|186
11|185
11|184
12|184
10|186
0|170
1|169
1|168
2|168
0|170
3|173
4|172
4|171
5|171
3|173
10|180
11|179
11|178
12|178
10|180
0|171
1|170
1|169
2|169
0|171
3|174
4|173
4|172
5|172
3|174
10|181
11|180
11|179
12|179
10|181
0|143
1|142
1|141
2|141
0|143
3|146
4|145
4|144
5|144
3|146
10|153
11|152
11|151
12|151
10|153
0|144
1|143
1|142
2|142
0|144
3|147
4|146
4|145
5|145
3|147
10|154
11|153
11|152
12|152
10|154
0|114
1|113
1|112
2|112
0|114
3|117
4|116
4|115
5|115
3|117
10|124
11|123
11|122
12|122
10|124
0|115
1|114
1|113
2|113
0|115
3|118
4|117
4|116
5|116
3|118
10|125
11|124
11|123
12|123
10|125
0|106
1|105
1|104
2|104
0|106
3|109
4|108
4|107
5|107
3|109
10|116
11|115
11|114
12|114
10|116
0|107
1|106
1|105
2|105
0|107
3|110
4|109
4|108
5|108
3|110
10|117
11|116
11|115
12|115
10|117
0|118
1|117
1|116
2|116
0|118
3|121
4|120
4|119
5|119
3|121
10|128
11|127
11|126
12|126
10|128
0|119
1|118
1|117
2|117
0|119
3|122
4|121
4|120
5|120
3|122
10|129
11|128
11|127
12|127
10|129
0|248
1|247
1|246
2|246
0|248
3|251
4|250
4|249
5|249
3|251
10|258
11|257
11|256
12|256
10|258
0|249
1|248
1|247
2|247
0|249
3|252
4|251
4|250
5|250
3|252
10|259
11|258
11|257
12|257
10|259
0|220
1|219
1|218
2|218
0|220
3|223
4|222
4|221
5|221
3|223
10|230
11|229
11|228
12|228
10|230
0|221
1|220
1|219
2|219
0|221
3|224
4|223
4|222
5|222
3|224
10|231
11|230
11|229
12|229
10|231
0|237
1|236
1|235
2|235
0|237
3|240
4|239
4|238
5|238
3|240
10|247
11|246
11|245
12|245
10|247
0|238
1|237
1|236
2|236
0|238
3|241
4|240
4|239
5|239
3|241
10|248
11|247
11|246
12|246
10|248
0|214
1|213
1|212
2|212
0|214
3|217
4|216
4|215
5|215
3|217
10|224
11|223
11|222
12|222
10|224
0|215
1|214
1|213
2|213
0|215
3|218
4|217
4|216
5|216
3|218
10|225
11|224
11|223
12|223
10|225
0|269
1|268
1|267
2|267
0|269
3|272
4|271
4|270
5|270
3|272
10|279
11|278
11|277
12|277
10|279
0|270
1|269
1|268
2|268
0|270
3|273
4|272
4|271
5|271
3|273
10|280
11|279
11|278
12|278
10|280
0|69
1|68
1|67
2|67
0|69
3|72
4|71
4|70
5|70
3|72
10|79
11|78
11|77
12|77
10|79
0|70
1|69
1|68
2|68
0|70
3|73
4|72
4|71
5|71
3|73
10|80
11|79
11|78
12|78
10|80
0|101
1|100
1|99
2|99
0|101
3|104
4|103
4|102
5|102
3|104
10|111
11|110
11|109
12|109
10|111
0|102
1|101
1|100
2|100
0|102
3|105
4|104
4|103
5|103
3|105
10|112
11|111
11|110
12|110
10|112
0|74
1|73
1|72
2|72
0|74
3|77
4|76
4|75
5|75
3|77
10|84
11|83
11|82
12|82
10|84
0|75
1|74
1|73
2|73
0|75
3|78
4|77
4|76
5|76
3|78
10|85
11|84
11|83
12|83
10|85
0|12
1|11
1|10
2|10
0|12
3|15
4|14
4|13
5|13
3|15
10|22
11|21
11|20
12|20
10|22
0|13
1|12
1|11
2|11
0|13
3|16
4|15
4|14
5|14
3|16
10|23
11|22
11|21
12|21
10|23
0|169
1|168
1|167
2|167
0|169
3|172
4|171
4|170
5|170
3|172
10|179
11|178
11|177
12|177
10|179
0|170
1|169
1|168
2|168
0|170
3|173
4|172
4|171
5|171
3|173
10|180
11|179
11|178
12|178
10|180
0|254
1|253
1|252
2|252
0|254
3|257
4|256
4|255
5|255
3|257
10|264
11|263
11|262
12|262
10|264
0|255
1|254
1|253
2|253
0|255
3|258
4|257
4|256
5|256
3|258
10|265
11|264
11|263
12|263
10|265
0|24
1|23
1|22
2|22
0|24
3|27
4|26
4|25
5|25
3|27
10|34
11|33
11|32
12|32
10|34
0|25
1|24
1|23
2|23
0|25
3|28
4|27
4|26
5|26
3|28
10|35
11|34
11|33
12|33
10|35
0|95
1|94
1|93
2|93
0|95
3|98
4|97
4|96
5|96
3|98
10|105
11|104
11|103
12|103
10|105
0|96
1|95
1|94
2|94
0|96
3|99
4|98
4|97
5|97
3|99
10|106
11|105
11|104
12|104
10|106
0|205
1|204
1|203
2|203
0|205
3|208
4|207
4|206
5|206
3|208
10|215
11|214
11|213
12|213
10|215
0|206
1|205
1|204
2|204
0|206
3|209
4|208
4|207
5|207
3|209
10|216
11|215
11|214
12|214
10|216
0|17
1|16
1|15
2|15
0|17
3|20
4|19
4|18
5|18
3|20
10|27
11|26
11|25
12|25
10|27
0|18
1|17
1|16
2|16
0|18
3|21
4|20
4|19
5|19
3|21
10|28
11|27
11|26
12|26
10|28
0|160
1|159
1|158
2|158
0|160
3|163
4|162
4|161
5|161
3|163
10|170
11|169
11|168
12|168
10|170
0|161
1|160
1|159
2|159
0|161
3|164
4|163
4|162
5|162
3|164
10|171
11|170
11|169
12|169
10|171
0|1
0|1
0|1
0|1
0|1
3|4
3|4
3|4
3|4
3|4
10|11
10|11
10|11
10|11
10|11
0|181
1|180
1|179
2|179
0|181
3|184
4|183
4|182
5|182
3|184
10|191
11|190
11|189
12|189
10|191
0|182
1|181
1|180
2|180
0|182
3|185
4|184
4|183
5|183
3|185
10|192
11|191
11|190
12|190
10|192
0|119
1|118
1|117
2|117
0|119
3|122
4|121
4|120
5|120
3|122
10|129
11|128
11|127
12|127
10|129
0|120
1|119
1|118
2|118
0|120
3|123
4|122
4|121
5|121
3|123
10|130
11|129
11|128
12|128
10|130
0|276
1|275
1|274
2|274
0|276
3|279
4|278
4|277
5|277
3|279
10|286
11|285
11|284
12|284
10|286
0|277
1|276
1|275
2|275
0|277
3|280
4|279
4|278
5|278
3|280
10|287
11|286
11|285
12|285
10|287
0|13
1|12
1|11
2|11
0|13
3|16
4|15
4|14
5|14
3|16
10|23
11|22
11|21
12|21
10|23
0|14
1|13
1|12
2|12
0|14
3|17
4|16
4|15
5|15
3|17
10|24
11|23
11|22
12|22
10|24
0|7
1|6
1|5
2|5
0|7
3|10
4|9
4|8
5|8
3|10
10|17
11|16
11|15
12|15
10|17
0|8
1|7
1|6
2|6
0|8
3|11
4|10
4|9
5|9
3|11
10|18
11|17
11|16
12|16
10|18
0|150
1|149
1|148
2|148
0|150
3|153
4|152
4|151
5|151
3|153
10|160
11|159
11|158
12|158
10|160
0|151
1|150
1|149
2|149
0|151
3|154
4|153
4|152
5|152
3|154
10|161
11|160
11|159
12|159
10|161
0|25
1|24
1|23
2|23
0|25
3|28
4|27
4|26
5|26
3|28
10|35
11|34
11|33
12|33
10|35
0|26
1|25
1|24
2|24
0|26
3|29
4|28
4|27
5|27
3|29
10|36
11|35
11|34
12|34
10|36
0|282
1|281
1|280
2|280
0|282
3|285
4|284
4|283
5|283
3|285
10|292
11|291
11|290
12|290
10|292
0|283
1|282
1|281
2|281
0|283
3|286
4|285
4|284
5|284
3|286
10|293
11|292
11|291
12|291
10|293
0|113
1|112
1|111
2|111
0|113
3|116
4|115
4|114
5|114
3|116
10|123
11|122
11|121
12|121
10|123
0|114
1|113
1|112
2|112
0|114
3|117
4|116
4|115
5|115
3|117
10|124
11|123
11|122
12|122
10|124
0|272
1|271
1|270
2|270
0|272
3|275
4|274
4|273
5|273
3|275
10|282
11|281
11|280
12|280
10|282
0|273
1|272
1|271
2|271
0|273
3|276
4|275
4|274
5|274
3|276
10|283
11|282
11|281
12|281
10|283
0|30
1|29
1|28
2|28
0|30
3|33
4|32
4|31
5|31
3|33
10|40
11|39
11|38
12|38
10|40
0|31
1|30
1|29
2|29
0|31
3|34
4|33
4|32
5|32
3|34
10|41
11|40
11|39
12|39
10|41
0|194
1|193
1|192
2|192
0|194
3|197
4|196
4|195
5|195
3|197
10|204
11|203
11|202
12|202
10|204
0|195
1|194
1|193
2|193
0|195
3|198
4|197
4|196
5|196
3|198
10|205
11|204
11|203
12|203
10|205
0|221
1|220
1|219
2|219
0|221
3|224
4|223
4|222
5|222
3|224
10|231
11|230
11|229
12|229
10|231
0|222
1|221
1|220
2|220
0|222
3|225
4|224
4|223
5|223
3|225
10|232
11|231
11|230
12|230
10|232
0|226
1|225
1|224
2|224
0|226
3|229
4|228
4|227
5|227
3|229
10|236
11|235
11|234
12|234
10|236
0|227
1|226
1|225
2|225
0|227
3|230
4|229
4|228
5|228
3|230
10|237
11|236
11|235
12|235
10|237
0|222
1|221
1|220
2|220
0|222
3|225
4|224
4|223
5|223
3|225
10|232
11|231
11|230
12|230
10|232
0|223
1|222
1|221
2|221
0|223
3|226
4|225
4|224
5|224
3|226
10|233
11|232
11|231
12|231
10|233
0|70
1|69
1|68
2|68
0|70
3|73
4|72
4|71
5|71
3|73
10|80
11|79
11|78
12|78
10|80
0|71
1|70
1|69
2|69
0|71
3|74
4|73
4|72
5|72
3|74
10|81
11|80
11|79
12|79
10|81
0|190
1|189
1|188
2|188
0|190
3|193
4|192
4|191
5|191
3|193
10|200
11|199
11|198
12|198
10|200
0|191
1|190
1|189
2|189
0|191
3|194
4|193
4|192
5|192
3|194
10|201
11|200
11|199
12|199
10|201
0|103
1|102
1|101
2|101
0|103
3|106
4|105
4|104
5|104
3|106
10|113
11|112
11|111
12|111
10|113
0|104
1|103
1|102
2|102
0|104
3|107
4|106
4|105
5|105
3|107
10|114
11|113
11|112
12|112
10|114
0|177
1|176
1|175
2|175
0|177
3|180
4|179
4|178
5|178
3|180
10|187
11|186
11|185
12|185
10|187
0|178
1|177
1|176
2|176
0|178
3|181
4|180
4|179
5|179
3|181
10|188
11|187
11|186
12|186
10|188
0|35
1|34
1|33
2|33
0|35
3|38
4|37
4|36
5|36
3|38
10|45
11|44
11|43
12|43
10|45
0|36
1|35
1|34
2|34
0|36
3|39
4|38
4|37
5|37
3|39
10|46
11|45
11|44
12|44
10|46
0|99
1|98
1|97
2|97
0|99
3|102
4|101
4|100
5|100
3|102
10|109
11|108
11|107
12|107
10|109
0|100
1|99
1|98
2|98
0|100
3|103
4|102
4|101
5|101
3|103
10|110
11|109
11|108
12|108
10|110
0|31
1|30
1|29
2|29
0|31
3|34
4|33
4|32
5|32
3|34
10|41
11|40
11|39
12|39
10|41
0|32
1|31
1|30
2|30
0|32
3|35
4|34
4|33
5|33
3|35
10|42
11|41
11|40
12|40
10|42
0|49
1|48
1|47
2|47
0|49
3|52
4|51
4|50
5|50
3|52
10|59
11|58
11|57
12|57
10|59
0|50
1|49
1|48
2|48
0|50
3|53
4|52
4|51
5|51
3|53
10|60
11|59
11|58
12|58
10|60
0|15
1|14
1|13
2|13
0|15
3|18
4|17
4|16
5|16
3|18
10|25
11|24
11|23
12|23
10|25
0|16
1|15
1|14
2|14
0|16
3|19
4|18
4|17
5|17
3|19
10|26
11|25
11|24
12|24
10|26
0|14
1|13
1|12
2|12
0|14
3|17
4|16
4|15
5|15
3|17
10|24
11|23
11|22
12|22
10|24
0|15
1|14
1|13
2|13
0|15
3|18
4|17
4|16
5|16
3|18
10|25
11|24
11|23
12|23
10|25
0|246
1|245
1|244
2|244
0|246
3|249
4|248
4|247
5|247
3|249
10|256
11|255
11|254
12|254
10|256
0|247
1|246
1|245
2|245
0|247
3|250
4|249
4|248
5|248
3|250
10|257
11|256
11|255
12|255
10|257
0|38
1|37
1|36
2|36
0|38
3|41
4|40
4|39
5|39
3|41
10|48
11|47
11|46
12|46
10|48
0|39
1|38
1|37
2|37
0|39
3|42
4|41
4|40
5|40
3|42
10|49
11|48
11|47
12|47
10|49
0|118
1|117
1|116
2|116
0|118
3|121
4|120
4|119
5|119
3|121
10|128
11|127
11|126
12|126
10|128
0|119
1|118
1|117
2|117
0|119
3|122
4|121
4|120
5|120
3|122
10|129
11|128
11|127
12|127
10|129
0|165
1|164
1|163
2|163
0|165
3|168
4|167
4|166
5|166
3|168
10|175
11|174
11|173
12|173
10|175
0|166
1|165
1|164
2|164
0|166
3|169
4|168
4|167
5|167
3|169
10|176
11|175
11|174
12|174
10|176
0|214
1|213
1|212
2|212
0|214
3|217
4|216
4|215
5|215
3|217
10|224
11|223
11|222
12|222
10|224
0|215
1|214
1|213
2|213
0|215
3|218
4|217
4|216
5|216
3|218
10|225
11|224
11|223
12|223
10|225
0|27
1|26
1|25
2|25
0|27
3|30
4|29
4|28
5|28
3|30
10|37
11|36
11|35
12|35
10|37
0|28
1|27
1|26
2|26
0|28
3|31
4|30
4|29
5|29
3|31
10|38
11|37
11|36
12|36
10|38
0|108
1|107
1|106
2|106
0|108
3|111
4|110
4|109
5|109
3|111
10|118
11|117
11|116
12|116
10|118
0|109
1|108
1|107
2|107
0|109
3|112
4|111
4|110
5|110
3|112
10|119
11|118
11|117
12|117
10|119
0|107
1|106
1|105
2|105
0|107
3|110
4|109
4|108
5|108
3|110
10|117
11|116
11|115
12|115
10|117
0|108
1|107
1|106
2|106
0|108
3|111
4|110
4|109
5|109
3|111
10|118
11|117
11|116
12|116
10|118
0|93
1|92
1|91
2|91
0|93
3|96
4|95
4|94
5|94
3|96
10|103
11|102
11|101
12|101
10|103
0|94
1|93
1|92
2|92
0|94
3|97
4|96
4|95
5|95
3|97
10|104
11|103
11|102
12|102
10|104
0|267
1|266
1|265
2|265
0|267
3|270
4|269
4|268
5|268
3|270
10|277
11|276
11|275
12|275
10|277
0|268
1|267
1|266
2|266
0|268
3|271
4|270
4|269
5|269
3|271
10|278
11|277
11|276
12|276
10|278
0|119
1|118
1|117
2|117
0|119
3|122
4|121
4|120
5|120
3|122
10|129
11|128
11|127
12|127
10|129
0|120
1|119
1|118
2|118
0|120
3|123
4|122
4|121
5|121
3|123
10|130
11|129
11|128
12|128
10|130
0|307
1|306
1|305
2|305
0|307
3|310
4|309
4|308
5|308
3|310
10|317
11|316
11|315
12|315
10|317
0|308
1|307
1|306
2|306
0|308
3|311
4|310
4|309
5|309
3|311
10|318
11|317
11|316
12|316
10|318
0|148
1|147
1|146
2|146
0|148
3|151
4|150
4|149
5|149
3|151
10|158
11|157
11|156
12|156
10|158
0|149
1|148
1|147
2|147
0|149
3|152
4|151
4|150
5|150
3|152
10|159
11|158
11|157
12|157
10|159
0|99
1|98
1|97
2|97
0|99
3|102
4|101
4|100
5|100
3|102
10|109
11|108
11|107
12|107
10|109
0|100
1|99
1|98
2|98
0|100
3|103
4|102
4|101
5|101
3|103
10|110
11|109
11|108
12|108
10|110
0|127
1|126
1|125
2|125
0|127
3|130
4|129
4|128
5|128
3|130
10|137
11|136
11|135
12|135
10|137
0|128
1|127
1|126
2|126
0|128
3|131
4|130
4|129
5|129
3|131
10|138
11|137
11|136
12|136
10|138
0|71
1|70
1|69
2|69
0|71
3|74
4|73
4|72
5|72
3|74
10|81
11|80
11|79
12|79
10|81
0|72
1|71
1|70
2|70
0|72
3|75
4|74
4|73
5|73
3|75
10|82
11|81
11|80
12|80
10|82
0|230
1|229
1|228
2|228
0|230
3|233
4|232
4|231
5|231
3|233
10|240
11|239
11|238
12|238
10|240
0|231
1|230
1|229
2|229
0|231
3|234
4|233
4|232
5|232
3|234
10|241
11|240
11|239
12|239
10|241
0|143
1|142
1|141
2|141
0|143
3|146
4|145
4|144
5|144
3|146
10|153
11|152
11|151
12|151
10|153
0|144
1|143
1|142
2|142
0|144
3|147
4|146
4|145
5|145
3|147
10|154
11|153
11|152
12|152
10|154
0|133
1|132
1|131
2|131
0|133
3|136
4|135
4|134
5|134
3|136
10|143
11|142
11|141
12|141
10|143
0|134
1|133
1|132
2|132
0|134
3|137
4|136
4|135
5|135
3|137
10|144
11|143
11|142
12|142
10|144
0|16
1|15
1|14
2|14
0|16
3|19
4|18
4|17
5|17
3|19
10|26
11|25
11|24
12|24
10|26
0|17
1|16
1|15
2|15
0|17
3|20
4|19
4|18
5|18
3|20
10|27
11|26
11|25
12|25
10|27
0|35
1|34
1|33
2|33
0|35
3|38
4|37
4|36
5|36
3|38
10|45
11|44
11|43
12|43
10|45
0|36
1|35
1|34
2|34
0|36
3|39
4|38
4|37
5|37
3|39
10|46
11|45
11|44
12|44
10|46
0|195
1|194
1|193
2|193
0|195
3|198
4|197
4|196
5|196
3|198
10|205
11|204
11|203
12|203
10|205
0|196
1|195
1|194
2|194
0|196
3|199
4|198
4|197
5|197
3|199
10|206
11|205
11|204
12|204
10|206
0|174
1|173
1|172
2|172
0|174
3|177
4|176
4|175
5|175
3|177
10|184
11|183
11|182
12|182
10|184
0|175
1|174
1|173
2|173
0|175
3|178
4|177
4|176
5|176
3|178
10|185
11|184
11|183
12|183
10|185
0|273
1|272
1|271
2|271
0|273
3|276
4|275
4|274
5|274
3|276
10|283
11|282
11|281
12|281
10|283
0|274
1|273
1|272
2|272
0|274
3|277
4|276
4|275
5|275
3|277
10|284
11|283
11|282
12|282
10|284
0|260
1|259
1|258
2|258
0|260
3|263
4|262
4|261
5|261
3|263
10|270
11|269
11|268
12|268
10|270
0|261
1|260
1|259
2|259
0|261
3|264
4|263
4|262
5|262
3|264
10|271
11|270
11|269
12|269
10|271
0|224
1|223
1|222
2|222
0|224
3|227
4|226
4|225
5|225
3|227
10|234
11|233
11|232
12|232
10|234
0|225
1|224
1|223
2|223
0|225
3|228
4|227
4|226
5|226
3|228
10|235
11|234
11|233
12|233
10|235
0|29
1|28
1|27
2|27
0|29
3|32
4|31
4|30
5|30
3|32
10|39
11|38
11|37
12|37
10|39
0|30
1|29
1|28
2|28
0|30
3|33
4|32
4|31
5|31
3|33
10|40
11|39
11|38
12|38
10|40
0|236
1|235
1|234
2|234
0|236
3|239
4|238
4|237
5|237
3|239
10|246
11|245
11|244
12|244
10|246
0|237
1|236
1|235
2|235
0|237
3|240
4|239
4|238
5|238
3|240
10|247
11|246
11|245
12|245
10|247
0|21
1|20
1|19
2|19
0|21
3|24
4|23
4|22
5|22
3|24
10|31
11|30
11|29
12|29
10|31
0|22
1|21
1|20
2|20
0|22
3|25
4|24
4|23
5|23
3|25
10|32
11|31
11|30
12|30
10|32
0|65
1|64
1|63
2|63
0|65
3|68
4|67
4|66
5|66
3|68
10|75
11|74
11|73
12|73
10|75
0|66
1|65
1|64
2|64
0|66
3|69
4|68
4|67
5|67
3|69
10|76
11|75
11|74
12|74
10|76
0|36
1|35
1|34
2|34
0|36
3|39
4|38
4|37
5|37
3|39
10|46
11|45
11|44
12|44
10|46
0|37
1|36
1|35
2|35
0|37
3|40
4|39
4|38
5|38
3|40
10|47
11|46
11|45
12|45
10|47
0|261
1|260
1|259
2|259
0|261
3|264
4|263
4|262
5|262
3|264
10|271
11|270
11|269
12|269
10|271
0|262
1|261
1|260
2|260
0|262
3|265
4|264
4|263
5|263
3|265
10|272
11|271
11|270
12|270
10|272
0|293
1|292
1|291
2|291
0|293
3|296
4|295
4|294
5|294
3|296
10|303
11|302
11|301
12|301
10|303
0|294
1|293
1|292
2|292
0|294
3|297
4|296
4|295
5|295
3|297
10|304
11|303
11|302
12|302
10|304
0|178
1|177
1|176
2|176
0|178
3|181
4|180
4|179
5|179
3|181
10|188
11|187
11|186
12|186
10|188
0|179
1|178
1|177
2|177
0|179
3|182
4|181
4|180
5|180
3|182
10|189
11|188
11|187
12|187
10|189
0|41
1|40
1|39
2|39
0|41
3|44
4|43
4|42
5|42
3|44
10|51
11|50
11|49
12|49
10|51
0|42
1|41
1|40
2|40
0|42
3|45
4|44
4|43
5|43
3|45
10|52
11|51
11|50
12|50
10|52
0|152
1|151
1|150
2|150
0|152
3|155
4|154
4|153
5|153
3|155
10|162
11|161
11|160
12|160
10|162
0|153
1|152
1|151
2|151
0|153
3|156
4|155
4|154
5|154
3|156
10|163
11|162
11|161
12|161
10|163
0|296
1|295
1|294
2|294
0|296
3|299
4|298
4|297
5|297
3|299
10|306
11|305
11|304
12|304
10|306
0|297
1|296
1|295
2|295
0|297
3|300
4|299
4|298
5|298
3|300
10|307
11|306
11|305
12|305
10|307
0|230
1|229
1|228
2|228
0|230
3|233
4|232
4|231
5|231
3|233
10|240
11|239
11|238
12|238
10|240
0|231
1|230
1|229
2|229
0|231
3|234
4|233
4|232
5|232
3|234
10|241
11|240
11|239
12|239
10|241
0|122
1|121
1|120
2|120
0|122
3|125
4|124
4|123
5|123
3|125
10|132
11|131
11|130
12|130
10|132
0|123
1|122
1|121
2|121
0|123
3|126
4|125
4|124
5|124
3|126
10|133
11|132
11|131
12|131
10|133
0|308
1|307
1|306
2|306
0|308
3|311
4|310
4|309
5|309
3|311
10|318
11|317
11|316
12|316
10|318
0|309
1|308
1|307
2|307
0|309
3|312
4|311
4|310
5|310
3|312
10|319
11|318
11|317
12|317
10|319
0|202
1|201
1|200
2|200
0|202
3|205
4|204
4|203
5|203
3|205
10|212
11|211
11|210
12|210
10|212
0|203
1|202
1|201
2|201
0|203
3|206
4|205
4|204
5|204
3|206
10|213
11|212
11|211
12|211
10|213
0|254
1|253
1|252
2|252
0|254
3|257
4|256
4|255
5|255
3|257
10|264
11|263
11|262
12|262
10|264
0|255
1|254
1|253
2|253
0|255
3|258
4|257
4|256
5|256
3|258
10|265
11|264
11|263
12|263
10|265
0|88
1|87
1|86
2|86
0|88
3|91
4|90
4|89
5|89
3|91
10|98
11|97
11|96
12|96
10|98
0|89
1|88
1|87
2|87
0|89
3|92
4|91
4|90
5|90
3|92
10|99
11|98
11|97
12|97
10|99
0|3
1|2
1|1
0|3
0|3
3|6
4|5
4|4
3|6
3|6
10|13
11|12
11|11
10|13
10|13
0|4
1|3
1|2
2|2
0|4
3|7
4|6
4|5
5|5
3|7
10|14
11|13
11|12
12|12
10|14
0|21
1|20
1|19
2|19
0|21
3|24
4|23
4|22
5|22
3|24
10|31
11|30
11|29
12|29
10|31
0|22
1|21
1|20
2|20
0|22
3|25
4|24
4|23
5|23
3|25
10|32
11|31
11|30
12|30
10|32
0|288
1|287
1|286
2|286
0|288
3|291
4|290
4|289
5|289
3|291
10|298
11|297
11|296
12|296
10|298
0|289
1|288
1|287
2|287
0|289
3|292
4|291
4|290
5|290
3|292
10|299
11|298
11|297
12|297
10|299
0|297
1|296
1|295
2|295
0|297
3|300
4|299
4|298
5|298
3|300
10|307
11|306
11|305
12|305
10|307
0|298
1|297
1|296
2|296
0|298
3|301
4|300
4|299
5|299
3|301
10|308
11|307
11|306
12|306
10|308
0|68
1|67
1|66
2|66
0|68
3|71
4|70
4|69
5|69
3|71
10|78
11|77
11|76
12|76
10|78
0|69
1|68
1|67
2|67
0|69
3|72
4|71
4|70
5|70
3|72
10|79
11|78
11|77
12|77
10|79
0|26
1|25
1|24
2|24
0|26
3|29
4|28
4|27
5|27
3|29
10|36
11|35
11|34
12|34
10|36
0|27
1|26
1|25
2|25
0|27
3|30
4|29
4|28
5|28
3|30
10|37
11|36
11|35
12|35
10|37
0|267
1|266
1|265
2|265
0|267
3|270
4|269
4|268
5|268
3|270
10|277
11|276
11|275
12|275
10|277
0|268
1|267
1|266
2|266
0|268
3|271
4|270
4|269
5|269
3|271
10|278
11|277
11|276
12|276
10|278
0|225
1|224
1|223
2|223
0|225
3|228
4|227
4|226
5|226
3|228
10|235
11|234
11|233
12|233
10|235
0|226
1|225
1|224
2|224
0|226
3|229
4|228
4|227
5|227
3|229
10|236
11|235
11|234
12|234
10|236
0|91
1|90
1|89
2|89
0|91
3|94
4|93
4|92
5|92
3|94
10|101
11|100
11|99
12|99
10|101
0|92
1|91
1|90
2|90
0|92
3|95
4|94
4|93
5|93
3|95
10|102
11|101
11|100
12|100
10|102
0|167
1|166
1|165
2|165
0|167
3|170
4|169
4|168
5|168
3|170
10|177
11|176
11|175
12|175
10|177
0|168
1|167
1|166
2|166
0|168
3|171
4|170
4|169
5|169
3|171
10|178
11|177
11|176
12|176
10|178
0|247
1|246
1|245
2|245
0|247
3|250
4|249
4|248
5|248
3|250
10|257
11|256
11|255
12|255
10|257
0|248
1|247
1|246
2|246
0|248
3|251
4|250
4|249
5|249
3|251
10|258
11|257
11|256
12|256
10|258
0|148
1|147
1|146
2|146
0|148
3|151
4|150
4|149
5|149
3|151
10|158
11|157
11|156
12|156
10|158
0|149
1|148
1|147
2|147
0|149
3|152
4|151
4|150
5|150
3|152
10|159
11|158
11|157
12|157
10|159
0|111
1|110
1|109
2|109
0|111
3|114
4|113
4|112
5|112
3|114
10|121
11|120
11|119
12|119
10|121
0|112
1|111
1|110
2|110
0|112
3|115
4|114
4|113
5|113
3|115
10|122
11|121
11|120
12|120
10|122
0|174
1|173
1|172
2|172
0|174
3|177
4|176
4|175
5|175
3|177
10|184
11|183
11|182
12|182
10|184
0|175
1|174
1|173
2|173
0|175
3|178
4|177
4|176
5|176
3|178
10|185
11|184
11|183
12|183
10|185
0|275
1|274
1|273
2|273
0|275
3|278
4|277
4|276
5|276
3|278
10|285
11|284
11|283
12|283
10|285
0|276
1|275
1|274
2|274
0|276
3|279
4|278
4|277
5|277
3|279
10|286
11|285
11|284
12|284
10|286
0|20
1|19
1|18
2|18
0|20
3|23
4|22
4|21
5|21
3|23
10|30
11|29
11|28
12|28
10|30
0|21
1|20
1|19
2|19
0|21
3|24
4|23
4|22
5|22
3|24
10|31
11|30
11|29
12|29
10|31
0|233
1|232
1|231
2|231
0|233
3|236
4|235
4|234
5|234
3|236
10|243
11|242
11|241
12|241
10|243
0|234
1|233
1|232
2|232
0|234
3|237
4|236
4|235
5|235
3|237
10|244
11|243
11|242
12|242
10|244
0|246
1|245
1|244
2|244
0|246
3|249
4|248
4|247
5|247
3|249
10|256
11|255
11|254
12|254
10|256
0|247
1|246
1|245
2|245
0|247
3|250
4|249
4|248
5|248
3|250
10|257
11|256
11|255
12|255
10|257
0|185
1|184
1|183
2|183
0|185
3|188
4|187
4|186
5|186
3|188
10|195
11|194
11|193
12|193
10|195
0|186
1|185
1|184
2|184
0|186
3|189
4|188
4|187
5|187
3|189
10|196
11|195
11|194
12|194
10|196
0|225
1|224
1|223
2|223
0|225
3|228
4|227
4|226
5|226
3|228
10|235
11|234
11|233
12|233
10|235
0|226
1|225
1|224
2|224
0|226
3|229
4|228
4|227
5|227
3|229
10|236
11|235
11|234
12|234
10|236
0|249
1|248
1|247
2|247
0|249
3|252
4|251
4|250
5|250
3|252
10|259
11|258
11|257
12|257
10|259
0|250
1|249
1|248
2|248
0|250
3|253
4|252
4|251
5|251
3|253
10|260
11|259
11|258
12|258
10|260
0|39
1|38
1|37
2|37
0|39
3|42
4|41
4|40
5|40
3|42
10|49
11|48
11|47
12|47
10|49
0|40
1|39
1|38
2|38
0|40
3|43
4|42
4|41
5|41
3|43
10|50
11|49
11|48
12|48
10|50
0|48
1|47
1|46
2|46
0|48
3|51
4|50
4|49
5|49
3|51
10|58
11|57
11|56
12|56
10|58
0|49
1|48
1|47
2|47
0|49
3|52
4|51
4|50
5|50
3|52
10|59
11|58
11|57
12|57
10|59
0|158
1|157
1|156
2|156
0|158
3|161
4|160
4|159
5|159
3|161
10|168
11|167
11|166
12|166
10|168
0|159
1|158
1|157
2|157
0|159
3|162
4|161
4|160
5|160
3|162
10|169
11|168
11|167
12|167
10|169
0|1
0|1
0|1
0|1
0|1
3|4
3|4
3|4
3|4
3|4
10|11
10|11
10|11
10|11
10|11
0|2
1|1
0|2
0|2
0|2
3|5
4|4
3|5
3|5
3|5
10|12
11|11
10|12
10|12
10|12
0|16
1|15
1|14
2|14
0|16
3|19
4|18
4|17
5|17
3|19
10|26
11|25
11|24
12|24
10|26
0|16
1|15
1|14
2|14
0|16
3|19
4|18
4|17
5|17
3|19
10|26
11|25
11|24
12|24
10|26
0|16
1|15
1|14
2|14
0|16
3|19
4|18
4|17
5|17
3|19
10|26
11|25
11|24
12|24
10|26
0|16
1|15
1|14
2|14
0|16
3|19
4|18
4|17
5|17
3|19
10|26
11|25
11|24
12|24
10|26
0|16
1|15
1|14
2|14
0|16
3|19
4|18
4|17
5|17
3|19
10|26
11|25
11|24
12|24
10|26
0|16
1|15
1|14
2|14
0|16
3|19
4|18
4|17
5|17
3|19
10|26
11|25
11|24
12|24
10|26
0|16
1|15
1|14
2|14
0|16
3|19
4|18
4|17
5|17
3|19
10|26
11|25
11|24
12|24
10|26
0|16
1|15
1|14
2|14
0|16
3|19
4|18
4|17
5|17
3|19
10|26
11|25
11|24
12|24
10|26
0|16
1|15
1|14
2|14
0|16
3|19
4|18
4|17
5|17
3|19
10|26
11|25
11|24
12|24
10|26
0|16
1|15
1|14
2|14
0|16
3|19
4|18
4|17
5|17
3|19
10|26
11|25
11|24
12|24
10|26
0|16
1|15
1|14
2|14
0|16
3|19
4|18
4|17
5|17
3|19
10|26
11|25
11|24
12|24
10|26
0|16
1|15
1|14
2|14
0|16
3|19
4|18
4|17
5|17
3|19
10|26
11|25
11|24
12|24
10|26
0|16
1|15
1|14
2|14
0|16
3|19
4|18
4|17
5|17
3|19
10|26
11|25
11|24
12|24
10|26
0|16
1|15
1|14
2|14
0|16
3|19
4|18
4|17
5|17
3|19
10|26
11|25
11|24
12|24
10|26
0|16
1|15
1|14
2|14
0|16
3|19
4|18
4|17
5|17
3|19
10|26
11|25
11|24
12|24
10|26
0|16
1|15
1|14
2|14
0|16
3|19
4|18
4|17
5|17
3|19
10|26
11|25
11|24
12|24
10|26
0|16
1|15
1|14
2|14
0|16
3|19
4|18
4|17
5|17
3|19
10|26
11|25
11|24
12|24
10|26
0|16
1|15
1|14
2|14
0|16
3|19
4|18
4|17
5|17
3|19
10|26
11|25
11|24
12|24
10|26
0|16
1|15
1|14
2|14
0|16
3|19
4|18
4|17
5|17
3|19
10|26
11|25
11|24
12|24
10|26
0|16
1|15
1|14
2|14
0|16
3|19
4|18
4|17
5|17
3|19
10|26
11|25
11|24
12|24
10|26
0|16
1|15
1|14
2|14
0|16
3|19
4|18
4|17
5|17
3|19
10|26
11|25
11|24
12|24
10|26
0|16
1|15
1|14
2|14
0|16
3|19
4|18
4|17
5|17
3|19
10|26
11|25
11|24
12|24
10|26
0|16
1|15
1|14
2|14
0|16
3|19
4|18
4|17
5|17
3|19
10|26
11|25
11|24
12|24
10|26
0|16
1|15
1|14
2|14
0|16
3|19
4|18
4|17
5|17
3|19
10|26
11|25
11|24
12|24
10|26
0|16
1|15
1|14
2|14
0|16
3|19
4|18
4|17
5|17
3|19
10|26
11|25
11|24
12|24
10|26
0|16
1|15
1|14
2|14
0|16
3|19
4|18
4|17
5|17
3|19
10|26
11|25
11|24
12|24
10|26
0|16
1|15
1|14
2|14
0|16
3|19
4|18
4|17
5|17
3|19
10|26
11|25
11|24
12|24
10|26
0|16
1|15
1|14
2|14
0|16
3|19
4|18
4|17
5|17
3|19
10|26
11|25
11|24
12|24
10|26
0|16
1|15
1|14
2|14
0|16
3|19
4|18
4|17
5|17
3|19
10|26
11|25
11|24
12|24
10|26
0|16
1|15
1|14
2|14
0|16
3|19
4|18
4|17
5|17
3|19
10|26
11|25
11|24
12|24
10|26
0|16
1|15
1|14
2|14
0|16
3|19
4|18
4|17
5|17
3|19
10|26
11|25
11|24
12|24
10|26
0|16
1|15
1|14
2|14
0|16
3|19
4|18
4|17
5|17
3|19
10|26
11|25
11|24
12|24
10|26
0|16
1|15
1|14
2|14
0|16
3|19
4|18
4|17
5|17
3|19
10|26
11|25
11|24
12|24
10|26
0|16
1|15
1|14
2|14
0|16
3|19
4|18
4|17
5|17
3|19
10|26
11|25
11|24
12|24
10|26
0|16
1|15
1|14
2|14
0|16
3|19
4|18
4|17
5|17
3|19
10|26
11|25
11|24
12|24
10|26
0|16
1|15
1|14
2|14
0|16
3|19
4|18
4|17
5|17
3|19
10|26
11|25
11|24
12|24
10|26
0|16
1|15
1|14
2|14
0|16
3|19
4|18
4|17
5|17
3|19
10|26
11|25
11|24
12|24
10|26
0|16
1|15
1|14
2|14
0|16
3|19
4|18
4|17
5|17
3|19
10|26
11|25
11|24
12|24
10|26
0|16
1|15
1|14
2|14
0|16
3|19
4|18
4|17
5|17
3|19
10|26
11|25
11|24
12|24
10|26
0|16
1|15
1|14
2|14
0|16
3|19
4|18
4|17
5|17
3|19
10|26
11|25
11|24
12|24
10|26
0|16
1|15
1|14
2|14
0|16
3|19
4|18
4|17
5|17
3|19
10|26
11|25
11|24
12|24
10|26
0|16
1|15
1|14
2|14
0|16
3|19
4|18
4|17
5|17
3|19
10|26
11|25
11|24
12|24
10|26
0|16
1|15
1|14
2|14
0|16
3|19
4|18
4|17
5|17
3|19
10|26
11|25
11|24
12|24
10|26
0|16
1|15
1|14
2|14
0|16
3|19
4|18
4|17
5|17
3|19
10|26
11|25
11|24
12|24
10|26
0|16
1|15
1|14
2|14
0|16
3|19
4|18
4|17
5|17
3|19
10|26
11|25
11|24
12|24
10|26
0|16
1|15
1|14
2|14
0|16
3|19
4|18
4|17
5|17
3|19
10|26
11|25
11|24
12|24
10|26
0|16
1|15
1|14
2|14
0|16
3|19
4|18
4|17
5|17
3|19
10|26
11|25
11|24
12|24
10|26
0|16
1|15
1|14
2|14
0|16
3|19
4|18
4|17
5|17
3|19
10|26
11|25
11|24
12|24
10|26
0|16
1|15
1|14
2|14
0|16
3|19
4|18
4|17
5|17
3|19
10|26
11|25
11|24
12|24
10|26
0|16
1|15
1|14
2|14
0|16
3|19
4|18
4|17
5|17
3|19
10|26
11|25
11|24
12|24
10|26
0|16
1|15
1|14
2|14
0|16
3|19
4|18
4|17
5|17
3|19
10|26
11|25
11|24
12|24
10|26
0|16
1|15
1|14
2|14
0|16
3|19
4|18
4|17
5|17
3|19
10|26
11|25
11|24
12|24
10|26
0|16
1|15
1|14
2|14
0|16
3|19
4|18
4|17
5|17
3|19
10|26
11|25
11|24
12|24
10|26
0|16
1|15
1|14
2|14
0|16
3|19
4|18
4|17
5|17
3|19
10|26
11|25
11|24
12|24
10|26
0|16
1|15
1|14
2|14
0|16
3|19
4|18
4|17
5|17
3|19
10|26
11|25
11|24
12|24
10|26
0|16
1|15
1|14
2|14
0|16
3|19
4|18
4|17
5|17
3|19
10|26
11|25
11|24
12|24
10|26
0|16
1|15
1|14
2|14
0|16
3|19
4|18
4|17
5|17
3|19
10|26
11|25
11|24
12|24
10|26
0|16
1|15
1|14
2|14
0|16
3|19
4|18
4|17
5|17
3|19
10|26
11|25
11|24
12|24
10|26
0|16
1|15
1|14
2|14
0|16
3|19
4|18
4|17
5|17
3|19
10|26
11|25
11|24
12|24
10|26
0|16
1|15
1|14
2|14
0|16
3|19
4|18
4|17
5|17
3|19
10|26
11|25
11|24
12|24
10|26
0|16
1|15
1|14
2|14
0|16
3|19
4|18
4|17
5|17
3|19
10|26
11|25
11|24
12|24
10|26
0|16
1|15
1|14
2|14
0|16
3|19
4|18
4|17
5|17
3|19
10|26
11|25
11|24
12|24
10|26
0|16
1|15
1|14
2|14
0|16
3|19
4|18
4|17
5|17
3|19
10|26
11|25
11|24
12|24
10|26
0|16
1|15
1|14
2|14
0|16
3|19
4|18
4|17
5|17
3|19
10|26
11|25
11|24
12|24
10|26
0|16
1|15
1|14
2|14
0|16
3|19
4|18
4|17
5|17
3|19
10|26
11|25
11|24
12|24
10|26
0|16
1|15
1|14
2|14
0|16
3|19
4|18
4|17
5|17
3|19
10|26
11|25
11|24
12|24
10|26
0|16
1|15
1|14
2|14
0|16
3|19
4|18
4|17
5|17
3|19
10|26
11|25
11|24
12|24
10|26
0|16
1|15
1|14
2|14
0|16
3|19
4|18
4|17
5|17
3|19
10|26
11|25
11|24
12|24
10|26
0|16
1|15
1|14
2|14
0|16
3|19
4|18
4|17
5|17
3|19
10|26
11|25
11|24
12|24
10|26
0|16
1|15
1|14
2|14
0|16
3|19
4|18
4|17
5|17
3|19
10|26
11|25
11|24
12|24
10|26
0|16
1|15
1|14
2|14
0|16
3|19
4|18
4|17
5|17
3|19
10|26
11|25
11|24
12|24
10|26
0|16
1|15
1|14
2|14
0|16
3|19
4|18
4|17
5|17
3|19
10|26
11|25
11|24
12|24
10|26
0|16
1|15
1|14
2|14
0|16
3|19
4|18
4|17
5|17
3|19
10|26
11|25
11|24
12|24
10|26
0|16
1|15
1|14
2|14
0|16
3|19
4|18
4|17
5|17
3|19
10|26
11|25
11|24
12|24
10|26
0|16
1|15
1|14
2|14
0|16
3|19
4|18
4|17
5|17
3|19
10|26
11|25
11|24
12|24
10|26
0|16
1|15
1|14
2|14
0|16
3|19
4|18
4|17
5|17
3|19
10|26
11|25
11|24
12|24
10|26
0|16
1|15
1|14
2|14
0|16
3|19
4|18
4|17
5|17
3|19
10|26
11|25
11|24
12|24
10|26
0|16
1|15
1|14
2|14
0|16
3|19
4|18
4|17
5|17
3|19
10|26
11|25
11|24
12|24
10|26
0|16
1|15
1|14
2|14
0|16
3|19
4|18
4|17
5|17
3|19
10|26
11|25
11|24
12|24
10|26
0|16
1|15
1|14
2|14
0|16
3|19
4|18
4|17
5|17
3|19
10|26
11|25
11|24
12|24
10|26
0|16
1|15
1|14
2|14
0|16
3|19
4|18
4|17
5|17
3|19
10|26
11|25
11|24
12|24
10|26
0|16
1|15
1|14
2|14
0|16
3|19
4|18
4|17
5|17
3|19
10|26
11|25
11|24
12|24
10|26
0|16
1|15
1|14
2|14
0|16
3|19
4|18
4|17
5|17
3|19
10|26
11|25
11|24
12|24
10|26
0|16
1|15
1|14
2|14
0|16
3|19
4|18
4|17
5|17
3|19
10|26
11|25
11|24
12|24
10|26
0|16
1|15
1|14
2|14
0|16
3|19
4|18
4|17
5|17
3|19
10|26
11|25
11|24
12|24
10|26
0|16
1|15
1|14
2|14
0|16
3|19
4|18
4|17
5|17
3|19
10|26
11|25
11|24
12|24
10|26
0|16
1|15
1|14
2|14
0|16
3|19
4|18
4|17
5|17
3|19
10|26
11|25
11|24
12|24
10|26
0|16
1|15
1|14
2|14
0|16
3|19
4|18
4|17
5|17
3|19
10|26
11|25
11|24
12|24
10|26
0|16
1|15
1|14
2|14
0|16
3|19
4|18
4|17
5|17
3|19
10|26
11|25
11|24
12|24
10|26
0|16
1|15
1|14
2|14
0|16
3|19
4|18
4|17
5|17
3|19
10|26
11|25
11|24
12|24
10|26
0|16
1|15
1|14
2|14
0|16
3|19
4|18
4|17
5|17
3|19
10|26
11|25
11|24
12|24
10|26
0|16
1|15
1|14
2|14
0|16
3|19
4|18
4|17
5|17
3|19
10|26
11|25
11|24
12|24
10|26
0|16
1|15
1|14
2|14
0|16
3|19
4|18
4|17
5|17
3|19
10|26
11|25
11|24
12|24
10|26
0|16
1|15
1|14
2|14
0|16
3|19
4|18
4|17
5|17
3|19
10|26
11|25
11|24
12|24
10|26
0|16
1|15
1|14
2|14
0|16
3|19
4|18
4|17
5|17
3|19
10|26
11|25
11|24
12|24
10|26
0|16
1|15
1|14
2|14
0|16
3|19
4|18
4|17
5|17
3|19
10|26
11|25
11|24
12|24
10|26
0|16
1|15
1|14
2|14
0|16
3|19
4|18
4|17
5|17
3|19
10|26
11|25
11|24
12|24
10|26
0|16
1|15
1|14
2|14
0|16
3|19
4|18
4|17
5|17
3|19
10|26
11|25
11|24
12|24
10|26
0|16
1|15
1|14
2|14
0|16
3|19
4|18
4|17
5|17
3|19
10|26
11|25
11|24
12|24
10|26
0|16
1|15
1|14
2|14
0|16
3|19
4|18
4|17
5|17
3|19
10|26
11|25
11|24
12|24
10|26
0|16
1|15
1|14
2|14
0|16
3|19
4|18
4|17
5|17
3|19
10|26
11|25
11|24
12|24
10|26
0|16
1|15
1|14
2|14
0|16
3|19
4|18
4|17
5|17
3|19
10|26
11|25
11|24
12|24
10|26
0|16
1|15
1|14
2|14
0|16
3|19
4|18
4|17
5|17
3|19
10|26
11|25
11|24
12|24
10|26
0|16
1|15
1|14
2|14
0|16
3|19
4|18
4|17
5|17
3|19
10|26
11|25
11|24
12|24
10|26
0|16
1|15
1|14
2|14
0|16
3|19
4|18
4|17
5|17
3|19
10|26
11|25
11|24
12|24
10|26
0|16
1|15
1|14
2|14
0|16
3|19
4|18
4|17
5|17
3|19
10|26
11|25
11|24
12|24
10|26
0|16
1|15
1|14
2|14
0|16
3|19
4|18
4|17
5|17
3|19
10|26
11|25
11|24
12|24
10|26
0|16
1|15
1|14
2|14
0|16
3|19
4|18
4|17
5|17
3|19
10|26
11|25
11|24
12|24
10|26
0|16
1|15
1|14
2|14
0|16
3|19
4|18
4|17
5|17
3|19
10|26
11|25
11|24
12|24
10|26
0|16
1|15
1|14
2|14
0|16
3|19
4|18
4|17
5|17
3|19
10|26
11|25
11|24
12|24
10|26
0|16
1|15
1|14
2|14
0|16
3|19
4|18
4|17
5|17
3|19
10|26
11|25
11|24
12|24
10|26
0|16
1|15
1|14
2|14
0|16
3|19
4|18
4|17
5|17
3|19
10|26
11|25
11|24
12|24
10|26
0|16
1|15
1|14
2|14
0|16
3|19
4|18
4|17
5|17
3|19
10|26
11|25
11|24
12|24
10|26
0|16
1|15
1|14
2|14
0|16
3|19
4|18
4|17
5|17
3|19
10|26
11|25
11|24
12|24
10|26
0|16
1|15
1|14
2|14
0|16
3|19
4|18
4|17
5|17
3|19
10|26
11|25
11|24
12|24
10|26
0|16
1|15
1|14
2|14
0|16
3|19
4|18
4|17
5|17
3|19
10|26
11|25
11|24
12|24
10|26
0|16
1|15
1|14
2|14
0|16
3|19
4|18
4|17
5|17
3|19
10|26
11|25
11|24
12|24
10|26
0|16
1|15
1|14
2|14
0|16
3|19
4|18
4|17
5|17
3|19
10|26
11|25
11|24
12|24
10|26
0|16
1|15
1|14
2|14
0|16
3|19
4|18
4|17
5|17
3|19
10|26
11|25
11|24
12|24
10|26
0|16
1|15
1|14
2|14
0|16
3|19
4|18
4|17
5|17
3|19
10|26
11|25
11|24
12|24
10|26
0|16
1|15
1|14
2|14
0|16
3|19
4|18
4|17
5|17
3|19
10|26
11|25
11|24
12|24
10|26
0|16
1|15
1|14
2|14
0|16
3|19
4|18
4|17
5|17
3|19
10|26
11|25
11|24
12|24
10|26
0|16
1|15
1|14
2|14
0|16
3|19
4|18
4|17
5|17
3|19
10|26
11|25
11|24
12|24
10|26
0|16
1|15
1|14
2|14
0|16
3|19
4|18
4|17
5|17
3|19
10|26
11|25
11|24
12|24
10|26
0|16
1|15
1|14
2|14
0|16
3|19
4|18
4|17
5|17
3|19
10|26
11|25
11|24
12|24
10|26
0|16
1|15
1|14
2|14
0|16
3|19
4|18
4|17
5|17
3|19
10|26
11|25
11|24
12|24
10|26
0|16
1|15
1|14
2|14
0|16
3|19
4|18
4|17
5|17
3|19
10|26
11|25
11|24
12|24
10|26
0|16
1|15
1|14
2|14
0|16
3|19
4|18
4|17
5|17
3|19
10|26
11|25
11|24
12|24
10|26
0|16
1|15
1|14
2|14
0|16
3|19
4|18
4|17
5|17
3|19
10|26
11|25
11|24
12|24
10|26
0|16
1|15
1|14
2|14
0|16
3|19
4|18
4|17
5|17
3|19
10|26
11|25
11|24
12|24
10|26
0|16
1|15
1|14
2|14
0|16
3|19
4|18
4|17
5|17
3|19
10|26
11|25
11|24
12|24
10|26
0|16
1|15
1|14
2|14
0|16
3|19
4|18
4|17
5|17
3|19
10|26
11|25
11|24
12|24
10|26
0|16
1|15
1|14
2|14
0|16
3|19
4|18
4|17
5|17
3|19
10|26
11|25
11|24
12|24
10|26
0|16
1|15
1|14
2|14
0|16
3|19
4|18
4|17
5|17
3|19
10|26
11|25
11|24
12|24
10|26
0|16
1|15
1|14
2|14
0|16
3|19
4|18
4|17
5|17
3|19
10|26
11|25
11|24
12|24
10|26
0|16
1|15
1|14
2|14
0|16
3|19
4|18
4|17
5|17
3|19
10|26
11|25
11|24
12|24
10|26
0|16
1|15
1|14
2|14
0|16
3|19
4|18
4|17
5|17
3|19
10|26
11|25
11|24
12|24
10|26
0|16
1|15
1|14
2|14
0|16
3|19
4|18
4|17
5|17
3|19
10|26
11|25
11|24
12|24
10|26
0|16
1|15
1|14
2|14
0|16
3|19
4|18
4|17
5|17
3|19
10|26
11|25
11|24
12|24
10|26
0|16
1|15
1|14
2|14
0|16
3|19
4|18
4|17
5|17
3|19
10|26
11|25
11|24
12|24
10|26
0|16
1|15
1|14
2|14
0|16
3|19
4|18
4|17
5|17
3|19
10|26
11|25
11|24
12|24
10|26
0|16
1|15
1|14
2|14
0|16
3|19
4|18
4|17
5|17
3|19
10|26
11|25
11|24
12|24
10|26
0|16
1|15
1|14
2|14
0|16
3|19
4|18
4|17
5|17
3|19
10|26
11|25
11|24
12|24
10|26
0|16
1|15
1|14
2|14
0|16
3|19
4|18
4|17
5|17
3|19
10|26
11|25
11|24
12|24
10|26
0|16
1|15
1|14
2|14
0|16
3|19
4|18
4|17
5|17
3|19
10|26
11|25
11|24
12|24
10|26
0|16
1|15
1|14
2|14
0|16
3|19
4|18
4|17
5|17
3|19
10|26
11|25
11|24
12|24
10|26
0|16
1|15
1|14
2|14
0|16
3|19
4|18
4|17
5|17
3|19
10|26
11|25
11|24
12|24
10|26
0|16
1|15
1|14
2|14
0|16
3|19
4|18
4|17
5|17
3|19
10|26
11|25
11|24
12|24
10|26
0|16
1|15
1|14
2|14
0|16
3|19
4|18
4|17
5|17
3|19
10|26
11|25
11|24
12|24
10|26
0|16
1|15
1|14
2|14
0|16
3|19
4|18
4|17
5|17
3|19
10|26
11|25
11|24
12|24
10|26
0|16
1|15
1|14
2|14
0|16
3|19
4|18
4|17
5|17
3|19
10|26
11|25
11|24
12|24
10|26
0|16
1|15
1|14
2|14
0|16
3|19
4|18
4|17
5|17
3|19
10|26
11|25
11|24
12|24
10|26
0|16
1|15
1|14
2|14
0|16
3|19
4|18
4|17
5|17
3|19
10|26
11|25
11|24
12|24
10|26
0|16
1|15
1|14
2|14
0|16
3|19
4|18
4|17
5|17
3|19
10|26
11|25
11|24
12|24
10|26
0|16
1|15
1|14
2|14
0|16
3|19
4|18
4|17
5|17
3|19
10|26
11|25
11|24
12|24
10|26
0|16
1|15
1|14
2|14
0|16
3|19
4|18
4|17
5|17
3|19
10|26
11|25
11|24
12|24
10|26
0|16
1|15
1|14
2|14
0|16
3|19
4|18
4|17
5|17
3|19
10|26
11|25
11|24
12|24
10|26
0|16
1|15
1|14
2|14
0|16
3|19
4|18
4|17
5|17
3|19
10|26
11|25
11|24
12|24
10|26
0|16
1|15
1|14
2|14
0|16
3|19
4|18
4|17
5|17
3|19
10|26
11|25
11|24
12|24
10|26
0|16
1|15
1|14
2|14
0|16
3|19
4|18
4|17
5|17
3|19
10|26
11|25
11|24
12|24
10|26
0|16
1|15
1|14
2|14
0|16
3|19
4|18
4|17
5|17
3|19
10|26
11|25
11|24
12|24
10|26
0|16
1|15
1|14
2|14
0|16
3|19
4|18
4|17
5|17
3|19
10|26
11|25
11|24
12|24
10|26
0|16
1|15
1|14
2|14
0|16
3|19
4|18
4|17
5|17
3|19
10|26
11|25
11|24
12|24
10|26
0|16
1|15
1|14
2|14
0|16
3|19
4|18
4|17
5|17
3|19
10|26
11|25
11|24
12|24
10|26
0|16
1|15
1|14
2|14
0|16
3|19
4|18
4|17
5|17
3|19
10|26
11|25
11|24
12|24
10|26
0|16
1|15
1|14
2|14
0|16
3|19
4|18
4|17
5|17
3|19
10|26
11|25
11|24
12|24
10|26
0|16
1|15
1|14
2|14
0|16
3|19
4|18
4|17
5|17
3|19
10|26
11|25
11|24
12|24
10|26
0|16
1|15
1|14
2|14
0|16
3|19
4|18
4|17
5|17
3|19
10|26
11|25
11|24
12|24
10|26
0|16
1|15
1|14
2|14
0|16
3|19
4|18
4|17
5|17
3|19
10|26
11|25
11|24
12|24
10|26
0|16
1|15
1|14
2|14
0|16
3|19
4|18
4|17
5|17
3|19
10|26
11|25
11|24
12|24
10|26
0|16
1|15
1|14
2|14
0|16
3|19
4|18
4|17
5|17
3|19
10|26
11|25
11|24
12|24
10|26
0|16
1|15
1|14
2|14
0|16
3|19
4|18
4|17
5|17
3|19
10|26
11|25
11|24
12|24
10|26
0|16
1|15
1|14
2|14
0|16
3|19
4|18
4|17
5|17
3|19
10|26
11|25
11|24
12|24
10|26
0|16
1|15
1|14
2|14
0|16
3|19
4|18
4|17
5|17
3|19
10|26
11|25
11|24
12|24
10|26
0|16
1|15
1|14
2|14
0|16
3|19
4|18
4|17
5|17
3|19
10|26
11|25
11|24
12|24
10|26
0|16
1|15
1|14
2|14
0|16
3|19
4|18
4|17
5|17
3|19
10|26
11|25
11|24
12|24
10|26
0|16
1|15
1|14
2|14
0|16
3|19
4|18
4|17
5|17
3|19
10|26
11|25
11|24
12|24
10|26
0|16
1|15
1|14
2|14
0|16
3|19
4|18
4|17
5|17
3|19
10|26
11|25
11|24
12|24
10|26
0|16
1|15
1|14
2|14
0|16
3|19
4|18
4|17
5|17
3|19
10|26
11|25
11|24
12|24
10|26
0|16
1|15
1|14
2|14
0|16
3|19
4|18
4|17
5|17
3|19
10|26
11|25
11|24
12|24
10|26
0|16
1|15
1|14
2|14
0|16
3|19
4|18
4|17
5|17
3|19
10|26
11|25
11|24
12|24
10|26
0|16
1|15
1|14
2|14
0|16
3|19
4|18
4|17
5|17
3|19
10|26
11|25
11|24
12|24
10|26
0|16
1|15
1|14
2|14
0|16
3|19
4|18
4|17
5|17
3|19
10|26
11|25
11|24
12|24
10|26
0|16
1|15
1|14
2|14
0|16
3|19
4|18
4|17
5|17
3|19
10|26
11|25
11|24
12|24
10|26
0|16
1|15
1|14
2|14
0|16
3|19
4|18
4|17
5|17
3|19
10|26
11|25
11|24
12|24
10|26
0|16
1|15
1|14
2|14
0|16
3|19
4|18
4|17
5|17
3|19
10|26
11|25
11|24
12|24
10|26
0|16
1|15
1|14
2|14
0|16
3|19
4|18
4|17
5|17
3|19
10|26
11|25
11|24
12|24
10|26
0|16
1|15
1|14
2|14
0|16
3|19
4|18
4|17
5|17
3|19
10|26
11|25
11|24
12|24
10|26
0|16
1|15
1|14
2|14
0|16
3|19
4|18
4|17
5|17
3|19
10|26
11|25
11|24
12|24
10|26
0|16
1|15
1|14
2|14
0|16
3|19
4|18
4|17
5|17
3|19
10|26
11|25
11|24
12|24
10|26
0|16
1|15
1|14
2|14
0|16
3|19
4|18
4|17
5|17
3|19
10|26
11|25
11|24
12|24
10|26
0|16
1|15
1|14
2|14
0|16
3|19
4|18
4|17
5|17
3|19
10|26
11|25
11|24
12|24
10|26
0|16
1|15
1|14
2|14
0|16
3|19
4|18
4|17
5|17
3|19
10|26
11|25
11|24
12|24
10|26
0|16
1|15
1|14
2|14
0|16
3|19
4|18
4|17
5|17
3|19
10|26
11|25
11|24
12|24
10|26
0|16
1|15
1|14
2|14
0|16
3|19
4|18
4|17
5|17
3|19
10|26
11|25
11|24
12|24
10|26
0|16
1|15
1|14
2|14
0|16
3|19
4|18
4|17
5|17
3|19
10|26
11|25
11|24
12|24
10|26
0|16
1|15
1|14
2|14
0|16
3|19
4|18
4|17
5|17
3|19
10|26
11|25
11|24
12|24
10|26
0|16
1|15
1|14
2|14
0|16
3|19
4|18
4|17
5|17
3|19
10|26
11|25
11|24
12|24
10|26
0|16
1|15
1|14
2|14
0|16
3|19
4|18
4|17
5|17
3|19
10|26
11|25
11|24
12|24
10|26
0|16
1|15
1|14
2|14
0|16
3|19
4|18
4|17
5|17
3|19
10|26
11|25
11|24
12|24
10|26
0|16
1|15
1|14
2|14
0|16
3|19
4|18
4|17
5|17
3|19
10|26
11|25
11|24
12|24
10|26
0|16
1|15
1|14
2|14
0|16
3|19
4|18
4|17
5|17
3|19
10|26
11|25
11|24
12|24
10|26
0|16
1|15
1|14
2|14
0|16
3|19
4|18
4|17
5|17
3|19
10|26
11|25
11|24
12|24
10|26
0|16
1|15
1|14
2|14
0|16
3|19
4|18
4|17
5|17
3|19
10|26
11|25
11|24
12|24
10|26
0|16
1|15
1|14
2|14
0|16
3|19
4|18
4|17
5|17
3|19
10|26
11|25
11|24
12|24
10|26
0|16
1|15
1|14
2|14
0|16
3|19
4|18
4|17
5|17
3|19
10|26
11|25
11|24
12|24
10|26
0|16
1|15
1|14
2|14
0|16
3|19
4|18
4|17
5|17
3|19
10|26
11|25
11|24
12|24
10|26
0|16
1|15
1|14
2|14
0|16
3|19
4|18
4|17
5|17
3|19
10|26
11|25
11|24
12|24
10|26
0|16
1|15
1|14
2|14
0|16
3|19
4|18
4|17
5|17
3|19
10|26
11|25
11|24
12|24
10|26
0|16
1|15
1|14
2|14
0|16
3|19
4|18
4|17
5|17
3|19
10|26
11|25
11|24
12|24
10|26
0|16
1|15
1|14
2|14
0|16
3|19
4|18
4|17
5|17
3|19
10|26
11|25
11|24
12|24
10|26
0|16
1|15
1|14
2|14
0|16
3|19
4|18
4|17
5|17
3|19
10|26
11|25
11|24
12|24
10|26
0|16
1|15
1|14
2|14
0|16
3|19
4|18
4|17
5|17
3|19
10|26
11|25
11|24
12|24
10|26
0|16
1|15
1|14
2|14
0|16
3|19
4|18
4|17
5|17
3|19
10|26
11|25
11|24
12|24
10|26
0|16
1|15
1|14
2|14
0|16
3|19
4|18
4|17
5|17
3|19
10|26
11|25
11|24
12|24
10|26
0|16
1|15
1|14
2|14
0|16
3|19
4|18
4|17
5|17
3|19
10|26
11|25
11|24
12|24
10|26
0|16
1|15
1|14
2|14
0|16
3|19
4|18
4|17
5|17
3|19
10|26
11|25
11|24
12|24
10|26
0|16
1|15
1|14
2|14
0|16
3|19
4|18
4|17
5|17
3|19
10|26
11|25
11|24
12|24
10|26
0|16
1|15
1|14
2|14
0|16
3|19
4|18
4|17
5|17
3|19
10|26
11|25
11|24
12|24
10|26
0|16
1|15
1|14
2|14
0|16
3|19
4|18
4|17
5|17
3|19
10|26
11|25
11|24
12|24
10|26
0|16
1|15
1|14
2|14
0|16
3|19
4|18
4|17
5|17
3|19
10|26
11|25
11|24
12|24
10|26
0|16
1|15
1|14
2|14
0|16
3|19
4|18
4|17
5|17
3|19
10|26
11|25
11|24
12|24
10|26
0|16
1|15
1|14
2|14
0|16
3|19
4|18
4|17
5|17
3|19
10|26
11|25
11|24
12|24
10|26
0|16
1|15
1|14
2|14
0|16
3|19
4|18
4|17
5|17
3|19
10|26
11|25
11|24
12|24
10|26
0|16
1|15
1|14
2|14
0|16
3|19
4|18
4|17
5|17
3|19
10|26
11|25
11|24
12|24
10|26
0|16
1|15
1|14
2|14
0|16
3|19
4|18
4|17
5|17
3|19
10|26
11|25
11|24
12|24
10|26
0|16
1|15
1|14
2|14
0|16
3|19
4|18
4|17
5|17
3|19
10|26
11|25
11|24
12|24
10|26
0|16
1|15
1|14
2|14
0|16
3|19
4|18
4|17
5|17
3|19
10|26
11|25
11|24
12|24
10|26
0|16
1|15
1|14
2|14
0|16
3|19
4|18
4|17
5|17
3|19
10|26
11|25
11|24
12|24
10|26
0|16
1|15
1|14
2|14
0|16
3|19
4|18
4|17
5|17
3|19
10|26
11|25
11|24
12|24
10|26
0|16
1|15
1|14
2|14
0|16
3|19
4|18
4|17
5|17
3|19
10|26
11|25
11|24
12|24
10|26
0|16
1|15
1|14
2|14
0|16
3|19
4|18
4|17
5|17
3|19
10|26
11|25
11|24
12|24
10|26
0|16
1|15
1|14
2|14
0|16
3|19
4|18
4|17
5|17
3|19
10|26
11|25
11|24
12|24
10|26
0|16
1|15
1|14
2|14
0|16
3|19
4|18
4|17
5|17
3|19
10|26
11|25
11|24
12|24
10|26
0|16
1|15
1|14
2|14
0|16
3|19
4|18
4|17
5|17
3|19
10|26
11|25
11|24
12|24
10|26
0|16
1|15
1|14
2|14
0|16
3|19
4|18
4|17
5|17
3|19
10|26
11|25
11|24
12|24
10|26
0|16
1|15
1|14
2|14
0|16
3|19
4|18
4|17
5|17
3|19
10|26
11|25
11|24
12|24
10|26
0|16
1|15
1|14
2|14
0|16
3|19
4|18
4|17
5|17
3|19
10|26
11|25
11|24
12|24
10|26
0|16
1|15
1|14
2|14
0|16
3|19
4|18
4|17
5|17
3|19
10|26
11|25
11|24
12|24
10|26
0|16
1|15
1|14
2|14
0|16
3|19
4|18
4|17
5|17
3|19
10|26
11|25
11|24
12|24
10|26
0|16
1|15
1|14
2|14
0|16
3|19
4|18
4|17
5|17
3|19
10|26
11|25
11|24
12|24
10|26
0|16
1|15
1|14
2|14
0|16
3|19
4|18
4|17
5|17
3|19
10|26
11|25
11|24
12|24
10|26
0|16
1|15
1|14
2|14
0|16
3|19
4|18
4|17
5|17
3|19
10|26
11|25
11|24
12|24
10|26
0|16
1|15
1|14
2|14
0|16
3|19
4|18
4|17
5|17
3|19
10|26
11|25
11|24
12|24
10|26
0|16
1|15
1|14
2|14
0|16
3|19
4|18
4|17
5|17
3|19
10|26
11|25
11|24
12|24
10|26
0|16
1|15
1|14
2|14
0|16
3|19
4|18
4|17
5|17
3|19
10|26
11|25
11|24
12|24
10|26
0|16
1|15
1|14
2|14
0|16
3|19
4|18
4|17
5|17
3|19
10|26
11|25
11|24
12|24
10|26
0|16
1|15
1|14
2|14
0|16
3|19
4|18
4|17
5|17
3|19
10|26
11|25
11|24
12|24
10|26
0|16
1|15
1|14
2|14
0|16
3|19
4|18
4|17
5|17
3|19
10|26
11|25
11|24
12|24
10|26
0|16
1|15
1|14
2|14
0|16
3|19
4|18
4|17
5|17
3|19
10|26
11|25
11|24
12|24
10|26
0|16
1|15
1|14
2|14
0|16
3|19
4|18
4|17
5|17
3|19
10|26
11|25
11|24
12|24
10|26
0|16
1|15
1|14
2|14
0|16
3|19
4|18
4|17
5|17
3|19
10|26
11|25
11|24
12|24
10|26
0|16
1|15
1|14
2|14
0|16
3|19
4|18
4|17
5|17
3|19
10|26
11|25
11|24
12|24
10|26
0|16
1|15
1|14
2|14
0|16
3|19
4|18
4|17
5|17
3|19
10|26
11|25
11|24
12|24
10|26
0|16
1|15
1|14
2|14
0|16
3|19
4|18
4|17
5|17
3|19
10|26
11|25
11|24
12|24
10|26
0|16
1|15
1|14
2|14
0|16
3|19
4|18
4|17
5|17
3|19
10|26
11|25
11|24
12|24
10|26
0|16
1|15
1|14
2|14
0|16
3|19
4|18
4|17
5|17
3|19
10|26
11|25
11|24
12|24
10|26
0|154
1|153
1|152
2|152
0|154
3|157
4|156
4|155
5|155
3|157
10|164
11|163
11|162
12|162
10|164
0|155
1|154
1|153
2|153
0|155
3|158
4|157
4|156
5|156
3|158
10|165
11|164
11|163
12|163
10|165
0|81
1|80
1|79
2|79
0|81
3|84
4|83
4|82
5|82
3|84
10|91
11|90
11|89
12|89
10|91
0|82
1|81
1|80
2|80
0|82
3|85
4|84
4|83
5|83
3|85
10|92
11|91
11|90
12|90
10|92
0|32
1|31
1|30
2|30
0|32
3|35
4|34
4|33
5|33
3|35
10|42
11|41
11|40
12|40
10|42
0|33
1|32
1|31
2|31
0|33
3|36
4|35
4|34
5|34
3|36
10|43
11|42
11|41
12|41
10|43
0|151
1|150
1|149
2|149
0|151
3|154
4|153
4|152
5|152
3|154
10|161
11|160
11|159
12|159
10|161
0|152
1|151
1|150
2|150
0|152
3|155
4|154
4|153
5|153
3|155
10|162
11|161
11|160
12|160
10|162
0|308
1|307
1|306
2|306
0|308
3|311
4|310
4|309
5|309
3|311
10|318
11|317
11|316
12|316
10|318
0|309
1|308
1|307
2|307
0|309
3|312
4|311
4|310
5|310
3|312
10|319
11|318
11|317
12|317
10|319
0|44
1|43
1|42
2|42
0|44
3|47
4|46
4|45
5|45
3|47
10|54
11|53
11|52
12|52
10|54
0|45
1|44
1|43
2|43
0|45
3|48
4|47
4|46
5|46
3|48
10|55
11|54
11|53
12|53
10|55
0|278
1|277
1|276
2|276
0|278
3|281
4|280
4|279
5|279
3|281
10|288
11|287
11|286
12|286
10|288
0|279
1|278
1|277
2|277
0|279
3|282
4|281
4|280
5|280
3|282
10|289
11|288
11|287
12|287
10|289
0|73
1|72
1|71
2|71
0|73
3|76
4|75
4|74
5|74
3|76
10|83
11|82
11|81
12|81
10|83
0|74
1|73
1|72
2|72
0|74
3|77
4|76
4|75
5|75
3|77
10|84
11|83
11|82
12|82
10|84
0|298
1|297
1|296
2|296
0|298
3|301
4|300
4|299
5|299
3|301
10|308
11|307
11|306
12|306
10|308
0|299
1|298
1|297
2|297
0|299
3|302
4|301
4|300
5|300
3|302
10|309
11|308
11|307
12|307
10|309
0|54
1|53
1|52
2|52
0|54
3|57
4|56
4|55
5|55
3|57
10|64
11|63
11|62
12|62
10|64
0|55
1|54
1|53
2|53
0|55
3|58
4|57
4|56
5|56
3|58
10|65
11|64
11|63
12|63
10|65
0|201
1|200
1|199
2|199
0|201
3|204
4|203
4|202
5|202
3|204
10|211
11|210
11|209
12|209
10|211
0|202
1|201
1|200
2|200
0|202
3|205
4|204
4|203
5|203
3|205
10|212
11|211
11|210
12|210
10|212
0|302
1|301
1|300
2|300
0|302
3|305
4|304
4|303
5|303
3|305
10|312
11|311
11|310
12|310
10|312
0|303
1|302
1|301
2|301
0|303
3|306
4|305
4|304
5|304
3|306
10|313
11|312
11|311
12|311
10|313
0|53
1|52
1|51
2|51
0|53
3|56
4|55
4|54
5|54
3|56
10|63
11|62
11|61
12|61
10|63
0|54
1|53
1|52
2|52
0|54
3|57
4|56
4|55
5|55
3|57
10|64
11|63
11|62
12|62
10|64
0|167
1|166
1|165
2|165
0|167
3|170
4|169
4|168
5|168
3|170
10|177
11|176
11|175
12|175
10|177
0|168
1|167
1|166
2|166
0|168
3|171
4|170
4|169
5|169
3|171
10|178
11|177
11|176
12|176
10|178
0|233
1|232
1|231
2|231
0|233
3|236
4|235
4|234
5|234
3|236
10|243
11|242
11|241
12|241
10|243
0|234
1|233
1|232
2|232
0|234
3|237
4|236
4|235
5|235
3|237
10|244
11|243
11|242
12|242
10|244
0|98
1|97
1|96
2|96
0|98
3|101
4|100
4|99
5|99
3|101
10|108
11|107
11|106
12|106
10|108
0|99
1|98
1|97
2|97
0|99
3|102
4|101
4|100
5|100
3|102
10|109
11|108
11|107
12|107
10|109
0|79
1|78
1|77
2|77
0|79
3|82
4|81
4|80
5|80
3|82
10|89
11|88
11|87
12|87
10|89
0|80
1|79
1|78
2|78
0|80
3|83
4|82
4|81
5|81
3|83
10|90
11|89
11|88
12|88
10|90
0|93
1|92
1|91
2|91
0|93
3|96
4|95
4|94
5|94
3|96
10|103
11|102
11|101
12|101
10|103
0|94
1|93
1|92
2|92
0|94
3|97
4|96
4|95
5|95
3|97
10|104
11|103
11|102
12|102
10|104
0|288
1|287
1|286
2|286
0|288
3|291
4|290
4|289
5|289
3|291
10|298
11|297
11|296
12|296
10|298
0|289
1|288
1|287
2|287
0|289
3|292
4|291
4|290
5|290
3|292
10|299
11|298
11|297
12|297
10|299
0|294
1|293
1|292
2|292
0|294
3|297
4|296
4|295
5|295
3|297
10|304
11|303
11|302
12|302
10|304
0|295
1|294
1|293
2|293
0|295
3|298
4|297
4|296
5|296
3|298
10|305
11|304
11|303
12|303
10|305
0|171
1|170
1|169
2|169
0|171
3|174
4|173
4|172
5|172
3|174
10|181
11|180
11|179
12|179
10|181
0|172
1|171
1|170
2|170
0|172
3|175
4|174
4|173
5|173
3|175
10|182
11|181
11|180
12|180
10|182
0|74
1|73
1|72
2|72
0|74
3|77
4|76
4|75
5|75
3|77
10|84
11|83
11|82
12|82
10|84
0|75
1|74
1|73
2|73
0|75
3|78
4|77
4|76
5|76
3|78
10|85
11|84
11|83
12|83
10|85
0|276
1|275
1|274
2|274
0|276
3|279
4|278
4|277
5|277
3|279
10|286
11|285
11|284
12|284
10|286
0|277
1|276
1|275
2|275
0|277
3|280
4|279
4|278
5|278
3|280
10|287
11|286
11|285
12|285
10|287
0|135
1|134
1|133
2|133
0|135
3|138
4|137
4|136
5|136
3|138
10|145
11|144
11|143
12|143
10|145
0|136
1|135
1|134
2|134
0|136
3|139
4|138
4|137
5|137
3|139
10|146
11|145
11|144
12|144
10|146
0|242
1|241
1|240
2|240
0|242
3|245
4|244
4|243
5|243
3|245
10|252
11|251
11|250
12|250
10|252
0|243
1|242
1|241
2|241
0|243
3|246
4|245
4|244
5|244
3|246
10|253
11|252
11|251
12|251
10|253
0|298
1|297
1|296
2|296
0|298
3|301
4|300
4|299
5|299
3|301
10|308
11|307
11|306
12|306
10|308
0|299
1|298
1|297
2|297
0|299
3|302
4|301
4|300
5|300
3|302
10|309
11|308
11|307
12|307
10|309
0|79
1|78
1|77
2|77
0|79
3|82
4|81
4|80
5|80
3|82
10|89
11|88
11|87
12|87
10|89
0|80
1|79
1|78
2|78
0|80
3|83
4|82
4|81
5|81
3|83
10|90
11|89
11|88
12|88
10|90
0|264
1|263
1|262
2|262
0|264
3|267
4|266
4|265
5|265
3|267
10|274
11|273
11|272
12|272
10|274
0|265
1|264
1|263
2|263
0|265
3|268
4|267
4|266
5|266
3|268
10|275
11|274
11|273
12|273
10|275
0|89
1|88
1|87
2|87
0|89
3|92
4|91
4|90
5|90
3|92
10|99
11|98
11|97
12|97
10|99
0|90
1|89
1|88
2|88
0|90
3|93
4|92
4|91
5|91
3|93
10|100
11|99
11|98
12|98
10|100
0|147
1|146
1|145
2|145
0|147
3|150
4|149
4|148
5|148
3|150
10|157
11|156
11|155
12|155
10|157
0|148
1|147
1|146
2|146
0|148
3|151
4|150
4|149
5|149
3|151
10|158
11|157
11|156
12|156
10|158
0|35
1|34
1|33
2|33
0|35
3|38
4|37
4|36
5|36
3|38
10|45
11|44
11|43
12|43
10|45
0|36
1|35
1|34
2|34
0|36
3|39
4|38
4|37
5|37
3|39
10|46
11|45
11|44
12|44
10|46
0|217
1|216
1|215
2|215
0|217
3|220
4|219
4|218
5|218
3|220
10|227
11|226
11|225
12|225
10|227
0|218
1|217
1|216
2|216
0|218
3|221
4|220
4|219
5|219
3|221
10|228
11|227
11|226
12|226
10|228
0|269
1|268
1|267
2|267
0|269
3|272
4|271
4|270
5|270
3|272
10|279
11|278
11|277
12|277
10|279
0|270
1|269
1|268
2|268
0|270
3|273
4|272
4|271
5|271
3|273
10|280
11|279
11|278
12|278
10|280
0|161
1|160
1|159
2|159
0|161
3|164
4|163
4|162
5|162
3|164
10|171
11|170
11|169
12|169
10|171
0|162
1|161
1|160
2|160
0|162
3|165
4|164
4|163
5|163
3|165
10|172
11|171
11|170
12|170
10|172
0|76
1|75
1|74
2|74
0|76
3|79
4|78
4|77
5|77
3|79
10|86
11|85
11|84
12|84
10|86
0|77
1|76
1|75
2|75
0|77
3|80
4|79
4|78
5|78
3|80
10|87
11|86
11|85
12|85
10|87
0|256
1|255
1|254
2|254
0|256
3|259
4|258
4|257
5|257
3|259
10|266
11|265
11|264
12|264
10|266
0|257
1|256
1|255
2|255
0|257
3|260
4|259
4|258
5|258
3|260
10|267
11|266
11|265
12|265
10|267
0|168
1|167
1|166
2|166
0|168
3|171
4|170
4|169
5|169
3|171
10|178
11|177
11|176
12|176
10|178
0|169
1|168
1|167
2|167
0|169
3|172
4|171
4|170
5|170
3|172
10|179
11|178
11|177
12|177
10|179
0|273
1|272
1|271
2|271
0|273
3|276
4|275
4|274
5|274
3|276
10|283
11|282
11|281
12|281
10|283
0|274
1|273
1|272
2|272
0|274
3|277
4|276
4|275
5|275
3|277
10|284
11|283
11|282
12|282
10|284
0|36
1|35
1|34
2|34
0|36
3|39
4|38
4|37
5|37
3|39
10|46
11|45
11|44
12|44
10|46
0|37
1|36
1|35
2|35
0|37
3|40
4|39
4|38
5|38
3|40
10|47
11|46
11|45
12|45
10|47
0|71
1|70
1|69
2|69
0|71
3|74
4|73
4|72
5|72
3|74
10|81
11|80
11|79
12|79
10|81
0|72
1|71
1|70
2|70
0|72
3|75
4|74
4|73
5|73
3|75
10|82
11|81
11|80
12|80
10|82
0|183
1|182
1|181
2|181
0|183
3|186
4|185
4|184
5|184
3|186
10|193
11|192
11|191
12|191
10|193
0|184
1|183
1|182
2|182
0|184
3|187
4|186
4|185
5|185
3|187
10|194
11|193
11|192
12|192
10|194
0|80
1|79
1|78
2|78
0|80
3|83
4|82
4|81
5|81
3|83
10|90
11|89
11|88
12|88
10|90
0|81
1|80
1|79
2|79
0|81
3|84
4|83
4|82
5|82
3|84
10|91
11|90
11|89
12|89
10|91
0|166
1|165
1|164
2|164
0|166
3|169
4|168
4|167
5|167
3|169
10|176
11|175
11|174
12|174
10|176
0|167
1|166
1|165
2|165
0|167
3|170
4|169
4|168
5|168
3|170
10|177
11|176
11|175
12|175
10|177
0|152
1|151
1|150
2|150
0|152
3|155
4|154
4|153
5|153
3|155
10|162
11|161
11|160
12|160
10|162
0|153
1|152
1|151
2|151
0|153
3|156
4|155
4|154
5|154
3|156
10|163
11|162
11|161
12|161
10|163
0|170
1|169
1|168
2|168
0|170
3|173
4|172
4|171
5|171
3|173
10|180
11|179
11|178
12|178
10|180
0|171
1|170
1|169
2|169
0|171
3|174
4|173
4|172
5|172
3|174
10|181
11|180
11|179
12|179
10|181
0|302
1|301
1|300
2|300
0|302
3|305
4|304
4|303
5|303
3|305
10|312
11|311
11|310
12|310
10|312
0|303
1|302
1|301
2|301
0|303
3|306
4|305
4|304
5|304
3|306
10|313
11|312
11|311
12|311
10|313
0|35
1|34
1|33
2|33
0|35
3|38
4|37
4|36
5|36
3|38
10|45
11|44
11|43
12|43
10|45
0|36
1|35
1|34
2|34
0|36
3|39
4|38
4|37
5|37
3|39
10|46
11|45
11|44
12|44
10|46
0|151
1|150
1|149
2|149
0|151
3|154
4|153
4|152
5|152
3|154
10|161
11|160
11|159
12|159
10|161
0|152
1|151
1|150
2|150
0|152
3|155
4|154
4|153
5|153
3|155
10|162
11|161
11|160
12|160
10|162
0|301
1|300
1|299
2|299
0|301
3|304
4|303
4|302
5|302
3|304
10|311
11|310
11|309
12|309
10|311
0|302
1|301
1|300
2|300
0|302
3|305
4|304
4|303
5|303
3|305
10|312
11|311
11|310
12|310
10|312
0|68
1|67
1|66
2|66
0|68
3|71
4|70
4|69
5|69
3|71
10|78
11|77
11|76
12|76
10|78
0|69
1|68
1|67
2|67
0|69
3|72
4|71
4|70
5|70
3|72
10|79
11|78
11|77
12|77
10|79
0|308
1|307
1|306
2|306
0|308
3|311
4|310
4|309
5|309
3|311
10|318
11|317
11|316
12|316
10|318
0|309
1|308
1|307
2|307
0|309
3|312
4|311
4|310
5|310
3|312
10|319
11|318
11|317
12|317
10|319
0|267
1|266
1|265
2|265
0|267
3|270
4|269
4|268
5|268
3|270
10|277
11|276
11|275
12|275
10|277
0|268
1|267
1|266
2|266
0|268
3|271
4|270
4|269
5|269
3|271
10|278
11|277
11|276
12|276
10|278
0|179
1|178
1|177
2|177
0|179
3|182
4|181
4|180
5|180
3|182
10|189
11|188
11|187
12|187
10|189
0|180
1|179
1|178
2|178
0|180
3|183
4|182
4|181
5|181
3|183
10|190
11|189
11|188
12|188
10|190
0|228
1|227
1|226
2|226
0|228
3|231
4|230
4|229
5|229
3|231
10|238
11|237
11|236
12|236
10|238
0|229
1|228
1|227
2|227
0|229
3|232
4|231
4|230
5|230
3|232
10|239
11|238
11|237
12|237
10|239
0|112
1|111
1|110
2|110
0|112
3|115
4|114
4|113
5|113
3|115
10|122
11|121
11|120
12|120
10|122
0|113
1|112
1|111
2|111
0|113
3|116
4|115
4|114
5|114
3|116
10|123
11|122
11|121
12|121
10|123
0|178
1|177
1|176
2|176
0|178
3|181
4|180
4|179
5|179
3|181
10|188
11|187
11|186
12|186
10|188
0|179
1|178
1|177
2|177
0|179
3|182
4|181
4|180
5|180
3|182
10|189
11|188
11|187
12|187
10|189
0|141
1|140
1|139
2|139
0|141
3|144
4|143
4|142
5|142
3|144
10|151
11|150
11|149
12|149
10|151
0|142
1|141
1|140
2|140
0|142
3|145
4|144
4|143
5|143
3|145
10|152
11|151
11|150
12|150
10|152
0|269
1|268
1|267
2|267
0|269
3|272
4|271
4|270
5|270
3|272
10|279
11|278
11|277
12|277
10|279
0|270
1|269
1|268
2|268
0|270
3|273
4|272
4|271
5|271
3|273
10|280
11|279
11|278
12|278
10|280
0|258
1|257
1|256
2|256
0|258
3|261
4|260
4|259
5|259
3|261
10|268
11|267
11|266
12|266
10|268
0|259
1|258
1|257
2|257
0|259
3|262
4|261
4|260
5|260
3|262
10|269
11|268
11|267
12|267
10|269
0|248
1|247
1|246
2|246
0|248
3|251
4|250
4|249
5|249
3|251
10|258
11|257
11|256
12|256
10|258
0|249
1|248
1|247
2|247
0|249
3|252
4|251
4|250
5|250
3|252
10|259
11|258
11|257
12|257
10|259
0|148
1|147
1|146
2|146
0|148
3|151
4|150
4|149
5|149
3|151
10|158
11|157
11|156
12|156
10|158
0|149
1|148
1|147
2|147
0|149
3|152
4|151
4|150
5|150
3|152
10|159
11|158
11|157
12|157
10|159
0|206
1|205
1|204
2|204
0|206
3|209
4|208
4|207
5|207
3|209
10|216
11|215
11|214
12|214
10|216
0|207
1|206
1|205
2|205
0|207
3|210
4|209
4|208
5|208
3|210
10|217
11|216
11|215
12|215
10|217
0|225
1|224
1|223
2|223
0|225
3|228
4|227
4|226
5|226
3|228
10|235
11|234
11|233
12|233
10|235
0|226
1|225
1|224
2|224
0|226
3|229
4|228
4|227
5|227
3|229
10|236
11|235
11|234
12|234
10|236
0|42
1|41
1|40
2|40
0|42
3|45
4|44
4|43
5|43
3|45
10|52
11|51
11|50
12|50
10|52
0|43
1|42
1|41
2|41
0|43
3|46
4|45
4|44
5|44
3|46
10|53
11|52
11|51
12|51
10|53
0|280
1|279
1|278
2|278
0|280
3|283
4|282
4|281
5|281
3|283
10|290
11|289
11|288
12|288
10|290
0|281
1|280
1|279
2|279
0|281
3|284
4|283
4|282
5|282
3|284
10|291
11|290
11|289
12|289
10|291
0|249
1|248
1|247
2|247
0|249
3|252
4|251
4|250
5|250
3|252
10|259
11|258
11|257
12|257
10|259
0|250
1|249
1|248
2|248
0|250
3|253
4|252
4|251
5|251
3|253
10|260
11|259
11|258
12|258
10|260
0|303
1|302
1|301
2|301
0|303
3|306
4|305
4|304
5|304
3|306
10|313
11|312
11|311
12|311
10|313
0|304
1|303
1|302
2|302
0|304
3|307
4|306
4|305
5|305
3|307
10|314
11|313
11|312
12|312
10|314
0|228
1|227
1|226
2|226
0|228
3|231
4|230
4|229
5|229
3|231
10|238
11|237
11|236
12|236
10|238
0|229
1|228
1|227
2|227
0|229
3|232
4|231
4|230
5|230
3|232
10|239
11|238
11|237
12|237
10|239
0|162
1|161
1|160
2|160
0|162
3|165
4|164
4|163
5|163
3|165
10|172
11|171
11|170
12|170
10|172
0|163
1|162
1|161
2|161
0|163
3|166
4|165
4|164
5|164
3|166
10|173
11|172
11|171
12|171
10|173
0|35
1|34
1|33
2|33
0|35
3|38
4|37
4|36
5|36
3|38
10|45
11|44
11|43
12|43
10|45
0|36
1|35
1|34
2|34
0|36
3|39
4|38
4|37
5|37
3|39
10|46
11|45
11|44
12|44
10|46
0|73
1|72
1|71
2|71
0|73
3|76
4|75
4|74
5|74
3|76
10|83
11|82
11|81
12|81
10|83
0|74
1|73
1|72
2|72
0|74
3|77
4|76
4|75
5|75
3|77
10|84
11|83
11|82
12|82
10|84
0|303
1|302
1|301
2|301
0|303
3|306
4|305
4|304
5|304
3|306
10|313
11|312
11|311
12|311
10|313
0|304
1|303
1|302
2|302
0|304
3|307
4|306
4|305
5|305
3|307
10|314
11|313
11|312
12|312
10|314
0|140
1|139
1|138
2|138
0|140
3|143
4|142
4|141
5|141
3|143
10|150
11|149
11|148
12|148
10|150
0|141
1|140
1|139
2|139
0|141
3|144
4|143
4|142
5|142
3|144
10|151
11|150
11|149
12|149
10|151
0|58
1|57
1|56
2|56
0|58
3|61
4|60
4|59
5|59
3|61
10|68
11|67
11|66
12|66
10|68
0|59
1|58
1|57
2|57
0|59
3|62
4|61
4|60
5|60
3|62
10|69
11|68
11|67
12|67
10|69
0|147
1|146
1|145
2|145
0|147
3|150
4|149
4|148
5|148
3|150
10|157
11|156
11|155
12|155
10|157
0|148
1|147
1|146
2|146
0|148
3|151
4|150
4|149
5|149
3|151
10|158
11|157
11|156
12|156
10|158
0|115
1|114
1|113
2|113
0|115
3|118
4|117
4|116
5|116
3|118
10|125
11|124
11|123
12|123
10|125
0|116
1|115
1|114
2|114
0|116
3|119
4|118
4|117
5|117
3|119
10|126
11|125
11|124
12|124
10|126
0|240
1|239
1|238
2|238
0|240
3|243
4|242
4|241
5|241
3|243
10|250
11|249
11|248
12|248
10|250
0|241
1|240
1|239
2|239
0|241
3|244
4|243
4|242
5|242
3|244
10|251
11|250
11|249
12|249
10|251
0|17
1|16
1|15
2|15
0|17
3|20
4|19
4|18
5|18
3|20
10|27
11|26
11|25
12|25
10|27
0|18
1|17
1|16
2|16
0|18
3|21
4|20
4|19
5|19
3|21
10|28
11|27
11|26
12|26
10|28
0|101
1|100
1|99
2|99
0|101
3|104
4|103
4|102
5|102
3|104
10|111
11|110
11|109
12|109
10|111
0|102
1|101
1|100
2|100
0|102
3|105
4|104
4|103
5|103
3|105
10|112
11|111
11|110
12|110
10|112
0|186
1|185
1|184
2|184
0|186
3|189
4|188
4|187
5|187
3|189
10|196
11|195
11|194
12|194
10|196
0|187
1|186
1|185
2|185
0|187
3|190
4|189
4|188
5|188
3|190
10|197
11|196
11|195
12|195
10|197
0|232
1|231
1|230
2|230
0|232
3|235
4|234
4|233
5|233
3|235
10|242
11|241
11|240
12|240
10|242
0|233
1|232
1|231
2|231
0|233
3|236
4|235
4|234
5|234
3|236
10|243
11|242
11|241
12|241
10|243
0|213
1|212
1|211
2|211
0|213
3|216
4|215
4|214
5|214
3|216
10|223
11|222
11|221
12|221
10|223
0|214
1|213
1|212
2|212
0|214
3|217
4|216
4|215
5|215
3|217
10|224
11|223
11|222
12|222
10|224
0|55
1|54
1|53
2|53
0|55
3|58
4|57
4|56
5|56
3|58
10|65
11|64
11|63
12|63
10|65
0|56
1|55
1|54
2|54
0|56
3|59
4|58
4|57
5|57
3|59
10|66
11|65
11|64
12|64
10|66
0|7
1|6
1|5
2|5
0|7
3|10
4|9
4|8
5|8
3|10
10|17
11|16
11|15
12|15
10|17
0|8
1|7
1|6
2|6
0|8
3|11
4|10
4|9
5|9
3|11
10|18
11|17
11|16
12|16
10|18
0|306
1|305
1|304
2|304
0|306
3|309
4|308
4|307
5|307
3|309
10|316
11|315
11|314
12|314
10|316
0|307
1|306
1|305
2|305
0|307
3|310
4|309
4|308
5|308
3|310
10|317
11|316
11|315
12|315
10|317
0|140
1|139
1|138
2|138
0|140
3|143
4|142
4|141
5|141
3|143
10|150
11|149
11|148
12|148
10|150
0|141
1|140
1|139
2|139
0|141
3|144
4|143
4|142
5|142
3|144
10|151
11|150
11|149
12|149
10|151
0|2
1|1
0|2
0|2
0|2
3|5
4|4
3|5
3|5
3|5
10|12
11|11
10|12
10|12
10|12
0|55
1|54
1|53
2|53
0|55
3|58
4|57
4|56
5|56
3|58
10|65
11|64
11|63
12|63
10|65
0|56
1|55
1|54
2|54
0|56
3|59
4|58
4|57
5|57
3|59
10|66
11|65
11|64
12|64
10|66
0|140
1|139
1|138
2|138
0|140
3|143
4|142
4|141
5|141
3|143
10|150
11|149
11|148
12|148
10|150
0|141
1|140
1|139
2|139
0|141
3|144
4|143
4|142
5|142
3|144
10|151
11|150
11|149
12|149
10|151
0|178
1|177
1|176
2|176
0|178
3|181
4|180
4|179
5|179
3|181
10|188
11|187
11|186
12|186
10|188
0|179
1|178
1|177
2|177
0|179
3|182
4|181
4|180
5|180
3|182
10|189
11|188
11|187
12|187
10|189
0|284
1|283
1|282
2|282
0|284
3|287
4|286
4|285
5|285
3|287
10|294
11|293
11|292
12|292
10|294
0|285
1|284
1|283
2|283
0|285
3|288
4|287
4|286
5|286
3|288
10|295
11|294
11|293
12|293
10|295
0|50
1|49
1|48
2|48
0|50
3|53
4|52
4|51
5|51
3|53
10|60
11|59
11|58
12|58
10|60
0|51
1|50
1|49
2|49
0|51
3|54
4|53
4|52
5|52
3|54
10|61
11|60
11|59
12|59
10|61
0|86
1|85
1|84
2|84
0|86
3|89
4|88
4|87
5|87
3|89
10|96
11|95
11|94
12|94
10|96
0|87
1|86
1|85
2|85
0|87
3|90
4|89
4|88
5|88
3|90
10|97
11|96
11|95
12|95
10|97
0|132
1|131
1|130
2|130
0|132
3|135
4|134
4|133
5|133
3|135
10|142
11|141
11|140
12|140
10|142
0|133
1|132
1|131
2|131
0|133
3|136
4|135
4|134
5|134
3|136
10|143
11|142
11|141
12|141
10|143
0|44
1|43
1|42
2|42
0|44
3|47
4|46
4|45
5|45
3|47
10|54
11|53
11|52
12|52
10|54
0|45
1|44
1|43
2|43
0|45
3|48
4|47
4|46
5|46
3|48
10|55
11|54
11|53
12|53
10|55
0|159
1|158
1|157
2|157
0|159
3|162
4|161
4|160
5|160
3|162
10|169
11|168
11|167
12|167
10|169
0|160
1|159
1|158
2|158
0|160
3|163
4|162
4|161
5|161
3|163
10|170
11|169
11|168
12|168
10|170
0|3
1|2
1|1
0|3
0|3
3|6
4|5
4|4
3|6
3|6
10|13
11|12
11|11
10|13
10|13
0|4
1|3
1|2
2|2
0|4
3|7
4|6
4|5
5|5
3|7
10|14
11|13
11|12
12|12
10|14
0|5
1|4
1|3
2|3
0|5
3|8
4|7
4|6
5|6
3|8
10|15
11|14
11|13
12|13
10|15
0|6
1|5
1|4
2|4
0|6
3|9
4|8
4|7
5|7
3|9
10|16
11|15
11|14
12|14
10|16
0|7
1|6
1|5
2|5
0|7
3|10
4|9
4|8
5|8
3|10
10|17
11|16
11|15
12|15
10|17
0|8
1|7
1|6
2|6
0|8
3|11
4|10
4|9
5|9
3|11
10|18
11|17
11|16
12|16
10|18
0|9
1|8
1|7
2|7
0|9
3|12
4|11
4|10
5|10
3|12
10|19
11|18
11|17
12|17
10|19
0|10
1|9
1|8
2|8
0|10
3|13
4|12
4|11
5|11
3|13
10|20
11|19
11|18
12|18
10|20
0|11
1|10
1|9
2|9
0|11
3|14
4|13
4|12
5|12
3|14
10|21
11|20
11|19
12|19
10|21
0|12
1|11
1|10
2|10
0|12
3|15
4|14
4|13
5|13
3|15
10|22
11|21
11|20
12|20
10|22
0|13
1|12
1|11
2|11
0|13
3|16
4|15
4|14
5|14
3|16
10|23
11|22
11|21
12|21
10|23
0|14
1|13
1|12
2|12
0|14
3|17
4|16
4|15
5|15
3|17
10|24
11|23
11|22
12|22
10|24
0|15
1|14
1|13
2|13
0|15
3|18
4|17
4|16
5|16
3|18
10|25
11|24
11|23
12|23
10|25
0|16
1|15
1|14
2|14
0|16
3|19
4|18
4|17
5|17
3|19
10|26
11|25
11|24
12|24
10|26
0|17
1|16
1|15
2|15
0|17
3|20
4|19
4|18
5|18
3|20
10|27
11|26
11|25
12|25
10|27
0|18
1|17
1|16
2|16
0|18
3|21
4|20
4|19
5|19
3|21
10|28
11|27
11|26
12|26
10|28
0|19
1|18
1|17
2|17
0|19
3|22
4|21
4|20
5|20
3|22
10|29
11|28
11|27
12|27
10|29
0|20
1|19
1|18
2|18
0|20
3|23
4|22
4|21
5|21
3|23
10|30
11|29
11|28
12|28
10|30
0|21
1|20
1|19
2|19
0|21
3|24
4|23
4|22
5|22
3|24
10|31
11|30
11|29
12|29
10|31
0|22
1|21
1|20
2|20
0|22
3|25
4|24
4|23
5|23
3|25
10|32
11|31
11|30
12|30
10|32
0|23
1|22
1|21
2|21
0|23
3|26
4|25
4|24
5|24
3|26
10|33
11|32
11|31
12|31
10|33
0|24
1|23
1|22
2|22
0|24
3|27
4|26
4|25
5|25
3|27
10|34
11|33
11|32
12|32
10|34
0|25
1|24
1|23
2|23
0|25
3|28
4|27
4|26
5|26
3|28
10|35
11|34
11|33
12|33
10|35
0|26
1|25
1|24
2|24
0|26
3|29
4|28
4|27
5|27
3|29
10|36
11|35
11|34
12|34
10|36
0|27
1|26
1|25
2|25
0|27
3|30
4|29
4|28
5|28
3|30
10|37
11|36
11|35
12|35
10|37
0|28
1|27
1|26
2|26
0|28
3|31
4|30
4|29
5|29
3|31
10|38
11|37
11|36
12|36
10|38
0|29
1|28
1|27
2|27
0|29
3|32
4|31
4|30
5|30
3|32
10|39
11|38
11|37
12|37
10|39
0|30
1|29
1|28
2|28
0|30
3|33
4|32
4|31
5|31
3|33
10|40
11|39
11|38
12|38
10|40
0|31
1|30
1|29
2|29
0|31
3|34
4|33
4|32
5|32
3|34
10|41
11|40
11|39
12|39
10|41
0|32
1|31
1|30
2|30
0|32
3|35
4|34
4|33
5|33
3|35
10|42
11|41
11|40
12|40
10|42
0|33
1|32
1|31
2|31
0|33
3|36
4|35
4|34
5|34
3|36
10|43
11|42
11|41
12|41
10|43
0|34
1|33
1|32
2|32
0|34
3|37
4|36
4|35
5|35
3|37
10|44
11|43
11|42
12|42
10|44
0|35
1|34
1|33
2|33
0|35
3|38
4|37
4|36
5|36
3|38
10|45
11|44
11|43
12|43
10|45
0|36
1|35
1|34
2|34
0|36
3|39
4|38
4|37
5|37
3|39
10|46
11|45
11|44
12|44
10|46
0|37
1|36
1|35
2|35
0|37
3|40
4|39
4|38
5|38
3|40
10|47
11|46
11|45
12|45
10|47
0|38
1|37
1|36
2|36
0|38
3|41
4|40
4|39
5|39
3|41
10|48
11|47
11|46
12|46
10|48
0|39
1|38
1|37
2|37
0|39
3|42
4|41
4|40
5|40
3|42
10|49
11|48
11|47
12|47
10|49
0|40
1|39
1|38
2|38
0|40
3|43
4|42
4|41
5|41
3|43
10|50
11|49
11|48
12|48
10|50
0|41
1|40
1|39
2|39
0|41
3|44
4|43
4|42
5|42
3|44
10|51
11|50
11|49
12|49
10|51
0|42
1|41
1|40
2|40
0|42
3|45
4|44
4|43
5|43
3|45
10|52
11|51
11|50
12|50
10|52
0|43
1|42
1|41
2|41
0|43
3|46
4|45
4|44
5|44
3|46
10|53
11|52
11|51
12|51
10|53
0|44
1|43
1|42
2|42
0|44
3|47
4|46
4|45
5|45
3|47
10|54
11|53
11|52
12|52
10|54
0|45
1|44
1|43
2|43
0|45
3|48
4|47
4|46
5|46
3|48
10|55
11|54
11|53
12|53
10|55
0|46
1|45
1|44
2|44
0|46
3|49
4|48
4|47
5|47
3|49
10|56
11|55
11|54
12|54
10|56
0|47
1|46
1|45
2|45
0|47
3|50
4|49
4|48
5|48
3|50
10|57
11|56
11|55
12|55
10|57
0|48
1|47
1|46
2|46
0|48
3|51
4|50
4|49
5|49
3|51
10|58
11|57
11|56
12|56
10|58
0|49
1|48
1|47
2|47
0|49
3|52
4|51
4|50
5|50
3|52
10|59
11|58
11|57
12|57
10|59
0|50
1|49
1|48
2|48
0|50
3|53
4|52
4|51
5|51
3|53
10|60
11|59
11|58
12|58
10|60
0|51
1|50
1|49
2|49
0|51
3|54
4|53
4|52
5|52
3|54
10|61
11|60
11|59
12|59
10|61
0|52
1|51
1|50
2|50
0|52
3|55
4|54
4|53
5|53
3|55
10|62
11|61
11|60
12|60
10|62
0|53
1|52
1|51
2|51
0|53
3|56
4|55
4|54
5|54
3|56
10|63
11|62
11|61
12|61
10|63
0|54
1|53
1|52
2|52
0|54
3|57
4|56
4|55
5|55
3|57
10|64
11|63
11|62
12|62
10|64
0|55
1|54
1|53
2|53
0|55
3|58
4|57
4|56
5|56
3|58
10|65
11|64
11|63
12|63
10|65
0|56
1|55
1|54
2|54
0|56
3|59
4|58
4|57
5|57
3|59
10|66
11|65
11|64
12|64
10|66
0|57
1|56
1|55
2|55
0|57
3|60
4|59
4|58
5|58
3|60
10|67
11|66
11|65
12|65
10|67
0|58
1|57
1|56
2|56
0|58
3|61
4|60
4|59
5|59
3|61
10|68
11|67
11|66
12|66
10|68
0|59
1|58
1|57
2|57
0|59
3|62
4|61
4|60
5|60
3|62
10|69
11|68
11|67
12|67
10|69
0|60
1|59
1|58
2|58
0|60
3|63
4|62
4|61
5|61
3|63
10|70
11|69
11|68
12|68
10|70
0|61
1|60
1|59
2|59
0|61
3|64
4|63
4|62
5|62
3|64
10|71
11|70
11|69
12|69
10|71
0|62
1|61
1|60
2|60
0|62
3|65
4|64
4|63
5|63
3|65
10|72
11|71
11|70
12|70
10|72
0|63
1|62
1|61
2|61
0|63
3|66
4|65
4|64
5|64
3|66
10|73
11|72
11|71
12|71
10|73
0|64
1|63
1|62
2|62
0|64
3|67
4|66
4|65
5|65
3|67
10|74
11|73
11|72
12|72
10|74
0|65
1|64
1|63
2|63
0|65
3|68
4|67
4|66
5|66
3|68
10|75
11|74
11|73
12|73
10|75
0|66
1|65
1|64
2|64
0|66
3|69
4|68
4|67
5|67
3|69
10|76
11|75
11|74
12|74
10|76
0|67
1|66
1|65
2|65
0|67
3|70
4|69
4|68
5|68
3|70
10|77
11|76
11|75
12|75
10|77
0|68
1|67
1|66
2|66
0|68
3|71
4|70
4|69
5|69
3|71
10|78
11|77
11|76
12|76
10|78
0|69
1|68
1|67
2|67
0|69
3|72
4|71
4|70
5|70
3|72
10|79
11|78
11|77
12|77
10|79
0|70
1|69
1|68
2|68
0|70
3|73
4|72
4|71
5|71
3|73
10|80
11|79
11|78
12|78
10|80
0|71
1|70
1|69
2|69
0|71
3|74
4|73
4|72
5|72
3|74
10|81
11|80
11|79
12|79
10|81
0|72
1|71
1|70
2|70
0|72
3|75
4|74
4|73
5|73
3|75
10|82
11|81
11|80
12|80
10|82
0|73
1|72
1|71
2|71
0|73
3|76
4|75
4|74
5|74
3|76
10|83
11|82
11|81
12|81
10|83
0|74
1|73
1|72
2|72
0|74
3|77
4|76
4|75
5|75
3|77
10|84
11|83
11|82
12|82
10|84
0|75
1|74
1|73
2|73
0|75
3|78
4|77
4|76
5|76
3|78
10|85
11|84
11|83
12|83
10|85
0|76
1|75
1|74
2|74
0|76
3|79
4|78
4|77
5|77
3|79
10|86
11|85
11|84
12|84
10|86
0|77
1|76
1|75
2|75
0|77
3|80
4|79
4|78
5|78
3|80
10|87
11|86
11|85
12|85
10|87
0|78
1|77
1|76
2|76
0|78
3|81
4|80
4|79
5|79
3|81
10|88
11|87
11|86
12|86
10|88
0|79
1|78
1|77
2|77
0|79
3|82
4|81
4|80
5|80
3|82
10|89
11|88
11|87
12|87
10|89
0|80
1|79
1|78
2|78
0|80
3|83
4|82
4|81
5|81
3|83
10|90
11|89
11|88
12|88
10|90
0|81
1|80
1|79
2|79
0|81
3|84
4|83
4|82
5|82
3|84
10|91
11|90
11|89
12|89
10|91
0|82
1|81
1|80
2|80
0|82
3|85
4|84
4|83
5|83
3|85
10|92
11|91
11|90
12|90
10|92
0|83
1|82
1|81
2|81
0|83
3|86
4|85
4|84
5|84
3|86
10|93
11|92
11|91
12|91
10|93
0|84
1|83
1|82
2|82
0|84
3|87
4|86
4|85
5|85
3|87
10|94
11|93
11|92
12|92
10|94
0|85
1|84
1|83
2|83
0|85
3|88
4|87
4|86
5|86
3|88
10|95
11|94
11|93
12|93
10|95
0|86
1|85
1|84
2|84
0|86
3|89
4|88
4|87
5|87
3|89
10|96
11|95
11|94
12|94
10|96
0|87
1|86
1|85
2|85
0|87
3|90
4|89
4|88
5|88
3|90
10|97
11|96
11|95
12|95
10|97
0|88
1|87
1|86
2|86
0|88
3|91
4|90
4|89
5|89
3|91
10|98
11|97
11|96
12|96
10|98
0|89
1|88
1|87
2|87
0|89
3|92
4|91
4|90
5|90
3|92
10|99
11|98
11|97
12|97
10|99
0|90
1|89
1|88
2|88
0|90
3|93
4|92
4|91
5|91
3|93
10|100
11|99
11|98
12|98
10|100
0|91
1|90
1|89
2|89
0|91
3|94
4|93
4|92
5|92
3|94
10|101
11|100
11|99
12|99
10|101
0|92
1|91
1|90
2|90
0|92
3|95
4|94
4|93
5|93
3|95
10|102
11|101
11|100
12|100
10|102
0|93
1|92
1|91
2|91
0|93
3|96
4|95
4|94
5|94
3|96
10|103
11|102
11|101
12|101
10|103
0|94
1|93
1|92
2|92
0|94
3|97
4|96
4|95
5|95
3|97
10|104
11|103
11|102
12|102
10|104
0|95
1|94
1|93
2|93
0|95
3|98
4|97
4|96
5|96
3|98
10|105
11|104
11|103
12|103
10|105
0|96
1|95
1|94
2|94
0|96
3|99
4|98
4|97
5|97
3|99
10|106
11|105
11|104
12|104
10|106
0|97
1|96
1|95
2|95
0|97
3|100
4|99
4|98
5|98
3|100
10|107
11|106
11|105
12|105
10|107
0|98
1|97
1|96
2|96
0|98
3|101
4|100
4|99
5|99
3|101
10|108
11|107
11|106
12|106
10|108
0|99
1|98
1|97
2|97
0|99
3|102
4|101
4|100
5|100
3|102
10|109
11|108
11|107
12|107
10|109
0|100
1|99
1|98
2|98
0|100
3|103
4|102
4|101
5|101
3|103
10|110
11|109
11|108
12|108
10|110
0|101
1|100
1|99
2|99
0|101
3|104
4|103
4|102
5|102
3|104
10|111
11|110
11|109
12|109
10|111
0|102
1|101
1|100
2|100
0|102
3|105
4|104
4|103
5|103
3|105
10|112
11|111
11|110
12|110
10|112
0|103
1|102
1|101
2|101
0|103
3|106
4|105
4|104
5|104
3|106
10|113
11|112
11|111
12|111
10|113
0|104
1|103
1|102
2|102
0|104
3|107
4|106
4|105
5|105
3|107
10|114
11|113
11|112
12|112
10|114
0|105
1|104
1|103
2|103
0|105
3|108
4|107
4|106
5|106
3|108
10|115
11|114
11|113
12|113
10|115
0|106
1|105
1|104
2|104
0|106
3|109
4|108
4|107
5|107
3|109
10|116
11|115
11|114
12|114
10|116
0|107
1|106
1|105
2|105
0|107
3|110
4|109
4|108
5|108
3|110
10|117
11|116
11|115
12|115
10|117
0|108
1|107
1|106
2|106
0|108
3|111
4|110
4|109
5|109
3|111
10|118
11|117
11|116
12|116
10|118
0|109
1|108
1|107
2|107
0|109
3|112
4|111
4|110
5|110
3|112
10|119
11|118
11|117
12|117
10|119
0|110
1|109
1|108
2|108
0|110
3|113
4|112
4|111
5|111
3|113
10|120
11|119
11|118
12|118
10|120
0|111
1|110
1|109
2|109
0|111
3|114
4|113
4|112
5|112
3|114
10|121
11|120
11|119
12|119
10|121
0|112
1|111
1|110
2|110
0|112
3|115
4|114
4|113
5|113
3|115
10|122
11|121
11|120
12|120
10|122
0|113
1|112
1|111
2|111
0|113
3|116
4|115
4|114
5|114
3|116
10|123
11|122
11|121
12|121
10|123
0|114
1|113
1|112
2|112
0|114
3|117
4|116
4|115
5|115
3|117
10|124
11|123
11|122
12|122
10|124
0|115
1|114
1|113
2|113
0|115
3|118
4|117
4|116
5|116
3|118
10|125
11|124
11|123
12|123
10|125
0|116
1|115
1|114
2|114
0|116
3|119
4|118
4|117
5|117
3|119
10|126
11|125
11|124
12|124
10|126
0|117
1|116
1|115
2|115
0|117
3|120
4|119
4|118
5|118
3|120
10|127
11|126
11|125
12|125
10|127
0|118
1|117
1|116
2|116
0|118
3|121
4|120
4|119
5|119
3|121
10|128
11|127
11|126
12|126
10|128
0|119
1|118
1|117
2|117
0|119
3|122
4|121
4|120
5|120
3|122
10|129
11|128
11|127
12|127
10|129
0|120
1|119
1|118
2|118
0|120
3|123
4|122
4|121
5|121
3|123
10|130
11|129
11|128
12|128
10|130
0|121
1|120
1|119
2|119
0|121
3|124
4|123
4|122
5|122
3|124
10|131
11|130
11|129
12|129
10|131
0|122
1|121
1|120
2|120
0|122
3|125
4|124
4|123
5|123
3|125
10|132
11|131
11|130
12|130
10|132
0|123
1|122
1|121
2|121
0|123
3|126
4|125
4|124
5|124
3|126
10|133
11|132
11|131
12|131
10|133
0|124
1|123
1|122
2|122
0|124
3|127
4|126
4|125
5|125
3|127
10|134
11|133
11|132
12|132
10|134
0|125
1|124
1|123
2|123
0|125
3|128
4|127
4|126
5|126
3|128
10|135
11|134
11|133
12|133
10|135
0|126
1|125
1|124
2|124
0|126
3|129
4|128
4|127
5|127
3|129
10|136
11|135
11|134
12|134
10|136
0|127
1|126
1|125
2|125
0|127
3|130
4|129
4|128
5|128
3|130
10|137
11|136
11|135
12|135
10|137
0|128
1|127
1|126
2|126
0|128
3|131
4|130
4|129
5|129
3|131
10|138
11|137
11|136
12|136
10|138
0|129
1|128
1|127
2|127
0|129
3|132
4|131
4|130
5|130
3|132
10|139
11|138
11|137
12|137
10|139
0|130
1|129
1|128
2|128
0|130
3|133
4|132
4|131
5|131
3|133
10|140
11|139
11|138
12|138
10|140
0|131
1|130
1|129
2|129
0|131
3|134
4|133
4|132
5|132
3|134
10|141
11|140
11|139
12|139
10|141
0|132
1|131
1|130
2|130
0|132
3|135
4|134
4|133
5|133
3|135
10|142
11|141
11|140
12|140
10|142
0|133
1|132
1|131
2|131
0|133
3|136
4|135
4|134
5|134
3|136
10|143
11|142
11|141
12|141
10|143
0|134
1|133
1|132
2|132
0|134
3|137
4|136
4|135
5|135
3|137
10|144
11|143
11|142
12|142
10|144
0|135
1|134
1|133
2|133
0|135
3|138
4|137
4|136
5|136
3|138
10|145
11|144
11|143
12|143
10|145
0|136
1|135
1|134
2|134
0|136
3|139
4|138
4|137
5|137
3|139
10|146
11|145
11|144
12|144
10|146
0|137
1|136
1|135
2|135
0|137
3|140
4|139
4|138
5|138
3|140
10|147
11|146
11|145
12|145
10|147
0|138
1|137
1|136
2|136
0|138
3|141
4|140
4|139
5|139
3|141
10|148
11|147
11|146
12|146
10|148
0|139
1|138
1|137
2|137
0|139
3|142
4|141
4|140
5|140
3|142
10|149
11|148
11|147
12|147
10|149
0|140
1|139
1|138
2|138
0|140
3|143
4|142
4|141
5|141
3|143
10|150
11|149
11|148
12|148
10|150
0|141
1|140
1|139
2|139
0|141
3|144
4|143
4|142
5|142
3|144
10|151
11|150
11|149
12|149
10|151
0|142
1|141
1|140
2|140
0|142
3|145
4|144
4|143
5|143
3|145
10|152
11|151
11|150
12|150
10|152
0|143
1|142
1|141
2|141
0|143
3|146
4|145
4|144
5|144
3|146
10|153
11|152
11|151
12|151
10|153
0|144
1|143
1|142
2|142
0|144
3|147
4|146
4|145
5|145
3|147
10|154
11|153
11|152
12|152
10|154
0|145
1|144
1|143
2|143
0|145
3|148
4|147
4|146
5|146
3|148
10|155
11|154
11|153
12|153
10|155
0|146
1|145
1|144
2|144
0|146
3|149
4|148
4|147
5|147
3|149
10|156
11|155
11|154
12|154
10|156
0|147
1|146
1|145
2|145
0|147
3|150
4|149
4|148
5|148
3|150
10|157
11|156
11|155
12|155
10|157
0|148
1|147
1|146
2|146
0|148
3|151
4|150
4|149
5|149
3|151
10|158
11|157
11|156
12|156
10|158
0|149
1|148
1|147
2|147
0|149
3|152
4|151
4|150
5|150
3|152
10|159
11|158
11|157
12|157
10|159
0|150
1|149
1|148
2|148
0|150
3|153
4|152
4|151
5|151
3|153
10|160
11|159
11|158
12|158
10|160
0|151
1|150
1|149
2|149
0|151
3|154
4|153
4|152
5|152
3|154
10|161
11|160
11|159
12|159
10|161
0|152
1|151
1|150
2|150
0|152
3|155
4|154
4|153
5|153
3|155
10|162
11|161
11|160
12|160
10|162
0|153
1|152
1|151
2|151
0|153
3|156
4|155
4|154
5|154
3|156
10|163
11|162
11|161
12|161
10|163
0|154
1|153
1|152
2|152
0|154
3|157
4|156
4|155
5|155
3|157
10|164
11|163
11|162
12|162
10|164
0|155
1|154
1|153
2|153
0|155
3|158
4|157
4|156
5|156
3|158
10|165
11|164
11|163
12|163
10|165
0|156
1|155
1|154
2|154
0|156
3|159
4|158
4|157
5|157
3|159
10|166
11|165
11|164
12|164
10|166
0|157
1|156
1|155
2|155
0|157
3|160
4|159
4|158
5|158
3|160
10|167
11|166
11|165
12|165
10|167
0|158
1|157
1|156
2|156
0|158
3|161
4|160
4|159
5|159
3|161
10|168
11|167
11|166
12|166
10|168
0|159
1|158
1|157
2|157
0|159
3|162
4|161
4|160
5|160
3|162
10|169
11|168
11|167
12|167
10|169
0|160
1|159
1|158
2|158
0|160
3|163
4|162
4|161
5|161
3|163
10|170
11|169
11|168
12|168
10|170
0|161
1|160
1|159
2|159
0|161
3|164
4|163
4|162
5|162
3|164
10|171
11|170
11|169
12|169
10|171
0|162
1|161
1|160
2|160
0|162
3|165
4|164
4|163
5|163
3|165
10|172
11|171
11|170
12|170
10|172
0|163
1|162
1|161
2|161
0|163
3|166
4|165
4|164
5|164
3|166
10|173
11|172
11|171
12|171
10|173
0|164
1|163
1|162
2|162
0|164
3|167
4|166
4|165
5|165
3|167
10|174
11|173
11|172
12|172
10|174
0|165
1|164
1|163
2|163
0|165
3|168
4|167
4|166
5|166
3|168
10|175
11|174
11|173
12|173
10|175
0|166
1|165
1|164
2|164
0|166
3|169
4|168
4|167
5|167
3|169
10|176
11|175
11|174
12|174
10|176
0|167
1|166
1|165
2|165
0|167
3|170
4|169
4|168
5|168
3|170
10|177
11|176
11|175
12|175
10|177
0|168
1|167
1|166
2|166
0|168
3|171
4|170
4|169
5|169
3|171
10|178
11|177
11|176
12|176
10|178
0|169
1|168
1|167
2|167
0|169
3|172
4|171
4|170
5|170
3|172
10|179
11|178
11|177
12|177
10|179
0|170
1|169
1|168
2|168
0|170
3|173
4|172
4|171
5|171
3|173
10|180
11|179
11|178
12|178
10|180
0|171
1|170
1|169
2|169
0|171
3|174
4|173
4|172
5|172
3|174
10|181
11|180
11|179
12|179
10|181
0|172
1|171
1|170
2|170
0|172
3|175
4|174
4|173
5|173
3|175
10|182
11|181
11|180
12|180
10|182
0|173
1|172
1|171
2|171
0|173
3|176
4|175
4|174
5|174
3|176
10|183
11|182
11|181
12|181
10|183
0|174
1|173
1|172
2|172
0|174
3|177
4|176
4|175
5|175
3|177
10|184
11|183
11|182
12|182
10|184
0|175
1|174
1|173
2|173
0|175
3|178
4|177
4|176
5|176
3|178
10|185
11|184
11|183
12|183
10|185
0|176
1|175
1|174
2|174
0|176
3|179
4|178
4|177
5|177
3|179
10|186
11|185
11|184
12|184
10|186
0|177
1|176
1|175
2|175
0|177
3|180
4|179
4|178
5|178
3|180
10|187
11|186
11|185
12|185
10|187
0|178
1|177
1|176
2|176
0|178
3|181
4|180
4|179
5|179
3|181
10|188
11|187
11|186
12|186
10|188
0|179
1|178
1|177
2|177
0|179
3|182
4|181
4|180
5|180
3|182
10|189
11|188
11|187
12|187
10|189
0|180
1|179
1|178
2|178
0|180
3|183
4|182
4|181
5|181
3|183
10|190
11|189
11|188
12|188
10|190
0|181
1|180
1|179
2|179
0|181
3|184
4|183
4|182
5|182
3|184
10|191
11|190
11|189
12|189
10|191
0|182
1|181
1|180
2|180
0|182
3|185
4|184
4|183
5|183
3|185
10|192
11|191
11|190
12|190
10|192
0|183
1|182
1|181
2|181
0|183
3|186
4|185
4|184
5|184
3|186
10|193
11|192
11|191
12|191
10|193
0|184
1|183
1|182
2|182
0|184
3|187
4|186
4|185
5|185
3|187
10|194
11|193
11|192
12|192
10|194
0|185
1|184
1|183
2|183
0|185
3|188
4|187
4|186
5|186
3|188
10|195
11|194
11|193
12|193
10|195
0|186
1|185
1|184
2|184
0|186
3|189
4|188
4|187
5|187
3|189
10|196
11|195
11|194
12|194
10|196
0|187
1|186
1|185
2|185
0|187
3|190
4|189
4|188
5|188
3|190
10|197
11|196
11|195
12|195
10|197
0|188
1|187
1|186
2|186
0|188
3|191
4|190
4|189
5|189
3|191
10|198
11|197
11|196
12|196
10|198
0|189
1|188
1|187
2|187
0|189
3|192
4|191
4|190
5|190
3|192
10|199
11|198
11|197
12|197
10|199
0|190
1|189
1|188
2|188
0|190
3|193
4|192
4|191
5|191
3|193
10|200
11|199
11|198
12|198
10|200
0|191
1|190
1|189
2|189
0|191
3|194
4|193
4|192
5|192
3|194
10|201
11|200
11|199
12|199
10|201
0|192
1|191
1|190
2|190
0|192
3|195
4|194
4|193
5|193
3|195
10|202
11|201
11|200
12|200
10|202
0|193
1|192
1|191
2|191
0|193
3|196
4|195
4|194
5|194
3|196
10|203
11|202
11|201
12|201
10|203
0|194
1|193
1|192
2|192
0|194
3|197
4|196
4|195
5|195
3|197
10|204
11|203
11|202
12|202
10|204
0|195
1|194
1|193
2|193
0|195
3|198
4|197
4|196
5|196
3|198
10|205
11|204
11|203
12|203
10|205
0|196
1|195
1|194
2|194
0|196
3|199
4|198
4|197
5|197
3|199
10|206
11|205
11|204
12|204
10|206
0|197
1|196
1|195
2|195
0|197
3|200
4|199
4|198
5|198
3|200
10|207
11|206
11|205
12|205
10|207
0|198
1|197
1|196
2|196
0|198
3|201
4|200
4|199
5|199
3|201
10|208
11|207
11|206
12|206
10|208
0|199
1|198
1|197
2|197
0|199
3|202
4|201
4|200
5|200
3|202
10|209
11|208
11|207
12|207
10|209
0|200
1|199
1|198
2|198
0|200
3|203
4|202
4|201
5|201
3|203
10|210
11|209
11|208
12|208
10|210
0|201
1|200
1|199
2|199
0|201
3|204
4|203
4|202
5|202
3|204
10|211
11|210
11|209
12|209
10|211
0|202
1|201
1|200
2|200
0|202
3|205
4|204
4|203
5|203
3|205
10|212
11|211
11|210
12|210
10|212
0|203
1|202
1|201
2|201
0|203
3|206
4|205
4|204
5|204
3|206
10|213
11|212
11|211
12|211
10|213
0|204
1|203
1|202
2|202
0|204
3|207
4|206
4|205
5|205
3|207
10|214
11|213
11|212
12|212
10|214
0|205
1|204
1|203
2|203
0|205
3|208
4|207
4|206
5|206
3|208
10|215
11|214
11|213
12|213
10|215
0|206
1|205
1|204
2|204
0|206
3|209
4|208
4|207
5|207
3|209
10|216
11|215
11|214
12|214
10|216
0|207
1|206
1|205
2|205
0|207
3|210
4|209
4|208
5|208
3|210
10|217
11|216
11|215
12|215
10|217
0|208
1|207
1|206
2|206
0|208
3|211
4|210
4|209
5|209
3|211
10|218
11|217
11|216
12|216
10|218
0|209
1|208
1|207
2|207
0|209
3|212
4|211
4|210
5|210
3|212
10|219
11|218
11|217
12|217
10|219
0|210
1|209
1|208
2|208
0|210
3|213
4|212
4|211
5|211
3|213
10|220
11|219
11|218
12|218
10|220
0|211
1|210
1|209
2|209
0|211
3|214
4|213
4|212
5|212
3|214
10|221
11|220
11|219
12|219
10|221
0|212
1|211
1|210
2|210
0|212
3|215
4|214
4|213
5|213
3|215
10|222
11|221
11|220
12|220
10|222
0|213
1|212
1|211
2|211
0|213
3|216
4|215
4|214
5|214
3|216
10|223
11|222
11|221
12|221
10|223
0|214
1|213
1|212
2|212
0|214
3|217
4|216
4|215
5|215
3|217
10|224
11|223
11|222
12|222
10|224
0|215
1|214
1|213
2|213
0|215
3|218
4|217
4|216
5|216
3|218
10|225
11|224
11|223
12|223
10|225
0|216
1|215
1|214
2|214
0|216
3|219
4|218
4|217
5|217
3|219
10|226
11|225
11|224
12|224
10|226
0|217
1|216
1|215
2|215
0|217
3|220
4|219
4|218
5|218
3|220
10|227
11|226
11|225
12|225
10|227
0|218
1|217
1|216
2|216
0|218
3|221
4|220
4|219
5|219
3|221
10|228
11|227
11|226
12|226
10|228
0|219
1|218
1|217
2|217
0|219
3|222
4|221
4|220
5|220
3|222
10|229
11|228
11|227
12|227
10|229
0|220
1|219
1|218
2|218
0|220
3|223
4|222
4|221
5|221
3|223
10|230
11|229
11|228
12|228
10|230
0|221
1|220
1|219
2|219
0|221
3|224
4|223
4|222
5|222
3|224
10|231
11|230
11|229
12|229
10|231
0|222
1|221
1|220
2|220
0|222
3|225
4|224
4|223
5|223
3|225
10|232
11|231
11|230
12|230
10|232
0|223
1|222
1|221
2|221
0|223
3|226
4|225
4|224
5|224
3|226
10|233
11|232
11|231
12|231
10|233
0|224
1|223
1|222
2|222
0|224
3|227
4|226
4|225
5|225
3|227
10|234
11|233
11|232
12|232
10|234
0|225
1|224
1|223
2|223
0|225
3|228
4|227
4|226
5|226
3|228
10|235
11|234
11|233
12|233
10|235
0|226
1|225
1|224
2|224
0|226
3|229
4|228
4|227
5|227
3|229
10|236
11|235
11|234
12|234
10|236
0|227
1|226
1|225
2|225
0|227
3|230
4|229
4|228
5|228
3|230
10|237
11|236
11|235
12|235
10|237
0|228
1|227
1|226
2|226
0|228
3|231
4|230
4|229
5|229
3|231
10|238
11|237
11|236
12|236
10|238
0|229
1|228
1|227
2|227
0|229
3|232
4|231
4|230
5|230
3|232
10|239
11|238
11|237
12|237
10|239
0|230
1|229
1|228
2|228
0|230
3|233
4|232
4|231
5|231
3|233
10|240
11|239
11|238
12|238
10|240
0|231
1|230
1|229
2|229
0|231
3|234
4|233
4|232
5|232
3|234
10|241
11|240
11|239
12|239
10|241
0|232
1|231
1|230
2|230
0|232
3|235
4|234
4|233
5|233
3|235
10|242
11|241
11|240
12|240
10|242
0|233
1|232
1|231
2|231
0|233
3|236
4|235
4|234
5|234
3|236
10|243
11|242
11|241
12|241
10|243
0|234
1|233
1|232
2|232
0|234
3|237
4|236
4|235
5|235
3|237
10|244
11|243
11|242
12|242
10|244
0|235
1|234
1|233
2|233
0|235
3|238
4|237
4|236
5|236
3|238
10|245
11|244
11|243
12|243
10|245
0|236
1|235
1|234
2|234
0|236
3|239
4|238
4|237
5|237
3|239
10|246
11|245
11|244
12|244
10|246
0|237
1|236
1|235
2|235
0|237
3|240
4|239
4|238
5|238
3|240
10|247
11|246
11|245
12|245
10|247
0|238
1|237
1|236
2|236
0|238
3|241
4|240
4|239
5|239
3|241
10|248
11|247
11|246
12|246
10|248
0|239
1|238
1|237
2|237
0|239
3|242
4|241
4|240
5|240
3|242
10|249
11|248
11|247
12|247
10|249
0|240
1|239
1|238
2|238
0|240
3|243
4|242
4|241
5|241
3|243
10|250
11|249
11|248
12|248
10|250
0|241
1|240
1|239
2|239
0|241
3|244
4|243
4|242
5|242
3|244
10|251
11|250
11|249
12|249
10|251
0|242
1|241
1|240
2|240
0|242
3|245
4|244
4|243
5|243
3|245
10|252
11|251
11|250
12|250
10|252
0|243
1|242
1|241
2|241
0|243
3|246
4|245
4|244
5|244
3|246
10|253
11|252
11|251
12|251
10|253
0|244
1|243
1|242
2|242
0|244
3|247
4|246
4|245
5|245
3|247
10|254
11|253
11|252
12|252
10|254
0|245
1|244
1|243
2|243
0|245
3|248
4|247
4|246
5|246
3|248
10|255
11|254
11|253
12|253
10|255
0|246
1|245
1|244
2|244
0|246
3|249
4|248
4|247
5|247
3|249
10|256
11|255
11|254
12|254
10|256
0|247
1|246
1|245
2|245
0|247
3|250
4|249
4|248
5|248
3|250
10|257
11|256
11|255
12|255
10|257
0|248
1|247
1|246
2|246
0|248
3|251
4|250
4|249
5|249
3|251
10|258
11|257
11|256
12|256
10|258
0|249
1|248
1|247
2|247
0|249
3|252
4|251
4|250
5|250
3|252
10|259
11|258
11|257
12|257
10|259
0|250
1|249
1|248
2|248
0|250
3|253
4|252
4|251
5|251
3|253
10|260
11|259
11|258
12|258
10|260
0|251
1|250
1|249
2|249
0|251
3|254
4|253
4|252
5|252
3|254
10|261
11|260
11|259
12|259
10|261
0|252
1|251
1|250
2|250
0|252
3|255
4|254
4|253
5|253
3|255
10|262
11|261
11|260
12|260
10|262
0|253
1|252
1|251
2|251
0|253
3|256
4|255
4|254
5|254
3|256
10|263
11|262
11|261
12|261
10|263
0|254
1|253
1|252
2|252
0|254
3|257
4|256
4|255
5|255
3|257
10|264
11|263
11|262
12|262
10|264
0|255
1|254
1|253
2|253
0|255
3|258
4|257
4|256
5|256
3|258
10|265
11|264
11|263
12|263
10|265
0|256
1|255
1|254
2|254
0|256
3|259
4|258
4|257
5|257
3|259
10|266
11|265
11|264
12|264
10|266
0|257
1|256
1|255
2|255
0|257
3|260
4|259
4|258
5|258
3|260
10|267
11|266
11|265
12|265
10|267
0|258
1|257
1|256
2|256
0|258
3|261
4|260
4|259
5|259
3|261
10|268
11|267
11|266
12|266
10|268
0|259
1|258
1|257
2|257
0|259
3|262
4|261
4|260
5|260
3|262
10|269
11|268
11|267
12|267
10|269
0|260
1|259
1|258
2|258
0|260
3|263
4|262
4|261
5|261
3|263
10|270
11|269
11|268
12|268
10|270
0|261
1|260
1|259
2|259
0|261
3|264
4|263
4|262
5|262
3|264
10|271
11|270
11|269
12|269
10|271
0|262
1|261
1|260
2|260
0|262
3|265
4|264
4|263
5|263
3|265
10|272
11|271
11|270
12|270
10|272
0|263
1|262
1|261
2|261
0|263
3|266
4|265
4|264
5|264
3|266
10|273
11|272
11|271
12|271
10|273
0|264
1|263
1|262
2|262
0|264
3|267
4|266
4|265
5|265
3|267
10|274
11|273
11|272
12|272
10|274
0|265
1|264
1|263
2|263
0|265
3|268
4|267
4|266
5|266
3|268
10|275
11|274
11|273
12|273
10|275
0|266
1|265
1|264
2|264
0|266
3|269
4|268
4|267
5|267
3|269
10|276
11|275
11|274
12|274
10|276
0|267
1|266
1|265
2|265
0|267
3|270
4|269
4|268
5|268
3|270
10|277
11|276
11|275
12|275
10|277
0|268
1|267
1|266
2|266
0|268
3|271
4|270
4|269
5|269
3|271
10|278
11|277
11|276
12|276
10|278
0|269
1|268
1|267
2|267
0|269
3|272
4|271
4|270
5|270
3|272
10|279
11|278
11|277
12|277
10|279
0|270
1|269
1|268
2|268
0|270
3|273
4|272
4|271
5|271
3|273
10|280
11|279
11|278
12|278
10|280
0|271
1|270
1|269
2|269
0|271
3|274
4|273
4|272
5|272
3|274
10|281
11|280
11|279
12|279
10|281
0|272
1|271
1|270
2|270
0|272
3|275
4|274
4|273
5|273
3|275
10|282
11|281
11|280
12|280
10|282
0|273
1|272
1|271
2|271
0|273
3|276
4|275
4|274
5|274
3|276
10|283
11|282
11|281
12|281
10|283
0|274
1|273
1|272
2|272
0|274
3|277
4|276
4|275
5|275
3|277
10|284
11|283
11|282
12|282
10|284
0|275
1|274
1|273
2|273
0|275
3|278
4|277
4|276
5|276
3|278
10|285
11|284
11|283
12|283
10|285
0|276
1|275
1|274
2|274
0|276
3|279
4|278
4|277
5|277
3|279
10|286
11|285
11|284
12|284
10|286
0|277
1|276
1|275
2|275
0|277
3|280
4|279
4|278
5|278
3|280
10|287
11|286
11|285
12|285
10|287
0|278
1|277
1|276
2|276
0|278
3|281
4|280
4|279
5|279
3|281
10|288
11|287
11|286
12|286
10|288
0|279
1|278
1|277
2|277
0|279
3|282
4|281
4|280
5|280
3|282
10|289
11|288
11|287
12|287
10|289
0|280
1|279
1|278
2|278
0|280
3|283
4|282
4|281
5|281
3|283
10|290
11|289
11|288
12|288
10|290
0|281
1|280
1|279
2|279
0|281
3|284
4|283
4|282
5|282
3|284
10|291
11|290
11|289
12|289
10|291
0|282
1|281
1|280
2|280
0|282
3|285
4|284
4|283
5|283
3|285
10|292
11|291
11|290
12|290
10|292
0|283
1|282
1|281
2|281
0|283
3|286
4|285
4|284
5|284
3|286
10|293
11|292
11|291
12|291
10|293
0|284
1|283
1|282
2|282
0|284
3|287
4|286
4|285
5|285
3|287
10|294
11|293
11|292
12|292
10|294
0|285
1|284
1|283
2|283
0|285
3|288
4|287
4|286
5|286
3|288
10|295
11|294
11|293
12|293
10|295
0|286
1|285
1|284
2|284
0|286
3|289
4|288
4|287
5|287
3|289
10|296
11|295
11|294
12|294
10|296
0|287
1|286
1|285
2|285
0|287
3|290
4|289
4|288
5|288
3|290
10|297
11|296
11|295
12|295
10|297
0|288
1|287
1|286
2|286
0|288
3|291
4|290
4|289
5|289
3|291
10|298
11|297
11|296
12|296
10|298
0|289
1|288
1|287
2|287
0|289
3|292
4|291
4|290
5|290
3|292
10|299
11|298
11|297
12|297
10|299
0|290
1|289
1|288
2|288
0|290
3|293
4|292
4|291
5|291
3|293
10|300
11|299
11|298
12|298
10|300
0|291
1|290
1|289
2|289
0|291
3|294
4|293
4|292
5|292
3|294
10|301
11|300
11|299
12|299
10|301
0|292
1|291
1|290
2|290
0|292
3|295
4|294
4|293
5|293
3|295
10|302
11|301
11|300
12|300
10|302
0|293
1|292
1|291
2|291
0|293
3|296
4|295
4|294
5|294
3|296
10|303
11|302
11|301
12|301
10|303
0|294
1|293
1|292
2|292
0|294
3|297
4|296
4|295
5|295
3|297
10|304
11|303
11|302
12|302
10|304
0|295
1|294
1|293
2|293
0|295
3|298
4|297
4|296
5|296
3|298
10|305
11|304
11|303
12|303
10|305
0|296
1|295
1|294
2|294
0|296
3|299
4|298
4|297
5|297
3|299
10|306
11|305
11|304
12|304
10|306
0|297
1|296
1|295
2|295
0|297
3|300
4|299
4|298
5|298
3|300
10|307
11|306
11|305
12|305
10|307
0|298
1|297
1|296
2|296
0|298
3|301
4|300
4|299
5|299
3|301
10|308
11|307
11|306
12|306
10|308
0|299
1|298
1|297
2|297
0|299
3|302
4|301
4|300
5|300
3|302
10|309
11|308
11|307
12|307
10|309
0|300
1|299
1|298
2|298
0|300
3|303
4|302
4|301
5|301
3|303
10|310
11|309
11|308
12|308
10|310
0|301
1|300
1|299
2|299
0|301
3|304
4|303
4|302
5|302
3|304
10|311
11|310
11|309
12|309
10|311
0|302
1|301
1|300
2|300
0|302
3|305
4|304
4|303
5|303
3|305
10|312
11|311
11|310
12|310
10|312
0|303
1|302
1|301
2|301
0|303
3|306
4|305
4|304
5|304
3|306
10|313
11|312
11|311
12|311
10|313
0|304
1|303
1|302
2|302
0|304
3|307
4|306
4|305
5|305
3|307
10|314
11|313
11|312
12|312
10|314
0|305
1|304
1|303
2|303
0|305
3|308
4|307
4|306
5|306
3|308
10|315
11|314
11|313
12|313
10|315
0|306
1|305
1|304
2|304
0|306
3|309
4|308
4|307
5|307
3|309
10|316
11|315
11|314
12|314
10|316
0|307
1|306
1|305
2|305
0|307
3|310
4|309
4|308
5|308
3|310
10|317
11|316
11|315
12|315
10|317
0|308
1|307
1|306
2|306
0|308
3|311
4|310
4|309
5|309
3|311
10|318
11|317
11|316
12|316
10|318
0|309
1|308
1|307
2|307
0|309
3|312
4|311
4|310
5|310
3|312
10|319
11|318
11|317
12|317
10|319
0|310
1|309
1|308
2|308
0|310
3|313
4|312
4|311
5|311
3|313
10|320
11|319
11|318
12|318
10|320
0|1
0|1
0|1
0|1
0|1
3|4
3|4
3|4
3|4
3|4
10|11
10|11
10|11
10|11
10|11
0|1
0|1
0|1
0|1
0|1
3|4
3|4
3|4
3|4
3|4
10|11
10|11
10|11
10|11
10|11
0|1
0|1
0|1
0|1
0|1
3|4
3|4
3|4
3|4
3|4
10|11
10|11
10|11
10|11
10|11
0|1
0|1
0|1
0|1
0|1
3|4
3|4
3|4
3|4
3|4
10|11
10|11
10|11
10|11
10|11
0|1
0|1
0|1
0|1
0|1
3|4
3|4
3|4
3|4
3|4
10|11
10|11
10|11
10|11
10|11
0|1
0|1
0|1
0|1
0|1
3|4
3|4
3|4
3|4
3|4
10|11
10|11
10|11
10|11
10|11
0|1
0|1
0|1
0|1
0|1
3|4
3|4
3|4
3|4
3|4
10|11
10|11
10|11
10|11
10|11
0|22
1|21
1|20
2|20
0|22
3|25
4|24
4|23
5|23
3|25
10|32
11|31
11|30
12|30
10|32
0|1
0|1
0|1
0|1
0|1
3|4
3|4
3|4
3|4
3|4
10|11
10|11
10|11
10|11
10|11
0|1
0|1
0|1
0|1
0|1
3|4
3|4
3|4
3|4
3|4
10|11
10|11
10|11
10|11
10|11
0|1
0|1
0|1
0|1
0|1
3|4
3|4
3|4
3|4
3|4
10|11
10|11
10|11
10|11
10|11
0|13
1|12
1|11
2|11
0|13
3|16
4|15
4|14
5|14
3|16
10|23
11|22
11|21
12|21
10|23
0|1
0|1
0|1
0|1
0|1
3|4
3|4
3|4
3|4
3|4
10|11
10|11
10|11
10|11
10|11
0|1
0|1
0|1
0|1
0|1
3|4
3|4
3|4
3|4
3|4
10|11
10|11
10|11
10|11
10|11
0|1
0|1
0|1
0|1
0|1
3|4
3|4
3|4
3|4
3|4
10|11
10|11
10|11
10|11
10|11
0|1
0|1
0|1
0|1
0|1
3|4
3|4
3|4
3|4
3|4
10|11
10|11
10|11
10|11
10|11
0|1
0|1
0|1
0|1
0|1
3|4
3|4
3|4
3|4
3|4
10|11
10|11
10|11
10|11
10|11
0|1
0|1
0|1
0|1
0|1
3|4
3|4
3|4
3|4
3|4
10|11
10|11
10|11
10|11
10|11
0|1
0|1
0|1
0|1
0|1
3|4
3|4
3|4
3|4
3|4
10|11
10|11
10|11
10|11
10|11
0|1
0|1
0|1
0|1
0|1
3|4
3|4
3|4
3|4
3|4
10|11
10|11
10|11
10|11
10|11
0|1
0|1
0|1
0|1
0|1
3|4
3|4
3|4
3|4
3|4
10|11
10|11
10|11
10|11
10|11
0|1
0|1
0|1
0|1
0|1
3|4
3|4
3|4
3|4
3|4
10|11
10|11
10|11
10|11
10|11
0|1
0|1
0|1
0|1
0|1
3|4
3|4
3|4
3|4
3|4
10|11
10|11
10|11
10|11
10|11
0|1
0|1
0|1
0|1
0|1
3|4
3|4
3|4
3|4
3|4
10|11
10|11
10|11
10|11
10|11
0|1
0|1
0|1
0|1
0|1
3|4
3|4
3|4
3|4
3|4
10|11
10|11
10|11
10|11
10|11
0|1
0|1
0|1
0|1
0|1
3|4
3|4
3|4
3|4
3|4
10|11
10|11
10|11
10|11
10|11
0|1
0|1
0|1
0|1
0|1
3|4
3|4
3|4
3|4
3|4
10|11
10|11
10|11
10|11
10|11
0|1
0|1
0|1
0|1
0|1
3|4
3|4
3|4
3|4
3|4
10|11
10|11
10|11
10|11
10|11
0|9
1|8
1|7
2|7
0|9
3|12
4|11
4|10
5|10
3|12
10|19
11|18
11|17
12|17
10|19
0|1
0|1
0|1
0|1
0|1
3|4
3|4
3|4
3|4
3|4
10|11
10|11
10|11
10|11
10|11
0|78
1|77
1|76
2|76
0|78
3|81
4|80
4|79
5|79
3|81
10|88
11|87
11|86
12|86
10|88
0|1
0|1
0|1
0|1
0|1
3|4
3|4
3|4
3|4
3|4
10|11
10|11
10|11
10|11
10|11
0|1
0|1
0|1
0|1
0|1
3|4
3|4
3|4
3|4
3|4
10|11
10|11
10|11
10|11
10|11
0|1
0|1
0|1
0|1
0|1
3|4
3|4
3|4
3|4
3|4
10|11
10|11
10|11
10|11
10|11
0|1
0|1
0|1
0|1
0|1
3|4
3|4
3|4
3|4
3|4
10|11
10|11
10|11
10|11
10|11
0|1
0|1
0|1
0|1
0|1
3|4
3|4
3|4
3|4
3|4
10|11
10|11
10|11
10|11
10|11
0|1
0|1
0|1
0|1
0|1
3|4
3|4
3|4
3|4
3|4
10|11
10|11
10|11
10|11
10|11
0|1
0|1
0|1
0|1
0|1
3|4
3|4
3|4
3|4
3|4
10|11
10|11
10|11
10|11
10|11
0|1
0|1
0|1
0|1
0|1
3|4
3|4
3|4
3|4
3|4
10|11
10|11
10|11
10|11
10|11
0|1
0|1
0|1
0|1
0|1
3|4
3|4
3|4
3|4
3|4
10|11
10|11
10|11
10|11
10|11
0|1
0|1
0|1
0|1
0|1
3|4
3|4
3|4
3|4
3|4
10|11
10|11
10|11
10|11
10|11
0|1
0|1
0|1
0|1
0|1
3|4
3|4
3|4
3|4
3|4
10|11
10|11
10|11
10|11
10|11
0|1
0|1
0|1
0|1
0|1
3|4
3|4
3|4
3|4
3|4
10|11
10|11
10|11
10|11
10|11
0|28
1|27
1|26
2|26
0|28
3|31
4|30
4|29
5|29
3|31
10|38
11|37
11|36
12|36
10|38
0|12
1|11
1|10
2|10
0|12
3|15
4|14
4|13
5|13
3|15
10|22
11|21
11|20
12|20
10|22
0|1
0|1
0|1
0|1
0|1
3|4
3|4
3|4
3|4
3|4
10|11
10|11
10|11
10|11
10|11
0|3
1|2
1|1
0|3
0|3
3|6
4|5
4|4
3|6
3|6
10|13
11|12
11|11
10|13
10|13
0|31
1|30
1|29
2|29
0|31
3|34
4|33
4|32
5|32
3|34
10|41
11|40
11|39
12|39
10|41
0|38
1|37
1|36
2|36
0|38
3|41
4|40
4|39
5|39
3|41
10|48
11|47
11|46
12|46
10|48
0|39
1|38
1|37
2|37
0|39
3|42
4|41
4|40
5|40
3|42
10|49
11|48
11|47
12|47
10|49
0|25
1|24
1|23
2|23
0|25
3|28
4|27
4|26
5|26
3|28
10|35
11|34
11|33
12|33
10|35
0|29
1|28
1|27
2|27
0|29
3|32
4|31
4|30
5|30
3|32
10|39
11|38
11|37
12|37
10|39
0|58
1|57
1|56
2|56
0|58
3|61
4|60
4|59
5|59
3|61
10|68
11|67
11|66
12|66
10|68
0|76
1|75
1|74
2|74
0|76
3|79
4|78
4|77
5|77
3|79
10|86
11|85
11|84
12|84
10|86
0|77
1|76
1|75
2|75
0|77
3|80
4|79
4|78
5|78
3|80
10|87
11|86
11|85
12|85
10|87
0|63
1|62
1|61
2|61
0|63
3|66
4|65
4|64
5|64
3|66
10|73
11|72
11|71
12|71
10|73
0|30
1|29
1|28
2|28
0|30
3|33
4|32
4|31
5|31
3|33
10|40
11|39
11|38
12|38
10|40
0|98
1|97
1|96
2|96
0|98
3|101
4|100
4|99
5|99
3|101
10|108
11|107
11|106
12|106
10|108
0|47
1|46
1|45
2|45
0|47
3|50
4|49
4|48
5|48
3|50
10|57
11|56
11|55
12|55
10|57
0|28
1|27
1|26
2|26
0|28
3|31
4|30
4|29
5|29
3|31
10|38
11|37
11|36
12|36
10|38
0|53
1|52
1|51
2|51
0|53
3|56
4|55
4|54
5|54
3|56
10|63
11|62
11|61
12|61
10|63
0|49
1|48
1|47
2|47
0|49
3|52
4|51
4|50
5|50
3|52
10|59
11|58
11|57
12|57
10|59
0|21
1|20
1|19
2|19
0|21
3|24
4|23
4|22
5|22
3|24
10|31
11|30
11|29
12|29
10|31
0|22
1|21
1|20
2|20
0|22
3|25
4|24
4|23
5|23
3|25
10|32
11|31
11|30
12|30
10|32
0|43
1|42
1|41
2|41
0|43
3|46
4|45
4|44
5|44
3|46
10|53
11|52
11|51
12|51
10|53
0|50
1|49
1|48
2|48
0|50
3|53
4|52
4|51
5|51
3|53
10|60
11|59
11|58
12|58
10|60
0|46
1|45
1|44
2|44
0|46
3|49
4|48
4|47
5|47
3|49
10|56
11|55
11|54
12|54
10|56
0|48
1|47
1|46
2|46
0|48
3|51
4|50
4|49
5|49
3|51
10|58
11|57
11|56
12|56
10|58
0|47
1|46
1|45
2|45
0|47
3|50
4|49
4|48
5|48
3|50
10|57
11|56
11|55
12|55
10|57
0|22
1|21
1|20
2|20
0|22
3|25
4|24
4|23
5|23
3|25
10|32
11|31
11|30
12|30
10|32
0|34
1|33
1|32
2|32
0|34
3|37
4|36
4|35
5|35
3|37
10|44
11|43
11|42
12|42
10|44
0|33
1|32
1|31
2|31
0|33
3|36
4|35
4|34
5|34
3|36
10|43
11|42
11|41
12|41
10|43
0|49
1|48
1|47
2|47
0|49
3|52
4|51
4|50
5|50
3|52
10|59
11|58
11|57
12|57
10|59
0|46
1|45
1|44
2|44
0|46
3|49
4|48
4|47
5|47
3|49
10|56
11|55
11|54
12|54
10|56
0|36
1|35
1|34
2|34
0|36
3|39
4|38
4|37
5|37
3|39
10|46
11|45
11|44
12|44
10|46
0|41
1|40
1|39
2|39
0|41
3|44
4|43
4|42
5|42
3|44
10|51
11|50
11|49
12|49
10|51
0|27
1|26
1|25
2|25
0|27
3|30
4|29
4|28
5|28
3|30
10|37
11|36
11|35
12|35
10|37
0|34
1|33
1|32
2|32
0|34
3|37
4|36
4|35
5|35
3|37
10|44
11|43
11|42
12|42
10|44
0|24
1|23
1|22
2|22
0|24
3|27
4|26
4|25
5|25
3|27
10|34
11|33
11|32
12|32
10|34
0|40
1|39
1|38
2|38
0|40
3|43
4|42
4|41
5|41
3|43
10|50
11|49
11|48
12|48
10|50
0|28
1|27
1|26
2|26
0|28
3|31
4|30
4|29
5|29
3|31
10|38
11|37
11|36
12|36
10|38
0|15
1|14
1|13
2|13
0|15
3|18
4|17
4|16
5|16
3|18
10|25
11|24
11|23
12|23
10|25
0|86
1|85
1|84
2|84
0|86
3|89
4|88
4|87
5|87
3|89
10|96
11|95
11|94
12|94
10|96
0|14
1|13
1|12
2|12
0|14
3|17
4|16
4|15
5|15
3|17
10|24
11|23
11|22
12|22
10|24
0|39
1|38
1|37
2|37
0|39
3|42
4|41
4|40
5|40
3|42
10|49
11|48
11|47
12|47
10|49
0|15
1|14
1|13
2|13
0|15
3|18
4|17
4|16
5|16
3|18
10|25
11|24
11|23
12|23
10|25
0|39
1|38
1|37
2|37
0|39
3|42
4|41
4|40
5|40
3|42
10|49
11|48
11|47
12|47
10|49
0|53
1|52
1|51
2|51
0|53
3|56
4|55
4|54
5|54
3|56
10|63
11|62
11|61
12|61
10|63
0|24
1|23
1|22
2|22
0|24
3|27
4|26
4|25
5|25
3|27
10|34
11|33
11|32
12|32
10|34
0|80
1|79
1|78
2|78
0|80
3|83
4|82
4|81
5|81
3|83
10|90
11|89
11|88
12|88
10|90
0|27
1|26
1|25
2|25
0|27
3|30
4|29
4|28
5|28
3|30
10|37
11|36
11|35
12|35
10|37
0|14
1|13
1|12
2|12
0|14
3|17
4|16
4|15
5|15
3|17
10|24
11|23
11|22
12|22
10|24
0|3
1|2
1|1
0|3
0|3
3|6
4|5
4|4
3|6
3|6
10|13
11|12
11|11
10|13
10|13
0|23
1|22
1|21
2|21
0|23
3|26
4|25
4|24
5|24
3|26
10|33
11|32
11|31
12|31
10|33
0|34
1|33
1|32
2|32
0|34
3|37
4|36
4|35
5|35
3|37
10|44
11|43
11|42
12|42
10|44
0|22
1|21
1|20
2|20
0|22
3|25
4|24
4|23
5|23
3|25
10|32
11|31
11|30
12|30
10|32
0|1
0|1
0|1
0|1
0|1
3|4
3|4
3|4
3|4
3|4
10|11
10|11
10|11
10|11
10|11
0|3
1|2
1|1
0|3
0|3
3|6
4|5
4|4
3|6
3|6
10|13
11|12
11|11
10|13
10|13
0|19
1|18
1|17
2|17
0|19
3|22
4|21
4|20
5|20
3|22
10|29
11|28
11|27
12|27
10|29
0|19
1|18
1|17
2|17
0|19
3|22
4|21
4|20
5|20
3|22
10|29
11|28
11|27
12|27
10|29
0|68
1|67
1|66
2|66
0|68
3|71
4|70
4|69
5|69
3|71
10|78
11|77
11|76
12|76
10|78
0|30
1|29
1|28
2|28
0|30
3|33
4|32
4|31
5|31
3|33
10|40
11|39
11|38
12|38
10|40
0|31
1|30
1|29
2|29
0|31
3|34
4|33
4|32
5|32
3|34
10|41
11|40
11|39
12|39
10|41
0|45
1|44
1|43
2|43
0|45
3|48
4|47
4|46
5|46
3|48
10|55
11|54
11|53
12|53
10|55
0|16
1|15
1|14
2|14
0|16
3|19
4|18
4|17
5|17
3|19
10|26
11|25
11|24
12|24
10|26
0|35
1|34
1|33
2|33
0|35
3|38
4|37
4|36
5|36
3|38
10|45
11|44
11|43
12|43
10|45
0|30
1|29
1|28
2|28
0|30
3|33
4|32
4|31
5|31
3|33
10|40
11|39
11|38
12|38
10|40
0|24
1|23
1|22
2|22
0|24
3|27
4|26
4|25
5|25
3|27
10|34
11|33
11|32
12|32
10|34
0|69
1|68
1|67
2|67
0|69
3|72
4|71
4|70
5|70
3|72
10|79
11|78
11|77
12|77
10|79
0|46
1|45
1|44
2|44
0|46
3|49
4|48
4|47
5|47
3|49
10|56
11|55
11|54
12|54
10|56
0|57
1|56
1|55
2|55
0|57
3|60
4|59
4|58
5|58
3|60
10|67
11|66
11|65
12|65
10|67
0|1
0|1
0|1
0|1
0|1
3|4
3|4
3|4
3|4
3|4
10|11
10|11
10|11
10|11
10|11
0|15
1|14
1|13
2|13
0|15
3|18
4|17
4|16
5|16
3|18
10|25
11|24
11|23
12|23
10|25
0|29
1|28
1|27
2|27
0|29
3|32
4|31
4|30
5|30
3|32
10|39
11|38
11|37
12|37
10|39
0|63
1|62
1|61
2|61
0|63
3|66
4|65
4|64
5|64
3|66
10|73
11|72
11|71
12|71
10|73
0|15
1|14
1|13
2|13
0|15
3|18
4|17
4|16
5|16
3|18
10|25
11|24
11|23
12|23
10|25
0|14
1|13
1|12
2|12
0|14
3|17
4|16
4|15
5|15
3|17
10|24
11|23
11|22
12|22
10|24
0|34
1|33
1|32
2|32
0|34
3|37
4|36
4|35
5|35
3|37
10|44
11|43
11|42
12|42
10|44
0|27
1|26
1|25
2|25
0|27
3|30
4|29
4|28
5|28
3|30
10|37
11|36
11|35
12|35
10|37
0|24
1|23
1|22
2|22
0|24
3|27
4|26
4|25
5|25
3|27
10|34
11|33
11|32
12|32
10|34
0|32
1|31
1|30
2|30
0|32
3|35
4|34
4|33
5|33
3|35
10|42
11|41
11|40
12|40
10|42
0|33
1|32
1|31
2|31
0|33
3|36
4|35
4|34
5|34
3|36
10|43
11|42
11|41
12|41
10|43
0|25
1|24
1|23
2|23
0|25
3|28
4|27
4|26
5|26
3|28
10|35
11|34
11|33
12|33
10|35
0|24
1|23
1|22
2|22
0|24
3|27
4|26
4|25
5|25
3|27
10|34
11|33
11|32
12|32
10|34
0|29
1|28
1|27
2|27
0|29
3|32
4|31
4|30
5|30
3|32
10|39
11|38
11|37
12|37
10|39
0|38
1|37
1|36
2|36
0|38
3|41
4|40
4|39
5|39
3|41
10|48
11|47
11|46
12|46
10|48
0|44
1|43
1|42
2|42
0|44
3|47
4|46
4|45
5|45
3|47
10|54
11|53
11|52
12|52
10|54
0|37
1|36
1|35
2|35
0|37
3|40
4|39
4|38
5|38
3|40
10|47
11|46
11|45
12|45
10|47
0|48
1|47
1|46
2|46
0|48
3|51
4|50
4|49
5|49
3|51
10|58
11|57
11|56
12|56
10|58
0|65
1|64
1|63
2|63
0|65
3|68
4|67
4|66
5|66
3|68
10|75
11|74
11|73
12|73
10|75
0|60
1|59
1|58
2|58
0|60
3|63
4|62
4|61
5|61
3|63
10|70
11|69
11|68
12|68
10|70
0|35
1|34
1|33
2|33
0|35
3|38
4|37
4|36
5|36
3|38
10|45
11|44
11|43
12|43
10|45
0|41
1|40
1|39
2|39
0|41
3|44
4|43
4|42
5|42
3|44
10|51
11|50
11|49
12|49
10|51
0|32
1|31
1|30
2|30
0|32
3|35
4|34
4|33
5|33
3|35
10|42
11|41
11|40
12|40
10|42
0|70
1|69
1|68
2|68
0|70
3|73
4|72
4|71
5|71
3|73
10|80
11|79
11|78
12|78
10|80
0|70
1|69
1|68
2|68
0|70
3|73
4|72
4|71
5|71
3|73
10|80
11|79
11|78
12|78
10|80
0|47
1|46
1|45
2|45
0|47
3|50
4|49
4|48
5|48
3|50
10|57
11|56
11|55
12|55
10|57
0|40
1|39
1|38
2|38
0|40
3|43
4|42
4|41
5|41
3|43
10|50
11|49
11|48
12|48
10|50
0|66
1|65
1|64
2|64
0|66
3|69
4|68
4|67
5|67
3|69
10|76
11|75
11|74
12|74
10|76
0|59
1|58
1|57
2|57
0|59
3|62
4|61
4|60
5|60
3|62
10|69
11|68
11|67
12|67
10|69
0|59
1|58
1|57
2|57
0|59
3|62
4|61
4|60
5|60
3|62
10|69
11|68
11|67
12|67
10|69
0|42
1|41
1|40
2|40
0|42
3|45
4|44
4|43
5|43
3|45
10|52
11|51
11|50
12|50
10|52
0|37
1|36
1|35
2|35
0|37
3|40
4|39
4|38
5|38
3|40
10|47
11|46
11|45
12|45
10|47
0|46
1|45
1|44
2|44
0|46
3|49
4|48
4|47
5|47
3|49
10|56
11|55
11|54
12|54
10|56
0|42
1|41
1|40
2|40
0|42
3|45
4|44
4|43
5|43
3|45
10|52
11|51
11|50
12|50
10|52
0|69
1|68
1|67
2|67
0|69
3|72
4|71
4|70
5|70
3|72
10|79
11|78
11|77
12|77
10|79
0|54
1|53
1|52
2|52
0|54
3|57
4|56
4|55
5|55
3|57
10|64
11|63
11|62
12|62
10|64
0|55
1|54
1|53
2|53
0|55
3|58
4|57
4|56
5|56
3|58
10|65
11|64
11|63
12|63
10|65
0|54
1|53
1|52
2|52
0|54
3|57
4|56
4|55
5|55
3|57
10|64
11|63
11|62
12|62
10|64
0|63
1|62
1|61
2|61
0|63
3|66
4|65
4|64
5|64
3|66
10|73
11|72
11|71
12|71
10|73
0|58
1|57
1|56
2|56
0|58
3|61
4|60
4|59
5|59
3|61
10|68
11|67
11|66
12|66
10|68
0|55
1|54
1|53
2|53
0|55
3|58
4|57
4|56
5|56
3|58
10|65
11|64
11|63
12|63
10|65
0|42
1|41
1|40
2|40
0|42
3|45
4|44
4|43
5|43
3|45
10|52
11|51
11|50
12|50
10|52
0|51
1|50
1|49
2|49
0|51
3|54
4|53
4|52
5|52
3|54
10|61
11|60
11|59
12|59
10|61
0|47
1|46
1|45
2|45
0|47
3|50
4|49
4|48
5|48
3|50
10|57
11|56
11|55
12|55
10|57
0|59
1|58
1|57
2|57
0|59
3|62
4|61
4|60
5|60
3|62
10|69
11|68
11|67
12|67
10|69
0|60
1|59
1|58
2|58
0|60
3|63
4|62
4|61
5|61
3|63
10|70
11|69
11|68
12|68
10|70
0|54
1|53
1|52
2|52
0|54
3|57
4|56
4|55
5|55
3|57
10|64
11|63
11|62
12|62
10|64
0|52
1|51
1|50
2|50
0|52
3|55
4|54
4|53
5|53
3|55
10|62
11|61
11|60
12|60
10|62
0|41
1|40
1|39
2|39
0|41
3|44
4|43
4|42
5|42
3|44
10|51
11|50
11|49
12|49
10|51
0|102
1|101
1|100
2|100
0|102
3|105
4|104
4|103
5|103
3|105
10|112
11|111
11|110
12|110
10|112
0|60
1|59
1|58
2|58
0|60
3|63
4|62
4|61
5|61
3|63
10|70
11|69
11|68
12|68
10|70
0|47
1|46
1|45
2|45
0|47
3|50
4|49
4|48
5|48
3|50
10|57
11|56
11|55
12|55
10|57
0|52
1|51
1|50
2|50
0|52
3|55
4|54
4|53
5|53
3|55
10|62
11|61
11|60
12|60
10|62
0|52
1|51
1|50
2|50
0|52
3|55
4|54
4|53
5|53
3|55
10|62
11|61
11|60
12|60
10|62
0|69
1|68
1|67
2|67
0|69
3|72
4|71
4|70
5|70
3|72
10|79
11|78
11|77
12|77
10|79
0|59
1|58
1|57
2|57
0|59
3|62
4|61
4|60
5|60
3|62
10|69
11|68
11|67
12|67
10|69
0|54
1|53
1|52
2|52
0|54
3|57
4|56
4|55
5|55
3|57
10|64
11|63
11|62
12|62
10|64
0|59
1|58
1|57
2|57
0|59
3|62
4|61
4|60
5|60
3|62
10|69
11|68
11|67
12|67
10|69
0|74
1|73
1|72
2|72
0|74
3|77
4|76
4|75
5|75
3|77
10|84
11|83
11|82
12|82
10|84
0|74
1|73
1|72
2|72
0|74
3|77
4|76
4|75
5|75
3|77
10|84
11|83
11|82
12|82
10|84
0|52
1|51
1|50
2|50
0|52
3|55
4|54
4|53
5|53
3|55
10|62
11|61
11|60
12|60
10|62
0|106
1|105
1|104
2|104
0|106
3|109
4|108
4|107
5|107
3|109
10|116
11|115
11|114
12|114
10|116
0|52
1|51
1|50
2|50
0|52
3|55
4|54
4|53
5|53
3|55
10|62
11|61
11|60
12|60
10|62
0|46
1|45
1|44
2|44
0|46
3|49
4|48
4|47
5|47
3|49
10|56
11|55
11|54
12|54
10|56
0|54
1|53
1|52
2|52
0|54
3|57
4|56
4|55
5|55
3|57
10|64
11|63
11|62
12|62
10|64
0|46
1|45
1|44
2|44
0|46
3|49
4|48
4|47
5|47
3|49
10|56
11|55
11|54
12|54
10|56
0|67
1|66
1|65
2|65
0|67
3|70
4|69
4|68
5|68
3|70
10|77
11|76
11|75
12|75
10|77
0|48
1|47
1|46
2|46
0|48
3|51
4|50
4|49
5|49
3|51
10|58
11|57
11|56
12|56
10|58
0|57
1|56
1|55
2|55
0|57
3|60
4|59
4|58
5|58
3|60
10|67
11|66
11|65
12|65
10|67
0|57
1|56
1|55
2|55
0|57
3|60
4|59
4|58
5|58
3|60
10|67
11|66
11|65
12|65
10|67
0|59
1|58
1|57
2|57
0|59
3|62
4|61
4|60
5|60
3|62
10|69
11|68
11|67
12|67
10|69
0|50
1|49
1|48
2|48
0|50
3|53
4|52
4|51
5|51
3|53
10|60
11|59
11|58
12|58
10|60
0|58
1|57
1|56
2|56
0|58
3|61
4|60
4|59
5|59
3|61
10|68
11|67
11|66
12|66
10|68
0|52
1|51
1|50
2|50
0|52
3|55
4|54
4|53
5|53
3|55
10|62
11|61
11|60
12|60
10|62
0|54
1|53
1|52
2|52
0|54
3|57
4|56
4|55
5|55
3|57
10|64
11|63
11|62
12|62
10|64
0|51
1|50
1|49
2|49
0|51
3|54
4|53
4|52
5|52
3|54
10|61
11|60
11|59
12|59
10|61
0|47
1|46
1|45
2|45
0|47
3|50
4|49
4|48
5|48
3|50
10|57
11|56
11|55
12|55
10|57
0|53
1|52
1|51
2|51
0|53
3|56
4|55
4|54
5|54
3|56
10|63
11|62
11|61
12|61
10|63
0|52
1|51
1|50
2|50
0|52
3|55
4|54
4|53
5|53
3|55
10|62
11|61
11|60
12|60
10|62
0|64
1|63
1|62
2|62
0|64
3|67
4|66
4|65
5|65
3|67
10|74
11|73
11|72
12|72
10|74
0|58
1|57
1|56
2|56
0|58
3|61
4|60
4|59
5|59
3|61
10|68
11|67
11|66
12|66
10|68
0|66
1|65
1|64
2|64
0|66
3|69
4|68
4|67
5|67
3|69
10|76
11|75
11|74
12|74
10|76
0|66
1|65
1|64
2|64
0|66
3|69
4|68
4|67
5|67
3|69
10|76
11|75
11|74
12|74
10|76
0|60
1|59
1|58
2|58
0|60
3|63
4|62
4|61
5|61
3|63
10|70
11|69
11|68
12|68
10|70
0|62
1|61
1|60
2|60
0|62
3|65
4|64
4|63
5|63
3|65
10|72
11|71
11|70
12|70
10|72
0|53
1|52
1|51
2|51
0|53
3|56
4|55
4|54
5|54
3|56
10|63
11|62
11|61
12|61
10|63
0|68
1|67
1|66
2|66
0|68
3|71
4|70
4|69
5|69
3|71
10|78
11|77
11|76
12|76
10|78
0|64
1|63
1|62
2|62
0|64
3|67
4|66
4|65
5|65
3|67
10|74
11|73
11|72
12|72
10|74
0|62
1|61
1|60
2|60
0|62
3|65
4|64
4|63
5|63
3|65
10|72
11|71
11|70
12|70
10|72
0|81
1|80
1|79
2|79
0|81
3|84
4|83
4|82
5|82
3|84
10|91
11|90
11|89
12|89
10|91
0|81
1|80
1|79
2|79
0|81
3|84
4|83
4|82
5|82
3|84
10|91
11|90
11|89
12|89
10|91
0|60
1|59
1|58
2|58
0|60
3|63
4|62
4|61
5|61
3|63
10|70
11|69
11|68
12|68
10|70
0|58
1|57
1|56
2|56
0|58
3|61
4|60
4|59
5|59
3|61
10|68
11|67
11|66
12|66
10|68
0|52
1|51
1|50
2|50
0|52
3|55
4|54
4|53
5|53
3|55
10|62
11|61
11|60
12|60
10|62
0|67
1|66
1|65
2|65
0|67
3|70
4|69
4|68
5|68
3|70
10|77
11|76
11|75
12|75
10|77
0|68
1|67
1|66
2|66
0|68
3|71
4|70
4|69
5|69
3|71
10|78
11|77
11|76
12|76
10|78
0|64
1|63
1|62
2|62
0|64
3|67
4|66
4|65
5|65
3|67
10|74
11|73
11|72
12|72
10|74
0|63
1|62
1|61
2|61
0|63
3|66
4|65
4|64
5|64
3|66
10|73
11|72
11|71
12|71
10|73
0|48
1|47
1|46
2|46
0|48
3|51
4|50
4|49
5|49
3|51
10|58
11|57
11|56
12|56
10|58
0|73
1|72
1|71
2|71
0|73
3|76
4|75
4|74
5|74
3|76
10|83
11|82
11|81
12|81
10|83
0|67
1|66
1|65
2|65
0|67
3|70
4|69
4|68
5|68
3|70
10|77
11|76
11|75
12|75
10|77
0|56
1|55
1|54
2|54
0|56
3|59
4|58
4|57
5|57
3|59
10|66
11|65
11|64
12|64
10|66
0|69
1|68
1|67
2|67
0|69
3|72
4|71
4|70
5|70
3|72
10|79
11|78
11|77
12|77
10|79
0|67
1|66
1|65
2|65
0|67
3|70
4|69
4|68
5|68
3|70
10|77
11|76
11|75
12|75
10|77
0|43
1|42
1|41
2|41
0|43
3|46
4|45
4|44
5|44
3|46
10|53
11|52
11|51
12|51
10|53
0|66
1|65
1|64
2|64
0|66
3|69
4|68
4|67
5|67
3|69
10|76
11|75
11|74
12|74
10|76
0|67
1|66
1|65
2|65
0|67
3|70
4|69
4|68
5|68
3|70
10|77
11|76
11|75
12|75
10|77
0|80
1|79
1|78
2|78
0|80
3|83
4|82
4|81
5|81
3|83
10|90
11|89
11|88
12|88
10|90
0|67
1|66
1|65
2|65
0|67
3|70
4|69
4|68
5|68
3|70
10|77
11|76
11|75
12|75
10|77
0|67
1|66
1|65
2|65
0|67
3|70
4|69
4|68
5|68
3|70
10|77
11|76
11|75
12|75
10|77
0|49
1|48
1|47
2|47
0|49
3|52
4|51
4|50
5|50
3|52
10|59
11|58
11|57
12|57
10|59
0|56
1|55
1|54
2|54
0|56
3|59
4|58
4|57
5|57
3|59
10|66
11|65
11|64
12|64
10|66
0|51
1|50
1|49
2|49
0|51
3|54
4|53
4|52
5|52
3|54
10|61
11|60
11|59
12|59
10|61
0|58
1|57
1|56
2|56
0|58
3|61
4|60
4|59
5|59
3|61
10|68
11|67
11|66
12|66
10|68
0|73
1|72
1|71
2|71
0|73
3|76
4|75
4|74
5|74
3|76
10|83
11|82
11|81
12|81
10|83
0|61
1|60
1|59
2|59
0|61
3|64
4|63
4|62
5|62
3|64
10|71
11|70
11|69
12|69
10|71
0|57
1|56
1|55
2|55
0|57
3|60
4|59
4|58
5|58
3|60
10|67
11|66
11|65
12|65
10|67
0|67
1|66
1|65
2|65
0|67
3|70
4|69
4|68
5|68
3|70
10|77
11|76
11|75
12|75
10|77
0|66
1|65
1|64
2|64
0|66
3|69
4|68
4|67
5|67
3|69
10|76
11|75
11|74
12|74
10|76
0|77
1|76
1|75
2|75
0|77
3|80
4|79
4|78
5|78
3|80
10|87
11|86
11|85
12|85
10|87
0|77
1|76
1|75
2|75
0|77
3|80
4|79
4|78
5|78
3|80
10|87
11|86
11|85
12|85
10|87
0|58
1|57
1|56
2|56
0|58
3|61
4|60
4|59
5|59
3|61
10|68
11|67
11|66
12|66
10|68
0|54
1|53
1|52
2|52
0|54
3|57
4|56
4|55
5|55
3|57
10|64
11|63
11|62
12|62
10|64
0|69
1|68
1|67
2|67
0|69
3|72
4|71
4|70
5|70
3|72
10|79
11|78
11|77
12|77
10|79
0|61
1|60
1|59
2|59
0|61
3|64
4|63
4|62
5|62
3|64
10|71
11|70
11|69
12|69
10|71
0|51
1|50
1|49
2|49
0|51
3|54
4|53
4|52
5|52
3|54
10|61
11|60
11|59
12|59
10|61
0|42
1|41
1|40
2|40
0|42
3|45
4|44
4|43
5|43
3|45
10|52
11|51
11|50
12|50
10|52
0|50
1|49
1|48
2|48
0|50
3|53
4|52
4|51
5|51
3|53
10|60
11|59
11|58
12|58
10|60
0|56
1|55
1|54
2|54
0|56
3|59
4|58
4|57
5|57
3|59
10|66
11|65
11|64
12|64
10|66
0|65
1|64
1|63
2|63
0|65
3|68
4|67
4|66
5|66
3|68
10|75
11|74
11|73
12|73
10|75
0|61
1|60
1|59
2|59
0|61
3|64
4|63
4|62
5|62
3|64
10|71
11|70
11|69
12|69
10|71
0|61
1|60
1|59
2|59
0|61
3|64
4|63
4|62
5|62
3|64
10|71
11|70
11|69
12|69
10|71
0|70
1|69
1|68
2|68
0|70
3|73
4|72
4|71
5|71
3|73
10|80
11|79
11|78
12|78
10|80
0|66
1|65
1|64
2|64
0|66
3|69
4|68
4|67
5|67
3|69
10|76
11|75
11|74
12|74
10|76
0|61
1|60
1|59
2|59
0|61
3|64
4|63
4|62
5|62
3|64
10|71
11|70
11|69
12|69
10|71
0|69
1|68
1|67
2|67
0|69
3|72
4|71
4|70
5|70
3|72
10|79
11|78
11|77
12|77
10|79
0|66
1|65
1|64
2|64
0|66
3|69
4|68
4|67
5|67
3|69
10|76
11|75
11|74
12|74
10|76
0|69
1|68
1|67
2|67
0|69
3|72
4|71
4|70
5|70
3|72
10|79
11|78
11|77
12|77
10|79
0|68
1|67
1|66
2|66
0|68
3|71
4|70
4|69
5|69
3|71
10|78
11|77
11|76
12|76
10|78
0|66
1|65
1|64
2|64
0|66
3|69
4|68
4|67
5|67
3|69
10|76
11|75
11|74
12|74
10|76
0|66
1|65
1|64
2|64
0|66
3|69
4|68
4|67
5|67
3|69
10|76
11|75
11|74
12|74
10|76
0|61
1|60
1|59
2|59
0|61
3|64
4|63
4|62
5|62
3|64
10|71
11|70
11|69
12|69
10|71
0|95
1|94
1|93
2|93
0|95
3|98
4|97
4|96
5|96
3|98
10|105
11|104
11|103
12|103
10|105
0|93
1|92
1|91
2|91
0|93
3|96
4|95
4|94
5|94
3|96
10|103
11|102
11|101
12|101
10|103
0|66
1|65
1|64
2|64
0|66
3|69
4|68
4|67
5|67
3|69
10|76
11|75
11|74
12|74
10|76
0|64
1|63
1|62
2|62
0|64
3|67
4|66
4|65
5|65
3|67
10|74
11|73
11|72
12|72
10|74
0|46
1|45
1|44
2|44
0|46
3|49
4|48
4|47
5|47
3|49
10|56
11|55
11|54
12|54
10|56
0|52
1|51
1|50
2|50
0|52
3|55
4|54
4|53
5|53
3|55
10|62
11|61
11|60
12|60
10|62
0|47
1|46
1|45
2|45
0|47
3|50
4|49
4|48
5|48
3|50
10|57
11|56
11|55
12|55
10|57
0|53
1|52
1|51
2|51
0|53
3|56
4|55
4|54
5|54
3|56
10|63
11|62
11|61
12|61
10|63
0|45
1|44
1|43
2|43
0|45
3|48
4|47
4|46
5|46
3|48
10|55
11|54
11|53
12|53
10|55
0|59
1|58
1|57
2|57
0|59
3|62
4|61
4|60
5|60
3|62
10|69
11|68
11|67
12|67
10|69
0|40
1|39
1|38
2|38
0|40
3|43
4|42
4|41
5|41
3|43
10|50
11|49
11|48
12|48
10|50
0|52
1|51
1|50
2|50
0|52
3|55
4|54
4|53
5|53
3|55
10|62
11|61
11|60
12|60
10|62
0|57
1|56
1|55
2|55
0|57
3|60
4|59
4|58
5|58
3|60
10|67
11|66
11|65
12|65
10|67
0|52
1|51
1|50
2|50
0|52
3|55
4|54
4|53
5|53
3|55
10|62
11|61
11|60
12|60
10|62
0|47
1|46
1|45
2|45
0|47
3|50
4|49
4|48
5|48
3|50
10|57
11|56
11|55
12|55
10|57
0|70
1|69
1|68
2|68
0|70
3|73
4|72
4|71
5|71
3|73
10|80
11|79
11|78
12|78
10|80
0|65
1|64
1|63
2|63
0|65
3|68
4|67
4|66
5|66
3|68
10|75
11|74
11|73
12|73
10|75
0|49
1|48
1|47
2|47
0|49
3|52
4|51
4|50
5|50
3|52
10|59
11|58
11|57
12|57
10|59
0|46
1|45
1|44
2|44
0|46
3|49
4|48
4|47
5|47
3|49
10|56
11|55
11|54
12|54
10|56
0|65
1|64
1|63
2|63
0|65
3|68
4|67
4|66
5|66
3|68
10|75
11|74
11|73
12|73
10|75
0|56
1|55
1|54
2|54
0|56
3|59
4|58
4|57
5|57
3|59
10|66
11|65
11|64
12|64
10|66
0|73
1|72
1|71
2|71
0|73
3|76
4|75
4|74
5|74
3|76
10|83
11|82
11|81
12|81
10|83
0|53
1|52
1|51
2|51
0|53
3|56
4|55
4|54
5|54
3|56
10|63
11|62
11|61
12|61
10|63
0|52
1|51
1|50
2|50
0|52
3|55
4|54
4|53
5|53
3|55
10|62
11|61
11|60
12|60
10|62
0|47
1|46
1|45
2|45
0|47
3|50
4|49
4|48
5|48
3|50
10|57
11|56
11|55
12|55
10|57
0|52
1|51
1|50
2|50
0|52
3|55
4|54
4|53
5|53
3|55
10|62
11|61
11|60
12|60
10|62
0|63
1|62
1|61
2|61
0|63
3|66
4|65
4|64
5|64
3|66
10|73
11|72
11|71
12|71
10|73
0|73
1|72
1|71
2|71
0|73
3|76
4|75
4|74
5|74
3|76
10|83
11|82
11|81
12|81
10|83
0|74
1|73
1|72
2|72
0|74
3|77
4|76
4|75
5|75
3|77
10|84
11|83
11|82
12|82
10|84
0|69
1|68
1|67
2|67
0|69
3|72
4|71
4|70
5|70
3|72
10|79
11|78
11|77
12|77
10|79
0|50
1|49
1|48
2|48
0|50
3|53
4|52
4|51
5|51
3|53
10|60
11|59
11|58
12|58
10|60
0|54
1|53
1|52
2|52
0|54
3|57
4|56
4|55
5|55
3|57
10|64
11|63
11|62
12|62
10|64
0|45
1|44
1|43
2|43
0|45
3|48
4|47
4|46
5|46
3|48
10|55
11|54
11|53
12|53
10|55
0|53
1|52
1|51
2|51
0|53
3|56
4|55
4|54
5|54
3|56
10|63
11|62
11|61
12|61
10|63
0|49
1|48
1|47
2|47
0|49
3|52
4|51
4|50
5|50
3|52
10|59
11|58
11|57
12|57
10|59
0|7
1|6
1|5
2|5
0|7
3|10
4|9
4|8
5|8
3|10
10|17
11|16
11|15
12|15
10|17
0|18
1|17
1|16
2|16
0|18
3|21
4|20
4|19
5|19
3|21
10|28
11|27
11|26
12|26
10|28
0|25
1|24
1|23
2|23
0|25
3|28
4|27
4|26
5|26
3|28
10|35
11|34
11|33
12|33
10|35
0|33
1|32
1|31
2|31
0|33
3|36
4|35
4|34
5|34
3|36
10|43
11|42
11|41
12|41
10|43
0|37
1|36
1|35
2|35
0|37
3|40
4|39
4|38
5|38
3|40
10|47
11|46
11|45
12|45
10|47
0|16
1|15
1|14
2|14
0|16
3|19
4|18
4|17
5|17
3|19
10|26
11|25
11|24
12|24
10|26
0|16
1|15
1|14
2|14
0|16
3|19
4|18
4|17
5|17
3|19
10|26
11|25
11|24
12|24
10|26
0|16
1|15
1|14
2|14
0|16
3|19
4|18
4|17
5|17
3|19
10|26
11|25
11|24
12|24
10|26
0|1
0|1
0|1
0|1
0|1
3|4
3|4
3|4
3|4
3|4
10|11
10|11
10|11
10|11
10|11
0|9
1|8
1|7
2|7
0|9
3|12
4|11
4|10
5|10
3|12
10|19
11|18
11|17
12|17
10|19
0|15
1|14
1|13
2|13
0|15
3|18
4|17
4|16
5|16
3|18
10|25
11|24
11|23
12|23
10|25
0|21
1|20
1|19
2|19
0|21
3|24
4|23
4|22
5|22
3|24
10|31
11|30
11|29
12|29
10|31
0|22
1|21
1|20
2|20
0|22
3|25
4|24
4|23
5|23
3|25
10|32
11|31
11|30
12|30
10|32
0|21
1|20
1|19
2|19
0|21
3|24
4|23
4|22
5|22
3|24
10|31
11|30
11|29
12|29
10|31
0|254
1|253
1|252
2|252
0|254
3|257
4|256
4|255
5|255
3|257
10|264
11|263
11|262
12|262
10|264
0|4
1|3
1|2
2|2
0|4
3|7
4|6
4|5
5|5
3|7
10|14
11|13
11|12
12|12
10|14
0|23
1|22
1|21
2|21
0|23
3|26
4|25
4|24
5|24
3|26
10|33
11|32
11|31
12|31
10|33
0|24
1|23
1|22
2|22
0|24
3|27
4|26
4|25
5|25
3|27
10|34
11|33
11|32
12|32
10|34
0|29
1|28
1|27
2|27
0|29
3|32
4|31
4|30
5|30
3|32
10|39
11|38
11|37
12|37
10|39
0|16
1|15
1|14
2|14
0|16
3|19
4|18
4|17
5|17
3|19
10|26
11|25
11|24
12|24
10|26
0|26
1|25
1|24
2|24
0|26
3|29
4|28
4|27
5|27
3|29
10|36
11|35
11|34
12|34
10|36
0|27
1|26
1|25
2|25
0|27
3|30
4|29
4|28
5|28
3|30
10|37
11|36
11|35
12|35
10|37
0|29
1|28
1|27
2|27
0|29
3|32
4|31
4|30
5|30
3|32
10|39
11|38
11|37
12|37
10|39
0|32
1|31
1|30
2|30
0|32
3|35
4|34
4|33
5|33
3|35
10|42
11|41
11|40
12|40
10|42
0|21
1|20
1|19
2|19
0|21
3|24
4|23
4|22
5|22
3|24
10|31
11|30
11|29
12|29
10|31
0|22
1|21
1|20
2|20
0|22
3|25
4|24
4|23
5|23
3|25
10|32
11|31
11|30
12|30
10|32
0|33
1|32
1|31
2|31
0|33
3|36
4|35
4|34
5|34
3|36
10|43
11|42
11|41
12|41
10|43
0|23
1|22
1|21
2|21
0|23
3|26
4|25
4|24
5|24
3|26
10|33
11|32
11|31
12|31
10|33
0|46
1|45
1|44
2|44
0|46
3|49
4|48
4|47
5|47
3|49
10|56
11|55
11|54
12|54
10|56
0|35
1|34
1|33
2|33
0|35
3|38
4|37
4|36
5|36
3|38
10|45
11|44
11|43
12|43
10|45
0|28
1|27
1|26
2|26
0|28
3|31
4|30
4|29
5|29
3|31
10|38
11|37
11|36
12|36
10|38
0|14
1|13
1|12
2|12
0|14
3|17
4|16
4|15
5|15
3|17
10|24
11|23
11|22
12|22
10|24
0|1
0|1
0|1
0|1
0|1
3|4
3|4
3|4
3|4
3|4
10|11
10|11
10|11
10|11
10|11
0|32
1|31
1|30
2|30
0|32
3|35
4|34
4|33
5|33
3|35
10|42
11|41
11|40
12|40
10|42
0|12
1|11
1|10
2|10
0|12
3|15
4|14
4|13
5|13
3|15
10|22
11|21
11|20
12|20
10|22
0|3
1|2
1|1
0|3
0|3
3|6
4|5
4|4
3|6
3|6
10|13
11|12
11|11
10|13
10|13
0|83
1|82
1|81
2|81
0|83
3|86
4|85
4|84
5|84
3|86
10|93
11|92
11|91
12|91
10|93
0|64
1|63
1|62
2|62
0|64
3|67
4|66
4|65
5|65
3|67
10|74
11|73
11|72
12|72
10|74
0|39
1|38
1|37
2|37
0|39
3|42
4|41
4|40
5|40
3|42
10|49
11|48
11|47
12|47
10|49
0|24
1|23
1|22
2|22
0|24
3|27
4|26
4|25
5|25
3|27
10|34
11|33
11|32
12|32
10|34
0|59
1|58
1|57
2|57
0|59
3|62
4|61
4|60
5|60
3|62
10|69
11|68
11|67
12|67
10|69
0|28
1|27
1|26
2|26
0|28
3|31
4|30
4|29
5|29
3|31
10|38
11|37
11|36
12|36
10|38
0|61
1|60
1|59
2|59
0|61
3|64
4|63
4|62
5|62
3|64
10|71
11|70
11|69
12|69
10|71
0|61
1|60
1|59
2|59
0|61
3|64
4|63
4|62
5|62
3|64
10|71
11|70
11|69
12|69
10|71
0|81
1|80
1|79
2|79
0|81
3|84
4|83
4|82
5|82
3|84
10|91
11|90
11|89
12|89
10|91
0|78
1|77
1|76
2|76
0|78
3|81
4|80
4|79
5|79
3|81
10|88
11|87
11|86
12|86
10|88
0|66
1|65
1|64
2|64
0|66
3|69
4|68
4|67
5|67
3|69
10|76
11|75
11|74
12|74
10|76
0|70
1|69
1|68
2|68
0|70
3|73
4|72
4|71
5|71
3|73
10|80
11|79
11|78
12|78
10|80
0|104
1|103
1|102
2|102
0|104
3|107
4|106
4|105
5|105
3|107
10|114
11|113
11|112
12|112
10|114
0|100
1|99
1|98
2|98
0|100
3|103
4|102
4|101
5|101
3|103
10|110
11|109
11|108
12|108
10|110
0|83
1|82
1|81
2|81
0|83
3|86
4|85
4|84
5|84
3|86
10|93
11|92
11|91
12|91
10|93
0|95
1|94
1|93
2|93
0|95
3|98
4|97
4|96
5|96
3|98
10|105
11|104
11|103
12|103
10|105
0|39
1|38
1|37
2|37
0|39
3|42
4|41
4|40
5|40
3|42
10|49
11|48
11|47
12|47
10|49
0|20
1|19
1|18
2|18
0|20
3|23
4|22
4|21
5|21
3|23
10|30
11|29
11|28
12|28
10|30
0|32
1|31
1|30
2|30
0|32
3|35
4|34
4|33
5|33
3|35
10|42
11|41
11|40
12|40
10|42
0|1
0|1
0|1
0|1
0|1
3|4
3|4
3|4
3|4
3|4
10|11
10|11
10|11
10|11
10|11
0|4
1|3
1|2
2|2
0|4
3|7
4|6
4|5
5|5
3|7
10|14
11|13
11|12
12|12
10|14
0|20
1|19
1|18
2|18
0|20
3|23
4|22
4|21
5|21
3|23
10|30
11|29
11|28
12|28
10|30
0|16
1|15
1|14
2|14
0|16
3|19
4|18
4|17
5|17
3|19
10|26
11|25
11|24
12|24
10|26
0|16
1|15
1|14
2|14
0|16
3|19
4|18
4|17
5|17
3|19
10|26
11|25
11|24
12|24
10|26
0|12
1|11
1|10
2|10
0|12
3|15
4|14
4|13
5|13
3|15
10|22
11|21
11|20
12|20
10|22
0|3
1|2
1|1
0|3
0|3
3|6
4|5
4|4
3|6
3|6
10|13
11|12
11|11
10|13
10|13
0|59
1|58
1|57
2|57
0|59
3|62
4|61
4|60
5|60
3|62
10|69
11|68
11|67
12|67
10|69
0|73
1|72
1|71
2|71
0|73
3|76
4|75
4|74
5|74
3|76
10|83
11|82
11|81
12|81
10|83
0|1
0|1
0|1
0|1
0|1
3|4
3|4
3|4
3|4
3|4
10|11
10|11
10|11
10|11
10|11
0|44
1|43
1|42
2|42
0|44
3|47
4|46
4|45
5|45
3|47
10|54
11|53
11|52
12|52
10|54
0|42
1|41
1|40
2|40
0|42
3|45
4|44
4|43
5|43
3|45
10|52
11|51
11|50
12|50
10|52
0|47
1|46
1|45
2|45
0|47
3|50
4|49
4|48
5|48
3|50
10|57
11|56
11|55
12|55
10|57
0|66
1|65
1|64
2|64
0|66
3|69
4|68
4|67
5|67
3|69
10|76
11|75
11|74
12|74
10|76
0|50
1|49
1|48
2|48
0|50
3|53
4|52
4|51
5|51
3|53
10|60
11|59
11|58
12|58
10|60
0|51
1|50
1|49
2|49
0|51
3|54
4|53
4|52
5|52
3|54
10|61
11|60
11|59
12|59
10|61
0|26
1|25
1|24
2|24
0|26
3|29
4|28
4|27
5|27
3|29
10|36
11|35
11|34
12|34
10|36
0|38
1|37
1|36
2|36
0|38
3|41
4|40
4|39
5|39
3|41
10|48
11|47
11|46
12|46
10|48
0|33
1|32
1|31
2|31
0|33
3|36
4|35
4|34
5|34
3|36
10|43
11|42
11|41
12|41
10|43
0|53
1|52
1|51
2|51
0|53
3|56
4|55
4|54
5|54
3|56
10|63
11|62
11|61
12|61
10|63
0|74
1|73
1|72
2|72
0|74
3|77
4|76
4|75
5|75
3|77
10|84
11|83
11|82
12|82
10|84
0|22
1|21
1|20
2|20
0|22
3|25
4|24
4|23
5|23
3|25
10|32
11|31
11|30
12|30
10|32
0|78
1|77
1|76
2|76
0|78
3|81
4|80
4|79
5|79
3|81
10|88
11|87
11|86
12|86
10|88
0|34
1|33
1|32
2|32
0|34
3|37
4|36
4|35
5|35
3|37
10|44
11|43
11|42
12|42
10|44
0|76
1|75
1|74
2|74
0|76
3|79
4|78
4|77
5|77
3|79
10|86
11|85
11|84
12|84
10|86
0|77
1|76
1|75
2|75
0|77
3|80
4|79
4|78
5|78
3|80
10|87
11|86
11|85
12|85
10|87
0|5
1|4
1|3
2|3
0|5
3|8
4|7
4|6
5|6
3|8
10|15
11|14
11|13
12|13
10|15
0|20
1|19
1|18
2|18
0|20
3|23
4|22
4|21
5|21
3|23
10|30
11|29
11|28
12|28
10|30
0|20
1|19
1|18
2|18
0|20
3|23
4|22
4|21
5|21
3|23
10|30
11|29
11|28
12|28
10|30
0|25
1|24
1|23
2|23
0|25
3|28
4|27
4|26
5|26
3|28
10|35
11|34
11|33
12|33
10|35
0|16
1|15
1|14
2|14
0|16
3|19
4|18
4|17
5|17
3|19
10|26
11|25
11|24
12|24
10|26
0|1
0|1
0|1
0|1
0|1
3|4
3|4
3|4
3|4
3|4
10|11
10|11
10|11
10|11
10|11
0|10
1|9
1|8
2|8
0|10
3|13
4|12
4|11
5|11
3|13
10|20
11|19
11|18
12|18
10|20
0|10
1|9
1|8
2|8
0|10
3|13
4|12
4|11
5|11
3|13
10|20
11|19
11|18
12|18
10|20
0|1
0|1
0|1
0|1
0|1
3|4
3|4
3|4
3|4
3|4
10|11
10|11
10|11
10|11
10|11
0|22
1|21
1|20
2|20
0|22
3|25
4|24
4|23
5|23
3|25
10|32
11|31
11|30
12|30
10|32
0|82
1|81
1|80
2|80
0|82
3|85
4|84
4|83
5|83
3|85
10|92
11|91
11|90
12|90
10|92
0|27
1|26
1|25
2|25
0|27
3|30
4|29
4|28
5|28
3|30
10|37
11|36
11|35
12|35
10|37
0|48
1|47
1|46
2|46
0|48
3|51
4|50
4|49
5|49
3|51
10|58
11|57
11|56
12|56
10|58
0|43
1|42
1|41
2|41
0|43
3|46
4|45
4|44
5|44
3|46
10|53
11|52
11|51
12|51
10|53
0|68
1|67
1|66
2|66
0|68
3|71
4|70
4|69
5|69
3|71
10|78
11|77
11|76
12|76
10|78
0|76
1|75
1|74
2|74
0|76
3|79
4|78
4|77
5|77
3|79
10|86
11|85
11|84
12|84
10|86
0|12
1|11
1|10
2|10
0|12
3|15
4|14
4|13
5|13
3|15
10|22
11|21
11|20
12|20
10|22
0|1
0|1
0|1
0|1
0|1
3|4
3|4
3|4
3|4
3|4
10|11
10|11
10|11
10|11
10|11
0|13
1|12
1|11
2|11
0|13
3|16
4|15
4|14
5|14
3|16
10|23
11|22
11|21
12|21
10|23
0|1
0|1
0|1
0|1
0|1
3|4
3|4
3|4
3|4
3|4
10|11
10|11
10|11
10|11
10|11
0|28
1|27
1|26
2|26
0|28
3|31
4|30
4|29
5|29
3|31
10|38
11|37
11|36
12|36
10|38
0|28
1|27
1|26
2|26
0|28
3|31
4|30
4|29
5|29
3|31
10|38
11|37
11|36
12|36
10|38
0|29
1|28
1|27
2|27
0|29
3|32
4|31
4|30
5|30
3|32
10|39
11|38
11|37
12|37
10|39
0|20
1|19
1|18
2|18
0|20
3|23
4|22
4|21
5|21
3|23
10|30
11|29
11|28
12|28
10|30
0|1
0|1
0|1
0|1
0|1
3|4
3|4
3|4
3|4
3|4
10|11
10|11
10|11
10|11
10|11
0|83
1|82
1|81
2|81
0|83
3|86
4|85
4|84
5|84
3|86
10|93
11|92
11|91
12|91
10|93
0|13
1|12
1|11
2|11
0|13
3|16
4|15
4|14
5|14
3|16
10|23
11|22
11|21
12|21
10|23
0|60
1|59
1|58
2|58
0|60
3|63
4|62
4|61
5|61
3|63
10|70
11|69
11|68
12|68
10|70
0|54
1|53
1|52
2|52
0|54
3|57
4|56
4|55
5|55
3|57
10|64
11|63
11|62
12|62
10|64
0|37
1|36
1|35
2|35
0|37
3|40
4|39
4|38
5|38
3|40
10|47
11|46
11|45
12|45
10|47
0|21
1|20
1|19
2|19
0|21
3|24
4|23
4|22
5|22
3|24
10|31
11|30
11|29
12|29
10|31
0|23
1|22
1|21
2|21
0|23
3|26
4|25
4|24
5|24
3|26
10|33
11|32
11|31
12|31
10|33
0|32
1|31
1|30
2|30
0|32
3|35
4|34
4|33
5|33
3|35
10|42
11|41
11|40
12|40
10|42
0|1
0|1
0|1
0|1
0|1
3|4
3|4
3|4
3|4
3|4
10|11
10|11
10|11
10|11
10|11
0|13
1|12
1|11
2|11
0|13
3|16
4|15
4|14
5|14
3|16
10|23
11|22
11|21
12|21
10|23
0|62
1|61
1|60
2|60
0|62
3|65
4|64
4|63
5|63
3|65
10|72
11|71
11|70
12|70
10|72
0|43
1|42
1|41
2|41
0|43
3|46
4|45
4|44
5|44
3|46
10|53
11|52
11|51
12|51
10|53
0|27
1|26
1|25
2|25
0|27
3|30
4|29
4|28
5|28
3|30
10|37
11|36
11|35
12|35
10|37
0|1
0|1
0|1
0|1
0|1
3|4
3|4
3|4
3|4
3|4
10|11
10|11
10|11
10|11
10|11
0|63
1|62
1|61
2|61
0|63
3|66
4|65
4|64
5|64
3|66
10|73
11|72
11|71
12|71
10|73
0|86
1|85
1|84
2|84
0|86
3|89
4|88
4|87
5|87
3|89
10|96
11|95
11|94
12|94
10|96
0|80
1|79
1|78
2|78
0|80
3|83
4|82
4|81
5|81
3|83
10|90
11|89
11|88
12|88
10|90
0|77
1|76
1|75
2|75
0|77
3|80
4|79
4|78
5|78
3|80
10|87
11|86
11|85
12|85
10|87
0|25
1|24
1|23
2|23
0|25
3|28
4|27
4|26
5|26
3|28
10|35
11|34
11|33
12|33
10|35
0|12
1|11
1|10
2|10
0|12
3|15
4|14
4|13
5|13
3|15
10|22
11|21
11|20
12|20
10|22
0|1
0|1
0|1
0|1
0|1
3|4
3|4
3|4
3|4
3|4
10|11
10|11
10|11
10|11
10|11
0|8
1|7
1|6
2|6
0|8
3|11
4|10
4|9
5|9
3|11
10|18
11|17
11|16
12|16
10|18
0|19
1|18
1|17
2|17
0|19
3|22
4|21
4|20
5|20
3|22
10|29
11|28
11|27
12|27
10|29
0|21
1|20
1|19
2|19
0|21
3|24
4|23
4|22
5|22
3|24
10|31
11|30
11|29
12|29
10|31
0|9
1|8
1|7
2|7
0|9
3|12
4|11
4|10
5|10
3|12
10|19
11|18
11|17
12|17
10|19
0|15
1|14
1|13
2|13
0|15
3|18
4|17
4|16
5|16
3|18
10|25
11|24
11|23
12|23
10|25
0|33
1|32
1|31
2|31
0|33
3|36
4|35
4|34
5|34
3|36
10|43
11|42
11|41
12|41
10|43
0|2
1|1
0|2
0|2
0|2
3|5
4|4
3|5
3|5
3|5
10|12
11|11
10|12
10|12
10|12
0|65
1|64
1|63
2|63
0|65
3|68
4|67
4|66
5|66
3|68
10|75
11|74
11|73
12|73
10|75
0|44
1|43
1|42
2|42
0|44
3|47
4|46
4|45
5|45
3|47
10|54
11|53
11|52
12|52
10|54
0|1
0|1
0|1
0|1
0|1
3|4
3|4
3|4
3|4
3|4
10|11
10|11
10|11
10|11
10|11
0|82
1|81
1|80
2|80
0|82
3|85
4|84
4|83
5|83
3|85
10|92
11|91
11|90
12|90
10|92
0|39
1|38
1|37
2|37
0|39
3|42
4|41
4|40
5|40
3|42
10|49
11|48
11|47
12|47
10|49
0|33
1|32
1|31
2|31
0|33
3|36
4|35
4|34
5|34
3|36
10|43
11|42
11|41
12|41
10|43
0|13
1|12
1|11
2|11
0|13
3|16
4|15
4|14
5|14
3|16
10|23
11|22
11|21
12|21
10|23
0|4
1|3
1|2
2|2
0|4
3|7
4|6
4|5
5|5
3|7
10|14
11|13
11|12
12|12
10|14
0|20
1|19
1|18
2|18
0|20
3|23
4|22
4|21
5|21
3|23
10|30
11|29
11|28
12|28
10|30
0|10
1|9
1|8
2|8
0|10
3|13
4|12
4|11
5|11
3|13
10|20
11|19
11|18
12|18
10|20
0|11
1|10
1|9
2|9
0|11
3|14
4|13
4|12
5|12
3|14
10|21
11|20
11|19
12|19
10|21
0|4
1|3
1|2
2|2
0|4
3|7
4|6
4|5
5|5
3|7
10|14
11|13
11|12
12|12
10|14
0|11
1|10
1|9
2|9
0|11
3|14
4|13
4|12
5|12
3|14
10|21
11|20
11|19
12|19
10|21
0|1
0|1
0|1
0|1
0|1
3|4
3|4
3|4
3|4
3|4
10|11
10|11
10|11
10|11
10|11
0|1
0|1
0|1
0|1
0|1
3|4
3|4
3|4
3|4
3|4
10|11
10|11
10|11
10|11
10|11
0|34
1|33
1|32
2|32
0|34
3|37
4|36
4|35
5|35
3|37
10|44
11|43
11|42
12|42
10|44
0|24
1|23
1|22
2|22
0|24
3|27
4|26
4|25
5|25
3|27
10|34
11|33
11|32
12|32
10|34
0|84
1|83
1|82
2|82
0|84
3|87
4|86
4|85
5|85
3|87
10|94
11|93
11|92
12|92
10|94
0|6
1|5
1|4
2|4
0|6
3|9
4|8
4|7
5|7
3|9
10|16
11|15
11|14
12|14
10|16
0|60
1|59
1|58
2|58
0|60
3|63
4|62
4|61
5|61
3|63
10|70
11|69
11|68
12|68
10|70
0|49
1|48
1|47
2|47
0|49
3|52
4|51
4|50
5|50
3|52
10|59
11|58
11|57
12|57
10|59
0|13
1|12
1|11
2|11
0|13
3|16
4|15
4|14
5|14
3|16
10|23
11|22
11|21
12|21
10|23
0|82
1|81
1|80
2|80
0|82
3|85
4|84
4|83
5|83
3|85
10|92
11|91
11|90
12|90
10|92
0|74
1|73
1|72
2|72
0|74
3|77
4|76
4|75
5|75
3|77
10|84
11|83
11|82
12|82
10|84
0|1
0|1
0|1
0|1
0|1
3|4
3|4
3|4
3|4
3|4
10|11
10|11
10|11
10|11
10|11
0|22
1|21
1|20
2|20
0|22
3|25
4|24
4|23
5|23
3|25
10|32
11|31
11|30
12|30
10|32
0|33
1|32
1|31
2|31
0|33
3|36
4|35
4|34
5|34
3|36
10|43
11|42
11|41
12|41
10|43
0|28
1|27
1|26
2|26
0|28
3|31
4|30
4|29
5|29
3|31
10|38
11|37
11|36
12|36
10|38
0|47
1|46
1|45
2|45
0|47
3|50
4|49
4|48
5|48
3|50
10|57
11|56
11|55
12|55
10|57
0|9
1|8
1|7
2|7
0|9
3|12
4|11
4|10
5|10
3|12
10|19
11|18
11|17
12|17
10|19
0|79
1|78
1|77
2|77
0|79
3|82
4|81
4|80
5|80
3|82
10|89
11|88
11|87
12|87
10|89
0|63
1|62
1|61
2|61
0|63
3|66
4|65
4|64
5|64
3|66
10|73
11|72
11|71
12|71
10|73
0|31
1|30
1|29
2|29
0|31
3|34
4|33
4|32
5|32
3|34
10|41
11|40
11|39
12|39
10|41
0|20
1|19
1|18
2|18
0|20
3|23
4|22
4|21
5|21
3|23
10|30
11|29
11|28
12|28
10|30
0|12
1|11
1|10
2|10
0|12
3|15
4|14
4|13
5|13
3|15
10|22
11|21
11|20
12|20
10|22
0|26
1|25
1|24
2|24
0|26
3|29
4|28
4|27
5|27
3|29
10|36
11|35
11|34
12|34
10|36
0|13
1|12
1|11
2|11
0|13
3|16
4|15
4|14
5|14
3|16
10|23
11|22
11|21
12|21
10|23
0|32
1|31
1|30
2|30
0|32
3|35
4|34
4|33
5|33
3|35
10|42
11|41
11|40
12|40
10|42
0|6
1|5
1|4
2|4
0|6
3|9
4|8
4|7
5|7
3|9
10|16
11|15
11|14
12|14
10|16
0|32
1|31
1|30
2|30
0|32
3|35
4|34
4|33
5|33
3|35
10|42
11|41
11|40
12|40
10|42
0|5
1|4
1|3
2|3
0|5
3|8
4|7
4|6
5|6
3|8
10|15
11|14
11|13
12|13
10|15
0|7
1|6
1|5
2|5
0|7
3|10
4|9
4|8
5|8
3|10
10|17
11|16
11|15
12|15
10|17
0|1
0|1
0|1
0|1
0|1
3|4
3|4
3|4
3|4
3|4
10|11
10|11
10|11
10|11
10|11
0|19
1|18
1|17
2|17
0|19
3|22
4|21
4|20
5|20
3|22
10|29
11|28
11|27
12|27
10|29
0|11
1|10
1|9
2|9
0|11
3|14
4|13
4|12
5|12
3|14
10|21
11|20
11|19
12|19
10|21
0|35
1|34
1|33
2|33
0|35
3|38
4|37
4|36
5|36
3|38
10|45
11|44
11|43
12|43
10|45
0|7
1|6
1|5
2|5
0|7
3|10
4|9
4|8
5|8
3|10
10|17
11|16
11|15
12|15
10|17
0|84
1|83
1|82
2|82
0|84
3|87
4|86
4|85
5|85
3|87
10|94
11|93
11|92
12|92
10|94
0|82
1|81
1|80
2|80
0|82
3|85
4|84
4|83
5|83
3|85
10|92
11|91
11|90
12|90
10|92
0|79
1|78
1|77
2|77
0|79
3|82
4|81
4|80
5|80
3|82
10|89
11|88
11|87
12|87
10|89
0|80
1|79
1|78
2|78
0|80
3|83
4|82
4|81
5|81
3|83
10|90
11|89
11|88
12|88
10|90
0|81
1|80
1|79
2|79
0|81
3|84
4|83
4|82
5|82
3|84
10|91
11|90
11|89
12|89
10|91
0|85
1|84
1|83
2|83
0|85
3|88
4|87
4|86
5|86
3|88
10|95
11|94
11|93
12|93
10|95
0|47
1|46
1|45
2|45
0|47
3|50
4|49
4|48
5|48
3|50
10|57
11|56
11|55
12|55
10|57
0|62
1|61
1|60
2|60
0|62
3|65
4|64
4|63
5|63
3|65
10|72
11|71
11|70
12|70
10|72
0|19
1|18
1|17
2|17
0|19
3|22
4|21
4|20
5|20
3|22
10|29
11|28
11|27
12|27
10|29
0|74
1|73
1|72
2|72
0|74
3|77
4|76
4|75
5|75
3|77
10|84
11|83
11|82
12|82
10|84
0|83
1|82
1|81
2|81
0|83
3|86
4|85
4|84
5|84
3|86
10|93
11|92
11|91
12|91
10|93
0|52
1|51
1|50
2|50
0|52
3|55
4|54
4|53
5|53
3|55
10|62
11|61
11|60
12|60
10|62
0|66
1|65
1|64
2|64
0|66
3|69
4|68
4|67
5|67
3|69
10|76
11|75
11|74
12|74
10|76
0|20
1|19
1|18
2|18
0|20
3|23
4|22
4|21
5|21
3|23
10|30
11|29
11|28
12|28
10|30
0|66
1|65
1|64
2|64
0|66
3|69
4|68
4|67
5|67
3|69
10|76
11|75
11|74
12|74
10|76
0|109
1|108
1|107
2|107
0|109
3|112
4|111
4|110
5|110
3|112
10|119
11|118
11|117
12|117
10|119
0|37
1|36
1|35
2|35
0|37
3|40
4|39
4|38
5|38
3|40
10|47
11|46
11|45
12|45
10|47
0|65
1|64
1|63
2|63
0|65
3|68
4|67
4|66
5|66
3|68
10|75
11|74
11|73
12|73
10|75
0|81
1|80
1|79
2|79
0|81
3|84
4|83
4|82
5|82
3|84
10|91
11|90
11|89
12|89
10|91
0|24
1|23
1|22
2|22
0|24
3|27
4|26
4|25
5|25
3|27
10|34
11|33
11|32
12|32
10|34
0|4
1|3
1|2
2|2
0|4
3|7
4|6
4|5
5|5
3|7
10|14
11|13
11|12
12|12
10|14
0|84
1|83
1|82
2|82
0|84
3|87
4|86
4|85
5|85
3|87
10|94
11|93
11|92
12|92
10|94
0|14
1|13
1|12
2|12
0|14
3|17
4|16
4|15
5|15
3|17
10|24
11|23
11|22
12|22
10|24
0|13
1|12
1|11
2|11
0|13
3|16
4|15
4|14
5|14
3|16
10|23
11|22
11|21
12|21
10|23
0|79
1|78
1|77
2|77
0|79
3|82
4|81
4|80
5|80
3|82
10|89
11|88
11|87
12|87
10|89
0|64
1|63
1|62
2|62
0|64
3|67
4|66
4|65
5|65
3|67
10|74
11|73
11|72
12|72
10|74
0|20
1|19
1|18
2|18
0|20
3|23
4|22
4|21
5|21
3|23
10|30
11|29
11|28
12|28
10|30
0|24
1|23
1|22
2|22
0|24
3|27
4|26
4|25
5|25
3|27
10|34
11|33
11|32
12|32
10|34
0|53
1|52
1|51
2|51
0|53
3|56
4|55
4|54
5|54
3|56
10|63
11|62
11|61
12|61
10|63
0|47
1|46
1|45
2|45
0|47
3|50
4|49
4|48
5|48
3|50
10|57
11|56
11|55
12|55
10|57
0|55
1|54
1|53
2|53
0|55
3|58
4|57
4|56
5|56
3|58
10|65
11|64
11|63
12|63
10|65
0|1
0|1
0|1
0|1
0|1
3|4
3|4
3|4
3|4
3|4
10|11
10|11
10|11
10|11
10|11
0|20
1|19
1|18
2|18
0|20
3|23
4|22
4|21
5|21
3|23
10|30
11|29
11|28
12|28
10|30
0|27
1|26
1|25
2|25
0|27
3|30
4|29
4|28
5|28
3|30
10|37
11|36
11|35
12|35
10|37
0|26
1|25
1|24
2|24
0|26
3|29
4|28
4|27
5|27
3|29
10|36
11|35
11|34
12|34
10|36
0|43
1|42
1|41
2|41
0|43
3|46
4|45
4|44
5|44
3|46
10|53
11|52
11|51
12|51
10|53
0|32
1|31
1|30
2|30
0|32
3|35
4|34
4|33
5|33
3|35
10|42
11|41
11|40
12|40
10|42
0|43
1|42
1|41
2|41
0|43
3|46
4|45
4|44
5|44
3|46
10|53
11|52
11|51
12|51
10|53
0|45
1|44
1|43
2|43
0|45
3|48
4|47
4|46
5|46
3|48
10|55
11|54
11|53
12|53
10|55
0|44
1|43
1|42
2|42
0|44
3|47
4|46
4|45
5|45
3|47
10|54
11|53
11|52
12|52
10|54
0|12
1|11
1|10
2|10
0|12
3|15
4|14
4|13
5|13
3|15
10|22
11|21
11|20
12|20
10|22
0|52
1|51
1|50
2|50
0|52
3|55
4|54
4|53
5|53
3|55
10|62
11|61
11|60
12|60
10|62
0|21
1|20
1|19
2|19
0|21
3|24
4|23
4|22
5|22
3|24
10|31
11|30
11|29
12|29
10|31
0|20
1|19
1|18
2|18
0|20
3|23
4|22
4|21
5|21
3|23
10|30
11|29
11|28
12|28
10|30
0|27
1|26
1|25
2|25
0|27
3|30
4|29
4|28
5|28
3|30
10|37
11|36
11|35
12|35
10|37
0|19
1|18
1|17
2|17
0|19
3|22
4|21
4|20
5|20
3|22
10|29
11|28
11|27
12|27
10|29
0|16
1|15
1|14
2|14
0|16
3|19
4|18
4|17
5|17
3|19
10|26
11|25
11|24
12|24
10|26
0|18
1|17
1|16
2|16
0|18
3|21
4|20
4|19
5|19
3|21
10|28
11|27
11|26
12|26
10|28
0|1
0|1
0|1
0|1
0|1
3|4
3|4
3|4
3|4
3|4
10|11
10|11
10|11
10|11
10|11
0|16
1|15
1|14
2|14
0|16
3|19
4|18
4|17
5|17
3|19
10|26
11|25
11|24
12|24
10|26
0|19
1|18
1|17
2|17
0|19
3|22
4|21
4|20
5|20
3|22
10|29
11|28
11|27
12|27
10|29
0|27
1|26
1|25
2|25
0|27
3|30
4|29
4|28
5|28
3|30
10|37
11|36
11|35
12|35
10|37
0|16
1|15
1|14
2|14
0|16
3|19
4|18
4|17
5|17
3|19
10|26
11|25
11|24
12|24
10|26
0|1
0|1
0|1
0|1
0|1
3|4
3|4
3|4
3|4
3|4
10|11
10|11
10|11
10|11
10|11
0|15
1|14
1|13
2|13
0|15
3|18
4|17
4|16
5|16
3|18
10|25
11|24
11|23
12|23
10|25
0|14
1|13
1|12
2|12
0|14
3|17
4|16
4|15
5|15
3|17
10|24
11|23
11|22
12|22
10|24
0|11
1|10
1|9
2|9
0|11
3|14
4|13
4|12
5|12
3|14
10|21
11|20
11|19
12|19
10|21
0|15
1|14
1|13
2|13
0|15
3|18
4|17
4|16
5|16
3|18
10|25
11|24
11|23
12|23
10|25
0|61
1|60
1|59
2|59
0|61
3|64
4|63
4|62
5|62
3|64
10|71
11|70
11|69
12|69
10|71
0|33
1|32
1|31
2|31
0|33
3|36
4|35
4|34
5|34
3|36
10|43
11|42
11|41
12|41
10|43
0|14
1|13
1|12
2|12
0|14
3|17
4|16
4|15
5|15
3|17
10|24
11|23
11|22
12|22
10|24
0|1
0|1
0|1
0|1
0|1
3|4
3|4
3|4
3|4
3|4
10|11
10|11
10|11
10|11
10|11
0|1
0|1
0|1
0|1
0|1
3|4
3|4
3|4
3|4
3|4
10|11
10|11
10|11
10|11
10|11
0|1
0|1
0|1
0|1
0|1
3|4
3|4
3|4
3|4
3|4
10|11
10|11
10|11
10|11
10|11
0|1
0|1
0|1
0|1
0|1
3|4
3|4
3|4
3|4
3|4
10|11
10|11
10|11
10|11
10|11
0|94
1|93
1|92
2|92
0|94
3|97
4|96
4|95
5|95
3|97
10|104
11|103
11|102
12|102
10|104
0|1
0|1
0|1
0|1
0|1
3|4
3|4
3|4
3|4
3|4
10|11
10|11
10|11
10|11
10|11
0|1
0|1
0|1
0|1
0|1
3|4
3|4
3|4
3|4
3|4
10|11
10|11
10|11
10|11
10|11
0|9
1|8
1|7
2|7
0|9
3|12
4|11
4|10
5|10
3|12
10|19
11|18
11|17
12|17
10|19
0|1
0|1
0|1
0|1
0|1
3|4
3|4
3|4
3|4
3|4
10|11
10|11
10|11
10|11
10|11
0|1
0|1
0|1
0|1
0|1
3|4
3|4
3|4
3|4
3|4
10|11
10|11
10|11
10|11
10|11
0|1
0|1
0|1
0|1
0|1
3|4
3|4
3|4
3|4
3|4
10|11
10|11
10|11
10|11
10|11
0|1
0|1
0|1
0|1
0|1
3|4
3|4
3|4
3|4
3|4
10|11
10|11
10|11
10|11
10|11
0|1
0|1
0|1
0|1
0|1
3|4
3|4
3|4
3|4
3|4
10|11
10|11
10|11
10|11
10|11
0|1
0|1
0|1
0|1
0|1
3|4
3|4
3|4
3|4
3|4
10|11
10|11
10|11
10|11
10|11
0|1
0|1
0|1
0|1
0|1
3|4
3|4
3|4
3|4
3|4
10|11
10|11
10|11
10|11
10|11
0|1
0|1
0|1
0|1
0|1
3|4
3|4
3|4
3|4
3|4
10|11
10|11
10|11
10|11
10|11
0|1
0|1
0|1
0|1
0|1
3|4
3|4
3|4
3|4
3|4
10|11
10|11
10|11
10|11
10|11
0|1
0|1
0|1
0|1
0|1
3|4
3|4
3|4
3|4
3|4
10|11
10|11
10|11
10|11
10|11
0|1
0|1
0|1
0|1
0|1
3|4
3|4
3|4
3|4
3|4
10|11
10|11
10|11
10|11
10|11
0|1
0|1
0|1
0|1
0|1
3|4
3|4
3|4
3|4
3|4
10|11
10|11
10|11
10|11
10|11
0|1
0|1
0|1
0|1
0|1
3|4
3|4
3|4
3|4
3|4
10|11
10|11
10|11
10|11
10|11
0|1
0|1
0|1
0|1
0|1
3|4
3|4
3|4
3|4
3|4
10|11
10|11
10|11
10|11
10|11
0|1
0|1
0|1
0|1
0|1
3|4
3|4
3|4
3|4
3|4
10|11
10|11
10|11
10|11
10|11
0|1
0|1
0|1
0|1
0|1
3|4
3|4
3|4
3|4
3|4
10|11
10|11
10|11
10|11
10|11
0|1
0|1
0|1
0|1
0|1
3|4
3|4
3|4
3|4
3|4
10|11
10|11
10|11
10|11
10|11
0|1
0|1
0|1
0|1
0|1
3|4
3|4
3|4
3|4
3|4
10|11
10|11
10|11
10|11
10|11
0|1
0|1
0|1
0|1
0|1
3|4
3|4
3|4
3|4
3|4
10|11
10|11
10|11
10|11
10|11
0|1
0|1
0|1
0|1
0|1
3|4
3|4
3|4
3|4
3|4
10|11
10|11
10|11
10|11
10|11
0|1
0|1
0|1
0|1
0|1
3|4
3|4
3|4
3|4
3|4
10|11
10|11
10|11
10|11
10|11
0|1
0|1
0|1
0|1
0|1
3|4
3|4
3|4
3|4
3|4
10|11
10|11
10|11
10|11
10|11
0|1
0|1
0|1
0|1
0|1
3|4
3|4
3|4
3|4
3|4
10|11
10|11
10|11
10|11
10|11
0|1
0|1
0|1
0|1
0|1
3|4
3|4
3|4
3|4
3|4
10|11
10|11
10|11
10|11
10|11
0|1
0|1
0|1
0|1
0|1
3|4
3|4
3|4
3|4
3|4
10|11
10|11
10|11
10|11
10|11
0|1
0|1
0|1
0|1
0|1
3|4
3|4
3|4
3|4
3|4
10|11
10|11
10|11
10|11
10|11
0|1
0|1
0|1
0|1
0|1
3|4
3|4
3|4
3|4
3|4
10|11
10|11
10|11
10|11
10|11
0|1
0|1
0|1
0|1
0|1
3|4
3|4
3|4
3|4
3|4
10|11
10|11
10|11
10|11
10|11
0|1
0|1
0|1
0|1
0|1
3|4
3|4
3|4
3|4
3|4
10|11
10|11
10|11
10|11
10|11
0|1
0|1
0|1
0|1
0|1
3|4
3|4
3|4
3|4
3|4
10|11
10|11
10|11
10|11
10|11
0|1
0|1
0|1
0|1
0|1
3|4
3|4
3|4
3|4
3|4
10|11
10|11
10|11
10|11
10|11
0|1
0|1
0|1
0|1
0|1
3|4
3|4
3|4
3|4
3|4
10|11
10|11
10|11
10|11
10|11
0|1
0|1
0|1
0|1
0|1
3|4
3|4
3|4
3|4
3|4
10|11
10|11
10|11
10|11
10|11
0|1
0|1
0|1
0|1
0|1
3|4
3|4
3|4
3|4
3|4
10|11
10|11
10|11
10|11
10|11
0|1
0|1
0|1
0|1
0|1
3|4
3|4
3|4
3|4
3|4
10|11
10|11
10|11
10|11
10|11
0|1
0|1
0|1
0|1
0|1
3|4
3|4
3|4
3|4
3|4
10|11
10|11
10|11
10|11
10|11
0|1
0|1
0|1
0|1
0|1
3|4
3|4
3|4
3|4
3|4
10|11
10|11
10|11
10|11
10|11
0|1
0|1
0|1
0|1
0|1
3|4
3|4
3|4
3|4
3|4
10|11
10|11
10|11
10|11
10|11
0|1
0|1
0|1
0|1
0|1
3|4
3|4
3|4
3|4
3|4
10|11
10|11
10|11
10|11
10|11
0|1
0|1
0|1
0|1
0|1
3|4
3|4
3|4
3|4
3|4
10|11
10|11
10|11
10|11
10|11
0|1
0|1
0|1
0|1
0|1
3|4
3|4
3|4
3|4
3|4
10|11
10|11
10|11
10|11
10|11
0|1
0|1
0|1
0|1
0|1
3|4
3|4
3|4
3|4
3|4
10|11
10|11
10|11
10|11
10|11
0|1
0|1
0|1
0|1
0|1
3|4
3|4
3|4
3|4
3|4
10|11
10|11
10|11
10|11
10|11
0|1
0|1
0|1
0|1
0|1
3|4
3|4
3|4
3|4
3|4
10|11
10|11
10|11
10|11
10|11
0|1
0|1
0|1
0|1
0|1
3|4
3|4
3|4
3|4
3|4
10|11
10|11
10|11
10|11
10|11
0|1
0|1
0|1
0|1
0|1
3|4
3|4
3|4
3|4
3|4
10|11
10|11
10|11
10|11
10|11
0|1
0|1
0|1
0|1
0|1
3|4
3|4
3|4
3|4
3|4
10|11
10|11
10|11
10|11
10|11
0|1
0|1
0|1
0|1
0|1
3|4
3|4
3|4
3|4
3|4
10|11
10|11
10|11
10|11
10|11
0|1
0|1
0|1
0|1
0|1
3|4
3|4
3|4
3|4
3|4
10|11
10|11
10|11
10|11
10|11
0|1
0|1
0|1
0|1
0|1
3|4
3|4
3|4
3|4
3|4
10|11
10|11
10|11
10|11
10|11
0|1
0|1
0|1
0|1
0|1
3|4
3|4
3|4
3|4
3|4
10|11
10|11
10|11
10|11
10|11
0|1
0|1
0|1
0|1
0|1
3|4
3|4
3|4
3|4
3|4
10|11
10|11
10|11
10|11
10|11
0|1
0|1
0|1
0|1
0|1
3|4
3|4
3|4
3|4
3|4
10|11
10|11
10|11
10|11
10|11
0|1
0|1
0|1
0|1
0|1
3|4
3|4
3|4
3|4
3|4
10|11
10|11
10|11
10|11
10|11
0|1
0|1
0|1
0|1
0|1
3|4
3|4
3|4
3|4
3|4
10|11
10|11
10|11
10|11
10|11
0|1
0|1
0|1
0|1
0|1
3|4
3|4
3|4
3|4
3|4
10|11
10|11
10|11
10|11
10|11
0|1
0|1
0|1
0|1
0|1
3|4
3|4
3|4
3|4
3|4
10|11
10|11
10|11
10|11
10|11
0|1
0|1
0|1
0|1
0|1
3|4
3|4
3|4
3|4
3|4
10|11
10|11
10|11
10|11
10|11
0|1
0|1
0|1
0|1
0|1
3|4
3|4
3|4
3|4
3|4
10|11
10|11
10|11
10|11
10|11
0|1
0|1
0|1
0|1
0|1
3|4
3|4
3|4
3|4
3|4
10|11
10|11
10|11
10|11
10|11
0|1
0|1
0|1
0|1
0|1
3|4
3|4
3|4
3|4
3|4
10|11
10|11
10|11
10|11
10|11
0|1
0|1
0|1
0|1
0|1
3|4
3|4
3|4
3|4
3|4
10|11
10|11
10|11
10|11
10|11
0|1
0|1
0|1
0|1
0|1
3|4
3|4
3|4
3|4
3|4
10|11
10|11
10|11
10|11
10|11
0|1
0|1
0|1
0|1
0|1
3|4
3|4
3|4
3|4
3|4
10|11
10|11
10|11
10|11
10|11
0|1
0|1
0|1
0|1
0|1
3|4
3|4
3|4
3|4
3|4
10|11
10|11
10|11
10|11
10|11
0|1
0|1
0|1
0|1
0|1
3|4
3|4
3|4
3|4
3|4
10|11
10|11
10|11
10|11
10|11
0|1
0|1
0|1
0|1
0|1
3|4
3|4
3|4
3|4
3|4
10|11
10|11
10|11
10|11
10|11
0|1
0|1
0|1
0|1
0|1
3|4
3|4
3|4
3|4
3|4
10|11
10|11
10|11
10|11
10|11
0|1
0|1
0|1
0|1
0|1
3|4
3|4
3|4
3|4
3|4
10|11
10|11
10|11
10|11
10|11
0|1
0|1
0|1
0|1
0|1
3|4
3|4
3|4
3|4
3|4
10|11
10|11
10|11
10|11
10|11
0|1
0|1
0|1
0|1
0|1
3|4
3|4
3|4
3|4
3|4
10|11
10|11
10|11
10|11
10|11
0|1
0|1
0|1
0|1
0|1
3|4
3|4
3|4
3|4
3|4
10|11
10|11
10|11
10|11
10|11
0|1
0|1
0|1
0|1
0|1
3|4
3|4
3|4
3|4
3|4
10|11
10|11
10|11
10|11
10|11
0|1
0|1
0|1
0|1
0|1
3|4
3|4
3|4
3|4
3|4
10|11
10|11
10|11
10|11
10|11
0|1
0|1
0|1
0|1
0|1
3|4
3|4
3|4
3|4
3|4
10|11
10|11
10|11
10|11
10|11
0|1
0|1
0|1
0|1
0|1
3|4
3|4
3|4
3|4
3|4
10|11
10|11
10|11
10|11
10|11
0|1
0|1
0|1
0|1
0|1
3|4
3|4
3|4
3|4
3|4
10|11
10|11
10|11
10|11
10|11
0|1
0|1
0|1
0|1
0|1
3|4
3|4
3|4
3|4
3|4
10|11
10|11
10|11
10|11
10|11
0|1
0|1
0|1
0|1
0|1
3|4
3|4
3|4
3|4
3|4
10|11
10|11
10|11
10|11
10|11
0|1
0|1
0|1
0|1
0|1
3|4
3|4
3|4
3|4
3|4
10|11
10|11
10|11
10|11
10|11
0|1
0|1
0|1
0|1
0|1
3|4
3|4
3|4
3|4
3|4
10|11
10|11
10|11
10|11
10|11
0|1
0|1
0|1
0|1
0|1
3|4
3|4
3|4
3|4
3|4
10|11
10|11
10|11
10|11
10|11
0|1
0|1
0|1
0|1
0|1
3|4
3|4
3|4
3|4
3|4
10|11
10|11
10|11
10|11
10|11
0|1
0|1
0|1
0|1
0|1
3|4
3|4
3|4
3|4
3|4
10|11
10|11
10|11
10|11
10|11
0|1
0|1
0|1
0|1
0|1
3|4
3|4
3|4
3|4
3|4
10|11
10|11
10|11
10|11
10|11
0|1
0|1
0|1
0|1
0|1
3|4
3|4
3|4
3|4
3|4
10|11
10|11
10|11
10|11
10|11
0|1
0|1
0|1
0|1
0|1
3|4
3|4
3|4
3|4
3|4
10|11
10|11
10|11
10|11
10|11
0|1
0|1
0|1
0|1
0|1
3|4
3|4
3|4
3|4
3|4
10|11
10|11
10|11
10|11
10|11
0|1
0|1
0|1
0|1
0|1
3|4
3|4
3|4
3|4
3|4
10|11
10|11
10|11
10|11
10|11
0|1
0|1
0|1
0|1
0|1
3|4
3|4
3|4
3|4
3|4
10|11
10|11
10|11
10|11
10|11
0|1
0|1
0|1
0|1
0|1
3|4
3|4
3|4
3|4
3|4
10|11
10|11
10|11
10|11
10|11
0|1
0|1
0|1
0|1
0|1
3|4
3|4
3|4
3|4
3|4
10|11
10|11
10|11
10|11
10|11
0|1
0|1
0|1
0|1
0|1
3|4
3|4
3|4
3|4
3|4
10|11
10|11
10|11
10|11
10|11
0|1
0|1
0|1
0|1
0|1
3|4
3|4
3|4
3|4
3|4
10|11
10|11
10|11
10|11
10|11
0|1
0|1
0|1
0|1
0|1
3|4
3|4
3|4
3|4
3|4
10|11
10|11
10|11
10|11
10|11
0|1
0|1
0|1
0|1
0|1
3|4
3|4
3|4
3|4
3|4
10|11
10|11
10|11
10|11
10|11
0|1
0|1
0|1
0|1
0|1
3|4
3|4
3|4
3|4
3|4
10|11
10|11
10|11
10|11
10|11
0|1
0|1
0|1
0|1
0|1
3|4
3|4
3|4
3|4
3|4
10|11
10|11
10|11
10|11
10|11
0|1
0|1
0|1
0|1
0|1
3|4
3|4
3|4
3|4
3|4
10|11
10|11
10|11
10|11
10|11
0|1
0|1
0|1
0|1
0|1
3|4
3|4
3|4
3|4
3|4
10|11
10|11
10|11
10|11
10|11
0|1
0|1
0|1
0|1
0|1
3|4
3|4
3|4
3|4
3|4
10|11
10|11
10|11
10|11
10|11
0|1
0|1
0|1
0|1
0|1
3|4
3|4
3|4
3|4
3|4
10|11
10|11
10|11
10|11
10|11
0|1
0|1
0|1
0|1
0|1
3|4
3|4
3|4
3|4
3|4
10|11
10|11
10|11
10|11
10|11
0|1
0|1
0|1
0|1
0|1
3|4
3|4
3|4
3|4
3|4
10|11
10|11
10|11
10|11
10|11
0|1
0|1
0|1
0|1
0|1
3|4
3|4
3|4
3|4
3|4
10|11
10|11
10|11
10|11
10|11
0|1
0|1
0|1
0|1
0|1
3|4
3|4
3|4
3|4
3|4
10|11
10|11
10|11
10|11
10|11
0|1
0|1
0|1
0|1
0|1
3|4
3|4
3|4
3|4
3|4
10|11
10|11
10|11
10|11
10|11
0|1
0|1
0|1
0|1
0|1
3|4
3|4
3|4
3|4
3|4
10|11
10|11
10|11
10|11
10|11
0|1
0|1
0|1
0|1
0|1
3|4
3|4
3|4
3|4
3|4
10|11
10|11
10|11
10|11
10|11
0|1
0|1
0|1
0|1
0|1
3|4
3|4
3|4
3|4
3|4
10|11
10|11
10|11
10|11
10|11
0|1
0|1
0|1
0|1
0|1
3|4
3|4
3|4
3|4
3|4
10|11
10|11
10|11
10|11
10|11
0|1
0|1
0|1
0|1
0|1
3|4
3|4
3|4
3|4
3|4
10|11
10|11
10|11
10|11
10|11
0|1
0|1
0|1
0|1
0|1
3|4
3|4
3|4
3|4
3|4
10|11
10|11
10|11
10|11
10|11
0|1
0|1
0|1
0|1
0|1
3|4
3|4
3|4
3|4
3|4
10|11
10|11
10|11
10|11
10|11
0|1
0|1
0|1
0|1
0|1
3|4
3|4
3|4
3|4
3|4
10|11
10|11
10|11
10|11
10|11
0|1
0|1
0|1
0|1
0|1
3|4
3|4
3|4
3|4
3|4
10|11
10|11
10|11
10|11
10|11
0|1
0|1
0|1
0|1
0|1
3|4
3|4
3|4
3|4
3|4
10|11
10|11
10|11
10|11
10|11
0|1
0|1
0|1
0|1
0|1
3|4
3|4
3|4
3|4
3|4
10|11
10|11
10|11
10|11
10|11
0|1
0|1
0|1
0|1
0|1
3|4
3|4
3|4
3|4
3|4
10|11
10|11
10|11
10|11
10|11
0|1
0|1
0|1
0|1
0|1
3|4
3|4
3|4
3|4
3|4
10|11
10|11
10|11
10|11
10|11
0|1
0|1
0|1
0|1
0|1
3|4
3|4
3|4
3|4
3|4
10|11
10|11
10|11
10|11
10|11
0|1
0|1
0|1
0|1
0|1
3|4
3|4
3|4
3|4
3|4
10|11
10|11
10|11
10|11
10|11
0|1
0|1
0|1
0|1
0|1
3|4
3|4
3|4
3|4
3|4
10|11
10|11
10|11
10|11
10|11
0|1
0|1
0|1
0|1
0|1
3|4
3|4
3|4
3|4
3|4
10|11
10|11
10|11
10|11
10|11
0|1
0|1
0|1
0|1
0|1
3|4
3|4
3|4
3|4
3|4
10|11
10|11
10|11
10|11
10|11
0|1
0|1
0|1
0|1
0|1
3|4
3|4
3|4
3|4
3|4
10|11
10|11
10|11
10|11
10|11
0|1
0|1
0|1
0|1
0|1
3|4
3|4
3|4
3|4
3|4
10|11
10|11
10|11
10|11
10|11
0|1
0|1
0|1
0|1
0|1
3|4
3|4
3|4
3|4
3|4
10|11
10|11
10|11
10|11
10|11
0|1
0|1
0|1
0|1
0|1
3|4
3|4
3|4
3|4
3|4
10|11
10|11
10|11
10|11
10|11
0|1
0|1
0|1
0|1
0|1
3|4
3|4
3|4
3|4
3|4
10|11
10|11
10|11
10|11
10|11
-5|-1
-5|-2
-5|-3
-5|-4
-5|-5
-3|-3
-3|-3
-3|-3
-4|-1
-4|-2
-4|-3
-4|-4
-3|-3
-3|-3
-3|-3
-3|-3
-3|-1
-3|-2
-3|-3
-3|-3
-3|-3
-3|-3
-3|-3
-3|-3
-2|-1
-2|-2
-3|-3
-3|-3
-3|-3
-3|-3
-3|-3
-3|-3
-1|-1
-3|-3
-3|-3
-3|-3
-3|-3
-3|-3
-3|-3
-3|-3
-3|-3
-3|-3
-3|-3
-3|-3
-3|-3
-3|-3
-3|-3
-3|-3
-3|-3
-3|-3
-3|-3
-3|-3
-3|-3
-3|-3
-3|-3
-3|-3
-3|-3
-3|-3
-3|-3
-3|-3
-3|-3
-3|-3
-3|-3
-3|-3
-5|0
-5|-1
-5|-2
-5|-3
-5|-4
-5|-5
-3|-2
-3|-2
-4|0
-4|-1
-4|-2
-4|-3
-4|-4
-3|-2
-3|-2
-3|-2
-3|0
-3|-1
-3|-2
-3|-3
-3|-2
-3|-2
-3|-2
-3|-2
-2|0
-2|-1
-2|-2
-3|-2
-3|-2
-3|-2
-3|-2
-3|-2
-1|0
-1|-1
-3|-2
-3|-2
-3|-2
-3|-2
-3|-2
-3|-2
0|0
-3|-2
-3|-2
-3|-2
-3|-2
-3|-2
-3|-2
-3|-2
-3|-2
-3|-2
-3|-2
-3|-2
-3|-2
-3|-2
-3|-2
-3|-2
-3|-2
-3|-2
-3|-2
-3|-2
-3|-2
-3|-2
-3|-2
-3|-2
-5|1
-5|0
-5|-1
-5|-2
-5|-3
-5|-4
-5|-5
-3|-1
-4|1
-4|0
-4|-1
-4|-2
-4|-3
-4|-4
-3|-1
-3|-1
-3|1
-3|0
-3|-1
-3|-2
-3|-3
-3|-1
-3|-1
-3|-1
-2|1
-2|0
-2|-1
-2|-2
-3|-1
-3|-1
-3|-1
-3|-1
-1|1
-1|0
-1|-1
-3|-1
-3|-1
-3|-1
-3|-1
-3|-1
0|1
0|0
-3|-1
-3|-1
-3|-1
-3|-1
-3|-1
-3|-1
1|1
-3|-1
-3|-1
-3|-1
-3|-1
-3|-1
-3|-1
-3|-1
-3|-1
-3|-1
-3|-1
-3|-1
-3|-1
-3|-1
-3|-1
-3|-1
-5|2
-5|1
-5|0
-5|-1
-5|-2
-5|-3
-5|-4
-5|-5
-4|2
-4|1
-4|0
-4|-1
-4|-2
-4|-3
-4|-4
-3|0
-3|2
-3|1
-3|0
-3|-1
-3|-2
-3|-3
-3|0
-3|0
-2|2
-2|1
-2|0
-2|-1
-2|-2
-3|0
-3|0
-3|0
-1|2
-1|1
-1|0
-1|-1
-3|0
-3|0
-3|0
-3|0
0|2
0|1
0|0
-3|0
-3|0
-3|0
-3|0
-3|0
1|2
1|1
-3|0
-3|0
-3|0
-3|0
-3|0
-3|0
2|2
-3|0
-3|0
-3|0
-3|0
-3|0
-3|0
-3|0
-5|3
-5|2
-5|1
-5|0
-5|-1
-5|-2
-5|-3
-5|-4
-4|3
-4|2
-4|1
-4|0
-4|-1
-4|-2
-4|-3
-4|-4
-3|3
-3|2
-3|1
-3|0
-3|-1
-3|-2
-3|-3
-3|1
-2|3
-2|2
-2|1
-2|0
-2|-1
-2|-2
-3|1
-3|1
-1|3
-1|2
-1|1
-1|0
-1|-1
-3|1
-3|1
-3|1
0|3
0|2
0|1
0|0
-3|1
-3|1
-3|1
-3|1
1|3
1|2
1|1
-3|1
-3|1
-3|1
-3|1
-3|1
2|3
2|2
-3|1
-3|1
-3|1
-3|1
-3|1
-3|1
-5|4
-5|3
-5|2
-5|1
-5|0
-5|-1
-5|-2
-5|-3
-4|4
-4|3
-4|2
-4|1
-4|0
-4|-1
-4|-2
-4|-3
-3|4
-3|3
-3|2
-3|1
-3|0
-3|-1
-3|-2
-3|-3
-2|4
-2|3
-2|2
-2|1
-2|0
-2|-1
-2|-2
-3|2
-1|4
-1|3
-1|2
-1|1
-1|0
-1|-1
-3|2
-3|2
0|4
0|3
0|2
0|1
0|0
-3|2
-3|2
-3|2
1|4
1|3
1|2
1|1
-3|2
-3|2
-3|2
-3|2
2|4
2|3
2|2
-3|2
-3|2
-3|2
-3|2
-3|2
-5|5
-5|4
-5|3
-5|2
-5|1
-5|0
-5|-1
-5|-2
-4|5
-4|4
-4|3
-4|2
-4|1
-4|0
-4|-1
-4|-2
-3|5
-3|4
-3|3
-3|2
-3|1
-3|0
-3|-1
-3|-2
-2|5
-2|4
-2|3
-2|2
-2|1
-2|0
-2|-1
-2|-2
-1|5
-1|4
-1|3
-1|2
-1|1
-1|0
-1|-1
-3|3
0|5
0|4
0|3
0|2
0|1
0|0
-3|3
-3|3
1|5
1|4
1|3
1|2
1|1
-3|3
-3|3
-3|3
2|5
2|4
2|3
2|2
-3|3
-3|3
-3|3
-3|3
-5|6
-5|5
-5|4
-5|3
-5|2
-5|1
-5|0
-5|-1
-4|6
-4|5
-4|4
-4|3
-4|2
-4|1
-4|0
-4|-1
-3|6
-3|5
-3|4
-3|3
-3|2
-3|1
-3|0
-3|-1
-2|6
-2|5
-2|4
-2|3
-2|2
-2|1
-2|0
-2|-1
-1|6
-1|5
-1|4
-1|3
-1|2
-1|1
-1|0
-1|-1
0|6
0|5
0|4
0|3
0|2
0|1
0|0
-3|4
1|6
1|5
1|4
1|3
1|2
1|1
-3|4
-3|4
2|6
2|5
2|4
2|3
2|2
-3|4
-3|4
-3|4
-5|7
-5|6
-5|5
-5|4
-5|3
-5|2
-5|1
-5|0
-4|7
-4|6
-4|5
-4|4
-4|3
-4|2
-4|1
-4|0
-3|7
-3|6
-3|5
-3|4
-3|3
-3|2
-3|1
-3|0
-2|7
-2|6
-2|5
-2|4
-2|3
-2|2
-2|1
-2|0
-1|7
-1|6
-1|5
-1|4
-1|3
-1|2
-1|1
-1|0
0|7
0|6
0|5
0|4
0|3
0|2
0|1
0|0
1|7
1|6
1|5
1|4
1|3
1|2
1|1
-3|5
2|7
2|6
2|5
2|4
2|3
2|2
-3|5
-3|5
-5|8
-5|7
-5|6
-5|5
-5|4
-5|3
-5|2
-5|1
-4|8
-4|7
-4|6
-4|5
-4|4
-4|3
-4|2
-4|1
-3|8
-3|7
-3|6
-3|5
-3|4
-3|3
-3|2
-3|1
-2|8
-2|7
-2|6
-2|5
-2|4
-2|3
-2|2
-2|1
-1|8
-1|7
-1|6
-1|5
-1|4
-1|3
-1|2
-1|1
0|8
0|7
0|6
0|5
0|4
0|3
0|2
0|1
1|8
1|7
1|6
1|5
1|4
1|3
1|2
1|1
2|8
2|7
2|6
2|5
2|4
2|3
2|2
-3|6
-5|9
-5|8
-5|7
-5|6
-5|5
-5|4
-5|3
-5|2
-4|9
-4|8
-4|7
-4|6
-4|5
-4|4
-4|3
-4|2
-3|9
-3|8
-3|7
-3|6
-3|5
-3|4
-3|3
-3|2
-2|9
-2|8
-2|7
-2|6
-2|5
-2|4
-2|3
-2|2
-1|9
-1|8
-1|7
-1|6
-1|5
-1|4
-1|3
-1|2
0|9
0|8
0|7
0|6
0|5
0|4
0|3
0|2
1|9
1|8
1|7
1|6
1|5
1|4
1|3
1|2
2|9
2|8
2|7
2|6
2|5
2|4
2|3
2|2
-5|10
-5|9
-5|8
-5|7
-5|6
-5|5
-5|4
-5|3
-4|10
-4|9
-4|8
-4|7
-4|6
-4|5
-4|4
-4|3
-3|10
-3|9
-3|8
-3|7
-3|6
-3|5
-3|4
-3|3
-2|10
-2|9
-2|8
-2|7
-2|6
-2|5
-2|4
-2|3
-1|10
-1|9
-1|8
-1|7
-1|6
-1|5
-1|4
-1|3
0|10
0|9
0|8
0|7
0|6
0|5
0|4
0|3
1|10
1|9
1|8
1|7
1|6
1|5
1|4
1|3
2|10
2|9
2|8
2|7
2|6
2|5
2|4
2|3
-5|11
-5|10
-5|9
-5|8
-5|7
-5|6
-5|5
-5|4
-4|11
-4|10
-4|9
-4|8
-4|7
-4|6
-4|5
-4|4
-3|11
-3|10
-3|9
-3|8
-3|7
-3|6
-3|5
-3|4
-2|11
-2|10
-2|9
-2|8
-2|7
-2|6
-2|5
-2|4
-1|11
-1|10
-1|9
-1|8
-1|7
-1|6
-1|5
-1|4
0|11
0|10
0|9
0|8
0|7
0|6
0|5
0|4
1|11
1|10
1|9
1|8
1|7
1|6
1|5
1|4
2|11
2|10
2|9
2|8
2|7
2|6
2|5
2|4
-5|12
-5|11
-5|10
-5|9
-5|8
-5|7
-5|6
-5|5
-4|12
-4|11
-4|10
-4|9
-4|8
-4|7
-4|6
-4|5
-3|12
-3|11
-3|10
-3|9
-3|8
-3|7
-3|6
-3|5
-2|12
-2|11
-2|10
-2|9
-2|8
-2|7
-2|6
-2|5
-1|12
-1|11
-1|10
-1|9
-1|8
-1|7
-1|6
-1|5
0|12
0|11
0|10
0|9
0|8
0|7
0|6
0|5
1|12
1|11
1|10
1|9
1|8
1|7
1|6
1|5
2|12
2|11
2|10
2|9
2|8
2|7
2|6
2|5
-5|13
-5|12
-5|11
-5|10
-5|9
-5|8
-5|7
-5|6
-4|13
-4|12
-4|11
-4|10
-4|9
-4|8
-4|7
-4|6
-3|13
-3|12
-3|11
-3|10
-3|9
-3|8
-3|7
-3|6
-2|13
-2|12
-2|11
-2|10
-2|9
-2|8
-2|7
-2|6
-1|13
-1|12
-1|11
-1|10
-1|9
-1|8
-1|7
-1|6
0|13
0|12
0|11
0|10
0|9
0|8
0|7
0|6
1|13
1|12
1|11
1|10
1|9
1|8
1|7
1|6
2|13
2|12
2|11
2|10
2|9
2|8
2|7
2|6
-5|14
-5|13
-5|12
-5|11
-5|10
-5|9
-5|8
-5|7
-4|14
-4|13
-4|12
-4|11
-4|10
-4|9
-4|8
-4|7
-3|14
-3|13
-3|12
-3|11
-3|10
-3|9
-3|8
-3|7
-2|14
-2|13
-2|12
-2|11
-2|10
-2|9
-2|8
-2|7
-1|14
-1|13
-1|12
-1|11
-1|10
-1|9
-1|8
-1|7
0|14
0|13
0|12
0|11
0|10
0|9
0|8
0|7
1|14
1|13
1|12
1|11
1|10
1|9
1|8
1|7
2|14
2|13
2|12
2|11
2|10
2|9
2|8
2|7
-4|-1
-4|-2
-4|-3
-4|-4
-2|-3
-2|-3
-2|-3
-2|-3
-3|-1
-3|-2
-3|-3
-2|-3
-2|-3
-2|-3
-2|-3
-2|-3
-2|-1
-2|-2
-2|-3
-2|-3
-2|-3
-2|-3
-2|-3
-2|-3
-1|-1
-2|-3
-2|-3
-2|-3
-2|-3
-2|-3
-2|-3
-2|-3
-2|-3
-2|-3
-2|-3
-2|-3
-2|-3
-2|-3
-2|-3
-2|-3
-2|-3
-2|-3
-2|-3
-2|-3
-2|-3
-2|-3
-2|-3
-2|-3
-2|-3
-2|-3
-2|-3
-2|-3
-2|-3
-2|-3
-2|-3
-2|-3
-2|-3
-2|-3
-2|-3
-2|-3
-2|-3
-2|-3
-2|-3
-2|-3
-4|0
-4|-1
-4|-2
-4|-3
-4|-4
-2|-2
-2|-2
-2|-2
-3|0
-3|-1
-3|-2
-3|-3
-2|-2
-2|-2
-2|-2
-2|-2
-2|0
-2|-1
-2|-2
-2|-2
-2|-2
-2|-2
-2|-2
-2|-2
-1|0
-1|-1
-2|-2
-2|-2
-2|-2
-2|-2
-2|-2
-2|-2
0|0
-2|-2
-2|-2
-2|-2
-2|-2
-2|-2
-2|-2
-2|-2
-2|-2
-2|-2
-2|-2
-2|-2
-2|-2
-2|-2
-2|-2
-2|-2
-2|-2
-2|-2
-2|-2
-2|-2
-2|-2
-2|-2
-2|-2
-2|-2
-2|-2
-2|-2
-2|-2
-2|-2
-2|-2
-2|-2
-2|-2
-2|-2
-4|1
-4|0
-4|-1
-4|-2
-4|-3
-4|-4
-2|-1
-2|-1
-3|1
-3|0
-3|-1
-3|-2
-3|-3
-2|-1
-2|-1
-2|-1
-2|1
-2|0
-2|-1
-2|-2
-2|-1
-2|-1
-2|-1
-2|-1
-1|1
-1|0
-1|-1
-2|-1
-2|-1
-2|-1
-2|-1
-2|-1
0|1
0|0
-2|-1
-2|-1
-2|-1
-2|-1
-2|-1
-2|-1
1|1
-2|-1
-2|-1
-2|-1
-2|-1
-2|-1
-2|-1
-2|-1
-2|-1
-2|-1
-2|-1
-2|-1
-2|-1
-2|-1
-2|-1
-2|-1
-2|-1
-2|-1
-2|-1
-2|-1
-2|-1
-2|-1
-2|-1
-2|-1
-4|2
-4|1
-4|0
-4|-1
-4|-2
-4|-3
-4|-4
-2|0
-3|2
-3|1
-3|0
-3|-1
-3|-2
-3|-3
-2|0
-2|0
-2|2
-2|1
-2|0
-2|-1
-2|-2
-2|0
-2|0
-2|0
-1|2
-1|1
-1|0
-1|-1
-2|0
-2|0
-2|0
-2|0
0|2
0|1
0|0
-2|0
-2|0
-2|0
-2|0
-2|0
1|2
1|1
-2|0
-2|0
-2|0
-2|0
-2|0
-2|0
2|2
-2|0
-2|0
-2|0
-2|0
-2|0
-2|0
-2|0
-2|0
-2|0
-2|0
-2|0
-2|0
-2|0
-2|0
-2|0
-4|3
-4|2
-4|1
-4|0
-4|-1
-4|-2
-4|-3
-4|-4
-3|3
-3|2
-3|1
-3|0
-3|-1
-3|-2
-3|-3
-2|1
-2|3
-2|2
-2|1
-2|0
-2|-1
-2|-2
-2|1
-2|1
-1|3
-1|2
-1|1
-1|0
-1|-1
-2|1
-2|1
-2|1
0|3
0|2
0|1
0|0
-2|1
-2|1
-2|1
-2|1
1|3
1|2
1|1
-2|1
-2|1
-2|1
-2|1
-2|1
2|3
2|2
-2|1
-2|1
-2|1
-2|1
-2|1
-2|1
3|3
-2|1
-2|1
-2|1
-2|1
-2|1
-2|1
-2|1
-4|4
-4|3
-4|2
-4|1
-4|0
-4|-1
-4|-2
-4|-3
-3|4
-3|3
-3|2
-3|1
-3|0
-3|-1
-3|-2
-3|-3
-2|4
-2|3
-2|2
-2|1
-2|0
-2|-1
-2|-2
-2|2
-1|4
-1|3
-1|2
-1|1
-1|0
-1|-1
-2|2
-2|2
0|4
0|3
0|2
0|1
0|0
-2|2
-2|2
-2|2
1|4
1|3
1|2
1|1
-2|2
-2|2
-2|2
-2|2
2|4
2|3
2|2
-2|2
-2|2
-2|2
-2|2
-2|2
3|4
3|3
-2|2
-2|2
-2|2
-2|2
-2|2
-2|2
-4|5
-4|4
-4|3
-4|2
-4|1
-4|0
-4|-1
-4|-2
-3|5
-3|4
-3|3
-3|2
-3|1
-3|0
-3|-1
-3|-2
-2|5
-2|4
-2|3
-2|2
-2|1
-2|0
-2|-1
-2|-2
-1|5
-1|4
-1|3
-1|2
-1|1
-1|0
-1|-1
-2|3
0|5
0|4
0|3
0|2
0|1
0|0
-2|3
-2|3
1|5
1|4
1|3
1|2
1|1
-2|3
-2|3
-2|3
2|5
2|4
2|3
2|2
-2|3
-2|3
-2|3
-2|3
3|5
3|4
3|3
-2|3
-2|3
-2|3
-2|3
-2|3
-4|6
-4|5
-4|4
-4|3
-4|2
-4|1
-4|0
-4|-1
-3|6
-3|5
-3|4
-3|3
-3|2
-3|1
-3|0
-3|-1
-2|6
-2|5
-2|4
-2|3
-2|2
-2|1
-2|0
-2|-1
-1|6
-1|5
-1|4
-1|3
-1|2
-1|1
-1|0
-1|-1
0|6
0|5
0|4
0|3
0|2
0|1
0|0
-2|4
1|6
1|5
1|4
1|3
1|2
1|1
-2|4
-2|4
2|6
2|5
2|4
2|3
2|2
-2|4
-2|4
-2|4
3|6
3|5
3|4
3|3
-2|4
-2|4
-2|4
-2|4
-4|7
-4|6
-4|5
-4|4
-4|3
-4|2
-4|1
-4|0
-3|7
-3|6
-3|5
-3|4
-3|3
-3|2
-3|1
-3|0
-2|7
-2|6
-2|5
-2|4
-2|3
-2|2
-2|1
-2|0
-1|7
-1|6
-1|5
-1|4
-1|3
-1|2
-1|1
-1|0
0|7
0|6
0|5
0|4
0|3
0|2
0|1
0|0
1|7
1|6
1|5
1|4
1|3
1|2
1|1
-2|5
2|7
2|6
2|5
2|4
2|3
2|2
-2|5
-2|5
3|7
3|6
3|5
3|4
3|3
-2|5
-2|5
-2|5
-4|8
-4|7
-4|6
-4|5
-4|4
-4|3
-4|2
-4|1
-3|8
-3|7
-3|6
-3|5
-3|4
-3|3
-3|2
-3|1
-2|8
-2|7
-2|6
-2|5
-2|4
-2|3
-2|2
-2|1
-1|8
-1|7
-1|6
-1|5
-1|4
-1|3
-1|2
-1|1
0|8
0|7
0|6
0|5
0|4
0|3
0|2
0|1
1|8
1|7
1|6
1|5
1|4
1|3
1|2
1|1
2|8
2|7
2|6
2|5
2|4
2|3
2|2
-2|6
3|8
3|7
3|6
3|5
3|4
3|3
-2|6
-2|6
-4|9
-4|8
-4|7
-4|6
-4|5
-4|4
-4|3
-4|2
-3|9
-3|8
-3|7
-3|6
-3|5
-3|4
-3|3
-3|2
-2|9
-2|8
-2|7
-2|6
-2|5
-2|4
-2|3
-2|2
-1|9
-1|8
-1|7
-1|6
-1|5
-1|4
-1|3
-1|2
0|9
0|8
0|7
0|6
0|5
0|4
0|3
0|2
1|9
1|8
1|7
1|6
1|5
1|4
1|3
1|2
2|9
2|8
2|7
2|6
2|5
2|4
2|3
2|2
3|9
3|8
3|7
3|6
3|5
3|4
3|3
-2|7
-4|10
-4|9
-4|8
-4|7
-4|6
-4|5
-4|4
-4|3
-3|10
-3|9
-3|8
-3|7
-3|6
-3|5
-3|4
-3|3
-2|10
-2|9
-2|8
-2|7
-2|6
-2|5
-2|4
-2|3
-1|10
-1|9
-1|8
-1|7
-1|6
-1|5
-1|4
-1|3
0|10
0|9
0|8
0|7
0|6
0|5
0|4
0|3
1|10
1|9
1|8
1|7
1|6
1|5
1|4
1|3
2|10
2|9
2|8
2|7
2|6
2|5
2|4
2|3
3|10
3|9
3|8
3|7
3|6
3|5
3|4
3|3
-4|11
-4|10
-4|9
-4|8
-4|7
-4|6
-4|5
-4|4
-3|11
-3|10
-3|9
-3|8
-3|7
-3|6
-3|5
-3|4
-2|11
-2|10
-2|9
-2|8
-2|7
-2|6
-2|5
-2|4
-1|11
-1|10
-1|9
-1|8
-1|7
-1|6
-1|5
-1|4
0|11
0|10
0|9
0|8
0|7
0|6
0|5
0|4
1|11
1|10
1|9
1|8
1|7
1|6
1|5
1|4
2|11
2|10
2|9
2|8
2|7
2|6
2|5
2|4
3|11
3|10
3|9
3|8
3|7
3|6
3|5
3|4
-4|12
-4|11
-4|10
-4|9
-4|8
-4|7
-4|6
-4|5
-3|12
-3|11
-3|10
-3|9
-3|8
-3|7
-3|6
-3|5
-2|12
-2|11
-2|10
-2|9
-2|8
-2|7
-2|6
-2|5
-1|12
-1|11
-1|10
-1|9
-1|8
-1|7
-1|6
-1|5
0|12
0|11
0|10
0|9
0|8
0|7
0|6
0|5
1|12
1|11
1|10
1|9
1|8
1|7
1|6
1|5
2|12
2|11
2|10
2|9
2|8
2|7
2|6
2|5
3|12
3|11
3|10
3|9
3|8
3|7
3|6
3|5
-4|13
-4|12
-4|11
-4|10
-4|9
-4|8
-4|7
-4|6
-3|13
-3|12
-3|11
-3|10
-3|9
-3|8
-3|7
-3|6
-2|13
-2|12
-2|11
-2|10
-2|9
-2|8
-2|7
-2|6
-1|13
-1|12
-1|11
-1|10
-1|9
-1|8
-1|7
-1|6
0|13
0|12
0|11
0|10
0|9
0|8
0|7
0|6
1|13
1|12
1|11
1|10
1|9
1|8
1|7
1|6
2|13
2|12
2|11
2|10
2|9
2|8
2|7
2|6
3|13
3|12
3|11
3|10
3|9
3|8
3|7
3|6
-4|14
-4|13
-4|12
-4|11
-4|10
-4|9
-4|8
-4|7
-3|14
-3|13
-3|12
-3|11
-3|10
-3|9
-3|8
-3|7
-2|14
-2|13
-2|12
-2|11
-2|10
-2|9
-2|8
-2|7
-1|14
-1|13
-1|12
-1|11
-1|10
-1|9
-1|8
-1|7
0|14
0|13
0|12
0|11
0|10
0|9
0|8
0|7
1|14
1|13
1|12
1|11
1|10
1|9
1|8
1|7
2|14
2|13
2|12
2|11
2|10
2|9
2|8
2|7
3|14
3|13
3|12
3|11
3|10
3|9
3|8
3|7
-3|-1
-3|-2
-3|-3
-1|-3
-1|-3
-1|-3
-1|-3
-1|-3
-2|-1
-2|-2
-1|-3
-1|-3
-1|-3
-1|-3
-1|-3
-1|-3
-1|-1
-1|-3
-1|-3
-1|-3
-1|-3
-1|-3
-1|-3
-1|-3
-1|-3
-1|-3
-1|-3
-1|-3
-1|-3
-1|-3
-1|-3
-1|-3
-1|-3
-1|-3
-1|-3
-1|-3
-1|-3
-1|-3
-1|-3
-1|-3
-1|-3
-1|-3
-1|-3
-1|-3
-1|-3
-1|-3
-1|-3
-1|-3
-1|-3
-1|-3
-1|-3
-1|-3
-1|-3
-1|-3
-1|-3
-1|-3
-1|-3
-1|-3
-1|-3
-1|-3
-1|-3
-1|-3
-1|-3
-1|-3
-3|0
-3|-1
-3|-2
-3|-3
-1|-2
-1|-2
-1|-2
-1|-2
-2|0
-2|-1
-2|-2
-1|-2
-1|-2
-1|-2
-1|-2
-1|-2
-1|0
-1|-1
-1|-2
-1|-2
-1|-2
-1|-2
-1|-2
-1|-2
0|0
-1|-2
-1|-2
-1|-2
-1|-2
-1|-2
-1|-2
-1|-2
-1|-2
-1|-2
-1|-2
-1|-2
-1|-2
-1|-2
-1|-2
-1|-2
-1|-2
-1|-2
-1|-2
-1|-2
-1|-2
-1|-2
-1|-2
-1|-2
-1|-2
-1|-2
-1|-2
-1|-2
-1|-2
-1|-2
-1|-2
-1|-2
-1|-2
-1|-2
-1|-2
-1|-2
-1|-2
-1|-2
-1|-2
-1|-2
-3|1
-3|0
-3|-1
-3|-2
-3|-3
-1|-1
-1|-1
-1|-1
-2|1
-2|0
-2|-1
-2|-2
-1|-1
-1|-1
-1|-1
-1|-1
-1|1
-1|0
-1|-1
-1|-1
-1|-1
-1|-1
-1|-1
-1|-1
0|1
0|0
-1|-1
-1|-1
-1|-1
-1|-1
-1|-1
-1|-1
1|1
-1|-1
-1|-1
-1|-1
-1|-1
-1|-1
-1|-1
-1|-1
-1|-1
-1|-1
-1|-1
-1|-1
-1|-1
-1|-1
-1|-1
-1|-1
-1|-1
-1|-1
-1|-1
-1|-1
-1|-1
-1|-1
-1|-1
-1|-1
-1|-1
-1|-1
-1|-1
-1|-1
-1|-1
-1|-1
-1|-1
-1|-1
-3|2
-3|1
-3|0
-3|-1
-3|-2
-3|-3
-1|0
-1|0
-2|2
-2|1
-2|0
-2|-1
-2|-2
-1|0
-1|0
-1|0
-1|2
-1|1
-1|0
-1|-1
-1|0
-1|0
-1|0
-1|0
0|2
0|1
0|0
-1|0
-1|0
-1|0
-1|0
-1|0
1|2
1|1
-1|0
-1|0
-1|0
-1|0
-1|0
-1|0
2|2
-1|0
-1|0
-1|0
-1|0
-1|0
-1|0
-1|0
-1|0
-1|0
-1|0
-1|0
-1|0
-1|0
-1|0
-1|0
-1|0
-1|0
-1|0
-1|0
-1|0
-1|0
-1|0
-1|0
-3|3
-3|2
-3|1
-3|0
-3|-1
-3|-2
-3|-3
-1|1
-2|3
-2|2
-2|1
-2|0
-2|-1
-2|-2
-1|1
-1|1
-1|3
-1|2
-1|1
-1|0
-1|-1
-1|1
-1|1
-1|1
0|3
0|2
0|1
0|0
-1|1
-1|1
-1|1
-1|1
1|3
1|2
1|1
-1|1
-1|1
-1|1
-1|1
-1|1
2|3
2|2
-1|1
-1|1
-1|1
-1|1
-1|1
-1|1
3|3
-1|1
-1|1
-1|1
-1|1
-1|1
-1|1
-1|1
-1|1
-1|1
-1|1
-1|1
-1|1
-1|1
-1|1
-1|1
-3|4
-3|3
-3|2
-3|1
-3|0
-3|-1
-3|-2
-3|-3
-2|4
-2|3
-2|2
-2|1
-2|0
-2|-1
-2|-2
-1|2
-1|4
-1|3
-1|2
-1|1
-1|0
-1|-1
-1|2
-1|2
0|4
0|3
0|2
0|1
0|0
-1|2
-1|2
-1|2
1|4
1|3
1|2
1|1
-1|2
-1|2
-1|2
-1|2
2|4
2|3
2|2
-1|2
-1|2
-1|2
-1|2
-1|2
3|4
3|3
-1|2
-1|2
-1|2
-1|2
-1|2
-1|2
4|4
-1|2
-1|2
-1|2
-1|2
-1|2
-1|2
-1|2
-3|5
-3|4
-3|3
-3|2
-3|1
-3|0
-3|-1
-3|-2
-2|5
-2|4
-2|3
-2|2
-2|1
-2|0
-2|-1
-2|-2
-1|5
-1|4
-1|3
-1|2
-1|1
-1|0
-1|-1
-1|3
0|5
0|4
0|3
0|2
0|1
0|0
-1|3
-1|3
1|5
1|4
1|3
1|2
1|1
-1|3
-1|3
-1|3
2|5
2|4
2|3
2|2
-1|3
-1|3
-1|3
-1|3
3|5
3|4
3|3
-1|3
-1|3
-1|3
-1|3
-1|3
4|5
4|4
-1|3
-1|3
-1|3
-1|3
-1|3
-1|3
-3|6
-3|5
-3|4
-3|3
-3|2
-3|1
-3|0
-3|-1
-2|6
-2|5
-2|4
-2|3
-2|2
-2|1
-2|0
-2|-1
-1|6
-1|5
-1|4
-1|3
-1|2
-1|1
-1|0
-1|-1
0|6
0|5
0|4
0|3
0|2
0|1
0|0
-1|4
1|6
1|5
1|4
1|3
1|2
1|1
-1|4
-1|4
2|6
2|5
2|4
2|3
2|2
-1|4
-1|4
-1|4
3|6
3|5
3|4
3|3
-1|4
-1|4
-1|4
-1|4
4|6
4|5
4|4
-1|4
-1|4
-1|4
-1|4
-1|4
-3|7
-3|6
-3|5
-3|4
-3|3
-3|2
-3|1
-3|0
-2|7
-2|6
-2|5
-2|4
-2|3
-2|2
-2|1
-2|0
-1|7
-1|6
-1|5
-1|4
-1|3
-1|2
-1|1
-1|0
0|7
0|6
0|5
0|4
0|3
0|2
0|1
0|0
1|7
1|6
1|5
1|4
1|3
1|2
1|1
-1|5
2|7
2|6
2|5
2|4
2|3
2|2
-1|5
-1|5
3|7
3|6
3|5
3|4
3|3
-1|5
-1|5
-1|5
4|7
4|6
4|5
4|4
-1|5
-1|5
-1|5
-1|5
-3|8
-3|7
-3|6
-3|5
-3|4
-3|3
-3|2
-3|1
-2|8
-2|7
-2|6
-2|5
-2|4
-2|3
-2|2
-2|1
-1|8
-1|7
-1|6
-1|5
-1|4
-1|3
-1|2
-1|1
0|8
0|7
0|6
0|5
0|4
0|3
0|2
0|1
1|8
1|7
1|6
1|5
1|4
1|3
1|2
1|1
2|8
2|7
2|6
2|5
2|4
2|3
2|2
-1|6
3|8
3|7
3|6
3|5
3|4
3|3
-1|6
-1|6
4|8
4|7
4|6
4|5
4|4
-1|6
-1|6
-1|6
-3|9
-3|8
-3|7
-3|6
-3|5
-3|4
-3|3
-3|2
-2|9
-2|8
-2|7
-2|6
-2|5
-2|4
-2|3
-2|2
-1|9
-1|8
-1|7
-1|6
-1|5
-1|4
-1|3
-1|2
0|9
0|8
0|7
0|6
0|5
0|4
0|3
0|2
1|9
1|8
1|7
1|6
1|5
1|4
1|3
1|2
2|9
2|8
2|7
2|6
2|5
2|4
2|3
2|2
3|9
3|8
3|7
3|6
3|5
3|4
3|3
-1|7
4|9
4|8
4|7
4|6
4|5
4|4
-1|7
-1|7
-3|10
-3|9
-3|8
-3|7
-3|6
-3|5
-3|4
-3|3
-2|10
-2|9
-2|8
-2|7
-2|6
-2|5
-2|4
-2|3
-1|10
-1|9
-1|8
-1|7
-1|6
-1|5
-1|4
-1|3
0|10
0|9
0|8
0|7
0|6
0|5
0|4
0|3
1|10
1|9
1|8
1|7
1|6
1|5
1|4
1|3
2|10
2|9
2|8
2|7
2|6
2|5
2|4
2|3
3|10
3|9
3|8
3|7
3|6
3|5
3|4
3|3
4|10
4|9
4|8
4|7
4|6
4|5
4|4
-1|8
-3|11
-3|10
-3|9
-3|8
-3|7
-3|6
-3|5
-3|4
-2|11
-2|10
-2|9
-2|8
-2|7
-2|6
-2|5
-2|4
-1|11
-1|10
-1|9
-1|8
-1|7
-1|6
-1|5
-1|4
0|11
0|10
0|9
0|8
0|7
0|6
0|5
0|4
1|11
1|10
1|9
1|8
1|7
1|6
1|5
1|4
2|11
2|10
2|9
2|8
2|7
2|6
2|5
2|4
3|11
3|10
3|9
3|8
3|7
3|6
3|5
3|4
4|11
4|10
4|9
4|8
4|7
4|6
4|5
4|4
-3|12
-3|11
-3|10
-3|9
-3|8
-3|7
-3|6
-3|5
-2|12
-2|11
-2|10
-2|9
-2|8
-2|7
-2|6
-2|5
-1|12
-1|11
-1|10
-1|9
-1|8
-1|7
-1|6
-1|5
0|12
0|11
0|10
0|9
0|8
0|7
0|6
0|5
1|12
1|11
1|10
1|9
1|8
1|7
1|6
1|5
2|12
2|11
2|10
2|9
2|8
2|7
2|6
2|5
3|12
3|11
3|10
3|9
3|8
3|7
3|6
3|5
4|12
4|11
4|10
4|9
4|8
4|7
4|6
4|5
-3|13
-3|12
-3|11
-3|10
-3|9
-3|8
-3|7
-3|6
-2|13
-2|12
-2|11
-2|10
-2|9
-2|8
-2|7
-2|6
-1|13
-1|12
-1|11
-1|10
-1|9
-1|8
-1|7
-1|6
0|13
0|12
0|11
0|10
0|9
0|8
0|7
0|6
1|13
1|12
1|11
1|10
1|9
1|8
1|7
1|6
2|13
2|12
2|11
2|10
2|9
2|8
2|7
2|6
3|13
3|12
3|11
3|10
3|9
3|8
3|7
3|6
4|13
4|12
4|11
4|10
4|9
4|8
4|7
4|6
-3|14
-3|13
-3|12
-3|11
-3|10
-3|9
-3|8
-3|7
-2|14
-2|13
-2|12
-2|11
-2|10
-2|9
-2|8
-2|7
-1|14
-1|13
-1|12
-1|11
-1|10
-1|9
-1|8
-1|7
0|14
0|13
0|12
0|11
0|10
0|9
0|8
0|7
1|14
1|13
1|12
1|11
1|10
1|9
1|8
1|7
2|14
2|13
2|12
2|11
2|10
2|9
2|8
2|7
3|14
3|13
3|12
3|11
3|10
3|9
3|8
3|7
4|14
4|13
4|12
4|11
4|10
4|9
4|8
4|7
-2|-1
-2|-2
0|-3
0|-3
0|-3
0|-3
0|-3
0|-3
-1|-1
0|-3
0|-3
0|-3
0|-3
0|-3
0|-3
0|-3
0|-3
0|-3
0|-3
0|-3
0|-3
0|-3
0|-3
0|-3
0|-3
0|-3
0|-3
0|-3
0|-3
0|-3
0|-3
0|-3
0|-3
0|-3
0|-3
0|-3
0|-3
0|-3
0|-3
0|-3
0|-3
0|-3
0|-3
0|-3
0|-3
0|-3
0|-3
0|-3
0|-3
0|-3
0|-3
0|-3
0|-3
0|-3
0|-3
0|-3
0|-3
0|-3
0|-3
0|-3
0|-3
0|-3
0|-3
0|-3
-2|0
-2|-1
-2|-2
0|-2
0|-2
0|-2
0|-2
0|-2
-1|0
-1|-1
0|-2
0|-2
0|-2
0|-2
0|-2
0|-2
0|0
0|-2
0|-2
0|-2
0|-2
0|-2
0|-2
0|-2
0|-2
0|-2
0|-2
0|-2
0|-2
0|-2
0|-2
0|-2
0|-2
0|-2
0|-2
0|-2
0|-2
0|-2
0|-2
0|-2
0|-2
0|-2
0|-2
0|-2
0|-2
0|-2
0|-2
0|-2
0|-2
0|-2
0|-2
0|-2
0|-2
0|-2
0|-2
0|-2
0|-2
0|-2
0|-2
0|-2
0|-2
0|-2
0|-2
0|-2
-2|1
-2|0
-2|-1
-2|-2
0|-1
0|-1
0|-1
0|-1
-1|1
-1|0
-1|-1
0|-1
0|-1
0|-1
0|-1
0|-1
0|1
0|0
0|-1
0|-1
0|-1
0|-1
0|-1
0|-1
1|1
0|-1
0|-1
0|-1
0|-1
0|-1
0|-1
0|-1
0|-1
0|-1
0|-1
0|-1
0|-1
0|-1
0|-1
0|-1
0|-1
0|-1
0|-1
0|-1
0|-1
0|-1
0|-1
0|-1
0|-1
0|-1
0|-1
0|-1
0|-1
0|-1
0|-1
0|-1
0|-1
0|-1
0|-1
0|-1
0|-1
0|-1
0|-1
0|-1
-2|2
-2|1
-2|0
-2|-1
-2|-2
0|0
0|0
0|0
-1|2
-1|1
-1|0
-1|-1
0|0
0|0
0|0
0|0
0|2
0|1
0|0
0|0
0|0
0|0
0|0
0|0
1|2
1|1
0|0
0|0
0|0
0|0
0|0
0|0
2|2
0|0
0|0
0|0
0|0
0|0
0|0
0|0
0|0
0|0
0|0
0|0
0|0
0|0
0|0
0|0
0|0
0|0
0|0
0|0
0|0
0|0
0|0
0|0
0|0
0|0
0|0
0|0
0|0
0|0
0|0
0|0
-2|3
-2|2
-2|1
-2|0
-2|-1
-2|-2
0|1
0|1
-1|3
-1|2
-1|1
-1|0
-1|-1
0|1
0|1
0|1
0|3
0|2
0|1
0|0
0|1
0|1
0|1
0|1
1|3
1|2
1|1
0|1
0|1
0|1
0|1
0|1
2|3
2|2
0|1
0|1
0|1
0|1
0|1
0|1
3|3
0|1
0|1
0|1
0|1
0|1
0|1
0|1
0|1
0|1
0|1
0|1
0|1
0|1
0|1
0|1
0|1
0|1
0|1
0|1
0|1
0|1
0|1
0|1
-2|4
-2|3
-2|2
-2|1
-2|0
-2|-1
-2|-2
0|2
-1|4
-1|3
-1|2
-1|1
-1|0
-1|-1
0|2
0|2
0|4
0|3
0|2
0|1
0|0
0|2
0|2
0|2
1|4
1|3
1|2
1|1
0|2
0|2
0|2
0|2
2|4
2|3
2|2
0|2
0|2
0|2
0|2
0|2
3|4
3|3
0|2
0|2
0|2
0|2
0|2
0|2
4|4
0|2
0|2
0|2
0|2
0|2
0|2
0|2
0|2
0|2
0|2
0|2
0|2
0|2
0|2
0|2
-2|5
-2|4
-2|3
-2|2
-2|1
-2|0
-2|-1
-2|-2
-1|5
-1|4
-1|3
-1|2
-1|1
-1|0
-1|-1
0|3
0|5
0|4
0|3
0|2
0|1
0|0
0|3
0|3
1|5
1|4
1|3
1|2
1|1
0|3
0|3
0|3
2|5
2|4
2|3
2|2
0|3
0|3
0|3
0|3
3|5
3|4
3|3
0|3
0|3
0|3
0|3
0|3
4|5
4|4
0|3
0|3
0|3
0|3
0|3
0|3
5|5
0|3
0|3
0|3
0|3
0|3
0|3
0|3
-2|6
-2|5
-2|4
-2|3
-2|2
-2|1
-2|0
-2|-1
-1|6
-1|5
-1|4
-1|3
-1|2
-1|1
-1|0
-1|-1
0|6
0|5
0|4
0|3
0|2
0|1
0|0
0|4
1|6
1|5
1|4
1|3
1|2
1|1
0|4
0|4
2|6
2|5
2|4
2|3
2|2
0|4
0|4
0|4
3|6
3|5
3|4
3|3
0|4
0|4
0|4
0|4
4|6
4|5
4|4
0|4
0|4
0|4
0|4
0|4
5|6
5|5
0|4
0|4
0|4
0|4
0|4
0|4
-2|7
-2|6
-2|5
-2|4
-2|3
-2|2
-2|1
-2|0
-1|7
-1|6
-1|5
-1|4
-1|3
-1|2
-1|1
-1|0
0|7
0|6
0|5
0|4
0|3
0|2
0|1
0|0
1|7
1|6
1|5
1|4
1|3
1|2
1|1
0|5
2|7
2|6
2|5
2|4
2|3
2|2
0|5
0|5
3|7
3|6
3|5
3|4
3|3
0|5
0|5
0|5
4|7
4|6
4|5
4|4
0|5
0|5
0|5
0|5
5|7
5|6
5|5
0|5
0|5
0|5
0|5
0|5
-2|8
-2|7
-2|6
-2|5
-2|4
-2|3
-2|2
-2|1
-1|8
-1|7
-1|6
-1|5
-1|4
-1|3
-1|2
-1|1
0|8
0|7
0|6
0|5
0|4
0|3
0|2
0|1
1|8
1|7
1|6
1|5
1|4
1|3
1|2
1|1
2|8
2|7
2|6
2|5
2|4
2|3
2|2
0|6
3|8
3|7
3|6
3|5
3|4
3|3
0|6
0|6
4|8
4|7
4|6
4|5
4|4
0|6
0|6
0|6
5|8
5|7
5|6
5|5
0|6
0|6
0|6
0|6
-2|9
-2|8
-2|7
-2|6
-2|5
-2|4
-2|3
-2|2
-1|9
-1|8
-1|7
-1|6
-1|5
-1|4
-1|3
-1|2
0|9
0|8
0|7
0|6
0|5
0|4
0|3
0|2
1|9
1|8
1|7
1|6
1|5
1|4
1|3
1|2
2|9
2|8
2|7
2|6
2|5
2|4
2|3
2|2
3|9
3|8
3|7
3|6
3|5
3|4
3|3
0|7
4|9
4|8
4|7
4|6
4|5
4|4
0|7
0|7
5|9
5|8
5|7
5|6
5|5
0|7
0|7
0|7
-2|10
-2|9
-2|8
-2|7
-2|6
-2|5
-2|4
-2|3
-1|10
-1|9
-1|8
-1|7
-1|6
-1|5
-1|4
-1|3
0|10
0|9
0|8
0|7
0|6
0|5
0|4
0|3
1|10
1|9
1|8
1|7
1|6
1|5
1|4
1|3
2|10
2|9
2|8
2|7
2|6
2|5
2|4
2|3
3|10
3|9
3|8
3|7
3|6
3|5
3|4
3|3
4|10
4|9
4|8
4|7
4|6
4|5
4|4
0|8
5|10
5|9
5|8
5|7
5|6
5|5
0|8
0|8
-2|11
-2|10
-2|9
-2|8
-2|7
-2|6
-2|5
-2|4
-1|11
-1|10
-1|9
-1|8
-1|7
-1|6
-1|5
-1|4
0|11
0|10
0|9
0|8
0|7
0|6
0|5
0|4
1|11
1|10
1|9
1|8
1|7
1|6
1|5
1|4
2|11
2|10
2|9
2|8
2|7
2|6
2|5
2|4
3|11
3|10
3|9
3|8
3|7
3|6
3|5
3|4
4|11
4|10
4|9
4|8
4|7
4|6
4|5
4|4
5|11
5|10
5|9
5|8
5|7
5|6
5|5
0|9
-2|12
-2|11
-2|10
-2|9
-2|8
-2|7
-2|6
-2|5
-1|12
-1|11
-1|10
-1|9
-1|8
-1|7
-1|6
-1|5
0|12
0|11
0|10
0|9
0|8
0|7
0|6
0|5
1|12
1|11
1|10
1|9
1|8
1|7
1|6
1|5
2|12
2|11
2|10
2|9
2|8
2|7
2|6
2|5
3|12
3|11
3|10
3|9
3|8
3|7
3|6
3|5
4|12
4|11
4|10
4|9
4|8
4|7
4|6
4|5
5|12
5|11
5|10
5|9
5|8
5|7
5|6
5|5
-2|13
-2|12
-2|11
-2|10
-2|9
-2|8
-2|7
-2|6
-1|13
-1|12
-1|11
-1|10
-1|9
-1|8
-1|7
-1|6
0|13
0|12
0|11
0|10
0|9
0|8
0|7
0|6
1|13
1|12
1|11
1|10
1|9
1|8
1|7
1|6
2|13
2|12
2|11
2|10
2|9
2|8
2|7
2|6
3|13
3|12
3|11
3|10
3|9
3|8
3|7
3|6
4|13
4|12
4|11
4|10
4|9
4|8
4|7
4|6
5|13
5|12
5|11
5|10
5|9
5|8
5|7
5|6
-2|14
-2|13
-2|12
-2|11
-2|10
-2|9
-2|8
-2|7
-1|14
-1|13
-1|12
-1|11
-1|10
-1|9
-1|8
-1|7
0|14
0|13
0|12
0|11
0|10
0|9
0|8
0|7
1|14
1|13
1|12
1|11
1|10
1|9
1|8
1|7
2|14
2|13
2|12
2|11
2|10
2|9
2|8
2|7
3|14
3|13
3|12
3|11
3|10
3|9
3|8
3|7
4|14
4|13
4|12
4|11
4|10
4|9
4|8
4|7
5|14
5|13
5|12
5|11
5|10
5|9
5|8
5|7
-1|-1
1|-3
1|-3
1|-3
1|-3
1|-3
1|-3
1|-3
1|-3
1|-3
1|-3
1|-3
1|-3
1|-3
1|-3
1|-3
1|-3
1|-3
1|-3
1|-3
1|-3
1|-3
1|-3
1|-3
1|-3
1|-3
1|-3
1|-3
1|-3
1|-3
1|-3
1|-3
1|-3
1|-3
1|-3
1|-3
1|-3
1|-3
1|-3
1|-3
1|-3
1|-3
1|-3
1|-3
1|-3
1|-3
1|-3
1|-3
1|-3
1|-3
1|-3
1|-3
1|-3
1|-3
1|-3
1|-3
1|-3
1|-3
1|-3
1|-3
1|-3
1|-3
1|-3
1|-3
-1|0
-1|-1
1|-2
1|-2
1|-2
1|-2
1|-2
1|-2
0|0
1|-2
1|-2
1|-2
1|-2
1|-2
1|-2
1|-2
1|-2
1|-2
1|-2
1|-2
1|-2
1|-2
1|-2
1|-2
1|-2
1|-2
1|-2
1|-2
1|-2
1|-2
1|-2
1|-2
1|-2
1|-2
1|-2
1|-2
1|-2
1|-2
1|-2
1|-2
1|-2
1|-2
1|-2
1|-2
1|-2
1|-2
1|-2
1|-2
1|-2
1|-2
1|-2
1|-2
1|-2
1|-2
1|-2
1|-2
1|-2
1|-2
1|-2
1|-2
1|-2
1|-2
1|-2
1|-2
-1|1
-1|0
-1|-1
1|-1
1|-1
1|-1
1|-1
1|-1
0|1
0|0
1|-1
1|-1
1|-1
1|-1
1|-1
1|-1
1|1
1|-1
1|-1
1|-1
1|-1
1|-1
1|-1
1|-1
1|-1
1|-1
1|-1
1|-1
1|-1
1|-1
1|-1
1|-1
1|-1
1|-1
1|-1
1|-1
1|-1
1|-1
1|-1
1|-1
1|-1
1|-1
1|-1
1|-1
1|-1
1|-1
1|-1
1|-1
1|-1
1|-1
1|-1
1|-1
1|-1
1|-1
1|-1
1|-1
1|-1
1|-1
1|-1
1|-1
1|-1
1|-1
1|-1
1|-1
-1|2
-1|1
-1|0
-1|-1
1|0
1|0
1|0
1|0
0|2
0|1
0|0
1|0
1|0
1|0
1|0
1|0
1|2
1|1
1|0
1|0
1|0
1|0
1|0
1|0
2|2
1|0
1|0
1|0
1|0
1|0
1|0
1|0
1|0
1|0
1|0
1|0
1|0
1|0
1|0
1|0
1|0
1|0
1|0
1|0
1|0
1|0
1|0
1|0
1|0
1|0
1|0
1|0
1|0
1|0
1|0
1|0
1|0
1|0
1|0
1|0
1|0
1|0
1|0
1|0
-1|3
-1|2
-1|1
-1|0
-1|-1
1|1
1|1
1|1
0|3
0|2
0|1
0|0
1|1
1|1
1|1
1|1
1|3
1|2
1|1
1|1
1|1
1|1
1|1
1|1
2|3
2|2
1|1
1|1
1|1
1|1
1|1
1|1
3|3
1|1
1|1
1|1
1|1
1|1
1|1
1|1
1|1
1|1
1|1
1|1
1|1
1|1
1|1
1|1
1|1
1|1
1|1
1|1
1|1
1|1
1|1
1|1
1|1
1|1
1|1
1|1
1|1
1|1
1|1
1|1
-1|4
-1|3
-1|2
-1|1
-1|0
-1|-1
1|2
1|2
0|4
0|3
0|2
0|1
0|0
1|2
1|2
1|2
1|4
1|3
1|2
1|1
1|2
1|2
1|2
1|2
2|4
2|3
2|2
1|2
1|2
1|2
1|2
1|2
3|4
3|3
1|2
1|2
1|2
1|2
1|2
1|2
4|4
1|2
1|2
1|2
1|2
1|2
1|2
1|2
1|2
1|2
1|2
1|2
1|2
1|2
1|2
1|2
1|2
1|2
1|2
1|2
1|2
1|2
1|2
1|2
-1|5
-1|4
-1|3
-1|2
-1|1
-1|0
-1|-1
1|3
0|5
0|4
0|3
0|2
0|1
0|0
1|3
1|3
1|5
1|4
1|3
1|2
1|1
1|3
1|3
1|3
2|5
2|4
2|3
2|2
1|3
1|3
1|3
1|3
3|5
3|4
3|3
1|3
1|3
1|3
1|3
1|3
4|5
4|4
1|3
1|3
1|3
1|3
1|3
1|3
5|5
1|3
1|3
1|3
1|3
1|3
1|3
1|3
1|3
1|3
1|3
1|3
1|3
1|3
1|3
1|3
-1|6
-1|5
-1|4
-1|3
-1|2
-1|1
-1|0
-1|-1
0|6
0|5
0|4
0|3
0|2
0|1
0|0
1|4
1|6
1|5
1|4
1|3
1|2
1|1
1|4
1|4
2|6
2|5
2|4
2|3
2|2
1|4
1|4
1|4
3|6
3|5
3|4
3|3
1|4
1|4
1|4
1|4
4|6
4|5
4|4
1|4
1|4
1|4
1|4
1|4
5|6
5|5
1|4
1|4
1|4
1|4
1|4
1|4
6|6
1|4
1|4
1|4
1|4
1|4
1|4
1|4
-1|7
-1|6
-1|5
-1|4
-1|3
-1|2
-1|1
-1|0
0|7
0|6
0|5
0|4
0|3
0|2
0|1
0|0
1|7
1|6
1|5
1|4
1|3
1|2
1|1
1|5
2|7
2|6
2|5
2|4
2|3
2|2
1|5
1|5
3|7
3|6
3|5
3|4
3|3
1|5
1|5
1|5
4|7
4|6
4|5
4|4
1|5
1|5
1|5
1|5
5|7
5|6
5|5
1|5
1|5
1|5
1|5
1|5
6|7
6|6
1|5
1|5
1|5
1|5
1|5
1|5
-1|8
-1|7
-1|6
-1|5
-1|4
-1|3
-1|2
-1|1
0|8
0|7
0|6
0|5
0|4
0|3
0|2
0|1
1|8
1|7
1|6
1|5
1|4
1|3
1|2
1|1
2|8
2|7
2|6
2|5
2|4
2|3
2|2
1|6
3|8
3|7
3|6
3|5
3|4
3|3
1|6
1|6
4|8
4|7
4|6
4|5
4|4
1|6
1|6
1|6
5|8
5|7
5|6
5|5
1|6
1|6
1|6
1|6
6|8
6|7
6|6
1|6
1|6
1|6
1|6
1|6
-1|9
-1|8
-1|7
-1|6
-1|5
-1|4
-1|3
-1|2
0|9
0|8
0|7
0|6
0|5
0|4
0|3
0|2
1|9
1|8
1|7
1|6
1|5
1|4
1|3
1|2
2|9
2|8
2|7
2|6
2|5
2|4
2|3
2|2
3|9
3|8
3|7
3|6
3|5
3|4
3|3
1|7
4|9
4|8
4|7
4|6
4|5
4|4
1|7
1|7
5|9
5|8
5|7
5|6
5|5
1|7
1|7
1|7
6|9
6|8
6|7
6|6
1|7
1|7
1|7
1|7
-1|10
-1|9
-1|8
-1|7
-1|6
-1|5
-1|4
-1|3
0|10
0|9
0|8
0|7
0|6
0|5
0|4
0|3
1|10
1|9
1|8
1|7
1|6
1|5
1|4
1|3
2|10
2|9
2|8
2|7
2|6
2|5
2|4
2|3
3|10
3|9
3|8
3|7
3|6
3|5
3|4
3|3
4|10
4|9
4|8
4|7
4|6
4|5
4|4
1|8
5|10
5|9
5|8
5|7
5|6
5|5
1|8
1|8
6|10
6|9
6|8
6|7
6|6
1|8
1|8
1|8
-1|11
-1|10
-1|9
-1|8
-1|7
-1|6
-1|5
-1|4
0|11
0|10
0|9
0|8
0|7
0|6
0|5
0|4
1|11
1|10
1|9
1|8
1|7
1|6
1|5
1|4
2|11
2|10
2|9
2|8
2|7
2|6
2|5
2|4
3|11
3|10
3|9
3|8
3|7
3|6
3|5
3|4
4|11
4|10
4|9
4|8
4|7
4|6
4|5
4|4
5|11
5|10
5|9
5|8
5|7
5|6
5|5
1|9
6|11
6|10
6|9
6|8
6|7
6|6
1|9
1|9
-1|12
-1|11
-1|10
-1|9
-1|8
-1|7
-1|6
-1|5
0|12
0|11
0|10
0|9
0|8
0|7
0|6
0|5
1|12
1|11
1|10
1|9
1|8
1|7
1|6
1|5
2|12
2|11
2|10
2|9
2|8
2|7
2|6
2|5
3|12
3|11
3|10
3|9
3|8
3|7
3|6
3|5
4|12
4|11
4|10
4|9
4|8
4|7
4|6
4|5
5|12
5|11
5|10
5|9
5|8
5|7
5|6
5|5
6|12
6|11
6|10
6|9
6|8
6|7
6|6
1|10
-1|13
-1|12
-1|11
-1|10
-1|9
-1|8
-1|7
-1|6
0|13
0|12
0|11
0|10
0|9
0|8
0|7
0|6
1|13
1|12
1|11
1|10
1|9
1|8
1|7
1|6
2|13
2|12
2|11
2|10
2|9
2|8
2|7
2|6
3|13
3|12
3|11
3|10
3|9
3|8
3|7
3|6
4|13
4|12
4|11
4|10
4|9
4|8
4|7
4|6
5|13
5|12
5|11
5|10
5|9
5|8
5|7
5|6
6|13
6|12
6|11
6|10
6|9
6|8
6|7
6|6
-1|14
-1|13
-1|12
-1|11
-1|10
-1|9
-1|8
-1|7
0|14
0|13
0|12
0|11
0|10
0|9
0|8
0|7
1|14
1|13
1|12
1|11
1|10
1|9
1|8
1|7
2|14
2|13
2|12
2|11
2|10
2|9
2|8
2|7
3|14
3|13
3|12
3|11
3|10
3|9
3|8
3|7
4|14
4|13
4|12
4|11
4|10
4|9
4|8
4|7
5|14
5|13
5|12
5|11
5|10
5|9
5|8
5|7
6|14
6|13
6|12
6|11
6|10
6|9
6|8
6|7
2|-3
2|-3
2|-3
2|-3
2|-3
2|-3
2|-3
2|-3
2|-3
2|-3
2|-3
2|-3
2|-3
2|-3
2|-3
2|-3
2|-3
2|-3
2|-3
2|-3
2|-3
2|-3
2|-3
2|-3
2|-3
2|-3
2|-3
2|-3
2|-3
2|-3
2|-3
2|-3
2|-3
2|-3
2|-3
2|-3
2|-3
2|-3
2|-3
2|-3
2|-3
2|-3
2|-3
2|-3
2|-3
2|-3
2|-3
2|-3
2|-3
2|-3
2|-3
2|-3
2|-3
2|-3
2|-3
2|-3
2|-3
2|-3
2|-3
2|-3
2|-3
2|-3
2|-3
2|-3
0|0
2|-2
2|-2
2|-2
2|-2
2|-2
2|-2
2|-2
2|-2
2|-2
2|-2
2|-2
2|-2
2|-2
2|-2
2|-2
2|-2
2|-2
2|-2
2|-2
2|-2
2|-2
2|-2
2|-2
2|-2
2|-2
2|-2
2|-2
2|-2
2|-2
2|-2
2|-2
2|-2
2|-2
2|-2
2|-2
2|-2
2|-2
2|-2
2|-2
2|-2
2|-2
2|-2
2|-2
2|-2
2|-2
2|-2
2|-2
2|-2
2|-2
2|-2
2|-2
2|-2
2|-2
2|-2
2|-2
2|-2
2|-2
2|-2
2|-2
2|-2
2|-2
2|-2
2|-2
0|1
0|0
2|-1
2|-1
2|-1
2|-1
2|-1
2|-1
1|1
2|-1
2|-1
2|-1
2|-1
2|-1
2|-1
2|-1
2|-1
2|-1
2|-1
2|-1
2|-1
2|-1
2|-1
2|-1
2|-1
2|-1
2|-1
2|-1
2|-1
2|-1
2|-1
2|-1
2|-1
2|-1
2|-1
2|-1
2|-1
2|-1
2|-1
2|-1
2|-1
2|-1
2|-1
2|-1
2|-1
2|-1
2|-1
2|-1
2|-1
2|-1
2|-1
2|-1
2|-1
2|-1
2|-1
2|-1
2|-1
2|-1
2|-1
2|-1
2|-1
2|-1
2|-1
2|-1
0|2
0|1
0|0
2|0
2|0
2|0
2|0
2|0
1|2
1|1
2|0
2|0
2|0
2|0
2|0
2|0
2|2
2|0
2|0
2|0
2|0
2|0
2|0
2|0
2|0
2|0
2|0
2|0
2|0
2|0
2|0
2|0
2|0
2|0
2|0
2|0
2|0
2|0
2|0
2|0
2|0
2|0
2|0
2|0
2|0
2|0
2|0
2|0
2|0
2|0
2|0
2|0
2|0
2|0
2|0
2|0
2|0
2|0
2|0
2|0
2|0
2|0
2|0
2|0
0|3
0|2
0|1
0|0
2|1
2|1
2|1
2|1
1|3
1|2
1|1
2|1
2|1
2|1
2|1
2|1
2|3
2|2
2|1
2|1
2|1
2|1
2|1
2|1
3|3
2|1
2|1
2|1
2|1
2|1
2|1
2|1
2|1
2|1
2|1
2|1
2|1
2|1
2|1
2|1
2|1
2|1
2|1
2|1
2|1
2|1
2|1
2|1
2|1
2|1
2|1
2|1
2|1
2|1
2|1
2|1
2|1
2|1
2|1
2|1
2|1
2|1
2|1
2|1
0|4
0|3
0|2
0|1
0|0
2|2
2|2
2|2
1|4
1|3
1|2
1|1
2|2
2|2
2|2
2|2
2|4
2|3
2|2
2|2
2|2
2|2
2|2
2|2
3|4
3|3
2|2
2|2
2|2
2|2
2|2
2|2
4|4
2|2
2|2
2|2
2|2
2|2
2|2
2|2
2|2
2|2
2|2
2|2
2|2
2|2
2|2
2|2
2|2
2|2
2|2
2|2
2|2
2|2
2|2
2|2
2|2
2|2
2|2
2|2
2|2
2|2
2|2
2|2
0|5
0|4
0|3
0|2
0|1
0|0
2|3
2|3
1|5
1|4
1|3
1|2
1|1
2|3
2|3
2|3
2|5
2|4
2|3
2|2
2|3
2|3
2|3
2|3
3|5
3|4
3|3
2|3
2|3
2|3
2|3
2|3
4|5
4|4
2|3
2|3
2|3
2|3
2|3
2|3
5|5
2|3
2|3
2|3
2|3
2|3
2|3
2|3
2|3
2|3
2|3
2|3
2|3
2|3
2|3
2|3
2|3
2|3
2|3
2|3
2|3
2|3
2|3
2|3
0|6
0|5
0|4
0|3
0|2
0|1
0|0
2|4
1|6
1|5
1|4
1|3
1|2
1|1
2|4
2|4
2|6
2|5
2|4
2|3
2|2
2|4
2|4
2|4
3|6
3|5
3|4
3|3
2|4
2|4
2|4
2|4
4|6
4|5
4|4
2|4
2|4
2|4
2|4
2|4
5|6
5|5
2|4
2|4
2|4
2|4
2|4
2|4
6|6
2|4
2|4
2|4
2|4
2|4
2|4
2|4
2|4
2|4
2|4
2|4
2|4
2|4
2|4
2|4
0|7
0|6
0|5
0|4
0|3
0|2
0|1
0|0
1|7
1|6
1|5
1|4
1|3
1|2
1|1
2|5
2|7
2|6
2|5
2|4
2|3
2|2
2|5
2|5
3|7
3|6
3|5
3|4
3|3
2|5
2|5
2|5
4|7
4|6
4|5
4|4
2|5
2|5
2|5
2|5
5|7
5|6
5|5
2|5
2|5
2|5
2|5
2|5
6|7
6|6
2|5
2|5
2|5
2|5
2|5
2|5
7|7
2|5
2|5
2|5
2|5
2|5
2|5
2|5
0|8
0|7
0|6
0|5
0|4
0|3
0|2
0|1
1|8
1|7
1|6
1|5
1|4
1|3
1|2
1|1
2|8
2|7
2|6
2|5
2|4
2|3
2|2
2|6
3|8
3|7
3|6
3|5
3|4
3|3
2|6
2|6
4|8
4|7
4|6
4|5
4|4
2|6
2|6
2|6
5|8
5|7
5|6
5|5
2|6
2|6
2|6
2|6
6|8
6|7
6|6
2|6
2|6
2|6
2|6
2|6
7|8
7|7
2|6
2|6
2|6
2|6
2|6
2|6
0|9
0|8
0|7
0|6
0|5
0|4
0|3
0|2
1|9
1|8
1|7
1|6
1|5
1|4
1|3
1|2
2|9
2|8
2|7
2|6
2|5
2|4
2|3
2|2
3|9
3|8
3|7
3|6
3|5
3|4
3|3
2|7
4|9
4|8
4|7
4|6
4|5
4|4
2|7
2|7
5|9
5|8
5|7
5|6
5|5
2|7
2|7
2|7
6|9
6|8
6|7
6|6
2|7
2|7
2|7
2|7
7|9
7|8
7|7
2|7
2|7
2|7
2|7
2|7
0|10
0|9
0|8
0|7
0|6
0|5
0|4
0|3
1|10
1|9
1|8
1|7
1|6
1|5
1|4
1|3
2|10
2|9
2|8
2|7
2|6
2|5
2|4
2|3
3|10
3|9
3|8
3|7
3|6
3|5
3|4
3|3
4|10
4|9
4|8
4|7
4|6
4|5
4|4
2|8
5|10
5|9
5|8
5|7
5|6
5|5
2|8
2|8
6|10
6|9
6|8
6|7
6|6
2|8
2|8
2|8
7|10
7|9
7|8
7|7
2|8
2|8
2|8
2|8
0|11
0|10
0|9
0|8
0|7
0|6
0|5
0|4
1|11
1|10
1|9
1|8
1|7
1|6
1|5
1|4
2|11
2|10
2|9
2|8
2|7
2|6
2|5
2|4
3|11
3|10
3|9
3|8
3|7
3|6
3|5
3|4
4|11
4|10
4|9
4|8
4|7
4|6
4|5
4|4
5|11
5|10
5|9
5|8
5|7
5|6
5|5
2|9
6|11
6|10
6|9
6|8
6|7
6|6
2|9
2|9
7|11
7|10
7|9
7|8
7|7
2|9
2|9
2|9
0|12
0|11
0|10
0|9
0|8
0|7
0|6
0|5
1|12
1|11
1|10
1|9
1|8
1|7
1|6
1|5
2|12
2|11
2|10
2|9
2|8
2|7
2|6
2|5
3|12
3|11
3|10
3|9
3|8
3|7
3|6
3|5
4|12
4|11
4|10
4|9
4|8
4|7
4|6
4|5
5|12
5|11
5|10
5|9
5|8
5|7
5|6
5|5
6|12
6|11
6|10
6|9
6|8
6|7
6|6
2|10
7|12
7|11
7|10
7|9
7|8
7|7
2|10
2|10
0|13
0|12
0|11
0|10
0|9
0|8
0|7
0|6
1|13
1|12
1|11
1|10
1|9
1|8
1|7
1|6
2|13
2|12
2|11
2|10
2|9
2|8
2|7
2|6
3|13
3|12
3|11
3|10
3|9
3|8
3|7
3|6
4|13
4|12
4|11
4|10
4|9
4|8
4|7
4|6
5|13
5|12
5|11
5|10
5|9
5|8
5|7
5|6
6|13
6|12
6|11
6|10
6|9
6|8
6|7
6|6
7|13
7|12
7|11
7|10
7|9
7|8
7|7
2|11
0|14
0|13
0|12
0|11
0|10
0|9
0|8
0|7
1|14
1|13
1|12
1|11
1|10
1|9
1|8
1|7
2|14
2|13
2|12
2|11
2|10
2|9
2|8
2|7
3|14
3|13
3|12
3|11
3|10
3|9
3|8
3|7
4|14
4|13
4|12
4|11
4|10
4|9
4|8
4|7
5|14
5|13
5|12
5|11
5|10
5|9
5|8
5|7
6|14
6|13
6|12
6|11
6|10
6|9
6|8
6|7
7|14
7|13
7|12
7|11
7|10
7|9
7|8
7|7
3|-3
3|-3
3|-3
3|-3
3|-3
3|-3
3|-3
3|-3
3|-3
3|-3
3|-3
3|-3
3|-3
3|-3
3|-3
3|-3
3|-3
3|-3
3|-3
3|-3
3|-3
3|-3
3|-3
3|-3
3|-3
3|-3
3|-3
3|-3
3|-3
3|-3
3|-3
3|-3
3|-3
3|-3
3|-3
3|-3
3|-3
3|-3
3|-3
3|-3
3|-3
3|-3
3|-3
3|-3
3|-3
3|-3
3|-3
3|-3
3|-3
3|-3
3|-3
3|-3
3|-3
3|-3
3|-3
3|-3
3|-3
3|-3
3|-3
3|-3
3|-3
3|-3
3|-3
3|-3
3|-2
3|-2
3|-2
3|-2
3|-2
3|-2
3|-2
3|-2
3|-2
3|-2
3|-2
3|-2
3|-2
3|-2
3|-2
3|-2
3|-2
3|-2
3|-2
3|-2
3|-2
3|-2
3|-2
3|-2
3|-2
3|-2
3|-2
3|-2
3|-2
3|-2
3|-2
3|-2
3|-2
3|-2
3|-2
3|-2
3|-2
3|-2
3|-2
3|-2
3|-2
3|-2
3|-2
3|-2
3|-2
3|-2
3|-2
3|-2
3|-2
3|-2
3|-2
3|-2
3|-2
3|-2
3|-2
3|-2
3|-2
3|-2
3|-2
3|-2
3|-2
3|-2
3|-2
3|-2
1|1
3|-1
3|-1
3|-1
3|-1
3|-1
3|-1
3|-1
3|-1
3|-1
3|-1
3|-1
3|-1
3|-1
3|-1
3|-1
3|-1
3|-1
3|-1
3|-1
3|-1
3|-1
3|-1
3|-1
3|-1
3|-1
3|-1
3|-1
3|-1
3|-1
3|-1
3|-1
3|-1
3|-1
3|-1
3|-1
3|-1
3|-1
3|-1
3|-1
3|-1
3|-1
3|-1
3|-1
3|-1
3|-1
3|-1
3|-1
3|-1
3|-1
3|-1
3|-1
3|-1
3|-1
3|-1
3|-1
3|-1
3|-1
3|-1
3|-1
3|-1
3|-1
3|-1
3|-1
1|2
1|1
3|0
3|0
3|0
3|0
3|0
3|0
2|2
3|0
3|0
3|0
3|0
3|0
3|0
3|0
3|0
3|0
3|0
3|0
3|0
3|0
3|0
3|0
3|0
3|0
3|0
3|0
3|0
3|0
3|0
3|0
3|0
3|0
3|0
3|0
3|0
3|0
3|0
3|0
3|0
3|0
3|0
3|0
3|0
3|0
3|0
3|0
3|0
3|0
3|0
3|0
3|0
3|0
3|0
3|0
3|0
3|0
3|0
3|0
3|0
3|0
3|0
3|0
1|3
1|2
1|1
3|1
3|1
3|1
3|1
3|1
2|3
2|2
3|1
3|1
3|1
3|1
3|1
3|1
3|3
3|1
3|1
3|1
3|1
3|1
3|1
3|1
3|1
3|1
3|1
3|1
3|1
3|1
3|1
3|1
3|1
3|1
3|1
3|1
3|1
3|1
3|1
3|1
3|1
3|1
3|1
3|1
3|1
3|1
3|1
3|1
3|1
3|1
3|1
3|1
3|1
3|1
3|1
3|1
3|1
3|1
3|1
3|1
3|1
3|1
3|1
3|1
1|4
1|3
1|2
1|1
3|2
3|2
3|2
3|2
2|4
2|3
2|2
3|2
3|2
3|2
3|2
3|2
3|4
3|3
3|2
3|2
3|2
3|2
3|2
3|2
4|4
3|2
3|2
3|2
3|2
3|2
3|2
3|2
3|2
3|2
3|2
3|2
3|2
3|2
3|2
3|2
3|2
3|2
3|2
3|2
3|2
3|2
3|2
3|2
3|2
3|2
3|2
3|2
3|2
3|2
3|2
3|2
3|2
3|2
3|2
3|2
3|2
3|2
3|2
3|2
1|5
1|4
1|3
1|2
1|1
3|3
3|3
3|3
2|5
2|4
2|3
2|2
3|3
3|3
3|3
3|3
3|5
3|4
3|3
3|3
3|3
3|3
3|3
3|3
4|5
4|4
3|3
3|3
3|3
3|3
3|3
3|3
5|5
3|3
3|3
3|3
3|3
3|3
3|3
3|3
3|3
3|3
3|3
3|3
3|3
3|3
3|3
3|3
3|3
3|3
3|3
3|3
3|3
3|3
3|3
3|3
3|3
3|3
3|3
3|3
3|3
3|3
3|3
3|3
1|6
1|5
1|4
1|3
1|2
1|1
3|4
3|4
2|6
2|5
2|4
2|3
2|2
3|4
3|4
3|4
3|6
3|5
3|4
3|3
3|4
3|4
3|4
3|4
4|6
4|5
4|4
3|4
3|4
3|4
3|4
3|4
5|6
5|5
3|4
3|4
3|4
3|4
3|4
3|4
6|6
3|4
3|4
3|4
3|4
3|4
3|4
3|4
3|4
3|4
3|4
3|4
3|4
3|4
3|4
3|4
3|4
3|4
3|4
3|4
3|4
3|4
3|4
3|4
1|7
1|6
1|5
1|4
1|3
1|2
1|1
3|5
2|7
2|6
2|5
2|4
2|3
2|2
3|5
3|5
3|7
3|6
3|5
3|4
3|3
3|5
3|5
3|5
4|7
4|6
4|5
4|4
3|5
3|5
3|5
3|5
5|7
5|6
5|5
3|5
3|5
3|5
3|5
3|5
6|7
6|6
3|5
3|5
3|5
3|5
3|5
3|5
7|7
3|5
3|5
3|5
3|5
3|5
3|5
3|5
3|5
3|5
3|5
3|5
3|5
3|5
3|5
3|5
1|8
1|7
1|6
1|5
1|4
1|3
1|2
1|1
2|8
2|7
2|6
2|5
2|4
2|3
2|2
3|6
3|8
3|7
3|6
3|5
3|4
3|3
3|6
3|6
4|8
4|7
4|6
4|5
4|4
3|6
3|6
3|6
5|8
5|7
5|6
5|5
3|6
3|6
3|6
3|6
6|8
6|7
6|6
3|6
3|6
3|6
3|6
3|6
7|8
7|7
3|6
3|6
3|6
3|6
3|6
3|6
8|8
3|6
3|6
3|6
3|6
3|6
3|6
3|6
1|9
1|8
1|7
1|6
1|5
1|4
1|3
1|2
2|9
2|8
2|7
2|6
2|5
2|4
2|3
2|2
3|9
3|8
3|7
3|6
3|5
3|4
3|3
3|7
4|9
4|8
4|7
4|6
4|5
4|4
3|7
3|7
5|9
5|8
5|7
5|6
5|5
3|7
3|7
3|7
6|9
6|8
6|7
6|6
3|7
3|7
3|7
3|7
7|9
7|8
7|7
3|7
3|7
3|7
3|7
3|7
8|9
8|8
3|7
3|7
3|7
3|7
3|7
3|7
1|10
1|9
1|8
1|7
1|6
1|5
1|4
1|3
2|10
2|9
2|8
2|7
2|6
2|5
2|4
2|3
3|10
3|9
3|8
3|7
3|6
3|5
3|4
3|3
4|10
4|9
4|8
4|7
4|6
4|5
4|4
3|8
5|10
5|9
5|8
5|7
5|6
5|5
3|8
3|8
6|10
6|9
6|8
6|7
6|6
3|8
3|8
3|8
7|10
7|9
7|8
7|7
3|8
3|8
3|8
3|8
8|10
8|9
8|8
3|8
3|8
3|8
3|8
3|8
1|11
1|10
1|9
1|8
1|7
1|6
1|5
1|4
2|11
2|10
2|9
2|8
2|7
2|6
2|5
2|4
3|11
3|10
3|9
3|8
3|7
3|6
3|5
3|4
4|11
4|10
4|9
4|8
4|7
4|6
4|5
4|4
5|11
5|10
5|9
5|8
5|7
5|6
5|5
3|9
6|11
6|10
6|9
6|8
6|7
6|6
3|9
3|9
7|11
7|10
7|9
7|8
7|7
3|9
3|9
3|9
8|11
8|10
8|9
8|8
3|9
3|9
3|9
3|9
1|12
1|11
1|10
1|9
1|8
1|7
1|6
1|5
2|12
2|11
2|10
2|9
2|8
2|7
2|6
2|5
3|12
3|11
3|10
3|9
3|8
3|7
3|6
3|5
4|12
4|11
4|10
4|9
4|8
4|7
4|6
4|5
5|12
5|11
5|10
5|9
5|8
5|7
5|6
5|5
6|12
6|11
6|10
6|9
6|8
6|7
6|6
3|10
7|12
7|11
7|10
7|9
7|8
7|7
3|10
3|10
8|12
8|11
8|10
8|9
8|8
3|10
3|10
3|10
1|13
1|12
1|11
1|10
1|9
1|8
1|7
1|6
2|13
2|12
2|11
2|10
2|9
2|8
2|7
2|6
3|13
3|12
3|11
3|10
3|9
3|8
3|7
3|6
4|13
4|12
4|11
4|10
4|9
4|8
4|7
4|6
5|13
5|12
5|11
5|10
5|9
5|8
5|7
5|6
6|13
6|12
6|11
6|10
6|9
6|8
6|7
6|6
7|13
7|12
7|11
7|10
7|9
7|8
7|7
3|11
8|13
8|12
8|11
8|10
8|9
8|8
3|11
3|11
1|14
1|13
1|12
1|11
1|10
1|9
1|8
1|7
2|14
2|13
2|12
2|11
2|10
2|9
2|8
2|7
3|14
3|13
3|12
3|11
3|10
3|9
3|8
3|7
4|14
4|13
4|12
4|11
4|10
4|9
4|8
4|7
5|14
5|13
5|12
5|11
5|10
5|9
5|8
5|7
6|14
6|13
6|12
6|11
6|10
6|9
6|8
6|7
7|14
7|13
7|12
7|11
7|10
7|9
7|8
7|7
8|14
8|13
8|12
8|11
8|10
8|9
8|8
3|12
